POS,Name,First Name,Last Name,ORG,HT,WT,B,T,VAL,CTM,CFR,CYear,CEra,ST,CID,Tier,Title,L10,VAR,VLvl,BABIP,GAP,POW,EYE,K's,BA vL,GAP vL,POW vL,EYE vL,K vL,BA vR,GAP vR,POW vR,EYE vR,K vR,BUN,BFH,BBT,GBT,FBT,STU,CON,PBABIP,HRA,STU vL,CON vL,PBABIP vL,HRA vL,STU vR,CON vR,PBABIP vR,HRA vR,FB,CH,CB,SL,SI,SP,CT,FO,CC,SC,KC,KN,PIT,G/F,VELO,Slot,PT,STM,HLD,C ABI,C FRM,C ARM,IF RNG,IF ERR,IF ARM,TDP,OF RNG,OF ERR,OF ARM,P,C,1B,2B,3B,SS,LF,CF,RF,P Pot,C Pot,1B Pot,2B Pot,3B Pot,SS Pot,LF Pot,CF Pot,RF Pot,SPE,SR,STE,RUN,G,GS,PA,AB,H,1B_1,2B_1,3B_1,HR,RBI,R,BB,IBB,HP,SH,SF,CI,K,GIDP,RC,WPA,wRC,wRAA,WAR,PI/PA,SB,CS,wSB,UBR,G_1,GS_1,W,L,HLD_1,SD,MD,IP,BF,AB_1,1B_2,2B_2,3B_2,HR_1,R_1,ER,BB_1,IBB_1,K_1,HP_1,SH_1,SF_1,WP,BK,CI_1,DP,GF,IR,IRS,pLi,PI,GB,FB_1,SB_1,CS_1,WPA_1,WAR_1,rWAR,SIERA,G_2,GS_2,TC,A,PO,E,DP_1,TP,RNG,ZR,EFF,SBA,RTO,IP_1,PB,CER,BIZ-R,BIZ-Rm,BIZ-L,BIZ-Lm,BIZ-E,BIZ-Em,BIZ-U,BIZ-Um,BIZ-Z,BIZ-Zm,FRM,ARM
SP,CC Sabathia,CC,Sabathia,Madison Moundsmen - CG,6' 6',300 lbs,L,L,101,Milwaukee Brewers,MIL,2008,2005-2014,ME,86350,Perfect,Trade Deadliners - Baseball Reference 6  SP CC Sabathia  MIL  2008,0,N,0,71,66,110,4,60,120,10,10,4,31,48,74,140,4,65,28,1,Normal,Pull,Pull,127,126,127,139,161,111,115,160,116,131,131,131,130,111,-,104,136,-,-,-,-,-,-,-,4,NEU,97-99,3/4,Normal,105,62,-,-,-,27,14,20,20,5,6,4,48,-,-,-,-,-,-,-,-,48,-,-,-,-,-,-,-,-,12,4,6,20,,,0,0,0,0,0,0,0,0,0,0,0,0,0,0,0,0,0,0.0,0.00,0,-0.0,0.0,0.00,0,0,0.0,0.0,35,35,20,8,0,0,0,242.1,983,906,153,37,7,15,77,76,59,0,207,10,2,6,6,1,0,24,0,0,0,1.00,3765,245,242,10,2,2.9,6.4,8.6,3.59,35,35,28,19,9,0,0,0,1.04,-0.6,.964,12,2,242.1,0,0,17,14,7,4,1,1,0,0,0,0,-1.9,0.0
SP,Cannonball Morris,Cannonball,Morris,Madison Moundsmen - CG,5' 7',165 lbs,S,L,102,Pittsburgh Alleghenys,PIT,1886,2026,LE,86573,Perfect,Limited Edition/39  SP Cannonball Morris  PT1  1886,0,N,0,16,119,63,50,75,16,121,64,51,77,16,119,63,50,75,71,51,Line Drive,Normal,Normal,129,141,132,136,127,148,127,143,129,139,133,134,115,123,144,-,-,-,-,-,-,-,-,-,3,NEU,91-93,3/4,Normal,120,61,-,-,-,25,27,26,27,10,3,7,61,-,-,-,-,-,-,-,-,61,-,-,-,-,-,-,-,-,76,76,91,91,,,0,0,0,0,0,0,0,0,0,0,0,0,0,0,0,0,0,0.0,0.00,0,-0.0,0.0,0.00,0,0,0.0,0.0,35,35,22,10,0,0,0,234.1,957,889,142,51,4,14,84,78,55,0,187,7,1,5,7,1,0,24,0,0,0,0.97,3769,248,239,6,4,2.7,6.2,7.1,3.77,35,35,35,19,15,1,1,0,1.31,0.9,.975,10,4,234.1,0,0,26,22,5,3,0,0,0,0,0,0,-1.9,0.0
SP,Johan Santana,Johan,Santana,Houston Swangas,6' 0',210 lbs,L,L,101,Minnesota Twins,MIN,2006,2005-2014,CS,86278,Perfect,Clubhouse - Historical All-Star  SP Johan Santana  MIN  2006,0,N,0,1,2,1,2,1,1,1,1,1,1,1,3,1,3,1,25,1,Normal,Spray,Spray,141,120,124,119,124,110,108,115,147,124,130,121,121,-,-,117,-,-,-,-,158,-,-,-,3,FB,93-95,3/4,Normal,96,66,-,-,-,35,18,25,23,4,1,5,62,-,-,-,-,-,-,-,-,62,-,-,-,-,-,-,-,-,5,3,6,6,,,0,0,0,0,0,0,0,0,0,0,0,0,0,0,0,0,0,0.0,0.00,0,-0.0,0.0,0.00,0,0,0.0,0.0,35,35,22,6,0,0,0,227.0,938,866,144,44,2,17,86,83,59,0,191,4,2,7,5,1,0,17,0,0,0,1.00,3596,229,234,6,3,2.3,5.4,6.4,3.72,35,35,31,19,11,1,1,0,1.19,1.4,1.077,9,3,227.0,0,0,18,16,4,3,0,0,0,0,0,0,-0.8,0.0
SP,CC Sabathia,CC,Sabathia,Gastonia Peaches,6' 6',300 lbs,L,L,101,Milwaukee Brewers,MIL,2008,2005-2014,ME,86350,Perfect,Trade Deadliners - Baseball Reference 6  SP CC Sabathia  MIL  2008,0,N,0,71,66,110,4,60,120,10,10,4,31,48,74,140,4,65,28,1,Normal,Pull,Pull,127,126,127,139,161,111,115,160,116,131,131,131,130,111,-,104,136,-,-,-,-,-,-,-,4,NEU,97-99,3/4,Normal,105,62,-,-,-,27,14,20,20,5,6,4,48,-,-,-,-,-,-,-,-,48,-,-,-,-,-,-,-,-,12,4,6,20,,,0,0,0,0,0,0,0,0,0,0,0,0,0,0,0,0,0,0.0,0.00,0,-0.0,0.0,0.00,0,0,0.0,0.0,31,26,16,4,0,0,0,189.0,758,696,107,25,4,12,64,58,40,0,173,11,5,6,7,0,0,12,5,7,1,0.99,2911,184,188,13,5,1.6,5.3,6.1,3.27,31,26,33,17,10,6,0,0,1.29,-2.2,.658,18,5,189.0,0,0,18,14,5,2,1,0,0,0,0,0,-1.6,0.0
SP,Satchel Paige,Satchel,Paige,Washington Border Collies,6' 3',180 lbs,R,R,100,Kansas City Monarchs,KCM,1944,1921-1945,CS,84844,Perfect,Clubhouse - Negro League Star  SP Satchel Paige  KCM  1944,0,N,0,57,71,1,37,46,57,77,1,52,43,57,69,1,33,47,51,26,Normal,Spray,Normal,125,95,115,118,119,99,112,117,130,93,117,118,103,92,122,109,-,-,-,103,-,120,120,-,7,NEU,94-96,3/4,Normal,96,63,1,1,1,29,32,29,25,5,10,2,71,-,56,-,-,-,-,-,-,71,-,56,-,-,-,-,-,-,43,4,11,29,,,0,0,0,0,0,0,0,0,0,0,0,0,0,0,0,0,0,0.0,0.00,0,-0.0,0.0,0.00,0,0,0.0,0.0,32,32,13,12,0,0,0,204.1,875,796,146,35,4,14,90,88,66,0,189,8,2,3,9,1,0,13,0,0,0,1.01,3336,203,202,8,3,-0.8,5.2,4.8,3.70,32,32,31,14,16,1,0,0,1.32,1.0,1.077,11,3,204.1,0,0,9,8,6,5,1,1,0,0,0,0,-2.4,0.0
SP,Cliff Lee,Cliff,Lee,Webster Groves Supercells,6' 3',205 lbs,L,L,100,Philadelphia Phillies,PHI,2011,2005-2014,BBR,85693,Perfect,June Gems - Baseball Reference 3  SP Cliff Lee  PHI  2011,0,Y,5,13,20,20,16,12,8,21,31,9,7,15,20,17,18,14,54,5,Normal,Spray,Spray,136,138,102,127,118,161,124,128,142,131,97,127,111,111,104,-,132,-,72,-,-,-,-,-,5,NEU,91-93,3/4,Normal,84,63,-,-,-,24,14,20,23,1,3,5,49,-,-,-,-,-,-,-,-,49,-,-,-,-,-,-,-,-,55,54,67,50,,,0,0,0,0,0,0,0,0,0,0,0,0,0,0,0,0,0,0.0,0.00,0,-0.0,0.0,0.00,0,0,0.0,0.0,34,34,15,8,0,0,0,195.2,857,793,160,35,6,15,98,89,52,0,188,7,2,3,14,1,0,13,0,0,0,1.05,3357,179,201,11,1,-1.6,5.2,3.1,3.48,34,34,29,14,14,1,1,0,1.29,-2.3,.912,12,1,195.2,0,0,15,11,5,1,2,1,0,0,0,0,-2.0,0.0
SP,CC Sabathia,CC,Sabathia,Canterbury Tails,6' 6',300 lbs,L,L,101,Milwaukee Brewers,MIL,2008,2005-2014,ME,86350,Perfect,Trade Deadliners - Baseball Reference 6  SP CC Sabathia  MIL  2008,0,N,0,71,66,110,4,60,120,10,10,4,31,48,74,140,4,65,28,1,Normal,Pull,Pull,127,126,127,139,161,111,115,160,116,131,131,131,130,111,-,104,136,-,-,-,-,-,-,-,4,NEU,97-99,3/4,Normal,105,62,-,-,-,27,14,20,20,5,6,4,48,-,-,-,-,-,-,-,-,48,-,-,-,-,-,-,-,-,12,4,6,20,,,0,0,0,0,0,0,0,0,0,0,0,0,0,0,0,0,0,0.0,0.00,0,-0.0,0.0,0.00,0,0,0.0,0.0,36,35,14,8,0,0,0,227.2,956,868,142,44,4,16,91,83,75,0,193,5,2,6,10,1,0,18,1,0,0,1.03,3760,243,219,14,2,1.5,5.0,5.8,3.92,36,35,42,25,15,2,0,0,1.58,-0.8,1.032,16,2,227.2,0,0,22,19,8,5,2,1,0,0,0,0,-1.4,0.0
SP,Cy Young,Cy,Young,Maple Madness,6' 2',210 lbs,R,R,102,Cleveland Spiders,CLE,1895,2026,HOF,86572,Perfect,Young & Old 2 - Hall of Fame  SP Cy Young  CL4  1895,0,N,0,32,72,1,24,94,45,41,1,51,121,27,80,1,9,88,35,6,Normal,Pull,Pull,118,151,142,130,118,148,142,123,117,154,142,135,111,79,122,90,-,-,-,-,-,121,-,-,5,NEU,92-94,OTT,Normal,114,60,-,-,-,48,39,47,36,3,3,3,90,-,-,-,-,-,-,-,-,90,-,-,-,-,-,-,-,-,75,81,68,86,,,0,0,0,0,0,0,0,0,0,0,0,0,0,0,0,0,0,0.0,0.00,0,-0.0,0.0,0.00,0,0,0.0,0.0,36,36,15,6,0,0,0,229.2,945,872,139,40,3,23,96,89,56,0,206,6,5,6,7,0,0,12,0,0,0,1.01,3833,200,261,15,5,1.3,4.9,5.4,3.45,36,36,20,12,8,0,0,0,0.78,-0.0,1.077,20,5,229.2,0,0,13,10,2,2,0,0,0,0,0,0,-2.6,0.0
SP,Cy Young,Cy,Young,Laffy Comedians - CG,6' 2',210 lbs,R,R,102,Cleveland Spiders,CLE,1895,2026,HOF,86572,Perfect,Young & Old 2 - Hall of Fame  SP Cy Young  CL4  1895,0,N,0,32,72,1,24,94,45,41,1,51,121,27,80,1,9,88,35,6,Normal,Pull,Pull,118,151,142,130,118,148,142,123,117,154,142,135,111,79,122,90,-,-,-,-,-,121,-,-,5,NEU,92-94,OTT,Normal,114,60,-,-,-,48,39,47,36,3,3,3,90,-,-,-,-,-,-,-,-,90,-,-,-,-,-,-,-,-,75,81,68,86,,,0,0,0,0,0,0,0,0,0,0,0,0,0,0,0,0,0,0.0,0.00,0,-0.0,0.0,0.00,0,0,0.0,0.0,35,35,16,6,0,0,0,228.2,929,862,138,37,4,20,95,82,55,0,183,5,1,6,7,2,0,23,0,0,0,0.95,3608,244,228,10,3,0.5,4.7,5.3,3.77,35,35,43,17,23,3,4,0,1.57,-0.2,.964,13,3,228.2,0,0,16,16,9,3,1,1,0,0,0,0,-2.4,0.0
SP,CC Sabathia,CC,Sabathia,Webster Groves Supercells,6' 6',300 lbs,L,L,101,Milwaukee Brewers,MIL,2008,2005-2014,ME,86350,Perfect,Trade Deadliners - Baseball Reference 6  SP CC Sabathia  MIL  2008,0,N,0,71,66,110,4,60,120,10,10,4,31,48,74,140,4,65,28,1,Normal,Pull,Pull,127,126,127,139,161,111,115,160,116,131,131,131,130,111,-,104,136,-,-,-,-,-,-,-,4,NEU,97-99,3/4,Normal,105,62,-,-,-,27,14,20,20,5,6,4,48,-,-,-,-,-,-,-,-,48,-,-,-,-,-,-,-,-,12,4,6,20,,,0,0,0,0,0,0,0,0,0,0,0,0,0,0,0,0,0,0.0,0.00,0,-0.0,0.0,0.00,0,0,0.0,0.0,37,37,19,9,0,0,0,227.1,964,862,149,45,6,14,99,97,74,0,173,13,6,9,5,2,0,17,0,0,0,1.07,3833,247,232,10,6,1.2,4.7,5.2,4.22,37,37,30,18,10,2,3,0,1.11,0.8,1.014,16,6,227.1,0,0,20,18,3,0,0,0,0,0,0,0,-1.8,0.0
SP,CC Sabathia,CC,Sabathia,Tulsa Doom,6' 6',300 lbs,L,L,101,Milwaukee Brewers,MIL,2008,2005-2014,ME,86350,Perfect,Trade Deadliners - Baseball Reference 6  SP CC Sabathia  MIL  2008,0,N,0,71,66,110,4,60,120,10,10,4,31,48,74,140,4,65,28,1,Normal,Pull,Pull,127,126,127,139,161,111,115,160,116,131,131,131,130,111,-,104,136,-,-,-,-,-,-,-,4,NEU,97-99,3/4,Normal,105,62,-,-,-,27,14,20,20,5,6,4,48,-,-,-,-,-,-,-,-,48,-,-,-,-,-,-,-,-,12,4,6,20,,,0,0,0,0,0,0,0,0,0,0,0,0,0,0,0,0,0,0.0,0.00,0,-0.0,0.0,0.00,0,0,0.0,0.0,32,32,12,15,0,0,0,192.2,814,748,124,57,3,14,100,97,55,0,155,1,3,7,10,2,0,19,0,0,0,0.95,3218,217,180,6,2,-1.7,4.4,2.4,3.96,32,32,30,13,14,3,1,0,1.26,0.2,.994,8,2,192.2,0,0,15,12,4,3,0,0,0,0,0,0,-1.6,0.0
SP,CC Sabathia,CC,Sabathia,Everett Aqua Sox,6' 6',300 lbs,L,L,101,Milwaukee Brewers,MIL,2008,2005-2014,ME,86350,Perfect,Trade Deadliners - Baseball Reference 6  SP CC Sabathia  MIL  2008,0,N,0,71,66,110,4,60,120,10,10,4,31,48,74,140,4,65,28,1,Normal,Pull,Pull,127,126,127,139,161,111,115,160,116,131,131,131,130,111,-,104,136,-,-,-,-,-,-,-,4,NEU,97-99,3/4,Normal,105,62,-,-,-,27,14,20,20,5,6,4,48,-,-,-,-,-,-,-,-,48,-,-,-,-,-,-,-,-,12,4,6,20,,,0,0,0,0,0,0,0,0,0,0,0,0,0,0,0,0,0,0.0,0.00,0,-0.0,0.0,0.00,0,0,0.0,0.0,36,36,13,12,0,0,0,217.0,894,821,140,37,1,19,89,86,59,0,174,6,4,4,9,0,0,14,0,0,0,1.01,3452,219,231,15,5,1.3,4.4,5.3,3.89,36,36,34,21,12,1,1,0,1.37,0.7,1.077,20,5,217.0,0,0,13,11,12,9,2,2,0,0,0,0,-3.0,0.0
SP,CC Sabathia,CC,Sabathia,Tampa Bay Yankees 22,6' 6',300 lbs,L,L,101,Milwaukee Brewers,MIL,2008,2005-2014,ME,86350,Perfect,Trade Deadliners - Baseball Reference 6  SP CC Sabathia  MIL  2008,0,N,0,71,66,110,4,60,120,10,10,4,31,48,74,140,4,65,28,1,Normal,Pull,Pull,127,126,127,139,161,111,115,160,116,131,131,131,130,111,-,104,136,-,-,-,-,-,-,-,4,NEU,97-99,3/4,Normal,105,62,-,-,-,27,14,20,20,5,6,4,48,-,-,-,-,-,-,-,-,48,-,-,-,-,-,-,-,-,12,4,6,20,,,0,0,0,0,0,0,0,0,0,0,0,0,0,0,0,0,0,0.0,0.00,0,-0.0,0.0,0.00,0,0,0.0,0.0,31,31,15,5,0,0,0,204.1,872,802,136,52,2,19,96,86,54,0,184,10,1,4,8,0,1,11,0,0,0,1.01,3373,211,194,13,4,1.8,4.3,3.6,3.61,31,31,30,19,8,3,1,0,1.19,-0.8,.923,17,4,204.1,0,0,18,17,4,0,1,1,0,0,0,0,-1.2,0.0
SP,Johan Santana,Johan,Santana,Englewood Pirates,6' 0',210 lbs,L,L,101,Minnesota Twins,MIN,2006,2005-2014,CS,86278,Perfect,Clubhouse - Historical All-Star  SP Johan Santana  MIN  2006,0,N,0,1,2,1,2,1,1,1,1,1,1,1,3,1,3,1,25,1,Normal,Spray,Spray,141,120,124,119,124,110,108,115,147,124,130,121,121,-,-,117,-,-,-,-,158,-,-,-,3,FB,93-95,3/4,Normal,96,66,-,-,-,35,18,25,23,4,1,5,62,-,-,-,-,-,-,-,-,62,-,-,-,-,-,-,-,-,5,3,6,6,,,0,0,0,0,0,0,0,0,0,0,0,0,0,0,0,0,0,0.0,0.00,0,-0.0,0.0,0.00,0,0,0.0,0.0,33,33,13,12,0,0,0,209.0,882,800,129,46,7,16,100,97,66,0,174,8,0,7,8,0,1,18,0,0,0,1.02,3509,202,222,6,2,1.0,4.3,3.5,3.95,33,33,29,16,11,2,0,0,1.16,-0.5,.898,8,2,209.0,0,0,18,15,5,2,0,0,0,0,0,0,-2.7,0.0
SP,Hilton Smith,Hilton,Smith,Waltham River Otters,6' 2',180 lbs,R,R,101,Kansas City Monarchs,KCM,1938,1921-1945,,85864,Perfect,Heart Attack - Negro League Star  SP Hilton Smith  KCM  1938,0,N,0,94,112,106,25,109,90,118,111,28,114,96,111,104,24,107,53,16,Normal,Pull,Normal,126,128,96,117,119,125,92,107,131,131,101,119,109,110,127,99,112,-,-,-,-,-,-,-,5,NEU,91-93,3/4,Normal,91,60,1,1,1,29,28,27,25,80,90,65,67,-,-,-,-,-,-,-,88,67,-,-,-,-,-,-,-,88,28,5,6,28,5,2,6,5,1,1,0,0,0,0,1,0,0,1,0,0,0,1,0,0.4,-0.04,0,-0.2,-0.1,2.17,0,0,0.0,-0.1,34,34,12,8,0,0,0,204.2,893,813,157,47,2,23,102,94,59,0,199,9,4,8,10,2,0,17,0,0,0,1.08,3493,205,181,12,4,-1.0,4.2,3.6,3.50,39,36,33,15,17,1,1,0,1.27,-0.3,1.008,16,4,226.1,0,0,18,15,7,5,1,1,1,0,0,0,-1.9,0.0
SP,Cy Young,Cy,Young,Sharpstown Bill Collectors,6' 2',210 lbs,R,R,102,Cleveland Spiders,CLE,1895,2026,HOF,86572,Perfect,Young & Old 2 - Hall of Fame  SP Cy Young  CL4  1895,0,N,0,32,72,1,24,94,45,41,1,51,121,27,80,1,9,88,35,6,Normal,Pull,Pull,118,151,142,130,118,148,142,123,117,154,142,135,111,79,122,90,-,-,-,-,-,121,-,-,5,NEU,92-94,OTT,Normal,114,60,-,-,-,48,39,47,36,3,3,3,90,-,-,-,-,-,-,-,-,90,-,-,-,-,-,-,-,-,75,81,68,86,,,0,0,0,0,0,0,0,0,0,0,0,0,0,0,0,0,0,0.0,0.00,0,-0.0,0.0,0.00,0,0,0.0,0.0,36,36,12,14,0,0,0,208.2,899,829,155,46,2,18,110,96,50,0,163,10,5,5,3,0,0,13,0,0,0,0.98,3297,217,224,7,4,-1.4,4.2,2.5,3.95,36,36,33,13,19,1,0,0,1.38,0.1,1.000,11,4,208.2,0,0,16,12,6,3,0,0,0,0,0,0,-3.2,0.0
SP,Roger Clemens,Roger,Clemens,New Haven Corsairs,6' 4',220 lbs,R,R,101,Toronto Blue Jays,TOR,1998,1993-2004,CS,86466,Perfect,Clubhouse - Baseball Reference 7  SP Roger Clemens  TOR  1998,0,N,0,1,3,1,4,2,1,3,1,4,2,1,3,1,4,2,22,1,Normal,Spray,Spray,145,97,137,146,146,84,141,137,144,111,133,153,133,78,132,110,-,90,-,123,-,-,-,-,6,GB,97-99,3/4,GB'er,97,51,-,-,-,32,40,30,19,3,10,1,78,-,-,-,-,-,-,-,-,78,-,-,-,-,-,-,-,-,15,5,6,24,,,0,0,0,0,0,0,0,0,0,0,0,0,0,0,0,0,0,0.0,0.00,0,-0.0,0.0,0.00,0,0,0.0,0.0,37,37,16,9,0,0,0,217.2,958,848,147,41,5,20,110,104,90,0,222,10,2,7,6,1,1,12,0,0,0,1.06,3840,229,182,22,4,-0.9,4.1,3.2,3.71,37,37,36,16,17,3,0,0,1.36,-1.4,.958,26,4,217.2,0,0,15,12,4,3,1,1,1,1,0,0,-3.5,0.0
SP,Roger Clemens,Roger,Clemens,Alexandria SafeZone,6' 4',220 lbs,R,R,101,Toronto Blue Jays,TOR,1998,1993-2004,CS,86466,Perfect,Clubhouse - Baseball Reference 7  SP Roger Clemens  TOR  1998,0,N,0,1,3,1,4,2,1,3,1,4,2,1,3,1,4,2,22,1,Normal,Spray,Spray,145,97,137,146,146,84,141,137,144,111,133,153,133,78,132,110,-,90,-,123,-,-,-,-,6,GB,97-99,3/4,GB'er,97,51,-,-,-,32,40,30,19,3,10,1,78,-,-,-,-,-,-,-,-,78,-,-,-,-,-,-,-,-,15,5,6,24,,,0,0,0,0,0,0,0,0,0,0,0,0,0,0,0,0,0,0.0,0.00,0,-0.0,0.0,0.00,0,0,0.0,0.0,34,34,9,10,0,0,0,201.0,865,773,143,43,4,12,113,97,74,0,161,7,3,8,9,1,0,17,0,0,0,1.05,3462,218,191,11,10,-2.0,4.1,1.8,4.22,34,34,37,16,20,1,0,0,1.61,2.1,.951,21,10,201.0,0,0,17,14,4,3,1,1,0,0,0,0,-1.8,0.0
SP,Roger Clemens,Roger,Clemens,Berlin Speed Dealers SoM,6' 4',220 lbs,R,R,101,Toronto Blue Jays,TOR,1998,1993-2004,CS,86466,Perfect,Clubhouse - Baseball Reference 7  SP Roger Clemens  TOR  1998,0,N,0,1,3,1,4,2,1,3,1,4,2,1,3,1,4,2,22,1,Normal,Spray,Spray,145,97,137,146,146,84,141,137,144,111,133,153,133,78,132,110,-,90,-,123,-,-,-,-,6,GB,97-99,3/4,GB'er,97,51,-,-,-,32,40,30,19,3,10,1,78,-,-,-,-,-,-,-,-,78,-,-,-,-,-,-,-,-,15,5,6,24,,,0,0,0,0,0,0,0,0,0,0,0,0,0,0,0,0,0,0.0,0.00,0,-0.0,0.0,0.00,0,0,0.0,0.0,33,33,7,13,0,0,0,208.1,867,784,139,26,3,19,95,89,67,0,189,10,1,5,6,2,0,19,0,0,0,1.06,3489,221,186,15,2,0.1,4.1,4.1,3.70,33,33,42,20,21,1,1,0,1.77,-0.5,1.077,17,2,208.1,0,0,19,18,2,1,2,1,0,0,0,0,-3.6,0.0
SP,CC Sabathia,CC,Sabathia,Barnstable Beasts,6' 6',300 lbs,L,L,101,Milwaukee Brewers,MIL,2008,2005-2014,ME,86350,Perfect,Trade Deadliners - Baseball Reference 6  SP CC Sabathia  MIL  2008,0,N,0,71,66,110,4,60,120,10,10,4,31,48,74,140,4,65,28,1,Normal,Pull,Pull,127,126,127,139,161,111,115,160,116,131,131,131,130,111,-,104,136,-,-,-,-,-,-,-,4,NEU,97-99,3/4,Normal,105,62,-,-,-,27,14,20,20,5,6,4,48,-,-,-,-,-,-,-,-,48,-,-,-,-,-,-,-,-,12,4,6,20,,,0,0,0,0,0,0,0,0,0,0,0,0,0,0,0,0,0,0.0,0.00,0,-0.0,0.0,0.00,0,0,0.0,0.0,33,33,12,15,0,0,0,206.0,863,792,153,34,3,18,101,90,55,0,168,6,2,8,10,1,0,20,0,0,0,0.96,3372,222,196,12,4,0.2,4.1,3.0,3.86,33,33,34,23,10,1,0,0,1.44,-0.0,1.028,16,4,206.0,0,0,22,20,5,2,1,0,0,0,0,0,-1.9,0.0
SP,CC Sabathia,CC,Sabathia,Rockford Peaches,6' 6',300 lbs,L,L,101,Milwaukee Brewers,MIL,2008,2005-2014,ME,86350,Perfect,Trade Deadliners - Baseball Reference 6  SP CC Sabathia  MIL  2008,0,N,0,71,66,110,4,60,120,10,10,4,31,48,74,140,4,65,28,1,Normal,Pull,Pull,127,126,127,139,161,111,115,160,116,131,131,131,130,111,-,104,136,-,-,-,-,-,-,-,4,NEU,97-99,3/4,Normal,105,62,-,-,-,27,14,20,20,5,6,4,48,-,-,-,-,-,-,-,-,48,-,-,-,-,-,-,-,-,12,4,6,20,,,0,0,0,0,0,0,0,0,0,0,0,0,0,0,0,0,0,0.0,0.00,0,-0.0,0.0,0.00,0,0,0.0,0.0,36,36,16,12,0,0,0,230.1,967,884,147,43,5,23,104,97,65,0,191,9,1,8,7,1,0,19,0,0,0,1.00,3824,229,243,28,3,1.0,4.0,4.4,3.86,36,36,38,15,21,2,0,0,1.41,-2.4,1.077,31,3,230.1,0,0,22,18,8,5,0,0,0,0,0,0,-3.0,0.0
SP,Orel Hershiser,Orel,Hershiser,Mount Pleasant Mounties,6' 3',190 lbs,R,R,102,Los Angeles Dodgers,LAD,1988,1980-1992,CS,83135,Perfect,Clubhouse - Baseball Reference 8  SP Orel Hershiser  LAD  1988,0,N,0,52,46,4,34,33,67,41,4,33,35,45,48,4,35,33,58,6,Normal,Spray,Spray,117,148,151,151,105,146,160,147,128,150,144,154,-,-,126,-,127,-,102,-,-,-,92,-,4,GB,89-91,3/4,GB'er,100,87,-,-,-,34,18,25,24,3,6,9,61,-,-,-,-,-,-,-,-,61,-,-,-,-,-,-,-,-,44,42,58,39,,,0,0,0,0,0,0,0,0,0,0,0,0,0,0,0,0,0,0.0,0.00,0,-0.0,0.0,0.00,0,0,0.0,0.0,21,21,7,8,0,0,0,136.0,560,512,90,22,3,5,54,52,36,0,120,9,0,3,7,1,0,12,0,0,0,0.99,2166,171,98,4,5,1.7,4.0,3.4,3.70,21,21,27,10,15,2,1,0,1.65,2.4,1.197,9,5,136.0,0,0,7,7,3,3,0,0,0,0,0,0,-1.8,0.0
SP,Roger Clemens,Roger,Clemens,Gastonia Peaches,6' 4',220 lbs,R,R,101,Toronto Blue Jays,TOR,1998,1993-2004,CS,86466,Perfect,Clubhouse - Baseball Reference 7  SP Roger Clemens  TOR  1998,0,N,0,1,3,1,4,2,1,3,1,4,2,1,3,1,4,2,22,1,Normal,Spray,Spray,145,97,137,146,146,84,141,137,144,111,133,153,133,78,132,110,-,90,-,123,-,-,-,-,6,GB,97-99,3/4,GB'er,97,51,-,-,-,32,40,30,19,3,10,1,78,-,-,-,-,-,-,-,-,78,-,-,-,-,-,-,-,-,15,5,6,24,,,0,0,0,0,0,0,0,0,0,0,0,0,0,0,0,0,0,0.0,0.00,0,-0.0,0.0,0.00,0,0,0.0,0.0,34,34,12,16,0,0,0,204.0,894,800,158,37,4,16,114,107,75,0,179,7,4,8,11,1,0,22,0,0,0,1.02,3558,235,170,24,6,-1.8,4.0,1.9,4.03,34,34,40,20,19,1,1,0,1.72,-1.4,.930,30,6,204.0,0,0,18,14,9,7,1,0,1,1,0,0,-3.8,0.0
SP,Johan Santana,Johan,Santana,Washington Border Collies,6' 0',210 lbs,L,L,101,Minnesota Twins,MIN,2006,2005-2014,CS,86278,Perfect,Clubhouse - Historical All-Star  SP Johan Santana  MIN  2006,0,N,0,1,2,1,2,1,1,1,1,1,1,1,3,1,3,1,25,1,Normal,Spray,Spray,141,120,124,119,124,110,108,115,147,124,130,121,121,-,-,117,-,-,-,-,158,-,-,-,3,FB,93-95,3/4,Normal,96,66,-,-,-,35,18,25,23,4,1,5,62,-,-,-,-,-,-,-,-,62,-,-,-,-,-,-,-,-,5,3,6,6,,,0,0,0,0,0,0,0,0,0,0,0,0,0,0,0,0,0,0.0,0.00,0,-0.0,0.0,0.00,0,0,0.0,0.0,36,36,13,12,0,0,0,211.2,925,845,157,54,2,25,122,117,68,0,201,5,2,5,6,0,0,17,0,0,0,1.03,3715,204,197,6,6,-2.5,4.0,2.2,3.66,36,36,25,16,9,0,1,0,1.06,1.6,.994,12,6,211.2,0,0,11,10,7,4,0,0,0,0,0,0,-1.8,0.0
SP,CC Sabathia,CC,Sabathia,Washington Border Collies,6' 6',300 lbs,L,L,101,Milwaukee Brewers,MIL,2008,2005-2014,ME,86350,Perfect,Trade Deadliners - Baseball Reference 6  SP CC Sabathia  MIL  2008,0,N,0,71,66,110,4,60,120,10,10,4,31,48,74,140,4,65,28,1,Normal,Pull,Pull,127,126,127,139,161,111,115,160,116,131,131,131,130,111,-,104,136,-,-,-,-,-,-,-,4,NEU,97-99,3/4,Normal,105,62,-,-,-,27,14,20,20,5,6,4,48,-,-,-,-,-,-,-,-,48,-,-,-,-,-,-,-,-,12,4,6,20,,,0,0,0,0,0,0,0,0,0,0,0,0,0,0,0,0,0,0.0,0.00,0,-0.0,0.0,0.00,0,0,0.0,0.0,35,35,10,8,0,0,0,209.2,920,827,141,58,1,21,104,92,79,0,192,4,1,8,14,0,1,20,0,0,0,1.00,3578,199,209,10,2,-1.0,4.0,3.8,3.92,35,35,33,20,13,0,0,0,1.42,-0.1,1.026,12,2,209.2,0,0,18,16,8,5,0,0,0,0,0,0,-2.2,0.0
SP,Johan Santana,Johan,Santana,Alexandria SafeZone,6' 0',210 lbs,L,L,101,Minnesota Twins,MIN,2006,2005-2014,CS,86278,Perfect,Clubhouse - Historical All-Star  SP Johan Santana  MIN  2006,0,N,0,1,2,1,2,1,1,1,1,1,1,1,3,1,3,1,25,1,Normal,Spray,Spray,141,120,124,119,124,110,108,115,147,124,130,121,121,-,-,117,-,-,-,-,158,-,-,-,3,FB,93-95,3/4,Normal,96,66,-,-,-,35,18,25,23,4,1,5,62,-,-,-,-,-,-,-,-,62,-,-,-,-,-,-,-,-,5,3,6,6,,,0,0,0,0,0,0,0,0,0,0,0,0,0,0,0,0,0,0.0,0.00,0,-0.0,0.0,0.00,0,0,0.0,0.0,34,34,12,8,0,0,0,214.1,880,797,117,38,7,19,88,76,67,0,174,5,4,7,7,1,0,15,0,0,0,0.95,3580,213,233,9,7,1.1,4.0,5.3,3.96,34,34,34,16,16,2,0,0,1.34,1.2,.958,16,7,214.1,0,0,18,16,6,3,0,0,0,0,0,0,-2.6,0.0
SP,Rick Sutcliffe,Rick,Sutcliffe,Madison Mashers - CG,6' 7',215 lbs,L,R,101,Chicago Cubs,CHC,1984,1980-1992,LE,86404,Perfect,Limited Edition/20  SP Rick Sutcliffe  CHC  1984,0,N,0,29,43,3,28,15,17,60,3,28,9,32,38,3,28,18,39,3,Normal,Pull,Pull,135,119,119,125,148,128,111,141,124,112,127,117,102,133,132,99,-,-,-,-,-,-,-,-,4,FB,90-92,3/4,Normal,81,61,-,-,-,35,42,34,26,4,2,9,82,-,-,-,-,-,-,-,-,82,-,-,-,-,-,-,-,-,7,4,6,9,,,0,0,0,0,0,0,0,0,0,0,0,0,0,0,0,0,0,0.0,0.00,0,-0.0,0.0,0.00,0,0,0.0,0.0,35,35,15,11,0,0,0,226.1,956,874,144,43,5,24,101,92,63,0,188,8,1,10,9,1,0,14,0,0,0,0.98,3661,224,237,11,2,0.3,3.9,4.5,3.86,35,35,39,18,18,3,0,0,1.43,-1.9,.887,13,2,226.1,0,0,18,13,7,3,1,1,0,0,0,0,-2.2,0.0
SP,Roger Clemens,Roger,Clemens,Tampa Bay Yankees 22,6' 4',220 lbs,R,R,101,Toronto Blue Jays,TOR,1998,1993-2004,CS,86466,Perfect,Clubhouse - Baseball Reference 7  SP Roger Clemens  TOR  1998,0,N,0,1,3,1,4,2,1,3,1,4,2,1,3,1,4,2,22,1,Normal,Spray,Spray,145,97,137,146,146,84,141,137,144,111,133,153,133,78,132,110,-,90,-,123,-,-,-,-,6,GB,97-99,3/4,GB'er,97,51,-,-,-,32,40,30,19,3,10,1,78,-,-,-,-,-,-,-,-,78,-,-,-,-,-,-,-,-,15,5,6,24,,,0,0,0,0,0,0,0,0,0,0,0,0,0,0,0,0,0,0.0,0.00,0,-0.0,0.0,0.00,0,0,0.0,0.0,32,32,12,10,0,0,0,201.1,848,753,124,33,2,14,89,84,81,0,173,7,2,5,7,1,0,12,0,0,0,1.03,3426,225,180,15,6,0.4,3.9,4.1,4.09,32,32,33,10,21,2,0,0,1.39,-0.4,.862,21,6,201.1,0,0,10,8,3,1,1,1,0,0,0,0,-2.2,0.0
SP,Johan Santana,Johan,Santana,Rockford Peaches,6' 0',210 lbs,L,L,101,Minnesota Twins,MIN,2006,2005-2014,CS,86278,Perfect,Clubhouse - Historical All-Star  SP Johan Santana  MIN  2006,0,N,0,1,2,1,2,1,1,1,1,1,1,1,3,1,3,1,25,1,Normal,Spray,Spray,141,120,124,119,124,110,108,115,147,124,130,121,121,-,-,117,-,-,-,-,158,-,-,-,3,FB,93-95,3/4,Normal,96,66,-,-,-,35,18,25,23,4,1,5,62,-,-,-,-,-,-,-,-,62,-,-,-,-,-,-,-,-,5,3,6,6,,,0,0,0,0,0,0,0,0,0,0,0,0,0,0,0,0,0,0.0,0.00,0,-0.0,0.0,0.00,0,0,0.0,0.0,32,32,15,8,0,0,0,207.0,844,778,112,38,3,26,83,80,47,0,197,7,3,9,8,0,0,15,0,0,0,1.02,3362,200,201,9,4,1.7,3.9,5.1,3.23,32,32,35,22,13,0,0,0,1.52,1.2,1.077,13,4,207.0,0,0,22,19,3,3,0,0,0,0,0,0,-2.3,0.0
SP,Johan Santana,Johan,Santana,Grover Beach Grouches,6' 0',210 lbs,L,L,101,Minnesota Twins,MIN,2006,2005-2014,CS,86278,Perfect,Clubhouse - Historical All-Star  SP Johan Santana  MIN  2006,188 986,N,0,1,2,1,2,1,1,1,1,1,1,1,3,1,3,1,25,1,Normal,Spray,Spray,141,120,124,119,124,110,108,115,147,124,130,121,121,-,-,117,-,-,-,-,158,-,-,-,3,FB,93-95,3/4,Normal,96,66,-,-,-,35,18,25,23,4,1,5,62,-,-,-,-,-,-,-,-,62,-,-,-,-,-,-,-,-,5,3,6,6,,,0,0,0,0,0,0,0,0,0,0,0,0,0,0,0,0,0,0.0,0.00,0,-0.0,0.0,0.00,0,0,0.0,0.0,32,32,18,11,0,0,0,206.0,824,754,109,37,5,22,91,89,53,0,181,8,0,9,8,1,0,23,0,0,0,0.92,3247,204,198,13,9,1.3,3.9,4.3,3.52,32,32,29,17,10,2,1,0,1.18,2.2,1.145,22,9,206.0,0,0,16,15,5,2,0,0,0,0,0,0,-2.3,0.0
SP,CC Sabathia,CC,Sabathia,Shibuya Shredders - GH,6' 6',300 lbs,L,L,101,Milwaukee Brewers,MIL,2008,2005-2014,ME,86350,Perfect,Trade Deadliners - Baseball Reference 6  SP CC Sabathia  MIL  2008,0,N,0,71,66,110,4,60,120,10,10,4,31,48,74,140,4,65,28,1,Normal,Pull,Pull,127,126,127,139,161,111,115,160,116,131,131,131,130,111,-,104,136,-,-,-,-,-,-,-,4,NEU,97-99,3/4,Normal,105,62,-,-,-,27,14,20,20,5,6,4,48,-,-,-,-,-,-,-,-,48,-,-,-,-,-,-,-,-,12,4,6,20,,,0,0,0,0,0,0,0,0,0,0,0,0,0,0,0,0,0,0.0,0.00,0,-0.0,0.0,0.00,0,0,0.0,0.0,33,33,15,9,0,0,0,219.0,934,839,144,44,5,20,102,84,71,0,183,10,8,6,8,1,0,18,0,0,0,1.08,3608,208,234,10,7,2.2,3.8,4.0,3.98,33,33,34,22,10,2,0,0,1.32,0.3,.898,17,7,219.0,0,0,16,13,7,3,1,1,0,0,0,0,-3.2,0.0
SP,Johan Santana,Johan,Santana,Canterbury Tails,6' 0',210 lbs,L,L,101,Minnesota Twins,MIN,2006,2005-2014,CS,86278,Perfect,Clubhouse - Historical All-Star  SP Johan Santana  MIN  2006,0,N,0,1,2,1,2,1,1,1,1,1,1,1,3,1,3,1,25,1,Normal,Spray,Spray,141,120,124,119,124,110,108,115,147,124,130,121,121,-,-,117,-,-,-,-,158,-,-,-,3,FB,93-95,3/4,Normal,96,66,-,-,-,35,18,25,23,4,1,5,62,-,-,-,-,-,-,-,-,62,-,-,-,-,-,-,-,-,5,3,6,6,,,0,0,0,0,0,0,0,0,0,0,0,0,0,0,0,0,0,0.0,0.00,0,-0.0,0.0,0.00,0,0,0.0,0.0,35,35,13,13,0,0,0,215.1,933,845,169,36,5,18,113,107,70,0,166,6,1,11,5,0,0,13,0,0,0,1.07,3614,216,239,14,4,-1.6,3.8,2.6,4.23,35,35,32,18,13,1,1,0,1.30,0.4,1.077,18,4,215.1,0,0,15,14,6,4,1,1,0,0,0,0,-3.5,0.0
SP,Roger Clemens,Roger,Clemens,Rockford Peaches,6' 4',220 lbs,R,R,101,Toronto Blue Jays,TOR,1998,1993-2004,CS,86466,Perfect,Clubhouse - Baseball Reference 7  SP Roger Clemens  TOR  1998,0,N,0,1,3,1,4,2,1,3,1,4,2,1,3,1,4,2,22,1,Normal,Spray,Spray,145,97,137,146,146,84,141,137,144,111,133,153,133,78,132,110,-,90,-,123,-,-,-,-,6,GB,97-99,3/4,GB'er,97,51,-,-,-,32,40,30,19,3,10,1,78,-,-,-,-,-,-,-,-,78,-,-,-,-,-,-,-,-,15,5,6,24,,,0,0,0,0,0,0,0,0,0,0,0,0,0,0,0,0,0,0.0,0.00,0,-0.0,0.0,0.00,0,0,0.0,0.0,36,36,16,10,0,0,0,229.2,963,870,144,39,7,23,108,102,76,0,191,5,3,9,10,1,0,18,0,0,0,1.02,3843,278,192,25,8,0.8,3.8,3.9,4.01,36,36,48,21,25,2,0,0,1.80,-0.4,.979,33,8,229.2,0,0,18,14,6,5,2,2,0,0,0,0,-2.3,0.0
SP,Orel Hershiser,Orel,Hershiser,Rockford Peaches,6' 3',190 lbs,R,R,102,Los Angeles Dodgers,LAD,1988,1980-1992,CS,83135,Perfect,Clubhouse - Baseball Reference 8  SP Orel Hershiser  LAD  1988,0,N,0,52,46,4,34,33,67,41,4,33,35,45,48,4,35,33,58,6,Normal,Spray,Spray,117,148,151,151,105,146,160,147,128,150,144,154,-,-,126,-,127,-,102,-,-,-,92,-,4,GB,89-91,3/4,GB'er,100,87,-,-,-,34,18,25,24,3,6,9,61,-,-,-,-,-,-,-,-,61,-,-,-,-,-,-,-,-,44,42,58,39,,,0,0,0,0,0,0,0,0,0,0,0,0,0,0,0,0,0,0.0,0.00,0,-0.0,0.0,0.00,0,0,0.0,0.0,21,21,10,6,0,0,0,141.2,593,552,107,20,1,11,51,50,37,0,130,0,2,2,5,0,0,7,0,0,0,1.07,2233,162,123,7,1,1.7,3.7,4.2,3.53,21,21,27,9,18,0,0,0,1.72,-0.5,.970,8,1,141.2,0,0,10,9,1,0,0,0,0,0,0,0,-2.4,0.0
SP,Josh Johnson,Josh,Johnson,Everett Aquasox,6' 7',245 lbs,L,R,100,Florida Marlins,FLA,2010,2005-2014,ME,86275,Perfect,All-Star Week Mission Reward  SP Josh Johnson  FLO  2010,0,N,0,1,6,1,6,3,4,3,1,7,1,1,7,1,6,4,64,5,Normal,Normal,Normal,131,113,97,138,129,88,104,130,133,140,93,145,126,118,116,125,-,-,-,-,-,-,-,-,4,NEU,94-96,3/4,Normal,72,52,-,-,-,27,38,29,23,2,10,4,74,-,-,-,-,-,-,-,-,74,-,-,-,-,-,-,-,-,5,5,6,5,,,0,0,0,0,0,0,0,0,0,0,0,0,0,0,0,0,0,0.0,0.00,0,-0.0,0.0,0.00,0,0,0.0,0.0,34,34,11,15,0,0,0,188.2,810,735,134,31,3,15,95,95,63,0,156,5,1,6,8,1,0,11,0,0,0,1.00,3276,189,208,12,1,-1.1,3.7,2.7,4.05,34,34,36,20,15,1,0,0,1.67,-0.1,1.023,13,1,188.2,0,0,15,15,8,6,1,1,0,0,0,0,-2.2,0.0
SP,Johan Santana,Johan,Santana,Madison Moundsmen - CG,6' 0',210 lbs,L,L,101,Minnesota Twins,MIN,2006,2005-2014,CS,86278,Perfect,Clubhouse - Historical All-Star  SP Johan Santana  MIN  2006,0,N,0,1,2,1,2,1,1,1,1,1,1,1,3,1,3,1,25,1,Normal,Spray,Spray,141,120,124,119,124,110,108,115,147,124,130,121,121,-,-,117,-,-,-,-,158,-,-,-,3,FB,93-95,3/4,Normal,96,66,-,-,-,35,18,25,23,4,1,5,62,-,-,-,-,-,-,-,-,62,-,-,-,-,-,-,-,-,5,3,6,6,,,0,0,0,0,0,0,0,0,0,0,0,0,0,0,0,0,0,0.0,0.00,0,-0.0,0.0,0.00,0,0,0.0,0.0,30,30,17,6,0,0,0,198.1,823,751,124,31,3,20,84,74,63,0,174,4,1,4,4,2,0,15,0,0,0,1.00,3139,193,203,12,3,1.3,3.7,4.6,3.77,30,30,32,16,15,1,1,0,1.41,-0.1,1.154,15,3,198.1,0,0,20,17,3,1,0,0,0,0,0,0,-1.1,0.0
SP,Vida Blue,Vida,Blue,Houston Swangas,6' 0',190 lbs,S,L,101,Oakland Athletics,OAK,1971,1961-1979,,85756,Perfect,SwitchKnucklers - Hardware Heroes  SP Vida Blue  ATH  1971,0,N,0,90,43,3,37,14,97,70,6,51,12,88,30,3,33,15,76,9,Groundball,Pull,Pull,130,101,137,120,119,98,121,110,133,103,142,129,107,131,132,87,-,-,-,-,-,-,-,-,4,EX FB,90-92,3/4,Normal,97,63,-,-,-,24,36,27,20,1,7,4,68,-,-,-,-,-,-,-,-,68,-,-,-,-,-,-,-,-,39,54,30,37,,,0,0,0,0,0,0,0,0,0,0,0,0,0,0,0,0,0,0.0,0.00,0,-0.0,0.0,0.00,0,0,0.0,0.0,35,35,14,10,0,0,0,219.0,936,846,131,51,7,20,92,88,82,0,187,6,0,2,2,0,0,19,0,0,0,1.08,3611,186,257,4,0,0.9,3.6,5.1,4.04,35,35,30,17,12,1,1,0,1.19,0.5,1.077,4,0,219.0,0,0,16,15,5,3,1,0,0,0,0,0,-2.2,0.0
SP,Vida Blue,Vida,Blue,Barnstable Beasts,6' 0',190 lbs,S,L,101,Oakland Athletics,OAK,1971,1961-1979,,85756,Perfect,SwitchKnucklers - Hardware Heroes  SP Vida Blue  ATH  1971,0,N,0,90,43,3,37,14,97,70,6,51,12,88,30,3,33,15,76,9,Groundball,Pull,Pull,130,101,137,120,119,98,121,110,133,103,142,129,107,131,132,87,-,-,-,-,-,-,-,-,4,EX FB,90-92,3/4,Normal,97,63,-,-,-,24,36,27,20,1,7,4,68,-,-,-,-,-,-,-,-,68,-,-,-,-,-,-,-,-,39,54,30,37,,,0,0,0,0,0,0,0,0,0,0,0,0,0,0,0,0,0,0.0,0.00,0,-0.0,0.0,0.00,0,0,0.0,0.0,33,33,12,9,0,0,0,203.1,849,762,122,37,3,20,86,83,69,0,189,8,1,9,7,1,0,17,0,0,0,1.05,3389,195,202,9,5,1.1,3.6,4.4,3.67,33,33,22,10,12,0,0,0,0.97,1.0,.979,14,5,203.1,0,0,12,12,1,0,0,0,0,0,0,0,-1.5,0.0
SP,Cannonball Morris,Cannonball,Morris,Maple Madness,5' 7',165 lbs,S,L,102,Pittsburgh Alleghenys,PIT,1886,2026,LE,86573,Perfect,Limited Edition/39  SP Cannonball Morris  PT1  1886,0,N,0,16,119,63,50,75,16,121,64,51,77,16,119,63,50,75,71,51,Line Drive,Normal,Normal,129,141,132,136,127,148,127,143,129,139,133,134,115,123,144,-,-,-,-,-,-,-,-,-,3,NEU,91-93,3/4,Normal,120,61,-,-,-,25,27,26,27,10,3,7,61,-,-,-,-,-,-,-,-,61,-,-,-,-,-,-,-,-,76,76,91,91,,,0,0,0,0,0,0,0,0,0,0,0,0,0,0,0,0,0,0.0,0.00,0,-0.0,0.0,0.00,0,0,0.0,0.0,35,35,13,7,0,0,0,214.0,914,831,148,39,4,23,99,96,64,0,185,9,1,9,6,1,0,13,0,0,0,1.04,3621,211,224,15,4,0.4,3.5,4.0,3.82,35,35,38,23,15,0,2,0,1.60,0.4,1.131,19,4,214.0,0,0,20,17,6,5,0,0,0,0,0,0,-1.9,0.0
SP,Johan Santana,Johan,Santana,Mount Pleasant Mounties,6' 0',210 lbs,L,L,101,Minnesota Twins,MIN,2006,2005-2014,CS,86278,Perfect,Clubhouse - Historical All-Star  SP Johan Santana  MIN  2006,0,N,0,1,2,1,2,1,1,1,1,1,1,1,3,1,3,1,25,1,Normal,Spray,Spray,141,120,124,119,124,110,108,115,147,124,130,121,121,-,-,117,-,-,-,-,158,-,-,-,3,FB,93-95,3/4,Normal,96,66,-,-,-,35,18,25,23,4,1,5,62,-,-,-,-,-,-,-,-,62,-,-,-,-,-,-,-,-,5,3,6,6,,,0,0,0,0,0,0,0,0,0,0,0,0,0,0,0,0,0,0.0,0.00,0,-0.0,0.0,0.00,0,0,0.0,0.0,35,35,13,11,0,0,0,208.0,885,811,143,44,5,22,86,80,62,0,174,8,0,4,7,1,0,21,0,0,0,1.04,3497,205,212,13,4,1.6,3.4,4.9,3.90,35,35,34,21,9,4,1,0,1.30,-0.2,.964,17,4,208.0,0,0,15,13,7,5,0,0,0,0,0,0,-0.8,0.0
SP,Vida Blue,Vida,Blue,Berlin Speed Dealers SoM,6' 0',190 lbs,S,L,101,Oakland Athletics,OAK,1971,1961-1979,,85756,Perfect,SwitchKnucklers - Hardware Heroes  SP Vida Blue  ATH  1971,0,N,0,90,43,3,37,14,97,70,6,51,12,88,30,3,33,15,76,9,Groundball,Pull,Pull,130,101,137,120,119,98,121,110,133,103,142,129,107,131,132,87,-,-,-,-,-,-,-,-,4,EX FB,90-92,3/4,Normal,97,63,-,-,-,24,36,27,20,1,7,4,68,-,-,-,-,-,-,-,-,68,-,-,-,-,-,-,-,-,39,54,30,37,,,0,0,0,0,0,0,0,0,0,0,0,0,0,0,0,0,0,0.0,0.00,0,-0.0,0.0,0.00,0,0,0.0,0.0,33,33,11,10,0,0,0,199.2,851,757,120,40,2,18,89,80,78,0,174,6,4,6,6,0,0,10,0,0,0,1.05,3431,190,209,12,9,0.7,3.4,4.1,4.04,33,33,33,18,13,2,0,0,1.40,2.6,1.141,21,9,199.2,0,0,15,13,7,5,0,0,1,1,0,0,-1.8,0.0
SP,Phil Niekro,Phil,Niekro,Englewood Pirates,6' 1',180 lbs,R,R,100,Atlanta Braves,ATL,1978,1961-1979,CS,85728,Perfect,Clubhouse - SwitchKnucklers - Hall of Fame  SP Phil Niekro  ATL  1978,0,N,0,80,50,14,37,46,88,41,8,26,69,77,53,17,41,35,31,2,Groundball,Normal,Normal,128,94,119,120,121,92,124,131,134,97,116,117,75,-,-,78,-,-,-,-,-,-,-,172,3,FB,86-88,3/4,Normal,99,57,-,-,-,35,41,38,39,9,6,5,83,-,-,-,-,-,-,-,-,83,-,-,-,-,-,-,-,-,5,5,6,5,,,0,0,0,0,0,0,0,0,0,0,0,0,0,0,0,0,0,0.0,0.00,0,-0.0,0.0,0.00,0,0,0.0,0.0,33,33,12,14,0,0,0,212.1,920,818,147,50,2,15,104,100,90,0,161,6,1,5,5,0,0,20,0,0,0,1.10,3677,217,223,15,4,-1.3,3.3,3.3,4.53,33,33,31,18,13,0,0,0,1.31,0.4,1.077,19,4,212.1,0,0,11,10,7,6,1,1,0,0,0,0,-3.1,0.0
SP,Roger Clemens,Roger,Clemens,New Platson Grand Petites HotL,6' 4',220 lbs,R,R,101,Toronto Blue Jays,TOR,1998,1993-2004,CS,86466,Perfect,Clubhouse - Baseball Reference 7  SP Roger Clemens  TOR  1998,0,N,0,1,3,1,4,2,1,3,1,4,2,1,3,1,4,2,22,1,Normal,Spray,Spray,145,97,137,146,146,84,141,137,144,111,133,153,133,78,132,110,-,90,-,123,-,-,-,-,6,GB,97-99,3/4,GB'er,97,51,-,-,-,32,40,30,19,3,10,1,78,-,-,-,-,-,-,-,-,78,-,-,-,-,-,-,-,-,15,5,6,24,,,0,0,0,0,0,0,0,0,0,0,0,0,0,0,0,0,0,0.0,0.00,0,-0.0,0.0,0.00,0,0,0.0,0.0,36,36,11,13,0,0,0,207.2,926,835,164,44,6,20,131,120,79,0,173,5,0,7,10,1,0,15,0,0,0,1.06,3633,251,170,3,8,-2.3,3.3,0.6,4.23,36,36,49,27,19,3,0,0,1.99,4.0,1.117,11,8,207.2,0,0,22,18,11,9,1,1,0,0,0,0,-3.1,0.0
SP,Orel Hershiser,Orel,Hershiser,Madison Mashers - CG,6' 3',190 lbs,R,R,102,Los Angeles Dodgers,LAD,1988,1980-1992,CS,83135,Perfect,Clubhouse - Baseball Reference 8  SP Orel Hershiser  LAD  1988,0,N,0,52,46,4,34,33,67,41,4,33,35,45,48,4,35,33,58,6,Normal,Spray,Spray,117,148,151,151,105,146,160,147,128,150,144,154,-,-,126,-,127,-,102,-,-,-,92,-,4,GB,89-91,3/4,GB'er,100,87,-,-,-,34,18,25,24,3,6,9,61,-,-,-,-,-,-,-,-,61,-,-,-,-,-,-,-,-,44,42,58,39,,,0,0,0,0,0,0,0,0,0,0,0,0,0,0,0,0,0,0.0,0.00,0,-0.0,0.0,0.00,0,0,0.0,0.0,21,21,8,8,0,0,0,142.2,580,539,84,35,0,9,53,50,32,0,101,5,1,3,5,0,0,13,0,0,0,1.01,2229,160,146,2,2,1.6,3.3,4.1,4.04,21,21,22,11,10,1,0,0,1.32,0.9,.970,4,2,142.2,0,0,8,7,2,2,0,0,0,0,0,0,-2.0,0.0
SP,Johan Santana,Johan,Santana,Waltham River Otters,6' 0',210 lbs,L,L,101,Minnesota Twins,MIN,2006,2005-2014,CS,86278,Perfect,Clubhouse - Historical All-Star  SP Johan Santana  MIN  2006,0,N,0,1,2,1,2,1,1,1,1,1,1,1,3,1,3,1,25,1,Normal,Spray,Spray,141,120,124,119,124,110,108,115,147,124,130,121,121,-,-,117,-,-,-,-,158,-,-,-,3,FB,93-95,3/4,Normal,96,66,-,-,-,35,18,25,23,4,1,5,62,-,-,-,-,-,-,-,-,62,-,-,-,-,-,-,-,-,5,3,6,6,,,0,0,0,0,0,0,0,0,0,0,0,0,0,0,0,0,0,0.0,0.00,0,-0.0,0.0,0.00,0,0,0.0,0.0,32,32,10,10,0,0,0,189.1,818,747,125,41,4,24,97,92,53,0,179,11,3,4,6,2,0,8,0,0,0,1.02,3257,188,186,10,4,-2.2,3.3,3.0,3.54,32,32,30,17,12,1,0,0,1.38,-0.5,.958,14,4,189.1,0,0,17,13,7,4,0,0,0,0,0,0,-1.8,0.0
SP,Josh Johnson,Josh,Johnson,Washington Border Collies,6' 7',245 lbs,L,R,100,Florida Marlins,FLA,2010,2005-2014,ME,86275,Perfect,All-Star Week Mission Reward  SP Josh Johnson  FLO  2010,0,N,0,1,6,1,6,3,4,3,1,7,1,1,7,1,6,4,64,5,Normal,Normal,Normal,131,113,97,138,129,88,104,130,133,140,93,145,126,118,116,125,-,-,-,-,-,-,-,-,4,NEU,94-96,3/4,Normal,72,52,-,-,-,27,38,29,23,2,10,4,74,-,-,-,-,-,-,-,-,74,-,-,-,-,-,-,-,-,5,5,6,5,,,0,0,0,0,0,0,0,0,0,0,0,0,0,0,0,0,0,0.0,0.00,0,-0.0,0.0,0.00,0,0,0.0,0.0,25,25,6,11,0,0,0,146.0,626,569,104,29,3,11,79,77,46,2,118,6,0,4,4,3,1,10,0,0,0,1.02,2370,153,152,8,1,-0.8,3.3,2.0,4.05,25,25,25,12,13,0,1,0,1.54,-0.6,1.000,9,1,146.0,0,0,17,13,4,3,2,2,0,0,0,0,-2.0,0.0
SP,Josh Johnson,Josh,Johnson,Dark Web Hackers,6' 7',245 lbs,L,R,100,Florida Marlins,FLA,2010,2005-2014,ME,86275,Perfect,All-Star Week Mission Reward  SP Josh Johnson  FLO  2010,0,N,0,1,6,1,6,3,4,3,1,7,1,1,7,1,6,4,64,5,Normal,Normal,Normal,131,113,97,138,129,88,104,130,133,140,93,145,126,118,116,125,-,-,-,-,-,-,-,-,4,NEU,94-96,3/4,Normal,72,52,-,-,-,27,38,29,23,2,10,4,74,-,-,-,-,-,-,-,-,74,-,-,-,-,-,-,-,-,5,5,6,5,,,0,0,0,0,0,0,0,0,0,0,0,0,0,0,0,0,0,0.0,0.00,0,-0.0,0.0,0.00,0,0,0.0,0.0,36,35,15,13,0,0,0,208.0,912,819,150,37,4,20,101,100,76,0,170,6,3,8,10,2,0,11,1,1,1,1.00,3591,210,230,10,2,-0.1,3.3,3.6,4.20,36,35,33,16,14,3,0,0,1.30,-1.1,.898,12,2,208.0,0,0,16,12,7,5,0,0,0,0,0,0,-3.1,0.0
SP,Jack Coombs,Jack,Coombs,Barnstable Beasts,6' 0',185 lbs,S,R,100,Philadelphia Athletics,OAK,1910,2026,BBR,85937,Perfect,July Jewels - Baseball Reference 4  SP Jack Coombs  PHA  1910,0,N,0,50,52,4,63,70,64,53,6,51,56,44,52,4,66,74,23,4,Normal,Normal,Normal,117,84,125,137,116,85,121,139,117,84,128,135,103,113,141,-,-,-,-,-,-,-,-,-,3,NEU,90-92,3/4,Normal,106,59,-,-,-,24,40,31,29,10,1,6,73,-,-,-,-,-,-,-,-,73,-,-,-,-,-,-,-,-,48,83,78,73,,,0,0,0,0,0,0,0,0,0,0,0,0,0,0,0,0,0,0.0,0.00,0,-0.0,0.0,0.00,0,0,0.0,0.0,29,29,14,5,0,0,0,174.2,742,660,113,33,4,12,65,60,69,0,150,7,2,4,5,0,0,18,0,0,0,1.08,3028,185,162,8,3,1.6,3.2,4.8,4.08,29,29,17,10,7,0,0,0,0.88,0.6,1.077,11,3,174.2,0,0,8,7,2,2,0,0,0,0,0,0,-1.2,0.0
SP,Vida Blue,Vida,Blue,Shibuya Shredders - GH,6' 0',190 lbs,S,L,101,Oakland Athletics,OAK,1971,1961-1979,,85756,Perfect,SwitchKnucklers - Hardware Heroes  SP Vida Blue  ATH  1971,0,N,0,90,43,3,37,14,97,70,6,51,12,88,30,3,33,15,76,9,Groundball,Pull,Pull,130,101,137,120,119,98,121,110,133,103,142,129,107,131,132,87,-,-,-,-,-,-,-,-,4,EX FB,90-92,3/4,Normal,97,63,-,-,-,24,36,27,20,1,7,4,68,-,-,-,-,-,-,-,-,68,-,-,-,-,-,-,-,-,39,54,30,37,,,0,0,0,0,0,0,0,0,0,0,0,0,0,0,0,0,0,0.0,0.00,0,-0.0,0.0,0.00,0,0,0.0,0.0,32,32,10,10,0,0,0,195.1,865,767,142,41,2,15,110,92,83,0,165,7,2,6,8,0,0,8,0,0,0,1.00,3500,187,212,16,6,-1.4,3.2,1.6,4.29,32,32,34,23,7,4,1,0,1.38,0.5,1.077,22,6,195.1,0,0,20,17,7,4,0,0,1,1,0,0,-1.9,0.0
SP,Roger Clemens,Roger,Clemens,Freedom Grabbers - HotL,6' 4',220 lbs,R,R,101,Toronto Blue Jays,TOR,1998,1993-2004,CS,86466,Perfect,Clubhouse - Baseball Reference 7  SP Roger Clemens  TOR  1998,0,N,0,1,3,1,4,2,1,3,1,4,2,1,3,1,4,2,22,1,Normal,Spray,Spray,145,97,137,146,146,84,141,137,144,111,133,153,133,78,132,110,-,90,-,123,-,-,-,-,6,GB,97-99,3/4,GB'er,97,51,-,-,-,32,40,30,19,3,10,1,78,-,-,-,-,-,-,-,-,78,-,-,-,-,-,-,-,-,15,5,6,24,,,0,0,0,0,0,0,0,0,0,0,0,0,0,0,0,0,0,0.0,0.00,0,-0.0,0.0,0.00,0,0,0.0,0.0,37,37,11,14,0,0,0,227.1,951,853,122,50,5,25,108,99,79,0,197,11,3,5,10,1,0,16,0,0,0,1.02,3737,238,211,15,11,-1.0,3.2,3.9,3.90,37,37,34,18,14,2,0,0,1.27,2.2,1.145,26,11,227.1,0,0,17,14,8,4,0,0,0,0,0,0,-2.3,0.0
SP,Orel Hershiser,Orel,Hershiser,New Platson Grand Petites HotL,6' 3',190 lbs,R,R,102,Los Angeles Dodgers,LAD,1988,1980-1992,CS,83135,Perfect,Clubhouse - Baseball Reference 8  SP Orel Hershiser  LAD  1988,0,N,0,52,46,4,34,33,67,41,4,33,35,45,48,4,35,33,58,6,Normal,Spray,Spray,117,148,151,151,105,146,160,147,128,150,144,154,-,-,126,-,127,-,102,-,-,-,92,-,4,GB,89-91,3/4,GB'er,100,87,-,-,-,34,18,25,24,3,6,9,61,-,-,-,-,-,-,-,-,61,-,-,-,-,-,-,-,-,44,42,58,39,,,0,0,0,0,0,0,0,0,0,0,0,0,0,0,0,0,0,0.0,0.00,0,-0.0,0.0,0.00,0,0,0.0,0.0,19,19,10,4,0,0,0,129.0,525,500,82,27,3,9,50,49,19,0,84,3,2,1,5,1,0,8,0,0,0,0.98,1964,160,131,3,1,1.5,3.2,3.6,4.03,19,19,30,15,14,1,0,0,2.02,0.8,1.077,4,1,129.0,0,0,10,9,10,7,0,0,0,0,0,0,-1.4,0.0
SP,Orel Hershiser,Orel,Hershiser,Webster Groves Supercells,6' 3',190 lbs,R,R,102,Los Angeles Dodgers,LAD,1988,1980-1992,CS,83135,Perfect,Clubhouse - Baseball Reference 8  SP Orel Hershiser  LAD  1988,0,N,0,52,46,4,34,33,67,41,4,33,35,45,48,4,35,33,58,6,Normal,Spray,Spray,117,148,151,151,105,146,160,147,128,150,144,154,-,-,126,-,127,-,102,-,-,-,92,-,4,GB,89-91,3/4,GB'er,100,87,-,-,-,34,18,25,24,3,6,9,61,-,-,-,-,-,-,-,-,61,-,-,-,-,-,-,-,-,44,42,58,39,,,0,0,0,0,0,0,0,0,0,0,0,0,0,0,0,0,0,0.0,0.00,0,-0.0,0.0,0.00,0,0,0.0,0.0,20,20,8,5,0,0,0,134.2,548,512,84,17,0,14,44,42,28,0,125,5,1,2,6,0,0,9,0,0,0,1.02,2162,139,129,2,2,1.3,3.1,4.7,3.26,20,20,26,13,11,2,0,0,1.60,0.3,.912,4,2,134.2,0,0,11,7,6,5,1,1,0,0,0,0,-1.2,0.0
SP,Josh Johnson,Josh,Johnson,Tulsa Doom,6' 7',245 lbs,L,R,100,Florida Marlins,FLA,2010,2005-2014,ME,86275,Perfect,All-Star Week Mission Reward  SP Josh Johnson  FLO  2010,0,N,0,1,6,1,6,3,4,3,1,7,1,1,7,1,6,4,64,5,Normal,Normal,Normal,131,113,97,138,129,88,104,130,133,140,93,145,126,118,116,125,-,-,-,-,-,-,-,-,4,NEU,94-96,3/4,Normal,72,52,-,-,-,27,38,29,23,2,10,4,74,-,-,-,-,-,-,-,-,74,-,-,-,-,-,-,-,-,5,5,6,5,,,0,0,0,0,0,0,0,0,0,0,0,0,0,0,0,0,0,0.0,0.00,0,-0.0,0.0,0.00,0,0,0.0,0.0,32,32,12,11,0,0,0,186.0,787,714,125,33,3,18,80,73,62,0,155,5,3,3,6,0,0,22,0,0,0,1.00,3117,193,180,10,5,1.1,3.1,4.1,3.99,32,32,33,15,17,1,1,0,1.55,1.1,1.005,15,5,186.0,0,0,13,11,8,7,1,1,0,0,0,0,-1.2,0.0
SP,Whitey Ford,Whitey,Ford,Freedom Grabbers - HotL,5' 10',180 lbs,L,L,100,New York Yankees,NYY,1961,1961-1979,HOF,85113,Perfect,HOF 1 - Hall of Fame  SP Whitey Ford  NYY  1961,0,N,0,8,30,4,60,28,10,32,2,50,16,8,30,5,62,31,53,2,Normal,Normal,Normal,112,98,110,118,130,113,131,119,107,95,103,118,103,103,118,95,-,-,-,-,-,-,-,-,4,NEU,89-91,3/4,Normal,97,90,-,-,-,27,27,27,27,1,8,3,62,-,-,-,-,-,-,-,-,62,-,-,-,-,-,-,-,-,13,7,11,18,,,0,0,0,0,0,0,0,0,0,0,0,0,0,0,0,0,0,0.0,0.00,0,-0.0,0.0,0.00,0,0,0.0,0.0,34,34,14,11,0,0,0,206.0,852,762,119,32,1,17,82,77,80,0,153,4,3,3,10,0,0,17,0,0,0,0.99,3435,224,210,4,5,2.2,3.1,5.3,4.41,34,34,39,23,13,3,0,0,1.57,3.1,1.124,9,5,206.0,0,0,20,19,8,6,0,0,0,0,0,0,-3.0,0.0
RP,Johan Santana,Johan,Santana,Madison Mashers - CG,6' 0',210 lbs,L,L,101,Minnesota Twins,MIN,2006,2005-2014,CS,86278,Perfect,Clubhouse - Historical All-Star  SP Johan Santana  MIN  2006,0,N,0,1,2,1,2,1,1,1,1,1,1,1,3,1,3,1,25,1,Normal,Spray,Spray,141,120,124,119,124,110,108,115,147,124,130,121,121,-,-,117,-,-,-,-,158,-,-,-,3,FB,93-95,3/4,Normal,96,66,-,-,-,35,18,25,23,4,1,5,62,-,-,-,-,-,-,-,-,62,-,-,-,-,-,-,-,-,5,3,6,6,,,0,0,0,0,0,0,0,0,0,0,0,0,0,0,0,0,0,0.0,0.00,0,-0.0,0.0,0.00,0,0,0.0,0.0,47,13,10,8,5,12,7,137.0,570,524,90,22,0,8,54,48,38,0,122,4,0,4,10,1,0,6,13,23,5,1.06,2222,119,157,2,1,-0.0,3.1,2.9,3.60,47,13,25,15,9,1,0,0,1.58,0.9,1.077,3,1,137.0,0,0,15,14,6,3,0,0,0,0,0,0,-2.0,0.0
SP,Johan Santana,Johan,Santana,Phoenix Mango Slush - HOTL,6' 0',210 lbs,L,L,101,Minnesota Twins,MIN,2006,2005-2014,CS,86278,Perfect,Clubhouse - Historical All-Star  SP Johan Santana  MIN  2006,0,N,0,1,2,1,2,1,1,1,1,1,1,1,3,1,3,1,25,1,Normal,Spray,Spray,141,120,124,119,124,110,108,115,147,124,130,121,121,-,-,117,-,-,-,-,158,-,-,-,3,FB,93-95,3/4,Normal,96,66,-,-,-,35,18,25,23,4,1,5,62,-,-,-,-,-,-,-,-,62,-,-,-,-,-,-,-,-,5,3,6,6,,,0,0,0,0,0,0,0,0,0,0,0,0,0,0,0,0,0,0.0,0.00,0,-0.0,0.0,0.00,0,0,0.0,0.0,36,36,11,16,0,0,0,225.0,964,859,139,50,2,24,108,102,87,0,188,6,3,9,5,0,0,18,0,0,0,1.01,3766,223,235,14,2,-0.6,3.0,3.7,4.16,36,36,33,20,12,1,1,0,1.28,-1.1,.984,16,2,225.0,0,0,19,13,5,5,3,3,0,0,0,0,-3.4,0.0
SP,Cy Young,Cy,Young,Tampa Bay Yankees 22,6' 2',210 lbs,R,R,102,Cleveland Spiders,CLE,1895,2026,HOF,86572,Perfect,Young & Old 2 - Hall of Fame  SP Cy Young  CL4  1895,0,N,0,32,72,1,24,94,45,41,1,51,121,27,80,1,9,88,35,6,Normal,Pull,Pull,118,151,142,130,118,148,142,123,117,154,142,135,111,79,122,90,-,-,-,-,-,121,-,-,5,NEU,92-94,OTT,Normal,114,60,-,-,-,48,39,47,36,3,3,3,90,-,-,-,-,-,-,-,-,90,-,-,-,-,-,-,-,-,75,81,68,86,,,0,0,0,0,0,0,0,0,0,0,0,0,0,0,0,0,0,0.0,0.00,0,-0.0,0.0,0.00,0,0,0.0,0.0,32,32,7,10,0,0,0,199.1,874,793,147,45,7,23,115,105,56,0,161,8,5,12,6,1,0,16,0,0,0,0.96,3412,201,212,14,4,-3.1,3.0,1.4,4.01,32,32,41,26,13,2,0,0,1.76,-1.0,.953,18,4,199.1,0,0,21,16,11,8,0,0,0,0,0,0,-1.2,0.0
SP,CC Sabathia,CC,Sabathia,Mount Pleasant Mounties,6' 6',300 lbs,L,L,101,Milwaukee Brewers,MIL,2008,2005-2014,ME,86350,Perfect,Trade Deadliners - Baseball Reference 6  SP CC Sabathia  MIL  2008,0,N,0,71,66,110,4,60,120,10,10,4,31,48,74,140,4,65,28,1,Normal,Pull,Pull,127,126,127,139,161,111,115,160,116,131,131,131,130,111,-,104,136,-,-,-,-,-,-,-,4,NEU,97-99,3/4,Normal,105,62,-,-,-,27,14,20,20,5,6,4,48,-,-,-,-,-,-,-,-,48,-,-,-,-,-,-,-,-,12,4,6,20,,,0,0,0,0,0,0,0,0,0,0,0,0,0,0,0,0,0,0.0,0.00,0,-0.0,0.0,0.00,0,0,0.0,0.0,36,36,11,15,0,0,0,212.2,916,828,143,48,1,28,116,108,72,0,202,7,0,9,8,0,0,12,0,0,0,1.02,3636,189,222,12,3,-1.0,2.9,2.0,3.66,36,36,29,16,13,0,0,0,1.23,-0.3,1.077,15,3,212.2,0,0,17,13,4,3,1,1,0,0,0,0,-2.4,0.0
SP,Johan Santana,Johan,Santana,Laffy Comedians - CG,6' 0',210 lbs,L,L,101,Minnesota Twins,MIN,2006,2005-2014,CS,86278,Perfect,Clubhouse - Historical All-Star  SP Johan Santana  MIN  2006,0,N,0,1,2,1,2,1,1,1,1,1,1,1,3,1,3,1,25,1,Normal,Spray,Spray,141,120,124,119,124,110,108,115,147,124,130,121,121,-,-,117,-,-,-,-,158,-,-,-,3,FB,93-95,3/4,Normal,96,66,-,-,-,35,18,25,23,4,1,5,62,-,-,-,-,-,-,-,-,62,-,-,-,-,-,-,-,-,5,3,6,6,,,0,0,0,0,0,0,0,0,0,0,0,0,0,0,0,0,0,0.0,0.00,0,-0.0,0.0,0.00,0,0,0.0,0.0,32,32,15,11,0,0,0,199.1,835,761,130,39,4,23,91,81,57,0,164,6,3,8,10,2,0,20,0,0,0,1.02,3295,190,212,7,6,0.4,2.9,3.7,3.89,32,32,37,22,14,1,2,0,1.63,2.8,1.129,13,6,199.1,0,0,19,17,7,6,1,1,0,0,0,0,-3.9,0.0
SP,Roger Clemens,Roger,Clemens,Madison Mashers - CG,6' 4',220 lbs,R,R,101,Toronto Blue Jays,TOR,1998,1993-2004,CS,86466,Perfect,Clubhouse - Baseball Reference 7  SP Roger Clemens  TOR  1998,0,N,0,1,3,1,4,2,1,3,1,4,2,1,3,1,4,2,22,1,Normal,Spray,Spray,145,97,137,146,146,84,141,137,144,111,133,153,133,78,132,110,-,90,-,123,-,-,-,-,6,GB,97-99,3/4,GB'er,97,51,-,-,-,32,40,30,19,3,10,1,78,-,-,-,-,-,-,-,-,78,-,-,-,-,-,-,-,-,15,5,6,24,,,0,0,0,0,0,0,0,0,0,0,0,0,0,0,0,0,0,0.0,0.00,0,-0.0,0.0,0.00,0,0,0.0,0.0,35,35,11,8,0,0,0,212.1,925,816,146,38,2,19,109,99,89,0,174,14,0,6,7,4,0,21,0,0,0,1.09,3735,235,193,11,5,-0.8,2.8,2.8,4.31,35,35,47,19,25,3,0,0,1.86,0.2,.951,16,5,212.1,0,0,20,16,4,3,1,1,0,0,0,0,-2.3,0.0
SP,CC Sabathia,CC,Sabathia,Waltham River Otters,6' 6',300 lbs,L,L,101,Milwaukee Brewers,MIL,2008,2005-2014,ME,86350,Perfect,Trade Deadliners - Baseball Reference 6  SP CC Sabathia  MIL  2008,0,N,0,71,66,110,4,60,120,10,10,4,31,48,74,140,4,65,28,1,Normal,Pull,Pull,127,126,127,139,161,111,115,160,116,131,131,131,130,111,-,104,136,-,-,-,-,-,-,-,4,NEU,97-99,3/4,Normal,105,62,-,-,-,27,14,20,20,5,6,4,48,-,-,-,-,-,-,-,-,48,-,-,-,-,-,-,-,-,12,4,6,20,,,0,0,0,0,0,0,0,0,0,0,0,0,0,0,0,0,0,0.0,0.00,0,-0.0,0.0,0.00,0,0,0.0,0.0,32,32,12,13,0,0,0,184.2,816,725,138,39,3,20,107,96,66,0,157,10,5,10,9,1,0,16,0,0,0,1.06,3176,186,187,9,4,-1.4,2.8,1.8,4.09,32,32,39,25,12,2,0,0,1.80,-0.5,.953,13,4,184.2,0,0,26,20,7,4,1,1,0,0,0,0,-1.6,0.0
SP,Roger Clemens,Roger,Clemens,Everett Aquasox,6' 4',220 lbs,R,R,101,Toronto Blue Jays,TOR,1998,1993-2004,CS,86466,Perfect,Clubhouse - Baseball Reference 7  SP Roger Clemens  TOR  1998,0,N,0,1,3,1,4,2,1,3,1,4,2,1,3,1,4,2,22,1,Normal,Spray,Spray,145,97,137,146,146,84,141,137,144,111,133,153,133,78,132,110,-,90,-,123,-,-,-,-,6,GB,97-99,3/4,GB'er,97,51,-,-,-,32,40,30,19,3,10,1,78,-,-,-,-,-,-,-,-,78,-,-,-,-,-,-,-,-,15,5,6,24,,,0,0,0,0,0,0,0,0,0,0,0,0,0,0,0,0,0,0.0,0.00,0,-0.0,0.0,0.00,0,0,0.0,0.0,37,37,9,14,0,0,0,208.1,896,798,136,41,3,24,112,106,82,0,186,5,4,7,8,1,0,14,0,0,0,1.00,3696,228,185,6,8,-1.8,2.8,2.3,4.00,37,37,37,19,18,0,1,0,1.60,2.3,.930,14,8,208.1,0,0,13,12,8,4,5,5,0,0,0,0,-3.0,0.0
SP,Vida Blue,Vida,Blue,Tulsa Doom,6' 0',190 lbs,S,L,101,Oakland Athletics,OAK,1971,1961-1979,,85756,Perfect,SwitchKnucklers - Hardware Heroes  SP Vida Blue  ATH  1971,0,N,0,90,43,3,37,14,97,70,6,51,12,88,30,3,33,15,76,9,Groundball,Pull,Pull,130,101,137,120,119,98,121,110,133,103,142,129,107,131,132,87,-,-,-,-,-,-,-,-,4,EX FB,90-92,3/4,Normal,97,63,-,-,-,24,36,27,20,1,7,4,68,-,-,-,-,-,-,-,-,68,-,-,-,-,-,-,-,-,39,54,30,37,,,0,0,0,0,0,0,0,0,0,0,0,0,0,0,0,0,0,0.0,0.00,0,-0.0,0.0,0.00,0,0,0.0,0.0,32,32,11,13,0,0,0,190.2,824,753,124,52,3,20,108,106,62,0,148,5,0,4,4,0,0,14,0,0,0,0.98,3170,204,198,11,1,-0.6,2.8,1.5,4.20,32,32,29,13,14,2,0,0,1.27,-1.7,.846,12,1,190.2,0,0,14,11,6,4,0,0,0,0,0,0,-1.6,0.0
SP,CC Sabathia,CC,Sabathia,Sharpstown Bill Collectors,6' 6',300 lbs,L,L,101,Milwaukee Brewers,MIL,2008,2005-2014,ME,86350,Perfect,Trade Deadliners - Baseball Reference 6  SP CC Sabathia  MIL  2008,0,N,0,71,66,110,4,60,120,10,10,4,31,48,74,140,4,65,28,1,Normal,Pull,Pull,127,126,127,139,161,111,115,160,116,131,131,131,130,111,-,104,136,-,-,-,-,-,-,-,4,NEU,97-99,3/4,Normal,105,62,-,-,-,27,14,20,20,5,6,4,48,-,-,-,-,-,-,-,-,48,-,-,-,-,-,-,-,-,12,4,6,20,,,0,0,0,0,0,0,0,0,0,0,0,0,0,0,0,0,0,0.0,0.00,0,-0.0,0.0,0.00,0,0,0.0,0.0,33,33,11,8,0,0,0,182.0,785,702,128,36,3,19,76,69,64,0,154,6,4,9,6,3,0,13,0,0,0,1.04,3104,183,183,11,8,0.7,2.7,4.2,4.04,33,33,26,22,2,2,0,0,1.19,2.4,1.077,19,8,182.0,0,0,15,15,6,3,2,2,0,0,0,0,-3.0,0.0
SP,Kevin Brown,Kevin,Brown,Everett Aqua Sox,6' 4',195 lbs,R,R,100,Florida Marlins,FLA,1996,1993-2004,,85401,Perfect,Played Where? - Historical All-Star  SP Kevin Brown  FLO  1996,0,N,0,7,28,3,36,17,8,19,5,43,24,7,31,3,34,15,48,58,Normal,Normal,Normal,87,118,124,126,83,117,127,131,90,120,121,121,85,-,93,84,95,117,-,-,-,-,-,-,5,EX GB,90-92,OTT,GB'er,94,60,-,-,-,35,20,25,22,10,3,3,64,-,-,-,-,-,-,-,-,64,-,-,-,-,-,-,-,-,6,5,6,7,,,0,0,0,0,0,0,0,0,0,0,0,0,0,0,0,0,0,0.0,0.00,0,-0.0,0.0,0.00,0,0,0.0,0.0,29,29,10,11,0,0,0,159.0,686,625,112,35,2,14,82,71,45,0,116,9,4,2,6,1,1,10,0,0,0,0.97,2722,182,159,12,6,-0.9,2.7,2.1,4.23,29,29,27,11,15,1,0,0,1.47,-0.2,.994,18,6,159.0,0,0,14,10,7,4,1,0,0,0,0,0,-2.4,0.0
SP,Roger Clemens,Roger,Clemens,Tulsa Doom,6' 4',220 lbs,R,R,101,Toronto Blue Jays,TOR,1998,1993-2004,CS,86466,Perfect,Clubhouse - Baseball Reference 7  SP Roger Clemens  TOR  1998,0,N,0,1,3,1,4,2,1,3,1,4,2,1,3,1,4,2,22,1,Normal,Spray,Spray,145,97,137,146,146,84,141,137,144,111,133,153,133,78,132,110,-,90,-,123,-,-,-,-,6,GB,97-99,3/4,GB'er,97,51,-,-,-,32,40,30,19,3,10,1,78,-,-,-,-,-,-,-,-,78,-,-,-,-,-,-,-,-,15,5,6,24,,,0,0,0,0,0,0,0,0,0,0,0,0,0,0,0,0,0,0.0,0.00,0,-0.0,0.0,0.00,0,0,0.0,0.0,34,34,6,14,0,0,0,196.0,869,769,128,51,8,18,111,94,84,0,160,7,2,7,15,1,0,20,0,0,0,1.06,3462,228,169,9,4,-2.5,2.6,1.6,4.38,34,34,32,17,14,1,1,0,1.42,-0.5,.907,13,4,196.0,0,0,13,8,9,6,2,2,1,1,0,0,-2.2,0.0
SP,CC Sabathia,CC,Sabathia,Peninsula Whips,6' 6',300 lbs,L,L,101,Milwaukee Brewers,MIL,2008,2005-2014,ME,86350,Perfect,Trade Deadliners - Baseball Reference 6  SP CC Sabathia  MIL  2008,0,N,0,71,66,110,4,60,120,10,10,4,31,48,74,140,4,65,28,1,Normal,Pull,Pull,127,126,127,139,161,111,115,160,116,131,131,131,130,111,-,104,136,-,-,-,-,-,-,-,4,NEU,97-99,3/4,Normal,105,62,-,-,-,27,14,20,20,5,6,4,48,-,-,-,-,-,-,-,-,48,-,-,-,-,-,-,-,-,12,4,6,20,,,0,0,0,0,0,0,0,0,0,0,0,0,0,0,0,0,0,0.0,0.00,0,-0.0,0.0,0.00,0,0,0.0,0.0,36,36,15,9,0,0,0,212.0,921,823,146,43,2,26,120,106,82,0,178,5,6,5,6,1,0,20,0,0,0,1.02,3609,236,196,17,3,-1.8,2.5,2.0,4.16,36,36,42,21,19,2,0,0,1.70,-0.9,1.023,20,3,212.0,0,0,19,16,7,5,0,0,0,0,0,0,-2.4,0.0
SP,Harvey Haddix,Harvey,Haddix,Barnstable Beasts,5' 9',170 lbs,L,L,101,Pittsburgh Pirates,PIT,1959,1946-1960,,86623,Perfect,50s Theme Week - Hardware Heroes  SP Harvey Haddix  PIT  1959,0,N,0,14,70,4,37,26,8,55,7,49,18,16,74,3,33,29,39,2,Normal,Normal,Normal,120,144,140,118,128,130,157,140,118,148,134,115,105,90,90,117,-,-,-,-,-,-,-,-,4,EX FB,90-92,3/4,Normal,114,58,-,-,-,84,74,77,74,3,9,10,136,-,-,-,-,-,-,-,-,136,-,-,-,-,-,-,-,-,17,3,6,29,,,0,0,0,0,0,0,0,0,0,0,0,0,0,0,0,0,0,0.0,0.00,0,-0.0,0.0,0.00,0,0,0.0,0.0,35,35,10,15,0,0,0,209.1,902,836,161,38,7,29,109,108,53,0,175,8,0,5,5,0,0,10,0,0,0,1.04,3555,192,233,12,7,-0.8,2.5,2.4,3.80,35,35,29,20,8,1,0,0,1.20,2.1,1.141,19,7,209.1,0,0,14,13,7,6,1,0,0,0,0,0,-2.2,0.0
SP,CC Sabathia,CC,Sabathia,Houston Swangas,6' 6',300 lbs,L,L,101,Milwaukee Brewers,MIL,2008,2005-2014,ME,86350,Perfect,Trade Deadliners - Baseball Reference 6  SP CC Sabathia  MIL  2008,0,N,0,71,66,110,4,60,120,10,10,4,31,48,74,140,4,65,28,1,Normal,Pull,Pull,127,126,127,139,161,111,115,160,116,131,131,131,130,111,-,104,136,-,-,-,-,-,-,-,4,NEU,97-99,3/4,Normal,105,62,-,-,-,27,14,20,20,5,6,4,48,-,-,-,-,-,-,-,-,48,-,-,-,-,-,-,-,-,12,4,6,20,,,0,0,0,0,0,0,0,0,0,0,0,0,0,0,0,0,0,0.0,0.00,0,-0.0,0.0,0.00,0,0,0.0,0.0,32,32,11,11,0,0,0,202.2,851,774,119,45,3,25,105,95,56,0,162,13,2,6,9,2,0,21,0,0,0,1.04,3320,213,203,9,5,0.6,2.5,2.7,3.94,32,32,33,14,17,2,1,0,1.38,-0.1,.912,14,5,202.2,0,0,20,15,2,1,0,0,0,0,0,0,-0.9,0.0
SP,Cy Young,Cy,Young,Madison Mashers - CG,6' 2',210 lbs,R,R,102,Cleveland Spiders,CLE,1895,2026,HOF,86572,Perfect,Young & Old 2 - Hall of Fame  SP Cy Young  CL4  1895,0,N,0,32,72,1,24,94,45,41,1,51,121,27,80,1,9,88,35,6,Normal,Pull,Pull,118,151,142,130,118,148,142,123,117,154,142,135,111,79,122,90,-,-,-,-,-,121,-,-,5,NEU,92-94,OTT,Normal,114,60,-,-,-,48,39,47,36,3,3,3,90,-,-,-,-,-,-,-,-,90,-,-,-,-,-,-,-,-,75,81,68,86,,,0,0,0,0,0,0,0,0,0,0,0,0,0,0,0,0,0,0.0,0.00,0,-0.0,0.0,0.00,0,0,0.0,0.0,33,33,11,14,0,0,0,199.2,884,811,169,30,7,27,127,120,51,0,163,13,1,7,7,0,1,16,0,0,0,1.04,3474,228,184,9,3,-3.3,2.4,0.3,3.93,33,33,32,9,19,4,2,0,1.26,-1.9,.718,12,3,199.2,0,0,13,9,5,1,0,0,0,0,0,0,-1.5,0.0
SP,Josh Johnson,Josh,Johnson,Berlin Speed Dealers SoM,6' 7',245 lbs,L,R,100,Florida Marlins,FLA,2010,2005-2014,ME,86275,Perfect,All-Star Week Mission Reward  SP Josh Johnson  FLO  2010,0,N,0,1,6,1,6,3,4,3,1,7,1,1,7,1,6,4,64,5,Normal,Normal,Normal,131,113,97,138,129,88,104,130,133,140,93,145,126,118,116,125,-,-,-,-,-,-,-,-,4,NEU,94-96,3/4,Normal,72,52,-,-,-,27,38,29,23,2,10,4,74,-,-,-,-,-,-,-,-,74,-,-,-,-,-,-,-,-,5,5,6,5,,,0,0,0,0,0,0,0,0,0,0,0,0,0,0,0,0,0,0.0,0.00,0,-0.0,0.0,0.00,0,0,0.0,0.0,31,31,4,13,0,0,0,144.0,616,557,95,27,5,18,76,71,49,0,145,4,3,3,6,0,0,13,0,0,0,0.96,2499,138,131,2,2,-1.3,2.4,1.7,3.48,31,31,22,10,12,0,1,0,1.38,0.8,.987,4,2,144.0,0,0,9,8,3,2,2,1,0,0,0,0,-1.2,0.0
SP,Hilton Smith,Hilton,Smith,Everett Aquasox,6' 2',180 lbs,R,R,101,Kansas City Monarchs,KCM,1938,1921-1945,,85864,Perfect,Heart Attack - Negro League Star  SP Hilton Smith  KCM  1938,0,N,0,94,112,106,25,109,90,118,111,28,114,96,111,104,24,107,53,16,Normal,Pull,Normal,126,128,96,117,119,125,92,107,131,131,101,119,109,110,127,99,112,-,-,-,-,-,-,-,5,NEU,91-93,3/4,Normal,91,60,1,1,1,29,28,27,25,80,90,65,67,-,-,-,-,-,-,-,88,67,-,-,-,-,-,-,-,88,28,5,6,28,,,0,0,0,0,0,0,0,0,0,0,0,0,0,0,0,0,0,0.0,0.00,0,-0.0,0.0,0.00,0,0,0.0,0.0,31,31,10,11,0,0,0,173.2,764,702,139,37,4,21,104,99,51,0,140,5,0,5,11,0,1,18,0,0,0,0.99,3016,179,181,13,2,-1.5,2.4,0.9,4.05,31,31,33,16,16,1,1,0,1.66,-1.6,.958,15,2,173.2,0,0,15,12,9,6,3,1,1,0,0,0,-2.8,0.0
RP,Phil Niekro,Phil,Niekro,Grover Beach Grouches,6' 1',180 lbs,R,R,100,Atlanta Braves,ATL,1978,1961-1979,CS,85728,Perfect,Clubhouse - SwitchKnucklers - Hall of Fame  SP Phil Niekro  ATL  1978,116 200,N,0,80,50,14,37,46,88,41,8,26,69,77,53,17,41,35,31,2,Groundball,Normal,Normal,128,94,119,120,121,92,124,131,134,97,116,117,75,-,-,78,-,-,-,-,-,-,-,172,3,FB,86-88,3/4,Normal,99,57,-,-,-,35,41,38,39,9,6,5,83,-,-,-,-,-,-,-,-,83,-,-,-,-,-,-,-,-,5,5,6,5,,,0,0,0,0,0,0,0,0,0,0,0,0,0,0,0,0,0,0.0,0.00,0,-0.0,0.0,0.00,0,0,0.0,0.0,41,10,3,4,1,4,3,122.2,515,469,80,25,1,7,49,47,42,0,102,1,1,2,3,1,0,8,20,20,7,0.94,1962,133,119,5,4,0.1,2.3,2.5,4.01,41,10,26,19,6,1,0,0,1.83,1.2,1.010,9,4,122.2,0,0,13,11,5,4,1,1,0,0,0,0,-0.5,0.0
SP,Hank Aguirre,Hank,Aguirre,-,6' 4',205 lbs,R,L,100,Detroit Tigers,DET,1962,1961-1979,LE,86127,Perfect,Limited Edition/16  SP Hank Aguirre  DET  1962,0,N,0,2,17,2,16,6,3,25,2,9,10,2,15,2,19,5,67,7,Normal,Normal,Normal,127,88,140,121,140,97,153,120,122,86,135,123,101,124,112,-,-,-,-,-,-,133,-,-,4,EX FB,90-92,OTT,Normal,72,74,-,-,-,24,13,20,23,6,7,5,43,-,-,-,-,-,-,-,-,43,-,-,-,-,-,-,-,-,45,35,75,35,,,0,0,0,0,0,0,0,0,0,0,0,0,0,0,0,0,0,0.0,0.00,0,-0.0,0.0,0.00,0,0,0.0,0.0,12,12,6,3,0,0,0,72.1,300,273,52,11,1,3,25,25,22,0,69,2,0,3,4,0,0,9,0,0,0,1.05,1208,72,64,6,1,0.9,2.2,2.3,3.49,12,12,11,7,3,1,0,0,1.24,-0.3,1.077,7,1,72.1,0,0,6,5,3,2,0,0,0,0,0,0,-0.9,0.0
SP,Pedro Martinez,Pedro,Martinez,Shakedown 1977 Microbus TTC - GH,5' 11',170 lbs,R,R,100,New York Mets,NYM,2005,2005-2014,CS,84702,Perfect,Clubhouse - April Fools' Day  SP Pedro Martinez  NYM  2005,0,N,0,3,12,2,15,9,6,20,2,18,8,3,10,2,14,10,51,55,Normal,Normal,Normal,121,96,120,112,117,84,118,113,125,110,122,111,86,-,105,87,-,-,95,-,156,-,-,-,5,FB,88-90,3/4,Normal,92,54,-,-,-,25,19,22,23,2,7,5,51,-,-,-,-,-,-,-,-,51,-,-,-,-,-,-,-,-,5,5,6,5,,,0,0,0,0,0,0,0,0,0,0,0,0,0,0,0,0,0,0.0,0.00,0,-0.0,0.0,0.00,0,0,0.0,0.0,34,34,13,13,0,0,0,205.0,907,809,151,29,3,27,104,95,81,0,183,8,5,4,7,2,0,13,0,0,0,1.05,3696,197,214,23,6,-0.6,2.2,3.0,4.05,34,34,37,20,16,1,0,0,1.58,-0.4,1.077,29,6,205.0,0,0,16,11,10,9,1,1,0,0,0,0,-2.7,0.0
SP,Cy Young,Cy,Young,Barnstable Beasts,6' 2',210 lbs,R,R,102,Cleveland Spiders,CLE,1895,2026,HOF,86572,Perfect,Young & Old 2 - Hall of Fame  SP Cy Young  CL4  1895,0,N,0,32,72,1,24,94,45,41,1,51,121,27,80,1,9,88,35,6,Normal,Pull,Pull,118,151,142,130,118,148,142,123,117,154,142,135,111,79,122,90,-,-,-,-,-,121,-,-,5,NEU,92-94,OTT,Normal,114,60,-,-,-,48,39,47,36,3,3,3,90,-,-,-,-,-,-,-,-,90,-,-,-,-,-,-,-,-,75,81,68,86,,,0,0,0,0,0,0,0,0,0,0,0,0,0,0,0,0,0,0.0,0.00,0,-0.0,0.0,0.00,0,0,0.0,0.0,13,13,5,4,0,0,0,82.1,343,309,44,19,2,3,32,25,23,0,69,6,0,5,7,0,0,4,0,0,0,1.03,1427,84,85,7,2,0.1,2.2,2.1,3.80,13,13,19,7,11,1,0,0,1.97,0.1,1.077,9,2,82.1,0,0,8,7,1,1,0,0,0,0,0,0,-0.9,0.0
SP,Whitey Ford,Whitey,Ford,Shibuya Shredders - GH,5' 10',180 lbs,L,L,100,New York Yankees,NYY,1961,1961-1979,HOF,85113,Perfect,HOF 1 - Hall of Fame  SP Whitey Ford  NYY  1961,0,N,0,8,30,4,60,28,10,32,2,50,16,8,30,5,62,31,53,2,Normal,Normal,Normal,112,98,110,118,130,113,131,119,107,95,103,118,103,103,118,95,-,-,-,-,-,-,-,-,4,NEU,89-91,3/4,Normal,97,90,-,-,-,27,27,27,27,1,8,3,62,-,-,-,-,-,-,-,-,62,-,-,-,-,-,-,-,-,13,7,11,18,,,0,0,0,0,0,0,0,0,0,0,0,0,0,0,0,0,0,0.0,0.00,0,-0.0,0.0,0.00,0,0,0.0,0.0,33,22,9,5,0,1,0,175.0,713,640,110,18,0,16,62,57,60,0,129,9,0,4,8,2,0,21,5,11,7,0.88,2842,180,185,3,7,1.8,2.2,5.1,4.29,33,22,25,18,5,2,1,0,1.18,1.9,.907,10,7,175.0,0,0,13,9,6,5,3,3,0,0,0,0,-2.4,0.0
SP,Orel Hershiser,Orel,Hershiser,Phoenix Mango Slush - HOTL,6' 3',190 lbs,R,R,102,Los Angeles Dodgers,LAD,1988,1980-1992,CS,83135,Perfect,Clubhouse - Baseball Reference 8  SP Orel Hershiser  LAD  1988,0,N,0,52,46,4,34,33,67,41,4,33,35,45,48,4,35,33,58,6,Normal,Spray,Spray,117,148,151,151,105,146,160,147,128,150,144,154,-,-,126,-,127,-,102,-,-,-,92,-,4,GB,89-91,3/4,GB'er,100,87,-,-,-,34,18,25,24,3,6,9,61,-,-,-,-,-,-,-,-,61,-,-,-,-,-,-,-,-,44,42,58,39,,,0,0,0,0,0,0,0,0,0,0,0,0,0,0,0,0,0,0.0,0.00,0,-0.0,0.0,0.00,0,0,0.0,0.0,20,20,7,6,0,0,0,123.0,530,484,82,29,6,10,69,63,34,0,89,6,1,5,4,2,0,6,0,0,0,1.02,2077,138,130,7,4,-0.7,2.2,1.1,4.24,20,20,21,11,9,1,0,0,1.46,-0.1,.970,11,4,123.0,0,0,9,7,6,2,1,1,0,0,0,0,-1.9,0.0
CL,Craig Kimbrel,Craig,Kimbrel,Maple Madness,6' 0',215 lbs,R,R,100,Atlanta Braves,ATL,2012,2005-2014,PTCS,85467,Perfect,PTCS 3 - Hardware Heroes  CL Craig Kimbrel  ATL  2012,0,N,0,1,3,1,3,1,1,3,1,3,2,1,3,1,3,1,26,39,Normal,Spray,Spray,184,105,130,126,181,90,140,140,187,122,122,118,146,-,-,117,-,-,-,-,-,-,149,-,3,NEU,96-98,3/4,Power,20,58,-,-,-,25,20,23,23,5,5,9,52,-,-,-,-,-,-,-,-,52,-,-,-,-,-,-,-,-,5,4,6,5,,,0,0,0,0,0,0,0,0,0,0,0,0,0,0,0,0,0,0.0,0.00,0,-0.0,0.0,0.00,0,0,0.0,0.0,66,0,5,3,1,38,8,65.2,257,236,34,9,1,3,15,15,17,1,66,4,0,0,3,0,0,4,56,6,1,2.15,1021,57,65,0,2,3.0,2.2,3.4,3.02,66,0,20,9,11,0,0,0,2.74,1.0,1.077,2,2,65.2,0,0,6,5,3,2,0,0,0,0,0,0,-0.7,0.0
SP,Cliff Lee,Cliff,Lee,Tulsa Doom,6' 3',205 lbs,L,L,100,Philadelphia Phillies,PHI,2011,2005-2014,BBR,85693,Perfect,June Gems - Baseball Reference 3  SP Cliff Lee  PHI  2011,0,N,0,10,17,17,13,9,6,18,27,7,5,12,17,14,15,11,54,5,Normal,Spray,Spray,126,128,94,118,109,150,115,119,132,121,89,118,111,111,104,-,132,-,72,-,-,-,-,-,5,NEU,91-93,3/4,Normal,84,63,-,-,-,24,14,20,23,1,3,5,45,-,-,-,-,-,-,-,-,45,-,-,-,-,-,-,-,-,55,54,67,50,,,0,0,0,0,0,0,0,0,0,0,0,0,0,0,0,0,0,0.0,0.00,0,-0.0,0.0,0.00,0,0,0.0,0.0,32,32,8,13,0,0,0,191.2,817,738,127,31,7,23,106,100,60,0,149,11,3,5,6,0,0,19,0,0,0,1.08,3144,188,209,8,2,-0.7,2.2,1.8,4.15,32,32,27,12,13,2,0,0,1.17,-0.9,.923,10,2,191.2,0,0,18,14,2,1,1,0,0,0,0,0,-2.8,0.0
SP,Roger Clemens,Roger,Clemens,Canterbury Tails,6' 4',220 lbs,R,R,101,Toronto Blue Jays,TOR,1998,1993-2004,CS,86466,Perfect,Clubhouse - Baseball Reference 7  SP Roger Clemens  TOR  1998,0,N,0,1,3,1,4,2,1,3,1,4,2,1,3,1,4,2,22,1,Normal,Spray,Spray,145,97,137,146,146,84,141,137,144,111,133,153,133,78,132,110,-,90,-,123,-,-,-,-,6,GB,97-99,3/4,GB'er,97,51,-,-,-,32,40,30,19,3,10,1,78,-,-,-,-,-,-,-,-,78,-,-,-,-,-,-,-,-,15,5,6,24,,,0,0,0,0,0,0,0,0,0,0,0,0,0,0,0,0,0,0.0,0.00,0,-0.0,0.0,0.00,0,0,0.0,0.0,35,35,13,12,0,0,0,220.1,956,829,154,43,4,20,112,99,102,0,152,4,9,12,1,3,0,25,0,0,0,1.07,3665,249,220,11,8,-2.3,2.2,3.0,4.84,35,35,27,16,10,1,0,0,1.06,1.3,1.000,19,8,220.1,0,0,16,13,3,2,0,0,0,0,0,0,-2.0,0.0
SP,Orel Hershiser,Orel,Hershiser,Houston Swangas,6' 3',190 lbs,R,R,102,Los Angeles Dodgers,LAD,1988,1980-1992,CS,83135,Perfect,Clubhouse - Baseball Reference 8  SP Orel Hershiser  LAD  1988,0,N,0,52,46,4,34,33,67,41,4,33,35,45,48,4,35,33,58,6,Normal,Spray,Spray,117,148,151,151,105,146,160,147,128,150,144,154,-,-,126,-,127,-,102,-,-,-,92,-,4,GB,89-91,3/4,GB'er,100,87,-,-,-,34,18,25,24,3,6,9,61,-,-,-,-,-,-,-,-,61,-,-,-,-,-,-,-,-,44,42,58,39,,,0,0,0,0,0,0,0,0,0,0,0,0,0,0,0,0,0,0.0,0.00,0,-0.0,0.0,0.00,0,0,0.0,0.0,20,20,9,9,0,0,0,120.2,516,485,85,35,2,14,75,66,23,0,97,4,1,3,4,1,0,10,0,0,0,0.96,1974,131,117,9,4,-1.1,2.2,0.4,3.73,20,20,21,7,11,3,0,0,1.34,-0.9,.718,13,4,120.2,0,0,8,6,4,2,1,0,0,0,0,0,-1.4,0.0
SP,Eddie Cicotte,Eddie,Cicotte,Alexandria SafeZone,5' 9',175 lbs,S,R,100,Chicago White Sox,CHW,1917,2026,CS,85727,Perfect,Clubhouse - SwitchKnucklers - Veteran Presence  SP Eddie Cicotte  CWS  1917,0,N,0,22,43,5,62,24,14,49,5,58,30,25,41,5,63,23,64,8,Normal,Normal,Normal,105,104,134,120,105,79,124,114,105,135,142,136,50,-,56,-,-,-,-,-,-,-,94,152,4,EX FB,88-90,3/4,Normal,105,59,-,-,-,35,23,27,23,8,3,2,68,-,-,-,-,-,-,-,-,68,-,-,-,-,-,-,-,-,68,73,67,66,,,0,0,0,0,0,0,0,0,0,0,0,0,0,0,0,0,0,0.0,0.00,0,-0.0,0.0,0.00,0,0,0.0,0.0,27,27,8,10,0,0,0,162.2,722,642,105,46,1,12,83,77,64,0,113,11,0,5,6,2,0,9,0,0,0,1.05,2783,163,198,9,0,-1.3,2.2,2.3,4.71,27,27,18,6,11,1,0,0,0.94,-1.1,.943,9,0,162.2,0,0,8,6,2,2,1,1,0,0,0,0,-1.1,0.0
SP,Roger Clemens,Roger,Clemens,Peninsula Whips,6' 4',220 lbs,R,R,101,Toronto Blue Jays,TOR,1998,1993-2004,CS,86466,Perfect,Clubhouse - Baseball Reference 7  SP Roger Clemens  TOR  1998,0,N,0,1,3,1,4,2,1,3,1,4,2,1,3,1,4,2,22,1,Normal,Spray,Spray,145,97,137,146,146,84,141,137,144,111,133,153,133,78,132,110,-,90,-,123,-,-,-,-,6,GB,97-99,3/4,GB'er,97,51,-,-,-,32,40,30,19,3,10,1,78,-,-,-,-,-,-,-,-,78,-,-,-,-,-,-,-,-,15,5,6,24,,,0,0,0,0,0,0,0,0,0,0,0,0,0,0,0,0,0,0.0,0.00,0,-0.0,0.0,0.00,0,0,0.0,0.0,35,35,8,14,0,0,0,214.2,948,834,143,48,1,24,132,118,95,0,172,9,3,7,5,0,0,19,0,0,0,1.06,3718,237,207,14,3,-2.6,2.2,1.1,4.45,35,35,46,22,23,1,0,0,1.89,-1.2,.975,17,3,214.2,0,0,22,16,6,5,1,1,0,0,0,0,-2.6,0.0
SP,Roger Clemens,Roger,Clemens,Maple Madness,6' 4',220 lbs,R,R,101,Toronto Blue Jays,TOR,1998,1993-2004,CS,86466,Perfect,Clubhouse - Baseball Reference 7  SP Roger Clemens  TOR  1998,0,N,0,1,3,1,4,2,1,3,1,4,2,1,3,1,4,2,22,1,Normal,Spray,Spray,145,97,137,146,146,84,141,137,144,111,133,153,133,78,132,110,-,90,-,123,-,-,-,-,6,GB,97-99,3/4,GB'er,97,51,-,-,-,32,40,30,19,3,10,1,78,-,-,-,-,-,-,-,-,78,-,-,-,-,-,-,-,-,15,5,6,24,,,0,0,0,0,0,0,0,0,0,0,0,0,0,0,0,0,0,0.0,0.00,0,-0.0,0.0,0.00,0,0,0.0,0.0,33,33,10,10,0,0,0,186.0,858,748,156,37,6,17,114,111,91,0,152,5,5,9,11,1,0,12,0,0,0,1.07,3374,201,182,15,3,-2.4,2.2,0.7,4.58,33,33,35,18,14,3,0,0,1.55,-3.0,.808,18,3,186.0,0,0,19,11,5,3,0,0,0,0,0,0,-2.3,0.0
SP,Vida Blue,Vida,Blue,Mount Pleasant Mounties,6' 0',190 lbs,S,L,101,Oakland Athletics,OAK,1971,1961-1979,,85756,Perfect,SwitchKnucklers - Hardware Heroes  SP Vida Blue  ATH  1971,0,N,0,90,43,3,37,14,97,70,6,51,12,88,30,3,33,15,76,9,Groundball,Pull,Pull,130,101,137,120,119,98,121,110,133,103,142,129,107,131,132,87,-,-,-,-,-,-,-,-,4,EX FB,90-92,3/4,Normal,97,63,-,-,-,24,36,27,20,1,7,4,68,-,-,-,-,-,-,-,-,68,-,-,-,-,-,-,-,-,39,54,30,37,,,0,0,0,0,0,0,0,0,0,0,0,0,0,0,0,0,0,0.0,0.00,0,-0.0,0.0,0.00,0,0,0.0,0.0,26,26,5,10,0,0,0,156.0,655,595,95,35,2,19,81,79,45,0,128,6,1,8,12,0,0,11,0,0,0,0.99,2632,153,166,5,2,-0.7,2.1,1.9,3.91,26,26,19,15,2,2,0,0,0.98,0.2,.898,7,2,156.0,0,0,8,6,5,5,0,0,0,0,0,0,-1.1,0.0
SP,Phil Niekro,Phil,Niekro,Everett Aquasox,6' 1',180 lbs,R,R,100,Atlanta Braves,ATL,1978,1961-1979,CS,85728,Perfect,Clubhouse - SwitchKnucklers - Hall of Fame  SP Phil Niekro  ATL  1978,0,N,0,80,50,14,37,46,88,41,8,26,69,77,53,17,41,35,31,2,Groundball,Normal,Normal,128,94,119,120,121,92,124,131,134,97,116,117,75,-,-,78,-,-,-,-,-,-,-,172,3,FB,86-88,3/4,Normal,99,57,-,-,-,35,41,38,39,9,6,5,83,-,-,-,-,-,-,-,-,83,-,-,-,-,-,-,-,-,5,5,6,5,,,0,0,0,0,0,0,0,0,0,0,0,0,0,0,0,0,0,0.0,0.00,0,-0.0,0.0,0.00,0,0,0.0,0.0,35,35,13,15,0,0,0,196.1,868,782,161,37,4,22,121,109,74,0,144,3,5,4,7,1,0,15,0,0,0,1.02,3442,209,207,14,9,-2.3,2.1,0.6,4.51,35,35,33,18,14,1,1,0,1.47,1.8,1.077,23,9,196.1,0,0,20,17,3,2,0,0,0,0,0,0,-2.6,0.0
SP,Hilton Smith,Hilton,Smith,Shibuya Shredders - GH,6' 2',180 lbs,R,R,101,Kansas City Monarchs,KCM,1938,1921-1945,,85864,Perfect,Heart Attack - Negro League Star  SP Hilton Smith  KCM  1938,0,N,0,94,112,106,25,109,90,118,111,28,114,96,111,104,24,107,53,16,Normal,Pull,Normal,126,128,96,117,119,125,92,107,131,131,101,119,109,110,127,99,112,-,-,-,-,-,-,-,5,NEU,91-93,3/4,Normal,91,60,1,1,1,29,28,27,25,80,90,65,67,-,-,-,-,-,-,-,88,67,-,-,-,-,-,-,-,88,28,5,6,28,,,0,0,0,0,0,0,0,0,0,0,0,0,0,0,0,0,0,0.0,0.00,0,-0.0,0.0,0.00,0,0,0.0,0.0,18,18,4,10,0,0,0,122.1,527,489,85,29,1,13,66,64,34,0,101,3,0,1,5,1,0,6,0,0,0,1.06,1976,133,125,7,0,-1.4,2.1,1.3,3.91,18,18,27,11,16,0,0,0,1.99,-0.2,1.077,7,0,122.1,0,0,9,9,6,4,0,0,0,0,0,0,-1.4,0.0
SP,Kevin Brown,Kevin,Brown,Englewood Pirates,6' 4',195 lbs,R,R,100,Florida Marlins,FLA,1996,1993-2004,,85401,Perfect,Played Where? - Historical All-Star  SP Kevin Brown  FLO  1996,0,N,0,7,28,3,36,17,8,19,5,43,24,7,31,3,34,15,48,58,Normal,Normal,Normal,87,118,124,126,83,117,127,131,90,120,121,121,85,-,93,84,95,117,-,-,-,-,-,-,5,EX GB,90-92,OTT,GB'er,94,60,-,-,-,35,20,25,22,10,3,3,64,-,-,-,-,-,-,-,-,64,-,-,-,-,-,-,-,-,6,5,6,7,,,0,0,0,0,0,0,0,0,0,0,0,0,0,0,0,0,0,0.0,0.00,0,-0.0,0.0,0.00,0,0,0.0,0.0,31,31,9,13,0,0,0,196.0,851,772,143,36,2,23,103,84,62,0,135,5,3,9,9,0,0,18,0,0,0,1.05,3308,256,173,11,1,-1.1,2.1,2.4,4.48,31,31,37,19,17,1,2,0,1.65,-0.7,1.026,12,1,196.0,0,0,23,19,5,4,0,0,0,0,0,0,-1.9,0.0
SP,Cy Young,Cy,Young,Gastonia Peaches,6' 2',210 lbs,R,R,102,Cleveland Spiders,CLE,1895,2026,HOF,86572,Perfect,Young & Old 2 - Hall of Fame  SP Cy Young  CL4  1895,0,N,0,32,72,1,24,94,45,41,1,51,121,27,80,1,9,88,35,6,Normal,Pull,Pull,118,151,142,130,118,148,142,123,117,154,142,135,111,79,122,90,-,-,-,-,-,121,-,-,5,NEU,92-94,OTT,Normal,114,60,-,-,-,48,39,47,36,3,3,3,90,-,-,-,-,-,-,-,-,90,-,-,-,-,-,-,-,-,75,81,68,86,,,0,0,0,0,0,0,0,0,0,0,0,0,0,0,0,0,0,0.0,0.00,0,-0.0,0.0,0.00,0,0,0.0,0.0,35,35,11,17,0,0,0,221.2,976,879,163,43,3,30,129,121,72,0,172,10,4,10,8,0,1,16,0,0,0,0.98,3800,237,233,25,1,-2.4,2.1,1.6,4.23,35,35,42,18,24,0,0,0,1.71,-2.1,1.134,26,1,221.2,0,0,18,17,6,4,2,0,0,0,0,0,-3.2,0.0
SP,Roger Clemens,Roger,Clemens,Phoenix Mango Slush - HOTL,6' 4',220 lbs,R,R,101,Toronto Blue Jays,TOR,1998,1993-2004,CS,86466,Perfect,Clubhouse - Baseball Reference 7  SP Roger Clemens  TOR  1998,0,N,0,1,3,1,4,2,1,3,1,4,2,1,3,1,4,2,22,1,Normal,Spray,Spray,145,97,137,146,146,84,141,137,144,111,133,153,133,78,132,110,-,90,-,123,-,-,-,-,6,GB,97-99,3/4,GB'er,97,51,-,-,-,32,40,30,19,3,10,1,78,-,-,-,-,-,-,-,-,78,-,-,-,-,-,-,-,-,15,5,6,24,,,0,0,0,0,0,0,0,0,0,0,0,0,0,0,0,0,0,0.0,0.00,0,-0.0,0.0,0.00,0,0,0.0,0.0,31,27,6,14,0,0,0,157.0,698,614,131,29,5,14,99,96,67,0,130,7,1,9,8,0,0,17,3,3,1,1.04,2741,166,143,16,8,-2.7,2.1,0.2,4.34,31,27,23,10,12,1,0,0,1.26,-0.8,.746,24,8,157.0,0,0,8,6,8,3,1,1,0,0,0,0,-1.4,0.0
SP,Johan Santana,Johan,Santana,Freedom Grabbers - HotL,6' 0',210 lbs,L,L,101,Minnesota Twins,MIN,2006,2005-2014,CS,86278,Perfect,Clubhouse - Historical All-Star  SP Johan Santana  MIN  2006,0,N,0,1,2,1,2,1,1,1,1,1,1,1,3,1,3,1,25,1,Normal,Spray,Spray,141,120,124,119,124,110,108,115,147,124,130,121,121,-,-,117,-,-,-,-,158,-,-,-,3,FB,93-95,3/4,Normal,96,66,-,-,-,35,18,25,23,4,1,5,62,-,-,-,-,-,-,-,-,62,-,-,-,-,-,-,-,-,5,3,6,6,,,0,0,0,0,0,0,0,0,0,0,0,0,0,0,0,0,0,0.0,0.00,0,-0.0,0.0,0.00,0,0,0.0,0.0,31,31,8,12,0,0,0,185.1,794,711,106,45,7,25,110,104,67,0,163,3,4,9,7,0,0,18,0,0,0,0.98,3106,186,183,4,2,-2.7,2.1,1.0,3.94,31,31,22,11,9,2,0,0,0.97,0.4,.923,6,2,185.1,0,0,13,10,3,3,1,1,0,0,0,0,-1.6,0.0
SP,Roger Clemens,Roger,Clemens,Laffy Comedians - CG,6' 4',220 lbs,R,R,101,Toronto Blue Jays,TOR,1998,1993-2004,CS,86466,Perfect,Clubhouse - Baseball Reference 7  SP Roger Clemens  TOR  1998,0,N,0,1,3,1,4,2,1,3,1,4,2,1,3,1,4,2,22,1,Normal,Spray,Spray,145,97,137,146,146,84,141,137,144,111,133,153,133,78,132,110,-,90,-,123,-,-,-,-,6,GB,97-99,3/4,GB'er,97,51,-,-,-,32,40,30,19,3,10,1,78,-,-,-,-,-,-,-,-,78,-,-,-,-,-,-,-,-,15,5,6,24,,,0,0,0,0,0,0,0,0,0,0,0,0,0,0,0,0,0,0.0,0.00,0,-0.0,0.0,0.00,0,0,0.0,0.0,33,33,10,9,0,0,0,197.0,849,761,122,42,5,23,106,99,72,0,157,7,2,7,4,1,0,15,0,0,0,1.00,3368,226,186,7,4,-1.8,2.1,2.0,4.23,33,33,39,20,17,2,1,0,1.69,0.8,.975,11,4,197.0,0,0,20,15,6,6,1,1,0,0,0,0,-2.7,0.0
SP,Satchel Paige,Satchel,Paige,Englewood Pirates,6' 3',180 lbs,R,R,100,Kansas City Monarchs,KCM,1944,1921-1945,CS,84844,Perfect,Clubhouse - Negro League Star  SP Satchel Paige  KCM  1944,0,N,0,57,71,1,37,46,57,77,1,52,43,57,69,1,33,47,51,26,Normal,Spray,Normal,125,95,115,118,119,99,112,117,130,93,117,118,103,92,122,109,-,-,-,103,-,120,120,-,7,NEU,94-96,3/4,Normal,96,63,1,1,1,29,32,29,25,5,10,2,71,-,56,-,-,-,-,-,-,71,-,56,-,-,-,-,-,-,43,4,11,29,,,0,0,0,0,0,0,0,0,0,0,0,0,0,0,0,0,0,0.0,0.00,0,-0.0,0.0,0.00,0,0,0.0,0.0,32,32,7,14,0,0,0,192.2,860,760,135,43,4,23,121,113,83,0,175,9,2,6,4,2,0,16,0,0,0,0.94,3389,183,195,6,5,-2.0,2.1,0.4,4.11,32,32,34,21,11,2,0,0,1.49,1.6,.984,11,5,192.2,0,0,13,11,11,8,3,3,0,0,0,0,-2.4,0.0
SP,Roger Clemens,Roger,Clemens,Sharpstown Bill Collectors,6' 4',220 lbs,R,R,101,Toronto Blue Jays,TOR,1998,1993-2004,CS,86466,Perfect,Clubhouse - Baseball Reference 7  SP Roger Clemens  TOR  1998,0,N,0,1,3,1,4,2,1,3,1,4,2,1,3,1,4,2,22,1,Normal,Spray,Spray,145,97,137,146,146,84,141,137,144,111,133,153,133,78,132,110,-,90,-,123,-,-,-,-,6,GB,97-99,3/4,GB'er,97,51,-,-,-,32,40,30,19,3,10,1,78,-,-,-,-,-,-,-,-,78,-,-,-,-,-,-,-,-,15,5,6,24,,,0,0,0,0,0,0,0,0,0,0,0,0,0,0,0,0,0,0.0,0.00,0,-0.0,0.0,0.00,0,0,0.0,0.0,34,34,4,16,0,0,0,179.0,768,684,117,29,2,19,91,79,70,0,139,6,4,4,3,0,0,14,0,0,0,1.03,3129,207,170,14,2,-0.3,2.1,2.5,4.36,34,34,36,14,22,0,0,0,1.81,-0.4,1.149,16,2,179.0,0,0,17,15,3,2,2,1,0,0,0,0,-2.2,0.0
SP,Johan Santana,Johan,Santana,Peninsula Whips,6' 0',210 lbs,L,L,101,Minnesota Twins,MIN,2006,2005-2014,CS,86278,Perfect,Clubhouse - Historical All-Star  SP Johan Santana  MIN  2006,0,N,0,1,2,1,2,1,1,1,1,1,1,1,3,1,3,1,25,1,Normal,Spray,Spray,141,120,124,119,124,110,108,115,147,124,130,121,121,-,-,117,-,-,-,-,158,-,-,-,3,FB,93-95,3/4,Normal,96,66,-,-,-,35,18,25,23,4,1,5,62,-,-,-,-,-,-,-,-,62,-,-,-,-,-,-,-,-,5,3,6,6,,,0,0,0,0,0,0,0,0,0,0,0,0,0,0,0,0,0,0.0,0.00,0,-0.0,0.0,0.00,0,0,0.0,0.0,32,32,11,12,0,0,0,191.0,835,761,140,39,3,27,100,97,62,0,156,4,3,4,6,0,1,14,0,0,0,0.99,3308,206,192,7,3,-1.3,2.1,2.6,4.08,32,32,28,10,18,0,0,0,1.32,0.3,1.077,10,3,191.0,0,0,13,10,0,0,0,0,0,0,0,0,-2.3,0.0
SP,Roger Clemens,Roger,Clemens,Shibuya Shredders - GH,6' 4',220 lbs,R,R,101,Toronto Blue Jays,TOR,1998,1993-2004,CS,86466,Perfect,Clubhouse - Baseball Reference 7  SP Roger Clemens  TOR  1998,0,N,0,1,3,1,4,2,1,3,1,4,2,1,3,1,4,2,22,1,Normal,Spray,Spray,145,97,137,146,146,84,141,137,144,111,133,153,133,78,132,110,-,90,-,123,-,-,-,-,6,GB,97-99,3/4,GB'er,97,51,-,-,-,32,40,30,19,3,10,1,78,-,-,-,-,-,-,-,-,78,-,-,-,-,-,-,-,-,15,5,6,24,,,0,0,0,0,0,0,0,0,0,0,0,0,0,0,0,0,0,0.0,0.00,0,-0.0,0.0,0.00,0,0,0.0,0.0,36,36,12,12,0,0,0,222.2,978,866,143,46,5,29,128,111,90,0,189,10,4,8,6,2,0,19,0,0,0,1.03,3883,239,213,13,7,-2.2,2.0,1.6,4.20,36,36,47,23,20,4,1,0,1.74,0.2,.937,20,7,222.2,0,0,21,18,8,4,0,0,0,0,0,0,-2.7,0.0
CL,Rich Gossage,Rich,Gossage,Rockford Peaches,6' 3',215 lbs,R,R,101,New York Yankees,NYA,1982,1980-1992,HOF,85046,Perfect,All-Star Week - Hall of Fame  CL Rich Gossage  NYY  1982,0,N,0,1,3,1,3,1,1,3,1,3,1,1,3,1,3,1,27,17,Normal,Normal,Normal,153,100,141,144,133,72,138,150,169,133,143,140,136,-,-,134,-,-,-,-,-,-,-,-,2,EX FB,97-99,3/4,Normal,48,61,-,-,-,26,13,20,23,10,4,7,45,-,-,-,-,-,-,-,-,45,-,-,-,-,-,-,-,-,15,5,6,25,,,0,0,0,0,0,0,0,0,0,0,0,0,0,0,0,0,0,0.0,0.00,0,-0.0,0.0,0.00,0,0,0.0,0.0,52,0,2,3,9,13,8,78.0,313,287,47,14,2,2,20,19,21,1,76,1,0,4,3,1,0,6,22,31,8,0.84,1226,65,84,9,1,0.0,2.0,2.3,3.20,51,0,10,6,4,0,0,0,1.15,-1.0,.923,10,1,78.0,0,0,4,3,3,2,1,1,0,0,0,0,-1.1,0.0
RP,Dolf Luque,Dolf,Luque,Peninsula Whips,5' 7',160 lbs,R,R,100,Cincinnati Reds,CIN,1923,1921-1945,BBR,85679,Perfect,June Gems - Baseball Reference 3  SP Dolf Luque  CIN  1923,0,N,0,17,45,35,50,28,19,37,32,53,25,17,48,37,49,30,70,8,Normal,Spray,Spray,119,81,125,133,116,68,132,140,121,90,119,128,100,118,125,98,-,90,-,-,-,-,-,-,5,NEU,90-92,OTT,Normal,100,56,-,-,-,29,23,24,22,4,9,3,59,-,-,-,-,-,-,-,-,59,-,-,-,-,-,-,-,-,36,59,44,20,,,0,0,0,0,0,0,0,0,0,0,0,0,0,0,0,0,0,0.0,0.00,0,-0.0,0.0,0.00,0,0,0.0,0.0,43,13,5,7,1,5,3,122.0,538,481,93,27,0,10,65,58,50,0,114,1,0,6,5,0,0,13,15,23,7,0.89,2136,128,104,12,5,-0.7,2.0,1.0,3.96,43,13,13,8,4,1,0,0,0.89,-0.4,1.077,17,5,122.0,0,0,9,6,4,1,1,1,0,0,0,0,-0.7,0.0
SP,Phil Niekro,Phil,Niekro,Alexandria SafeZone,6' 1',180 lbs,R,R,100,Atlanta Braves,ATL,1978,1961-1979,CS,85728,Perfect,Clubhouse - SwitchKnucklers - Hall of Fame  SP Phil Niekro  ATL  1978,0,N,0,80,50,14,37,46,88,41,8,26,69,77,53,17,41,35,31,2,Groundball,Normal,Normal,128,94,119,120,121,92,124,131,134,97,116,117,75,-,-,78,-,-,-,-,-,-,-,172,3,FB,86-88,3/4,Normal,99,57,-,-,-,35,41,38,39,9,6,5,83,-,-,-,-,-,-,-,-,83,-,-,-,-,-,-,-,-,5,5,6,5,,,0,0,0,0,0,0,0,0,0,0,0,0,0,0,0,0,0,0.0,0.00,0,-0.0,0.0,0.00,0,0,0.0,0.0,33,33,11,12,0,0,0,204.1,883,779,134,35,4,25,106,98,81,0,171,12,5,6,5,2,0,22,0,0,0,0.97,3512,213,200,15,1,-1.2,1.9,2.7,4.19,33,33,42,23,18,1,1,0,1.81,-0.8,1.026,16,1,204.1,0,0,17,15,7,6,1,1,0,0,0,0,-2.3,0.0
SP,Josh Johnson,Josh,Johnson,Canterbury Tails,6' 7',245 lbs,L,R,100,Florida Marlins,FLA,2010,2005-2014,ME,86275,Perfect,All-Star Week Mission Reward  SP Josh Johnson  FLO  2010,0,N,0,1,6,1,6,3,4,3,1,7,1,1,7,1,6,4,64,5,Normal,Normal,Normal,131,113,97,138,129,88,104,130,133,140,93,145,126,118,116,125,-,-,-,-,-,-,-,-,4,NEU,94-96,3/4,Normal,72,52,-,-,-,27,38,29,23,2,10,4,74,-,-,-,-,-,-,-,-,74,-,-,-,-,-,-,-,-,5,5,6,5,,,0,0,0,0,0,0,0,0,0,0,0,0,0,0,0,0,0,0.0,0.00,0,-0.0,0.0,0.00,0,0,0.0,0.0,33,33,10,11,0,0,0,184.2,795,725,136,35,6,24,106,100,54,0,141,10,1,5,13,1,0,17,0,0,0,0.99,3141,181,200,10,7,-2.6,1.9,1.3,4.16,33,33,34,18,15,1,1,0,1.61,2.2,1.077,17,7,184.2,0,0,11,11,8,6,1,1,0,0,0,0,-2.4,0.0
SP,Josh Johnson,Josh,Johnson,Peninsula Whips,6' 7',245 lbs,L,R,100,Florida Marlins,FLA,2010,2005-2014,ME,86275,Perfect,All-Star Week Mission Reward  SP Josh Johnson  FLO  2010,0,N,0,1,6,1,6,3,4,3,1,7,1,1,7,1,6,4,64,5,Normal,Normal,Normal,131,113,97,138,129,88,104,130,133,140,93,145,126,118,116,125,-,-,-,-,-,-,-,-,4,NEU,94-96,3/4,Normal,72,52,-,-,-,27,38,29,23,2,10,4,74,-,-,-,-,-,-,-,-,74,-,-,-,-,-,-,-,-,5,5,6,5,,,0,0,0,0,0,0,0,0,0,0,0,0,0,0,0,0,0,0.0,0.00,0,-0.0,0.0,0.00,0,0,0.0,0.0,31,31,11,7,0,0,0,173.0,759,679,122,31,2,23,96,89,65,0,149,5,5,4,11,2,1,8,0,0,0,1.03,3010,181,171,13,4,-1.6,1.9,1.8,4.08,31,31,32,21,10,1,0,0,1.61,-0.0,1.028,17,4,173.0,0,0,21,18,4,2,2,1,1,1,0,0,-3.1,0.0
SP,Johan Santana,Johan,Santana,New Platson Grand Petites HotL,6' 0',210 lbs,L,L,101,Minnesota Twins,MIN,2006,2005-2014,CS,86278,Perfect,Clubhouse - Historical All-Star  SP Johan Santana  MIN  2006,0,N,0,1,2,1,2,1,1,1,1,1,1,1,3,1,3,1,25,1,Normal,Spray,Spray,141,120,124,119,124,110,108,115,147,124,130,121,121,-,-,117,-,-,-,-,158,-,-,-,3,FB,93-95,3/4,Normal,96,66,-,-,-,35,18,25,23,4,1,5,62,-,-,-,-,-,-,-,-,62,-,-,-,-,-,-,-,-,5,3,6,6,,,0,0,0,0,0,0,0,0,0,0,0,0,0,0,0,0,0,0.0,0.00,0,-0.0,0.0,0.00,0,0,0.0,0.0,33,33,11,14,0,0,0,201.0,864,772,128,41,4,30,109,106,73,0,184,11,3,5,8,0,0,22,0,0,0,0.96,3474,196,193,9,4,-1.0,1.9,2.3,3.84,33,33,27,16,10,1,0,0,1.16,0.8,1.077,13,4,201.0,0,0,15,12,2,2,1,1,0,0,0,0,-3.8,0.0
SP,Satchel Paige,Satchel,Paige,New Platson Grand Petites HotL,6' 3',180 lbs,R,R,100,Kansas City Monarchs,KCM,1944,1921-1945,CS,84844,Perfect,Clubhouse - Negro League Star  SP Satchel Paige  KCM  1944,0,N,0,57,71,1,37,46,57,77,1,52,43,57,69,1,33,47,51,26,Normal,Spray,Normal,125,95,115,118,119,99,112,117,130,93,117,118,103,92,122,109,-,-,-,103,-,120,120,-,7,NEU,94-96,3/4,Normal,96,63,1,1,1,29,32,29,25,5,10,2,71,-,56,-,-,-,-,-,-,71,-,56,-,-,-,-,-,-,43,4,11,29,,,0,0,0,0,0,0,0,0,0,0,0,0,0,0,0,0,0,0.0,0.00,0,-0.0,0.0,0.00,0,0,0.0,0.0,25,24,12,6,0,0,0,149.2,647,575,95,42,1,12,79,71,60,0,93,4,0,8,7,0,0,14,1,0,0,1.10,2498,161,171,6,3,-1.1,1.9,1.9,4.93,25,24,27,11,16,0,1,0,1.62,0.5,1.077,9,3,149.2,0,0,11,9,0,0,0,0,0,0,0,0,-2.3,0.0
SP,Kevin Brown,Kevin,Brown,Washington Border Collies,6' 4',195 lbs,R,R,100,Florida Marlins,FLA,1996,1993-2004,,85401,Perfect,Played Where? - Historical All-Star  SP Kevin Brown  FLO  1996,0,N,0,7,28,3,36,17,8,19,5,43,24,7,31,3,34,15,48,58,Normal,Normal,Normal,87,118,124,126,83,117,127,131,90,120,121,121,85,-,93,84,95,117,-,-,-,-,-,-,5,EX GB,90-92,OTT,GB'er,94,60,-,-,-,35,20,25,22,10,3,3,64,-,-,-,-,-,-,-,-,64,-,-,-,-,-,-,-,-,6,5,6,7,,,0,0,0,0,0,0,0,0,0,0,0,0,0,0,0,0,0,0.0,0.00,0,-0.0,0.0,0.00,0,0,0.0,0.0,34,34,10,14,0,0,0,198.0,884,800,152,43,5,26,118,115,69,0,134,6,3,6,10,1,0,14,0,0,0,1.00,3429,254,184,8,5,-2.8,1.8,1.7,4.62,34,34,45,21,22,2,3,0,1.95,0.7,.937,13,5,198.0,0,0,24,21,3,2,0,0,0,0,0,0,-2.4,0.0
CL,Aroldis Chapman,Aroldis,Chapman,Canterbury Tails,6' 4',235 lbs,L,L,101,Chicago Cubs,CHC,2016,2015+,CS,86413,Perfect,Clubhouse - Baseball Reference 6  CL Aroldis Chapman  CHC  2016,0,N,0,1,3,1,3,1,1,3,1,3,1,1,3,1,3,1,22,1,Normal,Normal,Normal,180,87,134,153,166,50,151,171,184,97,128,147,145,-,-,147,-,116,-,-,-,-,-,-,3,NEU,100+,OTT,Normal,17,49,-,-,-,29,20,24,23,10,4,7,57,-,-,-,-,-,-,-,-,57,-,-,-,-,-,-,-,-,16,4,6,28,,,0,0,0,0,0,0,0,0,0,0,0,0,0,0,0,0,0,0.0,0.00,0,-0.0,0.0,0.00,0,0,0.0,0.0,58,0,4,1,3,32,7,59.0,230,207,26,10,0,3,12,11,16,0,60,4,2,1,3,0,0,5,45,11,2,2.22,910,62,47,1,1,3.2,1.8,3.3,3.09,58,0,13,7,6,0,0,0,1.98,0.9,1.077,2,1,59.0,0,0,6,6,2,2,0,0,0,0,0,0,-0.3,0.0
SP,Orel Hershiser,Orel,Hershiser,Alexandria SafeZone,6' 3',190 lbs,R,R,102,Los Angeles Dodgers,LAD,1988,1980-1992,CS,83135,Perfect,Clubhouse - Baseball Reference 8  SP Orel Hershiser  LAD  1988,0,N,0,52,46,4,34,33,67,41,4,33,35,45,48,4,35,33,58,6,Normal,Spray,Spray,117,148,151,151,105,146,160,147,128,150,144,154,-,-,126,-,127,-,102,-,-,-,92,-,4,GB,89-91,3/4,GB'er,100,87,-,-,-,34,18,25,24,3,6,9,61,-,-,-,-,-,-,-,-,61,-,-,-,-,-,-,-,-,44,42,58,39,,,0,0,0,0,0,0,0,0,0,0,0,0,0,0,0,0,0,0.0,0.00,0,-0.0,0.0,0.00,0,0,0.0,0.0,19,19,4,9,0,0,0,108.2,488,446,103,28,5,8,65,58,30,0,68,5,4,3,4,0,0,11,0,0,0,1.05,1864,133,105,5,2,-2.0,1.8,0.6,4.61,19,19,26,13,10,3,0,0,1.90,-0.1,.987,7,2,108.2,0,0,11,9,5,3,0,0,0,0,0,0,-0.8,0.0
SP,Vida Blue,Vida,Blue,Grover Beach Grouches,6' 0',190 lbs,S,L,101,Oakland Athletics,OAK,1971,1961-1979,,85756,Perfect,SwitchKnucklers - Hardware Heroes  SP Vida Blue  ATH  1971,118 611,N,0,90,43,3,37,14,97,70,6,51,12,88,30,3,33,15,76,9,Groundball,Pull,Pull,130,101,137,120,119,98,121,110,133,103,142,129,107,131,132,87,-,-,-,-,-,-,-,-,4,EX FB,90-92,3/4,Normal,97,63,-,-,-,24,36,27,20,1,7,4,68,-,-,-,-,-,-,-,-,68,-,-,-,-,-,-,-,-,39,54,30,37,,,0,0,0,0,0,0,0,0,0,0,0,0,0,0,0,0,0,0.0,0.00,0,-0.0,0.0,0.00,0,0,0.0,0.0,30,30,13,9,0,0,0,179.1,763,676,115,29,4,20,76,71,74,0,139,5,2,5,6,1,1,19,0,0,0,1.04,3133,174,193,6,5,0.9,1.8,4.1,4.42,30,30,19,11,7,1,1,0,0.90,1.1,.979,11,5,179.1,0,0,9,8,5,3,0,0,0,0,0,0,-1.4,0.0
CL,Craig Kimbrel,Craig,Kimbrel,Gastonia Peaches,6' 0',215 lbs,R,R,100,Atlanta Braves,ATL,2012,2005-2014,PTCS,85467,Perfect,PTCS 3 - Hardware Heroes  CL Craig Kimbrel  ATL  2012,0,N,0,1,3,1,3,1,1,3,1,3,2,1,3,1,3,1,26,39,Normal,Spray,Spray,184,105,130,126,181,90,140,140,187,122,122,118,146,-,-,117,-,-,-,-,-,-,149,-,3,NEU,96-98,3/4,Power,20,58,-,-,-,25,20,23,23,5,5,9,52,-,-,-,-,-,-,-,-,52,-,-,-,-,-,-,-,-,5,4,6,5,,,0,0,0,0,0,0,0,0,0,0,0,0,0,0,0,0,0,0.0,0.00,0,-0.0,0.0,0.00,0,0,0.0,0.0,56,0,3,4,14,26,10,59.0,225,207,28,8,0,4,21,18,13,0,70,2,1,2,3,0,0,6,18,47,7,1.55,888,53,43,4,2,1.8,1.8,1.5,2.32,55,0,9,5,3,1,0,0,1.22,0.0,.862,6,2,59.0,0,0,3,3,2,1,2,1,0,0,0,0,-1.2,0.0
SP,CC Sabathia,CC,Sabathia,Grover Beach Grouches,6' 6',300 lbs,L,L,101,Milwaukee Brewers,MIL,2008,2005-2014,ME,86350,Perfect,Trade Deadliners - Baseball Reference 6  SP CC Sabathia  MIL  2008,271 453,N,0,71,66,110,4,60,120,10,10,4,31,48,74,140,4,65,28,1,Normal,Pull,Pull,127,126,127,139,161,111,115,160,116,131,131,131,130,111,-,104,136,-,-,-,-,-,-,-,4,NEU,97-99,3/4,Normal,105,62,-,-,-,27,14,20,20,5,6,4,48,-,-,-,-,-,-,-,-,48,-,-,-,-,-,-,-,-,12,4,6,20,,,0,0,0,0,0,0,0,0,0,0,0,0,0,0,0,0,0,0.0,0.00,0,-0.0,0.0,0.00,0,0,0.0,0.0,35,35,9,11,0,0,0,197.1,883,788,129,54,6,28,125,113,72,0,176,11,4,8,7,2,0,12,0,0,0,1.02,3483,193,200,14,6,-3.4,1.8,0.3,4.00,35,35,28,14,11,3,0,0,1.14,0.3,.987,20,6,197.1,0,0,11,11,4,1,0,0,0,0,0,0,-1.5,0.0
CL,Sean Doolittle,Sean,Doolittle,Webster Groves Supercells,6' 2',205 lbs,L,L,101,Washington Nationals,WSN,2018,2015+,CS,86281,Perfect,Clubhouse - Historical All-Star  CL Sean Doolittle  WAS  2018,0,N,0,1,3,1,3,1,1,3,1,3,1,1,3,1,3,1,21,1,Normal,Spray,Spray,152,125,181,119,180,66,200,160,143,150,175,115,128,-,-,123,-,-,-,-,-,-,-,-,2,EX FB,93-95,3/4,Normal,11,57,-,-,-,27,20,23,23,2,9,3,55,-,-,-,-,-,-,-,-,55,-,-,-,-,-,-,-,-,5,5,6,5,,,0,0,0,0,0,0,0,0,0,0,0,0,0,0,0,0,0,0.0,0.00,0,-0.0,0.0,0.00,0,0,0.0,0.0,61,0,8,0,17,25,5,57.0,225,204,24,9,0,3,13,11,16,1,62,1,0,4,1,0,0,2,15,41,11,1.63,918,49,56,3,1,2.7,1.8,2.5,2.83,61,0,9,7,2,0,0,0,1.42,0.4,1.077,4,1,57.0,0,0,6,6,2,1,1,1,0,0,0,0,-0.5,0.0
SP,Orel Hershiser,Orel,Hershiser,Shakedown 1977 Microbus TTC - GH,6' 3',190 lbs,R,R,102,Los Angeles Dodgers,LAD,1988,1980-1992,CS,83135,Perfect,Clubhouse - Baseball Reference 8  SP Orel Hershiser  LAD  1988,0,N,0,52,46,4,34,33,67,41,4,33,35,45,48,4,35,33,58,6,Normal,Spray,Spray,117,148,151,151,105,146,160,147,128,150,144,154,-,-,126,-,127,-,102,-,-,-,92,-,4,GB,89-91,3/4,GB'er,100,87,-,-,-,34,18,25,24,3,6,9,61,-,-,-,-,-,-,-,-,61,-,-,-,-,-,-,-,-,44,42,58,39,,,0,0,0,0,0,0,0,0,0,0,0,0,0,0,0,0,0,0.0,0.00,0,-0.0,0.0,0.00,0,0,0.0,0.0,38,21,5,5,4,9,2,94.0,381,343,61,8,4,7,31,27,28,0,73,3,3,3,2,0,1,14,8,3,1,1.11,1498,115,77,2,2,1.2,1.8,2.9,4.05,38,21,21,10,11,0,3,0,2.01,0.1,.970,4,2,94.0,0,0,11,8,2,1,0,0,0,0,0,0,-1.2,0.0
SP,Vida Blue,Vida,Blue,Laffy Comedians - CG,6' 0',190 lbs,S,L,101,Oakland Athletics,OAK,1971,1961-1979,,85756,Perfect,SwitchKnucklers - Hardware Heroes  SP Vida Blue  ATH  1971,0,N,0,90,43,3,37,14,97,70,6,51,12,88,30,3,33,15,76,9,Groundball,Pull,Pull,130,101,137,120,119,98,121,110,133,103,142,129,107,131,132,87,-,-,-,-,-,-,-,-,4,EX FB,90-92,3/4,Normal,97,63,-,-,-,24,36,27,20,1,7,4,68,-,-,-,-,-,-,-,-,68,-,-,-,-,-,-,-,-,39,54,30,37,,,0,0,0,0,0,0,0,0,0,0,0,0,0,0,0,0,0,0.0,0.00,0,-0.0,0.0,0.00,0,0,0.0,0.0,30,30,14,9,0,0,0,178.1,783,684,116,32,4,20,88,86,85,0,163,8,2,4,7,2,0,14,0,0,0,1.04,3086,158,191,11,2,-1.0,1.7,2.6,4.18,30,30,30,17,11,2,2,0,1.41,0.1,1.077,13,2,178.1,0,0,16,14,3,3,0,0,0,0,0,0,-2.0,0.0
SP,CC Sabathia,CC,Sabathia,Phoenix Mango Slush - HOTL,6' 6',300 lbs,L,L,101,Milwaukee Brewers,MIL,2008,2005-2014,ME,86350,Perfect,Trade Deadliners - Baseball Reference 6  SP CC Sabathia  MIL  2008,0,N,0,71,66,110,4,60,120,10,10,4,31,48,74,140,4,65,28,1,Normal,Pull,Pull,127,126,127,139,161,111,115,160,116,131,131,131,130,111,-,104,136,-,-,-,-,-,-,-,4,NEU,97-99,3/4,Normal,105,62,-,-,-,27,14,20,20,5,6,4,48,-,-,-,-,-,-,-,-,48,-,-,-,-,-,-,-,-,12,4,6,20,,,0,0,0,0,0,0,0,0,0,0,0,0,0,0,0,0,0,0.0,0.00,0,-0.0,0.0,0.00,0,0,0.0,0.0,33,33,10,12,0,0,0,200.2,848,779,128,43,3,31,112,101,60,0,162,4,0,5,5,0,0,19,0,0,0,0.94,3389,230,180,15,3,-1.6,1.7,1.8,3.99,33,33,26,12,13,1,0,0,1.12,-1.6,.987,18,3,200.2,0,0,13,8,7,5,0,0,0,0,0,0,-2.7,0.0
SP,Johan Santana,Johan,Santana,Everett Aqua Sox,6' 0',210 lbs,L,L,101,Minnesota Twins,MIN,2006,2005-2014,CS,86278,Perfect,Clubhouse - Historical All-Star  SP Johan Santana  MIN  2006,0,N,0,1,2,1,2,1,1,1,1,1,1,1,3,1,3,1,25,1,Normal,Spray,Spray,141,120,124,119,124,110,108,115,147,124,130,121,121,-,-,117,-,-,-,-,158,-,-,-,3,FB,93-95,3/4,Normal,96,66,-,-,-,35,18,25,23,4,1,5,62,-,-,-,-,-,-,-,-,62,-,-,-,-,-,-,-,-,5,3,6,6,,,0,0,0,0,0,0,0,0,0,0,0,0,0,0,0,0,0,0.0,0.00,0,-0.0,0.0,0.00,0,0,0.0,0.0,34,34,9,11,0,0,0,172.2,771,700,133,43,3,25,114,102,60,0,148,3,2,6,12,3,0,14,0,0,0,0.97,3036,177,169,17,4,-3.5,1.7,-0.0,4.05,34,34,31,19,9,3,0,0,1.46,-0.5,.964,21,4,172.2,0,0,15,12,6,6,1,1,0,0,0,0,-2.6,0.0
SP,Orel Hershiser,Orel,Hershiser,Dark Web Hackers,6' 3',190 lbs,R,R,102,Los Angeles Dodgers,LAD,1988,1980-1992,CS,83135,Perfect,Clubhouse - Baseball Reference 8  SP Orel Hershiser  LAD  1988,0,N,0,52,46,4,34,33,67,41,4,33,35,45,48,4,35,33,58,6,Normal,Spray,Spray,117,148,151,151,105,146,160,147,128,150,144,154,-,-,126,-,127,-,102,-,-,-,92,-,4,GB,89-91,3/4,GB'er,100,87,-,-,-,34,18,25,24,3,6,9,61,-,-,-,-,-,-,-,-,61,-,-,-,-,-,-,-,-,44,42,58,39,,,0,0,0,0,0,0,0,0,0,0,0,0,0,0,0,0,0,0.0,0.00,0,-0.0,0.0,0.00,0,0,0.0,0.0,20,20,9,6,0,0,0,118.1,508,458,84,17,3,12,69,63,41,0,90,3,1,5,4,0,0,7,0,0,0,0.94,1952,122,129,2,5,-0.7,1.7,1.0,4.30,20,20,19,12,5,2,1,0,1.29,1.0,.846,7,5,118.1,0,0,13,9,4,4,0,0,0,0,0,0,-0.8,0.0
SP,Vida Blue,Vida,Blue,New Platson Grand Petites HotL,6' 0',190 lbs,S,L,101,Oakland Athletics,OAK,1971,1961-1979,,85756,Perfect,SwitchKnucklers - Hardware Heroes  SP Vida Blue  ATH  1971,0,N,0,90,43,3,37,14,97,70,6,51,12,88,30,3,33,15,76,9,Groundball,Pull,Pull,130,101,137,120,119,98,121,110,133,103,142,129,107,131,132,87,-,-,-,-,-,-,-,-,4,EX FB,90-92,3/4,Normal,97,63,-,-,-,24,36,27,20,1,7,4,68,-,-,-,-,-,-,-,-,68,-,-,-,-,-,-,-,-,39,54,30,37,,,0,0,0,0,0,0,0,0,0,0,0,0,0,0,0,0,0,0.0,0.00,0,-0.0,0.0,0.00,0,0,0.0,0.0,34,34,10,14,0,0,0,194.2,865,766,131,50,3,26,123,116,76,0,153,7,4,12,8,2,0,16,0,0,0,0.96,3414,199,207,17,2,-2.4,1.7,0.6,4.39,34,34,42,28,14,0,0,0,1.94,0.1,1.119,19,2,194.2,0,0,24,23,9,7,1,0,0,0,0,0,-2.8,0.0
SP,Johan Santana,Johan,Santana,New Haven Corsairs,6' 0',210 lbs,L,L,101,Minnesota Twins,MIN,2006,2005-2014,CS,86278,Perfect,Clubhouse - Historical All-Star  SP Johan Santana  MIN  2006,0,N,0,1,2,1,2,1,1,1,1,1,1,1,3,1,3,1,25,1,Normal,Spray,Spray,141,120,124,119,124,110,108,115,147,124,130,121,121,-,-,117,-,-,-,-,158,-,-,-,3,FB,93-95,3/4,Normal,96,66,-,-,-,35,18,25,23,4,1,5,62,-,-,-,-,-,-,-,-,62,-,-,-,-,-,-,-,-,5,3,6,6,,,0,0,0,0,0,0,0,0,0,0,0,0,0,0,0,0,0,0.0,0.00,0,-0.0,0.0,0.00,0,0,0.0,0.0,34,34,9,13,0,0,0,199.1,876,795,147,45,4,30,111,107,64,0,162,8,4,5,8,1,0,18,0,0,0,1.03,3410,196,211,15,3,-2.2,1.7,1.9,4.11,34,34,32,19,11,2,0,0,1.35,-1.4,.958,18,3,199.1,0,0,22,17,2,1,1,1,0,0,0,0,-3.2,0.0
SP,Roger Clemens,Roger,Clemens,Grover Beach Grouches,6' 4',220 lbs,R,R,101,Toronto Blue Jays,TOR,1998,1993-2004,CS,86466,Perfect,Clubhouse - Baseball Reference 7  SP Roger Clemens  TOR  1998,254 915,N,0,1,3,1,4,2,1,3,1,4,2,1,3,1,4,2,22,1,Normal,Spray,Spray,145,97,137,146,146,84,141,137,144,111,133,153,133,78,132,110,-,90,-,123,-,-,-,-,6,GB,97-99,3/4,GB'er,97,51,-,-,-,32,40,30,19,3,10,1,78,-,-,-,-,-,-,-,-,78,-,-,-,-,-,-,-,-,15,5,6,24,,,0,0,0,0,0,0,0,0,0,0,0,0,0,0,0,0,0,0.0,0.00,0,-0.0,0.0,0.00,0,0,0.0,0.0,34,34,13,8,0,0,0,187.1,815,710,122,36,2,20,103,91,91,0,152,7,1,6,13,1,0,25,0,0,0,1.05,3347,198,178,13,5,-1.0,1.7,1.8,4.51,34,34,28,8,20,0,2,0,1.35,0.2,1.212,18,5,187.1,0,0,11,7,3,3,0,0,0,0,0,0,-2.8,0.0
SP,Kade Anderson,Kade,Anderson,Madison Moundsmen - CG,6' 2',185 lbs,L,L,102,Seattle Mariners,SEA,2026,2026,,85138,Perfect,FLF 22 & Co. - Future Legend  SP Kade Anderson  SEA  2026,0,N,0,15,7,17,8,20,15,7,17,8,20,15,7,17,8,20,51,41,Normal,Normal,Pull,138,134,135,135,142,129,142,144,137,136,132,133,123,112,131,115,-,-,92,-,-,-,-,-,5,FB,93-95,3/4,Normal,72,67,1,1,1,21,17,30,24,26,31,38,46,-,-,-,-,-,-,-,-,46,-,35,-,-,-,20,-,12,19,11,22,24,,,0,0,0,0,0,0,0,0,0,0,0,0,0,0,0,0,0,0.0,0.00,0,-0.0,0.0,0.00,0,0,0.0,0.0,20,20,5,9,0,0,0,121.2,513,475,83,26,3,16,63,62,28,0,92,3,0,6,2,1,1,13,0,0,0,0.95,1982,123,133,6,2,-0.8,1.7,1.6,3.97,20,20,12,6,6,0,1,0,0.89,-0.5,.923,8,2,121.2,0,0,8,5,1,1,0,0,0,0,0,0,-1.1,0.0
SP,Tex Hughson,Tex,Hughson,Freedom Grabbers - HotL,6' 3',200 lbs,R,R,100,Boston Red Sox,BOS,1944,1921-1945,CS,85819,Perfect,Clubhouse - Historical All-Star  SP Tex Hughson  BOS  1944,0,N,0,8,11,1,27,10,5,19,1,33,6,10,9,2,25,12,96,10,Normal,Spray,Spray,106,126,116,117,91,122,129,107,122,130,106,142,-,79,112,94,122,-,-,-,-,95,84,-,6,EX FB,90-92,3/4,Normal,99,62,-,-,-,29,36,29,23,10,9,2,74,-,-,-,-,-,-,-,-,74,-,-,-,-,-,-,-,-,11,4,6,18,,,0,0,0,0,0,0,0,0,0,0,0,0,0,0,0,0,0,0.0,0.00,0,-0.0,0.0,0.00,0,0,0.0,0.0,24,24,5,11,0,0,0,145.0,636,577,101,30,6,18,81,72,44,0,106,4,6,4,11,0,1,9,0,0,0,0.99,2414,143,173,6,1,-0.9,1.6,1.3,4.33,24,24,31,18,12,1,1,0,1.86,0.6,1.021,7,1,145.0,0,0,14,14,5,4,0,0,0,0,0,0,-1.6,0.0
SP,CC Sabathia,CC,Sabathia,New Haven Corsairs,6' 6',300 lbs,L,L,101,Milwaukee Brewers,MIL,2008,2005-2014,ME,86350,Perfect,Trade Deadliners - Baseball Reference 6  SP CC Sabathia  MIL  2008,0,N,0,71,66,110,4,60,120,10,10,4,31,48,74,140,4,65,28,1,Normal,Pull,Pull,127,126,127,139,161,111,115,160,116,131,131,131,130,111,-,104,136,-,-,-,-,-,-,-,4,NEU,97-99,3/4,Normal,105,62,-,-,-,27,14,20,20,5,6,4,48,-,-,-,-,-,-,-,-,48,-,-,-,-,-,-,-,-,12,4,6,20,,,0,0,0,0,0,0,0,0,0,0,0,0,0,0,0,0,0,0.0,0.00,0,-0.0,0.0,0.00,0,0,0.0,0.0,23,23,8,10,0,0,0,143.1,608,543,86,23,2,17,79,68,55,0,115,4,0,6,7,0,0,10,0,0,0,1.01,2396,164,137,12,4,-0.9,1.6,1.4,4.24,23,23,26,13,12,1,0,0,1.57,0.1,1.000,16,4,143.1,0,0,11,9,5,4,1,1,0,0,0,0,-3.4,0.0
SP,Cannonball Morris,Cannonball,Morris,Tampa Bay Yankees 22,5' 7',165 lbs,S,L,102,Pittsburgh Alleghenys,PIT,1886,2026,LE,86573,Perfect,Limited Edition/39  SP Cannonball Morris  PT1  1886,0,N,0,16,119,63,50,75,16,121,64,51,77,16,119,63,50,75,71,51,Line Drive,Normal,Normal,129,141,132,136,127,148,127,143,129,139,133,134,115,123,144,-,-,-,-,-,-,-,-,-,3,NEU,91-93,3/4,Normal,120,61,-,-,-,25,27,26,27,10,3,7,61,-,-,-,-,-,-,-,-,61,-,-,-,-,-,-,-,-,76,76,91,91,,,0,0,0,0,0,0,0,0,0,0,0,0,0,0,0,0,0,0.0,0.00,0,-0.0,0.0,0.00,0,0,0.0,0.0,34,34,11,16,0,0,0,208.1,920,831,173,29,2,31,110,107,72,0,171,9,2,6,10,2,0,18,0,0,0,0.99,3699,207,217,12,7,-1.4,1.6,2.4,4.15,34,34,35,21,12,2,0,0,1.43,1.5,.979,19,7,208.1,0,0,19,17,3,3,1,1,0,0,0,0,-3.0,0.0
RP,Josh Johnson,Josh,Johnson,Houston Swangas,6' 7',245 lbs,L,R,100,Florida Marlins,FLA,2010,2005-2014,ME,86275,Perfect,All-Star Week Mission Reward  SP Josh Johnson  FLO  2010,0,N,0,1,6,1,6,3,4,3,1,7,1,1,7,1,6,4,64,5,Normal,Normal,Normal,131,113,97,138,129,88,104,130,133,140,93,145,126,118,116,125,-,-,-,-,-,-,-,-,4,NEU,94-96,3/4,Normal,72,52,-,-,-,27,38,29,23,2,10,4,74,-,-,-,-,-,-,-,-,74,-,-,-,-,-,-,-,-,5,5,6,5,,,0,0,0,0,0,0,0,0,0,0,0,0,0,0,0,0,0,0.0,0.00,0,-0.0,0.0,0.00,0,0,0.0,0.0,32,10,4,5,9,6,4,82.1,363,334,68,20,0,5,48,45,27,0,70,2,0,0,7,0,0,11,3,15,4,1.05,1439,95,72,6,0,-0.6,1.6,0.2,4.01,32,10,24,11,13,0,0,0,2.62,-0.0,1.077,6,0,82.1,0,0,12,11,3,3,0,0,0,0,0,0,-0.7,0.0
SP,Johan Santana,Johan,Santana,Tampa Bay Yankees 22,6' 0',210 lbs,L,L,101,Minnesota Twins,MIN,2006,2005-2014,CS,86278,Perfect,Clubhouse - Historical All-Star  SP Johan Santana  MIN  2006,0,N,0,1,2,1,2,1,1,1,1,1,1,1,3,1,3,1,25,1,Normal,Spray,Spray,141,120,124,119,124,110,108,115,147,124,130,121,121,-,-,117,-,-,-,-,158,-,-,-,3,FB,93-95,3/4,Normal,96,66,-,-,-,35,18,25,23,4,1,5,62,-,-,-,-,-,-,-,-,62,-,-,-,-,-,-,-,-,5,3,6,6,,,0,0,0,0,0,0,0,0,0,0,0,0,0,0,0,0,0,0.0,0.00,0,-0.0,0.0,0.00,0,0,0.0,0.0,38,16,9,7,2,4,4,126.1,542,502,84,33,1,17,64,61,37,0,118,1,1,1,7,0,0,12,13,8,3,1.01,2146,119,125,5,1,-0.7,1.6,1.4,3.59,37,16,16,10,5,1,0,0,1.07,0.3,1.077,6,1,126.1,0,0,10,9,3,3,1,0,0,0,0,0,-1.1,0.0
SP,CC Sabathia,CC,Sabathia,Laffy Comedians - CG,6' 6',300 lbs,L,L,101,Milwaukee Brewers,MIL,2008,2005-2014,ME,86350,Perfect,Trade Deadliners - Baseball Reference 6  SP CC Sabathia  MIL  2008,0,N,0,71,66,110,4,60,120,10,10,4,31,48,74,140,4,65,28,1,Normal,Pull,Pull,127,126,127,139,161,111,115,160,116,131,131,131,130,111,-,104,136,-,-,-,-,-,-,-,4,NEU,97-99,3/4,Normal,105,62,-,-,-,27,14,20,20,5,6,4,48,-,-,-,-,-,-,-,-,48,-,-,-,-,-,-,-,-,12,4,6,20,,,0,0,0,0,0,0,0,0,0,0,0,0,0,0,0,0,0,0.0,0.00,0,-0.0,0.0,0.00,0,0,0.0,0.0,32,0,15,8,0,0,0,182.1,774,707,116,38,4,17,94,86,55,0,154,5,4,3,7,3,0,14,4,26,2,1.11,3152,208,165,8,2,1.0,1.6,0.5,3.89,32,0,30,14,14,2,0,0,1.38,-0.6,.943,10,2,182.1,0,0,16,12,5,4,2,1,0,0,0,0,-2.4,0.0
SP,Jack Coombs,Jack,Coombs,Maple Madness,6' 0',185 lbs,S,R,100,Philadelphia Athletics,OAK,1910,2026,BBR,85937,Perfect,July Jewels - Baseball Reference 4  SP Jack Coombs  PHA  1910,0,Y,5,55,57,6,69,76,70,58,8,56,62,49,57,6,72,81,23,4,Normal,Normal,Normal,126,91,135,148,125,92,131,150,126,91,138,145,103,113,141,-,-,-,-,-,-,-,-,-,3,NEU,90-92,3/4,Normal,106,59,-,-,-,24,40,31,29,10,1,6,79,-,-,-,-,-,-,-,-,79,-,-,-,-,-,-,-,-,48,83,78,73,,,0,0,0,0,0,0,0,0,0,0,0,0,0,0,0,0,0,0.0,0.00,0,-0.0,0.0,0.00,0,0,0.0,0.0,23,23,7,7,0,0,0,133.1,583,512,78,33,3,13,69,66,60,0,114,8,1,1,9,2,1,12,0,0,0,1.05,2372,144,124,12,7,-1.1,1.6,1.7,4.29,23,23,26,15,11,0,1,0,1.75,1.1,1.010,19,7,133.1,0,0,16,13,6,5,0,0,0,0,0,0,-0.5,0.0
SP,Phil Niekro,Phil,Niekro,Madison Mashers - CG,6' 1',180 lbs,R,R,100,Atlanta Braves,ATL,1978,1961-1979,CS,85728,Perfect,Clubhouse - SwitchKnucklers - Hall of Fame  SP Phil Niekro  ATL  1978,0,N,0,80,50,14,37,46,88,41,8,26,69,77,53,17,41,35,31,2,Groundball,Normal,Normal,128,94,119,120,121,92,124,131,134,97,116,117,75,-,-,78,-,-,-,-,-,-,-,172,3,FB,86-88,3/4,Normal,99,57,-,-,-,35,41,38,39,9,6,5,83,-,-,-,-,-,-,-,-,83,-,-,-,-,-,-,-,-,5,5,6,5,,,0,0,0,0,0,0,0,0,0,0,0,0,0,0,0,0,0,0.0,0.00,0,-0.0,0.0,0.00,0,0,0.0,0.0,25,25,8,7,0,0,0,142.1,629,546,104,30,0,15,87,84,69,0,125,5,0,9,5,2,0,13,0,0,0,0.97,2621,151,128,5,4,-1.8,1.6,0.5,4.32,25,25,28,14,13,1,0,0,1.71,1.4,1.077,9,4,142.1,0,0,11,10,3,2,1,1,0,0,0,0,-2.4,0.0
SP,Randy Johnson,Randy,Johnson,Shakedown 1977 Microbus TTC - GH,6' 10',225 lbs,R,L,100,Houston Astros,HOU,1998,1993-2004,CS,85407,Perfect,Clubhouse - Played Where? - Veteran Presence  SP Randy Johnson  HOU  1998,0,N,0,11,42,4,27,16,12,51,7,37,16,11,39,3,22,16,51,58,Normal,Pull,Pull,137,81,109,121,120,92,106,140,142,78,111,118,120,-,126,126,-,123,-,-,-,-,-,-,4,NEU,94-96,3/4,Normal,104,59,-,-,-,32,13,22,23,7,7,6,53,-,-,-,-,-,-,-,-,53,-,-,-,-,-,-,-,-,5,5,6,6,,,0,0,0,0,0,0,0,0,0,0,0,0,0,0,0,0,0,0.0,0.00,0,-0.0,0.0,0.00,0,0,0.0,0.0,36,21,14,12,0,1,0,182.1,801,692,113,35,2,18,96,82,97,0,152,3,3,6,7,0,0,18,3,10,1,0.98,3263,179,192,17,1,-1.2,1.6,2.0,4.59,36,21,30,18,11,1,0,0,1.43,-1.9,.964,18,1,182.1,0,0,14,12,8,5,0,0,1,1,0,0,-3.0,0.0
SP,Satchel Paige,Satchel,Paige,Everett Aquasox,6' 3',180 lbs,R,R,100,Kansas City Monarchs,KCM,1944,1921-1945,CS,84844,Perfect,Clubhouse - Negro League Star  SP Satchel Paige  KCM  1944,0,N,0,57,71,1,37,46,57,77,1,52,43,57,69,1,33,47,51,26,Normal,Spray,Normal,125,95,115,118,119,99,112,117,130,93,117,118,103,92,122,109,-,-,-,103,-,120,120,-,7,NEU,94-96,3/4,Normal,96,63,1,1,1,29,32,29,25,5,10,2,71,-,56,-,-,-,-,-,-,71,-,56,-,-,-,-,-,-,43,4,11,29,,,0,0,0,0,0,0,0,0,0,0,0,0,0,0,0,0,0,0.0,0.00,0,-0.0,0.0,0.00,0,0,0.0,0.0,25,25,4,11,0,0,0,142.2,625,560,100,30,4,17,91,90,56,0,116,4,2,3,4,1,0,11,0,0,0,1.02,2472,155,140,10,1,-3.5,1.5,0.2,4.27,25,25,31,12,19,0,0,0,1.96,-0.1,1.077,11,1,142.2,0,0,13,13,4,3,0,0,0,0,0,0,-1.6,0.0
SP,Roger Clemens,Roger,Clemens,Shakedown 1977 Microbus TTC - GH,6' 4',220 lbs,R,R,101,Toronto Blue Jays,TOR,1998,1993-2004,CS,86466,Perfect,Clubhouse - Baseball Reference 7  SP Roger Clemens  TOR  1998,0,N,0,1,3,1,4,2,1,3,1,4,2,1,3,1,4,2,22,1,Normal,Spray,Spray,145,97,137,146,146,84,141,137,144,111,133,153,133,78,132,110,-,90,-,123,-,-,-,-,6,GB,97-99,3/4,GB'er,97,51,-,-,-,32,40,30,19,3,10,1,78,-,-,-,-,-,-,-,-,78,-,-,-,-,-,-,-,-,15,5,6,24,,,0,0,0,0,0,0,0,0,0,0,0,0,0,0,0,0,0,0.0,0.00,0,-0.0,0.0,0.00,0,0,0.0,0.0,32,32,6,17,0,0,0,183.0,796,724,120,44,4,28,118,108,57,0,145,7,5,3,5,0,0,11,0,0,0,0.93,3188,213,171,14,7,-2.7,1.5,0.3,4.12,32,32,29,17,11,1,0,0,1.38,1.1,1.010,21,7,183.0,0,0,15,13,6,5,0,0,0,0,0,0,-3.0,0.0
RP,Aroldis Chapman,Aroldis,Chapman,Freedom Grabbers - HotL,6' 4',235 lbs,L,L,101,Chicago Cubs,CHC,2016,2015+,CS,86413,Perfect,Clubhouse - Baseball Reference 6  CL Aroldis Chapman  CHC  2016,0,N,0,1,3,1,3,1,1,3,1,3,1,1,3,1,3,1,22,1,Normal,Normal,Normal,180,87,134,153,166,50,151,171,184,97,128,147,145,-,-,147,-,116,-,-,-,-,-,-,3,NEU,100+,OTT,Normal,17,49,-,-,-,29,20,24,23,10,4,7,57,-,-,-,-,-,-,-,-,57,-,-,-,-,-,-,-,-,16,4,6,28,,,0,0,0,0,0,0,0,0,0,0,0,0,0,0,0,0,0,0.0,0.00,0,-0.0,0.0,0.00,0,0,0.0,0.0,63,0,5,5,8,12,15,61.0,268,237,44,12,2,1,21,17,27,1,60,1,0,3,2,1,0,4,26,49,17,1.44,1079,64,53,4,0,-1.5,1.5,1.5,3.88,62,0,9,8,1,0,0,0,1.33,-0.6,.943,4,0,61.0,0,0,6,4,3,3,0,0,0,0,0,0,-1.2,0.0
CL,Aroldis Chapman,Aroldis,Chapman,Gastonia Peaches,6' 4',235 lbs,L,L,101,Chicago Cubs,CHC,2016,2015+,CS,86413,Perfect,Clubhouse - Baseball Reference 6  CL Aroldis Chapman  CHC  2016,0,N,0,1,3,1,3,1,1,3,1,3,1,1,3,1,3,1,22,1,Normal,Normal,Normal,180,87,134,153,166,50,151,171,184,97,128,147,145,-,-,147,-,116,-,-,-,-,-,-,3,NEU,100+,OTT,Normal,17,49,-,-,-,29,20,24,23,10,4,7,57,-,-,-,-,-,-,-,-,57,-,-,-,-,-,-,-,-,16,4,6,28,,,0,0,0,0,0,0,0,0,0,0,0,0,0,0,0,0,0,0.0,0.00,0,-0.0,0.0,0.00,0,0,0.0,0.0,57,0,3,2,2,28,6,60.1,246,220,31,9,0,4,15,13,22,5,59,1,1,2,2,0,0,4,38,11,3,1.80,1034,61,55,1,1,1.6,1.5,2.6,3.54,56,0,8,4,4,0,0,0,1.19,0.6,1.077,2,1,60.1,0,0,4,4,0,0,0,0,0,0,0,0,-1.1,0.0
RP,Josh Johnson,Josh,Johnson,Madison Moundsmen - CG,6' 7',245 lbs,L,R,100,Florida Marlins,FLA,2010,2005-2014,ME,86275,Perfect,All-Star Week Mission Reward  SP Josh Johnson  FLO  2010,0,N,0,1,6,1,6,3,4,3,1,7,1,1,7,1,6,4,64,5,Normal,Normal,Normal,131,113,97,138,129,88,104,130,133,140,93,145,126,118,116,125,-,-,-,-,-,-,-,-,4,NEU,94-96,3/4,Normal,72,52,-,-,-,27,38,29,23,2,10,4,74,-,-,-,-,-,-,-,-,74,-,-,-,-,-,-,-,-,5,5,6,5,,,0,0,0,0,0,0,0,0,0,0,0,0,0,0,0,0,0,0.0,0.00,0,-0.0,0.0,0.00,0,0,0.0,0.0,59,0,1,1,4,6,4,80.2,310,293,45,13,2,4,19,18,17,0,61,0,0,0,3,1,0,10,28,41,8,0.59,1248,86,80,6,2,0.4,1.5,2.6,3.73,58,0,13,9,4,0,1,0,1.45,0.6,1.077,8,2,80.2,0,0,10,10,1,1,0,0,0,0,0,0,-0.7,0.0
CL,Rich Gossage,Rich,Gossage,Webster Groves Supercells,6' 3',215 lbs,R,R,101,New York Yankees,NYA,1982,1980-1992,HOF,85046,Perfect,All-Star Week - Hall of Fame  CL Rich Gossage  NYY  1982,0,N,0,1,3,1,3,1,1,3,1,3,1,1,3,1,3,1,27,17,Normal,Normal,Normal,153,100,141,144,133,72,138,150,169,133,143,140,136,-,-,134,-,-,-,-,-,-,-,-,2,EX FB,97-99,3/4,Normal,48,61,-,-,-,26,13,20,23,10,4,7,45,-,-,-,-,-,-,-,-,45,-,-,-,-,-,-,-,-,15,5,6,25,,,0,0,0,0,0,0,0,0,0,0,0,0,0,0,0,0,0,0.0,0.00,0,-0.0,0.0,0.00,0,0,0.0,0.0,69,0,6,3,12,24,12,108.1,452,403,61,22,2,7,38,34,40,1,91,4,1,4,4,0,0,9,32,42,12,1.25,1731,106,114,5,1,1.3,1.4,2.6,4.05,68,0,23,10,12,1,0,0,1.83,0.6,1.077,6,1,108.1,0,0,10,9,3,3,1,1,0,0,0,0,-0.4,0.0
SP,Sam McDowell,Sam,McDowell,Dark Web Hackers,6' 5',220 lbs,L,L,100,Cleveland,CLE,1968,1961-1979,BBR,85328,Perfect,Baseball Reference 2  SP Sam McDowell  CLE  1968,0,Y,5,26,21,6,48,23,29,17,4,35,22,26,23,7,52,24,64,25,Normal,Pull,Pull,145,81,130,126,164,98,134,145,140,74,128,124,109,109,136,99,-,-,-,-,-,-,-,-,4,FB,90-92,OTT,Normal,94,79,-,-,-,29,13,22,24,10,8,10,54,-,-,-,-,-,-,-,-,54,-,-,-,-,-,-,-,-,5,5,6,5,,,0,0,0,0,0,0,0,0,0,0,0,0,0,0,0,0,0,0.0,0.00,0,-0.0,0.0,0.00,0,0,0.0,0.0,31,31,5,14,0,0,0,170.0,787,678,134,36,4,17,105,90,93,0,134,4,6,6,8,0,0,21,0,0,0,1.08,3074,196,156,11,2,-2.8,1.4,0.8,4.81,31,31,23,13,10,0,0,0,1.22,0.0,1.167,13,2,170.0,0,0,12,11,3,2,0,0,0,0,0,0,-2.2,0.0
SP,Josh Johnson,Josh,Johnson,Alexandria SafeZone,6' 7',245 lbs,L,R,100,Florida Marlins,FLA,2010,2005-2014,ME,86275,Perfect,All-Star Week Mission Reward  SP Josh Johnson  FLO  2010,0,N,0,1,6,1,6,3,4,3,1,7,1,1,7,1,6,4,64,5,Normal,Normal,Normal,131,113,97,138,129,88,104,130,133,140,93,145,126,118,116,125,-,-,-,-,-,-,-,-,4,NEU,94-96,3/4,Normal,72,52,-,-,-,27,38,29,23,2,10,4,74,-,-,-,-,-,-,-,-,74,-,-,-,-,-,-,-,-,5,5,6,5,,,0,0,0,0,0,0,0,0,0,0,0,0,0,0,0,0,0,0.0,0.00,0,-0.0,0.0,0.00,0,0,0.0,0.0,15,15,2,6,0,0,0,73.1,337,302,65,21,1,5,50,47,30,0,58,0,1,4,1,1,0,5,0,0,0,1.05,1398,65,89,5,1,-1.3,1.4,-0.2,4.47,15,15,13,6,6,1,0,0,1.47,-1.2,.769,6,1,73.1,0,0,9,6,2,1,0,0,0,0,0,0,-1.1,0.0
RP,Roger Clemens,Roger,Clemens,Houston Swangas,6' 4',220 lbs,R,R,101,Toronto Blue Jays,TOR,1998,1993-2004,CS,86466,Perfect,Clubhouse - Baseball Reference 7  SP Roger Clemens  TOR  1998,0,N,0,1,3,1,4,2,1,3,1,4,2,1,3,1,4,2,22,1,Normal,Spray,Spray,145,97,137,146,146,84,141,137,144,111,133,153,133,78,132,110,-,90,-,123,-,-,-,-,6,GB,97-99,3/4,GB'er,97,51,-,-,-,32,40,30,19,3,10,1,78,-,-,-,-,-,-,-,-,78,-,-,-,-,-,-,-,-,15,5,6,24,,,0,0,0,0,0,0,0,0,0,0,0,0,0,0,0,0,0,0.0,0.00,0,-0.0,0.0,0.00,0,0,0.0,0.0,30,30,8,11,0,0,0,177.1,769,677,113,31,0,24,94,89,77,0,149,4,4,7,8,0,0,19,0,0,0,1.00,3092,197,166,7,1,-0.8,1.3,2.1,4.28,30,30,31,14,16,1,3,0,1.52,0.5,1.077,8,1,177.1,0,0,17,16,3,2,0,0,0,0,0,0,-1.6,0.0
SP,Roger Clemens,Roger,Clemens,Madison Moundsmen - CG,6' 4',220 lbs,R,R,101,Toronto Blue Jays,TOR,1998,1993-2004,CS,86466,Perfect,Clubhouse - Baseball Reference 7  SP Roger Clemens  TOR  1998,0,N,0,1,3,1,4,2,1,3,1,4,2,1,3,1,4,2,22,1,Normal,Spray,Spray,145,97,137,146,146,84,141,137,144,111,133,153,133,78,132,110,-,90,-,123,-,-,-,-,6,GB,97-99,3/4,GB'er,97,51,-,-,-,32,40,30,19,3,10,1,78,-,-,-,-,-,-,-,-,78,-,-,-,-,-,-,-,-,15,5,6,24,,,0,0,0,0,0,0,0,0,0,0,0,0,0,0,0,0,0,0.0,0.00,0,-0.0,0.0,0.00,0,0,0.0,0.0,30,30,4,11,0,0,0,175.1,781,688,121,41,1,26,111,105,82,0,168,4,2,5,12,2,0,20,0,0,0,1.01,3091,186,142,11,4,-3.0,1.3,0.4,4.05,30,30,39,19,16,4,1,0,1.80,0.4,.970,15,4,175.1,0,0,16,14,6,5,1,1,0,0,0,0,-1.5,0.0
SP,Orel Hershiser,Orel,Hershiser,Tampa Bay Yankees 22,6' 3',190 lbs,R,R,102,Los Angeles Dodgers,LAD,1988,1980-1992,CS,83135,Perfect,Clubhouse - Baseball Reference 8  SP Orel Hershiser  LAD  1988,0,N,0,52,46,4,34,33,67,41,4,33,35,45,48,4,35,33,58,6,Normal,Spray,Spray,117,148,151,151,105,146,160,147,128,150,144,154,-,-,126,-,127,-,102,-,-,-,92,-,4,GB,89-91,3/4,GB'er,100,87,-,-,-,34,18,25,24,3,6,9,61,-,-,-,-,-,-,-,-,61,-,-,-,-,-,-,-,-,44,42,58,39,,,0,0,0,0,0,0,0,0,0,0,0,0,0,0,0,0,0,0.0,0.00,0,-0.0,0.0,0.00,0,0,0.0,0.0,17,17,6,2,0,0,0,108.2,459,423,69,26,6,14,52,52,29,0,79,2,1,4,6,0,0,11,0,0,0,0.94,1799,121,111,2,1,-0.7,1.3,1.8,4.16,17,17,18,12,6,0,0,0,1.49,1.0,1.077,3,1,108.2,0,0,7,7,4,3,1,1,0,0,0,0,-0.8,0.0
SP,Kevin Brown,Kevin,Brown,Canterbury Tails,6' 4',195 lbs,R,R,100,Florida Marlins,FLA,1996,1993-2004,,85401,Perfect,Played Where? - Historical All-Star  SP Kevin Brown  FLO  1996,0,N,0,7,28,3,36,17,8,19,5,43,24,7,31,3,34,15,48,58,Normal,Normal,Normal,87,118,124,126,83,117,127,131,90,120,121,121,85,-,93,84,95,117,-,-,-,-,-,-,5,EX GB,90-92,OTT,GB'er,94,60,-,-,-,35,20,25,22,10,3,3,64,-,-,-,-,-,-,-,-,64,-,-,-,-,-,-,-,-,6,5,6,7,,,0,0,0,0,0,0,0,0,0,0,0,0,0,0,0,0,0,0.0,0.00,0,-0.0,0.0,0.00,0,0,0.0,0.0,24,24,5,13,0,0,0,146.0,631,570,91,32,5,19,94,84,45,0,106,8,1,6,6,0,1,11,0,0,0,1.02,2412,182,134,4,5,-3.2,1.3,0.1,4.32,24,24,32,16,15,1,1,0,1.91,1.5,.951,9,5,146.0,0,0,17,14,3,3,1,1,0,0,0,0,-3.1,0.0
CL,Kenley Jansen,Kenley,Jansen,Webster Groves Supercells,6' 5',265 lbs,S,R,100,Los Angeles Dodgers,LAD,2017,2015+,CS,85705,Perfect,Clubhouse - SwitchKnucklers - Historical All-Star  CL Kenley Jansen  LAD  2017,0,N,0,2,4,1,3,1,2,4,1,3,1,2,5,1,3,2,23,1,Normal,Normal,Normal,141,142,121,116,118,137,108,93,160,147,133,150,-,-,-,102,121,-,154,-,-,-,-,-,3,EX FB,95-97,OTT,Normal,19,48,-,-,-,27,20,23,23,3,9,9,55,-,-,-,-,-,-,-,-,55,-,-,-,-,-,-,-,-,13,4,6,22,,,0,0,0,0,0,0,0,0,0,0,0,0,0,0,0,0,0,0.0,0.00,0,-0.0,0.0,0.00,0,0,0.0,0.0,65,0,6,4,15,25,12,61.2,269,250,48,13,2,4,30,26,15,1,50,1,2,1,4,0,0,0,20,53,19,1.58,1056,66,68,4,0,-0.0,1.3,0.6,3.89,63,0,9,5,4,0,0,0,1.31,-1.0,.898,4,0,61.2,0,0,6,5,1,0,1,0,0,0,0,0,-0.5,0.0
CL,Aroldis Chapman,Aroldis,Chapman,Tulsa Doom,6' 4',235 lbs,L,L,101,Chicago Cubs,CHC,2016,2015+,CS,86413,Perfect,Clubhouse - Baseball Reference 6  CL Aroldis Chapman  CHC  2016,0,N,0,1,3,1,3,1,1,3,1,3,1,1,3,1,3,1,22,1,Normal,Normal,Normal,180,87,134,153,166,50,151,171,184,97,128,147,145,-,-,147,-,116,-,-,-,-,-,-,3,NEU,100+,OTT,Normal,17,49,-,-,-,29,20,24,23,10,4,7,57,-,-,-,-,-,-,-,-,57,-,-,-,-,-,-,-,-,16,4,6,28,,,0,0,0,0,0,0,0,0,0,0,0,0,0,0,0,0,0,0.0,0.00,0,-0.0,0.0,0.00,0,0,0.0,0.0,63,0,2,5,15,24,11,58.2,246,227,38,13,0,5,26,25,15,0,67,2,0,2,3,0,0,4,21,26,10,1.34,1008,49,52,3,1,0.1,1.3,0.7,2.78,62,0,10,5,4,1,1,0,1.38,-1.1,.539,4,1,58.2,0,0,6,3,1,0,1,0,0,0,0,0,-1.2,0.0
CL,Sean Doolittle,Sean,Doolittle,Freedom Grabbers - HotL,6' 2',205 lbs,L,L,101,Washington Nationals,WSN,2018,2015+,CS,86281,Perfect,Clubhouse - Historical All-Star  CL Sean Doolittle  WAS  2018,0,N,0,1,3,1,3,1,1,3,1,3,1,1,3,1,3,1,21,1,Normal,Spray,Spray,152,125,181,119,180,66,200,160,143,150,175,115,128,-,-,123,-,-,-,-,-,-,-,-,2,EX FB,93-95,3/4,Normal,11,57,-,-,-,27,20,23,23,2,9,3,55,-,-,-,-,-,-,-,-,55,-,-,-,-,-,-,-,-,5,5,6,5,,,0,0,0,0,0,0,0,0,0,0,0,0,0,0,0,0,0,0.0,0.00,0,-0.0,0.0,0.00,0,0,0.0,0.0,58,0,4,5,8,29,9,51.0,208,188,33,5,2,2,19,19,17,0,44,2,0,1,0,0,0,9,42,9,3,2.05,845,44,57,0,0,0.5,1.3,1.4,3.81,55,0,3,1,2,0,0,0,0.53,-0.1,1.077,0,0,51.0,0,0,1,0,1,1,0,0,0,0,0,0,-0.8,0.0
RP,Kenley Jansen,Kenley,Jansen,Madison Moundsmen - CG,6' 5',265 lbs,S,R,100,Los Angeles Dodgers,LAD,2017,2015+,CS,85705,Perfect,Clubhouse - SwitchKnucklers - Historical All-Star  CL Kenley Jansen  LAD  2017,0,N,0,2,4,1,3,1,2,4,1,3,1,2,5,1,3,2,23,1,Normal,Normal,Normal,141,142,121,116,118,137,108,93,160,147,133,150,-,-,-,102,121,-,154,-,-,-,-,-,3,EX FB,95-97,OTT,Normal,19,48,-,-,-,27,20,23,23,3,9,9,55,-,-,-,-,-,-,-,-,55,-,-,-,-,-,-,-,-,13,4,6,22,,,0,0,0,0,0,0,0,0,0,0,0,0,0,0,0,0,0,0.0,0.00,0,-0.0,0.0,0.00,0,0,0.0,0.0,54,0,3,2,7,11,6,60.0,246,231,39,11,4,5,24,24,10,0,61,0,0,5,1,0,0,2,24,35,8,0.75,929,54,62,5,1,0.3,1.2,0.9,2.85,54,0,7,4,3,0,0,0,1.05,-0.1,1.077,6,1,60.0,0,0,1,1,4,3,0,0,0,0,0,0,-0.4,0.0
SP,Roger Clemens,Roger,Clemens,Webster Groves Supercells,6' 4',220 lbs,R,R,101,Toronto Blue Jays,TOR,1998,1993-2004,CS,86466,Perfect,Clubhouse - Baseball Reference 7  SP Roger Clemens  TOR  1998,0,N,0,1,3,1,4,2,1,3,1,4,2,1,3,1,4,2,22,1,Normal,Spray,Spray,145,97,137,146,146,84,141,137,144,111,133,153,133,78,132,110,-,90,-,123,-,-,-,-,6,GB,97-99,3/4,GB'er,97,51,-,-,-,32,40,30,19,3,10,1,78,-,-,-,-,-,-,-,-,78,-,-,-,-,-,-,-,-,15,5,6,24,,,0,0,0,0,0,0,0,0,0,0,0,0,0,0,0,0,0,0.0,0.00,0,-0.0,0.0,0.00,0,0,0.0,0.0,32,32,11,12,0,0,0,174.0,771,677,126,33,2,23,107,101,77,0,138,6,3,8,5,1,0,16,0,0,0,1.03,3149,195,165,14,4,-1.7,1.2,0.9,4.48,32,32,26,13,12,1,1,0,1.29,-0.5,1.077,18,4,174.0,0,0,12,9,4,3,1,0,0,0,0,0,-1.9,0.0
CL,Aroldis Chapman,Aroldis,Chapman,Peninsula Whips,6' 4',235 lbs,L,L,101,Chicago Cubs,CHC,2016,2015+,CS,86413,Perfect,Clubhouse - Baseball Reference 6  CL Aroldis Chapman  CHC  2016,0,N,0,1,3,1,3,1,1,3,1,3,1,1,3,1,3,1,22,1,Normal,Normal,Normal,180,87,134,153,166,50,151,171,184,97,128,147,145,-,-,147,-,116,-,-,-,-,-,-,3,NEU,100+,OTT,Normal,17,49,-,-,-,29,20,24,23,10,4,7,57,-,-,-,-,-,-,-,-,57,-,-,-,-,-,-,-,-,16,4,6,28,,,0,0,0,0,0,0,0,0,0,0,0,0,0,0,0,0,0,0.0,0.00,0,-0.0,0.0,0.00,0,0,0.0,0.0,62,0,6,9,0,32,12,63.1,278,240,33,16,0,5,32,29,34,8,61,0,3,1,3,1,0,3,53,6,1,2.36,1119,60,64,4,3,0.1,1.2,0.6,4.19,62,0,7,2,4,1,0,0,0.85,0.3,.718,7,3,63.1,0,0,3,2,1,1,0,0,0,0,0,0,-0.4,0.0
SP,Orel Hershiser,Orel,Hershiser,Grover Beach Grouches,6' 3',190 lbs,R,R,102,Los Angeles Dodgers,LAD,1988,1980-1992,CS,83135,Perfect,Clubhouse - Baseball Reference 8  SP Orel Hershiser  LAD  1988,389 813,N,0,52,46,4,34,33,67,41,4,33,35,45,48,4,35,33,58,6,Normal,Spray,Spray,117,148,151,151,105,146,160,147,128,150,144,154,-,-,126,-,127,-,102,-,-,-,92,-,4,GB,89-91,3/4,GB'er,100,87,-,-,-,34,18,25,24,3,6,9,61,-,-,-,-,-,-,-,-,61,-,-,-,-,-,-,-,-,44,42,58,39,,,0,0,0,0,0,0,0,0,0,0,0,0,0,0,0,0,0,0.0,0.00,0,-0.0,0.0,0.00,0,0,0.0,0.0,21,21,6,9,0,0,0,119.2,518,475,90,25,1,18,76,74,35,0,100,2,2,4,6,1,0,7,0,0,0,0.88,2049,119,125,4,4,-2.5,1.2,0.2,3.93,21,21,23,14,8,1,1,0,1.65,0.7,.994,8,4,119.2,0,0,9,7,8,5,0,0,0,0,0,0,-1.1,0.0
RP,Carl Hubbell,Carl,Hubbell,Houston Swangas,6' 0',170 lbs,R,L,100,New York Giants,SFG,1934,1921-1945,ME,83325,Perfect,Live NL Collection - Historical All-Star  SP Carl Hubbell  NY1  1934,0,N,0,3,45,1,32,28,3,47,1,28,28,4,45,1,33,28,78,33,Normal,Spray,Spray,82,146,125,111,75,150,97,120,84,144,134,102,75,-,115,-,-,-,-,-,-,93,-,-,3,FB,89-91,3/4,Finesse,103,72,-,-,-,27,29,28,27,3,1,8,66,-,-,-,-,-,-,-,-,66,-,-,-,-,-,-,-,-,8,14,6,7,,,0,0,0,0,0,0,0,0,0,0,0,0,0,0,0,0,0,0.0,0.00,0,-0.0,0.0,0.00,0,0,0.0,0.0,35,0,4,0,1,5,1,75.0,316,295,60,12,3,3,25,21,16,0,53,4,0,1,3,0,0,4,11,30,16,0.64,1207,74,88,1,2,0.8,1.2,1.7,4.10,35,0,16,9,6,1,1,0,1.80,1.1,1.077,3,2,75.0,0,0,7,6,2,2,0,0,0,0,0,0,-0.4,0.0
CL,Rich Gossage,Rich,Gossage,Barnstable Beasts,6' 3',215 lbs,R,R,101,New York Yankees,NYA,1982,1980-1992,HOF,85046,Perfect,All-Star Week - Hall of Fame  CL Rich Gossage  NYY  1982,0,N,0,1,3,1,3,1,1,3,1,3,1,1,3,1,3,1,27,17,Normal,Normal,Normal,153,100,141,144,133,72,138,150,169,133,143,140,136,-,-,134,-,-,-,-,-,-,-,-,2,EX FB,97-99,3/4,Normal,48,61,-,-,-,26,13,20,23,10,4,7,45,-,-,-,-,-,-,-,-,45,-,-,-,-,-,-,-,-,15,5,6,25,,,0,0,0,0,0,0,0,0,0,0,0,0,0,0,0,0,0,0.0,0.00,0,-0.0,0.0,0.00,0,0,0.0,0.0,69,0,3,4,10,17,14,88.0,375,340,66,12,1,7,38,33,29,0,87,3,0,3,3,0,0,5,19,42,13,1.16,1536,76,89,7,0,-0.9,1.2,1.0,3.49,69,0,13,6,6,1,0,0,1.23,-2.0,.769,7,0,88.0,0,0,10,7,2,0,0,0,0,0,0,0,-0.3,0.0
SP,Orel Hershiser,Orel,Hershiser,Maple Madness,6' 3',190 lbs,R,R,102,Los Angeles Dodgers,LAD,1988,1980-1992,CS,83135,Perfect,Clubhouse - Baseball Reference 8  SP Orel Hershiser  LAD  1988,0,N,0,52,46,4,34,33,67,41,4,33,35,45,48,4,35,33,58,6,Normal,Spray,Spray,117,148,151,151,105,146,160,147,128,150,144,154,-,-,126,-,127,-,102,-,-,-,92,-,4,GB,89-91,3/4,GB'er,100,87,-,-,-,34,18,25,24,3,6,9,61,-,-,-,-,-,-,-,-,61,-,-,-,-,-,-,-,-,44,42,58,39,,,0,0,0,0,0,0,0,0,0,0,0,0,0,0,0,0,0,0.0,0.00,0,-0.0,0.0,0.00,0,0,0.0,0.0,21,21,8,10,0,0,0,124.1,568,499,104,23,2,15,79,69,52,0,102,4,4,9,1,1,0,9,0,0,0,1.05,2230,140,116,6,2,-2.2,1.2,0.2,4.38,21,21,24,11,10,3,0,0,1.52,-0.8,.783,8,2,124.1,0,0,9,8,5,2,0,0,0,0,0,0,-1.1,0.0
RP,Daniel Palencia,Daniel,Palencia,New Haven Corsairs,5' 11',160 lbs,R,R,100,Chicago Cubs,CHC,2026,2026,WBC,84613,Perfect,World Baseball Classic  CL Daniel Palencia  VEN  2026,0,N,0,1,3,1,3,1,1,4,1,3,2,1,3,1,3,1,25,5,Normal,Normal,Normal,143,85,121,121,140,82,112,118,145,88,128,126,134,-,-,127,-,118,-,-,-,-,-,-,3,FB,99-101,3/4,Normal,14,60,-,-,-,27,20,23,23,10,6,10,55,-,-,-,-,-,-,-,-,55,-,-,-,-,-,-,-,-,5,5,6,5,,,0,0,0,0,0,0,0,0,0,0,0,0,0,0,0,0,0,0.0,0.00,0,-0.0,0.0,0.00,0,0,0.0,0.0,68,0,6,6,16,19,8,62.1,275,249,54,11,1,4,30,27,22,0,65,1,1,2,4,0,0,4,22,17,6,1.23,1075,59,56,3,1,0.3,1.2,0.5,3.47,67,0,14,6,8,0,0,0,2.02,-0.2,1.077,4,1,62.1,0,0,5,5,5,2,1,0,0,0,0,0,-0.8,0.0
CL,Kenley Jansen,Kenley,Jansen,Tampa Bay Yankees 22,6' 5',265 lbs,S,R,100,Los Angeles Dodgers,LAD,2017,2015+,CS,85705,Perfect,Clubhouse - SwitchKnucklers - Historical All-Star  CL Kenley Jansen  LAD  2017,0,N,0,2,4,1,3,1,2,4,1,3,1,2,5,1,3,2,23,1,Normal,Normal,Normal,141,142,121,116,118,137,108,93,160,147,133,150,-,-,-,102,121,-,154,-,-,-,-,-,3,EX FB,95-97,OTT,Normal,19,48,-,-,-,27,20,23,23,3,9,9,55,-,-,-,-,-,-,-,-,55,-,-,-,-,-,-,-,-,13,4,6,22,,,0,0,0,0,0,0,0,0,0,0,0,0,0,0,0,0,0,0.0,0.00,0,-0.0,0.0,0.00,0,0,0.0,0.0,68,0,8,6,12,25,14,70.0,283,258,36,13,2,6,26,25,20,1,68,4,1,0,4,1,0,8,23,46,8,1.50,1158,48,81,3,1,-0.1,1.2,1.5,3.20,67,0,8,4,2,2,0,0,0.77,-0.6,.539,4,1,70.0,0,0,3,3,1,0,1,0,0,0,0,0,-1.1,0.0
CL,Rich Gossage,Rich,Gossage,Laffy Comedians - CG,6' 3',215 lbs,R,R,101,New York Yankees,NYA,1982,1980-1992,HOF,85046,Perfect,All-Star Week - Hall of Fame  CL Rich Gossage  NYY  1982,0,N,0,1,3,1,3,1,1,3,1,3,1,1,3,1,3,1,27,17,Normal,Normal,Normal,153,100,141,144,133,72,138,150,169,133,143,140,136,-,-,134,-,-,-,-,-,-,-,-,2,EX FB,97-99,3/4,Normal,48,61,-,-,-,26,13,20,23,10,4,7,45,-,-,-,-,-,-,-,-,45,-,-,-,-,-,-,-,-,15,5,6,25,,,0,0,0,0,0,0,0,0,0,0,0,0,0,0,0,0,0,0.0,0.00,0,-0.0,0.0,0.00,0,0,0.0,0.0,58,13,3,1,4,17,6,69.1,297,265,36,17,1,6,21,20,30,0,78,2,0,0,0,0,0,4,25,22,5,1.24,1262,70,55,5,0,1.7,1.2,2.1,3.40,58,13,8,6,2,0,0,0,1.04,-0.1,1.077,5,0,69.1,0,0,3,3,2,2,1,1,0,0,0,0,-0.8,0.0
RP,Rich Gossage,Rich,Gossage,Alexandria SafeZone,6' 3',215 lbs,R,R,101,New York Yankees,NYA,1982,1980-1992,HOF,85046,Perfect,All-Star Week - Hall of Fame  CL Rich Gossage  NYY  1982,0,N,0,1,3,1,3,1,1,3,1,3,1,1,3,1,3,1,27,17,Normal,Normal,Normal,153,100,141,144,133,72,138,150,169,133,143,140,136,-,-,134,-,-,-,-,-,-,-,-,2,EX FB,97-99,3/4,Normal,48,61,-,-,-,26,13,20,23,10,4,7,45,-,-,-,-,-,-,-,-,45,-,-,-,-,-,-,-,-,15,5,6,25,,,0,0,0,0,0,0,0,0,0,0,0,0,0,0,0,0,0,0.0,0.00,0,-0.0,0.0,0.00,0,0,0.0,0.0,102,0,6,7,26,32,21,107.1,487,429,80,29,0,8,57,54,48,0,106,6,0,4,10,0,0,7,18,47,18,1.41,1960,86,120,8,3,-2.6,1.1,0.2,3.92,101,0,13,5,7,1,0,0,1.01,0.1,1.077,11,3,107.1,0,0,4,2,4,4,0,0,0,0,0,0,-0.9,0.0
RP,Andrew Miller,Andrew,Miller,Madison Moundsmen - CG,6' 7',200 lbs,L,L,100,Boston Red Sox,BOS,2014,2005-2014,,85427,Perfect,May Birthdays - Historical All-Star  RP Andrew Miller  BOS  2014,0,N,0,9,3,1,3,1,7,3,1,3,1,10,4,1,3,1,25,58,Normal,Normal,Normal,140,80,128,119,160,98,112,106,134,74,133,135,124,-,-,117,108,-,-,-,-,-,-,-,3,EX GB,93-95,3/4,GB'er,12,79,-,-,-,23,20,22,23,8,5,2,50,-,-,-,-,-,-,-,-,50,-,-,-,-,-,-,-,-,16,5,6,27,,,0,0,0,0,0,0,0,0,0,0,0,0,0,0,0,0,0,0.0,0.00,0,-0.0,0.0,0.00,0,0,0.0,0.0,43,0,2,3,6,4,5,45.0,188,175,29,11,1,0,9,8,11,0,37,2,0,0,2,0,0,1,19,29,6,1.04,720,52,42,3,3,-0.7,1.1,1.6,3.78,41,0,5,2,2,1,0,0,0.80,0.0,.718,6,3,45.0,0,0,3,2,1,0,1,0,0,0,0,0,-0.1,0.0
SP,Harvey Haddix,Harvey,Haddix,Gastonia Peaches,5' 9',170 lbs,L,L,101,Pittsburgh Pirates,PIT,1959,1946-1960,,86623,Perfect,50s Theme Week - Hardware Heroes  SP Harvey Haddix  PIT  1959,0,N,0,14,70,4,37,26,8,55,7,49,18,16,74,3,33,29,39,2,Normal,Normal,Normal,120,144,140,118,128,130,157,140,118,148,134,115,105,90,90,117,-,-,-,-,-,-,-,-,4,EX FB,90-92,3/4,Normal,114,58,-,-,-,84,74,77,74,3,9,10,136,-,-,-,-,-,-,-,-,136,-,-,-,-,-,-,-,-,17,3,6,29,,,0,0,0,0,0,0,0,0,0,0,0,0,0,0,0,0,0,0.0,0.00,0,-0.0,0.0,0.00,0,0,0.0,0.0,37,37,12,17,0,0,0,229.0,979,896,152,44,6,36,125,116,72,0,153,5,3,3,12,1,0,19,0,0,0,0.91,3796,234,270,23,7,-2.5,1.1,2.4,4.53,37,37,34,17,17,0,0,0,1.34,0.3,1.077,30,7,229.0,0,0,19,18,3,2,0,0,0,0,0,0,-2.7,0.0
CL,Jesse Orosco,Jesse,Orosco,Everett Aquasox,6' 2',185 lbs,R,L,100,New York Mets,NYM,1983,1980-1992,,85083,Perfect,Happy Birthday Nico - Historical All-Star  CL Jesse Orosco  NYM  1983,0,N,0,7,3,1,3,2,7,3,1,4,2,7,3,1,3,2,22,4,Normal,Normal,Normal,117,84,131,126,126,89,140,146,114,83,128,120,98,-,-,111,-,-,-,-,-,-,-,-,2,FB,90-92,3/4,Normal,61,60,-,-,-,35,72,43,23,5,10,3,98,-,-,-,-,-,-,-,-,98,-,-,-,-,-,-,-,-,8,3,6,13,,,0,0,0,0,0,0,0,0,0,0,0,0,0,0,0,0,0,0.0,0.00,0,-0.0,0.0,0.00,0,0,0.0,0.0,88,0,7,6,16,27,14,106.1,457,409,66,27,1,11,48,46,40,4,103,3,1,4,0,0,0,8,32,45,12,1.43,1852,103,99,4,4,-0.5,1.1,1.2,3.71,88,0,20,12,8,0,0,0,1.69,2.0,1.077,8,4,106.1,0,0,6,6,4,4,2,2,0,0,0,0,-2.0,0.0
CL,Sean Doolittle,Sean,Doolittle,Maple Madness,6' 2',205 lbs,L,L,101,Washington Nationals,WSN,2018,2015+,CS,86281,Perfect,Clubhouse - Historical All-Star  CL Sean Doolittle  WAS  2018,0,N,0,1,3,1,3,1,1,3,1,3,1,1,3,1,3,1,21,1,Normal,Spray,Spray,152,125,181,119,180,66,200,160,143,150,175,115,128,-,-,123,-,-,-,-,-,-,-,-,2,EX FB,93-95,3/4,Normal,11,57,-,-,-,27,20,23,23,2,9,3,55,-,-,-,-,-,-,-,-,55,-,-,-,-,-,-,-,-,5,5,6,5,,,0,0,0,0,0,0,0,0,0,0,0,0,0,0,0,0,0,0.0,0.00,0,-0.0,0.0,0.00,0,0,0.0,0.0,77,0,5,4,34,26,10,66.2,278,257,41,12,2,6,27,25,15,0,63,3,1,2,3,0,0,5,7,36,7,1.44,1046,57,74,1,0,1.1,1.1,1.2,3.27,76,0,10,7,3,0,0,0,1.35,0.5,1.077,1,0,66.2,0,0,7,7,0,0,0,0,0,0,0,0,-0.9,0.0
SP,Vida Blue,Vida,Blue,-,6' 0',190 lbs,S,L,101,Oakland Athletics,OAK,1971,1961-1979,,85756,Perfect,SwitchKnucklers - Hardware Heroes  SP Vida Blue  ATH  1971,0,Y,5,98,48,5,41,17,105,76,8,56,15,96,34,5,37,18,76,9,Groundball,Pull,Pull,140,109,148,130,128,106,131,119,143,111,153,139,107,131,132,87,-,-,-,-,-,-,-,-,4,EX FB,90-92,3/4,Normal,97,63,-,-,-,24,36,27,20,1,7,4,73,-,-,-,-,-,-,-,-,73,-,-,-,-,-,-,-,-,39,54,30,37,,,0,0,0,0,0,0,0,0,0,0,0,0,0,0,0,0,0,0.0,0.00,0,-0.0,0.0,0.00,0,0,0.0,0.0,20,20,9,7,0,0,0,118.2,488,445,63,21,1,19,62,62,38,0,102,0,2,3,5,1,0,9,0,0,0,0.91,1948,110,132,11,2,0.0,1.1,1.5,3.81,20,20,8,3,5,0,1,0,0.61,-0.7,1.077,13,2,118.2,0,0,4,3,1,1,0,0,0,0,0,0,-0.9,0.0
SP,Johan Santana,Johan,Santana,Barnstable Beasts,6' 0',210 lbs,L,L,101,Minnesota Twins,MIN,2006,2005-2014,CS,86278,Perfect,Clubhouse - Historical All-Star  SP Johan Santana  MIN  2006,0,N,0,1,2,1,2,1,1,1,1,1,1,1,3,1,3,1,25,1,Normal,Spray,Spray,141,120,124,119,124,110,108,115,147,124,130,121,121,-,-,117,-,-,-,-,158,-,-,-,3,FB,93-95,3/4,Normal,96,66,-,-,-,35,18,25,23,4,1,5,62,-,-,-,-,-,-,-,-,62,-,-,-,-,-,-,-,-,5,3,6,6,,,0,0,0,0,0,0,0,0,0,0,0,0,0,0,0,0,0,0.0,0.00,0,-0.0,0.0,0.00,0,0,0.0,0.0,33,18,6,9,0,1,2,126.0,556,502,108,21,2,18,82,81,44,0,120,4,1,4,2,0,1,13,10,14,8,0.92,2148,116,120,8,4,-2.1,1.1,-0.4,3.74,33,18,18,7,11,0,0,0,1.29,0.6,1.077,12,4,126.0,0,0,5,5,5,3,0,0,0,0,0,0,-0.9,0.0
SP,Orel Hershiser,Orel,Hershiser,Peninsula Whips,6' 3',190 lbs,R,R,102,Los Angeles Dodgers,LAD,1988,1980-1992,CS,83135,Perfect,Clubhouse - Baseball Reference 8  SP Orel Hershiser  LAD  1988,0,N,0,52,46,4,34,33,67,41,4,33,35,45,48,4,35,33,58,6,Normal,Spray,Spray,117,148,151,151,105,146,160,147,128,150,144,154,-,-,126,-,127,-,102,-,-,-,92,-,4,GB,89-91,3/4,GB'er,100,87,-,-,-,34,18,25,24,3,6,9,61,-,-,-,-,-,-,-,-,61,-,-,-,-,-,-,-,-,44,42,58,39,,,0,0,0,0,0,0,0,0,0,0,0,0,0,0,0,0,0,0.0,0.00,0,-0.0,0.0,0.00,0,0,0.0,0.0,8,8,2,3,0,0,0,53.1,224,207,36,13,2,5,25,25,13,0,42,1,2,1,3,0,0,6,0,0,0,0.88,871,59,50,1,2,0.2,1.1,1.0,3.89,8,8,11,3,6,2,0,0,1.52,-0.3,.359,3,2,53.1,0,0,6,4,1,0,0,0,0,0,0,0,-0.7,0.0
CL,Robb Nen,Robb,Nen,Washington Border Collies,6' 4',200 lbs,R,R,101,San Francisco Giants,SFG,2000,1993-2004,,83906,Perfect,HOF Week - Snapshot  CL Robb Nen  SF  2000,0,N,0,1,3,1,3,1,1,3,1,3,1,1,3,1,3,1,28,13,Normal,Spray,Spray,148,106,125,138,160,95,97,130,139,117,151,144,75,-,137,94,-,153,-,-,-,-,-,-,4,FB,96-98,OTT,Normal,19,39,-,-,-,25,20,23,23,1,7,7,52,-,-,-,-,-,-,-,-,52,-,-,-,-,-,-,-,-,5,5,6,6,,,0,0,0,0,0,0,0,0,0,0,0,0,0,0,0,0,0,0.0,0.00,0,-0.0,0.0,0.00,0,0,0.0,0.0,74,0,3,11,2,31,13,79.1,326,303,50,12,3,8,37,32,19,1,61,2,1,1,0,0,0,5,44,17,2,1.68,1256,77,89,4,4,0.6,1.1,1.1,3.90,73,0,8,5,3,0,1,0,0.91,0.7,1.077,8,4,79.1,0,0,5,2,3,3,0,0,0,0,0,0,-0.8,0.0
CL,Aroldis Chapman,Aroldis,Chapman,Sharpstown Bill Collectors,6' 4',235 lbs,L,L,101,Chicago Cubs,CHC,2016,2015+,CS,86413,Perfect,Clubhouse - Baseball Reference 6  CL Aroldis Chapman  CHC  2016,0,N,0,1,3,1,3,1,1,3,1,3,1,1,3,1,3,1,22,1,Normal,Normal,Normal,180,87,134,153,166,50,151,171,184,97,128,147,145,-,-,147,-,116,-,-,-,-,-,-,3,NEU,100+,OTT,Normal,17,49,-,-,-,29,20,24,23,10,4,7,57,-,-,-,-,-,-,-,-,57,-,-,-,-,-,-,-,-,16,4,6,28,,,0,0,0,0,0,0,0,0,0,0,0,0,0,0,0,0,0,0.0,0.00,0,-0.0,0.0,0.00,0,0,0.0,0.0,69,0,4,2,24,21,10,67.0,275,249,31,14,0,5,22,19,23,2,65,1,0,2,2,2,0,3,28,9,3,1.22,1108,66,66,3,1,0.9,1.1,1.6,3.51,68,0,7,5,2,0,0,0,0.94,0.3,1.077,4,1,67.0,0,0,5,5,0,0,0,0,0,0,0,0,-1.1,0.0
SP,Satchel Paige,Satchel,Paige,Berlin Speed Dealers SoM,6' 3',180 lbs,R,R,100,Kansas City Monarchs,KCM,1944,1921-1945,CS,84844,Perfect,Clubhouse - Negro League Star  SP Satchel Paige  KCM  1944,0,N,0,57,71,1,37,46,57,77,1,52,43,57,69,1,33,47,51,26,Normal,Spray,Normal,125,95,115,118,119,99,112,117,130,93,117,118,103,92,122,109,-,-,-,103,-,120,120,-,7,NEU,94-96,3/4,Normal,96,63,1,1,1,29,32,29,25,5,10,2,71,-,56,-,-,-,-,-,-,71,-,56,-,-,-,-,-,-,43,4,11,29,,,0,0,0,0,0,0,0,0,0,0,0,0,0,0,0,0,0,0.0,0.00,0,-0.0,0.0,0.00,0,0,0.0,0.0,32,32,7,15,0,0,0,164.0,743,661,132,32,2,23,113,110,66,0,134,9,4,3,10,1,0,10,0,0,0,1.06,2937,156,185,11,1,-2.9,1.1,-0.5,4.36,32,32,31,15,16,0,0,0,1.70,-1.4,.994,12,1,164.0,0,0,12,10,5,2,0,0,0,0,0,0,-3.1,0.0
CL,Sean Doolittle,Sean,Doolittle,New Platson Grand Petites HotL,6' 2',205 lbs,L,L,101,Washington Nationals,WSN,2018,2015+,CS,86281,Perfect,Clubhouse - Historical All-Star  CL Sean Doolittle  WAS  2018,0,N,0,1,3,1,3,1,1,3,1,3,1,1,3,1,3,1,21,1,Normal,Spray,Spray,152,125,181,119,180,66,200,160,143,150,175,115,128,-,-,123,-,-,-,-,-,-,-,-,2,EX FB,93-95,3/4,Normal,11,57,-,-,-,27,20,23,23,2,9,3,55,-,-,-,-,-,-,-,-,55,-,-,-,-,-,-,-,-,5,5,6,5,,,0,0,0,0,0,0,0,0,0,0,0,0,0,0,0,0,0,0.0,0.00,0,-0.0,0.0,0.00,0,0,0.0,0.0,64,0,6,4,7,32,11,66.1,284,250,41,8,1,4,17,15,29,2,51,0,2,2,1,0,1,4,35,17,1,2.25,1163,72,72,0,0,0.9,1.1,3.3,4.51,64,0,10,5,3,2,0,0,1.09,-1.2,.673,0,0,66.1,0,0,6,3,3,2,0,0,0,0,0,0,-0.9,0.0
SP,Roger Clemens,Roger,Clemens,Waltham River Otters,6' 4',220 lbs,R,R,101,Toronto Blue Jays,TOR,1998,1993-2004,CS,86466,Perfect,Clubhouse - Baseball Reference 7  SP Roger Clemens  TOR  1998,0,N,0,1,3,1,4,2,1,3,1,4,2,1,3,1,4,2,22,1,Normal,Spray,Spray,145,97,137,146,146,84,141,137,144,111,133,153,133,78,132,110,-,90,-,123,-,-,-,-,6,GB,97-99,3/4,GB'er,97,51,-,-,-,32,40,30,19,3,10,1,78,-,-,-,-,-,-,-,-,78,-,-,-,-,-,-,-,-,15,5,6,24,,,0,0,0,0,0,0,0,0,0,0,0,0,0,0,0,0,0,0.0,0.00,0,-0.0,0.0,0.00,0,0,0.0,0.0,27,16,4,10,0,2,3,111.1,482,428,71,28,0,14,69,68,45,0,93,3,1,5,6,2,0,7,2,10,3,1.01,1884,134,91,6,6,-1.3,1.1,0.5,4.24,27,16,27,14,13,0,0,0,2.18,1.5,1.077,12,6,111.1,0,0,10,8,10,7,1,0,0,0,0,0,-0.9,0.0
CL,Robb Nen,Robb,Nen,Peninsula Whips,6' 4',200 lbs,R,R,101,San Francisco Giants,SFG,2000,1993-2004,,83906,Perfect,HOF Week - Snapshot  CL Robb Nen  SF  2000,0,N,0,1,3,1,3,1,1,3,1,3,1,1,3,1,3,1,28,13,Normal,Spray,Spray,148,106,125,138,160,95,97,130,139,117,151,144,75,-,137,94,-,153,-,-,-,-,-,-,4,FB,96-98,OTT,Normal,19,39,-,-,-,25,20,23,23,1,7,7,52,-,-,-,-,-,-,-,-,52,-,-,-,-,-,-,-,-,5,5,6,6,,,0,0,0,0,0,0,0,0,0,0,0,0,0,0,0,0,0,0.0,0.00,0,-0.0,0.0,0.00,0,0,0.0,0.0,75,0,12,3,19,20,16,73.1,331,300,61,17,0,8,50,48,27,1,83,2,0,2,4,2,0,2,23,32,6,1.39,1295,64,67,3,0,-2.3,1.1,-1.0,3.30,74,0,13,6,7,0,0,0,1.60,0.1,1.077,3,0,73.1,0,0,3,3,5,4,0,0,0,0,0,0,-0.7,0.0
RP,Dellin Betances,Dellin,Betances,Sharpstown Bill Collectors,6' 8',260 lbs,R,R,100,New York Yankees,NYY,2014,2005-2014,ME,83904,Perfect,Live Collection Reward - Historical All-Star  RP Dellin Betances  NYY  2014,0,N,0,1,3,1,3,1,1,3,1,3,1,1,3,1,3,1,26,26,Normal,Normal,Normal,140,86,121,111,140,105,116,140,140,71,126,87,100,-,166,107,-,-,-,-,-,-,-,-,3,NEU,98-100,3/4,Normal,25,33,-,-,-,27,20,23,23,10,10,7,55,-,-,-,-,-,-,-,-,55,-,-,-,-,-,-,-,-,5,5,6,5,,,0,0,0,0,0,0,0,0,0,0,0,0,0,0,0,0,0,0.0,0.00,0,-0.0,0.0,0.00,0,0,0.0,0.0,75,0,7,5,12,14,16,89.1,385,356,73,21,1,9,59,53,23,0,84,2,1,3,4,0,0,8,20,43,20,0.95,1539,99,68,6,2,-0.8,1.0,-1.0,3.53,75,0,14,7,7,0,0,0,1.41,0.4,1.077,8,2,89.1,0,0,6,6,1,1,0,0,0,0,0,0,-0.9,0.0
SP,Johan Santana,Johan,Santana,Shibuya Shredders - GH,6' 0',210 lbs,L,L,101,Minnesota Twins,MIN,2006,2005-2014,CS,86278,Perfect,Clubhouse - Historical All-Star  SP Johan Santana  MIN  2006,0,N,0,1,2,1,2,1,1,1,1,1,1,1,3,1,3,1,25,1,Normal,Spray,Spray,141,120,124,119,124,110,108,115,147,124,130,121,121,-,-,117,-,-,-,-,158,-,-,-,3,FB,93-95,3/4,Normal,96,66,-,-,-,35,18,25,23,4,1,5,62,-,-,-,-,-,-,-,-,62,-,-,-,-,-,-,-,-,5,3,6,6,,,0,0,0,0,0,0,0,0,0,0,0,0,0,0,0,0,0,0.0,0.00,0,-0.0,0.0,0.00,0,0,0.0,0.0,13,13,5,6,0,0,0,67.2,317,279,47,24,4,7,55,54,34,0,74,3,0,1,2,1,0,4,0,0,0,1.08,1301,56,66,6,3,-1.3,1.0,-0.9,3.82,13,13,4,3,1,0,0,0,0.53,0.0,1.077,9,3,67.2,0,0,3,2,1,0,0,0,0,0,0,0,-0.8,0.0
RP,Vida Blue,Vida,Blue,Webster Groves Supercells,6' 0',190 lbs,S,L,101,Oakland Athletics,OAK,1971,1961-1979,,85756,Perfect,SwitchKnucklers - Hardware Heroes  SP Vida Blue  ATH  1971,0,N,0,90,43,3,37,14,97,70,6,51,12,88,30,3,33,15,76,9,Groundball,Pull,Pull,130,101,137,120,119,98,121,110,133,103,142,129,107,131,132,87,-,-,-,-,-,-,-,-,4,EX FB,90-92,3/4,Normal,97,63,-,-,-,24,36,27,20,1,7,4,68,-,-,-,-,-,-,-,-,68,-,-,-,-,-,-,-,-,39,54,30,37,,,0,0,0,0,0,0,0,0,0,0,0,0,0,0,0,0,0,0.0,0.00,0,-0.0,0.0,0.00,0,0,0.0,0.0,27,27,15,7,0,0,0,156.1,683,620,112,32,2,25,92,87,52,0,118,3,1,7,8,0,0,15,0,0,0,0.99,2684,150,178,8,2,-1.2,1.0,1.2,4.32,27,27,24,11,10,3,1,0,1.21,-1.8,.783,10,2,156.1,0,0,9,5,7,3,1,1,0,0,0,0,-1.2,0.0
SP,Daisuke Matsuzaka,Daisuke,Matsuzaka,Mount Pleasant Mounties,6' 0',205 lbs,R,R,100,Boston Red Sox,BOS,2006,2005-2014,WBC,84210,Perfect,World Baseball Classic  SP Daisuke Matsuzaka  JPN  2006,0,Y,5,1,5,1,5,1,1,5,1,5,1,1,5,1,5,1,22,14,Normal,Normal,Normal,121,100,138,113,131,98,135,99,114,103,140,123,105,-,-,84,107,128,95,-,-,91,-,-,6,FB,94-96,OTT,Normal,105,61,-,-,-,35,20,26,23,9,1,9,70,-,-,-,-,-,-,-,-,70,-,-,-,-,-,-,-,-,8,4,6,12,,,0,0,0,0,0,0,0,0,0,0,0,0,0,0,0,0,0,0.0,0.00,0,-0.0,0.0,0.00,0,0,0.0,0.0,47,11,12,2,1,10,3,126.1,517,477,79,18,2,18,50,50,31,1,107,4,1,4,0,2,0,7,16,19,7,0.94,1953,114,143,9,4,1.0,1.0,2.5,3.63,47,11,16,9,6,1,0,0,1.07,0.3,1.077,13,4,126.1,0,0,7,4,3,3,1,1,0,0,0,0,-1.2,0.0
CL,Craig Kimbrel,Craig,Kimbrel,Tulsa Doom,6' 0',215 lbs,R,R,100,Atlanta Braves,ATL,2012,2005-2014,PTCS,85467,Perfect,PTCS 3 - Hardware Heroes  CL Craig Kimbrel  ATL  2012,0,N,0,1,3,1,3,1,1,3,1,3,2,1,3,1,3,1,26,39,Normal,Spray,Spray,184,105,130,126,181,90,140,140,187,122,122,118,146,-,-,117,-,-,-,-,-,-,149,-,3,NEU,96-98,3/4,Power,20,58,-,-,-,25,20,23,23,5,5,9,52,-,-,-,-,-,-,-,-,52,-,-,-,-,-,-,-,-,5,4,6,5,,,0,0,0,0,0,0,0,0,0,0,0,0,0,0,0,0,0,0.0,0.00,0,-0.0,0.0,0.00,0,0,0.0,0.0,60,0,2,11,0,20,14,56.0,246,223,32,15,1,6,27,23,19,6,53,2,0,2,2,0,0,3,51,14,3,2.12,947,56,56,1,0,-1.4,1.0,0.6,3.72,59,0,8,4,4,0,0,0,1.29,0.3,1.077,1,0,56.0,0,0,4,4,0,0,0,0,0,0,0,0,-0.4,0.0
CL,Billy Wagner,Billy,Wagner,Barnstable Beasts,5' 10',180 lbs,L,L,100,Atlanta Braves,ATL,2010,2005-2014,,85809,Perfect,Family Connections - Historical All-Star  CL Billy Wagner  ATL  2010,0,N,0,1,3,1,3,1,1,3,1,3,1,2,3,1,3,1,29,1,Normal,Normal,Normal,150,80,141,129,153,68,175,150,150,84,130,121,128,105,122,130,-,-,-,-,-,-,-,-,4,FB,95-97,OTT,Normal,14,65,-,-,-,29,20,24,23,3,5,3,57,-,-,-,-,-,-,-,-,57,-,-,-,-,-,-,-,-,10,4,6,15,,,0,0,0,0,0,0,0,0,0,0,0,0,0,0,0,0,0,0.0,0.00,0,-0.0,0.0,0.00,0,0,0.0,0.0,62,0,4,2,10,18,9,58.2,252,227,37,9,2,4,23,17,23,0,64,2,0,0,3,0,0,3,19,41,9,1.27,1047,49,57,0,0,1.0,1.0,1.0,3.35,61,0,8,3,5,0,0,0,1.23,0.1,1.077,0,0,58.2,0,0,2,2,2,1,0,0,0,0,0,0,-0.1,0.0
RP,Josh Johnson,Josh,Johnson,Webster Groves Supercells,6' 7',245 lbs,L,R,100,Florida Marlins,FLA,2010,2005-2014,ME,86275,Perfect,All-Star Week Mission Reward  SP Josh Johnson  FLO  2010,0,N,0,1,6,1,6,3,4,3,1,7,1,1,7,1,6,4,64,5,Normal,Normal,Normal,131,113,97,138,129,88,104,130,133,140,93,145,126,118,116,125,-,-,-,-,-,-,-,-,4,NEU,94-96,3/4,Normal,72,52,-,-,-,27,38,29,23,2,10,4,74,-,-,-,-,-,-,-,-,74,-,-,-,-,-,-,-,-,5,5,6,5,,,0,0,0,0,0,0,0,0,0,0,0,0,0,0,0,0,0,0.0,0.00,0,-0.0,0.0,0.00,0,0,0.0,0.0,51,0,1,1,1,8,6,72.0,311,291,65,10,3,7,26,25,16,1,64,2,0,2,0,0,0,10,28,36,15,0.91,1184,80,61,1,0,0.1,1.0,1.4,3.58,50,0,10,6,4,0,0,0,1.25,0.1,.923,1,0,72.0,0,0,4,4,3,2,0,0,0,0,0,0,-0.9,0.0
SP,Sam McDowell,Sam,McDowell,Laffy Comedians - CG,6' 5',220 lbs,L,L,100,Cleveland,CLE,1968,1961-1979,BBR,85328,Perfect,Baseball Reference 2  SP Sam McDowell  CLE  1968,0,Y,5,26,21,6,48,23,29,17,4,35,22,26,23,7,52,24,64,25,Normal,Pull,Pull,145,81,130,126,164,98,134,145,140,74,128,124,109,109,136,99,-,-,-,-,-,-,-,-,4,FB,90-92,OTT,Normal,94,79,-,-,-,29,13,22,24,10,8,10,54,-,-,-,-,-,-,-,-,54,-,-,-,-,-,-,-,-,5,5,6,5,,,0,0,0,0,0,0,0,0,0,0,0,0,0,0,0,0,0,0.0,0.00,0,-0.0,0.0,0.00,0,0,0.0,0.0,61,0,4,6,8,21,9,78.2,315,277,40,14,0,5,29,27,27,1,63,3,2,6,0,0,0,7,32,28,4,1.35,1255,80,82,2,2,0.9,1.0,1.6,4.04,61,0,15,8,5,2,0,0,1.49,0.8,.979,4,2,78.2,0,0,8,7,4,3,0,0,1,1,0,0,-0.9,0.0
RP,Ted Lyons,Ted,Lyons,Everett Aqua Sox,5' 11',200 lbs,S,R,100,Chicago White Sox,CHW,1939,1921-1945,,83903,Perfect,Veteran Presence  SP Ted Lyons  CWS  1939,0,Y,5,40,53,6,50,29,50,41,4,55,31,37,57,7,49,29,65,32,Normal,Normal,Normal,82,149,102,121,83,151,132,110,81,148,77,125,77,98,62,-,-,-,-,-,-,-,-,120,4,FB,89-91,3/4,Normal,106,47,-,-,-,25,25,26,27,5,2,4,63,-,-,-,-,-,-,-,-,63,-,-,-,-,-,-,-,-,10,4,6,15,,,0,0,0,0,0,0,0,0,0,0,0,0,0,0,0,0,0,0.0,0.00,0,-0.0,0.0,0.00,0,0,0.0,0.0,10,10,2,7,0,0,0,60.2,267,244,43,18,2,4,41,37,17,0,30,2,0,4,0,1,0,3,0,0,0,0.91,1035,63,86,11,0,-0.7,0.9,-0.1,5.10,10,10,10,3,6,1,0,0,1.34,-1.8,1.077,11,0,60.2,0,0,5,3,2,1,0,0,0,0,0,0,-0.5,0.0
SP,Johan Santana,Johan,Santana,-,6' 0',210 lbs,L,L,101,Minnesota Twins,MIN,2006,2005-2014,CS,86278,Perfect,Clubhouse - Historical All-Star  SP Johan Santana  MIN  2006,0,N,0,1,2,1,2,1,1,1,1,1,1,1,3,1,3,1,25,1,Normal,Spray,Spray,141,120,124,119,124,110,108,115,147,124,130,121,121,-,-,117,-,-,-,-,158,-,-,-,3,FB,93-95,3/4,Normal,96,66,-,-,-,35,18,25,23,4,1,5,62,-,-,-,-,-,-,-,-,62,-,-,-,-,-,-,-,-,5,3,6,6,,,0,0,0,0,0,0,0,0,0,0,0,0,0,0,0,0,0,0.0,0.00,0,-0.0,0.0,0.00,0,0,0.0,0.0,12,12,3,5,0,0,0,67.1,300,272,57,12,2,8,40,39,20,0,55,4,0,4,5,0,0,4,0,0,0,1.13,1134,58,83,3,2,-1.0,0.9,0.5,4.03,12,12,7,5,2,0,0,0,0.94,0.3,1.077,5,2,67.1,0,0,5,4,2,1,0,0,0,0,0,0,-0.7,0.0
SP,Pedro Martinez,Pedro,Martinez,Freedom Grabbers - HotL,5' 11',170 lbs,R,R,100,New York Mets,NYM,2005,2005-2014,CS,84702,Perfect,Clubhouse - April Fools' Day  SP Pedro Martinez  NYM  2005,0,N,0,3,12,2,15,9,6,20,2,18,8,3,10,2,14,10,51,55,Normal,Normal,Normal,121,96,120,112,117,84,118,113,125,110,122,111,86,-,105,87,-,-,95,-,156,-,-,-,5,FB,88-90,3/4,Normal,92,54,-,-,-,25,19,22,23,2,7,5,51,-,-,-,-,-,-,-,-,51,-,-,-,-,-,-,-,-,5,5,6,5,,,0,0,0,0,0,0,0,0,0,0,0,0,0,0,0,0,0,0.0,0.00,0,-0.0,0.0,0.00,0,0,0.0,0.0,36,36,8,17,0,0,0,193.1,877,781,157,47,3,31,128,121,76,0,156,3,3,14,8,1,0,12,0,0,0,1.02,3481,177,224,11,3,-2.8,0.9,-0.2,4.36,36,36,24,12,11,1,0,0,1.07,-0.7,.898,14,3,193.1,0,0,10,8,5,3,1,1,0,0,0,0,-3.2,0.0
SP,Orel Hershiser,Orel,Hershiser,Everett Aqua Sox,6' 3',190 lbs,R,R,102,Los Angeles Dodgers,LAD,1988,1980-1992,CS,83135,Perfect,Clubhouse - Baseball Reference 8  SP Orel Hershiser  LAD  1988,0,N,0,52,46,4,34,33,67,41,4,33,35,45,48,4,35,33,58,6,Normal,Spray,Spray,117,148,151,151,105,146,160,147,128,150,144,154,-,-,126,-,127,-,102,-,-,-,92,-,4,GB,89-91,3/4,GB'er,100,87,-,-,-,34,18,25,24,3,6,9,61,-,-,-,-,-,-,-,-,61,-,-,-,-,-,-,-,-,44,42,58,39,,,0,0,0,0,0,0,0,0,0,0,0,0,0,0,0,0,0,0.0,0.00,0,-0.0,0.0,0.00,0,0,0.0,0.0,8,8,2,3,0,0,0,53.2,225,204,32,11,1,6,26,25,17,0,47,1,2,1,2,0,0,5,0,0,0,0.90,864,59,50,3,0,-0.3,0.9,0.9,3.80,8,8,15,5,9,1,1,0,2.35,-0.3,.862,3,0,53.2,0,0,8,8,1,0,0,0,0,0,0,0,-0.8,0.0
RP,Jesse Orosco,Jesse,Orosco,Phoenix Mango Slush - HOTL,6' 2',185 lbs,R,L,100,New York Mets,NYM,1983,1980-1992,,85083,Perfect,Happy Birthday Nico - Historical All-Star  CL Jesse Orosco  NYM  1983,0,N,0,7,3,1,3,2,7,3,1,4,2,7,3,1,3,2,22,4,Normal,Normal,Normal,117,84,131,126,126,89,140,146,114,83,128,120,98,-,-,111,-,-,-,-,-,-,-,-,2,FB,90-92,3/4,Normal,61,60,-,-,-,35,72,43,23,5,10,3,98,-,-,-,-,-,-,-,-,98,-,-,-,-,-,-,-,-,8,3,6,13,,,0,0,0,0,0,0,0,0,0,0,0,0,0,0,0,0,0,0.0,0.00,0,-0.0,0.0,0.00,0,0,0.0,0.0,58,0,6,5,3,12,15,86.2,401,354,74,23,1,6,44,42,38,2,77,2,1,6,5,0,0,4,24,44,19,1.13,1547,84,89,8,1,-1.1,0.9,0.4,4.25,53,0,7,2,5,0,0,0,0.73,-0.7,1.077,9,1,86.2,0,0,5,4,0,0,0,0,0,0,0,0,-1.2,0.0
CL,Billy Wagner,Billy,Wagner,Sharpstown Bill Collectors,5' 10',180 lbs,L,L,100,Atlanta Braves,ATL,2010,2005-2014,,85809,Perfect,Family Connections - Historical All-Star  CL Billy Wagner  ATL  2010,0,N,0,1,3,1,3,1,1,3,1,3,1,2,3,1,3,1,29,1,Normal,Normal,Normal,150,80,141,129,153,68,175,150,150,84,130,121,128,105,122,130,-,-,-,-,-,-,-,-,4,FB,95-97,OTT,Normal,14,65,-,-,-,29,20,24,23,3,5,3,57,-,-,-,-,-,-,-,-,57,-,-,-,-,-,-,-,-,10,4,6,15,,,0,0,0,0,0,0,0,0,0,0,0,0,0,0,0,0,0,0.0,0.00,0,-0.0,0.0,0.00,0,0,0.0,0.0,55,0,2,1,11,11,3,54.1,222,202,34,7,0,3,16,16,17,1,49,2,0,1,4,1,0,4,11,36,9,0.88,847,57,49,3,2,1.2,0.9,1.4,3.65,55,0,15,8,5,2,0,0,2.15,0.1,.838,5,2,54.1,0,0,6,4,4,4,0,0,0,0,0,0,-0.5,0.0
CL,Kenley Jansen,Kenley,Jansen,Peninsula Whips,6' 5',265 lbs,S,R,100,Los Angeles Dodgers,LAD,2017,2015+,CS,85705,Perfect,Clubhouse - SwitchKnucklers - Historical All-Star  CL Kenley Jansen  LAD  2017,0,N,0,2,4,1,3,1,2,4,1,3,1,2,5,1,3,2,23,1,Normal,Normal,Normal,141,142,121,116,118,137,108,93,160,147,133,150,-,-,-,102,121,-,154,-,-,-,-,-,3,EX FB,95-97,OTT,Normal,19,48,-,-,-,27,20,23,23,3,9,9,55,-,-,-,-,-,-,-,-,55,-,-,-,-,-,-,-,-,13,4,6,22,,,0,0,0,0,0,0,0,0,0,0,0,0,0,0,0,0,0,0.0,0.00,0,-0.0,0.0,0.00,0,0,0.0,0.0,58,0,2,4,11,18,8,71.2,289,264,41,11,1,6,31,25,21,0,63,2,0,2,3,1,0,11,15,26,8,0.97,1111,73,65,6,1,0.4,0.9,0.9,3.64,58,0,10,4,5,1,1,0,1.13,-0.6,.862,7,1,71.2,0,0,5,4,0,0,0,0,0,0,0,0,-0.9,0.0
CL,Robb Nen,Robb,Nen,Canterbury Tails,6' 4',200 lbs,R,R,101,San Francisco Giants,SFG,2000,1993-2004,,83906,Perfect,HOF Week - Snapshot  CL Robb Nen  SF  2000,0,N,0,1,3,1,3,1,1,3,1,3,1,1,3,1,3,1,28,13,Normal,Spray,Spray,148,106,125,138,160,95,97,130,139,117,151,144,75,-,137,94,-,153,-,-,-,-,-,-,4,FB,96-98,OTT,Normal,19,39,-,-,-,25,20,23,23,1,7,7,52,-,-,-,-,-,-,-,-,52,-,-,-,-,-,-,-,-,5,5,6,6,,,0,0,0,0,0,0,0,0,0,0,0,0,0,0,0,0,0,0.0,0.00,0,-0.0,0.0,0.00,0,0,0.0,0.0,80,0,4,2,10,14,10,81.0,345,305,52,17,0,5,37,29,31,1,68,3,0,6,4,0,0,6,16,58,15,0.91,1360,68,95,3,1,0.5,0.9,0.7,4.11,79,0,10,7,2,1,0,0,1.00,-0.8,.838,4,1,81.0,0,0,9,6,1,1,1,0,0,0,0,0,-1.2,0.0
SP,Josh Johnson,Josh,Johnson,Mount Pleasant Mounties,6' 7',245 lbs,L,R,100,Florida Marlins,FLA,2010,2005-2014,ME,86275,Perfect,All-Star Week Mission Reward  SP Josh Johnson  FLO  2010,0,N,0,1,6,1,6,3,4,3,1,7,1,1,7,1,6,4,64,5,Normal,Normal,Normal,131,113,97,138,129,88,104,130,133,140,93,145,126,118,116,125,-,-,-,-,-,-,-,-,4,NEU,94-96,3/4,Normal,72,52,-,-,-,27,38,29,23,2,10,4,74,-,-,-,-,-,-,-,-,74,-,-,-,-,-,-,-,-,5,5,6,5,,,0,0,0,0,0,0,0,0,0,0,0,0,0,0,0,0,0,0.0,0.00,0,-0.0,0.0,0.00,0,0,0.0,0.0,33,33,10,17,0,0,0,173.1,782,687,143,31,7,22,117,114,69,0,115,9,4,13,5,1,0,16,0,0,0,0.99,3038,190,192,14,3,-3.6,0.9,-0.4,4.82,33,33,39,23,16,0,1,0,2.02,0.6,1.032,17,3,173.1,0,0,18,17,6,6,2,2,0,0,0,0,-2.0,0.0
CL,Rich Gossage,Rich,Gossage,Tampa Bay Yankees 22,6' 3',215 lbs,R,R,101,New York Yankees,NYA,1982,1980-1992,HOF,85046,Perfect,All-Star Week - Hall of Fame  CL Rich Gossage  NYY  1982,0,N,0,1,3,1,3,1,1,3,1,3,1,1,3,1,3,1,27,17,Normal,Normal,Normal,153,100,141,144,133,72,138,150,169,133,143,140,136,-,-,134,-,-,-,-,-,-,-,-,2,EX FB,97-99,3/4,Normal,48,61,-,-,-,26,13,20,23,10,4,7,45,-,-,-,-,-,-,-,-,45,-,-,-,-,-,-,-,-,15,5,6,25,,,0,0,0,0,0,0,0,0,0,0,0,0,0,0,0,0,0,0.0,0.00,0,-0.0,0.0,0.00,0,0,0.0,0.0,66,0,6,6,2,33,11,75.0,317,274,41,8,0,6,25,22,37,3,70,3,2,1,1,0,0,5,54,10,2,2.15,1313,71,77,6,0,1.4,0.9,2.5,4.10,66,0,9,3,6,0,0,0,1.08,-1.1,1.077,6,0,75.0,0,0,3,3,4,1,0,0,0,0,0,0,-0.8,0.0
RP,Rich Gossage,Rich,Gossage,Shakedown 1977 Microbus TTC - GH,6' 3',215 lbs,R,R,101,New York Yankees,NYA,1982,1980-1992,HOF,85046,Perfect,All-Star Week - Hall of Fame  CL Rich Gossage  NYY  1982,0,N,0,1,3,1,3,1,1,3,1,3,1,1,3,1,3,1,27,17,Normal,Normal,Normal,153,100,141,144,133,72,138,150,169,133,143,140,136,-,-,134,-,-,-,-,-,-,-,-,2,EX FB,97-99,3/4,Normal,48,61,-,-,-,26,13,20,23,10,4,7,45,-,-,-,-,-,-,-,-,45,-,-,-,-,-,-,-,-,15,5,6,25,,,0,0,0,0,0,0,0,0,0,0,0,0,0,0,0,0,0,0.0,0.00,0,-0.0,0.0,0.00,0,0,0.0,0.0,64,0,0,8,14,23,14,83.0,341,297,40,10,1,5,28,27,40,0,70,2,1,1,2,0,0,6,32,15,5,1.51,1376,68,102,7,0,0.1,0.8,2.3,4.29,64,0,19,11,6,2,0,0,1.84,-0.4,.979,7,0,83.0,0,0,10,10,5,4,0,0,0,0,0,0,-0.9,0.0
CL,Sean Doolittle,Sean,Doolittle,Grover Beach Grouches,6' 2',205 lbs,L,L,101,Washington Nationals,WSN,2018,2015+,CS,86281,Perfect,Clubhouse - Historical All-Star  CL Sean Doolittle  WAS  2018,149 864,N,0,1,3,1,3,1,1,3,1,3,1,1,3,1,3,1,21,1,Normal,Spray,Spray,152,125,181,119,180,66,200,160,143,150,175,115,128,-,-,123,-,-,-,-,-,-,-,-,2,EX FB,93-95,3/4,Normal,11,57,-,-,-,27,20,23,23,2,9,3,55,-,-,-,-,-,-,-,-,55,-,-,-,-,-,-,-,-,5,5,6,5,,,0,0,0,0,0,0,0,0,0,0,0,0,0,0,0,0,0,0.0,0.00,0,-0.0,0.0,0.00,0,0,0.0,0.0,66,0,6,5,11,27,8,64.2,270,245,42,11,0,6,20,19,16,2,57,5,3,1,2,0,0,5,16,24,1,1.35,1048,59,72,4,1,1.8,0.8,1.8,3.56,65,0,6,4,2,0,0,0,0.84,0.1,1.077,5,1,64.2,0,0,4,4,0,0,0,0,0,0,0,0,-0.7,0.0
SP,Jack Coombs,Jack,Coombs,Berlin Speed Dealers SoM,6' 0',185 lbs,S,R,100,Philadelphia Athletics,OAK,1910,2026,BBR,85937,Perfect,July Jewels - Baseball Reference 4  SP Jack Coombs  PHA  1910,0,N,0,50,52,4,63,70,64,53,6,51,56,44,52,4,66,74,23,4,Normal,Normal,Normal,117,84,125,137,116,85,121,139,117,84,128,135,103,113,141,-,-,-,-,-,-,-,-,-,3,NEU,90-92,3/4,Normal,106,59,-,-,-,24,40,31,29,10,1,6,73,-,-,-,-,-,-,-,-,73,-,-,-,-,-,-,-,-,48,83,78,73,,,0,0,0,0,0,0,0,0,0,0,0,0,0,0,0,0,0,0.0,0.00,0,-0.0,0.0,0.00,0,0,0.0,0.0,33,33,11,16,0,0,0,189.2,852,746,135,46,4,27,122,121,84,0,146,8,6,8,5,0,0,13,0,0,0,1.04,3379,205,194,9,3,-3.5,0.8,0.2,4.58,33,33,28,12,15,1,2,0,1.28,-0.3,.987,12,3,189.2,0,0,14,12,5,2,0,0,0,0,0,0,-1.6,0.0
RP,Dellin Betances,Dellin,Betances,Phoenix Mango Slush - HOTL,6' 8',260 lbs,R,R,100,New York Yankees,NYY,2014,2005-2014,ME,83904,Perfect,Live Collection Reward - Historical All-Star  RP Dellin Betances  NYY  2014,0,N,0,1,3,1,3,1,1,3,1,3,1,1,3,1,3,1,26,26,Normal,Normal,Normal,140,86,121,111,140,105,116,140,140,71,126,87,100,-,166,107,-,-,-,-,-,-,-,-,3,NEU,98-100,3/4,Normal,25,33,-,-,-,27,20,23,23,10,10,7,55,-,-,-,-,-,-,-,-,55,-,-,-,-,-,-,-,-,5,5,6,5,,,0,0,0,0,0,0,0,0,0,0,0,0,0,0,0,0,0,0.0,0.00,0,-0.0,0.0,0.00,0,0,0.0,0.0,57,0,1,1,11,17,5,63.2,270,245,45,12,3,4,24,22,17,0,46,1,1,6,1,0,0,5,20,27,10,1.12,1034,65,72,6,1,1.5,0.8,1.2,4.20,56,0,11,5,6,0,0,0,1.55,-0.4,1.077,7,1,63.2,0,0,7,5,0,0,1,1,0,0,0,0,-0.3,0.0
SP,Phil Niekro,Phil,Niekro,Dark Web Hackers,6' 1',180 lbs,R,R,100,Atlanta Braves,ATL,1978,1961-1979,CS,85728,Perfect,Clubhouse - SwitchKnucklers - Hall of Fame  SP Phil Niekro  ATL  1978,0,N,0,80,50,14,37,46,88,41,8,26,69,77,53,17,41,35,31,2,Groundball,Normal,Normal,128,94,119,120,121,92,124,131,134,97,116,117,75,-,-,78,-,-,-,-,-,-,-,172,3,FB,86-88,3/4,Normal,99,57,-,-,-,35,41,38,39,9,6,5,83,-,-,-,-,-,-,-,-,83,-,-,-,-,-,-,-,-,5,5,6,5,,,0,0,0,0,0,0,0,0,0,0,0,0,0,0,0,0,0,0.0,0.00,0,-0.0,0.0,0.00,0,0,0.0,0.0,31,31,11,11,0,0,0,178.2,788,693,121,28,2,26,111,102,77,0,144,11,3,4,5,1,0,12,0,0,0,1.00,3084,171,200,13,3,-2.5,0.8,0.8,4.42,31,31,26,13,13,0,1,0,1.31,-0.1,1.077,16,3,178.2,0,0,14,12,3,3,0,0,0,0,0,0,-2.3,0.0
RP,Tex Hughson,Tex,Hughson,Peninsula Whips,6' 3',200 lbs,R,R,100,Boston Red Sox,BOS,1944,1921-1945,CS,85819,Perfect,Clubhouse - Historical All-Star  SP Tex Hughson  BOS  1944,0,N,0,8,11,1,27,10,5,19,1,33,6,10,9,2,25,12,96,10,Normal,Spray,Spray,106,126,116,117,91,122,129,107,122,130,106,142,-,79,112,94,122,-,-,-,-,95,84,-,6,EX FB,90-92,3/4,Normal,99,62,-,-,-,29,36,29,23,10,9,2,74,-,-,-,-,-,-,-,-,74,-,-,-,-,-,-,-,-,11,4,6,18,,,0,0,0,0,0,0,0,0,0,0,0,0,0,0,0,0,0,0.0,0.00,0,-0.0,0.0,0.00,0,0,0.0,0.0,46,0,1,2,4,8,6,78.0,333,306,56,12,1,8,36,31,21,0,70,3,0,3,4,0,0,5,17,43,12,0.86,1304,63,95,8,0,0.2,0.8,0.8,3.58,45,0,9,3,6,0,0,0,1.04,-0.7,1.077,8,0,78.0,0,0,4,4,0,0,1,1,0,0,0,0,-1.9,0.0
CL,Kenley Jansen,Kenley,Jansen,Englewood Pirates,6' 5',265 lbs,S,R,100,Los Angeles Dodgers,LAD,2017,2015+,CS,85705,Perfect,Clubhouse - SwitchKnucklers - Historical All-Star  CL Kenley Jansen  LAD  2017,0,N,0,2,4,1,3,1,2,4,1,3,1,2,5,1,3,2,23,1,Normal,Normal,Normal,141,142,121,116,118,137,108,93,160,147,133,150,-,-,-,102,121,-,154,-,-,-,-,-,3,EX FB,95-97,OTT,Normal,19,48,-,-,-,27,20,23,23,3,9,9,55,-,-,-,-,-,-,-,-,55,-,-,-,-,-,-,-,-,13,4,6,22,,,0,0,0,0,0,0,0,0,0,0,0,0,0,0,0,0,0,0.0,0.00,0,-0.0,0.0,0.00,0,0,0.0,0.0,65,0,6,5,11,22,10,62.1,256,230,46,8,0,4,19,18,18,0,43,1,2,5,2,0,0,8,26,41,8,1.38,984,61,71,3,0,0.5,0.8,1.8,4.32,64,0,11,5,4,2,0,0,1.30,-0.4,.862,3,0,62.1,0,0,3,3,2,1,0,0,0,0,0,0,-0.7,0.0
CL,Aroldis Chapman,Aroldis,Chapman,Grover Beach Grouches,6' 4',235 lbs,L,L,101,Chicago Cubs,CHC,2016,2015+,CS,86413,Perfect,Clubhouse - Baseball Reference 6  CL Aroldis Chapman  CHC  2016,169 467,N,0,1,3,1,3,1,1,3,1,3,1,1,3,1,3,1,22,1,Normal,Normal,Normal,180,87,134,153,166,50,151,171,184,97,128,147,145,-,-,147,-,116,-,-,-,-,-,-,3,NEU,100+,OTT,Normal,17,49,-,-,-,29,20,24,23,10,4,7,57,-,-,-,-,-,-,-,-,57,-,-,-,-,-,-,-,-,16,4,6,28,,,0,0,0,0,0,0,0,0,0,0,0,0,0,0,0,0,0,0.0,0.00,0,-0.0,0.0,0.00,0,0,0.0,0.0,67,0,3,2,9,19,8,68.0,294,260,54,7,1,7,30,30,30,3,71,0,0,4,2,0,0,7,20,42,8,1.32,1177,70,51,5,3,1.2,0.8,0.8,3.69,66,0,10,7,2,1,0,0,1.19,0.7,1.077,8,3,68.0,0,0,3,3,3,3,1,0,0,0,0,0,-0.7,0.0
SP,Vida Blue,Vida,Blue,-,6' 0',190 lbs,S,L,101,Oakland Athletics,OAK,1971,1961-1979,,85756,Perfect,SwitchKnucklers - Hardware Heroes  SP Vida Blue  ATH  1971,0,N,0,90,43,3,37,14,97,70,6,51,12,88,30,3,33,15,76,9,Groundball,Pull,Pull,130,101,137,120,119,98,121,110,133,103,142,129,107,131,132,87,-,-,-,-,-,-,-,-,4,EX FB,90-92,3/4,Normal,97,63,-,-,-,24,36,27,20,1,7,4,68,-,-,-,-,-,-,-,-,68,-,-,-,-,-,-,-,-,39,54,30,37,,,0,0,0,0,0,0,0,0,0,0,0,0,0,0,0,0,0,0.0,0.00,0,-0.0,0.0,0.00,0,0,0.0,0.0,11,11,2,2,0,0,0,54.2,246,218,43,7,4,7,31,31,24,0,59,2,0,2,6,0,0,1,0,0,0,0.97,1008,46,52,4,5,-0.5,0.7,0.4,3.62,11,11,9,7,2,0,0,0,1.48,1.7,1.293,9,5,54.2,0,0,6,5,0,0,1,1,0,0,0,0,-0.8,0.0
SP,Kevin Brown,Kevin,Brown,-,6' 4',195 lbs,R,R,100,Florida Marlins,FLA,1996,1993-2004,,85401,Perfect,Played Where? - Historical All-Star  SP Kevin Brown  FLO  1996,0,N,0,7,28,3,36,17,8,19,5,43,24,7,31,3,34,15,48,58,Normal,Normal,Normal,87,118,124,126,83,117,127,131,90,120,121,121,85,-,93,84,95,117,-,-,-,-,-,-,5,EX GB,90-92,OTT,GB'er,94,60,-,-,-,35,20,25,22,10,3,3,64,-,-,-,-,-,-,-,-,64,-,-,-,-,-,-,-,-,6,5,6,7,,,0,0,0,0,0,0,0,0,0,0,0,0,0,0,0,0,0,0.0,0.00,0,-0.0,0.0,0.00,0,0,0.0,0.0,20,20,6,8,0,0,0,118.2,522,481,104,17,3,19,69,59,29,0,82,7,1,4,4,0,0,10,0,0,0,1.02,1996,139,116,7,5,-1.4,0.7,1.0,4.29,20,20,19,14,4,1,1,0,1.37,0.8,1.000,12,5,118.2,0,0,13,11,5,3,0,0,0,0,0,0,-2.0,0.0
SP,Vida Blue,Vida,Blue,Gastonia Peaches,6' 0',190 lbs,S,L,101,Oakland Athletics,OAK,1971,1961-1979,,85756,Perfect,SwitchKnucklers - Hardware Heroes  SP Vida Blue  ATH  1971,0,N,0,90,43,3,37,14,97,70,6,51,12,88,30,3,33,15,76,9,Groundball,Pull,Pull,130,101,137,120,119,98,121,110,133,103,142,129,107,131,132,87,-,-,-,-,-,-,-,-,4,EX FB,90-92,3/4,Normal,97,63,-,-,-,24,36,27,20,1,7,4,68,-,-,-,-,-,-,-,-,68,-,-,-,-,-,-,-,-,39,54,30,37,,,0,0,0,0,0,0,0,0,0,0,0,0,0,0,0,0,0,0.0,0.00,0,-0.0,0.0,0.00,0,0,0.0,0.0,33,4,2,4,2,5,1,81.0,354,315,61,13,1,9,43,40,30,0,79,4,0,5,8,0,0,4,10,27,11,0.74,1450,65,90,6,4,-0.6,0.7,0.4,3.67,33,4,9,2,7,0,0,0,1.00,0.5,1.077,10,4,81.0,0,0,4,3,2,1,0,0,0,0,0,0,-0.5,0.0
CL,Sean Doolittle,Sean,Doolittle,Houston Swangas,6' 2',205 lbs,L,L,101,Washington Nationals,WSN,2018,2015+,CS,86281,Perfect,Clubhouse - Historical All-Star  CL Sean Doolittle  WAS  2018,0,N,0,1,3,1,3,1,1,3,1,3,1,1,3,1,3,1,21,1,Normal,Spray,Spray,152,125,181,119,180,66,200,160,143,150,175,115,128,-,-,123,-,-,-,-,-,-,-,-,2,EX FB,93-95,3/4,Normal,11,57,-,-,-,27,20,23,23,2,9,3,55,-,-,-,-,-,-,-,-,55,-,-,-,-,-,-,-,-,5,5,6,5,,,0,0,0,0,0,0,0,0,0,0,0,0,0,0,0,0,0,0.0,0.00,0,-0.0,0.0,0.00,0,0,0.0,0.0,61,0,2,7,2,32,10,55.1,240,213,34,13,2,5,31,29,22,1,53,2,2,0,4,0,1,3,48,2,2,2.03,920,47,59,2,1,1.0,0.7,-0.1,3.80,61,0,13,7,5,1,0,0,1.95,0.0,.862,3,1,55.1,0,0,5,4,1,1,0,0,0,0,0,0,-0.3,0.0
CL,Kenley Jansen,Kenley,Jansen,New Platson Grand Petites HotL,6' 5',265 lbs,S,R,100,Los Angeles Dodgers,LAD,2017,2015+,CS,85705,Perfect,Clubhouse - SwitchKnucklers - Historical All-Star  CL Kenley Jansen  LAD  2017,0,N,0,2,4,1,3,1,2,4,1,3,1,2,5,1,3,2,23,1,Normal,Normal,Normal,141,142,121,116,118,137,108,93,160,147,133,150,-,-,-,102,121,-,154,-,-,-,-,-,3,EX FB,95-97,OTT,Normal,19,48,-,-,-,27,20,23,23,3,9,9,55,-,-,-,-,-,-,-,-,55,-,-,-,-,-,-,-,-,13,4,6,22,,,0,0,0,0,0,0,0,0,0,0,0,0,0,0,0,0,0,0.0,0.00,0,-0.0,0.0,0.00,0,0,0.0,0.0,95,0,5,5,30,31,15,100.2,421,393,63,19,3,13,45,41,20,1,82,4,0,4,5,0,0,6,27,29,10,1.13,1516,90,120,2,2,1.6,0.7,1.2,3.65,95,0,10,7,2,1,0,0,0.80,0.1,.718,4,2,100.2,0,0,6,4,2,2,0,0,0,0,0,0,-1.8,0.0
CL,Bruce Sutter,Bruce,Sutter,Englewood Pirates,6' 2',190 lbs,R,R,100,Chicago Cubs,CHC,1979,1961-1979,,82699,Perfect,Hardware Heroes  CL Bruce Sutter  CHC  1979,0,N,0,2,3,1,3,1,2,3,1,3,1,2,3,1,3,1,27,56,Normal,Normal,Normal,130,75,99,113,154,84,90,153,110,68,106,101,91,-,-,120,-,82,-,-,-,-,-,-,3,EX GB,90-92,3/4,GB'er,25,113,-,-,-,21,32,25,23,6,1,4,60,-,-,-,-,-,-,-,-,60,-,-,-,-,-,-,-,-,21,4,11,35,,,0,0,0,0,0,0,0,0,0,0,0,0,0,0,0,0,0,0.0,0.00,0,-0.0,0.0,0.00,0,0,0.0,0.0,87,0,7,5,33,43,11,92.2,378,333,49,18,2,7,32,31,33,0,76,9,0,3,1,0,0,11,19,12,1,1.45,1520,101,82,0,4,2.2,0.7,2.3,4.04,87,0,22,10,12,0,1,0,2.14,1.8,.979,4,4,92.2,0,0,8,7,5,4,0,0,0,0,0,0,-0.4,0.0
CL,Trevor Hoffman,Trevor,Hoffman,Shakedown 1977 Microbus TTC - GH,6' 1',200 lbs,R,R,100,San Diego Padres,SDP,1994,1993-2004,ME,83299,Perfect,Live Collection Reward - Hall of Fame  CL Trevor Hoffman  SD  1994,0,N,0,1,3,1,3,2,1,3,1,3,2,1,3,1,3,2,21,32,Normal,Spray,Spray,116,81,118,130,113,77,115,140,118,85,121,122,78,152,93,92,-,-,-,-,-,-,-,-,4,EX FB,90-92,3/4,Normal,12,93,-,-,-,25,20,22,23,3,9,2,52,-,-,-,-,-,-,-,-,52,-,-,-,-,-,-,-,-,7,4,6,9,,,0,0,0,0,0,0,0,0,0,0,0,0,0,0,0,0,0,0.0,0.00,0,-0.0,0.0,0.00,0,0,0.0,0.0,51,1,2,3,6,8,6,47.2,215,185,37,8,1,1,20,18,23,0,43,4,1,2,3,0,0,3,16,28,4,1.18,897,39,55,5,1,-1.1,0.7,0.7,4.27,51,1,6,5,1,0,0,0,1.13,-0.4,1.077,6,1,47.2,0,0,6,5,1,0,0,0,0,0,0,0,-0.5,0.0
CL,Zack Britton,Zack,Britton,Rockford Peaches,6' 3',195 lbs,L,L,102,Baltimore Orioles,BAL,2016,2015+,LE,86426,Perfect,Limited Edition/54  CL Zack Britton  BAL  2016,0,N,0,1,3,1,3,1,1,3,1,3,1,1,3,1,3,1,29,1,Normal,Normal,Normal,142,110,174,179,131,100,155,190,145,114,180,175,-,-,-,127,143,-,-,-,-,-,-,-,2,EX GB,95-97,3/4,GB'er,18,65,-,-,-,35,20,26,23,6,1,9,65,-,-,-,-,-,-,-,-,65,-,-,-,-,-,-,-,-,5,4,6,5,,,0,0,0,0,0,0,0,0,0,0,0,0,0,0,0,0,0,0.0,0.00,0,-0.0,0.0,0.00,0,0,0.0,0.0,69,0,5,2,1,24,11,65.0,269,247,37,13,1,6,27,27,15,1,45,3,1,2,0,0,1,5,59,17,6,1.95,1036,74,71,2,0,-0.4,0.7,1.2,4.15,69,0,11,8,3,0,1,0,1.52,0.2,1.077,2,0,65.0,0,0,7,6,2,2,0,0,0,0,0,0,-1.1,0.0
CL,Sean Doolittle,Sean,Doolittle,New Haven Corsairs,6' 2',205 lbs,L,L,101,Washington Nationals,WSN,2018,2015+,CS,86281,Perfect,Clubhouse - Historical All-Star  CL Sean Doolittle  WAS  2018,0,N,0,1,3,1,3,1,1,3,1,3,1,1,3,1,3,1,21,1,Normal,Spray,Spray,152,125,181,119,180,66,200,160,143,150,175,115,128,-,-,123,-,-,-,-,-,-,-,-,2,EX FB,93-95,3/4,Normal,11,57,-,-,-,27,20,23,23,2,9,3,55,-,-,-,-,-,-,-,-,55,-,-,-,-,-,-,-,-,5,5,6,5,,,0,0,0,0,0,0,0,0,0,0,0,0,0,0,0,0,0,0.0,0.00,0,-0.0,0.0,0.00,0,0,0.0,0.0,67,0,4,6,17,14,14,58.1,252,223,47,6,1,3,22,19,25,0,51,4,0,0,3,0,0,5,12,33,9,1.38,1034,53,60,5,0,-0.4,0.7,1.2,4.16,65,0,5,2,3,0,0,0,0.77,-0.5,1.077,5,0,58.1,0,0,2,2,0,0,0,0,0,0,0,0,-0.3,0.0
SP,Daisuke Matsuzaka,Daisuke,Matsuzaka,Gastonia Peaches,6' 0',205 lbs,R,R,100,Boston Red Sox,BOS,2006,2005-2014,WBC,84210,Perfect,World Baseball Classic  SP Daisuke Matsuzaka  JPN  2006,0,Y,5,1,5,1,5,1,1,5,1,5,1,1,5,1,5,1,22,14,Normal,Normal,Normal,121,100,138,113,131,98,135,99,114,103,140,123,105,-,-,84,107,128,95,-,-,91,-,-,6,FB,94-96,OTT,Normal,105,61,-,-,-,35,20,26,23,9,1,9,70,-,-,-,-,-,-,-,-,70,-,-,-,-,-,-,-,-,8,4,6,12,,,0,0,0,0,0,0,0,0,0,0,0,0,0,0,0,0,0,0.0,0.00,0,-0.0,0.0,0.00,0,0,0.0,0.0,26,26,9,12,0,0,0,156.0,689,618,97,34,1,26,90,82,60,0,130,5,4,2,7,1,0,8,0,0,0,0.98,2792,169,153,16,5,-1.7,0.7,1.2,4.20,26,26,28,13,11,4,0,0,1.38,-2.0,.824,21,5,156.0,0,0,11,6,11,7,0,0,0,0,0,0,-1.9,0.0
SP,Vida Blue,Vida,Blue,Maple Madness,6' 0',190 lbs,S,L,101,Oakland Athletics,OAK,1971,1961-1979,,85756,Perfect,SwitchKnucklers - Hardware Heroes  SP Vida Blue  ATH  1971,0,Y,5,98,48,5,41,17,105,76,8,56,15,96,34,5,37,18,76,9,Groundball,Pull,Pull,140,109,148,130,128,106,131,119,143,111,153,139,107,131,132,87,-,-,-,-,-,-,-,-,4,EX FB,90-92,3/4,Normal,97,63,-,-,-,24,36,27,20,1,7,4,73,-,-,-,-,-,-,-,-,73,-,-,-,-,-,-,-,-,39,54,30,37,,,0,0,0,0,0,0,0,0,0,0,0,0,0,0,0,0,0,0.0,0.00,0,-0.0,0.0,0.00,0,0,0.0,0.0,14,14,7,4,0,0,0,86.2,377,342,71,17,1,12,52,49,30,0,65,2,0,3,2,0,0,7,0,0,0,0.94,1441,91,87,4,3,-0.8,0.7,0.4,4.35,14,14,11,6,5,0,0,0,1.14,0.8,1.077,7,3,86.2,0,0,4,4,0,0,0,0,0,0,0,0,-1.2,0.0
RP,Josh Johnson,Josh,Johnson,New Haven Corsairs,6' 7',245 lbs,L,R,100,Florida Marlins,FLA,2010,2005-2014,ME,86275,Perfect,All-Star Week Mission Reward  SP Josh Johnson  FLO  2010,0,N,0,1,6,1,6,3,4,3,1,7,1,1,7,1,6,4,64,5,Normal,Normal,Normal,131,113,97,138,129,88,104,130,133,140,93,145,126,118,116,125,-,-,-,-,-,-,-,-,4,NEU,94-96,3/4,Normal,72,52,-,-,-,27,38,29,23,2,10,4,74,-,-,-,-,-,-,-,-,74,-,-,-,-,-,-,-,-,5,5,6,5,,,0,0,0,0,0,0,0,0,0,0,0,0,0,0,0,0,0,0.0,0.00,0,-0.0,0.0,0.00,0,0,0.0,0.0,57,0,1,3,4,11,7,88.1,370,339,55,15,1,11,42,38,26,0,88,3,0,2,2,0,0,7,23,46,11,0.72,1474,79,86,6,4,0.1,0.7,0.7,3.34,57,0,7,4,3,0,0,0,0.71,0.5,1.077,10,4,88.1,0,0,5,3,1,1,0,0,0,0,0,0,-1.2,0.0
CL,Billy Wagner,Billy,Wagner,New Haven Corsairs,5' 10',180 lbs,L,L,100,Atlanta Braves,ATL,2010,2005-2014,,85809,Perfect,Family Connections - Historical All-Star  CL Billy Wagner  ATL  2010,0,N,0,1,3,1,3,1,1,3,1,3,1,2,3,1,3,1,29,1,Normal,Normal,Normal,150,80,141,129,153,68,175,150,150,84,130,121,128,105,122,130,-,-,-,-,-,-,-,-,4,FB,95-97,OTT,Normal,14,65,-,-,-,29,20,24,23,3,5,3,57,-,-,-,-,-,-,-,-,57,-,-,-,-,-,-,-,-,10,4,6,15,,,0,0,0,0,0,0,0,0,0,0,0,0,0,0,0,0,0,0.0,0.00,0,-0.0,0.0,0.00,0,0,0.0,0.0,52,0,1,0,2,11,4,61.1,256,221,32,11,1,3,17,17,32,0,59,1,1,1,2,0,0,5,14,44,12,0.67,1035,53,63,2,3,0.7,0.7,1.7,4.06,52,0,6,2,4,0,0,0,0.88,0.5,.718,5,3,61.1,0,0,2,2,0,0,1,0,0,0,0,0,-0.4,0.0
SP,Hideo Nomo,Hideo,Nomo,Shakedown 1977 Microbus TTC - GH,6' 2',210 lbs,R,R,100,Los Angeles Dodgers,LAD,1995,1993-2004,LE,85645,Perfect,Limited Edition/28  SP Hideo Nomo  LAD  1995,0,N,0,7,16,2,16,10,10,26,3,18,7,7,13,2,16,11,55,4,Normal,Normal,Normal,134,72,140,116,137,77,127,108,131,69,150,124,120,-,121,96,-,-,-,133,96,-,-,-,5,FB,94-96,3/4,Normal,90,38,-,-,-,26,25,24,23,6,5,4,58,-,-,-,-,-,-,-,-,58,-,-,-,-,-,-,-,-,5,4,6,5,,,0,0,0,0,0,0,0,0,0,0,0,0,0,0,0,0,0,0.0,0.00,0,-0.0,0.0,0.00,0,0,0.0,0.0,32,32,7,13,0,0,0,187.1,827,703,117,30,8,25,110,99,102,0,146,4,7,11,6,0,0,18,0,0,0,1.01,3404,179,204,23,4,-2.1,0.7,1.3,4.81,32,32,32,16,16,0,2,0,1.54,-1.9,1.005,27,4,187.1,0,0,12,10,8,5,1,0,0,0,0,0,-3.0,0.0
RP,Josh Johnson,Josh,Johnson,Everett Aqua Sox,6' 7',245 lbs,L,R,100,Florida Marlins,FLA,2010,2005-2014,ME,86275,Perfect,All-Star Week Mission Reward  SP Josh Johnson  FLO  2010,0,N,0,1,6,1,6,3,4,3,1,7,1,1,7,1,6,4,64,5,Normal,Normal,Normal,131,113,97,138,129,88,104,130,133,140,93,145,126,118,116,125,-,-,-,-,-,-,-,-,4,NEU,94-96,3/4,Normal,72,52,-,-,-,27,38,29,23,2,10,4,74,-,-,-,-,-,-,-,-,74,-,-,-,-,-,-,-,-,5,5,6,5,,,0,0,0,0,0,0,0,0,0,0,0,0,0,0,0,0,0,0.0,0.00,0,-0.0,0.0,0.00,0,0,0.0,0.0,35,13,4,5,0,6,1,110.1,468,412,62,21,1,13,58,56,49,1,88,2,0,5,7,1,0,7,9,18,1,1.00,1860,104,125,5,5,0.2,0.7,1.0,4.43,35,13,21,9,12,0,0,0,1.71,1.3,.970,10,5,110.1,0,0,7,7,6,4,0,0,0,0,0,0,-1.6,0.0
CL,Kenley Jansen,Kenley,Jansen,Barnstable Beasts,6' 5',265 lbs,S,R,100,Los Angeles Dodgers,LAD,2017,2015+,CS,85705,Perfect,Clubhouse - SwitchKnucklers - Historical All-Star  CL Kenley Jansen  LAD  2017,0,N,0,2,4,1,3,1,2,4,1,3,1,2,5,1,3,2,23,1,Normal,Normal,Normal,141,142,121,116,118,137,108,93,160,147,133,150,-,-,-,102,121,-,154,-,-,-,-,-,3,EX FB,95-97,OTT,Normal,19,48,-,-,-,27,20,23,23,3,9,9,55,-,-,-,-,-,-,-,-,55,-,-,-,-,-,-,-,-,13,4,6,22,,,0,0,0,0,0,0,0,0,0,0,0,0,0,0,0,0,0,0.0,0.00,0,-0.0,0.0,0.00,0,0,0.0,0.0,67,0,2,8,2,33,9,71.1,292,269,42,9,0,8,28,26,20,0,62,2,1,0,2,0,0,3,47,7,1,1.85,1119,70,77,2,1,1.9,0.7,1.5,3.66,67,0,14,7,7,0,0,0,1.77,0.7,1.077,3,1,71.1,0,0,4,4,1,1,1,1,0,0,0,0,-0.7,0.0
SP,CC Sabathia,CC,Sabathia,Maple Madness,6' 6',300 lbs,L,L,101,Milwaukee Brewers,MIL,2008,2005-2014,ME,86350,Perfect,Trade Deadliners - Baseball Reference 6  SP CC Sabathia  MIL  2008,0,N,0,71,66,110,4,60,120,10,10,4,31,48,74,140,4,65,28,1,Normal,Pull,Pull,127,126,127,139,161,111,115,160,116,131,131,131,130,111,-,104,136,-,-,-,-,-,-,-,4,NEU,97-99,3/4,Normal,105,62,-,-,-,27,14,20,20,5,6,4,48,-,-,-,-,-,-,-,-,48,-,-,-,-,-,-,-,-,12,4,6,20,,,0,0,0,0,0,0,0,0,0,0,0,0,0,0,0,0,0,0.0,0.00,0,-0.0,0.0,0.00,0,0,0.0,0.0,46,0,5,2,3,9,8,83.2,332,304,46,16,1,8,28,26,21,0,62,2,2,3,3,1,0,11,18,39,15,0.85,1313,93,78,9,5,0.0,0.7,1.8,3.96,46,0,17,8,7,2,1,0,1.61,-0.2,.862,14,5,83.2,0,0,12,9,1,0,0,0,0,0,0,0,-0.8,0.0
CL,Aroldis Chapman,Aroldis,Chapman,Barnstable Beasts,6' 4',235 lbs,L,L,101,Chicago Cubs,CHC,2016,2015+,CS,86413,Perfect,Clubhouse - Baseball Reference 6  CL Aroldis Chapman  CHC  2016,0,N,0,1,3,1,3,1,1,3,1,3,1,1,3,1,3,1,22,1,Normal,Normal,Normal,180,87,134,153,166,50,151,171,184,97,128,147,145,-,-,147,-,116,-,-,-,-,-,-,3,NEU,100+,OTT,Normal,17,49,-,-,-,29,20,24,23,10,4,7,57,-,-,-,-,-,-,-,-,57,-,-,-,-,-,-,-,-,16,4,6,28,,,0,0,0,0,0,0,0,0,0,0,0,0,0,0,0,0,0,0.0,0.00,0,-0.0,0.0,0.00,0,0,0.0,0.0,68,0,11,3,12,22,10,63.0,268,243,41,15,0,6,30,27,23,0,62,1,0,1,6,0,0,7,20,46,15,1.22,1133,65,52,3,2,-0.2,0.7,0.4,3.62,68,0,14,7,7,0,0,0,2.00,0.6,1.077,5,2,63.0,0,0,3,3,6,4,0,0,0,0,0,0,-0.3,0.0
SP,Dolf Luque,Dolf,Luque,Dark Web Hackers,5' 7',160 lbs,R,R,100,Cincinnati Reds,CIN,1923,1921-1945,BBR,85679,Perfect,June Gems - Baseball Reference 3  SP Dolf Luque  CIN  1923,0,N,0,17,45,35,50,28,19,37,32,53,25,17,48,37,49,30,70,8,Normal,Spray,Spray,119,81,125,133,116,68,132,140,121,90,119,128,100,118,125,98,-,90,-,-,-,-,-,-,5,NEU,90-92,OTT,Normal,100,56,-,-,-,29,23,24,22,4,9,3,59,-,-,-,-,-,-,-,-,59,-,-,-,-,-,-,-,-,36,59,44,20,,,0,0,0,0,0,0,0,0,0,0,0,0,0,0,0,0,0,0.0,0.00,0,-0.0,0.0,0.00,0,0,0.0,0.0,54,9,6,7,2,13,7,110.0,513,441,88,21,4,10,78,76,63,0,102,2,3,4,7,0,0,6,18,39,10,1.06,2104,109,107,10,1,-1.1,0.6,-1.1,4.47,53,9,28,16,9,3,0,0,2.05,-1.5,.875,11,1,110.0,0,0,14,11,3,2,1,1,0,0,0,0,-1.2,0.0
CL,Trevor Hoffman,Trevor,Hoffman,Mount Pleasant Mounties,6' 1',200 lbs,R,R,100,San Diego Padres,SDP,1994,1993-2004,ME,83299,Perfect,Live Collection Reward - Hall of Fame  CL Trevor Hoffman  SD  1994,0,N,0,1,3,1,3,2,1,3,1,3,2,1,3,1,3,2,21,32,Normal,Spray,Spray,116,81,118,130,113,77,115,140,118,85,121,122,78,152,93,92,-,-,-,-,-,-,-,-,4,EX FB,90-92,3/4,Normal,12,93,-,-,-,25,20,22,23,3,9,2,52,-,-,-,-,-,-,-,-,52,-,-,-,-,-,-,-,-,7,4,6,9,,,0,0,0,0,0,0,0,0,0,0,0,0,0,0,0,0,0,0.0,0.00,0,-0.0,0.0,0.00,0,0,0.0,0.0,66,0,2,4,16,20,14,58.0,249,220,39,12,0,3,30,27,24,1,41,1,0,3,4,1,1,4,23,24,9,1.48,977,59,67,2,1,-0.8,0.6,0.2,4.67,65,0,4,2,2,0,0,0,0.62,0.4,1.077,3,1,58.0,0,0,2,2,1,1,0,0,0,0,0,0,-0.4,0.0
CL,Sean Doolittle,Sean,Doolittle,Laffy Comedians - CG,6' 2',205 lbs,L,L,101,Washington Nationals,WSN,2018,2015+,CS,86281,Perfect,Clubhouse - Historical All-Star  CL Sean Doolittle  WAS  2018,0,N,0,1,3,1,3,1,1,3,1,3,1,1,3,1,3,1,21,1,Normal,Spray,Spray,152,125,181,119,180,66,200,160,143,150,175,115,128,-,-,123,-,-,-,-,-,-,-,-,2,EX FB,93-95,3/4,Normal,11,57,-,-,-,27,20,23,23,2,9,3,55,-,-,-,-,-,-,-,-,55,-,-,-,-,-,-,-,-,5,5,6,5,,,0,0,0,0,0,0,0,0,0,0,0,0,0,0,0,0,0,0.0,0.00,0,-0.0,0.0,0.00,0,0,0.0,0.0,82,0,4,1,34,28,11,71.0,297,267,42,6,2,6,27,26,26,0,62,2,1,1,0,0,0,5,12,15,3,1.29,1204,68,75,2,4,1.0,0.6,1.3,3.93,81,0,12,6,5,1,1,0,1.39,1.0,.862,6,4,71.0,0,0,4,3,4,3,0,0,0,0,0,0,-1.2,0.0
CL,Kenley Jansen,Kenley,Jansen,Shibuya Shredders - GH,6' 5',265 lbs,S,R,100,Los Angeles Dodgers,LAD,2017,2015+,CS,85705,Perfect,Clubhouse - SwitchKnucklers - Historical All-Star  CL Kenley Jansen  LAD  2017,0,N,0,2,4,1,3,1,2,4,1,3,1,2,5,1,3,2,23,1,Normal,Normal,Normal,141,142,121,116,118,137,108,93,160,147,133,150,-,-,-,102,121,-,154,-,-,-,-,-,3,EX FB,95-97,OTT,Normal,19,48,-,-,-,27,20,23,23,3,9,9,55,-,-,-,-,-,-,-,-,55,-,-,-,-,-,-,-,-,13,4,6,22,,,0,0,0,0,0,0,0,0,0,0,0,0,0,0,0,0,0,0.0,0.00,0,-0.0,0.0,0.00,0,0,0.0,0.0,47,0,2,4,10,19,11,46.1,205,185,31,11,0,3,24,18,19,0,41,1,0,0,4,0,0,3,13,27,9,1.55,797,46,49,3,0,-0.6,0.6,0.2,4.12,46,0,7,2,5,0,0,0,1.36,-0.2,1.077,3,0,46.1,0,0,1,1,0,0,1,1,0,0,0,0,-0.4,0.0
CL,Trevor Hoffman,Trevor,Hoffman,Washington Border Collies,6' 1',200 lbs,R,R,100,San Diego Padres,SDP,1994,1993-2004,ME,83299,Perfect,Live Collection Reward - Hall of Fame  CL Trevor Hoffman  SD  1994,0,N,0,1,3,1,3,2,1,3,1,3,2,1,3,1,3,2,21,32,Normal,Spray,Spray,116,81,118,130,113,77,115,140,118,85,121,122,78,152,93,92,-,-,-,-,-,-,-,-,4,EX FB,90-92,3/4,Normal,12,93,-,-,-,25,20,22,23,3,9,2,52,-,-,-,-,-,-,-,-,52,-,-,-,-,-,-,-,-,7,4,6,9,,,0,0,0,0,0,0,0,0,0,0,0,0,0,0,0,0,0,0.0,0.00,0,-0.0,0.0,0.00,0,0,0.0,0.0,54,0,5,1,13,14,5,61.1,252,228,38,11,1,5,25,24,20,0,49,3,0,1,5,0,0,8,8,24,5,1.02,981,53,71,0,1,1.1,0.6,1.0,4.03,54,0,8,3,5,0,0,0,1.17,0.7,1.077,1,1,61.1,0,0,2,2,3,2,0,0,0,0,0,0,-0.7,0.0
SP,Josh Johnson,Josh,Johnson,Rockford Peaches,6' 7',245 lbs,L,R,100,Florida Marlins,FLA,2010,2005-2014,ME,86275,Perfect,All-Star Week Mission Reward  SP Josh Johnson  FLO  2010,0,N,0,1,6,1,6,3,4,3,1,7,1,1,7,1,6,4,64,5,Normal,Normal,Normal,131,113,97,138,129,88,104,130,133,140,93,145,126,118,116,125,-,-,-,-,-,-,-,-,4,NEU,94-96,3/4,Normal,72,52,-,-,-,27,38,29,23,2,10,4,74,-,-,-,-,-,-,-,-,74,-,-,-,-,-,-,-,-,5,5,6,5,,,0,0,0,0,0,0,0,0,0,0,0,0,0,0,0,0,0,0.0,0.00,0,-0.0,0.0,0.00,0,0,0.0,0.0,23,23,7,11,0,0,0,136.1,609,524,84,29,2,17,73,66,69,0,106,6,4,5,3,1,1,12,0,0,0,1.02,2358,154,130,19,4,-1.6,0.6,1.4,4.70,23,23,29,16,9,4,2,0,1.65,-1.1,.898,23,4,136.1,0,0,10,8,8,7,2,1,1,1,0,0,-2.7,0.0
CL,Kenley Jansen,Kenley,Jansen,Phoenix Mango Slush - HOTL,6' 5',265 lbs,S,R,100,Los Angeles Dodgers,LAD,2017,2015+,CS,85705,Perfect,Clubhouse - SwitchKnucklers - Historical All-Star  CL Kenley Jansen  LAD  2017,0,N,0,2,4,1,3,1,2,4,1,3,1,2,5,1,3,2,23,1,Normal,Normal,Normal,141,142,121,116,118,137,108,93,160,147,133,150,-,-,-,102,121,-,154,-,-,-,-,-,3,EX FB,95-97,OTT,Normal,19,48,-,-,-,27,20,23,23,3,9,9,55,-,-,-,-,-,-,-,-,55,-,-,-,-,-,-,-,-,13,4,6,22,,,0,0,0,0,0,0,0,0,0,0,0,0,0,0,0,0,0,0.0,0.00,0,-0.0,0.0,0.00,0,0,0.0,0.0,42,0,3,1,7,13,3,48.2,200,178,29,6,1,3,15,15,14,1,36,3,0,5,2,0,0,2,15,28,8,1.07,752,42,66,9,0,0.9,0.6,1.2,4.09,41,0,9,6,3,0,0,0,1.66,-0.9,1.077,9,0,48.2,0,0,4,4,2,1,1,1,0,0,0,0,-1.1,0.0
SP,Phil Niekro,Phil,Niekro,Tulsa Doom,6' 1',180 lbs,R,R,100,Atlanta Braves,ATL,1978,1961-1979,CS,85728,Perfect,Clubhouse - SwitchKnucklers - Hall of Fame  SP Phil Niekro  ATL  1978,0,N,0,80,50,14,37,46,88,41,8,26,69,77,53,17,41,35,31,2,Groundball,Normal,Normal,128,94,119,120,121,92,124,131,134,97,116,117,75,-,-,78,-,-,-,-,-,-,-,172,3,FB,86-88,3/4,Normal,99,57,-,-,-,35,41,38,39,9,6,5,83,-,-,-,-,-,-,-,-,83,-,-,-,-,-,-,-,-,5,5,6,5,,,0,0,0,0,0,0,0,0,0,0,0,0,0,0,0,0,0,0.0,0.00,0,-0.0,0.0,0.00,0,0,0.0,0.0,46,0,3,0,0,7,5,93.2,407,366,67,17,3,9,45,42,35,0,81,3,0,3,5,1,0,7,16,29,7,0.58,1570,89,100,3,2,0.1,0.6,0.6,4.05,44,0,19,12,7,0,0,0,1.83,1.4,1.077,5,2,93.2,0,0,11,11,3,3,0,0,0,0,0,0,-0.5,0.0
CL,Jesse Orosco,Jesse,Orosco,Grover Beach Grouches,6' 2',185 lbs,R,L,100,New York Mets,NYM,1983,1980-1992,,85083,Perfect,Happy Birthday Nico - Historical All-Star  CL Jesse Orosco  NYM  1983,59 889,N,0,7,3,1,3,2,7,3,1,4,2,7,3,1,3,2,22,4,Normal,Normal,Normal,117,84,131,126,126,89,140,146,114,83,128,120,98,-,-,111,-,-,-,-,-,-,-,-,2,FB,90-92,3/4,Normal,61,60,-,-,-,35,72,43,23,5,10,3,98,-,-,-,-,-,-,-,-,98,-,-,-,-,-,-,-,-,8,3,6,13,,,0,0,0,0,0,0,0,0,0,0,0,0,0,0,0,0,0,0.0,0.00,0,-0.0,0.0,0.00,0,0,0.0,0.0,49,0,6,6,1,9,7,77.2,336,297,52,15,3,5,31,29,32,0,59,3,1,3,3,0,0,8,29,28,8,1.12,1337,81,83,0,1,-0.9,0.6,1.2,4.49,49,0,14,10,4,0,0,0,1.62,1.2,1.077,1,1,77.2,0,0,6,6,3,3,2,1,0,0,0,0,-0.8,0.0
SP,Josh Johnson,Josh,Johnson,Shibuya Shredders - GH,6' 7',245 lbs,L,R,100,Florida Marlins,FLA,2010,2005-2014,ME,86275,Perfect,All-Star Week Mission Reward  SP Josh Johnson  FLO  2010,0,N,0,1,6,1,6,3,4,3,1,7,1,1,7,1,6,4,64,5,Normal,Normal,Normal,131,113,97,138,129,88,104,130,133,140,93,145,126,118,116,125,-,-,-,-,-,-,-,-,4,NEU,94-96,3/4,Normal,72,52,-,-,-,27,38,29,23,2,10,4,74,-,-,-,-,-,-,-,-,74,-,-,-,-,-,-,-,-,5,5,6,5,,,0,0,0,0,0,0,0,0,0,0,0,0,0,0,0,0,0,0.0,0.00,0,-0.0,0.0,0.00,0,0,0.0,0.0,18,0,0,0,0,2,2,36.0,165,151,32,8,2,2,21,20,13,0,33,0,0,1,4,0,0,2,8,16,6,0.61,675,35,38,5,0,0.1,0.6,-0.1,3.96,18,0,7,4,3,0,1,0,1.75,-0.4,1.077,5,0,36.0,0,0,2,2,1,1,0,0,0,0,0,0,-0.7,0.0
RP,Satchel Paige,Satchel,Paige,Mount Pleasant Mounties,6' 3',180 lbs,R,R,100,Kansas City Monarchs,KCM,1944,1921-1945,CS,84844,Perfect,Clubhouse - Negro League Star  SP Satchel Paige  KCM  1944,0,N,0,57,71,1,37,46,57,77,1,52,43,57,69,1,33,47,51,26,Normal,Spray,Normal,125,95,115,118,119,99,112,117,130,93,117,118,103,92,122,109,-,-,-,103,-,120,120,-,7,NEU,94-96,3/4,Normal,96,63,1,1,1,29,32,29,25,5,10,2,71,-,56,-,-,-,-,-,-,71,-,56,-,-,-,-,-,-,43,4,11,29,,,0,0,0,0,0,0,0,0,0,0,0,0,0,0,0,0,0,0.0,0.00,0,-0.0,0.0,0.00,0,0,0.0,0.0,34,0,2,1,1,4,3,68.0,286,260,43,11,1,7,26,26,19,0,62,5,0,2,5,0,0,2,19,21,6,0.70,1081,64,72,3,2,0.3,0.5,1.1,3.58,34,0,9,5,4,0,0,0,1.19,0.6,1.077,5,2,68.0,0,0,3,3,4,3,0,0,0,0,0,0,-0.5,0.0
SP,Jack Coombs,Jack,Coombs,Shibuya Shredders - GH,6' 0',185 lbs,S,R,100,Philadelphia Athletics,OAK,1910,2026,BBR,85937,Perfect,July Jewels - Baseball Reference 4  SP Jack Coombs  PHA  1910,0,N,0,50,52,4,63,70,64,53,6,51,56,44,52,4,66,74,23,4,Normal,Normal,Normal,117,84,125,137,116,85,121,139,117,84,128,135,103,113,141,-,-,-,-,-,-,-,-,-,3,NEU,90-92,3/4,Normal,106,59,-,-,-,24,40,31,29,10,1,6,73,-,-,-,-,-,-,-,-,73,-,-,-,-,-,-,-,-,48,83,78,73,,,0,0,0,0,0,0,0,0,0,0,0,0,0,0,0,0,0,0.0,0.00,0,-0.0,0.0,0.00,0,0,0.0,0.0,8,8,2,3,0,0,0,47.2,216,196,34,12,1,5,37,30,16,0,31,1,0,3,4,0,0,2,0,0,0,0.99,842,51,58,0,0,-1.1,0.5,-0.5,4.73,8,8,6,4,1,1,0,0,0.94,-0.5,.898,0,0,47.2,0,0,4,3,2,0,1,1,0,0,0,0,-0.3,0.0
RP,Kenley Jansen,Kenley,Jansen,New Haven Corsairs,6' 5',265 lbs,S,R,100,Los Angeles Dodgers,LAD,2017,2015+,CS,85705,Perfect,Clubhouse - SwitchKnucklers - Historical All-Star  CL Kenley Jansen  LAD  2017,0,N,0,2,4,1,3,1,2,4,1,3,1,2,5,1,3,2,23,1,Normal,Normal,Normal,141,142,121,116,118,137,108,93,160,147,133,150,-,-,-,102,121,-,154,-,-,-,-,-,3,EX FB,95-97,OTT,Normal,19,48,-,-,-,27,20,23,23,3,9,9,55,-,-,-,-,-,-,-,-,55,-,-,-,-,-,-,-,-,13,4,6,22,,,0,0,0,0,0,0,0,0,0,0,0,0,0,0,0,0,0,0.0,0.00,0,-0.0,0.0,0.00,0,0,0.0,0.0,68,0,2,1,13,17,10,46.0,188,170,27,5,1,5,16,15,11,0,45,4,0,3,3,0,0,2,2,61,21,1.32,746,43,46,4,1,-0.3,0.5,1.1,3.18,67,0,7,4,3,0,0,0,1.37,0.5,1.347,5,1,46.0,0,0,5,5,1,1,0,0,0,0,0,0,-1.2,0.0
CL,Rich Gossage,Rich,Gossage,Canterbury Tails,6' 3',215 lbs,R,R,101,New York Yankees,NYA,1982,1980-1992,HOF,85046,Perfect,All-Star Week - Hall of Fame  CL Rich Gossage  NYY  1982,0,N,0,1,3,1,3,1,1,3,1,3,1,1,3,1,3,1,27,17,Normal,Normal,Normal,153,100,141,144,133,72,138,150,169,133,143,140,136,-,-,134,-,-,-,-,-,-,-,-,2,EX FB,97-99,3/4,Normal,48,61,-,-,-,26,13,20,23,10,4,7,45,-,-,-,-,-,-,-,-,45,-,-,-,-,-,-,-,-,15,5,6,25,,,0,0,0,0,0,0,0,0,0,0,0,0,0,0,0,0,0,0.0,0.00,0,-0.0,0.0,0.00,0,0,0.0,0.0,70,0,5,7,5,17,14,78.2,339,299,57,14,2,7,32,29,31,2,63,2,1,6,3,0,0,7,38,42,14,1.24,1368,83,77,3,2,-0.9,0.5,1.2,4.29,70,0,18,10,7,1,0,0,1.94,0.4,.970,5,2,78.2,0,0,11,8,4,4,0,0,0,0,0,0,-0.8,0.0
SP,Phil Niekro,Phil,Niekro,Canterbury Tails,6' 1',180 lbs,R,R,100,Atlanta Braves,ATL,1978,1961-1979,CS,85728,Perfect,Clubhouse - SwitchKnucklers - Hall of Fame  SP Phil Niekro  ATL  1978,0,N,0,80,50,14,37,46,88,41,8,26,69,77,53,17,41,35,31,2,Groundball,Normal,Normal,128,94,119,120,121,92,124,131,134,97,116,117,75,-,-,78,-,-,-,-,-,-,-,172,3,FB,86-88,3/4,Normal,99,57,-,-,-,35,41,38,39,9,6,5,83,-,-,-,-,-,-,-,-,83,-,-,-,-,-,-,-,-,5,5,6,5,,,0,0,0,0,0,0,0,0,0,0,0,0,0,0,0,0,0,0.0,0.00,0,-0.0,0.0,0.00,0,0,0.0,0.0,49,0,2,2,2,3,5,79.0,345,306,61,12,3,7,47,45,35,0,74,2,0,2,2,0,0,8,27,26,3,0.79,1402,73,75,10,4,0.1,0.5,-0.4,4.01,48,0,11,6,4,1,0,0,1.14,-0.1,.923,14,4,79.0,0,0,6,4,0,0,2,2,0,0,0,0,-1.5,0.0
RP,Rich Gossage,Rich,Gossage,Madison Mashers - CG,6' 3',215 lbs,R,R,101,New York Yankees,NYA,1982,1980-1992,HOF,85046,Perfect,All-Star Week - Hall of Fame  CL Rich Gossage  NYY  1982,0,N,0,1,3,1,3,1,1,3,1,3,1,1,3,1,3,1,27,17,Normal,Normal,Normal,153,100,141,144,133,72,138,150,169,133,143,140,136,-,-,134,-,-,-,-,-,-,-,-,2,EX FB,97-99,3/4,Normal,48,61,-,-,-,26,13,20,23,10,4,7,45,-,-,-,-,-,-,-,-,45,-,-,-,-,-,-,-,-,15,5,6,25,,,0,0,0,0,0,0,0,0,0,0,0,0,0,0,0,0,0,0.0,0.00,0,-0.0,0.0,0.00,0,0,0.0,0.0,63,0,6,1,5,11,6,80.2,332,296,47,12,1,7,23,20,32,0,69,3,0,1,1,0,0,11,32,47,14,0.99,1268,76,81,5,3,0.5,0.5,2.2,4.05,63,0,20,12,7,1,2,0,2.12,1.5,1.167,8,3,80.2,0,0,11,10,1,1,1,1,1,1,0,0,-1.9,0.0
SP,Satchel Paige,Satchel,Paige,-,6' 3',180 lbs,R,R,100,Kansas City Monarchs,KCM,1944,1921-1945,CS,84844,Perfect,Clubhouse - Negro League Star  SP Satchel Paige  KCM  1944,0,N,0,57,71,1,37,46,57,77,1,52,43,57,69,1,33,47,51,26,Normal,Spray,Normal,125,95,115,118,119,99,112,117,130,93,117,118,103,92,122,109,-,-,-,103,-,120,120,-,7,NEU,94-96,3/4,Normal,96,63,1,1,1,29,32,29,25,5,10,2,71,-,56,-,-,-,-,-,-,71,-,56,-,-,-,-,-,-,43,4,11,29,,,0,0,0,0,0,0,0,0,0,0,0,0,0,0,0,0,0,0.0,0.00,0,-0.0,0.0,0.00,0,0,0.0,0.0,36,0,7,2,0,10,4,79.2,326,289,44,11,1,7,30,29,29,0,64,2,1,5,5,0,0,10,9,39,5,0.78,1257,76,89,2,1,0.5,0.5,1.4,4.13,36,0,16,8,7,1,0,0,1.69,-0.2,.881,3,1,79.2,0,0,9,7,3,2,0,0,0,0,0,0,-0.7,0.0
SP,Orel Hershiser,Orel,Hershiser,Waltham River Otters,6' 3',190 lbs,R,R,102,Los Angeles Dodgers,LAD,1988,1980-1992,CS,83135,Perfect,Clubhouse - Baseball Reference 8  SP Orel Hershiser  LAD  1988,0,N,0,52,46,4,34,33,67,41,4,33,35,45,48,4,35,33,58,6,Normal,Spray,Spray,117,148,151,151,105,146,160,147,128,150,144,154,-,-,126,-,127,-,102,-,-,-,92,-,4,GB,89-91,3/4,GB'er,100,87,-,-,-,34,18,25,24,3,6,9,61,-,-,-,-,-,-,-,-,61,-,-,-,-,-,-,-,-,44,42,58,39,,,0,0,0,0,0,0,0,0,0,0,0,0,0,0,0,0,0,0.0,0.00,0,-0.0,0.0,0.00,0,0,0.0,0.0,10,5,2,1,0,1,1,38.0,160,143,15,12,0,4,19,19,12,0,33,4,0,1,1,0,0,1,3,4,1,0.86,634,40,39,1,0,-0.7,0.5,0.6,3.82,9,5,9,5,3,1,0,0,1.89,0.1,1.077,1,0,38.0,0,0,7,6,0,0,0,0,0,0,0,0,-0.3,0.0
CL,Rich Gossage,Rich,Gossage,Tulsa Doom,6' 3',215 lbs,R,R,101,New York Yankees,NYA,1982,1980-1992,HOF,85046,Perfect,All-Star Week - Hall of Fame  CL Rich Gossage  NYY  1982,0,N,0,1,3,1,3,1,1,3,1,3,1,1,3,1,3,1,27,17,Normal,Normal,Normal,153,100,141,144,133,72,138,150,169,133,143,140,136,-,-,134,-,-,-,-,-,-,-,-,2,EX FB,97-99,3/4,Normal,48,61,-,-,-,26,13,20,23,10,4,7,45,-,-,-,-,-,-,-,-,45,-,-,-,-,-,-,-,-,15,5,6,25,,,0,0,0,0,0,0,0,0,0,0,0,0,0,0,0,0,0,0.0,0.00,0,-0.0,0.0,0.00,0,0,0.0,0.0,62,0,3,5,4,9,12,83.1,367,322,46,30,1,6,47,41,38,1,67,2,0,5,8,0,0,3,17,47,14,0.78,1436,73,100,9,3,-0.9,0.5,-0.2,4.49,62,0,10,4,6,0,0,0,1.08,-0.3,1.077,12,3,83.1,0,0,4,3,1,0,0,0,0,0,0,0,-0.5,0.0
CL,Tom Henke,Tom,Henke,Webster Groves Supercells,6' 5',215 lbs,R,R,100,Toronto Blue Jays,TOR,1987,1980-1992,,85918,Perfect,Blue Jays 50th Anniversary  CL Tom Henke  TOR  1987,0,N,0,1,3,1,3,1,1,3,1,3,1,1,3,1,3,1,29,1,Normal,Spray,Spray,150,125,128,100,137,122,142,111,160,128,116,83,122,-,-,100,-,-,-,129,-,-,-,-,3,EX FB,92-94,3/4,Normal,25,57,-,-,-,35,20,26,23,3,9,2,64,-,-,-,-,-,-,-,-,64,-,-,-,-,-,-,-,-,5,4,6,5,,,0,0,0,0,0,0,0,0,0,0,0,0,0,0,0,0,0,0.0,0.00,0,-0.0,0.0,0.00,0,0,0.0,0.0,65,0,1,4,7,16,7,65.2,277,249,33,14,2,7,31,25,21,0,60,4,1,2,3,3,0,6,30,34,7,1.11,1122,53,78,3,0,0.3,0.5,0.6,3.64,65,0,12,5,6,1,0,0,1.51,-0.5,.862,3,0,65.2,0,0,5,4,0,0,0,0,0,0,0,0,-0.7,0.0
SP,Satchel Paige,Satchel,Paige,Phoenix Mango Slush - HOTL,6' 3',180 lbs,R,R,100,Kansas City Monarchs,KCM,1944,1921-1945,CS,84844,Perfect,Clubhouse - Negro League Star  SP Satchel Paige  KCM  1944,0,N,0,57,71,1,37,46,57,77,1,52,43,57,69,1,33,47,51,26,Normal,Spray,Normal,125,95,115,118,119,99,112,117,130,93,117,118,103,92,122,109,-,-,-,103,-,120,120,-,7,NEU,94-96,3/4,Normal,96,63,1,1,1,29,32,29,25,5,10,2,71,-,56,-,-,-,-,-,-,71,-,56,-,-,-,-,-,-,43,4,11,29,,,0,0,0,0,0,0,0,0,0,0,0,0,0,0,0,0,0,0.0,0.00,0,-0.0,0.0,0.00,0,0,0.0,0.0,49,4,1,4,1,7,7,89.0,395,355,64,24,1,9,53,49,33,0,69,2,1,4,7,1,0,8,21,32,16,0.87,1573,98,90,4,0,-1.6,0.5,-0.3,4.36,49,4,17,8,7,2,0,0,1.52,-0.3,.923,4,0,89.0,0,0,7,5,3,3,0,0,1,1,0,0,-0.4,0.0
CL,Jason Isringhausen,Jason,Isringhausen,Sharpstown Bill Collectors,6' 3',235 lbs,R,R,101,Oakland Athletics,OAK,2001,1993-2004,LE,86679,Perfect,Limited Edition/34  CL Jason Isringhausen  ATH  2001,0,N,0,1,3,1,3,1,1,3,1,3,1,1,3,1,3,1,29,1,Normal,Spray,Spray,124,113,149,153,108,100,128,150,138,124,166,155,103,101,128,89,-,-,104,-,-,-,-,-,5,NEU,91-93,3/4,Normal,18,57,-,-,-,28,13,21,23,8,5,9,49,-,-,-,-,-,-,-,-,49,-,-,-,-,-,-,-,-,11,5,6,18,,,0,0,0,0,0,0,0,0,0,0,0,0,0,0,0,0,0,0.0,0.00,0,-0.0,0.0,0.00,0,0,0.0,0.0,74,0,5,5,8,8,14,72.1,321,283,58,11,1,7,39,32,30,0,71,3,2,3,6,0,0,5,19,42,16,0.96,1242,68,68,5,2,-1.6,0.5,0.0,3.83,74,0,8,3,5,0,1,0,1.00,0.3,1.616,7,2,72.1,0,0,3,2,0,0,1,1,0,0,0,0,-0.5,0.0
CL,Robb Nen,Robb,Nen,Grover Beach Grouches,6' 4',200 lbs,R,R,101,San Francisco Giants,SFG,2000,1993-2004,,83906,Perfect,HOF Week - Snapshot  CL Robb Nen  SF  2000,216 140,N,0,1,3,1,3,1,1,3,1,3,1,1,3,1,3,1,28,13,Normal,Spray,Spray,148,106,125,138,160,95,97,130,139,117,151,144,75,-,137,94,-,153,-,-,-,-,-,-,4,FB,96-98,OTT,Normal,19,39,-,-,-,25,20,23,23,1,7,7,52,-,-,-,-,-,-,-,-,52,-,-,-,-,-,-,-,-,5,5,6,6,,,0,0,0,0,0,0,0,0,0,0,0,0,0,0,0,0,0,0.0,0.00,0,-0.0,0.0,0.00,0,0,0.0,0.0,67,0,6,4,10,19,11,70.0,319,280,57,13,3,5,36,30,33,1,59,3,0,3,4,1,0,6,25,33,13,1.38,1224,58,82,3,1,-0.9,0.5,0.3,4.45,65,0,9,5,4,0,0,0,1.16,0.2,1.077,4,1,70.0,0,0,5,5,1,0,0,0,0,0,0,0,-0.8,0.0
RP,Kenley Jansen,Kenley,Jansen,Alexandria SafeZone,6' 5',265 lbs,S,R,100,Los Angeles Dodgers,LAD,2017,2015+,CS,85705,Perfect,Clubhouse - SwitchKnucklers - Historical All-Star  CL Kenley Jansen  LAD  2017,0,N,0,2,4,1,3,1,2,4,1,3,1,2,5,1,3,2,23,1,Normal,Normal,Normal,141,142,121,116,118,137,108,93,160,147,133,150,-,-,-,102,121,-,154,-,-,-,-,-,3,EX FB,95-97,OTT,Normal,19,48,-,-,-,27,20,23,23,3,9,9,55,-,-,-,-,-,-,-,-,55,-,-,-,-,-,-,-,-,13,4,6,22,,,0,0,0,0,0,0,0,0,0,0,0,0,0,0,0,0,0,0.0,0.00,0,-0.0,0.0,0.00,0,0,0.0,0.0,53,0,7,0,5,16,6,52.1,216,201,38,5,0,6,19,19,11,0,42,2,0,2,2,0,0,4,24,21,8,1.58,833,49,59,3,1,2.7,0.5,1.3,3.71,52,0,7,3,3,1,0,0,1.03,-0.2,.808,4,1,52.1,0,0,2,1,2,2,0,0,0,0,0,0,-0.5,0.0
RP,Jesse Orosco,Jesse,Orosco,Laffy Comedians - CG,6' 2',185 lbs,R,L,100,New York Mets,NYM,1983,1980-1992,,85083,Perfect,Happy Birthday Nico - Historical All-Star  CL Jesse Orosco  NYM  1983,0,N,0,7,3,1,3,2,7,3,1,4,2,7,3,1,3,2,22,4,Normal,Normal,Normal,117,84,131,126,126,89,140,146,114,83,128,120,98,-,-,111,-,-,-,-,-,-,-,-,2,FB,90-92,3/4,Normal,61,60,-,-,-,35,72,43,23,5,10,3,98,-,-,-,-,-,-,-,-,98,-,-,-,-,-,-,-,-,8,3,6,13,,,0,0,0,0,0,0,0,0,0,0,0,0,0,0,0,0,0,0.0,0.00,0,-0.0,0.0,0.00,0,0,0.0,0.0,58,0,6,3,4,16,7,76.0,335,296,55,17,2,6,31,30,34,1,67,3,0,2,1,0,0,5,37,24,6,1.16,1344,70,78,5,3,-0.0,0.5,1.1,4.22,58,0,11,9,2,0,0,0,1.30,0.5,1.077,8,3,76.0,0,0,4,3,4,3,0,0,0,0,0,0,-1.4,0.0
CL,Rich Gossage,Rich,Gossage,Maple Madness,6' 3',215 lbs,R,R,101,New York Yankees,NYA,1982,1980-1992,HOF,85046,Perfect,All-Star Week - Hall of Fame  CL Rich Gossage  NYY  1982,0,N,0,1,3,1,3,1,1,3,1,3,1,1,3,1,3,1,27,17,Normal,Normal,Normal,153,100,141,144,133,72,138,150,169,133,143,140,136,-,-,134,-,-,-,-,-,-,-,-,2,EX FB,97-99,3/4,Normal,48,61,-,-,-,26,13,20,23,10,4,7,45,-,-,-,-,-,-,-,-,45,-,-,-,-,-,-,-,-,15,5,6,25,,,0,0,0,0,0,0,0,0,0,0,0,0,0,0,0,0,0,0.0,0.00,0,-0.0,0.0,0.00,0,0,0.0,0.0,62,0,6,5,16,17,11,67.0,296,266,49,17,0,8,38,36,24,0,65,1,1,4,3,0,0,6,20,23,11,1.39,1128,64,66,2,0,-1.0,0.5,-0.2,3.71,59,0,11,3,7,1,0,0,1.34,-0.4,.808,2,0,67.0,0,0,5,4,2,1,0,0,0,0,0,0,-0.3,0.0
RP,Jesse Orosco,Jesse,Orosco,Gastonia Peaches,6' 2',185 lbs,R,L,100,New York Mets,NYM,1983,1980-1992,,85083,Perfect,Happy Birthday Nico - Historical All-Star  CL Jesse Orosco  NYM  1983,0,N,0,7,3,1,3,2,7,3,1,4,2,7,3,1,3,2,22,4,Normal,Normal,Normal,117,84,131,126,126,89,140,146,114,83,128,120,98,-,-,111,-,-,-,-,-,-,-,-,2,FB,90-92,3/4,Normal,61,60,-,-,-,35,72,43,23,5,10,3,98,-,-,-,-,-,-,-,-,98,-,-,-,-,-,-,-,-,8,3,6,13,,,0,0,0,0,0,0,0,0,0,0,0,0,0,0,0,0,0,0.0,0.00,0,-0.0,0.0,0.00,0,0,0.0,0.0,26,0,2,0,3,5,4,40.1,183,161,35,8,0,2,23,20,19,0,36,0,0,3,1,0,0,3,11,16,3,0.74,752,38,43,3,0,-0.1,0.5,-0.1,4.29,26,0,9,6,2,1,0,0,1.79,-0.5,1.077,3,0,40.1,0,0,6,4,3,2,0,0,0,0,0,0,-0.9,0.0
SP,Ubaldo Jimenez,Ubaldo,Jimenez,Dark Web Hackers,6' 5',220 lbs,R,R,101,Colorado Rockies,COL,2010,2005-2014,,86727,Perfect,Studs & Duds - Historical All-Star  SP Ubaldo Jimenez  COL  2010,0,N,0,1,10,2,14,11,3,10,2,8,18,1,10,2,17,9,57,4,Normal,Normal,Normal,133,77,148,143,140,71,162,149,127,82,136,138,117,101,114,86,132,125,-,-,-,-,-,-,6,NEU,96-98,3/4,Normal,87,53,-,-,-,35,19,25,23,10,1,8,63,-,-,-,-,-,-,-,-,63,-,-,-,-,-,-,-,-,11,5,6,16,,,0,0,0,0,0,0,0,0,0,0,0,0,0,0,0,0,0,0.0,0.00,0,-0.0,0.0,0.00,0,0,0.0,0.0,12,12,3,4,0,0,0,67.1,294,270,51,15,2,9,42,40,21,0,40,1,1,1,2,0,0,2,0,0,0,1.10,1108,73,80,3,2,-0.7,0.5,0.3,4.81,12,12,20,12,8,0,1,0,2.67,0.4,1.077,5,2,67.1,0,0,10,8,4,2,1,1,0,0,0,0,-0.8,0.0
RP,Andrew Miller,Andrew,Miller,Waltham River Otters,6' 7',200 lbs,L,L,100,Boston Red Sox,BOS,2014,2005-2014,,85427,Perfect,May Birthdays - Historical All-Star  RP Andrew Miller  BOS  2014,0,N,0,9,3,1,3,1,7,3,1,3,1,10,4,1,3,1,25,58,Normal,Normal,Normal,140,80,128,119,160,98,112,106,134,74,133,135,124,-,-,117,108,-,-,-,-,-,-,-,3,EX GB,93-95,3/4,GB'er,12,79,-,-,-,23,20,22,23,8,5,2,50,-,-,-,-,-,-,-,-,50,-,-,-,-,-,-,-,-,16,5,6,27,,,0,0,0,0,0,0,0,0,0,0,0,0,0,0,0,0,0,0.0,0.00,0,-0.0,0.0,0.00,0,0,0.0,0.0,54,0,3,3,16,17,14,43.1,182,161,28,8,1,3,15,11,20,1,36,1,0,0,2,0,0,9,8,27,11,1.45,765,43,40,1,1,-1.3,0.5,1.2,4.34,52,0,10,3,6,1,0,0,1.87,0.1,.808,2,1,43.1,0,0,4,3,1,1,0,0,0,0,0,0,-0.1,0.0
RP,Eddie Cicotte,Eddie,Cicotte,Phoenix Mango Slush - HOTL,5' 9',175 lbs,S,R,100,Chicago White Sox,CHW,1917,2026,CS,85727,Perfect,Clubhouse - SwitchKnucklers - Veteran Presence  SP Eddie Cicotte  CWS  1917,0,N,0,22,43,5,62,24,14,49,5,58,30,25,41,5,63,23,64,8,Normal,Normal,Normal,105,104,134,120,105,79,124,114,105,135,142,136,50,-,56,-,-,-,-,-,-,-,94,152,4,EX FB,88-90,3/4,Normal,105,59,-,-,-,35,23,27,23,8,3,2,68,-,-,-,-,-,-,-,-,68,-,-,-,-,-,-,-,-,68,73,67,66,,,0,0,0,0,0,0,0,0,0,0,0,0,0,0,0,0,0,0.0,0.00,0,-0.0,0.0,0.00,0,0,0.0,0.0,35,26,11,10,0,5,1,168.2,743,660,114,30,3,25,107,100,71,0,128,6,0,6,9,0,0,20,4,3,0,1.12,2934,154,199,13,3,-1.1,0.5,0.1,4.55,35,26,33,18,15,0,0,0,1.76,-0.7,1.021,16,3,168.2,0,0,14,10,10,8,0,0,0,0,0,0,-0.8,0.0
CL,Daniel Palencia,Daniel,Palencia,Shibuya Shredders - GH,5' 11',160 lbs,R,R,100,Chicago Cubs,CHC,2026,2026,WBC,84613,Perfect,World Baseball Classic  CL Daniel Palencia  VEN  2026,0,N,0,1,3,1,3,1,1,4,1,3,2,1,3,1,3,1,25,5,Normal,Normal,Normal,143,85,121,121,140,82,112,118,145,88,128,126,134,-,-,127,-,118,-,-,-,-,-,-,3,FB,99-101,3/4,Normal,14,60,-,-,-,27,20,23,23,10,6,10,55,-,-,-,-,-,-,-,-,55,-,-,-,-,-,-,-,-,5,5,6,5,,,0,0,0,0,0,0,0,0,0,0,0,0,0,0,0,0,0,0.0,0.00,0,-0.0,0.0,0.00,0,0,0.0,0.0,39,0,6,1,9,13,6,45.2,194,172,29,10,0,4,26,23,19,0,44,0,0,2,2,0,1,8,9,22,10,1.14,738,46,39,1,0,0.2,0.5,-0.1,3.81,39,0,6,4,2,0,0,0,1.18,0.6,1.347,1,0,45.2,0,0,4,4,1,1,0,0,0,0,0,0,-0.5,0.0
RP,Carl Hubbell,Carl,Hubbell,Washington Border Collies,6' 0',170 lbs,R,L,100,New York Giants,SFG,1934,1921-1945,ME,83325,Perfect,Live NL Collection - Historical All-Star  SP Carl Hubbell  NY1  1934,0,N,0,3,45,1,32,28,3,47,1,28,28,4,45,1,33,28,78,33,Normal,Spray,Spray,82,146,125,111,75,150,97,120,84,144,134,102,75,-,115,-,-,-,-,-,-,93,-,-,3,FB,89-91,3/4,Finesse,103,72,-,-,-,27,29,28,27,3,1,8,66,-,-,-,-,-,-,-,-,66,-,-,-,-,-,-,-,-,8,14,6,7,,,0,0,0,0,0,0,0,0,0,0,0,0,0,0,0,0,0,0.0,0.00,0,-0.0,0.0,0.00,0,0,0.0,0.0,69,0,3,4,7,7,17,98.2,428,378,67,24,1,9,59,58,36,4,65,6,1,7,5,0,0,10,27,51,13,0.82,1630,105,110,6,2,-2.6,0.5,-0.2,4.71,69,0,8,5,3,0,0,0,0.73,-0.4,.898,8,2,98.2,0,0,5,3,2,2,0,0,0,0,0,0,-1.5,0.0
CL,Billy Wagner,Billy,Wagner,Grover Beach Grouches,5' 10',180 lbs,L,L,100,Atlanta Braves,ATL,2010,2005-2014,,85809,Perfect,Family Connections - Historical All-Star  CL Billy Wagner  ATL  2010,94 392,N,0,1,3,1,3,1,1,3,1,3,1,2,3,1,3,1,29,1,Normal,Normal,Normal,150,80,141,129,153,68,175,150,150,84,130,121,128,105,122,130,-,-,-,-,-,-,-,-,4,FB,95-97,OTT,Normal,14,65,-,-,-,29,20,24,23,3,5,3,57,-,-,-,-,-,-,-,-,57,-,-,-,-,-,-,-,-,10,4,6,15,,,0,0,0,0,0,0,0,0,0,0,0,0,0,0,0,0,0,0.0,0.00,0,-0.0,0.0,0.00,0,0,0.0,0.0,61,0,2,2,8,17,11,58.1,250,225,43,9,0,5,24,23,21,0,50,4,0,0,3,0,0,6,27,26,5,1.33,969,66,49,2,2,0.8,0.4,0.9,4.03,60,0,3,3,0,0,0,0,0.46,0.3,1.077,4,2,58.1,0,0,3,2,2,1,0,0,0,0,0,0,-0.4,0.0
RP,Rich Gossage,Rich,Gossage,Gastonia Peaches,6' 3',215 lbs,R,R,101,New York Yankees,NYA,1982,1980-1992,HOF,85046,Perfect,All-Star Week - Hall of Fame  CL Rich Gossage  NYY  1982,0,N,0,1,3,1,3,1,1,3,1,3,1,1,3,1,3,1,27,17,Normal,Normal,Normal,153,100,141,144,133,72,138,150,169,133,143,140,136,-,-,134,-,-,-,-,-,-,-,-,2,EX FB,97-99,3/4,Normal,48,61,-,-,-,26,13,20,23,10,4,7,45,-,-,-,-,-,-,-,-,45,-,-,-,-,-,-,-,-,15,5,6,25,,,0,0,0,0,0,0,0,0,0,0,0,0,0,0,0,0,0,0.0,0.00,0,-0.0,0.0,0.00,0,0,0.0,0.0,58,0,2,3,10,14,11,77.0,319,287,56,8,1,9,34,34,27,0,71,2,0,3,3,0,0,7,27,37,10,0.97,1262,54,87,10,3,-0.3,0.4,0.8,3.64,56,0,12,6,5,1,1,0,1.29,0.1,1.077,13,3,77.0,0,0,5,5,2,1,1,1,0,0,0,0,-1.1,0.0
CL,Aroldis Chapman,Aroldis,Chapman,Everett Aquasox,6' 4',235 lbs,L,L,101,Chicago Cubs,CHC,2016,2015+,CS,86413,Perfect,Clubhouse - Baseball Reference 6  CL Aroldis Chapman  CHC  2016,0,N,0,1,3,1,3,1,1,3,1,3,1,1,3,1,3,1,22,1,Normal,Normal,Normal,180,87,134,153,166,50,151,171,184,97,128,147,145,-,-,147,-,116,-,-,-,-,-,-,3,NEU,100+,OTT,Normal,17,49,-,-,-,29,20,24,23,10,4,7,57,-,-,-,-,-,-,-,-,57,-,-,-,-,-,-,-,-,16,4,6,28,,,0,0,0,0,0,0,0,0,0,0,0,0,0,0,0,0,0,0.0,0.00,0,-0.0,0.0,0.00,0,0,0.0,0.0,86,0,1,4,27,22,19,79.2,355,298,53,16,0,7,44,40,43,0,81,4,3,7,2,0,0,8,7,36,17,1.33,1416,66,79,4,1,-0.7,0.4,-0.1,4.05,84,0,12,7,5,0,0,0,1.36,-0.7,.958,5,1,79.2,0,0,8,5,3,2,0,0,0,0,0,0,-1.9,0.0
CL,Sean Doolittle,Sean,Doolittle,Sharpstown Bill Collectors,6' 2',205 lbs,L,L,101,Washington Nationals,WSN,2018,2015+,CS,86281,Perfect,Clubhouse - Historical All-Star  CL Sean Doolittle  WAS  2018,0,N,0,1,3,1,3,1,1,3,1,3,1,1,3,1,3,1,21,1,Normal,Spray,Spray,152,125,181,119,180,66,200,160,143,150,175,115,128,-,-,123,-,-,-,-,-,-,-,-,2,EX FB,93-95,3/4,Normal,11,57,-,-,-,27,20,23,23,2,9,3,55,-,-,-,-,-,-,-,-,55,-,-,-,-,-,-,-,-,5,5,6,5,,,0,0,0,0,0,0,0,0,0,0,0,0,0,0,0,0,0,0.0,0.00,0,-0.0,0.0,0.00,0,0,0.0,0.0,19,0,1,1,3,3,2,17.1,76,67,15,4,0,0,10,10,8,0,19,1,0,0,1,0,0,3,7,3,0,0.96,331,15,14,0,1,-0.2,0.4,-0.1,3.58,18,0,4,2,2,0,0,0,2.08,0.4,1.077,1,1,17.1,0,0,1,1,0,0,0,0,0,0,0,0,-0.4,0.0
CL,Jesse Orosco,Jesse,Orosco,Berlin Speed Dealers SoM,6' 2',185 lbs,R,L,100,New York Mets,NYM,1983,1980-1992,,85083,Perfect,Happy Birthday Nico - Historical All-Star  CL Jesse Orosco  NYM  1983,0,N,0,7,3,1,3,2,7,3,1,4,2,7,3,1,3,2,22,4,Normal,Normal,Normal,117,84,131,126,126,89,140,146,114,83,128,120,98,-,-,111,-,-,-,-,-,-,-,-,2,FB,90-92,3/4,Normal,61,60,-,-,-,35,72,43,23,5,10,3,98,-,-,-,-,-,-,-,-,98,-,-,-,-,-,-,-,-,8,3,6,13,,,0,0,0,0,0,0,0,0,0,0,0,0,0,0,0,0,0,0.0,0.00,0,-0.0,0.0,0.00,0,0,0.0,0.0,61,0,3,2,10,11,8,92.1,393,364,68,17,1,12,46,41,23,0,72,1,1,4,3,1,0,10,24,33,9,0.87,1520,101,92,5,1,-0.2,0.4,0.5,3.96,60,0,11,6,5,0,0,0,1.07,-0.1,1.077,6,1,92.1,0,0,6,6,3,1,0,0,0,0,0,0,-0.7,0.0
CL,Devin Williams,Devin,Williams,Alexandria SafeZone,6' 3',165 lbs,R,R,99,Milwaukee Brewers,MIL,2023,2015+,CS,83851,Diamond,Clubhouse - Baseball Reference 8  CL Devin Williams  MIL  2023,0,N,0,1,3,1,3,1,1,3,1,3,1,1,3,1,3,1,26,17,Normal,Normal,Normal,131,78,192,135,90,55,183,190,169,93,200,88,101,-,-,-,-,164,80,-,-,-,-,-,3,GB,93-95,3/4,GB'er,17,33,-,-,-,27,36,28,23,6,1,7,72,-,-,-,-,-,-,-,-,72,-,-,-,-,-,-,-,-,10,3,6,17,,,0,0,0,0,0,0,0,0,0,0,0,0,0,0,0,0,0,0.0,0.00,0,-0.0,0.0,0.00,0,0,0.0,0.0,21,0,2,2,0,6,4,20.2,85,79,11,5,1,1,8,5,4,0,14,0,1,1,0,0,0,1,14,12,3,1.27,292,30,17,2,0,-0.2,0.4,0.4,4.18,21,0,7,0,6,1,1,0,2.61,-0.7,.000,2,0,20.2,0,0,1,0,0,0,0,0,0,0,0,0,-0.3,0.0
SP,Jon Matlack,Jon,Matlack,Englewood Pirates,6' 3',205 lbs,L,L,100,New York Mets,NYM,1974,1961-1979,,84081,Perfect,Historical All-Star  SP Jon Matlack  NYM  1974,0,N,0,44,20,1,90,1,61,31,1,81,1,38,16,1,93,2,62,25,Normal,Normal,Normal,94,83,95,122,110,99,151,137,90,78,76,119,78,131,110,-,-,-,-,-,-,-,-,-,3,NEU,89-91,3/4,Normal,77,99,-,-,-,31,24,26,23,3,5,2,64,-,-,-,-,-,-,-,-,64,-,-,-,-,-,-,-,-,16,5,6,28,,,0,0,0,0,0,0,0,0,0,0,0,0,0,0,0,0,0,0.0,0.00,0,-0.0,0.0,0.00,0,0,0.0,0.0,55,0,2,0,4,12,7,68.1,295,268,43,16,1,6,30,23,25,0,52,1,0,1,3,0,0,3,11,34,15,0.71,1154,79,66,1,1,0.1,0.4,0.7,4.35,53,0,17,7,8,2,1,0,1.98,0.4,.943,2,1,68.1,0,0,6,5,5,4,0,0,0,0,0,0,-0.8,0.0
CL,Andrew Miller,Andrew,Miller,Webster Groves Supercells,6' 7',200 lbs,L,L,100,Boston Red Sox,BOS,2014,2005-2014,,85427,Perfect,May Birthdays - Historical All-Star  RP Andrew Miller  BOS  2014,0,N,0,9,3,1,3,1,7,3,1,3,1,10,4,1,3,1,25,58,Normal,Normal,Normal,140,80,128,119,160,98,112,106,134,74,133,135,124,-,-,117,108,-,-,-,-,-,-,-,3,EX GB,93-95,3/4,GB'er,12,79,-,-,-,23,20,22,23,8,5,2,50,-,-,-,-,-,-,-,-,50,-,-,-,-,-,-,-,-,16,5,6,27,,,0,0,0,0,0,0,0,0,0,0,0,0,0,0,0,0,0,0.0,0.00,0,-0.0,0.0,0.00,0,0,0.0,0.0,9,0,0,0,2,3,3,8.1,36,34,7,2,0,0,3,3,2,0,10,0,0,0,0,0,0,0,5,5,4,1.54,147,4,11,0,0,-0.1,0.4,0.2,2.27,9,0,1,1,0,0,0,0,1.08,0.1,1.077,0,0,8.1,0,0,1,1,0,0,0,0,0,0,0,0,-0.1,0.0
CL,Aroldis Chapman,Aroldis,Chapman,Berlin Speed Dealers SoM,6' 4',235 lbs,L,L,101,Chicago Cubs,CHC,2016,2015+,CS,86413,Perfect,Clubhouse - Baseball Reference 6  CL Aroldis Chapman  CHC  2016,0,N,0,1,3,1,3,1,1,3,1,3,1,1,3,1,3,1,22,1,Normal,Normal,Normal,180,87,134,153,166,50,151,171,184,97,128,147,145,-,-,147,-,116,-,-,-,-,-,-,3,NEU,100+,OTT,Normal,17,49,-,-,-,29,20,24,23,10,4,7,57,-,-,-,-,-,-,-,-,57,-,-,-,-,-,-,-,-,16,4,6,28,,,0,0,0,0,0,0,0,0,0,0,0,0,0,0,0,0,0,0.0,0.00,0,-0.0,0.0,0.00,0,0,0.0,0.0,62,0,1,8,2,26,10,53.2,238,206,32,13,2,4,29,28,29,2,44,1,1,1,2,0,0,3,52,14,0,2.18,927,60,51,1,2,-1.2,0.4,0.1,4.65,61,0,10,8,2,0,0,0,1.68,0.5,1.077,3,2,53.2,0,0,9,6,1,1,0,0,0,0,0,0,-0.9,0.0
CL,Dave Smith,Dave,Smith,Englewood Pirates,6' 1',195 lbs,R,R,100,Houston Astros,HOU,1980,1980-1992,,84084,Perfect,Rookie Sensation  CL Dave Smith  HOU  1980,0,N,0,11,11,5,7,11,11,11,5,7,11,11,11,5,7,11,23,5,Normal,Normal,Normal,105,92,95,122,100,78,93,135,108,106,97,111,85,-,109,-,90,-,-,122,-,-,-,-,4,NEU,92-94,3/4,Normal,24,81,-,-,-,27,20,23,23,7,7,4,55,-,-,-,-,-,-,-,-,55,-,-,-,-,-,-,-,-,16,3,6,28,,,0,0,0,0,0,0,0,0,0,0,0,0,0,0,0,0,0,0.0,0.00,0,-0.0,0.0,0.00,0,0,0.0,0.0,66,0,4,6,1,28,13,61.1,274,228,44,10,2,3,26,25,36,1,48,3,3,4,4,1,0,7,51,17,6,2.36,1092,72,56,1,0,-1.2,0.4,1.3,4.88,65,0,8,3,5,0,0,0,1.17,0.2,1.077,1,0,61.1,0,0,3,3,0,0,0,0,0,0,0,0,-0.5,0.0
RP,Jonathan Papelbon,Jonathan,Papelbon,Alexandria SafeZone,6' 5',230 lbs,R,R,100,Boston Red Sox,BOS,2007,2005-2014,BBR,84789,Perfect,Baseball Reference 1  CL Jonathan Papelbon  BOS  2007,0,N,0,1,3,1,3,1,1,3,1,3,1,1,3,1,3,1,27,4,Normal,Spray,Spray,142,85,141,111,157,73,150,107,130,95,133,114,137,-,-,93,-,128,-,-,-,-,-,-,3,EX FB,95-97,3/4,Normal,18,61,-,-,-,22,20,21,23,8,3,1,48,-,-,-,-,-,-,-,-,48,-,-,-,-,-,-,-,-,9,5,6,12,,,0,0,0,0,0,0,0,0,0,0,0,0,0,0,0,0,0,0.0,0.00,0,-0.0,0.0,0.00,0,0,0.0,0.0,36,0,1,3,1,9,6,43.2,185,163,28,6,2,3,17,17,18,0,36,1,0,3,4,1,0,3,20,17,5,1.09,765,34,56,1,0,-0.2,0.4,0.7,4.19,35,0,2,1,1,0,0,0,0.41,-0.0,.000,1,0,43.2,0,0,0,0,0,0,0,0,0,0,0,0,-0.9,0.0
SP,Eddie Cicotte,Eddie,Cicotte,Waltham River Otters,5' 9',175 lbs,S,R,100,Chicago White Sox,CHW,1917,2026,CS,85727,Perfect,Clubhouse - SwitchKnucklers - Veteran Presence  SP Eddie Cicotte  CWS  1917,0,N,0,22,43,5,62,24,14,49,5,58,30,25,41,5,63,23,64,8,Normal,Normal,Normal,105,104,134,120,105,79,124,114,105,135,142,136,50,-,56,-,-,-,-,-,-,-,94,152,4,EX FB,88-90,3/4,Normal,105,59,-,-,-,35,23,27,23,8,3,2,68,-,-,-,-,-,-,-,-,68,-,-,-,-,-,-,-,-,68,73,67,66,,,0,0,0,0,0,0,0,0,0,0,0,0,0,0,0,0,0,0.0,0.00,0,-0.0,0.0,0.00,0,0,0.0,0.0,28,15,5,5,0,2,2,108.0,482,435,78,30,1,17,69,63,39,0,76,2,0,6,7,1,0,9,6,7,2,0.95,1900,103,130,8,3,-1.7,0.4,0.2,4.60,28,15,21,8,10,3,0,0,1.50,-1.0,.616,11,3,108.0,0,0,10,6,3,3,0,0,0,0,0,0,-1.2,0.0
RP,Kevin Brown,Kevin,Brown,Peninsula Whips,6' 4',195 lbs,R,R,100,Florida Marlins,FLA,1996,1993-2004,,85401,Perfect,Played Where? - Historical All-Star  SP Kevin Brown  FLO  1996,0,N,0,7,28,3,36,17,8,19,5,43,24,7,31,3,34,15,48,58,Normal,Normal,Normal,87,118,124,126,83,117,127,131,90,120,121,121,85,-,93,84,95,117,-,-,-,-,-,-,5,EX GB,90-92,OTT,GB'er,94,60,-,-,-,35,20,25,22,10,3,3,64,-,-,-,-,-,-,-,-,64,-,-,-,-,-,-,-,-,6,5,6,7,,,0,0,0,0,0,0,0,0,0,0,0,0,0,0,0,0,0,0.0,0.00,0,-0.0,0.0,0.00,0,0,0.0,0.0,39,7,3,5,2,4,6,92.1,430,383,78,22,5,10,73,70,38,0,69,5,2,2,2,1,0,8,13,12,2,0.84,1639,118,79,3,1,-2.5,0.4,-1.6,4.62,39,7,14,7,7,0,0,0,1.36,-0.1,1.077,4,1,92.1,0,0,7,5,2,1,0,0,0,0,0,0,-1.5,0.0
SP,Kevin Brown,Kevin,Brown,New Haven Corsairs,6' 4',195 lbs,R,R,100,Florida Marlins,FLA,1996,1993-2004,,85401,Perfect,Played Where? - Historical All-Star  SP Kevin Brown  FLO  1996,0,N,0,7,28,3,36,17,8,19,5,43,24,7,31,3,34,15,48,58,Normal,Normal,Normal,87,118,124,126,83,117,127,131,90,120,121,121,85,-,93,84,95,117,-,-,-,-,-,-,5,EX GB,90-92,OTT,GB'er,94,60,-,-,-,35,20,25,22,10,3,3,64,-,-,-,-,-,-,-,-,64,-,-,-,-,-,-,-,-,6,5,6,7,,,0,0,0,0,0,0,0,0,0,0,0,0,0,0,0,0,0,0.0,0.00,0,-0.0,0.0,0.00,0,0,0.0,0.0,44,20,5,9,2,3,5,153.1,699,621,129,37,3,18,102,95,61,0,90,7,1,9,6,0,0,15,9,24,10,0.99,2618,199,147,14,5,-3.8,0.4,-0.6,5.04,44,20,26,14,10,2,0,0,1.41,-0.7,.934,19,5,153.1,0,0,14,10,6,4,0,0,0,0,0,0,-1.6,0.0
RP,Tom Henke,Tom,Henke,Madison Mashers - CG,6' 5',215 lbs,R,R,100,Toronto Blue Jays,TOR,1987,1980-1992,,85918,Perfect,Blue Jays 50th Anniversary  CL Tom Henke  TOR  1987,0,N,0,1,3,1,3,1,1,3,1,3,1,1,3,1,3,1,29,1,Normal,Spray,Spray,150,125,128,100,137,122,142,111,160,128,116,83,122,-,-,100,-,-,-,129,-,-,-,-,3,EX FB,92-94,3/4,Normal,25,57,-,-,-,35,20,26,23,3,9,2,64,-,-,-,-,-,-,-,-,64,-,-,-,-,-,-,-,-,5,4,6,5,,,0,0,0,0,0,0,0,0,0,0,0,0,0,0,0,0,0,0.0,0.00,0,-0.0,0.0,0.00,0,0,0.0,0.0,54,0,4,2,7,13,4,59.1,239,215,30,7,0,8,18,18,17,0,60,3,0,3,3,0,1,4,20,34,5,0.83,1013,41,70,5,2,0.8,0.4,1.5,3.04,54,0,10,3,7,0,0,0,1.52,0.0,1.077,7,2,59.1,0,0,3,3,1,0,0,0,0,0,0,0,-0.9,0.0
SP,Pedro Martinez,Pedro,Martinez,New Platson Grand Petites HotL,5' 11',170 lbs,R,R,100,New York Mets,NYM,2005,2005-2014,CS,84702,Perfect,Clubhouse - April Fools' Day  SP Pedro Martinez  NYM  2005,0,N,0,3,12,2,15,9,6,20,2,18,8,3,10,2,14,10,51,55,Normal,Normal,Normal,121,96,120,112,117,84,118,113,125,110,122,111,86,-,105,87,-,-,95,-,156,-,-,-,5,FB,88-90,3/4,Normal,92,54,-,-,-,25,19,22,23,2,7,5,51,-,-,-,-,-,-,-,-,51,-,-,-,-,-,-,-,-,5,5,6,5,,,0,0,0,0,0,0,0,0,0,0,0,0,0,0,0,0,0,0.0,0.00,0,-0.0,0.0,0.00,0,0,0.0,0.0,36,16,6,5,0,1,3,121.0,572,488,107,31,1,14,82,81,59,1,86,6,4,15,13,1,0,8,10,21,8,0.98,2237,120,142,9,3,-2.0,0.4,-0.5,4.97,35,16,25,15,8,2,1,0,1.71,-0.4,.934,12,3,121.0,0,0,17,14,2,1,1,1,0,0,0,0,-2.2,0.0
RP,Sean Doolittle,Sean,Doolittle,Alexandria SafeZone,6' 2',205 lbs,L,L,101,Washington Nationals,WSN,2018,2015+,CS,86281,Perfect,Clubhouse - Historical All-Star  CL Sean Doolittle  WAS  2018,0,N,0,1,3,1,3,1,1,3,1,3,1,1,3,1,3,1,21,1,Normal,Spray,Spray,152,125,181,119,180,66,200,160,143,150,175,115,128,-,-,123,-,-,-,-,-,-,-,-,2,EX FB,93-95,3/4,Normal,11,57,-,-,-,27,20,23,23,2,9,3,55,-,-,-,-,-,-,-,-,55,-,-,-,-,-,-,-,-,5,5,6,5,,,0,0,0,0,0,0,0,0,0,0,0,0,0,0,0,0,0,0.0,0.00,0,-0.0,0.0,0.00,0,0,0.0,0.0,81,0,6,3,21,28,16,72.1,296,274,42,11,0,10,35,31,17,0,65,4,1,0,2,0,0,4,12,31,7,1.30,1169,56,88,1,2,0.7,0.4,0.6,3.36,80,0,4,3,1,0,0,0,0.50,0.9,1.077,3,2,72.1,0,0,4,4,0,0,0,0,0,0,0,0,-0.4,0.0
RP,Dellin Betances,Dellin,Betances,Shibuya Shredders - GH,6' 8',260 lbs,R,R,100,New York Yankees,NYY,2014,2005-2014,ME,83904,Perfect,Live Collection Reward - Historical All-Star  RP Dellin Betances  NYY  2014,0,N,0,1,3,1,3,1,1,3,1,3,1,1,3,1,3,1,26,26,Normal,Normal,Normal,140,86,121,111,140,105,116,140,140,71,126,87,100,-,166,107,-,-,-,-,-,-,-,-,3,NEU,98-100,3/4,Normal,25,33,-,-,-,27,20,23,23,10,10,7,55,-,-,-,-,-,-,-,-,55,-,-,-,-,-,-,-,-,5,5,6,5,,,0,0,0,0,0,0,0,0,0,0,0,0,0,0,0,0,0,0.0,0.00,0,-0.0,0.0,0.00,0,0,0.0,0.0,49,0,3,1,6,10,6,61.0,262,227,36,11,1,4,25,25,28,0,51,4,1,2,3,0,0,3,18,17,4,1.03,1037,62,65,2,0,0.4,0.4,0.9,4.35,49,0,9,4,5,0,0,0,1.33,-0.3,1.077,2,0,61.0,0,0,4,3,2,1,0,0,0,0,0,0,-0.7,0.0
SP,Johan Santana,Johan,Santana,Sharpstown Bill Collectors,6' 0',210 lbs,L,L,101,Minnesota Twins,MIN,2006,2005-2014,CS,86278,Perfect,Clubhouse - Historical All-Star  SP Johan Santana  MIN  2006,0,N,0,1,2,1,2,1,1,1,1,1,1,1,3,1,3,1,25,1,Normal,Spray,Spray,141,120,124,119,124,110,108,115,147,124,130,121,121,-,-,117,-,-,-,-,158,-,-,-,3,FB,93-95,3/4,Normal,96,66,-,-,-,35,18,25,23,4,1,5,62,-,-,-,-,-,-,-,-,62,-,-,-,-,-,-,-,-,5,3,6,6,,,0,0,0,0,0,0,0,0,0,0,0,0,0,0,0,0,0,0.0,0.00,0,-0.0,0.0,0.00,0,0,0.0,0.0,39,24,8,10,0,2,6,145.2,661,586,112,33,6,25,89,86,62,0,139,7,3,3,8,1,0,15,4,11,6,1.01,2586,120,153,7,2,-2.7,0.4,0.3,3.98,39,24,19,10,9,0,0,0,1.17,0.1,1.077,9,2,145.2,0,0,12,9,3,3,0,0,0,0,0,0,-1.9,0.0
SP,Ubaldo Jimenez,Ubaldo,Jimenez,Maple Madness,6' 5',220 lbs,R,R,101,Colorado Rockies,COL,2010,2005-2014,,86727,Perfect,Studs & Duds - Historical All-Star  SP Ubaldo Jimenez  COL  2010,0,N,0,1,10,2,14,11,3,10,2,8,18,1,10,2,17,9,57,4,Normal,Normal,Normal,133,77,148,143,140,71,162,149,127,82,136,138,117,101,114,86,132,125,-,-,-,-,-,-,6,NEU,96-98,3/4,Normal,87,53,-,-,-,35,19,25,23,10,1,8,63,-,-,-,-,-,-,-,-,63,-,-,-,-,-,-,-,-,11,5,6,16,,,0,0,0,0,0,0,0,0,0,0,0,0,0,0,0,0,0,0.0,0.00,0,-0.0,0.0,0.00,0,0,0.0,0.0,30,0,3,1,0,4,3,45.1,199,176,30,10,1,4,24,22,17,0,41,2,1,3,2,0,0,1,16,15,2,0.73,771,43,48,1,0,0.1,0.3,0.1,3.95,30,0,8,3,4,1,0,0,1.39,-0.5,.718,1,0,45.1,0,0,5,3,0,0,0,0,0,0,0,0,-0.1,0.0
CL,Aroldis Chapman,Aroldis,Chapman,Waltham River Otters,6' 4',235 lbs,L,L,101,Chicago Cubs,CHC,2016,2015+,CS,86413,Perfect,Clubhouse - Baseball Reference 6  CL Aroldis Chapman  CHC  2016,0,N,0,1,3,1,3,1,1,3,1,3,1,1,3,1,3,1,22,1,Normal,Normal,Normal,180,87,134,153,166,50,151,171,184,97,128,147,145,-,-,147,-,116,-,-,-,-,-,-,3,NEU,100+,OTT,Normal,17,49,-,-,-,29,20,24,23,10,4,7,57,-,-,-,-,-,-,-,-,57,-,-,-,-,-,-,-,-,16,4,6,28,,,0,0,0,0,0,0,0,0,0,0,0,0,0,0,0,0,0,0.0,0.00,0,-0.0,0.0,0.00,0,0,0.0,0.0,58,0,4,1,16,18,12,42.2,191,161,31,5,2,3,24,24,25,0,41,1,1,3,3,0,0,4,10,42,10,1.44,773,39,43,4,0,0.3,0.3,0.1,4.35,57,0,11,6,5,0,2,0,2.32,0.1,1.077,4,0,42.2,0,0,3,3,3,3,1,1,0,0,0,0,-0.3,0.0
SP,Vida Blue,Vida,Blue,Rockford Peaches,6' 0',190 lbs,S,L,101,Oakland Athletics,OAK,1971,1961-1979,,85756,Perfect,SwitchKnucklers - Hardware Heroes  SP Vida Blue  ATH  1971,0,N,0,90,43,3,37,14,97,70,6,51,12,88,30,3,33,15,76,9,Groundball,Pull,Pull,130,101,137,120,119,98,121,110,133,103,142,129,107,131,132,87,-,-,-,-,-,-,-,-,4,EX FB,90-92,3/4,Normal,97,63,-,-,-,24,36,27,20,1,7,4,68,-,-,-,-,-,-,-,-,68,-,-,-,-,-,-,-,-,39,54,30,37,,,0,0,0,0,0,0,0,0,0,0,0,0,0,0,0,0,0,0.0,0.00,0,-0.0,0.0,0.00,0,0,0.0,0.0,39,14,7,6,6,6,5,111.0,494,437,71,22,1,15,70,63,49,0,91,2,2,4,5,0,0,7,9,14,8,1.06,2053,117,114,15,2,-1.2,0.3,-0.3,4.41,38,14,14,9,5,0,0,0,1.14,-1.9,1.077,17,2,111.0,0,0,8,3,4,3,1,1,0,0,0,0,-1.6,0.0
RP,Hilton Smith,Hilton,Smith,-,6' 2',180 lbs,R,R,101,Kansas City Monarchs,KCM,1938,1921-1945,,85864,Perfect,Heart Attack - Negro League Star  SP Hilton Smith  KCM  1938,89 644,N,0,94,112,106,25,109,90,118,111,28,114,96,111,104,24,107,53,16,Normal,Pull,Normal,126,128,96,117,119,125,92,107,131,131,101,119,109,110,127,99,112,-,-,-,-,-,-,-,5,NEU,91-93,3/4,Normal,91,60,1,1,1,29,28,27,25,80,90,65,67,-,-,-,-,-,-,-,88,67,-,-,-,-,-,-,-,88,28,5,6,28,,,0,0,0,0,0,0,0,0,0,0,0,0,0,0,0,0,0,0.0,0.00,0,-0.0,0.0,0.00,0,0,0.0,0.0,4,0,0,0,1,2,0,9.0,35,34,4,1,0,0,2,1,1,0,9,0,0,0,1,0,0,0,1,1,0,0.66,146,10,8,0,0,0.2,0.3,0.3,2.67,4,0,3,2,1,0,0,0,3.00,0.2,1.077,0,0,9.0,0,0,1,1,1,1,0,0,0,0,0,0,-0.3,0.0
RP,Arthur Rhodes,Arthur,Rhodes,Alexandria SafeZone,6' 2',190 lbs,L,L,100,Seattle Mariners,SEA,2002,1993-2004,,83327,Perfect,Snapshot  RP Arthur Rhodes  SEA  2002,0,N,0,1,2,1,2,1,1,2,1,2,1,1,3,1,3,1,24,14,Normal,Normal,Normal,144,123,99,104,122,140,104,53,151,118,97,125,79,128,99,116,-,-,-,-,-,-,-,-,4,NEU,90-92,3/4,Normal,19,115,-,-,-,33,20,25,23,3,7,9,62,-,-,-,-,-,-,-,-,62,-,-,-,-,-,-,-,-,5,4,6,5,,,0,0,0,0,0,0,0,0,0,0,0,0,0,0,0,0,0,0.0,0.00,0,-0.0,0.0,0.00,0,0,0.0,0.0,40,0,5,1,1,15,4,40.2,171,155,27,8,1,4,13,12,13,0,33,1,0,2,0,0,0,4,22,21,7,1.47,691,38,45,0,1,1.5,0.3,1.2,4.02,39,0,9,2,7,0,0,0,1.99,0.7,1.077,1,1,40.2,0,0,4,4,0,0,0,0,0,0,0,0,-0.7,0.0
RP,Andrew Miller,Andrew,Miller,Peninsula Whips,6' 7',200 lbs,L,L,100,Boston Red Sox,BOS,2014,2005-2014,,85427,Perfect,May Birthdays - Historical All-Star  RP Andrew Miller  BOS  2014,0,N,0,9,3,1,3,1,7,3,1,3,1,10,4,1,3,1,25,58,Normal,Normal,Normal,140,80,128,119,160,98,112,106,134,74,133,135,124,-,-,117,108,-,-,-,-,-,-,-,3,EX GB,93-95,3/4,GB'er,12,79,-,-,-,23,20,22,23,8,5,2,50,-,-,-,-,-,-,-,-,50,-,-,-,-,-,-,-,-,16,5,6,27,,,0,0,0,0,0,0,0,0,0,0,0,0,0,0,0,0,0,0.0,0.00,0,-0.0,0.0,0.00,0,0,0.0,0.0,47,0,2,2,6,14,6,48.1,222,189,32,16,0,2,22,19,29,0,43,3,0,1,4,0,0,4,8,35,14,0.94,911,51,43,1,3,0.1,0.3,0.5,4.62,47,0,7,4,3,0,0,0,1.30,0.5,1.077,4,3,48.1,0,0,7,4,0,0,0,0,0,0,0,0,-0.4,0.0
SP,Mickey Welch,Mickey,Welch,New Haven Corsairs,5' 8',160 lbs,R,R,100,New York Gothams,SFG,1884,2026,,85914,Perfect,Born on the 4th of July  SP Mickey Welch  NY1  1884,0,N,0,82,122,82,83,66,88,124,88,89,67,80,121,80,82,66,77,63,Line Drive,Normal,Normal,94,87,133,142,95,88,135,145,94,87,131,140,91,128,113,-,-,-,-,-,-,-,-,-,3,NEU,90-92,3/4,Normal,97,59,-,-,-,25,16,20,21,68,52,74,47,-,-,-,-,-,77,54,75,47,-,-,-,-,-,77,54,75,65,84,92,78,,,0,0,0,0,0,0,0,0,0,0,0,0,0,0,0,0,0,0.0,0.00,0,-0.0,0.0,0.00,0,0,0.0,0.0,32,32,11,12,0,0,0,180.1,823,714,128,33,4,27,107,101,92,0,145,8,4,4,9,1,1,16,0,0,0,1.02,3342,199,174,16,4,-1.4,0.3,1.1,4.65,32,32,28,16,11,1,0,0,1.35,-0.4,1.000,20,4,180.1,0,0,12,11,7,5,0,0,0,0,0,0,-3.0,0.0
CL,Kenley Jansen,Kenley,Jansen,Washington Border Collies,6' 5',265 lbs,S,R,100,Los Angeles Dodgers,LAD,2017,2015+,CS,85705,Perfect,Clubhouse - SwitchKnucklers - Historical All-Star  CL Kenley Jansen  LAD  2017,0,N,0,2,4,1,3,1,2,4,1,3,1,2,5,1,3,2,23,1,Normal,Normal,Normal,141,142,121,116,118,137,108,93,160,147,133,150,-,-,-,102,121,-,154,-,-,-,-,-,3,EX FB,95-97,OTT,Normal,19,48,-,-,-,27,20,23,23,3,9,9,55,-,-,-,-,-,-,-,-,55,-,-,-,-,-,-,-,-,13,4,6,22,,,0,0,0,0,0,0,0,0,0,0,0,0,0,0,0,0,0,0.0,0.00,0,-0.0,0.0,0.00,0,0,0.0,0.0,61,0,4,4,3,8,13,64.1,293,265,57,13,1,10,38,34,19,0,66,3,0,6,5,0,0,5,22,41,16,0.95,1153,43,73,3,2,-1.9,0.3,-0.1,3.37,61,0,7,5,1,1,0,0,0.84,-0.1,.862,5,2,64.1,0,0,5,4,3,1,0,0,0,0,0,0,-0.8,0.0
RP,Andrew Miller,Andrew,Miller,Madison Mashers - CG,6' 7',200 lbs,L,L,100,Boston Red Sox,BOS,2014,2005-2014,,85427,Perfect,May Birthdays - Historical All-Star  RP Andrew Miller  BOS  2014,0,N,0,9,3,1,3,1,7,3,1,3,1,10,4,1,3,1,25,58,Normal,Normal,Normal,140,80,128,119,160,98,112,106,134,74,133,135,124,-,-,117,108,-,-,-,-,-,-,-,3,EX GB,93-95,3/4,GB'er,12,79,-,-,-,23,20,22,23,8,5,2,50,-,-,-,-,-,-,-,-,50,-,-,-,-,-,-,-,-,16,5,6,27,,,0,0,0,0,0,0,0,0,0,0,0,0,0,0,0,0,0,0.0,0.00,0,-0.0,0.0,0.00,0,0,0.0,0.0,49,0,3,1,10,9,3,49.0,203,180,34,1,1,4,14,14,21,0,43,2,0,0,2,0,0,3,10,20,3,0.97,843,60,37,4,2,1.0,0.3,1.3,4.13,48,0,8,4,4,0,0,0,1.47,-0.2,.862,6,2,49.0,0,0,5,4,1,0,0,0,0,0,0,0,-0.5,0.0
SP,Bubba Chandler,Bubba,Chandler,Waltham River Otters,6' 3',220 lbs,S,R,100,Pittsburgh Pirates,PIT,2026,2026,,84630,Perfect,FLF 2 - Future Legend  SP Bubba Chandler  PIT  2026,0,N,0,58,58,71,59,52,57,55,69,59,52,59,59,72,60,53,44,45,Normal,Pull,Normal,123,85,96,115,125,81,90,115,121,88,100,115,124,121,111,124,-,-,-,-,-,-,-,-,4,NEU,96-98,3/4,Normal,82,92,1,1,1,44,46,71,56,65,51,64,96,-,-,-,-,-,-,-,-,96,-,84,41,46,30,72,48,66,61,61,65,58,,,0,0,0,0,0,0,0,0,0,0,0,0,0,0,0,0,0,0.0,0.00,0,-0.0,0.0,0.00,0,0,0.0,0.0,8,4,2,2,0,0,0,28.0,122,109,20,8,0,3,17,17,9,0,21,2,1,1,0,0,0,1,4,4,0,0.76,502,29,30,0,3,-0.1,0.3,0.1,4.30,8,4,6,2,4,0,0,0,1.93,1.1,1.077,3,3,28.0,0,0,1,1,1,0,1,1,0,0,0,0,-0.5,0.0
RP,Robb Nen,Robb,Nen,Madison Mashers - CG,6' 4',200 lbs,R,R,101,San Francisco Giants,SFG,2000,1993-2004,,83906,Perfect,HOF Week - Snapshot  CL Robb Nen  SF  2000,0,N,0,1,3,1,3,1,1,3,1,3,1,1,3,1,3,1,28,13,Normal,Spray,Spray,148,106,125,138,160,95,97,130,139,117,151,144,75,-,137,94,-,153,-,-,-,-,-,-,4,FB,96-98,OTT,Normal,19,39,-,-,-,25,20,23,23,1,7,7,52,-,-,-,-,-,-,-,-,52,-,-,-,-,-,-,-,-,5,5,6,6,,,0,0,0,0,0,0,0,0,0,0,0,0,0,0,0,0,0,0.0,0.00,0,-0.0,0.0,0.00,0,0,0.0,0.0,61,0,2,5,5,24,13,68.0,289,261,48,7,1,7,29,26,25,1,52,2,0,1,2,0,0,4,24,40,11,1.50,1157,69,76,3,0,0.8,0.3,1.0,4.33,61,0,13,7,6,0,0,0,1.72,-0.3,.943,3,0,68.0,0,0,6,6,3,2,1,0,0,0,0,0,-0.5,0.0
CL,Aroldis Chapman,Aroldis,Chapman,Everett Aqua Sox,6' 4',235 lbs,L,L,101,Chicago Cubs,CHC,2016,2015+,CS,86413,Perfect,Clubhouse - Baseball Reference 6  CL Aroldis Chapman  CHC  2016,0,N,0,1,3,1,3,1,1,3,1,3,1,1,3,1,3,1,22,1,Normal,Normal,Normal,180,87,134,153,166,50,151,171,184,97,128,147,145,-,-,147,-,116,-,-,-,-,-,-,3,NEU,100+,OTT,Normal,17,49,-,-,-,29,20,24,23,10,4,7,57,-,-,-,-,-,-,-,-,57,-,-,-,-,-,-,-,-,16,4,6,28,,,0,0,0,0,0,0,0,0,0,0,0,0,0,0,0,0,0,0.0,0.00,0,-0.0,0.0,0.00,0,0,0.0,0.0,70,0,2,5,11,15,14,67.1,315,281,56,24,1,8,47,45,27,0,65,2,2,3,3,0,0,3,23,22,8,1.00,1236,73,57,5,1,-1.6,0.3,-1.0,3.95,68,0,12,8,4,0,0,0,1.60,0.2,1.077,6,1,67.1,0,0,6,6,4,3,0,0,0,0,0,0,-1.8,0.0
RP,Kevin Brown,Kevin,Brown,Shakedown 1977 Microbus TTC - GH,6' 4',195 lbs,R,R,100,Florida Marlins,FLA,1996,1993-2004,,85401,Perfect,Played Where? - Historical All-Star  SP Kevin Brown  FLO  1996,0,N,0,7,28,3,36,17,8,19,5,43,24,7,31,3,34,15,48,58,Normal,Normal,Normal,87,118,124,126,83,117,127,131,90,120,121,121,85,-,93,84,95,117,-,-,-,-,-,-,5,EX GB,90-92,OTT,GB'er,94,60,-,-,-,35,20,25,22,10,3,3,64,-,-,-,-,-,-,-,-,64,-,-,-,-,-,-,-,-,6,5,6,7,,,0,0,0,0,0,0,0,0,0,0,0,0,0,0,0,0,0,0.0,0.00,0,-0.0,0.0,0.00,0,0,0.0,0.0,21,0,1,0,1,2,0,42.1,178,158,26,8,1,2,14,14,18,0,26,1,0,1,0,0,0,4,8,22,2,0.48,695,53,41,3,0,0.3,0.3,1.0,4.95,21,0,11,6,5,0,0,0,2.34,0.2,1.293,3,0,42.1,0,0,3,3,4,3,0,0,0,0,0,0,-0.7,0.0
SP,Lefty Grove,Lefty,Grove,New Platson Grand Petites HotL,6' 3',190 lbs,L,L,100,Boston Red Sox,BOS,1936,1921-1945,,84014,Perfect,Icon Pre-Orders - Veteran Presence  SP Lefty Grove  BOS  1936,0,N,0,13,59,1,38,6,7,56,1,28,3,15,60,1,41,7,93,33,Normal,Pull,Pull,109,106,97,105,101,92,50,96,111,112,112,108,98,120,98,-,-,126,-,102,-,-,-,-,5,FB,90-92,OTT,Normal,87,102,-,-,-,35,23,25,18,7,6,1,67,-,-,-,-,-,-,-,-,67,-,-,-,-,-,-,-,-,5,4,6,5,,,0,0,0,0,0,0,0,0,0,0,0,0,0,0,0,0,0,0.0,0.00,0,-0.0,0.0,0.00,0,0,0.0,0.0,5,0,0,0,1,3,0,7.2,26,26,5,0,0,0,0,0,0,0,5,0,0,0,0,0,0,1,2,4,2,1.30,101,10,6,0,0,0.4,0.3,0.5,3.33,5,0,2,2,0,0,0,0,2.35,0.1,1.077,0,0,7.2,0,0,2,2,0,0,0,0,0,0,0,0,-0.3,0.0
CL,Jesse Orosco,Jesse,Orosco,Everett Aqua Sox,6' 2',185 lbs,R,L,100,New York Mets,NYM,1983,1980-1992,,85083,Perfect,Happy Birthday Nico - Historical All-Star  CL Jesse Orosco  NYM  1983,0,N,0,7,3,1,3,2,7,3,1,4,2,7,3,1,3,2,22,4,Normal,Normal,Normal,117,84,131,126,126,89,140,146,114,83,128,120,98,-,-,111,-,-,-,-,-,-,-,-,2,FB,90-92,3/4,Normal,61,60,-,-,-,35,72,43,23,5,10,3,98,-,-,-,-,-,-,-,-,98,-,-,-,-,-,-,-,-,8,3,6,13,,,0,0,0,0,0,0,0,0,0,0,0,0,0,0,0,0,0,0.0,0.00,0,-0.0,0.0,0.00,0,0,0.0,0.0,39,0,2,3,7,7,6,38.0,165,144,28,9,0,2,14,13,19,0,28,0,0,2,0,0,0,6,12,24,6,1.19,663,27,49,3,2,-0.0,0.3,0.8,4.78,39,0,2,0,2,0,0,0,0.47,0.4,.000,5,2,38.0,0,0,1,1,0,0,0,0,0,0,0,0,-0.8,0.0
SP,Jack Coombs,Jack,Coombs,Laffy Comedians - CG,6' 0',185 lbs,S,R,100,Philadelphia Athletics,OAK,1910,2026,BBR,85937,Perfect,July Jewels - Baseball Reference 4  SP Jack Coombs  PHA  1910,0,N,0,50,52,4,63,70,64,53,6,51,56,44,52,4,66,74,23,4,Normal,Normal,Normal,117,84,125,137,116,85,121,139,117,84,128,135,103,113,141,-,-,-,-,-,-,-,-,-,3,NEU,90-92,3/4,Normal,106,59,-,-,-,24,40,31,29,10,1,6,73,-,-,-,-,-,-,-,-,73,-,-,-,-,-,-,-,-,48,83,78,73,,,0,0,0,0,0,0,0,0,0,0,0,0,0,0,0,0,0,0.0,0.00,0,-0.0,0.0,0.00,0,0,0.0,0.0,54,11,3,7,5,12,10,79.2,352,307,54,19,1,9,39,39,38,0,69,2,2,3,3,0,0,6,18,22,6,1.23,1376,84,75,7,2,-1.7,0.3,0.8,4.34,53,11,17,9,7,1,1,0,1.81,-0.7,.923,9,2,79.2,0,0,9,7,3,1,0,0,0,0,0,0,-0.8,0.0
CL,Jonathan Papelbon,Jonathan,Papelbon,Shibuya Shredders - GH,6' 5',230 lbs,R,R,100,Boston Red Sox,BOS,2007,2005-2014,BBR,84789,Perfect,Baseball Reference 1  CL Jonathan Papelbon  BOS  2007,0,N,0,1,3,1,3,1,1,3,1,3,1,1,3,1,3,1,27,4,Normal,Spray,Spray,142,85,141,111,157,73,150,107,130,95,133,114,137,-,-,93,-,128,-,-,-,-,-,-,3,EX FB,95-97,3/4,Normal,18,61,-,-,-,22,20,21,23,8,3,1,48,-,-,-,-,-,-,-,-,48,-,-,-,-,-,-,-,-,9,5,6,12,,,0,0,0,0,0,0,0,0,0,0,0,0,0,0,0,0,0,0.0,0.00,0,-0.0,0.0,0.00,0,0,0.0,0.0,41,0,7,0,4,13,2,48.0,192,169,25,4,0,5,14,14,20,0,44,0,1,2,4,0,0,5,22,20,6,0.96,729,38,55,3,2,1.6,0.3,1.2,3.80,41,0,5,3,2,0,0,0,0.94,0.6,1.077,5,2,48.0,0,0,4,4,0,0,0,0,0,0,0,0,-0.7,0.0
RP,Josh Johnson,Josh,Johnson,Phoenix Mango Slush - HOTL,6' 7',245 lbs,L,R,100,Florida Marlins,FLA,2010,2005-2014,ME,86275,Perfect,All-Star Week Mission Reward  SP Josh Johnson  FLO  2010,0,N,0,1,6,1,6,3,4,3,1,7,1,1,7,1,6,4,64,5,Normal,Normal,Normal,131,113,97,138,129,88,104,130,133,140,93,145,126,118,116,125,-,-,-,-,-,-,-,-,4,NEU,94-96,3/4,Normal,72,52,-,-,-,27,38,29,23,2,10,4,74,-,-,-,-,-,-,-,-,74,-,-,-,-,-,-,-,-,5,5,6,5,,,0,0,0,0,0,0,0,0,0,0,0,0,0,0,0,0,0,0.0,0.00,0,-0.0,0.0,0.00,0,0,0.0,0.0,45,16,9,7,1,5,8,127.0,566,498,84,29,2,16,81,77,63,4,97,3,1,1,8,0,0,15,17,17,5,1.24,2299,133,134,10,1,-1.8,0.3,-0.4,4.73,44,16,23,9,13,1,0,0,1.56,-0.2,1.077,11,1,127.0,0,0,7,6,5,5,1,1,0,0,0,0,-1.8,0.0
RP,Andrew Miller,Andrew,Miller,Everett Aquasox,6' 7',200 lbs,L,L,100,Boston Red Sox,BOS,2014,2005-2014,,85427,Perfect,May Birthdays - Historical All-Star  RP Andrew Miller  BOS  2014,0,N,0,9,3,1,3,1,7,3,1,3,1,10,4,1,3,1,25,58,Normal,Normal,Normal,140,80,128,119,160,98,112,106,134,74,133,135,124,-,-,117,108,-,-,-,-,-,-,-,3,EX GB,93-95,3/4,GB'er,12,79,-,-,-,23,20,22,23,8,5,2,50,-,-,-,-,-,-,-,-,50,-,-,-,-,-,-,-,-,16,5,6,27,,,0,0,0,0,0,0,0,0,0,0,0,0,0,0,0,0,0,0.0,0.00,0,-0.0,0.0,0.00,0,0,0.0,0.0,67,0,2,5,14,20,8,57.0,229,201,31,5,0,6,23,22,19,1,42,1,5,3,2,1,0,4,21,47,9,1.24,914,71,53,2,1,1.7,0.3,0.9,4.24,67,0,10,6,4,0,0,0,1.58,-0.2,1.077,3,1,57.0,0,0,9,7,2,0,0,0,0,0,0,0,-0.7,0.0
SP,Greg Maddux,Greg,Maddux,Shakedown 1977 Microbus TTC - GH,6' 0',170 lbs,R,R,100,Chicago Cubs,CHC,1992,1980-1992,,84092,Perfect,Hardware Heroes  SP Greg Maddux  CHC  1992,0,N,0,21,36,17,27,47,12,39,11,30,44,24,35,19,26,48,54,24,Normal,Pull,Pull,88,94,102,124,85,82,65,121,90,106,134,127,85,-,84,82,101,-,99,-,107,-,-,-,6,EX GB,92-94,OTT,GB'er,99,102,-,-,-,35,36,37,41,1,6,4,80,-,-,-,-,-,-,-,-,80,-,-,-,-,-,-,-,-,26,4,11,29,,,0,0,0,0,0,0,0,0,0,0,0,0,0,0,0,0,0,0.0,0.00,0,-0.0,0.0,0.00,0,0,0.0,0.0,37,10,5,8,1,2,3,124.2,552,500,97,24,3,18,76,73,46,0,92,3,2,1,6,0,0,11,9,12,2,0.88,2155,143,121,5,5,-1.0,0.3,-0.0,4.47,37,10,28,15,12,1,0,0,1.95,1.6,1.167,10,5,124.2,0,0,13,12,3,2,2,0,0,0,0,0,-1.1,0.0
RP,Billy Wagner,Billy,Wagner,Laffy Comedians - CG,5' 10',180 lbs,L,L,100,Atlanta Braves,ATL,2010,2005-2014,,85809,Perfect,Family Connections - Historical All-Star  CL Billy Wagner  ATL  2010,0,N,0,1,3,1,3,1,1,3,1,3,1,2,3,1,3,1,29,1,Normal,Normal,Normal,150,80,141,129,153,68,175,150,150,84,130,121,128,105,122,130,-,-,-,-,-,-,-,-,4,FB,95-97,OTT,Normal,14,65,-,-,-,29,20,24,23,3,5,3,57,-,-,-,-,-,-,-,-,57,-,-,-,-,-,-,-,-,10,4,6,15,,,0,0,0,0,0,0,0,0,0,0,0,0,0,0,0,0,0,0.0,0.00,0,-0.0,0.0,0.00,0,0,0.0,0.0,48,8,2,1,7,16,4,45.2,200,166,25,9,1,2,14,14,33,0,40,1,0,0,1,0,0,3,15,31,7,1.43,851,39,50,3,3,0.6,0.2,1.4,4.96,46,8,11,5,6,0,0,0,2.17,0.6,1.077,6,3,45.2,0,0,7,5,1,1,0,0,0,0,0,0,-0.7,0.0
CL,Bruce Sutter,Bruce,Sutter,Shakedown 1977 Microbus TTC - GH,6' 2',190 lbs,R,R,100,Chicago Cubs,CHC,1979,1961-1979,,82699,Perfect,Hardware Heroes  CL Bruce Sutter  CHC  1979,0,N,0,2,3,1,3,1,2,3,1,3,1,2,3,1,3,1,27,56,Normal,Normal,Normal,130,75,99,113,154,84,90,153,110,68,106,101,91,-,-,120,-,82,-,-,-,-,-,-,3,EX GB,90-92,3/4,GB'er,25,113,-,-,-,21,32,25,23,6,1,4,60,-,-,-,-,-,-,-,-,60,-,-,-,-,-,-,-,-,21,4,11,35,,,0,0,0,0,0,0,0,0,0,0,0,0,0,0,0,0,0,0.0,0.00,0,-0.0,0.0,0.00,0,0,0.0,0.0,74,0,3,4,16,16,8,72.2,324,276,46,19,3,4,40,39,41,0,58,5,0,2,6,0,0,9,19,41,14,0.87,1279,72,73,1,2,0.5,0.2,0.0,4.80,74,0,12,4,7,1,0,0,1.36,1.0,1.077,3,2,72.2,0,0,4,4,1,1,0,0,0,0,0,0,-1.8,0.0
SP,Dolf Luque,Dolf,Luque,New Platson Grand Petites HotL,5' 7',160 lbs,R,R,100,Cincinnati Reds,CIN,1923,1921-1945,BBR,85679,Perfect,June Gems - Baseball Reference 3  SP Dolf Luque  CIN  1923,0,N,0,17,45,35,50,28,19,37,32,53,25,17,48,37,49,30,70,8,Normal,Spray,Spray,119,81,125,133,116,68,132,140,121,90,119,128,100,118,125,98,-,90,-,-,-,-,-,-,5,NEU,90-92,OTT,Normal,100,56,-,-,-,29,23,24,22,4,9,3,59,-,-,-,-,-,-,-,-,59,-,-,-,-,-,-,-,-,36,59,44,20,,,0,0,0,0,0,0,0,0,0,0,0,0,0,0,0,0,0,0.0,0.00,0,-0.0,0.0,0.00,0,0,0.0,0.0,31,0,0,3,3,4,5,55.0,231,202,27,12,1,3,23,18,27,0,34,0,1,1,5,0,0,6,14,24,8,0.86,928,67,58,2,1,-0.1,0.2,0.8,5.12,31,0,12,6,5,1,1,0,1.80,-0.3,.862,3,1,55.0,0,0,6,4,1,0,1,1,0,0,0,0,-1.1,0.0
CL,Jonathan Papelbon,Jonathan,Papelbon,Waltham River Otters,6' 5',230 lbs,R,R,100,Boston Red Sox,BOS,2007,2005-2014,BBR,84789,Perfect,Baseball Reference 1  CL Jonathan Papelbon  BOS  2007,0,N,0,1,3,1,3,1,1,3,1,3,1,1,3,1,3,1,27,4,Normal,Spray,Spray,142,85,141,111,157,73,150,107,130,95,133,114,137,-,-,93,-,128,-,-,-,-,-,-,3,EX FB,95-97,3/4,Normal,18,61,-,-,-,22,20,21,23,8,3,1,48,-,-,-,-,-,-,-,-,48,-,-,-,-,-,-,-,-,9,5,6,12,,,0,0,0,0,0,0,0,0,0,0,0,0,0,0,0,0,0,0.0,0.00,0,-0.0,0.0,0.00,0,0,0.0,0.0,70,0,4,8,14,30,12,62.1,277,237,48,7,0,6,37,34,30,0,57,6,1,3,5,0,0,5,31,22,8,1.79,1150,65,57,3,2,1.4,0.2,-0.1,4.21,69,0,10,3,7,0,0,0,1.44,-0.2,.718,5,2,62.1,0,0,2,2,2,0,0,0,0,0,0,0,-0.8,0.0
CL,Aroldis Chapman,Aroldis,Chapman,Webster Groves Supercells,6' 4',235 lbs,L,L,101,Chicago Cubs,CHC,2016,2015+,CS,86413,Perfect,Clubhouse - Baseball Reference 6  CL Aroldis Chapman  CHC  2016,0,N,0,1,3,1,3,1,1,3,1,3,1,1,3,1,3,1,22,1,Normal,Normal,Normal,180,87,134,153,166,50,151,171,184,97,128,147,145,-,-,147,-,116,-,-,-,-,-,-,3,NEU,100+,OTT,Normal,17,49,-,-,-,29,20,24,23,10,4,7,57,-,-,-,-,-,-,-,-,57,-,-,-,-,-,-,-,-,16,4,6,28,,,0,0,0,0,0,0,0,0,0,0,0,0,0,0,0,0,0,0.0,0.00,0,-0.0,0.0,0.00,0,0,0.0,0.0,58,0,6,3,14,21,8,55.2,245,214,38,4,0,5,31,29,25,0,49,5,0,1,6,0,0,1,16,40,7,1.45,1041,54,60,4,1,1.2,0.2,0.0,4.23,57,0,5,3,2,0,0,0,0.81,-0.3,1.077,5,1,55.2,0,0,5,3,1,1,0,0,0,0,0,0,-0.7,0.0
SP,Cy Young,Cy,Young,Waltham River Otters,6' 2',210 lbs,R,R,102,Cleveland Spiders,CLE,1895,2026,HOF,86572,Perfect,Young & Old 2 - Hall of Fame  SP Cy Young  CL4  1895,0,N,0,32,72,1,24,94,45,41,1,51,121,27,80,1,9,88,35,6,Normal,Pull,Pull,118,151,142,130,118,148,142,123,117,154,142,135,111,79,122,90,-,-,-,-,-,121,-,-,5,NEU,92-94,OTT,Normal,114,60,-,-,-,48,39,47,36,3,3,3,90,-,-,-,-,-,-,-,-,90,-,-,-,-,-,-,-,-,75,81,68,86,,,0,0,0,0,0,0,0,0,0,0,0,0,0,0,0,0,0,0.0,0.00,0,-0.0,0.0,0.00,0,0,0.0,0.0,32,16,4,7,0,3,1,125.1,553,503,93,27,3,22,71,67,41,0,91,4,0,5,5,0,0,7,8,13,6,0.88,2127,139,131,8,2,-0.9,0.2,1.1,4.40,32,16,31,18,13,0,2,0,2.23,0.9,1.154,10,2,125.1,0,0,11,11,5,4,0,0,0,0,0,0,-1.5,0.0
CL,Rich Gossage,Rich,Gossage,Sharpstown Bill Collectors,6' 3',215 lbs,R,R,101,New York Yankees,NYA,1982,1980-1992,HOF,85046,Perfect,All-Star Week - Hall of Fame  CL Rich Gossage  NYY  1982,0,N,0,1,3,1,3,1,1,3,1,3,1,1,3,1,3,1,27,17,Normal,Normal,Normal,153,100,141,144,133,72,138,150,169,133,143,140,136,-,-,134,-,-,-,-,-,-,-,-,2,EX FB,97-99,3/4,Normal,48,61,-,-,-,26,13,20,23,10,4,7,45,-,-,-,-,-,-,-,-,45,-,-,-,-,-,-,-,-,15,5,6,25,,,0,0,0,0,0,0,0,0,0,0,0,0,0,0,0,0,0,0.0,0.00,0,-0.0,0.0,0.00,0,0,0.0,0.0,63,0,4,2,3,7,8,92.1,402,356,57,22,1,10,41,40,44,0,83,0,0,2,3,0,0,5,26,35,14,0.81,1623,83,101,5,1,-0.3,0.2,0.9,4.22,62,0,11,7,4,0,0,0,1.07,0.3,1.077,6,1,92.1,0,0,3,3,4,4,0,0,0,0,0,0,-0.9,0.0
RP,Kenley Jansen,Kenley,Jansen,Houston Swangas,6' 5',265 lbs,S,R,100,Los Angeles Dodgers,LAD,2017,2015+,CS,85705,Perfect,Clubhouse - SwitchKnucklers - Historical All-Star  CL Kenley Jansen  LAD  2017,0,N,0,2,4,1,3,1,2,4,1,3,1,2,5,1,3,2,23,1,Normal,Normal,Normal,141,142,121,116,118,137,108,93,160,147,133,150,-,-,-,102,121,-,154,-,-,-,-,-,3,EX FB,95-97,OTT,Normal,19,48,-,-,-,27,20,23,23,3,9,9,55,-,-,-,-,-,-,-,-,55,-,-,-,-,-,-,-,-,13,4,6,22,,,0,0,0,0,0,0,0,0,0,0,0,0,0,0,0,0,0,0.0,0.00,0,-0.0,0.0,0.00,0,0,0.0,0.0,63,0,4,2,16,22,6,62.1,254,230,34,13,0,9,30,29,16,1,56,4,1,3,2,0,0,7,24,54,16,1.26,922,50,68,2,1,1.0,0.2,0.5,3.46,63,0,9,5,4,0,1,0,1.30,0.4,1.077,3,1,62.1,0,0,2,1,2,2,1,1,0,0,0,0,-0.1,0.0
CL,Sean Doolittle,Sean,Doolittle,Waltham River Otters,6' 2',205 lbs,L,L,101,Washington Nationals,WSN,2018,2015+,CS,86281,Perfect,Clubhouse - Historical All-Star  CL Sean Doolittle  WAS  2018,0,N,0,1,3,1,3,1,1,3,1,3,1,1,3,1,3,1,21,1,Normal,Spray,Spray,152,125,181,119,180,66,200,160,143,150,175,115,128,-,-,123,-,-,-,-,-,-,-,-,2,EX FB,93-95,3/4,Normal,11,57,-,-,-,27,20,23,23,2,9,3,55,-,-,-,-,-,-,-,-,55,-,-,-,-,-,-,-,-,5,5,6,5,,,0,0,0,0,0,0,0,0,0,0,0,0,0,0,0,0,0,0.0,0.00,0,-0.0,0.0,0.00,0,0,0.0,0.0,68,0,6,5,12,24,16,59.2,253,231,38,8,2,11,29,25,15,2,59,2,1,4,1,0,0,4,29,20,10,1.59,1003,43,70,1,2,0.2,0.2,0.7,3.18,67,0,10,5,5,0,0,0,1.51,1.0,1.077,3,2,59.2,0,0,6,6,0,0,0,0,0,0,0,0,0.0,0.0
SP,Kevin Brown,Kevin,Brown,New Platson Grand Petites HotL,6' 4',195 lbs,R,R,100,Florida Marlins,FLA,1996,1993-2004,,85401,Perfect,Played Where? - Historical All-Star  SP Kevin Brown  FLO  1996,0,N,0,7,28,3,36,17,8,19,5,43,24,7,31,3,34,15,48,58,Normal,Normal,Normal,87,118,124,126,83,117,127,131,90,120,121,121,85,-,93,84,95,117,-,-,-,-,-,-,5,EX GB,90-92,OTT,GB'er,94,60,-,-,-,35,20,25,22,10,3,3,64,-,-,-,-,-,-,-,-,64,-,-,-,-,-,-,-,-,6,5,6,7,,,0,0,0,0,0,0,0,0,0,0,0,0,0,0,0,0,0,0.0,0.00,0,-0.0,0.0,0.00,0,0,0.0,0.0,69,0,6,6,2,12,14,89.0,390,349,66,20,2,9,47,45,27,2,59,9,0,5,5,1,0,12,35,50,17,0.94,1470,113,78,5,1,-1.6,0.2,0.2,4.53,67,0,12,5,6,1,0,0,1.11,-0.9,.898,6,1,89.0,0,0,6,4,3,1,0,0,0,0,0,0,-1.5,0.0
RP,Pedro Martinez,Pedro,Martinez,Everett Aquasox,5' 11',170 lbs,R,R,100,New York Mets,NYM,2005,2005-2014,CS,84702,Perfect,Clubhouse - April Fools' Day  SP Pedro Martinez  NYM  2005,0,N,0,3,12,2,15,9,6,20,2,18,8,3,10,2,14,10,51,55,Normal,Normal,Normal,121,96,120,112,117,84,118,113,125,110,122,111,86,-,105,87,-,-,95,-,156,-,-,-,5,FB,88-90,3/4,Normal,92,54,-,-,-,25,19,22,23,2,7,5,51,-,-,-,-,-,-,-,-,51,-,-,-,-,-,-,-,-,5,5,6,5,,,0,0,0,0,0,0,0,0,0,0,0,0,0,0,0,0,0,0.0,0.00,0,-0.0,0.0,0.00,0,0,0.0,0.0,70,0,3,2,3,10,14,84.2,369,339,61,17,1,10,39,32,29,1,64,1,0,0,4,1,0,10,37,45,13,0.88,1405,77,100,7,2,-2.1,0.2,0.7,4.33,69,0,12,6,5,1,0,0,1.17,-0.8,.808,9,2,84.2,0,0,7,5,3,2,0,0,0,0,0,0,-0.9,0.0
RP,Billy Wagner,Billy,Wagner,Madison Moundsmen - CG,5' 10',180 lbs,L,L,100,Atlanta Braves,ATL,2010,2005-2014,,85809,Perfect,Family Connections - Historical All-Star  CL Billy Wagner  ATL  2010,0,N,0,1,3,1,3,1,1,3,1,3,1,2,3,1,3,1,29,1,Normal,Normal,Normal,150,80,141,129,153,68,175,150,150,84,130,121,128,105,122,130,-,-,-,-,-,-,-,-,4,FB,95-97,OTT,Normal,14,65,-,-,-,29,20,24,23,3,5,3,57,-,-,-,-,-,-,-,-,57,-,-,-,-,-,-,-,-,10,4,6,15,,,0,0,0,0,0,0,0,0,0,0,0,0,0,0,0,0,0,0.0,0.00,0,-0.0,0.0,0.00,0,0,0.0,0.0,47,0,3,0,8,12,6,46.0,192,166,22,7,1,3,11,11,25,0,37,1,0,0,0,0,0,3,16,25,3,1.02,810,46,49,2,3,0.4,0.2,1.5,4.65,47,0,7,3,4,0,0,0,1.37,0.6,1.077,5,3,46.0,0,0,4,3,1,0,0,0,0,0,0,0,-0.3,0.0
SP,Harvey Haddix,Harvey,Haddix,Sharpstown Bill Collectors,5' 9',170 lbs,L,L,101,Pittsburgh Pirates,PIT,1959,1946-1960,,86623,Perfect,50s Theme Week - Hardware Heroes  SP Harvey Haddix  PIT  1959,0,N,0,14,70,4,37,26,8,55,7,49,18,16,74,3,33,29,39,2,Normal,Normal,Normal,120,144,140,118,128,130,157,140,118,148,134,115,105,90,90,117,-,-,-,-,-,-,-,-,4,EX FB,90-92,3/4,Normal,114,58,-,-,-,84,74,77,74,3,9,10,136,-,-,-,-,-,-,-,-,136,-,-,-,-,-,-,-,-,17,3,6,29,,,0,0,0,0,0,0,0,0,0,0,0,0,0,0,0,0,0,0.0,0.00,0,-0.0,0.0,0.00,0,0,0.0,0.0,4,4,2,2,0,0,0,21.2,98,86,15,5,1,2,13,13,8,0,13,2,1,1,0,1,0,0,0,0,0,1.01,372,19,33,2,1,-0.2,0.2,0.1,4.96,4,4,3,3,0,0,0,0,1.25,0.3,1.077,3,1,21.2,0,0,3,3,0,0,0,0,0,0,0,0,-0.3,0.0
CL,Aroldis Chapman,Aroldis,Chapman,Dark Web Hackers,6' 4',235 lbs,L,L,101,Chicago Cubs,CHC,2016,2015+,CS,86413,Perfect,Clubhouse - Baseball Reference 6  CL Aroldis Chapman  CHC  2016,0,N,0,1,3,1,3,1,1,3,1,3,1,1,3,1,3,1,22,1,Normal,Normal,Normal,180,87,134,153,166,50,151,171,184,97,128,147,145,-,-,147,-,116,-,-,-,-,-,-,3,NEU,100+,OTT,Normal,17,49,-,-,-,29,20,24,23,10,4,7,57,-,-,-,-,-,-,-,-,57,-,-,-,-,-,-,-,-,16,4,6,28,,,0,0,0,0,0,0,0,0,0,0,0,0,0,0,0,0,0,0.0,0.00,0,-0.0,0.0,0.00,0,0,0.0,0.0,57,0,3,6,11,16,12,63.1,268,237,33,14,3,8,32,29,27,0,60,1,1,2,4,1,0,7,17,27,6,1.33,1076,69,50,1,2,-1.2,0.2,0.4,3.90,57,0,10,4,6,0,1,0,1.42,0.8,1.347,3,2,63.1,0,0,3,3,4,2,1,0,0,0,0,0,-0.8,0.0
SP,Cliff Lee,Cliff,Lee,Gastonia Peaches,6' 3',205 lbs,L,L,100,Philadelphia Phillies,PHI,2011,2005-2014,BBR,85693,Perfect,June Gems - Baseball Reference 3  SP Cliff Lee  PHI  2011,0,N,0,10,17,17,13,9,6,18,27,7,5,12,17,14,15,11,54,5,Normal,Spray,Spray,126,128,94,118,109,150,115,119,132,121,89,118,111,111,104,-,132,-,72,-,-,-,-,-,5,NEU,91-93,3/4,Normal,84,63,-,-,-,24,14,20,23,1,3,5,45,-,-,-,-,-,-,-,-,45,-,-,-,-,-,-,-,-,55,54,67,50,,,0,0,0,0,0,0,0,0,0,0,0,0,0,0,0,0,0,0.0,0.00,0,-0.0,0.0,0.00,0,0,0.0,0.0,31,0,2,2,3,6,6,41.2,178,162,29,6,2,5,19,17,11,0,36,4,0,1,4,0,0,4,15,27,11,0.68,692,42,41,2,2,-0.4,0.2,0.4,3.73,31,0,4,3,1,0,0,0,0.86,0.4,1.077,4,2,41.2,0,0,4,3,0,0,0,0,0,0,0,0,-0.8,0.0
RP,Trevor Hoffman,Trevor,Hoffman,Peninsula Whips,6' 1',200 lbs,R,R,100,San Diego Padres,SDP,1994,1993-2004,ME,83299,Perfect,Live Collection Reward - Hall of Fame  CL Trevor Hoffman  SD  1994,0,N,0,1,3,1,3,2,1,3,1,3,2,1,3,1,3,2,21,32,Normal,Spray,Spray,116,81,118,130,113,77,115,140,118,85,121,122,78,152,93,92,-,-,-,-,-,-,-,-,4,EX FB,90-92,3/4,Normal,12,93,-,-,-,25,20,22,23,3,9,2,52,-,-,-,-,-,-,-,-,52,-,-,-,-,-,-,-,-,7,4,6,9,,,0,0,0,0,0,0,0,0,0,0,0,0,0,0,0,0,0,0.0,0.00,0,-0.0,0.0,0.00,0,0,0.0,0.0,48,0,3,4,6,7,11,50.2,240,205,39,20,1,3,31,30,29,1,38,2,0,4,6,0,0,3,17,30,13,1.07,947,40,65,1,1,-1.9,0.2,-0.3,5.05,47,0,8,6,1,1,0,0,1.24,0.0,1.077,2,1,50.2,0,0,5,4,1,0,1,0,0,0,0,0,-0.5,0.0
CL,Tom Henke,Tom,Henke,Tulsa Doom,6' 5',215 lbs,R,R,100,Toronto Blue Jays,TOR,1987,1980-1992,,85918,Perfect,Blue Jays 50th Anniversary  CL Tom Henke  TOR  1987,0,N,0,1,3,1,3,1,1,3,1,3,1,1,3,1,3,1,29,1,Normal,Spray,Spray,150,125,128,100,137,122,142,111,160,128,116,83,122,-,-,100,-,-,-,129,-,-,-,-,3,EX FB,92-94,3/4,Normal,25,57,-,-,-,35,20,26,23,3,9,2,64,-,-,-,-,-,-,-,-,64,-,-,-,-,-,-,-,-,5,4,6,5,,,0,0,0,0,0,0,0,0,0,0,0,0,0,0,0,0,0,0.0,0.00,0,-0.0,0.0,0.00,0,0,0.0,0.0,49,0,4,0,4,6,6,44.0,190,172,31,12,0,5,18,18,15,0,39,3,0,0,0,0,0,6,22,20,6,1.01,789,36,48,5,1,0.4,0.2,0.6,3.87,49,0,4,1,3,0,0,0,0.82,-0.7,.539,6,1,44.0,0,0,1,0,1,1,0,0,0,0,0,0,-0.4,0.0
RP,Arthur Rhodes,Arthur,Rhodes,Shibuya Shredders - GH,6' 2',190 lbs,L,L,100,Seattle Mariners,SEA,2002,1993-2004,,83327,Perfect,Snapshot  RP Arthur Rhodes  SEA  2002,0,N,0,1,2,1,2,1,1,2,1,2,1,1,3,1,3,1,24,14,Normal,Normal,Normal,144,123,99,104,122,140,104,53,151,118,97,125,79,128,99,116,-,-,-,-,-,-,-,-,4,NEU,90-92,3/4,Normal,19,115,-,-,-,33,20,25,23,3,7,9,62,-,-,-,-,-,-,-,-,62,-,-,-,-,-,-,-,-,5,4,6,5,,,0,0,0,0,0,0,0,0,0,0,0,0,0,0,0,0,0,0.0,0.00,0,-0.0,0.0,0.00,0,0,0.0,0.0,47,0,2,4,10,15,10,51.0,220,199,34,12,0,7,32,29,15,0,47,3,1,2,5,0,0,4,15,29,10,1.23,885,57,42,0,1,0.1,0.2,-0.5,3.67,45,0,10,6,3,1,0,0,1.59,0.3,.862,1,1,51.0,0,0,6,5,0,0,0,0,0,0,0,0,-0.7,0.0
SP,Kade Anderson,Kade,Anderson,-,6' 2',185 lbs,L,L,102,Seattle Mariners,SEA,2026,2026,,85138,Perfect,FLF 22 & Co. - Future Legend  SP Kade Anderson  SEA  2026,0,N,0,15,7,17,8,20,15,7,17,8,20,15,7,17,8,20,51,41,Normal,Normal,Pull,138,134,135,135,142,129,142,144,137,136,132,133,123,112,131,115,-,-,92,-,-,-,-,-,5,FB,93-95,3/4,Normal,72,67,1,1,1,21,17,30,24,26,31,38,46,-,-,-,-,-,-,-,-,46,-,35,-,-,-,20,-,12,19,11,22,24,,,0,0,0,0,0,0,0,0,0,0,0,0,0,0,0,0,0,0.0,0.00,0,-0.0,0.0,0.00,0,0,0.0,0.0,13,13,3,7,0,0,0,66.2,296,266,51,15,0,12,49,44,24,0,53,2,2,2,3,0,0,5,0,0,0,0.94,1169,62,75,3,1,-1.7,0.1,-0.5,4.28,13,13,9,7,2,0,0,0,1.21,0.6,1.077,4,1,66.2,0,0,4,4,1,1,2,2,0,0,0,0,-0.7,0.0
SP,Josh Johnson,Josh,Johnson,Tampa Bay Yankees 22,6' 7',245 lbs,L,R,100,Florida Marlins,FLA,2010,2005-2014,ME,86275,Perfect,All-Star Week Mission Reward  SP Josh Johnson  FLO  2010,0,N,0,1,6,1,6,3,4,3,1,7,1,1,7,1,6,4,64,5,Normal,Normal,Normal,131,113,97,138,129,88,104,130,133,140,93,145,126,118,116,125,-,-,-,-,-,-,-,-,4,NEU,94-96,3/4,Normal,72,52,-,-,-,27,38,29,23,2,10,4,74,-,-,-,-,-,-,-,-,74,-,-,-,-,-,-,-,-,5,5,6,5,,,0,0,0,0,0,0,0,0,0,0,0,0,0,0,0,0,0,0.0,0.00,0,-0.0,0.0,0.00,0,0,0.0,0.0,41,0,6,2,1,10,6,59.0,247,220,40,7,0,7,20,20,24,0,52,1,1,1,1,0,0,5,21,24,2,1.07,983,73,42,10,3,1.1,0.1,1.3,4.10,41,0,11,5,5,1,0,0,1.53,0.1,1.077,13,3,59.0,0,0,5,5,0,0,0,0,0,0,0,0,-0.5,0.0
SP,Randy Johnson,Randy,Johnson,Barnstable Beasts,6' 10',225 lbs,R,L,100,Houston Astros,HOU,1998,1993-2004,CS,85407,Perfect,Clubhouse - Played Where? - Veteran Presence  SP Randy Johnson  HOU  1998,0,N,0,11,42,4,27,16,12,51,7,37,16,11,39,3,22,16,51,58,Normal,Pull,Pull,137,81,109,121,120,92,106,140,142,78,111,118,120,-,126,126,-,123,-,-,-,-,-,-,4,NEU,94-96,3/4,Normal,104,59,-,-,-,32,13,22,23,7,7,6,53,-,-,-,-,-,-,-,-,53,-,-,-,-,-,-,-,-,5,5,6,6,,,0,0,0,0,0,0,0,0,0,0,0,0,0,0,0,0,0,0.0,0.00,0,-0.0,0.0,0.00,0,0,0.0,0.0,27,1,1,0,2,5,0,50.2,212,190,34,8,0,5,14,13,18,0,38,3,0,1,0,0,0,10,12,17,6,0.75,816,62,42,2,0,0.4,0.1,1.4,4.33,27,1,9,6,3,0,0,0,1.60,0.2,1.077,2,0,50.2,0,0,5,5,1,1,0,0,0,0,0,0,-0.1,0.0
CL,Jesse Orosco,Jesse,Orosco,Barnstable Beasts,6' 2',185 lbs,R,L,100,New York Mets,NYM,1983,1980-1992,,85083,Perfect,Happy Birthday Nico - Historical All-Star  CL Jesse Orosco  NYM  1983,0,Y,5,9,5,1,5,4,9,5,1,6,4,9,5,1,5,4,22,4,Normal,Normal,Normal,126,91,141,136,136,97,151,157,123,90,138,130,98,-,-,111,-,-,-,-,-,-,-,-,2,FB,90-92,3/4,Normal,61,60,-,-,-,35,72,43,23,5,10,3,105,-,-,-,-,-,-,-,-,105,-,-,-,-,-,-,-,-,8,3,6,13,,,0,0,0,0,0,0,0,0,0,0,0,0,0,0,0,0,0,0.0,0.00,0,-0.0,0.0,0.00,0,0,0.0,0.0,7,0,0,1,1,4,1,10.2,43,41,8,0,0,1,2,2,1,0,7,1,0,0,0,0,0,1,4,4,1,1.57,164,9,15,1,0,0.4,0.1,0.5,3.76,7,0,2,1,1,0,0,0,1.69,-0.1,1.077,1,0,10.2,0,0,1,1,0,0,0,0,0,0,0,0,0.0,0.0
RP,Andrew Miller,Andrew,Miller,Berlin Speed Dealers SoM,6' 7',200 lbs,L,L,100,Boston Red Sox,BOS,2014,2005-2014,,85427,Perfect,May Birthdays - Historical All-Star  RP Andrew Miller  BOS  2014,0,N,0,9,3,1,3,1,7,3,1,3,1,10,4,1,3,1,25,58,Normal,Normal,Normal,140,80,128,119,160,98,112,106,134,74,133,135,124,-,-,117,108,-,-,-,-,-,-,-,3,EX GB,93-95,3/4,GB'er,12,79,-,-,-,23,20,22,23,8,5,2,50,-,-,-,-,-,-,-,-,50,-,-,-,-,-,-,-,-,16,5,6,27,,,0,0,0,0,0,0,0,0,0,0,0,0,0,0,0,0,0,0.0,0.00,0,-0.0,0.0,0.00,0,0,0.0,0.0,60,0,4,5,16,15,14,38.1,185,160,30,12,1,4,21,20,21,0,37,0,0,4,2,0,0,2,9,43,17,1.48,777,43,32,1,0,-0.9,0.1,0.0,4.35,58,0,8,6,2,0,0,0,1.88,0.3,1.077,1,0,38.1,0,0,6,6,0,0,0,0,0,0,0,0,-0.3,0.0
RP,Carl Hubbell,Carl,Hubbell,Everett Aquasox,6' 0',170 lbs,R,L,100,New York Giants,SFG,1934,1921-1945,ME,83325,Perfect,Live NL Collection - Historical All-Star  SP Carl Hubbell  NY1  1934,0,N,0,3,45,1,32,28,3,47,1,28,28,4,45,1,33,28,78,33,Normal,Spray,Spray,82,146,125,111,75,150,97,120,84,144,134,102,75,-,115,-,-,-,-,-,-,93,-,-,3,FB,89-91,3/4,Finesse,103,72,-,-,-,27,29,28,27,3,1,8,66,-,-,-,-,-,-,-,-,66,-,-,-,-,-,-,-,-,8,14,6,7,,,0,0,0,0,0,0,0,0,0,0,0,0,0,0,0,0,0,0.0,0.00,0,-0.0,0.0,0.00,0,0,0.0,0.0,56,0,3,2,0,7,8,99.2,434,404,74,20,6,14,48,48,27,1,73,0,0,3,3,0,0,6,19,47,17,0.66,1681,97,118,4,4,-0.4,0.1,0.6,4.22,55,0,12,4,7,1,0,0,0.99,0.6,.862,8,4,99.2,0,0,6,4,1,1,0,0,0,0,0,0,-1.6,0.0
RP,Greg Maddux,Greg,Maddux,Everett Aqua Sox,6' 0',170 lbs,R,R,100,Chicago Cubs,CHC,1992,1980-1992,,84092,Perfect,Hardware Heroes  SP Greg Maddux  CHC  1992,0,Y,5,24,40,20,31,52,15,43,14,34,49,28,39,22,30,53,54,24,Normal,Pull,Pull,96,102,110,134,92,89,71,131,98,115,144,137,85,-,84,82,101,-,99,-,107,-,-,-,6,EX GB,92-94,OTT,GB'er,99,102,-,-,-,35,36,37,41,1,6,4,86,-,-,-,-,-,-,-,-,86,-,-,-,-,-,-,-,-,26,4,11,29,,,0,0,0,0,0,0,0,0,0,0,0,0,0,0,0,0,0,0.0,0.00,0,-0.0,0.0,0.00,0,0,0.0,0.0,48,0,1,2,2,10,9,76.0,327,291,45,16,2,10,37,32,29,0,72,5,0,2,4,0,0,7,27,39,11,0.84,1337,72,69,2,4,-1.0,0.1,0.5,3.79,48,0,16,9,7,0,0,0,1.89,1.2,1.077,6,4,76.0,0,0,5,4,4,2,1,1,0,0,0,0,-0.9,0.0
CL,Jesse Orosco,Jesse,Orosco,Shibuya Shredders - GH,6' 2',185 lbs,R,L,100,New York Mets,NYM,1983,1980-1992,,85083,Perfect,Happy Birthday Nico - Historical All-Star  CL Jesse Orosco  NYM  1983,0,N,0,7,3,1,3,2,7,3,1,4,2,7,3,1,3,2,22,4,Normal,Normal,Normal,117,84,131,126,126,89,140,146,114,83,128,120,98,-,-,111,-,-,-,-,-,-,-,-,2,FB,90-92,3/4,Normal,61,60,-,-,-,35,72,43,23,5,10,3,98,-,-,-,-,-,-,-,-,98,-,-,-,-,-,-,-,-,8,3,6,13,,,0,0,0,0,0,0,0,0,0,0,0,0,0,0,0,0,0,0.0,0.00,0,-0.0,0.0,0.00,0,0,0.0,0.0,5,0,1,0,0,2,0,11.1,44,41,3,3,0,1,2,2,2,0,8,1,0,0,0,0,0,0,4,3,2,0.83,148,15,10,0,0,0.3,0.1,0.4,3.89,5,0,4,3,1,0,0,0,3.18,-0.0,1.077,0,0,11.1,0,0,2,1,1,1,0,0,0,0,0,0,-0.1,0.0
RP,Trevor Hoffman,Trevor,Hoffman,Alexandria SafeZone,6' 1',200 lbs,R,R,100,San Diego Padres,SDP,1994,1993-2004,ME,83299,Perfect,Live Collection Reward - Hall of Fame  CL Trevor Hoffman  SD  1994,0,N,0,1,3,1,3,2,1,3,1,3,2,1,3,1,3,2,21,32,Normal,Spray,Spray,116,81,118,130,113,77,115,140,118,85,121,122,78,152,93,92,-,-,-,-,-,-,-,-,4,EX FB,90-92,3/4,Normal,12,93,-,-,-,25,20,22,23,3,9,2,52,-,-,-,-,-,-,-,-,52,-,-,-,-,-,-,-,-,7,4,6,9,,,0,0,0,0,0,0,0,0,0,0,0,0,0,0,0,0,0,0.0,0.00,0,-0.0,0.0,0.00,0,0,0.0,0.0,4,0,0,0,0,0,0,4.2,16,14,1,0,0,0,0,0,2,0,4,0,0,0,0,0,0,1,3,1,0,0.29,60,5,4,0,0,0.0,0.1,0.3,3.83,4,0,0,0,0,0,0,0,0.00,0.0,.000,0,0,4.2,0,0,0,0,0,0,0,0,0,0,0,0,0.0,0.0
CL,Zack Britton,Zack,Britton,Dark Web Hackers,6' 3',195 lbs,L,L,102,Baltimore Orioles,BAL,2016,2015+,LE,86426,Perfect,Limited Edition/54  CL Zack Britton  BAL  2016,0,N,0,1,3,1,3,1,1,3,1,3,1,1,3,1,3,1,29,1,Normal,Normal,Normal,142,110,174,179,131,100,155,190,145,114,180,175,-,-,-,127,143,-,-,-,-,-,-,-,2,EX GB,95-97,3/4,GB'er,18,65,-,-,-,35,20,26,23,6,1,9,65,-,-,-,-,-,-,-,-,65,-,-,-,-,-,-,-,-,5,4,6,5,,,0,0,0,0,0,0,0,0,0,0,0,0,0,0,0,0,0,0.0,0.00,0,-0.0,0.0,0.00,0,0,0.0,0.0,65,0,3,1,11,21,9,69.2,295,270,43,12,3,11,36,26,21,1,62,1,1,2,4,1,0,9,26,36,7,1.15,1113,82,53,4,1,1.2,0.1,0.3,3.78,65,0,9,5,4,0,0,0,1.16,-0.4,1.077,5,1,69.2,0,0,7,5,0,0,1,0,0,0,0,0,-1.4,0.0
SP,Harvey Haddix,Harvey,Haddix,Maple Madness,5' 9',170 lbs,L,L,101,Pittsburgh Pirates,PIT,1959,1946-1960,,86623,Perfect,50s Theme Week - Hardware Heroes  SP Harvey Haddix  PIT  1959,0,N,0,14,70,4,37,26,8,55,7,49,18,16,74,3,33,29,39,2,Normal,Normal,Normal,120,144,140,118,128,130,157,140,118,148,134,115,105,90,90,117,-,-,-,-,-,-,-,-,4,EX FB,90-92,3/4,Normal,114,58,-,-,-,84,74,77,74,3,9,10,136,-,-,-,-,-,-,-,-,136,-,-,-,-,-,-,-,-,17,3,6,29,,,0,0,0,0,0,0,0,0,0,0,0,0,0,0,0,0,0,0.0,0.00,0,-0.0,0.0,0.00,0,0,0.0,0.0,49,0,6,3,2,12,4,87.2,363,337,60,17,3,12,41,40,20,0,62,3,0,3,5,0,0,7,21,34,9,0.72,1372,83,103,2,4,0.4,0.1,0.7,4.10,49,0,10,6,4,0,0,0,1.03,1.6,1.077,6,4,87.2,0,0,4,4,1,1,0,0,0,0,0,0,-0.4,0.0
CL,Robb Nen,Robb,Nen,Shibuya Shredders - GH,6' 4',200 lbs,R,R,101,San Francisco Giants,SFG,2000,1993-2004,,83906,Perfect,HOF Week - Snapshot  CL Robb Nen  SF  2000,0,N,0,1,3,1,3,1,1,3,1,3,1,1,3,1,3,1,28,13,Normal,Spray,Spray,148,106,125,138,160,95,97,130,139,117,151,144,75,-,137,94,-,153,-,-,-,-,-,-,4,FB,96-98,OTT,Normal,19,39,-,-,-,25,20,23,23,1,7,7,52,-,-,-,-,-,-,-,-,52,-,-,-,-,-,-,-,-,5,5,6,6,,,0,0,0,0,0,0,0,0,0,0,0,0,0,0,0,0,0,0.0,0.00,0,-0.0,0.0,0.00,0,0,0.0,0.0,52,0,5,3,4,15,13,52.1,228,203,31,8,1,6,23,21,21,0,42,1,1,2,1,0,0,4,26,21,6,1.91,912,56,57,6,0,-1.4,0.1,0.8,4.33,51,0,12,6,5,1,0,0,1.89,-0.8,.898,6,0,52.1,0,0,7,6,1,1,0,0,0,0,0,0,-0.5,0.0
RP,Johnny Vander Meer,Johnny,Vander Meer,Alexandria SafeZone,6' 1',190 lbs,S,L,100,Cincinnati Reds,CIN,1942,1921-1945,,84088,Perfect,Historical All-Star  SP Johnny Vander Meer  CIN  1942,0,N,0,20,58,6,52,19,11,71,3,55,13,23,49,7,51,21,63,27,Normal,Spray,Spray,134,60,114,118,132,50,60,115,135,62,133,119,83,173,114,-,-,-,-,-,-,-,-,-,3,FB,90-92,OTT,Normal,82,118,-,-,-,32,13,24,28,3,1,2,55,-,-,-,-,-,-,-,-,55,-,-,-,-,-,-,-,-,20,4,11,29,,,0,0,0,0,0,0,0,0,0,0,0,0,0,0,0,0,0,0.0,0.00,0,-0.0,0.0,0.00,0,0,0.0,0.0,6,0,2,0,0,1,1,8.2,40,32,5,2,0,0,5,5,7,0,8,0,0,0,1,0,1,1,1,4,0,1.06,162,7,10,0,0,0.3,0.1,-0.0,5.07,6,0,1,0,0,1,0,0,0.00,0.0,.000,0,0,8.2,0,0,0,0,0,0,0,0,0,0,0,0,0.0,0.0
RP,Billy Wagner,Billy,Wagner,Freedom Grabbers - HotL,5' 10',180 lbs,L,L,100,Atlanta Braves,ATL,2010,2005-2014,,85809,Perfect,Family Connections - Historical All-Star  CL Billy Wagner  ATL  2010,0,N,0,1,3,1,3,1,1,3,1,3,1,2,3,1,3,1,29,1,Normal,Normal,Normal,150,80,141,129,153,68,175,150,150,84,130,121,128,105,122,130,-,-,-,-,-,-,-,-,4,FB,95-97,OTT,Normal,14,65,-,-,-,29,20,24,23,3,5,3,57,-,-,-,-,-,-,-,-,57,-,-,-,-,-,-,-,-,10,4,6,15,,,0,0,0,0,0,0,0,0,0,0,0,0,0,0,0,0,0,0.0,0.00,0,-0.0,0.0,0.00,0,0,0.0,0.0,45,0,3,0,3,7,4,42.2,184,165,24,8,3,5,24,22,16,0,36,2,0,1,0,1,0,2,8,32,5,0.70,739,38,50,1,1,0.2,0.1,-0.1,4.10,45,0,5,2,3,0,0,0,1.05,0.9,1.616,2,1,42.2,0,0,2,2,2,2,0,0,0,0,0,0,-0.8,0.0
CL,Bruce Sutter,Bruce,Sutter,Shibuya Shredders - GH,6' 2',190 lbs,R,R,100,Chicago Cubs,CHC,1979,1961-1979,,82699,Perfect,Hardware Heroes  CL Bruce Sutter  CHC  1979,0,N,0,2,3,1,3,1,2,3,1,3,1,2,3,1,3,1,27,56,Normal,Normal,Normal,130,75,99,113,154,84,90,153,110,68,106,101,91,-,-,120,-,82,-,-,-,-,-,-,3,EX GB,90-92,3/4,GB'er,25,113,-,-,-,21,32,25,23,6,1,4,60,-,-,-,-,-,-,-,-,60,-,-,-,-,-,-,-,-,21,4,11,35,,,0,0,0,0,0,0,0,0,0,0,0,0,0,0,0,0,0,0.0,0.00,0,-0.0,0.0,0.00,0,0,0.0,0.0,4,0,0,0,1,2,0,4.1,18,15,3,0,0,0,0,0,3,0,4,0,0,0,0,0,0,1,2,0,0,1.46,82,6,2,0,0,0.2,0.1,0.3,4.88,4,0,2,0,2,0,0,0,4.15,0.0,.000,0,0,4.1,0,0,0,0,0,0,0,0,0,0,0,0,-0.1,0.0
CL,Aroldis Chapman,Aroldis,Chapman,Maple Madness,6' 4',235 lbs,L,L,101,Chicago Cubs,CHC,2016,2015+,CS,86413,Perfect,Clubhouse - Baseball Reference 6  CL Aroldis Chapman  CHC  2016,0,N,0,1,3,1,3,1,1,3,1,3,1,1,3,1,3,1,22,1,Normal,Normal,Normal,180,87,134,153,166,50,151,171,184,97,128,147,145,-,-,147,-,116,-,-,-,-,-,-,3,NEU,100+,OTT,Normal,17,49,-,-,-,29,20,24,23,10,4,7,57,-,-,-,-,-,-,-,-,57,-,-,-,-,-,-,-,-,16,4,6,28,,,0,0,0,0,0,0,0,0,0,0,0,0,0,0,0,0,0,0.0,0.00,0,-0.0,0.0,0.00,0,0,0.0,0.0,43,0,5,0,2,8,9,51.0,214,188,33,9,0,5,21,20,19,0,36,3,1,3,2,0,0,6,18,27,8,1.06,845,73,35,4,3,-0.1,0.0,0.7,4.62,43,0,12,3,8,1,0,0,1.94,0.2,.539,7,3,51.0,0,0,2,2,1,0,0,0,0,0,0,0,-0.4,0.0
CL,Tom Henke,Tom,Henke,New Platson Grand Petites HotL,6' 5',215 lbs,R,R,100,Toronto Blue Jays,TOR,1987,1980-1992,,85918,Perfect,Blue Jays 50th Anniversary  CL Tom Henke  TOR  1987,0,N,0,1,3,1,3,1,1,3,1,3,1,1,3,1,3,1,29,1,Normal,Spray,Spray,150,125,128,100,137,122,142,111,160,128,116,83,122,-,-,100,-,-,-,129,-,-,-,-,3,EX FB,92-94,3/4,Normal,25,57,-,-,-,35,20,26,23,3,9,2,64,-,-,-,-,-,-,-,-,64,-,-,-,-,-,-,-,-,5,4,6,5,,,0,0,0,0,0,0,0,0,0,0,0,0,0,0,0,0,0,0.0,0.00,0,-0.0,0.0,0.00,0,0,0.0,0.0,69,0,4,1,7,19,12,78.2,334,300,49,16,1,9,31,30,27,1,55,5,0,2,1,0,0,5,23,35,11,1.15,1232,80,88,5,3,0.4,0.0,1.4,4.49,69,0,6,3,2,1,0,0,0.57,0.2,1.077,8,3,78.2,0,0,1,1,3,1,0,0,0,0,0,0,-1.1,0.0
C,Ethan Salas,Ethan,Salas,Mount Pleasant Mounties,6' 0',185 lbs,L,R,101,San Diego Padres,SDP,2026,2026,,84781,Perfect,Young & Old 2 - Future Legend  C Ethan Salas  SD  2026,0,N,0,121,106,88,118,135,113,79,75,112,119,124,119,92,120,141,47,30,Normal,Normal,Normal,1,2,78,1,1,2,77,1,1,3,80,1,16,-,-,-,-,-,-,-,-,-,-,-,1,EX FB,75-80,3/4,Normal,4,-,101,109,110,19,30,36,9,9,27,26,-,120,-,-,-,-,-,-,-,56,120,36,-,-,-,-,-,-,67,64,86,71,93,91,353,305,57,34,17,1,5,43,32,34,0,3,3,8,0,69,7,26.5,-1.85,22,-19.4,0.4,4.05,5,1,0.5,0.6,1,0,0,0,0,0,0,0.2,2,2,0,0,0,0,0,0,0,0,1,0,0,0,0,0,0,0,1,0,0,0.05,6,0,1,0,0,0.0,0.0,0.0,-3.70,93,91,752,39,709,4,9,0,8.31,-1.7,.868,63,14,810.0,5,366,26,21,7,7,0,0,0,0,0,0,6.8,0.0
RP,Dellin Betances,Dellin,Betances,Mount Pleasant Mounties,6' 8',260 lbs,R,R,100,New York Yankees,NYY,2014,2005-2014,ME,83904,Perfect,Live Collection Reward - Historical All-Star  RP Dellin Betances  NYY  2014,0,N,0,1,3,1,3,1,1,3,1,3,1,1,3,1,3,1,26,26,Normal,Normal,Normal,140,86,121,111,140,105,116,140,140,71,126,87,100,-,166,107,-,-,-,-,-,-,-,-,3,NEU,98-100,3/4,Normal,25,33,-,-,-,27,20,23,23,10,10,7,55,-,-,-,-,-,-,-,-,55,-,-,-,-,-,-,-,-,5,5,6,5,,,0,0,0,0,0,0,0,0,0,0,0,0,0,0,0,0,0,0.0,0.00,0,-0.0,0.0,0.00,0,0,0.0,0.0,57,0,1,3,8,17,7,67.0,287,252,33,14,2,9,22,22,31,0,65,0,1,3,3,1,0,3,20,39,12,0.90,1184,53,78,5,1,0.6,0.0,1.5,3.89,57,0,9,5,2,2,0,0,0.94,-1.2,.862,6,1,67.0,0,0,10,6,1,0,0,0,0,0,0,0,-0.4,0.0
SP,Ron Guidry,Ron,Guidry,Englewood Pirates,5' 11',160 lbs,L,L,100,New York Yankees,NYY,1977,1961-1979,,83307,Perfect,Rookie Sensation  SP Ron Guidry  NYY  1977,0,N,0,1,2,1,2,1,1,2,1,2,1,1,3,1,3,1,27,20,Normal,Normal,Normal,115,87,86,112,121,97,91,115,113,84,85,110,75,155,-,99,-,-,-,-,-,-,-,-,3,FB,90-92,OTT,Normal,88,95,-,-,-,35,60,39,23,3,6,1,92,-,-,-,-,-,-,-,-,92,-,-,-,-,-,-,-,-,5,4,6,5,,,0,0,0,0,0,0,0,0,0,0,0,0,0,0,0,0,0,0.0,0.00,0,-0.0,0.0,0.00,0,0,0.0,0.0,33,33,9,14,0,0,0,196.0,867,747,124,36,5,29,112,107,102,0,148,10,3,5,6,2,0,20,0,0,0,1.00,3386,191,214,3,8,-1.2,0.0,1.5,4.83,33,33,28,14,14,0,0,0,1.29,3.6,1.167,11,8,196.0,0,0,10,9,5,4,1,1,0,0,0,0,-1.8,0.0
SP,Johan Santana,Johan,Santana,Maple Madness,6' 0',210 lbs,L,L,101,Minnesota Twins,MIN,2006,2005-2014,CS,86278,Perfect,Clubhouse - Historical All-Star  SP Johan Santana  MIN  2006,0,N,0,1,2,1,2,1,1,1,1,1,1,1,3,1,3,1,25,1,Normal,Spray,Spray,141,120,124,119,124,110,108,115,147,124,130,121,121,-,-,117,-,-,-,-,158,-,-,-,3,FB,93-95,3/4,Normal,96,66,-,-,-,35,18,25,23,4,1,5,62,-,-,-,-,-,-,-,-,62,-,-,-,-,-,-,-,-,5,3,6,6,,,0,0,0,0,0,0,0,0,0,0,0,0,0,0,0,0,0,0.0,0.00,0,-0.0,0.0,0.00,0,0,0.0,0.0,5,0,1,1,0,0,1,8.0,32,30,3,3,0,1,5,4,2,0,5,0,0,0,0,0,0,1,3,2,1,0.74,125,8,9,1,0,-0.5,0.0,-0.1,4.40,5,0,3,1,0,2,0,0,1.12,-0.5,.539,1,0,8.0,0,0,1,1,1,0,0,0,0,0,0,0,0.0,0.0
CL,Billy Wagner,Billy,Wagner,Washington Border Collies,5' 10',180 lbs,L,L,100,Atlanta Braves,ATL,2010,2005-2014,,85809,Perfect,Family Connections - Historical All-Star  CL Billy Wagner  ATL  2010,0,N,0,1,3,1,3,1,1,3,1,3,1,2,3,1,3,1,29,1,Normal,Normal,Normal,150,80,141,129,153,68,175,150,150,84,130,121,128,105,122,130,-,-,-,-,-,-,-,-,4,FB,95-97,OTT,Normal,14,65,-,-,-,29,20,24,23,3,5,3,57,-,-,-,-,-,-,-,-,57,-,-,-,-,-,-,-,-,10,4,6,15,,,0,0,0,0,0,0,0,0,0,0,0,0,0,0,0,0,0,0.0,0.00,0,-0.0,0.0,0.00,0,0,0.0,0.0,62,0,4,2,9,16,11,61.2,261,228,34,8,0,8,20,20,28,1,52,2,1,2,4,0,0,6,18,39,10,1.16,1075,51,75,4,0,1.2,0.0,1.6,4.27,60,0,8,5,2,1,0,0,1.02,-0.8,.862,4,0,61.2,0,0,3,2,3,2,0,0,0,0,0,0,-0.9,0.0
RF,Mel Ott,Mel,Ott,Barnstable Beasts,5' 9',170 lbs,L,R,101,New York Giants,SFG,1934,1921-1945,ME,86272,Perfect,All-Star Week Mission Reward  RF Mel Ott  NY1  1934,0,N,0,133,90,164,138,126,148,81,172,140,102,128,94,161,137,135,6,1,Normal,Normal,Normal,1,1,1,1,1,1,1,1,1,1,1,1,16,-,-,-,-,-,-,-,-,-,-,-,1,NEU,90-92,3/4,Normal,1,6,-,-,-,5,2,7,6,76,74,84,-,-,-,-,-,-,-,70,91,1,-,-,-,-,-,-,70,91,38,11,6,31,129,88,415,364,83,61,9,3,10,43,48,43,1,2,0,5,1,70,16,38.4,-0.50,39,-9.3,-0.0,4.08,0,0,0.0,-1.0,1,0,0,0,0,0,0,0.1,1,1,0,0,0,0,0,0,0,0,0,0,0,0,0,0,0,0,1,1,0,0.10,3,1,0,0,0,-0.0,0.0,0.0,10.95,93,82,158,4,151,3,0,0,2.03,-1.2,.991,0,0,688.1,0,0,125,119,34,23,17,5,12,2,23,2,0.0,0.5
RP,Jesse Orosco,Jesse,Orosco,Shakedown 1977 Microbus TTC - GH,6' 2',185 lbs,R,L,100,New York Mets,NYM,1983,1980-1992,,85083,Perfect,Happy Birthday Nico - Historical All-Star  CL Jesse Orosco  NYM  1983,0,N,0,7,3,1,3,2,7,3,1,4,2,7,3,1,3,2,22,4,Normal,Normal,Normal,117,84,131,126,126,89,140,146,114,83,128,120,98,-,-,111,-,-,-,-,-,-,-,-,2,FB,90-92,3/4,Normal,61,60,-,-,-,35,72,43,23,5,10,3,98,-,-,-,-,-,-,-,-,98,-,-,-,-,-,-,-,-,8,3,6,13,,,0,0,0,0,0,0,0,0,0,0,0,0,0,0,0,0,0,0.0,0.00,0,-0.0,0.0,0.00,0,0,0.0,0.0,14,0,1,0,5,6,1,15.2,71,67,10,6,1,3,16,16,3,0,14,0,1,0,0,0,0,1,4,2,0,0.92,264,16,17,1,0,0.4,0.0,-0.7,3.58,14,0,1,1,0,0,0,0,0.57,-0.0,1.077,1,0,15.2,0,0,0,0,1,1,0,0,0,0,0,0,-0.1,0.0
RF,Hank Aaron,Hank,Aaron,Sharpstown Bill Collectors,6' 0',180 lbs,R,R,102,Milwaukee Braves,ATL,1959,1946-1960,CS,86655,Perfect,Clubhouse - Super Utility  RF Hank Aaron  ML1  1959,0,N,0,136,123,181,97,134,111,89,210,111,168,145,137,172,94,123,4,16,Normal,Pull,Pull,1,1,1,7,1,1,1,7,1,1,1,7,16,-,-,-,-,-,-,-,-,-,-,-,1,GB,90-92,OTT,GB'er,1,19,-,-,-,56,52,70,39,63,92,98,-,-,75,47,51,-,85,57,87,105,-,75,47,51,-,85,57,87,69,48,109,117,109,94,430,385,97,56,15,2,24,57,64,40,0,2,0,3,0,82,11,61.1,0.96,61,10.1,1.9,4.08,12,1,2.1,1.3,0,0,0,0,0,0,0,0.0,0,0,0,0,0,0,0,0,0,0,0,0,0,0,0,0,0,0,0,0,0,0.00,0,0,0,0,0,0.0,0.0,0.0,0.00,103,94,201,6,193,2,2,0,2.22,-4.2,.982,0,0,807.2,0,0,140,135,29,15,21,5,22,3,33,0,0.0,-0.6
RF,Hank Aaron,Hank,Aaron,New Platson Grand Petites HotL,6' 0',180 lbs,R,R,102,Milwaukee Braves,ATL,1959,1946-1960,CS,86655,Perfect,Clubhouse - Super Utility  RF Hank Aaron  ML1  1959,0,N,0,136,123,181,97,134,111,89,210,111,168,145,137,172,94,123,4,16,Normal,Pull,Pull,1,1,1,7,1,1,1,7,1,1,1,7,16,-,-,-,-,-,-,-,-,-,-,-,1,GB,90-92,OTT,GB'er,1,19,-,-,-,56,52,70,39,63,92,98,-,-,75,47,51,-,85,57,87,105,-,75,47,51,-,85,57,87,69,48,109,117,150,150,659,607,152,89,33,2,28,96,91,46,0,4,0,2,0,121,16,81.2,-1.48,82,3.9,2.1,3.96,7,2,0.3,4.1,0,0,0,0,0,0,0,0.0,0,0,0,0,0,0,0,0,0,0,0,0,0,0,0,0,0,0,0,0,0,0.00,0,0,0,0,0,0.0,0.0,0.0,0.00,151,150,1279,94,1179,6,95,0,8.78,1.9,.992,0,0,1305.0,0,0,276,269,33,26,10,6,14,4,16,0,0.0,0.5
RF,Hank Aaron,Hank,Aaron,Waltham River Otters,6' 0',180 lbs,R,R,102,Milwaukee Braves,ATL,1959,1946-1960,CS,86655,Perfect,Clubhouse - Super Utility  RF Hank Aaron  ML1  1959,0,N,0,136,123,181,97,134,111,89,210,111,168,145,137,172,94,123,4,16,Normal,Pull,Pull,1,1,1,7,1,1,1,7,1,1,1,7,16,-,-,-,-,-,-,-,-,-,-,-,1,GB,90-92,OTT,GB'er,1,19,-,-,-,56,52,70,39,63,92,98,-,-,75,47,51,-,85,57,87,105,-,75,47,51,-,85,57,87,69,48,109,117,142,136,604,565,157,98,33,3,23,91,78,29,2,5,0,5,0,114,12,80.8,3.11,79,7.6,1.2,3.80,18,8,-0.1,5.2,0,0,0,0,0,0,0,0.0,0,0,0,0,0,0,0,0,0,0,0,0,0,0,0,0,0,0,0,0,0,0.00,0,0,0,0,0,0.0,0.0,0.0,0.00,141,127,263,10,249,4,2,0,2.05,-10.0,.953,0,0,1134.1,0,0,213,205,53,25,43,13,25,3,51,1,0.0,-0.7
RF,Hank Aaron,Hank,Aaron,Englewood Pirates,6' 0',180 lbs,R,R,102,Milwaukee Braves,ATL,1959,1946-1960,CS,86655,Perfect,Clubhouse - Super Utility  RF Hank Aaron  ML1  1959,0,N,0,136,123,181,97,134,111,89,210,111,168,145,137,172,94,123,4,16,Normal,Pull,Pull,1,1,1,7,1,1,1,7,1,1,1,7,16,-,-,-,-,-,-,-,-,-,-,-,1,GB,90-92,OTT,GB'er,1,19,-,-,-,56,52,70,39,63,92,98,-,-,75,47,51,-,85,57,87,105,-,75,47,51,-,85,57,87,69,48,109,117,154,146,626,573,153,92,30,4,27,100,72,41,0,4,0,8,0,116,12,86.1,1.99,83,9.7,2.0,3.99,13,3,1.3,1.1,0,0,0,0,0,0,0,0.0,0,0,0,0,0,0,0,0,0,0,0,0,0,0,0,0,0,0,0,0,0,0.00,0,0,0,0,0,0.0,0.0,0.0,0.00,96,71,214,16,193,5,8,0,3.03,-3.6,.967,0,0,620.2,0,0,121,115,30,19,20,8,18,0,33,1,0.0,1.8
LF,Hank Aaron,Hank,Aaron,Alexandria SafeZone,6' 0',180 lbs,R,R,102,Milwaukee Braves,ATL,1959,1946-1960,CS,86655,Perfect,Clubhouse - Super Utility  RF Hank Aaron  ML1  1959,0,N,0,136,123,181,97,134,111,89,210,111,168,145,137,172,94,123,4,16,Normal,Pull,Pull,1,1,1,7,1,1,1,7,1,1,1,7,16,-,-,-,-,-,-,-,-,-,-,-,1,GB,90-92,OTT,GB'er,1,19,-,-,-,56,52,70,39,63,92,98,-,-,75,47,51,-,85,57,87,105,-,75,47,51,-,85,57,87,69,48,109,117,147,146,628,578,157,98,35,3,21,87,77,37,0,7,0,5,1,122,15,82.1,1.75,81,7.0,1.8,3.94,6,1,0.5,1.1,0,0,0,0,0,0,0,0.0,0,0,0,0,0,0,0,0,0,0,0,0,0,0,0,0,0,0,0,0,0,0.00,0,0,0,0,0,0.0,0.0,0.0,0.00,152,146,369,20,339,10,5,0,2.63,-4.7,.974,0,0,1228.0,0,0,228,224,55,34,45,15,32,2,44,0,0.0,-0.1
RF,Hank Aaron,Hank,Aaron,Laffy Comedians - CG,6' 0',180 lbs,R,R,102,Milwaukee Braves,ATL,1959,1946-1960,CS,86655,Perfect,Clubhouse - Super Utility  RF Hank Aaron  ML1  1959,0,N,0,136,123,181,97,134,111,89,210,111,168,145,137,172,94,123,4,16,Normal,Pull,Pull,1,1,1,7,1,1,1,7,1,1,1,7,16,-,-,-,-,-,-,-,-,-,-,-,1,GB,90-92,OTT,GB'er,1,19,-,-,-,56,52,70,39,63,92,98,-,-,75,47,51,-,85,57,87,105,-,75,47,51,-,85,57,87,69,48,109,117,148,146,643,585,151,101,34,0,16,75,83,48,1,4,0,6,0,121,9,75.4,2.25,72,-4.1,0.8,3.95,14,5,0.4,5.7,0,0,0,0,0,0,0,0.0,0,0,0,0,0,0,0,0,0,0,0,0,0,0,0,0,0,0,0,0,0,0.00,0,0,0,0,0,0.0,0.0,0.0,0.00,130,125,595,31,557,7,33,0,4.72,-6.4,.957,0,0,1122.1,0,0,219,207,32,25,27,9,17,0,24,0,0.0,-0.4
RF,Hank Aaron,Hank,Aaron,Tampa Bay Yankees 22,6' 0',180 lbs,R,R,102,Milwaukee Braves,ATL,1959,1946-1960,CS,86655,Perfect,Clubhouse - Super Utility  RF Hank Aaron  ML1  1959,0,N,0,136,123,181,97,134,111,89,210,111,168,145,137,172,94,123,4,16,Normal,Pull,Pull,1,1,1,7,1,1,1,7,1,1,1,7,16,-,-,-,-,-,-,-,-,-,-,-,1,GB,90-92,OTT,GB'er,1,19,-,-,-,56,52,70,39,63,92,98,-,-,75,47,51,-,85,57,87,105,-,75,47,51,-,85,57,87,69,48,109,117,144,144,655,601,144,97,15,2,30,93,90,41,0,3,0,10,0,115,16,71.4,0.17,69,-7.9,1.6,3.90,14,3,1.5,4.1,0,0,0,0,0,0,0,0.0,0,0,0,0,0,0,0,0,0,0,0,0,0,0,0,0,0,0,0,0,0,0.00,0,0,0,0,0,0.0,0.0,0.0,0.00,145,140,335,27,307,1,7,0,2.41,0.8,.985,0,0,1248.0,0,0,223,220,41,26,38,16,34,8,47,2,0.0,2.5
1B,Hank Aaron,Hank,Aaron,Madison Mashers - CG,6' 0',180 lbs,R,R,102,Milwaukee Braves,ATL,1959,1946-1960,CS,86655,Perfect,Clubhouse - Super Utility  RF Hank Aaron  ML1  1959,0,N,0,136,123,181,97,134,111,89,210,111,168,145,137,172,94,123,4,16,Normal,Pull,Pull,1,1,1,7,1,1,1,7,1,1,1,7,16,-,-,-,-,-,-,-,-,-,-,-,1,GB,90-92,OTT,GB'er,1,19,-,-,-,56,52,70,39,63,92,98,-,-,75,47,51,-,85,57,87,105,-,75,47,51,-,85,57,87,69,48,109,117,149,149,681,624,158,95,36,3,24,88,83,50,4,1,0,6,0,132,11,81.6,1.69,79,-1.5,0.3,3.90,13,9,-1.8,-0.3,0,0,0,0,0,0,0,0.0,0,0,0,0,0,0,0,0,0,0,0,0,0,0,0,0,0,0,0,0,0,0.00,0,0,0,0,0,0.0,0.0,0.0,0.00,149,149,1456,125,1316,15,112,0,9.73,-4.5,.965,0,0,1333.1,0,0,304,285,42,35,15,8,9,2,17,0,0.0,0.0
RF,Hank Aaron,Hank,Aaron,Canterbury Tails,6' 0',180 lbs,R,R,102,Milwaukee Braves,ATL,1959,1946-1960,CS,86655,Perfect,Clubhouse - Super Utility  RF Hank Aaron  ML1  1959,0,N,0,136,123,181,97,134,111,89,210,111,168,145,137,172,94,123,4,16,Normal,Pull,Pull,1,1,1,7,1,1,1,7,1,1,1,7,16,-,-,-,-,-,-,-,-,-,-,-,1,GB,90-92,OTT,GB'er,1,19,-,-,-,56,52,70,39,63,92,98,-,-,75,47,51,-,85,57,87,105,-,75,47,51,-,85,57,87,69,48,109,117,153,149,654,598,163,96,29,2,36,119,94,53,0,2,0,0,1,123,16,99.5,3.43,99,22.4,3.8,3.90,19,4,2.2,5.8,0,0,0,0,0,0,0,0.0,0,0,0,0,0,0,0,0,0,0,0,0,0,0,0,0,0,0,0,0,0,0.00,0,0,0,0,0,0.0,0.0,0.0,0.00,165,148,1378,101,1270,7,114,0,9.37,-3.4,.980,0,0,1317.0,0,0,255,242,31,24,9,2,6,1,11,0,0.0,0.0
RF,Hank Aaron,Hank,Aaron,Phoenix Mango Slush - HOTL,6' 0',180 lbs,R,R,102,Milwaukee Braves,ATL,1959,1946-1960,CS,86655,Perfect,Clubhouse - Super Utility  RF Hank Aaron  ML1  1959,0,N,0,136,123,181,97,134,111,89,210,111,168,145,137,172,94,123,4,16,Normal,Pull,Pull,1,1,1,7,1,1,1,7,1,1,1,7,16,-,-,-,-,-,-,-,-,-,-,-,1,GB,90-92,OTT,GB'er,1,19,-,-,-,56,52,70,39,63,92,98,-,-,75,47,51,-,85,57,87,105,-,75,47,51,-,85,57,87,69,48,109,117,130,113,514,464,132,83,28,3,18,60,61,41,0,4,0,5,0,87,10,76.5,0.37,75,14.3,2.4,3.82,19,6,1.2,2.3,0,0,0,0,0,0,0,0.0,0,0,0,0,0,0,0,0,0,0,0,0,0,0,0,0,0,0,0,0,0,0.00,0,0,0,0,0,0.0,0.0,0.0,0.00,99,87,223,5,216,2,6,0,2.62,-4.7,.950,0,0,758.0,0,0,152,148,35,17,26,12,15,2,45,1,0.0,0.2
1B,Hank Aaron,Hank,Aaron,Grover Beach Grouches,6' 0',180 lbs,R,R,102,Milwaukee Braves,ATL,1959,1946-1960,CS,86655,Perfect,Clubhouse - Super Utility  RF Hank Aaron  ML1  1959,358 461,N,0,136,123,181,97,134,111,89,210,111,168,145,137,172,94,123,4,16,Normal,Pull,Pull,1,1,1,7,1,1,1,7,1,1,1,7,16,-,-,-,-,-,-,-,-,-,-,-,1,GB,90-92,OTT,GB'er,1,19,-,-,-,56,52,70,39,63,92,98,-,-,75,47,51,-,85,57,87,105,-,75,47,51,-,85,57,87,69,48,109,117,152,149,677,613,180,103,40,3,34,107,101,46,0,9,1,8,0,105,17,111.1,1.30,111,30.9,4.4,3.89,15,6,0.1,4.4,0,0,0,0,0,0,0,0.0,0,0,0,0,0,0,0,0,0,0,0,0,0,0,0,0,0,0,0,0,0,0.00,0,0,0,0,0,0.0,0.0,0.0,0.00,160,149,1384,90,1284,10,122,0,9.34,-3.4,.978,0,0,1323.2,0,0,254,239,31,26,15,5,1,0,15,0,0.0,0.0
RF,Hank Aaron,Hank,Aaron,Maple Madness,6' 0',180 lbs,R,R,102,Milwaukee Braves,ATL,1959,1946-1960,CS,86655,Perfect,Clubhouse - Super Utility  RF Hank Aaron  ML1  1959,0,N,0,136,123,181,97,134,111,89,210,111,168,145,137,172,94,123,4,16,Normal,Pull,Pull,1,1,1,7,1,1,1,7,1,1,1,7,16,-,-,-,-,-,-,-,-,-,-,-,1,GB,90-92,OTT,GB'er,1,19,-,-,-,56,52,70,39,63,92,98,-,-,75,47,51,-,85,57,87,105,-,75,47,51,-,85,57,87,69,48,109,117,131,125,569,517,144,89,28,0,27,91,84,42,0,5,1,3,1,90,12,84.4,2.29,83,16.4,2.8,3.90,22,7,1.4,4.5,0,0,0,0,0,0,0,0.0,0,0,0,0,0,0,0,0,0,0,0,0,0,0,0,0,0,0,0,0,0,0.00,0,0,0,0,0,0.0,0.0,0.0,0.00,146,125,1147,97,1045,5,87,0,9.22,-4.0,.983,0,0,1115.1,0,0,205,192,37,27,10,3,9,1,9,0,0.0,0.0
RF,Hank Aaron,Hank,Aaron,Tulsa Doom,6' 0',180 lbs,R,R,102,Milwaukee Braves,ATL,1959,1946-1960,CS,86655,Perfect,Clubhouse - Super Utility  RF Hank Aaron  ML1  1959,0,N,0,136,123,181,97,134,111,89,210,111,168,145,137,172,94,123,4,16,Normal,Pull,Pull,1,1,1,7,1,1,1,7,1,1,1,7,16,-,-,-,-,-,-,-,-,-,-,-,1,GB,90-92,OTT,GB'er,1,19,-,-,-,56,52,70,39,63,92,98,-,-,75,47,51,-,85,57,87,105,-,75,47,51,-,85,57,87,69,48,109,117,157,152,639,577,146,88,29,1,28,96,82,46,1,6,0,10,0,115,18,78.7,-0.15,79,3.6,1.0,3.87,9,3,0.3,2.5,0,0,0,0,0,0,0,0.0,0,0,0,0,0,0,0,0,0,0,0,0,0,0,0,0,0,0,0,0,0,0.00,0,0,0,0,0,0.0,0.0,0.0,0.00,86,75,208,12,193,3,7,0,2.77,-4.0,.950,0,0,665.1,0,0,145,139,30,20,18,6,19,4,25,0,0.0,-1.7
RF,Hank Aaron,Hank,Aaron,Rockford Peaches,6' 0',180 lbs,R,R,102,Milwaukee Braves,ATL,1959,1946-1960,CS,86655,Perfect,Clubhouse - Super Utility  RF Hank Aaron  ML1  1959,0,N,0,136,123,181,97,134,111,89,210,111,168,145,137,172,94,123,4,16,Normal,Pull,Pull,1,1,1,7,1,1,1,7,1,1,1,7,16,-,-,-,-,-,-,-,-,-,-,-,1,GB,90-92,OTT,GB'er,1,19,-,-,-,56,52,70,39,63,92,98,-,-,75,47,51,-,85,57,87,105,-,75,47,51,-,85,57,87,69,48,109,117,158,158,692,617,178,114,36,1,27,105,96,66,0,5,0,4,0,124,16,108.1,1.86,107,25.7,3.8,3.97,15,3,1.6,2.7,0,0,0,0,0,0,0,0.0,0,0,0,0,0,0,0,0,0,0,0,0,0,0,0,0,0,0,0,0,0,0.00,0,0,0,0,0,0.0,0.0,0.0,0.00,0,0,0,0,0,0,0,0,0.00,0.0,.000,0,0,0.0,0,0,0,0,0,0,0,0,0,0,0,0,0.0,0.0
LF,Hank Aaron,Hank,Aaron,Peninsula Whips,6' 0',180 lbs,R,R,102,Milwaukee Braves,ATL,1959,1946-1960,CS,86655,Perfect,Clubhouse - Super Utility  RF Hank Aaron  ML1  1959,0,N,0,136,123,181,97,134,111,89,210,111,168,145,137,172,94,123,4,16,Normal,Pull,Pull,1,1,1,7,1,1,1,7,1,1,1,7,16,-,-,-,-,-,-,-,-,-,-,-,1,GB,90-92,OTT,GB'er,1,19,-,-,-,56,52,70,39,63,92,98,-,-,75,47,51,-,85,57,87,105,-,75,47,51,-,85,57,87,69,48,109,117,144,144,629,584,172,108,27,4,33,115,88,39,2,2,0,4,0,122,16,98.9,4.42,98,24.0,3.0,3.77,11,5,-0.3,2.4,0,0,0,0,0,0,0,0.0,0,0,0,0,0,0,0,0,0,0,0,0,0,0,0,0,0,0,0,0,0,0.00,0,0,0,0,0,0.0,0.0,0.0,0.00,123,121,244,7,234,3,0,0,2.01,-7.1,.955,0,0,1078.0,0,0,200,193,46,30,35,10,37,1,43,2,0.0,-0.8
1B,Hank Aaron,Hank,Aaron,Webster Groves Supercells,6' 0',180 lbs,R,R,102,Milwaukee Braves,ATL,1959,1946-1960,CS,86655,Perfect,Clubhouse - Super Utility  RF Hank Aaron  ML1  1959,0,N,0,136,123,181,97,134,111,89,210,111,168,145,137,172,94,123,4,16,Normal,Pull,Pull,1,1,1,7,1,1,1,7,1,1,1,7,16,-,-,-,-,-,-,-,-,-,-,-,1,GB,90-92,OTT,GB'er,1,19,-,-,-,56,52,70,39,63,92,98,-,-,75,47,51,-,85,57,87,105,-,75,47,51,-,85,57,87,69,48,109,117,150,150,681,624,174,115,33,3,23,101,93,52,0,3,0,2,0,121,16,91.8,2.23,93,12.9,2.7,3.90,6,5,-1.6,5.4,0,0,0,0,0,0,0,0.0,0,0,0,0,0,0,0,0,0,0,0,0,0,0,0,0,0,0,0,0,0,0.00,0,0,0,0,0,0.0,0.0,0.0,0.00,164,150,1376,101,1269,6,106,0,9.17,0.8,1.007,0,0,1344.1,0,0,272,261,20,17,10,5,5,1,7,0,0.0,0.2
1B,Hank Aaron,Hank,Aaron,New Haven Corsairs,6' 0',180 lbs,R,R,102,Milwaukee Braves,ATL,1959,1946-1960,CS,86655,Perfect,Clubhouse - Super Utility  RF Hank Aaron  ML1  1959,0,N,0,136,123,181,97,134,111,89,210,111,168,145,137,172,94,123,4,16,Normal,Pull,Pull,1,1,1,7,1,1,1,7,1,1,1,7,16,-,-,-,-,-,-,-,-,-,-,-,1,GB,90-92,OTT,GB'er,1,19,-,-,-,56,52,70,39,63,92,98,-,-,75,47,51,-,85,57,87,105,-,75,47,51,-,85,57,87,69,48,109,117,152,148,659,591,147,86,30,2,29,105,84,48,1,14,0,6,0,125,13,84.5,2.10,85,6.9,1.7,3.96,15,7,-0.3,1.9,0,0,0,0,0,0,0,0.0,0,0,0,0,0,0,0,0,0,0,0,0,0,0,0,0,0,0,0,0,0,0.00,0,0,0,0,0,0.0,0.0,0.0,0.00,153,148,1373,106,1259,8,114,0,9.56,-2.3,.987,0,0,1285.2,0,0,254,243,30,23,10,2,9,1,11,1,0.0,0.0
1B,Hank Aaron,Hank,Aaron,Madison Moundsmen - CG,6' 0',180 lbs,R,R,102,Milwaukee Braves,ATL,1959,1946-1960,CS,86655,Perfect,Clubhouse - Super Utility  RF Hank Aaron  ML1  1959,0,N,0,136,123,181,97,134,111,89,210,111,168,145,137,172,94,123,4,16,Normal,Pull,Pull,1,1,1,7,1,1,1,7,1,1,1,7,16,-,-,-,-,-,-,-,-,-,-,-,1,GB,90-92,OTT,GB'er,1,19,-,-,-,56,52,70,39,63,92,98,-,-,75,47,51,-,85,57,87,105,-,75,47,51,-,85,57,87,69,48,109,117,154,154,697,645,186,121,38,3,24,104,82,43,0,4,0,5,0,136,11,101.5,2.78,98,15.4,2.3,3.82,12,3,0.9,-1.8,0,0,0,0,0,0,0,0.0,0,0,0,0,0,0,0,0,0,0,0,0,0,0,0,0,0,0,0,0,0,0.00,0,0,0,0,0,0.0,0.0,0.0,0.00,69,67,660,31,628,1,57,0,9.81,-0.3,1.000,0,0,604.2,0,0,120,114,7,7,9,5,7,0,6,0,0.0,-0.0
C,Sandy Alomar Jr.,Sandy,Alomar Jr.,Shakedown 1977 Microbus TTC - GH,6' 5',215 lbs,R,R,91,Cleveland Guardians,CLE,1997,1993-2004,LE,85205,Diamond,Limited Edition/58  C Sandy Alomar Jr.  CLE  1997,0,N,0,126,130,108,34,138,136,114,100,37,155,123,136,111,34,132,58,5,Groundball,Normal,Normal,1,1,1,4,1,1,1,4,1,1,1,4,16,-,-,-,-,-,-,-,-,-,-,-,1,NEU,89-91,3/4,Normal,1,21,59,69,61,5,7,8,9,3,9,4,-,60,-,-,-,-,-,-,-,10,60,-,-,-,-,-,-,-,35,20,6,54,71,70,281,275,72,41,21,0,10,41,27,3,0,1,1,1,0,63,7,30.7,-0.49,30,-3.3,0.2,3.63,0,0,0.0,-2.3,0,0,0,0,0,0,0,0.0,0,0,0,0,0,0,0,0,0,0,0,0,0,0,0,0,0,0,0,0,0,0.00,0,0,0,0,0,0.0,0.0,0.0,0.00,68,68,558,31,523,4,4,0,8.34,-2.3,1.042,59,13,597.2,7,306,35,31,2,0,2,1,0,0,0,0,-3.5,0.0
1B,Felipe Alou,Felipe,Alou,-,6' 0',195 lbs,R,R,92,Atlanta Braves,ATL,1966,1961-1979,,85815,Diamond,Family Connections - Historical All-Star  1B Felipe Alou  ATL  1966,0,Y,5,114,118,126,40,153,114,115,117,67,164,114,119,130,29,150,49,36,Normal,Normal,Normal,1,1,1,9,1,1,1,9,1,1,1,9,16,-,-,-,-,-,-,-,-,-,-,-,1,GB,90-92,3/4,GB'er,1,3,-,-,-,54,35,71,81,92,77,110,-,-,75,-,-,-,125,105,128,105,-,75,-,-,-,125,105,128,66,41,38,105,28,27,109,105,26,15,9,0,2,20,14,3,0,1,0,0,0,26,4,9.6,0.02,10,-2.8,-0.1,3.71,0,1,-0.6,1.0,0,0,0,0,0,0,0,0.0,0,0,0,0,0,0,0,0,0,0,0,0,0,0,0,0,0,0,0,0,0,0.00,0,0,0,0,0,0.0,0.0,0.0,0.00,28,27,44,0,44,0,0,0,1.73,0.3,.998,0,0,229.0,0,0,34,34,9,6,8,3,5,0,7,1,0.0,-1.0
2B,Jose Altuve,Jose,Altuve,Houston Swangas,5' 6',165 lbs,R,R,100,Houston Astros,HOU,2017,2015+,BBR,85951,Perfect,July Jewels - Baseball Reference 4  2B Jose Altuve  HOU  2017,0,Y,5,157,121,124,94,154,165,96,142,107,152,155,132,119,91,155,77,98,Groundball,Ex. Pull,Pull,1,1,1,1,1,1,1,1,1,1,1,1,16,-,-,-,-,-,-,-,-,-,-,-,1,NEU,91-93,3/4,Normal,1,3,-,-,-,75,83,50,97,1,8,6,-,-,-,100,-,-,-,-,-,142,-,-,100,-,-,-,-,-,110,104,112,112,151,150,643,592,178,117,40,1,20,80,105,40,2,5,3,3,0,110,14,97.7,2.38,93,17.2,3.6,3.91,29,6,3.6,4.2,0,0,0,0,0,0,0,0.0,0,0,0,0,0,0,0,0,0,0,0,0,0,0,0,0,0,0,0,0,0,0.00,0,0,0,0,0,0.0,0.0,0.0,0.00,93,93,346,202,139,5,66,0,3.86,-5.6,.937,0,0,795.0,0,0,200,188,27,17,14,5,17,3,18,2,0.0,0.0
2B,Jose Altuve,Jose,Altuve,Everett Aquasox,5' 6',165 lbs,R,R,100,Houston Astros,HOU,2017,2015+,BBR,85951,Perfect,July Jewels - Baseball Reference 4  2B Jose Altuve  HOU  2017,0,N,0,146,112,115,87,143,153,88,132,99,141,144,122,110,84,144,77,98,Groundball,Ex. Pull,Pull,1,1,1,1,1,1,1,1,1,1,1,1,16,-,-,-,-,-,-,-,-,-,-,-,1,NEU,91-93,3/4,Normal,1,3,-,-,-,75,83,50,97,1,8,6,-,-,-,93,-,-,-,-,-,133,-,-,93,-,-,-,-,-,110,104,112,112,142,142,608,555,152,109,27,1,15,61,68,38,0,5,0,10,0,115,12,72.7,-0.06,70,-1.2,1.2,3.81,9,4,-0.3,1.2,0,0,0,0,0,0,0,0.0,0,0,0,0,0,0,0,0,0,0,0,0,0,0,0,0,0,0,0,0,0,0.00,0,0,0,0,0,0.0,0.0,0.0,0.00,142,142,538,362,167,9,81,0,3.83,-10.9,.936,0,0,1242.1,0,0,369,343,55,37,36,10,20,7,35,4,0.0,0.0
2B,Jose Altuve,Jose,Altuve,Peninsula Whips,5' 6',165 lbs,R,R,100,Houston Astros,HOU,2017,2015+,BBR,85951,Perfect,July Jewels - Baseball Reference 4  2B Jose Altuve  HOU  2017,0,Y,5,157,121,124,94,154,165,96,142,107,152,155,132,119,91,155,77,98,Groundball,Ex. Pull,Pull,1,1,1,1,1,1,1,1,1,1,1,1,16,-,-,-,-,-,-,-,-,-,-,-,1,NEU,91-93,3/4,Normal,1,3,-,-,-,75,83,50,97,1,8,6,-,-,-,100,-,-,-,-,-,142,-,-,100,-,-,-,-,-,110,104,112,112,143,141,632,571,172,115,36,2,19,69,96,43,1,8,7,3,0,97,13,96.2,2.36,93,18.2,3.7,3.85,32,10,2.3,4.9,0,0,0,0,0,0,0,0.0,0,0,0,0,0,0,0,0,0,0,0,0,0,0,0,0,0,0,0,0,0,0.00,0,0,0,0,0,0.0,0.0,0.0,0.00,141,141,559,348,197,14,95,0,3.98,-10.8,.947,0,0,1233.1,0,0,355,335,59,34,39,15,26,3,28,1,0.0,0.0
2B,Jose Altuve,Jose,Altuve,Berlin Speed Dealers SoM,5' 6',165 lbs,R,R,100,Houston Astros,HOU,2017,2015+,BBR,85951,Perfect,July Jewels - Baseball Reference 4  2B Jose Altuve  HOU  2017,0,N,0,146,112,115,87,143,153,88,132,99,141,144,122,110,84,144,77,98,Groundball,Ex. Pull,Pull,1,1,1,1,1,1,1,1,1,1,1,1,16,-,-,-,-,-,-,-,-,-,-,-,1,NEU,91-93,3/4,Normal,1,3,-,-,-,75,83,50,97,1,8,6,-,-,-,93,-,-,-,-,-,133,-,-,93,-,-,-,-,-,110,104,112,112,116,93,402,369,105,71,24,1,9,33,46,27,1,3,2,1,0,88,10,53.9,-0.39,51,4.0,2.0,3.80,15,1,2.9,3.0,0,0,0,0,0,0,0,0.0,0,0,0,0,0,0,0,0,0,0,0,0,0,0,0,0,0,0,0,0,0,0.00,0,0,0,0,0,0.0,0.0,0.0,0.00,96,91,352,200,147,5,56,0,3.92,-4.5,.963,0,0,796.0,0,0,220,203,27,17,13,5,12,5,18,1,0.0,-0.0
SS,Ernie Banks,Ernie,Banks,Waltham River Otters,6' 1',180 lbs,R,R,102,Chicago Cubs,CHC,1959,1946-1960,ME,86621,Perfect,50s Theme Week - Hall of Fame  SS Ernie Banks  CHC  1959,0,N,0,117,94,187,126,129,146,104,160,145,150,108,92,196,120,122,16,1,Flyball,Normal,Normal,1,1,1,5,1,1,1,5,1,1,1,5,16,-,-,-,-,-,-,-,-,-,-,-,1,NEU,90-92,OTT,Normal,1,18,-,-,-,120,115,99,107,6,7,8,-,-,107,-,133,133,-,-,-,166,-,107,-,133,133,-,-,-,44,36,29,33,37,36,158,144,51,37,8,0,6,22,14,11,0,2,0,1,0,29,3,31.2,0.72,29,11.3,1.7,3.87,0,0,0.0,-1.2,0,0,0,0,0,0,0,0.0,0,0,0,0,0,0,0,0,0,0,0,0,0,0,0,0,0,0,0,0,0,0.00,0,0,0,0,0,0.0,0.0,0.0,0.00,37,36,144,95,48,1,16,0,4.09,1.3,1.017,0,0,315.0,0,0,89,86,19,18,7,5,10,0,8,0,0.0,0.0
SS,Ernie Banks,Ernie,Banks,Sharpstown Bill Collectors,6' 1',180 lbs,R,R,102,Chicago Cubs,CHC,1959,1946-1960,ME,86621,Perfect,50s Theme Week - Hall of Fame  SS Ernie Banks  CHC  1959,0,N,0,117,94,187,126,129,146,104,160,145,150,108,92,196,120,122,16,1,Flyball,Normal,Normal,1,1,1,5,1,1,1,5,1,1,1,5,16,-,-,-,-,-,-,-,-,-,-,-,1,NEU,90-92,OTT,Normal,1,18,-,-,-,120,115,99,107,6,7,8,-,-,107,-,133,133,-,-,-,166,-,107,-,133,133,-,-,-,44,36,29,33,121,119,545,499,118,76,21,3,18,55,61,38,0,4,0,4,0,111,8,58.7,-0.27,56,-7.9,1.5,4.06,0,1,-0.9,-1.2,0,0,0,0,0,0,0,0.0,0,0,0,0,0,0,0,0,0,0,0,0,0,0,0,0,0,0,0,0,0,0.00,0,0,0,0,0,0.0,0.0,0.0,0.00,120,119,405,273,120,12,48,0,3.38,1.5,1.002,0,0,1047.1,0,0,275,259,46,34,23,13,17,9,24,3,0.0,0.0
SS,Ernie Banks,Ernie,Banks,Barnstable Beasts,6' 1',180 lbs,R,R,102,Chicago Cubs,CHC,1959,1946-1960,ME,86621,Perfect,50s Theme Week - Hall of Fame  SS Ernie Banks  CHC  1959,0,N,0,117,94,187,126,129,146,104,160,145,150,108,92,196,120,122,16,1,Flyball,Normal,Normal,1,1,1,5,1,1,1,5,1,1,1,5,16,-,-,-,-,-,-,-,-,-,-,-,1,NEU,90-92,OTT,Normal,1,18,-,-,-,120,115,99,107,6,7,8,-,-,107,-,133,133,-,-,-,166,-,107,-,133,133,-,-,-,44,36,29,33,153,143,634,584,156,100,31,5,20,79,73,42,1,6,0,2,0,141,20,78.0,-0.34,80,5.4,2.6,3.91,0,1,-1.0,-0.5,0,0,0,0,0,0,0,0.0,0,0,0,0,0,0,0,0,0,0,0,0,0,0,0,0,0,0,0,0,0,0.00,0,0,0,0,0,0.0,0.0,0.0,0.00,202,143,837,270,557,10,98,0,5.84,-0.7,1.008,0,0,1274.2,0,0,348,327,48,34,22,12,18,5,16,1,0.0,-0.3
SS,Ernie Banks,Ernie,Banks,Laffy Comedians - CG,6' 1',180 lbs,R,R,102,Chicago Cubs,CHC,1959,1946-1960,ME,86621,Perfect,50s Theme Week - Hall of Fame  SS Ernie Banks  CHC  1959,0,N,0,117,94,187,126,129,146,104,160,145,150,108,92,196,120,122,16,1,Flyball,Normal,Normal,1,1,1,5,1,1,1,5,1,1,1,5,16,-,-,-,-,-,-,-,-,-,-,-,1,NEU,90-92,OTT,Normal,1,18,-,-,-,120,115,99,107,6,7,8,-,-,107,-,133,133,-,-,-,166,-,107,-,133,133,-,-,-,44,36,29,33,142,139,594,535,147,107,15,6,19,82,70,49,0,6,0,4,0,121,6,81.2,1.87,79,8.7,3.7,4.04,0,1,-1.0,-1.2,0,0,0,0,0,0,0,0.0,0,0,0,0,0,0,0,0,0,0,0,0,0,0,0,0,0,0,0,0,0,0.00,0,0,0,0,0,0.0,0.0,0.0,0.00,143,139,555,379,163,13,82,0,3.94,3.4,1.015,0,0,1238.2,0,0,359,343,53,44,36,20,22,5,22,1,0.0,-0.0
SS,Ernie Banks,Ernie,Banks,Tampa Bay Yankees 22,6' 1',180 lbs,R,R,102,Chicago Cubs,CHC,1959,1946-1960,ME,86621,Perfect,50s Theme Week - Hall of Fame  SS Ernie Banks  CHC  1959,0,N,0,117,94,187,126,129,146,104,160,145,150,108,92,196,120,122,16,1,Flyball,Normal,Normal,1,1,1,5,1,1,1,5,1,1,1,5,16,-,-,-,-,-,-,-,-,-,-,-,1,NEU,90-92,OTT,Normal,1,18,-,-,-,120,115,99,107,6,7,8,-,-,107,-,133,133,-,-,-,166,-,107,-,133,133,-,-,-,44,36,29,33,142,142,605,523,143,89,28,2,24,77,67,67,2,8,0,7,0,115,19,88.7,0.55,91,19.6,3.9,3.88,0,0,0.0,-4.9,0,0,0,0,0,0,0,0.0,0,0,0,0,0,0,0,0,0,0,0,0,0,0,0,0,0,0,0,0,0,0.00,0,0,0,0,0,0.0,0.0,0.0,0.00,142,142,502,360,126,16,63,0,3.41,-0.9,1.009,0,0,1282.1,0,0,370,347,54,38,38,21,23,4,28,1,0.0,-0.1
SS,Ernie Banks,Ernie,Banks,Madison Mashers - CG,6' 1',180 lbs,R,R,102,Chicago Cubs,CHC,1959,1946-1960,ME,86621,Perfect,50s Theme Week - Hall of Fame  SS Ernie Banks  CHC  1959,0,N,0,117,94,187,126,129,146,104,160,145,150,108,92,196,120,122,16,1,Flyball,Normal,Normal,1,1,1,5,1,1,1,5,1,1,1,5,16,-,-,-,-,-,-,-,-,-,-,-,1,NEU,90-92,OTT,Normal,1,18,-,-,-,120,115,99,107,6,7,8,-,-,107,-,133,133,-,-,-,166,-,107,-,133,133,-,-,-,44,36,29,33,142,142,629,575,156,97,28,2,29,89,68,46,0,3,0,5,0,132,19,85.9,1.60,88,13.6,3.2,3.90,0,0,0.0,-5.8,0,0,0,0,0,0,0,0.0,0,0,0,0,0,0,0,0,0,0,0,0,0,0,0,0,0,0,0,0,0,0.00,0,0,0,0,0,0.0,0.0,0.0,0.00,142,142,543,358,165,20,84,0,3.73,-3.7,.987,0,0,1260.2,0,0,331,305,60,39,37,20,36,14,22,2,0.0,-0.1
SS,Ernie Banks,Ernie,Banks,Phoenix Mango Slush - HOTL,6' 1',180 lbs,R,R,102,Chicago Cubs,CHC,1959,1946-1960,ME,86621,Perfect,50s Theme Week - Hall of Fame  SS Ernie Banks  CHC  1959,0,N,0,117,94,187,126,129,146,104,160,145,150,108,92,196,120,122,16,1,Flyball,Normal,Normal,1,1,1,5,1,1,1,5,1,1,1,5,16,-,-,-,-,-,-,-,-,-,-,-,1,NEU,90-92,OTT,Normal,1,18,-,-,-,120,115,99,107,6,7,8,-,-,107,-,133,133,-,-,-,166,-,107,-,133,133,-,-,-,44,36,29,33,133,122,544,491,142,90,19,6,27,79,71,43,2,5,0,4,1,109,12,87.9,1.31,86,21.7,4.2,4.00,0,0,0.0,-2.0,0,0,0,0,0,0,0,0.0,0,0,0,0,0,0,0,0,0,0,0,0,0,0,0,0,0,0,0,0,0,0.00,0,0,0,0,0,0.0,0.0,0.0,0.00,140,122,685,209,467,9,69,0,5.63,5.5,1.040,0,0,1080.0,0,0,274,264,33,25,17,11,13,5,13,2,0.0,0.0
SS,Ernie Banks,Ernie,Banks,Grover Beach Grouches,6' 1',180 lbs,R,R,102,Chicago Cubs,CHC,1959,1946-1960,ME,86621,Perfect,50s Theme Week - Hall of Fame  SS Ernie Banks  CHC  1959,479 197,N,0,117,94,187,126,129,146,104,160,145,150,108,92,196,120,122,16,1,Flyball,Normal,Normal,1,1,1,5,1,1,1,5,1,1,1,5,16,-,-,-,-,-,-,-,-,-,-,-,1,NEU,90-92,OTT,Normal,1,18,-,-,-,120,115,99,107,6,7,8,-,-,107,-,133,133,-,-,-,166,-,107,-,133,133,-,-,-,44,36,29,33,145,141,611,547,135,91,22,3,19,88,65,53,0,5,0,6,0,111,15,69.4,-0.65,70,-2.4,2.3,3.95,0,0,0.0,-4.3,0,0,0,0,0,0,0,0.0,0,0,0,0,0,0,0,0,0,0,0,0,0,0,0,0,0,0,0,0,0,0.00,0,0,0,0,0,0.0,0.0,0.0,0.00,142,141,570,392,162,16,87,0,3.98,2.5,1.010,0,0,1252.0,0,0,372,352,63,51,35,18,29,9,27,3,0.0,0.0
SS,Ernie Banks,Ernie,Banks,Maple Madness,6' 1',180 lbs,R,R,102,Chicago Cubs,CHC,1959,1946-1960,ME,86621,Perfect,50s Theme Week - Hall of Fame  SS Ernie Banks  CHC  1959,0,N,0,117,94,187,126,129,146,104,160,145,150,108,92,196,120,122,16,1,Flyball,Normal,Normal,1,1,1,5,1,1,1,5,1,1,1,5,16,-,-,-,-,-,-,-,-,-,-,-,1,NEU,90-92,OTT,Normal,1,18,-,-,-,120,115,99,107,6,7,8,-,-,107,-,133,133,-,-,-,166,-,107,-,133,133,-,-,-,44,36,29,33,144,120,535,478,141,90,26,2,23,87,64,46,2,7,0,4,0,80,12,86.9,2.62,85,22.3,4.1,4.00,0,0,0.0,-5.9,0,0,0,0,0,0,0,0.0,0,0,0,0,0,0,0,0,0,0,0,0,0,0,0,0,0,0,0,0,0,0.00,0,0,0,0,0,0.0,0.0,0.0,0.00,142,120,467,319,138,10,52,0,3.73,0.5,1.007,0,0,1101.2,0,0,318,302,42,30,42,24,23,5,25,2,0.0,0.3
SS,Ernie Banks,Ernie,Banks,Rockford Peaches,6' 1',180 lbs,R,R,102,Chicago Cubs,CHC,1959,1946-1960,ME,86621,Perfect,50s Theme Week - Hall of Fame  SS Ernie Banks  CHC  1959,0,N,0,117,94,187,126,129,146,104,160,145,150,108,92,196,120,122,16,1,Flyball,Normal,Normal,1,1,1,5,1,1,1,5,1,1,1,5,16,-,-,-,-,-,-,-,-,-,-,-,1,NEU,90-92,OTT,Normal,1,18,-,-,-,120,115,99,107,6,7,8,-,-,107,-,133,133,-,-,-,166,-,107,-,133,133,-,-,-,44,36,29,33,145,141,609,536,153,96,27,3,27,114,75,54,1,3,0,16,0,123,12,93.8,2.60,91,19.0,4.6,4.00,0,1,-1.0,-1.9,0,0,0,0,0,0,0,0.0,0,0,0,0,0,0,0,0,0,0,0,0,0,0,0,0,0,0,0,0,0,0.00,0,0,0,0,0,0.0,0.0,0.0,0.00,143,141,538,366,158,14,66,0,3.75,1.4,1.011,0,0,1257.1,0,0,354,334,57,42,40,23,25,8,25,2,0.0,0.0
3B,Ernie Banks,Ernie,Banks,Peninsula Whips,6' 1',180 lbs,R,R,102,Chicago Cubs,CHC,1959,1946-1960,ME,86621,Perfect,50s Theme Week - Hall of Fame  SS Ernie Banks  CHC  1959,0,N,0,117,94,187,126,129,146,104,160,145,150,108,92,196,120,122,16,1,Flyball,Normal,Normal,1,1,1,5,1,1,1,5,1,1,1,5,16,-,-,-,-,-,-,-,-,-,-,-,1,NEU,90-92,OTT,Normal,1,18,-,-,-,120,115,99,107,6,7,8,-,-,107,-,133,133,-,-,-,166,-,107,-,133,133,-,-,-,44,36,29,33,147,140,594,536,132,80,28,4,20,82,75,49,1,5,0,4,0,106,16,69.4,1.49,70,0.3,2.3,3.97,0,1,-0.9,-1.5,0,0,0,0,0,0,0,0.0,0,0,0,0,0,0,0,0,0,0,0,0,0,0,0,0,0,0,0,0,0,0.00,0,0,0,0,0,0.0,0.0,0.0,0.00,147,140,434,320,98,16,30,0,3.03,4.3,1.030,0,0,1243.1,0,0,348,332,48,36,29,14,21,4,16,3,0.0,0.0
SS,Ernie Banks,Ernie,Banks,Webster Groves Supercells,6' 1',180 lbs,R,R,102,Chicago Cubs,CHC,1959,1946-1960,ME,86621,Perfect,50s Theme Week - Hall of Fame  SS Ernie Banks  CHC  1959,0,N,0,117,94,187,126,129,146,104,160,145,150,108,92,196,120,122,16,1,Flyball,Normal,Normal,1,1,1,5,1,1,1,5,1,1,1,5,16,-,-,-,-,-,-,-,-,-,-,-,1,NEU,90-92,OTT,Normal,1,18,-,-,-,120,115,99,107,6,7,8,-,-,107,-,133,133,-,-,-,166,-,107,-,133,133,-,-,-,44,36,29,33,141,141,625,558,171,104,29,3,35,98,94,52,3,8,1,6,0,112,12,115.4,3.31,110,36.8,6.2,3.95,0,0,0.0,-2.3,0,0,0,0,0,0,0,0.0,0,0,0,0,0,0,0,0,0,0,0,0,0,0,0,0,0,0,0,0,0,0.00,0,0,0,0,0,0.0,0.0,0.0,0.00,141,141,533,377,140,16,65,0,3.71,1.6,1.002,0,0,1254.2,0,0,366,342,52,39,38,21,23,14,30,3,0.0,0.0
SS,Ernie Banks,Ernie,Banks,Gastonia Peaches,6' 1',180 lbs,R,R,102,Chicago Cubs,CHC,1959,1946-1960,ME,86621,Perfect,50s Theme Week - Hall of Fame  SS Ernie Banks  CHC  1959,0,N,0,117,94,187,126,129,146,104,160,145,150,108,92,196,120,122,16,1,Flyball,Normal,Normal,1,1,1,5,1,1,1,5,1,1,1,5,16,-,-,-,-,-,-,-,-,-,-,-,1,NEU,90-92,OTT,Normal,1,18,-,-,-,120,115,99,107,6,7,8,-,-,107,-,133,133,-,-,-,166,-,107,-,133,133,-,-,-,44,36,29,33,143,140,618,537,151,101,27,2,21,77,87,70,1,5,0,6,0,106,19,89.6,0.52,92,19.4,4.5,3.99,0,0,0.0,-1.9,0,0,0,0,0,0,0,0.0,0,0,0,0,0,0,0,0,0,0,0,0,0,0,0,0,0,0,0,0,0,0.00,0,0,0,0,0,0.0,0.0,0.0,0.00,145,140,512,340,161,11,68,0,3.67,0.9,.998,0,0,1229.2,0,0,339,320,41,33,38,18,27,9,30,6,0.0,0.0
SS,Ernie Banks,Ernie,Banks,Madison Moundsmen - CG,6' 1',180 lbs,R,R,102,Chicago Cubs,CHC,1959,1946-1960,ME,86621,Perfect,50s Theme Week - Hall of Fame  SS Ernie Banks  CHC  1959,0,N,0,117,94,187,126,129,146,104,160,145,150,108,92,196,120,122,16,1,Flyball,Normal,Normal,1,1,1,5,1,1,1,5,1,1,1,5,16,-,-,-,-,-,-,-,-,-,-,-,1,NEU,90-92,OTT,Normal,1,18,-,-,-,120,115,99,107,6,7,8,-,-,107,-,133,133,-,-,-,166,-,107,-,133,133,-,-,-,44,36,29,33,142,142,629,571,155,97,34,0,24,83,79,44,0,8,0,6,0,113,16,84.3,0.59,85,10.7,3.5,3.84,0,0,0.0,-7.2,0,0,0,0,0,0,0,0.0,0,0,0,0,0,0,0,0,0,0,0,0,0,0,0,0,0,0,0,0,0,0.00,0,0,0,0,0,0.0,0.0,0.0,0.00,142,142,522,380,133,9,73,0,3.66,4.2,1.015,0,0,1260.0,0,0,360,344,46,36,42,24,17,7,21,3,0.0,0.0
SS,Ernie Banks,Ernie,Banks,Mount Pleasant Mounties,6' 1',180 lbs,R,R,102,Chicago Cubs,CHC,1959,1946-1960,ME,86621,Perfect,50s Theme Week - Hall of Fame  SS Ernie Banks  CHC  1959,0,N,0,117,94,187,126,129,146,104,160,145,150,108,92,196,120,122,16,1,Flyball,Normal,Normal,1,1,1,5,1,1,1,5,1,1,1,5,16,-,-,-,-,-,-,-,-,-,-,-,1,NEU,90-92,OTT,Normal,1,18,-,-,-,120,115,99,107,6,7,8,-,-,107,-,133,133,-,-,-,166,-,107,-,133,133,-,-,-,44,36,29,33,142,140,610,542,144,92,32,3,17,72,72,50,1,9,0,9,0,108,13,78.3,0.73,78,5.7,3.7,3.98,0,1,-1.0,-0.3,0,0,0,0,0,0,0,0.0,0,0,0,0,0,0,0,0,0,0,0,0,0,0,0,0,0,0,0,0,0,0.00,0,0,0,0,0,0.0,0.0,0.0,0.00,142,140,538,373,152,13,67,0,3.79,5.5,1.020,0,0,1248.1,0,0,377,356,56,44,31,24,29,14,24,0,0.0,0.0
C,Johnny Bassler,Johnny,Bassler,Sharpstown Bill Collectors,5' 9',170 lbs,L,R,93,Detroit Tigers,DET,1924,1921-1945,PTCS,86476,Diamond,PTCS 5 - Unsung Heroes  C Johnny Bassler  DET  Peak,0,N,0,113,95,25,149,217,58,54,1,140,171,137,110,32,152,233,69,51,Line Drive,Normal,Normal,1,1,1,5,1,1,1,5,1,1,1,5,16,-,-,-,-,-,-,-,-,-,-,-,1,NEU,90-92,OTT,Normal,1,12,109,106,117,8,7,7,7,1,1,4,-,125,-,-,-,-,-,-,-,13,125,-,-,-,-,-,-,-,36,28,27,56,86,37,190,161,42,36,5,1,0,8,20,25,0,1,3,0,0,29,4,19.3,0.47,20,-2.2,0.7,4.05,0,0,0.0,-2.1,0,0,0,0,0,0,0,0.0,0,0,0,0,0,0,0,0,0,0,0,0,0,0,0,0,0,0,0,0,0,0.00,0,0,0,0,0,0.0,0.0,0.0,0.00,85,37,456,29,424,3,4,0,8.90,0.1,.977,28,7,458.1,0,241,23,20,4,2,0,0,0,0,0,0,1.4,0.0
C,Johnny Bassler,Johnny,Bassler,Alexandria SafeZone,5' 9',170 lbs,L,R,93,Detroit Tigers,DET,1924,1921-1945,PTCS,86476,Diamond,PTCS 5 - Unsung Heroes  C Johnny Bassler  DET  Peak,0,N,0,113,95,25,149,217,58,54,1,140,171,137,110,32,152,233,69,51,Line Drive,Normal,Normal,1,1,1,5,1,1,1,5,1,1,1,5,16,-,-,-,-,-,-,-,-,-,-,-,1,NEU,90-92,OTT,Normal,1,12,109,106,117,8,7,7,7,1,1,4,-,125,-,-,-,-,-,-,-,13,125,-,-,-,-,-,-,-,36,28,27,56,93,89,329,281,68,44,20,0,4,36,43,43,0,1,2,2,0,39,15,33.5,-0.73,37,-1.7,1.9,4.02,0,0,0.0,-0.5,0,0,0,0,0,0,0,0.0,0,0,0,0,0,0,0,0,0,0,0,0,0,0,0,0,0,0,0,0,0,0.00,0,0,0,0,0,0.0,0.0,0.0,0.00,91,89,734,50,682,2,13,0,8.37,1.9,1.146,54,19,787.0,5,391,34,31,5,3,1,1,0,0,0,0,2.9,0.0
C,Johnny Bassler,Johnny,Bassler,Tulsa Doom,5' 9',170 lbs,L,R,93,Detroit Tigers,DET,1924,1921-1945,PTCS,86476,Diamond,PTCS 5 - Unsung Heroes  C Johnny Bassler  DET  Peak,0,N,0,113,95,25,149,217,58,54,1,140,171,137,110,32,152,233,69,51,Line Drive,Normal,Normal,1,1,1,5,1,1,1,5,1,1,1,5,16,-,-,-,-,-,-,-,-,-,-,-,1,NEU,90-92,OTT,Normal,1,12,109,106,117,8,7,7,7,1,1,4,-,125,-,-,-,-,-,-,-,13,125,-,-,-,-,-,-,-,36,28,27,56,94,91,337,300,89,68,20,0,1,36,31,34,0,1,0,2,0,22,6,42.8,0.21,43,3.5,2.6,3.76,0,0,0.0,1.0,0,0,0,0,0,0,0,0.0,0,0,0,0,0,0,0,0,0,0,0,0,0,0,0,0,0,0,0,0,0,0.00,0,0,0,0,0,0.0,0.0,0.0,0.00,93,91,778,40,737,1,9,0,8.66,1.2,1.097,46,10,807.1,4,396,44,44,3,1,2,2,0,0,0,0,3.4,0.0
C,Johnny Bassler,Johnny,Bassler,Dark Web Hackers,5' 9',170 lbs,L,R,93,Detroit Tigers,DET,1924,1921-1945,PTCS,86476,Diamond,PTCS 5 - Unsung Heroes  C Johnny Bassler  DET  Peak,0,N,0,113,95,25,149,217,58,54,1,140,171,137,110,32,152,233,69,51,Line Drive,Normal,Normal,1,1,1,5,1,1,1,5,1,1,1,5,16,-,-,-,-,-,-,-,-,-,-,-,1,NEU,90-92,OTT,Normal,1,12,109,106,117,8,7,7,7,1,1,4,-,125,-,-,-,-,-,-,-,13,125,-,-,-,-,-,-,-,36,28,27,56,91,89,357,319,94,61,29,4,0,31,40,34,0,2,0,2,0,27,8,48.3,-0.02,48,6.6,2.5,3.99,0,0,0.0,0.1,0,0,0,0,0,0,0,0.0,0,0,0,0,0,0,0,0,0,0,0,0,0,0,0,0,0,0,0,0,0,0.00,0,0,0,0,0,0.0,0.0,0.0,0.00,90,89,728,47,680,1,3,0,8.32,1.0,1.151,56,16,786.0,5,396,30,26,6,5,2,2,0,0,0,0,0.7,0.0
C,Johnny Bassler,Johnny,Bassler,Webster Groves Supercells,5' 9',170 lbs,L,R,93,Detroit Tigers,DET,1924,1921-1945,PTCS,86476,Diamond,PTCS 5 - Unsung Heroes  C Johnny Bassler  DET  Peak,0,N,0,113,95,25,149,217,58,54,1,140,171,137,110,32,152,233,69,51,Line Drive,Normal,Normal,1,1,1,5,1,1,1,5,1,1,1,5,16,-,-,-,-,-,-,-,-,-,-,-,1,NEU,90-92,OTT,Normal,1,12,109,106,117,8,7,7,7,1,1,4,-,125,-,-,-,-,-,-,-,13,125,-,-,-,-,-,-,-,36,28,27,56,100,89,340,293,73,53,18,1,1,42,45,44,0,2,0,1,0,37,8,35.4,0.60,37,-2.6,1.3,3.93,0,0,0.0,-1.0,0,0,0,0,0,0,0,0.0,0,0,0,0,0,0,0,0,0,0,0,0,0,0,0,0,0,0,0,0,0,0.00,0,0,0,0,0,0.0,0.0,0.0,0.00,100,89,730,38,690,2,4,0,8.24,-0.3,1.208,44,7,794.2,7,356,46,42,10,6,2,2,0,0,0,0,1.0,0.0
LF,Cool Papa Bell,Cool Papa,Bell,Everett Aqua Sox,5' 11',155 lbs,S,L,100,St. Louis Stars,SLS,1925,1921-1945,,85420,Perfect,SwitchKnucklers - Negro League Star  CF Cool Papa Bell  SLS  1925,0,N,0,131,140,83,87,122,135,138,89,90,124,130,140,81,86,121,101,105,Line Drive,Pull,Pull,54,52,111,69,53,61,110,71,54,49,112,69,72,74,77,-,-,-,-,-,-,-,-,-,3,NEU,87-89,3/4,Normal,94,82,1,1,1,68,72,68,70,111,92,85,124,-,76,-,-,-,134,122,129,124,-,76,-,-,-,134,122,129,119,103,117,126,101,90,359,323,78,50,21,2,5,43,38,24,1,4,4,4,0,74,5,38.3,-0.33,32,-9.6,0.5,3.80,19,2,3.4,0.5,0,0,0,0,0,0,0,0.0,0,0,0,0,0,0,0,0,0,0,0,0,0,0,0,0,0,0,0,0,0,0.00,0,0,0,0,0,0.0,0.0,0.0,0.00,104,90,236,6,226,4,2,0,2.58,-0.7,.994,0,0,808.2,0,0,177,172,36,23,32,10,36,9,35,1,0.0,-0.1
LF,Cool Papa Bell,Cool Papa,Bell,Phoenix Mango Slush - HOTL,5' 11',155 lbs,S,L,100,St. Louis Stars,SLS,1925,1921-1945,,85420,Perfect,SwitchKnucklers - Negro League Star  CF Cool Papa Bell  SLS  1925,0,N,0,131,140,83,87,122,135,138,89,90,124,130,140,81,86,121,101,105,Line Drive,Pull,Pull,54,52,111,69,53,61,110,71,54,49,112,69,72,74,77,-,-,-,-,-,-,-,-,-,3,NEU,87-89,3/4,Normal,94,82,1,1,1,68,72,68,70,111,92,85,124,-,76,-,-,-,134,122,129,124,-,76,-,-,-,134,122,129,119,103,117,126,130,118,515,455,125,78,36,2,9,51,69,35,2,6,15,4,0,99,9,67.5,1.23,59,-1.1,2.8,3.76,29,4,4.7,3.5,0,0,0,0,0,0,0,0.0,0,0,0,0,0,0,0,0,0,0,0,0,0,0,0,0,0,0,0,0,0,0.00,0,0,0,0,0,0.0,0.0,0.0,0.00,155,118,321,6,313,2,0,0,2.65,6.5,1.019,0,0,1082.1,0,0,229,225,75,50,38,19,33,10,44,2,0.0,-1.1
LF,Cool Papa Bell,Cool Papa,Bell,Webster Groves Supercells,5' 11',155 lbs,S,L,100,St. Louis Stars,SLS,1925,1921-1945,,85420,Perfect,SwitchKnucklers - Negro League Star  CF Cool Papa Bell  SLS  1925,0,N,0,131,140,83,87,122,135,138,89,90,124,130,140,81,86,121,101,105,Line Drive,Pull,Pull,54,52,111,69,53,61,110,71,54,49,112,69,72,74,77,-,-,-,-,-,-,-,-,-,3,NEU,87-89,3/4,Normal,94,82,1,1,1,68,72,68,70,111,92,85,124,-,76,-,-,-,134,122,129,124,-,76,-,-,-,134,122,129,119,103,117,126,97,81,318,288,83,51,24,3,5,40,36,29,2,0,0,1,0,64,4,46.6,2.53,43,6.2,0.9,4.02,8,2,0.7,2.1,0,0,0,0,0,0,0,0.0,0,0,0,0,0,0,0,0,0,0,0,0,0,0,0,0,0,0,0,0,0,0.00,0,0,0,0,0,0.0,0.0,0.0,0.00,87,80,146,1,139,6,0,0,1.73,-3.0,.993,0,0,728.1,0,0,121,113,23,12,14,4,24,6,32,0,0.0,-3.0
CF,Cool Papa Bell,Cool Papa,Bell,Shibuya Shredders - GH,5' 11',155 lbs,S,L,100,St. Louis Stars,SLS,1925,1921-1945,,85420,Perfect,SwitchKnucklers - Negro League Star  CF Cool Papa Bell  SLS  1925,0,N,0,131,140,83,87,122,135,138,89,90,124,130,140,81,86,121,101,105,Line Drive,Pull,Pull,54,52,111,69,53,61,110,71,54,49,112,69,72,74,77,-,-,-,-,-,-,-,-,-,3,NEU,87-89,3/4,Normal,94,82,1,1,1,68,72,68,70,111,92,85,124,-,76,-,-,-,134,122,129,124,-,76,-,-,-,134,122,129,119,103,117,126,144,144,578,516,122,78,29,5,10,58,74,49,0,5,4,4,0,114,15,58.7,-0.65,57,-10.7,0.8,3.98,19,6,1.2,2.6,0,0,0,0,0,0,0,0.0,0,0,0,0,0,0,0,0,0,0,0,0,0,0,0,0,0,0,0,0,0,0.00,0,0,0,0,0,0.0,0.0,0.0,0.00,148,144,424,16,406,2,9,0,2.93,6.1,1.014,0,0,1297.0,0,0,250,245,51,40,37,16,37,7,54,3,0.0,-3.5
LF,Albert Belle,Albert,Belle,New Platson Grand Petites HotL,6' 2',210 lbs,R,R,101,Cleveland,CLE,1995,1993-2004,CS,86464,Perfect,Clubhouse - Baseball Reference 7  LF Albert Belle  CLE  1995,0,N,0,102,168,194,112,112,110,160,148,168,98,100,171,210,96,118,5,1,Line Drive,Normal,Normal,1,1,1,3,1,1,1,3,1,1,1,3,16,-,-,-,-,-,-,-,-,-,-,-,1,NEU,89-91,OTT,Normal,1,12,-,-,-,6,2,10,5,69,69,76,-,-,-,-,-,-,82,-,-,5,-,-,-,-,-,82,-,-,56,25,45,79,146,146,630,576,154,84,39,1,30,103,86,47,0,5,0,2,0,127,8,92.7,3.61,91,17.3,2.4,3.90,0,3,-1.9,1.7,0,0,0,0,0,0,0,0.0,0,0,0,0,0,0,0,0,0,0,0,0,0,0,0,0,0,0,0,0,0,0.00,0,0,0,0,0,0.0,0.0,0.0,0.00,146,146,290,4,283,3,2,0,2.05,-2.3,.987,0,0,1261.0,0,0,226,221,64,40,41,13,50,7,50,2,0.0,-4.8
LF,Albert Belle,Albert,Belle,Tampa Bay Yankees 22,6' 2',210 lbs,R,R,101,Cleveland,CLE,1995,1993-2004,CS,86464,Perfect,Clubhouse - Baseball Reference 7  LF Albert Belle  CLE  1995,0,N,0,102,168,194,112,112,110,160,148,168,98,100,171,210,96,118,5,1,Line Drive,Normal,Normal,1,1,1,3,1,1,1,3,1,1,1,3,16,-,-,-,-,-,-,-,-,-,-,-,1,NEU,89-91,OTT,Normal,1,12,-,-,-,6,2,10,5,69,69,76,-,-,-,-,-,-,82,-,-,5,-,-,-,-,-,82,-,-,56,25,45,79,144,144,636,576,161,91,40,0,30,105,74,48,0,7,0,5,0,149,3,103.1,3.44,97,22.3,3.0,3.97,0,0,0.0,0.1,0,0,0,0,0,0,0,0.0,0,0,0,0,0,0,0,0,0,0,0,0,0,0,0,0,0,0,0,0,0,0.00,0,0,0,0,0,0.0,0.0,0.0,0.00,136,136,283,6,274,3,1,0,2.08,-2.8,.983,0,0,1213.1,0,0,231,225,53,32,26,10,45,4,50,3,0.0,-4.4
LF,Cody Bellinger,Cody,Bellinger,Canterbury Tails,6' 4',205 lbs,L,L,100,New York Yankees,NYA,2026,2026,,86289,Perfect,All-Star Game MVP  LF Cody Bellinger  NYY  2026,0,N,0,118,101,84,132,138,130,110,90,110,130,115,99,82,140,141,5,1,Groundball,Ex. Pull,Pull,1,1,1,1,1,1,1,1,1,1,1,1,16,-,-,-,-,-,-,-,-,-,-,-,1,NEU,91-93,3/4,Normal,1,4,-,-,-,29,40,36,39,114,93,89,-,-,64,-,-,-,139,127,134,79,-,64,-,-,-,139,127,134,64,72,93,96,60,15,81,70,15,9,4,0,2,13,8,10,0,0,0,1,0,16,1,8.5,-0.20,8,-1.5,-0.1,4.06,1,0,0.2,0.3,0,0,0,0,0,0,0,0.0,0,0,0,0,0,0,0,0,0,0,0,0,0,0,0,0,0,0,0,0,0,0.00,0,0,0,0,0,0.0,0.0,0.0,0.00,54,15,150,12,134,4,10,0,6.96,-1.4,.921,0,0,188.2,0,0,42,39,6,4,2,1,3,1,2,0,0.0,0.0
RF,Carlos Beltran,Carlos,Beltran,Everett Aqua Sox,6' 1',215 lbs,S,R,101,New York Mets,NYM,2006,2005-2014,,86327,Perfect,HOF Week - All-Time Legend  CF Carlos Beltran  NYM  Peak,0,N,0,106,124,146,174,116,122,144,124,156,125,101,118,153,180,113,46,28,Normal,Ex. Pull,Pull,1,1,1,7,1,1,1,7,1,1,1,7,16,-,-,-,-,-,-,-,-,-,-,-,1,GB,91-93,OTT,GB'er,1,3,-,-,-,2,9,2,2,108,124,122,-,-,-,-,-,-,-,129,149,-,-,-,-,-,-,-,129,149,95,78,121,119,145,144,635,537,134,81,29,4,20,84,94,85,0,5,0,8,0,127,11,90.7,1.03,87,12.6,5.0,4.09,35,5,5.5,5.0,0,0,0,0,0,0,0,0.0,0,0,0,0,0,0,0,0,0,0,0,0,0,0,0,0,0,0,0,0,0,0.00,0,0,0,0,0,0.0,0.0,0.0,0.00,145,144,338,14,322,2,0,0,2.36,9.9,1.031,0,0,1279.1,0,0,254,247,57,42,34,17,30,10,41,6,0.0,2.8
CF,Carlos Beltran,Carlos,Beltran,Barnstable Beasts,6' 1',215 lbs,S,R,101,New York Mets,NYM,2006,2005-2014,,86327,Perfect,HOF Week - All-Time Legend  CF Carlos Beltran  NYM  Peak,0,N,0,106,124,146,174,116,122,144,124,156,125,101,118,153,180,113,46,28,Normal,Ex. Pull,Pull,1,1,1,7,1,1,1,7,1,1,1,7,16,-,-,-,-,-,-,-,-,-,-,-,1,GB,91-93,OTT,GB'er,1,3,-,-,-,2,9,2,2,108,124,122,-,-,-,-,-,-,-,129,149,-,-,-,-,-,-,-,129,149,95,78,121,119,154,141,646,577,145,91,39,2,13,55,85,64,1,4,0,1,0,114,13,76.8,-0.24,76,-0.2,3.2,3.97,26,8,1.8,5.7,0,0,0,0,0,0,0,0.0,0,0,0,0,0,0,0,0,0,0,0,0,0,0,0,0,0,0,0,0,0,0.00,0,0,0,0,0,0.0,0.0,0.0,0.00,203,141,360,14,344,2,0,0,2.50,-1.6,.987,0,0,1288.0,0,0,267,260,86,59,46,14,42,9,49,2,0.0,1.9
CF,Carlos Beltran,Carlos,Beltran,Waltham River Otters,6' 1',215 lbs,S,R,101,New York Mets,NYM,2006,2005-2014,,86327,Perfect,HOF Week - All-Time Legend  CF Carlos Beltran  NYM  Peak,0,N,0,106,124,146,174,116,122,144,124,156,125,101,118,153,180,113,46,28,Normal,Ex. Pull,Pull,1,1,1,7,1,1,1,7,1,1,1,7,16,-,-,-,-,-,-,-,-,-,-,-,1,GB,91-93,OTT,GB'er,1,3,-,-,-,2,9,2,2,108,124,122,-,-,-,-,-,-,-,129,149,-,-,-,-,-,-,-,129,149,95,78,121,119,139,127,581,513,117,70,29,2,16,58,81,62,0,1,1,4,0,120,9,66.1,-0.69,62,-6.2,2.0,3.94,25,4,3.7,0.6,0,0,0,0,0,0,0,0.0,0,0,0,0,0,0,0,0,0,0,0,0,0,0,0,0,0,0,0,0,0,0.00,0,0,0,0,0,0.0,0.0,0.0,0.00,128,118,285,6,277,2,0,0,2.42,4.4,1.011,0,0,1051.0,0,0,214,211,57,45,37,17,34,3,41,1,0.0,1.8
CF,Carlos Beltran,Carlos,Beltran,Englewood Pirates,6' 1',215 lbs,S,R,101,New York Mets,NYM,2006,2005-2014,,86327,Perfect,HOF Week - All-Time Legend  CF Carlos Beltran  NYM  Peak,0,N,0,106,124,146,174,116,122,144,124,156,125,101,118,153,180,113,46,28,Normal,Ex. Pull,Pull,1,1,1,7,1,1,1,7,1,1,1,7,16,-,-,-,-,-,-,-,-,-,-,-,1,GB,91-93,OTT,GB'er,1,3,-,-,-,2,9,2,2,108,124,122,-,-,-,-,-,-,-,129,149,-,-,-,-,-,-,-,129,149,95,78,121,119,149,119,595,532,137,97,29,2,9,52,75,58,0,3,0,2,0,119,8,70.2,2.33,67,-2.9,2.5,4.09,16,2,2.4,3.5,0,0,0,0,0,0,0,0.0,0,0,0,0,0,0,0,0,0,0,0,0,0,0,0,0,0,0,0,0,0,0.00,0,0,0,0,0,0.0,0.0,0.0,0.00,142,119,325,13,310,2,1,0,2.63,-3.8,.995,0,0,1107.1,0,0,254,248,70,44,44,14,40,4,41,0,0.0,4.0
CF,Carlos Beltran,Carlos,Beltran,Sharpstown Bill Collectors,6' 1',215 lbs,S,R,101,New York Mets,NYM,2006,2005-2014,,86327,Perfect,HOF Week - All-Time Legend  CF Carlos Beltran  NYM  Peak,0,N,0,106,124,146,174,116,122,144,124,156,125,101,118,153,180,113,46,28,Normal,Ex. Pull,Pull,1,1,1,7,1,1,1,7,1,1,1,7,16,-,-,-,-,-,-,-,-,-,-,-,1,GB,91-93,OTT,GB'er,1,3,-,-,-,2,9,2,2,108,124,122,-,-,-,-,-,-,-,129,149,-,-,-,-,-,-,-,129,149,95,78,121,119,146,144,612,539,141,80,41,2,18,76,85,67,0,3,1,2,0,118,7,88.8,1.04,85,12.8,3.7,4.08,23,4,3.2,2.1,0,0,0,0,0,0,0,0.0,0,0,0,0,0,0,0,0,0,0,0,0,0,0,0,0,0,0,0,0,0,0.00,0,0,0,0,0,0.0,0.0,0.0,0.00,147,144,301,16,284,1,1,0,2.13,0.2,1.016,0,0,1267.1,0,0,227,222,72,41,32,12,36,7,59,2,0.0,4.3
CF,Carlos Beltran,Carlos,Beltran,Laffy Comedians - CG,6' 1',215 lbs,S,R,101,New York Mets,NYM,2006,2005-2014,,86327,Perfect,HOF Week - All-Time Legend  CF Carlos Beltran  NYM  Peak,0,N,0,106,124,146,174,116,122,144,124,156,125,101,118,153,180,113,46,28,Normal,Ex. Pull,Pull,1,1,1,7,1,1,1,7,1,1,1,7,16,-,-,-,-,-,-,-,-,-,-,-,1,GB,91-93,OTT,GB'er,1,3,-,-,-,2,9,2,2,108,124,122,-,-,-,-,-,-,-,129,149,-,-,-,-,-,-,-,129,149,95,78,121,119,145,141,652,576,130,78,34,2,16,62,82,64,2,8,0,4,0,132,12,67.6,1.47,67,-9.6,1.1,4.06,30,15,-0.7,3.2,0,0,0,0,0,0,0,0.0,0,0,0,0,0,0,0,0,0,0,0,0,0,0,0,0,0,0,0,0,0,0.00,0,0,0,0,0,0.0,0.0,0.0,0.00,142,141,288,6,277,5,1,0,2.00,-1.6,1.001,0,0,1273.2,0,0,232,224,44,30,47,18,42,4,51,1,0.0,-0.6
RF,Carlos Beltran,Carlos,Beltran,Tampa Bay Yankees 22,6' 1',215 lbs,S,R,101,New York Mets,NYM,2006,2005-2014,,86327,Perfect,HOF Week - All-Time Legend  CF Carlos Beltran  NYM  Peak,0,N,0,106,124,146,174,116,122,144,124,156,125,101,118,153,180,113,46,28,Normal,Ex. Pull,Pull,1,1,1,7,1,1,1,7,1,1,1,7,16,-,-,-,-,-,-,-,-,-,-,-,1,GB,91-93,OTT,GB'er,1,3,-,-,-,2,9,2,2,108,124,122,-,-,-,-,-,-,-,129,149,-,-,-,-,-,-,-,129,149,95,78,121,119,140,140,670,592,153,93,39,1,20,61,95,68,1,5,0,5,0,139,11,87.8,3.70,87,8.2,3.3,3.89,25,11,0.0,3.8,0,0,0,0,0,0,0,0.0,0,0,0,0,0,0,0,0,0,0,0,0,0,0,0,0,0,0,0,0,0,0.00,0,0,0,0,0,0.0,0.0,0.0,0.00,161,140,326,4,320,2,1,0,2.29,-4.4,.980,0,0,1273.0,0,0,256,250,78,51,42,11,38,7,49,1,0.0,0.6
CF,Carlos Beltran,Carlos,Beltran,Madison Mashers - CG,6' 1',215 lbs,S,R,101,New York Mets,NYM,2006,2005-2014,,86327,Perfect,HOF Week - All-Time Legend  CF Carlos Beltran  NYM  Peak,0,N,0,106,124,146,174,116,122,144,124,156,125,101,118,153,180,113,46,28,Normal,Ex. Pull,Pull,1,1,1,7,1,1,1,7,1,1,1,7,16,-,-,-,-,-,-,-,-,-,-,-,1,GB,91-93,OTT,GB'er,1,3,-,-,-,2,9,2,2,108,124,122,-,-,-,-,-,-,-,129,149,-,-,-,-,-,-,-,129,149,95,78,121,119,142,142,608,524,138,86,37,0,15,73,87,69,0,8,0,7,0,109,16,81.6,0.47,82,10.6,4.2,4.00,16,2,2.4,5.0,0,0,0,0,0,0,0,0.0,0,0,0,0,0,0,0,0,0,0,0,0,0,0,0,0,0,0,0,0,0,0.00,0,0,0,0,0,0.0,0.0,0.0,0.00,152,142,318,13,305,0,1,0,2.26,0.6,1.011,0,0,1268.1,0,0,246,240,57,39,52,19,47,5,60,2,0.0,4.8
CF,Carlos Beltran,Carlos,Beltran,Grover Beach Grouches,6' 1',215 lbs,S,R,101,New York Mets,NYM,2006,2005-2014,,86327,Perfect,HOF Week - All-Time Legend  CF Carlos Beltran  NYM  Peak,287 696,N,0,106,124,146,174,116,122,144,124,156,125,101,118,153,180,113,46,28,Normal,Ex. Pull,Pull,1,1,1,7,1,1,1,7,1,1,1,7,16,-,-,-,-,-,-,-,-,-,-,-,1,GB,91-93,OTT,GB'er,1,3,-,-,-,2,9,2,2,108,124,122,-,-,-,-,-,-,-,129,149,-,-,-,-,-,-,-,129,149,95,78,121,119,152,143,647,557,145,95,28,2,20,70,90,81,0,5,1,3,0,131,7,91.6,0.97,90,13.7,3.8,4.14,25,8,1.5,3.9,0,0,0,0,0,0,0,0.0,0,0,0,0,0,0,0,0,0,0,0,0,0,0,0,0,0,0,0,0,0,0.00,0,0,0,0,0,0.0,0.0,0.0,0.00,165,143,301,6,293,2,1,0,2.08,1.5,.998,0,0,1292.2,0,0,232,231,57,37,46,19,34,4,70,2,0.0,2.4
CF,Carlos Beltran,Carlos,Beltran,Houston Swangas,6' 1',215 lbs,S,R,101,New York Mets,NYM,2006,2005-2014,,86327,Perfect,HOF Week - All-Time Legend  CF Carlos Beltran  NYM  Peak,0,N,0,106,124,146,174,116,122,144,124,156,125,101,118,153,180,113,46,28,Normal,Ex. Pull,Pull,1,1,1,7,1,1,1,7,1,1,1,7,16,-,-,-,-,-,-,-,-,-,-,-,1,GB,91-93,OTT,GB'er,1,3,-,-,-,2,9,2,2,108,124,122,-,-,-,-,-,-,-,129,149,-,-,-,-,-,-,-,129,149,95,78,121,119,147,143,662,568,152,106,32,2,12,73,89,88,1,2,1,3,0,109,9,86.3,2.55,88,10.3,3.3,4.06,34,19,-2.0,2.9,0,0,0,0,0,0,0,0.0,0,0,0,0,0,0,0,0,0,0,0,0,0,0,0,0,0,0,0,0,0,0.00,0,0,0,0,0,0.0,0.0,0.0,0.00,144,143,314,6,305,3,2,0,2.21,3.9,1.005,0,0,1266.2,0,0,246,244,53,34,38,16,35,9,39,2,0.0,2.6
CF,Carlos Beltran,Carlos,Beltran,Maple Madness,6' 1',215 lbs,S,R,101,New York Mets,NYM,2006,2005-2014,,86327,Perfect,HOF Week - All-Time Legend  CF Carlos Beltran  NYM  Peak,0,N,0,106,124,146,174,116,122,144,124,156,125,101,118,153,180,113,46,28,Normal,Ex. Pull,Pull,1,1,1,7,1,1,1,7,1,1,1,7,16,-,-,-,-,-,-,-,-,-,-,-,1,GB,91-93,OTT,GB'er,1,3,-,-,-,2,9,2,2,108,124,122,-,-,-,-,-,-,-,129,149,-,-,-,-,-,-,-,129,149,95,78,121,119,144,141,604,512,151,100,35,3,13,69,83,73,1,12,1,6,0,102,13,97.9,4.08,96,24.5,5.5,4.14,33,7,4.0,2.1,0,0,0,0,0,0,0,0.0,0,0,0,0,0,0,0,0,0,0,0,0,0,0,0,0,0,0,0,0,0,0.00,0,0,0,0,0,0.0,0.0,0.0,0.00,141,141,283,5,278,0,1,0,2.01,8.1,1.040,0,0,1265.2,0,0,218,215,53,34,31,15,35,11,51,3,0.0,2.2
CF,Carlos Beltran,Carlos,Beltran,Tulsa Doom,6' 1',215 lbs,S,R,101,New York Mets,NYM,2006,2005-2014,,86327,Perfect,HOF Week - All-Time Legend  CF Carlos Beltran  NYM  Peak,0,N,0,106,124,146,174,116,122,144,124,156,125,101,118,153,180,113,46,28,Normal,Ex. Pull,Pull,1,1,1,7,1,1,1,7,1,1,1,7,16,-,-,-,-,-,-,-,-,-,-,-,1,GB,91-93,OTT,GB'er,1,3,-,-,-,2,9,2,2,108,124,122,-,-,-,-,-,-,-,129,149,-,-,-,-,-,-,-,129,149,95,78,121,119,144,139,627,534,131,82,31,0,18,74,77,73,0,12,0,8,0,113,21,77.9,1.47,80,6.2,4.3,4.02,18,1,3.4,5.1,0,0,0,0,0,0,0,0.0,0,0,0,0,0,0,0,0,0,0,0,0,0,0,0,0,0,0,0,0,0,0.00,0,0,0,0,0,0.0,0.0,0.0,0.00,140,139,328,12,313,3,0,0,2.37,0.2,.989,0,0,1236.1,0,0,243,242,66,42,47,17,52,7,50,5,0.0,4.2
CF,Carlos Beltran,Carlos,Beltran,Rockford Peaches,6' 1',215 lbs,S,R,101,New York Mets,NYM,2006,2005-2014,,86327,Perfect,HOF Week - All-Time Legend  CF Carlos Beltran  NYM  Peak,0,N,0,106,124,146,174,116,122,144,124,156,125,101,118,153,180,113,46,28,Normal,Ex. Pull,Pull,1,1,1,7,1,1,1,7,1,1,1,7,16,-,-,-,-,-,-,-,-,-,-,-,1,GB,91-93,OTT,GB'er,1,3,-,-,-,2,9,2,2,108,124,122,-,-,-,-,-,-,-,129,149,-,-,-,-,-,-,-,129,149,95,78,121,119,147,142,628,553,136,89,28,0,19,72,75,65,0,3,3,4,0,120,11,74.6,0.74,74,-0.3,2.0,4.05,16,6,0.4,1.9,0,0,0,0,0,0,0,0.0,0,0,0,0,0,0,0,0,0,0,0,0,0,0,0,0,0,0,0,0,0,0.00,0,0,0,0,0,0.0,0.0,0.0,0.00,145,142,316,8,305,3,1,0,2.21,0.5,1.005,0,0,1272.1,0,0,264,259,40,22,38,16,35,6,47,2,0.0,1.6
CF,Carlos Beltran,Carlos,Beltran,Webster Groves Supercells,6' 1',215 lbs,S,R,101,New York Mets,NYM,2006,2005-2014,,86327,Perfect,HOF Week - All-Time Legend  CF Carlos Beltran  NYM  Peak,0,N,0,106,124,146,174,116,122,144,124,156,125,101,118,153,180,113,46,28,Normal,Ex. Pull,Pull,1,1,1,7,1,1,1,7,1,1,1,7,16,-,-,-,-,-,-,-,-,-,-,-,1,GB,91-93,OTT,GB'er,1,3,-,-,-,2,9,2,2,108,124,122,-,-,-,-,-,-,-,129,149,-,-,-,-,-,-,-,129,149,95,78,121,119,142,142,663,587,164,110,32,2,20,72,102,66,0,5,0,5,0,132,10,95.5,1.55,94,16.0,3.5,3.99,31,12,0.9,3.6,0,0,0,0,0,0,0,0.0,0,0,0,0,0,0,0,0,0,0,0,0,0,0,0,0,0,0,0,0,0,0.00,0,0,0,0,0,0.0,0.0,0.0,0.00,145,142,300,8,292,0,0,0,2.12,-2.7,1.009,0,0,1273.1,0,0,237,234,65,41,48,13,54,3,47,1,0.0,-0.6
RF,Carlos Beltran,Carlos,Beltran,New Haven Corsairs,6' 1',215 lbs,S,R,101,New York Mets,NYM,2006,2005-2014,,86327,Perfect,HOF Week - All-Time Legend  CF Carlos Beltran  NYM  Peak,0,N,0,106,124,146,174,116,122,144,124,156,125,101,118,153,180,113,46,28,Normal,Ex. Pull,Pull,1,1,1,7,1,1,1,7,1,1,1,7,16,-,-,-,-,-,-,-,-,-,-,-,1,GB,91-93,OTT,GB'er,1,3,-,-,-,2,9,2,2,108,124,122,-,-,-,-,-,-,-,129,149,-,-,-,-,-,-,-,129,149,95,78,121,119,144,141,637,548,150,100,31,5,14,76,86,79,4,4,0,5,1,115,3,96.4,2.29,88,12.9,3.3,4.00,46,11,5.2,3.2,0,0,0,0,0,0,0,0.0,0,0,0,0,0,0,0,0,0,0,0,0,0,0,0,0,0,0,0,0,0,0.00,0,0,0,0,0,0.0,0.0,0.0,0.00,142,141,250,4,244,2,0,0,1.80,-3.2,.998,0,0,1241.0,0,0,214,211,42,21,27,6,29,6,48,0,0.0,-0.2
CF,Carlos Beltran,Carlos,Beltran,-,6' 1',215 lbs,S,R,101,New York Mets,NYM,2006,2005-2014,,86327,Perfect,HOF Week - All-Time Legend  CF Carlos Beltran  NYM  Peak,0,N,0,106,124,146,174,116,122,144,124,156,125,101,118,153,180,113,46,28,Normal,Ex. Pull,Pull,1,1,1,7,1,1,1,7,1,1,1,7,16,-,-,-,-,-,-,-,-,-,-,-,1,GB,91-93,OTT,GB'er,1,3,-,-,-,2,9,2,2,108,124,122,-,-,-,-,-,-,-,129,149,-,-,-,-,-,-,-,129,149,95,78,121,119,19,18,79,70,13,7,3,1,2,7,9,9,1,0,0,0,0,13,1,7.0,-0.51,6,-3.3,-0.2,4.13,3,1,0.2,0.1,0,0,0,0,0,0,0,0.0,0,0,0,0,0,0,0,0,0,0,0,0,0,0,0,0,0,0,0,0,0,0.00,0,0,0,0,0,0.0,0.0,0.0,0.00,23,18,44,0,42,2,0,0,2.21,-0.8,.996,0,0,171.0,0,0,37,37,7,3,7,2,5,0,1,0,0.0,0.5
CF,Carlos Beltran,Carlos,Beltran,Mount Pleasant Mounties,6' 1',215 lbs,S,R,101,New York Mets,NYM,2006,2005-2014,,86327,Perfect,HOF Week - All-Time Legend  CF Carlos Beltran  NYM  Peak,0,N,0,106,124,146,174,116,122,144,124,156,125,101,118,153,180,113,46,28,Normal,Ex. Pull,Pull,1,1,1,7,1,1,1,7,1,1,1,7,16,-,-,-,-,-,-,-,-,-,-,-,1,GB,91-93,OTT,GB'er,1,3,-,-,-,2,9,2,2,108,124,122,-,-,-,-,-,-,-,129,149,-,-,-,-,-,-,-,129,149,95,78,121,119,143,142,638,562,137,95,28,1,13,63,81,66,0,3,1,6,0,109,11,71.6,-0.64,68,-6.7,1.9,3.93,32,8,3.3,4.7,0,0,0,0,0,0,0,0.0,0,0,0,0,0,0,0,0,0,0,0,0,0,0,0,0,0,0,0,0,0,0.00,0,0,0,0,0,0.0,0.0,0.0,0.00,155,142,335,8,327,0,1,0,2.38,0.7,1.013,0,0,1265.0,0,0,267,262,66,43,52,18,32,1,43,3,0.0,0.5
C,Johnny Bench,Johnny,Bench,Washington Border Collies,6' 1',210 lbs,R,R,100,Cincinnati Reds,CIN,1972,1961-1979,,82755,Perfect,Hardware Heroes  C Johnny Bench  CIN  1972,0,N,0,84,83,122,121,92,66,52,130,140,100,89,91,120,115,90,4,9,Flyball,Normal,Normal,1,1,1,3,1,1,1,3,1,1,2,3,16,-,-,-,-,-,-,-,-,-,-,-,1,NEU,90-92,3/4,Normal,1,15,102,98,111,46,43,61,31,54,54,67,-,115,73,-,37,-,61,-,58,93,115,73,-,37,-,61,-,58,40,43,58,46,47,42,161,147,28,16,5,1,6,14,16,13,0,0,0,1,0,44,4,13.1,-1.55,12,-6.7,-0.1,3.94,0,0,0.0,-1.1,0,0,0,0,0,0,0,0.0,0,0,0,0,0,0,0,0,0,0,0,0,0,0,0,0,0,0,0,0,0,0.00,0,0,0,0,0,0.0,0.0,0.0,0.00,46,42,356,16,340,0,1,0,8.46,0.5,1.042,18,4,378.2,1,196,24,22,1,1,0,0,0,0,0,0,-0.3,0.0
C,Yogi Berra,Yogi,Berra,Englewood Pirates,5' 8',195 lbs,L,R,100,New York Yankees,NYY,1951,1946-1960,,82729,Perfect,Hardware Heroes  C Yogi Berra  NYY  1951,0,N,0,66,61,127,62,160,92,47,138,76,168,54,64,124,56,157,5,7,Flyball,Pull,Pull,1,1,1,5,1,1,2,5,1,1,1,5,16,-,-,-,-,-,-,-,-,-,-,-,1,NEU,89-91,3/4,Normal,1,15,104,78,112,4,4,7,8,9,10,1,-,108,-,-,-,-,-,-,-,-,108,-,-,-,-,-,-,-,55,35,61,62,61,54,205,193,48,36,9,0,3,23,17,7,0,2,0,3,0,36,2,18.8,-0.78,16,-8.1,0.2,3.60,0,0,0.0,-0.7,0,0,0,0,0,0,0,0.0,0,0,0,0,0,0,0,0,0,0,0,0,0,0,0,0,0,0,0,0,0,0.00,0,0,0,0,0,0.0,0.0,0.0,0.00,56,54,427,28,396,3,4,0,7.99,1.1,.967,29,8,477.1,1,206,18,18,4,3,1,1,0,0,0,0,-0.9,0.0
2B,Bret Boone,Bret,Boone,New Haven Corsairs,5' 10',180 lbs,R,R,102,Seattle Mariners,SEA,2001,1993-2004,,86701,Perfect,Studs & Duds - Hardware Heroes  2B Bret Boone  SEA  2001,0,N,0,134,112,137,85,114,184,121,142,114,132,118,110,135,77,108,52,11,Normal,Spray,Spray,1,1,1,5,1,1,1,5,1,1,1,5,16,-,-,-,-,-,-,-,-,-,-,-,1,NEU,91-93,OTT,Normal,1,10,-,-,-,116,80,69,85,9,2,5,-,-,-,125,-,-,-,-,-,154,-,-,125,-,-,-,-,-,46,34,47,58,41,35,155,148,34,26,6,0,2,15,13,5,0,0,0,2,0,39,2,11.3,-0.48,9,-9.3,-0.5,3.98,1,1,-0.4,-0.7,0,0,0,0,0,0,0,0.0,0,0,0,0,0,0,0,0,0,0,0,0,0,0,0,0,0,0,0,0,0,0.00,0,0,0,0,0,0.0,0.0,0.0,0.00,30,28,134,87,45,2,18,0,4.91,0.1,1.007,0,0,242.0,0,0,81,77,16,12,10,5,8,3,8,0,0.0,0.0
2B,Bret Boone,Bret,Boone,Tampa Bay Yankees 22,5' 10',180 lbs,R,R,102,Seattle Mariners,SEA,2001,1993-2004,,86701,Perfect,Studs & Duds - Hardware Heroes  2B Bret Boone  SEA  2001,0,N,0,134,112,137,85,114,184,121,142,114,132,118,110,135,77,108,52,11,Normal,Spray,Spray,1,1,1,5,1,1,1,5,1,1,1,5,16,-,-,-,-,-,-,-,-,-,-,-,1,NEU,91-93,OTT,Normal,1,10,-,-,-,116,80,69,85,9,2,5,-,-,-,125,-,-,-,-,-,154,-,-,125,-,-,-,-,-,46,34,47,58,99,95,380,356,103,74,23,0,6,29,38,20,0,4,0,0,0,80,11,45.5,0.24,46,1.8,1.2,4.18,0,1,-0.8,-1.1,0,0,0,0,0,0,0,0.0,0,0,0,0,0,0,0,0,0,0,0,0,0,0,0,0,0,0,0,0,0,0.00,0,0,0,0,0,0.0,0.0,0.0,0.00,97,95,409,248,150,11,56,0,4.16,-2.2,.982,0,0,860.2,0,0,248,229,40,33,19,7,27,11,17,1,0.0,0.0
2B,Bret Boone,Bret,Boone,Madison Mashers - CG,5' 10',180 lbs,R,R,102,Seattle Mariners,SEA,2001,1993-2004,,86701,Perfect,Studs & Duds - Hardware Heroes  2B Bret Boone  SEA  2001,0,N,0,134,112,137,85,114,184,121,142,114,132,118,110,135,77,108,52,11,Normal,Spray,Spray,1,1,1,5,1,1,1,5,1,1,1,5,16,-,-,-,-,-,-,-,-,-,-,-,1,NEU,91-93,OTT,Normal,1,10,-,-,-,116,80,69,85,9,2,5,-,-,-,125,-,-,-,-,-,154,-,-,125,-,-,-,-,-,46,34,47,58,87,85,384,351,95,58,25,0,12,46,49,27,0,2,0,4,0,79,9,50.1,0.10,49,3.9,1.8,3.99,3,0,0.5,-1.4,0,0,0,0,0,0,0,0.0,0,0,0,0,0,0,0,0,0,0,0,0,0,0,0,0,0,0,0,0,0,0.00,0,0,0,0,0,0.0,0.0,0.0,0.00,85,85,337,239,88,10,51,0,3.92,0.5,1.024,0,0,750.2,0,0,227,214,35,23,22,10,13,5,15,2,0.0,0.0
2B,Bret Boone,Bret,Boone,Maple Madness,5' 10',180 lbs,R,R,102,Seattle Mariners,SEA,2001,1993-2004,,86701,Perfect,Studs & Duds - Hardware Heroes  2B Bret Boone  SEA  2001,0,N,0,134,112,137,85,114,184,121,142,114,132,118,110,135,77,108,52,11,Normal,Spray,Spray,1,1,1,5,1,1,1,5,1,1,1,5,16,-,-,-,-,-,-,-,-,-,-,-,1,NEU,91-93,OTT,Normal,1,10,-,-,-,116,80,69,85,9,2,5,-,-,-,125,-,-,-,-,-,154,-,-,125,-,-,-,-,-,46,34,47,58,87,74,330,302,94,64,18,3,9,35,47,22,0,4,1,1,0,54,7,52.3,1.38,51,12.5,2.9,3.78,0,0,0.0,0.9,0,0,0,0,0,0,0,0.0,0,0,0,0,0,0,0,0,0,0,0,0,0,0,0,0,0,0,0,0,0,0.00,0,0,0,0,0,0.0,0.0,0.0,0.00,78,74,301,191,107,3,46,0,4.46,3.3,1.038,0,0,601.1,0,0,199,190,27,21,13,9,15,6,12,1,0.0,0.0
1B,Dan Brouthers,Dan,Brouthers,Barnstable Beasts,6' 2',205 lbs,L,R,101,Boston Beaneaters,ATL,1889,2026,LE,86578,Perfect,Limited Edition/42  1B Dan Brouthers  BSN  1889,0,N,0,148,127,98,120,202,141,118,88,116,200,150,130,102,122,202,6,6,Line Drive,Spray,Spray,1,1,1,3,1,1,1,3,1,1,1,3,16,-,-,16,-,17,-,-,-,-,-,-,3,NEU,91-93,3/4,Normal,1,2,-,-,-,65,57,49,69,40,30,50,-,-,87,-,-,-,-,-,-,112,-,87,-,-,-,-,-,-,66,60,76,56,137,118,533,481,136,92,28,4,12,55,71,41,0,7,0,4,0,57,10,71.7,1.54,72,9.0,1.4,3.85,2,3,-1.5,-1.4,1,0,0,0,0,0,0,0.0,6,4,3,1,0,0,5,5,2,0,0,0,0,0,0,0,0,0,0,0,0,0.13,27,0,0,0,0,-0.0,0.0,0.0,9.96,106,99,807,56,748,3,65,0,9.00,-2.0,.999,0,0,804.0,0,0,156,146,18,13,5,2,3,0,11,0,0.0,0.0
1B,Dan Brouthers,Dan,Brouthers,Laffy Comedians - CG,6' 2',205 lbs,L,R,101,Boston Beaneaters,ATL,1889,2026,LE,86578,Perfect,Limited Edition/42  1B Dan Brouthers  BSN  1889,0,N,0,148,127,98,120,202,141,118,88,116,200,150,130,102,122,202,6,6,Line Drive,Spray,Spray,1,1,1,3,1,1,1,3,1,1,1,3,16,-,-,16,-,17,-,-,-,-,-,-,3,NEU,91-93,3/4,Normal,1,2,-,-,-,65,57,49,69,40,30,50,-,-,87,-,-,-,-,-,-,112,-,87,-,-,-,-,-,-,66,60,76,56,132,117,501,447,136,85,37,5,9,47,62,38,1,10,0,6,0,65,9,78.4,2.32,76,17.3,2.7,3.82,1,1,-0.7,1.3,0,0,0,0,0,0,0,0.0,0,0,0,0,0,0,0,0,0,0,0,0,0,0,0,0,0,0,0,0,0,0.00,0,0,0,0,0,0.0,0.0,0.0,0.00,120,117,1109,82,1022,5,94,0,9.46,0.2,1.005,0,0,1050.1,0,0,187,179,28,19,8,7,4,2,4,0,0.0,0.0
1B,Dan Brouthers,Dan,Brouthers,Tampa Bay Yankees 22,6' 2',205 lbs,L,R,101,Boston Beaneaters,ATL,1889,2026,LE,86578,Perfect,Limited Edition/42  1B Dan Brouthers  BSN  1889,0,N,0,148,127,98,120,202,141,118,88,116,200,150,130,102,122,202,6,6,Line Drive,Spray,Spray,1,1,1,3,1,1,1,3,1,1,1,3,16,-,-,16,-,17,-,-,-,-,-,-,3,NEU,91-93,3/4,Normal,1,2,-,-,-,65,57,49,69,40,30,50,-,-,87,-,-,-,-,-,-,112,-,87,-,-,-,-,-,-,66,60,76,56,149,149,674,604,169,109,43,4,13,74,83,61,0,6,0,3,0,100,14,91.1,0.72,92,12.3,2.2,3.92,0,1,-1.0,-3.4,0,0,0,0,0,0,0,0.0,0,0,0,0,0,0,0,0,0,0,0,0,0,0,0,0,0,0,0,0,0,0.00,0,0,0,0,0,0.0,0.0,0.0,0.00,149,149,1422,108,1310,4,114,0,9.45,2.9,1.027,0,0,1350.2,0,0,254,247,39,33,13,6,9,2,8,0,0.0,0.0
1B,Dan Brouthers,Dan,Brouthers,Tulsa Doom,6' 2',205 lbs,L,R,101,Boston Beaneaters,ATL,1889,2026,LE,86578,Perfect,Limited Edition/42  1B Dan Brouthers  BSN  1889,0,N,0,148,127,98,120,202,141,118,88,116,200,150,130,102,122,202,6,6,Line Drive,Spray,Spray,1,1,1,3,1,1,1,3,1,1,1,3,16,-,-,16,-,17,-,-,-,-,-,-,3,NEU,91-93,3/4,Normal,1,2,-,-,-,65,57,49,69,40,30,50,-,-,87,-,-,-,-,-,-,112,-,87,-,-,-,-,-,-,66,60,76,56,154,150,647,586,150,113,27,4,6,46,73,47,0,9,0,5,0,96,12,65.8,0.85,64,-12.0,-0.5,4.02,1,1,-0.8,-5.2,0,0,0,0,0,0,0,0.0,0,0,0,0,0,0,0,0,0,0,0,0,0,0,0,0,0,0,0,0,0,0.00,0,0,0,0,0,0.0,0.0,0.0,0.00,151,150,1404,107,1292,5,125,0,9.64,2.6,1.018,0,0,1306.0,0,0,245,240,28,24,12,4,11,3,5,0,0.0,0.0
1B,Dan Brouthers,Dan,Brouthers,Peninsula Whips,6' 2',205 lbs,L,R,101,Boston Beaneaters,ATL,1889,2026,LE,86578,Perfect,Limited Edition/42  1B Dan Brouthers  BSN  1889,0,N,0,148,127,98,120,202,141,118,88,116,200,150,130,102,122,202,6,6,Line Drive,Spray,Spray,1,1,1,3,1,1,1,3,1,1,1,3,16,-,-,16,-,17,-,-,-,-,-,-,3,NEU,91-93,3/4,Normal,1,2,-,-,-,65,57,49,69,40,30,50,-,-,87,-,-,-,-,-,-,112,-,87,-,-,-,-,-,-,66,60,76,56,137,130,583,502,145,95,34,4,12,68,76,72,0,6,0,3,0,65,8,89.4,0.87,90,21.4,2.9,3.91,2,3,-1.6,1.5,0,0,0,0,0,0,0,0.0,0,0,0,0,0,0,0,0,0,0,0,0,0,0,0,0,0,0,0,0,0,0.00,0,0,0,0,0,0.0,0.0,0.0,0.00,130,130,1265,99,1155,11,96,0,9.78,-0.6,.990,0,0,1153.2,0,0,241,230,31,26,15,7,10,3,8,0,0.0,0.0
1B,Dan Brouthers,Dan,Brouthers,Dark Web Hackers,6' 2',205 lbs,L,R,101,Boston Beaneaters,ATL,1889,2026,LE,86578,Perfect,Limited Edition/42  1B Dan Brouthers  BSN  1889,0,N,0,148,127,98,120,202,141,118,88,116,200,150,130,102,122,202,6,6,Line Drive,Spray,Spray,1,1,1,3,1,1,1,3,1,1,1,3,16,-,-,16,-,17,-,-,-,-,-,-,3,NEU,91-93,3/4,Normal,1,2,-,-,-,65,57,49,69,40,30,50,-,-,87,-,-,-,-,-,-,112,-,87,-,-,-,-,-,-,66,60,76,56,149,149,686,621,191,135,43,3,10,71,84,56,0,6,1,2,0,90,15,100.2,2.25,100,19.0,3.0,3.94,2,0,-0.1,-3.1,0,0,0,0,0,0,0,0.0,0,0,0,0,0,0,0,0,0,0,0,0,0,0,0,0,0,0,0,0,0,0.00,0,0,0,0,0,0.0,0.0,0.0,0.00,149,149,1456,112,1340,4,114,0,9.90,5.0,1.029,0,0,1320.1,0,0,285,279,37,32,13,10,9,1,10,0,0.0,0.0
1B,Dan Brouthers,Dan,Brouthers,Gastonia Peaches,6' 2',205 lbs,L,R,101,Boston Beaneaters,ATL,1889,2026,LE,86578,Perfect,Limited Edition/42  1B Dan Brouthers  BSN  1889,0,N,0,148,127,98,120,202,141,118,88,116,200,150,130,102,122,202,6,6,Line Drive,Spray,Spray,1,1,1,3,1,1,1,3,1,1,1,3,16,-,-,16,-,17,-,-,-,-,-,-,3,NEU,91-93,3/4,Normal,1,2,-,-,-,65,57,49,69,40,30,50,-,-,87,-,-,-,-,-,-,112,-,87,-,-,-,-,-,-,66,60,76,56,152,149,639,584,167,121,35,1,10,74,79,47,1,3,1,4,0,74,16,79.1,1.30,78,2.7,0.2,3.98,4,0,0.5,-6.2,0,0,0,0,0,0,0,0.0,0,0,0,0,0,0,0,0,0,0,0,0,0,0,0,0,0,0,0,0,0,0.00,0,0,0,0,0,0.0,0.0,0.0,0.00,152,149,1362,107,1239,16,108,0,9.22,-3.8,.957,0,0,1314.1,0,0,252,236,32,25,9,7,5,0,12,2,0.0,0.0
1B,Dan Brouthers,Dan,Brouthers,Madison Moundsmen - CG,6' 2',205 lbs,L,R,101,Boston Beaneaters,ATL,1889,2026,LE,86578,Perfect,Limited Edition/42  1B Dan Brouthers  BSN  1889,0,N,0,148,127,98,120,202,141,118,88,116,200,150,130,102,122,202,6,6,Line Drive,Spray,Spray,1,1,1,3,1,1,1,3,1,1,1,3,16,-,-,16,-,17,-,-,-,-,-,-,3,NEU,91-93,3/4,Normal,1,2,-,-,-,65,57,49,69,40,30,50,-,-,87,-,-,-,-,-,-,112,-,87,-,-,-,-,-,-,66,60,76,56,112,101,466,415,132,90,29,2,11,55,60,42,0,4,0,4,1,48,11,75.7,2.42,75,20.6,2.7,3.94,0,1,-0.9,-0.9,0,0,0,0,0,0,0,0.0,0,0,0,0,0,0,0,0,0,0,0,0,0,0,0,0,0,0,0,0,0,0.00,0,0,0,0,0,0.0,0.0,0.0,0.00,96,95,863,55,804,4,81,0,9.20,0.3,1.019,0,0,840.0,0,0,167,161,19,14,6,3,4,0,7,0,0.0,0.0
3B,Ken Caminiti,Ken,Caminiti,Houston Swangas,6' 0',200 lbs,S,R,100,San Diego Padres,SDP,1996,1993-2004,,85751,Perfect,SwitchKnucklers - Hardware Heroes  3B Ken Caminiti  SD  1996,0,N,0,110,100,127,122,103,108,118,146,92,124,111,96,120,134,98,5,4,Normal,Normal,Normal,1,1,1,7,1,1,1,7,1,1,1,7,16,-,-,-,-,-,-,-,-,-,-,-,1,GB,90-92,OTT,GB'er,1,14,-,-,-,108,59,117,84,8,6,8,-,-,-,-,111,-,-,-,-,148,-,-,-,111,-,-,-,-,57,61,78,70,148,145,601,541,129,81,31,1,16,71,71,47,0,9,0,4,0,111,15,64.3,-0.44,64,-6.4,1.2,4.02,4,1,0.1,-2.2,0,0,0,0,0,0,0,0.0,0,0,0,0,0,0,0,0,0,0,0,0,0,0,0,0,0,0,0,0,0,0.00,0,0,0,0,0,0.0,0.0,0.0,0.00,145,145,402,295,81,26,33,0,2.81,-0.6,.985,0,0,1205.1,0,0,336,309,40,31,24,17,17,8,18,0,0.0,-0.2
C,Roy Campanella,Roy,Campanella,New Platson Grand Petites HotL,5' 9',190 lbs,R,R,100,Brooklyn Dodgers,LAD,1951,1946-1960,,82762,Perfect,Icon Pre-Orders - Hardware Heroes  C Roy Campanella  BRO  1951,0,Y,5,114,110,135,79,101,128,125,140,82,113,108,106,133,79,98,4,1,Flyball,Normal,Normal,1,1,1,6,1,1,1,6,1,1,1,6,16,17,17,-,-,-,-,-,-,-,-,-,3,NEU,90-92,3/4,Normal,1,6,94,92,114,10,4,8,4,8,8,5,-,118,-,-,-,-,-,-,-,13,118,-,-,-,-,-,-,-,12,13,9,29,74,74,304,287,70,43,12,0,15,53,33,12,0,2,1,0,2,70,6,33.4,0.68,33,-3.0,1.1,3.87,0,1,-0.7,-0.6,0,0,0,0,0,0,0,0.0,0,0,0,0,0,0,0,0,0,0,0,0,0,0,0,0,0,0,0,0,0,0.00,0,0,0,0,0,0.0,0.0,0.0,0.00,74,74,591,40,550,1,5,0,7.98,1.4,.984,40,13,665.0,3,340,34,32,7,6,0,0,0,0,0,0,-0.1,0.0
C,Roy Campanella,Roy,Campanella,Freedom Grabbers - HotL,5' 9',190 lbs,R,R,100,Brooklyn Dodgers,LAD,1951,1946-1960,,82762,Perfect,Icon Pre-Orders - Hardware Heroes  C Roy Campanella  BRO  1951,0,Y,5,114,110,135,79,101,128,125,140,82,113,108,106,133,79,98,4,1,Flyball,Normal,Normal,1,1,1,6,1,1,1,6,1,1,1,6,16,17,17,-,-,-,-,-,-,-,-,-,3,NEU,90-92,3/4,Normal,1,6,94,92,114,10,4,8,4,8,8,5,-,118,-,-,-,-,-,-,-,13,118,-,-,-,-,-,-,-,12,13,9,29,82,74,299,282,74,42,24,1,7,32,27,14,0,1,0,2,0,67,6,35.0,0.07,33,-1.6,0.7,3.70,0,0,0.0,-5.4,0,0,0,0,0,0,0,0.0,0,0,0,0,0,0,0,0,0,0,0,0,0,0,0,0,0,0,0,0,0,0.00,0,0,0,0,0,0.0,0.0,0.0,0.00,79,74,566,34,529,3,4,0,7.75,-0.6,1.042,45,13,653.2,6,304,28,24,3,2,0,0,0,0,0,0,0.2,0.0
C,Roy Campanella,Roy,Campanella,Barnstable Beasts,5' 9',190 lbs,R,R,100,Brooklyn Dodgers,LAD,1951,1946-1960,,82762,Perfect,Icon Pre-Orders - Hardware Heroes  C Roy Campanella  BRO  1951,0,Y,5,114,110,135,79,101,128,125,140,82,113,108,106,133,79,98,4,1,Flyball,Normal,Normal,1,1,1,6,1,1,1,6,1,1,1,6,16,17,17,-,-,-,-,-,-,-,-,-,3,NEU,90-92,3/4,Normal,1,6,94,92,114,10,4,8,4,8,8,5,-,118,-,-,-,-,-,-,-,13,118,-,-,-,-,-,-,-,12,13,9,29,78,74,286,260,59,34,19,0,6,31,25,19,0,3,0,4,0,62,4,27.9,1.19,25,-8.0,0.5,4.07,0,0,0.0,-2.2,0,0,0,0,0,0,0,0.0,0,0,0,0,0,0,0,0,0,0,0,0,0,0,0,0,0,0,0,0,0,0.00,0,0,0,0,0,0.0,0.0,0.0,0.00,77,74,618,18,593,7,4,0,8.25,-0.1,.833,32,9,666.1,5,329,25,23,2,1,0,0,0,0,0,0,-0.0,0.0
C,Roy Campanella,Roy,Campanella,Englewood Pirates,5' 9',190 lbs,R,R,100,Brooklyn Dodgers,LAD,1951,1946-1960,,82762,Perfect,Icon Pre-Orders - Hardware Heroes  C Roy Campanella  BRO  1951,0,Y,5,114,110,135,79,101,128,125,140,82,113,108,106,133,79,98,4,1,Flyball,Normal,Normal,1,1,1,6,1,1,1,6,1,1,1,6,16,17,17,-,-,-,-,-,-,-,-,-,3,NEU,90-92,3/4,Normal,1,6,94,92,114,10,4,8,4,8,8,5,-,118,-,-,-,-,-,-,-,13,118,-,-,-,-,-,-,-,12,13,9,29,92,89,356,327,76,49,16,0,11,34,31,24,1,3,0,2,0,84,10,34.3,-0.89,34,-7.9,1.1,3.96,0,1,-0.7,-1.5,0,0,0,0,0,0,0,0.0,0,0,0,0,0,0,0,0,0,0,0,0,0,0,0,0,0,0,0,0,0,0.00,0,0,0,0,0,0.0,0.0,0.0,0.00,90,89,727,51,673,3,8,0,8.26,1.5,.941,32,12,789.0,2,387,42,41,11,5,1,0,0,0,0,0,2.6,0.0
C,Roy Campanella,Roy,Campanella,Washington Border Collies,5' 9',190 lbs,R,R,100,Brooklyn Dodgers,LAD,1951,1946-1960,,82762,Perfect,Icon Pre-Orders - Hardware Heroes  C Roy Campanella  BRO  1951,0,Y,5,114,110,135,79,101,128,125,140,82,113,108,106,133,79,98,4,1,Flyball,Normal,Normal,1,1,1,6,1,1,1,6,1,1,1,6,16,17,17,-,-,-,-,-,-,-,-,-,3,NEU,90-92,3/4,Normal,1,6,94,92,114,10,4,8,4,8,8,5,-,118,-,-,-,-,-,-,-,13,118,-,-,-,-,-,-,-,12,13,9,29,120,120,495,456,121,75,35,0,11,57,56,28,0,3,0,8,0,106,12,56.9,-0.70,55,-3.0,1.3,3.90,0,0,0.0,-6.9,0,0,0,0,0,0,0,0.0,0,0,0,0,0,0,0,0,0,0,0,0,0,0,0,0,0,0,0,0,0,0.00,0,0,0,0,0,0.0,0.0,0.0,0.00,120,120,1030,55,967,8,14,0,8.44,2.2,.912,63,20,1089.1,3,525,39,38,11,8,0,0,0,0,0,0,0.2,0.0
C,Roy Campanella,Roy,Campanella,Alexandria SafeZone,5' 9',190 lbs,R,R,100,Brooklyn Dodgers,LAD,1951,1946-1960,,82762,Perfect,Icon Pre-Orders - Hardware Heroes  C Roy Campanella  BRO  1951,0,Y,5,114,110,135,79,101,128,125,140,82,113,108,106,133,79,98,4,1,Flyball,Normal,Normal,1,1,1,6,1,1,1,6,1,1,1,6,16,17,17,-,-,-,-,-,-,-,-,-,3,NEU,90-92,3/4,Normal,1,6,94,92,114,10,4,8,4,8,8,5,-,118,-,-,-,-,-,-,-,13,118,-,-,-,-,-,-,-,12,13,9,29,87,73,291,268,82,55,20,0,7,42,32,16,0,4,0,3,0,60,7,42.4,1.22,42,7.6,1.7,3.74,0,0,0.0,-2.5,0,0,0,0,0,0,0,0.0,0,0,0,0,0,0,0,0,0,0,0,0,0,0,0,0,0,0,0,0,0,0.00,0,0,0,0,0,0.0,0.0,0.0,0.00,87,73,569,34,530,5,7,0,7.65,-0.6,1.042,55,14,663.1,4,295,27,23,4,3,0,0,0,0,0,0,-1.2,0.0
C,Roy Campanella,Roy,Campanella,Laffy Comedians - CG,5' 9',190 lbs,R,R,100,Brooklyn Dodgers,LAD,1951,1946-1960,,82762,Perfect,Icon Pre-Orders - Hardware Heroes  C Roy Campanella  BRO  1951,0,Y,5,114,110,135,79,101,128,125,140,82,113,108,106,133,79,98,4,1,Flyball,Normal,Normal,1,1,1,6,1,1,1,6,1,1,1,6,16,17,17,-,-,-,-,-,-,-,-,-,3,NEU,90-92,3/4,Normal,1,6,94,92,114,10,4,8,4,8,8,5,-,118,-,-,-,-,-,-,-,13,118,-,-,-,-,-,-,-,12,13,9,29,48,43,168,158,42,27,6,0,9,25,24,10,0,0,0,0,0,39,4,22.2,0.53,22,2.5,1.2,4.06,0,0,0.0,0.0,0,0,0,0,0,0,0,0.0,0,0,0,0,0,0,0,0,0,0,0,0,0,0,0,0,0,0,0,0,0,0.00,0,0,0,0,0,0.0,0.0,0.0,0.00,48,43,403,21,380,2,3,0,9.03,1.0,1.273,24,7,399.2,1,155,25,22,3,2,0,0,0,0,0,0,0.0,0.0
C,Roy Campanella,Roy,Campanella,Madison Mashers - CG,5' 9',190 lbs,R,R,100,Brooklyn Dodgers,LAD,1951,1946-1960,,82762,Perfect,Icon Pre-Orders - Hardware Heroes  C Roy Campanella  BRO  1951,0,Y,5,114,110,135,79,101,128,125,140,82,113,108,106,133,79,98,4,1,Flyball,Normal,Normal,1,1,1,6,1,1,1,6,1,1,1,6,16,17,17,-,-,-,-,-,-,-,-,-,3,NEU,90-92,3/4,Normal,1,6,94,92,114,10,4,8,4,8,8,5,-,118,-,-,-,-,-,-,-,13,118,-,-,-,-,-,-,-,12,13,9,29,44,43,166,144,37,21,11,0,5,23,21,18,0,2,0,2,0,34,3,22.5,0.31,22,2.9,1.3,3.92,0,0,0.0,-0.0,0,0,0,0,0,0,0,0.0,0,0,0,0,0,0,0,0,0,0,0,0,0,0,0,0,0,0,0,0,0,0.00,0,0,0,0,0,0.0,0.0,0.0,0.00,44,43,376,22,352,2,6,0,8.83,1.7,1.042,20,9,381.0,0,169,20,18,2,1,1,1,0,0,0,0,0.2,0.0
C,Roy Campanella,Roy,Campanella,Canterbury Tails,5' 9',190 lbs,R,R,100,Brooklyn Dodgers,LAD,1951,1946-1960,,82762,Perfect,Icon Pre-Orders - Hardware Heroes  C Roy Campanella  BRO  1951,0,Y,5,114,110,135,79,101,128,125,140,82,113,108,106,133,79,98,4,1,Flyball,Normal,Normal,1,1,1,6,1,1,1,6,1,1,1,6,16,17,17,-,-,-,-,-,-,-,-,-,3,NEU,90-92,3/4,Normal,1,6,94,92,114,10,4,8,4,8,8,5,-,118,-,-,-,-,-,-,-,13,118,-,-,-,-,-,-,-,12,13,9,29,126,122,479,445,106,73,28,1,4,45,38,28,0,1,0,5,0,111,11,40.9,-1.35,37,-19.0,0.3,4.03,0,0,0.0,-4.7,0,0,0,0,0,0,0,0.0,0,0,0,0,0,0,0,0,0,0,0,0,0,0,0,0,0,0,0,0,0,0.00,0,0,0,0,0,0.0,0.0,0.0,0.00,123,122,1009,66,935,8,19,0,8.26,1.8,.868,78,26,1091.0,1,497,40,36,10,7,0,0,0,0,0,0,1.6,0.0
C,Roy Campanella,Roy,Campanella,Houston Swangas,5' 9',190 lbs,R,R,100,Brooklyn Dodgers,LAD,1951,1946-1960,,82762,Perfect,Icon Pre-Orders - Hardware Heroes  C Roy Campanella  BRO  1951,0,Y,5,114,110,135,79,101,128,125,140,82,113,108,106,133,79,98,4,1,Flyball,Normal,Normal,1,1,1,6,1,1,1,6,1,1,1,6,16,17,17,-,-,-,-,-,-,-,-,-,3,NEU,90-92,3/4,Normal,1,6,94,92,114,10,4,8,4,8,8,5,-,118,-,-,-,-,-,-,-,13,118,-,-,-,-,-,-,-,12,13,9,29,73,69,267,252,78,53,19,0,6,26,35,13,0,1,0,1,0,62,5,38.8,0.09,37,6.2,1.8,3.97,0,0,0.0,-2.7,0,0,0,0,0,0,0,0.0,0,0,0,0,0,0,0,0,0,0,0,0,0,0,0,0,0,0,0,0,0,0.00,0,0,0,0,0,0.0,0.0,0.0,0.00,72,69,553,23,529,1,5,0,8.18,0.1,.947,34,9,607.2,3,285,25,22,5,4,0,0,0,0,0,0,1.8,0.0
C,Roy Campanella,Roy,Campanella,Everett Aquasox,5' 9',190 lbs,R,R,100,Brooklyn Dodgers,LAD,1951,1946-1960,,82762,Perfect,Icon Pre-Orders - Hardware Heroes  C Roy Campanella  BRO  1951,0,Y,5,114,110,135,79,101,128,125,140,82,113,108,106,133,79,98,4,1,Flyball,Normal,Normal,1,1,1,6,1,1,1,6,1,1,1,6,16,17,17,-,-,-,-,-,-,-,-,-,3,NEU,90-92,3/4,Normal,1,6,94,92,114,10,4,8,4,8,8,5,-,118,-,-,-,-,-,-,-,13,118,-,-,-,-,-,-,-,12,13,9,29,82,71,284,262,70,48,12,0,10,41,33,19,0,1,0,2,0,58,6,35.0,-0.47,34,1.0,1.2,3.94,0,0,0.0,-1.7,0,0,0,0,0,0,0,0.0,0,0,0,0,0,0,0,0,0,0,0,0,0,0,0,0,0,0,0,0,0,0.00,0,0,0,0,0,0.0,0.0,0.0,0.00,77,70,598,31,565,2,7,0,8.57,0.1,.926,48,13,625.2,4,313,22,21,5,4,0,0,0,0,0,0,-1.4,0.0
C,Roy Campanella,Roy,Campanella,Peninsula Whips,5' 9',190 lbs,R,R,100,Brooklyn Dodgers,LAD,1951,1946-1960,,82762,Perfect,Icon Pre-Orders - Hardware Heroes  C Roy Campanella  BRO  1951,0,Y,5,114,110,135,79,101,128,125,140,82,113,108,106,133,79,98,4,1,Flyball,Normal,Normal,1,1,1,6,1,1,1,6,1,1,1,6,16,17,17,-,-,-,-,-,-,-,-,-,3,NEU,90-92,3/4,Normal,1,6,94,92,114,10,4,8,4,8,8,5,-,118,-,-,-,-,-,-,-,13,118,-,-,-,-,-,-,-,12,13,9,29,75,70,273,257,57,32,14,0,11,33,24,11,0,2,0,3,0,65,3,26.7,-1.60,24,-8.1,0.4,3.99,0,0,0.0,0.3,0,0,0,0,0,0,0,0.0,0,0,0,0,0,0,0,0,0,0,0,0,0,0,0,0,0,0,0,0,0,0.00,0,0,0,0,0,0.0,0.0,0.0,0.00,75,70,607,32,571,4,2,0,8.67,-0.6,.992,52,11,625.2,5,327,37,36,5,4,0,0,0,0,0,0,-0.5,0.0
C,Roy Campanella,Roy,Campanella,Dark Web Hackers,5' 9',190 lbs,R,R,100,Brooklyn Dodgers,LAD,1951,1946-1960,,82762,Perfect,Icon Pre-Orders - Hardware Heroes  C Roy Campanella  BRO  1951,0,Y,5,114,110,135,79,101,128,125,140,82,113,108,106,133,79,98,4,1,Flyball,Normal,Normal,1,1,1,6,1,1,1,6,1,1,1,6,16,17,17,-,-,-,-,-,-,-,-,-,3,NEU,90-92,3/4,Normal,1,6,94,92,114,10,4,8,4,8,8,5,-,118,-,-,-,-,-,-,-,13,118,-,-,-,-,-,-,-,12,13,9,29,80,73,292,273,65,48,11,0,6,29,28,16,1,2,0,1,0,60,9,25.1,-2.13,24,-10.5,-0.1,3.98,0,0,0.0,-1.6,0,0,0,0,0,0,0,0.0,0,0,0,0,0,0,0,0,0,0,0,0,0,0,0,0,0,0,0,0,0,0.00,0,0,0,0,0,0.0,0.0,0.0,0.00,78,73,602,56,543,3,12,0,8.32,0.6,1.042,63,18,648.1,6,371,43,42,7,5,0,0,0,0,0,0,-2.9,0.0
C,Roy Campanella,Roy,Campanella,Webster Groves Supercells,5' 9',190 lbs,R,R,100,Brooklyn Dodgers,LAD,1951,1946-1960,,82762,Perfect,Icon Pre-Orders - Hardware Heroes  C Roy Campanella  BRO  1951,0,Y,5,114,110,135,79,101,128,125,140,82,113,108,106,133,79,98,4,1,Flyball,Normal,Normal,1,1,1,6,1,1,1,6,1,1,1,6,16,17,17,-,-,-,-,-,-,-,-,-,3,NEU,90-92,3/4,Normal,1,6,94,92,114,10,4,8,4,8,8,5,-,118,-,-,-,-,-,-,-,13,118,-,-,-,-,-,-,-,12,13,9,29,84,73,290,271,56,38,14,0,4,28,20,16,0,0,0,3,0,74,6,20.0,-2.24,16,-18.2,-0.3,3.96,0,0,0.0,-1.1,0,0,0,0,0,0,0,0.0,0,0,0,0,0,0,0,0,0,0,0,0,0,0,0,0,0,0,0,0,0,0.00,0,0,0,0,0,0.0,0.0,0.0,0.00,83,73,636,23,610,3,8,0,8.68,0.8,.926,43,11,656.2,1,286,25,24,3,2,0,0,0,0,0,0,2.4,0.0
C,Roy Campanella,Roy,Campanella,New Haven Corsairs,5' 9',190 lbs,R,R,100,Brooklyn Dodgers,LAD,1951,1946-1960,,82762,Perfect,Icon Pre-Orders - Hardware Heroes  C Roy Campanella  BRO  1951,0,Y,5,114,110,135,79,101,128,125,140,82,113,108,106,133,79,98,4,1,Flyball,Normal,Normal,1,1,1,6,1,1,1,6,1,1,1,6,16,17,17,-,-,-,-,-,-,-,-,-,3,NEU,90-92,3/4,Normal,1,6,94,92,114,10,4,8,4,8,8,5,-,118,-,-,-,-,-,-,-,13,118,-,-,-,-,-,-,-,12,13,9,29,88,76,329,298,80,47,22,0,11,36,37,19,0,7,0,5,0,72,6,43.9,0.51,43,4.0,1.7,4.06,0,0,0.0,-1.3,0,0,0,0,0,0,0,0.0,0,0,0,0,0,0,0,0,0,0,0,0,0,0,0,0,0,0,0,0,0,0.00,0,0,0,0,0,0.0,0.0,0.0,0.00,88,76,665,42,617,6,6,0,8.52,-0.2,.955,56,13,696.0,3,343,38,37,9,6,0,0,0,0,0,0,-1.4,0.0
C,Roy Campanella,Roy,Campanella,Gastonia Peaches,5' 9',190 lbs,R,R,100,Brooklyn Dodgers,LAD,1951,1946-1960,,82762,Perfect,Icon Pre-Orders - Hardware Heroes  C Roy Campanella  BRO  1951,0,Y,5,114,110,135,79,101,128,125,140,82,113,108,106,133,79,98,4,1,Flyball,Normal,Normal,1,1,1,6,1,1,1,6,1,1,1,6,16,17,17,-,-,-,-,-,-,-,-,-,3,NEU,90-92,3/4,Normal,1,6,94,92,114,10,4,8,4,8,8,5,-,118,-,-,-,-,-,-,-,13,118,-,-,-,-,-,-,-,12,13,9,29,28,18,73,64,15,5,9,0,1,14,6,6,0,1,0,2,0,19,1,8.6,-0.18,8,-0.5,0.1,4.19,0,0,0.0,-1.5,0,0,0,0,0,0,0,0.0,0,0,0,0,0,0,0,0,0,0,0,0,0,0,0,0,0,0,0,0,0,0.00,0,0,0,0,0,0.0,0.0,0.0,0.00,28,18,203,6,196,1,1,0,9.77,-0.3,.781,11,2,186.0,1,92,7,7,2,1,0,0,0,0,0,0,-0.3,0.0
C,Roy Campanella,Roy,Campanella,Madison Moundsmen - CG,5' 9',190 lbs,R,R,100,Brooklyn Dodgers,LAD,1951,1946-1960,,82762,Perfect,Icon Pre-Orders - Hardware Heroes  C Roy Campanella  BRO  1951,0,Y,5,114,110,135,79,101,128,125,140,82,113,108,106,133,79,98,4,1,Flyball,Normal,Normal,1,1,1,6,1,1,1,6,1,1,1,6,16,17,17,-,-,-,-,-,-,-,-,-,3,NEU,90-92,3/4,Normal,1,6,94,92,114,10,4,8,4,8,8,5,-,118,-,-,-,-,-,-,-,13,118,-,-,-,-,-,-,-,12,13,9,29,84,79,323,301,67,45,12,0,10,35,30,17,0,2,0,3,0,78,13,26.1,-1.77,26,-12.0,0.4,3.86,0,0,0.0,-0.1,0,0,0,0,0,0,0,0.0,0,0,0,0,0,0,0,0,0,0,0,0,0,0,0,0,0,0,0,0,0,0.00,0,0,0,0,0,0.0,0.0,0.0,0.00,83,79,666,30,633,3,3,0,8.47,-0.2,.984,40,8,704.1,4,297,23,21,6,5,1,1,0,0,0,0,0.8,0.0
C,Roy Campanella,Roy,Campanella,Mount Pleasant Mounties,5' 9',190 lbs,R,R,100,Brooklyn Dodgers,LAD,1951,1946-1960,,82762,Perfect,Icon Pre-Orders - Hardware Heroes  C Roy Campanella  BRO  1951,0,Y,5,114,110,135,79,101,128,125,140,82,113,108,106,133,79,98,4,1,Flyball,Normal,Normal,1,1,1,6,1,1,1,6,1,1,1,6,16,17,17,-,-,-,-,-,-,-,-,-,3,NEU,90-92,3/4,Normal,1,6,94,92,114,10,4,8,4,8,8,5,-,118,-,-,-,-,-,-,-,13,118,-,-,-,-,-,-,-,12,13,9,29,80,71,272,254,69,36,22,0,11,40,32,17,0,1,0,0,0,52,4,39.3,1.52,38,6.2,1.5,3.82,0,0,0.0,-1.8,0,0,0,0,0,0,0,0.0,0,0,0,0,0,0,0,0,0,0,0,0,0,0,0,0,0,0,0,0,0,0.00,0,0,0,0,0,0.0,0.0,0.0,0.00,79,71,615,32,579,4,9,0,8.65,-1.0,1.042,46,14,635.2,9,336,30,26,2,2,0,0,0,0,0,0,-2.0,0.0
C,Gary Carter,Gary,Carter,Canterbury Tails,6' 2',215 lbs,R,R,100,Montreal Expos,WSN,1982,1980-1992,HOF,85026,Perfect,HOF 1 - Hall of Fame  C Gary Carter  MON  1982,0,N,0,83,99,106,114,106,104,105,132,129,106,77,98,99,110,107,34,1,Normal,Normal,Normal,1,1,1,3,1,1,1,3,1,1,1,3,16,-,-,-,-,-,-,-,-,-,-,-,1,NEU,89-91,SIDE,Normal,1,14,108,100,102,7,10,6,3,2,1,4,-,115,-,-,-,-,-,-,-,14,115,-,-,-,-,-,-,-,28,33,46,45,61,40,161,148,30,19,5,0,6,14,18,10,0,2,0,1,0,34,5,13.0,-0.63,12,-6.3,-0.0,3.90,0,0,0.0,1.3,0,0,0,0,0,0,0,0.0,0,0,0,0,0,0,0,0,0,0,0,0,0,0,0,0,0,0,0,0,0,0.00,0,0,0,0,0,0.0,0.0,0.0,0.00,51,40,329,12,316,1,2,0,7.84,-1.2,.833,37,7,376.2,2,200,17,16,3,1,0,0,0,0,0,0,-2.1,0.0
C,Gary Carter,Gary,Carter,Berlin Speed Dealers SoM,6' 2',215 lbs,R,R,100,Montreal Expos,WSN,1982,1980-1992,HOF,85026,Perfect,HOF 1 - Hall of Fame  C Gary Carter  MON  1982,0,N,0,83,99,106,114,106,104,105,132,129,106,77,98,99,110,107,34,1,Normal,Normal,Normal,1,1,1,3,1,1,1,3,1,1,1,3,16,-,-,-,-,-,-,-,-,-,-,-,1,NEU,89-91,SIDE,Normal,1,14,108,100,102,7,10,6,3,2,1,4,-,115,-,-,-,-,-,-,-,14,115,-,-,-,-,-,-,-,28,33,46,45,111,106,403,366,91,62,20,0,9,39,30,29,0,3,2,3,0,86,7,42.9,-1.32,41,-6.5,0.9,3.81,0,0,0.0,-6.0,0,0,0,0,0,0,0,0.0,0,0,0,0,0,0,0,0,0,0,0,0,0,0,0,0,0,0,0,0,0,0.00,0,0,0,0,0,0.0,0.0,0.0,0.00,107,106,887,51,833,3,10,0,8.55,1.1,1.132,77,18,930.2,5,485,45,43,4,4,1,1,1,1,0,0,1.3,0.0
CF,Cesar Cedeno,Cesar,Cedeno,Englewood Pirates,6' 2',195 lbs,R,R,100,Houston Astros,HOU,1972,1961-1979,,84201,Perfect,Hardware Heroes  CF Cesar Cedeno  HOU  1972,0,N,0,103,132,93,83,111,88,133,104,77,129,110,132,90,85,105,55,71,Line Drive,Normal,Normal,1,1,1,5,1,1,1,5,1,1,2,5,16,-,-,-,-,-,-,-,-,-,-,-,1,NEU,89-91,3/4,Normal,1,10,-,-,-,56,18,35,31,95,102,102,-,-,-,-,-,-,122,104,122,83,-,-,-,-,-,122,104,122,97,99,101,100,70,42,149,143,28,18,9,0,1,12,13,4,0,1,0,1,0,39,2,9.1,-1.68,5,-12.2,-1.0,4.01,4,0,0.9,0.5,0,0,0,0,0,0,0,0.0,0,0,0,0,0,0,0,0,0,0,0,0,0,0,0,0,0,0,0,0,0,0.00,0,0,0,0,0,0.0,0.0,0.0,0.00,65,42,79,0,75,4,0,0,1.79,-1.4,.972,0,0,376.1,0,0,61,59,17,10,10,4,13,2,20,0,0.0,-1.2
CF,Cesar Cedeno,Cesar,Cedeno,Shakedown 1977 Microbus TTC - GH,6' 2',195 lbs,R,R,100,Houston Astros,HOU,1972,1961-1979,,84201,Perfect,Hardware Heroes  CF Cesar Cedeno  HOU  1972,0,N,0,103,132,93,83,111,88,133,104,77,129,110,132,90,85,105,55,71,Line Drive,Normal,Normal,1,1,1,5,1,1,1,5,1,1,2,5,16,-,-,-,-,-,-,-,-,-,-,-,1,NEU,89-91,3/4,Normal,1,10,-,-,-,56,18,35,31,95,102,102,-,-,-,-,-,-,122,104,122,83,-,-,-,-,-,122,104,122,97,99,101,100,91,73,305,286,62,42,9,2,9,26,32,10,0,2,2,5,0,60,2,25.8,-1.29,20,-15.7,-0.8,3.59,4,1,0.3,0.7,0,0,0,0,0,0,0,0.0,0,0,0,0,0,0,0,0,0,0,0,0,0,0,0,0,0,0,0,0,0,0.00,0,0,0,0,0,0.0,0.0,0.0,0.00,89,73,142,4,138,0,0,0,1.99,0.1,1.016,0,0,643.1,0,0,119,117,17,10,25,6,16,4,28,1,0.0,0.2
SS,Roch Cholowsky,Roch,Cholowsky,New Platson Grand Petites HotL,6' 2',195 lbs,R,R,101,Chicago White Sox,CHW,2026,2026,,86249,Perfect,FLF 17 - #1 Overall Pick  SS Roch Cholowsky  CWS  2026,0,N,0,128,112,122,142,109,139,123,133,137,114,125,109,118,144,107,50,20,Groundball,Pull,Pull,1,1,62,1,1,1,62,1,1,1,63,1,16,-,-,-,-,-,-,-,-,-,-,-,1,EX FB,75-80,3/4,Normal,1,1,1,1,1,109,102,97,103,66,49,80,-,-,-,-,-,119,-,2,-,160,-,109,135,121,119,76,52,75,59,49,57,86,71,70,322,286,76,48,15,1,12,38,46,27,0,3,3,2,1,56,11,40.8,0.49,42,4.5,1.2,3.95,0,1,-0.7,1.1,0,0,0,0,0,0,0,0.0,0,0,0,0,0,0,0,0,0,0,0,0,0,0,0,0,0,0,0,0,0,0.00,0,0,0,0,0,0.0,0.0,0.0,0.00,71,70,269,177,80,12,39,0,3.72,-6.0,.943,0,0,622.1,0,0,195,178,24,17,21,7,16,5,15,0,0.0,0.0
SS,Roch Cholowsky,Roch,Cholowsky,Barnstable Beasts,6' 2',195 lbs,R,R,101,Chicago White Sox,CHW,2026,2026,,86249,Perfect,FLF 17 - #1 Overall Pick  SS Roch Cholowsky  CWS  2026,0,N,0,128,112,122,142,109,139,123,133,137,114,125,109,118,144,107,50,20,Groundball,Pull,Pull,1,1,62,1,1,1,62,1,1,1,63,1,16,-,-,-,-,-,-,-,-,-,-,-,1,EX FB,75-80,3/4,Normal,1,1,1,1,1,109,102,97,103,66,49,80,-,-,6,61,18,119,-,-,-,160,-,109,135,121,119,76,52,75,59,49,57,86,78,66,265,231,45,29,12,0,4,21,19,28,0,4,0,2,0,64,7,20.1,-0.71,20,-10.9,-0.9,4.00,0,2,-1.2,0.5,0,0,0,0,0,0,0,0.0,0,0,0,0,0,0,0,0,0,0,0,0,0,0,0,0,0,0,0,0,0,0.00,0,0,0,0,0,0.0,0.0,0.0,0.00,31,21,62,35,25,2,8,0,2.78,-2.2,.938,0,0,194.1,0,0,42,38,12,8,4,0,3,0,3,0,0.0,0.0
SS,Roch Cholowsky,Roch,Cholowsky,Sharpstown Bill Collectors,6' 2',195 lbs,R,R,101,Chicago White Sox,CHW,2026,2026,,86249,Perfect,FLF 17 - #1 Overall Pick  SS Roch Cholowsky  CWS  2026,0,N,0,128,112,122,142,109,139,123,133,137,114,125,109,118,144,107,50,20,Groundball,Pull,Pull,1,1,62,1,1,1,62,1,1,1,63,1,16,-,-,-,-,-,-,-,-,-,-,-,1,EX FB,75-80,3/4,Normal,1,1,1,1,1,109,102,97,103,66,49,80,-,-,38,135,-,119,-,-,-,160,-,109,135,121,119,76,52,75,59,49,57,86,90,84,347,314,70,55,13,1,1,25,21,25,1,1,4,3,0,78,9,24.5,-3.61,20,-20.2,-0.7,3.85,1,1,-0.5,-1.0,0,0,0,0,0,0,0,0.0,0,0,0,0,0,0,0,0,0,0,0,0,0,0,0,0,0,0,0,0,0,0.00,0,0,0,0,0,0.0,0.0,0.0,0.00,91,84,373,227,141,5,50,0,4.41,1.2,1.001,0,0,750.1,0,0,209,199,41,30,23,12,16,7,12,3,0.0,0.4
SS,Roch Cholowsky,Roch,Cholowsky,Laffy Comedians - CG,6' 2',195 lbs,R,R,101,Chicago White Sox,CHW,2026,2026,,86249,Perfect,FLF 17 - #1 Overall Pick  SS Roch Cholowsky  CWS  2026,0,N,0,128,112,122,142,109,139,123,133,137,114,125,109,118,144,107,50,20,Groundball,Pull,Pull,1,1,62,1,1,1,62,1,1,1,63,1,16,-,-,-,-,-,-,-,-,-,-,-,1,EX FB,75-80,3/4,Normal,1,1,1,1,1,109,102,97,103,66,49,80,-,-,-,135,-,119,-,-,-,160,-,109,135,121,119,76,52,75,59,49,57,86,85,82,312,284,73,45,19,0,9,32,40,23,0,3,0,2,0,55,12,35.4,-0.70,37,0.5,1.7,4.19,0,0,0.0,0.4,0,0,0,0,0,0,0,0.0,0,0,0,0,0,0,0,0,0,0,0,0,0,0,0,0,0,0,0,0,0,0.00,0,0,0,0,0,0.0,0.0,0.0,0.00,85,82,327,220,104,3,47,0,3.94,3.3,1.004,0,0,739.1,0,0,212,204,26,21,20,12,15,8,10,3,0.0,-0.0
SS,Roch Cholowsky,Roch,Cholowsky,Tampa Bay Yankees 22,6' 2',195 lbs,R,R,101,Chicago White Sox,CHW,2026,2026,,86249,Perfect,FLF 17 - #1 Overall Pick  SS Roch Cholowsky  CWS  2026,0,N,0,128,112,122,142,109,139,123,133,137,114,125,109,118,144,107,50,20,Groundball,Pull,Pull,1,1,62,1,1,1,62,1,1,1,63,1,16,-,-,-,-,-,-,-,-,-,-,-,1,EX FB,75-80,3/4,Normal,1,1,1,1,1,109,102,97,103,66,49,80,-,-,-,135,121,119,76,-,-,160,-,109,135,121,119,76,52,75,59,49,57,86,82,82,325,297,81,53,18,0,10,43,33,20,1,6,0,2,0,63,11,40.3,0.59,41,3.0,1.6,3.89,0,0,0.0,-0.1,0,0,0,0,0,0,0,0.0,0,0,0,0,0,0,0,0,0,0,0,0,0,0,0,0,0,0,0,0,0,0.00,0,0,0,0,0,0.0,0.0,0.0,0.00,82,82,315,201,107,7,44,0,3.77,0.6,1.002,0,0,735.0,0,0,196,185,32,26,21,12,19,4,19,2,0.0,-0.3
SS,Roch Cholowsky,Roch,Cholowsky,Madison Mashers - CG,6' 2',195 lbs,R,R,101,Chicago White Sox,CHW,2026,2026,,86249,Perfect,FLF 17 - #1 Overall Pick  SS Roch Cholowsky  CWS  2026,0,N,0,128,112,122,142,109,139,123,133,137,114,125,109,118,144,107,50,20,Groundball,Pull,Pull,1,1,62,1,1,1,62,1,1,1,63,1,16,-,-,-,-,-,-,-,-,-,-,-,1,EX FB,75-80,3/4,Normal,1,1,1,1,1,109,102,97,103,66,49,80,-,-,22,135,121,119,-,-,-,160,-,109,135,121,119,76,52,75,59,49,57,86,45,36,152,138,45,33,9,0,3,19,19,12,0,1,0,1,0,35,3,24.2,0.37,23,5.9,0.9,3.97,0,0,0.0,-0.8,0,0,0,0,0,0,0,0.0,0,0,0,0,0,0,0,0,0,0,0,0,0,0,0,0,0,0,0,0,0,0.00,0,0,0,0,0,0.0,0.0,0.0,0.00,44,36,192,69,117,6,16,0,4.99,-2.0,.949,0,0,335.2,0,0,96,89,10,6,11,6,4,1,8,1,0.0,0.0
SS,Roch Cholowsky,Roch,Cholowsky,Phoenix Mango Slush - HOTL,6' 2',195 lbs,R,R,101,Chicago White Sox,CHW,2026,2026,,86249,Perfect,FLF 17 - #1 Overall Pick  SS Roch Cholowsky  CWS  2026,0,N,0,128,112,122,142,109,139,123,133,137,114,125,109,118,144,107,50,20,Groundball,Pull,Pull,1,1,62,1,1,1,62,1,1,1,63,1,16,-,-,-,-,-,-,-,-,-,-,-,1,EX FB,75-80,3/4,Normal,1,1,1,1,1,109,102,97,103,66,49,80,-,-,-,135,121,119,-,-,6,160,-,109,135,121,119,76,52,75,59,49,57,86,116,102,447,410,112,62,34,0,16,58,55,33,0,0,0,4,0,98,6,63.8,0.81,61,8.5,2.2,4.09,1,0,-0.0,-0.6,0,0,0,0,0,0,0,0.0,0,0,0,0,0,0,0,0,0,0,0,0,0,0,0,0,0,0,0,0,0,0.00,0,0,0,0,0,0.0,0.0,0.0,0.00,117,101,394,269,112,13,50,0,3.65,-3.3,.998,0,0,939.0,0,0,289,270,48,35,32,11,21,5,14,1,0.0,0.5
2B,Roch Cholowsky,Roch,Cholowsky,Grover Beach Grouches,6' 2',195 lbs,R,R,101,Chicago White Sox,CHW,2026,2026,,86249,Perfect,FLF 17 - #1 Overall Pick  SS Roch Cholowsky  CWS  2026,135 500,N,0,128,112,122,142,109,139,123,133,137,114,125,109,118,144,107,50,20,Groundball,Pull,Pull,1,1,62,1,1,1,62,1,1,1,63,1,16,-,-,-,-,-,-,-,-,-,-,-,1,EX FB,75-80,3/4,Normal,1,1,1,1,1,109,102,97,103,66,49,80,-,-,-,135,-,119,-,-,-,160,-,109,135,121,119,76,52,75,59,49,57,86,147,140,574,516,142,98,25,0,19,83,71,45,0,4,5,4,0,120,10,75.3,0.54,74,6.4,3.3,4.04,0,2,-1.5,-0.0,0,0,0,0,0,0,0,0.0,0,0,0,0,0,0,0,0,0,0,0,0,0,0,0,0,0,0,0,0,0,0.00,0,0,0,0,0,0.0,0.0,0.0,0.00,149,140,577,364,206,7,96,0,4.15,5.4,1.024,0,0,1236.0,0,0,361,348,45,36,35,20,25,8,28,5,0.0,0.0
SS,Roch Cholowsky,Roch,Cholowsky,Maple Madness,6' 2',195 lbs,R,R,101,Chicago White Sox,CHW,2026,2026,,86249,Perfect,FLF 17 - #1 Overall Pick  SS Roch Cholowsky  CWS  2026,0,N,0,128,112,122,142,109,139,123,133,137,114,125,109,118,144,107,50,20,Groundball,Pull,Pull,1,1,62,1,1,1,62,1,1,1,63,1,16,-,-,-,-,-,-,-,-,-,-,-,1,EX FB,75-80,3/4,Normal,1,1,1,1,1,109,102,97,103,66,49,80,-,-,-,135,121,119,-,-,-,160,-,109,135,121,119,76,52,75,59,49,57,86,90,80,323,294,74,47,15,1,11,53,33,23,1,2,0,4,0,58,6,38.4,1.18,36,-1.6,1.4,3.83,2,0,0.3,1.6,0,0,0,0,0,0,0,0.0,0,0,0,0,0,0,0,0,0,0,0,0,0,0,0,0,0,0,0,0,0,0.00,0,0,0,0,0,0.0,0.0,0.0,0.00,89,80,258,181,72,5,32,0,3.31,0.5,1.011,0,0,687.1,0,0,194,180,27,20,18,13,15,4,17,1,0.0,0.0
SS,Roch Cholowsky,Roch,Cholowsky,Dark Web Hackers,6' 2',195 lbs,R,R,101,Chicago White Sox,CHW,2026,2026,,86249,Perfect,FLF 17 - #1 Overall Pick  SS Roch Cholowsky  CWS  2026,0,N,0,128,112,122,142,109,139,123,133,137,114,125,109,118,144,107,50,20,Groundball,Pull,Pull,1,1,62,1,1,1,62,1,1,1,63,1,16,-,-,-,-,-,-,-,-,-,-,-,1,EX FB,75-80,3/4,Normal,1,1,1,1,1,109,102,97,103,66,49,80,-,-,-,135,-,119,-,-,-,160,-,109,135,121,119,76,52,75,59,49,57,86,118,102,431,379,92,57,22,0,13,69,55,38,1,6,1,7,0,91,17,46.1,0.86,48,-2.4,1.0,3.86,0,1,-0.8,1.6,0,0,0,0,0,0,0,0.0,0,0,0,0,0,0,0,0,0,0,0,0,0,0,0,0,0,0,0,0,0,0.00,0,0,0,0,0,0.0,0.0,0.0,0.00,111,102,415,268,133,14,66,0,3.99,-4.8,.974,0,0,903.2,0,0,278,254,29,17,25,14,19,6,17,3,0.0,0.0
SS,Roch Cholowsky,Roch,Cholowsky,Webster Groves Supercells,6' 2',195 lbs,R,R,101,Chicago White Sox,CHW,2026,2026,,86249,Perfect,FLF 17 - #1 Overall Pick  SS Roch Cholowsky  CWS  2026,0,N,0,128,112,122,142,109,139,123,133,137,114,125,109,118,144,107,50,20,Groundball,Pull,Pull,1,1,62,1,1,1,62,1,1,1,63,1,16,-,-,-,-,-,-,-,-,-,-,-,1,EX FB,75-80,3/4,Normal,1,1,1,1,1,109,102,97,103,66,49,80,-,-,-,12,121,119,-,-,-,160,-,109,135,121,119,76,52,75,59,49,57,86,104,76,358,325,83,57,22,0,4,36,39,29,0,1,0,3,0,70,6,37.8,-0.77,36,-5.8,0.8,3.92,0,0,0.0,-0.3,0,0,0,0,0,0,0,0.0,0,0,0,0,0,0,0,0,0,0,0,0,0,0,0,0,0,0,0,0,0,0.00,0,0,0,0,0,0.0,0.0,0.0,0.00,81,74,237,174,54,9,9,0,3.09,2.6,1.015,0,0,664.2,0,0,194,186,22,19,19,12,10,0,17,1,0.0,0.0
SS,Roch Cholowsky,Roch,Cholowsky,Gastonia Peaches,6' 2',195 lbs,R,R,101,Chicago White Sox,CHW,2026,2026,,86249,Perfect,FLF 17 - #1 Overall Pick  SS Roch Cholowsky  CWS  2026,0,N,0,128,112,122,142,109,139,123,133,137,114,125,109,118,144,107,50,20,Groundball,Pull,Pull,1,1,62,1,1,1,62,1,1,1,63,1,16,-,-,-,-,-,-,-,-,-,-,-,1,EX FB,75-80,3/4,Normal,1,1,1,1,1,109,102,97,103,66,49,80,-,-,18,135,55,119,5,-,-,160,-,109,135,121,119,76,52,75,59,49,57,86,94,85,335,310,83,52,17,0,14,56,41,18,0,2,2,3,0,67,6,42.9,-0.12,42,2.3,1.4,4.03,0,1,-0.7,1.7,0,0,0,0,0,0,0,0.0,0,0,0,0,0,0,0,0,0,0,0,0,0,0,0,0,0,0,0,0,0,0.00,0,0,0,0,0,0.0,0.0,0.0,0.00,94,85,345,177,161,7,48,0,4.36,-1.7,.977,0,0,698.0,0,0,196,183,26,21,24,13,15,4,7,0,0.0,-0.0
SS,Roch Cholowsky,Roch,Cholowsky,Shibuya Shredders - GH,6' 2',195 lbs,R,R,101,Chicago White Sox,CHW,2026,2026,,86249,Perfect,FLF 17 - #1 Overall Pick  SS Roch Cholowsky  CWS  2026,0,N,0,128,112,122,142,109,139,123,133,137,114,125,109,118,144,107,50,20,Groundball,Pull,Pull,1,1,62,1,1,1,62,1,1,1,63,1,16,-,-,-,-,-,-,-,-,-,-,-,1,EX FB,75-80,3/4,Normal,1,1,1,1,1,109,102,97,103,66,49,80,-,-,-,20,121,119,-,-,-,160,-,109,135,121,119,76,52,75,59,49,57,86,59,45,196,173,42,29,10,0,3,19,16,22,0,0,0,1,0,51,5,20.4,0.96,20,-2.4,0.5,4.05,1,0,0.1,-0.1,0,0,0,0,0,0,0,0.0,0,0,0,0,0,0,0,0,0,0,0,0,0,0,0,0,0,0,0,0,0,0.00,0,0,0,0,0,0.0,0.0,0.0,0.00,60,45,162,116,41,5,11,0,3.28,-1.1,.978,0,0,431.1,0,0,127,124,21,10,17,9,9,2,8,1,0.0,0.0
SS,Roch Cholowsky,Roch,Cholowsky,Mount Pleasant Mounties,6' 2',195 lbs,R,R,101,Chicago White Sox,CHW,2026,2026,,86249,Perfect,FLF 17 - #1 Overall Pick  SS Roch Cholowsky  CWS  2026,0,N,0,128,112,122,142,109,139,123,133,137,114,125,109,118,144,107,50,20,Groundball,Pull,Pull,1,1,62,1,1,1,62,1,1,1,63,1,16,-,-,-,-,-,-,-,-,-,-,-,1,EX FB,75-80,3/4,Normal,1,1,1,1,1,109,102,97,103,66,49,80,-,-,-,135,121,119,-,-,-,160,-,109,135,121,119,76,52,75,59,49,57,86,142,140,593,531,116,84,23,0,9,57,61,50,1,4,3,5,0,130,9,49.3,-1.87,45,-25.2,-0.7,3.91,0,2,-1.4,-2.6,0,0,0,0,0,0,0,0.0,0,0,0,0,0,0,0,0,0,0,0,0,0,0,0,0,0,0,0,0,0,0.00,0,0,0,0,0,0.0,0.0,0.0,0.00,152,140,487,334,144,9,55,0,3.48,0.2,1.005,0,0,1237.0,0,0,370,349,43,30,37,20,19,5,23,3,0.0,-0.2
SS,Roch Cholowsky,Roch,Cholowsky,Berlin Speed Dealers SoM,6' 2',195 lbs,R,R,101,Chicago White Sox,CHW,2026,2026,,86249,Perfect,FLF 17 - #1 Overall Pick  SS Roch Cholowsky  CWS  2026,0,N,0,128,112,122,142,109,139,123,133,137,114,125,109,118,144,107,50,20,Groundball,Pull,Pull,1,1,62,1,1,1,62,1,1,1,63,1,16,-,-,-,-,-,-,-,-,-,-,-,1,EX FB,75-80,3/4,Normal,1,1,1,1,1,109,102,97,103,66,49,80,-,-,-,135,-,119,-,-,-,160,-,109,135,121,119,76,52,75,59,49,57,86,144,144,640,571,148,89,42,1,16,68,58,52,0,6,6,5,0,115,21,74.2,1.18,77,1.6,2.3,3.93,0,3,-2.0,0.5,0,0,0,0,0,0,0,0.0,0,0,0,0,0,0,0,0,0,0,0,0,0,0,0,0,0,0,0,0,0,0.00,0,0,0,0,0,0.0,0.0,0.0,0.00,151,144,587,394,180,13,83,0,4.10,-3.2,.984,0,0,1260.2,0,0,386,360,75,48,44,31,25,8,31,2,0.0,0.0
C,Jack Clements,Jack,Clements,Everett Aquasox,6' 0',205 lbs,L,L,100,Philadelphia Phillies,PHI,1895,2026,,86579,Perfect,Young & Old 2 - Snapshot  C Jack Clements  PHI  1895,0,N,0,136,133,105,65,149,125,130,92,52,138,140,134,111,69,152,49,37,Groundball,Normal,Normal,1,1,1,3,1,1,1,3,1,1,1,3,16,-,-,-,-,-,-,-,-,-,-,-,1,NEU,90-92,3/4,Normal,1,21,76,73,59,5,7,10,8,2,5,5,-,69,-,-,-,-,-,-,-,7,69,-,-,-,-,-,-,-,59,19,36,54,55,48,201,189,48,34,11,0,3,21,18,7,0,2,0,3,0,37,4,19.0,-0.27,17,-6.4,-0.1,3.69,0,0,0.0,-0.3,0,0,0,0,0,0,0,0.0,0,0,0,0,0,0,0,0,0,0,0,0,0,0,0,0,0,0,0,0,0,0.00,0,0,0,0,0,0.0,0.0,0.0,0.00,45,44,344,23,319,2,2,0,7.99,0.4,1.042,34,12,385.1,5,198,14,12,6,6,0,0,0,0,0,0,-3.6,0.0
C,Jack Clements,Jack,Clements,Gastonia Peaches,6' 0',205 lbs,L,L,100,Philadelphia Phillies,PHI,1895,2026,,86579,Perfect,Young & Old 2 - Snapshot  C Jack Clements  PHI  1895,0,N,0,136,133,105,65,149,125,130,92,52,138,140,134,111,69,152,49,37,Groundball,Normal,Normal,1,1,1,3,1,1,1,3,1,1,1,3,16,-,-,-,-,-,-,-,-,-,-,-,1,NEU,90-92,3/4,Normal,1,21,76,73,59,5,7,10,8,2,5,5,-,69,-,-,-,-,-,-,-,7,69,-,-,-,-,-,-,-,59,19,36,54,44,44,165,152,42,30,12,0,0,11,13,9,0,2,0,2,0,32,2,17.9,-0.21,16,-2.7,-0.0,4.01,0,0,0.0,-2.3,0,0,0,0,0,0,0,0.0,0,0,0,0,0,0,0,0,0,0,0,0,0,0,0,0,0,0,0,0,0,0.00,0,0,0,0,0,0.0,0.0,0.0,0.00,44,44,355,18,335,2,2,0,8.22,-1.4,.926,49,9,386.2,2,168,15,13,4,3,0,0,0,0,0,0,-2.0,0.0
RF,Ty Cobb,Ty,Cobb,Washington Border Collies,6' 1',175 lbs,L,R,100,Detroit Tigers,DET,1911,2026,,82763,Perfect,Icon Pre-Orders - Hardware Heroes  CF Ty Cobb  DET  1911,0,N,0,144,115,80,61,130,121,108,91,61,128,152,117,76,61,131,100,106,Line Drive,Normal,Normal,1,1,1,1,1,1,1,1,1,1,2,1,16,-,-,16,-,-,-,-,-,-,-,-,2,NEU,89-91,3/4,Normal,1,11,-,-,-,7,8,8,2,94,83,89,-,-,-,-,-,-,-,97,112,12,-,-,-,-,-,-,97,112,109,109,112,113,83,61,253,243,73,53,9,5,6,37,44,7,0,0,0,3,0,52,2,35.2,-0.20,32,2.0,0.6,3.82,7,2,0.5,1.8,0,0,0,0,0,0,0,0.0,0,0,0,0,0,0,0,0,0,0,0,0,0,0,0,0,0,0,0,0,0,0.00,0,0,0,0,0,0.0,0.0,0.0,0.00,69,59,124,3,121,0,0,0,2.10,-1.3,.998,0,0,532.1,0,0,100,99,22,15,24,4,18,2,17,1,0.0,-1.2
C,Mickey Cochrane,Mickey,Cochrane,Everett Aqua Sox,6' 0',180 lbs,L,R,100,Philadelphia Athletics,OAK,1931,1921-1945,BBR,85476,Perfect,Baseball Reference 2  C Mickey Cochrane  PHA  1931,0,N,0,112,98,82,114,153,92,96,48,113,134,120,99,90,115,160,75,56,Groundball,Normal,Normal,1,1,1,4,1,1,1,4,1,1,1,4,16,-,-,-,-,-,-,-,-,-,-,-,1,NEU,90-92,3/4,Normal,1,5,64,67,69,10,5,8,10,9,3,10,-,64,-,-,-,-,-,-,-,14,64,-,-,-,-,-,-,-,55,18,42,69,71,70,261,233,48,34,12,0,2,34,22,25,1,3,0,0,0,52,3,20.4,-0.13,18,-12.4,-0.3,4.00,0,0,0.0,1.2,0,0,0,0,0,0,0,0.0,0,0,0,0,0,0,0,0,0,0,0,0,0,0,0,0,0,0,0,0,0,0.00,0,0,0,0,0,0.0,0.0,0.0,0.00,61,60,493,30,462,1,4,0,8.19,-0.7,.938,47,10,540.2,3,251,24,23,8,6,0,0,0,0,0,0,-2.0,0.0
1B,Roger Connor,Roger,Connor,Waltham River Otters,6' 3',220 lbs,S,L,101,New York Giants,SFG,1885,2026,,86577,Perfect,Young & Old 2 - Snapshot  1B Roger Connor  NY1  1885,0,N,0,155,117,13,133,212,155,128,24,138,214,155,114,10,131,211,60,51,Line Drive,Pull,Pull,1,1,1,1,1,1,1,1,1,1,1,1,16,-,-,-,-,-,-,-,-,-,-,-,1,NEU,90-92,3/4,Normal,1,22,-,-,-,69,61,65,48,65,54,64,-,-,94,32,30,-,-,48,-,117,-,94,32,30,-,-,48,-,76,74,91,86,53,48,187,171,42,34,6,1,1,10,19,13,0,0,2,1,0,24,5,15.5,-1.61,14,-7.7,-0.5,3.81,0,0,0.0,0.1,0,0,0,0,0,0,0,0.0,0,0,0,0,0,0,0,0,0,0,0,0,0,0,0,0,0,0,0,0,0,0.00,0,0,0,0,0,0.0,0.0,0.0,0.00,67,48,189,91,96,2,15,0,3.89,-3.1,.952,0,0,432.2,0,0,114,105,11,10,10,1,6,1,8,0,0.0,0.3
1B,Roger Connor,Roger,Connor,Rockford Peaches,6' 3',220 lbs,S,L,101,New York Giants,SFG,1885,2026,,86577,Perfect,Young & Old 2 - Snapshot  1B Roger Connor  NY1  1885,0,N,0,155,117,13,133,212,155,128,24,138,214,155,114,10,131,211,60,51,Line Drive,Pull,Pull,1,1,1,1,1,1,1,1,1,1,1,1,16,-,-,-,-,-,-,-,-,-,-,-,1,NEU,90-92,3/4,Normal,1,22,-,-,-,69,61,65,48,65,54,64,-,-,94,32,30,-,-,48,-,117,-,94,32,30,-,-,48,-,76,74,91,86,72,68,326,298,87,59,19,9,0,18,47,21,0,2,0,5,0,30,1,44.8,1.88,40,2.0,0.9,3.84,5,1,0.5,0.9,0,0,0,0,0,0,0,0.0,0,0,0,0,0,0,0,0,0,0,0,0,0,0,0,0,0,0,0,0,0,0.00,0,0,0,0,0,0.0,0.0,0.0,0.00,71,68,636,43,588,5,54,0,9.17,-0.3,.990,0,0,619.1,0,0,111,106,17,13,3,2,5,1,9,1,0.0,0.0
1B,Chris Davis,Chris,Davis,Phoenix Mango Slush - HOTL,6' 3',230 lbs,L,R,101,Baltimore Orioles,BAL,2013,2005-2014,,86702,Perfect,Studs & Duds - Hardware Heroes  1B Chris Davis  BAL  2013,0,N,0,134,115,178,126,66,92,81,140,71,59,150,130,190,150,69,5,6,Flyball,Ex. Pull,Pull,1,1,1,1,1,1,1,1,1,1,1,1,17,-,17,-,-,-,-,-,-,-,-,-,2,EX FB,98-100,3/4,Normal,1,18,-,-,-,57,41,61,30,64,70,49,-,-,84,-,41,-,72,-,62,98,-,84,-,41,-,72,-,62,29,17,74,41,44,39,158,135,32,19,9,0,4,13,29,21,0,2,0,0,0,45,4,19.0,-0.49,20,1.6,0.2,4.27,0,0,0.0,-1.3,0,0,0,0,0,0,0,0.0,0,0,0,0,0,0,0,0,0,0,0,0,0,0,0,0,0,0,0,0,0,0.00,0,0,0,0,0,0.0,0.0,0.0,0.00,35,30,271,19,251,1,36,0,9.20,0.1,1.015,0,0,264.0,0,0,42,40,4,4,1,0,1,0,2,0,0.0,0.0
1B,Chris Davis,Chris,Davis,Rockford Peaches,6' 3',230 lbs,L,R,101,Baltimore Orioles,BAL,2013,2005-2014,,86702,Perfect,Studs & Duds - Hardware Heroes  1B Chris Davis  BAL  2013,0,N,0,134,115,178,126,66,92,81,140,71,59,150,130,190,150,69,5,6,Flyball,Ex. Pull,Pull,1,1,1,1,1,1,1,1,1,1,1,1,17,-,17,-,-,-,-,-,-,-,-,-,2,EX FB,98-100,3/4,Normal,1,18,-,-,-,57,41,61,30,64,70,49,-,-,84,-,41,-,72,-,62,98,-,84,-,41,-,72,-,62,29,17,74,41,100,94,369,319,75,40,23,0,12,47,39,46,0,1,1,2,0,112,6,46.4,0.67,46,3.0,1.0,4.20,2,1,-0.3,-2.3,0,0,0,0,0,0,0,0.0,0,0,0,0,0,0,0,0,0,0,0,0,0,0,0,0,0,0,0,0,0,0.00,0,0,0,0,0,0.0,0.0,0.0,0.00,102,94,870,77,789,4,53,0,9.72,3.2,1.035,0,0,802.0,0,0,179,171,28,26,10,5,3,1,10,2,0.0,0.0
1B,Carlos Delgado,Carlos,Delgado,Gastonia Peaches,6' 3',215 lbs,L,R,98,Toronto Blue Jays,TOR,2000,1993-2004,,85912,Diamond,Blue Jays 50th Anniversary  1B Carlos Delgado  TOR  2000,0,Y,5,142,145,134,153,99,156,158,107,111,82,138,141,143,167,104,4,6,Line Drive,Pull,Pull,1,1,1,1,1,1,1,1,1,1,1,1,16,-,-,-,-,-,-,-,-,-,-,-,1,NEU,89-91,3/4,Normal,1,25,33,28,22,27,26,28,33,8,8,3,-,13,53,-,-,-,-,-,-,67,13,53,-,-,-,-,-,-,4,5,6,12,36,27,125,111,23,10,8,1,4,15,13,13,0,0,0,1,0,29,5,12.1,0.09,12,-1.9,-0.2,3.86,0,0,0.0,-1.1,0,0,0,0,0,0,0,0.0,0,0,0,0,0,0,0,0,0,0,0,0,0,0,0,0,0,0,0,0,0,0.00,0,0,0,0,0,0.0,0.0,0.0,0.00,1,0,2,0,2,0,0,0,18.00,0.0,.000,0,0,1.0,0,0,0,0,0,0,0,0,0,0,0,0,0.0,0.0
1B,Carlos Delgado,Carlos,Delgado,Shakedown 1977 Microbus TTC - GH,6' 3',215 lbs,L,R,98,Toronto Blue Jays,TOR,2000,1993-2004,,85912,Diamond,Blue Jays 50th Anniversary  1B Carlos Delgado  TOR  2000,0,N,0,132,135,124,142,91,145,147,99,103,75,128,131,133,155,96,4,6,Line Drive,Pull,Pull,1,1,1,1,1,1,1,1,1,1,1,1,16,-,-,-,-,-,-,-,-,-,-,-,1,NEU,89-91,3/4,Normal,1,25,33,28,22,27,26,28,33,8,8,3,-,11,49,-,-,-,-,-,-,62,11,49,-,-,-,-,-,-,4,5,6,12,148,135,551,477,113,69,30,0,14,56,50,64,1,2,0,8,0,112,12,62.5,-0.42,62,-2.7,-0.8,3.93,0,0,0.0,-10.1,0,0,0,0,0,0,0,0.0,0,0,0,0,0,0,0,0,0,0,0,0,0,0,0,0,0,0,0,0,0,0.00,0,0,0,0,0,0.0,0.0,0.0,0.00,78,76,696,65,626,5,62,0,9.58,-1.2,.984,0,0,649.1,0,1,136,129,17,14,10,4,4,1,3,0,0.0,0.0
2B,Fred Dunlap,Fred,Dunlap,Barnstable Beasts,5' 8',165 lbs,R,R,101,St. Louis Maroons,SL5,1884,2026,LE,85810,Perfect,Limited Edition/21  2B Fred Dunlap  St. Louis Maroons  1884,0,N,0,160,136,101,91,150,164,144,104,98,155,159,133,100,89,148,3,56,Groundball,Spray,Spray,70,115,46,105,68,112,46,97,72,118,46,114,-,-,-,91,-,98,-,-,-,-,-,-,2,NEU,89-91,3/4,Normal,6,17,-,-,-,106,93,112,103,74,70,95,-,-,-,130,-,-,-,-,93,157,-,-,130,-,-,-,-,93,64,85,85,64,70,69,266,246,55,39,11,0,5,33,21,15,1,4,0,1,0,48,9,20.9,-0.17,20,-11.3,-0.2,3.87,1,1,-0.4,-0.6,0,0,0,0,0,0,0,0.0,0,0,0,0,0,0,0,0,0,0,0,0,0,0,0,0,0,0,0,0,0,0.00,0,0,0,0,0,0.0,0.0,0.0,0.00,69,69,236,140,93,3,43,0,3.62,-0.1,1.000,0,0,579.2,0,0,138,130,20,15,17,10,12,3,21,1,0.0,-0.3
CF,Lenny Dykstra,Lenny,Dykstra,Berlin Speed Dealers SoM,5' 10',165 lbs,L,L,100,Philadelphia Phillies,PHI,1990,1980-1992,ME,82753,Perfect,Live Collection Reward - Hardware Heroes  CF Lenny Dykstra  PHI  1990,0,N,0,131,93,47,106,153,111,58,23,105,122,138,105,55,107,163,69,64,Groundball,Normal,Normal,1,1,1,4,1,1,1,4,1,1,1,4,16,-,-,-,-,-,-,-,-,-,-,-,1,NEU,90-92,OTT,Normal,1,3,-,-,-,4,2,1,10,109,84,63,-,-,-,-,-,-,125,113,-,-,-,-,-,-,-,125,113,-,94,90,102,94,80,75,281,257,63,56,7,0,0,19,25,20,0,1,1,2,0,44,5,21.5,-1.10,19,-13.6,-0.7,3.84,5,3,-0.5,0.8,0,0,0,0,0,0,0,0.0,0,0,0,0,0,0,0,0,0,0,0,0,0,0,0,0,0,0,0,0,0,0.00,0,0,0,0,0,0.0,0.0,0.0,0.00,79,75,180,4,175,1,0,0,2.48,-1.2,.987,0,0,650.0,0,0,144,140,33,23,21,8,31,3,25,1,0.0,-2.0
CF,Jim Edmonds,Jim,Edmonds,Sharpstown Bill Collectors,6' 1',190 lbs,L,L,100,St. Louis Cardinals,STL,2004,1993-2004,,85531,Perfect,Memorial Day OnStream Builds - Hardware Heroes  CF Jim Edmonds  STL  2004,0,N,0,120,115,136,143,90,146,152,114,108,85,112,103,144,155,92,4,1,Groundball,Pull,Pull,1,1,1,7,1,1,1,7,1,1,1,7,16,-,-,-,-,-,-,-,-,-,-,-,1,GB,89-91,3/4,GB'er,1,12,-,-,-,59,57,58,49,115,73,116,-,-,80,-,-,-,-,131,-,109,-,80,-,-,-,-,131,-,52,32,70,70,144,144,541,482,101,60,25,2,14,56,56,49,1,4,0,6,0,141,8,50.2,-2.59,47,-16.6,0.1,3.94,0,2,-1.4,-3.6,0,0,0,0,0,0,0,0.0,0,0,0,0,0,0,0,0,0,0,0,0,0,0,0,0,0,0,0,0,0,0.00,0,0,0,0,0,0.0,0.0,0.0,0.00,144,144,354,11,333,10,1,0,2.47,-0.4,.998,0,0,1253.1,0,0,256,248,80,57,55,20,48,8,39,0,0.0,3.0
CF,Jim Edmonds,Jim,Edmonds,Washington Border Collies,6' 1',190 lbs,L,L,100,St. Louis Cardinals,STL,2004,1993-2004,,85531,Perfect,Memorial Day OnStream Builds - Hardware Heroes  CF Jim Edmonds  STL  2004,0,N,0,120,115,136,143,90,146,152,114,108,85,112,103,144,155,92,4,1,Groundball,Pull,Pull,1,1,1,7,1,1,1,7,1,1,1,7,16,-,-,-,-,-,-,-,-,-,-,-,1,GB,89-91,3/4,GB'er,1,12,-,-,-,59,57,58,49,115,73,116,-,-,80,-,-,-,-,131,-,109,-,80,-,-,-,-,131,-,52,32,70,70,147,142,599,522,141,106,26,1,8,52,63,64,2,5,0,8,0,141,9,72.0,0.74,71,0.1,1.8,4.10,4,2,-0.6,0.0,0,0,0,0,0,0,0,0.0,0,0,0,0,0,0,0,0,0,0,0,0,0,0,0,0,0,0,0,0,0,0.00,0,0,0,0,0,0.0,0.0,0.0,0.00,145,142,369,8,350,11,1,0,2.52,0.1,.989,0,0,1278.1,0,0,260,251,81,59,63,27,52,7,49,2,0.0,0.8
CF,Jim Edmonds,Jim,Edmonds,Canterbury Tails,6' 1',190 lbs,L,L,100,St. Louis Cardinals,STL,2004,1993-2004,,85531,Perfect,Memorial Day OnStream Builds - Hardware Heroes  CF Jim Edmonds  STL  2004,0,N,0,120,115,136,143,90,146,152,114,108,85,112,103,144,155,92,4,1,Groundball,Pull,Pull,1,1,1,7,1,1,1,7,1,1,1,7,16,-,-,-,-,-,-,-,-,-,-,-,1,GB,89-91,3/4,GB'er,1,12,-,-,-,59,57,58,49,115,73,116,-,-,80,-,-,-,-,131,-,109,-,80,-,-,-,-,131,-,52,32,70,70,147,143,575,516,123,71,32,1,19,80,58,53,1,3,0,3,0,125,13,66.1,1.70,66,-1.6,2.2,3.96,1,1,-0.6,-1.8,0,0,0,0,0,0,0,0.0,0,0,0,0,0,0,0,0,0,0,0,0,0,0,0,0,0,0,0,0,0,0.00,0,0,0,0,0,0.0,0.0,0.0,0.00,146,143,356,12,338,6,0,0,2.48,2.4,1.001,0,0,1269.0,0,0,254,248,79,55,56,30,47,4,62,1,0.0,1.8
CF,Jim Edmonds,Jim,Edmonds,Grover Beach Grouches,6' 1',190 lbs,L,L,100,St. Louis Cardinals,STL,2004,1993-2004,,85531,Perfect,Memorial Day OnStream Builds - Hardware Heroes  CF Jim Edmonds  STL  2004,48 903,N,0,120,115,136,143,90,146,152,114,108,85,112,103,144,155,92,4,1,Groundball,Pull,Pull,1,1,1,7,1,1,1,7,1,1,1,7,16,-,-,-,-,-,-,-,-,-,-,-,1,GB,89-91,3/4,GB'er,1,12,-,-,-,59,57,58,49,115,73,116,-,-,80,-,-,-,-,131,-,109,-,80,-,-,-,-,131,-,52,32,70,70,120,94,373,330,81,51,17,0,13,47,48,36,0,5,0,2,0,90,8,44.6,0.66,46,2.1,1.3,3.98,0,2,-1.3,-0.7,0,0,0,0,0,0,0,0.0,0,0,0,0,0,0,0,0,0,0,0,0,0,0,0,0,0,0,0,0,0,0.00,0,0,0,0,0,0.0,0.0,0.0,0.00,107,94,220,3,215,2,2,0,2.42,0.5,1.007,0,0,812.1,0,0,158,156,39,23,42,20,24,2,27,0,0.0,-0.9
CF,Jim Edmonds,Jim,Edmonds,Shakedown 1977 Microbus TTC - GH,6' 1',190 lbs,L,L,100,St. Louis Cardinals,STL,2004,1993-2004,,85531,Perfect,Memorial Day OnStream Builds - Hardware Heroes  CF Jim Edmonds  STL  2004,0,N,0,120,115,136,143,90,146,152,114,108,85,112,103,144,155,92,4,1,Groundball,Pull,Pull,1,1,1,7,1,1,1,7,1,1,1,7,16,-,-,-,-,-,-,-,-,-,-,-,1,GB,89-91,3/4,GB'er,1,12,-,-,-,59,57,58,49,115,73,116,-,-,80,-,-,-,-,131,-,109,-,80,-,-,-,-,131,-,52,32,70,70,139,131,525,474,116,72,35,2,7,44,60,42,1,4,0,5,0,147,7,56.0,-2.01,53,-9.1,0.7,4.12,1,1,-0.6,2.6,0,0,0,0,0,0,0,0.0,0,0,0,0,0,0,0,0,0,0,0,0,0,0,0,0,0,0,0,0,0,0.00,0,0,0,0,0,0.0,0.0,0.0,0.00,136,127,700,46,652,2,45,0,5.75,0.0,1.008,0,0,1091.2,0,0,240,232,45,35,28,9,21,1,38,1,0.0,0.5
CF,Jim Edmonds,Jim,Edmonds,Webster Groves Supercells,6' 1',190 lbs,L,L,100,St. Louis Cardinals,STL,2004,1993-2004,,85531,Perfect,Memorial Day OnStream Builds - Hardware Heroes  CF Jim Edmonds  STL  2004,0,N,0,120,115,136,143,90,146,152,114,108,85,112,103,144,155,92,4,1,Groundball,Pull,Pull,1,1,1,7,1,1,1,7,1,1,1,7,16,-,-,-,-,-,-,-,-,-,-,-,1,GB,89-91,3/4,GB'er,1,12,-,-,-,59,57,58,49,115,73,116,-,-,80,-,-,-,-,131,-,109,-,80,-,-,-,-,131,-,52,32,70,70,105,102,418,369,94,65,19,1,9,46,40,45,0,3,0,1,0,80,5,50.4,1.50,50,1.2,1.5,4.10,0,1,-0.9,-1.4,0,0,0,0,0,0,0,0.0,0,0,0,0,0,0,0,0,0,0,0,0,0,0,0,0,0,0,0,0,0,0.00,0,0,0,0,0,0.0,0.0,0.0,0.00,104,102,273,3,268,2,0,0,2.74,1.3,1.011,0,0,888.2,0,0,213,205,53,37,31,11,31,9,35,0,0.0,0.1
3B,Darrell Evans,Darrell,Evans,Englewood Pirates,6' 2',205 lbs,L,R,100,Atlanta Braves,ATL,1973,1961-1979,,84009,Perfect,Historical All-Star  3B Darrell Evans  ATL  1973,0,N,0,75,88,135,141,85,92,88,133,140,75,69,88,135,141,89,23,10,Flyball,Normal,Normal,1,1,1,3,1,1,1,3,1,1,1,3,16,-,-,-,-,-,-,-,-,-,-,-,1,NEU,89-91,OTT,Normal,1,5,-,-,-,103,70,94,68,8,2,1,-,-,101,-,98,-,-,-,-,146,-,101,-,98,-,-,-,-,53,25,67,42,114,73,312,271,61,42,8,2,9,43,29,37,0,1,0,3,0,77,6,32.5,0.18,33,-3.6,0.3,4.10,0,2,-1.3,-1.7,0,0,0,0,0,0,0,0.0,0,0,0,0,0,0,0,0,0,0,0,0,0,0,0,0,0,0,0,0,0,0.00,0,0,0,0,0,0.0,0.0,0.0,0.00,129,73,286,158,121,7,19,0,3.67,-0.4,.997,0,0,683.2,0,0,175,166,29,22,12,4,12,4,16,0,0.0,0.0
2B,Frankie Frisch,Frankie,Frisch,Everett Aqua Sox,5' 11',165 lbs,S,R,94,St. Louis Cardinals,STL,1927,1921-1945,CS,85721,Diamond,Clubhouse - SwitchKnucklers - Snapshot  2B Frankie Frisch  STL  1927,0,N,0,102,93,82,59,208,106,99,71,75,230,101,91,86,48,200,107,101,Normal,Normal,Normal,1,1,1,2,1,1,1,2,1,1,1,2,16,-,-,-,-,-,-,-,-,-,-,-,1,NEU,89-91,3/4,Normal,1,19,-,-,-,120,87,94,104,1,8,6,-,-,-,139,118,-,-,-,-,159,-,-,139,118,-,-,-,-,108,105,108,111,100,97,390,366,94,73,14,1,6,24,37,16,0,4,3,1,0,52,8,37.1,-2.52,34,-11.8,0.5,3.73,13,4,0.9,1.4,0,0,0,0,0,0,0,0.0,0,0,0,0,0,0,0,0,0,0,0,0,0,0,0,0,0,0,0,0,0,0.00,0,0,0,0,0,0.0,0.0,0.0,0.00,99,97,362,229,122,11,59,0,3.65,0.4,1.021,0,0,865.2,0,0,226,213,32,22,29,16,24,6,16,1,0.0,-0.0
1B,Lou Gehrig,Lou,Gehrig,Everett Aqua Sox,6' 0',200 lbs,L,L,101,New York Yankees,NYY,1936,1921-1945,,85910,Perfect,4th of July Speech  1B Lou Gehrig  NYY  1936,0,N,0,133,95,149,165,116,138,84,155,148,104,131,99,147,170,121,16,1,Groundball,Normal,Normal,1,1,1,7,1,1,1,7,1,1,1,7,16,-,-,-,-,-,-,-,-,-,-,-,1,GB,89-91,3/4,GB'er,1,2,-,-,-,36,49,34,18,6,5,9,-,-,61,-,-,-,-,-,-,86,-,61,-,-,-,-,-,-,47,16,54,53,157,157,662,573,153,112,22,1,18,77,76,77,1,5,0,7,0,149,10,85.9,1.17,87,8.5,1.1,3.95,1,3,-1.9,-1.1,0,0,0,0,0,0,0,0.0,0,0,0,0,0,0,0,0,0,0,0,0,0,0,0,0,0,0,0,0,0,0.00,0,0,0,0,0,0.0,0.0,0.0,0.00,10,10,98,3,95,0,3,0,9.52,0.6,1.042,0,0,92.2,0,0,17,17,1,1,1,1,0,0,0,0,0.0,0.0
1B,Lou Gehrig,Lou,Gehrig,Barnstable Beasts,6' 0',200 lbs,L,L,101,New York Yankees,NYY,1936,1921-1945,,85910,Perfect,4th of July Speech  1B Lou Gehrig  NYY  1936,0,N,0,133,95,149,165,116,138,84,155,148,104,131,99,147,170,121,16,1,Groundball,Normal,Normal,1,1,1,7,1,1,1,7,1,1,1,7,16,-,-,-,-,-,-,-,-,-,-,-,1,GB,89-91,3/4,GB'er,1,2,-,-,-,36,49,34,18,6,5,9,-,-,61,-,-,-,-,-,-,86,-,61,-,-,-,-,-,-,47,16,54,53,138,112,520,443,123,84,21,1,17,76,55,66,1,6,0,5,0,109,9,78.2,2.65,78,16.9,2.1,4.11,1,0,-0.2,-3.1,0,0,0,0,0,0,0,0.0,0,0,0,0,0,0,0,0,0,0,0,0,0,0,0,0,0,0,0,0,0,0.00,0,0,0,0,0,0.0,0.0,0.0,0.00,27,20,195,18,176,1,18,0,9.65,-0.0,.965,0,0,181.0,0,0,29,28,2,2,3,2,1,0,1,0,0.0,0.0
1B,Lou Gehrig,Lou,Gehrig,Waltham River Otters,6' 0',200 lbs,L,L,101,New York Yankees,NYY,1936,1921-1945,,85910,Perfect,4th of July Speech  1B Lou Gehrig  NYY  1936,0,N,0,133,95,149,165,116,138,84,155,148,104,131,99,147,170,121,16,1,Groundball,Normal,Normal,1,1,1,7,1,1,1,7,1,1,1,7,16,-,-,-,-,-,-,-,-,-,-,-,1,GB,89-91,3/4,GB'er,1,2,-,-,-,36,49,34,18,6,5,9,-,-,61,-,-,-,-,-,-,86,-,61,-,-,-,-,-,-,47,16,54,53,153,150,674,601,169,116,29,0,24,85,78,66,0,3,1,3,0,137,10,98.0,1.60,97,17.2,2.1,4.01,2,1,-0.6,-2.6,0,0,0,0,0,0,0,0.0,0,0,0,0,0,0,0,0,0,0,0,0,0,0,0,0,0,0,0,0,0,0.00,0,0,0,0,0,0.0,0.0,0.0,0.00,151,149,1339,114,1218,7,104,0,9.33,-0.5,.999,0,0,1285.0,0,0,278,266,26,21,14,7,7,1,7,0,0.0,0.0
1B,Lou Gehrig,Lou,Gehrig,Englewood Pirates,6' 0',200 lbs,L,L,101,New York Yankees,NYY,1936,1921-1945,,85910,Perfect,4th of July Speech  1B Lou Gehrig  NYY  1936,0,N,0,133,95,149,165,116,138,84,155,148,104,131,99,147,170,121,16,1,Groundball,Normal,Normal,1,1,1,7,1,1,1,7,1,1,1,7,16,-,-,-,-,-,-,-,-,-,-,-,1,GB,89-91,3/4,GB'er,1,2,-,-,-,36,49,34,18,6,5,9,-,-,61,-,-,-,-,-,-,86,-,61,-,-,-,-,-,-,47,16,54,53,157,151,657,574,148,99,24,0,25,84,77,65,0,7,0,11,0,132,10,86.8,0.63,85,7.6,1.8,4.04,0,0,0.0,1.1,0,0,0,0,0,0,0,0.0,0,0,0,0,0,0,0,0,0,0,0,0,0,0,0,0,0,0,0,0,0,0.00,0,0,0,0,0,0.0,0.0,0.0,0.00,153,151,1401,106,1290,5,124,0,9.78,-1.9,.991,0,0,1284.2,0,0,270,257,30,23,5,1,7,2,8,0,0.0,0.0
1B,Lou Gehrig,Lou,Gehrig,Sharpstown Bill Collectors,6' 0',200 lbs,L,L,101,New York Yankees,NYY,1936,1921-1945,,85910,Perfect,4th of July Speech  1B Lou Gehrig  NYY  1936,0,N,0,133,95,149,165,116,138,84,155,148,104,131,99,147,170,121,16,1,Groundball,Normal,Normal,1,1,1,7,1,1,1,7,1,1,1,7,16,-,-,-,-,-,-,-,-,-,-,-,1,GB,89-91,3/4,GB'er,1,2,-,-,-,36,49,34,18,6,5,9,-,-,61,-,-,-,-,-,-,86,-,61,-,-,-,-,-,-,47,16,54,53,154,153,609,529,124,75,24,2,23,91,69,69,0,3,1,7,0,126,11,74.1,0.37,74,1.9,0.4,4.00,0,0,0.0,-1.4,0,0,0,0,0,0,0,0.0,0,0,0,0,0,0,0,0,0,0,0,0,0,0,0,0,0,0,0,0,0,0.00,0,0,0,0,0,0.0,0.0,0.0,0.00,153,153,1257,96,1149,12,102,0,9.13,-6.1,.949,0,0,1226.2,0,0,239,223,24,17,8,1,7,2,11,0,0.0,0.0
1B,Lou Gehrig,Lou,Gehrig,Tampa Bay Yankees 22,6' 0',200 lbs,L,L,101,New York Yankees,NYY,1936,1921-1945,,85910,Perfect,4th of July Speech  1B Lou Gehrig  NYY  1936,0,N,0,133,95,149,165,116,138,84,155,148,104,131,99,147,170,121,16,1,Groundball,Normal,Normal,1,1,1,7,1,1,1,7,1,1,1,7,16,-,-,-,-,-,-,-,-,-,-,-,1,GB,89-91,3/4,GB'er,1,2,-,-,-,36,49,34,18,6,5,9,-,-,61,-,-,-,-,-,-,86,-,61,-,-,-,-,-,-,47,16,54,53,141,141,626,545,137,85,34,3,15,67,69,75,0,5,0,1,0,119,16,77.7,1.53,81,7.6,0.7,4.07,0,1,-1.0,-6.5,0,0,0,0,0,0,0,0.0,0,0,0,0,0,0,0,0,0,0,0,0,0,0,0,0,0,0,0,0,0,0.00,0,0,0,0,0,0.0,0.0,0.0,0.00,7,7,77,1,76,0,5,0,11.06,0.3,1.042,0,0,62.2,0,0,14,14,0,0,0,0,0,0,0,0,0.0,0.0
1B,Lou Gehrig,Lou,Gehrig,Maple Madness,6' 0',200 lbs,L,L,101,New York Yankees,NYY,1936,1921-1945,,85910,Perfect,4th of July Speech  1B Lou Gehrig  NYY  1936,0,N,0,133,95,149,165,116,138,84,155,148,104,131,99,147,170,121,16,1,Groundball,Normal,Normal,1,1,1,7,1,1,1,7,1,1,1,7,16,-,-,-,-,-,-,-,-,-,-,-,1,GB,89-91,3/4,GB'er,1,2,-,-,-,36,49,34,18,6,5,9,-,-,61,-,-,-,-,-,-,86,-,61,-,-,-,-,-,-,47,16,54,53,117,78,374,314,90,71,9,1,9,47,48,53,0,2,0,5,0,76,10,51.9,1.48,55,10.8,1.4,4.06,0,1,-0.9,0.2,0,0,0,0,0,0,0,0.0,0,0,0,0,0,0,0,0,0,0,0,0,0,0,0,0,0,0,0,0,0,0.00,0,0,0,0,0,0.0,0.0,0.0,0.00,59,37,385,24,360,1,24,0,9.49,-1.3,.952,0,0,364.1,0,0,66,63,7,6,4,1,3,0,3,0,0.0,0.0
1B,Lou Gehrig,Lou,Gehrig,Dark Web Hackers,6' 0',200 lbs,L,L,101,New York Yankees,NYY,1936,1921-1945,,85910,Perfect,4th of July Speech  1B Lou Gehrig  NYY  1936,0,N,0,133,95,149,165,116,138,84,155,148,104,131,99,147,170,121,16,1,Groundball,Normal,Normal,1,1,1,7,1,1,1,7,1,1,1,7,16,-,-,-,-,-,-,-,-,-,-,-,1,GB,89-91,3/4,GB'er,1,2,-,-,-,36,49,34,18,6,5,9,-,-,61,-,-,-,-,-,-,86,-,61,-,-,-,-,-,-,47,16,54,53,158,158,678,593,141,99,29,1,12,74,82,75,1,7,0,3,0,147,16,70.4,-0.65,72,-7.9,-0.9,4.00,0,0,0.0,-3.5,0,0,0,0,0,0,0,0.0,0,0,0,0,0,0,0,0,0,0,0,0,0,0,0,0,0,0,0,0,0,0.00,0,0,0,0,0,0.0,0.0,0.0,0.00,13,13,115,7,106,2,7,0,8.92,-1.6,.847,0,0,114.0,0,0,19,15,4,3,1,1,0,0,2,0,0.0,0.0
1B,Lou Gehrig,Lou,Gehrig,Shibuya Shredders - GH,6' 0',200 lbs,L,L,101,New York Yankees,NYY,1936,1921-1945,,85910,Perfect,4th of July Speech  1B Lou Gehrig  NYY  1936,0,N,0,133,95,149,165,116,138,84,155,148,104,131,99,147,170,121,16,1,Groundball,Normal,Normal,1,1,1,7,1,1,1,7,1,1,1,7,16,-,-,-,-,-,-,-,-,-,-,-,1,GB,89-91,3/4,GB'er,1,2,-,-,-,36,49,34,18,6,5,9,-,-,61,-,-,-,-,-,-,86,-,61,-,-,-,-,-,-,47,16,54,53,152,148,656,586,163,121,24,4,14,73,74,61,1,5,0,4,0,126,8,85.5,0.97,84,6.7,1.7,3.96,0,2,-1.6,2.7,0,0,0,0,0,0,0,0.0,0,0,0,0,0,0,0,0,0,0,0,0,0,0,0,0,0,0,0,0,0,0.00,0,0,0,0,0,0.0,0.0,0.0,0.00,148,148,1380,91,1283,6,109,0,9.28,-1.8,.974,0,0,1333.0,0,0,232,221,26,20,11,5,6,3,10,0,0.0,0.0
1B,Lou Gehrig,Lou,Gehrig,Mount Pleasant Mounties,6' 0',200 lbs,L,L,101,New York Yankees,NYY,1936,1921-1945,,85910,Perfect,4th of July Speech  1B Lou Gehrig  NYY  1936,0,N,0,133,95,149,165,116,138,84,155,148,104,131,99,147,170,121,16,1,Groundball,Normal,Normal,1,1,1,7,1,1,1,7,1,1,1,7,16,-,-,-,-,-,-,-,-,-,-,-,1,GB,89-91,3/4,GB'er,1,2,-,-,-,36,49,34,18,6,5,9,-,-,61,-,-,-,-,-,-,86,-,61,-,-,-,-,-,-,47,16,54,53,152,147,641,562,161,105,35,3,18,80,80,65,2,6,0,8,0,126,9,96.7,0.34,94,18.0,2.6,3.85,0,0,0.0,-0.6,0,0,0,0,0,0,0,0.0,0,0,0,0,0,0,0,0,0,0,0,0,0,0,0,0,0,0,0,0,0,0.00,0,0,0,0,0,0.0,0.0,0.0,0.00,150,147,1297,84,1208,5,97,0,9.17,-3.1,.985,0,0,1268.0,0,0,234,222,32,26,11,3,11,0,9,0,0.0,0.0
C,Josh Gibson,Josh,Gibson,New Platson Grand Petites HotL,6' 1',215 lbs,R,R,101,Homestead Grays,HG,1939,1921-1945,,86252,Perfect,All-Star Week - Historical All-Star  C Josh Gibson  HG  1939,0,N,0,116,79,160,141,97,125,84,166,152,104,114,77,158,138,96,49,11,Flyball,Spray,Spray,1,1,1,2,1,1,1,2,1,1,1,2,16,-,-,-,-,-,-,-,-,-,-,-,1,NEU,91-93,3/4,Normal,1,16,93,94,107,53,53,57,41,58,59,53,-,108,77,-,43,-,-,-,-,102,108,77,-,43,-,-,-,-,58,54,63,49,95,89,378,344,85,63,10,3,9,37,42,29,0,2,1,2,0,77,10,38.2,-0.38,38,-6.2,0.2,3.95,0,1,-0.8,-2.3,0,0,0,0,0,0,0,0.0,0,0,0,0,0,0,0,0,0,0,0,0,0,0,0,0,0,0,0,0,0,0.00,0,0,0,0,0,0.0,0.0,0.0,0.00,93,89,699,35,660,4,9,0,7.84,-0.3,.977,47,13,798.0,4,392,47,41,5,3,0,0,0,0,0,0,-5.5,0.0
C,Josh Gibson,Josh,Gibson,Waltham River Otters,6' 1',215 lbs,R,R,101,Homestead Grays,HG,1939,1921-1945,,86252,Perfect,All-Star Week - Historical All-Star  C Josh Gibson  HG  1939,0,N,0,116,79,160,141,97,125,84,166,152,104,114,77,158,138,96,49,11,Flyball,Spray,Spray,1,1,1,2,1,1,1,2,1,1,1,2,16,-,-,-,-,-,-,-,-,-,-,-,1,NEU,91-93,3/4,Normal,1,16,93,94,107,53,53,57,41,58,59,53,-,108,77,-,43,-,-,-,-,102,108,77,-,43,-,-,-,-,58,54,63,49,85,73,309,278,60,47,6,1,6,25,29,25,1,2,2,2,0,80,3,25.8,-1.07,22,-14.4,-0.5,3.97,0,0,0.0,-0.5,0,0,0,0,0,0,0,0.0,0,0,0,0,0,0,0,0,0,0,0,0,0,0,0,0,0,0,0,0,0,0.00,0,0,0,0,0,0.0,0.0,0.0,0.00,82,73,621,33,586,2,7,0,8.54,-1.1,.907,47,14,652.1,2,293,43,36,4,3,0,0,1,1,2,0,-1.0,0.0
C,Josh Gibson,Josh,Gibson,Sharpstown Bill Collectors,6' 1',215 lbs,R,R,101,Homestead Grays,HG,1939,1921-1945,,86252,Perfect,All-Star Week - Historical All-Star  C Josh Gibson  HG  1939,0,N,0,116,79,160,141,97,125,84,166,152,104,114,77,158,138,96,49,11,Flyball,Spray,Spray,1,1,1,2,1,1,1,2,1,1,1,2,16,-,-,-,-,-,-,-,-,-,-,-,1,NEU,91-93,3/4,Normal,1,16,93,94,107,53,53,57,41,58,59,53,-,108,77,-,43,-,-,-,-,102,108,77,-,43,-,-,-,-,58,54,63,49,125,125,504,446,130,98,14,2,16,77,62,43,0,3,2,10,0,81,11,69.3,1.11,69,9.3,2.8,4.05,0,2,-1.5,-0.5,0,0,0,0,0,0,0,0.0,0,0,0,0,0,0,0,0,0,0,0,0,0,0,0,0,0,0,0,0,0,0.00,0,0,0,0,0,0.0,0.0,0.0,0.00,173,125,1100,60,1034,6,15,0,8.95,1.2,1.067,79,24,1100.2,8,441,79,74,6,5,3,3,2,0,0,0,-3.1,0.0
C,Josh Gibson,Josh,Gibson,Laffy Comedians - CG,6' 1',215 lbs,R,R,101,Homestead Grays,HG,1939,1921-1945,,86252,Perfect,All-Star Week - Historical All-Star  C Josh Gibson  HG  1939,0,N,0,116,79,160,141,97,125,84,166,152,104,114,77,158,138,96,49,11,Flyball,Spray,Spray,1,1,1,2,1,1,1,2,1,1,1,2,16,-,-,-,-,-,-,-,-,-,-,-,1,NEU,91-93,3/4,Normal,1,16,93,94,107,53,53,57,41,58,59,53,-,108,77,-,43,-,-,-,-,102,108,77,-,43,-,-,-,-,58,54,63,49,120,119,467,419,108,71,15,4,18,75,49,37,0,4,1,6,0,118,12,57.2,1.61,58,3.5,2.4,4.11,0,3,-1.9,-1.9,0,0,0,0,0,0,0,0.0,0,0,0,0,0,0,0,0,0,0,0,0,0,0,0,0,0,0,0,0,0,0.00,0,0,0,0,0,0.0,0.0,0.0,0.00,120,119,1007,60,943,4,10,0,8.52,3.1,1.116,70,19,1059.2,2,459,50,47,10,8,2,2,1,1,0,0,-2.6,0.0
C,Josh Gibson,Josh,Gibson,Tampa Bay Yankees 22,6' 1',215 lbs,R,R,101,Homestead Grays,HG,1939,1921-1945,,86252,Perfect,All-Star Week - Historical All-Star  C Josh Gibson  HG  1939,0,N,0,116,79,160,141,97,125,84,166,152,104,114,77,158,138,96,49,11,Flyball,Spray,Spray,1,1,1,2,1,1,1,2,1,1,1,2,16,-,-,-,-,-,-,-,-,-,-,-,1,NEU,91-93,3/4,Normal,1,16,93,94,107,53,53,57,41,58,59,53,-,108,77,-,43,-,-,-,-,102,108,77,-,43,-,-,-,-,58,54,63,49,81,74,305,279,76,55,8,2,11,40,36,21,0,1,0,4,0,70,4,39.9,0.46,38,1.9,1.2,3.94,1,0,0.0,-1.4,0,0,0,0,0,0,0,0.0,0,0,0,0,0,0,0,0,0,0,0,0,0,0,0,0,0,0,0,0,0,0.00,0,0,0,0,0,0.0,0.0,0.0,0.00,81,74,633,31,600,2,3,0,8.45,-0.8,.967,56,12,672.1,3,331,25,23,5,4,1,0,0,0,0,0,-2.3,0.0
C,Josh Gibson,Josh,Gibson,Madison Mashers - CG,6' 1',215 lbs,R,R,101,Homestead Grays,HG,1939,1921-1945,,86252,Perfect,All-Star Week - Historical All-Star  C Josh Gibson  HG  1939,0,N,0,116,79,160,141,97,125,84,166,152,104,114,77,158,138,96,49,11,Flyball,Spray,Spray,1,1,1,2,1,1,1,2,1,1,1,2,16,-,-,-,-,-,-,-,-,-,-,-,1,NEU,91-93,3/4,Normal,1,16,93,94,107,53,53,57,41,58,59,53,-,108,77,-,43,-,-,-,-,102,108,77,-,43,-,-,-,-,58,54,63,49,119,119,495,436,111,75,17,4,15,55,70,52,0,5,0,2,0,122,12,61.6,-0.24,64,5.3,2.1,4.06,0,1,-0.9,-5.2,0,0,0,0,0,0,0,0.0,0,0,0,0,0,0,0,0,0,0,0,0,0,0,0,0,0,0,0,0,0,0.00,0,0,0,0,0,0.0,0.0,0.0,0.00,119,119,989,53,925,11,14,0,8.25,-1.4,.801,72,17,1067.1,4,461,46,42,5,3,0,0,0,0,0,0,-1.2,0.0
C,Josh Gibson,Josh,Gibson,Phoenix Mango Slush - HOTL,6' 1',215 lbs,R,R,101,Homestead Grays,HG,1939,1921-1945,,86252,Perfect,All-Star Week - Historical All-Star  C Josh Gibson  HG  1939,0,N,0,116,79,160,141,97,125,84,166,152,104,114,77,158,138,96,49,11,Flyball,Spray,Spray,1,1,1,2,1,1,1,2,1,1,1,2,16,-,-,-,-,-,-,-,-,-,-,-,1,NEU,91-93,3/4,Normal,1,16,93,94,107,53,53,57,41,58,59,53,-,108,77,-,43,-,-,-,-,102,108,77,-,43,-,-,-,-,58,54,63,49,91,79,344,307,74,53,11,3,7,42,36,31,0,3,0,3,0,75,3,37.0,0.86,35,-5.2,0.6,3.97,0,1,-0.8,0.6,0,0,0,0,0,0,0,0.0,0,0,0,0,0,0,0,0,0,0,0,0,0,0,0,0,0,0,0,0,0,0.00,0,0,0,0,0,0.0,0.0,0.0,0.00,85,79,640,33,603,4,9,0,8.00,-1.9,1.122,69,12,715.2,4,396,32,28,3,1,0,0,1,1,0,0,-2.8,0.0
C,Josh Gibson,Josh,Gibson,Grover Beach Grouches,6' 1',215 lbs,R,R,101,Homestead Grays,HG,1939,1921-1945,,86252,Perfect,All-Star Week - Historical All-Star  C Josh Gibson  HG  1939,96 389,N,0,116,79,160,141,97,125,84,166,152,104,114,77,158,138,96,49,11,Flyball,Spray,Spray,1,1,1,2,1,1,1,2,1,1,1,2,16,-,-,-,-,-,-,-,-,-,-,-,1,NEU,91-93,3/4,Normal,1,16,93,94,107,53,53,57,41,58,59,53,-,108,77,-,43,-,-,-,-,102,108,77,-,43,-,-,-,-,58,54,63,49,88,71,292,251,61,46,10,1,4,39,34,32,0,3,2,4,0,72,9,29.0,-0.71,29,-4.7,1.2,4.10,0,0,0.0,-0.5,0,0,0,0,0,0,0,0.0,0,0,0,0,0,0,0,0,0,0,0,0,0,0,0,0,0,0,0,0,0,0.00,0,0,0,0,0,0.0,0.0,0.0,0.00,79,71,613,39,572,2,9,0,8.65,2.9,1.042,44,15,635.2,0,318,36,35,5,5,0,0,0,0,0,0,-0.2,0.0
C,Josh Gibson,Josh,Gibson,Maple Madness,6' 1',215 lbs,R,R,101,Homestead Grays,HG,1939,1921-1945,,86252,Perfect,All-Star Week - Historical All-Star  C Josh Gibson  HG  1939,0,N,0,116,79,160,141,97,125,84,166,152,104,114,77,158,138,96,49,11,Flyball,Spray,Spray,1,1,1,2,1,1,1,2,1,1,1,2,16,-,-,-,-,-,-,-,-,-,-,-,1,NEU,91-93,3/4,Normal,1,16,93,94,107,53,53,57,41,58,59,53,-,108,77,-,43,-,-,-,-,102,108,77,-,43,-,-,-,-,58,54,63,49,93,81,335,300,68,42,11,3,12,46,38,27,0,5,0,3,0,90,5,36.7,0.56,36,-3.6,0.9,3.97,0,1,-0.7,0.5,0,0,0,0,0,0,0,0.0,0,0,0,0,0,0,0,0,0,0,0,0,0,0,0,0,0,0,0,0,0,0.00,0,0,0,0,0,0.0,0.0,0.0,0.00,92,81,718,41,671,6,5,0,8.62,-1.9,.990,65,16,743.2,6,369,41,37,7,2,2,1,0,0,0,0,-1.1,0.0
C,Josh Gibson,Josh,Gibson,Tulsa Doom,6' 1',215 lbs,R,R,101,Homestead Grays,HG,1939,1921-1945,,86252,Perfect,All-Star Week - Historical All-Star  C Josh Gibson  HG  1939,0,N,0,116,79,160,141,97,125,84,166,152,104,114,77,158,138,96,49,11,Flyball,Spray,Spray,1,1,1,2,1,1,1,2,1,1,1,2,16,-,-,-,-,-,-,-,-,-,-,-,1,NEU,91-93,3/4,Normal,1,16,93,94,107,53,53,57,41,58,59,53,-,108,77,-,43,-,-,-,-,102,108,77,-,43,-,-,-,-,58,54,63,49,84,71,317,279,68,47,9,1,11,40,34,31,0,5,0,2,0,66,9,36.3,-1.01,38,0.7,1.1,3.87,0,1,-0.8,-1.8,0,0,0,0,0,0,0,0.0,0,0,0,0,0,0,0,0,0,0,0,0,0,0,0,0,0,0,0,0,0,0.00,0,0,0,0,0,0.0,0.0,0.0,0.00,79,71,576,33,539,4,3,0,8.09,-1.0,.995,43,7,636.2,3,313,37,35,5,3,0,0,1,0,0,0,-1.5,0.0
1B,Josh Gibson,Josh,Gibson,Everett Aquasox,6' 1',215 lbs,R,R,101,Homestead Grays,HG,1939,1921-1945,,86252,Perfect,All-Star Week - Historical All-Star  C Josh Gibson  HG  1939,0,N,0,116,79,160,141,97,125,84,166,152,104,114,77,158,138,96,49,11,Flyball,Spray,Spray,1,1,1,2,1,1,1,2,1,1,1,2,16,-,-,-,-,-,-,-,-,-,-,-,1,NEU,91-93,3/4,Normal,1,16,93,94,107,53,53,57,41,58,59,53,-,108,77,-,43,-,-,-,-,102,108,77,-,43,-,-,-,-,58,54,63,49,131,131,605,531,126,97,15,3,11,52,66,65,1,7,0,2,0,140,7,62.3,-1.00,62,-9.4,0.9,4.03,0,2,-1.5,-0.8,0,0,0,0,0,0,0,0.0,0,0,0,0,0,0,0,0,0,0,0,0,0,0,0,0,0,0,0,0,0,0.00,0,0,0,0,0,0.0,0.0,0.0,0.00,125,124,1088,77,1008,3,53,0,8.88,2.2,1.003,31,10,1099.2,3,227,149,146,19,18,9,5,4,0,5,0,1.3,0.0
C,Josh Gibson,Josh,Gibson,Shibuya Shredders - GH,6' 1',215 lbs,R,R,101,Homestead Grays,HG,1939,1921-1945,,86252,Perfect,All-Star Week - Historical All-Star  C Josh Gibson  HG  1939,0,N,0,116,79,160,141,97,125,84,166,152,104,114,77,158,138,96,49,11,Flyball,Spray,Spray,1,1,1,2,1,1,1,2,1,1,1,2,16,-,-,-,-,-,-,-,-,-,-,-,1,NEU,91-93,3/4,Normal,1,16,93,94,107,53,53,57,41,58,59,53,-,108,77,-,43,-,-,-,-,102,108,77,-,43,-,-,-,-,58,54,63,49,123,119,518,454,110,74,15,3,18,71,65,53,1,4,0,7,0,112,11,60.8,-0.47,61,-0.4,2.0,4.05,0,1,-0.9,0.2,0,0,0,0,0,0,0,0.0,0,0,0,0,0,0,0,0,0,0,0,0,0,0,0,0,0,0,0,0,0,0.00,0,0,0,0,0,0.0,0.0,0.0,0.00,122,119,999,59,938,2,13,0,8.43,0.4,.922,74,25,1064.2,10,495,41,39,7,5,0,0,0,0,0,0,-3.8,0.0
LF,Hank Greenberg,Hank,Greenberg,Tampa Bay Yankees 22,6' 0',210 lbs,R,R,102,Detroit Tigers,DET,1940,1921-1945,CS,86747,Perfect,Clubhouse - Baseball Reference 8  LF Hank Greenberg  DET  1940,0,N,0,131,147,179,180,95,160,164,210,218,100,122,142,168,168,94,20,13,Normal,Normal,Normal,1,1,1,4,1,1,1,4,1,1,1,4,16,-,-,-,-,-,-,-,-,-,-,-,1,NEU,90-92,OTT,Normal,1,13,-,-,-,42,47,50,47,49,41,109,-,-,68,-,-,-,62,-,-,92,-,68,-,-,-,62,-,-,46,24,49,43,3,3,16,15,4,2,0,0,2,3,3,1,0,0,0,0,0,1,0,3.2,-0.12,3,1.2,0.2,3.69,0,0,0.0,0.2,0,0,0,0,0,0,0,0.0,0,0,0,0,0,0,0,0,0,0,0,0,0,0,0,0,0,0,0,0,0,0.00,0,0,0,0,0,0.0,0.0,0.0,0.00,1,1,14,1,13,0,0,0,9.69,0.3,1.042,0,0,13.0,0,0,0,0,0,0,0,0,0,0,1,1,0.0,0.0
LF,Hank Greenberg,Hank,Greenberg,Waltham River Otters,6' 0',210 lbs,R,R,102,Detroit Tigers,DET,1940,1921-1945,CS,86747,Perfect,Clubhouse - Baseball Reference 8  LF Hank Greenberg  DET  1940,0,N,0,131,147,179,180,95,160,164,210,218,100,122,142,168,168,94,20,13,Normal,Normal,Normal,1,1,1,4,1,1,1,4,1,1,1,4,16,-,-,-,-,-,-,-,-,-,-,-,1,NEU,90-92,OTT,Normal,1,13,-,-,-,42,47,50,47,49,41,109,-,-,68,-,-,-,62,-,-,92,-,68,-,-,-,62,-,-,46,24,49,43,10,8,36,33,10,6,2,0,2,6,5,3,0,0,0,0,0,10,0,6.3,0.71,6,2.0,0.2,3.61,0,1,-0.5,0.5,0,0,0,0,0,0,0,0.0,0,0,0,0,0,0,0,0,0,0,0,0,0,0,0,0,0,0,0,0,0,0.00,0,0,0,0,0,0.0,0.0,0.0,0.00,3,2,13,3,10,0,1,0,6.50,-0.0,1.042,0,0,18.0,0,0,4,4,1,0,1,1,0,0,2,0,0.0,0.0
SS,Konnor Griffin,Konnor,Griffin,Washington Border Collies,6' 4',215 lbs,R,R,100,Pittsburgh Pirates,PIT,2026,2026,,84625,Perfect,Future Legend  SS Konnor Griffin  PIT  2026,0,N,0,120,101,113,99,105,124,110,122,104,111,119,99,110,98,103,35,33,Groundball,Pull,Pull,1,11,79,1,1,11,79,1,1,12,80,1,16,-,-,-,-,-,-,-,-,-,-,-,1,EX FB,75-80,3/4,Normal,20,24,1,1,1,109,95,108,98,85,112,97,-,-,-,131,-,118,-,-,-,158,-,120,131,124,118,113,90,112,120,88,105,114,143,143,569,508,136,91,29,3,13,72,75,51,0,6,0,4,0,107,14,72.4,1.42,72,5.3,3.5,3.93,11,2,1.2,4.6,0,0,0,0,0,0,0,0.0,0,0,0,0,0,0,0,0,0,0,0,0,0,0,0,0,0,0,0,0,0,0.00,0,0,0,0,0,0.0,0.0,0.0,0.00,143,143,511,354,146,11,75,0,3.50,2.5,1.012,0,0,1286.0,0,0,346,331,43,27,33,21,22,8,40,5,0.0,0.0
RF,Konnor Griffin,Konnor,Griffin,Phoenix Mango Slush - HOTL,6' 4',215 lbs,R,R,100,Pittsburgh Pirates,PIT,2026,2026,,84625,Perfect,Future Legend  SS Konnor Griffin  PIT  2026,0,N,0,120,101,113,99,105,124,110,122,104,111,119,99,110,98,103,35,33,Groundball,Pull,Pull,1,11,79,1,1,11,79,1,1,12,80,1,16,-,-,-,-,-,-,-,-,-,-,-,1,EX FB,75-80,3/4,Normal,20,24,1,1,1,109,95,108,98,85,112,97,-,-,120,131,124,118,113,-,112,158,-,120,131,124,118,113,90,112,120,88,105,114,118,99,395,362,96,59,20,4,13,56,42,27,0,2,0,4,0,81,9,50.6,0.36,50,3.5,1.9,3.86,14,5,0.6,1.0,0,0,0,0,0,0,0,0.0,0,0,0,0,0,0,0,0,0,0,0,0,0,0,0,0,0,0,0,0,0,0.00,0,0,0,0,0,0.0,0.0,0.0,0.00,146,97,391,124,264,3,30,0,4.00,2.7,1.022,0,0,872.0,0,0,186,179,47,34,26,14,12,1,16,2,0.0,0.3
SS,Konnor Griffin,Konnor,Griffin,Everett Aquasox,6' 4',215 lbs,R,R,100,Pittsburgh Pirates,PIT,2026,2026,,84625,Perfect,Future Legend  SS Konnor Griffin  PIT  2026,0,N,0,120,101,113,99,105,124,110,122,104,111,119,99,110,98,103,35,33,Groundball,Pull,Pull,1,11,79,1,1,11,79,1,1,12,80,1,16,-,-,-,-,-,-,-,-,-,-,-,1,EX FB,75-80,3/4,Normal,20,24,1,1,1,109,95,108,98,85,112,97,-,-,-,-,-,118,-,-,-,158,-,120,131,124,118,113,90,112,120,88,105,114,142,142,571,522,136,98,27,2,9,55,62,43,0,4,0,2,0,113,17,60.6,-0.91,61,-5.9,2.6,3.77,12,4,0.5,2.9,0,0,0,0,0,0,0,0.0,0,0,0,0,0,0,0,0,0,0,0,0,0,0,0,0,0,0,0,0,0,0.00,0,0,0,0,0,0.0,0.0,0.0,0.00,142,142,538,357,171,10,73,0,3.77,3.2,1.025,0,0,1260.1,0,0,338,322,65,52,38,20,40,11,34,2,0.0,-0.2
2B,Konnor Griffin,Konnor,Griffin,Madison Moundsmen - CG,6' 4',215 lbs,R,R,100,Pittsburgh Pirates,PIT,2026,2026,,84625,Perfect,Future Legend  SS Konnor Griffin  PIT  2026,0,N,0,120,101,113,99,105,124,110,122,104,111,119,99,110,98,103,35,33,Groundball,Pull,Pull,1,11,79,1,1,11,79,1,1,12,80,1,16,-,-,-,-,-,-,-,-,-,-,-,1,EX FB,75-80,3/4,Normal,20,24,1,1,1,109,95,108,98,85,112,97,-,-,11,131,124,118,113,-,112,158,-,120,131,124,118,113,90,112,120,88,105,114,85,79,323,295,70,48,10,0,12,34,40,21,0,6,0,1,0,77,8,33.2,0.48,34,-3.9,1.1,4.03,2,3,-1.3,2.2,0,0,0,0,0,0,0,0.0,0,0,0,0,0,0,0,0,0,0,0,0,0,0,0,0,0,0,0,0,0,0.00,0,0,0,0,0,0.0,0.0,0.0,0.00,86,79,299,187,107,5,49,0,3.76,1.7,1.028,0,0,703.1,0,0,195,188,22,17,12,5,11,1,11,2,0.0,-0.0
SS,Konnor Griffin,Konnor,Griffin,Mount Pleasant Mounties,6' 4',215 lbs,R,R,100,Pittsburgh Pirates,PIT,2026,2026,,84625,Perfect,Future Legend  SS Konnor Griffin  PIT  2026,0,N,0,120,101,113,99,105,124,110,122,104,111,119,99,110,98,103,35,33,Groundball,Pull,Pull,1,11,79,1,1,11,79,1,1,12,80,1,16,-,-,-,-,-,-,-,-,-,-,-,1,EX FB,75-80,3/4,Normal,20,24,1,1,1,109,95,108,98,85,112,97,-,-,-,-,124,118,-,-,-,158,-,120,131,124,118,113,90,112,120,88,105,114,92,84,317,284,64,42,12,1,9,26,42,29,0,2,0,2,0,79,8,31.6,-1.18,31,-6.1,1.2,4.05,7,2,0.5,1.9,0,0,0,0,0,0,0,0.0,0,0,0,0,0,0,0,0,0,0,0,0,0,0,0,0,0,0,0,0,0,0.00,0,0,0,0,0,0.0,0.0,0.0,0.00,90,84,234,180,51,3,18,0,2.82,3.3,1.044,0,0,737.0,0,0,198,190,31,22,16,9,8,2,9,0,0.0,0.0
CF,Tony Gwynn,Tony,Gwynn,Freedom Grabbers - HotL,5' 11',200 lbs,L,L,100,San Diego Padres,SDP,1986,1980-1992,HOF,85782,Perfect,Family Connections - Hall of Fame  RF Tony Gwynn  SD  1986,0,N,0,139,97,81,70,168,131,107,91,76,175,142,95,77,69,166,37,66,Groundball,Spray,Spray,1,1,1,5,1,1,1,5,1,1,1,5,16,-,-,-,-,-,-,-,-,-,-,-,1,NEU,89-91,3/4,Normal,1,6,-,-,-,9,10,7,2,110,122,119,-,-,-,-,-,-,-,131,149,16,-,-,-,-,-,-,131,149,93,97,106,97,104,98,442,420,120,82,29,3,6,32,55,18,0,3,0,1,0,77,4,55.4,1.50,52,-0.3,1.9,3.95,10,4,0.1,3.2,0,0,0,0,0,0,0,0.0,0,0,0,0,0,0,0,0,0,0,0,0,0,0,0,0,0,0,0,0,0,0.00,0,0,0,0,0,0.0,0.0,0.0,0.00,100,98,242,13,225,4,1,0,2.52,-3.2,.996,0,0,850.2,0,0,179,177,56,34,37,10,36,3,37,1,0.0,3.3
RF,Tony Gwynn,Tony,Gwynn,Alexandria SafeZone,5' 11',200 lbs,L,L,100,San Diego Padres,SDP,1986,1980-1992,HOF,85782,Perfect,Family Connections - Hall of Fame  RF Tony Gwynn  SD  1986,0,N,0,139,97,81,70,168,131,107,91,76,175,142,95,77,69,166,37,66,Groundball,Spray,Spray,1,1,1,5,1,1,1,5,1,1,1,5,16,-,-,-,-,-,-,-,-,-,-,-,1,NEU,89-91,3/4,Normal,1,6,-,-,-,9,10,7,2,110,122,119,-,-,-,-,-,-,-,131,149,16,-,-,-,-,-,-,131,149,93,97,106,97,114,95,381,349,95,74,18,1,2,34,39,27,0,2,1,2,0,61,9,39.7,-0.34,39,-6.2,0.3,3.80,5,1,0.4,2.1,0,0,0,0,0,0,0,0.0,0,0,0,0,0,0,0,0,0,0,0,0,0,0,0,0,0,0,0,0,0,0.00,0,0,0,0,0,0.0,0.0,0.0,0.00,110,95,230,8,218,4,1,0,2.37,-0.8,1.007,0,0,859.1,0,0,175,173,53,32,29,8,27,4,41,1,0.0,-0.2
RF,Tony Gwynn,Tony,Gwynn,Houston Swangas,5' 11',200 lbs,L,L,100,San Diego Padres,SDP,1986,1980-1992,HOF,85782,Perfect,Family Connections - Hall of Fame  RF Tony Gwynn  SD  1986,0,N,0,139,97,81,70,168,131,107,91,76,175,142,95,77,69,166,37,66,Groundball,Spray,Spray,1,1,1,5,1,1,1,5,1,1,1,5,16,-,-,-,-,-,-,-,-,-,-,-,1,NEU,89-91,3/4,Normal,1,6,-,-,-,9,10,7,2,110,122,119,-,-,-,-,-,-,-,131,149,16,-,-,-,-,-,-,131,149,93,97,106,97,86,86,366,341,99,69,21,2,7,41,50,18,0,3,1,3,0,49,7,46.2,0.67,45,2.3,1.8,3.65,8,5,-0.9,2.6,0,0,0,0,0,0,0,0.0,0,0,0,0,0,0,0,0,0,0,0,0,0,0,0,0,0,0,0,0,0,0.00,0,0,0,0,0,0.0,0.0,0.0,0.00,86,86,193,9,182,2,0,0,2.29,0.4,.993,0,0,751.0,0,0,123,121,59,40,36,14,33,7,32,0,0.0,1.2
RF,Tony Gwynn,Tony,Gwynn,Rockford Peaches,5' 11',200 lbs,L,L,100,San Diego Padres,SDP,1986,1980-1992,HOF,85782,Perfect,Family Connections - Hall of Fame  RF Tony Gwynn  SD  1986,0,N,0,139,97,81,70,168,131,107,91,76,175,142,95,77,69,166,37,66,Groundball,Spray,Spray,1,1,1,5,1,1,1,5,1,1,1,5,16,-,-,-,-,-,-,-,-,-,-,-,1,NEU,89-91,3/4,Normal,1,6,-,-,-,9,10,7,2,110,122,119,-,-,-,-,-,-,-,131,149,16,-,-,-,-,-,-,131,149,93,97,106,97,50,41,150,145,29,19,10,0,0,11,10,5,0,0,0,0,0,23,1,8.7,-0.85,5,-12.4,-0.9,3.43,6,3,-0.1,0.3,0,0,0,0,0,0,0,0.0,0,0,0,0,0,0,0,0,0,0,0,0,0,0,0,0,0,0,0,0,0,0.00,0,0,0,0,0,0.0,0.0,0.0,0.00,45,40,73,0,71,2,0,0,1.82,-1.4,.980,0,0,352.0,0,0,59,56,17,12,7,3,10,0,15,0,0.0,-0.1
CF,Tony Gwynn,Tony,Gwynn,Everett Aquasox,5' 11',200 lbs,L,L,100,San Diego Padres,SDP,1986,1980-1992,HOF,85782,Perfect,Family Connections - Hall of Fame  RF Tony Gwynn  SD  1986,0,N,0,139,97,81,70,168,131,107,91,76,175,142,95,77,69,166,37,66,Groundball,Spray,Spray,1,1,1,5,1,1,1,5,1,1,1,5,16,-,-,-,-,-,-,-,-,-,-,-,1,NEU,89-91,3/4,Normal,1,6,-,-,-,9,10,7,2,110,122,119,-,-,-,-,-,-,-,131,149,16,-,-,-,-,-,-,131,149,93,97,106,97,79,36,161,147,42,28,10,0,4,17,20,8,0,5,0,1,0,24,2,23.0,0.86,21,2.7,1.1,3.81,4,0,0.9,1.6,0,0,0,0,0,0,0,0.0,0,0,0,0,0,0,0,0,0,0,0,0,0,0,0,0,0,0,0,0,0,0.00,0,0,0,0,0,0.0,0.0,0.0,0.00,76,33,94,3,90,1,0,0,2.25,0.2,1.004,0,0,371.2,0,0,70,68,25,15,7,4,10,2,17,1,0.0,0.2
CF,Tony Gwynn,Tony,Gwynn,Gastonia Peaches,5' 11',200 lbs,L,L,100,San Diego Padres,SDP,1986,1980-1992,HOF,85782,Perfect,Family Connections - Hall of Fame  RF Tony Gwynn  SD  1986,0,N,0,139,97,81,70,168,131,107,91,76,175,142,95,77,69,166,37,66,Groundball,Spray,Spray,1,1,1,5,1,1,1,5,1,1,1,5,16,-,-,-,-,-,-,-,-,-,-,-,1,NEU,89-91,3/4,Normal,1,6,-,-,-,9,10,7,2,110,122,119,-,-,-,-,-,-,-,131,149,16,-,-,-,-,-,-,131,149,93,97,106,97,122,112,425,398,96,67,21,4,4,38,53,18,0,3,2,3,1,67,6,38.9,-2.08,33,-17.1,0.2,3.97,12,2,1.7,2.1,0,0,0,0,0,0,0,0.0,0,0,0,0,0,0,0,0,0,0,0,0,0,0,0,0,0,0,0,0,0,0.00,0,0,0,0,0,0.0,0.0,0.0,0.00,118,112,227,6,218,3,1,0,2.05,1.2,1.009,0,0,984.1,0,0,165,162,59,38,30,9,25,6,31,3,0.0,2.2
3B,Tommy Harper,Tommy,Harper,Gastonia Peaches,5' 10',170 lbs,R,R,101,Milwaukee Brewers,MIL,1970,1961-1979,BBR,86156,Perfect,Obscure All-Stars - Baseball Reference 5  3B Tommy Harper  ML4  1970,0,N,0,130,129,124,133,119,120,151,100,144,106,133,122,133,130,124,81,62,Normal,Pull,Pull,1,1,1,1,1,1,1,1,1,1,1,1,16,-,-,-,-,-,-,-,-,-,-,-,1,NEU,89-91,3/4,Normal,1,14,-,-,-,108,55,85,58,86,121,56,-,-,-,101,87,-,107,85,95,140,-,-,101,87,-,107,85,95,112,93,107,119,76,64,295,269,70,44,18,1,7,27,42,23,0,3,0,0,0,46,4,36.6,1.56,36,1.2,1.0,3.75,7,3,-0.0,3.4,0,0,0,0,0,0,0,0.0,0,0,0,0,0,0,0,0,0,0,0,0,0,0,0,0,0,0,0,0,0,0.00,0,0,0,0,0,0.0,0.0,0.0,0.00,71,64,153,71,75,7,6,0,2.33,-2.6,.962,0,0,563.0,0,0,130,122,22,15,16,3,13,3,19,1,0.0,-0.4
LF,Tommy Harper,Tommy,Harper,Freedom Grabbers - HotL,5' 10',170 lbs,R,R,101,Milwaukee Brewers,MIL,1970,1961-1979,BBR,86156,Perfect,Obscure All-Stars - Baseball Reference 5  3B Tommy Harper  ML4  1970,0,N,0,130,129,124,133,119,120,151,100,144,106,133,122,133,130,124,81,62,Normal,Pull,Pull,1,1,1,1,1,1,1,1,1,1,1,1,16,-,-,-,-,-,-,-,-,-,-,-,1,NEU,89-91,3/4,Normal,1,14,-,-,-,108,55,85,58,86,121,56,-,-,-,101,87,-,107,85,95,140,-,-,101,87,-,107,85,95,112,93,107,119,102,79,393,352,77,49,22,0,6,30,45,32,0,3,3,3,0,87,1,38.4,-0.78,31,-14.6,-0.0,3.97,15,1,2.9,1.5,0,0,0,0,0,0,0,0.0,0,0,0,0,0,0,0,0,0,0,0,0,0,0,0,0,0,0,0,0,0,0.00,0,0,0,0,0,0.0,0.0,0.0,0.00,91,79,183,2,179,2,0,0,2.27,1.9,1.001,0,0,717.1,0,0,146,144,29,20,26,10,14,3,30,2,0.0,-1.6
LF,Tommy Harper,Tommy,Harper,Barnstable Beasts,5' 10',170 lbs,R,R,101,Milwaukee Brewers,MIL,1970,1961-1979,BBR,86156,Perfect,Obscure All-Stars - Baseball Reference 5  3B Tommy Harper  ML4  1970,0,N,0,130,129,124,133,119,120,151,100,144,106,133,122,133,130,124,81,62,Normal,Pull,Pull,1,1,1,1,1,1,1,1,1,1,1,1,16,-,-,-,-,-,-,-,-,-,-,-,1,NEU,89-91,3/4,Normal,1,14,-,-,-,108,55,85,58,86,121,56,-,-,-,101,87,-,107,85,95,140,-,-,101,87,-,107,85,95,112,93,107,119,72,60,253,230,52,28,19,0,5,34,31,21,0,1,0,1,0,64,2,26.6,-0.14,24,-5.4,0.1,4.13,5,1,0.6,0.4,0,0,0,0,0,0,0,0.0,0,0,0,0,0,0,0,0,0,0,0,0,0,0,0,0,0,0,0,0,0,0.00,0,0,0,0,0,0.0,0.0,0.0,0.00,66,60,137,34,102,1,9,0,2.48,-0.6,.990,0,0,494.0,0,0,94,92,23,13,22,9,7,0,22,2,0.0,-1.6
3B,Tommy Harper,Tommy,Harper,Alexandria SafeZone,5' 10',170 lbs,R,R,101,Milwaukee Brewers,MIL,1970,1961-1979,BBR,86156,Perfect,Obscure All-Stars - Baseball Reference 5  3B Tommy Harper  ML4  1970,0,N,0,130,129,124,133,119,120,151,100,144,106,133,122,133,130,124,81,62,Normal,Pull,Pull,1,1,1,1,1,1,1,1,1,1,1,1,16,-,-,-,-,-,-,-,-,-,-,-,1,NEU,89-91,3/4,Normal,1,14,-,-,-,108,55,85,58,86,121,56,-,-,-,101,87,-,107,85,95,140,-,-,101,87,-,107,85,95,112,93,107,119,114,106,497,445,121,74,35,0,12,48,70,44,0,5,1,2,0,93,6,66.2,3.00,66,7.8,2.6,3.94,6,7,-2.5,2.0,0,0,0,0,0,0,0,0.0,0,0,0,0,0,0,0,0,0,0,0,0,0,0,0,0,0,0,0,0,0,0.00,0,0,0,0,0,0.0,0.0,0.0,0.00,116,106,405,244,149,12,60,0,3.81,0.7,1.004,0,0,928.2,0,0,262,251,39,30,24,11,23,5,21,2,0.0,-0.3
3B,Tommy Harper,Tommy,Harper,Laffy Comedians - CG,5' 10',170 lbs,R,R,101,Milwaukee Brewers,MIL,1970,1961-1979,BBR,86156,Perfect,Obscure All-Stars - Baseball Reference 5  3B Tommy Harper  ML4  1970,0,N,0,130,129,124,133,119,120,151,100,144,106,133,122,133,130,124,81,62,Normal,Pull,Pull,1,1,1,1,1,1,1,1,1,1,1,1,16,-,-,-,-,-,-,-,-,-,-,-,1,NEU,89-91,3/4,Normal,1,14,-,-,-,108,55,85,58,86,121,56,-,-,-,101,87,-,107,85,95,140,-,-,101,87,-,107,85,95,112,93,107,119,108,91,389,349,80,49,19,1,11,45,50,36,0,2,1,1,0,80,6,40.9,-0.82,40,-5.3,0.8,3.90,7,5,-1.1,4.8,0,0,0,0,0,0,0,0.0,0,0,0,0,0,0,0,0,0,0,0,0,0,0,0,0,0,0,0,0,0,0.00,0,0,0,0,0,0.0,0.0,0.0,0.00,106,91,244,137,97,10,7,0,2.48,-2.8,.980,0,0,849.2,0,0,207,195,31,22,24,6,12,1,24,3,0.0,-0.5
LF,Tommy Harper,Tommy,Harper,-,5' 10',170 lbs,R,R,101,Milwaukee Brewers,MIL,1970,1961-1979,BBR,86156,Perfect,Obscure All-Stars - Baseball Reference 5  3B Tommy Harper  ML4  1970,0,N,0,130,129,124,133,119,120,151,100,144,106,133,122,133,130,124,81,62,Normal,Pull,Pull,1,1,1,1,1,1,1,1,1,1,1,1,16,-,-,-,-,-,-,-,-,-,-,-,1,NEU,89-91,3/4,Normal,1,14,-,-,-,108,55,85,58,86,121,56,-,-,-,101,87,-,107,85,95,140,-,-,101,87,-,107,85,95,112,93,107,119,80,72,317,284,59,34,17,1,7,36,35,28,1,2,0,3,0,84,5,28.9,-0.31,26,-11.3,-0.3,4.02,7,2,0.5,1.3,0,0,0,0,0,0,0,0.0,0,0,0,0,0,0,0,0,0,0,0,0,0,0,0,0,0,0,0,0,0,0.00,0,0,0,0,0,0.0,0.0,0.0,0.00,77,72,128,23,102,3,3,0,1.77,-1.5,.995,0,0,636.0,0,0,112,106,17,11,12,4,15,2,19,0,0.0,-0.7
3B,Tommy Harper,Tommy,Harper,Maple Madness,5' 10',170 lbs,R,R,101,Milwaukee Brewers,MIL,1970,1961-1979,BBR,86156,Perfect,Obscure All-Stars - Baseball Reference 5  3B Tommy Harper  ML4  1970,0,Y,5,140,139,134,143,128,130,162,108,155,115,143,132,143,140,134,81,62,Normal,Pull,Pull,1,1,1,1,1,1,1,1,1,1,1,1,16,-,-,-,-,-,-,-,-,-,-,-,1,NEU,89-91,3/4,Normal,1,14,-,-,-,108,55,85,58,86,121,56,-,-,-,108,93,-,115,91,102,150,-,-,108,93,-,115,91,102,112,93,107,119,143,142,669,612,157,99,44,2,12,69,89,45,0,5,2,5,0,132,14,74.5,-0.24,72,-6.7,2.1,3.91,20,7,0.9,6.0,0,0,0,0,0,0,0,0.0,0,0,0,0,0,0,0,0,0,0,0,0,0,0,0,0,0,0,0,0,0,0.00,0,0,0,0,0,0.0,0.0,0.0,0.00,164,142,340,18,315,7,4,0,2.35,5.3,1.019,0,0,1276.1,0,0,253,250,67,48,28,10,48,6,50,4,0.0,-0.9
3B,Tommy Harper,Tommy,Harper,Tulsa Doom,5' 10',170 lbs,R,R,101,Milwaukee Brewers,MIL,1970,1961-1979,BBR,86156,Perfect,Obscure All-Stars - Baseball Reference 5  3B Tommy Harper  ML4  1970,0,N,0,130,129,124,133,119,120,151,100,144,106,133,122,133,130,124,81,62,Normal,Pull,Pull,1,1,1,1,1,1,1,1,1,1,1,1,16,-,-,-,-,-,-,-,-,-,-,-,1,NEU,89-91,3/4,Normal,1,14,-,-,-,108,55,85,58,86,121,56,-,-,-,101,87,-,107,85,95,140,-,-,101,87,-,107,85,95,112,93,107,119,88,62,278,255,49,36,11,0,2,20,23,19,0,3,0,1,0,49,7,15.6,-3.23,13,-19.4,-1.2,3.88,5,6,-2.0,2.9,0,0,0,0,0,0,0,0.0,0,0,0,0,0,0,0,0,0,0,0,0,0,0,0,0,0,0,0,0,0,0.00,0,0,0,0,0,0.0,0.0,0.0,0.00,75,54,184,85,95,4,15,0,3.12,-0.0,1.000,0,0,518.2,0,0,132,124,31,24,18,8,17,3,13,1,0.0,-1.5
3B,Tommy Harper,Tommy,Harper,Dark Web Hackers,5' 10',170 lbs,R,R,101,Milwaukee Brewers,MIL,1970,1961-1979,BBR,86156,Perfect,Obscure All-Stars - Baseball Reference 5  3B Tommy Harper  ML4  1970,0,N,0,130,129,124,133,119,120,151,100,144,106,133,122,133,130,124,81,62,Normal,Pull,Pull,1,1,1,1,1,1,1,1,1,1,1,1,16,-,-,-,-,-,-,-,-,-,-,-,1,NEU,89-91,3/4,Normal,1,14,-,-,-,108,55,85,58,86,121,56,-,-,-,101,87,-,107,85,95,140,-,-,101,87,-,107,85,95,112,93,107,119,95,78,359,317,97,52,33,0,12,66,55,33,0,3,1,5,0,58,6,61.9,4.07,60,18.4,3.2,3.84,7,5,-1.1,3.2,0,0,0,0,0,0,0,0.0,0,0,0,0,0,0,0,0,0,0,0,0,0,0,0,0,0,0,0,0,0,0.00,0,0,0,0,0,0.0,0.0,0.0,0.00,96,73,299,194,98,7,31,0,3.87,0.4,.991,0,0,678.2,0,0,205,197,26,21,16,4,12,6,15,2,0.0,-0.1
3B,Tommy Harper,Tommy,Harper,Shibuya Shredders - GH,5' 10',170 lbs,R,R,101,Milwaukee Brewers,MIL,1970,1961-1979,BBR,86156,Perfect,Obscure All-Stars - Baseball Reference 5  3B Tommy Harper  ML4  1970,0,N,0,130,129,124,133,119,120,151,100,144,106,133,122,133,130,124,81,62,Normal,Pull,Pull,1,1,1,1,1,1,1,1,1,1,1,1,16,-,-,-,-,-,-,-,-,-,-,-,1,NEU,89-91,3/4,Normal,1,14,-,-,-,108,55,85,58,86,121,56,-,-,-,101,87,-,107,85,95,140,-,-,101,87,-,107,85,95,112,93,107,119,130,126,572,522,140,91,38,0,11,48,81,37,0,4,3,4,2,113,7,66.9,-0.31,65,-2.7,1.8,3.83,11,9,-2.3,-0.3,0,0,0,0,0,0,0,0.0,0,0,0,0,0,0,0,0,0,0,0,0,0,0,0,0,0,0,0,0,0,0.00,0,0,0,0,0,0.0,0.0,0.0,0.00,134,126,474,319,146,9,60,0,3.67,1.7,1.017,0,0,1139.2,0,0,311,292,47,38,26,14,22,6,20,2,0.0,0.0
C,Gabby Hartnett,Gabby,Hartnett,Peninsula Whips,6' 1',195 lbs,R,R,100,Chicago Cubs,CHC,1930,1921-1945,PTCS,85206,Perfect,PTCS 3 - Historical All-Star  C Gabby Hartnett  CHC  1930,0,N,0,115,81,142,112,87,100,94,133,86,102,120,77,145,124,83,51,10,Normal,Spray,Spray,1,1,1,3,1,1,1,3,1,1,1,3,16,-,-,-,-,-,-,-,-,-,-,-,1,NEU,90-92,OTT,Normal,1,22,89,97,116,2,2,5,1,5,1,6,-,111,-,-,-,-,-,-,-,-,111,-,-,-,-,-,-,-,44,16,30,35,95,92,367,331,89,70,12,0,7,34,33,27,0,1,6,2,0,93,4,40.7,-0.87,38,-5.2,0.6,4.06,0,1,-0.8,-3.4,0,0,0,0,0,0,0,0.0,0,0,0,0,0,0,0,0,0,0,0,0,0,0,0,0,0,0,0,0,0,0.00,0,0,0,0,0,0.0,0.0,0.0,0.00,95,92,777,39,737,1,7,0,8.54,-0.1,.987,64,15,818.0,2,418,31,28,4,3,0,0,0,0,0,0,-1.2,0.0
LF,Rickey Henderson,Rickey,Henderson,Laffy Comedians - CG,5' 10',180 lbs,R,L,101,Oakland Athletics,OAK,1981,1980-1992,PTCS,85397,Perfect,PTCS 4 - Hardware Heroes  LF Rickey Henderson  ATH  1981,0,N,0,164,106,83,150,121,155,94,104,134,118,167,112,77,155,122,69,77,Groundball,Pull,Pull,1,1,1,2,1,1,1,2,1,1,1,2,16,-,-,-,-,-,-,-,-,-,-,-,1,NEU,88-90,OTT,Normal,1,4,-,-,-,9,2,8,5,119,72,102,-,-,-,-,-,-,142,134,-,9,-,-,-,-,-,142,134,-,124,106,114,124,142,142,559,511,123,75,33,3,12,52,69,40,0,4,2,1,1,125,8,59.6,-0.67,57,-8.8,1.9,4.00,15,7,-0.3,4.3,0,0,0,0,0,0,0,0.0,0,0,0,0,0,0,0,0,0,0,0,0,0,0,0,0,0,0,0,0,0,0.00,0,0,0,0,0,0.0,0.0,0.0,0.00,142,142,368,8,356,4,0,0,2.56,3.7,1.010,0,0,1278.1,0,0,286,281,70,49,40,22,47,3,49,1,0.0,2.4
LF,Rickey Henderson,Rickey,Henderson,Shakedown 1977 Microbus TTC - GH,5' 10',180 lbs,R,L,101,Oakland Athletics,OAK,1981,1980-1992,PTCS,85397,Perfect,PTCS 4 - Hardware Heroes  LF Rickey Henderson  ATH  1981,0,N,0,164,106,83,150,121,155,94,104,134,118,167,112,77,155,122,69,77,Groundball,Pull,Pull,1,1,1,2,1,1,1,2,1,1,1,2,16,-,-,-,-,-,-,-,-,-,-,-,1,NEU,88-90,OTT,Normal,1,4,-,-,-,9,2,8,5,119,72,102,-,-,-,-,-,-,142,134,-,9,-,-,-,-,-,142,134,-,124,106,114,124,129,108,505,450,109,82,18,1,8,48,60,46,0,3,2,4,0,96,8,50.4,-0.07,48,-11.4,0.6,3.89,30,12,0.8,4.6,0,0,0,0,0,0,0,0.0,0,0,0,0,0,0,0,0,0,0,0,0,0,0,0,0,0,0,0,0,0,0.00,0,0,0,0,0,0.0,0.0,0.0,0.00,130,108,241,6,229,6,1,0,2.16,-0.5,1.015,0,0,978.2,0,0,195,190,46,25,23,7,27,6,47,1,0.0,1.0
LF,Rickey Henderson,Rickey,Henderson,Dark Web Hackers,5' 10',180 lbs,R,L,101,Oakland Athletics,OAK,1981,1980-1992,PTCS,85397,Perfect,PTCS 4 - Hardware Heroes  LF Rickey Henderson  ATH  1981,0,N,0,164,106,83,150,121,155,94,104,134,118,167,112,77,155,122,69,77,Groundball,Pull,Pull,1,1,1,2,1,1,1,2,1,1,1,2,16,-,-,-,-,-,-,-,-,-,-,-,1,NEU,88-90,OTT,Normal,1,4,-,-,-,9,2,8,5,119,72,102,-,-,-,-,-,-,142,134,-,9,-,-,-,-,-,142,134,-,124,106,114,124,121,97,399,358,90,67,18,0,5,39,51,29,0,4,3,5,0,69,11,39.1,-0.45,37,-10.0,0.3,3.72,25,7,2.3,3.9,0,0,0,0,0,0,0,0.0,0,0,0,0,0,0,0,0,0,0,0,0,0,0,0,0,0,0,0,0,0,0.00,0,0,0,0,0,0.0,0.0,0.0,0.00,106,97,200,3,194,3,0,0,2.05,-2.6,.999,0,0,863.1,0,0,157,152,51,33,24,5,24,4,32,0,0.0,-2.1
LF,Richard Hidalgo,Richard,Hidalgo,Madison Mashers - CG,6' 3',190 lbs,R,R,101,Houston Astros,HOU,2000,1993-2004,,86707,Perfect,Studs & Duds - Unsung Heroes  CF Richard Hidalgo  HOU  2000,0,N,0,121,119,165,128,127,162,163,98,122,106,108,106,188,130,134,4,1,Flyball,Normal,Normal,1,1,1,5,1,1,1,5,1,1,1,5,16,-,-,-,-,-,-,-,-,-,-,-,1,NEU,90-92,OTT,Normal,1,11,-,-,-,4,9,5,4,109,64,79,-,-,-,-,-,-,124,114,119,4,-,-,-,-,-,124,114,119,59,51,69,87,11,11,47,43,10,6,4,0,0,3,7,3,0,1,0,0,0,12,0,4.5,-0.13,4,-1.5,-0.1,4.00,0,0,0.0,0.3,0,0,0,0,0,0,0,0.0,0,0,0,0,0,0,0,0,0,0,0,0,0,0,0,0,0,0,0,0,0,0.00,0,0,0,0,0,0.0,0.0,0.0,0.00,11,11,26,0,26,0,0,0,2.44,0.2,1.001,0,0,96.0,0,0,22,22,5,2,1,1,1,0,6,1,0.0,-0.6
CF,Richard Hidalgo,Richard,Hidalgo,Gastonia Peaches,6' 3',190 lbs,R,R,101,Houston Astros,HOU,2000,1993-2004,,86707,Perfect,Studs & Duds - Unsung Heroes  CF Richard Hidalgo  HOU  2000,0,N,0,121,119,165,128,127,162,163,98,122,106,108,106,188,130,134,4,1,Flyball,Normal,Normal,1,1,1,5,1,1,1,5,1,1,1,5,16,-,-,-,-,-,-,-,-,-,-,-,1,NEU,90-92,OTT,Normal,1,11,-,-,-,4,9,5,4,109,64,79,-,-,-,-,-,-,124,114,119,4,-,-,-,-,-,124,114,119,59,51,69,87,77,77,354,319,74,41,20,0,13,32,45,32,0,3,0,0,0,69,7,39.5,-0.07,41,-0.6,0.4,3.92,1,4,-2.0,0.6,0,0,0,0,0,0,0,0.0,0,0,0,0,0,0,0,0,0,0,0,0,0,0,0,0,0,0,0,0,0,0.00,0,0,0,0,0,0.0,0.0,0.0,0.00,80,77,152,3,147,2,0,0,2.00,0.9,1.030,0,0,675.1,0,0,116,115,42,26,10,4,28,0,27,2,0.0,-2.3
CF,Richard Hidalgo,Richard,Hidalgo,Barnstable Beasts,6' 3',190 lbs,R,R,101,Houston Astros,HOU,2000,1993-2004,,86707,Perfect,Studs & Duds - Unsung Heroes  CF Richard Hidalgo  HOU  2000,0,N,0,121,119,165,128,127,162,163,98,122,106,108,106,188,130,134,4,1,Flyball,Normal,Normal,1,1,1,5,1,1,1,5,1,1,1,5,16,-,-,-,-,-,-,-,-,-,-,-,1,NEU,90-92,OTT,Normal,1,11,-,-,-,4,9,5,4,109,64,79,-,-,-,-,-,-,124,114,119,4,-,-,-,-,-,124,114,119,59,51,69,87,129,86,402,362,105,70,24,1,10,47,44,34,0,3,0,3,0,105,9,57.1,-0.95,57,9.5,2.1,4.07,1,0,-0.1,1.2,0,0,0,0,0,0,0,0.0,0,0,0,0,0,0,0,0,0,0,0,0,0,0,0,0,0,0,0,0,0,0.00,0,0,0,0,0,0.0,0.0,0.0,0.00,145,86,195,3,186,6,0,0,2.06,1.0,1.005,0,0,827.1,0,0,156,152,35,24,14,6,17,3,40,1,0.0,-1.4
CF,Richard Hidalgo,Richard,Hidalgo,Sharpstown Bill Collectors,6' 3',190 lbs,R,R,101,Houston Astros,HOU,2000,1993-2004,,86707,Perfect,Studs & Duds - Unsung Heroes  CF Richard Hidalgo  HOU  2000,0,N,0,121,119,165,128,127,162,163,98,122,106,108,106,188,130,134,4,1,Flyball,Normal,Normal,1,1,1,5,1,1,1,5,1,1,1,5,16,-,-,-,-,-,-,-,-,-,-,-,1,NEU,90-92,OTT,Normal,1,11,-,-,-,4,9,5,4,109,64,79,-,-,-,-,-,-,124,114,119,4,-,-,-,-,-,124,114,119,59,51,69,87,110,107,448,408,119,84,23,1,11,57,63,35,0,2,0,3,0,75,11,60.5,1.39,61,8.3,2.1,3.88,0,1,-0.9,3.7,0,0,0,0,0,0,0,0.0,0,0,0,0,0,0,0,0,0,0,0,0,0,0,0,0,0,0,0,0,0,0.00,0,0,0,0,0,0.0,0.0,0.0,0.00,111,107,217,4,211,2,1,0,2.09,2.5,1.015,0,0,927.2,0,0,165,162,46,28,30,16,29,4,31,1,0.0,-3.3
2B,Tommy Hinzo,Tommy,Hinzo,Barnstable Beasts,5' 10',170 lbs,S,R,100,Cleveland Guardians,CLE,1987,1980-1992,HFL,85020,Perfect,Young & Old 2 - Historical Future Legend  2B Tommy Hinzo  CLE  1987,0,N,0,144,139,60,119,149,148,136,69,128,144,142,140,55,116,150,106,116,Line Drive,Spray,Spray,1,1,1,4,1,1,1,4,1,1,1,4,16,-,-,-,-,-,-,-,-,-,-,-,1,NEU,89-91,OTT,Normal,1,15,-,-,-,105,106,55,97,7,1,10,-,-,-,127,96,102,-,-,-,156,-,-,127,96,102,-,-,-,117,108,120,116,13,13,52,44,14,10,2,2,0,5,7,7,0,0,0,1,0,11,2,8.1,-0.31,8,2.3,0.5,3.88,2,1,-0.1,0.8,0,0,0,0,0,0,0,0.0,0,0,0,0,0,0,0,0,0,0,0,0,0,0,0,0,0,0,0,0,0,0.00,0,0,0,0,0,0.0,0.0,0.0,0.00,14,13,35,24,10,1,5,0,2.80,-0.2,.993,0,0,109.1,0,0,23,22,4,2,2,1,2,1,2,0,0.0,0.0
2B,Tommy Hinzo,Tommy,Hinzo,Shakedown 1977 Microbus TTC - GH,5' 10',170 lbs,S,R,100,Cleveland Guardians,CLE,1987,1980-1992,HFL,85020,Perfect,Young & Old 2 - Historical Future Legend  2B Tommy Hinzo  CLE  1987,0,N,0,144,139,60,119,149,148,136,69,128,144,142,140,55,116,150,106,116,Line Drive,Spray,Spray,1,1,1,4,1,1,1,4,1,1,1,4,16,-,-,-,-,-,-,-,-,-,-,-,1,NEU,89-91,OTT,Normal,1,15,-,-,-,105,106,55,97,7,1,10,-,-,-,127,96,102,-,-,-,156,-,-,127,96,102,-,-,-,117,108,120,116,150,142,585,508,120,83,31,2,4,50,64,56,0,7,9,4,1,104,6,57.3,-1.37,53,-15.5,0.9,4.02,22,11,-0.7,2.3,0,0,0,0,0,0,0,0.0,0,0,0,0,0,0,0,0,0,0,0,0,0,0,0,0,0,0,0,0,0,0.00,0,0,0,0,0,0.0,0.0,0.0,0.00,149,142,612,402,200,10,96,0,4.28,2.0,1.003,0,0,1265.2,0,0,388,376,68,47,30,14,20,5,37,8,0.0,-0.0
2B,Tommy Hinzo,Tommy,Hinzo,Everett Aqua Sox,5' 10',170 lbs,S,R,100,Cleveland Guardians,CLE,1987,1980-1992,HFL,85020,Perfect,Young & Old 2 - Historical Future Legend  2B Tommy Hinzo  CLE  1987,0,N,0,144,139,60,119,149,148,136,69,128,144,142,140,55,116,150,106,116,Line Drive,Spray,Spray,1,1,1,4,1,1,1,4,1,1,1,4,16,-,-,-,-,-,-,-,-,-,-,-,1,NEU,89-91,OTT,Normal,1,15,-,-,-,105,106,55,97,7,1,10,-,-,-,127,96,102,-,-,-,156,-,-,127,96,102,-,-,-,117,108,120,116,144,141,665,604,153,116,30,3,4,50,75,53,1,3,1,4,0,132,7,68.6,0.71,62,-16.8,1.5,3.87,45,13,3.9,5.3,0,0,0,0,0,0,0,0.0,0,0,0,0,0,0,0,0,0,0,0,0,0,0,0,0,0,0,0,0,0,0.00,0,0,0,0,0,0.0,0.0,0.0,0.00,143,141,551,352,186,13,78,0,3.86,-3.5,.983,0,0,1256.0,0,0,361,337,46,35,43,16,22,11,36,2,0.0,0.0
2B,Tommy Hinzo,Tommy,Hinzo,Canterbury Tails,5' 10',170 lbs,S,R,100,Cleveland Guardians,CLE,1987,1980-1992,HFL,85020,Perfect,Young & Old 2 - Historical Future Legend  2B Tommy Hinzo  CLE  1987,0,N,0,144,139,60,119,149,148,136,69,128,144,142,140,55,116,150,106,116,Line Drive,Spray,Spray,1,1,1,4,1,1,1,4,1,1,1,4,16,-,-,-,-,-,-,-,-,-,-,-,1,NEU,89-91,OTT,Normal,1,15,-,-,-,105,106,55,97,7,1,10,-,-,-,127,96,102,-,-,-,156,-,-,127,96,102,-,-,-,117,108,120,116,119,97,461,396,107,73,25,4,5,38,63,42,0,4,16,3,0,76,5,59.7,1.21,52,-2.0,2.0,3.79,30,5,4.5,0.4,0,0,0,0,0,0,0,0.0,0,0,0,0,0,0,0,0,0,0,0,0,0,0,0,0,0,0,0,0,0,0.00,0,0,0,0,0,0.0,0.0,0.0,0.00,108,97,395,245,139,11,60,0,3.93,-1.4,.989,0,0,880.1,0,0,268,254,30,19,23,12,17,5,19,2,0.0,0.0
2B,Tommy Hinzo,Tommy,Hinzo,Houston Swangas,5' 10',170 lbs,S,R,100,Cleveland Guardians,CLE,1987,1980-1992,HFL,85020,Perfect,Young & Old 2 - Historical Future Legend  2B Tommy Hinzo  CLE  1987,0,N,0,144,139,60,119,149,148,136,69,128,144,142,140,55,116,150,106,116,Line Drive,Spray,Spray,1,1,1,4,1,1,1,4,1,1,1,4,16,-,-,-,-,-,-,-,-,-,-,-,1,NEU,89-91,OTT,Normal,1,15,-,-,-,105,106,55,97,7,1,10,-,-,-,127,96,102,-,-,-,156,-,-,127,96,102,-,-,-,117,108,120,116,87,73,286,259,52,35,10,2,5,34,33,21,0,0,2,4,0,48,5,22.8,-0.88,17,-16.3,-0.1,3.81,18,2,3.2,0.5,0,0,0,0,0,0,0,0.0,0,0,0,0,0,0,0,0,0,0,0,0,0,0,0,0,0,0,0,0,0,0.00,0,0,0,0,0,0.0,0.0,0.0,0.00,77,73,265,166,94,5,40,0,3.71,0.9,1.009,0,0,630.2,0,0,167,161,22,15,20,9,10,4,15,2,0.0,0.0
2B,Rogers Hornsby,Rogers,Hornsby,Laffy Comedians - CG,5' 11',175 lbs,R,R,101,St. Louis Cardinals,STL,1921,1921-1945,HOF,86436,Perfect,Hall of Fame  2B Rogers Hornsby  STL  1921,0,N,0,150,141,129,106,102,156,150,67,115,158,148,138,155,104,90,94,91,Line Drive,Normal,Normal,1,1,1,7,1,1,1,7,1,1,1,7,16,-,-,-,-,-,-,-,-,-,-,-,1,GB,90-92,3/4,GB'er,1,14,-,-,-,113,83,89,88,64,100,40,-,-,-,126,108,108,76,-,-,155,-,-,126,108,108,76,-,-,102,64,63,112,139,139,637,578,145,102,23,5,15,62,75,45,0,5,3,6,0,154,9,69.7,0.49,66,-8.8,1.7,3.89,1,2,-1.2,2.2,0,0,0,0,0,0,0,0.0,0,0,0,0,0,0,0,0,0,0,0,0,0,0,0,0,0,0,0,0,0,0.00,0,0,0,0,0,0.0,0.0,0.0,0.00,147,139,476,307,155,14,64,0,3.34,0.1,.999,0,0,1246.2,0,0,339,318,42,32,32,16,23,10,26,1,0.0,0.0
3B,Rogers Hornsby,Rogers,Hornsby,Phoenix Mango Slush - HOTL,5' 11',175 lbs,R,R,101,St. Louis Cardinals,STL,1921,1921-1945,HOF,86436,Perfect,Hall of Fame  2B Rogers Hornsby  STL  1921,0,N,0,150,141,129,106,102,156,150,67,115,158,148,138,155,104,90,94,91,Line Drive,Normal,Normal,1,1,1,7,1,1,1,7,1,1,1,7,16,-,-,-,-,-,-,-,-,-,-,-,1,GB,90-92,3/4,GB'er,1,14,-,-,-,113,83,89,88,64,100,40,-,-,-,126,108,108,76,-,-,155,-,-,126,108,108,76,-,-,102,64,63,112,123,123,534,485,130,91,28,5,6,61,51,34,0,4,8,3,0,110,9,58.9,1.22,56,-6.6,1.6,3.82,0,3,-1.9,4.3,0,0,0,0,0,0,0,0.0,0,0,0,0,0,0,0,0,0,0,0,0,0,0,0,0,0,0,0,0,0,0.00,0,0,0,0,0,0.0,0.0,0.0,0.00,128,122,433,310,107,16,55,0,3.50,0.7,1.005,0,0,1072.1,0,0,310,293,42,32,30,16,19,6,23,1,0.0,0.0
2B,Rogers Hornsby,Rogers,Hornsby,Tulsa Doom,5' 11',175 lbs,R,R,101,St. Louis Cardinals,STL,1921,1921-1945,HOF,86436,Perfect,Hall of Fame  2B Rogers Hornsby  STL  1921,0,N,0,150,141,129,106,102,156,150,67,115,158,148,138,155,104,90,94,91,Line Drive,Normal,Normal,1,1,1,7,1,1,1,7,1,1,1,7,16,-,-,-,-,-,-,-,-,-,-,-,1,GB,90-92,3/4,GB'er,1,14,-,-,-,113,83,89,88,64,100,40,-,-,-,126,108,108,76,-,-,155,-,-,126,108,108,76,-,-,102,64,63,112,139,139,643,588,144,102,27,6,9,42,68,44,0,6,0,4,1,122,16,62.5,-0.90,61,-14.9,0.9,3.77,1,0,-0.2,4.1,0,0,0,0,0,0,0,0.0,0,0,0,0,0,0,0,0,0,0,0,0,0,0,0,0,0,0,0,0,0,0.00,0,0,0,0,0,0.0,0.0,0.0,0.00,141,139,568,345,205,18,99,0,4.03,-3.9,.992,0,0,1228.2,0,0,365,338,45,29,36,17,27,10,21,2,0.0,-0.2
2B,Rogers Hornsby,Rogers,Hornsby,Dark Web Hackers,5' 11',175 lbs,R,R,101,St. Louis Cardinals,STL,1921,1921-1945,HOF,86436,Perfect,Hall of Fame  2B Rogers Hornsby  STL  1921,0,N,0,150,141,129,106,102,156,150,67,115,158,148,138,155,104,90,94,91,Line Drive,Normal,Normal,1,1,1,7,1,1,1,7,1,1,1,7,16,-,-,-,-,-,-,-,-,-,-,-,1,GB,90-92,3/4,GB'er,1,14,-,-,-,113,83,89,88,64,100,40,-,-,-,126,108,108,76,-,-,155,-,-,126,108,108,76,-,-,102,64,63,112,107,100,420,383,99,70,19,4,6,46,55,22,0,10,2,3,0,73,10,43.9,-0.17,43,-5.8,1.0,3.82,0,2,-1.3,3.3,0,0,0,0,0,0,0,0.0,0,0,0,0,0,0,0,0,0,0,0,0,0,0,0,0,0,0,0,0,0,0.00,0,0,0,0,0,0.0,0.0,0.0,0.00,124,98,323,243,70,10,35,0,3.27,0.2,1.007,0,0,860.2,0,0,246,231,35,26,25,15,18,4,15,0,0.0,-0.0
2B,Rogers Hornsby,Rogers,Hornsby,New Haven Corsairs,5' 11',175 lbs,R,R,101,St. Louis Cardinals,STL,1921,1921-1945,HOF,86436,Perfect,Hall of Fame  2B Rogers Hornsby  STL  1921,0,N,0,150,141,129,106,102,156,150,67,115,158,148,138,155,104,90,94,91,Line Drive,Normal,Normal,1,1,1,7,1,1,1,7,1,1,1,7,16,-,-,-,-,-,-,-,-,-,-,-,1,GB,90-92,3/4,GB'er,1,14,-,-,-,113,83,89,88,64,100,40,-,-,-,126,108,108,76,-,-,155,-,-,126,108,108,76,-,-,102,64,63,112,136,134,565,502,144,100,20,9,15,65,67,53,0,3,0,7,0,129,6,83.8,1.24,81,14.1,4.0,4.00,0,1,-1.0,3.8,0,0,0,0,0,0,0,0.0,0,0,0,0,0,0,0,0,0,0,0,0,0,0,0,0,0,0,0,0,0,0.00,0,0,0,0,0,0.0,0.0,0.0,0.00,140,133,540,345,184,11,82,0,4.06,2.0,1.014,0,0,1172.1,0,0,340,327,46,32,31,15,33,10,22,4,0.0,-0.2
2B,Rogers Hornsby,Rogers,Hornsby,Gastonia Peaches,5' 11',175 lbs,R,R,101,St. Louis Cardinals,STL,1921,1921-1945,HOF,86436,Perfect,Hall of Fame  2B Rogers Hornsby  STL  1921,0,N,0,150,141,129,106,102,156,150,67,115,158,148,138,155,104,90,94,91,Line Drive,Normal,Normal,1,1,1,7,1,1,1,7,1,1,1,7,16,-,-,-,-,-,-,-,-,-,-,-,1,GB,90-92,3/4,GB'er,1,14,-,-,-,113,83,89,88,64,100,40,-,-,-,126,108,108,76,-,-,155,-,-,126,108,108,76,-,-,102,64,63,112,108,101,405,373,99,69,17,1,12,49,42,31,0,1,0,0,0,92,10,48.2,-1.29,49,1.2,1.9,3.92,1,1,-0.6,1.7,0,0,0,0,0,0,0,0.0,0,0,0,0,0,0,0,0,0,0,0,0,0,0,0,0,0,0,0,0,0,0.00,0,0,0,0,0,0.0,0.0,0.0,0.00,109,101,410,266,136,8,62,0,4.32,1.5,1.008,0,0,837.1,0,0,256,247,35,28,26,13,16,3,20,1,0.0,-0.0
CF,Andruw Jones,Andruw,Jones,Shakedown 1977 Microbus TTC - GH,6' 1',200 lbs,R,R,99,Atlanta Braves,ATL,2000,1993-2004,,86326,Diamond,HOF Week - Hardware Heroes  CF Andruw Jones  ATL  2000,0,N,0,107,92,128,76,100,131,61,95,129,94,100,102,141,58,103,4,2,Normal,Spray,Spray,1,1,1,1,1,1,1,1,1,1,1,1,16,-,-,-,-,-,-,-,-,-,-,-,1,NEU,89-91,3/4,Normal,1,5,-,-,-,8,8,1,8,125,124,121,-,-,-,-,-,-,-,152,158,12,-,-,-,-,-,-,152,158,94,62,95,112,106,91,341,312,76,61,10,0,5,25,36,26,0,3,0,0,0,71,8,31.1,-0.44,30,-9.7,0.6,3.99,6,2,0.2,1.2,0,0,0,0,0,0,0,0.0,0,0,0,0,0,0,0,0,0,0,0,0,0,0,0,0,0,0,0,0,0,0.00,0,0,0,0,0,0.0,0.0,0.0,0.00,106,91,211,7,199,5,1,0,2.32,0.8,1.002,0,0,800.1,0,0,153,147,53,43,23,8,14,0,30,1,0.0,0.9
CF,Andruw Jones,Andruw,Jones,Rockford Peaches,6' 1',200 lbs,R,R,99,Atlanta Braves,ATL,2000,1993-2004,,86326,Diamond,HOF Week - Hardware Heroes  CF Andruw Jones  ATL  2000,0,Y,5,116,100,138,83,108,141,67,103,139,102,108,110,152,64,111,4,2,Normal,Spray,Spray,1,1,1,1,1,1,1,1,1,1,1,1,16,-,-,-,-,-,-,-,-,-,-,-,1,NEU,89-91,3/4,Normal,1,5,-,-,-,8,8,1,8,125,124,121,-,-,-,-,-,-,-,162,169,13,-,-,-,-,-,-,162,169,94,62,95,112,146,142,544,506,119,71,22,3,23,66,78,32,0,4,1,1,0,122,9,60.8,1.01,59,-5.4,2.6,3.90,6,2,0.1,2.2,0,0,0,0,0,0,0,0.0,0,0,0,0,0,0,0,0,0,0,0,0,0,0,0,0,0,0,0,0,0,0.00,0,0,0,0,0,0.0,0.0,0.0,0.00,145,142,349,7,340,2,1,0,2.46,6.3,1.022,0,0,1267.2,0,0,258,253,74,59,54,25,37,2,51,1,0.0,1.0
3B,Chipper Jones,Chipper,Jones,New Platson Grand Petites HotL,6' 3',185 lbs,S,R,101,Atlanta Braves,ATL,1999,1993-2004,HOF,85952,Perfect,July Jewels - Hall of Fame  3B Chipper Jones  ATL  1999,0,N,0,118,112,136,165,110,133,102,160,140,105,113,116,128,174,112,4,4,Normal,Normal,Normal,1,1,1,1,1,1,1,1,1,1,1,1,16,-,-,-,-,-,-,-,-,-,-,-,1,NEU,89-91,OTT,Normal,1,23,-,-,-,69,61,74,47,9,5,8,-,-,-,-,65,53,-,-,-,118,-,-,-,65,53,-,-,-,82,78,107,83,123,91,456,402,96,54,25,1,16,72,68,49,0,2,0,3,0,100,7,57.7,1.86,56,2.7,1.1,4.17,12,3,1.1,2.3,0,0,0,0,0,0,0,0.0,0,0,0,0,0,0,0,0,0,0,0,0,0,0,0,0,0,0,0,0,0,0.00,0,0,0,0,0,0.0,0.0,0.0,0.00,3,0,5,3,2,0,1,0,6.43,0.1,1.050,0,0,7.0,0,0,4,4,0,0,0,0,0,0,0,0,0.0,0.0
3B,Chipper Jones,Chipper,Jones,Waltham River Otters,6' 3',185 lbs,S,R,101,Atlanta Braves,ATL,1999,1993-2004,HOF,85952,Perfect,July Jewels - Hall of Fame  3B Chipper Jones  ATL  1999,0,N,0,118,112,136,165,110,133,102,160,140,105,113,116,128,174,112,4,4,Normal,Normal,Normal,1,1,1,1,1,1,1,1,1,1,1,1,16,-,-,-,-,-,-,-,-,-,-,-,1,NEU,89-91,OTT,Normal,1,23,-,-,-,69,61,74,47,9,5,8,-,-,-,-,65,53,-,-,-,118,-,-,-,65,53,-,-,-,82,78,107,83,133,121,536,477,128,78,32,2,16,76,72,47,0,6,0,6,0,101,8,75.1,1.36,72,9.0,2.5,3.89,15,3,1.8,2.9,0,0,0,0,0,0,0,0.0,0,0,0,0,0,0,0,0,0,0,0,0,0,0,0,0,0,0,0,0,0,0.00,0,0,0,0,0,0.0,0.0,0.0,0.00,112,100,314,224,82,8,31,0,3.10,-4.7,.946,0,0,888.1,0,0,236,217,36,24,32,19,15,5,12,2,0.0,0.0
DH,Chipper Jones,Chipper,Jones,Shakedown 1977 Microbus TTC - GH,6' 3',185 lbs,S,R,101,Atlanta Braves,ATL,1999,1993-2004,HOF,85952,Perfect,July Jewels - Hall of Fame  3B Chipper Jones  ATL  1999,0,N,0,118,112,136,165,110,133,102,160,140,105,113,116,128,174,112,4,4,Normal,Normal,Normal,1,1,1,1,1,1,1,1,1,1,1,1,16,-,-,-,-,-,-,-,-,-,-,-,1,NEU,89-91,OTT,Normal,1,23,-,-,-,69,61,74,47,9,5,8,-,-,-,-,65,53,-,-,-,118,-,-,-,65,53,-,-,-,82,78,107,83,126,47,311,273,72,50,13,0,9,33,39,29,0,4,0,5,0,66,8,39.5,0.37,39,2.3,1.0,4.00,12,2,1.7,1.9,0,0,0,0,0,0,0,0.0,0,0,0,0,0,0,0,0,0,0,0,0,0,0,0,0,0,0,0,0,0,0.00,0,0,0,0,0,0.0,0.0,0.0,0.00,20,0,21,14,5,2,1,0,3.42,-0.7,.933,0,0,50.0,0,0,19,17,0,0,0,0,1,0,1,0,0.0,0.0
DH,Chipper Jones,Chipper,Jones,Everett Aquasox,6' 3',185 lbs,S,R,101,Atlanta Braves,ATL,1999,1993-2004,HOF,85952,Perfect,July Jewels - Hall of Fame  3B Chipper Jones  ATL  1999,0,N,0,118,112,136,165,110,133,102,160,140,105,113,116,128,174,112,4,4,Normal,Normal,Normal,1,1,1,1,1,1,1,1,1,1,1,1,16,-,-,-,-,-,-,-,-,-,-,-,1,NEU,89-91,OTT,Normal,1,23,-,-,-,69,61,74,47,9,5,8,-,-,-,-,65,53,-,-,-,118,-,-,-,65,53,-,-,-,82,78,107,83,153,153,709,630,157,100,35,1,21,80,89,69,0,7,0,3,0,135,18,85.2,0.20,87,3.0,1.3,3.93,13,3,1.1,1.4,0,0,0,0,0,0,0,0.0,0,0,0,0,0,0,0,0,0,0,0,0,0,0,0,0,0,0,0,0,0,0.00,0,0,0,0,0,0.0,0.0,0.0,0.00,9,9,26,19,6,1,3,0,2.45,-0.4,1.001,0,0,92.0,0,0,26,24,0,0,2,0,0,0,1,0,0.0,0.0
3B,Chipper Jones,Chipper,Jones,Shibuya Shredders - GH,6' 3',185 lbs,S,R,101,Atlanta Braves,ATL,1999,1993-2004,HOF,85952,Perfect,July Jewels - Hall of Fame  3B Chipper Jones  ATL  1999,0,N,0,118,112,136,165,110,133,102,160,140,105,113,116,128,174,112,4,4,Normal,Normal,Normal,1,1,1,1,1,1,1,1,1,1,1,1,16,-,-,-,-,-,-,-,-,-,-,-,1,NEU,89-91,OTT,Normal,1,23,-,-,-,69,61,74,47,9,5,8,-,-,-,-,65,53,-,-,-,118,-,-,-,65,53,-,-,-,82,78,107,83,158,154,693,609,161,100,35,0,26,91,88,69,1,11,0,4,0,152,9,100.3,4.83,98,16.0,2.8,4.05,13,3,1.1,4.7,0,0,0,0,0,0,0,0.0,0,0,0,0,0,0,0,0,0,0,0,0,0,0,0,0,0,0,0,0,0,0.00,0,0,0,0,0,0.0,0.0,0.0,0.00,3,0,4,3,0,1,1,0,3.38,-0.5,.787,0,0,8.0,0,0,4,3,0,0,0,0,0,0,0,0,0.0,0.0
3B,Chipper Jones,Chipper,Jones,Berlin Speed Dealers SoM,6' 3',185 lbs,S,R,101,Atlanta Braves,ATL,1999,1993-2004,HOF,85952,Perfect,July Jewels - Hall of Fame  3B Chipper Jones  ATL  1999,0,N,0,118,112,136,165,110,133,102,160,140,105,113,116,128,174,112,4,4,Normal,Normal,Normal,1,1,1,1,1,1,1,1,1,1,1,1,16,-,-,-,-,-,-,-,-,-,-,-,1,NEU,89-91,OTT,Normal,1,23,-,-,-,69,61,74,47,9,5,8,-,-,-,-,65,53,-,-,-,118,-,-,-,65,53,-,-,-,82,78,107,83,160,158,670,589,138,78,37,0,23,82,83,66,0,7,0,8,0,132,13,76.5,-0.57,78,-0.5,0.1,4.02,5,8,-3.3,0.4,0,0,0,0,0,0,0,0.0,0,0,0,0,0,0,0,0,0,0,0,0,0,0,0,0,0,0,0,0,0,0.00,0,0,0,0,0,0.0,0.0,0.0,0.00,0,0,0,0,0,0,0,0,0.00,0.0,.000,0,0,0.0,0,0,0,0,0,0,0,0,0,0,0,0,0.0,0.0
RF,Al Kaline,Al,Kaline,New Platson Grand Petites HotL,6' 2',180 lbs,R,R,99,Detroit Tigers,DET,1961,1961-1979,HOF,85520,Diamond,60s Theme Week - Hall of Fame  RF Al Kaline  DET  1961,0,N,0,112,131,78,77,138,141,152,69,72,162,103,124,81,79,130,59,53,Groundball,Spray,Spray,1,1,1,5,1,1,1,5,1,1,1,5,16,-,-,-,-,-,-,-,-,-,-,-,1,NEU,89-91,3/4,Normal,1,15,-,-,-,61,58,61,53,113,99,63,-,-,-,-,53,-,133,122,122,111,-,-,-,53,-,133,122,122,112,58,116,113,102,71,255,238,53,37,14,1,1,17,31,8,0,3,5,1,0,47,5,18.5,-0.40,14,-16.2,-0.4,3.68,4,0,0.8,2.7,0,0,0,0,0,0,0,0.0,0,0,0,0,0,0,0,0,0,0,0,0,0,0,0,0,0,0,0,0,0,0.00,0,0,0,0,0,0.0,0.0,0.0,0.00,111,71,185,2,182,1,0,0,2.56,2.1,1.003,0,0,647.0,0,0,135,133,45,30,25,14,28,5,30,0,0.0,-1.8
LF,Al Kaline,Al,Kaline,Everett Aqua Sox,6' 2',180 lbs,R,R,99,Detroit Tigers,DET,1961,1961-1979,HOF,85520,Diamond,60s Theme Week - Hall of Fame  RF Al Kaline  DET  1961,0,N,0,112,131,78,77,138,141,152,69,72,162,103,124,81,79,130,59,53,Groundball,Spray,Spray,1,1,1,5,1,1,1,5,1,1,1,5,16,-,-,-,-,-,-,-,-,-,-,-,1,NEU,89-91,3/4,Normal,1,15,-,-,-,61,58,61,53,113,99,63,-,-,-,-,53,-,133,122,122,111,-,-,-,53,-,133,122,122,112,58,116,113,75,73,308,287,68,47,17,1,3,23,29,16,0,4,0,1,0,61,4,27.7,-0.75,25,-11.2,-0.2,3.72,7,3,-0.0,2.7,0,0,0,0,0,0,0,0.0,0,0,0,0,0,0,0,0,0,0,0,0,0,0,0,0,0,0,0,0,0,0.00,0,0,0,0,0,0.0,0.0,0.0,0.00,75,73,159,2,154,3,0,0,2.25,1.0,1.022,0,0,623.2,0,0,123,123,32,13,27,11,20,6,28,1,0.0,-1.5
3B,King Kelly,King,Kelly,Englewood Pirates,5' 10',170 lbs,R,R,100,Cincinnati Reds,CIN,1879,2026,UTIL,85153,Perfect,Young & Old 1 - Super Utility  3B King Kelly  CN1  1879,0,N,0,137,131,77,83,132,142,128,80,88,135,135,132,77,82,131,89,81,Groundball,Normal,Normal,1,1,1,3,1,1,1,3,1,1,1,3,-,-,-,16,-,17,-,-,-,-,-,-,2,NEU,90-92,3/4,Normal,1,2,83,82,89,89,69,97,74,85,64,112,-,90,-,96,94,-,-,87,111,138,90,-,96,94,-,-,87,111,102,87,96,109,103,93,352,330,83,61,15,5,2,27,29,15,0,3,0,4,0,73,7,32.5,-1.19,29,-12.2,0.2,3.75,4,1,0.2,2.8,0,0,0,0,0,0,0,0.0,0,0,0,0,0,0,0,0,0,0,0,0,0,0,0,0,0,0,0,0,0,0.00,0,0,0,0,0,0.0,0.0,0.0,0.00,108,93,405,176,217,12,30,0,4.38,-2.6,.967,18,5,807.0,1,89,189,175,26,15,15,9,9,3,5,1,-0.3,0.0
2B,Jeff Kent,Jeff,Kent,-,6' 1',185 lbs,R,R,100,San Francisco Giants,SFG,2000,1993-2004,CS,86328,Perfect,Clubhouse - HOF Inductees  2B Jeff Kent  SF  2000,0,N,0,141,123,114,133,112,130,114,91,171,134,144,126,123,120,105,4,14,Groundball,Normal,Normal,1,1,1,2,1,1,1,2,1,1,1,2,16,-,-,-,-,-,-,-,-,-,-,-,1,NEU,90-92,3/4,Normal,1,4,-,-,-,98,87,79,94,3,3,3,-,-,97,116,98,-,-,-,-,151,-,97,116,98,-,-,-,-,47,51,55,36,47,44,181,161,32,21,5,0,6,25,19,17,0,0,0,3,0,30,4,15.2,-0.27,14,-7.3,-0.4,3.98,0,0,0.0,-0.4,0,0,0,0,0,0,0,0.0,0,0,0,0,0,0,0,0,0,0,0,0,0,0,0,0,0,0,0,0,0,0.00,0,0,0,0,0,0.0,0.0,0.0,0.00,50,43,301,72,225,4,32,0,7.21,-0.7,.989,0,0,370.2,0,0,100,95,9,5,7,4,2,1,6,0,0.0,0.0
2B,Jeff Kent,Jeff,Kent,Peninsula Whips,6' 1',185 lbs,R,R,100,San Francisco Giants,SFG,2000,1993-2004,CS,86328,Perfect,Clubhouse - HOF Inductees  2B Jeff Kent  SF  2000,0,N,0,141,123,114,133,112,130,114,91,171,134,144,126,123,120,105,4,14,Groundball,Normal,Normal,1,1,1,2,1,1,1,2,1,1,1,2,16,-,-,-,-,-,-,-,-,-,-,-,1,NEU,90-92,3/4,Normal,1,4,-,-,-,98,87,79,94,3,3,3,-,-,97,116,98,-,-,-,-,151,-,97,116,98,-,-,-,-,47,51,55,36,42,21,105,96,26,20,2,1,3,9,16,8,0,1,0,0,0,25,3,12.6,0.58,13,0.6,0.5,3.97,0,0,0.0,-0.2,0,0,0,0,0,0,0,0.0,0,0,0,0,0,0,0,0,0,0,0,0,0,0,0,0,0,0,0,0,0,0.00,0,0,0,0,0,0.0,0.0,0.0,0.00,38,21,100,64,36,0,11,0,4.10,0.9,1.018,0,0,219.2,0,0,61,58,12,9,5,3,9,5,5,0,0.0,0.0
SS,Francisco Lindor,Francisco,Lindor,Peninsula Whips,5' 11',190 lbs,S,R,101,Cleveland Guardians,CLE,2018,2015+,PTCS,83792,Perfect,PTCS 3 - Hardware Heroes  SS Francisco Lindor  CLE  2018,0,N,0,121,121,112,112,121,135,125,100,127,132,116,120,117,108,118,64,54,Normal,Ex. Pull,Normal,1,1,1,2,1,1,1,2,1,1,1,2,16,-,-,-,-,-,-,-,-,-,-,-,1,NEU,91-93,OTT,Normal,1,14,-,-,-,117,98,91,101,6,2,6,-,-,-,-,-,120,-,-,-,160,-,-,-,-,120,-,-,-,107,73,99,116,141,138,586,521,124,90,24,1,9,43,61,48,0,4,8,5,0,106,7,56.0,-2.08,52,-17.2,0.9,3.85,10,7,-1.6,2.7,0,0,0,0,0,0,0,0.0,0,0,0,0,0,0,0,0,0,0,0,0,0,0,0,0,0,0,0,0,0,0.00,0,0,0,0,0,0.0,0.0,0.0,0.00,140,138,525,370,136,19,85,0,3.69,0.9,.991,0,0,1235.2,0,0,334,316,59,46,40,23,30,9,23,4,0.0,0.0
SS,Jesus Made,Jesus,Made,New Platson Grand Petites HotL,6' 1',185 lbs,S,R,100,Milwaukee Brewers,MIL,2026,2026,,84723,Perfect,FLF 8 - Future Legend  SS Jesus Made  MIL  2026,0,N,0,119,130,101,127,107,117,126,98,131,111,120,132,103,126,106,64,54,Groundball,Normal,Normal,1,6,75,1,1,5,75,1,1,8,76,1,16,-,-,-,-,-,-,-,-,-,-,-,1,FB,87-89,3/4,Normal,9,3,2,-,2,106,66,95,96,77,75,54,-,-,-,117,102,100,-,-,-,148,-,96,117,102,100,88,66,78,118,105,113,115,72,40,215,190,42,32,8,0,2,12,24,23,0,0,2,0,0,54,1,18.0,-1.13,17,-8.3,0.1,4.02,3,4,-1.5,1.9,0,0,0,0,0,0,0,0.0,0,0,0,0,0,0,0,0,0,0,0,0,0,0,0,0,0,0,0,0,0,0.00,0,0,0,0,0,0.0,0.0,0.0,0.00,60,39,166,123,38,5,24,0,3.60,1.0,1.008,0,0,402.1,0,0,115,108,16,12,15,11,3,1,10,1,0.0,0.0
2B,Jesus Made,Jesus,Made,Freedom Grabbers - HotL,6' 1',185 lbs,S,R,100,Milwaukee Brewers,MIL,2026,2026,,84723,Perfect,FLF 8 - Future Legend  SS Jesus Made  MIL  2026,0,N,0,119,130,101,127,107,117,126,98,131,111,120,132,103,126,106,64,54,Groundball,Normal,Normal,1,6,75,1,1,5,75,1,1,8,76,1,16,-,-,-,-,-,-,-,-,-,-,-,1,FB,87-89,3/4,Normal,9,3,2,-,2,106,66,95,96,77,75,54,-,-,-,117,102,100,-,-,-,148,-,96,117,102,100,88,66,78,118,105,113,115,141,141,571,505,124,76,37,3,8,50,61,56,0,4,1,5,0,114,8,66.4,0.09,63,-4.6,2.6,4.04,28,7,2.9,4.9,0,0,0,0,0,0,0,0.0,0,0,0,0,0,0,0,0,0,0,0,0,0,0,0,0,0,0,0,0,0,0.00,0,0,0,0,0,0.0,0.0,0.0,0.00,143,141,531,337,187,7,86,0,4.10,1.3,1.016,0,0,1150.1,0,0,340,324,44,31,31,13,18,6,24,5,0.0,0.0
1B,Jesus Made,Jesus,Made,Everett Aqua Sox,6' 1',185 lbs,S,R,100,Milwaukee Brewers,MIL,2026,2026,,84723,Perfect,FLF 8 - Future Legend  SS Jesus Made  MIL  2026,0,N,0,119,130,101,127,107,117,126,98,131,111,120,132,103,126,106,64,54,Groundball,Normal,Normal,1,6,75,1,1,5,75,1,1,8,76,1,16,-,-,-,-,-,-,-,-,-,-,-,1,FB,87-89,3/4,Normal,9,3,2,-,2,106,66,95,96,77,75,54,-,-,96,117,102,100,-,-,-,148,-,96,117,102,100,88,66,78,118,105,113,115,152,151,610,536,150,107,28,4,11,68,78,65,1,5,0,4,0,119,9,86.3,1.17,82,10.0,2.9,4.07,34,6,4.8,0.3,0,0,0,0,0,0,0,0.0,0,0,0,0,0,0,0,0,0,0,0,0,0,0,0,0,0,0,0,0,0,0.00,0,0,0,0,0,0.0,0.0,0.0,0.00,153,151,1448,113,1329,6,120,0,9.69,4.8,1.025,0,0,1338.2,0,0,281,272,29,25,16,13,11,3,10,1,0.0,0.0
SS,Jesus Made,Jesus,Made,Waltham River Otters,6' 1',185 lbs,S,R,100,Milwaukee Brewers,MIL,2026,2026,,84723,Perfect,FLF 8 - Future Legend  SS Jesus Made  MIL  2026,0,N,0,119,130,101,127,107,117,126,98,131,111,120,132,103,126,106,64,54,Groundball,Normal,Normal,1,6,75,1,1,5,75,1,1,8,76,1,16,-,-,-,-,-,-,-,-,-,-,-,1,FB,87-89,3/4,Normal,9,3,2,-,2,106,66,95,96,77,75,54,-,-,96,117,102,100,-,-,-,148,-,96,117,102,100,88,66,78,118,105,113,115,73,68,300,257,58,36,15,0,7,27,44,35,0,4,2,2,0,71,3,34.4,0.14,32,-2.9,1.3,3.91,16,4,1.7,3.3,0,0,0,0,0,0,0,0.0,0,0,0,0,0,0,0,0,0,0,0,0,0,0,0,0,0,0,0,0,0,0.00,0,0,0,0,0,0.0,0.0,0.0,0.00,94,68,264,177,81,6,43,0,3.77,0.3,1.006,0,0,616.2,0,0,160,148,23,18,18,12,14,5,6,0,0.0,0.0
1B,Jesus Made,Jesus,Made,Phoenix Mango Slush - HOTL,6' 1',185 lbs,S,R,100,Milwaukee Brewers,MIL,2026,2026,,84723,Perfect,FLF 8 - Future Legend  SS Jesus Made  MIL  2026,0,N,0,119,130,101,127,107,117,126,98,131,111,120,132,103,126,106,64,54,Groundball,Normal,Normal,1,6,75,1,1,5,75,1,1,8,76,1,16,-,-,-,-,-,-,-,-,-,-,-,1,FB,87-89,3/4,Normal,9,3,2,-,2,106,66,95,96,77,75,54,-,-,96,117,102,100,88,-,-,148,-,96,117,102,100,88,66,78,118,105,113,115,101,83,378,339,83,53,23,2,5,35,45,31,2,3,0,5,0,75,4,40.3,-0.24,37,-7.5,0.8,3.88,20,9,0.1,2.9,0,0,0,0,0,0,0,0.0,0,0,0,0,0,0,0,0,0,0,0,0,0,0,0,0,0,0,0,0,0,0.00,0,0,0,0,0,0.0,0.0,0.0,0.00,105,79,540,98,437,5,48,0,6.95,3.2,1.024,0,0,692.2,0,0,169,165,20,14,14,9,8,3,11,1,0.0,0.6
3B,Jesus Made,Jesus,Made,Grover Beach Grouches,6' 1',185 lbs,S,R,100,Milwaukee Brewers,MIL,2026,2026,,84723,Perfect,FLF 8 - Future Legend  SS Jesus Made  MIL  2026,48 743,N,0,119,130,101,127,107,117,126,98,131,111,120,132,103,126,106,64,54,Groundball,Normal,Normal,1,6,75,1,1,5,75,1,1,8,76,1,16,-,-,-,-,-,-,-,-,-,-,-,1,FB,87-89,3/4,Normal,9,3,2,-,2,106,66,95,96,77,75,54,-,-,56,117,102,100,-,-,-,148,-,96,117,102,100,88,66,78,118,105,113,115,124,89,395,348,83,53,18,3,9,40,52,37,0,2,5,3,0,83,3,45.6,-0.46,41,-5.2,0.7,3.91,16,4,1.6,1.9,0,0,0,0,0,0,0,0.0,0,0,0,0,0,0,0,0,0,0,0,0,0,0,0,0,0,0,0,0,0,0.00,0,0,0,0,0,0.0,0.0,0.0,0.00,120,89,425,207,203,15,56,0,4.40,-4.8,.968,0,0,838.1,0,0,233,216,31,22,13,4,13,3,21,0,0.0,0.0
1B,Jesus Made,Jesus,Made,Rockford Peaches,6' 1',185 lbs,S,R,100,Milwaukee Brewers,MIL,2026,2026,,84723,Perfect,FLF 8 - Future Legend  SS Jesus Made  MIL  2026,0,N,0,119,130,101,127,107,117,126,98,131,111,120,132,103,126,106,64,54,Groundball,Normal,Normal,1,6,75,1,1,5,75,1,1,8,76,1,16,-,-,-,-,-,-,-,-,-,-,-,1,FB,87-89,3/4,Normal,9,3,2,-,2,106,66,95,96,77,75,54,-,-,96,117,102,100,88,-,10,148,-,96,117,102,100,88,66,78,118,105,113,115,77,54,250,222,55,31,13,2,9,29,39,18,0,2,4,4,0,53,6,28.6,-0.05,29,-0.5,1.2,4.06,10,6,-0.8,2.2,0,0,0,0,0,0,0,0.0,0,0,0,0,0,0,0,0,0,0,0,0,0,0,0,0,0,0,0,0,0,0.00,0,0,0,0,0,0.0,0.0,0.0,0.00,73,53,231,152,75,4,30,0,4.03,0.6,1.020,0,0,507.1,0,0,142,134,24,17,15,8,11,4,7,1,0.0,0.0
2B,Jesus Made,Jesus,Made,Webster Groves Supercells,6' 1',185 lbs,S,R,100,Milwaukee Brewers,MIL,2026,2026,,84723,Perfect,FLF 8 - Future Legend  SS Jesus Made  MIL  2026,0,N,0,119,130,101,127,107,117,126,98,131,111,120,132,103,126,106,64,54,Groundball,Normal,Normal,1,6,75,1,1,5,75,1,1,8,76,1,16,-,-,-,-,-,-,-,-,-,-,-,1,FB,87-89,3/4,Normal,9,3,2,-,2,106,66,95,96,77,75,54,-,-,96,117,102,100,-,-,-,148,-,96,117,102,100,88,66,78,118,105,113,115,77,41,201,176,42,29,5,4,4,23,35,20,0,2,1,2,0,36,5,22.6,0.41,21,-1.9,0.6,4.02,13,3,1.5,2.0,0,0,0,0,0,0,0,0.0,0,0,0,0,0,0,0,0,0,0,0,0,0,0,0,0,0,0,0,0,0,0.00,0,0,0,0,0,0.0,0.0,0.0,0.00,62,39,256,86,164,6,19,0,5.73,-1.4,.978,0,0,393.0,0,0,115,107,17,13,11,4,5,2,6,1,0.0,0.0
SS,Jesus Made,Jesus,Made,New Haven Corsairs,6' 1',185 lbs,S,R,100,Milwaukee Brewers,MIL,2026,2026,,84723,Perfect,FLF 8 - Future Legend  SS Jesus Made  MIL  2026,0,N,0,119,130,101,127,107,117,126,98,131,111,120,132,103,126,106,64,54,Groundball,Normal,Normal,1,6,75,1,1,5,75,1,1,8,76,1,16,-,-,-,-,-,-,-,-,-,-,-,1,FB,87-89,3/4,Normal,9,3,2,-,2,106,66,95,96,77,75,54,-,-,93,117,102,100,-,-,-,148,-,96,117,102,100,88,66,78,118,105,113,115,46,20,111,95,27,22,1,1,3,16,21,12,0,0,2,2,0,24,1,15.7,0.16,14,1.1,0.7,4.05,8,2,0.8,1.3,0,0,0,0,0,0,0,0.0,0,0,0,0,0,0,0,0,0,0,0,0,0,0,0,0,0,0,0,0,0,0.00,0,0,0,0,0,0.0,0.0,0.0,0.00,34,19,92,49,40,3,6,0,3.95,-0.7,.987,0,0,202.2,0,0,56,55,8,5,4,0,2,0,4,0,0.0,0.0
SS,Jesus Made,Jesus,Made,Madison Moundsmen - CG,6' 1',185 lbs,S,R,100,Milwaukee Brewers,MIL,2026,2026,,84723,Perfect,FLF 8 - Future Legend  SS Jesus Made  MIL  2026,0,N,0,119,130,101,127,107,117,126,98,131,111,120,132,103,126,106,64,54,Groundball,Normal,Normal,1,6,75,1,1,5,75,1,1,8,76,1,16,-,-,-,-,-,-,-,-,-,-,-,1,FB,87-89,3/4,Normal,9,3,2,-,2,106,66,95,96,77,75,54,-,-,96,117,102,100,-,-,-,148,-,96,117,102,100,88,66,78,118,105,113,115,47,27,124,111,26,15,9,0,2,11,25,11,0,1,0,1,0,27,3,12.7,0.15,12,-2.1,0.5,3.99,1,0,0.2,1.5,0,0,0,0,0,0,0,0.0,0,0,0,0,0,0,0,0,0,0,0,0,0,0,0,0,0,0,0,0,0,0.00,0,0,0,0,0,0.0,0.0,0.0,0.00,37,26,118,76,38,4,20,0,4.07,0.3,.971,0,0,252.1,0,0,69,66,8,7,9,5,10,4,6,1,0.0,0.0
CF,Mickey Mantle,Mickey,Mantle,Berlin Speed Dealers SoM,5' 11',200 lbs,S,R,100,New York Yankees,NYY,1955,1946-1960,HOF,82756,Perfect,HOF 1 - Hall of Fame  CF Mickey Mantle  NYY  1955,0,N,0,120,93,129,131,85,129,98,123,123,97,117,92,131,134,81,66,88,Groundball,Spray,Spray,1,1,1,1,1,1,1,1,1,1,1,1,16,-,-,-,-,-,-,-,-,-,-,-,1,NEU,89-91,SIDE,Normal,1,6,-,-,-,67,100,67,63,110,118,109,-,-,-,-,-,67,-,128,144,137,-,-,-,-,67,-,128,144,114,48,98,117,133,114,459,409,89,67,13,1,8,33,41,42,2,4,2,2,0,103,6,39.5,-1.60,36,-18.2,0.5,3.95,7,4,-0.7,2.7,0,0,0,0,0,0,0,0.0,0,0,0,0,0,0,0,0,0,0,0,0,0,0,0,0,0,0,0,0,0,0.00,0,0,0,0,0,0.0,0.0,0.0,0.00,122,114,271,18,251,2,3,0,2.38,2.4,1.002,0,0,1017.2,0,0,201,198,50,38,31,11,38,9,52,0,0.0,2.6
LF,Heinie Manush,Heinie,Manush,Dark Web Hackers,6' 1',200 lbs,L,L,102,St. Louis Browns,BAL,1928,1921-1945,BBR,86370,Perfect,September Stars - Baseball Reference 8  LF Heinie Manush  SLA  1928,0,N,0,150,140,105,92,224,141,68,122,75,243,153,170,100,98,218,81,47,Line Drive,Normal,Normal,1,1,1,4,1,1,1,4,1,1,1,4,16,-,-,-,-,-,-,-,-,-,-,-,1,NEU,89-91,3/4,Normal,1,24,-,-,-,5,4,10,6,96,106,57,-,-,-,-,-,-,115,97,-,7,-,-,-,-,-,115,97,-,69,41,65,94,38,38,169,147,45,34,7,2,2,24,19,18,0,2,0,2,0,14,3,25.0,1.05,25,5.1,0.7,3.94,0,0,0.0,-0.3,0,0,0,0,0,0,0,0.0,0,0,0,0,0,0,0,0,0,0,0,0,0,0,0,0,0,0,0,0,0,0.00,0,0,0,0,0,0.0,0.0,0.0,0.00,38,38,75,4,70,1,0,0,2.02,-0.7,1.016,0,0,329.0,0,0,59,58,15,9,11,2,9,1,15,0,0.0,-0.9
2B,Ketel Marte,Ketel,Marte,Waltham River Otters,6' 1',210 lbs,S,R,100,Arizona Diamondbacks,ARI,2019,2015+,,85655,Perfect,June Gems - Historical All-Star  2B Ketel Marte  ARI  2019,0,N,0,133,95,108,82,124,118,82,140,52,130,138,100,99,90,122,42,62,Normal,Spray,Spray,1,1,1,1,1,1,1,1,1,1,1,1,16,-,-,-,-,-,-,-,-,-,-,-,1,NEU,92-94,3/4,Normal,1,2,-,-,-,98,88,79,87,89,102,50,-,-,-,113,-,95,-,86,-,151,-,-,113,-,95,-,86,-,87,39,89,93,34,28,115,107,25,12,7,1,5,13,15,7,0,0,1,0,0,30,1,13.8,-0.06,13,-0.6,0.1,3.99,0,0,0.0,0.3,0,0,0,0,0,0,0,0.0,0,0,0,0,0,0,0,0,0,0,0,0,0,0,0,0,0,0,0,0,0,0.00,0,0,0,0,0,0.0,0.0,0.0,0.00,35,28,127,77,47,3,18,0,4.32,-2.0,.963,0,0,258.1,0,0,76,72,10,8,14,4,7,1,7,0,0.0,0.0
RF,J.D. Martinez,J.D.,Martinez,Sharpstown Bill Collectors,6' 3',230 lbs,R,R,100,Arizona Diamondbacks,ARI,2017,2015+,CS,86378,Perfect,Clubhouse - Baseball Reference 6  RF J.D. Martinez  ARI  2017,0,N,0,111,112,181,140,81,165,156,200,172,121,96,99,175,129,69,9,4,Normal,Spray,Normal,1,1,1,7,1,1,1,7,1,1,1,7,16,-,-,-,-,-,-,-,-,-,-,-,1,GB,92-94,3/4,GB'er,1,16,-,-,-,4,4,10,7,46,102,34,-,-,-,-,-,-,-,-,41,-,-,-,-,-,-,-,-,41,57,44,110,31,34,25,115,95,24,12,6,0,6,18,18,19,1,0,0,1,0,24,1,19.3,0.52,18,5.1,0.7,4.15,2,1,-0.1,0.6,0,0,0,0,0,0,0,0.0,0,0,0,0,0,0,0,0,0,0,0,0,0,0,0,0,0,0,0,0,0,0.00,0,0,0,0,0,0.0,0.0,0.0,0.00,1,0,0,0,0,0,0,0,0.00,0.0,.000,0,0,2.0,0,0,0,0,0,0,0,0,0,0,0,0,0.0,0.0
RF,J.D. Martinez,J.D.,Martinez,New Platson Grand Petites HotL,6' 3',230 lbs,R,R,100,Arizona Diamondbacks,ARI,2017,2015+,CS,86378,Perfect,Clubhouse - Baseball Reference 6  RF J.D. Martinez  ARI  2017,0,N,0,111,112,181,140,81,165,156,200,172,121,96,99,175,129,69,9,4,Normal,Spray,Normal,1,1,1,7,1,1,1,7,1,1,1,7,16,-,-,-,-,-,-,-,-,-,-,-,1,GB,92-94,3/4,GB'er,1,16,-,-,-,4,4,10,7,46,102,34,-,-,-,-,-,-,-,-,41,-,-,-,-,-,-,-,-,41,57,44,110,31,72,70,310,276,70,47,16,0,7,31,32,30,0,3,0,1,0,63,7,36.8,0.18,36,0.1,0.3,3.95,5,0,1.0,-0.5,0,0,0,0,0,0,0,0.0,0,0,0,0,0,0,0,0,0,0,0,0,0,0,0,0,0,0,0,0,0,0.00,0,0,0,0,0,0.0,0.0,0.0,0.00,1,0,0,0,0,0,0,0,0.00,0.0,.000,0,0,1.0,0,0,0,0,0,0,0,0,0,0,0,0,0.0,0.0
DH,J.D. Martinez,J.D.,Martinez,Alexandria SafeZone,6' 3',230 lbs,R,R,100,Arizona Diamondbacks,ARI,2017,2015+,CS,86378,Perfect,Clubhouse - Baseball Reference 6  RF J.D. Martinez  ARI  2017,0,N,0,111,112,181,140,81,165,156,200,172,121,96,99,175,129,69,9,4,Normal,Spray,Normal,1,1,1,7,1,1,1,7,1,1,1,7,16,-,-,-,-,-,-,-,-,-,-,-,1,GB,92-94,3/4,GB'er,1,16,-,-,-,4,4,10,7,46,102,34,-,-,-,-,-,-,-,-,41,-,-,-,-,-,-,-,-,41,57,44,110,31,110,78,371,318,97,61,25,0,11,48,43,45,0,7,0,1,0,71,11,62.8,1.51,65,21.2,2.1,4.03,7,3,-0.2,-3.9,0,0,0,0,0,0,0,0.0,0,0,0,0,0,0,0,0,0,0,0,0,0,0,0,0,0,0,0,0,0,0.00,0,0,0,0,0,0.0,0.0,0.0,0.00,12,0,6,0,6,0,0,0,2.53,0.3,.998,0,0,21.1,0,0,4,4,1,1,1,1,1,0,1,0,0.0,0.1
RF,J.D. Martinez,J.D.,Martinez,Laffy Comedians - CG,6' 3',230 lbs,R,R,100,Arizona Diamondbacks,ARI,2017,2015+,CS,86378,Perfect,Clubhouse - Baseball Reference 6  RF J.D. Martinez  ARI  2017,0,N,0,111,112,181,140,81,165,156,200,172,121,96,99,175,129,69,9,4,Normal,Spray,Normal,1,1,1,7,1,1,1,7,1,1,1,7,16,-,-,-,-,-,-,-,-,-,-,-,1,GB,92-94,3/4,GB'er,1,16,-,-,-,4,4,10,7,46,102,34,-,-,-,-,-,-,-,-,41,-,-,-,-,-,-,-,-,41,57,44,110,31,85,71,313,289,79,52,16,1,10,41,39,20,0,2,0,2,0,70,3,42.9,0.49,39,2.9,0.6,3.92,9,1,1.5,-1.7,0,0,0,0,0,0,0,0.0,0,0,0,0,0,0,0,0,0,0,0,0,0,0,0,0,0,0,0,0,0,0.00,0,0,0,0,0,0.0,0.0,0.0,0.00,2,0,0,0,0,0,0,0,0.00,0.0,.000,0,0,3.0,0,0,0,0,0,0,0,0,0,0,0,0,0.0,0.0
DH,J.D. Martinez,J.D.,Martinez,Madison Mashers - CG,6' 3',230 lbs,R,R,100,Arizona Diamondbacks,ARI,2017,2015+,CS,86378,Perfect,Clubhouse - Baseball Reference 6  RF J.D. Martinez  ARI  2017,0,N,0,111,112,181,140,81,165,156,200,172,121,96,99,175,129,69,9,4,Normal,Spray,Normal,1,1,1,7,1,1,1,7,1,1,1,7,16,-,-,-,-,-,-,-,-,-,-,-,1,GB,92-94,3/4,GB'er,1,16,-,-,-,4,4,10,7,46,102,34,-,-,-,-,-,-,-,-,41,-,-,-,-,-,-,-,-,41,57,44,110,31,110,101,442,388,100,55,18,2,25,73,56,45,0,5,0,4,0,94,4,70.9,1.08,68,15.7,1.9,3.95,8,1,1.1,-2.0,0,0,0,0,0,0,0,0.0,0,0,0,0,0,0,0,0,0,0,0,0,0,0,0,0,0,0,0,0,0,0.00,0,0,0,0,0,0.0,0.0,0.0,0.00,5,0,2,0,2,0,0,0,3.00,-0.2,.998,0,0,6.0,0,0,2,2,1,0,0,0,0,0,0,0,0.0,0.1
RF,J.D. Martinez,J.D.,Martinez,Grover Beach Grouches,6' 3',230 lbs,R,R,100,Arizona Diamondbacks,ARI,2017,2015+,CS,86378,Perfect,Clubhouse - Baseball Reference 6  RF J.D. Martinez  ARI  2017,205 553,N,0,111,112,181,140,81,165,156,200,172,121,96,99,175,129,69,9,4,Normal,Spray,Normal,1,1,1,7,1,1,1,7,1,1,1,7,16,-,-,-,-,-,-,-,-,-,-,-,1,GB,92-94,3/4,GB'er,1,16,-,-,-,4,4,10,7,46,102,34,-,-,-,-,-,-,-,-,41,-,-,-,-,-,-,-,-,41,57,44,110,31,118,69,304,272,84,47,20,3,14,36,50,28,0,2,0,2,0,57,3,59.0,1.33,55,19.6,2.0,3.96,4,1,0.2,-2.5,0,0,0,0,0,0,0,0.0,0,0,0,0,0,0,0,0,0,0,0,0,0,0,0,0,0,0,0,0,0,0.00,0,0,0,0,0,0.0,0.0,0.0,0.00,12,0,2,0,2,0,0,0,1.35,-0.1,.998,0,0,13.1,0,0,2,2,0,0,0,0,1,0,2,0,0.0,-0.2
RF,J.D. Martinez,J.D.,Martinez,Tulsa Doom,6' 3',230 lbs,R,R,100,Arizona Diamondbacks,ARI,2017,2015+,CS,86378,Perfect,Clubhouse - Baseball Reference 6  RF J.D. Martinez  ARI  2017,0,N,0,111,112,181,140,81,165,156,200,172,121,96,99,175,129,69,9,4,Normal,Spray,Normal,1,1,1,7,1,1,1,7,1,1,1,7,16,-,-,-,-,-,-,-,-,-,-,-,1,GB,92-94,3/4,GB'er,1,16,-,-,-,4,4,10,7,46,102,34,-,-,-,-,-,-,-,-,41,-,-,-,-,-,-,-,-,41,57,44,110,31,106,71,325,291,74,50,10,3,11,35,42,28,1,2,0,4,0,83,8,39.7,-1.65,38,0.4,0.2,4.15,6,1,0.7,-1.7,0,0,0,0,0,0,0,0.0,0,0,0,0,0,0,0,0,0,0,0,0,0,0,0,0,0,0,0,0,0,0.00,0,0,0,0,0,0.0,0.0,0.0,0.00,4,0,0,0,0,0,0,0,0.00,0.0,.000,0,0,4.0,0,0,0,0,0,0,0,0,0,0,0,0,0.0,-0.1
RF,J.D. Martinez,J.D.,Martinez,Gastonia Peaches,6' 3',230 lbs,R,R,100,Arizona Diamondbacks,ARI,2017,2015+,CS,86378,Perfect,Clubhouse - Baseball Reference 6  RF J.D. Martinez  ARI  2017,0,N,0,111,112,181,140,81,165,156,200,172,121,96,99,175,129,69,9,4,Normal,Spray,Normal,1,1,1,7,1,1,1,7,1,1,1,7,16,-,-,-,-,-,-,-,-,-,-,-,1,GB,92-94,3/4,GB'er,1,16,-,-,-,4,4,10,7,46,102,34,-,-,-,-,-,-,-,-,41,-,-,-,-,-,-,-,-,41,57,44,110,31,108,83,379,337,84,54,12,0,18,58,47,38,0,1,0,3,0,96,8,49.0,0.94,49,4.6,0.7,4.26,8,3,0.2,-1.2,0,0,0,0,0,0,0,0.0,0,0,0,0,0,0,0,0,0,0,0,0,0,0,0,0,0,0,0,0,0,0.00,0,0,0,0,0,0.0,0.0,0.0,0.00,10,5,16,0,16,0,0,0,2.72,0.1,.998,0,0,53.0,0,0,13,13,3,2,0,0,6,1,0,0,0.0,-0.5
RF,J.D. Martinez,J.D.,Martinez,Mount Pleasant Mounties,6' 3',230 lbs,R,R,100,Arizona Diamondbacks,ARI,2017,2015+,CS,86378,Perfect,Clubhouse - Baseball Reference 6  RF J.D. Martinez  ARI  2017,0,N,0,111,112,181,140,81,165,156,200,172,121,96,99,175,129,69,9,4,Normal,Spray,Normal,1,1,1,7,1,1,1,7,1,1,1,7,16,-,-,-,-,-,-,-,-,-,-,-,1,GB,92-94,3/4,GB'er,1,16,-,-,-,4,4,10,7,46,102,34,-,-,-,-,-,-,-,-,41,-,-,-,-,-,-,-,-,41,57,44,110,31,106,70,336,296,76,43,15,1,17,53,43,37,0,1,0,2,0,70,7,48.8,0.86,49,10.1,1.2,3.93,8,4,-0.3,-1.9,0,0,0,0,0,0,0,0.0,0,0,0,0,0,0,0,0,0,0,0,0,0,0,0,0,0,0,0,0,0,0.00,0,0,0,0,0,0.0,0.0,0.0,0.00,10,0,5,0,5,0,0,0,3.21,0.3,.998,0,0,14.0,0,0,3,3,2,2,0,0,0,0,0,0,0.0,-0.3
C,Joe Mauer,Joe,Mauer,Freedom Grabbers - HotL,6' 5',220 lbs,L,R,100,Minnesota Twins,MIN,2006,2005-2014,ME,83804,Perfect,Live AL Collection - Hall of Fame  C Joe Mauer  MIN  2006,0,N,0,130,91,56,109,128,130,71,38,106,119,130,97,61,111,131,41,9,Groundball,Spray,Spray,1,1,1,7,1,1,1,7,1,1,1,7,16,-,-,-,-,-,-,-,-,-,-,-,1,GB,90-92,3/4,GB'er,1,12,95,89,110,6,10,7,7,4,4,1,-,107,-,-,-,-,-,-,-,13,107,-,-,-,-,-,-,-,53,23,79,56,95,88,342,308,80,56,20,1,3,25,40,30,0,2,0,2,0,54,11,35.2,-1.70,36,-3.6,0.9,3.87,0,1,-0.8,0.2,0,0,0,0,0,0,0,0.0,0,0,0,0,0,0,0,0,0,0,0,0,0,0,0,0,0,0,0,0,0,0.00,0,0,0,0,0,0.0,0.0,0.0,0.00,92,88,722,36,685,1,6,0,8.34,-0.4,1.042,43,10,777.2,8,378,40,38,1,0,2,2,0,0,0,0,-3.6,0.0
C,Joe Mauer,Joe,Mauer,Berlin Speed Dealers SoM,6' 5',220 lbs,L,R,100,Minnesota Twins,MIN,2006,2005-2014,ME,83804,Perfect,Live AL Collection - Hall of Fame  C Joe Mauer  MIN  2006,0,N,0,130,91,56,109,128,130,71,38,106,119,130,97,61,111,131,41,9,Groundball,Spray,Spray,1,1,1,7,1,1,1,7,1,1,1,7,16,-,-,-,-,-,-,-,-,-,-,-,1,GB,90-92,3/4,GB'er,1,12,95,89,110,6,10,7,7,4,4,1,-,107,-,-,-,-,-,-,-,13,107,-,-,-,-,-,-,-,53,23,79,56,62,56,213,191,39,28,7,2,2,14,20,17,0,2,0,3,0,45,5,15.7,-1.70,13,-11.4,-0.1,4.26,1,0,0.1,-0.8,0,0,0,0,0,0,0,0.0,0,0,0,0,0,0,0,0,0,0,0,0,0,0,0,0,0,0,0,0,0,0.00,0,0,0,0,0,0.0,0.0,0.0,0.00,61,56,444,29,415,0,1,0,8.09,2.5,1.042,18,7,494.0,0,241,32,32,6,4,0,0,0,0,0,0,-1.8,0.0
CF,Willie Mays,Willie,Mays,Maple Madness,5' 11',180 lbs,R,R,100,New York Giants,SFG,1954,1946-1960,,84386,Perfect,Hardware Heroes  CF Willie Mays  NY1  1954,0,Y,5,131,118,130,91,105,120,88,143,126,120,134,132,125,81,102,14,5,Groundball,Normal,Normal,1,1,1,1,1,1,1,1,1,1,1,1,16,-,-,-,-,-,-,-,-,-,-,-,1,NEU,90-92,OTT,Normal,1,21,-,-,-,5,1,4,7,111,91,89,-,-,-,-,-,-,-,131,-,4,-,-,-,-,-,-,131,-,102,54,65,112,83,74,276,245,56,40,9,1,6,26,28,26,0,0,0,5,0,59,4,26.5,0.00,24,-7.8,0.3,4.10,1,1,-0.5,0.8,0,0,0,0,0,0,0,0.0,0,0,0,0,0,0,0,0,0,0,0,0,0,0,0,0,0,0,0,0,0,0.00,0,0,0,0,0,0.0,0.0,0.0,0.00,80,74,159,8,149,2,0,0,2.22,-0.3,1.012,0,0,636.2,0,0,118,116,28,21,33,11,27,1,29,0,0.0,0.5
3B,Kevin McGonigle,Kevin,McGonigle,Mount Pleasant Mounties,5' 10',185 lbs,L,R,100,Detroit Tigers,DET,2026,2026,,84637,Perfect,FLF 2 - Future Legend  3B Kevin McGonigle  DET  2026,0,N,0,123,102,92,111,128,112,98,88,105,118,127,104,94,113,131,48,48,Normal,Normal,Normal,1,1,77,1,1,1,68,1,1,1,85,1,16,-,-,-,-,-,-,-,-,-,-,-,1,EX FB,75-80,3/4,Normal,1,1,-,-,-,73,77,69,76,59,67,60,-,-,74,83,74,67,-,-,-,130,-,74,83,74,67,68,41,61,74,54,70,75,79,35,137,125,31,23,5,1,2,12,13,12,0,0,0,0,0,20,1,14.1,-1.42,13,-2.5,-0.0,3.82,0,1,-0.6,0.4,0,0,0,0,0,0,0,0.0,0,0,0,0,0,0,0,0,0,0,0,0,0,0,0,0,0,0,0,0,0,0.00,0,0,0,0,0,0.0,0.0,0.0,0.00,82,35,258,64,188,6,21,0,6.16,-1.8,.946,0,0,368.0,0,0,89,80,5,5,14,8,9,4,6,0,0.0,0.0
3B,John McGraw,John,McGraw,Peninsula Whips,5' 7',155 lbs,L,R,101,Baltimore Orioles,NYY,1899,2026,,86438,Perfect,Young & Old 2 - Snapshot  3B John McGraw  BLN  1899,0,N,0,153,47,15,255,133,164,17,1,235,138,150,56,20,262,132,48,72,Groundball,Pull,Pull,1,1,1,4,1,1,1,4,1,1,1,4,16,-,-,-,-,-,-,-,-,-,-,-,1,NEU,90-92,3/4,Normal,1,20,-,-,-,61,104,74,38,9,9,5,-,-,-,-,79,-,-,-,-,134,-,-,-,79,-,-,-,-,78,106,110,90,57,46,185,145,34,31,2,0,1,11,29,35,0,1,1,3,0,27,2,21.1,0.11,20,-1.5,0.8,4.11,15,1,3.0,1.6,0,0,0,0,0,0,0,0.0,0,0,0,0,0,0,0,0,0,0,0,0,0,0,0,0,0,0,0,0,0,0.00,0,0,0,0,0,0.0,0.0,0.0,0.00,47,46,142,118,21,3,3,0,3.16,-1.1,.963,0,0,396.1,0,0,118,109,21,17,11,7,9,3,5,0,0.0,0.0
2B,Aidan Miller,Aidan,Miller,Alexandria SafeZone,6' 1',205 lbs,R,R,98,Philadelphia Phillies,PHI,2026,2026,,85117,Diamond,FLF 18 - Future Legend  2B Aidan Miller  PHI  2026,0,N,0,94,96,145,156,77,93,107,152,176,82,95,94,143,149,76,33,19,Normal,Pull,Pull,1,51,79,61,1,51,80,61,1,51,79,62,16,-,17,-,-,-,-,-,-,-,-,-,2,FB,90-92,3/4,Normal,53,37,2,2,2,99,96,111,99,55,53,74,-,-,-,123,-,112,-,-,-,156,-,99,123,122,112,63,36,61,93,106,119,91,127,100,435,381,94,64,15,2,13,44,58,44,0,4,3,2,1,116,10,50.3,-1.20,51,-0.1,1.6,3.97,9,5,-0.7,2.8,0,0,0,0,0,0,0,0.0,0,0,0,0,0,0,0,0,0,0,0,0,0,0,0,0,0,0,0,0,0,0.00,0,0,0,0,0,0.0,0.0,0.0,0.00,119,100,414,262,140,12,62,0,3.88,-2.1,.980,0,0,932.2,0,0,258,240,40,32,25,11,17,7,21,1,0.0,0.0
CF,Mickey Moniak,Mickey,Moniak,Webster Groves Supercells,6' 2',195 lbs,L,R,100,Philadelphia Phillies,PHI,2020,2015+,HFL,86570,Perfect,Young & Old 2 - Historical Future Legend  CF Mickey Moniak  PHI  2020,0,N,0,129,129,102,103,137,104,98,87,98,120,138,140,110,106,143,58,18,Normal,Spray,Spray,1,1,1,5,1,1,1,5,1,1,1,5,16,-,-,-,-,-,-,-,-,-,-,-,1,NEU,92-94,3/4,Normal,1,17,-,-,-,8,3,6,6,109,80,92,-,-,-,-,-,-,131,119,129,9,-,11,-,-,-,131,119,129,106,100,106,112,102,85,360,328,98,63,22,2,11,49,59,25,1,4,0,3,0,67,7,56.2,1.69,53,11.2,2.5,3.81,11,2,1.4,3.4,0,0,0,0,0,0,0,0.0,0,0,0,0,0,0,0,0,0,0,0,0,0,0,0,0,0,0,0,0,0,0.00,0,0,0,0,0,0.0,0.0,0.0,0.00,92,85,156,4,150,2,0,0,1.86,2.1,1.015,0,0,744.2,0,0,116,114,29,14,25,17,31,4,23,1,0.0,-0.8
CF,Mickey Moniak,Mickey,Moniak,Phoenix Mango Slush - HOTL,6' 2',195 lbs,L,R,100,Philadelphia Phillies,PHI,2020,2015+,HFL,86570,Perfect,Young & Old 2 - Historical Future Legend  CF Mickey Moniak  PHI  2020,0,N,0,129,129,102,103,137,104,98,87,98,120,138,140,110,106,143,58,18,Normal,Spray,Spray,1,1,1,5,1,1,1,5,1,1,1,5,16,-,-,-,-,-,-,-,-,-,-,-,1,NEU,92-94,3/4,Normal,1,17,-,-,-,8,3,6,6,109,80,92,-,-,-,-,-,-,131,119,129,9,-,11,-,-,-,131,119,129,106,100,106,112,128,112,446,403,99,63,30,2,4,31,47,37,0,5,0,1,0,63,5,48.5,-0.31,46,-6.7,0.7,3.92,14,4,1.1,2.5,0,0,0,0,0,0,0,0.0,0,0,0,0,0,0,0,0,0,0,0,0,0,0,0,0,0,0,0,0,0,0.00,0,0,0,0,0,0.0,0.0,0.0,0.00,132,109,253,6,243,4,0,0,2.33,-0.1,1.006,0,0,963.1,0,0,201,198,44,26,37,14,29,2,40,3,0.0,-0.5
CF,Mickey Moniak,Mickey,Moniak,Dark Web Hackers,6' 2',195 lbs,L,R,100,Philadelphia Phillies,PHI,2020,2015+,HFL,86570,Perfect,Young & Old 2 - Historical Future Legend  CF Mickey Moniak  PHI  2020,0,N,0,129,129,102,103,137,104,98,87,98,120,138,140,110,106,143,58,18,Normal,Spray,Spray,1,1,1,5,1,1,1,5,1,1,1,5,16,-,-,-,-,-,-,-,-,-,-,-,1,NEU,92-94,3/4,Normal,1,17,-,-,-,8,3,6,6,109,80,92,-,-,-,-,-,-,131,119,129,9,-,11,-,-,-,131,119,129,106,100,106,112,93,70,319,288,87,57,20,1,9,54,39,25,0,1,1,4,0,55,8,47.2,1.25,47,9.7,1.7,3.81,7,4,-0.6,0.7,0,0,0,0,0,0,0,0.0,0,0,0,0,0,0,0,0,0,0,0,0,0,0,0,0,0,0,0,0,0,0.00,0,0,0,0,0,0.0,0.0,0.0,0.00,78,70,141,2,137,2,0,0,2.02,0.1,.992,0,0,620.1,0,0,111,110,25,17,22,7,16,3,23,0,0.0,0.6
LF,Mickey Moniak,Mickey,Moniak,Madison Moundsmen - CG,6' 2',195 lbs,L,R,100,Philadelphia Phillies,PHI,2020,2015+,HFL,86570,Perfect,Young & Old 2 - Historical Future Legend  CF Mickey Moniak  PHI  2020,0,N,0,129,129,102,103,137,104,98,87,98,120,138,140,110,106,143,58,18,Normal,Spray,Spray,1,1,1,5,1,1,1,5,1,1,1,5,16,-,-,-,-,-,-,-,-,-,-,-,1,NEU,92-94,3/4,Normal,1,17,-,-,-,8,3,6,6,109,80,92,-,-,-,-,-,-,131,119,129,9,-,11,-,-,-,131,119,129,106,100,106,112,120,101,421,374,89,62,21,0,6,43,44,40,0,3,0,4,0,72,4,43.1,-1.09,41,-8.9,0.3,3.88,1,0,-0.1,2.5,0,0,0,0,0,0,0,0.0,0,0,0,0,0,0,0,0,0,0,0,0,0,0,0,0,0,0,0,0,0,0.00,0,0,0,0,0,0.0,0.0,0.0,0.00,110,101,205,1,201,3,0,0,2.04,0.8,1.000,0,0,892.1,0,0,165,159,42,28,17,8,24,6,25,0,0.0,-1.1
2B,Dobie Moore,Dobie,Moore,Freedom Grabbers - HotL,5' 10',180 lbs,R,R,100,Kansas City Monarchs,KCM,1924,1921-1945,CS,84870,Perfect,Clubhouse - Negro League Star  SS Dobie Moore  KCM  1924,0,N,0,125,122,96,83,114,133,127,101,87,120,122,120,95,82,112,76,67,Normal,Pull,Normal,1,1,19,1,1,1,19,1,1,1,19,1,16,-,-,-,-,-,-,-,-,-,-,-,1,NEU,90-92,3/4,Normal,1,1,40,35,39,113,89,99,111,55,62,68,-,-,-,136,-,119,-,-,-,158,-,-,136,-,119,-,-,-,79,67,84,81,108,40,167,154,35,25,8,2,0,14,13,10,0,2,1,0,0,36,3,13.6,-1.18,11,-7.8,-0.1,3.80,2,0,0.4,0.4,0,0,0,0,0,0,0,0.0,0,0,0,0,0,0,0,0,0,0,0,0,0,0,0,0,0,0,0,0,0,0.00,0,0,0,0,0,0.0,0.0,0.0,0.00,99,40,214,126,79,9,33,0,4.18,-1.0,.962,0,0,441.0,0,0,127,118,20,15,10,5,6,4,10,2,0.0,0.0
2B,Dobie Moore,Dobie,Moore,New Haven Corsairs,5' 10',180 lbs,R,R,100,Kansas City Monarchs,KCM,1924,1921-1945,CS,84870,Perfect,Clubhouse - Negro League Star  SS Dobie Moore  KCM  1924,0,N,0,125,122,96,83,114,133,127,101,87,120,122,120,95,82,112,76,67,Normal,Pull,Normal,1,1,19,1,1,1,19,1,1,1,19,1,16,-,-,-,-,-,-,-,-,-,-,-,1,NEU,90-92,3/4,Normal,1,1,40,35,39,113,89,99,111,55,62,68,-,-,-,136,-,119,-,-,-,158,-,-,136,-,119,-,-,-,79,67,84,81,33,20,87,77,19,15,1,1,2,7,11,8,0,0,2,0,0,21,1,8.6,-0.18,8,-1.6,0.3,4.13,0,2,-1.1,1.0,0,0,0,0,0,0,0,0.0,0,0,0,0,0,0,0,0,0,0,0,0,0,0,0,0,0,0,0,0,0,0.00,0,0,0,0,0,0.0,0.0,0.0,0.00,29,20,88,59,29,0,12,0,3.96,1.2,1.073,0,0,200.0,0,0,65,60,11,6,5,4,5,4,5,1,0.0,0.0
2B,Joe Morgan,Joe,Morgan,Sharpstown Bill Collectors,5' 7',160 lbs,L,R,100,Cincinnati Reds,CIN,1974,1961-1979,PTCS,85155,Perfect,PTCS 2 - Hall of Fame  2B Joe Morgan  CIN  1974,0,N,0,98,113,113,200,107,124,97,96,189,88,92,119,120,204,116,78,70,Normal,Spray,Spray,1,1,1,7,1,1,1,7,1,1,1,7,16,-,-,-,-,-,-,-,-,-,-,-,1,GB,90-92,OTT,GB'er,1,7,-,-,-,103,113,82,94,2,9,2,-,-,-,129,-,-,-,-,-,159,-,-,129,-,-,-,-,-,112,109,118,108,111,99,448,383,88,59,22,1,6,39,62,47,0,5,9,4,0,100,4,47.2,0.43,42,-10.6,1.0,4.17,19,4,2.3,3.1,0,0,0,0,0,0,0,0.0,0,0,0,0,0,0,0,0,0,0,0,0,0,0,0,0,0,0,0,0,0,0.00,0,0,0,0,0,0.0,0.0,0.0,0.00,100,98,388,252,130,6,73,0,4.06,-1.6,.997,0,0,847.0,0,0,236,225,38,28,22,9,21,3,16,1,0.0,0.0
2B,Joe Morgan,Joe,Morgan,Mount Pleasant Mounties,5' 7',160 lbs,L,R,100,Cincinnati Reds,CIN,1974,1961-1979,PTCS,85155,Perfect,PTCS 2 - Hall of Fame  2B Joe Morgan  CIN  1974,0,N,0,98,113,113,200,107,124,97,96,189,88,92,119,120,204,116,78,70,Normal,Spray,Spray,1,1,1,7,1,1,1,7,1,1,1,7,16,-,-,-,-,-,-,-,-,-,-,-,1,GB,90-92,OTT,GB'er,1,7,-,-,-,103,113,82,94,2,9,2,-,-,-,129,-,-,-,-,-,159,-,-,129,-,-,-,-,-,112,109,118,108,117,102,439,360,95,62,23,1,9,51,58,64,0,3,3,9,0,81,4,66.4,2.41,60,8.5,4.1,4.06,31,2,6.2,3.7,0,0,0,0,0,0,0,0.0,0,0,0,0,0,0,0,0,0,0,0,0,0,0,0,0,0,0,0,0,0,0.00,0,0,0,0,0,0.0,0.0,0.0,0.00,108,102,379,229,147,3,62,0,3.68,5.0,1.038,0,0,920.2,0,0,220,214,35,29,21,11,19,5,29,7,0.0,0.0
CF,Cedric Mullins,Cedric,Mullins,Everett Aqua Sox,5' 9',175 lbs,L,L,96,Baltimore Orioles,BAL,2021,2015+,BBR,86239,Diamond,Obscure All-Stars - Baseball Reference 5  CF Cedric Mullins  BAL  2021,0,Y,5,130,106,118,93,119,120,81,85,75,119,133,118,134,100,119,94,87,Groundball,Ex. Pull,Normal,1,1,1,7,1,1,1,7,1,1,1,7,17,-,-,-,-,-,-,-,-,-,-,-,1,NEU,93-95,OTT,Normal,1,17,-,-,-,6,10,7,5,111,52,69,-,-,-,-,-,-,-,122,-,15,-,-,-,-,-,-,122,-,107,107,112,109,106,90,421,369,83,53,16,3,11,52,58,44,0,3,1,3,1,82,7,46.0,0.48,43,-6.1,1.5,3.99,19,4,2.3,1.3,0,0,0,0,0,0,0,0.0,0,0,0,0,0,0,0,0,0,0,0,0,0,0,0,0,0,0,0,0,0,0.00,0,0,0,0,0,0.0,0.0,0.0,0.00,97,90,222,4,215,3,0,0,2.43,0.7,.996,0,0,810.2,0,0,169,164,46,32,28,12,30,6,39,1,0.0,1.2
1B,Eddie Murray,Eddie,Murray,Freedom Grabbers - HotL,6' 2',200 lbs,S,R,100,Baltimore Orioles,BAL,1984,1980-1992,HOF,85757,Perfect,SwitchKnucklers - Hall of Fame  1B Eddie Murray  BAL  Peak,0,N,0,132,74,118,153,108,119,71,101,161,122,136,76,124,150,104,3,4,Groundball,Normal,Normal,1,1,1,1,1,1,1,1,1,1,1,1,16,-,-,-,-,-,-,-,-,-,-,-,1,NEU,90-92,SIDE,Normal,1,8,-,-,-,91,69,71,96,1,1,7,-,-,98,-,-,-,-,-,-,138,-,98,-,-,-,-,-,-,50,45,73,64,148,148,644,571,144,113,14,0,17,78,57,60,0,4,0,9,0,135,10,70.3,-2.41,69,-7.0,-0.1,3.98,1,2,-1.3,-6.7,0,0,0,0,0,0,0,0.0,0,0,0,0,0,0,0,0,0,0,0,0,0,0,0,0,0,0,0,0,0,0.00,0,0,0,0,0,0.0,0.0,0.0,0.00,148,148,1390,90,1292,8,109,0,9.54,3.3,1.022,0,0,1304.0,0,0,255,248,24,19,20,14,15,1,13,2,0.0,0.0
1B,Eddie Murray,Eddie,Murray,Alexandria SafeZone,6' 2',200 lbs,S,R,100,Baltimore Orioles,BAL,1984,1980-1992,HOF,85757,Perfect,SwitchKnucklers - Hall of Fame  1B Eddie Murray  BAL  Peak,0,Y,5,142,81,127,165,117,128,77,109,173,132,147,83,134,161,113,3,4,Groundball,Normal,Normal,1,1,1,1,1,1,1,1,1,1,1,1,16,-,-,-,-,-,-,-,-,-,-,-,1,NEU,90-92,SIDE,Normal,1,8,-,-,-,91,69,71,96,1,1,7,-,-,105,-,-,-,-,-,-,147,-,105,-,-,-,-,-,-,50,45,73,64,156,151,657,584,147,103,26,0,18,82,68,62,0,10,0,1,0,131,13,76.6,-0.67,78,1.0,1.5,3.95,1,2,-1.3,-0.7,0,0,0,0,0,0,0,0.0,0,0,0,0,0,0,0,0,0,0,0,0,0,0,0,0,0,0,0,0,0,0.00,0,0,0,0,0,0.0,0.0,0.0,0.00,151,151,1443,126,1310,7,121,0,9.55,5.8,1.030,0,0,1353.0,0,0,307,298,29,28,8,8,2,0,17,1,0.0,0.0
1B,Eddie Murray,Eddie,Murray,Shakedown 1977 Microbus TTC - GH,6' 2',200 lbs,S,R,100,Baltimore Orioles,BAL,1984,1980-1992,HOF,85757,Perfect,SwitchKnucklers - Hall of Fame  1B Eddie Murray  BAL  Peak,0,N,0,132,74,118,153,108,119,71,101,161,122,136,76,124,150,104,3,4,Groundball,Normal,Normal,1,1,1,1,1,1,1,1,1,1,1,1,16,-,-,-,-,-,-,-,-,-,-,-,1,NEU,90-92,SIDE,Normal,1,8,-,-,-,91,69,71,96,1,1,7,-,-,98,-,-,-,-,-,-,138,-,98,-,-,-,-,-,-,50,45,73,64,119,45,269,238,52,37,9,0,6,16,25,29,0,2,0,0,0,53,7,24.6,-0.98,25,-6.5,-0.5,3.99,0,0,0.0,-1.4,0,0,0,0,0,0,0,0.0,0,0,0,0,0,0,0,0,0,0,0,0,0,0,0,0,0,0,0,0,0,0.00,0,0,0,0,0,0.0,0.0,0.0,0.00,53,30,333,25,304,4,23,0,9.53,-0.9,.981,0,0,310.2,0,0,53,49,11,8,2,1,2,1,0,0,0.0,0.0
1B,Eddie Murray,Eddie,Murray,Peninsula Whips,6' 2',200 lbs,S,R,100,Baltimore Orioles,BAL,1984,1980-1992,HOF,85757,Perfect,SwitchKnucklers - Hall of Fame  1B Eddie Murray  BAL  Peak,0,N,0,132,74,118,153,108,119,71,101,161,122,136,76,124,150,104,3,4,Groundball,Normal,Normal,1,1,1,1,1,1,1,1,1,1,1,1,16,-,-,-,-,-,-,-,-,-,-,-,1,NEU,90-92,SIDE,Normal,1,8,-,-,-,91,69,71,96,1,1,7,-,-,98,-,-,-,-,-,-,138,-,98,-,-,-,-,-,-,50,45,73,64,65,33,165,143,36,21,7,0,8,26,23,17,0,5,0,0,0,31,3,24.0,0.29,24,5.3,0.9,3.96,1,1,-0.4,1.1,0,0,0,0,0,0,0,0.0,0,0,0,0,0,0,0,0,0,0,0,0,0,0,0,0,0,0,0,0,0,0.00,0,0,0,0,0,0.0,0.0,0.0,0.00,37,32,301,28,271,2,23,0,9.29,0.2,1.022,0,0,289.2,0,0,66,64,9,6,5,3,2,0,2,0,0.0,0.0
LF,Lefty O'Doul,Lefty,O'Doul,Waltham River Otters,6' 0',180 lbs,L,L,100,Philadelphia Phillies,PHI,1929,1921-1945,BBR,85941,Perfect,July Jewels - Baseball Reference 4  LF Lefty O'Doul  PHI  1929,0,N,0,147,78,137,91,160,137,68,127,97,128,150,81,140,89,171,55,13,Groundball,Pull,Pull,1,1,1,5,1,1,1,5,1,1,1,5,16,-,-,16,-,-,-,-,-,-,-,-,2,NEU,86-88,SIDE,Normal,1,11,-,-,-,3,4,8,3,62,70,71,-,-,-,-,-,-,74,-,70,-,-,-,-,-,-,74,-,70,39,22,44,34,120,112,479,425,125,93,13,1,18,70,52,43,0,5,0,6,0,77,13,69.6,1.68,71,14.4,1.1,3.88,0,1,-0.9,-3.9,0,0,0,0,0,0,0,0.0,0,0,0,0,0,0,0,0,0,0,0,0,0,0,0,0,0,0,0,0,0,0.00,0,0,0,0,0,0.0,0.0,0.0,0.00,55,51,94,3,88,3,0,0,1.84,-2.1,.990,0,0,445.0,0,0,72,68,23,16,15,2,12,1,15,1,0.0,-0.5
LF,Lefty O'Doul,Lefty,O'Doul,Canterbury Tails,6' 0',180 lbs,L,L,100,Philadelphia Phillies,PHI,1929,1921-1945,BBR,85941,Perfect,July Jewels - Baseball Reference 4  LF Lefty O'Doul  PHI  1929,0,N,0,147,78,137,91,160,137,68,127,97,128,150,81,140,89,171,55,13,Groundball,Pull,Pull,1,1,1,5,1,1,1,5,1,1,1,5,16,-,-,16,-,-,-,-,-,-,-,-,2,NEU,86-88,SIDE,Normal,1,11,-,-,-,3,4,8,3,62,70,71,-,-,-,-,-,-,74,-,70,-,-,-,-,-,-,74,-,70,39,22,44,34,117,105,450,404,102,75,11,0,16,59,42,38,0,4,0,4,0,78,6,53.4,-0.42,52,-1.2,-0.1,3.86,0,0,0.0,-3.3,0,0,0,0,0,0,0,0.0,0,0,0,0,0,0,0,0,0,0,0,0,0,0,0,0,0,0,0,0,0,0.00,0,0,0,0,0,0.0,0.0,0.0,0.00,114,104,207,4,198,5,2,0,1.97,-2.9,.970,0,0,924.1,0,0,157,147,45,32,29,13,46,4,32,2,0.0,-3.5
LF,Lefty O'Doul,Lefty,O'Doul,Peninsula Whips,6' 0',180 lbs,L,L,100,Philadelphia Phillies,PHI,1929,1921-1945,BBR,85941,Perfect,July Jewels - Baseball Reference 4  LF Lefty O'Doul  PHI  1929,0,N,0,147,78,137,91,160,137,68,127,97,128,150,81,140,89,171,55,13,Groundball,Pull,Pull,1,1,1,5,1,1,1,5,1,1,1,5,16,-,-,16,-,-,-,-,-,-,-,-,2,NEU,86-88,SIDE,Normal,1,11,-,-,-,3,4,8,3,62,70,71,-,-,-,-,-,-,74,-,70,-,-,-,-,-,-,74,-,70,39,22,44,34,134,126,529,490,145,107,18,1,19,70,64,31,0,5,1,2,0,93,9,75.9,2.28,74,11.5,1.4,3.77,1,0,-0.2,-0.4,0,0,0,0,0,0,0,0.0,0,0,0,0,0,0,0,0,0,0,0,0,0,0,0,0,0,0,0,0,0,0.00,0,0,0,0,0,0.0,0.0,0.0,0.00,82,76,143,4,137,2,1,0,1.86,-3.4,.957,0,0,682.2,0,0,110,107,36,22,16,6,23,2,27,0,0.0,-0.4
LF,Lefty O'Doul,Lefty,O'Doul,Mount Pleasant Mounties,6' 0',180 lbs,L,L,100,Philadelphia Phillies,PHI,1929,1921-1945,BBR,85941,Perfect,July Jewels - Baseball Reference 4  LF Lefty O'Doul  PHI  1929,0,N,0,147,78,137,91,160,137,68,127,97,128,150,81,140,89,171,55,13,Groundball,Pull,Pull,1,1,1,5,1,1,1,5,1,1,1,5,16,-,-,16,-,-,-,-,-,-,-,-,2,NEU,86-88,SIDE,Normal,1,11,-,-,-,3,4,8,3,62,70,71,-,-,-,-,-,-,74,-,70,-,-,-,-,-,-,74,-,70,39,22,44,34,105,102,471,422,119,92,14,2,11,60,54,32,0,7,5,5,0,68,5,60.2,0.85,57,1.4,0.4,3.96,0,0,0.0,-2.4,0,0,0,0,0,0,0,0.0,0,0,0,0,0,0,0,0,0,0,0,0,0,0,0,0,0,0,0,0,0,0.00,0,0,0,0,0,0.0,0.0,0.0,0.00,103,102,209,5,203,1,0,0,2.02,-5.0,.958,0,0,926.0,0,0,167,164,45,25,30,8,28,3,35,3,0.0,-1.0
RF,Mel Ott,Mel,Ott,Dark Web Hackers,5' 9',170 lbs,L,R,101,New York Giants,SFG,1934,1921-1945,ME,86272,Perfect,All-Star Week Mission Reward  RF Mel Ott  NY1  1934,0,N,0,133,90,164,138,126,148,81,172,140,102,128,94,161,137,135,6,1,Normal,Normal,Normal,1,1,1,1,1,1,1,1,1,1,1,1,16,-,-,-,-,-,-,-,-,-,-,-,1,NEU,90-92,3/4,Normal,1,6,-,-,-,5,2,7,6,76,74,84,-,-,-,-,-,-,-,70,91,1,-,-,-,-,-,-,70,91,38,11,6,31,60,60,254,221,45,30,9,1,5,28,24,24,0,5,0,4,0,55,8,20.9,-0.68,20,-9.1,-0.7,4.05,0,0,0.0,-3.2,0,0,0,0,0,0,0,0.0,0,0,0,0,0,0,0,0,0,0,0,0,0,0,0,0,0,0,0,0,0,0.00,0,0,0,0,0,0.0,0.0,0.0,0.00,57,57,130,2,126,2,0,0,2.28,0.5,.982,0,0,504.1,0,0,101,98,25,18,14,9,9,1,31,0,0.0,-0.3
RF,Mel Ott,Mel,Ott,Freedom Grabbers - HotL,5' 9',170 lbs,L,R,101,New York Giants,SFG,1934,1921-1945,ME,86272,Perfect,All-Star Week Mission Reward  RF Mel Ott  NY1  1934,0,N,0,133,90,164,138,126,148,81,172,140,102,128,94,161,137,135,6,1,Normal,Normal,Normal,1,1,1,1,1,1,1,1,1,1,1,1,16,-,-,-,-,-,-,-,-,-,-,-,1,NEU,90-92,3/4,Normal,1,6,-,-,-,5,2,7,6,76,74,84,-,-,-,-,-,-,-,70,91,1,-,-,-,-,-,-,70,91,38,11,6,31,149,149,612,535,146,109,16,2,19,71,61,68,2,5,0,3,1,120,6,84.7,1.55,83,10.5,1.4,4.07,0,0,0.0,-2.4,0,0,0,0,0,0,0,0.0,0,0,0,0,0,0,0,0,0,0,0,0,0,0,0,0,0,0,0,0,0,0.00,0,0,0,0,0,0.0,0.0,0.0,0.00,84,84,153,5,145,3,0,0,1.94,-4.7,.977,0,0,697.0,0,0,128,125,32,14,15,4,18,2,23,0,0.0,1.1
RF,Mel Ott,Mel,Ott,Waltham River Otters,5' 9',170 lbs,L,R,101,New York Giants,SFG,1934,1921-1945,ME,86272,Perfect,All-Star Week Mission Reward  RF Mel Ott  NY1  1934,0,N,0,133,90,164,138,126,148,81,172,140,102,128,94,161,137,135,6,1,Normal,Normal,Normal,1,1,1,1,1,1,1,1,1,1,1,1,16,-,-,-,-,-,-,-,-,-,-,-,1,NEU,90-92,3/4,Normal,1,6,-,-,-,5,2,7,6,76,74,84,-,-,-,-,-,-,-,70,91,1,-,-,-,-,-,-,70,91,38,11,6,31,140,126,569,519,139,93,20,2,24,69,67,43,0,2,0,5,0,91,15,74.0,0.35,74,7.5,0.1,3.91,0,0,0.0,-6.1,0,0,0,0,0,0,0,0.0,0,0,0,0,0,0,0,0,0,0,0,0,0,0,0,0,0,0,0,0,0,0.00,0,0,0,0,0,0.0,0.0,0.0,0.00,87,83,171,5,164,2,0,0,2.08,-5.6,.968,0,0,731.1,0,0,138,131,43,26,20,2,21,4,27,1,0.0,-2.5
RF,Mel Ott,Mel,Ott,Englewood Pirates,5' 9',170 lbs,L,R,101,New York Giants,SFG,1934,1921-1945,ME,86272,Perfect,All-Star Week Mission Reward  RF Mel Ott  NY1  1934,0,N,0,133,90,164,138,126,148,81,172,140,102,128,94,161,137,135,6,1,Normal,Normal,Normal,1,1,1,1,1,1,1,1,1,1,1,1,16,-,-,-,-,-,-,-,-,-,-,-,1,NEU,90-92,3/4,Normal,1,6,-,-,-,5,2,7,6,76,74,84,-,-,-,-,-,-,-,70,91,1,-,-,-,-,-,-,70,91,38,11,6,31,157,150,630,559,145,103,24,0,18,68,64,60,1,5,0,6,0,113,14,75.7,0.18,76,1.3,0.3,3.86,1,0,-0.3,-4.2,0,0,0,0,0,0,0,0.0,0,0,0,0,0,0,0,0,0,0,0,0,0,0,0,0,0,0,0,0,0,0.00,0,0,0,0,0,0.0,0.0,0.0,0.00,64,64,136,5,127,4,0,0,2.17,-2.1,.983,0,0,548.0,0,0,113,110,18,12,15,3,16,2,18,0,0.0,-0.7
RF,Mel Ott,Mel,Ott,Sharpstown Bill Collectors,5' 9',170 lbs,L,R,101,New York Giants,SFG,1934,1921-1945,ME,86272,Perfect,All-Star Week Mission Reward  RF Mel Ott  NY1  1934,0,N,0,133,90,164,138,126,148,81,172,140,102,128,94,161,137,135,6,1,Normal,Normal,Normal,1,1,1,1,1,1,1,1,1,1,1,1,16,-,-,-,-,-,-,-,-,-,-,-,1,NEU,90-92,3/4,Normal,1,6,-,-,-,5,2,7,6,76,74,84,-,-,-,-,-,-,-,70,91,1,-,-,-,-,-,-,70,91,38,11,6,31,143,136,586,516,134,107,12,1,14,68,63,65,0,2,0,3,0,119,13,67.0,0.83,69,-0.3,0.1,4.10,0,0,0.0,-3.8,0,0,0,0,0,0,0,0.0,0,0,0,0,0,0,0,0,0,0,0,0,0,0,0,0,0,0,0,0,0,0.00,0,0,0,0,0,0.0,0.0,0.0,0.00,1,0,0,0,0,0,0,0,0.00,0.0,.000,0,0,2.0,0,0,0,0,0,0,0,0,0,0,0,0,0.0,0.0
RF,Mel Ott,Mel,Ott,Washington Border Collies,5' 9',170 lbs,L,R,101,New York Giants,SFG,1934,1921-1945,ME,86272,Perfect,All-Star Week Mission Reward  RF Mel Ott  NY1  1934,0,N,0,133,90,164,138,126,148,81,172,140,102,128,94,161,137,135,6,1,Normal,Normal,Normal,1,1,1,1,1,1,1,1,1,1,1,1,16,-,-,-,-,-,-,-,-,-,-,-,1,NEU,90-92,3/4,Normal,1,6,-,-,-,5,2,7,6,76,74,84,-,-,-,-,-,-,-,70,91,1,-,-,-,-,-,-,70,91,38,11,6,31,159,155,740,656,177,124,24,1,28,89,95,78,5,5,0,1,0,159,11,103.6,2.24,101,13.7,1.3,4.01,0,0,0.0,-2.9,0,0,0,0,0,0,0,0.0,0,0,0,0,0,0,0,0,0,0,0,0,0,0,0,0,0,0,0,0,0,0.00,0,0,0,0,0,0.0,0.0,0.0,0.00,1,0,3,0,2,1,0,0,2.57,0.0,.998,0,0,7.0,0,0,2,2,0,0,0,0,0,0,1,0,0.0,0.0
RF,Mel Ott,Mel,Ott,Alexandria SafeZone,5' 9',170 lbs,L,R,101,New York Giants,SFG,1934,1921-1945,ME,86272,Perfect,All-Star Week Mission Reward  RF Mel Ott  NY1  1934,0,N,0,133,90,164,138,126,148,81,172,140,102,128,94,161,137,135,6,1,Normal,Normal,Normal,1,1,1,1,1,1,1,1,1,1,1,1,16,-,-,-,-,-,-,-,-,-,-,-,1,NEU,90-92,3/4,Normal,1,6,-,-,-,5,2,7,6,76,74,84,-,-,-,-,-,-,-,70,91,1,-,-,-,-,-,-,70,91,38,11,6,31,155,151,682,606,150,109,20,3,18,85,72,66,0,3,0,7,0,145,12,75.6,1.93,75,-5.4,-0.1,4.09,0,2,-1.6,-4.4,0,0,0,0,0,0,0,0.0,0,0,0,0,0,0,0,0,0,0,0,0,0,0,0,0,0,0,0,0,0,0.00,0,0,0,0,0,0.0,0.0,0.0,0.00,67,67,125,2,122,1,0,0,1.97,1.1,.998,0,0,567.1,0,0,103,101,18,12,11,5,10,4,26,0,0.0,-0.4
RF,Mel Ott,Mel,Ott,Laffy Comedians - CG,5' 9',170 lbs,L,R,101,New York Giants,SFG,1934,1921-1945,ME,86272,Perfect,All-Star Week Mission Reward  RF Mel Ott  NY1  1934,0,N,0,133,90,164,138,126,148,81,172,140,102,128,94,161,137,135,6,1,Normal,Normal,Normal,1,1,1,1,1,1,1,1,1,1,1,1,16,-,-,-,-,-,-,-,-,-,-,-,1,NEU,90-92,3/4,Normal,1,6,-,-,-,5,2,7,6,76,74,84,-,-,-,-,-,-,-,70,91,1,-,-,-,-,-,-,70,91,38,11,6,31,152,148,599,525,149,104,19,5,21,92,56,66,0,3,0,4,1,119,16,87.7,1.95,90,19.4,2.2,4.08,0,1,-1.0,-5.3,0,0,0,0,0,0,0,0.0,0,0,0,0,0,0,0,0,0,0,0,0,0,0,0,0,0,0,0,0,0,0.00,0,0,0,0,0,0.0,0.0,0.0,0.00,90,89,176,1,170,5,0,0,2.00,-1.0,.992,0,0,769.2,0,0,142,138,34,23,16,5,24,3,29,1,0.0,-0.5
RF,Mel Ott,Mel,Ott,Tampa Bay Yankees 22,5' 9',170 lbs,L,R,101,New York Giants,SFG,1934,1921-1945,ME,86272,Perfect,All-Star Week Mission Reward  RF Mel Ott  NY1  1934,0,N,0,133,90,164,138,126,148,81,172,140,102,128,94,161,137,135,6,1,Normal,Normal,Normal,1,1,1,1,1,1,1,1,1,1,1,1,16,-,-,-,-,-,-,-,-,-,-,-,1,NEU,90-92,3/4,Normal,1,6,-,-,-,5,2,7,6,76,74,84,-,-,-,-,-,-,-,70,91,1,-,-,-,-,-,-,70,91,38,11,6,31,36,18,101,91,24,15,3,1,5,22,13,9,0,0,0,1,0,16,1,14.8,0.58,14,2.3,0.3,4.03,0,0,0.0,-1.3,0,0,0,0,0,0,0,0.0,0,0,0,0,0,0,0,0,0,0,0,0,0,0,0,0,0,0,0,0,0,0.00,0,0,0,0,0,0.0,0.0,0.0,0.00,24,18,40,1,37,2,0,0,1.95,-1.1,.972,0,0,175.1,0,0,29,29,11,8,6,0,8,0,4,0,0.0,0.4
RF,Mel Ott,Mel,Ott,Madison Mashers - CG,5' 9',170 lbs,L,R,101,New York Giants,SFG,1934,1921-1945,ME,86272,Perfect,All-Star Week Mission Reward  RF Mel Ott  NY1  1934,0,N,0,133,90,164,138,126,148,81,172,140,102,128,94,161,137,135,6,1,Normal,Normal,Normal,1,1,1,1,1,1,1,1,1,1,1,1,16,-,-,-,-,-,-,-,-,-,-,-,1,NEU,90-92,3/4,Normal,1,6,-,-,-,5,2,7,6,76,74,84,-,-,-,-,-,-,-,70,91,1,-,-,-,-,-,-,70,91,38,11,6,31,148,148,671,601,139,93,25,3,18,71,68,64,0,4,0,2,0,148,15,69.5,0.12,70,-9.5,0.3,4.03,0,0,0.0,-0.8,0,0,0,0,0,0,0,0.0,0,0,0,0,0,0,0,0,0,0,0,0,0,0,0,0,0,0,0,0,0,0.00,0,0,0,0,0,0.0,0.0,0.0,0.00,87,87,175,6,168,1,1,0,2.04,-0.6,.986,0,0,768.0,0,0,139,136,28,19,22,9,27,4,29,0,0.0,2.0
RF,Mel Ott,Mel,Ott,Canterbury Tails,5' 9',170 lbs,L,R,101,New York Giants,SFG,1934,1921-1945,ME,86272,Perfect,All-Star Week Mission Reward  RF Mel Ott  NY1  1934,0,N,0,133,90,164,138,126,148,81,172,140,102,128,94,161,137,135,6,1,Normal,Normal,Normal,1,1,1,1,1,1,1,1,1,1,1,1,16,-,-,-,-,-,-,-,-,-,-,-,1,NEU,90-92,3/4,Normal,1,6,-,-,-,5,2,7,6,76,74,84,-,-,-,-,-,-,-,70,91,1,-,-,-,-,-,-,70,91,38,11,6,31,160,160,685,612,160,113,29,7,11,77,72,58,0,8,0,7,0,142,13,79.9,3.36,79,-2.0,-0.1,4.11,0,0,0.0,-4.6,0,0,0,0,0,0,0,0.0,0,0,0,0,0,0,0,0,0,0,0,0,0,0,0,0,0,0,0,0,0,0.00,0,0,0,0,0,0.0,0.0,0.0,0.00,0,0,0,0,0,0,0,0,0.00,0.0,.000,0,0,0.0,0,0,0,0,0,0,0,0,0,0,0,0,0.0,0.0
RF,Mel Ott,Mel,Ott,Phoenix Mango Slush - HOTL,5' 9',170 lbs,L,R,101,New York Giants,SFG,1934,1921-1945,ME,86272,Perfect,All-Star Week Mission Reward  RF Mel Ott  NY1  1934,0,N,0,133,90,164,138,126,148,81,172,140,102,128,94,161,137,135,6,1,Normal,Normal,Normal,1,1,1,1,1,1,1,1,1,1,1,1,16,-,-,-,-,-,-,-,-,-,-,-,1,NEU,90-92,3/4,Normal,1,6,-,-,-,5,2,7,6,76,74,84,-,-,-,-,-,-,-,70,91,1,-,-,-,-,-,-,70,91,38,11,6,31,138,134,606,520,128,85,25,2,16,61,63,73,1,7,0,6,0,112,10,74.7,-0.42,75,3.5,0.2,3.96,0,0,0.0,-9.3,0,0,0,0,0,0,0,0.0,0,0,0,0,0,0,0,0,0,0,0,0,0,0,0,0,0,0,0,0,0,0.00,0,0,0,0,0,0.0,0.0,0.0,0.00,29,27,64,1,62,1,0,0,2.35,0.5,1.014,0,0,241.1,0,0,52,50,11,7,5,3,9,2,10,0,0.0,-0.0
DH,Mel Ott,Mel,Ott,Grover Beach Grouches,5' 9',170 lbs,L,R,101,New York Giants,SFG,1934,1921-1945,ME,86272,Perfect,All-Star Week Mission Reward  RF Mel Ott  NY1  1934,153 332,N,0,133,90,164,138,126,148,81,172,140,102,128,94,161,137,135,6,1,Normal,Normal,Normal,1,1,1,1,1,1,1,1,1,1,1,1,16,-,-,-,-,-,-,-,-,-,-,-,1,NEU,90-92,3/4,Normal,1,6,-,-,-,5,2,7,6,76,74,84,-,-,-,-,-,-,-,70,91,1,-,-,-,-,-,-,70,91,38,11,6,31,131,96,430,380,116,87,16,3,10,55,42,43,1,5,0,2,0,68,11,64.5,2.16,65,14.7,1.4,3.99,0,0,0.0,-4.9,0,0,0,0,0,0,0,0.0,0,0,0,0,0,0,0,0,0,0,0,0,0,0,0,0,0,0,0,0,0,0.00,0,0,0,0,0,0.0,0.0,0.0,0.00,10,3,3,0,3,0,0,0,0.68,0.1,.998,0,0,40.0,0,0,2,2,0,0,1,1,3,0,0,0,0.0,-0.0
RF,Mel Ott,Mel,Ott,Houston Swangas,5' 9',170 lbs,L,R,101,New York Giants,SFG,1934,1921-1945,ME,86272,Perfect,All-Star Week Mission Reward  RF Mel Ott  NY1  1934,0,N,0,133,90,164,138,126,148,81,172,140,102,128,94,161,137,135,6,1,Normal,Normal,Normal,1,1,1,1,1,1,1,1,1,1,1,1,16,-,-,-,-,-,-,-,-,-,-,-,1,NEU,90-92,3/4,Normal,1,6,-,-,-,5,2,7,6,76,74,84,-,-,-,-,-,-,-,70,91,1,-,-,-,-,-,-,70,91,38,11,6,31,121,105,475,424,104,68,18,5,13,58,48,45,2,4,0,2,0,98,5,57.4,1.03,55,-1.3,0.1,4.00,0,0,0.0,-1.5,0,0,0,0,0,0,0,0.0,0,0,0,0,0,0,0,0,0,0,0,0,0,0,0,0,0,0,0,0,0,0.00,0,0,0,0,0,0.0,0.0,0.0,0.00,0,0,0,0,0,0,0,0,0.00,0.0,.000,0,0,0.0,0,0,0,0,0,0,0,0,0,0,0,0,0.0,0.0
RF,Mel Ott,Mel,Ott,Maple Madness,5' 9',170 lbs,L,R,101,New York Giants,SFG,1934,1921-1945,ME,86272,Perfect,All-Star Week Mission Reward  RF Mel Ott  NY1  1934,0,N,0,133,90,164,138,126,148,81,172,140,102,128,94,161,137,135,6,1,Normal,Normal,Normal,1,1,1,1,1,1,1,1,1,1,1,1,16,-,-,-,-,-,-,-,-,-,-,-,1,NEU,90-92,3/4,Normal,1,6,-,-,-,5,2,7,6,76,74,84,-,-,-,-,-,-,-,70,91,1,-,-,-,-,-,-,70,91,38,11,6,31,143,137,593,525,133,96,26,1,10,67,65,49,1,10,0,9,0,112,14,63.3,0.02,62,-7.4,-0.9,4.01,0,0,0.0,-5.3,0,0,0,0,0,0,0,0.0,0,0,0,0,0,0,0,0,0,0,0,0,0,0,0,0,0,0,0,0,0,0.00,0,0,0,0,0,0.0,0.0,0.0,0.00,16,16,32,0,32,0,0,0,1.91,-2.4,.910,0,0,150.2,0,0,29,28,9,4,2,0,3,0,6,0,0.0,0.2
RF,Mel Ott,Mel,Ott,Tulsa Doom,5' 9',170 lbs,L,R,101,New York Giants,SFG,1934,1921-1945,ME,86272,Perfect,All-Star Week Mission Reward  RF Mel Ott  NY1  1934,0,N,0,133,90,164,138,126,148,81,172,140,102,128,94,161,137,135,6,1,Normal,Normal,Normal,1,1,1,1,1,1,1,1,1,1,1,1,16,-,-,-,-,-,-,-,-,-,-,-,1,NEU,90-92,3/4,Normal,1,6,-,-,-,5,2,7,6,76,74,84,-,-,-,-,-,-,-,70,91,1,-,-,-,-,-,-,70,91,38,11,6,31,131,107,478,430,107,69,24,4,10,64,54,40,0,3,0,5,0,102,11,53.2,0.76,52,-3.8,0.6,3.99,0,0,0.0,-0.1,0,0,0,0,0,0,0,0.0,0,0,0,0,0,0,0,0,0,0,0,0,0,0,0,0,0,0,0,0,0,0.00,0,0,0,0,0,0.0,0.0,0.0,0.00,114,107,216,7,206,3,0,0,2.03,-0.1,.993,0,0,943.0,0,0,159,156,47,31,33,9,33,9,48,1,0.0,-1.3
RF,Mel Ott,Mel,Ott,Everett Aquasox,5' 9',170 lbs,L,R,101,New York Giants,SFG,1934,1921-1945,ME,86272,Perfect,All-Star Week Mission Reward  RF Mel Ott  NY1  1934,0,N,0,133,90,164,138,126,148,81,172,140,102,128,94,161,137,135,6,1,Normal,Normal,Normal,1,1,1,1,1,1,1,1,1,1,1,1,16,-,-,-,-,-,-,-,-,-,-,-,1,NEU,90-92,3/4,Normal,1,6,-,-,-,5,2,7,6,76,74,84,-,-,-,-,-,-,-,70,91,1,-,-,-,-,-,-,70,91,38,11,6,31,144,144,642,579,149,108,17,3,21,74,72,48,0,7,0,7,1,120,9,76.9,0.16,74,-1.6,0.7,3.88,0,0,0.0,-5.0,0,0,0,0,0,0,0,0.0,0,0,0,0,0,0,0,0,0,0,0,0,0,0,0,0,0,0,0,0,0,0.00,0,0,0,0,0,0.0,0.0,0.0,0.00,144,144,274,5,263,6,0,0,1.98,-2.2,.998,0,0,1215.1,0,0,220,216,55,25,30,14,35,4,47,4,0.0,0.3
RF,Mel Ott,Mel,Ott,Peninsula Whips,5' 9',170 lbs,L,R,101,New York Giants,SFG,1934,1921-1945,ME,86272,Perfect,All-Star Week Mission Reward  RF Mel Ott  NY1  1934,0,N,0,133,90,164,138,126,148,81,172,140,102,128,94,161,137,135,6,1,Normal,Normal,Normal,1,1,1,1,1,1,1,1,1,1,1,1,16,-,-,-,-,-,-,-,-,-,-,-,1,NEU,90-92,3/4,Normal,1,6,-,-,-,5,2,7,6,76,74,84,-,-,-,-,-,-,-,70,91,1,-,-,-,-,-,-,70,91,38,11,6,31,146,142,623,560,148,116,15,1,16,82,58,51,0,4,0,8,0,129,16,69.5,1.75,70,-3.9,-0.7,4.08,0,0,0.0,-6.5,0,0,0,0,0,0,0,0.0,0,0,0,0,0,0,0,0,0,0,0,0,0,0,0,0,0,0,0,0,0,0.00,0,0,0,0,0,0.0,0.0,0.0,0.00,56,54,121,1,118,2,0,0,2.21,-2.6,.973,0,0,483.2,0,0,105,103,17,8,14,6,16,1,21,0,0.0,-1.4
RF,Mel Ott,Mel,Ott,Webster Groves Supercells,5' 9',170 lbs,L,R,101,New York Giants,SFG,1934,1921-1945,ME,86272,Perfect,All-Star Week Mission Reward  RF Mel Ott  NY1  1934,0,N,0,133,90,164,138,126,148,81,172,140,102,128,94,161,137,135,6,1,Normal,Normal,Normal,1,1,1,1,1,1,1,1,1,1,1,1,16,-,-,-,-,-,-,-,-,-,-,-,1,NEU,90-92,3/4,Normal,1,6,-,-,-,5,2,7,6,76,74,84,-,-,-,-,-,-,-,70,91,1,-,-,-,-,-,-,70,91,38,11,6,31,155,155,678,607,184,126,23,11,24,116,90,61,0,2,0,7,1,143,11,111.9,3.47,108,28.1,2.7,4.05,0,0,0.0,-4.7,0,0,0,0,0,0,0,0.0,0,0,0,0,0,0,0,0,0,0,0,0,0,0,0,0,0,0,0,0,0,0.00,0,0,0,0,0,0.0,0.0,0.0,0.00,0,0,0,0,0,0,0,0,0.00,0.0,.000,0,0,0.0,0,0,0,0,0,0,0,0,0,0,0,0,0.0,0.0
DH,Mel Ott,Mel,Ott,New Haven Corsairs,5' 9',170 lbs,L,R,101,New York Giants,SFG,1934,1921-1945,ME,86272,Perfect,All-Star Week Mission Reward  RF Mel Ott  NY1  1934,0,N,0,133,90,164,138,126,148,81,172,140,102,128,94,161,137,135,6,1,Normal,Normal,Normal,1,1,1,1,1,1,1,1,1,1,1,1,16,-,-,-,-,-,-,-,-,-,-,-,1,NEU,90-92,3/4,Normal,1,6,-,-,-,5,2,7,6,76,74,84,-,-,-,-,-,-,-,70,91,1,-,-,-,-,-,-,70,91,38,11,6,31,157,152,674,588,155,100,21,3,31,90,74,74,2,8,0,4,0,143,20,95.9,0.32,99,19.3,2.0,4.18,0,0,0.0,-5.9,0,0,0,0,0,0,0,0.0,0,0,0,0,0,0,0,0,0,0,0,0,0,0,0,0,0,0,0,0,0,0.00,0,0,0,0,0,0.0,0.0,0.0,0.00,14,14,27,0,26,1,0,0,1.86,0.1,.998,0,0,125.2,0,0,20,20,5,2,6,4,3,0,4,0,0.0,-0.4
RF,Mel Ott,Mel,Ott,Gastonia Peaches,5' 9',170 lbs,L,R,101,New York Giants,SFG,1934,1921-1945,ME,86272,Perfect,All-Star Week Mission Reward  RF Mel Ott  NY1  1934,0,N,0,133,90,164,138,126,148,81,172,140,102,128,94,161,137,135,6,1,Normal,Normal,Normal,1,1,1,1,1,1,1,1,1,1,1,1,16,-,-,-,-,-,-,-,-,-,-,-,1,NEU,90-92,3/4,Normal,1,6,-,-,-,5,2,7,6,76,74,84,-,-,-,-,-,-,-,70,91,1,-,-,-,-,-,-,70,91,38,11,6,31,149,143,642,571,159,116,18,2,23,78,80,61,0,3,0,7,0,116,15,87.6,0.83,88,12.3,1.9,3.91,0,0,0.0,-1.8,0,0,0,0,0,0,0,0.0,0,0,0,0,0,0,0,0,0,0,0,0,0,0,0,0,0,0,0,0,0,0.00,0,0,0,0,0,0.0,0.0,0.0,0.00,88,86,198,5,192,1,0,0,2.34,-1.5,.998,0,0,757.0,0,0,166,161,29,19,26,8,26,4,33,0,0.0,-0.4
RF,Mel Ott,Mel,Ott,Madison Moundsmen - CG,5' 9',170 lbs,L,R,101,New York Giants,SFG,1934,1921-1945,ME,86272,Perfect,All-Star Week Mission Reward  RF Mel Ott  NY1  1934,0,N,0,133,90,164,138,126,148,81,172,140,102,128,94,161,137,135,6,1,Normal,Normal,Normal,1,1,1,1,1,1,1,1,1,1,1,1,16,-,-,-,-,-,-,-,-,-,-,-,1,NEU,90-92,3/4,Normal,1,6,-,-,-,5,2,7,6,76,74,84,-,-,-,-,-,-,-,70,91,1,-,-,-,-,-,-,70,91,38,11,6,31,150,150,652,579,158,108,22,3,25,85,87,67,1,2,0,4,0,132,10,93.4,1.15,92,14.9,1.6,4.03,0,0,0.0,-7.5,0,0,0,0,0,0,0,0.0,0,0,0,0,0,0,0,0,0,0,0,0,0,0,0,0,0,0,0,0,0,0.00,0,0,0,0,0,0.0,0.0,0.0,0.00,85,85,178,4,172,2,0,0,2.11,0.2,1.004,0,0,751.1,0,0,136,134,40,24,22,10,26,4,35,0,0.0,-2.3
RF,Mel Ott,Mel,Ott,Shibuya Shredders - GH,5' 9',170 lbs,L,R,101,New York Giants,SFG,1934,1921-1945,ME,86272,Perfect,All-Star Week Mission Reward  RF Mel Ott  NY1  1934,0,N,0,133,90,164,138,126,148,81,172,140,102,128,94,161,137,135,6,1,Normal,Normal,Normal,1,1,1,1,1,1,1,1,1,1,1,1,16,-,-,-,-,-,-,-,-,-,-,-,1,NEU,90-92,3/4,Normal,1,6,-,-,-,5,2,7,6,76,74,84,-,-,-,-,-,-,-,70,91,1,-,-,-,-,-,-,70,91,38,11,6,31,147,143,633,558,123,79,24,6,14,72,59,69,0,5,0,1,0,129,16,63.1,-1.15,64,-10.1,-0.2,4.09,0,0,0.0,-3.0,0,0,0,0,0,0,0,0.0,0,0,0,0,0,0,0,0,0,0,0,0,0,0,0,0,0,0,0,0,0,0.00,0,0,0,0,0,0.0,0.0,0.0,0.00,141,141,308,3,300,5,1,0,2.16,0.3,.988,0,0,1262.0,0,0,240,235,65,42,34,17,33,6,39,0,0.0,-3.2
RF,Mel Ott,Mel,Ott,Mount Pleasant Mounties,5' 9',170 lbs,L,R,101,New York Giants,SFG,1934,1921-1945,ME,86272,Perfect,All-Star Week Mission Reward  RF Mel Ott  NY1  1934,0,N,0,133,90,164,138,126,148,81,172,140,102,128,94,161,137,135,6,1,Normal,Normal,Normal,1,1,1,1,1,1,1,1,1,1,1,1,16,-,-,-,-,-,-,-,-,-,-,-,1,NEU,90-92,3/4,Normal,1,6,-,-,-,5,2,7,6,76,74,84,-,-,-,-,-,-,-,70,91,1,-,-,-,-,-,-,70,91,38,11,6,31,123,99,475,415,93,63,18,3,9,49,53,55,1,3,0,2,0,95,6,48.8,-0.94,47,-8.5,-0.5,4.08,0,0,0.0,-3.4,0,0,0,0,0,0,0,0.0,0,0,0,0,0,0,0,0,0,0,0,0,0,0,0,0,0,0,0,0,0,0.00,0,0,0,0,0,0.0,0.0,0.0,0.00,10,7,16,0,15,1,0,0,2.12,0.6,.998,0,0,63.2,0,0,10,10,5,5,1,0,0,0,1,0,0.0,0.0
RF,Mel Ott,Mel,Ott,Berlin Speed Dealers SoM,5' 9',170 lbs,L,R,101,New York Giants,SFG,1934,1921-1945,ME,86272,Perfect,All-Star Week Mission Reward  RF Mel Ott  NY1  1934,0,N,0,133,90,164,138,126,148,81,172,140,102,128,94,161,137,135,6,1,Normal,Normal,Normal,1,1,1,1,1,1,1,1,1,1,1,1,16,-,-,-,-,-,-,-,-,-,-,-,1,NEU,90-92,3/4,Normal,1,6,-,-,-,5,2,7,6,76,74,84,-,-,-,-,-,-,-,70,91,1,-,-,-,-,-,-,70,91,38,11,6,31,145,145,624,558,124,92,15,2,15,58,64,57,0,3,0,6,0,122,10,57.6,-2.21,54,-19.1,-1.3,4.03,0,0,0.0,-4.1,0,0,0,0,0,0,0,0.0,0,0,0,0,0,0,0,0,0,0,0,0,0,0,0,0,0,0,0,0,0,0.00,0,0,0,0,0,0.0,0.0,0.0,0.00,145,145,266,8,255,3,0,0,1.87,-4.6,.971,0,0,1267.1,0,0,215,204,50,35,31,9,33,5,41,2,0.0,1.1
C,Mike Piazza,Mike,Piazza,Everett Aqua Sox,6' 3',195 lbs,R,R,101,Los Angeles Dodgers,LAD,1995,1993-2004,BBR,86463,Perfect,Baseball Reference 7  C Mike Piazza  LAD  1995,0,N,0,144,62,173,103,98,120,25,211,77,96,152,68,160,115,99,11,6,Flyball,Normal,Normal,1,1,1,7,1,1,1,7,1,1,1,7,16,-,-,-,-,-,-,-,-,-,-,-,1,GB,91-93,3/4,GB'er,1,4,61,78,59,5,5,1,10,2,1,10,-,64,-,-,-,-,-,-,-,7,64,-,-,-,-,-,-,-,39,4,16,51,116,107,458,421,114,79,13,0,22,62,53,31,0,4,0,2,0,110,9,62.1,1.82,61,7.6,2.2,3.92,0,0,0.0,-1.3,0,0,0,0,0,0,0,0.0,0,0,0,0,0,0,0,0,0,0,0,0,0,0,0,0,0,0,0,0,0,0.00,0,0,0,0,0,0.0,0.0,0.0,0.00,104,102,790,49,736,5,6,0,7.85,-1.7,.900,104,25,899.2,7,461,38,36,3,2,0,0,0,0,0,0,-3.1,0.0
C,Mike Piazza,Mike,Piazza,Shakedown 1977 Microbus TTC - GH,6' 3',195 lbs,R,R,101,Los Angeles Dodgers,LAD,1995,1993-2004,BBR,86463,Perfect,Baseball Reference 7  C Mike Piazza  LAD  1995,0,N,0,144,62,173,103,98,120,25,211,77,96,152,68,160,115,99,11,6,Flyball,Normal,Normal,1,1,1,7,1,1,1,7,1,1,1,7,16,-,-,-,-,-,-,-,-,-,-,-,1,GB,91-93,3/4,GB'er,1,4,61,78,59,5,5,1,10,2,1,10,-,64,-,-,-,-,-,-,-,7,64,-,-,-,-,-,-,-,39,4,16,51,98,94,417,376,106,80,16,0,10,49,33,33,0,5,0,3,0,104,9,52.5,0.69,53,4.0,1.7,4.00,0,1,-0.9,-0.4,0,0,0,0,0,0,0,0.0,0,0,0,0,0,0,0,0,0,0,0,0,0,0,0,0,0,0,0,0,0,0.00,0,0,0,0,0,0.0,0.0,0.0,0.00,96,94,748,47,694,7,4,0,8.02,-3.0,.898,95,20,831.1,9,399,48,45,9,7,0,0,0,0,0,0,-1.7,0.0
C,Mike Piazza,Mike,Piazza,Rockford Peaches,6' 3',195 lbs,R,R,101,Los Angeles Dodgers,LAD,1995,1993-2004,BBR,86463,Perfect,Baseball Reference 7  C Mike Piazza  LAD  1995,0,N,0,144,62,173,103,98,120,25,211,77,96,152,68,160,115,99,11,6,Flyball,Normal,Normal,1,1,1,7,1,1,1,7,1,1,1,7,16,-,-,-,-,-,-,-,-,-,-,-,1,GB,91-93,3/4,GB'er,1,4,61,78,59,5,5,1,10,2,1,10,-,64,-,-,-,-,-,-,-,7,64,-,-,-,-,-,-,-,39,4,16,51,123,121,505,459,106,70,14,0,22,58,49,38,0,2,1,5,0,123,7,54.5,-0.14,52,-7.5,0.8,3.87,0,1,-0.8,-0.8,0,0,0,0,0,0,0,0.0,0,0,0,0,0,0,0,0,0,0,0,0,0,0,0,0,0,0,0,0,0,0.00,0,0,0,0,0,0.0,0.0,0.0,0.00,122,121,1003,53,948,2,7,0,8.34,-3.8,.967,134,23,1080.2,5,482,50,47,9,4,1,1,0,0,0,0,-4.3,0.0
C,Mike Piazza,Mike,Piazza,New Haven Corsairs,6' 3',195 lbs,R,R,101,Los Angeles Dodgers,LAD,1995,1993-2004,BBR,86463,Perfect,Baseball Reference 7  C Mike Piazza  LAD  1995,0,N,0,144,62,173,103,98,120,25,211,77,96,152,68,160,115,99,11,6,Flyball,Normal,Normal,1,1,1,7,1,1,1,7,1,1,1,7,16,-,-,-,-,-,-,-,-,-,-,-,1,GB,91-93,3/4,GB'er,1,4,61,78,59,5,5,1,10,2,1,10,-,64,-,-,-,-,-,-,-,7,64,-,-,-,-,-,-,-,39,4,16,51,105,99,414,389,94,71,9,0,14,46,54,19,0,5,0,1,0,95,9,40.0,-1.91,38,-10.4,0.1,3.98,0,0,0.0,-2.3,0,0,0,0,0,0,0,0.0,0,0,0,0,0,0,0,0,0,0,0,0,0,0,0,0,0,0,0,0,0,0.00,0,0,0,0,0,0.0,0.0,0.0,0.00,86,86,707,41,666,0,8,0,8.65,-0.5,1.103,87,21,736.0,3,370,40,35,6,4,0,0,0,0,0,0,-3.4,0.0
C,Mike Piazza,Mike,Piazza,Gastonia Peaches,6' 3',195 lbs,R,R,101,Los Angeles Dodgers,LAD,1995,1993-2004,BBR,86463,Perfect,Baseball Reference 7  C Mike Piazza  LAD  1995,0,N,0,144,62,173,103,98,120,25,211,77,96,152,68,160,115,99,11,6,Flyball,Normal,Normal,1,1,1,7,1,1,1,7,1,1,1,7,16,-,-,-,-,-,-,-,-,-,-,-,1,GB,91-93,3/4,GB'er,1,4,61,78,59,5,5,1,10,2,1,10,-,64,-,-,-,-,-,-,-,7,64,-,-,-,-,-,-,-,39,4,16,51,104,100,416,379,101,71,18,0,12,54,43,30,0,2,0,5,0,101,7,50.3,-0.44,48,-0.5,1.2,3.93,0,0,0.0,-3.5,0,0,0,0,0,0,0,0.0,0,0,0,0,0,0,0,0,0,0,0,0,0,0,0,0,0,0,0,0,0,0.00,0,0,0,0,0,0.0,0.0,0.0,0.00,102,100,825,54,766,5,7,0,8.52,-2.7,.922,115,27,866.2,6,418,41,36,11,6,1,1,0,0,0,0,-1.2,0.0
3B,Albert Pujols,Albert,Pujols,New Platson Grand Petites HotL,6' 3',220 lbs,R,R,100,St. Louis Cardinals,STL,2001,1993-2004,ME,84788,Perfect,Baseball Reference 1  3B Albert Pujols  STL  2001,0,N,0,120,109,128,99,106,95,88,130,118,101,130,118,128,95,108,12,1,Normal,Ex. Pull,Pull,1,1,1,1,1,1,1,1,1,1,1,1,17,-,-,-,-,-,-,19,-,-,-,-,2,EX FB,94-96,3/4,Normal,1,5,-,-,-,66,52,72,39,62,48,66,-,-,91,-,57,-,68,-,64,111,-,91,-,57,-,68,-,64,53,20,11,59,70,36,152,141,41,26,9,0,6,20,25,10,1,1,0,0,0,35,4,22.3,0.58,22,4.1,0.5,3.91,0,0,0.0,0.9,0,0,0,0,0,0,0,0.0,0,0,0,0,0,0,0,0,0,0,0,0,0,0,0,0,0,0,0,0,0,0.00,0,0,0,0,0,0.0,0.0,0.0,0.00,71,36,413,23,384,6,30,0,9.87,-1.9,.952,0,0,371.0,0,0,77,71,11,8,3,1,5,1,0,0,0.0,0.0
1B,Albert Pujols,Albert,Pujols,Washington Border Collies,6' 3',220 lbs,R,R,100,St. Louis Cardinals,STL,2001,1993-2004,ME,84788,Perfect,Baseball Reference 1  3B Albert Pujols  STL  2001,0,N,0,120,109,128,99,106,95,88,130,118,101,130,118,128,95,108,12,1,Normal,Ex. Pull,Pull,1,1,1,1,1,1,1,1,1,1,1,1,17,-,-,-,-,-,-,19,-,-,-,-,2,EX FB,94-96,3/4,Normal,1,5,-,-,-,66,52,72,39,62,48,66,-,-,91,-,57,-,68,-,64,111,-,91,-,57,-,68,-,64,53,20,11,59,33,20,94,88,28,23,2,0,3,14,13,4,0,2,0,0,0,18,1,14.2,0.38,13,2.7,0.3,3.54,0,0,0.0,-1.2,0,0,0,0,0,0,0,0.0,0,0,0,0,0,0,0,0,0,0,0,0,0,0,0,0,0,0,0,0,0,0.00,0,0,0,0,0,0.0,0.0,0.0,0.00,32,20,208,14,194,0,14,0,9.10,1.0,1.010,0,0,205.2,0,0,38,38,4,3,3,1,4,3,3,0,0.0,-0.1
1B,Albert Pujols,Albert,Pujols,Everett Aquasox,6' 3',220 lbs,R,R,100,St. Louis Cardinals,STL,2001,1993-2004,ME,84788,Perfect,Baseball Reference 1  3B Albert Pujols  STL  2001,0,N,0,120,109,128,99,106,95,88,130,118,101,130,118,128,95,108,12,1,Normal,Ex. Pull,Pull,1,1,1,1,1,1,1,1,1,1,1,1,17,-,-,-,-,-,-,19,-,-,-,-,2,EX FB,94-96,3/4,Normal,1,5,-,-,-,66,52,72,39,62,48,66,-,-,91,-,57,-,68,-,64,111,-,91,-,57,-,68,-,64,53,20,11,59,80,65,282,268,63,43,13,0,7,45,25,10,0,2,0,2,0,74,6,24.8,0.43,22,-10.7,-0.3,3.96,0,0,0.0,0.9,0,0,0,0,0,0,0,0.0,0,0,0,0,0,0,0,0,0,0,0,0,0,0,0,0,0,0,0,0,0,0.00,0,0,0,0,0,0.0,0.0,0.0,0.00,74,63,589,64,522,3,49,0,9.14,2.5,1.017,0,0,577.0,0,0,131,128,21,19,5,3,7,3,8,0,0.0,-0.2
3B,Albert Pujols,Albert,Pujols,Berlin Speed Dealers SoM,6' 3',220 lbs,R,R,100,St. Louis Cardinals,STL,2001,1993-2004,ME,84788,Perfect,Baseball Reference 1  3B Albert Pujols  STL  2001,0,N,0,120,109,128,99,106,95,88,130,118,101,130,118,128,95,108,12,1,Normal,Ex. Pull,Pull,1,1,1,1,1,1,1,1,1,1,1,1,17,-,-,-,-,-,-,19,-,-,-,-,2,EX FB,94-96,3/4,Normal,1,5,-,-,-,66,52,72,39,62,48,66,-,-,91,-,57,-,68,-,64,111,-,91,-,57,-,68,-,64,53,20,11,59,120,108,431,395,107,69,23,2,13,49,45,27,0,4,1,4,0,84,11,53.7,0.22,54,3.0,1.1,3.87,0,1,-0.8,-1.2,0,0,0,0,0,0,0,0.0,0,0,0,0,0,0,0,0,0,0,0,0,0,0,0,0,0,0,0,0,0,0.00,0,0,0,0,0,0.0,0.0,0.0,0.00,118,108,1021,80,937,4,81,0,9.60,3.8,1.042,0,0,953.1,0,0,203,199,19,16,7,2,6,4,13,0,0.0,-0.0
SS,Jose Reyes,Jose,Reyes,Everett Aqua Sox,6' 0',195 lbs,S,R,98,New York Mets,NYM,2006,2005-2014,,86343,Diamond,HOF Week - All-Time Legend  SS Jose Reyes  NYM  Peak,0,N,0,125,128,73,97,166,125,100,87,122,155,125,138,69,91,170,74,117,Groundball,Normal,Normal,1,1,1,1,1,1,1,1,1,1,1,1,17,-,17,-,-,-,-,-,-,-,-,-,2,EX FB,96-98,3/4,Normal,1,12,-,-,-,106,82,86,92,7,3,3,-,-,-,120,-,102,-,-,-,152,-,-,120,-,102,-,-,-,117,114,115,114,118,106,501,449,104,67,21,8,8,50,57,38,2,6,0,8,0,83,4,51.4,0.09,46,-13.0,0.1,4.00,26,11,0.4,2.1,0,0,0,0,0,0,0,0.0,0,0,0,0,0,0,0,0,0,0,0,0,0,0,0,0,0,0,0,0,0,0.00,0,0,0,0,0,0.0,0.0,0.0,0.00,109,106,397,271,113,13,55,0,3.65,-9.2,.942,0,0,946.0,0,0,266,241,51,29,24,11,22,7,19,3,0.0,0.0
SS,Cal Ripken Jr.,Cal,Ripken Jr.,Englewood Pirates,6' 4',225 lbs,R,R,100,Baltimore Orioles,BAL,1983,1980-1992,HOF,84198,Perfect,Hall of Fame  SS Cal Ripken Jr.  BAL  1983,0,N,0,112,129,95,73,118,102,124,92,84,128,116,131,97,70,115,5,3,Line Drive,Normal,Normal,1,1,1,5,1,1,1,5,1,1,1,5,16,-,-,-,-,-,-,-,-,-,-,-,1,NEU,89-91,3/4,Normal,1,23,-,-,-,107,92,109,112,3,2,2,-,-,-,-,124,119,-,-,-,157,-,-,-,124,119,-,-,-,57,24,3,65,88,52,196,184,37,23,10,1,3,18,13,9,0,2,0,1,0,50,1,14.7,-1.14,11,-11.7,-0.4,3.87,0,0,0.0,1.3,0,0,0,0,0,0,0,0.0,0,0,0,0,0,0,0,0,0,0,0,0,0,0,0,0,0,0,0,0,0,0.00,0,0,0,0,0,0.0,0.0,0.0,0.00,98,52,185,128,51,6,27,0,3.23,-1.4,.979,0,0,498.0,0,0,129,118,22,16,10,7,9,1,8,2,0.0,0.0
SS,Cal Ripken Jr.,Cal,Ripken Jr.,Waltham River Otters,6' 4',225 lbs,R,R,100,Baltimore Orioles,BAL,1983,1980-1992,HOF,84198,Perfect,Hall of Fame  SS Cal Ripken Jr.  BAL  1983,0,N,0,112,129,95,73,118,102,124,92,84,128,116,131,97,70,115,5,3,Line Drive,Normal,Normal,1,1,1,5,1,1,1,5,1,1,1,5,16,-,-,-,-,-,-,-,-,-,-,-,1,NEU,89-91,3/4,Normal,1,23,-,-,-,107,92,109,112,3,2,2,-,-,-,-,124,119,-,-,-,157,-,-,-,124,119,-,-,-,57,24,3,65,95,63,221,209,54,32,19,0,3,26,25,10,0,1,0,0,1,48,6,22.8,-0.43,22,-3.8,0.5,3.80,0,0,0.0,-0.3,0,0,0,0,0,0,0,0.0,0,0,0,0,0,0,0,0,0,0,0,0,0,0,0,0,0,0,0,0,0,0.00,0,0,0,0,0,0.0,0.0,0.0,0.00,95,63,183,124,54,5,23,0,2.81,1.2,1.029,0,0,570.2,0,0,129,121,19,12,16,10,8,4,10,0,0.0,0.0
SS,Cal Ripken Jr.,Cal,Ripken Jr.,Washington Border Collies,6' 4',225 lbs,R,R,100,Baltimore Orioles,BAL,1983,1980-1992,HOF,84198,Perfect,Hall of Fame  SS Cal Ripken Jr.  BAL  1983,0,N,0,112,129,95,73,118,102,124,92,84,128,116,131,97,70,115,5,3,Line Drive,Normal,Normal,1,1,1,5,1,1,1,5,1,1,1,5,16,-,-,-,-,-,-,-,-,-,-,-,1,NEU,89-91,3/4,Normal,1,23,-,-,-,107,92,109,112,3,2,2,-,-,-,-,124,119,-,-,-,157,-,-,-,124,119,-,-,-,57,24,3,65,24,14,62,59,12,9,1,1,1,3,7,2,0,0,0,1,0,19,0,4.3,-0.13,2,-4.6,-0.1,3.77,0,0,0.0,0.5,0,0,0,0,0,0,0,0.0,0,0,0,0,0,0,0,0,0,0,0,0,0,0,0,0,0,0,0,0,0,0.00,0,0,0,0,0,0.0,0.0,0.0,0.00,20,14,65,49,15,1,6,0,4.24,0.5,1.019,0,0,136.0,0,0,44,41,6,6,7,4,3,1,1,0,0.0,0.0
3B,Cal Ripken Jr.,Cal,Ripken Jr.,Shakedown 1977 Microbus TTC - GH,6' 4',225 lbs,R,R,100,Baltimore Orioles,BAL,1983,1980-1992,HOF,84198,Perfect,Hall of Fame  SS Cal Ripken Jr.  BAL  1983,0,N,0,112,129,95,73,118,102,124,92,84,128,116,131,97,70,115,5,3,Line Drive,Normal,Normal,1,1,1,5,1,1,1,5,1,1,1,5,16,-,-,-,-,-,-,-,-,-,-,-,1,NEU,89-91,3/4,Normal,1,23,-,-,-,107,92,109,112,3,2,2,-,-,-,-,124,119,-,-,-,157,-,-,-,124,119,-,-,-,57,24,3,65,147,145,502,478,116,73,29,0,14,69,51,14,0,4,2,3,1,107,8,48.9,1.59,44,-14.9,0.2,3.92,0,0,0.0,-0.8,0,0,0,0,0,0,0,0.0,0,0,0,0,0,0,0,0,0,0,0,0,0,0,0,0,0,0,0,0,0,0.00,0,0,0,0,0,0.0,0.0,0.0,0.00,153,145,423,302,102,19,33,0,2.96,-0.3,.982,0,0,1227.2,0,0,357,336,41,34,27,12,15,7,20,1,0.0,0.0
SS,Phil Rizzuto,Phil,Rizzuto,New Platson Grand Petites HotL,5' 6',160 lbs,R,R,99,New York Yankees,NYA,1950,1946-1960,CS,86656,Diamond,Clubhouse - Hall of Fame  SS Phil Rizzuto  NYY  1950,0,N,0,121,114,44,149,187,138,118,33,144,198,115,113,48,150,183,66,90,Line Drive,Normal,Normal,1,1,1,2,1,1,1,2,1,1,1,2,16,-,-,-,-,-,-,-,-,-,-,-,1,NEU,90-92,3/4,Normal,1,17,-,-,-,120,121,102,114,9,9,4,-,-,-,-,-,137,-,-,-,168,-,-,-,-,137,-,-,-,62,53,63,108,100,90,324,286,72,53,17,2,0,36,37,27,0,2,6,3,0,45,7,30.7,-1.02,28,-9.6,0.6,3.92,1,0,0.0,0.2,0,0,0,0,0,0,0,0.0,0,0,0,0,0,0,0,0,0,0,0,0,0,0,0,0,0,0,0,0,0,0.00,0,0,0,0,0,0.0,0.0,0.0,0.00,99,90,393,266,113,14,53,0,4.29,1.3,1.004,0,0,794.2,0,0,262,245,40,34,21,10,13,7,18,1,0.0,0.0
SS,Phil Rizzuto,Phil,Rizzuto,Barnstable Beasts,5' 6',160 lbs,R,R,99,New York Yankees,NYA,1950,1946-1960,CS,86656,Diamond,Clubhouse - Hall of Fame  SS Phil Rizzuto  NYY  1950,0,N,0,121,114,44,149,187,138,118,33,144,198,115,113,48,150,183,66,90,Line Drive,Normal,Normal,1,1,1,2,1,1,1,2,1,1,1,2,16,-,-,-,-,-,-,-,-,-,-,-,1,NEU,90-92,3/4,Normal,1,17,-,-,-,120,121,102,114,9,9,4,-,-,-,-,-,137,-,-,-,168,-,-,-,-,137,-,-,-,62,53,63,108,111,70,283,246,74,56,15,2,1,21,36,30,0,5,0,2,0,29,5,38.6,0.65,40,6.5,2.1,3.98,0,1,-0.8,1.6,0,0,0,0,0,0,0,0.0,0,0,0,0,0,0,0,0,0,0,0,0,0,0,0,0,0,0,0,0,0,0.00,0,0,0,0,0,0.0,0.0,0.0,0.00,111,70,302,212,82,8,49,0,3.74,0.0,.991,0,0,707.1,0,0,188,176,36,28,20,15,16,3,14,1,0.0,0.0
SS,Phil Rizzuto,Phil,Rizzuto,-,5' 6',160 lbs,R,R,99,New York Yankees,NYA,1950,1946-1960,CS,86656,Diamond,Clubhouse - Hall of Fame  SS Phil Rizzuto  NYY  1950,0,N,0,121,114,44,149,187,138,118,33,144,198,115,113,48,150,183,66,90,Line Drive,Normal,Normal,1,1,1,2,1,1,1,2,1,1,1,2,16,-,-,-,-,-,-,-,-,-,-,-,1,NEU,90-92,3/4,Normal,1,17,-,-,-,120,121,102,114,9,9,4,-,-,-,-,-,137,-,-,-,168,-,-,-,-,137,-,-,-,62,53,63,108,24,24,100,87,23,18,3,1,1,7,13,12,1,1,0,0,0,12,1,11.9,-0.15,11,-0.1,0.4,4.04,0,0,0.0,0.3,0,0,0,0,0,0,0,0.0,0,0,0,0,0,0,0,0,0,0,0,0,0,0,0,0,0,0,0,0,0,0.00,0,0,0,0,0,0.0,0.0,0.0,0.00,24,24,92,55,33,4,15,0,3.84,-0.2,.983,0,0,206.0,0,0,55,51,8,6,8,4,5,2,3,1,0.0,0.0
SS,Phil Rizzuto,Phil,Rizzuto,Alexandria SafeZone,5' 6',160 lbs,R,R,99,New York Yankees,NYA,1950,1946-1960,CS,86656,Diamond,Clubhouse - Hall of Fame  SS Phil Rizzuto  NYY  1950,0,N,0,121,114,44,149,187,138,118,33,144,198,115,113,48,150,183,66,90,Line Drive,Normal,Normal,1,1,1,2,1,1,1,2,1,1,1,2,16,-,-,-,-,-,-,-,-,-,-,-,1,NEU,90-92,3/4,Normal,1,17,-,-,-,120,121,102,114,9,9,4,-,-,-,-,-,137,-,-,-,168,-,-,-,-,137,-,-,-,62,53,63,108,143,143,556,499,136,96,34,3,3,50,64,47,1,7,1,2,0,63,16,62.7,-0.01,64,-1.4,2.6,3.84,0,0,0.0,2.6,0,0,0,0,0,0,0,0.0,0,0,0,0,0,0,0,0,0,0,0,0,0,0,0,0,0,0,0,0,0,0.00,0,0,0,0,0,0.0,0.0,0.0,0.00,143,143,501,337,153,11,75,0,3.45,-0.2,1.008,0,0,1279.2,0,0,334,313,51,35,44,24,23,9,30,2,0.0,0.0
SS,Phil Rizzuto,Phil,Rizzuto,Dark Web Hackers,5' 6',160 lbs,R,R,99,New York Yankees,NYA,1950,1946-1960,CS,86656,Diamond,Clubhouse - Hall of Fame  SS Phil Rizzuto  NYY  1950,0,N,0,121,114,44,149,187,138,118,33,144,198,115,113,48,150,183,66,90,Line Drive,Normal,Normal,1,1,1,2,1,1,1,2,1,1,1,2,16,-,-,-,-,-,-,-,-,-,-,-,1,NEU,90-92,3/4,Normal,1,17,-,-,-,120,121,102,114,9,9,4,-,-,-,-,-,137,-,-,-,168,-,-,-,-,137,-,-,-,62,53,63,108,124,123,520,456,114,74,34,3,3,57,52,53,0,5,2,4,0,64,8,56.5,0.07,56,-5.2,1.6,3.92,0,2,-1.4,-2.4,0,0,0,0,0,0,0,0.0,0,0,0,0,0,0,0,0,0,0,0,0,0,0,0,0,0,0,0,0,0,0.00,0,0,0,0,0,0.0,0.0,0.0,0.00,124,123,475,316,149,10,71,0,3.95,3.7,1.036,0,0,1059.2,0,0,301,282,50,36,36,23,21,10,18,1,0.0,-0.3
RF,Frank Robinson,Frank,Robinson,New Platson Grand Petites HotL,6' 1',185 lbs,R,R,100,Cincinnati Reds,CIN,1961,1961-1979,ME,85521,Perfect,60s Theme Week - Hardware Heroes  RF Frank Robinson  CIN  1961,0,N,0,116,114,126,103,115,121,118,99,136,130,115,113,136,95,111,4,5,Normal,Normal,Normal,1,1,1,1,1,1,1,1,1,1,1,1,16,-,-,-,-,-,-,-,-,-,-,-,1,NEU,90-92,3/4,Normal,1,22,-,-,-,60,45,78,54,107,113,96,-,-,-,-,57,-,136,121,134,106,-,-,-,57,-,136,121,134,71,83,102,85,123,98,409,379,111,75,22,3,11,47,49,25,0,2,0,3,0,86,4,59.2,0.70,56,7.8,2.0,3.92,8,3,0.1,-0.2,0,0,0,0,0,0,0,0.0,0,0,0,0,0,0,0,0,0,0,0,0,0,0,0,0,0,0,0,0,0,0.00,0,0,0,0,0,0.0,0.0,0.0,0.00,131,98,214,9,204,1,0,0,2.08,-1.1,.998,0,0,921.0,0,0,152,150,57,44,35,7,34,3,41,0,0.0,-0.9
RF,Frank Robinson,Frank,Robinson,Freedom Grabbers - HotL,6' 1',185 lbs,R,R,100,Cincinnati Reds,CIN,1961,1961-1979,ME,85521,Perfect,60s Theme Week - Hardware Heroes  RF Frank Robinson  CIN  1961,0,N,0,116,114,126,103,115,121,118,99,136,130,115,113,136,95,111,4,5,Normal,Normal,Normal,1,1,1,1,1,1,1,1,1,1,1,1,16,-,-,-,-,-,-,-,-,-,-,-,1,NEU,90-92,3/4,Normal,1,22,-,-,-,60,45,78,54,107,113,96,-,-,-,-,57,-,136,121,134,106,-,-,-,57,-,136,121,134,71,83,102,85,113,85,353,325,83,53,24,2,4,41,25,23,1,2,0,3,0,77,8,37.1,0.15,35,-6.2,0.4,3.87,3,1,-0.0,-0.0,0,0,0,0,0,0,0,0.0,0,0,0,0,0,0,0,0,0,0,0,0,0,0,0,0,0,0,0,0,0,0.00,0,0,0,0,0,0.0,0.0,0.0,0.00,116,85,187,8,177,2,1,0,2.11,1.7,1.004,0,0,790.2,0,0,141,140,30,21,30,11,22,4,35,1,0.0,0.9
RF,Frank Robinson,Frank,Robinson,Englewood Pirates,6' 1',185 lbs,R,R,100,Cincinnati Reds,CIN,1961,1961-1979,ME,85521,Perfect,60s Theme Week - Hardware Heroes  RF Frank Robinson  CIN  1961,0,N,0,116,114,126,103,115,121,118,99,136,130,115,113,136,95,111,4,5,Normal,Normal,Normal,1,1,1,1,1,1,1,1,1,1,1,1,16,-,-,-,-,-,-,-,-,-,-,-,1,NEU,90-92,3/4,Normal,1,22,-,-,-,60,45,78,54,107,113,96,-,-,-,-,57,-,136,121,134,106,-,-,-,57,-,136,121,134,71,83,102,85,101,93,396,361,89,55,19,1,14,43,47,26,1,5,0,4,0,70,14,43.1,-0.95,44,-2.3,1.0,4.03,1,1,-0.5,2.6,0,0,0,0,0,0,0,0.0,0,0,0,0,0,0,0,0,0,0,0,0,0,0,0,0,0,0,0,0,0,0.00,0,0,0,0,0,0.0,0.0,0.0,0.00,104,93,195,5,190,0,0,0,2.07,1.6,1.017,0,0,847.1,0,0,153,146,43,33,21,11,27,1,36,0,0.0,0.0
RF,Frank Robinson,Frank,Robinson,-,6' 1',185 lbs,R,R,100,Cincinnati Reds,CIN,1961,1961-1979,ME,85521,Perfect,60s Theme Week - Hardware Heroes  RF Frank Robinson  CIN  1961,0,N,0,116,114,126,103,115,121,118,99,136,130,115,113,136,95,111,4,5,Normal,Normal,Normal,1,1,1,1,1,1,1,1,1,1,1,1,16,-,-,-,-,-,-,-,-,-,-,-,1,NEU,90-92,3/4,Normal,1,22,-,-,-,60,45,78,54,107,113,96,-,-,-,-,57,-,136,121,134,106,-,-,-,57,-,136,121,134,71,83,102,85,29,3,35,28,6,4,0,0,2,8,7,6,0,0,0,1,0,7,1,4.4,0.24,4,0.5,0.1,4.03,0,0,0.0,0.0,0,0,0,0,0,0,0,0.0,0,0,0,0,0,0,0,0,0,0,0,0,0,0,0,0,0,0,0,0,0,0.00,0,0,0,0,0,0.0,0.0,0.0,0.00,27,3,26,1,25,0,0,0,2.96,-0.1,1.001,0,0,79.0,0,0,21,21,7,4,1,1,3,0,5,0,0.0,-0.4
RF,Frank Robinson,Frank,Robinson,Washington Border Collies,6' 1',185 lbs,R,R,100,Cincinnati Reds,CIN,1961,1961-1979,ME,85521,Perfect,60s Theme Week - Hardware Heroes  RF Frank Robinson  CIN  1961,0,N,0,116,114,126,103,115,121,118,99,136,130,115,113,136,95,111,4,5,Normal,Normal,Normal,1,1,1,1,1,1,1,1,1,1,1,1,16,-,-,-,-,-,-,-,-,-,-,-,1,NEU,90-92,3/4,Normal,1,22,-,-,-,60,45,78,54,107,113,96,-,-,-,-,57,-,136,121,134,106,-,-,-,57,-,136,121,134,71,83,102,85,144,142,615,567,155,98,36,5,16,69,68,37,0,5,0,6,0,138,20,76.3,0.50,77,4.5,1.9,3.84,7,1,0.8,1.2,0,0,0,0,0,0,0,0.0,0,0,0,0,0,0,0,0,0,0,0,0,0,0,0,0,0,0,0,0,0,0.00,0,0,0,0,0,0.0,0.0,0.0,0.00,153,142,302,10,290,2,0,0,2.10,2.9,1.019,0,0,1288.0,0,0,231,227,56,37,42,14,50,9,52,3,0.0,-1.1
LF,Frank Robinson,Frank,Robinson,Alexandria SafeZone,6' 1',185 lbs,R,R,100,Cincinnati Reds,CIN,1961,1961-1979,ME,85521,Perfect,60s Theme Week - Hardware Heroes  RF Frank Robinson  CIN  1961,0,N,0,116,114,126,103,115,121,118,99,136,130,115,113,136,95,111,4,5,Normal,Normal,Normal,1,1,1,1,1,1,1,1,1,1,1,1,16,-,-,-,-,-,-,-,-,-,-,-,1,NEU,90-92,3/4,Normal,1,22,-,-,-,60,45,78,54,107,113,96,-,-,-,-,57,-,136,121,134,106,-,-,-,57,-,136,121,134,71,83,102,85,96,44,224,204,51,33,13,1,4,25,24,17,0,1,0,2,0,48,3,24.8,-0.58,23,-3.0,0.3,3.87,1,0,0.1,0.7,0,0,0,0,0,0,0,0.0,0,0,0,0,0,0,0,0,0,0,0,0,0,0,0,0,0,0,0,0,0,0.00,0,0,0,0,0,0.0,0.0,0.0,0.00,92,44,118,6,111,1,0,0,2.15,-0.8,.974,0,0,490.0,0,0,92,89,21,16,19,6,16,4,22,0,0.0,-0.1
LF,Frank Robinson,Frank,Robinson,Madison Mashers - CG,6' 1',185 lbs,R,R,100,Cincinnati Reds,CIN,1961,1961-1979,ME,85521,Perfect,60s Theme Week - Hardware Heroes  RF Frank Robinson  CIN  1961,0,N,0,116,114,126,103,115,121,118,99,136,130,115,113,136,95,111,4,5,Normal,Normal,Normal,1,1,1,1,1,1,1,1,1,1,1,1,16,-,-,-,-,-,-,-,-,-,-,-,1,NEU,90-92,3/4,Normal,1,22,-,-,-,60,45,78,54,107,113,96,-,-,-,-,57,-,136,121,134,106,-,-,-,57,-,136,121,134,71,83,102,85,112,94,361,314,82,59,14,3,6,38,47,38,0,4,0,5,0,55,9,42.6,0.19,43,0.8,1.2,4.05,5,2,-0.1,1.5,0,0,0,0,0,0,0,0.0,0,0,0,0,0,0,0,0,0,0,0,0,0,0,0,0,0,0,0,0,0,0.00,0,0,0,0,0,0.0,0.0,0.0,0.00,114,94,211,8,198,5,1,0,2.19,1.1,.996,0,0,848.1,0,0,164,160,32,21,26,15,19,1,36,1,0.0,0.7
RF,Frank Robinson,Frank,Robinson,Canterbury Tails,6' 1',185 lbs,R,R,100,Cincinnati Reds,CIN,1961,1961-1979,ME,85521,Perfect,60s Theme Week - Hardware Heroes  RF Frank Robinson  CIN  1961,0,N,0,116,114,126,103,115,121,118,99,136,130,115,113,136,95,111,4,5,Normal,Normal,Normal,1,1,1,1,1,1,1,1,1,1,1,1,16,-,-,-,-,-,-,-,-,-,-,-,1,NEU,90-92,3/4,Normal,1,22,-,-,-,60,45,78,54,107,113,96,-,-,-,-,57,-,136,121,134,106,-,-,-,57,-,136,121,134,71,83,102,85,106,95,367,327,83,59,15,2,7,35,40,33,0,1,0,6,0,65,7,39.0,-0.57,39,-4.0,0.4,3.84,5,6,-2.1,1.8,0,0,0,0,0,0,0,0.0,0,0,0,0,0,0,0,0,0,0,0,0,0,0,0,0,0,0,0,0,0,0.00,0,0,0,0,0,0.0,0.0,0.0,0.00,109,95,207,5,200,2,1,0,2.20,0.7,1.001,0,0,839.1,0,0,164,161,42,29,27,11,22,2,29,0,0.0,-0.6
RF,Frank Robinson,Frank,Robinson,Grover Beach Grouches,6' 1',185 lbs,R,R,100,Cincinnati Reds,CIN,1961,1961-1979,ME,85521,Perfect,60s Theme Week - Hardware Heroes  RF Frank Robinson  CIN  1961,38 610,N,0,116,114,126,103,115,121,118,99,136,130,115,113,136,95,111,4,5,Normal,Normal,Normal,1,1,1,1,1,1,1,1,1,1,1,1,16,-,-,-,-,-,-,-,-,-,-,-,1,NEU,90-92,3/4,Normal,1,22,-,-,-,60,45,78,54,107,113,96,-,-,-,-,57,-,136,121,134,106,-,-,-,57,-,136,121,134,71,83,102,85,105,84,369,331,85,61,16,1,7,38,40,29,0,5,0,4,0,72,9,42.1,-0.12,40,-3.3,1.5,4.11,12,0,2.7,-0.0,0,0,0,0,0,0,0,0.0,0,0,0,0,0,0,0,0,0,0,0,0,0,0,0,0,0,0,0,0,0,0.00,0,0,0,0,0,0.0,0.0,0.0,0.00,107,84,175,8,166,1,1,0,2.07,4.4,1.020,0,0,755.2,0,0,127,126,38,29,13,7,21,4,19,0,0.0,2.7
LF,Frank Robinson,Frank,Robinson,Houston Swangas,6' 1',185 lbs,R,R,100,Cincinnati Reds,CIN,1961,1961-1979,ME,85521,Perfect,60s Theme Week - Hardware Heroes  RF Frank Robinson  CIN  1961,0,N,0,116,114,126,103,115,121,118,99,136,130,115,113,136,95,111,4,5,Normal,Normal,Normal,1,1,1,1,1,1,1,1,1,1,1,1,16,-,-,-,-,-,-,-,-,-,-,-,1,NEU,90-92,3/4,Normal,1,22,-,-,-,60,45,78,54,107,113,96,-,-,-,-,57,-,136,121,134,106,-,-,-,57,-,136,121,134,71,83,102,85,145,145,594,535,149,93,32,5,19,75,80,42,0,8,0,9,0,127,8,83.9,1.03,82,11.9,2.4,3.90,13,8,-1.3,1.1,0,0,0,0,0,0,0,0.0,0,0,0,0,0,0,0,0,0,0,0,0,0,0,0,0,0,0,0,0,0,0.00,0,0,0,0,0,0.0,0.0,0.0,0.00,149,145,299,5,293,1,1,0,2.10,-0.3,1.012,0,0,1275.2,0,0,244,238,58,36,36,11,45,8,57,0,0.0,-0.8
RF,Frank Robinson,Frank,Robinson,Tulsa Doom,6' 1',185 lbs,R,R,100,Cincinnati Reds,CIN,1961,1961-1979,ME,85521,Perfect,60s Theme Week - Hardware Heroes  RF Frank Robinson  CIN  1961,0,N,0,116,114,126,103,115,121,118,99,136,130,115,113,136,95,111,4,5,Normal,Normal,Normal,1,1,1,1,1,1,1,1,1,1,1,1,16,-,-,-,-,-,-,-,-,-,-,-,1,NEU,90-92,3/4,Normal,1,22,-,-,-,60,45,78,54,107,113,96,-,-,-,-,57,-,136,121,134,106,-,-,-,57,-,136,121,134,71,83,102,85,143,143,572,518,138,92,31,2,13,70,68,45,1,3,0,6,0,108,11,69.1,-1.41,68,0.2,1.9,3.88,5,3,-0.7,2.6,0,0,0,0,0,0,0,0.0,0,0,0,0,0,0,0,0,0,0,0,0,0,0,0,0,0,0,0,0,0,0.00,0,0,0,0,0,0.0,0.0,0.0,0.00,148,143,248,8,237,3,1,0,1.76,1.4,1.023,0,0,1252.1,0,0,193,186,48,32,31,11,40,7,45,1,0.0,1.7
CF,Frank Robinson,Frank,Robinson,Everett Aquasox,6' 1',185 lbs,R,R,100,Cincinnati Reds,CIN,1961,1961-1979,ME,85521,Perfect,60s Theme Week - Hardware Heroes  RF Frank Robinson  CIN  1961,0,N,0,116,114,126,103,115,121,118,99,136,130,115,113,136,95,111,4,5,Normal,Normal,Normal,1,1,1,1,1,1,1,1,1,1,1,1,16,-,-,-,-,-,-,-,-,-,-,-,1,NEU,90-92,3/4,Normal,1,22,-,-,-,60,45,78,54,107,113,96,-,-,-,-,57,-,136,121,134,106,-,-,-,57,-,136,121,134,71,83,102,85,143,143,603,544,149,102,33,3,11,70,72,48,0,6,0,5,0,105,13,75.5,1.51,74,3.5,2.3,4.03,9,2,0.7,1.8,0,0,0,0,0,0,0,0.0,0,0,0,0,0,0,0,0,0,0,0,0,0,0,0,0,0,0,0,0,0,0.00,0,0,0,0,0,0.0,0.0,0.0,0.00,155,143,366,16,350,0,2,0,2.61,-5.6,.992,0,0,1259.2,0,0,276,269,103,63,44,12,43,6,49,1,0.0,1.3
LF,Frank Robinson,Frank,Robinson,Peninsula Whips,6' 1',185 lbs,R,R,100,Cincinnati Reds,CIN,1961,1961-1979,ME,85521,Perfect,60s Theme Week - Hardware Heroes  RF Frank Robinson  CIN  1961,0,N,0,116,114,126,103,115,121,118,99,136,130,115,113,136,95,111,4,5,Normal,Normal,Normal,1,1,1,1,1,1,1,1,1,1,1,1,16,-,-,-,-,-,-,-,-,-,-,-,1,NEU,90-92,3/4,Normal,1,22,-,-,-,60,45,78,54,107,113,96,-,-,-,-,57,-,136,121,134,106,-,-,-,57,-,136,121,134,71,83,102,85,99,94,380,345,84,49,22,3,10,46,42,33,0,2,0,0,0,89,6,44.1,1.17,44,-0.7,1.0,3.93,5,4,-1.1,0.9,0,0,0,0,0,0,0,0.0,0,0,0,0,0,0,0,0,0,0,0,0,0,0,0,0,0,0,0,0,0,0.00,0,0,0,0,0,0.0,0.0,0.0,0.00,99,94,185,4,177,4,0,0,1.94,2.8,1.021,0,0,838.0,0,0,136,135,40,28,29,9,11,3,41,2,0.0,-0.4
RF,Frank Robinson,Frank,Robinson,Dark Web Hackers,6' 1',185 lbs,R,R,100,Cincinnati Reds,CIN,1961,1961-1979,ME,85521,Perfect,60s Theme Week - Hardware Heroes  RF Frank Robinson  CIN  1961,0,N,0,116,114,126,103,115,121,118,99,136,130,115,113,136,95,111,4,5,Normal,Normal,Normal,1,1,1,1,1,1,1,1,1,1,1,1,16,-,-,-,-,-,-,-,-,-,-,-,1,NEU,90-92,3/4,Normal,1,22,-,-,-,60,45,78,54,107,113,96,-,-,-,-,57,-,136,121,134,106,-,-,-,57,-,136,121,134,71,83,102,85,105,100,427,372,96,62,15,3,16,51,61,46,0,6,0,3,0,95,3,61.6,0.29,59,9.1,1.7,4.03,5,1,0.4,-0.9,0,0,0,0,0,0,0,0.0,0,0,0,0,0,0,0,0,0,0,0,0,0,0,0,0,0,0,0,0,0,0.00,0,0,0,0,0,0.0,0.0,0.0,0.00,103,100,200,6,191,3,0,0,2.04,1.6,1.010,0,0,871.0,0,0,147,146,43,29,31,12,27,3,45,1,0.0,-1.7
RF,Frank Robinson,Frank,Robinson,New Haven Corsairs,6' 1',185 lbs,R,R,100,Cincinnati Reds,CIN,1961,1961-1979,ME,85521,Perfect,60s Theme Week - Hardware Heroes  RF Frank Robinson  CIN  1961,0,N,0,116,114,126,103,115,121,118,99,136,130,115,113,136,95,111,4,5,Normal,Normal,Normal,1,1,1,1,1,1,1,1,1,1,1,1,16,-,-,-,-,-,-,-,-,-,-,-,1,NEU,90-92,3/4,Normal,1,22,-,-,-,60,45,78,54,107,113,96,-,-,-,-,57,-,136,121,134,106,-,-,-,57,-,136,121,134,71,83,102,85,120,98,405,363,81,55,13,3,10,43,40,36,2,2,0,4,0,86,13,37.2,-0.31,36,-11.5,-0.0,3.99,9,3,0.4,0.6,0,0,0,0,0,0,0,0.0,0,0,0,0,0,0,0,0,0,0,0,0,0,0,0,0,0,0,0,0,0,0.00,0,0,0,0,0,0.0,0.0,0.0,0.00,119,98,221,5,215,1,0,0,2.21,-3.1,.972,0,0,897.0,0,0,175,172,46,31,26,7,34,4,44,1,0.0,0.7
LF,Frank Robinson,Frank,Robinson,Gastonia Peaches,6' 1',185 lbs,R,R,100,Cincinnati Reds,CIN,1961,1961-1979,ME,85521,Perfect,60s Theme Week - Hardware Heroes  RF Frank Robinson  CIN  1961,0,N,0,116,114,126,103,115,121,118,99,136,130,115,113,136,95,111,4,5,Normal,Normal,Normal,1,1,1,1,1,1,1,1,1,1,1,1,16,-,-,-,-,-,-,-,-,-,-,-,1,NEU,90-92,3/4,Normal,1,22,-,-,-,60,45,78,54,107,113,96,-,-,-,-,57,-,136,121,134,106,-,-,-,57,-,136,121,134,71,83,102,85,142,134,531,487,129,83,35,1,10,65,64,38,0,2,0,4,0,123,10,63.1,-0.47,61,-1.8,2.2,4.06,15,4,1.3,1.5,0,0,0,0,0,0,0,0.0,0,0,0,0,0,0,0,0,0,0,0,0,0,0,0,0,0,0,0,0,0,0.00,0,0,0,0,0,0.0,0.0,0.0,0.00,142,134,336,9,324,3,0,0,2.50,3.2,1.006,0,0,1198.1,0,0,255,246,64,47,45,17,43,14,47,0,0.0,0.9
RF,Frank Robinson,Frank,Robinson,Madison Moundsmen - CG,6' 1',185 lbs,R,R,100,Cincinnati Reds,CIN,1961,1961-1979,ME,85521,Perfect,60s Theme Week - Hardware Heroes  RF Frank Robinson  CIN  1961,0,N,0,116,114,126,103,115,121,118,99,136,130,115,113,136,95,111,4,5,Normal,Normal,Normal,1,1,1,1,1,1,1,1,1,1,1,1,16,-,-,-,-,-,-,-,-,-,-,-,1,NEU,90-92,3/4,Normal,1,22,-,-,-,60,45,78,54,107,113,96,-,-,-,-,57,-,136,121,134,106,-,-,-,57,-,136,121,134,71,83,102,85,82,81,329,297,84,47,26,4,7,38,43,24,1,6,0,2,0,60,3,49.5,1.23,47,8.4,1.8,3.91,1,1,-0.5,1.1,0,0,0,0,0,0,0,0.0,0,0,0,0,0,0,0,0,0,0,0,0,0,0,0,0,0,0,0,0,0,0.00,0,0,0,0,0,0.0,0.0,0.0,0.00,79,78,144,3,141,0,0,0,1.87,2.3,1.039,0,0,694.1,0,0,114,114,27,18,20,9,20,0,22,0,0.0,-0.5
2B,Jackie Robinson,Jackie,Robinson,New Platson Grand Petites HotL,5' 11',195 lbs,R,R,100,Brooklyn Dodgers,LAD,1949,1946-1960,ME,84013,Perfect,Celebrating 42 - Historical All-Star  2B Jackie Robinson  BRO  1949,0,N,0,128,126,88,97,140,122,120,82,98,140,130,128,90,97,140,115,112,Line Drive,Spray,Spray,1,1,1,3,1,1,1,3,1,1,1,3,16,-,-,-,-,-,-,-,-,-,-,-,1,NEU,90-92,OTT,Normal,1,1,-,-,-,111,102,89,114,87,103,81,-,-,92,139,119,-,110,-,-,160,-,92,139,119,-,110,-,-,107,104,106,117,144,144,554,495,128,89,26,6,7,54,70,44,1,4,7,3,1,88,15,62.4,-2.22,58,-7.2,2.6,3.87,19,0,4.3,4.6,0,0,0,0,0,0,0,0.0,0,0,0,0,0,0,0,0,0,0,0,0,0,0,0,0,0,0,0,0,0,0.00,0,0,0,0,0,0.0,0.0,0.0,0.00,145,144,605,399,201,5,96,0,4.23,3.8,1.024,0,0,1278.0,0,0,383,372,62,39,39,20,20,7,37,6,0.0,-0.0
3B,Jackie Robinson,Jackie,Robinson,Freedom Grabbers - HotL,5' 11',195 lbs,R,R,100,Brooklyn Dodgers,LAD,1949,1946-1960,ME,84013,Perfect,Celebrating 42 - Historical All-Star  2B Jackie Robinson  BRO  1949,0,N,0,128,126,88,97,140,122,120,82,98,140,130,128,90,97,140,115,112,Line Drive,Spray,Spray,1,1,1,3,1,1,1,3,1,1,1,3,16,-,-,-,-,-,-,-,-,-,-,-,1,NEU,90-92,OTT,Normal,1,1,-,-,-,111,102,89,114,87,103,81,-,-,92,139,119,-,110,-,-,160,-,92,139,119,-,110,-,-,107,104,106,117,141,141,595,545,137,97,28,5,7,58,71,40,0,8,0,2,0,104,6,63.0,-0.79,59,-10.7,1.5,3.77,16,7,-0.1,4.6,0,0,0,0,0,0,0,0.0,0,0,0,0,0,0,0,0,0,0,0,0,0,0,0,0,0,0,0,0,0,0.00,0,0,0,0,0,0.0,0.0,0.0,0.00,142,141,411,295,101,15,34,0,2.86,-0.9,1.002,0,0,1244.0,0,0,356,331,44,36,25,9,16,4,17,1,0.0,0.0
2B,Jackie Robinson,Jackie,Robinson,Barnstable Beasts,5' 11',195 lbs,R,R,100,Brooklyn Dodgers,LAD,1949,1946-1960,ME,84013,Perfect,Celebrating 42 - Historical All-Star  2B Jackie Robinson  BRO  1949,0,N,0,128,126,88,97,140,122,120,82,98,140,130,128,90,97,140,115,112,Line Drive,Spray,Spray,1,1,1,3,1,1,1,3,1,1,1,3,16,-,-,-,-,-,-,-,-,-,-,-,1,NEU,90-92,OTT,Normal,1,1,-,-,-,111,102,89,114,87,103,81,-,-,92,139,119,-,110,-,-,160,-,92,139,119,-,110,-,-,107,104,106,117,123,90,366,338,87,64,16,2,5,32,30,22,0,1,1,4,0,68,4,38.2,-0.32,34,-8.8,0.8,3.94,10,3,0.7,2.1,0,0,0,0,0,0,0,0.0,0,0,0,0,0,0,0,0,0,0,0,0,0,0,0,0,0,0,0,0,0,0.00,0,0,0,0,0,0.0,0.0,0.0,0.00,122,90,332,177,149,6,48,0,3.40,1.4,1.002,0,0,863.0,0,0,196,186,32,24,28,17,29,7,21,4,0.0,-0.6
2B,Jackie Robinson,Jackie,Robinson,Waltham River Otters,5' 11',195 lbs,R,R,100,Brooklyn Dodgers,LAD,1949,1946-1960,ME,84013,Perfect,Celebrating 42 - Historical All-Star  2B Jackie Robinson  BRO  1949,0,N,0,128,126,88,97,140,122,120,82,98,140,130,128,90,97,140,115,112,Line Drive,Spray,Spray,1,1,1,3,1,1,1,3,1,1,1,3,16,-,-,-,-,-,-,-,-,-,-,-,1,NEU,90-92,OTT,Normal,1,1,-,-,-,111,102,89,114,87,103,81,-,-,92,139,119,-,110,-,-,160,-,92,139,119,-,110,-,-,107,104,106,117,93,73,291,265,63,42,16,3,2,24,31,14,0,3,8,1,0,68,3,28.0,-0.01,22,-12.2,0.5,3.94,14,1,2.8,1.2,0,0,0,0,0,0,0,0.0,0,0,0,0,0,0,0,0,0,0,0,0,0,0,0,0,0,0,0,0,0,0.00,0,0,0,0,0,0.0,0.0,0.0,0.00,91,73,285,192,90,3,46,0,3.82,3.6,1.034,0,0,664.2,0,0,173,163,28,22,9,9,17,7,15,3,0.0,0.1
2B,Jackie Robinson,Jackie,Robinson,Englewood Pirates,5' 11',195 lbs,R,R,100,Brooklyn Dodgers,LAD,1949,1946-1960,ME,84013,Perfect,Celebrating 42 - Historical All-Star  2B Jackie Robinson  BRO  1949,0,N,0,128,126,88,97,140,122,120,82,98,140,130,128,90,97,140,115,112,Line Drive,Spray,Spray,1,1,1,3,1,1,1,3,1,1,1,3,16,-,-,-,-,-,-,-,-,-,-,-,1,NEU,90-92,OTT,Normal,1,1,-,-,-,111,102,89,114,87,103,81,-,-,92,139,119,-,110,-,-,160,-,92,139,119,-,110,-,-,107,104,106,117,135,132,585,526,102,72,21,4,5,25,58,49,0,5,3,2,0,135,9,41.0,-3.16,34,-34.8,-0.9,3.97,12,5,0.0,3.3,0,0,0,0,0,0,0,0.0,0,0,0,0,0,0,0,0,0,0,0,0,0,0,0,0,0,0,0,0,0,0.00,0,0,0,0,0,0.0,0.0,0.0,0.00,134,132,575,364,198,13,94,0,4.33,0.8,.999,0,0,1169.1,0,0,366,351,44,33,27,10,34,14,23,2,0.0,0.0
2B,Jackie Robinson,Jackie,Robinson,Washington Border Collies,5' 11',195 lbs,R,R,100,Brooklyn Dodgers,LAD,1949,1946-1960,ME,84013,Perfect,Celebrating 42 - Historical All-Star  2B Jackie Robinson  BRO  1949,0,N,0,128,126,88,97,140,122,120,82,98,140,130,128,90,97,140,115,112,Line Drive,Spray,Spray,1,1,1,3,1,1,1,3,1,1,1,3,16,-,-,-,-,-,-,-,-,-,-,-,1,NEU,90-92,OTT,Normal,1,1,-,-,-,111,102,89,114,87,103,81,-,-,92,139,119,-,110,-,-,160,-,92,139,119,-,110,-,-,107,104,106,117,141,141,663,611,151,101,32,3,15,72,67,36,0,7,1,8,0,142,15,67.1,-0.69,64,-13.7,0.9,4.00,11,5,-0.3,2.8,0,0,0,0,0,0,0,0.0,0,0,0,0,0,0,0,0,0,0,0,0,0,0,0,0,0,0,0,0,0,0.00,0,0,0,0,0,0.0,0.0,0.0,0.00,141,141,615,400,206,9,93,0,4.25,0.5,1.013,0,0,1282.0,0,0,391,371,64,45,33,16,28,10,30,2,0.0,0.0
2B,Jackie Robinson,Jackie,Robinson,Madison Mashers - CG,5' 11',195 lbs,R,R,100,Brooklyn Dodgers,LAD,1949,1946-1960,ME,84013,Perfect,Celebrating 42 - Historical All-Star  2B Jackie Robinson  BRO  1949,0,N,0,128,126,88,97,140,122,120,82,98,140,130,128,90,97,140,115,112,Line Drive,Spray,Spray,1,1,1,3,1,1,1,3,1,1,1,3,16,-,-,-,-,-,-,-,-,-,-,-,1,NEU,90-92,OTT,Normal,1,1,-,-,-,111,102,89,114,87,103,81,-,-,92,139,119,-,110,-,-,160,-,92,139,119,-,110,-,-,107,104,106,117,94,80,335,306,93,68,15,4,6,33,55,26,0,1,1,1,0,57,3,48.4,1.36,47,7.8,2.3,3.93,3,4,-1.6,4.1,0,0,0,0,0,0,0,0.0,0,0,0,0,0,0,0,0,0,0,0,0,0,0,0,0,0,0,0,0,0,0.00,0,0,0,0,0,0.0,0.0,0.0,0.00,85,80,319,214,96,9,46,0,3.87,0.3,.994,0,0,721.0,0,0,207,199,29,21,26,14,16,4,16,2,0.0,0.0
2B,Jackie Robinson,Jackie,Robinson,Canterbury Tails,5' 11',195 lbs,R,R,100,Brooklyn Dodgers,LAD,1949,1946-1960,ME,84013,Perfect,Celebrating 42 - Historical All-Star  2B Jackie Robinson  BRO  1949,0,N,0,128,126,88,97,140,122,120,82,98,140,130,128,90,97,140,115,112,Line Drive,Spray,Spray,1,1,1,3,1,1,1,3,1,1,1,3,16,-,-,-,-,-,-,-,-,-,-,-,1,NEU,90-92,OTT,Normal,1,1,-,-,-,111,102,89,114,87,103,81,-,-,92,139,119,-,110,-,-,160,-,92,139,119,-,110,-,-,107,104,106,117,127,104,437,375,101,68,25,1,7,36,50,33,0,3,24,2,0,69,5,52.5,-0.05,46,-5.7,1.3,3.71,9,2,0.9,2.4,0,0,0,0,0,0,0,0.0,0,0,0,0,0,0,0,0,0,0,0,0,0,0,0,0,0,0,0,0,0,0.00,0,0,0,0,0,0.0,0.0,0.0,0.00,124,104,432,270,156,6,66,0,4.04,-1.1,.992,0,0,949.0,0,0,267,248,36,28,32,14,15,7,26,4,0.0,0.0
2B,Jackie Robinson,Jackie,Robinson,Houston Swangas,5' 11',195 lbs,R,R,100,Brooklyn Dodgers,LAD,1949,1946-1960,ME,84013,Perfect,Celebrating 42 - Historical All-Star  2B Jackie Robinson  BRO  1949,0,N,0,128,126,88,97,140,122,120,82,98,140,130,128,90,97,140,115,112,Line Drive,Spray,Spray,1,1,1,3,1,1,1,3,1,1,1,3,16,-,-,-,-,-,-,-,-,-,-,-,1,NEU,90-92,OTT,Normal,1,1,-,-,-,111,102,89,114,87,103,81,-,-,92,139,119,-,110,-,-,160,-,92,139,119,-,110,-,-,107,104,106,117,78,17,80,67,17,12,4,0,1,11,9,7,0,1,5,0,0,14,0,8.3,0.09,7,-1.8,-0.2,3.69,3,3,-0.9,0.7,0,0,0,0,0,0,0,0.0,0,0,0,0,0,0,0,0,0,0,0,0,0,0,0,0,0,0,0,0,0,0.00,0,0,0,0,0,0.0,0.0,0.0,0.00,82,17,94,48,39,7,5,0,3.20,-2.1,.926,0,0,245.0,0,0,66,60,13,11,8,3,3,0,6,0,0.0,-0.4
2B,Jackie Robinson,Jackie,Robinson,Maple Madness,5' 11',195 lbs,R,R,100,Brooklyn Dodgers,LAD,1949,1946-1960,ME,84013,Perfect,Celebrating 42 - Historical All-Star  2B Jackie Robinson  BRO  1949,0,N,0,128,126,88,97,140,122,120,82,98,140,130,128,90,97,140,115,112,Line Drive,Spray,Spray,1,1,1,3,1,1,1,3,1,1,1,3,16,-,-,-,-,-,-,-,-,-,-,-,1,NEU,90-92,OTT,Normal,1,1,-,-,-,111,102,89,114,87,103,81,-,-,92,139,119,-,110,-,-,160,-,92,139,119,-,110,-,-,107,104,106,117,126,89,344,320,76,49,17,1,9,38,51,14,0,2,3,5,0,73,9,31.3,0.19,29,-11.5,0.5,3.87,5,2,0.0,0.4,0,0,0,0,0,0,0,0.0,0,0,0,0,0,0,0,0,0,0,0,0,0,0,0,0,0,0,0,0,0,0.00,0,0,0,0,0,0.0,0.0,0.0,0.00,120,89,382,253,120,9,58,0,3.98,3.0,1.023,0,0,844.0,0,0,240,227,33,23,22,17,17,7,25,3,0.0,0.0
2B,Jackie Robinson,Jackie,Robinson,Rockford Peaches,5' 11',195 lbs,R,R,100,Brooklyn Dodgers,LAD,1949,1946-1960,ME,84013,Perfect,Celebrating 42 - Historical All-Star  2B Jackie Robinson  BRO  1949,0,N,0,128,126,88,97,140,122,120,82,98,140,130,128,90,97,140,115,112,Line Drive,Spray,Spray,1,1,1,3,1,1,1,3,1,1,1,3,16,-,-,-,-,-,-,-,-,-,-,-,1,NEU,90-92,OTT,Normal,1,1,-,-,-,111,102,89,114,87,103,81,-,-,92,139,119,-,110,-,-,160,-,92,139,119,-,110,-,-,107,104,106,117,147,143,604,555,154,107,33,3,11,63,81,35,0,6,3,5,0,97,6,75.8,1.52,71,-0.6,3.5,3.74,13,4,0.7,2.8,0,0,0,0,0,0,0,0.0,0,0,0,0,0,0,0,0,0,0,0,0,0,0,0,0,0,0,0,0,0,0.00,0,0,0,0,0,0.0,0.0,0.0,0.00,145,141,555,342,211,2,77,0,3.93,9.1,1.033,0,0,1265.1,0,0,358,344,48,37,40,27,23,15,30,3,0.0,-0.0
2B,Jackie Robinson,Jackie,Robinson,Everett Aquasox,5' 11',195 lbs,R,R,100,Brooklyn Dodgers,LAD,1949,1946-1960,ME,84013,Perfect,Celebrating 42 - Historical All-Star  2B Jackie Robinson  BRO  1949,0,N,0,128,126,88,97,140,122,120,82,98,140,130,128,90,97,140,115,112,Line Drive,Spray,Spray,1,1,1,3,1,1,1,3,1,1,1,3,16,-,-,-,-,-,-,-,-,-,-,-,1,NEU,90-92,OTT,Normal,1,1,-,-,-,111,102,89,114,87,103,81,-,-,92,139,119,-,110,-,-,160,-,92,139,119,-,110,-,-,107,104,106,117,94,70,289,264,61,40,15,3,3,29,34,22,0,0,0,3,0,49,3,27.3,-0.80,24,-9.7,0.3,3.87,1,0,0.1,2.2,0,0,0,0,0,0,0,0.0,0,0,0,0,0,0,0,0,0,0,0,0,0,0,0,0,0,0,0,0,0,0.00,0,0,0,0,0,0.0,0.0,0.0,0.00,98,70,442,128,309,5,42,0,5.85,1.9,1.014,0,0,672.2,0,0,171,164,22,18,10,5,9,2,13,3,0.0,0.0
2B,Jackie Robinson,Jackie,Robinson,Webster Groves Supercells,5' 11',195 lbs,R,R,100,Brooklyn Dodgers,LAD,1949,1946-1960,ME,84013,Perfect,Celebrating 42 - Historical All-Star  2B Jackie Robinson  BRO  1949,0,N,0,128,126,88,97,140,122,120,82,98,140,130,128,90,97,140,115,112,Line Drive,Spray,Spray,1,1,1,3,1,1,1,3,1,1,1,3,16,-,-,-,-,-,-,-,-,-,-,-,1,NEU,90-92,OTT,Normal,1,1,-,-,-,111,102,89,114,87,103,81,-,-,92,139,119,-,110,-,-,160,-,92,139,119,-,110,-,-,107,104,106,117,143,143,564,512,133,110,16,3,4,57,62,42,1,5,1,4,0,104,11,55.6,-0.72,52,-14.2,1.3,3.88,14,3,1.4,4.2,0,0,0,0,0,0,0,0.0,0,0,0,0,0,0,0,0,0,0,0,0,0,0,0,0,0,0,0,0,0,0.00,0,0,0,0,0,0.0,0.0,0.0,0.00,143,143,589,347,230,12,87,0,4.09,1.6,1.005,0,0,1270.0,0,0,365,352,51,33,26,15,21,8,25,3,0.0,0.0
LF,Jackie Robinson,Jackie,Robinson,New Haven Corsairs,5' 11',195 lbs,R,R,100,Brooklyn Dodgers,LAD,1949,1946-1960,ME,84013,Perfect,Celebrating 42 - Historical All-Star  2B Jackie Robinson  BRO  1949,0,N,0,128,126,88,97,140,122,120,82,98,140,130,128,90,97,140,115,112,Line Drive,Spray,Spray,1,1,1,3,1,1,1,3,1,1,1,3,16,-,-,-,-,-,-,-,-,-,-,-,1,NEU,90-92,OTT,Normal,1,1,-,-,-,111,102,89,114,87,103,81,-,-,92,139,119,-,110,-,-,160,-,92,139,119,-,110,-,-,107,104,106,117,132,114,485,436,102,75,17,3,7,49,48,34,0,3,8,4,0,106,6,45.0,-1.30,39,-18.2,-0.1,3.95,19,6,1.3,1.0,0,0,0,0,0,0,0,0.0,0,0,0,0,0,0,0,0,0,0,0,0,0,0,0,0,0,0,0,0,0,0.00,0,0,0,0,0,0.0,0.0,0.0,0.00,147,114,360,37,319,4,12,0,3.14,4.6,1.012,0,0,1021.1,0,0,183,181,43,33,22,13,24,1,26,2,0.0,-0.2
2B,Jackie Robinson,Jackie,Robinson,Gastonia Peaches,5' 11',195 lbs,R,R,100,Brooklyn Dodgers,LAD,1949,1946-1960,ME,84013,Perfect,Celebrating 42 - Historical All-Star  2B Jackie Robinson  BRO  1949,0,N,0,128,126,88,97,140,122,120,82,98,140,130,128,90,97,140,115,112,Line Drive,Spray,Spray,1,1,1,3,1,1,1,3,1,1,1,3,16,-,-,-,-,-,-,-,-,-,-,-,1,NEU,90-92,OTT,Normal,1,1,-,-,-,111,102,89,114,87,103,81,-,-,92,139,119,-,110,-,-,160,-,92,139,119,-,110,-,-,107,104,106,117,91,37,189,178,39,29,9,1,0,12,13,6,0,1,2,2,0,42,0,13.2,-1.15,8,-13.9,-0.8,3.95,5,2,0.1,1.2,0,0,0,0,0,0,0,0.0,0,0,0,0,0,0,0,0,0,0,0,0,0,0,0,0,0,0,0,0,0,0.00,0,0,0,0,0,0.0,0.0,0.0,0.00,106,37,179,61,113,5,21,0,3.43,-0.0,1.000,0,0,457.0,0,0,104,98,13,10,14,7,8,1,15,0,0.0,-0.7
2B,Jackie Robinson,Jackie,Robinson,Madison Moundsmen - CG,5' 11',195 lbs,R,R,100,Brooklyn Dodgers,LAD,1949,1946-1960,ME,84013,Perfect,Celebrating 42 - Historical All-Star  2B Jackie Robinson  BRO  1949,0,N,0,128,126,88,97,140,122,120,82,98,140,130,128,90,97,140,115,112,Line Drive,Spray,Spray,1,1,1,3,1,1,1,3,1,1,1,3,16,-,-,-,-,-,-,-,-,-,-,-,1,NEU,90-92,OTT,Normal,1,1,-,-,-,111,102,89,114,87,103,81,-,-,92,139,119,-,110,-,-,160,-,92,139,119,-,110,-,-,107,104,106,117,102,97,369,338,101,69,24,2,6,48,43,25,0,4,0,2,0,60,11,52.0,1.00,51,7.5,2.4,3.83,11,0,2.4,2.2,0,0,0,0,0,0,0,0.0,0,0,0,0,0,0,0,0,0,0,0,0,0,0,0,0,0,0,0,0,0,0.00,0,0,0,0,0,0.0,0.0,0.0,0.00,101,97,415,247,155,13,71,0,4.17,-2.2,.984,0,0,866.2,0,0,250,234,30,22,20,11,21,6,19,0,0.0,0.0
2B,Jackie Robinson,Jackie,Robinson,Shibuya Shredders - GH,5' 11',195 lbs,R,R,100,Brooklyn Dodgers,LAD,1949,1946-1960,ME,84013,Perfect,Celebrating 42 - Historical All-Star  2B Jackie Robinson  BRO  1949,0,N,0,128,126,88,97,140,122,120,82,98,140,130,128,90,97,140,115,112,Line Drive,Spray,Spray,1,1,1,3,1,1,1,3,1,1,1,3,16,-,-,-,-,-,-,-,-,-,-,-,1,NEU,90-92,OTT,Normal,1,1,-,-,-,111,102,89,114,87,103,81,-,-,92,139,119,-,110,-,-,160,-,92,139,119,-,110,-,-,107,104,106,117,83,73,313,282,68,48,12,1,7,29,41,22,0,4,2,3,0,50,4,33.0,-0.39,30,-6.8,1.3,4.00,15,4,1.4,2.5,0,0,0,0,0,0,0,0.0,0,0,0,0,0,0,0,0,0,0,0,0,0,0,0,0,0,0,0,0,0,0.00,0,0,0,0,0,0.0,0.0,0.0,0.00,80,73,265,192,69,4,28,0,3.60,4.3,1.026,0,0,652.0,0,0,197,190,25,20,21,14,16,7,9,0,0.0,0.0
2B,Jackie Robinson,Jackie,Robinson,Berlin Speed Dealers SoM,5' 11',195 lbs,R,R,100,Brooklyn Dodgers,LAD,1949,1946-1960,ME,84013,Perfect,Celebrating 42 - Historical All-Star  2B Jackie Robinson  BRO  1949,0,N,0,128,126,88,97,140,122,120,82,98,140,130,128,90,97,140,115,112,Line Drive,Spray,Spray,1,1,1,3,1,1,1,3,1,1,1,3,16,-,-,-,-,-,-,-,-,-,-,-,1,NEU,90-92,OTT,Normal,1,1,-,-,-,111,102,89,114,87,103,81,-,-,92,139,119,-,110,-,-,160,-,92,139,119,-,110,-,-,107,104,106,117,113,65,278,239,53,41,8,1,3,24,21,27,0,2,6,4,0,46,9,22.7,-1.27,21,-11.8,-0.5,3.84,3,0,0.5,0.3,0,0,0,0,0,0,0,0.0,0,0,0,0,0,0,0,0,0,0,0,0,0,0,0,0,0,0,0,0,0,0.00,0,0,0,0,0,0.0,0.0,0.0,0.00,130,65,499,72,419,8,37,0,6.95,0.5,.979,0,0,635.2,0,0,149,141,23,19,9,5,8,5,6,0,0.0,0.3
SS,Alex Rodriguez,Alex,Rodriguez,Laffy Comedians - CG,6' 3',225 lbs,R,R,101,Texas Rangers,TEX,2003,1993-2004,BBR,86465,Perfect,Baseball Reference 7  SS Alex Rodriguez  TEX  2003,0,N,0,107,92,172,146,97,114,98,183,172,92,105,90,168,138,99,3,4,Normal,Pull,Pull,1,1,1,2,1,1,1,2,1,1,1,2,16,-,-,-,-,-,-,-,-,-,-,-,1,NEU,89-91,3/4,Normal,1,10,-,-,-,102,122,106,107,2,5,1,-,-,-,-,132,124,-,-,-,163,-,-,-,132,124,-,-,-,89,72,96,93,56,53,219,205,50,35,4,1,10,24,30,14,0,0,0,0,0,50,9,22.2,-0.61,24,-1.9,0.5,3.87,1,1,-0.4,0.3,0,0,0,0,0,0,0,0.0,0,0,0,0,0,0,0,0,0,0,0,0,0,0,0,0,0,0,0,0,0,0.00,0,0,0,0,0,0.0,0.0,0.0,0.00,45,42,103,81,18,4,6,0,2.36,-0.2,1.013,0,0,377.2,0,0,92,86,11,9,3,0,6,0,7,1,0.0,0.0
SS,Alex Rodriguez,Alex,Rodriguez,Tampa Bay Yankees 22,6' 3',225 lbs,R,R,101,Texas Rangers,TEX,2003,1993-2004,BBR,86465,Perfect,Baseball Reference 7  SS Alex Rodriguez  TEX  2003,0,N,0,107,92,172,146,97,114,98,183,172,92,105,90,168,138,99,3,4,Normal,Pull,Pull,1,1,1,2,1,1,1,2,1,1,1,2,16,-,-,-,-,-,-,-,-,-,-,-,1,NEU,89-91,3/4,Normal,1,10,-,-,-,102,122,106,107,2,5,1,-,-,-,-,2,124,-,-,-,163,-,-,-,132,124,-,-,-,89,72,96,93,81,81,356,320,70,46,15,0,9,37,42,32,0,3,0,1,0,78,6,33.6,-1.46,32,-9.3,0.2,4.15,1,1,-0.5,1.2,0,0,0,0,0,0,0,0.0,0,0,0,0,0,0,0,0,0,0,0,0,0,0,0,0,0,0,0,0,0,0.00,0,0,0,0,0,0.0,0.0,0.0,0.00,67,67,262,167,89,6,34,0,3.82,-3.4,.975,0,0,603.0,0,0,183,166,33,23,18,8,14,6,7,0,0.0,0.0
SS,Alex Rodriguez,Alex,Rodriguez,Phoenix Mango Slush - HOTL,6' 3',225 lbs,R,R,101,Texas Rangers,TEX,2003,1993-2004,BBR,86465,Perfect,Baseball Reference 7  SS Alex Rodriguez  TEX  2003,0,N,0,107,92,172,146,97,114,98,183,172,92,105,90,168,138,99,3,4,Normal,Pull,Pull,1,1,1,2,1,1,1,2,1,1,1,2,16,-,-,-,-,-,-,-,-,-,-,-,1,NEU,89-91,3/4,Normal,1,10,-,-,-,102,122,106,107,2,5,1,-,-,-,-,-,124,-,-,-,163,-,-,-,132,124,-,-,-,89,72,96,93,120,109,509,451,117,82,17,1,17,61,63,52,1,3,0,3,0,119,8,64.8,0.66,64,4.4,2.0,4.01,7,4,-0.7,-0.3,0,0,0,0,0,0,0,0.0,0,0,0,0,0,0,0,0,0,0,0,0,0,0,0,0,0,0,0,0,0,0.00,0,0,0,0,0,0.0,0.0,0.0,0.00,111,104,390,249,129,12,69,0,3.61,-4.6,.967,0,0,943.1,1,0,243,223,30,17,30,14,19,11,24,2,0.0,0.0
SS,Alex Rodriguez,Alex,Rodriguez,Shakedown 1977 Microbus TTC - GH,6' 3',225 lbs,R,R,101,Texas Rangers,TEX,2003,1993-2004,BBR,86465,Perfect,Baseball Reference 7  SS Alex Rodriguez  TEX  2003,0,N,0,107,92,172,146,97,114,98,183,172,92,105,90,168,138,99,3,4,Normal,Pull,Pull,1,1,1,2,1,1,1,2,1,1,1,2,16,-,-,-,-,-,-,-,-,-,-,-,1,NEU,89-91,3/4,Normal,1,10,-,-,-,102,122,106,107,2,5,1,-,-,-,-,-,124,-,-,-,163,-,-,-,132,124,-,-,-,89,72,96,93,144,143,621,528,120,70,18,1,31,83,75,81,0,7,1,4,0,141,10,80.7,-0.14,83,10.2,3.4,4.11,10,8,-2.1,0.2,0,0,0,0,0,0,0,0.0,0,0,0,0,0,0,0,0,0,0,0,0,0,0,0,0,0,0,0,0,0,0.00,0,0,0,0,0,0.0,0.0,0.0,0.00,144,143,520,323,185,12,82,0,3.69,-0.5,.976,0,0,1240.2,0,0,330,312,49,39,44,27,27,8,25,2,0.0,-0.0
3B,Scott Rolen,Scott,Rolen,New Platson Grand Petites HotL,6' 4',235 lbs,R,R,101,St. Louis Cardinals,STL,2002,1993-2004,HOF,86405,Perfect,Trade Deadliners - Hall of Fame  3B Scott Rolen  STL  2002,0,N,0,130,108,131,145,118,161,122,112,225,110,120,104,138,118,121,5,2,Groundball,Normal,Normal,1,1,1,7,1,1,1,7,1,1,1,7,16,-,-,-,-,-,-,-,-,-,-,-,1,GB,91-93,OTT,GB'er,1,20,-,-,-,116,108,120,76,6,8,3,-,-,-,-,137,-,-,-,-,163,-,-,-,137,-,-,-,-,76,42,67,94,143,143,650,571,163,108,34,1,20,87,95,72,0,7,0,0,0,119,8,99.5,4.15,100,23.3,4.6,4.08,1,3,-1.9,3.5,0,0,0,0,0,0,0,0.0,0,0,0,0,0,0,0,0,0,0,0,0,0,0,0,0,0,0,0,0,0,0.00,0,0,0,0,0,0.0,0.0,0.0,0.00,143,143,435,313,103,19,23,0,2.97,-1.1,.990,0,0,1260.2,0,0,373,347,45,36,30,17,17,5,33,0,0.0,0.0
3B,Scott Rolen,Scott,Rolen,Everett Aqua Sox,6' 4',235 lbs,R,R,101,St. Louis Cardinals,STL,2002,1993-2004,HOF,86405,Perfect,Trade Deadliners - Hall of Fame  3B Scott Rolen  STL  2002,0,N,0,130,108,131,145,118,161,122,112,225,110,120,104,138,118,121,5,2,Groundball,Normal,Normal,1,1,1,7,1,1,1,7,1,1,1,7,16,-,-,-,-,-,-,-,-,-,-,-,1,GB,91-93,OTT,GB'er,1,20,-,-,-,116,108,120,76,6,8,3,-,-,-,-,137,-,-,-,-,163,-,-,-,137,-,-,-,-,76,42,67,94,144,142,596,530,144,99,29,1,15,75,65,58,0,2,0,6,0,114,11,77.5,-0.10,77,6.4,3.8,3.90,1,0,-0.2,4.1,0,0,0,0,0,0,0,0.0,0,0,0,0,0,0,0,0,0,0,0,0,0,0,0,0,0,0,0,0,0,0.00,0,0,0,0,0,0.0,0.0,0.0,0.00,142,142,460,364,83,13,32,0,3.21,6.0,1.033,0,0,1251.1,0,0,379,360,51,37,41,24,21,7,28,2,0.0,0.0
3B,Scott Rolen,Scott,Rolen,Barnstable Beasts,6' 4',235 lbs,R,R,101,St. Louis Cardinals,STL,2002,1993-2004,HOF,86405,Perfect,Trade Deadliners - Hall of Fame  3B Scott Rolen  STL  2002,0,N,0,130,108,131,145,118,161,122,112,225,110,120,104,138,118,121,5,2,Groundball,Normal,Normal,1,1,1,7,1,1,1,7,1,1,1,7,16,-,-,-,-,-,-,-,-,-,-,-,1,GB,91-93,OTT,GB'er,1,20,-,-,-,116,108,120,76,6,8,3,-,-,-,-,137,-,-,-,-,163,-,-,-,137,-,-,-,-,76,42,67,94,156,141,600,540,126,75,40,1,10,59,67,48,0,4,0,7,1,130,10,60.5,-1.91,57,-13.7,1.4,4.00,1,0,-0.1,0.3,0,0,0,0,0,0,0,0.0,0,0,0,0,0,0,0,0,0,0,0,0,0,0,0,0,0,0,0,0,0,0.00,0,0,0,0,0,0.0,0.0,0.0,0.00,153,141,449,353,78,18,31,0,3.03,3.7,1.018,0,0,1279.1,0,0,362,343,58,44,32,17,29,9,17,1,0.0,0.0
3B,Scott Rolen,Scott,Rolen,Waltham River Otters,6' 4',235 lbs,R,R,101,St. Louis Cardinals,STL,2002,1993-2004,HOF,86405,Perfect,Trade Deadliners - Hall of Fame  3B Scott Rolen  STL  2002,0,N,0,130,108,131,145,118,161,122,112,225,110,120,104,138,118,121,5,2,Groundball,Normal,Normal,1,1,1,7,1,1,1,7,1,1,1,7,16,-,-,-,-,-,-,-,-,-,-,-,1,GB,91-93,OTT,GB'er,1,20,-,-,-,116,108,120,76,6,8,3,-,-,-,-,137,-,-,-,-,163,-,-,-,137,-,-,-,-,76,42,67,94,91,80,355,317,83,56,16,0,11,41,43,33,0,2,1,2,0,70,10,43.7,-1.90,44,2.6,1.5,3.92,2,0,0.2,-0.1,0,0,0,0,0,0,0,0.0,0,0,0,0,0,0,0,0,0,0,0,0,0,0,0,0,0,0,0,0,0,0.00,0,0,0,0,0,0.0,0.0,0.0,0.00,77,72,223,167,49,7,16,0,3.03,2.7,1.026,0,0,641.2,0,0,187,176,24,18,16,11,8,3,11,1,0.0,0.0
3B,Scott Rolen,Scott,Rolen,Sharpstown Bill Collectors,6' 4',235 lbs,R,R,101,St. Louis Cardinals,STL,2002,1993-2004,HOF,86405,Perfect,Trade Deadliners - Hall of Fame  3B Scott Rolen  STL  2002,0,N,0,130,108,131,145,118,161,122,112,225,110,120,104,138,118,121,5,2,Groundball,Normal,Normal,1,1,1,7,1,1,1,7,1,1,1,7,16,-,-,-,-,-,-,-,-,-,-,-,1,GB,91-93,OTT,GB'er,1,20,-,-,-,116,108,120,76,6,8,3,-,-,-,-,137,-,-,-,-,163,-,-,-,137,-,-,-,-,76,42,67,94,109,74,344,303,89,61,15,0,13,46,46,36,0,3,0,2,0,68,7,54.4,0.15,54,13.8,3.2,4.12,1,0,-0.1,1.2,0,0,0,0,0,0,0,0.0,0,0,0,0,0,0,0,0,0,0,0,0,0,0,0,0,0,0,0,0,0,0.00,0,0,0,0,0,0.0,0.0,0.0,0.00,106,74,237,179,53,5,19,0,2.91,4.2,1.028,0,0,717.2,0,0,199,192,26,20,16,11,10,3,16,1,0.0,0.0
3B,Scott Rolen,Scott,Rolen,Alexandria SafeZone,6' 4',235 lbs,R,R,101,St. Louis Cardinals,STL,2002,1993-2004,HOF,86405,Perfect,Trade Deadliners - Hall of Fame  3B Scott Rolen  STL  2002,0,N,0,130,108,131,145,118,161,122,112,225,110,120,104,138,118,121,5,2,Groundball,Normal,Normal,1,1,1,7,1,1,1,7,1,1,1,7,16,-,-,-,-,-,-,-,-,-,-,-,1,GB,91-93,OTT,GB'er,1,20,-,-,-,116,108,120,76,6,8,3,-,-,-,-,137,-,-,-,-,163,-,-,-,137,-,-,-,-,76,42,67,94,143,140,657,582,142,96,28,1,17,66,75,65,0,2,0,8,0,145,13,72.7,-0.78,72,-5.5,2.5,4.05,1,1,-0.8,2.4,0,0,0,0,0,0,0,0.0,0,0,0,0,0,0,0,0,0,0,0,0,0,0,0,0,0,0,0,0,0,0.00,0,0,0,0,0,0.0,0.0,0.0,0.00,141,140,440,321,105,14,29,0,3.06,5.5,1.031,0,0,1254.1,0,0,373,355,49,39,29,17,30,8,24,0,0.0,0.0
3B,Scott Rolen,Scott,Rolen,Tampa Bay Yankees 22,6' 4',235 lbs,R,R,101,St. Louis Cardinals,STL,2002,1993-2004,HOF,86405,Perfect,Trade Deadliners - Hall of Fame  3B Scott Rolen  STL  2002,0,N,0,130,108,131,145,118,161,122,112,225,110,120,104,138,118,121,5,2,Groundball,Normal,Normal,1,1,1,7,1,1,1,7,1,1,1,7,16,-,-,-,-,-,-,-,-,-,-,-,1,GB,91-93,OTT,GB'er,1,20,-,-,-,116,108,120,76,6,8,3,-,-,-,-,137,-,-,-,-,163,-,-,-,137,-,-,-,-,76,42,67,94,111,105,438,388,84,59,14,2,9,38,47,47,1,1,0,2,0,88,15,37.7,-2.12,39,-12.9,0.9,3.97,0,1,-0.8,1.7,0,0,0,0,0,0,0,0.0,0,0,0,0,0,0,0,0,0,0,0,0,0,0,0,0,0,0,0,0,0,0.00,0,0,0,0,0,0.0,0.0,0.0,0.00,110,105,337,254,70,13,21,0,3.03,5.2,1.030,0,0,963.2,0,0,277,262,34,25,19,13,9,4,18,4,0.0,0.0
3B,Scott Rolen,Scott,Rolen,Madison Mashers - CG,6' 4',235 lbs,R,R,101,St. Louis Cardinals,STL,2002,1993-2004,HOF,86405,Perfect,Trade Deadliners - Hall of Fame  3B Scott Rolen  STL  2002,0,N,0,130,108,131,145,118,161,122,112,225,110,120,104,138,118,121,5,2,Groundball,Normal,Normal,1,1,1,7,1,1,1,7,1,1,1,7,16,-,-,-,-,-,-,-,-,-,-,-,1,GB,91-93,OTT,GB'er,1,20,-,-,-,116,108,120,76,6,8,3,-,-,-,-,137,-,-,-,-,163,-,-,-,137,-,-,-,-,76,42,67,94,142,142,586,503,141,97,24,1,19,65,81,75,1,4,0,4,0,139,12,87.2,1.90,88,19.5,5.0,4.12,1,1,-0.8,-0.2,0,0,0,0,0,0,0,0.0,0,0,0,0,0,0,0,0,0,0,0,0,0,0,0,0,0,0,0,0,0,0.00,0,0,0,0,0,0.0,0.0,0.0,0.00,142,142,406,287,114,5,19,0,2.85,9.2,1.064,0,0,1265.1,0,0,343,330,44,39,21,11,13,2,22,1,0.0,0.0
3B,Scott Rolen,Scott,Rolen,Canterbury Tails,6' 4',235 lbs,R,R,101,St. Louis Cardinals,STL,2002,1993-2004,HOF,86405,Perfect,Trade Deadliners - Hall of Fame  3B Scott Rolen  STL  2002,0,N,0,130,108,131,145,118,161,122,112,225,110,120,104,138,118,121,5,2,Groundball,Normal,Normal,1,1,1,7,1,1,1,7,1,1,1,7,16,-,-,-,-,-,-,-,-,-,-,-,1,GB,91-93,OTT,GB'er,1,20,-,-,-,116,108,120,76,6,8,3,-,-,-,-,137,-,-,-,-,163,-,-,-,137,-,-,-,-,76,42,67,94,149,143,602,547,148,98,37,1,12,60,76,49,1,2,0,4,0,125,12,74.0,0.23,72,1.6,2.9,4.08,0,0,0.0,2.1,0,0,0,0,0,0,0,0.0,0,0,0,0,0,0,0,0,0,0,0,0,0,0,0,0,0,0,0,0,0,0.00,0,0,0,0,0,0.0,0.0,0.0,0.00,144,143,457,340,100,17,28,0,3.13,3.3,1.023,0,0,1266.0,0,0,388,366,46,39,31,14,19,2,17,2,0.0,0.0
3B,Scott Rolen,Scott,Rolen,Grover Beach Grouches,6' 4',235 lbs,R,R,101,St. Louis Cardinals,STL,2002,1993-2004,HOF,86405,Perfect,Trade Deadliners - Hall of Fame  3B Scott Rolen  STL  2002,132 945,N,0,130,108,131,145,118,161,122,112,225,110,120,104,138,118,121,5,2,Groundball,Normal,Normal,1,1,1,7,1,1,1,7,1,1,1,7,16,-,-,-,-,-,-,-,-,-,-,-,1,GB,91-93,OTT,GB'er,1,20,-,-,-,116,108,120,76,6,8,3,-,-,-,-,137,-,-,-,-,163,-,-,-,137,-,-,-,-,76,42,67,94,141,129,538,470,132,86,31,1,14,65,77,59,0,6,0,3,0,95,13,76.3,0.81,79,15.5,3.7,4.08,0,2,-1.5,-0.5,0,0,0,0,0,0,0,0.0,0,0,0,0,0,0,0,0,0,0,0,0,0,0,0,0,0,0,0,0,0,0.00,0,0,0,0,0,0.0,0.0,0.0,0.00,130,129,383,278,90,15,21,0,2.90,3.2,1.018,0,0,1140.1,0,0,317,300,44,36,25,14,22,5,11,0,0.0,0.0
3B,Scott Rolen,Scott,Rolen,Maple Madness,6' 4',235 lbs,R,R,101,St. Louis Cardinals,STL,2002,1993-2004,HOF,86405,Perfect,Trade Deadliners - Hall of Fame  3B Scott Rolen  STL  2002,0,N,0,130,108,131,145,118,161,122,112,225,110,120,104,138,118,121,5,2,Groundball,Normal,Normal,1,1,1,7,1,1,1,7,1,1,1,7,16,-,-,-,-,-,-,-,-,-,-,-,1,GB,91-93,OTT,GB'er,1,20,-,-,-,116,108,120,76,6,8,3,-,-,-,-,137,-,-,-,-,163,-,-,-,137,-,-,-,-,76,42,67,94,136,124,520,461,118,74,34,0,10,65,55,54,1,3,0,2,0,108,20,57.4,0.22,63,1.4,2.1,4.12,0,4,-2.4,1.7,0,0,0,0,0,0,0,0.0,0,0,0,0,0,0,0,0,0,0,0,0,0,0,0,0,0,0,0,0,0,0.00,0,0,0,0,0,0.0,0.0,0.0,0.00,135,124,379,277,87,15,23,0,2.93,1.7,1.012,0,0,1117.2,0,0,320,305,40,29,30,13,17,5,17,1,0.0,-0.2
3B,Scott Rolen,Scott,Rolen,Rockford Peaches,6' 4',235 lbs,R,R,101,St. Louis Cardinals,STL,2002,1993-2004,HOF,86405,Perfect,Trade Deadliners - Hall of Fame  3B Scott Rolen  STL  2002,0,N,0,130,108,131,145,118,161,122,112,225,110,120,104,138,118,121,5,2,Groundball,Normal,Normal,1,1,1,7,1,1,1,7,1,1,1,7,16,-,-,-,-,-,-,-,-,-,-,-,1,GB,91-93,OTT,GB'er,1,20,-,-,-,116,108,120,76,6,8,3,-,-,-,-,137,-,-,-,-,163,-,-,-,137,-,-,-,-,76,42,67,94,147,141,600,529,123,82,24,0,17,71,63,63,1,6,0,2,0,126,10,65.0,-0.20,65,-5.5,1.3,4.20,0,2,-1.5,3.7,0,0,0,0,0,0,0,0.0,0,0,0,0,0,0,0,0,0,0,0,0,0,0,0,0,0,0,0,0,0,0.00,0,0,0,0,0,0.0,0.0,0.0,0.00,145,141,401,289,85,27,32,0,2.66,-6.4,.974,0,0,1266.2,0,0,340,309,52,39,32,15,24,5,19,0,0.0,0.0
3B,Scott Rolen,Scott,Rolen,Gastonia Peaches,6' 4',235 lbs,R,R,101,St. Louis Cardinals,STL,2002,1993-2004,HOF,86405,Perfect,Trade Deadliners - Hall of Fame  3B Scott Rolen  STL  2002,0,N,0,130,108,131,145,118,161,122,112,225,110,120,104,138,118,121,5,2,Groundball,Normal,Normal,1,1,1,7,1,1,1,7,1,1,1,7,16,-,-,-,-,-,-,-,-,-,-,-,1,GB,91-93,OTT,GB'er,1,20,-,-,-,116,108,120,76,6,8,3,-,-,-,-,137,-,-,-,-,163,-,-,-,137,-,-,-,-,76,42,67,94,123,93,421,374,97,64,21,2,10,39,56,43,2,3,0,1,0,68,9,51.8,-0.01,52,2.4,2.3,3.95,0,1,-0.8,1.1,0,0,0,0,0,0,0,0.0,0,0,0,0,0,0,0,0,0,0,0,0,0,0,0,0,0,0,0,0,0,0.00,0,0,0,0,0,0.0,0.0,0.0,0.00,116,93,272,202,65,5,15,0,2.75,6.0,1.040,0,0,875.1,0,0,216,207,32,29,23,13,10,4,16,1,0.0,0.0
1B,Al Rosen,Al,Rosen,Washington Border Collies,5' 10',180 lbs,R,R,101,Cleveland,CLE,1953,1946-1960,,86633,Perfect,50s Theme Week - Historical All-Star  3B Al Rosen  CLE  1953,0,N,0,84,87,179,135,149,93,75,162,148,131,82,91,185,130,155,3,9,Flyball,Spray,Spray,1,1,1,2,1,1,1,2,1,1,1,2,16,-,-,-,-,-,-,-,-,-,-,-,1,NEU,90-92,OTT,Normal,1,10,-,-,-,86,74,71,42,9,5,10,-,-,75,-,75,68,-,-,-,134,-,75,-,75,68,-,-,-,53,44,49,84,153,147,660,593,153,107,22,5,19,80,80,53,0,7,0,7,0,124,17,77.6,1.90,78,0.2,-0.4,3.97,0,0,0.0,-5.2,0,0,0,0,0,0,0,0.0,0,0,0,0,0,0,0,0,0,0,0,0,0,0,0,0,0,0,0,0,0,0.00,0,0,0,0,0,0.0,0.0,0.0,0.00,147,142,1334,97,1227,10,112,0,9.30,-4.3,.964,0,0,1281.0,0,0,250,234,31,23,10,5,5,2,11,0,0.0,0.0
3B,Al Rosen,Al,Rosen,Rockford Peaches,5' 10',180 lbs,R,R,101,Cleveland,CLE,1953,1946-1960,,86633,Perfect,50s Theme Week - Historical All-Star  3B Al Rosen  CLE  1953,0,N,0,84,87,179,135,149,93,75,162,148,131,82,91,185,130,155,3,9,Flyball,Spray,Spray,1,1,1,2,1,1,1,2,1,1,1,2,16,-,-,-,-,-,-,-,-,-,-,-,1,NEU,90-92,OTT,Normal,1,10,-,-,-,86,74,71,42,9,5,10,-,-,75,-,75,68,-,-,-,134,-,75,-,75,68,-,-,-,53,44,49,84,53,27,147,126,30,22,5,0,3,13,8,17,0,2,0,2,0,30,3,15.6,-0.46,16,-1.4,-0.2,4.24,0,0,0.0,-3.0,0,0,0,0,0,0,0,0.0,0,0,0,0,0,0,0,0,0,0,0,0,0,0,0,0,0,0,0,0,0,0.00,0,0,0,0,0,0.0,0.0,0.0,0.00,45,27,105,47,55,3,9,0,3.46,-3.0,.940,0,0,265.2,0,0,64,57,13,6,3,3,5,0,1,0,0.0,0.0
C,Ethan Salas,Ethan,Salas,Waltham River Otters,6' 0',185 lbs,L,R,101,San Diego Padres,SDP,2026,2026,,84781,Perfect,Young & Old 2 - Future Legend  C Ethan Salas  SD  2026,0,N,0,121,106,88,118,135,113,79,75,112,119,124,119,92,120,141,47,30,Normal,Normal,Normal,1,2,78,1,1,2,77,1,1,3,80,1,16,-,-,-,-,-,-,-,-,-,-,-,1,EX FB,75-80,3/4,Normal,4,-,101,109,110,19,30,36,9,9,27,26,-,120,-,-,-,-,-,-,-,56,120,36,-,-,-,-,-,-,67,64,86,71,105,98,385,343,82,53,19,2,8,44,53,31,0,4,1,6,0,68,6,40.4,0.20,38,-6.7,1.4,3.92,2,2,-0.8,-0.3,0,0,0,0,0,0,0,0.0,0,0,0,0,0,0,0,0,0,0,0,0,0,0,0,0,0,0,0,0,0,0.00,0,0,0,0,0,0.0,0.0,0.0,0.00,101,98,846,48,796,2,6,0,8.71,0.7,1.042,73,22,872.0,4,445,45,40,6,4,1,1,0,0,0,0,4.8,0.0
C,Ethan Salas,Ethan,Salas,Tampa Bay Yankees 22,6' 0',185 lbs,L,R,101,San Diego Padres,SDP,2026,2026,,84781,Perfect,Young & Old 2 - Future Legend  C Ethan Salas  SD  2026,0,N,0,121,106,88,118,135,113,79,75,112,119,124,119,92,120,141,47,30,Normal,Normal,Normal,1,2,78,1,1,2,77,1,1,3,80,1,16,-,-,-,-,-,-,-,-,-,-,-,1,EX FB,75-80,3/4,Normal,4,-,101,109,110,19,30,36,9,9,27,26,-,120,-,-,-,-,-,-,-,56,120,36,-,-,-,-,-,-,67,64,86,71,101,88,326,300,75,51,16,1,7,26,38,23,0,2,0,1,0,60,5,34.9,-0.65,34,-4.5,1.8,3.97,0,1,-0.7,0.5,0,0,0,0,0,0,0,0.0,0,0,0,0,0,0,0,0,0,0,0,0,0,0,0,0,0,0,0,0,0,0.00,0,0,0,0,0,0.0,0.0,0.0,0.00,101,88,770,42,725,3,7,0,8.65,1.0,.981,66,19,798.1,2,337,29,27,11,8,0,0,0,0,0,0,5.5,0.0
C,Ethan Salas,Ethan,Salas,Phoenix Mango Slush - HOTL,6' 0',185 lbs,L,R,101,San Diego Padres,SDP,2026,2026,,84781,Perfect,Young & Old 2 - Future Legend  C Ethan Salas  SD  2026,0,N,0,121,106,88,118,135,113,79,75,112,119,124,119,92,120,141,47,30,Normal,Normal,Normal,1,2,78,1,1,2,77,1,1,3,80,1,16,-,-,-,-,-,-,-,-,-,-,-,1,EX FB,75-80,3/4,Normal,4,-,101,109,110,19,30,36,9,9,27,26,-,120,-,-,-,-,-,-,-,56,120,36,-,-,-,-,-,-,67,64,86,71,83,83,322,289,66,43,17,0,6,27,37,30,0,1,0,2,0,59,15,28.0,-1.35,30,-7.8,0.3,3.96,0,0,0.0,-4.3,0,0,0,0,0,0,0,0.0,0,0,0,0,0,0,0,0,0,0,0,0,0,0,0,0,0,0,0,0,0,0.00,0,0,0,0,0,0.0,0.0,0.0,0.00,83,83,653,43,607,3,5,0,7.95,-2.9,.917,65,14,735.2,6,374,39,33,9,5,1,1,0,0,0,0,2.6,0.0
C,Ethan Salas,Ethan,Salas,Grover Beach Grouches,6' 0',185 lbs,L,R,101,San Diego Padres,SDP,2026,2026,,84781,Perfect,Young & Old 2 - Future Legend  C Ethan Salas  SD  2026,148 330,N,0,121,106,88,118,135,113,79,75,112,119,124,119,92,120,141,47,30,Normal,Normal,Normal,1,2,78,1,1,2,77,1,1,3,80,1,16,-,-,-,-,-,-,-,-,-,-,-,1,EX FB,75-80,3/4,Normal,4,-,101,109,110,19,30,36,9,9,27,26,-,120,-,-,-,-,-,-,-,56,120,36,-,-,-,-,-,-,67,64,86,71,103,91,408,358,102,68,23,1,10,42,65,37,0,6,4,3,0,82,5,59.2,-0.17,57,9.0,3.0,3.99,6,2,0.1,-0.9,0,0,0,0,0,0,0,0.0,0,0,0,0,0,0,0,0,0,0,0,0,0,0,0,0,0,0,0,0,0,0.00,0,0,0,0,0,0.0,0.0,0.0,0.00,98,91,774,39,731,4,7,0,8.48,-0.3,.882,64,21,817.0,5,340,35,29,6,4,1,1,0,0,0,0,2.7,0.0
C,Ethan Salas,Ethan,Salas,Houston Swangas,6' 0',185 lbs,L,R,101,San Diego Padres,SDP,2026,2026,,84781,Perfect,Young & Old 2 - Future Legend  C Ethan Salas  SD  2026,0,N,0,121,106,88,118,135,113,79,75,112,119,124,119,92,120,141,47,30,Normal,Normal,Normal,1,2,78,1,1,2,77,1,1,3,80,1,16,-,-,-,-,-,-,-,-,-,-,-,1,EX FB,75-80,3/4,Normal,4,-,101,109,110,19,30,36,9,9,27,26,-,120,-,-,-,-,-,-,-,56,120,36,-,-,-,-,-,-,67,64,86,71,99,93,373,330,84,53,21,2,8,48,43,36,1,3,1,3,0,67,3,46.4,-0.34,44,0.2,2.4,3.93,3,2,-0.6,1.3,0,0,0,0,0,0,0,0.0,0,0,0,0,0,0,0,0,0,0,0,0,0,0,0,0,0,0,0,0,0,0.00,0,0,0,0,0,0.0,0.0,0.0,0.00,98,93,764,33,726,5,6,0,8.23,0.3,.998,42,9,830.0,6,375,36,35,11,8,1,1,0,0,0,0,4.6,0.0
C,Ethan Salas,Ethan,Salas,Maple Madness,6' 0',185 lbs,L,R,101,San Diego Padres,SDP,2026,2026,,84781,Perfect,Young & Old 2 - Future Legend  C Ethan Salas  SD  2026,0,N,0,121,106,88,118,135,113,79,75,112,119,124,119,92,120,141,47,30,Normal,Normal,Normal,1,2,78,1,1,2,77,1,1,3,80,1,16,-,-,-,-,-,-,-,-,-,-,-,1,EX FB,75-80,3/4,Normal,4,-,101,109,110,19,30,36,9,9,27,26,-,120,-,-,-,-,-,-,-,56,120,36,-,-,-,-,-,-,67,64,86,71,84,81,314,277,81,56,20,0,5,35,41,33,0,2,1,1,0,56,7,43.0,0.49,44,7.5,2.8,3.92,0,2,-1.3,0.5,0,0,0,0,0,0,0,0.0,0,0,0,0,0,0,0,0,0,0,0,0,0,0,0,0,0,0,0,0,0,0.00,0,0,0,0,0,0.0,0.0,0.0,0.00,82,81,662,32,626,4,5,0,8.19,0.5,.947,56,17,723.1,3,306,24,20,3,3,1,1,0,0,0,0,4.8,0.0
C,Ethan Salas,Ethan,Salas,Rockford Peaches,6' 0',185 lbs,L,R,101,San Diego Padres,SDP,2026,2026,,84781,Perfect,Young & Old 2 - Future Legend  C Ethan Salas  SD  2026,0,N,0,121,106,88,118,135,113,79,75,112,119,124,119,92,120,141,47,30,Normal,Normal,Normal,1,2,78,1,1,2,77,1,1,3,80,1,16,-,-,-,-,-,-,-,-,-,-,-,1,EX FB,75-80,3/4,Normal,4,-,101,109,110,19,30,36,9,9,27,26,-,120,1,-,-,-,-,-,-,56,120,36,-,-,-,-,-,-,67,64,86,71,46,41,163,151,32,21,8,0,3,17,18,12,0,0,0,0,0,32,4,12.9,-0.67,11,-7.4,0.2,3.75,1,0,0.1,0.5,0,0,0,0,0,0,0,0.0,0,0,0,0,0,0,0,0,0,0,0,0,0,0,0,0,0,0,0,0,0,0.00,0,0,0,0,0,0.0,0.0,0.0,0.00,43,41,365,19,343,3,3,0,8.81,-1.5,.947,28,4,369.2,3,161,18,16,3,2,0,0,0,0,0,0,2.0,0.0
C,Ethan Salas,Ethan,Salas,Madison Moundsmen - CG,6' 0',185 lbs,L,R,101,San Diego Padres,SDP,2026,2026,,84781,Perfect,Young & Old 2 - Future Legend  C Ethan Salas  SD  2026,0,N,0,121,106,88,118,135,113,79,75,112,119,124,119,92,120,141,47,30,Normal,Normal,Normal,1,2,78,1,1,2,77,1,1,3,80,1,16,-,-,-,-,-,-,-,-,-,-,-,1,EX FB,75-80,3/4,Normal,4,-,101,109,110,19,30,36,9,9,27,26,-,120,-,-,-,-,-,-,-,56,120,36,-,-,-,-,-,-,67,64,86,71,94,83,328,294,70,40,19,0,11,49,45,29,0,2,0,3,0,58,7,38.0,1.33,37,-1.2,2.1,3.98,2,0,0.3,-1.1,0,0,0,0,0,0,0,0.0,0,0,0,0,0,0,0,0,0,0,0,0,0,0,0,0,0,0,0,0,0,0.00,0,0,0,0,0,0.0,0.0,0.0,0.00,90,83,700,46,653,1,8,0,8.51,1.6,1.089,59,16,739.2,4,273,38,38,4,4,0,0,0,0,0,0,4.9,0.0
C,Ethan Salas,Ethan,Salas,Shibuya Shredders - GH,6' 0',185 lbs,L,R,101,San Diego Padres,SDP,2026,2026,,84781,Perfect,Young & Old 2 - Future Legend  C Ethan Salas  SD  2026,0,N,0,121,106,88,118,135,113,79,75,112,119,124,119,92,120,141,47,30,Normal,Normal,Normal,1,2,78,1,1,2,77,1,1,3,80,1,16,-,-,-,-,-,-,-,-,-,-,-,1,EX FB,75-80,3/4,Normal,4,-,101,109,110,19,30,36,9,9,27,26,-,120,-,-,-,-,-,-,-,56,120,36,-,-,-,-,-,-,67,64,86,71,51,43,174,157,43,33,9,0,1,17,19,13,0,2,1,1,0,31,1,19.8,0.06,18,-2.0,1.1,3.86,1,0,0.1,1.3,0,0,0,0,0,0,0,0.0,0,0,0,0,0,0,0,0,0,0,0,0,0,0,0,0,0,0,0,0,0,0.00,0,0,0,0,0,0.0,0.0,0.0,0.00,46,43,368,16,351,1,3,0,8.33,-0.5,1.191,31,4,396.1,2,185,12,12,4,2,0,0,1,1,0,0,3.5,0.0
3B,Mike Schmidt,Mike,Schmidt,Englewood Pirates,6' 2',205 lbs,R,R,99,Philadelphia Phillies,PHI,1977,1961-1979,,86286,Diamond,All-Star Week - Historical All-Star  3B Mike Schmidt  PHI  1977,0,N,0,72,123,154,158,71,108,86,180,165,68,60,139,145,156,73,43,63,Normal,Normal,Normal,1,1,1,1,1,1,1,1,1,1,1,1,16,-,-,-,-,-,-,-,-,-,-,-,1,NEU,89-91,OTT,Normal,1,12,-,-,-,109,66,117,47,5,7,7,-,-,-,103,109,98,-,-,-,149,-,-,103,109,98,-,-,-,68,63,73,55,72,42,170,155,36,23,5,1,7,28,24,14,0,1,0,0,0,49,3,19.2,1.01,19,-1.1,0.9,3.91,0,0,0.0,1.3,0,0,0,0,0,0,0,0.0,0,0,0,0,0,0,0,0,0,0,0,0,0,0,0,0,0,0,0,0,0,0.00,0,0,0,0,0,0.0,0.0,0.0,0.00,68,42,148,97,46,5,17,0,3.33,2.4,1.004,0,0,387.0,0,0,102,96,12,11,9,7,11,7,9,1,0.0,0.0
SS,Mike Schmidt,Mike,Schmidt,Shakedown 1977 Microbus TTC - GH,6' 2',205 lbs,R,R,99,Philadelphia Phillies,PHI,1977,1961-1979,,86286,Diamond,All-Star Week - Historical All-Star  3B Mike Schmidt  PHI  1977,0,N,0,72,123,154,158,71,108,86,180,165,68,60,139,145,156,73,43,63,Normal,Normal,Normal,1,1,1,1,1,1,1,1,1,1,1,1,16,-,-,-,-,-,-,-,-,-,-,-,1,NEU,89-91,OTT,Normal,1,12,-,-,-,109,66,117,47,5,7,7,-,-,-,103,109,98,-,-,-,149,-,-,103,109,98,-,-,-,68,63,73,55,105,91,341,287,45,31,8,0,6,25,24,44,0,4,3,3,0,107,4,22.6,-1.43,19,-21.0,-1.2,4.11,0,0,0.0,0.9,0,0,0,0,0,0,0,0.0,0,0,0,0,0,0,0,0,0,0,0,0,0,0,0,0,0,0,0,0,0,0.00,0,0,0,0,0,0.0,0.0,0.0,0.00,71,56,220,148,60,12,22,0,3.71,-0.2,.986,0,0,505.0,0,0,147,135,18,13,15,9,15,7,13,3,0.0,0.0
LF,Al Simmons,Al,Simmons,Everett Aquasox,5' 11',190 lbs,R,R,99,Philadelphia Athletics,OAK,1930,1921-1945,BBR,85942,Diamond,July Jewels - Baseball Reference 4  LF Al Simmons  PHA  1930,0,N,0,141,128,120,65,132,155,138,129,85,169,137,125,117,58,120,104,84,Normal,Normal,Normal,1,1,1,1,1,1,1,1,1,1,1,1,16,-,-,-,-,-,-,-,-,-,-,-,1,NEU,89-91,3/4,Normal,1,14,-,-,-,9,4,7,1,69,112,69,-,-,-,-,-,-,90,63,-,10,-,-,-,-,-,90,63,-,61,34,75,89,86,80,376,347,83,56,19,2,6,34,46,20,0,5,1,3,0,57,7,35.4,0.91,33,-11.2,-0.6,3.77,1,1,-0.5,0.9,0,0,0,0,0,0,0,0.0,0,0,0,0,0,0,0,0,0,0,0,0,0,0,0,0,0,0,0,0,0,0.00,0,0,0,0,0,0.0,0.0,0.0,0.00,86,80,168,2,165,1,0,0,2.11,-1.0,.983,0,0,712.0,0,0,143,139,23,13,18,6,21,6,30,1,0.0,-3.3
SS,Ozzie Smith,Ozzie,Smith,Freedom Grabbers - HotL,5' 11',150 lbs,S,R,100,St. Louis Cardinals,STL,1987,1980-1992,CS,86250,Perfect,Clubhouse - All-Time Legend  SS Ozzie Smith  STL  Peak,0,N,0,105,83,35,108,202,110,87,48,105,200,103,82,31,109,203,121,119,Groundball,Spray,Spray,1,1,1,1,1,1,1,1,1,1,1,1,16,-,-,-,-,-,-,-,-,-,-,-,1,NEU,89-91,3/4,Normal,1,23,-,-,-,125,120,122,125,10,10,6,-,-,-,-,-,150,-,-,-,171,-,-,-,-,150,-,-,-,115,112,117,120,139,139,589,510,145,120,22,0,3,52,67,35,0,3,33,8,0,72,10,63.2,0.47,52,-17.5,2.3,3.68,33,7,4.1,2.7,0,0,0,0,0,0,0,0.0,0,0,0,0,0,0,0,0,0,0,0,0,0,0,0,0,0,0,0,0,0,0.00,0,0,0,0,0,0.0,0.0,0.0,0.00,139,139,552,378,161,13,77,0,3.98,8.0,1.040,0,0,1220.1,0,0,364,342,59,51,32,18,32,16,26,5,0.0,0.2
SS,Ozzie Smith,Ozzie,Smith,Englewood Pirates,5' 11',150 lbs,S,R,100,St. Louis Cardinals,STL,1987,1980-1992,CS,86250,Perfect,Clubhouse - All-Time Legend  SS Ozzie Smith  STL  Peak,0,N,0,105,83,35,108,202,110,87,48,105,200,103,82,31,109,203,121,119,Groundball,Spray,Spray,1,1,1,1,1,1,1,1,1,1,1,1,16,-,-,-,-,-,-,-,-,-,-,-,1,NEU,89-91,3/4,Normal,1,23,-,-,-,125,120,122,125,10,10,6,-,-,-,-,-,150,-,-,-,171,-,-,-,-,150,-,-,-,115,112,117,120,137,119,495,461,111,92,16,1,2,36,49,31,0,2,0,1,0,71,12,39.7,-1.37,35,-22.7,1.2,3.75,18,4,2.0,3.4,0,0,0,0,0,0,0,0.0,0,0,0,0,0,0,0,0,0,0,0,0,0,0,0,0,0,0,0,0,0,0.00,0,0,0,0,0,0.0,0.0,0.0,0.00,128,119,479,336,134,9,74,0,3.99,7.2,1.063,1,0,1060.2,2,1,309,296,51,36,37,23,37,14,21,4,-0.1,0.0
SS,Ozzie Smith,Ozzie,Smith,Laffy Comedians - CG,5' 11',150 lbs,S,R,100,St. Louis Cardinals,STL,1987,1980-1992,CS,86250,Perfect,Clubhouse - All-Time Legend  SS Ozzie Smith  STL  Peak,0,N,0,105,83,35,108,202,110,87,48,105,200,103,82,31,109,203,121,119,Groundball,Spray,Spray,1,1,1,1,1,1,1,1,1,1,1,1,16,-,-,-,-,-,-,-,-,-,-,-,1,NEU,89-91,3/4,Normal,1,23,-,-,-,125,120,122,125,10,10,6,-,-,-,-,-,150,-,-,-,171,-,-,-,-,150,-,-,-,115,112,117,120,60,27,115,100,26,22,4,0,0,6,20,9,0,0,6,0,0,11,4,7.5,-0.42,8,-4.9,0.0,3.88,11,10,-2.5,0.9,0,0,0,0,0,0,0,0.0,0,0,0,0,0,0,0,0,0,0,0,0,0,0,0,0,0,0,0,0,0,0.00,0,0,0,0,0,0.0,0.0,0.0,0.00,38,27,116,90,24,2,14,0,3.98,1.4,1.015,0,0,258.0,0,0,71,69,14,12,13,10,6,0,4,0,0.0,0.1
SS,Ozzie Smith,Ozzie,Smith,Houston Swangas,5' 11',150 lbs,S,R,100,St. Louis Cardinals,STL,1987,1980-1992,CS,86250,Perfect,Clubhouse - All-Time Legend  SS Ozzie Smith  STL  Peak,0,N,0,105,83,35,108,202,110,87,48,105,200,103,82,31,109,203,121,119,Groundball,Spray,Spray,1,1,1,1,1,1,1,1,1,1,1,1,16,-,-,-,-,-,-,-,-,-,-,-,1,NEU,89-91,3/4,Normal,1,23,-,-,-,125,120,122,125,10,10,6,-,-,-,-,-,150,-,-,-,171,-,-,-,-,150,-,-,-,115,112,117,120,144,144,556,472,135,106,23,4,2,54,61,54,0,5,19,6,0,67,6,69.5,0.05,63,-2.4,3.5,3.92,30,9,2.3,6.2,0,0,0,0,0,0,0,0.0,0,0,0,0,0,0,0,0,0,0,0,0,0,0,0,0,0,0,0,0,0,0.00,0,0,0,0,0,0.0,0.0,0.0,0.00,144,144,591,413,164,14,85,0,4.07,4.4,1.040,0,0,1275.2,0,0,398,368,65,49,57,37,36,14,23,1,0.0,-0.0
SS,Ozzie Smith,Ozzie,Smith,Tulsa Doom,5' 11',150 lbs,S,R,100,St. Louis Cardinals,STL,1987,1980-1992,CS,86250,Perfect,Clubhouse - All-Time Legend  SS Ozzie Smith  STL  Peak,0,N,0,105,83,35,108,202,110,87,48,105,200,103,82,31,109,203,121,119,Groundball,Spray,Spray,1,1,1,1,1,1,1,1,1,1,1,1,16,-,-,-,-,-,-,-,-,-,-,-,1,NEU,89-91,3/4,Normal,1,23,-,-,-,125,120,122,125,10,10,6,-,-,-,-,-,150,-,-,-,171,-,-,-,-,150,-,-,-,115,112,117,120,142,142,556,497,132,101,26,2,3,51,49,43,0,9,0,7,0,67,10,59.7,-1.13,58,-7.8,2.0,3.97,18,6,0.9,0.5,0,0,0,0,0,0,0,0.0,0,0,0,0,0,0,0,0,0,0,0,0,0,0,0,0,0,0,0,0,0,0.00,0,0,0,0,0,0.0,0.0,0.0,0.00,142,142,558,376,166,16,76,0,3.92,1.7,1.015,0,0,1243.1,0,0,375,358,66,50,36,14,32,10,25,3,0.0,-0.0
SS,Ozzie Smith,Ozzie,Smith,New Haven Corsairs,5' 11',150 lbs,S,R,100,St. Louis Cardinals,STL,1987,1980-1992,CS,86250,Perfect,Clubhouse - All-Time Legend  SS Ozzie Smith  STL  Peak,0,N,0,105,83,35,108,202,110,87,48,105,200,103,82,31,109,203,121,119,Groundball,Spray,Spray,1,1,1,1,1,1,1,1,1,1,1,1,16,-,-,-,-,-,-,-,-,-,-,-,1,NEU,89-91,3/4,Normal,1,23,-,-,-,125,120,122,125,10,10,6,-,-,-,-,-,150,-,-,-,171,-,-,-,-,150,-,-,-,115,112,117,120,140,140,548,470,126,101,21,3,1,48,56,43,0,6,26,3,0,67,7,58.1,-0.93,50,-14.7,2.5,3.78,39,12,3.0,3.8,0,0,0,0,0,0,0,0.0,0,0,0,0,0,0,0,0,0,0,0,0,0,0,0,0,0,0,0,0,0,0.00,0,0,0,0,0,0.0,0.0,0.0,0.00,140,140,589,391,189,9,87,0,4.28,8.3,1.032,0,0,1221.0,0,0,373,359,63,49,45,35,32,10,29,2,0.0,0.0
CF,Tris Speaker,Tris,Speaker,Freedom Grabbers - HotL,5' 11',190 lbs,L,L,100,Boston Red Sox,BOS,1910,2026,ME,83846,Perfect,Live Full Collection - Snapshot  CF Tris Speaker  BOS  1910,0,Y,5,135,100,125,90,140,121,100,124,82,114,140,101,126,93,149,85,84,Groundball,Pull,Pull,1,1,1,6,1,1,1,6,1,1,1,6,-,-,-,16,-,17,-,-,-,-,-,-,2,NEU,89-91,3/4,Normal,1,22,-,-,-,4,6,3,4,113,89,99,-,-,-,-,-,-,148,136,147,-,-,-,-,-,-,148,136,147,97,91,103,103,140,140,632,575,168,113,29,9,17,86,80,44,0,4,0,9,0,126,9,92.9,1.07,89,14.1,4.0,4.05,17,6,0.6,4.3,0,0,0,0,0,0,0,0.0,0,0,0,0,0,0,0,0,0,0,0,0,0,0,0,0,0,0,0,0,0,0.00,0,0,0,0,0,0.0,0.0,0.0,0.00,151,140,315,6,307,2,0,0,2.28,3.7,1.010,0,0,1237.1,0,0,239,239,61,41,51,22,34,5,43,0,0.0,-1.8
RF,Tris Speaker,Tris,Speaker,Everett Aqua Sox,5' 11',190 lbs,L,L,100,Boston Red Sox,BOS,1910,2026,ME,83846,Perfect,Live Full Collection - Snapshot  CF Tris Speaker  BOS  1910,0,N,0,125,92,116,83,130,112,92,115,75,105,130,93,117,86,138,85,84,Groundball,Pull,Pull,1,1,1,4,1,1,1,4,1,1,1,4,-,-,-,16,-,17,-,-,-,-,-,-,2,NEU,89-91,3/4,Normal,1,22,-,-,-,4,6,3,4,113,89,99,-,-,-,-,-,-,138,127,137,-,-,-,-,-,-,138,127,137,97,91,103,103,102,90,356,338,92,62,9,5,16,52,41,13,0,1,0,4,0,64,7,46.6,-0.31,44,2.2,1.1,3.81,9,1,1.5,0.5,0,0,0,0,0,0,0,0.0,0,0,0,0,0,0,0,0,0,0,0,0,0,0,0,0,0,0,0,0,0,0.00,0,0,0,0,0,0.0,0.0,0.0,0.00,102,90,173,3,165,5,0,0,1.87,-0.4,1.001,0,0,809.2,0,0,136,134,34,21,23,6,14,4,28,0,0.0,0.0
CF,Tris Speaker,Tris,Speaker,Barnstable Beasts,5' 11',190 lbs,L,L,100,Boston Red Sox,BOS,1910,2026,ME,83846,Perfect,Live Full Collection - Snapshot  CF Tris Speaker  BOS  1910,0,Y,5,135,100,125,90,140,121,100,124,82,114,140,101,126,93,149,85,84,Groundball,Pull,Pull,1,1,1,6,1,1,1,6,1,1,1,6,-,-,-,16,-,17,-,-,-,-,-,-,2,NEU,89-91,3/4,Normal,1,22,-,-,-,4,6,3,4,113,89,99,-,-,-,-,-,-,148,136,147,-,-,-,-,-,-,148,136,147,97,91,103,103,135,99,439,400,113,84,14,2,13,55,55,32,0,2,0,5,0,71,4,58.8,0.17,56,4.3,2.0,3.97,8,4,-0.4,2.4,0,0,0,0,0,0,0,0.0,0,0,0,0,0,0,0,0,0,0,0,0,0,0,0,0,0,0,0,0,0,0.00,0,0,0,0,0,0.0,0.0,0.0,0.00,156,99,250,7,240,3,1,0,2.36,-0.6,.997,0,0,940.2,0,0,198,193,47,32,28,8,36,6,45,1,0.0,1.0
CF,Tris Speaker,Tris,Speaker,Waltham River Otters,5' 11',190 lbs,L,L,100,Boston Red Sox,BOS,1910,2026,ME,83846,Perfect,Live Full Collection - Snapshot  CF Tris Speaker  BOS  1910,0,Y,5,135,100,125,90,140,121,100,124,82,114,140,101,126,93,149,85,84,Groundball,Pull,Pull,1,1,1,6,1,1,1,6,1,1,1,6,-,-,-,16,-,17,-,-,-,-,-,-,2,NEU,89-91,3/4,Normal,1,22,-,-,-,4,6,3,4,113,89,99,-,-,-,-,-,-,148,136,147,-,-,-,-,-,-,148,136,147,97,91,103,103,122,109,471,430,126,87,20,7,12,48,56,31,2,2,5,3,0,66,4,69.4,1.13,63,7.3,3.1,3.72,16,4,1.5,2.7,0,0,0,0,0,0,0,0.0,0,0,0,0,0,0,0,0,0,0,0,0,0,0,0,0,0,0,0,0,0,0.00,0,0,0,0,0,0.0,0.0,0.0,0.00,119,105,274,7,266,1,1,0,2.64,7.7,1.035,0,0,932.0,0,0,203,203,48,34,43,20,39,8,36,1,0.0,0.8
CF,Tris Speaker,Tris,Speaker,Englewood Pirates,5' 11',190 lbs,L,L,100,Boston Red Sox,BOS,1910,2026,ME,83846,Perfect,Live Full Collection - Snapshot  CF Tris Speaker  BOS  1910,0,N,0,125,92,116,83,130,112,92,115,75,105,130,93,117,86,138,85,84,Groundball,Pull,Pull,1,1,1,4,1,1,1,4,1,1,1,4,-,-,-,16,-,17,-,-,-,-,-,-,2,NEU,89-91,3/4,Normal,1,22,-,-,-,4,6,3,4,113,89,99,-,-,-,-,-,-,138,127,137,-,-,-,-,-,-,138,127,137,97,91,103,103,140,103,428,388,101,78,10,2,11,40,52,31,0,3,0,6,0,82,2,50.0,0.10,46,-4.6,1.2,3.82,4,1,0.1,4.6,0,0,0,0,0,0,0,0.0,0,0,0,0,0,0,0,0,0,0,0,0,0,0,0,0,0,0,0,0,0,0.00,0,0,0,0,0,0.0,0.0,0.0,0.00,142,102,217,3,213,1,0,0,2.11,2.0,1.017,0,0,922.1,0,0,179,175,38,27,17,5,27,5,33,1,0.0,-1.7
LF,Tris Speaker,Tris,Speaker,Washington Border Collies,5' 11',190 lbs,L,L,100,Boston Red Sox,BOS,1910,2026,ME,83846,Perfect,Live Full Collection - Snapshot  CF Tris Speaker  BOS  1910,0,Y,5,135,100,125,90,140,121,100,124,82,114,140,101,126,93,149,85,84,Groundball,Pull,Pull,1,1,1,6,1,1,1,6,1,1,1,6,-,-,-,16,-,17,-,-,-,-,-,-,2,NEU,89-91,3/4,Normal,1,22,-,-,-,4,6,3,4,113,89,99,-,-,-,-,-,-,148,136,147,-,-,-,-,-,-,148,136,147,97,91,103,103,147,143,590,529,155,114,21,3,17,80,83,50,2,5,0,6,0,95,6,86.7,1.35,82,12.7,2.3,3.81,9,3,0.2,3.4,0,0,0,0,0,0,0,0.0,0,0,0,0,0,0,0,0,0,0,0,0,0,0,0,0,0,0,0,0,0,0.00,0,0,0,0,0,0.0,0.0,0.0,0.00,148,143,321,10,306,5,0,0,2.19,-1.5,1.008,0,0,1297.0,0,0,261,255,49,24,49,22,41,4,60,1,0.0,-0.6
CF,Tris Speaker,Tris,Speaker,Alexandria SafeZone,5' 11',190 lbs,L,L,100,Boston Red Sox,BOS,1910,2026,ME,83846,Perfect,Live Full Collection - Snapshot  CF Tris Speaker  BOS  1910,0,Y,5,135,100,125,90,140,121,100,124,82,114,140,101,126,93,149,85,84,Groundball,Pull,Pull,1,1,1,6,1,1,1,6,1,1,1,6,-,-,-,16,-,17,-,-,-,-,-,-,2,NEU,89-91,3/4,Normal,1,22,-,-,-,4,6,3,4,113,89,99,-,-,-,-,-,-,148,136,147,-,-,-,-,-,-,148,136,147,97,91,103,103,145,142,583,532,136,101,16,5,14,64,67,42,0,5,0,4,0,116,15,60.9,-0.19,63,-6.0,2.0,3.98,2,6,-3.0,2.8,0,0,0,0,0,0,0,0.0,0,0,0,0,0,0,0,0,0,0,0,0,0,0,0,0,0,0,0,0,0,0.00,0,0,0,0,0,0.0,0.0,0.0,0.00,142,142,385,9,366,10,0,0,2.73,3.7,1.014,0,0,1238.0,0,0,280,271,90,67,46,21,48,6,53,1,0.0,1.6
CF,Tris Speaker,Tris,Speaker,Tampa Bay Yankees 22,5' 11',190 lbs,L,L,100,Boston Red Sox,BOS,1910,2026,ME,83846,Perfect,Live Full Collection - Snapshot  CF Tris Speaker  BOS  1910,0,Y,5,135,100,125,90,140,121,100,124,82,114,140,101,126,93,149,85,84,Groundball,Pull,Pull,1,1,1,6,1,1,1,6,1,1,1,6,-,-,-,16,-,17,-,-,-,-,-,-,2,NEU,89-91,3/4,Normal,1,22,-,-,-,4,6,3,4,113,89,99,-,-,-,-,-,-,148,136,147,-,-,-,-,-,-,148,136,147,97,91,103,103,93,52,243,219,59,44,9,1,5,27,33,16,0,4,2,2,0,44,4,29.0,0.07,27,-1.2,1.0,3.81,8,2,0.8,1.1,0,0,0,0,0,0,0,0.0,0,0,0,0,0,0,0,0,0,0,0,0,0,0,0,0,0,0,0,0,0,0.00,0,0,0,0,0,0.0,0.0,0.0,0.00,92,52,120,5,114,1,0,0,2.08,2.6,1.015,0,0,514.0,0,0,88,88,22,17,11,4,19,3,24,2,0.0,-0.7
CF,Tris Speaker,Tris,Speaker,Madison Mashers - CG,5' 11',190 lbs,L,L,100,Boston Red Sox,BOS,1910,2026,ME,83846,Perfect,Live Full Collection - Snapshot  CF Tris Speaker  BOS  1910,0,Y,5,135,100,125,90,140,121,100,124,82,114,140,101,126,93,149,85,84,Groundball,Pull,Pull,1,1,1,6,1,1,1,6,1,1,1,6,-,-,-,16,-,17,-,-,-,-,-,-,2,NEU,89-91,3/4,Normal,1,22,-,-,-,4,6,3,4,113,89,99,-,-,-,-,-,-,148,136,147,-,-,-,-,-,-,148,136,147,97,91,103,103,125,94,413,383,90,68,10,5,7,45,47,26,0,3,0,1,0,78,6,38.3,-1.35,35,-13.6,0.7,3.97,4,1,0.2,1.3,0,0,0,0,0,0,0,0.0,0,0,0,0,0,0,0,0,0,0,0,0,0,0,0,0,0,0,0,0,0,0.00,0,0,0,0,0,0.0,0.0,0.0,0.00,107,94,262,8,245,9,0,0,2.68,3.1,.988,0,0,849.0,0,0,178,172,62,50,33,19,27,4,37,0,0.0,0.6
CF,Tris Speaker,Tris,Speaker,Canterbury Tails,5' 11',190 lbs,L,L,100,Boston Red Sox,BOS,1910,2026,ME,83846,Perfect,Live Full Collection - Snapshot  CF Tris Speaker  BOS  1910,0,Y,5,135,100,125,90,140,121,100,124,82,114,140,101,126,93,149,85,84,Groundball,Pull,Pull,1,1,1,6,1,1,1,6,1,1,1,6,-,-,-,16,-,17,-,-,-,-,-,-,2,NEU,89-91,3/4,Normal,1,22,-,-,-,4,6,3,4,113,89,99,-,-,-,-,-,-,148,136,147,-,-,-,-,-,-,148,136,147,97,91,103,103,155,143,615,559,140,107,15,4,14,43,66,42,0,5,8,1,0,123,9,62.8,-1.81,60,-12.3,0.8,3.86,5,6,-2.3,3.5,0,0,0,0,0,0,0,0.0,0,0,0,0,0,0,0,0,0,0,0,0,0,0,0,0,0,0,0,0,0,0.00,0,0,0,0,0,0.0,0.0,0.0,0.00,178,143,330,12,311,7,1,0,2.27,1.4,1.010,0,0,1282.2,0,0,250,244,64,43,42,14,44,10,54,0,0.0,2.7
CF,Tris Speaker,Tris,Speaker,Phoenix Mango Slush - HOTL,5' 11',190 lbs,L,L,100,Boston Red Sox,BOS,1910,2026,ME,83846,Perfect,Live Full Collection - Snapshot  CF Tris Speaker  BOS  1910,0,Y,5,135,100,125,90,140,121,100,124,82,114,140,101,126,93,149,85,84,Groundball,Pull,Pull,1,1,1,6,1,1,1,6,1,1,1,6,-,-,-,16,-,17,-,-,-,-,-,-,2,NEU,89-91,3/4,Normal,1,22,-,-,-,4,6,3,4,113,89,99,-,-,-,-,-,-,148,136,147,-,-,-,-,-,-,148,136,147,97,91,103,103,122,98,448,395,110,81,14,6,9,56,52,41,0,3,5,4,0,95,5,60.2,0.39,57,4.0,1.8,4.04,13,4,0.8,0.3,0,0,0,0,0,0,0,0.0,0,0,0,0,0,0,0,0,0,0,0,0,0,0,0,0,0,0,0,0,0,0.00,0,0,0,0,0,0.0,0.0,0.0,0.00,127,95,230,8,220,2,0,0,2.27,-1.4,1.002,0,0,904.1,0,0,174,168,50,33,40,14,28,4,46,1,0.0,-1.2
LF,Tris Speaker,Tris,Speaker,Grover Beach Grouches,5' 11',190 lbs,L,L,100,Boston Red Sox,BOS,1910,2026,ME,83846,Perfect,Live Full Collection - Snapshot  CF Tris Speaker  BOS  1910,114 000,Y,5,135,100,125,90,140,121,100,124,82,114,140,101,126,93,149,85,84,Groundball,Pull,Pull,1,1,1,6,1,1,1,6,1,1,1,6,-,-,-,16,-,17,-,-,-,-,-,-,2,NEU,89-91,3/4,Normal,1,22,-,-,-,4,6,3,4,113,89,99,-,-,-,-,-,-,148,136,147,-,-,-,-,-,-,148,136,147,97,91,103,103,142,93,491,432,119,78,17,8,16,61,65,46,0,3,4,6,0,86,4,70.7,1.64,68,10.8,2.0,3.92,9,8,-2.3,0.5,0,0,0,0,0,0,0,0.0,0,0,0,0,0,0,0,0,0,0,0,0,0,0,0,0,0,0,0,0,0,0.00,0,0,0,0,0,0.0,0.0,0.0,0.00,117,93,203,2,194,7,0,0,2.14,1.2,1.007,0,0,825.2,0,0,164,158,28,20,23,9,27,6,39,1,0.0,-2.5
CF,Tris Speaker,Tris,Speaker,Houston Swangas,5' 11',190 lbs,L,L,100,Boston Red Sox,BOS,1910,2026,ME,83846,Perfect,Live Full Collection - Snapshot  CF Tris Speaker  BOS  1910,0,Y,5,135,100,125,90,140,121,100,124,82,114,140,101,126,93,149,85,84,Groundball,Pull,Pull,1,1,1,6,1,1,1,6,1,1,1,6,-,-,-,16,-,17,-,-,-,-,-,-,2,NEU,89-91,3/4,Normal,1,22,-,-,-,4,6,3,4,113,89,99,-,-,-,-,-,-,148,136,147,-,-,-,-,-,-,148,136,147,97,91,103,103,116,105,495,458,120,84,19,3,14,59,61,21,0,4,7,5,0,80,10,55.1,-1.39,51,-7.5,1.0,3.71,16,4,1.6,0.6,0,0,0,0,0,0,0,0.0,0,0,0,0,0,0,0,0,0,0,0,0,0,0,0,0,0,0,0,0,0,0.00,0,0,0,0,0,0.0,0.0,0.0,0.00,112,105,263,7,250,6,0,0,2.44,-1.6,.997,0,0,947.2,0,0,194,191,61,35,41,16,42,7,38,1,0.0,0.2
CF,Tris Speaker,Tris,Speaker,Maple Madness,5' 11',190 lbs,L,L,100,Boston Red Sox,BOS,1910,2026,ME,83846,Perfect,Live Full Collection - Snapshot  CF Tris Speaker  BOS  1910,0,Y,5,135,100,125,90,140,121,100,124,82,114,140,101,126,93,149,85,84,Groundball,Pull,Pull,1,1,1,6,1,1,1,6,1,1,1,6,-,-,-,16,-,17,-,-,-,-,-,-,2,NEU,89-91,3/4,Normal,1,22,-,-,-,4,6,3,4,113,89,99,-,-,-,-,-,-,148,136,147,-,-,-,-,-,-,148,136,147,97,91,103,103,137,112,525,489,138,98,16,6,18,50,79,30,0,2,0,3,1,89,5,72.7,1.22,68,6.3,2.7,3.89,13,4,0.8,-0.0,0,0,0,0,0,0,0,0.0,0,0,0,0,0,0,0,0,0,0,0,0,0,0,0,0,0,0,0,0,0,0.00,0,0,0,0,0,0.0,0.0,0.0,0.00,135,112,276,5,268,3,0,0,2.37,0.7,1.001,0,0,1038.2,0,0,213,210,52,33,46,16,30,7,48,2,0.0,1.3
CF,Tris Speaker,Tris,Speaker,Rockford Peaches,5' 11',190 lbs,L,L,100,Boston Red Sox,BOS,1910,2026,ME,83846,Perfect,Live Full Collection - Snapshot  CF Tris Speaker  BOS  1910,0,Y,5,135,100,125,90,140,121,100,124,82,114,140,101,126,93,149,85,84,Groundball,Pull,Pull,1,1,1,6,1,1,1,6,1,1,1,6,-,-,-,16,-,17,-,-,-,-,-,-,2,NEU,89-91,3/4,Normal,1,22,-,-,-,4,6,3,4,113,89,99,-,-,-,-,-,-,148,136,147,-,-,-,-,-,-,148,136,147,97,91,103,103,146,145,617,557,168,125,28,4,11,56,93,48,0,8,0,3,1,114,10,87.4,2.09,87,13.9,3.1,3.93,16,8,-0.7,2.5,0,0,0,0,0,0,0,0.0,0,0,0,0,0,0,0,0,0,0,0,0,0,0,0,0,0,0,0,0,0,0.00,0,0,0,0,0,0.0,0.0,0.0,0.00,152,145,281,5,270,6,1,0,1.94,-0.4,1.001,0,0,1276.2,0,0,220,214,58,41,35,10,36,5,44,0,0.0,0.3
LF,Tris Speaker,Tris,Speaker,Everett Aquasox,5' 11',190 lbs,L,L,100,Boston Red Sox,BOS,1910,2026,ME,83846,Perfect,Live Full Collection - Snapshot  CF Tris Speaker  BOS  1910,0,N,0,125,92,116,83,130,112,92,115,75,105,130,93,117,86,138,85,84,Groundball,Pull,Pull,1,1,1,4,1,1,1,4,1,1,1,4,-,-,-,16,-,17,-,-,-,-,-,-,2,NEU,89-91,3/4,Normal,1,22,-,-,-,4,6,3,4,113,89,99,-,-,-,-,-,-,138,127,137,-,-,-,-,-,-,138,127,137,97,91,103,103,125,85,380,350,95,67,10,4,14,51,52,24,0,4,0,2,0,76,2,50.3,0.33,49,4.1,1.0,3.79,3,5,-2.1,1.7,0,0,0,0,0,0,0,0.0,0,0,0,0,0,0,0,0,0,0,0,0,0,0,0,0,0,0,0,0,0,0.00,0,0,0,0,0,0.0,0.0,0.0,0.00,109,84,170,2,166,2,0,0,1.94,-1.2,.994,0,0,778.1,0,0,130,127,44,24,26,14,19,0,29,1,0.0,-1.6
CF,Tris Speaker,Tris,Speaker,Peninsula Whips,5' 11',190 lbs,L,L,100,Boston Red Sox,BOS,1910,2026,ME,83846,Perfect,Live Full Collection - Snapshot  CF Tris Speaker  BOS  1910,0,Y,5,135,100,125,90,140,121,100,124,82,114,140,101,126,93,149,85,84,Groundball,Pull,Pull,1,1,1,6,1,1,1,6,1,1,1,6,-,-,-,16,-,17,-,-,-,-,-,-,2,NEU,89-91,3/4,Normal,1,22,-,-,-,4,6,3,4,113,89,99,-,-,-,-,-,-,148,136,147,-,-,-,-,-,-,148,136,147,97,91,103,103,142,141,622,564,153,104,28,11,10,55,78,41,0,5,8,4,0,107,5,78.0,1.43,72,-1.1,2.5,3.81,13,6,-0.3,1.8,0,0,0,0,0,0,0,0.0,0,0,0,0,0,0,0,0,0,0,0,0,0,0,0,0,0,0,0,0,0,0.00,0,0,0,0,0,0.0,0.0,0.0,0.00,142,141,345,12,330,3,0,0,2.46,3.5,1.016,0,0,1251.2,0,0,258,251,68,52,47,17,55,7,62,3,0.0,-0.0
CF,Tris Speaker,Tris,Speaker,Dark Web Hackers,5' 11',190 lbs,L,L,100,Boston Red Sox,BOS,1910,2026,ME,83846,Perfect,Live Full Collection - Snapshot  CF Tris Speaker  BOS  1910,0,Y,5,135,100,125,90,140,121,100,124,82,114,140,101,126,93,149,85,84,Groundball,Pull,Pull,1,1,1,6,1,1,1,6,1,1,1,6,-,-,-,16,-,17,-,-,-,-,-,-,2,NEU,89-91,3/4,Normal,1,22,-,-,-,4,6,3,4,113,89,99,-,-,-,-,-,-,148,136,147,-,-,-,-,-,-,148,136,147,97,91,103,103,116,94,446,407,105,83,14,0,8,33,60,33,1,3,0,3,0,81,5,47.7,-0.87,44,-8.6,1.1,3.95,10,2,1.1,1.4,0,0,0,0,0,0,0,0.0,0,0,0,0,0,0,0,0,0,0,0,0,0,0,0,0,0,0,0,0,0,0.00,0,0,0,0,0,0.0,0.0,0.0,0.00,106,94,256,5,248,3,0,0,2.69,2.7,1.030,0,0,846.0,0,0,190,183,61,41,42,19,26,4,39,1,0.0,-0.3
CF,Tris Speaker,Tris,Speaker,Webster Groves Supercells,5' 11',190 lbs,L,L,100,Boston Red Sox,BOS,1910,2026,ME,83846,Perfect,Live Full Collection - Snapshot  CF Tris Speaker  BOS  1910,0,N,0,125,92,116,83,130,112,92,115,75,105,130,93,117,86,138,85,84,Groundball,Pull,Pull,1,1,1,4,1,1,1,4,1,1,1,4,-,-,-,16,-,17,-,-,-,-,-,-,2,NEU,89-91,3/4,Normal,1,22,-,-,-,4,6,3,4,113,89,99,-,-,-,-,-,-,138,127,137,-,-,-,-,-,-,138,127,137,97,91,103,103,15,9,45,40,10,6,2,1,1,5,9,5,0,0,0,0,0,9,1,5.7,-0.06,5,0.5,0.3,4.27,0,0,0.0,1.0,0,0,0,0,0,0,0,0.0,0,0,0,0,0,0,0,0,0,0,0,0,0,0,0,0,0,0,0,0,0,0.00,0,0,0,0,0,0.0,0.0,0.0,0.00,13,9,23,0,22,1,0,0,2.30,0.3,1.001,0,0,86.0,0,0,19,19,2,2,2,0,3,1,3,0,0.0,0.1
CF,Tris Speaker,Tris,Speaker,New Haven Corsairs,5' 11',190 lbs,L,L,100,Boston Red Sox,BOS,1910,2026,ME,83846,Perfect,Live Full Collection - Snapshot  CF Tris Speaker  BOS  1910,0,Y,5,135,100,125,90,140,121,100,124,82,114,140,101,126,93,149,85,84,Groundball,Pull,Pull,1,1,1,6,1,1,1,6,1,1,1,6,-,-,-,16,-,17,-,-,-,-,-,-,2,NEU,89-91,3/4,Normal,1,22,-,-,-,4,6,3,4,113,89,99,-,-,-,-,-,-,148,136,147,-,-,-,-,-,-,148,136,147,97,91,103,103,143,140,573,519,141,94,20,9,18,64,79,38,0,5,6,5,0,96,7,79.2,1.42,73,5.2,3.0,3.84,15,1,2.8,2.8,0,0,0,0,0,0,0,0.0,0,0,0,0,0,0,0,0,0,0,0,0,0,0,0,0,0,0,0,0,0,0.00,0,0,0,0,0,0.0,0.0,0.0,0.00,145,140,304,5,295,4,0,0,2.21,0.0,1.015,0,0,1220.2,0,0,237,231,64,40,44,17,48,4,56,3,0.0,0.6
CF,Tris Speaker,Tris,Speaker,Madison Moundsmen - CG,5' 11',190 lbs,L,L,100,Boston Red Sox,BOS,1910,2026,ME,83846,Perfect,Live Full Collection - Snapshot  CF Tris Speaker  BOS  1910,0,Y,5,135,100,125,90,140,121,100,124,82,114,140,101,126,93,149,85,84,Groundball,Pull,Pull,1,1,1,6,1,1,1,6,1,1,1,6,-,-,-,16,-,17,-,-,-,-,-,-,2,NEU,89-91,3/4,Normal,1,22,-,-,-,4,6,3,4,113,89,99,-,-,-,-,-,-,148,136,147,-,-,-,-,-,-,148,136,147,97,91,103,103,142,142,578,538,151,110,20,4,17,75,76,30,0,6,0,4,0,95,9,73.9,0.05,71,3.4,2.8,3.77,8,4,-0.5,1.9,0,0,0,0,0,0,0,0.0,0,0,0,0,0,0,0,0,0,0,0,0,0,0,0,0,0,0,0,0,0,0.00,0,0,0,0,0,0.0,0.0,0.0,0.00,150,142,356,10,345,1,1,0,2.52,0.2,1.004,0,0,1266.0,0,0,266,258,76,56,66,23,50,7,60,1,0.0,1.1
CF,Tris Speaker,Tris,Speaker,Shibuya Shredders - GH,5' 11',190 lbs,L,L,100,Boston Red Sox,BOS,1910,2026,ME,83846,Perfect,Live Full Collection - Snapshot  CF Tris Speaker  BOS  1910,0,Y,5,135,100,125,90,140,121,100,124,82,114,140,101,126,93,149,85,84,Groundball,Pull,Pull,1,1,1,6,1,1,1,6,1,1,1,6,-,-,-,16,-,17,-,-,-,-,-,-,2,NEU,89-91,3/4,Normal,1,22,-,-,-,4,6,3,4,113,89,99,-,-,-,-,-,-,148,136,147,-,-,-,-,-,-,148,136,147,97,91,103,103,140,140,584,528,124,89,13,9,13,69,68,41,0,6,2,6,1,125,9,58.5,-0.69,54,-14.5,0.6,3.94,8,3,0.0,2.3,0,0,0,0,0,0,0,0.0,0,0,0,0,0,0,0,0,0,0,0,0,0,0,0,0,0,0,0,0,0,0.00,0,0,0,0,0,0.0,0.0,0.0,0.00,140,140,364,3,354,7,0,0,2.54,-0.3,.995,0,0,1264.0,0,0,279,272,78,53,50,23,50,5,56,1,0.0,-1.7
CF,Tris Speaker,Tris,Speaker,Mount Pleasant Mounties,5' 11',190 lbs,L,L,100,Boston Red Sox,BOS,1910,2026,ME,83846,Perfect,Live Full Collection - Snapshot  CF Tris Speaker  BOS  1910,0,Y,5,135,100,125,90,140,121,100,124,82,114,140,101,126,93,149,85,84,Groundball,Pull,Pull,1,1,1,6,1,1,1,6,1,1,1,6,-,-,-,16,-,17,-,-,-,-,-,-,2,NEU,89-91,3/4,Normal,1,22,-,-,-,4,6,3,4,113,89,99,-,-,-,-,-,-,148,136,147,-,-,-,-,-,-,148,136,147,97,91,103,103,146,142,610,544,145,106,27,4,8,50,66,46,0,6,9,5,0,100,6,71.1,-0.43,65,-6.5,1.2,3.98,21,7,1.1,0.1,0,0,0,0,0,0,0,0.0,0,0,0,0,0,0,0,0,0,0,0,0,0,0,0,0,0,0,0,0,0,0.00,0,0,0,0,0,0.0,0.0,0.0,0.00,144,142,324,5,313,6,1,0,2.31,0.4,1.001,0,0,1239.1,0,0,249,245,67,41,43,18,47,7,52,2,0.0,-2.6
CF,Tris Speaker,Tris,Speaker,Berlin Speed Dealers SoM,5' 11',190 lbs,L,L,100,Boston Red Sox,BOS,1910,2026,ME,83846,Perfect,Live Full Collection - Snapshot  CF Tris Speaker  BOS  1910,0,N,0,125,92,116,83,130,112,92,115,75,105,130,93,117,86,138,85,84,Groundball,Pull,Pull,1,1,1,4,1,1,1,4,1,1,1,4,-,-,-,16,-,17,-,-,-,-,-,-,2,NEU,89-91,3/4,Normal,1,22,-,-,-,4,6,3,4,113,89,99,-,-,-,-,-,-,138,127,137,-,-,-,-,-,-,138,127,137,97,91,103,103,148,147,577,528,132,94,22,4,12,58,51,28,0,6,9,6,0,114,8,57.6,-1.96,53,-15.4,-0.3,3.87,8,6,-1.5,0.6,0,0,0,0,0,0,0,0.0,0,0,0,0,0,0,0,0,0,0,0,0,0,0,0,0,0,0,0,0,0,0.00,0,0,0,0,0,0.0,0.0,0.0,0.00,149,147,298,7,288,3,0,0,2.09,1.9,1.008,0,0,1267.1,0,0,236,231,56,33,33,14,35,7,41,3,0.0,-0.8
SS,Arky Vaughan,Arky,Vaughan,Sharpstown Bill Collectors,5' 10',175 lbs,L,R,101,Pittsburgh Pirates,PIT,1935,1921-1945,,85021,Perfect,Heart Attack - Historical All-Star  SS Arky Vaughan  PIT  1935,0,N,0,131,90,101,149,169,148,84,77,140,179,125,93,113,152,166,38,4,Normal,Spray,Spray,1,1,1,3,1,1,1,3,1,1,1,3,16,-,-,-,-,-,-,-,-,-,-,-,1,NEU,90-92,3/4,Normal,1,6,-,-,-,105,68,97,84,6,4,4,-,-,-,-,102,98,-,-,-,148,-,-,-,102,98,-,-,-,67,46,40,81,94,90,379,339,82,55,15,2,10,35,47,34,0,1,3,2,0,53,3,43.2,-0.07,40,-4.6,1.1,3.82,2,0,0.2,0.8,0,0,0,0,0,0,0,0.0,0,0,0,0,0,0,0,0,0,0,0,0,0,0,0,0,0,0,0,0,0,0.00,0,0,0,0,0,0.0,0.0,0.0,0.00,92,90,251,185,55,11,19,0,3.01,0.5,.997,0,0,717.2,0,0,203,190,32,26,17,11,15,3,10,0,0.0,0.0
SS,Arky Vaughan,Arky,Vaughan,Washington Border Collies,5' 10',175 lbs,L,R,101,Pittsburgh Pirates,PIT,1935,1921-1945,,85021,Perfect,Heart Attack - Historical All-Star  SS Arky Vaughan  PIT  1935,0,N,0,131,90,101,149,169,148,84,77,140,179,125,93,113,152,166,38,4,Normal,Spray,Spray,1,1,1,3,1,1,1,3,1,1,1,3,16,-,-,-,-,-,-,-,-,-,-,-,1,NEU,90-92,3/4,Normal,1,6,-,-,-,105,68,97,84,6,4,4,-,-,-,-,102,98,-,-,-,148,-,-,-,102,98,-,-,-,67,46,40,81,147,140,630,563,141,108,24,0,9,61,57,55,0,3,0,9,0,99,15,61.5,-0.66,61,-13.5,-0.3,3.94,0,1,-1.0,0.3,0,0,0,0,0,0,0,0.0,0,0,0,0,0,0,0,0,0,0,0,0,0,0,0,0,0,0,0,0,0,0.00,0,0,0,0,0,0.0,0.0,0.0,0.00,147,140,443,312,106,25,41,0,3.00,-8.1,.968,0,0,1253.1,0,0,362,328,49,32,37,17,23,6,16,1,0.0,0.0
SS,Arky Vaughan,Arky,Vaughan,Canterbury Tails,5' 10',175 lbs,L,R,101,Pittsburgh Pirates,PIT,1935,1921-1945,,85021,Perfect,Heart Attack - Historical All-Star  SS Arky Vaughan  PIT  1935,0,N,0,131,90,101,149,169,148,84,77,140,179,125,93,113,152,166,38,4,Normal,Spray,Spray,1,1,1,3,1,1,1,3,1,1,1,3,16,-,-,-,-,-,-,-,-,-,-,-,1,NEU,90-92,3/4,Normal,1,6,-,-,-,105,68,97,84,6,4,4,-,-,-,-,102,98,-,-,-,148,-,-,-,102,98,-,-,-,67,46,40,81,144,141,644,566,151,101,34,2,14,69,78,66,1,5,0,7,0,88,5,84.4,1.52,82,5.9,2.9,3.97,0,2,-1.5,-0.1,0,0,0,0,0,0,0,0.0,0,0,0,0,0,0,0,0,0,0,0,0,0,0,0,0,0,0,0,0,0,0.00,0,0,0,0,0,0.0,0.0,0.0,0.00,143,141,528,354,161,13,71,0,3.66,-3.4,.981,0,0,1265.0,0,0,374,350,49,30,34,24,26,6,16,0,0.0,-0.3
SS,Arky Vaughan,Arky,Vaughan,Tulsa Doom,5' 10',175 lbs,L,R,101,Pittsburgh Pirates,PIT,1935,1921-1945,,85021,Perfect,Heart Attack - Historical All-Star  SS Arky Vaughan  PIT  1935,0,N,0,131,90,101,149,169,148,84,77,140,179,125,93,113,152,166,38,4,Normal,Spray,Spray,1,1,1,3,1,1,1,3,1,1,1,3,16,-,-,-,-,-,-,-,-,-,-,-,1,NEU,90-92,3/4,Normal,1,6,-,-,-,105,68,97,84,6,4,4,-,-,-,-,102,98,-,-,-,148,-,-,-,102,98,-,-,-,67,46,40,81,143,141,579,514,130,89,25,4,12,52,58,61,1,3,0,1,0,83,10,67.9,1.50,68,0.1,1.1,3.87,0,2,-1.5,-1.4,0,0,0,0,0,0,0,0.0,0,0,0,0,0,0,0,0,0,0,0,0,0,0,0,0,0,0,0,0,0,0.00,0,0,0,0,0,0.0,0.0,0.0,0.00,136,136,414,291,98,25,31,0,2.96,-7.2,.967,0,0,1184.0,0,0,369,341,39,25,15,5,17,2,18,1,0.0,0.0
SS,Arky Vaughan,Arky,Vaughan,Dark Web Hackers,5' 10',175 lbs,L,R,101,Pittsburgh Pirates,PIT,1935,1921-1945,,85021,Perfect,Heart Attack - Historical All-Star  SS Arky Vaughan  PIT  1935,0,N,0,131,90,101,149,169,148,84,77,140,179,125,93,113,152,166,38,4,Normal,Spray,Spray,1,1,1,3,1,1,1,3,1,1,1,3,16,-,-,-,-,-,-,-,-,-,-,-,1,NEU,90-92,3/4,Normal,1,6,-,-,-,105,68,97,84,6,4,4,-,-,-,-,102,98,-,-,-,148,-,-,-,102,98,-,-,-,67,46,40,81,130,100,462,403,115,89,14,2,10,44,53,51,0,3,0,5,0,69,12,61.0,-0.31,63,8.4,1.7,3.84,0,0,0.0,-0.0,0,0,0,0,0,0,0,0.0,0,0,0,0,0,0,0,0,0,0,0,0,0,0,0,0,0,0,0,0,0,0.00,0,0,0,0,0,0.0,0.0,0.0,0.00,110,93,243,166,63,14,12,0,2.45,-5.9,.959,0,0,840.1,0,0,204,188,37,21,22,12,13,1,12,0,0.0,0.0
3B,Arky Vaughan,Arky,Vaughan,Webster Groves Supercells,5' 10',175 lbs,L,R,101,Pittsburgh Pirates,PIT,1935,1921-1945,,85021,Perfect,Heart Attack - Historical All-Star  SS Arky Vaughan  PIT  1935,0,N,0,131,90,101,149,169,148,84,77,140,179,125,93,113,152,166,38,4,Normal,Spray,Spray,1,1,1,3,1,1,1,3,1,1,1,3,16,-,-,-,-,-,-,-,-,-,-,-,1,NEU,90-92,3/4,Normal,1,6,-,-,-,105,68,97,84,6,4,4,-,-,-,-,102,98,-,-,-,148,-,-,-,102,98,-,-,-,67,46,40,81,118,103,496,442,131,89,26,2,14,51,75,52,1,0,0,2,0,65,9,75.4,1.82,75,16.7,2.7,3.94,0,2,-1.4,1.5,0,0,0,0,0,0,0,0.0,0,0,0,0,0,0,0,0,0,0,0,0,0,0,0,0,0,0,0,0,0,0.00,0,0,0,0,0,0.0,0.0,0.0,0.00,107,101,306,221,64,21,37,0,2.87,-6.0,.952,0,0,893.2,0,0,256,235,37,25,18,7,11,4,19,1,0.0,0.0
3B,Arky Vaughan,Arky,Vaughan,New Haven Corsairs,5' 10',175 lbs,L,R,101,Pittsburgh Pirates,PIT,1935,1921-1945,,85021,Perfect,Heart Attack - Historical All-Star  SS Arky Vaughan  PIT  1935,0,N,0,131,90,101,149,169,148,84,77,140,179,125,93,113,152,166,38,4,Normal,Spray,Spray,1,1,1,3,1,1,1,3,1,1,1,3,16,-,-,-,-,-,-,-,-,-,-,-,1,NEU,90-92,3/4,Normal,1,6,-,-,-,105,68,97,84,6,4,4,-,-,-,-,102,98,-,-,-,148,-,-,-,102,98,-,-,-,67,46,40,81,142,141,605,523,141,100,23,6,12,64,85,68,0,8,1,5,0,87,9,80.8,1.29,81,9.5,2.8,4.02,0,0,0.0,0.1,0,0,0,0,0,0,0,0.0,0,0,0,0,0,0,0,0,0,0,0,0,0,0,0,0,0,0,0,0,0,0.00,0,0,0,0,0,0.0,0.0,0.0,0.00,141,139,373,281,70,22,23,0,2.64,-3.0,.980,0,0,1194.2,0,0,322,300,33,21,31,16,23,8,31,1,0.0,0.0
3B,Arky Vaughan,Arky,Vaughan,Gastonia Peaches,5' 10',175 lbs,L,R,101,Pittsburgh Pirates,PIT,1935,1921-1945,,85021,Perfect,Heart Attack - Historical All-Star  SS Arky Vaughan  PIT  1935,0,N,0,131,90,101,149,169,148,84,77,140,179,125,93,113,152,166,38,4,Normal,Spray,Spray,1,1,1,3,1,1,1,3,1,1,1,3,16,-,-,-,-,-,-,-,-,-,-,-,1,NEU,90-92,3/4,Normal,1,6,-,-,-,105,68,97,84,6,4,4,-,-,-,-,102,98,-,-,-,148,-,-,-,102,98,-,-,-,67,46,40,81,37,33,132,116,33,28,3,1,1,13,18,14,0,2,0,0,0,21,6,14.4,0.49,16,1.1,0.4,4.02,0,1,-0.6,1.2,0,0,0,0,0,0,0,0.0,0,0,0,0,0,0,0,0,0,0,0,0,0,0,0,0,0,0,0,0,0,0.00,0,0,0,0,0,0.0,0.0,0.0,0.00,34,33,85,62,16,7,7,0,2.69,-2.1,.958,0,0,260.2,0,0,74,65,9,6,8,4,3,1,6,1,0.0,0.0
3B,Arky Vaughan,Arky,Vaughan,Madison Moundsmen - CG,5' 10',175 lbs,L,R,101,Pittsburgh Pirates,PIT,1935,1921-1945,,85021,Perfect,Heart Attack - Historical All-Star  SS Arky Vaughan  PIT  1935,0,N,0,131,90,101,149,169,148,84,77,140,179,125,93,113,152,166,38,4,Normal,Spray,Spray,1,1,1,3,1,1,1,3,1,1,1,3,16,-,-,-,-,-,-,-,-,-,-,-,1,NEU,90-92,3/4,Normal,1,6,-,-,-,105,68,97,84,6,4,4,-,-,-,-,102,98,-,-,-,148,-,-,-,102,98,-,-,-,67,46,40,81,142,142,616,554,156,120,22,6,8,71,76,57,0,2,0,3,0,89,10,76.3,2.15,76,3.6,2.6,3.85,1,2,-1.3,2.2,0,0,0,0,0,0,0,0.0,0,0,0,0,0,0,0,0,0,0,0,0,0,0,0,0,0,0,0,0,0,0.00,0,0,0,0,0,0.0,0.0,0.0,0.00,142,142,429,330,80,19,35,0,2.93,-1.1,1.000,0,0,1259.0,0,0,374,350,51,38,23,10,18,2,21,3,0.0,0.0
SS,Arky Vaughan,Arky,Vaughan,Berlin Speed Dealers SoM,5' 10',175 lbs,L,R,101,Pittsburgh Pirates,PIT,1935,1921-1945,,85021,Perfect,Heart Attack - Historical All-Star  SS Arky Vaughan  PIT  1935,0,N,0,131,90,101,149,169,148,84,77,140,179,125,93,113,152,166,38,4,Normal,Spray,Spray,1,1,1,3,1,1,1,3,1,1,1,3,16,-,-,-,-,-,-,-,-,-,-,-,1,NEU,90-92,3/4,Normal,1,6,-,-,-,105,68,97,84,6,4,4,-,-,-,-,102,98,-,-,-,148,-,-,-,102,98,-,-,-,67,46,40,81,146,144,651,586,173,125,28,2,18,68,77,58,0,3,2,2,0,94,9,95.3,6.33,94,16.8,4.0,3.84,0,1,-1.1,0.9,0,0,0,0,0,0,0,0.0,0,0,0,0,0,0,0,0,0,0,0,0,0,0,0,0,0,0,0,0,0,0.00,0,0,0,0,0,0.0,0.0,0.0,0.00,144,144,446,303,134,9,60,0,3.18,-2.6,.977,0,0,1236.0,0,0,310,287,54,42,33,14,29,12,25,2,0.0,0.0
SS,Honus Wagner,Honus,Wagner,Freedom Grabbers - HotL,5' 11',200 lbs,R,R,99,Pittsburgh Pirates,PIT,1903,2026,UTIL,85540,Diamond,Memorial Day OnStream Builds - Super Utility  SS Honus Wagner  PIT  1903,0,N,0,120,118,89,79,165,102,120,100,72,178,127,117,86,81,161,78,57,Groundball,Normal,Normal,1,1,1,4,1,1,1,4,1,1,1,4,-,-,-,16,-,17,-,-,-,-,-,-,2,NEU,89-91,3/4,Normal,1,11,-,-,-,109,86,96,105,81,120,85,-,-,89,-,114,113,-,-,104,156,-,89,-,114,113,-,-,104,93,88,94,96,43,35,142,132,29,23,2,2,2,13,10,7,0,0,2,1,0,23,6,9.1,-0.48,8,-8.5,-0.5,3.98,0,1,-0.6,0.1,0,0,0,0,0,0,0,0.0,0,0,0,0,0,0,0,0,0,0,0,0,0,0,0,0,0,0,0,0,0,0.00,0,0,0,0,0,0.0,0.0,0.0,0.00,43,35,172,53,115,4,18,0,4.69,0.0,1.003,0,0,322.1,0,0,81,77,6,4,2,1,0,0,5,0,0.0,0.0
SS,Honus Wagner,Honus,Wagner,Houston Swangas,5' 11',200 lbs,R,R,99,Pittsburgh Pirates,PIT,1903,2026,UTIL,85540,Diamond,Memorial Day OnStream Builds - Super Utility  SS Honus Wagner  PIT  1903,0,N,0,120,118,89,79,165,102,120,100,72,178,127,117,86,81,161,78,57,Groundball,Normal,Normal,1,1,1,4,1,1,1,4,1,1,1,4,-,-,-,16,-,17,-,-,-,-,-,-,2,NEU,89-91,3/4,Normal,1,11,-,-,-,109,86,96,105,81,120,85,-,-,89,-,114,113,-,-,104,156,-,89,-,114,113,-,-,104,93,88,94,96,69,32,122,112,32,19,6,2,5,17,16,6,0,1,0,3,0,26,1,19.0,0.61,17,3.0,0.8,3.93,1,0,0.2,1.4,0,0,0,0,0,0,0,0.0,0,0,0,0,0,0,0,0,0,0,0,0,0,0,0,0,0,0,0,0,0,0.00,0,0,0,0,0,0.0,0.0,0.0,0.00,71,32,189,75,111,3,17,0,5.15,-0.4,.997,0,0,325.1,0,0,94,88,6,5,9,4,6,2,6,0,0.0,0.0
SS,Honus Wagner,Honus,Wagner,Tulsa Doom,5' 11',200 lbs,R,R,99,Pittsburgh Pirates,PIT,1903,2026,UTIL,85540,Diamond,Memorial Day OnStream Builds - Super Utility  SS Honus Wagner  PIT  1903,0,N,0,120,118,89,79,165,102,120,100,72,178,127,117,86,81,161,78,57,Groundball,Normal,Normal,1,1,1,4,1,1,1,4,1,1,1,4,-,-,-,16,-,17,-,-,-,-,-,-,2,NEU,89-91,3/4,Normal,1,11,-,-,-,109,86,96,105,81,120,85,-,-,89,-,114,113,-,-,104,156,-,89,-,114,113,-,-,104,93,88,94,96,73,50,200,187,44,28,9,1,6,27,18,9,0,2,0,2,0,31,7,18.6,-0.94,18,-5.2,0.5,3.85,1,0,0.1,1.7,0,0,0,0,0,0,0,0.0,0,0,0,0,0,0,0,0,0,0,0,0,0,0,0,0,0,0,0,0,0,0.00,0,0,0,0,0,0.0,0.0,0.0,0.00,71,49,237,111,120,6,20,0,4.47,1.1,1.020,0,0,465.0,0,0,128,123,19,12,14,9,9,4,11,0,0.0,0.0
3B,Honus Wagner,Honus,Wagner,Everett Aquasox,5' 11',200 lbs,R,R,99,Pittsburgh Pirates,PIT,1903,2026,UTIL,85540,Diamond,Memorial Day OnStream Builds - Super Utility  SS Honus Wagner  PIT  1903,0,N,0,120,118,89,79,165,102,120,100,72,178,127,117,86,81,161,78,57,Groundball,Normal,Normal,1,1,1,4,1,1,1,4,1,1,1,4,-,-,-,16,-,17,-,-,-,-,-,-,2,NEU,89-91,3/4,Normal,1,11,-,-,-,109,86,96,105,81,120,85,-,-,89,-,114,113,-,-,104,156,-,89,-,114,113,-,-,104,93,88,94,96,144,144,542,505,128,101,16,4,7,49,56,25,0,6,0,6,0,92,10,51.1,-2.45,46,-17.3,0.2,3.75,3,0,0.3,1.1,0,0,0,0,0,0,0,0.0,0,0,0,0,0,0,0,0,0,0,0,0,0,0,0,0,0,0,0,0,0,0.00,0,0,0,0,0,0.0,0.0,0.0,0.00,145,144,442,297,124,21,37,0,2.98,-2.2,.982,0,0,1270.2,0,0,344,314,55,45,41,24,16,4,19,2,0.0,0.0
SS,Honus Wagner,Honus,Wagner,Shibuya Shredders - GH,5' 11',200 lbs,R,R,99,Pittsburgh Pirates,PIT,1903,2026,UTIL,85540,Diamond,Memorial Day OnStream Builds - Super Utility  SS Honus Wagner  PIT  1903,0,Y,5,130,127,97,86,177,110,130,108,79,191,137,126,93,88,173,78,57,Groundball,Normal,Normal,1,1,1,6,1,1,1,6,1,1,1,6,-,-,-,16,-,17,-,-,-,-,-,-,2,NEU,89-91,3/4,Normal,1,11,-,-,-,109,86,96,105,81,120,85,-,-,96,-,122,121,-,-,111,166,-,96,-,122,121,-,-,111,93,88,94,96,141,141,534,491,144,101,23,6,14,77,64,31,0,5,3,4,0,71,12,73.5,2.93,72,9.1,3.2,3.76,5,2,-0.2,0.8,0,0,0,0,0,0,0,0.0,0,0,0,0,0,0,0,0,0,0,0,0,0,0,0,0,0,0,0,0,0,0.00,0,0,0,0,0,0.0,0.0,0.0,0.00,141,141,545,372,152,21,78,0,3.80,-2.6,.997,0,0,1241.2,0,0,377,348,52,35,41,22,21,8,23,2,0.0,0.0
RF,Jordan Walker,Jordan,Walker,New Platson Grand Petites HotL,6' 5',250 lbs,R,R,100,St. Louis Cardinals,STL,2026,2026,CS,86288,Perfect,Clubhouse - HR Derby Winner  RF Jordan Walker  STL  2026,0,N,0,90,75,198,106,100,90,75,190,125,100,90,75,200,100,100,29,21,Flyball,Pull,Pull,1,1,1,4,1,1,1,4,1,1,1,4,17,-,-,-,-,-,-,-,-,-,-,-,1,NEU,93-95,3/4,Normal,1,19,-,-,-,10,10,5,1,70,75,120,-,-,-,-,-,-,94,-,102,17,-,-,-,-,-,94,-,102,108,67,87,90,146,146,618,551,129,79,17,2,31,73,84,58,0,4,1,4,0,142,10,76.0,0.76,76,2.8,0.9,3.94,4,3,-1.0,-0.8,0,0,0,0,0,0,0,0.0,0,0,0,0,0,0,0,0,0,0,0,0,0,0,0,0,0,0,0,0,0,0.00,0,0,0,0,0,0.0,0.0,0.0,0.00,146,146,295,12,281,2,0,0,2.03,-6.5,.977,0,0,1298.0,0,0,237,226,61,40,40,9,33,5,52,1,0.0,1.3
2B,JJ Wetherholt,JJ,Wetherholt,-,5' 10',190 lbs,L,R,96,St. Louis Cardinals,STL,2026,2026,,84633,Diamond,FLF 2 - Future Legend  2B JJ Wetherholt  STL  2026,0,N,0,125,110,71,109,128,112,98,67,99,112,130,115,73,113,133,41,42,Groundball,Normal,Normal,1,1,78,1,1,1,67,1,1,1,86,1,16,-,-,-,-,-,-,-,-,-,-,-,1,EX FB,75-80,3/4,Normal,1,1,1,1,1,76,81,71,83,62,72,55,-,-,-,90,8,73,-,-,-,134,-,76,90,79,73,71,45,63,82,66,103,86,18,4,33,27,6,4,2,0,0,5,4,5,0,0,0,1,0,5,0,3.3,0.33,3,-0.8,0.1,4.79,0,0,0.0,0.3,0,0,0,0,0,0,0,0.0,0,0,0,0,0,0,0,0,0,0,0,0,0,0,0,0,0,0,0,0,0,0.00,0,0,0,0,0,0.0,0.0,0.0,0.00,12,4,20,10,10,0,5,0,3.21,0.1,1.037,0,0,56.0,0,0,11,11,0,0,1,1,2,0,2,0,0.0,0.0
LF,Ken Williams,Ken,Williams,Shibuya Shredders - GH,6' 0',170 lbs,L,R,100,St. Louis Browns,BAL,1922,1921-1945,BBR,85315,Perfect,Baseball Reference 2  LF Ken Williams  SLA  1922,0,N,0,89,105,137,119,113,115,87,144,88,86,82,113,135,132,125,87,77,Flyball,Normal,Normal,1,1,1,1,1,1,1,1,1,1,1,1,16,-,-,-,-,-,-,-,-,-,-,-,1,NEU,90-92,3/4,Normal,1,11,-,-,-,7,2,2,8,106,70,88,-,-,-,-,-,-,124,112,-,5,-,-,-,-,-,124,112,-,86,88,102,93,94,81,337,315,69,48,8,4,9,43,39,17,0,1,1,3,0,65,5,28.1,-0.92,25,-14.7,-0.6,3.92,2,3,-1.2,2.4,0,0,0,0,0,0,0,0.0,0,0,0,0,0,0,0,0,0,0,0,0,0,0,0,0,0,0,0,0,0,0.00,0,0,0,0,0,0.0,0.0,0.0,0.00,75,75,167,1,161,5,0,0,2.18,-0.7,1.002,0,0,669.1,0,0,128,121,38,28,23,9,25,3,28,0,0.0,-1.0
3B,Jud Wilson,Jud,Wilson,Freedom Grabbers - HotL,5' 8',195 lbs,L,R,100,Baltimore Black Sox,,1927,1921-1945,CS,85178,Perfect,Clubhouse - Negro League Star  3B Jud Wilson  BBS  1927,0,N,0,138,137,117,109,111,125,124,108,97,103,143,141,120,114,114,57,51,Groundball,Pull,Normal,1,1,1,5,1,1,1,5,1,1,1,5,16,-,-,-,-,-,-,-,-,-,-,-,1,NEU,90-92,OTT,Normal,1,23,-,-,-,89,59,96,43,4,9,4,-,-,65,81,85,-,-,-,-,131,-,65,81,85,-,-,-,-,87,101,107,91,125,101,411,358,79,55,14,1,9,41,42,44,1,2,0,7,0,85,9,39.1,-1.30,37,-11.2,-0.6,3.94,7,2,0.4,1.2,0,0,0,0,0,0,0,0.0,0,0,0,0,0,0,0,0,0,0,0,0,0,0,0,0,0,0,0,0,0,0.00,0,0,0,0,0,0.0,0.0,0.0,0.00,11,4,37,11,26,0,2,0,7.51,0.4,1.047,0,0,44.1,0,0,12,12,1,1,0,0,0,0,0,0,0.0,0.0
3B,Jud Wilson,Jud,Wilson,Canterbury Tails,5' 8',195 lbs,L,R,100,Baltimore Black Sox,,1927,1921-1945,CS,85178,Perfect,Clubhouse - Negro League Star  3B Jud Wilson  BBS  1927,0,N,0,138,137,117,109,111,125,124,108,97,103,143,141,120,114,114,57,51,Groundball,Pull,Normal,1,1,1,5,1,1,1,5,1,1,1,5,16,-,-,-,-,-,-,-,-,-,-,-,1,NEU,90-92,OTT,Normal,1,23,-,-,-,89,59,96,43,4,9,4,-,-,65,81,85,-,-,-,-,131,-,65,81,85,-,-,-,-,87,101,107,91,74,1,80,67,11,8,2,0,1,8,12,10,1,2,1,0,0,19,1,6.0,-0.41,4,-5.1,-0.2,4.03,5,0,1.2,-0.6,0,0,0,0,0,0,0,0.0,0,0,0,0,0,0,0,0,0,0,0,0,0,0,0,0,0,0,0,0,0,0.00,0,0,0,0,0,0.0,0.0,0.0,0.00,46,1,61,14,47,0,4,0,5.95,0.5,1.043,0,0,92.1,0,0,18,18,3,3,3,1,0,0,1,0,0.0,0.0
3B,Jud Wilson,Jud,Wilson,Berlin Speed Dealers SoM,5' 8',195 lbs,L,R,100,Baltimore Black Sox,,1927,1921-1945,CS,85178,Perfect,Clubhouse - Negro League Star  3B Jud Wilson  BBS  1927,0,N,0,138,137,117,109,111,125,124,108,97,103,143,141,120,114,114,57,51,Groundball,Pull,Normal,1,1,1,5,1,1,1,5,1,1,1,5,16,-,-,-,-,-,-,-,-,-,-,-,1,NEU,90-92,OTT,Normal,1,23,-,-,-,89,59,96,43,4,9,4,-,-,65,81,85,-,-,-,-,131,-,65,81,85,-,-,-,-,87,101,107,91,129,103,442,399,102,75,20,0,7,52,53,36,0,2,2,3,0,103,12,44.8,-0.78,45,-7.2,0.3,4.00,8,4,-0.4,1.0,0,0,0,0,0,0,0,0.0,0,0,0,0,0,0,0,0,0,0,0,0,0,0,0,0,0,0,0,0,0,0.00,0,0,0,0,0,0.0,0.0,0.0,0.00,126,101,376,228,129,19,22,0,3.62,-5.6,.969,0,0,888.2,0,0,280,256,38,30,14,5,20,2,6,0,0.0,0.0
RF,Dave Winfield,Dave,Winfield,Shakedown 1977 Microbus TTC - GH,6' 6',220 lbs,R,R,100,San Diego Padres,SDP,1979,1961-1979,HOF,85473,Perfect,Mr. May - Hall of Fame  RF Dave Winfield  SD  1979,0,N,0,107,88,132,125,100,105,80,144,170,130,108,91,128,110,94,75,78,Normal,Normal,Normal,1,1,1,5,1,1,1,5,1,1,1,5,16,-,-,-,-,-,-,-,-,-,-,-,1,NEU,89-91,3/4,Normal,1,18,-,-,-,5,3,2,9,109,93,120,-,-,-,-,-,-,-,126,144,4,-,-,-,-,-,-,126,144,106,62,71,112,149,143,576,518,127,87,20,5,15,54,66,49,0,7,2,0,0,129,6,67.3,-1.03,64,-3.3,1.4,3.89,3,0,0.3,-0.3,0,0,0,0,0,0,0,0.0,0,0,0,0,0,0,0,0,0,0,0,0,0,0,0,0,0,0,0,0,0,0.00,0,0,0,0,0,0.0,0.0,0.0,0.00,145,143,277,12,257,8,2,0,1.94,2.1,1.031,0,0,1245.1,0,0,216,212,42,24,32,11,44,7,49,3,0.0,3.4
RF,Dave Winfield,Dave,Winfield,Grover Beach Grouches,6' 6',220 lbs,R,R,100,San Diego Padres,SDP,1979,1961-1979,HOF,85473,Perfect,Mr. May - Hall of Fame  RF Dave Winfield  SD  1979,34 705,N,0,107,88,132,125,100,105,80,144,170,130,108,91,128,110,94,75,78,Normal,Normal,Normal,1,1,1,5,1,1,1,5,1,1,1,5,16,-,-,-,-,-,-,-,-,-,-,-,1,NEU,89-91,3/4,Normal,1,18,-,-,-,5,3,2,9,109,93,120,-,-,-,-,-,-,-,126,144,4,-,-,-,-,-,-,126,144,106,62,71,112,93,69,269,239,57,39,10,2,6,29,25,24,0,3,2,1,0,61,4,28.8,0.14,28,-3.7,0.7,3.94,1,1,-0.5,0.8,0,0,0,0,0,0,0,0.0,0,0,0,0,0,0,0,0,0,0,0,0,0,0,0,0,0,0,0,0,0,0.00,0,0,0,0,0,0.0,0.0,0.0,0.00,82,69,154,5,149,0,0,0,2.26,-1.6,.999,0,0,612.0,0,0,121,115,34,21,22,12,19,1,27,0,0.0,1.7
RF,Dave Winfield,Dave,Winfield,Webster Groves Supercells,6' 6',220 lbs,R,R,100,San Diego Padres,SDP,1979,1961-1979,HOF,85473,Perfect,Mr. May - Hall of Fame  RF Dave Winfield  SD  1979,0,N,0,107,88,132,125,100,105,80,144,170,130,108,91,128,110,94,75,78,Normal,Normal,Normal,1,1,1,5,1,1,1,5,1,1,1,5,16,-,-,-,-,-,-,-,-,-,-,-,1,NEU,89-91,3/4,Normal,1,18,-,-,-,5,3,2,9,109,93,120,-,-,-,-,-,-,-,126,144,4,-,-,-,-,-,-,126,144,106,62,71,112,88,68,295,257,63,43,12,3,5,33,28,33,0,2,0,3,0,59,6,32.9,0.40,33,-1.3,0.8,4.15,0,1,-0.7,2.8,0,0,0,0,0,0,0,0.0,0,0,0,0,0,0,0,0,0,0,0,0,0,0,0,0,0,0,0,0,0,0.00,0,0,0,0,0,0.0,0.0,0.0,0.00,79,68,179,7,169,3,0,0,2.56,0.1,1.004,0,0,618.0,0,0,143,141,33,20,13,4,16,3,27,1,0.0,1.0
RF,Dave Winfield,Dave,Winfield,Madison Moundsmen - CG,6' 6',220 lbs,R,R,100,San Diego Padres,SDP,1979,1961-1979,HOF,85473,Perfect,Mr. May - Hall of Fame  RF Dave Winfield  SD  1979,0,N,0,107,88,132,125,100,105,80,144,170,130,108,91,128,110,94,75,78,Normal,Normal,Normal,1,1,1,5,1,1,1,5,1,1,1,5,16,-,-,-,-,-,-,-,-,-,-,-,1,NEU,89-91,3/4,Normal,1,18,-,-,-,5,3,2,9,109,93,120,-,-,-,-,-,-,-,126,144,4,-,-,-,-,-,-,126,144,106,62,71,112,95,80,369,334,66,51,7,2,6,21,42,32,0,2,0,1,0,68,9,25.7,-2.36,23,-20.3,-0.7,3.86,2,1,-0.3,2.8,0,0,0,0,0,0,0,0.0,0,0,0,0,0,0,0,0,0,0,0,0,0,0,0,0,0,0,0,0,0,0.00,0,0,0,0,0,0.0,0.0,0.0,0.00,88,80,168,6,161,1,0,0,2.09,0.1,1.010,0,0,718.0,0,0,126,119,42,29,19,8,23,4,31,1,0.0,1.2
RF,Dave Winfield,Dave,Winfield,Mount Pleasant Mounties,6' 6',220 lbs,R,R,100,San Diego Padres,SDP,1979,1961-1979,HOF,85473,Perfect,Mr. May - Hall of Fame  RF Dave Winfield  SD  1979,0,N,0,107,88,132,125,100,105,80,144,170,130,108,91,128,110,94,75,78,Normal,Normal,Normal,1,1,1,5,1,1,1,5,1,1,1,5,16,-,-,-,-,-,-,-,-,-,-,-,1,NEU,89-91,3/4,Normal,1,18,-,-,-,5,3,2,9,109,93,120,-,-,-,-,-,-,-,126,144,4,-,-,-,-,-,-,126,144,106,62,71,112,113,93,389,354,91,59,12,5,15,55,48,27,0,2,1,5,0,80,8,47.8,-0.34,47,1.4,2.1,3.89,1,2,-1.0,3.3,0,0,0,0,0,0,0,0.0,0,0,0,0,0,0,0,0,0,0,0,0,0,0,0,0,0,0,0,0,0,0.00,0,0,0,0,0,0.0,0.0,0.0,0.00,99,93,213,9,202,2,0,0,2.29,2.0,1.003,0,0,828.0,0,0,148,144,54,39,27,13,31,5,44,1,0.0,1.8
3B,Brandon Wood,Brandon,Wood,Houston Swangas,6' 3',205 lbs,R,R,101,Los Angeles Angels,ANA,2008,2005-2014,HFL,86593,Perfect,Young & Old 2 - Historical Future Legend  3B Brandon Wood  LAA  2008,0,N,0,114,136,160,124,108,107,148,150,111,98,116,132,164,128,112,51,17,Normal,Pull,Pull,1,1,1,3,1,1,1,3,1,1,1,3,16,-,-,-,-,-,-,-,-,-,-,-,1,NEU,91-93,3/4,Normal,1,15,-,-,-,102,66,93,38,2,5,1,-,-,105,93,91,83,-,-,-,142,-,105,93,91,83,-,-,-,79,54,95,82,151,151,665,581,156,97,40,4,15,101,70,65,0,8,1,10,0,130,14,87.6,1.64,88,9.7,2.7,3.99,12,7,-1.1,2.8,0,0,0,0,0,0,0,0.0,0,0,0,0,0,0,0,0,0,0,0,0,0,0,0,0,0,0,0,0,0,0.00,0,0,0,0,0,0.0,0.0,0.0,0.00,151,151,1411,117,1288,6,130,0,9.45,5.6,1.037,0,0,1337.2,0,0,253,245,29,27,12,8,8,5,6,0,0.0,0.0
3B,Brandon Wood,Brandon,Wood,Shibuya Shredders - GH,6' 3',205 lbs,R,R,101,Los Angeles Angels,ANA,2008,2005-2014,HFL,86593,Perfect,Young & Old 2 - Historical Future Legend  3B Brandon Wood  LAA  2008,0,N,0,114,136,160,124,108,107,148,150,111,98,116,132,164,128,112,51,17,Normal,Pull,Pull,1,1,1,3,1,1,1,3,1,1,1,3,16,-,-,-,-,-,-,-,-,-,-,-,1,NEU,91-93,3/4,Normal,1,15,-,-,-,102,66,93,38,2,5,1,-,-,105,93,91,83,-,-,-,142,-,105,93,91,83,-,-,-,79,54,95,82,106,101,435,391,107,64,28,2,13,56,56,35,0,5,0,3,1,95,7,59.6,1.05,60,8.7,1.9,4.01,3,5,-2.1,2.3,0,0,0,0,0,0,0,0.0,0,0,0,0,0,0,0,0,0,0,0,0,0,0,0,0,0,0,0,0,0,0.00,0,0,0,0,0,0.0,0.0,0.0,0.00,111,101,313,212,87,14,29,0,2.94,-5.8,.958,0,0,915.2,0,0,249,226,33,25,13,6,12,3,17,0,0.0,0.0
3B,David Wright,David,Wright,Washington Border Collies,6' 0',205 lbs,R,R,100,New York Mets,NYM,2007,2005-2014,,83857,Perfect,Hardware Heroes  3B David Wright  NYM  2007,0,N,0,123,91,106,106,94,125,97,120,109,108,122,89,101,105,90,2,2,Groundball,Normal,Normal,1,1,1,1,1,1,1,1,1,1,1,1,16,-,-,-,-,-,-,-,-,-,-,-,1,NEU,92-94,OTT,Normal,1,7,-,-,-,107,78,99,39,3,3,9,-,-,-,-,102,-,-,-,-,151,-,-,-,102,-,-,-,-,76,63,85,89,55,48,192,174,40,32,5,0,3,19,20,14,0,2,0,2,0,47,4,15.6,-1.24,15,-7.7,-0.4,3.88,1,2,-0.9,1.1,0,0,0,0,0,0,0,0.0,0,0,0,0,0,0,0,0,0,0,0,0,0,0,0,0,0,0,0,0,0,0.00,0,0,0,0,0,0.0,0.0,0.0,0.00,52,48,156,106,41,9,11,0,3.08,-1.9,.956,0,0,429.1,0,0,125,118,20,13,12,4,13,5,7,1,0.0,0.0
RP,Trevor Hoffman,Trevor,Hoffman,Everett Aqua Sox,6' 1',200 lbs,R,R,100,San Diego Padres,SDP,1994,1993-2004,ME,83299,Perfect,Live Collection Reward - Hall of Fame  CL Trevor Hoffman  SD  1994,0,N,0,1,3,1,3,2,1,3,1,3,2,1,3,1,3,2,21,32,Normal,Spray,Spray,116,81,118,130,113,77,115,140,118,85,121,122,78,152,93,92,-,-,-,-,-,-,-,-,4,EX FB,90-92,3/4,Normal,12,93,-,-,-,25,20,22,23,3,9,2,52,-,-,-,-,-,-,-,-,52,-,-,-,-,-,-,-,-,7,4,6,9,,,0,0,0,0,0,0,0,0,0,0,0,0,0,0,0,0,0,0.0,0.00,0,-0.0,0.0,0.00,0,0,0.0,0.0,25,0,2,0,1,4,3,23.2,103,88,10,5,3,3,12,10,12,0,24,1,1,1,2,0,0,3,11,12,2,0.77,414,22,21,2,0,-0.0,-0.0,0.1,3.93,25,0,5,2,3,0,0,0,1.90,-0.2,1.077,2,0,23.2,0,0,0,0,2,2,1,0,0,0,0,0,-0.7,0.0
CL,Kenley Jansen,Kenley,Jansen,Dark Web Hackers,6' 5',265 lbs,S,R,100,Los Angeles Dodgers,LAD,2017,2015+,CS,85705,Perfect,Clubhouse - SwitchKnucklers - Historical All-Star  CL Kenley Jansen  LAD  2017,0,N,0,2,4,1,3,1,2,4,1,3,1,2,5,1,3,2,23,1,Normal,Normal,Normal,141,142,121,116,118,137,108,93,160,147,133,150,-,-,-,102,121,-,154,-,-,-,-,-,3,EX FB,95-97,OTT,Normal,19,48,-,-,-,27,20,23,23,3,9,9,55,-,-,-,-,-,-,-,-,55,-,-,-,-,-,-,-,-,13,4,6,22,,,0,0,0,0,0,0,0,0,0,0,0,0,0,0,0,0,0,0.0,0.00,0,-0.0,0.0,0.00,0,0,0.0,0.0,60,0,5,5,7,14,13,67.1,290,265,50,15,0,10,35,34,24,1,58,1,0,0,1,0,0,4,20,34,11,0.99,1178,66,65,7,6,-0.9,-0.0,0.3,4.00,60,0,12,5,7,0,0,0,1.60,1.5,1.077,13,6,67.1,0,0,2,2,4,3,0,0,0,0,0,0,-0.8,0.0
CL,Billy Wagner,Billy,Wagner,Berlin Speed Dealers SoM,5' 10',180 lbs,L,L,100,Atlanta Braves,ATL,2010,2005-2014,,85809,Perfect,Family Connections - Historical All-Star  CL Billy Wagner  ATL  2010,0,N,0,1,3,1,3,1,1,3,1,3,1,2,3,1,3,1,29,1,Normal,Normal,Normal,150,80,141,129,153,68,175,150,150,84,130,121,128,105,122,130,-,-,-,-,-,-,-,-,4,FB,95-97,OTT,Normal,14,65,-,-,-,29,20,24,23,3,5,3,57,-,-,-,-,-,-,-,-,57,-,-,-,-,-,-,-,-,10,4,6,15,,,0,0,0,0,0,0,0,0,0,0,0,0,0,0,0,0,0,0.0,0.00,0,-0.0,0.0,0.00,0,0,0.0,0.0,52,0,3,1,11,17,3,50.1,227,185,34,7,0,3,26,26,37,1,43,1,0,4,2,1,0,4,9,39,10,1.05,903,50,51,3,0,1.7,-0.0,0.2,5.07,52,0,9,6,3,0,2,0,1.61,-0.3,1.077,3,0,50.1,0,0,6,5,1,0,1,1,0,0,0,0,-0.4,0.0
RP,Takashi Saito,Takashi,Saito,Alexandria SafeZone,6' 2',200 lbs,L,R,100,Los Angeles Dodgers,LAD,2007,2005-2014,,83905,Perfect,Veteran Presence  CL Takashi Saito  LAD  2007,0,N,0,1,3,1,3,1,1,3,1,3,1,1,3,1,3,1,23,13,Normal,Normal,Normal,107,106,134,99,86,121,130,72,131,96,136,120,70,-,123,87,-,117,-,-,-,-,-,-,4,FB,92-94,3/4,Normal,19,99,-,-,-,28,20,24,23,8,2,9,56,-,-,-,-,-,-,-,-,56,-,-,-,-,-,-,-,-,13,4,6,22,,,0,0,0,0,0,0,0,0,0,0,0,0,0,0,0,0,0,0.0,0.00,0,-0.0,0.0,0.00,0,0,0.0,0.0,5,0,0,0,0,1,1,4.2,18,16,2,0,0,0,0,0,2,0,0,0,0,0,0,0,0,1,2,5,4,0.82,71,6,7,0,0,-0.3,-0.0,0.3,7.53,5,0,0,0,0,0,0,0,0.00,0.0,.000,0,0,4.2,0,0,0,0,0,0,0,0,0,0,0,0,-0.1,0.0
SP,Hilton Smith,Hilton,Smith,Rockford Peaches,6' 2',180 lbs,R,R,101,Kansas City Monarchs,KCM,1938,1921-1945,,85864,Perfect,Heart Attack - Negro League Star  SP Hilton Smith  KCM  1938,0,N,0,94,112,106,25,109,90,118,111,28,114,96,111,104,24,107,53,16,Normal,Pull,Normal,126,128,96,117,119,125,92,107,131,131,101,119,109,110,127,99,112,-,-,-,-,-,-,-,5,NEU,91-93,3/4,Normal,91,60,1,1,1,29,28,27,25,80,90,65,67,-,-,-,-,-,-,-,88,67,-,-,-,-,-,-,-,88,28,5,6,28,,,0,0,0,0,0,0,0,0,0,0,0,0,0,0,0,0,0,0.0,0.00,0,-0.0,0.0,0.00,0,0,0.0,0.0,47,0,2,0,6,8,5,71.2,313,282,55,13,1,9,32,30,26,0,58,3,0,2,4,0,0,7,20,40,14,0.80,1234,78,67,4,4,0.7,-0.0,0.7,4.20,46,0,11,9,2,0,0,0,1.38,1.4,1.077,8,4,71.2,0,0,5,5,3,2,1,1,0,0,0,0,-1.8,0.0
CL,Kenley Jansen,Kenley,Jansen,Canterbury Tails,6' 5',265 lbs,S,R,100,Los Angeles Dodgers,LAD,2017,2015+,CS,85705,Perfect,Clubhouse - SwitchKnucklers - Historical All-Star  CL Kenley Jansen  LAD  2017,0,N,0,2,4,1,3,1,2,4,1,3,1,2,5,1,3,2,23,1,Normal,Normal,Normal,141,142,121,116,118,137,108,93,160,147,133,150,-,-,-,102,121,-,154,-,-,-,-,-,3,EX FB,95-97,OTT,Normal,19,48,-,-,-,27,20,23,23,3,9,9,55,-,-,-,-,-,-,-,-,55,-,-,-,-,-,-,-,-,13,4,6,22,,,0,0,0,0,0,0,0,0,0,0,0,0,0,0,0,0,0,0.0,0.00,0,-0.0,0.0,0.00,0,0,0.0,0.0,72,0,4,4,15,19,8,58.2,259,231,41,13,3,9,36,32,19,0,55,3,1,5,2,0,0,6,15,45,14,1.25,1038,43,71,2,1,0.2,-0.0,-0.4,3.65,71,0,11,9,2,0,1,0,1.69,0.8,1.077,3,1,58.2,0,0,7,7,2,2,0,0,0,0,0,0,-0.4,0.0
RP,Jesse Orosco,Jesse,Orosco,Freedom Grabbers - HotL,6' 2',185 lbs,R,L,100,New York Mets,NYM,1983,1980-1992,,85083,Perfect,Happy Birthday Nico - Historical All-Star  CL Jesse Orosco  NYM  1983,0,N,0,7,3,1,3,2,7,3,1,4,2,7,3,1,3,2,22,4,Normal,Normal,Normal,117,84,131,126,126,89,140,146,114,83,128,120,98,-,-,111,-,-,-,-,-,-,-,-,2,FB,90-92,3/4,Normal,61,60,-,-,-,35,72,43,23,5,10,3,98,-,-,-,-,-,-,-,-,98,-,-,-,-,-,-,-,-,8,3,6,13,,,0,0,0,0,0,0,0,0,0,0,0,0,0,0,0,0,0,0.0,0.00,0,-0.0,0.0,0.00,0,0,0.0,0.0,57,0,1,3,15,19,13,47.1,214,187,37,8,1,4,25,24,27,0,37,0,0,0,3,0,0,4,9,42,18,1.33,869,41,58,5,1,-1.5,-0.0,0.1,4.90,55,0,6,1,3,2,0,0,0.76,-0.5,1.077,6,1,47.1,0,0,2,2,3,1,0,0,0,0,0,0,-1.1,0.0
SP,Mickey Welch,Mickey,Welch,Waltham River Otters,5' 8',160 lbs,R,R,100,New York Gothams,SFG,1884,2026,,85914,Perfect,Born on the 4th of July  SP Mickey Welch  NY1  1884,0,N,0,82,122,82,83,66,88,124,88,89,67,80,121,80,82,66,77,63,Line Drive,Normal,Normal,94,87,133,142,95,88,135,145,94,87,131,140,91,128,113,-,-,-,-,-,-,-,-,-,3,NEU,90-92,3/4,Normal,97,59,-,-,-,25,16,20,21,68,52,74,47,-,-,-,-,-,77,54,75,47,-,-,-,-,-,77,54,75,65,84,92,78,,,0,0,0,0,0,0,0,0,0,0,0,0,0,0,0,0,0,0.0,0.00,0,-0.0,0.0,0.00,0,0,0.0,0.0,49,0,4,2,2,9,6,70.1,325,289,54,19,1,9,45,38,33,0,60,1,0,2,3,1,0,5,18,35,12,0.75,1283,63,80,5,2,-0.5,-0.0,-0.4,4.44,47,0,10,5,4,1,0,0,1.15,-0.2,.808,7,2,70.1,0,0,5,4,3,2,0,0,0,0,0,0,-0.7,0.0
SP,Carl Hubbell,Carl,Hubbell,Englewood Pirates,6' 0',170 lbs,R,L,100,New York Giants,SFG,1934,1921-1945,ME,83325,Perfect,Live NL Collection - Historical All-Star  SP Carl Hubbell  NY1  1934,0,N,0,3,45,1,32,28,3,47,1,28,28,4,45,1,33,28,78,33,Normal,Spray,Spray,82,146,125,111,75,150,97,120,84,144,134,102,75,-,115,-,-,-,-,-,-,93,-,-,3,FB,89-91,3/4,Finesse,103,72,-,-,-,27,29,28,27,3,1,8,66,-,-,-,-,-,-,-,-,66,-,-,-,-,-,-,-,-,8,14,6,7,,,0,0,0,0,0,0,0,0,0,0,0,0,0,0,0,0,0,0.0,0.00,0,-0.0,0.0,0.00,0,0,0.0,0.0,59,0,1,2,5,7,10,81.1,355,313,57,17,1,10,47,47,30,0,65,4,2,6,2,2,0,7,22,30,12,0.95,1388,84,85,4,1,-1.1,-0.0,-0.3,4.26,58,0,11,5,5,1,0,0,1.11,-0.6,.808,5,1,81.1,0,0,4,3,4,2,0,0,0,0,0,0,-0.7,0.0
SP,Josh Johnson,Josh,Johnson,-,6' 7',245 lbs,L,R,100,Florida Marlins,FLA,2010,2005-2014,ME,86275,Perfect,All-Star Week Mission Reward  SP Josh Johnson  FLO  2010,0,N,0,1,6,1,6,3,4,3,1,7,1,1,7,1,6,4,64,5,Normal,Normal,Normal,131,113,97,138,129,88,104,130,133,140,93,145,126,118,116,125,-,-,-,-,-,-,-,-,4,NEU,94-96,3/4,Normal,72,52,-,-,-,27,38,29,23,2,10,4,74,-,-,-,-,-,-,-,-,74,-,-,-,-,-,-,-,-,5,5,6,5,,,0,0,0,0,0,0,0,0,0,0,0,0,0,0,0,0,0,0.0,0.00,0,-0.0,0.0,0.00,0,0,0.0,0.0,4,0,1,1,0,1,0,9.1,34,30,3,1,0,1,2,2,3,0,4,0,1,0,1,1,0,1,2,2,1,1.38,151,8,14,1,1,0.1,-0.0,0.4,5.25,4,0,4,1,3,0,0,0,3.86,0.1,1.077,2,1,9.1,0,0,1,1,0,0,1,0,0,0,0,0,-0.3,0.0
RP,Pedro Martinez,Pedro,Martinez,Houston Swangas,5' 11',170 lbs,R,R,100,New York Mets,NYM,2005,2005-2014,CS,84702,Perfect,Clubhouse - April Fools' Day  SP Pedro Martinez  NYM  2005,0,N,0,3,12,2,15,9,6,20,2,18,8,3,10,2,14,10,51,55,Normal,Normal,Normal,121,96,120,112,117,84,118,113,125,110,122,111,86,-,105,87,-,-,95,-,156,-,-,-,5,FB,88-90,3/4,Normal,92,54,-,-,-,25,19,22,23,2,7,5,51,-,-,-,-,-,-,-,-,51,-,-,-,-,-,-,-,-,5,5,6,5,,,0,0,0,0,0,0,0,0,0,0,0,0,0,0,0,0,0,0.0,0.00,0,-0.0,0.0,0.00,0,0,0.0,0.0,19,0,2,1,4,7,3,24.0,103,91,13,4,0,3,10,8,11,0,20,0,0,1,1,0,0,2,7,12,4,1.46,404,24,26,2,0,0.3,-0.0,0.4,4.36,19,0,7,1,5,1,0,0,2.25,-0.7,.539,2,0,24.0,0,0,2,1,0,0,0,0,0,0,0,0,0.0,0.0
RP,Tex Hughson,Tex,Hughson,Alexandria SafeZone,6' 3',200 lbs,R,R,100,Boston Red Sox,BOS,1944,1921-1945,CS,85819,Perfect,Clubhouse - Historical All-Star  SP Tex Hughson  BOS  1944,0,N,0,8,11,1,27,10,5,19,1,33,6,10,9,2,25,12,96,10,Normal,Spray,Spray,106,126,116,117,91,122,129,107,122,130,106,142,-,79,112,94,122,-,-,-,-,95,84,-,6,EX FB,90-92,3/4,Normal,99,62,-,-,-,29,36,29,23,10,9,2,74,-,-,-,-,-,-,-,-,74,-,-,-,-,-,-,-,-,11,4,6,18,,,0,0,0,0,0,0,0,0,0,0,0,0,0,0,0,0,0,0.0,0.00,0,-0.0,0.0,0.00,0,0,0.0,0.0,10,0,2,0,0,1,1,21.0,92,85,16,7,2,2,9,9,6,0,9,1,0,0,0,0,0,2,2,9,7,0.72,324,21,27,2,0,-0.2,-0.0,0.3,5.35,10,0,4,2,2,0,0,0,1.71,-0.3,1.077,2,0,21.0,0,0,1,1,1,0,1,1,0,0,0,0,-0.3,0.0
RP,Carl Hubbell,Carl,Hubbell,Alexandria SafeZone,6' 0',170 lbs,R,L,100,New York Giants,SFG,1934,1921-1945,ME,83325,Perfect,Live NL Collection - Historical All-Star  SP Carl Hubbell  NY1  1934,0,N,0,3,45,1,32,28,3,47,1,28,28,4,45,1,33,28,78,33,Normal,Spray,Spray,82,146,125,111,75,150,97,120,84,144,134,102,75,-,115,-,-,-,-,-,-,93,-,-,3,FB,89-91,3/4,Finesse,103,72,-,-,-,27,29,28,27,3,1,8,66,-,-,-,-,-,-,-,-,66,-,-,-,-,-,-,-,-,8,14,6,7,,,0,0,0,0,0,0,0,0,0,0,0,0,0,0,0,0,0,0.0,0.00,0,-0.0,0.0,0.00,0,0,0.0,0.0,27,0,1,2,0,5,5,37.2,165,151,23,18,1,4,19,17,13,0,20,0,0,1,0,0,0,4,10,35,9,0.98,632,42,42,1,3,0.0,-0.1,0.2,5.10,26,0,6,3,3,0,1,0,1.43,0.9,1.077,4,3,37.2,0,0,3,2,0,0,0,0,0,0,0,0,-0.3,0.0
SP,Pedro Martinez,Pedro,Martinez,Waltham River Otters,5' 11',170 lbs,R,R,100,New York Mets,NYM,2005,2005-2014,CS,84702,Perfect,Clubhouse - April Fools' Day  SP Pedro Martinez  NYM  2005,0,N,0,3,12,2,15,9,6,20,2,18,8,3,10,2,14,10,51,55,Normal,Normal,Normal,121,96,120,112,117,84,118,113,125,110,122,111,86,-,105,87,-,-,95,-,156,-,-,-,5,FB,88-90,3/4,Normal,92,54,-,-,-,25,19,22,23,2,7,5,51,-,-,-,-,-,-,-,-,51,-,-,-,-,-,-,-,-,5,5,6,5,,,0,0,0,0,0,0,0,0,0,0,0,0,0,0,0,0,0,0.0,0.00,0,-0.0,0.0,0.00,0,0,0.0,0.0,8,8,1,4,0,0,0,49.1,211,182,25,8,1,9,25,25,24,0,34,0,1,4,2,1,0,3,0,0,0,0.80,791,48,61,5,1,-0.2,-0.1,0.8,4.93,8,8,3,2,0,1,0,0,0.36,-0.9,.718,6,1,49.1,0,0,4,2,0,0,0,0,0,0,0,0,-0.5,0.0
RP,Jesse Orosco,Jesse,Orosco,Webster Groves Supercells,6' 2',185 lbs,R,L,100,New York Mets,NYM,1983,1980-1992,,85083,Perfect,Happy Birthday Nico - Historical All-Star  CL Jesse Orosco  NYM  1983,0,N,0,7,3,1,3,2,7,3,1,4,2,7,3,1,3,2,22,4,Normal,Normal,Normal,117,84,131,126,126,89,140,146,114,83,128,120,98,-,-,111,-,-,-,-,-,-,-,-,2,FB,90-92,3/4,Normal,61,60,-,-,-,35,72,43,23,5,10,3,98,-,-,-,-,-,-,-,-,98,-,-,-,-,-,-,-,-,8,3,6,13,,,0,0,0,0,0,0,0,0,0,0,0,0,0,0,0,0,0,0.0,0.00,0,-0.0,0.0,0.00,0,0,0.0,0.0,25,0,2,0,4,6,5,29.1,133,114,19,7,1,3,18,18,16,0,23,1,1,1,2,0,0,4,8,13,5,0.91,488,35,26,1,0,-0.4,-0.1,-0.1,4.79,25,0,6,6,0,0,1,0,1.84,-0.1,1.077,1,0,29.1,0,0,4,4,4,1,1,1,0,0,0,0,0.0,0.0
CL,Sean Doolittle,Sean,Doolittle,Madison Moundsmen - CG,6' 2',205 lbs,L,L,101,Washington Nationals,WSN,2018,2015+,CS,86281,Perfect,Clubhouse - Historical All-Star  CL Sean Doolittle  WAS  2018,0,N,0,1,3,1,3,1,1,3,1,3,1,1,3,1,3,1,21,1,Normal,Spray,Spray,152,125,181,119,180,66,200,160,143,150,175,115,128,-,-,123,-,-,-,-,-,-,-,-,2,EX FB,93-95,3/4,Normal,11,57,-,-,-,27,20,23,23,2,9,3,55,-,-,-,-,-,-,-,-,55,-,-,-,-,-,-,-,-,5,5,6,5,,,0,0,0,0,0,0,0,0,0,0,0,0,0,0,0,0,0,0.0,0.00,0,-0.0,0.0,0.00,0,0,0.0,0.0,56,0,4,7,7,23,14,55.1,243,214,30,12,2,7,25,23,24,1,46,2,0,3,2,0,0,1,32,16,4,1.94,921,43,74,1,0,-0.0,-0.1,0.8,4.28,56,0,4,3,0,1,0,0,0.49,-0.6,.646,1,0,55.1,0,0,2,1,3,2,0,0,0,0,0,0,-0.7,0.0
SP,Jack Coombs,Jack,Coombs,-,6' 0',185 lbs,S,R,100,Philadelphia Athletics,OAK,1910,2026,BBR,85937,Perfect,July Jewels - Baseball Reference 4  SP Jack Coombs  PHA  1910,0,Y,5,55,57,6,69,76,70,58,8,56,62,49,57,6,72,81,23,4,Normal,Normal,Normal,126,91,135,148,125,92,131,150,126,91,138,145,103,113,141,-,-,-,-,-,-,-,-,-,3,NEU,90-92,3/4,Normal,106,59,-,-,-,24,40,31,29,10,1,6,79,-,-,-,-,-,-,-,-,79,-,-,-,-,-,-,-,-,48,83,78,73,,,0,0,0,0,0,0,0,0,0,0,0,0,0,0,0,0,0,0.0,0.00,0,-0.0,0.0,0.00,0,0,0.0,0.0,12,12,5,6,0,0,0,56.1,265,233,38,21,4,9,44,44,26,0,38,3,1,2,2,0,0,5,0,0,0,0.96,1048,67,57,4,3,-1.4,-0.1,-0.6,4.96,12,12,11,4,6,1,1,0,1.60,0.1,.862,7,3,56.1,0,0,4,2,4,3,0,0,0,0,0,0,-1.1,0.0
RP,Tom Henke,Tom,Henke,Gastonia Peaches,6' 5',215 lbs,R,R,100,Toronto Blue Jays,TOR,1987,1980-1992,,85918,Perfect,Blue Jays 50th Anniversary  CL Tom Henke  TOR  1987,0,N,0,1,3,1,3,1,1,3,1,3,1,1,3,1,3,1,29,1,Normal,Spray,Spray,150,125,128,100,137,122,142,111,160,128,116,83,122,-,-,100,-,-,-,129,-,-,-,-,3,EX FB,92-94,3/4,Normal,25,57,-,-,-,35,20,26,23,3,9,2,64,-,-,-,-,-,-,-,-,64,-,-,-,-,-,-,-,-,5,4,6,5,,,0,0,0,0,0,0,0,0,0,0,0,0,0,0,0,0,0,0.0,0.00,0,-0.0,0.0,0.00,0,0,0.0,0.0,44,0,3,1,11,13,4,47.1,201,181,23,12,1,8,26,26,18,0,47,1,0,1,0,0,0,2,16,27,2,0.84,833,35,55,6,1,1.0,-0.1,0.0,3.55,44,0,10,4,6,0,0,0,1.90,-0.3,1.077,7,1,47.1,0,0,6,6,0,0,1,0,0,0,0,0,-1.1,0.0
CL,Josh Hader,Josh,Hader,Washington Border Collies,6' 3',185 lbs,L,L,100,Milwaukee Brewers,MIL,2018,2015+,,84066,Perfect,Historical All-Star  CL Josh Hader  MIL  2018,0,N,0,3,20,1,25,3,3,19,1,22,3,4,21,1,26,4,23,5,Normal,Normal,Normal,143,66,118,96,146,58,114,152,142,69,120,82,85,158,-,111,-,-,-,-,-,-,-,-,3,EX FB,94-96,SIDE,Normal,19,115,-,-,-,27,13,21,23,6,9,5,47,-,-,-,-,-,-,-,-,47,-,-,-,-,-,-,-,-,16,3,6,28,,,0,0,0,0,0,0,0,0,0,0,0,0,0,0,0,0,0,0.0,0.00,0,-0.0,0.0,0.00,0,0,0.0,0.0,58,0,2,5,7,9,14,67.0,314,279,64,11,1,9,39,35,32,1,55,1,0,2,2,1,0,6,22,36,8,1.13,1233,54,84,0,0,-2.4,-0.1,-0.0,4.57,56,0,4,3,1,0,0,0,0.54,-0.2,.808,0,0,67.0,0,0,2,1,2,2,0,0,0,0,0,0,-0.7,0.0
CL,Zack Britton,Zack,Britton,Sharpstown Bill Collectors,6' 3',195 lbs,L,L,102,Baltimore Orioles,BAL,2016,2015+,LE,86426,Perfect,Limited Edition/54  CL Zack Britton  BAL  2016,0,N,0,1,3,1,3,1,1,3,1,3,1,1,3,1,3,1,29,1,Normal,Normal,Normal,142,110,174,179,131,100,155,190,145,114,180,175,-,-,-,127,143,-,-,-,-,-,-,-,2,EX GB,95-97,3/4,GB'er,18,65,-,-,-,35,20,26,23,6,1,9,65,-,-,-,-,-,-,-,-,65,-,-,-,-,-,-,-,-,5,4,6,5,,,0,0,0,0,0,0,0,0,0,0,0,0,0,0,0,0,0,0.0,0.00,0,-0.0,0.0,0.00,0,0,0.0,0.0,40,0,2,4,0,15,7,44.0,195,173,28,11,0,7,21,19,20,2,44,1,0,1,0,2,0,5,33,4,2,1.86,787,40,42,0,1,0.1,-0.1,0.4,3.88,40,0,8,4,3,1,1,0,1.43,0.1,1.077,1,1,44.0,0,0,5,4,2,0,0,0,0,0,0,0,-0.4,0.0
RP,Jonny Venters,Jonny,Venters,Tulsa Doom,6' 3',200 lbs,L,L,98,Atlanta Braves,ATL,2011,2005-2014,BBR,86079,Diamond,Baseball Reference 5  RP Jonny Venters  ATL  2011,0,N,0,1,3,1,3,1,1,3,1,3,1,1,3,1,3,1,28,1,Normal,Normal,Normal,114,62,122,162,160,84,148,148,100,48,114,166,-,-,-,129,104,-,-,-,-,-,-,-,2,EX GB,94-96,3/4,GB'er,18,68,-,-,-,32,20,25,23,2,8,9,61,-,-,-,-,-,-,-,-,61,-,-,-,-,-,-,-,-,6,5,6,7,,,0,0,0,0,0,0,0,0,0,0,0,0,0,0,0,0,0,0.0,0.00,0,-0.0,0.0,0.00,0,0,0.0,0.0,39,0,2,1,12,9,5,31.2,148,122,21,7,1,3,18,18,22,0,30,1,2,1,1,0,0,4,6,19,5,1.09,598,34,27,0,0,0.0,-0.1,-0.1,4.70,38,0,5,3,2,0,0,0,1.42,0.0,1.077,0,0,31.2,0,0,3,2,1,1,0,0,0,0,0,0,-0.5,0.0
SP,Orel Hershiser,Orel,Hershiser,New Haven Corsairs,6' 3',190 lbs,R,R,102,Los Angeles Dodgers,LAD,1988,1980-1992,CS,83135,Perfect,Clubhouse - Baseball Reference 8  SP Orel Hershiser  LAD  1988,0,N,0,52,46,4,34,33,67,41,4,33,35,45,48,4,35,33,58,6,Normal,Spray,Spray,117,148,151,151,105,146,160,147,128,150,144,154,-,-,126,-,127,-,102,-,-,-,92,-,4,GB,89-91,3/4,GB'er,100,87,-,-,-,34,18,25,24,3,6,9,61,-,-,-,-,-,-,-,-,61,-,-,-,-,-,-,-,-,44,42,58,39,,,0,0,0,0,0,0,0,0,0,0,0,0,0,0,0,0,0,0.0,0.00,0,-0.0,0.0,0.00,0,0,0.0,0.0,20,16,6,8,1,0,3,99.0,440,397,64,28,3,18,68,64,38,0,68,2,0,3,2,0,0,12,2,0,0,0.99,1741,126,88,5,5,-1.9,-0.1,-0.3,4.68,20,16,13,9,3,1,0,0,1.09,0.8,.970,10,5,99.0,0,0,12,9,0,0,0,0,0,0,0,0,-1.6,0.0
SP,Josh Johnson,Josh,Johnson,-,6' 7',245 lbs,L,R,100,Florida Marlins,FLA,2010,2005-2014,ME,86275,Perfect,All-Star Week Mission Reward  SP Josh Johnson  FLO  2010,0,N,0,1,6,1,6,3,4,3,1,7,1,1,7,1,6,4,64,5,Normal,Normal,Normal,131,113,97,138,129,88,104,130,133,140,93,145,126,118,116,125,-,-,-,-,-,-,-,-,4,NEU,94-96,3/4,Normal,72,52,-,-,-,27,38,29,23,2,10,4,74,-,-,-,-,-,-,-,-,74,-,-,-,-,-,-,-,-,5,5,6,5,,,0,0,0,0,0,0,0,0,0,0,0,0,0,0,0,0,0,0.0,0.00,0,-0.0,0.0,0.00,0,0,0.0,0.0,14,0,1,1,3,2,4,19.2,89,81,13,7,1,3,17,16,7,0,13,0,1,0,3,0,0,4,5,5,0,0.95,334,20,22,2,1,-0.8,-0.1,-0.6,4.74,14,0,6,3,1,2,0,0,1.83,-0.3,.539,3,1,19.2,0,0,3,3,2,1,0,0,0,0,0,0,-0.1,0.0
RP,Satchel Paige,Satchel,Paige,Freedom Grabbers - HotL,6' 3',180 lbs,R,R,100,Kansas City Monarchs,KCM,1944,1921-1945,CS,84844,Perfect,Clubhouse - Negro League Star  SP Satchel Paige  KCM  1944,0,N,0,57,71,1,37,46,57,77,1,52,43,57,69,1,33,47,51,26,Normal,Spray,Normal,125,95,115,118,119,99,112,117,130,93,117,118,103,92,122,109,-,-,-,103,-,120,120,-,7,NEU,94-96,3/4,Normal,96,63,1,1,1,29,32,29,25,5,10,2,71,-,56,-,-,-,-,-,-,71,-,56,-,-,-,-,-,-,43,4,11,29,,,0,0,0,0,0,0,0,0,0,0,0,0,0,0,0,0,0,0.0,0.00,0,-0.0,0.0,0.00,0,0,0.0,0.0,65,0,3,4,4,10,13,93.1,396,352,52,21,3,12,48,38,35,1,71,3,1,5,2,0,0,11,27,45,8,0.89,1521,92,98,4,0,-1.0,-0.1,0.3,4.36,62,0,15,7,3,5,0,0,0.96,-1.4,.718,4,0,93.1,0,0,10,8,2,0,0,0,0,0,0,0,-1.4,0.0
RP,Josh Johnson,Josh,Johnson,Madison Mashers - CG,6' 7',245 lbs,L,R,100,Florida Marlins,FLA,2010,2005-2014,ME,86275,Perfect,All-Star Week Mission Reward  SP Josh Johnson  FLO  2010,0,N,0,1,6,1,6,3,4,3,1,7,1,1,7,1,6,4,64,5,Normal,Normal,Normal,131,113,97,138,129,88,104,130,133,140,93,145,126,118,116,125,-,-,-,-,-,-,-,-,4,NEU,94-96,3/4,Normal,72,52,-,-,-,27,38,29,23,2,10,4,74,-,-,-,-,-,-,-,-,74,-,-,-,-,-,-,-,-,5,5,6,5,,,0,0,0,0,0,0,0,0,0,0,0,0,0,0,0,0,0,0.0,0.00,0,-0.0,0.0,0.00,0,0,0.0,0.0,29,0,1,0,4,6,3,30.0,135,121,20,9,0,4,20,13,11,0,23,3,0,0,1,0,0,2,11,17,2,0.72,551,32,31,3,0,-0.0,-0.1,-0.4,4.40,28,0,5,2,3,0,0,0,1.50,-0.3,1.077,3,0,30.0,0,0,2,2,0,0,0,0,0,0,0,0,-0.4,0.0
RP,Satchel Paige,Satchel,Paige,Houston Swangas,6' 3',180 lbs,R,R,100,Kansas City Monarchs,KCM,1944,1921-1945,CS,84844,Perfect,Clubhouse - Negro League Star  SP Satchel Paige  KCM  1944,0,N,0,57,71,1,37,46,57,77,1,52,43,57,69,1,33,47,51,26,Normal,Spray,Normal,125,95,115,118,119,99,112,117,130,93,117,118,103,92,122,109,-,-,-,103,-,120,120,-,7,NEU,94-96,3/4,Normal,96,63,1,1,1,29,32,29,25,5,10,2,71,-,56,-,-,-,-,-,-,71,-,56,-,-,-,-,-,-,43,4,11,29,,,0,0,0,0,0,0,0,0,0,0,0,0,0,0,0,0,0,0.0,0.00,0,-0.0,0.0,0.00,0,0,0.0,0.0,44,0,1,4,7,8,10,62.0,271,246,50,10,1,9,40,38,21,1,48,2,1,1,3,1,0,6,17,25,7,0.90,1013,68,60,6,0,-0.8,-0.1,-0.6,4.25,44,0,10,4,6,0,0,0,1.45,-1.4,.862,6,0,62.0,0,0,5,4,2,0,0,0,0,0,0,0,-0.3,0.0
SP,Jack Coombs,Jack,Coombs,Dark Web Hackers,6' 0',185 lbs,S,R,100,Philadelphia Athletics,OAK,1910,2026,BBR,85937,Perfect,July Jewels - Baseball Reference 4  SP Jack Coombs  PHA  1910,0,N,0,50,52,4,63,70,64,53,6,51,56,44,52,4,66,74,23,4,Normal,Normal,Normal,117,84,125,137,116,85,121,139,117,84,128,135,103,113,141,-,-,-,-,-,-,-,-,-,3,NEU,90-92,3/4,Normal,106,59,-,-,-,24,40,31,29,10,1,6,73,-,-,-,-,-,-,-,-,73,-,-,-,-,-,-,-,-,48,83,78,73,,,0,0,0,0,0,0,0,0,0,0,0,0,0,0,0,0,0,0.0,0.00,0,-0.0,0.0,0.00,0,0,0.0,0.0,65,0,1,1,3,10,10,92.1,417,360,58,14,4,10,46,44,55,0,86,2,0,0,3,1,0,4,28,47,16,0.81,1694,93,89,5,2,0.1,-0.1,0.6,4.47,65,0,12,4,7,1,0,0,1.07,-0.5,.862,7,2,92.1,0,0,7,4,1,1,0,0,0,0,0,0,-1.6,0.0
CL,Rich Gossage,Rich,Gossage,Berlin Speed Dealers SoM,6' 3',215 lbs,R,R,101,New York Yankees,NYA,1982,1980-1992,HOF,85046,Perfect,All-Star Week - Hall of Fame  CL Rich Gossage  NYY  1982,0,N,0,1,3,1,3,1,1,3,1,3,1,1,3,1,3,1,27,17,Normal,Normal,Normal,153,100,141,144,133,72,138,150,169,133,143,140,136,-,-,134,-,-,-,-,-,-,-,-,2,EX FB,97-99,3/4,Normal,48,61,-,-,-,26,13,20,23,10,4,7,45,-,-,-,-,-,-,-,-,45,-,-,-,-,-,-,-,-,15,5,6,25,,,0,0,0,0,0,0,0,0,0,0,0,0,0,0,0,0,0,0.0,0.00,0,-0.0,0.0,0.00,0,0,0.0,0.0,78,0,3,5,23,22,19,77.2,344,299,55,14,2,9,37,36,37,1,60,1,4,3,4,1,0,9,28,32,16,1.37,1331,81,83,2,1,-2.8,-0.1,0.7,4.65,76,0,16,7,9,0,0,0,1.85,1.1,1.231,3,1,77.2,0,0,9,9,1,1,0,0,0,0,0,0,-1.2,0.0
RP,Andrew Miller,Andrew,Miller,Barnstable Beasts,6' 7',200 lbs,L,L,100,Boston Red Sox,BOS,2014,2005-2014,,85427,Perfect,May Birthdays - Historical All-Star  RP Andrew Miller  BOS  2014,0,N,0,9,3,1,3,1,7,3,1,3,1,10,4,1,3,1,25,58,Normal,Normal,Normal,140,80,128,119,160,98,112,106,134,74,133,135,124,-,-,117,108,-,-,-,-,-,-,-,3,EX GB,93-95,3/4,GB'er,12,79,-,-,-,23,20,22,23,8,5,2,50,-,-,-,-,-,-,-,-,50,-,-,-,-,-,-,-,-,16,5,6,27,,,0,0,0,0,0,0,0,0,0,0,0,0,0,0,0,0,0,0.0,0.00,0,-0.0,0.0,0.00,0,0,0.0,0.0,20,0,2,1,5,3,6,16.2,94,76,18,6,0,1,17,15,15,0,15,1,0,1,0,0,1,0,4,14,6,1.22,379,13,22,0,0,-0.8,-0.2,-0.9,5.50,20,0,2,2,0,0,0,0,1.08,-0.3,.718,0,0,16.2,0,0,1,1,2,1,0,0,0,0,0,0,-0.1,0.0
RP,Dellin Betances,Dellin,Betances,Waltham River Otters,6' 8',260 lbs,R,R,100,New York Yankees,NYY,2014,2005-2014,ME,83904,Perfect,Live Collection Reward - Historical All-Star  RP Dellin Betances  NYY  2014,0,N,0,1,3,1,3,1,1,3,1,3,1,1,3,1,3,1,26,26,Normal,Normal,Normal,140,86,121,111,140,105,116,140,140,71,126,87,100,-,166,107,-,-,-,-,-,-,-,-,3,NEU,98-100,3/4,Normal,25,33,-,-,-,27,20,23,23,10,10,7,55,-,-,-,-,-,-,-,-,55,-,-,-,-,-,-,-,-,5,5,6,5,,,0,0,0,0,0,0,0,0,0,0,0,0,0,0,0,0,0,0.0,0.00,0,-0.0,0.0,0.00,0,0,0.0,0.0,69,0,3,3,10,16,10,71.2,318,278,52,13,2,12,40,36,33,1,72,2,1,4,4,0,0,6,24,48,14,0.89,1265,66,66,9,4,-0.3,-0.2,0.1,3.88,67,0,7,3,3,1,1,0,0.75,-0.3,1.616,13,4,71.2,0,0,6,2,2,1,0,0,0,0,0,0,-0.8,0.0
CL,Daniel Palencia,Daniel,Palencia,Waltham River Otters,5' 11',160 lbs,R,R,100,Chicago Cubs,CHC,2026,2026,WBC,84613,Perfect,World Baseball Classic  CL Daniel Palencia  VEN  2026,0,N,0,1,3,1,3,1,1,4,1,3,2,1,3,1,3,1,25,5,Normal,Normal,Normal,143,85,121,121,140,82,112,118,145,88,128,126,134,-,-,127,-,118,-,-,-,-,-,-,3,FB,99-101,3/4,Normal,14,60,-,-,-,27,20,23,23,10,6,10,55,-,-,-,-,-,-,-,-,55,-,-,-,-,-,-,-,-,5,5,6,5,,,0,0,0,0,0,0,0,0,0,0,0,0,0,0,0,0,0,0.0,0.00,0,-0.0,0.0,0.00,0,0,0.0,0.0,64,0,1,3,6,9,11,52.2,228,197,33,6,1,7,29,29,24,0,42,3,0,4,3,1,0,4,18,37,12,0.96,937,53,56,4,0,-1.3,-0.2,0.1,4.49,64,0,14,4,9,1,1,0,2.22,-1.1,.808,4,0,52.2,0,0,5,3,2,1,0,0,0,0,0,0,-0.3,0.0
RP,Max Lanier,Max,Lanier,New Haven Corsairs,5' 11',180 lbs,R,L,100,St. Louis Cardinals,STL,1944,1921-1945,,83898,Perfect,Historical All-Star  SP Max Lanier  STL  1944,0,Y,5,13,32,1,41,19,19,39,1,38,20,11,28,1,42,19,79,42,Normal,Normal,Normal,130,84,114,126,155,120,172,125,121,71,90,126,90,122,85,-,-,-,-,-,-,-,136,-,4,NEU,90-92,3/4,Normal,76,54,-,-,-,25,23,24,25,7,10,7,59,-,-,-,-,-,-,-,-,59,-,-,-,-,-,-,-,-,7,5,6,9,,,0,0,0,0,0,0,0,0,0,0,0,0,0,0,0,0,0,0.0,0.00,0,-0.0,0.0,0.00,0,0,0.0,0.0,23,0,0,2,5,3,6,16.2,80,66,12,2,0,2,13,11,12,0,15,1,0,1,0,1,0,2,7,17,7,1.19,320,16,17,2,0,-0.9,-0.2,-0.4,4.95,21,0,2,0,2,0,0,0,1.08,-0.4,.000,2,0,16.2,0,0,2,1,0,0,0,0,0,0,0,0,-0.5,0.0
CL,Robb Nen,Robb,Nen,Gastonia Peaches,6' 4',200 lbs,R,R,101,San Francisco Giants,SFG,2000,1993-2004,,83906,Perfect,HOF Week - Snapshot  CL Robb Nen  SF  2000,0,N,0,1,3,1,3,1,1,3,1,3,1,1,3,1,3,1,28,13,Normal,Spray,Spray,148,106,125,138,160,95,97,130,139,117,151,144,75,-,137,94,-,153,-,-,-,-,-,-,4,FB,96-98,OTT,Normal,19,39,-,-,-,25,20,23,23,1,7,7,52,-,-,-,-,-,-,-,-,52,-,-,-,-,-,-,-,-,5,5,6,6,,,0,0,0,0,0,0,0,0,0,0,0,0,0,0,0,0,0,0.0,0.00,0,-0.0,0.0,0.00,0,0,0.0,0.0,16,0,0,0,0,2,2,15.0,74,62,14,4,0,3,12,12,10,0,17,0,0,2,0,0,0,1,8,8,4,0.70,298,11,14,4,1,-0.5,-0.2,-0.4,4.19,16,0,1,1,0,0,0,0,0.60,-0.1,1.077,5,1,15.0,0,0,0,0,1,1,0,0,0,0,0,0,-0.4,0.0
C,Ethan Salas,Ethan,Salas,Barnstable Beasts,6' 0',185 lbs,L,R,101,San Diego Padres,SDP,2026,2026,,84781,Perfect,Young & Old 2 - Future Legend  C Ethan Salas  SD  2026,0,N,0,121,106,88,118,135,113,79,75,112,119,124,119,92,120,141,47,30,Normal,Normal,Normal,1,2,78,1,1,2,77,1,1,3,80,1,16,-,-,-,-,-,-,-,-,-,-,-,1,EX FB,75-80,3/4,Normal,4,-,101,109,110,19,30,36,9,9,27,26,-,120,-,-,-,-,-,-,-,56,120,36,-,-,-,-,-,-,67,64,86,71,97,88,347,302,85,57,21,2,5,37,42,41,1,3,0,1,0,63,6,48.6,0.14,48,7.8,3.4,4.02,1,0,-0.1,0.4,1,0,0,0,0,0,0,0.1,6,4,2,0,0,1,5,5,1,0,0,1,0,0,1,0,0,0,0,3,3,0.10,17,0,1,0,0,0.0,-0.2,-0.4,8.32,97,88,799,39,757,3,11,0,8.99,1.6,1.231,79,22,796.2,2,312,22,21,7,5,0,0,0,0,0,0,5.8,0.0
RP,Jonathan Papelbon,Jonathan,Papelbon,Madison Moundsmen - CG,6' 5',230 lbs,R,R,100,Boston Red Sox,BOS,2007,2005-2014,BBR,84789,Perfect,Baseball Reference 1  CL Jonathan Papelbon  BOS  2007,0,N,0,1,3,1,3,1,1,3,1,3,1,1,3,1,3,1,27,4,Normal,Spray,Spray,142,85,141,111,157,73,150,107,130,95,133,114,137,-,-,93,-,128,-,-,-,-,-,-,3,EX FB,95-97,3/4,Normal,18,61,-,-,-,22,20,21,23,8,3,1,48,-,-,-,-,-,-,-,-,48,-,-,-,-,-,-,-,-,9,5,6,12,,,0,0,0,0,0,0,0,0,0,0,0,0,0,0,0,0,0,0.0,0.00,0,-0.0,0.0,0.00,0,0,0.0,0.0,45,0,1,3,7,7,6,48.0,212,177,30,6,0,5,30,27,28,0,42,4,1,2,2,0,0,5,17,35,8,0.75,830,43,52,2,1,-0.7,-0.2,-0.4,4.60,44,0,11,10,0,1,0,0,1.88,0.5,.970,3,1,48.0,0,0,6,5,3,3,0,0,1,1,0,0,-0.3,0.0
SP,Hilton Smith,Hilton,Smith,-,6' 2',180 lbs,R,R,101,Kansas City Monarchs,KCM,1938,1921-1945,,85864,Perfect,Heart Attack - Negro League Star  SP Hilton Smith  KCM  1938,0,N,0,94,112,106,25,109,90,118,111,28,114,96,111,104,24,107,53,16,Normal,Pull,Normal,126,128,96,117,119,125,92,107,131,131,101,119,109,110,127,99,112,-,-,-,-,-,-,-,5,NEU,91-93,3/4,Normal,91,60,1,1,1,29,28,27,25,80,90,65,67,-,-,-,-,-,-,-,88,67,-,-,-,-,-,-,-,88,28,5,6,28,,,0,0,0,0,0,0,0,0,0,0,0,0,0,0,0,0,0,0.0,0.00,0,-0.0,0.0,0.00,0,0,0.0,0.0,23,4,1,5,2,4,3,51.0,230,203,39,13,0,7,40,37,23,0,32,1,0,3,5,0,0,4,5,12,5,0.93,928,51,61,3,3,-0.9,-0.2,-0.8,5.10,22,4,13,5,7,1,0,0,2.12,0.8,.923,6,3,51.0,0,0,6,5,3,3,0,0,0,0,0,0,-0.7,0.0
RP,Dellin Betances,Dellin,Betances,Everett Aquasox,6' 8',260 lbs,R,R,100,New York Yankees,NYY,2014,2005-2014,ME,83904,Perfect,Live Collection Reward - Historical All-Star  RP Dellin Betances  NYY  2014,0,N,0,1,3,1,3,1,1,3,1,3,1,1,3,1,3,1,26,26,Normal,Normal,Normal,140,86,121,111,140,105,116,140,140,71,126,87,100,-,166,107,-,-,-,-,-,-,-,-,3,NEU,98-100,3/4,Normal,25,33,-,-,-,27,20,23,23,10,10,7,55,-,-,-,-,-,-,-,-,55,-,-,-,-,-,-,-,-,5,5,6,5,,,0,0,0,0,0,0,0,0,0,0,0,0,0,0,0,0,0,0.0,0.00,0,-0.0,0.0,0.00,0,0,0.0,0.0,63,0,3,2,3,10,8,67.0,285,248,42,9,2,8,31,31,31,0,55,4,0,2,2,1,0,9,24,39,11,0.93,1146,68,65,2,1,-0.4,-0.2,0.6,4.39,62,0,12,8,4,0,0,0,1.61,0.1,.943,3,1,67.0,0,0,6,6,3,1,0,0,0,0,0,0,-0.5,0.0
RP,Robb Nen,Robb,Nen,Phoenix Mango Slush - HOTL,6' 4',200 lbs,R,R,101,San Francisco Giants,SFG,2000,1993-2004,,83906,Perfect,HOF Week - Snapshot  CL Robb Nen  SF  2000,0,N,0,1,3,1,3,1,1,3,1,3,1,1,3,1,3,1,28,13,Normal,Spray,Spray,148,106,125,138,160,95,97,130,139,117,151,144,75,-,137,94,-,153,-,-,-,-,-,-,4,FB,96-98,OTT,Normal,19,39,-,-,-,25,20,23,23,1,7,7,52,-,-,-,-,-,-,-,-,52,-,-,-,-,-,-,-,-,5,5,6,6,,,0,0,0,0,0,0,0,0,0,0,0,0,0,0,0,0,0,0.0,0.00,0,-0.0,0.0,0.00,0,0,0.0,0.0,46,0,5,1,8,12,4,47.0,203,178,31,6,1,7,26,25,16,1,39,5,0,4,1,0,0,3,15,28,7,1.23,824,40,56,3,1,0.5,-0.2,-0.0,4.05,44,0,4,2,2,0,0,0,0.77,0.1,1.077,4,1,47.0,0,0,2,2,0,0,0,0,0,0,0,0,-0.8,0.0
RP,Whitey Ford,Whitey,Ford,Houston Swangas,5' 10',180 lbs,L,L,100,New York Yankees,NYY,1961,1961-1979,HOF,85113,Perfect,HOF 1 - Hall of Fame  SP Whitey Ford  NYY  1961,0,N,0,8,30,4,60,28,10,32,2,50,16,8,30,5,62,31,53,2,Normal,Normal,Normal,112,98,110,118,130,113,131,119,107,95,103,118,103,103,118,95,-,-,-,-,-,-,-,-,4,NEU,89-91,3/4,Normal,97,90,-,-,-,27,27,27,27,1,8,3,62,-,-,-,-,-,-,-,-,62,-,-,-,-,-,-,-,-,13,7,11,18,,,0,0,0,0,0,0,0,0,0,0,0,0,0,0,0,0,0,0.0,0.00,0,-0.0,0.0,0.00,0,0,0.0,0.0,53,0,4,2,7,7,12,55.1,262,236,44,19,0,9,36,34,21,1,49,2,0,3,3,0,0,2,23,36,19,0.90,1008,50,64,1,1,-2.6,-0.2,-0.6,4.15,53,0,9,6,2,1,0,0,1.30,0.2,.943,2,1,55.1,0,0,6,6,3,1,0,0,0,0,0,0,-0.9,0.0
RP,Andrew Miller,Andrew,Miller,New Haven Corsairs,6' 7',200 lbs,L,L,100,Boston Red Sox,BOS,2014,2005-2014,,85427,Perfect,May Birthdays - Historical All-Star  RP Andrew Miller  BOS  2014,0,N,0,9,3,1,3,1,7,3,1,3,1,10,4,1,3,1,25,58,Normal,Normal,Normal,140,80,128,119,160,98,112,106,134,74,133,135,124,-,-,117,108,-,-,-,-,-,-,-,3,EX GB,93-95,3/4,GB'er,12,79,-,-,-,23,20,22,23,8,5,2,50,-,-,-,-,-,-,-,-,50,-,-,-,-,-,-,-,-,16,5,6,27,,,0,0,0,0,0,0,0,0,0,0,0,0,0,0,0,0,0,0.0,0.00,0,-0.0,0.0,0.00,0,0,0.0,0.0,51,0,0,2,1,3,8,51.0,223,198,29,9,0,7,30,26,22,0,42,3,0,0,1,0,0,5,18,39,11,0.69,911,50,56,1,0,-1.4,-0.2,-0.2,4.35,51,0,13,4,9,0,1,0,2.29,0.4,1.436,1,0,51.0,0,0,4,4,2,1,0,0,0,0,0,0,-0.4,0.0
RP,Andrew Miller,Andrew,Miller,New Platson Grand Petites HotL,6' 7',200 lbs,L,L,100,Boston Red Sox,BOS,2014,2005-2014,,85427,Perfect,May Birthdays - Historical All-Star  RP Andrew Miller  BOS  2014,0,N,0,9,3,1,3,1,7,3,1,3,1,10,4,1,3,1,25,58,Normal,Normal,Normal,140,80,128,119,160,98,112,106,134,74,133,135,124,-,-,117,108,-,-,-,-,-,-,-,3,EX GB,93-95,3/4,GB'er,12,79,-,-,-,23,20,22,23,8,5,2,50,-,-,-,-,-,-,-,-,50,-,-,-,-,-,-,-,-,16,5,6,27,,,0,0,0,0,0,0,0,0,0,0,0,0,0,0,0,0,0,0.0,0.00,0,-0.0,0.0,0.00,0,0,0.0,0.0,61,0,1,5,8,14,14,53.2,249,222,40,17,0,10,43,40,23,1,58,2,0,2,3,0,0,4,15,29,11,1.29,999,58,39,0,0,-1.6,-0.2,-1.5,3.70,61,0,9,4,3,2,0,0,1.17,-0.9,.769,0,0,53.2,0,0,5,3,4,2,0,0,0,0,0,0,-0.5,0.0
SP,Phil Niekro,Phil,Niekro,Tampa Bay Yankees 22,6' 1',180 lbs,R,R,100,Atlanta Braves,ATL,1978,1961-1979,CS,85728,Perfect,Clubhouse - SwitchKnucklers - Hall of Fame  SP Phil Niekro  ATL  1978,0,N,0,80,50,14,37,46,88,41,8,26,69,77,53,17,41,35,31,2,Groundball,Normal,Normal,128,94,119,120,121,92,124,131,134,97,116,117,75,-,-,78,-,-,-,-,-,-,-,172,3,FB,86-88,3/4,Normal,99,57,-,-,-,35,41,38,39,9,6,5,83,-,-,-,-,-,-,-,-,83,-,-,-,-,-,-,-,-,5,5,6,5,,,0,0,0,0,0,0,0,0,0,0,0,0,0,0,0,0,0,0.0,0.00,0,-0.0,0.0,0.00,0,0,0.0,0.0,32,0,1,0,1,1,4,72.0,312,284,47,15,1,12,38,33,26,0,64,1,0,1,6,0,0,3,14,23,9,0.39,1192,62,80,3,3,-0.3,-0.2,0.1,3.93,32,0,16,9,6,1,0,0,1.88,0.3,.881,6,3,72.0,0,0,8,7,4,2,0,0,0,0,0,0,-0.7,0.0
RP,Dave Smith,Dave,Smith,Shakedown 1977 Microbus TTC - GH,6' 1',195 lbs,R,R,100,Houston Astros,HOU,1980,1980-1992,,84084,Perfect,Rookie Sensation  CL Dave Smith  HOU  1980,0,N,0,11,11,5,7,11,11,11,5,7,11,11,11,5,7,11,23,5,Normal,Normal,Normal,105,92,95,122,100,78,93,135,108,106,97,111,85,-,109,-,90,-,-,122,-,-,-,-,4,NEU,92-94,3/4,Normal,24,81,-,-,-,27,20,23,23,7,7,4,55,-,-,-,-,-,-,-,-,55,-,-,-,-,-,-,-,-,16,3,6,28,,,0,0,0,0,0,0,0,0,0,0,0,0,0,0,0,0,0,0.0,0.00,0,-0.0,0.0,0.00,0,0,0.0,0.0,9,0,0,0,1,2,1,10.0,45,40,10,2,0,2,9,9,3,0,2,0,0,2,0,0,0,2,3,5,0,1.13,174,11,15,3,0,-0.3,-0.2,-0.4,6.27,9,0,2,1,1,0,0,0,1.80,-0.3,1.077,3,0,10.0,0,0,1,1,0,0,0,0,0,0,0,0,-0.1,0.0
RP,Tony Fossas,Tony,Fossas,Shakedown 1977 Microbus TTC - GH,6' 0',185 lbs,L,L,99,St. Louis Cardinals,STL,1995,1993-2004,,83324,Diamond,Veteran Presence  RP Tony Fossas  STL  1995,0,N,0,1,1,1,1,1,1,1,1,1,1,1,1,1,1,1,25,53,Normal,Spray,Spray,100,114,76,117,137,128,88,129,91,110,72,115,102,-,-,88,-,-,-,-,-,-,-,-,2,EX FB,89-91,3/4,Normal,13,101,-,-,-,35,20,26,23,6,8,4,65,-,-,-,-,-,-,-,-,65,-,-,-,-,-,-,-,-,5,3,6,5,,,0,0,0,0,0,0,0,0,0,0,0,0,0,0,0,0,0,0.0,0.00,0,-0.0,0.0,0.00,0,0,0.0,0.0,45,0,2,2,1,14,5,42.2,177,161,26,3,1,7,17,15,15,2,31,1,0,0,0,0,0,3,32,17,4,1.49,680,55,36,4,1,0.1,-0.2,0.8,4.39,45,0,7,4,3,0,0,0,1.48,-0.2,1.077,5,1,42.2,0,0,2,1,1,1,0,0,0,0,0,0,-0.5,0.0
SP,Satchel Paige,Satchel,Paige,-,6' 3',180 lbs,R,R,100,Kansas City Monarchs,KCM,1944,1921-1945,CS,84844,Perfect,Clubhouse - Negro League Star  SP Satchel Paige  KCM  1944,0,N,0,57,71,1,37,46,57,77,1,52,43,57,69,1,33,47,51,26,Normal,Spray,Normal,125,95,115,118,119,99,112,117,130,93,117,118,103,92,122,109,-,-,-,103,-,120,120,-,7,NEU,94-96,3/4,Normal,96,63,1,1,1,29,32,29,25,5,10,2,71,-,56,-,-,-,-,-,-,71,-,56,-,-,-,-,-,-,43,4,11,29,,,0,0,0,0,0,0,0,0,0,0,0,0,0,0,0,0,0,0.0,0.00,0,-0.0,0.0,0.00,0,0,0.0,0.0,18,0,2,0,3,2,3,27.1,129,115,28,5,0,5,24,24,10,0,24,2,0,2,3,0,0,1,7,10,4,0.72,492,29,26,2,1,-0.0,-0.2,-0.9,4.13,18,0,5,4,1,0,0,0,1.65,-0.4,1.077,3,1,27.1,0,0,4,1,2,1,1,1,0,0,0,0,-0.4,0.0
CL,Sean Doolittle,Sean,Doolittle,Tulsa Doom,6' 2',205 lbs,L,L,101,Washington Nationals,WSN,2018,2015+,CS,86281,Perfect,Clubhouse - Historical All-Star  CL Sean Doolittle  WAS  2018,0,N,0,1,3,1,3,1,1,3,1,3,1,1,3,1,3,1,21,1,Normal,Spray,Spray,152,125,181,119,180,66,200,160,143,150,175,115,128,-,-,123,-,-,-,-,-,-,-,-,2,EX FB,93-95,3/4,Normal,11,57,-,-,-,27,20,23,23,2,9,3,55,-,-,-,-,-,-,-,-,55,-,-,-,-,-,-,-,-,5,5,6,5,,,0,0,0,0,0,0,0,0,0,0,0,0,0,0,0,0,0,0.0,0.00,0,-0.0,0.0,0.00,0,0,0.0,0.0,55,0,2,2,7,11,7,53.0,219,199,31,7,0,10,34,30,18,1,48,0,0,2,3,0,0,2,16,40,8,0.74,844,46,58,2,2,0.2,-0.2,-0.5,3.71,54,0,9,4,5,0,0,0,1.53,0.6,1.077,4,2,53.0,0,0,2,1,3,3,0,0,0,0,0,0,-0.9,0.0
SP,Stephen Strasburg,Stephen,Strasburg,Englewood Pirates,6' 5',235 lbs,R,R,100,Washington Nationals,WSN,2017,2015+,,83902,Perfect,Historical All-Star  SP Stephen Strasburg  WAS  2017,0,N,0,1,5,14,15,8,1,5,23,24,5,1,6,11,12,9,69,20,Normal,Pull,Pull,122,76,89,120,123,68,87,119,122,83,91,122,75,125,160,86,72,-,-,-,-,-,-,-,5,NEU,95-97,3/4,Normal,69,79,-,-,-,24,24,23,23,9,7,4,55,-,-,-,-,-,-,-,-,55,-,-,-,-,-,-,-,-,21,5,6,37,,,0,0,0,0,0,0,0,0,0,0,0,0,0,0,0,0,0,0.0,0.00,0,-0.0,0.0,0.00,0,0,0.0,0.0,51,0,2,3,0,7,8,66.0,294,263,44,15,1,10,37,36,28,1,56,1,0,2,7,0,0,4,27,37,10,0.68,1181,62,73,4,1,-0.7,-0.2,-0.1,4.28,50,0,10,5,5,0,0,0,1.36,-0.6,.862,5,1,66.0,0,0,6,6,3,0,0,0,0,0,0,0,-0.9,0.0
CL,Sean Doolittle,Sean,Doolittle,Mount Pleasant Mounties,6' 2',205 lbs,L,L,101,Washington Nationals,WSN,2018,2015+,CS,86281,Perfect,Clubhouse - Historical All-Star  CL Sean Doolittle  WAS  2018,0,N,0,1,3,1,3,1,1,3,1,3,1,1,3,1,3,1,21,1,Normal,Spray,Spray,152,125,181,119,180,66,200,160,143,150,175,115,128,-,-,123,-,-,-,-,-,-,-,-,2,EX FB,93-95,3/4,Normal,11,57,-,-,-,27,20,23,23,2,9,3,55,-,-,-,-,-,-,-,-,55,-,-,-,-,-,-,-,-,5,5,6,5,,,0,0,0,0,0,0,0,0,0,0,0,0,0,0,0,0,0,0.0,0.00,0,-0.0,0.0,0.00,0,0,0.0,0.0,63,0,4,9,12,21,16,60.0,280,238,44,14,2,8,43,40,37,6,56,1,2,2,1,0,0,5,28,13,1,1.98,1074,53,60,1,2,-3.4,-0.2,-1.6,4.57,63,0,5,4,1,0,0,0,0.75,0.5,1.077,3,2,60.0,0,0,3,3,2,0,0,0,0,0,0,0,-0.1,0.0
RP,Phil Niekro,Phil,Niekro,Webster Groves Supercells,6' 1',180 lbs,R,R,100,Atlanta Braves,ATL,1978,1961-1979,CS,85728,Perfect,Clubhouse - SwitchKnucklers - Hall of Fame  SP Phil Niekro  ATL  1978,0,N,0,80,50,14,37,46,88,41,8,26,69,77,53,17,41,35,31,2,Groundball,Normal,Normal,128,94,119,120,121,92,124,131,134,97,116,117,75,-,-,78,-,-,-,-,-,-,-,172,3,FB,86-88,3/4,Normal,99,57,-,-,-,35,41,38,39,9,6,5,83,-,-,-,-,-,-,-,-,83,-,-,-,-,-,-,-,-,5,5,6,5,,,0,0,0,0,0,0,0,0,0,0,0,0,0,0,0,0,0,0.0,0.00,0,-0.0,0.0,0.00,0,0,0.0,0.0,24,0,0,0,0,1,3,38.0,173,151,23,9,0,5,23,16,21,0,28,0,0,1,0,0,0,2,7,18,6,0.61,658,48,34,0,0,-0.1,-0.3,-0.2,4.96,24,0,6,2,4,0,0,0,1.42,0.1,1.077,0,0,38.0,0,0,5,4,0,0,1,1,0,0,0,0,-0.9,0.0
RP,Dellin Betances,Dellin,Betances,Dark Web Hackers,6' 8',260 lbs,R,R,100,New York Yankees,NYY,2014,2005-2014,ME,83904,Perfect,Live Collection Reward - Historical All-Star  RP Dellin Betances  NYY  2014,0,N,0,1,3,1,3,1,1,3,1,3,1,1,3,1,3,1,26,26,Normal,Normal,Normal,140,86,121,111,140,105,116,140,140,71,126,87,100,-,166,107,-,-,-,-,-,-,-,-,3,NEU,98-100,3/4,Normal,25,33,-,-,-,27,20,23,23,10,10,7,55,-,-,-,-,-,-,-,-,55,-,-,-,-,-,-,-,-,5,5,6,5,,,0,0,0,0,0,0,0,0,0,0,0,0,0,0,0,0,0,0.0,0.00,0,-0.0,0.0,0.00,0,0,0.0,0.0,64,0,5,3,5,8,8,68.2,282,247,33,14,1,10,33,31,30,0,58,2,0,3,3,0,0,9,28,39,8,0.83,1161,67,66,6,2,-0.6,-0.3,0.5,4.19,64,0,18,9,9,0,0,0,2.36,-0.5,.958,8,2,68.2,0,0,11,8,2,1,1,1,0,0,0,0,-0.3,0.0
RP,Armando Benitez,Armando,Benitez,Alexandria SafeZone,6' 4',180 lbs,R,R,100,Florida Marlins,FLA,2004,1993-2004,CS,86427,Perfect,Clubhouse - Baseball Reference 7  CL Armando Benitez  FLO  2004,0,N,0,1,3,1,3,1,1,3,1,3,1,1,3,1,3,1,21,1,Normal,Normal,Normal,117,90,204,132,89,48,196,128,145,123,210,133,132,-,-,100,-,96,-,-,-,-,-,-,3,EX FB,94-96,3/4,Normal,19,50,-,-,-,22,20,21,23,9,7,10,48,-,-,-,-,-,-,-,-,48,-,-,-,-,-,-,-,-,5,5,6,5,,,0,0,0,0,0,0,0,0,0,0,0,0,0,0,0,0,0,0.0,0.00,0,-0.0,0.0,0.00,0,0,0.0,0.0,25,0,1,8,1,7,7,25.1,122,106,20,9,0,4,27,25,14,0,24,1,0,1,1,0,0,1,15,7,1,1.66,499,25,24,1,2,-3.0,-0.3,-1.7,4.41,25,0,8,5,3,0,0,0,2.84,0.9,1.077,3,2,25.1,0,0,4,4,1,1,0,0,0,0,0,0,-0.5,0.0
SP,Charlie Sweeney,Charlie,Sweeney,Shibuya Shredders - GH,6' 0',180 lbs,R,R,100,SL5,SL5,1884,2026,,83329,Perfect,Launch Deck Missions - Snapshot  SP Charlie Sweeney  SL5  1884,0,N,0,90,103,40,62,113,96,107,55,68,119,88,102,35,60,111,68,56,Line Drive,Spray,Spray,92,121,119,96,93,123,133,99,92,120,107,95,75,-,98,-,-,-,-,-,-,130,-,-,3,NEU,91-93,3/4,Normal,95,54,-,-,-,65,32,58,42,77,47,62,99,-,69,-,-,-,83,64,77,99,-,69,-,-,-,83,64,77,53,57,85,62,,,0,0,0,0,0,0,0,0,0,0,0,0,0,0,0,0,0,0.0,0.00,0,-0.0,0.0,0.00,0,0,0.0,0.0,2,0,0,0,0,0,1,5.2,28,25,5,0,0,3,6,6,3,0,6,0,0,0,1,0,0,0,0,4,4,0.39,110,6,5,1,0,-0.1,-0.3,-0.3,4.08,2,0,1,1,0,0,0,0,1.59,-0.3,1.077,1,0,5.2,0,0,2,1,0,0,0,0,0,0,0,0,0.0,0.0
SP,Cliff Lee,Cliff,Lee,-,6' 3',205 lbs,L,L,100,Philadelphia Phillies,PHI,2011,2005-2014,BBR,85693,Perfect,June Gems - Baseball Reference 3  SP Cliff Lee  PHI  2011,0,N,0,10,17,17,13,9,6,18,27,7,5,12,17,14,15,11,54,5,Normal,Spray,Spray,126,128,94,118,109,150,115,119,132,121,89,118,111,111,104,-,132,-,72,-,-,-,-,-,5,NEU,91-93,3/4,Normal,84,63,-,-,-,24,14,20,23,1,3,5,45,-,-,-,-,-,-,-,-,45,-,-,-,-,-,-,-,-,55,54,67,50,,,0,0,0,0,0,0,0,0,0,0,0,0,0,0,0,0,0,0.0,0.00,0,-0.0,0.0,0.00,0,0,0.0,0.0,7,7,1,4,0,0,0,32.0,158,141,35,6,1,9,30,30,14,0,32,1,0,2,1,0,0,2,0,0,0,0.95,611,28,30,2,1,-0.9,-0.3,-0.8,4.03,7,7,4,2,2,0,0,0,1.12,0.2,1.077,3,1,32.0,0,0,1,1,0,0,0,0,0,0,0,0,-0.7,0.0
RP,Dellin Betances,Dellin,Betances,Barnstable Beasts,6' 8',260 lbs,R,R,100,New York Yankees,NYY,2014,2005-2014,ME,83904,Perfect,Live Collection Reward - Historical All-Star  RP Dellin Betances  NYY  2014,0,N,0,1,3,1,3,1,1,3,1,3,1,1,3,1,3,1,26,26,Normal,Normal,Normal,140,86,121,111,140,105,116,140,140,71,126,87,100,-,166,107,-,-,-,-,-,-,-,-,3,NEU,98-100,3/4,Normal,25,33,-,-,-,27,20,23,23,10,10,7,55,-,-,-,-,-,-,-,-,55,-,-,-,-,-,-,-,-,5,5,6,5,,,0,0,0,0,0,0,0,0,0,0,0,0,0,0,0,0,0,0.0,0.00,0,-0.0,0.0,0.00,0,0,0.0,0.0,60,0,3,0,15,16,8,65.2,278,254,41,14,1,11,29,28,19,0,53,3,1,1,4,0,0,7,15,33,11,1.06,1126,65,68,8,3,0.9,-0.3,0.6,3.97,60,0,10,7,2,1,0,0,1.23,0.1,.923,11,3,65.2,0,0,6,5,1,1,1,1,0,0,0,0,-0.7,0.0
RP,Jesse Orosco,Jesse,Orosco,Houston Swangas,6' 2',185 lbs,R,L,100,New York Mets,NYM,1983,1980-1992,,85083,Perfect,Happy Birthday Nico - Historical All-Star  CL Jesse Orosco  NYM  1983,0,N,0,7,3,1,3,2,7,3,1,4,2,7,3,1,3,2,22,4,Normal,Normal,Normal,117,84,131,126,126,89,140,146,114,83,128,120,98,-,-,111,-,-,-,-,-,-,-,-,2,FB,90-92,3/4,Normal,61,60,-,-,-,35,72,43,23,5,10,3,98,-,-,-,-,-,-,-,-,98,-,-,-,-,-,-,-,-,8,3,6,13,,,0,0,0,0,0,0,0,0,0,0,0,0,0,0,0,0,0,0.0,0.00,0,-0.0,0.0,0.00,0,0,0.0,0.0,51,0,3,6,8,16,12,73.2,326,283,47,11,3,9,37,35,38,1,61,3,0,2,1,0,0,5,26,42,19,1.38,1277,73,76,3,3,-2.5,-0.3,0.4,4.57,51,0,11,9,1,1,0,0,1.22,0.6,.943,6,3,73.2,0,0,5,5,4,2,0,0,0,0,0,0,-0.7,0.0
CL,Trevor Hoffman,Trevor,Hoffman,Shibuya Shredders - GH,6' 1',200 lbs,R,R,100,San Diego Padres,SDP,1994,1993-2004,ME,83299,Perfect,Live Collection Reward - Hall of Fame  CL Trevor Hoffman  SD  1994,0,N,0,1,3,1,3,2,1,3,1,3,2,1,3,1,3,2,21,32,Normal,Spray,Spray,116,81,118,130,113,77,115,140,118,85,121,122,78,152,93,92,-,-,-,-,-,-,-,-,4,EX FB,90-92,3/4,Normal,12,93,-,-,-,25,20,22,23,3,9,2,52,-,-,-,-,-,-,-,-,52,-,-,-,-,-,-,-,-,7,4,6,9,,,0,0,0,0,0,0,0,0,0,0,0,0,0,0,0,0,0,0.0,0.00,0,-0.0,0.0,0.00,0,0,0.0,0.0,50,0,1,10,3,25,13,48.0,210,188,36,8,1,7,30,30,17,0,36,3,1,1,3,0,0,5,33,23,4,1.94,835,47,55,0,1,-2.1,-0.3,-0.6,4.39,49,0,10,8,2,0,0,0,1.88,0.9,1.077,1,1,48.0,0,0,4,4,4,3,0,0,0,0,0,0,-0.4,0.0
RP,Andrew Miller,Andrew,Miller,Everett Aqua Sox,6' 7',200 lbs,L,L,100,Boston Red Sox,BOS,2014,2005-2014,,85427,Perfect,May Birthdays - Historical All-Star  RP Andrew Miller  BOS  2014,0,N,0,9,3,1,3,1,7,3,1,3,1,10,4,1,3,1,25,58,Normal,Normal,Normal,140,80,128,119,160,98,112,106,134,74,133,135,124,-,-,117,108,-,-,-,-,-,-,-,3,EX GB,93-95,3/4,GB'er,12,79,-,-,-,23,20,22,23,8,5,2,50,-,-,-,-,-,-,-,-,50,-,-,-,-,-,-,-,-,16,5,6,27,,,0,0,0,0,0,0,0,0,0,0,0,0,0,0,0,0,0,0.0,0.00,0,-0.0,0.0,0.00,0,0,0.0,0.0,40,0,4,1,2,11,7,55.2,238,203,34,8,1,7,28,28,33,0,45,0,0,2,3,0,0,11,14,21,3,0.95,942,61,47,5,2,-0.0,-0.3,0.3,4.78,40,0,12,5,7,0,2,0,1.94,-0.4,.808,7,2,55.2,0,0,4,3,1,0,0,0,0,0,0,0,-0.8,0.0
CL,Kenley Jansen,Kenley,Jansen,Everett Aqua Sox,6' 5',265 lbs,S,R,100,Los Angeles Dodgers,LAD,2017,2015+,CS,85705,Perfect,Clubhouse - SwitchKnucklers - Historical All-Star  CL Kenley Jansen  LAD  2017,0,N,0,2,4,1,3,1,2,4,1,3,1,2,5,1,3,2,23,1,Normal,Normal,Normal,141,142,121,116,118,137,108,93,160,147,133,150,-,-,-,102,121,-,154,-,-,-,-,-,3,EX FB,95-97,OTT,Normal,19,48,-,-,-,27,20,23,23,3,9,9,55,-,-,-,-,-,-,-,-,55,-,-,-,-,-,-,-,-,13,4,6,22,,,0,0,0,0,0,0,0,0,0,0,0,0,0,0,0,0,0,0.0,0.00,0,-0.0,0.0,0.00,0,0,0.0,0.0,71,0,4,3,16,18,12,74.1,328,296,56,16,0,12,37,32,24,0,58,4,0,4,4,0,0,5,18,32,12,1.05,1277,78,78,6,1,1.1,-0.4,0.4,4.22,71,0,12,6,6,0,1,0,1.45,0.0,1.077,7,1,74.1,0,0,2,2,2,2,1,1,0,0,0,0,-1.9,0.0
CL,Kenley Jansen,Kenley,Jansen,Maple Madness,6' 5',265 lbs,S,R,100,Los Angeles Dodgers,LAD,2017,2015+,CS,85705,Perfect,Clubhouse - SwitchKnucklers - Historical All-Star  CL Kenley Jansen  LAD  2017,0,N,0,2,4,1,3,1,2,4,1,3,1,2,5,1,3,2,23,1,Normal,Normal,Normal,141,142,121,116,118,137,108,93,160,147,133,150,-,-,-,102,121,-,154,-,-,-,-,-,3,EX FB,95-97,OTT,Normal,19,48,-,-,-,27,20,23,23,3,9,9,55,-,-,-,-,-,-,-,-,55,-,-,-,-,-,-,-,-,13,4,6,22,,,0,0,0,0,0,0,0,0,0,0,0,0,0,0,0,0,0,0.0,0.00,0,-0.0,0.0,0.00,0,0,0.0,0.0,9,0,0,3,0,2,3,9.1,43,40,6,2,0,3,8,7,2,0,6,1,0,0,0,0,0,0,3,6,0,1.59,157,13,9,1,0,-1.0,-0.4,-0.4,4.45,9,0,0,0,0,0,0,0,0.00,-0.3,.000,1,0,9.1,0,0,0,0,1,0,0,0,0,0,0,0,-0.1,0.0
RP,Vida Blue,Vida,Blue,Shakedown 1977 Microbus TTC - GH,6' 0',190 lbs,S,L,101,Oakland Athletics,OAK,1971,1961-1979,,85756,Perfect,SwitchKnucklers - Hardware Heroes  SP Vida Blue  ATH  1971,0,N,0,90,43,3,37,14,97,70,6,51,12,88,30,3,33,15,76,9,Groundball,Pull,Pull,130,101,137,120,119,98,121,110,133,103,142,129,107,131,132,87,-,-,-,-,-,-,-,-,4,EX FB,90-92,3/4,Normal,97,63,-,-,-,24,36,27,20,1,7,4,68,-,-,-,-,-,-,-,-,68,-,-,-,-,-,-,-,-,39,54,30,37,,,0,0,0,0,0,0,0,0,0,0,0,0,0,0,0,0,0,0.0,0.00,0,-0.0,0.0,0.00,0,0,0.0,0.0,21,6,2,7,0,2,5,56.0,268,243,48,19,1,12,39,36,21,0,46,1,1,2,2,0,0,2,9,10,3,1.25,1085,57,59,7,0,-2.0,-0.4,-0.5,4.35,21,6,10,3,7,0,0,0,1.61,-0.5,1.436,7,0,56.0,0,0,3,3,1,0,1,1,0,0,0,0,-1.4,0.0
SP,Josh Johnson,Josh,Johnson,Grover Beach Grouches,6' 7',245 lbs,L,R,100,Florida Marlins,FLA,2010,2005-2014,ME,86275,Perfect,All-Star Week Mission Reward  SP Josh Johnson  FLO  2010,44 145,N,0,1,6,1,6,3,4,3,1,7,1,1,7,1,6,4,64,5,Normal,Normal,Normal,131,113,97,138,129,88,104,130,133,140,93,145,126,118,116,125,-,-,-,-,-,-,-,-,4,NEU,94-96,3/4,Normal,72,52,-,-,-,27,38,29,23,2,10,4,74,-,-,-,-,-,-,-,-,74,-,-,-,-,-,-,-,-,5,5,6,5,,,0,0,0,0,0,0,0,0,0,0,0,0,0,0,0,0,0,0.0,0.00,0,-0.0,0.0,0.00,0,0,0.0,0.0,11,0,0,1,0,1,1,20.1,86,79,11,3,1,5,8,8,7,0,14,0,0,0,1,0,0,1,7,7,3,0.69,339,24,21,1,0,-0.2,-0.4,0.3,4.50,11,0,4,3,1,0,0,0,1.77,0.0,1.077,1,0,20.1,0,0,2,2,0,0,0,0,0,0,0,0,-0.3,0.0
RP,Josh Johnson,Josh,Johnson,Freedom Grabbers - HotL,6' 7',245 lbs,L,R,100,Florida Marlins,FLA,2010,2005-2014,ME,86275,Perfect,All-Star Week Mission Reward  SP Josh Johnson  FLO  2010,0,N,0,1,6,1,6,3,4,3,1,7,1,1,7,1,6,4,64,5,Normal,Normal,Normal,131,113,97,138,129,88,104,130,133,140,93,145,126,118,116,125,-,-,-,-,-,-,-,-,4,NEU,94-96,3/4,Normal,72,52,-,-,-,27,38,29,23,2,10,4,74,-,-,-,-,-,-,-,-,74,-,-,-,-,-,-,-,-,5,5,6,5,,,0,0,0,0,0,0,0,0,0,0,0,0,0,0,0,0,0,0.0,0.00,0,-0.0,0.0,0.00,0,0,0.0,0.0,65,0,2,7,15,21,10,79.1,346,308,55,15,1,11,38,38,31,0,62,6,0,1,2,0,0,7,23,42,13,1.00,1379,90,73,6,2,-0.1,-0.4,0.5,4.36,64,0,17,9,7,1,0,0,1.82,0.1,.958,8,2,79.1,0,0,7,6,3,3,0,0,0,0,0,0,-1.5,0.0
CL,Billy Wagner,Billy,Wagner,Gastonia Peaches,5' 10',180 lbs,L,L,100,Atlanta Braves,ATL,2010,2005-2014,,85809,Perfect,Family Connections - Historical All-Star  CL Billy Wagner  ATL  2010,0,N,0,1,3,1,3,1,1,3,1,3,1,2,3,1,3,1,29,1,Normal,Normal,Normal,150,80,141,129,153,68,175,150,150,84,130,121,128,105,122,130,-,-,-,-,-,-,-,-,4,FB,95-97,OTT,Normal,14,65,-,-,-,29,20,24,23,3,5,3,57,-,-,-,-,-,-,-,-,57,-,-,-,-,-,-,-,-,10,4,6,15,,,0,0,0,0,0,0,0,0,0,0,0,0,0,0,0,0,0,0.0,0.00,0,-0.0,0.0,0.00,0,0,0.0,0.0,23,0,0,3,2,3,7,18.0,81,70,10,4,1,4,14,14,11,1,14,0,0,0,1,0,0,1,6,13,4,1.11,322,19,18,0,2,-1.9,-0.4,-0.4,4.98,22,0,8,3,5,0,0,0,4.00,0.9,1.077,2,2,18.0,0,0,3,3,0,0,0,0,0,0,0,0,-0.3,0.0
RP,Whitey Ford,Whitey,Ford,Mount Pleasant Mounties,5' 10',180 lbs,L,L,100,New York Yankees,NYY,1961,1961-1979,HOF,85113,Perfect,HOF 1 - Hall of Fame  SP Whitey Ford  NYY  1961,0,N,0,8,30,4,60,28,10,32,2,50,16,8,30,5,62,31,53,2,Normal,Normal,Normal,112,98,110,118,130,113,131,119,107,95,103,118,103,103,118,95,-,-,-,-,-,-,-,-,4,NEU,89-91,3/4,Normal,97,90,-,-,-,27,27,27,27,1,8,3,62,-,-,-,-,-,-,-,-,62,-,-,-,-,-,-,-,-,13,7,11,18,,,0,0,0,0,0,0,0,0,0,0,0,0,0,0,0,0,0,0.0,0.00,0,-0.0,0.0,0.00,0,0,0.0,0.0,13,0,1,0,0,2,2,30.1,137,124,23,5,0,7,21,21,9,0,27,3,0,1,3,0,0,3,5,6,3,0.59,510,29,33,0,0,0.0,-0.4,-0.4,3.85,13,0,3,1,2,0,0,0,0.89,-0.1,1.077,0,0,30.1,0,0,2,2,1,0,0,0,0,0,0,0,0.0,0.0
CL,Robb Nen,Robb,Nen,-,6' 4',200 lbs,R,R,101,San Francisco Giants,SFG,2000,1993-2004,,83906,Perfect,HOF Week - Snapshot  CL Robb Nen  SF  2000,0,N,0,1,3,1,3,1,1,3,1,3,1,1,3,1,3,1,28,13,Normal,Spray,Spray,148,106,125,138,160,95,97,130,139,117,151,144,75,-,137,94,-,153,-,-,-,-,-,-,4,FB,96-98,OTT,Normal,19,39,-,-,-,25,20,23,23,1,7,7,52,-,-,-,-,-,-,-,-,52,-,-,-,-,-,-,-,-,5,5,6,6,,,0,0,0,0,0,0,0,0,0,0,0,0,0,0,0,0,0,0.0,0.00,0,-0.0,0.0,0.00,0,0,0.0,0.0,4,0,0,1,0,0,1,2.2,15,13,2,1,0,3,6,6,2,0,2,0,0,0,1,0,0,0,1,4,2,0.75,61,3,2,1,1,-0.6,-0.4,-0.4,5.49,3,0,1,0,1,0,0,0,3.38,0.2,.000,2,1,2.2,0,0,0,0,0,0,0,0,0,0,0,0,-0.1,0.0
CL,Tom Henke,Tom,Henke,Rockford Peaches,6' 5',215 lbs,R,R,100,Toronto Blue Jays,TOR,1987,1980-1992,,85918,Perfect,Blue Jays 50th Anniversary  CL Tom Henke  TOR  1987,0,N,0,1,3,1,3,1,1,3,1,3,1,1,3,1,3,1,29,1,Normal,Spray,Spray,150,125,128,100,137,122,142,111,160,128,116,83,122,-,-,100,-,-,-,129,-,-,-,-,3,EX FB,92-94,3/4,Normal,25,57,-,-,-,35,20,26,23,3,9,2,64,-,-,-,-,-,-,-,-,64,-,-,-,-,-,-,-,-,5,4,6,5,,,0,0,0,0,0,0,0,0,0,0,0,0,0,0,0,0,0,0.0,0.00,0,-0.0,0.0,0.00,0,0,0.0,0.0,40,0,3,2,6,11,7,49.0,222,198,40,9,2,9,26,24,20,2,43,3,0,1,3,0,0,4,12,31,7,1.05,917,35,61,6,1,0.6,-0.4,0.0,4.12,39,0,8,4,4,0,1,0,1.47,-0.2,1.077,7,1,49.0,0,0,2,2,1,1,0,0,0,0,0,0,-0.7,0.0
RP,Billy Wagner,Billy,Wagner,Madison Mashers - CG,5' 10',180 lbs,L,L,100,Atlanta Braves,ATL,2010,2005-2014,,85809,Perfect,Family Connections - Historical All-Star  CL Billy Wagner  ATL  2010,0,N,0,1,3,1,3,1,1,3,1,3,1,2,3,1,3,1,29,1,Normal,Normal,Normal,150,80,141,129,153,68,175,150,150,84,130,121,128,105,122,130,-,-,-,-,-,-,-,-,4,FB,95-97,OTT,Normal,14,65,-,-,-,29,20,24,23,3,5,3,57,-,-,-,-,-,-,-,-,57,-,-,-,-,-,-,-,-,10,4,6,15,,,0,0,0,0,0,0,0,0,0,0,0,0,0,0,0,0,0,0.0,0.00,0,-0.0,0.0,0.00,0,0,0.0,0.0,53,0,5,1,11,9,8,44.2,206,175,35,6,1,6,21,18,25,0,39,5,0,0,6,0,1,4,12,36,17,1.15,857,42,45,2,2,0.1,-0.4,0.4,4.60,51,0,1,0,1,0,0,0,0.20,0.5,.000,4,2,44.2,0,0,0,0,0,0,0,0,0,0,0,0,-0.4,0.0
SP,Phil Niekro,Phil,Niekro,Mount Pleasant Mounties,6' 1',180 lbs,R,R,100,Atlanta Braves,ATL,1978,1961-1979,CS,85728,Perfect,Clubhouse - SwitchKnucklers - Hall of Fame  SP Phil Niekro  ATL  1978,0,N,0,80,50,14,37,46,88,41,8,26,69,77,53,17,41,35,31,2,Groundball,Normal,Normal,128,94,119,120,121,92,124,131,134,97,116,117,75,-,-,78,-,-,-,-,-,-,-,172,3,FB,86-88,3/4,Normal,99,57,-,-,-,35,41,38,39,9,6,5,83,-,-,-,-,-,-,-,-,83,-,-,-,-,-,-,-,-,5,5,6,5,,,0,0,0,0,0,0,0,0,0,0,0,0,0,0,0,0,0,0.0,0.00,0,-0.0,0.0,0.00,0,0,0.0,0.0,70,0,3,7,10,23,17,93.2,427,368,67,15,3,10,50,47,51,1,74,5,1,2,4,0,0,6,37,33,7,1.35,1701,91,106,10,1,-1.5,-0.4,0.1,4.81,70,0,23,10,13,0,2,0,2.21,-0.4,1.077,11,1,93.2,0,0,8,8,4,3,2,1,0,0,0,0,-0.7,0.0
CL,Jesse Orosco,Jesse,Orosco,Tampa Bay Yankees 22,6' 2',185 lbs,R,L,100,New York Mets,NYM,1983,1980-1992,,85083,Perfect,Happy Birthday Nico - Historical All-Star  CL Jesse Orosco  NYM  1983,0,N,0,7,3,1,3,2,7,3,1,4,2,7,3,1,3,2,22,4,Normal,Normal,Normal,117,84,131,126,126,89,140,146,114,83,128,120,98,-,-,111,-,-,-,-,-,-,-,-,2,FB,90-92,3/4,Normal,61,60,-,-,-,35,72,43,23,5,10,3,98,-,-,-,-,-,-,-,-,98,-,-,-,-,-,-,-,-,8,3,6,13,,,0,0,0,0,0,0,0,0,0,0,0,0,0,0,0,0,0,0.0,0.00,0,-0.0,0.0,0.00,0,0,0.0,0.0,17,0,1,1,1,2,1,29.0,128,110,19,8,0,4,20,19,14,0,13,2,0,2,0,0,0,5,6,9,0,0.77,514,42,24,2,1,0.0,-0.4,-0.4,5.68,17,0,6,4,2,0,0,0,1.86,-0.0,1.077,3,1,29.0,0,0,2,2,3,1,0,0,0,0,0,0,-0.4,0.0
CL,Craig Kimbrel,Craig,Kimbrel,Grover Beach Grouches,6' 0',215 lbs,R,R,100,Atlanta Braves,ATL,2012,2005-2014,PTCS,85467,Perfect,PTCS 3 - Hardware Heroes  CL Craig Kimbrel  ATL  2012,326 530,N,0,1,3,1,3,1,1,3,1,3,2,1,3,1,3,1,26,39,Normal,Spray,Spray,184,105,130,126,181,90,140,140,187,122,122,118,146,-,-,117,-,-,-,-,-,-,149,-,3,NEU,96-98,3/4,Power,20,58,-,-,-,25,20,23,23,5,5,9,52,-,-,-,-,-,-,-,-,52,-,-,-,-,-,-,-,-,5,4,6,5,,,0,0,0,0,0,0,0,0,0,0,0,0,0,0,0,0,0,0.0,0.00,0,-0.0,0.0,0.00,0,0,0.0,0.0,66,0,2,3,13,22,16,69.0,290,262,40,10,1,11,33,33,23,1,49,2,0,3,4,1,0,4,15,46,14,1.32,1130,80,70,2,1,-0.4,-0.4,0.5,4.39,66,0,8,6,2,0,0,0,1.04,-0.1,.923,3,1,69.0,0,0,5,4,3,2,1,0,0,0,0,0,-0.8,0.0
CL,Billy Wagner,Billy,Wagner,Everett Aqua Sox,5' 10',180 lbs,L,L,100,Atlanta Braves,ATL,2010,2005-2014,,85809,Perfect,Family Connections - Historical All-Star  CL Billy Wagner  ATL  2010,0,N,0,1,3,1,3,1,1,3,1,3,1,2,3,1,3,1,29,1,Normal,Normal,Normal,150,80,141,129,153,68,175,150,150,84,130,121,128,105,122,130,-,-,-,-,-,-,-,-,4,FB,95-97,OTT,Normal,14,65,-,-,-,29,20,24,23,3,5,3,57,-,-,-,-,-,-,-,-,57,-,-,-,-,-,-,-,-,10,4,6,15,,,0,0,0,0,0,0,0,0,0,0,0,0,0,0,0,0,0,0.0,0.00,0,-0.0,0.0,0.00,0,0,0.0,0.0,66,0,4,2,15,19,12,65.2,297,266,50,15,2,10,34,30,26,0,49,3,0,2,6,1,0,5,18,35,15,1.18,1160,68,69,4,3,-0.1,-0.5,0.2,4.55,63,0,16,13,3,0,1,0,2.19,1.3,1.077,7,3,65.2,0,0,10,10,1,1,0,0,0,0,0,0,-0.5,0.0
CL,Aroldis Chapman,Aroldis,Chapman,Tampa Bay Yankees 22,6' 4',235 lbs,L,L,101,Chicago Cubs,CHC,2016,2015+,CS,86413,Perfect,Clubhouse - Baseball Reference 6  CL Aroldis Chapman  CHC  2016,0,N,0,1,3,1,3,1,1,3,1,3,1,1,3,1,3,1,22,1,Normal,Normal,Normal,180,87,134,153,166,50,151,171,184,97,128,147,145,-,-,147,-,116,-,-,-,-,-,-,3,NEU,100+,OTT,Normal,17,49,-,-,-,29,20,24,23,10,4,7,57,-,-,-,-,-,-,-,-,57,-,-,-,-,-,-,-,-,16,4,6,28,,,0,0,0,0,0,0,0,0,0,0,0,0,0,0,0,0,0,0.0,0.00,0,-0.0,0.0,0.00,0,0,0.0,0.0,75,0,5,3,27,25,15,58.2,257,214,33,7,1,7,26,24,38,0,53,2,0,3,4,0,0,5,8,40,8,1.49,1079,66,47,4,4,1.6,-0.5,0.7,4.65,73,0,12,5,6,1,0,0,1.69,0.8,1.347,8,4,58.2,0,0,6,5,4,1,0,0,0,0,0,0,-0.1,0.0
RP,Thomas White,Thomas,White,Alexandria SafeZone,6' 5',210 lbs,L,L,97,Miami Marlins,FLA,2026,2026,,84726,Diamond,Young & Old 2 - Future Legend  SP Thomas White  MIA  2026,0,N,0,21,33,1,26,24,21,33,1,26,24,21,33,1,26,24,43,23,Normal,Normal,Normal,143,66,137,134,140,72,150,142,144,64,133,131,133,131,155,-,-,-,-,-,-,-,-,-,3,NEU,95-97,3/4,Normal,69,57,2,2,2,17,19,65,6,13,16,33,50,-,-,-,-,-,-,-,-,50,-,38,-,-,-,-,-,-,13,15,13,12,,,0,0,0,0,0,0,0,0,0,0,0,0,0,0,0,0,0,0.0,0.00,0,-0.0,0.0,0.00,0,0,0.0,0.0,22,0,1,0,1,4,1,28.1,135,117,25,6,2,6,25,23,14,0,24,2,1,1,0,0,0,4,11,15,5,0.87,551,32,23,2,0,0.6,-0.5,-0.9,4.54,21,0,6,3,3,0,0,0,1.91,-0.2,1.077,2,0,28.1,0,0,3,2,0,0,1,1,0,0,0,0,-0.1,0.0
RP,Ron Guidry,Ron,Guidry,Shakedown 1977 Microbus TTC - GH,5' 11',160 lbs,L,L,100,New York Yankees,NYY,1977,1961-1979,,83307,Perfect,Rookie Sensation  SP Ron Guidry  NYY  1977,0,N,0,1,2,1,2,1,1,2,1,2,1,1,3,1,3,1,27,20,Normal,Normal,Normal,115,87,86,112,121,97,91,115,113,84,85,110,75,155,-,99,-,-,-,-,-,-,-,-,3,FB,90-92,OTT,Normal,88,95,-,-,-,35,60,39,23,3,6,1,92,-,-,-,-,-,-,-,-,92,-,-,-,-,-,-,-,-,5,4,6,5,,,0,0,0,0,0,0,0,0,0,0,0,0,0,0,0,0,0,0.0,0.00,0,-0.0,0.0,0.00,0,0,0.0,0.0,13,5,2,2,1,2,0,42.1,200,174,33,8,2,10,34,25,23,0,36,0,0,3,4,0,0,5,2,4,1,0.82,798,33,51,5,2,-1.3,-0.5,-0.7,4.65,13,5,7,1,6,0,0,0,1.49,0.2,1.077,7,2,42.1,0,0,2,2,0,0,0,0,0,0,0,0,-0.8,0.0
RP,Pedro Martinez,Pedro,Martinez,Mount Pleasant Mounties,5' 11',170 lbs,R,R,100,New York Mets,NYM,2005,2005-2014,CS,84702,Perfect,Clubhouse - April Fools' Day  SP Pedro Martinez  NYM  2005,0,N,0,3,12,2,15,9,6,20,2,18,8,3,10,2,14,10,51,55,Normal,Normal,Normal,121,96,120,112,117,84,118,113,125,110,122,111,86,-,105,87,-,-,95,-,156,-,-,-,5,FB,88-90,3/4,Normal,92,54,-,-,-,25,19,22,23,2,7,5,51,-,-,-,-,-,-,-,-,51,-,-,-,-,-,-,-,-,5,5,6,5,,,0,0,0,0,0,0,0,0,0,0,0,0,0,0,0,0,0,0.0,0.00,0,-0.0,0.0,0.00,0,0,0.0,0.0,29,0,3,1,0,4,7,55.0,253,218,34,13,1,10,37,36,29,1,54,2,0,4,3,1,0,2,13,28,6,0.84,1065,47,59,4,2,-0.7,-0.5,-0.7,4.18,29,0,10,2,7,1,0,0,1.47,-0.1,.539,6,2,55.0,0,0,4,3,0,0,0,0,0,0,0,0,-0.1,0.0
CL,Trevor Hoffman,Trevor,Hoffman,Berlin Speed Dealers SoM,6' 1',200 lbs,R,R,100,San Diego Padres,SDP,1994,1993-2004,ME,83299,Perfect,Live Collection Reward - Hall of Fame  CL Trevor Hoffman  SD  1994,0,N,0,1,3,1,3,2,1,3,1,3,2,1,3,1,3,2,21,32,Normal,Spray,Spray,116,81,118,130,113,77,115,140,118,85,121,122,78,152,93,92,-,-,-,-,-,-,-,-,4,EX FB,90-92,3/4,Normal,12,93,-,-,-,25,20,22,23,3,9,2,52,-,-,-,-,-,-,-,-,52,-,-,-,-,-,-,-,-,7,4,6,9,,,0,0,0,0,0,0,0,0,0,0,0,0,0,0,0,0,0,0.0,0.00,0,-0.0,0.0,0.00,0,0,0.0,0.0,55,0,5,2,9,14,14,45.2,207,164,22,9,3,6,33,32,32,2,38,2,1,8,2,0,0,6,15,53,12,1.34,778,38,53,1,1,-0.2,-0.6,-0.9,5.08,55,0,6,1,5,0,1,0,1.18,0.1,1.077,2,1,45.2,0,0,2,1,0,0,0,0,0,0,0,0,-0.1,0.0
RP,Jack Coombs,Jack,Coombs,Alexandria SafeZone,6' 0',185 lbs,S,R,100,Philadelphia Athletics,OAK,1910,2026,BBR,85937,Perfect,July Jewels - Baseball Reference 4  SP Jack Coombs  PHA  1910,0,N,0,50,52,4,63,70,64,53,6,51,56,44,52,4,66,74,23,4,Normal,Normal,Normal,117,84,125,137,116,85,121,139,117,84,128,135,103,113,141,-,-,-,-,-,-,-,-,-,3,NEU,90-92,3/4,Normal,106,59,-,-,-,24,40,31,29,10,1,6,73,-,-,-,-,-,-,-,-,73,-,-,-,-,-,-,-,-,48,83,78,73,,,0,0,0,0,0,0,0,0,0,0,0,0,0,0,0,0,0,0.0,0.00,0,-0.0,0.0,0.00,0,0,0.0,0.0,16,0,0,1,1,2,2,18.2,97,83,21,4,0,5,16,16,13,0,18,1,0,0,1,0,0,3,3,13,3,0.87,384,20,14,1,0,-0.2,-0.6,-0.6,4.77,15,0,5,2,3,0,1,0,2.41,-0.1,1.077,1,0,18.2,0,0,1,0,2,2,0,0,0,0,0,0,-0.3,0.0
SP,Vida Blue,Vida,Blue,Tampa Bay Yankees 22,6' 0',190 lbs,S,L,101,Oakland Athletics,OAK,1971,1961-1979,,85756,Perfect,SwitchKnucklers - Hardware Heroes  SP Vida Blue  ATH  1971,0,N,0,90,43,3,37,14,97,70,6,51,12,88,30,3,33,15,76,9,Groundball,Pull,Pull,130,101,137,120,119,98,121,110,133,103,142,129,107,131,132,87,-,-,-,-,-,-,-,-,4,EX FB,90-92,3/4,Normal,97,63,-,-,-,24,36,27,20,1,7,4,68,-,-,-,-,-,-,-,-,68,-,-,-,-,-,-,-,-,39,54,30,37,,,0,0,0,0,0,0,0,0,0,0,0,0,0,0,0,0,0,0.0,0.00,0,-0.0,0.0,0.00,0,0,0.0,0.0,41,0,3,4,3,9,6,58.2,263,229,40,9,0,11,31,30,30,0,60,3,0,1,1,0,0,8,21,19,3,0.94,1051,50,56,2,0,0.1,-0.6,0.1,3.97,41,0,4,2,2,0,1,0,0.61,-0.0,1.077,2,0,58.2,0,0,2,2,0,0,0,0,0,0,0,0,-0.9,0.0
CL,Koji Uehara,Koji,Uehara,Washington Border Collies,6' 2',195 lbs,R,R,100,Texas Rangers,TEX,2012,2005-2014,,83328,Perfect,Veteran Presence  CL Koji Uehara  TEX  2012,0,N,0,1,3,1,3,1,1,3,1,3,1,1,3,1,3,1,21,20,Normal,Normal,Normal,119,117,127,101,130,130,120,71,110,108,132,126,92,-,-,-,109,150,-,-,-,-,-,-,3,FB,88-90,3/4,Normal,19,115,-,-,-,35,20,26,23,3,9,5,65,-,-,-,-,-,-,-,-,65,-,-,-,-,-,-,-,-,10,5,6,16,,,0,0,0,0,0,0,0,0,0,0,0,0,0,0,0,0,0,0.0,0.00,0,-0.0,0.0,0.00,0,0,0.0,0.0,54,0,3,2,6,17,7,66.0,284,249,43,9,0,12,30,29,29,1,52,2,0,4,3,0,0,8,19,30,8,1.18,1153,71,64,0,0,1.2,-0.6,0.9,4.45,54,0,11,5,5,1,0,0,1.36,-0.2,.898,0,0,66.0,0,0,3,2,4,3,0,0,0,0,0,0,-0.8,0.0
RP,Robb Nen,Robb,Nen,Madison Moundsmen - CG,6' 4',200 lbs,R,R,101,San Francisco Giants,SFG,2000,1993-2004,,83906,Perfect,HOF Week - Snapshot  CL Robb Nen  SF  2000,0,N,0,1,3,1,3,1,1,3,1,3,1,1,3,1,3,1,28,13,Normal,Spray,Spray,148,106,125,138,160,95,97,130,139,117,151,144,75,-,137,94,-,153,-,-,-,-,-,-,4,FB,96-98,OTT,Normal,19,39,-,-,-,25,20,23,23,1,7,7,52,-,-,-,-,-,-,-,-,52,-,-,-,-,-,-,-,-,5,5,6,6,,,0,0,0,0,0,0,0,0,0,0,0,0,0,0,0,0,0,0.0,0.00,0,-0.0,0.0,0.00,0,0,0.0,0.0,64,0,5,6,10,20,14,64.2,301,260,52,8,5,9,41,39,33,2,48,3,0,5,2,1,0,5,22,48,13,1.47,1173,74,64,5,1,-1.4,-0.6,-0.7,4.86,63,0,9,5,4,0,0,0,1.25,-0.1,1.077,6,1,64.2,0,0,4,4,2,1,0,0,0,0,0,0,-0.3,0.0
CL,Aroldis Chapman,Aroldis,Chapman,Laffy Comedians - CG,6' 4',235 lbs,L,L,101,Chicago Cubs,CHC,2016,2015+,CS,86413,Perfect,Clubhouse - Baseball Reference 6  CL Aroldis Chapman  CHC  2016,0,N,0,1,3,1,3,1,1,3,1,3,1,1,3,1,3,1,22,1,Normal,Normal,Normal,180,87,134,153,166,50,151,171,184,97,128,147,145,-,-,147,-,116,-,-,-,-,-,-,3,NEU,100+,OTT,Normal,17,49,-,-,-,29,20,24,23,10,4,7,57,-,-,-,-,-,-,-,-,57,-,-,-,-,-,-,-,-,16,4,6,28,,,0,0,0,0,0,0,0,0,0,0,0,0,0,0,0,0,0,0.0,0.00,0,-0.0,0.0,0.00,0,0,0.0,0.0,48,0,4,4,6,17,6,52.1,234,200,36,4,0,9,27,24,27,2,50,5,0,2,3,0,0,3,16,31,9,1.40,973,47,54,1,0,1.6,-0.7,0.2,4.19,47,0,10,7,3,0,0,0,1.72,0.1,1.077,1,0,52.1,0,0,7,6,2,1,0,0,0,0,0,0,-0.5,0.0
CL,Kenley Jansen,Kenley,Jansen,Everett Aquasox,6' 5',265 lbs,S,R,100,Los Angeles Dodgers,LAD,2017,2015+,CS,85705,Perfect,Clubhouse - SwitchKnucklers - Historical All-Star  CL Kenley Jansen  LAD  2017,0,N,0,2,4,1,3,1,2,4,1,3,1,2,5,1,3,2,23,1,Normal,Normal,Normal,141,142,121,116,118,137,108,93,160,147,133,150,-,-,-,102,121,-,154,-,-,-,-,-,3,EX FB,95-97,OTT,Normal,19,48,-,-,-,27,20,23,23,3,9,9,55,-,-,-,-,-,-,-,-,55,-,-,-,-,-,-,-,-,13,4,6,22,,,0,0,0,0,0,0,0,0,0,0,0,0,0,0,0,0,0,0.0,0.00,0,-0.0,0.0,0.00,0,0,0.0,0.0,59,0,4,5,6,14,5,48.1,214,190,34,5,1,10,22,20,22,0,42,0,0,2,1,0,0,3,22,33,9,1.12,851,41,54,0,2,0.7,-0.7,0.5,4.28,59,0,12,5,7,0,0,0,2.23,1.2,1.347,2,2,48.1,0,0,4,3,2,2,0,0,0,0,0,0,-0.8,0.0
CL,Aroldis Chapman,Aroldis,Chapman,New Haven Corsairs,6' 4',235 lbs,L,L,101,Chicago Cubs,CHC,2016,2015+,CS,86413,Perfect,Clubhouse - Baseball Reference 6  CL Aroldis Chapman  CHC  2016,0,N,0,1,3,1,3,1,1,3,1,3,1,1,3,1,3,1,22,1,Normal,Normal,Normal,180,87,134,153,166,50,151,171,184,97,128,147,145,-,-,147,-,116,-,-,-,-,-,-,3,NEU,100+,OTT,Normal,17,49,-,-,-,29,20,24,23,10,4,7,57,-,-,-,-,-,-,-,-,57,-,-,-,-,-,-,-,-,16,4,6,28,,,0,0,0,0,0,0,0,0,0,0,0,0,0,0,0,0,0,0.0,0.00,0,-0.0,0.0,0.00,0,0,0.0,0.0,53,0,7,5,1,30,8,55.0,225,201,21,9,1,10,21,21,19,0,45,3,1,1,1,0,0,4,47,9,1,2.15,899,60,55,2,0,2.4,-0.7,1.5,4.02,52,0,8,5,2,1,0,0,1.15,-0.4,.898,2,0,55.0,0,0,3,2,4,3,0,0,0,0,0,0,-0.3,0.0
CL,Billy Wagner,Billy,Wagner,Canterbury Tails,5' 10',180 lbs,L,L,100,Atlanta Braves,ATL,2010,2005-2014,,85809,Perfect,Family Connections - Historical All-Star  CL Billy Wagner  ATL  2010,0,N,0,1,3,1,3,1,1,3,1,3,1,2,3,1,3,1,29,1,Normal,Normal,Normal,150,80,141,129,153,68,175,150,150,84,130,121,128,105,122,130,-,-,-,-,-,-,-,-,4,FB,95-97,OTT,Normal,14,65,-,-,-,29,20,24,23,3,5,3,57,-,-,-,-,-,-,-,-,57,-,-,-,-,-,-,-,-,10,4,6,15,,,0,0,0,0,0,0,0,0,0,0,0,0,0,0,0,0,0,0.0,0.00,0,-0.0,0.0,0.00,0,0,0.0,0.0,72,0,1,3,14,18,10,56.1,263,227,43,7,2,10,43,42,30,0,55,5,0,1,7,1,0,5,7,58,15,1.06,1112,49,58,7,1,-0.6,-0.7,-1.3,4.24,69,0,8,5,3,0,0,0,1.28,-0.9,1.077,8,1,56.1,0,0,5,3,2,1,0,0,0,0,0,0,-0.5,0.0
CL,Sean Doolittle,Sean,Doolittle,Canterbury Tails,6' 2',205 lbs,L,L,101,Washington Nationals,WSN,2018,2015+,CS,86281,Perfect,Clubhouse - Historical All-Star  CL Sean Doolittle  WAS  2018,0,N,0,1,3,1,3,1,1,3,1,3,1,1,3,1,3,1,21,1,Normal,Spray,Spray,152,125,181,119,180,66,200,160,143,150,175,115,128,-,-,123,-,-,-,-,-,-,-,-,2,EX FB,93-95,3/4,Normal,11,57,-,-,-,27,20,23,23,2,9,3,55,-,-,-,-,-,-,-,-,55,-,-,-,-,-,-,-,-,5,5,6,5,,,0,0,0,0,0,0,0,0,0,0,0,0,0,0,0,0,0,0.0,0.00,0,-0.0,0.0,0.00,0,0,0.0,0.0,71,0,6,5,22,20,20,61.0,268,234,43,8,1,10,37,36,25,0,43,1,1,6,2,0,1,3,12,41,17,1.47,1008,43,90,3,1,-2.9,-0.7,-0.5,4.60,70,0,10,3,6,1,0,0,1.33,0.1,1.077,4,1,61.0,0,0,4,3,0,0,0,0,1,1,0,0,-0.4,0.0
SP,Mickey Welch,Mickey,Welch,Rockford Peaches,5' 8',160 lbs,R,R,100,New York Gothams,SFG,1884,2026,,85914,Perfect,Born on the 4th of July  SP Mickey Welch  NY1  1884,0,N,0,82,122,82,83,66,88,124,88,89,67,80,121,80,82,66,77,63,Line Drive,Normal,Normal,94,87,133,142,95,88,135,145,94,87,131,140,91,128,113,-,-,-,-,-,-,-,-,-,3,NEU,90-92,3/4,Normal,97,59,-,-,-,25,16,20,21,68,52,74,47,-,-,-,-,-,77,54,75,47,-,-,-,-,-,77,54,75,65,84,92,78,,,0,0,0,0,0,0,0,0,0,0,0,0,0,0,0,0,0,0.0,0.00,0,-0.0,0.0,0.00,0,0,0.0,0.0,45,0,6,2,5,10,7,63.0,277,245,37,12,1,11,30,28,28,1,46,2,0,2,4,0,0,1,20,19,5,0.76,1057,62,76,6,1,0.0,-0.7,0.4,4.71,43,0,9,3,5,1,0,0,1.14,-0.7,.862,7,1,63.0,0,0,3,2,3,2,0,0,0,0,0,0,-0.5,0.0
CL,Sean Doolittle,Sean,Doolittle,Madison Mashers - CG,6' 2',205 lbs,L,L,101,Washington Nationals,WSN,2018,2015+,CS,86281,Perfect,Clubhouse - Historical All-Star  CL Sean Doolittle  WAS  2018,0,N,0,1,3,1,3,1,1,3,1,3,1,1,3,1,3,1,21,1,Normal,Spray,Spray,152,125,181,119,180,66,200,160,143,150,175,115,128,-,-,123,-,-,-,-,-,-,-,-,2,EX FB,93-95,3/4,Normal,11,57,-,-,-,27,20,23,23,2,9,3,55,-,-,-,-,-,-,-,-,55,-,-,-,-,-,-,-,-,5,5,6,5,,,0,0,0,0,0,0,0,0,0,0,0,0,0,0,0,0,0,0.0,0.00,0,-0.0,0.0,0.00,0,0,0.0,0.0,65,0,5,7,7,29,15,56.1,251,221,36,9,0,9,31,28,26,1,42,2,0,2,2,0,0,1,37,24,10,1.95,1021,46,75,4,2,-0.6,-0.8,-0.1,4.69,64,0,8,3,4,1,0,0,1.12,0.0,.808,6,2,56.1,0,0,6,5,0,0,0,0,0,0,0,0,-0.8,0.0
RP,Phil Niekro,Phil,Niekro,-,6' 1',180 lbs,R,R,100,Atlanta Braves,ATL,1978,1961-1979,CS,85728,Perfect,Clubhouse - SwitchKnucklers - Hall of Fame  SP Phil Niekro  ATL  1978,0,N,0,80,50,14,37,46,88,41,8,26,69,77,53,17,41,35,31,2,Groundball,Normal,Normal,128,94,119,120,121,92,124,131,134,97,116,117,75,-,-,78,-,-,-,-,-,-,-,172,3,FB,86-88,3/4,Normal,99,57,-,-,-,35,41,38,39,9,6,5,83,-,-,-,-,-,-,-,-,83,-,-,-,-,-,-,-,-,5,5,6,5,,,0,0,0,0,0,0,0,0,0,0,0,0,0,0,0,0,0,0.0,0.00,0,-0.0,0.0,0.00,0,0,0.0,0.0,25,0,2,3,4,4,7,35.1,167,145,25,9,0,8,28,26,18,0,29,2,0,2,2,0,0,1,12,19,7,1.11,663,41,33,1,1,-2.3,-0.8,-0.9,4.64,25,0,6,3,3,0,0,0,1.53,0.3,1.077,2,1,35.1,0,0,1,1,1,1,1,0,0,0,0,0,-0.8,0.0
RP,Grant Balfour,Grant,Balfour,Tulsa Doom,6' 2',200 lbs,R,R,100,Tampa Bay Rays,TBD,2008,2005-2014,,83314,Perfect,Snapshot  RP Grant Balfour  TB  2008,0,N,0,1,3,1,1,1,1,3,1,1,1,1,3,1,1,1,29,19,Normal,Pull,Pull,133,66,133,109,134,81,134,149,132,48,133,96,76,159,118,94,-,-,-,-,-,-,-,-,4,EX FB,94-96,OTT,Normal,19,69,-,-,-,30,20,24,23,10,9,8,58,-,-,-,-,-,-,-,-,58,-,-,-,-,-,-,-,-,5,4,6,5,,,0,0,0,0,0,0,0,0,0,0,0,0,0,0,0,0,0,0.0,0.00,0,-0.0,0.0,0.00,0,0,0.0,0.0,51,0,2,3,2,5,8,59.0,272,241,46,11,0,12,46,42,27,0,49,1,0,3,3,1,0,4,11,29,9,0.64,1098,55,67,5,0,-1.5,-0.8,-1.4,4.48,51,0,11,5,5,1,0,0,1.53,-0.5,1.077,5,0,59.0,0,0,4,3,2,2,0,0,0,0,0,0,-0.5,0.0
RP,Carl Hubbell,Carl,Hubbell,Everett Aqua Sox,6' 0',170 lbs,R,L,100,New York Giants,SFG,1934,1921-1945,ME,83325,Perfect,Live NL Collection - Historical All-Star  SP Carl Hubbell  NY1  1934,0,N,0,3,45,1,32,28,3,47,1,28,28,4,45,1,33,28,78,33,Normal,Spray,Spray,82,146,125,111,75,150,97,120,84,144,134,102,75,-,115,-,-,-,-,-,-,93,-,-,3,FB,89-91,3/4,Finesse,103,72,-,-,-,27,29,28,27,3,1,8,66,-,-,-,-,-,-,-,-,66,-,-,-,-,-,-,-,-,8,14,6,7,,,0,0,0,0,0,0,0,0,0,0,0,0,0,0,0,0,0,0.0,0.00,0,-0.0,0.0,0.00,0,0,0.0,0.0,50,0,6,4,1,14,6,88.2,381,346,62,11,2,15,37,33,29,2,51,4,1,1,1,0,0,10,28,36,7,1.00,1459,108,92,10,2,0.7,-0.9,1.2,4.85,49,0,19,11,6,2,0,0,1.73,-1.4,.881,12,2,88.2,0,0,12,8,2,1,1,1,0,0,0,0,-1.6,0.0
RP,Tom Henke,Tom,Henke,Shakedown 1977 Microbus TTC - GH,6' 5',215 lbs,R,R,100,Toronto Blue Jays,TOR,1987,1980-1992,,85918,Perfect,Blue Jays 50th Anniversary  CL Tom Henke  TOR  1987,0,N,0,1,3,1,3,1,1,3,1,3,1,1,3,1,3,1,29,1,Normal,Spray,Spray,150,125,128,100,137,122,142,111,160,128,116,83,122,-,-,100,-,-,-,129,-,-,-,-,3,EX FB,92-94,3/4,Normal,25,57,-,-,-,35,20,26,23,3,9,2,64,-,-,-,-,-,-,-,-,64,-,-,-,-,-,-,-,-,5,4,6,5,,,0,0,0,0,0,0,0,0,0,0,0,0,0,0,0,0,0,0.0,0.00,0,-0.0,0.0,0.00,0,0,0.0,0.0,34,0,2,3,2,8,9,41.0,178,159,29,5,0,10,26,23,17,0,33,0,0,2,2,0,0,3,15,16,4,1.43,698,46,37,1,3,-0.6,-0.9,-0.4,4.34,33,0,5,3,2,0,0,0,1.10,1.1,1.077,4,3,41.0,0,0,2,2,0,0,0,0,0,0,0,0,-0.5,0.0
SP,Josh Johnson,Josh,Johnson,Barnstable Beasts,6' 7',245 lbs,L,R,100,Florida Marlins,FLA,2010,2005-2014,ME,86275,Perfect,All-Star Week Mission Reward  SP Josh Johnson  FLO  2010,0,N,0,1,6,1,6,3,4,3,1,7,1,1,7,1,6,4,64,5,Normal,Normal,Normal,131,113,97,138,129,88,104,130,133,140,93,145,126,118,116,125,-,-,-,-,-,-,-,-,4,NEU,94-96,3/4,Normal,72,52,-,-,-,27,38,29,23,2,10,4,74,-,-,-,-,-,-,-,-,74,-,-,-,-,-,-,-,-,5,5,6,5,,,0,0,0,0,0,0,0,0,0,0,0,0,0,0,0,0,0,0.0,0.00,0,-0.0,0.0,0.00,0,0,0.0,0.0,23,0,1,0,0,3,2,34.2,158,138,31,3,0,9,23,23,16,0,31,4,0,0,1,0,0,8,11,17,5,0.58,642,33,30,1,2,-0.2,-0.9,-0.5,4.26,22,0,9,5,4,0,0,0,2.34,0.9,1.077,3,2,34.2,0,0,4,4,2,2,1,0,0,0,0,0,-0.3,0.0
RP,Phil Niekro,Phil,Niekro,Freedom Grabbers - HotL,6' 1',180 lbs,R,R,100,Atlanta Braves,ATL,1978,1961-1979,CS,85728,Perfect,Clubhouse - SwitchKnucklers - Hall of Fame  SP Phil Niekro  ATL  1978,0,N,0,80,50,14,37,46,88,41,8,26,69,77,53,17,41,35,31,2,Groundball,Normal,Normal,128,94,119,120,121,92,124,131,134,97,116,117,75,-,-,78,-,-,-,-,-,-,-,172,3,FB,86-88,3/4,Normal,99,57,-,-,-,35,41,38,39,9,6,5,83,-,-,-,-,-,-,-,-,83,-,-,-,-,-,-,-,-,5,5,6,5,,,0,0,0,0,0,0,0,0,0,0,0,0,0,0,0,0,0,0.0,0.00,0,-0.0,0.0,0.00,0,0,0.0,0.0,69,0,7,2,6,11,15,99.2,439,386,67,24,1,15,53,51,44,0,69,3,1,5,1,1,0,10,26,51,17,0.79,1705,109,106,5,0,-0.4,-0.9,0.1,4.81,68,0,17,9,8,0,1,0,1.54,-0.2,1.257,5,0,99.2,0,0,8,7,3,1,1,1,0,0,0,0,-1.4,0.0
RP,Grant Balfour,Grant,Balfour,Berlin Speed Dealers SoM,6' 2',200 lbs,R,R,100,Tampa Bay Rays,TBD,2008,2005-2014,,83314,Perfect,Snapshot  RP Grant Balfour  TB  2008,0,N,0,1,3,1,1,1,1,3,1,1,1,1,3,1,1,1,29,19,Normal,Pull,Pull,133,66,133,109,134,81,134,149,132,48,133,96,76,159,118,94,-,-,-,-,-,-,-,-,4,EX FB,94-96,OTT,Normal,19,69,-,-,-,30,20,24,23,10,9,8,58,-,-,-,-,-,-,-,-,58,-,-,-,-,-,-,-,-,5,4,6,5,,,0,0,0,0,0,0,0,0,0,0,0,0,0,0,0,0,0,0.0,0.00,0,-0.0,0.0,0.00,0,0,0.0,0.0,50,0,2,4,7,9,8,55.2,247,212,35,9,0,10,24,23,31,0,37,2,0,2,5,0,0,3,16,38,14,0.82,982,50,70,1,4,-0.9,-1.0,0.7,5.24,50,0,6,3,3,0,0,0,0.97,1.3,1.077,5,4,55.2,0,0,3,2,0,0,1,1,0,0,0,0,-1.2,0.0
RP,Andrew Miller,Andrew,Miller,Dark Web Hackers,6' 7',200 lbs,L,L,100,Boston Red Sox,BOS,2014,2005-2014,,85427,Perfect,May Birthdays - Historical All-Star  RP Andrew Miller  BOS  2014,0,N,0,9,3,1,3,1,7,3,1,3,1,10,4,1,3,1,25,58,Normal,Normal,Normal,140,80,128,119,160,98,112,106,134,74,133,135,124,-,-,117,108,-,-,-,-,-,-,-,3,EX GB,93-95,3/4,GB'er,12,79,-,-,-,23,20,22,23,8,5,2,50,-,-,-,-,-,-,-,-,50,-,-,-,-,-,-,-,-,16,5,6,27,,,0,0,0,0,0,0,0,0,0,0,0,0,0,0,0,0,0,0.0,0.00,0,-0.0,0.0,0.00,0,0,0.0,0.0,54,0,1,4,10,12,11,51.0,235,205,41,10,1,11,41,36,28,1,41,1,0,1,1,0,0,9,19,27,11,1.31,932,52,48,3,2,-1.6,-1.1,-1.4,4.77,53,0,18,10,8,0,3,0,3.18,0.9,1.077,5,2,51.0,0,0,8,7,2,2,1,1,0,0,0,0,-0.8,0.0
SP,Carl Hubbell,Carl,Hubbell,Berlin Speed Dealers SoM,6' 0',170 lbs,R,L,100,New York Giants,SFG,1934,1921-1945,ME,83325,Perfect,Live NL Collection - Historical All-Star  SP Carl Hubbell  NY1  1934,0,N,0,3,45,1,32,28,3,47,1,28,28,4,45,1,33,28,78,33,Normal,Spray,Spray,82,146,125,111,75,150,97,120,84,144,134,102,75,-,115,-,-,-,-,-,-,93,-,-,3,FB,89-91,3/4,Finesse,103,72,-,-,-,27,29,28,27,3,1,8,66,-,-,-,-,-,-,-,-,66,-,-,-,-,-,-,-,-,8,14,6,7,,,0,0,0,0,0,0,0,0,0,0,0,0,0,0,0,0,0,0.0,0.00,0,-0.0,0.0,0.00,0,0,0.0,0.0,47,0,5,2,0,8,10,105.1,440,407,67,13,3,21,54,49,26,0,65,2,1,4,4,1,0,11,8,47,16,0.68,1668,125,111,7,1,-0.4,-1.1,0.4,4.46,47,0,16,11,5,0,1,0,1.37,0.5,1.197,8,1,105.1,0,0,7,7,3,3,0,0,0,0,0,0,-1.1,0.0
RP,Jack Coombs,Jack,Coombs,Phoenix Mango Slush - HOTL,6' 0',185 lbs,S,R,100,Philadelphia Athletics,OAK,1910,2026,BBR,85937,Perfect,July Jewels - Baseball Reference 4  SP Jack Coombs  PHA  1910,0,N,0,50,52,4,63,70,64,53,6,51,56,44,52,4,66,74,23,4,Normal,Normal,Normal,117,84,125,137,116,85,121,139,117,84,128,135,103,113,141,-,-,-,-,-,-,-,-,-,3,NEU,90-92,3/4,Normal,106,59,-,-,-,24,40,31,29,10,1,6,73,-,-,-,-,-,-,-,-,73,-,-,-,-,-,-,-,-,48,83,78,73,,,0,0,0,0,0,0,0,0,0,0,0,0,0,0,0,0,0,0.0,0.00,0,-0.0,0.0,0.00,0,0,0.0,0.0,54,0,4,6,4,12,15,82.2,382,315,62,15,1,9,57,52,57,1,54,4,0,6,1,0,0,12,25,35,8,1.34,1534,89,87,2,3,-0.6,-1.2,-1.4,5.60,53,0,17,9,7,1,0,0,1.74,1.6,1.077,5,3,82.2,0,0,6,6,2,2,1,1,0,0,0,0,-0.9,0.0
CL,Billy Wagner,Billy,Wagner,Rockford Peaches,5' 10',180 lbs,L,L,100,Atlanta Braves,ATL,2010,2005-2014,,85809,Perfect,Family Connections - Historical All-Star  CL Billy Wagner  ATL  2010,0,N,0,1,3,1,3,1,1,3,1,3,1,2,3,1,3,1,29,1,Normal,Normal,Normal,150,80,141,129,153,68,175,150,150,84,130,121,128,105,122,130,-,-,-,-,-,-,-,-,4,FB,95-97,OTT,Normal,14,65,-,-,-,29,20,24,23,3,5,3,57,-,-,-,-,-,-,-,-,57,-,-,-,-,-,-,-,-,10,4,6,15,,,0,0,0,0,0,0,0,0,0,0,0,0,0,0,0,0,0,0.0,0.00,0,-0.0,0.0,0.00,0,0,0.0,0.0,41,0,6,3,9,13,6,40.1,181,153,17,8,1,11,34,33,21,0,31,4,1,2,0,0,0,5,12,30,4,1.23,720,39,45,3,1,0.1,-1.4,-1.4,4.80,41,0,10,6,3,1,0,0,2.01,-0.2,.898,4,1,40.1,0,0,6,6,2,1,1,0,0,0,0,0,0.1,0.0
