POS,Name,First Name,Last Name,ORG,HT,WT,B,T,VAL,CTM,CFR,CYear,CEra,ST,CID,Tier,Title,L10,VAR,VLvl,BABIP,GAP,POW,EYE,K's,BA vL,GAP vL,POW vL,EYE vL,K vL,BA vR,GAP vR,POW vR,EYE vR,K vR,BUN,BFH,BBT,GBT,FBT,STU,CON,PBABIP,HRA,STU vL,CON vL,PBABIP vL,HRA vL,STU vR,CON vR,PBABIP vR,HRA vR,FB,CH,CB,SL,SI,SP,CT,FO,CC,SC,KC,KN,PIT,G/F,VELO,Slot,PT,STM,HLD,C ABI,C FRM,C ARM,IF RNG,IF ERR,IF ARM,TDP,OF RNG,OF ERR,OF ARM,P,C,1B,2B,3B,SS,LF,CF,RF,P Pot,C Pot,1B Pot,2B Pot,3B Pot,SS Pot,LF Pot,CF Pot,RF Pot,SPE,SR,STE,RUN,G,GS,PA,AB,H,1B_1,2B_1,3B_1,HR,RBI,R,BB,IBB,HP,SH,SF,CI,K,GIDP,RC,WPA,wRC,wRAA,WAR,PI/PA,SB,CS,wSB,UBR,G_1,GS_1,W,L,HLD_1,SD,MD,IP,BF,AB_1,1B_2,2B_2,3B_2,HR_1,R_1,ER,BB_1,IBB_1,K_1,HP_1,SH_1,SF_1,WP,BK,CI_1,DP,GF,IR,IRS,pLi,PI,GB,FB_1,SB_1,CS_1,WPA_1,WAR_1,rWAR,SIERA,G_2,GS_2,TC,A,PO,E,DP_1,TP,RNG,ZR,EFF,SBA,RTO,IP_1,PB,CER,BIZ-R,BIZ-Rm,BIZ-L,BIZ-Lm,BIZ-E,BIZ-Em,BIZ-U,BIZ-Um,BIZ-Z,BIZ-Zm,FRM,ARM
SP,Hank Aguirre,Hank,Aguirre,Chicago Dogs,6' 4',205 lbs,R,L,100,Detroit Tigers,DET,1962,1961-1979,LE,86127,Perfect,Limited Edition/16  SP Hank Aguirre  DET  1962,0,N,0,2,17,2,16,6,3,25,2,9,10,2,15,2,19,5,67,7,Normal,Normal,Normal,127,88,140,121,140,97,153,120,122,86,135,123,101,124,112,-,-,-,-,-,-,133,-,-,4,EX FB,90-92,OTT,Normal,72,74,-,-,-,24,13,20,23,6,7,5,43,-,-,-,-,-,-,-,-,43,-,-,-,-,-,-,-,-,45,35,75,35,,,0,0,0,0,0,0,0,0,0,0,0,0,0,0,0,0,0,0.0,0.00,0,-0.0,0.0,0.00,0,0,0.0,0.0,37,0,4,2,0,5,5,63.1,264,231,36,10,0,8,27,27,24,0,42,2,0,7,2,1,0,5,19,33,8,0.83,1040,57,83,4,1,-1.0,-0.4,0.6,4.68,36,0,6,3,2,1,0,0,0.71,-0.7,.818,5,1,63.1,0,0,4,2,3,2,0,0,0,0,0,0,-0.7,0.0
SP,Tyler Anderson,Tyler,Anderson,Alhambra Moors - HotL TTC,6' 2',220 lbs,L,L,95,Los Angeles Dodgers,LAD,2022,2015+,CS,86151,Diamond,Clubhouse - Baseball Reference 5  SP Tyler Anderson  LAD  2022,0,N,0,1,3,1,3,1,1,3,1,3,1,2,3,1,3,1,21,1,Normal,Normal,Normal,63,132,133,119,65,145,122,115,62,128,136,124,38,84,63,54,63,-,87,-,-,-,-,-,6,FB,90-92,3/4,Normal,76,71,-,-,-,35,19,25,23,4,9,6,63,-,-,-,-,-,-,-,-,63,-,-,-,-,-,-,-,-,8,4,6,11,,,0,0,0,0,0,0,0,0,0,0,0,0,0,0,0,0,0,0.0,0.00,0,-0.0,0.0,0.00,0,0,0.0,0.0,35,0,0,0,1,0,6,60.2,259,223,48,7,1,6,26,26,26,0,28,2,0,8,3,1,0,11,15,30,11,0.52,1011,76,62,7,3,-1.2,-0.3,0.8,5.50,34,0,12,8,4,0,0,0,1.78,0.7,1.091,10,3,60.2,0,0,2,2,5,5,0,0,0,0,0,0,-0.8,0.0
SP,Vida Blue,Vida,Blue,Pulaski Pils,6' 0',190 lbs,S,L,101,Oakland Athletics,OAK,1971,1961-1979,,85756,Perfect,SwitchKnucklers - Hardware Heroes  SP Vida Blue  ATH  1971,0,N,0,90,43,3,37,14,97,70,6,51,12,88,30,3,33,15,76,9,Groundball,Pull,Pull,130,101,137,120,119,98,121,110,133,103,142,129,107,131,132,87,-,-,-,-,-,-,-,-,4,EX FB,90-92,3/4,Normal,97,63,-,-,-,24,36,27,20,1,7,4,68,-,-,-,-,-,-,-,-,68,-,-,-,-,-,-,-,-,39,54,30,37,,,0,0,0,0,0,0,0,0,0,0,0,0,0,0,0,0,0,0.0,0.00,0,-0.0,0.0,0.00,0,0,0.0,0.0,36,26,10,8,2,6,0,175.0,728,666,122,35,5,12,75,72,51,0,151,3,0,8,10,1,0,12,4,6,0,1.07,2865,152,193,9,8,0.8,3.8,3.4,3.74,36,26,25,14,11,0,1,0,1.29,1.6,.946,17,8,175.0,0,0,10,8,5,5,0,0,0,0,0,0,-0.3,0.0
SP,Vida Blue,Vida,Blue,Washington Bishops,6' 0',190 lbs,S,L,101,Oakland Athletics,OAK,1971,1961-1979,,85756,Perfect,SwitchKnucklers - Hardware Heroes  SP Vida Blue  ATH  1971,0,N,0,90,43,3,37,14,97,70,6,51,12,88,30,3,33,15,76,9,Groundball,Pull,Pull,130,101,137,120,119,98,121,110,133,103,142,129,107,131,132,87,-,-,-,-,-,-,-,-,4,EX FB,90-92,3/4,Normal,97,63,-,-,-,24,36,27,20,1,7,4,68,-,-,-,-,-,-,-,-,68,-,-,-,-,-,-,-,-,39,54,30,37,,,0,0,0,0,0,0,0,0,0,0,0,0,0,0,0,0,0,0.0,0.00,0,-0.0,0.0,0.00,0,0,0.0,0.0,38,0,3,0,0,5,6,70.2,294,263,50,12,1,6,26,25,24,0,56,2,1,4,6,0,0,8,20,35,17,0.77,1180,71,70,1,2,0.5,0.5,1.3,4.12,38,0,9,5,3,1,0,0,1.02,0.4,.727,3,2,70.2,0,0,4,3,0,0,0,0,0,0,0,0,0.0,0.0
SP,Vida Blue,Vida,Blue,Salt Lake Bees,6' 0',190 lbs,S,L,101,Oakland Athletics,OAK,1971,1961-1979,,85756,Perfect,SwitchKnucklers - Hardware Heroes  SP Vida Blue  ATH  1971,0,N,0,90,43,3,37,14,97,70,6,51,12,88,30,3,33,15,76,9,Groundball,Pull,Pull,130,101,137,120,119,98,121,110,133,103,142,129,107,131,132,87,-,-,-,-,-,-,-,-,4,EX FB,90-92,3/4,Normal,97,63,-,-,-,24,36,27,20,1,7,4,68,-,-,-,-,-,-,-,-,68,-,-,-,-,-,-,-,-,39,54,30,37,,,0,0,0,0,0,0,0,0,0,0,0,0,0,0,0,0,0,0.0,0.00,0,-0.0,0.0,0.00,0,0,0.0,0.0,27,27,6,8,0,0,0,151.0,684,617,136,34,1,23,85,85,51,0,127,8,4,3,6,2,1,13,0,0,0,1.01,2680,127,175,8,5,-2.3,1.1,1.4,4.10,27,27,15,10,4,1,1,0,0.83,-0.2,.893,13,5,151.0,0,0,10,8,6,3,1,0,0,0,0,0,-1.2,0.0
SP,Vida Blue,Vida,Blue,Milwaukee Braves,6' 0',190 lbs,S,L,101,Oakland Athletics,OAK,1971,1961-1979,,85756,Perfect,SwitchKnucklers - Hardware Heroes  SP Vida Blue  ATH  1971,0,N,0,90,43,3,37,14,97,70,6,51,12,88,30,3,33,15,76,9,Groundball,Pull,Pull,130,101,137,120,119,98,121,110,133,103,142,129,107,131,132,87,-,-,-,-,-,-,-,-,4,EX FB,90-92,3/4,Normal,97,63,-,-,-,24,36,27,20,1,7,4,68,-,-,-,-,-,-,-,-,68,-,-,-,-,-,-,-,-,39,54,30,37,,,0,0,0,0,0,0,0,0,0,0,0,0,0,0,0,0,0,0.0,0.00,0,-0.0,0.0,0.00,0,0,0.0,0.0,32,32,15,10,0,0,0,198.0,850,777,138,53,2,20,99,87,60,0,157,8,1,4,7,1,0,23,0,0,0,1.03,3276,191,207,11,3,0.2,3.1,3.1,4.08,32,32,56,29,25,2,2,0,2.45,0.3,1.091,14,3,198.0,0,0,21,17,7,5,1,1,1,1,0,0,-0.4,0.0
SP,Vida Blue,Vida,Blue,Kansas City Torrent,6' 0',190 lbs,S,L,101,Oakland Athletics,OAK,1971,1961-1979,,85756,Perfect,SwitchKnucklers - Hardware Heroes  SP Vida Blue  ATH  1971,118 611,N,0,90,43,3,37,14,97,70,6,51,12,88,30,3,33,15,76,9,Groundball,Pull,Pull,130,101,137,120,119,98,121,110,133,103,142,129,107,131,132,87,-,-,-,-,-,-,-,-,4,EX FB,90-92,3/4,Normal,97,63,-,-,-,24,36,27,20,1,7,4,68,-,-,-,-,-,-,-,-,68,-,-,-,-,-,-,-,-,39,54,30,37,,,0,0,0,0,0,0,0,0,0,0,0,0,0,0,0,0,0,0.0,0.00,0,-0.0,0.0,0.00,0,0,0.0,0.0,33,33,10,11,0,0,0,201.1,847,762,108,47,2,20,81,74,70,0,174,4,7,4,8,0,0,16,0,0,0,1.01,3337,193,214,9,5,0.8,3.2,5.1,3.92,33,33,36,18,15,3,0,0,1.48,0.1,.976,14,5,201.1,0,0,20,17,5,2,2,1,0,0,0,0,-0.5,0.0
SP,Vida Blue,Vida,Blue,Chicago Dogs,6' 0',190 lbs,S,L,101,Oakland Athletics,OAK,1971,1961-1979,,85756,Perfect,SwitchKnucklers - Hardware Heroes  SP Vida Blue  ATH  1971,0,N,0,90,43,3,37,14,97,70,6,51,12,88,30,3,33,15,76,9,Groundball,Pull,Pull,130,101,137,120,119,98,121,110,133,103,142,129,107,131,132,87,-,-,-,-,-,-,-,-,4,EX FB,90-92,3/4,Normal,97,63,-,-,-,24,36,27,20,1,7,4,68,-,-,-,-,-,-,-,-,68,-,-,-,-,-,-,-,-,39,54,30,37,,,0,0,0,0,0,0,0,0,0,0,0,0,0,0,0,0,0,0.0,0.00,0,-0.0,0.0,0.00,0,0,0.0,0.0,33,33,11,14,0,0,0,211.2,915,825,165,48,2,21,106,100,69,0,171,9,4,8,10,3,0,23,0,0,0,1.03,3618,211,212,15,8,-0.9,2.8,2.5,4.10,33,33,30,19,9,2,2,0,1.19,0.9,.970,23,8,211.2,0,0,14,13,7,5,2,1,0,0,0,0,-1.2,0.0
SP,Vida Blue,Vida,Blue,The Black Freighter TBD,6' 0',190 lbs,S,L,101,Oakland Athletics,OAK,1971,1961-1979,,85756,Perfect,SwitchKnucklers - Hardware Heroes  SP Vida Blue  ATH  1971,0,N,0,90,43,3,37,14,97,70,6,51,12,88,30,3,33,15,76,9,Groundball,Pull,Pull,130,101,137,120,119,98,121,110,133,103,142,129,107,131,132,87,-,-,-,-,-,-,-,-,4,EX FB,90-92,3/4,Normal,97,63,-,-,-,24,36,27,20,1,7,4,68,-,-,-,-,-,-,-,-,68,-,-,-,-,-,-,-,-,39,54,30,37,,,0,0,0,0,0,0,0,0,0,0,0,0,0,0,0,0,0,0.0,0.00,0,-0.0,0.0,0.00,0,0,0.0,0.0,34,34,17,8,0,0,0,212.0,901,813,136,36,6,35,106,105,72,0,165,6,4,6,6,0,0,16,0,0,0,0.99,3573,209,232,13,7,-0.5,1.5,3.9,4.21,34,34,39,20,17,2,0,0,1.57,0.6,.987,20,7,212.0,0,0,26,23,3,1,0,0,0,0,0,0,0.9,0.0
SP,Vida Blue,Vida,Blue,Littleton CO Mountaineers,6' 0',190 lbs,S,L,101,Oakland Athletics,OAK,1971,1961-1979,,85756,Perfect,SwitchKnucklers - Hardware Heroes  SP Vida Blue  ATH  1971,0,N,0,90,43,3,37,14,97,70,6,51,12,88,30,3,33,15,76,9,Groundball,Pull,Pull,130,101,137,120,119,98,121,110,133,103,142,129,107,131,132,87,-,-,-,-,-,-,-,-,4,EX FB,90-92,3/4,Normal,97,63,-,-,-,24,36,27,20,1,7,4,68,-,-,-,-,-,-,-,-,68,-,-,-,-,-,-,-,-,39,54,30,37,,,0,0,0,0,0,0,0,0,0,0,0,0,0,0,0,0,0,0.0,0.00,0,-0.0,0.0,0.00,0,0,0.0,0.0,39,11,4,5,3,6,2,92.1,417,369,79,17,4,8,63,60,40,0,83,3,2,3,5,1,0,12,9,19,4,0.98,1671,85,95,12,0,-1.3,1.2,-0.2,4.17,39,11,18,8,9,1,2,0,1.66,-2.8,.764,12,0,92.1,0,0,10,7,2,1,0,0,0,0,0,0,-1.6,0.0
SP,Vida Blue,Vida,Blue,Buffalo Bisons,6' 0',190 lbs,S,L,101,Oakland Athletics,OAK,1971,1961-1979,,85756,Perfect,SwitchKnucklers - Hardware Heroes  SP Vida Blue  ATH  1971,0,N,0,90,43,3,37,14,97,70,6,51,12,88,30,3,33,15,76,9,Groundball,Pull,Pull,130,101,137,120,119,98,121,110,133,103,142,129,107,131,132,87,-,-,-,-,-,-,-,-,4,EX FB,90-92,3/4,Normal,97,63,-,-,-,24,36,27,20,1,7,4,68,-,-,-,-,-,-,-,-,68,-,-,-,-,-,-,-,-,39,54,30,37,,,0,0,0,0,0,0,0,0,0,0,0,0,0,0,0,0,0,0.0,0.00,0,-0.0,0.0,0.00,0,0,0.0,0.0,33,33,11,9,0,0,0,200.1,857,783,138,40,3,29,98,97,61,0,173,6,2,5,8,0,0,16,0,0,0,1.03,3375,189,211,11,8,-0.5,2.5,3.7,3.84,33,33,30,14,13,3,0,0,1.21,-0.7,.818,19,8,200.1,0,0,13,8,8,3,0,0,0,0,0,0,-2.2,0.0
SP,Vida Blue,Vida,Blue,El Vampiro Ankle Biters,6' 0',190 lbs,S,L,101,Oakland Athletics,OAK,1971,1961-1979,,85756,Perfect,SwitchKnucklers - Hardware Heroes  SP Vida Blue  ATH  1971,0,N,0,90,43,3,37,14,97,70,6,51,12,88,30,3,33,15,76,9,Groundball,Pull,Pull,130,101,137,120,119,98,121,110,133,103,142,129,107,131,132,87,-,-,-,-,-,-,-,-,4,EX FB,90-92,3/4,Normal,97,63,-,-,-,24,36,27,20,1,7,4,68,-,-,-,-,-,-,-,-,68,-,-,-,-,-,-,-,-,39,54,30,37,,,0,0,0,0,0,0,0,0,0,0,0,0,0,0,0,0,0,0.0,0.00,0,-0.0,0.0,0.00,0,0,0.0,0.0,34,34,18,11,0,0,0,219.1,896,818,126,30,2,24,82,81,67,0,208,3,5,3,8,0,0,12,0,0,0,1.03,3536,191,239,7,2,2.4,4.0,6.2,3.44,34,34,33,18,14,1,0,0,1.31,0.2,1.034,9,2,219.1,0,0,22,18,3,3,1,0,0,0,0,0,0.0,0.0
SP,Vida Blue,Vida,Blue,Ware Wolves,6' 0',190 lbs,S,L,101,Oakland Athletics,OAK,1971,1961-1979,,85756,Perfect,SwitchKnucklers - Hardware Heroes  SP Vida Blue  ATH  1971,0,N,0,90,43,3,37,14,97,70,6,51,12,88,30,3,33,15,76,9,Groundball,Pull,Pull,130,101,137,120,119,98,121,110,133,103,142,129,107,131,132,87,-,-,-,-,-,-,-,-,4,EX FB,90-92,3/4,Normal,97,63,-,-,-,24,36,27,20,1,7,4,68,-,-,-,-,-,-,-,-,68,-,-,-,-,-,-,-,-,39,54,30,37,,,0,0,0,0,0,0,0,0,0,0,0,0,0,0,0,0,0,0.0,0.00,0,-0.0,0.0,0.00,0,0,0.0,0.0,34,29,10,9,1,3,0,190.0,793,714,115,37,3,15,86,83,64,0,172,5,3,7,7,1,0,13,3,3,0,1.08,3185,177,195,9,6,-0.2,4.1,4.1,3.74,34,29,30,20,10,0,0,0,1.42,1.5,1.091,15,6,190.0,0,0,16,15,4,3,1,0,0,0,0,0,-1.1,0.0
SP,Vida Blue,Vida,Blue,Orange Jackrabbits,6' 0',190 lbs,S,L,101,Oakland Athletics,OAK,1971,1961-1979,,85756,Perfect,SwitchKnucklers - Hardware Heroes  SP Vida Blue  ATH  1971,0,N,0,90,43,3,37,14,97,70,6,51,12,88,30,3,33,15,76,9,Groundball,Pull,Pull,130,101,137,120,119,98,121,110,133,103,142,129,107,131,132,87,-,-,-,-,-,-,-,-,4,EX FB,90-92,3/4,Normal,97,63,-,-,-,24,36,27,20,1,7,4,68,-,-,-,-,-,-,-,-,68,-,-,-,-,-,-,-,-,39,54,30,37,,,0,0,0,0,0,0,0,0,0,0,0,0,0,0,0,0,0,0.0,0.00,0,-0.0,0.0,0.00,0,0,0.0,0.0,34,34,16,9,0,0,0,208.2,892,796,129,35,4,23,109,99,81,0,169,8,0,7,9,1,0,10,0,0,0,0.98,3533,191,240,9,11,-1.4,2.4,2.7,4.24,34,34,38,18,19,1,0,0,1.60,3.2,1.034,20,11,208.2,0,0,14,11,4,4,3,3,0,0,0,0,-0.3,0.0
SP,Vida Blue,Vida,Blue,Paramus Fisher Cats,6' 0',190 lbs,S,L,101,Oakland Athletics,OAK,1971,1961-1979,,85756,Perfect,SwitchKnucklers - Hardware Heroes  SP Vida Blue  ATH  1971,0,N,0,90,43,3,37,14,97,70,6,51,12,88,30,3,33,15,76,9,Groundball,Pull,Pull,130,101,137,120,119,98,121,110,133,103,142,129,107,131,132,87,-,-,-,-,-,-,-,-,4,EX FB,90-92,3/4,Normal,97,63,-,-,-,24,36,27,20,1,7,4,68,-,-,-,-,-,-,-,-,68,-,-,-,-,-,-,-,-,39,54,30,37,,,0,0,0,0,0,0,0,0,0,0,0,0,0,0,0,0,0,0.0,0.00,0,-0.0,0.0,0.00,0,0,0.0,0.0,35,35,13,9,0,0,0,207.2,898,795,134,46,2,24,112,108,78,0,171,9,5,11,7,0,0,13,0,0,0,1.10,3483,202,225,11,4,-2.1,2.4,2.4,4.19,35,35,32,18,14,0,0,0,1.39,0.3,1.091,15,4,207.2,0,0,10,9,10,6,1,1,0,0,0,0,-1.1,0.0
SP,Vida Blue,Vida,Blue,Dungeon Meshi Marcille,6' 0',190 lbs,S,L,101,Oakland Athletics,OAK,1971,1961-1979,,85756,Perfect,SwitchKnucklers - Hardware Heroes  SP Vida Blue  ATH  1971,0,N,0,90,43,3,37,14,97,70,6,51,12,88,30,3,33,15,76,9,Groundball,Pull,Pull,130,101,137,120,119,98,121,110,133,103,142,129,107,131,132,87,-,-,-,-,-,-,-,-,4,EX FB,90-92,3/4,Normal,97,63,-,-,-,24,36,27,20,1,7,4,68,-,-,-,-,-,-,-,-,68,-,-,-,-,-,-,-,-,39,54,30,37,,,0,0,0,0,0,0,0,0,0,0,0,0,0,0,0,0,0,0.0,0.00,0,-0.0,0.0,0.00,0,0,0.0,0.0,31,31,10,8,0,0,0,208.0,858,790,122,37,5,18,77,69,58,0,193,3,2,5,3,1,0,13,0,0,0,1.02,3437,204,203,5,3,1.8,5.0,6.4,3.48,31,31,30,18,11,1,0,0,1.25,0.3,.970,8,3,208.0,0,0,17,14,7,4,0,0,0,0,0,0,-0.4,0.0
SP,Vida Blue,Vida,Blue,Atlantic City Surf - GH,6' 0',190 lbs,S,L,101,Oakland Athletics,OAK,1971,1961-1979,,85756,Perfect,SwitchKnucklers - Hardware Heroes  SP Vida Blue  ATH  1971,0,N,0,90,43,3,37,14,97,70,6,51,12,88,30,3,33,15,76,9,Groundball,Pull,Pull,130,101,137,120,119,98,121,110,133,103,142,129,107,131,132,87,-,-,-,-,-,-,-,-,4,EX FB,90-92,3/4,Normal,97,63,-,-,-,24,36,27,20,1,7,4,68,-,-,-,-,-,-,-,-,68,-,-,-,-,-,-,-,-,39,54,30,37,,,0,0,0,0,0,0,0,0,0,0,0,0,0,0,0,0,0,0.0,0.00,0,-0.0,0.0,0.00,0,0,0.0,0.0,31,31,17,5,0,0,0,188.1,790,712,109,38,6,11,74,66,63,0,161,3,3,9,7,0,0,14,0,0,0,1.01,3193,182,201,4,2,1.6,4.3,4.7,3.91,31,31,35,19,13,3,1,0,1.53,-0.5,.976,6,2,188.1,0,0,19,14,6,2,2,2,1,0,0,0,-1.4,0.0
SP,Kevin Brown,Kevin,Brown,Ware Wolves,6' 4',195 lbs,R,R,100,Florida Marlins,FLA,1996,1993-2004,,85401,Perfect,Played Where? - Historical All-Star  SP Kevin Brown  FLO  1996,0,N,0,7,28,3,36,17,8,19,5,43,24,7,31,3,34,15,48,58,Normal,Normal,Normal,87,118,124,126,83,117,127,131,90,120,121,121,85,-,93,84,95,117,-,-,-,-,-,-,5,EX GB,90-92,OTT,GB'er,94,60,-,-,-,35,20,25,22,10,3,3,64,-,-,-,-,-,-,-,-,64,-,-,-,-,-,-,-,-,6,5,6,7,,,0,0,0,0,0,0,0,0,0,0,0,0,0,0,0,0,0,0.0,0.00,0,-0.0,0.0,0.00,0,0,0.0,0.0,3,3,1,1,0,0,0,18.1,79,69,16,1,1,1,7,7,9,0,15,0,1,0,1,0,0,3,0,0,0,0.94,323,22,14,0,0,0.1,0.3,0.5,4.51,3,3,2,1,1,0,0,0,0.98,-0.2,1.091,0,0,18.1,0,0,2,1,0,0,0,0,0,0,0,0,-0.1,0.0
SP,Kevin Brown,Kevin,Brown,Joe Buck Yourself,6' 4',195 lbs,R,R,100,Florida Marlins,FLA,1996,1993-2004,,85401,Perfect,Played Where? - Historical All-Star  SP Kevin Brown  FLO  1996,0,N,0,7,28,3,36,17,8,19,5,43,24,7,31,3,34,15,48,58,Normal,Normal,Normal,87,118,124,126,83,117,127,131,90,120,121,121,85,-,93,84,95,117,-,-,-,-,-,-,5,EX GB,90-92,OTT,GB'er,94,60,-,-,-,35,20,25,22,10,3,3,64,-,-,-,-,-,-,-,-,64,-,-,-,-,-,-,-,-,6,5,6,7,,,0,0,0,0,0,0,0,0,0,0,0,0,0,0,0,0,0,0.0,0.00,0,-0.0,0.0,0.00,0,0,0.0,0.0,18,12,3,7,1,0,1,73.2,341,311,60,24,2,10,56,53,26,0,56,1,0,3,5,0,0,7,3,0,0,0.91,1312,97,61,10,1,-1.7,0.6,-0.7,4.45,18,12,18,7,11,0,0,0,2.20,-0.5,1.091,11,1,73.2,0,0,7,7,1,1,0,0,0,0,0,0,-0.8,0.0
SP,Kevin Brown,Kevin,Brown,Meaty Oakers,6' 4',195 lbs,R,R,100,Florida Marlins,FLA,1996,1993-2004,,85401,Perfect,Played Where? - Historical All-Star  SP Kevin Brown  FLO  1996,0,N,0,7,28,3,36,17,8,19,5,43,24,7,31,3,34,15,48,58,Normal,Normal,Normal,87,118,124,126,83,117,127,131,90,120,121,121,85,-,93,84,95,117,-,-,-,-,-,-,5,EX GB,90-92,OTT,GB'er,94,60,-,-,-,35,20,25,22,10,3,3,64,-,-,-,-,-,-,-,-,64,-,-,-,-,-,-,-,-,6,5,6,7,,,0,0,0,0,0,0,0,0,0,0,0,0,0,0,0,0,0,0.0,0.00,0,-0.0,0.0,0.00,0,0,0.0,0.0,58,0,4,6,2,11,10,71.1,308,287,48,23,1,3,41,30,15,0,41,2,0,4,2,0,0,4,29,20,2,1.00,1092,94,72,0,1,-2.7,1.0,-0.1,4.56,57,0,21,8,12,1,1,0,2.52,0.3,.849,1,1,71.1,0,0,7,6,4,3,2,1,0,0,0,0,-0.1,0.0
SP,Kevin Brown,Kevin,Brown,Kansas City Torrent,6' 4',195 lbs,R,R,100,Florida Marlins,FLA,1996,1993-2004,,85401,Perfect,Played Where? - Historical All-Star  SP Kevin Brown  FLO  1996,47 339,N,0,7,28,3,36,17,8,19,5,43,24,7,31,3,34,15,48,58,Normal,Normal,Normal,87,118,124,126,83,117,127,131,90,120,121,121,85,-,93,84,95,117,-,-,-,-,-,-,5,EX GB,90-92,OTT,GB'er,94,60,-,-,-,35,20,25,22,10,3,3,64,-,-,-,-,-,-,-,-,64,-,-,-,-,-,-,-,-,6,5,6,7,,,0,0,0,0,0,0,0,0,0,0,0,0,0,0,0,0,0,0.0,0.00,0,-0.0,0.0,0.00,0,0,0.0,0.0,24,9,7,4,1,4,1,71.1,323,296,64,17,0,9,51,43,21,0,43,2,0,4,2,1,0,6,6,6,3,0.89,1196,101,61,4,3,-0.3,0.3,-0.7,4.76,24,9,15,8,7,0,0,0,1.89,0.7,1.091,7,3,71.1,0,0,9,8,2,1,0,0,0,0,0,0,-0.3,0.0
SP,Kevin Brown,Kevin,Brown,Real Intered Workers,6' 4',195 lbs,R,R,100,Florida Marlins,FLA,1996,1993-2004,,85401,Perfect,Played Where? - Historical All-Star  SP Kevin Brown  FLO  1996,0,N,0,7,28,3,36,17,8,19,5,43,24,7,31,3,34,15,48,58,Normal,Normal,Normal,87,118,124,126,83,117,127,131,90,120,121,121,85,-,93,84,95,117,-,-,-,-,-,-,5,EX GB,90-92,OTT,GB'er,94,60,-,-,-,35,20,25,22,10,3,3,64,-,-,-,-,-,-,-,-,64,-,-,-,-,-,-,-,-,6,5,6,7,,,0,0,0,0,0,0,0,0,0,0,0,0,0,0,0,0,0,0.0,0.00,0,-0.0,0.0,0.00,0,0,0.0,0.0,36,36,8,17,0,0,0,227.2,963,876,146,48,6,22,113,101,68,0,154,8,3,8,11,0,0,26,0,0,0,1.04,3632,295,202,5,3,-1.6,3.2,3.6,4.44,36,36,40,20,19,1,0,0,1.54,1.6,1.037,8,3,227.2,0,0,16,16,4,3,2,1,0,0,0,0,-2.4,0.0
SP,Kevin Brown,Kevin,Brown,Pulaski Pils,6' 4',195 lbs,R,R,100,Florida Marlins,FLA,1996,1993-2004,,85401,Perfect,Played Where? - Historical All-Star  SP Kevin Brown  FLO  1996,0,N,0,7,28,3,36,17,8,19,5,43,24,7,31,3,34,15,48,58,Normal,Normal,Normal,87,118,124,126,83,117,127,131,90,120,121,121,85,-,93,84,95,117,-,-,-,-,-,-,5,EX GB,90-92,OTT,GB'er,94,60,-,-,-,35,20,25,22,10,3,3,64,-,-,-,-,-,-,-,-,64,-,-,-,-,-,-,-,-,6,5,6,7,,,0,0,0,0,0,0,0,0,0,0,0,0,0,0,0,0,0,0.0,0.00,0,-0.0,0.0,0.00,0,0,0.0,0.0,33,22,9,10,0,1,1,138.1,609,549,96,40,6,13,81,77,46,1,101,6,2,6,2,1,0,14,7,8,4,0.99,2379,170,125,6,1,-2.0,1.6,0.4,4.40,33,22,30,19,10,1,0,0,1.89,0.3,1.039,7,1,138.1,0,0,15,13,10,8,2,1,0,0,0,0,0.0,0.0
SP,Kevin Brown,Kevin,Brown,Memphis Redbirds,6' 4',195 lbs,R,R,100,Florida Marlins,FLA,1996,1993-2004,,85401,Perfect,Played Where? - Historical All-Star  SP Kevin Brown  FLO  1996,0,N,0,7,28,3,36,17,8,19,5,43,24,7,31,3,34,15,48,58,Normal,Normal,Normal,87,118,124,126,83,117,127,131,90,120,121,121,85,-,93,84,95,117,-,-,-,-,-,-,5,EX GB,90-92,OTT,GB'er,94,60,-,-,-,35,20,25,22,10,3,3,64,-,-,-,-,-,-,-,-,64,-,-,-,-,-,-,-,-,6,5,6,7,,,0,0,0,0,0,0,0,0,0,0,0,0,0,0,0,0,0,0.0,0.00,0,-0.0,0.0,0.00,0,0,0.0,0.0,44,0,2,1,2,7,8,85.1,367,343,56,22,3,9,40,30,19,0,46,3,0,2,4,0,0,8,21,43,18,0.57,1363,120,80,7,1,-0.2,0.2,0.7,4.71,44,0,15,5,9,1,0,0,1.48,-1.0,.909,8,1,85.1,0,0,4,3,4,2,0,0,0,0,0,0,-0.8,0.0
SP,Kevin Brown,Kevin,Brown,Kumamoto Ozeki TBD,6' 4',195 lbs,R,R,100,Florida Marlins,FLA,1996,1993-2004,,85401,Perfect,Played Where? - Historical All-Star  SP Kevin Brown  FLO  1996,0,N,0,7,28,3,36,17,8,19,5,43,24,7,31,3,34,15,48,58,Normal,Normal,Normal,87,118,124,126,83,117,127,131,90,120,121,121,85,-,93,84,95,117,-,-,-,-,-,-,5,EX GB,90-92,OTT,GB'er,94,60,-,-,-,35,20,25,22,10,3,3,64,-,-,-,-,-,-,-,-,64,-,-,-,-,-,-,-,-,6,5,6,7,,,0,0,0,0,0,0,0,0,0,0,0,0,0,0,0,0,0,0.0,0.00,0,-0.0,0.0,0.00,0,0,0.0,0.0,31,31,4,15,0,0,0,174.1,772,709,138,46,4,25,106,97,51,1,118,4,3,5,6,0,0,16,0,0,0,0.98,2931,229,148,6,8,-2.6,1.4,0.9,4.49,31,31,39,19,18,2,0,0,1.91,2.3,.976,14,8,174.1,0,0,18,17,4,3,1,0,0,0,0,0,-0.1,0.0
SP,Walker Buehler,Walker,Buehler,Joe Buck Yourself,6' 2',185 lbs,R,R,100,Los Angeles Dodgers,LAD,2021,2015+,ME,83892,Perfect,Live Collection Reward - Historical All-Star  SP Walker Buehler  LAD  2021,0,N,0,1,6,1,7,1,1,9,1,4,1,1,5,1,8,1,47,23,Normal,Normal,Normal,85,93,122,115,78,81,116,119,90,104,127,114,98,79,72,84,85,-,77,-,-,-,-,-,6,GB,95-97,3/4,GB'er,69,38,-,-,-,34,20,26,23,10,2,8,64,-,-,-,-,-,-,-,-,64,-,-,-,-,-,-,-,-,21,4,6,37,,,0,0,0,0,0,0,0,0,0,0,0,0,0,0,0,0,0,0.0,0.00,0,-0.0,0.0,0.00,0,0,0.0,0.0,35,31,7,14,0,0,0,198.2,842,737,125,45,2,14,81,77,82,0,110,9,7,7,9,0,0,21,3,6,0,1.01,3311,248,196,8,11,0.8,2.1,5.0,5.13,35,31,48,26,20,2,1,0,2.08,3.6,1.049,19,11,198.2,0,0,22,19,10,8,0,0,0,0,0,0,-3.1,0.0
SP,Walker Buehler,Walker,Buehler,Salt Lake Bees,6' 2',185 lbs,R,R,100,Los Angeles Dodgers,LAD,2021,2015+,ME,83892,Perfect,Live Collection Reward - Historical All-Star  SP Walker Buehler  LAD  2021,0,N,0,1,6,1,7,1,1,9,1,4,1,1,5,1,8,1,47,23,Normal,Normal,Normal,85,93,122,115,78,81,116,119,90,104,127,114,98,79,72,84,85,-,77,-,-,-,-,-,6,GB,95-97,3/4,GB'er,69,38,-,-,-,34,20,26,23,10,2,8,64,-,-,-,-,-,-,-,-,64,-,-,-,-,-,-,-,-,21,4,6,37,,,0,0,0,0,0,0,0,0,0,0,0,0,0,0,0,0,0,0.0,0.00,0,-0.0,0.0,0.00,0,0,0.0,0.0,11,0,2,3,2,3,4,16.2,77,69,9,7,1,3,11,11,8,0,12,0,0,0,3,0,0,1,4,2,1,1.51,295,20,17,1,0,-0.1,-0.3,-0.2,4.85,11,0,6,4,2,0,1,0,3.24,0.2,1.091,1,0,16.2,0,0,3,3,1,1,0,0,0,0,0,0,0.0,0.0
SP,Walker Buehler,Walker,Buehler,Real Intered Workers,6' 2',185 lbs,R,R,100,Los Angeles Dodgers,LAD,2021,2015+,ME,83892,Perfect,Live Collection Reward - Historical All-Star  SP Walker Buehler  LAD  2021,0,N,0,1,6,1,7,1,1,9,1,4,1,1,5,1,8,1,47,23,Normal,Normal,Normal,85,93,122,115,78,81,116,119,90,104,127,114,98,79,72,84,85,-,77,-,-,-,-,-,6,GB,95-97,3/4,GB'er,69,38,-,-,-,34,20,26,23,10,2,8,64,-,-,-,-,-,-,-,-,64,-,-,-,-,-,-,-,-,21,4,6,37,,,0,0,0,0,0,0,0,0,0,0,0,0,0,0,0,0,0,0.0,0.00,0,-0.0,0.0,0.00,0,0,0.0,0.0,5,2,0,2,0,0,1,14.1,83,70,18,8,0,2,16,16,11,0,8,1,0,1,0,0,0,0,0,3,1,0.97,321,11,24,1,0,-0.7,-0.2,-0.6,6.18,5,2,2,1,1,0,0,0,1.26,0.3,2.182,1,0,14.1,0,0,2,2,0,0,0,0,0,0,0,0,-0.4,0.0
SP,Steve Carlton,Steve,Carlton,Tavistock Baseballersons,6' 4',210 lbs,L,L,96,St. Louis Cardinals,STL,1969,1961-1979,,85109,Diamond,HOF 1 - Historical All-Star  SP Steve Carlton  STL  1969,0,Y,5,38,80,35,41,25,35,67,34,56,16,39,84,36,37,30,54,7,Normal,Pull,Pull,143,80,101,123,137,76,97,141,145,81,103,114,98,108,123,116,-,-,-,-,-,-,-,-,4,FB,90-92,3/4,Normal,86,60,-,-,-,29,24,25,22,4,1,10,66,-,-,-,-,-,-,-,-,66,-,-,-,-,-,-,-,-,5,5,6,5,,,0,0,0,0,0,0,0,0,0,0,0,0,0,0,0,0,0,0.0,0.00,0,-0.0,0.0,0.00,0,0,0.0,0.0,26,26,7,9,0,0,0,159.2,703,615,116,28,2,11,85,72,73,0,140,7,3,4,7,1,1,16,0,0,0,1.08,2810,159,153,5,6,-1.3,2.8,2.0,4.25,26,26,16,12,4,0,0,0,0.90,1.8,1.190,11,6,159.2,0,0,11,10,4,2,1,0,0,0,0,0,-1.2,0.0
SP,Bubba Chandler,Bubba,Chandler,Joe Buck Yourself,6' 3',220 lbs,S,R,100,Pittsburgh Pirates,PIT,2026,2026,,84630,Perfect,FLF 2 - Future Legend  SP Bubba Chandler  PIT  2026,0,N,0,58,58,71,59,52,57,55,69,59,52,59,59,72,60,53,44,45,Normal,Pull,Normal,123,85,96,115,125,81,90,115,121,88,100,115,124,121,111,124,-,-,-,-,-,-,-,-,4,NEU,96-98,3/4,Normal,82,92,1,1,1,44,46,71,56,65,51,64,96,-,-,-,-,-,-,-,-,96,-,84,41,46,30,72,48,66,61,61,65,58,,,0,0,0,0,0,0,0,0,0,0,0,0,0,0,0,0,0,0.0,0.00,0,-0.0,0.0,0.00,0,0,0.0,0.0,52,0,3,4,13,19,10,73.2,312,269,37,9,1,7,30,21,35,0,56,5,1,1,3,1,1,8,13,36,6,1.51,1250,92,64,2,2,0.5,-0.1,1.4,4.62,52,0,17,10,6,1,0,0,1.95,0.7,.992,4,2,73.2,0,0,5,4,5,4,3,2,0,0,0,0,-0.4,0.0
SP,Bubba Chandler,Bubba,Chandler,St. Louis Honkers,6' 3',220 lbs,S,R,100,Pittsburgh Pirates,PIT,2026,2026,,84630,Perfect,FLF 2 - Future Legend  SP Bubba Chandler  PIT  2026,0,N,0,58,58,71,59,52,57,55,69,59,52,59,59,72,60,53,44,45,Normal,Pull,Normal,123,85,96,115,125,81,90,115,121,88,100,115,124,121,111,124,-,-,-,-,-,-,-,-,4,NEU,96-98,3/4,Normal,82,92,1,1,1,44,46,71,56,65,51,64,96,-,-,-,-,-,-,-,-,96,-,84,41,46,30,72,48,66,61,61,65,58,,,0,0,0,0,0,0,0,0,0,0,0,0,0,0,0,0,0,0.0,0.00,0,-0.0,0.0,0.00,0,0,0.0,0.0,51,0,4,3,11,14,12,63.0,288,249,53,9,4,6,35,35,28,0,48,7,0,3,2,0,1,6,15,19,7,1.45,1136,70,61,2,1,-0.9,-0.1,0.0,4.62,49,0,10,4,6,0,0,0,1.43,0.0,1.091,3,1,63.0,0,0,5,4,1,0,0,0,0,0,0,0,-1.1,0.0
SP,Eddie Cicotte,Eddie,Cicotte,Joe Buck Yourself,5' 9',175 lbs,S,R,100,Chicago White Sox,CHW,1917,2026,CS,85727,Perfect,Clubhouse - SwitchKnucklers - Veteran Presence  SP Eddie Cicotte  CWS  1917,0,N,0,22,43,5,62,24,14,49,5,58,30,25,41,5,63,23,64,8,Normal,Normal,Normal,105,104,134,120,105,79,124,114,105,135,142,136,50,-,56,-,-,-,-,-,-,-,94,152,4,EX FB,88-90,3/4,Normal,105,59,-,-,-,35,23,27,23,8,3,2,68,-,-,-,-,-,-,-,-,68,-,-,-,-,-,-,-,-,68,73,67,66,,,0,0,0,0,0,0,0,0,0,0,0,0,0,0,0,0,0,0.0,0.00,0,-0.0,0.0,0.00,0,0,0.0,0.0,61,0,4,3,7,12,12,90.2,403,358,70,21,3,6,39,39,38,0,76,2,2,3,5,0,0,7,31,62,26,0.91,1610,90,93,6,1,-0.6,0.8,1.1,4.29,61,0,19,10,9,0,0,0,1.89,0.0,1.091,7,1,90.2,0,0,8,8,3,2,0,0,0,0,0,0,-0.9,0.0
SP,Eddie Cicotte,Eddie,Cicotte,Tavistock Baseballersons,5' 9',175 lbs,S,R,100,Chicago White Sox,CHW,1917,2026,CS,85727,Perfect,Clubhouse - SwitchKnucklers - Veteran Presence  SP Eddie Cicotte  CWS  1917,0,N,0,22,43,5,62,24,14,49,5,58,30,25,41,5,63,23,64,8,Normal,Normal,Normal,105,104,134,120,105,79,124,114,105,135,142,136,50,-,56,-,-,-,-,-,-,-,94,152,4,EX FB,88-90,3/4,Normal,105,59,-,-,-,35,23,27,23,8,3,2,68,-,-,-,-,-,-,-,-,68,-,-,-,-,-,-,-,-,68,73,67,66,,,0,0,0,0,0,0,0,0,0,0,0,0,0,0,0,0,0,0.0,0.00,0,-0.0,0.0,0.00,0,0,0.0,0.0,42,0,1,1,1,6,4,70.2,312,276,54,8,1,9,36,31,29,0,60,4,0,3,2,0,0,2,18,31,9,0.85,1271,49,95,1,0,1.2,-0.1,0.3,4.14,42,0,10,2,8,0,1,0,1.27,-0.0,1.091,1,0,70.2,0,0,7,6,1,0,0,0,0,0,0,0,-0.5,0.0
SP,Roger Clemens,Roger,Clemens,Dungeon Meshi Marcille,6' 4',220 lbs,R,R,101,Toronto Blue Jays,TOR,1998,1993-2004,CS,86466,Perfect,Clubhouse - Baseball Reference 7  SP Roger Clemens  TOR  1998,0,N,0,1,3,1,4,2,1,3,1,4,2,1,3,1,4,2,22,1,Normal,Spray,Spray,145,97,137,146,146,84,141,137,144,111,133,153,133,78,132,110,-,90,-,123,-,-,-,-,6,GB,97-99,3/4,GB'er,97,51,-,-,-,32,40,30,19,3,10,1,78,-,-,-,-,-,-,-,-,78,-,-,-,-,-,-,-,-,15,5,6,24,,,0,0,0,0,0,0,0,0,0,0,0,0,0,0,0,0,0,0.0,0.00,0,-0.0,0.0,0.00,0,0,0.0,0.0,16,16,4,6,0,0,0,102.0,436,389,57,24,2,11,57,53,40,0,87,3,2,2,5,1,0,12,0,0,0,0.99,1700,127,77,1,1,-1.5,1.4,1.1,4.16,16,16,15,7,7,1,0,0,1.24,0.3,1.091,2,1,102.0,0,0,6,4,3,2,0,0,0,0,0,0,-0.5,0.0
SP,Roger Clemens,Roger,Clemens,Washington Bishops,6' 4',220 lbs,R,R,101,Toronto Blue Jays,TOR,1998,1993-2004,CS,86466,Perfect,Clubhouse - Baseball Reference 7  SP Roger Clemens  TOR  1998,0,N,0,1,3,1,4,2,1,3,1,4,2,1,3,1,4,2,22,1,Normal,Spray,Spray,145,97,137,146,146,84,141,137,144,111,133,153,133,78,132,110,-,90,-,123,-,-,-,-,6,GB,97-99,3/4,GB'er,97,51,-,-,-,32,40,30,19,3,10,1,78,-,-,-,-,-,-,-,-,78,-,-,-,-,-,-,-,-,15,5,6,24,,,0,0,0,0,0,0,0,0,0,0,0,0,0,0,0,0,0,0.0,0.00,0,-0.0,0.0,0.00,0,0,0.0,0.0,32,32,10,14,0,0,0,192.0,813,742,113,39,2,25,95,89,63,0,179,4,3,1,10,1,0,15,0,0,0,0.96,3157,212,166,5,3,-1.8,2.8,3.1,3.68,32,32,47,21,26,0,2,0,2.20,1.3,1.091,8,3,192.0,0,0,17,14,8,6,1,1,0,0,0,0,-0.7,0.0
SP,Roger Clemens,Roger,Clemens,Krakow Hussars,6' 4',220 lbs,R,R,101,Toronto Blue Jays,TOR,1998,1993-2004,CS,86466,Perfect,Clubhouse - Baseball Reference 7  SP Roger Clemens  TOR  1998,0,N,0,1,3,1,4,2,1,3,1,4,2,1,3,1,4,2,22,1,Normal,Spray,Spray,145,97,137,146,146,84,141,137,144,111,133,153,133,78,132,110,-,90,-,123,-,-,-,-,6,GB,97-99,3/4,GB'er,97,51,-,-,-,32,40,30,19,3,10,1,78,-,-,-,-,-,-,-,-,78,-,-,-,-,-,-,-,-,15,5,6,24,,,0,0,0,0,0,0,0,0,0,0,0,0,0,0,0,0,0,0.0,0.00,0,-0.0,0.0,0.00,0,0,0.0,0.0,33,33,11,14,0,0,0,188.2,816,738,128,36,5,21,110,101,66,0,165,7,2,3,5,0,0,17,0,0,0,0.97,3224,211,170,12,3,-2.3,2.9,1.7,3.95,32,32,44,21,22,1,1,0,2.05,-0.6,.996,15,3,188.2,0,0,21,19,7,3,1,1,0,0,0,0,-0.5,0.0
SP,Roger Clemens,Roger,Clemens,The Black Freighter TBD,6' 4',220 lbs,R,R,101,Toronto Blue Jays,TOR,1998,1993-2004,CS,86466,Perfect,Clubhouse - Baseball Reference 7  SP Roger Clemens  TOR  1998,0,N,0,1,3,1,4,2,1,3,1,4,2,1,3,1,4,2,22,1,Normal,Spray,Spray,145,97,137,146,146,84,141,137,144,111,133,153,133,78,132,110,-,90,-,123,-,-,-,-,6,GB,97-99,3/4,GB'er,97,51,-,-,-,32,40,30,19,3,10,1,78,-,-,-,-,-,-,-,-,78,-,-,-,-,-,-,-,-,15,5,6,24,,,0,0,0,0,0,0,0,0,0,0,0,0,0,0,0,0,0,0.0,0.00,0,-0.0,0.0,0.00,0,0,0.0,0.0,37,37,12,15,0,0,0,233.0,980,876,128,59,7,16,103,88,81,1,213,9,6,8,12,2,0,20,0,0,0,0.98,3912,256,197,15,8,0.5,5.7,5.6,3.78,37,37,41,19,21,1,1,0,1.55,0.1,.976,23,8,233.0,0,0,24,19,7,4,0,0,0,0,0,0,0.5,0.0
SP,Roger Clemens,Roger,Clemens,El Vampiro Ankle Biters,6' 4',220 lbs,R,R,101,Toronto Blue Jays,TOR,1998,1993-2004,CS,86466,Perfect,Clubhouse - Baseball Reference 7  SP Roger Clemens  TOR  1998,0,N,0,1,3,1,4,2,1,3,1,4,2,1,3,1,4,2,22,1,Normal,Spray,Spray,145,97,137,146,146,84,141,137,144,111,133,153,133,78,132,110,-,90,-,123,-,-,-,-,6,GB,97-99,3/4,GB'er,97,51,-,-,-,32,40,30,19,3,10,1,78,-,-,-,-,-,-,-,-,78,-,-,-,-,-,-,-,-,15,5,6,24,,,0,0,0,0,0,0,0,0,0,0,0,0,0,0,0,0,0,0.0,0.00,0,-0.0,0.0,0.00,0,0,0.0,0.0,34,34,13,13,0,0,0,195.1,857,774,137,48,3,18,112,104,70,0,187,5,3,5,8,0,0,12,0,0,0,1.03,3419,210,170,9,7,-1.0,3.7,1.4,3.75,34,34,48,20,26,2,2,0,2.12,1.7,.996,16,7,195.1,0,0,16,13,8,7,2,2,0,0,0,0,-0.1,0.0
SP,Roger Clemens,Roger,Clemens,Ware Wolves,6' 4',220 lbs,R,R,101,Toronto Blue Jays,TOR,1998,1993-2004,CS,86466,Perfect,Clubhouse - Baseball Reference 7  SP Roger Clemens  TOR  1998,0,N,0,1,3,1,4,2,1,3,1,4,2,1,3,1,4,2,22,1,Normal,Spray,Spray,145,97,137,146,146,84,141,137,144,111,133,153,133,78,132,110,-,90,-,123,-,-,-,-,6,GB,97-99,3/4,GB'er,97,51,-,-,-,32,40,30,19,3,10,1,78,-,-,-,-,-,-,-,-,78,-,-,-,-,-,-,-,-,15,5,6,24,,,0,0,0,0,0,0,0,0,0,0,0,0,0,0,0,0,0,0.0,0.00,0,-0.0,0.0,0.00,0,0,0.0,0.0,32,32,12,12,0,0,0,199.2,864,772,137,48,3,17,99,93,75,0,177,4,4,9,12,0,0,18,0,0,0,1.03,3460,204,191,14,8,-0.4,3.8,3.5,3.98,32,32,34,21,13,0,2,0,1.53,1.3,1.091,22,8,199.2,0,0,18,17,8,3,1,1,0,0,0,0,-1.5,0.0
SP,Roger Clemens,Roger,Clemens,Marshall M.I.C.E.,6' 4',220 lbs,R,R,101,Toronto Blue Jays,TOR,1998,1993-2004,CS,86466,Perfect,Clubhouse - Baseball Reference 7  SP Roger Clemens  TOR  1998,0,N,0,1,3,1,4,2,1,3,1,4,2,1,3,1,4,2,22,1,Normal,Spray,Spray,145,97,137,146,146,84,141,137,144,111,133,153,133,78,132,110,-,90,-,123,-,-,-,-,6,GB,97-99,3/4,GB'er,97,51,-,-,-,32,40,30,19,3,10,1,78,-,-,-,-,-,-,-,-,78,-,-,-,-,-,-,-,-,15,5,6,24,,,0,0,0,0,0,0,0,0,0,0,0,0,0,0,0,0,0,0.0,0.00,0,-0.0,0.0,0.00,0,0,0.0,0.0,32,32,17,6,0,0,0,213.1,881,795,136,46,3,14,79,77,69,0,177,6,4,7,8,0,0,22,0,0,0,0.98,3504,232,196,13,9,1.6,4.9,6.6,3.94,32,32,40,22,17,1,1,0,1.65,2.4,1.091,22,9,213.1,0,0,14,13,7,6,2,1,0,0,0,0,-1.1,0.0
SP,Roger Clemens,Roger,Clemens,Kumamoto Ozeki TBD,6' 4',220 lbs,R,R,101,Toronto Blue Jays,TOR,1998,1993-2004,CS,86466,Perfect,Clubhouse - Baseball Reference 7  SP Roger Clemens  TOR  1998,0,N,0,1,3,1,4,2,1,3,1,4,2,1,3,1,4,2,22,1,Normal,Spray,Spray,145,97,137,146,146,84,141,137,144,111,133,153,133,78,132,110,-,90,-,123,-,-,-,-,6,GB,97-99,3/4,GB'er,97,51,-,-,-,32,40,30,19,3,10,1,78,-,-,-,-,-,-,-,-,78,-,-,-,-,-,-,-,-,15,5,6,24,,,0,0,0,0,0,0,0,0,0,0,0,0,0,0,0,0,0,0.0,0.00,0,-0.0,0.0,0.00,0,0,0.0,0.0,37,37,11,9,0,0,0,218.2,932,851,142,38,7,22,109,103,65,0,186,8,1,7,4,1,0,13,0,0,0,1.03,3750,260,187,13,3,-0.9,3.9,3.4,3.88,37,37,42,23,16,3,1,0,1.61,-1.1,.935,16,3,218.2,0,0,18,15,9,6,0,0,0,0,0,0,-1.1,0.0
SP,Roger Clemens,Roger,Clemens,Atlantic City Surf - GH,6' 4',220 lbs,R,R,101,Toronto Blue Jays,TOR,1998,1993-2004,CS,86466,Perfect,Clubhouse - Baseball Reference 7  SP Roger Clemens  TOR  1998,0,N,0,1,3,1,4,2,1,3,1,4,2,1,3,1,4,2,22,1,Normal,Spray,Spray,145,97,137,146,146,84,141,137,144,111,133,153,133,78,132,110,-,90,-,123,-,-,-,-,6,GB,97-99,3/4,GB'er,97,51,-,-,-,32,40,30,19,3,10,1,78,-,-,-,-,-,-,-,-,78,-,-,-,-,-,-,-,-,15,5,6,24,,,0,0,0,0,0,0,0,0,0,0,0,0,0,0,0,0,0,0.0,0.00,0,-0.0,0.0,0.00,0,0,0.0,0.0,36,36,18,6,0,0,0,211.2,914,818,143,41,3,16,93,88,75,0,195,10,4,7,11,0,0,16,0,0,0,1.05,3529,222,200,9,3,1.3,4.1,4.1,3.81,36,36,35,20,14,1,1,0,1.45,-0.1,.982,12,3,211.2,0,0,14,12,9,7,2,0,0,0,0,0,-2.0,0.0
SP,Jack Coombs,Jack,Coombs,Littleton CO Mountaineers,6' 0',185 lbs,S,R,100,Philadelphia Athletics,OAK,1910,2026,BBR,85937,Perfect,July Jewels - Baseball Reference 4  SP Jack Coombs  PHA  1910,0,N,0,50,52,4,63,70,64,53,6,51,56,44,52,4,66,74,23,4,Normal,Normal,Normal,117,84,125,137,116,85,121,139,117,84,128,135,103,113,141,-,-,-,-,-,-,-,-,-,3,NEU,90-92,3/4,Normal,106,59,-,-,-,24,40,31,29,10,1,6,73,-,-,-,-,-,-,-,-,73,-,-,-,-,-,-,-,-,48,83,78,73,,,0,0,0,0,0,0,0,0,0,0,0,0,0,0,0,0,0,0.0,0.00,0,-0.0,0.0,0.00,0,0,0.0,0.0,23,23,4,5,0,0,0,123.1,545,486,86,27,2,6,61,53,49,0,109,1,3,6,2,0,0,7,0,0,0,1.06,2213,127,124,13,4,-0.3,3.2,2.5,4.08,23,23,21,8,9,4,0,0,1.24,-2.2,.595,17,4,123.1,0,0,11,8,5,2,0,0,0,0,0,0,-0.9,0.0
SP,Jack Coombs,Jack,Coombs,-,6' 0',185 lbs,S,R,100,Philadelphia Athletics,OAK,1910,2026,BBR,85937,Perfect,July Jewels - Baseball Reference 4  SP Jack Coombs  PHA  1910,0,N,0,50,52,4,63,70,64,53,6,51,56,44,52,4,66,74,23,4,Normal,Normal,Normal,117,84,125,137,116,85,121,139,117,84,128,135,103,113,141,-,-,-,-,-,-,-,-,-,3,NEU,90-92,3/4,Normal,106,59,-,-,-,24,40,31,29,10,1,6,73,-,-,-,-,-,-,-,-,73,-,-,-,-,-,-,-,-,48,83,78,73,,,0,0,0,0,0,0,0,0,0,0,0,0,0,0,0,0,0,0.0,0.00,0,-0.0,0.0,0.00,0,0,0.0,0.0,2,2,0,2,0,0,0,8.2,43,40,10,5,0,2,11,11,2,0,6,0,0,1,0,0,0,1,0,0,0,0.91,182,8,10,1,0,-0.7,0.0,-0.3,4.47,2,2,0,0,0,0,0,0,0.00,-0.1,.000,1,0,8.2,0,0,0,0,0,0,0,0,0,0,0,0,-0.1,0.0
SP,Jack Coombs,Jack,Coombs,Salt Lake Bees,6' 0',185 lbs,S,R,100,Philadelphia Athletics,OAK,1910,2026,BBR,85937,Perfect,July Jewels - Baseball Reference 4  SP Jack Coombs  PHA  1910,0,N,0,50,52,4,63,70,64,53,6,51,56,44,52,4,66,74,23,4,Normal,Normal,Normal,117,84,125,137,116,85,121,139,117,84,128,135,103,113,141,-,-,-,-,-,-,-,-,-,3,NEU,90-92,3/4,Normal,106,59,-,-,-,24,40,31,29,10,1,6,73,-,-,-,-,-,-,-,-,73,-,-,-,-,-,-,-,-,48,83,78,73,,,0,0,0,0,0,0,0,0,0,0,0,0,0,0,0,0,0,0.0,0.00,0,-0.0,0.0,0.00,0,0,0.0,0.0,32,32,9,12,0,0,0,186.2,810,722,120,29,4,29,97,92,78,0,160,5,4,1,8,0,0,14,0,0,0,1.03,3259,195,179,8,5,-0.7,1.0,2.5,4.18,32,32,39,28,9,2,0,0,1.78,1.7,1.054,13,5,186.2,0,0,23,20,9,7,1,1,0,0,0,0,-1.2,0.0
SP,Jack Coombs,Jack,Coombs,Joe Buck Yourself,6' 0',185 lbs,S,R,100,Philadelphia Athletics,OAK,1910,2026,BBR,85937,Perfect,July Jewels - Baseball Reference 4  SP Jack Coombs  PHA  1910,0,N,0,50,52,4,63,70,64,53,6,51,56,44,52,4,66,74,23,4,Normal,Normal,Normal,117,84,125,137,116,85,121,139,117,84,128,135,103,113,141,-,-,-,-,-,-,-,-,-,3,NEU,90-92,3/4,Normal,106,59,-,-,-,24,40,31,29,10,1,6,73,-,-,-,-,-,-,-,-,73,-,-,-,-,-,-,-,-,48,83,78,73,,,0,0,0,0,0,0,0,0,0,0,0,0,0,0,0,0,0,0.0,0.00,0,-0.0,0.0,0.00,0,0,0.0,0.0,27,27,14,6,0,0,0,158.0,660,601,115,22,3,10,50,48,51,0,128,5,1,2,8,0,0,16,0,0,0,0.98,2648,158,163,10,4,1.8,3.5,5.7,4.02,27,27,30,16,14,0,1,0,1.71,1.0,1.091,14,4,158.0,0,0,10,10,5,4,1,1,0,0,0,0,-0.4,0.0
SP,Jack Coombs,Jack,Coombs,Fortuna Lifters,6' 0',185 lbs,S,R,100,Philadelphia Athletics,OAK,1910,2026,BBR,85937,Perfect,July Jewels - Baseball Reference 4  SP Jack Coombs  PHA  1910,0,N,0,50,52,4,63,70,64,53,6,51,56,44,52,4,66,74,23,4,Normal,Normal,Normal,117,84,125,137,116,85,121,139,117,84,128,135,103,113,141,-,-,-,-,-,-,-,-,-,3,NEU,90-92,3/4,Normal,106,59,-,-,-,24,40,31,29,10,1,6,73,-,-,-,-,-,-,-,-,73,-,-,-,-,-,-,-,-,48,83,78,73,,,0,0,0,0,0,0,0,0,0,0,0,0,0,0,0,0,0,0.0,0.00,0,-0.0,0.0,0.00,0,0,0.0,0.0,24,24,8,6,0,0,0,140.2,584,531,85,29,2,16,67,65,45,0,110,3,1,4,10,3,0,14,0,0,0,1.04,2344,150,139,5,7,0.3,1.9,2.5,4.09,24,24,30,15,14,1,0,0,1.86,2.8,1.091,12,7,140.2,0,0,9,9,4,4,0,0,0,0,0,0,-1.4,0.0
SP,Jack Coombs,Jack,Coombs,Ware Wolves,6' 0',185 lbs,S,R,100,Philadelphia Athletics,OAK,1910,2026,BBR,85937,Perfect,July Jewels - Baseball Reference 4  SP Jack Coombs  PHA  1910,0,N,0,50,52,4,63,70,64,53,6,51,56,44,52,4,66,74,23,4,Normal,Normal,Normal,117,84,125,137,116,85,121,139,117,84,128,135,103,113,141,-,-,-,-,-,-,-,-,-,3,NEU,90-92,3/4,Normal,106,59,-,-,-,24,40,31,29,10,1,6,73,-,-,-,-,-,-,-,-,73,-,-,-,-,-,-,-,-,48,83,78,73,,,0,0,0,0,0,0,0,0,0,0,0,0,0,0,0,0,0,0.0,0.00,0,-0.0,0.0,0.00,0,0,0.0,0.0,36,14,9,5,3,6,3,121.0,521,472,83,33,0,7,59,53,34,0,97,6,4,5,3,2,0,9,5,14,3,1.05,2038,137,115,8,4,-0.6,2.5,1.8,3.99,36,14,29,14,14,1,0,0,2.08,0.7,1.091,12,4,121.0,0,0,14,11,6,5,0,0,0,0,0,0,-0.7,0.0
SP,Jack Coombs,Jack,Coombs,Tavistock Baseballersons,6' 0',185 lbs,S,R,100,Philadelphia Athletics,OAK,1910,2026,BBR,85937,Perfect,July Jewels - Baseball Reference 4  SP Jack Coombs  PHA  1910,0,N,0,50,52,4,63,70,64,53,6,51,56,44,52,4,66,74,23,4,Normal,Normal,Normal,117,84,125,137,116,85,121,139,117,84,128,135,103,113,141,-,-,-,-,-,-,-,-,-,3,NEU,90-92,3/4,Normal,106,59,-,-,-,24,40,31,29,10,1,6,73,-,-,-,-,-,-,-,-,73,-,-,-,-,-,-,-,-,48,83,78,73,,,0,0,0,0,0,0,0,0,0,0,0,0,0,0,0,0,0,0.0,0.00,0,-0.0,0.0,0.00,0,0,0.0,0.0,31,31,11,12,0,0,0,185.1,801,714,137,35,3,20,105,103,76,0,129,7,0,4,5,0,0,25,0,0,0,0.97,3206,211,179,15,5,-1.3,1.6,1.7,4.67,31,31,22,14,8,0,0,0,1.07,-0.6,1.091,20,5,185.1,0,0,13,9,6,4,0,0,0,0,0,0,-0.4,0.0
SP,Leon Day,Leon,Day,Tavistock Baseballersons,5' 9',170 lbs,R,R,100,Newark Eagles,NeEa,1936,1921-1945,,84534,Perfect,Negro League Star  SP Leon Day  NeEa  1936,0,N,0,122,114,25,33,87,133,114,25,33,89,119,114,25,33,87,55,26,Line Drive,Normal,Normal,114,76,123,105,109,75,127,116,118,78,119,97,85,129,106,104,-,-,-,-,-,-,-,-,4,NEU,90-92,3/4,Normal,72,60,1,1,1,48,53,36,41,3,5,7,96,-,-,39,-,-,-,-,-,96,-,-,39,-,-,-,-,-,34,5,11,29,,,0,0,0,0,0,0,0,0,0,0,0,0,0,0,0,0,0,0.0,0.00,0,-0.0,0.0,0.00,0,0,0.0,0.0,34,0,3,3,2,2,6,52.1,241,210,47,10,0,5,30,30,28,0,46,0,0,3,3,0,0,5,15,14,4,0.88,962,48,54,5,2,-0.8,0.1,-0.1,4.52,34,0,7,2,4,1,0,0,1.03,-0.7,.546,7,2,52.1,0,0,5,3,1,0,0,0,0,0,0,0,0.0,0.0
SP,Whitey Ford,Whitey,Ford,Fortuna Lifters,5' 10',180 lbs,L,L,100,New York Yankees,NYY,1961,1961-1979,HOF,85113,Perfect,HOF 1 - Hall of Fame  SP Whitey Ford  NYY  1961,0,N,0,8,30,4,60,28,10,32,2,50,16,8,30,5,62,31,53,2,Normal,Normal,Normal,112,98,110,118,130,113,131,119,107,95,103,118,103,103,118,95,-,-,-,-,-,-,-,-,4,NEU,89-91,3/4,Normal,97,90,-,-,-,27,27,27,27,1,8,3,62,-,-,-,-,-,-,-,-,62,-,-,-,-,-,-,-,-,13,7,11,18,,,0,0,0,0,0,0,0,0,0,0,0,0,0,0,0,0,0,0.0,0.00,0,-0.0,0.0,0.00,0,0,0.0,0.0,35,35,8,17,0,0,0,178.2,820,724,134,50,2,24,136,126,76,0,164,11,2,7,13,1,0,14,0,0,0,1.01,3331,177,175,7,5,-5.1,1.5,-1.5,4.11,35,35,26,14,11,1,2,0,1.26,1.6,1.169,12,5,178.2,0,0,14,12,4,3,0,0,0,0,0,0,-3.0,0.0
SP,Whitey Ford,Whitey,Ford,Milwaukee Braves,5' 10',180 lbs,L,L,100,New York Yankees,NYY,1961,1961-1979,HOF,85113,Perfect,HOF 1 - Hall of Fame  SP Whitey Ford  NYY  1961,0,N,0,8,30,4,60,28,10,32,2,50,16,8,30,5,62,31,53,2,Normal,Normal,Normal,112,98,110,118,130,113,131,119,107,95,103,118,103,103,118,95,-,-,-,-,-,-,-,-,4,NEU,89-91,3/4,Normal,97,90,-,-,-,27,27,27,27,1,8,3,62,-,-,-,-,-,-,-,-,62,-,-,-,-,-,-,-,-,13,7,11,18,,,0,0,0,0,0,0,0,0,0,0,0,0,0,0,0,0,0,0.0,0.00,0,-0.0,0.0,0.00,0,0,0.0,0.0,35,0,1,2,11,9,7,26.0,120,107,16,10,1,3,21,21,11,1,24,2,0,0,2,1,0,1,3,19,5,1.11,424,28,25,0,0,-0.0,0.1,-0.7,4.10,33,0,3,0,3,0,0,0,1.04,-0.6,.546,0,0,26.0,0,0,2,0,1,1,0,0,0,0,0,0,0.0,0.0
SP,Whitey Ford,Whitey,Ford,Real Intered Workers,5' 10',180 lbs,L,L,100,New York Yankees,NYY,1961,1961-1979,HOF,85113,Perfect,HOF 1 - Hall of Fame  SP Whitey Ford  NYY  1961,0,N,0,8,30,4,60,28,10,32,2,50,16,8,30,5,62,31,53,2,Normal,Normal,Normal,112,98,110,118,130,113,131,119,107,95,103,118,103,103,118,95,-,-,-,-,-,-,-,-,4,NEU,89-91,3/4,Normal,97,90,-,-,-,27,27,27,27,1,8,3,62,-,-,-,-,-,-,-,-,62,-,-,-,-,-,-,-,-,13,7,11,18,,,0,0,0,0,0,0,0,0,0,0,0,0,0,0,0,0,0,0.0,0.00,0,-0.0,0.0,0.00,0,0,0.0,0.0,30,19,7,11,2,6,1,127.1,571,507,86,21,4,21,71,67,53,0,109,4,3,3,7,0,1,8,6,6,0,1.04,2261,128,133,5,1,-1.7,0.3,1.0,4.25,30,19,21,11,7,3,0,0,1.27,-1.2,.779,6,1,127.1,0,0,9,8,6,3,1,0,0,0,0,0,-0.7,0.0
SP,Whitey Ford,Whitey,Ford,-,5' 10',180 lbs,L,L,100,New York Yankees,NYY,1961,1961-1979,HOF,85113,Perfect,HOF 1 - Hall of Fame  SP Whitey Ford  NYY  1961,0,N,0,8,30,4,60,28,10,32,2,50,16,8,30,5,62,31,53,2,Normal,Normal,Normal,112,98,110,118,130,113,131,119,107,95,103,118,103,103,118,95,-,-,-,-,-,-,-,-,4,NEU,89-91,3/4,Normal,97,90,-,-,-,27,27,27,27,1,8,3,62,-,-,-,-,-,-,-,-,62,-,-,-,-,-,-,-,-,13,7,11,18,,,0,0,0,0,0,0,0,0,0,0,0,0,0,0,0,0,0,0.0,0.00,0,-0.0,0.0,0.00,0,0,0.0,0.0,2,2,1,1,0,0,0,7.2,41,36,8,3,0,2,11,11,5,0,6,0,0,0,1,0,0,0,0,0,0,1.00,169,10,7,0,0,-0.5,-0.1,-0.4,5.18,2,2,3,0,3,0,0,0,3.52,0.0,.000,0,0,7.2,0,0,1,1,0,0,0,0,0,0,0,0,0.0,0.0
SP,Whitey Ford,Whitey,Ford,Tavistock Baseballersons,5' 10',180 lbs,L,L,100,New York Yankees,NYY,1961,1961-1979,HOF,85113,Perfect,HOF 1 - Hall of Fame  SP Whitey Ford  NYY  1961,0,N,0,8,30,4,60,28,10,32,2,50,16,8,30,5,62,31,53,2,Normal,Normal,Normal,112,98,110,118,130,113,131,119,107,95,103,118,103,103,118,95,-,-,-,-,-,-,-,-,4,NEU,89-91,3/4,Normal,97,90,-,-,-,27,27,27,27,1,8,3,62,-,-,-,-,-,-,-,-,62,-,-,-,-,-,-,-,-,13,7,11,18,,,0,0,0,0,0,0,0,0,0,0,0,0,0,0,0,0,0,0.0,0.00,0,-0.0,0.0,0.00,0,0,0.0,0.0,48,0,3,2,2,8,9,90.0,394,348,49,23,1,13,53,46,39,1,79,3,0,4,3,1,0,6,20,29,12,0.82,1529,95,87,1,1,-1.5,-0.3,-0.3,4.17,46,0,12,6,6,0,0,0,1.20,0.8,1.091,2,1,90.0,0,0,5,5,3,2,0,0,0,0,0,0,-0.1,0.0
SP,Whitey Ford,Whitey,Ford,Pulaski Pils,5' 10',180 lbs,L,L,100,New York Yankees,NYY,1961,1961-1979,HOF,85113,Perfect,HOF 1 - Hall of Fame  SP Whitey Ford  NYY  1961,0,N,0,8,30,4,60,28,10,32,2,50,16,8,30,5,62,31,53,2,Normal,Normal,Normal,112,98,110,118,130,113,131,119,107,95,103,118,103,103,118,95,-,-,-,-,-,-,-,-,4,NEU,89-91,3/4,Normal,97,90,-,-,-,27,27,27,27,1,8,3,62,-,-,-,-,-,-,-,-,62,-,-,-,-,-,-,-,-,13,7,11,18,,,0,0,0,0,0,0,0,0,0,0,0,0,0,0,0,0,0,0.0,0.00,0,-0.0,0.0,0.00,0,0,0.0,0.0,32,32,9,15,0,0,0,193.0,799,729,123,32,4,23,95,90,53,0,154,7,1,9,6,1,0,16,0,0,0,0.97,3101,171,223,2,3,-1.0,2.4,2.7,3.90,32,32,28,12,14,2,1,0,1.21,-0.1,.857,5,3,193.0,0,0,18,13,2,1,1,0,0,0,0,0,-0.1,0.0
SP,Bill Foster,Bill,Foster,Joe Buck Yourself,6' 0',190 lbs,S,L,100,Chicago American Giants,CAG,1932,1921-1945,,84566,Perfect,Negro League Star  SP Bill Foster  CAG  1932,0,N,0,29,54,44,57,41,29,54,43,55,40,30,55,45,58,42,49,24,Normal,Normal,Spray,116,88,117,93,122,97,119,98,114,86,116,91,90,109,117,102,107,-,-,-,-,-,-,-,5,NEU,90-92,OTT,Normal,69,60,1,1,1,29,26,27,25,53,59,65,64,-,-,-,-,-,-,-,56,64,-,-,-,-,-,-,-,56,37,3,6,28,,,0,0,0,0,0,0,0,0,0,0,0,0,0,0,0,0,0,0.0,0.00,0,-0.0,0.0,0.00,0,0,0.0,0.0,29,29,7,14,0,0,0,169.2,742,658,118,34,3,19,91,83,75,0,145,4,0,5,5,2,0,19,0,0,0,1.09,2938,166,169,9,5,-1.7,1.9,2.0,4.28,29,29,26,18,8,0,1,0,1.38,1.3,1.091,14,5,169.2,0,0,12,11,6,5,0,0,0,0,0,0,-0.9,0.0
SP,Bill Foster,Bill,Foster,Long Island Sounders,6' 0',190 lbs,S,L,100,Chicago American Giants,CAG,1932,1921-1945,,84566,Perfect,Negro League Star  SP Bill Foster  CAG  1932,0,N,0,29,54,44,57,41,29,54,43,55,40,30,55,45,58,42,49,24,Normal,Normal,Spray,116,88,117,93,122,97,119,98,114,86,116,91,90,109,117,102,107,-,-,-,-,-,-,-,5,NEU,90-92,OTT,Normal,69,60,1,1,1,29,26,27,25,53,59,65,64,-,-,-,-,-,-,-,56,64,-,-,-,-,-,-,-,56,37,3,6,28,,,0,0,0,0,0,0,0,0,0,0,0,0,0,0,0,0,0,0.0,0.00,0,-0.0,0.0,0.00,0,0,0.0,0.0,36,29,6,7,0,0,1,156.1,687,605,103,44,1,10,80,75,67,0,135,7,2,5,8,0,1,13,3,8,5,1.02,2747,149,159,7,8,-1.0,2.7,2.0,4.22,36,29,31,15,15,1,0,0,1.73,1.6,.963,15,8,156.1,0,0,14,12,5,3,0,0,0,0,0,0,-0.9,0.0
SP,Bill Foster,Bill,Foster,Buffalo Bisons,6' 0',190 lbs,S,L,100,Chicago American Giants,CAG,1932,1921-1945,,84566,Perfect,Negro League Star  SP Bill Foster  CAG  1932,0,N,0,29,54,44,57,41,29,54,43,55,40,30,55,45,58,42,49,24,Normal,Normal,Spray,116,88,117,93,122,97,119,98,114,86,116,91,90,109,117,102,107,-,-,-,-,-,-,-,5,NEU,90-92,OTT,Normal,69,60,1,1,1,29,26,27,25,53,59,65,64,-,-,-,-,-,-,-,56,64,-,-,-,-,-,-,-,56,37,3,6,28,,,0,0,0,0,0,0,0,0,0,0,0,0,0,0,0,0,0,0.0,0.00,0,-0.0,0.0,0.00,0,0,0.0,0.0,42,0,2,1,5,8,5,64.2,286,256,46,15,1,7,34,32,24,0,55,2,0,4,4,0,0,4,18,21,5,0.84,1139,62,68,2,1,-0.7,0.3,0.3,4.13,42,0,16,10,4,2,0,0,1.95,-0.4,.893,3,1,64.2,0,0,8,4,5,5,0,0,0,0,0,0,-0.3,0.0
SP,Lefty Grove,Lefty,Grove,Great Lakes Man-of-War-HOTL,6' 3',190 lbs,L,L,100,Boston Red Sox,BOS,1936,1921-1945,,84014,Perfect,Icon Pre-Orders - Veteran Presence  SP Lefty Grove  BOS  1936,0,N,0,13,59,1,38,6,7,56,1,28,3,15,60,1,41,7,93,33,Normal,Pull,Pull,109,106,97,105,101,92,50,96,111,112,112,108,98,120,98,-,-,126,-,102,-,-,-,-,5,FB,90-92,OTT,Normal,87,102,-,-,-,35,23,25,18,7,6,1,67,-,-,-,-,-,-,-,-,67,-,-,-,-,-,-,-,-,5,4,6,5,,,0,0,0,0,0,0,0,0,0,0,0,0,0,0,0,0,0,0.0,0.00,0,-0.0,0.0,0.00,0,0,0.0,0.0,48,0,4,1,1,10,2,86.1,375,337,64,19,2,6,43,30,29,0,65,4,0,5,6,1,0,5,17,45,17,0.69,1519,74,107,0,3,1.2,0.7,0.5,4.31,48,0,19,12,6,1,0,0,1.88,1.4,.970,3,3,86.1,0,0,8,6,5,5,0,0,0,0,0,0,-0.1,0.0
SP,Ron Guidry,Ron,Guidry,Littleton CO Mountaineers,5' 11',160 lbs,L,L,100,New York Yankees,NYY,1977,1961-1979,,83307,Perfect,Rookie Sensation  SP Ron Guidry  NYY  1977,0,N,0,1,2,1,2,1,1,2,1,2,1,1,3,1,3,1,27,20,Normal,Normal,Normal,115,87,86,112,121,97,91,115,113,84,85,110,75,155,-,99,-,-,-,-,-,-,-,-,3,FB,90-92,OTT,Normal,88,95,-,-,-,35,60,39,23,3,6,1,92,-,-,-,-,-,-,-,-,92,-,-,-,-,-,-,-,-,5,4,6,5,,,0,0,0,0,0,0,0,0,0,0,0,0,0,0,0,0,0,0.0,0.00,0,-0.0,0.0,0.00,0,0,0.0,0.0,56,0,5,2,8,13,8,87.0,365,321,44,24,0,4,29,28,36,2,67,6,1,1,6,0,0,5,15,46,10,0.92,1484,76,107,7,3,1.4,1.0,2.2,4.41,56,0,9,4,5,0,0,0,0.93,0.3,1.091,10,3,87.0,0,0,1,1,2,2,0,0,0,0,0,0,-0.9,0.0
SP,Ron Guidry,Ron,Guidry,Salt Lake Bees,5' 11',160 lbs,L,L,100,New York Yankees,NYY,1977,1961-1979,,83307,Perfect,Rookie Sensation  SP Ron Guidry  NYY  1977,0,N,0,1,2,1,2,1,1,2,1,2,1,1,3,1,3,1,27,20,Normal,Normal,Normal,115,87,86,112,121,97,91,115,113,84,85,110,75,155,-,99,-,-,-,-,-,-,-,-,3,FB,90-92,OTT,Normal,88,95,-,-,-,35,60,39,23,3,6,1,92,-,-,-,-,-,-,-,-,92,-,-,-,-,-,-,-,-,5,4,6,5,,,0,0,0,0,0,0,0,0,0,0,0,0,0,0,0,0,0,0.0,0.00,0,-0.0,0.0,0.00,0,0,0.0,0.0,32,6,4,2,3,6,5,72.0,319,279,49,17,0,5,34,28,36,0,60,1,0,3,2,0,0,6,9,16,1,1.16,1269,57,90,1,1,0.2,0.7,0.9,4.50,32,6,10,5,5,0,0,0,1.25,0.5,1.091,2,1,72.0,0,0,4,3,2,2,0,0,0,0,0,0,-0.7,0.0
SP,Ron Guidry,Ron,Guidry,Joe Buck Yourself,5' 11',160 lbs,L,L,100,New York Yankees,NYY,1977,1961-1979,,83307,Perfect,Rookie Sensation  SP Ron Guidry  NYY  1977,0,N,0,1,2,1,2,1,1,2,1,2,1,1,3,1,3,1,27,20,Normal,Normal,Normal,115,87,86,112,121,97,91,115,113,84,85,110,75,155,-,99,-,-,-,-,-,-,-,-,3,FB,90-92,OTT,Normal,88,95,-,-,-,35,60,39,23,3,6,1,92,-,-,-,-,-,-,-,-,92,-,-,-,-,-,-,-,-,5,4,6,5,,,0,0,0,0,0,0,0,0,0,0,0,0,0,0,0,0,0,0.0,0.00,0,-0.0,0.0,0.00,0,0,0.0,0.0,25,10,3,4,4,4,1,64.0,298,265,54,14,2,9,38,31,27,0,52,4,0,2,3,0,0,3,7,6,3,1.13,1248,50,80,0,5,-0.2,0.1,0.2,4.44,24,10,7,4,2,1,0,0,0.84,1.2,1.091,5,5,64.0,0,0,7,4,1,0,0,0,0,0,0,0,-0.5,0.0
SP,Ron Guidry,Ron,Guidry,Buffalo Bisons,5' 11',160 lbs,L,L,100,New York Yankees,NYY,1977,1961-1979,,83307,Perfect,Rookie Sensation  SP Ron Guidry  NYY  1977,0,N,0,1,2,1,2,1,1,2,1,2,1,1,3,1,3,1,27,20,Normal,Normal,Normal,115,87,86,112,121,97,91,115,113,84,85,110,75,155,-,99,-,-,-,-,-,-,-,-,3,FB,90-92,OTT,Normal,88,95,-,-,-,35,60,39,23,3,6,1,92,-,-,-,-,-,-,-,-,92,-,-,-,-,-,-,-,-,5,4,6,5,,,0,0,0,0,0,0,0,0,0,0,0,0,0,0,0,0,0,0.0,0.00,0,-0.0,0.0,0.00,0,0,0.0,0.0,32,32,11,13,0,0,0,184.2,816,723,129,33,7,28,105,98,77,0,136,8,4,4,4,0,0,18,0,0,0,1.02,3147,168,220,7,6,-1.6,0.8,2.0,4.62,32,32,23,12,11,0,1,0,1.12,0.9,1.091,13,6,184.2,0,0,14,11,2,0,0,0,0,0,0,0,-1.4,0.0
SP,Harvey Haddix,Harvey,Haddix,Kansas City Torrent,5' 9',170 lbs,L,L,101,Pittsburgh Pirates,PIT,1959,1946-1960,,86623,Perfect,50s Theme Week - Hardware Heroes  SP Harvey Haddix  PIT  1959,275 449,N,0,14,70,4,37,26,8,55,7,49,18,16,74,3,33,29,39,2,Normal,Normal,Normal,120,144,140,118,128,130,157,140,118,148,134,115,105,90,90,117,-,-,-,-,-,-,-,-,4,EX FB,90-92,3/4,Normal,114,58,-,-,-,84,74,77,74,3,9,10,136,-,-,-,-,-,-,-,-,136,-,-,-,-,-,-,-,-,17,3,6,29,,,0,0,0,0,0,0,0,0,0,0,0,0,0,0,0,0,0,0.0,0.00,0,-0.0,0.0,0.00,0,0,0.0,0.0,13,10,4,6,0,1,1,66.1,291,263,51,19,1,4,40,40,17,0,52,4,2,5,1,0,0,6,2,2,2,1.03,1112,62,78,4,1,-0.8,1.4,0.2,4.02,13,10,11,7,4,0,0,0,1.49,0.2,1.091,5,1,66.1,0,0,7,7,0,0,0,0,0,0,0,0,-0.7,0.0
SP,Harvey Haddix,Harvey,Haddix,Washington Bishops,5' 9',170 lbs,L,L,101,Pittsburgh Pirates,PIT,1959,1946-1960,,86623,Perfect,50s Theme Week - Hardware Heroes  SP Harvey Haddix  PIT  1959,0,N,0,14,70,4,37,26,8,55,7,49,18,16,74,3,33,29,39,2,Normal,Normal,Normal,120,144,140,118,128,130,157,140,118,148,134,115,105,90,90,117,-,-,-,-,-,-,-,-,4,EX FB,90-92,3/4,Normal,114,58,-,-,-,84,74,77,74,3,9,10,136,-,-,-,-,-,-,-,-,136,-,-,-,-,-,-,-,-,17,3,6,29,,,0,0,0,0,0,0,0,0,0,0,0,0,0,0,0,0,0,0.0,0.00,0,-0.0,0.0,0.00,0,0,0.0,0.0,33,33,10,9,0,0,0,208.0,849,793,129,40,3,17,74,70,47,0,157,3,2,4,1,1,0,20,0,0,0,1.10,3221,211,231,10,2,2.4,4.6,6.5,3.90,33,33,44,27,15,2,1,0,1.82,0.3,1.049,12,2,208.0,0,0,23,21,6,4,1,1,0,0,0,0,-0.8,0.0
SP,Cole Hamels,Cole,Hamels,Memphis Redbirds,6' 4',205 lbs,L,L,93,Philadelphia Phillies,PHI,2011,2005-2014,,86279,Diamond,All-Star Week - Historical All-Star  SP Cole Hamels  PHI  2011,0,N,0,27,34,4,39,19,23,30,2,30,13,29,36,5,42,22,56,7,Normal,Normal,Normal,98,126,131,76,96,128,66,89,99,125,158,72,79,-,58,-,-,-,77,-,126,-,-,-,4,GB,90-92,3/4,GB'er,93,50,-,-,-,26,23,24,23,7,1,3,56,-,-,-,-,-,-,-,-,56,-,-,-,-,-,-,-,-,26,43,30,16,,,0,0,0,0,0,0,0,0,0,0,0,0,0,0,0,0,0,0.0,0.00,0,-0.0,0.0,0.00,0,0,0.0,0.0,43,0,5,2,3,9,4,72.0,310,292,57,17,1,11,39,32,12,0,56,2,0,4,3,0,0,5,20,37,10,0.61,1187,73,79,5,2,0.3,0.2,0.1,3.77,43,0,19,8,11,0,1,0,2.38,-0.1,1.091,7,2,72.0,0,0,9,6,4,3,0,0,0,0,0,0,-0.7,0.0
SP,Orel Hershiser,Orel,Hershiser,Orange Jackrabbits,6' 3',190 lbs,R,R,102,Los Angeles Dodgers,LAD,1988,1980-1992,CS,83135,Perfect,Clubhouse - Baseball Reference 8  SP Orel Hershiser  LAD  1988,0,N,0,52,46,4,34,33,67,41,4,33,35,45,48,4,35,33,58,6,Normal,Spray,Spray,117,148,151,151,105,146,160,147,128,150,144,154,-,-,126,-,127,-,102,-,-,-,92,-,4,GB,89-91,3/4,GB'er,100,87,-,-,-,34,18,25,24,3,6,9,61,-,-,-,-,-,-,-,-,61,-,-,-,-,-,-,-,-,44,42,58,39,,,0,0,0,0,0,0,0,0,0,0,0,0,0,0,0,0,0,0.0,0.00,0,-0.0,0.0,0.00,0,0,0.0,0.0,18,18,3,14,0,0,0,110.1,483,446,88,26,4,10,70,67,27,0,81,4,1,5,6,0,0,4,0,0,0,0.96,1812,127,111,4,4,-2.2,2.0,0.3,4.14,18,18,28,11,17,0,0,0,2.28,0.7,1.091,8,4,110.1,0,0,9,6,3,2,1,1,0,0,0,0,-0.7,0.0
SP,Orel Hershiser,Orel,Hershiser,Marshall M.I.C.E.,6' 3',190 lbs,R,R,102,Los Angeles Dodgers,LAD,1988,1980-1992,CS,83135,Perfect,Clubhouse - Baseball Reference 8  SP Orel Hershiser  LAD  1988,0,N,0,52,46,4,34,33,67,41,4,33,35,45,48,4,35,33,58,6,Normal,Spray,Spray,117,148,151,151,105,146,160,147,128,150,144,154,-,-,126,-,127,-,102,-,-,-,92,-,4,GB,89-91,3/4,GB'er,100,87,-,-,-,34,18,25,24,3,6,9,61,-,-,-,-,-,-,-,-,61,-,-,-,-,-,-,-,-,44,42,58,39,,,0,0,0,0,0,0,0,0,0,0,0,0,0,0,0,0,0,0.0,0.00,0,-0.0,0.0,0.00,0,0,0.0,0.0,17,17,9,5,0,0,0,108.2,480,427,81,29,2,9,62,54,42,0,73,5,3,3,3,1,0,13,0,0,0,1.03,1881,122,108,4,3,-1.1,1.4,1.1,4.72,17,17,23,16,6,1,0,0,1.82,0.7,1.007,7,3,108.2,0,0,10,9,6,4,0,0,0,0,0,0,-0.3,0.0
SP,Orel Hershiser,Orel,Hershiser,Ware Wolves,6' 3',190 lbs,R,R,102,Los Angeles Dodgers,LAD,1988,1980-1992,CS,83135,Perfect,Clubhouse - Baseball Reference 8  SP Orel Hershiser  LAD  1988,0,N,0,52,46,4,34,33,67,41,4,33,35,45,48,4,35,33,58,6,Normal,Spray,Spray,117,148,151,151,105,146,160,147,128,150,144,154,-,-,126,-,127,-,102,-,-,-,92,-,4,GB,89-91,3/4,GB'er,100,87,-,-,-,34,18,25,24,3,6,9,61,-,-,-,-,-,-,-,-,61,-,-,-,-,-,-,-,-,44,42,58,39,,,0,0,0,0,0,0,0,0,0,0,0,0,0,0,0,0,0,0.0,0.00,0,-0.0,0.0,0.00,0,0,0.0,0.0,18,18,7,6,0,0,0,119.1,511,468,88,25,5,11,62,60,28,0,90,6,4,5,4,0,0,7,0,0,0,0.97,1970,141,114,2,2,-0.9,2.3,1.8,4.02,18,18,33,14,17,2,1,0,2.34,0.8,1.013,4,2,119.1,0,0,14,11,4,3,0,0,1,1,0,0,-0.4,0.0
SP,Orel Hershiser,Orel,Hershiser,El Vampiro Ankle Biters,6' 3',190 lbs,R,R,102,Los Angeles Dodgers,LAD,1988,1980-1992,CS,83135,Perfect,Clubhouse - Baseball Reference 8  SP Orel Hershiser  LAD  1988,0,N,0,52,46,4,34,33,67,41,4,33,35,45,48,4,35,33,58,6,Normal,Spray,Spray,117,148,151,151,105,146,160,147,128,150,144,154,-,-,126,-,127,-,102,-,-,-,92,-,4,GB,89-91,3/4,GB'er,100,87,-,-,-,34,18,25,24,3,6,9,61,-,-,-,-,-,-,-,-,61,-,-,-,-,-,-,-,-,44,42,58,39,,,0,0,0,0,0,0,0,0,0,0,0,0,0,0,0,0,0,0.0,0.00,0,-0.0,0.0,0.00,0,0,0.0,0.0,20,20,6,10,0,0,0,132.1,574,515,93,27,6,11,67,57,44,0,107,6,2,7,4,0,0,14,0,0,0,0.94,2266,143,128,3,1,-1.7,2.2,1.8,4.12,20,20,32,16,13,3,0,0,1.97,-1.2,.750,4,1,132.1,0,0,13,10,7,4,0,0,0,0,0,0,0.0,0.0
SP,Carl Hubbell,Carl,Hubbell,Joe Buck Yourself,6' 0',170 lbs,R,L,100,New York Giants,SFG,1934,1921-1945,ME,83325,Perfect,Live NL Collection - Historical All-Star  SP Carl Hubbell  NY1  1934,0,N,0,3,45,1,32,28,3,47,1,28,28,4,45,1,33,28,78,33,Normal,Spray,Spray,82,146,125,111,75,150,97,120,84,144,134,102,75,-,115,-,-,-,-,-,-,93,-,-,3,FB,89-91,3/4,Finesse,103,72,-,-,-,27,29,28,27,3,1,8,66,-,-,-,-,-,-,-,-,66,-,-,-,-,-,-,-,-,8,14,6,7,,,0,0,0,0,0,0,0,0,0,0,0,0,0,0,0,0,0,0.0,0.00,0,-0.0,0.0,0.00,0,0,0.0,0.0,9,0,0,1,0,0,2,12.1,64,60,15,4,0,2,11,8,4,0,8,0,0,0,0,0,0,0,3,6,1,1.33,244,16,13,2,1,-1.1,-0.1,-0.5,4.83,9,0,3,2,1,0,0,0,2.19,0.3,1.091,3,1,12.1,0,0,0,0,1,1,1,1,0,0,0,0,0.0,0.0
SP,Carl Hubbell,Carl,Hubbell,Krakow Hussars,6' 0',170 lbs,R,L,100,New York Giants,SFG,1934,1921-1945,ME,83325,Perfect,Live NL Collection - Historical All-Star  SP Carl Hubbell  NY1  1934,0,N,0,3,45,1,32,28,3,47,1,28,28,4,45,1,33,28,78,33,Normal,Spray,Spray,82,146,125,111,75,150,97,120,84,144,134,102,75,-,115,-,-,-,-,-,-,93,-,-,3,FB,89-91,3/4,Finesse,103,72,-,-,-,27,29,28,27,3,1,8,66,-,-,-,-,-,-,-,-,66,-,-,-,-,-,-,-,-,8,14,6,7,,,0,0,0,0,0,0,0,0,0,0,0,0,0,0,0,0,0,0.0,0.00,0,-0.0,0.0,0.00,0,0,0.0,0.0,32,32,13,10,0,0,0,204.2,869,809,153,41,2,24,111,104,48,0,148,4,4,4,6,1,0,14,0,0,0,0.99,3315,222,216,10,7,-1.5,3.2,2.6,4.10,32,32,36,18,16,2,0,0,1.50,1.4,1.027,17,7,204.2,0,0,17,15,5,3,1,1,0,0,0,0,-0.4,0.0
SP,Carl Hubbell,Carl,Hubbell,Fortuna Lifters,6' 0',170 lbs,R,L,100,New York Giants,SFG,1934,1921-1945,ME,83325,Perfect,Live NL Collection - Historical All-Star  SP Carl Hubbell  NY1  1934,0,N,0,3,45,1,32,28,3,47,1,28,28,4,45,1,33,28,78,33,Normal,Spray,Spray,82,146,125,111,75,150,97,120,84,144,134,102,75,-,115,-,-,-,-,-,-,93,-,-,3,FB,89-91,3/4,Finesse,103,72,-,-,-,27,29,28,27,3,1,8,66,-,-,-,-,-,-,-,-,66,-,-,-,-,-,-,-,-,8,14,6,7,,,0,0,0,0,0,0,0,0,0,0,0,0,0,0,0,0,0,0.0,0.00,0,-0.0,0.0,0.00,0,0,0.0,0.0,35,35,9,11,0,0,0,213.0,932,840,151,44,1,36,120,116,68,0,135,12,5,7,4,0,0,15,0,0,0,1.00,3527,240,236,8,5,-1.7,0.2,2.0,4.68,35,35,41,24,17,0,1,0,1.73,0.9,.960,13,5,213.0,0,0,16,14,10,8,2,1,0,0,0,0,-3.4,0.0
SP,Carl Hubbell,Carl,Hubbell,Great Lakes Man-of-War-HOTL,6' 0',170 lbs,R,L,100,New York Giants,SFG,1934,1921-1945,ME,83325,Perfect,Live NL Collection - Historical All-Star  SP Carl Hubbell  NY1  1934,0,N,0,3,45,1,32,28,3,47,1,28,28,4,45,1,33,28,78,33,Normal,Spray,Spray,82,146,125,111,75,150,97,120,84,144,134,102,75,-,115,-,-,-,-,-,-,93,-,-,3,FB,89-91,3/4,Finesse,103,72,-,-,-,27,29,28,27,3,1,8,66,-,-,-,-,-,-,-,-,66,-,-,-,-,-,-,-,-,8,14,6,7,,,0,0,0,0,0,0,0,0,0,0,0,0,0,0,0,0,0,0.0,0.00,0,-0.0,0.0,0.00,0,0,0.0,0.0,66,0,7,4,9,21,12,92.0,406,367,75,12,3,11,54,48,28,0,63,8,1,2,3,0,0,10,16,32,16,1.06,1528,105,95,2,0,-1.7,-0.2,-0.3,4.47,66,0,23,13,8,2,1,0,2.05,0.1,.946,2,0,92.0,0,0,13,12,3,2,1,1,0,0,0,0,-0.1,0.0
SP,Carl Hubbell,Carl,Hubbell,Salt Lake Bees,6' 0',170 lbs,R,L,100,New York Giants,SFG,1934,1921-1945,ME,83325,Perfect,Live NL Collection - Historical All-Star  SP Carl Hubbell  NY1  1934,0,N,0,3,45,1,32,28,3,47,1,28,28,4,45,1,33,28,78,33,Normal,Spray,Spray,82,146,125,111,75,150,97,120,84,144,134,102,75,-,115,-,-,-,-,-,-,93,-,-,3,FB,89-91,3/4,Finesse,103,72,-,-,-,27,29,28,27,3,1,8,66,-,-,-,-,-,-,-,-,66,-,-,-,-,-,-,-,-,8,14,6,7,,,0,0,0,0,0,0,0,0,0,0,0,0,0,0,0,0,0,0.0,0.00,0,-0.0,0.0,0.00,0,0,0.0,0.0,20,0,0,0,1,4,2,26.1,127,119,29,7,0,6,21,21,8,0,23,0,0,0,1,0,0,2,8,14,6,0.50,457,26,27,1,0,-0.1,-0.3,-0.6,4.04,20,0,8,3,4,1,0,0,2.39,-0.5,.818,1,0,26.1,0,0,4,3,0,0,1,0,0,0,0,0,0.0,0.0
SP,Carl Hubbell,Carl,Hubbell,Manchester Camels,6' 0',170 lbs,R,L,100,New York Giants,SFG,1934,1921-1945,ME,83325,Perfect,Live NL Collection - Historical All-Star  SP Carl Hubbell  NY1  1934,0,N,0,3,45,1,32,28,3,47,1,28,28,4,45,1,33,28,78,33,Normal,Spray,Spray,82,146,125,111,75,150,97,120,84,144,134,102,75,-,115,-,-,-,-,-,-,93,-,-,3,FB,89-91,3/4,Finesse,103,72,-,-,-,27,29,28,27,3,1,8,66,-,-,-,-,-,-,-,-,66,-,-,-,-,-,-,-,-,8,14,6,7,,,0,0,0,0,0,0,0,0,0,0,0,0,0,0,0,0,0,0.0,0.00,0,-0.0,0.0,0.00,0,0,0.0,0.0,32,32,11,11,0,0,0,190.2,849,767,137,49,7,22,115,102,60,0,145,12,2,8,8,1,0,9,0,0,0,0.99,3298,182,221,8,6,-2.3,2.1,1.0,4.28,32,32,33,20,10,3,0,0,1.42,1.3,.963,14,6,190.2,0,0,16,15,7,6,2,0,0,0,0,0,-2.2,0.0
SP,Carl Hubbell,Carl,Hubbell,St. Louis Honkers,6' 0',170 lbs,R,L,100,New York Giants,SFG,1934,1921-1945,ME,83325,Perfect,Live NL Collection - Historical All-Star  SP Carl Hubbell  NY1  1934,0,N,0,3,45,1,32,28,3,47,1,28,28,4,45,1,33,28,78,33,Normal,Spray,Spray,82,146,125,111,75,150,97,120,84,144,134,102,75,-,115,-,-,-,-,-,-,93,-,-,3,FB,89-91,3/4,Finesse,103,72,-,-,-,27,29,28,27,3,1,8,66,-,-,-,-,-,-,-,-,66,-,-,-,-,-,-,-,-,8,14,6,7,,,0,0,0,0,0,0,0,0,0,0,0,0,0,0,0,0,0,0.0,0.00,0,-0.0,0.0,0.00,0,0,0.0,0.0,33,33,14,15,0,0,0,214.2,918,858,136,56,10,29,122,110,51,0,145,5,0,4,6,2,0,17,0,0,0,0.93,3563,229,244,10,4,-1.6,2.3,1.9,4.30,33,33,24,13,10,1,0,0,0.96,-1.3,.909,14,4,214.2,0,0,15,10,7,3,0,0,0,0,0,0,-2.2,0.0
SP,Carl Hubbell,Carl,Hubbell,Real Intered Workers,6' 0',170 lbs,R,L,100,New York Giants,SFG,1934,1921-1945,ME,83325,Perfect,Live NL Collection - Historical All-Star  SP Carl Hubbell  NY1  1934,0,N,0,3,45,1,32,28,3,47,1,28,28,4,45,1,33,28,78,33,Normal,Spray,Spray,82,146,125,111,75,150,97,120,84,144,134,102,75,-,115,-,-,-,-,-,-,93,-,-,3,FB,89-91,3/4,Finesse,103,72,-,-,-,27,29,28,27,3,1,8,66,-,-,-,-,-,-,-,-,66,-,-,-,-,-,-,-,-,8,14,6,7,,,0,0,0,0,0,0,0,0,0,0,0,0,0,0,0,0,0,0.0,0.00,0,-0.0,0.0,0.00,0,0,0.0,0.0,38,27,11,10,0,3,0,185.1,794,727,134,31,10,26,105,101,56,0,123,2,2,7,7,0,0,13,2,10,3,0.97,3028,200,205,6,5,-0.3,1.2,1.4,4.51,38,27,33,19,14,0,0,0,1.60,1.5,1.091,11,5,185.1,0,0,13,12,7,4,0,0,0,0,0,0,-1.5,0.0
SP,Carl Hubbell,Carl,Hubbell,Ware Wolves,6' 0',170 lbs,R,L,100,New York Giants,SFG,1934,1921-1945,ME,83325,Perfect,Live NL Collection - Historical All-Star  SP Carl Hubbell  NY1  1934,0,N,0,3,45,1,32,28,3,47,1,28,28,4,45,1,33,28,78,33,Normal,Spray,Spray,82,146,125,111,75,150,97,120,84,144,134,102,75,-,115,-,-,-,-,-,-,93,-,-,3,FB,89-91,3/4,Finesse,103,72,-,-,-,27,29,28,27,3,1,8,66,-,-,-,-,-,-,-,-,66,-,-,-,-,-,-,-,-,8,14,6,7,,,0,0,0,0,0,0,0,0,0,0,0,0,0,0,0,0,0,0.0,0.00,0,-0.0,0.0,0.00,0,0,0.0,0.0,40,0,2,1,4,10,6,59.1,262,240,41,15,0,9,33,31,17,0,47,2,1,2,1,0,0,3,17,29,10,1.19,966,66,61,2,1,1.2,-0.0,0.1,4.08,40,0,9,4,4,1,0,0,1.21,-0.1,.727,3,1,59.1,0,0,3,3,1,0,0,0,0,0,0,0,-0.4,0.0
SP,Carl Hubbell,Carl,Hubbell,Memphis Redbirds,6' 0',170 lbs,R,L,100,New York Giants,SFG,1934,1921-1945,ME,83325,Perfect,Live NL Collection - Historical All-Star  SP Carl Hubbell  NY1  1934,0,N,0,3,45,1,32,28,3,47,1,28,28,4,45,1,33,28,78,33,Normal,Spray,Spray,82,146,125,111,75,150,97,120,84,144,134,102,75,-,115,-,-,-,-,-,-,93,-,-,3,FB,89-91,3/4,Finesse,103,72,-,-,-,27,29,28,27,3,1,8,66,-,-,-,-,-,-,-,-,66,-,-,-,-,-,-,-,-,8,14,6,7,,,0,0,0,0,0,0,0,0,0,0,0,0,0,0,0,0,0,0.0,0.00,0,-0.0,0.0,0.00,0,0,0.0,0.0,35,35,11,10,0,0,0,215.0,953,873,169,49,6,32,130,115,65,0,147,4,2,9,14,3,0,24,0,0,0,1.05,3701,222,243,6,1,-3.2,1.5,1.2,4.50,35,35,40,22,15,3,0,0,1.55,0.1,1.044,7,1,215.0,0,0,23,17,6,6,0,0,0,0,0,0,-2.7,0.0
SP,Carl Hubbell,Carl,Hubbell,Paramus Fisher Cats,6' 0',170 lbs,R,L,100,New York Giants,SFG,1934,1921-1945,ME,83325,Perfect,Live NL Collection - Historical All-Star  SP Carl Hubbell  NY1  1934,0,N,0,3,45,1,32,28,3,47,1,28,28,4,45,1,33,28,78,33,Normal,Spray,Spray,82,146,125,111,75,150,97,120,84,144,134,102,75,-,115,-,-,-,-,-,-,93,-,-,3,FB,89-91,3/4,Finesse,103,72,-,-,-,27,29,28,27,3,1,8,66,-,-,-,-,-,-,-,-,66,-,-,-,-,-,-,-,-,8,14,6,7,,,0,0,0,0,0,0,0,0,0,0,0,0,0,0,0,0,0,0.0,0.00,0,-0.0,0.0,0.00,0,0,0.0,0.0,41,0,2,0,0,6,4,66.0,291,268,51,15,0,9,32,27,16,0,47,5,0,2,4,0,0,9,17,27,6,0.69,1182,69,73,1,0,0.6,-0.0,0.5,4.24,40,0,10,6,3,1,0,0,1.23,-0.3,.873,1,0,66.0,0,0,7,5,0,0,0,0,0,0,0,0,-0.3,0.0
SP,Tex Hughson,Tex,Hughson,Pulaski Pils,6' 3',200 lbs,R,R,100,Boston Red Sox,BOS,1944,1921-1945,CS,85819,Perfect,Clubhouse - Historical All-Star  SP Tex Hughson  BOS  1944,0,N,0,8,11,1,27,10,5,19,1,33,6,10,9,2,25,12,96,10,Normal,Spray,Spray,106,126,116,117,91,122,129,107,122,130,106,142,-,79,112,94,122,-,-,-,-,95,84,-,6,EX FB,90-92,3/4,Normal,99,62,-,-,-,29,36,29,23,10,9,2,74,-,-,-,-,-,-,-,-,74,-,-,-,-,-,-,-,-,11,4,6,18,,,0,0,0,0,0,0,0,0,0,0,0,0,0,0,0,0,0,0.0,0.00,0,-0.0,0.0,0.00,0,0,0.0,0.0,37,7,5,3,0,4,3,79.2,356,322,64,17,1,12,42,42,27,0,61,2,0,5,3,0,0,8,15,20,8,0.83,1389,65,103,6,1,-0.8,-0.1,0.3,4.31,36,7,14,4,10,0,0,0,1.58,-0.2,1.091,7,1,79.2,0,0,7,7,2,1,0,0,0,0,0,0,0.0,0.0
SP,Ubaldo Jimenez,Ubaldo,Jimenez,Washington Bishops,6' 5',220 lbs,R,R,101,Colorado Rockies,COL,2010,2005-2014,,86727,Perfect,Studs & Duds - Historical All-Star  SP Ubaldo Jimenez  COL  2010,0,N,0,1,10,2,14,11,3,10,2,8,18,1,10,2,17,9,57,4,Normal,Normal,Normal,133,77,148,143,140,71,162,149,127,82,136,138,117,101,114,86,132,125,-,-,-,-,-,-,6,NEU,96-98,3/4,Normal,87,53,-,-,-,35,19,25,23,10,1,8,63,-,-,-,-,-,-,-,-,63,-,-,-,-,-,-,-,-,11,5,6,16,,,0,0,0,0,0,0,0,0,0,0,0,0,0,0,0,0,0,0.0,0.00,0,-0.0,0.0,0.00,0,0,0.0,0.0,32,32,8,10,0,0,0,171.2,774,673,124,45,2,11,88,72,87,0,137,5,3,6,11,1,0,16,0,0,0,1.07,3085,174,175,10,6,-1.2,2.5,2.5,4.66,32,32,39,25,9,5,2,0,1.78,-0.7,.854,16,6,171.2,0,0,20,17,8,4,2,0,0,0,0,0,-0.7,0.0
SP,Josh Johnson,Josh,Johnson,Ware Wolves,6' 7',245 lbs,L,R,100,Florida Marlins,FLA,2010,2005-2014,ME,86275,Perfect,All-Star Week Mission Reward  SP Josh Johnson  FLO  2010,0,N,0,1,6,1,6,3,4,3,1,7,1,1,7,1,6,4,64,5,Normal,Normal,Normal,131,113,97,138,129,88,104,130,133,140,93,145,126,118,116,125,-,-,-,-,-,-,-,-,4,NEU,94-96,3/4,Normal,72,52,-,-,-,27,38,29,23,2,10,4,74,-,-,-,-,-,-,-,-,74,-,-,-,-,-,-,-,-,5,5,6,5,,,0,0,0,0,0,0,0,0,0,0,0,0,0,0,0,0,0,0.0,0.00,0,-0.0,0.0,0.00,0,0,0.0,0.0,3,3,1,1,0,0,0,18.1,80,73,12,7,0,2,12,12,5,0,15,1,0,1,0,0,0,2,0,0,0,1.13,303,17,19,3,1,-0.4,0.3,0.0,3.95,3,3,2,0,1,1,0,0,0.49,-0.9,.000,4,1,18.1,0,0,1,0,2,0,0,0,0,0,0,0,0.0,0.0
SP,Josh Johnson,Josh,Johnson,Salt Lake Bees,6' 7',245 lbs,L,R,100,Florida Marlins,FLA,2010,2005-2014,ME,86275,Perfect,All-Star Week Mission Reward  SP Josh Johnson  FLO  2010,0,N,0,1,6,1,6,3,4,3,1,7,1,1,7,1,6,4,64,5,Normal,Normal,Normal,131,113,97,138,129,88,104,130,133,140,93,145,126,118,116,125,-,-,-,-,-,-,-,-,4,NEU,94-96,3/4,Normal,72,52,-,-,-,27,38,29,23,2,10,4,74,-,-,-,-,-,-,-,-,74,-,-,-,-,-,-,-,-,5,5,6,5,,,0,0,0,0,0,0,0,0,0,0,0,0,0,0,0,0,0,0.0,0.00,0,-0.0,0.0,0.00,0,0,0.0,0.0,31,31,10,10,0,0,0,179.1,767,688,118,36,0,16,87,79,70,0,166,4,2,3,5,0,0,18,0,0,0,1.01,3030,171,172,4,4,-0.4,3.3,3.1,3.87,31,31,22,9,13,0,0,0,1.10,1.3,1.228,8,4,179.1,0,0,14,11,3,2,0,0,0,0,0,0,-0.8,0.0
SP,Josh Johnson,Josh,Johnson,Joe Buck Yourself,6' 7',245 lbs,L,R,100,Florida Marlins,FLA,2010,2005-2014,ME,86275,Perfect,All-Star Week Mission Reward  SP Josh Johnson  FLO  2010,0,N,0,1,6,1,6,3,4,3,1,7,1,1,7,1,6,4,64,5,Normal,Normal,Normal,131,113,97,138,129,88,104,130,133,140,93,145,126,118,116,125,-,-,-,-,-,-,-,-,4,NEU,94-96,3/4,Normal,72,52,-,-,-,27,38,29,23,2,10,4,74,-,-,-,-,-,-,-,-,74,-,-,-,-,-,-,-,-,5,5,6,5,,,0,0,0,0,0,0,0,0,0,0,0,0,0,0,0,0,0,0.0,0.00,0,-0.0,0.0,0.00,0,0,0.0,0.0,5,5,1,3,0,0,0,23.1,111,100,21,6,1,4,23,22,7,0,19,2,1,1,3,0,0,4,0,0,0,1.13,431,27,22,3,0,-1.1,0.1,-0.6,4.18,5,5,4,2,2,0,0,0,1.54,-0.3,1.091,3,0,23.1,0,0,1,1,1,1,0,0,0,0,0,0,-0.3,0.0
SP,Josh Johnson,Josh,Johnson,Meaty Oakers,6' 7',245 lbs,L,R,100,Florida Marlins,FLA,2010,2005-2014,ME,86275,Perfect,All-Star Week Mission Reward  SP Josh Johnson  FLO  2010,0,N,0,1,6,1,6,3,4,3,1,7,1,1,7,1,6,4,64,5,Normal,Normal,Normal,131,113,97,138,129,88,104,130,133,140,93,145,126,118,116,125,-,-,-,-,-,-,-,-,4,NEU,94-96,3/4,Normal,72,52,-,-,-,27,38,29,23,2,10,4,74,-,-,-,-,-,-,-,-,74,-,-,-,-,-,-,-,-,5,5,6,5,,,0,0,0,0,0,0,0,0,0,0,0,0,0,0,0,0,0,0.0,0.00,0,-0.0,0.0,0.00,0,0,0.0,0.0,32,32,15,8,0,0,0,181.1,782,699,115,38,3,23,99,93,71,0,149,6,0,6,5,0,0,20,0,0,0,0.96,3121,192,175,14,4,-1.7,1.8,2.0,4.22,32,32,24,12,10,2,1,0,1.09,-1.5,.935,18,4,181.1,0,0,14,8,5,4,1,1,0,0,0,0,-1.4,0.0
SP,Josh Johnson,Josh,Johnson,Washington Bishops,6' 7',245 lbs,L,R,100,Florida Marlins,FLA,2010,2005-2014,ME,86275,Perfect,All-Star Week Mission Reward  SP Josh Johnson  FLO  2010,0,N,0,1,6,1,6,3,4,3,1,7,1,1,7,1,6,4,64,5,Normal,Normal,Normal,131,113,97,138,129,88,104,130,133,140,93,145,126,118,116,125,-,-,-,-,-,-,-,-,4,NEU,94-96,3/4,Normal,72,52,-,-,-,27,38,29,23,2,10,4,74,-,-,-,-,-,-,-,-,74,-,-,-,-,-,-,-,-,5,5,6,5,,,0,0,0,0,0,0,0,0,0,0,0,0,0,0,0,0,0,0.0,0.00,0,-0.0,0.0,0.00,0,0,0.0,0.0,35,0,1,3,2,3,3,89.1,369,332,41,15,4,13,45,38,28,1,74,4,1,3,1,0,1,4,22,26,2,0.70,1427,93,91,6,3,-0.9,-0.0,0.5,3.91,35,0,20,8,8,4,1,0,1.61,-1.1,.546,9,3,89.1,0,0,8,3,2,2,1,1,0,0,0,0,-0.4,0.0
SP,Josh Johnson,Josh,Johnson,Fortuna Lifters,6' 7',245 lbs,L,R,100,Florida Marlins,FLA,2010,2005-2014,ME,86275,Perfect,All-Star Week Mission Reward  SP Josh Johnson  FLO  2010,0,N,0,1,6,1,6,3,4,3,1,7,1,1,7,1,6,4,64,5,Normal,Normal,Normal,131,113,97,138,129,88,104,130,133,140,93,145,126,118,116,125,-,-,-,-,-,-,-,-,4,NEU,94-96,3/4,Normal,72,52,-,-,-,27,38,29,23,2,10,4,74,-,-,-,-,-,-,-,-,74,-,-,-,-,-,-,-,-,5,5,6,5,,,0,0,0,0,0,0,0,0,0,0,0,0,0,0,0,0,0,0.0,0.00,0,-0.0,0.0,0.00,0,0,0.0,0.0,32,32,9,14,0,0,0,168.2,759,682,136,45,2,16,103,99,64,0,146,3,3,6,6,1,1,14,0,0,0,1.03,2941,171,167,8,5,-1.3,2.8,0.8,4.12,32,32,29,19,8,2,1,0,1.44,1.0,1.091,13,5,168.2,0,0,18,16,6,3,1,0,1,1,0,0,-1.5,0.0
SP,Josh Johnson,Josh,Johnson,Great Lakes Man-of-War-HOTL,6' 7',245 lbs,L,R,100,Florida Marlins,FLA,2010,2005-2014,ME,86275,Perfect,All-Star Week Mission Reward  SP Josh Johnson  FLO  2010,0,N,0,1,6,1,6,3,4,3,1,7,1,1,7,1,6,4,64,5,Normal,Normal,Normal,131,113,97,138,129,88,104,130,133,140,93,145,126,118,116,125,-,-,-,-,-,-,-,-,4,NEU,94-96,3/4,Normal,72,52,-,-,-,27,38,29,23,2,10,4,74,-,-,-,-,-,-,-,-,74,-,-,-,-,-,-,-,-,5,5,6,5,,,0,0,0,0,0,0,0,0,0,0,0,0,0,0,0,0,0,0.0,0.00,0,-0.0,0.0,0.00,0,0,0.0,0.0,32,32,7,11,0,0,0,182.1,796,724,137,40,5,15,105,95,52,0,161,7,3,10,6,1,0,8,0,0,0,1.05,3134,186,186,11,3,-1.9,3.9,1.4,3.77,32,32,31,15,13,3,0,0,1.38,-2.1,.849,14,3,182.1,0,0,15,10,12,7,0,0,0,0,0,0,-0.3,0.0
SP,Josh Johnson,Josh,Johnson,Long Island Sounders,6' 7',245 lbs,L,R,100,Florida Marlins,FLA,2010,2005-2014,ME,86275,Perfect,All-Star Week Mission Reward  SP Josh Johnson  FLO  2010,0,N,0,1,6,1,6,3,4,3,1,7,1,1,7,1,6,4,64,5,Normal,Normal,Normal,131,113,97,138,129,88,104,130,133,140,93,145,126,118,116,125,-,-,-,-,-,-,-,-,4,NEU,94-96,3/4,Normal,72,52,-,-,-,27,38,29,23,2,10,4,74,-,-,-,-,-,-,-,-,74,-,-,-,-,-,-,-,-,5,5,6,5,,,0,0,0,0,0,0,0,0,0,0,0,0,0,0,0,0,0,0.0,0.00,0,-0.0,0.0,0.00,0,0,0.0,0.0,44,5,5,5,0,6,6,91.0,407,369,50,38,4,10,59,57,31,1,79,2,1,4,4,0,0,5,9,31,6,0.92,1597,94,96,8,2,-0.6,0.7,-0.7,4.01,43,5,23,9,14,0,0,0,2.27,-0.2,.992,10,2,91.0,0,0,11,11,1,0,0,0,0,0,0,0,-0.3,0.0
SP,Josh Johnson,Josh,Johnson,St. Louis Honkers,6' 7',245 lbs,L,R,100,Florida Marlins,FLA,2010,2005-2014,ME,86275,Perfect,All-Star Week Mission Reward  SP Josh Johnson  FLO  2010,0,N,0,1,6,1,6,3,4,3,1,7,1,1,7,1,6,4,64,5,Normal,Normal,Normal,131,113,97,138,129,88,104,130,133,140,93,145,126,118,116,125,-,-,-,-,-,-,-,-,4,NEU,94-96,3/4,Normal,72,52,-,-,-,27,38,29,23,2,10,4,74,-,-,-,-,-,-,-,-,74,-,-,-,-,-,-,-,-,5,5,6,5,,,0,0,0,0,0,0,0,0,0,0,0,0,0,0,0,0,0,0.0,0.00,0,-0.0,0.0,0.00,0,0,0.0,0.0,32,32,10,13,0,0,0,200.0,855,779,123,42,3,31,108,102,65,0,176,3,3,5,6,1,0,15,0,0,0,0.96,3378,197,205,17,3,-1.0,1.9,2.3,3.84,32,32,37,17,19,1,1,0,1.62,-0.3,1.091,20,3,200.0,0,0,18,16,4,4,1,1,0,0,0,0,-2.2,0.0
SP,Josh Johnson,Josh,Johnson,Milwaukee Braves,6' 7',245 lbs,L,R,100,Florida Marlins,FLA,2010,2005-2014,ME,86275,Perfect,All-Star Week Mission Reward  SP Josh Johnson  FLO  2010,0,N,0,1,6,1,6,3,4,3,1,7,1,1,7,1,6,4,64,5,Normal,Normal,Normal,131,113,97,138,129,88,104,130,133,140,93,145,126,118,116,125,-,-,-,-,-,-,-,-,4,NEU,94-96,3/4,Normal,72,52,-,-,-,27,38,29,23,2,10,4,74,-,-,-,-,-,-,-,-,74,-,-,-,-,-,-,-,-,5,5,6,5,,,0,0,0,0,0,0,0,0,0,0,0,0,0,0,0,0,0,0.0,0.00,0,-0.0,0.0,0.00,0,0,0.0,0.0,31,31,11,12,0,0,0,180.0,773,690,126,30,3,19,80,79,68,0,158,7,0,8,2,0,0,15,0,0,0,1.03,3063,187,168,6,2,0.6,2.6,3.8,4.00,31,31,35,18,16,1,0,0,1.70,-0.3,.909,8,2,180.0,0,0,11,9,7,5,2,1,0,0,0,0,-0.9,0.0
SP,Josh Johnson,Josh,Johnson,Real Intered Workers,6' 7',245 lbs,L,R,100,Florida Marlins,FLA,2010,2005-2014,ME,86275,Perfect,All-Star Week Mission Reward  SP Josh Johnson  FLO  2010,0,N,0,1,6,1,6,3,4,3,1,7,1,1,7,1,6,4,64,5,Normal,Normal,Normal,131,113,97,138,129,88,104,130,133,140,93,145,126,118,116,125,-,-,-,-,-,-,-,-,4,NEU,94-96,3/4,Normal,72,52,-,-,-,27,38,29,23,2,10,4,74,-,-,-,-,-,-,-,-,74,-,-,-,-,-,-,-,-,5,5,6,5,,,0,0,0,0,0,0,0,0,0,0,0,0,0,0,0,0,0,0.0,0.00,0,-0.0,0.0,0.00,0,0,0.0,0.0,34,14,7,5,2,6,4,103.2,471,416,85,25,5,12,70,69,43,0,78,5,2,5,8,1,0,9,8,13,7,0.90,1847,116,102,11,2,-1.6,0.5,-0.5,4.57,33,14,16,9,7,0,1,0,1.39,-1.1,.893,13,2,103.2,0,0,7,6,5,4,1,0,0,0,0,0,-1.2,0.0
SP,Josh Johnson,Josh,Johnson,The Black Freighter TBD,6' 7',245 lbs,L,R,100,Florida Marlins,FLA,2010,2005-2014,ME,86275,Perfect,All-Star Week Mission Reward  SP Josh Johnson  FLO  2010,0,N,0,1,6,1,6,3,4,3,1,7,1,1,7,1,6,4,64,5,Normal,Normal,Normal,131,113,97,138,129,88,104,130,133,140,93,145,126,118,116,125,-,-,-,-,-,-,-,-,4,NEU,94-96,3/4,Normal,72,52,-,-,-,27,38,29,23,2,10,4,74,-,-,-,-,-,-,-,-,74,-,-,-,-,-,-,-,-,5,5,6,5,,,0,0,0,0,0,0,0,0,0,0,0,0,0,0,0,0,0,0.0,0.00,0,-0.0,0.0,0.00,0,0,0.0,0.0,43,0,2,2,0,4,3,65.2,291,253,41,15,4,5,34,32,33,1,64,1,1,3,5,1,0,7,26,29,6,0.79,1159,71,55,7,1,0.2,0.7,0.4,4.08,43,0,9,3,6,0,0,0,1.23,-0.5,1.091,8,1,65.2,0,0,5,4,1,1,0,0,0,0,0,0,0.1,0.0
SP,Josh Johnson,Josh,Johnson,Svendborg Sailors,6' 7',245 lbs,L,R,100,Florida Marlins,FLA,2010,2005-2014,ME,86275,Perfect,All-Star Week Mission Reward  SP Josh Johnson  FLO  2010,0,N,0,1,6,1,6,3,4,3,1,7,1,1,7,1,6,4,64,5,Normal,Normal,Normal,131,113,97,138,129,88,104,130,133,140,93,145,126,118,116,125,-,-,-,-,-,-,-,-,4,NEU,94-96,3/4,Normal,72,52,-,-,-,27,38,29,23,2,10,4,74,-,-,-,-,-,-,-,-,74,-,-,-,-,-,-,-,-,5,5,6,5,,,0,0,0,0,0,0,0,0,0,0,0,0,0,0,0,0,0,0.0,0.00,0,-0.0,0.0,0.00,0,0,0.0,0.0,30,30,9,13,0,0,0,187.2,806,727,114,48,1,18,89,80,69,0,145,4,1,5,9,2,0,11,0,0,0,1.01,3180,187,209,15,5,-1.1,2.7,3.4,4.32,30,30,34,23,9,2,0,0,1.53,-0.4,1.034,20,5,187.2,0,0,20,15,6,4,2,2,0,0,0,0,-0.1,0.0
SP,Josh Johnson,Josh,Johnson,Littleton CO Mountaineers,6' 7',245 lbs,L,R,100,Florida Marlins,FLA,2010,2005-2014,ME,86275,Perfect,All-Star Week Mission Reward  SP Josh Johnson  FLO  2010,0,N,0,1,6,1,6,3,4,3,1,7,1,1,7,1,6,4,64,5,Normal,Normal,Normal,131,113,97,138,129,88,104,130,133,140,93,145,126,118,116,125,-,-,-,-,-,-,-,-,4,NEU,94-96,3/4,Normal,72,52,-,-,-,27,38,29,23,2,10,4,74,-,-,-,-,-,-,-,-,74,-,-,-,-,-,-,-,-,5,5,6,5,,,0,0,0,0,0,0,0,0,0,0,0,0,0,0,0,0,0,0.0,0.00,0,-0.0,0.0,0.00,0,0,0.0,0.0,32,32,14,9,0,0,0,179.0,767,695,116,38,10,13,95,89,59,0,157,7,1,5,7,2,0,14,0,0,0,0.98,2992,197,162,17,2,-0.7,4.2,3.0,3.87,32,32,28,12,15,1,0,0,1.36,-1.5,1.007,19,2,179.0,0,0,9,9,5,3,2,1,0,0,0,0,-3.0,0.0
SP,Josh Johnson,Josh,Johnson,Buffalo Bisons,6' 7',245 lbs,L,R,100,Florida Marlins,FLA,2010,2005-2014,ME,86275,Perfect,All-Star Week Mission Reward  SP Josh Johnson  FLO  2010,0,N,0,1,6,1,6,3,4,3,1,7,1,1,7,1,6,4,64,5,Normal,Normal,Normal,131,113,97,138,129,88,104,130,133,140,93,145,126,118,116,125,-,-,-,-,-,-,-,-,4,NEU,94-96,3/4,Normal,72,52,-,-,-,27,38,29,23,2,10,4,74,-,-,-,-,-,-,-,-,74,-,-,-,-,-,-,-,-,5,5,6,5,,,0,0,0,0,0,0,0,0,0,0,0,0,0,0,0,0,0,0.0,0.00,0,-0.0,0.0,0.00,0,0,0.0,0.0,41,0,3,5,9,10,12,52.2,248,220,45,13,1,6,40,35,21,0,57,4,0,3,1,0,0,4,16,30,14,1.01,1022,45,51,5,1,-1.5,0.4,-0.9,3.61,39,0,11,5,6,0,1,0,1.88,0.2,1.364,6,1,52.2,0,0,5,5,0,0,0,0,0,0,0,0,-0.8,0.0
SP,Josh Johnson,Josh,Johnson,El Vampiro Ankle Biters,6' 7',245 lbs,L,R,100,Florida Marlins,FLA,2010,2005-2014,ME,86275,Perfect,All-Star Week Mission Reward  SP Josh Johnson  FLO  2010,0,N,0,1,6,1,6,3,4,3,1,7,1,1,7,1,6,4,64,5,Normal,Normal,Normal,131,113,97,138,129,88,104,130,133,140,93,145,126,118,116,125,-,-,-,-,-,-,-,-,4,NEU,94-96,3/4,Normal,72,52,-,-,-,27,38,29,23,2,10,4,74,-,-,-,-,-,-,-,-,74,-,-,-,-,-,-,-,-,5,5,6,5,,,0,0,0,0,0,0,0,0,0,0,0,0,0,0,0,0,0,0.0,0.00,0,-0.0,0.0,0.00,0,0,0.0,0.0,8,8,0,4,0,0,0,31.1,141,123,18,11,1,5,27,24,13,0,29,2,0,3,2,0,0,3,0,0,0,0.91,574,35,25,1,1,-0.9,0.1,-0.6,4.04,8,8,3,0,3,0,0,0,0.86,0.2,.000,2,1,31.1,0,0,0,0,0,0,0,0,0,0,0,0,0.0,0.0
SP,Josh Johnson,Josh,Johnson,Orange Jackrabbits,6' 7',245 lbs,L,R,100,Florida Marlins,FLA,2010,2005-2014,ME,86275,Perfect,All-Star Week Mission Reward  SP Josh Johnson  FLO  2010,0,N,0,1,6,1,6,3,4,3,1,7,1,1,7,1,6,4,64,5,Normal,Normal,Normal,131,113,97,138,129,88,104,130,133,140,93,145,126,118,116,125,-,-,-,-,-,-,-,-,4,NEU,94-96,3/4,Normal,72,52,-,-,-,27,38,29,23,2,10,4,74,-,-,-,-,-,-,-,-,74,-,-,-,-,-,-,-,-,5,5,6,5,,,0,0,0,0,0,0,0,0,0,0,0,0,0,0,0,0,0,0.0,0.00,0,-0.0,0.0,0.00,0,0,0.0,0.0,35,0,2,2,0,6,5,67.2,294,263,50,12,1,5,28,26,25,0,59,1,2,2,3,0,1,6,14,38,12,0.66,1190,62,71,4,3,0.4,0.7,0.9,4.02,35,0,15,11,3,1,0,0,1.86,1.0,1.000,7,3,67.2,0,0,10,9,2,2,0,0,1,1,0,0,-0.3,0.0
SP,Josh Johnson,Josh,Johnson,Tavistock Baseballersons,6' 7',245 lbs,L,R,100,Florida Marlins,FLA,2010,2005-2014,ME,86275,Perfect,All-Star Week Mission Reward  SP Josh Johnson  FLO  2010,0,N,0,1,6,1,6,3,4,3,1,7,1,1,7,1,6,4,64,5,Normal,Normal,Normal,131,113,97,138,129,88,104,130,133,140,93,145,126,118,116,125,-,-,-,-,-,-,-,-,4,NEU,94-96,3/4,Normal,72,52,-,-,-,27,38,29,23,2,10,4,74,-,-,-,-,-,-,-,-,74,-,-,-,-,-,-,-,-,5,5,6,5,,,0,0,0,0,0,0,0,0,0,0,0,0,0,0,0,0,0,0.0,0.00,0,-0.0,0.0,0.00,0,0,0.0,0.0,41,0,2,0,1,5,5,63.2,265,237,39,11,1,7,29,29,23,0,46,2,0,3,6,0,0,7,25,31,10,0.62,1042,62,71,1,1,0.4,0.1,0.6,4.43,41,0,8,2,6,0,1,0,1.13,0.0,.727,2,1,63.2,0,0,2,1,1,1,0,0,0,0,0,0,0.0,0.0
SP,Josh Johnson,Josh,Johnson,Pulaski Pils,6' 7',245 lbs,L,R,100,Florida Marlins,FLA,2010,2005-2014,ME,86275,Perfect,All-Star Week Mission Reward  SP Josh Johnson  FLO  2010,0,N,0,1,6,1,6,3,4,3,1,7,1,1,7,1,6,4,64,5,Normal,Normal,Normal,131,113,97,138,129,88,104,130,133,140,93,145,126,118,116,125,-,-,-,-,-,-,-,-,4,NEU,94-96,3/4,Normal,72,52,-,-,-,27,38,29,23,2,10,4,74,-,-,-,-,-,-,-,-,74,-,-,-,-,-,-,-,-,5,5,6,5,,,0,0,0,0,0,0,0,0,0,0,0,0,0,0,0,0,0,0.0,0.00,0,-0.0,0.0,0.00,0,0,0.0,0.0,32,32,11,9,0,0,0,177.2,772,703,131,37,0,18,95,85,57,0,135,6,1,5,12,0,0,9,0,0,0,1.05,3040,193,186,14,2,-1.1,2.3,1.7,4.25,32,32,30,21,8,1,0,0,1.47,-1.6,.949,16,2,177.2,0,0,14,11,10,8,3,1,0,0,0,0,0.0,0.0
SP,Josh Johnson,Josh,Johnson,Memphis Redbirds,6' 7',245 lbs,L,R,100,Florida Marlins,FLA,2010,2005-2014,ME,86275,Perfect,All-Star Week Mission Reward  SP Josh Johnson  FLO  2010,0,N,0,1,6,1,6,3,4,3,1,7,1,1,7,1,6,4,64,5,Normal,Normal,Normal,131,113,97,138,129,88,104,130,133,140,93,145,126,118,116,125,-,-,-,-,-,-,-,-,4,NEU,94-96,3/4,Normal,72,52,-,-,-,27,38,29,23,2,10,4,74,-,-,-,-,-,-,-,-,74,-,-,-,-,-,-,-,-,5,5,6,5,,,0,0,0,0,0,0,0,0,0,0,0,0,0,0,0,0,0,0.0,0.00,0,-0.0,0.0,0.00,0,0,0.0,0.0,34,34,10,15,0,0,0,205.1,909,816,155,39,2,22,123,115,72,0,172,8,3,10,14,1,0,8,0,0,0,1.00,3553,231,197,17,7,-2.9,2.9,1.2,4.11,34,34,43,15,26,2,0,0,1.80,-0.3,.946,24,7,205.1,0,0,11,7,5,4,1,1,1,1,0,0,-2.0,0.0
SP,Josh Johnson,Josh,Johnson,Paramus Fisher Cats,6' 7',245 lbs,L,R,100,Florida Marlins,FLA,2010,2005-2014,ME,86275,Perfect,All-Star Week Mission Reward  SP Josh Johnson  FLO  2010,0,N,0,1,6,1,6,3,4,3,1,7,1,1,7,1,6,4,64,5,Normal,Normal,Normal,131,113,97,138,129,88,104,130,133,140,93,145,126,118,116,125,-,-,-,-,-,-,-,-,4,NEU,94-96,3/4,Normal,72,52,-,-,-,27,38,29,23,2,10,4,74,-,-,-,-,-,-,-,-,74,-,-,-,-,-,-,-,-,5,5,6,5,,,0,0,0,0,0,0,0,0,0,0,0,0,0,0,0,0,0,0.0,0.00,0,-0.0,0.0,0.00,0,0,0.0,0.0,33,33,13,12,0,0,0,189.1,839,749,140,45,3,14,107,92,76,0,166,6,1,6,8,0,1,20,0,0,0,1.05,3239,196,176,19,4,-0.4,3.6,1.7,4.12,33,33,28,8,18,2,0,0,1.24,-1.4,.970,23,4,189.1,0,0,7,5,5,4,0,0,0,0,0,0,-1.5,0.0
SP,Josh Johnson,Josh,Johnson,Kumamoto Ozeki TBD,6' 7',245 lbs,L,R,100,Florida Marlins,FLA,2010,2005-2014,ME,86275,Perfect,All-Star Week Mission Reward  SP Josh Johnson  FLO  2010,0,N,0,1,6,1,6,3,4,3,1,7,1,1,7,1,6,4,64,5,Normal,Normal,Normal,131,113,97,138,129,88,104,130,133,140,93,145,126,118,116,125,-,-,-,-,-,-,-,-,4,NEU,94-96,3/4,Normal,72,52,-,-,-,27,38,29,23,2,10,4,74,-,-,-,-,-,-,-,-,74,-,-,-,-,-,-,-,-,5,5,6,5,,,0,0,0,0,0,0,0,0,0,0,0,0,0,0,0,0,0,0.0,0.00,0,-0.0,0.0,0.00,0,0,0.0,0.0,24,22,9,9,0,0,0,136.0,587,531,103,23,3,16,84,76,46,0,124,4,2,4,5,1,0,17,0,1,0,0.98,2241,130,132,8,2,-1.8,2.0,0.5,3.79,24,22,20,8,10,2,1,0,1.19,-0.7,.849,10,2,136.0,0,0,8,6,4,3,1,1,0,0,0,0,-0.8,0.0
SP,Josh Johnson,Josh,Johnson,Dungeon Meshi Marcille,6' 7',245 lbs,L,R,100,Florida Marlins,FLA,2010,2005-2014,ME,86275,Perfect,All-Star Week Mission Reward  SP Josh Johnson  FLO  2010,0,N,0,1,6,1,6,3,4,3,1,7,1,1,7,1,6,4,64,5,Normal,Normal,Normal,131,113,97,138,129,88,104,130,133,140,93,145,126,118,116,125,-,-,-,-,-,-,-,-,4,NEU,94-96,3/4,Normal,72,52,-,-,-,27,38,29,23,2,10,4,74,-,-,-,-,-,-,-,-,74,-,-,-,-,-,-,-,-,5,5,6,5,,,0,0,0,0,0,0,0,0,0,0,0,0,0,0,0,0,0,0.0,0.00,0,-0.0,0.0,0.00,0,0,0.0,0.0,45,1,4,4,4,8,7,62.2,298,265,55,16,1,10,49,43,27,0,50,5,0,1,1,1,0,7,15,40,14,1.01,1152,72,58,5,0,-2.0,-0.5,-1.2,4.53,44,1,12,5,7,0,0,0,1.72,-0.9,.909,5,0,62.2,0,0,5,5,1,0,2,1,0,0,0,0,0.0,0.0
SP,Josh Johnson,Josh,Johnson,Atlantic City Surf - GH,6' 7',245 lbs,L,R,100,Florida Marlins,FLA,2010,2005-2014,ME,86275,Perfect,All-Star Week Mission Reward  SP Josh Johnson  FLO  2010,0,N,0,1,6,1,6,3,4,3,1,7,1,1,7,1,6,4,64,5,Normal,Normal,Normal,131,113,97,138,129,88,104,130,133,140,93,145,126,118,116,125,-,-,-,-,-,-,-,-,4,NEU,94-96,3/4,Normal,72,52,-,-,-,27,38,29,23,2,10,4,74,-,-,-,-,-,-,-,-,74,-,-,-,-,-,-,-,-,5,5,6,5,,,0,0,0,0,0,0,0,0,0,0,0,0,0,0,0,0,0,0.0,0.00,0,-0.0,0.0,0.00,0,0,0.0,0.0,53,0,6,3,2,12,8,71.0,321,284,55,18,1,9,49,47,28,0,66,4,0,5,0,1,0,5,25,35,9,1.14,1318,59,78,5,1,0.3,-0.0,-1.2,3.96,52,0,16,11,4,1,0,0,1.90,-0.3,.982,6,1,71.0,0,0,9,7,3,3,0,0,0,0,0,0,-0.4,0.0
SP,Josh Johnson,Josh,Johnson,Alhambra Moors - HotL TTC,6' 7',245 lbs,L,R,100,Florida Marlins,FLA,2010,2005-2014,ME,86275,Perfect,All-Star Week Mission Reward  SP Josh Johnson  FLO  2010,0,N,0,1,6,1,6,3,4,3,1,7,1,1,7,1,6,4,64,5,Normal,Normal,Normal,131,113,97,138,129,88,104,130,133,140,93,145,126,118,116,125,-,-,-,-,-,-,-,-,4,NEU,94-96,3/4,Normal,72,52,-,-,-,27,38,29,23,2,10,4,74,-,-,-,-,-,-,-,-,74,-,-,-,-,-,-,-,-,5,5,6,5,,,0,0,0,0,0,0,0,0,0,0,0,0,0,0,0,0,0,0.0,0.00,0,-0.0,0.0,0.00,0,0,0.0,0.0,33,33,11,12,0,0,0,178.0,785,714,135,37,10,22,106,101,58,0,154,6,3,4,5,1,0,15,0,0,0,0.99,3150,192,160,26,5,-2.2,2.5,1.2,3.95,33,33,40,20,19,1,1,0,1.97,-1.7,1.039,31,5,178.0,0,0,18,16,7,3,2,2,0,0,0,0,-2.8,0.0
SP,Randy Johnson,Randy,Johnson,Joe Buck Yourself,6' 10',225 lbs,R,L,100,Houston Astros,HOU,1998,1993-2004,CS,85407,Perfect,Clubhouse - Played Where? - Veteran Presence  SP Randy Johnson  HOU  1998,0,N,0,11,42,4,27,16,12,51,7,37,16,11,39,3,22,16,51,58,Normal,Pull,Pull,137,81,109,121,120,92,106,140,142,78,111,118,120,-,126,126,-,123,-,-,-,-,-,-,4,NEU,94-96,3/4,Normal,104,59,-,-,-,32,13,22,23,7,7,6,53,-,-,-,-,-,-,-,-,53,-,-,-,-,-,-,-,-,5,5,6,6,,,0,0,0,0,0,0,0,0,0,0,0,0,0,0,0,0,0,0.0,0.00,0,-0.0,0.0,0.00,0,0,0.0,0.0,16,0,2,1,6,5,5,16.0,78,66,8,3,1,5,17,14,11,0,24,0,0,1,4,0,0,0,4,10,3,1.30,322,11,13,0,0,-0.3,-0.4,-0.9,3.24,16,0,2,1,1,0,0,0,1.12,0.1,1.091,0,0,16.0,0,0,0,0,1,1,0,0,0,0,0,0,0.0,0.0
SP,Randy Johnson,Randy,Johnson,Washington Bishops,6' 10',225 lbs,R,L,100,Houston Astros,HOU,1998,1993-2004,CS,85407,Perfect,Clubhouse - Played Where? - Veteran Presence  SP Randy Johnson  HOU  1998,0,N,0,11,42,4,27,16,12,51,7,37,16,11,39,3,22,16,51,58,Normal,Pull,Pull,137,81,109,121,120,92,106,140,142,78,111,118,120,-,126,126,-,123,-,-,-,-,-,-,4,NEU,94-96,3/4,Normal,104,59,-,-,-,32,13,22,23,7,7,6,53,-,-,-,-,-,-,-,-,53,-,-,-,-,-,-,-,-,5,5,6,6,,,0,0,0,0,0,0,0,0,0,0,0,0,0,0,0,0,0,0.0,0.00,0,-0.0,0.0,0.00,0,0,0.0,0.0,58,0,9,1,10,24,10,99.2,409,373,55,20,1,6,38,35,33,0,79,1,1,1,4,2,0,7,19,44,9,1.13,1626,111,99,3,0,2.2,1.3,1.9,4.07,58,0,12,5,7,0,1,0,1.08,-0.3,1.091,3,0,99.2,0,0,5,3,2,2,0,0,0,0,0,0,-0.1,0.0
SP,Randy Johnson,Randy,Johnson,Long Island Sounders,6' 10',225 lbs,R,L,100,Houston Astros,HOU,1998,1993-2004,CS,85407,Perfect,Clubhouse - Played Where? - Veteran Presence  SP Randy Johnson  HOU  1998,0,N,0,11,42,4,27,16,12,51,7,37,16,11,39,3,22,16,51,58,Normal,Pull,Pull,137,81,109,121,120,92,106,140,142,78,111,118,120,-,126,126,-,123,-,-,-,-,-,-,4,NEU,94-96,3/4,Normal,104,59,-,-,-,32,13,22,23,7,7,6,53,-,-,-,-,-,-,-,-,53,-,-,-,-,-,-,-,-,5,5,6,6,,,0,0,0,0,0,0,0,0,0,0,0,0,0,0,0,0,0,0.0,0.00,0,-0.0,0.0,0.00,0,0,0.0,0.0,26,26,7,12,0,0,0,152.1,663,581,105,24,2,17,80,76,67,0,131,7,1,7,4,0,0,11,0,0,0,1.05,2656,149,155,12,3,-1.4,1.5,1.8,4.25,26,26,21,11,9,1,0,0,1.18,-0.8,.893,15,3,152.1,0,0,7,5,7,6,0,0,0,0,0,0,-0.7,0.0
SP,Randy Johnson,Randy,Johnson,-,6' 10',225 lbs,R,L,100,Houston Astros,HOU,1998,1993-2004,CS,85407,Perfect,Clubhouse - Played Where? - Veteran Presence  SP Randy Johnson  HOU  1998,0,N,0,11,42,4,27,16,12,51,7,37,16,11,39,3,22,16,51,58,Normal,Pull,Pull,137,81,109,121,120,92,106,140,142,78,111,118,120,-,126,126,-,123,-,-,-,-,-,-,4,NEU,94-96,3/4,Normal,104,59,-,-,-,32,13,22,23,7,7,6,53,-,-,-,-,-,-,-,-,53,-,-,-,-,-,-,-,-,5,5,6,6,,,0,0,0,0,0,0,0,0,0,0,0,0,0,0,0,0,0,0.0,0.00,0,-0.0,0.0,0.00,0,0,0.0,0.0,3,2,0,0,0,0,0,11.1,54,47,6,3,0,3,9,8,6,0,6,0,1,0,0,0,0,0,0,1,1,0.74,189,14,14,0,0,-0.4,-0.2,-0.1,5.62,3,2,2,1,0,1,0,0,0.79,-0.4,.546,0,0,11.1,0,0,2,1,0,0,0,0,0,0,0,0,0.0,0.0
SP,Randy Johnson,Randy,Johnson,Buffalo Bisons,6' 10',225 lbs,R,L,100,Houston Astros,HOU,1998,1993-2004,CS,85407,Perfect,Clubhouse - Played Where? - Veteran Presence  SP Randy Johnson  HOU  1998,0,N,0,11,42,4,27,16,12,51,7,37,16,11,39,3,22,16,51,58,Normal,Pull,Pull,137,81,109,121,120,92,106,140,142,78,111,118,120,-,126,126,-,123,-,-,-,-,-,-,4,NEU,94-96,3/4,Normal,104,59,-,-,-,32,13,22,23,7,7,6,53,-,-,-,-,-,-,-,-,53,-,-,-,-,-,-,-,-,5,5,6,6,,,0,0,0,0,0,0,0,0,0,0,0,0,0,0,0,0,0,0.0,0.00,0,-0.0,0.0,0.00,0,0,0.0,0.0,30,26,6,11,0,0,0,146.2,682,594,137,33,1,19,113,109,73,0,117,5,6,4,8,1,0,18,3,3,2,1.04,2720,153,138,9,4,-4.0,0.9,-1.1,4.67,30,26,23,15,8,0,3,0,1.41,0.4,1.091,13,4,146.2,0,0,15,14,4,1,0,0,0,0,0,0,-0.9,0.0
SP,Max Lanier,Max,Lanier,Real Intered Workers,5' 11',180 lbs,R,L,100,St. Louis Cardinals,STL,1944,1921-1945,,83898,Perfect,Historical All-Star  SP Max Lanier  STL  1944,0,N,0,10,28,1,37,16,16,35,1,34,17,8,24,1,38,16,79,42,Normal,Normal,Normal,120,77,105,117,144,111,160,116,112,65,83,117,90,122,85,-,-,-,-,-,-,-,136,-,4,NEU,90-92,3/4,Normal,76,54,-,-,-,25,23,24,25,7,10,7,55,-,-,-,-,-,-,-,-,55,-,-,-,-,-,-,-,-,7,5,6,9,,,0,0,0,0,0,0,0,0,0,0,0,0,0,0,0,0,0,0.0,0.00,0,-0.0,0.0,0.00,0,0,0.0,0.0,46,1,6,3,3,11,8,73.1,328,285,54,12,1,12,48,46,36,3,71,3,0,4,3,0,0,6,19,30,10,0.96,1317,68,69,4,2,-0.3,-0.3,-0.7,4.08,46,1,8,4,4,0,0,0,0.98,-0.8,.655,6,2,73.1,0,0,4,2,2,1,0,0,0,0,0,0,-0.4,0.0
SP,Max Lanier,Max,Lanier,Littleton CO Mountaineers,5' 11',180 lbs,R,L,100,St. Louis Cardinals,STL,1944,1921-1945,,83898,Perfect,Historical All-Star  SP Max Lanier  STL  1944,0,N,0,10,28,1,37,16,16,35,1,34,17,8,24,1,38,16,79,42,Normal,Normal,Normal,120,77,105,117,144,111,160,116,112,65,83,117,90,122,85,-,-,-,-,-,-,-,136,-,4,NEU,90-92,3/4,Normal,76,54,-,-,-,25,23,24,25,7,10,7,55,-,-,-,-,-,-,-,-,55,-,-,-,-,-,-,-,-,7,5,6,9,,,0,0,0,0,0,0,0,0,0,0,0,0,0,0,0,0,0,0.0,0.00,0,-0.0,0.0,0.00,0,0,0.0,0.0,54,7,7,5,2,5,11,108.1,481,416,71,25,1,13,59,55,57,1,87,4,2,2,4,1,0,10,12,33,17,0.96,1957,127,91,6,7,-1.4,0.1,0.9,4.67,54,7,21,13,7,1,0,0,1.66,1.7,1.007,13,7,108.1,0,0,12,9,4,4,0,0,0,0,0,0,-1.5,0.0
SP,Max Lanier,Max,Lanier,Pulaski Pils,5' 11',180 lbs,R,L,100,St. Louis Cardinals,STL,1944,1921-1945,,83898,Perfect,Historical All-Star  SP Max Lanier  STL  1944,0,N,0,10,28,1,37,16,16,35,1,34,17,8,24,1,38,16,79,42,Normal,Normal,Normal,120,77,105,117,144,111,160,116,112,65,83,117,90,122,85,-,-,-,-,-,-,-,136,-,4,NEU,90-92,3/4,Normal,76,54,-,-,-,25,23,24,25,7,10,7,55,-,-,-,-,-,-,-,-,55,-,-,-,-,-,-,-,-,7,5,6,9,,,0,0,0,0,0,0,0,0,0,0,0,0,0,0,0,0,0,0.0,0.00,0,-0.0,0.0,0.00,0,0,0.0,0.0,51,10,7,7,6,15,4,99.2,443,386,67,22,6,7,45,43,43,0,84,7,2,5,5,0,0,6,12,31,8,0.98,1803,109,95,9,3,0.4,0.9,1.2,4.30,51,10,16,6,9,1,1,0,1.35,-0.4,1.091,12,3,99.2,0,0,4,3,1,0,0,0,0,0,0,0,0.0,0.0
SP,Cliff Lee,Cliff,Lee,Meaty Oakers,6' 3',205 lbs,L,L,100,Philadelphia Phillies,PHI,2011,2005-2014,BBR,85693,Perfect,June Gems - Baseball Reference 3  SP Cliff Lee  PHI  2011,0,N,0,10,17,17,13,9,6,18,27,7,5,12,17,14,15,11,54,5,Normal,Spray,Spray,126,128,94,118,109,150,115,119,132,121,89,118,111,111,104,-,132,-,72,-,-,-,-,-,5,NEU,91-93,3/4,Normal,84,63,-,-,-,24,14,20,23,1,3,5,45,-,-,-,-,-,-,-,-,45,-,-,-,-,-,-,-,-,55,54,67,50,,,0,0,0,0,0,0,0,0,0,0,0,0,0,0,0,0,0,0.0,0.00,0,-0.0,0.0,0.00,0,0,0.0,0.0,34,34,11,13,0,0,0,197.2,866,785,134,49,4,19,108,104,72,0,172,5,1,3,7,0,0,14,0,0,0,1.05,3397,210,188,7,6,-1.5,3.3,2.2,4.02,34,34,26,14,11,1,1,0,1.14,1.2,1.091,13,6,197.2,0,0,15,12,2,1,0,0,0,0,0,0,-2.0,0.0
SP,Cliff Lee,Cliff,Lee,Salt Lake Bees,6' 3',205 lbs,L,L,100,Philadelphia Phillies,PHI,2011,2005-2014,BBR,85693,Perfect,June Gems - Baseball Reference 3  SP Cliff Lee  PHI  2011,0,N,0,10,17,17,13,9,6,18,27,7,5,12,17,14,15,11,54,5,Normal,Spray,Spray,126,128,94,118,109,150,115,119,132,121,89,118,111,111,104,-,132,-,72,-,-,-,-,-,5,NEU,91-93,3/4,Normal,84,63,-,-,-,24,14,20,23,1,3,5,45,-,-,-,-,-,-,-,-,45,-,-,-,-,-,-,-,-,55,54,67,50,,,0,0,0,0,0,0,0,0,0,0,0,0,0,0,0,0,0,0.0,0.00,0,-0.0,0.0,0.00,0,0,0.0,0.0,34,34,10,11,0,0,0,197.2,852,772,140,43,4,29,106,98,63,0,160,7,4,6,9,0,0,24,0,0,0,1.00,3351,224,176,16,5,-1.6,1.8,2.4,4.07,34,34,42,27,13,2,1,0,1.82,1.3,1.048,21,5,197.2,0,0,19,19,7,7,1,1,0,0,0,0,-1.6,0.0
SP,Cliff Lee,Cliff,Lee,St. Louis Honkers,6' 3',205 lbs,L,L,100,Philadelphia Phillies,PHI,2011,2005-2014,BBR,85693,Perfect,June Gems - Baseball Reference 3  SP Cliff Lee  PHI  2011,0,Y,5,13,20,20,16,12,8,21,31,9,7,15,20,17,18,14,54,5,Normal,Spray,Spray,136,138,102,127,118,161,124,128,142,131,97,127,111,111,104,-,132,-,72,-,-,-,-,-,5,NEU,91-93,3/4,Normal,84,63,-,-,-,24,14,20,23,1,3,5,49,-,-,-,-,-,-,-,-,49,-,-,-,-,-,-,-,-,55,54,67,50,,,0,0,0,0,0,0,0,0,0,0,0,0,0,0,0,0,0,0.0,0.00,0,-0.0,0.0,0.00,0,0,0.0,0.0,33,33,12,11,0,0,0,211.2,913,839,166,42,4,21,95,90,66,0,184,3,2,3,9,1,0,20,0,0,0,0.94,3614,210,210,6,4,0.4,4.0,4.4,3.86,33,33,39,18,20,1,1,0,1.62,2.0,1.155,10,4,211.2,0,0,13,12,7,5,2,1,1,1,0,0,-1.4,0.0
SP,Cliff Lee,Cliff,Lee,Kansas City Torrent,6' 3',205 lbs,L,L,100,Philadelphia Phillies,PHI,2011,2005-2014,BBR,85693,Perfect,June Gems - Baseball Reference 3  SP Cliff Lee  PHI  2011,45 199,N,0,10,17,17,13,9,6,18,27,7,5,12,17,14,15,11,54,5,Normal,Spray,Spray,126,128,94,118,109,150,115,119,132,121,89,118,111,111,104,-,132,-,72,-,-,-,-,-,5,NEU,91-93,3/4,Normal,84,63,-,-,-,24,14,20,23,1,3,5,45,-,-,-,-,-,-,-,-,45,-,-,-,-,-,-,-,-,55,54,67,50,,,0,0,0,0,0,0,0,0,0,0,0,0,0,0,0,0,0,0.0,0.00,0,-0.0,0.0,0.00,0,0,0.0,0.0,59,4,8,4,8,20,8,110.0,450,417,66,27,0,7,42,34,28,0,100,3,2,0,6,0,0,9,22,35,12,1.13,1795,96,114,4,3,2.5,2.1,2.2,3.45,59,4,19,11,8,0,1,0,1.55,0.0,.982,7,3,110.0,0,0,10,8,5,2,0,0,0,0,0,0,0.0,0.0
SP,Cliff Lee,Cliff,Lee,The Black Freighter TBD,6' 3',205 lbs,L,L,100,Philadelphia Phillies,PHI,2011,2005-2014,BBR,85693,Perfect,June Gems - Baseball Reference 3  SP Cliff Lee  PHI  2011,0,N,0,10,17,17,13,9,6,18,27,7,5,12,17,14,15,11,54,5,Normal,Spray,Spray,126,128,94,118,109,150,115,119,132,121,89,118,111,111,104,-,132,-,72,-,-,-,-,-,5,NEU,91-93,3/4,Normal,84,63,-,-,-,24,14,20,23,1,3,5,45,-,-,-,-,-,-,-,-,45,-,-,-,-,-,-,-,-,55,54,67,50,,,0,0,0,0,0,0,0,0,0,0,0,0,0,0,0,0,0,0.0,0.00,0,-0.0,0.0,0.00,0,0,0.0,0.0,27,27,10,11,0,0,0,167.1,718,660,110,44,3,27,94,89,42,1,118,3,9,4,6,0,0,19,0,0,0,0.98,2649,201,163,13,1,-1.4,1.5,2.0,4.22,27,27,26,16,9,1,0,0,1.34,-1.9,.976,14,1,167.1,0,0,21,16,3,3,1,0,0,0,0,0,0.3,0.0
SP,Cliff Lee,Cliff,Lee,Orange Jackrabbits,6' 3',205 lbs,L,L,100,Philadelphia Phillies,PHI,2011,2005-2014,BBR,85693,Perfect,June Gems - Baseball Reference 3  SP Cliff Lee  PHI  2011,0,N,0,10,17,17,13,9,6,18,27,7,5,12,17,14,15,11,54,5,Normal,Spray,Spray,126,128,94,118,109,150,115,119,132,121,89,118,111,111,104,-,132,-,72,-,-,-,-,-,5,NEU,91-93,3/4,Normal,84,63,-,-,-,24,14,20,23,1,3,5,45,-,-,-,-,-,-,-,-,45,-,-,-,-,-,-,-,-,55,54,67,50,,,0,0,0,0,0,0,0,0,0,0,0,0,0,0,0,0,0,0.0,0.00,0,-0.0,0.0,0.00,0,0,0.0,0.0,34,34,8,11,0,0,0,190.2,837,766,147,46,3,22,122,109,50,0,161,10,3,8,7,1,0,19,0,0,0,1.03,3232,200,183,13,4,-3.4,3.0,0.3,3.84,34,34,33,21,9,3,0,0,1.42,-1.9,.883,17,4,190.2,0,0,18,15,10,3,1,1,0,0,0,0,-0.8,0.0
SP,Cliff Lee,Cliff,Lee,Memphis Redbirds,6' 3',205 lbs,L,L,100,Philadelphia Phillies,PHI,2011,2005-2014,BBR,85693,Perfect,June Gems - Baseball Reference 3  SP Cliff Lee  PHI  2011,0,N,0,10,17,17,13,9,6,18,27,7,5,12,17,14,15,11,54,5,Normal,Spray,Spray,126,128,94,118,109,150,115,119,132,121,89,118,111,111,104,-,132,-,72,-,-,-,-,-,5,NEU,91-93,3/4,Normal,84,63,-,-,-,24,14,20,23,1,3,5,45,-,-,-,-,-,-,-,-,45,-,-,-,-,-,-,-,-,55,54,67,50,,,0,0,0,0,0,0,0,0,0,0,0,0,0,0,0,0,0,0.0,0.00,0,-0.0,0.0,0.00,0,0,0.0,0.0,34,34,9,17,0,0,0,199.1,892,800,160,34,7,30,141,128,76,0,171,3,3,10,8,0,0,20,0,0,0,0.99,3578,198,199,9,6,-4.9,1.6,-0.7,4.14,34,34,31,17,13,1,1,0,1.35,1.2,.970,15,6,199.1,0,0,17,16,6,4,0,0,0,0,0,0,-2.7,0.0
SP,Cliff Lee,Cliff,Lee,Atlantic City Surf - GH,6' 3',205 lbs,L,L,100,Philadelphia Phillies,PHI,2011,2005-2014,BBR,85693,Perfect,June Gems - Baseball Reference 3  SP Cliff Lee  PHI  2011,0,N,0,10,17,17,13,9,6,18,27,7,5,12,17,14,15,11,54,5,Normal,Spray,Spray,126,128,94,118,109,150,115,119,132,121,89,118,111,111,104,-,132,-,72,-,-,-,-,-,5,NEU,91-93,3/4,Normal,84,63,-,-,-,24,14,20,23,1,3,5,45,-,-,-,-,-,-,-,-,45,-,-,-,-,-,-,-,-,55,54,67,50,,,0,0,0,0,0,0,0,0,0,0,0,0,0,0,0,0,0,0.0,0.00,0,-0.0,0.0,0.00,0,0,0.0,0.0,24,24,7,9,0,0,0,127.1,570,508,95,31,0,17,86,79,50,0,114,7,0,5,5,1,0,13,0,0,0,1.04,2310,131,118,12,3,-2.4,1.0,-0.5,4.05,24,24,18,11,6,1,2,0,1.20,-0.3,1.200,15,3,127.1,0,0,10,7,5,4,0,0,0,0,0,0,-1.8,0.0
SP,Dolf Luque,Dolf,Luque,Long Island Sounders,5' 7',160 lbs,R,R,100,Cincinnati Reds,CIN,1923,1921-1945,BBR,85679,Perfect,June Gems - Baseball Reference 3  SP Dolf Luque  CIN  1923,0,N,0,17,45,35,50,28,19,37,32,53,25,17,48,37,49,30,70,8,Normal,Spray,Spray,119,81,125,133,116,68,132,140,121,90,119,128,100,118,125,98,-,90,-,-,-,-,-,-,5,NEU,90-92,OTT,Normal,100,56,-,-,-,29,23,24,22,4,9,3,59,-,-,-,-,-,-,-,-,59,-,-,-,-,-,-,-,-,36,59,44,20,,,0,0,0,0,0,0,0,0,0,0,0,0,0,0,0,0,0,0.0,0.00,0,-0.0,0.0,0.00,0,0,0.0,0.0,31,31,10,13,0,0,0,176.0,772,673,110,42,4,15,98,95,86,0,147,5,1,7,7,1,0,17,0,0,0,1.05,3024,176,183,14,3,-1.1,2.1,1.5,4.47,31,31,33,16,13,4,0,0,1.48,-1.1,.919,17,3,176.0,0,0,10,8,10,8,0,0,0,0,0,0,-1.5,0.0
SP,Dolf Luque,Dolf,Luque,Milwaukee Braves,5' 7',160 lbs,R,R,100,Cincinnati Reds,CIN,1923,1921-1945,BBR,85679,Perfect,June Gems - Baseball Reference 3  SP Dolf Luque  CIN  1923,0,N,0,17,45,35,50,28,19,37,32,53,25,17,48,37,49,30,70,8,Normal,Spray,Spray,119,81,125,133,116,68,132,140,121,90,119,128,100,118,125,98,-,90,-,-,-,-,-,-,5,NEU,90-92,OTT,Normal,100,56,-,-,-,29,23,24,22,4,9,3,59,-,-,-,-,-,-,-,-,59,-,-,-,-,-,-,-,-,36,59,44,20,,,0,0,0,0,0,0,0,0,0,0,0,0,0,0,0,0,0,0.0,0.00,0,-0.0,0.0,0.00,0,0,0.0,0.0,37,0,3,1,0,6,2,67.1,301,263,53,12,2,5,35,34,30,0,58,7,0,1,3,0,0,7,11,40,12,0.68,1248,68,63,2,4,0.4,0.3,0.2,4.29,37,0,11,4,6,1,0,0,1.34,1.2,1.091,6,4,67.1,0,0,6,4,2,2,0,0,0,0,0,0,-0.3,0.0
SP,Dolf Luque,Dolf,Luque,Svendborg Sailors,5' 7',160 lbs,R,R,100,Cincinnati Reds,CIN,1923,1921-1945,BBR,85679,Perfect,June Gems - Baseball Reference 3  SP Dolf Luque  CIN  1923,0,N,0,17,45,35,50,28,19,37,32,53,25,17,48,37,49,30,70,8,Normal,Spray,Spray,119,81,125,133,116,68,132,140,121,90,119,128,100,118,125,98,-,90,-,-,-,-,-,-,5,NEU,90-92,OTT,Normal,100,56,-,-,-,29,23,24,22,4,9,3,59,-,-,-,-,-,-,-,-,59,-,-,-,-,-,-,-,-,36,59,44,20,,,0,0,0,0,0,0,0,0,0,0,0,0,0,0,0,0,0,0.0,0.00,0,-0.0,0.0,0.00,0,0,0.0,0.0,56,0,2,2,9,18,5,84.1,357,327,56,17,1,8,30,30,27,0,73,0,0,3,2,0,0,5,14,34,11,0.89,1458,85,87,5,1,1.2,0.8,1.7,3.86,56,0,17,9,8,0,1,0,1.81,-0.1,.955,6,1,84.1,0,0,8,7,2,2,1,1,0,0,0,0,0.1,0.0
SP,Dolf Luque,Dolf,Luque,Littleton CO Mountaineers,5' 7',160 lbs,R,R,100,Cincinnati Reds,CIN,1923,1921-1945,BBR,85679,Perfect,June Gems - Baseball Reference 3  SP Dolf Luque  CIN  1923,0,N,0,17,45,35,50,28,19,37,32,53,25,17,48,37,49,30,70,8,Normal,Spray,Spray,119,81,125,133,116,68,132,140,121,90,119,128,100,118,125,98,-,90,-,-,-,-,-,-,5,NEU,90-92,OTT,Normal,100,56,-,-,-,29,23,24,22,4,9,3,59,-,-,-,-,-,-,-,-,59,-,-,-,-,-,-,-,-,36,59,44,20,,,0,0,0,0,0,0,0,0,0,0,0,0,0,0,0,0,0,0.0,0.00,0,-0.0,0.0,0.00,0,0,0.0,0.0,25,21,6,9,0,1,0,118.1,532,452,87,18,2,15,71,66,67,0,101,5,2,6,7,2,0,13,0,2,1,0.97,2184,119,114,21,5,-1.7,0.7,1.1,4.63,25,21,22,8,14,0,1,0,1.67,-1.9,.982,26,5,118.1,0,0,9,5,3,2,3,2,0,0,0,0,-0.9,0.0
SP,Dolf Luque,Dolf,Luque,Buffalo Bisons,5' 7',160 lbs,R,R,100,Cincinnati Reds,CIN,1923,1921-1945,BBR,85679,Perfect,June Gems - Baseball Reference 3  SP Dolf Luque  CIN  1923,0,N,0,17,45,35,50,28,19,37,32,53,25,17,48,37,49,30,70,8,Normal,Spray,Spray,119,81,125,133,116,68,132,140,121,90,119,128,100,118,125,98,-,90,-,-,-,-,-,-,5,NEU,90-92,OTT,Normal,100,56,-,-,-,29,23,24,22,4,9,3,59,-,-,-,-,-,-,-,-,59,-,-,-,-,-,-,-,-,36,59,44,20,,,0,0,0,0,0,0,0,0,0,0,0,0,0,0,0,0,0,0.0,0.00,0,-0.0,0.0,0.00,0,0,0.0,0.0,47,0,4,2,6,6,8,73.2,319,285,48,11,3,7,47,44,31,0,67,2,1,0,4,1,0,5,19,33,5,0.97,1322,65,80,8,2,-1.1,0.5,-0.4,4.02,46,0,14,8,5,1,2,0,1.59,-0.2,.935,10,2,73.2,0,0,4,3,2,2,2,2,0,0,0,0,-0.1,0.0
SP,Dolf Luque,Dolf,Luque,Orange Jackrabbits,5' 7',160 lbs,R,R,100,Cincinnati Reds,CIN,1923,1921-1945,BBR,85679,Perfect,June Gems - Baseball Reference 3  SP Dolf Luque  CIN  1923,0,N,0,17,45,35,50,28,19,37,32,53,25,17,48,37,49,30,70,8,Normal,Spray,Spray,119,81,125,133,116,68,132,140,121,90,119,128,100,118,125,98,-,90,-,-,-,-,-,-,5,NEU,90-92,OTT,Normal,100,56,-,-,-,29,23,24,22,4,9,3,59,-,-,-,-,-,-,-,-,59,-,-,-,-,-,-,-,-,36,59,44,20,,,0,0,0,0,0,0,0,0,0,0,0,0,0,0,0,0,0,0.0,0.00,0,-0.0,0.0,0.00,0,0,0.0,0.0,19,0,0,1,0,0,2,35.2,157,136,24,3,0,4,19,15,15,0,26,5,0,1,2,0,0,3,8,16,5,0.55,632,40,38,2,0,-0.3,-0.2,0.1,4.63,19,0,10,6,3,1,0,0,2.27,-0.4,.935,2,0,35.2,0,0,6,5,2,1,0,0,0,0,0,0,-0.1,0.0
SP,Dolf Luque,Dolf,Luque,Atlantic City Surf - GH,5' 7',160 lbs,R,R,100,Cincinnati Reds,CIN,1923,1921-1945,BBR,85679,Perfect,June Gems - Baseball Reference 3  SP Dolf Luque  CIN  1923,0,N,0,17,45,35,50,28,19,37,32,53,25,17,48,37,49,30,70,8,Normal,Spray,Spray,119,81,125,133,116,68,132,140,121,90,119,128,100,118,125,98,-,90,-,-,-,-,-,-,5,NEU,90-92,OTT,Normal,100,56,-,-,-,29,23,24,22,4,9,3,59,-,-,-,-,-,-,-,-,59,-,-,-,-,-,-,-,-,36,59,44,20,,,0,0,0,0,0,0,0,0,0,0,0,0,0,0,0,0,0,0.0,0.00,0,-0.0,0.0,0.00,0,0,0.0,0.0,56,0,3,8,2,7,14,74.1,350,301,70,11,2,9,60,58,41,2,75,4,1,3,2,1,0,7,28,25,12,1.14,1449,59,76,6,3,-4.7,-0.2,-2.2,4.19,56,0,12,5,6,1,0,0,1.33,0.2,.909,9,3,74.1,0,0,5,5,2,1,0,0,0,0,0,0,-0.1,0.0
SP,Ted Lyons,Ted,Lyons,Littleton CO Mountaineers,5' 11',200 lbs,S,R,100,Chicago White Sox,CHW,1939,1921-1945,,83903,Perfect,Veteran Presence  SP Ted Lyons  CWS  1939,0,N,0,36,48,4,45,25,45,37,2,50,27,33,52,5,44,25,65,32,Normal,Normal,Normal,75,138,94,112,76,140,122,102,74,137,71,116,77,98,62,-,-,-,-,-,-,-,-,120,4,FB,89-91,3/4,Normal,106,47,-,-,-,25,25,26,27,5,2,4,59,-,-,-,-,-,-,-,-,59,-,-,-,-,-,-,-,-,10,4,6,15,,,0,0,0,0,0,0,0,0,0,0,0,0,0,0,0,0,0,0.0,0.00,0,-0.0,0.0,0.00,0,0,0.0,0.0,1,1,0,1,0,0,0,2.2,16,15,2,3,1,2,6,6,1,0,2,0,0,0,0,0,0,0,0,0,0,0.70,64,2,3,1,1,-0.4,-0.2,-0.3,4.89,1,1,2,1,1,0,0,0,6.75,0.2,.000,2,1,2.2,0,0,0,0,0,0,0,0,0,0,0,0,-0.1,0.0
SP,Greg Maddux,Greg,Maddux,Pulaski Pils,6' 0',170 lbs,R,R,100,Chicago Cubs,CHC,1992,1980-1992,,84092,Perfect,Hardware Heroes  SP Greg Maddux  CHC  1992,0,N,0,21,36,17,27,47,12,39,11,30,44,24,35,19,26,48,54,24,Normal,Pull,Pull,88,94,102,124,85,82,65,121,90,106,134,127,85,-,84,82,101,-,99,-,107,-,-,-,6,EX GB,92-94,OTT,GB'er,99,102,-,-,-,35,36,37,41,1,6,4,80,-,-,-,-,-,-,-,-,80,-,-,-,-,-,-,-,-,26,4,11,29,,,0,0,0,0,0,0,0,0,0,0,0,0,0,0,0,0,0,0.0,0.00,0,-0.0,0.0,0.00,0,0,0.0,0.0,38,0,1,0,1,5,4,71.1,326,283,54,15,2,9,51,48,38,0,42,1,0,4,4,3,0,8,11,31,5,0.71,1281,89,72,1,0,0.2,-0.9,-1.3,5.37,38,0,16,9,7,0,1,0,2.02,0.5,1.091,1,0,71.1,0,0,6,6,2,1,1,1,0,0,0,0,0.0,0.0
SP,Greg Maddux,Greg,Maddux,Paramus Fisher Cats,6' 0',170 lbs,R,R,100,Chicago Cubs,CHC,1992,1980-1992,,84092,Perfect,Hardware Heroes  SP Greg Maddux  CHC  1992,0,N,0,21,36,17,27,47,12,39,11,30,44,24,35,19,26,48,54,24,Normal,Pull,Pull,88,94,102,124,85,82,65,121,90,106,134,127,85,-,84,82,101,-,99,-,107,-,-,-,6,EX GB,92-94,OTT,GB'er,99,102,-,-,-,35,36,37,41,1,6,4,80,-,-,-,-,-,-,-,-,80,-,-,-,-,-,-,-,-,26,4,11,29,,,0,0,0,0,0,0,0,0,0,0,0,0,0,0,0,0,0,0.0,0.00,0,-0.0,0.0,0.00,0,0,0.0,0.0,34,0,1,0,1,4,4,70.1,323,292,61,17,2,9,43,40,24,0,50,4,0,3,1,0,0,6,9,18,7,0.55,1232,84,70,2,0,-0.0,-0.2,-0.4,4.53,34,0,10,5,5,0,0,0,1.28,0.1,1.091,2,0,70.1,0,0,6,5,1,1,0,0,0,0,0,0,-0.7,0.0
SP,Pedro Martinez,Pedro,Martinez,Littleton CO Mountaineers,5' 11',170 lbs,R,R,100,New York Mets,NYM,2005,2005-2014,CS,84702,Perfect,Clubhouse - April Fools' Day  SP Pedro Martinez  NYM  2005,0,N,0,3,12,2,15,9,6,20,2,18,8,3,10,2,14,10,51,55,Normal,Normal,Normal,121,96,120,112,117,84,118,113,125,110,122,111,86,-,105,87,-,-,95,-,156,-,-,-,5,FB,88-90,3/4,Normal,92,54,-,-,-,25,19,22,23,2,7,5,51,-,-,-,-,-,-,-,-,51,-,-,-,-,-,-,-,-,5,5,6,5,,,0,0,0,0,0,0,0,0,0,0,0,0,0,0,0,0,0,0.0,0.00,0,-0.0,0.0,0.00,0,0,0.0,0.0,24,24,5,7,0,0,0,132.0,575,522,94,32,3,15,76,71,42,0,117,7,1,3,6,0,0,9,0,0,0,1.00,2316,138,122,10,6,-1.8,2.2,1.6,3.84,24,24,36,24,12,0,1,0,2.45,2.0,1.091,16,6,132.0,0,0,21,19,5,5,2,1,0,0,0,0,-1.9,0.0
SP,Pedro Martinez,Pedro,Martinez,Joe Buck Yourself,5' 11',170 lbs,R,R,100,New York Mets,NYM,2005,2005-2014,CS,84702,Perfect,Clubhouse - April Fools' Day  SP Pedro Martinez  NYM  2005,0,N,0,3,12,2,15,9,6,20,2,18,8,3,10,2,14,10,51,55,Normal,Normal,Normal,121,96,120,112,117,84,118,113,125,110,122,111,86,-,105,87,-,-,95,-,156,-,-,-,5,FB,88-90,3/4,Normal,92,54,-,-,-,25,19,22,23,2,7,5,51,-,-,-,-,-,-,-,-,51,-,-,-,-,-,-,-,-,5,5,6,5,,,0,0,0,0,0,0,0,0,0,0,0,0,0,0,0,0,0,0.0,0.00,0,-0.0,0.0,0.00,0,0,0.0,0.0,37,0,2,1,3,7,3,71.2,309,280,47,24,0,6,43,39,27,0,62,1,0,1,2,0,0,11,5,31,10,0.66,1234,75,63,7,2,0.5,0.6,-0.3,4.04,37,0,12,9,3,0,0,0,1.51,0.3,1.091,9,2,71.2,0,0,4,4,3,2,2,2,0,0,0,0,-0.7,0.0
SP,Pedro Martinez,Pedro,Martinez,Great Lakes Man-of-War-HOTL,5' 11',170 lbs,R,R,100,New York Mets,NYM,2005,2005-2014,CS,84702,Perfect,Clubhouse - April Fools' Day  SP Pedro Martinez  NYM  2005,0,N,0,3,12,2,15,9,6,20,2,18,8,3,10,2,14,10,51,55,Normal,Normal,Normal,121,96,120,112,117,84,118,113,125,110,122,111,86,-,105,87,-,-,95,-,156,-,-,-,5,FB,88-90,3/4,Normal,92,54,-,-,-,25,19,22,23,2,7,5,51,-,-,-,-,-,-,-,-,51,-,-,-,-,-,-,-,-,5,5,6,5,,,0,0,0,0,0,0,0,0,0,0,0,0,0,0,0,0,0,0.0,0.00,0,-0.0,0.0,0.00,0,0,0.0,0.0,29,0,3,5,0,11,7,33.2,166,144,42,3,2,6,23,23,17,0,26,1,1,3,2,0,0,4,24,14,5,2.24,634,33,34,0,0,-0.4,-0.7,-0.7,4.85,29,0,6,3,3,0,0,0,1.60,-0.2,1.091,0,0,33.2,0,0,2,1,2,1,0,0,0,0,0,0,0.0,0.0
SP,Pedro Martinez,Pedro,Martinez,Long Island Sounders,5' 11',170 lbs,R,R,100,New York Mets,NYM,2005,2005-2014,CS,84702,Perfect,Clubhouse - April Fools' Day  SP Pedro Martinez  NYM  2005,0,N,0,3,12,2,15,9,6,20,2,18,8,3,10,2,14,10,51,55,Normal,Normal,Normal,121,96,120,112,117,84,118,113,125,110,122,111,86,-,105,87,-,-,95,-,156,-,-,-,5,FB,88-90,3/4,Normal,92,54,-,-,-,25,19,22,23,2,7,5,51,-,-,-,-,-,-,-,-,51,-,-,-,-,-,-,-,-,5,5,6,5,,,0,0,0,0,0,0,0,0,0,0,0,0,0,0,0,0,0,0.0,0.00,0,-0.0,0.0,0.00,0,0,0.0,0.0,4,4,1,1,0,0,0,19.2,88,79,12,1,2,6,16,16,9,0,16,0,0,0,1,0,0,1,0,0,0,0.91,358,22,20,1,0,-0.7,-0.3,-0.3,4.47,4,4,4,1,3,0,0,0,1.83,0.0,1.091,1,0,19.2,0,0,3,3,0,0,0,0,0,0,0,0,0.0,0.0
SP,Pedro Martinez,Pedro,Martinez,Real Intered Workers,5' 11',170 lbs,R,R,100,New York Mets,NYM,2005,2005-2014,CS,84702,Perfect,Clubhouse - April Fools' Day  SP Pedro Martinez  NYM  2005,0,N,0,3,12,2,15,9,6,20,2,18,8,3,10,2,14,10,51,55,Normal,Normal,Normal,121,96,120,112,117,84,118,113,125,110,122,111,86,-,105,87,-,-,95,-,156,-,-,-,5,FB,88-90,3/4,Normal,92,54,-,-,-,25,19,22,23,2,7,5,51,-,-,-,-,-,-,-,-,51,-,-,-,-,-,-,-,-,5,5,6,5,,,0,0,0,0,0,0,0,0,0,0,0,0,0,0,0,0,0,0.0,0.00,0,-0.0,0.0,0.00,0,0,0.0,0.0,34,27,11,8,1,1,0,183.0,768,693,101,34,3,20,79,66,58,0,146,10,3,4,5,0,0,14,2,8,1,1.03,3014,168,217,15,3,1.3,2.4,4.0,4.05,34,27,23,10,13,0,1,0,1.13,-1.3,1.000,18,3,183.0,0,0,14,11,0,0,0,0,0,0,0,0,-1.4,0.0
SP,Pedro Martinez,Pedro,Martinez,Alhambra Moors - HotL TTC,5' 11',170 lbs,R,R,100,New York Mets,NYM,2005,2005-2014,CS,84702,Perfect,Clubhouse - April Fools' Day  SP Pedro Martinez  NYM  2005,0,N,0,3,12,2,15,9,6,20,2,18,8,3,10,2,14,10,51,55,Normal,Normal,Normal,121,96,120,112,117,84,118,113,125,110,122,111,86,-,105,87,-,-,95,-,156,-,-,-,5,FB,88-90,3/4,Normal,92,54,-,-,-,25,19,22,23,2,7,5,51,-,-,-,-,-,-,-,-,51,-,-,-,-,-,-,-,-,5,5,6,5,,,0,0,0,0,0,0,0,0,0,0,0,0,0,0,0,0,0,0.0,0.00,0,-0.0,0.0,0.00,0,0,0.0,0.0,33,33,6,17,0,0,0,185.0,824,722,123,36,5,27,119,107,86,0,135,4,6,6,7,2,0,15,0,0,0,1.02,3258,193,199,14,2,-3.1,0.6,0.5,4.77,33,33,40,20,19,1,3,0,1.90,-0.4,1.091,16,2,185.0,0,0,18,16,4,4,1,0,0,0,0,0,-3.0,0.0
SP,Jon Matlack,Jon,Matlack,St. Louis Honkers,6' 3',205 lbs,L,L,100,New York Mets,NYM,1974,1961-1979,,84081,Perfect,Historical All-Star  SP Jon Matlack  NYM  1974,0,N,0,44,20,1,90,1,61,31,1,81,1,38,16,1,93,2,62,25,Normal,Normal,Normal,94,83,95,122,110,99,151,137,90,78,76,119,78,131,110,-,-,-,-,-,-,-,-,-,3,NEU,89-91,3/4,Normal,77,99,-,-,-,31,24,26,23,3,5,2,64,-,-,-,-,-,-,-,-,64,-,-,-,-,-,-,-,-,16,5,6,28,,,0,0,0,0,0,0,0,0,0,0,0,0,0,0,0,0,0,0.0,0.00,0,-0.0,0.0,0.00,0,0,0.0,0.0,31,31,7,13,0,0,0,167.2,783,682,141,47,3,21,129,122,80,0,124,8,4,9,12,2,0,14,0,0,0,1.05,3090,169,182,4,3,-4.6,0.8,-1.5,4.83,31,31,31,18,11,2,0,0,1.56,0.3,.861,7,3,167.2,0,0,15,13,3,2,1,1,0,0,0,0,-1.4,0.0
SP,Daisuke Matsuzaka,Daisuke,Matsuzaka,Fortuna Lifters,6' 0',205 lbs,R,R,100,Boston Red Sox,BOS,2006,2005-2014,WBC,84210,Perfect,World Baseball Classic  SP Daisuke Matsuzaka  JPN  2006,0,N,0,1,3,1,3,1,1,3,1,3,1,1,3,1,3,1,22,14,Normal,Normal,Normal,112,92,128,104,121,90,125,91,105,95,130,114,105,-,-,84,107,128,95,-,-,91,-,-,6,FB,94-96,OTT,Normal,105,61,-,-,-,35,20,26,23,9,1,9,65,-,-,-,-,-,-,-,-,65,-,-,-,-,-,-,-,-,8,4,6,12,,,0,0,0,0,0,0,0,0,0,0,0,0,0,0,0,0,0,0.0,0.00,0,-0.0,0.0,0.00,0,0,0.0,0.0,78,0,2,10,20,32,25,116.2,510,457,79,26,4,16,71,63,41,1,86,4,2,6,4,1,0,9,17,24,10,1.37,1956,124,123,9,5,-2.7,-0.3,-0.7,4.42,78,0,28,13,13,2,0,0,2.01,-0.0,.887,14,5,116.2,0,0,15,13,4,2,0,0,0,0,0,0,-0.8,0.0
SP,Daisuke Matsuzaka,Daisuke,Matsuzaka,Manchester Camels,6' 0',205 lbs,R,R,100,Boston Red Sox,BOS,2006,2005-2014,WBC,84210,Perfect,World Baseball Classic  SP Daisuke Matsuzaka  JPN  2006,0,N,0,1,3,1,3,1,1,3,1,3,1,1,3,1,3,1,22,14,Normal,Normal,Normal,112,92,128,104,121,90,125,91,105,95,130,114,105,-,-,84,107,128,95,-,-,91,-,-,6,FB,94-96,OTT,Normal,105,61,-,-,-,35,20,26,23,9,1,9,65,-,-,-,-,-,-,-,-,65,-,-,-,-,-,-,-,-,8,4,6,12,,,0,0,0,0,0,0,0,0,0,0,0,0,0,0,0,0,0,0.0,0.00,0,-0.0,0.0,0.00,0,0,0.0,0.0,36,0,0,2,3,4,6,64.0,287,260,53,16,3,10,45,45,24,0,49,1,0,2,3,1,0,10,15,25,11,0.65,1094,66,63,3,3,-1.2,-0.3,-0.9,4.42,36,0,11,7,4,0,1,0,1.55,1.0,1.091,6,3,64.0,0,0,6,6,3,2,0,0,0,0,0,0,-0.8,0.0
SP,Daisuke Matsuzaka,Daisuke,Matsuzaka,Paramus Fisher Cats,6' 0',205 lbs,R,R,100,Boston Red Sox,BOS,2006,2005-2014,WBC,84210,Perfect,World Baseball Classic  SP Daisuke Matsuzaka  JPN  2006,0,N,0,1,3,1,3,1,1,3,1,3,1,1,3,1,3,1,22,14,Normal,Normal,Normal,112,92,128,104,121,90,125,91,105,95,130,114,105,-,-,84,107,128,95,-,-,91,-,-,6,FB,94-96,OTT,Normal,105,61,-,-,-,35,20,26,23,9,1,9,65,-,-,-,-,-,-,-,-,65,-,-,-,-,-,-,-,-,8,4,6,12,,,0,0,0,0,0,0,0,0,0,0,0,0,0,0,0,0,0,0.0,0.00,0,-0.0,0.0,0.00,0,0,0.0,0.0,48,0,1,1,6,10,10,66.0,284,253,44,10,2,8,33,31,24,0,60,4,0,3,5,1,0,3,15,24,12,0.80,1131,51,78,6,3,0.4,0.2,0.4,3.82,47,0,10,2,6,2,0,0,1.09,-0.1,.727,9,3,66.0,0,0,4,3,0,0,0,0,0,0,0,0,-0.4,0.0
SP,Daisuke Matsuzaka,Daisuke,Matsuzaka,Alhambra Moors - HotL TTC,6' 0',205 lbs,R,R,100,Boston Red Sox,BOS,2006,2005-2014,WBC,84210,Perfect,World Baseball Classic  SP Daisuke Matsuzaka  JPN  2006,0,N,0,1,3,1,3,1,1,3,1,3,1,1,3,1,3,1,22,14,Normal,Normal,Normal,112,92,128,104,121,90,125,91,105,95,130,114,105,-,-,84,107,128,95,-,-,91,-,-,6,FB,94-96,OTT,Normal,105,61,-,-,-,35,20,26,23,9,1,9,65,-,-,-,-,-,-,-,-,65,-,-,-,-,-,-,-,-,8,4,6,12,,,0,0,0,0,0,0,0,0,0,0,0,0,0,0,0,0,0,0.0,0.00,0,-0.0,0.0,0.00,0,0,0.0,0.0,32,26,5,13,0,0,0,166.2,722,640,103,32,3,25,96,85,66,0,134,7,5,4,6,2,0,12,5,4,0,0.93,2827,175,170,15,5,-2.3,0.8,1.3,4.30,32,26,34,16,16,2,2,0,1.73,-0.4,.909,20,5,166.2,0,0,17,15,4,3,1,1,0,0,0,0,-1.5,0.0
SP,Sam McDowell,Sam,McDowell,Littleton CO Mountaineers,6' 5',220 lbs,L,L,100,Cleveland,CLE,1968,1961-1979,BBR,85328,Perfect,Baseball Reference 2  SP Sam McDowell  CLE  1968,0,N,0,23,18,4,43,20,25,14,2,31,19,23,20,5,47,21,64,25,Normal,Pull,Pull,135,74,120,117,152,90,124,135,130,68,119,115,109,109,136,99,-,-,-,-,-,-,-,-,4,FB,90-92,OTT,Normal,94,79,-,-,-,29,13,22,24,10,8,10,50,-,-,-,-,-,-,-,-,50,-,-,-,-,-,-,-,-,5,5,6,5,,,0,0,0,0,0,0,0,0,0,0,0,0,0,0,0,0,0,0.0,0.00,0,-0.0,0.0,0.00,0,0,0.0,0.0,23,23,9,4,0,0,0,125.0,543,475,82,14,2,16,69,67,57,0,131,2,1,8,4,0,0,7,0,0,0,1.07,2227,105,125,9,2,-0.9,1.9,1.8,3.68,23,23,17,9,7,1,0,0,1.15,-0.8,.970,11,2,125.0,0,0,7,6,4,2,2,1,0,0,0,0,-1.5,0.0
SP,Sam McDowell,Sam,McDowell,Joe Buck Yourself,6' 5',220 lbs,L,L,100,Cleveland,CLE,1968,1961-1979,BBR,85328,Perfect,Baseball Reference 2  SP Sam McDowell  CLE  1968,0,N,0,23,18,4,43,20,25,14,2,31,19,23,20,5,47,21,64,25,Normal,Pull,Pull,135,74,120,117,152,90,124,135,130,68,119,115,109,109,136,99,-,-,-,-,-,-,-,-,4,FB,90-92,OTT,Normal,94,79,-,-,-,29,13,22,24,10,8,10,50,-,-,-,-,-,-,-,-,50,-,-,-,-,-,-,-,-,5,5,6,5,,,0,0,0,0,0,0,0,0,0,0,0,0,0,0,0,0,0,0.0,0.00,0,-0.0,0.0,0.00,0,0,0.0,0.0,19,11,5,4,2,2,0,63.1,294,253,45,11,3,12,46,43,37,0,43,1,2,1,3,0,0,5,3,3,1,0.89,1228,62,74,7,2,-1.2,-0.6,-0.5,5.29,19,11,15,11,4,0,0,0,2.13,-0.3,1.000,9,2,63.1,0,0,9,7,4,3,1,1,0,0,0,0,-0.5,0.0
SP,Sam McDowell,Sam,McDowell,Buffalo Bisons,6' 5',220 lbs,L,L,100,Cleveland,CLE,1968,1961-1979,BBR,85328,Perfect,Baseball Reference 2  SP Sam McDowell  CLE  1968,0,N,0,23,18,4,43,20,25,14,2,31,19,23,20,5,47,21,64,25,Normal,Pull,Pull,135,74,120,117,152,90,124,135,130,68,119,115,109,109,136,99,-,-,-,-,-,-,-,-,4,FB,90-92,OTT,Normal,94,79,-,-,-,29,13,22,24,10,8,10,50,-,-,-,-,-,-,-,-,50,-,-,-,-,-,-,-,-,5,5,6,5,,,0,0,0,0,0,0,0,0,0,0,0,0,0,0,0,0,0,0.0,0.00,0,-0.0,0.0,0.00,0,0,0.0,0.0,32,32,11,14,0,0,0,182.0,818,713,124,44,2,23,104,101,90,0,160,7,2,6,8,0,0,13,0,0,0,1.05,3274,181,176,5,5,-2.1,1.6,1.9,4.37,32,32,40,19,21,0,1,0,1.98,2.5,1.149,10,5,182.0,0,0,18,16,5,4,0,0,1,1,0,0,-1.4,0.0
SP,Sam McDowell,Sam,McDowell,Ware Wolves,6' 5',220 lbs,L,L,100,Cleveland,CLE,1968,1961-1979,BBR,85328,Perfect,Baseball Reference 2  SP Sam McDowell  CLE  1968,0,N,0,23,18,4,43,20,25,14,2,31,19,23,20,5,47,21,64,25,Normal,Pull,Pull,135,74,120,117,152,90,124,135,130,68,119,115,109,109,136,99,-,-,-,-,-,-,-,-,4,FB,90-92,OTT,Normal,94,79,-,-,-,29,13,22,24,10,8,10,50,-,-,-,-,-,-,-,-,50,-,-,-,-,-,-,-,-,5,5,6,5,,,0,0,0,0,0,0,0,0,0,0,0,0,0,0,0,0,0,0.0,0.00,0,-0.0,0.0,0.00,0,0,0.0,0.0,42,0,5,2,7,8,11,57.1,268,235,46,19,2,8,48,48,26,0,52,3,1,3,4,0,0,5,11,23,9,0.97,1106,53,58,5,3,-1.2,-0.2,-1.4,4.25,41,0,8,4,4,0,0,0,1.26,0.5,1.091,8,3,57.1,0,0,4,3,1,1,1,1,0,0,0,0,-0.3,0.0
SP,Sam McDowell,Sam,McDowell,Paramus Fisher Cats,6' 5',220 lbs,L,L,100,Cleveland,CLE,1968,1961-1979,BBR,85328,Perfect,Baseball Reference 2  SP Sam McDowell  CLE  1968,0,N,0,23,18,4,43,20,25,14,2,31,19,23,20,5,47,21,64,25,Normal,Pull,Pull,135,74,120,117,152,90,124,135,130,68,119,115,109,109,136,99,-,-,-,-,-,-,-,-,4,FB,90-92,OTT,Normal,94,79,-,-,-,29,13,22,24,10,8,10,50,-,-,-,-,-,-,-,-,50,-,-,-,-,-,-,-,-,5,5,6,5,,,0,0,0,0,0,0,0,0,0,0,0,0,0,0,0,0,0,0.0,0.00,0,-0.0,0.0,0.00,0,0,0.0,0.0,23,23,13,7,0,0,0,143.0,607,526,88,14,5,13,58,52,70,0,113,2,3,6,8,0,0,15,0,0,0,1.04,2416,146,146,4,5,0.9,1.7,3.7,4.57,23,23,21,11,10,0,1,0,1.32,1.5,1.091,9,5,143.0,0,0,7,6,3,2,0,0,0,0,0,0,-1.2,0.0
SP,Sam McDowell,Sam,McDowell,Dungeon Meshi Marcille,6' 5',220 lbs,L,L,100,Cleveland,CLE,1968,1961-1979,BBR,85328,Perfect,Baseball Reference 2  SP Sam McDowell  CLE  1968,0,N,0,23,18,4,43,20,25,14,2,31,19,23,20,5,47,21,64,25,Normal,Pull,Pull,135,74,120,117,152,90,124,135,130,68,119,115,109,109,136,99,-,-,-,-,-,-,-,-,4,FB,90-92,OTT,Normal,94,79,-,-,-,29,13,22,24,10,8,10,50,-,-,-,-,-,-,-,-,50,-,-,-,-,-,-,-,-,5,5,6,5,,,0,0,0,0,0,0,0,0,0,0,0,0,0,0,0,0,0,0.0,0.00,0,-0.0,0.0,0.00,0,0,0.0,0.0,46,0,2,1,6,10,7,59.1,267,232,35,15,0,7,27,25,31,0,51,2,0,2,2,0,0,6,12,42,12,0.82,1083,70,51,3,0,-0.1,-0.1,0.7,4.50,45,0,12,6,5,1,1,0,1.67,-0.4,.935,3,0,59.1,0,0,6,5,1,1,0,0,0,0,0,0,0.0,0.0
SP,Cannonball Morris,Cannonball,Morris,Chicago Dogs,5' 7',165 lbs,S,L,102,Pittsburgh Alleghenys,PIT,1886,2026,LE,86573,Perfect,Limited Edition/39  SP Cannonball Morris  PT1  1886,0,N,0,16,119,63,50,75,16,121,64,51,77,16,119,63,50,75,71,51,Line Drive,Normal,Normal,129,141,132,136,127,148,127,143,129,139,133,134,115,123,144,-,-,-,-,-,-,-,-,-,3,NEU,91-93,3/4,Normal,120,61,-,-,-,25,27,26,27,10,3,7,61,-,-,-,-,-,-,-,-,61,-,-,-,-,-,-,-,-,76,76,91,91,,,0,0,0,0,0,0,0,0,0,0,0,0,0,0,0,0,0,0.0,0.00,0,-0.0,0.0,0.00,0,0,0.0,0.0,32,32,16,13,0,0,0,214.0,891,820,139,40,4,25,95,90,55,0,194,4,5,7,5,0,0,16,0,0,0,1.00,3448,199,218,9,6,0.2,3.5,3.9,3.51,32,32,26,16,9,1,0,0,1.05,-1.2,.764,15,6,214.0,0,0,23,16,2,1,1,1,0,0,0,0,-0.9,0.0
SP,Cannonball Morris,Cannonball,Morris,Marshall M.I.C.E.,5' 7',165 lbs,S,L,102,Pittsburgh Alleghenys,PIT,1886,2026,LE,86573,Perfect,Limited Edition/39  SP Cannonball Morris  PT1  1886,0,N,0,16,119,63,50,75,16,121,64,51,77,16,119,63,50,75,71,51,Line Drive,Normal,Normal,129,141,132,136,127,148,127,143,129,139,133,134,115,123,144,-,-,-,-,-,-,-,-,-,3,NEU,91-93,3/4,Normal,120,61,-,-,-,25,27,26,27,10,3,7,61,-,-,-,-,-,-,-,-,61,-,-,-,-,-,-,-,-,76,76,91,91,,,0,0,0,0,0,0,0,0,0,0,0,0,0,0,0,0,0,0.0,0.00,0,-0.0,0.0,0.00,0,0,0.0,0.0,34,34,19,11,0,0,0,249.2,1021,942,144,49,6,17,86,78,60,0,216,10,2,7,9,0,0,16,0,0,0,1.04,4094,253,255,13,3,4.6,6.5,8.6,3.57,34,34,33,18,12,3,0,0,1.08,-1.6,.919,16,3,249.2,0,0,19,15,6,3,2,1,0,0,0,0,-1.4,0.0
SP,Phil Niekro,Phil,Niekro,Joe Buck Yourself,6' 1',180 lbs,R,R,100,Atlanta Braves,ATL,1978,1961-1979,CS,85728,Perfect,Clubhouse - SwitchKnucklers - Hall of Fame  SP Phil Niekro  ATL  1978,0,N,0,80,50,14,37,46,88,41,8,26,69,77,53,17,41,35,31,2,Groundball,Normal,Normal,128,94,119,120,121,92,124,131,134,97,116,117,75,-,-,78,-,-,-,-,-,-,-,172,3,FB,86-88,3/4,Normal,99,57,-,-,-,35,41,38,39,9,6,5,83,-,-,-,-,-,-,-,-,83,-,-,-,-,-,-,-,-,5,5,6,5,,,0,0,0,0,0,0,0,0,0,0,0,0,0,0,0,0,0,0.0,0.00,0,-0.0,0.0,0.00,0,0,0.0,0.0,10,10,3,7,0,0,0,48.2,236,202,41,7,2,11,44,39,27,0,45,3,0,4,0,1,0,4,0,0,0,1.02,890,50,47,5,0,-1.5,-0.4,-1.0,4.49,10,10,7,4,3,0,0,0,1.29,-0.8,1.091,5,0,48.2,0,0,5,3,1,1,0,0,0,0,0,0,-0.5,0.0
SP,Phil Niekro,Phil,Niekro,Meaty Oakers,6' 1',180 lbs,R,R,100,Atlanta Braves,ATL,1978,1961-1979,CS,85728,Perfect,Clubhouse - SwitchKnucklers - Hall of Fame  SP Phil Niekro  ATL  1978,0,N,0,80,50,14,37,46,88,41,8,26,69,77,53,17,41,35,31,2,Groundball,Normal,Normal,128,94,119,120,121,92,124,131,134,97,116,117,75,-,-,78,-,-,-,-,-,-,-,172,3,FB,86-88,3/4,Normal,99,57,-,-,-,35,41,38,39,9,6,5,83,-,-,-,-,-,-,-,-,83,-,-,-,-,-,-,-,-,5,5,6,5,,,0,0,0,0,0,0,0,0,0,0,0,0,0,0,0,0,0,0.0,0.00,0,-0.0,0.0,0.00,0,0,0.0,0.0,35,35,18,9,0,0,0,216.0,925,828,152,34,2,25,113,103,78,0,170,8,1,10,8,0,0,16,0,0,0,1.05,3672,220,223,8,8,-1.2,2.5,2.9,4.25,35,35,32,18,14,0,0,0,1.33,2.5,1.091,16,8,216.0,0,0,17,16,3,2,0,0,0,0,0,0,-1.5,0.0
SP,Phil Niekro,Phil,Niekro,Great Lakes Man-of-War-HOTL,6' 1',180 lbs,R,R,100,Atlanta Braves,ATL,1978,1961-1979,CS,85728,Perfect,Clubhouse - SwitchKnucklers - Hall of Fame  SP Phil Niekro  ATL  1978,0,N,0,80,50,14,37,46,88,41,8,26,69,77,53,17,41,35,31,2,Groundball,Normal,Normal,128,94,119,120,121,92,124,131,134,97,116,117,75,-,-,78,-,-,-,-,-,-,-,172,3,FB,86-88,3/4,Normal,99,57,-,-,-,35,41,38,39,9,6,5,83,-,-,-,-,-,-,-,-,83,-,-,-,-,-,-,-,-,5,5,6,5,,,0,0,0,0,0,0,0,0,0,0,0,0,0,0,0,0,0,0.0,0.00,0,-0.0,0.0,0.00,0,0,0.0,0.0,33,33,11,12,0,0,0,196.1,875,777,152,41,4,19,124,117,79,0,164,4,3,11,13,0,1,13,0,0,0,1.01,3484,188,217,12,5,-3.3,2.8,0.5,4.27,33,33,37,13,24,0,1,0,1.70,1.2,1.247,17,5,196.1,0,0,14,12,6,4,0,0,1,1,0,0,-0.5,0.0
SP,Phil Niekro,Phil,Niekro,Manchester Camels,6' 1',180 lbs,R,R,100,Atlanta Braves,ATL,1978,1961-1979,CS,85728,Perfect,Clubhouse - SwitchKnucklers - Hall of Fame  SP Phil Niekro  ATL  1978,0,N,0,80,50,14,37,46,88,41,8,26,69,77,53,17,41,35,31,2,Groundball,Normal,Normal,128,94,119,120,121,92,124,131,134,97,116,117,75,-,-,78,-,-,-,-,-,-,-,172,3,FB,86-88,3/4,Normal,99,57,-,-,-,35,41,38,39,9,6,5,83,-,-,-,-,-,-,-,-,83,-,-,-,-,-,-,-,-,5,5,6,5,,,0,0,0,0,0,0,0,0,0,0,0,0,0,0,0,0,0,0.0,0.00,0,-0.0,0.0,0.00,0,0,0.0,0.0,33,33,14,12,0,0,0,211.0,896,794,103,49,0,30,105,98,84,0,158,9,3,6,6,2,0,16,0,0,0,1.03,3491,230,224,8,2,-0.7,1.0,3.2,4.46,33,33,38,15,19,4,0,0,1.45,-1.4,.849,10,2,211.0,0,0,16,11,4,3,2,1,0,0,0,0,-1.9,0.0
SP,Phil Niekro,Phil,Niekro,Milwaukee Braves,6' 1',180 lbs,R,R,100,Atlanta Braves,ATL,1978,1961-1979,CS,85728,Perfect,Clubhouse - SwitchKnucklers - Hall of Fame  SP Phil Niekro  ATL  1978,0,N,0,80,50,14,37,46,88,41,8,26,69,77,53,17,41,35,31,2,Groundball,Normal,Normal,128,94,119,120,121,92,124,131,134,97,116,117,75,-,-,78,-,-,-,-,-,-,-,172,3,FB,86-88,3/4,Normal,99,57,-,-,-,35,41,38,39,9,6,5,83,-,-,-,-,-,-,-,-,83,-,-,-,-,-,-,-,-,5,5,6,5,,,0,0,0,0,0,0,0,0,0,0,0,0,0,0,0,0,0,0.0,0.00,0,-0.0,0.0,0.00,0,0,0.0,0.0,33,33,11,14,0,0,0,211.2,899,814,132,36,1,27,107,90,69,0,186,5,6,5,10,0,0,11,0,0,0,1.09,3592,211,217,17,3,-0.8,2.9,3.2,3.84,33,33,34,14,20,0,0,0,1.45,-1.4,1.013,20,3,211.2,0,0,13,12,5,3,2,0,0,0,0,0,-0.7,0.0
SP,Phil Niekro,Phil,Niekro,Chicago Dogs,6' 1',180 lbs,R,R,100,Atlanta Braves,ATL,1978,1961-1979,CS,85728,Perfect,Clubhouse - SwitchKnucklers - Hall of Fame  SP Phil Niekro  ATL  1978,0,N,0,80,50,14,37,46,88,41,8,26,69,77,53,17,41,35,31,2,Groundball,Normal,Normal,128,94,119,120,121,92,124,131,134,97,116,117,75,-,-,78,-,-,-,-,-,-,-,172,3,FB,86-88,3/4,Normal,99,57,-,-,-,35,41,38,39,9,6,5,83,-,-,-,-,-,-,-,-,83,-,-,-,-,-,-,-,-,5,5,6,5,,,0,0,0,0,0,0,0,0,0,0,0,0,0,0,0,0,0,0.0,0.00,0,-0.0,0.0,0.00,0,0,0.0,0.0,44,0,2,0,3,11,3,88.2,369,318,49,16,3,5,28,27,40,0,66,5,1,5,5,0,0,11,22,41,12,0.69,1466,99,85,3,2,1.1,0.3,2.0,4.58,44,0,13,7,6,0,0,0,1.32,0.7,1.091,5,2,88.2,0,0,6,6,1,1,1,0,0,0,0,0,-0.5,0.0
SP,Phil Niekro,Phil,Niekro,Ware Wolves,6' 1',180 lbs,R,R,100,Atlanta Braves,ATL,1978,1961-1979,CS,85728,Perfect,Clubhouse - SwitchKnucklers - Hall of Fame  SP Phil Niekro  ATL  1978,0,N,0,80,50,14,37,46,88,41,8,26,69,77,53,17,41,35,31,2,Groundball,Normal,Normal,128,94,119,120,121,92,124,131,134,97,116,117,75,-,-,78,-,-,-,-,-,-,-,172,3,FB,86-88,3/4,Normal,99,57,-,-,-,35,41,38,39,9,6,5,83,-,-,-,-,-,-,-,-,83,-,-,-,-,-,-,-,-,5,5,6,5,,,0,0,0,0,0,0,0,0,0,0,0,0,0,0,0,0,0,0.0,0.00,0,-0.0,0.0,0.00,0,0,0.0,0.0,33,30,8,9,1,1,1,181.2,807,734,147,37,3,23,105,101,55,0,148,11,5,2,7,2,0,20,1,0,0,1.05,3149,207,162,10,4,-1.6,2.2,1.7,4.07,32,30,34,19,15,0,0,0,1.68,0.3,1.037,14,4,181.2,0,0,16,15,8,5,1,0,0,0,0,0,-1.4,0.0
SP,Phil Niekro,Phil,Niekro,Orange Jackrabbits,6' 1',180 lbs,R,R,100,Atlanta Braves,ATL,1978,1961-1979,CS,85728,Perfect,Clubhouse - SwitchKnucklers - Hall of Fame  SP Phil Niekro  ATL  1978,0,N,0,80,50,14,37,46,88,41,8,26,69,77,53,17,41,35,31,2,Groundball,Normal,Normal,128,94,119,120,121,92,124,131,134,97,116,117,75,-,-,78,-,-,-,-,-,-,-,172,3,FB,86-88,3/4,Normal,99,57,-,-,-,35,41,38,39,9,6,5,83,-,-,-,-,-,-,-,-,83,-,-,-,-,-,-,-,-,5,5,6,5,,,0,0,0,0,0,0,0,0,0,0,0,0,0,0,0,0,0,0.0,0.00,0,-0.0,0.0,0.00,0,0,0.0,0.0,30,11,2,7,0,0,3,107.2,480,425,83,26,2,10,65,63,42,0,84,7,2,4,6,3,0,12,10,15,5,0.77,1840,102,119,6,5,-1.3,0.9,0.1,4.42,30,11,12,4,8,0,0,0,1.00,1.0,1.091,11,5,107.2,0,0,5,5,1,0,0,0,0,0,0,0,0.1,0.0
SP,Phil Niekro,Phil,Niekro,Tavistock Baseballersons,6' 1',180 lbs,R,R,100,Atlanta Braves,ATL,1978,1961-1979,CS,85728,Perfect,Clubhouse - SwitchKnucklers - Hall of Fame  SP Phil Niekro  ATL  1978,0,N,0,80,50,14,37,46,88,41,8,26,69,77,53,17,41,35,31,2,Groundball,Normal,Normal,128,94,119,120,121,92,124,131,134,97,116,117,75,-,-,78,-,-,-,-,-,-,-,172,3,FB,86-88,3/4,Normal,99,57,-,-,-,35,41,38,39,9,6,5,83,-,-,-,-,-,-,-,-,83,-,-,-,-,-,-,-,-,5,5,6,5,,,0,0,0,0,0,0,0,0,0,0,0,0,0,0,0,0,0,0.0,0.00,0,-0.0,0.0,0.00,0,0,0.0,0.0,35,35,16,11,0,0,0,224.0,959,859,146,41,8,27,109,103,84,0,197,11,0,4,13,1,1,15,0,0,0,0.94,3762,211,229,12,10,-0.6,2.7,3.8,3.98,35,35,42,28,14,0,1,0,1.69,3.6,1.135,22,10,224.0,0,0,17,15,12,10,2,2,0,0,0,0,-1.4,0.0
SP,Phil Niekro,Phil,Niekro,Kumamoto Ozeki TBD,6' 1',180 lbs,R,R,100,Atlanta Braves,ATL,1978,1961-1979,CS,85728,Perfect,Clubhouse - SwitchKnucklers - Hall of Fame  SP Phil Niekro  ATL  1978,0,N,0,80,50,14,37,46,88,41,8,26,69,77,53,17,41,35,31,2,Groundball,Normal,Normal,128,94,119,120,121,92,124,131,134,97,116,117,75,-,-,78,-,-,-,-,-,-,-,172,3,FB,86-88,3/4,Normal,99,57,-,-,-,35,41,38,39,9,6,5,83,-,-,-,-,-,-,-,-,83,-,-,-,-,-,-,-,-,5,5,6,5,,,0,0,0,0,0,0,0,0,0,0,0,0,0,0,0,0,0,0.0,0.00,0,-0.0,0.0,0.00,0,0,0.0,0.0,35,35,22,8,0,0,0,233.1,971,877,138,37,3,21,86,82,78,0,216,4,4,8,3,0,0,9,0,0,0,1.03,3838,216,250,17,5,2.5,4.8,7.0,3.66,35,35,45,22,21,2,1,0,1.66,0.6,1.091,22,5,233.1,0,0,13,12,7,6,2,2,0,0,0,0,-0.4,0.0
SP,Phil Niekro,Phil,Niekro,Dungeon Meshi Marcille,6' 1',180 lbs,R,R,100,Atlanta Braves,ATL,1978,1961-1979,CS,85728,Perfect,Clubhouse - SwitchKnucklers - Hall of Fame  SP Phil Niekro  ATL  1978,0,N,0,80,50,14,37,46,88,41,8,26,69,77,53,17,41,35,31,2,Groundball,Normal,Normal,128,94,119,120,121,92,124,131,134,97,116,117,75,-,-,78,-,-,-,-,-,-,-,172,3,FB,86-88,3/4,Normal,99,57,-,-,-,35,41,38,39,9,6,5,83,-,-,-,-,-,-,-,-,83,-,-,-,-,-,-,-,-,5,5,6,5,,,0,0,0,0,0,0,0,0,0,0,0,0,0,0,0,0,0,0.0,0.00,0,-0.0,0.0,0.00,0,0,0.0,0.0,31,31,11,9,0,0,0,199.2,877,786,149,44,4,22,104,98,73,0,152,7,1,10,10,0,0,18,0,0,0,1.02,3327,219,200,16,7,-2.0,2.4,2.9,4.37,31,31,33,16,14,3,0,0,1.35,0.5,1.027,23,7,199.2,0,0,14,12,6,4,0,0,1,1,0,0,-0.5,0.0
SP,Hideo Nomo,Hideo,Nomo,Chicago Dogs,6' 2',210 lbs,R,R,100,Los Angeles Dodgers,LAD,1995,1993-2004,LE,85645,Perfect,Limited Edition/28  SP Hideo Nomo  LAD  1995,0,N,0,7,16,2,16,10,10,26,3,18,7,7,13,2,16,11,55,4,Normal,Normal,Normal,134,72,140,116,137,77,127,108,131,69,150,124,120,-,121,96,-,-,-,133,96,-,-,-,5,FB,94-96,3/4,Normal,90,38,-,-,-,26,25,24,23,6,5,4,58,-,-,-,-,-,-,-,-,58,-,-,-,-,-,-,-,-,5,4,6,5,,,0,0,0,0,0,0,0,0,0,0,0,0,0,0,0,0,0,0.0,0.00,0,-0.0,0.0,0.00,0,0,0.0,0.0,33,33,11,12,0,0,0,197.1,877,762,134,41,6,18,112,110,100,0,162,4,4,7,11,2,0,13,0,0,0,1.05,3587,189,216,11,4,-2.9,1.8,1.0,4.58,33,33,34,19,14,1,0,0,1.51,0.3,1.034,15,4,197.1,0,0,16,14,6,4,1,1,0,0,0,0,-1.6,0.0
SP,Juan Padron,Juan,Padron,Memphis Redbirds,6' 0',185 lbs,L,L,100,Chicago American Giants,CAG,1925,1921-1945,,84562,Perfect,Negro League Star  SP Juan Padron  CAG  1925,0,N,0,20,42,66,45,38,20,42,65,45,37,21,43,67,46,39,35,11,Normal,Pull,Pull,85,108,117,111,87,112,119,107,84,107,116,112,-,92,109,81,93,103,-,-,-,-,-,-,5,NEU,89-91,3/4,Normal,79,60,1,1,1,29,23,26,25,53,59,65,61,-,-,-,-,-,-,-,56,61,-,-,-,-,-,-,-,56,16,5,6,28,,,0,0,0,0,0,0,0,0,0,0,0,0,0,0,0,0,0,0.0,0.00,0,-0.0,0.0,0.00,0,0,0.0,0.0,43,0,2,3,1,7,9,68.1,314,286,62,15,5,9,46,42,20,0,45,4,0,4,1,0,0,8,17,23,7,0.74,1267,86,62,5,1,-0.8,-0.2,-0.8,4.58,43,0,12,8,4,0,0,0,1.58,-0.1,1.091,6,1,68.1,0,0,7,7,4,2,0,0,0,0,0,0,-1.1,0.0
SP,Satchel Paige,Satchel,Paige,Long Island Sounders,6' 3',180 lbs,R,R,100,Kansas City Monarchs,KCM,1944,1921-1945,CS,84844,Perfect,Clubhouse - Negro League Star  SP Satchel Paige  KCM  1944,0,N,0,57,71,1,37,46,57,77,1,52,43,57,69,1,33,47,51,26,Normal,Spray,Normal,125,95,115,118,119,99,112,117,130,93,117,118,103,92,122,109,-,-,-,103,-,120,120,-,7,NEU,94-96,3/4,Normal,96,63,1,1,1,29,32,29,25,5,10,2,71,-,56,-,-,-,-,-,-,71,-,56,-,-,-,-,-,-,43,4,11,29,,,0,0,0,0,0,0,0,0,0,0,0,0,0,0,0,0,0,0.0,0.00,0,-0.0,0.0,0.00,0,0,0.0,0.0,30,30,6,13,0,0,0,156.2,724,647,141,38,1,12,91,82,60,0,140,7,2,8,9,1,0,5,0,0,0,1.06,2871,166,150,8,5,-1.9,2.9,1.0,4.09,30,30,33,14,18,1,1,0,1.84,0.8,1.018,13,5,156.2,0,0,11,10,8,5,0,0,0,0,0,0,-1.5,0.0
SP,Satchel Paige,Satchel,Paige,Memphis Redbirds,6' 3',180 lbs,R,R,100,Kansas City Monarchs,KCM,1944,1921-1945,CS,84844,Perfect,Clubhouse - Negro League Star  SP Satchel Paige  KCM  1944,0,N,0,57,71,1,37,46,57,77,1,52,43,57,69,1,33,47,51,26,Normal,Spray,Normal,125,95,115,118,119,99,112,117,130,93,117,118,103,92,122,109,-,-,-,103,-,120,120,-,7,NEU,94-96,3/4,Normal,96,63,1,1,1,29,32,29,25,5,10,2,71,-,56,-,-,-,-,-,-,71,-,56,-,-,-,-,-,-,43,4,11,29,,,0,0,0,0,0,0,0,0,0,0,0,0,0,0,0,0,0,0.0,0.00,0,-0.0,0.0,0.00,0,0,0.0,0.0,33,33,16,13,0,0,0,193.2,857,767,135,42,3,20,126,109,70,0,139,8,3,8,15,0,1,15,0,0,0,1.03,3313,209,210,11,2,-2.4,2.2,0.2,4.53,33,33,39,21,14,4,3,0,1.63,-0.8,1.034,13,2,193.2,0,0,15,13,10,5,3,2,0,0,0,0,-3.0,0.0
SP,Satchel Paige,Satchel,Paige,Littleton CO Mountaineers,6' 3',180 lbs,R,R,100,Kansas City Monarchs,KCM,1944,1921-1945,CS,84844,Perfect,Clubhouse - Negro League Star  SP Satchel Paige  KCM  1944,0,N,0,57,71,1,37,46,57,77,1,52,43,57,69,1,33,47,51,26,Normal,Spray,Normal,125,95,115,118,119,99,112,117,130,93,117,118,103,92,122,109,-,-,-,103,-,120,120,-,7,NEU,94-96,3/4,Normal,96,63,1,1,1,29,32,29,25,5,10,2,71,-,56,-,-,-,-,-,-,71,-,56,-,-,-,-,-,-,43,4,11,29,,,0,0,0,0,0,0,0,0,0,0,0,0,0,0,0,0,0,0.0,0.00,0,-0.0,0.0,0.00,0,0,0.0,0.0,18,3,1,2,1,3,5,36.2,174,151,28,3,2,8,29,24,21,0,21,1,0,1,1,1,0,3,2,18,9,0.94,648,49,35,3,2,-0.9,-0.7,-0.5,5.53,18,3,8,3,4,1,1,0,1.72,-0.2,.818,5,2,36.2,0,0,4,3,1,0,0,0,0,0,0,0,-0.4,0.0
SP,Satchel Paige,Satchel,Paige,Joe Buck Yourself,6' 3',180 lbs,R,R,100,Kansas City Monarchs,KCM,1944,1921-1945,CS,84844,Perfect,Clubhouse - Negro League Star  SP Satchel Paige  KCM  1944,0,N,0,57,71,1,37,46,57,77,1,52,43,57,69,1,33,47,51,26,Normal,Spray,Normal,125,95,115,118,119,99,112,117,130,93,117,118,103,92,122,109,-,-,-,103,-,120,120,-,7,NEU,94-96,3/4,Normal,96,63,1,1,1,29,32,29,25,5,10,2,71,-,56,-,-,-,-,-,-,71,-,56,-,-,-,-,-,-,43,4,11,29,,,0,0,0,0,0,0,0,0,0,0,0,0,0,0,0,0,0,0.0,0.00,0,-0.0,0.0,0.00,0,0,0.0,0.0,19,19,6,8,0,0,0,117.0,495,430,80,20,0,4,59,59,47,0,81,8,2,8,3,1,0,7,0,0,0,1.12,1972,123,131,8,3,-0.1,2.3,1.8,4.67,19,19,29,15,13,1,0,0,2.15,-0.8,.963,11,3,117.0,0,0,17,12,6,4,0,0,0,0,0,0,-0.8,0.0
SP,Satchel Paige,Satchel,Paige,Meaty Oakers,6' 3',180 lbs,R,R,100,Kansas City Monarchs,KCM,1944,1921-1945,CS,84844,Perfect,Clubhouse - Negro League Star  SP Satchel Paige  KCM  1944,0,N,0,57,71,1,37,46,57,77,1,52,43,57,69,1,33,47,51,26,Normal,Spray,Normal,125,95,115,118,119,99,112,117,130,93,117,118,103,92,122,109,-,-,-,103,-,120,120,-,7,NEU,94-96,3/4,Normal,96,63,1,1,1,29,32,29,25,5,10,2,71,-,56,-,-,-,-,-,-,71,-,56,-,-,-,-,-,-,43,4,11,29,,,0,0,0,0,0,0,0,0,0,0,0,0,0,0,0,0,0,0.0,0.00,0,-0.0,0.0,0.00,0,0,0.0,0.0,25,25,7,11,0,0,0,150.1,659,584,97,35,2,18,83,74,66,0,123,6,1,2,7,1,0,12,0,0,0,1.01,2630,144,161,7,5,-1.9,1.3,1.6,4.39,25,25,24,16,7,1,1,0,1.38,0.4,1.091,12,5,150.1,0,0,17,13,3,1,1,0,0,0,0,0,-1.2,0.0
SP,Satchel Paige,Satchel,Paige,Washington Bishops,6' 3',180 lbs,R,R,100,Kansas City Monarchs,KCM,1944,1921-1945,CS,84844,Perfect,Clubhouse - Negro League Star  SP Satchel Paige  KCM  1944,0,N,0,57,71,1,37,46,57,77,1,52,43,57,69,1,33,47,51,26,Normal,Spray,Normal,125,95,115,118,119,99,112,117,130,93,117,118,103,92,122,109,-,-,-,103,-,120,120,-,7,NEU,94-96,3/4,Normal,96,63,1,1,1,29,32,29,25,5,10,2,71,-,56,-,-,-,-,-,-,71,-,56,-,-,-,-,-,-,43,4,11,29,,,0,0,0,0,0,0,0,0,0,0,0,0,0,0,0,0,0,0.0,0.00,0,-0.0,0.0,0.00,0,0,0.0,0.0,53,0,5,4,3,10,11,76.1,336,295,47,15,2,15,52,48,30,1,53,6,2,2,6,0,1,7,26,33,10,0.92,1321,93,70,6,2,-1.6,-1.1,-0.9,4.66,52,0,18,8,9,1,0,0,2.00,-0.8,.779,8,2,76.1,0,0,9,7,2,1,0,0,0,0,0,0,-0.1,0.0
SP,Satchel Paige,Satchel,Paige,Krakow Hussars,6' 3',180 lbs,R,R,100,Kansas City Monarchs,KCM,1944,1921-1945,CS,84844,Perfect,Clubhouse - Negro League Star  SP Satchel Paige  KCM  1944,0,N,0,57,71,1,37,46,57,77,1,52,43,57,69,1,33,47,51,26,Normal,Spray,Normal,125,95,115,118,119,99,112,117,130,93,117,118,103,92,122,109,-,-,-,103,-,120,120,-,7,NEU,94-96,3/4,Normal,96,63,1,1,1,29,32,29,25,5,10,2,71,-,56,-,-,-,-,-,-,71,-,56,-,-,-,-,-,-,43,4,11,29,,,0,0,0,0,0,0,0,0,0,0,0,0,0,0,0,0,0,0.0,0.00,0,-0.0,0.0,0.00,0,0,0.0,0.0,33,33,7,16,0,0,0,188.0,852,733,132,33,5,26,112,109,96,0,167,12,3,8,9,2,0,17,0,0,0,0.99,3345,176,198,19,2,-3.6,1.0,1.5,4.41,33,33,24,14,8,2,0,0,1.05,-2.7,.873,21,2,188.0,0,0,12,10,3,2,1,0,0,0,0,0,-0.4,0.0
SP,Satchel Paige,Satchel,Paige,Fortuna Lifters,6' 3',180 lbs,R,R,100,Kansas City Monarchs,KCM,1944,1921-1945,CS,84844,Perfect,Clubhouse - Negro League Star  SP Satchel Paige  KCM  1944,0,N,0,57,71,1,37,46,57,77,1,52,43,57,69,1,33,47,51,26,Normal,Spray,Normal,125,95,115,118,119,99,112,117,130,93,117,118,103,92,122,109,-,-,-,103,-,120,120,-,7,NEU,94-96,3/4,Normal,96,63,1,1,1,29,32,29,25,5,10,2,71,-,56,-,-,-,-,-,-,71,-,56,-,-,-,-,-,-,43,4,11,29,,,0,0,0,0,0,0,0,0,0,0,0,0,0,0,0,0,0,0.0,0.00,0,-0.0,0.0,0.00,0,0,0.0,0.0,36,36,15,8,0,0,0,217.0,939,841,147,47,2,16,93,88,83,0,177,3,4,8,8,0,0,14,0,0,0,1.13,3609,235,217,10,2,0.8,4.1,5.0,4.22,36,36,43,28,14,1,1,0,1.74,-0.1,1.013,12,2,217.0,0,0,25,22,11,7,1,1,0,0,0,0,-2.0,0.0
SP,Satchel Paige,Satchel,Paige,Great Lakes Man-of-War-HOTL,6' 3',180 lbs,R,R,100,Kansas City Monarchs,KCM,1944,1921-1945,CS,84844,Perfect,Clubhouse - Negro League Star  SP Satchel Paige  KCM  1944,0,N,0,57,71,1,37,46,57,77,1,52,43,57,69,1,33,47,51,26,Normal,Spray,Normal,125,95,115,118,119,99,112,117,130,93,117,118,103,92,122,109,-,-,-,103,-,120,120,-,7,NEU,94-96,3/4,Normal,96,63,1,1,1,29,32,29,25,5,10,2,71,-,56,-,-,-,-,-,-,71,-,56,-,-,-,-,-,-,43,4,11,29,,,0,0,0,0,0,0,0,0,0,0,0,0,0,0,0,0,0,0.0,0.00,0,-0.0,0.0,0.00,0,0,0.0,0.0,33,33,11,13,0,0,0,202.0,867,769,132,34,5,25,101,91,78,0,150,6,5,9,9,1,0,20,0,0,0,1.02,3491,214,215,13,4,-1.3,1.7,3.1,4.46,33,33,35,18,17,0,1,0,1.56,-0.2,1.159,17,4,202.0,0,0,19,16,7,3,0,0,0,0,0,0,-0.1,0.0
SP,Satchel Paige,Satchel,Paige,Salt Lake Bees,6' 3',180 lbs,R,R,100,Kansas City Monarchs,KCM,1944,1921-1945,CS,84844,Perfect,Clubhouse - Negro League Star  SP Satchel Paige  KCM  1944,0,N,0,57,71,1,37,46,57,77,1,52,43,57,69,1,33,47,51,26,Normal,Spray,Normal,125,95,115,118,119,99,112,117,130,93,117,118,103,92,122,109,-,-,-,103,-,120,120,-,7,NEU,94-96,3/4,Normal,96,63,1,1,1,29,32,29,25,5,10,2,71,-,56,-,-,-,-,-,-,71,-,56,-,-,-,-,-,-,43,4,11,29,,,0,0,0,0,0,0,0,0,0,0,0,0,0,0,0,0,0,0.0,0.00,0,-0.0,0.0,0.00,0,0,0.0,0.0,59,0,7,5,5,14,12,89.2,389,347,53,21,2,16,48,45,36,1,82,1,3,2,1,0,0,8,25,47,15,0.95,1536,103,73,4,2,-1.8,-0.5,0.2,3.99,58,0,18,9,9,0,0,0,1.81,0.3,1.091,6,2,89.2,0,0,8,7,4,2,0,0,0,0,0,0,-0.7,0.0
SP,Satchel Paige,Satchel,Paige,Manchester Camels,6' 3',180 lbs,R,R,100,Kansas City Monarchs,KCM,1944,1921-1945,CS,84844,Perfect,Clubhouse - Negro League Star  SP Satchel Paige  KCM  1944,0,N,0,57,71,1,37,46,57,77,1,52,43,57,69,1,33,47,51,26,Normal,Spray,Normal,125,95,115,118,119,99,112,117,130,93,117,118,103,92,122,109,-,-,-,103,-,120,120,-,7,NEU,94-96,3/4,Normal,96,63,1,1,1,29,32,29,25,5,10,2,71,-,56,-,-,-,-,-,-,71,-,56,-,-,-,-,-,-,43,4,11,29,,,0,0,0,0,0,0,0,0,0,0,0,0,0,0,0,0,0,0.0,0.00,0,-0.0,0.0,0.00,0,0,0.0,0.0,32,32,14,10,0,0,0,192.1,850,745,135,41,4,20,104,97,81,0,157,8,6,10,6,0,0,16,0,0,0,1.10,3440,189,209,10,4,-1.8,2.2,2.1,4.37,32,32,31,18,12,1,1,0,1.40,1.4,1.091,14,4,192.1,0,0,15,15,5,4,1,1,0,0,0,0,-1.4,0.0
SP,Satchel Paige,Satchel,Paige,Milwaukee Braves,6' 3',180 lbs,R,R,100,Kansas City Monarchs,KCM,1944,1921-1945,CS,84844,Perfect,Clubhouse - Negro League Star  SP Satchel Paige  KCM  1944,0,N,0,57,71,1,37,46,57,77,1,52,43,57,69,1,33,47,51,26,Normal,Spray,Normal,125,95,115,118,119,99,112,117,130,93,117,118,103,92,122,109,-,-,-,103,-,120,120,-,7,NEU,94-96,3/4,Normal,96,63,1,1,1,29,32,29,25,5,10,2,71,-,56,-,-,-,-,-,-,71,-,56,-,-,-,-,-,-,43,4,11,29,,,0,0,0,0,0,0,0,0,0,0,0,0,0,0,0,0,0,0.0,0.00,0,-0.0,0.0,0.00,0,0,0.0,0.0,27,0,0,2,2,5,7,48.0,209,190,33,10,3,6,30,29,16,1,51,1,1,1,3,0,0,6,12,21,7,0.86,809,43,44,2,1,-2.1,0.4,-0.3,3.33,27,0,7,4,2,1,0,0,1.12,-0.1,.873,3,1,48.0,0,0,4,3,1,1,0,0,0,0,0,0,-0.7,0.0
SP,Satchel Paige,Satchel,Paige,Real Intered Workers,6' 3',180 lbs,R,R,100,Kansas City Monarchs,KCM,1944,1921-1945,CS,84844,Perfect,Clubhouse - Negro League Star  SP Satchel Paige  KCM  1944,0,N,0,57,71,1,37,46,57,77,1,52,43,57,69,1,33,47,51,26,Normal,Spray,Normal,125,95,115,118,119,99,112,117,130,93,117,118,103,92,122,109,-,-,-,103,-,120,120,-,7,NEU,94-96,3/4,Normal,96,63,1,1,1,29,32,29,25,5,10,2,71,-,56,-,-,-,-,-,-,71,-,56,-,-,-,-,-,-,43,4,11,29,,,0,0,0,0,0,0,0,0,0,0,0,0,0,0,0,0,0,0.0,0.00,0,-0.0,0.0,0.00,0,0,0.0,0.0,42,13,2,5,2,3,3,117.0,523,461,74,26,5,19,78,75,51,0,96,8,3,0,6,0,0,9,13,16,7,0.82,2099,125,115,5,3,-1.3,-0.3,-0.6,4.39,41,13,17,8,8,1,0,0,1.23,0.5,1.091,8,3,117.0,0,0,9,7,1,1,0,0,0,0,0,0,-0.9,0.0
SP,Satchel Paige,Satchel,Paige,Chicago Dogs,6' 3',180 lbs,R,R,100,Kansas City Monarchs,KCM,1944,1921-1945,CS,84844,Perfect,Clubhouse - Negro League Star  SP Satchel Paige  KCM  1944,0,N,0,57,71,1,37,46,57,77,1,52,43,57,69,1,33,47,51,26,Normal,Spray,Normal,125,95,115,118,119,99,112,117,130,93,117,118,103,92,122,109,-,-,-,103,-,120,120,-,7,NEU,94-96,3/4,Normal,96,63,1,1,1,29,32,29,25,5,10,2,71,-,56,-,-,-,-,-,-,71,-,56,-,-,-,-,-,-,43,4,11,29,,,0,0,0,0,0,0,0,0,0,0,0,0,0,0,0,0,0,0.0,0.00,0,-0.0,0.0,0.00,0,0,0.0,0.0,32,32,13,15,0,0,0,199.1,879,785,133,52,6,21,120,105,76,0,181,7,1,10,7,0,0,13,0,0,0,0.98,3502,195,200,9,3,-1.9,2.6,0.4,3.96,32,32,32,18,14,0,0,0,1.44,0.6,1.091,12,3,199.1,0,0,17,16,5,3,2,1,0,0,0,0,-0.7,0.0
SP,Satchel Paige,Satchel,Paige,The Black Freighter TBD,6' 3',180 lbs,R,R,100,Kansas City Monarchs,KCM,1944,1921-1945,CS,84844,Perfect,Clubhouse - Negro League Star  SP Satchel Paige  KCM  1944,0,N,0,57,71,1,37,46,57,77,1,52,43,57,69,1,33,47,51,26,Normal,Spray,Normal,125,95,115,118,119,99,112,117,130,93,117,118,103,92,122,109,-,-,-,103,-,120,120,-,7,NEU,94-96,3/4,Normal,96,63,1,1,1,29,32,29,25,5,10,2,71,-,56,-,-,-,-,-,-,71,-,56,-,-,-,-,-,-,43,4,11,29,,,0,0,0,0,0,0,0,0,0,0,0,0,0,0,0,0,0,0.0,0.00,0,-0.0,0.0,0.00,0,0,0.0,0.0,44,0,1,2,0,10,6,73.1,316,280,52,11,3,7,34,30,29,1,58,3,0,4,1,1,0,7,23,33,7,0.88,1277,68,84,4,2,0.1,0.4,0.8,4.34,44,0,10,2,8,0,1,0,1.23,-0.1,1.091,6,2,73.1,0,0,4,3,1,0,0,0,0,0,0,0,0.3,0.0
SP,Satchel Paige,Satchel,Paige,Svendborg Sailors,6' 3',180 lbs,R,R,100,Kansas City Monarchs,KCM,1944,1921-1945,CS,84844,Perfect,Clubhouse - Negro League Star  SP Satchel Paige  KCM  1944,0,N,0,57,71,1,37,46,57,77,1,52,43,57,69,1,33,47,51,26,Normal,Spray,Normal,125,95,115,118,119,99,112,117,130,93,117,118,103,92,122,109,-,-,-,103,-,120,120,-,7,NEU,94-96,3/4,Normal,96,63,1,1,1,29,32,29,25,5,10,2,71,-,56,-,-,-,-,-,-,71,-,56,-,-,-,-,-,-,43,4,11,29,,,0,0,0,0,0,0,0,0,0,0,0,0,0,0,0,0,0,0.0,0.00,0,-0.0,0.0,0.00,0,0,0.0,0.0,35,35,14,11,0,0,0,213.1,927,835,130,55,6,25,112,103,77,0,183,6,3,6,10,1,0,9,0,0,0,0.99,3699,216,222,10,6,-0.5,2.8,2.8,4.04,35,35,42,22,18,2,1,0,1.69,1.4,1.091,16,6,213.1,0,0,18,15,4,3,2,2,0,0,0,0,-0.7,0.0
SP,Satchel Paige,Satchel,Paige,Buffalo Bisons,6' 3',180 lbs,R,R,100,Kansas City Monarchs,KCM,1944,1921-1945,CS,84844,Perfect,Clubhouse - Negro League Star  SP Satchel Paige  KCM  1944,0,N,0,57,71,1,37,46,57,77,1,52,43,57,69,1,33,47,51,26,Normal,Spray,Normal,125,95,115,118,119,99,112,117,130,93,117,118,103,92,122,109,-,-,-,103,-,120,120,-,7,NEU,94-96,3/4,Normal,96,63,1,1,1,29,32,29,25,5,10,2,71,-,56,-,-,-,-,-,-,71,-,56,-,-,-,-,-,-,43,4,11,29,,,0,0,0,0,0,0,0,0,0,0,0,0,0,0,0,0,0,0.0,0.00,0,-0.0,0.0,0.00,0,0,0.0,0.0,47,0,5,1,9,11,9,73.1,303,274,45,10,0,10,33,32,25,0,75,3,0,1,3,0,0,9,18,45,20,0.87,1300,65,68,3,2,-0.0,0.4,0.9,3.35,47,0,11,3,7,1,0,0,1.23,0.1,.727,5,2,73.1,0,0,3,3,1,0,0,0,0,0,0,0,-0.9,0.0
SP,Satchel Paige,Satchel,Paige,El Vampiro Ankle Biters,6' 3',180 lbs,R,R,100,Kansas City Monarchs,KCM,1944,1921-1945,CS,84844,Perfect,Clubhouse - Negro League Star  SP Satchel Paige  KCM  1944,0,N,0,57,71,1,37,46,57,77,1,52,43,57,69,1,33,47,51,26,Normal,Spray,Normal,125,95,115,118,119,99,112,117,130,93,117,118,103,92,122,109,-,-,-,103,-,120,120,-,7,NEU,94-96,3/4,Normal,96,63,1,1,1,29,32,29,25,5,10,2,71,-,56,-,-,-,-,-,-,71,-,56,-,-,-,-,-,-,43,4,11,29,,,0,0,0,0,0,0,0,0,0,0,0,0,0,0,0,0,0,0.0,0.00,0,-0.0,0.0,0.00,0,0,0.0,0.0,31,31,2,7,0,0,0,128.0,548,490,86,23,2,19,74,68,43,0,115,4,6,5,6,1,0,8,0,0,0,0.97,2129,132,120,8,5,-1.7,1.2,0.9,3.81,31,31,23,14,8,1,0,0,1.55,1.1,1.013,13,5,128.0,0,0,11,9,3,3,1,1,1,1,0,0,0.0,0.0
SP,Satchel Paige,Satchel,Paige,Ware Wolves,6' 3',180 lbs,R,R,100,Kansas City Monarchs,KCM,1944,1921-1945,CS,84844,Perfect,Clubhouse - Negro League Star  SP Satchel Paige  KCM  1944,0,N,0,57,71,1,37,46,57,77,1,52,43,57,69,1,33,47,51,26,Normal,Spray,Normal,125,95,115,118,119,99,112,117,130,93,117,118,103,92,122,109,-,-,-,103,-,120,120,-,7,NEU,94-96,3/4,Normal,96,63,1,1,1,29,32,29,25,5,10,2,71,-,56,-,-,-,-,-,-,71,-,56,-,-,-,-,-,-,43,4,11,29,,,0,0,0,0,0,0,0,0,0,0,0,0,0,0,0,0,0,0.0,0.00,0,-0.0,0.0,0.00,0,0,0.0,0.0,33,0,1,1,5,10,2,56.2,236,207,34,9,0,4,22,19,23,0,53,4,0,2,4,0,0,4,11,34,7,0.81,926,55,53,2,1,0.4,0.5,1.0,3.83,33,0,10,5,5,0,0,0,1.59,0.2,1.091,3,1,56.2,0,0,2,2,0,0,0,0,0,0,0,0,-0.7,0.0
SP,Satchel Paige,Satchel,Paige,Tavistock Baseballersons,6' 3',180 lbs,R,R,100,Kansas City Monarchs,KCM,1944,1921-1945,CS,84844,Perfect,Clubhouse - Negro League Star  SP Satchel Paige  KCM  1944,0,N,0,57,71,1,37,46,57,77,1,52,43,57,69,1,33,47,51,26,Normal,Spray,Normal,125,95,115,118,119,99,112,117,130,93,117,118,103,92,122,109,-,-,-,103,-,120,120,-,7,NEU,94-96,3/4,Normal,96,63,1,1,1,29,32,29,25,5,10,2,71,-,56,-,-,-,-,-,-,71,-,56,-,-,-,-,-,-,43,4,11,29,,,0,0,0,0,0,0,0,0,0,0,0,0,0,0,0,0,0,0.0,0.00,0,-0.0,0.0,0.00,0,0,0.0,0.0,34,34,9,16,0,0,0,193.1,867,776,143,38,5,27,141,133,78,0,157,8,2,3,7,3,0,12,0,0,0,1.07,3455,190,210,17,3,-3.5,1.3,-1.1,4.36,34,34,30,12,16,2,2,0,1.30,-1.8,.982,20,3,193.1,0,0,12,9,4,2,0,0,0,0,0,0,-1.1,0.0
SP,Satchel Paige,Satchel,Paige,Pulaski Pils,6' 3',180 lbs,R,R,100,Kansas City Monarchs,KCM,1944,1921-1945,CS,84844,Perfect,Clubhouse - Negro League Star  SP Satchel Paige  KCM  1944,0,N,0,57,71,1,37,46,57,77,1,52,43,57,69,1,33,47,51,26,Normal,Spray,Normal,125,95,115,118,119,99,112,117,130,93,117,118,103,92,122,109,-,-,-,103,-,120,120,-,7,NEU,94-96,3/4,Normal,96,63,1,1,1,29,32,29,25,5,10,2,71,-,56,-,-,-,-,-,-,71,-,56,-,-,-,-,-,-,43,4,11,29,,,0,0,0,0,0,0,0,0,0,0,0,0,0,0,0,0,0,0.0,0.00,0,-0.0,0.0,0.00,0,0,0.0,0.0,33,33,13,13,0,0,0,182.1,787,708,124,38,2,18,103,94,57,0,148,15,3,3,4,2,1,12,0,0,0,1.00,3156,189,186,7,7,-0.3,2.4,1.2,4.05,33,33,43,24,19,0,2,0,2.12,3.2,1.091,14,7,182.1,0,0,18,17,6,5,4,4,0,0,0,0,-0.3,0.0
SP,Satchel Paige,Satchel,Paige,Paramus Fisher Cats,6' 3',180 lbs,R,R,100,Kansas City Monarchs,KCM,1944,1921-1945,CS,84844,Perfect,Clubhouse - Negro League Star  SP Satchel Paige  KCM  1944,0,N,0,57,71,1,37,46,57,77,1,52,43,57,69,1,33,47,51,26,Normal,Spray,Normal,125,95,115,118,119,99,112,117,130,93,117,118,103,92,122,109,-,-,-,103,-,120,120,-,7,NEU,94-96,3/4,Normal,96,63,1,1,1,29,32,29,25,5,10,2,71,-,56,-,-,-,-,-,-,71,-,56,-,-,-,-,-,-,43,4,11,29,,,0,0,0,0,0,0,0,0,0,0,0,0,0,0,0,0,0,0.0,0.00,0,-0.0,0.0,0.00,0,0,0.0,0.0,49,0,2,5,3,7,10,63.1,291,261,50,17,0,13,48,46,26,2,56,3,0,1,3,0,0,9,24,20,4,0.85,1156,58,64,3,0,-1.1,-0.7,-1.2,4.19,48,0,6,4,2,0,0,0,0.85,-0.2,1.091,3,0,63.1,0,0,3,3,1,0,1,1,0,0,0,0,-0.4,0.0
SP,Andrew Painter,Andrew,Painter,Salt Lake Bees,6' 7',215 lbs,R,R,100,Philadelphia Phillies,PHI,2026,2026,,84782,Perfect,Future Legend  SP Andrew Painter  PHI  2026,0,N,0,22,21,13,22,30,22,21,13,22,30,22,21,13,22,30,30,23,Normal,Normal,Normal,118,114,88,113,112,111,86,110,124,117,91,116,113,104,124,126,-,-,-,-,-,-,-,-,4,EX GB,96-98,3/4,GB'er,74,41,3,3,3,22,16,61,9,13,22,34,53,-,-,-,-,-,-,-,-,53,-,46,-,3,-,-,-,-,17,16,14,22,,,0,0,0,0,0,0,0,0,0,0,0,0,0,0,0,0,0,0.0,0.00,0,-0.0,0.0,0.00,0,0,0.0,0.0,11,0,0,1,1,1,5,14.2,68,63,11,7,0,4,14,12,4,0,12,1,0,0,2,0,0,2,2,9,1,1.11,281,15,13,0,0,-0.7,-0.3,-0.6,4.05,11,0,3,2,1,0,0,0,1.84,0.1,1.091,0,0,14.2,0,0,1,1,0,0,0,0,0,0,0,0,0.0,0.0
SP,Andrew Painter,Andrew,Painter,Fortuna Lifters,6' 7',215 lbs,R,R,100,Philadelphia Phillies,PHI,2026,2026,,84782,Perfect,Future Legend  SP Andrew Painter  PHI  2026,0,N,0,22,21,13,22,30,22,21,13,22,30,22,21,13,22,30,30,23,Normal,Normal,Normal,118,114,88,113,112,111,86,110,124,117,91,116,113,104,124,126,-,-,-,-,-,-,-,-,4,EX GB,96-98,3/4,GB'er,74,41,3,3,3,22,16,61,9,13,22,34,53,-,-,-,-,-,-,-,-,53,-,46,-,3,-,-,-,-,17,16,14,22,,,0,0,0,0,0,0,0,0,0,0,0,0,0,0,0,0,0,0.0,0.00,0,-0.0,0.0,0.00,0,0,0.0,0.0,52,0,1,2,3,8,7,75.0,320,293,50,21,6,7,40,37,20,1,57,4,0,3,4,0,0,10,21,42,9,0.67,1256,96,56,4,6,-0.2,0.6,0.2,4.13,52,0,15,6,8,1,2,0,1.68,1.2,.873,10,6,75.0,0,0,6,5,1,0,0,0,0,0,0,0,-0.7,0.0
SP,Andrew Painter,Andrew,Painter,Littleton CO Mountaineers,6' 7',215 lbs,R,R,100,Philadelphia Phillies,PHI,2026,2026,,84782,Perfect,Future Legend  SP Andrew Painter  PHI  2026,0,N,0,22,21,13,22,30,22,21,13,22,30,22,21,13,22,30,30,23,Normal,Normal,Normal,118,114,88,113,112,111,86,110,124,117,91,116,113,104,124,126,-,-,-,-,-,-,-,-,4,EX GB,96-98,3/4,GB'er,74,41,3,3,3,22,16,61,9,13,22,34,53,-,-,-,-,-,-,-,-,53,-,46,-,3,-,-,-,-,17,16,14,22,,,0,0,0,0,0,0,0,0,0,0,0,0,0,0,0,0,0,0.0,0.00,0,-0.0,0.0,0.00,0,0,0.0,0.0,19,0,0,0,0,2,4,24.2,116,105,23,6,2,3,14,14,11,0,22,0,0,0,1,0,0,4,7,10,6,0.90,478,25,23,2,1,-0.1,0.1,0.1,4.28,19,0,3,1,2,0,0,0,1.09,0.2,1.091,3,1,24.2,0,0,0,0,1,1,0,0,0,0,0,0,-0.4,0.0
SP,Andrew Painter,Andrew,Painter,Paramus Fisher Cats,6' 7',215 lbs,R,R,100,Philadelphia Phillies,PHI,2026,2026,,84782,Perfect,Future Legend  SP Andrew Painter  PHI  2026,0,N,0,22,21,13,22,30,22,21,13,22,30,22,21,13,22,30,30,23,Normal,Normal,Normal,118,114,88,113,112,111,86,110,124,117,91,116,113,104,124,126,-,-,-,-,-,-,-,-,4,EX GB,96-98,3/4,GB'er,74,41,3,3,3,22,16,61,9,13,22,34,53,-,-,-,-,-,-,-,-,53,-,46,-,3,-,-,-,-,17,16,14,22,,,0,0,0,0,0,0,0,0,0,0,0,0,0,0,0,0,0,0.0,0.00,0,-0.0,0.0,0.00,0,0,0.0,0.0,36,36,10,14,0,0,0,200.0,868,790,164,34,4,25,121,112,60,0,164,7,4,7,5,1,0,19,0,0,0,1.00,3441,229,172,12,8,-2.9,2.6,1.1,4.01,36,36,40,19,18,3,0,0,1.67,0.5,.935,20,8,200.0,0,0,19,16,9,4,0,0,1,1,0,0,-1.2,0.0
SP,Andrew Painter,Andrew,Painter,Alhambra Moors - HotL TTC,6' 7',215 lbs,R,R,100,Philadelphia Phillies,PHI,2026,2026,,84782,Perfect,Future Legend  SP Andrew Painter  PHI  2026,0,N,0,22,21,13,22,30,22,21,13,22,30,22,21,13,22,30,30,23,Normal,Normal,Normal,118,114,88,113,112,111,86,110,124,117,91,116,113,104,124,126,-,-,-,-,-,-,-,-,4,EX GB,96-98,3/4,GB'er,74,41,3,3,3,22,16,61,9,13,22,34,53,-,-,-,-,-,-,-,-,53,-,46,-,3,-,-,-,-,17,16,14,22,,,0,0,0,0,0,0,0,0,0,0,0,0,0,0,0,0,0,0.0,0.00,0,-0.0,0.0,0.00,0,0,0.0,0.0,32,32,8,14,0,0,0,176.0,771,696,113,46,1,25,102,92,62,0,151,7,4,2,2,0,0,12,0,0,0,1.04,2962,209,149,18,5,-1.9,1.7,1.5,4.05,32,32,45,18,25,2,0,0,2.20,-0.8,.963,23,5,176.0,0,0,12,10,8,5,2,2,0,0,0,0,-2.4,0.0
SP,Milt Pappas,Milt,Pappas,Kansas City Torrent,6' 3',190 lbs,R,R,96,Baltimore Orioles,BAL,1959,1946-1960,CS,86654,Diamond,Clubhouse - Unsung Heroes  SP Milt Pappas  BAL  1959,81 243,N,0,22,36,4,31,17,33,25,3,42,10,18,40,5,27,20,44,3,Normal,Pull,Pull,94,77,134,163,88,62,110,154,100,88,155,171,92,130,-,95,-,-,-,-,-,-,-,-,3,NEU,88-90,3/4,Normal,79,58,-,-,-,25,36,29,27,8,10,7,71,-,-,-,-,-,-,-,-,71,-,-,-,-,-,-,-,-,10,4,6,16,,,0,0,0,0,0,0,0,0,0,0,0,0,0,0,0,0,0,0.0,0.00,0,-0.0,0.0,0.00,0,0,0.0,0.0,56,0,6,0,8,15,12,78.0,344,292,43,18,2,3,31,31,46,0,45,2,0,4,4,2,0,7,18,50,22,1.07,1360,90,92,2,0,0.3,-0.0,1.2,5.59,56,0,16,7,9,0,0,0,1.85,0.1,1.091,2,0,78.0,0,0,8,6,1,1,1,1,0,0,0,0,-0.1,0.0
SP,Camilo Pascual,Camilo,Pascual,Real Intered Workers,5' 11',185 lbs,R,R,100,Washington Senators,MIN,1960,1946-1960,,84087,Perfect,Opening Day Heroes - Historical All-Star  SP Camilo Pascual  WS1  1960,0,N,0,28,70,33,50,98,29,59,33,50,95,28,74,34,51,99,50,22,Normal,Normal,Normal,99,99,115,119,97,84,119,115,102,117,112,123,84,155,78,-,-,-,-,-,-,-,-,-,3,NEU,89-91,3/4,Normal,82,79,-,-,-,34,40,31,19,10,7,2,79,-,-,-,-,-,-,-,-,79,-,-,-,-,-,-,-,-,29,5,6,28,,,0,0,0,0,0,0,0,0,0,0,0,0,0,0,0,0,0,0.0,0.00,0,-0.0,0.0,0.00,0,0,0.0,0.0,23,23,4,12,0,0,0,129.2,579,520,103,34,3,11,79,79,48,0,105,6,2,3,6,0,0,11,0,0,0,1.05,2248,156,111,6,2,-1.8,2.1,0.6,4.27,23,23,25,13,12,0,0,0,1.74,0.9,1.091,8,2,129.2,0,0,8,8,7,6,0,0,0,0,0,0,-1.1,0.0
SP,Camilo Pascual,Camilo,Pascual,Pulaski Pils,5' 11',185 lbs,R,R,100,Washington Senators,MIN,1960,1946-1960,,84087,Perfect,Opening Day Heroes - Historical All-Star  SP Camilo Pascual  WS1  1960,0,N,0,28,70,33,50,98,29,59,33,50,95,28,74,34,51,99,50,22,Normal,Normal,Normal,99,99,115,119,97,84,119,115,102,117,112,123,84,155,78,-,-,-,-,-,-,-,-,-,3,NEU,89-91,3/4,Normal,82,79,-,-,-,34,40,31,19,10,7,2,79,-,-,-,-,-,-,-,-,79,-,-,-,-,-,-,-,-,29,5,6,28,,,0,0,0,0,0,0,0,0,0,0,0,0,0,0,0,0,0,0.0,0.00,0,-0.0,0.0,0.00,0,0,0.0,0.0,32,0,1,1,0,5,2,54.1,234,213,37,10,1,10,28,26,20,0,43,1,0,0,0,0,0,10,14,34,15,0.68,887,59,50,2,0,0.4,-0.6,0.1,4.25,31,0,13,4,8,1,1,0,1.99,-0.3,.873,2,0,54.1,0,0,3,2,2,2,0,0,0,0,0,0,-0.3,0.0
SP,David Price,David,Price,Atlantic City Surf - GH,6' 5',215 lbs,L,L,101,Tampa Bay Rays,TBD,2012,2005-2014,PTCS,86297,Perfect,PTCS 4 - Hardware Heroes  SP David Price  TB  2012,0,N,0,1,3,1,3,1,1,3,1,3,1,1,3,1,4,1,21,1,Normal,Normal,Normal,137,125,131,135,135,148,150,140,137,118,124,133,112,122,-,-,135,-,114,-,-,-,123,-,5,NEU,96-98,3/4,Normal,84,57,-,-,-,30,29,27,23,2,5,2,67,-,-,-,-,-,-,-,-,67,-,-,-,-,-,-,-,-,16,3,6,27,,,0,0,0,0,0,0,0,0,0,0,0,0,0,0,0,0,0,0.0,0.00,0,-0.0,0.0,0.00,0,0,0.0,0.0,37,37,15,11,0,0,0,223.1,936,844,120,53,7,18,98,95,73,0,176,8,4,7,10,1,0,16,0,0,0,0.99,3676,244,223,12,7,0.7,3.7,4.4,4.11,37,37,42,22,15,5,1,0,1.49,0.4,.955,19,7,223.1,0,0,21,18,9,5,0,0,0,0,0,0,-1.9,0.0
SP,CC Sabathia,CC,Sabathia,Alhambra Moors - HotL TTC,6' 6',300 lbs,L,L,101,Milwaukee Brewers,MIL,2008,2005-2014,ME,86350,Perfect,Trade Deadliners - Baseball Reference 6  SP CC Sabathia  MIL  2008,0,N,0,71,66,110,4,60,120,10,10,4,31,48,74,140,4,65,28,1,Normal,Pull,Pull,127,126,127,139,161,111,115,160,116,131,131,131,130,111,-,104,136,-,-,-,-,-,-,-,4,NEU,97-99,3/4,Normal,105,62,-,-,-,27,14,20,20,5,6,4,48,-,-,-,-,-,-,-,-,48,-,-,-,-,-,-,-,-,12,4,6,20,,,0,0,0,0,0,0,0,0,0,0,0,0,0,0,0,0,0,0.0,0.00,0,-0.0,0.0,0.00,0,0,0.0,0.0,5,5,4,0,0,0,0,38.0,148,138,21,6,0,0,6,4,6,0,35,3,0,1,0,0,0,2,0,0,0,1.04,539,37,39,3,0,1.0,1.6,2.3,3.01,5,5,6,2,4,0,0,0,1.42,-0.3,1.091,3,0,38.0,0,0,2,2,0,0,0,0,0,0,0,0,-0.3,0.0
SP,CC Sabathia,CC,Sabathia,Meaty Oakers,6' 6',300 lbs,L,L,101,Milwaukee Brewers,MIL,2008,2005-2014,ME,86350,Perfect,Trade Deadliners - Baseball Reference 6  SP CC Sabathia  MIL  2008,0,N,0,71,66,110,4,60,120,10,10,4,31,48,74,140,4,65,28,1,Normal,Pull,Pull,127,126,127,139,161,111,115,160,116,131,131,131,130,111,-,104,136,-,-,-,-,-,-,-,4,NEU,97-99,3/4,Normal,105,62,-,-,-,27,14,20,20,5,6,4,48,-,-,-,-,-,-,-,-,48,-,-,-,-,-,-,-,-,12,4,6,20,,,0,0,0,0,0,0,0,0,0,0,0,0,0,0,0,0,0,0.0,0.00,0,-0.0,0.0,0.00,0,0,0.0,0.0,36,36,15,10,0,0,0,223.2,941,844,125,37,7,25,103,98,77,0,196,13,1,6,5,0,0,20,0,0,0,1.06,3747,235,209,13,6,-0.4,3.1,4.4,3.87,36,36,47,24,20,3,1,0,1.77,-0.3,.949,19,6,223.2,0,0,24,19,8,5,1,1,0,0,0,0,-1.4,0.0
SP,CC Sabathia,CC,Sabathia,Washington Bishops,6' 6',300 lbs,L,L,101,Milwaukee Brewers,MIL,2008,2005-2014,ME,86350,Perfect,Trade Deadliners - Baseball Reference 6  SP CC Sabathia  MIL  2008,0,N,0,71,66,110,4,60,120,10,10,4,31,48,74,140,4,65,28,1,Normal,Pull,Pull,127,126,127,139,161,111,115,160,116,131,131,131,130,111,-,104,136,-,-,-,-,-,-,-,4,NEU,97-99,3/4,Normal,105,62,-,-,-,27,14,20,20,5,6,4,48,-,-,-,-,-,-,-,-,48,-,-,-,-,-,-,-,-,12,4,6,20,,,0,0,0,0,0,0,0,0,0,0,0,0,0,0,0,0,0,0.0,0.00,0,-0.0,0.0,0.00,0,0,0.0,0.0,33,33,13,11,0,0,0,190.0,794,729,115,31,2,29,89,79,50,0,182,9,3,3,6,1,0,16,0,0,0,0.96,3148,174,189,13,5,0.8,2.5,3.6,3.37,33,33,27,13,13,1,0,0,1.23,-0.1,1.007,18,5,190.0,0,0,13,11,3,2,0,0,0,0,0,0,-1.1,0.0
SP,CC Sabathia,CC,Sabathia,Milwaukee Braves,6' 6',300 lbs,L,L,101,Milwaukee Brewers,MIL,2008,2005-2014,ME,86350,Perfect,Trade Deadliners - Baseball Reference 6  SP CC Sabathia  MIL  2008,0,N,0,71,66,110,4,60,120,10,10,4,31,48,74,140,4,65,28,1,Normal,Pull,Pull,127,126,127,139,161,111,115,160,116,131,131,131,130,111,-,104,136,-,-,-,-,-,-,-,4,NEU,97-99,3/4,Normal,105,62,-,-,-,27,14,20,20,5,6,4,48,-,-,-,-,-,-,-,-,48,-,-,-,-,-,-,-,-,12,4,6,20,,,0,0,0,0,0,0,0,0,0,0,0,0,0,0,0,0,0,0.0,0.00,0,-0.0,0.0,0.00,0,0,0.0,0.0,34,34,12,11,0,0,0,216.0,926,845,157,46,9,19,107,101,60,0,182,8,5,8,10,0,0,18,0,0,0,1.08,3517,220,218,10,5,-0.2,4.4,3.5,3.84,34,34,32,17,14,1,0,0,1.29,0.6,1.031,15,5,216.0,0,0,15,13,8,5,0,0,0,0,0,0,-0.9,0.0
SP,CC Sabathia,CC,Sabathia,Kansas City Torrent,6' 6',300 lbs,L,L,101,Milwaukee Brewers,MIL,2008,2005-2014,ME,86350,Perfect,Trade Deadliners - Baseball Reference 6  SP CC Sabathia  MIL  2008,271 453,N,0,71,66,110,4,60,120,10,10,4,31,48,74,140,4,65,28,1,Normal,Pull,Pull,127,126,127,139,161,111,115,160,116,131,131,131,130,111,-,104,136,-,-,-,-,-,-,-,4,NEU,97-99,3/4,Normal,105,62,-,-,-,27,14,20,20,5,6,4,48,-,-,-,-,-,-,-,-,48,-,-,-,-,-,-,-,-,12,4,6,20,,,0,0,0,0,0,0,0,0,0,0,0,0,0,0,0,0,0,0.0,0.00,0,-0.0,0.0,0.00,0,0,0.0,0.0,35,35,21,6,0,0,0,205.2,889,809,157,40,6,12,98,86,65,0,181,8,3,4,9,0,0,17,0,0,0,1.08,3474,209,197,10,7,0.5,4.9,3.5,3.84,35,35,32,11,21,0,0,0,1.40,0.9,.909,17,7,205.2,0,0,13,12,2,1,2,1,0,0,0,0,-1.1,0.0
SP,CC Sabathia,CC,Sabathia,The Black Freighter TBD,6' 6',300 lbs,L,L,101,Milwaukee Brewers,MIL,2008,2005-2014,ME,86350,Perfect,Trade Deadliners - Baseball Reference 6  SP CC Sabathia  MIL  2008,0,N,0,71,66,110,4,60,120,10,10,4,31,48,74,140,4,65,28,1,Normal,Pull,Pull,127,126,127,139,161,111,115,160,116,131,131,131,130,111,-,104,136,-,-,-,-,-,-,-,4,NEU,97-99,3/4,Normal,105,62,-,-,-,27,14,20,20,5,6,4,48,-,-,-,-,-,-,-,-,48,-,-,-,-,-,-,-,-,12,4,6,20,,,0,0,0,0,0,0,0,0,0,0,0,0,0,0,0,0,0,0.0,0.00,0,-0.0,0.0,0.00,0,0,0.0,0.0,35,35,15,9,0,0,0,232.1,957,881,137,35,3,22,90,82,66,1,220,5,3,2,6,0,0,8,0,0,0,1.06,3757,210,251,9,5,2.7,5.6,7.0,3.42,35,35,32,16,14,2,1,0,1.16,-0.3,.857,14,5,232.1,0,0,15,11,3,2,0,0,0,0,0,0,0.1,0.0
SP,CC Sabathia,CC,Sabathia,Svendborg Sailors,6' 6',300 lbs,L,L,101,Milwaukee Brewers,MIL,2008,2005-2014,ME,86350,Perfect,Trade Deadliners - Baseball Reference 6  SP CC Sabathia  MIL  2008,0,N,0,71,66,110,4,60,120,10,10,4,31,48,74,140,4,65,28,1,Normal,Pull,Pull,127,126,127,139,161,111,115,160,116,131,131,131,130,111,-,104,136,-,-,-,-,-,-,-,4,NEU,97-99,3/4,Normal,105,62,-,-,-,27,14,20,20,5,6,4,48,-,-,-,-,-,-,-,-,48,-,-,-,-,-,-,-,-,12,4,6,20,,,0,0,0,0,0,0,0,0,0,0,0,0,0,0,0,0,0,0.0,0.00,0,-0.0,0.0,0.00,0,0,0.0,0.0,36,36,17,12,0,0,0,240.1,1011,929,178,37,5,26,109,101,62,0,204,10,3,7,9,1,0,20,0,0,0,0.95,3956,256,224,15,5,-0.4,4.3,4.9,3.73,36,36,43,21,19,3,4,0,1.50,0.2,1.091,20,5,240.1,0,0,22,18,6,4,1,1,0,0,0,0,-0.1,0.0
SP,CC Sabathia,CC,Sabathia,El Vampiro Ankle Biters,6' 6',300 lbs,L,L,101,Milwaukee Brewers,MIL,2008,2005-2014,ME,86350,Perfect,Trade Deadliners - Baseball Reference 6  SP CC Sabathia  MIL  2008,0,N,0,71,66,110,4,60,120,10,10,4,31,48,74,140,4,65,28,1,Normal,Pull,Pull,127,126,127,139,161,111,115,160,116,131,131,131,130,111,-,104,136,-,-,-,-,-,-,-,4,NEU,97-99,3/4,Normal,105,62,-,-,-,27,14,20,20,5,6,4,48,-,-,-,-,-,-,-,-,48,-,-,-,-,-,-,-,-,12,4,6,20,,,0,0,0,0,0,0,0,0,0,0,0,0,0,0,0,0,0,0.0,0.00,0,-0.0,0.0,0.00,0,0,0.0,0.0,35,35,14,6,0,0,0,228.0,953,870,156,38,5,16,79,74,66,0,205,8,2,7,9,1,0,12,0,0,0,0.95,3800,224,227,7,6,1.9,5.4,7.2,3.64,35,35,34,19,15,0,0,0,1.34,1.8,1.091,13,6,228.0,0,0,15,13,7,5,0,0,0,0,0,0,0.0,0.0
SP,CC Sabathia,CC,Sabathia,Tavistock Baseballersons,6' 6',300 lbs,L,L,101,Milwaukee Brewers,MIL,2008,2005-2014,ME,86350,Perfect,Trade Deadliners - Baseball Reference 6  SP CC Sabathia  MIL  2008,0,N,0,71,66,110,4,60,120,10,10,4,31,48,74,140,4,65,28,1,Normal,Pull,Pull,127,126,127,139,161,111,115,160,116,131,131,131,130,111,-,104,136,-,-,-,-,-,-,-,4,NEU,97-99,3/4,Normal,105,62,-,-,-,27,14,20,20,5,6,4,48,-,-,-,-,-,-,-,-,48,-,-,-,-,-,-,-,-,12,4,6,20,,,0,0,0,0,0,0,0,0,0,0,0,0,0,0,0,0,0,0.0,0.00,0,-0.0,0.0,0.00,0,0,0.0,0.0,36,36,12,13,0,0,0,211.1,945,878,186,40,6,32,129,123,50,0,181,10,2,5,10,1,0,17,0,0,0,1.02,3742,230,198,15,4,-4.0,2.5,1.0,3.78,36,36,45,29,15,1,0,0,1.87,-1.0,.974,19,4,211.1,0,0,20,17,13,8,3,2,0,0,0,0,-0.7,0.0
SP,CC Sabathia,CC,Sabathia,Paramus Fisher Cats,6' 6',300 lbs,L,L,101,Milwaukee Brewers,MIL,2008,2005-2014,ME,86350,Perfect,Trade Deadliners - Baseball Reference 6  SP CC Sabathia  MIL  2008,0,N,0,71,66,110,4,60,120,10,10,4,31,48,74,140,4,65,28,1,Normal,Pull,Pull,127,126,127,139,161,111,115,160,116,131,131,131,130,111,-,104,136,-,-,-,-,-,-,-,4,NEU,97-99,3/4,Normal,105,62,-,-,-,27,14,20,20,5,6,4,48,-,-,-,-,-,-,-,-,48,-,-,-,-,-,-,-,-,12,4,6,20,,,0,0,0,0,0,0,0,0,0,0,0,0,0,0,0,0,0,0.0,0.00,0,-0.0,0.0,0.00,0,0,0.0,0.0,36,36,16,6,0,0,0,215.2,930,847,148,53,5,25,108,105,61,0,189,12,1,9,6,2,0,14,0,0,0,1.02,3702,224,207,14,6,-0.8,3.4,3.3,3.76,36,36,41,18,23,0,4,0,1.71,1.1,1.164,20,6,215.2,0,0,17,17,5,1,1,1,1,1,0,0,-0.7,0.0
SP,CC Sabathia,CC,Sabathia,Dungeon Meshi Marcille,6' 6',300 lbs,L,L,101,Milwaukee Brewers,MIL,2008,2005-2014,ME,86350,Perfect,Trade Deadliners - Baseball Reference 6  SP CC Sabathia  MIL  2008,0,N,0,71,66,110,4,60,120,10,10,4,31,48,74,140,4,65,28,1,Normal,Pull,Pull,127,126,127,139,161,111,115,160,116,131,131,131,130,111,-,104,136,-,-,-,-,-,-,-,4,NEU,97-99,3/4,Normal,105,62,-,-,-,27,14,20,20,5,6,4,48,-,-,-,-,-,-,-,-,48,-,-,-,-,-,-,-,-,12,4,6,20,,,0,0,0,0,0,0,0,0,0,0,0,0,0,0,0,0,0,0.0,0.00,0,-0.0,0.0,0.00,0,0,0.0,0.0,33,33,16,10,0,0,0,220.2,903,832,124,46,5,22,96,89,59,0,195,5,2,4,8,3,1,18,0,0,0,1.00,3602,216,222,13,4,0.7,4.6,5.2,3.58,33,33,28,17,10,1,0,0,1.10,-0.9,1.018,17,4,220.2,0,0,17,13,3,2,3,1,0,0,0,0,-0.8,0.0
SP,CC Sabathia,CC,Sabathia,Atlantic City Surf - GH,6' 6',300 lbs,L,L,101,Milwaukee Brewers,MIL,2008,2005-2014,ME,86350,Perfect,Trade Deadliners - Baseball Reference 6  SP CC Sabathia  MIL  2008,0,N,0,71,66,110,4,60,120,10,10,4,31,48,74,140,4,65,28,1,Normal,Pull,Pull,127,126,127,139,161,111,115,160,116,131,131,131,130,111,-,104,136,-,-,-,-,-,-,-,4,NEU,97-99,3/4,Normal,105,62,-,-,-,27,14,20,20,5,6,4,48,-,-,-,-,-,-,-,-,48,-,-,-,-,-,-,-,-,12,4,6,20,,,0,0,0,0,0,0,0,0,0,0,0,0,0,0,0,0,0,0.0,0.00,0,-0.0,0.0,0.00,0,0,0.0,0.0,34,34,13,8,0,0,0,202.2,863,795,121,55,5,22,103,87,50,0,174,8,3,6,7,0,1,16,0,0,0,0.94,3324,217,195,8,3,-1.1,3.4,2.5,3.70,34,34,36,22,13,1,1,0,1.55,0.7,1.034,11,3,202.2,0,0,17,14,3,3,2,2,0,0,0,0,-0.5,0.0
SP,Johan Santana,Johan,Santana,Joe Buck Yourself,6' 0',210 lbs,L,L,101,Minnesota Twins,MIN,2006,2005-2014,CS,86278,Perfect,Clubhouse - Historical All-Star  SP Johan Santana  MIN  2006,0,N,0,1,2,1,2,1,1,1,1,1,1,1,3,1,3,1,25,1,Normal,Spray,Spray,141,120,124,119,124,110,108,115,147,124,130,121,121,-,-,117,-,-,-,-,158,-,-,-,3,FB,93-95,3/4,Normal,96,66,-,-,-,35,18,25,23,4,1,5,62,-,-,-,-,-,-,-,-,62,-,-,-,-,-,-,-,-,5,3,6,6,,,0,0,0,0,0,0,0,0,0,0,0,0,0,0,0,0,0,0.0,0.00,0,-0.0,0.0,0.00,0,0,0.0,0.0,8,8,4,3,0,0,0,50.2,209,192,30,6,0,2,16,13,14,0,43,2,1,0,2,0,0,1,0,0,0,1.07,792,48,59,3,0,1.1,1.5,1.8,3.73,8,8,6,3,3,0,0,0,1.07,-0.2,1.091,3,0,50.2,0,0,3,3,0,0,0,0,0,0,0,0,-0.4,0.0
SP,Johan Santana,Johan,Santana,Washington Bishops,6' 0',210 lbs,L,L,101,Minnesota Twins,MIN,2006,2005-2014,CS,86278,Perfect,Clubhouse - Historical All-Star  SP Johan Santana  MIN  2006,0,N,0,1,2,1,2,1,1,1,1,1,1,1,3,1,3,1,25,1,Normal,Spray,Spray,141,120,124,119,124,110,108,115,147,124,130,121,121,-,-,117,-,-,-,-,158,-,-,-,3,FB,93-95,3/4,Normal,96,66,-,-,-,35,18,25,23,4,1,5,62,-,-,-,-,-,-,-,-,62,-,-,-,-,-,-,-,-,5,3,6,6,,,0,0,0,0,0,0,0,0,0,0,0,0,0,0,0,0,0,0.0,0.00,0,-0.0,0.0,0.00,0,0,0.0,0.0,32,32,12,9,0,0,0,192.0,800,720,107,38,5,16,77,72,61,0,191,8,3,8,5,2,0,9,0,0,0,1.01,3182,182,188,11,4,1.6,4.5,5.0,3.40,32,32,27,16,11,0,2,0,1.27,-0.0,1.091,15,4,192.0,0,0,14,13,9,4,0,0,0,0,0,0,-0.8,0.0
SP,Johan Santana,Johan,Santana,Great Lakes Man-of-War-HOTL,6' 0',210 lbs,L,L,101,Minnesota Twins,MIN,2006,2005-2014,CS,86278,Perfect,Clubhouse - Historical All-Star  SP Johan Santana  MIN  2006,0,N,0,1,2,1,2,1,1,1,1,1,1,1,3,1,3,1,25,1,Normal,Spray,Spray,141,120,124,119,124,110,108,115,147,124,130,121,121,-,-,117,-,-,-,-,158,-,-,-,3,FB,93-95,3/4,Normal,96,66,-,-,-,35,18,25,23,4,1,5,62,-,-,-,-,-,-,-,-,62,-,-,-,-,-,-,-,-,5,3,6,6,,,0,0,0,0,0,0,0,0,0,0,0,0,0,0,0,0,0,0.0,0.00,0,-0.0,0.0,0.00,0,0,0.0,0.0,33,33,7,13,0,0,0,205.0,883,788,132,46,3,25,119,106,71,0,169,8,7,9,9,2,0,12,0,0,0,0.99,3550,194,226,12,4,-2.2,2.4,1.5,4.10,33,33,31,14,16,1,1,0,1.32,-0.4,1.000,16,4,205.0,0,0,12,10,2,1,3,2,0,0,0,0,-0.3,0.0
SP,Johan Santana,Johan,Santana,Salt Lake Bees,6' 0',210 lbs,L,L,101,Minnesota Twins,MIN,2006,2005-2014,CS,86278,Perfect,Clubhouse - Historical All-Star  SP Johan Santana  MIN  2006,0,N,0,1,2,1,2,1,1,1,1,1,1,1,3,1,3,1,25,1,Normal,Spray,Spray,141,120,124,119,124,110,108,115,147,124,130,121,121,-,-,117,-,-,-,-,158,-,-,-,3,FB,93-95,3/4,Normal,96,66,-,-,-,35,18,25,23,4,1,5,62,-,-,-,-,-,-,-,-,62,-,-,-,-,-,-,-,-,5,3,6,6,,,0,0,0,0,0,0,0,0,0,0,0,0,0,0,0,0,0,0.0,0.00,0,-0.0,0.0,0.00,0,0,0.0,0.0,32,32,7,11,0,0,0,185.0,782,716,127,35,3,14,96,85,50,0,150,8,3,5,7,0,0,15,0,0,0,1.05,3065,186,199,8,1,-1.0,4.0,2.5,3.90,32,32,26,10,15,1,1,0,1.22,-0.7,.982,9,1,185.0,0,0,13,11,1,0,1,1,0,0,0,0,-1.8,0.0
SP,Johan Santana,Johan,Santana,Manchester Camels,6' 0',210 lbs,L,L,101,Minnesota Twins,MIN,2006,2005-2014,CS,86278,Perfect,Clubhouse - Historical All-Star  SP Johan Santana  MIN  2006,0,N,0,1,2,1,2,1,1,1,1,1,1,1,3,1,3,1,25,1,Normal,Spray,Spray,141,120,124,119,124,110,108,115,147,124,130,121,121,-,-,117,-,-,-,-,158,-,-,-,3,FB,93-95,3/4,Normal,96,66,-,-,-,35,18,25,23,4,1,5,62,-,-,-,-,-,-,-,-,62,-,-,-,-,-,-,-,-,5,3,6,6,,,0,0,0,0,0,0,0,0,0,0,0,0,0,0,0,0,0,0.0,0.00,0,-0.0,0.0,0.00,0,0,0.0,0.0,33,33,11,9,0,0,0,208.1,899,828,144,44,4,23,113,98,60,0,200,1,2,8,10,0,0,7,0,0,0,1.08,3559,208,206,14,1,-1.6,4.2,2.3,3.51,33,33,34,18,12,4,1,0,1.30,-2.1,.861,15,1,208.1,0,0,17,14,4,4,3,1,0,0,0,0,-1.1,0.0
SP,Johan Santana,Johan,Santana,Svendborg Sailors,6' 0',210 lbs,L,L,101,Minnesota Twins,MIN,2006,2005-2014,CS,86278,Perfect,Clubhouse - Historical All-Star  SP Johan Santana  MIN  2006,0,N,0,1,2,1,2,1,1,1,1,1,1,1,3,1,3,1,25,1,Normal,Spray,Spray,141,120,124,119,124,110,108,115,147,124,130,121,121,-,-,117,-,-,-,-,158,-,-,-,3,FB,93-95,3/4,Normal,96,66,-,-,-,35,18,25,23,4,1,5,62,-,-,-,-,-,-,-,-,62,-,-,-,-,-,-,-,-,5,3,6,6,,,0,0,0,0,0,0,0,0,0,0,0,0,0,0,0,0,0,0.0,0.00,0,-0.0,0.0,0.00,0,0,0.0,0.0,36,36,12,10,0,0,0,225.1,976,897,152,53,6,28,126,120,66,1,192,5,3,5,6,0,0,12,0,0,0,1.00,3778,223,238,14,8,-2.0,3.3,2.2,3.87,36,36,41,24,14,3,0,0,1.52,0.7,.982,22,8,225.1,0,0,17,13,8,6,0,0,1,1,0,0,-0.4,0.0
SP,Johan Santana,Johan,Santana,Orange Jackrabbits,6' 0',210 lbs,L,L,101,Minnesota Twins,MIN,2006,2005-2014,CS,86278,Perfect,Clubhouse - Historical All-Star  SP Johan Santana  MIN  2006,0,N,0,1,2,1,2,1,1,1,1,1,1,1,3,1,3,1,25,1,Normal,Spray,Spray,141,120,124,119,124,110,108,115,147,124,130,121,121,-,-,117,-,-,-,-,158,-,-,-,3,FB,93-95,3/4,Normal,96,66,-,-,-,35,18,25,23,4,1,5,62,-,-,-,-,-,-,-,-,62,-,-,-,-,-,-,-,-,5,3,6,6,,,0,0,0,0,0,0,0,0,0,0,0,0,0,0,0,0,0,0.0,0.00,0,-0.0,0.0,0.00,0,0,0.0,0.0,35,35,12,12,0,0,0,202.2,889,800,152,40,5,30,126,119,73,0,175,5,3,8,5,2,0,22,0,0,0,0.98,3558,200,200,10,4,-3.1,1.7,0.7,4.04,35,35,25,12,13,0,0,0,1.11,0.7,1.091,14,4,202.2,0,0,9,9,4,3,0,0,0,0,0,0,-0.8,0.0
SP,Johan Santana,Johan,Santana,Kumamoto Ozeki TBD,6' 0',210 lbs,L,L,101,Minnesota Twins,MIN,2006,2005-2014,CS,86278,Perfect,Clubhouse - Historical All-Star  SP Johan Santana  MIN  2006,0,N,0,1,2,1,2,1,1,1,1,1,1,1,3,1,3,1,25,1,Normal,Spray,Spray,141,120,124,119,124,110,108,115,147,124,130,121,121,-,-,117,-,-,-,-,158,-,-,-,3,FB,93-95,3/4,Normal,96,66,-,-,-,35,18,25,23,4,1,5,62,-,-,-,-,-,-,-,-,62,-,-,-,-,-,-,-,-,5,3,6,6,,,0,0,0,0,0,0,0,0,0,0,0,0,0,0,0,0,0,0.0,0.00,0,-0.0,0.0,0.00,0,0,0.0,0.0,35,35,15,11,0,0,0,197.2,872,800,148,55,7,24,114,111,57,0,156,6,3,5,11,1,1,13,0,0,0,1.02,3423,200,210,10,7,-2.4,2.7,1.6,4.10,35,35,33,13,19,1,0,0,1.46,1.7,1.290,17,7,197.2,0,0,14,12,3,1,0,0,0,0,0,0,-0.7,0.0
SP,Johan Santana,Johan,Santana,Dungeon Meshi Marcille,6' 0',210 lbs,L,L,101,Minnesota Twins,MIN,2006,2005-2014,CS,86278,Perfect,Clubhouse - Historical All-Star  SP Johan Santana  MIN  2006,0,N,0,1,2,1,2,1,1,1,1,1,1,1,3,1,3,1,25,1,Normal,Spray,Spray,141,120,124,119,124,110,108,115,147,124,130,121,121,-,-,117,-,-,-,-,158,-,-,-,3,FB,93-95,3/4,Normal,96,66,-,-,-,35,18,25,23,4,1,5,62,-,-,-,-,-,-,-,-,62,-,-,-,-,-,-,-,-,5,3,6,6,,,0,0,0,0,0,0,0,0,0,0,0,0,0,0,0,0,0,0.0,0.00,0,-0.0,0.0,0.00,0,0,0.0,0.0,34,34,15,9,0,0,0,223.1,948,868,155,41,4,25,104,93,64,0,211,8,0,7,5,0,1,18,0,0,0,0.99,3687,205,226,8,3,-0.6,4.3,4.5,3.51,34,34,32,20,10,2,1,0,1.21,0.1,1.031,11,3,223.1,0,0,18,13,4,4,0,0,0,0,0,0,-0.8,0.0
SP,Johan Santana,Johan,Santana,Alhambra Moors - HotL TTC,6' 0',210 lbs,L,L,101,Minnesota Twins,MIN,2006,2005-2014,CS,86278,Perfect,Clubhouse - Historical All-Star  SP Johan Santana  MIN  2006,0,N,0,1,2,1,2,1,1,1,1,1,1,1,3,1,3,1,25,1,Normal,Spray,Spray,141,120,124,119,124,110,108,115,147,124,130,121,121,-,-,117,-,-,-,-,158,-,-,-,3,FB,93-95,3/4,Normal,96,66,-,-,-,35,18,25,23,4,1,5,62,-,-,-,-,-,-,-,-,62,-,-,-,-,-,-,-,-,5,3,6,6,,,0,0,0,0,0,0,0,0,0,0,0,0,0,0,0,0,0,0.0,0.00,0,-0.0,0.0,0.00,0,0,0.0,0.0,33,33,13,10,0,0,0,201.1,856,767,124,37,2,25,93,84,68,0,176,6,7,8,3,0,0,15,0,0,0,1.03,3397,202,204,11,3,0.2,2.8,4.0,3.88,33,33,33,20,13,0,0,0,1.48,0.1,1.091,14,3,201.1,0,0,21,19,2,1,1,0,0,0,0,0,-2.3,0.0
SP,Paul Skenes,Paul,Skenes,St. Louis Honkers,6' 6',245 lbs,R,R,100,Pittsburgh Pirates,PIT,2026,2026,,81919,Perfect,MLB 2026 Live  SP Paul Skenes  PIT,0,N,0,69,57,70,50,43,71,59,72,52,45,69,57,70,50,43,28,15,Normal,Ex. Pull,Pull,127,90,82,78,123,90,82,77,130,91,82,80,118,107,125,119,110,-,-,-,-,-,-,-,5,NEU,98-100,3/4,Normal,79,39,36,39,64,21,37,62,17,30,28,63,73,-,-,-,-,-,-,-,-,73,35,58,-,21,-,29,-,27,18,16,17,22,,,0,0,0,0,0,0,0,0,0,0,0,0,0,0,0,0,0,0.0,0.00,0,-0.0,0.0,0.00,0,0,0.0,0.0,33,0,0,0,2,4,2,59.0,269,243,54,13,0,7,44,40,21,0,58,2,0,3,3,0,0,5,12,31,17,0.51,1082,63,49,4,1,0.1,0.4,-1.1,3.74,33,0,5,1,3,1,0,0,0.61,-1.5,.000,5,1,59.0,0,0,3,0,2,0,0,0,0,0,0,0,-0.7,0.0
SP,Tarik Skubal,Tarik,Skubal,Littleton CO Mountaineers,6' 3',240 lbs,L,L,100,Los Angeles Dodgers,LAD,2026,2026,,82424,Perfect,MLB 2026 Live  SP Tarik Skubal  LAD,0,N,0,21,23,13,17,26,21,23,13,17,26,21,23,13,17,26,53,11,Normal,Spray,Spray,132,118,95,82,123,112,98,81,135,120,95,83,120,112,125,121,113,-,-,-,-,-,-,-,5,NEU,99-101,3/4,Normal,75,57,1,1,2,27,18,43,2,19,11,39,55,-,-,-,-,-,-,-,-,55,-,44,-,-,-,4,-,-,20,12,24,23,,,0,0,0,0,0,0,0,0,0,0,0,0,0,0,0,0,0,0.0,0.00,0,-0.0,0.0,0.00,0,0,0.0,0.0,1,1,0,1,0,0,0,3.1,15,12,1,0,0,2,4,4,2,0,2,1,0,0,0,0,0,1,0,0,0,0.90,68,4,3,0,0,-0.2,-0.2,-0.1,5.49,1,1,2,1,1,0,0,0,5.40,0.1,1.091,0,0,3.1,0,0,1,1,0,0,0,0,0,0,0,0,0.0,0.0
SP,Hilton Smith,Hilton,Smith,Kansas City Torrent,6' 2',180 lbs,R,R,101,Kansas City Monarchs,KCM,1938,1921-1945,,85864,Perfect,Heart Attack - Negro League Star  SP Hilton Smith  KCM  1938,89 644,N,0,94,112,106,25,109,90,118,111,28,114,96,111,104,24,107,53,16,Normal,Pull,Normal,126,128,96,117,119,125,92,107,131,131,101,119,109,110,127,99,112,-,-,-,-,-,-,-,5,NEU,91-93,3/4,Normal,91,60,1,1,1,29,28,27,25,80,90,65,67,-,-,-,-,-,-,-,88,67,-,-,-,-,-,-,-,88,28,5,6,28,,,0,0,0,0,0,0,0,0,0,0,0,0,0,0,0,0,0,0.0,0.00,0,-0.0,0.0,0.00,0,0,0.0,0.0,33,33,9,6,0,0,0,184.0,747,695,105,36,2,19,71,67,37,0,143,8,3,4,3,0,0,8,0,0,0,0.96,2897,201,191,7,3,1.4,3.3,5.0,3.74,33,33,42,19,21,2,0,0,1.96,0.4,.982,10,3,184.0,0,0,21,17,4,4,0,0,0,0,0,0,-0.0,0.0
SP,Hilton Smith,Hilton,Smith,Washington Bishops,6' 2',180 lbs,R,R,101,Kansas City Monarchs,KCM,1938,1921-1945,,85864,Perfect,Heart Attack - Negro League Star  SP Hilton Smith  KCM  1938,0,N,0,94,112,106,25,109,90,118,111,28,114,96,111,104,24,107,53,16,Normal,Pull,Normal,126,128,96,117,119,125,92,107,131,131,101,119,109,110,127,99,112,-,-,-,-,-,-,-,5,NEU,91-93,3/4,Normal,91,60,1,1,1,29,28,27,25,80,90,65,67,-,-,-,-,-,-,-,88,67,-,-,-,-,-,-,-,88,28,5,6,28,,,0,0,0,0,0,0,0,0,0,0,0,0,0,0,0,0,0,0.0,0.00,0,-0.0,0.0,0.00,0,0,0.0,0.0,53,0,2,8,11,17,16,65.1,302,274,40,24,1,15,45,42,27,1,55,0,0,1,2,0,0,3,19,33,7,1.30,1196,70,64,5,2,-3.1,-1.1,-1.0,4.32,52,0,13,5,7,1,0,0,1.65,-0.4,.909,7,2,65.1,0,0,5,3,3,2,0,0,0,0,0,0,0.0,0.0
SP,Hilton Smith,Hilton,Smith,Krakow Hussars,6' 2',180 lbs,R,R,101,Kansas City Monarchs,KCM,1938,1921-1945,,85864,Perfect,Heart Attack - Negro League Star  SP Hilton Smith  KCM  1938,0,N,0,94,112,106,25,109,90,118,111,28,114,96,111,104,24,107,53,16,Normal,Pull,Normal,126,128,96,117,119,125,92,107,131,131,101,119,109,110,127,99,112,-,-,-,-,-,-,-,5,NEU,91-93,3/4,Normal,91,60,1,1,1,29,28,27,25,80,90,65,67,-,-,-,-,-,-,-,88,67,-,-,-,-,-,-,-,88,28,5,6,28,,,0,0,0,0,0,0,0,0,0,0,0,0,0,0,0,0,0,0.0,0.00,0,-0.0,0.0,0.00,0,0,0.0,0.0,33,33,10,12,0,0,0,207.1,865,793,131,37,5,27,107,103,57,0,175,7,4,4,3,0,0,15,0,0,0,0.97,3390,221,199,16,7,-0.7,3.0,3.2,3.78,33,33,32,18,13,1,0,0,1.35,0.5,1.031,23,7,207.1,0,0,14,12,6,4,1,1,0,0,0,0,-0.8,0.0
SP,Hilton Smith,Hilton,Smith,Great Lakes Man-of-War-HOTL,6' 2',180 lbs,R,R,101,Kansas City Monarchs,KCM,1938,1921-1945,,85864,Perfect,Heart Attack - Negro League Star  SP Hilton Smith  KCM  1938,0,N,0,94,112,106,25,109,90,118,111,28,114,96,111,104,24,107,53,16,Normal,Pull,Normal,126,128,96,117,119,125,92,107,131,131,101,119,109,110,127,99,112,-,-,-,-,-,-,-,5,NEU,91-93,3/4,Normal,91,60,1,1,1,29,28,27,25,80,90,65,67,-,-,-,-,-,-,-,88,67,-,-,-,-,-,-,-,88,28,5,6,28,,,0,0,0,0,0,0,0,0,0,0,0,0,0,0,0,0,0,0.0,0.00,0,-0.0,0.0,0.00,0,0,0.0,0.0,69,0,5,3,9,25,13,92.1,405,373,73,23,2,7,41,39,24,0,79,5,1,2,3,0,0,4,19,42,12,1.21,1551,99,90,4,2,1.4,1.2,1.1,3.80,69,0,14,7,7,0,0,0,1.36,0.4,1.091,6,2,92.1,0,0,5,4,2,2,0,0,0,0,0,0,-0.3,0.0
SP,Hilton Smith,Hilton,Smith,Long Island Sounders,6' 2',180 lbs,R,R,101,Kansas City Monarchs,KCM,1938,1921-1945,,85864,Perfect,Heart Attack - Negro League Star  SP Hilton Smith  KCM  1938,0,N,0,94,112,106,25,109,90,118,111,28,114,96,111,104,24,107,53,16,Normal,Pull,Normal,126,128,96,117,119,125,92,107,131,131,101,119,109,110,127,99,112,-,-,-,-,-,-,-,5,NEU,91-93,3/4,Normal,91,60,1,1,1,29,28,27,25,80,90,65,67,-,-,-,-,-,-,-,88,67,-,-,-,-,-,-,-,88,28,5,6,28,,,0,0,0,0,0,0,0,0,0,0,0,0,0,0,0,0,0,0.0,0.00,0,-0.0,0.0,0.00,0,0,0.0,0.0,37,37,10,15,0,0,0,199.2,874,796,163,32,4,25,108,102,57,0,171,8,5,8,8,0,0,12,0,0,0,0.99,3469,216,190,14,5,-2.0,2.7,2.1,3.86,37,37,38,21,16,1,0,0,1.67,0.9,1.149,19,5,199.2,0,0,19,17,5,3,0,0,1,1,0,0,-1.5,0.0
SP,Hilton Smith,Hilton,Smith,Manchester Camels,6' 2',180 lbs,R,R,101,Kansas City Monarchs,KCM,1938,1921-1945,,85864,Perfect,Heart Attack - Negro League Star  SP Hilton Smith  KCM  1938,0,N,0,94,112,106,25,109,90,118,111,28,114,96,111,104,24,107,53,16,Normal,Pull,Normal,126,128,96,117,119,125,92,107,131,131,101,119,109,110,127,99,112,-,-,-,-,-,-,-,5,NEU,91-93,3/4,Normal,91,60,1,1,1,29,28,27,25,80,90,65,67,-,-,-,-,-,-,-,88,67,-,-,-,-,-,-,-,88,28,5,6,28,6,,3,3,1,1,0,0,0,0,0,0,0,0,0,0,0,2,0,0.3,0.01,0,-0.1,-0.0,3.67,0,0,0.0,0.0,32,32,9,13,0,0,0,200.2,857,791,147,40,3,24,104,99,52,0,162,8,1,5,4,0,0,17,0,0,0,1.05,3444,205,208,9,3,-0.9,2.9,2.7,3.90,37,32,35,19,14,2,0,0,1.43,-0.2,1.075,12,3,208.0,0,0,21,18,7,3,1,0,0,0,0,0,-1.5,-0.0
SP,Hilton Smith,Hilton,Smith,St. Louis Honkers,6' 2',180 lbs,R,R,101,Kansas City Monarchs,KCM,1938,1921-1945,,85864,Perfect,Heart Attack - Negro League Star  SP Hilton Smith  KCM  1938,0,N,0,94,112,106,25,109,90,118,111,28,114,96,111,104,24,107,53,16,Normal,Pull,Normal,126,128,96,117,119,125,92,107,131,131,101,119,109,110,127,99,112,-,-,-,-,-,-,-,5,NEU,91-93,3/4,Normal,91,60,1,1,1,29,28,27,25,80,90,65,67,-,-,-,-,-,-,-,88,67,-,-,-,-,-,-,-,88,28,5,6,28,42,33,113,107,34,17,7,2,8,25,18,2,0,1,2,1,0,16,4,20.8,0.39,21,7.4,0.8,3.35,0,0,0.0,-1.2,33,33,12,16,0,0,0,227.0,954,882,156,37,4,33,117,112,61,0,164,4,2,5,8,2,0,20,0,0,0,0.97,3704,243,243,16,5,-0.1,2.1,3.2,4.18,42,33,33,17,16,0,0,0,1.26,-1.5,1.023,21,5,236.0,0,0,20,14,7,3,1,1,0,0,0,0,-1.4,0.0
SP,Hilton Smith,Hilton,Smith,Chicago Dogs,6' 2',180 lbs,R,R,101,Kansas City Monarchs,KCM,1938,1921-1945,,85864,Perfect,Heart Attack - Negro League Star  SP Hilton Smith  KCM  1938,0,N,0,94,112,106,25,109,90,118,111,28,114,96,111,104,24,107,53,16,Normal,Pull,Normal,126,128,96,117,119,125,92,107,131,131,101,119,109,110,127,99,112,-,-,-,-,-,-,-,5,NEU,91-93,3/4,Normal,91,60,1,1,1,29,28,27,25,80,90,65,67,-,-,-,-,-,-,-,88,67,-,-,-,-,-,-,-,88,28,5,6,28,,,0,0,0,0,0,0,0,0,0,0,0,0,0,0,0,0,0,0.0,0.00,0,-0.0,0.0,0.00,0,0,0.0,0.0,32,32,7,12,0,0,0,193.1,841,764,136,34,8,26,110,98,58,0,156,6,4,9,6,1,0,10,0,0,0,1.02,3272,200,201,14,6,-2.0,1.8,1.0,4.05,32,32,39,19,19,1,0,0,1.77,0.1,1.091,20,6,193.1,0,0,18,16,8,3,0,0,0,0,0,0,-0.9,0.0
SP,Hilton Smith,Hilton,Smith,Buffalo Bisons,6' 2',180 lbs,R,R,101,Kansas City Monarchs,KCM,1938,1921-1945,,85864,Perfect,Heart Attack - Negro League Star  SP Hilton Smith  KCM  1938,0,N,0,94,112,106,25,109,90,118,111,28,114,96,111,104,24,107,53,16,Normal,Pull,Normal,126,128,96,117,119,125,92,107,131,131,101,119,109,110,127,99,112,-,-,-,-,-,-,-,5,NEU,91-93,3/4,Normal,91,60,1,1,1,29,28,27,25,80,90,65,67,-,-,-,-,-,-,-,88,67,-,-,-,-,-,-,-,88,28,5,6,28,,,0,0,0,0,0,0,0,0,0,0,0,0,0,0,0,0,0,0.0,0.00,0,-0.0,0.0,0.00,0,0,0.0,0.0,33,33,11,17,0,0,0,194.2,861,771,147,29,3,28,121,105,68,0,151,9,7,6,9,1,0,15,0,0,0,0.97,3278,207,204,13,4,-2.0,1.7,1.2,4.30,33,33,34,15,18,1,2,0,1.53,-0.9,1.018,17,4,194.2,0,0,17,12,2,2,1,0,0,0,0,0,-1.2,0.0
SP,Hilton Smith,Hilton,Smith,Ware Wolves,6' 2',180 lbs,R,R,101,Kansas City Monarchs,KCM,1938,1921-1945,,85864,Perfect,Heart Attack - Negro League Star  SP Hilton Smith  KCM  1938,0,N,0,94,112,106,25,109,90,118,111,28,114,96,111,104,24,107,53,16,Normal,Pull,Normal,126,128,96,117,119,125,92,107,131,131,101,119,109,110,127,99,112,-,-,-,-,-,-,-,5,NEU,91-93,3/4,Normal,91,60,1,1,1,29,28,27,25,80,90,65,67,-,-,-,-,-,-,-,88,67,-,-,-,-,-,-,-,88,28,5,6,28,,,0,0,0,0,0,0,0,0,0,0,0,0,0,0,0,0,0,0.0,0.00,0,-0.0,0.0,0.00,0,0,0.0,0.0,31,0,2,2,1,5,7,46.1,200,187,35,8,0,10,33,31,10,0,42,2,0,1,2,0,0,6,14,24,5,0.76,772,49,40,0,0,-1.0,-0.3,-0.6,3.50,31,0,11,5,5,1,1,0,1.94,-0.1,1.091,0,0,46.1,0,0,6,4,0,0,1,1,0,0,0,0,-0.5,0.0
SP,Hilton Smith,Hilton,Smith,Orange Jackrabbits,6' 2',180 lbs,R,R,101,Kansas City Monarchs,KCM,1938,1921-1945,,85864,Perfect,Heart Attack - Negro League Star  SP Hilton Smith  KCM  1938,0,N,0,94,112,106,25,109,90,118,111,28,114,96,111,104,24,107,53,16,Normal,Pull,Normal,126,128,96,117,119,125,92,107,131,131,101,119,109,110,127,99,112,-,-,-,-,-,-,-,5,NEU,91-93,3/4,Normal,91,60,1,1,1,29,28,27,25,80,90,65,67,-,-,-,-,-,-,-,88,67,-,-,-,-,-,-,-,88,28,5,6,28,,,0,0,0,0,0,0,0,0,0,0,0,0,0,0,0,0,0,0.0,0.00,0,-0.0,0.0,0.00,0,0,0.0,0.0,30,30,10,11,0,0,0,172.1,768,694,126,42,6,23,106,102,54,0,139,9,7,4,7,0,0,12,0,0,0,1.05,3059,184,177,3,2,-2.3,1.7,0.7,4.12,30,30,43,23,19,1,0,0,2.19,1.0,1.037,5,2,172.1,0,0,17,16,8,4,1,1,0,0,0,0,-0.3,0.0
SP,Stephen Strasburg,Stephen,Strasburg,Joe Buck Yourself,6' 5',235 lbs,R,R,100,Washington Nationals,WSN,2017,2015+,,83902,Perfect,Historical All-Star  SP Stephen Strasburg  WAS  2017,0,N,0,1,5,14,15,8,1,5,23,24,5,1,6,11,12,9,69,20,Normal,Pull,Pull,122,76,89,120,123,68,87,119,122,83,91,122,75,125,160,86,72,-,-,-,-,-,-,-,5,NEU,95-97,3/4,Normal,69,79,-,-,-,24,24,23,23,9,7,4,55,-,-,-,-,-,-,-,-,55,-,-,-,-,-,-,-,-,21,5,6,37,,,0,0,0,0,0,0,0,0,0,0,0,0,0,0,0,0,0,0.0,0.00,0,-0.0,0.0,0.00,0,0,0.0,0.0,8,0,1,0,1,3,1,11.0,47,44,7,4,0,0,6,6,3,0,14,0,0,0,3,0,0,0,3,4,0,0.97,205,13,5,2,1,0.4,0.4,0.0,2.83,8,0,1,1,0,0,0,0,0.82,0.1,1.091,3,1,11.0,0,0,1,1,0,0,0,0,0,0,0,0,0.0,0.0
SP,Charlie Sweeney,Charlie,Sweeney,Krakow Hussars,6' 0',180 lbs,R,R,100,SL5,SL5,1884,2026,,83329,Perfect,Launch Deck Missions - Snapshot  SP Charlie Sweeney  SL5  1884,0,N,0,90,103,40,62,113,96,107,55,68,119,88,102,35,60,111,68,56,Line Drive,Spray,Spray,92,121,119,96,93,123,133,99,92,120,107,95,75,-,98,-,-,-,-,-,-,130,-,-,3,NEU,91-93,3/4,Normal,95,54,-,-,-,65,32,58,42,77,47,62,99,-,69,-,-,-,83,64,77,99,-,69,-,-,-,83,64,77,53,57,85,62,,,0,0,0,0,0,0,0,0,0,0,0,0,0,0,0,0,0,0.0,0.00,0,-0.0,0.0,0.00,0,0,0.0,0.0,31,31,9,15,0,0,0,182.2,791,700,129,32,2,21,106,93,57,0,123,17,11,5,5,1,1,13,0,0,0,0.94,3086,196,203,8,8,-2.4,1.7,1.7,4.52,31,31,38,19,19,0,0,0,1.87,2.7,1.091,16,8,182.2,0,0,16,15,6,5,0,0,0,0,0,0,-0.4,0.0
SP,Charlie Sweeney,Charlie,Sweeney,Fortuna Lifters,6' 0',180 lbs,R,R,100,SL5,SL5,1884,2026,,83329,Perfect,Launch Deck Missions - Snapshot  SP Charlie Sweeney  SL5  1884,0,N,0,90,103,40,62,113,96,107,55,68,119,88,102,35,60,111,68,56,Line Drive,Spray,Spray,92,121,119,96,93,123,133,99,92,120,107,95,75,-,98,-,-,-,-,-,-,130,-,-,3,NEU,91-93,3/4,Normal,95,54,-,-,-,65,32,58,42,77,47,62,99,-,69,-,-,-,83,64,77,99,-,69,-,-,-,83,64,77,53,57,85,62,,,0,0,0,0,0,0,0,0,0,0,0,0,0,0,0,0,0,0.0,0.00,0,-0.0,0.0,0.00,0,0,0.0,0.0,45,0,2,2,5,6,3,78.2,336,304,57,16,0,7,48,47,26,3,65,3,1,2,7,1,0,8,13,35,7,0.71,1298,85,75,6,0,0.7,0.7,-0.4,4.03,45,0,10,5,5,0,1,0,1.14,-1.2,1.091,6,0,78.2,0,0,5,3,2,1,0,0,0,0,0,0,-0.7,0.0
SP,Charlie Sweeney,Charlie,Sweeney,Manchester Camels,6' 0',180 lbs,R,R,100,SL5,SL5,1884,2026,,83329,Perfect,Launch Deck Missions - Snapshot  SP Charlie Sweeney  SL5  1884,0,N,0,90,103,40,62,113,96,107,55,68,119,88,102,35,60,111,68,56,Line Drive,Spray,Spray,92,121,119,96,93,123,133,99,92,120,107,95,75,-,98,-,-,-,-,-,-,130,-,-,3,NEU,91-93,3/4,Normal,95,54,-,-,-,65,32,58,42,77,47,62,99,-,69,-,-,-,83,64,77,99,-,69,-,-,-,83,64,77,53,57,85,62,35,17,61,56,17,12,5,0,0,5,6,3,0,1,0,1,0,9,1,7.7,-0.63,7,0.1,0.0,3.46,0,0,0.0,-2.0,30,0,1,1,0,4,4,55.0,226,207,32,8,1,7,24,23,15,0,38,1,0,3,4,0,0,3,10,23,10,0.62,917,53,68,4,2,-0.2,0.0,0.6,4.27,65,17,106,17,89,0,6,0,4.09,0.8,1.024,6,2,233.0,0,0,39,39,8,6,0,0,2,0,4,0,-0.3,0.2
SP,Charlie Sweeney,Charlie,Sweeney,St. Louis Honkers,6' 0',180 lbs,R,R,100,SL5,SL5,1884,2026,,83329,Perfect,Launch Deck Missions - Snapshot  SP Charlie Sweeney  SL5  1884,0,N,0,90,103,40,62,113,96,107,55,68,119,88,102,35,60,111,68,56,Line Drive,Spray,Spray,92,121,119,96,93,123,133,99,92,120,107,95,75,-,98,-,-,-,-,-,-,130,-,-,3,NEU,91-93,3/4,Normal,95,54,-,-,-,65,32,58,42,77,47,62,99,-,69,-,-,-,83,64,77,99,-,69,-,-,-,83,64,77,53,57,85,62,,,0,0,0,0,0,0,0,0,0,0,0,0,0,0,0,0,0,0.0,0.00,0,-0.0,0.0,0.00,0,0,0.0,0.0,39,0,2,1,0,1,4,85.1,376,341,62,21,1,9,47,40,27,0,59,3,0,5,4,0,0,6,20,39,17,0.43,1363,101,85,5,1,-0.4,0.2,0.0,4.47,39,0,12,6,6,0,0,0,1.27,-0.1,1.091,6,1,85.1,0,0,6,5,2,2,0,0,0,0,0,0,-0.3,0.0
SP,Charlie Sweeney,Charlie,Sweeney,Real Intered Workers,6' 0',180 lbs,R,R,100,SL5,SL5,1884,2026,,83329,Perfect,Launch Deck Missions - Snapshot  SP Charlie Sweeney  SL5  1884,0,N,0,90,103,40,62,113,96,107,55,68,119,88,102,35,60,111,68,56,Line Drive,Spray,Spray,92,121,119,96,93,123,133,99,92,120,107,95,75,-,98,-,-,-,-,-,-,130,-,-,3,NEU,91-93,3/4,Normal,95,54,-,-,-,65,32,58,42,77,47,62,99,-,69,-,-,-,83,64,77,99,-,69,-,-,-,83,64,77,53,57,85,62,,,0,0,0,0,0,0,0,0,0,0,0,0,0,0,0,0,0,0.0,0.00,0,-0.0,0.0,0.00,0,0,0.0,0.0,46,0,0,2,7,4,10,59.1,289,262,62,17,1,13,48,45,19,1,49,4,3,1,4,0,0,6,15,37,10,0.90,1153,61,59,4,1,-1.0,-0.7,-1.5,4.23,45,0,13,8,5,0,0,0,1.97,0.0,1.091,5,1,59.1,0,0,5,5,3,1,1,1,0,0,0,0,-0.7,0.0
SP,Charlie Sweeney,Charlie,Sweeney,Buffalo Bisons,6' 0',180 lbs,R,R,100,SL5,SL5,1884,2026,,83329,Perfect,Launch Deck Missions - Snapshot  SP Charlie Sweeney  SL5  1884,0,N,0,90,103,40,62,113,96,107,55,68,119,88,102,35,60,111,68,56,Line Drive,Spray,Spray,92,121,119,96,93,123,133,99,92,120,107,95,75,-,98,-,-,-,-,-,-,130,-,-,3,NEU,91-93,3/4,Normal,95,54,-,-,-,65,32,58,42,77,47,62,99,-,69,-,-,-,83,64,77,99,-,69,-,-,-,83,64,77,53,57,85,62,28,23,79,72,13,11,2,0,0,6,8,6,0,0,1,0,0,19,3,3.5,-0.56,2,-7.4,-0.6,3.76,0,0,0.0,-0.1,33,0,1,1,0,4,4,80.2,351,323,51,27,1,14,45,44,22,0,71,2,0,4,3,0,0,6,8,26,8,0.46,1359,85,73,1,6,-0.2,-0.0,0.2,3.74,61,23,164,14,148,2,10,0,5.16,1.1,.981,7,6,282.2,0,0,40,37,11,7,4,3,5,0,4,0,-0.5,-0.2
SP,Charlie Sweeney,Charlie,Sweeney,Ware Wolves,6' 0',180 lbs,R,R,100,SL5,SL5,1884,2026,,83329,Perfect,Launch Deck Missions - Snapshot  SP Charlie Sweeney  SL5  1884,0,N,0,90,103,40,62,113,96,107,55,68,119,88,102,35,60,111,68,56,Line Drive,Spray,Spray,92,121,119,96,93,123,133,99,92,120,107,95,75,-,98,-,-,-,-,-,-,130,-,-,3,NEU,91-93,3/4,Normal,95,54,-,-,-,65,32,58,42,77,47,62,99,-,69,-,-,-,83,64,77,99,-,69,-,-,-,83,64,77,53,57,85,62,,,0,0,0,0,0,0,0,0,0,0,0,0,0,0,0,0,0,0.0,0.00,0,-0.0,0.0,0.00,0,0,0.0,0.0,14,0,3,0,0,3,1,19.2,84,75,14,5,0,0,5,2,7,1,16,0,1,1,2,0,0,4,7,10,3,0.83,332,19,19,1,0,0.3,0.5,0.6,4.14,14,0,8,6,1,1,0,0,3.20,-0.2,.909,1,0,19.2,0,0,5,3,2,2,0,0,1,1,0,0,-0.1,0.0
SP,Charlie Sweeney,Charlie,Sweeney,Memphis Redbirds,6' 0',180 lbs,R,R,100,SL5,SL5,1884,2026,,83329,Perfect,Launch Deck Missions - Snapshot  SP Charlie Sweeney  SL5  1884,0,N,0,90,103,40,62,113,96,107,55,68,119,88,102,35,60,111,68,56,Line Drive,Spray,Spray,92,121,119,96,93,123,133,99,92,120,107,95,75,-,98,-,-,-,-,-,-,130,-,-,3,NEU,91-93,3/4,Normal,95,54,-,-,-,65,32,58,42,77,47,62,99,-,69,-,-,-,83,64,77,99,-,69,-,-,-,83,64,77,53,57,85,62,,,0,0,0,0,0,0,0,0,0,0,0,0,0,0,0,0,0,0.0,0.00,0,-0.0,0.0,0.00,0,0,0.0,0.0,26,26,6,14,0,0,0,160.1,722,639,123,40,3,17,93,87,58,1,117,11,4,9,10,1,1,15,0,0,0,0.99,2803,190,155,16,2,-1.8,1.7,1.2,4.50,26,26,35,18,17,0,0,0,1.96,-0.7,1.091,18,2,160.1,0,0,13,13,8,5,0,0,0,0,0,0,-2.0,0.0
SP,Johnny Vander Meer,Johnny,Vander Meer,Joe Buck Yourself,6' 1',190 lbs,S,L,100,Cincinnati Reds,CIN,1942,1921-1945,,84088,Perfect,Historical All-Star  SP Johnny Vander Meer  CIN  1942,0,N,0,20,58,6,52,19,11,71,3,55,13,23,49,7,51,21,63,27,Normal,Spray,Spray,134,60,114,118,132,50,60,115,135,62,133,119,83,173,114,-,-,-,-,-,-,-,-,-,3,FB,90-92,OTT,Normal,82,118,-,-,-,32,13,24,28,3,1,2,55,-,-,-,-,-,-,-,-,55,-,-,-,-,-,-,-,-,20,4,11,29,,,0,0,0,0,0,0,0,0,0,0,0,0,0,0,0,0,0,0.0,0.00,0,-0.0,0.0,0.00,0,0,0.0,0.0,20,0,1,0,0,1,5,26.0,137,117,35,4,0,1,27,24,19,0,26,0,0,1,1,1,0,1,8,16,8,0.91,549,26,25,1,0,-0.9,0.2,-1.2,4.78,19,0,3,2,0,1,0,0,0.69,-0.3,.727,1,0,26.0,0,0,1,1,2,1,0,0,0,0,0,0,-0.3,0.0
SP,Johnny Vander Meer,Johnny,Vander Meer,Svendborg Sailors,6' 1',190 lbs,S,L,100,Cincinnati Reds,CIN,1942,1921-1945,,84088,Perfect,Historical All-Star  SP Johnny Vander Meer  CIN  1942,0,N,0,20,58,6,52,19,11,71,3,55,13,23,49,7,51,21,63,27,Normal,Spray,Spray,134,60,114,118,132,50,60,115,135,62,133,119,83,173,114,-,-,-,-,-,-,-,-,-,3,FB,90-92,OTT,Normal,82,118,-,-,-,32,13,24,28,3,1,2,55,-,-,-,-,-,-,-,-,55,-,-,-,-,-,-,-,-,20,4,11,29,,,0,0,0,0,0,0,0,0,0,0,0,0,0,0,0,0,0,0.0,0.00,0,-0.0,0.0,0.00,0,0,0.0,0.0,26,26,12,6,0,0,0,145.1,653,551,80,17,2,20,80,75,93,0,118,6,2,1,8,1,0,14,0,0,0,1.05,2717,150,152,2,1,-1.2,-0.1,1.5,4.96,26,26,22,12,8,2,0,0,1.24,0.1,.923,3,1,145.1,0,0,10,8,6,4,0,0,0,0,0,0,0.0,0.0
SP,Justin Verlander,Justin,Verlander,Memphis Redbirds,6' 5',235 lbs,R,R,99,Houston Astros,HOU,2022,2015+,,82698,Diamond,Veteran Presence  SP Justin Verlander  HOU  2022,0,N,0,1,3,1,2,1,1,3,1,3,1,1,3,1,2,1,25,13,Normal,Normal,Normal,109,103,123,76,133,93,118,91,94,115,127,68,116,88,98,120,-,-,-,-,-,-,-,-,4,EX FB,94-96,3/4,Normal,81,35,-,-,-,31,23,29,33,8,9,10,65,-,-,-,-,-,-,-,-,65,-,-,-,-,-,-,-,-,12,4,6,19,,,0,0,0,0,0,0,0,0,0,0,0,0,0,0,0,0,0,0.0,0.00,0,-0.0,0.0,0.00,0,0,0.0,0.0,44,0,2,1,1,8,4,61.2,274,240,41,16,1,9,38,36,30,0,45,0,0,4,2,0,0,5,22,29,11,0.64,1143,59,72,4,3,0.1,-0.5,-0.4,4.83,43,0,10,5,5,0,0,0,1.46,0.5,1.091,7,3,61.2,0,0,4,3,3,2,0,0,0,0,0,0,-0.7,0.0
SP,Mickey Welch,Mickey,Welch,Milwaukee Braves,5' 8',160 lbs,R,R,100,New York Gothams,SFG,1884,2026,,85914,Perfect,Born on the 4th of July  SP Mickey Welch  NY1  1884,0,N,0,82,122,82,83,66,88,124,88,89,67,80,121,80,82,66,77,63,Line Drive,Normal,Normal,94,87,133,142,95,88,135,145,94,87,131,140,91,128,113,-,-,-,-,-,-,-,-,-,3,NEU,90-92,3/4,Normal,97,59,-,-,-,25,16,20,21,68,52,74,47,-,-,-,-,-,77,54,75,47,-,-,-,-,-,77,54,75,65,84,92,78,,,0,0,0,0,0,0,0,0,0,0,0,0,0,0,0,0,0,0.0,0.00,0,-0.0,0.0,0.00,0,0,0.0,0.0,32,32,12,10,0,0,0,204.2,868,763,113,46,2,20,95,91,86,0,128,8,3,8,7,0,0,19,0,0,0,1.03,3382,231,229,16,3,-0.5,1.7,3.9,4.94,32,32,43,31,11,1,1,0,1.85,-0.1,1.023,19,3,204.2,0,0,18,17,12,8,5,4,1,1,0,0,-0.8,0.0
SP,Mickey Welch,Mickey,Welch,The Black Freighter TBD,5' 8',160 lbs,R,R,100,New York Gothams,SFG,1884,2026,,85914,Perfect,Born on the 4th of July  SP Mickey Welch  NY1  1884,0,N,0,82,122,82,83,66,88,124,88,89,67,80,121,80,82,66,77,63,Line Drive,Normal,Normal,94,87,133,142,95,88,135,145,94,87,131,140,91,128,113,-,-,-,-,-,-,-,-,-,3,NEU,90-92,3/4,Normal,97,59,-,-,-,25,16,20,21,68,52,74,47,-,-,-,-,-,77,54,75,47,-,-,-,-,-,77,54,75,65,84,92,78,,,0,0,0,0,0,0,0,0,0,0,0,0,0,0,0,0,0,0.0,0.00,0,-0.0,0.0,0.00,0,0,0.0,0.0,29,29,11,8,0,0,0,167.2,747,659,119,36,5,22,108,102,73,1,122,7,3,5,4,0,0,13,0,0,0,1.02,2932,184,172,12,3,-1.3,1.2,0.8,4.68,29,29,26,13,12,1,0,0,1.34,-1.2,.935,15,3,167.2,0,0,15,11,3,2,1,1,0,0,0,0,0.4,0.0
SP,Mickey Welch,Mickey,Welch,Littleton CO Mountaineers,5' 8',160 lbs,R,R,100,New York Gothams,SFG,1884,2026,,85914,Perfect,Born on the 4th of July  SP Mickey Welch  NY1  1884,0,N,0,82,122,82,83,66,88,124,88,89,67,80,121,80,82,66,77,63,Line Drive,Normal,Normal,94,87,133,142,95,88,135,145,94,87,131,140,91,128,113,-,-,-,-,-,-,-,-,-,3,NEU,90-92,3/4,Normal,97,59,-,-,-,25,16,20,21,68,52,74,47,-,-,-,-,-,77,54,75,47,-,-,-,-,-,77,54,75,65,84,92,78,,,0,0,0,0,0,0,0,0,0,0,0,0,0,0,0,0,0,0.0,0.00,0,-0.0,0.0,0.00,0,0,0.0,0.0,52,3,6,3,4,7,8,86.2,391,354,69,21,2,9,43,38,30,0,70,5,0,2,5,0,0,6,13,34,16,0.81,1537,84,96,4,0,-0.6,0.6,1.0,4.23,52,3,15,5,10,0,0,0,1.56,-0.2,1.091,4,0,86.2,0,0,6,5,2,2,0,0,0,0,0,0,-1.4,0.0
SP,Thomas White,Thomas,White,Great Lakes Man-of-War-HOTL,6' 5',210 lbs,L,L,97,Miami Marlins,FLA,2026,2026,,84726,Diamond,Young & Old 2 - Future Legend  SP Thomas White  MIA  2026,0,Y,5,24,37,1,30,28,24,37,1,30,28,24,37,1,30,28,43,23,Normal,Normal,Normal,154,72,148,144,151,79,161,153,155,70,143,141,133,131,155,-,-,-,-,-,-,-,-,-,3,NEU,95-97,3/4,Normal,69,57,2,2,2,17,19,65,6,13,16,33,54,-,-,-,-,-,-,-,-,54,-,41,-,-,-,-,-,-,13,15,13,12,,,0,0,0,0,0,0,0,0,0,0,0,0,0,0,0,0,0,0.0,0.00,0,-0.0,0.0,0.00,0,0,0.0,0.0,31,31,10,9,0,0,0,166.2,731,638,123,23,4,18,77,76,76,0,140,10,4,3,7,0,0,10,0,0,0,1.03,2986,176,158,13,6,-0.2,1.6,3.2,4.35,31,31,27,17,9,1,0,0,1.40,0.9,1.091,19,6,166.2,0,0,10,9,6,4,2,2,0,0,0,0,-0.0,0.0
SP,Cy Young,Cy,Young,Kansas City Torrent,6' 2',210 lbs,R,R,102,Cleveland Spiders,CLE,1895,2026,HOF,86572,Perfect,Young & Old 2 - Hall of Fame  SP Cy Young  CL4  1895,2 991 112,Y,5,36,79,1,28,102,50,46,1,56,131,31,87,1,12,96,35,6,Normal,Pull,Pull,127,162,153,140,127,159,153,133,126,166,153,145,111,79,122,90,-,-,-,-,-,121,-,-,5,NEU,92-94,OTT,Normal,114,60,-,-,-,48,39,47,36,3,3,3,97,-,-,-,-,-,-,-,-,97,-,-,-,-,-,-,-,-,75,81,68,86,,,0,0,0,0,0,0,0,0,0,0,0,0,0,0,0,0,0,0.0,0.00,0,-0.0,0.0,0.00,0,0,0.0,0.0,3,3,2,1,0,0,0,18.2,79,71,9,5,1,1,9,8,8,0,21,0,0,0,0,0,0,1,0,0,0,0.96,296,14,18,0,1,0.1,0.5,0.3,3.30,3,3,3,0,3,0,0,0,1.45,0.1,.000,1,1,18.2,0,0,1,0,0,0,0,0,0,0,0,0,-0.1,0.0
SP,Cy Young,Cy,Young,Buffalo Bisons,6' 2',210 lbs,R,R,102,Cleveland Spiders,CLE,1895,2026,HOF,86572,Perfect,Young & Old 2 - Hall of Fame  SP Cy Young  CL4  1895,0,N,0,32,72,1,24,94,45,41,1,51,121,27,80,1,9,88,35,6,Normal,Pull,Pull,118,151,142,130,118,148,142,123,117,154,142,135,111,79,122,90,-,-,-,-,-,121,-,-,5,NEU,92-94,OTT,Normal,114,60,-,-,-,48,39,47,36,3,3,3,90,-,-,-,-,-,-,-,-,90,-,-,-,-,-,-,-,-,75,81,68,86,,,0,0,0,0,0,0,0,0,0,0,0,0,0,0,0,0,0,0.0,0.00,0,-0.0,0.0,0.00,0,0,0.0,0.0,6,6,1,3,0,0,0,36.2,163,146,26,8,1,4,23,20,13,0,31,2,1,1,0,0,0,0,0,0,0,0.96,637,36,41,2,2,-1.0,0.5,0.2,4.11,6,6,3,1,2,0,0,0,0.74,0.5,1.091,4,2,36.2,0,0,1,1,0,0,0,0,0,0,0,0,-0.4,0.0
SP,Cy Young,Cy,Young,-,6' 2',210 lbs,R,R,102,Cleveland Spiders,CLE,1895,2026,HOF,86572,Perfect,Young & Old 2 - Hall of Fame  SP Cy Young  CL4  1895,0,N,0,32,72,1,24,94,45,41,1,51,121,27,80,1,9,88,35,6,Normal,Pull,Pull,118,151,142,130,118,148,142,123,117,154,142,135,111,79,122,90,-,-,-,-,-,121,-,-,5,NEU,92-94,OTT,Normal,114,60,-,-,-,48,39,47,36,3,3,3,90,-,-,-,-,-,-,-,-,90,-,-,-,-,-,-,-,-,75,81,68,86,,,0,0,0,0,0,0,0,0,0,0,0,0,0,0,0,0,0,0.0,0.00,0,-0.0,0.0,0.00,0,0,0.0,0.0,7,7,2,4,0,0,0,41.0,171,157,31,9,0,3,16,15,9,0,25,2,2,1,1,0,0,3,0,0,0,1.10,659,49,42,1,0,0.4,0.8,1.3,4.41,7,7,9,4,5,0,0,0,1.98,0.2,1.091,1,0,41.0,0,0,2,2,1,1,0,0,0,0,0,0,-0.5,0.0
SP,Cy Young,Cy,Young,Ware Wolves,6' 2',210 lbs,R,R,102,Cleveland Spiders,CLE,1895,2026,HOF,86572,Perfect,Young & Old 2 - Hall of Fame  SP Cy Young  CL4  1895,0,N,0,32,72,1,24,94,45,41,1,51,121,27,80,1,9,88,35,6,Normal,Pull,Pull,118,151,142,130,118,148,142,123,117,154,142,135,111,79,122,90,-,-,-,-,-,121,-,-,5,NEU,92-94,OTT,Normal,114,60,-,-,-,48,39,47,36,3,3,3,90,-,-,-,-,-,-,-,-,90,-,-,-,-,-,-,-,-,75,81,68,86,,,0,0,0,0,0,0,0,0,0,0,0,0,0,0,0,0,0,0.0,0.00,0,-0.0,0.0,0.00,0,0,0.0,0.0,33,33,13,10,0,0,0,238.1,987,908,145,51,5,24,107,104,56,0,193,12,3,7,4,2,1,17,0,0,0,1.05,3755,227,266,11,3,0.3,4.5,5.3,3.76,33,33,43,21,20,2,2,0,1.55,0.0,1.091,14,3,238.1,0,0,22,20,6,2,2,1,0,0,0,0,-1.5,0.0
SP,Cy Young,Cy,Young,Marshall M.I.C.E.,6' 2',210 lbs,R,R,102,Cleveland Spiders,CLE,1895,2026,HOF,86572,Perfect,Young & Old 2 - Hall of Fame  SP Cy Young  CL4  1895,0,N,0,32,72,1,24,94,45,41,1,51,121,27,80,1,9,88,35,6,Normal,Pull,Pull,118,151,142,130,118,148,142,123,117,154,142,135,111,79,122,90,-,-,-,-,-,121,-,-,5,NEU,92-94,OTT,Normal,114,60,-,-,-,48,39,47,36,3,3,3,90,-,-,-,-,-,-,-,-,90,-,-,-,-,-,-,-,-,75,81,68,86,,,0,0,0,0,0,0,0,0,0,0,0,0,0,0,0,0,0,0.0,0.00,0,-0.0,0.0,0.00,0,0,0.0,0.0,35,35,17,11,0,0,0,248.0,1036,950,158,55,3,22,105,96,63,0,183,13,1,8,9,0,1,26,0,0,0,1.02,4062,264,261,19,4,0.4,4.5,6.3,4.08,35,35,42,23,18,1,0,0,1.49,-0.7,1.044,23,4,248.0,0,0,23,19,7,6,1,1,0,0,0,0,-0.7,0.0
RP,Grant Balfour,Grant,Balfour,St. Louis Honkers,6' 2',200 lbs,R,R,100,Tampa Bay Rays,TBD,2008,2005-2014,,83314,Perfect,Snapshot  RP Grant Balfour  TB  2008,0,N,0,1,3,1,1,1,1,3,1,1,1,1,3,1,1,1,29,19,Normal,Pull,Pull,133,66,133,109,134,81,134,149,132,48,133,96,76,159,118,94,-,-,-,-,-,-,-,-,4,EX FB,94-96,OTT,Normal,19,69,-,-,-,30,20,24,23,10,9,8,58,-,-,-,-,-,-,-,-,58,-,-,-,-,-,-,-,-,5,4,6,5,,,0,0,0,0,0,0,0,0,0,0,0,0,0,0,0,0,0,0.0,0.00,0,-0.0,0.0,0.00,0,0,0.0,0.0,27,0,1,1,1,4,2,29.2,155,134,28,13,0,7,36,32,21,0,26,0,0,0,1,0,0,3,14,17,9,0.58,624,29,29,1,1,0.2,-0.8,-1.8,5.06,26,0,7,3,4,0,0,0,2.12,0.4,1.091,2,1,29.2,0,0,4,3,2,2,0,0,0,0,0,0,-0.1,0.0
RP,Grant Balfour,Grant,Balfour,Littleton CO Mountaineers,6' 2',200 lbs,R,R,100,Tampa Bay Rays,TBD,2008,2005-2014,,83314,Perfect,Snapshot  RP Grant Balfour  TB  2008,0,N,0,1,3,1,1,1,1,3,1,1,1,1,3,1,1,1,29,19,Normal,Pull,Pull,133,66,133,109,134,81,134,149,132,48,133,96,76,159,118,94,-,-,-,-,-,-,-,-,4,EX FB,94-96,OTT,Normal,19,69,-,-,-,30,20,24,23,10,9,8,58,-,-,-,-,-,-,-,-,58,-,-,-,-,-,-,-,-,5,4,6,5,,,0,0,0,0,0,0,0,0,0,0,0,0,0,0,0,0,0,0.0,0.00,0,-0.0,0.0,0.00,0,0,0.0,0.0,49,0,4,3,10,13,9,44.0,205,171,34,9,3,5,32,32,28,1,34,3,1,2,1,0,0,5,13,41,13,1.23,805,36,52,2,2,-0.3,-0.3,-0.6,5.13,48,0,4,2,2,0,0,0,0.82,0.1,1.091,4,2,44.0,0,0,4,2,0,0,0,0,0,0,0,0,-0.8,0.0
RP,Dellin Betances,Dellin,Betances,Joe Buck Yourself,6' 8',260 lbs,R,R,100,New York Yankees,NYY,2014,2005-2014,ME,83904,Perfect,Live Collection Reward - Historical All-Star  RP Dellin Betances  NYY  2014,0,N,0,1,3,1,3,1,1,3,1,3,1,1,3,1,3,1,26,26,Normal,Normal,Normal,140,86,121,111,140,105,116,140,140,71,126,87,100,-,166,107,-,-,-,-,-,-,-,-,3,NEU,98-100,3/4,Normal,25,33,-,-,-,27,20,23,23,10,10,7,55,-,-,-,-,-,-,-,-,55,-,-,-,-,-,-,-,-,5,5,6,5,,,0,0,0,0,0,0,0,0,0,0,0,0,0,0,0,0,0,0.0,0.00,0,-0.0,0.0,0.00,0,0,0.0,0.0,29,0,0,0,5,7,3,36.1,166,146,27,9,0,5,30,25,16,0,34,2,0,2,5,0,0,3,7,21,6,0.79,663,41,30,3,0,0.1,-0.1,-0.9,4.10,29,0,5,3,2,0,0,0,1.24,-0.3,1.091,3,0,36.1,0,0,2,2,0,0,0,0,0,0,0,0,-0.4,0.0
RP,Dellin Betances,Dellin,Betances,Long Island Sounders,6' 8',260 lbs,R,R,100,New York Yankees,NYY,2014,2005-2014,ME,83904,Perfect,Live Collection Reward - Historical All-Star  RP Dellin Betances  NYY  2014,0,N,0,1,3,1,3,1,1,3,1,3,1,1,3,1,3,1,26,26,Normal,Normal,Normal,140,86,121,111,140,105,116,140,140,71,126,87,100,-,166,107,-,-,-,-,-,-,-,-,3,NEU,98-100,3/4,Normal,25,33,-,-,-,27,20,23,23,10,10,7,55,-,-,-,-,-,-,-,-,55,-,-,-,-,-,-,-,-,5,5,6,5,,,0,0,0,0,0,0,0,0,0,0,0,0,0,0,0,0,0,0.0,0.00,0,-0.0,0.0,0.00,0,0,0.0,0.0,81,0,7,5,19,26,12,85.0,361,330,52,17,4,14,42,40,25,0,77,2,0,4,3,0,0,6,21,53,13,1.20,1456,82,85,8,2,0.9,-0.1,0.5,3.66,81,0,13,11,2,0,0,0,1.38,0.0,1.091,10,2,85.0,0,0,9,8,4,3,0,0,0,0,0,0,-0.7,0.0
RP,Dellin Betances,Dellin,Betances,St. Louis Honkers,6' 8',260 lbs,R,R,100,New York Yankees,NYY,2014,2005-2014,ME,83904,Perfect,Live Collection Reward - Historical All-Star  RP Dellin Betances  NYY  2014,0,N,0,1,3,1,3,1,1,3,1,3,1,1,3,1,3,1,26,26,Normal,Normal,Normal,140,86,121,111,140,105,116,140,140,71,126,87,100,-,166,107,-,-,-,-,-,-,-,-,3,NEU,98-100,3/4,Normal,25,33,-,-,-,27,20,23,23,10,10,7,55,-,-,-,-,-,-,-,-,55,-,-,-,-,-,-,-,-,5,5,6,5,,,0,0,0,0,0,0,0,0,0,0,0,0,0,0,0,0,0,0.0,0.00,0,-0.0,0.0,0.00,0,0,0.0,0.0,30,0,3,0,0,3,3,39.2,176,154,22,13,2,3,25,24,19,0,46,1,0,2,1,0,0,2,20,19,6,0.54,691,38,31,3,0,-0.2,0.5,-0.3,3.48,30,0,6,1,5,0,0,0,1.36,-0.5,1.091,3,0,39.2,0,0,1,1,0,0,1,0,0,0,0,0,-0.4,0.0
RP,Dellin Betances,Dellin,Betances,Real Intered Workers,6' 8',260 lbs,R,R,100,New York Yankees,NYY,2014,2005-2014,ME,83904,Perfect,Live Collection Reward - Historical All-Star  RP Dellin Betances  NYY  2014,0,N,0,1,3,1,3,1,1,3,1,3,1,1,3,1,3,1,26,26,Normal,Normal,Normal,140,86,121,111,140,105,116,140,140,71,126,87,100,-,166,107,-,-,-,-,-,-,-,-,3,NEU,98-100,3/4,Normal,25,33,-,-,-,27,20,23,23,10,10,7,55,-,-,-,-,-,-,-,-,55,-,-,-,-,-,-,-,-,5,5,6,5,,,0,0,0,0,0,0,0,0,0,0,0,0,0,0,0,0,0,0.0,0.00,0,-0.0,0.0,0.00,0,0,0.0,0.0,20,0,0,0,3,2,3,23.0,109,94,19,10,0,0,19,19,11,0,18,0,0,4,1,0,0,0,7,6,1,0.61,432,23,27,1,0,-0.2,0.4,-0.6,4.72,20,0,5,1,3,1,0,0,1.57,-1.2,.364,1,0,23.0,0,0,3,1,1,0,0,0,0,0,0,0,-0.1,0.0
RP,Dellin Betances,Dellin,Betances,Ware Wolves,6' 8',260 lbs,R,R,100,New York Yankees,NYY,2014,2005-2014,ME,83904,Perfect,Live Collection Reward - Historical All-Star  RP Dellin Betances  NYY  2014,0,N,0,1,3,1,3,1,1,3,1,3,1,1,3,1,3,1,26,26,Normal,Normal,Normal,140,86,121,111,140,105,116,140,140,71,126,87,100,-,166,107,-,-,-,-,-,-,-,-,3,NEU,98-100,3/4,Normal,25,33,-,-,-,27,20,23,23,10,10,7,55,-,-,-,-,-,-,-,-,55,-,-,-,-,-,-,-,-,5,5,6,5,,,0,0,0,0,0,0,0,0,0,0,0,0,0,0,0,0,0,0.0,0.00,0,-0.0,0.0,0.00,0,0,0.0,0.0,66,0,10,2,11,25,10,59.2,249,218,37,7,0,4,15,14,24,1,58,2,2,3,1,1,0,4,33,46,18,1.80,1019,66,49,2,0,1.4,1.1,2.6,3.74,65,0,14,5,9,0,0,0,2.11,0.1,1.091,2,0,59.2,0,0,6,6,1,0,1,1,0,0,0,0,-0.3,0.0
RP,Dellin Betances,Dellin,Betances,Orange Jackrabbits,6' 8',260 lbs,R,R,100,New York Yankees,NYY,2014,2005-2014,ME,83904,Perfect,Live Collection Reward - Historical All-Star  RP Dellin Betances  NYY  2014,0,N,0,1,3,1,3,1,1,3,1,3,1,1,3,1,3,1,26,26,Normal,Normal,Normal,140,86,121,111,140,105,116,140,140,71,126,87,100,-,166,107,-,-,-,-,-,-,-,-,3,NEU,98-100,3/4,Normal,25,33,-,-,-,27,20,23,23,10,10,7,55,-,-,-,-,-,-,-,-,55,-,-,-,-,-,-,-,-,5,5,6,5,,,0,0,0,0,0,0,0,0,0,0,0,0,0,0,0,0,0,0.0,0.00,0,-0.0,0.0,0.00,0,0,0.0,0.0,53,0,5,3,1,13,9,65.1,291,258,49,16,1,7,35,32,26,0,58,3,0,4,7,0,0,5,26,31,14,0.99,1160,63,65,3,3,-1.1,0.2,0.1,4.09,52,0,12,4,7,1,0,0,1.52,0.3,.873,6,3,65.1,0,0,4,3,2,1,0,0,0,0,0,0,0.0,0.0
RP,Dellin Betances,Dellin,Betances,Pulaski Pils,6' 8',260 lbs,R,R,100,New York Yankees,NYY,2014,2005-2014,ME,83904,Perfect,Live Collection Reward - Historical All-Star  RP Dellin Betances  NYY  2014,0,N,0,1,3,1,3,1,1,3,1,3,1,1,3,1,3,1,26,26,Normal,Normal,Normal,140,86,121,111,140,105,116,140,140,71,126,87,100,-,166,107,-,-,-,-,-,-,-,-,3,NEU,98-100,3/4,Normal,25,33,-,-,-,27,20,23,23,10,10,7,55,-,-,-,-,-,-,-,-,55,-,-,-,-,-,-,-,-,5,5,6,5,,,0,0,0,0,0,0,0,0,0,0,0,0,0,0,0,0,0,0.0,0.00,0,-0.0,0.0,0.00,0,0,0.0,0.0,61,0,0,4,13,11,11,51.1,233,202,28,17,1,8,34,33,28,2,42,2,0,1,2,0,0,3,15,34,14,1.04,959,44,62,5,1,-1.6,-0.6,-0.7,4.72,59,0,8,6,2,0,0,0,1.40,0.0,1.091,6,1,51.1,0,0,3,2,3,3,1,1,0,0,0,0,0.0,0.0
RP,Dellin Betances,Dellin,Betances,Dungeon Meshi Marcille,6' 8',260 lbs,R,R,100,New York Yankees,NYY,2014,2005-2014,ME,83904,Perfect,Live Collection Reward - Historical All-Star  RP Dellin Betances  NYY  2014,0,N,0,1,3,1,3,1,1,3,1,3,1,1,3,1,3,1,26,26,Normal,Normal,Normal,140,86,121,111,140,105,116,140,140,71,126,87,100,-,166,107,-,-,-,-,-,-,-,-,3,NEU,98-100,3/4,Normal,25,33,-,-,-,27,20,23,23,10,10,7,55,-,-,-,-,-,-,-,-,55,-,-,-,-,-,-,-,-,5,5,6,5,,,0,0,0,0,0,0,0,0,0,0,0,0,0,0,0,0,0,0.0,0.00,0,-0.0,0.0,0.00,0,0,0.0,0.0,40,0,3,4,3,9,4,52.0,214,198,39,8,2,6,24,19,14,0,46,0,0,2,2,0,0,8,18,27,10,0.97,806,50,47,10,1,-0.2,0.5,0.5,3.60,40,0,7,2,4,1,0,0,1.04,-1.8,.364,11,1,52.0,0,0,3,2,0,0,1,0,0,0,0,0,-0.1,0.0
RP,Dellin Betances,Dellin,Betances,Atlantic City Surf - GH,6' 8',260 lbs,R,R,100,New York Yankees,NYY,2014,2005-2014,ME,83904,Perfect,Live Collection Reward - Historical All-Star  RP Dellin Betances  NYY  2014,0,N,0,1,3,1,3,1,1,3,1,3,1,1,3,1,3,1,26,26,Normal,Normal,Normal,140,86,121,111,140,105,116,140,140,71,126,87,100,-,166,107,-,-,-,-,-,-,-,-,3,NEU,98-100,3/4,Normal,25,33,-,-,-,27,20,23,23,10,10,7,55,-,-,-,-,-,-,-,-,55,-,-,-,-,-,-,-,-,5,5,6,5,,,0,0,0,0,0,0,0,0,0,0,0,0,0,0,0,0,0,0.0,0.00,0,-0.0,0.0,0.00,0,0,0.0,0.0,49,0,6,3,11,17,9,61.0,258,226,34,11,0,8,25,23,28,1,65,1,0,3,1,0,0,6,22,30,9,1.37,1030,52,57,2,0,2.0,0.1,0.9,3.59,49,0,11,11,0,0,0,0,1.62,0.6,1.091,2,0,61.0,0,0,7,7,3,3,0,0,0,0,0,0,-0.4,0.0
RP,Dellin Betances,Dellin,Betances,Alhambra Moors - HotL TTC,6' 8',260 lbs,R,R,100,New York Yankees,NYY,2014,2005-2014,ME,83904,Perfect,Live Collection Reward - Historical All-Star  RP Dellin Betances  NYY  2014,0,N,0,1,3,1,3,1,1,3,1,3,1,1,3,1,3,1,26,26,Normal,Normal,Normal,140,86,121,111,140,105,116,140,140,71,126,87,100,-,166,107,-,-,-,-,-,-,-,-,3,NEU,98-100,3/4,Normal,25,33,-,-,-,27,20,23,23,10,10,7,55,-,-,-,-,-,-,-,-,55,-,-,-,-,-,-,-,-,5,5,6,5,,,0,0,0,0,0,0,0,0,0,0,0,0,0,0,0,0,0,0.0,0.00,0,-0.0,0.0,0.00,0,0,0.0,0.0,75,0,3,4,14,20,9,84.0,341,315,54,12,1,6,28,25,21,0,72,3,0,2,4,0,0,9,27,29,6,1.01,1351,67,100,5,3,1.0,1.2,1.9,3.55,74,0,16,12,2,2,0,0,1.50,0.1,.893,8,3,84.0,0,0,11,9,4,3,0,0,0,0,0,0,-0.3,0.0
RP,Vida Blue,Vida,Blue,Marshall M.I.C.E.,6' 0',190 lbs,S,L,101,Oakland Athletics,OAK,1971,1961-1979,,85756,Perfect,SwitchKnucklers - Hardware Heroes  SP Vida Blue  ATH  1971,0,N,0,90,43,3,37,14,97,70,6,51,12,88,30,3,33,15,76,9,Groundball,Pull,Pull,130,101,137,120,119,98,121,110,133,103,142,129,107,131,132,87,-,-,-,-,-,-,-,-,4,EX FB,90-92,3/4,Normal,97,63,-,-,-,24,36,27,20,1,7,4,68,-,-,-,-,-,-,-,-,68,-,-,-,-,-,-,-,-,39,54,30,37,,,0,0,0,0,0,0,0,0,0,0,0,0,0,0,0,0,0,0.0,0.00,0,-0.0,0.0,0.00,0,0,0.0,0.0,35,0,2,3,2,10,4,61.0,260,231,38,9,0,5,19,18,26,0,43,2,0,1,3,0,0,4,13,27,9,0.83,1023,70,64,3,2,1.0,0.2,1.6,4.68,34,0,11,4,7,0,0,0,1.62,0.3,1.091,5,2,61.0,0,0,3,2,1,1,0,0,0,0,0,0,-0.1,0.0
RP,Kevin Brown,Kevin,Brown,The Black Freighter TBD,6' 4',195 lbs,R,R,100,Florida Marlins,FLA,1996,1993-2004,,85401,Perfect,Played Where? - Historical All-Star  SP Kevin Brown  FLO  1996,0,N,0,7,28,3,36,17,8,19,5,43,24,7,31,3,34,15,48,58,Normal,Normal,Normal,87,118,124,126,83,117,127,131,90,120,121,121,85,-,93,84,95,117,-,-,-,-,-,-,5,EX GB,90-92,OTT,GB'er,94,60,-,-,-,35,20,25,22,10,3,3,64,-,-,-,-,-,-,-,-,64,-,-,-,-,-,-,-,-,6,5,6,7,,,0,0,0,0,0,0,0,0,0,0,0,0,0,0,0,0,0,0.0,0.00,0,-0.0,0.0,0.00,0,0,0.0,0.0,37,0,2,1,0,5,6,70.1,304,274,52,15,0,9,39,33,25,0,51,3,0,1,5,0,1,12,9,34,8,0.56,1231,89,58,4,0,-0.1,-0.0,0.2,4.46,37,0,13,5,8,0,1,0,1.66,-0.3,1.091,4,0,70.1,0,0,3,3,3,2,0,0,0,0,0,0,0.3,0.0
RP,Kevin Brown,Kevin,Brown,El Vampiro Ankle Biters,6' 4',195 lbs,R,R,100,Florida Marlins,FLA,1996,1993-2004,,85401,Perfect,Played Where? - Historical All-Star  SP Kevin Brown  FLO  1996,0,N,0,7,28,3,36,17,8,19,5,43,24,7,31,3,34,15,48,58,Normal,Normal,Normal,87,118,124,126,83,117,127,131,90,120,121,121,85,-,93,84,95,117,-,-,-,-,-,-,5,EX GB,90-92,OTT,GB'er,94,60,-,-,-,35,20,25,22,10,3,3,64,-,-,-,-,-,-,-,-,64,-,-,-,-,-,-,-,-,6,5,6,7,,,0,0,0,0,0,0,0,0,0,0,0,0,0,0,0,0,0,0.0,0.00,0,-0.0,0.0,0.00,0,0,0.0,0.0,38,0,3,2,0,7,2,69.0,287,266,44,16,1,6,34,33,18,0,51,0,0,3,3,0,0,6,17,20,2,0.58,1111,73,75,2,1,0.6,0.6,0.4,4.09,38,0,11,7,4,0,0,0,1.43,0.1,1.247,3,1,69.0,0,0,6,5,4,1,3,1,1,1,0,0,0.0,0.0
RP,Kevin Brown,Kevin,Brown,Marshall M.I.C.E.,6' 4',195 lbs,R,R,100,Florida Marlins,FLA,1996,1993-2004,,85401,Perfect,Played Where? - Historical All-Star  SP Kevin Brown  FLO  1996,0,N,0,7,28,3,36,17,8,19,5,43,24,7,31,3,34,15,48,58,Normal,Normal,Normal,87,118,124,126,83,117,127,131,90,120,121,121,85,-,93,84,95,117,-,-,-,-,-,-,5,EX GB,90-92,OTT,GB'er,94,60,-,-,-,35,20,25,22,10,3,3,64,-,-,-,-,-,-,-,-,64,-,-,-,-,-,-,-,-,6,5,6,7,,,0,0,0,0,0,0,0,0,0,0,0,0,0,0,0,0,0,0.0,0.00,0,-0.0,0.0,0.00,0,0,0.0,0.0,19,0,1,0,0,0,3,26.1,129,112,24,7,0,4,21,18,11,1,19,1,2,3,4,0,0,1,13,14,10,0.56,512,36,23,1,0,-0.2,-0.2,-0.5,4.77,18,0,7,2,4,1,0,0,2.05,-0.4,.546,1,0,26.1,0,0,2,2,1,0,0,0,0,0,0,0,-0.3,0.0
RP,Walker Buehler,Walker,Buehler,Alhambra Moors - HotL TTC,6' 2',185 lbs,R,R,100,Los Angeles Dodgers,LAD,2021,2015+,ME,83892,Perfect,Live Collection Reward - Historical All-Star  SP Walker Buehler  LAD  2021,0,N,0,1,6,1,7,1,1,9,1,4,1,1,5,1,8,1,47,23,Normal,Normal,Normal,85,93,122,115,78,81,116,119,90,104,127,114,98,79,72,84,85,-,77,-,-,-,-,-,6,GB,95-97,3/4,GB'er,69,38,-,-,-,34,20,26,23,10,2,8,64,-,-,-,-,-,-,-,-,64,-,-,-,-,-,-,-,-,21,4,6,37,,,0,0,0,0,0,0,0,0,0,0,0,0,0,0,0,0,0,0.0,0.00,0,-0.0,0.0,0.00,0,0,0.0,0.0,28,0,1,1,0,4,1,59.0,250,219,33,9,1,8,25,25,26,0,44,2,0,3,3,0,0,7,12,26,12,0.68,991,54,71,5,1,0.6,-0.3,0.8,4.59,28,0,12,6,5,1,0,0,1.68,-0.5,.935,6,1,59.0,0,0,7,5,2,2,0,0,0,0,0,0,-0.7,0.0
RP,Aroldis Chapman,Aroldis,Chapman,Krakow Hussars,6' 4',235 lbs,L,L,101,Chicago Cubs,CHC,2016,2015+,CS,86413,Perfect,Clubhouse - Baseball Reference 6  CL Aroldis Chapman  CHC  2016,0,N,0,1,3,1,3,1,1,3,1,3,1,1,3,1,3,1,22,1,Normal,Normal,Normal,180,87,134,153,166,50,151,171,184,97,128,147,145,-,-,147,-,116,-,-,-,-,-,-,3,NEU,100+,OTT,Normal,17,49,-,-,-,29,20,24,23,10,4,7,57,-,-,-,-,-,-,-,-,57,-,-,-,-,-,-,-,-,16,4,6,28,,,0,0,0,0,0,0,0,0,0,0,0,0,0,0,0,0,0,0.0,0.00,0,-0.0,0.0,0.00,0,0,0.0,0.0,48,0,4,1,2,10,5,53.0,236,199,30,12,2,6,24,22,35,0,48,1,1,0,2,1,0,6,18,41,14,0.84,985,63,36,2,4,0.7,-0.2,0.6,4.72,46,0,8,4,3,1,0,0,1.19,0.9,.818,6,4,53.0,0,0,4,3,1,1,0,0,0,0,0,0,-0.4,0.0
RP,Aroldis Chapman,Aroldis,Chapman,Marshall M.I.C.E.,6' 4',235 lbs,L,L,101,Chicago Cubs,CHC,2016,2015+,CS,86413,Perfect,Clubhouse - Baseball Reference 6  CL Aroldis Chapman  CHC  2016,0,N,0,1,3,1,3,1,1,3,1,3,1,1,3,1,3,1,22,1,Normal,Normal,Normal,180,87,134,153,166,50,151,171,184,97,128,147,145,-,-,147,-,116,-,-,-,-,-,-,3,NEU,100+,OTT,Normal,17,49,-,-,-,29,20,24,23,10,4,7,57,-,-,-,-,-,-,-,-,57,-,-,-,-,-,-,-,-,16,4,6,28,,,0,0,0,0,0,0,0,0,0,0,0,0,0,0,0,0,0,0.0,0.00,0,-0.0,0.0,0.00,0,0,0.0,0.0,61,0,4,7,0,37,8,57.0,249,216,35,9,0,3,23,22,31,2,54,1,0,1,4,0,0,5,50,16,3,2.52,1034,56,56,0,0,0.8,1.1,1.7,4.24,60,0,10,5,5,0,1,0,1.58,-0.1,.909,0,0,57.0,0,0,4,4,2,1,0,0,0,0,0,0,-0.3,0.0
RP,Aroldis Chapman,Aroldis,Chapman,Kumamoto Ozeki TBD,6' 4',235 lbs,L,L,101,Chicago Cubs,CHC,2016,2015+,CS,86413,Perfect,Clubhouse - Baseball Reference 6  CL Aroldis Chapman  CHC  2016,0,N,0,1,3,1,3,1,1,3,1,3,1,1,3,1,3,1,22,1,Normal,Normal,Normal,180,87,134,153,166,50,151,171,184,97,128,147,145,-,-,147,-,116,-,-,-,-,-,-,3,NEU,100+,OTT,Normal,17,49,-,-,-,29,20,24,23,10,4,7,57,-,-,-,-,-,-,-,-,57,-,-,-,-,-,-,-,-,16,4,6,28,,,0,0,0,0,0,0,0,0,0,0,0,0,0,0,0,0,0,0.0,0.00,0,-0.0,0.0,0.00,0,0,0.0,0.0,82,0,5,3,33,24,13,69.1,288,256,39,15,0,6,30,28,27,0,78,1,1,3,2,0,0,9,11,36,6,1.23,1197,62,58,5,0,0.6,1.1,1.0,3.18,82,0,11,4,7,0,2,0,1.43,-0.9,.818,5,0,69.1,0,0,1,1,3,2,0,0,0,0,0,0,-0.3,0.0
RP,Eddie Cicotte,Eddie,Cicotte,Marshall M.I.C.E.,5' 9',175 lbs,S,R,100,Chicago White Sox,CHW,1917,2026,CS,85727,Perfect,Clubhouse - SwitchKnucklers - Veteran Presence  SP Eddie Cicotte  CWS  1917,0,N,0,22,43,5,62,24,14,49,5,58,30,25,41,5,63,23,64,8,Normal,Normal,Normal,105,104,134,120,105,79,124,114,105,135,142,136,50,-,56,-,-,-,-,-,-,-,94,152,4,EX FB,88-90,3/4,Normal,105,59,-,-,-,35,23,27,23,8,3,2,68,-,-,-,-,-,-,-,-,68,-,-,-,-,-,-,-,-,68,73,67,66,,,0,0,0,0,0,0,0,0,0,0,0,0,0,0,0,0,0,0.0,0.00,0,-0.0,0.0,0.00,0,0,0.0,0.0,28,15,11,9,0,0,0,166.2,743,650,103,38,5,21,109,99,80,1,134,4,2,6,2,2,1,14,0,8,1,0.99,3033,151,196,13,3,-2.3,0.9,0.1,4.57,28,15,29,15,13,1,0,0,1.51,-0.8,.955,16,3,166.2,0,0,15,13,4,3,0,0,0,0,0,0,-1.4,0.0
RP,Sean Doolittle,Sean,Doolittle,Marshall M.I.C.E.,6' 2',205 lbs,L,L,101,Washington Nationals,WSN,2018,2015+,CS,86281,Perfect,Clubhouse - Historical All-Star  CL Sean Doolittle  WAS  2018,0,N,0,1,3,1,3,1,1,3,1,3,1,1,3,1,3,1,21,1,Normal,Spray,Spray,152,125,181,119,180,66,200,160,143,150,175,115,128,-,-,123,-,-,-,-,-,-,-,-,2,EX FB,93-95,3/4,Normal,11,57,-,-,-,27,20,23,23,2,9,3,55,-,-,-,-,-,-,-,-,55,-,-,-,-,-,-,-,-,5,5,6,5,,,0,0,0,0,0,0,0,0,0,0,0,0,0,0,0,0,0,0.0,0.00,0,-0.0,0.0,0.00,0,0,0.0,0.0,35,11,0,2,13,8,2,31.2,130,120,17,6,0,4,13,11,9,1,23,1,0,0,2,0,0,4,4,17,3,1.31,510,32,35,1,0,0.3,0.3,0.7,4.18,35,11,5,3,1,1,0,0,1.14,-0.4,.727,1,0,31.2,0,0,2,1,1,1,0,0,0,0,0,0,-0.3,0.0
RP,Whitey Ford,Whitey,Ford,Marshall M.I.C.E.,5' 10',180 lbs,L,L,100,New York Yankees,NYY,1961,1961-1979,HOF,85113,Perfect,HOF 1 - Hall of Fame  SP Whitey Ford  NYY  1961,0,N,0,8,30,4,60,28,10,32,2,50,16,8,30,5,62,31,53,2,Normal,Normal,Normal,112,98,110,118,130,113,131,119,107,95,103,118,103,103,118,95,-,-,-,-,-,-,-,-,4,NEU,89-91,3/4,Normal,97,90,-,-,-,27,27,27,27,1,8,3,62,-,-,-,-,-,-,-,-,62,-,-,-,-,-,-,-,-,13,7,11,18,,,0,0,0,0,0,0,0,0,0,0,0,0,0,0,0,0,0,0.0,0.00,0,-0.0,0.0,0.00,0,0,0.0,0.0,35,2,0,1,9,10,3,23.0,104,94,14,10,1,0,9,6,6,2,27,3,1,0,1,0,0,1,11,33,9,1.48,423,19,22,0,0,0.9,0.9,0.5,2.89,34,2,6,2,3,1,0,0,1.96,-0.4,1.091,0,0,23.0,0,0,5,3,1,0,0,0,0,0,0,0,0.0,0.0
RP,Rich Gossage,Rich,Gossage,Kansas City Torrent,6' 3',215 lbs,R,R,101,New York Yankees,NYA,1982,1980-1992,HOF,85046,Perfect,All-Star Week - Hall of Fame  CL Rich Gossage  NYY  1982,85 707,N,0,1,3,1,3,1,1,3,1,3,1,1,3,1,3,1,27,17,Normal,Normal,Normal,153,100,141,144,133,72,138,150,169,133,143,140,136,-,-,134,-,-,-,-,-,-,-,-,2,EX FB,97-99,3/4,Normal,48,61,-,-,-,26,13,20,23,10,4,7,45,-,-,-,-,-,-,-,-,45,-,-,-,-,-,-,-,-,15,5,6,25,,,0,0,0,0,0,0,0,0,0,0,0,0,0,0,0,0,0,0.0,0.00,0,-0.0,0.0,0.00,0,0,0.0,0.0,62,0,5,8,2,21,13,86.2,366,327,50,14,2,9,33,24,31,3,74,1,2,5,4,0,0,6,37,36,11,1.36,1431,76,101,4,2,1.6,0.6,1.7,3.98,62,0,17,12,4,1,1,0,1.66,0.5,1.013,6,2,86.2,0,0,8,6,6,5,2,2,0,0,0,0,-0.7,0.0
RP,Rich Gossage,Rich,Gossage,Marshall M.I.C.E.,6' 3',215 lbs,R,R,101,New York Yankees,NYA,1982,1980-1992,HOF,85046,Perfect,All-Star Week - Hall of Fame  CL Rich Gossage  NYY  1982,0,N,0,1,3,1,3,1,1,3,1,3,1,1,3,1,3,1,27,17,Normal,Normal,Normal,153,100,141,144,133,72,138,150,169,133,143,140,136,-,-,134,-,-,-,-,-,-,-,-,2,EX FB,97-99,3/4,Normal,48,61,-,-,-,26,13,20,23,10,4,7,45,-,-,-,-,-,-,-,-,45,-,-,-,-,-,-,-,-,15,5,6,25,,,0,0,0,0,0,0,0,0,0,0,0,0,0,0,0,0,0,0.0,0.00,0,-0.0,0.0,0.00,0,0,0.0,0.0,56,0,4,3,18,17,9,60.1,260,233,37,12,1,8,28,26,20,1,50,1,2,4,2,1,0,1,17,34,10,1.08,1050,59,69,4,1,0.0,0.2,0.7,4.04,55,0,13,8,5,0,0,0,1.94,0.2,1.091,5,1,60.1,0,0,8,8,2,1,0,0,0,0,0,0,-0.3,0.0
RP,Joe Grzenda,Joe,Grzenda,Fortuna Lifters,6' 2',180 lbs,R,L,98,Washington Senators,TEX,1971,1961-1979,ME,83323,Diamond,Live Collection Reward - Snapshot  RP Joe Grzenda  WS2  1971,0,N,0,2,3,1,3,1,2,3,1,3,1,2,3,1,3,1,28,22,Normal,Normal,Normal,94,83,95,134,119,150,105,150,88,65,92,128,-,-,-,79,-,142,-,-,-,-,-,-,2,NEU,89-91,3/4,Normal,62,115,-,-,-,30,20,24,23,1,5,9,59,-,-,-,-,-,-,-,-,59,-,-,-,-,-,-,-,-,7,4,6,10,,,0,0,0,0,0,0,0,0,0,0,0,0,0,0,0,0,0,0.0,0.00,0,-0.0,0.0,0.00,0,0,0.0,0.0,48,0,3,7,6,10,12,49.2,220,189,35,12,2,6,26,25,26,0,44,2,2,1,1,0,0,7,19,19,11,1.54,900,50,41,0,2,-2.0,-0.2,0.2,4.40,46,0,5,4,0,1,0,0,0.72,0.5,.727,2,2,49.2,0,0,3,2,1,1,0,0,0,0,0,0,-1.1,0.0
RP,Joe Grzenda,Joe,Grzenda,Manchester Camels,6' 2',180 lbs,R,L,98,Washington Senators,TEX,1971,1961-1979,ME,83323,Diamond,Live Collection Reward - Snapshot  RP Joe Grzenda  WS2  1971,0,N,0,2,3,1,3,1,2,3,1,3,1,2,3,1,3,1,28,22,Normal,Normal,Normal,94,83,95,134,119,150,105,150,88,65,92,128,-,-,-,79,-,142,-,-,-,-,-,-,2,NEU,89-91,3/4,Normal,62,115,-,-,-,30,20,24,23,1,5,9,59,-,-,-,-,-,-,-,-,59,-,-,-,-,-,-,-,-,7,4,6,10,,,0,0,0,0,0,0,0,0,0,0,0,0,0,0,0,0,0,0.0,0.00,0,-0.0,0.0,0.00,0,0,0.0,0.0,67,0,2,2,17,16,15,54.0,238,211,44,12,1,4,33,30,18,0,53,4,0,5,4,0,0,8,9,64,22,1.21,948,60,38,0,2,-1.8,0.7,-0.4,3.66,66,0,7,4,3,0,0,0,1.17,0.4,.873,2,2,54.0,0,0,4,3,2,1,0,0,0,0,0,0,-0.7,0.0
RP,Joe Grzenda,Joe,Grzenda,Real Intered Workers,6' 2',180 lbs,R,L,98,Washington Senators,TEX,1971,1961-1979,ME,83323,Diamond,Live Collection Reward - Snapshot  RP Joe Grzenda  WS2  1971,0,N,0,2,3,1,3,1,2,3,1,3,1,2,3,1,3,1,28,22,Normal,Normal,Normal,94,83,95,134,119,150,105,150,88,65,92,128,-,-,-,79,-,142,-,-,-,-,-,-,2,NEU,89-91,3/4,Normal,62,115,-,-,-,30,20,24,23,1,5,9,59,-,-,-,-,-,-,-,-,59,-,-,-,-,-,-,-,-,7,4,6,10,,,0,0,0,0,0,0,0,0,0,0,0,0,0,0,0,0,0,0.0,0.00,0,-0.0,0.0,0.00,0,0,0.0,0.0,31,0,2,5,4,7,5,18.2,94,81,20,4,2,3,19,18,10,0,10,1,0,2,3,0,0,2,1,17,7,1.35,351,25,19,0,0,-1.5,-0.4,-1.0,5.58,28,0,5,3,2,0,0,0,2.41,0.1,1.091,0,0,18.2,0,0,2,1,2,2,0,0,0,0,0,0,-0.4,0.0
RP,Josh Hader,Josh,Hader,Milwaukee Braves,6' 3',185 lbs,L,L,100,Milwaukee Brewers,MIL,2018,2015+,,84066,Perfect,Historical All-Star  CL Josh Hader  MIL  2018,0,N,0,3,20,1,25,3,3,19,1,22,3,4,21,1,26,4,23,5,Normal,Normal,Normal,143,66,118,96,146,58,114,152,142,69,120,82,85,158,-,111,-,-,-,-,-,-,-,-,3,EX FB,94-96,SIDE,Normal,19,115,-,-,-,27,13,21,23,6,9,5,47,-,-,-,-,-,-,-,-,47,-,-,-,-,-,-,-,-,16,3,6,28,,,0,0,0,0,0,0,0,0,0,0,0,0,0,0,0,0,0,0.0,0.00,0,-0.0,0.0,0.00,0,0,0.0,0.0,18,0,2,1,2,8,2,18.2,84,72,10,1,0,5,10,10,12,2,22,0,0,0,0,0,0,0,1,19,7,1.12,352,15,19,1,0,1.0,-0.3,0.0,3.84,18,0,3,3,0,0,0,0,1.45,-0.0,1.091,1,0,18.2,0,0,1,1,3,2,0,0,0,0,0,0,0.0,0.0
RP,J.A. Happ,J.A.,Happ,Alhambra Moors - HotL TTC,6' 5',205 lbs,L,L,87,Pittsburgh Pirates,PIT,2015,2015+,CS,86352,Gold,Clubhouse - Baseball Reference 6  SP J.A. Happ  PIT  2015,0,N,0,1,2,1,3,1,1,5,1,2,3,2,2,1,4,1,29,1,Normal,Normal,Normal,125,99,72,116,110,122,60,150,130,94,77,112,120,99,129,84,99,-,-,-,-,-,-,-,5,FB,92-94,3/4,Normal,62,57,-,-,-,35,38,32,23,6,9,10,80,-,-,-,-,-,-,-,-,80,-,-,-,-,-,-,-,-,9,5,6,13,,,0,0,0,0,0,0,0,0,0,0,0,0,0,0,0,0,0,0.0,0.00,0,-0.0,0.0,0.00,0,0,0.0,0.0,27,0,0,3,0,2,5,46.2,208,188,34,6,1,8,34,33,17,0,45,2,0,1,4,0,0,5,14,22,7,0.91,804,40,50,9,1,-0.8,-0.1,-0.7,3.75,27,0,4,1,3,0,0,0,0.77,-1.4,.000,10,1,46.2,0,0,2,1,0,0,0,0,0,0,0,0,-0.4,0.0
RP,Tom Henke,Tom,Henke,Long Island Sounders,6' 5',215 lbs,R,R,100,Toronto Blue Jays,TOR,1987,1980-1992,,85918,Perfect,Blue Jays 50th Anniversary  CL Tom Henke  TOR  1987,0,N,0,1,3,1,3,1,1,3,1,3,1,1,3,1,3,1,29,1,Normal,Spray,Spray,150,125,128,100,137,122,142,111,160,128,116,83,122,-,-,100,-,-,-,129,-,-,-,-,3,EX FB,92-94,3/4,Normal,25,57,-,-,-,35,20,26,23,3,9,2,64,-,-,-,-,-,-,-,-,64,-,-,-,-,-,-,-,-,5,4,6,5,,,0,0,0,0,0,0,0,0,0,0,0,0,0,0,0,0,0,0.0,0.00,0,-0.0,0.0,0.00,0,0,0.0,0.0,73,0,2,2,13,13,19,76.0,340,308,60,17,1,10,43,43,23,0,61,1,1,7,8,0,0,3,24,38,7,1.00,1342,67,94,4,2,-1.7,0.1,-0.2,4.11,73,0,12,3,7,2,0,0,1.18,-1.0,.546,6,2,76.0,0,0,7,4,1,0,0,0,0,0,0,0,-0.9,0.0
RP,Tom Henke,Tom,Henke,Kansas City Torrent,6' 5',215 lbs,R,R,100,Toronto Blue Jays,TOR,1987,1980-1992,,85918,Perfect,Blue Jays 50th Anniversary  CL Tom Henke  TOR  1987,90 379,N,0,1,3,1,3,1,1,3,1,3,1,1,3,1,3,1,29,1,Normal,Spray,Spray,150,125,128,100,137,122,142,111,160,128,116,83,122,-,-,100,-,-,-,129,-,-,-,-,3,EX FB,92-94,3/4,Normal,25,57,-,-,-,35,20,26,23,3,9,2,64,-,-,-,-,-,-,-,-,64,-,-,-,-,-,-,-,-,5,4,6,5,,,0,0,0,0,0,0,0,0,0,0,0,0,0,0,0,0,0,0.0,0.00,0,-0.0,0.0,0.00,0,0,0.0,0.0,48,0,2,2,5,9,11,55.2,240,222,38,13,2,7,29,26,13,0,50,2,1,2,0,2,0,7,18,25,8,0.98,917,51,59,1,1,-1.0,0.4,0.1,3.55,45,0,6,2,3,1,1,0,0.81,-0.5,.364,2,1,55.2,0,0,3,1,1,1,2,1,0,0,0,0,-0.4,0.0
RP,Trevor Hoffman,Trevor,Hoffman,Meaty Oakers,6' 1',200 lbs,R,R,100,San Diego Padres,SDP,1994,1993-2004,ME,83299,Perfect,Live Collection Reward - Hall of Fame  CL Trevor Hoffman  SD  1994,0,N,0,1,3,1,3,2,1,3,1,3,2,1,3,1,3,2,21,32,Normal,Spray,Spray,116,81,118,130,113,77,115,140,118,85,121,122,78,152,93,92,-,-,-,-,-,-,-,-,4,EX FB,90-92,3/4,Normal,12,93,-,-,-,25,20,22,23,3,9,2,52,-,-,-,-,-,-,-,-,52,-,-,-,-,-,-,-,-,7,4,6,9,,,0,0,0,0,0,0,0,0,0,0,0,0,0,0,0,0,0,0.0,0.00,0,-0.0,0.0,0.00,0,0,0.0,0.0,48,0,1,2,3,14,5,52.0,214,198,36,9,1,3,14,13,15,0,36,1,0,0,1,0,0,3,23,31,6,1.33,818,46,65,0,0,1.0,0.7,1.8,4.30,47,0,8,3,5,0,0,0,1.38,0.3,1.091,0,0,52.0,0,0,3,3,1,1,0,0,0,0,0,0,0.0,0.0
RP,Trevor Hoffman,Trevor,Hoffman,Krakow Hussars,6' 1',200 lbs,R,R,100,San Diego Padres,SDP,1994,1993-2004,ME,83299,Perfect,Live Collection Reward - Hall of Fame  CL Trevor Hoffman  SD  1994,0,N,0,1,3,1,3,2,1,3,1,3,2,1,3,1,3,2,21,32,Normal,Spray,Spray,116,81,118,130,113,77,115,140,118,85,121,122,78,152,93,92,-,-,-,-,-,-,-,-,4,EX FB,90-92,3/4,Normal,12,93,-,-,-,25,20,22,23,3,9,2,52,-,-,-,-,-,-,-,-,52,-,-,-,-,-,-,-,-,7,4,6,9,,,0,0,0,0,0,0,0,0,0,0,0,0,0,0,0,0,0,0.0,0.00,0,-0.0,0.0,0.00,0,0,0.0,0.0,52,0,2,3,2,14,12,49.2,232,205,43,15,1,6,40,37,21,1,33,2,2,2,5,0,0,2,16,27,9,1.09,835,43,66,3,0,-0.1,-0.2,-1.2,4.94,51,0,9,1,8,0,1,0,1.63,-0.5,1.091,3,0,49.2,0,0,3,2,0,0,0,0,0,0,0,0,0.0,0.0
RP,Trevor Hoffman,Trevor,Hoffman,Kumamoto Ozeki TBD,6' 1',200 lbs,R,R,100,San Diego Padres,SDP,1994,1993-2004,ME,83299,Perfect,Live Collection Reward - Hall of Fame  CL Trevor Hoffman  SD  1994,0,N,0,1,3,1,3,2,1,3,1,3,2,1,3,1,3,2,21,32,Normal,Spray,Spray,116,81,118,130,113,77,115,140,118,85,121,122,78,152,93,92,-,-,-,-,-,-,-,-,4,EX FB,90-92,3/4,Normal,12,93,-,-,-,25,20,22,23,3,9,2,52,-,-,-,-,-,-,-,-,52,-,-,-,-,-,-,-,-,7,4,6,9,,,0,0,0,0,0,0,0,0,0,0,0,0,0,0,0,0,0,0.0,0.00,0,-0.0,0.0,0.00,0,0,0.0,0.0,51,0,5,1,9,17,4,55.2,209,191,21,4,2,0,6,6,17,1,51,1,0,0,2,0,0,5,19,31,5,1.17,853,48,63,3,0,1.3,1.6,2.8,3.34,51,0,8,6,2,0,0,0,1.29,0.1,1.091,3,0,55.2,0,0,3,3,3,3,0,0,0,0,0,0,-0.5,0.0
RP,Carl Hubbell,Carl,Hubbell,Meaty Oakers,6' 0',170 lbs,R,L,100,New York Giants,SFG,1934,1921-1945,ME,83325,Perfect,Live NL Collection - Historical All-Star  SP Carl Hubbell  NY1  1934,0,N,0,3,45,1,32,28,3,47,1,28,28,4,45,1,33,28,78,33,Normal,Spray,Spray,82,146,125,111,75,150,97,120,84,144,134,102,75,-,115,-,-,-,-,-,-,93,-,-,3,FB,89-91,3/4,Finesse,103,72,-,-,-,27,29,28,27,3,1,8,66,-,-,-,-,-,-,-,-,66,-,-,-,-,-,-,-,-,8,14,6,7,,,0,0,0,0,0,0,0,0,0,0,0,0,0,0,0,0,0,0.0,0.00,0,-0.0,0.0,0.00,0,0,0.0,0.0,60,0,4,2,9,15,7,80.2,349,314,55,13,1,8,40,36,28,0,64,5,1,1,4,2,0,6,25,48,16,1.05,1378,94,77,4,1,0.9,0.3,0.5,4.20,60,0,15,7,6,2,0,0,1.45,-1.0,.849,5,1,80.2,0,0,9,7,2,0,0,0,0,0,0,0,-0.1,0.0
RP,Carl Hubbell,Carl,Hubbell,Long Island Sounders,6' 0',170 lbs,R,L,100,New York Giants,SFG,1934,1921-1945,ME,83325,Perfect,Live NL Collection - Historical All-Star  SP Carl Hubbell  NY1  1934,0,N,0,3,45,1,32,28,3,47,1,28,28,4,45,1,33,28,78,33,Normal,Spray,Spray,82,146,125,111,75,150,97,120,84,144,134,102,75,-,115,-,-,-,-,-,-,93,-,-,3,FB,89-91,3/4,Finesse,103,72,-,-,-,27,29,28,27,3,1,8,66,-,-,-,-,-,-,-,-,66,-,-,-,-,-,-,-,-,8,14,6,7,,,0,0,0,0,0,0,0,0,0,0,0,0,0,0,0,0,0,0.0,0.00,0,-0.0,0.0,0.00,0,0,0.0,0.0,59,0,2,0,2,11,8,93.1,399,366,67,26,3,7,45,37,25,2,73,4,0,4,0,0,0,16,21,34,16,0.86,1531,97,93,5,2,0.2,1.0,0.6,4.01,58,0,14,8,6,0,2,0,1.35,-0.1,1.091,7,2,93.1,0,0,3,2,8,5,0,0,0,0,0,0,-0.5,0.0
RP,Carl Hubbell,Carl,Hubbell,Kumamoto Ozeki TBD,6' 0',170 lbs,R,L,100,New York Giants,SFG,1934,1921-1945,ME,83325,Perfect,Live NL Collection - Historical All-Star  SP Carl Hubbell  NY1  1934,0,N,0,3,45,1,32,28,3,47,1,28,28,4,45,1,33,28,78,33,Normal,Spray,Spray,82,146,125,111,75,150,97,120,84,144,134,102,75,-,115,-,-,-,-,-,-,93,-,-,3,FB,89-91,3/4,Finesse,103,72,-,-,-,27,29,28,27,3,1,8,66,-,-,-,-,-,-,-,-,66,-,-,-,-,-,-,-,-,8,14,6,7,,,0,0,0,0,0,0,0,0,0,0,0,0,0,0,0,0,0,0.0,0.00,0,-0.0,0.0,0.00,0,0,0.0,0.0,64,2,3,6,5,10,10,100.0,412,383,57,23,4,9,46,44,24,2,78,3,1,1,3,1,0,7,34,45,9,0.85,1576,108,101,6,0,-0.6,1.2,1.0,3.87,64,2,19,12,7,0,0,0,1.71,-0.4,1.091,6,0,100.0,0,0,9,7,3,3,0,0,0,0,0,0,-0.7,0.0
RP,Kenley Jansen,Kenley,Jansen,Milwaukee Braves,6' 5',265 lbs,S,R,100,Los Angeles Dodgers,LAD,2017,2015+,CS,85705,Perfect,Clubhouse - SwitchKnucklers - Historical All-Star  CL Kenley Jansen  LAD  2017,0,N,0,2,4,1,3,1,2,4,1,3,1,2,5,1,3,2,23,1,Normal,Normal,Normal,141,142,121,116,118,137,108,93,160,147,133,150,-,-,-,102,121,-,154,-,-,-,-,-,3,EX FB,95-97,OTT,Normal,19,48,-,-,-,27,20,23,23,3,9,9,55,-,-,-,-,-,-,-,-,55,-,-,-,-,-,-,-,-,13,4,6,22,,,0,0,0,0,0,0,0,0,0,0,0,0,0,0,0,0,0,0.0,0.00,0,-0.0,0.0,0.00,0,0,0.0,0.0,42,0,2,2,3,6,10,46.1,206,188,35,11,1,5,18,17,15,0,40,2,0,0,2,0,1,1,19,35,13,0.76,791,40,55,4,1,-1.0,0.3,0.8,3.95,40,0,7,1,6,0,0,0,1.36,-0.6,1.091,5,1,46.1,0,0,2,1,1,0,0,0,0,0,0,0,-0.3,0.0
RP,Hong-Chih Kuo,Hong-Chih,Kuo,Chicago Dogs,6' 0',200 lbs,L,L,101,Los Angeles Dodgers,LAD,2010,2005-2014,LE,86150,Perfect,Limited Edition/18  RP Hong-Chih Kuo  LAD  2010,0,N,0,1,3,1,3,1,1,3,1,3,1,1,3,1,4,1,23,1,Normal,Normal,Normal,134,94,156,140,150,112,175,143,129,90,150,138,123,81,-,119,-,-,-,-,-,-,-,-,3,EX FB,93-95,3/4,Normal,19,61,-,-,-,27,20,23,23,4,4,1,55,-,-,-,-,-,-,-,-,55,-,-,-,-,-,-,-,-,6,3,6,7,,,0,0,0,0,0,0,0,0,0,0,0,0,0,0,0,0,0,0.0,0.00,0,-0.0,0.0,0.00,0,0,0.0,0.0,61,0,5,5,10,19,5,59.0,255,224,41,10,0,5,25,25,26,1,44,2,0,3,3,0,0,5,22,46,14,1.48,1015,47,78,1,1,1.2,0.1,0.7,4.59,61,0,6,4,2,0,0,0,0.92,0.6,1.091,2,1,59.0,0,0,4,4,0,0,0,0,0,0,0,0,-0.4,0.0
RP,Cliff Lee,Cliff,Lee,Dungeon Meshi Marcille,6' 3',205 lbs,L,L,100,Philadelphia Phillies,PHI,2011,2005-2014,BBR,85693,Perfect,June Gems - Baseball Reference 3  SP Cliff Lee  PHI  2011,0,N,0,10,17,17,13,9,6,18,27,7,5,12,17,14,15,11,54,5,Normal,Spray,Spray,126,128,94,118,109,150,115,119,132,121,89,118,111,111,104,-,132,-,72,-,-,-,-,-,5,NEU,91-93,3/4,Normal,84,63,-,-,-,24,14,20,23,1,3,5,45,-,-,-,-,-,-,-,-,45,-,-,-,-,-,-,-,-,55,54,67,50,,,0,0,0,0,0,0,0,0,0,0,0,0,0,0,0,0,0,0.0,0.00,0,-0.0,0.0,0.00,0,0,0.0,0.0,38,16,4,9,0,6,2,123.2,539,491,90,28,3,16,71,69,39,0,107,6,0,3,7,0,0,14,9,16,3,0.94,2123,126,116,4,2,-1.6,1.2,0.8,3.90,38,16,15,10,3,2,0,0,0.95,-1.0,.694,6,2,123.2,0,0,9,6,4,2,1,1,0,0,0,0,-0.8,0.0
RP,Dolf Luque,Dolf,Luque,Kansas City Torrent,5' 7',160 lbs,R,R,100,Cincinnati Reds,CIN,1923,1921-1945,BBR,85679,Perfect,June Gems - Baseball Reference 3  SP Dolf Luque  CIN  1923,49 299,N,0,17,45,35,50,28,19,37,32,53,25,17,48,37,49,30,70,8,Normal,Spray,Spray,119,81,125,133,116,68,132,140,121,90,119,128,100,118,125,98,-,90,-,-,-,-,-,-,5,NEU,90-92,OTT,Normal,100,56,-,-,-,29,23,24,22,4,9,3,59,-,-,-,-,-,-,-,-,59,-,-,-,-,-,-,-,-,36,59,44,20,,,0,0,0,0,0,0,0,0,0,0,0,0,0,0,0,0,0,0.0,0.00,0,-0.0,0.0,0.00,0,0,0.0,0.0,48,8,2,5,6,12,6,94.1,413,361,59,20,2,11,47,45,47,0,78,3,1,1,1,1,0,10,11,20,7,0.96,1689,94,95,6,2,-0.5,0.0,0.8,4.51,47,8,21,11,9,1,0,0,1.91,0.3,.992,8,2,94.1,0,0,6,5,4,4,1,1,0,0,0,0,-0.3,0.0
RP,Pedro Martinez,Pedro,Martinez,Meaty Oakers,5' 11',170 lbs,R,R,100,New York Mets,NYM,2005,2005-2014,CS,84702,Perfect,Clubhouse - April Fools' Day  SP Pedro Martinez  NYM  2005,0,N,0,3,12,2,15,9,6,20,2,18,8,3,10,2,14,10,51,55,Normal,Normal,Normal,121,96,120,112,117,84,118,113,125,110,122,111,86,-,105,87,-,-,95,-,156,-,-,-,5,FB,88-90,3/4,Normal,92,54,-,-,-,25,19,22,23,2,7,5,51,-,-,-,-,-,-,-,-,51,-,-,-,-,-,-,-,-,5,5,6,5,,,0,0,0,0,0,0,0,0,0,0,0,0,0,0,0,0,0,0.0,0.00,0,-0.0,0.0,0.00,0,0,0.0,0.0,57,0,4,6,4,9,12,65.0,283,254,41,17,1,8,41,35,24,0,52,1,1,3,3,0,0,6,20,43,9,1.03,1100,68,65,4,1,-1.2,0.1,-0.5,4.25,55,0,13,6,7,0,0,0,1.80,-0.3,1.091,5,1,65.0,0,0,7,6,3,1,0,0,0,0,0,0,-0.1,0.0
RP,Pedro Martinez,Pedro,Martinez,El Vampiro Ankle Biters,5' 11',170 lbs,R,R,100,New York Mets,NYM,2005,2005-2014,CS,84702,Perfect,Clubhouse - April Fools' Day  SP Pedro Martinez  NYM  2005,0,N,0,3,12,2,15,9,6,20,2,18,8,3,10,2,14,10,51,55,Normal,Normal,Normal,121,96,120,112,117,84,118,113,125,110,122,111,86,-,105,87,-,-,95,-,156,-,-,-,5,FB,88-90,3/4,Normal,92,54,-,-,-,25,19,22,23,2,7,5,51,-,-,-,-,-,-,-,-,51,-,-,-,-,-,-,-,-,5,5,6,5,,,0,0,0,0,0,0,0,0,0,0,0,0,0,0,0,0,0,0.0,0.00,0,-0.0,0.0,0.00,0,0,0.0,0.0,43,0,1,1,1,6,7,77.2,351,313,54,15,3,18,52,47,33,0,62,3,0,2,2,1,0,6,14,28,7,0.60,1417,80,78,6,3,-0.4,-1.5,-1.0,4.46,43,0,10,4,5,1,0,0,1.04,-0.8,.655,9,3,77.2,0,0,3,3,4,1,2,0,0,0,0,0,-0.0,0.0
RP,Sam McDowell,Sam,McDowell,El Vampiro Ankle Biters,6' 5',220 lbs,L,L,100,Cleveland,CLE,1968,1961-1979,BBR,85328,Perfect,Baseball Reference 2  SP Sam McDowell  CLE  1968,0,N,0,23,18,4,43,20,25,14,2,31,19,23,20,5,47,21,64,25,Normal,Pull,Pull,135,74,120,117,152,90,124,135,130,68,119,115,109,109,136,99,-,-,-,-,-,-,-,-,4,FB,90-92,OTT,Normal,94,79,-,-,-,29,13,22,24,10,8,10,50,-,-,-,-,-,-,-,-,50,-,-,-,-,-,-,-,-,5,5,6,5,,,0,0,0,0,0,0,0,0,0,0,0,0,0,0,0,0,0,0.0,0.00,0,-0.0,0.0,0.00,0,0,0.0,0.0,37,0,6,1,0,6,4,68.0,298,249,37,12,0,5,23,18,41,0,58,3,0,5,4,0,0,6,16,25,4,0.87,1207,63,73,1,0,0.1,-0.0,1.5,4.71,37,0,7,2,5,0,0,0,0.93,0.2,1.091,1,0,68.0,0,0,2,2,1,1,0,0,0,0,0,0,0.0,0.0
RP,Sam McDowell,Sam,McDowell,Atlantic City Surf - GH,6' 5',220 lbs,L,L,100,Cleveland,CLE,1968,1961-1979,BBR,85328,Perfect,Baseball Reference 2  SP Sam McDowell  CLE  1968,0,N,0,23,18,4,43,20,25,14,2,31,19,23,20,5,47,21,64,25,Normal,Pull,Pull,135,74,120,117,152,90,124,135,130,68,119,115,109,109,136,99,-,-,-,-,-,-,-,-,4,FB,90-92,OTT,Normal,94,79,-,-,-,29,13,22,24,10,8,10,50,-,-,-,-,-,-,-,-,50,-,-,-,-,-,-,-,-,5,5,6,5,,,0,0,0,0,0,0,0,0,0,0,0,0,0,0,0,0,0,0.0,0.00,0,-0.0,0.0,0.00,0,0,0.0,0.0,60,0,9,5,7,21,8,86.2,372,329,44,16,0,7,31,30,41,1,82,2,0,0,6,0,0,6,25,43,9,1.31,1489,82,89,1,1,0.7,0.6,1.8,4.03,60,0,17,7,9,1,0,0,1.66,0.7,.982,2,1,86.2,0,0,11,10,2,2,0,0,0,0,0,0,-0.9,0.0
RP,Andrew Miller,Andrew,Miller,Joe Buck Yourself,6' 7',200 lbs,L,L,100,Boston Red Sox,BOS,2014,2005-2014,,85427,Perfect,May Birthdays - Historical All-Star  RP Andrew Miller  BOS  2014,0,N,0,9,3,1,3,1,7,3,1,3,1,10,4,1,3,1,25,58,Normal,Normal,Normal,140,80,128,119,160,98,112,106,134,74,133,135,124,-,-,117,108,-,-,-,-,-,-,-,3,EX GB,93-95,3/4,GB'er,12,79,-,-,-,23,20,22,23,8,5,2,50,-,-,-,-,-,-,-,-,50,-,-,-,-,-,-,-,-,16,5,6,27,,,0,0,0,0,0,0,0,0,0,0,0,0,0,0,0,0,0,0.0,0.00,0,-0.0,0.0,0.00,0,0,0.0,0.0,36,0,0,2,9,7,5,30.1,134,116,21,4,1,2,10,10,15,0,29,2,0,1,1,2,0,2,12,18,8,1.40,582,32,28,0,0,0.4,0.3,0.8,4.11,36,0,3,0,3,0,0,0,0.89,-0.3,.000,0,0,30.1,0,0,1,1,2,0,0,0,0,0,0,0,-0.1,0.0
RP,Andrew Miller,Andrew,Miller,Krakow Hussars,6' 7',200 lbs,L,L,100,Boston Red Sox,BOS,2014,2005-2014,,85427,Perfect,May Birthdays - Historical All-Star  RP Andrew Miller  BOS  2014,0,N,0,9,3,1,3,1,7,3,1,3,1,10,4,1,3,1,25,58,Normal,Normal,Normal,140,80,128,119,160,98,112,106,134,74,133,135,124,-,-,117,108,-,-,-,-,-,-,-,3,EX GB,93-95,3/4,GB'er,12,79,-,-,-,23,20,22,23,8,5,2,50,-,-,-,-,-,-,-,-,50,-,-,-,-,-,-,-,-,16,5,6,27,,,0,0,0,0,0,0,0,0,0,0,0,0,0,0,0,0,0,0.0,0.00,0,-0.0,0.0,0.00,0,0,0.0,0.0,64,0,5,1,13,24,8,55.1,252,214,39,10,0,5,23,20,31,1,54,2,1,3,2,0,1,4,11,42,13,1.29,1001,62,45,0,2,1.8,0.3,1.0,4.27,62,0,8,5,2,1,0,0,1.14,1.2,1.091,2,2,55.1,0,0,4,4,2,2,0,0,0,0,0,0,-0.4,0.0
RP,Andrew Miller,Andrew,Miller,Fortuna Lifters,6' 7',200 lbs,L,L,100,Boston Red Sox,BOS,2014,2005-2014,,85427,Perfect,May Birthdays - Historical All-Star  RP Andrew Miller  BOS  2014,0,N,0,9,3,1,3,1,7,3,1,3,1,10,4,1,3,1,25,58,Normal,Normal,Normal,140,80,128,119,160,98,112,106,134,74,133,135,124,-,-,117,108,-,-,-,-,-,-,-,3,EX GB,93-95,3/4,GB'er,12,79,-,-,-,23,20,22,23,8,5,2,50,-,-,-,-,-,-,-,-,50,-,-,-,-,-,-,-,-,16,5,6,27,,,0,0,0,0,0,0,0,0,0,0,0,0,0,0,0,0,0,0.0,0.00,0,-0.0,0.0,0.00,0,0,0.0,0.0,41,0,2,2,2,4,4,44.1,196,177,25,13,0,7,24,22,18,0,48,1,0,0,1,0,0,1,13,25,10,0.73,793,38,44,2,0,-0.1,0.0,0.1,3.48,40,0,6,4,1,1,0,0,1.02,-0.3,.909,2,0,44.1,0,0,5,4,1,1,0,0,0,0,0,0,0.0,0.0
RP,Andrew Miller,Andrew,Miller,Long Island Sounders,6' 7',200 lbs,L,L,99,Cleveland Guardians,CLE,2016,2015+,BBR,86362,Diamond,Trade Deadliners - Baseball Reference 6  RP Andrew Miller  CLE  2016,0,N,0,1,3,1,3,1,1,3,1,3,1,1,4,1,3,2,21,1,Normal,Normal,Normal,142,115,122,88,140,132,124,62,143,110,122,95,130,-,-,125,103,-,-,-,-,-,-,-,3,EX GB,95-97,3/4,GB'er,13,79,-,-,-,23,20,22,23,2,5,6,50,-,-,-,-,-,-,-,-,50,-,-,-,-,-,-,-,-,5,4,6,5,,,0,0,0,0,0,0,0,0,0,0,0,0,0,0,0,0,0,0.0,0.00,0,-0.0,0.0,0.00,0,0,0.0,0.0,69,0,4,1,10,14,10,63.1,264,240,39,10,0,10,31,26,16,1,55,2,0,6,2,0,0,2,18,41,12,0.92,995,52,77,2,0,-0.1,0.0,0.4,3.58,68,0,7,4,3,0,0,0,0.99,-0.3,.873,2,0,63.1,0,0,4,4,0,0,1,0,0,0,0,0,-0.3,0.0
RP,Andrew Miller,Andrew,Miller,St. Louis Honkers,6' 7',200 lbs,L,L,100,Boston Red Sox,BOS,2014,2005-2014,,85427,Perfect,May Birthdays - Historical All-Star  RP Andrew Miller  BOS  2014,0,N,0,9,3,1,3,1,7,3,1,3,1,10,4,1,3,1,25,58,Normal,Normal,Normal,140,80,128,119,160,98,112,106,134,74,133,135,124,-,-,117,108,-,-,-,-,-,-,-,3,EX GB,93-95,3/4,GB'er,12,79,-,-,-,23,20,22,23,8,5,2,50,-,-,-,-,-,-,-,-,50,-,-,-,-,-,-,-,-,16,5,6,27,,,0,0,0,0,0,0,0,0,0,0,0,0,0,0,0,0,0,0.0,0.00,0,-0.0,0.0,0.00,0,0,0.0,0.0,59,0,2,6,2,30,10,54.1,236,208,41,5,1,4,20,18,26,3,50,1,0,1,2,0,0,8,51,10,2,2.33,935,62,42,3,0,0.6,0.9,1.7,4.17,58,0,2,0,2,0,0,0,0.33,-0.5,1.091,3,0,54.1,0,0,2,1,0,0,0,0,0,0,0,0,-0.3,0.0
RP,Andrew Miller,Andrew,Miller,Milwaukee Braves,6' 7',200 lbs,L,L,99,Cleveland Guardians,CLE,2016,2015+,BBR,86362,Diamond,Trade Deadliners - Baseball Reference 6  RP Andrew Miller  CLE  2016,0,N,0,1,3,1,3,1,1,3,1,3,1,1,4,1,3,2,21,1,Normal,Normal,Normal,142,115,122,88,140,132,124,62,143,110,122,95,130,-,-,125,103,-,-,-,-,-,-,-,3,EX GB,95-97,3/4,GB'er,13,79,-,-,-,23,20,22,23,2,5,6,50,-,-,-,-,-,-,-,-,50,-,-,-,-,-,-,-,-,5,4,6,5,,,0,0,0,0,0,0,0,0,0,0,0,0,0,0,0,0,0,0.0,0.00,0,-0.0,0.0,0.00,0,0,0.0,0.0,38,0,2,0,2,5,3,45.0,173,160,16,7,0,9,23,21,9,0,41,2,0,2,5,0,0,6,23,17,5,0.61,689,45,40,0,1,0.2,-0.1,0.2,3.16,38,0,4,2,2,0,0,0,0.80,0.6,1.091,1,1,45.0,0,0,2,2,0,0,0,0,0,0,0,0,-0.1,0.0
RP,Andrew Miller,Andrew,Miller,Svendborg Sailors,6' 7',200 lbs,L,L,100,Boston Red Sox,BOS,2014,2005-2014,,85427,Perfect,May Birthdays - Historical All-Star  RP Andrew Miller  BOS  2014,0,N,0,9,3,1,3,1,7,3,1,3,1,10,4,1,3,1,25,58,Normal,Normal,Normal,140,80,128,119,160,98,112,106,134,74,133,135,124,-,-,117,108,-,-,-,-,-,-,-,3,EX GB,93-95,3/4,GB'er,12,79,-,-,-,23,20,22,23,8,5,2,50,-,-,-,-,-,-,-,-,50,-,-,-,-,-,-,-,-,16,5,6,27,,,0,0,0,0,0,0,0,0,0,0,0,0,0,0,0,0,0,0.0,0.00,0,-0.0,0.0,0.00,0,0,0.0,0.0,55,0,5,2,13,8,15,32.2,163,135,34,8,1,2,18,16,19,0,24,2,2,5,1,0,0,1,12,44,24,1.57,599,42,30,0,1,-2.6,-0.0,0.0,5.11,50,0,7,4,3,0,0,0,1.93,0.8,1.091,1,1,32.2,0,0,2,2,2,2,0,0,0,0,0,0,0.0,0.0
RP,Andrew Miller,Andrew,Miller,Littleton CO Mountaineers,6' 7',200 lbs,L,L,99,Cleveland Guardians,CLE,2016,2015+,BBR,86362,Diamond,Trade Deadliners - Baseball Reference 6  RP Andrew Miller  CLE  2016,0,N,0,1,3,1,3,1,1,3,1,3,1,1,4,1,3,2,21,1,Normal,Normal,Normal,142,115,122,88,140,132,124,62,143,110,122,95,130,-,-,125,103,-,-,-,-,-,-,-,3,EX GB,95-97,3/4,GB'er,13,79,-,-,-,23,20,22,23,2,5,6,50,-,-,-,-,-,-,-,-,50,-,-,-,-,-,-,-,-,5,4,6,5,,,0,0,0,0,0,0,0,0,0,0,0,0,0,0,0,0,0,0.0,0.00,0,-0.0,0.0,0.00,0,0,0.0,0.0,69,0,3,3,9,21,15,69.2,291,267,35,10,1,14,31,26,21,2,68,2,1,0,1,1,0,5,20,17,5,1.26,1114,73,60,2,2,0.2,-0.1,1.1,3.44,69,0,9,7,2,0,0,0,1.16,0.9,1.091,4,2,69.2,0,0,4,4,2,2,0,0,0,0,0,0,-1.4,0.0
RP,Andrew Miller,Andrew,Miller,El Vampiro Ankle Biters,6' 7',200 lbs,L,L,100,Boston Red Sox,BOS,2014,2005-2014,,85427,Perfect,May Birthdays - Historical All-Star  RP Andrew Miller  BOS  2014,0,N,0,9,3,1,3,1,7,3,1,3,1,10,4,1,3,1,25,58,Normal,Normal,Normal,140,80,128,119,160,98,112,106,134,74,133,135,124,-,-,117,108,-,-,-,-,-,-,-,3,EX GB,93-95,3/4,GB'er,12,79,-,-,-,23,20,22,23,8,5,2,50,-,-,-,-,-,-,-,-,50,-,-,-,-,-,-,-,-,16,5,6,27,,,0,0,0,0,0,0,0,0,0,0,0,0,0,0,0,0,0,0.0,0.00,0,-0.0,0.0,0.00,0,0,0.0,0.0,22,0,3,3,1,6,3,20.1,81,74,7,2,0,4,9,9,7,0,17,0,0,0,0,0,0,0,14,9,0,1.20,337,28,15,0,0,0.1,-0.2,0.2,4.05,21,0,3,2,0,1,0,0,0.89,-0.3,.546,0,0,20.1,0,0,2,1,1,1,0,0,0,0,0,0,0.0,0.0
RP,Andrew Miller,Andrew,Miller,Orange Jackrabbits,6' 7',200 lbs,L,L,100,Boston Red Sox,BOS,2014,2005-2014,,85427,Perfect,May Birthdays - Historical All-Star  RP Andrew Miller  BOS  2014,0,N,0,9,3,1,3,1,7,3,1,3,1,10,4,1,3,1,25,58,Normal,Normal,Normal,140,80,128,119,160,98,112,106,134,74,133,135,124,-,-,117,108,-,-,-,-,-,-,-,3,EX GB,93-95,3/4,GB'er,12,79,-,-,-,23,20,22,23,8,5,2,50,-,-,-,-,-,-,-,-,50,-,-,-,-,-,-,-,-,16,5,6,27,,,0,0,0,0,0,0,0,0,0,0,0,0,0,0,0,0,0,0.0,0.00,0,-0.0,0.0,0.00,0,0,0.0,0.0,45,0,2,2,3,11,8,48.2,208,181,27,12,0,4,19,18,22,1,48,4,0,1,2,0,0,6,8,19,7,0.85,835,41,47,3,0,-0.1,0.3,0.8,3.84,45,0,6,1,4,1,0,0,0.92,-0.2,1.091,3,0,48.2,0,0,2,2,1,1,0,0,0,0,0,0,-0.3,0.0
RP,Andrew Miller,Andrew,Miller,Alhambra Moors - HotL TTC,6' 7',200 lbs,L,L,99,Cleveland Guardians,CLE,2016,2015+,BBR,86362,Diamond,Trade Deadliners - Baseball Reference 6  RP Andrew Miller  CLE  2016,0,N,0,1,3,1,3,1,1,3,1,3,1,1,4,1,3,2,21,1,Normal,Normal,Normal,142,115,122,88,140,132,124,62,143,110,122,95,130,-,-,125,103,-,-,-,-,-,-,-,3,EX GB,95-97,3/4,GB'er,13,79,-,-,-,23,20,22,23,2,5,6,50,-,-,-,-,-,-,-,-,50,-,-,-,-,-,-,-,-,5,4,6,5,,,0,0,0,0,0,0,0,0,0,0,0,0,0,0,0,0,0,0.0,0.00,0,-0.0,0.0,0.00,0,0,0.0,0.0,54,0,0,3,6,7,6,56.1,240,215,36,10,0,7,23,23,20,0,48,2,0,3,0,0,0,1,15,17,5,0.86,930,60,56,3,2,0.9,0.1,0.9,4.00,54,0,7,1,6,0,0,0,1.12,-0.1,1.091,5,2,56.1,0,0,4,2,0,0,0,0,0,0,0,0,-1.1,0.0
RP,Mason Miller,Mason,Miller,Long Island Sounders,6' 5',200 lbs,R,R,100,San Diego Padres,SDP,2026,2026,,81761,Perfect,MLB 2026 Live  CL Mason Miller  SD,0,N,0,20,28,3,27,28,20,28,3,27,28,20,28,3,27,28,25,23,Normal,Normal,Normal,191,75,88,114,190,75,87,113,191,75,90,115,140,156,-,145,-,-,-,-,-,-,-,-,3,FB,100+,3/4,Normal,17,48,3,3,2,33,17,64,22,11,23,25,68,-,-,-,-,-,-,-,-,68,-,56,-,12,-,-,-,-,19,2,17,37,,,0,0,0,0,0,0,0,0,0,0,0,0,0,0,0,0,0,0.0,0.00,0,-0.0,0.0,0.00,0,0,0.0,0.0,69,0,1,3,24,18,12,62.2,284,235,42,11,0,8,32,31,41,1,61,4,0,4,3,1,0,7,12,18,5,1.48,1158,52,63,1,1,-0.7,-0.6,0.3,4.51,69,0,14,10,4,0,0,0,2.01,0.6,.970,2,1,62.2,0,0,5,5,3,3,1,0,0,0,0,0,-0.1,0.0
RP,Mason Miller,Mason,Miller,Milwaukee Braves,6' 5',200 lbs,R,R,100,San Diego Padres,SDP,2026,2026,,81761,Perfect,MLB 2026 Live  CL Mason Miller  SD,0,N,0,20,28,3,27,28,20,28,3,27,28,20,28,3,27,28,25,23,Normal,Normal,Normal,191,75,88,114,190,75,87,113,191,75,90,115,140,156,-,145,-,-,-,-,-,-,-,-,3,FB,100+,3/4,Normal,17,48,3,3,2,33,17,64,22,11,23,25,68,-,-,-,-,-,-,-,-,68,-,56,-,12,-,-,-,-,19,2,17,37,,,0,0,0,0,0,0,0,0,0,0,0,0,0,0,0,0,0,0.0,0.00,0,-0.0,0.0,0.00,0,0,0.0,0.0,55,0,6,3,11,15,11,51.1,235,209,39,12,2,7,29,27,21,1,59,1,1,3,6,0,0,1,15,28,9,1.47,914,57,32,4,2,-0.3,0.4,-0.1,3.48,55,0,9,3,5,1,0,0,1.40,0.3,1.091,6,2,51.1,0,0,3,3,0,0,0,0,0,0,0,0,-0.1,0.0
RP,Mason Miller,Mason,Miller,Kumamoto Ozeki TBD,6' 5',200 lbs,R,R,100,San Diego Padres,SDP,2026,2026,,81761,Perfect,MLB 2026 Live  CL Mason Miller  SD,0,N,0,20,28,3,27,28,20,28,3,27,28,20,28,3,27,28,25,23,Normal,Normal,Normal,191,75,88,114,190,75,87,113,191,75,90,115,140,156,-,145,-,-,-,-,-,-,-,-,3,FB,100+,3/4,Normal,17,48,3,3,2,33,17,64,22,11,23,25,68,-,-,-,-,-,-,-,-,68,-,56,-,12,-,-,-,-,19,2,17,37,,,0,0,0,0,0,0,0,0,0,0,0,0,0,0,0,0,0,0.0,0.00,0,-0.0,0.0,0.00,0,0,0.0,0.0,47,0,0,2,4,5,7,55.0,231,201,35,10,0,5,26,26,26,0,66,1,0,3,4,0,0,10,16,38,9,0.77,995,40,45,3,3,-0.2,0.7,0.5,3.19,46,0,6,4,2,0,3,0,0.98,0.8,1.091,6,3,55.0,0,0,3,3,0,0,0,0,0,0,0,0,0.0,0.0
RP,Robb Nen,Robb,Nen,Kansas City Torrent,6' 4',200 lbs,R,R,101,San Francisco Giants,SFG,2000,1993-2004,,83906,Perfect,HOF Week - Snapshot  CL Robb Nen  SF  2000,216 140,N,0,1,3,1,3,1,1,3,1,3,1,1,3,1,3,1,28,13,Normal,Spray,Spray,148,106,125,138,160,95,97,130,139,117,151,144,75,-,137,94,-,153,-,-,-,-,-,-,4,FB,96-98,OTT,Normal,19,39,-,-,-,25,20,23,23,1,7,7,52,-,-,-,-,-,-,-,-,52,-,-,-,-,-,-,-,-,5,5,6,6,,,0,0,0,0,0,0,0,0,0,0,0,0,0,0,0,0,0,0.0,0.00,0,-0.0,0.0,0.00,0,0,0.0,0.0,61,0,2,6,12,15,17,60.1,264,237,41,17,1,8,34,33,20,0,48,3,1,3,2,0,0,5,20,24,9,1.55,1035,61,62,4,0,-1.5,-0.1,-0.1,4.18,61,0,12,6,5,1,0,0,1.64,-0.5,.935,4,0,60.1,0,0,4,3,3,3,0,0,0,0,0,0,-0.3,0.0
RP,Jesse Orosco,Jesse,Orosco,Kansas City Torrent,6' 2',185 lbs,R,L,100,New York Mets,NYM,1983,1980-1992,,85083,Perfect,Happy Birthday Nico - Historical All-Star  CL Jesse Orosco  NYM  1983,59 889,N,0,7,3,1,3,2,7,3,1,4,2,7,3,1,3,2,22,4,Normal,Normal,Normal,117,84,131,126,126,89,140,146,114,83,128,120,98,-,-,111,-,-,-,-,-,-,-,-,2,FB,90-92,3/4,Normal,61,60,-,-,-,35,72,43,23,5,10,3,98,-,-,-,-,-,-,-,-,98,-,-,-,-,-,-,-,-,8,3,6,13,,,0,0,0,0,0,0,0,0,0,0,0,0,0,0,0,0,0,0.0,0.00,0,-0.0,0.0,0.00,0,0,0.0,0.0,57,0,4,3,3,13,11,76.2,334,294,53,11,3,9,42,39,30,0,65,6,0,4,1,0,0,7,24,17,7,1.24,1325,73,82,3,0,-0.4,-0.1,-0.0,4.16,57,0,15,7,8,0,1,0,1.76,-0.2,1.091,3,0,76.2,0,0,7,6,2,1,0,0,0,0,0,0,-0.4,0.0
RP,Jesse Orosco,Jesse,Orosco,Dungeon Meshi Marcille,6' 2',185 lbs,R,L,100,New York Mets,NYM,1983,1980-1992,,85083,Perfect,Happy Birthday Nico - Historical All-Star  CL Jesse Orosco  NYM  1983,0,N,0,7,3,1,3,2,7,3,1,4,2,7,3,1,3,2,22,4,Normal,Normal,Normal,117,84,131,126,126,89,140,146,114,83,128,120,98,-,-,111,-,-,-,-,-,-,-,-,2,FB,90-92,3/4,Normal,61,60,-,-,-,35,72,43,23,5,10,3,98,-,-,-,-,-,-,-,-,98,-,-,-,-,-,-,-,-,8,3,6,13,,,0,0,0,0,0,0,0,0,0,0,0,0,0,0,0,0,0,0.0,0.00,0,-0.0,0.0,0.00,0,0,0.0,0.0,69,0,7,4,13,21,11,80.0,329,291,47,15,3,6,35,32,23,0,66,8,1,6,4,1,0,9,30,31,6,1.50,1282,77,80,4,1,-0.4,1.0,1.3,3.85,68,0,15,6,8,1,0,0,1.57,0.1,1.091,5,1,80.0,0,0,4,2,4,4,1,1,0,0,0,0,-0.5,0.0
RP,Satchel Paige,Satchel,Paige,Kansas City Torrent,6' 3',180 lbs,R,R,100,Kansas City Monarchs,KCM,1944,1921-1945,CS,84844,Perfect,Clubhouse - Negro League Star  SP Satchel Paige  KCM  1944,88 129,N,0,57,71,1,37,46,57,77,1,52,43,57,69,1,33,47,51,26,Normal,Spray,Normal,125,95,115,118,119,99,112,117,130,93,117,118,103,92,122,109,-,-,-,103,-,120,120,-,7,NEU,94-96,3/4,Normal,96,63,1,1,1,29,32,29,25,5,10,2,71,-,56,-,-,-,-,-,-,71,-,56,-,-,-,-,-,-,43,4,11,29,,,0,0,0,0,0,0,0,0,0,0,0,0,0,0,0,0,0,0.0,0.00,0,-0.0,0.0,0.00,0,0,0.0,0.0,32,27,7,11,1,3,1,145.2,630,563,102,32,5,13,88,81,51,0,119,3,2,11,4,2,0,10,2,2,0,1.01,2438,150,148,13,1,-2.1,2.3,0.6,4.13,32,27,27,14,11,2,0,0,1.54,-1.7,.935,14,1,145.2,0,0,16,13,1,1,0,0,0,0,0,0,-0.4,0.0
RP,Satchel Paige,Satchel,Paige,Marshall M.I.C.E.,6' 3',180 lbs,R,R,100,Kansas City Monarchs,KCM,1944,1921-1945,CS,84844,Perfect,Clubhouse - Negro League Star  SP Satchel Paige  KCM  1944,0,N,0,57,71,1,37,46,57,77,1,52,43,57,69,1,33,47,51,26,Normal,Spray,Normal,125,95,115,118,119,99,112,117,130,93,117,118,103,92,122,109,-,-,-,103,-,120,120,-,7,NEU,94-96,3/4,Normal,96,63,1,1,1,29,32,29,25,5,10,2,71,-,56,-,-,-,-,-,-,71,-,56,-,-,-,-,-,-,43,4,11,29,,,0,0,0,0,0,0,0,0,0,0,0,0,0,0,0,0,0,0.0,0.00,0,-0.0,0.0,0.00,0,0,0.0,0.0,13,0,0,0,0,1,2,22.1,110,97,25,3,0,3,22,17,9,0,15,3,0,1,0,0,0,1,8,12,6,0.59,424,27,24,1,0,-0.1,-0.2,-0.8,4.89,13,0,9,6,3,0,0,0,3.63,0.5,1.091,1,0,22.1,0,0,4,4,3,3,0,0,0,0,0,0,-0.1,0.0
RP,Daniel Palencia,Daniel,Palencia,Kumamoto Ozeki TBD,5' 11',160 lbs,R,R,100,Chicago Cubs,CHC,2026,2026,WBC,84613,Perfect,World Baseball Classic  CL Daniel Palencia  VEN  2026,0,N,0,1,3,1,3,1,1,4,1,3,2,1,3,1,3,1,25,5,Normal,Normal,Normal,143,85,121,121,140,82,112,118,145,88,128,126,134,-,-,127,-,118,-,-,-,-,-,-,3,FB,99-101,3/4,Normal,14,60,-,-,-,27,20,23,23,10,6,10,55,-,-,-,-,-,-,-,-,55,-,-,-,-,-,-,-,-,5,5,6,5,,,0,0,0,0,0,0,0,0,0,0,0,0,0,0,0,0,0,0.0,0.00,0,-0.0,0.0,0.00,0,0,0.0,0.0,49,0,1,4,17,13,12,45.0,201,178,30,7,1,6,24,23,18,1,46,3,0,2,6,0,0,3,9,14,5,1.30,808,39,46,1,1,-1.0,0.1,0.1,3.67,48,0,10,5,3,2,0,0,1.60,0.2,.873,2,1,45.0,0,0,5,4,2,1,0,0,1,1,0,0,0.0,0.0
RP,Jonathan Papelbon,Jonathan,Papelbon,Kumamoto Ozeki TBD,6' 5',230 lbs,R,R,100,Boston Red Sox,BOS,2007,2005-2014,BBR,84789,Perfect,Baseball Reference 1  CL Jonathan Papelbon  BOS  2007,0,N,0,1,3,1,3,1,1,3,1,3,1,1,3,1,3,1,27,4,Normal,Spray,Spray,142,85,141,111,157,73,150,107,130,95,133,114,137,-,-,93,-,128,-,-,-,-,-,-,3,EX FB,95-97,3/4,Normal,18,61,-,-,-,22,20,21,23,8,3,1,48,-,-,-,-,-,-,-,-,48,-,-,-,-,-,-,-,-,9,5,6,12,,,0,0,0,0,0,0,0,0,0,0,0,0,0,0,0,0,0,0.0,0.00,0,-0.0,0.0,0.00,0,0,0.0,0.0,14,0,2,0,3,2,1,17.0,67,64,12,3,0,0,4,4,1,0,16,1,0,1,1,0,0,1,3,11,4,0.56,258,19,15,0,0,0.2,0.6,0.6,2.75,14,0,2,2,0,0,0,0,1.06,-0.0,1.091,0,0,17.0,0,0,2,1,1,1,0,0,0,0,0,0,0.0,0.0
RP,Jonathan Papelbon,Jonathan,Papelbon,Krakow Hussars,6' 5',230 lbs,R,R,100,Boston Red Sox,BOS,2007,2005-2014,BBR,84789,Perfect,Baseball Reference 1  CL Jonathan Papelbon  BOS  2007,0,N,0,1,3,1,3,1,1,3,1,3,1,1,3,1,3,1,27,4,Normal,Spray,Spray,142,85,141,111,157,73,150,107,130,95,133,114,137,-,-,93,-,128,-,-,-,-,-,-,3,EX FB,95-97,3/4,Normal,18,61,-,-,-,22,20,21,23,8,3,1,48,-,-,-,-,-,-,-,-,48,-,-,-,-,-,-,-,-,9,5,6,12,,,0,0,0,0,0,0,0,0,0,0,0,0,0,0,0,0,0,0.0,0.00,0,-0.0,0.0,0.00,0,0,0.0,0.0,77,0,6,5,19,29,10,67.1,276,243,30,6,2,8,21,18,29,2,67,3,1,0,1,1,0,3,28,22,7,1.38,1145,53,76,3,2,1.3,0.4,2.0,3.62,77,0,6,4,2,0,1,0,0.80,0.3,1.091,5,2,67.1,0,0,3,3,2,0,1,1,0,0,0,0,-0.3,0.0
RP,Jonathan Papelbon,Jonathan,Papelbon,Long Island Sounders,6' 5',230 lbs,R,R,100,Boston Red Sox,BOS,2007,2005-2014,BBR,84789,Perfect,Baseball Reference 1  CL Jonathan Papelbon  BOS  2007,0,N,0,1,3,1,3,1,1,3,1,3,1,1,3,1,3,1,27,4,Normal,Spray,Spray,142,85,141,111,157,73,150,107,130,95,133,114,137,-,-,93,-,128,-,-,-,-,-,-,3,EX FB,95-97,3/4,Normal,18,61,-,-,-,22,20,21,23,8,3,1,48,-,-,-,-,-,-,-,-,48,-,-,-,-,-,-,-,-,9,5,6,12,,,0,0,0,0,0,0,0,0,0,0,0,0,0,0,0,0,0,0.0,0.00,0,-0.0,0.0,0.00,0,0,0.0,0.0,71,0,10,3,23,26,16,64.1,288,253,50,15,1,4,32,27,29,0,62,2,0,4,2,0,0,3,10,26,8,1.40,1140,52,70,6,2,-0.3,0.8,0.4,3.98,70,0,10,5,5,0,0,0,1.40,-0.7,.727,8,2,64.1,0,0,5,4,2,1,0,0,0,0,0,0,-0.1,0.0
RP,Arthur Rhodes,Arthur,Rhodes,Krakow Hussars,6' 2',190 lbs,L,L,100,Seattle Mariners,SEA,2002,1993-2004,,83327,Perfect,Snapshot  RP Arthur Rhodes  SEA  2002,0,N,0,1,2,1,2,1,1,2,1,2,1,1,3,1,3,1,24,14,Normal,Normal,Normal,144,123,99,104,122,140,104,53,151,118,97,125,79,128,99,116,-,-,-,-,-,-,-,-,4,NEU,90-92,3/4,Normal,19,115,-,-,-,33,20,25,23,3,7,9,62,-,-,-,-,-,-,-,-,62,-,-,-,-,-,-,-,-,5,4,6,5,,,0,0,0,0,0,0,0,0,0,0,0,0,0,0,0,0,0,0.0,0.00,0,-0.0,0.0,0.00,0,0,0.0,0.0,43,0,0,0,1,2,2,73.1,317,303,58,14,1,14,42,35,12,0,66,0,0,2,7,0,0,3,12,38,14,0.50,1250,72,74,0,2,0.3,0.1,-0.0,3.37,43,0,11,6,4,1,0,0,1.23,-0.2,.655,2,2,73.1,0,0,5,3,3,1,0,0,0,0,0,0,-0.3,0.0
RP,Arthur Rhodes,Arthur,Rhodes,Great Lakes Man-of-War-HOTL,6' 2',190 lbs,L,L,100,Seattle Mariners,SEA,2002,1993-2004,,83327,Perfect,Snapshot  RP Arthur Rhodes  SEA  2002,0,N,0,1,2,1,2,1,1,2,1,2,1,1,3,1,3,1,24,14,Normal,Normal,Normal,144,123,99,104,122,140,104,53,151,118,97,125,79,128,99,116,-,-,-,-,-,-,-,-,4,NEU,90-92,3/4,Normal,19,115,-,-,-,33,20,25,23,3,7,9,62,-,-,-,-,-,-,-,-,62,-,-,-,-,-,-,-,-,5,4,6,5,,,0,0,0,0,0,0,0,0,0,0,0,0,0,0,0,0,0,0.0,0.00,0,-0.0,0.0,0.00,0,0,0.0,0.0,57,0,5,1,12,19,11,67.2,287,261,48,8,1,7,36,33,18,0,65,4,1,3,7,0,0,4,12,35,12,1.15,1107,59,71,1,2,0.7,0.7,0.2,3.39,57,0,10,5,4,1,1,0,1.20,-0.2,.727,3,2,67.2,0,0,2,1,5,2,1,1,0,0,0,0,0.0,0.0
RP,Arthur Rhodes,Arthur,Rhodes,St. Louis Honkers,6' 2',190 lbs,L,L,100,Seattle Mariners,SEA,2002,1993-2004,,83327,Perfect,Snapshot  RP Arthur Rhodes  SEA  2002,0,N,0,1,2,1,2,1,1,2,1,2,1,1,3,1,3,1,24,14,Normal,Normal,Normal,144,123,99,104,122,140,104,53,151,118,97,125,79,128,99,116,-,-,-,-,-,-,-,-,4,NEU,90-92,3/4,Normal,19,115,-,-,-,33,20,25,23,3,7,9,62,-,-,-,-,-,-,-,-,62,-,-,-,-,-,-,-,-,5,4,6,5,,,0,0,0,0,0,0,0,0,0,0,0,0,0,0,0,0,0,0.0,0.00,0,-0.0,0.0,0.00,0,0,0.0,0.0,35,0,2,2,3,10,8,39.2,169,148,17,14,0,7,25,25,16,0,41,2,0,3,4,0,0,6,10,36,13,1.07,647,43,28,0,0,-0.7,-0.2,-0.3,3.62,34,0,5,2,3,0,1,0,1.13,-0.1,1.091,0,0,39.2,0,0,3,2,0,0,0,0,0,0,0,0,-0.4,0.0
RP,Arthur Rhodes,Arthur,Rhodes,Pulaski Pils,6' 2',190 lbs,L,L,100,Seattle Mariners,SEA,2002,1993-2004,,83327,Perfect,Snapshot  RP Arthur Rhodes  SEA  2002,0,N,0,1,2,1,2,1,1,2,1,2,1,1,3,1,3,1,24,14,Normal,Normal,Normal,144,123,99,104,122,140,104,53,151,118,97,125,79,128,99,116,-,-,-,-,-,-,-,-,4,NEU,90-92,3/4,Normal,19,115,-,-,-,33,20,25,23,3,7,9,62,-,-,-,-,-,-,-,-,62,-,-,-,-,-,-,-,-,5,4,6,5,,,0,0,0,0,0,0,0,0,0,0,0,0,0,0,0,0,0,0.0,0.00,0,-0.0,0.0,0.00,0,0,0.0,0.0,63,0,2,5,5,12,18,56.2,256,227,42,8,0,11,34,32,25,0,49,2,0,2,1,0,0,3,16,43,16,1.33,985,64,52,0,0,-2.2,-0.9,-0.5,4.29,63,0,6,3,3,0,0,0,0.95,-0.4,.818,0,0,56.2,0,0,3,3,2,0,0,0,0,0,0,0,-0.0,0.0
RP,Arthur Rhodes,Arthur,Rhodes,Paramus Fisher Cats,6' 2',190 lbs,L,L,100,Seattle Mariners,SEA,2002,1993-2004,,83327,Perfect,Snapshot  RP Arthur Rhodes  SEA  2002,0,N,0,1,2,1,2,1,1,2,1,2,1,1,3,1,3,1,24,14,Normal,Normal,Normal,144,123,99,104,122,140,104,53,151,118,97,125,79,128,99,116,-,-,-,-,-,-,-,-,4,NEU,90-92,3/4,Normal,19,115,-,-,-,33,20,25,23,3,7,9,62,-,-,-,-,-,-,-,-,62,-,-,-,-,-,-,-,-,5,4,6,5,,,0,0,0,0,0,0,0,0,0,0,0,0,0,0,0,0,0,0.0,0.00,0,-0.0,0.0,0.00,0,0,0.0,0.0,46,0,2,1,7,10,9,51.2,234,213,40,13,2,11,46,44,16,0,40,2,0,3,5,1,0,6,13,29,12,1.00,882,62,44,0,1,-0.7,-0.6,-1.7,4.25,45,0,6,5,1,0,0,0,1.05,0.3,1.091,1,1,51.2,0,0,7,4,1,1,1,1,0,0,0,0,-0.3,0.0
RP,Joe Sambito,Joe,Sambito,Memphis Redbirds,6' 1',190 lbs,L,L,98,Houston Astros,HOU,1980,1980-1992,,84075,Diamond,Heart Attack - Snapshot  RP Joe Sambito  HOU  1980,0,N,0,18,41,4,63,18,18,40,4,62,17,18,42,5,64,19,21,4,Normal,Spray,Spray,123,95,102,118,144,94,42,140,116,96,125,115,86,126,-,115,94,-,-,-,-,-,-,-,4,FB,91-93,3/4,Normal,24,115,-,-,-,35,20,26,23,4,3,8,65,-,-,-,-,-,-,-,-,65,-,-,-,-,-,-,-,-,16,4,6,28,,,0,0,0,0,0,0,0,0,0,0,0,0,0,0,0,0,0,0.0,0.00,0,-0.0,0.0,0.00,0,0,0.0,0.0,54,0,3,4,10,20,6,63.1,280,235,41,11,1,1,23,20,39,3,46,3,1,2,5,0,0,6,21,18,4,1.79,1119,70,65,1,0,2.3,0.7,1.7,5.14,54,0,12,5,7,0,2,0,1.71,0.4,1.091,1,0,63.1,0,0,4,4,1,1,0,0,0,0,0,0,-1.1,0.0
RP,Johan Santana,Johan,Santana,Marshall M.I.C.E.,6' 0',210 lbs,L,L,101,Minnesota Twins,MIN,2006,2005-2014,CS,86278,Perfect,Clubhouse - Historical All-Star  SP Johan Santana  MIN  2006,0,N,0,1,2,1,2,1,1,1,1,1,1,1,3,1,3,1,25,1,Normal,Spray,Spray,141,120,124,119,124,110,108,115,147,124,130,121,121,-,-,117,-,-,-,-,158,-,-,-,3,FB,93-95,3/4,Normal,96,66,-,-,-,35,18,25,23,4,1,5,62,-,-,-,-,-,-,-,-,62,-,-,-,-,-,-,-,-,5,3,6,6,,,0,0,0,0,0,0,0,0,0,0,0,0,0,0,0,0,0,0.0,0.00,0,-0.0,0.0,0.00,0,0,0.0,0.0,42,16,8,8,2,4,9,141.0,604,556,96,26,4,19,76,63,42,4,124,4,1,1,5,0,0,12,18,23,9,1.10,2358,139,142,4,0,-2.5,1.6,1.4,3.78,41,16,24,10,13,1,1,0,1.47,0.1,1.091,4,0,141.0,0,0,8,6,4,4,0,0,0,0,0,0,-0.7,0.0
RP,Bruce Sutter,Bruce,Sutter,Krakow Hussars,6' 2',190 lbs,R,R,100,Chicago Cubs,CHC,1979,1961-1979,,82699,Perfect,Hardware Heroes  CL Bruce Sutter  CHC  1979,0,N,0,2,3,1,3,1,2,3,1,3,1,2,3,1,3,1,27,56,Normal,Normal,Normal,130,75,99,113,154,84,90,153,110,68,106,101,91,-,-,120,-,82,-,-,-,-,-,-,3,EX GB,90-92,3/4,GB'er,25,113,-,-,-,21,32,25,23,6,1,4,60,-,-,-,-,-,-,-,-,60,-,-,-,-,-,-,-,-,21,4,11,35,,,0,0,0,0,0,0,0,0,0,0,0,0,0,0,0,0,0,0.0,0.00,0,-0.0,0.0,0.00,0,0,0.0,0.0,46,0,1,1,1,7,4,62.0,270,238,41,7,0,10,27,24,31,0,53,1,0,0,2,1,0,6,14,29,10,0.68,1109,82,44,0,1,0.8,-0.4,0.8,4.48,45,0,11,5,6,0,0,0,1.60,0.5,1.091,1,1,62.0,0,0,4,2,3,3,0,0,0,0,0,0,-0.1,0.0
RP,Koji Uehara,Koji,Uehara,Krakow Hussars,6' 2',195 lbs,R,R,100,Texas Rangers,TEX,2012,2005-2014,,83328,Perfect,Veteran Presence  CL Koji Uehara  TEX  2012,0,N,0,1,3,1,3,1,1,3,1,3,1,1,3,1,3,1,21,20,Normal,Normal,Normal,119,117,127,101,130,130,120,71,110,108,132,126,92,-,-,-,109,150,-,-,-,-,-,-,3,FB,88-90,3/4,Normal,19,115,-,-,-,35,20,26,23,3,9,5,65,-,-,-,-,-,-,-,-,65,-,-,-,-,-,-,-,-,10,5,6,16,,,0,0,0,0,0,0,0,0,0,0,0,0,0,0,0,0,0,0.0,0.00,0,-0.0,0.0,0.00,0,0,0.0,0.0,45,0,3,1,4,9,4,61.2,253,232,40,8,1,4,20,19,17,2,46,1,0,3,2,0,0,5,16,35,8,0.81,950,77,55,0,0,0.3,0.9,1.5,4.10,45,0,11,3,7,1,0,0,1.46,-0.2,.818,0,0,61.2,0,0,3,2,0,0,1,1,0,0,0,0,0.0,0.0
RP,Jonny Venters,Jonny,Venters,Real Intered Workers,6' 3',200 lbs,L,L,98,Atlanta Braves,ATL,2011,2005-2014,BBR,86079,Diamond,Baseball Reference 5  RP Jonny Venters  ATL  2011,0,N,0,1,3,1,3,1,1,3,1,3,1,1,3,1,3,1,28,1,Normal,Normal,Normal,114,62,122,162,160,84,148,148,100,48,114,166,-,-,-,129,104,-,-,-,-,-,-,-,2,EX GB,94-96,3/4,GB'er,18,68,-,-,-,32,20,25,23,2,8,9,61,-,-,-,-,-,-,-,-,61,-,-,-,-,-,-,-,-,6,5,6,7,,,0,0,0,0,0,0,0,0,0,0,0,0,0,0,0,0,0,0.0,0.00,0,-0.0,0.0,0.00,0,0,0.0,0.0,21,0,1,1,2,6,2,24.1,110,96,18,5,1,3,12,12,13,1,18,0,1,0,1,0,0,3,9,11,0,1.02,447,31,20,2,1,0.4,-0.1,0.1,4.91,21,0,1,0,1,0,0,0,0.37,-0.2,.000,3,1,24.1,0,0,1,1,0,0,0,0,0,0,0,0,0.0,0.0
RP,Jonny Venters,Jonny,Venters,Manchester Camels,6' 3',200 lbs,L,L,98,Atlanta Braves,ATL,2011,2005-2014,BBR,86079,Diamond,Baseball Reference 5  RP Jonny Venters  ATL  2011,0,N,0,1,3,1,3,1,1,3,1,3,1,1,3,1,3,1,28,1,Normal,Normal,Normal,114,62,122,162,160,84,148,148,100,48,114,166,-,-,-,129,104,-,-,-,-,-,-,-,2,EX GB,94-96,3/4,GB'er,18,68,-,-,-,32,20,25,23,2,8,9,61,-,-,-,-,-,-,-,-,61,-,-,-,-,-,-,-,-,6,5,6,7,,,0,0,0,0,0,0,0,0,0,0,0,0,0,0,0,0,0,0.0,0.00,0,-0.0,0.0,0.00,0,0,0.0,0.0,31,0,3,0,3,5,4,38.2,158,136,18,11,0,3,17,16,20,0,28,0,0,2,1,1,0,4,13,32,9,0.96,653,40,35,1,4,-0.4,0.0,0.4,4.81,31,0,6,4,2,0,0,0,1.40,0.9,.818,5,4,38.2,0,0,1,1,4,2,0,0,0,0,0,0,-0.1,0.0
RP,Jonny Venters,Jonny,Venters,Paramus Fisher Cats,6' 3',200 lbs,L,L,98,Atlanta Braves,ATL,2011,2005-2014,BBR,86079,Diamond,Baseball Reference 5  RP Jonny Venters  ATL  2011,0,N,0,1,3,1,3,1,1,3,1,3,1,1,3,1,3,1,28,1,Normal,Normal,Normal,114,62,122,162,160,84,148,148,100,48,114,166,-,-,-,129,104,-,-,-,-,-,-,-,2,EX GB,94-96,3/4,GB'er,18,68,-,-,-,32,20,25,23,2,8,9,61,-,-,-,-,-,-,-,-,61,-,-,-,-,-,-,-,-,6,5,6,7,,,0,0,0,0,0,0,0,0,0,0,0,0,0,0,0,0,0,0.0,0.00,0,-0.0,0.0,0.00,0,0,0.0,0.0,28,0,2,0,6,10,2,22.2,97,85,14,3,0,1,6,6,11,0,22,0,1,0,0,0,0,2,6,13,2,1.40,386,23,21,2,0,1.0,0.4,0.8,3.98,27,0,5,1,2,2,0,0,1.19,-0.6,.546,2,0,22.2,0,0,2,2,1,0,0,0,0,0,0,0,-0.1,0.0
RP,Mickey Welch,Mickey,Welch,El Vampiro Ankle Biters,5' 8',160 lbs,R,R,100,New York Gothams,SFG,1884,2026,,85914,Perfect,Born on the 4th of July  SP Mickey Welch  NY1  1884,0,N,0,82,122,82,83,66,88,124,88,89,67,80,121,80,82,66,77,63,Line Drive,Normal,Normal,94,87,133,142,95,88,135,145,94,87,131,140,91,128,113,-,-,-,-,-,-,-,-,-,3,NEU,90-92,3/4,Normal,97,59,-,-,-,25,16,20,21,68,52,74,47,-,-,-,-,-,77,54,75,47,-,-,-,-,-,77,54,75,65,84,92,78,,,0,0,0,0,0,0,0,0,0,0,0,0,0,0,0,0,0,0.0,0.00,0,-0.0,0.0,0.00,0,0,0.0,0.0,40,0,6,2,2,9,8,78.1,335,301,55,11,0,7,37,36,29,0,62,3,0,2,3,0,0,9,16,19,5,0.80,1301,84,80,2,0,0.0,0.3,0.6,4.25,39,0,12,9,3,0,0,0,1.38,-0.0,.982,2,0,78.1,0,0,7,7,3,2,1,0,0,0,0,0,0.0,0.0
RP,Mickey Welch,Mickey,Welch,Marshall M.I.C.E.,5' 8',160 lbs,R,R,100,New York Gothams,SFG,1884,2026,,85914,Perfect,Born on the 4th of July  SP Mickey Welch  NY1  1884,0,N,0,82,122,82,83,66,88,124,88,89,67,80,121,80,82,66,77,63,Line Drive,Normal,Normal,94,87,133,142,95,88,135,145,94,87,131,140,91,128,113,-,-,-,-,-,-,-,-,-,3,NEU,90-92,3/4,Normal,97,59,-,-,-,25,16,20,21,68,52,74,47,-,-,-,-,-,77,54,75,47,-,-,-,-,-,77,54,75,65,84,92,78,3,,1,1,0,0,0,0,0,0,0,0,0,0,0,0,0,1,0,0.0,-0.00,0,-0.3,-0.0,4.00,0,0,0.0,0.0,41,0,3,1,6,5,8,40.2,185,160,29,12,0,3,23,20,19,0,27,4,0,2,3,0,0,4,17,17,4,0.88,712,49,39,2,2,-0.9,-0.0,0.0,4.97,43,0,8,3,3,2,0,0,1.21,-0.1,.635,4,2,44.2,0,0,5,3,1,1,1,1,0,0,0,0,-0.3,0.0
RP,Mickey Welch,Mickey,Welch,Kumamoto Ozeki TBD,5' 8',160 lbs,R,R,100,New York Gothams,SFG,1884,2026,,85914,Perfect,Born on the 4th of July  SP Mickey Welch  NY1  1884,0,N,0,82,122,82,83,66,88,124,88,89,67,80,121,80,82,66,77,63,Line Drive,Normal,Normal,94,87,133,142,95,88,135,145,94,87,131,140,91,128,113,-,-,-,-,-,-,-,-,-,3,NEU,90-92,3/4,Normal,97,59,-,-,-,25,16,20,21,68,52,74,47,-,-,-,-,-,77,54,75,47,-,-,-,-,-,77,54,75,65,84,92,78,,,0,0,0,0,0,0,0,0,0,0,0,0,0,0,0,0,0,0.0,0.00,0,-0.0,0.0,0.00,0,0,0.0,0.0,54,0,4,3,3,9,9,74.0,314,283,44,19,2,6,32,30,28,0,60,1,0,2,4,0,0,8,22,42,15,0.74,1225,82,68,5,0,-1.8,0.6,0.9,4.19,53,0,9,3,6,0,0,0,1.09,-0.9,.818,5,0,74.0,0,0,2,2,2,1,0,0,0,0,0,0,0.0,0.0
CL,Dellin Betances,Dellin,Betances,Memphis Redbirds,6' 8',260 lbs,R,R,100,New York Yankees,NYY,2014,2005-2014,ME,83904,Perfect,Live Collection Reward - Historical All-Star  RP Dellin Betances  NYY  2014,0,N,0,1,3,1,3,1,1,3,1,3,1,1,3,1,3,1,26,26,Normal,Normal,Normal,140,86,121,111,140,105,116,140,140,71,126,87,100,-,166,107,-,-,-,-,-,-,-,-,3,NEU,98-100,3/4,Normal,25,33,-,-,-,27,20,23,23,10,10,7,55,-,-,-,-,-,-,-,-,55,-,-,-,-,-,-,-,-,5,5,6,5,,,0,0,0,0,0,0,0,0,0,0,0,0,0,0,0,0,0,0.0,0.00,0,-0.0,0.0,0.00,0,0,0.0,0.0,75,0,5,4,24,26,12,76.1,336,302,57,17,1,12,36,34,28,0,62,6,0,0,0,0,0,4,15,31,11,1.30,1317,74,78,10,4,0.6,-0.5,0.7,4.23,75,0,16,10,6,0,1,0,1.89,0.1,1.091,14,4,76.1,0,0,9,8,4,2,0,0,0,0,0,0,-0.5,0.0
CL,Zack Britton,Zack,Britton,Kansas City Torrent,6' 3',195 lbs,L,L,102,Baltimore Orioles,BAL,2016,2015+,LE,86426,Perfect,Limited Edition/54  CL Zack Britton  BAL  2016,283 832,N,0,1,3,1,3,1,1,3,1,3,1,1,3,1,3,1,29,1,Normal,Normal,Normal,142,110,174,179,131,100,155,190,145,114,180,175,-,-,-,127,143,-,-,-,-,-,-,-,2,EX GB,95-97,3/4,GB'er,18,65,-,-,-,35,20,26,23,6,1,9,65,-,-,-,-,-,-,-,-,65,-,-,-,-,-,-,-,-,5,4,6,5,,,0,0,0,0,0,0,0,0,0,0,0,0,0,0,0,0,0,0.0,0.00,0,-0.0,0.0,0.00,0,0,0.0,0.0,5,0,0,0,3,2,1,4.2,19,17,4,0,0,0,1,1,1,0,3,1,0,0,0,0,0,1,0,0,0,1.77,71,4,6,0,0,0.1,0.1,0.2,4.24,5,0,1,0,1,0,0,0,1.93,0.0,.000,0,0,4.2,0,0,1,1,0,0,0,0,0,0,0,0,-0.1,0.0
CL,Jonathan Broxton,Jonathan,Broxton,-,6' 4',285 lbs,R,R,100,Los Angeles Dodgers,LAD,2009,2005-2014,LE,85221,Perfect,Limited Edition/36  CL Jonathan Broxton  LAD  2009,0,N,0,4,3,1,3,1,7,3,1,3,1,4,3,1,3,1,25,41,Normal,Spray,Spray,146,67,109,133,160,65,110,130,134,70,108,135,137,-,-,126,-,-,-,-,-,-,-,-,2,NEU,96-98,3/4,Normal,18,50,-,-,-,30,20,24,23,2,5,3,58,-,-,-,-,-,-,-,-,58,-,-,-,-,-,-,-,-,15,5,6,25,,,0,0,0,0,0,0,0,0,0,0,0,0,0,0,0,0,0,0.0,0.00,0,-0.0,0.0,0.00,0,0,0.0,0.0,15,0,0,0,0,2,0,15.1,73,57,8,2,1,2,6,6,15,0,13,1,0,0,0,0,0,2,7,5,0,0.76,317,13,17,0,0,0.3,-0.4,0.2,5.75,15,0,2,0,2,0,0,0,1.17,0.0,.000,0,0,15.1,0,0,0,0,0,0,0,0,0,0,0,0,-0.1,0.0
CL,Aroldis Chapman,Aroldis,Chapman,Meaty Oakers,6' 4',235 lbs,L,L,101,Chicago Cubs,CHC,2016,2015+,CS,86413,Perfect,Clubhouse - Baseball Reference 6  CL Aroldis Chapman  CHC  2016,0,N,0,1,3,1,3,1,1,3,1,3,1,1,3,1,3,1,22,1,Normal,Normal,Normal,180,87,134,153,166,50,151,171,184,97,128,147,145,-,-,147,-,116,-,-,-,-,-,-,3,NEU,100+,OTT,Normal,17,49,-,-,-,29,20,24,23,10,4,7,57,-,-,-,-,-,-,-,-,57,-,-,-,-,-,-,-,-,16,4,6,28,,,0,0,0,0,0,0,0,0,0,0,0,0,0,0,0,0,0,0.0,0.00,0,-0.0,0.0,0.00,0,0,0.0,0.0,83,0,3,4,30,31,9,79.2,330,294,45,11,2,3,32,30,33,0,86,1,1,1,2,0,0,8,21,20,5,1.28,1387,71,70,2,2,1.3,1.8,1.4,3.38,83,0,10,5,2,3,0,0,0.79,-0.8,.546,4,2,79.2,0,0,6,3,4,2,0,0,0,0,0,0,-0.1,0.0
CL,Aroldis Chapman,Aroldis,Chapman,Chicago Dogs,6' 4',235 lbs,L,L,101,Chicago Cubs,CHC,2016,2015+,CS,86413,Perfect,Clubhouse - Baseball Reference 6  CL Aroldis Chapman  CHC  2016,0,N,0,1,3,1,3,1,1,3,1,3,1,1,3,1,3,1,22,1,Normal,Normal,Normal,180,87,134,153,166,50,151,171,184,97,128,147,145,-,-,147,-,116,-,-,-,-,-,-,3,NEU,100+,OTT,Normal,17,49,-,-,-,29,20,24,23,10,4,7,57,-,-,-,-,-,-,-,-,57,-,-,-,-,-,-,-,-,16,4,6,28,,,0,0,0,0,0,0,0,0,0,0,0,0,0,0,0,0,0,0.0,0.00,0,-0.0,0.0,0.00,0,0,0.0,0.0,52,0,4,1,4,16,6,54.2,223,199,26,8,0,3,21,19,23,3,53,1,0,0,7,1,0,4,20,31,8,1.25,937,63,43,3,1,0.8,0.9,0.9,3.77,52,0,8,4,4,0,0,0,1.32,0.0,1.091,4,1,54.2,0,0,4,4,1,0,0,0,0,0,0,0,-0.1,0.0
CL,Aroldis Chapman,Aroldis,Chapman,El Vampiro Ankle Biters,6' 4',235 lbs,L,L,101,Chicago Cubs,CHC,2016,2015+,CS,86413,Perfect,Clubhouse - Baseball Reference 6  CL Aroldis Chapman  CHC  2016,0,N,0,1,3,1,3,1,1,3,1,3,1,1,3,1,3,1,22,1,Normal,Normal,Normal,180,87,134,153,166,50,151,171,184,97,128,147,145,-,-,147,-,116,-,-,-,-,-,-,3,NEU,100+,OTT,Normal,17,49,-,-,-,29,20,24,23,10,4,7,57,-,-,-,-,-,-,-,-,57,-,-,-,-,-,-,-,-,16,4,6,28,,,0,0,0,0,0,0,0,0,0,0,0,0,0,0,0,0,0,0.0,0.00,0,-0.0,0.0,0.00,0,0,0.0,0.0,52,0,4,0,15,19,12,53.0,231,201,33,8,2,5,22,22,23,0,56,4,0,3,3,0,0,0,16,17,4,1.82,968,37,63,1,1,0.1,0.5,1.0,3.52,52,0,5,2,2,1,0,0,0.68,-0.4,.727,2,1,53.0,0,0,4,2,1,0,0,0,0,0,0,0,0.0,0.0
CL,Aroldis Chapman,Aroldis,Chapman,Dungeon Meshi Marcille,6' 4',235 lbs,L,L,101,Chicago Cubs,CHC,2016,2015+,CS,86413,Perfect,Clubhouse - Baseball Reference 6  CL Aroldis Chapman  CHC  2016,0,N,0,1,3,1,3,1,1,3,1,3,1,1,3,1,3,1,22,1,Normal,Normal,Normal,180,87,134,153,166,50,151,171,184,97,128,147,145,-,-,147,-,116,-,-,-,-,-,-,3,NEU,100+,OTT,Normal,17,49,-,-,-,29,20,24,23,10,4,7,57,-,-,-,-,-,-,-,-,57,-,-,-,-,-,-,-,-,16,4,6,28,,,0,0,0,0,0,0,0,0,0,0,0,0,0,0,0,0,0,0.0,0.00,0,-0.0,0.0,0.00,0,0,0.0,0.0,55,0,7,6,1,28,8,59.0,243,216,34,8,0,3,18,11,22,0,50,3,1,1,1,0,0,3,46,7,2,2.05,1010,67,53,0,2,1.7,1.1,2.3,4.02,55,0,10,6,3,1,0,0,1.37,0.5,.909,2,2,59.0,0,0,7,5,3,2,0,0,0,0,0,0,-0.1,0.0
CL,Aroldis Chapman,Aroldis,Chapman,Atlantic City Surf - GH,6' 4',235 lbs,L,L,101,Chicago Cubs,CHC,2016,2015+,CS,86413,Perfect,Clubhouse - Baseball Reference 6  CL Aroldis Chapman  CHC  2016,0,N,0,1,3,1,3,1,1,3,1,3,1,1,3,1,3,1,22,1,Normal,Normal,Normal,180,87,134,153,166,50,151,171,184,97,128,147,145,-,-,147,-,116,-,-,-,-,-,-,3,NEU,100+,OTT,Normal,17,49,-,-,-,29,20,24,23,10,4,7,57,-,-,-,-,-,-,-,-,57,-,-,-,-,-,-,-,-,16,4,6,28,,,0,0,0,0,0,0,0,0,0,0,0,0,0,0,0,0,0,0.0,0.00,0,-0.0,0.0,0.00,0,0,0.0,0.0,48,0,2,3,11,20,6,49.1,208,180,27,8,0,3,21,21,24,1,47,1,1,2,3,0,0,3,12,46,13,1.50,830,51,44,1,1,1.6,0.6,0.7,4.02,48,0,7,6,0,1,0,0,1.09,0.3,.909,2,1,49.1,0,0,5,4,2,2,0,0,0,0,0,0,-0.3,0.0
CL,Sean Doolittle,Sean,Doolittle,El Vampiro Ankle Biters,6' 2',205 lbs,L,L,101,Washington Nationals,WSN,2018,2015+,CS,86281,Perfect,Clubhouse - Historical All-Star  CL Sean Doolittle  WAS  2018,0,N,0,1,3,1,3,1,1,3,1,3,1,1,3,1,3,1,21,1,Normal,Spray,Spray,152,125,181,119,180,66,200,160,143,150,175,115,128,-,-,123,-,-,-,-,-,-,-,-,2,EX FB,93-95,3/4,Normal,11,57,-,-,-,27,20,23,23,2,9,3,55,-,-,-,-,-,-,-,-,55,-,-,-,-,-,-,-,-,5,5,6,5,,,0,0,0,0,0,0,0,0,0,0,0,0,0,0,0,0,0,0.0,0.00,0,-0.0,0.0,0.00,0,0,0.0,0.0,25,0,3,0,0,8,3,26.0,99,92,10,2,1,2,5,4,6,0,27,0,0,1,0,1,0,1,21,7,0,1.96,403,19,30,0,0,0.8,0.7,1.4,2.63,25,0,0,0,0,0,0,0,0.00,0.0,.000,0,0,26.0,0,0,0,0,0,0,0,0,0,0,0,0,0.1,0.0
CL,Sean Doolittle,Sean,Doolittle,Krakow Hussars,6' 2',205 lbs,L,L,101,Washington Nationals,WSN,2018,2015+,CS,86281,Perfect,Clubhouse - Historical All-Star  CL Sean Doolittle  WAS  2018,0,N,0,1,3,1,3,1,1,3,1,3,1,1,3,1,3,1,21,1,Normal,Spray,Spray,152,125,181,119,180,66,200,160,143,150,175,115,128,-,-,123,-,-,-,-,-,-,-,-,2,EX FB,93-95,3/4,Normal,11,57,-,-,-,27,20,23,23,2,9,3,55,-,-,-,-,-,-,-,-,55,-,-,-,-,-,-,-,-,5,5,6,5,,,0,0,0,0,0,0,0,0,0,0,0,0,0,0,0,0,0,0.0,0.00,0,-0.0,0.0,0.00,0,0,0.0,0.0,60,0,4,8,5,22,14,52.2,257,230,48,11,1,8,40,29,21,2,47,6,0,0,2,0,0,3,44,9,4,2.11,980,53,53,1,1,-0.6,-0.3,-1.5,4.23,58,0,5,1,3,1,0,0,0.68,0.4,1.091,2,1,52.2,0,0,0,0,1,1,0,0,0,0,0,0,0.0,0.0
CL,Sean Doolittle,Sean,Doolittle,The Black Freighter TBD,6' 2',205 lbs,L,L,101,Washington Nationals,WSN,2018,2015+,CS,86281,Perfect,Clubhouse - Historical All-Star  CL Sean Doolittle  WAS  2018,0,N,0,1,3,1,3,1,1,3,1,3,1,1,3,1,3,1,21,1,Normal,Spray,Spray,152,125,181,119,180,66,200,160,143,150,175,115,128,-,-,123,-,-,-,-,-,-,-,-,2,EX FB,93-95,3/4,Normal,11,57,-,-,-,27,20,23,23,2,9,3,55,-,-,-,-,-,-,-,-,55,-,-,-,-,-,-,-,-,5,5,6,5,,,0,0,0,0,0,0,0,0,0,0,0,0,0,0,0,0,0,0.0,0.00,0,-0.0,0.0,0.00,0,0,0.0,0.0,65,0,5,7,17,26,12,61.1,265,241,42,5,0,12,24,24,18,1,50,2,2,2,0,0,0,2,22,23,11,1.57,1061,61,71,2,1,0.0,-0.4,1.5,3.99,63,0,11,9,1,1,0,0,1.47,0.7,.970,3,1,61.1,0,0,9,9,1,1,1,1,0,0,0,0,0.4,0.0
CL,Sean Doolittle,Sean,Doolittle,Orange Jackrabbits,6' 2',205 lbs,L,L,101,Washington Nationals,WSN,2018,2015+,CS,86281,Perfect,Clubhouse - Historical All-Star  CL Sean Doolittle  WAS  2018,0,N,0,1,3,1,3,1,1,3,1,3,1,1,3,1,3,1,21,1,Normal,Spray,Spray,152,125,181,119,180,66,200,160,143,150,175,115,128,-,-,123,-,-,-,-,-,-,-,-,2,EX FB,93-95,3/4,Normal,11,57,-,-,-,27,20,23,23,2,9,3,55,-,-,-,-,-,-,-,-,55,-,-,-,-,-,-,-,-,5,5,6,5,,,0,0,0,0,0,0,0,0,0,0,0,0,0,0,0,0,0,0.0,0.00,0,-0.0,0.0,0.00,0,0,0.0,0.0,54,0,6,5,3,23,10,56.2,233,202,28,8,0,5,15,13,24,6,48,0,3,4,3,1,0,5,36,6,1,2.06,894,61,55,3,1,2.1,0.8,2.5,4.14,53,0,17,5,10,2,0,0,2.38,-0.1,.873,4,1,56.2,0,0,4,3,1,1,1,1,0,0,0,0,-0.1,0.0
CL,Sean Doolittle,Sean,Doolittle,Alhambra Moors - HotL TTC,6' 2',205 lbs,L,L,101,Washington Nationals,WSN,2018,2015+,CS,86281,Perfect,Clubhouse - Historical All-Star  CL Sean Doolittle  WAS  2018,0,N,0,1,3,1,3,1,1,3,1,3,1,1,3,1,3,1,21,1,Normal,Spray,Spray,152,125,181,119,180,66,200,160,143,150,175,115,128,-,-,123,-,-,-,-,-,-,-,-,2,EX FB,93-95,3/4,Normal,11,57,-,-,-,27,20,23,23,2,9,3,55,-,-,-,-,-,-,-,-,55,-,-,-,-,-,-,-,-,5,5,6,5,,,0,0,0,0,0,0,0,0,0,0,0,0,0,0,0,0,0,0.0,0.00,0,-0.0,0.0,0.00,0,0,0.0,0.0,53,0,2,6,2,22,11,52.0,228,199,28,10,1,6,30,30,24,6,46,3,1,1,4,1,0,2,43,2,0,2.20,877,44,63,6,0,-0.7,0.3,-0.1,4.22,52,0,10,4,6,0,0,0,1.73,-0.7,1.091,6,0,52.0,0,0,6,5,1,1,0,0,0,0,0,0,-0.4,0.0
CL,Jhoan Duran,Jhoan,Duran,Salt Lake Bees,6' 5',230 lbs,R,R,100,Philadelphia Phillies,PHI,2026,2026,,82063,Perfect,MLB 2026 Live  CL Jhoan Duran  PHI,0,N,0,25,20,9,28,24,25,20,9,28,24,25,20,9,28,24,41,5,Normal,Normal,Normal,118,97,68,156,112,97,68,153,123,98,69,160,119,-,120,-,118,-,-,-,-,-,-,-,3,EX GB,100+,OTT,GB'er,15,50,3,3,1,13,23,47,12,12,15,32,46,-,-,-,-,-,-,-,-,46,-,36,-,-,-,-,-,-,26,46,8,23,,,0,0,0,0,0,0,0,0,0,0,0,0,0,0,0,0,0,0.0,0.00,0,-0.0,0.0,0.00,0,0,0.0,0.0,50,0,3,3,10,19,8,45.0,190,172,25,11,2,6,22,21,16,0,26,1,0,1,3,1,0,4,10,26,7,1.33,722,58,42,2,4,0.8,-0.3,0.4,4.90,50,0,12,4,8,0,0,0,2.40,1.5,1.091,6,4,45.0,0,0,1,1,2,2,1,1,0,0,0,0,0.0,0.0
CL,Rich Gossage,Rich,Gossage,Salt Lake Bees,6' 3',215 lbs,R,R,101,New York Yankees,NYA,1982,1980-1992,HOF,85046,Perfect,All-Star Week - Hall of Fame  CL Rich Gossage  NYY  1982,0,N,0,1,3,1,3,1,1,3,1,3,1,1,3,1,3,1,27,17,Normal,Normal,Normal,153,100,141,144,133,72,138,150,169,133,143,140,136,-,-,134,-,-,-,-,-,-,-,-,2,EX FB,97-99,3/4,Normal,48,61,-,-,-,26,13,20,23,10,4,7,45,-,-,-,-,-,-,-,-,45,-,-,-,-,-,-,-,-,15,5,6,25,,,0,0,0,0,0,0,0,0,0,0,0,0,0,0,0,0,0,0.0,0.00,0,-0.0,0.0,0.00,0,0,0.0,0.0,19,0,0,2,3,3,5,18.1,90,76,15,6,0,4,14,13,13,0,19,0,0,1,0,0,0,0,7,5,4,1.57,380,14,19,1,1,-1.5,-0.5,-0.5,4.56,19,0,0,0,0,0,0,0,0.00,0.0,.000,2,1,18.1,0,0,0,0,1,0,0,0,0,0,0,0,0.0,0.0
CL,Rich Gossage,Rich,Gossage,Svendborg Sailors,6' 3',215 lbs,R,R,101,New York Yankees,NYA,1982,1980-1992,HOF,85046,Perfect,All-Star Week - Hall of Fame  CL Rich Gossage  NYY  1982,0,N,0,1,3,1,3,1,1,3,1,3,1,1,3,1,3,1,27,17,Normal,Normal,Normal,153,100,141,144,133,72,138,150,169,133,143,140,136,-,-,134,-,-,-,-,-,-,-,-,2,EX FB,97-99,3/4,Normal,48,61,-,-,-,26,13,20,23,10,4,7,45,-,-,-,-,-,-,-,-,45,-,-,-,-,-,-,-,-,15,5,6,25,,,0,0,0,0,0,0,0,0,0,0,0,0,0,0,0,0,0,0.0,0.00,0,-0.0,0.0,0.00,0,0,0.0,0.0,66,0,6,3,14,19,4,87.0,341,319,46,12,1,6,30,30,20,0,79,1,0,1,3,0,0,4,30,45,6,1.02,1353,82,93,1,1,2.4,1.5,1.9,3.28,66,0,10,4,5,1,1,0,0.93,0.2,1.091,2,1,87.0,0,0,3,2,2,1,0,0,0,0,0,0,-0.3,0.0
CL,Rich Gossage,Rich,Gossage,Littleton CO Mountaineers,6' 3',215 lbs,R,R,101,New York Yankees,NYA,1982,1980-1992,HOF,85046,Perfect,All-Star Week - Hall of Fame  CL Rich Gossage  NYY  1982,0,N,0,1,3,1,3,1,1,3,1,3,1,1,3,1,3,1,27,17,Normal,Normal,Normal,153,100,141,144,133,72,138,150,169,133,143,140,136,-,-,134,-,-,-,-,-,-,-,-,2,EX FB,97-99,3/4,Normal,48,61,-,-,-,26,13,20,23,10,4,7,45,-,-,-,-,-,-,-,-,45,-,-,-,-,-,-,-,-,15,5,6,25,,,0,0,0,0,0,0,0,0,0,0,0,0,0,0,0,0,0,0.0,0.00,0,-0.0,0.0,0.00,0,0,0.0,0.0,68,0,4,11,1,26,16,77.1,327,293,49,14,0,6,34,27,27,2,73,2,0,5,6,1,0,2,59,22,7,2.10,1317,55,96,4,2,-0.7,1.7,1.8,3.58,68,0,15,10,4,1,1,0,1.63,-0.4,.893,6,2,77.1,0,0,9,7,4,1,3,3,0,0,0,0,-0.9,0.0
CL,Rich Gossage,Rich,Gossage,El Vampiro Ankle Biters,6' 3',215 lbs,R,R,101,New York Yankees,NYA,1982,1980-1992,HOF,85046,Perfect,All-Star Week - Hall of Fame  CL Rich Gossage  NYY  1982,0,N,0,1,3,1,3,1,1,3,1,3,1,1,3,1,3,1,27,17,Normal,Normal,Normal,153,100,141,144,133,72,138,150,169,133,143,140,136,-,-,134,-,-,-,-,-,-,-,-,2,EX FB,97-99,3/4,Normal,48,61,-,-,-,26,13,20,23,10,4,7,45,-,-,-,-,-,-,-,-,45,-,-,-,-,-,-,-,-,15,5,6,25,,,0,0,0,0,0,0,0,0,0,0,0,0,0,0,0,0,0,0.0,0.00,0,-0.0,0.0,0.00,0,0,0.0,0.0,66,0,5,8,13,22,16,78.2,346,312,51,21,2,7,42,37,28,0,62,3,0,3,3,0,0,5,34,22,10,1.68,1356,86,82,1,1,-2.5,0.5,0.1,4.27,66,0,13,5,7,1,0,0,1.37,0.2,.909,2,1,78.2,0,0,4,3,2,2,1,0,0,0,0,0,0.0,0.0
CL,Rich Gossage,Rich,Gossage,Orange Jackrabbits,6' 3',215 lbs,R,R,101,New York Yankees,NYA,1982,1980-1992,HOF,85046,Perfect,All-Star Week - Hall of Fame  CL Rich Gossage  NYY  1982,0,N,0,1,3,1,3,1,1,3,1,3,1,1,3,1,3,1,27,17,Normal,Normal,Normal,153,100,141,144,133,72,138,150,169,133,143,140,136,-,-,134,-,-,-,-,-,-,-,-,2,EX FB,97-99,3/4,Normal,48,61,-,-,-,26,13,20,23,10,4,7,45,-,-,-,-,-,-,-,-,45,-,-,-,-,-,-,-,-,15,5,6,25,,,0,0,0,0,0,0,0,0,0,0,0,0,0,0,0,0,0,0.0,0.00,0,-0.0,0.0,0.00,0,0,0.0,0.0,73,0,4,3,18,30,14,82.0,353,317,53,16,0,5,34,32,32,1,73,1,0,3,5,0,0,5,15,29,5,1.43,1389,76,91,5,1,1.8,1.2,1.4,3.99,72,0,12,6,5,1,0,0,1.21,-0.2,.935,6,1,82.0,0,0,6,5,3,3,0,0,0,0,0,0,0.0,0.0
CL,Rich Gossage,Rich,Gossage,Tavistock Baseballersons,6' 3',215 lbs,R,R,101,New York Yankees,NYA,1982,1980-1992,HOF,85046,Perfect,All-Star Week - Hall of Fame  CL Rich Gossage  NYY  1982,0,N,0,1,3,1,3,1,1,3,1,3,1,1,3,1,3,1,27,17,Normal,Normal,Normal,153,100,141,144,133,72,138,150,169,133,143,140,136,-,-,134,-,-,-,-,-,-,-,-,2,EX FB,97-99,3/4,Normal,48,61,-,-,-,26,13,20,23,10,4,7,45,-,-,-,-,-,-,-,-,45,-,-,-,-,-,-,-,-,15,5,6,25,,,0,0,0,0,0,0,0,0,0,0,0,0,0,0,0,0,0,0.0,0.00,0,-0.0,0.0,0.00,0,0,0.0,0.0,77,0,7,11,7,29,22,90.0,393,357,67,15,1,10,45,42,27,1,91,3,1,4,5,0,1,6,47,23,9,1.83,1525,85,87,4,0,-3.3,1.3,0.7,3.41,77,0,17,5,11,1,0,0,1.60,-0.4,1.091,4,0,90.0,0,0,6,5,2,1,0,0,0,0,0,0,-0.7,0.0
CL,Rich Gossage,Rich,Gossage,Pulaski Pils,6' 3',215 lbs,R,R,101,New York Yankees,NYA,1982,1980-1992,HOF,85046,Perfect,All-Star Week - Hall of Fame  CL Rich Gossage  NYY  1982,0,N,0,1,3,1,3,1,1,3,1,3,1,1,3,1,3,1,27,17,Normal,Normal,Normal,153,100,141,144,133,72,138,150,169,133,143,140,136,-,-,134,-,-,-,-,-,-,-,-,2,EX FB,97-99,3/4,Normal,48,61,-,-,-,26,13,20,23,10,4,7,45,-,-,-,-,-,-,-,-,45,-,-,-,-,-,-,-,-,15,5,6,25,,,0,0,0,0,0,0,0,0,0,0,0,0,0,0,0,0,0,0.0,0.00,0,-0.0,0.0,0.00,0,0,0.0,0.0,90,0,7,4,23,31,12,113.0,441,404,52,21,2,6,34,31,30,0,110,2,0,5,5,0,0,11,43,19,5,1.25,1767,96,118,1,0,2.6,2.4,3.1,3.13,90,0,14,6,7,1,1,0,1.04,-0.2,.935,1,0,113.0,0,0,6,5,3,1,0,0,0,0,0,0,0.1,0.0
CL,Josh Hader,Josh,Hader,Joe Buck Yourself,6' 3',185 lbs,L,L,100,Milwaukee Brewers,MIL,2018,2015+,,84066,Perfect,Historical All-Star  CL Josh Hader  MIL  2018,0,N,0,3,20,1,25,3,3,19,1,22,3,4,21,1,26,4,23,5,Normal,Normal,Normal,143,66,118,96,146,58,114,152,142,69,120,82,85,158,-,111,-,-,-,-,-,-,-,-,3,EX FB,94-96,SIDE,Normal,19,115,-,-,-,27,13,21,23,6,9,5,47,-,-,-,-,-,-,-,-,47,-,-,-,-,-,-,-,-,16,3,6,28,,,0,0,0,0,0,0,0,0,0,0,0,0,0,0,0,0,0,0.0,0.00,0,-0.0,0.0,0.00,0,0,0.0,0.0,9,0,1,0,0,4,1,9.1,48,42,9,6,0,1,8,8,5,0,10,1,0,0,0,0,0,0,3,5,2,1.53,179,5,11,0,0,0.5,0.0,-0.3,4.06,9,0,1,1,0,0,0,0,0.96,0.0,.000,0,0,9.1,0,0,0,0,0,0,0,0,0,0,0,0,-0.1,0.0
CL,Josh Hader,Josh,Hader,Dungeon Meshi Marcille,6' 3',185 lbs,L,L,100,Milwaukee Brewers,MIL,2018,2015+,,84066,Perfect,Historical All-Star  CL Josh Hader  MIL  2018,0,N,0,3,20,1,25,3,3,19,1,22,3,4,21,1,26,4,23,5,Normal,Normal,Normal,143,66,118,96,146,58,114,152,142,69,120,82,85,158,-,111,-,-,-,-,-,-,-,-,3,EX FB,94-96,SIDE,Normal,19,115,-,-,-,27,13,21,23,6,9,5,47,-,-,-,-,-,-,-,-,47,-,-,-,-,-,-,-,-,16,3,6,28,,,0,0,0,0,0,0,0,0,0,0,0,0,0,0,0,0,0,0.0,0.00,0,-0.0,0.0,0.00,0,0,0.0,0.0,34,0,2,4,6,8,9,28.1,136,120,25,9,2,4,22,22,13,0,30,1,0,2,2,0,0,1,11,17,4,1.32,518,25,27,0,0,-1.5,0.0,-0.6,3.86,34,0,6,4,2,0,0,0,1.91,0.4,1.091,0,0,28.1,0,0,2,2,2,2,0,0,0,0,0,0,0.0,0.0
CL,Tom Henke,Tom,Henke,Salt Lake Bees,6' 5',215 lbs,R,R,100,Toronto Blue Jays,TOR,1987,1980-1992,,85918,Perfect,Blue Jays 50th Anniversary  CL Tom Henke  TOR  1987,0,N,0,1,3,1,3,1,1,3,1,3,1,1,3,1,3,1,29,1,Normal,Spray,Spray,150,125,128,100,137,122,142,111,160,128,116,83,122,-,-,100,-,-,-,129,-,-,-,-,3,EX FB,92-94,3/4,Normal,25,57,-,-,-,35,20,26,23,3,9,2,64,-,-,-,-,-,-,-,-,64,-,-,-,-,-,-,-,-,5,4,6,5,,,0,0,0,0,0,0,0,0,0,0,0,0,0,0,0,0,0,0.0,0.00,0,-0.0,0.0,0.00,0,0,0.0,0.0,26,0,1,2,10,7,8,20.0,105,93,24,8,1,4,21,21,10,0,20,1,0,1,2,0,0,2,5,7,4,1.61,432,16,21,0,0,-0.9,-0.3,-1.2,4.28,25,0,0,0,0,0,0,0,0.00,0.0,.000,0,0,20.0,0,0,0,0,0,0,0,0,0,0,0,0,-0.1,0.0
CL,Tom Henke,Tom,Henke,The Black Freighter TBD,6' 5',215 lbs,R,R,100,Toronto Blue Jays,TOR,1987,1980-1992,,85918,Perfect,Blue Jays 50th Anniversary  CL Tom Henke  TOR  1987,0,N,0,1,3,1,3,1,1,3,1,3,1,1,3,1,3,1,29,1,Normal,Spray,Spray,150,125,128,100,137,122,142,111,160,128,116,83,122,-,-,100,-,-,-,129,-,-,-,-,3,EX FB,92-94,3/4,Normal,25,57,-,-,-,35,20,26,23,3,9,2,64,-,-,-,-,-,-,-,-,64,-,-,-,-,-,-,-,-,5,4,6,5,,,0,0,0,0,0,0,0,0,0,0,0,0,0,0,0,0,0,0.0,0.00,0,-0.0,0.0,0.00,0,0,0.0,0.0,72,0,4,8,17,25,17,80.1,355,319,54,20,1,10,44,38,28,2,90,3,1,4,6,1,0,5,18,54,18,1.77,1407,65,80,3,0,-1.0,1.2,0.4,3.21,70,0,10,6,3,1,0,0,1.01,0.2,1.273,3,0,80.1,0,0,5,5,5,3,0,0,0,0,0,0,0.4,0.0
CL,Tom Henke,Tom,Henke,Paramus Fisher Cats,6' 5',215 lbs,R,R,100,Toronto Blue Jays,TOR,1987,1980-1992,,85918,Perfect,Blue Jays 50th Anniversary  CL Tom Henke  TOR  1987,0,N,0,1,3,1,3,1,1,3,1,3,1,1,3,1,3,1,29,1,Normal,Spray,Spray,150,125,128,100,137,122,142,111,160,128,116,83,122,-,-,100,-,-,-,129,-,-,-,-,3,EX FB,92-94,3/4,Normal,25,57,-,-,-,35,20,26,23,3,9,2,64,-,-,-,-,-,-,-,-,64,-,-,-,-,-,-,-,-,5,4,6,5,,,0,0,0,0,0,0,0,0,0,0,0,0,0,0,0,0,0,0.0,0.00,0,-0.0,0.0,0.00,0,0,0.0,0.0,63,0,5,10,2,29,13,64.2,283,244,46,13,1,4,32,32,30,3,64,4,1,4,2,0,0,6,52,16,5,2.46,1116,53,68,0,1,-0.9,1.3,0.7,3.89,63,0,10,5,4,1,0,0,1.25,1.0,1.091,1,1,64.2,0,0,5,5,1,1,1,1,0,0,0,0,-0.3,0.0
CL,Trevor Hoffman,Trevor,Hoffman,Salt Lake Bees,6' 1',200 lbs,R,R,100,San Diego Padres,SDP,1994,1993-2004,ME,83299,Perfect,Live Collection Reward - Hall of Fame  CL Trevor Hoffman  SD  1994,0,N,0,1,3,1,3,2,1,3,1,3,2,1,3,1,3,2,21,32,Normal,Spray,Spray,116,81,118,130,113,77,115,140,118,85,121,122,78,152,93,92,-,-,-,-,-,-,-,-,4,EX FB,90-92,3/4,Normal,12,93,-,-,-,25,20,22,23,3,9,2,52,-,-,-,-,-,-,-,-,52,-,-,-,-,-,-,-,-,7,4,6,9,,,0,0,0,0,0,0,0,0,0,0,0,0,0,0,0,0,0,0.0,0.00,0,-0.0,0.0,0.00,0,0,0.0,0.0,55,0,5,1,3,9,5,55.1,227,211,30,14,0,6,19,19,16,1,57,0,0,0,2,0,0,4,21,27,6,0.73,896,49,54,3,0,0.2,0.7,1.2,3.16,54,0,5,3,2,0,0,0,0.81,-0.2,1.091,3,0,55.1,0,0,0,0,2,2,0,0,0,0,0,0,-0.4,0.0
CL,Trevor Hoffman,Trevor,Hoffman,Real Intered Workers,6' 1',200 lbs,R,R,100,San Diego Padres,SDP,1994,1993-2004,ME,83299,Perfect,Live Collection Reward - Hall of Fame  CL Trevor Hoffman  SD  1994,0,N,0,1,3,1,3,2,1,3,1,3,2,1,3,1,3,2,21,32,Normal,Spray,Spray,116,81,118,130,113,77,115,140,118,85,121,122,78,152,93,92,-,-,-,-,-,-,-,-,4,EX FB,90-92,3/4,Normal,12,93,-,-,-,25,20,22,23,3,9,2,52,-,-,-,-,-,-,-,-,52,-,-,-,-,-,-,-,-,7,4,6,9,,,0,0,0,0,0,0,0,0,0,0,0,0,0,0,0,0,0,0.0,0.00,0,-0.0,0.0,0.00,0,0,0.0,0.0,35,0,4,2,5,7,9,39.1,173,155,30,3,2,5,19,16,16,0,33,1,1,0,2,0,0,2,9,22,6,1.18,697,31,51,3,1,-0.9,-0.0,0.3,4.20,35,0,5,4,1,0,0,0,1.14,-0.1,1.091,4,1,39.1,0,0,2,1,4,3,0,0,0,0,0,0,-0.4,0.0
CL,Trevor Hoffman,Trevor,Hoffman,Fortuna Lifters,6' 1',200 lbs,R,R,100,San Diego Padres,SDP,1994,1993-2004,ME,83299,Perfect,Live Collection Reward - Hall of Fame  CL Trevor Hoffman  SD  1994,0,N,0,1,3,1,3,2,1,3,1,3,2,1,3,1,3,2,21,32,Normal,Spray,Spray,116,81,118,130,113,77,115,140,118,85,121,122,78,152,93,92,-,-,-,-,-,-,-,-,4,EX FB,90-92,3/4,Normal,12,93,-,-,-,25,20,22,23,3,9,2,52,-,-,-,-,-,-,-,-,52,-,-,-,-,-,-,-,-,7,4,6,9,,,0,0,0,0,0,0,0,0,0,0,0,0,0,0,0,0,0,0.0,0.00,0,-0.0,0.0,0.00,0,0,0.0,0.0,68,0,8,8,17,21,16,65.0,274,245,38,13,1,5,31,28,21,0,64,2,3,3,4,0,0,0,21,24,8,1.58,1164,54,74,7,1,-0.6,1.2,0.7,3.43,67,0,12,8,4,0,0,0,1.66,-0.0,1.091,8,1,65.0,0,0,8,8,1,1,0,0,0,0,0,0,-1.4,0.0
CL,Trevor Hoffman,Trevor,Hoffman,Manchester Camels,6' 1',200 lbs,R,R,100,San Diego Padres,SDP,1994,1993-2004,ME,83299,Perfect,Live Collection Reward - Hall of Fame  CL Trevor Hoffman  SD  1994,0,N,0,1,3,1,3,2,1,3,1,3,2,1,3,1,3,2,21,32,Normal,Spray,Spray,116,81,118,130,113,77,115,140,118,85,121,122,78,152,93,92,-,-,-,-,-,-,-,-,4,EX FB,90-92,3/4,Normal,12,93,-,-,-,25,20,22,23,3,9,2,52,-,-,-,-,-,-,-,-,52,-,-,-,-,-,-,-,-,7,4,6,9,,,0,0,0,0,0,0,0,0,0,0,0,0,0,0,0,0,0,0.0,0.00,0,-0.0,0.0,0.00,0,0,0.0,0.0,53,0,3,5,10,15,11,46.2,189,172,28,5,0,5,19,18,15,0,37,1,0,1,2,1,0,5,17,34,9,1.44,717,45,51,1,1,-0.1,0.3,0.8,4.02,51,0,10,5,4,1,0,0,1.74,0.1,.935,2,1,46.2,0,0,6,6,2,0,0,0,0,0,0,0,-0.7,0.0
CL,Trevor Hoffman,Trevor,Hoffman,St. Louis Honkers,6' 1',200 lbs,R,R,100,San Diego Padres,SDP,1994,1993-2004,ME,83299,Perfect,Live Collection Reward - Hall of Fame  CL Trevor Hoffman  SD  1994,0,N,0,1,3,1,3,2,1,3,1,3,2,1,3,1,3,2,21,32,Normal,Spray,Spray,116,81,118,130,113,77,115,140,118,85,121,122,78,152,93,92,-,-,-,-,-,-,-,-,4,EX FB,90-92,3/4,Normal,12,93,-,-,-,25,20,22,23,3,9,2,52,-,-,-,-,-,-,-,-,52,-,-,-,-,-,-,-,-,7,4,6,9,,,0,0,0,0,0,0,0,0,0,0,0,0,0,0,0,0,0,0.0,0.00,0,-0.0,0.0,0.00,0,0,0.0,0.0,50,0,5,7,18,18,11,43.0,186,160,34,9,2,1,22,22,18,1,21,3,3,2,3,0,0,5,13,25,3,2.07,751,36,61,1,2,0.5,0.4,0.3,5.47,49,0,7,6,1,0,0,0,1.47,0.8,1.091,3,2,43.0,0,0,5,4,2,2,0,0,0,0,0,0,0.0,0.0
CL,Trevor Hoffman,Trevor,Hoffman,Milwaukee Braves,6' 1',200 lbs,R,R,100,San Diego Padres,SDP,1994,1993-2004,ME,83299,Perfect,Live Collection Reward - Hall of Fame  CL Trevor Hoffman  SD  1994,0,N,0,1,3,1,3,2,1,3,1,3,2,1,3,1,3,2,21,32,Normal,Spray,Spray,116,81,118,130,113,77,115,140,118,85,121,122,78,152,93,92,-,-,-,-,-,-,-,-,4,EX FB,90-92,3/4,Normal,12,93,-,-,-,25,20,22,23,3,9,2,52,-,-,-,-,-,-,-,-,52,-,-,-,-,-,-,-,-,7,4,6,9,,,0,0,0,0,0,0,0,0,0,0,0,0,0,0,0,0,0,0.0,0.00,0,-0.0,0.0,0.00,0,0,0.0,0.0,68,0,6,1,17,18,12,58.2,244,211,30,9,0,8,23,20,29,2,48,1,0,3,2,1,0,9,16,34,9,1.54,953,52,65,1,1,0.8,-0.3,1.2,4.47,67,0,9,3,6,0,0,0,1.38,0.9,1.455,2,1,58.2,0,0,5,5,0,0,0,0,0,0,0,0,0.0,0.0
CL,Trevor Hoffman,Trevor,Hoffman,Svendborg Sailors,6' 1',200 lbs,R,R,100,San Diego Padres,SDP,1994,1993-2004,ME,83299,Perfect,Live Collection Reward - Hall of Fame  CL Trevor Hoffman  SD  1994,0,N,0,1,3,1,3,2,1,3,1,3,2,1,3,1,3,2,21,32,Normal,Spray,Spray,116,81,118,130,113,77,115,140,118,85,121,122,78,152,93,92,-,-,-,-,-,-,-,-,4,EX FB,90-92,3/4,Normal,12,93,-,-,-,25,20,22,23,3,9,2,52,-,-,-,-,-,-,-,-,52,-,-,-,-,-,-,-,-,7,4,6,9,,,0,0,0,0,0,0,0,0,0,0,0,0,0,0,0,0,0,0.0,0.00,0,-0.0,0.0,0.00,0,0,0.0,0.0,49,0,1,1,10,8,4,53.2,218,189,29,7,0,3,19,19,25,0,46,1,0,3,1,1,0,5,12,42,11,0.76,827,51,55,2,1,0.5,0.5,1.1,4.22,49,0,6,2,4,0,0,0,1.01,0.1,1.091,3,1,53.2,0,0,4,3,0,0,0,0,0,0,0,0,0.1,0.0
CL,Trevor Hoffman,Trevor,Hoffman,Buffalo Bisons,6' 1',200 lbs,R,R,100,San Diego Padres,SDP,1994,1993-2004,ME,83299,Perfect,Live Collection Reward - Hall of Fame  CL Trevor Hoffman  SD  1994,0,N,0,1,3,1,3,2,1,3,1,3,2,1,3,1,3,2,21,32,Normal,Spray,Spray,116,81,118,130,113,77,115,140,118,85,121,122,78,152,93,92,-,-,-,-,-,-,-,-,4,EX FB,90-92,3/4,Normal,12,93,-,-,-,25,20,22,23,3,9,2,52,-,-,-,-,-,-,-,-,52,-,-,-,-,-,-,-,-,7,4,6,9,,,0,0,0,0,0,0,0,0,0,0,0,0,0,0,0,0,0,0.0,0.00,0,-0.0,0.0,0.00,0,0,0.0,0.0,52,0,3,6,0,29,9,53.1,229,207,34,10,1,5,24,23,20,1,48,0,0,2,2,1,0,3,44,4,0,2.30,868,45,63,0,0,0.4,0.9,1.1,3.89,52,0,11,6,4,1,0,0,1.69,0.1,.909,0,0,53.1,0,0,4,3,3,3,0,0,0,0,0,0,0.0,0.0
CL,Trevor Hoffman,Trevor,Hoffman,Pulaski Pils,6' 1',200 lbs,R,R,100,San Diego Padres,SDP,1994,1993-2004,ME,83299,Perfect,Live Collection Reward - Hall of Fame  CL Trevor Hoffman  SD  1994,0,N,0,1,3,1,3,2,1,3,1,3,2,1,3,1,3,2,21,32,Normal,Spray,Spray,116,81,118,130,113,77,115,140,118,85,121,122,78,152,93,92,-,-,-,-,-,-,-,-,4,EX FB,90-92,3/4,Normal,12,93,-,-,-,25,20,22,23,3,9,2,52,-,-,-,-,-,-,-,-,52,-,-,-,-,-,-,-,-,7,4,6,9,,,0,0,0,0,0,0,0,0,0,0,0,0,0,0,0,0,0,0.0,0.00,0,-0.0,0.0,0.00,0,0,0.0,0.0,65,0,2,6,12,17,12,56.0,245,223,40,13,1,7,31,30,20,1,38,1,0,1,2,1,0,5,23,9,4,1.57,953,56,66,1,0,-0.7,-0.2,-0.2,4.65,64,0,9,5,3,1,1,0,1.29,-0.5,.873,1,0,56.0,0,0,6,4,2,1,0,0,0,0,0,0,0.0,0.0
CL,Jason Isringhausen,Jason,Isringhausen,Milwaukee Braves,6' 3',235 lbs,R,R,101,Oakland Athletics,OAK,2001,1993-2004,LE,86679,Perfect,Limited Edition/34  CL Jason Isringhausen  ATH  2001,0,N,0,1,3,1,3,1,1,3,1,3,1,1,3,1,3,1,29,1,Normal,Spray,Spray,124,113,149,153,108,100,128,150,138,124,166,155,103,101,128,89,-,-,104,-,-,-,-,-,5,NEU,91-93,3/4,Normal,18,57,-,-,-,28,13,21,23,8,5,9,49,-,-,-,-,-,-,-,-,49,-,-,-,-,-,-,-,-,11,5,6,18,,,0,0,0,0,0,0,0,0,0,0,0,0,0,0,0,0,0,0.0,0.00,0,-0.0,0.0,0.00,0,0,0.0,0.0,27,0,0,0,8,7,3,25.2,108,99,18,7,1,3,15,14,6,0,26,1,1,1,2,1,0,3,10,23,5,1.10,449,31,14,3,0,0.4,0.3,-0.1,3.35,27,0,0,0,0,0,0,0,0.00,-0.4,.000,3,0,25.2,0,0,0,0,0,0,0,0,0,0,0,0,0.0,0.0
CL,Jason Isringhausen,Jason,Isringhausen,Chicago Dogs,6' 3',235 lbs,R,R,101,Oakland Athletics,OAK,2001,1993-2004,LE,86679,Perfect,Limited Edition/34  CL Jason Isringhausen  ATH  2001,0,N,0,1,3,1,3,1,1,3,1,3,1,1,3,1,3,1,29,1,Normal,Spray,Spray,124,113,149,153,108,100,128,150,138,124,166,155,103,101,128,89,-,-,104,-,-,-,-,-,5,NEU,91-93,3/4,Normal,18,57,-,-,-,28,13,21,23,8,5,9,49,-,-,-,-,-,-,-,-,49,-,-,-,-,-,-,-,-,11,5,6,18,,,0,0,0,0,0,0,0,0,0,0,0,0,0,0,0,0,0,0.0,0.00,0,-0.0,0.0,0.00,0,0,0.0,0.0,35,0,1,2,3,4,9,32.2,154,137,27,9,2,1,20,16,17,1,24,0,0,0,4,0,0,3,14,27,11,1.02,594,38,32,0,1,-1.4,0.3,-0.3,4.92,35,0,6,2,3,1,0,0,1.38,-0.1,.727,1,1,32.2,0,0,3,1,1,1,0,0,0,0,0,0,-0.1,0.0
CL,Kenley Jansen,Kenley,Jansen,Meaty Oakers,6' 5',265 lbs,S,R,100,Los Angeles Dodgers,LAD,2017,2015+,CS,85705,Perfect,Clubhouse - SwitchKnucklers - Historical All-Star  CL Kenley Jansen  LAD  2017,0,N,0,2,4,1,3,1,2,4,1,3,1,2,5,1,3,2,23,1,Normal,Normal,Normal,141,142,121,116,118,137,108,93,160,147,133,150,-,-,-,102,121,-,154,-,-,-,-,-,3,EX FB,95-97,OTT,Normal,19,48,-,-,-,27,20,23,23,3,9,9,55,-,-,-,-,-,-,-,-,55,-,-,-,-,-,-,-,-,13,4,6,22,,,0,0,0,0,0,0,0,0,0,0,0,0,0,0,0,0,0,0.0,0.00,0,-0.0,0.0,0.00,0,0,0.0,0.0,78,0,2,2,16,19,16,53.2,236,218,36,14,3,5,28,23,15,0,49,1,0,2,3,0,0,5,14,72,23,1.31,945,62,46,3,1,0.3,0.7,0.2,3.70,75,0,5,2,2,1,0,0,0.67,0.1,1.091,4,1,53.2,0,0,2,2,0,0,0,0,0,0,0,0,-0.1,0.0
CL,Kenley Jansen,Kenley,Jansen,Great Lakes Man-of-War-HOTL,6' 5',265 lbs,S,R,100,Los Angeles Dodgers,LAD,2017,2015+,CS,85705,Perfect,Clubhouse - SwitchKnucklers - Historical All-Star  CL Kenley Jansen  LAD  2017,0,N,0,2,4,1,3,1,2,4,1,3,1,2,5,1,3,2,23,1,Normal,Normal,Normal,141,142,121,116,118,137,108,93,160,147,133,150,-,-,-,102,121,-,154,-,-,-,-,-,3,EX FB,95-97,OTT,Normal,19,48,-,-,-,27,20,23,23,3,9,9,55,-,-,-,-,-,-,-,-,55,-,-,-,-,-,-,-,-,13,4,6,22,,,0,0,0,0,0,0,0,0,0,0,0,0,0,0,0,0,0,0.0,0.00,0,-0.0,0.0,0.00,0,0,0.0,0.0,71,0,3,10,1,36,14,74.1,317,289,36,21,2,11,37,35,20,4,58,3,2,3,3,0,0,3,58,14,2,2.14,1199,79,82,2,0,0.5,0.1,0.6,4.02,71,0,9,5,2,2,0,0,0.85,-0.3,.818,2,0,74.1,0,0,2,2,2,1,0,0,0,0,0,0,-0.3,0.0
CL,Kenley Jansen,Kenley,Jansen,Manchester Camels,6' 5',265 lbs,S,R,100,Los Angeles Dodgers,LAD,2017,2015+,CS,85705,Perfect,Clubhouse - SwitchKnucklers - Historical All-Star  CL Kenley Jansen  LAD  2017,0,N,0,2,4,1,3,1,2,4,1,3,1,2,5,1,3,2,23,1,Normal,Normal,Normal,141,142,121,116,118,137,108,93,160,147,133,150,-,-,-,102,121,-,154,-,-,-,-,-,3,EX FB,95-97,OTT,Normal,19,48,-,-,-,27,20,23,23,3,9,9,55,-,-,-,-,-,-,-,-,55,-,-,-,-,-,-,-,-,13,4,6,22,,,0,0,0,0,0,0,0,0,0,0,0,0,0,0,0,0,0,0.0,0.00,0,-0.0,0.0,0.00,0,0,0.0,0.0,38,0,4,4,3,12,7,40.1,192,169,35,13,1,4,27,27,17,0,35,4,0,2,3,0,0,3,16,24,4,1.35,728,37,45,2,0,0.0,0.1,-0.6,4.32,38,0,6,5,1,0,0,0,1.34,-0.4,.909,2,0,40.1,0,0,4,4,1,0,2,1,0,0,0,0,-0.1,0.0
CL,Kenley Jansen,Kenley,Jansen,Tavistock Baseballersons,6' 5',265 lbs,S,R,100,Los Angeles Dodgers,LAD,2017,2015+,CS,85705,Perfect,Clubhouse - SwitchKnucklers - Historical All-Star  CL Kenley Jansen  LAD  2017,0,N,0,2,4,1,3,1,2,4,1,3,1,2,5,1,3,2,23,1,Normal,Normal,Normal,141,142,121,116,118,137,108,93,160,147,133,150,-,-,-,102,121,-,154,-,-,-,-,-,3,EX FB,95-97,OTT,Normal,19,48,-,-,-,27,20,23,23,3,9,9,55,-,-,-,-,-,-,-,-,55,-,-,-,-,-,-,-,-,13,4,6,22,,,0,0,0,0,0,0,0,0,0,0,0,0,0,0,0,0,0,0.0,0.00,0,-0.0,0.0,0.00,0,0,0.0,0.0,39,0,2,4,3,7,4,40.2,177,160,28,8,1,3,17,17,16,1,36,0,0,0,0,0,1,1,17,11,3,1.00,705,28,55,3,0,0.1,0.5,0.6,3.93,39,0,7,5,1,1,0,0,1.33,-0.1,1.091,3,0,40.2,0,0,5,5,0,0,0,0,0,0,0,0,-0.3,0.0
CL,Kenley Jansen,Kenley,Jansen,Atlantic City Surf - GH,6' 5',265 lbs,S,R,100,Los Angeles Dodgers,LAD,2017,2015+,CS,85705,Perfect,Clubhouse - SwitchKnucklers - Historical All-Star  CL Kenley Jansen  LAD  2017,0,N,0,2,4,1,3,1,2,4,1,3,1,2,5,1,3,2,23,1,Normal,Normal,Normal,141,142,121,116,118,137,108,93,160,147,133,150,-,-,-,102,121,-,154,-,-,-,-,-,3,EX FB,95-97,OTT,Normal,19,48,-,-,-,27,20,23,23,3,9,9,55,-,-,-,-,-,-,-,-,55,-,-,-,-,-,-,-,-,13,4,6,22,,,0,0,0,0,0,0,0,0,0,0,0,0,0,0,0,0,0,0.0,0.00,0,-0.0,0.0,0.00,0,0,0.0,0.0,54,0,1,1,12,21,5,58.1,230,209,29,9,0,3,15,15,20,0,53,0,0,1,5,0,0,5,18,37,17,1.39,922,53,61,3,1,1.8,1.0,2.0,3.62,54,0,11,2,9,0,0,0,1.70,-0.0,1.091,4,1,58.1,0,0,2,2,2,1,0,0,0,0,0,0,-0.4,0.0
CL,Kenley Jansen,Kenley,Jansen,Alhambra Moors - HotL TTC,6' 5',265 lbs,S,R,100,Los Angeles Dodgers,LAD,2017,2015+,CS,85705,Perfect,Clubhouse - SwitchKnucklers - Historical All-Star  CL Kenley Jansen  LAD  2017,0,N,0,2,4,1,3,1,2,4,1,3,1,2,5,1,3,2,23,1,Normal,Normal,Normal,141,142,121,116,118,137,108,93,160,147,133,150,-,-,-,102,121,-,154,-,-,-,-,-,3,EX FB,95-97,OTT,Normal,19,48,-,-,-,27,20,23,23,3,9,9,55,-,-,-,-,-,-,-,-,55,-,-,-,-,-,-,-,-,13,4,6,22,,,0,0,0,0,0,0,0,0,0,0,0,0,0,0,0,0,0,0.0,0.00,0,-0.0,0.0,0.00,0,0,0.0,0.0,74,0,7,8,6,16,23,69.0,320,293,56,21,3,12,54,48,22,0,61,4,0,1,4,0,0,4,11,42,20,1.18,1291,54,82,6,1,-3.6,-0.3,-1.6,3.95,74,0,8,4,3,1,0,0,0.91,-1.0,.873,7,1,69.0,0,0,4,2,2,2,1,0,0,0,0,0,-0.7,0.0
CL,Craig Kimbrel,Craig,Kimbrel,Chicago Dogs,6' 0',215 lbs,R,R,100,Atlanta Braves,ATL,2012,2005-2014,PTCS,85467,Perfect,PTCS 3 - Hardware Heroes  CL Craig Kimbrel  ATL  2012,0,N,0,1,3,1,3,1,1,3,1,3,2,1,3,1,3,1,26,39,Normal,Spray,Spray,184,105,130,126,181,90,140,140,187,122,122,118,146,-,-,117,-,-,-,-,-,-,149,-,3,NEU,96-98,3/4,Power,20,58,-,-,-,25,20,23,23,5,5,9,52,-,-,-,-,-,-,-,-,52,-,-,-,-,-,-,-,-,5,4,6,5,,,0,0,0,0,0,0,0,0,0,0,0,0,0,0,0,0,0,0.0,0.00,0,-0.0,0.0,0.00,0,0,0.0,0.0,54,0,5,4,1,21,8,61.2,258,228,34,16,2,3,21,20,21,0,65,4,1,4,3,1,0,4,37,15,6,1.81,1043,63,49,4,1,1.9,1.4,1.7,3.32,54,0,11,7,3,1,1,0,1.46,-0.8,.849,5,1,61.2,0,0,7,5,4,2,1,1,0,0,0,0,-0.3,0.0
CL,Mason Miller,Mason,Miller,Salt Lake Bees,6' 5',200 lbs,R,R,100,San Diego Padres,SDP,2026,2026,,81761,Perfect,MLB 2026 Live  CL Mason Miller  SD,0,N,0,20,28,3,27,28,20,28,3,27,28,20,28,3,27,28,25,23,Normal,Normal,Normal,191,75,88,114,190,75,87,113,191,75,90,115,140,156,-,145,-,-,-,-,-,-,-,-,3,FB,100+,3/4,Normal,17,48,3,3,2,33,17,64,22,11,23,25,68,-,-,-,-,-,-,-,-,68,-,56,-,12,-,-,-,-,19,2,17,37,,,0,0,0,0,0,0,0,0,0,0,0,0,0,0,0,0,0,0.0,0.00,0,-0.0,0.0,0.00,0,0,0.0,0.0,21,0,1,4,10,6,3,17.2,77,71,15,2,0,4,14,14,5,0,19,0,0,1,0,0,0,1,4,9,1,1.15,326,13,18,0,0,-0.2,-0.1,-0.4,3.11,20,0,5,3,1,1,1,0,2.04,-0.6,.818,0,0,17.2,0,0,4,3,2,0,0,0,0,0,0,0,0.0,0.0
CL,Robb Nen,Robb,Nen,Washington Bishops,6' 4',200 lbs,R,R,101,San Francisco Giants,SFG,2000,1993-2004,,83906,Perfect,HOF Week - Snapshot  CL Robb Nen  SF  2000,0,N,0,1,3,1,3,1,1,3,1,3,1,1,3,1,3,1,28,13,Normal,Spray,Spray,148,106,125,138,160,95,97,130,139,117,151,144,75,-,137,94,-,153,-,-,-,-,-,-,4,FB,96-98,OTT,Normal,19,39,-,-,-,25,20,23,23,1,7,7,52,-,-,-,-,-,-,-,-,52,-,-,-,-,-,-,-,-,5,5,6,6,,,0,0,0,0,0,0,0,0,0,0,0,0,0,0,0,0,0,0.0,0.00,0,-0.0,0.0,0.00,0,0,0.0,0.0,55,0,5,12,2,22,13,53.2,260,229,58,11,2,3,40,38,25,3,43,2,0,4,4,0,0,3,43,2,1,2.19,978,55,60,5,1,-3.2,0.8,-1.6,4.66,52,0,8,3,5,0,1,0,1.34,-0.3,1.091,6,1,53.2,0,0,4,4,1,0,0,0,0,0,0,0,0.0,0.0
CL,Robb Nen,Robb,Nen,Milwaukee Braves,6' 4',200 lbs,R,R,101,San Francisco Giants,SFG,2000,1993-2004,,83906,Perfect,HOF Week - Snapshot  CL Robb Nen  SF  2000,0,N,0,1,3,1,3,1,1,3,1,3,1,1,3,1,3,1,28,13,Normal,Spray,Spray,148,106,125,138,160,95,97,130,139,117,151,144,75,-,137,94,-,153,-,-,-,-,-,-,4,FB,96-98,OTT,Normal,19,39,-,-,-,25,20,23,23,1,7,7,52,-,-,-,-,-,-,-,-,52,-,-,-,-,-,-,-,-,5,5,6,6,,,0,0,0,0,0,0,0,0,0,0,0,0,0,0,0,0,0,0.0,0.00,0,-0.0,0.0,0.00,0,0,0.0,0.0,63,0,5,5,2,30,10,70.0,295,262,48,8,0,4,28,25,27,4,61,2,1,3,3,0,0,6,50,8,4,2.40,1113,73,68,6,1,2.4,1.7,1.9,4.00,63,0,15,5,9,1,0,0,1.80,-0.8,.818,7,1,70.0,0,0,5,4,2,1,0,0,0,0,0,0,-0.4,0.0
CL,Robb Nen,Robb,Nen,Svendborg Sailors,6' 4',200 lbs,R,R,101,San Francisco Giants,SFG,2000,1993-2004,,83906,Perfect,HOF Week - Snapshot  CL Robb Nen  SF  2000,0,N,0,1,3,1,3,1,1,3,1,3,1,1,3,1,3,1,28,13,Normal,Spray,Spray,148,106,125,138,160,95,97,130,139,117,151,144,75,-,137,94,-,153,-,-,-,-,-,-,4,FB,96-98,OTT,Normal,19,39,-,-,-,25,20,23,23,1,7,7,52,-,-,-,-,-,-,-,-,52,-,-,-,-,-,-,-,-,5,5,6,6,,,0,0,0,0,0,0,0,0,0,0,0,0,0,0,0,0,0,0.0,0.00,0,-0.0,0.0,0.00,0,0,0.0,0.0,58,0,3,11,1,26,13,61.0,274,245,53,9,0,6,34,28,21,3,66,2,1,5,1,0,0,4,49,12,5,2.33,1075,68,43,2,2,-2.5,1.4,-0.0,3.45,58,0,15,4,9,2,0,0,1.92,-0.3,.655,4,2,61.0,0,0,6,5,2,0,0,0,0,0,0,0,-0.4,0.0
CL,Robb Nen,Robb,Nen,El Vampiro Ankle Biters,6' 4',200 lbs,R,R,101,San Francisco Giants,SFG,2000,1993-2004,,83906,Perfect,HOF Week - Snapshot  CL Robb Nen  SF  2000,0,N,0,1,3,1,3,1,1,3,1,3,1,1,3,1,3,1,28,13,Normal,Spray,Spray,148,106,125,138,160,95,97,130,139,117,151,144,75,-,137,94,-,153,-,-,-,-,-,-,4,FB,96-98,OTT,Normal,19,39,-,-,-,25,20,23,23,1,7,7,52,-,-,-,-,-,-,-,-,52,-,-,-,-,-,-,-,-,5,5,6,6,,,0,0,0,0,0,0,0,0,0,0,0,0,0,0,0,0,0,0.0,0.00,0,-0.0,0.0,0.00,0,0,0.0,0.0,52,0,3,7,19,25,13,46.2,203,180,35,7,3,8,32,29,15,0,29,1,2,5,3,0,0,5,11,27,4,1.77,801,41,61,4,3,-0.8,-0.7,-0.9,4.73,51,0,8,4,2,2,0,0,1.16,0.5,.727,7,3,46.2,0,0,3,3,1,1,0,0,0,0,0,0,0.0,0.0
CL,Robb Nen,Robb,Nen,Tavistock Baseballersons,6' 4',200 lbs,R,R,101,San Francisco Giants,SFG,2000,1993-2004,,83906,Perfect,HOF Week - Snapshot  CL Robb Nen  SF  2000,0,N,0,1,3,1,3,1,1,3,1,3,1,1,3,1,3,1,28,13,Normal,Spray,Spray,148,106,125,138,160,95,97,130,139,117,151,144,75,-,137,94,-,153,-,-,-,-,-,-,4,FB,96-98,OTT,Normal,19,39,-,-,-,25,20,23,23,1,7,7,52,-,-,-,-,-,-,-,-,52,-,-,-,-,-,-,-,-,5,5,6,6,,,0,0,0,0,0,0,0,0,0,0,0,0,0,0,0,0,0,0.0,0.00,0,-0.0,0.0,0.00,0,0,0.0,0.0,69,0,1,6,21,24,15,74.2,308,281,47,6,0,12,40,35,24,0,71,1,0,2,2,1,0,6,18,35,7,1.52,1203,61,82,4,2,0.6,0.1,0.2,3.49,67,0,8,5,2,1,0,0,0.84,-0.2,.727,6,2,74.2,0,0,2,1,3,2,0,0,0,0,0,0,-0.7,0.0
CL,Jesse Orosco,Jesse,Orosco,Meaty Oakers,6' 2',185 lbs,R,L,100,New York Mets,NYM,1983,1980-1992,,85083,Perfect,Happy Birthday Nico - Historical All-Star  CL Jesse Orosco  NYM  1983,0,N,0,7,3,1,3,2,7,3,1,4,2,7,3,1,3,2,22,4,Normal,Normal,Normal,117,84,131,126,126,89,140,146,114,83,128,120,98,-,-,111,-,-,-,-,-,-,-,-,2,FB,90-92,3/4,Normal,61,60,-,-,-,35,72,43,23,5,10,3,98,-,-,-,-,-,-,-,-,98,-,-,-,-,-,-,-,-,8,3,6,13,,,0,0,0,0,0,0,0,0,0,0,0,0,0,0,0,0,0,0.0,0.00,0,-0.0,0.0,0.00,0,0,0.0,0.0,62,0,3,2,8,21,9,76.2,323,282,46,13,1,4,32,29,36,1,59,2,1,2,2,0,0,11,24,49,13,1.24,1304,84,74,3,1,0.7,0.7,1.2,4.56,62,0,11,6,5,0,0,0,1.29,0.6,1.091,4,1,76.2,0,0,3,3,4,4,0,0,0,0,0,0,-0.7,0.0
CL,Jesse Orosco,Jesse,Orosco,Salt Lake Bees,6' 2',185 lbs,R,L,100,New York Mets,NYM,1983,1980-1992,,85083,Perfect,Happy Birthday Nico - Historical All-Star  CL Jesse Orosco  NYM  1983,0,N,0,7,3,1,3,2,7,3,1,4,2,7,3,1,3,2,22,4,Normal,Normal,Normal,117,84,131,126,126,89,140,146,114,83,128,120,98,-,-,111,-,-,-,-,-,-,-,-,2,FB,90-92,3/4,Normal,61,60,-,-,-,35,72,43,23,5,10,3,98,-,-,-,-,-,-,-,-,98,-,-,-,-,-,-,-,-,8,3,6,13,,,0,0,0,0,0,0,0,0,0,0,0,0,0,0,0,0,0,0.0,0.00,0,-0.0,0.0,0.00,0,0,0.0,0.0,64,0,8,2,4,14,12,90.0,371,328,43,26,1,9,35,32,37,0,66,6,0,0,4,0,0,17,20,49,13,1.06,1513,87,92,2,6,0.5,-0.0,1.6,4.51,64,0,17,14,3,0,0,0,1.70,2.3,1.091,8,6,90.0,0,0,11,11,1,0,0,0,0,0,0,0,-0.1,0.0
CL,Jesse Orosco,Jesse,Orosco,Buffalo Bisons,6' 2',185 lbs,R,L,100,New York Mets,NYM,1983,1980-1992,,85083,Perfect,Happy Birthday Nico - Historical All-Star  CL Jesse Orosco  NYM  1983,0,N,0,7,3,1,3,2,7,3,1,4,2,7,3,1,3,2,22,4,Normal,Normal,Normal,117,84,131,126,126,89,140,146,114,83,128,120,98,-,-,111,-,-,-,-,-,-,-,-,2,FB,90-92,3/4,Normal,61,60,-,-,-,35,72,43,23,5,10,3,98,-,-,-,-,-,-,-,-,98,-,-,-,-,-,-,-,-,8,3,6,13,,,0,0,0,0,0,0,0,0,0,0,0,0,0,0,0,0,0,0.0,0.00,0,-0.0,0.0,0.00,0,0,0.0,0.0,57,0,7,3,7,12,9,83.2,351,320,53,18,0,8,39,33,25,0,64,4,1,1,5,0,0,9,32,27,4,1.04,1324,79,95,3,1,-0.5,0.6,0.9,4.12,57,0,12,5,5,2,0,0,1.08,-1.0,.727,4,1,83.2,0,0,4,2,6,3,0,0,0,0,0,0,-0.7,0.0
CL,Jesse Orosco,Jesse,Orosco,Paramus Fisher Cats,6' 2',185 lbs,R,L,100,New York Mets,NYM,1983,1980-1992,,85083,Perfect,Happy Birthday Nico - Historical All-Star  CL Jesse Orosco  NYM  1983,0,N,0,7,3,1,3,2,7,3,1,4,2,7,3,1,3,2,22,4,Normal,Normal,Normal,117,84,131,126,126,89,140,146,114,83,128,120,98,-,-,111,-,-,-,-,-,-,-,-,2,FB,90-92,3/4,Normal,61,60,-,-,-,35,72,43,23,5,10,3,98,-,-,-,-,-,-,-,-,98,-,-,-,-,-,-,-,-,8,3,6,13,,,0,0,0,0,0,0,0,0,0,0,0,0,0,0,0,0,0,0.0,0.00,0,-0.0,0.0,0.00,0,0,0.0,0.0,83,0,9,9,27,35,15,95.0,397,356,63,15,1,8,38,34,34,2,87,5,0,2,8,0,0,11,23,43,8,1.58,1539,81,100,4,2,0.9,1.2,1.9,3.76,81,0,13,5,7,1,1,0,1.14,-0.5,.818,6,2,95.0,0,0,7,5,3,1,0,0,0,0,0,0,-0.3,0.0
CL,Jesse Orosco,Jesse,Orosco,Atlantic City Surf - GH,6' 2',185 lbs,R,L,100,New York Mets,NYM,1983,1980-1992,,85083,Perfect,Happy Birthday Nico - Historical All-Star  CL Jesse Orosco  NYM  1983,0,N,0,7,3,1,3,2,7,3,1,4,2,7,3,1,3,2,22,4,Normal,Normal,Normal,117,84,131,126,126,89,140,146,114,83,128,120,98,-,-,111,-,-,-,-,-,-,-,-,2,FB,90-92,3/4,Normal,61,60,-,-,-,35,72,43,23,5,10,3,98,-,-,-,-,-,-,-,-,98,-,-,-,-,-,-,-,-,8,3,6,13,,,0,0,0,0,0,0,0,0,0,0,0,0,0,0,0,0,0,0.0,0.00,0,-0.0,0.0,0.00,0,0,0.0,0.0,59,0,2,0,5,16,8,88.1,372,335,50,19,0,9,37,36,32,0,74,1,1,3,5,0,0,4,28,33,11,0.92,1436,82,101,2,2,0.2,0.3,1.0,4.05,58,0,6,3,2,1,0,0,0.51,0.1,.727,4,2,88.1,0,0,2,1,2,1,0,0,0,0,0,0,-1.2,0.0
CL,Daniel Palencia,Daniel,Palencia,Long Island Sounders,5' 11',160 lbs,R,R,100,Chicago Cubs,CHC,2026,2026,WBC,84613,Perfect,World Baseball Classic  CL Daniel Palencia  VEN  2026,0,Y,5,1,5,1,5,1,1,6,1,5,4,1,5,1,5,1,25,5,Normal,Normal,Normal,154,92,131,131,151,89,121,127,156,96,138,136,134,-,-,127,-,118,-,-,-,-,-,-,3,FB,99-101,3/4,Normal,14,60,-,-,-,27,20,23,23,10,6,10,59,-,-,-,-,-,-,-,-,59,-,-,-,-,-,-,-,-,5,5,6,5,,,0,0,0,0,0,0,0,0,0,0,0,0,0,0,0,0,0,0.0,0.00,0,-0.0,0.0,0.00,0,0,0.0,0.0,58,0,4,7,2,26,12,56.2,245,221,38,12,1,6,29,28,18,1,54,4,1,1,2,1,0,4,43,12,6,2.25,979,55,55,1,1,-0.0,0.7,0.3,3.61,57,0,12,4,7,1,0,0,1.75,-0.1,.873,2,1,56.2,0,0,7,5,0,0,0,0,0,0,0,0,0.0,0.0
CL,Daniel Palencia,Daniel,Palencia,Manchester Camels,5' 11',160 lbs,R,R,100,Chicago Cubs,CHC,2026,2026,WBC,84613,Perfect,World Baseball Classic  CL Daniel Palencia  VEN  2026,0,N,0,1,3,1,3,1,1,4,1,3,2,1,3,1,3,1,25,5,Normal,Normal,Normal,143,85,121,121,140,82,112,118,145,88,128,126,134,-,-,127,-,118,-,-,-,-,-,-,3,FB,99-101,3/4,Normal,14,60,-,-,-,27,20,23,23,10,6,10,55,-,-,-,-,-,-,-,-,55,-,-,-,-,-,-,-,-,5,5,6,5,,,0,0,0,0,0,0,0,0,0,0,0,0,0,0,0,0,0,0.0,0.00,0,-0.0,0.0,0.00,0,0,0.0,0.0,61,0,3,6,3,30,12,66.0,271,245,35,7,1,8,23,21,23,1,56,2,0,1,1,0,0,5,47,5,3,2.05,1027,66,70,0,0,1.5,0.3,2.1,3.93,60,0,14,6,7,1,3,0,1.77,-0.7,.935,0,0,66.0,0,0,5,4,6,2,0,0,0,0,0,0,-0.8,0.0
CL,Daniel Palencia,Daniel,Palencia,Real Intered Workers,5' 11',160 lbs,R,R,100,Chicago Cubs,CHC,2026,2026,WBC,84613,Perfect,World Baseball Classic  CL Daniel Palencia  VEN  2026,0,N,0,1,3,1,3,1,1,4,1,3,2,1,3,1,3,1,25,5,Normal,Normal,Normal,143,85,121,121,140,82,112,118,145,88,128,126,134,-,-,127,-,118,-,-,-,-,-,-,3,FB,99-101,3/4,Normal,14,60,-,-,-,27,20,23,23,10,6,10,55,-,-,-,-,-,-,-,-,55,-,-,-,-,-,-,-,-,5,5,6,5,,,0,0,0,0,0,0,0,0,0,0,0,0,0,0,0,0,0,0.0,0.00,0,-0.0,0.0,0.00,0,0,0.0,0.0,50,0,4,3,4,14,11,54.2,225,197,30,12,1,6,28,22,17,0,35,3,0,8,0,0,0,3,24,34,10,1.14,878,56,61,4,5,0.1,0.0,0.2,4.56,50,0,9,5,4,0,0,0,1.48,1.4,1.091,9,5,54.2,0,0,1,0,4,4,0,0,0,0,0,0,-0.4,0.0
CL,Daniel Palencia,Daniel,Palencia,Svendborg Sailors,5' 11',160 lbs,R,R,100,Chicago Cubs,CHC,2026,2026,WBC,84613,Perfect,World Baseball Classic  CL Daniel Palencia  VEN  2026,0,N,0,1,3,1,3,1,1,4,1,3,2,1,3,1,3,1,25,5,Normal,Normal,Normal,143,85,121,121,140,82,112,118,145,88,128,126,134,-,-,127,-,118,-,-,-,-,-,-,3,FB,99-101,3/4,Normal,14,60,-,-,-,27,20,23,23,10,6,10,55,-,-,-,-,-,-,-,-,55,-,-,-,-,-,-,-,-,5,5,6,5,,,0,0,0,0,0,0,0,0,0,0,0,0,0,0,0,0,0,0.0,0.00,0,-0.0,0.0,0.00,0,0,0.0,0.0,52,0,3,1,5,15,7,57.0,243,213,35,13,0,4,25,23,24,1,49,1,1,4,5,0,0,4,16,36,8,1.09,999,52,62,1,2,0.7,0.6,0.7,4.16,52,0,12,6,6,0,1,0,1.89,1.1,1.091,3,2,57.0,0,0,6,6,1,1,0,0,0,0,0,0,0.0,0.0
CL,Daniel Palencia,Daniel,Palencia,Littleton CO Mountaineers,5' 11',160 lbs,R,R,100,Chicago Cubs,CHC,2026,2026,WBC,84613,Perfect,World Baseball Classic  CL Daniel Palencia  VEN  2026,0,N,0,1,3,1,3,1,1,4,1,3,2,1,3,1,3,1,25,5,Normal,Normal,Normal,143,85,121,121,140,82,112,118,145,88,128,126,134,-,-,127,-,118,-,-,-,-,-,-,3,FB,99-101,3/4,Normal,14,60,-,-,-,27,20,23,23,10,6,10,55,-,-,-,-,-,-,-,-,55,-,-,-,-,-,-,-,-,5,5,6,5,,,0,0,0,0,0,0,0,0,0,0,0,0,0,0,0,0,0,0.0,0.00,0,-0.0,0.0,0.00,0,0,0.0,0.0,78,0,7,3,24,21,17,77.2,329,303,47,21,1,8,32,30,21,0,76,2,1,2,0,1,0,4,12,25,12,1.30,1287,76,74,4,0,-0.7,1.2,1.6,3.36,78,0,12,7,5,0,0,0,1.39,-0.3,1.091,4,0,77.2,0,0,7,6,3,2,2,1,0,0,0,0,-0.9,0.0
CL,Jonathan Papelbon,Jonathan,Papelbon,Salt Lake Bees,6' 5',230 lbs,R,R,100,Boston Red Sox,BOS,2007,2005-2014,BBR,84789,Perfect,Baseball Reference 1  CL Jonathan Papelbon  BOS  2007,0,N,0,1,3,1,3,1,1,3,1,3,1,1,3,1,3,1,27,4,Normal,Spray,Spray,142,85,141,111,157,73,150,107,130,95,133,114,137,-,-,93,-,128,-,-,-,-,-,-,3,EX FB,95-97,3/4,Normal,18,61,-,-,-,22,20,21,23,8,3,1,48,-,-,-,-,-,-,-,-,48,-,-,-,-,-,-,-,-,9,5,6,12,,,0,0,0,0,0,0,0,0,0,0,0,0,0,0,0,0,0,0.0,0.00,0,-0.0,0.0,0.00,0,0,0.0,0.0,15,0,0,1,5,3,2,13.2,62,54,13,1,0,1,5,5,7,0,13,0,0,1,0,0,0,0,1,5,1,1.38,262,8,19,0,0,0.1,0.1,0.3,4.06,15,0,1,0,1,0,0,0,0.66,0.0,.000,0,0,13.2,0,0,0,0,0,0,0,0,0,0,0,0,-0.1,0.0
CL,Jonathan Papelbon,Jonathan,Papelbon,Manchester Camels,6' 5',230 lbs,R,R,100,Boston Red Sox,BOS,2007,2005-2014,BBR,84789,Perfect,Baseball Reference 1  CL Jonathan Papelbon  BOS  2007,0,N,0,1,3,1,3,1,1,3,1,3,1,1,3,1,3,1,27,4,Normal,Spray,Spray,142,85,141,111,157,73,150,107,130,95,133,114,137,-,-,93,-,128,-,-,-,-,-,-,3,EX FB,95-97,3/4,Normal,18,61,-,-,-,22,20,21,23,8,3,1,48,-,-,-,-,-,-,-,-,48,-,-,-,-,-,-,-,-,9,5,6,12,,,0,0,0,0,0,0,0,0,0,0,0,0,0,0,0,0,0,0.0,0.00,0,-0.0,0.0,0.00,0,0,0.0,0.0,64,0,4,5,16,20,12,56.0,250,221,39,13,0,6,34,31,25,0,54,1,1,2,3,0,0,4,13,17,6,1.40,1006,49,60,5,0,-0.0,0.3,-0.4,3.97,63,0,5,3,2,0,1,0,0.80,-0.8,1.091,5,0,56.0,0,0,2,1,1,1,0,0,0,0,0,0,-0.7,0.0
CL,Jonathan Papelbon,Jonathan,Papelbon,The Black Freighter TBD,6' 5',230 lbs,R,R,100,Boston Red Sox,BOS,2007,2005-2014,BBR,84789,Perfect,Baseball Reference 1  CL Jonathan Papelbon  BOS  2007,0,N,0,1,3,1,3,1,1,3,1,3,1,1,3,1,3,1,27,4,Normal,Spray,Spray,142,85,141,111,157,73,150,107,130,95,133,114,137,-,-,93,-,128,-,-,-,-,-,-,3,EX FB,95-97,3/4,Normal,18,61,-,-,-,22,20,21,23,8,3,1,48,-,-,-,-,-,-,-,-,48,-,-,-,-,-,-,-,-,9,5,6,12,,,0,0,0,0,0,0,0,0,0,0,0,0,0,0,0,0,0,0.0,0.00,0,-0.0,0.0,0.00,0,0,0.0,0.0,53,0,5,2,3,21,8,57.0,240,219,39,6,0,7,24,21,16,0,64,3,0,2,3,1,0,1,31,11,4,1.65,983,36,66,2,1,0.3,0.9,1.2,2.76,53,0,7,4,2,1,0,0,0.95,-0.7,.727,3,1,57.0,0,0,6,4,1,0,0,0,0,0,0,0,0.1,0.0
CL,Jonathan Papelbon,Jonathan,Papelbon,Ware Wolves,6' 5',230 lbs,R,R,100,Boston Red Sox,BOS,2007,2005-2014,BBR,84789,Perfect,Baseball Reference 1  CL Jonathan Papelbon  BOS  2007,0,N,0,1,3,1,3,1,1,3,1,3,1,1,3,1,3,1,27,4,Normal,Spray,Spray,142,85,141,111,157,73,150,107,130,95,133,114,137,-,-,93,-,128,-,-,-,-,-,-,3,EX FB,95-97,3/4,Normal,18,61,-,-,-,22,20,21,23,8,3,1,48,-,-,-,-,-,-,-,-,48,-,-,-,-,-,-,-,-,9,5,6,12,,,0,0,0,0,0,0,0,0,0,0,0,0,0,0,0,0,0,0.0,0.00,0,-0.0,0.0,0.00,0,0,0.0,0.0,63,0,6,11,3,33,15,64.0,276,240,38,9,1,10,30,28,26,1,67,4,3,3,2,0,0,2,55,9,2,2.28,1126,48,73,2,1,-1.3,-0.0,1.1,3.48,63,0,8,4,4,0,0,0,1.12,0.0,.873,3,1,64.0,0,0,5,5,0,0,1,0,0,0,0,0,-0.7,0.0
CL,Jonathan Papelbon,Jonathan,Papelbon,Orange Jackrabbits,6' 5',230 lbs,R,R,100,Boston Red Sox,BOS,2007,2005-2014,BBR,84789,Perfect,Baseball Reference 1  CL Jonathan Papelbon  BOS  2007,0,N,0,1,3,1,3,1,1,3,1,3,1,1,3,1,3,1,27,4,Normal,Spray,Spray,142,85,141,111,157,73,150,107,130,95,133,114,137,-,-,93,-,128,-,-,-,-,-,-,3,EX FB,95-97,3/4,Normal,18,61,-,-,-,22,20,21,23,8,3,1,48,-,-,-,-,-,-,-,-,48,-,-,-,-,-,-,-,-,9,5,6,12,,,0,0,0,0,0,0,0,0,0,0,0,0,0,0,0,0,0,0.0,0.00,0,-0.0,0.0,0.00,0,0,0.0,0.0,49,0,1,2,4,6,5,57.0,237,210,33,8,2,3,18,17,21,0,47,2,1,3,2,0,0,3,17,22,8,0.67,962,54,66,5,0,-0.2,0.7,1.4,4.09,48,0,8,5,3,0,0,0,1.26,-0.5,1.091,5,0,57.0,0,0,5,4,2,2,0,0,0,0,0,0,0.0,0.0
CL,Jonathan Papelbon,Jonathan,Papelbon,Alhambra Moors - HotL TTC,6' 5',230 lbs,R,R,100,Boston Red Sox,BOS,2007,2005-2014,BBR,84789,Perfect,Baseball Reference 1  CL Jonathan Papelbon  BOS  2007,0,N,0,1,3,1,3,1,1,3,1,3,1,1,3,1,3,1,27,4,Normal,Spray,Spray,142,85,141,111,157,73,150,107,130,95,133,114,137,-,-,93,-,128,-,-,-,-,-,-,3,EX FB,95-97,3/4,Normal,18,61,-,-,-,22,20,21,23,8,3,1,48,-,-,-,-,-,-,-,-,48,-,-,-,-,-,-,-,-,9,5,6,12,,,0,0,0,0,0,0,0,0,0,0,0,0,0,0,0,0,0,0.0,0.00,0,-0.0,0.0,0.00,0,0,0.0,0.0,71,0,6,5,15,18,16,61.1,285,245,40,14,2,11,39,37,36,0,48,3,1,0,1,0,0,5,18,36,13,1.27,1158,58,69,5,2,-1.6,-1.1,-0.5,4.97,68,0,7,3,4,0,0,0,1.03,0.1,1.091,7,2,61.1,0,0,3,3,2,1,0,0,0,0,0,0,-0.5,0.0
CL,Takashi Saito,Takashi,Saito,Dungeon Meshi Marcille,6' 2',200 lbs,L,R,100,Los Angeles Dodgers,LAD,2007,2005-2014,,83905,Perfect,Veteran Presence  CL Takashi Saito  LAD  2007,0,N,0,1,3,1,3,1,1,3,1,3,1,1,3,1,3,1,23,13,Normal,Normal,Normal,107,106,134,99,86,121,130,72,131,96,136,120,70,-,123,87,-,117,-,-,-,-,-,-,4,FB,92-94,3/4,Normal,19,99,-,-,-,28,20,24,23,8,2,9,56,-,-,-,-,-,-,-,-,56,-,-,-,-,-,-,-,-,13,4,6,22,,,0,0,0,0,0,0,0,0,0,0,0,0,0,0,0,0,0,0.0,0.00,0,-0.0,0.0,0.00,0,0,0.0,0.0,36,0,3,0,1,4,3,37.2,174,155,32,6,0,6,14,14,16,0,35,1,0,2,3,1,0,3,12,31,11,0.89,721,31,42,0,0,0.1,-0.1,0.7,4.08,35,0,3,2,1,0,0,0,0.72,0.2,1.091,0,0,37.2,0,0,1,1,1,1,0,0,0,0,0,0,-0.1,0.0
CL,Dave Smith,Dave,Smith,Fortuna Lifters,6' 1',195 lbs,R,R,100,Houston Astros,HOU,1980,1980-1992,,84084,Perfect,Rookie Sensation  CL Dave Smith  HOU  1980,0,N,0,11,11,5,7,11,11,11,5,7,11,11,11,5,7,11,23,5,Normal,Normal,Normal,105,92,95,122,100,78,93,135,108,106,97,111,85,-,109,-,90,-,-,122,-,-,-,-,4,NEU,92-94,3/4,Normal,24,81,-,-,-,27,20,23,23,7,7,4,55,-,-,-,-,-,-,-,-,55,-,-,-,-,-,-,-,-,16,3,6,28,,,0,0,0,0,0,0,0,0,0,0,0,0,0,0,0,0,0,0.0,0.00,0,-0.0,0.0,0.00,0,0,0.0,0.0,45,0,1,2,2,4,5,50.0,222,200,35,9,0,7,29,17,16,0,41,2,0,3,3,0,1,6,19,27,7,0.67,849,51,52,3,0,-1.0,-0.0,-0.1,4.09,44,0,6,3,3,0,0,0,1.08,-0.4,1.091,3,0,50.0,0,0,4,3,0,0,0,0,0,0,0,0,-0.5,0.0
CL,Bruce Sutter,Bruce,Sutter,Joe Buck Yourself,6' 2',190 lbs,R,R,100,Chicago Cubs,CHC,1979,1961-1979,,82699,Perfect,Hardware Heroes  CL Bruce Sutter  CHC  1979,0,N,0,2,3,1,3,1,2,3,1,3,1,2,3,1,3,1,27,56,Normal,Normal,Normal,130,75,99,113,154,84,90,153,110,68,106,101,91,-,-,120,-,82,-,-,-,-,-,-,3,EX GB,90-92,3/4,GB'er,25,113,-,-,-,21,32,25,23,6,1,4,60,-,-,-,-,-,-,-,-,60,-,-,-,-,-,-,-,-,21,4,11,35,,,0,0,0,0,0,0,0,0,0,0,0,0,0,0,0,0,0,0.0,0.00,0,-0.0,0.0,0.00,0,0,0.0,0.0,37,0,1,1,1,3,5,45.0,203,170,24,13,1,5,19,17,26,0,42,4,1,2,2,0,0,5,14,36,10,0.72,817,54,32,2,1,-0.4,-0.2,0.6,4.45,36,0,11,4,7,0,0,0,2.20,0.3,1.091,3,1,45.0,0,0,3,3,0,0,0,0,0,0,0,0,-0.1,0.0
CL,Bruce Sutter,Bruce,Sutter,Svendborg Sailors,6' 2',190 lbs,R,R,100,Chicago Cubs,CHC,1979,1961-1979,,82699,Perfect,Hardware Heroes  CL Bruce Sutter  CHC  1979,0,N,0,2,3,1,3,1,2,3,1,3,1,2,3,1,3,1,27,56,Normal,Normal,Normal,130,75,99,113,154,84,90,153,110,68,106,101,91,-,-,120,-,82,-,-,-,-,-,-,3,EX GB,90-92,3/4,GB'er,25,113,-,-,-,21,32,25,23,6,1,4,60,-,-,-,-,-,-,-,-,60,-,-,-,-,-,-,-,-,21,4,11,35,,,0,0,0,0,0,0,0,0,0,0,0,0,0,0,0,0,0,0.0,0.00,0,-0.0,0.0,0.00,0,0,0.0,0.0,53,0,4,3,4,14,4,68.2,284,241,34,6,2,3,35,27,40,0,54,2,0,1,7,0,0,10,21,42,10,0.88,1203,85,53,2,1,0.2,0.3,0.3,4.81,53,0,9,7,2,0,0,0,1.18,-0.1,.935,3,1,68.2,0,0,8,6,1,1,0,0,0,0,0,0,-0.0,0.0
CL,Koji Uehara,Koji,Uehara,Great Lakes Man-of-War-HOTL,6' 2',195 lbs,R,R,100,Texas Rangers,TEX,2012,2005-2014,,83328,Perfect,Veteran Presence  CL Koji Uehara  TEX  2012,0,N,0,1,3,1,3,1,1,3,1,3,1,1,3,1,3,1,21,20,Normal,Normal,Normal,119,117,127,101,130,130,120,71,110,108,132,126,92,-,-,-,109,150,-,-,-,-,-,-,3,FB,88-90,3/4,Normal,19,115,-,-,-,35,20,26,23,3,9,5,65,-,-,-,-,-,-,-,-,65,-,-,-,-,-,-,-,-,10,5,6,16,,,0,0,0,0,0,0,0,0,0,0,0,0,0,0,0,0,0,0.0,0.00,0,-0.0,0.0,0.00,0,0,0.0,0.0,59,0,6,1,8,15,12,66.1,280,262,36,18,1,14,37,33,12,0,53,2,0,4,6,0,0,2,15,30,15,0.86,1082,73,69,0,0,-0.8,-0.4,-0.0,3.69,58,0,14,6,8,0,0,0,1.90,0.5,1.364,0,0,66.1,0,0,4,4,4,2,1,1,0,0,0,0,0.0,0.0
CL,Koji Uehara,Koji,Uehara,Manchester Camels,6' 2',195 lbs,R,R,100,Texas Rangers,TEX,2012,2005-2014,,83328,Perfect,Veteran Presence  CL Koji Uehara  TEX  2012,0,N,0,1,3,1,3,1,1,3,1,3,1,1,3,1,3,1,21,20,Normal,Normal,Normal,119,117,127,101,130,130,120,71,110,108,132,126,92,-,-,-,109,150,-,-,-,-,-,-,3,FB,88-90,3/4,Normal,19,115,-,-,-,35,20,26,23,3,9,5,65,-,-,-,-,-,-,-,-,65,-,-,-,-,-,-,-,-,10,5,6,16,,,0,0,0,0,0,0,0,0,0,0,0,0,0,0,0,0,0,0.0,0.00,0,-0.0,0.0,0.00,0,0,0.0,0.0,34,0,1,2,0,3,5,34.2,154,141,26,6,1,8,18,17,9,0,26,2,0,2,2,0,0,2,19,28,15,0.56,593,46,30,1,0,-0.5,-0.5,0.1,4.19,33,0,2,2,0,0,0,0,0.52,-0.3,1.091,1,0,34.2,0,0,2,1,2,1,0,0,0,0,0,0,-0.5,0.0
CL,Billy Wagner,Billy,Wagner,Joe Buck Yourself,5' 10',180 lbs,L,L,100,Atlanta Braves,ATL,2010,2005-2014,,85809,Perfect,Family Connections - Historical All-Star  CL Billy Wagner  ATL  2010,0,N,0,1,3,1,3,1,1,3,1,3,1,2,3,1,3,1,29,1,Normal,Normal,Normal,150,80,141,129,153,68,175,150,150,84,130,121,128,105,122,130,-,-,-,-,-,-,-,-,4,FB,95-97,OTT,Normal,14,65,-,-,-,29,20,24,23,3,5,3,57,-,-,-,-,-,-,-,-,57,-,-,-,-,-,-,-,-,10,4,6,15,,,0,0,0,0,0,0,0,0,0,0,0,0,0,0,0,0,0,0.0,0.00,0,-0.0,0.0,0.00,0,0,0.0,0.0,55,0,7,4,4,24,13,49.0,229,203,44,9,0,7,26,24,23,0,39,3,0,0,7,1,0,7,40,7,3,2.32,909,43,55,0,0,-0.5,-0.6,0.2,4.64,53,0,3,2,1,0,0,0,0.55,-0.3,1.091,0,0,49.0,0,0,3,2,1,0,0,0,0,0,0,0,-0.9,0.0
CL,Billy Wagner,Billy,Wagner,Washington Bishops,5' 10',180 lbs,L,L,100,Atlanta Braves,ATL,2010,2005-2014,,85809,Perfect,Family Connections - Historical All-Star  CL Billy Wagner  ATL  2010,0,N,0,1,3,1,3,1,1,3,1,3,1,2,3,1,3,1,29,1,Normal,Normal,Normal,150,80,141,129,153,68,175,150,150,84,130,121,128,105,122,130,-,-,-,-,-,-,-,-,4,FB,95-97,OTT,Normal,14,65,-,-,-,29,20,24,23,3,5,3,57,-,-,-,-,-,-,-,-,57,-,-,-,-,-,-,-,-,10,4,6,15,,,0,0,0,0,0,0,0,0,0,0,0,0,0,0,0,0,0,0.0,0.00,0,-0.0,0.0,0.00,0,0,0.0,0.0,56,0,3,0,19,24,5,51.1,195,173,17,6,1,3,9,9,19,2,48,0,1,2,0,0,0,3,11,18,5,1.49,783,43,56,1,3,2.1,1.0,2.5,3.50,56,0,11,8,3,0,0,0,1.93,1.8,1.247,4,3,51.1,0,0,6,6,2,2,0,0,0,0,0,0,-0.1,0.0
CL,Billy Wagner,Billy,Wagner,Fortuna Lifters,5' 10',180 lbs,L,L,100,Atlanta Braves,ATL,2010,2005-2014,,85809,Perfect,Family Connections - Historical All-Star  CL Billy Wagner  ATL  2010,0,N,0,1,3,1,3,1,1,3,1,3,1,2,3,1,3,1,29,1,Normal,Normal,Normal,150,80,141,129,153,68,175,150,150,84,130,121,128,105,122,130,-,-,-,-,-,-,-,-,4,FB,95-97,OTT,Normal,14,65,-,-,-,29,20,24,23,3,5,3,57,-,-,-,-,-,-,-,-,57,-,-,-,-,-,-,-,-,10,4,6,15,,,0,0,0,0,0,0,0,0,0,0,0,0,0,0,0,0,0,0.0,0.00,0,-0.0,0.0,0.00,0,0,0.0,0.0,55,0,0,5,0,20,11,56.2,240,217,40,8,0,12,29,27,16,1,52,3,3,1,3,0,0,7,39,3,0,1.86,938,53,55,1,1,-0.8,-0.6,0.4,3.59,55,0,7,6,1,0,0,0,1.11,0.5,1.091,2,1,56.2,0,0,4,3,1,1,1,1,0,0,0,0,-0.8,0.0
CL,Billy Wagner,Billy,Wagner,Salt Lake Bees,5' 10',180 lbs,L,L,100,Atlanta Braves,ATL,2010,2005-2014,,85809,Perfect,Family Connections - Historical All-Star  CL Billy Wagner  ATL  2010,0,N,0,1,3,1,3,1,1,3,1,3,1,2,3,1,3,1,29,1,Normal,Normal,Normal,150,80,141,129,153,68,175,150,150,84,130,121,128,105,122,130,-,-,-,-,-,-,-,-,4,FB,95-97,OTT,Normal,14,65,-,-,-,29,20,24,23,3,5,3,57,-,-,-,-,-,-,-,-,57,-,-,-,-,-,-,-,-,10,4,6,15,,,0,0,0,0,0,0,0,0,0,0,0,0,0,0,0,0,0,0.0,0.00,0,-0.0,0.0,0.00,0,0,0.0,0.0,63,0,5,6,3,29,14,59.2,264,229,36,11,4,6,23,20,30,2,49,1,2,2,2,0,0,7,43,14,3,2.14,1073,62,61,4,1,-0.1,0.1,1.6,4.55,62,0,8,3,5,0,0,0,1.21,0.1,1.091,5,1,59.2,0,0,3,3,1,1,0,0,0,0,0,0,-0.3,0.0
CL,Billy Wagner,Billy,Wagner,Real Intered Workers,5' 10',180 lbs,L,L,100,Atlanta Braves,ATL,2010,2005-2014,,85809,Perfect,Family Connections - Historical All-Star  CL Billy Wagner  ATL  2010,0,N,0,1,3,1,3,1,1,3,1,3,1,2,3,1,3,1,29,1,Normal,Normal,Normal,150,80,141,129,153,68,175,150,150,84,130,121,128,105,122,130,-,-,-,-,-,-,-,-,4,FB,95-97,OTT,Normal,14,65,-,-,-,29,20,24,23,3,5,3,57,-,-,-,-,-,-,-,-,57,-,-,-,-,-,-,-,-,10,4,6,15,,,0,0,0,0,0,0,0,0,0,0,0,0,0,0,0,0,0,0.0,0.00,0,-0.0,0.0,0.00,0,0,0.0,0.0,58,0,3,6,2,28,9,61.2,253,223,28,8,0,6,20,18,27,3,41,1,1,1,2,0,0,3,46,3,1,2.11,1004,71,67,1,2,1.4,0.1,2.2,4.80,58,0,14,7,5,2,0,0,1.75,0.4,.849,3,2,61.2,0,0,5,4,2,2,2,1,0,0,0,0,-0.7,0.0
CL,Billy Wagner,Billy,Wagner,Chicago Dogs,5' 10',180 lbs,L,L,100,Atlanta Braves,ATL,2010,2005-2014,,85809,Perfect,Family Connections - Historical All-Star  CL Billy Wagner  ATL  2010,0,N,0,1,3,1,3,1,1,3,1,3,1,2,3,1,3,1,29,1,Normal,Normal,Normal,150,80,141,129,153,68,175,150,150,84,130,121,128,105,122,130,-,-,-,-,-,-,-,-,4,FB,95-97,OTT,Normal,14,65,-,-,-,29,20,24,23,3,5,3,57,-,-,-,-,-,-,-,-,57,-,-,-,-,-,-,-,-,10,4,6,15,,,0,0,0,0,0,0,0,0,0,0,0,0,0,0,0,0,0,0.0,0.00,0,-0.0,0.0,0.00,0,0,0.0,0.0,59,0,1,2,13,18,15,54.1,256,220,42,10,0,9,37,33,32,0,48,3,0,1,4,0,0,6,17,29,10,1.27,1074,53,54,5,1,-0.6,-1.0,-1.0,4.66,56,0,7,7,0,0,0,0,1.16,0.1,1.091,6,1,54.1,0,0,3,3,1,1,1,1,0,0,0,0,-0.4,0.0
CL,Billy Wagner,Billy,Wagner,The Black Freighter TBD,5' 10',180 lbs,L,L,100,Atlanta Braves,ATL,2010,2005-2014,,85809,Perfect,Family Connections - Historical All-Star  CL Billy Wagner  ATL  2010,0,N,0,1,3,1,3,1,1,3,1,3,1,2,3,1,3,1,29,1,Normal,Normal,Normal,150,80,141,129,153,68,175,150,150,84,130,121,128,105,122,130,-,-,-,-,-,-,-,-,4,FB,95-97,OTT,Normal,14,65,-,-,-,29,20,24,23,3,5,3,57,-,-,-,-,-,-,-,-,57,-,-,-,-,-,-,-,-,10,4,6,15,,,0,0,0,0,0,0,0,0,0,0,0,0,0,0,0,0,0,0.0,0.00,0,-0.0,0.0,0.00,0,0,0.0,0.0,55,0,3,2,6,18,10,55.2,235,209,40,9,0,2,20,19,17,3,60,4,1,3,1,0,1,4,28,25,10,1.80,922,55,46,5,0,0.4,1.9,1.7,3.16,54,0,8,6,2,0,0,0,1.29,-0.3,1.091,5,0,55.2,0,0,3,3,3,3,1,0,0,0,0,0,0.1,0.0
CL,Billy Wagner,Billy,Wagner,Orange Jackrabbits,5' 10',180 lbs,L,L,100,Atlanta Braves,ATL,2010,2005-2014,,85809,Perfect,Family Connections - Historical All-Star  CL Billy Wagner  ATL  2010,0,N,0,1,3,1,3,1,1,3,1,3,1,2,3,1,3,1,29,1,Normal,Normal,Normal,150,80,141,129,153,68,175,150,150,84,130,121,128,105,122,130,-,-,-,-,-,-,-,-,4,FB,95-97,OTT,Normal,14,65,-,-,-,29,20,24,23,3,5,3,57,-,-,-,-,-,-,-,-,57,-,-,-,-,-,-,-,-,10,4,6,15,,,0,0,0,0,0,0,0,0,0,0,0,0,0,0,0,0,0,0.0,0.00,0,-0.0,0.0,0.00,0,0,0.0,0.0,53,0,5,4,5,19,11,50.0,198,181,23,6,0,8,18,18,11,0,40,1,4,1,1,0,0,4,23,32,7,1.45,754,55,51,4,0,0.8,0.0,1.2,3.66,53,0,3,3,0,0,0,0,0.54,-0.6,1.091,4,0,50.0,0,0,4,3,0,0,0,0,0,0,0,0,-0.1,0.0
CL,Billy Wagner,Billy,Wagner,Memphis Redbirds,5' 10',180 lbs,L,L,100,Atlanta Braves,ATL,2010,2005-2014,,85809,Perfect,Family Connections - Historical All-Star  CL Billy Wagner  ATL  2010,0,N,0,1,3,1,3,1,1,3,1,3,1,2,3,1,3,1,29,1,Normal,Normal,Normal,150,80,141,129,153,68,175,150,150,84,130,121,128,105,122,130,-,-,-,-,-,-,-,-,4,FB,95-97,OTT,Normal,14,65,-,-,-,29,20,24,23,3,5,3,57,-,-,-,-,-,-,-,-,57,-,-,-,-,-,-,-,-,10,4,6,15,,,0,0,0,0,0,0,0,0,0,0,0,0,0,0,0,0,0,0.0,0.00,0,-0.0,0.0,0.00,0,0,0.0,0.0,57,0,3,4,1,32,6,55.2,236,215,41,6,0,2,9,6,21,3,56,0,0,0,1,0,0,2,44,11,4,2.43,904,53,54,3,2,3.6,2.1,3.8,3.56,56,0,15,10,5,0,0,0,2.43,0.6,1.091,5,2,55.2,0,0,9,8,0,0,0,0,0,0,0,0,-0.3,0.0
CL,Duane Ward,Duane,Ward,Salt Lake Bees,6' 4',210 lbs,R,R,98,Toronto Blue Jays,TOR,1993,1993-2004,,86334,Diamond,In Memoriam - Historical All-Star  CL Duane Ward  TOR  1993,0,N,0,1,3,1,3,1,1,3,1,3,1,1,3,1,3,1,23,1,Normal,Spray,Spray,146,93,88,110,142,56,62,111,150,130,111,110,118,-,-,117,-,-,-,-,-,-,-,-,2,NEU,91-93,3/4,Normal,14,83,-,-,-,29,20,24,23,8,1,3,57,-,-,-,-,-,-,-,-,57,-,-,-,-,-,-,-,-,5,5,6,5,,,0,0,0,0,0,0,0,0,0,0,0,0,0,0,0,0,0,0.0,0.00,0,-0.0,0.0,0.00,0,0,0.0,0.0,8,0,0,0,1,2,1,5.2,27,24,6,1,0,0,2,0,2,0,3,1,0,0,0,0,0,1,2,4,0,1.84,96,8,5,0,0,0.0,0.1,0.2,5.16,8,0,2,1,1,0,0,0,3.18,-0.2,.546,0,0,5.2,0,0,0,0,1,1,0,0,0,0,0,0,-0.1,0.0
CL,Turk Wendell,Turk,Wendell,Kumamoto Ozeki TBD,6' 2',190 lbs,S,R,99,Chicago Cubs,CHC,1996,1993-2004,,83130,Diamond,PTWC 4th Place  RP Turk Wendell  CHC  1996,0,N,0,1,3,1,3,2,1,3,1,3,2,1,3,1,3,2,29,53,Normal,Pull,Pull,94,86,142,114,86,79,133,132,102,93,149,97,94,121,-,87,-,-,-,-,-,-,-,-,3,FB,90-92,3/4,Normal,18,85,-,-,-,30,20,24,23,7,5,2,59,-,-,-,-,-,-,-,-,59,-,-,-,-,-,-,-,-,9,5,6,12,,,0,0,0,0,0,0,0,0,0,0,0,0,0,0,0,0,0,0.0,0.00,0,-0.0,0.0,0.00,0,0,0.0,0.0,64,0,2,8,7,26,10,60.0,260,230,29,11,2,9,27,27,26,0,47,4,0,0,2,1,0,4,47,20,9,1.74,1004,58,71,0,0,-0.0,-0.6,0.9,4.48,64,0,15,7,8,0,0,0,2.25,0.8,1.228,0,0,60.0,0,0,6,5,5,4,1,1,0,0,0,0,-0.5,0.0
C,Samuel Basallo,Samuel,Basallo,Buffalo Bisons,6' 4',180 lbs,L,R,100,Baltimore Orioles,BAL,2026,2026,,84634,Perfect,FLF 1 - Future Legend  C Samuel Basallo  BAL  2026,0,N,0,94,90,123,99,102,86,87,114,96,97,97,91,126,100,104,32,19,Normal,Pull,Pull,1,3,76,1,1,3,63,1,1,4,87,1,16,-,-,-,-,-,-,-,-,-,-,-,1,EX FB,75-80,3/4,Normal,1,15,62,64,110,27,37,51,15,35,43,52,-,79,29,-,-,-,-,-,-,76,79,59,2,17,-,35,-,29,5,10,11,33,43,41,164,142,34,22,11,0,1,13,14,18,0,1,1,2,0,35,4,16.3,-0.97,16,-3.3,-0.2,4.12,0,0,0.0,-2.1,0,0,0,0,0,0,0,0.0,0,0,0,0,0,0,0,0,0,0,0,0,0,0,0,0,0,0,0,0,0,0.00,0,0,0,0,0,0.0,0.0,0.0,0.00,42,41,350,28,322,0,6,0,8.83,0.0,.905,37,15,356.2,5,196,17,15,2,2,0,0,0,0,0,0,-4.0,0.0
C,Johnny Bassler,Johnny,Bassler,Great Lakes Man-of-War-HOTL,5' 9',170 lbs,L,R,93,Detroit Tigers,DET,1924,1921-1945,PTCS,86476,Diamond,PTCS 5 - Unsung Heroes  C Johnny Bassler  DET  Peak,0,N,0,113,95,25,149,217,58,54,1,140,171,137,110,32,152,233,69,51,Line Drive,Normal,Normal,1,1,1,5,1,1,1,5,1,1,1,5,16,-,-,-,-,-,-,-,-,-,-,-,1,NEU,90-92,OTT,Normal,1,12,109,106,117,8,7,7,7,1,1,4,-,125,-,-,-,-,-,-,-,13,125,-,-,-,-,-,-,-,36,28,27,56,90,89,330,295,81,53,24,2,2,36,31,26,0,5,3,1,0,39,10,38.7,1.60,39,0.1,2.5,3.80,0,0,0.0,1.0,0,0,0,0,0,0,0,0.0,0,0,0,0,0,0,0,0,0,0,0,0,0,0,0,0,0,0,0,0,0,0.00,0,0,0,0,0,0.0,0.0,0.0,0.00,90,89,686,44,642,0,11,0,7.78,2.6,1.258,57,17,794.0,1,383,36,35,8,6,0,0,0,0,0,0,4.8,0.0
C,Johnny Bassler,Johnny,Bassler,Kansas City Torrent,5' 9',170 lbs,L,R,93,Detroit Tigers,DET,1924,1921-1945,PTCS,86476,Diamond,PTCS 5 - Unsung Heroes  C Johnny Bassler  DET  Peak,93 942,N,0,113,95,25,149,217,58,54,1,140,171,137,110,32,152,233,69,51,Line Drive,Normal,Normal,1,1,1,5,1,1,1,5,1,1,1,5,16,-,-,-,-,-,-,-,-,-,-,-,1,NEU,90-92,OTT,Normal,1,12,109,106,117,8,7,7,7,1,1,4,-,125,-,-,-,-,-,-,-,13,125,-,-,-,-,-,-,-,36,28,27,56,103,94,436,382,111,80,28,1,2,25,68,48,0,1,4,1,0,36,12,55.1,0.02,57,5.0,3.0,3.88,0,0,0.0,-1.4,0,0,0,0,0,0,0,0.0,0,0,0,0,0,0,0,0,0,0,0,0,0,0,0,0,0,0,0,0,0,0.00,0,0,0,0,0,0.0,0.0,0.0,0.00,103,94,800,43,754,3,8,0,8.53,1.0,1.067,47,13,841.1,3,394,36,32,10,9,0,0,0,0,0,0,4.4,0.0
C,Johnny Bassler,Johnny,Bassler,El Vampiro Ankle Biters,5' 9',170 lbs,L,R,93,Detroit Tigers,DET,1924,1921-1945,PTCS,86476,Diamond,PTCS 5 - Unsung Heroes  C Johnny Bassler  DET  Peak,0,N,0,113,95,25,149,217,58,54,1,140,171,137,110,32,152,233,69,51,Line Drive,Normal,Normal,1,1,1,5,1,1,1,5,1,1,1,5,16,-,-,-,-,-,-,-,-,-,-,-,1,NEU,90-92,OTT,Normal,1,12,109,106,117,8,7,7,7,1,1,4,-,125,-,-,-,-,-,-,-,13,125,-,-,-,-,-,-,-,36,28,27,56,110,89,372,326,102,71,29,0,2,52,38,38,0,3,0,5,0,30,10,53.7,1.50,55,10.5,3.4,3.78,0,0,0.0,-2.6,0,0,0,0,0,0,0,0.0,0,0,0,0,0,0,0,0,0,0,0,0,0,0,0,0,0,0,0,0,0,0.00,0,0,0,0,0,0.0,0.0,0.0,0.00,98,89,775,45,728,2,2,0,8.69,2.9,1.103,38,16,800.2,6,361,42,42,12,9,0,0,0,0,0,0,4.7,0.0
C,Johnny Bassler,Johnny,Bassler,Kumamoto Ozeki TBD,5' 9',170 lbs,L,R,93,Detroit Tigers,DET,1924,1921-1945,PTCS,86476,Diamond,PTCS 5 - Unsung Heroes  C Johnny Bassler  DET  Peak,0,N,0,113,95,25,149,217,58,54,1,140,171,137,110,32,152,233,69,51,Line Drive,Normal,Normal,1,1,1,5,1,1,1,5,1,1,1,5,16,-,-,-,-,-,-,-,-,-,-,-,1,NEU,90-92,OTT,Normal,1,12,109,106,117,8,7,7,7,1,1,4,-,125,-,-,-,-,-,-,-,13,125,-,-,-,-,-,-,-,36,28,27,56,85,84,331,296,78,52,24,1,1,40,30,30,0,0,0,5,0,44,8,35.5,0.50,35,-4.6,1.6,4.02,0,0,0.0,0.3,0,0,0,0,0,0,0,0.0,0,0,0,0,0,0,0,0,0,0,0,0,0,0,0,0,0,0,0,0,0,0.00,0,0,0,0,0,0.0,0.0,0.0,0.00,85,84,702,40,660,2,10,0,8.53,-0.1,.972,50,13,738.2,3,303,35,33,4,3,0,0,0,0,0,0,4.4,0.0
C,Johnny Bench,Johnny,Bench,Washington Bishops,6' 1',210 lbs,R,R,100,Cincinnati Reds,CIN,1972,1961-1979,,82755,Perfect,Hardware Heroes  C Johnny Bench  CIN  1972,0,N,0,84,83,122,121,92,66,52,130,140,100,89,91,120,115,90,4,9,Flyball,Normal,Normal,1,1,1,3,1,1,1,3,1,1,2,3,16,-,-,-,-,-,-,-,-,-,-,-,1,NEU,90-92,3/4,Normal,1,15,102,98,111,46,43,61,31,54,54,67,-,115,73,-,37,-,61,-,58,93,115,73,-,37,-,61,-,58,40,43,58,46,102,94,347,325,71,46,13,0,12,40,32,18,0,2,0,2,0,81,6,30.9,-1.19,28,-13.4,-1.0,3.97,0,0,0.0,-6.2,0,0,0,0,0,0,0,0.0,0,0,0,0,0,0,0,0,0,0,0,0,0,0,0,0,0,0,0,0,0,0.00,0,0,0,0,0,0.0,0.0,0.0,0.00,67,59,429,22,404,3,6,0,7.02,-1.6,.944,31,7,546.1,1,174,42,37,8,7,2,0,2,0,3,0,1.3,-0.5
C,Johnny Bench,Johnny,Bench,Krakow Hussars,6' 1',210 lbs,R,R,100,Cincinnati Reds,CIN,1972,1961-1979,,82755,Perfect,Hardware Heroes  C Johnny Bench  CIN  1972,0,N,0,84,83,122,121,92,66,52,130,140,100,89,91,120,115,90,4,9,Flyball,Normal,Normal,1,1,1,3,1,1,1,3,1,1,2,3,16,-,-,-,-,-,-,-,-,-,-,-,1,NEU,90-92,3/4,Normal,1,15,102,98,111,46,43,61,31,54,54,67,-,115,73,-,37,-,61,-,58,93,115,73,-,37,-,61,-,58,40,43,58,46,63,54,220,197,51,41,4,0,6,20,27,18,0,2,0,3,0,54,5,23.6,-0.90,23,-2.6,0.9,4.10,0,1,-0.6,0.0,0,0,0,0,0,0,0,0.0,0,0,0,0,0,0,0,0,0,0,0,0,0,0,0,0,0,0,0,0,0,0.00,0,0,0,0,0,0.0,0.0,0.0,0.00,63,54,422,28,393,1,3,0,7.89,1.0,1.085,41,13,480.0,3,246,22,21,5,4,1,1,0,0,0,0,1.5,0.0
C,Johnny Bench,Johnny,Bench,Dungeon Meshi Marcille,6' 1',210 lbs,R,R,100,Cincinnati Reds,CIN,1972,1961-1979,,82755,Perfect,Hardware Heroes  C Johnny Bench  CIN  1972,0,N,0,84,83,122,121,92,66,52,130,140,100,89,91,120,115,90,4,9,Flyball,Normal,Normal,1,1,1,3,1,1,1,3,1,1,2,3,16,-,-,-,-,-,-,-,-,-,-,-,1,NEU,90-92,3/4,Normal,1,15,102,98,111,46,43,61,31,54,54,67,-,115,73,-,37,-,61,-,58,93,115,73,-,37,-,61,-,58,40,43,58,46,62,54,207,182,36,20,6,0,10,20,24,22,0,2,0,1,0,46,5,20.5,-1.01,21,-3.5,0.4,4.19,0,1,-0.6,-0.3,0,0,0,0,0,0,0,0.0,0,0,0,0,0,0,0,0,0,0,0,0,0,0,0,0,0,0,0,0,0,0.00,0,0,0,0,0,0.0,0.0,0.0,0.00,62,54,465,25,438,2,6,0,8.53,-1.3,1.107,38,7,488.1,5,240,24,23,5,3,0,0,0,0,0,0,0.4,0.0
C,Roy Campanella,Roy,Campanella,Meaty Oakers,5' 9',190 lbs,R,R,100,Brooklyn Dodgers,LAD,1951,1946-1960,,82762,Perfect,Icon Pre-Orders - Hardware Heroes  C Roy Campanella  BRO  1951,0,Y,5,114,110,135,79,101,128,125,140,82,113,108,106,133,79,98,4,1,Flyball,Normal,Normal,1,1,1,6,1,1,1,6,1,1,1,6,16,17,17,-,-,-,-,-,-,-,-,-,3,NEU,90-92,3/4,Normal,1,6,94,92,114,10,4,8,4,8,8,5,-,118,-,-,-,-,-,-,-,13,118,-,-,-,-,-,-,-,12,13,9,29,77,70,280,264,62,36,18,0,8,51,33,13,0,1,0,2,0,63,7,26.8,-0.13,25,-7.9,0.5,3.87,0,0,0.0,-1.5,0,0,0,0,0,0,0,0.0,0,0,0,0,0,0,0,0,0,0,0,0,0,0,0,0,0,0,0,0,0,0.00,0,0,0,0,0,0.0,0.0,0.0,0.00,76,70,565,36,527,2,5,0,8.10,-0.8,.946,47,16,625.1,6,313,27,23,6,4,0,0,0,0,0,0,1.3,0.0
C,Roy Campanella,Roy,Campanella,Washington Bishops,5' 9',190 lbs,R,R,100,Brooklyn Dodgers,LAD,1951,1946-1960,,82762,Perfect,Icon Pre-Orders - Hardware Heroes  C Roy Campanella  BRO  1951,0,Y,5,114,110,135,79,101,128,125,140,82,113,108,106,133,79,98,4,1,Flyball,Normal,Normal,1,1,1,6,1,1,1,6,1,1,1,6,16,17,17,-,-,-,-,-,-,-,-,-,3,NEU,90-92,3/4,Normal,1,6,94,92,114,10,4,8,4,8,8,5,-,118,-,-,-,-,-,-,-,13,118,-,-,-,-,-,-,-,12,13,9,29,116,115,448,419,97,54,25,0,18,62,47,22,0,2,1,4,0,112,13,44.6,-0.85,44,-9.6,1.5,3.84,0,0,0.0,0.3,0,0,0,0,0,0,0,0.0,0,0,0,0,0,0,0,0,0,0,0,0,0,0,0,0,0,0,0,0,0,0.00,0,0,0,0,0,0.0,0.0,0.0,0.00,116,115,1017,69,943,5,14,0,8.91,0.7,.988,74,22,1022.0,3,443,55,51,11,8,0,0,0,0,0,0,2.1,0.1
C,Roy Campanella,Roy,Campanella,Krakow Hussars,5' 9',190 lbs,R,R,100,Brooklyn Dodgers,LAD,1951,1946-1960,,82762,Perfect,Icon Pre-Orders - Hardware Heroes  C Roy Campanella  BRO  1951,0,Y,5,114,110,135,79,101,128,125,140,82,113,108,106,133,79,98,4,1,Flyball,Normal,Normal,1,1,1,6,1,1,1,6,1,1,1,6,16,17,17,-,-,-,-,-,-,-,-,-,3,NEU,90-92,3/4,Normal,1,6,94,92,114,10,4,8,4,8,8,5,-,118,-,-,-,-,-,-,-,13,118,-,-,-,-,-,-,-,12,13,9,29,114,108,465,436,119,77,28,0,14,52,47,20,2,7,1,1,0,106,4,60.0,-0.17,55,-0.0,2.0,3.78,0,0,0.0,-3.2,0,0,0,0,0,0,0,0.0,0,0,0,0,0,0,0,0,0,0,0,0,0,0,0,0,0,0,0,0,0,0.00,0,0,0,0,0,0.0,0.0,0.0,0.00,112,108,920,51,866,3,9,0,8.46,0.1,.940,66,20,975.2,4,468,51,49,5,1,1,1,0,0,0,0,2.5,0.0
C,Roy Campanella,Roy,Campanella,Great Lakes Man-of-War-HOTL,5' 9',190 lbs,R,R,100,Brooklyn Dodgers,LAD,1951,1946-1960,,82762,Perfect,Icon Pre-Orders - Hardware Heroes  C Roy Campanella  BRO  1951,0,Y,5,114,110,135,79,101,128,125,140,82,113,108,106,133,79,98,4,1,Flyball,Normal,Normal,1,1,1,6,1,1,1,6,1,1,1,6,16,17,17,-,-,-,-,-,-,-,-,-,3,NEU,90-92,3/4,Normal,1,6,94,92,114,10,4,8,4,8,8,5,-,118,-,-,-,-,-,-,-,13,118,-,-,-,-,-,-,-,12,13,9,29,79,73,319,292,85,49,24,0,12,52,44,18,0,4,1,4,0,72,2,50.5,2.97,47,8.9,2.2,3.93,0,0,0.0,-3.4,0,0,0,0,0,0,0,0.0,0,0,0,0,0,0,0,0,0,0,0,0,0,0,0,0,0,0,0,0,0,0.00,0,0,0,0,0,0.0,0.0,0.0,0.00,78,73,647,27,617,3,6,0,8.63,-0.0,1.019,38,8,671.1,4,343,20,20,9,7,0,0,0,0,0,0,1.5,0.0
C,Roy Campanella,Roy,Campanella,Salt Lake Bees,5' 9',190 lbs,R,R,100,Brooklyn Dodgers,LAD,1951,1946-1960,,82762,Perfect,Icon Pre-Orders - Hardware Heroes  C Roy Campanella  BRO  1951,0,Y,5,114,110,135,79,101,128,125,140,82,113,108,106,133,79,98,4,1,Flyball,Normal,Normal,1,1,1,6,1,1,1,6,1,1,1,6,16,17,17,-,-,-,-,-,-,-,-,-,3,NEU,90-92,3/4,Normal,1,6,94,92,114,10,4,8,4,8,8,5,-,118,-,-,-,-,-,-,-,13,118,-,-,-,-,-,-,-,12,13,9,29,61,54,212,194,40,20,14,1,5,20,18,15,0,3,0,0,0,54,5,18.9,-1.30,18,-7.0,0.3,3.75,0,0,0.0,-0.7,0,0,0,0,0,0,0,0.0,0,0,0,0,0,0,0,0,0,0,0,0,0,0,0,0,0,0,0,0,0,0.00,0,0,0,0,0,0.0,0.0,0.0,0.00,56,54,490,29,460,1,6,0,9.11,0.4,.905,31,14,483.1,3,230,22,18,3,2,0,0,0,0,0,0,-0.1,0.0
C,Roy Campanella,Roy,Campanella,Manchester Camels,5' 9',190 lbs,R,R,100,Brooklyn Dodgers,LAD,1951,1946-1960,,82762,Perfect,Icon Pre-Orders - Hardware Heroes  C Roy Campanella  BRO  1951,0,N,0,105,102,125,72,93,119,116,130,75,104,100,98,123,72,90,4,1,Flyball,Normal,Normal,1,1,1,4,1,1,1,4,1,1,1,4,16,17,17,-,-,-,-,-,-,-,-,-,3,NEU,90-92,3/4,Normal,1,6,94,92,114,10,4,8,4,8,8,5,-,110,-,-,-,-,-,-,-,12,110,-,-,-,-,-,-,-,12,13,9,29,115,109,435,398,121,73,28,0,20,79,44,23,0,3,0,11,0,85,13,68.2,1.97,67,15.5,3.1,3.84,0,0,0.0,-5.7,0,0,0,0,0,0,0,0.0,0,0,0,0,0,0,0,0,0,0,0,0,0,0,0,0,0,0,0,0,0,0.00,0,0,0,0,0,0.0,0.0,0.0,0.00,110,109,865,45,817,3,8,0,7.96,0.9,1.067,64,19,974.2,7,466,48,48,6,3,1,1,0,0,0,0,-1.2,0.0
C,Roy Campanella,Roy,Campanella,Milwaukee Braves,5' 9',190 lbs,R,R,100,Brooklyn Dodgers,LAD,1951,1946-1960,,82762,Perfect,Icon Pre-Orders - Hardware Heroes  C Roy Campanella  BRO  1951,0,Y,5,114,110,135,79,101,128,125,140,82,113,108,106,133,79,98,4,1,Flyball,Normal,Normal,1,1,1,6,1,1,1,6,1,1,1,6,16,17,17,-,-,-,-,-,-,-,-,-,3,NEU,90-92,3/4,Normal,1,6,94,92,114,10,4,8,4,8,8,5,-,118,-,-,-,-,-,-,-,13,118,-,-,-,-,-,-,-,12,13,9,29,116,113,480,448,123,81,30,0,12,73,56,24,0,4,1,2,1,110,12,57.4,0.97,57,-0.7,2.2,3.99,0,0,0.0,-2.6,0,0,0,0,0,0,0,0.0,0,0,0,0,0,0,0,0,0,0,0,0,0,0,0,0,0,0,0,0,0,0.00,0,0,0,0,0,0.0,0.0,0.0,0.00,116,113,946,45,901,0,9,0,8.28,0.7,1.078,63,16,1027.2,3,482,39,36,5,4,0,0,0,0,0,0,2.1,0.0
C,Roy Campanella,Roy,Campanella,Real Intered Workers,5' 9',190 lbs,R,R,100,Brooklyn Dodgers,LAD,1951,1946-1960,,82762,Perfect,Icon Pre-Orders - Hardware Heroes  C Roy Campanella  BRO  1951,0,N,0,105,102,125,72,93,119,116,130,75,104,100,98,123,72,90,4,1,Flyball,Normal,Normal,1,1,1,4,1,1,1,4,1,1,1,4,16,17,17,-,-,-,-,-,-,-,-,-,3,NEU,90-92,3/4,Normal,1,6,94,92,114,10,4,8,4,8,8,5,-,110,-,-,-,-,-,-,-,12,110,-,-,-,-,-,-,-,12,13,9,29,66,49,201,190,41,29,6,1,5,28,13,6,2,2,0,3,0,53,5,14.7,0.22,11,-12.8,-0.3,3.98,0,0,0.0,-0.5,0,0,0,0,0,0,0,0.0,0,0,0,0,0,0,0,0,0,0,0,0,0,0,0,0,0,0,0,0,0,0.00,0,0,0,0,0,0.0,0.0,0.0,0.00,60,49,413,31,381,1,4,0,8.04,0.1,1.164,31,9,461.0,3,238,25,22,5,3,0,0,0,0,0,0,0.4,0.0
C,Roy Campanella,Roy,Campanella,Chicago Dogs,5' 9',190 lbs,R,R,100,Brooklyn Dodgers,LAD,1951,1946-1960,,82762,Perfect,Icon Pre-Orders - Hardware Heroes  C Roy Campanella  BRO  1951,0,Y,5,114,110,135,79,101,128,125,140,82,113,108,106,133,79,98,4,1,Flyball,Normal,Normal,1,1,1,6,1,1,1,6,1,1,1,6,16,17,17,-,-,-,-,-,-,-,-,-,3,NEU,90-92,3/4,Normal,1,6,94,92,114,10,4,8,4,8,8,5,-,118,-,-,-,-,-,-,-,13,118,-,-,-,-,-,-,-,12,13,9,29,70,65,255,227,57,38,11,0,8,28,28,19,0,5,1,3,0,48,6,29.5,0.08,29,-1.1,1.4,3.79,0,0,0.0,-1.8,0,0,0,0,0,0,0,0.0,0,0,0,0,0,0,0,0,0,0,0,0,0,0,0,0,0,0,0,0,0,0.00,0,0,0,0,0,0.0,0.0,0.0,0.00,68,65,567,37,526,4,8,0,8.88,0.2,1.086,45,15,570.1,5,270,29,26,7,5,1,1,0,0,0,0,2.1,0.0
C,Roy Campanella,Roy,Campanella,Svendborg Sailors,5' 9',190 lbs,R,R,100,Brooklyn Dodgers,LAD,1951,1946-1960,,82762,Perfect,Icon Pre-Orders - Hardware Heroes  C Roy Campanella  BRO  1951,0,Y,5,114,110,135,79,101,128,125,140,82,113,108,106,133,79,98,4,1,Flyball,Normal,Normal,1,1,1,6,1,1,1,6,1,1,1,6,16,17,17,-,-,-,-,-,-,-,-,-,3,NEU,90-92,3/4,Normal,1,6,94,92,114,10,4,8,4,8,8,5,-,118,-,-,-,-,-,-,-,13,118,-,-,-,-,-,-,-,12,13,9,29,61,52,208,193,46,22,14,0,10,33,19,14,1,0,0,1,0,45,7,23.9,-0.38,24,-0.4,0.9,3.92,0,0,0.0,-0.7,0,0,0,0,0,0,0,0.0,0,0,0,0,0,0,0,0,0,0,0,0,0,0,0,0,0,0,0,0,0,0.00,0,0,0,0,0,0.0,0.0,0.0,0.00,59,52,473,20,451,2,0,0,9.01,-0.2,1.019,29,8,470.1,4,217,18,16,4,4,0,0,0,0,0,0,0.1,0.0
C,Roy Campanella,Roy,Campanella,Buffalo Bisons,5' 9',190 lbs,R,R,100,Brooklyn Dodgers,LAD,1951,1946-1960,,82762,Perfect,Icon Pre-Orders - Hardware Heroes  C Roy Campanella  BRO  1951,0,Y,5,114,110,135,79,101,128,125,140,82,113,108,106,133,79,98,4,1,Flyball,Normal,Normal,1,1,1,6,1,1,1,6,1,1,1,6,16,17,17,-,-,-,-,-,-,-,-,-,3,NEU,90-92,3/4,Normal,1,6,94,92,114,10,4,8,4,8,8,5,-,118,-,-,-,-,-,-,-,13,118,-,-,-,-,-,-,-,12,13,9,29,121,121,479,452,118,73,31,0,14,58,57,22,0,1,1,3,0,110,13,53.2,0.06,52,-4.9,1.7,3.79,0,0,0.0,-2.9,0,0,0,0,0,0,0,0.0,0,0,0,0,0,0,0,0,0,0,0,0,0,0,0,0,0,0,0,0,0,0.00,0,0,0,0,0,0.0,0.0,0.0,0.00,121,121,1015,68,946,1,12,0,8.52,2.6,1.082,69,22,1071.1,4,577,51,49,6,5,1,1,0,0,0,0,1.4,0.0
C,Roy Campanella,Roy,Campanella,Ware Wolves,5' 9',190 lbs,R,R,100,Brooklyn Dodgers,LAD,1951,1946-1960,,82762,Perfect,Icon Pre-Orders - Hardware Heroes  C Roy Campanella  BRO  1951,0,N,0,105,102,125,72,93,119,116,130,75,104,100,98,123,72,90,4,1,Flyball,Normal,Normal,1,1,1,4,1,1,1,4,1,1,1,4,16,17,17,-,-,-,-,-,-,-,-,-,3,NEU,90-92,3/4,Normal,1,6,94,92,114,10,4,8,4,8,8,5,-,110,-,-,-,-,-,-,-,12,110,-,-,-,-,-,-,-,12,13,9,29,48,44,168,154,37,18,10,0,9,36,19,10,0,1,0,3,0,34,2,21.5,0.40,20,0.3,0.6,3.71,0,0,0.0,-0.3,0,0,0,0,0,0,0,0.0,0,0,0,0,0,0,0,0,0,0,0,0,0,0,0,0,0,0,0,0,0,0.00,0,0,0,0,0,0.0,0.0,0.0,0.00,44,41,337,17,319,1,3,0,8.20,0.3,1.019,22,5,368.2,0,166,11,9,5,4,0,0,1,1,0,0,-1.2,0.0
C,Roy Campanella,Roy,Campanella,Paramus Fisher Cats,5' 9',190 lbs,R,R,100,Brooklyn Dodgers,LAD,1951,1946-1960,,82762,Perfect,Icon Pre-Orders - Hardware Heroes  C Roy Campanella  BRO  1951,0,Y,5,114,110,135,79,101,128,125,140,82,113,108,106,133,79,98,4,1,Flyball,Normal,Normal,1,1,1,6,1,1,1,6,1,1,1,6,16,17,17,-,-,-,-,-,-,-,-,-,3,NEU,90-92,3/4,Normal,1,6,94,92,114,10,4,8,4,8,8,5,-,118,-,-,-,-,-,-,-,13,118,-,-,-,-,-,-,-,12,13,9,29,92,91,377,351,85,50,25,0,10,45,46,18,0,3,1,4,0,91,9,38.1,-1.04,36,-8.7,0.8,3.92,0,0,0.0,-3.7,0,0,0,0,0,0,0,0.0,0,0,0,0,0,0,0,0,0,0,0,0,0,0,0,0,0,0,0,0,0,0.00,0,0,0,0,0,0.0,0.0,0.0,0.00,92,91,741,45,693,3,11,0,8.11,0.9,1.019,60,21,819.0,4,399,39,36,6,3,1,1,0,0,0,0,1.3,0.0
C,Roy Campanella,Roy,Campanella,Kumamoto Ozeki TBD,5' 9',190 lbs,R,R,100,Brooklyn Dodgers,LAD,1951,1946-1960,,82762,Perfect,Icon Pre-Orders - Hardware Heroes  C Roy Campanella  BRO  1951,0,N,0,105,102,125,72,93,119,116,130,75,104,100,98,123,72,90,4,1,Flyball,Normal,Normal,1,1,1,4,1,1,1,4,1,1,1,4,16,17,17,-,-,-,-,-,-,-,-,-,3,NEU,90-92,3/4,Normal,1,6,94,92,114,10,4,8,4,8,8,5,-,110,-,-,-,-,-,-,-,12,110,-,-,-,-,-,-,-,12,13,9,29,87,78,291,276,54,28,16,0,10,40,26,10,0,3,0,2,0,79,6,21.9,-1.65,19,-16.0,-0.6,3.88,0,0,0.0,-1.0,0,0,0,0,0,0,0,0.0,0,0,0,0,0,0,0,0,0,0,0,0,0,0,0,0,0,0,0,0,0,0.00,0,0,0,0,0,0.0,0.0,0.0,0.00,86,78,673,23,645,5,4,0,8.62,-1.8,.934,49,9,697.1,4,354,42,40,2,0,0,0,0,0,0,0,-1.6,0.0
C,Roy Campanella,Roy,Campanella,Dungeon Meshi Marcille,5' 9',190 lbs,R,R,100,Brooklyn Dodgers,LAD,1951,1946-1960,,82762,Perfect,Icon Pre-Orders - Hardware Heroes  C Roy Campanella  BRO  1951,0,Y,5,114,110,135,79,101,128,125,140,82,113,108,106,133,79,98,4,1,Flyball,Normal,Normal,1,1,1,6,1,1,1,6,1,1,1,6,16,17,17,-,-,-,-,-,-,-,-,-,3,NEU,90-92,3/4,Normal,1,6,94,92,114,10,4,8,4,8,8,5,-,118,-,-,-,-,-,-,-,13,118,-,-,-,-,-,-,-,12,13,9,29,109,108,419,386,85,55,16,0,14,50,35,28,0,2,0,3,0,109,10,38.2,-0.87,36,-13.7,0.5,4.05,0,0,0.0,-5.1,0,0,0,0,0,0,0,0.0,0,0,0,0,0,0,0,0,0,0,0,0,0,0,0,0,0,0,0,0,0,0.00,0,0,0,0,0,0.0,0.0,0.0,0.00,109,108,959,45,910,4,11,0,8.85,1.0,.974,51,14,970.2,2,397,40,37,7,5,1,1,0,0,0,0,3.1,0.0
C,Roy Campanella,Roy,Campanella,Atlantic City Surf - GH,5' 9',190 lbs,R,R,100,Brooklyn Dodgers,LAD,1951,1946-1960,,82762,Perfect,Icon Pre-Orders - Hardware Heroes  C Roy Campanella  BRO  1951,0,Y,5,114,110,135,79,101,128,125,140,82,113,108,106,133,79,98,4,1,Flyball,Normal,Normal,1,1,1,6,1,1,1,6,1,1,1,6,16,17,17,-,-,-,-,-,-,-,-,-,3,NEU,90-92,3/4,Normal,1,6,94,92,114,10,4,8,4,8,8,5,-,118,-,-,-,-,-,-,-,13,118,-,-,-,-,-,-,-,12,13,9,29,76,70,292,268,78,39,29,0,10,38,36,21,1,3,0,0,0,75,5,47.5,0.49,46,11.1,2.5,4.03,0,0,0.0,-2.2,0,0,0,0,0,0,0,0.0,0,0,0,0,0,0,0,0,0,0,0,0,0,0,0,0,0,0,0,0,0,0.00,0,0,0,0,0,0.0,0.0,0.0,0.00,76,70,616,33,581,2,8,0,8.65,-0.4,.849,34,12,638.2,5,304,20,18,5,2,0,0,1,1,0,0,0.9,0.0
C,Gary Carter,Gary,Carter,Long Island Sounders,6' 2',215 lbs,R,R,100,Montreal Expos,WSN,1982,1980-1992,HOF,85026,Perfect,HOF 1 - Hall of Fame  C Gary Carter  MON  1982,0,N,0,83,99,106,114,106,104,105,132,129,106,77,98,99,110,107,34,1,Normal,Normal,Normal,1,1,1,3,1,1,1,3,1,1,1,3,16,-,-,-,-,-,-,-,-,-,-,-,1,NEU,89-91,SIDE,Normal,1,14,108,100,102,7,10,6,3,2,1,4,-,115,-,-,-,-,-,-,-,14,115,-,-,-,-,-,-,-,28,33,46,45,92,88,359,328,79,52,16,0,11,40,30,27,0,1,0,3,0,79,8,37.4,-0.98,37,-6.1,1.1,4.02,0,1,-0.6,-1.8,0,0,0,0,0,0,0,0.0,0,0,0,0,0,0,0,0,0,0,0,0,0,0,0,0,0,0,0,0,0,0.00,0,0,0,0,0,0.0,0.0,0.0,0.00,90,88,728,47,677,4,7,0,8.27,-0.5,1.067,86,21,788.1,6,412,33,32,10,7,1,1,1,1,0,0,2.0,0.0
C,Gary Carter,Gary,Carter,Milwaukee Braves,6' 2',215 lbs,R,R,100,Montreal Expos,WSN,1982,1980-1992,HOF,85026,Perfect,HOF 1 - Hall of Fame  C Gary Carter  MON  1982,0,N,0,83,99,106,114,106,104,105,132,129,106,77,98,99,110,107,34,1,Normal,Normal,Normal,1,1,1,3,1,1,1,3,1,1,1,3,16,-,-,-,-,-,-,-,-,-,-,-,1,NEU,89-91,SIDE,Normal,1,14,108,100,102,7,10,6,3,2,1,4,-,115,-,-,-,-,-,-,-,14,115,-,-,-,-,-,-,-,28,33,46,45,58,49,192,172,41,23,13,1,4,22,20,16,0,1,1,2,0,40,2,21.6,-1.05,20,-2.8,0.4,4.00,0,0,0.0,-0.3,0,0,0,0,0,0,0,0.0,0,0,0,0,0,0,0,0,0,0,0,0,0,0,0,0,0,0,0,0,0,0.00,0,0,0,0,0,0.0,0.0,0.0,0.00,50,49,427,20,401,6,9,0,8.62,-2.8,.679,41,6,439.2,1,184,19,16,5,3,0,0,0,0,0,0,0.3,0.0
C,Gary Carter,Gary,Carter,Pulaski Pils,6' 2',215 lbs,R,R,100,Montreal Expos,WSN,1982,1980-1992,HOF,85026,Perfect,HOF 1 - Hall of Fame  C Gary Carter  MON  1982,0,N,0,83,99,106,114,106,104,105,132,129,106,77,98,99,110,107,34,1,Normal,Normal,Normal,1,1,1,3,1,1,1,3,1,1,1,3,16,-,-,-,-,-,-,-,-,-,-,-,1,NEU,89-91,SIDE,Normal,1,14,108,100,102,7,10,6,3,2,1,4,-,115,-,-,-,-,-,-,-,14,115,-,-,-,-,-,-,-,28,33,46,45,51,41,164,143,38,23,9,0,6,17,19,15,0,3,0,3,0,29,5,22.3,0.24,22,3.1,1.4,3.78,1,0,0.2,-0.4,0,0,0,0,0,0,0,0.0,0,0,0,0,0,0,0,0,0,0,0,0,0,0,0,0,0,0,0,0,0,0.00,0,0,0,0,0,0.0,0.0,0.0,0.00,48,41,337,21,314,2,1,0,8.03,1.2,1.019,28,10,375.2,1,216,20,20,1,1,0,0,0,0,0,0,0.6,0.0
C,Walker Cooper,Walker,Cooper,St. Louis Honkers,6' 3',210 lbs,R,R,101,New York Giants,SFG,1947,1946-1960,LE,85653,Perfect,Limited Edition/35  C Walker Cooper  NY1  1947,0,N,0,116,93,153,49,126,101,88,142,40,118,122,95,157,52,129,30,1,Flyball,Normal,Normal,1,1,1,1,1,1,1,1,1,1,1,1,16,-,-,-,-,-,-,-,-,-,-,-,1,NEU,89-91,OTT,Normal,1,18,96,94,103,1,1,6,9,1,4,9,-,108,-,-,-,-,-,-,-,-,108,-,-,-,-,-,-,-,46,15,67,29,110,108,429,408,100,69,11,3,17,62,36,13,1,4,1,3,0,87,18,39.8,-0.66,41,-10.4,0.3,3.76,0,1,-0.6,-2.2,0,0,0,0,0,0,0,0.0,0,0,0,0,0,0,0,0,0,0,0,0,0,0,0,0,0,0,0,0,0,0.00,0,0,0,0,0,0.0,0.0,0.0,0.00,110,108,840,39,795,6,4,0,7.83,-2.8,.873,61,14,958.1,6,507,41,34,9,6,0,0,0,0,0,0,-2.0,0.0
C,Walker Cooper,Walker,Cooper,Chicago Dogs,6' 3',210 lbs,R,R,101,New York Giants,SFG,1947,1946-1960,LE,85653,Perfect,Limited Edition/35  C Walker Cooper  NY1  1947,0,N,0,116,93,153,49,126,101,88,142,40,118,122,95,157,52,129,30,1,Flyball,Normal,Normal,1,1,1,1,1,1,1,1,1,1,1,1,16,-,-,-,-,-,-,-,-,-,-,-,1,NEU,89-91,OTT,Normal,1,18,96,94,103,1,1,6,9,1,4,9,-,108,-,-,-,-,-,-,-,-,108,-,-,-,-,-,-,-,46,15,67,29,88,82,334,319,90,56,13,2,19,60,47,10,0,4,0,1,0,63,6,49.3,-0.01,48,8.3,2.7,3.71,0,0,0.0,0.4,0,0,0,0,0,0,0,0.0,0,0,0,0,0,0,0,0,0,0,0,0,0,0,0,0,0,0,0,0,0,0.00,0,0,0,0,0,0.0,0.0,0.0,0.00,88,82,697,32,660,5,3,0,8.47,0.4,1.146,49,12,735.1,2,349,42,38,9,6,1,1,0,0,0,0,-1.4,0.0
C,Walker Cooper,Walker,Cooper,Marshall M.I.C.E.,6' 3',210 lbs,R,R,101,New York Giants,SFG,1947,1946-1960,LE,85653,Perfect,Limited Edition/35  C Walker Cooper  NY1  1947,0,N,0,116,93,153,49,126,101,88,142,40,118,122,95,157,52,129,30,1,Flyball,Normal,Normal,1,1,1,1,1,1,1,1,1,1,1,1,16,-,-,-,-,-,-,-,-,-,-,-,1,NEU,89-91,OTT,Normal,1,18,96,94,103,1,1,6,9,1,4,9,-,108,-,-,-,-,-,-,-,-,108,-,-,-,-,-,-,-,46,15,67,29,122,122,502,479,137,98,28,3,8,68,58,10,0,5,0,8,0,107,13,56.2,0.18,54,-6.4,1.2,3.81,0,0,0.0,-3.3,0,0,0,0,0,0,0,0.0,0,0,0,0,0,0,0,0,0,0,0,0,0,0,0,0,0,0,0,0,0,0.00,0,0,0,0,0,0.0,0.0,0.0,0.00,122,122,915,51,855,9,10,0,8.05,-0.7,.981,80,18,1013.1,3,423,50,46,9,8,0,0,0,0,0,0,0.6,0.0
C,Josh Gibson,Josh,Gibson,Joe Buck Yourself,6' 1',215 lbs,R,R,101,Homestead Grays,HG,1939,1921-1945,,86252,Perfect,All-Star Week - Historical All-Star  C Josh Gibson  HG  1939,0,N,0,116,79,160,141,97,125,84,166,152,104,114,77,158,138,96,49,11,Flyball,Spray,Spray,1,1,1,2,1,1,1,2,1,1,1,2,16,-,-,-,-,-,-,-,-,-,-,-,1,NEU,91-93,3/4,Normal,1,16,93,94,107,53,53,57,41,58,59,53,-,108,77,-,43,-,-,-,-,102,108,77,-,43,-,-,-,-,58,54,63,49,96,82,371,332,70,54,6,2,8,35,30,28,0,4,0,7,0,90,5,30.0,-1.29,26,-18.2,-0.4,4.09,0,1,-0.6,-1.2,0,0,0,0,0,0,0,0.0,0,0,0,0,0,0,0,0,0,0,0,0,0,0,0,0,0,0,0,0,0,0.00,0,0,0,0,0,0.0,0.0,0.0,0.00,85,76,653,40,608,5,9,0,8.48,-0.1,1.063,61,12,688.0,3,319,42,42,5,5,1,0,1,0,0,0,0.1,0.0
C,Josh Gibson,Josh,Gibson,Salt Lake Bees,6' 1',215 lbs,R,R,101,Homestead Grays,HG,1939,1921-1945,,86252,Perfect,All-Star Week - Historical All-Star  C Josh Gibson  HG  1939,0,N,0,116,79,160,141,97,125,84,166,152,104,114,77,158,138,96,49,11,Flyball,Spray,Spray,1,1,1,2,1,1,1,2,1,1,1,2,16,-,-,-,-,-,-,-,-,-,-,-,1,NEU,91-93,3/4,Normal,1,16,93,94,107,53,53,57,41,58,59,53,-,108,77,-,43,-,-,-,-,102,108,77,-,43,-,-,-,-,58,54,63,49,112,108,470,421,102,75,14,3,10,52,51,35,0,6,2,6,0,107,5,47.9,-1.05,45,-10.8,1.1,3.93,0,3,-1.7,2.8,0,0,0,0,0,0,0,0.0,0,0,0,0,0,0,0,0,0,0,0,0,0,0,0,0,0,0,0,0,0,0.00,0,0,0,0,0,0.0,0.0,0.0,0.00,113,108,892,49,841,2,10,0,8.29,0.1,.985,62,16,966.0,7,471,54,53,3,3,1,1,0,0,0,0,-1.2,0.0
C,Josh Gibson,Josh,Gibson,Kansas City Torrent,6' 1',215 lbs,R,R,101,Homestead Grays,HG,1939,1921-1945,,86252,Perfect,All-Star Week - Historical All-Star  C Josh Gibson  HG  1939,96 389,N,0,116,79,160,141,97,125,84,166,152,104,114,77,158,138,96,49,11,Flyball,Spray,Spray,1,1,1,2,1,1,1,2,1,1,1,2,16,-,-,-,-,-,-,-,-,-,-,-,1,NEU,91-93,3/4,Normal,1,16,93,94,107,53,53,57,41,58,59,53,-,108,77,-,43,-,-,-,-,102,108,77,-,43,-,-,-,-,58,54,63,49,79,68,306,277,81,60,10,3,8,43,47,22,0,5,0,2,0,72,5,43.4,1.22,42,6.1,2.0,4.11,0,0,0.0,0.4,0,0,0,0,0,0,0,0.0,0,0,0,0,0,0,0,0,0,0,0,0,0,0,0,0,0,0,0,0,0,0.00,0,0,0,0,0,0.0,0.0,0.0,0.00,76,68,553,37,510,6,6,0,7.94,0.6,1.138,52,15,620.0,3,238,35,33,5,2,2,2,0,0,0,0,-1.7,0.0
C,Josh Gibson,Josh,Gibson,Ware Wolves,6' 1',215 lbs,R,R,101,Homestead Grays,HG,1939,1921-1945,,86252,Perfect,All-Star Week - Historical All-Star  C Josh Gibson  HG  1939,0,N,0,116,79,160,141,97,125,84,166,152,104,114,77,158,138,96,49,11,Flyball,Spray,Spray,1,1,1,2,1,1,1,2,1,1,1,2,16,-,-,-,-,-,-,-,-,-,-,-,1,NEU,91-93,3/4,Normal,1,16,93,94,107,53,53,57,41,58,59,53,-,108,77,-,43,-,-,-,-,102,108,77,-,43,-,-,-,-,58,54,63,49,123,121,505,453,110,82,13,3,12,47,49,40,1,6,2,4,0,111,15,50.2,-1.42,50,-10.4,1.0,3.99,0,0,0.0,-1.8,0,0,0,0,0,0,0,0.0,0,0,0,0,0,0,0,0,0,0,0,0,0,0,0,0,0,0,0,0,0,0.00,0,0,0,0,0,0.0,0.0,0.0,0.00,121,121,1055,50,999,6,7,0,8.73,0.1,.911,77,23,1081.0,6,520,51,50,6,3,0,0,0,0,0,0,-0.3,0.0
C,Josh Gibson,Josh,Gibson,Orange Jackrabbits,6' 1',215 lbs,R,R,101,Homestead Grays,HG,1939,1921-1945,,86252,Perfect,All-Star Week - Historical All-Star  C Josh Gibson  HG  1939,0,N,0,116,79,160,141,97,125,84,166,152,104,114,77,158,138,96,49,11,Flyball,Spray,Spray,1,1,1,2,1,1,1,2,1,1,1,2,16,-,-,-,-,-,-,-,-,-,-,-,1,NEU,91-93,3/4,Normal,1,16,93,94,107,53,53,57,41,58,59,53,-,108,77,-,43,-,-,-,-,102,108,77,-,43,-,-,-,-,58,54,63,49,95,81,355,311,87,57,11,4,15,42,42,38,0,5,1,0,0,83,5,57.3,1.58,56,14.2,2.8,4.14,0,0,0.0,-1.2,0,0,0,0,0,0,0,0.0,0,0,0,0,0,0,0,0,0,0,0,0,0,0,0,0,0,0,0,0,0,0.00,0,0,0,0,0,0.0,0.0,0.0,0.00,87,81,666,38,626,2,7,0,8.15,-0.9,1.019,46,9,733.0,4,392,41,39,4,2,0,0,0,0,0,0,-0.9,0.0
C,Josh Gibson,Josh,Gibson,Tavistock Baseballersons,6' 1',215 lbs,R,R,101,Homestead Grays,HG,1939,1921-1945,,86252,Perfect,All-Star Week - Historical All-Star  C Josh Gibson  HG  1939,0,N,0,116,79,160,141,97,125,84,166,152,104,114,77,158,138,96,49,11,Flyball,Spray,Spray,1,1,1,2,1,1,1,2,1,1,1,2,16,-,-,-,-,-,-,-,-,-,-,-,1,NEU,91-93,3/4,Normal,1,16,93,94,107,53,53,57,41,58,59,53,-,108,77,-,43,-,-,-,-,102,108,77,-,43,-,-,-,-,58,54,63,49,117,108,507,456,126,86,10,7,23,68,78,45,0,2,0,4,0,98,13,73.6,1.38,74,13.6,3.1,4.01,0,0,0.0,-3.1,0,0,0,0,0,0,0,0.0,0,0,0,0,0,0,0,0,0,0,0,0,0,0,0,0,0,0,0,0,0,0.00,0,0,0,0,0,0.0,0.0,0.0,0.00,114,108,927,50,873,4,4,0,8.49,-0.8,.926,72,23,978.2,10,504,47,43,8,7,1,1,0,0,0,0,-1.7,0.0
C,Josh Gibson,Josh,Gibson,Marshall M.I.C.E.,6' 1',215 lbs,R,R,101,Homestead Grays,HG,1939,1921-1945,,86252,Perfect,All-Star Week - Historical All-Star  C Josh Gibson  HG  1939,0,N,0,116,79,160,141,97,125,84,166,152,104,114,77,158,138,96,49,11,Flyball,Spray,Spray,1,1,1,2,1,1,1,2,1,1,1,2,16,-,-,-,-,-,-,-,-,-,-,-,1,NEU,91-93,3/4,Normal,1,16,93,94,107,53,53,57,41,58,59,53,-,108,77,-,43,-,-,-,-,102,108,77,-,43,-,-,-,-,58,54,63,49,106,94,400,364,87,56,15,4,12,47,52,29,0,4,0,3,0,87,6,44.6,-1.80,42,-5.2,0.7,3.95,1,0,0.1,0.5,0,0,0,0,0,0,0,0.0,0,0,0,0,0,0,0,0,0,0,0,0,0,0,0,0,0,0,0,0,0,0.00,0,0,0,0,0,0.0,0.0,0.0,0.00,134,94,818,57,758,3,31,0,8.68,0.6,1.011,23,7,844.2,5,182,98,96,16,13,7,5,4,0,3,0,0.4,0.0
C,Josh Gibson,Josh,Gibson,Paramus Fisher Cats,6' 1',215 lbs,R,R,101,Homestead Grays,HG,1939,1921-1945,,86252,Perfect,All-Star Week - Historical All-Star  C Josh Gibson  HG  1939,0,N,0,116,79,160,141,97,125,84,166,152,104,114,77,158,138,96,49,11,Flyball,Spray,Spray,1,1,1,2,1,1,1,2,1,1,1,2,16,-,-,-,-,-,-,-,-,-,-,-,1,NEU,91-93,3/4,Normal,1,16,93,94,107,53,53,57,41,58,59,53,-,108,77,-,43,-,-,-,-,102,108,77,-,43,-,-,-,-,58,54,63,49,139,139,599,537,125,90,11,3,21,71,70,49,0,8,0,5,0,116,16,60.7,-0.91,62,-9.6,0.1,4.01,1,3,-1.5,-1.5,0,0,0,0,0,0,0,0.0,0,0,0,0,0,0,0,0,0,0,0,0,0,0,0,0,0,0,0,0,0,0.00,0,0,0,0,0,0.0,0.0,0.0,0.00,73,73,656,39,611,6,5,0,9.08,-1.7,.971,49,10,644.1,5,330,42,42,6,1,1,1,0,0,0,0,-1.7,0.0
C,King Kelly,King,Kelly,Littleton CO Mountaineers,5' 10',170 lbs,R,R,100,Cincinnati Reds,CIN,1879,2026,UTIL,85153,Perfect,Young & Old 1 - Super Utility  3B King Kelly  CN1  1879,0,N,0,137,131,77,83,132,142,128,80,88,135,135,132,77,82,131,89,81,Groundball,Normal,Normal,1,1,1,3,1,1,1,3,1,1,1,3,-,-,-,16,-,17,-,-,-,-,-,-,2,NEU,90-92,3/4,Normal,1,2,83,82,89,89,69,97,74,85,64,112,-,90,-,96,94,-,-,87,111,138,90,-,96,94,-,-,87,111,102,87,96,109,122,121,471,419,118,89,21,4,4,59,61,34,0,7,8,3,0,84,7,56.3,0.44,54,-2.2,1.2,3.89,12,6,-0.4,5.4,0,0,0,0,0,0,0,0.0,0,0,0,0,0,0,0,0,0,0,0,0,0,0,0,0,0,0,0,0,0,0.00,0,0,0,0,0,0.0,0.0,0.0,0.00,122,121,1045,69,974,2,13,0,8.74,-1.0,.990,101,27,1074.1,9,532,65,62,6,4,1,1,1,1,0,0,-7.6,0.0
C,Joe Mack,Joe,Mack,El Vampiro Ankle Biters,6' 0',210 lbs,L,R,74,Miami Marlins,FLA,2026,2026,,85329,Silver,FLF 7 - Future Legend  C Joe Mack  MIA  2026,0,Y,5,67,75,103,97,63,70,60,92,86,56,66,80,107,101,65,30,11,Normal,Ex. Pull,Pull,1,1,81,1,1,1,81,1,1,1,82,1,16,-,-,-,-,-,-,-,-,-,-,-,1,FB,80-83,3/4,Normal,1,-,98,101,117,36,42,67,5,40,53,68,-,126,-,-,-,-,-,-,1,92,126,64,7,35,-,50,11,47,48,39,56,49,80,73,279,260,54,39,7,0,8,32,31,17,0,0,0,2,0,98,4,21.4,-1.01,18,-15.1,0.2,4.15,0,1,-0.6,-1.3,0,0,0,0,0,0,0,0.0,0,0,0,0,0,0,0,0,0,0,0,0,0,0,0,0,0,0,0,0,0,0.00,0,0,0,0,0,0.0,0.0,0.0,0.00,80,73,646,29,615,2,5,0,8.87,1.3,1.111,42,12,653.1,1,282,22,22,5,3,0,0,0,0,0,0,3.3,0.0
C,Joe Mauer,Joe,Mauer,Joe Buck Yourself,6' 5',220 lbs,L,R,100,Minnesota Twins,MIN,2006,2005-2014,ME,83804,Perfect,Live AL Collection - Hall of Fame  C Joe Mauer  MIN  2006,0,N,0,130,91,56,109,128,130,71,38,106,119,130,97,61,111,131,41,9,Groundball,Spray,Spray,1,1,1,7,1,1,1,7,1,1,1,7,16,-,-,-,-,-,-,-,-,-,-,-,1,GB,90-92,3/4,GB'er,1,12,95,89,110,6,10,7,7,4,4,1,-,107,-,-,-,-,-,-,-,13,107,-,-,-,-,-,-,-,53,23,79,56,89,88,338,301,68,52,14,0,2,24,36,29,0,5,0,3,0,64,7,27.1,-1.13,26,-14.0,-0.3,4.06,0,2,-1.2,-2.1,0,0,0,0,0,0,0,0.0,0,0,0,0,0,0,0,0,0,0,0,0,0,0,0,0,0,0,0,0,0,0.00,0,0,0,0,0,0.0,0.0,0.0,0.00,89,88,695,54,640,1,8,0,8.02,2.1,.976,63,24,778.1,1,384,43,40,3,2,0,0,0,0,0,0,-4.4,0.0
C,Joe Mauer,Joe,Mauer,Meaty Oakers,6' 5',220 lbs,L,R,100,Minnesota Twins,MIN,2006,2005-2014,ME,83804,Perfect,Live AL Collection - Hall of Fame  C Joe Mauer  MIN  2006,0,N,0,130,91,56,109,128,130,71,38,106,119,130,97,61,111,131,41,9,Groundball,Spray,Spray,1,1,1,7,1,1,1,7,1,1,1,7,16,-,-,-,-,-,-,-,-,-,-,-,1,GB,90-92,3/4,GB'er,1,12,95,89,110,6,10,7,7,4,4,1,-,107,-,-,-,-,-,-,-,13,107,-,-,-,-,-,-,-,53,23,79,56,92,92,341,308,75,57,14,0,4,31,30,26,0,2,0,5,0,64,5,32.0,-1.95,29,-11.3,0.2,3.93,1,0,0.1,-1.4,0,0,0,0,0,0,0,0.0,0,0,0,0,0,0,0,0,0,0,0,0,0,0,0,0,0,0,0,0,0,0.00,0,0,0,0,0,0.0,0.0,0.0,0.00,92,92,772,35,736,1,10,0,8.43,-1.0,.883,50,16,822.2,7,355,33,31,6,2,0,0,0,0,0,0,-1.8,0.0
C,Joe Mauer,Joe,Mauer,Fortuna Lifters,6' 5',220 lbs,L,R,100,Minnesota Twins,MIN,2006,2005-2014,ME,83804,Perfect,Live AL Collection - Hall of Fame  C Joe Mauer  MIN  2006,0,N,0,130,91,56,109,128,130,71,38,106,119,130,97,61,111,131,41,9,Groundball,Spray,Spray,1,1,1,7,1,1,1,7,1,1,1,7,16,-,-,-,-,-,-,-,-,-,-,-,1,GB,90-92,3/4,GB'er,1,12,95,89,110,6,10,7,7,4,4,1,-,107,-,-,-,-,-,-,-,13,107,-,-,-,-,-,-,-,53,23,79,56,122,122,470,421,109,84,22,1,2,35,44,38,0,2,2,5,2,96,5,46.6,-0.42,43,-12.6,0.3,3.89,1,2,-1.0,-1.6,0,0,0,0,0,0,0,0.0,0,0,0,0,0,0,0,0,0,0,0,0,0,0,0,0,0,0,0,0,0,0.00,0,0,0,0,0,0.0,0.0,0.0,0.00,122,122,1023,64,953,6,9,0,8.31,0.0,.929,66,21,1101.1,6,569,60,54,12,10,0,0,1,0,0,0,-4.8,0.0
C,Joe Mauer,Joe,Mauer,Long Island Sounders,6' 5',220 lbs,L,R,100,Minnesota Twins,MIN,2006,2005-2014,ME,83804,Perfect,Live AL Collection - Hall of Fame  C Joe Mauer  MIN  2006,0,N,0,130,91,56,109,128,130,71,38,106,119,130,97,61,111,131,41,9,Groundball,Spray,Spray,1,1,1,7,1,1,1,7,1,1,1,7,16,-,-,-,-,-,-,-,-,-,-,-,1,GB,90-92,3/4,GB'er,1,12,95,89,110,6,10,7,7,4,4,1,-,107,-,-,-,-,-,-,-,13,107,-,-,-,-,-,-,-,53,23,79,56,78,74,284,244,60,44,14,0,2,39,37,32,0,4,2,2,0,50,8,28.3,-0.63,29,-4.3,0.8,4.05,2,1,-0.2,0.6,0,0,0,0,0,0,0,0.0,0,0,0,0,0,0,0,0,0,0,0,0,0,0,0,0,0,0,0,0,0,0.00,0,0,0,0,0,0.0,0.0,0.0,0.00,78,74,687,33,653,1,5,0,9.29,0.1,1.019,36,10,664.2,3,323,38,34,6,4,1,1,0,0,0,0,-3.2,0.0
C,Joe Mauer,Joe,Mauer,Manchester Camels,6' 5',220 lbs,L,R,100,Minnesota Twins,MIN,2006,2005-2014,ME,83804,Perfect,Live AL Collection - Hall of Fame  C Joe Mauer  MIN  2006,0,N,0,130,91,56,109,128,130,71,38,106,119,130,97,61,111,131,41,9,Groundball,Spray,Spray,1,1,1,7,1,1,1,7,1,1,1,7,16,-,-,-,-,-,-,-,-,-,-,-,1,GB,90-92,3/4,GB'er,1,12,95,89,110,6,10,7,7,4,4,1,-,107,-,-,-,-,-,-,-,13,107,-,-,-,-,-,-,-,53,23,79,56,67,56,224,195,55,46,8,0,1,26,16,21,0,1,2,5,0,46,2,24.6,0.41,23,-3.0,0.3,4.11,0,2,-1.1,-0.2,0,0,0,0,0,0,0,0.0,0,0,0,0,0,0,0,0,0,0,0,0,0,0,0,0,0,0,0,0,0,0.00,0,0,0,0,0,0.0,0.0,0.0,0.00,57,53,465,20,444,1,4,0,8.76,0.1,1.103,27,6,476.2,2,251,13,10,6,5,2,2,0,0,0,0,-3.4,0.0
C,Joe Mauer,Joe,Mauer,St. Louis Honkers,6' 5',220 lbs,L,R,100,Minnesota Twins,MIN,2006,2005-2014,ME,83804,Perfect,Live AL Collection - Hall of Fame  C Joe Mauer  MIN  2006,0,N,0,130,91,56,109,128,130,71,38,106,119,130,97,61,111,131,41,9,Groundball,Spray,Spray,1,1,1,7,1,1,1,7,1,1,1,7,16,-,-,-,-,-,-,-,-,-,-,-,1,GB,90-92,3/4,GB'er,1,12,95,89,110,6,10,7,7,4,4,1,-,107,-,-,-,-,-,-,-,13,107,-,-,-,-,-,-,-,53,23,79,56,54,54,203,185,52,43,7,0,2,15,23,16,0,1,0,1,0,34,5,22.1,-0.04,22,-1.9,0.6,4.06,0,0,0.0,-0.1,0,0,0,0,0,0,0,0.0,0,0,0,0,0,0,0,0,0,0,0,0,0,0,0,0,0,0,0,0,0,0.00,0,0,0,0,0,0.0,0.0,0.0,0.00,54,54,432,29,400,3,4,0,8.11,-0.8,1.019,32,7,476.1,5,265,21,20,2,2,0,0,0,0,0,0,-1.4,0.0
C,Joe Mauer,Joe,Mauer,Real Intered Workers,6' 5',220 lbs,L,R,100,Minnesota Twins,MIN,2006,2005-2014,ME,83804,Perfect,Live AL Collection - Hall of Fame  C Joe Mauer  MIN  2006,0,N,0,130,91,56,109,128,130,71,38,106,119,130,97,61,111,131,41,9,Groundball,Spray,Spray,1,1,1,7,1,1,1,7,1,1,1,7,16,-,-,-,-,-,-,-,-,-,-,-,1,GB,90-92,3/4,GB'er,1,12,95,89,110,6,10,7,7,4,4,1,-,107,-,-,-,-,-,-,-,13,107,-,-,-,-,-,-,-,53,23,79,56,114,113,402,358,98,74,19,0,5,50,39,33,0,4,0,7,0,76,8,45.7,2.20,45,-2.9,1.3,3.91,1,1,-0.4,-0.3,0,0,0,0,0,0,0,0.0,0,0,0,0,0,0,0,0,0,0,0,0,0,0,0,0,0,0,0,0,0,0.00,0,0,0,0,0,0.0,0.0,0.0,0.00,113,113,836,53,781,2,7,0,7.64,1.2,1.056,69,18,982.1,2,532,43,41,8,6,1,1,0,0,0,0,-4.9,0.0
C,Joe Mauer,Joe,Mauer,Memphis Redbirds,6' 5',220 lbs,L,R,100,Minnesota Twins,MIN,2006,2005-2014,ME,83804,Perfect,Live AL Collection - Hall of Fame  C Joe Mauer  MIN  2006,0,N,0,130,91,56,109,128,130,71,38,106,119,130,97,61,111,131,41,9,Groundball,Spray,Spray,1,1,1,7,1,1,1,7,1,1,1,7,16,-,-,-,-,-,-,-,-,-,-,-,1,GB,90-92,3/4,GB'er,1,12,95,89,110,6,10,7,7,4,4,1,-,107,-,-,-,-,-,-,-,13,107,-,-,-,-,-,-,-,53,23,79,56,97,90,352,314,68,56,9,0,3,45,30,26,0,7,0,4,1,49,4,27.0,-0.63,23,-18.8,-0.7,3.90,2,0,0.3,1.5,0,0,0,0,0,0,0,0.0,0,0,0,0,0,0,0,0,0,0,0,0,0,0,0,0,0,0,0,0,0,0.00,0,0,0,0,0,0.0,0.0,0.0,0.00,97,90,670,37,626,7,3,0,7.38,-1.8,.891,57,12,809.0,5,414,32,31,7,3,0,0,1,1,0,0,-5.1,0.0
C,Joe Mauer,Joe,Mauer,Atlantic City Surf - GH,6' 5',220 lbs,L,R,100,Minnesota Twins,MIN,2006,2005-2014,ME,83804,Perfect,Live AL Collection - Hall of Fame  C Joe Mauer  MIN  2006,0,N,0,130,91,56,109,128,130,71,38,106,119,130,97,61,111,131,41,9,Groundball,Spray,Spray,1,1,1,7,1,1,1,7,1,1,1,7,16,-,-,-,-,-,-,-,-,-,-,-,1,GB,90-92,3/4,GB'er,1,12,95,89,110,6,10,7,7,4,4,1,-,107,-,-,-,-,-,-,-,13,107,-,-,-,-,-,-,-,53,23,79,56,94,92,358,316,85,61,18,2,4,38,39,36,0,4,0,2,0,54,8,42.6,-1.30,43,0.9,1.4,3.86,0,0,0.0,-1.8,0,0,0,0,0,0,0,0.0,0,0,0,0,0,0,0,0,0,0,0,0,0,0,0,0,0,0,0,0,0,0.00,0,0,0,0,0,0.0,0.0,0.0,0.00,93,92,808,37,770,1,6,0,8.86,-0.2,1.111,56,11,819.2,4,350,37,35,6,5,0,0,0,0,0,0,-4.2,0.0
C,Joe Mauer,Joe,Mauer,Alhambra Moors - HotL TTC,6' 5',220 lbs,L,R,100,Minnesota Twins,MIN,2006,2005-2014,ME,83804,Perfect,Live AL Collection - Hall of Fame  C Joe Mauer  MIN  2006,0,N,0,130,91,56,109,128,130,71,38,106,119,130,97,61,111,131,41,9,Groundball,Spray,Spray,1,1,1,7,1,1,1,7,1,1,1,7,16,-,-,-,-,-,-,-,-,-,-,-,1,GB,90-92,3/4,GB'er,1,12,95,89,110,6,10,7,7,4,4,1,-,107,-,-,-,-,-,-,-,13,107,-,-,-,-,-,-,-,53,23,79,56,92,86,316,281,75,56,19,0,0,27,32,31,0,2,1,1,0,61,2,34.4,-0.59,34,-4.0,0.4,3.90,0,1,-0.7,0.9,0,0,0,0,0,0,0,0.0,0,0,0,0,0,0,0,0,0,0,0,0,0,0,0,0,0,0,0,0,0,0.00,0,0,0,0,0,0.0,0.0,0.0,0.00,91,86,703,40,660,3,9,0,8.35,-3.4,1.138,72,8,754.1,7,353,35,32,8,7,0,0,0,0,0,0,-3.9,0.0
C,Mike Piazza,Mike,Piazza,-,6' 3',195 lbs,R,R,101,Los Angeles Dodgers,LAD,1995,1993-2004,BBR,86463,Perfect,Baseball Reference 7  C Mike Piazza  LAD  1995,0,N,0,144,62,173,103,98,120,25,211,77,96,152,68,160,115,99,11,6,Flyball,Normal,Normal,1,1,1,7,1,1,1,7,1,1,1,7,16,-,-,-,-,-,-,-,-,-,-,-,1,GB,91-93,3/4,GB'er,1,4,61,78,59,5,5,1,10,2,1,10,-,64,-,-,-,-,-,-,-,7,64,-,-,-,-,-,-,-,39,4,16,51,62,53,240,227,73,53,7,0,13,40,30,11,0,2,0,0,0,38,4,41.8,0.99,40,11.7,1.4,3.87,0,0,0.0,0.3,0,0,0,0,0,0,0,0.0,0,0,0,0,0,0,0,0,0,0,0,0,0,0,0,0,0,0,0,0,0,0.00,0,0,0,0,0,0.0,0.0,0.0,0.00,0,0,0,0,0,0,0,0,0.00,0.0,.000,0,0,0.0,0,0,0,0,0,0,0,0,0,0,0,0,0.0,0.0
C,Jorge Posada,Jorge,Posada,Alhambra Moors - HotL TTC,6' 2',215 lbs,S,R,100,New York Yankees,NYA,2007,2005-2014,CS,85690,Perfect,Clubhouse - SwitchKnucklers - All-Time Legend  C Jorge Posada  NYY  Peak,0,N,0,138,131,97,122,112,160,104,99,120,98,131,140,97,123,117,26,20,Groundball,Pull,Pull,1,1,1,1,1,1,1,1,1,1,1,1,16,-,-,-,-,-,-,-,-,-,-,-,1,NEU,92-94,3/4,Normal,1,11,69,71,69,51,55,41,37,2,9,7,-,69,-,-,-,-,-,-,-,99,69,-,-,-,-,-,-,-,28,17,48,44,94,76,342,293,85,60,21,0,4,36,52,44,0,3,0,2,0,62,5,48.7,-0.12,50,8.9,1.5,3.92,0,0,0.0,-3.1,0,0,0,0,0,0,0,0.0,0,0,0,0,0,0,0,0,0,0,0,0,0,0,0,0,0,0,0,0,0,0.00,0,0,0,0,0,0.0,0.0,0.0,0.00,83,76,636,35,599,2,5,0,8.40,-1.5,.951,88,19,679.2,2,367,29,27,4,2,2,2,0,0,0,0,-5.2,0.0
C,Aaron Robinson,Aaron,Robinson,Memphis Redbirds,6' 2',205 lbs,L,R,98,New York Yankees,NYY,1946,1946-1960,,83831,Diamond,Snapshot  C Aaron Robinson  NYY  1946,0,Y,5,99,86,134,131,80,117,123,126,155,87,94,73,136,123,77,29,4,Normal,Normal,Normal,1,1,1,5,1,1,1,5,1,1,1,5,16,-,-,-,-,-,-,-,-,-,-,-,1,NEU,89-91,OTT,Normal,1,18,65,54,88,9,2,8,9,4,5,2,-,72,-,-,-,-,-,-,-,11,72,-,-,-,-,-,-,-,15,8,6,6,79,72,308,282,73,41,20,1,11,34,28,24,0,1,0,1,0,78,4,41.2,0.79,40,3.1,0.9,4.05,0,0,0.0,-3.6,0,0,0,0,0,0,0,0.0,0,0,0,0,0,0,0,0,0,0,0,0,0,0,0,0,0,0,0,0,0,0.00,0,0,0,0,0,0.0,0.0,0.0,0.00,75,72,593,34,554,5,4,0,8.18,-1.4,.972,60,12,647.1,3,340,46,44,5,3,0,0,0,0,0,0,-4.3,0.0
C,Ethan Salas,Ethan,Salas,The Black Freighter TBD,6' 0',185 lbs,L,R,101,San Diego Padres,SDP,2026,2026,,84781,Perfect,Young & Old 2 - Future Legend  C Ethan Salas  SD  2026,0,N,0,121,106,88,118,135,113,79,75,112,119,124,119,92,120,141,47,30,Normal,Normal,Normal,1,2,78,1,1,2,77,1,1,3,80,1,16,-,-,-,-,-,-,-,-,-,-,-,1,EX FB,75-80,3/4,Normal,4,-,101,109,110,19,30,36,9,9,27,26,-,120,-,-,-,-,-,-,-,56,120,36,-,-,-,-,-,-,67,64,86,71,108,88,367,331,82,58,17,0,7,36,41,29,0,5,0,2,0,71,6,38.2,-0.92,38,-5.8,1.2,3.87,0,2,-1.2,0.3,0,0,0,0,0,0,0,0.0,0,0,0,0,0,0,0,0,0,0,0,0,0,0,0,0,0,0,0,0,0,0.00,0,0,0,0,0,0.0,0.0,0.0,0.00,100,88,761,37,717,7,2,0,8.40,-1.0,.899,50,12,808.0,2,338,31,28,7,3,1,0,1,1,0,0,4.9,0.0
C,Ethan Salas,Ethan,Salas,Svendborg Sailors,6' 0',185 lbs,L,R,101,San Diego Padres,SDP,2026,2026,,84781,Perfect,Young & Old 2 - Future Legend  C Ethan Salas  SD  2026,0,N,0,121,106,88,118,135,113,79,75,112,119,124,119,92,120,141,47,30,Normal,Normal,Normal,1,2,78,1,1,2,77,1,1,3,80,1,16,-,-,-,-,-,-,-,-,-,-,-,1,EX FB,75-80,3/4,Normal,4,-,101,109,110,19,30,36,9,9,27,26,-,120,-,-,-,-,-,-,-,56,120,36,-,-,-,-,-,-,67,64,86,71,117,111,427,384,79,46,16,3,14,57,43,33,0,3,0,7,0,94,3,40.3,-1.06,36,-15.0,1.0,4.15,1,2,-0.9,-1.8,0,0,0,0,0,0,0,0.0,0,0,0,0,0,0,0,0,0,0,0,0,0,0,0,0,0,0,0,0,0,0.00,0,0,0,0,0,0.0,0.0,0.0,0.00,115,111,912,47,858,7,8,0,8.26,0.4,.983,65,17,986.0,4,435,56,53,8,7,0,0,0,0,0,0,6.3,0.0
C,Ethan Salas,Ethan,Salas,Orange Jackrabbits,6' 0',185 lbs,L,R,101,San Diego Padres,SDP,2026,2026,,84781,Perfect,Young & Old 2 - Future Legend  C Ethan Salas  SD  2026,0,N,0,121,106,88,118,135,113,79,75,112,119,124,119,92,120,141,47,30,Normal,Normal,Normal,1,2,78,1,1,2,77,1,1,3,80,1,16,-,-,-,-,-,-,-,-,-,-,-,1,EX FB,75-80,3/4,Normal,4,-,101,109,110,19,30,36,9,9,27,26,-,120,-,-,-,-,-,-,-,56,120,36,-,-,-,-,-,-,67,64,86,71,85,81,321,298,70,48,17,0,5,32,34,19,0,1,2,1,0,58,8,27.4,-0.63,26,-12.5,1.1,3.76,0,1,-0.6,-0.2,0,0,0,0,0,0,0,0.0,0,0,0,0,0,0,0,0,0,0,0,0,0,0,0,0,0,0,0,0,0,0.00,0,0,0,0,0,0.0,0.0,0.0,0.00,84,81,689,41,647,1,9,0,8.55,2.7,1.111,62,25,724.1,4,338,22,22,3,3,0,0,0,0,0,0,5.5,0.0
C,Ethan Salas,Ethan,Salas,Tavistock Baseballersons,6' 0',185 lbs,L,R,101,San Diego Padres,SDP,2026,2026,,84781,Perfect,Young & Old 2 - Future Legend  C Ethan Salas  SD  2026,0,N,0,121,106,88,118,135,113,79,75,112,119,124,119,92,120,141,47,30,Normal,Normal,Normal,1,2,78,1,1,2,77,1,1,3,80,1,16,-,-,-,-,-,-,-,-,-,-,-,1,EX FB,75-80,3/4,Normal,4,-,101,109,110,19,30,36,9,9,27,26,-,120,-,-,-,-,-,-,-,56,120,36,-,-,-,-,-,-,67,64,86,71,54,54,205,191,49,38,9,1,1,13,20,12,0,1,0,1,0,40,2,19.6,0.27,17,-6.7,0.3,3.86,0,0,0.0,-0.3,0,0,0,0,0,0,0,0.0,0,0,0,0,0,0,0,0,0,0,0,0,0,0,0,0,0,0,0,0,0,0.00,0,0,0,0,0,0.0,0.0,0.0,0.00,54,54,468,20,444,4,4,0,8.74,-2.5,.741,40,6,478.0,5,260,24,23,2,2,0,0,0,0,0,0,2.9,0.0
C,Ethan Salas,Ethan,Salas,Pulaski Pils,6' 0',185 lbs,L,R,101,San Diego Padres,SDP,2026,2026,,84781,Perfect,Young & Old 2 - Future Legend  C Ethan Salas  SD  2026,0,N,0,121,106,88,118,135,113,79,75,112,119,124,119,92,120,141,47,30,Normal,Normal,Normal,1,2,78,1,1,2,77,1,1,3,80,1,16,-,-,-,-,-,-,-,-,-,-,-,1,EX FB,75-80,3/4,Normal,4,-,101,109,110,19,30,36,9,9,27,26,-,120,-,-,-,-,-,-,-,56,120,36,-,-,-,-,-,-,67,64,86,71,125,121,483,436,121,87,22,1,11,59,55,37,0,4,1,5,0,81,4,63.4,1.88,59,1.8,3.6,3.89,4,0,0.8,1.6,0,0,0,0,0,0,0,0.0,0,0,0,0,0,0,0,0,0,0,0,0,0,0,0,0,0,0,0,0,0,0.00,0,0,0,0,0,0.0,0.0,0.0,0.00,121,121,966,52,910,4,7,0,8.07,-0.6,.957,55,10,1072.2,4,487,55,54,10,5,0,0,1,1,0,0,6.5,0.0
C,Ted Simmons,Ted,Simmons,Littleton CO Mountaineers,6' 0',200 lbs,S,R,99,St. Louis Cardinals,STL,1977,1961-1979,HOF,83992,Diamond,Hall of Fame  C Ted Simmons  STL  1977,0,N,0,87,78,97,95,133,81,56,119,124,126,89,84,92,88,135,4,2,Normal,Spray,Spray,1,1,1,4,1,1,1,4,1,1,1,4,16,-,-,-,-,-,-,-,-,-,-,-,1,NEU,89-91,3/4,Normal,1,15,69,57,61,47,45,42,56,45,53,41,-,59,71,-,30,-,45,-,-,94,59,71,-,30,-,45,-,-,36,31,17,33,59,49,201,185,37,22,9,0,6,20,18,15,0,1,0,0,0,29,4,16.6,-0.37,15,-8.7,-0.9,3.74,0,0,0.0,-0.2,0,0,0,0,0,0,0,0.0,0,0,0,0,0,0,0,0,0,0,0,0,0,0,0,0,0,0,0,0,0,0.00,0,0,0,0,0,0.0,0.0,0.0,0.00,54,44,397,18,377,2,4,0,8.45,-2.7,.844,54,9,420.2,2,203,22,22,3,2,3,1,2,0,5,0,-3.5,-0.2
C,Mike Zunino,Mike,Zunino,The Black Freighter TBD,6' 2',235 lbs,R,R,75,Tampa Bay Rays,TBD,2021,2015+,BBR,86431,Silver,Baseball Reference 7  C Mike Zunino  TB  2021,0,Y,5,71,71,161,120,34,140,132,198,140,39,25,33,149,114,32,19,1,Flyball,Pull,Pull,1,1,1,1,1,1,1,1,1,1,1,1,16,17,17,-,-,-,-,-,-,-,-,-,3,NEU,92-94,3/4,Normal,1,16,37,120,69,5,3,8,5,1,5,2,-,83,-,-,-,-,-,-,-,7,83,-,-,-,-,-,-,-,38,1,1,62,85,74,292,268,62,35,10,2,15,39,31,21,0,1,0,2,0,119,7,33.7,-0.93,33,-1.2,1.4,4.17,0,0,0.0,-0.3,0,0,0,0,0,0,0,0.0,0,0,0,0,0,0,0,0,0,0,0,0,0,0,0,0,0,0,0,0,0,0.00,0,0,0,0,0,0.0,0.0,0.0,0.00,80,74,658,33,620,5,1,0,8.80,-4.1,.787,64,13,668.0,8,325,43,39,5,3,0,0,1,1,0,0,7.4,0.0
1B,Hank Aaron,Hank,Aaron,Salt Lake Bees,6' 0',180 lbs,R,R,98,Atlanta Braves,ATL,1971,1961-1979,,85165,Diamond,Young & Old 1 - Veteran Presence  1B Hank Aaron  ATL  1971,0,N,0,88,90,135,100,108,59,69,140,92,118,97,97,133,104,105,4,7,Normal,Pull,Pull,1,1,1,1,1,1,1,1,1,1,1,1,16,-,-,-,-,-,-,-,-,-,-,-,1,NEU,89-91,OTT,Normal,1,19,-,-,-,40,23,34,31,44,90,44,-,-,53,-,-,-,-,-,43,76,-,53,-,-,-,-,-,43,34,9,11,48,1,1,4,4,1,1,0,0,0,0,0,0,0,0,0,0,0,0,1,0.0,-0.05,0,-0.3,-0.0,2.50,0,0,0.0,0.0,0,0,0,0,0,0,0,0.0,0,0,0,0,0,0,0,0,0,0,0,0,0,0,0,0,0,0,0,0,0,0.00,0,0,0,0,0,0.0,0.0,0.0,0.00,1,1,10,0,10,0,1,0,9.00,0.0,.000,0,0,10.0,0,0,0,0,0,0,0,0,0,0,0,0,0.0,0.0
1B,Hank Aaron,Hank,Aaron,Meaty Oakers,6' 0',180 lbs,R,R,102,Milwaukee Braves,ATL,1959,1946-1960,CS,86655,Perfect,Clubhouse - Super Utility  RF Hank Aaron  ML1  1959,0,N,0,136,123,181,97,134,111,89,210,111,168,145,137,172,94,123,4,16,Normal,Pull,Pull,1,1,1,7,1,1,1,7,1,1,1,7,16,-,-,-,-,-,-,-,-,-,-,-,1,GB,90-92,OTT,GB'er,1,19,-,-,-,56,52,70,39,63,92,98,-,-,75,47,51,-,85,57,87,105,-,75,47,51,-,85,57,87,69,48,109,117,150,149,651,593,148,95,34,2,17,68,84,49,0,3,0,6,0,99,14,72.2,0.10,71,-6.9,0.4,3.95,6,3,-0.3,3.5,0,0,0,0,0,0,0,0.0,0,0,0,0,0,0,0,0,0,0,0,0,0,0,0,0,0,0,0,0,0,0.00,0,0,0,0,0,0.0,0.0,0.0,0.00,170,149,1461,110,1340,11,117,0,9.80,-3.6,.973,0,0,1332.0,0,0,297,282,36,29,11,6,12,1,13,0,0.0,0.4
1B,Hank Aaron,Hank,Aaron,El Vampiro Ankle Biters,6' 0',180 lbs,R,R,102,Milwaukee Braves,ATL,1959,1946-1960,CS,86655,Perfect,Clubhouse - Super Utility  RF Hank Aaron  ML1  1959,0,N,0,136,123,181,97,134,111,89,210,111,168,145,137,172,94,123,4,16,Normal,Pull,Pull,1,1,1,7,1,1,1,7,1,1,1,7,16,-,-,-,-,-,-,-,-,-,-,-,1,GB,90-92,OTT,GB'er,1,19,-,-,-,56,52,70,39,63,92,98,-,-,75,47,51,-,85,57,87,105,-,75,47,51,-,85,57,87,69,48,109,117,121,81,395,358,98,71,12,0,15,60,58,29,2,4,0,4,0,60,10,50.3,0.98,50,2.7,1.1,3.84,6,3,-0.2,3.3,0,0,0,0,0,0,0,0.0,0,0,0,0,0,0,0,0,0,0,0,0,0,0,0,0,0,0,0,0,0,0.00,0,0,0,0,0,0.0,0.0,0.0,0.00,33,9,101,15,85,1,5,0,7.07,-0.5,.986,0,0,127.1,0,0,34,32,4,2,0,0,0,0,2,0,0.0,0.1
1B,Dan Brouthers,Dan,Brouthers,Chicago Dogs,6' 2',205 lbs,L,R,101,Boston Beaneaters,ATL,1889,2026,LE,86578,Perfect,Limited Edition/42  1B Dan Brouthers  BSN  1889,0,N,0,148,127,98,120,202,141,118,88,116,200,150,130,102,122,202,6,6,Line Drive,Spray,Spray,1,1,1,3,1,1,1,3,1,1,1,3,16,-,-,16,-,17,-,-,-,-,-,-,3,NEU,91-93,3/4,Normal,1,2,-,-,-,65,57,49,69,40,30,50,-,-,87,-,-,-,-,-,-,112,-,87,-,-,-,-,-,-,66,60,76,56,147,127,578,515,174,103,47,7,17,76,91,53,0,3,0,7,0,53,13,113.7,4.40,110,40.8,5.6,3.88,3,2,-0.5,2.0,0,0,0,0,0,0,0,0.0,0,0,0,0,0,0,0,0,0,0,0,0,0,0,0,0,0,0,0,0,0,0.00,0,0,0,0,0,0.0,0.0,0.0,0.00,103,103,965,77,884,4,78,0,9.47,-0.0,1.005,0,0,913.0,0,0,193,184,14,11,13,8,8,1,9,1,0.0,0.0
1B,Dan Brouthers,Dan,Brouthers,El Vampiro Ankle Biters,6' 2',205 lbs,L,R,101,Boston Beaneaters,ATL,1889,2026,LE,86578,Perfect,Limited Edition/42  1B Dan Brouthers  BSN  1889,0,N,0,148,127,98,120,202,141,118,88,116,200,150,130,102,122,202,6,6,Line Drive,Spray,Spray,1,1,1,3,1,1,1,3,1,1,1,3,16,-,-,16,-,17,-,-,-,-,-,-,3,NEU,91-93,3/4,Normal,1,2,-,-,-,65,57,49,69,40,30,50,-,-,87,-,-,-,-,-,-,112,-,87,-,-,-,-,-,-,66,60,76,56,151,151,667,606,206,133,42,12,19,110,95,49,0,4,0,8,0,72,17,124.8,5.27,122,42.1,5.2,3.88,0,2,-1.3,2.0,0,0,0,0,0,0,0,0.0,0,0,0,0,0,0,0,0,0,0,0,0,0,0,0,0,0,0,0,0,0,0.00,0,0,0,0,0,0.0,0.0,0.0,0.00,116,116,1028,86,930,12,71,0,9.06,-1.4,.972,0,0,1009.0,0,0,202,193,26,22,5,3,12,2,11,1,0.0,0.0
1B,Norm Cash,Norm,Cash,The Black Freighter TBD,6' 0',185 lbs,L,L,100,Detroit Tigers,DET,1961,1961-1979,CS,85492,Perfect,Clubhouse - 60s Week - Historical All-Star  1B Norm Cash  DET  1961,0,N,0,138,68,133,165,91,116,34,92,118,60,145,75,148,181,100,17,2,Flyball,Spray,Spray,1,1,1,4,1,1,1,4,1,1,1,4,16,-,-,-,-,-,-,-,-,-,-,-,1,NEU,89-91,OTT,Normal,1,2,-,-,-,88,65,69,75,1,5,5,-,-,85,-,-,-,-,-,-,132,-,85,-,-,-,-,-,-,55,31,53,41,135,92,473,408,109,81,13,1,14,55,53,57,0,5,0,3,0,120,7,63.7,0.30,64,8.0,1.0,4.05,0,0,0.0,-3.2,0,0,0,0,0,0,0,0.0,0,0,0,0,0,0,0,0,0,0,0,0,0,0,0,0,0,0,0,0,0,0.00,0,0,0,0,0,0.0,0.0,0.0,0.00,92,92,906,62,841,3,77,0,9.68,-0.1,1.007,0,0,839.1,0,0,155,150,26,20,2,1,5,0,5,0,0.0,0.0
1B,Norm Cash,Norm,Cash,Orange Jackrabbits,6' 0',185 lbs,L,L,100,Detroit Tigers,DET,1961,1961-1979,CS,85492,Perfect,Clubhouse - 60s Week - Historical All-Star  1B Norm Cash  DET  1961,0,N,0,138,68,133,165,91,116,34,92,118,60,145,75,148,181,100,17,2,Flyball,Spray,Spray,1,1,1,4,1,1,1,4,1,1,1,4,16,-,-,-,-,-,-,-,-,-,-,-,1,NEU,89-91,OTT,Normal,1,2,-,-,-,88,65,69,75,1,5,5,-,-,85,-,-,-,-,-,-,132,-,85,-,-,-,-,-,-,55,31,53,41,119,85,368,335,80,51,14,1,14,49,39,30,0,0,0,2,1,106,4,41.6,-0.50,40,-3.8,0.1,3.97,0,2,-1.2,-0.4,0,0,0,0,0,0,0,0.0,0,0,0,0,0,0,0,0,0,0,0,0,0,0,0,0,0,0,0,0,0,0.00,0,0,0,0,0,0.0,0.0,0.0,0.00,97,85,753,64,688,1,71,0,9.12,0.2,1.014,0,0,742.1,0,0,143,140,20,15,12,6,7,0,11,0,0.0,0.0
1B,Norm Cash,Norm,Cash,Marshall M.I.C.E.,6' 0',185 lbs,L,L,100,Detroit Tigers,DET,1961,1961-1979,CS,85492,Perfect,Clubhouse - 60s Week - Historical All-Star  1B Norm Cash  DET  1961,0,N,0,138,68,133,165,91,116,34,92,118,60,145,75,148,181,100,17,2,Flyball,Spray,Spray,1,1,1,4,1,1,1,4,1,1,1,4,16,-,-,-,-,-,-,-,-,-,-,-,1,NEU,89-91,OTT,Normal,1,2,-,-,-,88,65,69,75,1,5,5,-,-,85,-,-,-,-,-,-,132,-,85,-,-,-,-,-,-,55,31,53,41,144,108,518,447,140,104,20,2,14,69,73,66,0,4,0,1,0,96,10,86.8,2.71,88,26.1,2.4,3.92,0,0,0.0,-6.7,0,0,0,0,0,0,0,0.0,0,0,0,0,0,0,0,0,0,0,0,0,0,0,0,0,0,0,0,0,0,0.00,0,0,0,0,0,0.0,0.0,0.0,0.00,135,108,1112,92,1012,8,95,0,9.81,-1.7,.992,0,0,1012.1,0,0,212,206,21,14,12,5,8,0,9,0,0.0,0.0
1B,Roger Connor,Roger,Connor,Tavistock Baseballersons,6' 3',220 lbs,S,L,101,New York Giants,SFG,1885,2026,,86577,Perfect,Young & Old 2 - Snapshot  1B Roger Connor  NY1  1885,0,N,0,155,117,13,133,212,155,128,24,138,214,155,114,10,131,211,60,51,Line Drive,Pull,Pull,1,1,1,1,1,1,1,1,1,1,1,1,16,-,-,-,-,-,-,-,-,-,-,-,1,NEU,90-92,3/4,Normal,1,22,-,-,-,69,61,65,48,65,54,64,-,-,94,32,30,-,-,48,-,117,-,94,32,30,-,-,48,-,76,74,91,86,15,14,58,53,17,13,2,1,1,6,6,3,0,2,0,0,0,5,1,9.2,-0.34,9,2.1,0.4,3.66,0,0,0.0,0.3,0,0,0,0,0,0,0,0.0,0,0,0,0,0,0,0,0,0,0,0,0,0,0,0,0,0,0,0,0,0,0.00,0,0,0,0,0,0.0,0.0,0.0,0.00,16,14,122,11,111,0,9,0,8.26,0.1,1.035,0,0,133.0,0,0,28,28,1,0,3,1,0,0,1,0,0.0,0.0
1B,Roger Connor,Roger,Connor,Washington Bishops,6' 3',220 lbs,S,L,101,New York Giants,SFG,1885,2026,,86577,Perfect,Young & Old 2 - Snapshot  1B Roger Connor  NY1  1885,0,N,0,155,117,13,133,212,155,128,24,138,214,155,114,10,131,211,60,51,Line Drive,Pull,Pull,1,1,1,1,1,1,1,1,1,1,1,1,16,-,-,-,-,-,-,-,-,-,-,-,1,NEU,90-92,3/4,Normal,1,22,-,-,-,69,61,65,48,65,54,64,-,-,94,32,30,-,-,48,-,117,-,94,32,30,-,-,48,-,76,74,91,86,114,103,434,387,107,74,22,10,1,50,48,37,0,2,2,6,0,44,12,50.5,0.31,51,-0.8,0.7,3.86,2,3,-1.2,1.1,0,0,0,0,0,0,0,0.0,0,0,0,0,0,0,0,0,0,0,0,0,0,0,0,0,0,0,0,0,0,0.00,0,0,0,0,0,0.0,0.0,0.0,0.00,115,98,891,81,806,4,71,0,9.01,0.9,1.010,0,0,886.0,0,0,192,185,26,21,8,4,10,1,11,1,0.0,-0.2
1B,Roger Connor,Roger,Connor,Kansas City Torrent,6' 3',220 lbs,S,L,101,New York Giants,SFG,1885,2026,,86577,Perfect,Young & Old 2 - Snapshot  1B Roger Connor  NY1  1885,135 678,N,0,155,117,13,133,212,155,128,24,138,214,155,114,10,131,211,60,51,Line Drive,Pull,Pull,1,1,1,1,1,1,1,1,1,1,1,1,16,-,-,-,-,-,-,-,-,-,-,-,1,NEU,90-92,3/4,Normal,1,22,-,-,-,69,61,65,48,65,54,64,-,-,94,32,30,-,-,48,-,117,-,94,32,30,-,-,48,-,76,74,91,86,81,79,364,312,92,74,13,5,0,23,42,33,0,3,13,3,0,38,11,41.1,-1.76,42,-1.4,0.4,3.82,4,6,-2.3,0.0,0,0,0,0,0,0,0,0.0,0,0,0,0,0,0,0,0,0,0,0,0,0,0,0,0,0,0,0,0,0,0.00,0,0,0,0,0,0.0,0.0,0.0,0.00,64,63,591,45,543,3,47,0,9.46,1.5,1.026,0,0,559.2,0,0,101,97,15,14,1,1,3,1,1,0,0.0,0.0
1B,Roger Connor,Roger,Connor,Svendborg Sailors,6' 3',220 lbs,S,L,101,New York Giants,SFG,1885,2026,,86577,Perfect,Young & Old 2 - Snapshot  1B Roger Connor  NY1  1885,0,Y,5,167,126,16,143,227,167,138,28,149,229,167,123,13,141,226,60,51,Line Drive,Pull,Pull,1,1,1,1,1,1,1,1,1,1,1,1,16,-,-,-,-,-,-,-,-,-,-,-,1,NEU,90-92,3/4,Normal,1,22,-,-,-,69,61,65,48,65,54,64,-,-,101,35,33,-,-,52,-,126,-,101,35,33,-,-,52,-,76,74,91,86,77,32,141,125,37,29,6,2,0,18,14,13,0,2,0,1,0,15,1,18.8,-0.35,18,1.4,0.4,3.82,1,0,0.2,0.1,0,0,0,0,0,0,0,0.0,0,0,0,0,0,0,0,0,0,0,0,0,0,0,0,0,0,0,0,0,0,0.00,0,0,0,0,0,0.0,0.0,0.0,0.00,80,32,369,37,329,3,23,0,9.67,0.5,1.021,0,0,340.2,0,0,69,66,12,8,2,2,2,2,5,0,0.0,-0.0
1B,Roger Connor,Roger,Connor,-,6' 3',220 lbs,S,L,101,New York Giants,SFG,1885,2026,,86577,Perfect,Young & Old 2 - Snapshot  1B Roger Connor  NY1  1885,0,N,0,155,117,13,133,212,155,128,24,138,214,155,114,10,131,211,60,51,Line Drive,Pull,Pull,1,1,1,1,1,1,1,1,1,1,1,1,16,-,-,-,-,-,-,-,-,-,-,-,1,NEU,90-92,3/4,Normal,1,22,-,-,-,69,61,65,48,65,54,64,-,-,94,32,30,-,-,48,-,117,-,94,32,30,-,-,48,-,76,74,91,86,61,37,185,158,43,33,9,1,0,18,23,24,0,1,0,2,0,22,3,22.0,0.20,22,0.2,0.4,4.02,2,0,0.4,0.1,0,0,0,0,0,0,0,0.0,0,0,0,0,0,0,0,0,0,0,0,0,0,0,0,0,0,0,0,0,0,0.00,0,0,0,0,0,0.0,0.0,0.0,0.00,59,37,369,33,334,2,31,0,9.24,-0.2,.988,0,0,357.1,0,0,71,67,10,8,2,1,5,1,3,1,0.0,0.0
1B,Lou Gehrig,Lou,Gehrig,El Vampiro Ankle Biters,6' 0',200 lbs,L,L,101,New York Yankees,NYY,1936,1921-1945,,85910,Perfect,4th of July Speech  1B Lou Gehrig  NYY  1936,0,N,0,133,95,149,165,116,138,84,155,148,104,131,99,147,170,121,16,1,Groundball,Normal,Normal,1,1,1,7,1,1,1,7,1,1,1,7,16,-,-,-,-,-,-,-,-,-,-,-,1,GB,89-91,3/4,GB'er,1,2,-,-,-,36,49,34,18,6,5,9,-,-,61,-,-,-,-,-,-,86,-,61,-,-,-,-,-,-,47,16,54,53,79,55,277,250,70,45,15,3,7,44,29,23,1,1,0,3,0,54,6,37.5,0.15,37,3.9,0.6,3.78,0,1,-0.6,-0.8,0,0,0,0,0,0,0,0.0,0,0,0,0,0,0,0,0,0,0,0,0,0,0,0,0,0,0,0,0,0,0.00,0,0,0,0,0,0.0,0.0,0.0,0.00,1,0,1,1,0,0,0,0,9.00,0.1,1.037,0,0,1.0,0,0,0,0,0,0,1,1,0,0,0,0,0.0,0.0
1B,Lou Gehrig,Lou,Gehrig,Joe Buck Yourself,6' 0',200 lbs,L,L,101,New York Yankees,NYY,1936,1921-1945,,85910,Perfect,4th of July Speech  1B Lou Gehrig  NYY  1936,0,N,0,133,95,149,165,116,138,84,155,148,104,131,99,147,170,121,16,1,Groundball,Normal,Normal,1,1,1,7,1,1,1,7,1,1,1,7,16,-,-,-,-,-,-,-,-,-,-,-,1,GB,89-91,3/4,GB'er,1,2,-,-,-,36,49,34,18,6,5,9,-,-,61,-,-,-,-,-,-,86,-,61,-,-,-,-,-,-,47,16,54,53,145,131,555,502,134,92,27,1,14,75,61,41,0,5,0,7,0,119,16,64.8,1.74,66,-0.5,0.6,4.06,0,1,-0.7,0.1,0,0,0,0,0,0,0,0.0,0,0,0,0,0,0,0,0,0,0,0,0,0,0,0,0,0,0,0,0,0,0.00,0,0,0,0,0,0.0,0.0,0.0,0.00,127,118,1064,92,966,6,87,0,9.69,-2.0,.976,0,0,983.0,0,0,210,200,28,23,11,5,2,1,8,0,0.0,0.0
1B,Lou Gehrig,Lou,Gehrig,Fortuna Lifters,6' 0',200 lbs,L,L,101,New York Yankees,NYY,1936,1921-1945,,85910,Perfect,4th of July Speech  1B Lou Gehrig  NYY  1936,0,N,0,133,95,149,165,116,138,84,155,148,104,131,99,147,170,121,16,1,Groundball,Normal,Normal,1,1,1,7,1,1,1,7,1,1,1,7,16,-,-,-,-,-,-,-,-,-,-,-,1,GB,89-91,3/4,GB'er,1,2,-,-,-,36,49,34,18,6,5,9,-,-,61,-,-,-,-,-,-,86,-,61,-,-,-,-,-,-,47,16,54,53,159,159,711,626,167,106,37,2,22,74,87,72,1,8,0,5,0,147,15,96.5,-1.37,98,12.5,1.8,4.01,0,1,-0.8,-0.1,0,0,0,0,0,0,0,0.0,0,0,0,0,0,0,0,0,0,0,0,0,0,0,0,0,0,0,0,0,0,0.00,0,0,0,0,0,0.0,0.0,0.0,0.00,0,0,0,0,0,0,0,0,0.00,0.0,.000,0,0,0.0,0,0,0,0,0,0,0,0,0,0,0,0,0.0,0.0
1B,Lou Gehrig,Lou,Gehrig,Great Lakes Man-of-War-HOTL,6' 0',200 lbs,L,L,101,New York Yankees,NYY,1936,1921-1945,,85910,Perfect,4th of July Speech  1B Lou Gehrig  NYY  1936,0,N,0,133,95,149,165,116,138,84,155,148,104,131,99,147,170,121,16,1,Groundball,Normal,Normal,1,1,1,7,1,1,1,7,1,1,1,7,16,-,-,-,-,-,-,-,-,-,-,-,1,GB,89-91,3/4,GB'er,1,2,-,-,-,36,49,34,18,6,5,9,-,-,61,-,-,-,-,-,-,86,-,61,-,-,-,-,-,-,47,16,54,53,150,147,674,610,166,110,30,1,25,93,84,54,0,2,0,8,0,154,18,87.9,1.26,89,8.2,1.6,3.91,0,1,-0.8,-0.1,0,0,0,0,0,0,0,0.0,0,0,0,0,0,0,0,0,0,0,0,0,0,0,0,0,0,0,0,0,0,0.00,0,0,0,0,0,0.0,0.0,0.0,0.00,147,145,1355,120,1229,6,91,0,9.41,-2.4,.966,0,0,1290.1,0,0,274,256,29,24,16,12,10,6,9,0,0.0,0.0
1B,Lou Gehrig,Lou,Gehrig,Long Island Sounders,6' 0',200 lbs,L,L,101,New York Yankees,NYY,1936,1921-1945,,85910,Perfect,4th of July Speech  1B Lou Gehrig  NYY  1936,0,N,0,133,95,149,165,116,138,84,155,148,104,131,99,147,170,121,16,1,Groundball,Normal,Normal,1,1,1,7,1,1,1,7,1,1,1,7,16,-,-,-,-,-,-,-,-,-,-,-,1,GB,89-91,3/4,GB'er,1,2,-,-,-,36,49,34,18,6,5,9,-,-,61,-,-,-,-,-,-,86,-,61,-,-,-,-,-,-,47,16,54,53,158,158,698,609,158,99,30,2,27,101,88,79,2,5,0,5,0,125,11,97.6,4.23,97,13.6,2.2,3.90,1,2,-1.1,1.5,0,0,0,0,0,0,0,0.0,0,0,0,0,0,0,0,0,0,0,0,0,0,0,0,0,0,0,0,0,0,0.00,0,0,0,0,0,0.0,0.0,0.0,0.00,0,0,0,0,0,0,0,0,0.00,0.0,.000,0,0,0.0,0,0,0,0,0,0,0,0,0,0,0,0,0.0,0.0
1B,Lou Gehrig,Lou,Gehrig,Chicago Dogs,6' 0',200 lbs,L,L,101,New York Yankees,NYY,1936,1921-1945,,85910,Perfect,4th of July Speech  1B Lou Gehrig  NYY  1936,0,N,0,133,95,149,165,116,138,84,155,148,104,131,99,147,170,121,16,1,Groundball,Normal,Normal,1,1,1,7,1,1,1,7,1,1,1,7,16,-,-,-,-,-,-,-,-,-,-,-,1,GB,89-91,3/4,GB'er,1,2,-,-,-,36,49,34,18,6,5,9,-,-,61,-,-,-,-,-,-,86,-,61,-,-,-,-,-,-,47,16,54,53,158,157,666,581,143,101,21,4,17,81,79,66,0,12,0,7,0,143,7,79.0,0.36,78,-2.0,0.3,4.00,0,1,-0.8,-4.5,0,0,0,0,0,0,0,0.0,0,0,0,0,0,0,0,0,0,0,0,0,0,0,0,0,0,0,0,0,0,0.00,0,0,0,0,0,0.0,0.0,0.0,0.00,59,59,522,28,491,3,51,0,9.01,-1.9,.951,0,0,518.1,0,0,87,83,9,5,2,0,5,2,4,0,0.0,0.0
1B,Lou Gehrig,Lou,Gehrig,The Black Freighter TBD,6' 0',200 lbs,L,L,101,New York Yankees,NYY,1936,1921-1945,,85910,Perfect,4th of July Speech  1B Lou Gehrig  NYY  1936,0,N,0,133,95,149,165,116,138,84,155,148,104,131,99,147,170,121,16,1,Groundball,Normal,Normal,1,1,1,7,1,1,1,7,1,1,1,7,16,-,-,-,-,-,-,-,-,-,-,-,1,GB,89-91,3/4,GB'er,1,2,-,-,-,36,49,34,18,6,5,9,-,-,61,-,-,-,-,-,-,86,-,61,-,-,-,-,-,-,47,16,54,53,152,152,708,632,166,114,27,2,23,70,97,69,4,3,0,4,0,127,18,88.8,0.42,89,4.0,0.4,3.95,0,0,0.0,-2.5,0,0,0,0,0,0,0,0.0,0,0,0,0,0,0,0,0,0,0,0,0,0,0,0,0,0,0,0,0,0,0.00,0,0,0,0,0,0.0,0.0,0.0,0.00,70,70,646,52,590,4,45,0,9.08,-1.6,.984,0,0,636.2,0,0,139,130,13,12,11,5,3,0,1,0,0.0,0.0
1B,Lou Gehrig,Lou,Gehrig,Svendborg Sailors,6' 0',200 lbs,L,L,101,New York Yankees,NYY,1936,1921-1945,,85910,Perfect,4th of July Speech  1B Lou Gehrig  NYY  1936,0,N,0,133,95,149,165,116,138,84,155,148,104,131,99,147,170,121,16,1,Groundball,Normal,Normal,1,1,1,7,1,1,1,7,1,1,1,7,16,-,-,-,-,-,-,-,-,-,-,-,1,GB,89-91,3/4,GB'er,1,2,-,-,-,36,49,34,18,6,5,9,-,-,61,-,-,-,-,-,-,86,-,61,-,-,-,-,-,-,47,16,54,53,138,132,603,528,138,97,27,0,14,56,78,64,0,9,0,2,0,129,5,77.2,0.94,77,4.9,0.7,4.05,0,1,-0.8,-2.0,0,0,0,0,0,0,0,0.0,0,0,0,0,0,0,0,0,0,0,0,0,0,0,0,0,0,0,0,0,0,0.00,0,0,0,0,0,0.0,0.0,0.0,0.00,136,132,1191,79,1101,11,83,0,9.36,-5.2,.959,0,0,1135.0,0,0,206,191,32,25,10,4,7,1,6,0,0.0,0.0
1B,Lou Gehrig,Lou,Gehrig,Littleton CO Mountaineers,6' 0',200 lbs,L,L,101,New York Yankees,NYY,1936,1921-1945,,85910,Perfect,4th of July Speech  1B Lou Gehrig  NYY  1936,0,N,0,133,95,149,165,116,138,84,155,148,104,131,99,147,170,121,16,1,Groundball,Normal,Normal,1,1,1,7,1,1,1,7,1,1,1,7,16,-,-,-,-,-,-,-,-,-,-,-,1,GB,89-91,3/4,GB'er,1,2,-,-,-,36,49,34,18,6,5,9,-,-,61,-,-,-,-,-,-,86,-,61,-,-,-,-,-,-,47,16,54,53,131,122,558,482,131,86,29,2,14,86,78,60,0,10,0,6,0,110,11,76.2,-0.37,78,11.7,0.5,4.17,0,3,-1.8,0.3,0,0,0,0,0,0,0,0.0,0,0,0,0,0,0,0,0,0,0,0,0,0,0,0,0,0,0,0,0,0,0.00,0,0,0,0,0,0.0,0.0,0.0,0.00,74,74,685,50,625,10,52,0,9.26,-7.4,.920,0,0,656.0,0,0,140,124,14,8,12,6,2,0,5,0,0.0,0.0
1B,Lou Gehrig,Lou,Gehrig,Pulaski Pils,6' 0',200 lbs,L,L,101,New York Yankees,NYY,1936,1921-1945,,85910,Perfect,4th of July Speech  1B Lou Gehrig  NYY  1936,0,N,0,133,95,149,165,116,138,84,155,148,104,131,99,147,170,121,16,1,Groundball,Normal,Normal,1,1,1,7,1,1,1,7,1,1,1,7,16,-,-,-,-,-,-,-,-,-,-,-,1,GB,89-91,3/4,GB'er,1,2,-,-,-,36,49,34,18,6,5,9,-,-,61,-,-,-,-,-,-,86,-,61,-,-,-,-,-,-,47,16,54,53,139,106,492,434,112,71,24,1,16,53,60,54,1,1,0,3,0,108,18,60.8,-1.48,64,5.6,1.2,3.95,1,1,-0.5,-0.9,0,0,0,0,0,0,0,0.0,0,0,0,0,0,0,0,0,0,0,0,0,0,0,0,0,0,0,0,0,0,0.00,0,0,0,0,0,0.0,0.0,0.0,0.00,11,0,26,2,24,0,1,0,11.90,0.1,1.037,0,0,19.2,0,0,4,4,0,0,0,0,0,0,0,0,0.0,0.0
1B,Lou Gehrig,Lou,Gehrig,Kumamoto Ozeki TBD,6' 0',200 lbs,L,L,101,New York Yankees,NYY,1936,1921-1945,,85910,Perfect,4th of July Speech  1B Lou Gehrig  NYY  1936,0,N,0,133,95,149,165,116,138,84,155,148,104,131,99,147,170,121,16,1,Groundball,Normal,Normal,1,1,1,7,1,1,1,7,1,1,1,7,16,-,-,-,-,-,-,-,-,-,-,-,1,GB,89-91,3/4,GB'er,1,2,-,-,-,36,49,34,18,6,5,9,-,-,61,-,-,-,-,-,-,86,-,61,-,-,-,-,-,-,47,16,54,53,149,149,637,575,141,91,28,4,18,74,71,51,0,6,0,5,0,124,24,67.1,0.11,71,-5.1,0.1,3.95,0,2,-1.3,-1.8,0,0,0,0,0,0,0,0.0,0,0,0,0,0,0,0,0,0,0,0,0,0,0,0,0,0,0,0,0,0,0.00,0,0,0,0,0,0.0,0.0,0.0,0.00,149,149,1443,125,1310,8,108,0,9.78,-0.4,.992,0,0,1320.2,0,0,270,259,34,29,15,8,4,1,7,0,0.0,0.0
1B,Josh Gibson,Josh,Gibson,Dungeon Meshi Marcille,6' 1',215 lbs,R,R,101,Homestead Grays,HG,1939,1921-1945,,86252,Perfect,All-Star Week - Historical All-Star  C Josh Gibson  HG  1939,0,N,0,116,79,160,141,97,125,84,166,152,104,114,77,158,138,96,49,11,Flyball,Spray,Spray,1,1,1,2,1,1,1,2,1,1,1,2,16,-,-,-,-,-,-,-,-,-,-,-,1,NEU,91-93,3/4,Normal,1,16,93,94,107,53,53,57,41,58,59,53,-,108,77,-,43,-,-,-,-,102,108,77,-,43,-,-,-,-,58,54,63,49,151,151,638,568,146,93,25,1,27,79,79,58,0,8,0,4,0,144,16,84.1,0.50,86,9.4,1.6,4.01,1,0,-0.0,-0.7,0,0,0,0,0,0,0,0.0,0,0,0,0,0,0,0,0,0,0,0,0,0,0,0,0,0,0,0,0,0,0.00,0,0,0,0,0,0.0,0.0,0.0,0.00,154,151,1312,89,1215,8,113,0,9.42,-1.2,.984,0,0,1245.2,0,0,216,202,25,23,13,7,9,3,6,1,0.0,0.0
1B,Paul Goldschmidt,Paul,Goldschmidt,Memphis Redbirds,6' 3',225 lbs,R,R,99,Arizona Diamondbacks,ARI,2015,2015+,,86255,Diamond,All-Star Week - Historical All-Star  1B Paul Goldschmidt  ARI  2015,0,N,0,139,85,124,155,83,165,58,135,146,74,130,93,120,158,86,5,12,Groundball,Normal,Normal,1,1,1,1,1,1,1,1,1,1,1,1,16,-,-,-,-,-,-,-,-,-,-,-,1,NEU,92-94,3/4,Normal,1,3,-,-,-,84,74,66,62,9,2,10,-,-,101,-,-,-,-,-,-,134,-,101,-,-,-,-,-,-,65,69,98,78,150,147,615,546,141,96,24,0,21,64,74,62,0,5,0,2,0,168,12,80.0,2.14,79,5.9,2.0,4.13,11,1,1.9,0.2,0,0,0,0,0,0,0,0.0,0,0,0,0,0,0,0,0,0,0,0,0,0,0,0,0,0,0,0,0,0,0.00,0,0,0,0,0,0.0,0.0,0.0,0.00,149,147,1481,133,1339,9,118,0,10.02,2.9,1.013,0,0,1322.2,0,0,321,311,40,33,11,8,8,1,12,2,0.0,0.0
1B,Fred McGriff,Fred,McGriff,Manchester Camels,6' 3',215 lbs,L,L,100,San Diego Padres,SDP,1992,1980-1992,ME,83805,Perfect,Live Collection Reward - Hall of Fame  1B Fred McGriff  SD  1992,0,N,0,90,80,133,129,83,99,75,130,122,80,88,82,134,131,85,10,9,Normal,Normal,Normal,1,1,1,5,1,1,1,5,1,1,1,5,16,-,-,-,-,-,-,-,-,-,-,-,1,NEU,90-92,3/4,Normal,1,13,-,-,-,56,31,44,38,10,9,3,-,-,77,-,-,-,-,-,-,91,-,77,-,-,-,-,-,-,28,44,50,30,155,151,617,552,146,101,26,0,19,84,75,54,0,5,0,6,0,154,7,79.4,1.69,77,3.1,0.6,4.04,0,0,0.0,-4.7,0,0,0,0,0,0,0,0.0,0,0,0,0,0,0,0,0,0,0,0,0,0,0,0,0,0,0,0,0,0,0.00,0,0,0,0,0,0.0,0.0,0.0,0.00,154,151,1399,101,1287,11,109,0,9.49,-1.6,.986,0,0,1316.1,0,0,269,257,34,29,10,4,11,2,10,0,0.0,0.0
1B,Eddie Murray,Eddie,Murray,Krakow Hussars,6' 2',200 lbs,S,R,100,Baltimore Orioles,BAL,1984,1980-1992,HOF,85757,Perfect,SwitchKnucklers - Hall of Fame  1B Eddie Murray  BAL  Peak,0,N,0,132,74,118,153,108,119,71,101,161,122,136,76,124,150,104,3,4,Groundball,Normal,Normal,1,1,1,1,1,1,1,1,1,1,1,1,16,-,-,-,-,-,-,-,-,-,-,-,1,NEU,90-92,SIDE,Normal,1,8,-,-,-,91,69,71,96,1,1,7,-,-,98,-,-,-,-,-,-,138,-,98,-,-,-,-,-,-,50,45,73,64,154,151,677,599,138,101,20,0,17,76,69,62,0,5,0,11,0,151,8,67.5,-1.32,63,-17.7,-1.8,3.95,2,1,-0.3,-3.8,0,0,0,0,0,0,0,0.0,0,0,0,0,0,0,0,0,0,0,0,0,0,0,0,0,0,0,0,0,0,0.00,0,0,0,0,0,0.0,0.0,0.0,0.00,2,0,0,0,0,0,0,0,0.00,0.0,.000,0,0,2.0,0,0,0,0,0,0,0,0,0,0,0,0,0.0,0.0
1B,Eddie Murray,Eddie,Murray,Fortuna Lifters,6' 2',200 lbs,S,R,100,Baltimore Orioles,BAL,1984,1980-1992,HOF,85757,Perfect,SwitchKnucklers - Hall of Fame  1B Eddie Murray  BAL  Peak,0,N,0,132,74,118,153,108,119,71,101,161,122,136,76,124,150,104,3,4,Groundball,Normal,Normal,1,1,1,1,1,1,1,1,1,1,1,1,16,-,-,-,-,-,-,-,-,-,-,-,1,NEU,90-92,SIDE,Normal,1,8,-,-,-,91,69,71,96,1,1,7,-,-,98,-,-,-,-,-,-,138,-,98,-,-,-,-,-,-,50,45,73,64,154,149,702,632,168,118,30,0,20,75,91,57,0,9,0,4,0,159,13,87.4,1.38,87,3.0,1.6,4.02,1,0,-0.0,-0.1,0,0,0,0,0,0,0,0.0,0,0,0,0,0,0,0,0,0,0,0,0,0,0,0,0,0,0,0,0,0,0.00,0,0,0,0,0,0.0,0.0,0.0,0.00,151,149,1439,105,1326,8,113,0,9.68,1.4,1.016,0,0,1331.0,0,0,280,269,27,25,10,3,10,3,13,0,0.0,0.0
1B,Eddie Murray,Eddie,Murray,Littleton CO Mountaineers,6' 2',200 lbs,S,R,100,Baltimore Orioles,BAL,1984,1980-1992,HOF,85757,Perfect,SwitchKnucklers - Hall of Fame  1B Eddie Murray  BAL  Peak,0,N,0,132,74,118,153,108,119,71,101,161,122,136,76,124,150,104,3,4,Groundball,Normal,Normal,1,1,1,1,1,1,1,1,1,1,1,1,16,-,-,-,-,-,-,-,-,-,-,-,1,NEU,90-92,SIDE,Normal,1,8,-,-,-,91,69,71,96,1,1,7,-,-,98,-,-,-,-,-,-,138,-,98,-,-,-,-,-,-,50,45,73,64,125,104,498,438,127,89,19,0,19,73,67,53,1,5,0,2,0,82,14,74.2,2.01,77,17.6,1.8,3.97,2,3,-1.3,-2.9,0,0,0,0,0,0,0,0.0,0,0,0,0,0,0,0,0,0,0,0,0,0,0,0,0,0,0,0,0,0,0.00,0,0,0,0,0,0.0,0.0,0.0,0.00,93,88,837,82,752,3,66,0,9.41,2.0,1.016,0,0,797.2,0,0,162,159,23,19,11,6,3,2,6,0,0.0,0.0
1B,Eddie Murray,Eddie,Murray,Paramus Fisher Cats,6' 2',200 lbs,S,R,100,Baltimore Orioles,BAL,1984,1980-1992,HOF,85757,Perfect,SwitchKnucklers - Hall of Fame  1B Eddie Murray  BAL  Peak,0,N,0,132,74,118,153,108,119,71,101,161,122,136,76,124,150,104,3,4,Groundball,Normal,Normal,1,1,1,1,1,1,1,1,1,1,1,1,16,-,-,-,-,-,-,-,-,-,-,-,1,NEU,90-92,SIDE,Normal,1,8,-,-,-,91,69,71,96,1,1,7,-,-,98,-,-,-,-,-,-,138,-,98,-,-,-,-,-,-,50,45,73,64,155,152,637,556,149,105,31,0,13,68,66,64,0,6,0,11,0,108,12,78.3,0.02,78,2.4,1.1,3.91,3,3,-1.1,-0.6,0,0,0,0,0,0,0,0.0,0,0,0,0,0,0,0,0,0,0,0,0,0,0,0,0,0,0,0,0,0,0.00,0,0,0,0,0,0.0,0.0,0.0,0.00,154,152,1434,112,1314,8,135,1,9.48,0.9,1.015,0,0,1354.1,0,0,285,273,36,28,11,4,14,5,14,2,0.0,0.0
1B,Albert Pujols,Albert,Pujols,Salt Lake Bees,6' 3',220 lbs,R,R,100,St. Louis Cardinals,STL,2001,1993-2004,ME,84788,Perfect,Baseball Reference 1  3B Albert Pujols  STL  2001,0,N,0,120,109,128,99,106,95,88,130,118,101,130,118,128,95,108,12,1,Normal,Ex. Pull,Pull,1,1,1,1,1,1,1,1,1,1,1,1,17,-,-,-,-,-,-,19,-,-,-,-,2,EX FB,94-96,3/4,Normal,1,5,-,-,-,66,52,72,39,62,48,66,-,-,91,-,57,-,68,-,64,111,-,91,-,57,-,68,-,64,53,20,11,59,22,22,87,80,14,8,5,1,0,8,6,7,0,0,0,0,0,20,2,5.0,-0.47,3,-6.7,-0.6,3.87,0,0,0.0,0.2,0,0,0,0,0,0,0,0.0,0,0,0,0,0,0,0,0,0,0,0,0,0,0,0,0,0,0,0,0,0,0.00,0,0,0,0,0,0.0,0.0,0.0,0.00,24,22,61,46,12,3,2,0,2.75,-2.8,.915,0,0,190.0,0,0,50,44,12,8,4,3,6,0,6,0,0.0,0.0
1B,Albert Pujols,Albert,Pujols,Long Island Sounders,6' 3',220 lbs,R,R,100,St. Louis Cardinals,STL,2001,1993-2004,ME,84788,Perfect,Baseball Reference 1  3B Albert Pujols  STL  2001,0,N,0,120,109,128,99,106,95,88,130,118,101,130,118,128,95,108,12,1,Normal,Ex. Pull,Pull,1,1,1,1,1,1,1,1,1,1,1,1,17,-,-,-,-,-,-,19,-,-,-,-,2,EX FB,94-96,3/4,Normal,1,5,-,-,-,66,52,72,39,62,48,66,-,-,91,-,57,-,68,-,64,111,-,91,-,57,-,68,-,64,53,20,11,59,48,36,158,147,35,24,8,1,2,18,12,9,0,1,0,1,0,35,2,14.7,-0.22,13,-5.6,-0.3,3.76,0,0,0.0,-0.0,0,0,0,0,0,0,0,0.0,0,0,0,0,0,0,0,0,0,0,0,0,0,0,0,0,0,0,0,0,0,0.00,0,0,0,0,0,0.0,0.0,0.0,0.00,38,32,301,21,277,3,26,0,9.05,-0.1,.986,0,0,296.1,0,0,60,58,5,3,3,2,1,1,1,0,0.0,0.0
1B,Albert Pujols,Albert,Pujols,Milwaukee Braves,6' 3',220 lbs,R,R,100,St. Louis Cardinals,STL,2001,1993-2004,ME,84788,Perfect,Baseball Reference 1  3B Albert Pujols  STL  2001,0,N,0,120,109,128,99,106,95,88,130,118,101,130,118,128,95,108,12,1,Normal,Ex. Pull,Pull,1,1,1,1,1,1,1,1,1,1,1,1,17,-,-,-,-,-,-,19,-,-,-,-,2,EX FB,94-96,3/4,Normal,1,5,-,-,-,66,52,72,39,62,48,66,-,-,91,-,57,-,68,-,64,111,-,91,-,57,-,68,-,64,53,20,11,59,147,147,644,586,139,90,25,0,24,72,87,45,0,7,3,3,0,145,13,69.4,-1.12,68,-8.9,0.0,3.98,0,1,-0.7,-1.5,0,0,0,0,0,0,0,0.0,0,0,0,0,0,0,0,0,0,0,0,0,0,0,0,0,0,0,0,0,0,0.00,0,0,0,0,0,0.0,0.0,0.0,0.00,147,147,1425,127,1288,10,125,0,9.59,1.1,.995,0,0,1328.1,0,0,269,257,37,32,16,12,6,2,13,1,0.0,0.0
1B,Albert Pujols,Albert,Pujols,Buffalo Bisons,6' 3',220 lbs,R,R,100,St. Louis Cardinals,STL,2001,1993-2004,ME,84788,Perfect,Baseball Reference 1  3B Albert Pujols  STL  2001,0,N,0,120,109,128,99,106,95,88,130,118,101,130,118,128,95,108,12,1,Normal,Ex. Pull,Pull,1,1,1,1,1,1,1,1,1,1,1,1,17,-,-,-,-,-,-,19,-,-,-,-,2,EX FB,94-96,3/4,Normal,1,5,-,-,-,66,52,72,39,62,48,66,-,-,91,-,57,-,68,-,64,111,-,91,-,57,-,68,-,64,53,20,11,59,146,146,624,549,144,91,27,1,25,87,80,59,0,8,0,8,0,125,18,83.4,3.19,86,11.0,1.8,3.99,0,0,0.0,-0.3,0,0,0,0,0,0,0,0.0,0,0,0,0,0,0,0,0,0,0,0,0,0,0,0,0,0,0,0,0,0,0.00,0,0,0,0,0,0.0,0.0,0.0,0.00,146,146,1305,124,1176,5,114,0,9.10,1.3,1.016,0,0,1286.0,0,0,283,273,28,25,13,7,12,0,7,0,0.0,0.0
1B,Albert Pujols,Albert,Pujols,Alhambra Moors - HotL TTC,6' 3',220 lbs,R,R,100,St. Louis Cardinals,STL,2001,1993-2004,ME,84788,Perfect,Baseball Reference 1  3B Albert Pujols  STL  2001,0,N,0,120,109,128,99,106,95,88,130,118,101,130,118,128,95,108,12,1,Normal,Ex. Pull,Pull,1,1,1,1,1,1,1,1,1,1,1,1,17,-,-,-,-,-,-,19,-,-,-,-,2,EX FB,94-96,3/4,Normal,1,5,-,-,-,66,52,72,39,62,48,66,-,-,91,-,57,-,68,-,64,111,-,91,-,57,-,68,-,64,53,20,11,59,156,156,635,577,115,79,21,1,14,76,69,43,0,11,0,4,0,140,13,48.2,-3.99,43,-32.8,-2.7,3.99,0,0,0.0,0.2,0,0,0,0,0,0,0,0.0,0,0,0,0,0,0,0,0,0,0,0,0,0,0,0,0,0,0,0,0,0,0.00,0,0,0,0,0,0.0,0.0,0.0,0.00,35,35,323,28,293,2,30,0,9.31,0.7,1.019,0,0,310.1,0,0,67,64,4,4,7,4,2,1,1,0,0.0,0.0
1B,Jackie Robinson,Jackie,Robinson,Long Island Sounders,5' 11',195 lbs,R,R,100,Brooklyn Dodgers,LAD,1949,1946-1960,ME,84013,Perfect,Celebrating 42 - Historical All-Star  2B Jackie Robinson  BRO  1949,0,N,0,128,126,88,97,140,122,120,82,98,140,130,128,90,97,140,115,112,Line Drive,Spray,Spray,1,1,1,3,1,1,1,3,1,1,1,3,16,-,-,-,-,-,-,-,-,-,-,-,1,NEU,90-92,OTT,Normal,1,1,-,-,-,111,102,89,114,87,103,81,-,-,92,139,119,-,110,-,-,160,-,92,139,119,-,110,-,-,107,104,106,117,137,130,557,506,128,97,22,3,6,41,59,43,0,3,0,5,0,105,10,55.0,-1.02,53,-13.3,0.4,3.92,15,8,-0.7,4.0,0,0,0,0,0,0,0,0.0,0,0,0,0,0,0,0,0,0,0,0,0,0,0,0,0,0,0,0,0,0,0.00,0,0,0,0,0,0.0,0.0,0.0,0.00,141,130,1180,112,1062,6,91,0,9.01,4.5,1.032,0,0,1172.1,0,0,246,242,25,21,21,11,7,3,11,1,0.0,0.0
1B,Mark Teixeira,Mark,Teixeira,-,6' 3',225 lbs,S,R,101,Atlanta Braves,ATL,2007,2005-2014,LE,86410,Perfect,Limited Edition/38  1B Mark Teixeira  ATL  2007,0,N,0,136,86,148,150,106,161,92,128,143,98,128,85,155,152,110,4,3,Groundball,Ex. Pull,Pull,1,1,1,3,1,1,1,3,1,1,1,3,16,-,-,-,-,-,-,-,-,-,-,-,1,NEU,92-94,3/4,Normal,1,19,-,-,-,43,61,36,78,2,7,7,-,-,85,-,-,-,-,-,-,100,-,85,-,-,-,-,-,-,19,5,6,28,126,101,463,420,107,79,14,1,13,58,45,38,0,1,0,4,0,102,13,50.0,-0.17,50,-4.9,-0.1,3.96,0,0,0.0,-0.5,0,0,0,0,0,0,0,0.0,0,0,0,0,0,0,0,0,0,0,0,0,0,0,0,0,0,0,0,0,0,0.00,0,0,0,0,0,0.0,0.0,0.0,0.00,106,101,932,69,853,10,93,1,9.32,-3.9,.968,0,0,890.1,0,0,188,173,21,16,4,3,8,1,6,0,0.0,-0.2
1B,Mark Teixeira,Mark,Teixeira,Washington Bishops,6' 3',225 lbs,S,R,101,Atlanta Braves,ATL,2007,2005-2014,LE,86410,Perfect,Limited Edition/38  1B Mark Teixeira  ATL  2007,0,N,0,136,86,148,150,106,161,92,128,143,98,128,85,155,152,110,4,3,Groundball,Ex. Pull,Pull,1,1,1,3,1,1,1,3,1,1,1,3,16,-,-,-,-,-,-,-,-,-,-,-,1,NEU,92-94,3/4,Normal,1,19,-,-,-,43,61,36,78,2,7,7,-,-,85,-,-,-,-,-,-,100,-,85,-,-,-,-,-,-,19,5,6,28,77,39,210,180,41,30,6,0,5,21,24,26,1,2,0,2,0,60,0,23.0,-0.50,21,-3.5,0.0,4.42,0,0,0.0,0.0,0,0,0,0,0,0,0,0.0,0,0,0,0,0,0,0,0,0,0,0,0,0,0,0,0,0,0,0,0,0,0.00,0,0,0,0,0,0.0,0.0,0.0,0.00,49,36,367,28,339,0,21,0,9.29,0.2,1.021,0,0,355.2,0,0,69,68,7,5,8,3,2,0,0,0,0.0,0.0
1B,Frank Thomas,Frank,Thomas,Krakow Hussars,6' 5',240 lbs,R,R,100,Chicago White Sox,CHW,1992,1980-1992,HOF,84199,Perfect,Hall of Fame  1B Frank Thomas  CWS  1992,0,N,0,115,120,92,139,96,128,133,96,135,103,111,116,91,140,95,5,1,Line Drive,Normal,Normal,1,1,1,5,1,1,1,5,1,1,1,5,16,-,-,-,-,-,-,-,-,-,-,-,1,NEU,89-91,OTT,Normal,1,16,-,-,-,24,29,28,31,3,1,9,-,-,53,-,-,-,-,-,-,62,-,53,-,-,-,-,-,-,32,39,66,48,138,133,540,478,131,86,32,0,13,58,55,54,0,3,1,4,0,114,7,71.5,0.36,72,7.6,0.7,4.08,0,5,-2.8,-2.3,0,0,0,0,0,0,0,0.0,0,0,0,0,0,0,0,0,0,0,0,0,0,0,0,0,0,0,0,0,0,0.00,0,0,0,0,0,0.0,0.0,0.0,0.00,122,122,1158,87,1065,6,82,0,9.97,-1.3,.977,0,0,1040.0,0,0,223,215,26,22,8,5,9,0,10,0,0.0,0.0
1B,Honus Wagner,Honus,Wagner,Real Intered Workers,5' 11',200 lbs,R,R,99,Pittsburgh Pirates,PIT,1903,2026,UTIL,85540,Diamond,Memorial Day OnStream Builds - Super Utility  SS Honus Wagner  PIT  1903,0,N,0,120,118,89,79,165,102,120,100,72,178,127,117,86,81,161,78,57,Groundball,Normal,Normal,1,1,1,4,1,1,1,4,1,1,1,4,-,-,-,16,-,17,-,-,-,-,-,-,2,NEU,89-91,3/4,Normal,1,11,-,-,-,109,86,96,105,81,120,85,-,-,89,-,114,113,-,-,104,156,-,89,-,114,113,-,-,104,93,88,94,96,141,135,578,537,144,100,26,6,12,66,62,33,0,4,1,2,1,89,10,67.1,1.70,65,-3.9,1.3,3.84,5,4,-1.1,2.3,0,0,0,0,0,0,0,0.0,0,0,0,0,0,0,0,0,0,0,0,0,0,0,0,0,0,0,0,0,0,0.00,0,0,0,0,0,0.0,0.0,0.0,0.00,153,135,1262,146,1115,1,98,0,9.40,4.6,1.037,0,0,1207.1,0,0,273,271,27,20,16,8,6,1,7,0,0.0,0.0
1B,Honus Wagner,Honus,Wagner,Kumamoto Ozeki TBD,5' 11',200 lbs,R,R,99,Pittsburgh Pirates,PIT,1903,2026,UTIL,85540,Diamond,Memorial Day OnStream Builds - Super Utility  SS Honus Wagner  PIT  1903,0,N,0,120,118,89,79,165,102,120,100,72,178,127,117,86,81,161,78,57,Groundball,Normal,Normal,1,1,1,4,1,1,1,4,1,1,1,4,-,-,-,16,-,17,-,-,-,-,-,-,2,NEU,89-91,3/4,Normal,1,11,-,-,-,109,86,96,105,81,120,85,-,-,89,-,114,113,-,-,104,156,-,89,-,114,113,-,-,104,93,88,94,96,41,38,142,131,29,20,5,0,4,16,14,8,0,1,0,2,0,23,3,12.2,0.58,11,-6.0,-0.8,3.89,0,0,0.0,-1.3,0,0,0,0,0,0,0,0.0,0,0,0,0,0,0,0,0,0,0,0,0,0,0,0,0,0,0,0,0,0,0.00,0,0,0,0,0,0.0,0.0,0.0,0.00,41,38,125,69,43,13,11,0,2.97,-5.3,.902,0,0,339.2,0,0,89,78,17,11,10,2,5,1,10,0,0.0,-0.2
1B,Jud Wilson,Jud,Wilson,Atlantic City Surf - GH,5' 8',195 lbs,L,R,100,Baltimore Black Sox,,1927,1921-1945,CS,85178,Perfect,Clubhouse - Negro League Star  3B Jud Wilson  BBS  1927,0,N,0,138,137,117,109,111,125,124,108,97,103,143,141,120,114,114,57,51,Groundball,Pull,Normal,1,1,1,5,1,1,1,5,1,1,1,5,16,-,-,-,-,-,-,-,-,-,-,-,1,NEU,90-92,OTT,Normal,1,23,-,-,-,89,59,96,43,4,9,4,-,-,65,81,85,-,-,-,-,131,-,65,81,85,-,-,-,-,87,101,107,91,131,112,481,432,123,74,34,2,13,58,69,43,1,3,0,3,0,97,10,70.7,1.42,70,12.2,2.5,3.90,9,3,0.5,4.2,0,0,0,0,0,0,0,0.0,0,0,0,0,0,0,0,0,0,0,0,0,0,0,0,0,0,0,0,0,0,0.00,0,0,0,0,0,0.0,0.0,0.0,0.00,120,112,1012,70,936,6,81,0,9.17,-1.7,.976,0,0,987.1,0,0,192,180,26,24,10,6,6,0,12,1,0.0,0.0
2B,Jose Altuve,Jose,Altuve,Marshall M.I.C.E.,5' 6',165 lbs,R,R,100,Houston Astros,HOU,2017,2015+,BBR,85951,Perfect,July Jewels - Baseball Reference 4  2B Jose Altuve  HOU  2017,0,N,0,146,112,115,87,143,153,88,132,99,141,144,122,110,84,144,77,98,Groundball,Ex. Pull,Pull,1,1,1,1,1,1,1,1,1,1,1,1,16,-,-,-,-,-,-,-,-,-,-,-,1,NEU,91-93,3/4,Normal,1,3,-,-,-,75,83,50,97,1,8,6,-,-,-,93,-,-,-,-,-,133,-,-,93,-,-,-,-,-,110,104,112,112,9,1,7,6,1,0,1,0,0,1,3,1,1,0,0,0,0,2,0,0.9,-0.08,0,-0.8,0.0,3.71,2,0,0.5,0.5,0,0,0,0,0,0,0,0.0,0,0,0,0,0,0,0,0,0,0,0,0,0,0,0,0,0,0,0,0,0,0.00,0,0,0,0,0,0.0,0.0,0.0,0.00,1,1,3,2,1,0,1,0,3.00,-0.2,1.035,0,0,9.0,0,0,3,3,1,0,0,0,0,0,1,0,0.0,0.0
2B,Jose Altuve,Jose,Altuve,Joe Buck Yourself,5' 6',165 lbs,R,R,100,Houston Astros,HOU,2017,2015+,BBR,85951,Perfect,July Jewels - Baseball Reference 4  2B Jose Altuve  HOU  2017,0,N,0,146,112,115,87,143,153,88,132,99,141,144,122,110,84,144,77,98,Groundball,Ex. Pull,Pull,1,1,1,1,1,1,1,1,1,1,1,1,16,-,-,-,-,-,-,-,-,-,-,-,1,NEU,91-93,3/4,Normal,1,3,-,-,-,75,83,50,97,1,8,6,-,-,-,93,-,-,-,-,-,133,-,-,93,-,-,-,-,-,110,104,112,112,26,19,78,76,14,12,2,0,0,4,4,2,0,0,0,0,0,18,4,2.7,-0.98,0,-8.7,-0.6,3.82,2,0,0.5,0.5,0,0,0,0,0,0,0,0.0,0,0,0,0,0,0,0,0,0,0,0,0,0,0,0,0,0,0,0,0,0,0.00,0,0,0,0,0,0.0,0.0,0.0,0.00,20,19,62,44,17,1,17,0,3.27,-1.5,.943,0,0,168.0,0,0,46,42,6,3,2,0,2,1,4,1,0.0,0.0
2B,Jose Altuve,Jose,Altuve,Salt Lake Bees,5' 6',165 lbs,R,R,100,Houston Astros,HOU,2017,2015+,BBR,85951,Perfect,July Jewels - Baseball Reference 4  2B Jose Altuve  HOU  2017,0,N,0,146,112,115,87,143,153,88,132,99,141,144,122,110,84,144,77,98,Groundball,Ex. Pull,Pull,1,1,1,1,1,1,1,1,1,1,1,1,16,-,-,-,-,-,-,-,-,-,-,-,1,NEU,91-93,3/4,Normal,1,3,-,-,-,75,83,50,97,1,8,6,-,-,-,93,-,-,-,-,-,133,-,-,93,-,-,-,-,-,110,104,112,112,101,88,384,355,88,58,18,0,12,36,53,22,0,3,3,1,0,77,6,41.5,0.28,39,-6.3,0.2,3.88,14,6,0.2,3.8,0,0,0,0,0,0,0,0.0,0,0,0,0,0,0,0,0,0,0,0,0,0,0,0,0,0,0,0,0,0,0.00,0,0,0,0,0,0.0,0.0,0.0,0.00,89,88,354,218,127,9,59,0,3.99,-10.4,.921,0,0,778.2,0,0,255,226,21,15,26,7,18,5,16,2,0.0,0.0
2B,Jose Altuve,Jose,Altuve,Manchester Camels,5' 6',165 lbs,R,R,100,Houston Astros,HOU,2017,2015+,BBR,85951,Perfect,July Jewels - Baseball Reference 4  2B Jose Altuve  HOU  2017,0,N,0,146,112,115,87,143,153,88,132,99,141,144,122,110,84,144,77,98,Groundball,Ex. Pull,Pull,1,1,1,1,1,1,1,1,1,1,1,1,16,-,-,-,-,-,-,-,-,-,-,-,1,NEU,91-93,3/4,Normal,1,3,-,-,-,75,83,50,97,1,8,6,-,-,-,93,-,-,-,-,-,133,-,-,93,-,-,-,-,-,110,104,112,112,119,79,407,371,106,78,20,1,7,36,45,29,0,5,1,1,0,74,5,52.5,2.62,51,2.7,0.9,3.90,18,8,0.1,1.9,0,0,0,0,0,0,0,0.0,0,0,0,0,0,0,0,0,0,0,0,0,0,0,0,0,0,0,0,0,0,0.00,0,0,0,0,0,0.0,0.0,0.0,0.00,19,16,58,34,21,3,11,0,3.32,-2.4,.844,0,0,149.0,0,0,34,32,7,5,6,1,3,0,3,0,0.0,0.0
2B,John Beckwith,John,Beckwith,Fortuna Lifters,5' 11',200 lbs,R,R,98,Homestead Grays,HoGr,1929,1921-1945,,84571,Diamond,Negro League Star  SS John Beckwith  HoGr  1929,0,N,0,119,115,86,89,103,123,120,92,80,96,118,114,85,93,107,67,59,Line Drive,Normal,Pull,42,55,59,49,42,55,61,50,41,55,57,49,62,-,63,-,-,-,-,-,-,-,-,-,2,EX FB,92-94,3/4,Normal,24,60,59,61,69,93,65,91,78,74,60,72,138,60,82,98,90,84,85,63,80,138,60,82,98,90,84,85,63,80,56,39,42,61,67,58,222,203,45,29,13,1,2,20,23,14,1,2,2,1,0,53,5,18.0,-0.91,15,-10.9,-0.6,3.84,0,0,0.0,-0.3,0,0,0,0,0,0,0,0.0,0,0,0,0,0,0,0,0,0,0,0,0,0,0,0,0,0,0,0,0,0,0.00,0,0,0,0,0,0.0,0.0,0.0,0.00,65,58,415,81,330,4,19,0,6.95,-1.3,.988,38,13,532.1,3,191,74,68,16,9,6,2,3,1,3,0,-4.2,0.0
2B,Bret Boone,Bret,Boone,Kansas City Torrent,5' 10',180 lbs,R,R,102,Seattle Mariners,SEA,2001,1993-2004,,86701,Perfect,Studs & Duds - Hardware Heroes  2B Bret Boone  SEA  2001,178 489,N,0,134,112,137,85,114,184,121,142,114,132,118,110,135,77,108,52,11,Normal,Spray,Spray,1,1,1,5,1,1,1,5,1,1,1,5,16,-,-,-,-,-,-,-,-,-,-,-,1,NEU,91-93,OTT,Normal,1,10,-,-,-,116,80,69,85,9,2,5,-,-,-,125,-,-,-,-,-,154,-,-,125,-,-,-,-,-,46,34,47,58,49,34,168,144,44,27,14,0,3,25,20,21,0,3,0,0,0,25,5,27.0,1.13,28,8.7,1.4,3.89,0,1,-0.6,-0.5,0,0,0,0,0,0,0,0.0,0,0,0,0,0,0,0,0,0,0,0,0,0,0,0,0,0,0,0,0,0,0.00,0,0,0,0,0,0.0,0.0,0.0,0.00,39,34,155,96,53,6,23,0,4.37,-0.0,.990,0,0,307.0,0,0,94,92,15,9,9,2,10,5,6,1,0.0,0.0
2B,Roch Cholowsky,Roch,Cholowsky,The Black Freighter TBD,6' 2',195 lbs,R,R,101,Chicago White Sox,CHW,2026,2026,,86249,Perfect,FLF 17 - #1 Overall Pick  SS Roch Cholowsky  CWS  2026,0,N,0,128,112,122,142,109,139,123,133,137,114,125,109,118,144,107,50,20,Groundball,Pull,Pull,1,1,62,1,1,1,62,1,1,1,63,1,16,-,-,-,-,-,-,-,-,-,-,-,1,EX FB,75-80,3/4,Normal,1,1,1,1,1,109,102,97,103,66,49,80,-,-,-,135,-,119,-,-,-,160,-,109,135,121,119,76,52,75,59,49,57,86,139,139,641,578,145,96,37,1,11,52,90,54,0,7,0,2,0,130,19,67.1,0.76,70,-6.4,1.6,4.00,0,3,-1.8,0.5,0,0,0,0,0,0,0,0.0,0,0,0,0,0,0,0,0,0,0,0,0,0,0,0,0,0,0,0,0,0,0.00,0,0,0,0,0,0.0,0.0,0.0,0.00,139,139,561,351,207,3,89,0,4.06,3.8,1.028,0,0,1237.0,0,0,361,348,48,36,33,15,19,6,20,2,0.0,0.0
2B,Roch Cholowsky,Roch,Cholowsky,Kumamoto Ozeki TBD,6' 2',195 lbs,R,R,101,Chicago White Sox,CHW,2026,2026,,86249,Perfect,FLF 17 - #1 Overall Pick  SS Roch Cholowsky  CWS  2026,0,N,0,128,112,122,142,109,139,123,133,137,114,125,109,118,144,107,50,20,Groundball,Pull,Pull,1,1,62,1,1,1,62,1,1,1,63,1,16,-,-,-,-,-,-,-,-,-,-,-,1,EX FB,75-80,3/4,Normal,1,1,1,1,1,109,102,97,103,66,49,80,-,-,-,135,-,119,-,-,-,160,-,109,135,121,119,76,52,75,59,49,57,86,141,141,609,548,135,90,26,1,18,49,77,47,0,8,0,4,2,125,7,70.5,0.94,67,-5.4,2.6,4.01,1,0,0.0,4.4,0,0,0,0,0,0,0,0.0,0,0,0,0,0,0,0,0,0,0,0,0,0,0,0,0,0,0,0,0,0,0.00,0,0,0,0,0,0.0,0.0,0.0,0.00,141,141,546,377,163,6,81,0,3.88,3.8,1.015,0,0,1251.0,0,0,356,345,60,46,39,17,29,9,30,5,0.0,0.0
2B,Fred Dunlap,Fred,Dunlap,Tavistock Baseballersons,5' 8',165 lbs,R,R,101,St. Louis Maroons,SL5,1884,2026,LE,85810,Perfect,Limited Edition/21  2B Fred Dunlap  St. Louis Maroons  1884,0,N,0,160,136,101,91,150,164,144,104,98,155,159,133,100,89,148,3,56,Groundball,Spray,Spray,70,115,46,105,68,112,46,97,72,118,46,114,-,-,-,91,-,98,-,-,-,-,-,-,2,NEU,89-91,3/4,Normal,6,17,-,-,-,106,93,112,103,74,70,95,-,-,-,130,-,-,-,-,93,157,-,-,130,-,-,-,-,93,64,85,85,64,138,138,593,557,158,103,38,5,12,63,65,26,0,5,0,5,0,108,13,75.0,0.71,73,2.0,1.9,3.69,0,0,0.0,-4.5,0,0,0,0,0,0,0,0.0,0,0,0,0,0,0,0,0,0,0,0,0,0,0,0,0,0,0,0,0,0,0.00,0,0,0,0,0,0.0,0.0,0.0,0.00,142,138,516,318,190,8,80,0,3.69,-0.4,1.015,0,0,1239.1,0,0,340,327,53,32,37,11,23,10,37,4,0.0,0.0
2B,Tony Fernandez,Tony,Fernandez,Long Island Sounders,6' 2',165 lbs,S,R,96,Toronto Blue Jays,TOR,1987,1980-1992,,85752,Diamond,Heart Attack - All-Time Legend  SS Tony Fernandez  TOR  Peak,0,N,0,126,110,57,83,129,105,97,48,104,119,133,115,60,77,133,55,61,Groundball,Normal,Normal,1,1,1,2,1,1,1,2,1,1,1,2,16,-,-,-,-,-,-,-,-,-,-,-,1,NEU,90-92,OTT,Normal,1,10,-,-,-,115,113,89,95,4,1,6,-,-,-,139,123,122,-,-,-,163,-,-,139,123,122,-,-,-,108,104,109,112,107,75,296,270,58,41,14,1,2,29,33,20,0,2,1,3,0,53,6,21.6,-0.18,18,-16.6,-0.3,3.80,7,4,-0.5,0.7,0,0,0,0,0,0,0,0.0,0,0,0,0,0,0,0,0,0,0,0,0,0,0,0,0,0,0,0,0,0,0.00,0,0,0,0,0,0.0,0.0,0.0,0.00,107,75,286,192,90,4,32,0,3.65,0.6,1.006,0,0,695.1,0,0,206,195,26,19,25,14,8,1,14,1,0.0,0.0
2B,Marcus Giles,Marcus,Giles,Alhambra Moors - HotL TTC,5' 8',175 lbs,R,R,100,Atlanta Braves,ATL,2003,1993-2004,CS,85439,Perfect,Clubhouse - Baseball Reference 5  2B Marcus Giles  ATL  2003,0,N,0,130,113,114,102,114,117,77,135,115,122,135,130,108,99,112,68,44,Groundball,Spray,Spray,1,1,1,1,1,1,1,1,1,1,1,1,16,-,-,-,-,-,-,-,-,-,-,-,1,NEU,91-93,OTT,Normal,1,16,-,-,-,110,69,92,89,9,5,7,-,-,-,119,-,-,-,-,-,151,-,-,119,-,-,-,-,-,74,51,101,85,142,142,642,584,143,96,30,1,16,66,74,52,2,6,0,0,0,124,10,70.4,0.83,68,-8.5,1.2,3.92,8,4,-0.3,1.1,0,0,0,0,0,0,0,0.0,0,0,0,0,0,0,0,0,0,0,0,0,0,0,0,0,0,0,0,0,0,0.00,0,0,0,0,0,0.0,0.0,0.0,0.00,142,142,575,365,189,21,85,0,4.00,-3.2,.984,0,0,1247.1,0,0,356,329,65,42,34,21,28,11,24,3,0.0,-0.4
2B,Konnor Griffin,Konnor,Griffin,Littleton CO Mountaineers,6' 4',215 lbs,R,R,100,Pittsburgh Pirates,PIT,2026,2026,,84625,Perfect,Future Legend  SS Konnor Griffin  PIT  2026,0,N,0,120,101,113,99,105,124,110,122,104,111,119,99,110,98,103,35,33,Groundball,Pull,Pull,1,11,79,1,1,11,79,1,1,12,80,1,16,-,-,-,-,-,-,-,-,-,-,-,1,EX FB,75-80,3/4,Normal,20,24,1,1,1,109,95,108,98,85,112,97,-,-,-,131,-,118,-,-,-,158,-,120,131,124,118,113,90,112,120,88,105,114,128,118,511,463,135,86,33,1,15,58,76,44,0,1,0,3,0,103,9,77.4,2.23,75,14.0,3.7,3.97,22,6,2.1,3.6,0,0,0,0,0,0,0,0.0,0,0,0,0,0,0,0,0,0,0,0,0,0,0,0,0,0,0,0,0,0,0.00,0,0,0,0,0,0.0,0.0,0.0,0.00,136,118,471,319,136,16,70,0,3.90,0.9,1.000,0,0,1050.1,0,0,304,288,53,37,36,19,30,10,23,5,0.0,0.0
2B,Konnor Griffin,Konnor,Griffin,El Vampiro Ankle Biters,6' 4',215 lbs,R,R,100,Pittsburgh Pirates,PIT,2026,2026,,84625,Perfect,Future Legend  SS Konnor Griffin  PIT  2026,0,N,0,120,101,113,99,105,124,110,122,104,111,119,99,110,98,103,35,33,Groundball,Pull,Pull,1,11,79,1,1,11,79,1,1,12,80,1,16,-,-,-,-,-,-,-,-,-,-,-,1,EX FB,75-80,3/4,Normal,20,24,1,1,1,109,95,108,98,85,112,97,-,-,-,131,124,118,-,-,-,158,-,120,131,124,118,113,90,112,120,88,105,114,124,97,425,382,100,73,18,1,8,43,59,35,1,8,0,0,0,88,10,49.0,0.42,49,-1.5,1.6,4.00,8,2,0.7,2.5,0,0,0,0,0,0,0,0.0,0,0,0,0,0,0,0,0,0,0,0,0,0,0,0,0,0,0,0,0,0,0.00,0,0,0,0,0,0.0,0.0,0.0,0.00,121,97,356,227,120,9,42,0,3.55,-3.4,.977,0,0,880.1,0,0,240,222,39,25,30,14,18,8,18,2,0.0,0.0
2B,Konnor Griffin,Konnor,Griffin,Kumamoto Ozeki TBD,6' 4',215 lbs,R,R,100,Pittsburgh Pirates,PIT,2026,2026,,84625,Perfect,Future Legend  SS Konnor Griffin  PIT  2026,0,N,0,120,101,113,99,105,124,110,122,104,111,119,99,110,98,103,35,33,Groundball,Pull,Pull,1,11,79,1,1,11,79,1,1,12,80,1,16,-,-,-,-,-,-,-,-,-,-,-,1,EX FB,75-80,3/4,Normal,20,24,1,1,1,109,95,108,98,85,112,97,-,-,87,131,124,118,-,-,-,158,-,120,131,124,118,113,90,112,120,88,105,114,73,53,236,216,45,29,7,2,7,28,18,19,0,0,0,1,0,50,9,17.7,-0.44,19,-8.9,-0.4,4.07,5,6,-1.9,-0.9,0,0,0,0,0,0,0,0.0,0,0,0,0,0,0,0,0,0,0,0,0,0,0,0,0,0,0,0,0,0,0.00,0,0,0,0,0,0.0,0.0,0.0,0.00,50,47,253,111,138,4,40,0,5.28,0.4,1.013,0,0,424.1,0,0,109,104,16,13,5,3,10,2,9,0,0.0,0.0
2B,Tommy Hinzo,Tommy,Hinzo,Long Island Sounders,5' 10',170 lbs,S,R,100,Cleveland Guardians,CLE,1987,1980-1992,HFL,85020,Perfect,Young & Old 2 - Historical Future Legend  2B Tommy Hinzo  CLE  1987,0,N,0,144,139,60,119,149,148,136,69,128,144,142,140,55,116,150,106,116,Line Drive,Spray,Spray,1,1,1,4,1,1,1,4,1,1,1,4,16,-,-,-,-,-,-,-,-,-,-,-,1,NEU,89-91,OTT,Normal,1,15,-,-,-,105,106,55,97,7,1,10,-,-,-,127,96,102,-,-,-,156,-,-,127,96,102,-,-,-,117,108,120,116,145,141,666,586,144,107,24,6,7,49,76,61,0,8,9,2,0,111,7,71.0,0.79,66,-13.9,1.6,3.90,34,11,2.4,2.1,0,0,0,0,0,0,0,0.0,0,0,0,0,0,0,0,0,0,0,0,0,0,0,0,0,0,0,0,0,0,0.00,0,0,0,0,0,0.0,0.0,0.0,0.00,141,141,548,350,189,9,82,0,3.85,-0.9,.990,0,0,1261.0,0,0,367,343,53,40,33,17,28,11,33,4,0.0,-0.2
2B,Tommy Hinzo,Tommy,Hinzo,Littleton CO Mountaineers,5' 10',170 lbs,S,R,100,Cleveland Guardians,CLE,1987,1980-1992,HFL,85020,Perfect,Young & Old 2 - Historical Future Legend  2B Tommy Hinzo  CLE  1987,0,N,0,144,139,60,119,149,148,136,69,128,144,142,140,55,116,150,106,116,Line Drive,Spray,Spray,1,1,1,4,1,1,1,4,1,1,1,4,16,-,-,-,-,-,-,-,-,-,-,-,1,NEU,89-91,OTT,Normal,1,15,-,-,-,105,106,55,97,7,1,10,-,-,-,127,96,102,-,-,-,156,-,-,127,96,102,-,-,-,117,108,120,116,117,92,432,367,96,64,26,1,5,47,62,46,0,8,9,2,0,65,4,56.7,0.44,52,0.3,1.2,3.89,31,6,4.3,1.3,0,0,0,0,0,0,0,0.0,0,0,0,0,0,0,0,0,0,0,0,0,0,0,0,0,0,0,0,0,0,0.00,0,0,0,0,0,0.0,0.0,0.0,0.00,126,92,351,218,125,8,48,0,3.56,-6.4,.957,0,0,866.1,0,0,244,222,35,21,20,10,17,4,15,1,0.0,0.0
2B,Tommy Hinzo,Tommy,Hinzo,Paramus Fisher Cats,5' 10',170 lbs,S,R,100,Cleveland Guardians,CLE,1987,1980-1992,HFL,85020,Perfect,Young & Old 2 - Historical Future Legend  2B Tommy Hinzo  CLE  1987,0,Y,5,155,150,66,128,160,159,147,75,138,155,153,151,60,125,161,106,116,Line Drive,Spray,Spray,1,1,1,6,1,1,1,6,1,1,1,6,16,-,-,-,-,-,-,-,-,-,-,-,1,NEU,89-91,OTT,Normal,1,15,-,-,-,105,106,55,97,7,1,10,-,-,-,136,103,110,-,-,-,167,-,-,136,103,110,-,-,-,117,108,120,116,147,143,684,600,166,105,48,5,8,64,94,67,0,6,9,2,0,103,9,92.3,1.85,89,7.4,4.6,3.92,43,16,2.0,7.0,0,0,0,0,0,0,0,0.0,0,0,0,0,0,0,0,0,0,0,0,0,0,0,0,0,0,0,0,0,0,0.00,0,0,0,0,0,0.0,0.0,0.0,0.00,145,143,582,389,186,7,105,1,4.03,4.3,1.032,0,0,1283.2,0,0,356,340,51,39,42,20,29,10,28,4,0.0,0.0
2B,Rogers Hornsby,Rogers,Hornsby,Kansas City Torrent,5' 11',175 lbs,R,R,101,St. Louis Cardinals,STL,1921,1921-1945,HOF,86436,Perfect,Hall of Fame  2B Rogers Hornsby  STL  1921,157 900,N,0,150,141,129,106,102,156,150,67,115,158,148,138,155,104,90,94,91,Line Drive,Normal,Normal,1,1,1,7,1,1,1,7,1,1,1,7,16,-,-,-,-,-,-,-,-,-,-,-,1,GB,90-92,3/4,GB'er,1,14,-,-,-,113,83,89,88,64,100,40,-,-,-,126,108,108,76,-,-,155,-,-,126,108,108,76,-,-,102,64,63,112,69,65,277,247,56,44,10,0,2,23,24,24,0,1,3,2,0,66,1,23.0,-1.11,20,-13.1,-0.3,3.82,1,2,-0.9,1.9,0,0,0,0,0,0,0,0.0,0,0,0,0,0,0,0,0,0,0,0,0,0,0,0,0,0,0,0,0,0,0.00,0,0,0,0,0,0.0,0.0,0.0,0.00,69,62,232,127,98,7,34,0,3.61,-0.9,.986,0,0,561.2,0,0,152,138,18,15,11,7,13,5,13,0,0.0,-0.1
2B,Rogers Hornsby,Rogers,Hornsby,Marshall M.I.C.E.,5' 11',175 lbs,R,R,101,St. Louis Cardinals,STL,1921,1921-1945,HOF,86436,Perfect,Hall of Fame  2B Rogers Hornsby  STL  1921,0,N,0,150,141,129,106,102,156,150,67,115,158,148,138,155,104,90,94,91,Line Drive,Normal,Normal,1,1,1,7,1,1,1,7,1,1,1,7,16,-,-,-,-,-,-,-,-,-,-,-,1,GB,90-92,3/4,GB'er,1,14,-,-,-,113,83,89,88,64,100,40,-,-,-,126,108,108,76,-,-,155,-,-,126,108,108,76,-,-,102,64,63,112,142,132,564,513,140,97,28,5,10,73,63,42,1,5,0,4,0,116,14,68.1,-0.93,68,0.3,2.5,3.94,0,0,0.0,2.1,0,0,0,0,0,0,0,0.0,0,0,0,0,0,0,0,0,0,0,0,0,0,0,0,0,0,0,0,0,0,0.00,0,0,0,0,0,0.0,0.0,0.0,0.00,141,131,529,341,180,8,79,0,3.92,4.2,1.024,0,0,1194.2,0,0,339,322,45,34,30,18,28,11,19,3,0.0,0.0
2B,Rogers Hornsby,Rogers,Hornsby,Dungeon Meshi Marcille,5' 11',175 lbs,R,R,101,St. Louis Cardinals,STL,1921,1921-1945,HOF,86436,Perfect,Hall of Fame  2B Rogers Hornsby  STL  1921,0,N,0,150,141,129,106,102,156,150,67,115,158,148,138,155,104,90,94,91,Line Drive,Normal,Normal,1,1,1,7,1,1,1,7,1,1,1,7,16,-,-,-,-,-,-,-,-,-,-,-,1,GB,90-92,3/4,GB'er,1,14,-,-,-,113,83,89,88,64,100,40,-,-,-,126,108,108,76,-,-,155,-,-,126,108,108,76,-,-,102,64,63,112,142,142,618,558,163,104,35,8,16,73,95,51,0,4,1,4,0,125,8,93.9,2.69,91,17.5,4.0,3.83,0,2,-1.3,1.2,0,0,0,0,0,0,0,0.0,0,0,0,0,0,0,0,0,0,0,0,0,0,0,0,0,0,0,0,0,0,0.00,0,0,0,0,0,0.0,0.0,0.0,0.00,142,142,580,372,192,16,95,0,4.04,1.3,.991,0,0,1255.1,0,0,361,342,48,37,37,19,22,11,26,4,0.0,0.0
2B,Jeff Kent,Jeff,Kent,Washington Bishops,6' 1',185 lbs,R,R,100,San Francisco Giants,SFG,2000,1993-2004,CS,86328,Perfect,Clubhouse - HOF Inductees  2B Jeff Kent  SF  2000,0,N,0,141,123,114,133,112,130,114,91,171,134,144,126,123,120,105,4,14,Groundball,Normal,Normal,1,1,1,2,1,1,1,2,1,1,1,2,16,-,-,-,-,-,-,-,-,-,-,-,1,NEU,90-92,3/4,Normal,1,4,-,-,-,98,87,79,94,3,3,3,-,-,97,116,98,-,-,-,-,151,-,97,116,98,-,-,-,-,47,51,55,36,62,54,223,203,54,35,13,2,4,19,22,16,0,2,0,2,0,52,4,27.1,-0.80,26,-0.3,0.7,3.98,0,0,0.0,-0.6,0,0,0,0,0,0,0,0.0,0,0,0,0,0,0,0,0,0,0,0,0,0,0,0,0,0,0,0,0,0,0.00,0,0,0,0,0,0.0,0.0,0.0,0.00,61,54,242,151,83,8,36,0,4.31,-0.9,.962,0,0,488.2,0,0,158,147,14,11,17,8,15,7,12,4,0.0,0.0
2B,Jeff Kent,Jeff,Kent,Pulaski Pils,6' 1',185 lbs,R,R,100,San Francisco Giants,SFG,2000,1993-2004,CS,86328,Perfect,Clubhouse - HOF Inductees  2B Jeff Kent  SF  2000,0,N,0,141,123,114,133,112,130,114,91,171,134,144,126,123,120,105,4,14,Groundball,Normal,Normal,1,1,1,2,1,1,1,2,1,1,1,2,16,-,-,-,-,-,-,-,-,-,-,-,1,NEU,90-92,3/4,Normal,1,4,-,-,-,98,87,79,94,3,3,3,-,-,97,116,98,-,-,-,-,151,-,97,116,98,-,-,-,-,47,51,55,36,149,149,659,590,156,95,43,2,16,82,75,55,0,5,0,9,0,144,13,83.2,1.56,82,3.3,1.5,3.98,0,1,-0.8,-6.2,0,0,0,0,0,0,0,0.0,0,0,0,0,0,0,0,0,0,0,0,0,0,0,0,0,0,0,0,0,0,0.00,0,0,0,0,0,0.0,0.0,0.0,0.00,154,149,1248,133,1106,9,114,0,8.55,1.6,1.008,0,0,1304.2,0,0,247,241,30,22,14,7,15,4,12,1,0.0,0.0
2B,Jeff Kent,Jeff,Kent,Atlantic City Surf - GH,6' 1',185 lbs,R,R,100,San Francisco Giants,SFG,2000,1993-2004,CS,86328,Perfect,Clubhouse - HOF Inductees  2B Jeff Kent  SF  2000,0,N,0,141,123,114,133,112,130,114,91,171,134,144,126,123,120,105,4,14,Groundball,Normal,Normal,1,1,1,2,1,1,1,2,1,1,1,2,16,-,-,-,-,-,-,-,-,-,-,-,1,NEU,90-92,3/4,Normal,1,4,-,-,-,98,87,79,94,3,3,3,-,-,97,116,98,-,-,-,-,151,-,97,116,98,-,-,-,-,47,51,55,36,144,144,599,529,132,87,29,2,14,69,67,57,1,7,0,6,0,115,15,68.4,1.72,69,-2.6,1.5,4.01,0,0,0.0,-2.2,0,0,0,0,0,0,0,0.0,0,0,0,0,0,0,0,0,0,0,0,0,0,0,0,0,0,0,0,0,0,0.00,0,0,0,0,0,0.0,0.0,0.0,0.00,166,144,821,266,546,9,94,0,5.77,-1.5,.995,0,0,1267.0,0,0,307,289,33,23,34,15,17,6,23,3,0.0,-0.2
2B,Jeff Kent,Jeff,Kent,Alhambra Moors - HotL TTC,6' 1',185 lbs,R,R,100,San Francisco Giants,SFG,2000,1993-2004,CS,86328,Perfect,Clubhouse - HOF Inductees  2B Jeff Kent  SF  2000,0,N,0,141,123,114,133,112,130,114,91,171,134,144,126,123,120,105,4,14,Groundball,Normal,Normal,1,1,1,2,1,1,1,2,1,1,1,2,16,-,-,-,-,-,-,-,-,-,-,-,1,NEU,90-92,3/4,Normal,1,4,-,-,-,98,87,79,94,3,3,3,-,-,97,116,98,-,-,-,-,151,-,97,116,98,-,-,-,-,47,51,55,36,150,149,689,618,178,111,39,1,27,91,85,62,0,6,0,3,0,132,16,106.1,1.64,107,24.7,3.8,4.06,0,1,-0.8,-0.3,0,0,0,0,0,0,0,0.0,0,0,0,0,0,0,0,0,0,0,0,0,0,0,0,0,0,0,0,0,0,0.00,0,0,0,0,0,0.0,0.0,0.0,0.00,148,148,1274,161,1106,7,104,0,8.71,1.7,1.011,0,0,1308.2,0,0,282,272,27,23,22,12,18,4,14,1,0.0,0.0
2B,Duke Kenworthy,Duke,Kenworthy,Littleton CO Mountaineers,5' 7',165 lbs,R,R,101,Kansas City Packers,KCP,1914,2026,LE,86588,Perfect,Limited Edition/69  2B Duke Kenworthy  KCP  1914,0,N,0,134,161,123,81,146,140,150,105,94,151,132,165,129,77,144,98,82,Line Drive,Pull,Pull,1,1,1,2,1,1,1,2,1,1,1,2,16,-,-,-,-,-,-,-,-,-,-,-,1,NEU,89-91,3/4,Normal,1,11,-,-,-,91,59,77,105,66,100,56,-,-,-,104,-,-,82,-,72,134,-,-,104,-,-,82,-,72,89,86,103,91,123,116,537,492,153,96,36,5,16,64,73,28,0,5,6,6,0,90,7,88.0,2.57,82,17.5,3.0,3.90,19,5,1.9,1.4,0,0,0,0,0,0,0,0.0,0,0,0,0,0,0,0,0,0,0,0,0,0,0,0,0,0,0,0,0,0,0.00,0,0,0,0,0,0.0,0.0,0.0,0.00,133,116,346,181,160,5,43,0,2.97,-1.4,.990,0,0,1032.0,0,0,243,233,41,26,21,9,21,3,21,1,0.0,-0.6
2B,Nap Lajoie,Nap,Lajoie,Memphis Redbirds,6' 1',195 lbs,R,R,99,Cleveland Naps,CLE,1907,2026,,83847,Diamond,Snapshot  2B Nap Lajoie  CLE  1907,0,N,0,105,124,64,74,145,134,141,4,101,144,97,119,72,64,145,68,63,Groundball,Normal,Normal,1,1,1,2,1,1,1,2,1,1,1,2,16,-,-,-,-,-,-,-,-,-,-,-,1,NEU,89-91,3/4,Normal,1,15,-,-,-,108,79,83,110,10,6,2,-,-,98,127,103,-,-,-,-,153,-,98,127,103,-,-,-,-,69,70,78,72,59,37,142,130,37,23,11,0,3,15,22,9,0,1,1,1,0,28,5,18.1,-0.40,18,1.4,0.3,4.08,1,0,0.2,0.6,0,0,0,0,0,0,0,0.0,0,0,0,0,0,0,0,0,0,0,0,0,0,0,0,0,0,0,0,0,0,0.00,0,0,0,0,0,0.0,0.0,0.0,0.00,57,37,204,81,116,7,24,0,5.27,-3.9,.919,0,0,336.1,0,0,92,82,16,12,10,3,7,2,10,1,0.0,0.0
2B,Ketel Marte,Ketel,Marte,Joe Buck Yourself,6' 1',210 lbs,S,R,100,Arizona Diamondbacks,ARI,2019,2015+,,85655,Perfect,June Gems - Historical All-Star  2B Ketel Marte  ARI  2019,0,N,0,133,95,108,82,124,118,82,140,52,130,138,100,99,90,122,42,62,Normal,Spray,Spray,1,1,1,1,1,1,1,1,1,1,1,1,16,-,-,-,-,-,-,-,-,-,-,-,1,NEU,92-94,3/4,Normal,1,2,-,-,-,98,88,79,87,89,102,50,-,-,-,113,-,95,-,86,-,151,-,-,113,-,95,-,86,-,87,39,89,93,137,129,503,472,127,90,20,5,12,55,53,20,0,6,2,3,0,99,11,56.8,-2.16,55,-5.1,1.3,3.77,3,2,-0.5,1.2,0,0,0,0,0,0,0,0.0,0,0,0,0,0,0,0,0,0,0,0,0,0,0,0,0,0,0,0,0,0,0.00,0,0,0,0,0,0.0,0.0,0.0,0.00,142,129,558,361,181,16,84,0,4.24,-2.4,.980,0,0,1149.1,0,0,347,330,58,44,31,13,35,7,22,3,0.0,-0.1
2B,Ketel Marte,Ketel,Marte,Fortuna Lifters,6' 1',210 lbs,S,R,100,Arizona Diamondbacks,ARI,2019,2015+,,85655,Perfect,June Gems - Historical All-Star  2B Ketel Marte  ARI  2019,0,N,0,133,95,108,82,124,118,82,140,52,130,138,100,99,90,122,42,62,Normal,Spray,Spray,1,1,1,1,1,1,1,1,1,1,1,1,16,-,-,-,-,-,-,-,-,-,-,-,1,NEU,92-94,3/4,Normal,1,2,-,-,-,98,88,79,87,89,102,50,-,-,-,113,-,95,-,86,-,151,-,-,113,-,95,-,86,-,87,39,89,93,145,144,592,545,137,104,21,1,11,53,60,33,0,4,4,5,1,133,7,57.3,-1.51,53,-18.0,0.3,4.02,3,5,-2.1,3.1,0,0,0,0,0,0,0,0.0,0,0,0,0,0,0,0,0,0,0,0,0,0,0,0,0,0,0,0,0,0,0.00,0,0,0,0,0,0.0,0.0,0.0,0.00,146,144,572,380,184,8,85,0,3.94,-1.9,.987,0,0,1287.2,0,0,367,352,54,32,26,15,27,8,29,2,0.0,0.0
2B,Ketel Marte,Ketel,Marte,Milwaukee Braves,6' 1',210 lbs,S,R,100,Arizona Diamondbacks,ARI,2019,2015+,,85655,Perfect,June Gems - Historical All-Star  2B Ketel Marte  ARI  2019,0,N,0,133,95,108,82,124,118,82,140,52,130,138,100,99,90,122,42,62,Normal,Spray,Spray,1,1,1,1,1,1,1,1,1,1,1,1,16,-,-,-,-,-,-,-,-,-,-,-,1,NEU,92-94,3/4,Normal,1,2,-,-,-,98,88,79,87,89,102,50,-,-,-,113,-,95,-,86,-,151,-,-,113,-,95,-,86,-,87,39,89,93,105,82,347,323,104,67,27,1,9,45,48,21,1,1,1,1,0,73,7,57.2,0.94,55,13.5,2.3,3.83,3,1,0.1,1.4,0,0,0,0,0,0,0,0.0,0,0,0,0,0,0,0,0,0,0,0,0,0,0,0,0,0,0,0,0,0,0.00,0,0,0,0,0,0.0,0.0,0.0,0.00,96,79,320,214,95,11,50,0,3.76,-5.6,.949,0,0,738.2,0,0,224,205,25,16,18,10,26,6,15,1,0.0,-0.2
2B,Ketel Marte,Ketel,Marte,Kansas City Torrent,6' 1',210 lbs,S,R,100,Arizona Diamondbacks,ARI,2019,2015+,,85655,Perfect,June Gems - Historical All-Star  2B Ketel Marte  ARI  2019,56 698,N,0,133,95,108,82,124,118,82,140,52,130,138,100,99,90,122,42,62,Normal,Spray,Spray,1,1,1,1,1,1,1,1,1,1,1,1,16,-,-,-,-,-,-,-,-,-,-,-,1,NEU,92-94,3/4,Normal,1,2,-,-,-,98,88,79,87,89,102,50,-,-,-,113,-,95,-,86,-,151,-,-,113,-,95,-,86,-,87,39,89,93,65,52,222,208,57,32,15,1,9,32,28,10,0,3,1,0,0,42,4,31.3,-0.68,30,3.9,1.0,3.77,1,0,0.2,0.7,0,0,0,0,0,0,0,0.0,0,0,0,0,0,0,0,0,0,0,0,0,0,0,0,0,0,0,0,0,0,0.00,0,0,0,0,0,0.0,0.0,0.0,0.00,56,46,162,96,60,6,21,0,3.27,-3.1,.955,0,0,430.0,0,0,108,100,18,9,12,4,10,4,8,1,0.0,-0.1
2B,Ketel Marte,Ketel,Marte,Buffalo Bisons,6' 1',210 lbs,S,R,100,Arizona Diamondbacks,ARI,2019,2015+,,85655,Perfect,June Gems - Historical All-Star  2B Ketel Marte  ARI  2019,0,N,0,133,95,108,82,124,118,82,140,52,130,138,100,99,90,122,42,62,Normal,Spray,Spray,1,1,1,1,1,1,1,1,1,1,1,1,16,-,-,-,-,-,-,-,-,-,-,-,1,NEU,92-94,3/4,Normal,1,2,-,-,-,98,88,79,87,89,102,50,-,-,-,113,-,95,-,86,-,151,-,-,113,-,95,-,86,-,87,39,89,93,34,18,81,75,22,20,1,0,1,7,11,5,0,1,0,0,0,17,0,9.9,0.32,9,-0.6,0.3,3.85,2,0,0.4,0.6,0,0,0,0,0,0,0,0.0,0,0,0,0,0,0,0,0,0,0,0,0,0,0,0,0,0,0,0,0,0,0.00,0,0,0,0,0,0.0,0.0,0.0,0.00,33,18,83,52,29,2,14,0,3.91,0.0,1.012,0,0,186.2,0,0,51,48,9,6,3,2,1,0,7,1,0.0,-0.1
2B,Ketel Marte,Ketel,Marte,Ware Wolves,6' 1',210 lbs,S,R,100,Arizona Diamondbacks,ARI,2019,2015+,,85655,Perfect,June Gems - Historical All-Star  2B Ketel Marte  ARI  2019,0,N,0,133,95,108,82,124,118,82,140,52,130,138,100,99,90,122,42,62,Normal,Spray,Spray,1,1,1,1,1,1,1,1,1,1,1,1,16,-,-,-,-,-,-,-,-,-,-,-,1,NEU,92-94,3/4,Normal,1,2,-,-,-,98,88,79,87,89,102,50,-,-,-,113,-,95,-,86,-,151,-,-,113,-,95,-,86,-,87,39,89,93,141,141,662,630,184,120,37,5,22,81,100,27,0,3,0,2,0,115,10,94.1,2.95,90,11.2,3.7,3.69,2,1,-0.3,3.7,0,0,0,0,0,0,0,0.0,0,0,0,0,0,0,0,0,0,0,0,0,0,0,0,0,0,0,0,0,0,0.00,0,0,0,0,0,0.0,0.0,0.0,0.00,141,141,562,381,172,9,88,0,3.95,0.1,.999,0,0,1261.0,0,0,362,343,52,38,25,14,13,3,29,3,0.0,0.0
2B,Kevin McGonigle,Kevin,McGonigle,Krakow Hussars,5' 10',185 lbs,L,R,100,Detroit Tigers,DET,2026,2026,,84637,Perfect,FLF 2 - Future Legend  3B Kevin McGonigle  DET  2026,0,N,0,123,102,92,111,128,112,98,88,105,118,127,104,94,113,131,48,48,Normal,Normal,Normal,1,1,77,1,1,1,68,1,1,1,85,1,16,-,-,-,-,-,-,-,-,-,-,-,1,EX FB,75-80,3/4,Normal,1,1,-,-,-,73,77,69,76,59,67,60,-,-,-,83,74,67,-,3,1,130,-,74,83,74,67,68,41,61,74,54,70,75,107,67,310,281,83,59,15,0,9,32,34,27,2,0,0,2,0,67,3,45.9,-0.36,43,6.0,1.0,4.09,1,0,0.1,2.2,0,0,0,0,0,0,0,0.0,0,0,0,0,0,0,0,0,0,0,0,0,0,0,0,0,0,0,0,0,0,0.00,0,0,0,0,0,0.0,0.0,0.0,0.00,96,67,240,166,62,12,24,0,3.20,-8.8,.921,0,0,640.2,0,0,201,180,24,15,10,1,13,4,11,1,0.0,0.0
2B,Aidan Miller,Aidan,Miller,Real Intered Workers,6' 1',205 lbs,R,R,98,Philadelphia Phillies,PHI,2026,2026,,85117,Diamond,FLF 18 - Future Legend  2B Aidan Miller  PHI  2026,0,N,0,94,96,145,156,77,93,107,152,176,82,95,94,143,149,76,33,19,Normal,Pull,Pull,1,51,79,61,1,51,80,61,1,51,79,62,16,-,17,-,-,-,-,-,-,-,-,-,2,FB,90-92,3/4,Normal,53,37,2,2,2,99,96,111,99,55,53,74,-,-,44,123,122,112,2,-,-,156,-,99,123,122,112,63,36,61,93,106,119,91,123,90,391,334,70,43,17,0,10,39,44,44,2,7,1,5,0,99,6,40.6,-0.48,37,-9.5,0.5,4.07,12,1,2.3,-1.3,0,0,0,0,0,0,0,0.0,0,0,0,0,0,0,0,0,0,0,0,0,0,0,0,0,0,0,0,0,0,0.00,0,0,0,0,0,0.0,0.0,0.0,0.00,108,90,328,231,84,13,19,0,3.39,-0.4,.996,0,0,836.1,0,0,273,256,29,20,16,11,21,5,15,1,0.0,0.0
2B,Dobie Moore,Dobie,Moore,Atlantic City Surf - GH,5' 10',180 lbs,R,R,100,Kansas City Monarchs,KCM,1924,1921-1945,CS,84870,Perfect,Clubhouse - Negro League Star  SS Dobie Moore  KCM  1924,0,N,0,125,122,96,83,114,133,127,101,87,120,122,120,95,82,112,76,67,Normal,Pull,Normal,1,1,19,1,1,1,19,1,1,1,19,1,16,-,-,-,-,-,-,-,-,-,-,-,1,NEU,90-92,3/4,Normal,1,1,40,35,39,113,89,99,111,55,62,68,-,-,-,136,-,119,-,-,-,158,-,-,136,-,119,-,-,-,79,67,84,81,113,86,343,307,93,62,13,7,11,54,45,21,1,9,2,4,0,62,5,55.3,1.67,53,12.4,2.6,3.80,0,2,-1.2,-0.5,0,0,0,0,0,0,0,0.0,0,0,0,0,0,0,0,0,0,0,0,0,0,0,0,0,0,0,0,0,0,0.00,0,0,0,0,0,0.0,0.0,0.0,0.00,111,86,345,222,117,6,49,0,3.88,-0.2,1.012,0,0,787.0,0,0,245,235,28,18,25,12,18,4,18,0,0.0,0.0
2B,Joe Morgan,Joe,Morgan,Chicago Dogs,5' 7',160 lbs,L,R,100,Cincinnati Reds,CIN,1974,1961-1979,PTCS,85155,Perfect,PTCS 2 - Hall of Fame  2B Joe Morgan  CIN  1974,0,N,0,98,113,113,200,107,124,97,96,189,88,92,119,120,204,116,78,70,Normal,Spray,Spray,1,1,1,7,1,1,1,7,1,1,1,7,16,-,-,-,-,-,-,-,-,-,-,-,1,GB,90-92,OTT,GB'er,1,7,-,-,-,103,113,82,94,2,9,2,-,-,-,129,-,-,-,-,-,159,-,-,129,-,-,-,-,-,112,109,118,108,102,75,366,318,83,47,25,3,8,38,48,44,0,0,0,4,0,77,8,50.2,-0.23,49,5.9,2.4,4.09,13,3,1.5,2.1,0,0,0,0,0,0,0,0.0,0,0,0,0,0,0,0,0,0,0,0,0,0,0,0,0,0,0,0,0,0,0.00,0,0,0,0,0,0.0,0.0,0.0,0.00,85,75,294,188,100,6,44,0,3.82,-2.0,.983,0,0,678.2,0,0,191,176,25,20,21,11,17,5,17,0,0.0,-0.2
2B,Jackie Robinson,Jackie,Robinson,Joe Buck Yourself,5' 11',195 lbs,R,R,100,Brooklyn Dodgers,LAD,1949,1946-1960,ME,84013,Perfect,Celebrating 42 - Historical All-Star  2B Jackie Robinson  BRO  1949,0,N,0,128,126,88,97,140,122,120,82,98,140,130,128,90,97,140,115,112,Line Drive,Spray,Spray,1,1,1,3,1,1,1,3,1,1,1,3,16,-,-,-,-,-,-,-,-,-,-,-,1,NEU,90-92,OTT,Normal,1,1,-,-,-,111,102,89,114,87,103,81,-,-,92,139,119,-,110,-,-,160,-,92,139,119,-,110,-,-,107,104,106,117,105,49,238,214,55,37,11,1,6,27,25,16,0,2,0,6,0,44,0,27.9,0.98,25,-2.9,0.3,3.96,5,4,-0.9,0.2,0,0,0,0,0,0,0,0.0,0,0,0,0,0,0,0,0,0,0,0,0,0,0,0,0,0,0,0,0,0,0.00,0,0,0,0,0,0.0,0.0,0.0,0.00,135,49,279,159,111,9,32,0,4.33,-2.0,.992,0,0,561.2,0,0,171,157,31,25,12,5,13,2,9,0,0.0,0.0
2B,Jackie Robinson,Jackie,Robinson,Meaty Oakers,5' 11',195 lbs,R,R,100,Brooklyn Dodgers,LAD,1949,1946-1960,ME,84013,Perfect,Celebrating 42 - Historical All-Star  2B Jackie Robinson  BRO  1949,0,N,0,128,126,88,97,140,122,120,82,98,140,130,128,90,97,140,115,112,Line Drive,Spray,Spray,1,1,1,3,1,1,1,3,1,1,1,3,16,-,-,-,-,-,-,-,-,-,-,-,1,NEU,90-92,OTT,Normal,1,1,-,-,-,111,102,89,114,87,103,81,-,-,92,139,119,-,110,-,-,160,-,92,139,119,-,110,-,-,107,104,106,117,147,144,539,498,132,82,30,3,17,63,74,34,0,5,0,2,0,113,8,71.2,1.95,67,3.0,3.1,3.96,13,1,2.5,5.4,0,0,0,0,0,0,0,0.0,0,0,0,0,0,0,0,0,0,0,0,0,0,0,0,0,0,0,0,0,0,0.00,0,0,0,0,0,0.0,0.0,0.0,0.00,147,144,588,375,199,14,100,0,4.14,0.0,.998,0,0,1248.0,0,0,356,333,36,26,33,17,35,14,30,5,0.0,0.0
2B,Jackie Robinson,Jackie,Robinson,Washington Bishops,5' 11',195 lbs,R,R,100,Brooklyn Dodgers,LAD,1949,1946-1960,ME,84013,Perfect,Celebrating 42 - Historical All-Star  2B Jackie Robinson  BRO  1949,0,N,0,128,126,88,97,140,122,120,82,98,140,130,128,90,97,140,115,112,Line Drive,Spray,Spray,1,1,1,3,1,1,1,3,1,1,1,3,16,-,-,-,-,-,-,-,-,-,-,-,1,NEU,90-92,OTT,Normal,1,1,-,-,-,111,102,89,114,87,103,81,-,-,92,139,119,-,110,-,-,160,-,92,139,119,-,110,-,-,107,104,106,117,117,108,426,393,103,72,23,1,7,46,45,21,0,3,4,5,0,70,7,45.4,-0.36,41,-9.6,1.2,3.77,13,4,1.0,1.1,0,0,0,0,0,0,0,0.0,0,0,0,0,0,0,0,0,0,0,0,0,0,0,0,0,0,0,0,0,0,0.00,0,0,0,0,0,0.0,0.0,0.0,0.00,114,108,425,263,156,6,58,0,3.93,3.0,1.005,0,0,959.0,0,0,258,250,45,32,25,17,16,6,20,2,0.0,0.0
2B,Jackie Robinson,Jackie,Robinson,Krakow Hussars,5' 11',195 lbs,R,R,100,Brooklyn Dodgers,LAD,1949,1946-1960,ME,84013,Perfect,Celebrating 42 - Historical All-Star  2B Jackie Robinson  BRO  1949,0,N,0,128,126,88,97,140,122,120,82,98,140,130,128,90,97,140,115,112,Line Drive,Spray,Spray,1,1,1,3,1,1,1,3,1,1,1,3,16,-,-,-,-,-,-,-,-,-,-,-,1,NEU,90-92,OTT,Normal,1,1,-,-,-,111,102,89,114,87,103,81,-,-,92,139,119,-,110,-,-,160,-,92,139,119,-,110,-,-,107,104,106,117,138,133,586,519,139,94,36,3,6,53,65,39,0,4,20,4,0,105,5,69.8,1.08,60,-10.5,2.1,3.83,24,3,4.1,4.3,0,0,0,0,0,0,0,0.0,0,0,0,0,0,0,0,0,0,0,0,0,0,0,0,0,0,0,0,0,0,0.00,0,0,0,0,0,0.0,0.0,0.0,0.00,137,133,540,374,158,8,86,0,3.99,3.6,1.017,0,0,1200.1,0,0,340,322,62,49,37,23,28,9,18,1,0.0,0.0
2B,Jackie Robinson,Jackie,Robinson,Fortuna Lifters,5' 11',195 lbs,R,R,100,Brooklyn Dodgers,LAD,1949,1946-1960,ME,84013,Perfect,Celebrating 42 - Historical All-Star  2B Jackie Robinson  BRO  1949,0,N,0,128,126,88,97,140,122,120,82,98,140,130,128,90,97,140,115,112,Line Drive,Spray,Spray,1,1,1,3,1,1,1,3,1,1,1,3,16,-,-,-,-,-,-,-,-,-,-,-,1,NEU,90-92,OTT,Normal,1,1,-,-,-,111,102,89,114,87,103,81,-,-,92,139,119,-,110,-,-,160,-,92,139,119,-,110,-,-,107,104,106,117,144,142,593,530,132,90,29,1,12,70,73,37,0,3,19,4,0,101,8,62.4,0.43,54,-16.9,1.2,3.87,19,4,2.4,2.9,0,0,0,0,0,0,0,0.0,0,0,0,0,0,0,0,0,0,0,0,0,0,0,0,0,0,0,0,0,0,0.00,0,0,0,0,0,0.0,0.0,0.0,0.00,145,142,478,344,118,16,44,0,3.26,2.5,1.010,0,0,1275.0,0,0,394,370,45,36,20,12,20,4,32,5,0.0,0.0
2B,Jackie Robinson,Jackie,Robinson,Great Lakes Man-of-War-HOTL,5' 11',195 lbs,R,R,100,Brooklyn Dodgers,LAD,1949,1946-1960,ME,84013,Perfect,Celebrating 42 - Historical All-Star  2B Jackie Robinson  BRO  1949,0,N,0,128,126,88,97,140,122,120,82,98,140,130,128,90,97,140,115,112,Line Drive,Spray,Spray,1,1,1,3,1,1,1,3,1,1,1,3,16,-,-,-,-,-,-,-,-,-,-,-,1,NEU,90-92,OTT,Normal,1,1,-,-,-,111,102,89,114,87,103,81,-,-,92,139,119,-,110,-,-,160,-,92,139,119,-,110,-,-,107,104,106,117,137,137,576,516,124,89,23,5,7,56,53,39,0,6,9,6,0,105,14,52.5,-1.97,49,-19.5,0.4,3.80,8,5,-0.8,3.3,0,0,0,0,0,0,0,0.0,0,0,0,0,0,0,0,0,0,0,0,0,0,0,0,0,0,0,0,0,0,0.00,0,0,0,0,0,0.0,0.0,0.0,0.00,139,137,503,310,186,7,80,0,3.66,-0.6,.997,0,0,1219.0,0,0,313,296,52,37,31,15,23,9,23,1,0.0,-0.2
2B,Jackie Robinson,Jackie,Robinson,Salt Lake Bees,5' 11',195 lbs,R,R,100,Brooklyn Dodgers,LAD,1949,1946-1960,ME,84013,Perfect,Celebrating 42 - Historical All-Star  2B Jackie Robinson  BRO  1949,0,N,0,128,126,88,97,140,122,120,82,98,140,130,128,90,97,140,115,112,Line Drive,Spray,Spray,1,1,1,3,1,1,1,3,1,1,1,3,16,-,-,-,-,-,-,-,-,-,-,-,1,NEU,90-92,OTT,Normal,1,1,-,-,-,111,102,89,114,87,103,81,-,-,92,139,119,-,110,-,-,160,-,92,139,119,-,110,-,-,107,104,106,117,137,133,573,510,133,94,25,5,9,65,75,45,0,3,13,2,0,113,8,65.7,1.02,61,-7.9,1.7,3.91,17,5,1.3,4.0,0,0,0,0,0,0,0,0.0,0,0,0,0,0,0,0,0,0,0,0,0,0,0,0,0,0,0,0,0,0,0.00,0,0,0,0,0,0.0,0.0,0.0,0.00,141,133,502,294,196,12,66,0,3.75,-0.4,.999,0,0,1177.1,0,0,320,303,55,41,35,16,22,5,23,1,0.0,-0.5
2B,Jackie Robinson,Jackie,Robinson,Manchester Camels,5' 11',195 lbs,R,R,100,Brooklyn Dodgers,LAD,1949,1946-1960,ME,84013,Perfect,Celebrating 42 - Historical All-Star  2B Jackie Robinson  BRO  1949,0,N,0,128,126,88,97,140,122,120,82,98,140,130,128,90,97,140,115,112,Line Drive,Spray,Spray,1,1,1,3,1,1,1,3,1,1,1,3,16,-,-,-,-,-,-,-,-,-,-,-,1,NEU,90-92,OTT,Normal,1,1,-,-,-,111,102,89,114,87,103,81,-,-,92,139,119,-,110,-,-,160,-,92,139,119,-,110,-,-,107,104,106,117,145,141,613,538,145,109,25,1,10,67,78,46,2,5,19,5,0,98,9,70.8,0.71,63,-10.5,2.4,3.88,32,9,2.9,3.8,0,0,0,0,0,0,0,0.0,0,0,0,0,0,0,0,0,0,0,0,0,0,0,0,0,0,0,0,0,0,0.00,0,0,0,0,0,0.0,0.0,0.0,0.00,144,141,605,400,200,5,85,0,4.25,4.0,1.019,0,0,1270.1,0,0,389,373,63,52,35,15,29,9,26,3,0.0,0.0
2B,Jackie Robinson,Jackie,Robinson,St. Louis Honkers,5' 11',195 lbs,R,R,100,Brooklyn Dodgers,LAD,1949,1946-1960,ME,84013,Perfect,Celebrating 42 - Historical All-Star  2B Jackie Robinson  BRO  1949,0,N,0,128,126,88,97,140,122,120,82,98,140,130,128,90,97,140,115,112,Line Drive,Spray,Spray,1,1,1,3,1,1,1,3,1,1,1,3,16,-,-,-,-,-,-,-,-,-,-,-,1,NEU,90-92,OTT,Normal,1,1,-,-,-,111,102,89,114,87,103,81,-,-,92,139,119,-,110,-,-,160,-,92,139,119,-,110,-,-,107,104,106,117,147,142,617,556,135,92,34,3,6,43,68,47,0,6,6,1,1,106,12,58.7,-0.62,57,-16.4,1.0,3.87,12,9,-1.9,1.2,0,0,0,0,0,0,0,0.0,0,0,0,0,0,0,0,0,0,0,0,0,0,0,0,0,0,0,0,0,0,0.00,0,0,0,0,0,0.0,0.0,0.0,0.00,145,142,642,411,220,11,103,0,4.51,4.5,1.021,0,0,1259.2,0,0,364,342,66,51,51,32,30,11,33,5,0.0,0.2
2B,Jackie Robinson,Jackie,Robinson,Milwaukee Braves,5' 11',195 lbs,R,R,100,Brooklyn Dodgers,LAD,1949,1946-1960,ME,84013,Perfect,Celebrating 42 - Historical All-Star  2B Jackie Robinson  BRO  1949,0,N,0,128,126,88,97,140,122,120,82,98,140,130,128,90,97,140,115,112,Line Drive,Spray,Spray,1,1,1,3,1,1,1,3,1,1,1,3,16,-,-,-,-,-,-,-,-,-,-,-,1,NEU,90-92,OTT,Normal,1,1,-,-,-,111,102,89,114,87,103,81,-,-,92,139,119,-,110,-,-,160,-,92,139,119,-,110,-,-,107,104,106,117,130,129,544,487,148,97,33,5,13,67,65,35,0,4,14,4,0,95,10,81.3,0.30,77,11.8,4.2,3.90,12,4,0.7,3.7,0,0,0,0,0,0,0,0.0,0,0,0,0,0,0,0,0,0,0,0,0,0,0,0,0,0,0,0,0,0,0.00,0,0,0,0,0,0.0,0.0,0.0,0.00,130,129,540,351,183,6,91,0,4.09,5.7,1.023,0,0,1175.1,0,0,342,328,45,37,24,13,21,9,25,5,0.0,0.0
2B,Jackie Robinson,Jackie,Robinson,Real Intered Workers,5' 11',195 lbs,R,R,100,Brooklyn Dodgers,LAD,1949,1946-1960,ME,84013,Perfect,Celebrating 42 - Historical All-Star  2B Jackie Robinson  BRO  1949,0,N,0,128,126,88,97,140,122,120,82,98,140,130,128,90,97,140,115,112,Line Drive,Spray,Spray,1,1,1,3,1,1,1,3,1,1,1,3,16,-,-,-,-,-,-,-,-,-,-,-,1,NEU,90-92,OTT,Normal,1,1,-,-,-,111,102,89,114,87,103,81,-,-,92,139,119,-,110,-,-,160,-,92,139,119,-,110,-,-,107,104,106,117,143,143,599,539,129,85,29,5,10,54,61,32,0,4,20,4,0,93,13,53.8,-3.35,49,-22.6,0.1,3.71,11,9,-2.1,1.5,0,0,0,0,0,0,0,0.0,0,0,0,0,0,0,0,0,0,0,0,0,0,0,0,0,0,0,0,0,0,0.00,0,0,0,0,0,0.0,0.0,0.0,0.00,146,143,629,391,225,13,89,0,4.36,1.2,.992,0,0,1271.1,0,0,395,370,48,38,46,28,31,13,27,3,0.0,0.0
2B,Jackie Robinson,Jackie,Robinson,Svendborg Sailors,5' 11',195 lbs,R,R,100,Brooklyn Dodgers,LAD,1949,1946-1960,ME,84013,Perfect,Celebrating 42 - Historical All-Star  2B Jackie Robinson  BRO  1949,0,N,0,128,126,88,97,140,122,120,82,98,140,130,128,90,97,140,115,112,Line Drive,Spray,Spray,1,1,1,3,1,1,1,3,1,1,1,3,16,-,-,-,-,-,-,-,-,-,-,-,1,NEU,90-92,OTT,Normal,1,1,-,-,-,111,102,89,114,87,103,81,-,-,92,139,119,-,110,-,-,160,-,92,139,119,-,110,-,-,107,104,106,117,142,132,525,484,124,84,26,2,12,51,68,34,0,2,0,5,0,105,11,56.1,-0.82,55,-7.4,1.3,3.87,5,5,-1.5,3.3,0,0,0,0,0,0,0,0.0,0,0,0,0,0,0,0,0,0,0,0,0,0,0,0,0,0,0,0,0,0,0.00,0,0,0,0,0,0.0,0.0,0.0,0.00,143,132,528,343,173,12,70,0,3.96,-0.9,1.006,0,0,1171.2,0,0,359,337,43,28,30,15,24,8,17,2,0.0,0.0
2B,Jackie Robinson,Jackie,Robinson,Buffalo Bisons,5' 11',195 lbs,R,R,100,Brooklyn Dodgers,LAD,1949,1946-1960,ME,84013,Perfect,Celebrating 42 - Historical All-Star  2B Jackie Robinson  BRO  1949,0,N,0,128,126,88,97,140,122,120,82,98,140,130,128,90,97,140,115,112,Line Drive,Spray,Spray,1,1,1,3,1,1,1,3,1,1,1,3,16,-,-,-,-,-,-,-,-,-,-,-,1,NEU,90-92,OTT,Normal,1,1,-,-,-,111,102,89,114,87,103,81,-,-,92,139,119,-,110,-,-,160,-,92,139,119,-,110,-,-,107,104,106,117,144,144,579,506,139,98,26,8,7,46,73,52,0,6,13,2,0,92,6,77.2,0.06,70,0.9,2.9,3.84,27,4,4.3,4.6,0,0,0,0,0,0,0,0.0,0,0,0,0,0,0,0,0,0,0,0,0,0,0,0,0,0,0,0,0,0,0.00,0,0,0,0,0,0.0,0.0,0.0,0.00,144,144,577,349,216,12,95,0,4.09,0.1,1.012,0,0,1243.1,0,0,352,333,56,35,33,17,20,7,26,4,0.0,0.0
2B,Jackie Robinson,Jackie,Robinson,El Vampiro Ankle Biters,5' 11',195 lbs,R,R,100,Brooklyn Dodgers,LAD,1949,1946-1960,ME,84013,Perfect,Celebrating 42 - Historical All-Star  2B Jackie Robinson  BRO  1949,0,N,0,128,126,88,97,140,122,120,82,98,140,130,128,90,97,140,115,112,Line Drive,Spray,Spray,1,1,1,3,1,1,1,3,1,1,1,3,16,-,-,-,-,-,-,-,-,-,-,-,1,NEU,90-92,OTT,Normal,1,1,-,-,-,111,102,89,114,87,103,81,-,-,92,139,119,-,110,-,-,160,-,92,139,119,-,110,-,-,107,104,106,117,138,104,404,368,93,64,19,2,8,47,48,29,0,4,0,3,0,76,6,44.3,-0.76,43,-5.5,1.2,3.84,8,4,-0.3,2.7,0,0,0,0,0,0,0,0.0,0,0,0,0,0,0,0,0,0,0,0,0,0,0,0,0,0,0,0,0,0,0.00,0,0,0,0,0,0.0,0.0,0.0,0.00,139,104,396,241,149,6,57,0,3.76,-0.4,1.004,0,0,932.1,0,0,266,256,41,27,21,11,20,3,20,1,0.0,-0.1
2B,Jackie Robinson,Jackie,Robinson,Ware Wolves,5' 11',195 lbs,R,R,100,Brooklyn Dodgers,LAD,1949,1946-1960,ME,84013,Perfect,Celebrating 42 - Historical All-Star  2B Jackie Robinson  BRO  1949,0,N,0,128,126,88,97,140,122,120,82,98,140,130,128,90,97,140,115,112,Line Drive,Spray,Spray,1,1,1,3,1,1,1,3,1,1,1,3,16,-,-,-,-,-,-,-,-,-,-,-,1,NEU,90-92,OTT,Normal,1,1,-,-,-,111,102,89,114,87,103,81,-,-,92,139,119,-,110,-,-,160,-,92,139,119,-,110,-,-,107,104,106,117,142,142,568,524,137,98,30,3,6,54,66,39,0,1,3,1,0,98,9,60.2,-0.91,57,-10.8,1.3,3.79,5,2,-0.0,3.3,0,0,0,0,0,0,0,0.0,0,0,0,0,0,0,0,0,0,0,0,0,0,0,0,0,0,0,0,0,0,0.00,0,0,0,0,0,0.0,0.0,0.0,0.00,142,142,423,303,108,12,32,0,2.93,1.6,1.014,0,0,1261.1,0,0,346,329,40,25,24,13,23,10,25,1,0.0,0.0
2B,Jackie Robinson,Jackie,Robinson,Orange Jackrabbits,5' 11',195 lbs,R,R,100,Brooklyn Dodgers,LAD,1949,1946-1960,ME,84013,Perfect,Celebrating 42 - Historical All-Star  2B Jackie Robinson  BRO  1949,0,N,0,128,126,88,97,140,122,120,82,98,140,130,128,90,97,140,115,112,Line Drive,Spray,Spray,1,1,1,3,1,1,1,3,1,1,1,3,16,-,-,-,-,-,-,-,-,-,-,-,1,NEU,90-92,OTT,Normal,1,1,-,-,-,111,102,89,114,87,103,81,-,-,92,139,119,-,110,-,-,160,-,92,139,119,-,110,-,-,107,104,106,117,94,50,223,208,61,44,11,3,3,30,22,7,0,2,4,2,0,44,2,26.8,-0.60,25,-1.4,0.5,3.91,2,4,-1.7,0.6,0,0,0,0,0,0,0,0.0,0,0,0,0,0,0,0,0,0,0,0,0,0,0,0,0,0,0,0,0,0,0.00,0,0,0,0,0,0.0,0.0,0.0,0.00,95,50,181,95,82,4,27,0,3.16,0.5,1.024,0,0,504.2,0,0,107,103,27,19,16,3,16,3,19,4,0.0,-0.3
2B,Jackie Robinson,Jackie,Robinson,Pulaski Pils,5' 11',195 lbs,R,R,100,Brooklyn Dodgers,LAD,1949,1946-1960,ME,84013,Perfect,Celebrating 42 - Historical All-Star  2B Jackie Robinson  BRO  1949,0,N,0,128,126,88,97,140,122,120,82,98,140,130,128,90,97,140,115,112,Line Drive,Spray,Spray,1,1,1,3,1,1,1,3,1,1,1,3,16,-,-,-,-,-,-,-,-,-,-,-,1,NEU,90-92,OTT,Normal,1,1,-,-,-,111,102,89,114,87,103,81,-,-,92,139,119,-,110,-,-,160,-,92,139,119,-,110,-,-,107,104,106,117,146,142,615,560,147,98,36,5,8,43,81,43,0,9,1,2,0,106,9,72.3,-0.35,70,-4.0,3.2,3.93,21,7,1.3,5.3,0,0,0,0,0,0,0,0.0,0,0,0,0,0,0,0,0,0,0,0,0,0,0,0,0,0,0,0,0,0,0.00,0,0,0,0,0,0.0,0.0,0.0,0.00,144,142,582,398,176,8,92,0,4.05,3.3,1.021,0,0,1274.0,0,0,396,379,50,40,31,12,24,5,39,8,0.0,0.0
2B,Jackie Robinson,Jackie,Robinson,Memphis Redbirds,5' 11',195 lbs,R,R,100,Brooklyn Dodgers,LAD,1949,1946-1960,ME,84013,Perfect,Celebrating 42 - Historical All-Star  2B Jackie Robinson  BRO  1949,0,N,0,128,126,88,97,140,122,120,82,98,140,130,128,90,97,140,115,112,Line Drive,Spray,Spray,1,1,1,3,1,1,1,3,1,1,1,3,16,-,-,-,-,-,-,-,-,-,-,-,1,NEU,90-92,OTT,Normal,1,1,-,-,-,111,102,89,114,87,103,81,-,-,92,139,119,-,110,-,-,160,-,92,139,119,-,110,-,-,107,104,106,117,146,142,570,512,125,84,29,1,11,62,63,35,0,3,11,9,0,99,9,56.9,-1.74,50,-18.1,0.5,3.86,8,2,0.7,1.9,0,0,0,0,0,0,0,0.0,0,0,0,0,0,0,0,0,0,0,0,0,0,0,0,0,0,0,0,0,0,0.00,0,0,0,0,0,0.0,0.0,0.0,0.00,147,142,601,366,220,15,70,0,4.15,-0.4,1.000,0,0,1272.1,0,0,371,349,59,43,39,22,29,8,20,1,0.0,0.0
2B,Jackie Robinson,Jackie,Robinson,Marshall M.I.C.E.,5' 11',195 lbs,R,R,100,Brooklyn Dodgers,LAD,1949,1946-1960,ME,84013,Perfect,Celebrating 42 - Historical All-Star  2B Jackie Robinson  BRO  1949,0,N,0,128,126,88,97,140,122,120,82,98,140,130,128,90,97,140,115,112,Line Drive,Spray,Spray,1,1,1,3,1,1,1,3,1,1,1,3,16,-,-,-,-,-,-,-,-,-,-,-,1,NEU,90-92,OTT,Normal,1,1,-,-,-,111,102,89,114,87,103,81,-,-,92,139,119,-,110,-,-,160,-,92,139,119,-,110,-,-,107,104,106,117,140,54,288,256,72,50,18,0,4,36,37,23,0,2,1,6,0,52,5,36.0,0.59,34,0.0,1.2,4.02,11,4,0.5,1.6,0,0,0,0,0,0,0,0.0,0,0,0,0,0,0,0,0,0,0,0,0,0,0,0,0,0,0,0,0,0,0.00,0,0,0,0,0,0.0,0.0,0.0,0.00,159,54,283,174,103,6,31,0,3.56,1.6,1.022,0,0,700.2,0,0,183,175,26,23,22,8,9,1,7,1,0.0,-0.0
2B,Jackie Robinson,Jackie,Robinson,Paramus Fisher Cats,5' 11',195 lbs,R,R,100,Brooklyn Dodgers,LAD,1949,1946-1960,ME,84013,Perfect,Celebrating 42 - Historical All-Star  2B Jackie Robinson  BRO  1949,0,N,0,128,126,88,97,140,122,120,82,98,140,130,128,90,97,140,115,112,Line Drive,Spray,Spray,1,1,1,3,1,1,1,3,1,1,1,3,16,-,-,-,-,-,-,-,-,-,-,-,1,NEU,90-92,OTT,Normal,1,1,-,-,-,111,102,89,114,87,103,81,-,-,92,139,119,-,110,-,-,160,-,92,139,119,-,110,-,-,107,104,106,117,104,97,382,344,94,66,22,1,5,36,52,25,0,2,7,4,0,68,5,43.6,0.34,41,-4.9,0.5,3.81,6,4,-0.7,5.9,0,0,0,0,0,0,0,0.0,0,0,0,0,0,0,0,0,0,0,0,0,0,0,0,0,0,0,0,0,0,0.00,0,0,0,0,0,0.0,0.0,0.0,0.00,101,97,364,72,281,11,23,0,3.71,-3.4,.965,0,0,855.2,0,0,210,199,31,19,24,8,20,7,23,0,0.0,-1.3
3B,Adrian Beltre,Adrian,Beltre,Buffalo Bisons,5' 11',200 lbs,R,R,100,Boston Red Sox,BOS,2010,2005-2014,,85405,Perfect,Played Where? - Historical All-Star  3B Adrian Beltre  BOS  2010,0,N,0,122,140,102,78,124,139,144,99,89,110,116,138,103,74,129,4,1,Line Drive,Normal,Normal,1,1,1,1,1,1,1,1,1,1,1,1,16,-,-,-,-,-,-,-,-,-,-,-,1,NEU,90-92,OTT,Normal,1,9,-,-,-,114,69,108,48,4,7,7,-,-,-,-,108,-,-,-,-,152,-,-,-,108,-,-,-,-,18,11,12,32,144,144,556,511,140,89,34,1,16,71,67,36,0,4,3,2,0,102,10,72.5,-0.09,70,4.1,1.6,3.86,0,0,0.0,-2.5,0,0,0,0,0,0,0,0.0,0,0,0,0,0,0,0,0,0,0,0,0,0,0,0,0,0,0,0,0,0,0.00,0,0,0,0,0,0.0,0.0,0.0,0.00,144,144,409,293,92,24,33,0,2.74,-2.6,.987,0,0,1262.1,0,0,346,315,38,30,19,9,21,9,23,2,0.0,0.0
3B,Ken Caminiti,Ken,Caminiti,Meaty Oakers,6' 0',200 lbs,S,R,100,San Diego Padres,SDP,1996,1993-2004,,85751,Perfect,SwitchKnucklers - Hardware Heroes  3B Ken Caminiti  SD  1996,0,N,0,110,100,127,122,103,108,118,146,92,124,111,96,120,134,98,5,4,Normal,Normal,Normal,1,1,1,7,1,1,1,7,1,1,1,7,16,-,-,-,-,-,-,-,-,-,-,-,1,GB,90-92,OTT,GB'er,1,14,-,-,-,108,59,117,84,8,6,8,-,-,-,-,111,-,-,-,-,148,-,-,-,111,-,-,-,-,57,61,78,70,142,142,607,542,148,100,30,1,17,60,81,57,0,5,1,1,1,117,7,83.1,1.32,81,8.9,3.4,3.96,2,1,-0.3,1.9,0,0,0,0,0,0,0,0.0,0,0,0,0,0,0,0,0,0,0,0,0,0,0,0,0,0,0,0,0,0,0.00,0,0,0,0,0,0.0,0.0,0.0,0.00,142,142,455,341,92,22,36,0,3.07,1.3,.994,0,0,1269.0,0,0,379,357,52,41,31,17,15,6,24,2,0.0,0.0
3B,Ken Caminiti,Ken,Caminiti,Atlantic City Surf - GH,6' 0',200 lbs,S,R,100,San Diego Padres,SDP,1996,1993-2004,,85751,Perfect,SwitchKnucklers - Hardware Heroes  3B Ken Caminiti  SD  1996,0,N,0,110,100,127,122,103,108,118,146,92,124,111,96,120,134,98,5,4,Normal,Normal,Normal,1,1,1,7,1,1,1,7,1,1,1,7,16,-,-,-,-,-,-,-,-,-,-,-,1,GB,90-92,OTT,GB'er,1,14,-,-,-,108,59,117,84,8,6,8,-,-,-,-,111,-,-,-,-,148,-,-,-,111,-,-,-,-,57,61,78,70,111,72,331,289,66,47,13,0,6,34,45,36,3,2,0,4,0,67,9,30.2,-0.12,30,-9.7,0.2,3.90,1,3,-1.4,-1.1,0,0,0,0,0,0,0,0.0,0,0,0,0,0,0,0,0,0,0,0,0,0,0,0,0,0,0,0,0,0,0.00,0,0,0,0,0,0.0,0.0,0.0,0.00,101,72,229,172,44,13,17,0,2.85,0.1,1.009,0,0,681.0,0,0,200,190,22,15,12,5,9,2,12,0,0.0,0.0
3B,Darrell Evans,Darrell,Evans,St. Louis Honkers,6' 2',205 lbs,L,R,100,Atlanta Braves,ATL,1973,1961-1979,,84009,Perfect,Historical All-Star  3B Darrell Evans  ATL  1973,0,N,0,75,88,135,141,85,92,88,133,140,75,69,88,135,141,89,23,10,Flyball,Normal,Normal,1,1,1,3,1,1,1,3,1,1,1,3,16,-,-,-,-,-,-,-,-,-,-,-,1,NEU,89-91,OTT,Normal,1,5,-,-,-,103,70,94,68,8,2,1,-,-,101,-,98,-,-,-,-,146,-,101,-,98,-,-,-,-,53,25,67,42,76,74,290,251,56,41,8,0,7,24,34,33,0,2,0,4,0,70,2,29.5,-0.95,28,-6.7,0.2,4.02,0,0,0.0,0.3,0,0,0,0,0,0,0,0.0,0,0,0,0,0,0,0,0,0,0,0,0,0,0,0,0,0,0,0,0,0,0.00,0,0,0,0,0,0.0,0.0,0.0,0.00,76,74,437,125,305,7,35,0,6.04,1.1,1.006,0,0,640.1,0,0,163,155,17,14,13,8,2,1,7,0,0.0,0.0
3B,Maikel Garcia,Maikel,Garcia,Long Island Sounders,6' 0',180 lbs,R,R,100,Kansas City Royals,KCR,2026,2026,WBC,84609,Perfect,World Baseball Classic MVP  3B Maikel Garcia  KC  2026,0,N,0,131,106,88,84,125,128,120,88,81,124,132,101,88,86,125,50,50,Groundball,Spray,Spray,1,1,1,1,1,1,1,1,1,1,1,1,16,-,-,-,-,-,-,-,-,-,-,-,1,NEU,92-94,3/4,Normal,1,15,-,-,-,109,95,102,89,79,56,63,-,-,-,-,119,-,-,-,-,158,-,-,-,119,-,-,-,-,74,94,106,101,149,139,537,491,113,78,27,0,8,60,41,36,0,4,0,6,0,108,12,46.9,-1.29,43,-20.9,0.4,4.01,7,2,0.5,3.3,0,0,0,0,0,0,0,0.0,0,0,0,0,0,0,0,0,0,0,0,0,0,0,0,0,0,0,0,0,0,0.00,0,0,0,0,0,0.0,0.0,0.0,0.00,147,139,387,276,96,15,18,0,2.73,0.4,1.001,0,0,1225.2,0,0,326,309,44,33,26,12,16,4,16,1,0.0,-0.2
3B,Tommy Harper,Tommy,Harper,St. Louis Honkers,5' 10',170 lbs,R,R,101,Milwaukee Brewers,MIL,1970,1961-1979,BBR,86156,Perfect,Obscure All-Stars - Baseball Reference 5  3B Tommy Harper  ML4  1970,0,N,0,130,129,124,133,119,120,151,100,144,106,133,122,133,130,124,81,62,Normal,Pull,Pull,1,1,1,1,1,1,1,1,1,1,1,1,16,-,-,-,-,-,-,-,-,-,-,-,1,NEU,89-91,3/4,Normal,1,14,-,-,-,108,55,85,58,86,121,56,-,-,-,101,87,-,107,85,95,140,-,-,101,87,-,107,85,95,112,93,107,119,139,131,594,540,126,85,27,2,12,62,62,47,0,2,0,5,0,127,6,58.7,-0.22,55,-16.4,0.1,3.94,11,6,-0.6,-0.2,0,0,0,0,0,0,0,0.0,0,0,0,0,0,0,0,0,0,0,0,0,0,0,0,0,0,0,0,0,0,0.00,0,0,0,0,0,0.0,0.0,0.0,0.00,138,131,403,279,106,18,36,0,3.07,-2.9,.985,0,0,1128.2,0,0,309,293,51,38,31,10,30,7,16,1,0.0,0.0
3B,Tommy Harper,Tommy,Harper,Orange Jackrabbits,5' 10',170 lbs,R,R,101,Milwaukee Brewers,MIL,1970,1961-1979,BBR,86156,Perfect,Obscure All-Stars - Baseball Reference 5  3B Tommy Harper  ML4  1970,0,N,0,130,129,124,133,119,120,151,100,144,106,133,122,133,130,124,81,62,Normal,Pull,Pull,1,1,1,1,1,1,1,1,1,1,1,1,16,-,-,-,-,-,-,-,-,-,-,-,1,NEU,89-91,3/4,Normal,1,14,-,-,-,108,55,85,58,86,121,56,-,-,-,101,87,-,107,85,95,140,-,-,101,87,-,107,85,95,112,93,107,119,144,143,656,589,162,102,44,5,11,78,89,55,0,4,1,7,0,118,11,87.2,0.69,84,5.3,2.9,4.07,23,6,2.3,1.6,0,0,0,0,0,0,0,0.0,0,0,0,0,0,0,0,0,0,0,0,0,0,0,0,0,0,0,0,0,0,0.00,0,0,0,0,0,0.0,0.0,0.0,0.00,185,143,539,294,230,15,77,0,3.74,-3.4,.981,0,0,1261.0,0,0,314,297,68,40,38,20,18,5,38,5,0.0,-0.1
3B,Tommy Harper,Tommy,Harper,Memphis Redbirds,5' 10',170 lbs,R,R,101,Milwaukee Brewers,MIL,1970,1961-1979,BBR,86156,Perfect,Obscure All-Stars - Baseball Reference 5  3B Tommy Harper  ML4  1970,0,N,0,130,129,124,133,119,120,151,100,144,106,133,122,133,130,124,81,62,Normal,Pull,Pull,1,1,1,1,1,1,1,1,1,1,1,1,16,-,-,-,-,-,-,-,-,-,-,-,1,NEU,89-91,3/4,Normal,1,14,-,-,-,108,55,85,58,86,121,56,-,-,-,101,87,-,107,85,95,140,-,-,101,87,-,107,85,95,112,93,107,119,147,142,672,588,152,98,37,1,16,73,89,70,0,6,4,4,0,116,15,84.4,1.76,84,3.9,2.1,3.96,21,6,1.8,0.2,0,0,0,0,0,0,0,0.0,0,0,0,0,0,0,0,0,0,0,0,0,0,0,0,0,0,0,0,0,0,0.00,0,0,0,0,0,0.0,0.0,0.0,0.00,160,138,410,198,197,15,33,0,2.91,-3.3,.978,0,0,1220.1,0,0,306,286,52,38,37,12,31,8,52,5,0.0,-2.5
3B,Tommy Harper,Tommy,Harper,-,5' 10',170 lbs,R,R,101,Milwaukee Brewers,MIL,1970,1961-1979,BBR,86156,Perfect,Obscure All-Stars - Baseball Reference 5  3B Tommy Harper  ML4  1970,0,N,0,130,129,124,133,119,120,151,100,144,106,133,122,133,130,124,81,62,Normal,Pull,Pull,1,1,1,1,1,1,1,1,1,1,1,1,16,-,-,-,-,-,-,-,-,-,-,-,1,NEU,89-91,3/4,Normal,1,14,-,-,-,108,55,85,58,86,121,56,-,-,-,101,87,-,107,85,95,140,-,-,101,87,-,107,85,95,112,93,107,119,119,119,505,445,108,70,28,0,10,55,76,48,0,6,0,5,1,111,8,56.1,0.22,55,-5.7,0.4,4.07,2,0,0.3,3.9,0,0,0,0,0,0,0,0.0,0,0,0,0,0,0,0,0,0,0,0,0,0,0,0,0,0,0,0,0,0,0.00,0,0,0,0,0,0.0,0.0,0.0,0.00,6,6,18,0,18,0,0,0,3.12,0.7,1.051,0,0,52.0,0,0,13,13,3,3,5,2,1,0,3,0,0.0,0.3
3B,Tommy Harper,Tommy,Harper,Atlantic City Surf - GH,5' 10',170 lbs,R,R,101,Milwaukee Brewers,MIL,1970,1961-1979,BBR,86156,Perfect,Obscure All-Stars - Baseball Reference 5  3B Tommy Harper  ML4  1970,0,N,0,130,129,124,133,119,120,151,100,144,106,133,122,133,130,124,81,62,Normal,Pull,Pull,1,1,1,1,1,1,1,1,1,1,1,1,16,-,-,-,-,-,-,-,-,-,-,-,1,NEU,89-91,3/4,Normal,1,14,-,-,-,108,55,85,58,86,121,56,-,-,-,101,87,-,107,85,95,140,-,-,101,87,-,107,85,95,112,93,107,119,117,101,455,409,95,60,25,1,9,43,60,43,0,1,0,2,0,100,10,47.2,-1.31,45,-9.1,0.8,4.02,17,3,2.4,3.0,0,0,0,0,0,0,0,0.0,0,0,0,0,0,0,0,0,0,0,0,0,0,0,0,0,0,0,0,0,0,0.00,0,0,0,0,0,0.0,0.0,0.0,0.00,114,101,272,171,79,22,16,0,2.51,-7.0,.944,0,0,896.0,0,0,235,211,34,20,13,7,17,7,19,0,0.0,0.1
3B,Rogers Hornsby,Rogers,Hornsby,Milwaukee Braves,5' 11',175 lbs,R,R,101,St. Louis Cardinals,STL,1921,1921-1945,HOF,86436,Perfect,Hall of Fame  2B Rogers Hornsby  STL  1921,0,N,0,150,141,129,106,102,156,150,67,115,158,148,138,155,104,90,94,91,Line Drive,Normal,Normal,1,1,1,7,1,1,1,7,1,1,1,7,16,-,-,-,-,-,-,-,-,-,-,-,1,GB,90-92,3/4,GB'er,1,14,-,-,-,113,83,89,88,64,100,40,-,-,-,126,108,108,76,-,-,155,-,-,126,108,108,76,-,-,102,64,63,112,78,78,360,327,82,58,15,2,7,41,38,25,0,2,6,0,0,69,6,37.8,-0.25,35,-7.6,0.8,3.83,0,0,0.0,2.3,0,0,0,0,0,0,0,0.0,0,0,0,0,0,0,0,0,0,0,0,0,0,0,0,0,0,0,0,0,0,0.00,0,0,0,0,0,0.0,0.0,0.0,0.00,79,78,228,162,59,7,23,0,2.83,0.8,1.001,0,0,703.0,0,0,189,179,26,18,14,10,10,3,9,0,0.0,0.0
3B,Chipper Jones,Chipper,Jones,Meaty Oakers,6' 3',185 lbs,S,R,101,Atlanta Braves,ATL,1999,1993-2004,HOF,85952,Perfect,July Jewels - Hall of Fame  3B Chipper Jones  ATL  1999,0,N,0,118,112,136,165,110,133,102,160,140,105,113,116,128,174,112,4,4,Normal,Normal,Normal,1,1,1,1,1,1,1,1,1,1,1,1,16,-,-,-,-,-,-,-,-,-,-,-,1,NEU,89-91,OTT,Normal,1,23,-,-,-,69,61,74,47,9,5,8,-,-,-,-,65,53,-,-,-,118,-,-,-,65,53,-,-,-,82,78,107,83,128,102,506,446,124,80,25,0,19,65,77,51,0,5,1,3,0,104,4,77.4,1.98,75,14.4,2.5,4.02,15,6,0.4,1.9,0,0,0,0,0,0,0,0.0,0,0,0,0,0,0,0,0,0,0,0,0,0,0,0,0,0,0,0,0,0,0.00,0,0,0,0,0,0.0,0.0,0.0,0.00,19,15,51,44,6,1,2,0,3.06,0.2,1.004,0,0,147.0,0,0,43,41,4,4,5,2,2,0,1,0,0.0,0.0
3B,Chipper Jones,Chipper,Jones,Great Lakes Man-of-War-HOTL,6' 3',185 lbs,S,R,101,Atlanta Braves,ATL,1999,1993-2004,HOF,85952,Perfect,July Jewels - Hall of Fame  3B Chipper Jones  ATL  1999,0,N,0,118,112,136,165,110,133,102,160,140,105,113,116,128,174,112,4,4,Normal,Normal,Normal,1,1,1,1,1,1,1,1,1,1,1,1,16,-,-,-,-,-,-,-,-,-,-,-,1,NEU,89-91,OTT,Normal,1,23,-,-,-,69,61,74,47,9,5,8,-,-,-,-,65,53,-,-,-,118,-,-,-,65,53,-,-,-,82,78,107,83,100,51,272,237,56,40,6,0,10,31,41,29,0,5,0,1,0,59,4,32.5,-0.47,32,-0.2,0.7,4.11,10,3,0.8,1.2,0,0,0,0,0,0,0,0.0,0,0,0,0,0,0,0,0,0,0,0,0,0,0,0,0,0,0,0,0,0,0.00,0,0,0,0,0,0.0,0.0,0.0,0.00,37,25,80,58,19,3,4,0,2.79,-1.1,.967,0,0,248.2,0,0,68,63,7,5,6,4,3,0,10,0,0.0,0.0
3B,Chipper Jones,Chipper,Jones,Svendborg Sailors,6' 3',185 lbs,S,R,101,Atlanta Braves,ATL,1999,1993-2004,HOF,85952,Perfect,July Jewels - Hall of Fame  3B Chipper Jones  ATL  1999,0,Y,5,127,121,147,177,119,143,110,172,151,114,122,125,138,187,121,4,4,Normal,Normal,Normal,1,1,1,1,1,1,1,1,1,1,1,1,16,-,-,-,-,-,-,-,-,-,-,-,1,NEU,89-91,OTT,Normal,1,23,-,-,-,69,61,74,47,9,5,8,-,-,-,-,70,58,-,-,-,127,-,-,-,70,58,-,-,-,82,78,107,83,160,156,725,642,169,100,44,0,25,83,102,71,1,3,0,8,1,141,11,100.2,1.56,97,10.4,1.9,3.98,8,2,0.7,0.9,0,0,0,0,0,0,0,0.0,0,0,0,0,0,0,0,0,0,0,0,0,0,0,0,0,0,0,0,0,0,0.00,0,0,0,0,0,0.0,0.0,0.0,0.00,1,0,1,0,1,0,0,0,9.00,0.0,.000,0,0,1.0,0,0,0,0,0,0,0,0,0,0,0,0,0.0,0.0
3B,Chipper Jones,Chipper,Jones,Littleton CO Mountaineers,6' 3',185 lbs,S,R,101,Atlanta Braves,ATL,1999,1993-2004,HOF,85952,Perfect,July Jewels - Hall of Fame  3B Chipper Jones  ATL  1999,0,N,0,118,112,136,165,110,133,102,160,140,105,113,116,128,174,112,4,4,Normal,Normal,Normal,1,1,1,1,1,1,1,1,1,1,1,1,16,-,-,-,-,-,-,-,-,-,-,-,1,NEU,89-91,OTT,Normal,1,23,-,-,-,69,61,74,47,9,5,8,-,-,-,-,65,53,-,-,-,118,-,-,-,65,53,-,-,-,82,78,107,83,117,91,442,393,97,58,27,1,11,51,59,43,2,3,0,3,0,92,8,51.6,0.44,51,-1.7,0.3,3.89,9,6,-1.1,1.8,0,0,0,0,0,0,0,0.0,0,0,0,0,0,0,0,0,0,0,0,0,0,0,0,0,0,0,0,0,0,0.00,0,0,0,0,0,0.0,0.0,0.0,0.00,69,54,139,97,34,8,10,0,2.37,-3.4,.954,0,0,497.1,0,0,123,110,16,12,6,3,6,0,9,1,0.0,0.0
3B,Chipper Jones,Chipper,Jones,Ware Wolves,6' 3',185 lbs,S,R,101,Atlanta Braves,ATL,1999,1993-2004,HOF,85952,Perfect,July Jewels - Hall of Fame  3B Chipper Jones  ATL  1999,0,N,0,118,112,136,165,110,133,102,160,140,105,113,116,128,174,112,4,4,Normal,Normal,Normal,1,1,1,1,1,1,1,1,1,1,1,1,16,-,-,-,-,-,-,-,-,-,-,-,1,NEU,89-91,OTT,Normal,1,23,-,-,-,69,61,74,47,9,5,8,-,-,-,-,65,53,-,-,-,118,-,-,-,65,53,-,-,-,82,78,107,83,158,157,664,580,133,90,28,0,15,79,67,76,0,6,0,2,0,134,11,69.1,0.64,71,-8.7,-0.6,3.99,9,7,-1.7,1.2,0,0,0,0,0,0,0,0.0,0,0,0,0,0,0,0,0,0,0,0,0,0,0,0,0,0,0,0,0,0,0.00,0,0,0,0,0,0.0,0.0,0.0,0.00,0,0,0,0,0,0,0,0,0.00,0.0,.000,0,0,0.0,0,0,0,0,0,0,0,0,0,0,0,0,0.0,0.0
3B,Chipper Jones,Chipper,Jones,Orange Jackrabbits,6' 3',185 lbs,S,R,101,Atlanta Braves,ATL,1999,1993-2004,HOF,85952,Perfect,July Jewels - Hall of Fame  3B Chipper Jones  ATL  1999,0,N,0,118,112,136,165,110,133,102,160,140,105,113,116,128,174,112,4,4,Normal,Normal,Normal,1,1,1,1,1,1,1,1,1,1,1,1,16,-,-,-,-,-,-,-,-,-,-,-,1,NEU,89-91,OTT,Normal,1,23,-,-,-,69,61,74,47,9,5,8,-,-,-,-,65,53,-,-,-,118,-,-,-,65,53,-,-,-,82,78,107,83,148,148,693,609,147,95,39,1,12,58,91,69,0,10,0,5,0,126,9,76.6,-2.35,76,-6.7,0.1,4.07,11,7,-1.2,1.4,0,0,0,0,0,0,0,0.0,0,0,0,0,0,0,0,0,0,0,0,0,0,0,0,0,0,0,0,0,0,0.00,0,0,0,0,0,0.0,0.0,0.0,0.00,74,74,211,149,48,14,14,0,2.64,-8.9,.903,0,0,670.1,0,0,183,161,25,19,18,9,8,1,10,0,0.0,0.0
3B,Chipper Jones,Chipper,Jones,-,6' 3',185 lbs,S,R,101,Atlanta Braves,ATL,1999,1993-2004,HOF,85952,Perfect,July Jewels - Hall of Fame  3B Chipper Jones  ATL  1999,0,N,0,118,112,136,165,110,133,102,160,140,105,113,116,128,174,112,4,4,Normal,Normal,Normal,1,1,1,1,1,1,1,1,1,1,1,1,16,-,-,-,-,-,-,-,-,-,-,-,1,NEU,89-91,OTT,Normal,1,23,-,-,-,69,61,74,47,9,5,8,-,-,-,-,65,53,-,-,-,118,-,-,-,65,53,-,-,-,82,78,107,83,12,3,22,17,5,3,2,0,0,4,5,3,0,0,0,2,0,7,0,3.0,0.05,2,0.2,0.1,4.50,1,1,-0.3,0.3,0,0,0,0,0,0,0,0.0,0,0,0,0,0,0,0,0,0,0,0,0,0,0,0,0,0,0,0,0,0,0.00,0,0,0,0,0,0.0,0.0,0.0,0.00,2,1,1,1,0,0,0,0,0.90,0.0,1.060,0,0,10.0,0,0,1,1,0,0,0,0,0,0,0,0,0.0,0.0
3B,Chipper Jones,Chipper,Jones,Memphis Redbirds,6' 3',185 lbs,S,R,101,Atlanta Braves,ATL,1999,1993-2004,HOF,85952,Perfect,July Jewels - Hall of Fame  3B Chipper Jones  ATL  1999,0,N,0,118,112,136,165,110,133,102,160,140,105,113,116,128,174,112,4,4,Normal,Normal,Normal,1,1,1,1,1,1,1,1,1,1,1,1,16,-,-,-,-,-,-,-,-,-,-,-,1,NEU,89-91,OTT,Normal,1,23,-,-,-,69,61,74,47,9,5,8,-,-,-,-,65,53,-,-,-,118,-,-,-,65,53,-,-,-,82,78,107,83,157,157,694,621,154,96,35,0,23,101,74,60,0,8,0,5,0,134,9,85.2,0.85,83,0.3,1.0,3.98,14,6,0.1,3.3,0,0,0,0,0,0,0,0.0,0,0,0,0,0,0,0,0,0,0,0,0,0,0,0,0,0,0,0,0,0,0.00,0,0,0,0,0,0.0,0.0,0.0,0.00,7,5,12,8,3,1,3,0,2.30,-0.4,.926,0,0,43.0,0,0,10,8,1,1,0,0,0,0,1,0,0.0,0.0
3B,King Kelly,King,Kelly,Chicago Dogs,5' 10',170 lbs,R,R,100,Cincinnati Reds,CIN,1879,2026,UTIL,85153,Perfect,Young & Old 1 - Super Utility  3B King Kelly  CN1  1879,0,N,0,137,131,77,83,132,142,128,80,88,135,135,132,77,82,131,89,81,Groundball,Normal,Normal,1,1,1,3,1,1,1,3,1,1,1,3,-,-,-,16,-,17,-,-,-,-,-,-,2,NEU,90-92,3/4,Normal,1,2,83,82,89,89,69,97,74,85,64,112,-,90,-,96,94,-,-,87,111,138,90,-,96,94,-,-,87,111,102,87,96,109,90,87,315,292,79,57,15,5,2,29,38,17,0,2,0,4,0,57,6,34.3,-0.19,32,-5.4,1.1,3.82,3,1,0.1,2.5,0,0,0,0,0,0,0,0.0,0,0,0,0,0,0,0,0,0,0,0,0,0,0,0,0,0,0,0,0,0,0.00,0,0,0,0,0,0.0,0.0,0.0,0.00,90,87,338,160,165,13,14,0,3.89,-0.1,.975,16,5,751.1,0,57,172,161,27,21,13,8,9,4,5,0,-0.5,0.0
3B,John McGraw,John,McGraw,Washington Bishops,5' 7',155 lbs,L,R,101,Baltimore Orioles,NYY,1899,2026,,86438,Perfect,Young & Old 2 - Snapshot  3B John McGraw  BLN  1899,0,N,0,153,47,15,255,133,164,17,1,235,138,150,56,20,262,132,48,72,Groundball,Pull,Pull,1,1,1,4,1,1,1,4,1,1,1,4,16,-,-,-,-,-,-,-,-,-,-,-,1,NEU,90-92,3/4,Normal,1,20,-,-,-,61,104,74,38,9,9,5,-,-,-,-,79,-,-,-,-,134,-,-,-,79,-,-,-,-,78,106,110,90,91,73,331,276,65,58,7,0,0,16,40,44,0,5,3,3,0,48,3,32.4,-0.44,30,-9.6,0.3,4.16,22,3,3.7,0.1,0,0,0,0,0,0,0,0.0,0,0,0,0,0,0,0,0,0,0,0,0,0,0,0,0,0,0,0,0,0,0.00,0,0,0,0,0,0.0,0.0,0.0,0.00,80,73,190,139,47,4,10,0,2.57,-2.8,.971,0,0,651.2,0,0,175,160,21,17,15,6,2,1,6,0,0.0,-0.2
3B,John McGraw,John,McGraw,Svendborg Sailors,5' 7',155 lbs,L,R,101,Baltimore Orioles,NYY,1899,2026,,86438,Perfect,Young & Old 2 - Snapshot  3B John McGraw  BLN  1899,0,N,0,153,47,15,255,133,164,17,1,235,138,150,56,20,262,132,48,72,Groundball,Pull,Pull,1,1,1,4,1,1,1,4,1,1,1,4,16,-,-,-,-,-,-,-,-,-,-,-,1,NEU,90-92,3/4,Normal,1,20,-,-,-,61,104,74,38,9,9,5,-,-,-,-,79,-,-,-,-,134,-,-,-,79,-,-,-,-,78,106,110,90,74,67,275,231,67,57,9,0,1,24,43,37,0,3,0,4,0,55,5,34.5,0.41,36,3.1,1.2,4.10,10,4,0.2,0.2,0,0,0,0,0,0,0,0.0,0,0,0,0,0,0,0,0,0,0,0,0,0,0,0,0,0,0,0,0,0,0.00,0,0,0,0,0,0.0,0.0,0.0,0.00,70,67,181,135,40,6,9,0,2.69,-1.4,.980,0,0,586.1,0,0,160,151,21,14,13,8,6,0,8,0,0.0,0.0
3B,Albert Pujols,Albert,Pujols,Joe Buck Yourself,6' 3',220 lbs,R,R,100,St. Louis Cardinals,STL,2001,1993-2004,ME,84788,Perfect,Baseball Reference 1  3B Albert Pujols  STL  2001,0,N,0,120,109,128,99,106,95,88,130,118,101,130,118,128,95,108,12,1,Normal,Ex. Pull,Pull,1,1,1,1,1,1,1,1,1,1,1,1,17,-,-,-,-,-,-,19,-,-,-,-,2,EX FB,94-96,3/4,Normal,1,5,-,-,-,66,52,72,39,62,48,66,-,-,91,-,57,-,68,-,64,111,-,91,-,57,-,68,-,64,53,20,11,59,118,103,400,361,83,51,24,2,6,36,45,33,0,5,0,1,0,101,8,39.4,-0.71,38,-9.2,-0.1,3.98,0,0,0.0,-1.0,0,0,0,0,0,0,0,0.0,0,0,0,0,0,0,0,0,0,0,0,0,0,0,0,0,0,0,0,0,0,0.00,0,0,0,0,0,0.0,0.0,0.0,0.00,123,95,536,39,493,4,43,0,5.77,2.5,1.015,0,0,830.0,0,0,166,162,37,28,17,8,13,5,22,0,0.0,-0.3
3B,Albert Pujols,Albert,Pujols,Krakow Hussars,6' 3',220 lbs,R,R,100,St. Louis Cardinals,STL,2001,1993-2004,ME,84788,Perfect,Baseball Reference 1  3B Albert Pujols  STL  2001,0,N,0,120,109,128,99,106,95,88,130,118,101,130,118,128,95,108,12,1,Normal,Ex. Pull,Pull,1,1,1,1,1,1,1,1,1,1,1,1,17,-,-,-,-,-,-,19,-,-,-,-,2,EX FB,94-96,3/4,Normal,1,5,-,-,-,66,52,72,39,62,48,66,-,-,91,-,57,-,68,-,64,111,-,91,-,57,-,68,-,64,53,20,11,59,121,90,401,358,91,60,23,2,6,35,40,35,0,3,1,4,0,100,14,42.2,-1.05,44,-4.0,0.3,4.03,0,1,-0.7,-0.7,0,0,0,0,0,0,0,0.0,0,0,0,0,0,0,0,0,0,0,0,0,0,0,0,0,0,0,0,0,0,0.00,0,0,0,0,0,0.0,0.0,0.0,0.00,144,90,526,41,481,4,34,0,5.51,2.0,1.015,0,0,853.1,0,0,181,178,28,21,16,5,11,3,18,1,0.0,0.1
3B,Albert Pujols,Albert,Pujols,Fortuna Lifters,6' 3',220 lbs,R,R,100,St. Louis Cardinals,STL,2001,1993-2004,ME,84788,Perfect,Baseball Reference 1  3B Albert Pujols  STL  2001,0,N,0,120,109,128,99,106,95,88,130,118,101,130,118,128,95,108,12,1,Normal,Ex. Pull,Pull,1,1,1,1,1,1,1,1,1,1,1,1,17,-,-,-,-,-,-,19,-,-,-,-,2,EX FB,94-96,3/4,Normal,1,5,-,-,-,66,52,72,39,62,48,66,-,-,91,-,57,-,68,-,64,111,-,91,-,57,-,68,-,64,53,20,11,59,59,51,229,213,55,32,13,3,7,23,27,12,1,2,0,2,0,55,3,28.2,0.57,26,-0.7,0.1,3.86,0,1,-0.6,-0.5,0,0,0,0,0,0,0,0.0,0,0,0,0,0,0,0,0,0,0,0,0,0,0,0,0,0,0,0,0,0,0.00,0,0,0,0,0,0.0,0.0,0.0,0.00,57,51,231,79,146,6,20,0,4.23,-4.6,.943,0,0,478.2,0,0,113,101,12,8,10,5,4,0,7,0,0.0,0.1
3B,Albert Pujols,Albert,Pujols,St. Louis Honkers,6' 3',220 lbs,R,R,100,St. Louis Cardinals,STL,2001,1993-2004,ME,84788,Perfect,Baseball Reference 1  3B Albert Pujols  STL  2001,0,N,0,120,109,128,99,106,95,88,130,118,101,130,118,128,95,108,12,1,Normal,Ex. Pull,Pull,1,1,1,1,1,1,1,1,1,1,1,1,17,-,-,-,-,-,-,19,-,-,-,-,2,EX FB,94-96,3/4,Normal,1,5,-,-,-,66,52,72,39,62,48,66,-,-,91,-,57,-,68,-,64,111,-,91,-,57,-,68,-,64,53,20,11,59,132,129,539,503,137,93,22,1,21,65,61,28,0,7,0,1,0,129,11,69.8,-0.89,69,4.6,1.7,3.89,0,0,0.0,1.5,0,0,0,0,0,0,0,0.0,0,0,0,0,0,0,0,0,0,0,0,0,0,0,0,0,0,0,0,0,0,0.00,0,0,0,0,0,0.0,0.0,0.0,0.00,131,129,1235,98,1134,3,104,0,9.72,3.3,1.032,0,0,1140.2,0,0,219,217,24,19,13,5,7,1,9,2,0.0,0.0
3B,Albert Pujols,Albert,Pujols,Ware Wolves,6' 3',220 lbs,R,R,100,St. Louis Cardinals,STL,2001,1993-2004,ME,84788,Perfect,Baseball Reference 1  3B Albert Pujols  STL  2001,0,N,0,120,109,128,99,106,95,88,130,118,101,130,118,128,95,108,12,1,Normal,Ex. Pull,Pull,1,1,1,1,1,1,1,1,1,1,1,1,17,-,-,-,-,-,-,19,-,-,-,-,2,EX FB,94-96,3/4,Normal,1,5,-,-,-,66,52,72,39,62,48,66,-,-,91,-,57,-,68,-,64,111,-,91,-,57,-,68,-,64,53,20,11,59,150,150,664,580,142,96,30,1,15,76,78,72,0,6,0,6,0,126,18,73.7,0.81,76,-3.2,0.5,3.87,0,0,0.0,1.4,0,0,0,0,0,0,0,0.0,0,0,0,0,0,0,0,0,0,0,0,0,0,0,0,0,0,0,0,0,0,0.00,0,0,0,0,0,0.0,0.0,0.0,0.00,150,150,1462,132,1319,11,114,0,9.76,-1.0,.998,0,0,1338.2,0,0,288,280,43,29,11,8,11,0,11,0,0.0,-0.0
3B,Albert Pujols,Albert,Pujols,Tavistock Baseballersons,6' 3',220 lbs,R,R,100,St. Louis Cardinals,STL,2001,1993-2004,ME,84788,Perfect,Baseball Reference 1  3B Albert Pujols  STL  2001,0,N,0,120,109,128,99,106,95,88,130,118,101,130,118,128,95,108,12,1,Normal,Ex. Pull,Pull,1,1,1,1,1,1,1,1,1,1,1,1,17,-,-,-,-,-,-,19,-,-,-,-,2,EX FB,94-96,3/4,Normal,1,5,-,-,-,66,52,72,39,62,48,66,-,-,91,-,57,-,68,-,64,111,-,91,-,57,-,68,-,64,53,20,11,59,94,68,282,264,64,35,15,2,12,38,35,13,0,3,0,2,0,58,7,32.2,-1.52,32,-1.8,0.4,3.73,0,0,0.0,-0.3,0,0,0,0,0,0,0,0.0,0,0,0,0,0,0,0,0,0,0,0,0,0,0,0,0,0,0,0,0,0,0.00,0,0,0,0,0,0.0,0.0,0.0,0.00,95,68,467,41,423,3,34,0,6.54,1.1,1.014,0,0,638.1,0,0,130,126,17,11,13,6,8,3,9,1,0.0,-0.3
3B,Cal Ripken Jr.,Cal,Ripken Jr.,Krakow Hussars,6' 4',225 lbs,R,R,100,Baltimore Orioles,BAL,1983,1980-1992,HOF,84198,Perfect,Hall of Fame  SS Cal Ripken Jr.  BAL  1983,0,N,0,112,129,95,73,118,102,124,92,84,128,116,131,97,70,115,5,3,Line Drive,Normal,Normal,1,1,1,5,1,1,1,5,1,1,1,5,16,-,-,-,-,-,-,-,-,-,-,-,1,NEU,89-91,3/4,Normal,1,23,-,-,-,107,92,109,112,3,2,2,-,-,-,-,124,119,-,-,-,157,-,-,-,124,119,-,-,-,57,24,3,65,143,142,534,496,116,71,31,0,14,64,50,26,0,4,1,7,0,123,12,50.4,-0.57,47,-16.9,0.5,3.76,0,0,0.0,0.7,0,0,0,0,0,0,0,0.0,0,0,0,0,0,0,0,0,0,0,0,0,0,0,0,0,0,0,0,0,0,0.00,0,0,0,0,0,0.0,0.0,0.0,0.00,158,142,426,312,101,13,31,0,3.00,3.2,1.013,0,0,1237.2,0,0,337,317,43,33,34,20,27,9,22,3,0.0,0.0
3B,Jackie Robinson,Jackie,Robinson,Chicago Dogs,5' 11',195 lbs,R,R,100,Brooklyn Dodgers,LAD,1949,1946-1960,ME,84013,Perfect,Celebrating 42 - Historical All-Star  2B Jackie Robinson  BRO  1949,0,N,0,128,126,88,97,140,122,120,82,98,140,130,128,90,97,140,115,112,Line Drive,Spray,Spray,1,1,1,3,1,1,1,3,1,1,1,3,16,-,-,-,-,-,-,-,-,-,-,-,1,NEU,90-92,OTT,Normal,1,1,-,-,-,111,102,89,114,87,103,81,-,-,92,139,119,-,110,-,-,160,-,92,139,119,-,110,-,-,107,104,106,117,134,109,446,405,96,62,26,1,7,49,61,37,0,2,0,2,0,84,8,44.9,-1.56,43,-10.5,1.5,4.01,10,3,0.7,3.3,0,0,0,0,0,0,0,0.0,0,0,0,0,0,0,0,0,0,0,0,0,0,0,0,0,0,0,0,0,0,0.00,0,0,0,0,0,0.0,0.0,0.0,0.00,137,109,372,238,125,9,37,0,3.32,2.7,1.016,0,0,985.0,0,0,272,260,46,33,16,6,17,7,12,0,0.0,-0.0
3B,Jackie Robinson,Jackie,Robinson,Dungeon Meshi Marcille,5' 11',195 lbs,R,R,100,Brooklyn Dodgers,LAD,1949,1946-1960,ME,84013,Perfect,Celebrating 42 - Historical All-Star  2B Jackie Robinson  BRO  1949,0,N,0,128,126,88,97,140,122,120,82,98,140,130,128,90,97,140,115,112,Line Drive,Spray,Spray,1,1,1,3,1,1,1,3,1,1,1,3,16,-,-,-,-,-,-,-,-,-,-,-,1,NEU,90-92,OTT,Normal,1,1,-,-,-,111,102,89,114,87,103,81,-,-,92,139,119,-,110,-,-,160,-,92,139,119,-,110,-,-,107,104,106,117,108,36,183,165,51,28,17,1,5,29,37,15,0,0,1,2,0,35,3,29.7,1.67,29,7.9,1.5,4.08,6,5,-1.2,1.1,0,0,0,0,0,0,0,0.0,0,0,0,0,0,0,0,0,0,0,0,0,0,0,0,0,0,0,0,0,0,0.00,0,0,0,0,0,0.0,0.0,0.0,0.00,100,36,327,91,235,1,37,0,6.47,3.5,1.041,0,0,453.2,0,0,108,105,12,11,11,7,8,3,6,2,0.0,0.0
3B,Alex Rodriguez,Alex,Rodriguez,Kumamoto Ozeki TBD,6' 3',225 lbs,R,R,101,Texas Rangers,TEX,2003,1993-2004,BBR,86465,Perfect,Baseball Reference 7  SS Alex Rodriguez  TEX  2003,0,N,0,107,92,172,146,97,114,98,183,172,92,105,90,168,138,99,3,4,Normal,Pull,Pull,1,1,1,2,1,1,1,2,1,1,1,2,16,-,-,-,-,-,-,-,-,-,-,-,1,NEU,89-91,3/4,Normal,1,10,-,-,-,102,122,106,107,2,5,1,-,-,-,-,132,124,-,-,-,163,-,-,-,132,124,-,-,-,89,72,96,93,143,140,617,556,149,88,30,6,25,74,88,58,0,0,0,3,0,145,9,89.8,0.67,89,14.8,4.3,3.92,0,2,-1.3,0.2,0,0,0,0,0,0,0,0.0,0,0,0,0,0,0,0,0,0,0,0,0,0,0,0,0,0,0,0,0,0,0.00,0,0,0,0,0,0.0,0.0,0.0,0.00,140,140,420,325,85,10,21,0,2.99,6.7,1.040,0,0,1236.0,0,0,361,346,45,35,21,13,21,5,17,1,0.0,0.0
3B,Scott Rolen,Scott,Rolen,Great Lakes Man-of-War-HOTL,6' 4',235 lbs,R,R,101,St. Louis Cardinals,STL,2002,1993-2004,HOF,86405,Perfect,Trade Deadliners - Hall of Fame  3B Scott Rolen  STL  2002,0,N,0,130,108,131,145,118,161,122,112,225,110,120,104,138,118,121,5,2,Groundball,Normal,Normal,1,1,1,7,1,1,1,7,1,1,1,7,16,-,-,-,-,-,-,-,-,-,-,-,1,GB,91-93,OTT,GB'er,1,20,-,-,-,116,108,120,76,6,8,3,-,-,-,-,137,-,-,-,-,163,-,-,-,137,-,-,-,-,76,42,67,94,139,136,569,510,145,99,31,0,15,66,71,50,2,2,0,7,0,106,6,78.5,0.29,76,7.6,3.6,4.03,0,3,-1.8,2.3,0,0,0,0,0,0,0,0.0,0,0,0,0,0,0,0,0,0,0,0,0,0,0,0,0,0,0,0,0,0,0.00,0,0,0,0,0,0.0,0.0,0.0,0.00,136,136,425,324,91,10,28,0,3.06,7.7,1.034,0,0,1221.1,0,0,363,351,38,35,21,12,14,2,15,0,0.0,0.0
3B,Scott Rolen,Scott,Rolen,Kansas City Torrent,6' 4',235 lbs,R,R,101,St. Louis Cardinals,STL,2002,1993-2004,HOF,86405,Perfect,Trade Deadliners - Hall of Fame  3B Scott Rolen  STL  2002,132 945,N,0,130,108,131,145,118,161,122,112,225,110,120,104,138,118,121,5,2,Groundball,Normal,Normal,1,1,1,7,1,1,1,7,1,1,1,7,16,-,-,-,-,-,-,-,-,-,-,-,1,GB,91-93,OTT,GB'er,1,20,-,-,-,116,108,120,76,6,8,3,-,-,-,-,137,-,-,-,-,163,-,-,-,137,-,-,-,-,76,42,67,94,110,65,321,262,67,45,16,1,5,32,38,54,0,3,0,2,0,58,4,43.0,0.54,45,7.1,2.2,4.25,0,1,-0.7,0.7,0,0,0,0,0,0,0,0.0,0,0,0,0,0,0,0,0,0,0,0,0,0,0,0,0,0,0,0,0,0,0.00,0,0,0,0,0,0.0,0.0,0.0,0.00,83,54,200,155,41,4,16,0,3.36,4.7,1.056,0,0,524.1,0,0,164,158,19,13,18,13,5,2,12,1,0.0,-0.0
3B,Scott Rolen,Scott,Rolen,El Vampiro Ankle Biters,6' 4',235 lbs,R,R,101,St. Louis Cardinals,STL,2002,1993-2004,HOF,86405,Perfect,Trade Deadliners - Hall of Fame  3B Scott Rolen  STL  2002,0,N,0,130,108,131,145,118,161,122,112,225,110,120,104,138,118,121,5,2,Groundball,Normal,Normal,1,1,1,7,1,1,1,7,1,1,1,7,16,-,-,-,-,-,-,-,-,-,-,-,1,GB,91-93,OTT,GB'er,1,20,-,-,-,116,108,120,76,6,8,3,-,-,-,-,137,-,-,-,-,163,-,-,-,137,-,-,-,-,76,42,67,94,142,142,629,544,146,102,30,1,13,82,78,71,1,6,0,8,0,112,14,79.7,0.74,81,6.0,3.6,3.98,0,1,-0.8,2.4,0,0,0,0,0,0,0,0.0,0,0,0,0,0,0,0,0,0,0,0,0,0,0,0,0,0,0,0,0,0,0.00,0,0,0,0,0,0.0,0.0,0.0,0.00,142,142,389,268,108,13,18,0,2.68,4.2,1.020,0,0,1261.0,0,0,323,306,41,35,29,14,19,6,22,3,0.0,0.0
3B,Scott Rolen,Scott,Rolen,Tavistock Baseballersons,6' 4',235 lbs,R,R,101,St. Louis Cardinals,STL,2002,1993-2004,HOF,86405,Perfect,Trade Deadliners - Hall of Fame  3B Scott Rolen  STL  2002,0,N,0,130,108,131,145,118,161,122,112,225,110,120,104,138,118,121,5,2,Groundball,Normal,Normal,1,1,1,7,1,1,1,7,1,1,1,7,16,-,-,-,-,-,-,-,-,-,-,-,1,GB,91-93,OTT,GB'er,1,20,-,-,-,116,108,120,76,6,8,3,-,-,-,-,137,-,-,-,-,163,-,-,-,137,-,-,-,-,76,42,67,94,141,135,625,543,144,88,37,2,17,67,78,73,0,5,0,4,0,113,13,86.2,0.98,88,13.2,4.5,4.13,1,1,-0.5,3.3,0,0,0,0,0,0,0,0.0,0,0,0,0,0,0,0,0,0,0,0,0,0,0,0,0,0,0,0,0,0,0.00,0,0,0,0,0,0.0,0.0,0.0,0.00,137,135,406,308,86,12,32,0,2.93,6.9,1.049,0,0,1208.2,0,0,342,327,48,34,25,15,17,6,21,2,0.0,0.0
3B,Scott Rolen,Scott,Rolen,Pulaski Pils,6' 4',235 lbs,R,R,101,St. Louis Cardinals,STL,2002,1993-2004,HOF,86405,Perfect,Trade Deadliners - Hall of Fame  3B Scott Rolen  STL  2002,0,N,0,130,108,131,145,118,161,122,112,225,110,120,104,138,118,121,5,2,Groundball,Normal,Normal,1,1,1,7,1,1,1,7,1,1,1,7,16,-,-,-,-,-,-,-,-,-,-,-,1,GB,91-93,OTT,GB'er,1,20,-,-,-,116,108,120,76,6,8,3,-,-,-,-,137,-,-,-,-,163,-,-,-,137,-,-,-,-,76,42,67,94,147,141,624,555,145,97,35,0,13,59,66,66,1,2,0,1,0,130,8,77.8,0.91,77,2.2,3.2,4.12,2,1,-0.3,-1.1,0,0,0,0,0,0,0,0.0,0,0,0,0,0,0,0,0,0,0,0,0,0,0,0,0,0,0,0,0,0,0.00,0,0,0,0,0,0.0,0.0,0.0,0.00,143,141,401,272,117,12,26,0,2.79,5.1,1.031,0,0,1254.1,0,0,336,322,33,29,23,8,20,7,19,1,0.0,0.0
3B,Scott Rolen,Scott,Rolen,Paramus Fisher Cats,6' 4',235 lbs,R,R,101,St. Louis Cardinals,STL,2002,1993-2004,HOF,86405,Perfect,Trade Deadliners - Hall of Fame  3B Scott Rolen  STL  2002,0,N,0,130,108,131,145,118,161,122,112,225,110,120,104,138,118,121,5,2,Groundball,Normal,Normal,1,1,1,7,1,1,1,7,1,1,1,7,16,-,-,-,-,-,-,-,-,-,-,-,1,GB,91-93,OTT,GB'er,1,20,-,-,-,116,108,120,76,6,8,3,-,-,-,-,137,-,-,-,-,163,-,-,-,137,-,-,-,-,76,42,67,94,148,145,606,518,136,87,29,0,20,82,89,75,0,4,0,9,0,97,14,82.8,1.87,85,12.1,4.2,3.91,1,1,-0.5,5.7,0,0,0,0,0,0,0,0.0,0,0,0,0,0,0,0,0,0,0,0,0,0,0,0,0,0,0,0,0,0,0.00,0,0,0,0,0,0.0,0.0,0.0,0.00,146,145,431,336,75,20,37,0,2.85,2.6,1.011,0,0,1297.1,0,0,351,329,60,46,22,13,19,8,22,1,0.0,0.0
3B,Scott Rolen,Scott,Rolen,Dungeon Meshi Marcille,6' 4',235 lbs,R,R,101,St. Louis Cardinals,STL,2002,1993-2004,HOF,86405,Perfect,Trade Deadliners - Hall of Fame  3B Scott Rolen  STL  2002,0,N,0,130,108,131,145,118,161,122,112,225,110,120,104,138,118,121,5,2,Groundball,Normal,Normal,1,1,1,7,1,1,1,7,1,1,1,7,16,-,-,-,-,-,-,-,-,-,-,-,1,GB,91-93,OTT,GB'er,1,20,-,-,-,116,108,120,76,6,8,3,-,-,-,-,137,-,-,-,-,163,-,-,-,137,-,-,-,-,76,42,67,94,144,143,610,532,128,82,23,4,19,73,87,68,0,5,0,5,0,115,18,70.9,1.05,74,1.3,2.9,4.05,0,1,-0.8,3.2,0,0,0,0,0,0,0,0.0,0,0,0,0,0,0,0,0,0,0,0,0,0,0,0,0,0,0,0,0,0,0.00,0,0,0,0,0,0.0,0.0,0.0,0.00,144,143,469,354,94,21,26,0,3.26,5.5,1.013,0,0,1237.2,0,0,374,356,55,47,36,20,23,7,15,2,0.0,0.0
3B,Al Rosen,Al,Rosen,Tavistock Baseballersons,5' 10',180 lbs,R,R,101,Cleveland,CLE,1953,1946-1960,,86633,Perfect,50s Theme Week - Historical All-Star  3B Al Rosen  CLE  1953,0,N,0,84,87,179,135,149,93,75,162,148,131,82,91,185,130,155,3,9,Flyball,Spray,Spray,1,1,1,2,1,1,1,2,1,1,1,2,16,-,-,-,-,-,-,-,-,-,-,-,1,NEU,90-92,OTT,Normal,1,10,-,-,-,86,74,71,42,9,5,10,-,-,75,-,75,68,-,-,-,134,-,75,-,75,68,-,-,-,53,44,49,84,23,20,88,75,20,14,0,1,5,16,11,11,0,0,0,2,0,17,2,13.5,0.16,13,2.9,0.4,4.16,0,0,0.0,0.3,0,0,0,0,0,0,0,0.0,0,0,0,0,0,0,0,0,0,0,0,0,0,0,0,0,0,0,0,0,0,0.00,0,0,0,0,0,0.0,0.0,0.0,0.00,20,18,142,20,121,1,13,0,7.64,-0.3,.980,0,0,166.0,0,0,32,31,4,2,2,2,1,0,3,0,0.0,0.0
3B,Al Rosen,Al,Rosen,Washington Bishops,5' 10',180 lbs,R,R,101,Cleveland,CLE,1953,1946-1960,,86633,Perfect,50s Theme Week - Historical All-Star  3B Al Rosen  CLE  1953,0,N,0,84,87,179,135,149,93,75,162,148,131,82,91,185,130,155,3,9,Flyball,Spray,Spray,1,1,1,2,1,1,1,2,1,1,1,2,16,-,-,-,-,-,-,-,-,-,-,-,1,NEU,90-92,OTT,Normal,1,10,-,-,-,86,74,71,42,9,5,10,-,-,75,-,75,68,-,-,-,134,-,75,-,75,68,-,-,-,53,44,49,84,89,73,321,281,72,50,5,1,16,44,43,29,1,5,0,6,0,62,7,41.9,0.50,42,3.8,0.8,4.02,0,2,-1.2,-0.4,0,0,0,0,0,0,0,0.0,0,0,0,0,0,0,0,0,0,0,0,0,0,0,0,0,0,0,0,0,0,0.00,0,0,0,0,0,0.0,0.0,0.0,0.00,76,62,398,86,307,5,28,0,6.10,-1.5,.992,0,0,579.2,0,0,133,124,12,9,11,6,7,0,1,0,0.0,0.0
3B,Al Rosen,Al,Rosen,Pulaski Pils,5' 10',180 lbs,R,R,101,Cleveland,CLE,1953,1946-1960,,86633,Perfect,50s Theme Week - Historical All-Star  3B Al Rosen  CLE  1953,0,N,0,84,87,179,135,149,93,75,162,148,131,82,91,185,130,155,3,9,Flyball,Spray,Spray,1,1,1,2,1,1,1,2,1,1,1,2,16,-,-,-,-,-,-,-,-,-,-,-,1,NEU,90-92,OTT,Normal,1,10,-,-,-,86,74,71,42,9,5,10,-,-,75,-,75,68,-,-,-,134,-,75,-,75,68,-,-,-,53,44,49,84,99,90,397,363,88,55,16,2,15,49,49,32,1,1,0,1,0,86,8,44.6,-1.35,45,-2.4,0.2,4.00,1,4,-2.0,0.2,0,0,0,0,0,0,0,0.0,0,0,0,0,0,0,0,0,0,0,0,0,0,0,0,0,0,0,0,0,0,0.00,0,0,0,0,0,0.0,0.0,0.0,0.00,36,34,327,35,289,3,25,0,9.58,-0.7,.984,0,0,304.1,0,0,72,68,4,3,1,1,3,0,1,0,0.0,0.0
3B,Mike Schmidt,Mike,Schmidt,Real Intered Workers,6' 2',205 lbs,R,R,99,Philadelphia Phillies,PHI,1977,1961-1979,,86286,Diamond,All-Star Week - Historical All-Star  3B Mike Schmidt  PHI  1977,0,N,0,72,123,154,158,71,108,86,180,165,68,60,139,145,156,73,43,63,Normal,Normal,Normal,1,1,1,1,1,1,1,1,1,1,1,1,16,-,-,-,-,-,-,-,-,-,-,-,1,NEU,89-91,OTT,Normal,1,12,-,-,-,109,66,117,47,5,7,7,-,-,-,103,109,98,-,-,-,149,-,-,103,109,98,-,-,-,68,63,73,55,24,16,70,59,8,7,0,0,1,5,5,9,0,0,0,2,0,20,1,3.3,-0.61,1,-6.6,-0.6,4.24,0,0,0.0,-1.0,0,0,0,0,0,0,0,0.0,0,0,0,0,0,0,0,0,0,0,0,0,0,0,0,0,0,0,0,0,0,0.00,0,0,0,0,0,0.0,0.0,0.0,0.00,17,16,53,36,15,2,7,0,3.21,-1.3,.954,0,0,143.0,0,0,39,34,8,5,3,1,3,1,3,1,0.0,0.0
3B,Mike Schmidt,Mike,Schmidt,Memphis Redbirds,6' 2',205 lbs,R,R,99,Philadelphia Phillies,PHI,1977,1961-1979,,86286,Diamond,All-Star Week - Historical All-Star  3B Mike Schmidt  PHI  1977,0,N,0,72,123,154,158,71,108,86,180,165,68,60,139,145,156,73,43,63,Normal,Normal,Normal,1,1,1,1,1,1,1,1,1,1,1,1,16,-,-,-,-,-,-,-,-,-,-,-,1,NEU,89-91,OTT,Normal,1,12,-,-,-,109,66,117,47,5,7,7,-,-,-,103,109,98,-,-,-,149,-,-,103,109,98,-,-,-,68,63,73,55,98,92,380,333,71,52,6,2,11,35,43,45,0,2,0,0,0,114,8,36.5,-1.46,37,-8.3,0.6,4.14,0,0,0.0,2.7,0,0,0,0,0,0,0,0.0,0,0,0,0,0,0,0,0,0,0,0,0,0,0,0,0,0,0,0,0,0,0.00,0,0,0,0,0,0.0,0.0,0.0,0.00,98,92,307,216,72,19,25,0,3.20,-2.6,.983,0,0,810.2,0,0,258,243,33,25,23,10,13,1,14,0,0.0,0.0
3B,Arky Vaughan,Arky,Vaughan,The Black Freighter TBD,5' 10',175 lbs,L,R,101,Pittsburgh Pirates,PIT,1935,1921-1945,,85021,Perfect,Heart Attack - Historical All-Star  SS Arky Vaughan  PIT  1935,0,N,0,131,90,101,149,169,148,84,77,140,179,125,93,113,152,166,38,4,Normal,Spray,Spray,1,1,1,3,1,1,1,3,1,1,1,3,16,-,-,-,-,-,-,-,-,-,-,-,1,NEU,90-92,3/4,Normal,1,6,-,-,-,105,68,97,84,6,4,4,-,-,-,-,102,98,-,-,-,148,-,-,-,102,98,-,-,-,67,46,40,81,139,139,606,525,151,98,35,6,12,58,79,68,0,7,0,6,0,90,10,91.5,0.72,91,18.7,3.4,3.98,0,0,0.0,-1.2,0,0,0,0,0,0,0,0.0,0,0,0,0,0,0,0,0,0,0,0,0,0,0,0,0,0,0,0,0,0,0.00,0,0,0,0,0,0.0,0.0,0.0,0.00,150,139,398,289,92,17,23,0,2.70,-1.5,.994,0,0,1271.0,0,0,340,319,51,39,24,9,17,5,16,0,0.0,0.0
3B,Arky Vaughan,Arky,Vaughan,Marshall M.I.C.E.,5' 10',175 lbs,L,R,101,Pittsburgh Pirates,PIT,1935,1921-1945,,85021,Perfect,Heart Attack - Historical All-Star  SS Arky Vaughan  PIT  1935,0,N,0,131,90,101,149,169,148,84,77,140,179,125,93,113,152,166,38,4,Normal,Spray,Spray,1,1,1,3,1,1,1,3,1,1,1,3,16,-,-,-,-,-,-,-,-,-,-,-,1,NEU,90-92,3/4,Normal,1,6,-,-,-,105,68,97,84,6,4,4,-,-,-,-,102,98,-,-,-,148,-,-,-,102,98,-,-,-,67,46,40,81,144,144,608,552,151,104,32,2,13,73,89,50,1,2,1,3,0,84,10,74.6,0.08,74,1.8,1.5,3.97,0,5,-2.8,-0.0,0,0,0,0,0,0,0,0.0,0,0,0,0,0,0,0,0,0,0,0,0,0,0,0,0,0,0,0,0,0,0.00,0,0,0,0,0,0.0,0.0,0.0,0.00,144,144,374,270,86,18,27,0,2.86,-3.7,.983,0,0,1118.1,0,0,305,282,42,27,31,16,16,5,24,2,0.0,-0.2
3B,Jud Wilson,Jud,Wilson,Orange Jackrabbits,5' 8',195 lbs,L,R,100,Baltimore Black Sox,,1927,1921-1945,CS,85178,Perfect,Clubhouse - Negro League Star  3B Jud Wilson  BBS  1927,0,N,0,138,137,117,109,111,125,124,108,97,103,143,141,120,114,114,57,51,Groundball,Pull,Normal,1,1,1,5,1,1,1,5,1,1,1,5,16,-,-,-,-,-,-,-,-,-,-,-,1,NEU,90-92,OTT,Normal,1,23,-,-,-,89,59,96,43,4,9,4,-,-,65,81,85,-,-,-,-,131,-,65,81,85,-,-,-,-,87,101,107,91,110,91,444,392,99,56,26,3,14,54,67,45,0,5,2,0,0,93,5,62.0,1.64,59,6.4,2.2,3.96,13,2,2.0,0.2,0,0,0,0,0,0,0,0.0,0,0,0,0,0,0,0,0,0,0,0,0,0,0,0,0,0,0,0,0,0,0.00,0,0,0,0,0,0.0,0.0,0.0,0.00,119,91,305,195,102,8,25,0,3.27,-2.0,1.000,0,0,817.2,0,0,233,219,31,19,16,6,9,3,5,0,0.0,-0.0
3B,Brandon Wood,Brandon,Wood,Kansas City Torrent,6' 3',205 lbs,R,R,101,Los Angeles Angels,ANA,2008,2005-2014,HFL,86593,Perfect,Young & Old 2 - Historical Future Legend  3B Brandon Wood  LAA  2008,93 066,N,0,114,136,160,124,108,107,148,150,111,98,116,132,164,128,112,51,17,Normal,Pull,Pull,1,1,1,3,1,1,1,3,1,1,1,3,16,-,-,-,-,-,-,-,-,-,-,-,1,NEU,91-93,3/4,Normal,1,15,-,-,-,102,66,93,38,2,5,1,-,-,105,93,91,83,-,-,-,142,-,105,93,91,83,-,-,-,79,54,95,82,145,139,583,529,123,73,36,1,13,71,70,45,0,3,0,6,0,127,13,59.2,0.04,56,-13.2,-0.0,4.00,8,1,1.2,0.1,0,0,0,0,0,0,0,0.0,0,0,0,0,0,0,0,0,0,0,0,0,0,0,0,0,0,0,0,0,0,0.00,0,0,0,0,0,0.0,0.0,0.0,0.00,89,86,621,121,493,7,60,0,7.11,0.7,1.008,0,0,777.0,0,0,167,160,20,17,14,6,5,1,8,1,0.0,0.0
3B,David Wright,David,Wright,Manchester Camels,6' 0',205 lbs,R,R,100,New York Mets,NYM,2007,2005-2014,,83857,Perfect,Hardware Heroes  3B David Wright  NYM  2007,0,Y,5,133,99,115,115,102,135,105,130,118,117,132,97,109,114,98,2,2,Groundball,Normal,Normal,1,1,1,1,1,1,1,1,1,1,1,1,16,-,-,-,-,-,-,-,-,-,-,-,1,NEU,92-94,OTT,Normal,1,7,-,-,-,107,78,99,39,3,3,9,-,-,-,-,110,-,-,-,-,161,-,-,-,110,-,-,-,-,76,63,85,89,148,140,675,609,145,96,37,0,12,68,74,57,1,7,0,2,0,143,15,67.7,-0.09,67,-13.9,1.3,4.01,5,2,-0.1,1.2,0,0,0,0,0,0,0,0.0,0,0,0,0,0,0,0,0,0,0,0,0,0,0,0,0,0,0,0,0,0,0.00,0,0,0,0,0,0.0,0.0,0.0,0.00,147,140,419,302,95,22,30,0,2.84,0.8,.995,0,0,1259.2,0,0,338,321,56,40,30,17,17,4,21,3,0.0,0.0
3B,David Wright,David,Wright,Milwaukee Braves,6' 0',205 lbs,R,R,100,New York Mets,NYM,2007,2005-2014,,83857,Perfect,Hardware Heroes  3B David Wright  NYM  2007,0,N,0,123,91,106,106,94,125,97,120,109,108,122,89,101,105,90,2,2,Groundball,Normal,Normal,1,1,1,1,1,1,1,1,1,1,1,1,16,-,-,-,-,-,-,-,-,-,-,-,1,NEU,92-94,OTT,Normal,1,7,-,-,-,107,78,99,39,3,3,9,-,-,-,-,102,-,-,-,-,151,-,-,-,102,-,-,-,-,76,63,85,89,63,63,266,246,66,51,11,0,4,33,26,17,0,1,0,2,0,48,2,29.7,1.44,27,-4.7,1.1,3.71,3,0,0.6,0.7,0,0,0,0,0,0,0,0.0,0,0,0,0,0,0,0,0,0,0,0,0,0,0,0,0,0,0,0,0,0,0.00,0,0,0,0,0,0.0,0.0,0.0,0.00,63,63,184,144,35,5,15,0,2.88,4.8,1.049,0,0,559.0,0,0,144,141,26,22,18,9,9,3,7,1,0.0,0.0
3B,David Wright,David,Wright,Alhambra Moors - HotL TTC,6' 0',205 lbs,R,R,100,New York Mets,NYM,2007,2005-2014,,83857,Perfect,Hardware Heroes  3B David Wright  NYM  2007,0,N,0,123,91,106,106,94,125,97,120,109,108,122,89,101,105,90,2,2,Groundball,Normal,Normal,1,1,1,1,1,1,1,1,1,1,1,1,16,-,-,-,-,-,-,-,-,-,-,-,1,NEU,92-94,OTT,Normal,1,7,-,-,-,107,78,99,39,3,3,9,-,-,-,-,102,-,-,-,-,151,-,-,-,102,-,-,-,-,76,63,85,89,143,143,602,553,131,88,29,0,14,68,60,42,1,2,1,3,1,158,6,60.5,0.38,55,-17.1,-0.1,4.02,2,1,-0.2,-0.5,0,0,0,0,0,0,0,0.0,0,0,0,0,0,0,0,0,0,0,0,0,0,0,0,0,0,0,0,0,0,0.00,0,0,0,0,0,0.0,0.0,0.0,0.00,143,143,403,284,101,18,26,0,2.80,-4.2,.993,0,0,1236.1,0,0,354,329,49,32,25,10,16,3,17,1,0.0,0.0
SS,Ernie Banks,Ernie,Banks,Tavistock Baseballersons,6' 1',180 lbs,R,R,102,Chicago Cubs,CHC,1959,1946-1960,ME,86621,Perfect,50s Theme Week - Hall of Fame  SS Ernie Banks  CHC  1959,0,N,0,117,94,187,126,129,146,104,160,145,150,108,92,196,120,122,16,1,Flyball,Normal,Normal,1,1,1,5,1,1,1,5,1,1,1,5,16,-,-,-,-,-,-,-,-,-,-,-,1,NEU,90-92,OTT,Normal,1,18,-,-,-,120,115,99,107,6,7,8,-,-,107,-,133,133,-,-,-,166,-,107,-,133,133,-,-,-,44,36,29,33,18,18,81,73,18,9,3,1,5,11,8,8,0,0,0,0,0,18,2,11.9,0.47,12,2.5,0.7,3.72,0,0,0.0,-0.4,0,0,0,0,0,0,0,0.0,0,0,0,0,0,0,0,0,0,0,0,0,0,0,0,0,0,0,0,0,0,0.00,0,0,0,0,0,0.0,0.0,0.0,0.00,18,18,79,49,29,1,15,0,4.20,1.3,1.060,0,0,167.0,0,0,47,45,8,6,1,1,3,2,3,0,0.0,0.0
SS,Ernie Banks,Ernie,Banks,Washington Bishops,6' 1',180 lbs,R,R,102,Chicago Cubs,CHC,1959,1946-1960,ME,86621,Perfect,50s Theme Week - Hall of Fame  SS Ernie Banks  CHC  1959,0,N,0,117,94,187,126,129,146,104,160,145,150,108,92,196,120,122,16,1,Flyball,Normal,Normal,1,1,1,5,1,1,1,5,1,1,1,5,16,-,-,-,-,-,-,-,-,-,-,-,1,NEU,90-92,OTT,Normal,1,18,-,-,-,120,115,99,107,6,7,8,-,-,107,-,133,133,-,-,-,166,-,107,-,133,133,-,-,-,44,36,29,33,144,139,618,555,154,100,27,5,22,68,83,54,1,4,0,5,0,105,15,87.5,1.84,87,13.5,4.5,3.89,0,0,0.0,-2.5,0,0,0,0,0,0,0,0.0,0,0,0,0,0,0,0,0,0,0,0,0,0,0,0,0,0,0,0,0,0,0.00,0,0,0,0,0,0.0,0.0,0.0,0.00,141,139,528,373,139,16,75,0,3.72,7.2,1.022,0,0,1239.0,0,0,337,320,51,41,53,34,24,12,18,3,0.0,0.0
SS,Ernie Banks,Ernie,Banks,Kansas City Torrent,6' 1',180 lbs,R,R,102,Chicago Cubs,CHC,1959,1946-1960,ME,86621,Perfect,50s Theme Week - Hall of Fame  SS Ernie Banks  CHC  1959,479 197,N,0,117,94,187,126,129,146,104,160,145,150,108,92,196,120,122,16,1,Flyball,Normal,Normal,1,1,1,5,1,1,1,5,1,1,1,5,16,-,-,-,-,-,-,-,-,-,-,-,1,NEU,90-92,OTT,Normal,1,18,-,-,-,120,115,99,107,6,7,8,-,-,107,-,133,133,-,-,-,166,-,107,-,133,133,-,-,-,44,36,29,33,143,137,629,565,151,95,26,1,29,114,90,50,0,7,1,6,0,105,16,86.8,1.82,88,12.4,3.3,3.89,0,0,0.0,-3.8,0,0,0,0,0,0,0,0.0,0,0,0,0,0,0,0,0,0,0,0,0,0,0,0,0,0,0,0,0,0,0.00,0,0,0,0,0,0.0,0.0,0.0,0.00,138,137,777,278,484,15,67,0,5.60,2.8,1.003,0,0,1225.2,0,0,332,313,53,44,24,14,15,6,20,3,0.0,0.0
SS,Ernie Banks,Ernie,Banks,Svendborg Sailors,6' 1',180 lbs,R,R,102,Chicago Cubs,CHC,1959,1946-1960,ME,86621,Perfect,50s Theme Week - Hall of Fame  SS Ernie Banks  CHC  1959,0,N,0,117,94,187,126,129,146,104,160,145,150,108,92,196,120,122,16,1,Flyball,Normal,Normal,1,1,1,5,1,1,1,5,1,1,1,5,16,-,-,-,-,-,-,-,-,-,-,-,1,NEU,90-92,OTT,Normal,1,18,-,-,-,120,115,99,107,6,7,8,-,-,107,-,133,133,-,-,-,166,-,107,-,133,133,-,-,-,44,36,29,33,134,128,592,522,144,83,31,4,26,77,83,59,0,4,0,7,0,106,27,85.4,1.00,92,20.9,4.9,3.97,0,0,0.0,-4.1,0,0,0,0,0,0,0,0.0,0,0,0,0,0,0,0,0,0,0,0,0,0,0,0,0,0,0,0,0,0,0.00,0,0,0,0,0,0.0,0.0,0.0,0.00,131,128,472,327,138,7,66,0,3.68,6.3,1.047,0,0,1138.2,0,0,317,300,40,32,36,19,43,19,20,2,0.0,0.0
SS,Ernie Banks,Ernie,Banks,Kumamoto Ozeki TBD,6' 1',180 lbs,R,R,102,Chicago Cubs,CHC,1959,1946-1960,ME,86621,Perfect,50s Theme Week - Hall of Fame  SS Ernie Banks  CHC  1959,0,N,0,117,94,187,126,129,146,104,160,145,150,108,92,196,120,122,16,1,Flyball,Normal,Normal,1,1,1,5,1,1,1,5,1,1,1,5,16,-,-,-,-,-,-,-,-,-,-,-,1,NEU,90-92,OTT,Normal,1,18,-,-,-,120,115,99,107,6,7,8,-,-,107,-,133,133,-,-,-,166,-,107,-,133,133,-,-,-,44,36,29,33,147,140,635,560,135,83,32,2,18,68,75,72,0,2,0,1,0,130,13,75.5,0.24,77,0.9,3.5,3.96,0,0,0.0,0.4,0,0,0,0,0,0,0,0.0,0,0,0,0,0,0,0,0,0,0,0,0,0,0,0,0,0,0,0,0,0,0.00,0,0,0,0,0,0.0,0.0,0.0,0.00,141,140,536,338,181,17,77,0,3.77,6.4,1.027,0,0,1238.1,0,0,314,292,50,39,44,33,35,18,32,3,0.0,0.0
SS,John Beckwith,John,Beckwith,Manchester Camels,5' 11',200 lbs,R,R,98,Homestead Grays,HoGr,1929,1921-1945,,84571,Diamond,Negro League Star  SS John Beckwith  HoGr  1929,0,Y,5,128,124,93,97,111,133,130,100,87,104,127,123,92,101,116,67,59,Line Drive,Normal,Pull,47,60,65,54,47,60,67,55,46,60,63,54,62,-,63,-,-,-,-,-,-,-,-,-,2,EX FB,92-94,3/4,Normal,24,60,59,61,69,93,65,91,78,74,60,72,147,64,88,105,97,91,91,68,86,147,64,88,105,97,91,91,68,86,56,39,42,61,89,63,295,258,76,53,17,1,5,37,29,25,1,1,9,2,0,62,4,39.8,0.27,37,2.3,1.2,3.84,0,2,-1.2,-0.5,0,0,0,0,0,0,0,0.0,0,0,0,0,0,0,0,0,0,0,0,0,0,0,0,0,0,0,0,0,0,0.00,0,0,0,0,0,0.0,0.0,0.0,0.00,93,62,255,107,143,5,20,0,3.74,1.0,1.016,0,0,601.2,0,5,139,133,34,21,19,8,9,1,14,4,0.0,0.5
SS,Roch Cholowsky,Roch,Cholowsky,Salt Lake Bees,6' 2',195 lbs,R,R,101,Chicago White Sox,CHW,2026,2026,,86249,Perfect,FLF 17 - #1 Overall Pick  SS Roch Cholowsky  CWS  2026,0,N,0,128,112,122,142,109,139,123,133,137,114,125,109,118,144,107,50,20,Groundball,Pull,Pull,1,1,62,1,1,1,62,1,1,1,63,1,16,-,-,-,-,-,-,-,-,-,-,-,1,EX FB,75-80,3/4,Normal,1,1,1,1,1,109,102,97,103,66,49,80,-,-,11,135,121,119,-,-,-,160,-,109,135,121,119,76,52,75,59,49,57,86,128,119,512,458,110,71,30,1,8,42,54,47,1,4,0,3,0,120,15,50.4,-1.23,52,-9.1,1.3,4.01,0,3,-1.7,1.1,0,0,0,0,0,0,0,0.0,0,0,0,0,0,0,0,0,0,0,0,0,0,0,0,0,0,0,0,0,0,0.00,0,0,0,0,0,0.0,0.0,0.0,0.00,130,119,448,286,152,10,61,0,3.67,3.5,1.013,0,0,1072.2,0,0,303,290,36,25,27,12,22,12,16,3,0.0,0.0
SS,Roch Cholowsky,Roch,Cholowsky,Long Island Sounders,6' 2',195 lbs,R,R,101,Chicago White Sox,CHW,2026,2026,,86249,Perfect,FLF 17 - #1 Overall Pick  SS Roch Cholowsky  CWS  2026,0,N,0,128,112,122,142,109,139,123,133,137,114,125,109,118,144,107,50,20,Groundball,Pull,Pull,1,1,62,1,1,1,62,1,1,1,63,1,16,-,-,-,-,-,-,-,-,-,-,-,1,EX FB,75-80,3/4,Normal,1,1,1,1,1,109,102,97,103,66,49,80,-,-,-,-,-,119,-,-,-,160,-,109,135,121,119,76,52,75,59,49,57,86,139,131,568,511,121,77,32,1,11,65,61,44,3,5,1,7,0,138,12,57.1,-1.18,53,-14.9,1.0,3.87,2,0,0.3,0.4,0,0,0,0,0,0,0,0.0,0,0,0,0,0,0,0,0,0,0,0,0,0,0,0,0,0,0,0,0,0,0.00,0,0,0,0,0,0.0,0.0,0.0,0.00,134,131,443,270,158,15,67,0,3.31,-2.3,.987,0,0,1165.1,0,0,278,259,54,38,29,15,26,7,33,3,0.0,0.0
SS,Roch Cholowsky,Roch,Cholowsky,Kansas City Torrent,6' 2',195 lbs,R,R,101,Chicago White Sox,CHW,2026,2026,,86249,Perfect,FLF 17 - #1 Overall Pick  SS Roch Cholowsky  CWS  2026,135 500,N,0,128,112,122,142,109,139,123,133,137,114,125,109,118,144,107,50,20,Groundball,Pull,Pull,1,1,62,1,1,1,62,1,1,1,63,1,16,-,-,-,-,-,-,-,-,-,-,-,1,EX FB,75-80,3/4,Normal,1,1,1,1,1,109,102,97,103,66,49,80,-,-,-,135,121,119,-,-,-,160,-,109,135,121,119,76,52,75,59,49,57,86,138,128,519,464,124,80,31,2,11,62,54,47,1,3,2,3,0,105,11,64.3,1.22,64,2.4,1.4,3.98,0,2,-1.2,-4.3,0,0,0,0,0,0,0,0.0,0,0,0,0,0,0,0,0,0,0,0,0,0,0,0,0,0,0,0,0,0,0.00,0,0,0,0,0,0.0,0.0,0.0,0.00,135,128,432,290,126,16,65,0,3.25,-5.6,.980,0,0,1151.1,0,0,303,274,39,27,42,24,25,5,24,0,0.0,-0.2
SS,Roch Cholowsky,Roch,Cholowsky,Paramus Fisher Cats,6' 2',195 lbs,R,R,101,Chicago White Sox,CHW,2026,2026,,86249,Perfect,FLF 17 - #1 Overall Pick  SS Roch Cholowsky  CWS  2026,0,N,0,128,112,122,142,109,139,123,133,137,114,125,109,118,144,107,50,20,Groundball,Pull,Pull,1,1,62,1,1,1,62,1,1,1,63,1,16,-,-,-,-,-,-,-,-,-,-,-,1,EX FB,75-80,3/4,Normal,1,1,1,1,1,109,102,97,103,66,49,80,-,-,-,135,-,119,-,-,-,160,-,109,135,121,119,76,52,75,59,49,57,86,146,144,619,530,144,96,33,0,15,73,74,71,0,8,2,7,1,129,10,85.0,1.05,85,11.2,3.7,4.09,1,1,-0.5,-0.0,0,0,0,0,0,0,0,0.0,0,0,0,0,0,0,0,0,0,0,0,0,0,0,0,0,0,0,0,0,0,0.00,0,0,0,0,0,0.0,0.0,0.0,0.00,145,144,560,371,176,13,82,1,3.86,-0.9,.983,0,0,1275.2,0,0,334,316,65,45,52,23,32,16,23,4,0.0,0.0
SS,Colt Emerson,Colt,Emerson,Alhambra Moors - HotL TTC,6' 0',185 lbs,L,R,98,Seattle Mariners,SEA,2026,2026,,85116,Diamond,FLF 9 - Future Legend  SS Colt Emerson  SEA  2026,0,Y,5,125,130,98,128,97,116,123,84,119,92,130,132,103,132,99,58,36,Line Drive,Normal,Normal,1,5,83,1,1,5,83,1,1,5,84,1,16,-,-,-,-,-,-,-,-,-,-,-,1,EX FB,75-80,OTT,Normal,7,13,32,37,35,101,69,89,90,69,72,69,-,-,-,119,103,101,-,-,-,155,23,97,119,103,101,87,61,81,81,72,98,101,100,43,238,218,57,45,8,0,4,22,18,15,0,2,0,3,0,49,3,25.2,-0.91,23,-5.3,0.6,3.97,3,0,0.6,0.8,0,0,0,0,0,0,0,0.0,0,0,0,0,0,0,0,0,0,0,0,0,0,0,0,0,0,0,0,0,0,0.00,0,0,0,0,0,0.0,0.0,0.0,0.00,81,40,168,114,49,5,17,0,3.55,1.2,1.002,0,0,413.2,0,0,122,116,19,16,12,6,10,4,6,1,0.0,0.0
SS,Nomar Garciaparra,Nomar,Garciaparra,St. Louis Honkers,6' 0',175 lbs,R,R,100,Boston Red Sox,BOS,2000,1993-2004,BBR,85656,Perfect,June Gems - Baseball Reference 3  SS Nomar Garciaparra  BOS  2000,0,N,0,136,117,87,76,140,147,91,89,97,156,133,128,87,68,134,3,15,Groundball,Normal,Normal,1,1,1,5,1,1,1,5,1,1,1,5,16,-,-,-,-,-,-,-,-,-,-,-,1,NEU,89-91,OTT,Normal,1,8,-,-,-,111,83,97,69,7,4,6,-,-,-,-,-,105,-,-,-,154,-,-,-,109,105,-,-,-,51,18,70,56,139,126,480,440,123,76,40,0,7,52,53,33,1,2,1,4,0,80,7,61.1,0.69,58,1.1,2.2,3.80,0,1,-0.7,-1.5,0,0,0,0,0,0,0,0.0,0,0,0,0,0,0,0,0,0,0,0,0,0,0,0,0,0,0,0,0,0,0.00,0,0,0,0,0,0.0,0.0,0.0,0.00,139,126,515,345,155,15,79,0,4.06,1.4,1.007,0,0,1109.1,0,0,325,304,64,47,40,21,26,11,32,4,0.0,0.0
SS,Nomar Garciaparra,Nomar,Garciaparra,Milwaukee Braves,6' 0',175 lbs,R,R,100,Boston Red Sox,BOS,2000,1993-2004,BBR,85656,Perfect,June Gems - Baseball Reference 3  SS Nomar Garciaparra  BOS  2000,0,N,0,136,117,87,76,140,147,91,89,97,156,133,128,87,68,134,3,15,Groundball,Normal,Normal,1,1,1,5,1,1,1,5,1,1,1,5,16,-,-,-,-,-,-,-,-,-,-,-,1,NEU,89-91,OTT,Normal,1,8,-,-,-,111,83,97,69,7,4,6,-,-,-,-,-,105,-,-,-,154,-,-,-,109,105,-,-,-,51,18,70,56,127,127,478,439,114,79,22,1,12,55,46,32,0,5,0,2,0,84,12,53.3,-0.01,54,-3.4,1.4,3.85,0,1,-0.7,-2.3,0,0,0,0,0,0,0,0.0,0,0,0,0,0,0,0,0,0,0,0,0,0,0,0,0,0,0,0,0,0,0.00,0,0,0,0,0,0.0,0.0,0.0,0.00,127,127,486,314,157,15,62,0,3.74,-1.2,.992,0,0,1133.2,0,0,312,286,56,42,37,20,31,14,28,2,0.0,0.0
SS,Nomar Garciaparra,Nomar,Garciaparra,Alhambra Moors - HotL TTC,6' 0',175 lbs,R,R,100,Boston Red Sox,BOS,2000,1993-2004,BBR,85656,Perfect,June Gems - Baseball Reference 3  SS Nomar Garciaparra  BOS  2000,0,N,0,136,117,87,76,140,147,91,89,97,156,133,128,87,68,134,3,15,Groundball,Normal,Normal,1,1,1,5,1,1,1,5,1,1,1,5,16,-,-,-,-,-,-,-,-,-,-,-,1,NEU,89-91,OTT,Normal,1,8,-,-,-,111,83,97,69,7,4,6,-,-,-,-,-,105,-,-,-,154,-,-,-,109,105,-,-,-,51,18,70,56,143,140,527,482,112,68,32,0,12,61,57,40,1,1,0,4,0,108,8,52.2,-0.97,49,-13.8,0.8,3.98,0,2,-1.2,1.9,0,0,0,0,0,0,0,0.0,0,0,0,0,0,0,0,0,0,0,0,0,0,0,0,0,0,0,0,0,0,0.00,0,0,0,0,0,0.0,0.0,0.0,0.00,143,140,570,368,183,19,78,0,4.07,-2.3,.981,0,0,1219.2,0,0,366,340,60,46,47,21,28,10,22,4,0.0,-0.2
SS,Konnor Griffin,Konnor,Griffin,Salt Lake Bees,6' 4',215 lbs,R,R,100,Pittsburgh Pirates,PIT,2026,2026,,84625,Perfect,Future Legend  SS Konnor Griffin  PIT  2026,0,N,0,120,101,113,99,105,124,110,122,104,111,119,99,110,98,103,35,33,Groundball,Pull,Pull,1,11,79,1,1,11,79,1,1,12,80,1,16,-,-,-,-,-,-,-,-,-,-,-,1,EX FB,75-80,3/4,Normal,20,24,1,1,1,109,95,108,98,85,112,97,-,-,113,131,114,118,113,61,103,158,-,120,131,124,118,113,90,112,120,88,105,114,35,24,101,93,17,11,5,1,0,9,10,7,0,0,0,1,0,24,1,6.2,-0.54,3,-8.2,-0.3,3.52,2,0,0.5,0.7,0,0,0,0,0,0,0,0.0,0,0,0,0,0,0,0,0,0,0,0,0,0,0,0,0,0,0,0,0,0,0.00,0,0,0,0,0,0.0,0.0,0.0,0.00,35,24,90,60,29,1,15,0,3.37,0.1,1.002,0,0,237.2,0,0,59,58,9,5,6,2,3,1,6,1,0.0,0.1
SS,Konnor Griffin,Konnor,Griffin,Great Lakes Man-of-War-HOTL,6' 4',215 lbs,R,R,100,Pittsburgh Pirates,PIT,2026,2026,,84625,Perfect,Future Legend  SS Konnor Griffin  PIT  2026,0,N,0,120,101,113,99,105,124,110,122,104,111,119,99,110,98,103,35,33,Groundball,Pull,Pull,1,11,79,1,1,11,79,1,1,12,80,1,16,-,-,-,-,-,-,-,-,-,-,-,1,EX FB,75-80,3/4,Normal,20,24,1,1,1,109,95,108,98,85,112,97,-,-,120,-,-,118,113,-,108,158,-,120,131,124,118,113,90,112,120,88,105,114,75,47,203,182,48,34,7,0,7,28,28,14,0,1,0,5,1,45,7,22.7,-0.36,23,-1.3,0.8,3.83,2,1,-0.1,0.6,1,0,0,0,0,0,0,0.1,1,1,0,0,0,0,0,0,0,0,0,0,0,0,0,0,0,0,1,0,0,0.00,5,0,1,0,0,0.0,0.0,0.0,1.34,73,47,270,67,199,4,15,0,5.18,3.3,1.028,0,0,462.1,0,0,94,90,24,21,12,5,11,6,17,3,0.0,-0.4
SS,Konnor Griffin,Konnor,Griffin,Real Intered Workers,6' 4',215 lbs,R,R,100,Pittsburgh Pirates,PIT,2026,2026,,84625,Perfect,Future Legend  SS Konnor Griffin  PIT  2026,0,N,0,120,101,113,99,105,124,110,122,104,111,119,99,110,98,103,35,33,Groundball,Pull,Pull,1,11,79,1,1,11,79,1,1,12,80,1,16,-,-,-,-,-,-,-,-,-,-,-,1,EX FB,75-80,3/4,Normal,20,24,1,1,1,109,95,108,98,85,112,97,-,-,-,89,124,118,-,-,-,158,-,120,131,124,118,113,90,112,120,88,105,114,146,144,580,534,129,89,24,0,16,56,67,40,1,5,0,1,0,126,15,59.1,-0.62,58,-11.6,1.9,3.94,16,4,1.6,4.8,0,0,0,0,0,0,0,0.0,0,0,0,0,0,0,0,0,0,0,0,0,0,0,0,0,0,0,0,0,0,0.00,0,0,0,0,0,0.0,0.0,0.0,0.00,151,144,486,343,129,14,57,0,3.35,0.4,1.013,0,0,1269.2,0,0,364,340,54,41,36,17,18,5,23,1,0.0,0.0
SS,Konnor Griffin,Konnor,Griffin,Chicago Dogs,6' 4',215 lbs,R,R,100,Pittsburgh Pirates,PIT,2026,2026,,84625,Perfect,Future Legend  SS Konnor Griffin  PIT  2026,0,N,0,120,101,113,99,105,124,110,122,104,111,119,99,110,98,103,35,33,Groundball,Pull,Pull,1,11,79,1,1,11,79,1,1,12,80,1,16,-,-,-,-,-,-,-,-,-,-,-,1,EX FB,75-80,3/4,Normal,20,24,1,1,1,109,95,108,98,85,112,97,-,-,-,-,-,118,-,-,-,158,-,120,131,124,118,113,90,112,120,88,105,114,117,111,464,428,102,71,21,2,8,47,62,29,0,5,0,2,0,111,7,44.2,-2.35,42,-13.7,1.0,4.06,6,4,-0.8,3.8,0,0,0,0,0,0,0,0.0,0,0,0,0,0,0,0,0,0,0,0,0,0,0,0,0,0,0,0,0,0,0.00,0,0,0,0,0,0.0,0.0,0.0,0.00,112,111,405,254,136,15,62,0,3.61,-4.0,.977,0,0,971.1,0,0,271,249,35,24,39,18,18,4,18,3,0.0,0.0
SS,Konnor Griffin,Konnor,Griffin,Buffalo Bisons,6' 4',215 lbs,R,R,100,Pittsburgh Pirates,PIT,2026,2026,,84625,Perfect,Future Legend  SS Konnor Griffin  PIT  2026,0,N,0,120,101,113,99,105,124,110,122,104,111,119,99,110,98,103,35,33,Groundball,Pull,Pull,1,11,79,1,1,11,79,1,1,12,80,1,16,-,-,-,-,-,-,-,-,-,-,-,1,EX FB,75-80,3/4,Normal,20,24,1,1,1,109,95,108,98,85,112,97,-,-,-,-,-,118,-,-,-,158,-,120,131,124,118,113,90,112,120,88,105,114,48,36,165,151,41,21,15,1,4,18,27,12,1,0,0,2,0,30,2,23.8,0.03,21,1.4,1.1,3.89,6,0,1.4,0.3,0,0,0,0,0,0,0,0.0,0,0,0,0,0,0,0,0,0,0,0,0,0,0,0,0,0,0,0,0,0,0.00,0,0,0,0,0,0.0,0.0,0.0,0.00,41,36,111,76,32,3,14,0,2.96,1.6,1.031,0,0,328.0,0,0,73,69,10,8,6,3,4,4,3,0,0.0,0.0
SS,Konnor Griffin,Konnor,Griffin,Ware Wolves,6' 4',215 lbs,R,R,100,Pittsburgh Pirates,PIT,2026,2026,,84625,Perfect,Future Legend  SS Konnor Griffin  PIT  2026,0,N,0,120,101,113,99,105,124,110,122,104,111,119,99,110,98,103,35,33,Groundball,Pull,Pull,1,11,79,1,1,11,79,1,1,12,80,1,16,-,-,-,-,-,-,-,-,-,-,-,1,EX FB,75-80,3/4,Normal,20,24,1,1,1,109,95,108,98,85,112,97,-,-,-,-,-,118,-,-,-,158,-,120,131,124,118,113,90,112,120,88,105,114,142,142,574,516,144,88,40,3,13,69,77,47,1,8,0,3,0,133,15,79.8,2.56,79,10.6,4.4,4.07,11,1,1.9,2.4,0,0,0,0,0,0,0,0.0,0,0,0,0,0,0,0,0,0,0,0,0,0,0,0,0,0,0,0,0,0,0.00,0,0,0,0,0,0.0,0.0,0.0,0.00,142,142,537,362,160,15,80,0,3.68,5.9,1.025,0,0,1275.0,0,0,357,341,47,35,34,22,31,10,24,5,0.0,0.0
SS,Konnor Griffin,Konnor,Griffin,Orange Jackrabbits,6' 4',215 lbs,R,R,100,Pittsburgh Pirates,PIT,2026,2026,,84625,Perfect,Future Legend  SS Konnor Griffin  PIT  2026,0,N,0,120,101,113,99,105,124,110,122,104,111,119,99,110,98,103,35,33,Groundball,Pull,Pull,1,11,79,1,1,11,79,1,1,12,80,1,16,-,-,-,-,-,-,-,-,-,-,-,1,EX FB,75-80,3/4,Normal,20,24,1,1,1,109,95,108,98,85,112,97,-,-,-,131,35,118,-,-,-,158,-,120,131,124,118,113,90,112,120,88,105,114,115,100,405,367,94,72,9,1,12,49,50,31,0,2,2,3,0,88,5,44.8,0.58,43,-4.9,1.1,3.85,8,6,-1.3,2.0,0,0,0,0,0,0,0,0.0,0,0,0,0,0,0,0,0,0,0,0,0,0,0,0,0,0,0,0,0,0,0.00,0,0,0,0,0,0.0,0.0,0.0,0.00,109,94,358,242,105,11,52,0,3.59,-2.6,.986,0,0,869.2,0,0,259,239,34,25,32,13,13,4,14,2,0.0,0.0
SS,Jesus Made,Jesus,Made,Salt Lake Bees,6' 1',185 lbs,S,R,100,Milwaukee Brewers,MIL,2026,2026,,84723,Perfect,FLF 8 - Future Legend  SS Jesus Made  MIL  2026,0,N,0,119,130,101,127,107,117,126,98,131,111,120,132,103,126,106,64,54,Groundball,Normal,Normal,1,6,75,1,1,5,75,1,1,8,76,1,16,-,-,-,-,-,-,-,-,-,-,-,1,FB,87-89,3/4,Normal,9,3,2,-,2,106,66,95,96,77,75,54,-,-,96,117,102,100,50,2,44,148,-,96,117,102,100,88,66,78,118,105,113,115,45,35,160,140,39,27,10,0,2,18,25,13,0,2,3,2,0,29,1,20.1,0.76,18,-0.3,0.6,4.12,13,6,0.0,1.2,0,0,0,0,0,0,0,0.0,0,0,0,0,0,0,0,0,0,0,0,0,0,0,0,0,0,0,0,0,0,0.00,0,0,0,0,0,0.0,0.0,0.0,0.00,44,35,111,75,32,4,11,1,2.96,-1.4,.978,0,0,325.0,0,0,84,76,10,7,15,8,7,2,3,0,0.0,0.0
SS,Jesus Made,Jesus,Made,Chicago Dogs,6' 1',185 lbs,S,R,100,Milwaukee Brewers,MIL,2026,2026,,84723,Perfect,FLF 8 - Future Legend  SS Jesus Made  MIL  2026,0,N,0,119,130,101,127,107,117,126,98,131,111,120,132,103,126,106,64,54,Groundball,Normal,Normal,1,6,75,1,1,5,75,1,1,8,76,1,16,-,-,-,-,-,-,-,-,-,-,-,1,FB,87-89,3/4,Normal,9,3,2,-,2,106,66,95,96,77,75,54,-,-,-,117,102,100,-,-,-,148,-,96,117,102,100,88,66,78,118,105,113,115,136,106,486,434,101,66,22,2,11,58,57,36,0,7,0,9,0,117,3,51.4,0.41,46,-11.9,1.7,4.10,15,5,0.9,3.5,0,0,0,0,0,0,0,0.0,0,0,0,0,0,0,0,0,0,0,0,0,0,0,0,0,0,0,0,0,0,0.00,0,0,0,0,0,0.0,0.0,0.0,0.00,130,101,371,255,107,9,47,0,3.45,1.8,1.015,0,0,945.2,0,0,260,245,35,27,28,17,13,2,17,2,0.0,0.0
SS,Jesus Made,Jesus,Made,Svendborg Sailors,6' 1',185 lbs,S,R,100,Milwaukee Brewers,MIL,2026,2026,,84723,Perfect,FLF 8 - Future Legend  SS Jesus Made  MIL  2026,0,N,0,119,130,101,127,107,117,126,98,131,111,120,132,103,126,106,64,54,Groundball,Normal,Normal,1,6,75,1,1,5,75,1,1,8,76,1,16,-,-,-,-,-,-,-,-,-,-,-,1,FB,87-89,3/4,Normal,9,3,2,-,2,106,66,95,96,77,75,54,-,-,-,117,102,100,-,-,-,148,-,96,117,102,100,88,66,78,118,105,113,115,104,74,342,300,68,42,17,2,7,42,46,36,2,3,0,3,0,73,2,36.6,1.19,34,-6.7,0.8,3.92,5,4,-1.0,3.2,0,0,0,0,0,0,0,0.0,0,0,0,0,0,0,0,0,0,0,0,0,0,0,0,0,0,0,0,0,0,0.00,0,0,0,0,0,0.0,0.0,0.0,0.00,107,74,258,190,57,11,24,0,3.20,-0.1,.993,0,0,693.2,0,0,203,189,21,19,15,4,11,6,9,1,0.0,0.0
SS,Jesus Made,Jesus,Made,Orange Jackrabbits,6' 1',185 lbs,S,R,100,Milwaukee Brewers,MIL,2026,2026,,84723,Perfect,FLF 8 - Future Legend  SS Jesus Made  MIL  2026,0,N,0,119,130,101,127,107,117,126,98,131,111,120,132,103,126,106,64,54,Groundball,Normal,Normal,1,6,75,1,1,5,75,1,1,8,76,1,16,-,-,-,-,-,-,-,-,-,-,-,1,FB,87-89,3/4,Normal,9,3,2,-,2,106,66,95,96,77,75,54,-,-,96,117,102,100,88,-,78,148,-,96,117,102,100,88,66,78,118,105,113,115,146,146,590,513,131,81,27,4,19,68,87,61,0,2,6,7,1,111,8,78.9,1.72,75,4.1,2.6,3.99,29,8,2.7,0.6,0,0,0,0,0,0,0,0.0,0,0,0,0,0,0,0,0,0,0,0,0,0,0,0,0,0,0,0,0,0,0.00,0,0,0,0,0,0.0,0.0,0.0,0.00,180,146,984,259,709,16,90,0,6.65,1.4,.999,0,0,1311.0,0,0,332,308,55,44,26,18,18,8,25,4,0.0,0.0
SS,Jesus Made,Jesus,Made,Tavistock Baseballersons,6' 1',185 lbs,S,R,100,Milwaukee Brewers,MIL,2026,2026,,84723,Perfect,FLF 8 - Future Legend  SS Jesus Made  MIL  2026,0,N,0,119,130,101,127,107,117,126,98,131,111,120,132,103,126,106,64,54,Groundball,Normal,Normal,1,6,75,1,1,5,75,1,1,8,76,1,16,-,-,-,-,-,-,-,-,-,-,-,1,FB,87-89,3/4,Normal,9,3,2,-,2,106,66,95,96,77,75,54,-,-,-,117,102,100,-,-,-,148,-,96,117,102,100,88,66,78,118,105,113,115,81,61,292,260,62,40,15,3,4,19,39,26,0,4,0,2,0,63,3,31.6,0.28,30,-4.6,0.5,4.02,9,4,0.0,1.1,0,0,0,0,0,0,0,0.0,0,0,0,0,0,0,0,0,0,0,0,0,0,0,0,0,0,0,0,0,0,0.00,0,0,0,0,0,0.0,0.0,0.0,0.00,75,61,265,173,83,9,43,0,3.99,-3.9,.971,0,0,577.0,0,0,169,151,27,19,20,10,19,5,16,2,0.0,0.0
SS,Dobie Moore,Dobie,Moore,Joe Buck Yourself,5' 10',180 lbs,R,R,100,Kansas City Monarchs,KCM,1924,1921-1945,CS,84870,Perfect,Clubhouse - Negro League Star  SS Dobie Moore  KCM  1924,0,N,0,125,122,96,83,114,133,127,101,87,120,122,120,95,82,112,76,67,Normal,Pull,Normal,1,1,19,1,1,1,19,1,1,1,19,1,16,-,-,-,-,-,-,-,-,-,-,-,1,NEU,90-92,3/4,Normal,1,1,40,35,39,113,89,99,111,55,62,68,-,-,-,136,-,119,-,-,-,158,-,-,136,-,119,-,-,-,79,67,84,81,67,50,186,171,37,29,6,0,2,12,18,9,0,4,0,2,0,45,4,13.2,-1.57,11,-11.0,-0.4,3.99,0,0,0.0,0.1,0,0,0,0,0,0,0,0.0,0,0,0,0,0,0,0,0,0,0,0,0,0,0,0,0,0,0,0,0,0,0.00,0,0,0,0,0,0.0,0.0,0.0,0.00,66,50,227,146,71,10,45,0,4.30,-1.2,.959,0,0,454.2,0,0,131,122,18,16,19,10,16,6,18,1,0.0,0.0
SS,Dobie Moore,Dobie,Moore,Meaty Oakers,5' 10',180 lbs,R,R,100,Kansas City Monarchs,KCM,1924,1921-1945,CS,84870,Perfect,Clubhouse - Negro League Star  SS Dobie Moore  KCM  1924,0,N,0,125,122,96,83,114,133,127,101,87,120,122,120,95,82,112,76,67,Normal,Pull,Normal,1,1,19,1,1,1,19,1,1,1,19,1,16,-,-,-,-,-,-,-,-,-,-,-,1,NEU,90-92,3/4,Normal,1,1,40,35,39,113,89,99,111,55,62,68,-,-,-,136,-,119,-,-,-,158,-,-,136,-,119,-,-,-,79,67,84,81,91,40,170,158,40,27,4,2,7,24,21,10,0,2,0,0,0,39,2,21.2,0.45,20,0.1,0.8,3.91,0,0,0.0,1.3,0,0,0,0,0,0,0,0.0,0,0,0,0,0,0,0,0,0,0,0,0,0,0,0,0,0,0,0,0,0,0.00,0,0,0,0,0,0.0,0.0,0.0,0.00,91,40,183,125,55,3,24,0,3.84,-0.7,.991,0,0,422.0,0,0,129,122,17,12,18,6,9,5,4,0,0.0,0.0
SS,Pee Wee Reese,Pee Wee,Reese,Krakow Hussars,5' 9',175 lbs,R,R,100,Brooklyn Dodgers,LAD,1949,1946-1960,,84202,Perfect,All-Time Legend  SS Pee Wee Reese  BRO  Peak,0,N,0,87,66,83,141,90,92,58,69,151,115,86,69,88,138,84,74,87,Normal,Pull,Pull,1,1,1,1,1,1,1,1,1,1,1,1,16,-,-,-,-,-,-,-,-,-,-,-,1,NEU,90-92,3/4,Normal,1,7,-,-,-,112,96,103,106,5,5,9,-,-,-,-,123,121,-,-,-,159,-,-,-,123,121,-,-,-,89,96,103,91,147,144,541,477,103,79,13,2,9,47,56,46,0,4,10,4,0,121,4,47.3,-1.39,39,-25.6,0.1,4.00,13,2,1.9,1.8,0,0,0,0,0,0,0,0.0,0,0,0,0,0,0,0,0,0,0,0,0,0,0,0,0,0,0,0,0,0,0.00,0,0,0,0,0,0.0,0.0,0.0,0.00,147,144,556,348,188,20,75,0,3.86,0.6,.998,0,0,1250.2,0,0,359,334,66,47,42,25,28,11,19,3,0.0,-0.0
SS,Jose Reyes,Jose,Reyes,Tavistock Baseballersons,6' 0',195 lbs,S,R,98,New York Mets,NYM,2006,2005-2014,,86343,Diamond,HOF Week - All-Time Legend  SS Jose Reyes  NYM  Peak,0,Y,5,135,138,80,105,178,135,108,94,132,167,135,149,75,99,183,74,117,Groundball,Normal,Normal,1,1,1,1,1,1,1,1,1,1,1,1,17,-,17,-,-,-,-,-,-,-,-,-,2,EX FB,96-98,3/4,Normal,1,12,-,-,-,106,82,86,92,7,3,3,-,-,-,129,-,110,-,-,-,163,-,-,129,-,110,-,-,-,117,114,115,114,8,3,11,11,3,3,0,0,0,0,3,0,0,0,0,0,0,0,1,0.5,-0.03,0,-0.7,0.0,3.18,0,0,0.0,0.4,0,0,0,0,0,0,0,0.0,0,0,0,0,0,0,0,0,0,0,0,0,0,0,0,0,0,0,0,0,0,0.00,0,0,0,0,0,0.0,0.0,0.0,0.00,4,3,18,11,6,1,3,0,5.46,0.4,.945,0,0,28.0,0,0,7,7,1,1,3,2,0,0,1,1,0.0,0.0
SS,Jose Reyes,Jose,Reyes,Great Lakes Man-of-War-HOTL,6' 0',195 lbs,S,R,98,New York Mets,NYM,2006,2005-2014,,86343,Diamond,HOF Week - All-Time Legend  SS Jose Reyes  NYM  Peak,0,N,0,125,128,73,97,166,125,100,87,122,155,125,138,69,91,170,74,117,Groundball,Normal,Normal,1,1,1,1,1,1,1,1,1,1,1,1,17,-,17,-,-,-,-,-,-,-,-,-,2,EX FB,96-98,3/4,Normal,1,12,-,-,-,106,82,86,92,7,3,3,-,-,-,120,-,102,-,-,-,152,-,-,120,-,102,-,-,-,117,114,115,114,72,26,132,117,32,21,5,2,4,16,28,13,0,2,0,0,0,34,1,20.5,0.90,19,3.6,1.1,4.06,9,2,1.1,1.3,0,0,0,0,0,0,0,0.0,0,0,0,0,0,0,0,0,0,0,0,0,0,0,0,0,0,0,0,0,0,0.00,0,0,0,0,0,0.0,0.0,0.0,0.00,49,26,126,80,41,5,13,0,3.85,-0.4,.964,0,0,282.2,0,0,69,63,20,13,11,9,7,4,8,1,0.0,0.0
SS,Cal Ripken Jr.,Cal,Ripken Jr.,Joe Buck Yourself,6' 4',225 lbs,R,R,100,Baltimore Orioles,BAL,1983,1980-1992,HOF,84198,Perfect,Hall of Fame  SS Cal Ripken Jr.  BAL  1983,0,N,0,112,129,95,73,118,102,124,92,84,128,116,131,97,70,115,5,3,Line Drive,Normal,Normal,1,1,1,5,1,1,1,5,1,1,1,5,16,-,-,-,-,-,-,-,-,-,-,-,1,NEU,89-91,3/4,Normal,1,23,-,-,-,107,92,109,112,3,2,2,-,-,-,-,124,119,-,-,-,157,-,-,-,124,119,-,-,-,57,24,3,65,105,103,403,370,95,57,34,0,4,45,33,24,0,4,0,5,0,72,6,43.8,0.65,41,-7.1,1.2,3.84,0,0,0.0,-0.1,0,0,0,0,0,0,0,0.0,0,0,0,0,0,0,0,0,0,0,0,0,0,0,0,0,0,0,0,0,0,0.00,0,0,0,0,0,0.0,0.0,0.0,0.00,105,103,382,243,128,11,56,0,3.70,1.5,1.005,0,0,901.2,0,0,230,213,44,31,28,17,19,11,18,3,0.0,-0.1
SS,Cal Ripken Jr.,Cal,Ripken Jr.,Littleton CO Mountaineers,6' 4',225 lbs,R,R,100,Baltimore Orioles,BAL,1983,1980-1992,HOF,84198,Perfect,Hall of Fame  SS Cal Ripken Jr.  BAL  1983,0,Y,5,121,139,103,80,127,110,134,100,91,138,125,141,105,76,124,5,3,Line Drive,Normal,Normal,1,1,1,7,1,1,1,7,1,1,1,7,16,-,-,-,-,-,-,-,-,-,-,-,1,NEU,89-91,3/4,Normal,1,23,-,-,-,107,92,109,112,3,2,2,-,-,-,-,132,127,-,-,-,168,-,-,-,132,127,-,-,-,57,24,3,65,139,134,535,497,137,78,41,2,16,86,60,24,0,5,3,6,0,100,8,71.5,1.07,68,3.7,2.0,3.87,0,0,0.0,-0.0,0,0,0,0,0,0,0,0.0,0,0,0,0,0,0,0,0,0,0,0,0,0,0,0,0,0,0,0,0,0,0.00,0,0,0,0,0,0.0,0.0,0.0,0.00,147,134,430,302,112,16,41,0,3.16,1.0,1.015,0,0,1178.0,0,0,322,302,51,40,30,14,18,5,17,0,0.0,0.0
SS,Cal Ripken Jr.,Cal,Ripken Jr.,Ware Wolves,6' 4',225 lbs,R,R,100,Baltimore Orioles,BAL,1983,1980-1992,HOF,84198,Perfect,Hall of Fame  SS Cal Ripken Jr.  BAL  1983,0,N,0,112,129,95,73,118,102,124,92,84,128,116,131,97,70,115,5,3,Line Drive,Normal,Normal,1,1,1,5,1,1,1,5,1,1,1,5,16,-,-,-,-,-,-,-,-,-,-,-,1,NEU,89-91,3/4,Normal,1,23,-,-,-,107,92,109,112,3,2,2,-,-,-,-,124,119,-,-,-,157,-,-,-,124,119,-,-,-,57,24,3,65,62,61,233,216,64,43,15,0,6,24,27,13,0,1,0,3,0,43,2,33.3,-0.19,31,3.3,1.3,4.01,0,0,0.0,1.1,0,0,0,0,0,0,0,0.0,0,0,0,0,0,0,0,0,0,0,0,0,0,0,0,0,0,0,0,0,0,0.00,0,0,0,0,0,0.0,0.0,0.0,0.00,62,61,199,136,55,8,20,0,3.12,0.6,1.001,0,0,551.2,0,0,142,134,26,20,16,8,8,3,7,0,0.0,0.0
SS,Phil Rizzuto,Phil,Rizzuto,Real Intered Workers,5' 6',160 lbs,R,R,99,New York Yankees,NYA,1950,1946-1960,CS,86656,Diamond,Clubhouse - Hall of Fame  SS Phil Rizzuto  NYY  1950,0,N,0,121,114,44,149,187,138,118,33,144,198,115,113,48,150,183,66,90,Line Drive,Normal,Normal,1,1,1,2,1,1,1,2,1,1,1,2,16,-,-,-,-,-,-,-,-,-,-,-,1,NEU,90-92,3/4,Normal,1,17,-,-,-,120,121,102,114,9,9,4,-,-,-,-,-,137,-,-,-,168,-,-,-,-,137,-,-,-,62,53,63,108,73,73,321,278,70,53,15,2,0,17,27,32,0,5,6,0,0,37,5,31.7,-0.27,31,-6.7,0.9,4.07,0,2,-1.2,1.1,0,0,0,0,0,0,0,0.0,0,0,0,0,0,0,0,0,0,0,0,0,0,0,0,0,0,0,0,0,0,0.00,0,0,0,0,0,0.0,0.0,0.0,0.00,73,73,278,188,78,12,37,0,3.76,1.4,1.010,0,0,636.2,0,0,192,175,27,22,18,11,13,8,8,1,0.0,0.0
SS,Phil Rizzuto,Phil,Rizzuto,Great Lakes Man-of-War-HOTL,5' 6',160 lbs,R,R,99,New York Yankees,NYA,1950,1946-1960,CS,86656,Diamond,Clubhouse - Hall of Fame  SS Phil Rizzuto  NYY  1950,0,N,0,121,114,44,149,187,138,118,33,144,198,115,113,48,150,183,66,90,Line Drive,Normal,Normal,1,1,1,2,1,1,1,2,1,1,1,2,16,-,-,-,-,-,-,-,-,-,-,-,1,NEU,90-92,3/4,Normal,1,17,-,-,-,120,121,102,114,9,9,4,-,-,-,-,-,137,-,-,-,168,-,-,-,-,137,-,-,-,62,53,63,108,142,142,533,487,134,94,35,1,4,47,56,36,0,6,2,2,0,68,10,61.0,-0.58,60,-3.9,2.4,3.87,0,0,0.0,2.8,0,0,0,0,0,0,0,0.0,0,0,0,0,0,0,0,0,0,0,0,0,0,0,0,0,0,0,0,0,0,0.00,0,0,0,0,0,0.0,0.0,0.0,0.00,142,142,486,341,130,15,55,0,3.41,1.3,1.028,0,0,1242.0,0,0,326,301,55,37,40,25,34,11,38,4,0.0,0.0
SS,Alex Rodriguez,Alex,Rodriguez,Dungeon Meshi Marcille,6' 3',225 lbs,R,R,101,Texas Rangers,TEX,2003,1993-2004,BBR,86465,Perfect,Baseball Reference 7  SS Alex Rodriguez  TEX  2003,0,N,0,107,92,172,146,97,114,98,183,172,92,105,90,168,138,99,3,4,Normal,Pull,Pull,1,1,1,2,1,1,1,2,1,1,1,2,16,-,-,-,-,-,-,-,-,-,-,-,1,NEU,89-91,3/4,Normal,1,10,-,-,-,102,122,106,107,2,5,1,-,-,-,-,50,124,-,-,-,163,-,-,-,132,124,-,-,-,89,72,96,93,144,143,571,516,159,97,38,2,22,100,82,45,0,7,0,3,0,122,8,102.2,3.19,97,28.5,6.1,3.91,13,1,2.4,5.6,0,0,0,0,0,0,0,0.0,0,0,0,0,0,0,0,0,0,0,0,0,0,0,0,0,0,0,0,0,0,0.00,0,0,0,0,0,0.0,0.0,0.0,0.00,143,143,521,356,158,7,88,0,3.65,1.3,1.011,0,0,1266.2,0,0,337,324,59,42,38,14,25,8,19,2,0.0,0.0
SS,Mike Schmidt,Mike,Schmidt,The Black Freighter TBD,6' 2',205 lbs,R,R,99,Philadelphia Phillies,PHI,1977,1961-1979,,86286,Diamond,All-Star Week - Historical All-Star  3B Mike Schmidt  PHI  1977,0,N,0,72,123,154,158,71,108,86,180,165,68,60,139,145,156,73,43,63,Normal,Normal,Normal,1,1,1,1,1,1,1,1,1,1,1,1,16,-,-,-,-,-,-,-,-,-,-,-,1,NEU,89-91,OTT,Normal,1,12,-,-,-,109,66,117,47,5,7,7,-,-,-,103,109,98,-,-,-,149,-,-,103,109,98,-,-,-,68,63,73,55,89,67,287,244,59,37,8,3,11,38,32,36,1,3,1,3,0,73,2,39.0,0.25,38,3.5,1.4,4.20,0,1,-0.6,-1.2,0,0,0,0,0,0,0,0.0,0,0,0,0,0,0,0,0,0,0,0,0,0,0,0,0,0,0,0,0,0,0.00,0,0,0,0,0,0.0,0.0,0.0,0.00,87,67,253,170,78,5,27,0,3.37,3.3,1.035,0,0,661.2,0,0,184,178,28,21,11,4,9,4,16,2,0.0,0.0
SS,Joe Sewell,Joe,Sewell,Real Intered Workers,5' 6',155 lbs,L,R,100,Cleveland,CLE,1928,1921-1945,,83809,Perfect,Snapshot  SS Joe Sewell  CLE  1928,0,N,0,108,124,31,130,192,89,114,40,155,164,116,128,28,122,202,90,76,Line Drive,Normal,Normal,1,1,1,2,1,1,1,2,1,1,2,2,16,-,-,-,-,-,-,-,-,-,-,-,1,NEU,89-91,3/4,Normal,1,24,-,-,-,88,89,81,82,1,9,4,-,-,-,-,94,87,-,-,-,146,-,-,-,94,87,-,-,-,57,57,101,57,4,4,13,10,3,1,2,0,0,3,1,2,0,0,0,1,0,1,0,2.5,0.04,2,0.5,0.1,3.69,1,0,0.2,0.0,0,0,0,0,0,0,0,0.0,0,0,0,0,0,0,0,0,0,0,0,0,0,0,0,0,0,0,0,0,0,0.00,0,0,0,0,0,0.0,0.0,0.0,0.00,4,4,14,9,4,1,1,0,3.34,-0.3,.962,0,0,35.0,0,0,11,10,3,2,0,0,0,0,1,0,0.0,0.0
SS,Ozzie Smith,Ozzie,Smith,Salt Lake Bees,5' 11',150 lbs,S,R,100,St. Louis Cardinals,STL,1987,1980-1992,CS,86250,Perfect,Clubhouse - All-Time Legend  SS Ozzie Smith  STL  Peak,0,N,0,105,83,35,108,202,110,87,48,105,200,103,82,31,109,203,121,119,Groundball,Spray,Spray,1,1,1,1,1,1,1,1,1,1,1,1,16,-,-,-,-,-,-,-,-,-,-,-,1,NEU,89-91,3/4,Normal,1,23,-,-,-,125,120,122,125,10,10,6,-,-,-,-,-,150,-,-,-,171,-,-,-,-,150,-,-,-,115,112,117,120,91,84,329,278,62,49,11,1,1,22,33,28,0,1,19,3,0,30,3,27.3,-0.21,19,-20.3,0.5,3.84,27,7,2.9,3.1,0,0,0,0,0,0,0,0.0,0,0,0,0,0,0,0,0,0,0,0,0,0,0,0,0,0,0,0,0,0,0.00,0,0,0,0,0,0.0,0.0,0.0,0.00,85,84,317,209,104,4,51,0,3.82,4.8,1.081,0,0,738.0,0,0,209,198,29,21,23,11,13,6,14,1,0.0,-0.2
SS,Ozzie Smith,Ozzie,Smith,The Black Freighter TBD,5' 11',150 lbs,S,R,100,St. Louis Cardinals,STL,1987,1980-1992,CS,86250,Perfect,Clubhouse - All-Time Legend  SS Ozzie Smith  STL  Peak,0,N,0,105,83,35,108,202,110,87,48,105,200,103,82,31,109,203,121,119,Groundball,Spray,Spray,1,1,1,1,1,1,1,1,1,1,1,1,16,-,-,-,-,-,-,-,-,-,-,-,1,NEU,89-91,3/4,Normal,1,23,-,-,-,125,120,122,125,10,10,6,-,-,-,-,-,150,-,-,-,171,-,-,-,-,150,-,-,-,115,112,117,120,143,141,568,491,110,89,18,2,1,28,59,59,0,9,8,1,0,56,14,47.1,-1.92,45,-23.0,1.0,3.99,17,3,2.4,0.2,0,0,0,0,0,0,0,0.0,0,0,0,0,0,0,0,0,0,0,0,0,0,0,0,0,0,0,0,0,0,0.00,0,0,0,0,0,0.0,0.0,0.0,0.00,143,141,601,418,172,11,86,0,4.22,8.6,1.062,0,0,1258.1,0,0,399,376,59,45,34,17,30,14,30,4,0.0,0.0
SS,Ozzie Smith,Ozzie,Smith,El Vampiro Ankle Biters,5' 11',150 lbs,S,R,100,St. Louis Cardinals,STL,1987,1980-1992,CS,86250,Perfect,Clubhouse - All-Time Legend  SS Ozzie Smith  STL  Peak,0,N,0,105,83,35,108,202,110,87,48,105,200,103,82,31,109,203,121,119,Groundball,Spray,Spray,1,1,1,1,1,1,1,1,1,1,1,1,16,-,-,-,-,-,-,-,-,-,-,-,1,NEU,89-91,3/4,Normal,1,23,-,-,-,125,120,122,125,10,10,6,-,-,-,-,-,150,-,-,-,171,-,-,-,-,150,-,-,-,115,112,117,120,143,143,569,492,112,81,22,5,4,50,65,48,0,4,17,8,0,76,11,49.9,-1.87,42,-25.5,1.5,4.05,23,7,1.8,3.4,0,0,0,0,0,0,0,0.0,0,0,0,0,0,0,0,0,0,0,0,0,0,0,0,0,0,0,0,0,0,0.00,0,0,0,0,0,0.0,0.0,0.0,0.00,143,143,570,390,168,12,79,0,3.91,8.9,1.046,0,0,1283.0,0,0,361,341,69,56,39,26,28,11,20,3,0.0,0.0
SS,Ozzie Smith,Ozzie,Smith,Pulaski Pils,5' 11',150 lbs,S,R,100,St. Louis Cardinals,STL,1987,1980-1992,CS,86250,Perfect,Clubhouse - All-Time Legend  SS Ozzie Smith  STL  Peak,0,N,0,105,83,35,108,202,110,87,48,105,200,103,82,31,109,203,121,119,Groundball,Spray,Spray,1,1,1,1,1,1,1,1,1,1,1,1,16,-,-,-,-,-,-,-,-,-,-,-,1,NEU,89-91,3/4,Normal,1,23,-,-,-,125,120,122,125,10,10,6,-,-,-,-,-,150,-,-,-,171,-,-,-,-,150,-,-,-,115,112,117,120,146,144,560,503,129,94,32,1,2,38,63,43,0,4,6,4,0,67,8,58.3,-0.19,52,-14.7,2.6,3.87,29,6,3.8,3.1,0,0,0,0,0,0,0,0.0,0,0,0,0,0,0,0,0,0,0,0,0,0,0,0,0,0,0,0,0,0,0.00,0,0,0,0,0,0.0,0.0,0.0,0.00,144,144,578,384,177,17,85,0,3.98,5.2,1.037,0,0,1268.1,0,0,356,334,63,50,46,24,25,11,28,2,0.0,0.0
SS,Ozzie Smith,Ozzie,Smith,Marshall M.I.C.E.,5' 11',150 lbs,S,R,100,St. Louis Cardinals,STL,1987,1980-1992,CS,86250,Perfect,Clubhouse - All-Time Legend  SS Ozzie Smith  STL  Peak,0,N,0,105,83,35,108,202,110,87,48,105,200,103,82,31,109,203,121,119,Groundball,Spray,Spray,1,1,1,1,1,1,1,1,1,1,1,1,16,-,-,-,-,-,-,-,-,-,-,-,1,NEU,89-91,3/4,Normal,1,23,-,-,-,125,120,122,125,10,10,6,-,-,-,-,-,150,-,-,-,171,-,-,-,-,150,-,-,-,115,112,117,120,142,142,582,522,150,111,34,5,0,55,83,50,1,6,0,4,0,63,9,73.0,0.93,70,0.7,3.5,3.80,30,9,2.4,3.2,0,0,0,0,0,0,0,0.0,0,0,0,0,0,0,0,0,0,0,0,0,0,0,0,0,0,0,0,0,0,0.00,0,0,0,0,0,0.0,0.0,0.0,0.00,142,142,590,392,180,18,86,0,4.05,5.7,1.043,0,0,1269.2,0,0,383,362,51,39,51,29,30,10,26,1,0.0,0.0
SS,Ozzie Smith,Ozzie,Smith,Atlantic City Surf - GH,5' 11',150 lbs,S,R,100,St. Louis Cardinals,STL,1987,1980-1992,CS,86250,Perfect,Clubhouse - All-Time Legend  SS Ozzie Smith  STL  Peak,0,N,0,105,83,35,108,202,110,87,48,105,200,103,82,31,109,203,121,119,Groundball,Spray,Spray,1,1,1,1,1,1,1,1,1,1,1,1,16,-,-,-,-,-,-,-,-,-,-,-,1,NEU,89-91,3/4,Normal,1,23,-,-,-,125,120,122,125,10,10,6,-,-,-,-,-,150,-,-,-,171,-,-,-,-,150,-,-,-,115,112,117,120,141,140,573,504,143,116,24,2,1,50,69,49,0,7,5,8,0,73,5,66.3,0.65,63,-5.3,3.8,3.94,28,13,-0.1,4.7,0,0,0,0,0,0,0,0.0,0,0,0,0,0,0,0,0,0,0,0,0,0,0,0,0,0,0,0,0,0,0.00,0,0,0,0,0,0.0,0.0,0.0,0.00,141,140,550,383,150,17,80,0,3.83,9.7,1.045,0,0,1254.0,0,0,337,313,63,56,46,29,21,11,22,6,0.0,0.0
SS,Arky Vaughan,Arky,Vaughan,Joe Buck Yourself,5' 10',175 lbs,L,R,101,Pittsburgh Pirates,PIT,1935,1921-1945,,85021,Perfect,Heart Attack - Historical All-Star  SS Arky Vaughan  PIT  1935,0,N,0,131,90,101,149,169,148,84,77,140,179,125,93,113,152,166,38,4,Normal,Spray,Spray,1,1,1,3,1,1,1,3,1,1,1,3,16,-,-,-,-,-,-,-,-,-,-,-,1,NEU,90-92,3/4,Normal,1,6,-,-,-,105,68,97,84,6,4,4,-,-,-,-,102,98,-,-,-,148,-,-,-,102,98,-,-,-,67,46,40,81,146,137,621,554,145,97,28,5,15,60,74,56,2,3,0,6,2,71,15,73.7,1.28,74,-0.2,2.2,3.83,1,4,-2.1,2.2,0,0,0,0,0,0,0,0.0,0,0,0,0,0,0,0,0,0,0,0,0,0,0,0,0,0,0,0,0,0,0.00,0,0,0,0,0,0.0,0.0,0.0,0.00,145,137,364,257,88,19,24,0,2.71,-0.7,.997,0,0,1145.2,0,0,300,284,46,33,21,9,12,1,26,3,0.0,0.0
SS,Arky Vaughan,Arky,Vaughan,Meaty Oakers,5' 10',175 lbs,L,R,101,Pittsburgh Pirates,PIT,1935,1921-1945,,85021,Perfect,Heart Attack - Historical All-Star  SS Arky Vaughan  PIT  1935,0,N,0,131,90,101,149,169,148,84,77,140,179,125,93,113,152,166,38,4,Normal,Spray,Spray,1,1,1,3,1,1,1,3,1,1,1,3,16,-,-,-,-,-,-,-,-,-,-,-,1,NEU,90-92,3/4,Normal,1,6,-,-,-,105,68,97,84,6,4,4,-,-,-,-,102,98,-,-,-,148,-,-,-,102,98,-,-,-,67,46,40,81,148,145,579,501,132,98,16,3,15,73,77,66,1,3,0,9,0,81,8,73.8,2.23,72,3.1,2.0,4.00,0,0,0.0,0.1,0,0,0,0,0,0,0,0.0,0,0,0,0,0,0,0,0,0,0,0,0,0,0,0,0,0,0,0,0,0,0.00,0,0,0,0,0,0.0,0.0,0.0,0.00,146,145,546,363,154,29,72,0,3.81,-8.2,.950,0,0,1222.0,0,0,386,352,52,38,29,13,25,7,23,1,0.0,0.0
SS,Arky Vaughan,Arky,Vaughan,Washington Bishops,5' 10',175 lbs,L,R,101,Pittsburgh Pirates,PIT,1935,1921-1945,,85021,Perfect,Heart Attack - Historical All-Star  SS Arky Vaughan  PIT  1935,0,N,0,131,90,101,149,169,148,84,77,140,179,125,93,113,152,166,38,4,Normal,Spray,Spray,1,1,1,3,1,1,1,3,1,1,1,3,16,-,-,-,-,-,-,-,-,-,-,-,1,NEU,90-92,3/4,Normal,1,6,-,-,-,105,68,97,84,6,4,4,-,-,-,-,102,98,-,-,-,148,-,-,-,102,98,-,-,-,67,46,40,81,107,81,381,341,104,79,17,1,7,38,37,35,0,3,1,1,0,49,10,53.7,1.47,55,9.5,2.3,3.96,0,0,0.0,1.0,0,0,0,0,0,0,0,0.0,0,0,0,0,0,0,0,0,0,0,0,0,0,0,0,0,0,0,0,0,0,0.00,0,0,0,0,0,0.0,0.0,0.0,0.00,93,81,252,179,55,18,22,0,2.90,-2.0,.967,0,0,726.1,0,0,187,170,38,29,20,15,13,4,11,0,0.0,0.0
SS,Arky Vaughan,Arky,Vaughan,Kansas City Torrent,5' 10',175 lbs,L,R,101,Pittsburgh Pirates,PIT,1935,1921-1945,,85021,Perfect,Heart Attack - Historical All-Star  SS Arky Vaughan  PIT  1935,84 356,N,0,131,90,101,149,169,148,84,77,140,179,125,93,113,152,166,38,4,Normal,Spray,Spray,1,1,1,3,1,1,1,3,1,1,1,3,16,-,-,-,-,-,-,-,-,-,-,-,1,NEU,90-92,3/4,Normal,1,6,-,-,-,105,68,97,84,6,4,4,-,-,-,-,102,98,-,-,-,148,-,-,-,102,98,-,-,-,67,46,40,81,130,123,521,457,128,87,21,6,14,59,70,57,0,3,1,3,0,80,13,74.3,1.40,75,13.2,2.3,3.98,1,0,0.0,-0.4,0,0,0,0,0,0,0,0.0,0,0,0,0,0,0,0,0,0,0,0,0,0,0,0,0,0,0,0,0,0,0.00,0,0,0,0,0,0.0,0.0,0.0,0.00,56,52,138,105,26,7,11,0,2.70,-0.9,.978,0,0,436.0,0,0,114,104,16,12,6,5,8,3,8,0,0.0,0.0
SS,Arky Vaughan,Arky,Vaughan,Svendborg Sailors,5' 10',175 lbs,L,R,101,Pittsburgh Pirates,PIT,1935,1921-1945,,85021,Perfect,Heart Attack - Historical All-Star  SS Arky Vaughan  PIT  1935,0,N,0,131,90,101,149,169,148,84,77,140,179,125,93,113,152,166,38,4,Normal,Spray,Spray,1,1,1,3,1,1,1,3,1,1,1,3,16,-,-,-,-,-,-,-,-,-,-,-,1,NEU,90-92,3/4,Normal,1,6,-,-,-,105,68,97,84,6,4,4,-,-,-,-,102,98,-,-,-,148,-,-,-,102,98,-,-,-,67,46,40,81,95,88,374,325,87,60,15,1,11,50,49,39,0,5,0,5,0,53,7,49.7,0.57,50,5.5,1.7,4.03,0,1,-0.7,-0.9,0,0,0,0,0,0,0,0.0,0,0,0,0,0,0,0,0,0,0,0,0,0,0,0,0,0,0,0,0,0,0.00,0,0,0,0,0,0.0,0.0,0.0,0.00,92,88,278,196,70,12,14,0,3.09,-0.7,.989,0,0,774.2,0,0,220,204,37,26,22,13,17,6,14,2,0.0,0.0
SS,Arky Vaughan,Arky,Vaughan,Buffalo Bisons,5' 10',175 lbs,L,R,101,Pittsburgh Pirates,PIT,1935,1921-1945,,85021,Perfect,Heart Attack - Historical All-Star  SS Arky Vaughan  PIT  1935,0,N,0,131,90,101,149,169,148,84,77,140,179,125,93,113,152,166,38,4,Normal,Spray,Spray,1,1,1,3,1,1,1,3,1,1,1,3,16,-,-,-,-,-,-,-,-,-,-,-,1,NEU,90-92,3/4,Normal,1,6,-,-,-,105,68,97,84,6,4,4,-,-,-,-,102,98,-,-,-,148,-,-,-,102,98,-,-,-,67,46,40,81,145,144,599,527,158,108,34,1,15,64,74,62,1,5,2,3,0,100,9,91.8,1.24,92,20.1,3.5,3.88,1,4,-2.1,0.5,0,0,0,0,0,0,0,0.0,0,0,0,0,0,0,0,0,0,0,0,0,0,0,0,0,0,0,0,0,0,0.00,0,0,0,0,0,0.0,0.0,0.0,0.00,145,144,508,313,173,22,72,0,3.53,-6.1,.962,0,0,1238.0,0,0,349,319,48,34,34,16,25,6,20,4,0.0,-0.1
SS,Arky Vaughan,Arky,Vaughan,Tavistock Baseballersons,5' 10',175 lbs,L,R,101,Pittsburgh Pirates,PIT,1935,1921-1945,,85021,Perfect,Heart Attack - Historical All-Star  SS Arky Vaughan  PIT  1935,0,N,0,131,90,101,149,169,148,84,77,140,179,125,93,113,152,166,38,4,Normal,Spray,Spray,1,1,1,3,1,1,1,3,1,1,1,3,16,-,-,-,-,-,-,-,-,-,-,-,1,NEU,90-92,3/4,Normal,1,6,-,-,-,105,68,97,84,6,4,4,-,-,-,-,102,98,-,-,-,148,-,-,-,102,98,-,-,-,67,46,40,81,127,125,544,481,167,120,25,5,17,74,70,50,0,4,0,9,0,64,8,105.6,3.04,101,35.8,5.4,3.85,1,2,-1.1,3.2,0,0,0,0,0,0,0,0.0,0,0,0,0,0,0,0,0,0,0,0,0,0,0,0,0,0,0,0,0,0,0.00,0,0,0,0,0,0.0,0.0,0.0,0.00,123,123,462,298,143,21,54,0,3.67,-6.1,.962,0,0,1081.0,0,0,300,267,43,30,41,20,27,11,27,5,0.0,0.0
SS,Arky Vaughan,Arky,Vaughan,Paramus Fisher Cats,5' 10',175 lbs,L,R,101,Pittsburgh Pirates,PIT,1935,1921-1945,,85021,Perfect,Heart Attack - Historical All-Star  SS Arky Vaughan  PIT  1935,0,N,0,131,90,101,149,169,148,84,77,140,179,125,93,113,152,166,38,4,Normal,Spray,Spray,1,1,1,3,1,1,1,3,1,1,1,3,16,-,-,-,-,-,-,-,-,-,-,-,1,NEU,90-92,3/4,Normal,1,6,-,-,-,105,68,97,84,6,4,4,-,-,-,-,102,98,-,-,-,148,-,-,-,102,98,-,-,-,67,46,40,81,120,109,475,412,110,77,21,3,9,59,51,54,1,5,0,4,0,79,6,62.2,2.15,61,4.8,1.4,4.08,0,0,0.0,2.3,0,0,0,0,0,0,0,0.0,0,0,0,0,0,0,0,0,0,0,0,0,0,0,0,0,0,0,0,0,0,0.00,0,0,0,0,0,0.0,0.0,0.0,0.00,36,31,115,77,34,4,16,0,3.53,-1.3,.950,0,0,282.2,0,0,76,71,7,5,11,4,5,2,4,1,0.0,0.0
SS,Arky Vaughan,Arky,Vaughan,Dungeon Meshi Marcille,5' 10',175 lbs,L,R,101,Pittsburgh Pirates,PIT,1935,1921-1945,,85021,Perfect,Heart Attack - Historical All-Star  SS Arky Vaughan  PIT  1935,0,N,0,131,90,101,149,169,148,84,77,140,179,125,93,113,152,166,38,4,Normal,Spray,Spray,1,1,1,3,1,1,1,3,1,1,1,3,16,-,-,-,-,-,-,-,-,-,-,-,1,NEU,90-92,3/4,Normal,1,6,-,-,-,105,68,97,84,6,4,4,-,-,-,-,102,98,-,-,-,148,-,-,-,102,98,-,-,-,67,46,40,81,90,24,168,145,39,29,5,0,5,30,17,19,0,2,0,2,0,22,4,21.8,0.21,22,2.4,0.8,4.09,0,0,0.0,-0.2,0,0,0,0,0,0,0,0.0,0,0,0,0,0,0,0,0,0,0,0,0,0,0,0,0,0,0,0,0,0,0.00,0,0,0,0,0,0.0,0.0,0.0,0.00,46,19,84,59,22,3,11,0,3.35,0.5,.991,0,0,217.2,0,0,55,50,8,6,6,5,3,2,3,1,0.0,-0.0
SS,Honus Wagner,Honus,Wagner,Fortuna Lifters,5' 11',200 lbs,R,R,99,Pittsburgh Pirates,PIT,1903,2026,UTIL,85540,Diamond,Memorial Day OnStream Builds - Super Utility  SS Honus Wagner  PIT  1903,0,N,0,120,118,89,79,165,102,120,100,72,178,127,117,86,81,161,78,57,Groundball,Normal,Normal,1,1,1,4,1,1,1,4,1,1,1,4,-,-,-,16,-,17,-,-,-,-,-,-,2,NEU,89-91,3/4,Normal,1,11,-,-,-,109,86,96,105,81,120,85,-,-,89,-,114,113,-,-,104,156,-,89,-,114,113,-,-,104,93,88,94,96,147,144,571,534,150,108,25,4,13,72,70,28,0,4,1,3,1,97,12,69.0,1.99,67,-1.0,2.1,3.82,9,4,-0.1,1.7,0,0,0,0,0,0,0,0.0,0,0,0,0,0,0,0,0,0,0,0,0,0,0,0,0,0,0,0,0,0,0.00,0,0,0,0,0,0.0,0.0,0.0,0.00,147,144,532,352,163,17,71,0,3.64,-5.0,.978,0,0,1273.1,0,0,350,325,55,32,43,24,28,9,25,1,0.0,-0.2
SS,Honus Wagner,Honus,Wagner,Manchester Camels,5' 11',200 lbs,R,R,99,Pittsburgh Pirates,PIT,1903,2026,UTIL,85540,Diamond,Memorial Day OnStream Builds - Super Utility  SS Honus Wagner  PIT  1903,0,N,0,120,118,89,79,165,102,120,100,72,178,127,117,86,81,161,78,57,Groundball,Normal,Normal,1,1,1,4,1,1,1,4,1,1,1,4,-,-,-,16,-,17,-,-,-,-,-,-,2,NEU,89-91,3/4,Normal,1,11,-,-,-,109,86,96,105,81,120,85,-,-,89,-,114,113,-,-,104,156,-,89,-,114,113,-,-,104,93,88,94,96,145,144,586,538,150,110,24,5,11,64,67,27,0,3,13,5,0,80,11,68.1,-1.72,62,-7.8,2.8,3.71,9,2,0.9,4.1,0,0,0,0,0,0,0,0.0,0,0,0,0,0,0,0,0,0,0,0,0,0,0,0,0,0,0,0,0,0,0.00,0,0,0,0,0,0.0,0.0,0.0,0.00,144,144,518,349,161,8,74,0,3.54,4.3,1.022,0,0,1297.2,0,0,349,334,41,26,32,20,28,11,28,4,0.0,0.0
SS,Honus Wagner,Honus,Wagner,St. Louis Honkers,5' 11',200 lbs,R,R,99,Pittsburgh Pirates,PIT,1903,2026,UTIL,85540,Diamond,Memorial Day OnStream Builds - Super Utility  SS Honus Wagner  PIT  1903,0,N,0,120,118,89,79,165,102,120,100,72,178,127,117,86,81,161,78,57,Groundball,Normal,Normal,1,1,1,4,1,1,1,4,1,1,1,4,-,-,-,16,-,17,-,-,-,-,-,-,2,NEU,89-91,3/4,Normal,1,11,-,-,-,109,86,96,105,81,120,85,-,-,89,-,114,113,-,-,104,156,-,89,-,114,113,-,-,104,93,88,94,96,90,46,181,169,52,38,5,3,6,17,23,9,0,1,1,1,0,26,6,26.3,-0.09,26,4.7,1.3,3.85,1,0,0.2,1.5,0,0,0,0,0,0,0,0.0,0,0,0,0,0,0,0,0,0,0,0,0,0,0,0,0,0,0,0,0,0,0.00,0,0,0,0,0,0.0,0.0,0.0,0.00,99,46,168,124,39,5,23,0,3.19,-1.3,.979,0,0,460.0,0,0,130,119,17,13,12,6,8,4,12,0,0.0,0.0
SS,Honus Wagner,Honus,Wagner,Pulaski Pils,5' 11',200 lbs,R,R,99,Pittsburgh Pirates,PIT,1903,2026,UTIL,85540,Diamond,Memorial Day OnStream Builds - Super Utility  SS Honus Wagner  PIT  1903,0,N,0,120,118,89,79,165,102,120,100,72,178,127,117,86,81,161,78,57,Groundball,Normal,Normal,1,1,1,4,1,1,1,4,1,1,1,4,-,-,-,16,-,17,-,-,-,-,-,-,2,NEU,89-91,3/4,Normal,1,11,-,-,-,109,86,96,105,81,120,85,-,-,89,-,114,113,-,-,104,156,-,89,-,114,113,-,-,104,93,88,94,96,58,46,183,173,47,30,8,3,6,30,21,6,0,1,1,2,0,29,4,22.2,0.44,21,-0.3,0.5,3.73,1,1,-0.3,-0.2,0,0,0,0,0,0,0,0.0,0,0,0,0,0,0,0,0,0,0,0,0,0,0,0,0,0,0,0,0,0,0.00,0,0,0,0,0,0.0,0.0,0.0,0.00,57,46,154,96,52,6,13,0,3.10,-2.2,.958,0,0,429.0,0,0,103,95,26,17,17,10,4,0,6,0,0.0,-0.2
SS,Honus Wagner,Honus,Wagner,Memphis Redbirds,5' 11',200 lbs,R,R,99,Pittsburgh Pirates,PIT,1903,2026,UTIL,85540,Diamond,Memorial Day OnStream Builds - Super Utility  SS Honus Wagner  PIT  1903,0,N,0,120,118,89,79,165,102,120,100,72,178,127,117,86,81,161,78,57,Groundball,Normal,Normal,1,1,1,4,1,1,1,4,1,1,1,4,-,-,-,16,-,17,-,-,-,-,-,-,2,NEU,89-91,3/4,Normal,1,11,-,-,-,109,86,96,105,81,120,85,-,-,89,-,114,113,-,-,104,156,-,89,-,114,113,-,-,104,93,88,94,96,149,143,577,534,158,110,27,10,11,49,67,33,0,3,6,1,0,91,7,81.3,-0.64,77,7.8,3.4,3.85,5,2,-0.0,4.3,0,0,0,0,0,0,0,0.0,0,0,0,0,0,0,0,0,0,0,0,0,0,0,0,0,0,0,0,0,0,0.00,0,0,0,0,0,0.0,0.0,0.0,0.00,149,143,554,369,164,21,82,0,3.73,-3.7,.989,0,0,1284.2,0,0,342,309,58,46,48,25,31,8,31,3,0.0,-0.1
LF,Cool Papa Bell,Cool Papa,Bell,Milwaukee Braves,5' 11',155 lbs,S,L,100,St. Louis Stars,SLS,1925,1921-1945,,85420,Perfect,SwitchKnucklers - Negro League Star  CF Cool Papa Bell  SLS  1925,0,N,0,131,140,83,87,122,135,138,89,90,124,130,140,81,86,121,101,105,Line Drive,Pull,Pull,54,52,111,69,53,61,110,71,54,49,112,69,72,74,77,-,-,-,-,-,-,-,-,-,3,NEU,87-89,3/4,Normal,94,82,1,1,1,68,72,68,70,111,92,85,124,-,76,-,-,-,134,122,129,124,-,76,-,-,-,134,122,129,119,103,117,126,137,132,570,511,124,75,37,3,9,54,70,42,0,3,11,3,0,115,9,60.6,0.60,55,-13.0,0.8,3.89,19,5,1.9,4.4,0,0,0,0,0,0,0,0.0,0,0,0,0,0,0,0,0,0,0,0,0,0,0,0,0,0,0,0,0,0,0.00,0,0,0,0,0,0.0,0.0,0.0,0.00,137,132,259,3,252,4,1,0,1.91,3.8,1.030,0,0,1201.0,0,0,199,194,49,37,46,15,34,3,39,3,0.0,-2.4
LF,Albert Belle,Albert,Belle,Svendborg Sailors,6' 2',210 lbs,R,R,101,Cleveland,CLE,1995,1993-2004,CS,86464,Perfect,Clubhouse - Baseball Reference 7  LF Albert Belle  CLE  1995,0,N,0,102,168,194,112,112,110,160,148,168,98,100,171,210,96,118,5,1,Line Drive,Normal,Normal,1,1,1,3,1,1,1,3,1,1,1,3,16,-,-,-,-,-,-,-,-,-,-,-,1,NEU,89-91,OTT,Normal,1,12,-,-,-,6,2,10,5,69,69,76,-,-,-,-,-,-,82,-,-,5,-,-,-,-,-,82,-,-,56,25,45,79,140,139,608,558,151,83,36,2,30,95,95,42,0,4,0,4,0,147,8,91.7,2.05,89,16.0,2.4,3.94,0,0,0.0,0.0,0,0,0,0,0,0,0,0.0,0,0,0,0,0,0,0,0,0,0,0,0,0,0,0,0,0,0,0,0,0,0.00,0,0,0,0,0,0.0,0.0,0.0,0.00,133,132,260,6,251,3,1,0,2.03,-4.3,.985,0,0,1141.2,0,0,224,216,32,16,40,15,37,4,30,0,0.0,-1.5
LF,Albert Belle,Albert,Belle,Ware Wolves,6' 2',210 lbs,R,R,101,Cleveland,CLE,1995,1993-2004,CS,86464,Perfect,Clubhouse - Baseball Reference 7  LF Albert Belle  CLE  1995,0,N,0,102,168,194,112,112,110,160,148,168,98,100,171,210,96,118,5,1,Line Drive,Normal,Normal,1,1,1,3,1,1,1,3,1,1,1,3,16,-,-,-,-,-,-,-,-,-,-,-,1,NEU,89-91,OTT,Normal,1,12,-,-,-,6,2,10,5,69,69,76,-,-,-,-,-,-,82,-,-,5,-,-,-,-,-,82,-,-,56,25,45,79,143,143,603,531,134,76,40,0,18,74,76,60,5,3,0,9,0,130,10,76.0,2.11,73,0.7,0.8,4.07,0,2,-1.2,-2.8,0,0,0,0,0,0,0,0.0,0,0,0,0,0,0,0,0,0,0,0,0,0,0,0,0,0,0,0,0,0,0.00,0,0,0,0,0,0.0,0.0,0.0,0.00,143,143,274,5,266,3,0,0,1.91,0.8,.990,0,0,1275.0,0,0,219,214,45,28,31,12,40,7,55,5,0.0,-0.5
LF,Albert Belle,Albert,Belle,Orange Jackrabbits,6' 2',210 lbs,R,R,101,Cleveland,CLE,1995,1993-2004,CS,86464,Perfect,Clubhouse - Baseball Reference 7  LF Albert Belle  CLE  1995,0,N,0,102,168,194,112,112,110,160,148,168,98,100,171,210,96,118,5,1,Line Drive,Normal,Normal,1,1,1,3,1,1,1,3,1,1,1,3,16,-,-,-,-,-,-,-,-,-,-,-,1,NEU,89-91,OTT,Normal,1,12,-,-,-,6,2,10,5,69,69,76,-,-,-,-,-,-,82,-,-,5,-,-,-,-,-,82,-,-,56,25,45,79,150,150,653,597,156,80,50,1,25,102,78,49,0,2,0,5,0,150,12,88.9,1.13,88,9.5,1.5,4.02,1,1,-0.5,-2.1,0,0,0,0,0,0,0,0.0,0,0,0,0,0,0,0,0,0,0,0,0,0,0,0,0,0,0,0,0,0,0.00,0,0,0,0,0,0.0,0.0,0.0,0.00,69,68,136,1,129,6,0,0,1.97,-0.7,.982,0,0,594.2,0,0,107,105,22,15,19,4,21,4,13,1,0.0,-0.9
LF,Cody Bellinger,Cody,Bellinger,Salt Lake Bees,6' 4',205 lbs,L,L,100,New York Yankees,NYA,2026,2026,,86289,Perfect,All-Star Game MVP  LF Cody Bellinger  NYY  2026,0,N,0,118,101,84,132,138,130,110,90,110,130,115,99,82,140,141,5,1,Groundball,Ex. Pull,Pull,1,1,1,1,1,1,1,1,1,1,1,1,16,-,-,-,-,-,-,-,-,-,-,-,1,NEU,91-93,3/4,Normal,1,4,-,-,-,29,40,36,39,114,93,89,-,-,64,-,-,-,139,127,134,79,-,64,-,-,-,139,127,134,64,72,93,96,28,26,95,84,18,15,2,0,1,8,11,10,0,0,0,1,0,20,1,7.7,-0.25,6,-4.7,-0.4,3.93,2,0,0.4,1.2,0,0,0,0,0,0,0,0.0,0,0,0,0,0,0,0,0,0,0,0,0,0,0,0,0,0,0,0,0,0,0.00,0,0,0,0,0,0.0,0.0,0.0,0.00,28,26,149,13,134,2,16,0,5.83,-2.3,.970,0,0,227.0,0,0,45,40,12,7,9,3,8,1,3,0,0.0,-0.2
LF,Cody Bellinger,Cody,Bellinger,Long Island Sounders,6' 4',205 lbs,L,L,100,New York Yankees,NYA,2026,2026,,86289,Perfect,All-Star Game MVP  LF Cody Bellinger  NYY  2026,0,N,0,118,101,84,132,138,130,110,90,110,130,115,99,82,140,141,5,1,Groundball,Ex. Pull,Pull,1,1,1,1,1,1,1,1,1,1,1,1,16,-,-,-,-,-,-,-,-,-,-,-,1,NEU,91-93,3/4,Normal,1,4,-,-,-,29,40,36,39,114,93,89,-,-,64,-,-,-,139,127,134,79,-,64,-,-,-,139,127,134,64,72,93,96,142,137,592,526,139,93,34,1,11,72,68,52,0,6,1,6,1,104,7,72.9,0.93,70,-0.4,1.8,3.91,5,2,-0.0,1.3,0,0,0,0,0,0,0,0.0,0,0,0,0,0,0,0,0,0,0,0,0,0,0,0,0,0,0,0,0,0,0.00,0,0,0,0,0,0.0,0.0,0.0,0.00,141,137,284,7,270,7,1,0,2.05,0.3,1.005,0,0,1217.2,0,0,224,222,57,31,24,10,35,7,58,0,0.0,2.2
LF,Cody Bellinger,Cody,Bellinger,Kansas City Torrent,6' 4',205 lbs,L,L,100,New York Yankees,NYA,2026,2026,,86289,Perfect,All-Star Game MVP  LF Cody Bellinger  NYY  2026,53 599,N,0,118,101,84,132,138,130,110,90,110,130,115,99,82,140,141,5,1,Groundball,Ex. Pull,Pull,1,1,1,1,1,1,1,1,1,1,1,1,16,-,-,-,-,-,-,-,-,-,-,-,1,NEU,91-93,3/4,Normal,1,4,-,-,-,29,40,36,39,114,93,89,-,-,64,-,-,-,139,127,134,79,-,64,-,-,-,139,127,134,64,72,93,96,106,78,325,282,65,46,11,1,7,36,39,39,0,2,0,2,0,58,5,34.2,-1.06,34,-4.4,0.6,4.13,1,1,-0.4,0.8,0,0,0,0,0,0,0,0.0,0,0,0,0,0,0,0,0,0,0,0,0,0,0,0,0,0,0,0,0,0,0.00,0,0,0,0,0,0.0,0.0,0.0,0.00,117,78,186,4,182,0,2,0,2.26,3.2,1.018,0,0,739.1,0,0,139,137,45,29,19,9,24,7,22,0,0.0,-1.8
LF,Cody Bellinger,Cody,Bellinger,El Vampiro Ankle Biters,6' 4',205 lbs,L,L,100,New York Yankees,NYA,2026,2026,,86289,Perfect,All-Star Game MVP  LF Cody Bellinger  NYY  2026,0,N,0,118,101,84,132,138,130,110,90,110,130,115,99,82,140,141,5,1,Groundball,Ex. Pull,Pull,1,1,1,1,1,1,1,1,1,1,1,1,16,-,-,-,-,-,-,-,-,-,-,-,1,NEU,91-93,3/4,Normal,1,4,-,-,-,29,40,36,39,114,93,89,-,-,64,-,-,-,139,127,134,79,-,64,-,-,-,139,127,134,64,72,93,96,143,92,442,391,113,78,23,3,9,51,64,43,2,3,0,5,0,81,9,61.9,1.65,61,8.2,2.1,3.86,1,1,-0.5,2.8,0,0,0,0,0,0,0,0.0,0,0,0,0,0,0,0,0,0,0,0,0,0,0,0,0,0,0,0,0,0,0.00,0,0,0,0,0,0.0,0.0,0.0,0.00,138,92,230,10,215,5,0,0,2.30,-0.2,.986,0,0,881.1,0,0,165,160,45,30,29,10,39,6,44,4,0.0,-1.4
LF,Cody Bellinger,Cody,Bellinger,Tavistock Baseballersons,6' 4',205 lbs,L,L,100,New York Yankees,NYA,2026,2026,,86289,Perfect,All-Star Game MVP  LF Cody Bellinger  NYY  2026,0,N,0,118,101,84,132,138,130,110,90,110,130,115,99,82,140,141,5,1,Groundball,Ex. Pull,Pull,1,1,1,1,1,1,1,1,1,1,1,1,16,-,-,-,-,-,-,-,-,-,-,-,1,NEU,91-93,3/4,Normal,1,4,-,-,-,29,40,36,39,114,93,89,-,-,64,-,-,-,139,127,134,79,-,64,-,-,-,139,127,134,64,72,93,96,132,121,493,448,114,76,20,5,13,59,53,39,0,2,0,4,0,89,17,54.1,0.12,56,-2.5,0.1,3.87,1,2,-1.0,-0.9,0,0,0,0,0,0,0,0.0,0,0,0,0,0,0,0,0,0,0,0,0,0,0,0,0,0,0,0,0,0,0.00,0,0,0,0,0,0.0,0.0,0.0,0.00,154,121,900,59,834,7,79,0,7.27,-2.7,.969,0,0,1105.1,0,0,206,197,43,33,14,1,22,6,16,0,0.0,0.3
LF,Cody Bellinger,Cody,Bellinger,Pulaski Pils,6' 4',205 lbs,L,L,100,New York Yankees,NYA,2026,2026,,86289,Perfect,All-Star Game MVP  LF Cody Bellinger  NYY  2026,0,N,0,118,101,84,132,138,130,110,90,110,130,115,99,82,140,141,5,1,Groundball,Ex. Pull,Pull,1,1,1,1,1,1,1,1,1,1,1,1,16,-,-,-,-,-,-,-,-,-,-,-,1,NEU,91-93,3/4,Normal,1,4,-,-,-,29,40,36,39,114,93,89,-,-,64,-,-,-,139,127,134,79,-,64,-,-,-,139,127,134,64,72,93,96,148,142,609,532,121,76,33,1,11,62,63,67,0,7,0,3,0,120,16,61.7,-0.69,64,-9.2,0.5,4.07,7,3,-0.1,-3.7,0,0,0,0,0,0,0,0.0,0,0,0,0,0,0,0,0,0,0,0,0,0,0,0,0,0,0,0,0,0,0.00,0,0,0,0,0,0.0,0.0,0.0,0.00,155,142,323,10,310,3,4,0,2.29,1.4,1.007,0,0,1259.1,0,0,251,246,53,30,39,16,48,9,54,3,0.0,-1.5
LF,Cody Bellinger,Cody,Bellinger,Alhambra Moors - HotL TTC,6' 4',205 lbs,L,L,100,New York Yankees,NYA,2026,2026,,86289,Perfect,All-Star Game MVP  LF Cody Bellinger  NYY  2026,0,N,0,118,101,84,132,138,130,110,90,110,130,115,99,82,140,141,5,1,Groundball,Ex. Pull,Pull,1,1,1,1,1,1,1,1,1,1,1,1,16,-,-,-,-,-,-,-,-,-,-,-,1,NEU,91-93,3/4,Normal,1,4,-,-,-,29,40,36,39,114,93,89,-,-,64,-,-,-,139,127,134,79,-,64,-,-,-,139,127,134,64,72,93,96,147,145,582,519,148,95,32,5,16,57,81,54,0,6,0,3,0,115,8,86.5,0.08,86,16.4,3.3,3.94,6,5,-1.4,-0.3,0,0,0,0,0,0,0,0.0,0,0,0,0,0,0,0,0,0,0,0,0,0,0,0,0,0,0,0,0,0,0.00,0,0,0,0,0,0.0,0.0,0.0,0.00,153,145,303,9,290,4,2,0,2.14,4.1,1.015,0,0,1255.0,0,0,245,242,37,23,36,20,40,4,47,1,0.0,1.8
LF,Lenny Dykstra,Lenny,Dykstra,Krakow Hussars,5' 10',165 lbs,L,L,100,Philadelphia Phillies,PHI,1990,1980-1992,ME,82753,Perfect,Live Collection Reward - Hardware Heroes  CF Lenny Dykstra  PHI  1990,0,N,0,131,93,47,106,153,111,58,23,105,122,138,105,55,107,163,69,64,Groundball,Normal,Normal,1,1,1,4,1,1,1,4,1,1,1,4,16,-,-,-,-,-,-,-,-,-,-,-,1,NEU,90-92,OTT,Normal,1,3,-,-,-,4,2,1,10,109,84,63,-,-,-,-,-,-,125,113,-,-,-,-,-,-,-,125,113,-,94,90,102,94,103,72,270,242,64,50,13,0,1,20,34,20,0,2,5,1,0,53,7,27.2,-0.96,25,-7.1,0.3,3.84,10,1,1.8,0.9,0,0,0,0,0,0,0,0.0,0,0,0,0,0,0,0,0,0,0,0,0,0,0,0,0,0,0,0,0,0,0.00,0,0,0,0,0,0.0,0.0,0.0,0.00,108,72,145,3,140,2,1,0,1.99,2.5,1.025,0,0,648.0,0,0,109,109,28,19,19,5,27,7,29,0,0.0,-0.9
LF,Tommy Harper,Tommy,Harper,Real Intered Workers,5' 10',170 lbs,R,R,101,Milwaukee Brewers,MIL,1970,1961-1979,BBR,86156,Perfect,Obscure All-Stars - Baseball Reference 5  3B Tommy Harper  ML4  1970,0,N,0,130,129,124,133,119,120,151,100,144,106,133,122,133,130,124,81,62,Normal,Pull,Pull,1,1,1,1,1,1,1,1,1,1,1,1,16,-,-,-,-,-,-,-,-,-,-,-,1,NEU,89-91,3/4,Normal,1,14,-,-,-,108,55,85,58,86,121,56,-,-,-,101,87,-,107,85,95,140,-,-,101,87,-,107,85,95,112,93,107,119,148,148,586,529,119,69,38,2,10,68,61,53,1,0,2,2,0,132,11,57.8,-0.23,54,-16.3,-0.2,4.01,20,5,2.1,2.3,0,0,0,0,0,0,0,0.0,0,0,0,0,0,0,0,0,0,0,0,0,0,0,0,0,0,0,0,0,0,0.00,0,0,0,0,0,0.0,0.0,0.0,0.00,152,148,263,8,254,1,2,0,1.99,2.3,1.018,0,0,1186.0,0,0,208,207,43,23,44,17,45,8,41,1,0.0,-6.5
LF,Tommy Harper,Tommy,Harper,Dungeon Meshi Marcille,5' 10',170 lbs,R,R,101,Milwaukee Brewers,MIL,1970,1961-1979,BBR,86156,Perfect,Obscure All-Stars - Baseball Reference 5  3B Tommy Harper  ML4  1970,0,N,0,130,129,124,133,119,120,151,100,144,106,133,122,133,130,124,81,62,Normal,Pull,Pull,1,1,1,1,1,1,1,1,1,1,1,1,16,-,-,-,-,-,-,-,-,-,-,-,1,NEU,89-91,3/4,Normal,1,14,-,-,-,108,55,85,58,86,121,56,-,-,-,101,87,-,107,85,95,140,-,-,101,87,-,107,85,95,112,93,107,119,111,94,437,385,109,74,23,1,11,48,64,45,0,7,0,0,0,87,3,65.4,2.91,64,12.0,2.5,4.12,19,8,0.3,3.6,0,0,0,0,0,0,0,0.0,0,0,0,0,0,0,0,0,0,0,0,0,0,0,0,0,0,0,0,0,0,0.00,0,0,0,0,0,0.0,0.0,0.0,0.00,108,94,219,44,169,6,11,0,2.34,1.0,1.016,0,0,818.1,0,0,156,148,43,28,16,7,25,5,40,2,0.0,-1.8
LF,Monte Irvin,Monte,Irvin,Fortuna Lifters,6' 1',195 lbs,R,R,100,Newark Eagles,NeEa,1946,1946-1960,,84886,Perfect,Celebrating 42 - Negro League Star  LF Monte Irvin  NeEa  1946,0,N,0,123,130,91,95,105,128,137,91,106,106,122,128,91,93,105,24,30,Normal,Pull,Pull,13,26,34,18,13,26,34,19,13,26,34,18,32,-,39,-,-,-,-,-,-,-,-,-,2,EX FB,93-95,3/4,Normal,57,23,1,1,1,82,58,77,72,67,54,69,-,-,-,-,-,68,75,52,71,126,-,-,-,-,68,75,52,71,61,57,66,58,24,9,52,50,13,6,7,0,0,9,3,2,0,0,0,0,0,15,1,5.5,0.25,5,-1.0,-0.1,3.75,0,0,0.0,0.1,0,0,0,0,0,0,0,0.0,0,0,0,0,0,0,0,0,0,0,0,0,0,0,0,0,0,0,0,0,0,0.00,0,0,0,0,0,0.0,0.0,0.0,0.00,20,9,25,1,22,2,0,0,2.04,-1.7,.914,0,0,101.1,0,0,21,19,4,2,4,1,2,0,3,0,0.0,0.6
LF,Heinie Manush,Heinie,Manush,Meaty Oakers,6' 1',200 lbs,L,L,102,St. Louis Browns,BAL,1928,1921-1945,BBR,86370,Perfect,September Stars - Baseball Reference 8  LF Heinie Manush  SLA  1928,0,N,0,150,140,105,92,224,141,68,122,75,243,153,170,100,98,218,81,47,Line Drive,Normal,Normal,1,1,1,4,1,1,1,4,1,1,1,4,16,-,-,-,-,-,-,-,-,-,-,-,1,NEU,89-91,3/4,Normal,1,24,-,-,-,5,4,10,6,96,106,57,-,-,-,-,-,-,115,97,-,7,-,-,-,-,-,115,97,-,69,41,65,94,37,36,160,146,40,30,6,2,2,21,16,10,0,2,0,2,0,16,4,17.8,0.37,17,-1.3,0.3,3.94,1,1,-0.3,0.1,0,0,0,0,0,0,0,0.0,0,0,0,0,0,0,0,0,0,0,0,0,0,0,0,0,0,0,0,0,0,0.00,0,0,0,0,0,0.0,0.0,0.0,0.00,37,36,70,1,69,0,0,0,1.99,1.3,.998,0,0,316.0,0,0,55,54,10,9,10,5,7,0,13,1,0.0,-0.8
LF,Mickey Moniak,Mickey,Moniak,El Vampiro Ankle Biters,6' 2',195 lbs,L,R,100,Philadelphia Phillies,PHI,2020,2015+,HFL,86570,Perfect,Young & Old 2 - Historical Future Legend  CF Mickey Moniak  PHI  2020,0,N,0,129,129,102,103,137,104,98,87,98,120,138,140,110,106,143,58,18,Normal,Spray,Spray,1,1,1,5,1,1,1,5,1,1,1,5,16,-,-,-,-,-,-,-,-,-,-,-,1,NEU,92-94,3/4,Normal,1,17,-,-,-,8,3,6,6,109,80,92,-,-,-,-,-,-,131,119,129,9,-,11,-,-,-,131,119,129,106,100,106,112,134,108,478,434,110,63,31,1,15,48,67,36,1,5,0,3,0,76,5,60.8,-1.00,58,0.9,1.6,3.91,6,3,-0.2,2.1,0,0,0,0,0,0,0,0.0,0,0,0,0,0,0,0,0,0,0,0,0,0,0,0,0,0,0,0,0,0,0.00,0,0,0,0,0,0.0,0.0,0.0,0.00,121,108,194,4,190,0,1,0,1.94,0.8,1.014,0,0,900.2,0,0,160,154,39,28,15,5,20,2,33,1,0.0,0.6
LF,Lefty O'Doul,Lefty,O'Doul,Washington Bishops,6' 0',180 lbs,L,L,100,Philadelphia Phillies,PHI,1929,1921-1945,BBR,85941,Perfect,July Jewels - Baseball Reference 4  LF Lefty O'Doul  PHI  1929,0,N,0,147,78,137,91,160,137,68,127,97,128,150,81,140,89,171,55,13,Groundball,Pull,Pull,1,1,1,5,1,1,1,5,1,1,1,5,16,-,-,16,-,-,-,-,-,-,-,-,2,NEU,86-88,SIDE,Normal,1,11,-,-,-,3,4,8,3,62,70,71,-,-,-,-,-,-,74,-,70,-,-,-,-,-,-,74,-,70,39,22,44,34,143,143,659,595,162,119,20,4,19,66,74,48,0,5,5,6,0,106,21,77.6,-0.03,80,0.7,1.2,3.90,0,2,-1.3,-3.8,0,0,0,0,0,0,0,0.0,0,0,0,0,0,0,0,0,0,0,0,0,0,0,0,0,0,0,0,0,0,0.00,0,0,0,0,0,0.0,0.0,0.0,0.00,143,143,288,3,279,6,0,0,1.97,3.4,.980,0,0,1286.2,0,0,215,212,56,45,32,12,37,7,44,3,0.0,-2.5
LF,Lefty O'Doul,Lefty,O'Doul,St. Louis Honkers,6' 0',180 lbs,L,L,100,Philadelphia Phillies,PHI,1929,1921-1945,BBR,85941,Perfect,July Jewels - Baseball Reference 4  LF Lefty O'Doul  PHI  1929,0,N,0,147,78,137,91,160,137,68,127,97,128,150,81,140,89,171,55,13,Groundball,Pull,Pull,1,1,1,5,1,1,1,5,1,1,1,5,16,-,-,16,-,-,-,-,-,-,-,-,2,NEU,86-88,SIDE,Normal,1,11,-,-,-,3,4,8,3,62,70,71,-,-,-,-,-,-,74,-,70,-,-,-,-,-,-,74,-,70,39,22,44,34,126,114,525,480,141,95,34,2,10,55,57,31,0,5,2,7,0,80,14,68.8,-0.72,68,5.7,0.6,3.81,0,1,-0.7,-3.2,0,0,0,0,0,0,0,0.0,0,0,0,0,0,0,0,0,0,0,0,0,0,0,0,0,0,0,0,0,0,0.00,0,0,0,0,0,0.0,0.0,0.0,0.00,115,114,240,6,230,4,1,0,2.17,-6.3,.963,0,0,978.2,0,0,194,184,53,34,27,7,34,3,51,2,0.0,-2.2
LF,Lefty O'Doul,Lefty,O'Doul,The Black Freighter TBD,6' 0',180 lbs,L,L,100,Philadelphia Phillies,PHI,1929,1921-1945,BBR,85941,Perfect,July Jewels - Baseball Reference 4  LF Lefty O'Doul  PHI  1929,0,N,0,147,78,137,91,160,137,68,127,97,128,150,81,140,89,171,55,13,Groundball,Pull,Pull,1,1,1,5,1,1,1,5,1,1,1,5,16,-,-,16,-,-,-,-,-,-,-,-,2,NEU,86-88,SIDE,Normal,1,11,-,-,-,3,4,8,3,62,70,71,-,-,-,-,-,-,74,-,70,-,-,-,-,-,-,74,-,70,39,22,44,34,108,100,430,392,126,82,23,0,21,74,56,27,0,7,0,4,0,68,18,73.6,1.09,76,24.7,2.1,3.74,0,0,0.0,-1.4,0,0,0,0,0,0,0,0.0,0,0,0,0,0,0,0,0,0,0,0,0,0,0,0,0,0,0,0,0,0,0.00,0,0,0,0,0,0.0,0.0,0.0,0.00,101,100,169,3,164,2,1,0,1.69,-7.6,.949,0,0,887.0,0,0,139,128,42,26,30,10,19,0,37,0,0.0,-1.8
LF,Lefty O'Doul,Lefty,O'Doul,Littleton CO Mountaineers,6' 0',180 lbs,L,L,100,Philadelphia Phillies,PHI,1929,1921-1945,BBR,85941,Perfect,July Jewels - Baseball Reference 4  LF Lefty O'Doul  PHI  1929,0,N,0,147,78,137,91,160,137,68,127,97,128,150,81,140,89,171,55,13,Groundball,Pull,Pull,1,1,1,5,1,1,1,5,1,1,1,5,16,-,-,16,-,-,-,-,-,-,-,-,2,NEU,86-88,SIDE,Normal,1,11,-,-,-,3,4,8,3,62,70,71,-,-,-,-,-,-,74,-,70,-,-,-,-,-,-,74,-,70,39,22,44,34,102,99,441,402,94,64,22,0,8,51,41,31,2,3,0,5,0,81,9,40.4,-1.29,37,-15.5,-2.3,3.91,0,1,-0.7,-5.6,0,0,0,0,0,0,0,0.0,0,0,0,0,0,0,0,0,0,0,0,0,0,0,0,0,0,0,0,0,0,0.00,0,0,0,0,0,0.0,0.0,0.0,0.00,89,88,152,4,143,5,0,0,1.71,-6.4,.950,0,0,772.0,0,0,128,118,30,12,17,9,17,2,40,2,0.0,0.4
LF,Lefty O'Doul,Lefty,O'Doul,Buffalo Bisons,6' 0',180 lbs,L,L,100,Philadelphia Phillies,PHI,1929,1921-1945,BBR,85941,Perfect,July Jewels - Baseball Reference 4  LF Lefty O'Doul  PHI  1929,0,N,0,147,78,137,91,160,137,68,127,97,128,150,81,140,89,171,55,13,Groundball,Pull,Pull,1,1,1,5,1,1,1,5,1,1,1,5,16,-,-,16,-,-,-,-,-,-,-,-,2,NEU,86-88,SIDE,Normal,1,11,-,-,-,3,4,8,3,62,70,71,-,-,-,-,-,-,74,-,70,-,-,-,-,-,-,74,-,70,39,22,44,34,149,144,610,551,147,102,23,1,21,75,65,46,0,7,1,5,0,102,18,74.7,-0.83,77,3.8,0.2,3.88,0,1,-0.8,-0.5,0,0,0,0,0,0,0,0.0,0,0,0,0,0,0,0,0,0,0,0,0,0,0,0,0,0,0,0,0,0,0.00,0,0,0,0,0,0.0,0.0,0.0,0.00,144,144,281,7,270,4,1,0,1.98,-7.8,.961,0,0,1261.0,0,0,226,219,60,33,38,12,51,5,56,1,0.0,-3.7
LF,Lefty O'Doul,Lefty,O'Doul,Marshall M.I.C.E.,6' 0',180 lbs,L,L,100,Philadelphia Phillies,PHI,1929,1921-1945,BBR,85941,Perfect,July Jewels - Baseball Reference 4  LF Lefty O'Doul  PHI  1929,0,N,0,147,78,137,91,160,137,68,127,97,128,150,81,140,89,171,55,13,Groundball,Pull,Pull,1,1,1,5,1,1,1,5,1,1,1,5,16,-,-,16,-,-,-,-,-,-,-,-,2,NEU,86-88,SIDE,Normal,1,11,-,-,-,3,4,8,3,62,70,71,-,-,-,-,-,-,74,-,70,-,-,-,-,-,-,74,-,70,39,22,44,34,146,146,597,531,154,105,30,1,18,85,67,57,0,5,0,4,0,87,9,89.5,1.47,88,16.9,1.6,3.94,0,0,0.0,-5.4,0,0,0,0,0,0,0,0.0,0,0,0,0,0,0,0,0,0,0,0,0,0,0,0,0,0,0,0,0,0,0.00,0,0,0,0,0,0.0,0.0,0.0,0.00,141,139,225,4,215,6,0,0,1.89,-3.4,.965,0,0,1041.0,0,0,176,172,44,22,32,14,32,7,38,0,0.0,-2.6
LF,Frank Robinson,Frank,Robinson,Meaty Oakers,6' 1',185 lbs,R,R,100,Cincinnati Reds,CIN,1961,1961-1979,ME,85521,Perfect,60s Theme Week - Hardware Heroes  RF Frank Robinson  CIN  1961,0,N,0,116,114,126,103,115,121,118,99,136,130,115,113,136,95,111,4,5,Normal,Normal,Normal,1,1,1,1,1,1,1,1,1,1,1,1,16,-,-,-,-,-,-,-,-,-,-,-,1,NEU,90-92,3/4,Normal,1,22,-,-,-,60,45,78,54,107,113,96,-,-,-,-,57,-,136,121,134,106,-,-,-,57,-,136,121,134,71,83,102,85,131,130,526,486,132,83,29,4,16,77,64,35,0,0,1,4,0,106,6,66.7,1.41,66,3.4,0.9,3.94,4,9,-3.8,-0.1,0,0,0,0,0,0,0,0.0,0,0,0,0,0,0,0,0,0,0,0,0,0,0,0,0,0,0,0,0,0,0.00,0,0,0,0,0,0.0,0.0,0.0,0.00,131,130,267,5,262,0,0,0,2.12,-0.9,1.005,0,0,1133.0,0,0,215,214,61,33,33,10,27,5,36,0,0.0,-1.6
LF,Frank Robinson,Frank,Robinson,Chicago Dogs,6' 1',185 lbs,R,R,100,Cincinnati Reds,CIN,1961,1961-1979,ME,85521,Perfect,60s Theme Week - Hardware Heroes  RF Frank Robinson  CIN  1961,0,N,0,116,114,126,103,115,121,118,99,136,130,115,113,136,95,111,4,5,Normal,Normal,Normal,1,1,1,1,1,1,1,1,1,1,1,1,16,-,-,-,-,-,-,-,-,-,-,-,1,NEU,90-92,3/4,Normal,1,22,-,-,-,60,45,78,54,107,113,96,-,-,-,-,57,-,136,121,134,106,-,-,-,57,-,136,121,134,71,83,102,85,149,143,633,573,144,91,30,1,22,89,77,46,0,9,0,5,0,142,9,76.1,-0.02,75,-0.3,1.7,4.08,8,7,-1.9,0.2,0,0,0,0,0,0,0,0.0,0,0,0,0,0,0,0,0,0,0,0,0,0,0,0,0,0,0,0,0,0,0.00,0,0,0,0,0,0.0,0.0,0.0,0.00,149,143,295,1,290,4,0,0,2.06,1.9,1.005,0,0,1272.2,0,0,242,240,47,31,35,12,40,7,45,0,0.0,-2.3
LF,Frank Robinson,Frank,Robinson,Dungeon Meshi Marcille,6' 1',185 lbs,R,R,100,Cincinnati Reds,CIN,1961,1961-1979,ME,85521,Perfect,60s Theme Week - Hardware Heroes  RF Frank Robinson  CIN  1961,0,N,0,116,114,126,103,115,121,118,99,136,130,115,113,136,95,111,4,5,Normal,Normal,Normal,1,1,1,1,1,1,1,1,1,1,1,1,16,-,-,-,-,-,-,-,-,-,-,-,1,NEU,90-92,3/4,Normal,1,22,-,-,-,60,45,78,54,107,113,96,-,-,-,-,57,-,136,121,134,106,-,-,-,57,-,136,121,134,71,83,102,85,105,82,346,317,85,53,20,2,10,50,43,23,0,3,0,3,0,68,11,42.5,-0.21,43,2.1,1.2,3.80,5,2,0.1,-0.2,0,0,0,0,0,0,0,0.0,0,0,0,0,0,0,0,0,0,0,0,0,0,0,0,0,0,0,0,0,0,0.00,0,0,0,0,0,0.0,0.0,0.0,0.00,113,82,184,4,178,2,1,0,2.09,4.5,1.047,0,0,783.1,0,0,140,139,35,22,27,8,29,7,46,3,0.0,-1.2
LF,Jackie Robinson,Jackie,Robinson,Littleton CO Mountaineers,5' 11',195 lbs,R,R,100,Brooklyn Dodgers,LAD,1949,1946-1960,ME,84013,Perfect,Celebrating 42 - Historical All-Star  2B Jackie Robinson  BRO  1949,0,N,0,128,126,88,97,140,122,120,82,98,140,130,128,90,97,140,115,112,Line Drive,Spray,Spray,1,1,1,3,1,1,1,3,1,1,1,3,16,-,-,-,-,-,-,-,-,-,-,-,1,NEU,90-92,OTT,Normal,1,1,-,-,-,111,102,89,114,87,103,81,-,-,92,139,119,-,110,-,-,160,-,92,139,119,-,110,-,-,107,104,106,117,2,1,5,4,1,1,0,0,0,0,0,0,0,0,1,0,0,3,0,0.3,-0.10,0,-0.6,-0.1,4.20,0,0,0.0,0.0,0,0,0,0,0,0,0,0.0,0,0,0,0,0,0,0,0,0,0,0,0,0,0,0,0,0,0,0,0,0,0.00,0,0,0,0,0,0.0,0.0,0.0,0.00,2,1,5,3,2,0,0,0,4.09,-0.0,1.036,0,0,11.0,0,0,4,4,2,1,0,0,0,0,0,0,0.0,-0.2
LF,Jimmy Sheckard,Jimmy,Sheckard,Memphis Redbirds,5' 9',175 lbs,L,R,100,Brooklyn Superbas,LAD,1901,2026,,84663,Perfect,Opening Day Heroes - Snapshot  LF Jimmy Sheckard  BRO  1901,0,Y,5,131,134,116,96,104,135,130,87,96,84,130,136,130,97,113,62,52,Line Drive,Normal,Normal,1,1,1,1,1,1,1,1,1,1,1,1,16,-,-,-,-,-,-,-,-,-,-,-,1,NEU,90-92,OTT,Normal,1,5,-,-,-,52,50,66,39,89,73,67,-,-,-,-,50,-,110,91,102,108,-,-,-,50,-,110,91,102,93,85,98,76,124,107,467,423,115,80,16,5,14,53,57,32,0,7,3,2,0,99,9,59.0,-0.25,60,3.9,1.2,3.89,5,6,-2.1,2.1,0,0,0,0,0,0,0,0.0,0,0,0,0,0,0,0,0,0,0,0,0,0,0,0,0,0,0,0,0,0,0.00,0,0,0,0,0,0.0,0.0,0.0,0.00,120,106,222,1,216,5,0,0,2.08,1.9,1.017,0,0,937.1,0,0,180,178,43,25,18,6,24,6,38,1,0.0,-4.2
LF,Al Simmons,Al,Simmons,Kumamoto Ozeki TBD,5' 11',190 lbs,R,R,99,Philadelphia Athletics,OAK,1930,1921-1945,BBR,85942,Diamond,July Jewels - Baseball Reference 4  LF Al Simmons  PHA  1930,0,N,0,141,128,120,65,132,155,138,129,85,169,137,125,117,58,120,104,84,Normal,Normal,Normal,1,1,1,1,1,1,1,1,1,1,1,1,16,-,-,-,-,-,-,-,-,-,-,-,1,NEU,89-91,3/4,Normal,1,14,-,-,-,9,4,7,1,69,112,69,-,-,-,-,-,-,90,63,-,10,-,-,-,-,-,90,63,-,61,34,75,89,95,87,357,334,101,51,26,9,15,62,49,16,1,5,0,2,0,47,9,61.2,2.68,60,18.0,2.2,3.73,1,2,-0.9,2.1,0,0,0,0,0,0,0,0.0,0,0,0,0,0,0,0,0,0,0,0,0,0,0,0,0,0,0,0,0,0,0.00,0,0,0,0,0,0.0,0.0,0.0,0.00,87,82,150,1,148,1,0,0,1.85,-3.1,.983,0,0,726.1,0,0,125,120,30,16,26,9,18,3,33,0,0.0,-2.5
LF,Tris Speaker,Tris,Speaker,Kumamoto Ozeki TBD,5' 11',190 lbs,L,L,100,Boston Red Sox,BOS,1910,2026,ME,83846,Perfect,Live Full Collection - Snapshot  CF Tris Speaker  BOS  1910,0,N,0,125,92,116,83,130,112,92,115,75,105,130,93,117,86,138,85,84,Groundball,Pull,Pull,1,1,1,4,1,1,1,4,1,1,1,4,-,-,-,16,-,17,-,-,-,-,-,-,2,NEU,89-91,3/4,Normal,1,22,-,-,-,4,6,3,4,113,89,99,-,-,-,-,-,-,138,127,137,-,-,-,-,-,-,138,127,137,97,91,103,103,108,98,407,367,105,77,18,2,8,43,50,33,0,3,1,3,0,83,3,54.5,0.73,52,3.9,1.7,3.73,6,4,-0.8,2.8,0,0,0,0,0,0,0,0.0,0,0,0,0,0,0,0,0,0,0,0,0,0,0,0,0,0,0,0,0,0,0.00,0,0,0,0,0,0.0,0.0,0.0,0.00,105,97,185,3,181,1,0,0,1.94,1.7,1.003,0,0,855.2,0,0,149,148,33,24,17,5,21,4,29,0,0.0,0.5
LF,Tris Speaker,Tris,Speaker,Atlantic City Surf - GH,5' 11',190 lbs,L,L,100,Boston Red Sox,BOS,1910,2026,ME,83846,Perfect,Live Full Collection - Snapshot  CF Tris Speaker  BOS  1910,0,Y,5,135,100,125,90,140,121,100,124,82,114,140,101,126,93,149,85,84,Groundball,Pull,Pull,1,1,1,6,1,1,1,6,1,1,1,6,-,-,-,16,-,17,-,-,-,-,-,-,2,NEU,89-91,3/4,Normal,1,22,-,-,-,4,6,3,4,113,89,99,-,-,-,-,-,-,148,136,147,-,-,-,-,-,-,148,136,147,97,91,103,103,136,112,527,481,141,93,16,9,23,87,80,34,1,6,0,6,0,90,14,79.4,2.46,81,17.7,3.4,3.90,8,7,-1.9,2.8,0,0,0,0,0,0,0,0.0,0,0,0,0,0,0,0,0,0,0,0,0,0,0,0,0,0,0,0,0,0,0.00,0,0,0,0,0,0.0,0.0,0.0,0.00,125,112,217,2,214,1,0,0,1.92,1.2,1.007,0,0,1013.1,0,0,174,173,37,28,40,10,22,3,42,0,0.0,-1.1
LF,Jordan Walker,Jordan,Walker,Alhambra Moors - HotL TTC,6' 5',250 lbs,R,R,100,St. Louis Cardinals,STL,2026,2026,CS,86288,Perfect,Clubhouse - HR Derby Winner  RF Jordan Walker  STL  2026,0,N,0,90,75,198,106,100,90,75,190,125,100,90,75,200,100,100,29,21,Flyball,Pull,Pull,1,1,1,4,1,1,1,4,1,1,1,4,17,-,-,-,-,-,-,-,-,-,-,-,1,NEU,93-95,3/4,Normal,1,19,-,-,-,10,10,5,1,70,75,120,-,-,-,-,-,-,94,-,102,17,-,-,-,-,-,94,-,102,108,67,87,90,93,54,274,246,69,44,11,2,12,39,33,23,3,1,1,3,0,49,6,41.2,1.09,38,5.7,1.0,3.80,4,0,0.9,-1.7,0,0,0,0,0,0,0,0.0,0,0,0,0,0,0,0,0,0,0,0,0,0,0,0,0,0,0,0,0,0,0.00,0,0,0,0,0,0.0,0.0,0.0,0.00,43,17,43,4,38,1,2,0,2.00,0.2,1.027,0,0,189.0,0,0,29,29,11,8,6,0,5,1,7,0,0.0,1.1
LF,Ken Williams,Ken,Williams,Littleton CO Mountaineers,6' 0',170 lbs,L,R,100,St. Louis Browns,BAL,1922,1921-1945,BBR,85315,Perfect,Baseball Reference 2  LF Ken Williams  SLA  1922,0,N,0,89,105,137,119,113,115,87,144,88,86,82,113,135,132,125,87,77,Flyball,Normal,Normal,1,1,1,1,1,1,1,1,1,1,1,1,16,-,-,-,-,-,-,-,-,-,-,-,1,NEU,90-92,3/4,Normal,1,11,-,-,-,7,2,2,8,106,70,88,-,-,-,-,-,-,124,112,-,5,-,-,-,-,-,124,112,-,86,88,102,93,41,39,170,150,47,29,8,4,6,32,26,17,0,1,0,2,0,41,2,32.0,0.83,30,10.1,1.2,3.96,2,1,-0.1,-0.9,0,0,0,0,0,0,0,0.0,0,0,0,0,0,0,0,0,0,0,0,0,0,0,0,0,0,0,0,0,0,0.00,0,0,0,0,0,0.0,0.0,0.0,0.00,41,39,70,1,68,1,0,0,1.78,-0.0,1.043,0,0,349.2,0,0,55,52,19,13,8,2,11,1,15,0,0.0,0.1
LF,Ken Williams,Ken,Williams,Kumamoto Ozeki TBD,6' 0',170 lbs,L,R,100,St. Louis Browns,BAL,1922,1921-1945,BBR,85315,Perfect,Baseball Reference 2  LF Ken Williams  SLA  1922,0,N,0,89,105,137,119,113,115,87,144,88,86,82,113,135,132,125,87,77,Flyball,Normal,Normal,1,1,1,1,1,1,1,1,1,1,1,1,16,-,-,-,-,-,-,-,-,-,-,-,1,NEU,90-92,3/4,Normal,1,11,-,-,-,7,2,2,8,106,70,88,-,-,-,-,-,-,124,112,-,5,-,-,-,-,-,124,112,-,86,88,102,93,30,13,63,60,16,9,3,1,3,14,10,3,0,0,0,0,0,11,0,9.4,0.53,8,1.0,0.3,3.75,1,0,0.2,0.2,0,0,0,0,0,0,0,0.0,0,0,0,0,0,0,0,0,0,0,0,0,0,0,0,0,0,0,0,0,0,0.00,0,0,0,0,0,0.0,0.0,0.0,0.00,20,7,16,0,16,0,0,0,1.62,0.1,1.058,0,0,88.2,0,0,13,13,4,3,1,0,6,0,3,0,0.0,-0.1
LF,Ken Williams,Ken,Williams,Dungeon Meshi Marcille,6' 0',170 lbs,L,R,100,St. Louis Browns,BAL,1922,1921-1945,BBR,85315,Perfect,Baseball Reference 2  LF Ken Williams  SLA  1922,0,Y,5,97,114,148,128,122,124,94,155,96,93,89,122,145,142,135,87,77,Flyball,Normal,Normal,1,1,1,1,1,1,1,1,1,1,1,1,16,-,-,-,-,-,-,-,-,-,-,-,1,NEU,90-92,3/4,Normal,1,11,-,-,-,7,2,2,8,106,70,88,-,-,-,-,-,-,133,120,-,7,-,-,-,-,-,133,120,-,86,88,102,93,121,95,431,388,89,59,16,5,9,35,60,39,0,4,0,0,0,83,13,43.1,-1.61,43,-8.1,0.9,4.07,8,1,1.3,3.5,0,0,0,0,0,0,0,0.0,0,0,0,0,0,0,0,0,0,0,0,0,0,0,0,0,0,0,0,0,0,0.00,0,0,0,0,0,0.0,0.0,0.0,0.00,109,95,215,9,200,6,1,0,2.17,-1.0,1.001,0,0,867.0,0,0,143,139,62,38,44,16,29,5,33,2,0.0,-0.7
LF,Ted Williams,Ted,Williams,Krakow Hussars,6' 3',205 lbs,L,R,100,Boston Red Sox,BOS,1948,1946-1960,,82757,Perfect,Hardware Heroes  LF Ted Williams  BOS  1948,0,N,0,118,114,90,150,113,141,133,77,134,79,111,108,94,155,128,5,5,Line Drive,Spray,Spray,1,1,1,1,1,1,1,1,1,1,1,1,-,-,17,-,-,-,-,-,-,-,-,-,1,NEU,90-92,3/4,Normal,1,20,-,-,-,4,1,9,3,59,79,62,-,-,-,-,-,-,71,-,-,-,-,-,-,-,-,71,-,-,31,21,90,42,103,87,366,324,82,50,22,0,10,34,46,29,1,6,2,5,0,76,11,41.8,-0.41,42,-1.2,-0.3,4.06,1,2,-0.9,-2.9,0,0,0,0,0,0,0,0.0,0,0,0,0,0,0,0,0,0,0,0,0,0,0,0,0,0,0,0,0,0,0.00,0,0,0,0,0,0.0,0.0,0.0,0.00,90,87,166,1,161,4,0,0,1.95,-2.7,.967,0,0,747.1,0,0,133,128,37,25,18,5,18,3,30,0,0.0,-2.1
CF,Cool Papa Bell,Cool Papa,Bell,Salt Lake Bees,5' 11',155 lbs,S,L,100,St. Louis Stars,SLS,1925,1921-1945,,85420,Perfect,SwitchKnucklers - Negro League Star  CF Cool Papa Bell  SLS  1925,0,N,0,131,140,83,87,122,135,138,89,90,124,130,140,81,86,121,101,105,Line Drive,Pull,Pull,54,52,111,69,53,61,110,71,54,49,112,69,72,74,77,-,-,-,-,-,-,-,-,-,3,NEU,87-89,3/4,Normal,94,82,1,1,1,68,72,68,70,111,92,85,124,-,76,-,-,-,134,122,129,124,-,76,-,-,-,134,122,129,119,103,117,126,67,59,253,221,61,41,13,2,5,24,35,18,0,2,10,2,0,36,5,31.5,0.12,29,-1.1,1.0,3.87,15,5,1.0,2.4,0,0,0,0,0,0,0,0.0,0,0,0,0,0,0,0,0,0,0,0,0,0,0,0,0,0,0,0,0,0,0.00,0,0,0,0,0,0.0,0.0,0.0,0.00,63,59,149,9,140,0,3,0,2.47,0.4,1.007,0,0,542.0,0,0,81,81,25,14,23,10,14,1,18,1,0.0,1.0
CF,Cool Papa Bell,Cool Papa,Bell,Real Intered Workers,5' 11',155 lbs,S,L,100,St. Louis Stars,SLS,1925,1921-1945,,85420,Perfect,SwitchKnucklers - Negro League Star  CF Cool Papa Bell  SLS  1925,0,N,0,131,140,83,87,122,135,138,89,90,124,130,140,81,86,121,101,105,Line Drive,Pull,Pull,54,52,111,69,53,61,110,71,54,49,112,69,72,74,77,-,-,-,-,-,-,-,-,-,3,NEU,87-89,3/4,Normal,94,82,1,1,1,68,72,68,70,111,92,85,124,-,76,-,-,-,134,122,129,124,-,76,-,-,-,134,122,129,119,103,117,126,137,53,284,251,70,46,16,1,7,28,37,22,0,4,6,1,0,39,5,39.4,1.76,37,3.0,0.9,4.01,12,2,1.8,1.5,0,0,0,0,0,0,0,0.0,0,0,0,0,0,0,0,0,0,0,0,0,0,0,0,0,0,0,0,0,0,0.00,0,0,0,0,0,0.0,0.0,0.0,0.00,138,52,459,34,422,3,35,0,6.74,-1.4,1.009,0,0,609.1,0,0,119,117,32,21,14,4,17,1,12,0,0.0,-1.3
CF,Cool Papa Bell,Cool Papa,Bell,Atlantic City Surf - GH,5' 11',155 lbs,S,L,100,St. Louis Stars,SLS,1925,1921-1945,,85420,Perfect,SwitchKnucklers - Negro League Star  CF Cool Papa Bell  SLS  1925,0,N,0,131,140,83,87,122,135,138,89,90,124,130,140,81,86,121,101,105,Line Drive,Pull,Pull,54,52,111,69,53,61,110,71,54,49,112,69,72,74,77,-,-,-,-,-,-,-,-,-,3,NEU,87-89,3/4,Normal,94,82,1,1,1,68,72,68,70,111,92,85,124,-,76,-,-,-,134,122,129,124,-,76,-,-,-,134,122,129,119,103,117,126,43,19,98,94,20,14,5,0,1,6,10,1,0,1,2,0,0,11,4,4.7,-0.61,4,-7.7,-0.4,3.38,2,3,-1.1,1.5,0,0,0,0,0,0,0,0.0,0,0,0,0,0,0,0,0,0,0,0,0,0,0,0,0,0,0,0,0,0,0.00,0,0,0,0,0,0.0,0.0,0.0,0.00,36,19,68,0,68,0,3,0,3.04,0.1,.996,0,0,201.0,0,0,38,37,10,9,9,2,6,1,6,0,0.0,-0.6
CF,Carlos Beltran,Carlos,Beltran,Kumamoto Ozeki TBD,6' 1',215 lbs,S,R,101,New York Mets,NYM,2006,2005-2014,,86327,Perfect,HOF Week - All-Time Legend  CF Carlos Beltran  NYM  Peak,0,N,0,106,124,146,174,116,122,144,124,156,125,101,118,153,180,113,46,28,Normal,Ex. Pull,Pull,1,1,1,7,1,1,1,7,1,1,1,7,16,-,-,-,-,-,-,-,-,-,-,-,1,GB,91-93,OTT,GB'er,1,3,-,-,-,2,9,2,2,108,124,122,-,-,-,-,-,-,-,129,149,-,-,-,-,-,-,-,129,149,95,78,121,119,33,33,148,130,34,27,5,0,2,7,19,18,0,0,0,0,0,27,1,17.7,0.65,17,-0.5,0.5,3.92,5,1,0.6,1.5,0,0,0,0,0,0,0,0.0,0,0,0,0,0,0,0,0,0,0,0,0,0,0,0,0,0,0,0,0,0,0.00,0,0,0,0,0,0.0,0.0,0.0,0.00,33,33,80,4,76,0,0,0,2.52,-0.8,1.005,0,0,286.0,0,0,66,65,15,8,5,0,15,2,7,1,0.0,0.3
CF,Carlos Beltran,Carlos,Beltran,Meaty Oakers,6' 1',215 lbs,S,R,101,New York Mets,NYM,2006,2005-2014,,86327,Perfect,HOF Week - All-Time Legend  CF Carlos Beltran  NYM  Peak,0,N,0,106,124,146,174,116,122,144,124,156,125,101,118,153,180,113,46,28,Normal,Ex. Pull,Pull,1,1,1,7,1,1,1,7,1,1,1,7,16,-,-,-,-,-,-,-,-,-,-,-,1,GB,91-93,OTT,GB'er,1,3,-,-,-,2,9,2,2,108,124,122,-,-,-,-,-,-,-,129,149,-,-,-,-,-,-,-,129,149,95,78,121,119,147,140,669,596,161,100,39,7,15,75,103,59,0,8,0,6,0,101,12,90.4,1.76,89,9.2,3.8,3.93,27,10,1.2,0.4,0,0,0,0,0,0,0,0.0,0,0,0,0,0,0,0,0,0,0,0,0,0,0,0,0,0,0,0,0,0,0.00,0,0,0,0,0,0.0,0.0,0.0,0.00,142,140,331,13,314,4,1,0,2.37,0.6,.991,0,0,1240.2,0,0,242,239,73,50,44,21,42,4,54,0,0.0,2.5
CF,Carlos Beltran,Carlos,Beltran,Salt Lake Bees,6' 1',215 lbs,S,R,101,New York Mets,NYM,2006,2005-2014,,86327,Perfect,HOF Week - All-Time Legend  CF Carlos Beltran  NYM  Peak,0,N,0,106,124,146,174,116,122,144,124,156,125,101,118,153,180,113,46,28,Normal,Ex. Pull,Pull,1,1,1,7,1,1,1,7,1,1,1,7,16,-,-,-,-,-,-,-,-,-,-,-,1,GB,91-93,OTT,GB'er,1,3,-,-,-,2,9,2,2,108,124,122,-,-,-,-,-,-,-,129,149,-,-,-,-,-,-,-,129,149,95,78,121,119,144,132,574,516,131,82,30,0,19,62,79,50,0,7,0,1,0,98,7,75.6,0.80,72,3.6,3.1,3.96,31,7,3.7,5.4,0,0,0,0,0,0,0,0.0,0,0,0,0,0,0,0,0,0,0,0,0,0,0,0,0,0,0,0,0,0,0.00,0,0,0,0,0,0.0,0.0,0.0,0.00,146,132,275,11,260,4,0,0,2.05,-1.0,.996,0,0,1188.0,0,0,198,191,67,48,43,16,38,4,46,1,0.0,2.8
CF,Carlos Beltran,Carlos,Beltran,Manchester Camels,6' 1',215 lbs,S,R,101,New York Mets,NYM,2006,2005-2014,,86327,Perfect,HOF Week - All-Time Legend  CF Carlos Beltran  NYM  Peak,0,N,0,106,124,146,174,116,122,144,124,156,125,101,118,153,180,113,46,28,Normal,Ex. Pull,Pull,1,1,1,7,1,1,1,7,1,1,1,7,16,-,-,-,-,-,-,-,-,-,-,-,1,GB,91-93,OTT,GB'er,1,3,-,-,-,2,9,2,2,108,124,122,-,-,-,-,-,-,-,129,149,-,-,-,-,-,-,-,129,149,95,78,121,119,151,140,653,562,154,104,25,5,20,78,96,81,1,5,0,5,0,109,8,103.0,1.95,96,18.0,5.4,4.17,41,4,7.6,5.4,0,0,0,0,0,0,0,0.0,0,0,0,0,0,0,0,0,0,0,0,0,0,0,0,0,0,0,0,0,0,0.00,0,0,0,0,0,0.0,0.0,0.0,0.00,153,140,354,10,337,7,2,0,2.44,-1.5,.991,0,0,1278.1,0,0,265,256,77,48,53,23,45,7,61,3,0.0,1.4
CF,Carlos Beltran,Carlos,Beltran,Kansas City Torrent,6' 1',215 lbs,S,R,101,New York Mets,NYM,2006,2005-2014,,86327,Perfect,HOF Week - All-Time Legend  CF Carlos Beltran  NYM  Peak,287 696,N,0,106,124,146,174,116,122,144,124,156,125,101,118,153,180,113,46,28,Normal,Ex. Pull,Pull,1,1,1,7,1,1,1,7,1,1,1,7,16,-,-,-,-,-,-,-,-,-,-,-,1,GB,91-93,OTT,GB'er,1,3,-,-,-,2,9,2,2,108,124,122,-,-,-,-,-,-,-,129,149,-,-,-,-,-,-,-,129,149,95,78,121,119,141,137,612,516,129,78,32,1,18,88,75,83,2,5,1,7,0,100,10,80.7,0.76,82,9.1,3.7,4.01,16,11,-2.0,4.6,0,0,0,0,0,0,0,0.0,0,0,0,0,0,0,0,0,0,0,0,0,0,0,0,0,0,0,0,0,0,0.00,0,0,0,0,0,0.0,0.0,0.0,0.00,160,137,386,13,368,5,0,0,2.78,0.9,.999,0,0,1231.1,0,0,289,282,84,66,53,14,39,5,37,1,0.0,1.2
CF,Carlos Beltran,Carlos,Beltran,Chicago Dogs,6' 1',215 lbs,S,R,101,New York Mets,NYM,2006,2005-2014,,86327,Perfect,HOF Week - All-Time Legend  CF Carlos Beltran  NYM  Peak,0,N,0,106,124,146,174,116,122,144,124,156,125,101,118,153,180,113,46,28,Normal,Ex. Pull,Pull,1,1,1,7,1,1,1,7,1,1,1,7,16,-,-,-,-,-,-,-,-,-,-,-,1,GB,91-93,OTT,GB'er,1,3,-,-,-,2,9,2,2,108,124,122,-,-,-,-,-,-,-,129,149,-,-,-,-,-,-,-,129,149,95,78,121,119,150,137,636,554,125,78,28,4,15,65,84,69,0,6,0,7,0,110,12,68.0,0.90,67,-8.9,2.8,3.92,14,5,0.6,6.9,0,0,0,0,0,0,0,0.0,0,0,0,0,0,0,0,0,0,0,0,0,0,0,0,0,0,0,0,0,0,0.00,0,0,0,0,0,0.0,0.0,0.0,0.00,142,137,351,7,341,3,0,0,2.55,-0.3,1.000,0,0,1230.1,0,0,282,277,63,44,44,15,43,4,60,1,0.0,2.7
CF,Carlos Beltran,Carlos,Beltran,Littleton CO Mountaineers,6' 1',215 lbs,S,R,101,New York Mets,NYM,2006,2005-2014,,86327,Perfect,HOF Week - All-Time Legend  CF Carlos Beltran  NYM  Peak,0,N,0,106,124,146,174,116,122,144,124,156,125,101,118,153,180,113,46,28,Normal,Ex. Pull,Pull,1,1,1,7,1,1,1,7,1,1,1,7,16,-,-,-,-,-,-,-,-,-,-,-,1,GB,91-93,OTT,GB'er,1,3,-,-,-,2,9,2,2,108,124,122,-,-,-,-,-,-,-,129,149,-,-,-,-,-,-,-,129,149,95,78,121,119,77,72,346,304,74,48,21,2,3,33,49,38,0,0,0,3,1,78,8,37.4,1.54,36,-5.3,0.5,3.95,21,5,2.4,2.0,0,0,0,0,0,0,0,0.0,0,0,0,0,0,0,0,0,0,0,0,0,0,0,0,0,0,0,0,0,0,0.00,0,0,0,0,0,0.0,0.0,0.0,0.00,65,62,176,5,170,1,0,0,2.78,-1.5,1.003,0,0,567.1,0,0,142,134,35,28,27,6,12,2,27,0,0.0,0.6
CF,Carlos Beltran,Carlos,Beltran,Paramus Fisher Cats,6' 1',215 lbs,S,R,101,New York Mets,NYM,2006,2005-2014,,86327,Perfect,HOF Week - All-Time Legend  CF Carlos Beltran  NYM  Peak,0,N,0,106,124,146,174,116,122,144,124,156,125,101,118,153,180,113,46,28,Normal,Ex. Pull,Pull,1,1,1,7,1,1,1,7,1,1,1,7,16,-,-,-,-,-,-,-,-,-,-,-,1,GB,91-93,OTT,GB'er,1,3,-,-,-,2,9,2,2,108,124,122,-,-,-,-,-,-,-,129,149,-,-,-,-,-,-,-,129,149,95,78,121,119,138,132,610,524,140,89,35,3,13,69,80,74,0,7,0,5,0,107,9,88.0,0.62,85,12.2,4.1,3.96,35,7,4.7,2.3,0,0,0,0,0,0,0,0.0,0,0,0,0,0,0,0,0,0,0,0,0,0,0,0,0,0,0,0,0,0,0.00,0,0,0,0,0,0.0,0.0,0.0,0.00,133,131,318,13,302,3,0,0,2.41,-1.7,1.001,0,0,1178.2,0,0,244,235,69,44,43,18,35,5,50,0,0.0,0.9
CF,Carlos Beltran,Carlos,Beltran,Dungeon Meshi Marcille,6' 1',215 lbs,S,R,101,New York Mets,NYM,2006,2005-2014,,86327,Perfect,HOF Week - All-Time Legend  CF Carlos Beltran  NYM  Peak,0,N,0,106,124,146,174,116,122,144,124,156,125,101,118,153,180,113,46,28,Normal,Ex. Pull,Pull,1,1,1,7,1,1,1,7,1,1,1,7,16,-,-,-,-,-,-,-,-,-,-,-,1,GB,91-93,OTT,GB'er,1,3,-,-,-,2,9,2,2,108,124,122,-,-,-,-,-,-,-,129,149,-,-,-,-,-,-,-,129,149,95,78,121,119,155,142,623,541,140,88,35,3,14,85,83,72,1,5,0,5,0,121,8,84.2,0.66,81,6.8,3.1,4.15,25,6,2.7,1.1,0,0,0,0,0,0,0,0.0,0,0,0,0,0,0,0,0,0,0,0,0,0,0,0,0,0,0,0,0,0,0.00,0,0,0,0,0,0.0,0.0,0.0,0.00,150,142,327,12,314,1,0,0,2.29,2.7,.998,0,0,1279.0,0,0,254,250,52,44,40,14,44,6,50,0,0.0,2.0
CF,Carlos Beltran,Carlos,Beltran,Atlantic City Surf - GH,6' 1',215 lbs,S,R,101,New York Mets,NYM,2006,2005-2014,,86327,Perfect,HOF Week - All-Time Legend  CF Carlos Beltran  NYM  Peak,0,N,0,106,124,146,174,116,122,144,124,156,125,101,118,153,180,113,46,28,Normal,Ex. Pull,Pull,1,1,1,7,1,1,1,7,1,1,1,7,16,-,-,-,-,-,-,-,-,-,-,-,1,GB,91-93,OTT,GB'er,1,3,-,-,-,2,9,2,2,108,124,122,-,-,-,-,-,-,-,129,149,-,-,-,-,-,-,-,129,149,95,78,121,119,145,139,648,557,139,85,34,1,19,85,89,82,4,4,0,5,0,133,8,84.6,0.32,84,6.0,3.6,4.23,35,17,-0.5,5.8,0,0,0,0,0,0,0,0.0,0,0,0,0,0,0,0,0,0,0,0,0,0,0,0,0,0,0,0,0,0,0.00,0,0,0,0,0,0.0,0.0,0.0,0.00,142,139,315,5,307,3,0,0,2.25,-0.0,1.002,0,0,1248.1,0,0,261,254,47,35,39,11,36,6,44,1,0.0,2.8
CF,Paul Blair,Paul,Blair,Great Lakes Man-of-War-HOTL,6' 0',170 lbs,R,R,98,Baltimore Orioles,BAL,1969,1961-1979,PTCS,83830,Diamond,PTCS 3 - Hardware Heroes  CF Paul Blair  BAL  1969,0,N,0,99,115,103,66,118,112,120,92,55,132,96,113,109,69,114,53,2,Line Drive,Normal,Normal,1,1,1,1,1,1,1,1,1,1,1,1,16,-,-,-,-,-,-,-,-,-,-,-,1,NEU,91-93,3/4,Normal,1,13,-,-,-,61,39,68,45,124,94,112,-,-,-,-,47,-,-,146,-,101,-,-,-,47,-,-,146,-,115,76,109,120,110,71,266,249,62,41,16,0,5,32,21,9,0,1,4,3,0,49,4,25.8,-0.32,22,-9.9,0.5,3.76,6,1,0.9,1.3,0,0,0,0,0,0,0,0.0,0,0,0,0,0,0,0,0,0,0,0,0,0,0,0,0,0,0,0,0,0,0.00,0,0,0,0,0,0.0,0.0,0.0,0.00,109,71,220,12,201,7,2,0,2.85,1.1,.996,0,0,671.2,0,0,159,155,39,30,37,15,16,1,34,1,0.0,1.7
CF,Lenny Dykstra,Lenny,Dykstra,Fortuna Lifters,5' 10',165 lbs,L,L,100,Philadelphia Phillies,PHI,1990,1980-1992,ME,82753,Perfect,Live Collection Reward - Hardware Heroes  CF Lenny Dykstra  PHI  1990,0,N,0,131,93,47,106,153,111,58,23,105,122,138,105,55,107,163,69,64,Groundball,Normal,Normal,1,1,1,4,1,1,1,4,1,1,1,4,16,-,-,-,-,-,-,-,-,-,-,-,1,NEU,90-92,OTT,Normal,1,3,-,-,-,4,2,1,10,109,84,63,-,-,-,-,-,-,125,113,-,-,-,-,-,-,-,125,113,-,94,90,102,94,6,4,19,16,4,2,0,1,1,2,3,3,0,0,0,0,0,2,0,3.8,0.04,3,1.1,0.1,3.89,1,0,0.2,-0.4,0,0,0,0,0,0,0,0.0,0,0,0,0,0,0,0,0,0,0,0,0,0,0,0,0,0,0,0,0,0,0.00,0,0,0,0,0,0.0,0.0,0.0,0.00,6,4,15,0,14,1,0,0,3.07,-0.2,.991,0,0,41.0,0,0,13,12,2,2,1,0,1,0,0,0,0.0,-0.2
CF,Lenny Dykstra,Lenny,Dykstra,Manchester Camels,5' 10',165 lbs,L,L,100,Philadelphia Phillies,PHI,1990,1980-1992,ME,82753,Perfect,Live Collection Reward - Hardware Heroes  CF Lenny Dykstra  PHI  1990,0,N,0,131,93,47,106,153,111,58,23,105,122,138,105,55,107,163,69,64,Groundball,Normal,Normal,1,1,1,4,1,1,1,4,1,1,1,4,16,-,-,-,-,-,-,-,-,-,-,-,1,NEU,90-92,OTT,Normal,1,3,-,-,-,4,2,1,10,109,84,63,-,-,-,-,-,-,125,113,-,-,-,-,-,-,-,125,113,-,94,90,102,94,128,122,486,441,115,83,28,3,1,53,48,33,0,2,6,4,0,81,11,47.1,-0.76,45,-13.3,-0.4,4.00,9,5,-0.6,0.6,0,0,0,0,0,0,0,0.0,0,0,0,0,0,0,0,0,0,0,0,0,0,0,0,0,0,0,0,0,0,0.00,0,0,0,0,0,0.0,0.0,0.0,0.00,125,122,250,5,245,0,0,0,2.09,1.2,.996,0,0,1075.0,0,0,191,185,52,37,41,18,32,4,40,1,0.0,-3.9
CF,Jim Edmonds,Jim,Edmonds,Meaty Oakers,6' 1',190 lbs,L,L,100,St. Louis Cardinals,STL,2004,1993-2004,,85531,Perfect,Memorial Day OnStream Builds - Hardware Heroes  CF Jim Edmonds  STL  2004,0,N,0,120,115,136,143,90,146,152,114,108,85,112,103,144,155,92,4,1,Groundball,Pull,Pull,1,1,1,7,1,1,1,7,1,1,1,7,16,-,-,-,-,-,-,-,-,-,-,-,1,GB,89-91,3/4,GB'er,1,12,-,-,-,59,57,58,49,115,73,116,-,-,80,-,-,-,-,131,-,109,-,80,-,-,-,-,131,-,52,32,70,70,66,26,140,122,27,13,11,0,3,14,15,15,0,2,0,1,0,37,2,15.2,-0.32,15,-1.4,0.3,4.41,0,1,-0.6,0.3,0,0,0,0,0,0,0,0.0,0,0,0,0,0,0,0,0,0,0,0,0,0,0,0,0,0,0,0,0,0,0.00,0,0,0,0,0,0.0,0.0,0.0,0.00,62,26,200,15,185,0,14,0,6.21,0.8,1.026,0,0,289.2,0,0,62,60,8,8,5,2,6,0,3,0,0.0,0.3
CF,Jim Edmonds,Jim,Edmonds,Salt Lake Bees,6' 1',190 lbs,L,L,100,St. Louis Cardinals,STL,2004,1993-2004,,85531,Perfect,Memorial Day OnStream Builds - Hardware Heroes  CF Jim Edmonds  STL  2004,0,N,0,120,115,136,143,90,146,152,114,108,85,112,103,144,155,92,4,1,Groundball,Pull,Pull,1,1,1,7,1,1,1,7,1,1,1,7,16,-,-,-,-,-,-,-,-,-,-,-,1,GB,89-91,3/4,GB'er,1,12,-,-,-,59,57,58,49,115,73,116,-,-,80,-,-,-,-,131,-,109,-,80,-,-,-,-,131,-,52,32,70,70,135,130,548,477,134,80,40,2,12,63,55,60,2,8,0,2,1,110,3,84.1,2.40,81,15.6,3.5,4.05,0,1,-0.7,-4.1,0,0,0,0,0,0,0,0.0,0,0,0,0,0,0,0,0,0,0,0,0,0,0,0,0,0,0,0,0,0,0.00,0,0,0,0,0,0.0,0.0,0.0,0.00,130,130,559,35,520,4,32,0,4.42,4.3,1.012,0,0,1129.1,0,0,230,227,41,30,36,16,43,8,45,2,0.0,3.2
CF,Jim Edmonds,Jim,Edmonds,The Black Freighter TBD,6' 1',190 lbs,L,L,100,St. Louis Cardinals,STL,2004,1993-2004,,85531,Perfect,Memorial Day OnStream Builds - Hardware Heroes  CF Jim Edmonds  STL  2004,0,N,0,120,115,136,143,90,146,152,114,108,85,112,103,144,155,92,4,1,Groundball,Pull,Pull,1,1,1,7,1,1,1,7,1,1,1,7,16,-,-,-,-,-,-,-,-,-,-,-,1,GB,89-91,3/4,GB'er,1,12,-,-,-,59,57,58,49,115,73,116,-,-,80,-,-,-,-,131,-,109,-,80,-,-,-,-,131,-,52,32,70,70,138,138,570,503,119,79,22,2,16,76,58,57,1,7,0,3,0,150,12,62.9,-0.16,63,-4.7,1.3,4.04,0,1,-0.7,-2.8,0,0,0,0,0,0,0,0.0,0,0,0,0,0,0,0,0,0,0,0,0,0,0,0,0,0,0,0,0,0,0.00,0,0,0,0,0,0.0,0.0,0.0,0.00,138,138,350,8,339,3,0,0,2.50,4.2,.994,0,0,1249.0,0,0,260,257,71,58,45,17,35,6,54,1,0.0,-0.0
CF,Jim Edmonds,Jim,Edmonds,Ware Wolves,6' 1',190 lbs,L,L,100,St. Louis Cardinals,STL,2004,1993-2004,,85531,Perfect,Memorial Day OnStream Builds - Hardware Heroes  CF Jim Edmonds  STL  2004,0,N,0,120,115,136,143,90,146,152,114,108,85,112,103,144,155,92,4,1,Groundball,Pull,Pull,1,1,1,7,1,1,1,7,1,1,1,7,16,-,-,-,-,-,-,-,-,-,-,-,1,GB,89-91,3/4,GB'er,1,12,-,-,-,59,57,58,49,115,73,116,-,-,80,-,-,-,-,131,-,109,-,80,-,-,-,-,131,-,52,32,70,70,142,141,638,556,134,82,32,3,17,65,71,75,0,4,0,3,0,160,10,76.8,0.74,78,2.0,2.2,4.22,0,3,-1.8,1.5,0,0,0,0,0,0,0,0.0,0,0,0,0,0,0,0,0,0,0,0,0,0,0,0,0,0,0,0,0,0,0.00,0,0,0,0,0,0.0,0.0,0.0,0.00,141,141,334,6,324,4,0,0,2.38,-0.6,1.010,0,0,1248.1,0,0,250,245,85,57,50,14,51,7,50,1,0.0,-0.3
CF,Jim Edmonds,Jim,Edmonds,Kumamoto Ozeki TBD,6' 1',190 lbs,L,L,100,St. Louis Cardinals,STL,2004,1993-2004,,85531,Perfect,Memorial Day OnStream Builds - Hardware Heroes  CF Jim Edmonds  STL  2004,0,N,0,120,115,136,143,90,146,152,114,108,85,112,103,144,155,92,4,1,Groundball,Pull,Pull,1,1,1,7,1,1,1,7,1,1,1,7,16,-,-,-,-,-,-,-,-,-,-,-,1,GB,89-91,3/4,GB'er,1,12,-,-,-,59,57,58,49,115,73,116,-,-,80,-,-,-,-,131,-,109,-,80,-,-,-,-,131,-,52,32,70,70,142,142,558,487,118,73,29,0,16,68,60,61,0,4,1,5,0,123,9,66.7,0.29,66,-0.2,2.2,3.99,0,1,-0.7,-2.4,0,0,0,0,0,0,0,0.0,0,0,0,0,0,0,0,0,0,0,0,0,0,0,0,0,0,0,0,0,0,0.00,0,0,0,0,0,0.0,0.0,0.0,0.00,127,127,306,13,289,4,2,0,2.46,3.1,1.008,0,0,1106.1,0,0,212,209,71,51,56,27,38,1,51,1,0.0,3.1
CF,Jim Edmonds,Jim,Edmonds,Alhambra Moors - HotL TTC,6' 1',190 lbs,L,L,100,St. Louis Cardinals,STL,2004,1993-2004,,85531,Perfect,Memorial Day OnStream Builds - Hardware Heroes  CF Jim Edmonds  STL  2004,0,N,0,120,115,136,143,90,146,152,114,108,85,112,103,144,155,92,4,1,Groundball,Pull,Pull,1,1,1,7,1,1,1,7,1,1,1,7,16,-,-,-,-,-,-,-,-,-,-,-,1,GB,89-91,3/4,GB'er,1,12,-,-,-,59,57,58,49,115,73,116,-,-,80,-,-,-,-,131,-,109,-,80,-,-,-,-,131,-,52,32,70,70,144,143,590,526,128,88,24,0,16,65,59,55,0,7,0,2,0,158,12,65.1,-0.03,66,-4.5,1.7,4.06,2,2,-0.8,-3.9,0,0,0,0,0,0,0,0.0,0,0,0,0,0,0,0,0,0,0,0,0,0,0,0,0,0,0,0,0,0,0.00,0,0,0,0,0,0.0,0.0,0.0,0.00,143,143,334,8,320,6,1,0,2.43,2.9,1.013,0,0,1212.1,0,0,244,239,74,47,55,22,44,8,41,4,0.0,2.0
CF,Tony Gwynn,Tony,Gwynn,Marshall M.I.C.E.,5' 11',200 lbs,L,L,100,San Diego Padres,SDP,1986,1980-1992,HOF,85782,Perfect,Family Connections - Hall of Fame  RF Tony Gwynn  SD  1986,0,N,0,139,97,81,70,168,131,107,91,76,175,142,95,77,69,166,37,66,Groundball,Spray,Spray,1,1,1,5,1,1,1,5,1,1,1,5,16,-,-,-,-,-,-,-,-,-,-,-,1,NEU,89-91,3/4,Normal,1,6,-,-,-,9,10,7,2,110,122,119,-,-,-,-,-,-,-,131,149,16,-,-,-,-,-,-,131,149,93,97,106,97,140,140,600,558,168,115,39,1,13,88,75,30,0,6,0,6,0,82,9,83.9,2.97,81,9.4,3.4,3.70,11,6,-0.6,6.5,0,0,0,0,0,0,0,0.0,0,0,0,0,0,0,0,0,0,0,0,0,0,0,0,0,0,0,0,0,0,0.00,0,0,0,0,0,0.0,0.0,0.0,0.00,165,140,338,11,326,1,0,0,2.41,2.3,1.011,0,0,1257.2,0,0,265,261,62,42,43,18,33,4,43,1,0.0,2.8
CF,Rickey Henderson,Rickey,Henderson,Atlantic City Surf - GH,5' 10',180 lbs,R,L,101,Oakland Athletics,OAK,1981,1980-1992,PTCS,85397,Perfect,PTCS 4 - Hardware Heroes  LF Rickey Henderson  ATH  1981,0,N,0,164,106,83,150,121,155,94,104,134,118,167,112,77,155,122,69,77,Groundball,Pull,Pull,1,1,1,2,1,1,1,2,1,1,1,2,16,-,-,-,-,-,-,-,-,-,-,-,1,NEU,88-90,OTT,Normal,1,4,-,-,-,9,2,8,5,119,72,102,-,-,-,-,-,-,142,134,-,9,-,-,-,-,-,142,134,-,124,106,114,124,140,140,661,590,176,123,29,5,19,81,114,62,0,5,0,4,0,112,10,106.1,4.06,101,21.9,5.9,3.97,39,8,5.1,7.4,0,0,0,0,0,0,0,0.0,0,0,0,0,0,0,0,0,0,0,0,0,0,0,0,0,0,0,0,0,0,0.00,0,0,0,0,0,0.0,0.0,0.0,0.00,140,140,306,6,295,5,1,0,2.18,-0.6,1.020,0,0,1242.0,0,0,235,228,71,50,51,9,38,3,49,5,0.0,0.6
CF,Richard Hidalgo,Richard,Hidalgo,Kansas City Torrent,6' 3',190 lbs,R,R,101,Houston Astros,HOU,2000,1993-2004,,86707,Perfect,Studs & Duds - Unsung Heroes  CF Richard Hidalgo  HOU  2000,242 770,N,0,121,119,165,128,127,162,163,98,122,106,108,106,188,130,134,4,1,Flyball,Normal,Normal,1,1,1,5,1,1,1,5,1,1,1,5,16,-,-,-,-,-,-,-,-,-,-,-,1,NEU,90-92,OTT,Normal,1,11,-,-,-,4,9,5,4,109,64,79,-,-,-,-,-,-,124,114,119,4,-,-,-,-,-,124,114,119,59,51,69,87,6,6,26,21,6,3,3,0,0,4,2,4,0,1,0,0,0,5,0,4.4,0.26,4,1.3,0.2,4.15,0,0,0.0,0.2,0,0,0,0,0,0,0,0.0,0,0,0,0,0,0,0,0,0,0,0,0,0,0,0,0,0,0,0,0,0,0.00,0,0,0,0,0,0.0,0.0,0.0,0.00,6,6,15,0,15,0,0,0,2.45,-0.2,.998,0,0,55.0,0,0,13,13,2,1,2,1,5,0,2,0,0.0,-0.0
CF,Andruw Jones,Andruw,Jones,Pulaski Pils,6' 1',200 lbs,R,R,99,Atlanta Braves,ATL,2000,1993-2004,,86326,Diamond,HOF Week - Hardware Heroes  CF Andruw Jones  ATL  2000,0,N,0,107,92,128,76,100,131,61,95,129,94,100,102,141,58,103,4,2,Normal,Spray,Spray,1,1,1,1,1,1,1,1,1,1,1,1,16,-,-,-,-,-,-,-,-,-,-,-,1,NEU,89-91,3/4,Normal,1,5,-,-,-,8,8,1,8,125,124,121,-,-,-,-,-,-,-,152,158,12,-,-,-,-,-,-,152,158,94,62,95,112,146,142,567,524,132,93,18,3,18,73,66,28,0,6,0,9,0,126,9,61.4,0.08,58,-10.0,2.2,3.80,5,3,-0.5,2.4,0,0,0,0,0,0,0,0.0,0,0,0,0,0,0,0,0,0,0,0,0,0,0,0,0,0,0,0,0,0,0.00,0,0,0,0,0,0.0,0.0,0.0,0.00,146,142,390,16,372,2,2,0,2.77,4.0,1.007,0,0,1262.0,0,0,296,291,68,54,59,23,38,3,53,1,0.0,2.2
CF,Andruw Jones,Andruw,Jones,Memphis Redbirds,6' 1',200 lbs,R,R,99,Atlanta Braves,ATL,2000,1993-2004,,86326,Diamond,HOF Week - Hardware Heroes  CF Andruw Jones  ATL  2000,0,N,0,107,92,128,76,100,131,61,95,129,94,100,102,141,58,103,4,2,Normal,Spray,Spray,1,1,1,1,1,1,1,1,1,1,1,1,16,-,-,-,-,-,-,-,-,-,-,-,1,NEU,89-91,3/4,Normal,1,5,-,-,-,8,8,1,8,125,124,121,-,-,-,-,-,-,-,152,158,12,-,-,-,-,-,-,152,158,94,62,95,112,64,10,58,54,14,7,2,1,4,9,6,3,0,0,0,1,0,12,1,8.6,0.00,8,1.5,0.4,3.76,0,0,0.0,0.0,0,0,0,0,0,0,0,0.0,0,0,0,0,0,0,0,0,0,0,0,0,0,0,0,0,0,0,0,0,0,0.00,0,0,0,0,0,0.0,0.0,0.0,0.00,55,10,32,0,32,0,0,0,2.11,0.0,.991,0,0,136.2,0,0,27,26,6,5,2,1,2,0,4,0,0.0,0.2
CF,Mickey Mantle,Mickey,Mantle,Meaty Oakers,5' 11',200 lbs,S,R,100,New York Yankees,NYY,1955,1946-1960,HOF,82756,Perfect,HOF 1 - Hall of Fame  CF Mickey Mantle  NYY  1955,0,N,0,120,93,129,131,85,129,98,123,123,97,117,92,131,134,81,66,88,Groundball,Spray,Spray,1,1,1,1,1,1,1,1,1,1,1,1,16,-,-,-,-,-,-,-,-,-,-,-,1,NEU,89-91,SIDE,Normal,1,6,-,-,-,67,100,67,63,110,118,109,-,-,-,-,-,67,-,128,144,137,-,-,-,-,67,-,128,144,114,48,98,117,90,58,263,221,62,35,18,2,7,31,42,33,0,6,0,3,0,51,6,42.1,0.76,43,11.5,1.9,3.98,7,3,0.0,2.0,0,0,0,0,0,0,0,0.0,0,0,0,0,0,0,0,0,0,0,0,0,0,0,0,0,0,0,0,0,0,0.00,0,0,0,0,0,0.0,0.0,0.0,0.00,86,58,123,9,110,4,0,0,1.95,-1.3,.985,0,0,549.0,0,0,86,82,34,23,16,6,12,2,26,0,0.0,0.5
CF,Mickey Mantle,Mickey,Mantle,Salt Lake Bees,5' 11',200 lbs,S,R,100,New York Yankees,NYY,1955,1946-1960,HOF,82756,Perfect,HOF 1 - Hall of Fame  CF Mickey Mantle  NYY  1955,0,N,0,120,93,129,131,85,129,98,123,123,97,117,92,131,134,81,66,88,Groundball,Spray,Spray,1,1,1,1,1,1,1,1,1,1,1,1,16,-,-,-,-,-,-,-,-,-,-,-,1,NEU,89-91,SIDE,Normal,1,6,-,-,-,67,100,67,63,110,118,109,-,-,-,-,-,67,-,128,144,137,-,-,-,-,67,-,128,144,114,48,98,117,2,,2,2,1,0,1,0,0,0,1,0,0,0,0,0,0,0,0,1.0,0.01,0,0.5,0.1,5.00,0,0,0.0,0.0,0,0,0,0,0,0,0,0.0,0,0,0,0,0,0,0,0,0,0,0,0,0,0,0,0,0,0,0,0,0,0.00,0,0,0,0,0,0.0,0.0,0.0,0.00,0,0,0,0,0,0,0,0,0.00,0.0,.000,0,0,0.0,0,0,0,0,0,0,0,0,0,0,0,0,0.0,0.0
CF,Mickey Mantle,Mickey,Mantle,Long Island Sounders,5' 11',200 lbs,S,R,100,New York Yankees,NYY,1955,1946-1960,HOF,82756,Perfect,HOF 1 - Hall of Fame  CF Mickey Mantle  NYY  1955,0,N,0,120,93,129,131,85,129,98,123,123,97,117,92,131,134,81,66,88,Groundball,Spray,Spray,1,1,1,1,1,1,1,1,1,1,1,1,16,-,-,-,-,-,-,-,-,-,-,-,1,NEU,89-91,SIDE,Normal,1,6,-,-,-,67,100,67,63,110,118,109,-,-,-,-,-,67,-,128,144,137,-,-,-,-,67,-,128,144,114,48,98,117,145,141,616,542,151,107,19,5,20,70,88,66,1,3,1,4,0,137,11,87.9,1.25,88,13.9,4.3,4.14,5,3,-0.6,7.3,0,0,0,0,0,0,0,0.0,0,0,0,0,0,0,0,0,0,0,0,0,0,0,0,0,0,0,0,0,0,0.00,0,0,0,0,0,0.0,0.0,0.0,0.00,143,141,344,10,331,3,0,0,2.44,-4.9,.985,0,0,1256.2,0,0,266,252,79,57,49,15,49,6,58,1,0.0,3.5
CF,Mickey Mantle,Mickey,Mantle,Littleton CO Mountaineers,5' 11',200 lbs,S,R,100,New York Yankees,NYY,1955,1946-1960,HOF,82756,Perfect,HOF 1 - Hall of Fame  CF Mickey Mantle  NYY  1955,0,N,0,120,93,129,131,85,129,98,123,123,97,117,92,131,134,81,66,88,Groundball,Spray,Spray,1,1,1,1,1,1,1,1,1,1,1,1,16,-,-,-,-,-,-,-,-,-,-,-,1,NEU,89-91,SIDE,Normal,1,6,-,-,-,67,100,67,63,110,118,109,-,-,-,-,-,67,-,128,144,137,-,-,-,-,67,-,128,144,114,48,98,117,112,92,413,363,79,57,12,5,5,28,44,46,1,1,1,2,0,106,6,37.7,-2.34,35,-13.9,-0.1,4.12,7,3,0.0,1.7,0,0,0,0,0,0,0,0.0,0,0,0,0,0,0,0,0,0,0,0,0,0,0,0,0,0,0,0,0,0,0.00,0,0,0,0,0,0.0,0.0,0.0,0.00,100,87,225,42,180,3,6,0,2.45,1.6,1.003,0,0,815.1,0,0,156,149,50,37,29,10,21,7,32,2,0.0,0.1
CF,Mickey Mantle,Mickey,Mantle,Buffalo Bisons,5' 11',200 lbs,S,R,100,New York Yankees,NYY,1955,1946-1960,HOF,82756,Perfect,HOF 1 - Hall of Fame  CF Mickey Mantle  NYY  1955,0,N,0,120,93,129,131,85,129,98,123,123,97,117,92,131,134,81,66,88,Groundball,Spray,Spray,1,1,1,1,1,1,1,1,1,1,1,1,16,-,-,-,-,-,-,-,-,-,-,-,1,NEU,89-91,SIDE,Normal,1,6,-,-,-,67,100,67,63,110,118,109,-,-,-,-,-,67,-,128,144,137,-,-,-,-,67,-,128,144,114,48,98,117,72,43,214,186,52,33,10,1,8,28,28,23,0,1,2,2,0,41,3,32.2,0.25,32,6.3,1.6,4.14,4,3,-0.7,1.8,0,0,0,0,0,0,0,0.0,0,0,0,0,0,0,0,0,0,0,0,0,0,0,0,0,0,0,0,0,0,0.00,0,0,0,0,0,0.0,0.0,0.0,0.00,54,40,104,9,94,1,1,0,2.47,3.1,1.028,0,0,375.1,0,0,79,77,20,16,13,8,8,0,23,2,0.0,0.4
CF,Mickey Mantle,Mickey,Mantle,Pulaski Pils,5' 11',200 lbs,S,R,100,New York Yankees,NYY,1955,1946-1960,HOF,82756,Perfect,HOF 1 - Hall of Fame  CF Mickey Mantle  NYY  1955,0,N,0,120,93,129,131,85,129,98,123,123,97,117,92,131,134,81,66,88,Groundball,Spray,Spray,1,1,1,1,1,1,1,1,1,1,1,1,16,-,-,-,-,-,-,-,-,-,-,-,1,NEU,89-91,SIDE,Normal,1,6,-,-,-,67,100,67,63,110,118,109,-,-,-,-,-,67,-,128,144,137,-,-,-,-,67,-,128,144,114,48,98,117,146,144,620,552,129,81,18,5,25,97,76,56,0,8,0,4,0,131,11,74.1,-0.29,73,-1.2,2.4,4.05,9,2,0.9,3.5,0,0,0,0,0,0,0,0.0,0,0,0,0,0,0,0,0,0,0,0,0,0,0,0,0,0,0,0,0,0,0.00,0,0,0,0,0,0.0,0.0,0.0,0.00,150,144,286,7,274,5,1,0,1.97,3.2,1.012,0,0,1286.1,0,0,217,214,58,43,30,10,29,3,67,5,0.0,-0.5
CF,Willie Mays,Willie,Mays,Buffalo Bisons,5' 11',180 lbs,R,R,100,New York Giants,SFG,1954,1946-1960,,84386,Perfect,Hardware Heroes  CF Willie Mays  NY1  1954,0,N,0,121,109,120,84,97,111,81,133,117,111,124,122,116,74,94,14,5,Groundball,Normal,Normal,1,1,1,1,1,1,1,1,1,1,1,1,16,-,-,-,-,-,-,-,-,-,-,-,1,NEU,90-92,OTT,Normal,1,21,-,-,-,5,1,4,7,111,91,89,-,-,-,-,-,-,-,123,-,3,-,-,-,-,-,-,123,-,102,54,65,112,29,11,65,59,12,8,1,1,2,9,6,4,0,0,0,2,0,15,0,5.7,-0.13,4,-3.4,0.0,4.22,0,0,0.0,0.1,0,0,0,0,0,0,0,0.0,0,0,0,0,0,0,0,0,0,0,0,0,0,0,0,0,0,0,0,0,0,0.00,0,0,0,0,0,0.0,0.0,0.0,0.00,19,11,36,1,35,0,0,0,2.83,1.4,1.020,0,0,114.2,0,0,26,26,5,4,5,1,7,4,2,0,0.0,-0.0
CF,Mickey Moniak,Mickey,Moniak,Kansas City Torrent,6' 2',195 lbs,L,R,100,Philadelphia Phillies,PHI,2020,2015+,HFL,86570,Perfect,Young & Old 2 - Historical Future Legend  CF Mickey Moniak  PHI  2020,53 293,N,0,129,129,102,103,137,104,98,87,98,120,138,140,110,106,143,58,18,Normal,Spray,Spray,1,1,1,5,1,1,1,5,1,1,1,5,16,-,-,-,-,-,-,-,-,-,-,-,1,NEU,92-94,3/4,Normal,1,17,-,-,-,8,3,6,6,109,80,92,-,-,-,-,-,-,131,119,129,9,-,11,-,-,-,131,119,129,106,100,106,112,148,120,511,451,115,78,29,2,6,53,61,43,0,4,5,8,0,81,2,58.5,-0.02,52,-8.5,0.7,3.97,13,4,0.9,2.6,0,0,0,0,0,0,0,0.0,0,0,0,0,0,0,0,0,0,0,0,0,0,0,0,0,0,0,0,0,0,0.00,0,0,0,0,0,0.0,0.0,0.0,0.00,152,119,255,7,241,7,0,0,2.05,-0.5,1.009,0,0,1090.1,0,0,198,193,52,36,26,9,47,1,47,2,0.0,0.3
CF,Mickey Moniak,Mickey,Moniak,Marshall M.I.C.E.,6' 2',195 lbs,L,R,100,Philadelphia Phillies,PHI,2020,2015+,HFL,86570,Perfect,Young & Old 2 - Historical Future Legend  CF Mickey Moniak  PHI  2020,0,N,0,129,129,102,103,137,104,98,87,98,120,138,140,110,106,143,58,18,Normal,Spray,Spray,1,1,1,5,1,1,1,5,1,1,1,5,16,-,-,-,-,-,-,-,-,-,-,-,1,NEU,92-94,3/4,Normal,1,17,-,-,-,8,3,6,6,109,80,92,-,-,-,-,-,-,131,119,129,9,-,11,-,-,-,131,119,129,106,100,106,112,139,105,483,435,118,71,31,5,11,49,92,38,0,6,0,4,0,79,7,68.9,2.19,64,6.4,3.3,3.74,26,3,4.6,4.6,0,0,0,0,0,0,0,0.0,0,0,0,0,0,0,0,0,0,0,0,0,0,0,0,0,0,0,0,0,0,0.00,0,0,0,0,0,0.0,0.0,0.0,0.00,126,105,269,5,262,2,1,0,2.45,2.3,1.006,0,0,982.0,0,0,196,192,66,47,38,18,42,5,43,0,0.0,-0.5
CF,Mickey Moniak,Mickey,Moniak,Paramus Fisher Cats,6' 2',195 lbs,L,R,100,Philadelphia Phillies,PHI,2020,2015+,HFL,86570,Perfect,Young & Old 2 - Historical Future Legend  CF Mickey Moniak  PHI  2020,0,N,0,129,129,102,103,137,104,98,87,98,120,138,140,110,106,143,58,18,Normal,Spray,Spray,1,1,1,5,1,1,1,5,1,1,1,5,16,-,-,-,-,-,-,-,-,-,-,-,1,NEU,92-94,3/4,Normal,1,17,-,-,-,8,3,6,6,109,80,92,-,-,-,-,-,-,131,119,129,9,-,11,-,-,-,131,119,129,106,100,106,112,89,83,332,297,76,48,22,0,6,38,36,28,0,2,1,4,0,64,3,37.5,0.91,37,-2.8,1.0,3.95,17,11,-1.6,2.3,0,0,0,0,0,0,0,0.0,0,0,0,0,0,0,0,0,0,0,0,0,0,0,0,0,0,0,0,0,0,0.00,0,0,0,0,0,0.0,0.0,0.0,0.00,88,83,177,6,171,0,0,0,2.20,1.6,1.011,0,0,723.0,0,0,137,134,29,23,27,7,31,6,28,1,0.0,2.1
CF,Frank Robinson,Frank,Robinson,Real Intered Workers,6' 1',185 lbs,R,R,100,Cincinnati Reds,CIN,1961,1961-1979,ME,85521,Perfect,60s Theme Week - Hardware Heroes  RF Frank Robinson  CIN  1961,0,N,0,116,114,126,103,115,121,118,99,136,130,115,113,136,95,111,4,5,Normal,Normal,Normal,1,1,1,1,1,1,1,1,1,1,1,1,16,-,-,-,-,-,-,-,-,-,-,-,1,NEU,90-92,3/4,Normal,1,22,-,-,-,60,45,78,54,107,113,96,-,-,-,-,57,-,136,121,134,106,-,-,-,57,-,136,121,134,71,83,102,85,144,144,653,589,136,87,32,4,13,53,75,54,1,7,0,3,0,115,15,64.8,-0.61,63,-14.7,0.7,3.90,13,5,0.4,5.2,0,0,0,0,0,0,0,0.0,0,0,0,0,0,0,0,0,0,0,0,0,0,0,0,0,0,0,0,0,0,0.00,0,0,0,0,0,0.0,0.0,0.0,0.00,145,144,303,8,293,2,0,0,2.13,0.2,1.000,0,0,1272.1,0,0,239,233,55,38,39,16,40,6,53,0,0.0,-0.1
CF,Tris Speaker,Tris,Speaker,Joe Buck Yourself,5' 11',190 lbs,L,L,100,Boston Red Sox,BOS,1910,2026,ME,83846,Perfect,Live Full Collection - Snapshot  CF Tris Speaker  BOS  1910,0,N,0,125,92,116,83,130,112,92,115,75,105,130,93,117,86,138,85,84,Groundball,Pull,Pull,1,1,1,4,1,1,1,4,1,1,1,4,-,-,-,16,-,17,-,-,-,-,-,-,2,NEU,89-91,3/4,Normal,1,22,-,-,-,4,6,3,4,113,89,99,-,-,-,-,-,-,138,127,137,-,-,-,-,-,-,138,127,137,97,91,103,103,146,142,596,552,136,92,20,11,13,52,60,36,0,5,1,2,0,122,11,65.0,-1.03,61,-10.2,0.7,3.95,8,0,1.7,-2.8,0,0,0,0,0,0,0,0.0,0,0,0,0,0,0,0,0,0,0,0,0,0,0,0,0,0,0,0,0,0,0.00,0,0,0,0,0,0.0,0.0,0.0,0.00,143,142,325,9,310,6,0,0,2.30,-2.5,1.001,0,0,1247.1,0,0,260,253,56,34,49,13,42,7,64,3,0.0,-1.2
CF,Tris Speaker,Tris,Speaker,Washington Bishops,5' 11',190 lbs,L,L,100,Boston Red Sox,BOS,1910,2026,ME,83846,Perfect,Live Full Collection - Snapshot  CF Tris Speaker  BOS  1910,0,Y,5,135,100,125,90,140,121,100,124,82,114,140,101,126,93,149,85,84,Groundball,Pull,Pull,1,1,1,6,1,1,1,6,1,1,1,6,-,-,-,16,-,17,-,-,-,-,-,-,2,NEU,89-91,3/4,Normal,1,22,-,-,-,4,6,3,4,113,89,99,-,-,-,-,-,-,148,136,147,-,-,-,-,-,-,148,136,147,97,91,103,103,149,142,610,549,140,97,23,6,14,71,68,46,4,7,3,5,0,107,10,68.5,-0.05,66,-7.3,1.4,3.82,12,9,-1.9,2.9,0,0,0,0,0,0,0,0.0,0,0,0,0,0,0,0,0,0,0,0,0,0,0,0,0,0,0,0,0,0,0.00,0,0,0,0,0,0.0,0.0,0.0,0.00,145,142,319,2,313,4,0,0,2.21,-1.4,.997,0,0,1283.0,0,0,242,235,76,52,54,19,50,6,54,1,0.0,-0.8
CF,Tris Speaker,Tris,Speaker,Krakow Hussars,5' 11',190 lbs,L,L,100,Boston Red Sox,BOS,1910,2026,ME,83846,Perfect,Live Full Collection - Snapshot  CF Tris Speaker  BOS  1910,0,Y,5,135,100,125,90,140,121,100,124,82,114,140,101,126,93,149,85,84,Groundball,Pull,Pull,1,1,1,6,1,1,1,6,1,1,1,6,-,-,-,16,-,17,-,-,-,-,-,-,2,NEU,89-91,3/4,Normal,1,22,-,-,-,4,6,3,4,113,89,99,-,-,-,-,-,-,148,136,147,-,-,-,-,-,-,148,136,147,97,91,103,103,154,140,655,602,163,114,18,8,23,80,86,37,0,10,1,5,0,124,10,84.2,1.71,83,4.6,2.3,3.89,20,11,-1.0,2.3,0,0,0,0,0,0,0,0.0,0,0,0,0,0,0,0,0,0,0,0,0,0,0,0,0,0,0,0,0,0,0.00,0,0,0,0,0,0.0,0.0,0.0,0.00,151,140,335,9,321,5,0,0,2.35,-5.7,1.003,0,0,1261.2,0,0,270,257,74,48,45,11,47,4,50,1,0.0,2.0
CF,Tris Speaker,Tris,Speaker,Fortuna Lifters,5' 11',190 lbs,L,L,100,Boston Red Sox,BOS,1910,2026,ME,83846,Perfect,Live Full Collection - Snapshot  CF Tris Speaker  BOS  1910,0,N,0,125,92,116,83,130,112,92,115,75,105,130,93,117,86,138,85,84,Groundball,Pull,Pull,1,1,1,4,1,1,1,4,1,1,1,4,-,-,-,16,-,17,-,-,-,-,-,-,2,NEU,89-91,3/4,Normal,1,22,-,-,-,4,6,3,4,113,89,99,-,-,-,-,-,-,138,127,137,-,-,-,-,-,-,138,127,137,97,91,103,103,95,80,349,309,85,62,6,3,14,48,48,30,2,2,4,4,0,58,6,47.3,0.58,45,3.7,1.3,3.78,9,5,-0.5,1.1,0,0,0,0,0,0,0,0.0,0,0,0,0,0,0,0,0,0,0,0,0,0,0,0,0,0,0,0,0,0,0.00,0,0,0,0,0,0.0,0.0,0.0,0.00,82,77,167,2,162,3,0,0,2.18,-2.1,.993,0,0,677.0,0,0,135,132,34,21,23,8,17,1,37,0,0.0,0.1
CF,Tris Speaker,Tris,Speaker,Great Lakes Man-of-War-HOTL,5' 11',190 lbs,L,L,100,Boston Red Sox,BOS,1910,2026,ME,83846,Perfect,Live Full Collection - Snapshot  CF Tris Speaker  BOS  1910,0,N,0,125,92,116,83,130,112,92,115,75,105,130,93,117,86,138,85,84,Groundball,Pull,Pull,1,1,1,4,1,1,1,4,1,1,1,4,-,-,-,16,-,17,-,-,-,-,-,-,2,NEU,89-91,3/4,Normal,1,22,-,-,-,4,6,3,4,113,89,99,-,-,-,-,-,-,138,127,137,-,-,-,-,-,-,138,127,137,97,91,103,103,133,107,450,422,112,84,10,6,12,44,47,25,0,3,0,0,0,91,5,51.8,0.95,50,-3.4,0.7,3.83,4,5,-1.8,1.1,0,0,0,0,0,0,0,0.0,0,0,0,0,0,0,0,0,0,0,0,0,0,0,0,0,0,0,0,0,0,0.00,0,0,0,0,0,0.0,0.0,0.0,0.00,161,107,291,6,279,6,1,0,2.61,-4.5,.978,0,0,984.1,0,0,228,219,59,39,48,17,32,3,38,1,0.0,0.1
CF,Tris Speaker,Tris,Speaker,Long Island Sounders,5' 11',190 lbs,L,L,100,Boston Red Sox,BOS,1910,2026,ME,83846,Perfect,Live Full Collection - Snapshot  CF Tris Speaker  BOS  1910,0,N,0,125,92,116,83,130,112,92,115,75,105,130,93,117,86,138,85,84,Groundball,Pull,Pull,1,1,1,4,1,1,1,4,1,1,1,4,-,-,-,16,-,17,-,-,-,-,-,-,2,NEU,89-91,3/4,Normal,1,22,-,-,-,4,6,3,4,113,89,99,-,-,-,-,-,-,138,127,137,-,-,-,-,-,-,138,127,137,97,91,103,103,87,69,296,273,64,44,13,4,3,20,30,21,1,2,0,0,0,56,3,29.0,-0.17,25,-9.9,-0.4,4.06,5,0,1.1,0.8,0,0,0,0,0,0,0,0.0,0,0,0,0,0,0,0,0,0,0,0,0,0,0,0,0,0,0,0,0,0,0.00,0,0,0,0,0,0.0,0.0,0.0,0.00,75,69,166,2,162,2,1,0,2.36,-4.1,.982,0,0,626.1,0,0,141,134,38,23,11,3,18,1,25,1,0.0,-1.0
CF,Tris Speaker,Tris,Speaker,Manchester Camels,5' 11',190 lbs,L,L,100,Boston Red Sox,BOS,1910,2026,ME,83846,Perfect,Live Full Collection - Snapshot  CF Tris Speaker  BOS  1910,0,N,0,125,92,116,83,130,112,92,115,75,105,130,93,117,86,138,85,84,Groundball,Pull,Pull,1,1,1,4,1,1,1,4,1,1,1,4,-,-,-,16,-,17,-,-,-,-,-,-,2,NEU,89-91,3/4,Normal,1,22,-,-,-,4,6,3,4,113,89,99,-,-,-,-,-,-,138,127,137,-,-,-,-,-,-,138,127,137,97,91,103,103,150,143,629,572,156,113,21,5,17,56,81,36,0,4,15,1,1,113,9,76.2,-1.86,71,-4.3,1.7,3.89,23,9,0.7,3.3,0,0,0,0,0,0,0,0.0,0,0,0,0,0,0,0,0,0,0,0,0,0,0,0,0,0,0,0,0,0,0.00,0,0,0,0,0,0.0,0.0,0.0,0.00,148,143,326,7,316,3,2,0,2.31,3.3,1.023,0,0,1257.2,0,0,247,241,76,50,38,17,40,8,57,0,0.0,-1.5
CF,Tris Speaker,Tris,Speaker,St. Louis Honkers,5' 11',190 lbs,L,L,100,Boston Red Sox,BOS,1910,2026,ME,83846,Perfect,Live Full Collection - Snapshot  CF Tris Speaker  BOS  1910,0,N,0,125,92,116,83,130,112,92,115,75,105,130,93,117,86,138,85,84,Groundball,Pull,Pull,1,1,1,4,1,1,1,4,1,1,1,4,-,-,-,16,-,17,-,-,-,-,-,-,2,NEU,89-91,3/4,Normal,1,22,-,-,-,4,6,3,4,113,89,99,-,-,-,-,-,-,138,127,137,-,-,-,-,-,-,138,127,137,97,91,103,103,123,109,463,415,102,78,14,3,7,44,41,32,0,3,7,6,0,75,8,43.5,-0.61,40,-15.3,-0.3,3.81,7,5,-1.0,-0.4,0,0,0,0,0,0,0,0.0,0,0,0,0,0,0,0,0,0,0,0,0,0,0,0,0,0,0,0,0,0,0.00,0,0,0,0,0,0.0,0.0,0.0,0.00,117,109,249,3,242,4,0,0,2.27,-0.5,.999,0,0,969.1,0,0,190,187,59,38,31,10,37,5,41,2,0.0,-2.8
CF,Tris Speaker,Tris,Speaker,Milwaukee Braves,5' 11',190 lbs,L,L,100,Boston Red Sox,BOS,1910,2026,ME,83846,Perfect,Live Full Collection - Snapshot  CF Tris Speaker  BOS  1910,0,Y,5,135,100,125,90,140,121,100,124,82,114,140,101,126,93,149,85,84,Groundball,Pull,Pull,1,1,1,6,1,1,1,6,1,1,1,6,-,-,-,16,-,17,-,-,-,-,-,-,2,NEU,89-91,3/4,Normal,1,22,-,-,-,4,6,3,4,113,89,99,-,-,-,-,-,-,148,136,147,-,-,-,-,-,-,148,136,147,97,91,103,103,132,120,559,510,131,93,20,6,12,50,72,36,1,1,8,3,1,101,8,62.1,-0.52,56,-10.8,1.8,3.93,13,3,1.4,2.0,0,0,0,0,0,0,0,0.0,0,0,0,0,0,0,0,0,0,0,0,0,0,0,0,0,0,0,0,0,0,0.00,0,0,0,0,0,0.0,0.0,0.0,0.00,126,120,313,13,298,2,0,0,2.57,2.3,1.001,0,0,1088.0,0,0,232,229,57,41,54,27,38,1,54,0,0.0,2.6
CF,Tris Speaker,Tris,Speaker,Real Intered Workers,5' 11',190 lbs,L,L,100,Boston Red Sox,BOS,1910,2026,ME,83846,Perfect,Live Full Collection - Snapshot  CF Tris Speaker  BOS  1910,0,N,0,125,92,116,83,130,112,92,115,75,105,130,93,117,86,138,85,84,Groundball,Pull,Pull,1,1,1,4,1,1,1,4,1,1,1,4,-,-,-,16,-,17,-,-,-,-,-,-,2,NEU,89-91,3/4,Normal,1,22,-,-,-,4,6,3,4,113,89,99,-,-,-,-,-,-,138,127,137,-,-,-,-,-,-,138,127,137,97,91,103,103,145,144,581,534,129,89,22,3,15,52,71,41,1,1,1,4,0,103,7,62.2,-2.04,56,-13.6,1.6,3.81,15,2,2.4,5.3,0,0,0,0,0,0,0,0.0,0,0,0,0,0,0,0,0,0,0,0,0,0,0,0,0,0,0,0,0,0,0.00,0,0,0,0,0,0.0,0.0,0.0,0.00,147,144,349,7,339,3,1,0,2.50,-1.6,.997,0,0,1247.2,0,0,272,261,71,43,55,25,52,9,50,1,0.0,1.6
CF,Tris Speaker,Tris,Speaker,The Black Freighter TBD,5' 11',190 lbs,L,L,100,Boston Red Sox,BOS,1910,2026,ME,83846,Perfect,Live Full Collection - Snapshot  CF Tris Speaker  BOS  1910,0,N,0,125,92,116,83,130,112,92,115,75,105,130,93,117,86,138,85,84,Groundball,Pull,Pull,1,1,1,4,1,1,1,4,1,1,1,4,-,-,-,16,-,17,-,-,-,-,-,-,2,NEU,89-91,3/4,Normal,1,22,-,-,-,4,6,3,4,113,89,99,-,-,-,-,-,-,138,127,137,-,-,-,-,-,-,138,127,137,97,91,103,103,77,25,163,145,43,33,4,0,6,29,21,15,0,1,0,2,0,28,1,24.1,2.71,23,4.4,0.7,3.98,0,2,-1.1,-0.2,0,0,0,0,0,0,0,0.0,0,0,0,0,0,0,0,0,0,0,0,0,0,0,0,0,0,0,0,0,0,0.00,0,0,0,0,0,0.0,0.0,0.0,0.00,42,24,68,1,67,0,0,0,2.48,0.2,.992,0,0,246.1,0,0,56,56,10,7,10,4,3,0,8,0,0.0,-0.3
CF,Tris Speaker,Tris,Speaker,Svendborg Sailors,5' 11',190 lbs,L,L,100,Boston Red Sox,BOS,1910,2026,ME,83846,Perfect,Live Full Collection - Snapshot  CF Tris Speaker  BOS  1910,0,Y,5,135,100,125,90,140,121,100,124,82,114,140,101,126,93,149,85,84,Groundball,Pull,Pull,1,1,1,6,1,1,1,6,1,1,1,6,-,-,-,16,-,17,-,-,-,-,-,-,2,NEU,89-91,3/4,Normal,1,22,-,-,-,4,6,3,4,113,89,99,-,-,-,-,-,-,148,136,147,-,-,-,-,-,-,148,136,147,97,91,103,103,138,136,565,523,165,120,26,1,18,95,66,31,0,3,1,7,0,102,7,88.3,1.18,84,16.0,4.2,3.81,13,5,0.4,1.8,0,0,0,0,0,0,0,0.0,0,0,0,0,0,0,0,0,0,0,0,0,0,0,0,0,0,0,0,0,0,0.00,0,0,0,0,0,0.0,0.0,0.0,0.00,137,136,338,5,328,5,0,0,2.49,3.5,1.003,0,0,1205.0,0,0,256,246,67,51,46,24,40,6,51,1,0.0,-0.3
CF,Tris Speaker,Tris,Speaker,Buffalo Bisons,5' 11',190 lbs,L,L,100,Boston Red Sox,BOS,1910,2026,ME,83846,Perfect,Live Full Collection - Snapshot  CF Tris Speaker  BOS  1910,0,Y,5,135,100,125,90,140,121,100,124,82,114,140,101,126,93,149,85,84,Groundball,Pull,Pull,1,1,1,6,1,1,1,6,1,1,1,6,-,-,-,16,-,17,-,-,-,-,-,-,2,NEU,89-91,3/4,Normal,1,22,-,-,-,4,6,3,4,113,89,99,-,-,-,-,-,-,148,136,147,-,-,-,-,-,-,148,136,147,97,91,103,103,146,141,662,601,149,99,22,8,20,67,93,47,1,5,4,5,0,121,8,75.1,0.53,72,-7.0,1.8,3.79,22,13,-1.6,2.8,0,0,0,0,0,0,0,0.0,0,0,0,0,0,0,0,0,0,0,0,0,0,0,0,0,0,0,0,0,0,0.00,0,0,0,0,0,0.0,0.0,0.0,0.00,146,141,356,6,345,5,0,0,2.56,3.3,1.000,0,0,1233.1,0,0,273,266,67,50,45,19,41,8,60,2,0.0,0.6
CF,Tris Speaker,Tris,Speaker,El Vampiro Ankle Biters,5' 11',190 lbs,L,L,100,Boston Red Sox,BOS,1910,2026,ME,83846,Perfect,Live Full Collection - Snapshot  CF Tris Speaker  BOS  1910,0,Y,5,135,100,125,90,140,121,100,124,82,114,140,101,126,93,149,85,84,Groundball,Pull,Pull,1,1,1,6,1,1,1,6,1,1,1,6,-,-,-,16,-,17,-,-,-,-,-,-,2,NEU,89-91,3/4,Normal,1,22,-,-,-,4,6,3,4,113,89,99,-,-,-,-,-,-,148,136,147,-,-,-,-,-,-,148,136,147,97,91,103,103,142,142,625,573,165,124,20,2,19,76,93,43,0,6,0,3,0,100,3,88.8,1.94,83,8.5,4.0,3.95,15,4,1.3,6.6,0,0,0,0,0,0,0,0.0,0,0,0,0,0,0,0,0,0,0,0,0,0,0,0,0,0,0,0,0,0,0.00,0,0,0,0,0,0.0,0.0,0.0,0.00,142,142,333,7,320,6,1,0,2.34,-2.2,1.000,0,0,1256.0,0,0,263,261,65,43,46,13,50,3,62,0,0.0,1.1
CF,Tris Speaker,Tris,Speaker,Ware Wolves,5' 11',190 lbs,L,L,100,Boston Red Sox,BOS,1910,2026,ME,83846,Perfect,Live Full Collection - Snapshot  CF Tris Speaker  BOS  1910,0,N,0,125,92,116,83,130,112,92,115,75,105,130,93,117,86,138,85,84,Groundball,Pull,Pull,1,1,1,4,1,1,1,4,1,1,1,4,-,-,-,16,-,17,-,-,-,-,-,-,2,NEU,89-91,3/4,Normal,1,22,-,-,-,4,6,3,4,113,89,99,-,-,-,-,-,-,138,127,137,-,-,-,-,-,-,138,127,137,97,91,103,103,39,30,126,114,25,17,2,1,5,15,17,11,2,0,0,1,0,26,2,12.4,-0.05,11,-4.1,0.1,3.69,4,2,-0.1,0.6,0,0,0,0,0,0,0,0.0,0,0,0,0,0,0,0,0,0,0,0,0,0,0,0,0,0,0,0,0,0,0.00,0,0,0,0,0,0.0,0.0,0.0,0.00,34,28,73,1,72,0,1,0,2.52,1.6,1.005,0,0,261.0,0,0,50,50,20,16,9,3,13,3,10,0,0.0,-0.2
CF,Tris Speaker,Tris,Speaker,Tavistock Baseballersons,5' 11',190 lbs,L,L,100,Boston Red Sox,BOS,1910,2026,ME,83846,Perfect,Live Full Collection - Snapshot  CF Tris Speaker  BOS  1910,0,Y,5,135,100,125,90,140,121,100,124,82,114,140,101,126,93,149,85,84,Groundball,Pull,Pull,1,1,1,6,1,1,1,6,1,1,1,6,-,-,-,16,-,17,-,-,-,-,-,-,2,NEU,89-91,3/4,Normal,1,22,-,-,-,4,6,3,4,113,89,99,-,-,-,-,-,-,148,136,147,-,-,-,-,-,-,148,136,147,97,91,103,103,115,109,493,448,117,83,17,4,13,51,61,37,0,1,0,7,0,97,5,58.0,-1.46,55,-3.5,1.3,3.94,5,5,-1.5,1.9,0,0,0,0,0,0,0,0.0,0,0,0,0,0,0,0,0,0,0,0,0,0,0,0,0,0,0,0,0,0,0.00,0,0,0,0,0,0.0,0.0,0.0,0.00,114,109,289,11,272,6,0,0,2.61,-1.5,1.002,0,0,977.1,0,0,219,216,66,42,30,10,41,4,59,0,0.0,-0.2
CF,Tris Speaker,Tris,Speaker,Memphis Redbirds,5' 11',190 lbs,L,L,100,Boston Red Sox,BOS,1910,2026,ME,83846,Perfect,Live Full Collection - Snapshot  CF Tris Speaker  BOS  1910,0,N,0,125,92,116,83,130,112,92,115,75,105,130,93,117,86,138,85,84,Groundball,Pull,Pull,1,1,1,4,1,1,1,4,1,1,1,4,-,-,-,16,-,17,-,-,-,-,-,-,2,NEU,89-91,3/4,Normal,1,22,-,-,-,4,6,3,4,113,89,99,-,-,-,-,-,-,138,127,137,-,-,-,-,-,-,138,127,137,97,91,103,103,129,103,491,447,108,80,14,2,12,40,64,38,0,3,1,2,0,93,5,51.6,-1.18,48,-10.8,1.5,4.00,13,4,0.9,5.2,0,0,0,0,0,0,0,0.0,0,0,0,0,0,0,0,0,0,0,0,0,0,0,0,0,0,0,0,0,0,0.00,0,0,0,0,0,0.0,0.0,0.0,0.00,143,99,240,6,231,3,0,0,2.35,2.6,1.023,0,0,906.1,0,0,182,179,48,32,35,15,35,3,38,2,0.0,0.1
CF,Tris Speaker,Tris,Speaker,Paramus Fisher Cats,5' 11',190 lbs,L,L,100,Boston Red Sox,BOS,1910,2026,ME,83846,Perfect,Live Full Collection - Snapshot  CF Tris Speaker  BOS  1910,0,Y,5,135,100,125,90,140,121,100,124,82,114,140,101,126,93,149,85,84,Groundball,Pull,Pull,1,1,1,6,1,1,1,6,1,1,1,6,-,-,-,16,-,17,-,-,-,-,-,-,2,NEU,89-91,3/4,Normal,1,22,-,-,-,4,6,3,4,113,89,99,-,-,-,-,-,-,148,136,147,-,-,-,-,-,-,148,136,147,97,91,103,103,87,78,364,324,95,66,15,3,11,54,50,26,0,1,6,7,0,51,7,51.2,0.34,49,5.2,1.5,3.79,7,3,0.0,0.2,0,0,0,0,0,0,0,0.0,0,0,0,0,0,0,0,0,0,0,0,0,0,0,0,0,0,0,0,0,0,0.00,0,0,0,0,0,0.0,0.0,0.0,0.00,85,77,131,1,130,0,0,0,1.69,0.5,1.013,0,0,697.0,0,0,106,104,25,17,21,5,18,4,27,0,0.0,0.0
CF,George Springer,George,Springer,Tavistock Baseballersons,6' 3',215 lbs,R,R,100,Houston Astros,HOU,2019,2015+,,86268,Perfect,All-Star Week - Historical All-Star  CF George Springer  HOU  2019,0,N,0,103,78,144,128,105,100,62,128,141,102,104,83,150,124,106,5,1,Groundball,Pull,Pull,1,1,1,2,1,1,1,2,1,1,1,2,16,-,-,-,-,-,-,-,-,-,-,-,1,NEU,91-93,OTT,Normal,1,19,-,-,-,7,2,6,1,112,119,76,-,-,-,-,-,-,-,125,130,6,-,-,-,-,-,-,125,130,89,44,54,81,87,81,334,302,80,56,12,0,12,34,38,26,0,4,0,2,0,90,9,41.4,0.00,42,2.3,1.0,3.84,0,0,0.0,0.0,0,0,0,0,0,0,0,0.0,0,0,0,0,0,0,0,0,0,0,0,0,0,0,0,0,0,0,0,0,0,0.00,0,0,0,0,0,0.0,0.0,0.0,0.00,87,81,176,4,171,1,0,0,2.17,-1.1,1.003,0,0,726.1,0,0,139,132,40,26,22,8,18,3,31,2,0.0,-1.5
RF,Hank Aaron,Hank,Aaron,Joe Buck Yourself,6' 0',180 lbs,R,R,102,Milwaukee Braves,ATL,1959,1946-1960,CS,86655,Perfect,Clubhouse - Super Utility  RF Hank Aaron  ML1  1959,0,N,0,136,123,181,97,134,111,89,210,111,168,145,137,172,94,123,4,16,Normal,Pull,Pull,1,1,1,7,1,1,1,7,1,1,1,7,16,-,-,-,-,-,-,-,-,-,-,-,1,GB,90-92,OTT,GB'er,1,19,-,-,-,56,52,70,39,63,92,98,-,-,75,47,51,-,85,57,87,105,-,75,47,51,-,85,57,87,69,48,109,117,152,143,622,578,164,112,30,1,21,74,83,35,1,5,0,4,0,114,13,83.3,2.70,81,7.1,1.8,3.95,14,5,0.6,4.4,0,0,0,0,0,0,0,0.0,0,0,0,0,0,0,0,0,0,0,0,0,0,0,0,0,0,0,0,0,0,0.00,0,0,0,0,0,0.0,0.0,0.0,0.00,100,92,192,7,182,3,1,0,2.06,-4.3,.972,0,0,826.1,0,0,155,153,36,19,24,8,25,2,37,0,0.0,-0.4
RF,Hank Aaron,Hank,Aaron,Great Lakes Man-of-War-HOTL,6' 0',180 lbs,R,R,102,Milwaukee Braves,ATL,1959,1946-1960,CS,86655,Perfect,Clubhouse - Super Utility  RF Hank Aaron  ML1  1959,0,N,0,136,123,181,97,134,111,89,210,111,168,145,137,172,94,123,4,16,Normal,Pull,Pull,1,1,1,7,1,1,1,7,1,1,1,7,16,-,-,-,-,-,-,-,-,-,-,-,1,GB,90-92,OTT,GB'er,1,19,-,-,-,56,52,70,39,63,92,98,-,-,75,47,51,-,85,57,87,105,-,75,47,51,-,85,57,87,69,48,109,117,153,151,702,648,168,109,34,0,25,82,86,39,2,4,0,11,0,141,15,81.2,-1.78,78,-5.8,0.6,3.92,10,5,-0.4,3.5,0,0,0,0,0,0,0,0.0,0,0,0,0,0,0,0,0,0,0,0,0,0,0,0,0,0,0,0,0,0,0.00,0,0,0,0,0,0.0,0.0,0.0,0.00,18,17,64,2,62,0,0,0,3.87,0.4,.996,0,0,149.0,0,0,43,42,6,6,2,1,3,0,5,0,0.0,-0.4
RF,Hank Aaron,Hank,Aaron,Manchester Camels,6' 0',180 lbs,R,R,102,Milwaukee Braves,ATL,1959,1946-1960,CS,86655,Perfect,Clubhouse - Super Utility  RF Hank Aaron  ML1  1959,0,N,0,136,123,181,97,134,111,89,210,111,168,145,137,172,94,123,4,16,Normal,Pull,Pull,1,1,1,7,1,1,1,7,1,1,1,7,16,-,-,-,-,-,-,-,-,-,-,-,1,GB,90-92,OTT,GB'er,1,19,-,-,-,56,52,70,39,63,92,98,-,-,75,47,51,-,85,57,87,105,-,75,47,51,-,85,57,87,69,48,109,117,154,153,684,616,166,106,29,7,24,88,103,56,5,4,0,8,0,130,7,96.7,2.26,89,7.2,2.3,3.94,24,7,2.0,4.4,0,0,0,0,0,0,0,0.0,0,0,0,0,0,0,0,0,0,0,0,0,0,0,0,0,0,0,0,0,0,0.00,0,0,0,0,0,0.0,0.0,0.0,0.00,65,58,138,7,130,1,0,0,2.35,-1.7,.979,0,0,524.1,0,0,115,111,19,14,14,5,13,1,23,0,0.0,0.8
RF,Hank Aaron,Hank,Aaron,Milwaukee Braves,6' 0',180 lbs,R,R,102,Milwaukee Braves,ATL,1959,1946-1960,CS,86655,Perfect,Clubhouse - Super Utility  RF Hank Aaron  ML1  1959,0,N,0,136,123,181,97,134,111,89,210,111,168,145,137,172,94,123,4,16,Normal,Pull,Pull,1,1,1,7,1,1,1,7,1,1,1,7,16,-,-,-,-,-,-,-,-,-,-,-,1,GB,90-92,OTT,GB'er,1,19,-,-,-,56,52,70,39,63,92,98,-,-,75,47,51,-,85,57,87,105,-,75,47,51,-,85,57,87,69,48,109,117,144,141,627,568,136,83,29,2,22,73,71,49,2,6,0,4,0,110,18,67.8,0.01,69,-5.5,0.3,3.79,10,7,-1.4,2.0,0,0,0,0,0,0,0,0.0,0,0,0,0,0,0,0,0,0,0,0,0,0,0,0,0,0,0,0,0,0,0.00,0,0,0,0,0,0.0,0.0,0.0,0.00,84,80,282,17,258,7,8,0,3.47,-2.2,.960,0,0,713.1,0,0,138,135,33,20,12,7,19,2,27,0,0.0,-0.6
RF,Hank Aaron,Hank,Aaron,Ware Wolves,6' 0',180 lbs,R,R,102,Milwaukee Braves,ATL,1959,1946-1960,CS,86655,Perfect,Clubhouse - Super Utility  RF Hank Aaron  ML1  1959,0,N,0,136,123,181,97,134,111,89,210,111,168,145,137,172,94,123,4,16,Normal,Pull,Pull,1,1,1,7,1,1,1,7,1,1,1,7,16,-,-,-,-,-,-,-,-,-,-,-,1,GB,90-92,OTT,GB'er,1,19,-,-,-,56,52,70,39,63,92,98,-,-,75,47,51,-,85,57,87,105,-,75,47,51,-,85,57,87,69,48,109,117,146,142,627,574,168,99,32,3,34,105,92,40,1,8,0,5,0,122,14,104.8,3.82,102,27.2,3.8,3.82,14,3,1.6,3.7,0,0,0,0,0,0,0,0.0,0,0,0,0,0,0,0,0,0,0,0,0,0,0,0,0,0,0,0,0,0,0.00,0,0,0,0,0,0.0,0.0,0.0,0.00,151,142,281,7,268,6,1,0,1.95,-6.7,.952,0,0,1268.1,0,0,216,207,63,40,35,14,32,4,53,2,0.0,-0.2
RF,Cool Papa Bell,Cool Papa,Bell,Ware Wolves,5' 11',155 lbs,S,L,100,St. Louis Stars,SLS,1925,1921-1945,,85420,Perfect,SwitchKnucklers - Negro League Star  CF Cool Papa Bell  SLS  1925,0,N,0,131,140,83,87,122,135,138,89,90,124,130,140,81,86,121,101,105,Line Drive,Pull,Pull,54,52,111,69,53,61,110,71,54,49,112,69,72,74,77,-,-,-,-,-,-,-,-,-,3,NEU,87-89,3/4,Normal,94,82,1,1,1,68,72,68,70,111,92,85,124,-,76,-,-,-,134,122,129,124,-,76,-,-,-,134,122,129,119,103,117,126,38,30,127,113,25,20,5,0,0,6,18,13,0,1,0,0,0,23,1,10.4,-0.32,9,-5.7,-0.3,3.91,4,1,0.4,0.8,0,0,0,0,0,0,0,0.0,0,0,0,0,0,0,0,0,0,0,0,0,0,0,0,0,0,0,0,0,0,0.00,0,0,0,0,0,0.0,0.0,0.0,0.00,36,30,149,9,136,4,8,0,4.74,-1.1,.982,0,0,275.1,0,0,64,62,12,7,7,3,3,0,18,0,0.0,0.2
RF,Carlos Beltran,Carlos,Beltran,Alhambra Moors - HotL TTC,6' 1',215 lbs,S,R,101,New York Mets,NYM,2006,2005-2014,,86327,Perfect,HOF Week - All-Time Legend  CF Carlos Beltran  NYM  Peak,0,N,0,106,124,146,174,116,122,144,124,156,125,101,118,153,180,113,46,28,Normal,Ex. Pull,Pull,1,1,1,7,1,1,1,7,1,1,1,7,16,-,-,-,-,-,-,-,-,-,-,-,1,GB,91-93,OTT,GB'er,1,3,-,-,-,2,9,2,2,108,124,122,-,-,-,-,-,-,-,129,149,-,-,-,-,-,-,-,129,149,95,78,121,119,147,144,644,569,139,95,26,3,15,69,84,65,1,6,0,4,0,118,16,73.3,0.05,72,-4.8,2.4,4.00,21,3,3.3,4.9,0,0,0,0,0,0,0,0.0,0,0,0,0,0,0,0,0,0,0,0,0,0,0,0,0,0,0,0,0,0,0.00,0,0,0,0,0,0.0,0.0,0.0,0.00,145,144,286,8,274,4,1,0,1.99,4.3,1.024,0,0,1277.2,0,0,201,195,72,50,39,16,45,9,56,4,0.0,2.1
RF,Mookie Betts,Mookie,Betts,Real Intered Workers,5' 9',180 lbs,R,R,98,Boston Red Sox,BOS,2016,2015+,BBR,86468,Diamond,Baseball Reference 7  RF Mookie Betts  BOS  2016,0,N,0,100,140,92,71,136,51,138,122,60,145,120,140,85,75,133,64,57,Normal,Ex. Pull,Pull,1,1,1,1,1,1,1,1,1,1,1,1,16,-,-,-,-,-,-,-,-,-,-,-,1,NEU,91-93,3/4,Normal,1,15,-,-,-,84,43,92,69,117,117,113,-,-,-,81,-,-,-,139,151,122,-,-,81,-,-,-,139,151,86,78,112,116,59,45,168,160,40,31,7,2,0,7,20,7,0,1,0,0,0,37,3,15.0,-0.97,12,-7.4,-0.2,4.33,8,1,1.4,0.5,0,0,0,0,0,0,0,0.0,0,0,0,0,0,0,0,0,0,0,0,0,0,0,0,0,0,0,0,0,0,0.00,0,0,0,0,0,0.0,0.0,0.0,0.00,53,41,103,2,101,0,1,0,2.44,-0.5,1.002,0,0,380.2,0,0,80,77,27,17,12,6,9,0,13,1,0.0,-0.2
RF,Ty Cobb,Ty,Cobb,Milwaukee Braves,6' 1',175 lbs,L,R,100,Detroit Tigers,DET,1911,2026,,82763,Perfect,Icon Pre-Orders - Hardware Heroes  CF Ty Cobb  DET  1911,0,N,0,144,115,80,61,130,121,108,91,61,128,152,117,76,61,131,100,106,Line Drive,Normal,Normal,1,1,1,1,1,1,1,1,1,1,2,1,16,-,-,16,-,-,-,-,-,-,-,-,2,NEU,89-91,3/4,Normal,1,11,-,-,-,7,8,8,2,94,83,89,-,-,-,-,-,-,-,97,112,12,-,-,-,-,-,-,97,112,109,109,112,113,41,22,91,84,23,16,5,0,2,11,20,1,0,1,3,2,0,20,3,9.4,-0.58,8,-2.7,0.1,3.75,7,1,1.2,1.3,0,0,0,0,0,0,0,0.0,0,0,0,0,0,0,0,0,0,0,0,0,0,0,0,0,0,0,0,0,0,0.00,0,0,0,0,0,0.0,0.0,0.0,0.00,33,22,64,2,61,1,1,0,2.65,-0.7,.992,0,0,214.0,0,0,54,54,9,3,7,4,5,0,8,0,0.0,-0.4
RF,Ty Cobb,Ty,Cobb,Ware Wolves,6' 1',175 lbs,L,R,100,Detroit Tigers,DET,1911,2026,,82763,Perfect,Icon Pre-Orders - Hardware Heroes  CF Ty Cobb  DET  1911,0,N,0,144,115,80,61,130,121,108,91,61,128,152,117,76,61,131,100,106,Line Drive,Normal,Normal,1,1,1,1,1,1,1,1,1,1,2,1,16,-,-,16,-,-,-,-,-,-,-,-,2,NEU,89-91,3/4,Normal,1,11,-,-,-,7,8,8,2,94,83,89,-,-,-,-,-,-,-,97,112,12,-,-,-,-,-,-,97,112,109,109,112,113,35,14,56,53,12,8,1,1,2,7,13,2,0,0,0,1,0,7,0,6.0,0.20,4,-2.2,-0.1,3.84,4,0,1.0,-0.0,0,0,0,0,0,0,0,0.0,0,0,0,0,0,0,0,0,0,0,0,0,0,0,0,0,0,0,0,0,0,0.00,0,0,0,0,0,0.0,0.0,0.0,0.00,25,14,29,1,28,0,0,0,1.98,-1.4,.993,0,0,132.0,0,0,26,26,6,2,5,0,1,0,7,0,0.0,0.2
RF,Tony Gwynn,Tony,Gwynn,Littleton CO Mountaineers,5' 11',200 lbs,L,L,100,San Diego Padres,SDP,1986,1980-1992,HOF,85782,Perfect,Family Connections - Hall of Fame  RF Tony Gwynn  SD  1986,0,N,0,139,97,81,70,168,131,107,91,76,175,142,95,77,69,166,37,66,Groundball,Spray,Spray,1,1,1,5,1,1,1,5,1,1,1,5,16,-,-,-,-,-,-,-,-,-,-,-,1,NEU,89-91,3/4,Normal,1,6,-,-,-,9,10,7,2,110,122,119,-,-,-,-,-,-,-,131,149,16,-,-,-,-,-,-,131,149,93,97,106,97,114,109,445,415,134,84,42,3,5,52,62,23,0,4,0,3,0,47,7,72.4,1.73,68,14.9,2.7,3.78,15,3,1.9,2.7,0,0,0,0,0,0,0,0.0,0,0,0,0,0,0,0,0,0,0,0,0,0,0,0,0,0,0,0,0,0,0.00,0,0,0,0,0,0.0,0.0,0.0,0.00,112,109,235,6,227,2,0,0,2.20,1.0,1.015,0,0,953.2,0,0,179,174,54,38,29,7,26,6,45,2,0.0,0.8
RF,Tony Gwynn,Tony,Gwynn,El Vampiro Ankle Biters,5' 11',200 lbs,L,L,100,San Diego Padres,SDP,1986,1980-1992,HOF,85782,Perfect,Family Connections - Hall of Fame  RF Tony Gwynn  SD  1986,0,N,0,139,97,81,70,168,131,107,91,76,175,142,95,77,69,166,37,66,Groundball,Spray,Spray,1,1,1,5,1,1,1,5,1,1,1,5,16,-,-,-,-,-,-,-,-,-,-,-,1,NEU,89-91,3/4,Normal,1,6,-,-,-,9,10,7,2,110,122,119,-,-,-,-,-,-,-,131,149,16,-,-,-,-,-,-,131,149,93,97,106,97,145,144,604,570,154,109,29,4,12,67,66,25,0,3,0,6,0,92,11,67.6,-0.23,63,-8.9,1.6,3.75,8,2,0.7,3.0,0,0,0,0,0,0,0,0.0,0,0,0,0,0,0,0,0,0,0,0,0,0,0,0,0,0,0,0,0,0,0.00,0,0,0,0,0,0.0,0.0,0.0,0.00,145,144,301,13,286,2,2,0,2.11,0.8,1.007,0,0,1272.2,0,0,226,222,61,40,44,16,42,6,40,2,0.0,5.5
RF,Tony Gwynn,Tony,Gwynn,Memphis Redbirds,5' 11',200 lbs,L,L,100,San Diego Padres,SDP,1986,1980-1992,HOF,85782,Perfect,Family Connections - Hall of Fame  RF Tony Gwynn  SD  1986,0,N,0,139,97,81,70,168,131,107,91,76,175,142,95,77,69,166,37,66,Groundball,Spray,Spray,1,1,1,5,1,1,1,5,1,1,1,5,16,-,-,-,-,-,-,-,-,-,-,-,1,NEU,89-91,3/4,Normal,1,6,-,-,-,9,10,7,2,110,122,119,-,-,-,-,-,-,-,131,149,16,-,-,-,-,-,-,131,149,93,97,106,97,80,75,357,334,106,76,18,1,11,51,48,18,0,3,0,2,0,51,5,56.6,0.98,54,11.5,2.2,3.65,8,3,0.3,1.0,0,0,0,0,0,0,0,0.0,0,0,0,0,0,0,0,0,0,0,0,0,0,0,0,0,0,0,0,0,0,0.00,0,0,0,0,0,0.0,0.0,0.0,0.00,79,75,175,6,168,1,0,0,2.36,-3.0,.980,0,0,662.2,0,0,130,124,41,28,34,14,37,2,24,0,0.0,0.1
RF,Jason Heyward,Jason,Heyward,Chicago Dogs,6' 5',240 lbs,L,L,100,Atlanta Braves,ATL,2012,2005-2014,PTCS,84783,Perfect,PTCS 1 - All-Time Legend  RF Jason Heyward  ATL  Peak,0,N,0,92,105,109,126,124,91,99,94,121,111,93,108,115,128,128,31,42,Normal,Ex. Pull,Pull,1,1,1,3,1,1,1,3,1,1,1,3,16,-,-,-,-,-,-,-,-,-,-,-,1,NEU,91-93,3/4,Normal,1,25,-,-,-,4,6,3,5,110,106,120,-,-,-,-,-,-,-,129,147,-,-,-,-,-,-,-,129,147,89,72,85,101,97,58,233,203,49,36,10,1,2,22,27,27,0,1,0,2,0,32,4,22.1,-1.05,23,-4.2,0.3,3.91,1,5,-2.4,0.7,0,0,0,0,0,0,0,0.0,0,0,0,0,0,0,0,0,0,0,0,0,0,0,0,0,0,0,0,0,0,0.00,0,0,0,0,0,0.0,0.0,0.0,0.00,88,58,139,3,134,2,0,0,2.29,-0.3,1.007,0,0,537.1,0,0,108,102,25,18,26,10,20,3,26,1,0.0,0.4
RF,Andruw Jones,Andruw,Jones,Alhambra Moors - HotL TTC,6' 1',200 lbs,R,R,99,Atlanta Braves,ATL,2000,1993-2004,,86326,Diamond,HOF Week - Hardware Heroes  CF Andruw Jones  ATL  2000,0,N,0,107,92,128,76,100,131,61,95,129,94,100,102,141,58,103,4,2,Normal,Spray,Spray,1,1,1,1,1,1,1,1,1,1,1,1,16,-,-,-,-,-,-,-,-,-,-,-,1,NEU,89-91,3/4,Normal,1,5,-,-,-,8,8,1,8,125,124,121,-,-,-,-,-,-,-,152,158,12,-,-,-,-,-,-,152,158,94,62,95,112,77,37,167,148,36,23,6,0,7,20,21,16,0,0,0,3,0,37,1,21.1,-0.78,19,-0.3,0.7,3.97,1,0,0.2,1.3,0,0,0,0,0,0,0,0.0,0,0,0,0,0,0,0,0,0,0,0,0,0,0,0,0,0,0,0,0,0,0.00,0,0,0,0,0,0.0,0.0,0.0,0.00,71,37,74,2,71,1,0,0,1.79,-0.2,.992,0,0,368.0,0,0,59,57,11,5,11,5,12,4,11,0,0.0,1.0
RF,J.D. Martinez,J.D.,Martinez,Salt Lake Bees,6' 3',230 lbs,R,R,100,Arizona Diamondbacks,ARI,2017,2015+,CS,86378,Perfect,Clubhouse - Baseball Reference 6  RF J.D. Martinez  ARI  2017,0,N,0,111,112,181,140,81,165,156,200,172,121,96,99,175,129,69,9,4,Normal,Spray,Normal,1,1,1,7,1,1,1,7,1,1,1,7,16,-,-,-,-,-,-,-,-,-,-,-,1,GB,92-94,3/4,GB'er,1,16,-,-,-,4,4,10,7,46,102,34,-,-,-,-,-,-,-,-,41,-,-,-,-,-,-,-,-,41,57,44,110,31,119,110,449,401,96,52,18,1,25,70,58,37,2,5,0,5,1,110,8,59.5,1.19,57,3.8,0.4,3.86,11,3,1.0,-4.3,0,0,0,0,0,0,0,0.0,0,0,0,0,0,0,0,0,0,0,0,0,0,0,0,0,0,0,0,0,0,0.00,0,0,0,0,0,0.0,0.0,0.0,0.00,10,6,11,0,11,0,0,0,1.71,0.1,.993,0,0,58.0,0,0,9,9,2,0,1,1,1,1,2,0,0.0,-0.1
RF,J.D. Martinez,J.D.,Martinez,The Black Freighter TBD,6' 3',230 lbs,R,R,100,Arizona Diamondbacks,ARI,2017,2015+,CS,86378,Perfect,Clubhouse - Baseball Reference 6  RF J.D. Martinez  ARI  2017,0,N,0,111,112,181,140,81,165,156,200,172,121,96,99,175,129,69,9,4,Normal,Spray,Normal,1,1,1,7,1,1,1,7,1,1,1,7,16,-,-,-,-,-,-,-,-,-,-,-,1,GB,92-94,3/4,GB'er,1,16,-,-,-,4,4,10,7,46,102,34,-,-,-,-,-,-,-,-,41,-,-,-,-,-,-,-,-,41,57,44,110,31,109,72,317,278,93,50,23,2,18,55,38,34,1,3,0,2,0,49,5,72.8,2.08,68,29.9,2.9,3.89,9,3,0.5,-2.2,0,0,0,0,0,0,0,0.0,0,0,0,0,0,0,0,0,0,0,0,0,0,0,0,0,0,0,0,0,0,0.00,0,0,0,0,0,0.0,0.0,0.0,0.00,1,0,0,0,0,0,0,0,0.00,0.0,.000,0,0,1.0,0,0,0,0,0,0,0,0,0,0,0,0,0.0,-0.1
RF,Mel Ott,Mel,Ott,Fortuna Lifters,5' 9',170 lbs,L,R,101,New York Giants,SFG,1934,1921-1945,ME,86272,Perfect,All-Star Week Mission Reward  RF Mel Ott  NY1  1934,0,N,0,133,90,164,138,126,148,81,172,140,102,128,94,161,137,135,6,1,Normal,Normal,Normal,1,1,1,1,1,1,1,1,1,1,1,1,16,-,-,-,-,-,-,-,-,-,-,-,1,NEU,90-92,3/4,Normal,1,6,-,-,-,5,2,7,6,76,74,84,-,-,-,-,-,-,-,70,91,1,-,-,-,-,-,-,70,91,38,11,6,31,113,110,492,441,123,79,28,2,14,69,44,37,2,6,0,8,0,97,11,66.7,0.82,65,6.1,1.6,3.89,0,0,0.0,1.8,0,0,0,0,0,0,0,0.0,0,0,0,0,0,0,0,0,0,0,0,0,0,0,0,0,0,0,0,0,0,0.00,0,0,0,0,0,0.0,0.0,0.0,0.00,112,110,220,1,215,4,0,0,1.99,-1.1,.997,0,0,976.0,0,0,170,166,53,36,28,8,27,4,37,1,0.0,-1.8
RF,Mel Ott,Mel,Ott,Joe Buck Yourself,5' 9',170 lbs,L,R,101,New York Giants,SFG,1934,1921-1945,ME,86272,Perfect,All-Star Week Mission Reward  RF Mel Ott  NY1  1934,0,N,0,133,90,164,138,126,148,81,172,140,102,128,94,161,137,135,6,1,Normal,Normal,Normal,1,1,1,1,1,1,1,1,1,1,1,1,16,-,-,-,-,-,-,-,-,-,-,-,1,NEU,90-92,3/4,Normal,1,6,-,-,-,5,2,7,6,76,74,84,-,-,-,-,-,-,-,70,91,1,-,-,-,-,-,-,70,91,38,11,6,31,155,149,633,563,126,87,20,5,14,61,69,62,0,3,0,5,0,128,10,62.2,-0.44,60,-16.0,-1.1,3.92,0,0,0.0,-3.0,0,0,0,0,0,0,0,0.0,0,0,0,0,0,0,0,0,0,0,0,0,0,0,0,0,0,0,0,0,0,0.00,0,0,0,0,0,0.0,0.0,0.0,0.00,65,65,136,5,129,2,0,0,2.08,-3.0,1.008,0,0,581.0,0,0,114,112,27,13,18,3,10,0,25,1,0.0,1.5
RF,Mel Ott,Mel,Ott,Meaty Oakers,5' 9',170 lbs,L,R,101,New York Giants,SFG,1934,1921-1945,ME,86272,Perfect,All-Star Week Mission Reward  RF Mel Ott  NY1  1934,0,N,0,133,90,164,138,126,148,81,172,140,102,128,94,161,137,135,6,1,Normal,Normal,Normal,1,1,1,1,1,1,1,1,1,1,1,1,16,-,-,-,-,-,-,-,-,-,-,-,1,NEU,90-92,3/4,Normal,1,6,-,-,-,5,2,7,6,76,74,84,-,-,-,-,-,-,-,70,91,1,-,-,-,-,-,-,70,91,38,11,6,31,153,150,666,596,157,98,32,2,25,99,67,52,0,10,0,7,1,139,22,84.8,0.83,88,8.6,1.4,4.06,0,1,-0.8,-3.5,0,0,0,0,0,0,0,0.0,0,0,0,0,0,0,0,0,0,0,0,0,0,0,0,0,0,0,0,0,0,0.00,0,0,0,0,0,0.0,0.0,0.0,0.00,83,82,152,2,148,2,0,0,1.90,-0.4,.979,0,0,709.1,0,0,116,113,30,21,17,7,28,6,32,0,0.0,-1.5
RF,Mel Ott,Mel,Ott,Washington Bishops,5' 9',170 lbs,L,R,101,New York Giants,SFG,1934,1921-1945,ME,86272,Perfect,All-Star Week Mission Reward  RF Mel Ott  NY1  1934,0,N,0,133,90,164,138,126,148,81,172,140,102,128,94,161,137,135,6,1,Normal,Normal,Normal,1,1,1,1,1,1,1,1,1,1,1,1,16,-,-,-,-,-,-,-,-,-,-,-,1,NEU,90-92,3/4,Normal,1,6,-,-,-,5,2,7,6,76,74,84,-,-,-,-,-,-,-,70,91,1,-,-,-,-,-,-,70,91,38,11,6,31,151,151,683,609,169,116,15,2,36,91,86,61,0,11,0,2,0,107,16,104.0,0.51,106,23.9,3.0,3.89,0,0,0.0,-2.3,0,0,0,0,0,0,0,0.0,0,0,0,0,0,0,0,0,0,0,0,0,0,0,0,0,0,0,0,0,0,0.00,0,0,0,0,0,0.0,0.0,0.0,0.00,42,42,92,0,90,2,0,0,2.20,0.2,1.004,0,0,368.0,0,0,70,67,22,17,12,4,9,2,21,0,0.0,-0.8
RF,Mel Ott,Mel,Ott,Great Lakes Man-of-War-HOTL,5' 9',170 lbs,L,R,101,New York Giants,SFG,1934,1921-1945,ME,86272,Perfect,All-Star Week Mission Reward  RF Mel Ott  NY1  1934,0,N,0,133,90,164,138,126,148,81,172,140,102,128,94,161,137,135,6,1,Normal,Normal,Normal,1,1,1,1,1,1,1,1,1,1,1,1,16,-,-,-,-,-,-,-,-,-,-,-,1,NEU,90-92,3/4,Normal,1,6,-,-,-,5,2,7,6,76,74,84,-,-,-,-,-,-,-,70,91,1,-,-,-,-,-,-,70,91,38,11,6,31,147,143,637,574,160,108,22,5,25,82,77,57,0,4,0,2,0,127,8,94.9,3.28,93,16.5,2.7,4.09,0,0,0.0,-1.0,0,0,0,0,0,0,0,0.0,0,0,0,0,0,0,0,0,0,0,0,0,0,0,0,0,0,0,0,0,0,0.00,0,0,0,0,0,0.0,0.0,0.0,0.00,146,143,291,8,282,1,0,0,2.09,-1.6,.985,0,0,1251.0,0,0,232,229,51,36,42,14,26,1,58,2,0.0,-1.5
RF,Mel Ott,Mel,Ott,Salt Lake Bees,5' 9',170 lbs,L,R,101,New York Giants,SFG,1934,1921-1945,ME,86272,Perfect,All-Star Week Mission Reward  RF Mel Ott  NY1  1934,0,N,0,133,90,164,138,126,148,81,172,140,102,128,94,161,137,135,6,1,Normal,Normal,Normal,1,1,1,1,1,1,1,1,1,1,1,1,16,-,-,-,-,-,-,-,-,-,-,-,1,NEU,90-92,3/4,Normal,1,6,-,-,-,5,2,7,6,76,74,84,-,-,-,-,-,-,-,70,91,1,-,-,-,-,-,-,70,91,38,11,6,31,142,119,534,486,141,98,21,2,20,86,62,43,0,1,0,4,0,123,15,76.3,2.59,77,13.3,2.1,4.09,0,0,0.0,-0.4,0,0,0,0,0,0,0,0.0,0,0,0,0,0,0,0,0,0,0,0,0,0,0,0,0,0,0,0,0,0,0.00,0,0,0,0,0,0.0,0.0,0.0,0.00,65,63,141,4,133,4,0,1,2.18,0.5,.977,0,0,564.2,0,0,104,103,24,16,21,10,14,3,26,1,0.0,-1.7
RF,Mel Ott,Mel,Ott,St. Louis Honkers,5' 9',170 lbs,L,R,101,New York Giants,SFG,1934,1921-1945,ME,86272,Perfect,All-Star Week Mission Reward  RF Mel Ott  NY1  1934,0,N,0,133,90,164,138,126,148,81,172,140,102,128,94,161,137,135,6,1,Normal,Normal,Normal,1,1,1,1,1,1,1,1,1,1,1,1,16,-,-,-,-,-,-,-,-,-,-,-,1,NEU,90-92,3/4,Normal,1,6,-,-,-,5,2,7,6,76,74,84,-,-,-,-,-,-,-,70,91,1,-,-,-,-,-,-,70,91,38,11,6,31,149,139,615,547,147,95,23,7,22,73,77,60,1,4,0,4,0,134,14,85.6,1.44,86,12.6,1.6,4.05,0,1,-0.8,-1.7,0,0,0,0,0,0,0,0.0,0,0,0,0,0,0,0,0,0,0,0,0,0,0,0,0,0,0,0,0,0,0.00,0,0,0,0,0,0.0,0.0,0.0,0.00,11,10,19,0,19,0,0,0,1.94,-0.5,.942,0,0,88.0,0,0,13,12,7,5,3,0,4,1,7,1,0.0,-0.5
RF,Mel Ott,Mel,Ott,Milwaukee Braves,5' 9',170 lbs,L,R,101,New York Giants,SFG,1934,1921-1945,ME,86272,Perfect,All-Star Week Mission Reward  RF Mel Ott  NY1  1934,0,N,0,133,90,164,138,126,148,81,172,140,102,128,94,161,137,135,6,1,Normal,Normal,Normal,1,1,1,1,1,1,1,1,1,1,1,1,16,-,-,-,-,-,-,-,-,-,-,-,1,NEU,90-92,3/4,Normal,1,6,-,-,-,5,2,7,6,76,74,84,-,-,-,-,-,-,-,70,91,1,-,-,-,-,-,-,70,91,38,11,6,31,149,145,651,582,174,118,20,3,33,89,75,61,0,2,0,5,1,122,16,107.6,2.05,108,29.9,3.5,3.95,0,1,-0.8,-1.7,0,0,0,0,0,0,0,0.0,0,0,0,0,0,0,0,0,0,0,0,0,0,0,0,0,0,0,0,0,0,0.00,0,0,0,0,0,0.0,0.0,0.0,0.00,47,47,89,1,87,1,0,0,1.93,-0.7,.981,0,0,410.2,0,0,66,65,24,18,10,1,14,2,26,1,0.0,-0.5
RF,Mel Ott,Mel,Ott,Kansas City Torrent,5' 9',170 lbs,L,R,101,New York Giants,SFG,1934,1921-1945,ME,86272,Perfect,All-Star Week Mission Reward  RF Mel Ott  NY1  1934,153 332,N,0,133,90,164,138,126,148,81,172,140,102,128,94,161,137,135,6,1,Normal,Normal,Normal,1,1,1,1,1,1,1,1,1,1,1,1,16,-,-,-,-,-,-,-,-,-,-,-,1,NEU,90-92,3/4,Normal,1,6,-,-,-,5,2,7,6,76,74,84,-,-,-,-,-,-,-,70,91,1,-,-,-,-,-,-,70,91,38,11,6,31,144,133,569,503,141,94,26,4,17,75,66,53,0,6,0,7,0,111,7,83.1,1.70,81,12.7,2.3,3.87,0,0,0.0,-1.5,0,0,0,0,0,0,0,0.0,0,0,0,0,0,0,0,0,0,0,0,0,0,0,0,0,0,0,0,0,0,0.00,0,0,0,0,0,0.0,0.0,0.0,0.00,135,132,264,7,255,2,0,0,2.10,-3.3,.981,0,0,1124.2,0,0,203,200,59,36,34,10,48,5,50,4,0.0,0.7
RF,Mel Ott,Mel,Ott,Chicago Dogs,5' 9',170 lbs,L,R,101,New York Giants,SFG,1934,1921-1945,ME,86272,Perfect,All-Star Week Mission Reward  RF Mel Ott  NY1  1934,0,N,0,133,90,164,138,126,148,81,172,140,102,128,94,161,137,135,6,1,Normal,Normal,Normal,1,1,1,1,1,1,1,1,1,1,1,1,16,-,-,-,-,-,-,-,-,-,-,-,1,NEU,90-92,3/4,Normal,1,6,-,-,-,5,2,7,6,76,74,84,-,-,-,-,-,-,-,70,91,1,-,-,-,-,-,-,70,91,38,11,6,31,140,123,531,471,121,74,23,2,22,78,58,48,0,8,0,4,0,116,10,72.5,0.80,72,9.0,2.0,3.97,0,0,0.0,-2.2,0,0,0,0,0,0,0,0.0,0,0,0,0,0,0,0,0,0,0,0,0,0,0,0,0,0,0,0,0,0,0.00,0,0,0,0,0,0.0,0.0,0.0,0.00,96,88,178,10,164,4,0,0,2.03,-3.1,.986,0,0,771.1,0,0,134,131,38,23,27,6,18,2,40,2,0.0,2.0
RF,Mel Ott,Mel,Ott,The Black Freighter TBD,5' 9',170 lbs,L,R,101,New York Giants,SFG,1934,1921-1945,ME,86272,Perfect,All-Star Week Mission Reward  RF Mel Ott  NY1  1934,0,N,0,133,90,164,138,126,148,81,172,140,102,128,94,161,137,135,6,1,Normal,Normal,Normal,1,1,1,1,1,1,1,1,1,1,1,1,16,-,-,-,-,-,-,-,-,-,-,-,1,NEU,90-92,3/4,Normal,1,6,-,-,-,5,2,7,6,76,74,84,-,-,-,-,-,-,-,70,91,1,-,-,-,-,-,-,70,91,38,11,6,31,139,139,629,573,146,91,22,4,29,96,78,48,2,4,0,4,0,109,16,80.5,0.53,80,5.1,0.9,3.97,0,0,0.0,-4.3,0,0,0,0,0,0,0,0.0,0,0,0,0,0,0,0,0,0,0,0,0,0,0,0,0,0,0,0,0,0,0.00,0,0,0,0,0,0.0,0.0,0.0,0.00,141,139,280,5,270,5,0,0,1.95,-0.4,.989,0,0,1268.0,0,0,221,214,49,33,31,13,39,7,55,3,0.0,-1.2
RF,Mel Ott,Mel,Ott,Svendborg Sailors,5' 9',170 lbs,L,R,101,New York Giants,SFG,1934,1921-1945,ME,86272,Perfect,All-Star Week Mission Reward  RF Mel Ott  NY1  1934,0,N,0,133,90,164,138,126,148,81,172,140,102,128,94,161,137,135,6,1,Normal,Normal,Normal,1,1,1,1,1,1,1,1,1,1,1,1,16,-,-,-,-,-,-,-,-,-,-,-,1,NEU,90-92,3/4,Normal,1,6,-,-,-,5,2,7,6,76,74,84,-,-,-,-,-,-,-,70,91,1,-,-,-,-,-,-,70,91,38,11,6,31,143,134,617,552,158,111,19,6,22,72,84,55,0,9,0,1,0,109,9,94.0,3.64,93,19.1,2.7,3.93,0,0,0.0,-4.7,0,0,0,0,0,0,0,0.0,0,0,0,0,0,0,0,0,0,0,0,0,0,0,0,0,0,0,0,0,0,0.00,0,0,0,0,0,0.0,0.0,0.0,0.00,141,134,286,9,274,3,3,0,2.12,-1.5,.989,0,0,1200.2,0,0,221,220,57,33,38,15,36,3,46,3,0.0,0.1
RF,Mel Ott,Mel,Ott,Buffalo Bisons,5' 9',170 lbs,L,R,101,New York Giants,SFG,1934,1921-1945,ME,86272,Perfect,All-Star Week Mission Reward  RF Mel Ott  NY1  1934,0,N,0,133,90,164,138,126,148,81,172,140,102,128,94,161,137,135,6,1,Normal,Normal,Normal,1,1,1,1,1,1,1,1,1,1,1,1,16,-,-,-,-,-,-,-,-,-,-,-,1,NEU,90-92,3/4,Normal,1,6,-,-,-,5,2,7,6,76,74,84,-,-,-,-,-,-,-,70,91,1,-,-,-,-,-,-,70,91,38,11,6,31,159,159,699,625,154,108,25,2,19,83,70,68,1,2,0,4,0,134,20,75.1,0.94,77,-6.2,-0.9,3.91,0,2,-1.3,-4.2,0,0,0,0,0,0,0,0.0,0,0,0,0,0,0,0,0,0,0,0,0,0,0,0,0,0,0,0,0,0,0.00,0,0,0,0,0,0.0,0.0,0.0,0.00,0,0,0,0,0,0,0,0,0.00,0.0,.000,0,0,0.0,0,0,0,0,0,0,0,0,0,0,0,0,0.0,0.0
RF,Mel Ott,Mel,Ott,Orange Jackrabbits,5' 9',170 lbs,L,R,101,New York Giants,SFG,1934,1921-1945,ME,86272,Perfect,All-Star Week Mission Reward  RF Mel Ott  NY1  1934,0,N,0,133,90,164,138,126,148,81,172,140,102,128,94,161,137,135,6,1,Normal,Normal,Normal,1,1,1,1,1,1,1,1,1,1,1,1,16,-,-,-,-,-,-,-,-,-,-,-,1,NEU,90-92,3/4,Normal,1,6,-,-,-,5,2,7,6,76,74,84,-,-,-,-,-,-,-,70,91,1,-,-,-,-,-,-,70,91,38,11,6,31,144,144,643,574,161,109,30,0,22,99,71,62,1,2,0,5,0,130,8,93.1,1.97,90,13.5,2.4,3.91,0,0,0.0,-2.9,0,0,0,0,0,0,0,0.0,0,0,0,0,0,0,0,0,0,0,0,0,0,0,0,0,0,0,0,0,0,0.00,0,0,0,0,0,0.0,0.0,0.0,0.00,144,144,313,3,304,6,0,0,2.18,1.1,.996,0,0,1267.1,0,0,250,246,46,30,46,17,37,9,52,2,0.0,-3.1
RF,Mel Ott,Mel,Ott,Tavistock Baseballersons,5' 9',170 lbs,L,R,101,New York Giants,SFG,1934,1921-1945,ME,86272,Perfect,All-Star Week Mission Reward  RF Mel Ott  NY1  1934,0,N,0,133,90,164,138,126,148,81,172,140,102,128,94,161,137,135,6,1,Normal,Normal,Normal,1,1,1,1,1,1,1,1,1,1,1,1,16,-,-,-,-,-,-,-,-,-,-,-,1,NEU,90-92,3/4,Normal,1,6,-,-,-,5,2,7,6,76,74,84,-,-,-,-,-,-,-,70,91,1,-,-,-,-,-,-,70,91,38,11,6,31,121,103,496,449,116,75,24,8,9,56,52,46,0,0,0,1,0,114,24,54.4,-0.12,59,0.2,0.5,4.02,0,0,0.0,-0.3,0,0,0,0,0,0,0,0.0,0,0,0,0,0,0,0,0,0,0,0,0,0,0,0,0,0,0,0,0,0,0.00,0,0,0,0,0,0.0,0.0,0.0,0.00,10,0,9,0,9,0,0,0,4.50,0.0,.993,0,0,18.0,0,0,9,9,0,0,0,0,0,0,1,0,0.0,0.0
RF,Mel Ott,Mel,Ott,Memphis Redbirds,5' 9',170 lbs,L,R,101,New York Giants,SFG,1934,1921-1945,ME,86272,Perfect,All-Star Week Mission Reward  RF Mel Ott  NY1  1934,0,N,0,133,90,164,138,126,148,81,172,140,102,128,94,161,137,135,6,1,Normal,Normal,Normal,1,1,1,1,1,1,1,1,1,1,1,1,16,-,-,-,-,-,-,-,-,-,-,-,1,NEU,90-92,3/4,Normal,1,6,-,-,-,5,2,7,6,76,74,84,-,-,-,-,-,-,-,70,91,1,-,-,-,-,-,-,70,91,38,11,6,31,156,141,641,580,140,96,29,4,11,74,69,49,1,4,0,8,0,133,12,63.9,0.26,61,-16.0,-0.3,3.92,0,1,-0.7,0.7,0,0,0,0,0,0,0,0.0,0,0,0,0,0,0,0,0,0,0,0,0,0,0,0,0,0,0,0,0,0,0.00,0,0,0,0,0,0.0,0.0,0.0,0.00,142,140,310,7,299,4,0,0,2.18,0.9,.999,0,0,1261.1,0,0,242,239,56,40,37,11,45,8,45,1,0.0,-2.8
RF,Mel Ott,Mel,Ott,Marshall M.I.C.E.,5' 9',170 lbs,L,R,101,New York Giants,SFG,1934,1921-1945,ME,86272,Perfect,All-Star Week Mission Reward  RF Mel Ott  NY1  1934,0,N,0,133,90,164,138,126,148,81,172,140,102,128,94,161,137,135,6,1,Normal,Normal,Normal,1,1,1,1,1,1,1,1,1,1,1,1,16,-,-,-,-,-,-,-,-,-,-,-,1,NEU,90-92,3/4,Normal,1,6,-,-,-,5,2,7,6,76,74,84,-,-,-,-,-,-,-,70,91,1,-,-,-,-,-,-,70,91,38,11,6,31,152,152,642,554,143,88,32,3,20,81,83,75,0,7,0,6,0,127,13,87.7,1.98,89,12.1,0.8,4.03,0,0,0.0,-7.8,0,0,0,0,0,0,0,0.0,0,0,0,0,0,0,0,0,0,0,0,0,0,0,0,0,0,0,0,0,0,0.00,0,0,0,0,0,0.0,0.0,0.0,0.00,65,65,124,3,121,0,1,0,2.20,-1.6,.993,0,0,508.1,0,0,100,97,26,17,18,6,14,1,18,0,0.0,-1.4
RF,Mel Ott,Mel,Ott,Paramus Fisher Cats,5' 9',170 lbs,L,R,101,New York Giants,SFG,1934,1921-1945,ME,86272,Perfect,All-Star Week Mission Reward  RF Mel Ott  NY1  1934,0,N,0,133,90,164,138,126,148,81,172,140,102,128,94,161,137,135,6,1,Normal,Normal,Normal,1,1,1,1,1,1,1,1,1,1,1,1,16,-,-,-,-,-,-,-,-,-,-,-,1,NEU,90-92,3/4,Normal,1,6,-,-,-,5,2,7,6,76,74,84,-,-,-,-,-,-,-,70,91,1,-,-,-,-,-,-,70,91,38,11,6,31,106,75,360,324,99,70,13,2,14,56,42,30,1,3,0,3,0,65,4,59.7,2.24,57,13.8,2.0,3.98,0,0,0.0,-0.8,0,0,0,0,0,0,0,0.0,0,0,0,0,0,0,0,0,0,0,0,0,0,0,0,0,0,0,0,0,0,0.00,0,0,0,0,0,0.0,0.0,0.0,0.00,66,56,112,1,109,2,0,0,2.00,0.0,.983,0,0,495.2,0,0,83,82,23,18,20,6,16,3,23,0,0.0,-0.1
RF,Mel Ott,Mel,Ott,Kumamoto Ozeki TBD,5' 9',170 lbs,L,R,101,New York Giants,SFG,1934,1921-1945,ME,86272,Perfect,All-Star Week Mission Reward  RF Mel Ott  NY1  1934,0,N,0,133,90,164,138,126,148,81,172,140,102,128,94,161,137,135,6,1,Normal,Normal,Normal,1,1,1,1,1,1,1,1,1,1,1,1,16,-,-,-,-,-,-,-,-,-,-,-,1,NEU,90-92,3/4,Normal,1,6,-,-,-,5,2,7,6,76,74,84,-,-,-,-,-,-,-,70,91,1,-,-,-,-,-,-,70,91,38,11,6,31,143,143,619,552,140,101,24,2,13,67,69,53,1,7,0,7,0,104,21,65.3,0.24,67,-6.8,-0.3,3.95,0,0,0.0,-5.7,0,0,0,0,0,0,0,0.0,0,0,0,0,0,0,0,0,0,0,0,0,0,0,0,0,0,0,0,0,0,0.00,0,0,0,0,0,0.0,0.0,0.0,0.00,127,127,247,6,236,5,1,0,1.93,-4.9,.971,0,0,1127.0,0,0,198,188,53,34,23,9,27,3,42,2,0.0,1.8
RF,Mel Ott,Mel,Ott,Dungeon Meshi Marcille,5' 9',170 lbs,L,R,101,New York Giants,SFG,1934,1921-1945,ME,86272,Perfect,All-Star Week Mission Reward  RF Mel Ott  NY1  1934,0,N,0,133,90,164,138,126,148,81,172,140,102,128,94,161,137,135,6,1,Normal,Normal,Normal,1,1,1,1,1,1,1,1,1,1,1,1,16,-,-,-,-,-,-,-,-,-,-,-,1,NEU,90-92,3/4,Normal,1,6,-,-,-,5,2,7,6,76,74,84,-,-,-,-,-,-,-,70,91,1,-,-,-,-,-,-,70,91,38,11,6,31,157,157,730,656,177,126,23,3,25,77,85,65,2,7,0,2,0,144,14,96.7,0.64,96,8.7,1.1,4.01,0,0,0.0,-3.0,0,0,0,0,0,0,0,0.0,0,0,0,0,0,0,0,0,0,0,0,0,0,0,0,0,0,0,0,0,0,0.00,0,0,0,0,0,0.0,0.0,0.0,0.00,0,0,0,0,0,0,0,0,0.00,0.0,.000,0,0,0.0,0,0,0,0,0,0,0,0,0,0,0,0,0.0,0.0
RF,Mel Ott,Mel,Ott,Atlantic City Surf - GH,5' 9',170 lbs,L,R,101,New York Giants,SFG,1934,1921-1945,ME,86272,Perfect,All-Star Week Mission Reward  RF Mel Ott  NY1  1934,0,N,0,133,90,164,138,126,148,81,172,140,102,128,94,161,137,135,6,1,Normal,Normal,Normal,1,1,1,1,1,1,1,1,1,1,1,1,16,-,-,-,-,-,-,-,-,-,-,-,1,NEU,90-92,3/4,Normal,1,6,-,-,-,5,2,7,6,76,74,84,-,-,-,-,-,-,-,70,91,1,-,-,-,-,-,-,70,91,38,11,6,31,157,150,664,584,175,120,24,5,26,112,73,69,1,5,0,6,0,121,7,112.2,4.11,108,28.9,4.3,3.98,0,1,-0.8,-0.4,0,0,0,0,0,0,0,0.0,0,0,0,0,0,0,0,0,0,0,0,0,0,0,0,0,0,0,0,0,0,0.00,0,0,0,0,0,0.0,0.0,0.0,0.00,66,65,153,4,148,1,0,0,2.37,1.4,.979,0,0,578.0,0,0,114,114,31,21,14,8,17,5,25,0,0.0,-0.1
RF,Frank Robinson,Frank,Robinson,Joe Buck Yourself,6' 1',185 lbs,R,R,100,Cincinnati Reds,CIN,1961,1961-1979,ME,85521,Perfect,60s Theme Week - Hardware Heroes  RF Frank Robinson  CIN  1961,0,N,0,116,114,126,103,115,121,118,99,136,130,115,113,136,95,111,4,5,Normal,Normal,Normal,1,1,1,1,1,1,1,1,1,1,1,1,16,-,-,-,-,-,-,-,-,-,-,-,1,NEU,90-92,3/4,Normal,1,22,-,-,-,60,45,78,54,107,113,96,-,-,-,-,57,-,136,121,134,106,-,-,-,57,-,136,121,134,71,83,102,85,141,133,545,496,125,75,34,2,14,60,55,38,0,4,0,7,0,103,12,62.1,-0.73,61,-4.2,1.1,3.96,12,5,0.2,-1.5,0,0,0,0,0,0,0,0.0,0,0,0,0,0,0,0,0,0,0,0,0,0,0,0,0,0,0,0,0,0,0.00,0,0,0,0,0,0.0,0.0,0.0,0.00,147,133,289,8,278,3,0,0,2.16,4.9,1.026,0,0,1191.2,0,0,211,204,70,50,36,14,36,7,49,3,0.0,-1.6
RF,Frank Robinson,Frank,Robinson,Washington Bishops,6' 1',185 lbs,R,R,100,Cincinnati Reds,CIN,1961,1961-1979,ME,85521,Perfect,60s Theme Week - Hardware Heroes  RF Frank Robinson  CIN  1961,0,N,0,116,114,126,103,115,121,118,99,136,130,115,113,136,95,111,4,5,Normal,Normal,Normal,1,1,1,1,1,1,1,1,1,1,1,1,16,-,-,-,-,-,-,-,-,-,-,-,1,NEU,90-92,3/4,Normal,1,22,-,-,-,60,45,78,54,107,113,96,-,-,-,-,57,-,136,121,134,106,-,-,-,57,-,136,121,134,71,83,102,85,143,143,604,536,121,79,25,3,14,60,73,60,0,6,0,2,0,127,8,62.8,-0.85,61,-11.0,0.9,4.00,11,5,-0.1,1.0,0,0,0,0,0,0,0,0.0,0,0,0,0,0,0,0,0,0,0,0,0,0,0,0,0,0,0,0,0,0,0.00,0,0,0,0,0,0.0,0.0,0.0,0.00,145,143,311,7,303,1,0,0,2.17,4.0,1.010,0,0,1288.0,0,0,231,229,70,46,39,22,39,4,56,2,0.0,0.1
RF,Frank Robinson,Frank,Robinson,Krakow Hussars,6' 1',185 lbs,R,R,100,Cincinnati Reds,CIN,1961,1961-1979,ME,85521,Perfect,60s Theme Week - Hardware Heroes  RF Frank Robinson  CIN  1961,0,N,0,116,114,126,103,115,121,118,99,136,130,115,113,136,95,111,4,5,Normal,Normal,Normal,1,1,1,1,1,1,1,1,1,1,1,1,16,-,-,-,-,-,-,-,-,-,-,-,1,NEU,90-92,3/4,Normal,1,22,-,-,-,60,45,78,54,107,113,96,-,-,-,-,57,-,136,121,134,106,-,-,-,57,-,136,121,134,71,83,102,85,143,137,633,577,153,87,43,5,18,90,75,42,0,7,0,7,0,113,18,79.5,1.68,81,5.3,2.0,3.84,12,6,-0.4,-0.3,0,0,0,0,0,0,0,0.0,0,0,0,0,0,0,0,0,0,0,0,0,0,0,0,0,0,0,0,0,0,0.00,0,0,0,0,0,0.0,0.0,0.0,0.00,142,137,304,11,290,3,0,0,2.20,1.9,1.014,0,0,1233.1,0,0,235,230,52,42,42,11,44,6,50,1,0.0,0.8
RF,Frank Robinson,Frank,Robinson,Fortuna Lifters,6' 1',185 lbs,R,R,100,Cincinnati Reds,CIN,1961,1961-1979,ME,85521,Perfect,60s Theme Week - Hardware Heroes  RF Frank Robinson  CIN  1961,0,N,0,116,114,126,103,115,121,118,99,136,130,115,113,136,95,111,4,5,Normal,Normal,Normal,1,1,1,1,1,1,1,1,1,1,1,1,16,-,-,-,-,-,-,-,-,-,-,-,1,NEU,90-92,3/4,Normal,1,22,-,-,-,60,45,78,54,107,113,96,-,-,-,-,57,-,136,121,134,106,-,-,-,57,-,136,121,134,71,83,102,85,145,143,641,578,139,95,34,1,9,59,68,54,1,3,0,6,0,114,11,64.1,-1.67,60,-16.5,0.3,3.83,12,3,1.1,2.9,0,0,0,0,0,0,0,0.0,0,0,0,0,0,0,0,0,0,0,0,0,0,0,0,0,0,0,0,0,0,0.00,0,0,0,0,0,0.0,0.0,0.0,0.00,148,143,278,9,266,3,1,0,1.94,1.7,1.005,0,0,1275.1,0,0,209,205,61,40,37,13,32,5,49,3,0.0,-1.1
RF,Frank Robinson,Frank,Robinson,Great Lakes Man-of-War-HOTL,6' 1',185 lbs,R,R,100,Cincinnati Reds,CIN,1961,1961-1979,ME,85521,Perfect,60s Theme Week - Hardware Heroes  RF Frank Robinson  CIN  1961,0,N,0,116,114,126,103,115,121,118,99,136,130,115,113,136,95,111,4,5,Normal,Normal,Normal,1,1,1,1,1,1,1,1,1,1,1,1,16,-,-,-,-,-,-,-,-,-,-,-,1,NEU,90-92,3/4,Normal,1,22,-,-,-,60,45,78,54,107,113,96,-,-,-,-,57,-,136,121,134,106,-,-,-,57,-,136,121,134,71,83,102,85,139,138,629,577,143,99,28,2,14,46,71,42,0,4,1,5,0,128,14,64.6,-1.68,62,-12.8,0.5,4.00,13,5,0.4,1.2,0,0,0,0,0,0,0,0.0,0,0,0,0,0,0,0,0,0,0,0,0,0,0,0,0,0,0,0,0,0,0.00,0,0,0,0,0,0.0,0.0,0.0,0.00,162,138,312,7,301,4,0,0,2.24,1.7,1.018,0,0,1235.1,0,0,246,244,61,38,41,13,37,5,66,1,0.0,-0.0
RF,Frank Robinson,Frank,Robinson,Salt Lake Bees,6' 1',185 lbs,R,R,100,Cincinnati Reds,CIN,1961,1961-1979,ME,85521,Perfect,60s Theme Week - Hardware Heroes  RF Frank Robinson  CIN  1961,0,N,0,116,114,126,103,115,121,118,99,136,130,115,113,136,95,111,4,5,Normal,Normal,Normal,1,1,1,1,1,1,1,1,1,1,1,1,16,-,-,-,-,-,-,-,-,-,-,-,1,NEU,90-92,3/4,Normal,1,22,-,-,-,60,45,78,54,107,113,96,-,-,-,-,57,-,136,121,134,106,-,-,-,57,-,136,121,134,71,83,102,85,114,113,461,422,118,84,19,2,13,54,52,32,0,4,0,3,0,98,6,60.8,0.97,59,4.1,1.6,3.94,10,5,-0.3,1.0,0,0,0,0,0,0,0,0.0,0,0,0,0,0,0,0,0,0,0,0,0,0,0,0,0,0,0,0,0,0,0.00,0,0,0,0,0,0.0,0.0,0.0,0.00,113,111,225,1,223,1,0,0,2.06,1.6,1.006,0,0,976.2,0,0,185,184,38,23,27,11,28,4,39,1,0.0,-0.5
RF,Frank Robinson,Frank,Robinson,St. Louis Honkers,6' 1',185 lbs,R,R,100,Cincinnati Reds,CIN,1961,1961-1979,ME,85521,Perfect,60s Theme Week - Hardware Heroes  RF Frank Robinson  CIN  1961,0,N,0,116,114,126,103,115,121,118,99,136,130,115,113,136,95,111,4,5,Normal,Normal,Normal,1,1,1,1,1,1,1,1,1,1,1,1,16,-,-,-,-,-,-,-,-,-,-,-,1,NEU,90-92,3/4,Normal,1,22,-,-,-,60,45,78,54,107,113,96,-,-,-,-,57,-,136,121,134,106,-,-,-,57,-,136,121,134,71,83,102,85,128,116,485,443,125,82,22,4,17,60,58,33,0,5,1,3,0,109,4,71.2,1.33,68,9.8,2.7,3.86,12,5,0.2,1.6,0,0,0,0,0,0,0,0.0,0,0,0,0,0,0,0,0,0,0,0,0,0,0,0,0,0,0,0,0,0,0.00,0,0,0,0,0,0.0,0.0,0.0,0.00,148,116,250,10,238,2,1,0,2.14,3.0,1.021,0,0,1043.1,0,0,194,188,45,32,26,5,31,9,39,4,0.0,0.7
RF,Frank Robinson,Frank,Robinson,Milwaukee Braves,6' 1',185 lbs,R,R,100,Cincinnati Reds,CIN,1961,1961-1979,ME,85521,Perfect,60s Theme Week - Hardware Heroes  RF Frank Robinson  CIN  1961,0,N,0,116,114,126,103,115,121,118,99,136,130,115,113,136,95,111,4,5,Normal,Normal,Normal,1,1,1,1,1,1,1,1,1,1,1,1,16,-,-,-,-,-,-,-,-,-,-,-,1,NEU,90-92,3/4,Normal,1,22,-,-,-,60,45,78,54,107,113,96,-,-,-,-,57,-,136,121,134,106,-,-,-,57,-,136,121,134,71,83,102,85,118,110,471,420,113,75,23,3,12,46,66,42,1,7,0,2,0,96,7,64.2,1.34,62,5.7,2.1,4.06,12,2,1.7,-0.3,0,0,0,0,0,0,0,0.0,0,0,0,0,0,0,0,0,0,0,0,0,0,0,0,0,0,0,0,0,0,0.00,0,0,0,0,0,0.0,0.0,0.0,0.00,128,110,232,27,202,3,3,0,2.05,-0.3,.999,0,0,1006.1,0,0,181,177,43,26,25,15,31,1,24,0,0.0,1.7
RF,Frank Robinson,Frank,Robinson,Svendborg Sailors,6' 1',185 lbs,R,R,100,Cincinnati Reds,CIN,1961,1961-1979,ME,85521,Perfect,60s Theme Week - Hardware Heroes  RF Frank Robinson  CIN  1961,0,N,0,116,114,126,103,115,121,118,99,136,130,115,113,136,95,111,4,5,Normal,Normal,Normal,1,1,1,1,1,1,1,1,1,1,1,1,16,-,-,-,-,-,-,-,-,-,-,-,1,NEU,90-92,3/4,Normal,1,22,-,-,-,60,45,78,54,107,113,96,-,-,-,-,57,-,136,121,134,106,-,-,-,57,-,136,121,134,71,83,102,85,115,86,370,335,85,52,23,1,9,54,44,32,0,2,0,1,0,72,13,41.8,-0.14,44,-0.3,1.6,4.13,2,1,-0.2,1.6,0,0,0,0,0,0,0,0.0,0,0,0,0,0,0,0,0,0,0,0,0,0,0,0,0,0,0,0,0,0,0.00,0,0,0,0,0,0.0,0.0,0.0,0.00,127,86,199,2,193,4,0,0,2.18,3.8,1.037,0,0,805.1,0,0,154,153,36,26,27,10,26,1,33,3,0.0,0.9
RF,Frank Robinson,Frank,Robinson,Buffalo Bisons,6' 1',185 lbs,R,R,100,Cincinnati Reds,CIN,1961,1961-1979,ME,85521,Perfect,60s Theme Week - Hardware Heroes  RF Frank Robinson  CIN  1961,0,N,0,116,114,126,103,115,121,118,99,136,130,115,113,136,95,111,4,5,Normal,Normal,Normal,1,1,1,1,1,1,1,1,1,1,1,1,16,-,-,-,-,-,-,-,-,-,-,-,1,NEU,90-92,3/4,Normal,1,22,-,-,-,60,45,78,54,107,113,96,-,-,-,-,57,-,136,121,134,106,-,-,-,57,-,136,121,134,71,83,102,85,145,143,643,572,161,111,35,4,11,79,67,59,0,7,1,3,1,97,15,85.9,2.59,86,8.9,2.7,3.88,17,4,1.8,0.9,0,0,0,0,0,0,0,0.0,0,0,0,0,0,0,0,0,0,0,0,0,0,0,0,0,0,0,0,0,0,0.00,0,0,0,0,0,0.0,0.0,0.0,0.00,147,143,321,19,299,3,0,0,2.28,1.2,1.014,0,0,1257.1,0,0,245,240,58,34,42,18,46,8,52,2,0.0,2.6
RF,Frank Robinson,Frank,Robinson,Orange Jackrabbits,6' 1',185 lbs,R,R,100,Cincinnati Reds,CIN,1961,1961-1979,ME,85521,Perfect,60s Theme Week - Hardware Heroes  RF Frank Robinson  CIN  1961,0,N,0,116,114,126,103,115,121,118,99,136,130,115,113,136,95,111,4,5,Normal,Normal,Normal,1,1,1,1,1,1,1,1,1,1,1,1,16,-,-,-,-,-,-,-,-,-,-,-,1,NEU,90-92,3/4,Normal,1,22,-,-,-,60,45,78,54,107,113,96,-,-,-,-,57,-,136,121,134,106,-,-,-,57,-,136,121,134,71,83,102,85,145,145,579,522,134,86,38,0,10,62,63,49,1,4,0,4,0,131,9,66.8,-0.67,65,-4.5,1.0,3.99,9,4,-0.1,1.0,0,0,0,0,0,0,0,0.0,0,0,0,0,0,0,0,0,0,0,0,0,0,0,0,0,0,0,0,0,0,0.00,0,0,0,0,0,0.0,0.0,0.0,0.00,152,145,342,13,327,2,5,0,2.41,-3.0,.988,0,0,1272.0,0,0,271,264,75,48,28,10,51,5,47,2,0.0,-0.7
RF,Frank Robinson,Frank,Robinson,-,6' 1',185 lbs,R,R,100,Cincinnati Reds,CIN,1961,1961-1979,ME,85521,Perfect,60s Theme Week - Hardware Heroes  RF Frank Robinson  CIN  1961,0,N,0,116,114,126,103,115,121,118,99,136,130,115,113,136,95,111,4,5,Normal,Normal,Normal,1,1,1,1,1,1,1,1,1,1,1,1,16,-,-,-,-,-,-,-,-,-,-,-,1,NEU,90-92,3/4,Normal,1,22,-,-,-,60,45,78,54,107,113,96,-,-,-,-,57,-,136,121,134,106,-,-,-,57,-,136,121,134,71,83,102,85,112,112,487,448,118,84,19,3,12,53,52,34,0,3,0,2,0,101,10,56.5,-0.22,55,-2.6,1.0,4.08,8,3,0.2,-0.1,0,0,0,0,0,0,0,0.0,0,0,0,0,0,0,0,0,0,0,0,0,0,0,0,0,0,0,0,0,0,0.00,0,0,0,0,0,0.0,0.0,0.0,0.00,112,112,213,8,203,2,3,0,1.99,1.0,.997,0,0,953.2,0,0,163,162,40,28,25,11,36,2,33,0,0.0,0.4
RF,Frank Robinson,Frank,Robinson,Pulaski Pils,6' 1',185 lbs,R,R,100,Cincinnati Reds,CIN,1961,1961-1979,ME,85521,Perfect,60s Theme Week - Hardware Heroes  RF Frank Robinson  CIN  1961,0,N,0,116,114,126,103,115,121,118,99,136,130,115,113,136,95,111,4,5,Normal,Normal,Normal,1,1,1,1,1,1,1,1,1,1,1,1,16,-,-,-,-,-,-,-,-,-,-,-,1,NEU,90-92,3/4,Normal,1,22,-,-,-,60,45,78,54,107,113,96,-,-,-,-,57,-,136,121,134,106,-,-,-,57,-,136,121,134,71,83,102,85,77,50,237,216,38,26,7,1,4,21,20,18,1,1,0,2,0,43,5,14.3,-1.52,10,-18.2,-0.7,4.11,3,1,0.1,1.2,0,0,0,0,0,0,0,0.0,0,0,0,0,0,0,0,0,0,0,0,0,0,0,0,0,0,0,0,0,0,0.00,0,0,0,0,0,0.0,0.0,0.0,0.00,65,50,116,3,113,0,1,0,2.19,2.9,1.034,0,0,476.1,0,0,89,89,20,16,15,5,18,1,20,2,0.0,-0.2
RF,Frank Robinson,Frank,Robinson,Marshall M.I.C.E.,6' 1',185 lbs,R,R,100,Cincinnati Reds,CIN,1961,1961-1979,ME,85521,Perfect,60s Theme Week - Hardware Heroes  RF Frank Robinson  CIN  1961,0,N,0,116,114,126,103,115,121,118,99,136,130,115,113,136,95,111,4,5,Normal,Normal,Normal,1,1,1,1,1,1,1,1,1,1,1,1,16,-,-,-,-,-,-,-,-,-,-,-,1,NEU,90-92,3/4,Normal,1,22,-,-,-,60,45,78,54,107,113,96,-,-,-,-,57,-,136,121,134,106,-,-,-,57,-,136,121,134,71,83,102,85,133,51,274,247,60,40,15,2,3,34,22,25,0,0,0,2,0,54,6,28.8,-0.96,27,-5.8,0.3,3.93,11,1,2.1,0.2,0,0,0,0,0,0,0,0.0,0,0,0,0,0,0,0,0,0,0,0,0,0,0,0,0,0,0,0,0,0,0.00,0,0,0,0,0,0.0,0.0,0.0,0.00,133,51,179,34,139,6,3,0,2.45,0.5,1.001,0,0,635.2,0,0,141,136,26,16,28,9,22,4,28,4,0.0,0.2
RF,Frank Robinson,Frank,Robinson,Paramus Fisher Cats,6' 1',185 lbs,R,R,100,Cincinnati Reds,CIN,1961,1961-1979,ME,85521,Perfect,60s Theme Week - Hardware Heroes  RF Frank Robinson  CIN  1961,0,N,0,116,114,126,103,115,121,118,99,136,130,115,113,136,95,111,4,5,Normal,Normal,Normal,1,1,1,1,1,1,1,1,1,1,1,1,16,-,-,-,-,-,-,-,-,-,-,-,1,NEU,90-92,3/4,Normal,1,22,-,-,-,60,45,78,54,107,113,96,-,-,-,-,57,-,136,121,134,106,-,-,-,57,-,136,121,134,71,83,102,85,100,79,325,295,74,35,19,3,17,54,47,25,0,2,0,3,0,65,3,48.3,1.87,46,6.9,1.2,4.06,6,1,0.9,-0.9,0,0,0,0,0,0,0,0.0,0,0,0,0,0,0,0,0,0,0,0,0,0,0,0,0,0,0,0,0,0,0.00,0,0,0,0,0,0.0,0.0,0.0,0.00,103,79,177,6,171,0,0,0,2.17,-0.8,1.011,0,0,735.2,0,0,133,130,48,30,23,7,24,4,27,0,0.0,-1.4
RF,George Springer,George,Springer,Littleton CO Mountaineers,6' 3',215 lbs,R,R,100,Houston Astros,HOU,2019,2015+,,86268,Perfect,All-Star Week - Historical All-Star  CF George Springer  HOU  2019,0,N,0,103,78,144,128,105,100,62,128,141,102,104,83,150,124,106,5,1,Groundball,Pull,Pull,1,1,1,2,1,1,1,2,1,1,1,2,16,-,-,-,-,-,-,-,-,-,-,-,1,NEU,91-93,OTT,Normal,1,19,-,-,-,7,2,6,1,112,119,76,-,-,-,-,-,-,-,125,130,6,-,-,-,-,-,-,125,130,89,44,54,81,84,83,358,318,86,56,17,1,12,46,49,36,0,3,0,1,0,69,7,49.1,1.02,50,7.6,1.2,4.02,0,2,-1.2,-1.3,0,0,0,0,0,0,0,0.0,0,0,0,0,0,0,0,0,0,0,0,0,0,0,0,0,0,0,0,0,0,0.00,0,0,0,0,0,0.0,0.0,0.0,0.00,70,69,176,6,168,2,2,0,2.56,0.7,.997,0,0,611.2,0,0,125,118,50,38,15,5,23,7,26,0,0.0,0.1
RF,Giancarlo Stanton,Giancarlo,Stanton,Littleton CO Mountaineers,6' 6',245 lbs,R,R,100,Miami Marlins,FLA,2017,2015+,,83697,Perfect,Hardware Heroes  RF Giancarlo Stanton  MIA  2017,0,N,0,80,85,143,103,81,83,96,158,138,117,79,82,138,95,69,4,2,Flyball,Pull,Pull,1,1,1,7,1,1,1,7,1,1,1,7,16,-,-,-,-,-,-,-,-,-,-,-,1,GB,92-94,3/4,GB'er,1,12,-,-,-,5,2,10,10,86,91,97,-,-,-,-,-,-,-,-,109,2,-,-,-,-,-,-,-,109,26,17,26,16,16,16,59,51,12,8,2,0,2,10,7,8,0,0,0,0,0,14,1,7.1,0.23,7,0.2,-0.1,3.93,0,0,0.0,-0.7,0,0,0,0,0,0,0,0.0,0,0,0,0,0,0,0,0,0,0,0,0,0,0,0,0,0,0,0,0,0,0.00,0,0,0,0,0,0.0,0.0,0.0,0.00,0,0,0,0,0,0,0,0,0.00,0.0,.000,0,0,0.0,0,0,0,0,0,0,0,0,0,0,0,0,0.0,0.0
RF,Jordan Walker,Jordan,Walker,Meaty Oakers,6' 5',250 lbs,R,R,100,St. Louis Cardinals,STL,2026,2026,CS,86288,Perfect,Clubhouse - HR Derby Winner  RF Jordan Walker  STL  2026,0,N,0,90,75,198,106,100,90,75,190,125,100,90,75,200,100,100,29,21,Flyball,Pull,Pull,1,1,1,4,1,1,1,4,1,1,1,4,17,-,-,-,-,-,-,-,-,-,-,-,1,NEU,93-95,3/4,Normal,1,19,-,-,-,10,10,5,1,70,75,120,-,-,-,-,-,-,94,-,102,17,-,-,-,-,-,94,-,102,108,67,87,90,51,34,153,142,33,19,2,1,11,30,23,9,0,1,1,0,0,28,3,18.6,-0.33,19,0.8,0.6,4.03,0,1,-0.6,1.2,0,0,0,0,0,0,0,0.0,0,0,0,0,0,0,0,0,0,0,0,0,0,0,0,0,0,0,0,0,0,0.00,0,0,0,0,0,0.0,0.0,0.0,0.00,37,27,52,3,46,3,0,0,1.71,-0.0,.974,0,0,258.1,0,0,36,35,9,6,7,5,5,0,14,0,0.0,1.5
RF,Jordan Walker,Jordan,Walker,The Black Freighter TBD,6' 5',250 lbs,R,R,100,St. Louis Cardinals,STL,2026,2026,CS,86288,Perfect,Clubhouse - HR Derby Winner  RF Jordan Walker  STL  2026,0,N,0,90,75,198,106,100,90,75,190,125,100,90,75,200,100,100,29,21,Flyball,Pull,Pull,1,1,1,4,1,1,1,4,1,1,1,4,17,-,-,-,-,-,-,-,-,-,-,-,1,NEU,93-95,3/4,Normal,1,19,-,-,-,10,10,5,1,70,75,120,-,-,-,-,-,-,94,-,102,17,-,-,-,-,-,94,-,102,108,67,87,90,102,92,410,373,95,60,13,1,21,57,52,35,0,2,0,0,0,97,7,55.2,0.10,55,6.4,0.8,3.85,0,1,-0.7,-0.5,0,0,0,0,0,0,0,0.0,0,0,0,0,0,0,0,0,0,0,0,0,0,0,0,0,0,0,0,0,0,0.00,0,0,0,0,0,0.0,0.0,0.0,0.00,92,85,174,4,168,2,0,0,1.99,-3.9,.967,0,0,776.2,0,0,142,135,36,20,20,10,26,3,25,0,0.0,0.5
RF,Dave Winfield,Dave,Winfield,Fortuna Lifters,6' 6',220 lbs,R,R,100,San Diego Padres,SDP,1979,1961-1979,HOF,85473,Perfect,Mr. May - Hall of Fame  RF Dave Winfield  SD  1979,0,N,0,107,88,132,125,100,105,80,144,170,130,108,91,128,110,94,75,78,Normal,Normal,Normal,1,1,1,5,1,1,1,5,1,1,1,5,16,-,-,-,-,-,-,-,-,-,-,-,1,NEU,89-91,3/4,Normal,1,18,-,-,-,5,3,2,9,109,93,120,-,-,-,-,-,-,-,126,144,4,-,-,-,-,-,-,126,144,106,62,71,112,146,143,613,551,122,78,23,5,16,74,63,47,2,7,4,4,0,131,15,58.0,-0.76,55,-18.3,0.5,3.88,0,0,0.0,1.9,0,0,0,0,0,0,0,0.0,0,0,0,0,0,0,0,0,0,0,0,0,0,0,0,0,0,0,0,0,0,0.00,0,0,0,0,0,0.0,0.0,0.0,0.00,145,143,378,10,364,4,0,0,2.63,-0.5,1.014,0,0,1282.0,0,0,290,280,87,58,55,19,43,5,54,2,0.0,1.7
RF,Dave Winfield,Dave,Winfield,Long Island Sounders,6' 6',220 lbs,R,R,100,San Diego Padres,SDP,1979,1961-1979,HOF,85473,Perfect,Mr. May - Hall of Fame  RF Dave Winfield  SD  1979,0,N,0,107,88,132,125,100,105,80,144,170,130,108,91,128,110,94,75,78,Normal,Normal,Normal,1,1,1,5,1,1,1,5,1,1,1,5,16,-,-,-,-,-,-,-,-,-,-,-,1,NEU,89-91,3/4,Normal,1,18,-,-,-,5,3,2,9,109,93,120,-,-,-,-,-,-,-,126,144,4,-,-,-,-,-,-,126,144,106,62,71,112,148,139,638,570,146,96,21,7,22,77,89,54,0,7,1,6,0,147,16,79.8,0.84,80,4.0,2.6,4.14,0,0,0.0,6.0,0,0,0,0,0,0,0,0.0,0,0,0,0,0,0,0,0,0,0,0,0,0,0,0,0,0,0,0,0,0,0.00,0,0,0,0,0,0.0,0.0,0.0,0.00,143,139,285,10,272,3,1,0,2.02,-2.1,1.027,0,0,1254.1,0,0,221,217,68,37,43,13,38,4,51,1,0.0,2.2
RF,Dave Winfield,Dave,Winfield,St. Louis Honkers,6' 6',220 lbs,R,R,100,San Diego Padres,SDP,1979,1961-1979,HOF,85473,Perfect,Mr. May - Hall of Fame  RF Dave Winfield  SD  1979,0,Y,5,116,96,142,135,108,114,87,155,183,140,117,99,138,119,102,75,78,Normal,Normal,Normal,1,1,1,7,1,1,1,7,1,1,1,7,16,-,-,-,-,-,-,-,-,-,-,-,1,NEU,89-91,3/4,Normal,1,18,-,-,-,5,3,2,9,109,93,120,-,-,-,-,-,-,-,135,154,6,-,-,-,-,-,-,135,154,106,62,71,112,145,137,613,559,142,103,21,4,14,69,70,42,0,6,2,4,0,143,6,68.8,0.96,64,-9.0,1.3,3.94,1,0,0.0,4.9,0,0,0,0,0,0,0,0.0,0,0,0,0,0,0,0,0,0,0,0,0,0,0,0,0,0,0,0,0,0,0.00,0,0,0,0,0,0.0,0.0,0.0,0.00,144,137,334,14,315,5,0,0,2.44,0.5,1.012,0,0,1215.2,0,0,264,257,59,44,33,9,40,4,42,1,0.0,1.3
RF,Dave Winfield,Dave,Winfield,Orange Jackrabbits,6' 6',220 lbs,R,R,100,San Diego Padres,SDP,1979,1961-1979,HOF,85473,Perfect,Mr. May - Hall of Fame  RF Dave Winfield  SD  1979,0,N,0,107,88,132,125,100,105,80,144,170,130,108,91,128,110,94,75,78,Normal,Normal,Normal,1,1,1,5,1,1,1,5,1,1,1,5,16,-,-,-,-,-,-,-,-,-,-,-,1,NEU,89-91,3/4,Normal,1,18,-,-,-,5,3,2,9,109,93,120,-,-,-,-,-,-,-,126,144,4,-,-,-,-,-,-,126,144,106,62,71,112,112,94,414,367,92,70,11,0,11,41,47,41,0,2,1,3,0,86,7,45.6,-0.76,45,-3.9,1.6,3.81,1,2,-1.0,0.0,0,0,0,0,0,0,0,0.0,0,0,0,0,0,0,0,0,0,0,0,0,0,0,0,0,0,0,0,0,0,0.00,0,0,0,0,0,0.0,0.0,0.0,0.00,108,94,261,7,249,5,1,0,2.63,2.8,.999,0,0,874.2,0,0,199,193,44,33,31,14,32,7,33,2,0.0,3.5
RF,Dave Winfield,Dave,Winfield,Tavistock Baseballersons,6' 6',220 lbs,R,R,100,San Diego Padres,SDP,1979,1961-1979,HOF,85473,Perfect,Mr. May - Hall of Fame  RF Dave Winfield  SD  1979,0,N,0,107,88,132,125,100,105,80,144,170,130,108,91,128,110,94,75,78,Normal,Normal,Normal,1,1,1,5,1,1,1,5,1,1,1,5,16,-,-,-,-,-,-,-,-,-,-,-,1,NEU,89-91,3/4,Normal,1,18,-,-,-,5,3,2,9,109,93,120,-,-,-,-,-,-,-,126,144,4,-,-,-,-,-,-,126,144,106,62,71,112,133,132,528,470,115,80,17,1,17,66,64,48,0,7,0,3,0,112,6,62.2,0.51,61,-2.3,1.7,3.96,1,1,-0.5,2.6,0,0,0,0,0,0,0,0.0,0,0,0,0,0,0,0,0,0,0,0,0,0,0,0,0,0,0,0,0,0,0.00,0,0,0,0,0,0.0,0.0,0.0,0.00,134,132,288,11,274,3,2,0,2.21,3.5,1.023,0,0,1159.2,0,0,216,214,59,42,36,14,30,4,47,0,0.0,2.2
RF,Dave Winfield,Dave,Winfield,Dungeon Meshi Marcille,6' 6',220 lbs,R,R,100,San Diego Padres,SDP,1979,1961-1979,HOF,85473,Perfect,Mr. May - Hall of Fame  RF Dave Winfield  SD  1979,0,N,0,107,88,132,125,100,105,80,144,170,130,108,91,128,110,94,75,78,Normal,Normal,Normal,1,1,1,5,1,1,1,5,1,1,1,5,16,-,-,-,-,-,-,-,-,-,-,-,1,NEU,89-91,3/4,Normal,1,18,-,-,-,5,3,2,9,109,93,120,-,-,-,-,-,-,-,126,144,4,-,-,-,-,-,-,126,144,106,62,71,112,96,87,361,317,75,58,9,2,6,36,36,36,0,3,1,2,2,77,4,36.1,-1.05,34,-8.7,-0.2,3.91,0,0,0.0,2.2,0,0,0,0,0,0,0,0.0,0,0,0,0,0,0,0,0,0,0,0,0,0,0,0,0,0,0,0,0,0,0.00,0,0,0,0,0,0.0,0.0,0.0,0.00,90,87,167,6,159,2,0,0,1.94,-2.0,.986,0,0,767.1,0,0,130,129,33,19,23,7,22,3,42,1,0.0,0.0
DH,Fred Dunlap,Fred,Dunlap,Chicago Dogs,5' 8',165 lbs,R,R,101,St. Louis Maroons,SL5,1884,2026,LE,85810,Perfect,Limited Edition/21  2B Fred Dunlap  St. Louis Maroons  1884,0,N,0,160,136,101,91,150,164,144,104,98,155,159,133,100,89,148,3,56,Groundball,Spray,Spray,70,115,46,105,68,112,46,97,72,118,46,114,-,-,-,91,-,98,-,-,-,-,-,-,2,NEU,89-91,3/4,Normal,6,17,-,-,-,106,93,112,103,74,70,95,-,-,-,130,-,-,-,-,93,157,-,-,130,-,-,-,-,93,64,85,85,64,94,78,330,303,84,50,24,4,6,34,35,21,0,4,0,2,0,53,6,43.5,0.47,43,3.7,1.1,3.82,1,2,-0.9,-4.7,0,0,0,0,0,0,0,0.0,0,0,0,0,0,0,0,0,0,0,0,0,0,0,0,0,0,0,0,0,0,0.00,0,0,0,0,0,0.0,0.0,0.0,0.00,95,78,231,101,126,4,26,0,3.00,-0.1,.992,0,0,682.0,0,0,144,142,33,22,27,12,17,4,32,2,0.0,0.8
DH,J.D. Martinez,J.D.,Martinez,Marshall M.I.C.E.,6' 3',230 lbs,R,R,100,Arizona Diamondbacks,ARI,2017,2015+,CS,86378,Perfect,Clubhouse - Baseball Reference 6  RF J.D. Martinez  ARI  2017,0,N,0,111,112,181,140,81,165,156,200,172,121,96,99,175,129,69,9,4,Normal,Spray,Normal,1,1,1,7,1,1,1,7,1,1,1,7,16,-,-,-,-,-,-,-,-,-,-,-,1,GB,92-94,3/4,GB'er,1,16,-,-,-,4,4,10,7,46,102,34,-,-,-,-,-,-,-,-,41,-,-,-,-,-,-,-,-,41,57,44,110,31,94,67,306,273,80,41,22,2,15,39,40,30,1,3,0,0,0,64,4,57.5,0.88,54,17.8,1.8,4.13,7,1,1.1,-2.5,0,0,0,0,0,0,0,0.0,0,0,0,0,0,0,0,0,0,0,0,0,0,0,0,0,0,0,0,0,0,0.00,0,0,0,0,0,0.0,0.0,0.0,0.00,4,0,1,0,1,0,0,0,1.50,0.0,.993,0,0,6.0,0,0,1,1,0,0,0,0,0,0,0,0,0.0,-0.1
DH,J.D. Martinez,J.D.,Martinez,Atlantic City Surf - GH,6' 3',230 lbs,R,R,100,Arizona Diamondbacks,ARI,2017,2015+,CS,86378,Perfect,Clubhouse - Baseball Reference 6  RF J.D. Martinez  ARI  2017,0,N,0,111,112,181,140,81,165,156,200,172,121,96,99,175,129,69,9,4,Normal,Spray,Normal,1,1,1,7,1,1,1,7,1,1,1,7,16,-,-,-,-,-,-,-,-,-,-,-,1,GB,92-94,3/4,GB'er,1,16,-,-,-,4,4,10,7,46,102,34,-,-,-,-,-,-,-,-,41,-,-,-,-,-,-,-,-,41,57,44,110,31,105,77,330,284,72,50,10,2,10,45,39,33,0,8,0,5,0,56,8,42.5,1.79,42,2.6,0.8,4.12,11,1,2.0,-1.6,0,0,0,0,0,0,0,0.0,0,0,0,0,0,0,0,0,0,0,0,0,0,0,0,0,0,0,0,0,0,0.00,0,0,0,0,0,0.0,0.0,0.0,0.00,2,0,4,0,4,0,0,0,4.00,0.1,1.015,0,0,9.0,0,0,1,1,1,1,0,0,0,0,0,0,0.0,0.0
DH,Shohei Ohtani,Shohei,Ohtani,Atlantic City Surf - GH,6' 4',210 lbs,L,R,100,Los Angeles Dodgers,LAD,2026,2026,,81776,Perfect,MLB 2026 Live  DH Shohei Ohtani  LAD,0,N,0,115,90,118,112,66,115,87,110,106,65,115,91,121,114,67,75,63,Groundball,Ex. Pull,Pull,119,78,116,111,118,78,114,110,120,79,118,112,114,-,121,116,-,119,117,-,-,-,-,-,5,NEU,97-99,3/4,Normal,82,50,5,5,6,25,23,92,15,50,46,100,72,-,6,-,-,-,5,-,2,72,-,50,-,35,-,62,33,68,67,70,84,68,9,4,21,20,4,2,2,0,0,2,1,1,0,0,0,0,0,6,1,1.2,-0.06,1,-1.5,-0.2,4.19,0,0,0.0,0.1,10,0,1,0,0,1,1,16.0,77,64,13,4,0,1,9,9,12,0,16,0,0,1,0,0,0,2,4,5,2,0.71,302,15,16,2,0,-0.3,0.0,-0.1,4.73,17,4,27,2,25,0,2,0,4.03,-0.9,.876,2,0,60.1,0,0,5,4,2,1,0,0,1,0,0,0,-0.1,0.2
DH,Mel Ott,Mel,Ott,Real Intered Workers,5' 9',170 lbs,L,R,101,New York Giants,SFG,1934,1921-1945,ME,86272,Perfect,All-Star Week Mission Reward  RF Mel Ott  NY1  1934,0,N,0,133,90,164,138,126,148,81,172,140,102,128,94,161,137,135,6,1,Normal,Normal,Normal,1,1,1,1,1,1,1,1,1,1,1,1,16,-,-,-,-,-,-,-,-,-,-,-,1,NEU,90-92,3/4,Normal,1,6,-,-,-,5,2,7,6,76,74,84,-,-,-,-,-,-,-,70,91,1,-,-,-,-,-,-,70,91,38,11,6,31,157,157,679,609,162,113,25,4,20,86,57,62,3,2,0,6,0,138,15,85.1,0.28,84,2.4,0.7,4.13,0,0,0.0,-1.7,0,0,0,0,0,0,0,0.0,0,0,0,0,0,0,0,0,0,0,0,0,0,0,0,0,0,0,0,0,0,0.00,0,0,0,0,0,0.0,0.0,0.0,0.00,0,0,0,0,0,0,0,0,0.00,0.0,.000,0,0,0.0,0,0,0,0,0,0,0,0,0,0,0,0,0.0,0.0
