POS,Name,B,T,BABIP,BA vL,CON vL,GAP vL,POW vL,EYE vL,K vL,BA vR,CON vR,GAP vR,POW vR,EYE vR,K vR,BBT,GBT,FBT,STU vL,MOV vL,CON vL_1,PBABIP vL,HRA vL,STU vR,MOV vR,CON vR_1,PBABIP vR,HRA vR,STM,HLD,C ABI,C FRM,C ARM,IF RNG,IF ERR,IF ARM,TDP,OF RNG,OF ERR,OF ARM,P,C,1B,2B,3B,SS,LF,CF,RF,SPE,STE,SR,RUN,ACT,CID,CTier,L10,BUY,SELL,Lock,VAR,VLvl
1B,Jeff Bagwell,R,R,90,124,116,69,102,138,99,82,79,73,117,115,78,Flyball,Normal,Normal,1,5,1,1,7,1,5,1,1,7,1,23,-,-,-,49,53,55,61,1,4,1,-,-,74,-,-,-,-,-,-,48,55,52,48,Yes,82731,Diamond,5 705,0,5 555,No,N,0
3B,Home Run Baker,L,R,92,98,116,92,100,62,130,90,116,138,111,50,154,Normal,Pull,Pull,1,1,1,1,2,1,1,1,1,2,1,21,-,-,-,58,68,71,67,2,3,1,-,-,-,-,63,-,-,-,-,71,89,76,64,Yes,82735,Diamond,6 506,0,7 777,No,N,0
SS,Carlos Correa,R,R,88,101,110,77,97,114,109,84,87,75,104,90,90,Normal,Pull,Pull,1,1,1,1,1,1,1,1,1,1,1,21,-,-,-,107,72,99,83,8,3,7,-,-,-,-,-,102,-,-,-,66,1,1,46,Yes,84363,Diamond,5 041,5 000,9 750,No,N,0
1B,Prince Fielder,L,R,108,119,90,90,145,82,65,104,98,87,142,127,88,Flyball,Pull,Pull,1,1,1,1,2,1,1,1,1,2,1,8,-,-,-,31,46,32,18,4,10,6,-,-,52,-,-,-,-,-,-,34,52,17,31,No,85474,Diamond,51 775,50 000,0,No,N,0
RP,Tony Fossas,L,L,1,1,4,1,1,1,1,1,4,1,1,1,1,Normal,Spray,Spray,137,115,128,88,129,91,100,110,72,115,13,101,-,-,-,35,20,26,23,6,8,4,65,-,-,-,-,-,-,-,-,5,6,3,5,No,83324,Diamond,6 760,4 567,6 100,No,N,0
SP,Max Fried,L,L,35,35,36,36,14,26,40,35,36,36,14,26,40,Normal,Normal,Normal,82,113,90,103,118,75,104,87,98,108,74,87,-,-,-,29,52,61,16,33,43,51,87,-,69,-,-,-,33,-,27,19,17,16,24,Yes,82587,Diamond,16 854,13 500,19 999,Yes,N,0
SP,Bob Friend,R,R,10,16,18,48,8,34,20,8,21,49,16,42,31,Normal,Pull,Pull,64,123,129,107,131,102,91,150,53,111,73,71,-,-,-,31,36,29,21,10,8,9,75,-,-,-,-,-,-,-,-,16,6,4,28,Yes,84086,Diamond,9 060,0,5 999,No,N,0
SS,Travis Jackson,R,R,76,82,77,77,109,104,74,75,71,72,99,92,68,Normal,Pull,Pull,1,1,1,1,1,1,1,1,1,1,1,10,-,-,-,109,92,106,105,7,9,6,-,-,-,-,122,118,-,-,-,70,57,41,74,No,83840,Diamond,5 786,0,5 667,No,N,0
2B,Nap Lajoie,R,R,105,134,149,141,4,101,144,97,119,119,72,64,145,Groundball,Normal,Normal,1,1,1,1,2,1,1,1,1,2,1,15,-,-,-,108,79,83,110,10,6,2,-,-,98,127,103,-,-,-,-,69,78,70,72,Yes,83847,Diamond,8 236,7 000,8 500,No,N,0
RP,Jose Leclerc,R,R,1,1,4,1,1,1,1,1,4,1,1,1,1,Normal,Normal,Normal,102,133,22,141,130,130,129,71,150,119,12,49,-,-,-,27,39,29,23,3,7,3,75,-,-,-,-,-,-,-,-,13,6,4,22,Yes,83326,Diamond,6 674,0,5 975,No,N,0
CF,Alejandro Oms,L,L,90,78,81,89,92,94,86,94,97,98,95,101,96,Normal,Normal,Normal,13,21,34,23,20,13,25,34,35,20,52,41,-,-,-,53,22,47,20,88,71,69,84,-,-,-,-,-,102,84,95,73,77,65,63,Yes,84572,Diamond,9 736,5 600,9 599,Yes,N,0
LF,Wilson Redus,R,R,105,108,106,123,122,51,96,104,108,117,125,55,103,Normal,Spray,Normal,1,9,1,19,5,1,9,1,19,5,1,20,53,53,53,57,61,32,62,74,76,59,-,-,-,57,-,-,86,63,77,58,64,39,53,No,84570,Diamond,10 774,5 602,11 000,Yes,N,0
CF,Jimmy Ryan,R,L,96,118,108,126,111,87,91,91,98,110,98,82,102,Line Drive,Normal,Normal,37,81,51,55,94,37,65,57,35,81,11,54,-,-,-,8,3,10,1,78,69,82,-,-,-,-,-,-,93,72,91,89,95,86,90,Yes,83841,Diamond,6 503,4 800,6 250,No,N,0
1B,Norm Siebern,L,R,94,91,84,69,77,100,77,96,95,75,111,131,90,Normal,Spray,Spray,1,5,1,1,7,1,5,1,1,7,1,10,-,-,-,62,74,61,58,67,70,50,-,-,95,-,-,-,75,-,-,37,13,8,42,No,83991,Diamond,11 408,9 420,13 399,Yes,N,0
SP,David Wells,L,L,13,7,30,22,40,56,43,15,38,38,40,36,59,Normal,Spray,Spray,75,86,130,30,114,86,95,136,57,114,85,94,-,-,-,35,20,25,19,8,5,9,64,-,-,-,-,-,-,-,-,16,6,3,28,No,84082,Diamond,5 604,0,7 599,No,N,0
1B,Hank Aaron,R,R,88,59,83,69,140,92,118,97,105,97,133,104,105,Normal,Pull,Pull,1,1,1,1,1,1,1,1,1,1,1,19,-,-,-,40,23,34,31,44,90,44,-,-,53,-,-,-,-,-,43,34,11,9,48,Yes,85165,Diamond,14 186,9 111,15 799,Yes,N,0
SS,John Beckwith,R,R,119,123,113,120,92,80,96,118,117,114,85,93,107,Line Drive,Normal,Pull,42,53,55,61,50,41,51,55,57,49,24,60,59,61,69,93,65,91,78,74,60,72,138,60,82,98,90,84,85,63,80,56,42,39,61,No,84571,Diamond,13 831,6 222,12 998,Yes,N,0
LF,Yoenis Cespedes,R,R,126,130,100,122,117,47,75,124,100,126,111,44,78,Line Drive,Normal,Pull,1,2,1,1,3,1,2,1,1,3,1,22,-,-,-,10,6,10,7,94,82,103,-,-,-,-,-,-,118,101,119,102,8,7,106,No,84617,Diamond,10 598,6 700,13 499,Yes,N,0
LF,Yoenis Cespedes,R,R,136,140,108,132,126,52,82,134,108,136,120,49,85,Line Drive,Normal,Pull,1,3,1,1,5,1,3,1,1,5,1,22,-,-,-,10,6,10,7,94,82,103,-,-,-,-,-,-,126,108,128,102,8,7,106,No,84617,Diamond,181 951,0,0,No,Y,5
2B,Larry Doby,L,R,129,126,92,113,101,90,66,130,100,141,107,86,75,Line Drive,Normal,Normal,1,9,1,19,4,1,9,1,19,4,1,17,-,-,-,83,55,68,82,50,56,52,-,-,-,87,-,-,-,-,-,62,64,21,49,No,84878,Diamond,19 699,7 050,0,Yes,N,0
RP,Mark Eichhorn,R,R,11,11,10,10,6,13,6,11,10,10,6,13,6,Normal,Normal,Normal,77,80,61,81,80,143,128,122,106,139,24,65,-,-,-,35,13,20,13,2,4,5,55,-,-,-,-,-,-,-,-,16,6,4,28,Yes,84083,Diamond,6 135,4 567,5 495,No,N,0
SP,Red Faber,S,R,19,28,14,44,24,89,1,16,10,56,12,85,1,Normal,Normal,Normal,77,110,108,150,91,76,91,115,83,95,104,90,-,-,-,32,20,23,18,5,8,7,60,-,-,-,-,-,-,-,-,19,12,4,29,Yes,84090,Diamond,6 275,0,6 300,No,N,0
RP,Joe Grzenda,R,L,2,2,5,3,1,3,1,2,5,3,1,3,1,Normal,Normal,Normal,119,135,150,105,150,88,116,65,92,128,62,115,-,-,-,30,20,24,23,1,5,9,59,-,-,-,-,-,-,-,-,7,6,4,10,Yes,83323,Diamond,5 523,0,6 750,No,N,0
LF,Tyler O'Neill,R,R,129,119,98,98,133,103,78,132,96,72,131,58,69,Groundball,Ex. Pull,Pull,1,1,1,1,1,1,1,1,1,1,1,12,-,-,-,9,3,5,2,97,97,97,-,-,-,-,-,-,123,106,122,107,89,64,111,Yes,84672,Diamond,8 762,7 000,9 000,Yes,N,0
CF,Mike Trout,R,R,78,76,69,71,107,133,63,79,70,72,104,125,62,Flyball,Normal,Normal,1,27,1,79,1,1,29,1,85,1,-,-,-,-,-,18,30,35,18,84,85,61,56,-,39,-,-,-,98,78,89,28,16,7,99,No,82310,Diamond,7 576,6 001,7 576,No,N,0
SS,Trea Turner,R,R,87,91,102,79,118,77,110,86,95,80,130,84,102,Normal,Pull,Pull,1,3,1,1,5,1,3,1,1,5,1,20,-,-,-,94,105,75,92,4,3,2,-,-,-,-,-,99,-,-,-,120,55,50,121,No,82923,Diamond,11 124,7 008,13 898,No,N,0
SP,Hunter Brown,R,R,25,25,25,32,14,21,25,25,25,32,14,21,25,Normal,Normal,Normal,94,93,77,87,97,91,94,76,90,97,66,31,1,1,1,15,23,55,18,14,19,22,50,-,33,-,-,-,-,-,-,9,12,11,5,No,82189,Diamond,4 440,4 001,5 555,No,N,0
2B,Piper Davis,R,R,89,89,93,85,81,92,95,89,93,86,81,92,95,Groundball,Normal,Spray,1,9,1,19,5,1,10,1,20,5,1,69,53,53,53,95,66,59,91,55,62,68,137,45,104,104,75,80,-,-,60,72,64,49,55,No,84574,Diamond,11 252,7 500,13 298,Yes,N,0
SP,Jacob deGrom,L,R,54,52,59,39,13,49,65,55,61,40,15,51,66,Normal,Normal,Normal,90,78,96,96,69,94,84,98,108,73,60,68,-,-,-,26,28,46,16,-,-,-,67,-,52,-,11,-,-,-,-,29,22,24,40,No,82223,Diamond,4 704,0,4 398,No,N,0
RF,George Harper,L,R,86,69,77,77,90,98,88,92,104,80,122,108,112,Normal,Spray,Spray,1,3,1,1,5,1,4,1,2,5,1,25,-,-,-,5,2,10,1,64,88,100,-,-,-,-,-,-,86,59,89,59,60,60,55,Yes,84193,Diamond,5 310,0,5 200,No,N,0
C,Chris Hoiles,R,R,67,64,71,63,131,144,81,69,73,81,105,125,79,Normal,Spray,Spray,1,1,1,1,1,1,1,1,1,1,1,5,110,75,63,8,10,7,5,2,9,10,-,88,-,-,-,-,-,-,-,11,11,11,30,Yes,84200,Diamond,4 587,0,4 500,No,N,0
2B,Joe Morgan,L,R,84,108,98,77,43,130,85,77,96,78,86,118,121,Normal,Spray,Spray,1,1,1,1,2,1,1,1,1,2,1,14,-,-,-,74,42,63,79,10,9,5,-,-,-,73,-,-,-,-,-,93,75,62,87,No,83771,Diamond,12 724,8 891,11 969,Yes,N,0
SP,Barney Morris,L,R,18,18,38,35,1,51,57,19,40,37,2,56,61,Normal,Spray,Normal,98,87,87,79,91,98,88,87,82,91,73,60,1,1,1,48,33,29,41,1,1,5,86,-,-,32,-,-,-,-,-,16,6,5,28,No,84547,Diamond,16 946,9 101,19 000,Yes,N,0
SP,Sonny Siebert,R,R,7,4,23,60,33,21,34,9,15,39,31,30,19,Normal,Normal,Normal,100,81,85,53,96,108,104,73,116,98,76,69,-,-,-,35,22,29,31,6,4,10,68,-,-,-,-,-,-,-,-,11,6,3,18,No,83316,Diamond,12 265,9 420,12 999,Yes,N,0
3B,Sal Stewart,R,R,96,108,115,98,114,112,112,93,100,98,108,101,103,Groundball,Pull,Pull,1,26,4,76,1,1,26,5,77,1,7,13,3,3,2,45,61,72,44,50,53,64,103,-,87,43,52,34,56,27,51,34,94,41,35,No,84649,Diamond,11 678,9 399,11 595,No,N,0
SP,Bryan Woo,S,R,23,23,20,24,5,22,18,23,20,24,5,22,18,Normal,Normal,Normal,80,82,105,98,75,83,89,108,111,78,66,44,1,1,3,31,24,36,13,11,19,29,65,-,49,-,2,-,-,-,-,18,17,4,33,No,82251,Diamond,5 239,4 001,5 100,No,N,0
RP,Jose Alvarado,L,L,6,6,6,3,1,3,1,7,7,3,1,3,2,Normal,Normal,Normal,116,113,50,95,123,121,133,52,99,150,16,68,-,-,-,27,20,23,23,9,5,7,55,-,43,-,-,-,-,-,-,10,6,4,15,No,85446,Diamond,7 229,5 212,5 559,No,N,0
C,Jim Brown,S,R,85,85,88,118,91,102,91,86,90,122,84,104,93,Line Drive,Pull,Normal,1,7,1,19,1,1,9,1,24,2,10,10,78,82,84,33,36,34,35,75,62,62,-,85,49,-,-,-,84,63,77,67,77,65,63,No,84568,Diamond,10 213,5 502,9 800,Yes,N,0
SP,Steve Carlton,L,L,34,31,23,61,30,51,13,35,30,77,32,33,26,Normal,Pull,Pull,127,117,70,89,131,135,101,74,95,105,86,60,-,-,-,29,24,25,22,4,1,10,61,-,-,-,-,-,-,-,-,5,6,5,5,No,85109,Diamond,12 528,10 100,18 399,Yes,N,0
CF,Jackson Chourio,R,R,92,92,92,129,94,83,90,93,92,110,94,73,88,Line Drive,Normal,Normal,1,23,1,68,1,1,29,1,85,1,5,-,1,1,1,62,59,62,55,76,85,74,112,-,72,60,55,45,93,70,88,59,85,76,56,No,81934,Diamond,4 412,0,4 800,Yes,N,0
LF,Rocky Colavito,R,R,66,38,76,32,132,175,118,72,84,92,140,167,99,Flyball,Normal,Normal,1,2,1,1,3,1,2,1,1,3,1,5,-,-,-,10,9,6,2,55,71,84,-,-,-,-,-,-,70,-,69,16,9,14,23,No,85305,Diamond,6 823,5 001,7 475,No,N,0
LF,Rocky Colavito,R,R,66,38,76,32,132,175,118,72,84,92,140,167,99,Flyball,Normal,Normal,1,2,1,1,3,1,2,1,1,3,1,5,-,-,-,10,9,6,2,55,71,84,-,-,-,-,-,-,70,-,69,16,9,14,23,No,85305,Diamond,6 823,5 001,7 475,No,N,0
2B,Nellie Fox,L,R,94,92,135,71,24,74,193,95,137,78,45,86,188,Groundball,Pull,Pull,1,3,1,1,4,1,3,1,1,4,1,22,-,-,-,108,79,72,107,7,9,10,-,-,-,126,-,-,-,-,-,83,49,54,104,No,83985,Diamond,12 841,10 420,14 500,Yes,N,0
SP,Lefty Gomez,L,L,16,16,13,12,4,43,8,16,16,24,4,48,16,Normal,Normal,Normal,115,102,66,86,111,111,106,50,89,115,93,43,-,-,-,27,26,25,23,3,9,8,61,-,-,-,-,-,-,-,-,5,6,4,6,No,83302,Diamond,4 502,0,4 500,No,N,0
C,Buster Posey,R,R,108,129,138,60,86,111,128,101,118,91,38,78,130,Groundball,Normal,Normal,1,1,1,1,1,1,1,1,1,1,1,18,105,94,99,62,66,61,56,5,2,5,-,110,82,-,-,-,-,-,-,27,77,16,43,No,83859,Diamond,14 204,13 667,16 888,No,N,0
SP,Cole Ragans,L,L,19,19,20,25,7,14,20,19,20,25,7,14,20,Normal,Normal,Normal,101,74,68,78,72,126,78,72,79,78,70,62,1,1,1,13,40,54,3,16,27,11,62,-,44,-,-,-,2,-,-,14,17,10,16,No,82391,Diamond,4 218,0,4 222,No,N,0
SP,Sam Streeter,R,L,63,63,50,52,3,46,37,63,50,51,3,44,36,Normal,Normal,Normal,100,99,104,97,100,97,90,101,92,89,74,60,53,53,53,29,26,27,25,1,6,11,64,45,-,-,-,-,-,-,-,47,6,4,28,No,84538,Diamond,16 587,10 801,16 666,Yes,N,0
SP,Zack Wheeler,L,R,24,24,24,22,5,11,24,25,25,22,5,12,25,Normal,Normal,Normal,87,84,89,82,86,86,89,88,95,87,77,60,-,-,-,18,56,39,28,-,-,-,79,-,56,-,10,-,-,-,-,29,26,20,42,No,82068,Diamond,5 624,4 001,4 900,No,N,0
2B,Marvin Williams,R,R,91,91,92,103,101,48,91,91,91,103,101,37,89,Line Drive,Normal,Normal,1,11,1,20,7,1,11,1,21,7,1,9,-,-,-,88,65,47,93,55,62,68,-,-,85,97,64,-,64,-,60,62,70,49,57,No,84567,Diamond,8 328,6 543,9 765,Yes,N,0
SP,Roger Wolff,R,R,7,4,10,11,1,82,14,8,19,23,1,61,29,Normal,Normal,Normal,69,70,98,62,74,86,134,115,145,129,99,64,-,-,-,30,44,32,21,2,5,9,80,-,-,-,-,-,-,-,-,16,6,4,28,No,84070,Diamond,5 039,0,5 200,No,N,0
RF,James Wood,L,R,99,96,77,93,98,96,60,100,79,104,102,104,61,Normal,Ex. Pull,Pull,1,25,7,74,1,1,27,7,81,1,5,15,3,3,1,24,29,46,14,57,61,67,64,-,58,-,10,-,66,39,61,44,76,51,51,Yes,82027,Diamond,6 510,5 701,8 999,No,N,0
SS,Xander Bogaerts,R,R,109,96,101,94,98,83,100,114,115,101,85,97,107,Groundball,Ex. Pull,Pull,1,3,1,1,5,1,3,1,1,5,1,16,-,-,-,91,108,87,96,8,6,8,-,-,-,-,-,102,-,-,-,89,26,19,78,No,83961,Diamond,4 751,0,4 724,No,N,0
SS,Elly De La Cruz,S,R,105,104,87,88,95,81,71,106,87,95,96,83,70,Normal,Pull,Pull,1,26,1,77,1,1,27,1,80,1,2,-,1,1,2,74,64,95,80,46,46,86,127,-,109,83,85,72,55,24,57,99,89,99,51,No,81965,Diamond,4 436,0,4 550,No,N,0
3B,Josh Donaldson,R,R,76,58,67,65,95,133,77,82,83,84,117,108,86,Normal,Ex. Pull,Pull,1,1,1,1,1,1,2,1,3,2,1,20,-,-,-,109,79,100,37,9,5,4,-,-,-,-,104,-,-,-,-,8,34,24,27,No,83745,Diamond,4 699,0,4 448,No,N,0
SP,Dwight Gooden,R,R,15,24,24,35,16,26,25,12,17,39,31,40,21,Normal,Pull,Pull,107,110,87,51,140,104,105,75,27,145,80,33,-,-,-,31,21,28,32,1,9,5,62,-,-,-,-,-,-,-,-,14,6,5,23,No,83262,Diamond,4 689,0,5 950,No,N,0
1B,Bryce Harper,L,R,91,91,86,98,94,91,81,91,89,97,96,94,85,Normal,Pull,Normal,1,28,1,83,1,1,28,1,82,1,-,-,4,4,1,31,41,63,37,54,54,87,83,-,61,21,31,-,66,37,67,22,73,43,66,No,82057,Diamond,4 560,0,4 599,Yes,N,0
C,Elston Howard,R,R,118,150,133,77,121,60,100,108,95,68,114,49,80,Flyball,Normal,Normal,1,5,1,1,7,1,5,1,1,7,1,4,74,59,109,32,26,29,31,59,65,69,-,82,51,-,-,-,69,-,65,33,6,18,19,No,85490,Diamond,64 585,45 000,0,No,N,0
SP,Jose Mendez,R,R,52,54,46,89,8,72,41,52,44,87,7,70,39,Normal,Spray,Spray,99,99,72,117,91,101,104,78,115,99,70,60,1,1,1,68,30,61,53,72,59,59,100,-,-,54,43,37,79,57,72,46,63,21,46,Yes,84529,Diamond,18 258,11 100,18 000,Yes,N,0
SP,Don Newcombe,L,R,66,66,45,51,48,61,21,66,53,65,64,68,36,Normal,Spray,Spray,86,113,88,115,113,89,108,91,123,101,73,70,1,1,1,31,28,28,25,9,5,8,68,-,-,-,-,-,-,-,-,8,6,5,28,No,84879,Diamond,21 185,16 000,0,Yes,N,0
CL,Cade Smith,R,R,21,21,18,14,2,13,15,21,18,14,2,13,15,Normal,Normal,Normal,118,91,84,73,100,113,94,83,78,102,16,49,4,4,1,23,33,53,33,3,3,3,71,-,55,9,17,-,-,-,-,26,24,14,40,Yes,82450,Diamond,7 008,6 000,13 999,Yes,N,0
SP,Spencer Strider,R,R,20,20,16,17,2,15,11,20,16,17,2,15,11,Normal,Normal,Normal,99,76,78,74,77,111,79,81,79,80,55,43,2,2,2,17,19,54,22,11,16,23,49,-,29,-,-,-,-,-,-,13,16,18,6,No,82161,Diamond,16 245,12 000,19 199,Yes,N,0
2B,Brice Turang,L,R,97,97,91,72,64,92,82,98,93,74,72,97,85,Groundball,Spray,Spray,1,25,1,74,1,1,26,1,77,1,5,-,1,1,2,81,86,59,89,66,55,53,138,-,87,97,77,76,71,48,63,54,82,73,89,No,81931,Diamond,4 670,0,4 689,No,N,0
RP,Alex Vesia,L,L,1,1,4,3,1,3,1,1,4,3,1,3,1,Normal,Normal,Normal,115,125,74,158,109,120,116,62,135,107,14,54,-,-,-,27,20,23,23,6,9,9,55,-,-,-,-,-,-,-,-,5,6,4,5,Yes,84891,Diamond,6 068,4 610,6 800,No,N,0
SS,Mookie Betts,R,R,71,70,82,94,93,98,97,72,82,88,90,93,95,Normal,Ex. Pull,Pull,1,24,1,72,1,1,26,1,77,1,5,-,-,-,-,86,84,73,78,62,62,80,141,-,72,98,85,81,74,48,73,30,75,31,96,No,81784,Diamond,4 729,0,4 598,Yes,N,0
SP,Shane Bieber,R,R,1,1,4,3,1,3,1,1,4,3,1,2,1,Normal,Spray,Spray,147,85,71,95,81,131,92,83,100,88,75,53,-,-,-,28,22,24,23,5,10,10,58,-,-,-,-,-,-,-,-,6,6,4,7,No,83867,Diamond,5 769,4 001,5 700,No,N,0
SP,Dylan Cease,R,R,17,16,22,4,5,8,28,18,21,3,4,7,25,Normal,Normal,Normal,100,81,70,71,86,110,87,71,77,93,66,38,1,1,1,29,9,68,14,23,13,20,55,-,39,-,-,-,6,-,-,12,8,13,15,No,82518,Diamond,4 299,0,4 198,Yes,N,0
RP,Neal Cotts,L,L,1,1,4,2,1,2,1,1,4,3,1,3,1,Normal,Normal,Normal,107,104,75,112,101,89,136,60,109,150,17,115,-,-,-,35,20,26,23,9,8,4,65,-,-,-,-,-,-,-,-,5,6,5,5,No,83298,Diamond,5 416,0,4 585,No,N,0
CL,Tom Gordon,R,R,1,1,4,3,1,3,1,1,4,3,1,3,1,Normal,Normal,Normal,88,133,75,101,150,99,116,58,110,120,18,84,-,-,-,24,25,25,26,10,3,6,56,-,-,-,-,-,-,-,-,5,6,4,5,No,82695,Diamond,4 794,0,4 500,No,N,0
SP,George Kirby,R,R,17,19,17,19,4,8,14,17,16,17,4,7,15,Normal,Spray,Spray,80,81,113,83,80,78,81,109,83,80,71,49,2,2,1,23,44,56,31,3,3,3,79,-,60,12,24,-,-,-,-,20,21,15,25,No,82252,Diamond,4 754,0,4 700,Yes,N,0
SP,Jacob Misiorowski,R,R,18,19,18,15,8,17,17,18,17,14,7,16,15,Normal,Spray,Spray,116,78,69,85,75,122,80,70,85,78,58,40,1,1,1,19,20,27,20,4,4,4,46,-,44,-,-,-,-,-,-,9,15,7,6,No,81947,Diamond,9 876,10 000,13 000,No,N,0
1B,Matt Olson,L,R,89,89,81,95,99,92,74,90,82,100,100,97,75,Normal,Spray,Spray,1,28,1,83,1,1,28,1,84,1,-,-,-,-,-,37,38,40,55,44,47,68,83,-,76,30,20,-,49,18,46,13,16,4,25,No,82147,Diamond,5 396,4 002,4 889,Yes,N,0
SP,Joe Ryan,R,R,26,27,32,33,2,27,37,26,31,32,1,26,36,Normal,Pull,Pull,83,77,94,94,69,93,81,101,95,75,63,52,1,1,3,23,12,56,3,15,27,10,48,-,34,-,-,-,-,-,-,20,27,12,20,No,82355,Diamond,4 462,0,4 598,Yes,N,0
2B,Bonnie Serrell,L,R,96,94,97,74,75,62,97,97,105,76,81,65,105,Groundball,Normal,Pull,1,8,1,18,3,1,9,1,21,3,1,8,1,1,1,94,67,45,92,6,11,9,-,-,81,102,-,-,-,-,-,65,70,45,56,No,84553,Diamond,6 012,4 066,5 995,Yes,N,0
SP,Logan Webb,R,R,21,23,21,32,8,18,20,21,20,31,7,16,19,Normal,Spray,Spray,77,92,97,68,104,80,95,99,67,110,81,41,1,1,2,25,20,32,3,27,18,50,52,-,38,-,-,-,21,-,14,19,17,16,25,No,81732,Diamond,4 173,0,4 299,Yes,N,0
1B,Kevin Youkilis,R,R,96,135,90,93,87,151,58,88,80,98,106,126,74,Normal,Pull,Pull,1,3,1,1,4,1,3,1,1,4,1,10,-,-,-,73,75,84,39,48,60,56,-,-,86,-,77,-,53,-,-,39,63,23,47,No,84197,Diamond,4 507,0,4 507,No,N,0
LF,Beals Becker,L,L,115,91,90,65,83,58,88,125,111,97,93,69,92,Normal,Normal,Normal,1,1,1,1,1,1,1,1,1,1,1,12,-,-,-,2,1,8,8,68,48,74,-,-,-,-,-,-,77,54,74,64,79,70,69,No,83812,Diamond,4 232,0,4 230,No,N,0
SP,Barney Brown,L,L,83,69,64,61,61,86,61,88,82,77,88,88,77,Normal,Spray,Normal,84,88,93,55,105,85,95,88,97,95,66,60,-,-,-,29,53,36,25,72,59,59,84,-,-,-,-,-,79,57,72,38,11,3,28,No,84528,Diamond,11 392,6 100,12 000,Yes,N,0
C,William Contreras,R,R,90,93,94,81,79,97,93,90,92,79,77,91,91,Normal,Pull,Pull,1,28,1,84,1,1,27,1,79,1,1,-,64,64,69,30,32,58,26,36,39,56,77,63,49,12,22,-,36,-,31,16,72,18,40,No,81935,Diamond,4 399,0,5 798,No,N,0
RF,Nelson Cruz,R,R,118,135,107,68,131,114,81,113,90,60,125,81,69,Groundball,Pull,Pull,1,2,1,1,3,1,2,1,1,3,1,10,-,-,-,9,2,6,2,55,71,60,-,-,-,-,-,-,64,-,58,9,11,9,26,No,83853,Diamond,4 305,0,4 300,No,N,0
2B,Johnny Evers,L,R,103,112,128,66,12,92,132,100,126,75,30,105,151,Groundball,Pull,Pull,1,3,1,1,4,1,3,1,1,4,1,19,-,-,-,112,75,71,99,5,8,2,-,-,-,124,-,-,-,-,-,71,84,59,60,No,83778,Diamond,4 681,0,4 585,No,N,0
SP,Logan Gilbert,R,R,18,20,18,14,6,8,15,18,16,12,6,7,14,Normal,Normal,Normal,95,77,98,83,75,88,75,94,81,72,79,44,1,1,1,26,35,67,12,18,15,12,77,-,63,-,25,-,2,-,-,16,16,8,24,No,82253,Diamond,4 705,4 500,4 611,Yes,N,0
SS,Gunnar Henderson,L,R,80,79,75,109,96,89,73,81,79,108,101,90,78,Line Drive,Pull,Pull,1,24,1,72,1,1,27,1,79,1,1,-,1,1,2,81,79,84,86,60,60,65,138,-,103,95,88,81,69,42,64,61,83,56,62,No,82642,Diamond,4 556,0,4 300,No,N,0
SP,Jimmy Key,R,L,17,17,14,37,6,35,11,17,14,37,6,35,11,Normal,Normal,Normal,85,70,144,88,62,83,94,133,82,100,87,68,-,-,-,35,32,32,30,1,1,7,77,-,-,-,-,-,-,-,-,16,6,5,28,No,84077,Diamond,4 607,0,4 588,No,N,0
SS,Herman Long,L,R,61,67,90,109,88,97,124,58,77,75,104,85,100,Normal,Normal,Normal,1,2,1,1,3,1,2,1,1,3,1,8,-,-,-,105,81,94,89,10,4,10,-,-,-,-,-,103,-,-,-,76,87,90,101,No,82741,Diamond,4 113,0,4 084,No,N,0
SP,Cristopher Sanchez,L,L,34,34,30,32,11,38,26,34,30,32,11,38,26,Normal,Normal,Normal,92,93,101,73,103,80,83,94,67,92,73,67,2,2,1,28,21,49,14,15,20,34,61,-,53,-,-,-,2,-,-,21,6,10,47,No,82065,Diamond,9 118,8 005,11 490,No,N,0
CL,Kazuhiro Sasaki,R,R,1,1,4,3,1,3,1,1,4,3,1,3,1,Normal,Normal,Normal,103,87,119,111,75,79,108,120,137,94,17,61,-,-,-,27,20,23,23,9,2,10,55,-,-,-,-,-,-,-,-,5,6,4,6,Yes,84813,Diamond,5 665,4 002,5 550,Yes,N,0
SP,Luis Tiant,L,L,1,1,24,1,1,62,35,1,27,1,1,63,38,Normal,Normal,Pull,111,99,90,103,97,95,85,87,85,85,71,60,1,1,1,29,32,28,25,45,56,56,70,-,-,-,-,-,49,-,-,16,6,4,28,No,84523,Diamond,11 035,10 000,18 666,Yes,N,0
SP,Brandon Woodruff,L,R,7,8,12,9,2,6,14,7,11,10,1,6,12,Normal,Normal,Normal,86,82,93,100,73,85,80,93,94,73,61,47,3,3,5,19,19,62,13,34,17,10,52,-,38,-,7,-,18,-,-,18,23,9,22,No,81948,Diamond,4 108,0,4 015,Yes,N,0
RP,Pedro Borbon,R,L,2,2,5,3,1,3,1,2,5,3,1,3,1,Normal,Normal,Normal,156,130,91,95,148,54,110,90,88,122,16,37,-,-,-,35,20,26,23,1,4,5,65,-,-,-,-,-,-,-,-,9,6,3,14,No,83305,Diamond,4 971,0,4 546,No,N,0
SS,Ray Chapman,R,R,104,102,96,100,21,132,88,105,106,107,66,94,103,Groundball,Normal,Normal,1,1,1,1,1,1,1,1,1,1,1,8,-,-,-,102,67,77,99,5,3,5,-,-,-,122,97,100,-,-,-,91,106,102,95,No,83678,Diamond,25 892,0,0,No,Y,5
SP,Bill Hallahan,R,L,27,37,27,67,37,64,5,22,17,64,24,65,11,Normal,Normal,Normal,116,117,59,153,100,118,98,54,74,110,72,92,-,-,-,27,13,21,24,2,4,4,47,-,-,-,-,-,-,-,-,19,9,7,29,No,84071,Diamond,4 366,0,4 488,No,N,0
SP,Noah Schultz,L,L,14,12,20,5,10,12,28,15,21,5,10,12,28,Normal,Normal,Normal,116,122,75,98,135,108,104,75,76,118,56,55,1,1,1,47,49,42,54,27,23,23,95,-,110,-,-,-,16,-,1,17,5,25,21,Yes,84626,Diamond,5 169,4 001,5 165,No,N,0
SS,Ted Strong,S,R,93,104,93,66,90,109,80,90,87,69,94,118,84,Normal,Pull,Spray,1,7,1,20,1,1,6,1,16,1,1,24,1,1,1,78,64,76,69,61,70,84,-,-,99,-,74,67,-,-,75,57,71,39,55,No,84564,Diamond,5 042,4 001,5 331,No,N,0
CF,George Van Haltren,L,L,80,68,79,75,72,82,94,84,95,79,90,89,107,Normal,Normal,Normal,46,33,62,1,49,42,30,60,1,45,25,4,-,-,-,10,4,8,3,64,44,71,-,-,-,-,-,-,70,46,67,83,93,89,82,No,83799,Diamond,5 389,4 002,5 400,Yes,N,0
RP,Hoyt Wilhelm,R,R,1,1,11,54,7,32,18,1,9,34,15,52,14,Normal,Pull,Pull,74,97,45,134,79,121,102,133,135,86,53,57,-,-,-,29,49,34,23,6,6,7,82,-,-,-,-,-,-,-,-,16,6,5,28,No,84054,Diamond,33 942,19 569,38 788,Yes,N,0
LF,Randy Arozarena,R,R,88,94,83,129,96,134,73,86,81,122,73,111,78,Line Drive,Pull,Pull,1,2,1,1,3,1,2,1,1,3,1,22,-,-,-,4,10,4,4,78,110,93,-,-,-,-,-,-,104,-,103,89,95,76,96,No,82922,Diamond,4 204,0,4 996,No,N,0
CF,Cool Papa Bell,S,L,88,94,98,65,88,91,98,86,91,64,86,82,95,Normal,Spray,Pull,23,29,32,34,27,23,28,32,30,28,95,53,1,1,1,53,22,47,20,86,85,70,84,-,55,-,-,-,103,83,96,95,97,89,88,No,84550,Diamond,5 665,4 100,5 555,Yes,N,0
1B,Yandy Diaz,R,R,100,103,106,65,79,85,100,100,103,63,77,83,98,Normal,Normal,Normal,1,25,1,75,1,1,25,1,74,1,1,-,4,4,6,33,39,59,43,40,45,72,84,-,63,24,30,-,45,14,44,4,12,8,58,No,82538,Diamond,4 005,1 150,4 006,Yes,N,0
RP,John Habyan,R,R,1,1,4,3,1,3,1,1,4,3,1,3,1,Normal,Spray,Spray,68,122,95,72,147,98,101,91,88,108,22,115,-,-,-,30,20,24,23,8,3,9,58,-,-,-,-,-,-,-,-,7,6,5,9,No,83315,Diamond,4 494,0,4 698,No,N,0
SP,Dan Haren,R,R,35,47,38,75,16,37,32,31,30,110,31,37,30,Normal,Spray,Spray,108,102,88,162,72,100,80,118,86,77,73,73,-,-,-,30,45,33,23,10,6,3,80,-,-,-,-,-,-,-,-,8,6,4,28,No,84080,Diamond,4 396,0,4 320,No,N,0
C,Jason Kendall,R,R,107,114,119,118,81,89,114,105,119,69,60,77,125,Normal,Spray,Spray,1,1,1,1,1,1,1,1,1,1,1,22,72,70,55,3,5,8,10,9,5,1,-,64,-,-,-,-,-,-,-,71,99,74,69,No,84792,Diamond,5 348,4 001,5 500,No,N,0
SP,Jack Lynch,R,R,6,6,61,52,4,60,107,6,60,51,4,58,102,Normal,Pull,Pull,84,87,133,87,87,81,84,138,82,86,97,49,-,-,-,27,20,21,16,5,7,1,52,-,-,-,-,-,-,-,-,89,90,100,62,No,83321,Diamond,17 174,12 001,17 775,Yes,N,0
SP,Cam Schlittler,R,R,15,16,29,13,17,11,36,15,29,12,16,10,35,Normal,Pull,Pull,87,88,82,88,89,91,91,83,89,92,66,38,1,1,1,24,20,52,12,33,25,26,57,-,48,-,8,-,23,-,9,17,16,20,15,No,82580,Diamond,15 281,10 500,16 700,Yes,N,0
CL,Devin Williams,R,R,34,34,28,13,15,23,17,34,28,13,15,23,17,Normal,Normal,Normal,115,89,70,94,87,136,93,73,91,94,14,34,1,1,3,24,23,57,17,13,18,30,61,-,44,-,14,-,-,-,-,24,13,10,50,No,84585,Diamond,4 270,0,4 090,Yes,N,0
C,Tom Young,L,R,97,81,87,104,77,83,93,104,104,117,104,84,96,Normal,Normal,Spray,8,15,19,21,12,8,25,19,43,17,50,60,67,67,71,25,21,22,19,45,56,56,53,67,-,-,-,-,49,-,-,67,89,64,61,No,84557,Diamond,5 217,4 001,5 200,Yes,N,0
CF,Pete Crow-Armstrong,L,L,93,95,84,85,87,62,73,93,84,89,95,64,75,Normal,Pull,Pull,1,26,1,78,1,1,25,1,74,1,1,-,1,1,3,36,44,61,23,105,93,81,87,-,61,-,-,-,127,112,121,90,89,93,67,No,81990,Diamond,4 062,0,4 125,Yes,N,0
3B,Heinie Groh,R,R,91,97,112,98,10,110,120,90,111,120,28,90,136,Normal,Spray,Spray,1,1,1,1,1,1,1,1,1,1,1,14,-,-,-,83,85,83,79,1,7,8,-,-,-,96,91,-,-,-,-,64,82,80,62,No,83795,Diamond,4 464,4 001,4 250,No,N,0
1B,Mike Hargrove,L,L,90,93,114,45,45,132,138,90,115,47,48,151,150,Groundball,Spray,Spray,1,2,1,1,3,1,2,1,1,3,1,21,-,-,-,47,39,43,59,58,48,52,-,-,68,-,-,-,61,-,-,33,67,12,35,No,83817,Diamond,7 963,6 251,8 877,No,N,0
2B,Edouard Julien,L,R,98,68,67,81,69,123,67,111,96,98,108,144,80,Normal,Ex. Pull,Pull,1,2,1,1,3,1,3,1,3,3,1,11,-,-,-,49,70,36,60,10,9,3,-,-,-,53,-,-,-,-,-,52,101,61,61,Yes,84213,Diamond,5 195,4 001,5 000,Yes,N,0
LF,Wyatt Langford,R,R,87,87,84,96,88,92,82,88,85,91,85,86,82,Normal,Pull,Pull,1,26,6,76,1,1,26,6,78,1,8,20,28,28,47,33,47,56,28,72,68,68,86,19,62,20,29,-,83,60,78,48,81,65,51,No,82203,Diamond,4 107,0,4 068,Yes,N,0
LF,Matty McIntyre,L,L,98,110,105,75,37,106,93,96,99,88,60,96,98,Groundball,Spray,Spray,1,3,1,1,4,1,3,1,1,4,1,12,-,-,-,3,6,5,4,102,103,70,-,-,-,-,-,-,123,107,114,71,79,79,64,No,84180,Diamond,5 512,4 428,5 600,Yes,N,0
RF,Fernando Tatis Jr.,R,R,91,92,88,74,70,99,82,91,87,75,70,90,82,Normal,Ex. Pull,Pull,1,28,1,83,1,1,27,1,81,1,1,-,1,1,1,60,70,90,55,72,72,85,119,-,94,63,74,56,88,65,87,47,83,63,72,No,81753,Diamond,4 399,0,4 400,Yes,N,0
SP,Kyle Bradish,R,R,26,27,25,23,4,12,25,26,25,21,4,11,24,Normal,Spray,Spray,87,82,76,74,87,89,85,77,75,90,60,50,1,1,5,24,42,56,16,18,28,30,78,-,59,2,22,-,9,-,-,15,11,14,19,No,84391,Gold,1 192,1 001,1 193,Yes,N,0
SP,Dave Brown,L,L,23,23,30,58,3,62,36,24,31,60,4,63,37,Normal,Spray,Pull,106,89,81,80,94,102,88,79,81,92,83,60,1,1,1,29,26,27,25,53,59,65,64,-,-,-,-,-,-,-,56,8,6,4,28,No,84506,Gold,2 416,1 152,2 700,Yes,N,0
SS,Yu Chang,R,R,115,136,113,113,95,97,89,109,95,87,96,70,79,Groundball,Spray,Spray,1,1,1,1,1,1,1,1,1,2,1,20,-,-,-,88,103,82,90,1,3,2,-,-,96,110,102,95,-,-,-,71,78,56,76,No,82774,Gold,1 623,1 001,1 700,Yes,N,0
CF,Oscar Charleston,L,L,63,63,75,82,69,96,91,64,79,101,84,88,99,Normal,Pull,Normal,11,29,17,29,29,11,31,17,32,31,81,80,59,55,62,53,72,62,70,90,77,69,114,53,60,-,-,-,105,87,98,57,70,56,73,No,84545,Gold,1 812,1 450,1 778,Yes,N,0
SP,Reid Detmers,L,L,23,23,22,13,7,20,22,23,22,13,7,20,22,Normal,Pull,Pull,94,78,84,78,78,92,75,84,75,76,63,99,4,4,2,15,24,57,3,31,51,7,49,-,32,-,-,-,21,-,-,16,12,17,20,No,82321,Gold,1 461,1 001,1 494,No,N,0
CL,Edwin Diaz,R,R,27,27,23,25,7,26,20,27,23,25,7,26,20,Normal,Normal,Normal,142,77,75,73,79,130,80,72,81,80,15,43,-,-,-,24,24,51,9,-,-,-,59,-,44,-,9,-,-,-,-,22,21,21,23,No,81793,Gold,2 610,1 454,2 440,Yes,N,0
3B,Sid Gordon,R,R,50,59,81,84,128,148,111,48,74,77,111,170,100,Normal,Normal,Normal,1,2,1,1,3,1,2,1,1,3,1,12,-,-,-,48,78,64,34,56,81,64,-,-,67,-,55,-,68,-,62,17,9,13,63,Yes,85304,Gold,1 597,1 015,1 472,No,N,0
RP,Chris Hammond,L,L,10,11,8,2,1,3,1,10,8,4,1,4,1,Normal,Spray,Spray,105,126,81,131,124,68,139,57,119,150,20,70,-,-,-,35,13,24,23,8,4,9,57,-,-,-,-,-,-,-,-,5,6,4,5,Yes,85218,Gold,1 574,1 001,1 555,No,N,0
RP,Hunter Harvey,R,R,27,27,26,14,2,32,27,27,26,14,2,32,27,Normal,Normal,Normal,88,84,93,82,85,95,89,96,85,91,16,38,3,3,2,16,27,47,5,7,24,26,52,-,38,-,-,-,-,-,-,14,2,14,25,No,82002,Gold,1 260,0,1 400,Yes,N,0
SP,Teddy Higuera,S,L,1,1,4,2,1,2,1,1,4,3,1,3,1,Normal,Spray,Spray,106,85,82,110,73,91,83,75,99,76,82,77,-,-,-,35,31,30,23,3,10,1,76,-,-,-,-,-,-,-,-,5,6,5,5,No,83309,Gold,1 635,0,1 450,No,N,0
C,Carter Jensen,L,R,73,68,66,72,91,102,66,75,78,93,110,117,83,Normal,Ex. Pull,Pull,1,26,8,76,1,1,26,8,77,1,9,14,59,54,67,24,30,63,16,39,43,67,69,55,42,-,20,-,42,-,40,56,98,39,25,Yes,84644,Gold,1 500,1 333,1 488,No,N,0
SS,Eddie Joost,R,R,69,92,74,85,122,158,56,61,63,82,93,149,66,Normal,Normal,Normal,1,1,1,1,2,1,1,1,1,2,1,9,-,-,-,101,79,71,107,7,5,6,-,-,-,120,93,97,-,-,-,48,51,42,64,No,83978,Gold,1 641,1 137,1 649,Yes,N,0
2B,Tony Lazzeri,R,R,96,84,75,61,78,76,67,100,73,75,116,97,41,Normal,Normal,Normal,1,1,1,1,1,1,1,1,1,1,1,6,-,-,-,106,86,78,59,9,8,7,-,-,-,109,96,94,-,-,-,67,78,76,64,No,83832,Gold,1 398,1 111,1 515,Yes,N,0
SP,Nolan McLean,R,R,67,68,54,66,85,62,36,67,53,65,83,61,35,Normal,Pull,Pull,91,82,73,86,81,98,86,74,87,86,63,64,1,1,1,54,42,79,40,37,39,78,100,-,80,43,51,34,42,-,43,27,26,28,26,No,82089,Gold,1 574,1 250,1 554,No,N,0
1B,Munetaka Murakami,L,R,74,72,64,57,109,121,54,75,66,60,113,126,56,Normal,Pull,Pull,1,20,1,60,1,1,21,1,61,1,-,-,-,-,-,47,46,66,44,42,35,50,96,-,80,39,43,28,41,11,34,23,67,45,42,No,84975,Gold,2 157,1 661,2 248,Yes,N,0
SP,Old Hoss Radbourn,R,R,41,42,66,35,38,87,87,41,65,34,37,87,85,Normal,Normal,Normal,82,95,94,153,67,85,97,90,156,68,128,71,-,-,-,28,28,30,33,55,54,67,66,-,36,-,-,-,-,-,59,55,85,91,50,No,82687,Gold,2 180,1 850,2 199,Yes,N,0
SP,Elmer Rodriguez,L,R,27,29,26,21,6,17,24,27,25,21,6,17,24,Normal,Normal,Normal,94,106,59,94,113,94,113,62,99,121,66,48,3,3,2,18,14,64,10,11,25,22,46,-,34,-,-,-,-,-,-,23,15,6,49,No,84749,Gold,1 770,1 159,1 776,No,N,0
1B,Andre Thornton,R,R,52,42,68,57,123,131,91,56,62,70,119,103,68,Normal,Pull,Pull,1,3,1,1,4,1,3,1,2,4,1,14,-,-,-,32,26,29,31,5,6,7,-,-,52,-,-,-,-,-,-,48,44,37,40,No,84373,Gold,1 141,0,1 222,Yes,N,0
RF,Kyle Tucker,L,R,68,68,79,73,91,95,94,69,80,79,93,102,94,Normal,Pull,Pull,1,27,1,80,1,1,28,1,84,1,1,-,1,1,1,27,25,58,3,65,66,76,65,-,51,-,14,-,78,52,75,50,85,65,70,No,81781,Gold,2 404,2 000,2 457,Yes,N,0
RF,Dixie Walker,L,R,76,67,84,93,60,91,108,80,100,70,73,121,132,Normal,Spray,Spray,1,1,1,1,1,1,1,1,2,1,1,2,-,-,-,7,1,5,8,54,44,54,-,-,-,-,-,-,56,29,49,34,67,21,36,No,83993,Gold,3 193,3 000,3 500,Yes,N,0
SP,Jesse Barnes,L,R,36,25,30,44,8,25,34,40,40,66,4,28,44,Normal,Normal,Normal,50,76,131,62,84,60,89,150,121,73,87,98,-,-,-,27,42,32,28,1,4,7,77,-,-,-,-,-,-,-,-,65,64,76,60,No,82689,Gold,2 398,1 002,2 333,Yes,N,0
SS,Jeff Blauser,R,R,106,88,83,75,91,121,78,115,93,68,83,107,72,Groundball,Pull,Pull,1,1,1,1,1,1,1,1,2,1,1,1,-,-,-,72,76,75,70,4,10,5,-,-,-,81,76,66,-,-,-,54,72,54,53,No,84185,Gold,1 219,0,1 270,Yes,N,0
RF,Willard Brown,R,R,87,89,94,95,99,58,97,87,91,92,93,53,93,Normal,Normal,Normal,1,11,1,20,7,1,11,1,20,7,1,16,1,1,1,80,65,78,70,88,49,73,-,-,-,83,76,69,98,82,93,64,79,77,66,No,84539,Gold,5 380,1 452,8 775,Yes,N,0
SP,Madison Bumgarner,R,L,55,55,44,30,131,83,35,55,44,25,124,38,36,Flyball,Spray,Spray,79,108,104,85,120,97,78,109,87,74,93,59,-,-,-,26,20,23,23,1,6,2,53,-,-,-,-,-,-,-,-,5,6,4,5,No,84660,Gold,1 248,0,1 299,No,N,0
RP,Tyler Clippard,R,R,14,14,12,36,2,20,9,14,12,36,2,19,9,Normal,Spray,Spray,89,101,51,104,100,130,106,70,106,107,17,98,-,-,-,27,20,23,23,2,10,3,55,-,-,-,-,-,-,-,-,16,6,5,28,No,84072,Gold,1 363,0,1 245,No,N,0
3B,Ray Dandridge,R,R,130,132,137,106,55,60,120,129,131,104,52,59,114,Groundball,Normal,Normal,1,9,1,19,4,1,9,1,19,4,1,11,53,53,53,94,79,101,85,6,8,3,-,-,-,108,105,96,-,-,-,66,81,63,64,No,84875,Gold,1 443,1 025,1 444,Yes,N,0
2B,Brian Dozier,R,R,62,69,76,96,142,87,86,60,74,90,126,80,91,Normal,Ex. Pull,Pull,1,1,1,1,1,1,1,1,1,1,1,3,-,-,-,89,98,37,93,8,5,2,-,-,-,108,-,-,-,-,-,78,103,67,103,No,85529,Gold,8 366,5 000,17 331,No,N,0
C,Danny Jansen,R,R,65,32,79,67,114,154,124,70,71,67,141,76,73,Flyball,Spray,Spray,1,6,1,1,9,1,8,1,6,9,1,9,97,54,71,2,1,8,4,6,6,5,-,80,-,-,-,-,-,-,-,19,16,7,27,No,83635,Gold,6 449,0,2 501,No,Y,5
CF,Ray Lankford,L,L,79,67,67,91,104,84,69,83,72,132,104,135,63,Normal,Normal,Normal,1,1,1,1,1,1,1,1,2,1,1,5,-,-,-,5,5,10,6,78,44,50,-,-,-,-,-,-,81,63,-,62,73,80,74,No,83987,Gold,1 277,1 001,1 293,Yes,N,0
1B,Sam Leslie,L,L,115,124,110,82,57,87,91,113,117,61,50,91,112,Groundball,Pull,Pull,1,1,1,1,1,1,1,1,1,1,1,18,-,-,-,30,48,36,31,9,1,1,-,-,55,-,-,-,-,-,-,47,34,23,44,No,83744,Gold,2 339,1 810,2 164,Yes,N,0
CL,Andres Munoz,R,R,30,31,26,27,1,24,19,30,23,26,1,23,18,Normal,Normal,Normal,118,85,73,85,85,123,88,73,90,88,15,54,1,1,1,40,44,48,21,18,11,3,88,-,72,20,26,8,-,-,-,19,8,19,30,No,82249,Gold,2 528,1 666,7 700,Yes,N,0
CL,Andres Munoz,R,R,30,31,26,27,1,24,19,30,23,26,1,23,18,Normal,Normal,Normal,118,85,73,85,85,123,88,73,90,88,15,54,1,1,1,40,44,48,21,18,11,3,88,-,72,20,26,8,-,-,-,19,8,19,30,No,82249,Gold,2 528,1 666,7 700,No,N,0
C,Mitchell Murray,R,R,76,76,80,74,93,84,86,76,79,73,91,84,84,Normal,Pull,Normal,1,8,1,19,3,1,8,1,19,3,1,15,70,71,67,57,61,32,62,75,62,62,-,69,-,57,-,-,-,63,77,48,70,48,57,No,84541,Gold,1 669,1 025,1 667,Yes,N,0
1B,Ben Rice,L,R,69,69,71,76,100,94,75,70,74,82,109,99,80,Normal,Pull,Pull,1,25,1,75,1,1,27,1,80,1,1,23,43,45,56,24,27,24,21,33,29,20,58,38,44,-,-,-,23,-,5,39,67,22,34,No,82572,Gold,4 164,3 302,4 100,Yes,N,0
C,David Ross,R,R,109,133,93,117,74,90,63,101,97,128,22,135,89,Line Drive,Normal,Normal,1,1,1,1,1,1,3,1,1,4,1,25,89,94,96,7,7,5,2,9,7,9,-,101,-,-,-,-,-,-,-,9,6,5,14,No,83574,Gold,1 655,0,1 400,No,N,0
SP,Brandon Sproat,R,R,18,18,21,15,7,17,25,18,21,15,7,17,25,Normal,Normal,Normal,87,82,79,98,74,93,94,81,108,87,61,49,-,-,5,28,23,66,16,30,9,17,68,-,50,-,21,-,8,-,-,15,17,13,16,No,84631,Gold,1 401,1 200,1 400,No,N,0
CF,Clint Thomas,R,R,76,72,79,122,87,96,89,78,81,105,85,83,87,Normal,Normal,Spray,1,10,1,17,7,1,11,1,21,7,1,6,45,47,55,70,61,47,72,98,74,69,-,40,-,72,52,-,113,98,106,78,78,87,68,No,84536,Gold,1 679,1 077,1 777,Yes,N,0
SP,Framber Valdez,L,L,13,13,14,10,5,13,13,14,15,11,6,14,14,Normal,Normal,Normal,83,97,81,87,102,73,92,76,87,95,68,76,1,1,1,24,50,53,43,3,3,3,83,-,48,-,-,-,-,-,-,20,17,21,24,No,82423,Gold,1 157,0,1 179,Yes,N,0
CF,Richie Ashburn,L,R,98,133,120,31,35,148,100,90,107,35,41,133,122,Groundball,Pull,Pull,1,3,1,1,4,1,3,1,1,4,1,19,-,-,-,4,9,10,7,71,60,91,-,-,-,-,-,-,85,62,86,75,65,59,83,No,83989,Gold,5 519,3 033,9 999,Yes,N,0
RF,Dylan Beavers,L,R,79,76,82,82,82,117,91,81,93,90,94,108,107,Normal,Pull,Pull,1,43,52,80,25,1,43,51,79,25,71,44,1,1,2,27,29,55,22,57,66,75,71,-,57,5,17,-,69,41,66,113,107,87,89,No,84639,Gold,2 582,1 250,3 881,No,N,0
2B,Jazz Chisholm Jr.,L,R,76,76,73,66,93,86,71,76,75,67,101,91,75,Normal,Pull,Pull,1,28,1,82,1,1,28,1,82,1,1,-,1,1,1,74,67,75,80,76,74,68,126,-,77,83,74,67,89,66,83,69,89,87,66,No,82573,Gold,2 893,1 811,8 888,Yes,N,0
LF,Thad Christopher,L,R,78,76,75,71,91,94,75,79,79,73,97,98,80,Normal,Pull,Normal,1,7,1,17,2,1,8,1,20,2,1,5,53,53,53,5,3,2,3,63,59,66,-,45,-,-,-,-,72,47,67,59,64,38,53,No,84544,Gold,1 644,1 350,1 999,Yes,N,0
CF,Michael Harris II,L,L,95,92,92,78,89,49,89,96,96,80,90,54,93,Normal,Normal,Normal,1,45,33,78,29,1,45,32,80,28,58,48,3,3,2,16,29,66,7,93,73,64,59,-,34,-,-,-,106,90,98,63,80,70,63,No,82146,Gold,4 003,3 400,4 555,Yes,N,0
C,Ivan Herrera,R,R,80,80,84,77,83,97,90,81,83,76,84,94,87,Normal,Pull,Pull,1,28,1,82,1,1,28,1,82,1,-,-,36,36,36,24,25,50,10,32,35,51,61,22,36,-,10,-,30,-,24,28,74,34,33,No,81879,Gold,1 381,1 121,1 400,Yes,N,0
LF,Bug Holliday,R,R,90,90,99,63,96,63,106,90,98,62,94,62,104,Normal,Normal,Normal,1,3,1,1,5,1,3,1,1,5,1,9,-,-,-,4,2,4,4,56,64,69,-,-,-,-,-,-,66,37,62,74,84,70,83,No,83794,Gold,2 920,1 778,3 333,Yes,N,0
SS,Francisco Lindor,S,R,78,79,85,75,87,81,92,78,83,76,85,82,89,Normal,Ex. Pull,Normal,1,26,2,76,1,1,25,2,74,1,4,-,8,8,6,87,96,69,67,69,69,58,146,-,83,98,87,82,79,55,71,40,84,64,80,No,82085,Gold,1 369,0,1 888,Yes,N,0
SP,Rhett Lowder,R,R,22,22,22,26,19,16,23,22,22,26,19,16,23,Normal,Spray,Normal,86,81,97,67,88,88,90,98,78,97,75,39,1,1,1,27,31,26,35,4,4,4,68,-,50,11,-,-,-,-,-,18,13,22,21,No,84636,Gold,1 288,1 175,1 300,No,N,0
SP,Max Manning,R,R,23,24,23,19,8,29,23,23,22,19,7,28,22,Normal,Spray,Pull,81,80,74,77,82,89,90,77,88,91,68,60,1,1,1,29,26,27,25,45,56,56,64,-,-,-,-,-,49,-,-,16,6,3,28,No,84490,Gold,3 023,1 201,3 770,Yes,N,0
3B,Oliver Marcell,R,R,63,64,77,70,84,101,93,63,75,69,81,97,89,Normal,Pull,Normal,2,38,30,34,40,2,37,29,32,40,49,65,1,1,1,93,72,99,84,55,62,68,143,-,-,-,100,91,-,-,60,72,77,79,66,No,84524,Gold,1 705,1 050,1 777,Yes,N,0
1B,Tino Martinez,L,R,69,63,86,61,114,86,120,71,90,76,133,104,116,Flyball,Spray,Spray,1,2,1,1,3,1,2,1,1,3,1,9,-,-,-,61,67,47,71,9,2,6,-,-,88,-,-,-,-,-,-,36,71,13,43,No,84790,Gold,4 546,2 002,4 555,Yes,N,0
SP,Satchel Paige,R,R,51,51,56,51,3,54,62,51,59,51,3,34,66,Normal,Spray,Normal,100,79,92,97,70,108,87,99,101,80,71,63,1,1,1,29,32,29,25,9,2,4,71,-,-,-,-,-,-,-,-,41,11,4,29,No,84837,Gold,13 448,5 000,13 999,Yes,N,0
RP,Mel Rojas,R,R,21,21,19,40,5,30,16,21,19,40,5,30,16,Normal,Normal,Normal,97,91,64,83,96,97,96,86,98,95,20,95,-,-,-,27,20,23,23,8,10,8,55,-,-,-,-,-,-,-,-,16,6,4,28,No,84068,Gold,1 532,0,1 199,Yes,N,0
1B,Otto Schomberg,L,L,91,81,84,72,79,111,88,95,96,75,84,105,94,Normal,Spray,Spray,1,3,1,1,5,1,3,1,1,5,1,2,-,-,-,30,19,30,43,51,63,68,-,-,38,-,-,-,-,-,56,81,89,84,79,No,82914,Gold,2 531,1 600,2 555,Yes,N,0
CL,Robert Suarez,R,R,21,21,29,30,4,41,34,21,29,30,4,41,34,Normal,Normal,Normal,98,92,92,94,92,89,87,88,93,85,15,57,2,2,2,21,30,47,20,5,16,22,62,-,43,-,10,-,-,-,-,10,5,10,15,No,82156,Gold,2 607,1 901,2 495,Yes,N,0
SP,Ed Walsh,R,R,16,13,14,93,8,28,13,18,20,68,4,43,23,Normal,Normal,Normal,96,72,82,60,78,94,78,82,80,77,80,65,-,-,-,34,37,34,31,3,6,9,79,-,-,-,-,-,-,-,-,63,73,61,59,No,83297,Gold,2 266,2 222,0,Yes,N,0
RP,Tony Watson,L,L,5,5,6,3,1,3,1,6,6,4,1,3,2,Normal,Pull,Pull,79,148,74,125,160,72,122,90,119,124,11,63,-,-,-,35,20,26,23,6,4,2,65,-,-,-,-,-,-,-,-,5,6,3,6,No,85457,Gold,2 842,1 159,2 400,No,N,0
SS,Carson Williams,R,R,92,99,76,82,116,116,53,90,71,87,108,103,51,Normal,Pull,Pull,48,66,54,84,58,52,70,61,85,63,20,38,-,-,-,110,106,114,108,66,54,82,162,-,111,139,134,127,77,53,76,76,95,83,73,No,84635,Gold,1 396,1 001,1 443,No,N,0
LF,Smoky Joe Wood,R,R,82,95,99,99,93,80,99,77,81,89,107,69,87,Normal,Normal,Normal,1,1,1,1,1,1,1,1,1,1,1,14,-,-,-,56,52,33,59,42,49,57,-,-,-,52,-,-,45,-,40,51,73,72,45,No,83782,Gold,2 815,2 001,3 399,Yes,N,0
SP,George Zettlein,R,R,15,15,43,45,3,1,65,15,41,45,3,1,63,Normal,Spray,Spray,85,68,158,83,61,86,68,158,83,61,91,62,-,-,-,29,29,27,23,5,7,7,67,-,-,-,-,-,-,-,-,12,13,4,29,No,84091,Gold,1 966,1 150,2 325,Yes,N,0
1B,Jake Daubert,L,L,131,130,107,60,14,44,84,131,131,64,87,85,112,Groundball,Spray,Spray,1,5,1,1,7,1,5,1,1,7,1,23,-,-,-,34,64,44,34,1,3,3,-,-,63,-,-,-,-,-,-,70,74,72,65,No,83740,Gold,2 857,1 955,3 000,Yes,N,0
SP,Hod Eller,R,R,20,28,18,21,12,8,9,18,16,32,24,17,14,Normal,Spray,Spray,106,83,94,93,79,111,74,103,66,78,76,55,-,-,-,27,50,33,23,4,10,8,81,-,-,-,-,-,-,-,-,60,74,61,52,No,83320,Gold,2 936,2 700,3 444,Yes,N,0
LF,Fats Jenkins,L,R,90,90,93,51,65,97,93,91,95,52,67,98,96,Groundball,Normal,Normal,1,10,1,18,7,1,11,1,20,7,1,22,1,1,1,57,61,32,62,63,87,66,-,-,-,57,-,-,78,50,71,64,83,83,69,No,84543,Gold,1 585,1 400,2 220,Yes,N,0
SP,Walter Johnson,R,R,56,47,52,65,73,72,60,60,60,58,71,67,61,Normal,Spray,Spray,93,75,90,63,82,95,81,92,85,79,97,115,-,-,-,29,43,33,27,8,8,5,79,-,-,-,-,-,-,-,-,41,6,13,5,No,82693,Gold,2 567,1 445,2 823,Yes,N,0
SP,Michael King,R,R,25,25,21,24,5,26,17,25,21,24,5,26,17,Normal,Normal,Normal,89,82,72,91,78,92,85,73,96,80,62,54,1,1,1,15,29,43,23,2,2,2,54,-,38,-,-,-,-,-,-,14,8,15,19,No,81765,Gold,1 739,1 557,2 093,Yes,N,0
SP,Michael King,R,R,25,25,21,24,5,26,17,25,21,24,5,26,17,Normal,Normal,Normal,89,82,72,91,78,92,85,73,96,80,62,54,1,1,1,15,29,43,23,2,2,2,54,-,38,-,-,-,-,-,-,14,8,15,19,No,81765,Gold,1 739,1 557,2 093,No,N,0
SP,Michael King,R,R,25,25,21,24,5,26,17,25,21,24,5,26,17,Normal,Normal,Normal,89,82,72,91,78,92,85,73,96,80,62,54,1,1,1,15,29,43,23,2,2,2,54,-,38,-,-,-,-,-,-,14,8,15,19,No,81765,Gold,1 739,1 557,2 093,No,N,0
2B,Ketel Marte,S,R,70,71,82,83,94,83,96,70,80,77,91,86,93,Normal,Spray,Spray,1,28,1,84,1,1,28,1,82,1,-,-,3,3,3,67,68,55,63,72,63,57,119,-,84,70,58,52,80,58,72,47,76,20,70,No,81850,Gold,1 338,1 300,2 220,No,N,0
SP,Drew Rasmussen,R,R,19,18,25,25,2,16,31,20,26,23,2,15,31,Normal,Normal,Normal,71,80,94,92,74,72,89,93,115,77,54,50,1,1,1,20,12,23,5,14,28,5,35,-,27,-,-,-,-,-,-,18,12,16,26,No,82550,Gold,1 186,0,1 144,Yes,N,0
1B,Jake Stahl,R,R,95,122,81,68,122,59,46,89,70,94,135,68,49,Normal,Normal,Normal,1,1,1,1,1,1,1,1,1,1,1,13,-,-,-,57,39,52,56,53,58,55,-,-,79,-,-,-,58,-,-,72,84,67,59,No,82712,Gold,2 764,1 003,2 771,Yes,N,0
CF,Jules Thomas,R,R,82,89,93,84,100,61,94,80,83,88,98,55,88,Normal,Normal,Spray,10,26,31,34,23,13,30,32,33,29,48,34,1,1,1,25,21,22,19,81,66,72,53,-,-,-,-,-,94,74,89,74,90,93,73,No,84552,Gold,1 746,1 255,1 700,Yes,N,0
RP,Louie Varland,L,R,26,26,30,15,2,16,34,26,30,15,2,16,34,Normal,Normal,Normal,82,77,91,71,81,89,84,94,74,90,32,38,2,2,3,18,31,36,23,12,16,29,57,-,37,-,-,-,-,-,-,11,17,10,6,No,82511,Gold,1 843,1 776,1 997,Yes,N,0
RF,Wilyer Abreu,L,L,88,88,79,77,87,86,71,89,83,82,90,88,78,Normal,Normal,Normal,1,27,1,81,1,1,28,1,82,1,-,-,-,-,-,32,37,53,21,72,79,91,80,-,53,-,-,-,90,66,90,31,69,41,41,No,82607,Gold,1 161,0,1 194,Yes,N,0
1B,Jake Beckley,L,L,72,64,77,71,80,63,94,75,94,80,103,72,121,Normal,Spray,Spray,1,1,1,1,1,1,1,1,1,1,1,9,-,-,-,33,37,35,35,6,8,5,-,-,48,-,-,-,-,-,-,82,87,85,81,No,83790,Gold,3 144,2 200,3 169,Yes,N,0
SP,Shane Bieber,R,R,29,30,37,17,2,20,48,29,36,15,2,18,46,Normal,Spray,Spray,78,79,99,81,78,74,77,96,82,75,59,52,-,-,-,17,18,30,9,-,-,-,40,-,32,-,-,-,-,-,-,12,7,14,15,No,82516,Gold,1 018,0,1 045,Yes,N,0
SP,Ray Brown,S,R,67,67,63,74,65,70,59,67,62,74,64,69,58,Normal,Pull,Normal,58,88,102,76,95,61,97,105,86,103,79,60,1,1,1,51,28,45,41,72,59,59,87,-,65,34,24,-,79,57,72,37,6,5,28,No,84494,Gold,1 283,0,1 989,Yes,N,0
RP,Jonathan Broxton,R,R,11,10,8,3,1,4,1,12,8,3,1,4,1,Normal,Spray,Spray,126,83,55,77,86,129,102,78,99,104,19,60,-,-,-,30,20,24,23,6,9,3,58,-,-,-,-,-,-,-,-,5,6,4,6,No,85219,Gold,1 343,1 005,1 345,No,N,0
SP,Kris Bubic,L,L,23,23,22,18,4,18,21,23,22,18,4,18,21,Normal,Normal,Normal,84,89,75,83,93,84,86,76,77,91,62,64,1,1,2,17,23,62,24,8,23,30,55,-,38,-,-,-,-,-,-,11,18,5,9,No,82389,Gold,1 205,0,1 148,Yes,N,0
SP,Bill Force,R,R,35,35,35,72,78,72,38,35,34,72,77,71,37,Normal,Normal,Spray,82,79,84,83,77,81,77,84,81,76,68,60,1,1,1,29,22,25,25,72,59,59,60,-,-,-,-,-,79,57,72,35,11,4,29,No,84501,Gold,1 301,0,1 400,Yes,N,0
2B,Jim Gilliam,S,R,77,63,85,92,28,100,116,82,96,104,27,108,113,Normal,Normal,Normal,1,3,1,1,4,1,3,1,2,4,1,23,-,-,-,90,62,56,89,7,1,2,-,-,-,97,-,-,-,-,-,95,70,71,103,No,84382,Gold,4 431,2 702,4 000,Yes,N,0
C,Johnny Hayes,L,R,88,87,97,56,50,125,107,89,103,58,52,141,115,Groundball,Pull,Pull,1,7,1,19,1,1,7,1,19,1,1,4,74,76,82,2,2,4,2,75,62,62,-,79,-,-,-,-,-,-,-,39,64,22,49,No,84885,Gold,1 452,1 025,1 400,Yes,N,0
LF,Ken Henderson,S,R,98,133,118,113,68,91,97,90,92,101,85,114,92,Line Drive,Spray,Spray,1,2,1,1,3,1,2,1,1,3,1,13,-,-,-,6,10,6,6,71,57,95,-,-,-,-,-,-,86,63,88,84,99,58,97,No,83753,Gold,5 200,0,1 700,No,N,0
SP,Clay Holmes,R,R,44,46,37,26,2,17,31,44,36,24,2,15,30,Normal,Normal,Normal,66,95,80,87,100,72,101,83,88,108,65,56,-,-,-,26,16,43,16,15,20,45,53,-,45,-,-,-,8,-,-,18,17,18,20,No,82095,Gold,1 300,1 250,1 347,Yes,N,0
CL,Jason Isringhausen,R,R,2,2,5,3,1,3,1,2,5,3,1,3,1,Normal,Spray,Spray,92,99,87,109,95,80,99,69,115,91,17,115,-,-,-,35,13,24,23,6,3,6,57,-,-,-,-,-,-,-,-,6,6,4,7,No,82685,Gold,1 165,0,1 100,No,N,0
C,Gabriel Moreno,R,R,95,98,97,72,68,81,92,94,93,73,63,79,90,Groundball,Pull,Pull,1,26,1,78,1,1,24,1,72,1,1,-,75,76,76,42,31,22,13,6,26,19,78,77,54,10,-,-,-,-,-,26,63,23,60,No,81848,Gold,1 263,0,1 223,Yes,N,0
3B,Max Muncy,L,R,64,64,65,61,104,112,68,64,66,65,112,119,70,Flyball,Ex. Pull,Pull,1,28,1,83,1,1,28,1,82,1,-,-,-,-,-,46,69,78,45,47,45,54,109,-,75,47,60,39,48,19,42,30,16,8,45,No,81780,Gold,2 209,2 000,2 480,No,N,0
3B,Max Muncy,L,R,64,64,65,61,104,112,68,64,66,65,112,119,70,Flyball,Ex. Pull,Pull,1,28,1,83,1,1,28,1,82,1,-,-,-,-,-,46,69,78,45,47,45,54,109,-,75,47,60,39,48,19,42,30,16,8,45,No,81780,Gold,2 209,2 000,2 480,Yes,N,0
3B,Max Muncy,L,R,64,64,65,61,104,112,68,64,66,65,112,119,70,Flyball,Ex. Pull,Pull,1,28,1,83,1,1,28,1,82,1,-,-,-,-,-,46,69,78,45,47,45,54,109,-,75,47,60,39,48,19,42,30,16,8,45,No,81780,Gold,2 209,2 000,2 480,No,N,0
3B,Spike Owen,S,R,81,71,99,94,55,131,157,84,114,72,32,120,164,Normal,Normal,Normal,1,1,1,1,1,1,1,1,2,1,1,4,-,-,-,71,56,71,57,10,9,5,-,-,71,68,63,54,-,-,-,55,48,65,58,No,83816,Gold,7 414,6 700,7 221,Yes,N,0
CF,Spottswood Poles,S,R,82,82,88,75,1,98,93,82,88,76,1,104,94,Groundball,Normal,Spray,1,9,1,18,5,1,9,1,19,5,1,13,1,1,1,56,59,72,37,108,71,68,-,-,-,-,55,-,123,112,115,102,104,100,108,No,84533,Gold,1 742,1 025,1 778,Yes,N,0
CL,Ron Reed,R,R,10,17,13,36,4,19,8,8,13,25,4,34,17,Normal,Normal,Normal,89,85,111,119,69,99,73,93,58,81,24,33,-,-,-,25,48,33,26,6,9,4,79,-,-,-,-,-,-,-,-,6,6,4,8,No,83291,Gold,1 660,1 207,1 695,Yes,N,0
SP,Preacher Roe,R,L,15,24,16,21,2,60,8,12,15,26,4,38,16,Normal,Pull,Pull,81,80,110,140,50,90,62,118,64,62,83,115,-,-,-,24,39,30,26,2,6,4,72,-,-,-,-,-,-,-,-,5,6,5,5,No,83894,Gold,4 475,2 555,5 487,Yes,N,0
SP,Rube Walberg,L,L,20,28,21,46,32,25,14,18,23,62,35,40,29,Normal,Pull,Pull,96,83,81,113,69,92,71,83,75,70,74,74,-,-,-,35,18,25,23,6,7,4,63,-,-,-,-,-,-,-,-,35,71,16,28,No,83293,Gold,1 178,0,1 234,Yes,N,0
SP,George Weidman,R,R,39,40,65,73,7,41,85,39,63,72,6,39,83,Normal,Spray,Spray,85,75,97,68,79,83,72,95,62,77,94,74,-,-,-,28,19,20,14,74,60,63,53,-,-,-,-,-,-,61,76,60,85,93,63,No,83294,Gold,1 767,1 366,1 757,Yes,N,0
RP,Garrett Whitlock,R,R,23,23,21,20,6,25,20,23,21,20,6,25,20,Normal,Normal,Normal,86,77,86,75,79,107,88,94,82,92,22,44,2,2,5,25,18,46,3,32,26,60,53,-,46,-,-,-,30,-,27,15,11,11,24,No,82616,Gold,1 170,0,1 175,Yes,N,0
SP,Braxton Ashcraft,L,R,23,23,21,26,30,19,19,23,21,26,30,19,19,Normal,Pull,Pull,77,82,86,77,85,77,83,85,79,86,58,46,1,1,1,26,16,68,14,16,21,20,59,-,47,-,8,-,3,-,-,28,32,21,31,No,81917,Gold,1 467,1 101,1 411,No,N,0
CL,David Bednar,L,R,21,23,29,16,22,18,33,21,28,15,21,16,32,Normal,Normal,Normal,101,80,79,78,82,109,82,82,74,86,16,48,2,2,2,27,30,56,15,37,14,24,72,-,45,-,18,-,24,-,6,19,17,13,26,No,82583,Gold,1 339,1 002,1 400,Yes,N,0
SP,Hal Brown,R,R,1,1,6,7,1,16,6,1,8,8,1,20,10,Normal,Spray,Spray,55,78,160,86,75,55,81,128,85,80,67,66,-,-,-,24,46,32,28,1,7,3,77,-,-,-,-,-,-,-,-,5,6,4,6,No,83264,Gold,1 508,1 204,1 579,Yes,N,0
2B,Armando Cabanas,R,R,53,53,72,72,83,104,92,54,72,72,82,103,92,Normal,Normal,Spray,31,27,2,32,25,31,26,2,32,24,82,58,53,53,53,86,69,47,86,75,62,62,131,45,50,94,65,-,84,63,77,53,76,67,64,No,84549,Gold,3 155,1 669,3 000,Yes,N,0
RP,Garrett Cleavinger,R,L,15,17,35,13,8,14,51,15,34,11,7,12,49,Normal,Spray,Spray,115,93,77,123,79,110,77,78,83,75,14,70,1,1,5,24,20,51,18,35,17,15,58,-,38,-,-,-,22,-,-,13,13,15,11,No,82544,Gold,1 169,0,1 149,No,N,0
2B,Brendan Donovan,L,R,88,87,93,80,67,83,97,89,95,75,69,85,98,Groundball,Pull,Pull,1,24,1,72,1,1,26,1,77,1,1,-,1,1,2,67,79,57,63,66,67,59,124,-,85,73,64,56,75,50,67,19,58,20,63,No,82238,Gold,1 270,1 111,1 300,Yes,N,0
C,Hunter Goodman,R,R,97,100,85,117,105,65,70,96,81,110,100,64,68,Normal,Pull,Pull,1,25,1,75,1,1,24,1,72,1,1,-,57,56,59,19,25,59,15,43,44,63,58,52,32,-,11,-,46,15,42,41,11,6,49,No,81819,Gold,1 237,1 001,1 150,Yes,N,0
SP,MacKenzie Gore,L,L,27,27,23,32,9,18,20,27,23,32,9,18,20,Normal,Normal,Normal,99,76,72,76,76,100,74,73,74,75,63,62,10,10,2,25,61,59,34,3,3,3,89,-,60,-,-,-,-,-,-,23,21,15,33,No,82221,Gold,1 133,0,1 109,No,N,0
SP,Luke Hamlin,L,R,4,2,6,13,1,20,5,5,9,26,2,13,10,Normal,Normal,Normal,70,43,128,39,46,110,86,156,121,69,66,83,-,-,-,23,13,20,23,5,4,1,42,-,-,-,-,-,-,-,-,28,30,32,26,No,83285,Gold,3 218,2 555,4 400,Yes,N,0
CL,Roberto Hernandez,R,R,1,1,4,3,1,3,1,1,4,3,1,3,1,Normal,Spray,Spray,119,99,66,121,88,93,90,81,131,70,24,63,-,-,-,26,20,23,23,6,10,3,54,-,-,-,-,-,-,-,-,5,6,4,5,No,84289,Gold,1 210,0,1 339,Yes,N,0
RF,Dick Higham,L,R,89,88,94,130,85,53,97,90,98,140,90,56,105,Line Drive,Normal,Normal,1,1,1,1,2,1,1,1,1,2,1,25,59,60,61,1,4,4,2,57,72,69,-,55,-,-,-,-,-,-,64,56,85,91,81,No,82728,Gold,1 608,1 001,1 677,Yes,N,0
1B,Spencer Horwitz,L,R,93,92,92,82,64,92,89,94,94,87,70,97,91,Groundball,Normal,Normal,1,24,1,72,1,1,26,1,77,1,4,4,3,3,3,47,40,53,56,40,49,56,92,-,69,40,34,24,43,11,37,14,12,9,36,No,81897,Gold,1 333,1 265,1 424,No,N,0
CL,Raisel Iglesias,R,R,13,14,29,23,11,23,35,13,28,21,10,21,34,Normal,Normal,Normal,85,80,94,91,75,97,85,101,93,81,15,39,5,5,4,41,20,62,19,13,23,10,78,-,58,4,23,-,-,-,-,20,22,20,18,No,82157,Gold,1 777,1 311,2 222,Yes,N,0
CL,Raisel Iglesias,R,R,13,14,29,23,11,23,35,13,28,21,10,21,34,Normal,Normal,Normal,85,80,94,91,75,97,85,101,93,81,15,39,5,5,4,41,20,62,19,13,23,10,78,-,58,4,23,-,-,-,-,20,22,20,18,No,82157,Gold,1 777,1 311,2 222,No,N,0
CL,Raisel Iglesias,R,R,13,14,29,23,11,23,35,13,28,21,10,21,34,Normal,Normal,Normal,85,80,94,91,75,97,85,101,93,81,15,39,5,5,4,41,20,62,19,13,23,10,78,-,58,4,23,-,-,-,-,20,22,20,18,No,82157,Gold,1 777,1 311,2 222,No,N,0
CL,Carlos Lagrange,R,R,30,31,30,22,4,25,31,30,29,20,5,25,29,Normal,Normal,Normal,118,104,41,114,99,131,100,42,115,93,40,34,1,1,2,30,36,50,17,8,19,23,78,-,71,5,18,-,-,-,-,19,15,13,30,No,85034,Gold,1 206,0,1 228,No,N,0
DH,Edgar Martinez,R,R,90,81,91,71,112,144,100,94,89,58,88,118,82,Normal,Spray,Spray,1,3,1,1,4,1,3,1,1,4,1,17,-,-,-,29,50,36,24,8,3,10,-,-,-,-,-,-,-,-,-,6,6,5,20,No,83964,Gold,1 229,0,1 196,No,N,0
SS,Kevin McGonigle,L,R,86,85,85,89,74,81,85,87,91,97,79,90,94,Normal,Normal,Normal,1,26,1,76,1,1,27,1,79,1,1,1,1,1,1,68,74,64,69,59,67,60,124,-,72,75,67,59,68,41,61,45,70,54,64,No,85007,Gold,1 151,0,1 100,Yes,N,0
RF,Red Murray,R,R,61,75,92,70,113,66,113,54,73,67,103,70,93,Normal,Normal,Normal,1,1,1,1,1,1,1,1,1,1,1,1,-,-,-,9,6,9,8,56,51,100,-,-,-,-,-,-,69,42,74,90,94,93,85,No,82719,Gold,2 060,1 900,3 732,Yes,N,0
DH,Marcell Ozuna,R,R,75,75,73,64,91,102,72,75,72,63,91,98,71,Normal,Pull,Pull,1,26,1,77,1,1,26,1,76,1,4,-,-,-,-,23,29,42,16,40,37,44,63,-,42,-,7,-,37,3,29,23,16,5,54,No,81898,Gold,1 415,1 002,1 400,Yes,N,0
SP,Nick Pivetta,R,R,41,41,35,26,2,16,31,41,35,26,2,16,31,Normal,Normal,Normal,94,73,84,91,64,94,74,84,94,65,55,83,1,1,1,26,28,63,16,11,15,29,70,-,55,-,20,-,-,-,-,16,2,19,28,No,81766,Gold,2 160,1 352,2 250,Yes,N,0
SP,Andy Porter,R,R,10,10,30,40,67,60,40,10,29,39,66,59,39,Normal,Pull,Normal,86,77,80,70,81,88,79,81,73,83,71,60,1,1,1,29,25,26,25,11,3,10,63,-,-,-,-,-,-,-,-,16,6,4,28,No,84489,Gold,1 291,0,1 298,Yes,N,0
SP,Carlos Rodon,L,L,21,21,19,25,19,24,16,21,18,25,21,24,15,Normal,Normal,Normal,86,84,76,98,78,84,82,75,94,76,66,40,1,1,4,21,37,55,11,29,18,61,71,-,50,-,-,-,26,-,22,17,10,18,25,No,82586,Gold,1 500,1 399,1 887,Yes,N,0
SP,River Ryan,R,R,54,62,62,73,70,68,63,51,55,70,67,65,61,Normal,Normal,Normal,114,97,69,93,100,104,87,64,83,89,58,22,2,2,3,31,58,59,43,53,46,50,92,-,66,28,37,-,54,27,46,22,25,31,51,No,84643,Gold,1 351,0,3 100,No,N,0
C,Frank Snyder,R,R,113,122,109,65,61,110,91,111,94,92,33,69,77,Groundball,Pull,Pull,1,1,1,1,2,1,1,1,1,2,1,23,90,76,89,9,4,4,4,4,7,8,-,90,-,-,-,-,-,-,-,39,39,42,31,No,84178,Gold,1 094,0,1 136,No,N,0
C,Quincy Trouppe,S,R,42,43,65,92,104,135,82,42,63,90,100,128,80,Normal,Normal,Spray,10,27,20,34,24,10,26,20,32,23,48,46,71,36,70,53,22,47,43,55,62,68,86,53,67,30,24,-,64,-,60,58,70,49,57,No,84554,Gold,2 078,1 223,2 200,Yes,N,0
RF,Zollie Wright,R,R,80,80,82,59,81,102,85,80,82,60,82,102,85,Normal,Pull,Spray,1,7,1,18,2,1,7,1,19,2,1,14,1,1,1,74,65,71,70,61,82,82,-,-,67,-,69,62,78,-,76,49,12,16,34,No,84530,Gold,1 782,1 150,1 800,Yes,N,0
SS,Luke Appling,R,R,87,144,116,99,37,136,89,73,86,74,73,83,102,Groundball,Spray,Spray,1,1,1,2,1,1,1,1,1,1,1,22,-,-,-,94,61,75,73,6,2,7,-,-,-,-,80,78,-,-,-,43,69,61,80,No,84583,Gold,1 475,1 200,1 685,Yes,N,0
1B,Jonathan Aranda,L,R,91,89,79,66,89,88,71,92,83,67,92,90,75,Normal,Normal,Normal,1,27,1,80,1,1,28,1,83,1,1,-,-,-,2,42,58,48,61,60,62,51,98,-,70,43,37,26,66,40,57,5,11,9,56,No,82529,Gold,1 285,1 050,1 200,Yes,N,0
RP,Graham Ashcraft,L,R,30,30,24,23,20,12,20,30,24,23,20,12,20,Normal,Pull,Pull,81,94,75,68,107,80,96,74,72,109,32,52,2,2,4,46,35,54,22,31,31,47,87,-,72,23,28,12,28,-,21,14,6,15,22,No,81977,Gold,1 031,0,1 020,Yes,N,0
2B,Max Bishop,L,R,99,88,66,64,54,165,37,104,94,89,35,174,82,Groundball,Spray,Spray,1,5,1,1,7,1,5,1,1,7,1,3,-,-,-,69,92,47,64,8,2,4,-,-,-,79,-,-,-,-,-,27,23,34,51,No,83810,Gold,1 158,0,1 169,Yes,N,0
RP,Matt Brash,R,R,23,23,20,16,13,13,17,23,20,16,13,13,17,Normal,Normal,Normal,98,93,71,75,103,101,100,72,80,110,20,38,1,1,2,42,13,59,9,38,15,24,72,-,51,-,1,-,27,-,8,7,7,15,1,No,82247,Gold,2 364,1 980,2 398,Yes,N,0
2B,Walter Cannady,R,R,74,74,88,95,69,70,104,74,84,81,62,70,96,Normal,Spray,Spray,40,56,60,61,54,47,64,61,76,58,49,60,1,1,1,102,67,53,92,75,62,62,141,-,83,110,75,84,84,63,77,72,82,79,67,No,84514,Gold,1 970,1 155,1 888,Yes,N,0
LF,Ian Happ,S,R,82,82,76,87,91,100,72,83,76,85,90,113,71,Normal,Ex. Pull,Pull,1,24,1,72,1,1,26,1,76,1,1,-,4,4,2,49,62,58,50,55,55,67,105,-,75,48,47,34,62,34,58,19,74,24,62,No,81991,Gold,1 173,0,1 295,Yes,N,0
C,Brian Harper,R,R,100,113,151,91,66,33,182,97,142,95,77,21,195,Groundball,Spray,Spray,1,3,1,1,5,1,3,1,1,5,1,14,57,52,45,56,70,60,45,53,52,52,-,44,87,-,55,-,56,-,-,16,9,20,32,No,84173,Gold,1 238,0,1 237,Yes,N,0
1B,Tim Jordan,L,R,67,100,75,74,118,115,49,48,61,70,130,106,72,Flyball,Spray,Spray,1,2,1,2,3,1,2,1,1,3,1,18,-,-,-,41,19,22,34,5,4,10,-,-,53,-,-,-,-,-,-,61,73,62,56,No,82720,Gold,2 276,1 001,2 199,Yes,N,0
CF,Brandon Marsh,L,R,112,112,86,77,77,76,63,112,91,83,79,78,71,Normal,Normal,Normal,1,25,1,75,1,1,25,1,75,1,1,-,2,2,4,13,21,60,23,72,75,70,48,-,30,-,-,-,86,62,80,56,79,52,67,No,82052,Gold,1 517,1 151,1 517,Yes,N,0
SS,Leroy Morney,S,R,101,102,106,67,39,75,100,101,104,66,38,74,98,Groundball,Normal,Normal,1,8,1,18,4,1,9,1,19,4,1,6,1,1,1,91,69,90,78,55,62,68,-,-,82,98,91,85,64,-,60,65,70,46,56,No,84522,Gold,1 618,1 250,1 589,Yes,N,0
1B,Agustin Parpetti,R,R,46,46,67,84,116,86,86,46,67,83,114,86,86,Flyball,Pull,Spray,50,54,57,74,44,49,53,57,73,43,55,2,53,53,53,61,37,42,55,75,62,62,-,45,70,51,-,30,-,63,77,71,79,76,66,No,84540,Gold,1 791,1 250,0,Yes,N,0
1B,Vinnie Pasquantino,L,L,15,15,64,40,50,122,107,15,65,40,134,130,112,Flyball,Ex. Pull,Pull,1,3,1,1,5,1,3,1,1,5,1,13,-,-,-,27,51,48,65,1,10,3,-,-,68,-,-,-,-,-,-,16,16,4,28,No,84610,Gold,1 213,0,1 322,Yes,N,0
C,Adley Rutschman,S,R,71,73,83,92,88,91,95,71,81,93,87,92,94,Normal,Pull,Pull,1,38,10,78,19,1,39,11,77,20,19,-,72,69,63,25,32,53,22,49,47,59,72,67,49,4,17,-,53,24,47,16,16,3,49,No,82641,Gold,1 103,0,1 134,Yes,N,0
SP,Jose Soriano,R,R,39,39,34,27,20,50,32,39,34,27,20,50,32,Normal,Normal,Normal,80,91,67,87,94,88,97,70,92,100,61,52,-,-,-,22,33,48,28,26,24,48,68,-,49,6,14,-,21,-,15,20,17,17,25,No,82320,Gold,1 156,145,1 123,Yes,N,0
RP,Bryan Abreu,R,R,39,39,33,30,5,31,31,39,33,30,5,31,31,Normal,Normal,Normal,124,77,62,74,79,130,80,63,79,81,16,58,3,3,3,27,29,36,13,11,15,22,66,-,45,-,2,-,-,-,-,18,17,15,23,No,82186,Gold,1 030,0,1 068,Yes,N,0
RF,Roman Anthony,L,R,90,90,76,90,73,115,64,91,77,91,74,120,65,Line Drive,Pull,Pull,1,26,1,76,1,1,27,1,79,1,1,1,1,1,1,38,52,38,39,80,76,64,90,-,76,30,23,6,93,72,85,44,67,31,46,No,82602,Gold,1 205,0,1 199,Yes,N,0
SS,Jay Bell,R,R,108,118,105,87,42,113,87,105,90,79,38,86,74,Groundball,Normal,Normal,1,1,1,1,1,1,1,1,1,1,1,5,-,-,-,104,108,91,97,10,8,10,-,-,-,-,-,113,-,-,-,70,65,64,69,No,83967,Gold,1 294,0,1 293,Yes,N,0
SP,Frank Bradley,R,R,52,54,47,75,1,42,42,52,45,73,1,40,40,Normal,Spray,Normal,83,78,76,78,78,85,80,77,79,81,66,57,1,1,1,59,14,37,53,4,3,11,84,-,-,-,-,-,-,-,-,8,6,5,28,No,84488,Gold,1 299,0,1 289,Yes,N,0
RP,Jeremiah Estrada,S,R,19,19,20,24,10,16,21,19,20,24,10,16,21,Normal,Pull,Pull,116,76,69,78,75,131,81,70,83,80,15,59,3,3,5,41,56,56,33,18,28,43,96,-,71,33,37,21,11,-,-,16,17,15,14,No,81758,Gold,1 461,1 051,1 900,Yes,N,0
SP,Kyle Hendricks,R,R,6,6,8,4,1,17,6,7,8,7,1,8,6,Normal,Normal,Normal,66,90,87,94,88,68,92,78,113,82,74,37,-,-,-,35,25,28,23,5,3,1,70,-,-,-,-,-,-,-,-,5,6,4,6,No,82684,Gold,2 038,1 501,2 211,Yes,N,0
1B,Paul Konerko,R,R,74,43,61,43,128,114,75,81,79,47,111,96,78,Flyball,Pull,Pull,1,1,1,1,1,1,1,1,3,1,1,25,-,-,-,55,61,54,73,10,7,1,-,-,85,-,-,-,-,-,-,4,6,3,17,No,83958,Gold,1 182,0,1 138,Yes,N,0
C,Devin Mesoraco,R,R,83,92,88,68,105,132,83,80,72,84,124,67,66,Normal,Ex. Pull,Pull,1,1,1,1,1,1,1,1,1,1,1,14,78,52,69,4,5,8,8,10,7,5,-,64,-,-,-,-,-,-,-,22,44,32,35,No,84831,Gold,4 338,2 000,4 500,Yes,N,0
SP,Bryce Miller,R,R,14,14,14,18,2,16,12,14,14,18,2,16,12,Normal,Normal,Normal,70,80,84,90,75,76,84,87,98,78,67,42,2,2,2,21,18,55,25,13,15,22,53,-,36,-,6,-,-,-,-,3,3,1,5,No,82250,Gold,2 126,1 625,2 100,Yes,N,0
SP,Bryce Miller,R,R,14,14,14,18,2,16,12,14,14,18,2,16,12,Normal,Normal,Normal,70,80,84,90,75,76,84,87,98,78,67,42,2,2,2,21,18,55,25,13,15,22,53,-,36,-,6,-,-,-,-,3,3,1,5,No,82250,Gold,2 126,1 625,2 100,No,N,0
SP,Robbie Ray,L,L,36,36,30,33,14,18,20,36,30,33,14,18,20,Normal,Normal,Normal,88,80,76,90,76,87,78,75,88,73,65,66,-,-,-,20,28,43,17,-,-,-,59,-,41,-,-,-,-,-,-,11,6,19,10,No,84939,Gold,1 119,0,1 098,Yes,N,0
2B,Gleyber Torres,R,R,83,82,86,60,77,114,91,84,88,59,74,104,91,Normal,Pull,Pull,1,25,5,74,1,1,27,5,79,1,1,-,1,1,2,60,61,78,63,58,60,76,115,-,82,63,65,51,69,42,67,22,67,25,50,No,82411,Gold,1 193,0,1 135,No,N,0
CF,Sam Bennett,R,R,68,68,79,87,86,76,94,69,80,88,87,76,94,Normal,Normal,Normal,1,11,1,19,7,1,11,1,21,7,1,12,53,53,53,74,65,71,70,78,66,76,-,45,-,78,-,62,92,71,88,67,85,83,70,No,84509,Gold,1 542,1 250,1 700,Yes,N,0
3B,Steve Braun,L,R,74,67,73,162,59,99,82,77,85,145,62,138,95,Line Drive,Normal,Normal,1,3,1,1,4,1,3,1,1,4,1,17,-,-,-,48,50,64,41,47,47,83,-,-,-,40,44,-,56,-,-,51,62,35,49,No,83754,Gold,2 507,0,4 370,No,N,0
RP,Ben Brown,R,R,22,24,22,27,3,26,21,22,21,26,2,24,20,Normal,Normal,Normal,87,78,79,74,81,86,79,78,73,82,36,50,-,-,-,16,31,42,15,-,-,-,57,-,46,-,-,-,-,-,-,10,6,13,10,No,82003,Gold,1 656,1 350,1 650,Yes,N,0
RF,Rap Dixon,R,R,70,71,77,91,88,81,85,70,76,91,87,81,85,Normal,Normal,Pull,54,43,57,39,45,54,43,58,38,46,49,1,1,1,1,68,61,47,70,81,76,82,-,-,74,70,51,-,98,77,95,80,81,75,66,No,84512,Gold,1 790,1 250,2 644,Yes,N,0
SP,Zac Gallen,R,R,21,21,21,17,3,20,22,21,21,17,3,20,22,Normal,Normal,Normal,72,81,84,87,79,75,83,85,87,81,59,43,1,1,2,28,35,48,21,3,3,3,76,-,53,6,16,-,-,-,-,19,21,15,21,No,81862,Gold,1 296,0,1 350,Yes,N,0
C,Shea Langeliers,R,R,80,80,81,81,108,73,84,81,79,77,106,70,79,Normal,Pull,Pull,1,24,1,71,1,1,26,1,76,1,1,-,57,56,68,37,43,65,18,37,38,72,87,56,61,16,33,-,40,-,40,21,76,25,48,No,82273,Gold,1 151,101,1 174,Yes,N,0
SP,Zebby Matthews,R,R,26,26,24,24,8,39,22,26,24,24,8,39,22,Normal,Normal,Normal,78,65,93,65,66,89,72,101,67,75,54,52,2,2,2,22,45,44,19,1,17,6,76,-,61,3,15,-,-,-,-,20,7,16,36,No,82352,Gold,1 014,0,1 035,Yes,N,0
RP,Carl Mays,L,R,25,14,14,38,4,58,13,29,26,43,5,41,25,Normal,Normal,Normal,69,70,115,54,78,71,87,124,108,77,37,78,-,-,-,35,35,34,32,7,10,6,79,-,-,-,-,-,-,-,-,39,30,53,36,No,84288,Gold,2 185,1 777,3 999,Yes,N,0
CF,Andy Pages,R,R,92,95,91,88,95,67,84,92,88,86,92,65,82,Normal,Pull,Pull,1,27,2,80,1,1,25,2,74,1,2,-,1,1,1,18,27,82,5,68,69,90,63,-,37,-,21,-,84,60,85,37,68,45,52,No,81773,Gold,1 624,1 450,1 770,Yes,N,0
CF,Bullet Rogan,R,R,81,81,88,79,77,94,95,81,87,79,76,93,94,Normal,Normal,Pull,62,65,63,71,62,62,64,62,69,62,79,60,53,53,53,51,33,45,41,77,68,65,89,45,45,35,26,-,89,67,82,64,70,77,62,No,84511,Gold,1 445,1 250,1 666,Yes,N,0
SP,Tom Sturdivant,L,R,12,12,9,16,1,6,4,13,12,8,1,8,9,Normal,Spray,Spray,93,80,80,92,74,86,77,70,97,68,74,50,-,-,-,23,18,21,23,3,3,10,48,-,-,-,-,-,-,-,-,7,6,5,10,No,83277,Gold,2 122,1 633,2 088,No,N,0
RP,Alex Vesia,L,L,30,30,30,20,9,37,32,30,30,20,9,37,32,Normal,Normal,Normal,117,86,71,113,73,113,81,71,102,71,14,54,2,2,3,20,17,35,6,7,24,25,44,-,31,-,-,-,-,-,-,21,15,9,40,No,81791,Gold,1 299,1 050,1 200,Yes,N,0
SP,Gavin Williams,L,R,18,18,16,18,14,23,13,18,16,18,14,23,13,Normal,Normal,Normal,91,83,69,103,74,89,84,68,106,74,61,49,1,1,2,31,32,50,16,10,22,23,76,-,66,4,16,-,-,-,-,10,3,7,19,No,82454,Gold,1 135,0,1 098,Yes,N,0
RP,Eduard Bazardo,R,R,4,5,13,6,3,9,20,4,14,5,4,10,22,Normal,Spray,Spray,81,93,79,97,91,84,93,80,91,94,18,52,1,1,1,27,44,50,33,3,3,3,81,-,52,16,23,-,-,-,-,18,18,18,19,No,82246,Gold,1 235,1 111,1 274,No,N,0
RP,Eduard Bazardo,R,R,4,5,13,6,3,9,20,4,14,5,4,10,22,Normal,Spray,Spray,81,93,79,97,91,84,93,80,91,94,18,52,1,1,1,27,44,50,33,3,3,3,81,-,52,16,23,-,-,-,-,18,18,18,19,No,82246,Gold,1 235,1 111,1 274,Yes,N,0
SP,Matthew Boyd,L,L,23,23,31,21,2,36,38,23,31,21,2,36,38,Normal,Normal,Normal,76,82,89,80,83,74,79,89,78,80,57,73,2,2,2,16,13,28,8,11,17,27,34,-,28,-,-,-,-,-,-,19,18,11,28,No,82007,Gold,1 201,0,1 246,No,N,0
CF,Oneil Cruz,L,R,94,95,73,76,95,78,50,94,76,81,97,80,61,Normal,Ex. Pull,Pull,1,26,1,76,1,1,25,1,74,1,1,-,1,1,1,75,45,102,67,82,61,98,118,-,114,73,79,65,99,79,101,79,95,88,52,No,81904,Gold,1 399,0,1 399,Yes,N,0
SP,Rocky Ellis,R,R,16,16,30,29,2,63,37,16,29,29,2,63,36,Normal,Spray,Pull,66,77,101,78,77,68,80,104,83,79,64,60,1,1,1,29,20,24,23,45,56,56,57,-,-,-,-,-,49,-,-,16,6,5,28,No,84478,Gold,1 213,0,1 318,Yes,N,0
CF,Trent Grisham,L,L,51,54,64,61,96,122,73,50,64,63,97,133,75,Normal,Spray,Spray,1,27,1,79,1,1,25,1,73,1,1,-,1,1,2,40,39,52,13,85,84,57,85,-,57,-,-,-,99,79,88,26,72,24,77,No,82566,Gold,1 699,1 399,1 841,Yes,N,0
2B,Bill Handy,R,R,33,33,62,128,106,91,84,34,62,128,104,92,84,Line Drive,Pull,Normal,1,7,1,18,2,1,7,1,19,2,1,17,53,53,53,87,68,47,88,55,62,68,-,45,-,95,65,70,-,-,60,66,88,89,72,No,84531,Gold,2 203,1 151,6 000,Yes,N,0
CF,Pete Hill,L,R,80,79,84,75,64,98,91,81,89,77,67,101,96,Normal,Pull,Normal,12,22,17,31,18,12,22,17,32,17,24,9,1,1,1,57,61,47,62,90,76,68,-,-,62,58,45,-,104,87,97,64,79,92,70,No,84551,Gold,1 352,1 001,1 411,No,N,0
RP,Orion Kerkering,R,R,10,10,18,17,4,17,25,10,18,17,4,17,25,Normal,Normal,Normal,93,85,79,78,89,92,87,78,82,90,15,37,2,2,3,20,24,58,13,7,23,25,57,-,38,-,11,-,-,-,-,17,18,11,23,No,82059,Gold,2 146,1 800,4 699,Yes,N,0
SP,Terris McDuffie,R,R,61,62,50,69,65,66,39,61,49,68,63,65,37,Normal,Normal,Normal,72,76,84,70,80,76,80,85,74,84,63,60,1,1,1,68,23,37,65,72,59,59,95,-,-,51,-,26,79,57,72,34,13,5,29,No,84487,Gold,1 326,0,1 440,Yes,N,0
CF,Jackson Merrill,L,R,82,82,84,89,84,68,87,82,85,92,86,69,89,Normal,Pull,Pull,1,26,1,77,1,1,26,1,78,1,1,1,1,1,1,60,71,71,60,85,82,76,118,-,94,64,64,52,102,82,97,78,67,31,51,No,81749,Gold,1 566,1 001,1 973,Yes,N,0
SP,Al Orth,L,R,16,16,18,73,33,31,19,16,23,75,44,33,30,Normal,Normal,Normal,64,73,123,64,78,67,76,125,72,79,85,64,-,-,-,27,22,22,16,4,3,1,56,-,-,-,-,-,-,-,-,62,69,77,51,No,83271,Gold,1 847,1 200,1 769,Yes,N,0
SP,Andrew Painter,R,R,22,22,26,21,13,22,30,22,26,21,13,22,30,Normal,Normal,Normal,76,75,75,72,77,82,83,81,73,89,68,41,3,3,3,22,16,61,9,13,22,34,53,-,46,-,3,-,-,-,-,17,14,16,22,No,84988,Gold,2 542,1 503,3 599,Yes,N,0
SP,Andrew Painter,R,R,22,22,26,21,13,22,30,22,26,21,13,22,30,Normal,Normal,Normal,76,75,75,72,77,82,83,81,73,89,68,41,3,3,3,22,16,61,9,13,22,34,53,-,46,-,3,-,-,-,-,17,14,16,22,No,84988,Gold,2 542,1 503,3 599,No,N,0
SP,Reb Russell,L,L,14,8,12,36,2,23,15,16,22,57,5,32,29,Normal,Pull,Pull,60,67,116,46,78,66,84,110,95,79,71,97,-,-,-,31,46,33,23,9,7,8,81,-,-,-,-,-,-,-,-,55,58,58,52,No,83281,Gold,1 542,1 415,1 999,Yes,N,0
SP,Slim Sallee,R,L,24,15,20,73,2,64,25,27,21,52,5,42,16,Normal,Pull,Pull,28,69,146,47,81,21,97,151,87,103,84,89,-,-,-,24,44,30,23,7,10,7,76,-,-,-,-,-,-,-,-,59,71,78,43,No,83278,Gold,2 360,1 449,2 656,Yes,N,0
2B,Mike Sharperson,R,R,79,84,91,54,62,90,98,78,93,75,40,107,111,Groundball,Pull,Pull,1,1,1,1,1,1,1,1,1,1,1,20,-,-,-,73,59,54,60,10,4,9,-,-,-,71,56,52,-,-,-,28,58,25,52,No,83973,Gold,1 245,0,1 281,Yes,N,0
LF,George Shuba,L,R,83,33,39,30,77,81,49,94,97,74,84,90,97,Normal,Normal,Normal,1,3,1,1,4,1,3,1,1,4,1,12,-,-,-,7,8,3,1,49,70,36,-,-,-,-,-,-,52,-,-,44,44,32,76,No,85019,Gold,1 647,0,1 999,Yes,N,0
CL,Matt Strahm,R,L,25,25,31,14,10,31,37,25,31,14,10,31,37,Normal,Normal,Normal,88,84,84,96,79,91,82,86,90,79,17,50,-,-,-,30,27,39,17,-,-,-,68,-,53,-,-,-,-,-,-,19,16,14,26,No,82387,Gold,1 265,0,1 050,No,N,0
RF,Bob Thurman,L,L,89,69,71,97,68,66,75,95,104,70,94,63,108,Normal,Pull,Pull,40,48,62,31,57,41,60,62,65,58,49,57,1,1,1,29,21,22,19,66,64,73,57,-,42,-,-,-,78,-,74,66,72,60,60,No,84508,Gold,1 548,1 250,2 249,Yes,N,0
SS,Masyn Winn,R,R,87,90,92,87,64,76,91,87,89,80,62,72,91,Normal,Spray,Spray,54,50,30,89,31,53,50,31,81,35,39,48,2,2,3,91,77,108,87,69,58,103,146,-,84,106,107,96,86,62,90,42,78,53,56,No,81878,Gold,1 041,0,1 066,Yes,N,0
RP,Jose Alvarado,L,L,32,32,34,13,14,41,39,32,34,13,14,41,39,Normal,Normal,Normal,94,89,69,75,97,98,90,71,72,99,14,44,1,1,2,14,14,38,10,14,18,31,35,-,25,-,-,-,-,-,-,13,7,9,22,No,82062,Silver,462,234,449,Yes,N,0
RP,Jose Alvarado,L,L,32,32,34,13,14,41,39,32,34,13,14,41,39,Normal,Normal,Normal,94,89,69,75,97,98,90,71,72,99,14,44,1,1,2,14,14,38,10,14,18,31,35,-,25,-,-,-,-,-,-,13,7,9,22,No,82062,Silver,462,234,449,No,N,0
LF,Cody Bellinger,L,L,68,67,80,72,84,78,98,69,82,73,85,81,99,Normal,Ex. Pull,Pull,1,24,2,70,1,1,26,2,76,1,4,-,2,2,1,29,40,54,23,72,72,79,80,-,64,-,-,-,87,63,84,38,74,43,53,No,82567,Silver,1 186,707,1 110,No,N,0
LF,Cody Bellinger,L,L,68,67,80,72,84,78,98,69,82,73,85,81,99,Normal,Ex. Pull,Pull,1,24,2,70,1,1,26,2,76,1,4,-,2,2,1,29,40,54,23,72,72,79,80,-,64,-,-,-,87,63,84,38,74,43,53,No,82567,Silver,1 186,707,1 110,Yes,N,0
1B,Charlie Condon,R,R,77,80,71,107,108,182,64,77,66,94,97,177,53,Line Drive,Pull,Pull,1,26,1,77,1,1,26,1,78,1,1,1,-,-,-,60,51,57,35,59,55,60,105,-,101,48,44,34,65,39,59,36,61,19,26,No,85123,Silver,145,130,151,No,N,0
C,William Contreras,R,R,80,91,91,83,85,100,89,76,79,73,75,89,84,Normal,Pull,Pull,1,2,1,1,3,1,2,1,1,3,1,7,38,50,48,10,6,9,10,5,3,7,-,35,-,-,-,-,-,-,-,47,75,34,62,No,83743,Silver,115,0,114,No,N,0
2B,Bingo DeMoss,R,R,56,57,72,59,35,115,89,56,71,59,34,112,87,Normal,Spray,Pull,1,8,1,18,4,1,9,1,19,4,1,4,1,1,1,98,86,51,93,75,62,62,-,-,84,113,81,-,84,63,77,72,82,98,72,No,84499,Silver,139,102,155,Yes,N,0
SP,Didier Fuentes,R,R,32,32,27,27,4,28,20,32,27,27,4,28,20,Normal,Normal,Normal,112,72,93,61,78,107,83,84,65,92,58,36,2,2,2,22,39,52,17,8,17,30,74,-,45,-,17,-,-,-,-,23,13,18,39,No,84770,Silver,125,0,119,No,N,0
C,Yasmani Grandal,S,R,61,64,69,49,99,154,76,60,66,57,77,138,74,Normal,Ex. Pull,Pull,1,1,1,1,1,1,1,1,1,1,1,24,62,93,69,31,26,29,31,9,8,4,-,76,51,-,-,-,-,-,-,41,76,18,39,No,83966,Silver,132,0,150,Yes,N,0
C,Sam Hairston,R,R,75,77,83,93,65,113,90,75,80,91,63,106,87,Line Drive,Normal,Spray,1,7,1,19,2,1,7,1,19,2,1,24,60,36,58,56,59,72,37,2,8,8,-,43,-,-,55,-,-,-,-,42,64,17,48,No,84510,Silver,123,0,124,Yes,N,0
1B,Joe Harris,R,R,75,51,48,116,90,116,47,82,69,120,92,118,56,Normal,Spray,Spray,1,5,1,1,7,1,5,1,3,7,1,20,-,-,-,83,67,59,31,52,60,59,-,-,67,-,-,-,59,-,53,64,67,45,55,No,83822,Silver,124,0,125,Yes,N,0
LF,Vic Harris,L,R,75,74,82,87,71,78,92,76,86,89,74,80,97,Normal,Pull,Pull,1,8,1,18,3,1,8,1,20,3,1,22,53,53,53,74,65,71,70,63,69,69,-,45,72,78,69,62,75,49,70,58,67,45,55,No,84505,Silver,140,0,144,Yes,N,0
SP,Kyle Harrison,R,L,42,42,35,13,5,16,31,42,35,13,5,16,31,Normal,Normal,Normal,87,83,76,81,84,83,79,74,79,79,64,60,2,2,2,13,21,44,22,11,23,23,44,-,29,-,-,-,-,-,-,8,1,12,10,No,81937,Silver,591,451,545,No,N,0
SP,Kyle Harrison,R,L,42,42,35,13,5,16,31,42,35,13,5,16,31,Normal,Normal,Normal,87,83,76,81,84,83,79,74,79,79,64,60,2,2,2,13,21,44,22,11,23,23,44,-,29,-,-,-,-,-,-,8,1,12,10,No,81937,Silver,591,451,545,No,N,0
SP,Kyle Harrison,R,L,42,42,35,13,5,16,31,42,35,13,5,16,31,Normal,Normal,Normal,87,83,76,81,84,83,79,74,79,79,64,60,2,2,2,13,21,44,22,11,23,23,44,-,29,-,-,-,-,-,-,8,1,12,10,No,81937,Silver,591,451,545,No,N,0
SP,Kyle Harrison,R,L,42,42,35,13,5,16,31,42,35,13,5,16,31,Normal,Normal,Normal,87,83,76,81,84,83,79,74,79,79,64,60,2,2,2,13,21,44,22,11,23,23,44,-,29,-,-,-,-,-,-,8,1,12,10,No,81937,Silver,591,451,545,No,N,0
SP,Kyle Harrison,R,L,42,42,35,13,5,16,31,42,35,13,5,16,31,Normal,Normal,Normal,87,83,76,81,84,83,79,74,79,79,64,60,2,2,2,13,21,44,22,11,23,23,44,-,29,-,-,-,-,-,-,8,1,12,10,No,81937,Silver,591,451,545,No,N,0
SP,Kyle Harrison,R,L,42,42,35,13,5,16,31,42,35,13,5,16,31,Normal,Normal,Normal,87,83,76,81,84,83,79,74,79,79,64,60,2,2,2,13,21,44,22,11,23,23,44,-,29,-,-,-,-,-,-,8,1,12,10,No,81937,Silver,591,451,545,No,N,0
SP,Kyle Harrison,R,L,42,42,35,13,5,16,31,42,35,13,5,16,31,Normal,Normal,Normal,87,83,76,81,84,83,79,74,79,79,64,60,2,2,2,13,21,44,22,11,23,23,44,-,29,-,-,-,-,-,-,8,1,12,10,No,81937,Silver,591,451,545,No,N,0
SP,Kyle Harrison,R,L,42,42,35,13,5,16,31,42,35,13,5,16,31,Normal,Normal,Normal,87,83,76,81,84,83,79,74,79,79,64,60,2,2,2,13,21,44,22,11,23,23,44,-,29,-,-,-,-,-,-,8,1,12,10,No,81937,Silver,591,451,545,No,N,0
SP,Kyle Harrison,R,L,42,42,35,13,5,16,31,42,35,13,5,16,31,Normal,Normal,Normal,87,83,76,81,84,83,79,74,79,79,64,60,2,2,2,13,21,44,22,11,23,23,44,-,29,-,-,-,-,-,-,8,1,12,10,No,81937,Silver,591,451,545,No,N,0
SP,Kyle Harrison,R,L,42,42,35,13,5,16,31,42,35,13,5,16,31,Normal,Normal,Normal,87,83,76,81,84,83,79,74,79,79,64,60,2,2,2,13,21,44,22,11,23,23,44,-,29,-,-,-,-,-,-,8,1,12,10,No,81937,Silver,591,451,545,No,N,0
SP,Kyle Harrison,R,L,42,42,35,13,5,16,31,42,35,13,5,16,31,Normal,Normal,Normal,87,83,76,81,84,83,79,74,79,79,64,60,2,2,2,13,21,44,22,11,23,23,44,-,29,-,-,-,-,-,-,8,1,12,10,No,81937,Silver,591,451,545,No,N,0
RP,Brent Headrick,L,L,28,28,24,20,8,14,21,28,24,20,8,14,21,Normal,Spray,Spray,88,78,85,78,79,84,75,84,73,76,29,56,1,1,1,24,41,39,21,21,36,19,76,-,64,-,-,-,11,-,-,11,14,4,16,No,82585,Silver,298,150,296,Yes,N,0
CF,Emmet Heidrick,L,R,93,72,77,64,25,28,85,100,116,101,84,41,125,Normal,Spray,Spray,1,1,1,1,1,1,1,1,1,1,1,21,-,-,-,4,9,5,1,87,39,89,-,-,-,-,-,-,-,82,98,86,97,88,98,No,84794,Silver,167,102,172,Yes,N,0
CF,Billy Hoy,L,R,68,69,88,68,58,91,114,68,94,69,64,99,140,Normal,Spray,Spray,1,3,1,1,4,1,3,1,1,4,1,9,-,-,-,5,3,9,1,68,44,53,-,-,-,-,-,-,-,49,-,76,94,89,76,No,83781,Silver,148,0,150,Yes,N,0
SP,Shota Imanaga,L,L,25,25,21,22,13,16,18,25,21,22,13,16,18,Normal,Normal,Normal,81,80,102,116,62,76,77,98,113,59,58,57,1,1,2,18,24,58,6,6,18,24,54,-,28,-,-,-,-,-,-,18,20,18,15,No,82005,Silver,251,108,210,Yes,N,0
3B,Judy Johnson,R,R,70,74,85,90,77,67,98,69,81,90,69,66,96,Normal,Normal,Spray,30,22,19,32,18,30,27,19,34,24,25,78,61,56,77,95,78,101,85,55,62,68,148,61,84,108,105,96,64,-,60,64,68,62,60,No,84517,Silver,139,0,139,Yes,N,0
SP,George Klassen,R,R,29,29,31,13,12,28,35,29,31,13,12,28,35,Normal,Normal,Normal,105,85,68,72,92,104,84,68,71,91,71,40,1,1,2,25,32,45,22,8,25,31,69,-,49,3,12,-,-,-,-,22,10,20,37,No,84753,Silver,118,0,150,No,N,0
RP,Dylan Lee,L,L,36,36,29,3,3,9,15,37,29,2,2,10,14,Normal,Normal,Normal,99,80,92,93,74,93,78,90,94,70,17,81,1,1,1,23,43,33,23,3,3,3,74,-,55,-,-,-,-,-,-,16,13,15,21,No,82154,Silver,553,477,549,Yes,N,0
SP,Thornton Lee,L,L,21,12,13,21,2,31,13,24,25,36,4,48,27,Normal,Normal,Normal,93,71,69,48,83,87,84,71,100,76,87,106,-,-,-,31,13,22,23,9,1,8,52,-,-,-,-,-,-,-,-,6,6,5,8,No,83883,Silver,141,0,145,Yes,N,0
CF,Johnny Lindell,R,R,69,72,83,122,93,91,97,68,73,89,85,66,79,Normal,Pull,Pull,75,64,33,56,68,86,68,50,58,73,64,6,-,-,-,2,2,9,8,97,66,71,-,-,-,-,-,-,110,96,104,55,63,24,47,No,84154,Silver,354,165,333,Yes,N,0
SP,Reynaldo Lopez,R,R,38,38,34,29,10,34,34,38,34,29,10,34,34,Normal,Normal,Normal,80,78,74,86,75,84,80,77,87,77,57,59,2,2,3,26,21,48,12,14,19,26,60,-,40,-,8,-,-,-,-,21,19,18,25,No,82160,Silver,429,314,560,Yes,N,0
SP,Rhett Lowder,R,R,22,22,22,26,19,16,23,22,22,26,19,16,23,Normal,Spray,Normal,72,76,85,76,77,74,84,86,82,85,65,39,1,1,1,27,31,26,35,4,4,4,68,-,50,11,-,-,-,-,-,18,13,22,21,No,84998,Silver,216,150,202,No,N,0
1B,Nathaniel Lowe,L,R,90,91,87,73,78,86,82,90,89,71,80,88,87,Normal,Spray,Normal,1,26,5,76,1,1,26,5,77,1,7,-,2,2,2,28,33,51,38,25,35,54,76,-,59,16,19,-,23,-,18,36,11,4,30,No,81962,Silver,323,266,460,No,N,0
1B,Nathaniel Lowe,L,R,90,91,87,73,78,86,82,90,89,71,80,88,87,Normal,Spray,Normal,1,26,5,76,1,1,26,5,77,1,7,-,2,2,2,28,33,51,38,25,35,54,76,-,59,16,19,-,23,-,18,36,11,4,30,No,81962,Silver,323,266,460,No,N,0
1B,Nathaniel Lowe,L,R,90,91,87,73,78,86,82,90,89,71,80,88,87,Normal,Spray,Normal,1,26,5,76,1,1,26,5,77,1,7,-,2,2,2,28,33,51,38,25,35,54,76,-,59,16,19,-,23,-,18,36,11,4,30,No,81962,Silver,323,266,460,No,N,0
LF,Gavin Lux,L,R,97,91,85,77,53,89,79,99,94,80,63,95,85,Groundball,Normal,Normal,1,20,1,60,1,1,29,1,87,1,1,-,-,-,2,59,72,64,58,61,60,58,117,-,73,63,61,49,68,42,61,39,72,15,66,No,82536,Silver,167,0,170,Yes,N,0
SP,Stu Miller,R,R,3,2,6,8,1,10,6,4,7,14,1,18,5,Normal,Normal,Normal,65,76,66,58,86,88,79,89,113,63,65,46,-,-,-,35,39,38,39,10,9,7,82,-,-,-,-,-,-,-,-,15,6,5,25,No,82680,Silver,182,0,180,Yes,N,0
RP,Adrian Morejon,L,L,23,23,29,20,5,16,33,23,29,20,5,16,33,Normal,Normal,Normal,83,96,81,80,104,82,90,82,74,99,17,69,1,1,2,20,29,53,6,7,23,34,60,-,34,-,-,-,-,-,-,30,20,35,34,No,81760,Silver,770,575,900,Yes,N,0
RP,Adrian Morejon,L,L,23,23,29,20,5,16,33,23,29,20,5,16,33,Normal,Normal,Normal,83,96,81,80,104,82,90,82,74,99,17,69,1,1,2,20,29,53,6,7,23,34,60,-,34,-,-,-,-,-,-,30,20,35,34,No,81760,Silver,770,575,900,No,N,0
RP,Adrian Morejon,L,L,23,23,29,20,5,16,33,23,29,20,5,16,33,Normal,Normal,Normal,83,96,81,80,104,82,90,82,74,99,17,69,1,1,2,20,29,53,6,7,23,34,60,-,34,-,-,-,-,-,-,30,20,35,34,No,81760,Silver,770,575,900,No,N,0
SP,Kid Nichols,S,R,90,120,74,144,90,89,26,83,54,119,77,30,14,Normal,Pull,Pull,89,85,67,111,72,87,65,66,57,70,94,68,-,-,-,53,44,50,39,48,52,60,96,-,72,-,-,-,53,24,48,79,68,81,69,No,83202,Silver,116,0,114,Yes,N,0
CL,Riley O'Brien,R,R,29,30,40,34,28,18,53,29,38,33,27,16,51,Normal,Normal,Normal,84,87,69,79,92,92,96,70,82,103,25,50,2,2,5,24,28,47,7,12,9,28,62,-,49,-,8,-,-,-,-,26,15,30,34,No,81884,Silver,172,102,175,No,N,0
CL,Riley O'Brien,R,R,29,30,40,34,28,18,53,29,38,33,27,16,51,Normal,Normal,Normal,84,87,69,79,92,92,96,70,82,103,25,50,2,2,5,24,28,47,7,12,9,28,62,-,49,-,8,-,-,-,-,26,15,30,34,No,81884,Silver,172,102,175,No,N,0
CL,Riley O'Brien,R,R,29,30,40,34,28,18,53,29,38,33,27,16,51,Normal,Normal,Normal,84,87,69,79,92,92,96,70,82,103,25,50,2,2,5,24,28,47,7,12,9,28,62,-,49,-,8,-,-,-,-,26,15,30,34,No,81884,Silver,172,102,175,No,N,0
CL,Riley O'Brien,R,R,29,30,40,34,28,18,53,29,38,33,27,16,51,Normal,Normal,Normal,84,87,69,79,92,92,96,70,82,103,25,50,2,2,5,24,28,47,7,12,9,28,62,-,49,-,8,-,-,-,-,26,15,30,34,No,81884,Silver,172,102,175,No,N,0
CL,Riley O'Brien,R,R,29,30,40,34,28,18,53,29,38,33,27,16,51,Normal,Normal,Normal,84,87,69,79,92,92,96,70,82,103,25,50,2,2,5,24,28,47,7,12,9,28,62,-,49,-,8,-,-,-,-,26,15,30,34,No,81884,Silver,172,102,175,No,N,0
CL,Riley O'Brien,R,R,29,30,40,34,28,18,53,29,38,33,27,16,51,Normal,Normal,Normal,84,87,69,79,92,92,96,70,82,103,25,50,2,2,5,24,28,47,7,12,9,28,62,-,49,-,8,-,-,-,-,26,15,30,34,No,81884,Silver,172,102,175,No,N,0
CL,Riley O'Brien,R,R,29,30,40,34,28,18,53,29,38,33,27,16,51,Normal,Normal,Normal,84,87,69,79,92,92,96,70,82,103,25,50,2,2,5,24,28,47,7,12,9,28,62,-,49,-,8,-,-,-,-,26,15,30,34,No,81884,Silver,172,102,175,No,N,0
CL,Riley O'Brien,R,R,29,30,40,34,28,18,53,29,38,33,27,16,51,Normal,Normal,Normal,84,87,69,79,92,92,96,70,82,103,25,50,2,2,5,24,28,47,7,12,9,28,62,-,49,-,8,-,-,-,-,26,15,30,34,No,81884,Silver,172,102,175,No,N,0
CL,Riley O'Brien,R,R,29,30,40,34,28,18,53,29,38,33,27,16,51,Normal,Normal,Normal,84,87,69,79,92,92,96,70,82,103,25,50,2,2,5,24,28,47,7,12,9,28,62,-,49,-,8,-,-,-,-,26,15,30,34,No,81884,Silver,172,102,175,No,N,0
CL,Riley O'Brien,R,R,29,30,40,34,28,18,53,29,38,33,27,16,51,Normal,Normal,Normal,84,87,69,79,92,92,96,70,82,103,25,50,2,2,5,24,28,47,7,12,9,28,62,-,49,-,8,-,-,-,-,26,15,30,34,No,81884,Silver,172,102,175,No,N,0
CL,Riley O'Brien,R,R,29,30,40,34,28,18,53,29,38,33,27,16,51,Normal,Normal,Normal,84,87,69,79,92,92,96,70,82,103,25,50,2,2,5,24,28,47,7,12,9,28,62,-,49,-,8,-,-,-,-,26,15,30,34,No,81884,Silver,172,102,175,No,N,0
LF,Dan Pasqua,L,L,115,77,58,66,114,80,28,132,88,77,110,121,55,Groundball,Normal,Normal,1,3,1,1,4,1,3,1,1,4,1,10,-,-,-,57,61,46,31,47,109,53,-,-,75,-,-,-,62,-,53,10,16,10,27,No,84721,Silver,134,0,120,No,N,0
RP,Jack Perkins,R,R,15,17,16,19,3,19,15,15,15,18,3,18,14,Normal,Normal,Normal,86,80,69,82,79,97,83,74,77,87,37,52,3,3,2,19,14,50,2,22,20,38,43,-,29,-,-,-,14,-,6,25,21,24,29,No,82283,Silver,247,101,270,Yes,N,0
RP,Brooks Raley,L,L,41,41,33,46,2,36,25,42,33,47,3,37,25,Normal,Normal,Normal,93,100,82,94,103,81,89,78,90,89,13,78,-,-,-,18,29,61,11,-,-,-,60,-,42,-,-,-,-,-,-,23,17,24,27,No,82092,Silver,294,145,200,No,N,0
RP,Brooks Raley,L,L,41,41,33,46,2,36,25,42,33,47,3,37,25,Normal,Normal,Normal,93,100,82,94,103,81,89,78,90,89,13,78,-,-,-,18,29,61,11,-,-,-,60,-,42,-,-,-,-,-,-,23,17,24,27,No,82092,Silver,294,145,200,No,N,0
RP,Brooks Raley,L,L,41,41,33,46,2,36,25,42,33,47,3,37,25,Normal,Normal,Normal,93,100,82,94,103,81,89,78,90,89,13,78,-,-,-,18,29,61,11,-,-,-,60,-,42,-,-,-,-,-,-,23,17,24,27,No,82092,Silver,294,145,200,Yes,N,0
2B,Jackie Robinson,R,R,88,85,93,156,69,80,99,90,104,91,78,74,116,Line Drive,Spray,Spray,1,1,1,1,1,1,1,1,1,1,1,9,-,-,-,85,76,64,102,7,9,10,-,-,81,102,79,-,-,-,-,96,70,68,98,No,84842,Silver,156,125,211,Yes,N,0
CL,Tanner Scott,R,L,5,6,15,12,6,4,22,5,15,10,7,3,24,Normal,Pull,Pull,100,91,78,99,87,93,81,77,83,80,15,40,1,1,1,17,37,42,28,19,50,34,64,-,43,-,-,-,16,-,1,16,3,18,27,No,81792,Silver,411,160,405,No,N,0
CL,Tanner Scott,R,L,5,6,15,12,6,4,22,5,15,10,7,3,24,Normal,Pull,Pull,100,91,78,99,87,93,81,77,83,80,15,40,1,1,1,17,37,42,28,19,50,34,64,-,43,-,-,-,16,-,1,16,3,18,27,No,81792,Silver,411,160,405,No,N,0
CL,Tanner Scott,R,L,5,6,15,12,6,4,22,5,15,10,7,3,24,Normal,Pull,Pull,100,91,78,99,87,93,81,77,83,80,15,40,1,1,1,17,37,42,28,19,50,34,64,-,43,-,-,-,16,-,1,16,3,18,27,No,81792,Silver,411,160,405,No,N,0
CL,Tanner Scott,R,L,5,6,15,12,6,4,22,5,15,10,7,3,24,Normal,Pull,Pull,100,91,78,99,87,93,81,77,83,80,15,40,1,1,1,17,37,42,28,19,50,34,64,-,43,-,-,-,16,-,1,16,3,18,27,No,81792,Silver,411,160,405,No,N,0
CL,Tanner Scott,R,L,5,6,15,12,6,4,22,5,15,10,7,3,24,Normal,Pull,Pull,100,91,78,99,87,93,81,77,83,80,15,40,1,1,1,17,37,42,28,19,50,34,64,-,43,-,-,-,16,-,1,16,3,18,27,No,81792,Silver,411,160,405,Yes,N,0
1B,Sal Stewart,R,R,78,82,81,85,86,88,81,77,77,85,86,88,78,Normal,Pull,Pull,1,25,4,75,1,1,26,4,78,1,7,13,3,3,2,64,63,76,45,50,53,64,116,-,93,60,64,50,56,27,51,21,76,41,35,No,84990,Silver,288,125,222,No,N,0
SP,Julio Teheran,R,R,5,5,9,10,1,20,9,5,8,7,2,10,8,Normal,Spray,Spray,55,102,90,126,90,57,103,87,129,90,76,47,-,-,-,35,65,41,23,9,9,6,94,-,-,-,-,-,-,-,-,5,6,5,5,No,84621,Silver,132,0,132,Yes,N,0
1B,Jim Thome,L,R,65,68,58,78,125,109,43,64,58,49,120,125,50,Flyball,Normal,Normal,1,1,1,1,2,1,1,1,1,2,1,9,-,-,-,20,35,27,26,9,8,4,-,-,47,-,-,-,-,-,-,5,6,5,19,No,83640,Silver,116,0,119,No,N,0
SS,Trea Turner,R,R,95,95,95,78,76,70,92,96,95,76,76,68,90,Groundball,Pull,Pull,1,28,1,82,1,1,28,1,83,1,1,-,4,4,4,92,75,76,74,72,58,60,141,-,98,99,86,82,80,58,73,58,85,72,88,No,82056,Silver,970,120,900,No,N,0
SS,Trea Turner,R,R,95,95,95,78,76,70,92,96,95,76,76,68,90,Groundball,Pull,Pull,1,28,1,82,1,1,28,1,83,1,1,-,4,4,4,92,75,76,74,72,58,60,141,-,98,99,86,82,80,58,73,58,85,72,88,No,82056,Silver,970,120,900,Yes,N,0
CL,Ryan Walker,R,R,23,25,23,19,3,26,22,23,22,17,3,24,21,Normal,Spray,Spray,86,82,81,70,89,92,95,82,82,102,16,37,3,3,2,38,21,42,3,4,16,28,71,-,54,-,7,-,-,-,-,17,15,14,22,No,81728,Silver,263,0,222,No,N,0
SP,Trey Yesavage,R,R,16,16,18,9,6,11,19,16,18,9,6,11,19,Normal,Pull,Normal,83,78,71,79,78,86,81,72,84,80,60,41,1,1,1,25,27,28,29,55,41,49,61,-,50,6,-,-,56,30,48,23,15,27,23,No,82508,Silver,398,340,390,No,N,0
SP,Trey Yesavage,R,R,16,16,18,9,6,11,19,16,18,9,6,11,19,Normal,Pull,Normal,83,78,71,79,78,86,81,72,84,80,60,41,1,1,1,25,27,28,29,55,41,49,61,-,50,6,-,-,56,30,48,23,15,27,23,No,82508,Silver,398,340,390,Yes,N,0
RP,Jason Adam,R,R,26,26,23,15,4,20,20,26,23,15,4,20,20,Normal,Normal,Normal,83,89,75,99,84,88,96,76,108,90,15,54,-,-,-,14,24,62,25,-,-,-,53,-,35,-,1,-,-,-,-,14,11,8,22,No,81759,Silver,325,180,322,Yes,N,0
SP,Sandy Alcantara,R,R,36,36,31,18,12,34,28,36,31,18,12,34,28,Normal,Normal,Normal,62,82,84,92,78,69,94,89,100,91,74,53,1,1,1,23,25,65,23,7,23,22,65,-,50,1,20,-,-,-,-,14,16,11,16,No,82129,Silver,193,117,195,Yes,N,0
SP,Johnny Allen,R,R,11,7,10,65,29,35,10,13,17,53,35,44,20,Normal,Normal,Normal,97,66,46,63,68,105,91,62,121,77,78,41,-,-,-,27,25,27,29,7,1,8,60,-,-,-,-,-,-,-,-,8,6,4,12,No,84286,Silver,228,101,200,Yes,N,0
2B,Jose Altuve,R,R,84,86,88,77,82,79,90,84,87,73,80,78,89,Normal,Ex. Pull,Pull,1,28,1,82,1,1,27,1,79,1,-,-,-,-,-,57,67,51,58,55,65,49,112,-,50,59,50,42,61,33,52,32,71,45,68,No,82179,Silver,120,0,114,Yes,N,0
3B,Adrian Beltre,R,R,74,81,86,92,77,81,92,72,77,80,94,63,85,Normal,Normal,Normal,1,5,1,1,7,1,5,1,1,7,1,18,-,-,-,113,79,92,73,1,5,7,-,-,-,-,106,-,-,-,-,56,68,60,59,No,82925,Silver,126,0,124,No,N,0
CL,Jim Brewer,L,L,1,1,4,3,1,3,1,1,4,3,1,3,1,Normal,Normal,Normal,86,91,109,136,69,121,93,83,125,77,24,68,-,-,-,35,20,26,23,9,1,3,65,-,-,-,-,-,-,-,-,12,11,4,17,No,84799,Silver,169,0,191,Yes,N,0
CF,Irvin Brooks,R,R,63,64,76,79,102,61,91,63,74,78,98,60,88,Normal,Normal,Spray,41,49,43,54,47,47,59,47,65,57,68,53,53,53,53,67,22,47,62,90,70,69,95,45,-,49,32,-,104,87,97,62,66,61,59,No,84513,Silver,143,0,135,Yes,N,0
RF,Owen Caissie,L,R,90,89,70,86,97,98,47,91,74,92,127,114,60,Normal,Pull,Pull,1,26,4,77,1,1,26,4,78,1,5,18,1,1,1,3,11,19,5,66,60,74,-,-,11,-,-,-,77,53,74,33,62,22,54,No,84640,Silver,126,0,121,No,N,0
SP,Tom Cheney,R,R,1,1,5,3,1,3,2,1,5,3,1,3,2,Normal,Normal,Normal,75,91,114,157,59,85,88,102,134,66,67,50,-,-,-,30,20,24,23,5,9,7,58,-,-,-,-,-,-,-,-,10,6,5,15,No,84822,Silver,188,0,223,Yes,N,0
SP,Stan Coveleski,R,R,33,45,34,62,2,80,25,30,21,75,5,60,12,Normal,Normal,Normal,80,86,87,109,75,81,66,90,53,73,78,94,-,-,-,35,42,35,27,7,6,9,82,-,-,-,-,-,-,-,-,34,30,58,23,No,83247,Silver,139,0,138,Yes,N,0
SS,Frankie Crosetti,R,R,61,43,63,73,47,103,79,65,68,80,68,125,72,Normal,Spray,Spray,1,5,1,1,7,1,5,1,2,7,1,15,-,-,-,103,60,95,97,6,1,3,-,-,-,-,98,96,-,-,-,49,75,69,54,No,82724,Silver,293,186,268,Yes,N,0
SP,Ed Cushman,R,L,12,13,20,42,4,56,28,12,19,41,4,54,26,Normal,Pull,Pull,92,69,78,62,73,94,71,78,61,76,89,50,-,-,-,23,14,18,16,5,8,6,42,-,-,-,-,-,-,-,-,65,69,80,55,No,83256,Silver,122,101,122,Yes,N,0
C,Tom Daly,S,R,85,75,77,88,47,120,80,89,84,83,49,95,79,Normal,Pull,Pull,1,3,1,1,4,1,3,1,1,4,1,8,71,87,55,52,55,29,63,6,2,7,-,72,51,50,23,-,-,-,-,77,87,88,66,No,83761,Silver,142,101,145,Yes,N,0
RP,Jack Dreyer,R,L,18,18,16,13,4,22,14,18,16,12,4,21,13,Normal,Normal,Normal,92,82,76,94,76,87,77,74,90,71,25,59,2,2,3,15,23,43,15,12,17,30,47,-,32,-,-,-,-,-,-,23,11,18,40,No,81794,Silver,229,208,248,Yes,N,0
RP,Rich Garces,R,R,1,1,4,3,1,3,1,1,4,3,1,3,1,Normal,Normal,Normal,82,89,93,88,90,90,77,89,86,73,19,33,-,-,-,35,20,26,23,2,9,2,65,-,-,-,-,-,-,-,-,5,6,5,5,No,83249,Silver,134,101,137,Yes,N,0
RF,Avisail Garcia,R,R,107,138,116,92,45,56,92,98,89,73,87,59,79,Normal,Ex. Pull,Normal,1,1,1,1,1,1,1,1,1,1,1,17,-,-,-,4,9,3,9,68,47,102,-,-,-,-,-,-,-,58,86,53,67,43,52,No,84158,Silver,120,0,119,No,N,0
RF,Ken Griffey Jr.,L,L,74,42,61,36,98,96,75,81,82,58,108,118,84,Normal,Normal,Normal,1,3,1,1,4,1,3,1,3,4,1,17,-,-,-,7,7,4,6,62,49,81,-,-,-,-,-,-,-,47,71,29,81,39,30,No,82921,Silver,162,0,160,Yes,N,0
3B,Sammy Hale,R,R,100,115,111,103,80,39,98,97,90,101,50,34,81,Line Drive,Normal,Normal,1,1,1,1,1,1,1,1,1,1,1,16,-,-,-,80,59,89,79,9,10,1,-,-,-,-,82,-,-,-,-,59,67,43,52,No,84105,Silver,377,152,381,Yes,N,0
SP,Cade Horton,R,R,42,43,41,44,35,43,41,42,39,42,34,41,39,Normal,Spray,Spray,68,80,83,92,75,74,83,86,95,78,62,40,3,3,2,39,51,68,56,59,56,66,95,-,70,38,44,23,67,41,62,51,40,57,56,No,81995,Silver,133,101,140,Yes,N,0
2B,Sammy Hughes,R,R,85,85,92,72,60,77,97,85,92,73,59,77,97,Groundball,Pull,Spray,1,7,1,20,1,1,9,1,25,2,17,22,53,53,53,85,70,47,89,6,3,11,-,45,101,94,65,69,-,-,-,57,70,48,57,No,84497,Silver,136,104,145,Yes,N,0
RP,Jakob Junis,R,R,19,21,22,20,46,20,24,19,20,18,44,18,22,Normal,Normal,Normal,65,83,94,87,82,70,90,97,88,91,25,56,-,-,-,16,30,58,22,-,-,-,60,-,39,-,6,-,-,-,-,21,23,15,25,No,82220,Silver,136,0,134,Yes,N,0
SP,Mitch Keller,R,R,25,25,23,17,7,18,21,25,23,17,7,18,21,Normal,Normal,Normal,66,81,82,76,84,73,89,86,79,94,69,46,2,2,1,15,21,49,21,27,22,50,47,-,33,-,-,-,21,-,17,21,23,12,30,No,81918,Silver,221,111,198,Yes,N,0
CF,Freddy Leach,L,R,79,68,72,68,71,34,78,83,93,75,99,36,103,Normal,Normal,Normal,1,1,1,1,2,1,2,1,2,2,1,22,-,-,-,7,3,9,4,73,98,101,-,-,-,-,-,-,98,72,100,56,60,52,54,No,83731,Silver,495,275,404,Yes,N,0
2B,Bobby Lowe,R,R,67,77,91,66,77,78,108,64,82,54,68,69,108,Normal,Pull,Pull,1,3,1,1,4,1,3,1,1,4,1,2,-,-,-,95,96,67,76,1,3,9,-,-,-,108,91,-,-,-,-,79,85,85,75,No,83760,Silver,129,0,129,Yes,N,0
3B,Dave Malarcher,S,R,60,61,74,64,48,111,90,60,72,63,45,108,87,Normal,Normal,Normal,18,17,34,29,12,18,27,34,39,22,24,2,1,1,1,94,77,100,85,75,62,62,-,-,63,107,103,95,84,63,77,71,83,83,69,No,84493,Silver,126,0,130,Yes,N,0
SP,Michael McGreevy,L,R,23,23,19,32,13,29,16,23,19,32,13,29,16,Normal,Normal,Normal,61,82,104,88,79,61,83,104,91,79,58,36,1,1,2,23,20,49,11,5,17,34,55,-,43,-,7,-,-,-,-,25,20,15,40,No,81887,Silver,349,101,325,No,N,0
1B,Joey Meneses,R,R,100,100,118,54,70,40,133,100,111,35,114,41,114,Flyball,Ex. Pull,Pull,1,1,1,1,2,1,1,1,1,2,1,10,-,-,-,31,26,29,31,56,61,68,-,-,53,-,-,-,-,-,-,13,6,5,30,No,82772,Silver,117,0,131,Yes,N,0
SP,Frank Miller,R,R,1,3,7,19,1,5,6,1,6,9,1,10,5,Normal,Normal,Normal,49,96,86,145,72,56,65,122,51,73,71,113,-,-,-,34,26,27,23,9,2,7,70,-,-,-,-,-,-,-,-,57,76,64,44,No,83257,Silver,136,101,125,Yes,N,0
SP,Carmen Mlodzinski,R,R,15,15,17,14,6,10,18,15,17,14,6,10,18,Normal,Normal,Normal,67,89,79,70,99,70,96,82,73,108,58,37,1,1,2,28,17,65,5,15,22,34,61,-,43,-,8,-,3,-,-,11,2,8,24,No,81911,Silver,334,101,333,Yes,N,0
RF,Eddie Moore,R,R,84,73,84,60,60,98,97,88,87,58,67,90,85,Normal,Normal,Normal,1,1,1,1,2,1,2,1,2,2,1,23,-,-,-,56,51,44,79,89,68,67,-,-,-,60,41,38,101,-,94,64,64,75,58,No,84384,Silver,314,130,353,Yes,N,0
RP,Seth Morehead,L,L,1,1,4,2,1,2,1,1,5,3,1,3,2,Normal,Normal,Normal,64,128,102,75,155,89,118,66,61,147,24,101,-,-,-,25,20,22,23,6,8,3,52,-,-,-,-,-,-,-,-,6,6,5,7,No,84285,Silver,235,153,223,Yes,N,0
SS,Zach Neto,R,R,92,95,85,95,94,77,75,92,81,97,92,75,72,Normal,Spray,Spray,1,40,30,82,19,1,38,31,75,20,19,44,1,1,1,71,79,70,80,55,49,67,129,-,84,84,75,67,61,34,57,54,82,79,50,No,82309,Silver,146,134,168,Yes,N,0
LF,Lars Nootbaar,L,R,75,85,81,79,73,100,78,72,78,81,83,108,87,Normal,Pull,Pull,1,30,1,89,1,1,21,1,63,1,1,-,1,1,2,33,34,56,33,58,58,60,80,-,63,18,24,-,64,38,58,35,65,24,51,No,81876,Silver,139,0,132,Yes,N,0
C,Branch Rickey,L,R,86,38,56,10,10,82,70,97,107,90,88,64,110,Normal,Spray,Spray,1,3,1,1,5,1,3,1,1,5,1,24,64,58,45,10,9,1,4,57,60,38,-,50,-,-,-,-,60,-,-,65,75,79,53,No,85018,Silver,134,0,120,Yes,N,0
SP,Eppa Rixey,R,L,19,12,16,72,24,50,20,22,25,57,39,41,28,Normal,Normal,Normal,55,77,96,59,87,45,92,98,112,82,82,110,-,-,-,29,47,33,25,8,9,5,81,-,-,-,-,-,-,-,-,34,49,44,21,No,83266,Silver,232,113,185,Yes,N,0
SP,Grayson Rodriguez,L,R,23,23,21,35,25,17,19,24,22,37,27,18,20,Normal,Pull,Pull,86,73,82,71,75,83,76,80,78,75,63,56,1,1,1,24,28,70,34,33,39,72,73,-,55,10,26,-,36,-,36,17,11,16,23,No,82319,Silver,148,0,203,Yes,N,0
C,Muddy Ruel,R,R,76,88,108,71,1,103,133,72,97,89,24,103,143,Normal,Spray,Spray,1,1,1,1,1,1,1,1,1,1,1,22,94,84,89,10,10,4,1,5,5,4,-,96,-,-,-,-,-,-,-,51,60,58,45,No,83758,Silver,134,0,128,Yes,N,0
LF,Esteury Ruiz,R,R,87,88,87,112,77,92,86,87,83,88,66,79,80,Line Drive,Pull,Pull,1,28,1,83,1,1,27,1,81,1,1,-,3,3,3,47,56,55,50,78,78,52,101,-,73,44,42,29,88,67,78,104,103,112,81,No,82116,Silver,131,111,134,Yes,N,0
RP,Gabe Speier,L,L,22,22,24,37,14,23,26,22,24,37,14,23,26,Normal,Normal,Normal,107,87,88,88,87,90,77,84,79,77,13,53,1,1,2,31,25,43,19,10,21,35,68,-,42,-,-,-,-,-,-,17,19,9,22,No,82248,Silver,545,150,555,Yes,N,0
SP,Neck Stanley,L,L,10,10,28,38,1,51,35,11,29,40,2,56,37,Normal,Normal,Spray,77,81,80,83,80,75,80,78,86,78,80,60,1,1,1,29,29,28,25,45,56,56,68,-,-,-,-,-,49,-,-,16,6,4,28,No,84448,Silver,185,104,211,Yes,N,0
1B,Joe Start,L,L,95,94,88,77,68,72,81,96,96,91,75,77,93,Groundball,Normal,Normal,1,1,1,1,1,1,1,1,1,1,1,6,-,-,-,52,47,45,35,3,9,5,-,-,59,-,-,-,-,-,-,62,46,21,68,No,82708,Silver,140,101,139,Yes,N,0
LF,Kyle Stowers,L,L,86,88,72,82,95,82,55,86,77,84,99,87,70,Normal,Pull,Pull,1,41,22,83,21,1,37,21,77,18,16,54,1,1,2,23,29,52,23,54,57,74,66,-,45,-,-,-,63,35,61,59,72,16,53,No,82117,Silver,163,112,177,Yes,N,0
3B,Eugenio Suarez,R,R,81,81,70,68,110,84,61,81,70,68,104,81,60,Flyball,Ex. Pull,Pull,1,26,1,77,1,1,26,1,76,1,10,-,1,1,1,61,64,79,57,53,52,67,116,-,73,62,66,51,59,31,55,19,72,12,34,No,81966,Silver,242,103,219,Yes,N,0
RP,Edwin Uceta,R,R,23,23,22,17,1,24,22,23,22,17,1,24,22,Normal,Normal,Normal,101,75,75,81,73,107,81,76,91,76,22,48,-,-,-,25,45,48,28,-,-,-,79,-,51,12,20,-,-,-,-,18,18,19,17,No,82525,Silver,148,0,555,No,N,0
CL,Will Vest,R,R,20,20,26,25,4,16,31,20,26,25,4,16,31,Normal,Spray,Spray,84,85,81,73,92,89,92,82,79,99,15,48,-,-,2,18,4,91,11,9,15,32,43,-,23,-,-,-,-,-,-,14,17,16,11,No,82418,Silver,384,102,333,No,N,0
CL,Will Vest,R,R,20,20,26,25,4,16,31,20,26,25,4,16,31,Normal,Spray,Spray,84,85,81,73,92,89,92,82,79,99,15,48,-,-,2,18,4,91,11,9,15,32,43,-,23,-,-,-,-,-,-,14,17,16,11,No,82418,Silver,384,102,333,Yes,N,0
3B,Bobby Wallace,R,R,85,94,96,150,66,83,95,82,87,122,79,77,92,Normal,Spray,Spray,1,5,1,1,8,1,5,1,1,8,1,9,-,-,-,59,76,72,32,8,6,5,-,-,-,-,64,47,-,-,-,74,78,79,63,No,83734,Silver,296,155,349,Yes,N,0
C,Farmer Weaver,L,R,76,64,90,71,67,50,137,81,105,82,69,61,145,Normal,Spray,Spray,1,1,1,1,2,1,2,1,2,2,1,20,52,72,76,53,46,54,37,72,76,77,-,64,-,-,38,26,87,63,83,79,90,72,67,No,84175,Silver,469,250,469,Yes,N,0
SS,Maury Wills,S,R,95,105,102,78,1,65,93,92,114,53,1,50,141,Groundball,Spray,Spray,1,1,1,1,1,1,1,1,1,1,1,11,-,-,-,106,87,97,95,4,7,9,-,-,-,-,112,108,-,-,-,121,120,117,124,No,82723,Silver,190,101,167,Yes,N,0
C,Drake Baldwin,L,R,77,77,77,72,89,87,78,78,79,73,92,85,81,Normal,Pull,Pull,1,24,2,72,1,1,25,2,75,1,10,3,72,65,55,18,22,48,11,8,26,25,50,62,28,-,-,-,-,-,-,18,6,5,18,No,82145,Silver,575,304,580,Yes,N,0
SS,Xander Bogaerts,R,R,87,88,91,60,69,82,93,87,90,61,67,79,92,Groundball,Ex. Pull,Pull,1,28,1,83,1,1,27,1,81,1,-,-,-,-,-,71,75,90,78,56,62,73,130,-,94,83,85,72,66,39,63,35,85,51,73,No,81751,Silver,174,110,174,Yes,N,0
SP,Tommy Bond,R,R,72,72,92,72,4,41,119,72,91,71,4,40,117,Normal,Normal,Normal,79,61,134,50,67,79,60,133,49,66,89,55,-,-,-,31,34,33,34,58,54,67,76,-,-,-,-,-,-,-,61,56,84,91,63,No,83267,Silver,125,0,120,Yes,N,0
SP,George Britt,R,R,59,60,49,65,3,56,39,59,47,64,3,55,38,Normal,Spray,Normal,83,75,73,78,74,85,78,74,81,77,72,60,53,53,53,59,22,45,53,72,59,59,89,45,47,37,26,16,79,57,72,34,11,4,29,No,84458,Silver,136,0,170,Yes,N,0
3B,Jerry Browne,S,R,84,98,126,69,38,108,154,80,109,71,10,117,162,Groundball,Spray,Spray,1,1,1,1,1,1,1,1,1,1,1,1,-,-,-,61,64,67,40,63,58,50,-,-,-,56,58,-,68,43,59,57,85,15,54,No,83750,Silver,158,115,178,Yes,N,0
RF,Kerry Carpenter,L,R,84,84,78,83,101,65,74,85,80,85,107,67,76,Normal,Pull,Pull,1,24,1,72,1,1,26,1,76,1,1,-,1,1,1,19,21,42,13,54,57,65,50,-,35,-,-,-,62,34,57,59,58,18,47,No,82408,Silver,190,0,200,Yes,N,0
1B,Triston Casas,L,R,77,73,67,65,87,93,62,79,78,74,93,101,78,Normal,Ex. Pull,Pull,1,33,20,70,15,1,38,20,89,13,67,43,1,1,4,23,36,74,29,32,39,58,77,-,56,10,31,-,32,-,28,4,11,8,36,No,82605,Silver,153,0,175,Yes,N,0
SS,Joe Cronin,R,R,63,92,91,82,57,89,88,43,70,85,77,123,94,Normal,Spray,Spray,1,2,1,2,3,1,2,1,1,3,1,1,-,-,-,102,49,89,94,4,7,10,-,-,-,106,-,89,-,-,-,54,50,51,49,No,83732,Silver,430,369,550,Yes,N,0
SS,Bill Dahlen,R,R,86,90,90,86,78,69,88,85,84,91,77,70,84,Normal,Pull,Pull,1,1,1,1,1,1,1,1,1,1,1,20,-,-,-,90,84,76,84,64,67,56,-,-,-,103,89,86,-,47,-,95,106,97,94,No,83725,Silver,254,151,244,Yes,N,0
2B,Bobby Doerr,R,R,74,71,89,71,80,66,113,75,88,65,82,58,104,Normal,Pull,Pull,1,5,1,1,7,1,5,1,1,7,1,9,-,-,-,72,78,45,73,4,5,4,-,-,-,80,-,-,-,-,-,37,35,53,52,No,83691,Silver,810,350,1 567,Yes,N,0
SS,Howard Easterling,S,R,84,86,97,75,65,72,107,84,92,73,63,69,99,Normal,Pull,Spray,1,9,1,19,4,1,9,1,19,4,1,4,1,1,1,96,66,93,75,75,62,62,-,-,-,-,93,87,84,63,-,67,68,56,59,No,84498,Silver,141,0,140,Yes,N,0
2B,Tommy Edman,S,R,70,73,82,86,90,65,94,70,79,75,77,69,92,Normal,Ex. Pull,Normal,1,26,1,76,1,1,25,1,74,1,38,-,8,8,5,86,89,66,78,71,70,56,143,-,78,99,83,80,80,57,72,50,87,55,66,No,81772,Silver,137,110,130,Yes,N,0
C,Tex Erwin,L,R,62,38,59,29,10,94,75,67,77,91,109,99,89,Normal,Normal,Normal,1,1,1,1,1,1,1,1,3,1,1,2,74,56,64,9,8,4,5,2,9,8,-,62,-,-,-,-,-,-,-,66,76,47,54,No,82910,Silver,158,120,157,Yes,N,0
SP,Jack Flaherty,R,R,42,44,37,44,30,36,33,42,36,42,28,35,32,Normal,Normal,Normal,88,72,67,82,67,96,75,70,79,73,63,50,1,1,3,24,51,60,23,34,38,57,83,-,63,10,29,-,34,-,29,29,29,22,37,No,82422,Silver,200,0,223,No,N,0
CL,Robert Garcia,R,L,23,22,22,23,8,14,22,24,24,23,9,16,24,Normal,Normal,Normal,92,89,73,83,92,91,86,74,81,89,14,57,1,1,1,34,56,70,2,40,59,20,91,-,75,-,-,-,37,1,17,14,15,7,19,No,82215,Silver,128,0,133,Yes,N,0
CF,Jelly Gardner,L,R,69,68,76,58,32,123,86,70,78,60,34,128,90,Normal,Normal,Pull,1,9,1,17,5,1,10,1,20,5,1,19,1,1,1,9,2,3,2,95,75,71,-,-,-,-,-,-,110,94,103,73,81,85,69,No,84532,Silver,161,0,180,Yes,N,0
SS,Konnor Griffin,R,R,86,88,79,82,82,77,72,86,77,82,80,75,70,Normal,Pull,Pull,1,26,12,78,1,1,27,12,81,1,20,24,1,1,1,70,71,85,66,77,75,88,126,-,101,76,78,65,95,73,94,90,85,88,64,No,85016,Silver,987,566,987,Yes,N,0
SS,Konnor Griffin,R,R,86,88,79,82,82,77,72,86,77,82,80,75,70,Normal,Pull,Pull,1,26,12,78,1,1,27,12,81,1,20,24,1,1,1,70,71,85,66,77,75,88,126,-,101,76,78,65,95,73,94,90,85,88,64,No,85016,Silver,987,566,987,No,N,0
SP,Jimmy Hill,L,L,30,30,22,21,1,30,15,31,25,22,1,31,17,Normal,Normal,Normal,94,79,69,74,82,91,78,69,74,80,72,60,1,1,1,29,19,24,23,45,56,56,56,-,-,-,-,-,49,-,-,16,6,4,28,No,84472,Silver,208,0,223,Yes,N,0
C,Ryan Jeffers,R,R,80,83,85,76,79,95,88,80,82,79,77,91,86,Normal,Pull,Pull,1,27,1,80,1,1,26,1,77,1,1,-,61,61,57,27,30,55,15,34,36,59,71,55,55,-,17,-,34,-,30,21,12,15,51,No,82343,Silver,161,134,270,No,N,0
SS,Felix Mantilla,R,R,73,66,83,62,83,90,105,76,85,65,78,77,96,Normal,Spray,Spray,1,1,1,1,2,1,1,1,1,2,1,1,-,-,-,64,67,64,64,60,54,63,-,-,-,67,61,52,67,41,-,49,67,35,48,No,83717,Silver,195,0,178,Yes,N,0
3B,Pepper Martin,R,R,77,85,89,98,83,78,93,75,83,96,79,75,93,Normal,Pull,Pull,38,34,52,1,51,43,39,54,1,59,24,23,-,-,-,64,48,76,33,69,65,83,-,-,-,-,56,-,-,59,82,67,76,77,63,No,84145,Silver,311,127,311,Yes,N,0
2B,Jeff McNeil,L,R,86,85,94,90,62,76,102,87,96,92,66,77,103,Groundball,Spray,Spray,1,24,1,71,1,1,27,1,79,1,4,-,1,1,1,63,68,54,64,61,57,49,117,-,83,66,55,48,66,40,56,45,85,12,69,No,82272,Silver,191,101,190,Yes,N,0
SP,Herb Pennock,S,L,18,10,25,20,2,40,33,21,23,18,4,37,25,Normal,Normal,Normal,35,66,107,49,75,51,95,106,104,91,90,101,-,-,-,30,42,33,29,8,8,7,79,-,-,-,-,-,-,-,-,5,6,4,5,No,83255,Silver,267,125,295,Yes,N,0
SP,Juan Pizarro,L,L,22,33,25,53,30,53,12,18,21,52,45,35,24,Normal,Pull,Pull,68,116,56,138,106,82,73,75,68,76,81,115,-,-,-,27,36,28,23,10,9,10,72,-,-,-,-,-,-,-,-,16,6,3,29,No,83880,Silver,282,155,282,Yes,N,0
3B,Alex Radcliff,R,R,76,78,91,86,76,62,107,76,87,85,74,60,100,Normal,Normal,Normal,1,9,1,26,1,1,8,1,24,1,17,14,1,1,1,92,67,98,80,1,3,9,-,-,-,-,96,-,-,-,-,57,67,50,56,No,84483,Silver,131,101,141,Yes,N,0
CF,Ceddanne Rafaela,R,R,93,93,90,104,70,58,85,94,91,93,69,53,86,Groundball,Spray,Spray,1,25,1,73,1,1,26,1,76,1,4,-,2,2,4,83,76,65,67,100,95,81,134,-,76,89,75,71,122,106,116,63,82,74,56,No,82608,Silver,516,385,487,Yes,N,0
C,Wilbert Robinson,R,R,116,128,136,82,53,48,122,113,123,56,35,31,120,Groundball,Normal,Normal,1,1,1,1,2,1,1,1,1,2,1,19,81,67,74,10,5,8,2,5,3,5,-,75,-,-,-,-,-,-,-,47,51,33,54,No,84182,Silver,497,250,511,Yes,N,0
SP,Emmet Sheehan,R,R,12,12,16,16,1,13,19,12,16,16,1,13,19,Normal,Normal,Normal,92,71,75,87,63,95,74,76,92,66,58,35,1,1,2,29,19,39,8,11,19,20,57,-,51,-,-,-,-,-,-,19,19,14,24,No,81795,Silver,398,300,425,Yes,N,0
CF,Jack Smith,L,L,92,71,68,60,63,58,66,99,92,70,86,74,82,Normal,Normal,Normal,1,1,1,1,1,1,1,1,2,1,1,6,-,-,-,6,1,5,1,84,57,100,-,-,-,-,-,-,101,82,103,87,87,83,92,No,83776,Silver,146,0,134,Yes,N,0
SP,Joe Strong,L,R,59,57,44,75,62,69,33,60,47,78,65,71,35,Normal,Normal,Normal,88,71,73,69,72,91,74,74,78,73,67,60,1,1,1,51,30,45,25,72,59,59,87,-,-,-,23,-,79,57,72,29,6,3,28,No,84457,Silver,141,121,177,Yes,N,0
1B,Spencer Torkelson,R,R,76,77,74,91,101,99,72,76,72,89,97,95,69,Normal,Pull,Pull,1,25,1,74,1,1,25,1,73,1,1,-,2,2,2,30,36,43,46,48,59,61,79,-,53,20,18,-,55,25,49,14,16,4,60,No,82405,Silver,181,0,167,Yes,N,0
SS,Tom Tresh,S,R,84,93,97,66,95,72,97,82,90,71,72,86,97,Normal,Normal,Normal,1,5,1,1,7,1,5,1,1,7,1,23,-,-,-,84,93,68,61,61,45,64,-,-,-,-,83,77,66,42,-,59,36,45,77,No,84377,Silver,222,0,255,Yes,N,0
SS,Jared Triolo,R,R,91,91,91,84,62,98,89,92,86,83,56,90,79,Normal,Pull,Pull,1,25,5,74,1,1,27,5,81,1,6,11,3,3,2,75,78,81,57,44,48,61,132,-,100,80,80,68,48,17,43,61,82,56,67,No,81900,Silver,166,101,199,Yes,N,0
RF,Matt Wallner,L,R,82,82,69,79,94,89,55,83,71,81,96,91,60,Normal,Ex. Pull,Pull,36,57,30,81,46,36,59,33,81,49,20,44,1,1,1,23,32,90,18,50,55,92,77,-,54,2,37,-,62,32,65,33,67,16,45,No,82341,Silver,135,101,129,No,N,0
2B,Lou Whitaker,L,R,96,84,76,38,37,105,69,101,102,67,22,92,96,Groundball,Normal,Normal,1,3,1,1,4,1,3,1,1,4,1,12,-,-,-,107,57,73,93,8,2,10,-,-,-,113,-,-,-,-,-,74,52,52,66,No,84376,Silver,133,0,136,Yes,N,0
SP,Mick Abel,R,R,16,17,17,24,16,13,16,16,16,23,15,12,15,Normal,Normal,Normal,92,79,67,71,83,93,81,68,72,86,60,44,3,3,1,15,12,24,9,43,29,15,31,-,28,-,-,-,32,3,9,22,22,20,23,No,84919,Silver,133,115,150,Yes,N,0
CF,Kevin Alcantara,R,R,97,104,85,79,128,98,68,96,78,74,104,89,62,Normal,Normal,Normal,1,26,6,76,1,1,26,5,77,1,5,4,2,2,2,37,38,45,33,100,67,72,83,-,79,22,21,-,114,101,108,94,70,44,87,No,84755,Silver,131,0,127,No,N,0
C,Patrick Bailey,S,R,74,76,74,58,62,75,74,74,73,60,64,75,74,Normal,Normal,Normal,1,26,1,76,1,1,24,1,72,1,1,-,91,114,88,31,32,58,20,27,40,58,77,109,50,8,22,-,28,-,24,50,16,8,46,No,81719,Silver,202,108,155,Yes,N,0
3B,Addison Barger,L,R,74,79,76,77,84,74,74,73,77,87,94,80,83,Normal,Normal,Normal,1,27,1,79,1,1,24,1,72,1,1,-,1,1,2,64,59,77,65,61,47,69,116,-,79,66,65,53,67,42,64,20,67,23,70,No,82496,Silver,137,101,137,Yes,N,0
RF,Carson Benge,L,R,77,74,75,72,78,78,78,78,79,79,85,85,82,Normal,Normal,Normal,59,60,52,79,51,61,68,55,82,61,47,41,1,1,1,39,40,43,25,75,70,84,85,-,64,20,21,3,91,68,89,83,80,54,47,No,85009,Silver,788,451,654,Yes,N,0
RF,Carson Benge,L,R,77,74,75,72,78,78,78,78,79,79,85,85,82,Normal,Normal,Normal,59,60,52,79,51,61,68,55,82,61,47,41,1,1,1,39,40,43,25,75,70,84,85,-,64,20,21,3,91,68,89,83,80,54,47,No,85009,Silver,788,451,654,No,N,0
SP,Joe Boyle,R,R,19,19,19,18,10,17,18,19,19,18,10,17,18,Normal,Spray,Spray,95,81,60,86,79,97,85,60,91,82,56,41,2,2,1,18,3,37,3,3,26,24,28,-,29,-,-,-,-,-,-,13,11,7,21,No,82540,Silver,214,114,205,Yes,N,0
SP,Taj Bradley,R,R,25,25,31,23,3,14,37,25,31,23,3,14,37,Normal,Normal,Normal,75,79,79,83,77,78,78,80,81,77,66,42,1,1,4,25,31,46,3,34,42,48,66,-,47,-,8,-,33,-,26,16,11,16,20,No,82353,Silver,179,101,148,No,N,0
SS,Ed Brinkman,R,R,60,56,84,55,9,63,130,61,89,58,18,73,141,Normal,Normal,Normal,1,5,1,1,7,1,5,1,1,7,1,20,-,-,-,103,82,96,86,6,10,8,-,-,-,-,-,102,-,-,-,50,58,12,51,No,82912,Silver,253,155,230,Yes,N,0
SP,Charlie Buffinton,R,R,17,18,64,38,61,80,102,17,61,37,58,77,97,Normal,Normal,Normal,76,78,75,83,76,79,80,76,84,79,81,71,-,-,-,31,29,31,33,51,50,67,71,-,50,-,-,-,57,28,53,54,66,79,37,No,83239,Silver,130,0,125,Yes,N,0
1B,Dolph Camilli,L,L,45,33,38,111,80,120,47,49,60,118,119,150,68,Line Drive,Spray,Spray,1,1,1,1,1,1,1,1,2,1,1,18,-,-,-,36,46,50,69,3,5,8,-,-,56,-,-,-,-,-,-,60,67,21,55,No,83775,Silver,152,120,165,Yes,N,0
SP,Joey Cantillo,L,L,25,25,22,21,11,17,19,25,22,21,11,17,19,Normal,Pull,Pull,96,78,69,82,76,93,76,68,80,74,58,53,1,1,2,21,9,54,16,8,5,27,43,-,34,-,-,-,-,-,-,15,23,10,12,No,82453,Silver,196,102,195,Yes,N,0
SP,Andy Cooper,R,L,23,24,41,65,45,53,61,23,40,65,45,53,60,Normal,Normal,Spray,61,79,113,87,76,60,76,110,81,74,68,60,1,1,1,29,25,26,25,53,59,65,63,-,-,-,-,-,60,-,56,38,6,4,28,No,84465,Silver,158,101,210,Yes,N,0
SS,Carlos Correa,R,R,89,90,89,71,74,82,87,89,87,72,75,80,85,Normal,Pull,Pull,1,28,1,83,1,1,28,1,82,1,-,-,-,-,-,75,89,84,61,57,54,77,137,-,106,85,87,74,67,40,65,45,6,5,69,No,82177,Silver,122,0,128,Yes,N,0
RP,Bill Dailey,R,R,1,1,4,3,1,3,1,1,4,3,1,3,1,Normal,Normal,Normal,33,119,13,58,150,77,123,130,71,150,24,56,-,-,-,35,20,26,23,1,10,9,65,-,-,-,-,-,-,-,-,12,6,4,20,No,84264,Silver,184,155,225,Yes,N,0
2B,Ray Durham,S,R,94,111,86,115,32,140,64,90,83,120,58,112,76,Line Drive,Spray,Spray,1,2,1,1,3,1,2,1,1,3,1,6,-,-,-,69,106,47,70,5,3,6,-,-,-,86,-,-,-,-,-,57,67,57,106,No,85378,Silver,196,119,132,No,N,0
2B,Xavier Edwards,S,R,100,103,107,67,38,84,101,100,106,66,41,85,102,Groundball,Normal,Normal,1,25,1,74,1,1,25,1,75,1,10,-,1,1,1,62,73,65,75,75,55,64,120,-,71,72,65,56,83,62,77,75,81,69,75,No,82115,Silver,308,175,450,Yes,N,0
CL,Jose A. Ferrer,L,L,12,12,11,19,1,4,9,13,12,18,1,5,10,Normal,Ex. Pull,Pull,79,101,87,67,118,77,96,88,65,112,16,67,-,-,-,9,8,42,8,12,23,45,24,-,16,-,-,-,-,-,-,16,18,19,22,No,82245,Silver,332,163,300,Yes,N,0
3B,Maikel Garcia,R,R,87,89,94,97,62,84,97,87,91,89,60,81,94,Line Drive,Spray,Spray,1,25,1,75,1,1,25,1,75,1,1,-,1,1,1,88,75,77,65,60,53,48,138,-,87,92,83,77,64,38,54,68,80,70,66,No,82377,Silver,228,0,219,Yes,N,0
C,Regino Garcia,R,R,78,78,85,92,68,77,93,78,84,91,67,76,91,Normal,Normal,Normal,1,10,1,18,7,1,11,1,19,7,1,7,62,62,63,57,61,32,62,75,62,62,-,58,49,57,-,-,84,63,77,71,83,78,68,No,84504,Silver,124,0,140,Yes,N,0
SP,Willie Gisentaner,L,L,48,48,54,65,70,56,61,49,55,66,72,57,62,Normal,Pull,Spray,71,83,83,90,80,69,81,81,87,78,64,60,1,1,1,48,24,26,41,72,59,59,81,-,-,-,-,-,79,57,72,29,6,5,28,No,84463,Silver,302,103,250,Yes,N,0
RP,Greg Harris,S,R,1,1,4,3,1,3,1,1,4,2,1,3,1,Normal,Spray,Spray,118,84,64,104,74,116,95,55,115,85,24,33,-,-,-,33,13,23,23,4,6,2,55,-,-,-,-,-,-,-,-,6,6,5,6,No,83235,Silver,121,0,135,No,N,0
RP,Porter Hodge,R,R,18,18,19,18,13,10,19,18,19,18,13,10,19,Normal,Normal,Normal,95,80,62,82,79,102,86,63,90,85,30,41,1,1,5,16,9,67,20,21,14,22,41,-,29,-,-,-,6,-,-,11,2,14,16,No,81997,Silver,133,0,130,Yes,N,0
CL,Jeff Hoffman,R,R,3,4,16,4,3,4,28,3,15,5,2,3,26,Normal,Normal,Normal,107,74,73,84,69,113,74,74,78,72,15,53,1,1,4,13,34,38,12,11,21,6,54,-,43,-,-,-,-,-,-,18,11,15,27,No,82513,Silver,161,0,151,Yes,N,0
SP,Janson Junk,R,R,20,20,22,20,2,20,25,20,22,20,2,20,25,Normal,Normal,Normal,60,80,102,80,81,63,82,107,80,84,59,31,3,3,2,21,18,39,24,13,25,31,49,-,33,-,-,-,-,-,-,18,20,16,17,No,82126,Silver,135,111,139,Yes,N,0
LF,Henry Larkin,R,R,74,76,95,75,64,88,121,74,90,73,62,86,112,Normal,Normal,Normal,1,3,1,1,4,1,3,1,1,4,1,19,-,-,-,56,52,33,59,48,56,62,-,-,65,52,-,-,54,24,-,79,88,91,72,No,83738,Silver,138,101,150,Yes,N,0
SP,Jacob Lopez,L,L,30,30,26,35,27,32,23,31,28,36,29,33,24,Normal,Normal,Normal,85,77,66,84,74,86,74,68,81,71,58,57,1,1,2,32,27,49,14,43,47,59,73,-,58,-,-,-,46,15,41,34,39,28,36,No,82284,Silver,180,0,199,Yes,N,0
RF,Charlie Mason,L,L,70,70,77,61,81,80,87,71,79,62,83,82,91,Normal,Normal,Normal,17,28,25,32,27,17,28,24,33,26,48,55,1,1,1,48,21,22,41,64,49,73,79,-,60,-,-,-,72,47,69,66,77,77,66,No,84491,Silver,145,0,144,Yes,N,0
SP,Steven Matz,R,L,49,48,45,38,9,41,44,50,47,39,10,42,46,Normal,Normal,Normal,75,73,92,76,72,76,73,93,77,71,58,41,-,-,-,41,33,54,17,20,30,40,83,-,66,-,-,-,14,-,7,13,10,18,11,No,82547,Silver,175,150,199,Yes,N,0
CF,Hurley McNair,L,L,109,105,104,63,51,64,95,110,110,65,56,66,100,Groundball,Normal,Pull,60,58,61,60,58,60,61,61,65,59,49,51,1,1,1,62,22,39,55,86,51,69,90,-,-,-,-,9,95,78,89,75,88,84,71,No,84516,Silver,135,0,154,Yes,N,0
SP,Parker Messick,L,L,22,22,19,29,25,25,15,23,19,30,26,27,16,Normal,Pull,Pull,63,90,108,56,107,70,88,102,60,103,74,55,2,2,1,20,32,59,9,6,23,23,66,-,39,-,-,-,-,-,-,12,10,11,14,No,84645,Silver,114,0,109,No,N,0
SP,Casey Mize,R,R,24,24,19,14,9,20,15,24,19,14,9,20,15,Normal,Normal,Normal,76,77,87,75,78,73,77,85,78,77,66,59,1,1,3,28,28,39,24,14,20,29,67,-,52,5,7,-,-,-,-,15,6,17,22,No,82416,Silver,252,154,275,Yes,N,0
RP,Joe Musgrove,R,R,31,31,29,24,11,27,27,31,29,24,11,27,27,Normal,Normal,Normal,73,79,95,80,79,74,80,96,83,79,53,50,-,-,-,24,13,42,20,-,-,-,48,-,42,-,-,-,-,-,-,22,22,15,28,No,81764,Silver,161,105,156,Yes,N,0
3B,Billy Nash,R,R,70,70,79,89,78,90,91,70,79,88,77,90,91,Normal,Spray,Spray,1,2,1,1,3,1,2,1,1,3,1,18,-,-,-,51,64,65,56,7,4,7,-,-,-,-,54,-,-,-,-,68,84,84,61,No,83694,Silver,333,156,388,Yes,N,0
SP,Aaron Nola,R,R,32,33,36,17,2,49,42,32,34,17,2,49,40,Normal,Normal,Normal,82,68,90,75,65,85,70,93,74,68,76,38,1,1,4,25,74,42,14,7,28,33,93,-,61,12,28,-,-,-,-,15,11,17,16,No,82067,Silver,963,552,951,Yes,N,0
SP,Johan Oviedo,R,R,16,18,33,30,8,20,45,16,32,29,7,18,43,Normal,Spray,Spray,74,78,68,90,72,83,81,72,88,78,55,52,2,2,4,28,51,50,23,3,3,3,84,-,71,13,24,-,-,-,-,20,21,15,23,No,82618,Silver,191,0,185,Yes,N,0
RP,Juan Padilla,R,R,2,2,5,3,1,3,1,2,5,3,1,3,1,Normal,Spray,Spray,51,121,31,127,119,42,129,70,137,126,23,115,-,-,-,27,20,23,23,2,1,3,55,-,-,-,-,-,-,-,-,9,6,5,13,No,84258,Silver,111,0,119,No,N,0
C,Bill Perkins,R,R,72,74,83,83,78,76,95,72,80,82,75,75,92,Normal,Normal,Spray,1,11,1,19,7,1,11,1,19,7,1,25,61,62,63,56,59,72,37,75,62,62,-,58,67,-,55,-,84,63,77,55,68,36,54,No,84486,Silver,152,0,159,Yes,N,0
SP,Trevor Rogers,L,L,19,18,17,21,1,16,15,20,18,23,1,18,16,Normal,Spray,Spray,78,86,89,80,89,69,78,85,78,79,59,61,1,1,1,34,51,56,27,8,8,41,89,-,79,-,-,-,-,-,-,36,22,51,34,No,82654,Silver,195,0,222,Yes,N,0
CL,Dennis Santana,R,R,33,34,30,54,36,30,24,33,29,52,35,28,22,Normal,Normal,Normal,77,92,79,103,87,76,92,78,101,88,17,56,2,2,3,31,44,60,57,24,49,36,86,-,65,29,33,-,22,-,12,43,39,41,49,No,81915,Silver,361,123,333,Yes,N,0
SP,Roki Sasaki,R,R,6,6,15,17,1,15,22,6,15,17,1,15,22,Normal,Normal,Normal,83,67,74,73,64,89,72,77,78,70,72,49,1,1,1,16,20,31,14,5,7,1,43,-,31,-,-,-,-,-,-,4,2,4,5,No,81788,Silver,309,220,345,Yes,N,0
C,Wally Schang,S,R,78,95,95,90,71,88,91,72,80,66,90,81,92,Normal,Pull,Pull,1,3,1,1,4,1,3,1,1,4,1,12,38,51,68,8,5,5,10,5,8,1,-,44,-,-,-,-,-,-,-,78,73,65,97,No,83800,Silver,497,175,372,Yes,N,0
SP,Harry Staley,R,R,19,20,40,68,61,62,61,19,39,66,58,60,58,Normal,Normal,Normal,69,74,99,79,72,69,74,100,78,73,86,79,-,-,-,27,31,28,26,10,6,10,67,-,-,-,-,-,-,-,-,29,8,11,30,No,84056,Silver,127,101,130,Yes,N,0
RF,Ed Stone,L,R,78,77,85,66,62,82,94,79,89,68,64,87,99,Normal,Pull,Normal,1,8,1,18,3,1,8,1,20,3,1,18,1,1,1,68,61,47,70,72,70,77,-,-,-,70,51,-,86,62,82,71,70,48,57,No,84495,Silver,136,0,155,Yes,N,0
SS,Dansby Swanson,R,R,76,77,75,76,88,90,74,76,73,72,86,87,72,Normal,Ex. Pull,Pull,1,25,1,75,1,1,25,1,73,1,1,-,3,3,5,91,89,71,71,56,62,66,146,-,94,101,87,84,64,37,60,45,82,55,71,No,81994,Silver,143,0,140,Yes,N,0
2B,JJ Wetherholt,L,R,76,75,79,74,74,89,86,77,81,77,77,92,88,Normal,Normal,Normal,1,25,1,75,1,1,26,1,78,1,1,1,1,1,1,68,76,59,72,62,72,55,125,-,73,77,65,59,71,45,63,32,77,41,62,No,85010,Silver,190,122,166,No,N,0
SP,Andrew Abbott,L,L,23,23,19,19,6,21,16,23,19,19,6,21,16,Normal,Normal,Normal,71,78,83,81,77,71,77,84,79,76,55,62,1,1,5,22,51,31,40,25,29,20,79,-,49,-,-,-,14,-,-,19,16,13,26,No,81973,Silver,223,112,611,Yes,N,0
2B,Sparky Adams,R,R,67,68,92,74,41,80,133,67,92,74,30,80,134,Normal,Spray,Spray,1,3,1,1,4,1,3,1,1,4,1,8,-,-,-,81,88,57,84,4,5,3,-,-,-,96,77,75,-,-,-,64,70,81,63,No,84156,Silver,272,155,220,Yes,N,0
RP,Adbert Alzolay,R,R,25,25,29,14,3,26,33,25,29,14,3,26,33,Normal,Normal,Normal,86,69,81,80,64,97,77,85,87,72,31,69,2,2,2,14,13,51,21,12,19,31,39,-,23,-,-,-,-,-,-,19,13,15,28,No,82090,Silver,142,111,141,Yes,N,0
RF,Will Benson,L,L,81,81,70,78,79,90,61,82,71,79,80,93,62,Normal,Ex. Pull,Pull,1,25,1,73,1,1,25,1,75,1,1,-,1,1,1,27,35,77,14,65,64,70,78,-,62,-,-,-,76,51,71,90,77,56,61,No,81960,Silver,155,101,159,Yes,N,0
RF,Steve Brady,S,R,91,90,87,58,75,69,83,92,91,60,80,72,88,Groundball,Spray,Spray,1,3,1,1,5,1,3,1,1,5,1,15,-,-,-,33,31,32,32,52,64,58,-,-,50,-,-,-,-,-,52,69,85,88,62,No,82908,Silver,125,0,120,Yes,N,0
2B,Jack Brohamer,L,R,55,40,71,36,93,74,101,60,87,58,58,88,134,Normal,Spray,Spray,1,2,1,1,3,1,2,1,2,3,1,20,-,-,-,92,104,71,67,6,5,1,-,-,-,106,94,-,-,-,-,41,13,19,31,No,84111,Silver,141,0,178,Yes,N,0
SP,Luis Castillo,R,R,39,39,31,18,4,38,18,39,31,18,4,38,18,Normal,Normal,Normal,73,70,85,74,69,77,76,86,80,74,67,53,1,1,1,16,18,59,11,8,18,27,47,-,31,-,-,-,-,-,-,12,2,10,24,No,82254,Silver,520,125,443,Yes,N,0
C,Tommy Clarke,R,R,82,81,92,120,1,101,104,83,101,51,1,108,127,Groundball,Spray,Spray,1,3,1,1,5,1,3,1,1,5,1,5,97,67,78,10,4,5,10,8,6,10,-,84,-,-,-,-,-,-,-,68,76,68,52,No,83558,Silver,404,111,400,Yes,N,0
SP,Bruce Dal Canton,R,R,1,1,4,3,1,3,1,1,4,3,1,3,1,Normal,Normal,Normal,63,105,58,109,103,68,100,48,106,98,74,33,-,-,-,26,20,23,23,4,4,10,54,-,-,-,-,-,-,-,-,9,6,3,14,No,83190,Silver,228,124,167,Yes,N,0
C,Harry Danning,R,R,73,87,99,72,73,77,112,69,87,78,88,63,110,Normal,Spray,Spray,1,3,1,1,5,1,3,1,1,5,1,16,87,62,69,4,4,8,5,1,3,6,-,73,-,-,-,-,-,-,-,44,58,20,44,No,84148,Silver,339,151,325,Yes,N,0
SS,Al Dark,R,R,61,42,71,125,93,53,99,64,76,86,68,55,91,Normal,Spray,Spray,1,5,1,1,7,1,5,1,2,7,1,23,-,-,-,103,66,95,92,10,1,2,-,-,-,-,100,97,-,-,-,63,72,44,91,No,83729,Silver,112,0,115,No,N,0
CF,Boots Day,L,L,84,68,92,62,10,77,133,89,103,48,48,61,117,Groundball,Spray,Spray,1,1,1,1,1,1,1,1,2,1,1,2,-,-,-,6,8,4,6,101,62,93,-,-,-,-,-,-,119,106,-,64,68,56,74,No,83770,Silver,113,0,120,Yes,N,0
CF,Brenton Doyle,R,R,92,94,82,74,78,68,71,92,79,75,78,66,69,Normal,Pull,Pull,1,26,1,76,1,1,26,1,76,1,1,-,1,1,1,23,16,74,3,94,88,96,56,-,41,-,9,-,117,99,116,62,84,70,52,No,81810,Silver,141,115,144,Yes,N,0
SS,Stephen Drew,L,R,85,78,73,88,78,88,69,87,89,88,65,83,90,Groundball,Pull,Pull,1,3,1,1,5,1,3,1,1,5,1,10,-,-,-,90,74,78,72,5,10,9,-,-,-,96,-,80,-,-,-,50,61,23,40,No,83348,Silver,107,0,131,No,N,0
SP,David Festa,R,R,17,17,16,15,8,22,15,17,16,15,8,22,15,Normal,Pull,Pull,77,75,77,78,74,83,78,80,82,77,53,45,1,1,1,27,18,38,11,30,28,30,54,-,49,-,-,-,22,-,12,32,21,34,42,No,82331,Silver,138,105,170,Yes,N,0
SP,Frank Foreman,R,R,39,46,58,90,62,75,67,37,48,77,70,65,61,Normal,Spray,Spray,76,86,75,104,77,75,74,75,71,76,80,61,-,-,-,25,16,19,16,3,7,3,46,-,-,-,-,-,-,-,-,67,54,33,47,No,84049,Silver,119,0,132,Yes,N,0
1B,Keston Hiura,R,R,99,95,80,73,98,79,67,102,81,74,94,69,62,Normal,Pull,Pull,1,23,1,69,1,1,27,1,80,1,1,-,1,1,5,41,38,48,50,51,47,43,87,-,58,32,27,16,51,23,41,50,49,15,70,No,81774,Silver,141,101,129,Yes,N,0
C,Carson Kelly,R,R,69,71,78,65,81,92,87,69,77,62,78,89,87,Normal,Normal,Normal,1,29,1,85,1,1,27,1,81,1,1,-,69,62,78,48,46,56,46,44,46,54,96,68,80,40,38,26,46,16,40,35,16,14,28,No,81987,Silver,127,0,125,Yes,N,0
2B,Brandon Lowe,L,R,81,81,74,73,93,74,69,81,77,79,94,77,74,Normal,Ex. Pull,Pull,1,25,1,74,1,1,24,1,72,1,1,-,2,2,5,60,69,49,64,56,58,51,115,-,69,64,51,45,60,33,52,20,72,19,65,No,81905,Silver,269,155,240,Yes,N,0
3B,Manny Machado,R,R,77,77,81,71,87,83,88,78,81,71,88,80,86,Normal,Ex. Pull,Pull,1,27,1,81,1,1,28,1,83,1,-,-,-,-,-,64,79,73,55,68,61,82,124,-,96,69,71,57,81,56,79,16,75,32,44,No,81752,Silver,192,105,192,Yes,N,0
SP,Joe McGinnity,R,R,22,33,61,36,1,24,82,18,53,57,1,39,78,Normal,Spray,Spray,60,83,90,110,70,66,75,94,70,78,101,72,-,-,-,30,17,23,23,8,8,1,55,-,-,-,-,-,-,-,-,55,51,42,48,No,84052,Silver,123,0,123,Yes,N,0
1B,Mark McGwire,R,R,24,13,21,15,144,145,30,28,26,14,130,121,26,Flyball,Spray,Spray,1,3,1,1,5,1,4,1,2,5,1,13,-,-,-,27,36,28,23,4,4,1,-,-,61,-,-,-,-,-,-,9,16,4,9,No,83997,Silver,127,0,138,Yes,N,0
CF,Parker Meadows,L,R,80,81,75,83,68,81,70,80,78,84,77,87,78,Normal,Spray,Spray,1,26,4,77,1,1,28,5,80,2,12,-,2,2,2,16,4,49,12,91,82,74,30,-,25,-,-,-,108,90,102,110,82,60,72,No,82399,Silver,258,0,224,Yes,N,0
RP,A.J. Minter,L,L,15,15,17,24,4,15,19,16,18,25,5,16,20,Normal,Normal,Normal,95,78,82,77,79,90,79,80,83,78,13,65,4,4,4,18,48,65,22,36,35,16,79,-,46,-,-,-,27,-,5,20,10,13,39,No,82074,Silver,181,115,148,Yes,N,0
2B,Dylan Moore,R,R,72,76,74,71,99,86,73,71,65,71,100,79,60,Flyball,Spray,Spray,1,30,1,89,1,1,26,1,77,1,1,-,1,1,1,65,70,55,69,65,65,58,119,-,80,71,58,52,73,48,65,86,83,96,57,No,82048,Silver,136,101,132,Yes,N,0
RF,Tyler O'Neill,R,R,75,76,72,58,108,87,69,75,70,59,100,83,66,Normal,Ex. Pull,Pull,1,26,8,76,1,1,25,8,74,1,3,-,2,2,5,16,18,53,16,62,62,61,45,-,25,-,-,-,70,44,63,17,76,33,69,No,82643,Silver,181,130,228,No,N,0
CF,Jim O'Rourke,R,R,71,71,79,176,89,60,89,71,78,174,88,59,87,Line Drive,Spray,Spray,1,1,1,1,1,1,1,1,1,1,1,5,56,55,64,31,32,34,38,67,62,68,-,53,38,-,6,-,77,53,72,77,84,93,73,No,83733,Silver,122,0,123,Yes,N,0
SP,Brandon Pfaadt,R,R,21,21,20,34,7,30,20,21,20,34,7,30,20,Normal,Normal,Normal,68,70,92,76,68,76,77,97,79,76,70,44,2,2,1,30,13,44,21,8,20,28,56,-,47,-,-,-,-,-,-,21,4,18,42,No,81858,Silver,174,110,180,Yes,N,0
CF,Jim Piersall,R,R,45,32,69,95,91,89,100,50,77,71,76,78,108,Normal,Normal,Normal,1,1,1,1,1,1,1,1,2,1,1,1,-,-,-,2,8,9,6,84,97,103,-,-,-,-,-,-,110,88,111,61,75,57,64,No,83688,Silver,316,101,355,Yes,N,0
SP,Quinn Priester,R,R,32,34,30,32,26,18,23,32,28,30,25,17,22,Normal,Pull,Pull,67,81,77,87,79,74,84,81,81,86,66,44,3,3,4,39,23,70,23,41,50,72,79,-,62,11,29,-,48,16,46,41,39,42,41,No,81922,Silver,131,0,131,Yes,N,0
SP,Bob Purkey,R,R,20,23,15,69,46,66,7,19,15,66,44,53,11,Normal,Pull,Pull,50,76,91,84,73,48,86,130,86,86,72,115,-,-,-,35,32,33,32,1,5,6,77,-,-,-,-,-,-,-,-,36,6,4,28,No,84048,Silver,300,155,278,Yes,N,0
2B,Miguel Rojas,R,R,73,73,86,69,66,69,103,74,84,67,61,66,97,Normal,Spray,Normal,1,27,1,79,1,1,28,1,82,1,-,-,6,6,6,92,82,77,86,55,54,62,145,-,84,106,91,88,61,34,56,16,76,31,54,No,81775,Silver,136,110,145,Yes,N,0
RF,Anthony Santander,S,R,56,59,67,66,110,87,77,55,69,70,106,85,83,Normal,Ex. Pull,Pull,1,29,1,87,1,1,27,1,79,1,-,-,-,-,-,23,37,37,17,62,56,66,69,-,49,-,6,-,69,44,65,2,16,4,44,No,82500,Silver,136,0,143,Yes,N,0
2B,Casey Schmitt,R,R,89,89,87,79,88,66,85,90,86,79,85,64,82,Normal,Pull,Pull,49,62,50,80,54,57,67,55,89,57,18,39,1,1,4,70,69,77,48,42,48,78,123,-,90,68,70,57,49,18,49,23,72,17,48,No,81712,Silver,297,162,399,Yes,N,0
LF,Davis Schneider,R,R,68,66,63,74,92,127,62,69,65,73,89,115,62,Normal,Pull,Pull,1,23,2,69,1,1,27,2,81,1,8,-,1,1,2,61,64,74,50,52,56,54,115,-,64,60,63,48,56,28,49,47,77,21,56,No,82499,Silver,171,102,170,No,N,0
1B,Harry Simpson,L,R,75,60,69,63,85,66,80,81,90,86,86,65,98,Normal,Spray,Normal,44,46,60,38,50,44,59,60,78,50,49,69,1,1,1,48,42,41,34,70,88,79,91,-,72,-,-,-,88,62,84,56,64,22,49,No,84484,Silver,140,0,145,Yes,N,0
C,Clyde Sukeforth,L,R,124,131,127,51,4,58,108,122,135,81,28,63,130,Groundball,Normal,Normal,1,1,1,1,1,1,1,1,1,1,1,23,64,59,69,3,2,6,8,9,6,10,-,61,-,-,-,-,-,-,-,68,74,69,66,No,85017,Silver,134,101,130,Yes,N,0
SP,Bill Swift,R,R,31,34,27,63,2,42,13,30,28,54,4,27,27,Normal,Normal,Normal,39,82,109,100,73,61,75,121,85,70,70,95,-,-,-,30,25,26,23,3,3,4,63,-,-,-,-,-,-,-,-,5,6,4,5,No,83241,Silver,264,101,370,Yes,N,0
CF,Leody Taveras,S,R,88,89,88,73,72,73,86,88,88,73,73,73,87,Normal,Spray,Spray,1,25,1,75,1,1,25,1,73,1,1,-,1,1,1,20,23,55,16,85,82,64,56,-,35,-,10,-,99,79,91,64,91,74,65,No,82639,Silver,196,130,212,Yes,N,0
SP,Tommy Thomas,R,R,21,32,27,14,2,59,19,17,19,22,4,37,20,Normal,Spray,Spray,87,85,50,116,70,114,75,61,63,81,70,79,-,-,-,29,44,33,26,8,6,3,79,-,-,-,-,-,-,-,-,10,6,5,15,No,84284,Silver,399,202,444,Yes,N,0
LF,Arky Vaughan,L,R,103,87,61,4,4,70,24,111,126,74,70,99,129,Groundball,Spray,Spray,1,3,1,1,4,1,3,1,1,4,1,15,-,-,-,64,78,60,40,59,102,44,-,-,-,-,60,49,71,-,-,60,74,44,62,No,85024,Silver,122,0,125,No,N,0
LF,Taylor Ward,R,R,82,85,81,82,79,103,79,82,78,86,80,98,76,Normal,Pull,Pull,1,29,5,80,4,1,30,8,74,8,45,-,30,30,57,30,38,70,16,57,58,61,81,25,55,7,30,-,64,37,58,18,67,19,43,No,82635,Silver,155,101,154,Yes,N,0
RP,Keaton Winn,R,R,26,26,22,16,3,16,18,26,22,16,3,16,18,Normal,Normal,Normal,72,79,89,73,82,73,83,89,79,85,27,31,3,3,2,22,1,48,19,25,15,28,36,-,30,-,-,-,14,-,-,14,16,8,19,No,81723,Silver,135,0,124,Yes,N,0
SS,Willy Adames,R,R,74,73,72,87,89,80,72,75,73,85,89,77,73,Normal,Ex. Pull,Pull,1,27,1,80,1,1,29,1,85,1,-,-,3,3,4,85,77,74,75,60,58,57,137,-,87,93,82,77,67,41,59,31,73,45,56,No,81720,Silver,218,101,200,No,N,0
LF,Randy Arozarena,R,R,92,92,82,85,81,90,73,93,81,84,78,87,70,Normal,Pull,Pull,1,25,3,74,1,1,26,3,77,1,9,-,1,1,1,53,52,48,41,54,54,60,100,-,68,44,37,28,60,32,54,44,80,69,77,No,82239,Silver,210,150,210,Yes,N,0
SP,Dan Bankhead,R,R,75,75,60,70,70,64,36,75,59,70,69,64,35,Normal,Spray,Spray,109,94,57,72,105,122,100,59,73,114,74,60,1,1,1,29,46,33,23,72,59,59,80,-,-,-,-,-,-,-,-,35,11,3,28,No,84884,Silver,2 518,1 782,2 600,Yes,N,0
3B,Bo Bichette,R,R,98,98,99,78,74,63,96,98,98,76,74,61,94,Groundball,Spray,Normal,1,24,1,72,1,1,25,1,75,1,1,-,1,1,1,70,72,64,67,67,61,60,124,-,82,76,67,59,75,51,68,18,61,22,74,No,82083,Silver,146,115,150,Yes,N,0
SP,Mordecai Brown,S,R,18,27,26,52,2,33,27,16,22,42,5,47,28,Normal,Spray,Spray,72,84,94,102,75,71,69,93,59,74,80,68,-,-,-,29,39,34,35,2,8,10,78,-,-,-,-,-,-,-,-,59,75,65,49,No,82677,Silver,132,0,124,Yes,N,0
RF,Alex Call,R,R,65,67,76,67,86,116,88,65,74,74,79,101,86,Normal,Pull,Pull,1,29,1,87,1,1,27,1,81,1,1,-,1,1,1,28,36,46,16,59,59,76,76,-,45,3,15,-,70,43,68,31,67,34,60,No,81767,Silver,142,110,140,Yes,N,0
3B,Ed Charles,R,R,69,69,82,61,62,77,99,70,79,83,84,82,92,Normal,Normal,Normal,1,1,1,1,2,1,1,1,1,2,1,14,-,-,-,68,74,80,46,7,4,7,-,-,-,-,73,-,-,-,-,67,83,65,63,No,84372,Silver,127,0,138,Yes,N,0
RP,Watty Clark,L,L,12,7,9,32,2,25,8,14,15,23,4,30,16,Normal,Normal,Normal,92,68,73,47,79,92,83,81,97,76,25,53,-,-,-,33,40,32,23,3,7,6,79,-,-,-,-,-,-,-,-,5,6,4,5,No,84283,Silver,934,450,997,Yes,N,0
SP,Ray Collins,L,L,30,21,19,60,24,99,17,32,29,80,35,81,23,Normal,Pull,Pull,63,69,115,59,74,60,77,114,85,73,78,56,-,-,-,27,35,27,18,10,1,1,70,-,-,-,-,-,-,-,-,35,6,5,28,No,84055,Silver,126,0,125,Yes,N,0
1B,Charlie Comiskey,R,R,76,82,111,85,68,44,161,74,103,79,62,38,159,Groundball,Normal,Normal,48,60,51,59,61,47,56,52,47,61,25,2,-,-,-,77,56,66,64,52,58,50,-,-,81,76,-,-,-,-,48,78,101,98,75,No,84177,Silver,166,0,123,Yes,N,0
3B,Billy Cox,R,R,60,40,77,66,88,82,124,63,83,79,78,76,110,Normal,Pull,Pull,1,3,1,1,5,1,4,1,2,5,1,7,-,-,-,50,77,65,57,4,9,10,-,-,-,57,59,44,-,-,-,29,58,23,39,No,83709,Silver,158,120,180,Yes,N,0
LF,Johnny Davis,R,R,64,64,73,88,88,90,85,64,73,88,88,90,85,Normal,Pull,Spray,45,54,63,38,62,44,53,63,36,62,64,65,1,1,1,25,21,22,19,75,62,69,53,-,-,-,-,-,86,64,-,59,70,25,51,No,84492,Silver,138,0,147,Yes,N,0
SP,Phil Douglas,R,R,10,17,15,21,7,50,13,8,18,32,4,32,27,Normal,Spray,Spray,79,87,110,118,72,93,66,108,54,72,68,33,-,-,-,35,18,25,23,4,9,9,63,-,-,-,-,-,-,-,-,51,68,69,35,No,83311,Silver,122,0,125,Yes,N,0
LF,Paul Easterling,R,R,129,122,77,94,82,67,33,131,82,69,101,70,40,Groundball,Spray,Spray,1,3,1,1,4,1,3,1,1,4,1,12,-,-,-,4,3,7,5,56,52,52,-,-,-,-,-,-,60,-,52,64,57,47,69,No,84683,Silver,144,101,128,No,N,0
LF,Chuck Essegian,R,R,69,81,69,68,138,82,59,66,64,44,127,104,64,Flyball,Spray,Spray,1,2,1,1,3,1,2,1,1,3,1,14,-,-,-,6,2,6,10,60,122,45,-,-,-,-,-,-,78,47,64,18,6,3,57,No,85320,Silver,150,102,121,No,N,0
C,Bill Freehan,R,R,62,93,88,45,34,103,82,39,62,83,90,90,79,Normal,Normal,Normal,1,1,1,2,1,1,1,1,1,1,1,5,75,55,86,40,54,39,31,5,7,8,-,71,74,-,-,-,-,-,-,47,85,14,42,No,84369,Silver,214,0,205,Yes,N,0
CF,Gid Gardner,R,R,70,74,71,108,73,100,69,69,64,91,71,112,61,Normal,Normal,Normal,43,42,58,44,41,45,43,59,42,44,25,15,-,-,-,55,52,42,59,59,62,47,-,-,-,52,37,-,64,38,54,72,85,54,59,No,84576,Silver,145,0,139,Yes,N,0
RP,Kevin Ginkel,L,R,24,24,24,18,10,18,24,24,24,18,10,18,24,Normal,Normal,Normal,90,85,76,71,92,87,87,74,77,93,15,49,2,2,1,13,31,52,17,13,21,29,55,-,39,-,-,-,-,-,-,16,8,15,24,No,81857,Silver,156,101,160,Yes,N,0
1B,Paul Goldschmidt,R,R,88,94,93,82,81,86,89,87,83,80,80,81,79,Normal,Normal,Normal,1,28,1,83,1,1,24,1,71,1,3,-,-,-,-,29,37,33,38,18,22,38,77,-,59,16,7,-,10,-,-,8,76,16,83,No,82571,Silver,302,130,310,Yes,N,0
SP,Tommy Hanson,R,R,2,2,5,4,1,9,2,2,5,4,1,4,3,Normal,Spray,Spray,75,91,77,77,98,66,79,78,84,77,69,33,-,-,-,31,20,25,23,7,3,2,60,-,-,-,-,-,-,-,-,5,6,3,5,No,83224,Silver,176,0,165,Yes,N,0
RP,Brant Hurter,L,L,23,23,16,15,2,18,9,23,16,15,2,18,9,Normal,Normal,Normal,78,88,96,89,88,69,79,92,83,77,33,67,3,3,2,30,23,40,17,13,22,31,64,-,58,-,-,-,-,-,-,20,15,4,42,No,82414,Silver,172,0,200,Yes,N,0
SS,Fred Hutchinson,R,R,30,31,69,95,86,73,104,30,68,94,84,72,101,Normal,Normal,Spray,10,18,11,34,10,10,16,11,31,9,10,12,1,1,1,97,72,94,84,55,62,68,-,-,-,107,99,93,-,-,60,73,71,70,62,No,84479,Silver,159,0,175,Yes,N,0
1B,Monte Irvin,R,R,79,57,68,58,74,90,80,85,83,112,92,72,81,Normal,Normal,Normal,1,2,1,1,3,1,3,1,3,3,1,11,-,-,-,54,26,54,40,64,83,48,-,-,65,-,30,-,74,-,63,54,44,20,63,No,84383,Silver,132,0,140,Yes,N,0
SP,Hisashi Iwakuma,R,R,1,1,4,3,1,4,1,1,4,3,1,4,1,Normal,Normal,Normal,53,61,142,74,55,73,67,138,81,60,73,115,-,-,-,31,20,24,23,7,5,1,59,-,-,-,-,-,-,-,-,13,6,4,22,No,83234,Silver,111,0,112,No,N,0
RP,Kevin Kelly,R,R,22,22,18,19,6,14,14,22,19,19,6,14,15,Normal,Normal,Normal,75,78,104,83,76,76,86,102,97,81,16,38,4,4,3,34,25,60,14,25,18,40,76,-,54,4,21,-,17,-,8,17,17,12,22,No,82541,Silver,162,105,169,Yes,N,0
RF,Trevor Larnach,L,R,88,88,80,73,74,89,74,89,84,79,75,94,80,Normal,Pull,Pull,1,45,16,76,30,1,50,17,79,36,43,-,1,1,1,17,47,62,11,49,53,53,76,-,54,-,16,-,52,23,45,20,63,20,50,No,82338,Silver,130,101,134,No,N,0
RF,Fred Long,R,R,71,72,82,99,87,65,95,71,80,97,85,64,93,Normal,Normal,Spray,1,11,1,20,7,1,11,1,21,7,1,4,1,1,1,9,5,5,9,72,57,62,-,-,-,-,-,-,80,58,73,54,13,15,34,No,84485,Silver,126,0,132,Yes,N,0
2B,Davey Lopes,R,R,70,88,95,67,74,115,100,64,74,61,63,97,87,Normal,Normal,Normal,1,5,1,1,7,1,5,1,1,7,1,6,-,-,-,88,64,57,71,9,4,3,-,-,-,89,-,-,-,-,-,85,89,89,100,No,83755,Silver,108,0,158,No,N,0
SS,Otto Lopez,R,R,93,94,97,78,65,67,97,93,96,76,65,64,95,Groundball,Spray,Spray,1,28,1,83,1,1,27,1,81,1,-,-,-,-,-,77,69,63,68,68,61,55,127,-,73,81,68,63,75,52,67,72,77,56,57,No,82108,Silver,267,117,269,Yes,N,0
CF,Eddie Milner,L,L,49,45,67,95,44,78,86,51,78,71,66,88,110,Normal,Normal,Normal,1,1,1,1,1,1,1,1,1,1,1,3,-,-,-,7,10,3,3,95,91,96,-,-,-,-,-,-,119,101,118,70,75,84,65,No,84144,Silver,116,101,116,Yes,N,0
RP,Mason Montgomery,L,L,17,17,17,16,8,14,17,17,17,16,8,14,17,Normal,Normal,Normal,98,81,73,70,87,90,75,71,67,79,25,57,3,3,1,44,61,49,30,15,3,3,99,-,80,-,-,-,-,-,-,10,3,8,18,No,81916,Silver,179,105,179,Yes,N,0
CF,Pedro Pages,S,L,64,64,77,89,48,86,94,65,80,91,51,88,99,Line Drive,Normal,Normal,1,9,1,19,5,1,9,1,18,5,1,22,1,1,1,29,29,28,27,96,67,70,-,-,36,-,-,-,109,94,102,73,81,67,65,No,84481,Silver,134,0,132,Yes,N,0
SP,Jim Palmer,R,R,7,4,7,21,1,12,6,9,10,15,3,17,8,Normal,Normal,Normal,60,75,62,54,86,84,86,76,132,63,99,33,-,-,-,30,32,32,36,7,7,9,73,-,-,-,-,-,-,-,-,17,6,5,29,No,82674,Silver,112,0,120,No,N,0
SP,Ryan Pepiot,R,R,21,21,23,13,11,16,25,21,23,13,11,16,25,Normal,Normal,Normal,83,78,75,104,66,84,79,76,101,68,55,36,2,2,2,25,32,62,15,15,19,31,73,-,52,-,21,-,1,-,-,16,15,16,19,No,82546,Silver,151,101,138,Yes,N,0
2B,Charlie Pick,L,R,60,54,79,66,71,80,114,62,97,84,50,60,175,Normal,Spray,Spray,1,3,1,1,5,1,3,1,1,5,1,10,-,-,-,88,45,57,61,2,10,2,-,-,-,79,58,-,-,-,-,68,57,72,53,No,82881,Silver,962,299,725,Yes,N,0
2B,Jorge Polanco,S,R,67,67,77,66,90,80,90,67,75,67,91,86,85,Normal,Ex. Pull,Pull,1,26,5,76,1,1,26,5,76,1,10,-,-,-,-,49,57,56,54,63,53,66,102,-,69,47,44,32,71,46,66,13,67,25,56,No,82082,Silver,317,133,300,No,N,0
LF,Heliot Ramos,R,R,94,95,88,71,85,72,80,94,86,69,83,68,77,Groundball,Pull,Pull,1,26,7,76,1,1,26,6,77,1,3,-,1,1,3,14,14,54,6,57,59,67,39,-,22,-,-,-,65,38,61,35,67,25,56,No,81716,Silver,156,0,150,Yes,N,0
C,Ellie Rodriguez,R,R,85,72,80,67,43,140,91,89,96,57,34,102,102,Groundball,Normal,Normal,1,1,1,1,2,1,2,1,2,2,1,14,64,56,63,8,1,10,9,3,5,8,-,57,-,-,-,-,-,-,-,40,41,24,40,No,83969,Silver,255,155,223,Yes,N,0
3B,Al Rosen,R,R,53,67,87,67,100,93,115,46,71,73,72,86,96,Normal,Spray,Spray,1,1,1,1,1,1,1,1,1,1,1,16,-,-,-,70,66,80,40,1,10,3,-,-,71,-,70,-,-,-,-,34,44,25,39,No,83620,Silver,278,155,269,Yes,N,0
SP,Dick Rudolph,R,R,6,5,24,61,2,57,34,7,17,82,5,54,27,Line Drive,Normal,Normal,61,75,97,77,74,54,82,117,103,72,96,93,-,-,-,31,36,30,23,1,7,5,76,-,-,-,-,-,-,-,-,79,77,89,76,No,83229,Silver,133,0,135,Yes,N,0
1B,Nolan Schanuel,L,R,76,75,84,68,70,91,95,77,87,71,74,92,98,Normal,Ex. Pull,Pull,1,25,7,73,1,1,27,7,80,1,7,6,1,1,1,32,32,38,43,44,46,49,77,-,62,19,13,-,45,14,37,19,76,17,51,No,82304,Silver,146,101,145,Yes,N,0
CF,Casey Stengel,L,L,77,61,65,75,66,82,71,82,85,72,90,72,88,Normal,Pull,Pull,1,1,1,1,2,1,2,1,2,2,1,25,-,-,-,7,9,2,4,67,78,57,-,-,-,-,-,-,78,52,69,62,72,57,61,No,83673,Silver,348,125,325,Yes,N,0
SS,Ezequiel Tovar,R,R,92,92,85,110,74,59,78,93,84,112,72,55,75,Normal,Pull,Pull,1,26,1,76,1,1,26,1,77,1,-,-,-,-,-,91,76,83,87,58,69,71,142,-,89,103,91,87,69,41,65,50,63,32,69,No,81820,Silver,218,117,200,Yes,N,0
RF,George Watkins,L,R,80,93,78,66,62,113,66,76,82,90,84,78,90,Normal,Pull,Pull,1,1,1,1,1,1,1,1,1,1,1,14,-,-,-,7,4,9,3,58,44,78,-,-,-,-,-,-,65,39,65,55,71,80,69,No,83703,Silver,201,124,223,Yes,N,0
CL,Jack Aker,R,R,1,1,5,3,1,3,2,1,5,3,1,3,2,Normal,Normal,Normal,49,107,81,90,116,54,98,99,107,94,25,115,-,-,-,29,35,38,51,8,4,1,77,-,-,-,-,-,-,-,-,9,6,3,13,No,83227,Silver,172,101,200,Yes,N,0
RP,Drew Anderson,R,R,22,23,22,18,4,22,21,22,21,18,4,21,20,Normal,Normal,Normal,95,69,72,80,64,94,68,71,78,63,39,52,-,-,-,22,14,45,14,33,37,36,46,-,36,-,-,-,28,-,18,18,22,12,20,No,82420,Silver,269,222,270,Yes,N,0
SP,Bill Byrd,S,R,58,57,56,73,70,70,56,59,59,75,75,72,60,Normal,Normal,Spray,62,74,102,70,76,64,79,104,81,78,72,60,1,1,1,29,30,28,25,53,59,65,68,-,-,-,-,-,60,-,56,33,11,4,29,No,84446,Silver,139,104,145,Yes,N,0
CF,Colton Cowser,L,R,92,94,73,76,76,83,49,92,75,77,78,86,61,Groundball,Pull,Normal,1,25,1,75,1,1,25,1,74,1,1,-,3,3,4,36,39,66,35,67,76,70,85,-,65,24,34,-,80,55,75,40,85,59,69,No,82633,Silver,172,111,198,Yes,N,0
RF,Sam Crawford,L,L,79,67,102,93,90,60,179,83,94,86,73,62,105,Normal,Spray,Spray,1,5,1,1,7,1,5,1,2,7,1,9,-,-,-,10,6,5,7,43,109,60,-,-,13,-,-,-,60,24,52,86,92,88,80,No,83704,Silver,137,0,130,Yes,N,0
2B,Jack Crooks,R,R,52,52,66,92,84,125,79,52,66,92,83,124,78,Line Drive,Pull,Pull,1,1,1,1,1,1,1,1,1,1,1,25,-,-,-,54,68,31,53,10,4,5,-,-,-,53,31,-,-,-,-,76,91,88,71,No,83695,Silver,267,155,420,Yes,N,0
SP,Dave Danforth,L,L,5,3,6,35,1,11,5,6,9,20,1,22,10,Normal,Normal,Normal,93,70,62,48,81,90,85,65,98,79,77,81,-,-,-,27,27,26,23,3,10,3,62,-,-,-,-,-,-,-,-,38,49,42,31,No,82822,Silver,359,288,377,Yes,N,0
SP,Roosevelt Davis,R,R,25,25,38,49,34,50,55,26,39,49,35,50,56,Normal,Pull,Normal,62,75,100,71,77,64,79,104,80,79,68,60,1,1,1,29,27,27,25,45,56,56,65,-,-,-,-,-,49,-,-,8,6,5,28,No,84456,Silver,167,121,222,Yes,N,0
CL,Camilo Doval,R,R,19,19,19,16,14,27,19,19,19,16,14,29,19,Normal,Normal,Normal,97,81,67,77,83,99,91,66,90,92,15,61,3,3,1,25,53,56,33,3,3,3,85,-,59,18,29,-,-,-,-,21,23,15,25,No,82582,Silver,177,105,168,Yes,N,0
SP,Willis Flournoy,L,L,42,41,35,72,21,61,31,43,37,74,24,62,33,Normal,Normal,Normal,73,79,75,82,78,71,77,73,83,75,77,60,1,1,1,29,25,26,25,53,59,65,63,-,-,-,-,-,-,-,56,33,11,3,28,No,84453,Silver,220,113,189,Yes,N,0
CF,Chick Fullis,R,R,80,100,112,65,67,75,115,72,92,53,63,72,120,Normal,Normal,Normal,1,2,1,1,3,1,2,1,1,3,1,17,-,-,-,68,52,42,59,70,63,63,-,-,-,62,-,-,79,56,-,59,71,80,62,No,82907,Silver,360,101,333,Yes,N,0
SP,Mel Harder,R,R,12,7,12,34,3,43,16,14,15,53,4,37,15,Normal,Spray,Spray,60,56,96,49,60,81,90,88,112,79,79,115,-,-,-,29,23,24,20,5,1,2,60,-,-,-,-,-,-,-,-,15,6,3,27,No,83215,Silver,289,151,280,Yes,N,0
1B,Dick Hoblitzel,L,L,81,71,91,57,60,63,118,84,105,82,71,74,135,Normal,Normal,Normal,1,3,1,1,4,1,3,1,1,4,1,17,-,-,-,64,66,59,46,5,5,6,-,-,79,31,-,-,-,-,-,77,85,67,72,No,83655,Silver,149,0,143,Yes,N,0
1B,Eric Hosmer,L,L,80,80,92,72,76,79,105,80,91,77,81,82,102,Normal,Normal,Normal,1,2,1,1,3,1,2,1,1,3,1,18,-,-,-,40,62,44,31,6,8,5,-,-,84,-,-,-,-,-,-,48,72,54,56,No,84151,Silver,111,0,114,No,N,0
CF,Torii Hunter,R,R,51,66,63,124,71,76,62,44,64,81,89,56,81,Normal,Pull,Pull,1,3,1,1,4,1,3,1,1,4,1,20,-,-,-,10,2,5,4,103,82,101,-,-,-,-,-,-,-,112,127,67,70,64,76,No,83735,Silver,115,101,121,No,N,0
CF,Sanford Jackson,R,R,54,56,72,59,21,96,90,54,70,57,19,93,86,Normal,Spray,Pull,1,7,1,19,1,1,7,1,19,1,1,22,1,1,1,79,65,77,70,106,73,74,-,-,-,83,75,68,122,110,-,72,81,65,64,No,84470,Silver,142,0,158,Yes,N,0
1B,Harmon Killebrew,R,R,30,25,26,40,122,148,28,32,42,43,122,131,55,Flyball,Spray,Spray,1,2,1,1,3,1,2,1,1,3,1,11,-,-,-,53,57,52,39,6,2,3,-,-,74,-,42,-,-,-,-,31,6,4,22,No,83976,Silver,122,0,128,No,N,0
3B,Tommy Leach,R,R,72,71,86,44,77,80,104,73,89,81,31,76,110,Normal,Pull,Pull,1,1,1,1,1,1,1,1,1,1,1,6,-,-,-,83,69,81,52,78,74,78,-,-,-,-,79,70,93,71,-,85,84,71,97,No,84370,Silver,308,163,278,Yes,N,0
SP,Red Lucas,L,R,73,63,67,54,1,67,72,77,79,53,2,73,83,Groundball,Normal,Normal,41,68,83,71,67,60,90,117,110,81,92,101,-,-,-,32,53,36,24,1,6,7,86,-,-,-,-,-,-,-,-,25,58,24,42,No,83222,Silver,289,101,280,Yes,N,0
RP,Chris Martin,R,R,18,19,63,54,4,18,99,18,62,51,3,16,97,Normal,Pull,Pull,80,72,118,69,74,78,72,114,70,73,14,60,-,-,-,17,44,28,17,-,-,-,66,-,60,-,-,-,-,-,-,10,5,13,12,No,82218,Silver,132,0,135,Yes,N,0
LF,Jake McCarthy,L,L,96,96,95,94,41,68,91,97,97,94,51,69,94,Line Drive,Spray,Spray,1,25,1,75,1,1,25,1,74,1,1,-,1,1,1,27,29,47,16,75,75,61,69,-,49,-,-,-,86,64,79,104,83,68,81,No,81809,Silver,179,117,160,Yes,N,0
2B,Matt McLain,R,R,86,86,77,78,76,97,70,87,76,79,76,92,67,Normal,Normal,Normal,1,24,1,72,1,1,26,1,76,1,1,-,2,2,1,72,80,49,70,68,66,46,127,-,77,80,62,59,74,50,63,47,84,58,58,No,81958,Silver,130,102,138,Yes,N,0
CF,Jake Meyers,R,L,85,89,88,72,67,78,86,84,83,70,65,75,83,Groundball,Pull,Pull,1,40,52,84,18,1,34,50,76,14,43,36,1,1,2,50,46,48,50,92,87,65,96,-,72,-,-,-,109,91,100,51,79,51,78,No,82173,Silver,114,0,121,Yes,N,0
3B,Don Money,R,R,80,94,85,67,72,71,76,75,84,91,82,76,94,Normal,Spray,Spray,1,5,1,1,7,1,5,1,1,7,1,3,-,-,-,52,72,67,75,6,5,6,-,-,82,63,61,49,-,-,-,51,50,56,48,No,83707,Silver,186,150,199,Yes,N,0
2B,Dink Mothell,S,R,60,61,71,93,81,98,84,60,72,92,79,95,86,Normal,Pull,Pull,11,22,33,36,15,11,20,33,33,14,48,63,59,56,50,90,72,47,90,75,62,62,135,49,87,100,68,-,84,63,77,69,79,42,64,No,84526,Silver,149,102,160,Yes,N,0
RP,Sean Newcomb,L,L,22,22,26,21,8,17,30,23,28,23,9,18,31,Normal,Pull,Pull,80,90,74,64,104,77,87,73,64,99,31,59,1,1,6,21,13,33,15,48,6,27,41,-,37,-,-,-,25,1,10,14,13,13,17,No,82485,Silver,135,0,133,No,N,0
RF,Brandon Nimmo,L,R,89,91,86,73,73,79,81,89,86,76,78,83,83,Normal,Pull,Pull,1,26,1,76,1,1,24,1,72,1,4,-,-,-,-,19,24,42,7,60,64,62,51,-,38,-,-,-,68,42,62,33,80,21,77,No,82210,Silver,143,0,146,No,N,0
CL,Daniel Palencia,R,R,26,29,24,15,3,20,20,26,24,15,2,22,22,Normal,Normal,Normal,96,86,71,87,86,90,84,69,88,83,22,46,1,1,2,29,25,45,21,10,17,31,68,-,41,4,11,-,-,-,-,19,15,15,27,No,81998,Silver,136,101,128,Yes,N,0
SP,Oliver Perez,L,L,8,5,7,3,1,6,4,9,9,6,1,13,6,Normal,Normal,Normal,134,72,68,64,77,99,74,49,97,63,76,115,-,-,-,34,20,26,23,2,8,4,64,-,-,-,-,-,-,-,-,42,71,19,39,No,83204,Silver,175,0,190,Yes,N,0
C,Gary Sanchez,R,R,60,58,64,70,106,76,71,61,65,68,107,74,71,Normal,Ex. Pull,Pull,1,26,1,78,1,1,29,1,86,1,-,-,47,50,79,18,34,61,17,35,33,65,66,52,43,-,14,-,35,-,33,5,11,15,49,No,81933,Silver,130,0,120,Yes,N,0
1B,Bill Skowron,R,R,78,82,83,90,89,80,86,77,78,83,97,66,80,Normal,Normal,Normal,1,1,1,1,1,1,1,1,1,1,1,21,-,-,-,44,39,49,66,5,3,3,-,-,62,-,-,-,-,-,-,41,16,4,35,No,83957,Silver,247,150,230,Yes,N,0
1B,Pavin Smith,L,L,86,83,74,73,77,95,67,87,79,77,79,105,73,Normal,Normal,Normal,1,27,1,80,1,1,28,1,83,1,1,-,1,1,1,42,44,37,32,58,64,59,88,-,74,-,-,-,65,38,59,25,67,15,35,No,81845,Silver,161,114,165,Yes,N,0
CF,Duke Snider,L,R,99,97,73,56,69,58,44,100,80,108,124,75,62,Normal,Spray,Spray,1,1,1,1,1,1,1,1,1,1,1,3,-,-,-,9,8,5,6,109,68,84,-,-,-,-,-,-,-,116,-,94,69,56,112,No,85225,Silver,210,102,160,No,N,0
CL,Joakim Soria,R,R,4,6,6,4,1,3,1,4,5,3,1,3,1,Normal,Spray,Spray,70,75,81,50,88,115,104,87,32,140,13,80,-,-,-,35,20,26,23,1,7,7,65,-,-,-,-,-,-,-,-,12,6,5,20,No,85372,Silver,132,101,120,No,N,0
RP,Gregory Soto,L,L,39,39,36,14,15,22,37,39,36,14,15,22,37,Normal,Normal,Normal,97,98,68,82,106,94,89,69,73,98,13,47,1,1,3,26,23,62,6,13,20,31,64,-,41,-,-,-,-,-,-,11,11,14,8,No,81914,Silver,211,150,211,Yes,N,0
CF,Chick Stahl,L,L,82,64,74,64,47,61,87,87,110,80,68,79,142,Normal,Pull,Pull,1,3,1,1,4,1,3,1,2,4,1,19,-,-,-,2,5,10,3,69,59,73,-,-,-,-,-,-,80,57,76,75,83,82,70,No,83722,Silver,144,0,222,Yes,N,0
RP,Robert Stephenson,R,R,1,1,4,3,1,3,1,1,4,3,1,3,1,Normal,Normal,Normal,101,79,72,129,55,111,84,75,137,58,16,51,-,-,-,27,13,21,23,1,9,5,47,-,-,-,-,-,-,-,-,14,6,4,23,No,83230,Silver,106,0,113,No,N,0
SP,Sam Thompson,R,R,28,29,33,57,2,47,39,28,32,56,2,46,38,Normal,Normal,Normal,59,77,100,80,76,60,78,101,80,77,64,60,53,53,53,29,24,26,25,53,59,65,62,45,-,-,-,-,-,-,56,8,6,4,28,No,84447,Silver,144,120,248,Yes,N,0
SP,Luis Tiant,R,R,8,14,12,10,1,10,8,7,9,21,3,20,9,Normal,Normal,Normal,75,76,62,132,49,100,61,82,70,57,90,64,-,-,-,29,20,26,28,8,9,7,59,-,-,-,-,-,-,-,-,8,6,5,11,No,83213,Silver,455,125,322,Yes,N,0
SP,Payton Tolle,L,L,59,58,51,60,67,60,45,60,53,61,69,61,48,Normal,Ex. Pull,Pull,92,77,81,82,75,82,70,78,77,67,61,60,1,1,1,21,23,26,20,55,50,58,51,-,46,-,-,-,60,33,53,10,20,24,23,No,82612,Silver,189,101,210,Yes,N,0
SP,Michael Wacha,R,R,11,11,15,10,2,32,17,11,15,10,2,32,17,Normal,Normal,Normal,65,82,85,92,78,65,83,86,92,79,67,56,-,-,-,23,58,53,24,15,20,30,85,-,69,13,27,-,5,-,-,18,21,7,27,No,82392,Silver,168,0,248,Yes,N,0
CF,Curt Welch,R,R,74,75,90,105,60,70,108,74,88,103,59,69,104,Normal,Normal,Normal,1,3,1,1,5,1,3,1,1,5,1,1,-,-,-,1,9,7,4,88,109,69,-,-,-,-,-,-,-,88,-,82,101,99,79,No,83609,Silver,125,0,119,Yes,N,0
C,Jimmie Wilson,R,R,74,72,89,107,72,86,112,75,89,74,51,80,107,Normal,Normal,Normal,1,1,1,1,1,1,1,1,1,1,1,6,67,68,73,3,9,1,1,4,8,7,-,69,-,-,-,-,-,-,-,58,58,42,58,No,83693,Silver,256,155,250,Yes,N,0
C,Francisco Alvarez,R,R,69,69,71,61,99,89,75,70,70,63,97,84,72,Normal,Pull,Pull,1,25,2,74,1,1,27,2,79,1,2,6,58,67,65,29,42,51,16,38,43,53,80,60,49,6,21,-,39,-,33,28,16,4,57,No,82080,Silver,150,115,150,Yes,N,0
RP,Shawn Armstrong,R,R,34,34,30,25,4,16,25,34,30,25,4,16,25,Normal,Normal,Normal,84,77,82,87,72,86,82,83,94,76,18,66,-,-,-,15,20,59,25,-,-,-,49,-,31,-,-,-,-,-,-,21,17,21,25,No,82449,Silver,161,101,163,Yes,N,0
2B,Luis Arraez,L,R,95,92,117,65,30,55,150,96,128,67,36,55,165,Groundball,Spray,Spray,1,24,6,72,1,1,26,6,78,1,2,-,3,3,1,41,50,44,64,56,55,44,93,-,60,41,31,22,59,32,49,42,70,24,61,No,81717,Silver,183,155,239,Yes,N,0
CL,Bryan Baker,R,R,24,24,22,36,7,35,20,24,22,36,7,35,20,Normal,Normal,Normal,91,77,77,86,73,93,78,78,87,74,16,38,3,3,2,15,29,62,28,8,24,23,60,-,45,-,6,-,-,-,-,13,5,3,32,No,82543,Silver,297,150,270,Yes,N,0
CF,Steve Brye,R,R,62,68,85,89,88,124,109,61,68,65,64,81,76,Normal,Spray,Spray,1,1,1,1,2,1,1,1,1,2,1,10,-,-,-,10,5,1,10,92,105,48,-,-,-,-,-,-,108,89,94,70,51,59,57,No,83667,Silver,115,0,120,Yes,N,0
1B,Alec Burleson,L,L,80,80,89,74,78,71,98,80,90,74,83,73,101,Normal,Pull,Pull,69,61,54,83,51,68,60,52,81,50,42,57,4,4,1,27,28,42,35,46,61,64,68,-,48,-,-,-,54,23,49,19,76,17,39,No,81877,Silver,129,0,127,Yes,N,0
SP,Noah Cameron,L,L,17,17,18,24,4,12,19,18,19,25,5,13,20,Normal,Normal,Normal,72,76,84,86,72,71,75,83,87,70,61,49,1,1,4,35,41,51,3,12,23,28,82,-,68,-,-,-,-,-,-,12,1,19,16,No,82382,Silver,189,0,175,Yes,N,0
2B,Willi Castro,S,R,95,94,85,91,71,71,76,96,84,88,69,74,73,Normal,Spray,Spray,30,41,39,73,25,30,42,42,76,26,20,22,1,1,1,61,66,56,67,54,59,55,115,-,82,66,55,48,60,32,52,87,77,57,63,No,81813,Silver,146,0,218,Yes,N,0
C,Del Crandall,R,R,54,75,91,72,104,38,112,41,58,50,90,64,70,Normal,Normal,Normal,1,1,1,2,1,1,1,1,1,1,1,5,91,86,95,4,5,9,10,4,3,4,-,98,-,-,-,-,-,-,-,39,8,24,52,No,83933,Silver,117,0,117,Yes,N,0
SP,George Davies,R,R,2,2,5,6,1,5,2,2,5,5,1,5,2,Normal,Normal,Normal,85,70,70,72,69,88,73,71,77,72,86,69,-,-,-,31,20,24,21,2,4,8,59,-,-,-,-,-,-,-,-,15,7,8,23,No,84280,Silver,120,0,121,Yes,N,0
SP,Dick Donovan,L,R,32,20,18,70,35,47,16,35,30,61,55,67,22,Normal,Normal,Normal,54,70,92,58,77,68,82,93,117,65,81,63,-,-,-,34,26,27,22,8,7,5,70,-,-,-,-,-,-,-,-,10,6,3,16,No,83199,Silver,152,0,161,Yes,N,0
RP,Shawn Dubin,R,R,18,18,18,21,12,20,17,18,18,21,12,20,17,Normal,Normal,Normal,83,80,71,73,84,83,82,70,76,86,29,42,2,2,2,21,20,36,21,6,19,27,51,-,35,-,-,-,-,-,-,11,10,6,16,No,81851,Silver,190,112,184,Yes,N,0
SP,Dane Dunning,R,R,32,32,32,28,13,29,36,32,32,28,13,29,36,Normal,Pull,Pull,71,74,79,77,73,76,78,82,80,77,55,42,2,2,2,24,33,62,43,12,25,33,76,-,55,14,25,-,-,-,-,24,22,13,36,No,82244,Silver,151,0,145,Yes,N,0
C,Mike Fitzgerald,R,R,78,41,66,40,98,144,87,86,72,111,62,127,60,Normal,Normal,Normal,1,5,1,1,7,1,6,1,4,7,1,7,95,73,45,54,70,70,57,56,56,67,-,73,-,-,61,-,63,-,59,39,89,44,40,No,83715,Silver,121,0,121,No,N,0
2B,Frankie Frisch,S,R,86,55,88,80,33,58,151,94,137,83,28,65,193,Normal,Normal,Normal,1,1,1,1,1,1,1,1,3,1,1,15,-,-,-,83,74,62,81,3,9,5,-,-,-,93,74,-,-,-,-,72,71,45,87,No,83983,Silver,310,116,445,Yes,N,0
RP,Hunter Gaddis,R,R,25,25,21,19,4,16,18,25,21,19,4,16,18,Normal,Normal,Normal,82,76,84,82,73,85,79,85,87,75,21,46,3,3,1,13,15,50,9,43,5,32,38,-,30,-,-,-,20,-,9,13,16,5,18,No,82448,Silver,156,0,227,Yes,N,0
RP,Yimi Garcia,R,R,28,28,24,26,8,31,22,28,24,26,8,31,22,Normal,Spray,Spray,84,79,74,89,74,92,85,77,97,79,14,64,-,-,-,21,28,45,22,-,-,-,61,-,39,-,8,-,-,-,-,21,11,20,31,No,82495,Silver,129,101,121,Yes,N,0
CF,Mike Griffin,L,R,64,64,78,97,73,84,95,65,79,99,76,86,98,Normal,Normal,Normal,1,1,1,1,2,1,1,1,1,2,1,5,-,-,-,2,10,7,7,80,95,52,-,-,-,-,-,-,-,72,-,77,83,84,92,No,82709,Silver,131,0,130,Yes,N,0
SP,Eggie Hensley,R,R,38,39,38,62,89,49,40,38,37,62,87,47,39,Normal,Normal,Spray,91,70,65,70,71,96,76,68,77,76,106,60,53,53,53,29,24,26,25,6,5,6,62,-,-,-,-,-,-,-,-,47,44,29,56,No,84679,Silver,160,140,204,Yes,N,0
RP,Dixie Howell,L,R,1,1,4,2,1,1,1,1,4,2,1,1,1,Normal,Normal,Normal,64,113,66,67,137,30,124,88,72,150,61,100,-,-,-,35,20,26,23,9,8,7,65,-,-,-,-,-,-,-,-,5,6,4,5,No,83228,Silver,133,101,128,Yes,N,0
SP,Cristian Javier,R,R,17,16,22,17,5,14,28,18,24,19,5,16,30,Normal,Spray,Spray,72,71,64,90,62,83,80,69,98,72,60,43,1,1,1,31,45,51,33,2,2,2,84,-,59,20,25,-,-,-,-,16,11,14,23,No,82190,Silver,121,0,118,Yes,N,0
3B,Billy Johnson,R,R,61,65,81,82,77,84,103,60,77,70,74,72,99,Normal,Spray,Spray,1,3,1,1,5,1,3,1,1,5,1,11,-,-,-,75,82,86,58,8,6,10,-,-,-,-,85,-,-,-,-,50,58,20,44,No,84138,Silver,230,108,200,Yes,N,0
SS,Ha-seong Kim,R,R,73,74,83,73,72,99,95,73,79,62,65,91,89,Normal,Normal,Normal,1,26,2,76,1,1,26,2,76,1,9,-,2,2,1,76,84,78,71,47,35,25,136,-,70,87,83,73,40,12,24,49,81,72,75,No,82137,Silver,144,102,142,Yes,N,0
RP,Johnny Klippstein,R,R,5,9,9,30,3,28,5,4,9,15,2,14,10,Normal,Normal,Normal,71,139,49,123,148,93,85,64,60,98,25,33,-,-,-,32,31,28,22,6,10,2,72,-,-,-,-,-,-,-,-,7,6,3,10,No,83226,Silver,149,0,149,Yes,N,0
CF,Steven Kwan,L,L,77,77,92,62,48,80,110,77,93,64,55,82,114,Normal,Spray,Spray,1,25,1,75,1,1,25,1,73,1,1,-,1,1,1,51,46,75,18,70,77,88,98,-,59,-,-,-,87,63,87,52,80,54,78,No,82442,Silver,150,102,150,Yes,N,0
SP,Jim LaMarque,L,L,47,46,38,66,67,51,32,48,40,68,70,56,34,Normal,Normal,Pull,84,76,74,75,77,81,74,73,75,74,76,60,1,1,1,29,34,29,25,45,56,56,73,-,-,-,-,-,49,-,-,9,11,3,28,No,84443,Silver,306,102,189,Yes,N,0
LF,Jimmie Lyons,L,L,67,66,77,62,55,75,91,68,82,64,60,77,99,Normal,Pull,Normal,50,60,48,69,56,43,54,45,62,51,48,56,1,1,1,29,21,22,19,90,63,69,57,-,26,-,-,-,102,85,95,80,86,105,75,No,84475,Silver,129,0,144,Yes,N,0
SP,Shaun Marcum,R,R,1,1,4,3,1,3,1,1,4,3,1,3,1,Normal,Normal,Normal,86,103,94,102,104,64,57,87,105,33,70,106,-,-,-,35,76,45,23,9,9,8,100,-,-,-,-,-,-,-,-,6,6,4,7,No,83097,Silver,112,0,114,No,N,0
3B,Zach McKinstry,L,R,81,77,78,90,63,76,81,82,82,93,69,79,83,Normal,Normal,Normal,5,34,33,77,13,5,37,33,87,13,15,24,-,-,-,65,71,62,56,58,58,54,119,-,80,67,61,51,63,36,55,113,83,63,56,No,82401,Silver,202,0,167,Yes,N,0
SS,Eddie Miller,R,R,53,40,81,75,76,59,147,58,72,80,81,69,88,Normal,Normal,Normal,1,1,1,1,2,1,2,1,2,2,1,7,-,-,-,84,94,86,85,10,2,4,-,-,-,103,-,89,-,-,-,52,60,59,75,No,83951,Silver,516,150,445,Yes,N,0
SP,Billy O'Dell,S,L,14,8,14,10,6,58,18,17,19,21,3,36,21,Normal,Normal,Normal,88,71,102,23,95,67,73,86,47,86,83,115,-,-,-,26,29,26,23,2,10,10,63,-,-,-,-,-,-,-,-,58,60,72,50,No,83207,Silver,202,155,275,Yes,N,0
1B,Ryan O'Hearn,L,L,90,84,83,68,73,79,83,93,92,78,76,85,89,Normal,Pull,Pull,1,23,1,67,1,1,26,1,77,1,1,-,1,1,2,28,25,48,16,45,47,65,66,-,51,-,-,-,50,20,46,20,72,14,40,No,81906,Silver,242,105,220,Yes,N,0
SS,Jeremy Pena,R,R,88,90,93,76,69,62,94,88,90,73,67,61,91,Groundball,Normal,Normal,1,27,1,81,1,1,26,1,77,1,-,-,-,-,-,81,91,67,77,58,61,65,141,-,87,95,83,78,66,39,61,46,81,58,56,No,82170,Silver,127,0,128,Yes,N,0
SP,David Peterson,L,L,23,23,22,28,13,20,22,23,22,28,13,20,22,Normal,Normal,Normal,83,94,77,70,106,70,83,71,67,91,62,56,1,1,1,30,21,57,30,3,3,3,68,-,57,-,-,-,-,-,-,19,18,10,30,No,82094,Silver,171,0,170,Yes,N,0
LF,Dave Pope,L,R,65,80,75,70,91,85,71,61,78,86,78,63,99,Normal,Normal,Spray,13,31,16,45,24,13,23,16,23,23,65,93,1,1,1,25,21,22,19,81,78,69,53,-,-,-,-,-,96,75,-,58,70,45,56,No,84469,Silver,132,0,125,Yes,N,0
C,Dave Rader,L,R,44,62,87,68,94,57,129,38,89,70,48,115,191,Normal,Normal,Normal,1,3,1,1,4,1,3,1,1,4,1,5,92,58,33,1,6,8,1,1,9,1,-,59,-,-,-,-,-,-,-,34,6,5,31,No,83513,Silver,240,155,198,Yes,N,0
LF,Bryan Reynolds,S,R,95,98,84,78,74,85,71,95,83,78,75,88,72,Normal,Pull,Pull,1,26,1,77,1,1,25,1,73,1,1,-,3,3,2,28,38,46,23,55,56,58,77,-,58,8,16,-,60,33,54,42,70,20,65,No,81907,Silver,156,0,140,Yes,N,0
RP,Tyler Rogers,R,R,35,35,31,14,14,32,28,35,31,14,14,32,28,Normal,Normal,Normal,49,83,92,83,84,63,105,101,109,103,15,48,2,2,2,31,21,37,11,10,18,21,62,-,50,-,1,-,-,-,-,17,13,11,29,No,82512,Silver,121,0,120,Yes,N,0
C,Johnny Roseboro,L,R,68,68,83,62,69,62,103,69,84,83,65,76,104,Normal,Spray,Spray,1,5,1,1,7,1,5,1,1,7,1,9,87,58,64,3,5,9,5,5,4,1,-,69,-,-,-,-,-,-,-,39,63,22,53,No,83591,Silver,272,155,222,Yes,N,0
C,Dalton Rushing,L,R,70,69,62,71,91,91,53,71,65,76,95,93,60,Normal,Pull,Normal,1,24,1,71,1,1,26,1,78,1,1,-,51,51,78,27,32,60,45,39,51,55,77,54,43,17,24,-,42,3,36,26,11,8,31,No,81779,Silver,141,101,141,Yes,N,0
RP,Fernando Salas,R,R,1,1,4,3,1,3,1,1,4,3,1,3,1,Normal,Spray,Spray,83,58,151,62,57,86,66,115,70,65,16,78,-,-,-,35,20,26,23,7,9,6,65,-,-,-,-,-,-,-,-,12,6,4,20,No,83211,Silver,127,0,139,Yes,N,0
LF,Burt Shotton,L,R,82,104,99,52,30,112,90,74,81,67,45,124,90,Normal,Normal,Normal,1,3,1,1,5,1,3,1,1,5,1,17,-,-,-,6,9,1,9,49,45,54,-,-,-,-,-,-,51,23,45,63,85,88,50,No,83723,Silver,148,101,160,Yes,N,0
RP,Bennett Sousa,L,L,25,24,37,28,3,15,51,26,36,25,3,17,49,Normal,Spray,Spray,94,79,76,85,76,93,76,77,81,74,15,76,2,2,1,16,44,41,3,38,17,19,67,-,48,-,-,-,26,-,4,17,14,16,21,No,82184,Silver,117,0,121,Yes,N,0
3B,Riggs Stephenson,R,R,79,87,88,119,61,79,89,77,79,145,60,93,83,Line Drive,Normal,Normal,1,3,1,1,5,1,3,1,1,5,1,4,-,-,-,55,55,69,51,48,63,62,-,-,-,52,53,-,55,-,-,42,72,22,38,No,83675,Silver,261,101,200,Yes,N,0
SP,Jack Taylor,R,R,36,32,45,77,20,76,61,38,63,112,35,56,82,Line Drive,Normal,Normal,50,71,98,72,71,55,85,100,108,74,91,56,-,-,-,30,36,30,26,1,4,8,75,-,-,-,-,-,-,-,-,49,54,32,46,No,84046,Silver,125,0,124,Yes,N,0
1B,Earl Torgeson,L,L,58,45,61,63,74,134,73,61,73,60,84,150,87,Normal,Normal,Normal,1,1,1,1,1,1,1,1,2,1,1,24,-,-,-,23,57,37,30,10,10,9,-,-,60,-,-,-,-,-,-,62,63,43,63,No,83730,Silver,122,0,127,Yes,N,0
SS,Rabbit Warstler,R,R,69,92,68,99,1,104,38,61,71,48,33,88,83,Groundball,Pull,Pull,1,1,1,1,1,1,1,1,1,1,1,8,-,-,-,108,66,94,98,8,9,1,-,-,-,119,-,101,-,-,-,69,67,41,78,No,84143,Silver,118,0,119,No,N,0
RP,Eddie Watt,R,R,2,2,5,3,3,4,1,2,5,3,3,3,1,Normal,Normal,Normal,79,91,52,114,80,106,93,70,122,79,25,115,-,-,-,24,20,22,23,9,7,10,51,-,-,-,-,-,-,-,-,8,6,5,10,No,83237,Silver,293,155,998,Yes,N,0
C,Austin Wells,L,R,57,59,65,59,90,87,73,57,68,64,92,88,79,Normal,Pull,Pull,1,28,1,83,1,1,27,1,80,1,-,-,77,94,59,33,43,61,27,57,46,64,85,80,64,18,30,-,62,35,57,23,76,21,58,No,82570,Silver,149,0,173,Yes,N,0
3B,Deacon White,L,R,99,89,108,72,70,38,128,104,123,73,82,52,137,Groundball,Normal,Normal,1,1,1,1,2,1,2,1,2,2,1,2,-,-,-,66,56,78,61,60,49,56,-,-,74,-,65,-,-,-,57,60,77,69,51,No,83710,Silver,234,155,243,Yes,N,0
2B,Bump Wills,S,R,83,65,72,60,43,73,80,89,83,77,65,85,78,Normal,Normal,Normal,1,2,1,1,3,1,2,1,2,3,1,13,-,-,-,89,69,58,60,4,2,6,-,-,-,88,-,-,-,-,-,78,77,82,96,No,84365,Silver,110,0,110,No,N,0
LF,Gene Woodling,L,R,50,35,65,83,61,144,90,56,79,81,71,131,111,Normal,Normal,Normal,1,3,1,1,4,1,3,1,2,4,1,25,-,-,-,5,3,9,3,44,103,58,-,-,-,-,-,-,59,24,51,25,44,52,35,No,83719,Silver,122,101,126,No,N,0
RP,Aaron Ashby,R,L,23,22,21,14,2,13,20,24,23,15,3,14,22,Normal,Spray,Spray,104,93,62,71,104,89,86,58,71,94,26,54,1,1,4,33,37,51,10,1,1,1,80,-,60,-,-,-,-,-,-,20,23,15,21,No,81940,Silver,156,126,183,Yes,N,0
SP,Shane Baz,R,R,29,29,23,26,30,30,18,29,23,26,30,30,18,Normal,Ex. Pull,Pull,77,73,78,76,72,81,75,79,77,74,65,61,2,2,3,41,51,64,27,31,35,29,94,-,76,29,40,20,24,-,12,19,20,13,25,No,82650,Silver,156,101,145,Yes,N,0
LF,Jordan Beck,R,R,91,89,81,94,78,80,74,92,81,88,75,77,71,Normal,Pull,Normal,1,24,1,70,1,1,26,1,76,1,1,-,3,3,5,52,39,52,33,59,59,74,93,-,76,36,32,21,69,43,66,61,79,62,46,No,81814,Silver,181,116,175,Yes,N,0
2B,Don Blasingame,L,R,76,89,95,57,27,70,98,71,96,65,33,80,141,Normal,Spray,Spray,1,1,1,1,1,1,1,1,1,1,1,15,-,-,-,111,74,63,103,7,5,5,-,-,-,125,90,99,-,-,-,74,79,69,96,No,83593,Silver,162,0,200,Yes,N,0
CF,JJ Bleday,L,L,58,58,64,70,91,85,71,59,68,71,94,92,78,Normal,Normal,Normal,1,29,1,87,1,1,28,1,83,1,1,-,4,4,5,20,33,51,14,68,74,81,65,-,41,-,-,-,84,59,82,19,63,19,58,No,81955,Silver,245,136,245,Yes,N,0
3B,Alex Bregman,R,R,63,62,78,70,80,96,98,64,78,68,80,94,96,Normal,Ex. Pull,Pull,1,24,1,72,1,1,26,1,77,1,1,-,1,1,1,71,74,75,56,51,54,60,126,-,82,74,73,61,57,28,51,18,12,10,63,No,81993,Silver,131,101,147,Yes,N,0
SP,Ted Breitenstein,L,L,28,27,34,70,4,40,42,29,35,72,5,42,45,Normal,Normal,Normal,82,71,74,64,75,83,74,74,71,76,81,62,-,-,-,27,37,30,26,9,4,9,73,-,-,-,-,-,-,-,-,82,86,91,76,No,83208,Silver,125,101,136,Yes,N,0
SP,Lou Brissie,L,L,11,8,11,6,1,20,12,12,12,13,2,12,11,Normal,Spray,Spray,94,84,54,42,106,98,79,63,65,87,65,89,-,-,-,24,20,22,23,8,5,7,50,-,-,-,-,-,-,-,-,5,6,4,5,No,84276,Silver,131,0,122,Yes,N,0
SS,Rick Burleson,R,R,68,51,75,45,72,83,102,72,86,67,51,89,103,Normal,Spray,Spray,1,2,1,1,3,1,2,1,2,3,1,25,-,-,-,58,76,66,74,1,4,3,-,-,-,69,65,54,-,-,-,27,44,33,51,No,83663,Silver,131,0,125,Yes,N,0
SP,Guy Bush,R,R,15,16,15,29,4,46,14,15,22,21,5,33,29,Normal,Pull,Pull,85,66,68,73,63,88,66,83,66,67,68,84,-,-,-,34,38,32,25,9,8,10,79,-,-,-,-,-,-,-,-,10,6,5,15,No,83201,Silver,309,150,309,Yes,N,0
2B,Casey Candaele,S,R,90,123,126,61,65,81,114,82,77,78,39,83,74,Groundball,Pull,Pull,1,1,1,1,1,1,1,1,1,1,1,9,-,-,-,98,75,93,73,91,69,52,-,-,-,104,98,91,101,84,90,82,66,64,65,No,82911,Silver,147,101,150,Yes,N,0
2B,Ernie Clement,R,R,76,79,96,83,49,48,119,76,93,82,51,45,116,Normal,Normal,Normal,1,26,1,76,1,1,24,1,72,1,1,-,1,1,1,87,100,84,73,71,69,53,151,-,90,103,98,90,79,56,70,35,67,31,60,No,82501,Silver,144,0,139,Yes,N,0
LF,Michael Conforto,L,R,63,62,66,61,92,84,71,64,70,72,98,95,77,Normal,Pull,Pull,1,23,1,68,1,1,27,1,80,1,1,-,5,5,2,32,29,62,31,56,57,59,78,-,52,16,25,-,62,34,55,2,16,4,61,No,81985,Silver,139,0,144,Yes,N,0
RP,Mason Englert,S,R,21,21,20,14,12,17,18,21,20,14,12,17,18,Normal,Normal,Normal,76,68,94,72,67,78,71,95,75,70,28,32,2,2,2,19,31,44,19,7,19,21,61,-,46,-,6,-,-,-,-,12,11,9,15,No,82542,Silver,201,0,188,Yes,N,0
SP,Dietrich Enns,L,L,29,29,31,14,3,16,34,29,31,14,3,16,34,Normal,Normal,Normal,76,75,83,68,79,74,73,83,66,77,66,63,-,-,-,19,20,28,13,-,-,-,45,-,32,-,-,-,-,-,-,18,13,19,22,No,82646,Silver,168,101,188,Yes,N,0
CF,Cito Gaston,R,R,86,68,74,75,103,56,83,92,80,73,80,60,70,Groundball,Normal,Normal,1,3,1,1,5,1,4,1,2,5,1,18,-,-,-,4,3,5,2,70,48,98,-,-,-,-,-,-,83,61,86,38,12,12,31,No,84135,Silver,268,150,244,Yes,N,0
2B,Zack Gelof,R,R,93,89,75,84,90,90,64,95,76,78,87,83,59,Normal,Pull,Pull,1,25,20,75,1,1,28,20,83,1,16,41,-,-,-,64,64,75,68,50,52,64,118,-,89,69,67,55,55,26,51,42,83,64,77,No,82263,Silver,196,111,194,Yes,N,0
1B,George Giles,L,R,86,85,89,99,44,77,92,87,93,103,47,82,97,Line Drive,Normal,Normal,1,9,1,19,5,1,10,1,20,5,1,23,1,1,1,40,46,41,36,75,62,62,-,-,73,-,-,-,-,63,-,68,82,65,64,No,84477,Silver,140,0,140,Yes,N,0
3B,Nolan Gorman,L,R,77,81,69,60,91,85,57,76,68,62,96,87,61,Normal,Pull,Pull,1,26,1,78,1,1,24,1,72,1,1,-,4,4,5,54,58,73,61,45,43,64,108,-,80,56,58,44,48,18,44,10,72,19,55,No,81875,Silver,124,101,121,Yes,N,0
C,Joe Greene,R,R,54,54,70,126,91,85,87,54,69,125,89,83,85,Line Drive,Pull,Pull,1,6,1,18,1,1,7,1,19,1,1,11,63,63,67,57,61,32,62,6,7,10,-,62,-,57,-,-,-,-,-,70,70,26,51,No,84496,Silver,133,0,149,Yes,N,0
SP,Jesse Haines,R,R,18,10,20,53,28,33,30,21,19,74,43,36,17,Normal,Spray,Spray,72,58,69,50,62,87,84,82,102,76,75,76,-,-,-,24,29,25,21,1,2,4,61,-,-,-,-,-,-,-,-,10,6,5,15,No,84274,Silver,221,120,219,Yes,N,0
LF,Teoscar Hernandez,R,R,93,95,83,78,99,66,72,93,81,79,95,65,70,Normal,Spray,Spray,1,28,1,84,1,1,28,1,82,1,-,-,-,-,-,24,33,46,12,56,57,65,68,-,47,-,11,-,63,36,58,24,72,32,52,No,81782,Silver,167,0,154,Yes,N,0
SP,Waite Hoyt,R,R,5,8,19,61,5,51,29,4,12,57,5,48,19,Normal,Normal,Normal,49,77,90,103,65,48,79,139,63,88,77,64,-,-,-,27,31,26,21,2,7,4,65,-,-,-,-,-,-,-,-,8,6,5,10,No,83223,Silver,126,119,133,Yes,N,0
RP,Craig Kimbrel,R,R,29,30,17,21,1,1,4,29,16,19,1,1,4,Normal,Spray,Spray,122,76,58,85,72,127,80,57,88,76,14,40,-,-,-,25,12,42,23,-,-,-,49,-,33,-,-,-,-,-,-,16,17,8,23,No,82091,Silver,152,130,154,Yes,N,0
RP,Tyler Kinley,R,R,46,46,35,35,14,29,25,46,35,35,14,29,25,Normal,Normal,Normal,93,84,69,91,81,94,86,68,96,82,14,35,2,2,3,30,25,41,23,12,25,28,68,-,55,6,9,-,-,-,-,15,15,9,22,No,82155,Silver,157,104,140,Yes,N,0
RP,Andrew Kittredge,R,R,25,25,22,21,4,19,20,25,22,21,4,19,20,Normal,Normal,Normal,82,70,104,71,70,80,76,100,87,71,15,50,-,-,-,23,21,41,17,-,-,-,54,-,36,-,3,-,-,-,-,13,11,15,11,No,82651,Silver,168,111,184,Yes,N,0
3B,Hank Majeski,R,R,81,94,105,101,60,72,110,76,87,90,80,62,100,Normal,Pull,Pull,1,1,1,1,2,1,1,1,1,2,1,6,-,-,-,54,81,68,33,7,7,9,-,-,-,53,61,43,-,-,-,24,12,15,35,No,83702,Silver,120,0,130,Yes,N,0
3B,Bill Melton,R,R,58,71,79,81,89,90,90,50,74,80,85,87,99,Normal,Normal,Normal,1,2,1,1,3,1,2,1,1,3,1,4,-,-,-,59,62,73,42,7,2,8,-,-,-,-,59,-,-,-,-,34,58,35,55,No,83669,Silver,225,130,223,Yes,N,0
C,Ken O'Dea,L,R,46,36,51,79,69,89,65,50,69,73,95,107,88,Normal,Spray,Spray,1,1,1,1,1,1,1,1,2,1,1,8,81,58,72,6,2,9,6,3,7,10,-,70,-,-,-,-,-,-,-,37,58,11,26,No,83684,Silver,229,120,200,Yes,N,0
CL,Emilio Pagan,L,R,18,17,19,21,14,17,20,19,20,23,16,19,22,Normal,Normal,Normal,87,82,79,109,69,87,85,79,118,69,15,53,2,2,1,28,32,47,10,15,24,30,72,-,54,-,13,-,5,-,-,25,22,21,33,No,81974,Silver,188,101,183,Yes,N,0
SP,Willie Pope,L,R,54,53,37,47,37,52,20,55,38,48,39,54,21,Normal,Pull,Pull,79,71,67,69,72,82,74,70,70,77,77,62,-,-,-,25,21,22,19,7,8,4,53,-,-,-,-,-,-,-,-,30,12,4,29,No,84881,Silver,673,551,1 109,Yes,N,0
SP,Connor Prielipp,L,L,20,20,20,16,7,16,19,20,20,16,7,16,19,Normal,Spray,Spray,79,85,81,83,86,74,75,78,73,76,48,63,1,1,1,15,56,45,44,1,1,1,80,-,49,-,-,-,-,-,-,28,28,16,40,No,85270,Silver,142,104,155,Yes,N,0
CL,Dick Radatz,R,R,1,1,4,5,1,2,1,2,5,3,1,3,1,Normal,Pull,Pull,100,61,48,57,64,129,89,70,121,73,24,33,-,-,-,33,20,25,23,2,3,3,62,-,-,-,-,-,-,-,-,7,6,3,11,No,82673,Silver,253,155,265,Yes,N,0
3B,Austin Riley,R,R,79,80,77,99,91,74,76,79,77,91,90,72,76,Normal,Ex. Pull,Pull,1,32,27,78,10,1,32,43,78,9,22,-,1,1,2,68,52,79,42,47,42,64,113,-,93,60,62,49,51,22,47,32,12,11,48,No,82149,Silver,194,151,200,Yes,N,0
CF,Luis Robert Jr.,R,R,79,82,78,65,86,75,75,79,75,66,83,72,72,Normal,Normal,Normal,1,27,4,81,1,1,25,4,73,1,6,-,2,2,3,30,40,63,17,88,82,72,81,-,59,7,27,-,105,86,99,64,88,89,48,No,82081,Silver,153,104,173,Yes,N,0
SP,Gene Schott,R,R,2,2,5,8,1,5,3,2,5,7,1,5,3,Normal,Normal,Normal,40,80,72,85,78,63,104,76,94,109,60,58,-,-,-,35,20,26,23,5,7,3,65,-,-,-,-,-,-,-,-,38,30,56,33,No,83214,Silver,379,111,350,Yes,N,0
SP,Jack Scott,L,R,45,32,26,66,24,31,17,50,40,60,39,48,32,Normal,Spray,Spray,63,65,86,53,71,79,83,83,106,72,64,48,-,-,-,27,23,24,23,8,8,9,57,-,-,-,-,-,-,-,-,15,6,13,20,No,83194,Silver,590,101,555,Yes,N,0
SP,Kodai Senga,L,R,47,46,59,32,1,37,68,48,60,33,1,38,69,Normal,Normal,Normal,82,73,66,77,71,85,77,67,83,74,62,57,4,4,6,39,34,59,28,31,24,26,84,-,62,21,28,7,22,-,8,20,24,18,18,No,82096,Silver,143,0,137,Yes,N,0
LF,Tyler Soderstrom,L,R,76,82,78,88,87,74,76,75,78,91,88,77,83,Normal,Pull,Pull,1,27,1,81,1,1,23,1,69,1,1,-,39,39,57,29,32,51,43,43,53,61,76,34,53,17,20,-,48,17,43,18,67,18,41,No,82266,Silver,192,0,181,Yes,N,0
1B,Nick Solak,R,R,93,101,104,65,66,72,99,91,95,72,67,69,96,Groundball,Normal,Normal,1,28,1,82,1,1,23,1,67,1,1,-,1,1,1,47,67,46,60,62,58,45,106,-,66,51,43,33,65,40,55,29,72,35,82,No,81747,Silver,181,112,193,Yes,N,0
SP,Jeffrey Springs,L,L,11,11,16,16,14,14,20,12,17,17,16,16,22,Normal,Pull,Pull,68,76,83,97,66,71,78,85,99,68,62,83,1,1,1,30,35,56,33,3,3,3,79,-,60,-,-,-,-,-,-,16,22,14,11,No,82286,Silver,157,111,152,Yes,N,0
SP,Don Sutton,R,R,8,9,12,50,6,36,14,8,14,33,6,35,19,Normal,Normal,Normal,62,82,86,98,75,49,83,93,95,78,76,58,-,-,-,25,37,28,23,3,4,10,70,-,-,-,-,-,-,-,-,15,6,4,25,No,85068,Silver,122,101,129,No,N,0
3B,Mark Vientos,R,R,87,90,82,73,90,72,75,87,79,71,90,70,72,Normal,Pull,Pull,1,29,1,85,1,1,27,1,79,1,1,-,1,1,1,42,54,65,43,43,50,72,97,-,86,37,44,27,49,18,47,38,16,4,44,No,82078,Silver,140,115,135,Yes,N,0
1B,Christian Walker,R,R,73,72,73,77,98,81,75,74,73,77,97,78,73,Normal,Pull,Normal,1,27,1,79,1,1,29,1,86,1,-,-,-,-,-,56,55,51,48,46,49,50,104,-,75,50,43,34,48,18,40,19,72,13,44,No,82176,Silver,120,0,132,Yes,N,0
SP,Will Warren,R,R,20,20,22,21,22,18,24,20,22,21,22,18,24,Normal,Spray,Pull,75,70,75,74,68,86,76,80,79,75,59,41,1,1,1,25,20,40,17,34,24,30,55,-,41,-,1,-,26,-,15,20,27,17,16,No,82563,Silver,122,105,129,Yes,N,0
SP,Ryan Weathers,R,L,25,25,22,18,14,33,20,25,22,18,14,33,20,Normal,Normal,Normal,82,80,80,82,79,73,73,77,76,72,58,91,2,2,2,24,43,39,3,29,22,36,76,-,50,-,-,-,20,-,12,20,24,11,25,No,82584,Silver,335,0,319,Yes,N,0
RP,Luke Weaver,R,R,9,9,11,22,1,9,11,10,11,20,2,10,10,Normal,Normal,Normal,88,71,86,78,68,94,74,89,81,71,22,78,4,4,4,28,50,58,38,5,32,61,85,-,61,21,31,-,-,-,-,19,17,17,24,No,82093,Silver,259,200,338,Yes,N,0
2B,Sol White,R,R,69,71,83,123,77,54,98,69,80,118,74,52,94,Normal,Pull,Normal,1,7,1,19,2,1,7,1,19,2,1,7,1,1,1,91,64,51,87,55,62,68,-,-,70,97,67,72,-,-,60,77,75,69,64,No,84461,Silver,143,101,215,Yes,N,0
SP,Justin Wrobleski,L,L,26,25,22,27,9,23,19,27,24,29,10,24,21,Normal,Spray,Spray,75,76,82,78,75,73,74,81,80,72,60,57,1,1,5,37,45,68,41,51,61,68,90,-,67,-,-,-,60,30,56,25,22,21,26,No,81770,Silver,119,0,121,Yes,N,0
CF,Harrison Bader,R,R,81,81,79,64,76,65,78,81,78,65,76,64,76,Normal,Spray,Pull,1,25,1,74,1,1,25,1,73,1,1,-,3,3,4,21,27,57,13,91,81,72,62,-,37,-,14,-,108,90,101,48,74,71,56,No,81718,Silver,145,105,147,Yes,N,0
3B,Brett Baty,L,R,85,87,78,65,81,72,71,85,80,66,82,75,76,Normal,Ex. Pull,Pull,1,27,15,80,1,1,27,16,79,1,57,47,1,1,3,51,63,81,50,52,48,71,109,-,90,51,62,43,59,31,56,26,76,24,44,No,82075,Silver,149,0,145,Yes,N,0
C,Harry Bemis,R,R,80,91,105,89,56,89,116,76,89,65,64,69,104,Normal,Pull,Pull,1,2,1,1,3,1,2,1,1,3,1,17,50,71,61,8,1,6,6,9,10,5,-,56,-,-,-,-,-,-,-,70,64,73,62,No,84374,Silver,761,101,480,Yes,N,0
SP,Bullet Joe Bush,R,R,49,63,47,73,6,50,30,43,34,67,3,32,26,Normal,Normal,Normal,70,82,61,119,64,87,69,75,61,74,81,47,-,-,-,26,39,34,37,3,5,6,76,-,-,-,-,-,-,-,-,14,6,12,19,No,83175,Silver,192,101,192,Yes,N,0
SP,Phil Cockrell,R,R,42,44,53,68,70,67,63,42,50,67,68,65,61,Normal,Normal,Spray,61,81,84,91,77,60,78,83,82,76,74,60,1,1,1,29,26,27,25,72,59,59,64,-,35,-,-,-,79,57,72,35,12,3,29,No,84442,Silver,166,121,166,Yes,N,0
RP,Fernando Cruz,R,R,28,30,32,25,21,19,37,28,32,22,19,17,37,Normal,Pull,Pull,123,74,60,73,75,129,75,61,72,77,15,60,-,-,-,20,50,38,32,-,-,-,78,-,52,9,12,-,-,-,-,33,22,52,25,No,82581,Silver,152,101,160,Yes,N,0
C,Dillon Dingler,R,R,81,84,80,93,83,70,77,80,78,87,81,68,77,Normal,Ex. Pull,Pull,1,27,9,81,1,1,25,9,75,1,8,7,80,81,80,18,20,57,8,44,55,58,51,84,34,-,4,-,49,18,43,41,11,10,74,No,82406,Silver,171,120,169,Yes,N,0
SP,Al Downing,R,L,16,27,22,58,20,45,18,13,16,39,35,48,19,Normal,Normal,Normal,76,84,50,138,57,87,72,69,64,76,77,53,-,-,-,26,30,27,27,5,5,7,64,-,-,-,-,-,-,-,-,5,6,5,5,No,83877,Silver,223,130,208,Yes,N,0
LF,Jarren Duran,L,R,80,80,77,121,67,74,76,81,79,128,68,74,79,Line Drive,Normal,Normal,1,24,1,72,1,1,26,1,76,1,1,-,1,1,1,55,62,48,60,66,66,75,108,-,85,56,45,38,78,53,75,84,82,68,64,No,82601,Silver,317,101,295,Yes,N,0
SP,Connelly Early,L,L,18,18,20,15,4,20,22,18,20,15,4,20,22,Normal,Pull,Spray,77,78,72,82,77,78,78,73,80,78,61,54,1,1,1,12,19,10,8,4,4,4,30,-,26,-,-,-,-,-,-,14,19,12,9,No,82613,Silver,169,135,170,Yes,N,0
SP,Bryce Elder,R,R,25,25,23,20,15,19,21,25,23,20,15,19,21,Normal,Normal,Normal,62,76,76,78,75,73,86,82,84,88,64,42,3,3,5,40,20,48,10,52,12,21,75,-,57,-,13,-,37,11,16,19,16,16,26,No,82135,Silver,231,0,222,Yes,N,0
2B,Bob Fisher,R,R,79,81,91,90,78,64,102,79,87,66,87,56,96,Normal,Spray,Spray,1,5,1,1,7,1,5,1,1,7,1,17,-,-,-,61,58,37,55,3,5,9,-,-,-,57,-,36,-,-,-,64,78,76,50,No,82900,Silver,196,120,178,Yes,N,0
RF,Tyler Freeman,R,R,85,88,97,66,41,74,105,85,94,68,45,71,102,Groundball,Spray,Spray,1,26,1,78,1,1,25,1,73,1,10,-,1,1,3,76,67,57,67,78,78,70,124,-,82,78,63,59,93,71,87,51,77,57,69,No,81808,Silver,201,105,191,Yes,N,0
SS,Wally Gerber,R,R,54,68,86,69,61,88,111,47,75,67,44,75,104,Normal,Normal,Normal,1,1,1,1,1,1,1,1,1,1,1,22,-,-,-,101,61,93,94,6,3,6,-,-,-,-,-,93,-,-,-,33,43,57,39,No,82898,Silver,410,225,400,Yes,N,0
LF,Ival Goodman,L,R,87,73,73,60,80,76,74,92,92,76,73,81,89,Normal,Spray,Spray,1,1,1,1,2,1,2,1,2,2,1,7,-,-,-,4,10,10,9,44,73,57,-,-,-,-,-,-,53,20,46,67,58,57,76,No,83670,Silver,316,101,332,Yes,N,0
RP,Ian Hamilton,R,R,16,17,34,34,1,32,48,16,33,32,1,30,46,Normal,Spray,Spray,89,82,70,72,87,88,89,69,86,91,19,61,1,1,1,24,58,27,31,3,3,3,83,-,54,16,6,-,-,-,-,12,6,14,16,No,82152,Silver,143,0,155,Yes,N,0
3B,Fred Hartman,R,R,76,89,114,99,90,73,150,72,79,89,66,65,89,Normal,Spray,Spray,1,3,1,1,5,1,3,1,1,5,1,24,-,-,-,75,62,85,40,10,2,6,-,-,-,-,73,-,-,-,-,76,89,88,64,No,82899,Silver,779,303,699,Yes,N,0
SP,Gil Heredia,R,R,1,1,5,3,1,3,2,1,5,3,1,3,2,Normal,Pull,Pull,56,77,136,63,85,47,66,134,70,65,70,42,-,-,-,27,46,32,23,6,3,1,79,-,-,-,-,-,-,-,-,6,6,5,6,No,83188,Silver,109,0,112,No,N,0
SP,Tom Hughes,R,R,33,45,33,56,35,61,16,30,25,76,53,39,22,Normal,Normal,Normal,80,86,69,116,72,82,69,70,61,73,79,62,-,-,-,24,16,19,16,10,10,5,45,-,-,-,-,-,-,-,-,66,74,64,64,No,83195,Silver,131,0,138,Yes,N,0
3B,Colt Keith,L,R,91,92,85,78,67,76,77,91,86,84,68,78,81,Normal,Ex. Pull,Pull,26,52,38,82,37,25,51,38,79,37,52,43,3,3,1,47,48,64,54,49,46,60,98,-,81,44,44,30,52,23,47,30,12,13,45,No,82402,Silver,169,101,156,Yes,N,0
SP,Rufus Lewis,R,R,33,33,34,81,64,65,38,33,33,80,64,65,37,Normal,Normal,Normal,71,72,76,73,72,73,76,77,78,75,76,60,1,1,1,29,25,26,25,72,59,59,63,-,-,-,-,-,-,57,72,32,6,5,28,No,84435,Silver,167,121,215,Yes,N,0
SP,Seth Lugo,R,R,36,36,35,29,4,25,37,36,35,29,4,25,37,Normal,Normal,Normal,67,79,82,84,77,69,81,83,87,78,69,56,-,-,-,27,32,65,13,-,-,-,75,-,56,-,23,-,-,-,-,11,6,18,10,No,82390,Silver,119,0,120,Yes,N,0
RF,Noelvi Marte,R,R,86,89,88,67,83,76,86,86,84,72,75,67,83,Normal,Pull,Pull,1,26,5,76,1,1,26,7,76,1,8,2,2,2,3,66,67,60,59,63,58,65,118,-,89,67,59,51,71,46,66,53,77,62,60,No,81951,Silver,194,101,189,Yes,N,0
2B,Marty McManus,R,R,58,71,67,187,91,112,65,50,66,101,84,86,81,Line Drive,Normal,Normal,1,2,1,1,3,1,2,1,1,3,1,21,-,-,-,58,68,34,59,9,1,3,-,-,77,59,37,-,-,-,-,55,47,58,62,No,82706,Silver,324,225,324,Yes,N,0
SP,Troy Melton,R,R,12,12,30,18,8,16,39,12,30,18,8,16,39,Normal,Spray,Spray,73,72,84,82,67,77,75,86,85,71,53,23,1,1,1,19,27,49,17,26,34,35,58,-,43,-,7,-,20,-,11,20,26,12,23,No,82398,Silver,161,0,161,Yes,N,0
SP,Max Meyer,L,R,28,27,33,27,5,30,40,29,34,28,6,31,41,Normal,Normal,Normal,74,74,79,75,74,73,77,78,82,75,63,48,1,1,2,33,36,64,24,41,48,54,82,-,54,14,29,-,43,11,37,39,33,32,52,No,82127,Silver,140,101,141,Yes,N,0
C,Doggie Miller,R,R,67,69,110,73,37,77,200,67,104,71,35,75,187,Normal,Normal,Normal,1,1,1,1,1,1,1,1,1,1,1,5,63,57,62,80,48,71,66,67,44,75,-,56,-,-,64,60,75,52,72,71,88,88,69,No,84206,Silver,321,165,300,Yes,N,0
2B,Owen Miller,R,R,90,90,93,93,70,65,94,91,94,82,58,62,95,Groundball,Pull,Pull,1,24,1,71,1,1,26,1,78,1,1,-,1,1,4,68,75,51,76,61,59,50,123,-,81,77,60,56,66,40,57,30,75,41,51,No,81984,Silver,175,0,170,Yes,N,0
3B,Yoan Moncada,S,R,83,85,74,66,83,89,65,83,74,70,89,90,66,Normal,Pull,Pull,1,25,1,75,1,1,25,1,73,1,1,-,1,1,1,66,61,73,55,74,63,74,117,-,88,65,64,52,86,64,82,26,16,5,70,No,82308,Silver,139,0,142,Yes,N,0
SP,Ryne Nelson,R,R,34,35,29,33,8,32,21,34,29,32,7,31,20,Normal,Pull,Pull,63,75,83,91,68,70,79,89,89,75,58,43,1,1,1,25,45,55,42,41,43,52,81,-,61,18,26,-,41,10,35,42,42,36,48,No,81859,Silver,248,150,243,Yes,N,0
LF,Andrew Payne,R,R,78,79,87,65,74,65,96,78,85,65,73,64,94,Normal,Pull,Spray,1,7,1,19,1,1,7,1,20,1,1,5,1,1,1,57,61,32,62,75,74,71,-,-,-,57,-,-,88,66,83,62,88,88,71,No,84476,Silver,131,101,142,Yes,N,0
1B,Joc Pederson,L,L,64,62,66,59,88,94,72,65,70,61,93,99,77,Normal,Pull,Pull,1,23,8,69,1,1,26,8,78,1,9,-,-,-,-,19,22,41,12,46,49,50,50,-,33,-,-,-,47,18,40,32,67,15,58,No,82202,Silver,165,0,154,Yes,N,0
CF,Juan Pierre,L,L,101,84,115,40,11,69,166,110,146,88,24,58,177,Groundball,Spray,Spray,1,2,1,1,3,1,2,1,2,3,1,11,-,-,-,6,3,5,5,97,54,43,-,-,-,-,-,-,-,89,-,109,107,99,102,No,83396,Silver,117,101,117,Yes,N,0
CF,Blondie Purcell,R,R,80,80,95,65,74,50,113,81,96,65,75,49,113,Normal,Spray,Spray,43,40,63,21,50,44,41,64,22,51,89,68,-,-,-,28,20,21,16,62,44,59,55,-,-,-,-,-,65,41,59,76,84,90,67,No,83631,Silver,139,0,131,Yes,N,0
SP,Connie Rector,R,R,42,43,41,59,66,54,41,42,39,58,64,53,39,Normal,Spray,Spray,62,75,89,76,75,63,78,90,78,78,69,60,1,1,1,62,24,26,58,72,59,59,90,-,-,44,-,-,79,57,72,9,11,5,29,No,84437,Silver,155,101,155,Yes,N,0
RP,Bradgley Rodriguez,R,R,22,22,21,20,4,21,20,23,21,18,4,19,19,Normal,Normal,Normal,87,80,73,74,84,89,87,73,78,92,19,52,2,2,2,22,33,54,19,11,21,22,69,-,43,-,16,-,-,-,-,22,15,19,32,No,85011,Silver,841,525,899,Yes,N,0
RP,JoJo Romero,L,L,18,18,18,18,3,14,18,19,19,19,3,15,19,Normal,Normal,Normal,86,94,76,92,95,77,83,74,82,84,15,53,1,1,1,19,63,58,40,3,3,3,87,-,46,-,-,-,-,-,-,18,18,11,26,No,81886,Silver,143,101,149,Yes,N,0
RF,Jesus Sanchez,L,R,84,84,78,72,86,73,73,84,80,76,89,77,78,Normal,Pull,Pull,1,26,4,77,1,1,26,4,77,1,4,-,2,2,1,10,25,38,6,63,63,71,41,-,29,-,-,-,73,47,69,48,83,55,54,No,82498,Silver,136,0,128,Yes,N,0
RP,Cole Sands,R,R,22,22,20,20,6,16,19,22,20,20,6,16,19,Normal,Normal,Normal,80,77,86,77,77,81,79,87,80,79,22,52,1,1,5,24,37,49,19,22,22,20,74,-,54,2,15,-,10,-,-,10,6,12,13,No,82351,Silver,143,0,189,Yes,N,0
2B,Max Schuemann,R,R,84,85,82,75,65,98,80,84,78,68,55,90,74,Normal,Normal,Normal,1,25,1,73,1,1,26,1,76,1,1,43,2,2,1,82,72,60,69,71,70,47,131,-,79,87,70,67,78,55,67,58,80,60,68,No,82555,Silver,228,105,220,Yes,N,0
SP,Brady Singer,R,R,25,25,29,23,2,16,32,25,29,23,2,16,32,Normal,Normal,Normal,80,70,89,72,70,74,71,85,77,69,66,42,4,4,1,41,31,57,3,2,20,33,81,-,75,4,22,-,-,-,-,15,10,17,17,No,81976,Silver,157,101,156,Yes,N,0
C,Kyle Teel,L,R,82,82,71,65,65,92,62,83,73,66,67,97,65,Normal,Normal,Normal,1,24,1,71,1,1,26,1,78,1,1,-,65,67,76,24,23,58,18,48,44,74,62,68,38,-,15,-,54,24,52,30,73,35,48,No,82476,Silver,153,0,138,Yes,N,0
RP,Caleb Thielbar,R,L,36,36,29,28,2,18,18,36,29,28,2,18,18,Normal,Normal,Normal,92,80,83,97,72,88,76,82,93,68,13,67,-,-,-,19,18,36,21,-,-,-,45,-,29,-,-,-,-,-,-,16,18,12,20,No,82000,Silver,133,0,138,Yes,N,0
1B,Johnny Washington,L,R,67,66,77,72,74,61,91,68,80,74,79,63,97,Normal,Ex. Pull,Pull,1,11,1,19,7,1,11,1,21,7,1,2,53,53,53,50,35,36,43,55,62,68,-,45,73,36,-,-,-,-,60,71,71,64,61,No,84455,Silver,141,0,153,Yes,N,0
3B,Billy Werber,R,R,40,37,67,71,71,144,93,41,72,76,84,110,101,Normal,Spray,Spray,1,3,1,1,5,1,3,1,1,5,1,5,-,-,-,61,57,74,37,1,6,5,-,-,-,-,58,43,-,-,-,77,69,80,88,No,83690,Silver,166,0,188,Yes,N,0
C,Connor Wong,R,R,90,87,85,90,71,77,83,92,85,83,68,66,77,Groundball,Normal,Normal,1,23,1,69,1,1,27,1,79,1,1,-,54,58,65,51,58,59,53,64,64,50,105,54,66,49,47,35,71,46,61,35,65,45,67,No,82594,Silver,146,0,129,Yes,N,0
1B,Dale Alexander,R,R,85,75,80,137,50,108,88,89,99,89,49,85,107,Line Drive,Normal,Normal,1,1,1,1,1,1,1,1,1,1,1,24,-,-,-,30,20,27,31,7,9,5,-,-,49,-,-,-,-,-,-,40,51,54,56,No,83676,Bronze,32,0,30,Yes,N,0
LF,Akil Baddoo,L,L,78,81,72,72,69,88,64,78,74,80,83,94,72,Normal,Pull,Pull,1,27,1,80,1,1,25,1,74,1,1,-,1,1,1,20,26,46,13,69,70,50,57,-,37,-,-,-,77,53,66,98,79,70,64,No,81924,Bronze,31,26,31,Yes,N,0
C,Moises Ballesteros,L,R,86,82,78,72,76,75,76,88,84,79,81,78,80,Normal,Normal,Normal,1,24,1,70,1,1,25,1,73,1,4,-,58,59,87,18,33,37,7,12,22,36,58,65,28,-,-,-,-,-,-,36,11,11,38,No,85013,Bronze,40,30,50,Yes,N,0
LF,Bob Bescher,S,L,62,44,78,69,72,75,118,66,75,64,89,86,86,Normal,Normal,Normal,1,1,1,1,1,1,1,1,2,1,1,7,-,-,-,8,4,8,7,45,76,63,-,-,-,-,-,-,56,23,-,83,86,84,94,No,83654,Bronze,60,0,60,Yes,N,0
CF,Jackie Bradley Jr.,L,R,83,77,64,81,44,55,47,85,79,116,69,89,74,Normal,Ex. Pull,Pull,1,1,1,1,2,1,1,1,1,2,1,2,-,-,-,5,7,6,2,110,83,114,-,-,-,-,-,-,-,125,141,84,113,52,91,No,83762,Bronze,35,0,36,Yes,N,0
RP,Huascar Brazoban,R,R,41,41,32,23,4,28,21,41,32,23,4,28,21,Normal,Normal,Normal,76,82,73,79,84,81,87,74,83,90,19,60,3,3,3,18,21,57,17,9,18,35,52,-,37,-,6,-,-,-,-,18,14,19,22,No,82088,Bronze,35,32,34,Yes,N,0
3B,Bobby Byrne,R,R,80,89,103,80,18,79,116,77,98,88,33,85,133,Normal,Spray,Spray,1,3,1,1,4,1,3,1,1,4,1,19,-,-,-,77,60,84,62,4,2,3,-,-,-,-,75,-,-,-,-,82,86,77,75,No,84670,Bronze,66,45,65,Yes,N,0
RP,Adam Cimber,R,R,1,1,4,3,1,3,1,1,4,3,1,3,1,Normal,Normal,Normal,92,112,25,59,139,61,127,144,89,146,17,115,-,-,-,35,20,26,23,10,8,4,65,-,-,-,-,-,-,-,-,7,6,4,9,No,84271,Bronze,28,0,29,No,N,0
C,Boileryard Clarke,R,R,61,69,78,66,86,72,89,56,75,69,72,73,97,Normal,Spray,Spray,1,2,1,1,3,1,2,1,1,3,1,4,68,58,61,28,31,33,40,2,1,3,-,59,46,-,-,-,-,-,-,58,73,78,40,No,83628,Bronze,109,0,67,Yes,N,0
C,Willson Contreras,R,R,92,107,91,104,63,48,74,88,73,42,102,87,60,Normal,Pull,Pull,1,1,1,1,2,1,1,1,1,2,1,25,44,53,69,44,64,46,39,52,74,40,-,48,75,-,-,-,57,-,-,34,74,22,61,No,83801,Bronze,35,0,40,Yes,N,0
RP,Danny Coulombe,L,L,47,47,34,31,14,32,17,47,34,31,14,32,17,Normal,Normal,Normal,80,87,73,84,89,80,84,74,81,86,14,67,-,-,-,18,29,47,21,-,-,-,58,-,31,-,-,-,-,-,-,23,4,39,28,No,84945,Bronze,60,26,80,Yes,N,0
RP,Danny Coulombe,L,L,47,47,34,31,14,32,17,47,34,31,14,32,17,Normal,Normal,Normal,80,87,73,84,89,80,84,74,81,86,14,67,-,-,-,18,29,47,21,-,-,-,58,-,31,-,-,-,-,-,-,23,4,39,28,No,84945,Bronze,60,26,80,No,N,0
RP,Danny Coulombe,L,L,47,47,34,31,14,32,17,47,34,31,14,32,17,Normal,Normal,Normal,80,87,73,84,89,80,84,74,81,86,14,67,-,-,-,18,29,47,21,-,-,-,58,-,31,-,-,-,-,-,-,23,4,39,28,No,84945,Bronze,60,26,80,No,N,0
C,Duffy Dyer,R,R,67,67,68,133,81,61,71,67,61,101,68,68,55,Line Drive,Normal,Normal,1,2,1,1,3,1,2,1,1,3,1,1,98,91,94,8,10,7,9,3,9,1,-,104,-,-,-,-,-,-,-,26,6,11,15,No,82895,Bronze,45,0,45,Yes,N,0
SS,Jim Fregosi,R,R,56,39,71,78,61,96,101,61,74,115,68,92,90,Line Drive,Pull,Pull,1,3,1,1,4,1,3,1,2,4,1,9,-,-,-,75,64,77,86,3,6,1,-,-,87,-,76,69,-,-,-,68,74,71,74,No,83942,Bronze,34,0,45,Yes,N,0
SS,Andres Gimenez,L,R,79,79,85,69,67,53,92,79,85,71,72,60,93,Normal,Spray,Spray,1,28,1,82,1,1,28,1,82,1,1,-,1,1,1,83,85,65,72,66,61,61,139,-,81,93,79,75,74,49,67,52,84,61,79,No,82503,Bronze,34,0,49,Yes,N,0
SP,Al Grabowski,L,L,2,2,5,6,1,3,2,2,5,7,1,3,2,Normal,Normal,Normal,71,78,84,63,86,76,66,81,62,69,91,82,-,-,-,27,20,23,23,3,4,9,55,-,-,-,-,-,-,-,-,15,6,5,26,No,84277,Bronze,45,0,50,Yes,N,0
SP,Burleigh Grimes,R,R,18,14,18,72,2,55,21,20,23,51,4,39,26,Normal,Normal,Normal,75,62,76,64,62,95,79,63,89,74,77,49,-,-,-,30,19,27,32,9,7,5,59,-,-,-,-,-,-,-,-,39,49,45,31,No,83159,Bronze,51,0,49,Yes,N,0
CF,Mule Haas,L,R,79,69,80,67,101,60,95,82,93,86,76,62,105,Normal,Normal,Normal,1,1,1,1,1,1,1,1,2,1,1,5,-,-,-,6,1,9,4,72,101,54,-,-,-,-,-,-,-,63,77,30,6,4,25,No,83648,Bronze,68,0,64,Yes,N,0
C,Johnny Hayes,L,R,60,60,71,52,66,104,85,61,74,54,68,106,89,Normal,Pull,Spray,1,7,1,18,2,1,8,1,20,2,1,12,68,68,66,2,5,2,9,75,62,62,-,65,-,-,-,-,-,63,77,48,64,22,49,No,84471,Bronze,32,0,35,Yes,N,0
SP,Ed Holley,R,R,4,6,9,5,1,22,9,4,8,10,2,11,7,Normal,Spray,Spray,60,66,82,91,54,78,71,92,65,75,76,60,-,-,-,24,20,22,23,3,3,1,51,-,-,-,-,-,-,-,-,5,6,5,5,No,84263,Bronze,66,0,61,Yes,N,0
SP,Al Hollingsworth,L,L,28,16,14,14,13,33,10,31,26,28,27,30,21,Normal,Spray,Spray,92,87,73,46,108,68,80,68,83,79,74,33,-,-,-,29,30,27,23,6,4,6,67,-,-,-,-,-,-,-,-,11,6,4,17,No,83169,Bronze,53,0,72,Yes,N,0
RF,Nolan Jones,L,R,99,101,76,76,69,85,51,99,82,77,72,94,66,Groundball,Pull,Pull,1,28,1,84,1,1,27,1,81,1,1,-,1,1,1,29,33,76,24,53,56,84,79,-,60,10,32,-,64,35,64,45,72,44,56,No,82438,Bronze,33,0,37,Yes,N,0
1B,Edouard Julien,L,R,88,89,75,49,69,96,64,88,75,54,70,98,65,Normal,Ex. Pull,Pull,1,27,1,80,1,1,27,1,81,1,1,-,-,-,-,51,49,55,53,46,49,58,100,-,82,46,41,31,49,19,44,56,65,22,56,No,81811,Bronze,42,0,47,Yes,N,0
RP,Caleb Kilian,R,R,26,27,31,29,8,22,35,26,30,28,7,20,34,Normal,Spray,Spray,75,78,72,78,79,77,84,73,82,85,26,47,3,3,3,23,20,59,13,28,4,21,57,-,43,-,12,-,-,-,-,15,12,13,21,No,84935,Bronze,116,31,131,Yes,N,0
LF,Ramon Laureano,R,R,91,93,81,82,87,77,71,91,78,80,88,72,67,Normal,Normal,Normal,1,26,5,77,1,1,26,5,77,1,10,-,2,2,2,13,24,79,12,54,55,98,54,-,27,-,6,-,68,40,72,43,69,42,51,No,81745,Bronze,35,0,34,Yes,N,0
SP,Jack Leiter,R,R,25,25,21,20,12,15,17,25,21,20,12,15,17,Normal,Normal,Normal,72,76,70,87,71,77,78,73,88,74,63,32,1,1,1,17,13,38,7,10,17,17,37,-,26,-,-,-,-,-,-,21,22,16,26,No,82219,Bronze,95,50,85,Yes,N,0
SP,Dutch Leonard,R,R,26,36,31,42,4,37,25,21,23,64,4,33,26,Normal,Pull,Pull,51,93,103,122,79,49,67,88,58,72,75,60,-,-,-,35,30,29,23,8,5,3,75,-,-,-,-,-,-,-,-,8,6,5,10,No,83200,Bronze,42,26,53,Yes,N,0
RF,Justyn-Henry Malloy,R,R,85,85,73,68,76,131,63,85,72,72,72,115,60,Normal,Pull,Pull,1,25,1,74,1,1,26,1,76,1,1,-,1,1,3,44,45,75,44,57,69,72,95,-,73,37,46,28,69,41,65,7,13,13,54,No,82535,Bronze,31,0,30,Yes,N,0
SP,Alek Manoah,R,R,28,28,22,19,23,15,16,28,22,19,23,15,16,Normal,Normal,Normal,65,79,72,87,76,70,87,75,98,82,47,61,-,-,-,22,50,38,22,-,-,-,79,-,65,7,13,-,-,-,-,15,17,5,25,No,82318,Bronze,31,0,32,Yes,N,0
LF,Gary Matthews,R,R,87,74,90,86,80,73,111,91,86,70,69,78,80,Normal,Spray,Spray,1,2,1,1,3,1,2,1,2,3,1,18,-,-,-,7,1,5,1,47,79,74,-,-,-,-,-,-,60,-,57,78,79,58,78,No,84359,Bronze,99,26,110,Yes,N,0
SP,Trevor May,R,R,1,1,4,3,1,3,1,1,4,3,1,3,1,Normal,Normal,Normal,88,83,70,38,106,99,62,78,49,69,44,55,-,-,-,27,20,23,23,4,3,6,55,-,-,-,-,-,-,-,-,13,6,4,22,No,85277,Bronze,30,26,34,No,N,0
CF,Chas McCormick,R,L,84,87,82,57,81,85,77,83,74,61,79,76,67,Normal,Pull,Pull,1,28,1,82,1,1,24,1,72,1,5,-,1,1,2,17,29,40,14,73,80,64,55,-,34,-,-,-,86,62,79,56,74,71,61,No,81981,Bronze,35,0,39,Yes,N,0
SP,Willie McGill,L,L,27,27,37,79,1,120,50,28,39,80,1,129,53,Normal,Normal,Normal,90,76,56,69,80,93,79,56,75,82,79,60,-,-,-,25,17,19,15,7,2,6,47,-,-,-,-,-,-,-,-,15,11,6,29,No,84041,Bronze,31,0,34,Yes,N,0
CF,Rick Monday,L,L,84,75,59,60,111,97,33,87,70,79,124,79,50,Normal,Normal,Normal,1,3,1,1,4,1,3,1,1,4,1,22,-,-,-,31,26,29,31,78,86,49,-,-,54,-,-,-,90,68,-,62,39,51,71,No,85525,Bronze,2 841,1 207,2 222,Yes,N,0
LF,Christopher Morel,R,R,76,70,67,74,94,90,66,78,69,68,88,84,61,Normal,Pull,Pull,1,24,1,72,1,1,31,1,91,1,1,-,1,1,1,58,58,68,59,62,61,68,110,-,71,58,56,44,71,45,67,49,74,52,57,No,82113,Bronze,29,0,32,Yes,N,0
1B,Ryan Mountcastle,R,R,92,92,88,87,89,68,82,92,84,91,87,63,76,Normal,Pull,Normal,1,26,1,76,1,1,26,1,76,1,1,-,-,-,5,29,36,45,36,43,49,48,78,-,62,16,18,-,44,14,36,18,85,13,61,No,82634,Bronze,30,0,30,Yes,N,0
LF,Jerry Mumphrey,S,R,97,14,59,136,1,90,94,120,102,82,85,81,82,Groundball,Pull,Pull,1,1,1,1,1,1,1,1,1,1,1,8,-,-,-,8,5,1,9,46,81,80,-,-,-,-,-,-,61,28,60,34,11,14,69,No,85537,Bronze,2 902,888,2 222,Yes,N,0
1B,Josh Naylor,L,L,71,70,81,72,85,71,96,72,84,73,87,73,98,Normal,Ex. Pull,Pull,1,24,1,71,1,1,25,1,73,1,1,-,1,1,5,39,40,66,37,47,51,69,88,-,58,-,-,-,53,23,50,31,86,56,58,No,82240,Bronze,33,30,39,Yes,N,0
SP,Chad Patrick,R,R,15,16,16,13,1,11,15,15,15,12,1,10,13,Normal,Normal,Normal,76,71,76,86,64,80,76,79,88,70,63,31,2,2,1,23,30,60,17,5,21,24,67,-,42,-,18,-,-,-,-,18,7,4,44,No,81945,Bronze,46,42,44,Yes,N,0
RF,Donald Reeves,L,L,77,76,82,74,83,61,90,78,87,76,87,62,96,Normal,Pull,Spray,43,43,38,37,47,38,37,36,32,40,24,20,1,1,1,2,4,3,8,56,61,73,-,-,-,-,-,-,66,-,63,65,64,18,48,No,84464,Bronze,62,0,78,Yes,N,0
RP,Patrick Sandoval,L,L,18,17,23,17,9,14,29,19,26,18,10,16,31,Normal,Normal,Normal,76,91,71,69,103,72,88,69,73,96,48,64,1,1,4,27,24,55,16,14,35,13,65,-,48,-,-,-,-,-,-,22,22,13,29,No,82615,Bronze,32,0,35,Yes,N,0
2B,Daniel Schneemann,L,R,83,84,73,77,68,85,63,83,75,80,75,87,69,Normal,Normal,Normal,1,25,1,73,1,1,25,1,74,1,1,-,2,2,4,70,73,65,63,77,82,81,125,-,86,75,67,59,94,72,91,49,77,55,61,No,82437,Bronze,31,0,29,Yes,N,0
RF,Jorge Soler,R,R,72,75,69,71,98,96,64,72,67,73,95,89,63,Normal,Ex. Pull,Pull,1,29,1,87,1,1,27,1,79,1,-,-,-,-,-,13,13,56,13,43,39,73,38,-,27,-,-,-,47,17,46,46,16,4,53,No,82300,Bronze,34,0,31,Yes,N,0
SP,Brandon Sproat,R,R,18,18,21,15,7,17,25,18,21,15,7,17,25,Normal,Normal,Normal,75,73,70,76,72,79,81,73,79,82,60,49,-,-,5,28,23,66,16,30,9,17,68,-,50,-,21,-,8,-,-,15,17,13,16,No,84923,Bronze,44,26,38,Yes,N,0
RP,Brock Stewart,L,R,40,39,39,36,21,35,42,41,41,38,23,37,44,Normal,Normal,Normal,91,74,71,72,76,96,82,72,89,79,15,57,1,1,1,51,51,68,26,13,23,23,100,-,87,37,46,28,-,-,-,35,38,28,39,No,81789,Bronze,30,26,31,Yes,N,0
CF,Taylor Trammell,L,L,68,71,61,65,85,85,46,68,63,77,91,93,60,Normal,Normal,Normal,1,29,1,85,1,1,24,1,71,1,1,-,1,1,1,40,42,38,11,77,71,48,85,-,69,-,-,-,85,64,74,43,78,60,66,No,82171,Bronze,34,0,30,Yes,N,0
SP,Ted Trent,R,R,2,2,28,46,2,59,39,2,27,45,2,57,37,Normal,Spray,Spray,64,77,85,81,76,65,78,86,82,77,78,60,1,1,1,29,26,27,25,45,56,56,64,-,-,-,-,-,49,-,-,16,6,4,28,No,84429,Bronze,35,0,115,Yes,N,0
RF,Jordan Walker,R,R,92,92,83,73,85,77,74,93,81,72,83,74,71,Groundball,Pull,Pull,1,43,30,78,26,1,45,30,83,26,31,38,4,4,1,32,35,81,25,62,61,73,83,-,69,15,38,-,73,47,69,31,72,42,57,No,81868,Bronze,118,45,123,Yes,N,0
SP,Lon Warneke,R,R,27,33,28,46,42,33,18,25,23,37,27,46,21,Normal,Pull,Pull,49,73,85,105,58,61,71,128,70,72,78,115,-,-,-,34,76,45,24,1,8,4,100,-,-,-,-,-,-,-,-,6,6,5,6,No,83183,Bronze,60,26,59,Yes,N,0
SP,Jim Weaver,R,R,2,4,6,11,1,8,2,2,5,5,1,9,2,Normal,Spray,Spray,92,79,57,111,63,105,72,62,55,81,66,33,-,-,-,29,13,21,23,2,6,3,49,-,-,-,-,-,-,-,-,8,6,4,12,No,83193,Bronze,64,0,56,Yes,N,0
SP,Joey Wentz,L,L,33,33,29,28,40,27,24,34,30,30,42,29,24,Normal,Ex. Pull,Pull,81,74,73,65,79,79,76,72,70,79,52,67,4,4,1,28,48,45,31,3,3,3,82,-,70,-,-,-,-,-,-,18,23,10,21,No,82159,Bronze,30,0,26,Yes,N,0
RF,Cy Williams,L,L,55,58,65,25,94,56,73,54,79,48,118,94,112,Flyball,Normal,Normal,1,1,1,1,1,1,1,1,1,1,1,23,-,-,-,10,1,9,6,44,68,96,-,-,-,-,-,-,-,27,64,20,6,13,25,No,82718,Bronze,70,26,64,Yes,N,0
RP,Keegan Akin,L,L,19,21,29,21,20,16,34,19,30,19,22,14,36,Normal,Pull,Pull,85,80,84,98,72,83,73,84,79,70,21,61,1,1,1,31,49,43,23,1,1,1,84,-,57,-,-,-,-,-,-,22,20,17,30,No,82649,Bronze,34,0,28,Yes,N,0
LF,Yogi Berra,L,R,50,45,88,1,90,78,170,52,84,45,95,69,137,Normal,Pull,Pull,1,5,1,1,7,1,5,1,1,7,1,17,80,71,98,2,8,7,1,64,93,96,-,87,-,-,-,-,86,-,87,15,16,9,40,No,85495,Bronze,2 462,1 500,2 765,No,N,0
RP,Jake Bird,R,R,21,23,20,18,6,19,17,21,19,16,6,18,16,Normal,Normal,Normal,89,77,72,69,81,94,80,73,70,86,19,45,2,2,2,44,22,56,3,17,13,18,79,-,66,-,19,-,-,-,-,21,28,13,21,No,82579,Bronze,38,0,66,Yes,N,0
3B,Alec Bohm,R,R,76,78,87,80,68,66,97,76,85,75,66,65,95,Normal,Ex. Pull,Pull,1,26,2,77,1,1,25,2,74,1,1,-,2,2,1,67,58,80,39,28,43,39,116,-,103,59,64,50,25,-,16,31,72,11,29,No,82053,Bronze,31,0,32,Yes,N,0
RP,Cody Bradford,L,L,20,20,23,20,7,17,26,20,23,20,7,17,26,Normal,Spray,Spray,62,71,100,85,65,66,74,108,82,71,46,69,-,-,1,27,26,44,13,3,3,3,64,-,51,-,-,-,-,-,-,20,17,16,26,No,82211,Bronze,29,0,35,Yes,N,0
RP,Ryan Brasier,R,R,48,50,37,22,5,22,25,48,36,20,5,20,25,Normal,Spray,Spray,65,79,85,84,77,75,90,90,94,89,15,53,3,3,4,15,37,73,10,34,18,4,68,-,38,-,14,-,16,-,-,16,17,15,17,No,82217,Bronze,31,0,33,Yes,N,0
C,Frank Bruggy,R,R,78,86,76,43,66,98,67,76,76,65,90,71,77,Normal,Spray,Spray,1,1,1,1,1,1,1,1,1,1,1,6,33,51,40,5,8,10,5,3,4,4,-,30,-,-,-,-,-,-,-,47,72,43,41,No,84368,Bronze,55,26,58,Yes,N,0
SS,Don Buddin,R,R,59,62,73,139,65,127,87,58,71,94,66,125,85,Line Drive,Normal,Normal,1,3,1,1,4,1,3,1,1,4,1,12,-,-,-,68,61,68,72,6,2,4,-,-,-,-,-,56,-,-,-,40,72,17,47,No,84132,Bronze,28,0,26,No,N,0
RP,Brock Burke,L,L,28,27,24,12,4,12,22,29,26,13,5,13,24,Normal,Normal,Normal,77,79,82,79,79,78,78,83,77,79,18,49,2,2,4,13,53,45,15,68,28,24,75,-,49,-,-,-,61,41,43,15,6,19,20,No,81969,Bronze,30,0,30,Yes,N,0
SP,Sean Burke,R,R,17,17,15,15,3,14,12,17,15,15,3,14,12,Normal,Spray,Spray,79,74,74,84,69,78,75,73,87,70,62,60,2,2,5,34,11,50,18,22,23,16,60,-,55,-,-,-,10,-,-,19,21,18,17,No,82480,Bronze,30,0,31,Yes,N,0
RP,Yennier Cano,R,R,29,29,27,16,7,31,27,29,27,16,7,31,27,Normal,Normal,Normal,66,76,83,71,79,78,87,88,76,93,14,39,1,1,1,16,17,56,14,15,20,29,45,-,33,-,-,-,4,-,-,14,19,6,18,No,82647,Bronze,46,36,55,Yes,N,0
SP,Bubba Chandler,S,R,39,39,34,41,52,47,32,40,35,42,55,48,33,Normal,Pull,Normal,78,79,71,83,77,76,80,70,86,77,66,22,1,1,1,44,46,71,56,65,51,64,96,-,84,41,46,30,72,48,66,61,65,61,58,No,81909,Bronze,44,28,32,Yes,N,0
SP,Aaron Civale,R,R,28,28,25,19,26,20,24,28,25,19,26,20,24,Normal,Normal,Normal,77,76,88,87,71,68,72,82,87,65,58,49,-,-,-,25,46,58,27,-,-,-,81,-,57,12,26,-,-,-,-,18,18,11,24,No,82285,Bronze,32,0,36,Yes,N,0
SP,Darltie Cooper,R,R,46,47,41,71,72,51,38,46,40,70,70,49,37,Normal,Normal,Spray,60,74,93,77,73,61,74,94,76,74,73,60,1,1,1,59,30,45,53,72,59,59,93,-,58,-,30,26,79,57,72,36,6,5,28,No,84434,Bronze,38,26,120,Yes,N,0
SP,Larry Corcoran,S,R,53,55,69,71,14,75,83,53,67,69,13,72,80,Normal,Normal,Normal,102,80,48,89,76,98,77,47,82,75,98,60,-,-,-,29,27,38,31,77,58,63,69,-,-,-,-,-,-,66,79,57,85,93,67,No,84269,Bronze,37,0,44,Yes,N,0
2B,Jake Cronenworth,L,R,66,66,73,71,61,96,82,66,74,76,66,102,84,Normal,Normal,Normal,36,61,48,79,53,36,60,48,78,52,22,45,2,2,6,59,62,53,64,57,55,65,111,-,81,61,50,43,64,37,59,54,63,14,53,No,81750,Bronze,40,0,48,Yes,N,0
SS,Paul DeJong,R,R,62,71,71,81,78,91,72,60,70,85,95,72,82,Normal,Pull,Pull,1,1,1,1,1,1,1,1,1,1,1,21,-,-,-,76,102,90,98,9,7,6,-,-,-,103,101,90,-,-,-,49,66,55,71,No,84816,Bronze,36,0,44,Yes,N,0
1B,Ed Delahanty,R,R,91,97,98,92,45,65,95,90,90,111,59,80,89,Line Drive,Normal,Normal,1,3,1,1,4,1,3,1,1,4,1,23,-,-,-,30,37,34,35,1,5,1,-,-,53,-,-,-,-,-,-,70,78,81,75,No,83537,Bronze,29,0,30,Yes,N,0
C,Yainer Diaz,R,R,79,79,87,73,81,53,95,80,87,71,81,44,95,Normal,Ex. Pull,Pull,1,26,1,78,1,1,27,1,79,1,-,-,57,53,66,23,28,42,16,27,36,55,61,53,39,-,7,-,26,-,22,33,16,3,50,No,82174,Bronze,38,0,43,Yes,N,0
1B,Jack Doyle,R,R,81,87,103,86,32,67,119,80,94,84,41,80,111,Line Drive,Normal,Normal,1,1,1,1,1,1,1,1,1,1,1,21,-,-,-,36,22,31,37,5,3,8,-,-,39,11,-,-,-,-,-,65,103,95,73,No,83680,Bronze,37,0,40,Yes,N,0
SP,Zach Eflin,R,R,40,40,33,27,2,20,27,40,33,27,2,20,27,Normal,Normal,Normal,62,71,109,78,68,62,74,108,84,69,62,55,-,-,-,16,24,61,9,-,-,-,53,-,42,-,3,-,-,-,-,13,9,17,13,No,82655,Bronze,32,0,30,Yes,N,0
CF,Dave Eggler,R,R,81,83,99,95,16,80,118,81,94,92,15,78,109,Normal,Spray,Spray,1,1,1,1,1,1,1,1,1,1,1,15,-,-,-,1,9,9,9,71,95,60,-,-,-,-,-,-,87,61,-,71,71,69,63,No,82904,Bronze,39,0,44,Yes,N,0
RF,Sal Frelick,L,R,77,77,87,68,67,74,98,78,89,67,66,76,101,Normal,Pull,Pull,1,25,13,75,1,1,27,14,79,1,77,-,2,2,1,55,53,59,45,74,76,69,104,-,66,48,45,34,88,65,82,67,79,60,61,No,81929,Bronze,33,0,32,Yes,N,0
RF,Adolis Garcia,R,R,86,84,77,82,93,69,72,87,78,79,91,67,70,Normal,Ex. Pull,Pull,1,23,1,69,1,1,26,1,77,1,1,-,1,1,2,54,47,63,34,67,68,77,100,-,77,42,44,30,80,56,78,37,78,56,42,No,82049,Bronze,29,0,30,Yes,N,0
SP,J.T. Ginn,R,R,23,23,17,19,7,12,11,23,17,19,7,12,11,Normal,Normal,Normal,72,70,71,79,66,84,77,76,84,74,57,44,1,1,3,26,26,38,3,22,2,24,60,-,44,-,-,-,-,-,-,18,21,12,21,No,82276,Bronze,54,0,50,Yes,N,0
1B,Romy Gonzalez,R,R,100,105,94,96,71,66,80,99,88,94,69,52,76,Groundball,Pull,Pull,1,26,1,77,1,1,25,1,73,1,1,-,3,3,4,64,67,68,59,66,58,46,118,-,79,66,63,52,70,46,60,86,74,61,51,No,82598,Bronze,32,0,43,Yes,N,0
SP,Matt Harrison,L,L,1,1,4,2,1,2,1,1,4,3,1,3,1,Normal,Normal,Normal,65,73,82,77,71,50,85,67,77,90,69,89,-,-,-,28,20,23,23,3,10,5,55,-,-,-,-,-,-,-,-,7,6,5,9,No,83051,Bronze,27,0,28,No,N,0
RP,Carlos Hernandez,R,R,20,20,28,26,12,15,32,20,28,26,12,15,32,Normal,Normal,Normal,82,76,70,76,77,83,79,70,81,79,28,43,1,1,1,32,46,52,33,16,3,3,85,-,71,21,26,-,-,-,-,17,13,15,24,No,82452,Bronze,33,0,32,Yes,N,0
SP,Ed Heusser,S,R,2,4,6,13,1,12,2,2,6,7,1,6,4,Normal,Pull,Pull,44,89,85,116,76,60,67,99,57,72,58,96,-,-,-,25,21,23,23,3,3,6,53,-,-,-,-,-,-,-,-,8,6,4,12,No,84268,Bronze,48,45,85,Yes,N,0
SS,Joe Hewitt,L,R,31,31,61,58,40,110,84,32,63,60,42,114,88,Normal,Normal,Spray,1,6,1,18,1,1,7,1,21,1,1,5,1,1,1,91,71,91,75,75,62,50,-,-,61,98,92,85,82,61,71,78,97,101,77,No,84449,Bronze,54,0,54,Yes,N,0
2B,Jonathan India,R,R,69,71,77,81,65,98,86,69,75,78,67,94,84,Normal,Ex. Pull,Pull,1,26,1,76,1,1,25,1,73,1,1,-,3,3,1,55,66,65,61,58,45,64,112,-,77,58,57,44,63,37,58,33,62,18,58,No,82373,Bronze,34,0,35,Yes,N,0
RF,Pat Kelly,L,L,70,67,73,82,48,87,82,71,78,87,69,88,87,Normal,Normal,Normal,1,1,1,1,1,1,1,1,1,1,1,13,-,-,-,4,1,7,5,66,50,98,-,-,-,-,-,-,80,55,83,76,83,93,86,No,83668,Bronze,76,0,124,Yes,N,0
3B,Ken Keltner,R,R,50,47,60,117,105,48,70,52,69,93,107,55,85,Flyball,Normal,Normal,1,5,1,1,7,1,5,1,1,7,1,17,-,-,-,53,70,67,32,4,4,2,-,-,-,-,55,-,-,-,-,56,62,33,55,No,84338,Bronze,43,30,44,Yes,N,0
SP,Yusei Kikuchi,L,L,24,24,41,39,2,21,60,24,41,39,3,21,61,Normal,Pull,Pull,85,71,75,69,72,84,69,74,67,70,67,79,2,2,2,22,29,36,6,48,15,17,59,-,38,-,-,-,35,5,10,14,12,19,11,No,82322,Bronze,41,0,37,Yes,N,0
LF,Hyun-soo Kim,L,R,101,91,90,81,10,88,88,106,104,123,10,122,95,Line Drive,Pull,Pull,1,3,1,1,4,1,3,1,1,4,1,10,-,-,-,1,8,5,7,69,100,70,-,-,-,-,-,-,88,-,-,31,44,21,36,No,84623,Bronze,31,0,34,Yes,N,0
RF,Jim King,L,R,32,29,62,65,66,87,87,34,72,81,85,106,109,Normal,Pull,Pull,1,5,1,1,7,1,5,1,1,7,1,21,-,-,-,1,1,2,2,69,77,100,-,-,-,-,-,-,89,-,92,25,67,34,32,No,83687,Bronze,107,34,114,Yes,N,0
2B,Cookie Lavagetto,R,R,58,71,87,94,66,90,107,50,72,68,73,97,95,Normal,Normal,Normal,1,1,1,1,1,1,1,1,1,1,1,11,-,-,-,55,53,45,67,9,6,10,-,-,-,55,40,-,-,-,-,65,70,59,74,No,83651,Bronze,41,0,114,Yes,N,0
RF,Jung-hoo Lee,L,R,81,77,90,94,59,69,104,82,94,94,60,72,106,Line Drive,Normal,Normal,1,32,18,75,11,1,41,19,86,19,47,-,-,-,-,49,47,58,50,68,68,77,97,-,76,43,41,29,81,57,78,83,65,33,94,No,81713,Bronze,34,0,33,Yes,N,0
RP,Jonathan Loaisiga,R,R,44,44,33,27,10,38,22,44,33,27,10,38,22,Normal,Normal,Normal,68,81,95,74,85,70,87,96,81,90,18,51,2,2,2,18,22,46,12,11,24,34,50,-,29,-,-,-,-,-,-,20,22,16,23,No,81855,Bronze,30,0,30,Yes,N,0
SS,Felipe Lopez,S,R,92,75,71,73,62,59,69,98,89,88,102,88,78,Groundball,Pull,Pull,1,1,1,1,1,1,1,1,2,1,17,5,-,-,-,71,50,67,71,3,8,9,-,-,-,71,59,54,-,-,-,65,78,71,62,No,84106,Bronze,40,0,36,Yes,N,0
1B,Kyle Manzardo,L,R,73,72,71,71,83,84,72,74,74,72,84,88,76,Normal,Pull,Pull,1,25,1,74,1,1,27,1,81,1,1,23,1,1,1,27,29,33,27,29,22,27,66,-,40,7,1,-,19,-,6,19,16,10,35,No,82435,Bronze,76,34,94,Yes,N,0
SS,Ketel Marte,S,R,120,92,94,125,28,85,93,131,117,75,21,93,97,Line Drive,Spray,Spray,1,3,1,1,5,1,4,1,2,5,1,14,-,-,-,79,64,31,47,52,50,28,-,-,-,71,-,47,-,22,-,89,64,21,82,No,83783,Bronze,46,0,58,Yes,N,0
RF,Beauty McGowan,L,R,89,95,93,97,48,83,89,88,83,77,69,74,79,Groundball,Spray,Spray,1,5,1,1,7,1,5,1,1,7,1,18,-,-,-,8,7,4,6,65,71,77,-,-,-,-,-,-,79,53,76,64,67,33,78,No,82903,Bronze,51,0,50,Yes,N,0
SP,Hugh McQuillan,R,R,31,37,29,109,22,37,15,28,26,75,37,38,25,Normal,Normal,Normal,60,83,83,109,71,72,70,83,67,72,68,102,-,-,-,31,13,25,31,10,7,2,53,-,-,-,-,-,-,-,-,33,11,4,29,No,84036,Bronze,44,26,58,Yes,N,0
CF,Jim Northrup,L,R,78,79,79,54,67,74,80,78,83,72,73,73,89,Normal,Normal,Normal,1,1,1,1,1,1,1,1,1,1,1,21,-,-,-,6,5,5,3,80,44,51,-,-,-,-,-,-,84,66,74,59,79,24,55,No,83616,Bronze,127,55,110,Yes,N,0
RP,Satchel Paige,R,R,1,1,5,3,1,3,2,1,5,3,1,3,2,Normal,Normal,Normal,87,95,59,65,110,130,91,71,73,100,57,51,-,-,-,29,20,24,23,2,10,1,57,-,-,-,-,-,-,-,-,8,6,4,12,No,84839,Bronze,58,0,58,Yes,N,0
C,J.T. Realmuto,R,R,92,92,84,87,77,70,76,93,86,81,77,68,78,Groundball,Spray,Normal,1,25,8,75,1,1,26,8,76,1,2,-,56,51,82,23,39,62,13,28,37,53,76,58,47,-,23,-,27,-,22,52,74,43,58,No,82054,Bronze,28,0,49,Yes,N,0
SP,Dick Redding,R,R,44,46,41,67,69,57,39,44,39,66,67,55,37,Normal,Pull,Pull,68,77,85,85,74,67,74,84,78,73,77,60,1,1,1,51,26,45,41,72,59,59,86,-,64,33,23,-,79,57,72,39,11,3,28,No,84430,Bronze,37,0,62,Yes,N,0
RF,Alex Rios,R,R,113,133,118,125,53,52,97,107,95,74,15,46,81,Groundball,Normal,Normal,1,3,1,1,4,1,3,1,1,4,1,14,-,-,-,10,7,2,4,59,73,85,-,-,-,-,-,-,-,-,74,81,80,76,89,No,83340,Bronze,35,0,50,Yes,N,0
3B,Gene Robertson,L,R,36,24,67,66,84,109,104,39,73,71,88,96,106,Normal,Normal,Normal,1,1,1,1,2,1,2,1,2,2,1,24,-,-,-,62,54,74,66,2,4,10,-,-,-,-,61,-,-,-,-,56,63,54,57,No,82897,Bronze,50,26,65,Yes,N,0
3B,Jackie Robinson,R,R,43,50,84,59,76,99,144,41,79,37,73,127,134,Normal,Spray,Spray,1,5,1,1,7,1,5,1,1,7,1,20,-,-,-,87,78,95,62,56,115,75,-,-,81,92,94,-,78,-,-,73,81,57,83,No,84840,Bronze,63,0,76,Yes,N,0
C,Ray Schalk,R,R,81,41,59,55,8,140,73,90,72,72,8,113,54,Groundball,Normal,Normal,1,3,1,1,4,1,4,1,5,4,1,6,73,72,110,4,9,7,10,9,1,5,-,88,-,-,-,-,-,-,-,38,75,57,43,No,83583,Bronze,57,50,60,Yes,N,0
2B,Marcus Semien,R,R,63,64,77,68,71,80,93,63,76,67,70,78,92,Normal,Ex. Pull,Pull,1,26,3,77,1,1,25,3,73,1,2,-,26,26,11,75,83,69,76,62,56,50,134,-,85,87,77,70,66,41,57,39,75,31,53,No,82084,Bronze,37,28,37,Yes,N,0
3B,Ray Sheppard,R,R,62,63,83,52,79,38,110,62,79,50,76,36,103,Normal,Normal,Normal,1,8,1,22,1,1,7,1,21,1,8,11,1,1,1,91,60,91,88,55,62,68,-,-,-,99,89,84,-,-,60,73,66,60,59,No,84433,Bronze,70,32,77,Yes,N,0
LF,Chandler Simpson,L,R,90,89,98,43,9,59,105,91,101,49,15,60,109,Groundball,Pull,Pull,1,25,1,73,1,1,27,1,81,1,1,23,1,1,1,67,66,49,64,80,76,50,117,-,74,69,53,49,90,70,79,101,102,108,99,No,82526,Bronze,68,27,54,Yes,N,0
SP,Tully Sparks,R,R,1,1,9,25,4,32,13,1,10,34,5,43,16,Normal,Spray,Spray,52,76,87,90,69,57,82,90,101,73,84,58,-,-,-,24,22,23,24,9,4,1,53,-,-,-,-,-,-,-,-,65,68,76,58,No,83161,Bronze,55,26,60,Yes,N,0
2B,George Sweatt,R,R,49,49,69,81,83,87,88,49,68,80,81,84,85,Normal,Spray,Normal,1,8,1,18,3,1,8,1,19,3,1,6,1,1,1,77,50,51,70,81,50,63,-,-,89,75,53,-,89,70,82,64,70,45,56,No,84468,Bronze,40,0,38,Yes,N,0
RP,Jim Todd,L,R,1,1,4,2,1,2,1,1,4,3,1,3,1,Normal,Spray,Spray,46,95,70,100,93,52,102,95,98,104,24,115,-,-,-,35,20,26,23,6,5,8,65,-,-,-,-,-,-,-,-,15,6,5,25,No,83189,Bronze,29,0,34,Yes,N,0
C,Luis Torrens,R,R,86,82,85,75,75,69,89,88,85,65,65,63,82,Normal,Pull,Pull,1,26,1,76,1,1,30,1,89,1,-,-,67,74,91,23,36,43,11,12,23,35,70,78,41,-,10,-,-,-,-,35,58,12,41,No,82079,Bronze,32,0,55,Yes,N,0
2B,Rickie Weeks Jr.,R,R,109,73,70,89,118,91,68,125,85,98,38,68,52,Groundball,Pull,Pull,1,1,1,1,1,1,1,1,3,1,1,15,-,-,-,55,45,38,43,2,6,4,-,-,-,44,-,-,-,-,-,69,29,36,94,No,83698,Bronze,41,0,40,Yes,N,0
SP,Roy Welmaker,S,L,31,31,25,30,1,26,17,31,25,29,1,26,17,Normal,Normal,Normal,72,82,73,83,82,70,79,71,79,79,73,60,1,1,1,29,34,29,25,53,59,65,73,-,48,-,-,-,-,-,56,16,6,3,28,No,84425,Bronze,41,0,34,Yes,N,0
RF,Gus Williams,L,L,77,61,60,68,68,71,61,82,81,94,86,83,82,Normal,Pull,Pull,1,1,1,1,2,1,2,1,2,2,1,23,-,-,-,1,5,3,10,54,65,79,-,-,-,-,-,-,-,-,65,87,86,88,85,No,82893,Bronze,59,26,87,Yes,N,0
SP,Tom Williams,R,R,12,13,29,62,4,63,36,12,27,61,3,61,34,Normal,Normal,Pull,49,81,97,93,76,49,78,98,84,76,72,60,1,1,1,48,29,28,41,9,4,2,84,-,-,31,-,-,-,-,-,31,6,3,28,No,84436,Bronze,36,0,46,Yes,N,0
SP,Simeon Woods Richardson,R,R,25,25,22,26,26,22,19,25,22,26,26,22,19,Normal,Pull,Pull,72,76,75,85,72,71,76,74,87,71,67,51,1,1,1,24,42,67,23,27,34,52,80,-,58,8,29,-,25,-,20,15,15,13,17,No,82350,Bronze,35,0,35,Yes,N,0
SP,Johnny Wright,R,R,38,38,37,49,2,49,39,38,36,49,2,48,38,Normal,Normal,Pull,57,85,82,123,66,64,88,84,125,70,69,60,1,1,1,29,38,30,25,1,3,7,76,-,-,-,-,-,-,-,-,9,11,5,29,No,84883,Bronze,80,0,70,Yes,N,0
SP,Whit Wyatt,R,R,17,19,18,35,2,47,16,17,14,35,4,31,10,Normal,Spray,Spray,83,76,66,70,80,79,75,73,67,79,80,33,-,-,-,29,20,24,23,8,1,6,57,-,-,-,-,-,-,-,-,17,6,5,29,No,83874,Bronze,34,0,35,Yes,N,0
LF,Mike Yastrzemski,L,L,66,65,67,85,68,92,71,67,71,88,71,100,76,Normal,Ex. Pull,Pull,1,23,4,69,1,1,26,4,78,1,8,-,3,3,2,17,28,46,16,62,61,81,55,-,31,-,-,-,74,48,73,69,67,23,69,No,82141,Bronze,59,41,63,Yes,N,0
2B,Ralph Young,S,R,61,42,77,85,45,100,120,64,82,62,47,115,106,Normal,Normal,Normal,1,2,1,1,3,1,2,1,2,3,1,14,-,-,-,71,68,45,53,6,1,3,-,-,-,69,-,-,-,-,-,63,73,70,61,No,84142,Bronze,90,0,92,Yes,N,0
RF,Dave Altizer,L,R,45,45,70,44,76,124,94,46,73,55,56,97,99,Normal,Normal,Normal,1,2,1,1,3,1,2,1,1,3,1,1,-,-,-,32,26,29,31,80,62,86,-,-,41,12,-,-,95,75,94,88,89,89,64,No,82906,Bronze,72,0,62,Yes,N,0
C,Samuel Basallo,L,R,61,61,64,70,89,77,68,62,65,71,90,78,69,Normal,Pull,Pull,1,25,2,74,1,1,26,3,77,1,1,15,47,48,79,27,37,51,15,35,43,52,76,51,59,2,17,-,35,-,29,5,11,10,33,No,82640,Bronze,68,26,50,Yes,N,0
1B,Jake Bauers,L,L,69,72,67,67,93,88,64,69,66,70,96,90,65,Normal,Normal,Pull,11,44,38,78,28,12,43,40,71,29,23,31,1,1,2,38,46,44,27,58,58,59,87,-,66,-,-,-,65,38,58,45,86,58,68,No,81932,Bronze,31,26,32,Yes,N,0
RP,Tristan Beck,R,R,41,41,36,21,4,12,33,41,36,21,4,12,33,Normal,Pull,Pull,67,81,88,81,82,65,82,86,87,80,43,61,1,1,1,28,56,63,44,34,21,13,90,-,70,26,37,-,20,-,-,16,7,13,29,No,81725,Bronze,34,0,33,Yes,N,0
RP,Clayton Beeter,R,R,17,17,20,20,5,14,24,17,20,20,5,14,24,Normal,Pull,Pull,92,77,56,85,73,96,80,58,88,76,27,43,1,1,2,36,33,64,20,13,22,29,82,-,61,13,28,-,-,-,-,8,15,9,1,No,82036,Bronze,29,0,30,Yes,N,0
RF,Oyster Burns,R,R,60,61,69,67,93,76,78,60,67,66,90,74,75,Normal,Normal,Normal,53,45,56,43,46,59,49,58,46,51,25,8,-,-,-,68,61,66,65,48,74,66,-,-,-,70,62,54,58,-,54,80,83,89,73,No,84354,Bronze,38,0,37,Yes,N,0
RP,Jose Butto,R,R,18,18,18,14,2,18,18,18,18,14,2,18,18,Normal,Normal,Normal,77,84,69,78,87,77,87,68,82,90,17,29,-,-,-,24,30,44,13,30,39,43,65,-,43,-,9,-,27,-,19,12,9,17,11,No,81726,Bronze,38,0,39,Yes,N,0
SP,Griffin Canning,R,R,23,23,22,21,5,22,21,23,22,21,5,22,21,Normal,Spray,Spray,73,73,74,84,68,77,76,75,85,72,69,57,2,2,5,44,17,53,29,31,2,54,77,-,60,6,11,-,8,-,4,17,11,14,26,No,81741,Bronze,31,0,29,Yes,N,0
3B,Clemente Carreras,R,R,57,58,72,75,84,78,88,57,71,74,82,76,86,Normal,Normal,Pull,1,8,1,19,3,1,8,1,19,3,1,19,1,1,1,77,67,85,71,45,56,56,-,-,-,83,80,-,49,-,-,62,71,61,60,No,84462,Bronze,51,0,42,Yes,N,0
CF,Evan Carter,L,R,73,73,68,79,68,94,65,74,71,85,69,98,70,Normal,Pull,Pull,1,26,6,77,1,1,28,6,82,1,5,9,1,1,1,24,23,23,33,80,81,68,55,-,42,1,-,-,95,74,88,71,82,70,83,No,82205,Bronze,36,0,39,Yes,N,0
1B,Babe Dahlgren,R,R,71,56,66,69,109,57,76,76,86,76,77,77,97,Normal,Normal,Normal,1,1,1,1,1,1,1,1,2,1,1,22,-,-,-,35,21,29,31,6,7,2,-,-,46,-,-,-,-,-,-,41,52,19,26,No,83594,Bronze,37,0,30,Yes,N,0
1B,Eggie Dallard,L,R,63,61,60,53,81,126,60,64,62,55,83,129,61,Normal,Pull,Normal,1,8,1,23,1,1,8,1,23,1,17,22,49,43,52,63,55,58,60,82,49,78,-,39,68,61,-,-,92,74,89,64,70,49,57,No,84678,Bronze,32,0,30,No,N,0
LF,Matt Diaz,R,R,92,71,87,47,75,58,109,99,95,68,54,58,87,Groundball,Normal,Normal,1,1,1,1,1,1,1,1,2,1,1,24,-,-,-,2,5,9,5,92,44,58,-,-,-,-,-,-,97,-,89,61,64,61,44,No,83712,Bronze,30,0,26,Yes,N,0
SP,Ed Doheny,L,L,20,31,28,35,2,56,24,16,15,32,4,45,13,Normal,Spray,Spray,81,84,70,116,69,82,66,71,60,70,86,65,-,-,-,33,13,21,16,2,5,3,53,-,-,-,-,-,-,-,-,74,73,74,74,No,82817,Bronze,43,0,45,Yes,N,0
CL,Carlos Estevez,R,R,38,38,34,14,5,39,33,38,34,14,5,39,33,Normal,Normal,Normal,68,82,77,88,79,74,91,80,99,88,14,48,3,3,1,22,17,60,21,14,16,34,54,-,44,-,6,-,-,-,-,12,9,10,15,No,82386,Bronze,40,0,44,Yes,N,0
2B,Tyler Fitzgerald,R,R,92,91,83,78,79,69,75,93,77,76,76,66,64,Normal,Normal,Normal,1,22,1,65,1,1,28,1,83,1,1,-,1,1,2,74,69,68,68,72,68,69,126,-,98,79,70,62,84,61,79,51,82,60,52,No,81708,Bronze,31,26,29,Yes,N,0
SP,Rube Foster,R,R,83,83,70,69,85,56,57,84,70,70,85,55,56,Normal,Spray,Spray,55,74,84,78,73,56,77,85,83,74,78,60,1,1,1,29,24,26,25,53,59,65,62,-,35,-,-,-,60,-,56,33,12,5,29,No,84431,Bronze,34,0,37,Yes,N,0
SP,Trey Gibson,R,R,15,18,17,18,17,10,15,15,15,18,17,10,15,Normal,Normal,Normal,95,86,62,80,89,80,71,69,70,72,63,30,2,2,2,18,32,45,23,6,23,26,61,-,48,-,3,-,-,-,-,21,11,6,46,No,85124,Bronze,314,50,440,Yes,N,0
RP,Gordon Graceffo,R,R,20,20,30,27,10,8,36,20,30,27,10,8,36,Normal,Spray,Pull,62,81,81,77,83,67,88,86,79,93,31,45,1,1,1,37,28,45,16,36,34,28,77,-,64,8,14,-,30,-,17,34,26,28,47,No,81882,Bronze,50,40,43,Yes,N,0
LF,Dave Harris,R,R,73,92,86,116,124,115,80,67,63,133,81,84,60,Line Drive,Normal,Normal,1,1,1,1,1,1,1,1,1,1,1,20,-,-,-,5,10,6,9,46,74,71,-,-,-,-,-,-,58,26,55,67,74,57,56,No,83649,Bronze,55,26,55,Yes,N,0
CF,George Hendrick,R,R,54,38,68,61,108,63,93,60,70,75,94,54,82,Normal,Pull,Pull,1,1,1,1,1,1,1,1,2,1,1,7,-,-,-,3,3,3,6,66,87,50,-,-,-,-,-,-,78,51,67,42,66,71,65,No,83440,Bronze,113,26,173,Yes,N,0
SP,Grant Holmes,L,R,30,30,24,16,11,16,19,30,24,16,11,16,19,Normal,Normal,Normal,72,74,71,87,68,77,77,74,88,72,58,49,2,2,1,32,16,52,7,25,21,22,61,-,41,-,1,-,13,-,-,18,15,16,23,No,82158,Bronze,30,0,29,Yes,N,0
1B,Rhys Hoskins,R,R,70,70,69,74,89,111,69,70,67,72,87,98,66,Normal,Ex. Pull,Pull,1,25,1,75,1,1,25,1,75,1,1,-,5,5,5,21,42,43,33,40,36,45,76,-,56,10,15,-,37,3,29,25,67,13,19,No,82441,Bronze,68,31,65,Yes,N,0
SP,Jesse Houston,R,R,57,58,46,54,1,57,36,57,45,53,1,55,35,Normal,Normal,Spray,57,76,85,72,79,60,77,85,75,79,68,60,1,1,1,59,29,37,53,53,59,65,92,-,57,45,-,23,-,-,56,31,6,4,28,No,84421,Bronze,57,26,62,Yes,N,0
RF,Jahmai Jones,R,R,78,78,73,104,84,97,70,79,71,103,73,93,65,Normal,Normal,Normal,1,24,1,71,1,1,26,1,78,1,1,-,2,2,2,61,51,53,61,77,67,51,106,-,71,58,46,39,85,64,74,78,69,42,74,No,82403,Bronze,44,0,39,Yes,N,0
SS,Red Kress,R,R,70,73,79,102,88,71,88,70,75,73,70,73,81,Normal,Spray,Spray,1,1,1,1,2,1,1,1,1,2,1,6,-,-,-,88,72,84,87,4,8,9,-,-,81,-,89,83,-,-,-,46,51,54,60,No,83597,Bronze,57,35,55,Yes,N,0
3B,Carney Lansford,R,R,54,60,82,42,68,63,115,52,81,47,83,64,120,Normal,Normal,Normal,1,3,1,1,5,1,3,1,1,5,1,15,-,-,-,43,97,60,32,3,10,2,-,-,85,-,58,-,-,-,-,75,75,62,89,No,83614,Bronze,35,0,44,Yes,N,0
RP,Cody Laweryson,L,R,24,24,19,18,9,16,15,24,19,18,9,16,15,Normal,Normal,Normal,82,77,83,78,77,79,78,78,82,76,24,52,3,3,3,66,28,65,10,19,7,17,96,-,81,30,38,22,-,-,-,12,9,13,15,No,84918,Bronze,78,30,95,Yes,N,0
2B,Milton Lewis,L,R,28,28,55,87,104,79,75,29,58,89,114,81,80,Flyball,Pull,Spray,13,23,32,34,18,13,23,32,35,17,24,3,1,1,1,75,67,46,81,75,62,62,-,-,82,82,58,-,84,63,77,33,6,8,31,No,84480,Bronze,37,0,45,Yes,N,0
3B,Royce Lewis,R,R,74,74,78,71,85,74,84,75,77,72,86,70,82,Normal,Normal,Normal,1,27,1,81,1,1,28,1,82,1,1,-,1,1,1,78,71,66,71,76,71,58,129,-,93,83,71,66,87,65,78,29,86,54,62,No,82339,Bronze,37,26,43,Yes,N,0
LF,Josh Lowe,L,R,87,87,76,84,79,71,66,88,79,84,80,72,73,Normal,Pull,Pull,1,26,15,78,1,1,28,16,80,3,16,28,1,1,1,43,47,81,32,66,67,70,96,-,86,33,49,27,77,52,73,58,97,81,56,No,82301,Bronze,86,0,82,Yes,N,0
RP,Sean Manaea,R,L,33,33,31,17,1,30,32,33,31,17,1,30,32,Normal,Normal,Normal,87,73,83,83,69,83,70,81,78,66,41,70,-,-,-,20,24,43,18,-,-,-,54,-,44,-,-,-,-,-,-,16,13,10,26,No,82097,Bronze,41,28,40,Yes,N,0
C,Brent Mayne,L,R,111,113,84,116,1,85,61,110,94,121,22,82,77,Line Drive,Normal,Normal,1,1,1,1,2,1,1,1,1,2,1,12,91,69,74,6,5,10,10,6,2,8,-,81,-,-,-,-,-,-,-,20,26,24,28,No,83645,Bronze,39,0,41,Yes,N,0
RP,Easton McGee,R,R,17,17,19,19,5,12,20,17,19,19,5,12,20,Normal,Normal,Normal,65,77,89,77,77,67,81,90,83,80,48,48,1,1,1,29,43,30,33,3,3,3,79,-,72,16,5,-,-,-,-,13,10,10,18,No,81936,Bronze,34,26,36,Yes,N,0
3B,Ryan McMahon,L,R,72,72,64,54,82,95,54,73,66,58,84,99,60,Normal,Spray,Spray,1,25,8,74,1,1,26,8,77,1,5,-,2,2,2,78,76,81,63,48,44,60,132,-,94,83,81,71,51,22,46,21,58,20,45,No,82574,Bronze,41,28,40,Yes,N,0
3B,Levi Meyerle,R,R,95,97,111,98,26,63,118,95,107,97,24,62,112,Line Drive,Pull,Pull,44,51,73,45,54,47,54,74,48,57,93,6,-,-,-,40,53,57,36,55,59,67,-,-,70,32,37,20,-,-,59,79,85,86,68,No,83566,Bronze,36,26,84,Yes,N,0
SP,Bobby Miller,L,R,1,1,4,3,1,2,1,1,4,3,1,3,1,Normal,Pull,Pull,68,84,66,74,89,61,73,91,80,70,69,33,-,-,-,27,29,26,23,5,10,9,65,-,-,-,-,-,-,-,-,5,6,4,5,No,84257,Bronze,28,0,28,No,N,0
CF,Garrett Mitchell,L,R,103,105,75,76,49,88,42,102,78,75,58,90,56,Groundball,Normal,Normal,1,25,1,75,1,1,25,1,74,1,3,-,3,3,2,19,27,46,11,87,79,74,56,-,41,-,4,-,103,84,97,75,82,71,86,No,81930,Bronze,32,0,36,Yes,N,0
SS,Billy Myers,R,R,50,65,67,71,83,90,71,43,61,65,77,88,74,Normal,Normal,Normal,1,1,1,1,1,1,1,1,1,1,1,21,-,-,-,101,59,90,89,10,1,6,-,-,-,107,-,91,-,-,-,48,30,21,62,No,83650,Bronze,47,26,54,Yes,N,0
2B,Charlie Neal,R,R,76,77,82,109,64,78,89,76,80,75,83,58,87,Normal,Normal,Normal,1,3,1,1,4,1,3,1,1,4,1,3,-,-,-,55,102,33,80,8,1,1,-,-,-,75,52,52,-,-,-,79,78,63,90,No,83944,Bronze,27,0,26,No,N,0
SP,Toad Ramsey,R,L,12,13,18,30,5,32,23,12,17,29,4,31,21,Normal,Spray,Spray,102,72,56,75,71,102,71,56,70,72,93,48,-,-,-,24,13,18,16,2,4,1,42,-,-,-,-,-,-,-,-,61,67,80,50,No,84270,Bronze,40,0,36,Yes,N,0
2B,Yank Robinson,R,R,61,72,66,86,66,167,62,55,52,71,48,165,50,Normal,Normal,Normal,1,3,1,1,5,1,3,1,1,5,1,15,-,-,-,69,57,50,49,56,37,35,-,-,-,63,49,44,53,-,-,83,96,88,77,No,83627,Bronze,43,0,53,Yes,N,0
SP,Eduardo Rodriguez,L,L,30,30,31,38,10,16,35,30,31,38,10,16,35,Normal,Normal,Normal,79,77,79,81,75,72,72,76,77,70,62,58,-,-,-,13,15,52,11,-,-,-,38,-,25,-,-,-,-,-,-,22,17,21,27,No,81861,Bronze,55,27,62,Yes,N,0
RP,Yariel Rodriguez,R,R,14,16,26,23,4,15,32,14,25,25,5,17,32,Normal,Normal,Normal,84,82,66,100,73,86,79,67,91,74,40,49,2,2,3,22,18,49,14,20,23,25,52,-,35,-,2,-,9,-,-,10,7,9,13,No,82510,Bronze,33,0,44,Yes,N,0
RP,Ian Seymour,L,L,16,16,15,13,2,10,13,17,16,14,3,11,14,Normal,Pull,Pull,87,79,83,79,79,80,68,77,73,66,30,59,1,1,5,30,11,35,11,12,25,22,50,-,36,-,-,-,-,-,-,16,17,14,16,No,84932,Bronze,78,26,96,Yes,N,0
SP,Eddie Smith,S,L,28,16,34,55,8,64,49,31,41,75,17,66,55,Normal,Spray,Spray,85,64,62,51,71,79,84,63,106,73,72,104,-,-,-,28,18,23,23,4,1,10,54,-,-,-,-,-,-,-,-,23,9,8,29,No,84035,Bronze,68,0,68,Yes,N,0
2B,Josh Smith,L,R,75,74,79,75,54,87,86,76,81,73,52,90,88,Normal,Normal,Normal,1,26,1,77,1,1,28,1,83,1,1,-,1,1,1,65,72,70,74,51,57,55,122,-,66,74,69,59,56,27,49,40,73,44,61,No,82208,Bronze,39,0,45,Yes,N,0
2B,Edmundo Sosa,R,R,87,88,85,87,82,49,82,87,84,78,78,43,81,Normal,Spray,Spray,1,28,1,82,1,1,27,1,80,1,-,-,1,1,1,69,72,68,70,64,60,56,124,-,76,76,69,61,70,45,62,56,72,35,68,No,82051,Bronze,33,0,33,Yes,N,0
3B,Milt Stock,R,R,57,61,84,81,79,73,119,56,78,88,76,73,105,Normal,Normal,Normal,1,1,1,1,1,1,1,1,1,1,1,15,-,-,-,57,58,71,31,7,3,3,-,-,-,47,54,38,-,-,-,66,84,83,66,No,83679,Bronze,61,26,65,Yes,N,0
CF,Sandy Thompson,L,R,71,71,79,58,44,77,91,72,82,60,46,79,94,Groundball,Normal,Pull,1,9,1,18,5,1,10,1,20,5,1,15,1,1,1,76,65,75,70,86,70,74,-,-,-,-,73,65,100,81,95,62,77,61,62,No,84452,Bronze,50,0,44,Yes,N,0
1B,Michael Toglia,S,L,77,72,67,71,99,76,64,79,67,66,100,81,55,Normal,Pull,Pull,1,23,1,67,1,1,27,1,80,1,1,-,2,2,1,37,40,37,38,57,49,59,83,-,77,-,-,-,61,35,55,45,67,24,46,No,81950,Bronze,31,0,30,Yes,N,0
RP,Blake Treinen,R,R,48,48,40,38,13,22,34,48,40,38,13,22,34,Normal,Normal,Normal,88,72,78,70,73,89,75,77,75,76,14,57,-,-,-,27,15,41,23,20,25,35,53,-,46,-,-,-,12,-,3,18,21,12,22,No,81790,Bronze,47,26,42,Yes,N,0
CF,David Whatley,L,R,79,78,87,66,61,62,97,80,91,67,63,64,104,Normal,Normal,Spray,1,9,1,18,5,1,9,1,19,5,1,5,1,1,1,5,5,1,4,74,61,68,-,-,-,-,-,-,-,63,79,68,72,59,60,No,84454,Bronze,59,0,50,Yes,N,0
SP,Laymon Yokely,R,R,15,16,30,53,2,46,39,15,29,51,2,44,37,Normal,Spray,Spray,70,77,72,75,79,72,79,73,75,82,73,60,1,1,1,59,24,37,53,53,59,65,89,-,-,-,-,19,-,-,56,16,6,5,28,No,84445,Bronze,43,26,55,Yes,N,0
RP,Angel Zerpa,L,L,14,14,29,15,1,24,35,14,29,15,1,24,35,Normal,Normal,Normal,77,75,82,75,76,74,72,82,72,73,25,60,3,3,4,33,56,50,33,33,30,14,90,-,60,-,-,-,22,-,-,14,7,15,19,No,81938,Bronze,33,26,33,Yes,N,0
SS,CJ Abrams,L,R,77,78,81,79,77,62,87,77,83,84,83,66,91,Normal,Spray,Spray,1,25,1,75,1,1,26,1,76,1,7,-,2,2,3,74,73,64,63,76,69,67,127,-,92,78,68,61,88,66,81,75,93,85,71,No,82023,Bronze,78,57,69,Yes,N,0
C,Joey Bart,R,R,88,88,75,60,72,87,63,89,74,61,70,83,62,Groundball,Normal,Normal,1,24,1,72,1,1,25,1,75,1,1,-,60,62,67,33,34,51,16,23,45,49,79,59,62,7,19,-,22,-,16,7,11,13,38,No,81903,Bronze,30,0,31,Yes,N,0
SP,Chris Bassitt,R,R,31,31,27,27,8,20,22,31,27,27,8,20,22,Normal,Normal,Normal,74,74,77,73,75,71,75,75,75,75,67,48,1,1,1,29,31,46,13,6,17,48,72,-,60,-,13,-,-,-,-,17,12,16,25,No,82656,Bronze,38,0,30,Yes,N,0
SP,Bo Belinsky,L,L,3,2,5,2,1,6,1,4,6,4,1,9,3,Normal,Normal,Normal,79,89,26,53,108,89,89,39,109,80,63,49,-,-,-,31,20,24,23,3,7,10,59,-,-,-,-,-,-,-,-,5,6,4,6,No,84262,Bronze,32,0,33,Yes,N,0
RP,Anthony Bender,R,R,22,22,23,18,9,31,25,22,23,18,9,31,25,Normal,Normal,Normal,72,79,67,79,79,87,90,73,84,94,14,58,3,3,1,19,22,46,9,12,16,30,51,-,39,-,-,-,-,-,-,16,11,8,30,No,82123,Bronze,31,26,42,Yes,N,0
SP,Hayden Birdsong,R,R,21,21,31,18,7,8,38,21,31,18,7,8,38,Normal,Spray,Spray,77,77,68,80,76,81,80,69,85,78,53,31,1,1,1,24,29,34,10,30,32,37,61,-,49,-,-,-,25,-,16,15,13,11,19,No,81710,Bronze,39,0,34,Yes,N,0
CF,Bill Bruton,L,R,63,78,78,96,74,67,80,58,79,74,76,83,107,Normal,Normal,Normal,1,5,1,1,7,1,5,1,1,7,1,16,-,-,-,2,4,6,1,78,52,50,-,-,-,-,-,-,-,63,-,69,74,61,88,No,83605,Bronze,41,0,44,Yes,N,0
RP,Clay Bryant,R,R,2,2,5,3,1,3,2,2,5,3,1,3,1,Normal,Pull,Pull,98,80,60,58,92,108,88,63,64,101,24,33,-,-,-,24,20,22,23,10,5,9,51,-,-,-,-,-,-,-,-,13,6,4,22,No,84265,Bronze,65,0,56,Yes,N,0
RP,Aaron Bummer,L,L,13,13,17,6,2,13,20,14,18,5,1,14,22,Normal,Pull,Pull,83,84,74,74,89,82,81,75,72,86,15,56,2,2,2,8,26,22,22,2,10,61,37,-,28,-,-,-,-,-,-,19,21,14,22,No,82153,Bronze,35,0,34,Yes,N,0
3B,Ken Caminiti,S,R,74,81,93,47,42,103,108,72,75,74,90,99,79,Normal,Normal,Normal,1,3,1,1,4,1,3,1,1,4,1,3,-,-,-,61,38,76,41,1,6,6,-,-,-,-,51,-,-,-,-,55,86,18,24,No,84834,Bronze,39,0,33,Yes,N,0
SP,General Crowder,L,R,16,9,28,51,4,48,37,19,29,49,4,53,34,Normal,Normal,Normal,79,64,84,54,69,64,82,73,109,69,77,69,-,-,-,27,73,41,23,5,10,1,93,-,-,-,-,-,-,-,-,5,6,5,5,No,82669,Bronze,95,0,71,Yes,N,0
C,Red Dooin,R,R,80,88,107,88,5,90,129,78,99,88,33,40,134,Normal,Normal,Normal,1,5,1,1,7,1,5,1,1,7,1,3,65,74,76,4,1,8,3,9,10,5,-,71,-,-,-,-,-,-,-,68,76,72,59,No,84803,Bronze,59,0,61,Yes,N,0
CL,Lucas Erceg,L,R,51,54,46,68,60,55,41,51,44,67,58,52,39,Normal,Pull,Pull,77,96,68,76,107,78,100,67,78,112,15,38,1,1,1,26,55,88,23,48,49,77,90,-,61,15,48,-,56,26,55,47,45,48,49,No,82384,Bronze,51,0,36,Yes,N,0
RP,Caleb Ferguson,R,L,37,37,30,26,5,20,20,37,30,26,6,20,20,Normal,Spray,Spray,76,83,76,82,84,78,83,77,79,86,14,33,2,2,3,17,12,38,10,76,16,35,36,-,29,-,-,-,69,49,53,15,13,19,13,No,81971,Bronze,33,0,31,Yes,N,0
SP,Jesse Flores,R,R,4,6,6,20,1,7,2,4,7,14,1,11,5,Normal,Normal,Normal,55,88,76,114,75,64,64,84,72,61,76,79,-,-,-,23,13,20,23,5,4,7,42,-,-,-,-,-,-,-,-,20,6,3,35,No,83139,Bronze,31,0,33,Yes,N,0
SP,Pud Galvin,R,R,65,66,47,83,7,38,25,65,45,83,7,37,24,Normal,Spray,Spray,70,57,99,39,67,73,60,101,42,70,89,80,-,-,-,29,29,29,29,51,55,61,68,-,-,-,-,-,57,-,-,80,85,96,70,No,83160,Bronze,57,0,57,Yes,N,0
LF,Blainey Hall,R,R,78,80,91,79,61,77,102,78,88,77,59,75,98,Normal,Spray,Pull,1,7,1,19,1,1,7,1,19,1,1,1,1,1,1,3,11,2,4,63,69,67,-,-,-,-,-,-,74,48,69,75,68,61,60,No,84460,Bronze,60,29,78,Yes,N,0
2B,David Hamilton,L,R,73,74,75,61,52,82,77,73,76,65,61,84,80,Normal,Spray,Spray,1,27,1,80,1,1,27,1,81,1,1,-,1,1,1,78,81,51,63,65,61,54,131,-,74,83,66,63,72,47,63,97,105,110,67,No,81927,Bronze,33,0,29,Yes,N,0
RP,Kyle Hart,L,L,16,16,16,18,3,15,15,17,17,19,4,16,16,Normal,Normal,Normal,74,81,80,86,79,69,76,78,84,73,38,61,1,1,1,26,39,55,27,3,3,3,78,-,63,-,-,-,-,-,-,17,13,14,25,No,81755,Bronze,32,0,32,Yes,N,0
CF,Jackie Hayes,S,R,76,76,71,128,74,26,67,77,73,132,79,31,70,Line Drive,Spray,Spray,1,3,1,1,4,1,3,1,1,4,1,19,51,61,45,52,50,66,39,65,54,57,-,45,-,-,46,31,-,47,64,61,35,27,54,No,84378,Bronze,33,0,33,Yes,N,0
2B,Jose Hernandez,R,R,107,88,73,77,115,78,58,116,74,94,48,84,27,Groundball,Normal,Normal,1,2,1,1,3,1,2,1,2,3,1,7,-,-,-,69,74,50,75,78,92,61,-,-,85,77,60,57,93,-,-,54,72,32,57,No,83612,Bronze,40,0,50,Yes,N,0
RP,Tim Herrin,L,L,28,28,30,13,9,38,33,28,30,13,9,38,33,Normal,Normal,Normal,90,98,67,91,102,84,90,65,83,94,15,56,1,1,3,14,21,60,18,6,19,32,49,-,36,-,-,-,-,-,-,12,8,7,22,No,82447,Bronze,33,0,33,Yes,N,0
SP,Adrian Houser,R,R,48,50,40,17,6,25,33,48,39,15,6,22,32,Normal,Normal,Normal,59,79,83,73,82,62,82,84,74,86,59,64,2,2,2,25,24,47,10,12,24,48,60,-,46,-,8,-,-,-,-,15,22,9,15,No,81729,Bronze,55,0,50,Yes,N,0
SP,Tommy John,R,L,16,20,20,32,3,44,20,15,16,38,6,32,17,Normal,Normal,Normal,53,79,80,101,69,35,87,94,78,92,87,115,-,-,-,25,30,26,25,4,4,3,63,-,-,-,-,-,-,-,-,7,6,5,10,No,83873,Bronze,42,0,44,Yes,N,0
1B,George Kelly,R,R,70,76,87,54,88,75,99,69,71,70,97,54,75,Normal,Pull,Pull,1,1,1,1,1,1,1,1,1,1,1,1,-,-,-,39,54,41,45,8,5,7,-,-,82,34,-,-,-,-,-,46,47,57,41,No,83598,Bronze,30,0,31,Yes,N,0
SP,Dean Kremer,R,R,28,30,26,19,12,20,23,28,24,17,10,18,22,Normal,Normal,Normal,73,77,88,90,71,65,71,84,86,64,55,58,3,3,5,21,43,45,22,26,3,3,75,-,56,3,15,-,-,-,-,13,8,14,18,No,82653,Bronze,30,0,31,Yes,N,0
1B,Joe Kuhel,L,L,70,88,84,73,28,125,80,64,87,104,43,94,121,Line Drive,Spray,Spray,1,2,1,2,2,1,1,1,1,2,1,2,-,-,-,35,31,49,83,6,1,2,-,-,55,-,-,-,-,-,-,73,67,45,82,No,83622,Bronze,51,35,42,Yes,N,0
RP,Joel Kuhnel,R,R,17,17,19,17,21,12,21,17,19,17,21,12,21,Normal,Spray,Spray,54,74,89,66,79,64,93,105,69,106,18,47,1,1,2,24,28,44,33,3,3,3,66,-,53,8,11,-,-,-,-,12,5,6,24,No,84906,Bronze,84,33,92,Yes,N,0
CF,Jim Landis,R,R,72,90,86,72,94,76,81,66,75,74,68,85,86,Normal,Normal,Normal,1,1,1,1,2,1,1,1,1,2,1,12,-,-,-,9,5,5,6,74,66,68,-,-,-,-,-,-,-,63,79,77,77,72,88,No,83608,Bronze,92,45,89,Yes,N,0
SP,Davis Martin,L,R,23,23,19,13,1,11,16,23,19,13,1,11,16,Normal,Normal,Normal,63,75,80,79,74,67,79,83,80,79,64,47,1,1,1,33,15,49,8,9,22,26,61,-,46,-,-,-,-,-,-,13,10,4,24,No,82465,Bronze,103,80,97,Yes,N,0
SP,Davis Martin,L,R,23,23,19,13,1,11,16,23,19,13,1,11,16,Normal,Normal,Normal,63,75,80,79,74,67,79,83,80,79,64,47,1,1,1,33,15,49,8,9,22,26,61,-,46,-,-,-,-,-,-,13,10,4,24,No,82465,Bronze,103,80,97,No,N,0
SP,Davis Martin,L,R,23,23,19,13,1,11,16,23,19,13,1,11,16,Normal,Normal,Normal,63,75,80,79,74,67,79,83,80,79,64,47,1,1,1,33,15,49,8,9,22,26,61,-,46,-,-,-,-,-,-,13,10,4,24,No,82465,Bronze,103,80,97,No,N,0
RP,Yuki Matsui,L,L,21,21,19,17,4,26,17,21,19,17,4,26,17,Normal,Normal,Normal,92,82,69,88,79,88,80,67,88,77,14,64,-,-,1,11,28,61,6,11,12,43,51,-,22,-,-,-,-,-,-,18,24,27,3,No,81756,Bronze,38,0,38,Yes,N,0
1B,Ed Mayweather,L,L,71,70,76,71,64,91,84,72,79,72,66,94,89,Normal,Pull,Normal,1,7,1,18,2,1,7,1,19,2,1,22,1,1,1,47,37,40,36,11,2,3,-,-,58,-,-,-,-,-,-,45,12,12,33,No,84459,Bronze,71,30,81,Yes,N,0
1B,Dan McGann,S,R,44,61,77,41,61,127,98,39,76,49,82,82,118,Normal,Normal,Normal,1,2,1,1,3,1,2,1,1,3,1,17,-,-,-,29,40,36,44,2,7,5,-,-,52,20,-,-,-,-,-,68,72,75,53,No,83601,Bronze,50,0,50,Yes,N,0
SP,Henry McHenry,R,R,48,49,42,67,75,64,38,48,41,67,73,63,37,Normal,Pull,Normal,61,79,80,79,80,61,77,80,74,79,68,60,1,1,1,29,24,26,25,53,59,65,62,-,43,-,-,-,60,-,56,8,6,4,28,No,84428,Bronze,41,26,45,Yes,N,0
RP,Nick Mears,R,R,22,25,23,17,3,16,22,22,21,19,2,18,21,Normal,Normal,Normal,72,87,69,88,87,78,93,72,87,96,16,46,2,2,1,22,32,51,12,14,14,19,66,-,46,-,13,-,-,-,-,14,7,8,28,No,82383,Bronze,30,0,28,Yes,N,0
RP,Keynan Middleton,R,R,49,49,35,22,11,29,19,49,35,22,11,29,19,Normal,Normal,Normal,83,77,74,77,77,83,80,73,86,78,14,30,1,1,2,32,32,64,12,13,16,29,78,-,60,3,25,-,-,-,-,13,10,7,23,No,81786,Bronze,34,26,29,Yes,N,0
CF,Clyde Milan,L,R,74,77,97,32,73,78,126,73,93,50,52,73,121,Normal,Pull,Pull,1,1,1,1,2,1,1,1,1,2,1,21,-,-,-,2,6,5,7,73,50,80,-,-,-,-,-,-,84,62,-,83,88,88,85,No,83653,Bronze,57,26,40,Yes,N,0
2B,Mickey Morandini,L,R,75,60,78,36,33,118,101,81,88,50,51,84,95,Normal,Spray,Spray,1,1,1,1,1,1,1,1,2,1,1,5,-,-,-,65,108,40,49,6,9,1,-,-,-,75,-,-,-,-,-,58,82,35,48,No,83588,Bronze,29,0,28,No,N,0
RF,Wally Moses,L,L,77,67,79,64,57,74,96,81,97,77,77,64,117,Normal,Normal,Normal,1,3,1,1,5,1,4,1,2,5,1,22,-,-,-,5,7,7,5,51,51,66,-,-,-,-,-,-,-,28,53,44,54,44,40,No,84353,Bronze,32,0,30,Yes,N,0
2B,Buddy Myer,L,R,72,90,95,52,15,114,97,66,77,67,30,129,90,Normal,Spray,Spray,1,2,1,1,3,1,2,1,1,3,1,21,-,-,-,67,50,42,77,7,9,2,-,-,-,68,44,44,-,-,-,58,44,32,38,No,83953,Bronze,73,35,95,Yes,N,0
SP,Doc Newton,L,L,5,3,6,7,1,18,4,6,9,14,2,24,8,Normal,Normal,Normal,86,57,78,37,68,85,69,77,73,67,80,59,-,-,-,34,13,22,19,10,6,2,55,-,-,-,-,-,-,-,-,18,8,10,28,No,82816,Bronze,52,0,45,Yes,N,0
SP,Joe Niekro,R,R,18,21,21,53,2,45,22,18,21,34,5,35,24,Normal,Spray,Spray,45,89,62,97,86,62,79,85,89,75,78,33,-,-,-,27,37,30,27,6,1,6,74,-,-,-,-,-,-,-,-,9,6,3,14,No,83134,Bronze,37,26,34,Yes,N,0
SP,Andre Pallante,R,R,30,30,23,31,6,29,17,30,23,31,6,29,17,Normal,Normal,Normal,54,81,69,81,82,65,91,75,84,95,59,51,1,1,2,24,25,65,22,8,17,21,66,-,40,1,20,-,-,-,-,16,10,14,24,No,81888,Bronze,29,0,36,Yes,N,0
2B,Dustin Pedroia,R,R,73,84,112,115,52,94,156,70,94,115,61,62,137,Line Drive,Pull,Pull,1,1,1,1,2,1,1,1,1,2,1,9,-,-,-,85,113,41,118,3,6,8,-,-,-,119,-,-,-,-,-,76,89,72,84,No,85528,Bronze,3 215,1 251,3 332,Yes,N,0
RP,Yohan Ramirez,R,R,10,10,19,12,7,4,28,11,19,12,8,3,26,Normal,Normal,Normal,87,81,68,81,82,93,86,69,86,87,20,60,4,4,2,33,50,48,22,1,1,1,86,-,72,16,25,-,-,-,-,19,16,13,29,No,81910,Bronze,34,0,32,Yes,N,0
3B,Luis Rengifo,S,R,83,99,108,48,72,65,107,77,91,60,54,65,107,Normal,Pull,Pull,1,1,1,1,2,1,1,1,1,2,1,8,-,-,-,53,45,67,34,48,21,65,-,-,-,40,44,29,-,-,45,66,86,91,69,No,83570,Bronze,34,0,33,Yes,N,0
RF,Braggo Roth,R,R,91,72,69,83,36,79,67,97,90,131,58,81,81,Line Drive,Normal,Normal,1,3,1,1,4,1,3,1,2,4,1,13,-,-,-,2,2,9,5,67,58,81,-,-,-,-,-,-,79,55,78,72,93,91,68,No,83677,Bronze,39,0,40,Yes,N,0
SP,Max Scherzer,R,R,65,65,40,18,2,16,4,65,40,20,2,18,4,Normal,Pull,Pull,73,63,84,89,51,82,66,89,90,55,53,68,-,-,-,21,33,44,5,9,8,3,63,-,47,-,7,-,-,-,-,11,6,15,13,No,82514,Bronze,34,0,47,Yes,N,0
2B,Dick Seay,R,R,30,31,63,54,66,83,89,30,62,53,65,82,88,Normal,Normal,Spray,1,9,1,19,5,1,9,1,19,5,1,22,53,53,53,95,75,52,91,55,62,68,-,45,-,106,75,81,64,-,60,58,67,47,56,No,84444,Bronze,32,0,43,Yes,N,0
C,Andy Seminick,R,R,76,79,74,72,104,76,70,75,70,70,91,75,66,Normal,Normal,Normal,1,3,1,1,5,1,3,1,1,5,1,13,56,81,46,5,6,9,1,4,2,5,-,58,-,-,-,-,-,-,-,59,47,65,51,No,83672,Bronze,46,0,44,Yes,N,0
3B,Matt Shaw,R,R,70,70,74,83,76,84,79,70,74,83,76,84,79,Normal,Pull,Pull,1,26,4,76,1,1,27,5,79,1,5,9,1,1,1,65,68,65,59,62,50,51,119,-,70,67,62,53,66,41,57,72,79,71,80,No,81983,Bronze,35,0,37,Yes,N,0
RP,Dylan Smith,R,R,15,16,16,14,1,12,16,15,15,13,1,11,14,Normal,Normal,Normal,82,79,73,78,80,85,82,74,79,84,21,49,1,1,2,27,25,46,17,12,17,21,64,-,46,-,9,-,-,-,-,14,10,3,30,No,82412,Bronze,34,0,36,Yes,N,0
RP,Jose Suarez,L,L,16,16,21,21,8,24,27,16,21,21,7,23,26,Normal,Normal,Normal,80,79,75,70,84,76,76,74,68,80,37,61,1,1,1,28,53,53,33,16,33,49,86,-,49,-,-,-,12,-,-,17,22,10,18,No,82150,Bronze,45,0,50,Yes,N,0
CF,Lane Thomas,R,R,74,77,77,70,76,87,78,74,72,68,76,85,72,Normal,Pull,Pull,1,26,1,77,1,1,25,1,73,1,1,-,1,1,1,45,51,51,40,70,69,80,96,-,71,37,35,22,84,60,81,67,76,72,68,No,82369,Bronze,39,0,55,Yes,N,0
SS,Jacob Wilson,R,R,86,88,106,83,65,50,125,86,102,80,63,48,120,Normal,Pull,Pull,1,27,6,79,1,1,26,6,78,1,5,9,1,1,1,75,85,67,65,55,51,59,134,-,95,84,76,68,60,33,54,16,67,16,75,No,82270,Bronze,54,0,60,Yes,N,0
C,Ivey Wingo,L,R,66,87,94,44,84,42,99,57,92,90,58,61,167,Normal,Pull,Pull,1,1,1,1,1,1,1,1,1,1,1,4,42,61,75,5,6,3,7,6,2,10,-,54,-,-,-,-,-,-,-,49,61,54,43,No,83711,Bronze,52,0,58,Yes,N,0
2B,Ozzie Albies,S,R,69,74,87,71,81,67,103,68,81,72,81,72,98,Normal,Ex. Pull,Pull,1,29,5,87,1,1,23,5,69,1,10,-,1,1,2,58,74,53,61,64,62,53,116,-,60,63,55,46,70,45,62,37,73,42,80,No,82140,Bronze,31,0,29,Yes,N,0
C,Miguel Amaya,R,R,76,76,78,68,75,70,82,77,78,67,73,68,80,Normal,Pull,Pull,1,27,1,81,1,1,28,1,84,1,1,-,68,63,65,24,35,51,21,31,36,46,73,63,44,3,16,-,28,-,21,19,58,11,35,No,81986,Bronze,32,0,26,Yes,N,0
RP,Tanner Banks,R,L,29,29,24,22,4,30,21,29,24,22,4,30,21,Normal,Normal,Normal,82,82,92,82,82,72,73,88,76,72,20,81,1,1,1,13,33,37,14,11,24,25,53,-,34,-,-,-,-,-,-,16,6,19,23,No,82060,Bronze,35,0,32,Yes,N,0
C,Lou Berberet,L,R,62,44,60,71,47,124,72,66,69,60,68,99,74,Normal,Normal,Normal,1,2,1,1,3,1,2,1,2,3,1,6,75,92,66,6,1,1,10,10,1,9,-,81,-,-,-,-,-,-,-,9,6,5,13,No,83582,Bronze,37,0,37,Yes,N,0
RF,Cavan Biggio,L,R,84,94,74,61,51,95,53,81,75,71,69,95,70,Normal,Spray,Spray,1,33,1,98,1,1,24,1,71,1,-,-,-,-,-,64,69,61,52,66,66,57,117,-,88,63,58,49,74,49,66,32,63,24,82,No,82164,Bronze,32,0,28,Yes,N,0
SP,Mike Burrows,R,R,19,19,18,17,2,13,16,19,18,17,2,13,16,Normal,Normal,Normal,83,66,77,75,62,83,65,78,73,61,64,46,4,4,1,11,44,51,3,39,16,16,64,-,38,-,-,-,26,-,1,17,11,18,21,No,82181,Bronze,34,0,37,Yes,N,0
2B,Kristian Campbell,R,R,84,86,76,84,67,93,67,84,74,82,65,90,65,Normal,Normal,Normal,1,25,4,75,1,1,26,4,77,1,2,19,3,3,2,60,60,57,53,61,57,54,110,-,91,58,51,42,67,41,59,52,69,34,65,No,82600,Bronze,30,0,29,Yes,N,0
2B,Tom Carey,R,R,80,81,93,136,78,40,108,80,92,132,76,39,105,Line Drive,Normal,Normal,1,1,1,1,2,1,1,1,1,2,1,6,-,-,-,54,59,35,53,10,1,5,-,-,-,51,-,30,-,-,-,35,44,42,38,No,82890,Bronze,41,0,29,Yes,N,0
RP,Clay Carroll,R,R,1,1,4,3,1,4,1,1,5,3,1,2,2,Normal,Normal,Normal,43,107,88,65,129,58,101,76,83,110,24,106,-,-,-,35,41,38,38,7,6,8,83,-,-,-,-,-,-,-,-,6,6,5,7,No,83157,Bronze,27,0,26,No,N,0
CF,Denzel Clarke,R,R,95,96,74,86,56,76,52,95,73,86,56,72,49,Normal,Pull,Pull,1,25,1,75,1,1,25,1,74,1,1,-,1,1,1,39,32,58,31,97,94,66,82,-,70,22,27,5,116,99,107,86,82,69,63,No,82268,Bronze,29,0,30,Yes,N,0
SP,Jack Coombs,S,R,76,88,78,56,65,37,70,72,77,60,70,49,84,Normal,Normal,Normal,89,66,61,48,75,88,58,62,30,73,79,58,-,-,-,25,40,31,29,6,5,10,74,-,-,-,-,-,-,-,-,61,80,82,67,No,82668,Bronze,43,0,42,Yes,N,0
CF,Justin Crawford,L,R,88,87,84,79,46,76,81,89,86,84,55,82,83,Groundball,Normal,Spray,1,26,1,76,1,1,27,1,79,1,1,1,1,1,1,22,26,15,19,82,87,75,52,-,40,-,-,-,100,78,94,85,86,83,85,No,85008,Bronze,40,26,42,Yes,N,0
RF,Mike Dorgan,R,R,80,81,94,69,66,69,109,80,92,69,65,67,105,Normal,Normal,Normal,1,1,1,1,2,1,1,1,1,2,1,11,-,-,-,32,29,31,32,55,68,56,-,-,39,-,-,-,62,-,55,58,76,84,50,No,82889,Bronze,40,0,44,Yes,N,0
1B,Eddie Douglass,L,L,68,68,77,71,81,65,90,69,80,73,85,66,95,Normal,Normal,Normal,14,26,30,36,22,14,23,30,33,18,48,24,1,1,1,43,43,41,36,2,3,9,-,-,59,-,-,-,-,-,-,60,67,47,56,No,84451,Bronze,94,32,143,Yes,N,0
RP,Shane Drohan,L,L,29,29,26,23,5,20,24,29,26,23,5,20,24,Normal,Normal,Normal,71,74,70,76,73,76,79,75,78,80,44,61,2,2,2,19,27,62,21,6,24,32,61,-,42,-,-,-,-,-,-,14,17,10,16,No,85247,Bronze,56,35,52,Yes,N,0
RP,Brandon Eisert,L,L,26,26,17,12,4,11,9,26,17,12,4,11,9,Normal,Normal,Normal,90,78,82,71,82,81,75,78,72,77,20,61,1,1,2,19,13,44,15,8,23,31,42,-,30,-,-,-,-,-,-,4,2,7,2,No,82463,Bronze,31,0,38,Yes,N,0
2B,Tony Fernandez,S,R,74,110,135,73,88,51,152,62,80,74,51,48,106,Normal,Normal,Normal,1,3,1,2,4,1,3,1,1,4,1,22,-,-,-,102,91,66,61,1,3,7,-,-,-,108,89,89,-,-,-,76,54,56,83,No,83528,Bronze,34,0,31,Yes,N,0
SP,Wes Ferrell,R,R,28,16,19,70,47,49,21,31,28,49,68,51,24,Normal,Normal,Normal,43,75,89,48,89,65,85,77,103,77,81,98,-,-,-,28,45,32,24,4,10,5,79,-,-,-,-,-,-,-,-,14,11,4,21,No,83142,Bronze,68,0,119,Yes,N,0
SP,Ray Fisher,R,R,7,6,15,66,21,36,22,8,13,44,36,25,16,Normal,Spray,Spray,83,63,73,54,68,84,68,74,71,67,68,49,-,-,-,35,25,27,20,8,8,4,70,-,-,-,-,-,-,-,-,62,75,68,53,No,83144,Bronze,73,0,75,Yes,N,0
SP,Richard Fitts,R,R,18,18,17,12,1,16,15,18,17,12,1,16,15,Normal,Normal,Normal,62,72,87,77,70,64,78,88,88,74,58,41,1,1,1,32,17,46,18,5,25,29,62,-,49,-,2,-,-,-,-,11,2,11,21,No,81881,Bronze,33,0,30,Yes,N,0
RP,Mason Fluharty,R,L,17,18,19,18,1,18,19,17,18,18,1,18,18,Normal,Normal,Normal,97,77,73,85,74,91,73,71,79,70,17,69,1,1,1,18,21,54,16,14,24,21,51,-,34,-,-,-,-,-,-,25,19,20,35,No,82493,Bronze,33,26,31,Yes,N,0
1B,Dick Gernert,R,R,48,64,71,70,92,105,80,42,61,49,90,124,76,Normal,Normal,Normal,1,3,1,1,4,1,3,1,1,4,1,17,-,-,-,27,21,26,31,5,3,9,-,-,46,-,-,-,-,-,-,22,30,35,22,No,83647,Bronze,30,0,26,Yes,N,0
2B,Nick Gonzales,R,R,104,107,99,96,53,63,87,103,97,96,51,62,87,Line Drive,Spray,Spray,1,26,11,78,1,1,25,12,75,1,17,-,1,1,1,65,70,54,63,53,60,48,119,-,71,69,57,51,57,28,48,67,52,17,58,No,81896,Bronze,34,0,32,Yes,N,0
RP,DL Hall,L,L,26,26,19,18,12,12,13,26,20,20,13,13,14,Normal,Normal,Normal,87,80,62,80,81,85,80,61,80,80,28,67,1,1,2,27,44,65,27,10,24,26,83,-,59,-,-,-,-,-,-,17,13,14,24,No,81939,Bronze,37,26,53,Yes,N,0
C,Pinky Hargrave,S,R,45,50,75,89,74,61,101,44,67,65,106,82,86,Normal,Pull,Pull,1,3,1,1,5,1,3,1,1,5,1,17,48,74,55,10,5,7,6,9,4,5,-,54,-,-,-,-,-,-,-,61,74,32,57,No,83652,Bronze,91,66,89,Yes,N,0
SP,Pink Hawley,L,R,41,40,31,90,4,59,19,42,33,94,5,57,22,Line Drive,Normal,Normal,88,66,65,60,69,92,73,66,72,74,86,57,-,-,-,27,26,24,21,1,10,9,60,-,-,-,-,-,-,-,-,59,70,65,50,No,83127,Bronze,45,0,50,Yes,N,0
RP,Liam Hendriks,R,R,34,36,31,21,5,21,25,34,30,21,5,21,25,Normal,Normal,Normal,94,73,74,73,74,92,74,73,73,75,14,35,-,-,-,16,46,45,6,-,-,-,70,-,42,-,1,-,-,-,-,21,22,15,25,No,82348,Bronze,36,0,34,Yes,N,0
3B,Pinky Higgins,R,R,78,90,71,58,116,81,50,74,68,84,105,68,63,Flyball,Normal,Normal,1,1,1,1,2,1,1,1,1,2,1,12,-,-,-,51,58,65,34,6,7,4,-,-,-,-,48,-,-,-,-,44,46,34,44,No,83623,Bronze,34,0,33,Yes,N,0
CF,Derek Hill,R,R,90,90,78,61,71,68,67,90,76,59,69,66,65,Groundball,Normal,Normal,1,25,1,74,1,1,25,1,75,1,1,-,1,1,4,24,26,54,8,92,82,71,62,-,40,-,12,-,109,91,102,69,83,64,78,No,82475,Bronze,30,0,32,Yes,N,0
RP,Bryan Hudson,L,L,16,16,16,34,9,18,16,16,16,34,9,18,16,Normal,Normal,Normal,93,89,78,81,94,88,80,63,76,82,20,57,3,3,1,15,22,54,17,9,18,21,49,-,42,-,-,-,-,-,-,13,15,8,17,No,84964,Bronze,51,27,64,Yes,N,0
3B,Charlie Irwin,L,R,56,40,71,38,53,69,99,61,77,60,74,95,96,Normal,Spray,Spray,1,1,1,1,1,1,1,1,2,1,1,24,-,-,-,64,67,76,79,6,10,8,-,-,-,-,71,60,-,-,-,43,77,78,60,No,82892,Bronze,59,26,75,Yes,N,0
SP,Connie Johnson,R,R,12,20,16,23,2,31,12,10,18,32,2,29,25,Normal,Normal,Normal,91,84,53,95,79,90,68,64,46,80,71,60,1,1,1,29,53,36,25,5,7,5,84,-,-,-,-,-,-,-,-,18,11,4,29,No,84420,Bronze,47,26,72,Yes,N,0
RP,Will Klein,R,R,19,19,21,29,7,28,24,19,21,29,7,28,24,Normal,Normal,Normal,91,81,55,72,86,100,93,59,75,103,19,44,2,2,1,19,20,57,24,10,18,29,54,-,42,-,9,-,-,-,-,10,6,12,12,No,84986,Bronze,134,75,188,Yes,N,0
RP,Will Klein,R,R,19,19,21,29,7,28,24,19,21,29,7,28,24,Normal,Normal,Normal,91,81,55,72,86,100,93,59,75,103,19,44,2,2,1,19,20,57,24,10,18,29,54,-,42,-,9,-,-,-,-,10,6,12,12,No,84986,Bronze,134,75,188,No,N,0
1B,Eddie Mathews,L,R,61,94,69,64,86,94,38,38,64,62,94,106,84,Normal,Normal,Normal,1,2,1,2,3,1,2,1,1,3,1,22,-,-,-,52,44,62,31,10,3,7,-,-,75,-,41,-,-,-,-,35,25,32,29,No,83607,Bronze,73,0,40,Yes,N,0
1B,Coby Mayo,R,R,68,68,64,89,88,84,61,69,63,88,89,82,57,Normal,Pull,Pull,1,25,1,73,1,1,26,1,76,1,1,-,1,1,1,43,39,93,38,44,52,90,93,-,87,33,53,29,55,24,58,31,67,24,47,No,82637,Bronze,32,0,28,Yes,N,0
SP,Jumbo McGinnis,R,R,47,48,76,144,3,43,109,47,75,141,3,43,105,Line Drive,Spray,Spray,48,71,107,69,73,50,73,109,71,75,91,60,-,-,-,27,21,25,26,1,5,8,57,-,-,-,-,-,-,-,-,60,86,69,71,No,83170,Bronze,82,28,84,Yes,N,0
SP,Lee Meadows,L,R,12,7,12,30,4,26,14,14,21,24,4,37,28,Normal,Spray,Spray,44,62,99,58,64,61,87,90,107,77,88,109,-,-,-,26,16,22,25,9,10,6,50,-,-,-,-,-,-,-,-,10,6,5,15,No,83141,Bronze,62,0,62,Yes,N,0
LF,Pablo Mesa,L,L,62,62,75,70,63,82,91,63,77,71,65,86,96,Normal,Normal,Normal,47,51,61,61,47,48,53,61,65,48,22,8,1,1,1,74,65,71,70,64,72,67,-,-,-,-,-,-,75,49,70,61,70,48,57,No,84438,Bronze,70,0,67,Yes,N,0
SP,Bobby Miller,L,R,16,16,19,21,11,20,22,16,19,21,11,19,22,Normal,Pull,Pull,77,75,72,77,74,73,75,70,81,72,53,40,-,-,-,40,53,58,25,38,45,50,93,-,86,26,36,15,38,-,31,19,17,31,50,No,81771,Bronze,31,0,33,Yes,N,0
RP,Erik Miller,L,L,26,26,30,22,14,16,34,26,30,22,14,16,34,Normal,Spray,Spray,95,97,58,78,107,90,90,56,74,98,21,61,2,2,1,31,16,74,7,7,20,33,66,-,53,-,-,-,-,-,-,18,26,18,10,No,81709,Bronze,32,0,32,Yes,N,0
RP,Kyle Nicolas,R,R,23,23,21,38,14,20,19,23,21,38,14,20,19,Normal,Normal,Normal,81,78,61,76,79,81,79,61,78,80,27,41,2,2,3,28,16,49,19,7,21,24,58,-,47,-,-,-,-,-,-,15,11,11,22,No,81912,Bronze,30,0,30,Yes,N,0
SS,Joey Ortiz,R,R,73,73,82,79,58,74,93,74,81,77,52,71,91,Normal,Pull,Normal,1,25,1,73,1,1,26,1,76,1,1,-,1,1,1,98,85,65,85,58,66,50,148,-,84,110,87,89,65,37,55,62,80,52,48,No,81928,Bronze,34,26,33,Yes,N,0
CF,James Outman,L,R,75,78,64,76,76,76,45,75,67,77,83,81,61,Normal,Ex. Pull,Pull,1,25,1,75,1,1,25,1,74,1,1,-,3,3,4,25,25,20,14,83,77,74,55,-,46,-,-,-,98,78,93,59,84,53,62,No,82333,Bronze,31,0,33,Yes,N,0
1B,Vinnie Pasquantino,L,L,55,58,74,87,88,78,92,55,74,88,90,79,94,Normal,Ex. Pull,Pull,1,30,1,88,1,1,27,1,80,1,1,-,1,1,1,27,30,51,45,35,43,49,74,-,56,-,-,-,35,-,28,15,16,4,45,No,82376,Bronze,35,0,30,Yes,N,0
RP,Joel Payamps,R,R,29,29,32,22,7,30,38,29,32,22,7,30,38,Normal,Spray,Spray,73,76,87,78,75,74,78,87,84,76,14,51,-,-,-,28,39,33,20,-,-,-,76,-,55,6,5,-,-,-,-,15,12,17,17,No,82151,Bronze,31,0,26,Yes,N,0
CF,Albie Pearson,L,L,61,46,71,57,21,77,95,64,96,77,36,92,165,Normal,Normal,Normal,1,1,1,1,2,1,2,1,2,2,1,15,-,-,-,3,4,4,8,71,48,51,-,-,-,-,-,-,75,53,66,55,56,51,57,No,84360,Bronze,115,0,89,Yes,N,0
C,Carlos Perez,R,R,56,53,72,62,98,76,91,58,71,72,92,72,85,Normal,Normal,Normal,10,36,41,64,23,11,43,41,85,23,19,17,60,59,70,17,44,44,11,23,32,45,71,59,42,-,5,-,18,-,12,40,6,5,40,No,82172,Bronze,32,0,27,Yes,N,0
RP,Drew Pomeranz,R,L,31,31,30,12,6,18,32,31,30,12,6,18,32,Normal,Normal,Normal,91,79,89,83,77,78,71,83,78,68,16,57,-,-,-,13,8,31,33,20,25,30,29,-,25,-,-,-,11,-,1,16,17,11,20,No,82316,Bronze,36,26,37,Yes,N,0
SP,Cade Povich,L,L,20,20,18,20,25,15,16,20,18,20,25,15,16,Normal,Pull,Spray,77,71,74,69,73,78,71,75,68,73,54,59,1,1,1,38,27,34,23,29,34,35,76,-,62,-,-,-,23,-,14,23,23,15,29,No,82630,Bronze,34,0,31,Yes,N,0
LF,Marv Rackley,L,L,124,107,87,40,2,39,69,130,132,104,5,58,114,Groundball,Normal,Normal,1,1,1,1,2,1,1,1,1,2,1,25,-,-,-,9,7,4,2,69,58,55,-,-,-,-,-,-,75,52,67,72,89,67,75,No,84887,Bronze,60,30,60,Yes,N,0
LF,Gene Richards,L,L,92,85,89,75,1,75,92,95,100,88,36,78,101,Normal,Spray,Spray,1,2,1,1,3,1,2,1,1,3,1,18,-,-,-,9,6,10,3,82,64,116,-,-,-,-,-,-,104,-,110,106,113,109,109,No,85533,Bronze,3 262,1 111,3 300,Yes,N,0
SP,Hank Robinson,R,L,2,4,6,8,1,8,4,2,5,6,1,5,3,Normal,Normal,Normal,42,98,97,142,77,38,69,95,63,72,62,71,-,-,-,28,76,46,35,10,5,1,97,-,-,-,-,-,-,-,-,31,30,56,19,No,82813,Bronze,69,35,70,Yes,N,0
RP,Winston Santos,R,R,30,31,27,21,8,24,23,30,25,19,9,26,22,Normal,Normal,Normal,94,79,58,95,71,100,84,66,102,76,36,54,1,1,1,30,34,48,19,7,21,22,76,-,49,6,16,-,-,-,-,21,7,20,37,No,85031,Bronze,965,275,984,Yes,N,0
RP,Josh Sborz,R,R,32,34,29,20,25,15,18,32,26,18,24,13,17,Normal,Spray,Spray,83,78,71,78,79,88,81,72,77,83,14,53,3,3,5,29,29,23,15,18,6,7,65,-,53,-,-,-,-,-,-,16,8,17,22,No,82212,Bronze,31,0,37,Yes,N,0
SP,Luis Severino,R,R,49,49,36,33,10,41,24,49,36,33,10,41,24,Normal,Normal,Normal,66,76,76,78,75,70,80,77,82,79,70,57,1,1,1,30,57,50,28,20,30,40,88,-,64,20,28,-,14,-,7,21,15,14,33,No,82287,Bronze,35,0,39,Yes,N,0
RP,Evan Sisk,L,L,22,22,31,17,9,18,38,22,31,17,9,18,38,Normal,Normal,Normal,93,94,71,73,105,81,85,68,70,93,16,54,3,3,2,22,24,40,6,15,21,31,55,-,40,-,-,-,2,-,-,11,12,15,6,No,85245,Bronze,78,28,80,Yes,N,0
RF,Giancarlo Stanton,R,R,67,67,65,65,108,81,65,68,63,60,104,79,60,Normal,Pull,Pull,1,25,1,73,1,1,26,1,76,1,3,-,-,-,-,7,9,28,5,37,44,72,18,-,16,-,-,-,42,-,41,2,6,3,34,No,82575,Bronze,30,28,30,Yes,N,0
LF,Spencer Steer,R,R,64,67,73,86,86,83,81,64,71,84,85,80,79,Normal,Normal,Normal,1,26,1,77,1,1,24,1,71,1,1,-,1,1,1,51,71,61,50,56,55,63,111,-,71,53,54,40,63,36,58,37,76,41,51,No,81959,Bronze,38,0,42,Yes,N,0
2B,Bryson Stott,L,R,83,83,86,69,56,78,90,83,89,70,58,78,94,Groundball,Pull,Pull,1,24,1,71,1,1,26,1,78,1,1,-,1,1,2,70,75,71,58,53,56,65,126,-,86,74,71,60,60,32,56,62,84,70,64,No,82047,Bronze,45,0,47,Yes,N,0
3B,Gio Urshela,R,R,91,93,96,78,63,63,95,91,93,72,57,61,93,Groundball,Normal,Normal,1,26,1,78,1,1,25,1,75,1,4,-,1,1,1,67,67,79,46,47,48,69,120,-,80,65,69,55,53,23,50,25,6,4,25,No,82334,Bronze,33,0,31,Yes,N,0
SP,Justin Verlander,R,R,32,34,27,18,4,22,13,32,24,16,3,20,12,Normal,Normal,Normal,67,79,86,87,76,61,75,82,82,72,69,61,-,-,-,22,36,48,18,-,-,-,71,-,56,-,14,-,-,-,-,11,5,11,18,No,82421,Bronze,34,0,31,Yes,N,0
RP,Tom Vickery,R,R,61,61,74,144,59,43,89,61,73,144,58,42,87,Line Drive,Normal,Normal,79,71,67,80,67,82,74,68,86,69,9,80,-,-,-,27,14,24,32,6,4,5,50,-,-,-,-,-,-,-,-,61,88,93,60,No,82662,Bronze,38,0,55,Yes,N,0
RF,Lee Walls,R,R,73,62,72,68,71,83,85,77,77,70,73,71,78,Normal,Spray,Spray,1,3,1,1,5,1,4,1,2,5,1,16,-,-,-,54,45,68,28,76,66,87,-,-,86,-,45,-,91,69,90,54,63,25,47,No,84131,Bronze,93,45,94,Yes,N,0
SS,Carson Williams,R,R,76,76,65,72,84,87,52,77,65,76,82,81,51,Normal,Pull,Pull,40,58,44,78,48,43,66,49,90,54,20,38,1,1,1,79,91,86,71,66,54,82,142,-,98,92,92,80,77,53,76,86,75,73,73,No,82522,Bronze,36,0,34,Yes,N,0
LF,Masataka Yoshida,L,R,85,84,92,75,59,69,99,86,94,78,61,70,101,Groundball,Normal,Normal,1,24,1,70,1,1,26,1,76,1,1,-,-,-,-,37,39,27,37,53,55,47,81,-,45,23,4,-,56,28,46,21,85,17,49,No,82609,Bronze,31,0,31,Yes,N,0
RF,Jo Adell,R,R,68,67,72,61,98,61,78,69,70,57,96,60,72,Normal,Pull,Pull,1,40,18,76,23,1,43,19,82,24,45,38,1,1,1,33,33,71,27,69,71,57,81,-,63,16,32,-,79,55,71,32,65,44,72,No,82306,Bronze,33,0,30,Yes,N,0
RP,Tyler Alexander,R,L,29,29,23,27,2,36,19,29,23,27,2,36,19,Normal,Normal,Normal,70,77,103,81,75,65,70,99,74,68,34,58,3,3,1,23,13,54,22,38,40,55,50,-,35,-,-,-,38,-,33,16,13,12,22,No,82216,Bronze,31,0,30,Yes,N,0
SP,Red Ames,S,R,8,5,15,47,6,56,24,10,12,48,4,39,12,Normal,Normal,Normal,97,61,64,49,68,93,74,63,92,66,85,75,-,-,-,35,17,25,23,7,4,3,62,-,-,-,-,-,-,-,-,65,75,73,57,No,83128,Bronze,75,0,56,Yes,N,0
LF,Garret Anderson,L,L,92,104,104,67,8,8,96,89,109,82,42,41,131,Normal,Pull,Pull,1,2,1,1,3,1,2,1,1,3,1,22,-,-,-,3,8,5,4,109,89,102,-,-,-,-,-,-,135,122,135,59,78,56,67,No,85060,Bronze,35,0,37,No,N,0
SP,Larry Benton,R,R,21,20,21,36,2,46,22,22,22,34,5,39,22,Normal,Pull,Pull,33,67,116,68,67,42,77,134,83,74,67,83,-,-,-,35,25,30,29,3,10,8,72,-,-,-,-,-,-,-,-,5,6,3,5,No,83113,Bronze,49,26,51,Yes,N,0
LF,Seth Brown,L,L,64,63,63,50,93,66,65,65,69,66,106,69,74,Flyball,Pull,Pull,1,23,1,69,1,1,25,1,75,1,1,-,18,18,29,26,32,43,19,58,58,57,70,-,46,-,-,-,64,38,57,32,72,23,60,No,82564,Bronze,34,0,34,Yes,N,0
SS,Jose Caballero,R,R,73,75,72,68,65,82,71,73,71,66,66,76,71,Normal,Spray,Spray,1,25,1,73,1,1,25,1,74,1,1,-,3,3,1,73,77,74,75,56,53,28,130,-,68,83,77,68,55,29,40,90,101,115,49,No,82558,Bronze,33,0,30,Yes,N,0
LF,Mark Canha,R,R,79,76,82,61,75,89,90,80,83,66,61,85,87,Normal,Ex. Pull,Pull,1,24,1,71,1,1,27,1,79,1,4,-,-,-,-,23,33,45,28,55,64,55,69,-,47,6,12,-,62,34,54,9,72,17,40,No,82200,Bronze,38,0,45,Yes,N,0
2B,Matt Carlisle,R,R,69,70,85,61,49,77,105,69,82,60,47,76,99,Normal,Spray,Normal,44,51,59,39,58,43,50,58,37,57,64,43,1,1,1,90,22,47,87,1,5,10,110,-,46,77,46,49,-,-,-,72,79,79,67,No,84440,Bronze,33,0,44,Yes,N,0
RP,Cris Carpenter,R,R,1,1,4,3,1,3,1,1,4,2,1,3,1,Normal,Normal,Normal,65,68,64,72,67,90,89,74,83,92,20,115,-,-,-,32,20,25,23,2,7,1,61,-,-,-,-,-,-,-,-,7,6,4,10,No,83133,Bronze,57,0,85,Yes,N,0
RP,Kutter Crawford,R,R,18,19,24,34,8,26,29,18,22,32,7,24,27,Normal,Normal,Normal,71,75,89,91,68,69,74,87,90,67,68,42,4,4,3,32,23,52,9,23,14,24,69,-,47,-,13,-,9,-,-,18,17,17,21,No,82614,Bronze,30,0,31,Yes,N,0
2B,Tony Cuccinello,R,R,55,55,79,81,100,61,109,56,74,70,72,71,94,Normal,Pull,Pull,1,1,1,1,2,1,1,1,1,2,1,11,-,-,-,67,68,41,77,3,9,3,-,-,-,73,51,-,-,-,-,52,61,35,53,No,83520,Bronze,31,0,58,Yes,N,0
SP,Hunter Dobbins,R,R,11,12,14,18,2,14,15,11,13,17,2,13,14,Normal,Normal,Normal,59,77,84,80,76,61,78,85,78,79,62,33,1,1,2,33,21,57,18,7,22,24,70,-,50,-,17,-,-,-,-,12,6,5,26,No,81880,Bronze,36,0,29,Yes,N,0
RP,Dylan Dodd,L,L,24,24,24,23,13,25,24,25,25,25,14,27,25,Normal,Pull,Pull,73,75,100,75,75,65,69,93,75,67,37,51,3,3,2,26,28,49,10,11,25,21,66,-,50,-,-,-,-,-,-,21,17,13,34,No,82136,Bronze,36,0,34,Yes,N,0
SP,Jesse Duryea,R,R,9,10,10,37,3,37,9,9,10,36,3,35,8,Normal,Spray,Spray,62,85,66,121,67,64,86,67,120,70,82,54,-,-,-,31,22,23,16,5,9,1,61,-,-,-,-,-,-,-,-,73,66,80,73,No,83145,Bronze,76,0,114,Yes,N,0
SP,Howard Ehmke,R,R,22,28,30,47,4,30,33,21,27,42,4,32,31,Normal,Normal,Normal,73,69,53,87,61,93,73,67,68,76,84,50,-,-,-,35,25,28,25,7,2,7,71,-,-,-,-,-,-,-,-,8,11,5,9,No,83126,Bronze,57,0,65,Yes,N,0
SP,Bailey Falter,R,L,17,17,18,20,7,14,19,17,18,20,7,14,19,Normal,Pull,Pull,62,80,80,88,76,60,78,78,86,74,65,57,4,4,4,37,10,50,12,35,25,50,61,-,52,-,-,-,31,-,25,15,13,11,22,No,82388,Bronze,30,0,29,Yes,N,0
RP,Ryan Fernandez,R,R,17,17,18,19,7,18,18,17,18,19,7,18,18,Normal,Normal,Normal,92,77,71,72,80,88,79,69,77,80,18,35,1,1,3,26,24,69,8,35,20,27,67,-,41,-,21,-,25,-,11,19,13,18,24,No,81866,Bronze,30,0,33,Yes,N,0
SP,Carl Fischer,R,L,2,1,7,8,1,4,8,3,6,4,1,9,4,Normal,Normal,Normal,111,63,50,40,75,91,82,54,98,75,67,33,-,-,-,24,20,22,23,10,8,6,51,-,-,-,-,-,-,-,-,9,6,5,13,No,83143,Bronze,63,0,75,Yes,N,0
2B,Alex Freeland,S,R,75,75,64,74,76,86,50,75,67,77,73,87,60,Normal,Pull,Pull,1,26,2,76,1,1,26,2,77,1,10,-,1,1,1,76,77,85,67,59,57,76,132,-,84,84,83,72,69,42,67,36,80,54,74,No,81777,Bronze,39,0,33,Yes,N,0
CF,TJ Friedl,L,L,65,67,76,68,61,89,87,65,76,70,62,91,89,Normal,Spray,Spray,1,29,1,86,1,1,27,1,79,1,1,-,1,1,2,37,36,48,1,81,78,63,81,-,50,-,-,-,94,73,86,78,75,41,64,No,81961,Bronze,31,0,30,Yes,N,0
SP,Pretzels Getzien,R,R,82,90,72,77,77,84,55,79,64,76,62,76,43,Normal,Spray,Spray,81,68,108,60,73,80,67,107,58,72,90,61,-,-,-,25,21,22,21,50,49,43,52,-,-,-,-,-,50,-,-,84,82,89,65,No,85139,Bronze,61,31,69,Yes,N,0
SP,Whitey Glazner,R,R,6,9,8,24,12,4,3,5,7,12,6,8,4,Normal,Normal,Normal,69,76,76,82,74,91,57,86,49,61,67,49,-,-,-,30,15,22,23,7,4,2,53,-,-,-,-,-,-,-,-,14,6,14,18,No,82812,Bronze,53,0,40,Yes,N,0
LF,Goose Goslin,L,R,58,71,85,72,56,79,103,50,78,78,76,76,113,Normal,Normal,Normal,1,1,1,1,1,1,1,1,1,1,1,7,-,-,-,3,9,7,10,52,57,48,-,-,-,-,-,-,56,-,47,53,61,34,59,No,83596,Bronze,109,66,104,Yes,N,0
RP,Tim Hill,R,L,10,10,16,16,1,16,20,11,17,16,1,17,22,Normal,Pull,Pull,60,97,95,97,98,54,85,96,83,86,15,81,1,1,5,12,20,51,11,6,25,51,42,-,30,-,-,-,-,-,-,21,24,16,24,No,82551,Bronze,31,0,28,Yes,N,0
RP,Bryan Hoeing,R,R,23,23,19,19,6,21,16,23,19,19,6,21,16,Normal,Pull,Pull,59,74,84,72,76,65,86,87,88,86,38,42,2,2,2,25,12,66,7,24,7,21,52,-,44,-,-,-,-,-,-,11,11,5,18,No,81763,Bronze,30,0,30,Yes,N,0
RF,Danny Hoffman,L,L,87,77,68,65,109,39,60,90,80,72,88,61,72,Normal,Normal,Normal,1,3,1,1,4,1,3,1,1,4,1,10,-,-,-,4,3,10,3,53,48,66,-,-,-,-,-,-,59,31,55,76,85,85,67,No,83564,Bronze,70,29,52,Yes,N,0
RP,Colin Holderman,R,R,17,19,26,19,23,20,31,17,23,17,22,18,30,Normal,Normal,Normal,78,79,70,81,78,82,82,71,82,82,15,52,-,-,2,10,24,58,3,9,15,28,44,-,31,-,-,-,-,-,-,17,20,6,25,No,82430,Bronze,70,61,66,Yes,N,0
1B,Niko Kavadas,L,R,79,82,64,66,88,88,40,79,66,69,89,97,49,Normal,Ex. Pull,Pull,1,25,1,75,1,1,25,1,74,1,1,-,3,3,4,18,28,33,18,41,40,45,54,-,36,-,-,-,40,9,31,24,11,10,48,No,82299,Bronze,29,0,30,Yes,N,0
SP,Jack Kralick,L,L,6,4,8,6,16,19,9,7,13,13,17,19,18,Normal,Normal,Normal,107,98,78,62,116,59,65,104,55,71,83,64,-,-,-,35,40,32,23,4,9,7,81,-,-,-,-,-,-,-,-,5,6,3,5,No,85509,Bronze,2 277,1 400,2 150,No,N,0
RP,Mark Leiter Jr.,R,R,34,34,30,36,10,16,27,34,30,36,10,16,27,Normal,Normal,Normal,91,71,74,66,74,89,71,73,67,73,19,51,1,1,1,21,36,41,21,12,18,20,68,-,42,1,10,-,-,-,-,23,5,15,48,No,82282,Bronze,30,0,29,Yes,N,0
RP,Dicky Lovelady,L,L,38,38,31,17,4,34,23,38,31,17,4,34,23,Normal,Normal,Normal,80,85,79,80,88,76,78,79,72,81,17,70,1,1,1,26,31,44,33,3,3,3,71,-,44,-,-,-,-,-,-,20,13,15,33,No,82033,Bronze,29,0,26,Yes,N,0
SP,Carl Lundgren,R,R,1,1,5,7,1,16,2,1,5,5,1,31,3,Normal,Spray,Spray,63,89,70,80,94,62,87,77,78,92,87,60,-,-,-,24,36,25,16,3,10,6,67,-,-,-,-,-,-,-,-,65,75,71,56,No,82658,Bronze,62,0,87,Yes,N,0
RP,Daniel Lynch IV,L,L,28,27,26,18,5,17,27,29,28,20,6,18,29,Normal,Normal,Normal,66,80,84,84,79,64,80,84,84,78,33,56,-,-,3,26,9,48,3,36,21,27,46,-,42,-,-,-,26,-,13,15,22,7,17,No,82381,Bronze,31,0,29,Yes,N,0
SP,Carlos Martinez,R,R,5,9,8,10,1,10,3,4,7,5,1,5,6,Normal,Normal,Normal,62,80,63,84,79,68,91,71,87,93,81,62,-,-,-,23,13,19,23,7,4,5,42,-,-,-,-,-,-,-,-,17,6,5,29,No,84819,Bronze,44,0,45,Yes,N,0
2B,Brice Matthews,R,R,77,77,65,81,79,84,52,77,65,81,78,84,50,Normal,Spray,Spray,1,25,5,75,1,1,26,5,78,1,5,9,1,1,1,76,71,65,69,77,61,57,127,-,77,81,70,64,85,64,76,90,83,85,64,No,84999,Bronze,64,26,93,Yes,N,0
RP,Tim Mayza,L,L,23,23,30,18,12,16,34,23,30,18,12,16,34,Normal,Normal,Normal,76,87,77,89,87,74,76,82,77,76,14,59,1,1,1,24,22,46,18,8,25,25,57,-,43,-,-,-,-,-,-,18,16,8,29,No,84957,Bronze,114,26,132,Yes,N,0
CF,Oddibe McDowell,L,L,66,49,57,64,86,77,64,70,77,74,76,80,87,Normal,Normal,Normal,1,1,1,1,1,1,1,1,2,1,1,19,-,-,-,2,4,10,9,72,91,110,-,-,-,-,-,-,98,72,-,80,76,87,84,No,83575,Bronze,27,0,26,No,N,0
C,Miguel Montero,L,R,60,61,62,42,69,99,64,60,64,52,89,111,69,Normal,Normal,Normal,1,3,1,1,4,1,3,1,1,4,1,15,42,77,34,6,3,3,9,5,5,7,-,44,-,-,-,-,-,-,-,7,11,13,18,No,83661,Bronze,38,0,41,Yes,N,0
RP,Jovani Moran,L,L,12,12,16,18,1,12,20,12,16,18,1,12,20,Normal,Normal,Normal,95,90,67,87,92,89,81,64,83,81,24,62,4,4,2,29,16,43,2,17,19,18,55,-,39,-,-,-,4,-,-,14,18,14,11,No,84924,Bronze,107,33,90,Yes,N,0
RF,Eddie Murphy,L,R,73,58,71,61,39,86,86,78,97,61,39,88,123,Normal,Spray,Spray,1,3,1,1,4,1,3,1,2,4,1,12,-,-,-,6,9,6,10,48,55,64,-,-,-,-,-,-,-,-,50,72,80,78,65,No,84133,Bronze,47,0,51,Yes,N,0
SP,Art Nehf,L,L,25,24,18,135,48,41,13,26,26,111,41,46,27,Line Drive,Pull,Pull,55,77,84,89,71,47,79,84,99,69,87,57,-,-,-,28,42,35,37,2,2,5,79,-,-,-,-,-,-,-,-,59,72,78,43,No,83152,Bronze,50,0,51,Yes,N,0
CF,Dode Paskert,R,R,58,63,75,131,65,82,90,56,69,112,89,86,83,Line Drive,Pull,Pull,1,2,1,1,3,1,2,1,1,3,1,22,-,-,-,6,9,2,1,65,102,62,-,-,-,-,-,-,82,54,-,70,81,81,63,No,83599,Bronze,52,26,51,Yes,N,0
RP,Tyler Phillips,R,R,19,19,17,29,12,20,15,19,17,29,12,20,15,Normal,Pull,Pull,68,83,76,83,83,65,82,74,84,81,36,26,4,4,2,39,17,28,16,4,14,13,66,-,62,-,-,-,-,-,-,9,3,16,8,No,82120,Bronze,31,0,33,Yes,N,0
3B,Wesley Pryor,L,R,77,75,82,66,64,64,91,78,87,68,68,66,97,Normal,Pull,Normal,1,10,1,17,7,1,11,1,20,7,1,6,1,1,1,77,65,85,71,9,4,9,-,-,-,-,79,-,-,-,-,75,87,87,71,No,84441,Bronze,50,30,51,Yes,N,0
RP,Colin Rea,R,R,47,47,35,30,12,23,25,47,35,30,12,23,25,Normal,Normal,Normal,64,76,86,86,71,66,77,87,87,73,70,30,-,-,-,24,15,40,28,-,-,-,50,-,43,-,-,-,-,-,-,16,16,9,23,No,81996,Bronze,31,0,29,Yes,N,0
RF,Rob Refsnyder,R,R,79,82,73,63,80,92,65,79,70,63,78,85,63,Normal,Spray,Spray,1,29,1,86,1,1,27,1,80,1,-,-,1,1,1,51,47,57,53,61,65,61,99,-,73,46,41,30,69,43,63,17,72,34,58,No,82236,Bronze,30,0,26,Yes,N,0
RF,Victor Robles,R,R,86,88,88,62,74,70,87,86,83,71,63,63,81,Groundball,Normal,Normal,1,26,9,76,1,1,26,9,78,1,9,-,2,2,1,9,16,28,5,79,79,73,27,-,18,-,-,-,95,73,89,65,86,89,75,No,82234,Bronze,29,0,30,Yes,N,0
SS,Brayan Rocchio,S,R,73,74,82,78,70,75,93,73,82,74,66,78,94,Normal,Spray,Spray,1,25,5,74,1,1,25,5,75,1,7,-,5,5,1,80,89,60,68,65,65,51,138,-,76,90,76,72,72,47,63,46,74,58,57,No,82433,Bronze,35,0,30,Yes,N,0
RP,John Schreiber,R,R,24,24,21,18,4,17,19,24,21,18,4,17,19,Normal,Normal,Normal,74,75,73,81,73,81,84,76,90,82,15,53,1,1,1,30,35,55,34,1,3,1,79,-,57,17,23,-,-,-,-,16,14,11,23,No,82385,Bronze,36,0,37,Yes,N,0
1B,George Scott,R,R,60,73,63,80,91,89,49,52,62,64,92,82,70,Normal,Normal,Normal,1,2,1,1,3,1,2,1,1,3,1,4,-,-,-,72,34,64,86,9,5,4,-,-,81,-,53,-,-,-,-,56,85,11,44,No,84347,Bronze,29,0,29,Yes,N,0
CF,Victor Scott II,L,L,70,70,74,52,43,74,80,71,76,61,57,76,83,Normal,Normal,Normal,1,27,1,80,1,1,28,1,82,1,-,-,-,-,-,16,25,40,11,95,85,56,49,-,28,-,-,-,109,93,98,91,96,98,71,No,81873,Bronze,32,0,30,Yes,N,0
SP,Frank Smith,R,R,37,51,34,87,34,46,12,33,29,73,53,62,25,Normal,Normal,Normal,93,87,54,115,73,92,66,54,56,72,87,69,-,-,-,25,36,30,29,10,3,4,70,-,-,-,-,-,-,-,-,71,63,70,76,No,83153,Bronze,46,40,43,Yes,N,0
C,Pop Snyder,R,R,46,47,68,96,95,59,86,46,66,94,92,57,84,Normal,Normal,Normal,1,3,1,1,4,1,3,1,1,4,1,23,73,59,71,3,1,9,3,2,1,1,-,66,-,-,-,-,-,-,-,67,84,93,69,No,83496,Bronze,72,26,64,Yes,N,0
RF,Clyde Spearman,L,R,69,68,79,66,50,88,94,70,83,67,54,90,99,Normal,Normal,Spray,1,6,1,18,1,1,7,1,20,1,1,12,1,1,1,7,8,2,11,66,78,72,-,-,-,-,-,-,80,-,76,70,68,36,54,No,84450,Bronze,77,26,71,Yes,N,0
SP,Mitch Spence,R,R,23,23,20,18,10,19,18,23,20,18,10,19,18,Normal,Normal,Normal,65,74,85,74,74,62,73,82,77,72,56,38,2,2,3,50,28,48,23,26,18,22,86,-,64,24,23,11,14,-,-,18,22,13,20,No,82365,Bronze,37,0,41,Yes,N,0
SS,Jake Stephens,R,R,48,49,68,64,29,84,86,48,68,65,29,84,86,Normal,Spray,Spray,1,9,1,19,4,1,9,1,20,4,1,19,1,1,1,100,74,97,80,55,62,68,-,-,-,109,102,96,-,-,60,60,77,65,63,No,84427,Bronze,44,0,50,Yes,N,0
C,Tyler Stephenson,R,R,76,76,70,67,83,93,66,77,70,69,82,91,64,Normal,Ex. Pull,Pull,1,28,1,82,1,1,28,1,83,1,1,-,65,52,59,24,32,67,8,46,58,70,71,54,52,-,22,-,54,23,51,23,6,5,40,No,81964,Bronze,31,0,36,Yes,N,0
1B,Fred Tenney,L,L,69,79,79,31,1,95,81,66,90,74,62,117,130,Normal,Spray,Spray,1,3,1,1,5,1,3,1,1,5,1,13,-,-,-,67,47,51,38,3,1,1,-,-,62,-,-,-,-,-,-,49,77,77,71,No,82710,Bronze,73,0,97,Yes,N,0
C,Matt Thaiss,L,R,74,74,70,60,69,84,67,75,73,65,66,92,73,Normal,Normal,Normal,1,26,9,76,1,1,26,9,78,1,8,-,57,49,53,42,48,54,36,35,36,50,92,46,68,32,33,19,33,-,27,45,16,13,39,No,82589,Bronze,29,0,32,Yes,N,0
3B,Ramon Urias,R,R,77,76,77,80,79,73,79,78,77,71,77,71,77,Normal,Spray,Spray,1,24,3,72,1,1,26,3,77,1,8,-,3,3,1,66,70,69,59,59,51,49,121,-,71,69,66,55,62,37,53,28,16,14,49,No,81874,Bronze,34,0,32,Yes,N,0
SP,Edinson Volquez,R,R,1,1,13,36,14,33,24,1,13,21,29,37,23,Normal,Spray,Spray,77,80,55,73,84,80,74,61,72,75,62,57,-,-,-,26,26,25,23,3,5,3,60,-,-,-,-,-,-,-,-,16,6,5,28,No,84028,Bronze,56,0,73,Yes,N,0
RP,Huascar Ynoa,R,R,25,25,29,34,2,34,33,25,29,34,2,34,33,Normal,Normal,Normal,72,72,75,76,70,73,77,75,85,73,36,52,2,2,2,31,20,63,15,10,24,28,68,-,51,-,19,-,-,-,-,13,5,14,19,No,82312,Bronze,34,0,33,Yes,N,0
LF,Jared Young,L,R,67,67,64,67,83,82,62,68,68,76,86,89,69,Normal,Pull,Pull,1,24,1,71,1,1,27,1,79,1,1,-,1,1,4,44,56,53,48,53,58,49,98,-,75,41,39,26,57,28,48,50,70,35,67,No,82077,Bronze,33,0,34,Yes,N,0
SP,Raleigh Aitchison,R,L,2,2,5,2,1,5,2,2,5,1,1,5,2,Normal,Spray,Spray,82,71,67,89,63,70,72,71,80,69,92,104,-,-,-,24,20,22,23,6,4,4,50,-,-,-,-,-,-,-,-,6,6,8,5,No,84243,Bronze,54,0,65,Yes,N,0
CF,Ed Andrews,R,R,49,51,77,68,68,70,109,49,75,67,66,68,103,Normal,Pull,Pull,1,3,1,1,4,1,3,1,1,4,1,1,-,-,-,50,57,28,59,81,74,83,-,-,-,48,-,-,98,77,-,87,102,102,106,No,82705,Bronze,30,0,31,Yes,N,0
3B,Miguel Andujar,R,R,88,91,97,77,62,60,99,88,94,78,61,56,99,Normal,Ex. Pull,Pull,1,29,1,85,1,1,27,1,81,1,-,-,-,-,-,35,40,88,35,36,39,82,88,-,59,25,46,1,42,-,44,21,72,16,45,No,81744,Bronze,33,0,32,Yes,N,0
SP,Spencer Arrighetti,R,R,22,22,30,38,10,34,35,22,30,38,10,34,35,Normal,Normal,Normal,84,74,66,84,70,83,74,66,84,69,59,45,1,1,3,28,24,35,9,11,22,21,60,-,45,-,-,-,-,-,-,15,3,6,34,No,85243,Bronze,71,30,117,Yes,N,0
1B,George Burns,R,R,98,88,76,67,65,47,66,102,99,90,69,69,91,Normal,Normal,Normal,1,3,1,1,5,1,3,1,1,5,1,15,-,-,-,46,25,45,48,3,3,5,-,-,63,-,-,-,-,-,-,66,86,76,65,No,84380,Bronze,47,0,60,Yes,N,0
RF,Lawrence Butler,L,R,76,76,69,77,79,79,63,77,74,81,81,82,73,Normal,Pull,Pull,1,25,1,73,1,1,25,1,74,1,1,-,10,10,6,38,53,45,36,70,71,72,91,-,76,29,29,6,83,59,79,48,80,65,51,No,84894,Bronze,42,0,39,Yes,N,0
C,Victor Caratini,S,R,72,75,82,44,65,70,91,71,80,49,65,72,92,Normal,Pull,Pull,1,27,1,81,1,1,24,1,72,1,1,-,69,68,56,29,26,37,22,43,39,66,66,62,40,4,4,-,46,15,43,2,16,3,52,No,82340,Bronze,35,0,42,Yes,N,0
LF,Dylan Carlson,S,L,70,76,77,62,65,90,80,68,72,72,74,90,77,Normal,Pull,Pull,1,30,1,90,1,1,24,1,70,1,1,-,1,1,1,36,45,45,18,66,72,62,85,-,67,-,-,-,77,52,70,56,70,31,53,No,81980,Bronze,36,0,35,Yes,N,0
SP,Arnold Carter,L,L,2,2,5,5,4,3,1,2,5,6,5,4,2,Normal,Normal,Normal,46,93,68,93,94,37,89,81,85,91,62,69,-,-,-,32,20,25,23,8,5,7,61,-,-,-,-,-,-,-,-,9,6,5,14,No,84254,Bronze,39,0,45,Yes,N,0
CF,Sam Chapman,R,R,51,47,64,69,70,60,77,53,66,82,97,80,79,Normal,Spray,Spray,1,3,1,1,4,1,3,1,1,4,1,22,-,-,-,32,26,29,31,69,44,57,-,-,48,-,-,-,73,51,-,65,71,56,72,No,83561,Bronze,57,0,55,Yes,N,0
SP,Mort Cooper,R,R,21,18,17,34,31,27,16,22,22,20,34,39,22,Normal,Normal,Normal,88,60,67,64,58,88,72,70,76,70,58,33,-,-,-,25,16,21,23,10,2,1,47,-,-,-,-,-,-,-,-,5,6,5,5,No,83870,Bronze,55,30,74,Yes,N,0
SS,J.P. Crawford,L,R,66,65,75,70,59,102,87,67,76,72,61,108,88,Normal,Normal,Normal,1,27,1,80,1,1,29,1,87,1,-,-,1,1,1,75,72,70,65,69,62,64,127,-,93,79,71,64,78,54,72,19,76,19,81,No,82237,Bronze,42,0,54,Yes,N,0
SS,Ezequiel Duran,R,R,90,91,87,101,61,62,82,90,86,89,60,60,82,Line Drive,Pull,Pull,1,25,5,75,1,1,26,5,76,1,1,-,3,3,1,77,72,62,73,66,71,59,128,-,78,83,69,65,76,51,68,46,81,71,66,No,82207,Bronze,33,0,37,Yes,N,0
RP,Braydon Fisher,R,R,24,25,31,14,3,6,36,24,30,13,3,5,35,Normal,Pull,Pull,94,79,63,85,76,95,80,64,86,78,20,35,1,1,1,15,17,50,-,18,42,36,40,-,31,-,-,-,13,-,-,4,4,8,1,No,82494,Bronze,40,26,37,Yes,N,0
1B,Del Gainer,R,R,83,102,89,72,85,70,75,77,73,65,63,82,71,Groundball,Spray,Spray,1,5,1,1,7,1,5,1,1,7,1,23,-,-,-,38,42,36,29,73,55,63,-,-,61,-,-,-,-,59,-,61,80,63,52,No,83495,Bronze,62,0,63,Yes,N,0
C,Barney Gilligan,R,R,62,63,72,81,51,129,83,62,70,79,49,120,80,Normal,Pull,Pull,1,1,1,1,1,1,1,1,1,1,1,17,82,73,57,3,7,9,7,7,1,3,-,71,-,-,-,-,-,-,-,58,85,89,57,No,82901,Bronze,91,26,87,Yes,N,0
LF,Lourdes Gurriel Jr.,R,R,76,81,89,81,81,66,97,75,85,78,78,62,97,Normal,Pull,Pull,1,27,1,79,1,1,24,1,72,1,1,-,1,1,4,26,31,48,20,50,50,74,70,-,54,3,13,-,58,29,56,35,73,33,59,No,81838,Bronze,32,0,42,Yes,N,0
3B,Ke'Bryan Hayes,R,R,69,71,80,66,62,67,92,69,78,64,58,66,89,Groundball,Normal,Normal,1,28,1,84,1,1,27,1,79,1,1,-,1,1,1,94,89,89,56,58,62,82,149,-,94,99,98,88,71,43,70,51,80,54,67,No,81956,Bronze,30,0,34,Yes,N,0
RF,Mike Hershberger,R,R,74,67,90,61,45,83,128,77,96,82,30,73,122,Normal,Spray,Spray,1,2,1,1,3,1,2,1,1,3,1,23,-,-,-,7,3,3,3,54,44,110,-,-,-,-,-,-,68,40,76,38,72,42,40,No,83617,Bronze,92,26,105,Yes,N,0
RP,Tyler Holton,L,L,18,18,20,24,10,17,21,18,20,24,10,17,21,Normal,Spray,Spray,65,79,88,97,70,67,79,90,95,72,21,56,3,3,1,27,30,50,15,35,9,26,70,-,50,-,-,-,16,-,-,19,20,14,22,No,82415,Bronze,37,0,34,Yes,N,0
DH,Sam Horn,L,L,54,20,18,20,110,49,15,62,47,74,128,94,33,Flyball,Spray,Spray,1,1,1,1,1,1,2,1,5,1,1,5,-,-,-,21,22,23,26,5,5,8,-,-,-,-,-,-,-,-,-,5,1,1,26,No,83604,Bronze,28,0,30,No,N,0
3B,Andy Ibanez,R,R,69,73,83,80,84,74,95,68,77,82,68,68,89,Normal,Pull,Pull,1,28,1,82,1,1,24,1,70,1,1,-,5,5,4,67,70,75,64,51,57,41,123,-,72,72,70,59,53,24,42,34,70,44,65,No,82267,Bronze,32,0,32,Yes,N,0
C,Danny Jansen,R,R,58,52,63,68,84,92,73,60,65,70,85,89,71,Normal,Spray,Spray,1,24,3,70,1,1,28,3,82,1,10,-,74,55,55,23,40,49,14,21,24,45,75,58,51,-,16,-,14,-,8,42,6,7,47,No,82209,Bronze,34,0,38,Yes,N,0
3B,Josh Jung,R,R,93,93,88,78,77,64,81,93,85,76,75,63,76,Groundball,Normal,Normal,1,24,1,72,1,1,25,1,75,1,1,-,1,1,2,65,75,75,49,58,62,69,123,-,90,66,70,56,67,40,63,20,72,16,61,No,82201,Bronze,32,0,32,Yes,N,0
RP,Chase Lee,R,R,11,12,16,10,4,16,18,11,14,9,3,15,16,Normal,Normal,Normal,73,66,83,69,65,85,78,88,84,75,20,31,1,1,1,26,25,55,9,14,20,31,64,-,41,-,13,-,-,-,-,7,7,7,8,No,82492,Bronze,32,26,41,Yes,N,0
SP,Matthew Liberatore,L,L,25,25,22,24,1,18,19,25,22,24,2,18,19,Normal,Normal,Normal,66,77,85,83,74,65,74,85,80,72,59,60,1,1,2,9,26,40,2,30,10,31,40,-,29,-,-,-,13,-,-,29,27,35,26,No,81889,Bronze,54,0,60,Yes,N,0
SP,Bill Lohrman,R,R,3,2,5,6,1,16,3,4,6,12,1,8,4,Normal,Spray,Spray,41,52,87,53,52,64,80,105,114,64,70,115,-,-,-,35,23,32,39,10,5,10,71,-,-,-,-,-,-,-,-,32,58,35,19,No,82811,Bronze,50,0,105,Yes,N,0
CF,Jakob Marsee,L,L,57,56,63,84,58,100,70,58,66,85,61,108,75,Normal,Pull,Pull,1,25,1,75,1,1,26,1,76,1,1,23,1,1,1,16,19,23,20,82,83,62,40,-,27,-,-,-,96,75,87,97,82,95,59,No,82109,Bronze,31,0,36,Yes,N,0
SS,George McBride,R,R,37,52,75,62,34,92,100,33,64,83,53,90,89,Normal,Normal,Normal,1,1,1,1,2,1,1,1,1,2,1,22,-,-,-,112,72,100,100,4,10,8,-,-,-,-,-,109,-,-,-,60,75,81,59,No,82913,Bronze,62,26,69,Yes,N,0
SP,George McConnell,R,R,17,29,21,17,1,10,14,14,15,31,2,21,15,Normal,Normal,Normal,79,79,75,101,69,78,61,75,48,68,86,45,-,-,-,35,27,32,35,4,9,3,75,-,60,-,-,-,-,-,-,27,6,13,44,No,84250,Bronze,68,26,75,Yes,N,0
2B,Chase Meidroth,R,R,71,71,76,60,48,100,84,71,76,59,47,98,84,Normal,Pull,Pull,1,26,2,76,1,1,25,2,75,1,5,4,2,2,2,70,71,63,85,62,59,61,125,-,73,82,68,63,70,44,63,35,72,44,56,No,82460,Bronze,30,0,33,Yes,N,0
SS,Colson Montgomery,L,R,59,58,54,72,92,76,52,60,57,73,94,77,55,Normal,Pull,Pull,1,26,5,76,1,1,27,6,79,1,6,2,2,2,1,71,71,79,79,53,57,60,127,-,98,82,77,67,59,30,53,62,12,12,57,No,82473,Bronze,49,26,44,Yes,N,0
RP,Tommy Nance,R,R,14,16,22,22,15,12,29,14,20,20,13,10,26,Normal,Normal,Normal,80,74,81,70,77,79,75,80,69,78,19,56,1,1,1,34,36,58,28,3,3,3,81,-,73,17,26,-,-,-,-,19,23,10,25,No,82488,Bronze,33,0,38,Yes,N,0
RP,Andrew Nardi,L,L,25,25,26,21,12,34,29,25,26,21,12,34,29,Normal,Normal,Normal,109,77,67,77,77,96,72,65,73,72,14,56,3,3,1,24,19,42,24,5,15,27,54,-,41,-,-,-,-,-,-,9,18,6,3,No,82122,Bronze,34,0,40,Yes,N,0
C,Tomas Nido,R,R,85,82,81,58,85,53,81,86,81,55,71,51,77,Normal,Pull,Pull,1,26,1,78,1,1,29,1,87,1,-,-,78,79,91,31,41,62,16,16,24,60,82,86,50,8,28,-,12,-,-,1,6,9,44,No,82400,Bronze,35,0,45,Yes,N,0
LF,Lou Novikoff,R,R,79,71,90,67,75,63,116,82,95,76,79,44,110,Normal,Spray,Spray,1,3,1,1,4,1,3,1,1,4,1,25,-,-,-,1,8,3,5,41,40,66,-,-,-,-,-,-,44,-,-,48,58,35,45,No,83580,Bronze,41,0,41,Yes,N,0
C,Babe Phelps,L,R,73,74,77,139,75,65,83,73,92,112,72,58,117,Line Drive,Normal,Normal,1,5,1,1,7,1,5,1,1,7,1,23,33,58,62,6,7,6,8,3,5,9,-,43,-,-,-,-,-,-,-,28,67,17,23,No,83625,Bronze,30,0,32,Yes,N,0
2B,Jerry Priddy,R,R,79,62,72,74,57,90,85,84,79,84,61,83,75,Normal,Normal,Normal,1,1,1,1,2,1,2,1,2,2,1,3,-,-,-,67,63,46,76,6,4,8,-,-,-,72,-,50,-,-,-,45,58,34,65,No,83621,Bronze,45,26,49,Yes,N,0
RF,Luke Raley,L,R,89,90,72,69,85,69,52,89,74,74,87,69,61,Normal,Ex. Pull,Pull,1,25,1,75,1,1,25,1,73,1,1,-,1,1,1,38,38,60,24,60,63,72,85,-,74,19,30,3,70,43,67,37,72,44,60,No,82233,Bronze,34,26,35,Yes,N,0
RF,Johnathan Rodriguez,R,R,87,88,76,73,84,85,67,87,71,69,79,81,53,Normal,Pull,Pull,1,26,2,77,1,1,26,2,77,1,7,-,1,1,2,13,23,23,5,51,54,99,38,-,29,-,-,-,65,36,69,43,58,15,44,No,82440,Bronze,34,0,36,Yes,N,0
C,Jake Rogers,R,R,71,66,67,66,88,79,70,73,67,71,84,70,63,Normal,Pull,Pull,1,22,1,65,1,1,28,1,82,1,1,-,80,83,74,36,47,70,26,31,37,71,90,83,66,23,39,1,34,-,34,49,16,7,48,No,82407,Bronze,30,0,30,Yes,N,0
1B,Carlos Santana,S,R,55,63,77,56,76,97,94,52,68,63,76,105,84,Normal,Ex. Pull,Pull,1,30,1,89,1,1,22,1,64,1,1,-,20,20,27,44,46,55,30,40,44,60,92,3,65,31,33,18,43,11,38,10,85,19,51,No,81843,Bronze,31,0,28,Yes,N,0
RP,Paxton Schultz,L,R,19,19,20,16,2,10,22,20,22,17,3,11,24,Normal,Normal,Normal,70,72,78,74,72,72,75,79,79,74,32,38,1,1,1,39,43,55,16,9,23,12,87,-,75,16,28,3,-,-,-,20,23,9,28,No,82028,Bronze,27,0,26,Yes,N,0
SS,Everett Scott,R,R,43,60,84,43,40,55,118,38,71,65,62,57,101,Normal,Normal,Normal,1,1,1,1,2,1,1,1,1,2,1,23,-,-,-,100,77,95,96,7,2,1,-,-,-,-,-,100,-,-,-,67,75,80,57,No,84350,Bronze,53,0,59,Yes,N,0
SP,Rip Sewell,L,R,38,27,31,54,30,43,35,42,47,74,45,50,55,Normal,Pull,Pull,43,62,66,55,66,59,92,86,114,81,72,115,-,-,-,31,18,24,24,7,8,3,58,-,-,-,-,-,-,-,-,25,11,6,29,No,84029,Bronze,56,0,56,Yes,N,0
SP,Hal Smith,R,R,1,1,4,4,1,4,1,1,4,4,1,4,1,Normal,Spray,Spray,37,71,81,77,69,58,79,111,87,75,64,54,-,-,-,27,20,23,23,2,6,1,55,-,-,-,-,-,-,-,-,7,6,4,10,No,84255,Bronze,39,0,39,Yes,N,0
3B,Red Smith,R,R,65,80,82,56,74,75,85,60,75,72,79,82,94,Normal,Normal,Normal,1,5,1,1,7,1,5,1,1,7,1,24,-,-,-,66,56,78,34,8,10,4,-,-,-,-,62,-,-,-,-,71,77,78,54,No,83557,Bronze,61,35,78,Yes,N,0
SP,Jameson Taillon,R,R,31,31,31,17,5,12,34,31,31,17,5,12,34,Normal,Normal,Normal,61,70,91,96,57,66,73,96,97,61,58,39,-,-,-,28,33,39,22,-,-,-,72,-,60,6,9,-,-,-,-,21,22,15,28,No,82006,Bronze,35,0,30,Yes,N,0
RP,Kai-Wei Teng,R,R,16,16,20,18,4,20,23,16,20,18,4,20,23,Normal,Normal,Normal,82,75,71,77,74,81,77,69,81,75,33,47,-,-,-,15,22,28,11,-,-,-,42,-,34,-,-,-,-,-,-,10,8,13,11,No,84973,Bronze,56,26,64,Yes,N,0
RP,Ryan Thompson,R,R,14,16,16,27,2,27,15,14,15,26,1,26,14,Normal,Spray,Spray,54,74,82,80,72,72,92,93,92,93,14,78,4,4,3,37,23,51,19,24,21,30,75,-,64,4,16,-,14,-,4,16,19,6,22,No,81856,Bronze,28,0,32,Yes,N,0
RP,Justin Topa,R,R,17,17,28,28,15,28,33,17,28,28,15,28,33,Normal,Normal,Normal,64,86,87,67,96,65,89,87,71,98,13,49,2,2,1,17,24,58,11,7,16,21,54,-,39,-,4,-,-,-,-,12,5,13,19,No,82346,Bronze,33,0,38,Yes,N,0
SP,Happy Townsend,R,R,3,2,6,33,1,21,5,4,9,18,2,11,10,Normal,Spray,Spray,95,66,43,55,72,97,86,44,114,73,85,64,-,-,-,24,25,26,30,3,9,5,58,-,-,-,-,-,-,-,-,53,61,63,45,No,84251,Bronze,56,0,59,Yes,N,0
SP,Matt Waldron,R,R,23,25,30,23,7,15,35,23,30,21,6,13,34,Normal,Normal,Normal,70,67,81,77,62,70,68,80,78,63,62,42,3,3,1,22,32,58,9,19,19,23,67,-,45,-,16,-,7,-,-,18,17,17,21,No,81740,Bronze,33,0,32,Yes,N,0
RP,Tyler Wells,R,R,15,16,18,19,10,17,19,15,17,18,9,16,18,Normal,Normal,Normal,72,70,93,100,56,70,68,91,98,54,33,52,1,1,1,22,33,54,23,25,33,53,69,-,61,2,17,-,23,-,18,9,7,6,13,No,82648,Bronze,34,0,40,Yes,N,0
3B,Russ Wrightstone,L,R,49,36,69,50,71,58,98,54,78,62,98,51,109,Normal,Spray,Spray,1,5,1,1,7,1,5,1,2,7,1,13,-,-,-,62,64,75,41,46,52,61,-,-,69,58,62,48,50,-,-,60,58,53,65,No,83563,Bronze,84,0,90,Yes,N,0
2B,Pep Young,R,R,68,52,73,73,61,65,96,73,75,89,39,56,78,Normal,Pull,Pull,1,1,1,1,1,1,1,1,2,1,1,13,-,-,-,106,66,76,102,9,7,1,-,-,-,118,92,96,-,-,-,54,73,34,70,No,82909,Bronze,33,0,36,Yes,N,0
SS,Gabriel Arias,R,R,89,87,74,74,77,65,63,90,76,76,77,62,64,Normal,Pull,Spray,1,24,1,72,1,1,26,1,77,1,1,-,4,4,1,78,78,87,65,65,62,80,135,-,90,86,86,74,78,53,76,48,72,52,56,No,82436,Bronze,31,0,31,Yes,N,0
SP,Dick Barrett,R,R,1,3,6,6,1,5,4,1,5,3,1,10,4,Normal,Pull,Pull,57,96,66,137,76,76,60,67,50,65,75,33,-,-,-,32,39,31,23,4,8,5,78,-,-,-,-,-,-,-,-,9,6,4,13,No,82809,Bronze,96,26,255,Yes,N,0
LF,Dylan Beavers,L,R,74,73,68,75,74,85,64,75,70,80,79,87,66,Normal,Pull,Pull,1,29,34,78,5,1,30,34,81,5,54,44,1,1,2,27,29,55,22,63,62,71,71,-,57,5,17,-,73,48,69,56,78,57,48,No,82638,Bronze,32,0,33,Yes,N,0
SP,Fred Beebe,R,R,16,9,30,70,1,36,40,19,41,69,1,21,62,Normal,Normal,Normal,85,59,54,49,64,90,87,60,123,70,73,56,-,-,-,28,17,24,27,3,8,7,54,-,-,-,-,-,-,-,-,41,9,9,29,No,84025,Bronze,64,0,88,Yes,N,0
SP,Huck Betts,R,R,23,13,34,35,1,52,49,27,51,20,1,62,71,Normal,Spray,Spray,39,63,103,53,69,51,82,107,107,70,67,102,-,-,-,34,29,29,23,6,5,4,74,-,-,-,-,-,-,-,-,16,6,3,28,No,84024,Bronze,134,30,222,Yes,N,0
1B,Dick Burrus,L,L,82,68,77,58,62,89,88,87,100,79,55,65,114,Normal,Normal,Normal,1,1,1,1,1,1,1,1,2,1,1,3,-,-,-,26,38,31,31,4,4,9,-,-,44,-,-,-,-,-,-,45,56,53,60,No,82884,Bronze,45,0,50,Yes,N,0
RP,Ben Casparius,R,R,44,46,43,58,56,47,42,44,41,56,55,45,41,Normal,Pull,Pull,72,68,71,78,64,79,72,74,78,70,30,38,3,3,2,40,49,60,42,36,33,57,93,-,75,33,38,21,35,-,31,46,47,38,53,No,81787,Bronze,35,0,31,Yes,N,0
RP,Taylor Clarke,R,R,14,15,17,15,6,14,18,14,16,13,6,12,17,Normal,Normal,Normal,56,71,91,89,62,64,78,98,90,72,25,46,1,1,1,21,52,50,43,3,3,3,82,-,60,17,24,-,-,-,-,18,12,13,28,No,81852,Bronze,33,0,35,Yes,N,0
LF,Jasson Dominguez,S,R,81,81,72,71,75,84,64,81,73,68,77,88,66,Normal,Pull,Pull,1,26,6,76,1,1,26,7,78,1,8,4,3,3,3,39,34,48,25,65,64,68,82,-,54,19,21,2,75,50,70,65,94,82,58,No,82557,Bronze,38,0,40,Yes,N,0
CL,Seranthony Dominguez,R,R,38,38,36,34,5,20,37,38,36,34,5,20,37,Normal,Normal,Normal,91,74,60,90,67,105,80,63,98,71,15,61,1,1,1,28,24,63,20,11,19,26,69,-,44,-,20,-,-,-,-,9,7,18,2,No,82483,Bronze,30,0,30,Yes,N,0
SP,Freddie Fitzsimmons,R,R,25,14,20,51,35,46,26,29,27,50,46,39,27,Normal,Spray,Spray,48,61,91,61,62,65,82,75,120,63,68,58,-,-,-,35,42,40,42,8,10,3,84,-,-,-,-,-,-,-,-,5,6,4,5,No,83103,Bronze,43,26,43,Yes,N,0
RF,Jake Fraley,L,L,74,70,75,63,67,81,82,76,79,66,68,83,84,Normal,Spray,Spray,1,22,1,65,1,1,27,1,79,1,1,-,1,1,1,40,39,48,16,71,70,58,84,-,61,-,-,-,81,58,73,44,77,69,68,No,82533,Bronze,33,0,33,Yes,N,0
RP,Michael Fulmer,R,R,27,27,27,19,5,34,29,27,27,19,5,34,29,Normal,Normal,Normal,89,71,69,73,71,91,76,70,81,74,13,56,-,-,-,25,32,36,13,-,-,-,66,-,51,-,3,-,-,-,-,18,18,10,26,No,81724,Bronze,31,0,32,Yes,N,0
RP,John Gant,R,R,1,1,4,3,1,3,1,1,4,3,1,3,1,Normal,Normal,Normal,51,95,32,129,79,65,121,66,113,126,38,89,-,-,-,28,20,24,23,9,3,2,56,-,-,-,-,-,-,-,-,8,6,3,13,No,84821,Bronze,62,0,77,Yes,N,0
SP,Bill Gatewood,R,R,63,63,59,79,83,76,55,63,58,77,82,75,53,Normal,Normal,Spray,48,81,83,93,75,47,79,83,90,74,68,60,1,1,1,51,23,45,25,53,59,65,83,-,59,-,19,-,-,-,56,27,11,4,29,No,84426,Bronze,58,26,64,Yes,N,0
RP,Hogan Harris,R,L,21,21,21,22,9,14,22,21,21,22,9,14,22,Normal,Normal,Normal,92,84,61,92,80,80,79,58,90,74,32,73,3,3,3,22,12,36,7,6,8,11,42,-,34,-,-,-,-,-,-,14,12,8,21,No,82281,Bronze,30,0,31,Yes,N,0
SP,Claude Hendrix,R,R,39,29,22,67,31,44,16,43,35,82,48,33,30,Normal,Spray,Spray,89,63,64,46,72,88,76,63,87,71,76,71,-,-,-,33,29,29,26,3,6,10,72,-,-,-,-,-,-,-,-,85,68,79,97,No,83106,Bronze,48,26,50,Yes,N,0
CF,Kyle Isbel,L,R,77,77,79,78,51,63,82,78,81,84,61,64,87,Normal,Normal,Normal,1,25,1,74,1,1,25,1,75,1,1,-,1,1,2,19,23,38,9,95,85,64,49,-,30,-,-,-,111,94,102,105,72,55,70,No,82375,Bronze,34,0,34,Yes,N,0
CF,Baby Doll Jacobson,R,R,62,67,80,151,62,36,98,61,78,114,83,55,99,Line Drive,Normal,Normal,1,1,1,1,1,1,1,1,1,1,1,19,-,-,-,5,6,10,8,66,74,45,-,-,-,-,-,-,74,49,62,32,65,35,45,No,83517,Bronze,67,0,75,Yes,N,0
CF,George Johnson,R,R,44,44,69,148,80,71,91,44,69,148,79,71,91,Line Drive,Ex. Pull,Normal,1,11,1,20,7,1,11,1,21,7,1,25,1,1,1,10,5,10,8,82,71,72,-,-,-,-,-,-,96,75,90,59,68,65,61,No,84423,Bronze,77,0,104,Yes,N,0
SP,Sam Jones,R,R,24,31,30,85,33,42,32,22,23,64,52,48,24,Normal,Normal,Normal,47,89,63,111,78,61,77,69,75,78,86,115,-,-,-,28,23,25,26,3,7,10,59,-,-,-,-,-,-,-,-,47,49,42,49,No,83092,Bronze,60,26,52,Yes,N,0
RP,John King,L,L,17,16,18,9,7,9,19,18,19,10,8,10,20,Normal,Normal,Normal,64,89,96,74,97,57,81,92,73,86,17,68,2,2,2,30,14,68,9,29,21,10,61,-,43,-,-,-,14,-,-,10,13,5,12,No,82100,Bronze,32,0,36,Yes,N,0
SP,Zack Littell,R,R,47,47,35,17,15,28,23,47,35,17,15,28,23,Normal,Normal,Normal,62,64,99,80,56,65,71,101,87,63,72,47,2,2,2,21,28,54,11,7,19,35,61,-,46,-,12,-,-,-,-,16,20,10,18,No,84956,Bronze,30,0,31,Yes,N,0
RP,Brad Lord,R,R,15,16,19,22,11,15,21,15,18,21,10,15,21,Normal,Pull,Spray,60,76,83,84,72,64,80,86,87,77,35,27,1,1,1,25,24,45,14,36,28,23,61,-,46,-,8,-,27,-,10,32,28,26,44,No,82029,Bronze,29,0,30,No,N,0
2B,Johnny Lucadello,S,R,65,60,79,122,58,81,106,67,84,80,36,91,107,Normal,Normal,Normal,1,3,1,1,4,1,3,1,1,4,1,24,-,-,-,44,49,41,49,1,6,9,-,-,-,38,29,20,-,-,-,49,70,35,42,No,83488,Bronze,46,26,46,Yes,N,0
SP,Tyler Mahle,R,R,25,25,25,21,14,17,26,25,25,21,14,17,26,Normal,Normal,Normal,66,75,79,81,72,65,76,78,84,73,62,48,1,1,2,32,20,52,14,10,25,35,67,-,52,-,13,-,-,-,-,18,11,16,27,No,81731,Bronze,30,0,50,Yes,N,0
RP,Joe Mantiply,R,L,26,26,29,36,2,39,31,26,29,36,2,39,31,Normal,Normal,Normal,77,89,105,76,96,66,69,96,66,71,13,64,2,2,1,32,16,54,6,15,21,33,62,-,51,-,-,-,2,-,-,17,18,10,23,No,84952,Bronze,60,26,71,Yes,N,0
LF,Austin Martin,R,R,78,80,82,71,38,104,85,78,80,68,41,97,85,Groundball,Spray,Spray,1,26,1,76,1,1,25,1,75,1,10,-,3,3,2,62,77,56,64,62,62,57,121,-,80,69,60,52,69,44,62,46,77,64,60,No,82337,Bronze,36,0,27,Yes,N,0
RF,Luis Matos,R,R,62,65,82,76,82,73,104,62,80,73,76,65,105,Normal,Normal,Normal,1,27,5,79,1,1,25,6,75,1,8,3,2,2,3,24,30,39,11,74,74,61,63,-,38,-,5,-,86,63,78,32,80,42,58,No,81707,Bronze,30,26,31,Yes,N,0
SP,Lance McCullers Jr.,L,R,35,35,31,24,11,32,29,35,31,24,11,32,29,Normal,Normal,Normal,86,76,64,76,76,79,75,62,79,74,61,61,-,-,-,30,30,46,32,-,-,-,74,-,49,13,15,-,-,-,-,23,17,20,31,No,82188,Bronze,30,0,36,Yes,N,0
RP,Tobias Myers,R,R,17,16,24,13,2,5,31,18,24,14,2,5,30,Normal,Normal,Normal,65,73,84,80,70,67,76,85,85,72,43,56,4,4,1,28,81,35,33,3,3,3,98,-,58,28,27,-,-,-,-,17,22,14,15,No,82073,Bronze,30,0,30,Yes,N,0
3B,Kevin Newman,R,R,87,89,96,72,39,64,102,87,92,69,52,55,95,Groundball,Pull,Normal,1,25,1,74,1,1,26,1,76,1,1,-,4,4,1,73,81,65,68,44,46,55,131,-,88,81,73,65,46,15,40,36,76,41,63,No,82368,Bronze,33,0,30,Yes,N,0
SP,Mitchell Parker,L,L,24,24,22,25,15,19,20,24,22,25,15,19,20,Normal,Normal,Normal,70,83,80,80,85,61,76,74,78,75,62,61,1,1,4,8,13,38,12,4,8,8,27,-,20,-,-,-,-,-,-,18,26,12,15,No,82031,Bronze,29,0,26,Yes,N,0
SP,Claude Passeau,R,R,28,24,17,71,25,33,11,30,23,57,33,33,17,Normal,Spray,Spray,62,62,88,47,70,80,65,85,61,68,78,107,-,-,-,32,41,35,31,8,5,8,80,-,-,-,-,-,-,-,-,8,6,5,11,No,82665,Bronze,51,0,44,Yes,N,0
RP,Wandy Peralta,L,L,25,25,29,13,1,32,33,25,29,13,1,32,33,Normal,Normal,Normal,84,88,73,86,90,74,79,70,80,79,13,56,-,-,-,28,14,35,19,-,-,-,53,-,36,-,-,-,-,-,-,18,11,20,23,No,81757,Bronze,32,0,37,Yes,N,0
CF,Everson Pereira,R,R,81,81,68,71,88,77,54,82,68,69,86,73,52,Normal,Normal,Normal,1,25,7,75,1,1,27,7,80,1,10,-,2,2,2,8,18,18,4,75,74,65,26,-,17,-,-,-,88,65,81,60,78,55,58,No,82472,Bronze,31,0,38,Yes,N,0
SP,Joel Pineiro,R,R,1,1,4,3,1,4,1,1,4,3,1,4,1,Normal,Pull,Pull,54,72,94,73,72,47,71,110,81,67,76,115,-,-,-,25,40,32,33,4,8,5,75,-,-,-,-,-,-,-,-,11,11,5,15,No,83108,Bronze,37,0,45,Yes,N,0
SP,Jack Powell,R,R,30,40,33,44,6,40,27,25,26,66,4,25,29,Normal,Spray,Spray,53,87,88,121,70,51,65,88,57,69,79,59,-,-,-,23,25,21,16,8,9,4,53,-,-,-,-,-,-,-,-,59,71,65,50,No,83105,Bronze,46,0,45,Yes,N,0
SP,Pat Ragan,R,R,6,11,11,62,17,28,8,5,12,39,32,18,17,Normal,Normal,Normal,65,83,84,120,65,65,61,87,56,64,76,71,-,-,-,31,27,27,23,6,8,1,67,-,-,-,-,-,-,-,-,53,71,71,36,No,83114,Bronze,68,26,50,Yes,N,0
RP,Tony Santillan,R,R,29,29,29,22,13,21,31,29,29,22,13,21,30,Normal,Normal,Normal,86,78,65,90,73,90,83,66,95,77,16,45,1,1,1,21,51,65,49,56,44,55,84,-,58,20,34,-,59,33,52,30,11,31,48,No,81970,Bronze,31,0,39,Yes,N,0
SP,Dupee Shaw,L,L,8,8,29,43,4,41,40,9,30,44,5,43,42,Normal,Normal,Normal,73,72,64,74,72,75,78,64,88,73,82,60,-,-,-,25,28,25,22,52,63,68,60,-,-,-,-,-,-,-,57,85,91,103,74,No,83104,Bronze,73,0,81,Yes,N,0
RP,Justin Slaten,R,R,19,19,20,23,3,14,20,19,20,23,3,14,20,Normal,Normal,Normal,76,76,75,76,76,76,78,75,81,77,22,42,2,2,4,22,12,47,13,33,5,1,45,-,36,-,-,-,-,-,-,17,17,12,21,No,82597,Bronze,31,0,43,Yes,N,0
RP,Jesus Tinoco,R,R,40,40,35,27,10,32,34,40,35,27,10,32,34,Normal,Normal,Normal,68,75,73,73,76,77,84,76,86,83,19,70,-,-,-,14,27,25,8,-,-,-,45,-,36,-,-,-,-,-,-,16,17,9,22,No,82121,Bronze,30,0,33,Yes,N,0
SS,Specs Toporcer,L,R,49,46,75,76,37,140,106,51,75,74,60,86,102,Normal,Pull,Pull,1,3,1,1,4,1,3,1,1,4,1,12,-,-,-,66,79,65,59,3,6,10,-,-,-,71,67,57,-,-,-,60,73,53,53,No,83562,Bronze,45,0,54,Yes,N,0
RP,Mike Vasil,L,R,16,16,15,14,11,14,14,17,16,15,12,15,15,Normal,Normal,Normal,64,79,73,80,79,68,87,74,95,83,45,40,2,2,5,17,18,69,3,37,30,29,50,-,37,-,2,-,30,-,17,22,28,12,26,No,82482,Bronze,30,0,34,Yes,N,0
LF,Nelson Velazquez,R,R,63,66,70,70,92,77,76,63,67,64,92,74,73,Normal,Ex. Pull,Pull,1,27,1,79,1,1,24,1,72,1,1,-,1,1,2,30,44,54,18,55,56,69,82,-,55,10,25,-,63,36,60,42,75,54,62,No,81870,Bronze,41,0,35,Yes,N,0
CF,Matt Vierling,R,R,79,81,82,82,69,77,84,79,79,79,70,74,82,Normal,Pull,Pull,1,42,23,80,24,1,42,24,76,25,45,41,2,2,2,38,40,70,39,64,58,75,88,-,74,28,38,11,75,50,72,68,70,31,69,No,82404,Bronze,34,0,34,Yes,N,0
SS,Anthony Volpe,R,R,72,76,78,90,78,85,82,71,73,87,75,76,77,Normal,Pull,Pull,1,26,1,78,1,1,24,1,72,1,1,-,-,-,3,83,81,66,69,66,60,54,136,-,76,90,78,73,72,48,64,65,84,75,78,No,82568,Bronze,33,26,34,Yes,N,0
1B,LaMonte Wade Jr.,L,L,64,64,68,60,75,98,73,64,71,62,79,103,81,Normal,Normal,Normal,1,28,18,78,4,1,27,15,78,2,1,-,4,4,4,28,45,63,24,56,55,64,83,-,57,-,-,-,62,35,58,41,16,3,73,No,82467,Bronze,31,0,31,Yes,N,0
SP,Earl Whitehill,L,L,26,15,15,31,60,46,13,30,27,38,55,46,26,Normal,Normal,Normal,95,56,59,40,65,86,72,68,80,69,82,49,-,-,-,27,19,22,20,3,8,2,53,-,-,-,-,-,-,-,-,7,6,5,9,No,83066,Bronze,111,26,123,Yes,N,0
RP,Alex Wilson,R,R,1,1,4,3,1,3,1,1,4,3,1,3,1,Normal,Spray,Spray,48,88,71,76,94,56,91,95,86,94,19,115,-,-,-,30,20,24,23,3,2,1,59,-,-,-,-,-,-,-,-,5,6,4,5,No,83115,Bronze,28,0,29,No,N,0
RF,Whitey Witt,L,R,73,70,72,92,70,105,75,75,84,67,48,89,94,Normal,Normal,Normal,1,5,1,1,7,1,5,1,1,7,1,1,-,-,-,5,7,7,7,60,66,54,-,-,-,-,-,-,67,40,59,62,65,73,51,No,83553,Bronze,51,0,60,Yes,N,0
RP,Grant Anderson,R,R,46,46,37,32,10,18,30,46,37,32,10,18,30,Normal,Normal,Normal,82,70,69,80,65,89,79,71,91,74,19,31,2,2,1,23,17,38,18,13,21,28,50,-,33,-,-,-,-,-,-,13,13,6,21,No,81920,Bronze,29,0,29,Yes,N,0
SS,Charlie Babb,S,R,78,86,74,47,17,91,63,75,79,68,32,97,86,Groundball,Pull,Pull,1,1,1,1,1,1,1,1,1,1,1,4,-,-,-,86,70,78,71,6,5,5,-,-,76,-,-,76,-,-,-,61,88,85,64,No,82882,Bronze,104,0,199,Yes,N,0
RP,Scott Barlow,R,R,34,34,35,26,4,23,39,34,35,26,4,23,39,Normal,Normal,Normal,92,79,62,91,74,91,81,62,94,75,15,53,-,-,-,15,31,48,26,-,-,-,58,-,40,-,-,-,-,-,-,9,5,8,15,No,82279,Bronze,28,26,32,Yes,N,0
RP,Jalen Beeks,L,L,20,20,23,30,5,31,27,20,23,30,5,31,27,Normal,Normal,Normal,80,85,80,78,89,73,79,73,79,79,19,65,3,3,2,29,24,64,18,8,25,21,71,-,41,-,-,-,-,-,-,12,13,14,10,No,84960,Bronze,35,0,43,Yes,N,0
SP,Brayan Bello,R,R,28,28,31,38,2,20,35,28,31,38,2,20,35,Normal,Normal,Normal,62,71,70,72,71,72,79,76,77,81,63,53,3,3,1,26,32,56,26,7,25,20,73,-,47,7,19,-,-,-,-,16,17,8,24,No,82619,Bronze,40,0,61,Yes,N,0
SS,Joe Boley,R,R,69,86,89,71,22,64,92,64,88,73,37,66,127,Normal,Pull,Pull,1,2,1,1,3,1,2,1,1,3,1,11,-,-,-,90,74,82,75,9,1,6,-,-,-,-,-,82,-,-,-,67,66,73,55,No,84337,Bronze,45,0,40,Yes,N,0
SS,Mike Bordick,R,R,43,31,70,102,65,84,105,47,73,73,73,78,99,Normal,Normal,Normal,1,3,1,1,4,1,3,1,2,4,1,17,-,-,-,74,107,79,69,6,9,10,-,-,-,93,-,80,-,-,-,36,56,63,41,No,83477,Bronze,27,0,26,No,N,0
RF,Dominic Canzone,L,R,72,75,74,71,87,64,74,71,74,76,89,66,79,Normal,Pull,Normal,1,27,1,79,1,1,24,1,71,1,1,-,3,3,1,26,33,58,18,54,54,58,75,-,42,3,20,-,59,31,53,23,67,21,51,No,82232,Bronze,40,0,28,Yes,N,0
1B,Hal Chase,R,L,109,128,99,118,10,49,75,103,100,76,74,23,92,Groundball,Pull,Pull,1,2,1,1,3,1,2,1,1,3,1,25,-,-,-,59,39,53,47,54,63,42,-,-,71,24,-,-,57,29,-,75,84,76,75,No,83524,Bronze,45,0,43,Yes,N,0
RP,Cooper Criswell,R,R,25,25,21,34,3,28,18,25,21,34,3,28,18,Normal,Normal,Normal,62,70,81,78,67,72,78,87,83,76,35,44,2,2,1,13,32,37,14,13,22,35,51,-,42,-,-,-,-,-,-,16,16,6,25,No,82243,Bronze,37,0,64,Yes,N,0
LF,Tom Daley,L,R,54,42,78,79,23,99,125,59,72,63,25,127,87,Normal,Spray,Spray,1,3,1,1,5,1,4,1,2,5,1,12,-,-,-,3,4,2,3,51,83,61,-,-,-,-,-,-,62,31,56,90,82,89,79,No,82885,Bronze,66,26,75,Yes,N,0
RP,Enyel De Los Santos,R,R,32,33,28,17,2,11,18,32,26,16,1,10,17,Normal,Normal,Normal,80,72,79,81,68,83,74,80,83,70,16,58,1,1,1,21,28,54,26,1,1,1,63,-,45,2,14,-,-,-,-,19,11,17,30,No,82183,Bronze,33,0,36,Yes,N,0
RP,Alexis Diaz,R,R,25,25,20,30,27,10,16,25,20,30,27,10,16,Normal,Pull,Pull,82,85,57,96,80,85,99,58,119,90,15,52,1,1,1,30,9,75,24,16,17,38,59,-,41,-,-,-,6,-,-,10,11,1,18,No,82213,Bronze,33,0,34,Yes,N,0
CF,John Dobbs,L,R,54,63,71,56,63,69,82,50,77,76,64,87,109,Normal,Pull,Pull,1,1,1,1,1,1,1,1,1,1,1,21,-,-,-,58,52,72,39,66,83,56,-,-,-,-,53,-,77,51,-,73,83,84,85,No,84345,Bronze,46,0,50,Yes,N,0
C,Frank Duncan,L,R,42,42,66,69,71,86,85,43,68,71,73,88,89,Normal,Normal,Normal,47,55,60,67,49,46,54,61,66,48,49,51,89,79,81,62,22,47,55,64,69,66,91,87,58,42,29,21,74,49,69,69,81,76,66,No,84419,Bronze,51,0,129,Yes,N,0
RP,Tyler Ferguson,R,R,22,22,17,14,6,7,13,22,17,15,5,6,12,Normal,Pull,Pull,80,83,64,82,84,83,89,65,89,90,18,50,1,1,3,35,46,41,14,64,20,62,84,-,73,10,19,-,64,42,59,18,3,45,6,No,82259,Bronze,34,0,33,Yes,N,0
RP,Luis Garcia,R,R,35,36,31,21,5,21,25,35,30,21,5,21,25,Normal,Spray,Spray,69,82,71,62,93,76,91,74,63,105,15,38,2,2,2,8,18,50,11,30,22,11,35,-,21,-,-,-,16,-,-,14,13,6,23,No,82087,Bronze,38,0,48,Yes,N,0
SP,Ryan Gusto,R,R,21,21,25,15,7,18,30,21,25,15,7,18,29,Normal,Spray,Spray,67,74,75,73,75,68,75,76,75,75,54,41,1,1,3,29,20,56,16,24,2,45,64,-,50,-,14,-,-,-,-,15,17,11,18,No,82118,Bronze,31,0,34,Yes,N,0
RP,Brenan Hanifee,R,R,22,22,20,17,5,15,18,22,20,17,5,15,18,Normal,Spray,Spray,58,76,93,69,80,61,84,94,78,87,20,52,-,-,-,33,44,43,23,-,-,-,83,-,75,14,19,-,-,-,-,17,18,9,25,No,82395,Bronze,38,0,43,Yes,N,0
2B,Mike Herrera,R,R,63,69,80,62,36,61,94,62,80,84,36,57,105,Normal,Normal,Normal,1,10,1,29,1,1,11,1,26,4,10,16,53,53,53,90,71,51,91,75,62,62,-,45,56,100,70,75,84,63,77,61,66,59,59,No,84415,Bronze,32,0,45,Yes,N,0
C,Carter Jensen,L,R,77,78,66,71,76,86,52,77,68,74,81,88,61,Normal,Ex. Pull,Pull,1,25,8,75,1,1,26,8,76,1,9,14,59,63,81,24,30,63,16,39,43,67,69,65,42,-,20,-,42,-,40,72,78,22,25,No,82374,Bronze,28,8,29,Yes,N,0
RP,Brad Keller,R,R,26,26,22,37,6,20,18,26,22,37,6,20,18,Normal,Normal,Normal,79,75,76,84,71,74,75,73,87,70,21,27,2,2,2,27,30,61,9,7,23,34,72,-,58,-,20,-,-,-,-,16,3,9,36,No,82061,Bronze,33,0,30,Yes,N,0
C,Clyde Kluttz,R,R,63,63,84,82,74,61,114,64,84,87,75,57,112,Normal,Normal,Normal,1,3,1,1,4,1,3,1,1,4,1,2,66,42,73,9,8,8,6,6,9,8,-,55,-,-,-,-,-,-,-,32,58,19,52,No,83595,Bronze,42,0,50,Yes,N,0
2B,Frank LaPorte,R,R,73,66,84,109,69,63,107,76,87,83,47,56,99,Line Drive,Normal,Normal,1,1,1,1,2,1,1,1,1,2,1,17,-,-,-,66,63,48,91,43,44,60,-,-,-,77,54,-,46,-,41,65,71,69,60,No,84126,Bronze,53,30,50,Yes,N,0
SS,Brooks Lee,S,R,69,69,80,66,76,69,94,69,80,67,74,71,95,Normal,Spray,Spray,1,25,2,73,1,1,25,2,74,1,1,-,2,2,2,68,81,69,61,71,78,55,128,-,92,75,72,61,81,57,72,20,72,14,70,No,82326,Bronze,30,0,32,Yes,N,0
1B,Dale Long,L,L,46,43,65,62,70,87,84,48,77,72,76,92,112,Normal,Normal,Normal,1,1,1,1,1,1,1,1,1,1,1,25,-,-,-,20,26,25,31,6,9,7,-,-,43,-,-,-,-,-,-,37,78,45,58,No,83484,Bronze,42,0,41,Yes,N,0
C,Deacon McGuire,R,R,55,61,78,75,87,71,99,53,75,68,75,69,100,Normal,Spray,Spray,1,5,1,1,7,1,5,1,1,7,1,23,54,70,46,4,5,9,10,10,8,2,-,51,8,-,-,-,-,-,-,66,77,81,59,No,83568,Bronze,59,0,53,Yes,N,0
3B,John Morrill,R,R,78,79,80,83,28,92,83,78,79,82,27,92,82,Normal,Pull,Pull,1,3,1,1,4,1,3,1,1,4,1,18,-,-,-,51,63,66,29,10,7,9,-,-,75,43,50,-,-,-,-,68,85,88,60,No,83523,Bronze,49,0,67,Yes,N,0
3B,Jim Norman,R,R,42,43,71,125,73,80,97,42,70,123,71,78,95,Line Drive,Normal,Normal,1,7,1,19,2,1,7,1,19,2,1,22,1,1,1,81,65,88,73,8,6,4,-,-,-,86,83,-,-,-,-,64,64,63,59,No,84439,Bronze,61,27,50,Yes,N,0
RP,Eric Orze,R,R,21,21,22,18,3,22,23,21,22,18,3,22,23,Normal,Normal,Normal,84,80,68,74,83,83,82,67,79,84,21,31,2,2,1,21,19,40,15,8,16,21,49,-,39,-,-,-,-,-,-,10,4,15,11,No,82330,Bronze,32,0,34,Yes,N,0
2B,Richie Palacios,L,R,69,72,78,61,43,89,86,69,77,60,58,91,87,Normal,Spray,Spray,1,27,1,80,1,1,25,1,73,1,5,-,2,2,1,60,64,44,62,62,62,44,112,-,69,61,46,41,66,41,55,45,81,58,71,No,82528,Bronze,30,0,33,Yes,N,0
2B,Javier Perez,R,R,64,65,75,74,32,80,88,64,74,74,32,79,87,Normal,Spray,Spray,1,7,1,19,2,1,8,1,20,2,1,12,53,53,53,85,65,75,82,75,62,62,-,45,-,92,78,75,-,63,77,33,71,38,55,No,84424,Bronze,32,0,34,Yes,N,0
SP,Martin Perez,L,L,33,34,30,21,5,21,25,33,29,21,5,21,25,Normal,Normal,Normal,71,83,77,85,82,62,77,71,81,75,58,76,-,-,-,20,18,54,7,-,-,-,50,-,31,-,-,-,-,-,-,20,22,22,15,No,82130,Bronze,31,0,30,Yes,N,0
C,Salvador Perez,R,R,62,63,73,67,92,49,86,62,72,69,90,43,84,Normal,Ex. Pull,Pull,1,28,1,83,1,1,27,1,80,1,-,-,54,54,72,27,43,58,17,17,17,28,81,55,62,6,25,-,5,-,-,5,6,4,38,No,82378,Bronze,33,0,33,Yes,N,0
RP,Connor Phillips,R,R,17,17,18,19,5,19,19,17,18,19,5,19,19,Normal,Pull,Pull,86,80,58,90,75,85,80,58,91,75,25,28,1,1,2,27,26,56,17,66,13,25,68,-,48,-,16,-,54,32,34,18,17,15,21,No,81967,Bronze,30,0,33,Yes,N,0
RP,Erasmo Ramirez,R,R,1,1,4,3,1,3,1,1,4,3,1,3,1,Normal,Normal,Normal,35,84,92,63,95,34,81,91,61,92,56,65,-,-,-,28,23,25,24,9,9,7,58,-,-,-,-,-,-,-,-,5,6,5,5,No,84622,Bronze,29,0,28,Yes,N,0
CF,Harry Rice,L,R,61,75,84,96,50,98,95,54,82,69,65,78,121,Normal,Pull,Pull,1,2,1,1,3,1,2,1,1,3,1,10,-,-,-,10,2,6,6,69,48,80,-,-,-,-,-,-,-,56,77,58,51,57,64,No,83552,Bronze,90,0,155,Yes,N,0
SS,Ryan Ritter,R,R,93,90,75,102,66,80,62,94,76,92,68,77,60,Normal,Normal,Normal,1,24,1,71,1,1,26,1,78,1,1,-,1,1,1,83,84,79,71,55,58,61,140,-,91,93,87,79,62,34,56,69,73,32,51,No,81817,Bronze,36,0,34,Yes,N,0
C,Bill Salkeld,L,R,71,16,20,10,10,131,25,81,69,41,92,138,57,Normal,Pull,Pull,1,1,1,1,2,1,5,1,12,2,1,13,65,54,46,10,5,4,5,8,3,2,-,49,-,-,-,-,-,-,-,39,58,20,40,No,83630,Bronze,38,0,73,Yes,N,0
2B,Chuck Schilling,R,R,62,59,79,78,52,86,108,64,79,57,33,89,98,Normal,Spray,Spray,1,2,1,1,3,1,2,1,1,3,1,8,-,-,-,67,115,42,68,5,9,9,-,-,-,86,-,-,-,-,-,38,60,43,42,No,85483,Bronze,1 598,1 400,1 793,No,N,0
SP,Noah Schultz,L,L,16,16,22,5,10,12,28,16,22,5,10,12,28,Normal,Normal,Normal,77,85,65,85,86,73,77,64,76,78,61,55,1,1,1,47,49,42,54,27,23,23,95,-,110,-,-,-,16,-,1,17,5,25,21,No,85232,Bronze,53,30,60,Yes,N,0
SP,JP Sears,R,L,23,23,20,21,10,14,17,23,20,21,10,14,17,Normal,Spray,Spray,78,76,91,110,60,69,64,87,86,53,68,57,2,2,2,25,39,47,6,6,19,16,75,-,44,-,-,-,-,-,-,19,16,14,28,No,81762,Bronze,31,0,34,Yes,N,0
LF,George Shively,L,L,60,60,75,99,66,73,94,61,77,101,67,73,96,Line Drive,Pull,Normal,1,6,1,18,1,1,6,1,18,1,1,5,1,1,1,7,7,11,2,64,65,68,-,-,-,-,-,-,74,49,69,88,97,99,76,No,84422,Bronze,73,0,62,Yes,N,0
CF,Myles Straw,R,R,75,77,84,69,48,73,93,75,82,70,45,72,91,Groundball,Spray,Spray,1,28,1,84,1,1,27,1,80,1,1,-,2,2,2,57,48,69,46,92,80,71,103,-,57,49,50,37,108,91,102,75,85,64,87,No,82497,Bronze,32,0,46,Yes,N,0
RP,Blade Tidwell,R,R,20,20,21,17,1,19,22,20,21,17,1,19,22,Normal,Normal,Normal,68,74,74,76,73,70,77,76,79,77,40,50,1,1,1,23,31,47,21,8,19,22,67,-,51,1,12,-,-,-,-,13,1,5,33,No,84994,Bronze,119,28,222,Yes,N,0
SP,Lefty Tyler,L,L,24,15,16,76,5,63,16,27,29,97,4,55,31,Line Drive,Spray,Spray,81,67,61,55,73,75,77,62,88,72,83,69,-,-,-,35,24,30,30,3,2,1,70,-,-,-,-,-,-,-,-,51,30,51,62,No,83093,Bronze,57,30,55,Yes,N,0
1B,Andrew Vaughn,R,R,67,70,79,78,89,80,92,66,76,77,85,70,88,Normal,Pull,Pull,1,26,1,78,1,1,25,1,73,1,1,-,1,1,5,34,36,46,38,41,47,56,81,-,55,21,20,-,43,12,37,37,16,3,53,No,81926,Bronze,30,28,37,Yes,N,0
CF,Max West,L,R,54,37,55,90,47,67,69,60,76,69,65,92,96,Normal,Spray,Spray,1,2,1,1,3,1,2,1,2,3,1,20,-,-,-,39,30,33,31,73,65,92,-,-,55,-,-,-,89,66,90,43,49,22,41,No,83930,Bronze,62,0,90,Yes,N,0
3B,Harry Wolverton,S,R,54,45,90,78,36,63,180,58,104,72,21,76,213,Normal,Normal,Normal,1,1,1,1,1,1,1,1,2,1,1,4,-,-,-,48,68,63,37,8,1,6,-,-,-,-,50,-,-,-,-,67,84,85,60,No,82894,Bronze,92,26,88,Yes,N,0
SS,Nick Allen,R,R,74,83,87,61,49,81,91,72,78,63,42,75,86,Groundball,Spray,Spray,1,31,1,92,1,1,25,1,73,1,1,-,2,2,2,85,93,86,77,64,70,63,147,-,69,100,96,87,75,49,68,40,72,53,92,No,82169,Bronze,29,0,28,Yes,N,0
3B,Nolan Arenado,R,R,67,69,82,66,76,66,99,67,80,65,74,64,97,Normal,Ex. Pull,Pull,1,26,1,78,1,1,25,1,74,1,3,-,-,-,-,69,84,80,52,55,65,88,130,-,93,74,78,64,69,40,70,20,72,20,38,No,81847,Bronze,34,0,35,Yes,N,0
SP,Javier Assad,R,R,14,16,17,23,3,23,17,14,15,22,2,22,16,Normal,Normal,Normal,67,78,83,78,79,61,70,74,77,67,55,53,1,1,1,27,48,52,23,11,11,41,82,-,56,11,24,-,-,-,-,29,11,43,33,No,84917,Bronze,93,30,93,Yes,N,0
SP,Johnny Babich,R,R,3,6,7,8,1,18,4,3,8,17,1,13,9,Normal,Spray,Spray,58,77,58,114,59,68,71,78,70,72,82,81,-,-,-,30,20,24,23,3,3,6,59,-,-,-,-,-,-,-,-,5,6,5,5,No,82806,Bronze,47,26,51,Yes,N,0
SP,Jim Bagby,S,R,35,31,57,107,46,39,77,37,58,135,32,60,73,Line Drive,Normal,Normal,44,65,89,64,66,45,77,99,86,73,73,89,-,-,-,24,32,26,23,5,7,6,64,-,-,-,-,-,-,-,-,26,9,8,29,No,84026,Bronze,38,0,44,Yes,N,0
SP,Mason Barnett,R,R,14,14,12,18,2,14,9,14,12,18,2,14,9,Normal,Spray,Spray,64,74,70,76,73,70,79,73,81,78,57,52,1,1,1,43,46,47,44,3,3,3,91,-,68,34,30,18,-,-,-,24,11,28,33,No,82275,Bronze,30,0,33,Yes,N,0
SP,Bill Bayne,L,L,4,3,5,10,9,6,2,5,7,5,4,12,4,Normal,Spray,Spray,97,71,51,60,77,93,71,48,88,63,53,44,-,-,-,29,20,24,23,5,2,9,57,-,-,-,-,-,-,-,-,11,6,5,17,No,82810,Bronze,38,0,31,Yes,N,0
SS,Johnny Berardino,R,R,56,39,68,86,43,70,92,61,84,92,65,67,117,Line Drive,Spray,Spray,1,1,1,1,1,1,1,1,2,1,1,12,-,-,-,60,71,63,65,4,9,10,-,-,-,66,61,50,-,-,-,51,51,41,68,No,83487,Bronze,59,35,53,Yes,N,0
SP,Ryan Bergert,R,R,23,23,31,24,10,41,38,23,31,24,10,41,38,Normal,Normal,Normal,64,77,70,81,75,67,79,71,84,77,54,47,2,2,1,17,23,42,19,7,15,25,50,-,32,-,-,-,-,-,-,23,12,17,39,No,82366,Bronze,32,0,38,Yes,N,0
3B,Buddy Blair,L,R,69,80,84,95,71,55,90,66,87,86,65,62,117,Normal,Normal,Normal,1,3,1,1,4,1,3,1,1,4,1,18,-,-,-,55,54,69,38,6,2,1,-,-,-,-,51,-,-,-,-,51,38,43,45,No,84326,Bronze,47,26,43,Yes,N,0
1B,Jim Bottomley,L,L,64,47,64,110,81,66,77,68,76,112,85,68,87,Line Drive,Normal,Normal,1,2,1,1,3,1,2,1,2,3,1,20,-,-,-,24,38,34,40,4,1,6,-,-,46,-,-,-,-,-,-,36,6,4,37,No,83493,Bronze,58,0,59,Yes,N,0
RP,Don Brennan,R,R,1,1,4,3,1,4,1,1,4,3,1,4,1,Normal,Normal,Normal,67,71,51,88,63,92,92,63,101,88,25,45,-,-,-,23,20,22,23,3,10,4,50,-,-,-,-,-,-,-,-,13,6,5,22,No,83125,Bronze,60,0,94,Yes,N,0
3B,Jonah Bride,R,R,62,65,72,63,63,100,81,62,70,65,65,93,79,Normal,Normal,Normal,1,27,1,79,1,1,25,1,75,1,-,-,33,39,50,59,56,75,52,48,53,60,110,28,68,56,59,45,53,23,47,5,11,9,51,No,82193,Bronze,35,0,36,Yes,N,0
RF,Jac Caglianone,L,L,73,71,68,72,81,68,67,74,71,76,90,71,69,Normal,Ex. Pull,Pull,64,66,44,77,61,65,69,39,87,60,55,48,2,2,2,22,39,58,23,56,53,79,76,-,59,-,-,-,66,39,65,21,72,15,36,No,82370,Bronze,32,0,30,Yes,N,0
RF,Owen Caissie,L,R,87,87,68,84,78,79,46,88,72,88,81,81,55,Normal,Pull,Pull,1,26,3,76,1,1,26,3,77,1,5,18,1,1,1,3,11,19,5,64,70,72,-,-,11,-,-,-,76,51,72,33,62,22,54,No,84997,Bronze,37,26,42,Yes,N,0
CF,Jose Cardenal,R,R,52,36,68,102,68,67,96,58,80,73,65,68,112,Line Drive,Normal,Normal,1,3,1,1,4,1,3,1,2,4,1,24,-,-,-,56,54,70,39,72,67,61,-,-,-,-,52,-,81,59,74,71,97,83,91,No,83482,Bronze,55,26,62,Yes,N,0
LF,Max Carey,S,R,57,68,75,117,75,85,84,50,73,78,73,76,97,Normal,Spray,Spray,1,2,1,1,3,1,2,1,1,3,1,24,-,-,-,5,1,1,8,47,103,69,-,-,-,-,-,-,64,30,59,66,90,88,67,No,83555,Bronze,49,26,47,Yes,N,0
CF,Phil Cavarretta,L,L,63,64,66,72,62,70,70,63,76,86,71,72,92,Normal,Normal,Normal,1,1,1,1,1,1,1,1,1,1,1,24,-,-,-,39,21,30,31,68,62,96,-,-,50,-,-,-,84,59,86,71,69,61,72,No,83491,Bronze,47,0,48,Yes,N,0
2B,Bill Cissell,R,R,73,84,110,56,48,54,150,70,85,76,69,51,105,Groundball,Normal,Normal,1,3,1,1,4,1,3,1,1,4,1,19,-,-,-,73,54,51,63,7,4,2,-,-,-,70,-,49,-,-,-,67,69,82,72,No,82891,Bronze,63,26,69,Yes,N,0
1B,Kody Clemens,L,R,59,56,64,70,88,68,72,60,67,74,91,69,76,Normal,Normal,Normal,1,88,41,70,97,2,71,64,80,67,23,19,-,-,-,52,55,78,52,55,58,68,106,-,75,50,57,40,64,36,60,71,74,21,66,No,82332,Bronze,30,0,31,Yes,N,0
LF,Griffin Conine,L,R,83,80,65,67,70,83,45,85,69,72,75,90,53,Normal,Ex. Pull,Pull,1,23,1,68,1,1,27,1,80,1,1,-,2,2,5,26,41,59,18,58,68,72,79,-,52,6,24,-,70,42,66,53,6,5,63,No,82112,Bronze,31,0,33,Yes,N,0
RP,Emerson Dickman,R,R,1,1,4,3,1,4,1,1,4,3,1,4,1,Normal,Pull,Pull,39,96,78,72,108,92,55,73,83,41,45,62,-,-,-,35,20,26,23,5,4,9,65,-,-,-,-,-,-,-,-,6,6,5,6,No,85025,Bronze,92,29,104,Yes,N,0
SS,Mauricio Dubon,R,R,72,75,88,75,62,61,102,72,85,76,53,56,101,Normal,Normal,Normal,1,27,3,80,1,1,25,2,74,1,4,-,1,1,3,80,63,72,81,82,74,66,128,-,84,87,74,69,95,75,88,23,72,19,56,No,82144,Bronze,29,0,30,Yes,N,0
2B,Jimmy Dykes,R,R,89,95,92,67,75,75,86,88,75,92,54,75,65,Normal,Normal,Normal,1,1,1,1,2,1,1,1,1,2,1,14,-,-,-,64,61,51,63,7,1,8,-,-,63,64,50,45,-,-,-,43,44,25,39,No,83554,Bronze,56,0,48,Yes,N,0
2B,Dick Egan,R,R,49,58,83,73,52,83,119,47,75,64,33,73,107,Normal,Spray,Spray,1,5,1,1,7,1,5,1,1,7,1,14,-,-,-,86,74,56,78,8,8,10,-,-,-,94,-,72,-,-,-,71,85,85,67,No,84123,Bronze,47,26,50,Yes,N,0
CL,Calvin Faucher,R,R,24,24,23,16,7,17,22,24,23,16,7,17,22,Normal,Spray,Spray,86,83,66,73,88,81,82,64,76,85,17,54,2,2,3,34,29,46,3,22,57,7,75,-,52,-,12,-,13,-,-,20,19,16,24,No,82119,Bronze,32,0,40,Yes,N,0
C,Hunter Feduccia,L,R,72,69,60,63,60,88,47,73,67,76,66,96,62,Normal,Normal,Normal,1,23,1,67,1,1,28,1,82,1,1,-,64,64,62,25,29,57,22,40,17,23,70,60,48,4,18,-,28,-,9,50,16,5,16,No,82531,Bronze,33,0,38,Yes,N,0
2B,Jose Fermin,R,R,48,41,70,80,60,95,97,51,72,88,57,91,94,Line Drive,Spray,Spray,1,20,1,59,1,1,30,1,88,1,1,-,-,-,1,66,66,54,67,59,64,56,118,-,65,70,56,51,66,40,59,40,77,65,53,No,81869,Bronze,29,0,32,Yes,N,0
SP,Chuck Finley,L,L,4,5,6,3,1,3,1,4,6,4,1,3,2,Normal,Normal,Normal,93,89,63,73,98,87,80,42,64,89,88,57,-,-,-,25,13,19,20,7,2,1,44,-,-,-,-,-,-,-,-,14,6,4,24,No,85338,Bronze,39,27,45,No,N,0
1B,Ty France,R,R,75,77,85,73,74,63,94,75,84,73,73,62,95,Normal,Pull,Pull,1,27,24,79,1,1,25,25,75,1,16,33,1,1,1,45,57,50,46,43,49,52,98,-,72,40,37,25,45,14,38,2,16,4,50,No,81746,Bronze,36,0,26,Yes,N,0
SP,Kyle Freeland,L,L,26,25,22,28,33,23,20,27,24,30,34,25,22,Normal,Pull,Pull,71,75,100,70,78,59,68,90,69,68,61,56,3,3,1,45,15,55,9,28,19,34,76,-,65,-,-,-,19,-,9,21,23,14,25,No,81831,Bronze,30,0,33,Yes,N,0
3B,Bernie Friberg,R,R,61,63,72,64,57,89,83,61,66,62,55,82,73,Normal,Normal,Normal,38,46,43,48,45,49,62,49,65,61,25,19,-,-,-,68,65,79,61,52,44,72,-,-,-,71,71,59,58,-,56,57,54,65,55,No,84121,Bronze,42,0,49,Yes,N,0
2B,Billy Gilbert,R,R,44,32,69,26,36,93,101,49,76,41,58,115,106,Normal,Spray,Spray,1,1,1,1,2,1,2,1,2,2,1,9,-,-,-,62,58,38,86,3,9,8,-,-,-,69,-,44,-,-,-,50,92,88,69,No,82883,Bronze,45,0,50,Yes,N,0
LF,Sam Haggerty,S,R,90,86,88,86,57,72,89,92,87,72,40,71,81,Groundball,Normal,Normal,1,23,1,69,1,1,27,1,80,1,1,-,4,4,1,67,61,50,56,74,64,53,115,-,73,65,51,46,82,60,72,85,94,85,57,No,82204,Bronze,37,0,42,Yes,N,0
3B,Chase Headley,S,R,95,77,77,84,59,40,79,101,87,71,44,96,73,Groundball,Pull,Pull,1,3,1,1,5,1,4,1,2,5,1,9,-,-,-,58,64,71,49,6,9,10,-,-,86,56,59,-,-,-,-,36,67,35,44,No,83611,Bronze,79,0,99,Yes,N,0
CF,Charlie Hemphill,L,L,43,31,67,52,21,81,98,48,76,62,22,126,108,Normal,Pull,Pull,1,3,1,1,5,1,4,1,2,5,1,1,-,-,-,2,3,8,4,65,79,56,-,-,-,-,-,-,-,50,67,70,84,83,59,No,83536,Bronze,92,26,89,Yes,N,0
C,Liam Hicks,L,R,65,65,76,58,54,82,91,66,77,59,56,83,92,Normal,Pull,Pull,1,25,3,74,1,1,26,3,77,1,10,12,51,53,46,19,32,57,12,37,44,51,64,42,31,-,13,-,37,-,31,30,16,9,39,No,82110,Bronze,30,0,34,Yes,N,0
CL,Kenley Jansen,S,R,43,45,64,50,5,41,80,43,64,48,6,41,80,Normal,Normal,Normal,75,72,76,97,60,83,78,79,100,67,15,24,1,1,12,12,17,46,8,13,28,50,37,-,29,-,-,-,-,-,-,13,11,10,18,No,82419,Bronze,33,0,35,Yes,N,0
SS,Derek Jeter,R,R,99,112,104,42,27,77,90,97,87,71,46,62,76,Groundball,Normal,Normal,1,1,1,1,1,1,1,1,1,1,1,16,-,-,-,63,56,62,74,7,4,1,-,-,-,-,-,49,-,-,-,72,67,56,84,No,84343,Bronze,33,0,32,Yes,N,0
RP,Pierce Johnson,R,R,44,44,33,21,9,30,21,44,33,21,9,30,21,Normal,Normal,Normal,94,67,77,68,67,90,67,75,70,66,14,49,-,-,-,20,28,49,24,-,-,-,60,-,41,-,9,-,-,-,-,12,9,19,8,No,81972,Bronze,32,0,33,Yes,N,0
LF,Spud Johnson,L,L,125,111,88,64,3,61,67,130,96,92,4,64,69,Groundball,Normal,Normal,1,1,1,1,1,1,1,1,1,1,1,23,-,-,-,67,42,63,46,56,63,57,-,-,-,-,24,-,63,-,56,83,90,89,71,No,82715,Bronze,39,0,41,Yes,N,0
3B,Kyle Karros,R,R,79,85,79,87,55,89,74,77,73,87,49,86,71,Line Drive,Pull,Pull,1,27,1,81,1,1,24,1,70,1,1,-,2,2,1,79,82,86,36,42,47,69,135,-,111,77,84,69,47,16,45,32,76,19,36,No,81815,Bronze,32,0,37,Yes,N,0
RF,CJ Kayfus,L,L,86,85,70,103,67,82,55,87,73,109,70,87,60,Line Drive,Pull,Pull,1,38,43,74,21,1,41,42,80,22,47,59,1,1,3,34,37,48,27,63,59,65,81,-,55,-,-,-,71,46,66,84,72,34,60,No,82427,Bronze,34,0,30,Yes,N,0
RF,Jarred Kelenic,L,L,86,86,74,79,72,68,63,87,77,79,76,75,69,Normal,Spray,Spray,1,42,21,76,25,1,42,20,80,23,48,51,1,1,2,39,45,70,24,65,65,66,90,-,68,-,-,-,75,50,69,49,72,58,72,No,82456,Bronze,31,0,31,Yes,N,0
SP,Eric Lauer,R,L,35,35,29,22,14,34,17,35,29,22,14,34,17,Normal,Normal,Normal,67,66,75,90,55,74,69,80,88,60,58,62,1,1,1,19,58,46,22,17,28,53,82,-,56,-,-,-,13,-,-,18,16,15,24,No,82509,Bronze,30,0,33,Yes,N,0
3B,Jordan Lawlar,R,R,78,84,74,90,80,88,66,76,69,91,64,81,63,Normal,Normal,Normal,1,27,1,81,1,1,24,1,70,1,1,-,1,1,4,76,78,71,70,69,47,59,132,-,88,85,76,69,74,52,67,63,84,72,47,No,81840,Bronze,33,0,33,Yes,N,0
RP,Justin Lawrence,R,R,45,45,36,18,1,21,30,45,36,18,1,21,30,Normal,Normal,Normal,81,73,64,68,76,94,88,67,82,91,17,51,2,2,2,13,14,52,9,11,24,29,38,-,27,-,-,-,-,-,-,16,12,12,24,No,81913,Bronze,35,28,31,Yes,N,0
SP,Kyle Leahy,S,R,24,24,19,19,6,18,15,24,19,19,6,18,15,Normal,Normal,Normal,71,74,77,70,76,66,72,74,71,73,61,47,2,2,4,8,14,48,3,38,6,31,30,-,22,-,-,-,15,-,3,20,20,12,27,No,81883,Bronze,33,0,32,Yes,N,0
SS,Rabbit Maranville,R,R,48,53,74,65,70,99,97,47,68,50,50,83,86,Normal,Normal,Normal,1,3,1,1,5,1,3,1,1,5,1,8,-,-,-,93,75,84,78,5,9,7,-,-,-,102,-,86,-,-,-,74,83,85,58,No,84340,Bronze,85,26,85,Yes,N,0
RP,Phil Maton,R,R,9,9,15,13,4,4,19,10,16,12,5,3,21,Normal,Normal,Normal,81,74,67,78,73,90,80,70,84,79,14,61,2,2,4,7,13,56,2,32,26,30,30,-,18,-,-,-,24,-,13,9,8,19,1,No,82001,Bronze,33,0,32,Yes,N,0
RP,Isaac Mattson,R,R,20,20,19,18,2,16,17,20,19,18,2,16,17,Normal,Normal,Normal,77,83,65,86,82,77,85,64,89,84,22,26,1,1,4,35,33,44,20,39,36,31,78,-,59,10,16,-,34,-,22,15,12,13,21,No,81894,Bronze,31,0,26,Yes,N,0
RP,Luis Medina,R,R,29,30,22,20,1,26,16,29,22,20,1,26,16,Normal,Normal,Normal,68,83,66,85,82,71,85,67,83,87,31,48,1,1,1,22,56,37,33,3,3,3,82,-,51,15,16,-,-,-,-,29,6,49,33,No,82280,Bronze,29,0,31,Yes,N,0
CF,Jacob Melton,L,L,75,75,67,74,77,70,60,76,68,76,80,72,62,Normal,Pull,Pull,1,26,2,76,1,1,26,2,76,1,7,2,3,3,1,26,34,49,16,80,83,68,72,-,53,-,-,-,95,73,88,67,88,92,69,No,82521,Bronze,32,32,33,Yes,N,0
CF,Cedric Mullins,L,L,54,51,66,72,79,76,80,56,69,73,81,78,82,Normal,Ex. Pull,Normal,1,23,4,69,1,1,26,4,76,1,5,-,1,1,2,10,18,30,10,84,81,50,32,-,17,-,-,-,95,75,83,50,92,75,65,No,82534,Bronze,31,0,32,Yes,N,0
C,Bo Naylor,L,R,52,50,62,66,81,87,72,53,65,68,82,89,77,Normal,Pull,Pull,1,24,1,72,1,1,26,1,77,1,1,-,67,65,67,45,48,65,51,55,53,61,96,64,71,40,43,28,60,33,55,23,63,24,61,No,82439,Bronze,34,0,30,Yes,N,0
CF,Kyren Paris,R,R,73,75,65,71,74,92,54,73,63,69,69,85,50,Normal,Normal,Normal,1,26,6,76,1,1,26,6,77,1,2,20,1,1,2,74,66,60,68,82,77,54,123,-,76,77,63,59,94,73,83,82,91,84,61,No,82292,Bronze,29,0,30,Yes,N,0
RF,Wenceel Perez,S,R,68,68,75,72,73,70,85,68,75,76,74,72,84,Normal,Normal,Normal,1,28,1,82,1,1,28,1,82,1,1,-,1,1,1,51,64,64,53,72,72,71,108,-,67,52,52,39,85,62,80,94,76,58,66,No,82393,Bronze,34,0,38,Yes,N,0
CF,Blake Perkins,S,R,78,78,70,73,59,86,64,79,70,73,55,88,62,Groundball,Normal,Normal,1,24,1,72,1,1,25,1,75,1,1,-,2,2,3,44,26,45,13,84,73,68,80,-,54,12,17,-,98,78,91,67,78,73,57,No,81921,Bronze,34,28,42,Yes,N,0
RP,Konnor Pilkington,L,L,24,24,22,24,9,17,21,24,22,24,9,17,21,Normal,Pull,Pull,82,78,60,85,75,85,76,61,77,76,41,58,1,1,2,11,8,38,11,20,9,10,25,-,19,-,-,-,-,-,-,14,11,7,23,No,82396,Bronze,30,0,29,Yes,N,0
SP,Cal Quantrill,L,R,31,31,29,36,2,27,28,31,29,36,2,27,28,Normal,Normal,Normal,70,75,84,82,72,61,69,78,81,64,51,46,3,3,1,19,19,59,18,9,18,56,53,-,37,-,7,-,-,-,-,19,12,8,37,No,82192,Bronze,33,0,37,Yes,N,0
C,Agustin Ramirez,R,R,67,68,76,84,80,73,87,67,75,83,78,71,85,Normal,Pull,Pull,1,26,1,77,1,1,26,2,76,1,3,-,55,60,51,11,30,28,7,9,18,42,45,49,28,-,-,-,-,-,-,36,83,57,55,No,82114,Bronze,30,0,30,Yes,N,0
SP,Joe Ryan,R,R,1,1,4,3,1,3,1,1,4,3,1,3,1,Normal,Pull,Pull,85,66,95,76,62,114,49,117,71,38,68,63,-,-,-,27,20,23,23,6,6,6,55,-,-,-,-,-,-,-,-,10,6,5,14,No,84802,Bronze,38,0,35,Yes,N,0
RP,Tyler Samaniego,R,L,18,18,15,28,14,23,12,18,15,28,14,23,12,Normal,Spray,Spray,75,85,80,81,88,71,78,77,76,79,18,60,1,1,1,19,32,39,13,32,27,38,60,-,46,-,-,-,26,-,17,32,37,42,18,No,85002,Bronze,68,26,68,Yes,N,0
1B,Joe Scott,L,L,53,53,70,71,94,64,88,54,71,72,96,65,90,Normal,Spray,Normal,1,7,1,20,1,1,7,1,19,1,1,3,1,1,1,46,43,41,36,6,11,6,-,-,64,-,-,-,-,-,-,76,68,37,54,No,84432,Bronze,91,32,116,Yes,N,0
2B,Rennie Stennett,R,R,83,109,111,72,62,45,104,75,84,61,39,30,95,Groundball,Normal,Normal,1,3,1,1,5,1,3,1,1,5,1,24,-,-,-,95,54,65,86,74,54,63,-,-,-,98,-,76,82,61,75,65,62,42,69,No,83511,Bronze,40,0,39,Yes,N,0
RP,Justin Sterner,R,R,10,10,17,15,2,6,24,11,17,17,2,6,22,Normal,Pull,Pull,82,68,75,71,67,86,75,76,82,72,22,43,1,1,4,31,48,51,3,21,32,1,83,-,58,-,21,-,4,-,-,4,2,5,6,No,82260,Bronze,32,0,35,Yes,N,0
C,Joe Sugden,S,R,70,54,74,53,28,64,96,75,81,34,28,87,90,Normal,Normal,Normal,1,1,1,1,1,1,1,1,3,1,1,5,81,71,60,31,26,29,31,6,5,9,-,71,40,-,-,-,-,-,-,65,70,71,53,No,83525,Bronze,43,26,40,Yes,N,0
1B,Eric Wagaman,R,R,85,84,89,101,68,72,93,86,87,90,68,65,87,Groundball,Ex. Pull,Pull,1,25,14,75,1,1,29,11,85,1,24,-,1,1,3,28,33,65,36,43,51,65,78,-,59,15,27,-,48,17,45,31,70,24,33,No,82325,Bronze,39,0,30,Yes,N,0
RP,Andrew Walters,R,R,12,12,14,20,8,13,15,12,14,20,8,13,15,Normal,Spray,Pull,94,75,58,80,73,105,81,60,91,76,15,16,1,1,1,29,27,38,17,34,33,32,67,-,55,1,6,-,28,-,17,16,17,17,39,No,82445,Bronze,33,0,33,Yes,N,0
RP,Grant Wolfram,L,L,20,20,18,17,9,13,16,20,18,17,9,13,16,Normal,Pull,Pull,84,86,73,72,94,76,79,70,69,84,21,51,1,1,1,28,48,50,21,3,3,3,82,-,76,-,-,-,-,-,-,10,10,15,6,No,82628,Bronze,30,0,30,Yes,N,0
SS,Glenn Wright,R,R,82,107,86,69,92,49,67,74,75,72,81,50,77,Normal,Pull,Pull,1,5,1,1,7,1,5,1,1,7,1,6,-,-,-,78,54,73,77,2,10,10,-,-,-,-,-,64,-,-,-,61,58,34,62,No,83535,Bronze,53,0,50,Yes,N,0
2B,Cole Young,L,R,65,64,71,75,55,87,81,66,74,76,62,89,85,Normal,Normal,Normal,1,25,2,73,1,1,26,2,78,1,9,10,1,1,1,70,78,56,66,67,60,44,126,-,77,77,64,59,72,48,60,69,63,31,61,No,82225,Bronze,27,0,30,Yes,N,0
2B,Rollie Zeider,R,R,38,43,73,57,37,87,102,37,72,58,39,78,108,Normal,Spray,Spray,1,1,1,1,1,1,1,1,1,1,1,1,-,-,-,92,56,70,82,8,6,8,-,-,75,95,75,75,-,-,-,75,89,88,69,No,84118,Bronze,46,30,45,Yes,N,0
SP,Jimmy Zinn,L,R,2,2,5,4,1,3,1,2,5,5,1,4,2,Normal,Spray,Spray,62,59,77,25,77,82,54,96,28,67,49,56,-,-,-,25,20,22,23,8,4,8,52,-,-,-,-,-,-,-,-,13,12,3,20,No,82808,Bronze,54,26,50,Yes,N,0
C,Riley Adams,R,R,83,84,72,66,80,66,62,83,69,65,81,62,55,Groundball,Ex. Pull,Pull,1,25,1,73,1,1,26,1,76,1,1,-,50,45,68,30,24,77,27,23,49,78,76,47,56,8,30,-,29,-,31,38,16,8,41,No,82011,Iron,7,0,7,Yes,N,0
CL,Antonio Alfonseca,R,R,1,1,4,3,1,3,1,1,4,3,1,3,1,Normal,Pull,Pull,47,107,79,59,131,61,84,73,64,94,18,35,-,-,-,28,20,23,23,10,10,9,55,-,-,-,-,-,-,-,-,5,6,3,6,No,83071,Iron,10,0,11,Yes,N,0
SP,Logan Allen,R,L,39,42,40,33,43,41,41,39,37,31,41,38,39,Normal,Normal,Normal,71,81,76,87,78,65,72,73,71,73,55,55,2,2,1,39,47,61,23,38,41,55,90,-,65,-,-,-,39,-,34,30,30,22,37,No,82431,Iron,9,0,7,Yes,N,0
2B,Adael Amador,S,R,61,61,72,71,66,93,86,62,71,64,62,94,83,Normal,Normal,Normal,1,25,2,73,1,1,28,1,82,1,3,-,2,2,1,75,67,69,65,58,55,64,125,-,82,78,69,62,65,39,60,54,73,62,51,No,81801,Iron,7,0,7,Yes,N,0
CF,Garret Anderson,L,L,67,81,94,65,75,43,110,63,79,68,73,37,100,Normal,Pull,Pull,1,1,1,2,1,1,1,1,1,1,1,2,-,-,-,6,6,5,7,77,103,52,-,-,-,-,-,-,93,69,81,35,54,32,42,No,83476,Iron,8,0,7,Yes,N,0
C,Jimmy Archer,R,R,54,38,72,60,72,50,106,60,80,81,68,60,108,Normal,Normal,Normal,1,2,1,1,3,1,2,1,2,3,1,20,61,80,72,31,26,29,31,1,8,3,-,70,40,-,-,-,-,-,-,61,55,56,55,No,83526,Iron,9,0,10,Yes,N,0
RP,Kyle Backhus,L,L,18,18,14,16,1,13,10,18,14,16,1,13,10,Normal,Normal,Normal,85,78,75,83,76,80,72,75,72,72,17,68,3,3,2,18,26,60,15,7,24,24,57,-,41,-,-,-,-,-,-,12,18,1,16,No,82043,Iron,9,0,6,Yes,N,0
LF,Andrew Benintendi,L,L,70,70,72,68,74,73,76,71,78,71,78,75,87,Normal,Pull,Pull,1,25,2,73,1,1,26,2,77,1,8,-,1,1,1,19,31,30,13,49,55,57,56,-,29,-,-,-,54,24,47,24,72,14,65,No,82477,Iron,8,0,9,Yes,N,0
3B,Aaron Boone,R,R,76,55,66,76,66,48,76,82,88,81,71,44,93,Normal,Normal,Normal,1,5,1,1,7,1,5,1,3,7,1,16,-,-,-,101,81,97,46,8,4,9,-,-,-,-,101,91,-,-,-,72,78,77,72,No,83478,Iron,8,0,6,No,N,0
RF,Will Brennan,L,L,84,83,90,69,50,51,96,85,94,68,60,58,103,Groundball,Spray,Spray,58,55,50,77,44,59,55,47,83,41,44,53,3,3,2,30,32,61,11,72,71,56,77,-,48,-,-,-,81,58,73,35,67,45,69,No,81711,Iron,9,0,9,Yes,N,0
RP,Justin Bruihl,L,L,25,25,31,21,1,34,36,25,31,21,1,34,36,Normal,Normal,Normal,89,88,72,84,90,82,77,68,79,76,17,64,1,1,2,26,37,44,22,11,19,23,75,-,53,-,-,-,-,-,-,11,6,10,19,No,84971,Iron,19,0,15,Yes,N,0
RP,Andrew Chafin,R,L,33,33,29,30,13,20,23,33,29,30,13,20,23,Normal,Normal,Normal,95,81,60,83,80,95,74,61,67,78,14,52,-,-,-,32,23,59,15,-,-,-,72,-,51,-,-,-,-,-,-,10,6,15,10,No,82345,Iron,7,0,8,Yes,N,0
CF,Endy Chavez,L,L,72,72,94,50,60,43,131,73,87,65,63,42,105,Groundball,Pull,Pull,1,3,1,1,4,1,3,1,1,4,1,21,-,-,-,10,8,6,6,73,49,69,-,-,-,-,-,-,81,60,76,76,74,82,74,No,83473,Iron,7,0,7,No,N,0
CF,Zip Collins,L,L,88,88,83,57,70,63,79,89,94,51,48,63,97,Normal,Normal,Normal,1,1,1,1,2,1,1,1,1,2,1,24,-,-,-,2,8,1,4,72,47,62,-,-,-,-,-,-,77,56,71,74,71,69,68,No,82876,Iron,16,0,9,Yes,N,0
SP,Harry Coveleski,S,L,30,40,29,35,2,32,8,25,20,26,3,28,16,Normal,Normal,Normal,59,92,70,138,69,59,70,70,72,69,82,89,-,-,-,35,28,28,23,7,5,5,73,-,-,-,-,-,-,-,-,57,57,69,52,No,83059,Iron,13,0,16,Yes,N,0
RP,Chase Dollander,R,R,7,7,10,7,6,7,11,7,10,7,5,7,10,Normal,Pull,Pull,71,70,73,78,67,73,74,74,80,71,60,39,1,1,1,37,16,38,26,4,4,4,66,-,51,-,-,-,-,-,-,13,12,7,19,No,81822,Iron,8,0,9,Yes,N,0
SP,Don Drysdale,R,R,18,10,20,34,37,41,30,21,18,53,33,34,15,Normal,Normal,Normal,58,63,78,52,69,74,80,70,108,66,58,94,-,-,-,35,13,28,35,4,8,5,60,-,-,-,-,-,-,-,-,5,6,4,5,No,84241,Iron,10,0,10,Yes,N,0
LF,Pat Duncan,R,R,69,65,79,89,55,75,98,71,87,76,70,61,107,Normal,Spray,Spray,1,2,1,1,3,1,2,1,1,3,1,24,-,-,-,5,5,5,8,48,88,62,-,-,-,-,-,-,61,-,-,66,71,72,61,No,84122,Iron,10,0,9,Yes,N,0
1B,Wilmer Flores,R,R,63,45,87,77,25,62,167,67,95,81,77,62,151,Normal,Spray,Pull,1,1,1,2,1,1,1,1,1,1,1,12,-,-,-,71,61,35,34,1,5,6,-,-,93,59,38,-,-,-,-,17,6,4,28,No,83634,Iron,251,101,284,Yes,N,0
SP,Fred Goldsmith,R,R,61,61,59,128,6,54,58,61,58,126,5,53,56,Line Drive,Spray,Spray,52,71,95,71,72,51,69,94,67,70,93,62,-,-,-,27,20,21,16,1,3,7,53,-,-,-,-,-,-,-,-,58,85,94,70,No,83067,Iron,17,0,18,Yes,N,0
SP,Austin Gomber,L,L,26,26,24,26,11,45,22,26,24,26,11,45,22,Normal,Spray,Spray,64,67,91,81,61,64,67,91,80,61,53,49,2,2,4,41,23,63,22,22,10,19,79,-,70,-,-,-,1,-,-,18,17,11,26,No,82191,Iron,7,0,7,Yes,N,0
2B,Don Gutteridge,R,R,66,75,84,90,52,74,95,64,78,106,71,69,97,Line Drive,Pull,Pull,1,3,1,1,4,1,3,1,1,4,1,20,-,-,-,61,53,44,54,7,5,1,-,-,-,56,41,36,-,-,-,65,67,73,60,No,84115,Iron,12,0,10,Yes,N,0
RP,Jimmy Herget,R,R,5,5,13,5,3,4,20,6,15,4,4,5,22,Normal,Pull,Pull,71,68,83,71,67,78,76,86,84,73,18,56,2,2,2,26,19,62,3,27,30,51,59,-,44,-,11,-,23,-,18,18,11,14,28,No,81825,Iron,8,0,8,Yes,N,0
RP,Jordan Hicks,R,R,26,26,22,24,9,21,18,26,22,24,9,21,18,Normal,Spray,Spray,67,82,60,64,92,75,91,63,69,103,34,48,1,1,1,24,25,51,28,41,14,51,63,-,44,4,13,-,34,3,25,23,13,24,33,No,82486,Iron,8,0,10,Yes,N,0
3B,Andy High,L,R,41,30,81,73,39,84,172,45,79,103,61,81,126,Normal,Spray,Spray,1,1,1,1,1,1,1,1,2,1,1,12,-,-,-,48,65,64,38,9,10,1,-,-,-,44,50,34,-,-,-,55,74,16,49,No,83519,Iron,36,0,27,Yes,N,0
SP,Bob Klinger,R,R,5,8,8,5,1,19,3,4,7,11,1,9,6,Normal,Spray,Spray,51,80,71,115,63,65,69,88,55,77,59,47,-,-,-,27,48,32,23,1,9,6,80,-,-,-,-,-,-,-,-,5,6,5,5,No,83065,Iron,9,0,12,Yes,N,0
SP,Peter Lambert,R,R,24,24,22,25,5,27,20,24,22,25,5,27,20,Normal,Normal,Normal,75,72,73,72,72,74,71,72,73,71,39,33,3,3,4,35,18,55,15,15,2,18,69,-,51,-,9,-,-,-,-,24,26,19,28,No,85254,Iron,10,0,14,Yes,N,0
RP,Alex Lange,R,R,28,28,25,30,5,35,24,28,25,30,4,34,24,Normal,Normal,Normal,94,83,51,73,89,96,84,52,74,90,15,56,4,4,2,31,57,56,26,14,22,43,90,-,69,20,32,-,-,-,-,21,21,10,33,No,82380,Iron,10,0,9,Yes,N,0
RP,Casey Legumina,R,R,24,24,21,23,4,18,19,24,21,23,4,18,19,Normal,Normal,Normal,77,75,72,68,79,81,77,73,71,81,24,51,1,1,1,28,44,53,22,1,1,1,81,-,59,10,23,-,-,-,-,17,22,12,18,No,82229,Iron,10,0,14,Yes,N,0
CF,Cando Lopez,R,R,57,58,78,73,54,68,103,57,77,73,53,68,101,Normal,Normal,Spray,1,10,1,18,7,1,11,1,19,7,1,6,1,1,1,74,65,71,70,93,82,75,-,-,-,-,-,62,110,93,-,51,70,47,56,No,84413,Iron,10,0,12,Yes,N,0
CF,Angel Martinez,S,R,74,76,82,80,68,62,91,74,81,78,69,63,91,Normal,Normal,Normal,1,26,1,76,1,1,25,1,74,1,3,-,1,1,1,60,68,70,59,76,75,70,116,-,73,63,63,50,89,67,84,52,70,44,74,No,82428,Iron,9,0,8,Yes,N,0
2B,Michael Massey,L,R,74,74,79,76,71,55,86,74,79,76,72,56,88,Normal,Normal,Normal,1,27,1,73,5,1,28,1,74,5,56,-,4,4,2,68,69,54,80,57,54,46,121,-,81,76,60,56,59,33,50,23,63,24,50,No,82367,Iron,7,0,9,Yes,N,0
LF,Andrew McCutchen,R,R,71,74,72,73,74,97,72,70,67,66,68,94,66,Normal,Ex. Pull,Pull,1,25,1,75,1,1,25,1,75,1,1,-,-,-,-,13,29,27,18,43,53,44,47,-,26,-,-,-,44,13,35,8,63,16,70,No,84911,Iron,9,0,12,Yes,N,0
RP,Julian Merryweather,R,R,30,30,33,32,15,21,40,30,33,32,15,21,40,Normal,Normal,Normal,95,75,65,75,76,93,77,64,81,76,15,46,2,2,2,16,13,37,21,6,19,32,38,-,30,-,-,-,-,-,-,11,15,13,7,No,82347,Iron,9,0,10,Yes,N,0
CF,Rick Miller,L,L,90,73,73,40,20,68,74,96,92,62,35,94,85,Groundball,Normal,Normal,1,3,1,1,4,1,3,1,2,4,1,17,-,-,-,5,7,8,7,82,83,44,-,-,-,-,-,-,93,72,79,65,61,35,73,No,83508,Iron,9,0,9,Yes,N,0
C,Logan O'Hoppe,R,R,77,79,74,43,83,77,70,77,72,49,82,73,68,Normal,Ex. Pull,Pull,1,26,1,77,1,1,25,1,74,1,1,-,53,51,57,32,30,60,16,31,40,58,77,46,55,6,22,-,31,-,27,35,58,19,40,No,82305,Iron,7,0,8,Yes,N,0
RF,Carl Reynolds,R,R,58,67,89,69,60,56,120,52,77,89,80,60,107,Normal,Normal,Normal,1,2,1,1,3,1,2,1,1,3,1,14,-,-,-,6,6,10,9,65,72,67,-,-,-,-,-,-,77,51,71,89,78,78,95,No,83518,Iron,12,0,10,Yes,N,0
RP,Jesse Scholtens,R,R,16,18,32,14,5,14,43,16,31,12,4,12,41,Normal,Spray,Spray,64,71,84,77,69,68,74,87,78,73,35,53,4,4,2,21,33,43,31,3,3,3,67,-,50,6,11,-,-,-,-,15,12,11,22,No,85261,Iron,13,0,18,Yes,N,0
LF,Gavin Sheets,L,L,62,63,71,76,80,70,81,62,72,79,87,71,85,Normal,Normal,Normal,1,27,2,79,1,1,25,2,73,1,6,-,1,1,1,28,36,35,37,52,52,68,76,-,63,-,-,-,58,30,55,20,11,9,44,No,81742,Iron,12,0,18,Yes,N,0
1B,Dominic Smith,L,L,77,79,84,65,70,67,90,77,84,67,76,68,93,Normal,Ex. Pull,Pull,1,28,1,83,1,1,27,1,80,1,-,-,-,-,-,37,39,46,34,35,37,47,84,-,59,-,-,-,33,-,26,24,85,12,56,No,82138,Iron,13,0,7,Yes,N,0
CF,Jack Suwinski,L,L,74,79,64,78,72,77,44,73,67,83,75,82,63,Normal,Pull,Pull,1,31,1,93,1,1,27,1,79,1,1,-,1,1,1,28,29,53,13,69,76,60,70,-,49,-,-,-,80,55,72,46,88,53,60,No,81778,Iron,7,0,7,Yes,N,0
SP,Randy Vasquez,R,R,19,21,20,17,2,13,19,19,19,19,1,11,19,Normal,Normal,Normal,56,74,72,87,68,65,79,77,86,76,59,47,1,1,2,26,29,51,24,7,12,28,69,-,43,5,15,-,-,-,-,29,13,42,32,No,81739,Iron,9,0,8,Yes,N,0
RF,Will Venable,L,L,71,59,55,58,81,64,53,76,67,79,85,74,60,Normal,Pull,Pull,1,1,1,1,1,1,1,1,2,1,1,5,-,-,-,4,3,2,4,97,67,55,-,-,-,-,-,-,107,93,96,61,78,44,67,No,84351,Iron,7,0,10,Yes,N,0
SS,Taylor Walls,S,R,66,70,73,69,52,89,77,65,69,66,49,90,75,Normal,Normal,Normal,1,28,1,82,1,1,24,1,70,1,1,-,5,5,6,82,86,66,75,61,46,58,139,-,77,94,80,76,65,40,58,68,86,76,81,No,82530,Iron,7,0,9,Yes,N,0
LF,Claudell Washington,L,L,92,119,96,63,54,47,74,86,92,65,70,49,96,Groundball,Pull,Pull,1,2,1,2,3,1,2,1,1,3,1,24,-,-,-,7,6,4,1,50,60,60,-,-,-,-,-,-,56,27,51,83,80,88,97,No,83925,Iron,25,0,29,Yes,N,0
RP,Jacob Webb,R,R,39,39,31,32,1,16,21,39,31,32,1,16,21,Normal,Normal,Normal,81,72,75,87,65,82,75,75,92,67,15,57,3,3,1,13,15,38,23,7,20,30,36,-,25,-,-,-,-,-,-,20,18,9,33,No,81999,Iron,15,0,15,Yes,N,0
2B,Sam Antonacci,L,R,75,73,76,74,43,76,80,76,78,79,48,79,82,Normal,Pull,Spray,1,26,1,78,1,1,26,1,77,1,1,1,1,1,1,63,70,64,60,61,69,51,119,-,79,66,62,52,68,42,59,98,80,68,80,No,85231,Iron,11,0,30,Yes,N,0
3B,Jimmy Austin,S,R,68,80,79,71,40,115,80,64,68,99,62,86,74,Normal,Spray,Spray,1,3,1,1,5,1,3,1,1,5,1,11,-,-,-,75,65,85,55,3,9,9,-,-,-,-,76,64,-,-,-,73,84,86,67,No,83457,Iron,15,0,11,Yes,N,0
1B,Luken Baker,R,R,50,47,53,66,94,98,61,52,54,63,91,93,58,Normal,Ex. Pull,Pull,1,47,19,70,36,1,68,24,91,57,44,28,4,4,4,18,37,76,15,23,28,17,73,-,50,-,23,-,12,-,-,3,16,4,23,No,81841,Iron,8,0,6,Yes,N,0
SP,Jack Bentley,L,L,32,20,25,62,4,41,30,35,30,63,3,35,25,Normal,Spray,Spray,82,52,79,46,56,66,74,70,87,68,79,108,-,-,-,27,20,23,23,9,4,9,55,-,38,-,-,-,-,-,-,6,6,5,8,No,82804,Iron,12,0,12,Yes,N,0
SP,Jose Berrios,R,R,45,45,38,13,1,32,33,45,38,13,1,32,33,Normal,Normal,Normal,63,68,85,78,64,63,72,84,88,65,77,51,-,-,-,24,31,42,12,-,-,-,66,-,42,-,8,-,-,-,-,16,17,16,15,No,82515,Iron,10,0,6,Yes,N,0
RP,Jonathan Bowlan,R,R,33,34,28,20,16,20,16,33,27,20,16,20,16,Normal,Normal,Normal,76,66,78,72,64,78,67,79,71,66,29,42,4,4,4,7,5,78,12,24,23,23,29,-,18,-,-,-,13,-,-,14,11,7,23,No,82044,Iron,8,0,10,Yes,N,0
CF,Bobby Brown,S,R,61,72,66,74,70,43,61,56,69,58,91,65,82,Normal,Normal,Normal,1,3,1,1,5,1,3,1,1,5,1,22,-,-,-,6,6,10,10,90,44,58,-,-,-,-,-,-,95,80,87,86,86,89,88,No,84342,Iron,10,0,13,Yes,N,0
LF,Gates Brown,L,R,46,52,64,180,93,66,74,45,69,99,87,67,90,Normal,Normal,Normal,1,2,1,1,3,1,2,1,1,3,1,8,-,-,-,9,5,4,3,61,64,54,-,-,-,-,-,-,68,-,60,74,94,54,74,No,83547,Iron,54,6,44,Yes,N,0
RP,Tom Bruno,R,R,2,2,5,3,1,3,1,2,5,3,1,3,1,Normal,Normal,Normal,62,111,21,67,133,96,96,52,71,109,21,42,-,-,-,27,20,23,23,2,8,1,55,-,-,-,-,-,-,-,-,6,6,3,9,No,83086,Iron,8,0,11,Yes,N,0
1B,Jake Burger,R,R,70,69,72,72,92,58,77,71,72,70,91,52,74,Normal,Pull,Pull,1,24,1,70,1,1,26,1,78,1,1,-,1,1,1,39,40,53,47,39,44,65,87,-,69,30,30,10,43,4,40,20,11,8,49,No,82206,Iron,10,0,12,Yes,N,0
SP,Ice Box Chamberlain,R,R,18,19,23,70,4,46,28,18,22,69,4,44,26,Normal,Spray,Spray,67,76,63,88,70,69,79,64,92,73,81,57,-,-,-,25,28,23,16,6,5,8,58,-,-,-,-,-,-,-,-,56,78,61,44,No,83049,Iron,13,0,11,Yes,N,0
SS,Royce Clayton,R,R,62,76,73,106,36,63,72,56,71,86,57,48,87,Normal,Spray,Spray,1,2,1,1,3,1,2,1,1,3,1,5,-,-,-,101,64,91,89,3,10,4,-,-,-,-,-,93,-,-,-,79,83,87,99,No,83915,Iron,9,0,7,Yes,N,0
SP,Patrick Corbin,L,L,70,70,50,54,3,21,24,71,52,51,3,23,26,Groundball,Spray,Spray,75,78,84,74,80,61,68,76,70,68,60,93,-,-,-,28,51,49,21,23,22,39,84,-,67,-,-,-,15,-,8,11,5,17,11,No,85251,Iron,13,0,14,Yes,N,0
RP,Yerry De Los Santos,R,R,15,15,28,16,1,5,34,16,26,14,1,5,32,Normal,Normal,Normal,63,79,74,67,86,65,89,75,86,91,17,52,1,1,1,35,33,50,28,3,3,3,80,-,60,17,21,-,-,-,-,14,7,15,21,No,82560,Iron,9,0,8,Yes,N,0
C,Ted Easterly,L,R,97,38,45,10,1,54,55,118,122,101,1,60,114,Groundball,Normal,Normal,1,2,1,1,3,1,2,1,1,3,1,2,63,60,73,3,4,3,2,55,54,67,-,62,-,-,-,-,-,-,59,67,78,82,59,No,84686,Iron,9,0,10,No,N,0
RF,Jerar Encarnacion,R,R,86,85,73,60,85,76,62,87,70,59,84,67,52,Normal,Ex. Pull,Pull,1,24,1,70,1,1,27,1,79,1,1,-,1,1,6,20,34,40,11,56,50,82,62,-,48,-,5,-,66,39,66,10,72,19,56,No,81715,Iron,9,0,6,Yes,N,0
CL,Kyle Finnegan,R,R,34,34,31,18,5,26,30,34,31,18,5,26,30,Normal,Normal,Normal,74,79,75,85,76,71,78,73,88,74,15,53,-,-,-,28,16,30,15,-,-,-,52,-,41,-,-,-,-,-,-,18,11,33,9,No,82417,Iron,8,0,10,Yes,N,0
DH,David Fry,R,R,66,66,66,65,85,74,67,67,66,63,83,70,66,Normal,Pull,Pull,1,25,1,74,1,1,27,1,80,1,3,-,41,49,55,41,49,55,35,44,48,54,92,39,67,31,34,19,47,16,40,38,85,13,56,No,82426,Iron,10,0,8,Yes,N,0
RP,Carson Fulmer,R,R,21,21,18,3,6,21,14,21,17,4,5,21,13,Normal,Normal,Normal,66,70,72,80,66,72,76,75,84,73,34,61,-,-,-,24,20,50,21,33,39,58,57,-,36,-,8,-,34,-,30,19,18,19,20,No,81908,Iron,8,0,6,Yes,N,0
3B,Troy Glaus,R,R,58,88,82,100,71,111,77,36,46,84,112,94,59,Normal,Pull,Pull,1,5,1,2,7,1,5,1,1,7,1,19,-,-,-,72,39,83,47,5,1,6,-,-,98,-,62,50,-,-,-,62,73,51,89,No,83934,Iron,696,161,1 500,Yes,N,0
SP,Emerson Hancock,R,R,19,19,20,18,6,14,20,19,20,18,6,14,20,Normal,Normal,Normal,64,69,82,83,62,66,73,83,88,66,66,52,2,2,4,20,24,63,28,18,23,30,61,-,44,-,18,-,8,-,-,17,17,11,23,No,82230,Iron,14,0,0,Yes,N,0
2B,Bucky Harris,R,R,71,56,79,69,50,85,108,76,84,79,32,95,93,Normal,Normal,Normal,1,1,1,1,1,1,1,1,2,1,1,21,-,-,-,48,55,27,61,9,7,2,-,-,-,46,-,-,-,-,-,73,78,81,89,No,84332,Iron,16,6,15,Yes,N,0
RP,Jaden Hill,R,R,18,18,18,13,5,14,17,18,18,13,5,14,17,Normal,Normal,Normal,75,70,68,70,71,85,77,73,73,79,19,43,3,3,1,26,23,23,9,16,18,23,54,-,46,-,-,-,4,-,-,41,42,43,40,No,81804,Iron,10,0,9,Yes,N,0
SP,Jake Irvin,R,R,19,20,18,17,5,15,16,19,18,15,4,13,16,Normal,Normal,Normal,65,70,80,90,61,68,72,81,89,64,67,45,1,1,1,23,28,66,31,1,1,1,69,-,54,8,23,-,-,-,-,13,6,11,23,No,82030,Iron,8,0,8,Yes,N,0
SP,Tim Keefe,R,R,28,28,23,63,5,38,18,28,23,63,5,37,18,Normal,Normal,Normal,84,74,57,78,72,83,72,56,76,70,95,56,-,-,-,30,23,26,24,4,3,8,62,-,-,-,-,-,-,-,-,63,76,72,52,No,84240,Iron,17,0,15,Yes,N,0
SP,Ray Kolp,R,R,14,12,14,31,35,31,15,15,16,26,20,32,17,Normal,Spray,Spray,42,61,82,67,58,63,81,83,92,76,64,115,-,-,-,35,36,32,26,3,3,10,79,-,-,-,-,-,-,-,-,5,6,4,5,No,83058,Iron,10,0,9,Yes,N,0
RP,Jake Latz,R,L,17,17,33,26,6,15,44,17,33,26,6,15,44,Normal,Normal,Normal,83,81,65,92,76,80,79,64,89,74,20,55,2,2,4,37,30,50,24,37,12,10,79,-,61,-,-,-,17,-,-,19,22,13,21,No,82198,Iron,8,0,14,Yes,N,0
RP,Brendon Little,L,L,17,17,18,22,2,14,18,17,18,22,2,14,18,Normal,Normal,Normal,101,81,56,73,85,89,76,51,74,78,16,62,1,1,1,18,35,44,21,28,33,43,63,-,40,-,-,-,23,-,16,19,11,19,26,No,82491,Iron,9,0,9,Yes,N,0
3B,Frank Malzone,R,R,72,75,89,67,66,65,105,72,90,68,71,49,114,Normal,Normal,Normal,1,2,1,1,3,1,2,1,1,3,1,16,-,-,-,70,62,81,40,10,6,5,-,-,-,-,69,-,-,-,-,33,44,19,54,No,83931,Iron,7,0,6,No,N,0
C,Gus Mancuso,R,R,76,55,87,24,10,62,144,82,104,66,63,60,140,Groundball,Normal,Normal,1,1,1,1,1,1,1,1,2,1,1,25,56,69,83,2,7,7,7,4,9,10,-,67,-,-,-,-,-,-,-,18,11,11,13,No,83936,Iron,11,0,11,Yes,N,0
RP,Ron Marinaccio,R,R,18,18,20,14,7,17,22,18,20,14,7,17,22,Normal,Normal,Normal,76,69,68,75,67,84,79,74,80,79,19,59,1,1,1,31,31,38,3,7,28,18,71,-,53,-,5,-,-,-,-,15,12,14,18,No,84921,Iron,27,8,31,Yes,N,0
2B,Jack Marshall,R,R,55,57,73,63,41,86,92,55,71,62,39,83,89,Normal,Normal,Normal,1,9,1,19,5,1,9,1,19,5,1,11,1,1,1,78,65,50,82,66,49,56,-,-,67,84,60,61,71,-,63,60,68,35,53,No,84417,Iron,8,0,9,Yes,N,0
2B,Marcelo Mayer,L,R,73,73,72,88,67,70,72,74,73,89,68,71,73,Line Drive,Pull,Pull,1,25,8,74,1,1,26,8,77,1,8,12,3,3,2,82,68,85,65,67,57,58,132,-,100,85,82,73,74,51,67,47,63,32,46,No,82603,Iron,8,0,8,Yes,N,0
C,James McCann,R,R,85,87,79,78,63,58,74,85,77,71,62,55,71,Normal,Spray,Spray,1,26,6,78,1,1,25,6,73,1,2,-,60,58,63,14,40,52,8,35,40,56,64,56,44,-,-,-,35,-,30,4,16,7,40,No,81844,Iron,7,0,9,Yes,N,0
SP,Keider Montero,R,R,17,17,19,26,1,19,21,17,19,26,1,19,21,Normal,Normal,Normal,63,71,76,81,66,66,74,78,82,71,56,49,1,1,1,39,45,52,33,36,44,51,88,-,67,27,29,9,37,-,30,14,7,15,19,No,82397,Iron,8,0,7,Yes,N,0
SP,Luis Morales,R,R,19,18,23,22,2,17,29,20,23,20,3,19,26,Normal,Normal,Normal,70,69,69,77,66,71,74,70,83,70,59,46,2,2,2,22,17,55,13,11,18,23,52,-,39,-,1,-,-,-,-,7,4,13,5,No,82277,Iron,8,0,8,Yes,N,0
RP,Johnny Murphy,R,R,1,1,5,3,1,5,2,2,5,5,1,7,2,Normal,Spray,Spray,48,64,91,62,66,63,85,87,121,67,24,115,-,-,-,33,13,23,23,8,2,9,55,-,-,-,-,-,-,-,-,10,6,3,16,No,83089,Iron,14,0,15,Yes,N,0
1B,Connor Norby,R,R,83,83,72,89,74,72,62,84,72,84,74,71,61,Normal,Normal,Normal,1,26,21,76,1,1,28,22,82,1,19,50,3,3,3,61,68,56,58,55,53,51,115,-,69,63,55,46,58,31,50,40,72,45,69,No,82107,Iron,8,0,10,Yes,N,0
LF,Rube Oldring,R,R,66,69,87,65,61,59,112,66,84,88,83,37,108,Normal,Pull,Pull,1,1,1,1,2,1,1,1,1,2,1,20,-,-,-,2,4,1,1,45,84,50,-,-,-,-,-,-,54,21,-,80,82,88,95,No,83522,Iron,14,0,12,Yes,N,0
C,Pedro Pages,R,R,75,77,75,67,76,62,74,75,74,66,74,61,74,Normal,Pull,Pull,1,26,1,77,1,1,25,1,73,1,1,-,69,75,68,27,35,57,13,42,41,55,76,70,49,-,20,-,43,12,37,28,16,5,23,No,81872,Iron,9,0,10,Yes,N,0
RF,Tom Poorman,L,R,69,68,72,81,76,60,78,70,75,83,81,61,83,Normal,Normal,Normal,1,1,1,1,1,1,1,1,1,1,1,14,-,-,-,2,2,4,3,55,71,65,-,-,-,-,-,-,-,-,60,88,98,98,103,No,82877,Iron,8,0,8,Yes,N,0
RF,Dick Porter,L,R,78,79,89,68,62,74,100,78,87,80,42,83,96,Normal,Normal,Normal,1,3,1,1,5,1,3,1,1,5,1,20,-,-,-,2,7,3,6,49,105,51,-,-,-,-,-,-,-,-,53,43,49,19,41,No,83492,Iron,9,0,13,Yes,N,0
1B,Jackie Robinson,R,R,80,82,98,82,93,89,117,80,95,75,39,65,114,Normal,Spray,Spray,1,3,1,1,5,1,3,1,1,5,1,20,-,-,-,67,59,66,81,5,4,10,-,-,74,-,-,-,-,-,-,92,83,79,96,No,84390,Iron,14,0,18,Yes,N,0
RP,Jordan Romano,R,R,46,46,41,36,11,40,39,46,41,36,11,40,39,Normal,Normal,Normal,94,69,75,72,68,88,72,72,80,68,15,56,2,2,1,23,18,52,16,14,18,31,53,-,44,-,2,-,-,-,-,18,17,15,23,No,82314,Iron,9,0,10,Yes,N,0
3B,Amed Rosario,R,R,79,81,89,75,64,53,96,79,86,72,63,46,94,Normal,Normal,Spray,1,26,5,76,1,1,25,5,73,1,2,-,-,-,-,62,61,74,65,67,60,66,115,-,88,65,64,52,76,52,70,95,81,54,75,No,82565,Iron,9,0,8,Yes,N,0
RP,Joe Ross,R,R,43,43,39,17,5,26,38,43,39,17,5,26,38,Normal,Normal,Normal,62,74,73,75,74,65,77,74,77,77,34,58,-,-,-,21,32,50,19,-,-,-,66,-,49,-,13,-,-,-,-,25,25,16,33,No,81853,Iron,8,0,9,Yes,N,0
SP,Red Ruffing,R,R,45,62,46,95,60,32,31,39,32,77,41,41,26,Line Drive,Spray,Spray,38,84,70,120,66,61,61,88,63,61,88,115,-,-,-,27,35,31,30,5,6,5,72,-,-,-,-,-,-,-,-,6,6,5,8,No,83866,Iron,22,0,14,Yes,N,0
RP,Jack Russell,R,R,9,11,10,38,2,34,7,9,12,24,4,23,14,Normal,Normal,Normal,68,69,67,71,69,84,75,81,62,82,25,33,-,-,-,35,29,29,24,8,4,5,75,-,-,-,-,-,-,-,-,12,6,5,19,No,83091,Iron,9,0,10,Yes,N,0
RP,Buddy Schultz,R,L,1,1,4,3,1,3,1,1,4,3,1,3,1,Normal,Pull,Pull,83,42,88,75,26,115,51,88,66,44,22,34,-,-,-,27,20,23,23,6,1,5,55,-,-,-,-,-,-,-,-,5,6,3,7,No,83100,Iron,10,0,11,Yes,N,0
CL,Paul Sewald,R,R,28,28,26,29,5,16,26,28,26,29,5,16,26,Normal,Normal,Normal,84,63,83,89,50,83,70,82,102,54,14,61,-,-,-,27,18,43,12,-,-,-,56,-,44,-,-,-,-,-,-,10,2,14,13,No,81854,Iron,10,0,9,Yes,N,0
RP,Ryne Stanek,R,R,22,22,23,18,11,35,24,22,23,18,11,35,24,Normal,Normal,Normal,86,79,61,72,83,86,82,60,77,85,14,57,2,2,1,24,28,48,22,7,20,32,65,-,50,1,12,-,-,-,-,9,14,7,7,No,81885,Iron,8,0,8,Yes,N,0
RP,Cole Sulser,R,R,36,36,35,16,13,41,37,36,35,16,13,41,37,Normal,Normal,Normal,68,73,78,71,74,74,76,81,74,78,19,46,1,1,3,22,30,48,25,6,25,33,65,-,42,3,12,-,-,-,-,19,4,14,40,No,82539,Iron,9,0,7,Yes,N,0
RF,Colby Thomas,R,R,86,85,71,114,82,71,58,87,72,111,83,65,58,Normal,Pull,Pull,1,24,1,70,1,1,27,1,79,1,1,-,1,1,4,36,23,12,16,66,65,65,64,-,42,-,-,-,76,51,70,42,67,42,56,No,82265,Iron,8,0,10,Yes,N,0
1B,Abraham Toro,S,R,68,79,82,83,63,67,87,65,74,81,79,68,86,Normal,Pull,Pull,1,34,1,102,1,1,22,1,65,1,1,-,23,23,51,44,48,59,40,45,46,50,94,15,70,35,38,23,46,16,39,56,74,23,53,No,82361,Iron,7,0,6,Yes,N,0
RP,Ken Waldichuk,L,L,21,21,22,26,8,10,23,21,22,26,8,10,23,Normal,Normal,Normal,81,77,64,84,74,79,73,63,82,69,36,56,1,1,2,19,58,31,23,14,7,3,80,-,57,-,-,-,-,-,-,12,6,18,13,No,84899,Iron,10,0,15,Yes,N,0
LF,Taylor Ward,R,R,50,56,73,75,61,100,92,49,70,65,83,88,89,Normal,Pull,Pull,1,5,1,1,7,1,5,1,1,7,1,10,-,-,-,9,6,8,9,52,67,52,-,-,-,-,-,-,58,-,50,34,67,35,60,No,83468,Iron,8,0,12,Yes,N,0
RP,Greg Weissert,R,R,14,16,17,14,2,12,18,14,16,12,1,10,17,Normal,Pull,Pull,76,72,76,78,70,78,74,77,77,73,16,46,1,1,1,25,43,33,29,1,1,1,76,-,55,11,6,-,-,-,-,25,18,12,44,No,82596,Iron,7,0,9,Yes,N,0
RP,Jake Woodford,R,R,29,30,27,30,2,13,25,29,26,29,1,11,24,Normal,Normal,Normal,61,71,84,69,72,63,78,86,72,81,36,43,4,4,3,30,30,45,3,19,9,16,71,-,57,-,10,-,-,-,-,16,19,12,18,No,84915,Iron,12,7,11,Yes,N,0
CL,Tim Worrell,R,R,1,1,4,3,1,3,1,1,4,3,1,2,1,Normal,Pull,Pull,65,71,79,74,70,78,68,98,84,60,17,115,-,-,-,27,20,23,23,1,10,5,55,-,-,-,-,-,-,-,-,6,6,5,6,No,83098,Iron,7,0,7,No,N,0
SP,Hank Wyse,R,R,17,29,33,33,1,9,40,14,40,52,1,16,62,Normal,Normal,Normal,43,76,94,103,63,51,70,102,56,78,64,100,-,-,-,32,22,25,23,3,6,3,63,-,-,-,-,-,-,-,-,26,11,5,29,No,84021,Iron,12,0,17,Yes,N,0
CF,Buster Adams,R,R,70,81,78,78,70,81,76,67,69,67,67,74,73,Normal,Normal,Normal,1,2,1,1,3,1,2,1,1,3,1,16,-,-,-,6,5,6,6,76,65,56,-,-,-,-,-,-,84,63,76,70,46,43,83,No,84330,Iron,9,0,8,Yes,N,0
RP,Kolby Allard,L,L,17,17,28,16,3,9,33,18,29,18,4,10,34,Normal,Normal,Normal,69,71,89,73,70,62,67,84,74,64,37,67,1,1,3,18,10,49,4,22,8,31,38,-,26,-,-,-,2,-,-,16,12,11,26,No,82446,Iron,9,0,11,Yes,N,0
C,Pepper Bassett,S,R,50,49,70,78,80,44,91,51,73,80,84,46,96,Normal,Normal,Normal,41,50,59,42,54,41,50,59,44,54,61,82,66,66,60,29,21,22,19,5,8,2,57,61,47,-,-,-,-,-,-,24,12,16,34,No,84414,Iron,15,0,14,Yes,N,0
RP,Brennan Bernardino,L,L,25,25,29,25,13,23,32,25,29,25,13,23,32,Normal,Normal,Normal,77,91,66,87,93,74,82,67,77,85,14,71,2,2,1,21,26,36,8,9,22,25,55,-,44,-,-,-,-,-,-,19,14,17,28,No,81821,Iron,7,0,8,Yes,N,0
RP,Beau Brieske,R,R,20,20,23,18,5,8,26,20,23,18,5,8,26,Normal,Normal,Normal,67,75,71,80,73,66,80,70,93,74,30,38,1,1,2,28,10,48,3,60,32,16,50,-,40,-,-,-,52,28,28,17,17,11,22,No,82413,Iron,7,0,6,Yes,N,0
SP,Ches Buchanan,R,R,3,3,27,66,2,67,37,3,25,64,2,65,35,Normal,Spray,Pull,40,75,89,78,74,41,77,90,82,75,75,60,1,1,1,29,18,23,23,45,56,56,55,-,-,-,-,-,49,-,-,8,6,5,28,No,84409,Iron,9,0,6,Yes,N,0
3B,Oswaldo Cabrera,S,R,65,66,75,61,70,70,86,65,74,62,68,73,86,Normal,Spray,Spray,1,26,1,77,1,1,25,1,74,1,1,-,1,1,1,67,75,67,69,60,62,59,124,-,72,75,68,59,68,41,61,43,70,44,62,No,82553,Iron,9,0,6,Yes,N,0
SP,Slade Cecconi,R,R,24,24,21,16,7,17,18,24,21,16,7,17,18,Normal,Normal,Normal,65,65,87,81,57,67,67,88,83,60,60,68,-,-,2,15,39,46,3,21,24,13,62,-,45,-,-,-,7,-,-,16,17,11,21,No,82432,Iron,9,0,11,Yes,N,0
LF,Isaac Collins,S,R,67,69,69,74,63,98,70,67,66,72,62,102,67,Normal,Spray,Spray,1,26,1,76,1,1,25,1,73,1,1,-,2,2,1,57,65,50,60,65,62,54,111,-,59,59,49,41,72,48,64,66,76,70,50,No,82371,Iron,8,0,6,Yes,N,0
RP,Steven Cruz,R,R,19,19,29,18,1,21,35,19,29,18,1,21,35,Normal,Normal,Normal,79,80,68,80,81,75,81,66,85,80,17,47,1,1,1,24,17,59,11,13,22,23,55,-,49,-,4,-,-,-,-,15,5,17,22,No,82364,Iron,9,0,9,Yes,N,0
C,Harry Ford,R,R,69,68,70,81,68,98,74,70,70,70,62,91,71,Normal,Pull,Pull,1,24,7,70,1,1,27,7,81,1,1,8,72,70,79,46,54,67,42,66,59,72,100,74,64,40,47,30,76,51,72,33,66,42,51,No,82024,Iron,8,0,9,Yes,N,0
RP,Jose Franco,R,R,26,25,27,20,4,23,30,27,27,18,5,21,28,Normal,Normal,Normal,75,66,64,75,62,79,72,67,76,70,40,44,2,2,2,27,42,45,22,7,19,23,79,-,57,8,17,-,-,-,-,14,12,13,17,No,84981,Iron,11,0,12,Yes,N,0
2B,Vaughn Grissom,R,R,76,76,79,74,60,78,84,77,79,73,56,76,83,Normal,Pull,Pull,1,26,7,76,1,1,26,7,78,1,8,16,2,2,2,75,75,64,69,55,58,59,128,-,93,81,70,64,61,33,55,27,74,31,52,No,82302,Iron,7,0,10,Yes,N,0
SS,Frankie Gustine,R,R,85,114,117,68,19,61,110,77,84,74,28,64,92,Groundball,Spray,Spray,1,1,1,1,2,1,1,1,1,2,1,18,-,-,-,85,50,76,74,9,9,1,-,-,-,85,71,68,-,-,-,66,74,70,86,No,83421,Iron,16,0,13,Yes,N,0
RP,Edgardo Henriquez,R,R,29,28,28,20,5,17,29,30,28,18,4,19,27,Normal,Normal,Normal,90,72,61,74,71,98,76,62,80,75,18,38,1,1,2,24,32,51,19,12,18,22,69,-,53,1,15,-,-,-,-,15,12,16,17,No,81769,Iron,12,0,7,Yes,N,0
RP,Andrew Hoffmann,R,R,9,10,12,19,9,19,11,9,10,18,8,17,10,Normal,Normal,Normal,81,64,68,68,63,89,74,73,73,75,20,31,2,2,1,27,20,54,11,9,19,30,60,-,50,-,11,-,-,-,-,23,5,15,48,No,84995,Iron,14,0,0,Yes,N,0
SS,Bill Knickerbocker,R,R,59,59,81,80,46,66,113,59,79,78,59,64,104,Normal,Spray,Spray,1,1,1,1,2,1,1,1,1,2,1,4,-,-,-,80,74,78,76,4,7,8,-,-,-,89,-,74,-,-,-,48,51,43,48,No,84113,Iron,10,0,6,Yes,N,0
SP,Jack Kochanowicz,L,R,33,33,26,16,12,20,13,34,28,17,13,21,14,Normal,Normal,Normal,53,75,70,74,76,62,84,73,84,85,60,49,1,1,2,45,51,57,47,46,44,51,97,-,102,40,39,26,47,17,39,36,35,33,41,No,82297,Iron,7,0,11,Yes,N,0
RP,Jackson Kowar,R,R,33,35,33,23,1,8,35,33,32,21,1,7,34,Normal,Spray,Spray,78,75,67,79,73,77,73,66,75,72,37,73,1,1,3,21,4,32,3,17,1,18,31,-,30,-,-,-,-,-,-,13,14,23,1,No,82645,Iron,9,0,16,Yes,N,0
LF,Jim Lemon,R,R,73,77,69,107,74,81,63,72,71,108,80,79,72,Line Drive,Normal,Normal,1,1,1,1,1,1,1,1,1,1,1,5,-,-,-,2,9,9,10,47,40,56,-,-,-,-,-,-,48,-,42,11,11,11,22,No,83463,Iron,36,0,40,Yes,N,0
RP,Hal McKain,L,R,3,3,5,5,1,3,1,4,6,6,1,4,2,Normal,Spray,Spray,95,80,48,40,100,99,77,61,52,90,25,112,-,-,-,35,20,26,23,6,2,6,65,-,-,-,-,-,-,-,-,6,6,4,8,No,82807,Iron,14,0,10,Yes,N,0
CF,Kameron Misner,L,L,69,69,60,79,57,89,47,70,62,73,69,95,52,Normal,Pull,Pull,1,28,1,82,1,1,28,1,83,1,-,-,-,-,-,33,36,57,21,77,69,80,80,-,66,-,-,-,92,70,89,65,83,69,71,No,82358,Iron,9,0,8,Yes,N,0
RP,Sam Moll,L,L,44,44,38,17,1,36,34,44,38,17,1,36,34,Normal,Normal,Normal,89,84,65,93,80,80,77,63,86,73,13,67,-,-,-,27,23,47,17,-,-,-,62,-,33,-,-,-,-,-,-,31,6,47,39,No,81968,Iron,10,0,7,Yes,N,0
RP,Hector Neris,R,R,22,22,23,23,5,26,25,22,23,23,5,26,25,Normal,Normal,Normal,91,69,66,80,64,92,75,65,91,68,14,51,-,-,-,26,12,47,15,-,-,-,51,-,38,-,-,-,-,-,-,14,6,18,17,No,82356,Iron,9,0,8,Yes,N,0
1B,Bob Oliver,R,R,61,73,74,98,87,58,77,53,66,71,92,63,79,Normal,Normal,Normal,1,1,1,1,2,1,1,1,1,2,1,21,-,-,-,51,34,42,31,10,7,2,-,-,73,-,23,-,-,-,-,50,58,23,48,No,83433,Iron,7,0,9,No,N,0
C,Tom Padden,R,R,58,63,79,55,43,115,100,55,71,41,28,108,89,Normal,Normal,Normal,1,1,1,1,2,1,1,1,1,2,1,1,36,79,53,7,3,2,10,6,3,1,-,50,-,-,-,-,-,-,-,27,16,5,41,No,82879,Iron,8,0,8,Yes,N,0
CF,Double Duty Radcliffe,R,R,45,45,66,88,30,77,84,45,64,91,28,69,80,Line Drive,Normal,Spray,51,80,68,67,87,52,84,69,70,91,64,60,65,65,66,29,20,25,25,75,61,61,58,63,-,-,-,-,84,62,-,27,64,21,49,No,84418,Iron,13,0,11,Yes,N,0
RP,Trevor Richards,R,R,22,21,23,24,1,48,26,23,25,25,1,46,28,Normal,Pull,Pull,88,67,70,72,65,90,75,71,87,69,18,43,1,1,1,33,48,47,30,3,3,3,86,-,66,22,25,-,-,-,-,20,17,18,24,No,82058,Iron,8,0,9,Yes,N,0
2B,Leonardo Rivas,S,R,67,67,63,60,38,105,60,68,63,52,40,115,58,Normal,Spray,Spray,4,40,45,78,21,4,42,46,84,21,19,22,1,1,1,67,60,60,68,72,55,60,116,-,70,69,58,52,79,58,72,57,82,72,86,No,82235,Iron,7,0,10,Yes,N,0
RP,Taylor Rogers,L,L,25,25,27,32,1,30,30,25,27,32,1,30,30,Normal,Normal,Normal,94,80,68,77,82,84,71,66,67,74,14,63,-,-,-,22,26,38,25,-,-,-,58,-,44,-,-,-,-,-,-,16,17,14,17,No,82349,Iron,9,0,12,Yes,N,0
C,Drew Romo,S,R,61,61,67,63,60,63,75,62,67,65,62,61,74,Normal,Pull,Pull,1,25,3,75,1,1,26,3,77,1,2,18,91,95,80,14,28,46,8,7,30,36,50,96,31,-,-,-,-,-,-,35,63,34,53,No,85238,Iron,12,0,40,Yes,N,0
RP,Erik Sabrowski,R,L,37,37,29,48,53,35,15,38,30,50,56,36,16,Normal,Pull,Pull,109,75,49,85,71,107,74,50,84,70,20,54,2,2,1,28,21,47,19,6,24,23,61,-,49,-,-,-,-,-,-,15,8,18,18,No,82429,Iron,17,0,21,Yes,N,0
RP,Nick Sandlin,R,R,31,32,25,30,6,12,15,31,23,29,6,10,14,Normal,Normal,Normal,87,67,65,85,58,97,75,68,93,67,14,39,1,1,4,26,28,58,18,3,4,22,70,-,40,1,18,-,-,-,-,23,21,17,31,No,82313,Iron,8,0,9,Yes,N,0
RP,Paul Shuey,R,R,1,1,5,4,1,4,1,1,5,4,1,4,1,Normal,Normal,Normal,101,67,62,73,65,117,70,63,77,67,19,34,-,-,-,26,20,23,23,3,4,3,55,-,-,-,-,-,-,-,-,5,6,5,5,No,83081,Iron,667,0,0,No,Y,1
SP,Tomoyuki Sugano,R,R,17,17,41,31,1,21,63,17,41,31,1,21,63,Normal,Normal,Normal,56,62,99,81,53,60,65,102,84,56,69,72,2,2,4,24,43,75,29,14,32,53,82,-,53,13,35,-,2,-,-,4,2,2,8,No,81828,Iron,8,0,7,Yes,N,0
LF,Chris Taylor,R,R,95,98,78,77,69,78,60,95,76,68,69,72,59,Groundball,Ex. Pull,Pull,1,29,1,86,1,1,27,1,81,1,-,-,1,1,3,62,48,65,66,60,60,59,108,-,81,61,53,45,67,41,60,44,78,55,73,No,82298,Iron,8,0,10,Yes,N,0
RP,Gus Varland,L,R,15,15,21,15,4,13,27,16,22,16,5,14,29,Normal,Spray,Spray,87,76,75,66,81,78,73,66,69,75,18,40,1,1,4,19,18,56,3,34,12,35,48,-,31,-,-,-,20,-,8,17,23,16,14,No,84931,Iron,10,0,10,Yes,N,0
3B,Will Wagner,L,R,72,68,70,83,44,86,74,74,78,78,49,90,84,Normal,Pull,Pull,1,23,1,67,1,1,29,1,87,1,1,23,1,1,1,60,54,57,57,52,61,50,107,-,71,57,49,40,56,28,48,47,63,19,47,No,81733,Iron,8,0,8,Yes,N,0
2B,Bill Wambsganss,R,R,57,57,84,88,34,106,124,58,79,82,35,89,109,Normal,Normal,Normal,1,3,1,1,4,1,3,1,1,4,1,20,-,-,-,60,56,36,67,5,4,5,-,-,-,60,-,37,-,-,-,64,66,77,69,No,82875,Iron,17,0,6,Yes,N,0
RP,Ryan Watson,R,R,12,12,12,17,13,15,10,12,12,17,13,15,10,Normal,Normal,Normal,68,66,72,72,64,76,77,82,75,78,20,58,1,1,1,43,24,52,11,29,30,43,79,-,73,8,19,-,24,-,17,12,8,11,18,No,84913,Iron,16,0,15,Yes,N,0
3B,Buck Weaver,S,R,81,77,81,91,61,67,87,83,107,67,43,49,145,Groundball,Normal,Normal,1,1,1,1,1,1,1,1,1,1,1,6,-,-,-,59,56,73,58,7,10,1,-,-,-,-,59,46,-,-,-,64,79,80,60,No,83556,Iron,10,0,6,Yes,N,0
SP,Brandon Young,R,R,14,15,21,17,4,16,26,14,19,16,4,15,24,Normal,Pull,Pull,66,65,85,75,61,68,66,85,74,62,54,37,1,1,1,7,38,49,5,8,17,11,53,-,40,-,-,-,-,-,-,11,9,13,11,No,82629,Iron,8,0,8,Yes,N,0
CF,Gus Bell,L,R,76,96,89,78,62,37,80,69,86,58,77,59,108,Normal,Normal,Normal,1,2,1,1,3,1,2,1,1,3,1,19,-,-,-,7,9,10,1,67,73,60,-,-,-,-,-,-,77,52,70,26,6,3,28,No,83916,Iron,41,0,44,Yes,N,0
RP,Spencer Bivens,S,R,51,53,33,7,1,4,4,51,32,6,1,4,4,Normal,Normal,Normal,62,76,82,72,78,63,77,82,75,79,23,48,3,3,2,12,30,46,4,1,23,8,50,-,38,-,-,-,-,-,-,7,3,9,11,No,81704,Iron,8,0,9,Yes,N,0
RP,Ryan Borucki,L,L,45,45,36,16,13,32,30,45,36,16,13,32,30,Normal,Normal,Normal,89,83,67,86,82,83,74,67,75,74,13,65,-,-,-,25,29,46,16,-,-,-,66,-,51,-,-,-,-,-,-,13,5,16,17,No,82479,Iron,9,0,9,Yes,N,0
RP,Matt Bowman,R,R,59,61,48,24,1,30,36,58,45,22,1,28,34,Normal,Normal,Normal,64,69,78,76,66,70,75,81,79,73,18,62,-,-,-,23,46,61,49,40,40,60,82,-,51,20,30,-,42,11,38,28,32,15,37,No,82323,Iron,7,0,10,Yes,N,0
3B,Bill Bradley,R,R,72,63,77,88,16,85,96,76,84,147,26,63,93,Line Drive,Pull,Pull,1,2,1,1,3,1,2,1,2,3,1,11,-,-,-,79,79,89,73,1,5,8,-,-,-,-,89,-,-,-,-,70,84,86,91,No,83445,Iron,10,0,9,Yes,N,0
RP,JT Brubaker,R,R,20,22,31,14,2,13,37,20,30,12,2,11,36,Normal,Normal,Normal,65,78,71,71,82,65,78,70,70,83,36,48,1,1,1,30,50,56,23,13,13,48,85,-,67,15,29,-,-,-,-,27,23,15,43,No,81722,Iron,9,0,7,Yes,N,0
LF,Bernie Carbo,L,R,43,31,56,175,71,117,75,47,66,148,61,121,82,Line Drive,Normal,Normal,1,3,1,1,4,1,3,1,2,4,1,18,-,-,-,7,2,5,7,60,67,82,-,-,-,-,-,-,73,-,72,29,67,20,36,No,83589,Iron,20,0,29,Yes,N,0
1B,Andres Chaparro,R,R,70,71,70,83,82,84,71,70,68,77,82,75,68,Normal,Pull,Pull,1,26,1,76,1,1,25,1,74,1,1,-,1,1,1,42,39,46,33,35,47,54,87,-,59,27,24,12,37,-,31,20,16,10,30,No,82021,Iron,7,0,7,Yes,N,0
SP,Roger Craig,R,R,17,28,18,28,1,33,9,14,11,14,2,18,7,Normal,Normal,Normal,39,81,101,95,75,52,59,92,56,61,61,100,-,-,-,27,25,26,25,2,5,8,61,-,-,-,-,-,-,-,-,24,30,43,12,No,83038,Iron,8,0,8,Yes,N,0
RF,Dylan Crews,R,R,73,76,75,79,79,78,76,73,71,79,73,74,71,Normal,Pull,Pull,1,26,1,76,1,1,25,1,75,1,1,-,3,3,2,33,46,59,11,68,67,56,85,-,55,8,29,-,76,52,68,90,85,81,48,No,82020,Iron,7,0,8,Yes,N,0
1B,Blaine Crim,R,R,73,76,75,83,80,81,75,73,72,82,77,76,72,Normal,Pull,Pull,1,26,1,78,1,1,25,1,73,1,1,-,2,2,4,23,38,53,35,40,40,47,76,-,41,12,20,-,39,8,31,30,63,19,39,No,81812,Iron,7,0,6,Yes,N,0
3B,Jim Doyle,R,R,85,64,70,86,78,75,78,91,83,92,40,67,76,Groundball,Normal,Normal,1,3,1,1,5,1,4,1,2,5,1,16,-,-,-,104,39,104,79,8,10,6,-,-,-,-,92,-,-,-,-,77,84,64,55,No,84385,Iron,9,0,10,Yes,N,0
RP,Jose Fermin,R,R,12,12,10,8,2,11,7,12,10,8,2,11,7,Normal,Normal,Normal,80,69,66,73,67,88,80,69,90,75,20,57,3,-,2,17,32,53,10,14,18,27,60,-,42,-,4,-,-,-,-,4,2,-,24,No,82296,Iron,7,0,8,Yes,N,0
RP,Kody Funderburk,L,L,36,36,31,43,51,45,25,37,31,45,54,46,26,Normal,Pull,Pull,80,85,66,75,91,75,81,64,73,85,23,52,3,3,2,28,25,58,13,36,38,49,68,-,52,-,-,-,35,-,28,13,13,10,17,No,82329,Iron,8,0,9,Yes,N,0
RP,Tyler Gilbert,L,L,13,13,18,16,7,17,23,14,20,17,8,18,25,Normal,Spray,Spray,72,74,70,83,70,67,69,69,77,66,28,57,1,1,4,33,44,51,28,30,25,37,84,-,69,-,-,-,22,-,14,12,7,11,17,No,82462,Iron,8,0,7,Yes,N,0
SP,Colton Gordon,L,L,16,16,13,14,2,8,9,17,14,15,3,9,10,Normal,Pull,Pull,68,65,86,72,62,67,64,86,73,60,54,65,2,2,1,29,22,69,13,6,27,2,69,-,52,-,-,-,-,-,-,25,18,21,36,No,82167,Iron,8,0,9,Yes,N,0
RF,Randal Grichuk,R,R,68,75,81,84,81,67,89,66,73,81,81,64,83,Normal,Pull,Pull,1,33,1,97,1,1,24,1,72,1,-,-,3,3,3,17,27,55,17,56,62,68,57,-,37,-,5,-,65,38,61,47,58,11,40,No,82569,Iron,10,0,8,Yes,N,0
CL,Seth Halvorsen,R,R,27,28,22,31,17,23,17,27,21,29,16,22,16,Normal,Pull,Pull,75,71,69,74,70,81,75,70,77,74,16,44,2,2,2,43,47,64,42,64,50,63,94,-,77,35,40,24,70,46,64,63,73,64,52,No,81803,Iron,12,0,9,Yes,N,0
LF,Roy Hartzell,L,R,40,31,71,60,32,100,108,44,74,80,49,99,105,Normal,Pull,Pull,1,1,1,1,2,1,2,1,2,2,1,24,-,-,-,49,50,27,51,50,92,74,-,-,-,42,16,19,66,-,63,76,83,91,62,No,83466,Iron,15,0,12,Yes,N,0
SS,Darell Hernaiz,R,R,71,73,79,86,60,83,88,71,77,80,48,73,86,Line Drive,Pull,Pull,1,25,1,75,1,1,26,1,76,1,1,-,1,1,3,68,70,54,67,65,66,48,121,-,75,73,59,54,71,46,61,45,73,44,69,No,82258,Iron,8,0,12,Yes,N,0
CF,Jim Hickman,R,R,44,50,69,134,109,72,88,43,62,84,83,65,76,Normal,Normal,Normal,1,1,1,1,2,1,1,1,1,2,1,14,-,-,-,52,51,67,39,80,57,59,-,-,91,-,47,-,88,69,80,29,71,24,49,No,83453,Iron,16,0,18,Yes,N,0
1B,Tom Jones,R,R,50,48,85,87,50,71,152,51,86,71,53,71,149,Normal,Spray,Spray,1,3,1,1,5,1,3,1,1,5,1,2,-,-,-,56,44,44,33,9,4,3,-,-,75,-,-,-,-,-,-,63,81,82,66,No,84114,Iron,8,0,10,Yes,N,0
2B,Luke Keaschall,R,R,75,75,79,77,59,84,86,76,79,75,57,82,84,Normal,Normal,Normal,1,26,6,77,1,1,27,6,79,1,5,9,1,1,1,54,65,40,67,70,77,52,108,-,76,58,42,37,80,56,70,48,81,71,72,No,82335,Iron,8,6,10,Yes,N,0
2B,Dots Miller,R,R,55,55,75,50,78,75,97,56,73,70,64,54,91,Normal,Spray,Spray,1,5,1,1,7,1,5,1,1,7,1,6,-,-,-,71,65,47,93,9,8,2,-,-,81,82,-,58,-,-,-,74,79,81,62,No,83446,Iron,9,0,11,Yes,N,0
RF,Xavier Nady,R,R,61,66,73,73,80,65,82,60,72,75,81,54,87,Normal,Normal,Normal,1,3,1,1,4,1,3,1,1,4,1,23,-,-,-,65,23,38,26,55,77,97,-,-,69,-,-,-,73,43,76,35,72,16,47,No,84110,Iron,7,0,7,No,N,0
2B,Esteban Quiroz,L,R,82,78,80,62,55,81,84,83,86,68,82,76,89,Normal,Normal,Normal,1,3,1,1,4,1,3,1,1,4,1,22,-,-,-,64,60,49,52,58,65,41,-,-,-,60,-,-,-,-,50,50,11,14,49,No,84394,Iron,8,0,7,Yes,N,0
1B,Eddie Robinson,L,R,32,34,67,112,82,90,94,32,69,80,86,75,102,Normal,Normal,Normal,1,1,1,1,1,1,1,1,1,1,1,17,-,-,-,25,29,25,23,2,10,9,-,-,41,-,-,-,-,-,-,23,9,12,15,No,83918,Iron,6,0,6,No,N,0
1B,TJ Rumfield,L,R,78,74,75,78,68,75,77,80,79,80,69,77,79,Normal,Ex. Pull,Pull,1,24,3,72,1,1,25,3,75,1,7,2,2,2,1,25,24,37,25,41,49,66,59,-,50,-,2,-,46,14,43,16,63,16,24,No,84978,Iron,23,6,23,Yes,N,0
RP,Antonio Senzatela,R,R,35,36,29,18,1,18,19,35,29,18,1,18,17,Normal,Normal,Normal,56,72,80,66,75,63,77,84,67,82,38,47,-,-,-,30,40,30,20,-,-,-,77,-,54,8,3,-,-,-,-,15,17,7,20,No,81829,Iron,9,0,9,Yes,N,0
1B,Nick Sogard,S,R,76,76,76,84,50,92,77,77,74,80,37,93,72,Normal,Spray,Spray,1,39,20,73,23,1,43,20,81,24,80,-,1,1,3,66,71,57,63,65,62,55,120,-,81,70,60,53,72,47,63,37,77,55,62,No,82599,Iron,7,0,7,Yes,N,0
SP,Vic Sorrell,R,R,21,12,15,33,3,57,16,24,20,51,4,37,17,Normal,Normal,Normal,68,63,50,56,67,86,87,60,108,77,78,33,-,-,-,27,26,25,23,2,9,8,60,-,-,-,-,-,-,-,-,17,6,11,26,No,83039,Iron,26,0,29,Yes,N,0
RP,Matt Svanson,R,R,11,11,22,14,21,6,31,11,24,14,22,6,32,Normal,Pull,Spray,73,71,69,73,70,81,77,74,80,76,20,34,1,1,1,35,33,45,21,30,25,32,79,-,70,11,17,-,21,-,11,25,20,27,28,No,81867,Iron,9,0,11,Yes,N,0
RP,Salomon Torres,R,R,2,2,5,3,1,3,1,2,5,3,1,3,1,Normal,Spray,Spray,63,97,72,105,94,48,87,61,113,75,20,115,-,-,-,26,20,23,23,3,4,4,54,-,-,-,-,-,-,-,-,21,6,5,37,No,83050,Iron,9,0,15,Yes,N,0
RP,Lou Trivino,R,R,28,30,34,30,23,34,42,28,33,28,22,33,40,Normal,Normal,Normal,70,70,69,74,68,81,77,73,79,77,14,51,3,3,2,33,28,37,29,20,50,40,73,-,63,13,7,-,18,-,10,15,18,14,12,No,82038,Iron,7,0,8,Yes,N,0
1B,Enmanuel Valdez,L,R,63,63,63,66,69,81,64,64,67,81,74,86,71,Normal,Pull,Pull,1,24,1,72,1,1,25,1,75,1,1,-,1,1,1,49,56,57,48,62,56,51,102,-,56,45,44,31,67,42,58,23,72,18,59,No,81893,Iron,15,0,7,Yes,N,0
LF,Drew Waters,S,R,87,87,74,90,63,71,62,88,74,90,65,76,61,Groundball,Normal,Normal,1,25,1,73,1,1,26,1,77,1,1,-,4,4,2,22,28,46,14,69,69,73,61,-,40,-,8,-,82,58,78,111,78,61,67,No,82359,Iron,8,0,6,Yes,N,0
RF,Eli White,R,R,91,88,81,68,76,65,76,92,79,57,72,62,67,Normal,Normal,Normal,1,24,2,70,1,1,28,2,83,1,3,-,1,1,1,61,68,70,67,68,65,63,118,-,89,67,64,53,78,54,71,82,85,70,71,No,82139,Iron,8,0,9,Yes,N,0
RP,Cole Wilcox,R,R,19,19,16,14,2,15,13,19,16,14,2,15,13,Normal,Normal,Normal,62,69,69,69,70,68,83,76,74,88,29,39,2,2,1,22,28,51,23,6,19,20,63,-,50,-,12,-,-,-,-,19,16,27,13,No,84965,Iron,10,0,10,Yes,N,0
SP,Bryse Wilson,R,R,26,26,25,19,23,30,24,26,25,19,23,30,24,Normal,Normal,Normal,59,68,85,80,62,65,72,90,78,69,52,49,-,-,1,40,41,61,22,49,42,58,88,-,66,21,32,12,51,23,46,17,20,12,19,No,84624,Iron,8,0,9,Yes,N,0
RP,Ryan Yarbrough,R,L,26,26,32,19,2,30,38,26,32,19,2,30,38,Normal,Normal,Normal,78,81,89,97,74,60,70,79,93,59,37,66,2,2,2,20,15,55,21,9,24,31,49,-,39,-,-,-,-,-,-,17,7,20,23,No,82578,Iron,10,0,9,Yes,N,0
SP,Ramon Arano,R,R,21,21,17,34,2,39,12,21,17,34,2,39,12,Normal,Spray,Spray,40,77,73,69,82,43,84,74,77,88,74,60,1,1,1,29,25,26,25,3,7,7,63,-,-,-,-,-,-,-,-,16,6,5,28,No,84408,Iron,19,0,9,Yes,N,0
RP,Sam Bachman,R,R,35,35,29,34,8,41,19,35,29,34,8,41,19,Normal,Normal,Normal,69,76,62,71,79,71,81,62,77,84,40,42,2,2,1,24,15,59,20,13,19,24,54,-,35,-,1,-,-,-,-,26,18,16,45,No,82294,Iron,8,0,9,Yes,N,0
SS,Dick Bartell,R,R,31,34,70,139,48,97,104,31,68,120,53,91,99,Line Drive,Pull,Pull,1,2,1,1,3,1,2,1,1,3,1,10,-,-,-,71,67,69,67,7,8,2,-,-,-,75,67,59,-,-,-,45,72,41,59,No,83444,Iron,11,0,17,Yes,N,0
RP,Osvaldo Bido,R,R,36,36,32,27,7,28,31,36,32,27,7,28,31,Normal,Normal,Normal,70,72,67,83,67,73,76,68,88,71,36,42,1,1,2,32,18,63,23,8,16,24,68,-,51,-,15,-,-,-,-,11,12,7,15,No,82562,Iron,9,0,9,Yes,N,0
RP,Mason Black,R,R,16,16,17,16,3,24,17,16,17,16,3,24,17,Normal,Normal,Normal,78,71,71,72,71,71,72,68,78,70,29,46,1,1,3,15,24,45,21,12,23,30,49,-,35,-,-,-,-,-,-,20,19,12,27,No,85239,Iron,10,0,10,Yes,N,0
SP,Walker Buehler,R,R,33,34,31,15,21,12,30,33,30,13,19,10,29,Normal,Normal,Normal,67,69,73,78,65,68,69,74,77,66,58,52,1,1,2,24,7,88,6,15,21,35,51,-,33,-,-,-,2,-,-,20,16,16,29,No,81754,Iron,8,0,9,Yes,N,0
LF,Jonatan Clase,S,R,71,73,65,84,67,75,57,71,64,79,67,82,56,Normal,Normal,Normal,1,27,2,80,1,1,26,1,77,1,2,-,1,1,1,21,27,35,11,83,74,49,56,-,28,-,-,-,93,73,81,83,88,91,65,No,82490,Iron,8,0,12,Yes,N,0
C,J.C. Escarra,L,R,51,45,62,74,52,79,76,54,68,73,63,87,82,Normal,Ex. Pull,Pull,1,22,4,64,1,1,29,4,85,1,2,-,54,58,49,33,43,52,26,51,50,62,84,47,64,17,25,-,56,27,51,56,67,19,32,No,82559,Iron,7,0,11,Yes,N,0
RP,Matt Festa,R,R,15,17,16,33,1,32,15,15,15,32,1,31,14,Normal,Spray,Spray,76,65,75,79,58,82,70,78,80,65,18,51,-,-,-,26,48,53,23,11,15,60,82,-,55,11,24,-,-,-,-,8,3,16,6,No,82425,Iron,10,0,8,Yes,N,0
3B,David Freese,R,R,74,41,63,89,88,102,80,82,78,65,68,73,75,Normal,Pull,Spray,1,3,1,1,4,1,4,1,4,4,1,1,-,-,-,69,67,66,39,6,3,8,-,-,89,-,61,-,-,-,-,24,44,21,29,No,83416,Iron,7,0,8,Yes,N,0
SP,Larry French,R,L,16,27,29,39,2,43,32,13,18,24,4,46,23,Normal,Normal,Normal,56,82,89,124,62,41,69,83,63,73,85,83,-,-,-,26,17,23,25,9,3,6,50,-,-,-,-,-,-,-,-,44,58,53,33,No,83045,Iron,9,0,11,Yes,N,0
C,Mickey Gasper,S,R,54,54,66,68,59,81,78,55,66,69,64,87,76,Normal,Pull,Pull,1,25,7,73,1,1,27,7,80,1,1,12,43,44,52,40,49,51,45,11,24,13,92,36,59,34,33,19,-,-,-,6,85,12,52,No,82593,Iron,7,0,8,Yes,N,0
SP,Bunny Hearn,L,L,2,2,5,4,1,3,2,2,5,4,1,3,2,Normal,Normal,Normal,53,64,84,67,63,55,77,96,85,73,76,58,-,-,-,31,20,24,23,8,1,4,59,-,-,-,-,-,-,-,-,15,6,5,26,No,84685,Iron,8,0,6,No,N,0
C,Austin Hedges,R,R,54,51,59,64,51,66,65,56,59,47,47,58,62,Normal,Pull,Pull,1,87,83,87,87,1,67,83,99,52,1,-,94,107,90,18,32,53,10,36,37,53,62,107,39,-,8,-,35,-,30,8,58,16,37,No,82443,Iron,8,0,6,Yes,N,0
RP,Kyle Hurt,R,R,20,20,19,21,5,12,18,20,19,21,5,12,18,Normal,Normal,Normal,85,73,59,76,72,87,74,60,77,73,27,57,3,3,3,34,50,53,28,14,23,32,88,-,72,22,29,-,-,-,-,15,13,13,19,No,85249,Iron,14,0,15,Yes,N,0
RP,Zack Kelly,R,R,13,15,17,10,1,12,19,13,16,11,1,13,19,Normal,Normal,Normal,78,78,65,88,73,77,76,64,84,72,17,32,-,-,-,11,4,20,4,-,-,-,17,-,16,-,-,-,-,-,-,8,1,13,9,No,82595,Iron,7,0,9,Yes,N,0
3B,Corey Koskie,L,R,63,63,61,65,64,85,60,63,66,78,77,99,71,Normal,Normal,Normal,1,1,1,1,2,1,1,1,1,2,1,24,-,-,-,65,73,77,40,2,8,3,-,-,-,-,69,-,-,-,-,26,74,21,38,No,83450,Iron,8,0,6,No,N,0
RP,Jordan Leasure,R,R,16,16,18,15,5,14,19,16,18,15,5,14,19,Normal,Spray,Pull,94,68,64,89,58,92,68,63,92,57,16,38,1,1,1,38,30,34,12,25,36,27,77,-,63,5,5,-,18,-,5,30,21,26,42,No,82478,Iron,8,0,9,Yes,N,0
CF,Nemo Leibold,L,R,67,70,77,75,9,79,87,67,85,77,19,73,111,Normal,Normal,Normal,1,2,1,1,3,1,2,1,1,3,1,23,-,-,-,10,3,9,10,79,47,60,-,-,-,-,-,-,85,66,78,61,73,64,62,No,83442,Iron,22,0,12,Yes,N,0
LF,Daylen Lile,L,R,79,82,79,92,48,68,79,79,79,104,61,70,81,Line Drive,Ex. Pull,Pull,1,26,1,76,1,1,25,1,73,1,1,-,2,2,1,23,22,15,13,73,82,53,48,-,32,-,-,-,84,61,74,108,75,58,46,No,82018,Iron,16,0,9,Yes,N,0
LF,Nick Loftin,R,R,52,54,69,77,65,94,84,52,67,70,54,87,82,Normal,Pull,Pull,1,25,1,74,1,1,25,1,75,1,1,-,1,1,4,59,72,58,64,76,76,51,117,-,82,65,57,48,86,64,76,35,70,45,66,No,82362,Iron,8,0,8,Yes,N,0
SP,Roy Mahaffey,R,R,13,21,12,33,30,14,3,11,10,18,15,24,6,Normal,Normal,Normal,76,70,58,112,49,100,65,56,57,69,73,60,-,-,-,28,20,23,23,1,4,8,55,-,-,-,-,-,-,-,-,5,6,4,5,No,82803,Iron,14,0,9,Yes,N,0
RP,Rafael Montero,R,R,27,27,30,13,10,17,34,27,30,13,10,17,34,Normal,Normal,Normal,71,71,59,71,71,87,82,63,83,82,14,64,-,-,-,22,35,32,24,30,30,60,66,-,42,3,-,-,29,-,26,23,21,24,26,No,82552,Iron,9,0,9,Yes,N,0
RP,David Morgan,R,R,36,37,35,29,28,35,37,36,34,28,26,34,36,Normal,Pull,Pull,81,68,64,72,67,91,75,67,75,75,22,45,2,2,3,24,31,63,22,58,53,56,72,-,43,3,22,-,63,37,56,51,51,50,52,No,81737,Iron,14,0,14,Yes,N,0
LF,Alejandro Osuna,L,L,75,75,67,77,57,80,61,76,73,82,61,84,71,Normal,Normal,Normal,1,28,1,82,1,1,26,1,78,1,1,-,1,1,-,29,34,57,20,61,68,80,77,-,40,-,-,-,75,48,73,58,73,72,53,No,82195,Iron,8,0,10,Yes,N,0
SP,Chris Paddack,R,R,21,23,34,22,1,23,45,21,33,20,1,21,43,Normal,Spray,Spray,59,60,92,78,52,66,63,99,77,57,60,33,2,2,4,17,25,57,9,33,17,48,55,-,42,-,4,-,27,-,19,20,16,18,26,No,82125,Iron,9,0,9,Yes,N,0
RP,Cionel Perez,L,L,23,23,30,31,3,18,34,23,30,31,3,18,34,Normal,Normal,Normal,81,91,55,83,96,78,84,56,75,89,14,67,1,1,1,13,15,65,9,5,25,22,42,-,24,-,-,-,-,-,-,12,12,14,11,No,84959,Iron,8,0,10,No,N,0
RP,PJ Poulin,R,L,18,19,26,16,5,21,31,18,24,15,4,19,30,Normal,Normal,Normal,88,81,71,85,79,75,69,66,73,68,18,60,1,1,5,30,36,53,3,43,12,25,77,-,52,-,-,-,27,-,9,12,2,13,21,No,82015,Iron,8,0,6,Yes,N,0
3B,Luis Rengifo,S,R,72,71,81,75,54,66,94,73,82,72,52,68,93,Normal,Pull,Pull,1,25,1,73,1,1,26,1,78,1,8,-,2,2,1,57,72,62,69,56,58,61,116,-,69,65,60,49,62,35,57,68,74,59,76,No,81925,Iron,10,6,17,Yes,N,0
RP,George Soriano,R,R,21,21,21,20,5,24,22,21,21,20,5,24,22,Normal,Normal,Normal,75,71,69,83,65,81,75,70,88,69,22,53,1,1,1,25,49,57,32,1,1,1,83,-,58,17,28,-,-,-,-,21,18,20,26,No,81865,Iron,8,0,8,Yes,N,0
SS,Trevor Story,R,R,92,95,82,79,79,57,71,91,79,81,77,55,68,Normal,Pull,Pull,1,27,1,79,1,1,25,1,73,1,8,-,-,-,-,76,70,68,67,49,50,60,127,-,93,80,71,64,54,25,48,47,89,72,62,No,82610,Iron,8,0,11,Yes,N,0
RP,Kade Strowd,R,R,25,26,24,20,4,12,22,25,22,19,4,11,20,Normal,Normal,Normal,75,73,68,75,73,78,76,69,78,76,19,45,1,1,5,15,29,57,4,23,6,20,55,-,36,-,-,-,-,-,-,5,3,13,1,No,81835,Iron,8,0,10,Yes,N,0
RP,Keegan Thompson,R,R,33,33,29,34,24,24,23,33,29,34,24,24,23,Normal,Pull,Pull,76,72,69,82,67,79,73,70,81,70,25,51,3,3,1,30,39,62,12,38,45,63,80,-,55,4,26,-,41,-,38,21,20,17,25,No,81823,Iron,7,0,8,Yes,N,0
SP,Dizzy Trout,R,R,25,35,28,40,32,56,13,21,23,61,35,35,26,Normal,Normal,Normal,60,76,68,114,57,76,64,62,62,65,75,95,-,-,-,27,15,28,43,10,1,3,53,-,-,-,-,-,-,-,-,50,72,41,43,No,83028,Iron,10,0,12,Yes,N,0
SP,Walbert Urena,R,R,35,35,34,16,7,30,36,35,34,16,7,30,36,Normal,Normal,Normal,69,68,57,69,68,76,82,62,75,86,53,42,3,3,2,24,23,49,13,7,21,20,59,-,38,-,9,-,-,-,-,23,9,17,43,No,85015,Iron,15,0,21,No,N,0
RP,Carlos Vargas,R,R,22,22,24,23,4,10,27,22,24,23,4,10,27,Normal,Normal,Normal,61,76,76,70,79,62,83,76,82,84,16,57,2,2,1,28,64,50,28,3,3,3,91,-,67,21,31,-,-,-,-,16,11,17,19,No,82228,Iron,8,0,6,Yes,N,0
CL,Victor Vodnik,R,R,23,24,21,15,3,12,19,23,20,14,2,11,18,Normal,Normal,Normal,73,72,63,67,75,82,80,66,70,85,18,50,1,1,1,48,22,62,13,39,6,27,82,-,58,9,27,1,16,-,1,15,18,10,17,No,81824,Iron,9,0,6,Yes,N,0
SP,Kerry Wood,R,R,5,9,9,3,9,7,6,4,7,6,7,11,5,Normal,Normal,Normal,89,92,32,128,74,89,57,48,59,56,68,47,-,-,-,35,21,26,23,7,2,5,66,-,-,-,-,-,-,-,-,13,6,4,21,No,83020,Iron,8,0,7,No,N,0
3B,Blaze Alexander,R,R,81,83,71,74,59,79,60,81,67,70,54,77,51,Groundball,Pull,Pull,55,53,43,85,38,54,52,46,79,39,21,30,2,2,1,71,71,91,70,59,68,87,128,-,77,79,83,69,74,46,74,48,71,53,75,No,82627,Iron,9,0,9,Yes,N,0
RP,Elvis Alvarado,R,R,17,18,21,18,16,16,24,17,19,17,15,15,22,Normal,Spray,Spray,89,74,66,75,74,82,74,63,78,73,17,34,2,2,6,13,22,45,17,22,11,64,44,-,33,-,-,-,13,-,9,22,23,17,25,No,82261,Iron,8,0,10,Yes,N,0
LF,Brooks Baldwin,S,R,69,69,69,66,83,66,71,70,69,71,78,68,70,Normal,Normal,Normal,1,25,10,75,1,1,27,10,80,1,1,17,2,2,1,54,68,61,58,67,65,48,112,-,77,57,55,43,74,50,63,48,78,51,49,No,82474,Iron,8,0,8,Yes,N,0
RP,Anthony Banda,L,L,32,32,33,37,5,21,37,32,33,37,5,21,37,Normal,Normal,Normal,72,76,66,77,76,74,73,71,71,75,19,67,-,-,-,17,32,47,12,-,-,-,60,-,40,-,-,-,-,-,-,17,3,15,34,No,84944,Iron,13,0,29,Yes,N,0
RP,Hunter Bigge,R,R,37,38,31,36,33,29,24,37,31,35,32,28,22,Normal,Pull,Pull,93,72,61,83,67,88,71,55,87,63,16,37,3,3,1,39,49,56,28,39,42,56,91,-,68,26,33,12,40,2,35,15,17,13,16,No,84897,Iron,14,0,28,Yes,N,0
CF,Joe Birmingham,R,R,61,67,80,92,67,63,98,60,73,68,67,60,89,Normal,Spray,Spray,1,5,1,1,7,1,5,1,1,7,1,18,-,-,-,7,4,1,4,83,72,100,-,-,-,-,-,-,103,83,-,67,81,80,65,No,84109,Iron,12,0,9,Yes,N,0
RP,Tim Birtsas,L,L,1,1,4,2,2,3,1,1,4,3,3,3,1,Normal,Normal,Normal,85,67,87,75,63,84,66,69,56,71,24,39,-,-,-,26,20,23,23,10,10,1,53,-,-,-,-,-,-,-,-,11,6,4,18,No,83052,Iron,6,0,6,No,N,0
C,Henry Blanco,R,R,46,24,72,72,64,85,120,53,69,58,38,81,86,Normal,Normal,Normal,1,3,1,1,4,1,3,1,3,4,1,9,86,101,96,7,9,2,2,4,4,1,-,103,-,-,-,-,-,-,-,46,14,16,25,No,84344,Iron,8,0,8,Yes,N,0
1B,Lu Blue,S,L,62,60,66,70,1,127,74,63,81,65,23,140,106,Normal,Pull,Pull,1,2,1,1,3,1,2,1,1,3,1,22,-,-,-,42,21,44,69,6,5,5,-,-,49,-,-,-,-,-,-,72,65,67,61,No,83465,Iron,11,0,10,Yes,N,0
SP,Ed Brandt,L,L,24,28,23,59,5,44,18,23,23,49,5,36,23,Normal,Normal,Normal,85,76,62,88,70,75,64,63,75,59,56,33,-,-,-,35,42,33,23,7,5,4,82,-,-,-,-,-,-,-,-,9,6,13,10,No,83029,Iron,10,0,9,Yes,N,0
RP,Connor Brogdon,R,R,38,38,32,17,7,17,27,38,32,17,7,17,27,Normal,Normal,Normal,78,61,70,77,54,87,70,80,76,68,16,41,2,2,1,16,20,63,12,9,20,22,50,-,39,-,2,-,-,-,-,22,5,15,46,No,84958,Iron,16,6,15,Yes,N,0
CF,Vin Campbell,L,R,64,47,74,102,51,46,100,68,87,73,72,54,112,Normal,Spray,Spray,1,1,1,1,1,1,1,1,2,1,1,22,-,-,-,7,8,4,5,69,44,55,-,-,-,-,-,-,72,50,64,72,80,84,78,No,82861,Iron,9,0,11,Yes,N,0
SP,Eddie Cicotte,S,R,15,14,20,79,5,49,25,16,19,63,5,56,22,Normal,Normal,Normal,61,70,66,79,66,62,76,67,95,67,76,62,-,-,-,33,23,29,30,1,5,1,67,-,-,-,-,-,-,-,-,71,70,70,72,No,83032,Iron,15,0,14,Yes,N,0
SP,Erick Fedde,R,R,24,24,22,20,6,19,21,24,22,20,6,19,21,Normal,Spray,Spray,61,68,72,86,60,65,74,75,92,66,72,38,1,1,5,43,34,40,14,29,27,19,83,-,75,13,17,1,19,-,-,19,17,15,25,No,82481,Iron,8,0,7,Yes,N,0
SP,Ryan Feltner,R,R,33,34,29,19,5,15,19,33,28,17,4,14,18,Normal,Spray,Spray,63,69,68,76,66,68,72,71,76,71,64,51,2,2,1,24,10,62,15,5,20,27,49,-,38,-,-,-,-,-,-,17,16,13,20,No,81827,Iron,8,0,6,Yes,N,0
SP,Josh Fogg,R,R,5,9,34,54,1,62,52,4,30,34,1,40,42,Normal,Spray,Spray,45,83,70,115,67,57,62,90,55,66,60,108,-,-,-,32,16,24,23,7,6,6,57,-,-,-,-,-,-,-,-,18,11,4,29,No,84018,Iron,9,0,11,Yes,N,0
SP,Lefty Gomez,L,L,12,9,12,27,5,39,13,13,20,42,5,39,26,Normal,Normal,Normal,95,86,44,65,97,80,81,20,92,76,72,63,-,-,-,25,26,25,23,10,8,3,59,-,-,-,-,-,-,-,-,5,6,5,6,No,85067,Iron,23,0,27,Yes,N,0
LF,Bryce Johnson,S,R,82,82,70,66,57,81,59,83,70,67,41,84,58,Groundball,Spray,Spray,1,24,1,71,1,1,26,1,78,1,1,-,2,2,4,29,18,47,19,79,79,57,60,-,41,-,4,-,91,70,82,67,82,69,57,No,81734,Iron,9,0,8,Yes,N,0
3B,Otto Kemp,R,R,78,81,69,86,84,75,57,78,67,80,73,68,55,Normal,Pull,Pull,1,26,1,78,1,1,26,1,77,1,1,23,1,1,1,56,58,59,49,53,51,50,107,-,76,52,49,38,56,28,47,51,74,52,42,No,82040,Iron,8,0,6,Yes,N,0
C,Walt Lerian,R,R,74,39,58,59,1,108,73,82,64,81,66,110,37,Normal,Pull,Pull,1,1,1,1,1,1,2,1,4,1,1,10,80,63,67,7,7,2,1,8,8,6,-,69,-,-,-,-,-,-,-,7,6,3,11,No,84339,Iron,11,0,15,Yes,N,0
LF,Duffy Lewis,R,R,90,95,109,75,33,65,117,89,88,90,51,52,87,Groundball,Spray,Spray,1,1,1,1,1,1,1,1,1,1,1,23,-,-,-,4,3,4,7,56,75,73,-,-,-,-,-,-,69,-,-,58,70,71,45,No,83456,Iron,18,0,17,Yes,N,0
1B,Tyler Locklear,R,R,81,80,71,93,73,82,63,82,73,89,69,76,65,Normal,Pull,Pull,1,25,7,74,1,1,27,7,80,1,6,20,2,2,3,36,47,49,34,7,12,12,88,-,69,25,27,-,-,-,-,51,80,52,31,No,81837,Iron,8,0,9,Yes,N,0
SP,Michael Lorenzen,R,R,63,63,44,28,95,25,25,63,44,28,93,25,25,Normal,Normal,Normal,62,67,83,73,64,61,68,82,76,65,59,49,-,-,-,18,66,50,28,65,60,81,86,-,56,5,23,-,77,52,76,52,44,60,51,No,81830,Iron,7,0,8,Yes,N,0
LF,Austin McHenry,R,R,61,47,75,92,72,73,106,64,75,106,71,68,88,Line Drive,Normal,Normal,1,1,1,1,1,1,1,1,2,1,1,15,-,-,-,7,5,4,6,41,69,87,-,-,-,-,-,-,55,21,-,80,80,80,88,No,84323,Iron,11,0,11,Yes,N,0
SP,Harry McIntire,R,R,29,29,24,47,56,32,21,30,25,44,35,41,22,Normal,Pull,Pull,54,72,74,90,64,53,72,73,90,63,77,58,-,-,-,27,20,21,16,1,2,5,53,-,-,-,-,-,-,-,-,56,67,63,48,No,83031,Iron,33,0,14,Yes,N,0
CF,Terry Moore,R,R,71,56,75,57,69,66,97,76,87,58,65,63,99,Normal,Normal,Normal,1,3,1,1,4,1,3,1,2,4,1,24,-,-,-,9,9,4,2,74,79,54,-,-,-,-,-,-,-,62,-,21,11,8,45,No,83420,Iron,12,0,9,Yes,N,0
SP,Hugh Mulcahy,R,R,11,19,19,27,1,24,19,9,16,21,2,18,21,Normal,Normal,Normal,40,91,71,109,83,50,68,74,62,72,88,51,-,-,-,25,24,29,37,5,1,3,59,-,-,-,-,-,-,-,-,15,6,5,24,No,83864,Iron,14,0,13,Yes,N,0
3B,Max Muncy,R,R,94,95,75,94,70,67,57,94,74,93,68,66,55,Line Drive,Normal,Normal,1,26,7,78,1,1,26,7,77,1,7,17,3,3,3,72,67,59,66,61,60,54,122,-,85,75,62,57,67,41,59,28,58,35,73,No,82264,Iron,7,0,8,Yes,N,0
2B,Tony Piet,R,R,65,52,68,68,51,60,83,69,76,65,70,80,85,Normal,Pull,Pull,1,1,1,1,1,1,1,1,2,1,1,22,-,-,-,63,62,39,64,1,8,6,-,-,-,64,43,-,-,-,-,71,74,72,71,No,82860,Iron,10,0,11,Yes,N,0
RF,Wally Post,R,R,58,40,58,78,99,69,71,62,67,76,89,64,73,Normal,Normal,Normal,1,5,1,1,7,1,5,1,2,7,1,22,-,-,-,9,6,3,8,52,110,72,-,-,-,-,-,-,72,-,67,36,6,4,28,No,83441,Iron,23,0,25,Yes,N,0
SP,Armando Reynoso,R,R,5,3,6,3,11,6,4,6,7,6,5,9,3,Normal,Pull,Pull,52,70,61,48,81,51,82,82,114,67,64,115,-,-,-,35,18,36,55,4,8,9,70,-,-,-,-,-,-,-,-,5,6,4,5,No,83035,Iron,6,0,8,No,N,0
LF,Alan Roden,L,R,71,70,74,81,50,76,80,72,77,83,56,79,85,Normal,Pull,Pull,1,24,1,71,1,1,27,1,81,1,10,15,31,31,45,26,41,49,24,63,66,61,78,21,46,8,19,-,72,47,65,39,73,34,49,No,82324,Iron,8,0,12,Yes,N,0
1B,Joe Scott,L,L,48,48,62,128,80,94,74,49,65,133,85,99,78,Line Drive,Normal,Normal,1,9,1,19,5,1,9,1,19,5,1,21,-,-,-,69,61,32,71,1,11,4,-,-,73,-,-,-,-,-,-,42,13,15,34,No,84882,Iron,14,0,38,Yes,N,0
RP,Chase Silseth,R,R,26,27,26,29,31,29,27,26,25,27,30,28,26,Normal,Pull,Pull,78,67,60,73,65,81,73,61,77,72,25,38,23,23,55,26,28,55,8,30,28,53,67,17,42,-,14,-,27,-,22,24,22,19,31,No,84910,Iron,10,0,15,Yes,N,0
2B,Lenyn Sosa,R,R,76,79,81,68,75,51,86,76,80,66,73,42,86,Normal,Ex. Pull,Pull,1,29,1,85,1,1,27,1,79,1,1,-,1,1,1,62,67,65,62,50,47,60,117,-,79,65,61,50,54,25,48,21,58,17,45,No,82469,Iron,8,0,7,Yes,N,0
3B,Jose Tena,L,R,95,96,79,79,50,66,64,95,79,80,57,70,66,Groundball,Pull,Pull,1,25,7,75,1,1,26,7,76,1,8,-,2,2,1,63,65,65,62,62,56,57,116,-,64,66,60,51,68,42,61,57,77,63,59,No,82019,Iron,6,0,6,Yes,N,0
RF,George Valera,L,L,73,72,60,63,73,79,43,74,66,66,79,84,60,Normal,Spray,Spray,1,28,3,84,1,1,25,2,73,1,3,-,-,-,-,13,23,37,11,67,74,66,43,-,24,-,-,-,79,54,73,32,11,11,56,No,82434,Iron,9,0,7,Yes,N,0
RP,Jordan Walden,R,R,1,1,4,3,1,3,1,1,4,3,1,2,1,Normal,Normal,Normal,92,70,53,53,79,94,77,54,59,87,16,33,-,-,-,27,20,23,23,6,10,4,55,-,-,-,-,-,-,-,-,5,6,4,5,No,83055,Iron,8,7,10,Yes,N,0
CF,Joey Wiemer,R,R,73,76,69,74,75,79,64,72,64,70,66,77,55,Normal,Pull,Pull,1,24,1,71,1,1,26,1,78,1,1,-,-,-,2,29,38,87,19,79,69,101,83,-,64,10,41,-,99,77,101,42,79,56,53,No,84926,Iron,9,0,7,Yes,N,0
LF,Dee Williams,R,R,64,65,78,71,73,61,95,64,77,70,72,60,93,Normal,Normal,Normal,1,7,1,19,1,1,7,1,20,1,1,7,1,1,1,1,1,5,4,62,50,61,-,-,-,-,-,-,68,-,-,64,64,45,55,No,84416,Iron,33,0,18,Yes,N,0
RP,Ryan Zeferjahn,R,R,20,22,17,23,4,13,13,20,17,22,4,11,13,Normal,Pull,Pull,93,71,58,81,67,95,74,58,82,71,23,52,1,1,1,26,61,44,28,34,18,53,87,-,70,18,25,-,29,-,23,13,16,5,17,No,82295,Iron,7,0,8,Yes,N,0
LF,Koke Alexander,R,R,63,64,80,83,60,64,101,63,78,81,58,63,97,Normal,Normal,Normal,1,8,1,19,3,1,8,1,20,3,1,22,1,1,1,57,61,32,62,64,58,63,-,-,-,57,-,-,72,47,66,71,70,48,57,No,84412,Iron,11,0,10,Yes,N,0
RP,Lake Bachar,R,R,23,23,19,17,14,20,15,23,19,17,14,20,15,Normal,Pull,Pull,82,68,68,86,60,84,73,68,91,64,22,52,3,3,4,22,33,51,31,3,3,3,69,-,47,8,16,-,-,-,-,17,17,10,25,No,82101,Iron,8,0,12,Yes,N,0
2B,Rainey Bibbs,S,R,62,62,78,62,42,55,98,63,80,63,44,59,104,Normal,Spray,Pull,1,7,1,18,2,1,7,1,19,2,1,1,1,1,1,80,73,46,85,4,5,1,-,-,-,90,63,-,-,-,-,56,68,39,54,No,84406,Iron,7,0,9,Yes,N,0
RP,Paul Blackburn,R,R,38,38,31,20,1,23,22,38,31,20,1,23,22,Normal,Normal,Normal,65,71,78,68,73,62,71,75,71,71,37,61,-,-,-,31,28,38,12,-,-,-,70,-,48,-,6,-,-,-,-,22,11,12,43,No,82577,Iron,8,0,8,Yes,N,0
LF,Dairon Blanco,R,R,83,87,75,71,62,73,64,82,71,72,50,64,62,Groundball,Spray,Spray,1,26,1,77,1,1,25,1,73,1,1,-,3,3,2,6,5,5,31,81,74,57,11,-,9,-,-,-,92,72,83,115,106,110,68,No,82372,Iron,8,0,6,Yes,N,0
RP,AJ Blubaugh,R,R,12,12,27,21,6,15,34,12,27,21,6,15,34,Normal,Pull,Pull,77,68,71,78,63,74,66,69,79,60,38,22,1,1,1,31,35,43,15,30,23,29,76,-,56,4,14,-,21,-,9,20,25,14,20,No,85003,Iron,11,0,11,No,N,0
3B,Jeimer Candelario,S,R,57,62,67,68,77,68,73,55,63,71,79,74,70,Normal,Ex. Pull,Pull,1,29,1,85,1,1,23,1,69,1,4,-,1,1,1,48,47,83,31,47,48,61,99,-,81,36,52,31,51,21,46,21,58,17,51,No,82288,Iron,8,0,10,Yes,N,0
SP,Cliff Carter,R,R,32,32,23,25,1,28,10,32,23,25,1,28,10,Normal,Normal,Normal,53,70,71,74,68,54,71,72,77,69,72,60,1,1,1,29,14,21,21,53,59,65,50,-,-,-,-,-,60,-,56,16,6,5,28,No,84405,Iron,10,0,10,Yes,N,0
RF,Lonnie Chisenhall,L,R,74,71,81,92,64,56,95,76,86,85,55,60,97,Normal,Pull,Pull,1,5,1,1,7,1,5,1,1,7,1,6,-,-,-,50,57,65,40,64,85,71,-,-,-,-,48,-,-,-,75,67,86,22,81,No,83424,Iron,7,0,6,No,N,0
RP,Angel Chivilli,R,R,33,34,30,20,5,23,23,33,29,22,5,25,25,Normal,Normal,Normal,72,69,79,67,70,72,71,78,71,71,16,54,1,1,1,27,26,54,15,10,17,24,66,-,47,-,14,-,-,-,-,23,14,21,33,No,82561,Iron,8,0,10,Yes,N,0
3B,Wid Conroy,R,R,49,64,88,59,40,81,126,43,72,65,62,62,100,Normal,Normal,Normal,1,3,1,1,4,1,3,1,1,4,1,10,-,-,-,61,64,74,43,89,61,53,-,-,-,57,61,47,97,81,-,68,86,88,61,No,83411,Iron,13,0,9,Yes,N,0
RF,Bobby Darwin,R,R,68,73,66,75,65,69,61,67,67,67,88,67,69,Normal,Normal,Normal,1,1,1,1,1,1,1,1,1,1,1,11,-,-,-,10,10,1,8,48,73,103,-,-,-,-,-,-,66,34,71,42,70,23,50,No,83419,Iron,29,0,26,Yes,N,0
LF,Zach Dezenzo,R,R,88,88,71,67,76,72,52,89,73,69,77,69,57,Normal,Ex. Pull,Pull,1,25,1,73,1,1,26,1,77,1,1,-,14,14,12,45,44,65,51,48,51,64,94,-,92,39,41,26,53,23,49,16,74,32,43,No,82168,Iron,7,0,8,Yes,N,0
SS,Mickey Doolin,R,R,55,78,81,97,33,43,86,41,69,127,83,52,94,Line Drive,Normal,Normal,1,2,1,2,2,1,1,1,1,2,1,21,-,-,-,90,71,81,74,1,7,7,-,-,-,96,-,81,-,-,-,55,75,66,57,No,82856,Iron,10,6,15,Yes,N,0
2B,Mariano Duncan,R,R,52,67,80,64,71,60,97,45,65,42,87,42,81,Normal,Pull,Pull,1,3,1,1,4,1,3,1,1,4,1,3,-,-,-,54,45,37,63,46,53,61,-,-,-,49,-,27,51,-,-,85,67,65,85,No,83400,Iron,7,0,6,No,N,0
SP,Johnny Enzmann,R,R,1,2,5,2,1,4,1,1,5,4,1,2,2,Normal,Pull,Pull,42,73,85,91,64,60,60,97,49,66,65,67,-,-,-,28,20,24,23,6,8,1,56,-,-,-,-,-,-,-,-,7,6,4,9,No,84238,Iron,11,0,7,Yes,N,0
C,Freddy Fermin,R,R,66,67,75,64,57,70,85,66,73,63,58,67,83,Normal,Pull,Pull,1,25,1,74,1,1,25,1,73,1,1,-,69,61,79,21,31,41,8,37,37,54,61,68,31,-,5,-,37,-,31,6,11,12,49,No,81735,Iron,9,0,7,Yes,N,0
RF,Yanquiel Fernandez,L,L,72,75,73,76,67,60,72,72,74,75,81,65,78,Normal,Ex. Pull,Pull,1,30,2,88,1,1,25,3,75,1,1,-,1,1,2,23,27,41,17,52,53,80,60,-,43,-,-,-,61,33,61,20,6,4,56,No,82554,Iron,8,0,6,Yes,N,0
C,Braxton Fulford,R,R,84,83,72,91,77,75,63,85,72,80,69,71,60,Normal,Normal,Normal,1,25,1,74,1,1,27,1,80,1,7,-,68,71,65,33,44,58,26,35,43,58,85,67,52,18,29,-,36,-,32,50,67,31,51,No,81816,Iron,8,0,6,Yes,N,0
RP,Rico Garcia,R,R,17,19,27,18,1,15,32,17,25,16,1,13,31,Normal,Spray,Spray,92,69,65,73,68,88,68,62,74,65,16,67,1,1,1,32,25,64,22,1,1,1,75,-,38,8,23,-,-,-,-,15,8,19,18,No,84912,Iron,44,6,60,Yes,N,0
RP,Cade Gibson,L,L,6,6,11,25,3,7,14,7,12,26,4,8,15,Normal,Pull,Spray,65,78,75,76,79,62,76,73,80,74,21,49,1,1,1,20,27,47,10,26,38,29,57,-,40,-,-,-,19,-,7,38,44,41,29,No,82102,Iron,8,0,8,Yes,N,0
3B,Brett Harris,R,R,55,62,70,62,62,86,79,53,64,67,64,82,74,Normal,Pull,Pull,1,29,8,86,1,1,24,8,71,1,10,5,3,3,1,63,65,72,48,51,38,56,116,-,88,61,63,49,52,24,46,30,70,32,63,No,82256,Iron,9,0,11,Yes,N,0
SP,Joe Hatten,R,L,12,20,15,32,1,9,9,10,13,17,2,19,14,Normal,Spray,Spray,68,122,40,142,112,44,69,61,64,72,64,115,-,-,-,31,21,29,35,8,1,5,63,-,-,-,-,-,-,-,-,59,61,63,56,No,83027,Iron,8,0,8,Yes,N,0
RF,Rece Hinds,R,R,82,82,68,84,89,65,53,83,67,79,86,61,48,Normal,Ex. Pull,Pull,1,24,1,72,1,1,26,1,77,1,1,-,1,1,4,44,37,83,43,60,68,92,92,-,82,34,48,27,76,48,77,64,77,73,51,No,85257,Iron,13,6,13,Yes,N,0
1B,Troy Johnston,L,L,86,86,80,90,63,66,75,87,82,97,65,68,78,Line Drive,Pull,Pull,1,25,1,74,1,1,25,1,74,1,1,-,2,2,2,20,26,40,14,45,47,55,55,-,33,-,-,-,48,18,41,75,83,60,56,No,81800,Iron,8,0,8,Yes,N,0
LF,Heston Kjerstad,L,R,76,76,67,76,77,63,58,77,70,78,80,68,64,Normal,Ex. Pull,Pull,1,25,9,75,1,1,28,10,83,1,25,-,1,1,4,10,38,39,10,57,76,54,54,-,38,-,-,-,66,37,57,64,67,14,57,No,82632,Iron,8,0,8,Yes,N,0
RP,Max Lazar,R,R,26,26,22,21,6,29,19,26,22,21,6,29,19,Normal,Normal,Normal,62,70,86,76,68,63,72,87,80,69,20,37,2,2,1,28,21,65,19,6,16,32,66,-,48,-,20,-,-,-,-,18,18,15,21,No,82041,Iron,9,0,7,Yes,N,0
SP,Dixie Leverett,R,R,14,8,8,19,1,13,3,16,12,34,2,15,6,Normal,Normal,Normal,39,63,59,55,67,60,85,73,120,68,81,115,-,-,-,25,20,23,23,1,4,1,52,-,-,-,-,-,-,-,-,5,6,5,5,No,84237,Iron,12,0,10,Yes,N,0
3B,Harry Lord,L,R,62,62,76,44,83,38,93,63,83,65,66,60,110,Normal,Spray,Spray,1,1,1,1,1,1,1,1,1,1,1,10,-,-,-,56,46,70,36,8,2,3,-,-,-,-,48,-,-,-,-,76,84,86,79,No,84318,Iron,13,0,23,Yes,N,0
LF,Jake Mangum,S,L,92,92,89,79,30,53,85,93,91,80,31,55,86,Normal,Spray,Spray,1,45,27,75,31,1,47,27,77,32,51,34,1,1,4,29,21,52,3,82,67,72,63,-,41,-,-,-,95,75,90,60,79,69,71,No,81902,Iron,8,0,7,Yes,N,0
SP,Corbin Martin,R,R,23,23,20,26,13,25,18,23,20,26,13,25,18,Normal,Normal,Normal,71,70,54,78,66,79,77,61,76,78,34,56,1,1,4,28,50,47,31,60,51,72,84,-,61,18,23,-,68,43,65,19,14,17,26,No,85269,Iron,13,0,13,Yes,N,0
SS,Jorge Mateo,R,R,74,77,73,76,74,61,70,74,70,75,62,55,68,Normal,Spray,Spray,1,29,1,87,1,1,27,1,80,1,-,-,1,1,1,77,76,78,68,75,57,74,132,-,88,84,80,71,86,65,82,95,107,111,86,No,82142,Iron,8,0,7,Yes,N,0
RP,Juan Mejia,R,R,19,19,23,35,3,21,27,19,23,35,3,21,27,Normal,Normal,Normal,82,71,66,70,72,88,75,67,73,77,17,60,2,2,3,24,16,51,19,6,17,23,53,-,40,-,-,-,-,-,-,9,7,10,10,No,81806,Iron,8,0,7,Yes,N,0
RF,Danny Moeller,S,R,65,81,70,61,30,70,61,60,70,78,45,97,82,Normal,Spray,Spray,1,2,1,1,3,1,2,1,1,3,1,21,-,-,-,5,9,3,9,56,44,92,-,-,-,-,-,-,66,-,69,84,83,88,92,No,83409,Iron,13,0,15,Yes,N,0
C,Jimmy Peoples,R,R,40,40,76,90,50,67,118,40,75,88,49,66,115,Line Drive,Normal,Normal,1,3,1,1,5,1,3,1,1,5,1,7,61,51,63,72,56,68,68,56,54,67,-,53,-,-,-,56,-,-,59,65,97,98,70,No,82862,Iron,11,0,13,Yes,N,0
SP,Flint Rhem,R,R,11,6,8,45,2,38,6,13,11,35,4,29,8,Normal,Spray,Spray,45,54,70,50,56,64,87,73,113,75,66,34,-,-,-,27,14,22,27,7,1,3,48,-,-,-,-,-,-,-,-,6,6,5,6,No,83030,Iron,10,0,9,Yes,N,0
SP,Bill Sherdel,L,L,15,12,18,35,22,34,24,16,22,55,37,34,29,Normal,Normal,Normal,69,53,86,45,57,54,64,87,56,69,65,115,-,-,-,25,20,23,24,7,5,9,52,-,-,-,-,-,-,-,-,11,6,5,16,No,83008,Iron,8,0,9,Yes,N,0
2B,Ronny Simon,S,R,72,71,74,82,51,72,79,73,74,75,55,74,76,Normal,Normal,Normal,1,25,1,74,1,1,27,2,81,1,3,-,1,1,1,59,58,62,46,51,68,54,109,-,59,54,52,40,58,29,51,64,76,68,49,No,81892,Iron,10,0,6,Yes,N,0
RF,Cam Smith,R,R,82,83,71,77,72,79,60,82,70,76,71,78,59,Normal,Ex. Pull,Pull,1,26,4,77,1,1,26,5,78,1,5,9,1,1,1,54,60,75,35,62,63,70,108,-,89,47,57,39,72,46,68,61,79,34,51,No,82166,Iron,7,0,7,Yes,N,0
RP,Brent Suter,L,L,32,32,31,18,9,37,33,32,31,18,9,37,33,Normal,Normal,Normal,62,69,79,81,64,65,69,82,76,66,20,78,-,-,-,25,16,60,29,-,-,-,58,-,44,-,-,-,-,-,-,18,13,19,21,No,82311,Iron,7,0,9,Yes,N,0
CF,Tyrone Taylor,R,R,70,70,76,80,68,54,84,71,75,78,66,50,82,Normal,Normal,Normal,1,27,1,80,1,1,28,1,82,1,-,-,-,-,-,24,26,58,19,82,89,84,64,-,41,-,16,-,102,80,99,53,82,61,77,No,82076,Iron,7,0,6,Yes,N,0
C,Jose Trevino,R,R,59,50,76,66,68,63,106,61,77,68,61,60,97,Normal,Normal,Normal,1,21,9,62,1,1,30,9,90,1,4,-,83,89,62,38,46,64,56,38,43,52,92,82,61,36,40,16,39,-,32,5,58,11,62,No,81963,Iron,8,0,8,Yes,N,0
SP,Brandon Williamson,R,L,16,15,16,14,3,16,17,17,18,16,3,18,18,Normal,Pull,Pull,66,75,75,82,72,64,70,72,80,65,58,58,1,1,1,28,45,52,22,3,3,3,81,-,72,-,-,-,-,-,-,18,17,9,28,No,84892,Iron,14,6,16,Yes,N,0
SP,Jack Wilson,R,R,27,18,49,52,28,32,72,30,47,66,43,35,65,Normal,Normal,Normal,71,68,50,50,77,92,71,54,83,66,59,96,-,-,-,30,26,26,23,7,7,4,65,-,-,-,-,-,-,-,-,18,6,4,28,No,84017,Iron,16,0,15,Yes,N,0
SP,Early Wynn,S,R,48,62,46,55,24,19,30,43,35,45,39,21,29,Normal,Normal,Normal,44,83,77,119,65,63,60,71,68,57,79,96,-,-,-,32,31,29,23,5,5,6,73,-,-,-,-,-,-,-,-,6,6,5,6,No,83015,Iron,15,6,13,Yes,N,0
SP,Jason Alexander,R,R,15,16,17,16,5,28,18,15,16,15,4,26,17,Normal,Normal,Normal,54,66,74,74,63,64,72,80,78,70,54,50,3,3,4,35,21,50,4,37,45,54,70,-,52,-,11,-,38,-,33,20,24,17,20,No,82163,Iron,7,0,6,Yes,N,0
SS,Javier Baez,R,R,78,81,82,78,71,49,84,78,79,74,70,40,81,Normal,Ex. Pull,Pull,1,27,9,81,1,1,25,9,75,1,10,-,1,1,1,75,80,84,70,69,65,71,134,-,85,85,84,73,80,57,76,45,77,31,72,No,82410,Iron,8,0,9,Yes,N,0
CF,Jorge Barrosa,S,L,68,68,68,92,59,76,70,69,68,91,52,78,69,Normal,Normal,Normal,1,26,1,76,1,1,25,1,73,1,1,-,-,-,-,22,8,46,12,81,73,47,41,-,18,-,-,-,89,69,77,55,72,55,78,No,84970,Iron,22,0,32,Yes,N,0
3B,Jimmy Binder,R,R,62,62,77,63,18,65,96,62,77,63,17,66,96,Normal,Spray,Spray,1,20,17,24,18,1,20,17,24,18,25,19,1,1,1,81,69,87,77,45,56,56,-,-,-,89,85,-,49,-,-,59,64,21,49,No,84410,Iron,20,0,30,Yes,N,0
RF,Gustavo Campero,S,R,69,69,76,92,70,63,85,70,75,92,67,68,83,Line Drive,Ex. Pull,Pull,1,25,1,74,1,1,26,1,77,1,1,-,41,48,44,15,28,44,14,55,59,70,52,34,20,-,-,-,64,36,61,71,83,71,55,No,82303,Iron,7,0,9,Yes,N,0
SP,Jonathan Cannon,R,R,27,28,23,24,26,22,18,27,22,23,24,21,17,Normal,Normal,Normal,55,65,74,73,62,64,75,79,79,73,53,44,1,1,4,22,30,47,15,32,39,46,63,-,53,-,10,-,30,-,23,26,27,20,31,No,82466,Iron,7,0,7,Yes,N,0
1B,Scoops Carey,R,R,81,96,101,243,22,44,101,75,93,129,25,61,118,Line Drive,Pull,Pull,1,1,1,1,1,1,1,1,1,1,1,7,-,-,-,33,60,40,29,7,4,2,-,-,60,-,-,-,-,-,-,59,66,74,50,No,82851,Iron,8,0,7,Yes,N,0
SP,Jack Chesbro,R,R,58,47,33,37,64,1,16,61,45,56,87,1,31,Normal,Pull,Pull,73,52,79,26,65,72,55,79,38,64,72,71,-,-,-,28,25,27,29,8,1,5,62,-,-,-,-,-,-,-,-,75,72,86,72,No,83017,Iron,11,0,16,Yes,N,0
3B,Mark Christman,R,R,62,54,80,70,69,53,116,64,84,63,49,61,112,Normal,Normal,Normal,1,1,1,1,1,1,1,1,1,1,1,6,-,-,-,47,93,62,55,7,7,4,-,-,73,58,63,46,-,-,-,46,30,23,30,No,83407,Iron,12,6,13,Yes,N,0
CF,Jocko Conlan,L,L,44,61,77,64,1,94,97,39,86,86,1,67,175,Normal,Normal,Normal,1,2,1,2,3,1,2,1,1,3,1,16,-,-,-,8,2,3,8,78,45,46,-,-,-,-,-,-,-,61,69,47,58,20,44,No,84116,Iron,14,0,12,Yes,N,0
RF,Carlos Cortes,L,R,60,60,67,76,75,77,76,61,68,77,76,78,77,Normal,Ex. Pull,Pull,1,27,1,80,1,1,28,1,83,1,1,-,1,1,1,44,45,57,46,57,55,64,93,-,49,37,37,23,64,37,59,21,11,12,58,No,82257,Iron,9,0,13,Yes,N,0
SP,Mike Cuellar,L,L,15,9,10,27,18,20,9,18,18,42,33,35,17,Normal,Spray,Spray,58,45,72,63,37,43,81,74,124,60,90,36,-,-,-,35,22,28,27,6,3,9,68,-,-,-,-,-,-,-,-,15,6,5,26,No,83863,Iron,6,0,6,No,N,0
RP,John Curtiss,R,R,15,16,19,16,5,28,22,15,18,14,5,26,21,Normal,Normal,Normal,65,68,90,76,64,62,68,87,80,63,17,48,1,1,1,26,37,43,13,21,34,14,74,-,61,-,12,-,10,-,-,15,6,10,28,No,81832,Iron,9,0,10,Yes,N,0
C,Adrian Del Castillo,L,R,69,72,63,73,67,69,51,69,64,74,72,73,60,Normal,Pull,Pull,1,26,1,78,1,1,24,1,72,1,1,-,49,42,56,31,39,66,18,38,42,68,82,40,47,10,30,-,41,-,40,45,16,5,41,No,81839,Iron,8,0,8,Yes,N,0
SP,Dizzy Dismukes,R,R,17,18,31,56,5,58,40,17,30,55,4,56,38,Normal,Normal,Spray,37,69,72,75,66,47,83,77,98,76,69,60,53,53,53,29,29,28,25,53,59,65,67,45,45,-,-,-,-,-,56,18,11,5,29,No,84402,Iron,8,0,8,Yes,N,0
SP,Wilber Dotel,R,R,22,22,21,18,5,13,20,22,21,18,5,13,20,Normal,Normal,Normal,58,68,68,75,65,63,74,71,80,72,44,42,1,1,1,26,31,50,18,9,18,23,71,-,52,1,14,-,-,-,-,15,15,11,17,No,85233,Iron,21,0,11,Yes,N,0
C,Mitch Garver,R,R,49,49,55,59,73,96,62,50,51,57,73,91,54,Normal,Pull,Pull,1,26,7,77,1,1,26,7,77,1,1,-,62,63,55,31,42,49,14,38,36,51,81,56,57,6,20,-,37,-,31,45,16,14,52,No,84949,Iron,29,0,55,Yes,N,0
RF,Drew Gilbert,L,L,51,51,64,66,67,75,75,52,65,67,68,76,76,Normal,Spray,Spray,34,30,30,79,6,34,32,30,82,7,18,69,2,2,5,26,41,49,17,79,76,72,78,-,40,-,-,-,93,72,88,59,65,34,69,No,81706,Iron,9,0,13,Yes,N,0
SP,Tanner Gordon,L,R,21,21,18,18,12,36,15,21,18,18,12,36,15,Normal,Normal,Normal,62,57,96,65,54,61,58,95,66,54,57,23,3,3,1,26,23,23,9,16,18,23,54,-,49,-,-,-,4,-,-,13,17,8,16,No,81807,Iron,8,0,11,Yes,N,0
RP,Andre Granillo,R,R,13,13,14,18,3,12,14,13,14,18,3,12,14,Normal,Spray,Spray,75,64,61,77,58,85,76,67,81,74,19,49,2,2,1,26,14,48,3,22,16,15,50,-,41,-,-,-,7,-,-,6,1,16,1,No,84907,Iron,11,0,16,Yes,N,0
LF,Garrett Hampson,R,R,84,86,79,63,52,81,74,84,76,60,37,77,69,Groundball,Normal,Normal,1,27,7,80,1,1,26,7,76,1,2,-,1,1,1,75,61,65,73,76,69,50,122,-,76,78,65,60,84,62,73,57,81,64,85,No,81954,Iron,9,0,10,Yes,N,0
LF,Dustin Harris,L,R,71,76,73,66,66,71,71,70,73,71,65,73,77,Normal,Pull,Pull,1,28,1,82,1,1,24,1,70,1,1,-,2,2,4,44,43,55,38,58,69,54,91,-,76,33,33,20,65,38,57,69,90,74,51,No,82468,Iron,10,0,9,Yes,N,0
C,Jonah Heim,S,R,59,63,76,60,70,70,92,57,72,65,69,73,89,Normal,Normal,Normal,1,28,4,84,1,1,25,4,73,1,3,-,63,64,59,33,35,58,16,36,40,56,80,58,66,8,24,-,36,-,31,28,16,14,44,No,82143,Iron,8,0,7,Yes,N,0
RP,Daysbel Hernandez,R,R,14,16,29,24,4,18,35,14,27,22,3,16,33,Normal,Pull,Pull,89,75,54,74,76,89,78,53,80,78,17,51,2,2,3,24,21,51,13,23,21,23,58,-,32,-,9,-,11,-,-,13,7,14,18,No,82134,Iron,8,0,9,Yes,N,0
LF,Heriberto Hernandez,R,R,68,67,63,68,71,95,60,69,62,65,70,90,52,Normal,Pull,Pull,1,27,1,79,1,1,29,1,86,1,-,-,23,23,35,22,36,63,15,51,57,53,74,9,43,-,22,-,55,26,48,45,67,22,48,No,82106,Iron,8,0,9,Yes,N,0
SP,Gunnar Hoglund,L,R,29,29,23,30,32,17,19,29,23,30,32,17,19,Normal,Normal,Normal,60,63,86,77,57,58,65,85,83,57,52,42,2,2,5,29,40,77,24,10,4,18,83,-,65,13,36,-,-,-,-,19,21,9,27,No,82262,Iron,8,0,8,Yes,N,0
RP,Grant Holman,R,R,25,27,22,39,41,27,17,25,20,37,39,25,16,Normal,Pull,Pull,69,70,78,74,68,68,72,77,77,70,17,23,4,4,1,28,38,62,15,32,34,58,79,-,68,4,25,-,31,-,27,28,41,26,18,No,81836,Iron,8,0,9,Yes,N,0
2B,Jeremiah Jackson,R,R,63,63,68,67,85,53,74,64,66,69,84,47,70,Normal,Normal,Normal,1,25,1,74,1,1,25,1,75,1,1,-,3,3,4,65,76,63,67,70,57,76,123,-,76,73,65,57,80,57,78,37,71,56,59,No,82626,Iron,8,0,8,Yes,N,0
1B,Mike Jacobs,L,R,54,37,56,102,81,64,70,60,69,122,82,78,79,Line Drive,Pull,Pull,1,3,1,1,4,1,3,1,2,4,1,15,-,-,-,35,23,30,31,1,9,7,-,-,57,-,-,-,-,-,-,27,85,12,30,No,84320,Iron,9,0,9,Yes,N,0
1B,Mike Jacobs,L,R,56,38,58,104,83,66,72,62,71,125,84,80,81,Line Drive,Pull,Pull,1,3,1,1,5,1,4,1,3,5,1,15,-,-,-,35,23,30,31,1,9,7,-,-,58,-,-,-,-,-,-,27,85,12,30,No,84320,Iron,597,0,650,No,Y,1
RF,Greg Jones,S,R,82,81,66,66,66,61,48,83,66,68,64,64,45,Normal,Spray,Spray,1,25,1,75,1,1,26,1,77,1,3,-,1,1,2,71,49,75,66,90,69,74,115,-,79,69,63,54,105,87,99,96,93,101,66,No,85246,Iron,8,0,10,Yes,N,0
SS,Isiah Kiner-Falefa,R,R,78,79,88,66,33,62,97,78,85,60,47,54,94,Groundball,Spray,Spray,1,25,1,73,1,1,26,1,76,1,7,-,29,30,54,72,77,78,67,62,61,75,129,23,77,80,78,67,73,47,70,57,82,60,44,No,82604,Iron,8,0,6,Yes,N,0
CF,Ryan Kreidler,R,R,62,67,65,64,53,100,65,61,55,70,54,96,49,Normal,Pull,Pull,1,27,1,81,1,1,23,1,68,1,1,-,1,1,6,76,78,79,69,55,60,78,133,-,104,84,81,71,66,37,64,44,75,62,60,No,82336,Iron,8,0,8,Yes,N,0
SP,Slim Love,L,L,4,4,6,11,1,5,2,5,6,12,1,6,3,Normal,Normal,Normal,98,68,48,68,68,84,67,46,75,63,69,47,-,-,-,24,20,22,23,9,9,4,50,-,-,-,-,-,-,-,-,8,6,15,6,No,82802,Iron,12,0,9,Yes,N,0
1B,Tony Lupien,L,L,47,42,76,57,52,70,114,49,85,68,58,68,146,Normal,Normal,Normal,1,3,1,1,4,1,3,1,1,4,1,16,-,-,-,34,42,36,31,9,6,4,-,-,58,-,-,-,-,-,-,71,72,71,64,No,83435,Iron,8,0,12,Yes,N,0
SP,German Marquez,R,R,32,32,33,33,6,31,37,32,33,33,6,31,37,Normal,Normal,Normal,51,64,76,70,61,63,70,82,73,69,58,51,2,2,2,19,27,41,6,7,22,24,54,-,36,-,-,-,-,-,-,17,17,13,21,No,81738,Iron,8,0,9,Yes,N,0
RF,Starling Marte,R,R,82,85,84,68,68,81,84,82,78,66,64,66,75,Groundball,Normal,Spray,1,25,1,75,1,1,25,1,75,1,4,-,-,-,-,17,26,47,6,61,69,68,52,-,34,-,-,-,72,46,67,46,83,57,81,No,84925,Iron,9,0,8,Yes,N,0
RP,Riley Martin,L,L,11,11,16,16,9,12,21,11,16,16,9,12,21,Normal,Spray,Pull,85,80,60,85,78,82,74,59,77,73,23,55,1,1,1,32,34,33,8,30,26,29,74,-,52,-,-,-,21,-,9,26,30,14,34,No,85004,Iron,10,0,9,Yes,N,0
SP,George Mitchell,R,R,51,52,43,69,73,62,36,51,41,68,71,61,34,Normal,Normal,Normal,45,75,72,74,76,46,76,72,75,77,64,60,53,53,53,29,39,31,25,72,59,59,77,45,60,-,-,-,79,57,72,39,6,4,28,No,84404,Iron,10,0,12,Yes,N,0
2B,Christian Moore,R,R,81,83,71,78,73,84,60,81,68,75,68,81,53,Normal,Pull,Pull,1,45,29,80,28,1,45,30,77,29,61,51,1,1,2,61,58,70,64,67,75,74,113,-,78,63,59,49,81,56,77,93,70,43,55,No,82291,Iron,8,0,11,Yes,N,0
RP,Jayden Murray,R,R,18,18,20,23,2,14,21,18,20,23,2,14,21,Normal,Normal,Normal,66,74,70,76,74,65,73,69,75,73,33,41,1,1,1,11,10,51,18,18,30,27,32,-,19,-,-,-,9,-,-,17,13,21,18,No,85262,Iron,8,0,11,No,N,0
CF,Ernie Orsatti,L,L,81,67,76,66,21,50,88,85,89,71,18,70,93,Normal,Normal,Normal,1,3,1,1,4,1,3,1,2,4,1,4,-,-,-,32,28,30,31,68,76,49,-,-,47,-,-,-,77,52,66,76,69,80,90,No,83391,Iron,8,0,9,Yes,N,0
RF,Don Padgett,L,R,48,34,58,144,79,41,76,53,79,104,78,43,111,Line Drive,Normal,Normal,1,2,1,1,3,1,2,1,2,3,1,19,33,92,33,31,26,29,31,53,44,86,-,47,46,-,-,-,62,34,63,42,30,20,47,No,83443,Iron,13,0,13,Yes,N,0
RF,John Rave,L,L,73,78,65,67,56,83,47,72,65,82,65,86,60,Normal,Normal,Normal,1,29,1,85,1,1,24,1,72,1,9,-,1,1,1,38,33,42,46,76,69,65,81,-,53,-,-,-,87,65,81,94,80,61,66,No,82360,Iron,8,0,9,Yes,N,0
CF,Johnny Rucker,L,R,61,60,71,70,62,49,84,62,77,97,84,45,95,Normal,Pull,Pull,1,1,1,1,2,1,1,1,1,2,1,11,-,-,-,4,6,8,1,71,47,50,-,-,-,-,-,-,-,53,-,80,69,65,81,No,82854,Iron,17,0,13,Yes,N,0
2B,Frank Russell,R,R,70,71,86,82,23,69,106,70,83,81,21,67,99,Normal,Spray,Normal,1,11,1,19,7,1,11,1,20,7,1,16,1,1,1,77,64,38,80,1,4,5,-,-,-,82,-,-,-,-,-,45,70,24,51,No,84403,Iron,8,0,10,Yes,N,0
SP,Don Schwall,R,R,3,6,8,5,1,3,7,3,6,11,1,7,4,Normal,Spray,Spray,40,100,35,81,110,65,103,43,83,114,80,64,-,-,-,25,20,22,23,8,8,3,52,-,-,-,-,-,-,-,-,15,6,5,24,No,85480,Iron,413,126,395,No,N,0
RP,Tayler Scott,R,R,48,48,35,29,11,23,24,48,35,29,11,23,24,Normal,Normal,Normal,74,67,64,64,69,80,78,65,82,76,16,56,-,-,-,27,14,28,16,-,-,-,49,-,41,-,-,-,-,-,-,21,22,15,25,No,82131,Iron,7,0,7,Yes,N,0
C,Luke Sewell,R,R,47,50,87,78,34,89,155,46,80,75,24,75,128,Normal,Pull,Pull,1,5,1,1,7,1,5,1,1,7,1,19,65,59,70,10,5,6,1,3,9,6,-,62,-,-,-,-,-,-,-,61,55,51,67,No,83920,Iron,15,0,10,Yes,N,0
RP,Josh Simpson,L,L,21,21,21,16,3,17,21,21,21,16,3,17,21,Normal,Normal,Normal,86,80,60,75,83,81,78,58,77,79,20,56,4,4,5,36,42,56,18,21,28,17,85,-,66,-,-,-,10,-,-,14,12,16,15,No,82227,Iron,8,0,9,Yes,N,0
2B,Tim Tawa,R,R,54,56,60,69,73,78,64,54,59,69,71,77,63,Normal,Spray,Spray,1,25,1,74,1,1,25,1,75,1,1,-,3,3,1,63,62,65,54,73,65,72,114,-,73,62,58,48,85,62,80,54,75,60,51,No,81834,Iron,9,0,8,Yes,N,0
CF,Alek Thomas,L,L,76,78,79,92,66,55,83,76,79,94,67,58,85,Normal,Spray,Spray,1,26,1,78,1,1,25,1,75,1,6,-,3,3,3,26,30,41,18,84,80,58,68,-,40,-,-,-,97,77,87,78,69,44,92,No,81842,Iron,8,0,9,Yes,N,0
SP,Jim Tobin,R,R,21,30,27,35,63,82,25,18,18,45,118,111,18,Normal,Pull,Pull,31,73,58,85,67,44,51,87,52,51,77,34,-,-,-,35,25,29,29,1,2,1,71,-,-,-,-,-,-,-,-,10,6,4,16,No,82965,Iron,9,0,13,Yes,N,0
RP,Cole Winn,R,R,21,23,16,9,2,5,10,21,16,9,2,4,10,Normal,Normal,Normal,71,79,61,93,72,68,77,60,91,70,28,31,1,1,1,22,22,41,10,20,18,7,53,-,38,-,2,-,2,-,-,25,22,31,22,No,82199,Iron,7,0,10,Yes,N,0
C,Austin Wynns,R,R,81,89,81,54,43,70,75,78,75,62,62,64,73,Normal,Normal,Normal,1,28,1,84,1,1,23,1,68,1,7,-,60,61,70,25,42,57,12,13,25,49,78,60,49,-,22,-,-,-,-,36,58,12,36,No,82269,Iron,9,0,10,Yes,N,0
3B,Nacho Alvarez Jr.,R,R,68,68,72,59,45,88,77,69,71,64,53,84,74,Normal,Normal,Normal,1,25,1,73,1,1,27,1,81,1,1,1,1,1,1,68,61,67,62,59,61,50,118,-,74,69,62,53,64,38,55,12,70,23,41,No,82133,Iron,8,0,8,Yes,N,0
RP,Cam Booser,L,L,46,46,38,32,8,41,32,46,38,32,8,41,32,Normal,Normal,Normal,93,70,69,84,64,87,63,67,74,58,16,63,3,3,1,29,27,58,9,40,34,61,70,-,52,-,-,-,41,10,37,25,14,43,17,No,82519,Iron,8,0,6,Yes,N,0
RP,John Brebbia,L,R,35,35,29,36,9,20,20,35,29,36,9,20,20,Normal,Normal,Normal,78,59,79,65,56,79,66,78,80,60,14,61,-,-,-,21,20,39,15,-,-,-,50,-,34,-,-,-,-,-,-,18,18,20,17,No,81799,Iron,8,0,10,Yes,N,0
CF,Lou Brock,L,L,93,65,61,95,47,53,56,103,90,114,68,70,76,Line Drive,Spray,Spray,1,1,1,1,1,1,1,1,2,1,1,24,-,-,-,10,3,5,1,82,44,56,-,-,-,-,-,-,-,69,-,77,75,80,89,No,84315,Iron,151,0,95,Yes,N,0
SP,Billy Campbell,L,L,1,1,5,5,1,6,3,1,5,6,1,7,4,Normal,Normal,Normal,52,66,85,72,64,50,64,83,69,62,77,70,-,-,-,35,20,26,23,7,6,8,65,-,-,-,-,-,-,-,-,25,38,34,14,No,82799,Iron,21,0,9,Yes,N,0
RF,Nick Castellanos,R,R,81,83,81,87,70,60,81,81,79,84,69,58,78,Normal,Ex. Pull,Pull,1,26,1,77,1,1,25,1,74,1,2,-,-,-,-,25,38,75,22,49,50,71,79,-,56,7,32,-,56,27,54,32,76,22,34,No,81743,Iron,7,0,6,Yes,N,0
C,Alberto Castillo,R,R,60,40,62,31,39,84,80,63,73,44,55,69,85,Normal,Normal,Normal,1,3,1,1,4,1,3,1,2,4,1,12,62,82,99,4,5,9,4,8,10,2,-,83,-,-,-,-,-,-,-,3,6,4,12,No,83364,Iron,9,0,10,Yes,N,0
2B,Starlin Castro,R,R,54,54,77,63,81,50,105,55,76,69,64,43,100,Normal,Ex. Pull,Pull,1,3,1,1,4,1,3,1,1,4,1,24,-,-,-,70,56,57,60,4,3,2,-,-,-,67,54,49,-,-,-,50,58,19,57,No,83397,Iron,11,0,16,Yes,N,0
RP,Rocky Childress,R,R,1,1,4,3,1,3,1,1,4,3,1,3,1,Normal,Spray,Spray,52,74,80,71,76,55,75,79,70,78,23,115,-,-,-,27,20,23,23,6,10,4,55,-,-,-,-,-,-,-,-,6,6,5,7,No,82801,Iron,6,0,6,No,N,0
LF,Nathan Church,L,L,59,56,66,56,54,66,77,60,68,59,60,68,78,Normal,Normal,Normal,1,26,15,76,1,1,26,15,77,1,36,48,1,1,1,25,26,40,11,86,91,79,61,-,35,-,-,-,106,85,101,52,78,58,78,No,85001,Iron,12,0,19,Yes,N,0
SP,Rip Collins,R,R,21,12,10,62,2,24,5,25,17,49,4,37,9,Normal,Normal,Normal,61,68,41,55,75,71,87,56,110,76,73,33,-,-,-,23,32,26,23,8,2,7,63,-,-,-,-,-,-,-,-,11,6,5,17,No,82992,Iron,10,0,10,Yes,N,0
C,Lou Criger,R,R,64,85,76,129,7,88,68,55,85,120,7,83,133,Line Drive,Spray,Spray,1,1,1,1,1,1,1,1,1,1,1,24,69,63,70,5,6,10,1,8,10,9,-,66,-,-,-,-,-,-,-,66,79,83,53,No,83413,Iron,20,0,11,Yes,N,0
3B,Cheslor Cuthbert,R,R,68,77,87,77,66,58,97,65,76,68,64,64,90,Normal,Normal,Normal,1,1,1,1,2,1,1,1,1,2,1,11,-,-,-,51,49,65,29,4,8,7,-,-,76,-,43,-,-,-,-,16,16,7,29,No,84310,Iron,7,0,7,No,N,0
3B,Caleb Durbin,R,R,49,51,74,96,58,73,97,49,72,95,56,73,95,Line Drive,Spray,Spray,1,26,1,77,1,1,26,1,78,1,1,23,1,1,1,65,70,67,58,71,71,48,120,-,56,67,64,53,79,55,68,51,79,68,59,No,82591,Iron,7,0,8,Yes,N,0
1B,Christian Encarnacion-Strand,R,R,72,71,66,89,89,63,63,73,68,80,84,54,64,Normal,Spray,Spray,1,23,1,69,1,1,27,1,79,1,1,-,2,2,5,37,40,85,28,40,38,79,88,-,61,23,45,6,46,14,47,38,49,13,50,No,81957,Iron,8,0,10,Yes,N,0
LF,Del Ennis,R,R,43,58,78,74,82,49,104,38,71,67,87,40,102,Normal,Normal,Normal,1,1,1,1,1,1,1,1,1,1,1,18,-,-,-,9,10,6,3,40,41,58,-,-,-,-,-,-,41,-,36,49,69,43,56,No,83380,Iron,39,6,40,Yes,N,0
SP,Isidro Fabre,R,R,47,49,43,79,73,59,39,47,41,77,71,56,37,Normal,Pull,Spray,41,69,82,69,69,44,73,83,73,73,77,60,1,1,1,69,24,58,53,72,59,59,98,-,43,52,-,34,79,57,72,34,6,3,28,No,84401,Iron,10,0,24,Yes,N,0
CL,Brian Fuentes,L,L,1,1,4,2,1,2,1,1,4,3,1,3,1,Normal,Normal,Normal,61,80,62,76,82,75,68,60,73,66,15,115,-,-,-,35,20,26,23,4,9,3,65,-,-,-,-,-,-,-,-,5,6,4,5,No,82660,Iron,9,0,10,Yes,N,0
SP,Harry Gumbert,R,R,25,31,22,62,3,40,12,23,23,39,4,25,24,Normal,Normal,Normal,41,75,80,104,61,61,64,70,73,60,77,70,-,-,-,28,47,35,31,5,5,3,81,-,-,-,-,-,-,-,-,5,6,3,6,No,83010,Iron,10,6,10,Yes,N,0
CF,Robert Hassell III,L,L,77,83,70,69,49,71,58,75,72,67,56,72,70,Normal,Pull,Pull,1,30,1,90,1,1,24,1,70,1,1,-,1,1,4,41,46,68,26,68,68,77,92,-,70,-,-,-,81,57,78,39,82,54,51,No,82009,Iron,8,0,8,Yes,N,0
SP,Willis Hudlin,R,R,21,27,27,46,6,41,28,20,19,66,3,46,17,Normal,Spray,Spray,49,74,49,99,62,53,74,65,73,75,68,53,-,-,-,28,27,28,31,1,8,9,64,-,-,-,-,-,-,-,-,10,6,9,13,No,83009,Iron,10,0,16,Yes,N,0
SP,Johnny Humphries,R,R,16,16,11,21,1,11,4,16,11,21,1,11,4,Normal,Normal,Normal,38,65,77,77,60,47,72,85,74,72,71,33,-,-,-,28,20,23,23,2,7,8,55,-,-,-,-,-,-,-,-,65,58,71,67,No,82989,Iron,22,0,18,Yes,N,0
CF,Charlie Jones,R,R,58,47,66,58,65,55,83,61,68,68,88,58,76,Normal,Spray,Spray,1,1,1,1,1,1,1,1,2,1,1,8,-,-,-,8,9,4,6,70,55,61,-,-,-,-,-,-,-,54,-,98,92,93,99,No,82855,Iron,12,0,11,Yes,N,0
LF,Joey Loperfido,L,R,83,85,69,79,66,66,50,83,71,80,67,68,60,Normal,Ex. Pull,Pull,1,25,1,75,1,1,25,1,74,1,1,-,21,21,36,46,59,57,51,71,70,65,101,8,87,44,44,30,83,59,76,49,76,60,57,No,82165,Iron,6,0,6,Yes,N,0
3B,Miles Mastrobuoni,L,R,62,63,66,66,28,81,71,62,70,72,41,89,79,Normal,Spray,Spray,1,28,1,84,1,1,27,1,80,1,1,-,1,1,1,69,67,58,69,64,60,51,120,-,71,73,60,55,70,45,61,47,81,65,60,No,82231,Iron,7,0,6,Yes,N,0
3B,Ronny Mauricio,S,R,72,69,67,70,81,55,66,73,69,68,80,62,66,Normal,Pull,Pull,1,24,1,71,1,1,27,1,81,1,1,-,1,1,1,62,67,77,54,66,64,66,118,-,94,63,67,53,76,52,70,45,79,65,65,No,82070,Iron,7,0,6,Yes,N,0
SP,Kirk McCaskill,R,R,1,1,4,3,1,3,1,1,4,3,1,3,1,Normal,Pull,Pull,54,80,56,54,94,78,65,55,58,69,70,115,-,-,-,35,21,27,25,8,2,2,67,-,-,-,-,-,-,-,-,5,6,4,5,No,82999,Iron,10,0,9,Yes,N,0
RF,MJ Melendez,L,R,63,69,62,73,78,70,52,62,60,85,82,76,59,Normal,Spray,Spray,1,26,1,78,1,1,28,1,84,1,1,-,43,56,65,15,14,15,47,55,61,83,35,47,25,-,-,-,67,39,67,64,72,59,56,No,85248,Iron,12,0,10,Yes,N,0
1B,Fred Merkle,R,R,56,59,76,153,85,62,97,56,72,107,63,65,90,Normal,Spray,Spray,1,3,1,1,4,1,3,1,1,4,1,18,-,-,-,30,31,39,57,3,9,1,-,-,51,-,-,-,-,-,-,73,90,92,60,No,83385,Iron,8,0,8,Yes,N,0
CF,Dane Myers,R,R,77,78,71,53,68,72,65,77,69,50,67,69,63,Normal,Normal,Normal,57,56,46,83,43,59,60,49,83,49,56,39,1,1,4,45,53,71,53,71,65,70,100,-,73,43,49,33,83,60,78,53,80,70,44,No,81949,Iron,8,0,8,Yes,N,0
C,Carlos Narvaez,R,R,67,69,64,69,69,78,61,67,63,71,67,76,59,Normal,Normal,Spray,1,26,1,77,1,1,24,1,71,1,1,-,76,77,82,28,34,43,7,31,43,58,72,81,43,-,10,-,32,-,28,7,67,13,49,No,82606,Iron,8,0,9,Yes,N,0
RF,Jhonkensy Noel,R,R,52,49,54,73,99,67,61,54,54,68,93,61,57,Flyball,Pull,Pull,1,23,1,69,1,1,29,1,85,1,1,-,-,-,-,29,42,61,24,44,60,76,82,-,64,13,28,-,53,21,52,23,11,13,48,No,82625,Iron,9,0,9,Yes,N,0
RP,Kaleb Ort,R,R,16,18,18,25,8,22,17,16,17,25,8,22,17,Normal,Normal,Normal,81,66,61,84,58,87,74,62,92,66,16,43,1,1,1,30,50,51,23,1,1,1,85,-,69,14,26,-,-,-,-,13,7,13,19,No,82289,Iron,7,0,8,Yes,N,0
3B,Graham Pauley,L,R,49,46,60,74,66,73,71,51,63,76,68,75,73,Normal,Pull,Pull,1,24,5,70,1,1,27,5,80,1,3,19,1,1,1,63,58,78,47,50,53,62,114,-,81,59,63,49,56,27,51,43,73,41,52,No,82104,Iron,8,0,11,Yes,N,0
CF,Tristan Peters,L,R,63,63,67,66,56,74,72,64,68,67,57,75,73,Normal,Pull,Pull,1,24,1,72,1,1,25,1,75,1,1,23,1,1,1,14,12,26,13,73,72,60,31,-,21,-,-,-,84,61,76,59,66,52,59,No,85006,Iron,14,0,15,Yes,N,0
C,Josh Phegley,R,R,61,80,82,71,88,57,86,49,61,96,81,43,71,Normal,Spray,Spray,1,4,1,2,5,1,3,1,1,5,1,14,84,52,79,2,3,4,2,10,6,2,-,71,-,-,-,-,-,-,-,6,6,5,8,No,83428,Iron,7,0,7,No,N,0
SP,Joe Presko,R,R,1,1,4,1,1,6,1,1,5,3,1,3,2,Normal,Normal,Normal,43,63,69,81,55,63,72,67,102,57,69,73,-,-,-,27,20,23,23,6,5,7,54,-,-,-,-,-,-,-,-,6,6,3,7,No,83006,Iron,9,0,10,Yes,N,0
C,Edgar Quero,S,R,61,61,68,56,49,85,77,62,70,57,51,86,79,Normal,Pull,Pull,1,25,1,74,1,1,27,1,80,1,4,-,49,45,57,16,28,40,8,8,19,39,51,42,28,-,-,-,-,-,-,3,6,5,55,No,82461,Iron,10,0,7,Yes,N,0
LF,Will Robertson,L,L,55,60,54,66,89,62,49,54,52,76,95,69,52,Normal,Pull,Pull,1,29,9,87,1,1,25,9,74,1,6,13,1,1,2,32,28,43,9,62,66,58,71,-,49,-,-,-,70,44,62,39,52,23,36,No,82624,Iron,8,0,10,Yes,N,0
2B,Ike Rockenfield,R,R,35,47,65,75,19,146,80,31,65,76,20,129,93,Normal,Normal,Normal,1,5,1,1,7,1,5,1,1,7,1,18,-,-,-,46,45,25,48,3,4,8,-,-,-,36,-,-,-,-,-,42,79,80,55,No,84319,Iron,11,0,13,Yes,N,0
RP,Ryan Rolison,R,L,29,29,22,21,9,20,17,29,22,21,9,20,17,Normal,Pull,Pull,60,70,75,78,67,63,71,77,76,69,28,62,2,2,2,31,58,32,33,23,28,27,88,-,65,-,-,-,14,-,1,20,18,16,26,No,81982,Iron,7,0,6,Yes,N,0
LF,Eddie Rosario,L,R,62,81,98,80,68,41,119,52,78,60,101,27,110,Flyball,Pull,Pull,1,3,1,1,5,1,3,1,1,5,1,16,-,-,-,2,1,9,3,47,73,79,-,-,-,-,-,-,61,29,59,42,72,16,72,No,84805,Iron,8,0,10,Yes,N,0
RF,Wes Schulmerich,R,R,50,43,56,70,69,75,67,53,65,89,95,66,76,Normal,Normal,Normal,1,3,1,1,5,1,3,1,1,5,1,9,-,-,-,6,2,9,7,58,62,84,-,-,-,-,-,-,71,-,71,53,70,42,43,No,83437,Iron,8,0,8,Yes,N,0
RP,Chase Shugart,L,R,16,16,19,20,7,16,21,16,19,20,7,16,21,Normal,Normal,Normal,60,67,72,79,61,67,73,77,84,68,25,55,1,1,1,28,16,29,9,27,19,35,51,-,32,-,-,-,17,-,7,16,16,12,19,No,82042,Iron,7,0,9,Yes,N,0
LF,Jimmy Slagle,L,R,63,57,70,66,11,83,85,65,78,58,22,85,95,Normal,Normal,Normal,1,5,1,1,7,1,5,1,1,7,1,25,-,-,-,10,7,4,8,42,45,60,-,-,-,-,-,-,45,14,-,75,85,87,65,No,83382,Iron,7,0,7,No,N,0
C,Clyde Sukeforth,L,R,39,34,74,73,15,98,116,41,79,63,30,80,138,Normal,Normal,Normal,1,5,1,1,7,1,5,1,1,7,1,18,35,72,60,1,6,3,7,8,4,5,-,49,-,-,-,-,-,-,-,32,6,5,26,No,82864,Iron,19,0,14,Yes,N,0
CF,Mike Trout,R,R,30,11,63,18,10,110,110,34,58,44,122,88,76,Flyball,Normal,Normal,1,5,1,1,7,1,5,1,1,7,1,20,-,-,-,2,2,1,4,67,120,65,-,-,-,-,-,-,88,59,-,92,103,69,61,No,84793,Iron,10,0,11,Yes,N,0
2B,Jorbit Vivas,L,R,54,54,74,65,34,83,96,55,75,66,41,87,98,Normal,Spray,Spray,1,25,4,74,1,1,26,4,78,1,1,-,1,1,1,60,78,53,61,51,49,49,119,-,64,66,57,49,53,25,45,45,66,43,58,No,82556,Iron,6,0,6,Yes,N,0
CF,Jimmy Walsh,R,R,60,73,78,162,30,82,86,52,67,93,28,95,80,Line Drive,Normal,Normal,1,1,1,1,1,1,1,1,1,1,1,9,-,-,-,1,8,5,7,88,73,59,-,-,-,-,-,-,100,82,91,71,85,87,71,No,84331,Iron,8,0,10,Yes,N,0
SS,Alika Williams,R,R,76,72,76,79,65,67,82,78,78,70,49,62,80,Normal,Normal,Normal,1,22,1,65,1,1,28,1,83,1,1,-,-,-,2,77,80,69,72,64,54,68,133,-,95,86,76,70,72,47,67,75,63,25,62,No,81895,Iron,8,0,9,Yes,N,0
SP,Bert Abbey,R,R,6,6,8,16,2,20,5,6,7,15,2,19,4,Normal,Pull,Pull,66,58,67,60,57,69,63,68,67,62,79,52,-,-,-,31,20,24,22,7,8,1,59,-,-,-,-,-,-,-,-,51,50,53,51,No,84234,Iron,11,0,25,Yes,N,0
3B,Max Acosta,R,R,61,63,67,71,60,75,72,61,63,65,62,73,67,Normal,Pull,Pull,1,26,1,76,1,1,25,1,75,1,1,-,2,2,1,74,73,80,63,67,56,73,128,-,77,79,77,66,77,53,73,65,78,82,59,No,82111,Iron,8,0,9,Yes,N,0
CF,Ethan Allen,R,R,69,60,78,77,32,62,102,73,84,75,25,45,98,Normal,Normal,Normal,1,2,1,1,3,1,2,1,2,3,1,25,-,-,-,10,2,1,5,70,78,67,-,-,-,-,-,-,84,59,78,67,61,77,74,No,83352,Iron,12,6,11,Yes,N,0
RP,Valente Bellozo,R,R,23,23,20,20,4,18,17,23,20,20,4,18,17,Normal,Normal,Normal,63,67,80,87,58,63,69,79,90,59,37,43,-,-,-,17,14,35,5,-,-,-,37,-,22,-,-,-,-,-,-,13,10,13,17,No,81826,Iron,8,0,6,Yes,N,0
SP,Bradley Blalock,R,R,26,26,25,21,2,16,25,26,25,21,2,16,25,Normal,Normal,Normal,53,65,71,72,62,60,70,74,76,68,54,43,2,2,1,19,24,63,15,14,18,29,58,-,38,-,13,-,-,-,-,12,10,14,11,No,82103,Iron,7,0,10,Yes,N,0
3B,Vinny Capra,R,R,69,74,77,79,51,74,82,68,72,72,54,68,77,Normal,Spray,Spray,1,27,2,81,1,1,24,2,72,1,2,18,2,2,1,68,59,58,62,54,48,46,115,-,61,67,55,49,56,29,46,30,77,33,64,No,82588,Iron,8,0,9,Yes,N,0
RF,Walton Cruise,L,R,58,40,63,36,35,74,82,62,74,57,55,90,90,Normal,Spray,Spray,1,5,1,1,7,1,5,1,2,7,1,11,-,-,-,4,7,5,5,49,59,54,-,-,-,-,-,-,54,24,47,69,65,52,56,No,83370,Iron,10,6,9,Yes,N,0
C,Travis d'Arnaud,R,R,67,70,68,68,84,68,68,67,67,73,78,62,69,Normal,Spray,Spray,1,27,1,80,1,1,24,1,72,1,1,-,64,63,58,23,37,44,16,41,45,50,70,58,49,-,12,-,41,10,34,24,6,5,41,No,82307,Iron,8,0,10,Yes,N,0
C,Henry Davis,R,R,66,66,70,72,68,74,76,67,69,73,66,71,73,Normal,Normal,Normal,1,25,1,74,1,1,25,1,75,1,1,-,54,53,87,23,32,56,6,39,45,56,67,61,46,-,14,-,40,-,35,29,70,31,64,No,81901,Iron,8,0,6,Yes,N,0
CF,Jonny DeLuca,R,R,56,61,67,71,66,66,75,54,65,73,65,63,76,Normal,Spray,Spray,1,27,1,80,1,1,24,1,70,1,1,-,3,3,1,49,54,52,53,84,74,71,100,-,73,46,40,30,99,79,93,90,83,62,76,No,82527,Iron,8,0,9,Yes,N,0
C,Elias Diaz,R,R,61,63,71,55,73,72,80,61,67,57,70,67,75,Normal,Spray,Spray,1,29,1,87,1,1,27,1,79,1,-,-,65,65,73,7,38,50,6,12,20,35,53,66,31,-,-,-,-,-,-,2,6,4,35,No,82357,Iron,8,0,9,Yes,N,0
RF,Nate Eaton,R,R,77,77,71,83,67,73,67,77,70,85,61,67,64,Normal,Pull,Pull,1,25,20,69,4,1,31,21,85,5,14,38,18,18,23,54,53,92,46,64,62,103,107,-,70,50,65,44,81,56,86,66,86,77,64,No,82590,Iron,7,0,8,Yes,N,0
RP,Cal Eldred,R,R,2,2,5,3,1,3,1,2,5,3,1,2,1,Normal,Spray,Spray,96,67,58,71,65,85,58,52,68,53,18,63,-,-,-,26,45,31,23,5,7,4,78,-,-,-,-,-,-,-,-,5,6,5,5,No,82995,Iron,8,0,9,Yes,N,0
2B,Thairo Estrada,R,R,64,66,78,82,72,57,93,64,76,79,70,50,92,Normal,Spray,Spray,1,29,1,86,1,1,27,1,79,1,-,-,2,2,1,64,70,54,74,60,57,51,119,-,71,72,58,53,65,39,56,48,74,53,61,No,82623,Iron,7,0,8,Yes,N,0
C,Nick Fortes,R,R,61,63,78,61,70,60,97,61,76,59,65,58,95,Normal,Pull,Pull,1,26,1,76,1,1,25,1,73,1,1,-,72,67,62,32,38,56,20,40,44,58,81,65,50,11,24,-,42,11,37,10,67,19,41,No,82532,Iron,8,0,6,Yes,N,0
2B,Adam Frazier,L,R,68,67,72,71,49,66,79,69,74,73,55,68,81,Normal,Spray,Spray,1,27,1,81,1,1,27,1,81,1,-,-,-,-,-,64,70,54,62,64,61,59,118,-,70,68,56,50,72,47,65,50,63,43,48,No,84947,Iron,11,0,8,Yes,N,0
LF,Judy Gans,L,L,44,43,64,74,58,78,81,45,66,76,61,83,84,Normal,Normal,Spray,40,44,50,34,49,41,46,50,38,50,72,77,1,1,1,29,21,22,19,64,79,65,57,-,37,-,-,-,76,50,70,78,89,89,72,No,84411,Iron,18,0,14,Yes,N,0
C,Frank Gibson,S,R,70,54,69,101,37,40,85,75,72,86,59,58,71,Normal,Normal,Normal,1,1,1,1,1,1,1,1,2,1,1,6,52,49,43,31,26,29,31,6,3,4,-,39,46,-,-,-,-,-,-,32,58,22,25,No,82839,Iron,12,0,10,Yes,N,0
RP,Yoendrys Gomez,R,R,27,27,25,20,5,21,24,27,25,20,5,21,24,Normal,Normal,Normal,76,65,66,87,54,79,67,67,88,57,37,49,4,4,3,25,49,49,33,3,3,3,82,-,61,16,23,-,-,-,-,34,8,44,49,No,82523,Iron,8,0,6,Yes,N,0
2B,Tristan Gray,L,R,69,69,59,70,71,63,45,70,64,74,72,65,58,Normal,Pull,Pull,1,25,1,73,1,1,26,1,76,1,1,-,-,-,5,62,75,60,68,54,55,59,120,-,84,70,62,53,60,32,54,39,11,13,66,No,82327,Iron,7,0,6,Yes,N,0
SP,Jason Grimsley,R,R,1,1,4,3,1,3,1,1,4,3,1,3,1,Normal,Normal,Normal,56,68,59,56,75,74,64,69,56,69,69,71,-,-,-,25,13,27,43,10,8,4,49,-,-,-,-,-,-,-,-,5,6,5,5,No,82987,Iron,7,0,7,No,N,0
1B,Buddy Hassett,L,L,93,107,131,10,4,24,148,89,130,40,33,43,191,Groundball,Spray,Spray,1,3,1,1,5,1,3,1,1,5,1,3,-,-,-,46,18,31,31,56,54,51,-,-,51,-,-,-,60,-,51,59,68,62,59,No,83392,Iron,28,0,27,Yes,N,0
RP,Cole Henry,R,R,24,24,19,15,8,17,15,24,19,15,8,17,15,Normal,Normal,Normal,81,72,59,82,68,78,72,57,84,67,38,45,3,3,1,32,16,50,12,15,21,25,62,-,51,-,1,-,-,-,-,18,17,12,25,No,82032,Iron,8,0,8,Yes,N,0
RP,Alek Jacob,L,R,14,14,14,23,2,13,13,14,14,23,2,13,13,Normal,Normal,Normal,72,67,70,70,66,72,76,69,92,69,22,43,2,2,1,19,32,44,9,13,15,27,60,-,44,-,5,-,-,-,-,16,18,6,24,No,81736,Iron,8,0,6,Yes,N,0
1B,Connor Joe,R,R,61,63,68,84,61,98,75,61,65,77,49,92,71,Normal,Pull,Pull,1,24,1,72,1,1,26,1,77,1,1,-,29,29,37,28,33,53,29,49,38,67,76,16,47,11,19,-,53,24,50,47,61,45,42,No,85273,Iron,16,0,16,Yes,N,0
LF,Alex Johnson,R,R,81,63,86,37,52,39,118,86,86,59,53,61,86,Groundball,Spray,Spray,1,5,1,1,7,1,5,1,2,7,1,13,-,-,-,1,3,2,4,60,42,60,-,-,-,-,-,-,64,-,58,69,75,79,73,No,83388,Iron,21,6,21,Yes,N,0
2B,Hye-seong Kim,L,R,87,85,70,69,54,48,56,88,73,72,59,56,60,Normal,Normal,Normal,1,20,1,60,1,1,22,1,65,1,1,-,-,-,-,77,51,70,86,55,59,44,120,-,72,82,67,63,58,30,48,90,101,93,83,No,81768,Iron,8,0,9,Yes,N,0
SS,Doc Lavan,R,R,63,73,89,52,25,62,109,60,73,73,40,39,90,Normal,Normal,Normal,1,3,1,1,5,1,3,1,1,5,1,13,-,-,-,92,67,86,88,3,6,10,-,-,-,-,-,85,-,-,-,75,77,81,73,No,82835,Iron,8,0,9,Yes,N,0
2B,Hao-Yu Lee,R,R,65,67,71,82,71,80,76,65,69,77,68,74,74,Normal,Pull,Pull,1,25,1,73,1,1,26,1,78,1,1,-,1,1,1,49,62,49,60,55,56,49,104,-,61,51,43,33,59,32,50,87,81,54,65,No,85230,Iron,16,0,9,Yes,N,0
LF,Brandon Lockridge,R,R,92,93,76,81,36,75,61,92,75,76,30,72,59,Groundball,Spray,Spray,1,25,7,75,1,1,26,7,76,1,1,-,1,1,1,48,61,55,44,82,68,52,103,-,74,44,43,30,91,72,81,79,97,86,64,No,81923,Iron,8,6,9,Yes,N,0
RF,Nathan Lukes,L,R,72,71,75,74,56,66,82,73,78,75,58,68,86,Normal,Spray,Spray,1,24,1,70,1,1,26,1,78,1,1,-,2,2,3,65,63,55,59,66,72,80,115,-,73,65,54,48,81,55,79,47,63,25,43,No,82489,Iron,8,0,9,Yes,N,0
SP,Paul Maholm,L,L,8,6,8,8,1,15,5,9,10,17,2,21,9,Normal,Spray,Spray,56,61,72,40,72,39,74,71,58,83,65,115,-,-,-,29,24,25,23,10,5,1,61,-,-,-,-,-,-,-,-,5,6,5,5,No,82975,Iron,9,0,9,Yes,N,0
1B,Matt Mervis,L,R,60,61,54,64,90,64,48,60,60,72,92,69,61,Normal,Ex. Pull,Pull,1,42,27,79,24,1,45,28,81,28,13,55,1,1,5,26,39,49,25,40,43,63,77,-,60,9,18,-,43,8,39,24,72,20,46,No,82016,Iron,8,0,6,Yes,N,0
RP,Juan Morillo,R,R,25,25,21,17,4,14,17,25,21,17,4,14,17,Normal,Normal,Normal,75,76,54,73,78,77,79,55,78,80,16,43,1,1,2,40,49,37,33,1,1,1,89,-,68,28,21,10,-,-,-,21,23,15,26,No,81833,Iron,9,0,8,Yes,N,0
RP,Roddery Munoz,R,R,24,24,22,17,7,21,20,24,22,17,7,21,20,Normal,Normal,Normal,78,57,57,76,48,92,63,63,79,55,35,47,1,1,1,26,42,52,23,7,21,28,79,-,56,8,21,-,-,-,-,15,11,14,21,No,82180,Iron,7,0,8,Yes,N,0
RP,Chris Murphy,L,L,27,27,23,18,3,20,19,27,23,18,3,20,19,Normal,Normal,Normal,74,78,62,76,79,68,73,60,74,73,35,62,-,-,-,17,48,29,28,-,-,-,72,-,45,-,-,-,-,-,-,16,6,19,24,No,82464,Iron,8,0,6,Yes,N,0
CF,Hi Myers,R,R,60,73,91,66,35,32,115,52,79,69,56,41,115,Normal,Normal,Normal,1,3,1,1,5,1,3,1,1,5,1,17,-,-,-,57,52,45,59,72,80,62,-,-,61,53,39,-,-,61,-,76,72,79,69,No,83361,Iron,38,0,31,Yes,N,0
3B,Oswald Peraza,R,R,59,61,62,54,70,70,65,59,61,56,68,68,64,Normal,Normal,Normal,1,26,1,76,1,1,24,1,72,1,1,-,4,4,4,69,76,67,64,60,60,55,126,-,82,75,69,60,66,40,59,46,82,71,63,No,82293,Iron,7,0,8,Yes,N,0
RP,Orlando Ribalta,R,R,23,23,21,20,8,19,19,23,21,20,8,19,19,Normal,Spray,Spray,75,72,60,72,72,77,76,61,81,74,15,39,3,3,5,46,15,21,15,13,22,4,70,-,73,-,-,-,-,-,-,17,21,9,22,No,82014,Iron,9,0,9,Yes,N,0
RP,Lyon Richardson,S,R,24,24,21,17,3,16,19,24,21,17,3,16,19,Normal,Pull,Pull,66,71,60,71,71,72,77,63,78,77,36,53,1,1,1,41,41,56,3,34,4,16,86,-,70,7,26,2,7,-,-,15,17,12,16,No,81952,Iron,8,0,7,Yes,N,0
RF,Wally Roettger,R,R,85,69,82,98,21,48,98,90,97,71,36,57,101,Groundball,Normal,Normal,1,1,1,1,1,1,1,1,2,1,1,25,-,-,-,3,8,2,7,54,108,62,-,-,-,-,-,-,71,39,63,49,44,35,45,No,82848,Iron,10,0,12,Yes,N,0
CF,Esteury Ruiz,R,R,67,63,72,76,53,55,83,69,79,62,34,63,92,Normal,Pull,Pull,1,1,1,1,1,1,1,1,1,1,1,7,-,-,-,1,4,7,2,66,44,44,-,-,-,-,-,-,67,44,56,93,105,102,76,No,84309,Iron,8,0,7,Yes,N,0
RP,Jackson Rutledge,R,R,20,20,18,14,8,17,16,20,18,14,8,17,16,Normal,Normal,Normal,60,65,71,71,63,66,71,75,73,70,40,50,1,1,2,29,15,35,8,6,17,23,53,-,54,-,-,-,-,-,-,11,3,6,24,No,82013,Iron,7,0,6,Yes,N,0
3B,Javier Sanoja,R,R,59,61,79,88,43,67,105,59,78,85,36,67,101,Line Drive,Spray,Spray,1,26,1,77,1,1,25,1,73,1,2,-,1,1,1,64,72,66,63,73,71,50,121,-,56,69,65,55,81,58,70,78,67,65,68,No,82099,Iron,9,0,12,Yes,N,0
RP,Carl Scheib,R,R,9,5,9,38,3,16,11,11,10,23,1,14,7,Normal,Spray,Spray,55,64,78,41,76,68,79,68,93,73,24,53,-,-,-,27,30,26,23,8,3,3,65,-,-,-,-,-,-,-,-,15,6,5,24,No,84232,Iron,7,0,8,Yes,N,0
2B,Dave Shean,R,R,60,40,72,88,30,70,102,63,81,66,15,80,106,Normal,Normal,Normal,1,1,1,1,2,1,2,1,2,2,1,15,-,-,-,68,70,43,49,1,4,4,-,-,-,66,-,46,-,-,-,56,76,75,56,No,82853,Iron,15,0,6,Yes,N,0
SP,Phenomenal Smith,L,L,28,27,31,62,33,56,36,29,32,64,35,60,38,Normal,Normal,Normal,86,72,38,64,77,85,75,38,70,78,89,62,-,-,-,25,13,22,29,48,60,61,45,-,-,-,-,-,54,-,-,76,81,93,65,No,82981,Iron,23,0,15,Yes,N,0
C,William Tenny,R,R,70,71,86,62,21,54,105,70,84,61,19,52,101,Normal,Spray,Spray,1,9,1,19,4,1,9,1,20,4,1,1,71,71,56,7,10,7,9,75,62,62,-,64,-,-,-,-,-,63,-,59,68,58,59,No,84400,Iron,11,0,9,Yes,N,0
2B,Recurvon Teran,R,R,29,30,65,83,60,76,94,29,63,81,58,74,91,Line Drive,Normal,Pull,1,11,1,19,7,1,11,1,19,7,1,15,53,53,53,79,67,49,80,5,5,6,-,45,-,85,61,62,-,-,-,62,68,66,61,No,84407,Iron,8,0,10,Yes,N,0
SP,Sloppy Thurston,R,R,37,45,33,60,3,40,17,35,30,70,5,36,25,Normal,Spray,Spray,33,65,73,99,49,47,65,95,64,66,66,115,-,-,-,31,31,28,23,7,9,7,71,-,-,-,-,-,-,-,-,5,6,5,5,No,82991,Iron,8,0,10,Yes,N,0
C,Mike Tresh,R,R,73,73,73,43,12,81,75,74,89,51,24,75,108,Normal,Spray,Spray,1,1,1,1,1,1,1,1,1,1,1,3,49,58,48,10,7,5,1,5,5,7,-,44,-,-,-,-,-,-,-,52,14,56,35,No,83436,Iron,21,0,17,Yes,N,0
C,Brandon Valenzuela,S,R,51,49,52,57,77,81,57,52,54,64,79,81,58,Normal,Normal,Normal,1,27,1,79,1,1,29,1,85,1,-,-,80,75,68,23,22,34,11,36,43,50,52,76,35,-,-,-,36,-,29,26,67,13,44,No,84972,Iron,19,0,10,Yes,N,0
3B,Luis Vazquez,R,R,69,68,67,63,70,62,68,70,67,70,68,60,65,Normal,Spray,Spray,1,23,1,68,1,1,26,1,78,1,35,-,11,11,12,80,74,67,64,64,60,54,131,-,84,84,73,67,70,45,62,41,67,53,66,No,82636,Iron,10,0,11,Yes,N,0
LF,Ryan Vilade,R,R,79,79,75,82,63,81,72,79,71,77,65,77,64,Groundball,Pull,Pull,1,27,1,80,1,1,28,1,82,1,1,-,1,1,1,44,44,59,29,61,57,59,92,-,77,30,35,19,67,42,61,59,67,44,50,No,84934,Iron,19,0,35,Yes,N,0
2B,Heinie Wagner,R,R,56,68,76,61,15,93,86,49,67,82,20,98,83,Normal,Normal,Normal,1,5,1,1,7,1,5,1,1,7,1,22,-,-,-,66,54,41,54,4,10,2,-,-,-,60,-,39,-,-,-,54,74,62,55,No,83371,Iron,14,0,18,Yes,N,0
CF,Lloyd Waner,L,R,67,53,95,51,20,38,187,71,106,69,20,40,180,Normal,Normal,Normal,1,1,1,1,1,1,1,1,2,1,1,23,-,-,-,2,5,2,3,79,106,44,-,-,-,-,-,-,94,71,-,48,9,13,34,No,83390,Iron,11,0,6,Yes,N,0
SP,Jarrod Washburn,L,L,1,1,4,3,1,3,1,1,4,3,1,3,1,Normal,Normal,Normal,61,75,86,71,77,43,60,69,70,56,65,115,-,-,-,33,24,27,23,8,6,1,67,-,-,-,-,-,-,-,-,6,6,5,6,No,82985,Iron,8,0,10,No,N,0
SP,Highball Wilson,S,R,6,6,9,23,1,16,9,7,10,25,2,17,10,Normal,Normal,Normal,38,60,92,60,61,41,69,93,79,64,86,59,-,-,-,23,20,20,16,2,9,2,48,-,-,-,-,-,-,-,-,32,42,35,25,No,82798,Iron,17,0,12,Yes,N,0
RP,Steven Wilson,R,R,23,23,24,10,1,16,25,23,24,10,1,16,25,Normal,Normal,Normal,78,64,67,86,54,80,70,68,97,57,15,44,1,1,1,13,15,55,16,11,18,33,39,-,27,-,-,-,-,-,-,12,5,11,19,No,82524,Iron,9,0,9,Yes,N,0
LF,Garret Anderson,L,L,87,124,99,55,18,45,77,78,92,69,71,24,109,Normal,Pull,Pull,1,1,1,1,1,1,1,1,1,1,1,9,-,-,-,6,8,1,5,94,117,99,-,-,-,-,-,-,124,-,-,33,65,39,28,No,85048,Iron,9,0,10,No,N,0
SS,Dave Bancroft,S,R,66,73,88,85,26,68,107,64,72,70,27,73,82,Normal,Normal,Normal,1,3,1,1,5,1,3,1,1,5,1,15,-,-,-,71,70,75,83,10,2,2,-,-,-,-,-,66,-,-,-,73,77,76,66,No,83383,Iron,10,6,9,Yes,N,0
3B,Walter Barbare,R,R,57,70,83,69,39,72,100,49,76,74,61,51,105,Normal,Normal,Normal,1,2,1,1,3,1,2,1,1,3,1,6,-,-,-,55,61,69,51,3,2,5,-,-,-,54,56,42,-,-,-,73,82,81,67,No,82850,Iron,15,0,10,Yes,N,0
2B,Jack Barry,R,R,43,37,92,102,19,71,210,46,80,73,30,79,128,Line Drive,Spray,Spray,1,1,1,1,2,1,2,1,2,2,1,25,-,-,-,51,70,34,49,10,9,3,-,-,-,50,-,30,-,-,-,59,69,70,63,No,83412,Iron,10,0,10,Yes,N,0
SP,Walter Beall,R,R,1,1,4,3,1,5,1,1,4,3,1,5,1,Normal,Normal,Normal,94,54,39,52,55,92,67,42,57,72,59,33,-,-,-,27,20,23,23,5,5,7,55,-,-,-,-,-,-,-,-,8,6,4,11,No,82791,Iron,17,0,14,Yes,N,0
CF,Ginger Beaumont,L,R,61,43,70,43,13,66,94,65,88,65,16,74,122,Normal,Pull,Pull,1,1,1,1,1,1,1,1,2,1,1,6,-,-,-,4,3,4,6,71,68,58,-,-,-,-,-,-,-,57,-,70,79,81,68,No,83368,Iron,26,6,38,Yes,N,0
LF,Tyler Black,L,R,61,64,60,75,57,84,56,61,61,72,63,90,63,Normal,Pull,Pull,1,24,1,72,1,1,26,1,77,1,1,-,1,1,1,44,45,54,40,67,70,43,92,-,61,34,34,20,74,49,62,113,80,71,54,No,85271,Iron,14,0,14,Yes,N,0
3B,Vidal Brujan,S,R,64,64,73,66,45,69,84,65,73,60,55,67,83,Normal,Normal,Normal,1,27,1,80,1,1,28,1,83,1,1,-,1,1,1,69,67,62,61,70,67,59,120,-,71,71,61,54,80,56,72,61,69,80,65,No,82069,Iron,6,0,7,Yes,N,0
RP,Jon Coutlangus,L,L,1,1,4,2,1,2,1,1,4,3,1,3,1,Normal,Pull,Pull,83,80,35,69,86,79,76,37,65,82,13,58,-,-,-,27,20,23,23,4,9,4,55,-,-,-,-,-,-,-,-,5,6,4,5,No,84230,Iron,11,0,6,Yes,N,0
RP,Luis Curvelo,R,R,20,20,22,20,6,15,24,20,22,20,6,15,24,Normal,Normal,Normal,72,72,73,78,69,67,68,66,82,61,19,46,1,1,2,24,37,49,14,8,18,24,73,-,47,-,15,-,-,-,-,18,14,15,25,No,84979,Iron,13,0,13,Yes,N,0
1B,Tim Elko,R,R,78,77,66,67,86,62,54,79,67,62,83,58,53,Normal,Ex. Pull,Pull,1,25,1,73,1,1,28,1,83,1,6,-,2,2,2,29,44,51,24,40,44,61,82,-,64,13,23,-,43,11,39,24,16,8,41,No,82457,Iron,8,0,7,Yes,N,0
RF,Dominic Fletcher,L,L,72,71,70,90,51,52,70,73,75,95,60,61,79,Normal,Normal,Normal,1,25,1,75,1,1,25,1,74,1,1,-,1,1,1,35,37,64,54,89,90,64,85,-,38,-,-,-,105,86,97,69,62,32,51,No,81899,Iron,9,0,10,Yes,N,0
CF,Dave Fultz,R,R,64,60,77,75,16,61,99,66,85,54,31,60,111,Normal,Spray,Spray,1,3,1,1,4,1,3,1,1,4,1,22,-,-,-,72,55,67,68,69,62,57,-,-,-,72,-,55,76,53,-,76,88,88,68,No,82838,Iron,7,0,8,Yes,N,0
RP,Reed Garrett,R,R,1,1,4,3,1,3,1,1,4,3,1,3,1,Normal,Normal,Normal,108,82,53,50,98,110,86,40,56,102,25,56,-,-,-,27,20,23,23,6,10,10,55,-,-,-,-,-,-,-,-,5,6,3,5,No,84825,Iron,11,0,10,Yes,N,0
RP,Wayne Granger,R,R,2,2,5,3,1,3,1,2,5,3,1,3,1,Normal,Spray,Spray,56,69,79,53,78,60,69,82,53,77,21,115,-,-,-,30,13,22,23,9,8,2,51,-,-,-,-,-,-,-,-,7,6,4,9,No,84235,Iron,8,0,8,Yes,N,0
1B,Art Griggs,R,R,82,90,90,100,35,68,89,79,86,85,20,65,94,Normal,Normal,Normal,1,3,1,1,4,1,3,1,1,4,1,14,-,-,-,37,29,32,37,53,58,67,-,-,49,20,-,-,61,-,57,66,80,83,63,No,84306,Iron,8,0,9,Yes,N,0
C,Jose Herrera,S,R,47,48,61,54,52,81,71,47,59,56,37,83,69,Normal,Normal,Normal,1,26,5,76,1,1,25,5,74,1,4,-,70,67,66,32,54,64,12,30,38,74,89,66,48,11,34,-,33,-,33,7,6,7,42,No,82196,Iron,9,0,9,Yes,N,0
SP,Bill Hoffer,R,R,38,39,44,83,64,61,53,38,43,82,63,58,51,Normal,Pull,Pull,48,66,69,70,65,46,64,69,65,64,89,74,-,-,-,26,36,31,33,48,56,61,72,-,-,-,-,-,54,-,-,59,76,84,78,No,82936,Iron,9,0,10,Yes,N,0
LF,Geoff Jenkins,L,R,54,64,58,89,86,70,50,49,55,82,91,64,62,Normal,Pull,Pull,1,1,1,1,2,1,1,1,1,2,1,23,-,-,-,5,9,3,5,47,51,60,-,-,-,-,-,-,52,-,46,40,58,24,44,No,83374,Iron,7,0,6,No,N,0
SP,Jing Johnson,R,R,3,2,5,6,1,14,1,4,6,3,1,7,3,Normal,Normal,Normal,41,61,68,53,65,47,79,78,112,63,69,100,-,-,-,26,34,27,23,9,4,1,68,-,-,-,-,-,-,-,-,39,30,59,33,No,82793,Iron,9,0,12,Yes,N,0
RP,Michael Kelly,R,R,44,44,37,21,4,26,32,44,37,21,4,26,32,Normal,Normal,Normal,66,71,63,71,71,64,73,62,76,72,17,60,-,-,-,28,29,22,22,-,-,-,64,-,53,3,-,-,-,-,-,21,5,42,15,No,82255,Iron,7,0,7,Yes,N,0
2B,Christian Koss,R,R,80,80,74,68,59,53,70,80,73,68,57,52,68,Normal,Normal,Normal,1,24,1,71,1,1,26,1,76,1,34,-,2,2,5,74,72,62,78,60,58,51,127,-,87,83,68,64,65,39,57,43,78,55,62,No,81705,Iron,7,0,8,Yes,N,0
RP,Don Larsen,R,R,18,12,13,53,3,35,13,20,17,34,4,20,14,Normal,Spray,Spray,55,62,55,49,69,72,89,70,85,92,25,48,-,-,-,29,21,26,30,1,7,3,59,-,-,-,-,-,-,-,-,8,6,4,12,No,82979,Iron,9,0,8,Yes,N,0
RF,Willie McGee,S,R,119,119,79,65,23,37,42,120,93,61,1,59,69,Groundball,Spray,Spray,1,1,1,1,1,1,1,1,1,1,1,10,-,-,-,4,5,7,7,55,50,76,-,-,-,-,-,-,63,36,62,67,79,58,96,No,83351,Iron,8,0,10,Yes,N,0
CL,Luis Mey,R,R,26,26,23,24,6,20,21,26,23,24,6,20,21,Normal,Normal,Normal,74,68,49,66,70,85,81,54,83,80,18,36,1,1,2,26,34,54,24,8,16,28,74,-,59,6,18,-,-,-,-,15,8,11,26,No,81953,Iron,8,0,9,Yes,N,0
SS,Ivy Olson,R,R,54,68,96,64,25,43,150,47,92,45,40,57,187,Normal,Pull,Pull,1,3,1,1,5,1,3,1,1,5,1,4,-,-,-,70,69,69,69,8,3,1,-,-,-,76,68,60,-,-,-,74,84,82,55,No,82858,Iron,23,0,18,Yes,N,0
SP,Tiny Osborne,L,R,3,6,6,9,1,12,1,3,6,4,1,6,3,Normal,Pull,Pull,60,71,46,97,58,78,63,65,53,69,59,33,-,-,-,30,20,24,23,2,6,5,58,-,-,-,-,-,-,-,-,6,6,3,9,No,82786,Iron,13,0,14,Yes,N,0
SS,Liover Peguero,R,R,64,67,67,74,70,63,68,64,64,71,68,61,66,Normal,Normal,Normal,1,24,6,72,1,1,26,5,78,1,9,-,1,1,2,80,71,63,70,56,54,53,130,-,88,85,70,67,60,34,53,61,80,58,53,No,82039,Iron,8,0,9,Yes,N,0
RP,Luis Peralta,L,L,48,48,41,23,14,24,37,48,41,23,14,24,37,Normal,Normal,Normal,80,76,58,84,73,79,69,60,68,70,21,68,2,2,1,33,42,58,23,14,16,24,83,-,53,-,-,-,-,-,-,15,18,6,21,No,81802,Iron,9,0,10,Yes,N,0
SP,Gaylord Perry,R,R,16,22,19,25,4,39,17,15,17,40,6,33,18,Normal,Normal,Normal,35,60,85,84,49,57,56,85,58,56,68,115,-,-,-,28,39,30,24,1,5,10,76,-,-,-,-,-,-,-,-,5,6,5,5,No,82977,Iron,7,0,15,Yes,N,0
3B,Ken Reitz,R,R,66,82,92,123,70,35,103,61,72,92,48,46,85,Normal,Spray,Spray,1,5,1,1,7,1,5,1,1,7,1,4,-,-,-,43,81,59,38,6,7,10,-,-,-,-,52,-,-,-,-,9,16,4,11,No,82832,Iron,9,0,10,Yes,N,0
RP,Chris Roycroft,R,R,22,23,20,14,2,16,18,22,20,13,1,17,18,Normal,Normal,Normal,55,73,61,67,76,69,86,66,73,93,19,42,-,-,-,16,18,39,10,-,-,-,41,-,38,-,-,-,-,-,-,17,10,21,18,No,81864,Iron,8,0,9,Yes,N,0
RP,Connor Seabold,R,R,42,42,32,22,5,13,19,42,32,22,5,13,19,Normal,Normal,Normal,65,66,76,74,62,66,69,77,75,66,40,60,1,1,1,21,16,48,8,15,18,21,48,-,34,-,-,-,2,-,-,17,9,15,27,No,84908,Iron,28,0,22,Yes,N,0
1B,Jim Spencer,L,L,63,46,72,73,71,40,97,66,82,63,69,46,102,Normal,Pull,Pull,1,2,1,1,3,1,2,1,2,3,1,7,-,-,-,31,54,38,31,9,3,4,-,-,64,-,-,-,-,-,-,27,6,11,17,No,83358,Iron,10,7,9,Yes,N,0
SS,Trey Sweeney,L,R,66,63,53,64,60,74,42,67,64,69,73,80,62,Normal,Spray,Pull,1,24,1,70,1,1,28,1,84,1,1,23,1,1,1,77,72,69,67,61,62,65,129,-,99,82,72,66,70,43,64,51,79,54,43,No,82394,Iron,9,0,9,Yes,N,0
LF,Bobby Thomson,R,R,36,39,64,66,91,70,85,35,60,52,86,68,79,Normal,Normal,Normal,1,3,1,1,4,1,3,1,1,4,1,21,-,-,-,61,49,74,35,63,63,58,-,-,-,-,54,-,71,46,-,62,49,34,68,No,83434,Iron,24,0,28,Yes,N,0
C,Christian Vazquez,R,R,55,57,69,64,62,66,83,55,69,62,51,65,83,Normal,Normal,Normal,1,27,1,81,1,1,27,1,81,1,-,-,80,83,72,11,43,78,6,15,9,77,70,81,30,-,7,-,6,-,-,7,58,14,39,No,84938,Iron,10,0,10,No,N,0
SP,Taijuan Walker,R,R,40,40,37,19,2,25,37,40,37,19,2,25,37,Normal,Pull,Pull,61,62,77,78,55,60,62,76,78,54,57,57,-,-,-,39,13,50,23,-,-,-,68,-,57,-,-,-,-,-,-,19,17,16,25,No,82064,Iron,7,0,8,Yes,N,0
SP,Ed Wells,L,L,9,7,9,12,1,10,7,10,13,6,2,18,15,Normal,Normal,Normal,52,63,70,55,67,50,69,75,80,64,66,101,-,-,-,23,23,23,23,6,7,1,53,-,-,-,-,-,-,-,-,7,6,5,9,No,82785,Iron,8,0,8,Yes,N,0
SP,Lady Baldwin,L,L,26,25,23,15,3,47,22,27,25,16,4,51,25,Normal,Spray,Spray,58,60,70,58,61,58,62,70,64,62,90,68,-,-,-,30,35,32,33,6,8,6,76,-,-,-,-,-,-,-,-,63,68,78,53,No,82980,Iron,11,0,15,Yes,N,0
LF,John Bissant,R,R,64,65,80,79,34,62,99,64,79,79,34,62,99,Normal,Normal,Spray,13,21,19,35,14,13,21,19,33,15,24,24,1,1,1,57,61,32,62,55,64,67,-,-,-,57,-,-,64,-,60,68,70,24,51,No,84398,Iron,13,0,10,Yes,N,0
3B,Juan Brito,S,R,55,58,65,76,60,82,73,55,64,77,58,84,72,Normal,Normal,Normal,1,25,1,75,1,1,26,1,76,1,2,-,1,1,1,60,62,64,58,57,60,54,113,-,78,60,56,46,62,35,55,31,60,43,72,No,84980,Iron,16,6,15,Yes,N,0
SP,Satchel Davis,R,R,4,4,6,21,1,12,4,4,6,21,1,12,4,Normal,Normal,Normal,64,62,82,63,62,63,58,90,63,56,55,80,1,1,1,25,21,22,19,2,1,2,53,-,-,-,-,-,-,-,-,16,6,5,28,No,84876,Iron,17,0,12,Yes,N,0
SS,Charlie Gelbert,R,R,70,88,91,66,4,35,92,64,74,45,28,46,86,Normal,Spray,Spray,42,24,52,1,36,42,24,52,1,36,25,23,-,-,-,102,79,92,90,1,2,6,-,-,-,-,-,100,-,-,-,54,61,41,50,No,84130,Iron,10,0,10,Yes,N,0
C,Kyle Higashioka,R,R,57,56,64,67,82,63,73,58,62,72,78,64,66,Normal,Pull,Pull,1,27,1,81,1,1,27,1,81,1,-,-,62,74,64,23,26,40,19,33,41,51,59,65,40,-,5,-,32,-,26,35,85,17,45,No,84936,Iron,15,0,13,Yes,N,0
3B,Brady House,R,R,83,83,71,67,74,57,60,83,70,67,72,55,59,Normal,Pull,Pull,40,50,39,82,34,44,55,40,86,40,21,39,1,1,4,55,73,82,52,51,54,77,117,-,97,59,69,50,60,31,59,26,65,31,69,No,82010,Iron,8,0,7,Yes,N,0
C,Alex Jackson,R,R,53,56,60,69,83,68,64,53,49,70,83,65,47,Normal,Pull,Pull,1,25,1,75,1,1,25,1,75,1,1,-,58,67,91,23,36,63,12,36,43,60,75,71,50,-,22,-,38,-,34,28,58,17,40,No,82328,Iron,7,0,7,Yes,N,0
CF,Austin Jackson,R,R,130,100,78,89,55,66,57,141,93,98,48,59,59,Groundball,Normal,Normal,1,2,1,1,3,1,2,1,1,3,1,11,-,-,-,5,1,2,3,99,53,50,-,-,-,-,-,-,-,93,-,93,93,70,93,No,84808,Iron,15,0,13,Yes,N,0
SP,Cowboy Jones,L,L,11,11,10,15,1,23,6,12,10,16,2,24,7,Normal,Pull,Pull,53,64,71,69,62,48,62,69,68,59,78,57,-,-,-,35,20,23,13,1,3,5,63,-,-,-,-,-,-,-,-,75,73,88,69,No,82792,Iron,10,0,6,Yes,N,0
C,Willie MacIver,R,R,72,72,66,64,62,77,62,73,65,70,60,71,57,Normal,Pull,Pull,1,25,1,73,1,1,26,1,77,1,1,-,51,50,65,42,49,64,30,31,16,57,94,49,76,30,39,21,26,-,19,41,80,52,45,No,82197,Iron,8,0,9,Yes,N,0
C,Rafael Marchan,S,R,46,42,66,56,61,63,87,48,67,55,51,64,85,Normal,Spray,Spray,1,26,1,77,1,1,29,1,87,1,1,-,72,72,87,44,48,53,29,38,43,46,93,78,57,31,33,18,37,-,29,35,58,13,50,No,82050,Iron,7,0,6,Yes,N,0
SS,Marty Marion,R,R,78,87,94,64,33,33,98,75,83,57,46,40,93,Normal,Spray,Spray,1,5,1,1,7,1,5,1,1,7,1,17,-,-,-,89,56,82,87,10,2,5,-,-,-,-,-,78,-,-,-,40,75,56,47,No,84303,Iron,10,0,6,Yes,N,0
1B,Curtis Mead,R,R,63,65,70,75,63,71,76,63,68,72,64,69,74,Normal,Normal,Normal,1,27,1,80,1,1,24,1,72,1,10,-,1,1,2,45,42,40,53,54,53,45,91,-,77,38,27,19,57,29,47,28,72,31,54,No,82458,Iron,13,0,14,Yes,N,0
C,Drew Millas,S,R,65,64,71,72,46,67,81,66,73,71,47,69,82,Normal,Pull,Pull,1,24,8,72,1,1,27,8,81,1,6,3,63,65,73,38,43,57,27,37,38,57,87,65,70,22,30,5,38,-,33,90,85,55,60,No,82022,Iron,8,0,10,Yes,N,0
C,Yohel Pozo,R,R,55,58,76,79,71,41,98,55,74,81,65,42,96,Normal,Spray,Spray,7,41,29,77,23,7,41,29,77,23,16,20,56,58,56,15,45,35,12,7,34,50,67,51,38,-,-,-,-,-,-,4,16,7,42,No,81871,Iron,8,0,9,Yes,N,0
RF,Sam Rice,L,R,81,28,69,27,1,35,107,91,118,72,32,69,158,Normal,Pull,Pull,1,3,1,1,5,1,3,1,1,5,1,21,-,-,-,6,5,5,8,66,63,45,-,-,-,-,-,-,71,46,60,41,76,33,69,No,85069,Iron,24,0,28,Yes,N,0
RP,Dave Rucker,L,L,23,23,19,44,5,33,16,24,21,45,5,36,18,Normal,Normal,Normal,67,85,63,47,105,53,83,50,43,104,22,102,-,-,-,27,20,23,23,10,8,5,55,-,-,-,-,-,-,-,-,16,6,4,28,No,84015,Iron,8,0,6,Yes,N,0
2B,Thomas Saggese,R,R,80,82,71,75,58,66,61,80,70,76,56,63,62,Normal,Normal,Normal,1,25,5,75,1,1,25,6,74,1,5,2,3,3,2,64,61,63,53,51,55,56,114,-,73,62,57,47,56,27,49,35,67,32,66,No,81863,Iron,9,0,10,Yes,N,0
SS,Heinie Sand,R,R,34,34,65,67,57,82,91,35,59,70,77,77,77,Normal,Spray,Spray,1,2,1,1,3,1,2,1,1,3,1,6,-,-,-,68,76,68,65,6,2,4,-,-,-,-,69,60,-,-,-,48,61,34,36,No,82849,Iron,14,0,12,Yes,N,0
C,Bennie Tate,L,R,54,38,87,70,10,56,181,60,86,60,20,54,127,Normal,Normal,Normal,1,1,1,1,1,1,1,1,2,1,1,10,61,79,73,7,3,3,4,3,4,9,-,70,-,-,-,-,-,-,-,52,46,60,43,No,83360,Iron,12,0,10,Yes,N,0
3B,Ben Williamson,R,R,78,78,76,90,36,68,75,78,75,86,30,66,73,Normal,Normal,Normal,1,26,1,76,1,1,27,1,79,1,1,23,1,1,1,83,88,70,54,62,64,62,139,-,87,87,81,73,70,44,64,42,80,52,58,No,82520,Iron,9,0,7,Yes,N,0
C,Charles Zimmer,R,R,38,49,68,63,54,78,85,35,54,65,75,75,69,Normal,Pull,Pull,1,5,1,1,7,1,5,1,1,7,1,10,75,77,63,5,7,1,4,1,1,7,-,72,-,-,-,-,-,-,-,73,79,85,65,No,83372,Iron,18,0,10,Yes,N,0
RP,Garrett Acton,L,R,32,32,23,27,9,12,11,33,25,28,10,11,11,Normal,Spray,Spray,71,63,63,73,59,75,72,66,78,70,22,38,1,1,1,19,24,65,12,38,32,48,58,-,38,-,13,-,35,-,28,34,20,32,50,No,84901,Iron,16,0,25,Yes,N,0
2B,Luisangel Acuna,R,R,70,72,74,59,43,69,78,70,74,60,40,66,79,Groundball,Normal,Normal,1,26,1,76,1,1,25,1,75,1,2,-,1,1,1,68,61,74,65,78,63,68,119,-,61,70,66,56,89,69,83,68,88,87,60,No,82459,Iron,8,0,6,Yes,N,0
RP,Zach Agnos,R,R,53,55,53,56,51,60,53,53,51,54,49,58,51,Normal,Normal,Normal,63,61,74,73,56,65,64,75,74,60,17,44,2,2,2,37,57,61,48,56,47,60,96,-,65,35,41,13,60,33,54,57,59,55,57,No,81805,Iron,8,0,9,Yes,N,0
SP,Joaquin Andujar,S,R,13,16,15,37,2,25,13,12,13,22,4,27,12,Normal,Normal,Normal,37,65,66,130,33,58,74,66,108,58,63,60,-,-,-,29,13,24,30,3,5,4,51,-,-,-,-,-,-,-,-,10,12,5,12,No,82955,Iron,8,0,9,Yes,N,0
LF,Eddie Carnett,L,L,67,56,77,49,18,76,101,71,81,69,33,56,94,Normal,Normal,Normal,9,19,23,1,28,7,15,21,1,23,17,6,-,-,-,32,26,29,31,50,52,61,-,-,46,-,-,-,55,26,50,70,70,31,81,No,84304,Iron,14,0,12,Yes,N,0
SP,Daniel Castano,L,L,1,1,4,3,1,3,1,1,4,3,1,3,1,Normal,Normal,Normal,54,73,71,73,74,48,68,65,69,68,57,64,-,-,-,27,21,24,23,8,4,1,56,-,-,-,-,-,-,-,-,7,6,4,10,No,84223,Iron,9,0,15,Yes,N,0
RP,Sarge Connally,R,R,3,2,5,14,4,5,3,4,6,7,8,7,2,Normal,Normal,Normal,35,52,51,52,52,49,88,68,115,75,38,54,-,-,-,26,14,21,23,2,1,7,47,-,-,-,-,-,-,-,-,10,6,5,15,No,82944,Iron,9,0,9,Yes,N,0
SP,Reid Cornelius,R,R,1,1,5,5,1,3,2,1,5,5,1,3,2,Normal,Spray,Spray,47,59,70,90,44,30,71,68,87,64,66,88,-,-,-,35,20,26,23,2,6,5,65,-,-,-,-,-,-,-,-,11,6,4,18,No,82959,Iron,12,0,23,Yes,N,0
1B,Pop Dillon,L,R,56,39,67,88,14,53,91,61,84,64,26,74,118,Normal,Spray,Spray,1,6,1,1,9,1,6,1,2,9,1,10,-,-,-,59,33,45,44,6,8,3,-,-,70,-,-,-,-,-,-,73,78,81,81,No,82840,Iron,16,0,14,Yes,N,0
SP,Frank Dwyer,R,R,73,73,84,65,4,41,98,73,83,64,4,40,95,Normal,Normal,Normal,54,53,74,36,62,53,52,73,34,61,91,74,-,-,-,27,34,26,16,58,59,67,68,-,-,-,-,-,-,-,62,79,80,83,81,No,82948,Iron,11,0,11,Yes,N,0
SP,Benny Frey,R,R,9,5,8,7,1,17,7,11,11,14,1,10,8,Normal,Normal,Normal,27,57,72,38,67,36,86,83,92,84,56,49,-,-,-,35,27,35,44,3,10,1,76,-,-,-,-,-,-,-,-,31,6,7,57,No,82966,Iron,11,0,8,Yes,N,0
SS,Chick Galloway,R,R,46,45,78,71,54,72,120,47,71,63,35,61,95,Normal,Spray,Spray,1,3,1,1,5,1,3,1,1,5,1,14,-,-,-,79,63,77,82,5,5,2,-,-,-,-,-,70,-,-,-,76,67,74,76,No,82841,Iron,9,0,6,Yes,N,0
C,Paul Hardy,R,R,51,52,70,44,8,88,89,51,69,36,7,80,87,Normal,Spray,Spray,1,7,1,18,2,1,7,1,19,2,1,18,69,67,72,29,29,28,27,55,62,68,-,68,40,-,-,-,-,-,60,44,12,14,34,No,84397,Iron,11,0,16,Yes,N,0
C,Tyler Heineman,S,R,52,54,65,48,56,75,76,52,65,53,46,76,76,Normal,Normal,Normal,1,28,1,82,1,1,27,1,80,1,-,-,75,75,77,25,36,51,27,36,45,52,76,77,41,9,18,-,37,-,30,75,72,32,57,No,82502,Iron,8,0,12,Yes,N,0
SS,Jelly Jackson,R,R,32,33,67,42,45,81,96,32,66,42,43,80,94,Normal,Spray,Normal,41,51,59,41,57,40,50,58,40,56,64,8,1,1,1,112,111,102,106,6,1,8,-,-,-,141,129,126,-,-,-,64,27,11,56,No,84677,Iron,13,0,14,No,N,0
CF,Sonny Jackson,L,R,57,57,77,52,17,64,101,57,82,70,32,56,119,Normal,Pull,Pull,1,1,1,1,1,1,1,1,1,1,1,12,-,-,-,7,7,4,7,64,56,69,-,-,-,-,-,-,72,48,-,67,60,52,83,No,83342,Iron,33,0,20,Yes,N,0
C,Andrew Knizner,R,R,61,54,69,70,62,70,85,63,73,58,47,67,85,Normal,Pull,Pull,1,24,1,70,1,1,31,1,93,1,1,-,59,62,57,33,41,54,43,19,34,50,84,55,57,24,27,-,16,-,6,5,16,10,58,No,82226,Iron,10,0,6,Yes,N,0
LF,Bris Lord,R,R,62,61,65,119,33,47,70,63,73,119,52,67,85,Line Drive,Spray,Spray,1,1,1,1,1,1,1,1,1,1,1,6,-,-,-,5,1,3,1,49,97,67,-,-,-,-,-,-,65,32,60,86,78,85,83,No,82844,Iron,9,0,12,Yes,N,0
1B,Cal McVey,R,R,73,79,96,79,8,61,119,71,90,73,8,59,115,Normal,Normal,Normal,60,43,61,37,47,65,50,64,38,57,50,25,61,60,59,48,37,46,73,76,61,62,-,56,55,-,32,-,-,64,78,67,69,52,53,No,83567,Iron,13,0,15,Yes,N,0
3B,Steve Mesner,R,R,58,71,91,86,15,60,120,50,83,64,30,39,137,Normal,Spray,Spray,1,1,1,1,1,1,1,1,1,1,1,3,-,-,-,66,59,78,58,8,7,2,-,-,-,-,66,-,-,-,-,31,77,24,42,No,83344,Iron,12,6,10,Yes,N,0
SP,Ed Rakow,S,R,2,4,6,12,1,14,4,2,5,6,1,7,2,Normal,Pull,Pull,44,72,63,113,52,64,64,64,53,70,62,33,-,-,-,31,23,25,23,4,2,9,63,-,-,-,-,-,-,-,-,19,6,5,33,No,82781,Iron,7,0,7,Yes,N,0
RP,Garry Roggenburk,R,L,1,1,4,3,1,4,1,1,4,3,1,4,1,Normal,Spray,Spray,53,87,53,81,91,45,76,55,67,81,19,107,-,-,-,27,20,23,23,10,3,3,55,-,-,-,-,-,-,-,-,15,6,5,25,No,84220,Iron,6,0,6,No,N,0
C,Ben Rortvedt,L,R,61,64,61,54,47,68,58,61,63,62,65,74,67,Normal,Pull,Pull,1,27,1,81,1,1,24,1,71,1,1,-,64,64,59,32,38,52,21,48,57,60,80,59,44,11,21,-,54,24,48,3,6,6,56,No,82071,Iron,7,0,7,Yes,N,0
C,Keibert Ruiz,S,R,56,60,80,67,65,49,107,55,77,65,66,51,103,Normal,Normal,Normal,1,28,1,82,1,1,24,1,72,1,5,-,54,52,56,31,41,56,11,36,46,52,81,47,54,5,24,-,37,-,31,7,67,14,28,No,82012,Iron,15,0,9,Yes,N,0
2B,John Shackelford,L,R,51,51,73,52,62,54,96,52,75,53,63,55,100,Normal,Normal,Normal,1,6,1,18,1,1,7,1,19,1,1,12,1,1,1,73,50,49,69,8,4,9,-,-,-,71,50,-,-,-,-,55,12,12,33,No,84399,Iron,8,0,6,Yes,N,0
CF,Tyler Tolbert,R,R,75,76,67,72,43,64,58,75,66,71,42,63,57,Groundball,Spray,Spray,1,25,1,75,1,1,25,1,75,1,1,-,3,3,4,66,60,57,62,80,67,56,114,-,73,65,54,48,89,70,80,120,111,106,98,No,82363,Iron,7,0,7,Yes,N,0
SP,Mule Watson,R,R,5,3,5,6,1,11,2,6,8,12,1,9,5,Normal,Normal,Normal,39,52,81,44,56,54,74,75,86,69,61,59,-,-,-,27,17,22,23,2,7,10,51,-,-,-,-,-,-,-,-,8,6,3,12,No,82782,Iron,13,0,10,Yes,N,0
SP,John Whitehead,R,R,5,5,8,14,1,14,6,6,8,7,1,11,6,Normal,Spray,Spray,34,56,68,63,53,51,69,74,81,64,70,93,-,-,-,27,32,27,23,4,7,8,68,-,-,-,-,-,-,-,-,5,6,4,5,No,82956,Iron,18,0,13,Yes,N,0
SP,Al Benton,R,R,10,16,11,27,2,30,5,8,10,16,3,15,10,Normal,Normal,Normal,60,70,64,91,60,61,55,64,53,56,72,41,-,-,-,28,14,21,23,4,1,4,49,-,-,-,-,-,-,-,-,8,6,5,10,No,82967,Iron,14,0,11,Yes,N,0
SP,Jung-keun Bong,L,L,13,13,15,36,5,38,15,13,15,37,6,38,17,Normal,Normal,Normal,25,87,65,75,93,23,88,63,70,97,68,51,-,-,-,27,20,23,23,6,2,6,55,-,-,-,-,-,-,-,-,16,6,4,28,No,84619,Iron,8,0,6,Yes,N,0
CF,Vince DiMaggio,R,R,63,64,53,51,78,61,40,63,62,65,85,65,62,Normal,Normal,Normal,1,3,1,1,4,1,3,1,1,4,1,3,-,-,-,9,10,9,10,94,71,110,-,-,-,-,-,-,-,100,-,70,64,58,93,No,84352,Iron,9,0,15,Yes,N,0
1B,Jose Fernandez,R,R,71,72,70,64,62,55,69,71,68,63,55,49,67,Groundball,Normal,Normal,1,24,2,72,1,1,25,3,75,1,1,-,2,2,1,60,59,68,60,54,51,48,111,-,92,60,57,46,57,30,48,68,69,44,51,No,85014,Iron,17,0,12,Yes,N,0
SP,Bert Gallia,R,R,12,20,13,25,3,27,6,10,10,27,1,15,7,Normal,Normal,Normal,66,73,48,97,61,72,60,49,54,63,66,42,-,-,-,26,28,25,23,2,10,9,62,-,-,-,-,-,-,-,-,49,67,67,31,No,82783,Iron,10,6,9,Yes,N,0
SS,Mario Guerrero,R,R,105,116,130,65,33,17,127,101,121,65,11,14,138,Groundball,Normal,Normal,1,1,1,1,2,1,1,1,1,2,1,22,-,-,-,57,56,53,53,8,5,10,-,-,-,54,-,37,-,-,-,47,2,33,48,No,84804,Iron,8,0,10,Yes,N,0
SS,Leo Jimenez,R,R,55,62,66,66,61,81,71,53,63,70,62,75,72,Normal,Pull,Pull,1,25,1,75,1,1,26,2,77,1,1,-,-,-,-,63,74,65,69,60,57,50,121,-,71,71,65,56,64,38,55,30,58,16,68,No,84969,Iron,17,0,40,Yes,N,0
RF,DaShawn Keirsey Jr.,L,L,75,77,64,77,41,62,47,75,67,77,61,62,61,Normal,Normal,Normal,1,28,3,84,1,1,25,3,74,1,8,-,1,1,1,9,12,18,9,82,69,59,21,-,16,-,-,-,93,73,84,94,91,89,56,No,82132,Iron,9,0,9,Yes,N,0
SP,Urbano Lugo,R,R,1,1,4,3,1,3,1,1,4,2,1,2,1,Normal,Normal,Normal,63,61,58,60,62,51,60,69,74,54,60,33,-,-,-,27,20,23,23,10,5,5,55,-,-,-,-,-,-,-,-,7,6,4,10,No,84224,Iron,8,7,9,Yes,N,0
SP,Stoney McGlynn,R,R,40,56,55,80,3,60,55,35,48,121,6,50,63,Line Drive,Normal,Normal,47,74,61,109,57,50,59,62,58,60,87,45,-,-,-,28,20,26,30,1,7,7,57,-,-,-,-,-,-,-,-,65,69,83,54,No,84225,Iron,9,0,10,Yes,N,0
LF,Lou Piniella,R,R,69,86,93,86,33,43,99,64,84,70,40,44,112,Normal,Pull,Pull,1,1,1,1,1,1,1,1,1,1,1,22,-,-,-,7,10,7,3,47,66,57,-,-,-,-,-,-,54,-,47,60,65,41,67,No,83343,Iron,31,0,30,Yes,N,0
SS,Swede Risberg,R,R,30,40,64,163,66,83,83,25,55,110,44,96,77,Line Drive,Spray,Spray,1,3,1,1,4,1,3,1,1,4,1,19,-,-,-,66,54,67,76,1,2,10,-,-,79,-,59,52,-,-,-,70,82,83,62,No,84302,Iron,12,0,15,Yes,N,0
SP,Dutch Ruether,L,L,21,12,16,41,48,32,19,25,30,31,31,50,34,Normal,Normal,Normal,49,49,64,39,54,53,75,66,82,72,79,81,-,-,-,26,34,31,33,3,8,6,70,-,-,-,-,-,-,-,-,10,6,5,14,No,82935,Iron,15,0,17,Yes,N,0
C,Garrett Stubbs,L,R,67,63,62,50,50,66,63,69,66,61,60,70,64,Normal,Normal,Normal,20,40,53,66,28,20,48,56,83,31,22,24,63,61,78,37,46,57,39,45,51,55,89,65,56,28,32,5,48,18,42,50,72,25,56,No,82046,Iron,9,0,6,Yes,N,0
C,Daniel Susac,R,R,67,69,66,71,80,68,65,67,63,66,69,61,61,Normal,Normal,Normal,1,24,1,71,1,1,26,1,76,1,1,-,64,66,73,19,24,59,12,34,50,58,56,66,41,-,10,-,37,-,32,31,67,35,47,No,84927,Iron,37,0,40,Yes,N,0
2B,Ildemaro Vargas,S,R,54,62,78,74,39,57,99,51,74,67,49,64,99,Normal,Spray,Spray,1,25,1,75,1,1,25,1,75,1,2,-,1,1,3,69,72,59,70,57,62,53,123,-,81,75,63,57,63,36,55,60,72,22,59,No,84940,Iron,18,0,30,Yes,N,0
SP,Sam Weaver,R,R,20,21,61,69,7,87,93,20,59,68,6,85,90,Normal,Normal,Normal,46,51,102,29,62,47,53,105,29,65,89,60,-,-,-,25,31,24,17,72,54,62,62,-,-,-,-,-,-,57,73,61,85,92,57,No,82993,Iron,20,0,14,Yes,N,0
1B,Toussaint Allen,R,L,32,32,60,77,77,70,81,32,59,75,75,68,79,Normal,Normal,Normal,44,50,58,63,44,44,50,58,64,44,48,66,1,1,1,42,48,42,36,3,7,9,91,-,62,-,-,-,-,-,-,45,64,20,48,No,84396,Iron,14,0,10,Yes,N,0
SP,Andy Benes,R,R,20,11,21,54,27,43,30,23,21,37,34,33,19,Normal,Normal,Normal,60,66,48,46,77,64,75,61,107,60,63,35,-,-,-,25,44,31,23,5,5,1,77,-,-,-,-,-,-,-,-,5,6,5,5,No,82953,Iron,10,0,12,Yes,N,0
SP,Max Butcher,R,R,10,6,21,20,2,32,32,12,16,35,4,27,19,Normal,Pull,Pull,39,64,61,48,72,43,78,80,107,64,66,106,-,-,-,31,38,33,30,7,9,1,78,-,-,-,-,-,-,-,-,14,6,4,23,No,82945,Iron,17,0,12,Yes,N,0
2B,Santiago Espinal,R,R,58,62,78,60,44,65,98,56,74,57,40,62,95,Normal,Normal,Normal,1,28,27,75,5,1,32,30,81,8,21,37,1,1,1,68,79,64,60,66,63,60,126,-,72,73,67,58,75,50,68,17,67,33,63,No,84905,Iron,12,0,13,Yes,N,0
SP,Bunny Hearn,L,L,1,1,4,3,1,3,1,1,4,3,1,4,1,Normal,Normal,Normal,67,67,55,61,71,76,65,59,57,70,55,55,-,-,-,35,20,26,23,10,3,8,65,-,-,-,-,-,-,-,-,6,6,3,7,No,84681,Iron,9,0,6,No,N,0
CF,Michael Helman,R,R,48,41,58,75,67,70,71,51,60,69,62,64,67,Normal,Normal,Normal,1,21,10,61,1,1,31,11,91,1,39,-,1,1,4,61,59,53,62,67,67,49,110,-,77,61,49,42,74,49,63,46,84,68,78,No,82194,Iron,7,0,7,Yes,N,0
SP,Oral Hildebrand,R,R,10,6,16,25,2,13,24,12,17,40,3,27,22,Normal,Spray,Spray,44,52,71,56,51,63,82,56,108,70,76,33,-,-,-,34,33,30,23,6,3,1,76,-,-,-,-,-,-,-,-,8,6,4,12,No,82941,Iron,18,6,12,Yes,N,0
SP,Togie Pittinger,L,R,8,14,14,24,3,17,12,7,16,19,6,32,25,Normal,Normal,Normal,71,82,43,116,65,69,62,43,56,65,90,58,-,-,-,31,20,23,20,3,2,1,59,-,-,-,-,-,-,-,-,83,84,98,76,No,82949,Iron,26,6,34,Yes,N,0
1B,Nick Pratto,L,L,117,74,61,48,99,87,42,137,78,72,28,68,28,Groundball,Pull,Pull,1,2,1,1,3,1,2,1,1,3,1,16,-,-,-,35,26,30,31,47,54,67,-,-,51,-,-,-,54,-,51,22,22,19,37,No,85524,Iron,546,122,540,Yes,N,0
RP,Rich Rodriguez,L,L,1,1,4,3,1,3,1,1,5,3,1,3,2,Normal,Spray,Spray,53,77,41,120,56,53,77,55,109,62,20,91,-,-,-,35,20,26,23,7,7,9,64,-,-,-,-,-,-,-,-,13,6,4,21,No,82938,Iron,10,0,11,Yes,N,0
C,Blake Swihart,S,R,96,33,32,19,10,39,34,115,84,91,50,69,58,Groundball,Normal,Normal,1,1,1,1,1,1,4,1,10,1,1,8,45,54,64,49,53,44,29,46,70,46,-,47,75,36,32,-,52,-,42,44,72,44,73,No,84329,Iron,20,0,20,Yes,N,0
RP,Neil Wagner,R,R,1,1,4,3,1,3,1,1,4,3,1,3,1,Normal,Normal,Normal,69,58,70,56,60,68,59,70,58,60,18,59,-,-,-,27,20,23,23,9,3,1,55,-,-,-,-,-,-,-,-,5,6,5,5,No,84219,Iron,6,0,6,No,N,0
2B,Tsung-Che Cheng,L,R,84,72,74,34,25,108,77,88,85,35,50,131,82,Groundball,Normal,Normal,1,2,1,1,3,1,2,1,2,3,1,7,-,-,-,72,61,47,69,9,1,10,-,-,-,74,-,52,-,-,-,82,115,106,92,No,84612,Iron,8,0,9,Yes,N,0
SP,Earl Hamilton,L,L,14,17,14,37,4,34,10,13,17,59,5,54,21,Normal,Normal,Normal,47,64,68,78,58,47,61,71,62,61,68,64,-,-,-,25,37,28,23,6,8,10,70,-,-,-,-,-,-,-,-,62,69,72,55,No,82950,Iron,12,6,9,Yes,N,0
SP,Bob Harris,R,R,2,5,6,5,1,10,1,2,5,3,1,5,3,Normal,Spray,Spray,52,80,59,101,70,68,55,48,39,63,61,33,-,-,-,28,20,24,23,2,10,1,56,-,-,-,-,-,-,-,-,9,6,5,12,No,84217,Iron,11,0,12,Yes,N,0
SP,Al Mays,R,R,1,1,53,103,70,52,84,1,52,102,68,50,83,Normal,Normal,Normal,61,62,54,63,62,64,68,57,72,66,87,53,-,-,-,30,19,27,33,8,8,4,59,-,-,-,-,-,-,-,-,79,91,108,78,No,82937,Iron,12,0,12,Yes,N,0
2B,Tanner Murray,R,R,66,69,68,76,58,58,69,66,66,71,59,53,67,Normal,Pull,Pull,1,25,7,73,1,1,26,7,78,1,7,3,2,2,3,64,61,57,48,64,67,46,113,-,87,60,52,44,70,45,60,19,58,19,60,No,84983,Iron,16,0,16,Yes,N,0
LF,Fred Odwell,L,R,83,69,73,72,14,70,79,87,84,53,18,82,81,Groundball,Pull,Pull,1,3,1,1,4,1,3,1,2,4,1,17,-,-,-,1,8,7,8,56,82,58,-,-,-,-,-,-,68,-,60,90,81,80,80,No,82868,Iron,13,0,11,Yes,N,0
3B,Babe Pinelli,R,R,70,54,76,39,38,91,100,75,84,61,23,72,94,Normal,Normal,Normal,1,1,1,1,1,1,1,1,2,1,1,13,-,-,-,87,65,95,35,5,6,6,-,-,-,-,85,71,-,-,-,67,67,83,60,No,82867,Iron,15,0,15,Yes,N,0
SP,Charlie Root,R,R,16,19,15,61,39,29,10,16,18,67,50,32,20,Normal,Normal,Normal,52,58,55,71,52,67,66,64,58,70,37,77,-,-,-,23,40,27,18,6,9,7,71,-,-,-,-,-,-,-,-,14,6,14,18,No,82947,Iron,10,0,10,Yes,N,0
3B,Eguy Rosario,R,R,65,122,71,168,90,1,18,28,60,1,1,63,84,Normal,Normal,Normal,1,1,1,1,1,1,1,1,1,1,1,15,-,-,-,78,94,71,39,7,8,6,-,-,-,80,80,68,-,-,-,13,6,3,22,No,84684,Iron,1 010,522,1 100,No,N,0
3B,Eguy Rosario,R,R,65,122,71,168,90,1,18,28,60,1,1,63,84,Normal,Normal,Normal,1,1,1,1,1,1,1,1,1,1,1,15,-,-,-,78,94,71,39,7,8,6,-,-,-,80,80,68,-,-,-,13,6,3,22,No,84684,Iron,1 010,522,1 100,No,N,0
C,Hayden Senger,R,R,64,65,60,61,52,60,55,64,59,60,50,59,53,Normal,Pull,Pull,1,25,1,74,1,1,26,1,76,1,1,-,70,72,76,18,24,59,17,38,30,57,56,73,35,-,9,-,37,-,33,50,58,19,41,No,82072,Iron,7,0,6,Yes,N,0
C,Brett Sullivan,L,R,60,53,68,85,50,58,82,62,72,83,52,59,84,Normal,Pull,Pull,1,25,1,74,1,1,25,1,74,1,1,-,55,56,62,28,26,38,20,62,53,52,64,52,37,2,5,-,66,41,57,83,74,33,49,No,84895,Iron,13,0,11,Yes,N,0
CF,Bryce Teodosio,R,L,83,83,69,69,41,62,53,83,68,72,41,58,51,Groundball,Pull,Pull,1,27,1,79,1,1,25,1,73,1,1,-,4,4,5,18,23,43,14,83,69,78,51,-,38,-,-,-,98,78,94,106,90,85,62,No,82290,Iron,8,0,10,Yes,N,0
RF,Harry Wolter,L,L,58,40,65,84,14,89,86,62,72,94,23,81,84,Line Drive,Normal,Normal,1,3,1,1,4,1,3,1,2,4,1,8,-,-,-,2,8,9,3,54,50,67,-,-,-,-,-,-,-,32,56,67,75,76,55,No,83369,Iron,14,0,15,Yes,N,0
1B,Steve Balboni,R,R,69,51,36,63,108,94,20,74,50,67,114,50,17,Normal,Normal,Normal,1,1,1,1,2,1,2,1,2,2,1,13,-,-,-,49,43,35,39,1,4,1,-,-,82,-,-,-,-,-,-,5,6,4,5,No,83379,Iron,7,0,6,Yes,N,0
1B,Warming Bernabel,R,R,59,60,70,72,64,54,83,59,71,69,54,51,84,Normal,Pull,Pull,1,26,2,76,1,1,27,1,80,1,3,-,1,1,2,47,54,61,40,53,42,48,99,-,76,40,43,28,53,26,45,28,70,34,55,No,82008,Iron,8,0,9,Yes,N,0
SP,Brian Fisher,R,R,1,1,4,3,1,2,1,1,4,5,1,4,1,Normal,Normal,Normal,45,60,56,47,67,54,80,86,88,77,64,22,-,-,-,24,20,22,23,7,8,7,50,-,-,-,-,-,-,-,-,7,6,5,9,No,84827,Iron,9,0,12,Yes,N,0
LF,Hal Lee,R,R,75,85,93,69,37,40,100,72,90,62,25,49,113,Normal,Normal,Normal,1,1,1,1,1,1,1,1,1,1,1,21,-,-,-,8,8,1,5,53,65,54,-,-,-,-,-,-,59,-,52,36,6,4,34,No,82827,Iron,11,6,12,Yes,N,0
2B,Carl Lind,R,R,70,62,73,101,12,67,86,73,86,72,25,46,101,Normal,Normal,Normal,1,5,1,1,7,1,5,1,2,7,1,3,-,-,-,47,57,26,71,7,8,8,-,-,-,50,-,24,-,-,-,44,64,45,57,No,84301,Iron,9,0,14,Yes,N,0
C,Johnny Peacock,L,R,58,64,86,34,9,59,117,55,88,51,18,58,148,Normal,Normal,Normal,1,1,1,1,2,1,1,1,1,2,1,21,71,51,63,10,2,7,10,6,4,8,-,58,-,-,-,-,-,-,-,49,58,13,31,No,83366,Iron,19,0,18,Yes,N,0
C,Bob Swift,R,R,42,37,72,32,36,88,107,44,71,33,21,70,97,Normal,Normal,Normal,1,3,1,1,5,1,3,1,1,5,1,18,65,42,70,4,9,8,8,1,1,10,-,53,-,-,-,-,-,-,-,21,49,23,36,No,83335,Iron,27,0,19,Yes,N,0
SP,Joe Boehling,L,L,6,6,7,8,1,8,3,7,8,17,1,12,6,Normal,Spray,Spray,49,58,63,57,59,54,66,62,68,65,63,45,-,-,-,33,31,29,23,3,6,6,74,-,-,-,-,-,-,-,-,52,58,22,64,No,82780,Iron,10,6,13,Yes,N,0
SS,Henry Easterday,R,R,27,31,29,84,66,90,28,26,24,84,65,90,22,Line Drive,Normal,Normal,1,5,1,1,7,1,5,1,1,7,1,22,-,-,-,105,76,78,69,1,10,10,-,-,-,-,-,91,-,-,-,51,52,47,40,No,84722,Iron,1 552,885,1 425,No,N,0
1B,Bill Everitt,L,R,89,89,88,50,26,76,87,90,90,51,28,78,89,Groundball,Normal,Normal,1,1,1,1,1,1,1,1,1,1,1,8,-,-,-,32,28,45,75,9,4,8,-,-,50,-,20,-,-,-,-,73,82,79,77,No,82866,Iron,21,0,15,Yes,N,0
SS,Marr Phillips,R,R,84,86,87,85,26,31,88,84,84,84,24,29,84,Normal,Pull,Pull,1,2,1,1,3,1,2,1,1,3,1,15,-,-,-,83,66,75,67,10,8,8,-,-,-,-,-,70,-,-,-,72,85,93,58,No,84296,Iron,11,0,21,Yes,N,0
C,Buck Rodgers,S,R,58,40,67,79,44,54,89,62,79,118,43,62,103,Line Drive,Normal,Normal,1,3,1,1,4,1,3,1,2,4,1,21,63,59,76,2,2,9,2,6,2,4,-,63,-,-,-,-,-,-,-,56,36,52,72,No,84312,Iron,8,0,6,Yes,N,0
SP,Bob Barr,R,R,21,22,21,51,5,42,21,21,21,50,5,42,21,Normal,Normal,Normal,50,55,71,57,54,55,60,72,62,59,89,70,-,-,-,27,17,21,18,3,3,6,50,-,-,-,-,-,-,-,-,65,77,75,53,No,82968,Iron,10,0,10,Yes,N,0
C,Bruno Block,R,R,73,84,81,94,1,55,80,69,62,81,10,43,55,Normal,Spray,Spray,1,2,1,1,3,1,2,1,1,3,1,16,87,79,61,4,5,9,10,5,5,8,-,79,-,-,-,-,-,-,-,49,59,61,38,No,82830,Iron,19,0,15,Yes,N,0
CF,Al Burch,L,R,83,66,71,17,11,65,77,88,81,32,22,89,75,Groundball,Pull,Pull,1,2,1,1,3,1,2,1,2,3,1,11,-,-,-,10,6,7,10,70,44,85,-,-,-,-,-,-,80,58,80,69,82,82,84,No,84328,Iron,9,0,9,Yes,N,0
RP,Bill Burwell,L,R,1,1,5,5,1,3,2,1,5,6,1,3,2,Normal,Normal,Normal,41,52,66,59,49,45,65,64,67,65,36,62,-,-,-,24,20,22,23,1,5,2,50,-,-,-,-,-,-,-,-,16,6,5,28,No,84218,Iron,19,0,9,Yes,N,0
SS,Ivan De Jesus,R,R,45,32,67,66,22,72,97,50,68,69,37,76,84,Normal,Normal,Normal,1,2,1,1,3,1,2,1,2,3,1,17,-,-,-,67,73,67,66,3,2,7,-,-,-,-,67,58,-,-,-,75,80,58,91,No,83356,Iron,6,0,6,No,N,0
SS,Leo Durocher,R,R,66,49,63,60,12,46,75,70,82,62,25,59,98,Normal,Spray,Spray,1,3,1,1,4,1,3,1,2,4,1,9,-,-,-,65,102,73,70,6,4,4,-,-,-,83,-,70,-,-,-,45,58,23,55,No,83909,Iron,8,0,8,Yes,N,0
1B,Jay Faatz,R,R,64,66,89,44,28,71,125,64,85,43,26,68,116,Normal,Normal,Normal,1,1,1,1,1,1,1,1,1,1,1,4,-,-,-,21,79,43,29,3,8,6,-,-,63,-,-,-,-,-,-,73,103,100,78,No,84324,Iron,14,0,15,Yes,N,0
RP,Fred Frankhouse,R,R,10,16,14,38,8,37,11,8,14,29,4,32,19,Normal,Spray,Spray,50,77,54,97,67,55,58,61,52,61,25,42,-,-,-,35,25,29,27,10,5,7,71,-,-,-,-,-,-,-,-,6,11,5,5,No,82934,Iron,8,0,10,Yes,N,0
2B,Chick Fulmer,R,R,71,72,75,68,26,60,79,71,73,68,25,58,77,Normal,Normal,Normal,1,5,1,1,7,1,5,1,1,7,1,3,-,-,-,78,64,50,99,8,7,1,-,-,-,90,62,65,-,-,-,72,85,82,74,No,82837,Iron,11,0,16,Yes,N,0
3B,Ed Gremminger,R,R,51,54,73,71,32,77,93,51,67,91,49,71,82,Normal,Spray,Spray,1,2,1,1,3,1,2,1,1,3,1,23,-,-,-,56,85,70,36,5,2,6,-,-,-,-,65,-,-,-,-,71,73,79,57,No,84308,Iron,9,0,9,Yes,N,0
1B,Yuli Gurriel,R,R,42,60,84,127,35,64,118,37,75,89,56,63,117,Line Drive,Pull,Pull,1,3,1,1,5,1,3,1,1,5,1,16,-,-,-,35,56,40,31,4,3,6,-,-,62,-,25,-,-,-,-,38,87,31,64,No,83338,Iron,7,0,8,Yes,N,0
C,Paddy O'Connor,R,R,57,80,98,94,1,18,122,41,41,55,1,55,44,Normal,Pull,Pull,1,2,1,2,3,1,2,1,1,3,1,13,66,59,57,36,53,53,40,6,4,10,-,57,-,-,33,-,-,-,-,14,6,4,23,No,84606,Iron,1 113,488,833,No,N,0
CF,Tony Scott,S,R,63,61,70,76,48,57,81,64,72,68,31,57,82,Normal,Spray,Spray,1,1,1,1,2,1,1,1,1,2,1,17,-,-,-,3,6,8,10,96,91,84,-,-,-,-,-,-,117,100,113,68,74,79,63,No,84103,Iron,10,0,7,Yes,N,0
C,Gabby Street,R,R,26,36,83,87,11,70,166,21,65,64,21,63,102,Normal,Spray,Spray,1,1,1,1,2,1,1,1,1,2,1,10,71,70,54,2,7,8,5,9,2,9,-,63,-,-,-,-,-,-,-,43,69,81,46,No,83332,Iron,17,6,14,Yes,N,0
2B,Will Wilson,R,R,49,53,53,62,65,69,55,48,52,57,60,65,58,Normal,Normal,Normal,1,26,1,77,1,1,24,1,72,1,1,-,1,1,1,64,73,59,62,57,58,60,120,-,71,69,61,52,63,36,57,32,67,33,53,No,82224,Iron,8,0,10,Yes,N,0
SP,Gene Bearden,L,L,1,1,5,3,1,5,2,2,6,6,1,7,4,Normal,Normal,Normal,66,53,36,21,70,42,69,49,35,87,54,70,-,-,-,35,13,24,23,9,10,2,57,-,-,-,-,-,-,-,-,7,6,4,10,No,82933,Iron,7,0,7,No,N,0
C,Monte Beville,L,R,26,36,71,112,23,91,102,21,60,152,25,66,90,Line Drive,Pull,Pull,1,1,1,1,2,1,1,1,1,2,1,22,41,55,49,32,29,31,32,7,10,3,-,39,45,-,-,-,-,-,-,52,77,87,66,No,84298,Iron,11,0,9,Yes,N,0
1B,Bunny Brief,R,R,48,77,76,82,70,80,77,32,28,28,48,38,21,Normal,Pull,Pull,1,5,1,1,7,1,5,1,1,7,1,5,-,-,-,40,34,35,31,42,31,1,-,-,59,-,-,-,-,-,-,47,61,59,44,No,84687,Iron,1 663,881,1 400,No,N,0
LF,Charlie Eden,L,L,73,73,76,88,18,68,81,74,78,90,19,69,84,Line Drive,Spray,Spray,50,45,75,11,62,49,43,74,11,60,49,23,-,-,-,3,1,7,8,38,40,57,-,-,-,-,-,-,39,-,34,71,84,91,68,No,82834,Iron,10,0,10,Yes,N,0
RP,Harry Eisenstat,L,L,2,2,5,5,1,3,1,2,5,5,1,3,1,Normal,Normal,Normal,50,51,61,29,63,50,54,63,30,66,24,76,-,-,-,27,20,23,23,5,7,3,54,-,-,-,-,-,-,-,-,5,6,4,5,No,82932,Iron,9,0,12,Yes,N,0
SS,John Gochnauer,R,R,21,31,51,71,1,117,68,18,41,62,1,82,62,Normal,Spray,Spray,1,1,1,1,1,1,1,1,1,1,1,24,-,-,-,85,2,76,76,7,10,2,-,-,-,-,-,7,-,-,-,62,86,79,62,No,85541,Iron,2 389,1 501,2 400,Yes,N,0
SS,Irv Hall,R,R,55,48,73,65,22,45,98,58,74,43,30,45,92,Normal,Normal,Normal,1,5,1,1,7,1,5,1,1,7,1,10,-,-,-,68,59,66,66,3,6,4,-,-,-,69,-,53,-,-,-,64,69,62,65,No,84300,Iron,10,0,10,Yes,N,0
SP,Jim Hughey,R,R,8,8,14,23,3,28,19,8,14,23,3,28,19,Normal,Normal,Normal,43,47,73,32,55,46,51,74,36,59,82,48,-,-,-,23,13,18,17,6,9,7,40,-,-,-,-,-,-,-,-,61,70,68,53,No,82778,Iron,11,0,13,Yes,N,0
RF,George Hunter,S,L,71,78,71,67,3,80,66,69,64,90,3,63,59,Normal,Normal,Normal,60,65,66,78,59,60,60,66,62,60,65,60,-,-,-,28,20,23,23,54,54,67,55,-,-,-,-,-,61,-,57,25,21,32,32,No,84295,Iron,27,0,39,Yes,N,0
1B,John Leary,R,R,75,61,70,98,24,15,81,80,82,90,30,30,86,Line Drive,Spray,Spray,1,5,1,1,7,1,5,1,2,7,1,7,48,61,59,36,39,35,31,7,10,6,-,50,57,-,-,-,-,-,-,62,77,84,54,No,84297,Iron,7,0,7,Yes,N,0
1B,John McGuinness,S,R,68,77,67,71,1,18,56,66,62,66,1,21,60,Groundball,Normal,Normal,1,1,1,1,1,1,1,1,1,1,1,15,-,-,-,41,26,32,31,6,10,4,-,-,49,20,-,-,-,-,-,33,49,24,26,No,84607,Iron,938,515,821,No,N,0
1B,John McGuinness,S,R,68,77,67,71,1,18,56,66,62,66,1,21,60,Groundball,Normal,Normal,1,1,1,1,1,1,1,1,1,1,1,15,-,-,-,41,26,32,31,6,10,4,-,-,49,20,-,-,-,-,-,33,49,24,26,No,84607,Iron,938,515,821,Yes,N,0
C,Otto Miller,R,R,39,37,68,71,50,62,95,40,64,63,40,57,83,Normal,Normal,Normal,1,5,1,1,7,1,5,1,1,7,1,2,60,54,52,2,5,8,3,2,6,2,-,49,-,-,-,-,-,-,-,64,73,79,52,No,83331,Iron,16,0,15,Yes,N,0
3B,George Pinkney,R,R,64,65,79,70,19,89,97,64,78,70,18,87,95,Normal,Normal,Normal,1,6,20,1,9,1,8,22,1,12,24,13,-,-,-,47,60,63,34,6,3,8,-,-,-,40,46,-,-,-,-,72,85,89,72,No,83410,Iron,22,0,11,Yes,N,0
C,Del Rice,R,R,96,130,83,119,10,72,45,88,64,61,46,24,30,Groundball,Pull,Pull,1,3,1,1,4,1,3,1,1,4,1,5,62,53,64,4,1,8,1,2,6,3,-,55,-,-,-,-,-,-,-,27,6,4,25,No,84305,Iron,9,0,10,Yes,N,0
3B,Bill Shipke,R,R,43,60,78,81,18,92,101,38,58,71,25,98,72,Normal,Normal,Normal,1,3,1,1,4,1,3,1,1,4,1,1,-,-,-,59,64,73,36,1,8,3,-,-,-,-,59,-,-,-,-,90,84,86,76,No,82836,Iron,11,0,12,Yes,N,0
C,Zack Taylor,R,R,58,63,87,63,13,40,126,55,81,62,26,39,118,Normal,Spray,Spray,1,3,1,1,4,1,3,1,1,4,1,23,33,47,67,10,8,3,7,2,4,9,-,39,-,-,-,-,-,-,-,65,46,57,58,No,82825,Iron,24,0,27,Yes,N,0
SP,Roy Wilkinson,R,R,1,1,5,4,1,4,2,1,5,4,1,4,2,Normal,Pull,Pull,38,59,63,62,58,44,65,72,71,62,68,33,-,-,-,31,20,24,23,3,2,2,59,-,-,-,-,-,-,-,-,11,8,3,17,No,82779,Iron,12,0,13,Yes,N,0
