POS,Name,First Name,Last Name,ORG,HT,WT,B,T,VAL,CTM,CFR,CYear,CEra,ST,CID,Tier,Title,L10,VAR,VLvl,BABIP,GAP,POW,EYE,K's,BA vL,GAP vL,POW vL,EYE vL,K vL,BA vR,GAP vR,POW vR,EYE vR,K vR,BUN,BFH,BBT,GBT,FBT,STU,CON,PBABIP,HRA,STU vL,CON vL,PBABIP vL,HRA vL,STU vR,CON vR,PBABIP vR,HRA vR,FB,CH,CB,SL,SI,SP,CT,FO,CC,SC,KC,KN,PIT,G/F,VELO,Slot,PT,STM,HLD,C ABI,C FRM,C ARM,IF RNG,IF ERR,IF ARM,TDP,OF RNG,OF ERR,OF ARM,P,C,1B,2B,3B,SS,LF,CF,RF,P Pot,C Pot,1B Pot,2B Pot,3B Pot,SS Pot,LF Pot,CF Pot,RF Pot,SPE,SR,STE,RUN,G,GS,PA,AB,H,1B_1,2B_1,3B_1,HR,RBI,R,BB,IBB,HP,SH,SF,CI,K,GIDP,RC,WPA,wRC,wRAA,WAR,PI/PA,SB,CS,wSB,UBR,G_1,GS_1,W,L,HLD_1,SD,MD,IP,BF,AB_1,1B_2,2B_2,3B_2,HR_1,R_1,ER,BB_1,IBB_1,K_1,HP_1,SH_1,SF_1,WP,BK,CI_1,DP,GF,IR,IRS,pLi,PI,GB,FB_1,SB_1,CS_1,WPA_1,WAR_1,rWAR,SIERA,G_2,GS_2,TC,A,PO,E,DP_1,TP,RNG,ZR,EFF,SBA,RTO,IP_1,PB,CER,BIZ-R,BIZ-Rm,BIZ-L,BIZ-Lm,BIZ-E,BIZ-Em,BIZ-U,BIZ-Um,BIZ-Z,BIZ-Zm,FRM,ARM
SP,Grover Cleveland Alexander,Grover Cleveland,Alexander,Black Dog,6' 1',185 lbs,R,R,66,St. Louis Cardinals,STL,1927,1921-1945,PTCS,86477,Bronze,PTCS 5 - Veteran Presence  SP Grover Cleveland Alexander  STL  1927,0,N,0,71,63,10,59,48,138,88,10,49,81,38,49,10,61,26,57,6,Normal,Normal,Normal,39,172,135,92,30,155,123,53,46,186,145,121,-,62,64,-,68,-,-,-,-,43,-,-,4,NEU,85-87,3/4,Finesse,89,64,-,-,-,26,74,41,23,2,9,8,93,-,-,-,-,-,-,-,-,93,-,-,-,-,-,-,-,-,6,7,6,5,,,0,0,0,0,0,0,0,0,0,0,0,0,0,0,0,0,0,0.0,0.00,0,-0.0,0.0,0.00,0,0,0.0,0.0,3,3,0,1,0,0,0,19.1,88,78,16,3,1,4,12,12,7,0,4,0,0,3,0,0,0,1,0,0,0,0.93,296,24,28,0,0,-0.5,-0.2,0.1,6.37,3,3,4,4,0,0,0,0,1.86,0.5,1.462,0,0,19.1,0,0,4,4,0,0,0,0,0,0,0,0,0.0,0.0
SP,Grover Cleveland Alexander,Grover Cleveland,Alexander,Seoul Hannams,6' 1',185 lbs,R,R,66,St. Louis Cardinals,STL,1927,1921-1945,PTCS,86477,Bronze,PTCS 5 - Veteran Presence  SP Grover Cleveland Alexander  STL  1927,0,N,0,71,63,10,59,48,138,88,10,49,81,38,49,10,61,26,57,6,Normal,Normal,Normal,39,172,135,92,30,155,123,53,46,186,145,121,-,62,64,-,68,-,-,-,-,43,-,-,4,NEU,85-87,3/4,Finesse,89,64,-,-,-,26,74,41,23,2,9,8,93,-,-,-,-,-,-,-,-,93,-,-,-,-,-,-,-,-,6,7,6,5,,,0,0,0,0,0,0,0,0,0,0,0,0,0,0,0,0,0,0.0,0.00,0,-0.0,0.0,0.00,0,0,0.0,0.0,1,1,0,1,0,0,0,6.0,33,28,6,1,1,1,7,3,4,0,4,0,0,1,1,0,0,0,0,0,0,1.04,144,3,10,0,0,-0.2,-0.0,-0.2,5.55,1,1,0,0,0,0,0,0,0.00,0.0,.000,0,0,6.0,0,0,0,0,0,0,0,0,0,0,0,0,0.0,0.0
SP,Grover Cleveland Alexander,Grover Cleveland,Alexander,Newport News Dodgers_TTC,6' 1',185 lbs,R,R,66,St. Louis Cardinals,STL,1927,1921-1945,PTCS,86477,Bronze,PTCS 5 - Veteran Presence  SP Grover Cleveland Alexander  STL  1927,0,N,0,71,63,10,59,48,138,88,10,49,81,38,49,10,61,26,57,6,Normal,Normal,Normal,39,172,135,92,30,155,123,53,46,186,145,121,-,62,64,-,68,-,-,-,-,43,-,-,4,NEU,85-87,3/4,Finesse,89,64,-,-,-,26,74,41,23,2,9,8,93,-,-,-,-,-,-,-,-,93,-,-,-,-,-,-,-,-,6,7,6,5,,,0,0,0,0,0,0,0,0,0,0,0,0,0,0,0,0,0,0.0,0.00,0,-0.0,0.0,0.00,0,0,0.0,0.0,2,2,0,2,0,0,0,18.1,84,79,20,3,0,0,9,8,3,1,5,2,0,0,0,0,0,1,0,0,0,1.33,261,23,25,1,0,-0.5,0.5,0.3,5.60,2,2,3,1,2,0,0,0,1.47,-0.1,1.096,1,0,18.1,0,0,0,0,1,1,0,0,0,0,0,0,0.0,0.0
SP,Grover Cleveland Alexander,Grover Cleveland,Alexander,Deep 13 Mad Scientists,6' 1',185 lbs,R,R,66,St. Louis Cardinals,STL,1927,1921-1945,PTCS,86477,Bronze,PTCS 5 - Veteran Presence  SP Grover Cleveland Alexander  STL  1927,0,N,0,71,63,10,59,48,138,88,10,49,81,38,49,10,61,26,57,6,Normal,Normal,Normal,39,172,135,92,30,155,123,53,46,186,145,121,-,62,64,-,68,-,-,-,-,43,-,-,4,NEU,85-87,3/4,Finesse,89,64,-,-,-,26,74,41,23,2,9,8,93,-,-,-,-,-,-,-,-,93,-,-,-,-,-,-,-,-,6,7,6,5,,,0,0,0,0,0,0,0,0,0,0,0,0,0,0,0,0,0,0.0,0.00,0,-0.0,0.0,0.00,0,0,0.0,0.0,1,1,0,0,0,0,0,2.0,16,13,7,0,0,1,8,5,1,0,1,0,0,2,0,0,0,0,0,0,0,1.11,61,3,2,0,0,-0.6,-0.1,-0.4,5.76,1,1,0,0,0,0,0,0,0.00,0.0,.000,0,0,2.0,0,0,0,0,0,0,0,0,0,0,0,0,0.0,0.0
SP,Grover Cleveland Alexander,Grover Cleveland,Alexander,Jinzhou Speedster,6' 1',185 lbs,R,R,66,St. Louis Cardinals,STL,1927,1921-1945,PTCS,86477,Bronze,PTCS 5 - Veteran Presence  SP Grover Cleveland Alexander  STL  1927,0,N,0,71,63,10,59,48,138,88,10,49,81,38,49,10,61,26,57,6,Normal,Normal,Normal,39,172,135,92,30,155,123,53,46,186,145,121,-,62,64,-,68,-,-,-,-,43,-,-,4,NEU,85-87,3/4,Finesse,89,64,-,-,-,26,74,41,23,2,9,8,93,-,-,-,-,-,-,-,-,93,-,-,-,-,-,-,-,-,6,7,6,5,,,0,0,0,0,0,0,0,0,0,0,0,0,0,0,0,0,0,0.0,0.00,0,-0.0,0.0,0.00,0,0,0.0,0.0,2,2,1,1,0,0,0,17.2,74,69,14,4,0,1,7,4,3,0,4,0,2,0,0,0,0,1,0,0,0,0.82,241,24,23,1,0,0.3,0.3,0.5,5.69,2,2,2,2,0,0,0,0,1.02,-0.3,1.096,1,0,17.2,0,0,3,2,0,0,0,0,0,0,0,0,0.0,0.0
SP,Grover Cleveland Alexander,Grover Cleveland,Alexander,Ungentlemanly Fightin' Fellows TTC,6' 1',185 lbs,R,R,66,St. Louis Cardinals,STL,1927,1921-1945,PTCS,86477,Bronze,PTCS 5 - Veteran Presence  SP Grover Cleveland Alexander  STL  1927,0,N,0,71,63,10,59,48,138,88,10,49,81,38,49,10,61,26,57,6,Normal,Normal,Normal,39,172,135,92,30,155,123,53,46,186,145,121,-,62,64,-,68,-,-,-,-,43,-,-,4,NEU,85-87,3/4,Finesse,89,64,-,-,-,26,74,41,23,2,9,8,93,-,-,-,-,-,-,-,-,93,-,-,-,-,-,-,-,-,6,7,6,5,,,0,0,0,0,0,0,0,0,0,0,0,0,0,0,0,0,0,0.0,0.00,0,-0.0,0.0,0.00,0,0,0.0,0.0,1,1,0,1,0,0,0,8.1,36,34,2,2,1,4,6,6,0,0,3,2,0,0,0,0,0,0,0,0,0,0.54,128,9,13,0,0,-0.3,-0.3,-0.0,4.81,1,1,2,0,2,0,0,0,2.16,0.0,.000,0,0,8.1,0,0,1,1,0,0,0,0,0,0,0,0,-0.1,0.0
SP,Grover Cleveland Alexander,Grover Cleveland,Alexander,Allston Wolf Spiders,6' 1',185 lbs,R,R,66,St. Louis Cardinals,STL,1927,1921-1945,PTCS,86477,Bronze,PTCS 5 - Veteran Presence  SP Grover Cleveland Alexander  STL  1927,0,N,0,71,63,10,59,48,138,88,10,49,81,38,49,10,61,26,57,6,Normal,Normal,Normal,39,172,135,92,30,155,123,53,46,186,145,121,-,62,64,-,68,-,-,-,-,43,-,-,4,NEU,85-87,3/4,Finesse,89,64,-,-,-,26,74,41,23,2,9,8,93,-,-,-,-,-,-,-,-,93,-,-,-,-,-,-,-,-,6,7,6,5,,,0,0,0,0,0,0,0,0,0,0,0,0,0,0,0,0,0,0.0,0.00,0,-0.0,0.0,0.00,0,0,0.0,0.0,2,2,0,1,0,0,0,17.2,79,73,11,1,2,2,11,7,6,0,3,0,0,0,1,0,0,1,0,0,0,1.22,276,27,22,0,0,-0.7,0.0,0.1,6.29,2,2,2,2,0,0,0,0,1.02,0.1,1.096,0,0,17.2,0,0,1,1,1,1,0,0,0,0,0,0,-0.1,0.0
SP,Grover Cleveland Alexander,Grover Cleveland,Alexander,OKC Whirlwinds - PCK,6' 1',185 lbs,R,R,66,St. Louis Cardinals,STL,1927,1921-1945,PTCS,86477,Bronze,PTCS 5 - Veteran Presence  SP Grover Cleveland Alexander  STL  1927,0,N,0,71,63,10,59,48,138,88,10,49,81,38,49,10,61,26,57,6,Normal,Normal,Normal,39,172,135,92,30,155,123,53,46,186,145,121,-,62,64,-,68,-,-,-,-,43,-,-,4,NEU,85-87,3/4,Finesse,89,64,-,-,-,26,74,41,23,2,9,8,93,-,-,-,-,-,-,-,-,93,-,-,-,-,-,-,-,-,6,7,6,5,,,0,0,0,0,0,0,0,0,0,0,0,0,0,0,0,0,0,0.0,0.00,0,-0.0,0.0,0.00,0,0,0.0,0.0,2,0,0,1,0,0,1,5.0,20,19,2,1,1,0,2,2,1,0,3,0,0,0,0,0,0,0,2,0,0,1.18,72,3,9,0,0,-0.6,0.1,0.1,3.92,2,0,0,0,0,0,0,0,0.00,0.0,.000,0,0,5.0,0,0,0,0,0,0,0,0,0,0,0,0,-0.1,0.0
SP,Grover Cleveland Alexander,Grover Cleveland,Alexander,Beachcrest Blue Hornets,6' 1',185 lbs,R,R,66,St. Louis Cardinals,STL,1927,1921-1945,PTCS,86477,Bronze,PTCS 5 - Veteran Presence  SP Grover Cleveland Alexander  STL  1927,0,N,0,71,63,10,59,48,138,88,10,49,81,38,49,10,61,26,57,6,Normal,Normal,Normal,39,172,135,92,30,155,123,53,46,186,145,121,-,62,64,-,68,-,-,-,-,43,-,-,4,NEU,85-87,3/4,Finesse,89,64,-,-,-,26,74,41,23,2,9,8,93,-,-,-,-,-,-,-,-,93,-,-,-,-,-,-,-,-,6,7,6,5,,,0,0,0,0,0,0,0,0,0,0,0,0,0,0,0,0,0,0.0,0.00,0,-0.0,0.0,0.00,0,0,0.0,0.0,1,1,0,1,0,0,0,5.2,29,27,6,2,0,2,8,5,2,0,2,0,0,0,0,0,0,1,0,0,0,0.80,118,7,7,0,0,-0.3,-0.1,-0.3,5.80,1,1,1,1,0,0,0,0,1.59,0.1,1.096,0,0,5.2,0,0,0,0,1,1,0,0,0,0,0,0,0.0,0.0
SP,Grover Cleveland Alexander,Grover Cleveland,Alexander,HickoryHoller JayBirds,6' 1',185 lbs,R,R,66,St. Louis Cardinals,STL,1927,1921-1945,PTCS,86477,Bronze,PTCS 5 - Veteran Presence  SP Grover Cleveland Alexander  STL  1927,0,N,0,71,63,10,59,48,138,88,10,49,81,38,49,10,61,26,57,6,Normal,Normal,Normal,39,172,135,92,30,155,123,53,46,186,145,121,-,62,64,-,68,-,-,-,-,43,-,-,4,NEU,85-87,3/4,Finesse,89,64,-,-,-,26,74,41,23,2,9,8,93,-,-,-,-,-,-,-,-,93,-,-,-,-,-,-,-,-,6,7,6,5,,,0,0,0,0,0,0,0,0,0,0,0,0,0,0,0,0,0,0.0,0.00,0,-0.0,0.0,0.00,0,0,0.0,0.0,1,1,1,0,0,0,0,9.0,35,34,3,2,0,0,2,1,1,0,4,0,0,0,1,0,0,0,0,0,0,0.89,142,13,10,0,0,0.2,0.4,0.5,4.61,1,1,2,1,0,1,0,0,1.00,-0.4,.548,0,0,9.0,0,0,1,0,1,1,0,0,0,0,0,0,0.0,0.0
SP,Grover Cleveland Alexander,Grover Cleveland,Alexander,Breslau Binturings - HotL,6' 1',185 lbs,R,R,66,St. Louis Cardinals,STL,1927,1921-1945,PTCS,86477,Bronze,PTCS 5 - Veteran Presence  SP Grover Cleveland Alexander  STL  1927,0,N,0,71,63,10,59,48,138,88,10,49,81,38,49,10,61,26,57,6,Normal,Normal,Normal,39,172,135,92,30,155,123,53,46,186,145,121,-,62,64,-,68,-,-,-,-,43,-,-,4,NEU,85-87,3/4,Finesse,89,64,-,-,-,26,74,41,23,2,9,8,93,-,-,-,-,-,-,-,-,93,-,-,-,-,-,-,-,-,6,7,6,5,,,0,0,0,0,0,0,0,0,0,0,0,0,0,0,0,0,0,0.0,0.00,0,-0.0,0.0,0.00,0,0,0.0,0.0,3,3,1,1,0,0,0,18.1,81,80,16,5,0,4,13,12,1,0,7,0,0,0,1,0,0,0,0,0,0,1.11,279,26,21,0,0,-0.6,0.0,-0.1,4.84,3,3,3,3,0,0,0,0,1.47,0.2,1.096,0,0,18.1,0,0,2,2,1,1,0,0,0,0,0,0,0.0,0.0
SP,Grover Cleveland Alexander,Grover Cleveland,Alexander,London Majors,6' 1',185 lbs,R,R,66,St. Louis Cardinals,STL,1927,1921-1945,PTCS,86477,Bronze,PTCS 5 - Veteran Presence  SP Grover Cleveland Alexander  STL  1927,0,N,0,71,63,10,59,48,138,88,10,49,81,38,49,10,61,26,57,6,Normal,Normal,Normal,39,172,135,92,30,155,123,53,46,186,145,121,-,62,64,-,68,-,-,-,-,43,-,-,4,NEU,85-87,3/4,Finesse,89,64,-,-,-,26,74,41,23,2,9,8,93,-,-,-,-,-,-,-,-,93,-,-,-,-,-,-,-,-,6,7,6,5,,,0,0,0,0,0,0,0,0,0,0,0,0,0,0,0,0,0,0.0,0.00,0,-0.0,0.0,0.00,0,0,0.0,0.0,5,0,1,1,0,1,2,19.1,78,75,14,3,1,3,8,7,2,0,4,0,0,1,0,0,0,4,2,5,1,0.65,250,21,29,0,0,-0.5,-0.1,0.3,5.67,5,0,4,2,2,0,1,0,1.86,0.1,1.096,0,0,19.1,0,0,1,1,1,1,0,0,0,0,0,0,0.0,0.0
SP,Grover Cleveland Alexander,Grover Cleveland,Alexander,EVC's Let the Music Play Ball-TTC,6' 1',185 lbs,R,R,66,St. Louis Cardinals,STL,1927,1921-1945,PTCS,86477,Bronze,PTCS 5 - Veteran Presence  SP Grover Cleveland Alexander  STL  1927,0,N,0,71,63,10,59,48,138,88,10,49,81,38,49,10,61,26,57,6,Normal,Normal,Normal,39,172,135,92,30,155,123,53,46,186,145,121,-,62,64,-,68,-,-,-,-,43,-,-,4,NEU,85-87,3/4,Finesse,89,64,-,-,-,26,74,41,23,2,9,8,93,-,-,-,-,-,-,-,-,93,-,-,-,-,-,-,-,-,6,7,6,5,,,0,0,0,0,0,0,0,0,0,0,0,0,0,0,0,0,0,0.0,0.00,0,-0.0,0.0,0.00,0,0,0.0,0.0,3,3,2,1,0,0,0,26.0,100,93,11,3,2,2,8,8,5,2,9,1,0,1,0,0,0,1,0,0,0,0.83,341,24,43,0,0,0.5,0.5,1.0,5.24,3,3,7,3,4,0,1,0,2.42,0.5,1.462,0,0,26.0,0,0,5,5,0,0,0,0,0,0,0,0,0.0,0.0
SP,Grover Cleveland Alexander,Grover Cleveland,Alexander,Smyrna Stooges,6' 1',185 lbs,R,R,66,St. Louis Cardinals,STL,1927,1921-1945,PTCS,86477,Bronze,PTCS 5 - Veteran Presence  SP Grover Cleveland Alexander  STL  1927,0,N,0,71,63,10,59,48,138,88,10,49,81,38,49,10,61,26,57,6,Normal,Normal,Normal,39,172,135,92,30,155,123,53,46,186,145,121,-,62,64,-,68,-,-,-,-,43,-,-,4,NEU,85-87,3/4,Finesse,89,64,-,-,-,26,74,41,23,2,9,8,93,-,-,-,-,-,-,-,-,93,-,-,-,-,-,-,-,-,6,7,6,5,,,0,0,0,0,0,0,0,0,0,0,0,0,0,0,0,0,0,0.0,0.00,0,-0.0,0.0,0.00,0,0,0.0,0.0,1,1,0,1,0,0,0,8.0,31,30,1,1,1,3,3,3,1,0,6,0,0,0,0,0,0,0,0,0,0,0.48,106,7,11,0,0,-0.0,-0.1,0.2,3.41,1,1,2,0,2,0,0,0,2.25,0.0,.000,0,0,8.0,0,0,1,1,0,0,0,0,0,0,0,0,0.0,0.0
SP,Grover Cleveland Alexander,Grover Cleveland,Alexander,Gettysburg Iron Brigade,6' 1',185 lbs,R,R,66,St. Louis Cardinals,STL,1927,1921-1945,PTCS,86477,Bronze,PTCS 5 - Veteran Presence  SP Grover Cleveland Alexander  STL  1927,0,N,0,71,63,10,59,48,138,88,10,49,81,38,49,10,61,26,57,6,Normal,Normal,Normal,39,172,135,92,30,155,123,53,46,186,145,121,-,62,64,-,68,-,-,-,-,43,-,-,4,NEU,85-87,3/4,Finesse,89,64,-,-,-,26,74,41,23,2,9,8,93,-,-,-,-,-,-,-,-,93,-,-,-,-,-,-,-,-,6,7,6,5,,,0,0,0,0,0,0,0,0,0,0,0,0,0,0,0,0,0,0.0,0.00,0,-0.0,0.0,0.00,0,0,0.0,0.0,2,2,1,0,0,0,0,15.0,71,65,11,4,0,4,7,7,5,0,5,1,0,0,0,0,0,1,0,0,0,0.91,239,19,20,0,0,-0.1,-0.2,0.3,5.81,2,2,4,0,4,0,0,0,2.40,0.0,1.096,0,0,15.0,0,0,0,0,0,0,0,0,0,0,0,0,0.0,0.0
SP,Grover Cleveland Alexander,Grover Cleveland,Alexander,Ware Wolves2,6' 1',185 lbs,R,R,66,St. Louis Cardinals,STL,1927,1921-1945,PTCS,86477,Bronze,PTCS 5 - Veteran Presence  SP Grover Cleveland Alexander  STL  1927,0,N,0,71,63,10,59,48,138,88,10,49,81,38,49,10,61,26,57,6,Normal,Normal,Normal,39,172,135,92,30,155,123,53,46,186,145,121,-,62,64,-,68,-,-,-,-,43,-,-,4,NEU,85-87,3/4,Finesse,89,64,-,-,-,26,74,41,23,2,9,8,93,-,-,-,-,-,-,-,-,93,-,-,-,-,-,-,-,-,6,7,6,5,,,0,0,0,0,0,0,0,0,0,0,0,0,0,0,0,0,0,0.0,0.00,0,-0.0,0.0,0.00,0,0,0.0,0.0,6,6,2,2,0,0,0,44.2,185,179,31,7,2,6,21,20,3,0,25,1,0,2,0,0,0,2,0,0,0,0.85,692,43,63,0,1,-0.1,0.8,0.8,4.16,6,6,11,4,6,1,0,0,2.01,-0.0,1.096,1,1,44.2,0,0,5,3,3,2,0,0,0,0,0,0,0.1,0.0
SP,Grover Cleveland Alexander,Grover Cleveland,Alexander,Deadwood Punch and Judys TTC,6' 1',185 lbs,R,R,66,St. Louis Cardinals,STL,1927,1921-1945,PTCS,86477,Bronze,PTCS 5 - Veteran Presence  SP Grover Cleveland Alexander  STL  1927,0,N,0,71,63,10,59,48,138,88,10,49,81,38,49,10,61,26,57,6,Normal,Normal,Normal,39,172,135,92,30,155,123,53,46,186,145,121,-,62,64,-,68,-,-,-,-,43,-,-,4,NEU,85-87,3/4,Finesse,89,64,-,-,-,26,74,41,23,2,9,8,93,-,-,-,-,-,-,-,-,93,-,-,-,-,-,-,-,-,6,7,6,5,,,0,0,0,0,0,0,0,0,0,0,0,0,0,0,0,0,0,0.0,0.00,0,-0.0,0.0,0.00,0,0,0.0,0.0,6,6,3,3,0,0,0,49.1,196,188,36,4,2,2,17,17,8,1,22,0,0,0,3,0,0,5,0,0,0,0.96,719,68,53,0,0,0.3,1.4,1.6,4.77,6,6,13,8,5,0,1,0,2.37,0.6,1.096,0,0,49.1,0,0,6,6,1,1,1,1,0,0,0,0,0.0,0.0
SP,Grover Cleveland Alexander,Grover Cleveland,Alexander,Madison Moundsmen,6' 1',185 lbs,R,R,66,St. Louis Cardinals,STL,1927,1921-1945,PTCS,86477,Bronze,PTCS 5 - Veteran Presence  SP Grover Cleveland Alexander  STL  1927,0,N,0,71,63,10,59,48,138,88,10,49,81,38,49,10,61,26,57,6,Normal,Normal,Normal,39,172,135,92,30,155,123,53,46,186,145,121,-,62,64,-,68,-,-,-,-,43,-,-,4,NEU,85-87,3/4,Finesse,89,64,-,-,-,26,74,41,23,2,9,8,93,-,-,-,-,-,-,-,-,93,-,-,-,-,-,-,-,-,6,7,6,5,,,0,0,0,0,0,0,0,0,0,0,0,0,0,0,0,0,0,0.0,0.00,0,-0.0,0.0,0.00,0,0,0.0,0.0,3,3,0,1,0,0,0,16.1,83,81,16,5,1,9,23,22,1,0,8,1,0,0,1,0,0,0,0,0,0,0.89,297,22,18,0,1,-1.6,-0.7,-0.9,4.69,3,3,9,5,4,0,0,0,4.96,0.7,1.096,1,1,16.1,0,0,5,5,2,2,0,0,0,0,0,0,0.0,0.0
SP,Grover Cleveland Alexander,Grover Cleveland,Alexander,Groundball Defenders,6' 1',185 lbs,R,R,66,St. Louis Cardinals,STL,1927,1921-1945,PTCS,86477,Bronze,PTCS 5 - Veteran Presence  SP Grover Cleveland Alexander  STL  1927,0,N,0,71,63,10,59,48,138,88,10,49,81,38,49,10,61,26,57,6,Normal,Normal,Normal,39,172,135,92,30,155,123,53,46,186,145,121,-,62,64,-,68,-,-,-,-,43,-,-,4,NEU,85-87,3/4,Finesse,89,64,-,-,-,26,74,41,23,2,9,8,93,-,-,-,-,-,-,-,-,93,-,-,-,-,-,-,-,-,6,7,6,5,,,0,0,0,0,0,0,0,0,0,0,0,0,0,0,0,0,0,0.0,0.00,0,-0.0,0.0,0.00,0,0,0.0,0.0,3,3,2,1,0,0,0,24.0,100,95,18,1,0,6,11,8,5,0,9,0,0,0,0,0,0,1,0,0,0,0.96,331,32,26,0,2,0.3,-0.2,0.5,5.20,3,3,7,3,3,1,0,0,2.25,0.0,.548,2,2,24.0,0,0,2,1,2,1,0,0,0,0,0,0,0.0,0.0
SP,Grover Cleveland Alexander,Grover Cleveland,Alexander,Altamonte Ryno's,6' 1',185 lbs,R,R,66,St. Louis Cardinals,STL,1927,1921-1945,PTCS,86477,Bronze,PTCS 5 - Veteran Presence  SP Grover Cleveland Alexander  STL  1927,0,N,0,71,63,10,59,48,138,88,10,49,81,38,49,10,61,26,57,6,Normal,Normal,Normal,39,172,135,92,30,155,123,53,46,186,145,121,-,62,64,-,68,-,-,-,-,43,-,-,4,NEU,85-87,3/4,Finesse,89,64,-,-,-,26,74,41,23,2,9,8,93,-,-,-,-,-,-,-,-,93,-,-,-,-,-,-,-,-,6,7,6,5,,,0,0,0,0,0,0,0,0,0,0,0,0,0,0,0,0,0,0.0,0.00,0,-0.0,0.0,0.00,0,0,0.0,0.0,2,2,1,1,0,0,0,18.0,73,70,14,1,0,4,8,8,1,0,5,0,2,0,0,0,0,2,0,0,0,0.99,227,24,23,0,0,-0.1,-0.0,0.4,5.16,2,2,4,3,1,0,0,0,2.00,0.2,1.096,0,0,18.0,0,0,4,4,0,0,0,0,0,0,0,0,0.0,0.0
SP,Grover Cleveland Alexander,Grover Cleveland,Alexander,White Rabbitt,6' 1',185 lbs,R,R,66,St. Louis Cardinals,STL,1927,1921-1945,PTCS,86477,Bronze,PTCS 5 - Veteran Presence  SP Grover Cleveland Alexander  STL  1927,0,N,0,71,63,10,59,48,138,88,10,49,81,38,49,10,61,26,57,6,Normal,Normal,Normal,39,172,135,92,30,155,123,53,46,186,145,121,-,62,64,-,68,-,-,-,-,43,-,-,4,NEU,85-87,3/4,Finesse,89,64,-,-,-,26,74,41,23,2,9,8,93,-,-,-,-,-,-,-,-,93,-,-,-,-,-,-,-,-,6,7,6,5,,,0,0,0,0,0,0,0,0,0,0,0,0,0,0,0,0,0,0.0,0.00,0,-0.0,0.0,0.00,0,0,0.0,0.0,6,6,2,3,0,0,0,44.0,193,184,37,7,1,9,32,29,9,0,24,0,0,0,2,0,0,3,0,0,0,1.00,671,50,54,0,1,-1.3,0.1,-0.2,4.70,6,6,11,6,5,0,0,0,2.25,0.8,1.096,1,1,44.0,0,0,3,3,4,4,0,0,0,0,0,0,0.0,0.0
SP,Grover Cleveland Alexander,Grover Cleveland,Alexander,Ethiopia Pink Elephants,6' 1',185 lbs,R,R,66,St. Louis Cardinals,STL,1927,1921-1945,PTCS,86477,Bronze,PTCS 5 - Veteran Presence  SP Grover Cleveland Alexander  STL  1927,0,N,0,71,63,10,59,48,138,88,10,49,81,38,49,10,61,26,57,6,Normal,Normal,Normal,39,172,135,92,30,155,123,53,46,186,145,121,-,62,64,-,68,-,-,-,-,43,-,-,4,NEU,85-87,3/4,Finesse,89,64,-,-,-,26,74,41,23,2,9,8,93,-,-,-,-,-,-,-,-,93,-,-,-,-,-,-,-,-,6,7,6,5,,,0,0,0,0,0,0,0,0,0,0,0,0,0,0,0,0,0,0.0,0.00,0,-0.0,0.0,0.00,0,0,0.0,0.0,2,2,0,2,0,0,0,11.1,51,48,8,3,2,3,9,9,1,0,2,0,1,1,1,0,0,0,0,0,0,0.89,179,16,16,0,0,-0.5,-0.1,-0.1,5.71,2,2,2,1,1,0,0,0,1.59,0.1,1.096,0,0,11.1,0,0,1,1,0,0,0,0,0,0,0,0,0.0,0.0
SP,Grover Cleveland Alexander,Grover Cleveland,Alexander,Hancocks and Sidekicks TTC,6' 1',185 lbs,R,R,66,St. Louis Cardinals,STL,1927,1921-1945,PTCS,86477,Bronze,PTCS 5 - Veteran Presence  SP Grover Cleveland Alexander  STL  1927,0,N,0,71,63,10,59,48,138,88,10,49,81,38,49,10,61,26,57,6,Normal,Normal,Normal,39,172,135,92,30,155,123,53,46,186,145,121,-,62,64,-,68,-,-,-,-,43,-,-,4,NEU,85-87,3/4,Finesse,89,64,-,-,-,26,74,41,23,2,9,8,93,-,-,-,-,-,-,-,-,93,-,-,-,-,-,-,-,-,6,7,6,5,,,0,0,0,0,0,0,0,0,0,0,0,0,0,0,0,0,0,0.0,0.00,0,-0.0,0.0,0.00,0,0,0.0,0.0,10,10,7,2,0,0,0,86.1,345,322,52,7,1,9,22,21,19,0,30,0,1,3,2,0,0,7,0,0,0,1.00,1250,106,115,0,0,2.7,1.0,3.9,5.38,10,10,20,6,13,1,0,0,1.98,0.0,.914,0,0,86.1,0,0,7,6,2,2,0,0,0,0,0,0,-0.3,0.0
SP,Grover Cleveland Alexander,Grover Cleveland,Alexander,New Platson Grand Petites HotL,6' 1',185 lbs,R,R,66,St. Louis Cardinals,STL,1927,1921-1945,PTCS,86477,Bronze,PTCS 5 - Veteran Presence  SP Grover Cleveland Alexander  STL  1927,0,N,0,71,63,10,59,48,138,88,10,49,81,38,49,10,61,26,57,6,Normal,Normal,Normal,39,172,135,92,30,155,123,53,46,186,145,121,-,62,64,-,68,-,-,-,-,43,-,-,4,NEU,85-87,3/4,Finesse,89,64,-,-,-,26,74,41,23,2,9,8,93,-,-,-,-,-,-,-,-,93,-,-,-,-,-,-,-,-,6,7,6,5,,,0,0,0,0,0,0,0,0,0,0,0,0,0,0,0,0,0,0.0,0.00,0,-0.0,0.0,0.00,0,0,0.0,0.0,2,0,0,0,0,1,1,2.1,10,10,3,0,0,0,0,0,0,0,0,0,0,0,0,0,0,0,2,1,1,0.81,35,6,1,0,0,-0.2,0.0,0.1,6.88,2,0,1,0,1,0,0,0,3.86,0.0,.000,0,0,2.1,0,0,0,0,0,0,0,0,0,0,0,0,0.0,0.0
SP,Grover Cleveland Alexander,Grover Cleveland,Alexander,Energy Efficiency,6' 1',185 lbs,R,R,66,St. Louis Cardinals,STL,1927,1921-1945,PTCS,86477,Bronze,PTCS 5 - Veteran Presence  SP Grover Cleveland Alexander  STL  1927,0,N,0,71,63,10,59,48,138,88,10,49,81,38,49,10,61,26,57,6,Normal,Normal,Normal,39,172,135,92,30,155,123,53,46,186,145,121,-,62,64,-,68,-,-,-,-,43,-,-,4,NEU,85-87,3/4,Finesse,89,64,-,-,-,26,74,41,23,2,9,8,93,-,-,-,-,-,-,-,-,93,-,-,-,-,-,-,-,-,6,7,6,5,,,0,0,0,0,0,0,0,0,0,0,0,0,0,0,0,0,0,0.0,0.00,0,-0.0,0.0,0.00,0,0,0.0,0.0,2,2,1,1,0,0,0,18.0,63,60,7,1,0,1,3,3,3,0,4,0,0,0,1,0,0,3,0,0,0,0.76,202,23,24,0,0,0.4,0.3,1.1,5.66,2,2,4,1,3,0,0,0,2.00,0.1,1.096,0,0,18.0,0,0,1,1,0,0,0,0,0,0,0,0,-0.1,0.0
SP,Grover Cleveland Alexander,Grover Cleveland,Alexander,The Spacehog,6' 1',185 lbs,R,R,66,St. Louis Cardinals,STL,1927,1921-1945,PTCS,86477,Bronze,PTCS 5 - Veteran Presence  SP Grover Cleveland Alexander  STL  1927,0,N,0,71,63,10,59,48,138,88,10,49,81,38,49,10,61,26,57,6,Normal,Normal,Normal,39,172,135,92,30,155,123,53,46,186,145,121,-,62,64,-,68,-,-,-,-,43,-,-,4,NEU,85-87,3/4,Finesse,89,64,-,-,-,26,74,41,23,2,9,8,93,-,-,-,-,-,-,-,-,93,-,-,-,-,-,-,-,-,6,7,6,5,,,0,0,0,0,0,0,0,0,0,0,0,0,0,0,0,0,0,0.0,0.00,0,-0.0,0.0,0.00,0,0,0.0,0.0,1,1,0,1,0,0,0,8.0,36,31,7,2,1,0,5,5,1,0,3,1,2,1,0,0,0,0,0,0,0,0.52,120,12,9,0,0,-0.1,0.2,0.0,5.05,1,1,1,1,0,0,0,0,1.12,0.1,1.096,0,0,8.0,0,0,1,1,0,0,0,0,0,0,0,0,0.0,0.0
SP,Grover Cleveland Alexander,Grover Cleveland,Alexander,BAGgin' Dingers TTC,6' 1',185 lbs,R,R,66,St. Louis Cardinals,STL,1927,1921-1945,PTCS,86477,Bronze,PTCS 5 - Veteran Presence  SP Grover Cleveland Alexander  STL  1927,0,N,0,71,63,10,59,48,138,88,10,49,81,38,49,10,61,26,57,6,Normal,Normal,Normal,39,172,135,92,30,155,123,53,46,186,145,121,-,62,64,-,68,-,-,-,-,43,-,-,4,NEU,85-87,3/4,Finesse,89,64,-,-,-,26,74,41,23,2,9,8,93,-,-,-,-,-,-,-,-,93,-,-,-,-,-,-,-,-,6,7,6,5,,,0,0,0,0,0,0,0,0,0,0,0,0,0,0,0,0,0,0.0,0.00,0,-0.0,0.0,0.00,0,0,0.0,0.0,3,0,0,0,0,2,0,3.1,11,11,1,0,1,0,0,0,0,0,0,0,0,0,0,0,0,1,3,2,1,2.05,23,3,6,0,0,0.3,0.1,0.3,6.16,3,0,0,0,0,0,0,0,0.00,0.0,.000,0,0,3.1,0,0,0,0,0,0,0,0,0,0,0,0,0.0,0.0
SP,Grover Cleveland Alexander,Grover Cleveland,Alexander,Canterbury Tails,6' 1',185 lbs,R,R,66,St. Louis Cardinals,STL,1927,1921-1945,PTCS,86477,Bronze,PTCS 5 - Veteran Presence  SP Grover Cleveland Alexander  STL  1927,0,N,0,71,63,10,59,48,138,88,10,49,81,38,49,10,61,26,57,6,Normal,Normal,Normal,39,172,135,92,30,155,123,53,46,186,145,121,-,62,64,-,68,-,-,-,-,43,-,-,4,NEU,85-87,3/4,Finesse,89,64,-,-,-,26,74,41,23,2,9,8,93,-,-,-,-,-,-,-,-,93,-,-,-,-,-,-,-,-,6,7,6,5,,,0,0,0,0,0,0,0,0,0,0,0,0,0,0,0,0,0,0.0,0.00,0,-0.0,0.0,0.00,0,0,0.0,0.0,3,3,1,2,0,0,0,24.2,98,94,15,1,2,3,10,10,2,0,7,0,1,1,0,0,0,0,0,0,0,1.27,344,33,35,0,0,0.6,0.3,0.6,5.23,3,3,6,4,2,0,0,0,2.19,0.3,1.096,0,0,24.2,0,0,2,2,2,2,0,0,0,0,0,0,0.0,0.0
SP,Grover Cleveland Alexander,Grover Cleveland,Alexander,Out of Left Field,6' 1',185 lbs,R,R,66,St. Louis Cardinals,STL,1927,1921-1945,PTCS,86477,Bronze,PTCS 5 - Veteran Presence  SP Grover Cleveland Alexander  STL  1927,0,N,0,71,63,10,59,48,138,88,10,49,81,38,49,10,61,26,57,6,Normal,Normal,Normal,39,172,135,92,30,155,123,53,46,186,145,121,-,62,64,-,68,-,-,-,-,43,-,-,4,NEU,85-87,3/4,Finesse,89,64,-,-,-,26,74,41,23,2,9,8,93,-,-,-,-,-,-,-,-,93,-,-,-,-,-,-,-,-,6,7,6,5,,,0,0,0,0,0,0,0,0,0,0,0,0,0,0,0,0,0,0.0,0.00,0,-0.0,0.0,0.00,0,0,0.0,0.0,7,7,6,1,0,0,0,60.2,239,227,35,6,2,5,21,19,10,0,18,0,1,1,1,0,0,3,0,0,0,1.16,837,83,77,0,0,1.5,1.0,2.0,5.36,7,7,14,5,9,0,0,0,2.08,0.2,1.096,0,0,60.2,0,0,5,5,2,1,0,0,0,0,0,0,-0.1,0.0
SP,Grover Cleveland Alexander,Grover Cleveland,Alexander,Narragansett Wave,6' 1',185 lbs,R,R,66,St. Louis Cardinals,STL,1927,1921-1945,PTCS,86477,Bronze,PTCS 5 - Veteran Presence  SP Grover Cleveland Alexander  STL  1927,0,N,0,71,63,10,59,48,138,88,10,49,81,38,49,10,61,26,57,6,Normal,Normal,Normal,39,172,135,92,30,155,123,53,46,186,145,121,-,62,64,-,68,-,-,-,-,43,-,-,4,NEU,85-87,3/4,Finesse,89,64,-,-,-,26,74,41,23,2,9,8,93,-,-,-,-,-,-,-,-,93,-,-,-,-,-,-,-,-,6,7,6,5,,,0,0,0,0,0,0,0,0,0,0,0,0,0,0,0,0,0,0.0,0.00,0,-0.0,0.0,0.00,0,0,0.0,0.0,1,1,0,1,0,0,0,8.0,33,31,6,1,0,1,4,4,0,0,2,1,0,1,0,0,0,0,0,0,0,1.04,119,11,11,0,0,-0.1,0.1,0.1,5.14,1,1,3,1,2,0,0,0,3.38,0.1,1.096,0,0,8.0,0,0,1,1,0,0,0,0,0,0,0,0,0.0,0.0
SP,Grover Cleveland Alexander,Grover Cleveland,Alexander,Michigan Black Bears,6' 1',185 lbs,R,R,66,St. Louis Cardinals,STL,1927,1921-1945,PTCS,86477,Bronze,PTCS 5 - Veteran Presence  SP Grover Cleveland Alexander  STL  1927,0,N,0,71,63,10,59,48,138,88,10,49,81,38,49,10,61,26,57,6,Normal,Normal,Normal,39,172,135,92,30,155,123,53,46,186,145,121,-,62,64,-,68,-,-,-,-,43,-,-,4,NEU,85-87,3/4,Finesse,89,64,-,-,-,26,74,41,23,2,9,8,93,-,-,-,-,-,-,-,-,93,-,-,-,-,-,-,-,-,6,7,6,5,,,0,0,0,0,0,0,0,0,0,0,0,0,0,0,0,0,0,0.0,0.00,0,-0.0,0.0,0.00,0,0,0.0,0.0,4,4,2,2,0,0,0,34.0,146,134,23,8,0,3,20,19,8,1,13,1,1,2,3,0,0,1,0,0,0,0.94,518,45,43,0,0,-0.3,0.5,0.2,5.30,4,4,7,2,5,0,0,0,1.85,0.4,2.193,0,0,34.0,0,0,2,2,0,0,0,0,0,0,0,0,-0.1,0.0
SP,Johnny Antonelli,Johnny,Antonelli,Deep 13 Mad Scientists,6' 0',190 lbs,L,L,67,New York Giants,SFG,1954,1946-1960,,85869,Bronze,T4 Ep. 3 - Historical All-Star  SP Johnny Antonelli  NY1  1954,0,N,0,16,19,41,35,23,9,11,30,41,13,19,22,45,34,27,53,5,Normal,Normal,Normal,91,69,123,70,130,55,104,42,81,73,130,78,96,-,111,75,-,-,-,-,-,92,-,-,4,NEU,88-90,3/4,Normal,79,71,-,-,-,34,20,25,21,9,3,9,63,-,-,-,-,-,-,-,-,63,-,-,-,-,-,-,-,-,10,5,6,15,,,0,0,0,0,0,0,0,0,0,0,0,0,0,0,0,0,0,0.0,0.00,0,-0.0,0.0,0.00,0,0,0.0,0.0,2,2,0,2,0,0,0,15.0,62,56,8,1,1,2,8,5,2,0,13,0,3,1,0,0,0,1,0,0,0,0.82,232,14,17,0,0,-0.2,0.4,0.2,3.27,2,2,5,2,3,0,0,0,3.00,0.2,1.096,0,0,15.0,0,0,4,4,0,0,0,0,0,0,0,0,0.0,0.0
SP,Johnny Antonelli,Johnny,Antonelli,Jinzhou Speedster,6' 0',190 lbs,L,L,67,New York Giants,SFG,1954,1946-1960,,85869,Bronze,T4 Ep. 3 - Historical All-Star  SP Johnny Antonelli  NY1  1954,0,N,0,16,19,41,35,23,9,11,30,41,13,19,22,45,34,27,53,5,Normal,Normal,Normal,91,69,123,70,130,55,104,42,81,73,130,78,96,-,111,75,-,-,-,-,-,92,-,-,4,NEU,88-90,3/4,Normal,79,71,-,-,-,34,20,25,21,9,3,9,63,-,-,-,-,-,-,-,-,63,-,-,-,-,-,-,-,-,10,5,6,15,,,0,0,0,0,0,0,0,0,0,0,0,0,0,0,0,0,0,0.0,0.00,0,-0.0,0.0,0.00,0,0,0.0,0.0,1,0,0,0,0,0,0,1.0,3,3,0,0,0,0,0,0,0,0,1,0,0,0,1,0,0,0,1,1,1,0.57,7,1,1,0,0,-0.0,0.0,0.1,1.33,1,0,0,0,0,0,0,0,0.00,0.0,.000,0,0,1.0,0,0,0,0,0,0,0,0,0,0,0,0,0.0,0.0
SP,Johnny Antonelli,Johnny,Antonelli,Louisville Haymakers,6' 0',190 lbs,L,L,67,New York Giants,SFG,1954,1946-1960,,85869,Bronze,T4 Ep. 3 - Historical All-Star  SP Johnny Antonelli  NY1  1954,0,N,0,16,19,41,35,23,9,11,30,41,13,19,22,45,34,27,53,5,Normal,Normal,Normal,91,69,123,70,130,55,104,42,81,73,130,78,96,-,111,75,-,-,-,-,-,92,-,-,4,NEU,88-90,3/4,Normal,79,71,-,-,-,34,20,25,21,9,3,9,63,-,-,-,-,-,-,-,-,63,-,-,-,-,-,-,-,-,10,5,6,15,,,0,0,0,0,0,0,0,0,0,0,0,0,0,0,0,0,0,0.0,0.00,0,-0.0,0.0,0.00,0,0,0.0,0.0,2,2,1,0,0,0,0,13.0,62,52,11,2,1,0,9,5,8,0,14,0,1,1,1,0,0,0,0,0,0,1.05,251,4,21,0,0,-0.5,0.5,-0.0,3.74,2,2,3,1,2,0,0,0,2.08,0.0,1.096,0,0,13.0,0,0,3,3,0,0,1,0,0,0,0,0,0.0,0.0
SP,Johnny Antonelli,Johnny,Antonelli,Breslau Binturings - HotL,6' 0',190 lbs,L,L,67,New York Giants,SFG,1954,1946-1960,,85869,Bronze,T4 Ep. 3 - Historical All-Star  SP Johnny Antonelli  NY1  1954,0,Y,5,19,22,46,39,26,12,14,34,46,16,22,25,50,38,31,53,5,Normal,Normal,Normal,99,75,133,76,140,60,113,47,88,80,140,85,96,-,111,75,-,-,-,-,-,92,-,-,4,NEU,88-90,3/4,Normal,79,71,-,-,-,34,20,25,21,9,3,9,68,-,-,-,-,-,-,-,-,68,-,-,-,-,-,-,-,-,10,5,6,15,,,0,0,0,0,0,0,0,0,0,0,0,0,0,0,0,0,0,0.0,0.00,0,-0.0,0.0,0.00,0,0,0.0,0.0,2,2,0,0,0,0,0,10.2,54,44,8,2,0,2,9,7,7,0,9,0,2,1,0,0,0,0,0,0,0,0.86,215,9,14,0,0,-0.5,-0.0,-0.2,5.03,2,2,3,2,1,0,0,0,2.53,0.4,1.644,0,0,10.2,0,0,3,3,0,0,0,0,0,0,0,0,0.0,0.0
SP,Johnny Antonelli,Johnny,Antonelli,London Majors,6' 0',190 lbs,L,L,67,New York Giants,SFG,1954,1946-1960,,85869,Bronze,T4 Ep. 3 - Historical All-Star  SP Johnny Antonelli  NY1  1954,0,N,0,16,19,41,35,23,9,11,30,41,13,19,22,45,34,27,53,5,Normal,Normal,Normal,91,69,123,70,130,55,104,42,81,73,130,78,96,-,111,75,-,-,-,-,-,92,-,-,4,NEU,88-90,3/4,Normal,79,71,-,-,-,34,20,25,21,9,3,9,63,-,-,-,-,-,-,-,-,63,-,-,-,-,-,-,-,-,10,5,6,15,,,0,0,0,0,0,0,0,0,0,0,0,0,0,0,0,0,0,0.0,0.00,0,-0.0,0.0,0.00,0,0,0.0,0.0,4,4,1,2,0,0,0,30.1,135,122,21,5,0,3,18,12,8,1,21,0,3,2,1,0,0,2,0,0,0,1.12,477,35,34,0,0,-0.3,0.7,0.2,4.36,4,4,7,3,3,1,1,0,1.78,-0.2,.822,0,0,30.1,0,0,5,4,0,0,0,0,0,0,0,0,-0.1,0.0
SP,Johnny Antonelli,Johnny,Antonelli,Ware Wolves2,6' 0',190 lbs,L,L,67,New York Giants,SFG,1954,1946-1960,,85869,Bronze,T4 Ep. 3 - Historical All-Star  SP Johnny Antonelli  NY1  1954,0,N,0,16,19,41,35,23,9,11,30,41,13,19,22,45,34,27,53,5,Normal,Normal,Normal,91,69,123,70,130,55,104,42,81,73,130,78,96,-,111,75,-,-,-,-,-,92,-,-,4,NEU,88-90,3/4,Normal,79,71,-,-,-,34,20,25,21,9,3,9,63,-,-,-,-,-,-,-,-,63,-,-,-,-,-,-,-,-,10,5,6,15,,,0,0,0,0,0,0,0,0,0,0,0,0,0,0,0,0,0,0.0,0.00,0,-0.0,0.0,0.00,0,0,0.0,0.0,6,0,2,0,0,3,1,8.2,38,32,3,0,0,3,5,5,5,0,7,1,0,0,0,0,0,0,4,3,1,1.89,160,10,9,0,0,0.3,-0.5,-0.0,4.77,6,0,2,1,1,0,0,0,2.08,0.1,1.096,0,0,8.2,0,0,1,1,0,0,0,0,0,0,0,0,0.0,0.0
SP,Johnny Antonelli,Johnny,Antonelli,Kansas City Torrent - JW,6' 0',190 lbs,L,L,67,New York Giants,SFG,1954,1946-1960,,85869,Bronze,T4 Ep. 3 - Historical All-Star  SP Johnny Antonelli  NY1  1954,50,N,0,16,19,41,35,23,9,11,30,41,13,19,22,45,34,27,53,5,Normal,Normal,Normal,91,69,123,70,130,55,104,42,81,73,130,78,96,-,111,75,-,-,-,-,-,92,-,-,4,NEU,88-90,3/4,Normal,79,71,-,-,-,34,20,25,21,9,3,9,63,-,-,-,-,-,-,-,-,63,-,-,-,-,-,-,-,-,10,5,6,15,,,0,0,0,0,0,0,0,0,0,0,0,0,0,0,0,0,0,0.0,0.00,0,-0.0,0.0,0.00,0,0,0.0,0.0,2,0,0,1,0,0,1,0.1,3,2,1,0,0,0,1,1,1,0,0,0,0,0,0,0,0,0,2,3,1,3.00,16,1,0,0,0,-0.6,-0.1,-0.2,9.50,1,0,0,0,0,0,0,0,0.00,0.0,.000,0,0,0.1,0,0,0,0,0,0,0,0,0,0,0,0,0.0,0.0
SP,Johnny Antonelli,Johnny,Antonelli,PNW Wild Stallions,6' 0',190 lbs,L,L,67,New York Giants,SFG,1954,1946-1960,,85869,Bronze,T4 Ep. 3 - Historical All-Star  SP Johnny Antonelli  NY1  1954,0,N,0,16,19,41,35,23,9,11,30,41,13,19,22,45,34,27,53,5,Normal,Normal,Normal,91,69,123,70,130,55,104,42,81,73,130,78,96,-,111,75,-,-,-,-,-,92,-,-,4,NEU,88-90,3/4,Normal,79,71,-,-,-,34,20,25,21,9,3,9,63,-,-,-,-,-,-,-,-,63,-,-,-,-,-,-,-,-,10,5,6,15,,,0,0,0,0,0,0,0,0,0,0,0,0,0,0,0,0,0,0.0,0.00,0,-0.0,0.0,0.00,0,0,0.0,0.0,2,2,0,1,0,0,0,15.2,71,58,9,2,1,2,8,5,9,1,9,0,3,1,1,0,0,1,0,0,0,1.24,264,15,22,0,0,0.0,0.1,0.2,5.62,2,2,4,3,1,0,0,0,2.30,-0.0,.822,0,0,15.2,0,0,4,4,0,0,0,0,0,0,0,0,0.0,0.0
SP,Johnny Antonelli,Johnny,Antonelli,Ethiopia Pink Elephants,6' 0',190 lbs,L,L,67,New York Giants,SFG,1954,1946-1960,,85869,Bronze,T4 Ep. 3 - Historical All-Star  SP Johnny Antonelli  NY1  1954,0,N,0,16,19,41,35,23,9,11,30,41,13,19,22,45,34,27,53,5,Normal,Normal,Normal,91,69,123,70,130,55,104,42,81,73,130,78,96,-,111,75,-,-,-,-,-,92,-,-,4,NEU,88-90,3/4,Normal,79,71,-,-,-,34,20,25,21,9,3,9,63,-,-,-,-,-,-,-,-,63,-,-,-,-,-,-,-,-,10,5,6,15,,,0,0,0,0,0,0,0,0,0,0,0,0,0,0,0,0,0,0.0,0.00,0,-0.0,0.0,0.00,0,0,0.0,0.0,4,0,1,0,0,1,2,5.0,22,19,2,0,0,1,1,1,2,0,4,1,0,0,0,0,0,0,2,5,1,1.77,88,6,5,0,0,-0.1,-0.1,0.2,4.34,4,0,2,1,1,0,0,0,3.60,0.1,1.096,0,0,5.0,0,0,1,1,0,0,0,0,0,0,0,0,0.0,0.0
SP,Johnny Antonelli,Johnny,Antonelli,New Platson Grand Petites HotL,6' 0',190 lbs,L,L,67,New York Giants,SFG,1954,1946-1960,,85869,Bronze,T4 Ep. 3 - Historical All-Star  SP Johnny Antonelli  NY1  1954,0,Y,5,19,22,46,39,26,12,14,34,46,16,22,25,50,38,31,53,5,Normal,Normal,Normal,99,75,133,76,140,60,113,47,88,80,140,85,96,-,111,75,-,-,-,-,-,92,-,-,4,NEU,88-90,3/4,Normal,79,71,-,-,-,34,20,25,21,9,3,9,68,-,-,-,-,-,-,-,-,68,-,-,-,-,-,-,-,-,10,5,6,15,,,0,0,0,0,0,0,0,0,0,0,0,0,0,0,0,0,0,0.0,0.00,0,-0.0,0.0,0.00,0,0,0.0,0.0,1,0,1,0,0,0,1,1.2,7,7,1,0,1,0,1,1,0,0,1,0,0,0,0,0,0,0,1,0,0,2.41,28,1,3,0,0,-0.1,0.1,-0.0,3.45,1,0,0,0,0,0,0,0,0.00,0.0,.000,0,0,1.2,0,0,0,0,0,0,0,0,0,0,0,0,0.0,0.0
SP,Johnny Antonelli,Johnny,Antonelli,The Spacehog,6' 0',190 lbs,L,L,67,New York Giants,SFG,1954,1946-1960,,85869,Bronze,T4 Ep. 3 - Historical All-Star  SP Johnny Antonelli  NY1  1954,0,Y,5,19,22,46,39,26,12,14,34,46,16,22,25,50,38,31,53,5,Normal,Normal,Normal,99,75,133,76,140,60,113,47,88,80,140,85,96,-,111,75,-,-,-,-,-,92,-,-,4,NEU,88-90,3/4,Normal,79,71,-,-,-,34,20,25,21,9,3,9,68,-,-,-,-,-,-,-,-,68,-,-,-,-,-,-,-,-,10,5,6,15,,,0,0,0,0,0,0,0,0,0,0,0,0,0,0,0,0,0,0.0,0.00,0,-0.0,0.0,0.00,0,0,0.0,0.0,2,0,0,0,0,0,0,1.2,5,5,0,0,0,0,0,0,0,0,2,0,0,0,0,0,0,0,2,2,0,0.28,20,1,2,0,0,0.0,0.1,0.1,-0.13,2,0,0,0,0,0,0,0,0.00,0.0,.000,0,0,1.2,0,0,0,0,0,0,0,0,0,0,0,0,0.0,0.0
SP,Johnny Antonelli,Johnny,Antonelli,BAGgin' Dingers TTC,6' 0',190 lbs,L,L,67,New York Giants,SFG,1954,1946-1960,,85869,Bronze,T4 Ep. 3 - Historical All-Star  SP Johnny Antonelli  NY1  1954,0,Y,5,19,22,46,39,26,12,14,34,46,16,22,25,50,38,31,53,5,Normal,Normal,Normal,99,75,133,76,140,60,113,47,88,80,140,85,96,-,111,75,-,-,-,-,-,92,-,-,4,NEU,88-90,3/4,Normal,79,71,-,-,-,34,20,25,21,9,3,9,68,-,-,-,-,-,-,-,-,68,-,-,-,-,-,-,-,-,10,5,6,15,,,0,0,0,0,0,0,0,0,0,0,0,0,0,0,0,0,0,0.0,0.00,0,-0.0,0.0,0.00,0,0,0.0,0.0,3,3,2,1,0,0,0,26.0,108,98,15,2,0,4,10,10,9,0,20,0,1,0,0,0,0,1,0,0,0,1.52,398,21,35,0,0,0.2,0.2,0.7,4.16,3,3,6,3,3,0,0,0,2.08,0.0,1.096,0,0,26.0,0,0,2,2,2,1,0,0,0,0,0,0,0.0,0.0
SP,Johnny Antonelli,Johnny,Antonelli,Sabo's Saturn League Legends TTC,6' 0',190 lbs,L,L,67,New York Giants,SFG,1954,1946-1960,,85869,Bronze,T4 Ep. 3 - Historical All-Star  SP Johnny Antonelli  NY1  1954,0,N,0,16,19,41,35,23,9,11,30,41,13,19,22,45,34,27,53,5,Normal,Normal,Normal,91,69,123,70,130,55,104,42,81,73,130,78,96,-,111,75,-,-,-,-,-,92,-,-,4,NEU,88-90,3/4,Normal,79,71,-,-,-,34,20,25,21,9,3,9,63,-,-,-,-,-,-,-,-,63,-,-,-,-,-,-,-,-,10,5,6,15,,,0,0,0,0,0,0,0,0,0,0,0,0,0,0,0,0,0,0.0,0.00,0,-0.0,0.0,0.00,0,0,0.0,0.0,2,0,0,0,0,1,0,3.1,16,14,3,0,0,1,3,3,2,0,1,0,0,0,0,0,0,0,1,1,0,0.34,53,2,7,0,0,0.1,-0.1,-0.1,6.48,2,0,0,0,0,0,0,0,0.00,0.0,.000,0,0,3.1,0,0,0,0,0,0,0,0,0,0,0,0,0.0,0.0
SP,Johnny Antonelli,Johnny,Antonelli,Narragansett Wave,6' 0',190 lbs,L,L,67,New York Giants,SFG,1954,1946-1960,,85869,Bronze,T4 Ep. 3 - Historical All-Star  SP Johnny Antonelli  NY1  1954,0,N,0,16,19,41,35,23,9,11,30,41,13,19,22,45,34,27,53,5,Normal,Normal,Normal,91,69,123,70,130,55,104,42,81,73,130,78,96,-,111,75,-,-,-,-,-,92,-,-,4,NEU,88-90,3/4,Normal,79,71,-,-,-,34,20,25,21,9,3,9,63,-,-,-,-,-,-,-,-,63,-,-,-,-,-,-,-,-,10,5,6,15,,,0,0,0,0,0,0,0,0,0,0,0,0,0,0,0,0,0,0.0,0.00,0,-0.0,0.0,0.00,0,0,0.0,0.0,1,1,0,1,0,0,0,8.2,37,32,3,2,1,1,5,4,4,1,6,0,0,1,0,0,0,1,0,0,0,0.81,130,12,7,0,0,-0.0,0.1,0.1,4.84,1,1,2,0,2,0,0,0,2.08,-0.2,.000,0,0,8.2,0,0,1,0,0,0,0,0,0,0,0,0,-0.1,0.0
SP,Johnny Antonelli,Johnny,Antonelli,Michigan Black Bears,6' 0',190 lbs,L,L,67,New York Giants,SFG,1954,1946-1960,,85869,Bronze,T4 Ep. 3 - Historical All-Star  SP Johnny Antonelli  NY1  1954,0,N,0,16,19,41,35,23,9,11,30,41,13,19,22,45,34,27,53,5,Normal,Normal,Normal,91,69,123,70,130,55,104,42,81,73,130,78,96,-,111,75,-,-,-,-,-,92,-,-,4,NEU,88-90,3/4,Normal,79,71,-,-,-,34,20,25,21,9,3,9,63,-,-,-,-,-,-,-,-,63,-,-,-,-,-,-,-,-,10,5,6,15,,,0,0,0,0,0,0,0,0,0,0,0,0,0,0,0,0,0,0.0,0.00,0,-0.0,0.0,0.00,0,0,0.0,0.0,5,5,4,1,0,0,0,44.0,179,162,24,2,1,5,13,13,13,0,23,1,1,2,2,0,0,1,0,0,0,0.84,643,44,65,0,0,0.6,0.5,1.7,4.94,5,5,7,4,3,0,0,0,1.43,0.2,1.096,0,0,44.0,0,0,2,2,1,1,0,0,0,0,0,0,-0.3,0.0
SP,Harry Brecheen,Harry,Brecheen,Louisville Haymakers,5' 10',160 lbs,L,L,67,St. Louis Cardinals,STL,1949,1946-1960,,83140,Bronze,Snapshot  SP Harry Brecheen  STL  1949,0,N,0,42,55,3,38,24,35,46,5,31,14,45,58,3,41,28,37,54,Normal,Normal,Normal,65,89,91,65,61,86,63,71,66,91,100,64,72,-,100,-,-,-,-,-,-,66,-,-,3,NEU,87-89,OTT,Normal,74,61,-,-,-,27,58,36,25,8,9,10,85,-,-,-,-,-,-,-,-,85,-,-,-,-,-,-,-,-,8,3,6,12,,,0,0,0,0,0,0,0,0,0,0,0,0,0,0,0,0,0,0.0,0.00,0,-0.0,0.0,0.00,0,0,0.0,0.0,1,1,1,0,0,0,0,9.0,33,33,5,0,0,0,2,2,0,0,8,0,0,0,1,0,0,0,0,0,0,1.12,121,4,15,0,0,0.3,0.6,0.5,1.54,1,1,2,0,1,1,0,0,1.00,-0.5,.000,0,0,9.0,0,0,1,0,0,0,0,0,0,0,0,0,0.0,0.0
SP,Harry Brecheen,Harry,Brecheen,London Majors,5' 10',160 lbs,L,L,67,St. Louis Cardinals,STL,1949,1946-1960,,83140,Bronze,Snapshot  SP Harry Brecheen  STL  1949,0,N,0,42,55,3,38,24,35,46,5,31,14,45,58,3,41,28,37,54,Normal,Normal,Normal,65,89,91,65,61,86,63,71,66,91,100,64,72,-,100,-,-,-,-,-,-,66,-,-,3,NEU,87-89,OTT,Normal,74,61,-,-,-,27,58,36,25,8,9,10,85,-,-,-,-,-,-,-,-,85,-,-,-,-,-,-,-,-,8,3,6,12,,,0,0,0,0,0,0,0,0,0,0,0,0,0,0,0,0,0,0.0,0.00,0,-0.0,0.0,0.00,0,0,0.0,0.0,3,0,0,0,0,0,1,3.1,18,16,4,1,0,1,5,5,2,0,2,0,0,0,0,0,0,0,2,2,0,1.02,72,7,1,0,0,-0.2,-0.1,-0.3,5.93,3,0,0,0,0,0,0,0,0.00,0.0,.000,0,0,3.1,0,0,0,0,0,0,0,0,0,0,0,0,0.0,0.0
SP,Ray Caldwell,Ray,Caldwell,Beachcrest Blue Hornets,6' 2',190 lbs,L,R,64,New York Yankees,NYY,1918,2026,,86309,Bronze,Laptophound Summer Classic: 9th-16th  SP Ray Caldwell  NYY  1918,0,N,0,116,129,93,78,63,133,155,29,65,60,111,120,110,82,65,33,10,Line Drive,Spray,Spray,77,78,75,115,68,66,73,115,84,87,78,115,-,86,-,-,-,-,-,-,-,109,-,115,3,EX FB,91-93,OTT,Normal,81,63,-,-,-,24,35,27,23,68,54,63,67,-,-,-,-,-,75,52,69,67,-,-,-,-,-,75,52,69,76,65,57,96,,,0,0,0,0,0,0,0,0,0,0,0,0,0,0,0,0,0,0.0,0.00,0,-0.0,0.0,0.00,0,0,0.0,0.0,1,1,0,1,0,0,0,6.2,32,27,4,1,0,2,6,6,4,0,7,0,0,1,0,0,0,0,0,0,0,1.18,129,4,9,0,0,-0.4,-0.1,-0.1,4.11,1,1,1,0,1,0,0,0,1.35,0.0,.000,0,0,6.2,0,0,0,0,0,0,0,0,0,0,0,0,0.0,0.0
SP,Milo Candini,Milo,Candini,Seoul Hannams,6' 0',185 lbs,R,R,67,Washington Senators,MIN,1943,1921-1945,BBR,85646,Bronze,June Gems - Baseball Reference 3  SP Milo Candini  WS1  1943,0,Y,5,4,7,6,5,4,4,7,7,6,5,4,7,6,5,4,57,5,Normal,Normal,Normal,74,68,89,127,46,66,94,126,89,70,85,131,84,-,78,78,-,-,-,-,-,-,-,-,3,GB,89-91,SIDE,GB'er,69,63,-,-,-,27,20,23,23,3,1,2,59,-,-,-,-,-,-,-,-,59,-,-,-,-,-,-,-,-,31,5,6,58,,,0,0,0,0,0,0,0,0,0,0,0,0,0,0,0,0,0,0.0,0.00,0,-0.0,0.0,0.00,0,0,0.0,0.0,1,1,0,1,0,0,0,7.2,33,30,5,2,0,2,5,5,2,0,4,0,1,0,0,0,0,1,0,0,0,1.15,125,10,8,0,0,-0.4,-0.1,0.0,4.86,1,1,2,1,1,0,0,0,2.35,0.1,1.096,0,0,7.2,0,0,1,1,0,0,0,0,0,0,0,0,-0.1,0.0
SP,Milo Candini,Milo,Candini,Jinzhou Speedster,6' 0',185 lbs,R,R,67,Washington Senators,MIN,1943,1921-1945,BBR,85646,Bronze,June Gems - Baseball Reference 3  SP Milo Candini  WS1  1943,0,N,0,2,5,4,3,2,2,5,5,4,3,2,5,4,3,2,57,5,Normal,Normal,Normal,68,62,82,118,41,60,87,117,82,64,78,121,84,-,78,78,-,-,-,-,-,-,-,-,3,GB,89-91,SIDE,GB'er,69,63,-,-,-,27,20,23,23,3,1,2,55,-,-,-,-,-,-,-,-,55,-,-,-,-,-,-,-,-,31,5,6,58,,,0,0,0,0,0,0,0,0,0,0,0,0,0,0,0,0,0,0.0,0.00,0,-0.0,0.0,0.00,0,0,0.0,0.0,1,1,0,1,0,0,0,8.2,41,34,8,1,1,0,5,5,5,1,3,0,1,1,2,0,0,0,0,0,0,1.43,128,11,11,0,1,-0.3,0.2,0.1,6.34,1,1,4,1,3,0,0,0,4.15,0.4,1.096,1,1,8.2,0,0,0,0,1,1,0,0,0,0,0,0,0.0,0.0
SP,Milo Candini,Milo,Candini,London Majors,6' 0',185 lbs,R,R,67,Washington Senators,MIN,1943,1921-1945,BBR,85646,Bronze,June Gems - Baseball Reference 3  SP Milo Candini  WS1  1943,0,N,0,2,5,4,3,2,2,5,5,4,3,2,5,4,3,2,57,5,Normal,Normal,Normal,68,62,82,118,41,60,87,117,82,64,78,121,84,-,78,78,-,-,-,-,-,-,-,-,3,GB,89-91,SIDE,GB'er,69,63,-,-,-,27,20,23,23,3,1,2,55,-,-,-,-,-,-,-,-,55,-,-,-,-,-,-,-,-,31,5,6,58,,,0,0,0,0,0,0,0,0,0,0,0,0,0,0,0,0,0,0.0,0.00,0,-0.0,0.0,0.00,0,0,0.0,0.0,3,3,3,0,0,0,0,22.2,98,82,16,2,0,1,6,5,13,0,9,0,2,1,0,0,0,4,0,0,0,1.09,366,27,28,1,0,0.4,0.2,1.0,6.18,3,3,3,0,3,0,0,0,1.19,-0.6,.000,1,0,22.2,0,0,1,1,1,0,0,0,0,0,0,0,0.0,0.0
SP,Milo Candini,Milo,Candini,Ware Wolves2,6' 0',185 lbs,R,R,67,Washington Senators,MIN,1943,1921-1945,BBR,85646,Bronze,June Gems - Baseball Reference 3  SP Milo Candini  WS1  1943,0,N,0,2,5,4,3,2,2,5,5,4,3,2,5,4,3,2,57,5,Normal,Normal,Normal,68,62,82,118,41,60,87,117,82,64,78,121,84,-,78,78,-,-,-,-,-,-,-,-,3,GB,89-91,SIDE,GB'er,69,63,-,-,-,27,20,23,23,3,1,2,55,-,-,-,-,-,-,-,-,55,-,-,-,-,-,-,-,-,31,5,6,58,,,0,0,0,0,0,0,0,0,0,0,0,0,0,0,0,0,0,0.0,0.00,0,-0.0,0.0,0.00,0,0,0.0,0.0,5,0,0,0,0,0,0,7.0,29,27,6,0,0,0,4,4,2,0,3,0,0,0,0,0,0,0,3,3,0,0.23,117,5,13,1,0,0.0,0.1,-0.0,5.07,5,0,1,1,0,0,0,0,1.29,-0.1,1.096,1,0,7.0,0,0,0,0,1,1,0,0,0,0,0,0,0.0,0.0
SP,Milo Candini,Milo,Candini,Deadwood Punch and Judys TTC,6' 0',185 lbs,R,R,67,Washington Senators,MIN,1943,1921-1945,BBR,85646,Bronze,June Gems - Baseball Reference 3  SP Milo Candini  WS1  1943,0,N,0,2,5,4,3,2,2,5,5,4,3,2,5,4,3,2,57,5,Normal,Normal,Normal,68,62,82,118,41,60,87,117,82,64,78,121,84,-,78,78,-,-,-,-,-,-,-,-,3,GB,89-91,SIDE,GB'er,69,63,-,-,-,27,20,23,23,3,1,2,55,-,-,-,-,-,-,-,-,55,-,-,-,-,-,-,-,-,31,5,6,58,,,0,0,0,0,0,0,0,0,0,0,0,0,0,0,0,0,0,0.0,0.00,0,-0.0,0.0,0.00,0,0,0.0,0.0,1,0,0,0,0,0,0,2.0,7,7,1,0,0,0,0,0,0,0,2,0,0,0,0,0,0,0,1,0,0,0.13,25,4,0,0,0,0.0,0.1,0.1,4.68,1,0,1,0,1,0,0,0,4.50,0.0,.000,0,0,2.0,0,0,0,0,0,0,0,0,0,0,0,0,0.0,0.0
SP,Milo Candini,Milo,Candini,Madison Moundsmen,6' 0',185 lbs,R,R,67,Washington Senators,MIN,1943,1921-1945,BBR,85646,Bronze,June Gems - Baseball Reference 3  SP Milo Candini  WS1  1943,0,Y,5,4,7,6,5,4,4,7,7,6,5,4,7,6,5,4,57,5,Normal,Normal,Normal,74,68,89,127,46,66,94,126,89,70,85,131,84,-,78,78,-,-,-,-,-,-,-,-,3,GB,89-91,SIDE,GB'er,69,63,-,-,-,27,20,23,23,3,1,2,59,-,-,-,-,-,-,-,-,59,-,-,-,-,-,-,-,-,31,5,6,58,,,0,0,0,0,0,0,0,0,0,0,0,0,0,0,0,0,0,0.0,0.00,0,-0.0,0.0,0.00,0,0,0.0,0.0,3,3,1,1,0,0,0,21.1,99,87,15,5,2,2,11,8,8,0,14,0,2,2,2,0,0,0,0,0,0,0.88,373,23,27,0,0,-0.3,0.3,0.3,4.84,3,3,5,2,2,1,0,0,1.69,-0.2,.000,0,0,21.1,0,0,2,2,0,0,0,0,0,0,0,0,-0.3,0.0
SP,Milo Candini,Milo,Candini,Altamonte Ryno's,6' 0',185 lbs,R,R,67,Washington Senators,MIN,1943,1921-1945,BBR,85646,Bronze,June Gems - Baseball Reference 3  SP Milo Candini  WS1  1943,0,Y,5,4,7,6,5,4,4,7,7,6,5,4,7,6,5,4,57,5,Normal,Normal,Normal,74,68,89,127,46,66,94,126,89,70,85,131,84,-,78,78,-,-,-,-,-,-,-,-,3,GB,89-91,SIDE,GB'er,69,63,-,-,-,27,20,23,23,3,1,2,59,-,-,-,-,-,-,-,-,59,-,-,-,-,-,-,-,-,31,5,6,58,,,0,0,0,0,0,0,0,0,0,0,0,0,0,0,0,0,0,0.0,0.00,0,-0.0,0.0,0.00,0,0,0.0,0.0,1,1,0,1,0,0,0,8.0,32,31,5,0,1,0,2,0,0,0,5,0,1,0,0,0,0,0,0,0,0,0.85,109,9,10,0,0,0.1,0.4,0.4,3.68,1,1,0,0,0,0,0,0,0.00,0.0,.000,0,0,8.0,0,0,0,0,0,0,0,0,0,0,0,0,0.0,0.0
SP,Milo Candini,Milo,Candini,Ethiopia Pink Elephants,6' 0',185 lbs,R,R,67,Washington Senators,MIN,1943,1921-1945,BBR,85646,Bronze,June Gems - Baseball Reference 3  SP Milo Candini  WS1  1943,0,Y,5,4,7,6,5,4,4,7,7,6,5,4,7,6,5,4,57,5,Normal,Normal,Normal,74,68,89,127,46,66,94,126,89,70,85,131,84,-,78,78,-,-,-,-,-,-,-,-,3,GB,89-91,SIDE,GB'er,69,63,-,-,-,27,20,23,23,3,1,2,59,-,-,-,-,-,-,-,-,59,-,-,-,-,-,-,-,-,31,5,6,58,,,0,0,0,0,0,0,0,0,0,0,0,0,0,0,0,0,0,0.0,0.00,0,-0.0,0.0,0.00,0,0,0.0,0.0,1,1,0,0,0,0,0,6.1,27,26,5,1,0,0,4,3,1,0,4,0,0,0,0,0,0,0,0,0,0,1.24,91,10,5,0,1,-0.2,0.3,0.0,4.35,1,1,3,1,2,0,0,0,4.26,0.3,1.096,1,1,6.1,0,0,1,1,0,0,0,0,0,0,0,0,0.0,0.0
SP,Milo Candini,Milo,Candini,New Platson Grand Petites HotL,6' 0',185 lbs,R,R,67,Washington Senators,MIN,1943,1921-1945,BBR,85646,Bronze,June Gems - Baseball Reference 3  SP Milo Candini  WS1  1943,0,Y,5,4,7,6,5,4,4,7,7,6,5,4,7,6,5,4,57,5,Normal,Normal,Normal,74,68,89,127,46,66,94,126,89,70,85,131,84,-,78,78,-,-,-,-,-,-,-,-,3,GB,89-91,SIDE,GB'er,69,63,-,-,-,27,20,23,23,3,1,2,59,-,-,-,-,-,-,-,-,59,-,-,-,-,-,-,-,-,31,5,6,58,,,0,0,0,0,0,0,0,0,0,0,0,0,0,0,0,0,0,0.0,0.00,0,-0.0,0.0,0.00,0,0,0.0,0.0,1,0,0,0,0,0,0,5.1,20,17,2,1,0,0,0,0,3,1,4,0,0,0,0,0,0,1,1,1,0,0.25,69,8,2,0,0,0.1,0.1,0.4,5.19,1,0,1,1,0,0,0,0,1.69,0.0,.000,0,0,5.1,0,0,0,0,0,0,0,0,0,0,0,0,0.0,0.0
SP,Milo Candini,Milo,Candini,Energy Efficiency,6' 0',185 lbs,R,R,67,Washington Senators,MIN,1943,1921-1945,BBR,85646,Bronze,June Gems - Baseball Reference 3  SP Milo Candini  WS1  1943,0,N,0,2,5,4,3,2,2,5,5,4,3,2,5,4,3,2,57,5,Normal,Normal,Normal,68,62,82,118,41,60,87,117,82,64,78,121,84,-,78,78,-,-,-,-,-,-,-,-,3,GB,89-91,SIDE,GB'er,69,63,-,-,-,27,20,23,23,3,1,2,55,-,-,-,-,-,-,-,-,55,-,-,-,-,-,-,-,-,31,5,6,58,,,0,0,0,0,0,0,0,0,0,0,0,0,0,0,0,0,0,0.0,0.00,0,-0.0,0.0,0.00,0,0,0.0,0.0,2,2,0,1,0,0,0,15.0,61,54,6,1,0,1,3,3,7,0,5,0,0,0,0,0,0,0,0,0,0,1.01,246,23,17,0,0,0.4,0.1,0.8,6.02,2,2,6,1,4,1,0,0,3.00,-0.4,.548,0,0,15.0,0,0,2,1,0,0,0,0,0,0,0,0,0.0,0.0
SP,Milo Candini,Milo,Candini,Canterbury Tails,6' 0',185 lbs,R,R,67,Washington Senators,MIN,1943,1921-1945,BBR,85646,Bronze,June Gems - Baseball Reference 3  SP Milo Candini  WS1  1943,0,N,0,2,5,4,3,2,2,5,5,4,3,2,5,4,3,2,57,5,Normal,Normal,Normal,68,62,82,118,41,60,87,117,82,64,78,121,84,-,78,78,-,-,-,-,-,-,-,-,3,GB,89-91,SIDE,GB'er,69,63,-,-,-,27,20,23,23,3,1,2,55,-,-,-,-,-,-,-,-,55,-,-,-,-,-,-,-,-,31,5,6,58,,,0,0,0,0,0,0,0,0,0,0,0,0,0,0,0,0,0,0.0,0.00,0,-0.0,0.0,0.00,0,0,0.0,0.0,1,0,0,0,0,0,0,4.2,23,22,4,1,0,1,3,3,1,0,1,0,0,0,0,0,0,0,0,1,1,0.34,78,4,9,0,0,-0.0,-0.1,-0.0,5.96,1,0,2,1,1,0,0,0,3.86,0.1,1.096,0,0,4.2,0,0,1,1,0,0,0,0,0,0,0,0,0.0,0.0
SP,Milo Candini,Milo,Candini,Sabo's Saturn League Legends TTC,6' 0',185 lbs,R,R,67,Washington Senators,MIN,1943,1921-1945,BBR,85646,Bronze,June Gems - Baseball Reference 3  SP Milo Candini  WS1  1943,0,N,0,2,5,4,3,2,2,5,5,4,3,2,5,4,3,2,57,5,Normal,Normal,Normal,68,62,82,118,41,60,87,117,82,64,78,121,84,-,78,78,-,-,-,-,-,-,-,-,3,GB,89-91,SIDE,GB'er,69,63,-,-,-,27,20,23,23,3,1,2,55,-,-,-,-,-,-,-,-,55,-,-,-,-,-,-,-,-,31,5,6,58,,,0,0,0,0,0,0,0,0,0,0,0,0,0,0,0,0,0,0.0,0.00,0,-0.0,0.0,0.00,0,0,0.0,0.0,2,0,0,0,0,0,0,5.0,22,20,4,1,0,0,1,1,2,0,3,0,0,0,0,0,0,0,1,1,0,0.45,87,8,4,0,0,0.0,0.1,0.2,5.06,2,0,2,2,0,0,0,0,3.60,0.1,1.096,0,0,5.0,0,0,2,2,0,0,0,0,0,0,0,0,0.0,0.0
SP,Milo Candini,Milo,Candini,Out of Left Field,6' 0',185 lbs,R,R,67,Washington Senators,MIN,1943,1921-1945,BBR,85646,Bronze,June Gems - Baseball Reference 3  SP Milo Candini  WS1  1943,0,Y,5,4,7,6,5,4,4,7,7,6,5,4,7,6,5,4,57,5,Normal,Normal,Normal,74,68,89,127,46,66,94,126,89,70,85,131,84,-,78,78,-,-,-,-,-,-,-,-,3,GB,89-91,SIDE,GB'er,69,63,-,-,-,27,20,23,23,3,1,2,59,-,-,-,-,-,-,-,-,59,-,-,-,-,-,-,-,-,31,5,6,58,,,0,0,0,0,0,0,0,0,0,0,0,0,0,0,0,0,0,0.0,0.00,0,-0.0,0.0,0.00,0,0,0.0,0.0,1,0,1,0,0,0,0,3.2,18,16,4,1,0,0,2,1,2,0,2,0,0,0,0,0,0,1,1,0,0,0.92,63,4,4,0,0,0.0,0.0,0.0,5.62,1,0,1,0,1,0,1,0,2.45,0.0,.000,0,0,3.2,0,0,0,0,0,0,0,0,0,0,0,0,0.0,0.0
SP,Milo Candini,Milo,Candini,Michigan Black Bears,6' 0',185 lbs,R,R,67,Washington Senators,MIN,1943,1921-1945,BBR,85646,Bronze,June Gems - Baseball Reference 3  SP Milo Candini  WS1  1943,0,N,0,2,5,4,3,2,2,5,5,4,3,2,5,4,3,2,57,5,Normal,Normal,Normal,68,62,82,118,41,60,87,117,82,64,78,121,84,-,78,78,-,-,-,-,-,-,-,-,3,GB,89-91,SIDE,GB'er,69,63,-,-,-,27,20,23,23,3,1,2,55,-,-,-,-,-,-,-,-,55,-,-,-,-,-,-,-,-,31,5,6,58,,,0,0,0,0,0,0,0,0,0,0,0,0,0,0,0,0,0,0.0,0.00,0,-0.0,0.0,0.00,0,0,0.0,0.0,5,5,3,2,0,0,0,39.1,182,155,31,3,2,3,18,16,24,0,23,2,0,1,3,0,0,3,0,0,0,0.93,702,37,55,0,0,0.2,0.2,0.8,5.69,5,5,8,4,4,0,0,0,1.83,0.3,1.096,0,0,39.1,0,0,3,3,1,1,0,0,0,0,0,0,-0.1,0.0
SP,Arnold Carter,Arnold,Carter,Birmingham Black Barons,5' 10',170 lbs,L,L,63,Cincinnati Reds,CIN,1944,1921-1945,,84254,Bronze,Rookie Sensation  SP Arnold Carter  CIN  1944,0,Y,5,4,7,6,5,1,4,7,6,5,1,4,8,7,6,4,25,54,Normal,Normal,Normal,43,85,94,99,51,74,101,102,41,88,92,99,43,-,53,-,67,-,-,-,-,-,-,-,3,NEU,89-91,3/4,Normal,62,69,-,-,-,32,20,25,23,8,5,7,66,-,-,-,-,-,-,-,-,66,-,-,-,-,-,-,-,-,9,5,6,14,,,0,0,0,0,0,0,0,0,0,0,0,0,0,0,0,0,0,0.0,0.00,0,-0.0,0.0,0.00,0,0,0.0,0.0,3,3,2,1,0,0,0,25.0,100,95,16,5,1,1,7,7,5,0,7,0,0,0,1,1,0,3,0,0,0,0.90,357,33,31,0,0,0.5,0.5,1.0,5.54,3,3,6,3,2,1,0,0,1.80,-0.7,.731,0,0,25.0,0,0,4,2,2,1,0,0,0,0,0,0,0.0,0.0
SP,Arnold Carter,Arnold,Carter,Ware Wolves2,5' 10',170 lbs,L,L,63,Cincinnati Reds,CIN,1944,1921-1945,,84254,Bronze,Rookie Sensation  SP Arnold Carter  CIN  1944,0,N,0,2,5,4,3,1,2,5,4,3,1,2,6,5,4,2,25,54,Normal,Normal,Normal,39,78,87,91,46,68,93,94,37,81,85,91,43,-,53,-,67,-,-,-,-,-,-,-,3,NEU,89-91,3/4,Normal,62,69,-,-,-,32,20,25,23,8,5,7,61,-,-,-,-,-,-,-,-,61,-,-,-,-,-,-,-,-,9,5,6,14,,,0,0,0,0,0,0,0,0,0,0,0,0,0,0,0,0,0,0.0,0.00,0,-0.0,0.0,0.00,0,0,0.0,0.0,5,0,1,0,0,2,0,8.0,37,31,6,2,0,0,1,1,5,0,5,1,0,0,0,0,0,1,1,3,0,1.47,140,12,6,0,0,0.5,0.1,0.4,5.52,5,0,2,1,1,0,0,0,2.25,0.1,1.096,0,0,8.0,0,0,1,1,0,0,0,0,0,0,0,0,0.0,0.0
SP,Arnold Carter,Arnold,Carter,Sabo's Saturn League Legends TTC,5' 10',170 lbs,L,L,63,Cincinnati Reds,CIN,1944,1921-1945,,84254,Bronze,Rookie Sensation  SP Arnold Carter  CIN  1944,0,N,0,2,5,4,3,1,2,5,4,3,1,2,6,5,4,2,25,54,Normal,Normal,Normal,39,78,87,91,46,68,93,94,37,81,85,91,43,-,53,-,67,-,-,-,-,-,-,-,3,NEU,89-91,3/4,Normal,62,69,-,-,-,32,20,25,23,8,5,7,61,-,-,-,-,-,-,-,-,61,-,-,-,-,-,-,-,-,9,5,6,14,,,0,0,0,0,0,0,0,0,0,0,0,0,0,0,0,0,0,0.0,0.00,0,-0.0,0.0,0.00,0,0,0.0,0.0,1,0,0,0,0,0,0,4.1,21,21,7,1,0,0,3,3,0,0,3,0,0,0,0,0,0,0,0,2,0,0.50,72,5,5,0,0,0.0,0.2,-0.1,3.87,1,0,0,0,0,0,0,0,0.00,0.0,.000,0,0,4.1,0,0,0,0,0,0,0,0,0,0,0,0,0.0,0.0
SP,Darltie Cooper,Darltie,Cooper,HickoryHoller JayBirds,5' 10',185 lbs,R,R,68,Harrisburg Giants,HaGi,1926,1921-1945,,84434,Bronze,Negro League Star  SP Darltie Cooper  HaGi  1926,0,Y,5,51,76,76,54,41,52,77,79,56,42,51,76,76,54,41,40,19,Normal,Normal,Spray,67,101,83,80,66,101,84,80,67,102,83,81,64,76,71,76,-,-,-,-,-,-,-,-,4,NEU,90-92,OTT,Normal,73,60,1,1,1,59,30,45,53,72,59,59,100,-,63,-,33,28,85,62,77,100,-,63,-,33,28,85,62,77,36,5,6,28,,,0,0,0,0,0,0,0,0,0,0,0,0,0,0,0,0,0,0.0,0.00,0,-0.0,0.0,0.00,0,0,0.0,0.0,1,1,0,1,0,0,0,8.0,34,30,6,1,0,1,2,2,4,1,7,0,0,0,1,0,0,0,0,0,0,0.96,130,7,8,0,1,0.1,0.1,0.4,4.32,1,1,0,0,0,0,0,0,0.00,0.3,.000,1,1,8.0,0,0,0,0,0,0,0,0,0,0,0,0,0.0,0.0
SP,Luther Farrell,Luther,Farrell,HILITE RECORDS,6' 1',260 lbs,L,L,66,Atlantic City Bacharach Giants,ACBG,1928,1921-1945,,86899,Bronze,NeL Monday 1 - Negro League Star  SP Luther Farrell  ACBG  1928,0,N,0,106,42,116,117,76,100,42,101,103,70,109,43,121,122,79,51,18,Flyball,Ex. Pull,Normal,151,69,73,53,153,69,77,54,151,69,72,53,129,92,117,104,-,-,-,-,-,-,-,-,4,NEU,91-93,3/4,Normal,92,55,1,1,1,40,31,50,25,47,72,45,82,-,-,-,-,-,53,-,43,82,-,-,-,-,-,53,-,43,44,5,12,29,10,10,41,31,9,7,1,0,1,6,4,9,0,0,0,1,0,4,0,7.0,0.21,7,2.7,0.3,3.63,0,0,0.0,-0.2,0,0,0,0,0,0,0,0.0,0,0,0,0,0,0,0,0,0,0,0,0,0,0,0,0,0,0,0,0,0,0.00,0,0,0,0,0,0.0,0.0,0.0,0.00,10,10,21,0,20,1,0,0,2.12,-0.1,.993,0,0,85.0,0,0,17,16,4,4,2,0,0,0,4,0,0.0,-0.1
SP,Wes Ferrell,Wes,Ferrell,London Majors,6' 2',195 lbs,R,R,65,Boston Red Sox,BOS,1934,1921-1945,,83142,Bronze,Snapshot  SP Wes Ferrell  BOS  1934,0,N,0,28,57,64,50,23,16,70,47,49,21,31,49,68,51,24,51,2,Normal,Normal,Normal,59,82,79,80,43,89,48,89,65,77,103,77,48,79,63,75,-,-,-,-,-,-,-,-,4,EX FB,89-91,3/4,Normal,81,98,-,-,-,28,45,32,24,4,10,5,79,-,-,-,-,-,-,-,-,79,-,-,-,-,-,-,-,-,14,4,11,21,,,0,0,0,0,0,0,0,0,0,0,0,0,0,0,0,0,0,0.0,0.00,0,-0.0,0.0,0.00,0,0,0.0,0.0,2,0,0,0,0,0,0,4.2,18,17,4,0,0,0,0,0,1,0,3,0,0,0,0,0,0,0,2,1,0,0.31,57,3,7,0,0,0.0,0.1,0.3,3.93,2,0,0,0,0,0,0,0,0.00,0.0,.000,0,0,4.2,0,0,0,0,0,0,0,0,0,0,0,0,0.0,0.0
SP,Wes Ferrell,Wes,Ferrell,Ethiopia Pink Elephants,6' 2',195 lbs,R,R,65,Boston Red Sox,BOS,1934,1921-1945,,83142,Bronze,Snapshot  SP Wes Ferrell  BOS  1934,0,N,0,28,57,64,50,23,16,70,47,49,21,31,49,68,51,24,51,2,Normal,Normal,Normal,59,82,79,80,43,89,48,89,65,77,103,77,48,79,63,75,-,-,-,-,-,-,-,-,4,EX FB,89-91,3/4,Normal,81,98,-,-,-,28,45,32,24,4,10,5,79,-,-,-,-,-,-,-,-,79,-,-,-,-,-,-,-,-,14,4,11,21,,,0,0,0,0,0,0,0,0,0,0,0,0,0,0,0,0,0,0.0,0.00,0,-0.0,0.0,0.00,0,0,0.0,0.0,1,0,0,0,0,0,0,2.0,7,5,0,0,0,0,0,0,2,0,1,0,0,0,0,0,0,1,0,1,0,0.36,27,1,3,0,0,0.0,-0.0,0.1,7.14,1,0,0,0,0,0,0,0,0.00,0.0,.000,0,0,2.0,0,0,0,0,0,0,0,0,0,0,0,0,0.0,0.0
SP,Carl Fischer,Carl,Fischer,OKC Whirlwinds - PCK,6' 0',180 lbs,R,L,64,Detroit Tigers,DET,1933,1921-1945,,83143,Bronze,Snapshot  SP Carl Fischer  DET  1933,0,N,0,2,5,1,7,5,1,8,1,4,8,3,4,1,9,4,81,46,Normal,Normal,Normal,95,53,83,75,111,50,40,75,91,54,98,75,66,-,90,93,-,-,122,-,-,-,-,-,4,EX FB,88-90,SIDE,Normal,67,33,-,-,-,24,20,22,23,10,8,6,51,-,-,-,-,-,-,-,-,51,-,-,-,-,-,-,-,-,9,5,6,13,,,0,0,0,0,0,0,0,0,0,0,0,0,0,0,0,0,0,0.0,0.00,0,-0.0,0.0,0.00,0,0,0.0,0.0,6,6,2,1,0,0,0,47.1,194,170,25,4,0,5,13,13,19,0,40,3,1,1,2,0,0,3,0,0,0,1.04,748,43,55,0,1,1.3,0.7,2.0,4.08,6,6,8,5,3,0,0,0,1.52,0.4,1.096,1,1,47.1,0,0,5,5,1,0,0,0,0,0,0,0,0.0,0.0
SP,Carl Fischer,Carl,Fischer,London Majors,6' 0',180 lbs,R,L,64,Detroit Tigers,DET,1933,1921-1945,,83143,Bronze,Snapshot  SP Carl Fischer  DET  1933,0,N,0,2,5,1,7,5,1,8,1,4,8,3,4,1,9,4,81,46,Normal,Normal,Normal,95,53,83,75,111,50,40,75,91,54,98,75,66,-,90,93,-,-,122,-,-,-,-,-,4,EX FB,88-90,SIDE,Normal,67,33,-,-,-,24,20,22,23,10,8,6,51,-,-,-,-,-,-,-,-,51,-,-,-,-,-,-,-,-,9,5,6,13,,,0,0,0,0,0,0,0,0,0,0,0,0,0,0,0,0,0,0.0,0.00,0,-0.0,0.0,0.00,0,0,0.0,0.0,1,0,0,0,0,0,0,0.2,3,2,0,0,0,0,0,0,1,0,0,0,0,0,0,0,0,0,1,0,0,0.33,12,2,0,0,0,0.0,-0.0,0.0,10.53,1,0,1,0,1,0,0,0,13.50,0.0,.000,0,0,0.2,0,0,0,0,0,0,0,0,0,0,0,0,0.0,0.0
SP,Ray Fisher,Ray,Fisher,Louisville Haymakers,6' 0',180 lbs,R,R,65,New York Highlanders,NYY,1911,2026,,83144,Bronze,Snapshot  SP Ray Fisher  NYY  1911,0,Y,1,8,53,34,30,18,7,68,22,37,23,9,46,37,26,17,73,5,Normal,Spray,Spray,86,75,65,69,85,75,56,70,86,76,73,69,79,115,-,-,-,-,-,-,-,72,-,-,3,NEU,88-90,3/4,Normal,68,49,-,-,-,35,25,27,20,8,8,4,71,-,-,-,-,-,-,-,-,71,-,-,-,-,-,-,-,-,62,68,75,53,,,0,0,0,0,0,0,0,0,0,0,0,0,0,0,0,0,0,0.0,0.00,0,-0.0,0.0,0.00,0,0,0.0,0.0,1,0,0,1,0,0,1,2.2,13,11,2,0,0,1,4,3,2,0,2,0,0,0,0,0,0,0,0,1,0,1.45,55,3,3,0,0,-0.2,-0.2,-0.3,5.47,1,0,0,0,0,0,0,0,0.00,0.0,.000,0,0,2.2,0,0,0,0,0,0,0,0,0,0,0,0,0.0,0.0
SP,Mike Fornieles,Mike,Fornieles,Groundball Defenders,5' 11',155 lbs,R,R,67,Boston Red Sox,BOS,1957,1946-1960,,83168,Bronze,Snapshot  SP Mike Fornieles  BOS  1957,0,N,0,4,4,1,8,5,4,4,1,5,6,4,5,1,10,5,35,36,Normal,Normal,Normal,67,76,64,91,68,69,61,99,65,82,67,83,48,-,66,78,-,-,-,-,-,87,74,-,5,NEU,89-91,3/4,Normal,63,48,-,-,-,27,18,23,23,2,7,6,53,-,-,-,-,-,-,-,-,53,-,-,-,-,-,-,-,-,12,4,6,19,,,0,0,0,0,0,0,0,0,0,0,0,0,0,0,0,0,0,0.0,0.00,0,-0.0,0.0,0.00,0,0,0.0,0.0,3,3,0,1,0,0,0,17.0,84,72,12,5,0,3,11,9,11,0,10,0,1,0,1,0,0,1,0,0,0,1.13,339,21,19,1,0,-0.5,-0.1,0.0,5.70,3,3,3,0,3,0,0,0,1.59,-0.6,1.096,1,0,17.0,0,0,1,0,2,1,0,0,0,0,0,0,0.0,0.0
SP,Mike Fornieles,Mike,Fornieles,Sabo's Saturn League Legends TTC,5' 11',155 lbs,R,R,67,Boston Red Sox,BOS,1957,1946-1960,,83168,Bronze,Snapshot  SP Mike Fornieles  BOS  1957,0,N,0,4,4,1,8,5,4,4,1,5,6,4,5,1,10,5,35,36,Normal,Normal,Normal,67,76,64,91,68,69,61,99,65,82,67,83,48,-,66,78,-,-,-,-,-,87,74,-,5,NEU,89-91,3/4,Normal,63,48,-,-,-,27,18,23,23,2,7,6,53,-,-,-,-,-,-,-,-,53,-,-,-,-,-,-,-,-,12,4,6,19,,,0,0,0,0,0,0,0,0,0,0,0,0,0,0,0,0,0,0.0,0.00,0,-0.0,0.0,0.00,0,0,0.0,0.0,3,3,2,1,0,0,0,22.1,100,91,17,3,1,6,13,13,7,0,16,0,1,1,0,0,0,2,0,0,0,1.01,363,20,26,1,0,0.1,-0.2,0.2,4.44,3,3,7,4,3,0,0,0,2.82,0.1,1.096,1,0,22.1,0,0,3,3,2,2,0,0,0,0,0,0,0.0,0.0
SP,Al Grabowski,Al,Grabowski,San Francisco Seals,6' 0',175 lbs,L,L,69,St. Louis Cardinals,STL,1929,1921-1945,,84277,Bronze,Rookie Sensation  SP Al Grabowski  STL  1929,0,N,0,2,6,1,3,2,2,6,1,3,2,2,7,1,3,2,29,54,Normal,Normal,Normal,75,81,62,74,71,84,63,86,76,81,62,69,-,104,71,-,81,-,-,-,-,-,-,-,3,FB,90-92,3/4,Normal,91,82,-,-,-,27,20,23,23,3,4,9,55,-,-,-,-,-,-,-,-,55,-,-,-,-,-,-,-,-,15,5,6,26,,,0,0,0,0,0,0,0,0,0,0,0,0,0,0,0,0,0,0.0,0.00,0,-0.0,0.0,0.00,0,0,0.0,0.0,3,3,1,2,0,0,0,24.1,107,99,21,5,2,1,11,10,5,0,19,0,2,1,0,0,0,2,0,0,0,1.28,332,18,35,1,0,-0.1,0.9,0.5,3.78,3,3,5,1,4,0,0,0,1.85,-0.3,.548,1,0,24.1,0,0,4,4,0,0,0,0,0,0,0,0,0.0,0.0
SP,Al Grabowski,Al,Grabowski,Aberfeldie Falcons,6' 0',175 lbs,L,L,69,St. Louis Cardinals,STL,1929,1921-1945,,84277,Bronze,Rookie Sensation  SP Al Grabowski  STL  1929,0,N,0,2,6,1,3,2,2,6,1,3,2,2,7,1,3,2,29,54,Normal,Normal,Normal,75,81,62,74,71,84,63,86,76,81,62,69,-,104,71,-,81,-,-,-,-,-,-,-,3,FB,90-92,3/4,Normal,91,82,-,-,-,27,20,23,23,3,4,9,55,-,-,-,-,-,-,-,-,55,-,-,-,-,-,-,-,-,15,5,6,26,,,0,0,0,0,0,0,0,0,0,0,0,0,0,0,0,0,0,0.0,0.00,0,-0.0,0.0,0.00,0,0,0.0,0.0,1,1,1,0,0,0,0,9.0,40,35,7,0,1,1,3,3,4,1,5,0,1,0,1,0,0,0,0,0,0,1.08,142,10,12,0,0,-0.0,0.1,0.3,5.32,1,1,2,1,1,0,0,0,2.00,0.4,2.193,0,0,9.0,0,0,1,1,1,1,0,0,0,0,0,0,-0.1,0.0
SP,Al Grabowski,Al,Grabowski,Brentwood Senators,6' 0',175 lbs,L,L,69,St. Louis Cardinals,STL,1929,1921-1945,,84277,Bronze,Rookie Sensation  SP Al Grabowski  STL  1929,0,N,0,2,6,1,3,2,2,6,1,3,2,2,7,1,3,2,29,54,Normal,Normal,Normal,75,81,62,74,71,84,63,86,76,81,62,69,-,104,71,-,81,-,-,-,-,-,-,-,3,FB,90-92,3/4,Normal,91,82,-,-,-,27,20,23,23,3,4,9,55,-,-,-,-,-,-,-,-,55,-,-,-,-,-,-,-,-,15,5,6,26,,,0,0,0,0,0,0,0,0,0,0,0,0,0,0,0,0,0,0.0,0.00,0,-0.0,0.0,0.00,0,0,0.0,0.0,1,1,0,1,0,0,0,8.2,36,30,4,0,1,1,5,5,3,0,8,1,1,1,0,0,0,0,0,0,0,1.30,142,9,9,0,0,-0.4,0.1,0.1,3.70,1,1,2,1,1,0,0,0,2.08,0.4,2.193,0,0,8.2,0,0,2,2,0,0,0,0,0,0,0,0,0.0,0.0
SP,Al Grabowski,Al,Grabowski,Roseburg River Hawks,6' 0',175 lbs,L,L,69,St. Louis Cardinals,STL,1929,1921-1945,,84277,Bronze,Rookie Sensation  SP Al Grabowski  STL  1929,0,N,0,2,6,1,3,2,2,6,1,3,2,2,7,1,3,2,29,54,Normal,Normal,Normal,75,81,62,74,71,84,63,86,76,81,62,69,-,104,71,-,81,-,-,-,-,-,-,-,3,FB,90-92,3/4,Normal,91,82,-,-,-,27,20,23,23,3,4,9,55,-,-,-,-,-,-,-,-,55,-,-,-,-,-,-,-,-,15,5,6,26,,,0,0,0,0,0,0,0,0,0,0,0,0,0,0,0,0,0,0.0,0.00,0,-0.0,0.0,0.00,0,0,0.0,0.0,1,1,0,1,0,0,0,7.1,42,40,14,2,0,1,7,7,2,1,3,0,0,0,0,0,0,0,0,0,0,1.68,120,8,11,0,0,-0.4,0.1,-0.2,5.58,1,1,2,0,2,0,0,0,2.45,-0.2,.000,0,0,7.1,0,0,1,1,1,0,0,0,0,0,0,0,0.0,0.0
SP,Al Grabowski,Al,Grabowski,Patchogue Pirates,6' 0',175 lbs,L,L,69,St. Louis Cardinals,STL,1929,1921-1945,,84277,Bronze,Rookie Sensation  SP Al Grabowski  STL  1929,0,N,0,2,6,1,3,2,2,6,1,3,2,2,7,1,3,2,29,54,Normal,Normal,Normal,75,81,62,74,71,84,63,86,76,81,62,69,-,104,71,-,81,-,-,-,-,-,-,-,3,FB,90-92,3/4,Normal,91,82,-,-,-,27,20,23,23,3,4,9,55,-,-,-,-,-,-,-,-,55,-,-,-,-,-,-,-,-,15,5,6,26,,,0,0,0,0,0,0,0,0,0,0,0,0,0,0,0,0,0,0.0,0.00,0,-0.0,0.0,0.00,0,0,0.0,0.0,2,2,1,1,0,0,0,13.1,62,54,11,2,0,1,12,9,6,0,14,1,1,0,2,0,0,1,0,0,0,1.00,229,7,17,0,0,-0.5,0.3,-0.3,3.64,2,2,4,1,3,0,0,0,2.70,0.0,.000,0,0,13.1,0,0,1,1,0,0,0,0,0,0,0,0,0.0,0.0
SP,Burleigh Grimes,Burleigh,Grimes,Town of Lake Loons,5' 10',175 lbs,R,R,69,New York Giants,SFG,1927,1921-1945,,83159,Bronze,Snapshot  SP Burleigh Grimes  NY1  1927,0,N,0,18,60,3,43,24,14,72,2,55,21,20,51,4,39,26,49,21,Normal,Normal,Normal,86,68,78,68,75,76,64,62,95,63,89,74,80,-,125,-,-,-,-,-,-,75,-,-,3,NEU,89-91,3/4,Normal,77,49,-,-,-,30,19,27,32,9,7,5,59,-,-,-,-,-,-,-,-,59,-,-,-,-,-,-,-,-,39,45,49,31,,,0,0,0,0,0,0,0,0,0,0,0,0,0,0,0,0,0,0.0,0.00,0,-0.0,0.0,0.00,0,0,0.0,0.0,1,1,0,1,0,0,0,7.2,38,33,6,1,0,2,4,3,5,0,4,0,0,0,0,0,0,1,0,0,0,0.96,129,8,10,0,0,-0.1,-0.1,0.1,6.01,1,1,3,1,1,1,0,0,2.35,-0.4,.548,0,0,7.2,0,0,1,0,1,1,0,0,0,0,0,0,0.0,0.0
SP,Burleigh Grimes,Burleigh,Grimes,Port Townsend Wild Daphnes,5' 10',175 lbs,R,R,69,New York Giants,SFG,1927,1921-1945,,83159,Bronze,Snapshot  SP Burleigh Grimes  NY1  1927,0,Y,5,21,66,5,48,28,17,79,4,60,24,23,56,6,43,30,49,21,Normal,Normal,Normal,93,74,85,74,82,83,70,68,103,69,97,81,80,-,125,-,-,-,-,-,-,75,-,-,3,NEU,89-91,3/4,Normal,77,49,-,-,-,30,19,27,32,9,7,5,63,-,-,-,-,-,-,-,-,63,-,-,-,-,-,-,-,-,39,45,49,31,,,0,0,0,0,0,0,0,0,0,0,0,0,0,0,0,0,0,0.0,0.00,0,-0.0,0.0,0.00,0,0,0.0,0.0,7,7,4,1,0,0,0,60.1,237,223,30,6,5,3,17,16,13,0,44,0,0,1,2,0,0,3,0,0,0,1.20,911,70,62,0,0,1.7,2.0,2.5,3.88,7,7,14,9,4,1,0,0,1.94,0.0,.997,0,0,60.1,0,0,10,9,1,1,1,0,0,0,0,0,0.0,0.0
SP,Burleigh Grimes,Burleigh,Grimes,DongTan Milky,5' 10',175 lbs,R,R,69,New York Giants,SFG,1927,1921-1945,,83159,Bronze,Snapshot  SP Burleigh Grimes  NY1  1927,0,N,0,18,60,3,43,24,14,72,2,55,21,20,51,4,39,26,49,21,Normal,Normal,Normal,86,68,78,68,75,76,64,62,95,63,89,74,80,-,125,-,-,-,-,-,-,75,-,-,3,NEU,89-91,3/4,Normal,77,49,-,-,-,30,19,27,32,9,7,5,59,-,-,-,-,-,-,-,-,59,-,-,-,-,-,-,-,-,39,45,49,31,,,0,0,0,0,0,0,0,0,0,0,0,0,0,0,0,0,0,0.0,0.00,0,-0.0,0.0,0.00,0,0,0.0,0.0,1,1,0,1,0,0,0,8.2,38,34,5,1,1,1,6,1,3,0,4,1,0,0,0,0,0,1,0,0,0,0.63,148,10,11,0,0,-0.3,0.0,-0.0,5.37,1,1,0,0,0,0,0,0,0.00,0.0,.000,0,0,8.2,0,0,0,0,0,0,0,0,0,0,0,0,0.0,0.0
SP,Mickey Haefner,Mickey,Haefner,Deadwood Punch and Judys TTC,5' 8',160 lbs,L,L,64,Washington Senators,MIN,1944,1921-1945,,85717,Bronze,SwitchKnucklers - Snapshot  SP Mickey Haefner  WS1  1944,0,N,0,7,18,2,25,12,13,11,2,35,7,6,21,2,20,14,84,9,Normal,Normal,Normal,64,70,72,109,64,61,82,120,64,74,69,100,39,-,-,-,-,-,-,-,-,82,74,98,4,FB,89-91,3/4,Normal,84,57,-,-,-,35,33,30,23,7,5,4,77,-,-,-,-,-,-,-,-,77,-,-,-,-,-,-,-,-,5,5,6,5,,,0,0,0,0,0,0,0,0,0,0,0,0,0,0,0,0,0,0.0,0.00,0,-0.0,0.0,0.00,0,0,0.0,0.0,3,0,0,0,0,0,1,8.2,35,34,6,1,0,1,6,3,1,0,5,0,0,0,0,0,0,1,2,3,1,0.33,104,5,15,0,0,-0.2,0.1,-0.1,3.82,3,0,1,0,1,0,0,0,1.04,0.0,.000,0,0,8.2,0,0,0,0,0,0,0,0,0,0,0,0,0.0,0.0
SP,Jack Harshman,Jack,Harshman,Seoul Hannams,6' 2',185 lbs,L,L,69,Chicago White Sox,CHW,1954,1946-1960,,83192,Bronze,Snapshot  SP Jack Harshman  CWS  1954,0,Y,5,22,42,126,127,30,14,13,17,115,24,25,49,161,133,32,56,56,Flyball,Spray,Spray,107,55,74,118,121,80,45,130,104,41,85,110,77,140,69,89,-,-,-,-,-,-,-,-,4,EX FB,89-91,OTT,Normal,70,68,-,-,-,34,27,28,23,5,10,4,76,-,59,-,-,-,-,-,-,76,-,59,-,-,-,-,-,-,5,5,6,5,,,0,0,0,0,0,0,0,0,0,0,0,0,0,0,0,0,0,0.0,0.00,0,-0.0,0.0,0.00,0,0,0.0,0.0,1,1,0,0,0,0,0,6.1,31,25,5,0,0,0,1,0,6,0,7,0,0,0,1,0,0,0,0,0,0,1.64,125,5,7,0,0,0.2,0.1,0.4,4.92,1,1,1,0,1,0,0,0,1.42,0.0,.000,0,0,6.1,0,0,0,0,0,0,0,0,0,0,0,0,0.0,0.0
SP,Jack Harshman,Jack,Harshman,San Francisco Seals,6' 2',185 lbs,L,L,69,Chicago White Sox,CHW,1954,1946-1960,,83192,Bronze,Snapshot  SP Jack Harshman  CWS  1954,0,N,0,19,38,117,118,26,11,10,14,106,21,22,44,150,123,28,56,56,Flyball,Spray,Spray,99,50,68,109,112,73,40,120,96,37,78,102,77,140,69,89,-,-,-,-,-,-,-,-,4,EX FB,89-91,OTT,Normal,70,68,-,-,-,34,27,28,23,5,10,4,71,-,54,-,-,-,-,-,-,71,-,54,-,-,-,-,-,-,5,5,6,5,2,2,8,8,3,1,0,0,2,4,3,0,0,0,0,0,0,2,0,3.4,0.05,3,2.1,0.2,3.75,0,0,0.0,0.0,0,0,0,0,0,0,0,0.0,0,0,0,0,0,0,0,0,0,0,0,0,0,0,0,0,0,0,0,0,0,0.00,0,0,0,0,0,0.0,0.0,0.0,0.00,2,2,15,1,14,0,2,0,7.50,0.1,1.084,0,0,18.0,0,0,2,2,0,0,0,0,0,0,1,0,0.0,0.0
SP,Jack Harshman,Jack,Harshman,Allston Wolf Spiders,6' 2',185 lbs,L,L,69,Chicago White Sox,CHW,1954,1946-1960,,83192,Bronze,Snapshot  SP Jack Harshman  CWS  1954,0,N,0,19,38,117,118,26,11,10,14,106,21,22,44,150,123,28,56,56,Flyball,Spray,Spray,99,50,68,109,112,73,40,120,96,37,78,102,77,140,69,89,-,-,-,-,-,-,-,-,4,EX FB,89-91,OTT,Normal,70,68,-,-,-,34,27,28,23,5,10,4,71,-,54,-,-,-,-,-,-,71,-,54,-,-,-,-,-,-,5,5,6,5,,,0,0,0,0,0,0,0,0,0,0,0,0,0,0,0,0,0,0.0,0.00,0,-0.0,0.0,0.00,0,0,0.0,0.0,1,1,0,1,0,0,0,8.2,35,32,5,1,0,1,3,3,3,0,6,0,0,0,0,0,0,1,0,0,0,1.29,107,9,10,0,0,0.0,0.1,0.3,4.45,1,1,1,1,0,0,0,0,1.04,0.1,1.096,0,0,8.2,0,0,1,1,0,0,0,0,0,0,0,0,-0.1,0.0
SP,Jack Harshman,Jack,Harshman,Brentwood Senators,6' 2',185 lbs,L,L,69,Chicago White Sox,CHW,1954,1946-1960,,83192,Bronze,Snapshot  SP Jack Harshman  CWS  1954,0,N,0,19,38,117,118,26,11,10,14,106,21,22,44,150,123,28,56,56,Flyball,Spray,Spray,99,50,68,109,112,73,40,120,96,37,78,102,77,140,69,89,-,-,-,-,-,-,-,-,4,EX FB,89-91,OTT,Normal,70,68,-,-,-,34,27,28,23,5,10,4,71,-,54,-,-,-,-,-,-,71,-,54,-,-,-,-,-,-,5,5,6,5,1,,0,0,0,0,0,0,0,0,0,0,0,0,0,0,0,0,0,0.0,0.00,0,-0.0,0.0,0.00,0,0,0.0,0.0,1,0,0,0,0,0,0,0.1,2,1,0,0,0,0,0,0,1,0,1,0,0,0,0,0,0,0,1,1,0,0.40,15,0,0,0,0,0.0,-0.0,0.0,5.28,2,0,2,1,1,0,1,0,13.50,0.0,1.084,0,0,1.1,0,0,1,1,0,0,0,0,0,0,0,0,0.0,0.0
SP,Jack Harshman,Jack,Harshman,Louisville Haymakers,6' 2',185 lbs,L,L,69,Chicago White Sox,CHW,1954,1946-1960,,83192,Bronze,Snapshot  SP Jack Harshman  CWS  1954,0,N,0,19,38,117,118,26,11,10,14,106,21,22,44,150,123,28,56,56,Flyball,Spray,Spray,99,50,68,109,112,73,40,120,96,37,78,102,77,140,69,89,-,-,-,-,-,-,-,-,4,EX FB,89-91,OTT,Normal,70,68,-,-,-,34,27,28,23,5,10,4,71,-,54,-,-,-,-,-,-,71,-,54,-,-,-,-,-,-,5,5,6,5,,,0,0,0,0,0,0,0,0,0,0,0,0,0,0,0,0,0,0.0,0.00,0,-0.0,0.0,0.00,0,0,0.0,0.0,1,1,0,1,0,0,0,5.0,25,24,4,2,1,2,6,6,1,0,1,0,0,0,0,0,0,0,0,0,0,1.11,78,8,6,0,0,-0.5,-0.2,-0.2,5.84,1,1,2,2,0,0,0,0,3.60,0.1,1.096,0,0,5.0,0,0,2,2,0,0,0,0,0,0,0,0,0.0,0.0
SP,Jack Harshman,Jack,Harshman,Ware Wolves2,6' 2',185 lbs,L,L,69,Chicago White Sox,CHW,1954,1946-1960,,83192,Bronze,Snapshot  SP Jack Harshman  CWS  1954,0,N,0,19,38,117,118,26,11,10,14,106,21,22,44,150,123,28,56,56,Flyball,Spray,Spray,99,50,68,109,112,73,40,120,96,37,78,102,77,140,69,89,-,-,-,-,-,-,-,-,4,EX FB,89-91,OTT,Normal,70,68,-,-,-,34,27,28,23,5,10,4,71,-,54,-,-,-,-,-,-,71,-,54,-,-,-,-,-,-,5,5,6,5,,,0,0,0,0,0,0,0,0,0,0,0,0,0,0,0,0,0,0.0,0.00,0,-0.0,0.0,0.00,0,0,0.0,0.0,6,6,1,1,0,0,0,43.0,183,160,29,2,1,3,19,19,22,0,34,1,0,0,2,0,0,3,0,0,0,0.97,725,37,54,0,2,-0.2,0.7,0.9,4.63,6,6,5,0,5,0,0,0,1.05,0.4,.000,2,2,43.0,0,0,3,2,0,0,0,0,0,0,0,0,0.0,0.0
SP,Jack Harshman,Jack,Harshman,Ethiopia Pink Elephants,6' 2',185 lbs,L,L,69,Chicago White Sox,CHW,1954,1946-1960,,83192,Bronze,Snapshot  SP Jack Harshman  CWS  1954,0,N,0,19,38,117,118,26,11,10,14,106,21,22,44,150,123,28,56,56,Flyball,Spray,Spray,99,50,68,109,112,73,40,120,96,37,78,102,77,140,69,89,-,-,-,-,-,-,-,-,4,EX FB,89-91,OTT,Normal,70,68,-,-,-,34,27,28,23,5,10,4,71,-,54,-,-,-,-,-,-,71,-,54,-,-,-,-,-,-,5,5,6,5,,,0,0,0,0,0,0,0,0,0,0,0,0,0,0,0,0,0,0.0,0.00,0,-0.0,0.0,0.00,0,0,0.0,0.0,1,1,0,0,0,0,0,7.0,26,25,3,0,0,1,3,3,1,0,4,0,0,0,0,0,0,0,0,0,0,0.84,95,3,14,0,0,0.1,0.1,0.2,3.17,1,1,0,0,0,0,0,0,0.00,0.0,.000,0,0,7.0,0,0,0,0,0,0,0,0,0,0,0,0,0.0,0.0
SP,Jack Harshman,Jack,Harshman,Canterbury Tails,6' 2',185 lbs,L,L,69,Chicago White Sox,CHW,1954,1946-1960,,83192,Bronze,Snapshot  SP Jack Harshman  CWS  1954,0,N,0,19,38,117,118,26,11,10,14,106,21,22,44,150,123,28,56,56,Flyball,Spray,Spray,99,50,68,109,112,73,40,120,96,37,78,102,77,140,69,89,-,-,-,-,-,-,-,-,4,EX FB,89-91,OTT,Normal,70,68,-,-,-,34,27,28,23,5,10,4,71,-,54,-,-,-,-,-,-,71,-,54,-,-,-,-,-,-,5,5,6,5,,,0,0,0,0,0,0,0,0,0,0,0,0,0,0,0,0,0,0.0,0.00,0,-0.0,0.0,0.00,0,0,0.0,0.0,2,0,0,0,0,0,0,2.0,13,11,5,0,0,1,6,6,1,0,2,1,0,0,0,0,0,1,1,0,0,0.32,50,1,2,0,0,-0.0,-0.1,-0.4,4.61,1,0,0,0,0,0,0,0,0.00,0.0,.000,0,0,2.0,0,0,0,0,0,0,0,0,0,0,0,0,0.0,0.0
SP,Jack Harshman,Jack,Harshman,Tegridy Farms Weed,6' 2',185 lbs,L,L,69,Chicago White Sox,CHW,1954,1946-1960,,83192,Bronze,Snapshot  SP Jack Harshman  CWS  1954,0,Y,5,22,42,126,127,30,14,13,17,115,24,25,49,161,133,32,56,56,Flyball,Spray,Spray,107,55,74,118,121,80,45,130,104,41,85,110,77,140,69,89,-,-,-,-,-,-,-,-,4,EX FB,89-91,OTT,Normal,70,68,-,-,-,34,27,28,23,5,10,4,76,-,59,-,-,-,-,-,-,76,-,59,-,-,-,-,-,-,5,5,6,5,1,,1,1,0,0,0,0,0,0,0,0,0,0,0,0,0,0,0,0.0,-0.11,0,-0.2,-0.0,2.00,0,0,0.0,0.0,1,0,0,0,0,0,0,0.1,2,2,1,0,0,0,0,0,0,0,0,0,0,0,0,0,0,0,1,2,1,0.50,3,0,1,0,0,-0.0,0.0,0.0,5.41,1,0,0,0,0,0,0,0,0.00,0.0,.000,0,0,0.1,0,0,0,0,0,0,0,0,0,0,0,0,0.0,0.0
SP,Ed Holley,Ed,Holley,San Francisco Seals,6' 1',195 lbs,R,R,69,Philadelphia Phillies,PHI,1932,1921-1945,,84263,Bronze,Rookie Sensation  SP Ed Holley  PHI  1932,0,N,0,4,8,1,13,7,6,5,1,22,9,4,10,2,11,7,33,10,Normal,Spray,Spray,70,87,77,68,60,82,91,54,78,92,65,75,57,-,77,78,-,-,91,-,-,-,-,-,4,EX FB,90-92,3/4,Normal,76,60,-,-,-,24,20,22,23,3,3,1,51,-,-,-,-,-,-,-,-,51,-,-,-,-,-,-,-,-,5,5,6,5,,,0,0,0,0,0,0,0,0,0,0,0,0,0,0,0,0,0,0.0,0.00,0,-0.0,0.0,0.00,0,0,0.0,0.0,3,3,1,2,0,0,0,23.0,93,88,18,1,0,1,10,7,3,0,9,0,1,1,0,0,0,0,0,0,0,0.96,311,20,41,0,0,0.1,0.6,0.5,4.84,3,3,5,1,3,1,0,0,1.57,-0.3,.000,0,0,23.0,0,0,5,4,0,0,0,0,0,0,0,0,-0.1,0.0
SP,Ed Holley,Ed,Holley,Huatulco Tacos,6' 1',195 lbs,R,R,69,Philadelphia Phillies,PHI,1932,1921-1945,,84263,Bronze,Rookie Sensation  SP Ed Holley  PHI  1932,0,Y,5,6,11,1,16,9,8,7,1,25,12,6,13,4,14,9,33,10,Normal,Spray,Spray,76,94,84,74,66,89,99,59,85,100,71,82,57,-,77,78,-,-,91,-,-,-,-,-,4,EX FB,90-92,3/4,Normal,76,60,-,-,-,24,20,22,23,3,3,1,55,-,-,-,-,-,-,-,-,55,-,-,-,-,-,-,-,-,5,5,6,5,,,0,0,0,0,0,0,0,0,0,0,0,0,0,0,0,0,0,0.0,0.00,0,-0.0,0.0,0.00,0,0,0.0,0.0,1,1,0,1,0,0,0,5.0,26,26,9,0,3,0,6,6,0,0,4,0,0,0,1,0,0,0,0,0,0,0.74,100,2,8,0,0,-0.3,0.3,-0.2,3.43,1,1,1,1,0,0,0,0,1.80,0.0,.000,0,0,5.0,0,0,0,0,0,0,0,0,0,0,0,0,0.0,0.0
SP,Ed Holley,Ed,Holley,The Colony Lynx,6' 1',195 lbs,R,R,69,Philadelphia Phillies,PHI,1932,1921-1945,,84263,Bronze,Rookie Sensation  SP Ed Holley  PHI  1932,0,N,0,4,8,1,13,7,6,5,1,22,9,4,10,2,11,7,33,10,Normal,Spray,Spray,70,87,77,68,60,82,91,54,78,92,65,75,57,-,77,78,-,-,91,-,-,-,-,-,4,EX FB,90-92,3/4,Normal,76,60,-,-,-,24,20,22,23,3,3,1,51,-,-,-,-,-,-,-,-,51,-,-,-,-,-,-,-,-,5,5,6,5,,,0,0,0,0,0,0,0,0,0,0,0,0,0,0,0,0,0,0.0,0.00,0,-0.0,0.0,0.00,0,0,0.0,0.0,1,1,0,1,0,0,0,3.2,22,18,4,1,1,2,8,8,3,0,3,0,0,1,0,0,0,0,0,0,0,0.63,90,6,2,0,0,-0.4,-0.2,-0.4,5.54,1,1,0,0,0,0,0,0,0.00,0.0,.000,0,0,3.2,0,0,0,0,0,0,0,0,0,0,0,0,0.0,0.0
SP,Ed Holley,Ed,Holley,Atlanta Braves TTC,6' 1',195 lbs,R,R,69,Philadelphia Phillies,PHI,1932,1921-1945,,84263,Bronze,Rookie Sensation  SP Ed Holley  PHI  1932,0,N,0,4,8,1,13,7,6,5,1,22,9,4,10,2,11,7,33,10,Normal,Spray,Spray,70,87,77,68,60,82,91,54,78,92,65,75,57,-,77,78,-,-,91,-,-,-,-,-,4,EX FB,90-92,3/4,Normal,76,60,-,-,-,24,20,22,23,3,3,1,51,-,-,-,-,-,-,-,-,51,-,-,-,-,-,-,-,-,5,5,6,5,,,0,0,0,0,0,0,0,0,0,0,0,0,0,0,0,0,0,0.0,0.00,0,-0.0,0.0,0.00,0,0,0.0,0.0,2,2,0,2,0,0,0,15.0,67,58,9,5,1,1,6,5,4,1,7,2,2,1,1,0,0,0,0,0,0,0.95,241,13,24,0,0,0.1,0.3,0.4,5.14,2,2,5,2,3,0,0,0,3.00,0.1,1.096,0,0,15.0,0,0,2,2,0,0,0,0,0,0,0,0,0.0,0.0
SP,Al Hollingsworth,Al,Hollingsworth,Statesville Shadowcats,6' 0',175 lbs,L,L,69,Cincinnati Reds,CIN,1936,1921-1945,,83169,Bronze,Snapshot  SP Al Hollingsworth  CIN  1936,0,N,0,28,24,23,30,18,16,14,13,33,10,31,28,27,30,21,26,9,Normal,Spray,Spray,74,69,74,85,92,73,46,108,68,68,83,79,92,97,73,-,-,-,-,-,-,-,-,-,3,FB,90-92,SIDE,Normal,74,33,-,-,-,29,30,27,23,6,4,6,67,-,-,-,-,-,-,-,-,67,-,-,-,-,-,-,-,-,11,4,6,17,,,0,0,0,0,0,0,0,0,0,0,0,0,0,0,0,0,0,0.0,0.00,0,-0.0,0.0,0.00,0,0,0.0,0.0,1,1,0,0,0,0,0,6.0,28,26,3,1,1,3,7,6,2,0,5,0,0,0,0,0,0,0,0,0,0,0.93,96,3,9,0,0,-0.3,-0.2,-0.2,3.96,1,1,2,1,0,1,0,0,1.50,0.0,.000,0,0,6.0,0,0,0,0,0,0,0,0,0,0,0,0,-0.1,0.0
SP,Al Hollingsworth,Al,Hollingsworth,San Francisco Seals,6' 0',175 lbs,L,L,69,Cincinnati Reds,CIN,1936,1921-1945,,83169,Bronze,Snapshot  SP Al Hollingsworth  CIN  1936,0,N,0,28,24,23,30,18,16,14,13,33,10,31,28,27,30,21,26,9,Normal,Spray,Spray,74,69,74,85,92,73,46,108,68,68,83,79,92,97,73,-,-,-,-,-,-,-,-,-,3,FB,90-92,SIDE,Normal,74,33,-,-,-,29,30,27,23,6,4,6,67,-,-,-,-,-,-,-,-,67,-,-,-,-,-,-,-,-,11,4,6,17,,,0,0,0,0,0,0,0,0,0,0,0,0,0,0,0,0,0,0.0,0.00,0,-0.0,0.0,0.00,0,0,0.0,0.0,4,0,0,1,0,1,1,12.2,51,47,8,0,1,1,1,1,4,1,9,0,0,0,0,0,0,2,3,7,2,1.37,178,13,14,0,0,0.3,0.2,0.8,4.29,4,0,2,0,1,1,0,0,0.71,0.0,.000,0,0,12.2,0,0,0,0,0,0,0,0,0,0,0,0,0.0,0.0
SP,Al Hollingsworth,Al,Hollingsworth,Allston Wolf Spiders,6' 0',175 lbs,L,L,69,Cincinnati Reds,CIN,1936,1921-1945,,83169,Bronze,Snapshot  SP Al Hollingsworth  CIN  1936,0,N,0,28,24,23,30,18,16,14,13,33,10,31,28,27,30,21,26,9,Normal,Spray,Spray,74,69,74,85,92,73,46,108,68,68,83,79,92,97,73,-,-,-,-,-,-,-,-,-,3,FB,90-92,SIDE,Normal,74,33,-,-,-,29,30,27,23,6,4,6,67,-,-,-,-,-,-,-,-,67,-,-,-,-,-,-,-,-,11,4,6,17,,,0,0,0,0,0,0,0,0,0,0,0,0,0,0,0,0,0,0.0,0.00,0,-0.0,0.0,0.00,0,0,0.0,0.0,2,2,1,1,0,0,0,17.0,73,65,8,3,0,4,8,7,7,0,11,0,1,0,0,0,0,0,0,0,0,0.82,271,12,26,0,0,-0.1,-0.1,0.3,4.77,2,2,3,3,0,0,0,0,1.59,-0.4,.548,0,0,17.0,0,0,1,1,1,0,0,0,0,0,0,0,0.0,0.0
SP,Al Hollingsworth,Al,Hollingsworth,The Colony Lynx,6' 0',175 lbs,L,L,69,Cincinnati Reds,CIN,1936,1921-1945,,83169,Bronze,Snapshot  SP Al Hollingsworth  CIN  1936,0,N,0,28,24,23,30,18,16,14,13,33,10,31,28,27,30,21,26,9,Normal,Spray,Spray,74,69,74,85,92,73,46,108,68,68,83,79,92,97,73,-,-,-,-,-,-,-,-,-,3,FB,90-92,SIDE,Normal,74,33,-,-,-,29,30,27,23,6,4,6,67,-,-,-,-,-,-,-,-,67,-,-,-,-,-,-,-,-,11,4,6,17,,,0,0,0,0,0,0,0,0,0,0,0,0,0,0,0,0,0,0.0,0.00,0,-0.0,0.0,0.00,0,0,0.0,0.0,1,0,0,0,0,0,0,4.1,16,16,2,1,0,0,1,0,0,0,4,0,0,0,0,0,0,0,1,2,0,0.22,66,3,6,0,0,0.0,0.2,0.2,2.02,1,0,1,0,1,0,0,0,2.08,0.0,.000,0,0,4.1,0,0,1,1,0,0,0,0,0,0,0,0,0.0,0.0
SP,Al Hollingsworth,Al,Hollingsworth,Aurora Highlanders,6' 0',175 lbs,L,L,69,Cincinnati Reds,CIN,1936,1921-1945,,83169,Bronze,Snapshot  SP Al Hollingsworth  CIN  1936,0,N,0,28,24,23,30,18,16,14,13,33,10,31,28,27,30,21,26,9,Normal,Spray,Spray,74,69,74,85,92,73,46,108,68,68,83,79,92,97,73,-,-,-,-,-,-,-,-,-,3,FB,90-92,SIDE,Normal,74,33,-,-,-,29,30,27,23,6,4,6,67,-,-,-,-,-,-,-,-,67,-,-,-,-,-,-,-,-,11,4,6,17,,,0,0,0,0,0,0,0,0,0,0,0,0,0,0,0,0,0,0.0,0.00,0,-0.0,0.0,0.00,0,0,0.0,0.0,1,1,0,1,0,0,0,2.1,18,14,4,2,0,0,7,6,3,0,2,1,0,0,0,0,0,0,0,0,0,0.81,77,2,3,0,0,-0.4,-0.0,-0.4,6.33,1,1,0,0,0,0,0,0,0.00,0.0,.000,0,0,2.1,0,0,0,0,0,0,0,0,0,0,0,0,0.0,0.0
SP,Al Hollingsworth,Al,Hollingsworth,Columbus Evil Squirrels,6' 0',175 lbs,L,L,69,Cincinnati Reds,CIN,1936,1921-1945,,83169,Bronze,Snapshot  SP Al Hollingsworth  CIN  1936,0,Y,1,29,25,24,31,19,17,15,14,34,11,32,29,28,31,22,26,9,Normal,Spray,Spray,76,71,76,87,94,75,48,110,70,70,85,81,92,97,73,-,-,-,-,-,-,-,-,-,3,FB,90-92,SIDE,Normal,74,33,-,-,-,29,30,27,23,6,4,6,69,-,-,-,-,-,-,-,-,69,-,-,-,-,-,-,-,-,11,4,6,17,,,0,0,0,0,0,0,0,0,0,0,0,0,0,0,0,0,0,0.0,0.00,0,-0.0,0.0,0.00,0,0,0.0,0.0,1,1,0,1,0,0,0,6.0,29,26,4,3,0,1,6,6,3,1,2,0,0,0,0,0,0,1,0,0,0,1.02,80,11,4,0,0,-0.3,-0.0,-0.2,6.17,1,1,0,0,0,0,0,0,0.00,0.0,.000,0,0,6.0,0,0,0,0,0,0,0,0,0,0,0,0,0.0,0.0
SP,Al Hollingsworth,Al,Hollingsworth,Bismarck Blizzard,6' 0',175 lbs,L,L,69,Cincinnati Reds,CIN,1936,1921-1945,,83169,Bronze,Snapshot  SP Al Hollingsworth  CIN  1936,0,N,0,28,24,23,30,18,16,14,13,33,10,31,28,27,30,21,26,9,Normal,Spray,Spray,74,69,74,85,92,73,46,108,68,68,83,79,92,97,73,-,-,-,-,-,-,-,-,-,3,FB,90-92,SIDE,Normal,74,33,-,-,-,29,30,27,23,6,4,6,67,-,-,-,-,-,-,-,-,67,-,-,-,-,-,-,-,-,11,4,6,17,,,0,0,0,0,0,0,0,0,0,0,0,0,0,0,0,0,0,0.0,0.00,0,-0.0,0.0,0.00,0,0,0.0,0.0,1,1,0,1,0,0,0,6.0,29,27,3,1,0,4,6,4,2,0,4,0,0,0,0,0,0,0,0,0,0,0.60,98,7,7,0,0,-0.4,-0.3,-0.2,4.74,1,1,0,0,0,0,0,0,0.00,0.0,.000,0,0,6.0,0,0,0,0,0,0,0,0,0,0,0,0,0.0,0.0
SP,Al Hollingsworth,Al,Hollingsworth,Columbus Fire Ants,6' 0',175 lbs,L,L,69,Cincinnati Reds,CIN,1936,1921-1945,,83169,Bronze,Snapshot  SP Al Hollingsworth  CIN  1936,0,Y,5,32,28,26,34,21,19,17,16,37,13,35,32,31,34,24,26,9,Normal,Spray,Spray,81,75,81,92,100,80,51,117,74,74,90,86,92,97,73,-,-,-,-,-,-,-,-,-,3,FB,90-92,SIDE,Normal,74,33,-,-,-,29,30,27,23,6,4,6,72,-,-,-,-,-,-,-,-,72,-,-,-,-,-,-,-,-,11,4,6,17,,,0,0,0,0,0,0,0,0,0,0,0,0,0,0,0,0,0,0.0,0.00,0,-0.0,0.0,0.00,0,0,0.0,0.0,2,2,2,0,0,0,0,16.2,64,56,9,1,0,1,4,4,7,0,10,0,0,1,1,0,0,1,0,0,0,0.92,260,10,26,0,1,0.5,0.3,0.8,4.72,2,2,1,0,1,0,0,0,0.54,0.3,1.096,1,1,16.2,0,0,1,1,0,0,0,0,0,0,0,0,0.0,0.0
SP,Al Hollingsworth,Al,Hollingsworth,Moncton Mosquitos,6' 0',175 lbs,L,L,69,Cincinnati Reds,CIN,1936,1921-1945,,83169,Bronze,Snapshot  SP Al Hollingsworth  CIN  1936,0,N,0,28,24,23,30,18,16,14,13,33,10,31,28,27,30,21,26,9,Normal,Spray,Spray,74,69,74,85,92,73,46,108,68,68,83,79,92,97,73,-,-,-,-,-,-,-,-,-,3,FB,90-92,SIDE,Normal,74,33,-,-,-,29,30,27,23,6,4,6,67,-,-,-,-,-,-,-,-,67,-,-,-,-,-,-,-,-,11,4,6,17,,,0,0,0,0,0,0,0,0,0,0,0,0,0,0,0,0,0,0.0,0.00,0,-0.0,0.0,0.00,0,0,0.0,0.0,1,1,0,1,0,0,0,4.2,26,20,5,0,0,1,7,5,4,0,2,1,1,0,0,0,0,0,0,0,0,0.86,96,6,6,0,0,-0.4,-0.1,-0.3,6.64,1,1,2,2,0,0,0,0,3.86,0.1,1.096,0,0,4.2,0,0,2,2,0,0,0,0,0,0,0,0,0.0,0.0
SP,Al Hollingsworth,Al,Hollingsworth,Honolulu Warriors - HotL,6' 0',175 lbs,L,L,69,Cincinnati Reds,CIN,1936,1921-1945,,83169,Bronze,Snapshot  SP Al Hollingsworth  CIN  1936,0,N,0,28,24,23,30,18,16,14,13,33,10,31,28,27,30,21,26,9,Normal,Spray,Spray,74,69,74,85,92,73,46,108,68,68,83,79,92,97,73,-,-,-,-,-,-,-,-,-,3,FB,90-92,SIDE,Normal,74,33,-,-,-,29,30,27,23,6,4,6,67,-,-,-,-,-,-,-,-,67,-,-,-,-,-,-,-,-,11,4,6,17,,,0,0,0,0,0,0,0,0,0,0,0,0,0,0,0,0,0,0.0,0.00,0,-0.0,0.0,0.00,0,0,0.0,0.0,2,2,1,0,0,0,0,14.0,65,57,11,3,0,3,7,7,6,0,10,1,0,1,1,0,0,1,0,0,0,1.06,252,12,18,0,1,-0.1,-0.1,0.2,4.78,2,2,3,2,1,0,0,0,1.93,0.3,1.096,1,1,14.0,0,0,1,1,0,0,0,0,0,0,0,0,0.0,0.0
SP,Al Hollingsworth,Al,Hollingsworth,Roseburg River Hawks,6' 0',175 lbs,L,L,69,Cincinnati Reds,CIN,1936,1921-1945,,83169,Bronze,Snapshot  SP Al Hollingsworth  CIN  1936,0,Y,5,32,28,26,34,21,19,17,16,37,13,35,32,31,34,24,26,9,Normal,Spray,Spray,81,75,81,92,100,80,51,117,74,74,90,86,92,97,73,-,-,-,-,-,-,-,-,-,3,FB,90-92,SIDE,Normal,74,33,-,-,-,29,30,27,23,6,4,6,72,-,-,-,-,-,-,-,-,72,-,-,-,-,-,-,-,-,11,4,6,17,,,0,0,0,0,0,0,0,0,0,0,0,0,0,0,0,0,0,0.0,0.00,0,-0.0,0.0,0.00,0,0,0.0,0.0,1,1,1,0,0,0,0,7.1,32,25,3,0,1,0,2,2,5,0,4,0,0,2,1,0,0,0,0,0,0,1.33,131,7,11,0,0,0.2,0.1,0.3,6.00,1,1,0,0,0,0,0,0,0.00,0.0,.000,0,0,7.1,0,0,0,0,0,0,0,0,0,0,0,0,0.0,0.0
SP,Al Hollingsworth,Al,Hollingsworth,Atlanta Braves TTC,6' 0',175 lbs,L,L,69,Cincinnati Reds,CIN,1936,1921-1945,,83169,Bronze,Snapshot  SP Al Hollingsworth  CIN  1936,0,N,0,28,24,23,30,18,16,14,13,33,10,31,28,27,30,21,26,9,Normal,Spray,Spray,74,69,74,85,92,73,46,108,68,68,83,79,92,97,73,-,-,-,-,-,-,-,-,-,3,FB,90-92,SIDE,Normal,74,33,-,-,-,29,30,27,23,6,4,6,67,-,-,-,-,-,-,-,-,67,-,-,-,-,-,-,-,-,11,4,6,17,,,0,0,0,0,0,0,0,0,0,0,0,0,0,0,0,0,0,0.0,0.00,0,-0.0,0.0,0.00,0,0,0.0,0.0,3,3,0,2,0,0,0,25.1,109,100,22,3,0,1,13,11,7,1,16,0,1,1,0,0,0,0,0,0,0,1.22,382,13,46,0,1,-0.1,0.8,0.3,4.15,3,3,2,0,2,0,0,0,0.71,0.3,.000,1,1,25.1,0,0,0,0,0,0,0,0,0,0,0,0,-0.4,0.0
SP,Connie Johnson,Connie,Johnson,Louisville Haymakers,6' 4',200 lbs,R,R,65,Kansas City Monarchs,KCM,1946,1946-1960,,84420,Bronze,Negro League Star  SP Connie Johnson  KCM  1946,0,N,0,12,30,2,29,21,20,23,2,31,12,10,32,2,29,25,37,13,Normal,Normal,Normal,91,60,68,79,91,53,95,79,90,64,46,80,79,110,88,-,-,-,-,-,-,108,-,-,4,NEU,88-90,3/4,Normal,71,60,1,1,1,29,53,36,25,5,7,5,84,-,-,-,-,-,-,-,-,84,-,-,-,-,-,-,-,-,18,4,11,29,,,0,0,0,0,0,0,0,0,0,0,0,0,0,0,0,0,0,0.0,0.00,0,-0.0,0.0,0.00,0,0,0.0,0.0,1,0,0,0,0,0,0,0.2,5,4,1,0,0,0,1,0,1,0,0,0,0,0,1,0,0,0,1,1,1,0.26,26,1,1,0,0,-0.0,-0.0,-0.1,8.43,1,0,0,0,0,0,0,0,0.00,0.0,.000,0,0,0.2,0,0,0,0,0,0,0,0,0,0,0,0,0.0,0.0
SP,Joe Krakauskas,Joe,Krakauskas,BAGgin' Dingers TTC,6' 1',205 lbs,L,L,57,Washington Senators,MIN,1938,1921-1945,CS,85829,Iron,Clubhouse - Rookie Sensation  SP Joe Krakauskas  WS1  1938,0,N,0,1,5,1,4,1,3,7,1,4,1,1,5,1,5,2,32,1,Normal,Spray,Spray,129,31,121,98,108,48,38,150,136,22,152,80,107,152,-,-,105,-,-,-,-,-,-,-,3,EX FB,90-92,3/4,Normal,67,52,-,-,-,23,20,22,23,9,1,10,50,-,-,-,-,-,-,-,-,50,-,-,-,-,-,-,-,-,9,3,6,15,,,0,0,0,0,0,0,0,0,0,0,0,0,0,0,0,0,0,0.0,0.00,0,-0.0,0.0,0.00,0,0,0.0,0.0,1,0,0,0,0,0,1,0.2,5,2,0,0,0,0,0,0,3,1,0,0,0,0,0,0,0,0,1,1,1,4.48,21,2,0,0,0,-0.3,-0.2,0.1,12.08,1,0,0,0,0,0,0,0,0.00,0.0,.000,0,0,0.2,0,0,0,0,0,0,0,0,0,0,0,0,0.0,0.0
SP,Bob Kuzava,Bob,Kuzava,Town of Lake Loons,6' 2',205 lbs,S,L,68,New York Yankees,NYY,1951,1946-1960,,83150,Bronze,Snapshot  SP Bob Kuzava  NYY  1951,0,N,0,2,7,1,8,2,1,4,1,13,3,3,8,1,7,2,50,7,Normal,Spray,Spray,85,68,84,72,71,74,37,72,89,67,100,73,84,-,79,-,113,-,-,-,-,-,-,-,3,EX FB,89-91,3/4,Normal,61,63,-,-,-,26,20,23,23,2,5,1,54,-,-,-,-,-,-,-,-,54,-,-,-,-,-,-,-,-,15,3,6,27,,,0,0,0,0,0,0,0,0,0,0,0,0,0,0,0,0,0,0.0,0.00,0,-0.0,0.0,0.00,0,0,0.0,0.0,1,1,0,0,0,0,0,5.1,25,23,2,4,0,1,4,4,2,0,3,0,0,0,0,0,0,0,0,0,0,1.18,108,5,8,0,0,-0.3,-0.0,-0.0,5.16,1,1,0,0,0,0,0,0,0.00,0.0,.000,0,0,5.1,0,0,0,0,0,0,0,0,0,0,0,0,0.0,0.0
SP,Bob Kuzava,Bob,Kuzava,The Colony Lynx,6' 2',205 lbs,S,L,68,New York Yankees,NYY,1951,1946-1960,,83150,Bronze,Snapshot  SP Bob Kuzava  NYY  1951,0,N,0,2,7,1,8,2,1,4,1,13,3,3,8,1,7,2,50,7,Normal,Spray,Spray,85,68,84,72,71,74,37,72,89,67,100,73,84,-,79,-,113,-,-,-,-,-,-,-,3,EX FB,89-91,3/4,Normal,61,63,-,-,-,26,20,23,23,2,5,1,54,-,-,-,-,-,-,-,-,54,-,-,-,-,-,-,-,-,15,3,6,27,,,0,0,0,0,0,0,0,0,0,0,0,0,0,0,0,0,0,0.0,0.00,0,-0.0,0.0,0.00,0,0,0.0,0.0,3,0,2,1,0,2,1,3.2,20,15,3,1,0,1,4,1,3,2,3,1,1,0,0,0,0,1,2,3,0,2.45,69,6,1,1,0,-0.2,-0.2,-0.3,5.62,3,0,0,0,0,0,0,0,0.00,-0.2,.000,1,0,3.2,0,0,0,0,0,0,0,0,0,0,0,0,0.0,0.0
SP,Bob Kuzava,Bob,Kuzava,King Street 504s,6' 2',205 lbs,S,L,68,New York Yankees,NYY,1951,1946-1960,,83150,Bronze,Snapshot  SP Bob Kuzava  NYY  1951,0,Y,5,4,9,1,11,4,1,6,1,16,5,5,11,1,9,4,50,7,Normal,Spray,Spray,92,74,91,79,77,81,41,79,97,73,108,80,84,-,79,-,113,-,-,-,-,-,-,-,3,EX FB,89-91,3/4,Normal,61,63,-,-,-,26,20,23,23,2,5,1,58,-,-,-,-,-,-,-,-,58,-,-,-,-,-,-,-,-,15,3,6,27,,,0,0,0,0,0,0,0,0,0,0,0,0,0,0,0,0,0,0.0,0.00,0,-0.0,0.0,0.00,0,0,0.0,0.0,1,1,1,0,0,0,0,7.0,27,24,2,0,0,3,3,3,3,0,3,0,0,0,0,0,0,2,0,0,0,1.09,101,7,8,0,0,0.1,-0.2,0.2,5.66,1,1,0,0,0,0,0,0,0.00,0.0,.000,0,0,7.0,0,0,0,0,0,0,0,0,0,0,0,0,0.0,0.0
SP,Dutch Leonard,Dutch,Leonard,Statesville Shadowcats,6' 0',175 lbs,R,R,69,Washington Senators,MIN,1938,1921-1945,,83200,Bronze,Snapshot  SP Dutch Leonard  WS1  1938,0,N,0,26,61,4,34,25,36,42,4,37,25,21,64,4,33,26,68,7,Normal,Pull,Pull,50,94,87,75,51,103,122,79,49,88,58,72,62,-,57,-,-,-,-,-,-,72,-,61,4,EX FB,90-92,OTT,Normal,75,60,-,-,-,35,30,29,23,8,5,3,75,-,-,-,-,-,-,-,-,75,-,-,-,-,-,-,-,-,8,5,6,10,,,0,0,0,0,0,0,0,0,0,0,0,0,0,0,0,0,0,0.0,0.00,0,-0.0,0.0,0.00,0,0,0.0,0.0,1,1,0,1,0,0,0,5.2,25,23,3,2,0,1,6,6,2,1,3,0,0,0,1,0,0,0,0,0,0,0.98,89,7,7,0,0,-0.3,0.0,-0.2,5.13,1,1,1,1,0,0,0,0,1.59,0.1,1.096,0,0,5.2,0,0,0,0,1,1,0,0,0,0,0,0,0.0,0.0
SP,Dutch Leonard,Dutch,Leonard,San Francisco Seals,6' 0',175 lbs,R,R,69,Washington Senators,MIN,1938,1921-1945,,83200,Bronze,Snapshot  SP Dutch Leonard  WS1  1938,0,N,0,26,61,4,34,25,36,42,4,37,25,21,64,4,33,26,68,7,Normal,Pull,Pull,50,94,87,75,51,103,122,79,49,88,58,72,62,-,57,-,-,-,-,-,-,72,-,61,4,EX FB,90-92,OTT,Normal,75,60,-,-,-,35,30,29,23,8,5,3,75,-,-,-,-,-,-,-,-,75,-,-,-,-,-,-,-,-,8,5,6,10,,,0,0,0,0,0,0,0,0,0,0,0,0,0,0,0,0,0,0.0,0.00,0,-0.0,0.0,0.00,0,0,0.0,0.0,2,2,1,1,0,0,0,17.2,76,71,10,1,2,4,9,7,3,0,3,1,0,1,1,0,0,0,0,0,0,0.93,261,24,25,0,1,0.0,-0.2,0.2,5.96,2,2,5,4,1,0,0,0,2.55,0.5,1.096,1,1,17.2,0,0,2,2,1,1,0,0,0,0,0,0,0.0,0.0
SP,Dutch Leonard,Dutch,Leonard,Ungentlemanly Fightin' Fellows TTC,6' 0',175 lbs,R,R,69,Washington Senators,MIN,1938,1921-1945,,83200,Bronze,Snapshot  SP Dutch Leonard  WS1  1938,0,N,0,26,61,4,34,25,36,42,4,37,25,21,64,4,33,26,68,7,Normal,Pull,Pull,50,94,87,75,51,103,122,79,49,88,58,72,62,-,57,-,-,-,-,-,-,72,-,61,4,EX FB,90-92,OTT,Normal,75,60,-,-,-,35,30,29,23,8,5,3,75,-,-,-,-,-,-,-,-,75,-,-,-,-,-,-,-,-,8,5,6,10,,,0,0,0,0,0,0,0,0,0,0,0,0,0,0,0,0,0,0.0,0.00,0,-0.0,0.0,0.00,0,0,0.0,0.0,1,0,0,0,0,0,0,0.2,5,5,2,1,0,1,3,3,0,0,1,0,0,0,0,0,0,0,1,1,1,0.10,13,0,0,0,0,-0.0,-0.1,-0.2,3.05,1,0,0,0,0,0,0,0,0.00,0.0,.000,0,0,0.2,0,0,0,0,0,0,0,0,0,0,0,0,0.0,0.0
SP,Dutch Leonard,Dutch,Leonard,Port Townsend Wild Daphnes,6' 0',175 lbs,R,R,69,Washington Senators,MIN,1938,1921-1945,,83200,Bronze,Snapshot  SP Dutch Leonard  WS1  1938,0,N,0,26,61,4,34,25,36,42,4,37,25,21,64,4,33,26,68,7,Normal,Pull,Pull,50,94,87,75,51,103,122,79,49,88,58,72,62,-,57,-,-,-,-,-,-,72,-,61,4,EX FB,90-92,OTT,Normal,75,60,-,-,-,35,30,29,23,8,5,3,75,-,-,-,-,-,-,-,-,75,-,-,-,-,-,-,-,-,8,5,6,10,,,0,0,0,0,0,0,0,0,0,0,0,0,0,0,0,0,0,0.0,0.00,0,-0.0,0.0,0.00,0,0,0.0,0.0,6,6,2,4,0,0,0,46.1,201,189,36,9,0,6,27,27,11,1,27,0,1,0,1,0,0,0,0,0,0,1.21,749,40,71,0,0,0.0,0.6,0.3,4.59,6,6,4,3,1,0,0,0,0.78,0.5,1.462,0,0,46.1,0,0,4,4,0,0,0,0,0,0,0,0,-0.1,0.0
SP,Dutch Leonard,Dutch,Leonard,Aberfeldie Falcons,6' 0',175 lbs,R,R,69,Washington Senators,MIN,1938,1921-1945,,83200,Bronze,Snapshot  SP Dutch Leonard  WS1  1938,0,N,0,26,61,4,34,25,36,42,4,37,25,21,64,4,33,26,68,7,Normal,Pull,Pull,50,94,87,75,51,103,122,79,49,88,58,72,62,-,57,-,-,-,-,-,-,72,-,61,4,EX FB,90-92,OTT,Normal,75,60,-,-,-,35,30,29,23,8,5,3,75,-,-,-,-,-,-,-,-,75,-,-,-,-,-,-,-,-,8,5,6,10,,,0,0,0,0,0,0,0,0,0,0,0,0,0,0,0,0,0,0.0,0.00,0,-0.0,0.0,0.00,0,0,0.0,0.0,1,1,0,1,0,0,0,6.0,33,29,10,1,0,1,10,9,3,0,4,0,1,0,0,0,0,0,0,0,0,1.07,129,7,6,0,0,-0.6,-0.0,-0.4,5.21,1,1,1,1,0,0,0,0,1.50,0.1,1.096,0,0,6.0,0,0,1,1,0,0,0,0,0,0,0,0,0.0,0.0
SP,Dutch Leonard,Dutch,Leonard,Brentwood Senators,6' 0',175 lbs,R,R,69,Washington Senators,MIN,1938,1921-1945,,83200,Bronze,Snapshot  SP Dutch Leonard  WS1  1938,0,N,0,26,61,4,34,25,36,42,4,37,25,21,64,4,33,26,68,7,Normal,Pull,Pull,50,94,87,75,51,103,122,79,49,88,58,72,62,-,57,-,-,-,-,-,-,72,-,61,4,EX FB,90-92,OTT,Normal,75,60,-,-,-,35,30,29,23,8,5,3,75,-,-,-,-,-,-,-,-,75,-,-,-,-,-,-,-,-,8,5,6,10,,,0,0,0,0,0,0,0,0,0,0,0,0,0,0,0,0,0,0.0,0.00,0,-0.0,0.0,0.00,0,0,0.0,0.0,1,1,0,1,0,0,0,8.0,35,34,9,1,1,0,2,2,0,0,2,0,1,0,0,0,0,0,0,0,0,0.82,112,12,10,0,0,0.1,0.3,0.4,5.15,1,1,3,2,1,0,0,0,3.38,0.1,1.096,0,0,8.0,0,0,2,2,0,0,0,0,0,0,0,0,0.0,0.0
SP,Dutch Leonard,Dutch,Leonard,Louisville Haymakers,6' 0',175 lbs,R,R,69,Washington Senators,MIN,1938,1921-1945,,83200,Bronze,Snapshot  SP Dutch Leonard  WS1  1938,0,N,0,26,61,4,34,25,36,42,4,37,25,21,64,4,33,26,68,7,Normal,Pull,Pull,50,94,87,75,51,103,122,79,49,88,58,72,62,-,57,-,-,-,-,-,-,72,-,61,4,EX FB,90-92,OTT,Normal,75,60,-,-,-,35,30,29,23,8,5,3,75,-,-,-,-,-,-,-,-,75,-,-,-,-,-,-,-,-,8,5,6,10,,,0,0,0,0,0,0,0,0,0,0,0,0,0,0,0,0,0,0.0,0.00,0,-0.0,0.0,0.00,0,0,0.0,0.0,2,2,1,1,0,0,0,17.2,81,67,9,3,1,1,8,6,13,2,5,0,0,1,2,0,0,1,0,0,0,1.23,307,19,28,0,0,-0.0,0.1,0.4,7.11,2,2,3,1,2,0,0,0,1.53,0.4,2.193,0,0,17.2,0,0,1,1,1,1,0,0,0,0,0,0,0.0,0.0
SP,Dutch Leonard,Dutch,Leonard,DongTan Milky,6' 0',175 lbs,R,R,69,Washington Senators,MIN,1938,1921-1945,,83200,Bronze,Snapshot  SP Dutch Leonard  WS1  1938,0,N,0,26,61,4,34,25,36,42,4,37,25,21,64,4,33,26,68,7,Normal,Pull,Pull,50,94,87,75,51,103,122,79,49,88,58,72,62,-,57,-,-,-,-,-,-,72,-,61,4,EX FB,90-92,OTT,Normal,75,60,-,-,-,35,30,29,23,8,5,3,75,-,-,-,-,-,-,-,-,75,-,-,-,-,-,-,-,-,8,5,6,10,,,0,0,0,0,0,0,0,0,0,0,0,0,0,0,0,0,0,0.0,0.00,0,-0.0,0.0,0.00,0,0,0.0,0.0,1,1,0,1,0,0,0,8.2,43,39,6,3,1,2,5,5,4,3,1,0,0,0,0,0,0,0,0,0,0,1.53,126,13,12,0,0,-0.5,-0.1,0.1,6.77,1,1,2,0,2,0,0,0,2.08,0.5,.000,0,0,8.2,0,0,0,0,0,0,0,0,1,1,0,0,0.0,0.0
SP,Dutch Leonard,Dutch,Leonard,Aurora Highlanders,6' 0',175 lbs,R,R,69,Washington Senators,MIN,1938,1921-1945,,83200,Bronze,Snapshot  SP Dutch Leonard  WS1  1938,0,N,0,26,61,4,34,25,36,42,4,37,25,21,64,4,33,26,68,7,Normal,Pull,Pull,50,94,87,75,51,103,122,79,49,88,58,72,62,-,57,-,-,-,-,-,-,72,-,61,4,EX FB,90-92,OTT,Normal,75,60,-,-,-,35,30,29,23,8,5,3,75,-,-,-,-,-,-,-,-,75,-,-,-,-,-,-,-,-,8,5,6,10,,,0,0,0,0,0,0,0,0,0,0,0,0,0,0,0,0,0,0.0,0.00,0,-0.0,0.0,0.00,0,0,0.0,0.0,1,1,0,1,0,0,0,8.0,38,34,7,4,0,0,5,5,4,0,5,0,0,0,0,0,0,0,0,0,0,0.47,148,7,11,0,1,-0.2,0.2,0.0,5.29,1,1,1,1,0,0,0,0,1.12,0.4,1.096,1,1,8.0,0,0,0,0,0,0,1,1,0,0,0,0,0.0,0.0
SP,Dutch Leonard,Dutch,Leonard,Columbus Evil Squirrels,6' 0',175 lbs,R,R,69,Washington Senators,MIN,1938,1921-1945,,83200,Bronze,Snapshot  SP Dutch Leonard  WS1  1938,0,N,0,26,61,4,34,25,36,42,4,37,25,21,64,4,33,26,68,7,Normal,Pull,Pull,50,94,87,75,51,103,122,79,49,88,58,72,62,-,57,-,-,-,-,-,-,72,-,61,4,EX FB,90-92,OTT,Normal,75,60,-,-,-,35,30,29,23,8,5,3,75,-,-,-,-,-,-,-,-,75,-,-,-,-,-,-,-,-,8,5,6,10,,,0,0,0,0,0,0,0,0,0,0,0,0,0,0,0,0,0,0.0,0.00,0,-0.0,0.0,0.00,0,0,0.0,0.0,1,1,0,1,0,0,0,6.1,34,32,9,1,2,1,9,8,1,0,3,0,0,1,1,0,0,0,0,0,0,0.58,98,5,11,0,0,-0.1,0.1,-0.3,5.03,1,1,1,1,0,0,0,0,1.42,0.1,1.096,0,0,6.1,0,0,1,1,0,0,0,0,0,0,0,0,0.0,0.0
SP,Dutch Leonard,Dutch,Leonard,Gettysburg Iron Brigade,6' 0',175 lbs,R,R,69,Washington Senators,MIN,1938,1921-1945,,83200,Bronze,Snapshot  SP Dutch Leonard  WS1  1938,0,Y,5,30,67,6,38,29,40,47,6,41,29,24,70,6,37,30,68,7,Normal,Pull,Pull,55,102,94,82,56,111,132,86,54,96,64,79,62,-,57,-,-,-,-,-,-,72,-,61,4,EX FB,90-92,OTT,Normal,75,60,-,-,-,35,30,29,23,8,5,3,81,-,-,-,-,-,-,-,-,81,-,-,-,-,-,-,-,-,8,5,6,10,,,0,0,0,0,0,0,0,0,0,0,0,0,0,0,0,0,0,0.0,0.00,0,-0.0,0.0,0.00,0,0,0.0,0.0,3,3,1,2,0,0,0,24.2,108,98,18,3,0,5,13,10,7,1,17,0,3,0,0,0,0,2,0,0,0,1.39,377,21,33,0,1,-0.6,0.1,0.3,4.39,3,3,2,1,1,0,0,0,0.73,0.3,1.096,1,1,24.2,0,0,1,1,0,0,0,0,0,0,0,0,-0.1,0.0
SP,Dutch Leonard,Dutch,Leonard,Bismarck Blizzard,6' 0',175 lbs,R,R,69,Washington Senators,MIN,1938,1921-1945,,83200,Bronze,Snapshot  SP Dutch Leonard  WS1  1938,0,N,0,26,61,4,34,25,36,42,4,37,25,21,64,4,33,26,68,7,Normal,Pull,Pull,50,94,87,75,51,103,122,79,49,88,58,72,62,-,57,-,-,-,-,-,-,72,-,61,4,EX FB,90-92,OTT,Normal,75,60,-,-,-,35,30,29,23,8,5,3,75,-,-,-,-,-,-,-,-,75,-,-,-,-,-,-,-,-,8,5,6,10,,,0,0,0,0,0,0,0,0,0,0,0,0,0,0,0,0,0,0.0,0.00,0,-0.0,0.0,0.00,0,0,0.0,0.0,1,1,0,1,0,0,0,7.0,34,30,6,1,0,1,6,3,3,0,1,0,0,1,1,0,0,0,0,0,0,0.92,119,9,11,1,0,-0.2,-0.0,-0.1,6.76,1,1,0,0,0,0,0,0,0.00,-0.2,.000,1,0,7.0,0,0,0,0,0,0,0,0,0,0,0,0,0.0,0.0
SP,Dutch Leonard,Dutch,Leonard,Columbus Fire Ants,6' 0',175 lbs,R,R,69,Washington Senators,MIN,1938,1921-1945,,83200,Bronze,Snapshot  SP Dutch Leonard  WS1  1938,0,N,0,26,61,4,34,25,36,42,4,37,25,21,64,4,33,26,68,7,Normal,Pull,Pull,50,94,87,75,51,103,122,79,49,88,58,72,62,-,57,-,-,-,-,-,-,72,-,61,4,EX FB,90-92,OTT,Normal,75,60,-,-,-,35,30,29,23,8,5,3,75,-,-,-,-,-,-,-,-,75,-,-,-,-,-,-,-,-,8,5,6,10,,,0,0,0,0,0,0,0,0,0,0,0,0,0,0,0,0,0,0.0,0.00,0,-0.0,0.0,0.00,0,0,0.0,0.0,2,2,1,1,0,0,0,18.0,74,69,8,2,1,3,4,4,4,0,5,1,0,0,0,0,0,2,0,0,0,1.02,270,18,28,0,0,0.4,-0.0,0.9,5.73,2,2,2,0,2,0,0,0,1.00,0.0,.000,0,0,18.0,0,0,0,0,0,0,0,0,0,0,0,0,-0.1,0.0
SP,Dutch Leonard,Dutch,Leonard,Honolulu Warriors - HotL,6' 0',175 lbs,R,R,69,Washington Senators,MIN,1938,1921-1945,,83200,Bronze,Snapshot  SP Dutch Leonard  WS1  1938,0,N,0,26,61,4,34,25,36,42,4,37,25,21,64,4,33,26,68,7,Normal,Pull,Pull,50,94,87,75,51,103,122,79,49,88,58,72,62,-,57,-,-,-,-,-,-,72,-,61,4,EX FB,90-92,OTT,Normal,75,60,-,-,-,35,30,29,23,8,5,3,75,-,-,-,-,-,-,-,-,75,-,-,-,-,-,-,-,-,8,5,6,10,,,0,0,0,0,0,0,0,0,0,0,0,0,0,0,0,0,0,0.0,0.00,0,-0.0,0.0,0.00,0,0,0.0,0.0,2,2,1,1,0,0,0,15.2,69,64,10,3,0,5,12,12,4,1,13,0,1,0,1,0,0,1,0,0,0,1.00,235,17,16,0,0,-0.1,-0.1,-0.1,3.88,2,2,4,1,3,0,0,0,2.30,-0.4,.548,0,0,15.2,0,0,3,2,0,0,0,0,0,0,0,0,0.0,0.0
SP,Dutch Leonard,Dutch,Leonard,PNW Wild Stallions,6' 0',175 lbs,R,R,69,Washington Senators,MIN,1938,1921-1945,,83200,Bronze,Snapshot  SP Dutch Leonard  WS1  1938,0,N,0,26,61,4,34,25,36,42,4,37,25,21,64,4,33,26,68,7,Normal,Pull,Pull,50,94,87,75,51,103,122,79,49,88,58,72,62,-,57,-,-,-,-,-,-,72,-,61,4,EX FB,90-92,OTT,Normal,75,60,-,-,-,35,30,29,23,8,5,3,75,-,-,-,-,-,-,-,-,75,-,-,-,-,-,-,-,-,8,5,6,10,,,0,0,0,0,0,0,0,0,0,0,0,0,0,0,0,0,0,0.0,0.00,0,-0.0,0.0,0.00,0,0,0.0,0.0,2,0,0,0,0,0,0,4.0,14,12,0,0,0,0,0,0,2,0,2,0,0,0,0,0,0,0,2,1,0,0.35,63,4,6,0,0,0.0,0.0,0.2,5.54,2,0,1,1,0,0,0,0,2.25,0.1,1.096,0,0,4.0,0,0,1,1,0,0,0,0,0,0,0,0,0.0,0.0
SP,Dutch Leonard,Dutch,Leonard,Moonsault Collective MCs,6' 0',175 lbs,R,R,69,Washington Senators,MIN,1938,1921-1945,,83200,Bronze,Snapshot  SP Dutch Leonard  WS1  1938,0,N,0,26,61,4,34,25,36,42,4,37,25,21,64,4,33,26,68,7,Normal,Pull,Pull,50,94,87,75,51,103,122,79,49,88,58,72,62,-,57,-,-,-,-,-,-,72,-,61,4,EX FB,90-92,OTT,Normal,75,60,-,-,-,35,30,29,23,8,5,3,75,-,-,-,-,-,-,-,-,75,-,-,-,-,-,-,-,-,8,5,6,10,,,0,0,0,0,0,0,0,0,0,0,0,0,0,0,0,0,0,0.0,0.00,0,-0.0,0.0,0.00,0,0,0.0,0.0,3,3,2,1,0,0,0,26.2,110,103,17,5,1,2,7,6,5,1,8,0,1,1,0,0,0,1,0,0,0,1.04,379,31,40,0,0,0.9,0.5,1.2,5.54,3,3,7,1,6,0,0,0,2.36,-0.3,.731,0,0,26.2,0,0,2,1,1,1,0,0,0,0,0,0,-0.1,0.0
SP,Dutch Leonard,Dutch,Leonard,Roseburg River Hawks,6' 0',175 lbs,R,R,69,Washington Senators,MIN,1938,1921-1945,,83200,Bronze,Snapshot  SP Dutch Leonard  WS1  1938,0,N,0,26,61,4,34,25,36,42,4,37,25,21,64,4,33,26,68,7,Normal,Pull,Pull,50,94,87,75,51,103,122,79,49,88,58,72,62,-,57,-,-,-,-,-,-,72,-,61,4,EX FB,90-92,OTT,Normal,75,60,-,-,-,35,30,29,23,8,5,3,75,-,-,-,-,-,-,-,-,75,-,-,-,-,-,-,-,-,8,5,6,10,,,0,0,0,0,0,0,0,0,0,0,0,0,0,0,0,0,0,0.0,0.00,0,-0.0,0.0,0.00,0,0,0.0,0.0,1,1,1,0,0,0,0,9.0,38,35,7,1,0,1,2,2,3,0,3,0,0,0,0,0,0,1,0,0,0,0.79,138,12,11,0,0,0.1,0.1,0.5,5.72,1,1,3,2,1,0,0,0,3.00,-0.0,1.096,0,0,9.0,0,0,2,2,2,1,0,0,0,0,0,0,0.0,0.0
SP,Dutch Leonard,Dutch,Leonard,Carlos Chaos Cats,6' 0',175 lbs,R,R,69,Washington Senators,MIN,1938,1921-1945,,83200,Bronze,Snapshot  SP Dutch Leonard  WS1  1938,0,N,0,26,61,4,34,25,36,42,4,37,25,21,64,4,33,26,68,7,Normal,Pull,Pull,50,94,87,75,51,103,122,79,49,88,58,72,62,-,57,-,-,-,-,-,-,72,-,61,4,EX FB,90-92,OTT,Normal,75,60,-,-,-,35,30,29,23,8,5,3,75,-,-,-,-,-,-,-,-,75,-,-,-,-,-,-,-,-,8,5,6,10,,,0,0,0,0,0,0,0,0,0,0,0,0,0,0,0,0,0,0.0,0.00,0,-0.0,0.0,0.00,0,0,0.0,0.0,1,1,0,1,0,0,0,8.2,43,37,8,2,1,0,4,2,5,0,5,0,0,1,0,0,0,0,0,0,0,1.11,153,9,12,0,0,-0.1,0.2,0.2,5.66,1,1,1,0,1,0,0,0,1.04,0.0,.000,0,0,8.2,0,0,0,0,0,0,0,0,0,0,0,0,0.0,0.0
SP,Dutch Leonard,Dutch,Leonard,Atlanta Braves TTC,6' 0',175 lbs,R,R,69,Washington Senators,MIN,1938,1921-1945,,83200,Bronze,Snapshot  SP Dutch Leonard  WS1  1938,0,N,0,26,61,4,34,25,36,42,4,37,25,21,64,4,33,26,68,7,Normal,Pull,Pull,50,94,87,75,51,103,122,79,49,88,58,72,62,-,57,-,-,-,-,-,-,72,-,61,4,EX FB,90-92,OTT,Normal,75,60,-,-,-,35,30,29,23,8,5,3,75,-,-,-,-,-,-,-,-,75,-,-,-,-,-,-,-,-,8,5,6,10,,,0,0,0,0,0,0,0,0,0,0,0,0,0,0,0,0,0,0.0,0.00,0,-0.0,0.0,0.00,0,0,0.0,0.0,2,2,1,1,0,0,0,14.1,70,62,13,3,2,4,15,12,4,1,7,0,4,0,0,0,0,0,0,0,0,0.94,251,19,16,1,0,-0.5,-0.1,-0.4,5.14,2,2,6,4,2,0,0,0,3.77,0.1,1.096,1,0,14.1,0,0,3,3,0,0,1,1,0,0,0,0,-0.3,0.0
SP,Dutch Leonard,Dutch,Leonard,Indiana Rhubarbs,6' 0',175 lbs,R,R,69,Washington Senators,MIN,1938,1921-1945,,83200,Bronze,Snapshot  SP Dutch Leonard  WS1  1938,0,N,0,26,61,4,34,25,36,42,4,37,25,21,64,4,33,26,68,7,Normal,Pull,Pull,50,94,87,75,51,103,122,79,49,88,58,72,62,-,57,-,-,-,-,-,-,72,-,61,4,EX FB,90-92,OTT,Normal,75,60,-,-,-,35,30,29,23,8,5,3,75,-,-,-,-,-,-,-,-,75,-,-,-,-,-,-,-,-,8,5,6,10,,,0,0,0,0,0,0,0,0,0,0,0,0,0,0,0,0,0,0.0,0.00,0,-0.0,0.0,0.00,0,0,0.0,0.0,2,2,1,0,0,0,0,20.0,77,71,9,1,0,1,4,4,5,1,19,0,1,0,0,0,0,0,0,0,0,1.25,258,17,24,0,0,0.2,0.8,1.1,3.08,2,2,4,2,1,1,0,0,1.35,-0.4,.548,0,0,20.0,0,0,3,2,0,0,0,0,0,0,0,0,0.0,0.0
SP,Dutch Leonard,Dutch,Leonard,Patchogue Pirates,6' 0',175 lbs,R,R,69,Washington Senators,MIN,1938,1921-1945,,83200,Bronze,Snapshot  SP Dutch Leonard  WS1  1938,0,N,0,26,61,4,34,25,36,42,4,37,25,21,64,4,33,26,68,7,Normal,Pull,Pull,50,94,87,75,51,103,122,79,49,88,58,72,62,-,57,-,-,-,-,-,-,72,-,61,4,EX FB,90-92,OTT,Normal,75,60,-,-,-,35,30,29,23,8,5,3,75,-,-,-,-,-,-,-,-,75,-,-,-,-,-,-,-,-,8,5,6,10,,,0,0,0,0,0,0,0,0,0,0,0,0,0,0,0,0,0,0.0,0.00,0,-0.0,0.0,0.00,0,0,0.0,0.0,2,2,1,1,0,0,0,18.2,76,70,13,1,1,1,4,4,4,0,9,1,0,1,0,0,0,1,0,0,0,1.26,274,21,24,0,0,0.0,0.4,1.0,4.87,2,2,4,2,2,0,1,0,1.93,0.1,1.096,0,0,18.2,0,0,1,1,1,1,0,0,0,0,0,0,0.0,0.0
SP,Dutch Leonard,Dutch,Leonard,Transylvania Counts,6' 0',175 lbs,R,R,69,Washington Senators,MIN,1938,1921-1945,,83200,Bronze,Snapshot  SP Dutch Leonard  WS1  1938,0,N,0,26,61,4,34,25,36,42,4,37,25,21,64,4,33,26,68,7,Normal,Pull,Pull,50,94,87,75,51,103,122,79,49,88,58,72,62,-,57,-,-,-,-,-,-,72,-,61,4,EX FB,90-92,OTT,Normal,75,60,-,-,-,35,30,29,23,8,5,3,75,-,-,-,-,-,-,-,-,75,-,-,-,-,-,-,-,-,8,5,6,10,,,0,0,0,0,0,0,0,0,0,0,0,0,0,0,0,0,0,0.0,0.00,0,-0.0,0.0,0.00,0,0,0.0,0.0,1,1,0,1,0,0,0,5.1,29,26,8,1,0,2,9,9,2,0,2,0,1,0,0,0,0,0,0,0,0,0.82,96,7,7,0,0,-0.5,-0.2,-0.4,5.80,1,1,3,2,1,0,0,0,5.06,-0.0,1.096,0,0,5.1,0,0,2,2,0,0,1,0,0,0,0,0,0.0,0.0
SP,Red Lucas,Red,Lucas,Black Dog,5' 9',170 lbs,L,R,68,Cincinnati Reds,CIN,1927,1921-1945,,86781,Bronze,T4 Ep. 9 - Baseball Reference 8  SP Red Lucas  CIN  1927,0,N,0,89,73,10,87,81,128,124,10,20,86,80,52,10,100,80,44,9,Groundball,Normal,Normal,55,115,93,100,38,107,98,87,64,122,90,112,74,79,78,-,-,-,-,-,-,-,-,-,3,FB,87-89,3/4,Normal,93,62,-,-,-,54,53,69,69,46,100,40,106,-,-,57,-,43,57,-,-,106,-,-,57,-,43,57,-,-,31,4,6,14,,,0,0,0,0,0,0,0,0,0,0,0,0,0,0,0,0,0,0.0,0.00,0,-0.0,0.0,0.00,0,0,0.0,0.0,2,2,2,0,0,0,0,15.2,60,56,6,2,0,1,4,4,4,0,5,0,0,0,1,0,0,0,0,0,0,1.06,199,17,25,0,0,0.7,0.3,0.7,5.61,2,2,5,3,2,0,0,0,2.87,0.2,1.096,0,0,15.2,0,0,2,2,1,1,0,0,0,0,0,0,0.0,0.0
SP,Red Lucas,Red,Lucas,Cape Cod Sharks - HotL,5' 9',170 lbs,L,R,68,Cincinnati Reds,CIN,1927,1921-1945,,86781,Bronze,T4 Ep. 9 - Baseball Reference 8  SP Red Lucas  CIN  1927,0,N,0,89,73,10,87,81,128,124,10,20,86,80,52,10,100,80,44,9,Groundball,Normal,Normal,55,115,93,100,38,107,98,87,64,122,90,112,74,79,78,-,-,-,-,-,-,-,-,-,3,FB,87-89,3/4,Normal,93,62,-,-,-,54,53,69,69,46,100,40,106,-,-,57,-,43,57,-,-,106,-,-,57,-,43,57,-,-,31,4,6,14,,,0,0,0,0,0,0,0,0,0,0,0,0,0,0,0,0,0,0.0,0.00,0,-0.0,0.0,0.00,0,0,0.0,0.0,4,4,3,1,0,0,0,35.2,143,128,20,3,2,2,17,11,9,0,21,1,2,3,0,0,0,4,0,0,0,0.88,544,38,44,1,1,0.5,0.9,0.6,4.55,4,4,4,1,2,1,0,0,0.76,-0.4,.548,2,1,35.2,0,0,2,1,0,0,0,0,0,0,0,0,0.0,0.0
SP,Red Lucas,Red,Lucas,Kansas City Torrent - JW,5' 9',170 lbs,L,R,68,Cincinnati Reds,CIN,1927,1921-1945,,86781,Bronze,T4 Ep. 9 - Baseball Reference 8  SP Red Lucas  CIN  1927,331,N,0,89,73,10,87,81,128,124,10,20,86,80,52,10,100,80,44,9,Groundball,Normal,Normal,55,115,93,100,38,107,98,87,64,122,90,112,74,79,78,-,-,-,-,-,-,-,-,-,3,FB,87-89,3/4,Normal,93,62,-,-,-,54,53,69,69,46,100,40,106,-,-,57,-,43,57,-,-,106,-,-,57,-,43,57,-,-,31,4,6,14,,,0,0,0,0,0,0,0,0,0,0,0,0,0,0,0,0,0,0.0,0.00,0,-0.0,0.0,0.00,0,0,0.0,0.0,1,1,0,1,0,0,0,5.0,25,23,6,3,0,0,7,7,2,0,1,0,0,0,1,0,0,1,0,0,0,0.73,100,7,6,0,0,-0.3,0.1,-0.3,6.33,1,1,1,0,1,0,0,0,1.80,0.0,.000,0,0,5.0,0,0,0,0,0,0,0,0,0,0,0,0,0.0,0.0
SP,Red Lucas,Red,Lucas,PNW Wild Stallions,5' 9',170 lbs,L,R,68,Cincinnati Reds,CIN,1927,1921-1945,,86781,Bronze,T4 Ep. 9 - Baseball Reference 8  SP Red Lucas  CIN  1927,0,N,0,89,73,10,87,81,128,124,10,20,86,80,52,10,100,80,44,9,Groundball,Normal,Normal,55,115,93,100,38,107,98,87,64,122,90,112,74,79,78,-,-,-,-,-,-,-,-,-,3,FB,87-89,3/4,Normal,93,62,-,-,-,54,53,69,69,46,100,40,106,-,-,57,-,43,57,-,-,106,-,-,57,-,43,57,-,-,31,4,6,14,,,0,0,0,0,0,0,0,0,0,0,0,0,0,0,0,0,0,0.0,0.00,0,-0.0,0.0,0.00,0,0,0.0,0.0,1,0,0,0,0,0,0,2.1,9,9,0,1,0,1,1,1,0,0,3,0,0,0,0,0,0,0,1,1,0,0.47,25,1,3,0,0,-0.0,-0.0,0.0,0.67,1,0,0,0,0,0,0,0,0.00,0.0,.000,0,0,2.1,0,0,0,0,0,0,0,0,0,0,0,0,0.0,0.0
SP,Red Lucas,Red,Lucas,White Rabbitt,5' 9',170 lbs,L,R,68,Cincinnati Reds,CIN,1927,1921-1945,,86781,Bronze,T4 Ep. 9 - Baseball Reference 8  SP Red Lucas  CIN  1927,0,Y,5,97,80,13,94,88,138,134,13,23,93,87,57,13,108,87,44,9,Groundball,Normal,Normal,60,124,101,108,42,116,106,94,70,132,98,121,74,79,78,-,-,-,-,-,-,-,-,-,3,FB,87-89,3/4,Normal,93,62,-,-,-,54,53,69,69,46,100,40,114,-,-,61,-,46,61,-,-,114,-,-,61,-,46,61,-,-,31,4,6,14,,,0,0,0,0,0,0,0,0,0,0,0,0,0,0,0,0,0,0.0,0.00,0,-0.0,0.0,0.00,0,0,0.0,0.0,5,5,3,1,0,0,0,38.1,163,154,29,6,2,3,19,16,6,0,20,0,1,1,0,0,1,3,0,0,0,0.95,537,40,51,0,0,0.1,0.9,0.6,4.62,5,5,8,4,3,1,0,0,1.64,-0.1,.877,0,0,38.1,0,0,5,4,0,0,1,1,0,0,0,0,0.0,0.0
SP,Red Lucas,Red,Lucas,Ethiopia Pink Elephants,5' 9',170 lbs,L,R,68,Cincinnati Reds,CIN,1927,1921-1945,,86781,Bronze,T4 Ep. 9 - Baseball Reference 8  SP Red Lucas  CIN  1927,0,N,0,89,73,10,87,81,128,124,10,20,86,80,52,10,100,80,44,9,Groundball,Normal,Normal,55,115,93,100,38,107,98,87,64,122,90,112,74,79,78,-,-,-,-,-,-,-,-,-,3,FB,87-89,3/4,Normal,93,62,-,-,-,54,53,69,69,46,100,40,106,-,-,57,-,43,57,-,-,106,-,-,57,-,43,57,-,-,31,4,6,14,,,0,0,0,0,0,0,0,0,0,0,0,0,0,0,0,0,0,0.0,0.00,0,-0.0,0.0,0.00,0,0,0.0,0.0,1,1,0,0,0,0,0,6.2,27,27,4,2,0,0,1,1,0,0,4,0,0,0,0,0,0,0,0,0,0,1.24,89,6,10,0,0,0.3,0.3,0.4,3.70,1,1,3,2,1,0,0,0,4.05,0.4,2.193,0,0,6.2,0,0,2,2,0,0,0,0,0,0,0,0,0.0,0.0
SP,Red Lucas,Red,Lucas,New Platson Grand Petites HotL,5' 9',170 lbs,L,R,68,Cincinnati Reds,CIN,1927,1921-1945,,86781,Bronze,T4 Ep. 9 - Baseball Reference 8  SP Red Lucas  CIN  1927,0,N,0,89,73,10,87,81,128,124,10,20,86,80,52,10,100,80,44,9,Groundball,Normal,Normal,55,115,93,100,38,107,98,87,64,122,90,112,74,79,78,-,-,-,-,-,-,-,-,-,3,FB,87-89,3/4,Normal,93,62,-,-,-,54,53,69,69,46,100,40,106,-,-,57,-,43,57,-,-,106,-,-,57,-,43,57,-,-,31,4,6,14,,,0,0,0,0,0,0,0,0,0,0,0,0,0,0,0,0,0,0.0,0.00,0,-0.0,0.0,0.00,0,0,0.0,0.0,1,0,0,0,0,0,0,2.0,7,7,1,0,0,0,0,0,0,0,1,0,0,0,0,0,0,0,1,0,0,0.10,25,3,2,0,0,0.0,0.1,0.1,3.95,1,0,0,0,0,0,0,0,0.00,0.0,.000,0,0,2.0,0,0,0,0,0,0,0,0,0,0,0,0,0.0,0.0
SP,Red Lucas,Red,Lucas,The Spacehog,5' 9',170 lbs,L,R,68,Cincinnati Reds,CIN,1927,1921-1945,,86781,Bronze,T4 Ep. 9 - Baseball Reference 8  SP Red Lucas  CIN  1927,0,N,0,89,73,10,87,81,128,124,10,20,86,80,52,10,100,80,44,9,Groundball,Normal,Normal,55,115,93,100,38,107,98,87,64,122,90,112,74,79,78,-,-,-,-,-,-,-,-,-,3,FB,87-89,3/4,Normal,93,62,-,-,-,54,53,69,69,46,100,40,106,-,-,57,-,43,57,-,-,106,-,-,57,-,43,57,-,-,31,4,6,14,,,0,0,0,0,0,0,0,0,0,0,0,0,0,0,0,0,0,0.0,0.00,0,-0.0,0.0,0.00,0,0,0.0,0.0,1,1,0,1,0,0,0,9.0,36,32,6,1,0,0,4,3,2,0,2,0,1,1,0,0,0,1,0,0,0,0.66,116,17,7,0,0,-0.1,0.2,0.2,5.93,1,1,3,1,2,0,0,0,3.00,0.1,1.096,0,0,9.0,0,0,0,0,1,1,0,0,0,0,0,0,0.0,0.0
SP,Red Lucas,Red,Lucas,Canterbury Tails,5' 9',170 lbs,L,R,68,Cincinnati Reds,CIN,1927,1921-1945,,86781,Bronze,T4 Ep. 9 - Baseball Reference 8  SP Red Lucas  CIN  1927,0,N,0,89,73,10,87,81,128,124,10,20,86,80,52,10,100,80,44,9,Groundball,Normal,Normal,55,115,93,100,38,107,98,87,64,122,90,112,74,79,78,-,-,-,-,-,-,-,-,-,3,FB,87-89,3/4,Normal,93,62,-,-,-,54,53,69,69,46,100,40,106,-,-,57,-,43,57,-,-,106,-,-,57,-,43,57,-,-,31,4,6,14,,,0,0,0,0,0,0,0,0,0,0,0,0,0,0,0,0,0,0.0,0.00,0,-0.0,0.0,0.00,0,0,0.0,0.0,2,2,1,1,0,0,0,17.0,72,70,13,3,0,3,7,6,1,0,7,0,0,1,1,0,0,0,0,0,0,1.31,243,22,22,0,0,-0.1,0.1,0.4,4.72,2,2,4,3,1,0,0,0,2.12,0.2,1.096,0,0,17.0,0,0,4,4,0,0,0,0,0,0,0,0,0.0,0.0
SP,Red Lucas,Red,Lucas,Out of Left Field,5' 9',170 lbs,L,R,68,Cincinnati Reds,CIN,1927,1921-1945,,86781,Bronze,T4 Ep. 9 - Baseball Reference 8  SP Red Lucas  CIN  1927,0,N,0,89,73,10,87,81,128,124,10,20,86,80,52,10,100,80,44,9,Groundball,Normal,Normal,55,115,93,100,38,107,98,87,64,122,90,112,74,79,78,-,-,-,-,-,-,-,-,-,3,FB,87-89,3/4,Normal,93,62,-,-,-,54,53,69,69,46,100,40,106,-,-,57,-,43,57,-,-,106,-,-,57,-,43,57,-,-,31,4,6,14,,,0,0,0,0,0,0,0,0,0,0,0,0,0,0,0,0,0,0.0,0.00,0,-0.0,0.0,0.00,0,0,0.0,0.0,6,6,2,3,0,0,0,49.2,222,203,46,10,0,4,29,26,12,0,17,2,4,1,1,1,0,4,0,0,0,0.84,776,55,75,0,1,-0.9,0.7,0.3,5.58,6,6,13,7,5,1,0,0,2.17,0.2,.940,1,1,49.2,0,0,7,6,4,3,0,0,0,0,0,0,0.0,0.0
SP,Red Lucas,Red,Lucas,Tegridy Farms Weed,5' 9',170 lbs,L,R,68,Cincinnati Reds,CIN,1927,1921-1945,,86781,Bronze,T4 Ep. 9 - Baseball Reference 8  SP Red Lucas  CIN  1927,0,N,0,89,73,10,87,81,128,124,10,20,86,80,52,10,100,80,44,9,Groundball,Normal,Normal,55,115,93,100,38,107,98,87,64,122,90,112,74,79,78,-,-,-,-,-,-,-,-,-,3,FB,87-89,3/4,Normal,93,62,-,-,-,54,53,69,69,46,100,40,106,-,-,57,-,43,57,-,-,106,-,-,57,-,43,57,-,-,31,4,6,14,,,0,0,0,0,0,0,0,0,0,0,0,0,0,0,0,0,0,0.0,0.00,0,-0.0,0.0,0.00,0,0,0.0,0.0,4,4,3,1,0,0,0,35.0,144,135,24,4,2,2,13,10,6,0,16,1,1,1,0,0,0,2,0,0,0,1.37,470,33,53,0,0,0.9,0.8,1.0,4.83,4,4,11,6,5,0,0,0,2.83,0.4,1.096,0,0,35.0,0,0,6,6,1,1,0,0,0,0,0,0,0.0,0.0
SP,Christy Mathewson,Christy,Mathewson,Black Dog,6' 1',195 lbs,R,R,65,New York Giants,SFG,1914,2026,,86706,Bronze,Studs & Duds - Veteran Presence  SP Christy Mathewson  NY1  1914,0,N,0,26,57,5,57,33,21,41,3,61,32,28,61,6,56,34,52,9,Normal,Pull,Pull,52,201,95,91,45,200,93,66,57,202,97,113,65,-,67,-,-,-,-,-,-,72,-,-,3,NEU,89-91,3/4,Finesse,102,66,-,-,-,26,50,33,23,5,3,6,81,-,-,-,-,-,-,-,-,81,-,-,-,-,-,-,-,-,69,80,80,59,,,0,0,0,0,0,0,0,0,0,0,0,0,0,0,0,0,0,0.0,0.00,0,-0.0,0.0,0.00,0,0,0.0,0.0,3,3,1,1,0,0,0,21.0,88,85,18,2,1,1,8,4,2,0,9,0,0,1,0,0,0,1,0,0,0,0.99,305,21,31,1,0,0.3,0.6,0.6,4.77,3,3,5,1,3,1,0,0,1.71,-0.6,.548,1,0,21.0,0,0,3,2,0,0,0,0,0,0,0,0,-0.1,0.0
SP,Christy Mathewson,Christy,Mathewson,Cape Cod Sharks - HotL,6' 1',195 lbs,R,R,65,New York Giants,SFG,1914,2026,,86706,Bronze,Studs & Duds - Veteran Presence  SP Christy Mathewson  NY1  1914,0,N,0,26,57,5,57,33,21,41,3,61,32,28,61,6,56,34,52,9,Normal,Pull,Pull,52,201,95,91,45,200,93,66,57,202,97,113,65,-,67,-,-,-,-,-,-,72,-,-,3,NEU,89-91,3/4,Finesse,102,66,-,-,-,26,50,33,23,5,3,6,81,-,-,-,-,-,-,-,-,81,-,-,-,-,-,-,-,-,69,80,80,59,,,0,0,0,0,0,0,0,0,0,0,0,0,0,0,0,0,0,0.0,0.00,0,-0.0,0.0,0.00,0,0,0.0,0.0,4,4,1,3,0,0,0,35.0,137,131,13,4,2,7,15,12,5,0,19,0,0,1,0,0,0,2,0,0,0,0.71,468,39,45,0,0,-0.2,0.2,0.8,4.37,4,4,10,4,5,1,0,0,2.31,-0.2,.877,0,0,35.0,0,0,5,4,1,1,0,0,0,0,0,0,0.0,0.0
SP,Christy Mathewson,Christy,Mathewson,Beachcrest Blue Hornets,6' 1',195 lbs,R,R,65,New York Giants,SFG,1914,2026,,86706,Bronze,Studs & Duds - Veteran Presence  SP Christy Mathewson  NY1  1914,0,N,0,26,57,5,57,33,21,41,3,61,32,28,61,6,56,34,52,9,Normal,Pull,Pull,52,201,95,91,45,200,93,66,57,202,97,113,65,-,67,-,-,-,-,-,-,72,-,-,3,NEU,89-91,3/4,Finesse,102,66,-,-,-,26,50,33,23,5,3,6,81,-,-,-,-,-,-,-,-,81,-,-,-,-,-,-,-,-,69,80,80,59,,,0,0,0,0,0,0,0,0,0,0,0,0,0,0,0,0,0,0.0,0.00,0,-0.0,0.0,0.00,0,0,0.0,0.0,1,1,0,1,0,0,0,8.1,37,35,7,1,1,2,6,6,1,0,5,0,0,1,0,0,0,0,0,0,0,1.28,133,13,7,0,0,-0.3,0.0,-0.0,4.37,1,1,2,1,1,0,0,0,2.16,0.0,.000,0,0,8.1,0,0,0,0,0,0,0,0,0,0,0,0,-0.1,0.0
SP,Christy Mathewson,Christy,Mathewson,EVC's Let the Music Play Ball-TTC,6' 1',195 lbs,R,R,65,New York Giants,SFG,1914,2026,,86706,Bronze,Studs & Duds - Veteran Presence  SP Christy Mathewson  NY1  1914,0,N,0,26,57,5,57,33,21,41,3,61,32,28,61,6,56,34,52,9,Normal,Pull,Pull,52,201,95,91,45,200,93,66,57,202,97,113,65,-,67,-,-,-,-,-,-,72,-,-,3,NEU,89-91,3/4,Finesse,102,66,-,-,-,26,50,33,23,5,3,6,81,-,-,-,-,-,-,-,-,81,-,-,-,-,-,-,-,-,69,80,80,59,,,0,0,0,0,0,0,0,0,0,0,0,0,0,0,0,0,0,0.0,0.00,0,-0.0,0.0,0.00,0,0,0.0,0.0,3,3,2,1,0,0,0,27.0,123,111,17,8,1,4,15,14,9,3,13,1,2,0,3,0,0,1,0,0,0,1.36,449,32,36,0,0,-0.3,0.2,0.3,5.30,3,3,9,5,4,0,0,0,3.00,0.2,1.096,0,0,27.0,0,0,6,6,2,1,0,0,0,0,0,0,0.0,0.0
SP,Christy Mathewson,Christy,Mathewson,Smyrna Stooges,6' 1',195 lbs,R,R,65,New York Giants,SFG,1914,2026,,86706,Bronze,Studs & Duds - Veteran Presence  SP Christy Mathewson  NY1  1914,0,N,0,26,57,5,57,33,21,41,3,61,32,28,61,6,56,34,52,9,Normal,Pull,Pull,52,201,95,91,45,200,93,66,57,202,97,113,65,-,67,-,-,-,-,-,-,72,-,-,3,NEU,89-91,3/4,Finesse,102,66,-,-,-,26,50,33,23,5,3,6,81,-,-,-,-,-,-,-,-,81,-,-,-,-,-,-,-,-,69,80,80,59,,,0,0,0,0,0,0,0,0,0,0,0,0,0,0,0,0,0,0.0,0.00,0,-0.0,0.0,0.00,0,0,0.0,0.0,1,1,0,1,0,0,0,7.0,34,34,7,3,0,2,7,5,0,0,2,0,0,0,0,0,0,0,0,0,0,1.01,117,6,13,0,0,-0.4,-0.1,-0.2,5.15,1,1,2,1,1,0,0,0,2.57,0.1,1.096,0,0,7.0,0,0,1,1,0,0,0,0,0,0,0,0,0.0,0.0
SP,Christy Mathewson,Christy,Mathewson,Deadwood Punch and Judys TTC,6' 1',195 lbs,R,R,65,New York Giants,SFG,1914,2026,,86706,Bronze,Studs & Duds - Veteran Presence  SP Christy Mathewson  NY1  1914,0,N,0,26,57,5,57,33,21,41,3,61,32,28,61,6,56,34,52,9,Normal,Pull,Pull,52,201,95,91,45,200,93,66,57,202,97,113,65,-,67,-,-,-,-,-,-,72,-,-,3,NEU,89-91,3/4,Finesse,102,66,-,-,-,26,50,33,23,5,3,6,81,-,-,-,-,-,-,-,-,81,-,-,-,-,-,-,-,-,69,80,80,59,,,0,0,0,0,0,0,0,0,0,0,0,0,0,0,0,0,0,0.0,0.00,0,-0.0,0.0,0.00,0,0,0.0,0.0,6,6,2,3,0,0,0,42.0,185,175,30,13,1,5,28,23,7,1,20,1,1,1,1,0,0,2,0,0,0,0.99,616,53,51,0,1,-0.6,0.6,-0.0,4.82,6,6,12,4,7,1,0,0,2.36,-0.3,.877,1,1,42.0,0,0,7,5,2,1,0,0,0,0,0,0,0.0,0.0
SP,Christy Mathewson,Christy,Mathewson,Kansas City Torrent - JW,6' 1',195 lbs,R,R,65,New York Giants,SFG,1914,2026,,86706,Bronze,Studs & Duds - Veteran Presence  SP Christy Mathewson  NY1  1914,269,N,0,26,57,5,57,33,21,41,3,61,32,28,61,6,56,34,52,9,Normal,Pull,Pull,52,201,95,91,45,200,93,66,57,202,97,113,65,-,67,-,-,-,-,-,-,72,-,-,3,NEU,89-91,3/4,Finesse,102,66,-,-,-,26,50,33,23,5,3,6,81,-,-,-,-,-,-,-,-,81,-,-,-,-,-,-,-,-,69,80,80,59,,,0,0,0,0,0,0,0,0,0,0,0,0,0,0,0,0,0,0.0,0.00,0,-0.0,0.0,0.00,0,0,0.0,0.0,1,0,0,0,0,1,0,1.1,8,8,4,0,0,0,0,0,0,0,0,0,0,0,0,0,0,0,1,1,0,4.77,31,1,3,0,0,0.2,0.1,0.2,6.19,1,0,0,0,0,0,0,0,0.00,0.0,.000,0,0,1.1,0,0,0,0,0,0,0,0,0,0,0,0,0.0,0.0
SP,Christy Mathewson,Christy,Mathewson,PNW Wild Stallions,6' 1',195 lbs,R,R,65,New York Giants,SFG,1914,2026,,86706,Bronze,Studs & Duds - Veteran Presence  SP Christy Mathewson  NY1  1914,0,N,0,26,57,5,57,33,21,41,3,61,32,28,61,6,56,34,52,9,Normal,Pull,Pull,52,201,95,91,45,200,93,66,57,202,97,113,65,-,67,-,-,-,-,-,-,72,-,-,3,NEU,89-91,3/4,Finesse,102,66,-,-,-,26,50,33,23,5,3,6,81,-,-,-,-,-,-,-,-,81,-,-,-,-,-,-,-,-,69,80,80,59,,,0,0,0,0,0,0,0,0,0,0,0,0,0,0,0,0,0,0.0,0.00,0,-0.0,0.0,0.00,0,0,0.0,0.0,2,2,2,0,0,0,0,17.0,68,61,9,3,1,1,8,8,4,0,10,2,0,1,0,0,0,2,0,0,0,1.01,246,16,22,0,1,0.2,0.4,0.3,4.49,2,2,2,2,0,0,0,0,1.06,0.3,1.096,1,1,17.0,0,0,1,1,0,0,0,0,0,0,0,0,0.0,0.0
SP,Christy Mathewson,Christy,Mathewson,White Rabbitt,6' 1',195 lbs,R,R,65,New York Giants,SFG,1914,2026,,86706,Bronze,Studs & Duds - Veteran Presence  SP Christy Mathewson  NY1  1914,0,Y,5,30,63,7,63,37,24,46,5,67,36,32,67,8,62,38,52,9,Normal,Pull,Pull,57,216,103,99,50,215,101,72,63,217,105,122,65,-,67,-,-,-,-,-,-,72,-,-,3,NEU,89-91,3/4,Finesse,102,66,-,-,-,26,50,33,23,5,3,6,87,-,-,-,-,-,-,-,-,87,-,-,-,-,-,-,-,-,69,80,80,59,,,0,0,0,0,0,0,0,0,0,0,0,0,0,0,0,0,0,0.0,0.00,0,-0.0,0.0,0.00,0,0,0.0,0.0,6,6,2,3,0,0,0,52.0,215,206,29,13,0,8,24,20,3,0,27,3,2,1,1,0,0,3,0,0,0,1.02,727,60,66,1,0,-0.3,0.6,1.0,4.31,6,6,9,3,6,0,0,0,1.56,-0.5,1.096,1,0,52.0,0,0,4,3,1,0,0,0,0,0,0,0,-0.3,0.0
SP,Christy Mathewson,Christy,Mathewson,New Platson Grand Petites HotL,6' 1',195 lbs,R,R,65,New York Giants,SFG,1914,2026,,86706,Bronze,Studs & Duds - Veteran Presence  SP Christy Mathewson  NY1  1914,0,N,0,26,57,5,57,33,21,41,3,61,32,28,61,6,56,34,52,9,Normal,Pull,Pull,52,201,95,91,45,200,93,66,57,202,97,113,65,-,67,-,-,-,-,-,-,72,-,-,3,NEU,89-91,3/4,Finesse,102,66,-,-,-,26,50,33,23,5,3,6,81,-,-,-,-,-,-,-,-,81,-,-,-,-,-,-,-,-,69,80,80,59,,,0,0,0,0,0,0,0,0,0,0,0,0,0,0,0,0,0,0.0,0.00,0,-0.0,0.0,0.00,0,0,0.0,0.0,1,1,0,0,0,0,0,3.2,21,20,4,3,1,0,7,5,1,0,2,0,0,0,1,0,0,0,0,0,0,1.12,61,5,4,0,0,-0.6,0.1,-0.3,5.10,1,1,2,0,1,1,0,0,2.45,-0.5,.000,0,0,3.2,0,0,1,0,0,0,0,0,0,0,0,0,0.0,0.0
SP,Christy Mathewson,Christy,Mathewson,The Spacehog,6' 1',195 lbs,R,R,65,New York Giants,SFG,1914,2026,,86706,Bronze,Studs & Duds - Veteran Presence  SP Christy Mathewson  NY1  1914,0,N,0,26,57,5,57,33,21,41,3,61,32,28,61,6,56,34,52,9,Normal,Pull,Pull,52,201,95,91,45,200,93,66,57,202,97,113,65,-,67,-,-,-,-,-,-,72,-,-,3,NEU,89-91,3/4,Finesse,102,66,-,-,-,26,50,33,23,5,3,6,81,-,-,-,-,-,-,-,-,81,-,-,-,-,-,-,-,-,69,80,80,59,,,0,0,0,0,0,0,0,0,0,0,0,0,0,0,0,0,0,0.0,0.00,0,-0.0,0.0,0.00,0,0,0.0,0.0,2,2,2,0,0,0,0,16.1,67,64,5,6,2,2,9,8,3,0,9,0,0,0,1,0,0,0,0,0,0,0.71,248,22,17,0,0,0.1,0.3,0.2,4.50,2,2,3,2,1,0,0,0,1.65,0.4,2.193,0,0,16.1,0,0,2,2,0,0,0,0,0,0,0,0,0.0,0.0
SP,Christy Mathewson,Christy,Mathewson,Canterbury Tails,6' 1',195 lbs,R,R,65,New York Giants,SFG,1914,2026,,86706,Bronze,Studs & Duds - Veteran Presence  SP Christy Mathewson  NY1  1914,0,N,0,26,57,5,57,33,21,41,3,61,32,28,61,6,56,34,52,9,Normal,Pull,Pull,52,201,95,91,45,200,93,66,57,202,97,113,65,-,67,-,-,-,-,-,-,72,-,-,3,NEU,89-91,3/4,Finesse,102,66,-,-,-,26,50,33,23,5,3,6,81,-,-,-,-,-,-,-,-,81,-,-,-,-,-,-,-,-,69,80,80,59,,,0,0,0,0,0,0,0,0,0,0,0,0,0,0,0,0,0,0.0,0.00,0,-0.0,0.0,0.00,0,0,0.0,0.0,2,0,0,0,0,1,0,3.0,11,11,2,1,0,0,0,0,0,0,2,0,0,0,0,0,0,1,2,2,0,0.58,37,2,4,0,0,0.1,0.1,0.2,3.09,2,0,0,0,0,0,0,0,0.00,0.0,.000,0,0,3.0,0,0,0,0,0,0,0,0,0,0,0,0,0.0,0.0
SP,Christy Mathewson,Christy,Mathewson,Out of Left Field,6' 1',195 lbs,R,R,65,New York Giants,SFG,1914,2026,,86706,Bronze,Studs & Duds - Veteran Presence  SP Christy Mathewson  NY1  1914,0,N,0,26,57,5,57,33,21,41,3,61,32,28,61,6,56,34,52,9,Normal,Pull,Pull,52,201,95,91,45,200,93,66,57,202,97,113,65,-,67,-,-,-,-,-,-,72,-,-,3,NEU,89-91,3/4,Finesse,102,66,-,-,-,26,50,33,23,5,3,6,81,-,-,-,-,-,-,-,-,81,-,-,-,-,-,-,-,-,69,80,80,59,,,0,0,0,0,0,0,0,0,0,0,0,0,0,0,0,0,0,0.0,0.00,0,-0.0,0.0,0.00,0,0,0.0,0.0,7,7,4,2,0,0,0,57.0,242,231,40,7,4,10,31,29,5,0,19,1,2,3,2,0,0,0,0,0,0,0.95,820,75,77,1,0,0.1,0.3,0.6,5.10,7,7,18,8,10,0,0,0,2.84,0.1,1.096,1,0,57.0,0,0,6,6,3,2,0,0,0,0,0,0,-0.1,0.0
SP,Christy Mathewson,Christy,Mathewson,Tegridy Farms Weed,6' 1',195 lbs,R,R,65,New York Giants,SFG,1914,2026,,86706,Bronze,Studs & Duds - Veteran Presence  SP Christy Mathewson  NY1  1914,0,N,0,26,57,5,57,33,21,41,3,61,32,28,61,6,56,34,52,9,Normal,Pull,Pull,52,201,95,91,45,200,93,66,57,202,97,113,65,-,67,-,-,-,-,-,-,72,-,-,3,NEU,89-91,3/4,Finesse,102,66,-,-,-,26,50,33,23,5,3,6,81,-,-,-,-,-,-,-,-,81,-,-,-,-,-,-,-,-,69,80,80,59,,,0,0,0,0,0,0,0,0,0,0,0,0,0,0,0,0,0,0.0,0.00,0,-0.0,0.0,0.00,0,0,0.0,0.0,4,4,2,2,0,0,0,35.2,146,142,28,4,2,5,19,14,1,0,15,0,2,1,1,0,0,1,0,0,0,0.99,489,41,48,1,1,-0.5,0.5,0.4,4.58,4,4,10,4,6,0,0,0,2.52,0.1,1.096,2,1,35.2,0,0,4,3,1,1,0,0,0,0,0,0,0.0,0.0
SP,Jack Meyer,Jack,Meyer,Scranton Tacos,6' 1',175 lbs,R,R,69,Philadelphia Phillies,PHI,1958,1946-1960,LE,84854,Bronze,Limited Edition/42  RP Jack Meyer  PHI  1958,0,N,0,3,2,1,3,2,3,3,1,3,2,4,2,1,3,2,27,20,Normal,Spray,Spray,98,69,69,98,104,69,62,121,95,69,75,80,91,-,145,-,-,-,-,-,-,-,-,-,2,EX FB,90-92,OTT,Normal,49,59,-,-,-,35,20,26,23,3,10,8,65,-,-,-,-,-,-,-,-,65,-,-,-,-,-,-,-,-,5,5,6,5,,,0,0,0,0,0,0,0,0,0,0,0,0,0,0,0,0,0,0.0,0.00,0,-0.0,0.0,0.00,0,0,0.0,0.0,1,1,0,1,0,0,0,2.2,21,16,7,2,0,0,10,7,4,0,1,0,0,1,0,0,0,0,0,0,0,1.01,79,1,5,1,0,-0.4,-0.0,-0.5,7.74,1,1,1,0,1,0,0,0,3.38,-0.2,.000,1,0,2.2,0,0,0,0,0,0,0,0,0,0,0,0,0.0,0.0
SP,Bob Miller,Bob,Miller,Birmingham Black Barons,6' 3',190 lbs,R,R,69,Philadelphia Phillies,PHI,1950,1946-1960,CS,84695,Bronze,Clubhouse - April Fools' Day  SP Bob Miller  PHI  1950,0,N,0,3,6,1,6,4,2,11,1,4,3,4,5,1,7,5,30,23,Normal,Spray,Spray,40,102,81,120,17,105,66,111,53,100,92,128,52,79,-,-,61,-,-,-,-,-,-,-,3,NEU,89-91,3/4,Normal,65,62,-,-,-,31,76,43,23,7,9,1,98,-,-,-,-,-,-,-,-,98,-,-,-,-,-,-,-,-,5,3,6,6,,,0,0,0,0,0,0,0,0,0,0,0,0,0,0,0,0,0,0.0,0.00,0,-0.0,0.0,0.00,0,0,0.0,0.0,4,4,1,3,0,0,0,24.0,116,108,30,8,1,1,18,18,4,0,6,2,2,0,0,0,0,3,0,0,0,1.25,386,33,29,0,0,-0.7,0.4,-0.2,5.64,4,4,4,1,3,0,0,0,1.50,0.1,1.096,0,0,24.0,0,0,1,1,0,0,0,0,0,0,0,0,0.0,0.0
SP,Bob Miller,Bob,Miller,Newport News Dodgers_TTC,6' 3',190 lbs,R,R,69,Philadelphia Phillies,PHI,1950,1946-1960,CS,84695,Bronze,Clubhouse - April Fools' Day  SP Bob Miller  PHI  1950,0,N,0,3,6,1,6,4,2,11,1,4,3,4,5,1,7,5,30,23,Normal,Spray,Spray,40,102,81,120,17,105,66,111,53,100,92,128,52,79,-,-,61,-,-,-,-,-,-,-,3,NEU,89-91,3/4,Normal,65,62,-,-,-,31,76,43,23,7,9,1,98,-,-,-,-,-,-,-,-,98,-,-,-,-,-,-,-,-,5,3,6,6,,,0,0,0,0,0,0,0,0,0,0,0,0,0,0,0,0,0,0.0,0.00,0,-0.0,0.0,0.00,0,0,0.0,0.0,1,1,1,0,0,0,0,9.0,33,31,5,0,0,1,1,1,2,0,0,0,0,0,0,0,0,2,0,0,0,1.73,125,10,15,0,0,0.6,0.0,0.6,7.01,1,1,2,1,1,0,0,0,2.00,0.1,1.096,0,0,9.0,0,0,0,0,1,1,0,0,0,0,0,0,0.0,0.0
SP,Bob Miller,Bob,Miller,Deep 13 Mad Scientists,6' 3',190 lbs,R,R,69,Philadelphia Phillies,PHI,1950,1946-1960,CS,84695,Bronze,Clubhouse - April Fools' Day  SP Bob Miller  PHI  1950,0,N,0,3,6,1,6,4,2,11,1,4,3,4,5,1,7,5,30,23,Normal,Spray,Spray,40,102,81,120,17,105,66,111,53,100,92,128,52,79,-,-,61,-,-,-,-,-,-,-,3,NEU,89-91,3/4,Normal,65,62,-,-,-,31,76,43,23,7,9,1,98,-,-,-,-,-,-,-,-,98,-,-,-,-,-,-,-,-,5,3,6,6,,,0,0,0,0,0,0,0,0,0,0,0,0,0,0,0,0,0,0.0,0.00,0,-0.0,0.0,0.00,0,0,0.0,0.0,1,1,0,1,0,0,0,8.0,37,35,10,1,0,0,3,3,1,0,4,0,0,1,0,1,0,0,0,0,0,1.19,112,7,13,0,0,-0.0,0.3,0.2,4.68,1,1,0,0,0,0,0,0,0.00,-0.2,.000,0,0,8.0,0,0,1,0,0,0,0,0,0,0,0,0,0.0,0.0
SP,Bob Miller,Bob,Miller,Ungentlemanly Fightin' Fellows TTC,6' 3',190 lbs,R,R,69,Philadelphia Phillies,PHI,1950,1946-1960,CS,84695,Bronze,Clubhouse - April Fools' Day  SP Bob Miller  PHI  1950,0,N,0,3,6,1,6,4,2,11,1,4,3,4,5,1,7,5,30,23,Normal,Spray,Spray,40,102,81,120,17,105,66,111,53,100,92,128,52,79,-,-,61,-,-,-,-,-,-,-,3,NEU,89-91,3/4,Normal,65,62,-,-,-,31,76,43,23,7,9,1,98,-,-,-,-,-,-,-,-,98,-,-,-,-,-,-,-,-,5,3,6,6,,,0,0,0,0,0,0,0,0,0,0,0,0,0,0,0,0,0,0.0,0.00,0,-0.0,0.0,0.00,0,0,0.0,0.0,1,1,0,0,0,0,0,5.2,29,27,6,1,1,0,5,4,2,0,4,0,0,0,0,0,0,0,0,0,0,1.10,118,9,4,0,0,-0.3,0.2,-0.1,4.79,1,1,0,0,0,0,0,0,0.00,0.0,.000,0,0,5.2,0,0,0,0,0,0,0,0,0,0,0,0,0.0,0.0
SP,Bob Miller,Bob,Miller,Port Townsend Wild Daphnes,6' 3',190 lbs,R,R,69,Philadelphia Phillies,PHI,1950,1946-1960,CS,84695,Bronze,Clubhouse - April Fools' Day  SP Bob Miller  PHI  1950,0,N,0,3,6,1,6,4,2,11,1,4,3,4,5,1,7,5,30,23,Normal,Spray,Spray,40,102,81,120,17,105,66,111,53,100,92,128,52,79,-,-,61,-,-,-,-,-,-,-,3,NEU,89-91,3/4,Normal,65,62,-,-,-,31,76,43,23,7,9,1,98,-,-,-,-,-,-,-,-,98,-,-,-,-,-,-,-,-,5,3,6,6,,,0,0,0,0,0,0,0,0,0,0,0,0,0,0,0,0,0,0.0,0.00,0,-0.0,0.0,0.00,0,0,0.0,0.0,7,7,4,2,0,0,0,52.1,217,208,42,6,3,2,22,19,6,0,16,1,1,1,0,0,0,2,0,0,0,0.94,792,63,75,0,0,1.2,1.4,1.2,5.30,7,7,15,7,8,0,0,0,2.58,0.2,1.096,0,0,52.1,0,0,7,6,2,2,1,0,0,0,0,0,0.0,0.0
SP,Bob Miller,Bob,Miller,London Majors,6' 1',185 lbs,R,L,69,Detroit Tigers,DET,1954,1946-1960,CS,84696,Bronze,Clubhouse - April Fools' Day  RP Bob Miller  DET  1954,0,N,0,1,5,1,3,2,1,5,1,3,2,1,5,1,3,2,21,1,Normal,Pull,Pull,58,87,90,140,87,58,151,159,35,95,76,133,78,-,-,68,-,-,-,-,-,-,-,-,2,NEU,89-91,SIDE,Normal,56,49,-,-,-,27,20,23,23,2,6,8,55,-,-,-,-,-,-,-,-,55,-,-,-,-,-,-,-,-,7,5,6,8,,,0,0,0,0,0,0,0,0,0,0,0,0,0,0,0,0,0,0.0,0.00,0,-0.0,0.0,0.00,0,0,0.0,0.0,4,4,1,1,0,0,0,20.2,89,83,12,10,0,1,7,7,4,0,7,0,1,1,1,0,0,0,0,0,0,1.17,297,20,34,0,0,0.1,0.5,0.7,5.41,4,4,6,2,4,0,0,0,2.61,0.1,1.096,0,0,20.2,0,0,2,2,0,0,0,0,0,0,0,0,0.0,0.0
SP,Bob Miller,Bob,Miller,Smyrna Stooges,6' 3',190 lbs,R,R,69,Philadelphia Phillies,PHI,1950,1946-1960,CS,84695,Bronze,Clubhouse - April Fools' Day  SP Bob Miller  PHI  1950,0,N,0,3,6,1,6,4,2,11,1,4,3,4,5,1,7,5,30,23,Normal,Spray,Spray,40,102,81,120,17,105,66,111,53,100,92,128,52,79,-,-,61,-,-,-,-,-,-,-,3,NEU,89-91,3/4,Normal,65,62,-,-,-,31,76,43,23,7,9,1,98,-,-,-,-,-,-,-,-,98,-,-,-,-,-,-,-,-,5,3,6,6,,,0,0,0,0,0,0,0,0,0,0,0,0,0,0,0,0,0,0.0,0.00,0,-0.0,0.0,0.00,0,0,0.0,0.0,1,1,0,1,0,0,0,8.2,37,35,8,2,0,2,5,5,0,0,1,0,1,1,0,0,0,1,0,0,0,0.69,133,9,15,0,0,-0.1,-0.0,0.1,5.77,1,1,2,1,1,0,0,0,2.08,0.1,1.096,0,0,8.2,0,0,2,2,0,0,0,0,0,0,0,0,0.0,0.0
SP,Bob Miller,Bob,Miller,Deadwood Punch and Judys TTC,6' 3',190 lbs,R,R,69,Philadelphia Phillies,PHI,1950,1946-1960,CS,84695,Bronze,Clubhouse - April Fools' Day  SP Bob Miller  PHI  1950,0,N,0,3,6,1,6,4,2,11,1,4,3,4,5,1,7,5,30,23,Normal,Spray,Spray,40,102,81,120,17,105,66,111,53,100,92,128,52,79,-,-,61,-,-,-,-,-,-,-,3,NEU,89-91,3/4,Normal,65,62,-,-,-,31,76,43,23,7,9,1,98,-,-,-,-,-,-,-,-,98,-,-,-,-,-,-,-,-,5,3,6,6,,,0,0,0,0,0,0,0,0,0,0,0,0,0,0,0,0,0,0.0,0.00,0,-0.0,0.0,0.00,0,0,0.0,0.0,2,0,0,0,0,0,1,2.2,17,15,7,0,0,0,3,3,1,0,3,1,0,0,1,0,0,0,1,3,1,0.38,67,2,3,0,0,-0.1,0.1,-0.1,4.06,2,0,1,1,0,0,0,0,3.38,-0.2,1.096,0,0,2.2,0,0,2,1,0,0,0,0,0,0,0,0,0.0,0.0
SP,Bob Miller,Bob,Miller,Groundball Defenders,6' 3',190 lbs,R,R,69,Philadelphia Phillies,PHI,1950,1946-1960,CS,84695,Bronze,Clubhouse - April Fools' Day  SP Bob Miller  PHI  1950,0,N,0,3,6,1,6,4,2,11,1,4,3,4,5,1,7,5,30,23,Normal,Spray,Spray,40,102,81,120,17,105,66,111,53,100,92,128,52,79,-,-,61,-,-,-,-,-,-,-,3,NEU,89-91,3/4,Normal,65,62,-,-,-,31,76,43,23,7,9,1,98,-,-,-,-,-,-,-,-,98,-,-,-,-,-,-,-,-,5,3,6,6,,,0,0,0,0,0,0,0,0,0,0,0,0,0,0,0,0,0,0.0,0.00,0,-0.0,0.0,0.00,0,0,0.0,0.0,4,4,1,3,0,0,0,28.1,125,117,22,4,1,4,21,19,5,0,8,1,1,1,0,0,0,1,0,0,0,0.96,450,33,43,0,0,-0.3,0.1,-0.2,5.62,4,4,6,4,2,0,0,0,1.91,0.4,1.096,0,0,28.1,0,0,2,2,3,3,0,0,0,0,0,0,0.0,0.0
SP,Bob Miller,Bob,Miller,Altamonte Ryno's,6' 3',190 lbs,R,R,69,Philadelphia Phillies,PHI,1950,1946-1960,CS,84695,Bronze,Clubhouse - April Fools' Day  SP Bob Miller  PHI  1950,0,N,0,3,6,1,6,4,2,11,1,4,3,4,5,1,7,5,30,23,Normal,Spray,Spray,40,102,81,120,17,105,66,111,53,100,92,128,52,79,-,-,61,-,-,-,-,-,-,-,3,NEU,89-91,3/4,Normal,65,62,-,-,-,31,76,43,23,7,9,1,98,-,-,-,-,-,-,-,-,98,-,-,-,-,-,-,-,-,5,3,6,6,,,0,0,0,0,0,0,0,0,0,0,0,0,0,0,0,0,0,0.0,0.00,0,-0.0,0.0,0.00,0,0,0.0,0.0,2,2,0,2,0,0,0,17.0,70,67,11,3,0,2,5,4,3,0,3,0,0,0,0,0,0,2,0,0,0,0.84,236,20,25,0,0,0.1,0.1,0.7,6.00,2,2,5,3,2,0,0,0,2.65,0.3,1.096,0,0,17.0,0,0,1,1,1,1,1,1,0,0,0,0,-0.1,0.0
SP,Bob Miller,Bob,Miller,Ethiopia Pink Elephants,6' 3',190 lbs,R,R,69,Philadelphia Phillies,PHI,1950,1946-1960,CS,84695,Bronze,Clubhouse - April Fools' Day  SP Bob Miller  PHI  1950,0,N,0,3,6,1,6,4,2,11,1,4,3,4,5,1,7,5,30,23,Normal,Spray,Spray,40,102,81,120,17,105,66,111,53,100,92,128,52,79,-,-,61,-,-,-,-,-,-,-,3,NEU,89-91,3/4,Normal,65,62,-,-,-,31,76,43,23,7,9,1,98,-,-,-,-,-,-,-,-,98,-,-,-,-,-,-,-,-,5,3,6,6,,,0,0,0,0,0,0,0,0,0,0,0,0,0,0,0,0,0,0.0,0.00,0,-0.0,0.0,0.00,0,0,0.0,0.0,1,0,0,0,0,0,0,2.1,10,9,3,0,1,0,1,1,0,0,1,0,0,1,0,0,0,0,0,1,1,0.50,36,4,1,0,0,-0.0,0.1,0.0,4.87,1,0,1,1,0,0,0,0,3.86,0.1,1.096,0,0,2.1,0,0,1,1,0,0,0,0,0,0,0,0,0.0,0.0
SP,Bob Miller,Bob,Miller,Energy Efficiency,6' 3',190 lbs,R,R,69,Philadelphia Phillies,PHI,1950,1946-1960,CS,84695,Bronze,Clubhouse - April Fools' Day  SP Bob Miller  PHI  1950,0,N,0,3,6,1,6,4,2,11,1,4,3,4,5,1,7,5,30,23,Normal,Spray,Spray,40,102,81,120,17,105,66,111,53,100,92,128,52,79,-,-,61,-,-,-,-,-,-,-,3,NEU,89-91,3/4,Normal,65,62,-,-,-,31,76,43,23,7,9,1,98,-,-,-,-,-,-,-,-,98,-,-,-,-,-,-,-,-,5,3,6,6,,,0,0,0,0,0,0,0,0,0,0,0,0,0,0,0,0,0,0.0,0.00,0,-0.0,0.0,0.00,0,0,0.0,0.0,3,3,1,2,0,0,0,24.1,101,94,16,4,0,2,10,10,4,0,8,0,1,2,0,0,0,0,0,0,0,0.86,327,29,34,0,1,-0.1,0.4,0.6,5.35,3,3,5,3,2,0,0,0,1.85,0.4,1.096,1,1,24.1,0,0,2,2,0,0,0,0,0,0,0,0,-0.3,0.0
SP,Bob Miller,Bob,Miller,BAGgin' Dingers TTC,6' 3',190 lbs,R,R,69,Philadelphia Phillies,PHI,1950,1946-1960,CS,84695,Bronze,Clubhouse - April Fools' Day  SP Bob Miller  PHI  1950,0,N,0,3,6,1,6,4,2,11,1,4,3,4,5,1,7,5,30,23,Normal,Spray,Spray,40,102,81,120,17,105,66,111,53,100,92,128,52,79,-,-,61,-,-,-,-,-,-,-,3,NEU,89-91,3/4,Normal,65,62,-,-,-,31,76,43,23,7,9,1,98,-,-,-,-,-,-,-,-,98,-,-,-,-,-,-,-,-,5,3,6,6,,,0,0,0,0,0,0,0,0,0,0,0,0,0,0,0,0,0,0.0,0.00,0,-0.0,0.0,0.00,0,0,0.0,0.0,3,3,1,2,0,0,0,22.0,98,90,18,5,1,3,14,9,5,1,6,1,0,2,0,0,0,4,0,0,0,0.95,329,22,34,1,0,-1.0,0.1,0.0,5.80,3,3,6,3,2,1,0,0,2.05,-0.4,.731,1,0,22.0,0,0,3,2,0,0,1,1,0,0,0,0,0.0,0.0
SP,Bob Miller,Bob,Miller,Canterbury Tails,6' 3',190 lbs,R,R,69,Philadelphia Phillies,PHI,1950,1946-1960,CS,84695,Bronze,Clubhouse - April Fools' Day  SP Bob Miller  PHI  1950,0,N,0,3,6,1,6,4,2,11,1,4,3,4,5,1,7,5,30,23,Normal,Spray,Spray,40,102,81,120,17,105,66,111,53,100,92,128,52,79,-,-,61,-,-,-,-,-,-,-,3,NEU,89-91,3/4,Normal,65,62,-,-,-,31,76,43,23,7,9,1,98,-,-,-,-,-,-,-,-,98,-,-,-,-,-,-,-,-,5,3,6,6,,,0,0,0,0,0,0,0,0,0,0,0,0,0,0,0,0,0,0.0,0.00,0,-0.0,0.0,0.00,0,0,0.0,0.0,2,0,0,0,0,1,0,5.2,21,20,3,0,0,0,0,0,0,0,3,1,0,0,0,0,0,0,2,3,1,0.31,63,10,4,0,0,0.1,0.2,0.3,4.30,2,0,4,1,3,0,0,0,6.35,0.1,1.096,0,0,5.2,0,0,1,1,0,0,0,0,0,0,0,0,0.0,0.0
SP,Bob Miller,Bob,Miller,Carlos Chaos Cats,6' 3',190 lbs,R,R,69,Philadelphia Phillies,PHI,1950,1946-1960,CS,84695,Bronze,Clubhouse - April Fools' Day  SP Bob Miller  PHI  1950,0,N,0,3,6,1,6,4,2,11,1,4,3,4,5,1,7,5,30,23,Normal,Spray,Spray,40,102,81,120,17,105,66,111,53,100,92,128,52,79,-,-,61,-,-,-,-,-,-,-,3,NEU,89-91,3/4,Normal,65,62,-,-,-,31,76,43,23,7,9,1,98,-,-,-,-,-,-,-,-,98,-,-,-,-,-,-,-,-,5,3,6,6,,,0,0,0,0,0,0,0,0,0,0,0,0,0,0,0,0,0,0.0,0.00,0,-0.0,0.0,0.00,0,0,0.0,0.0,1,1,0,1,0,0,0,8.0,31,29,3,0,1,1,3,2,1,0,4,0,1,0,0,0,0,0,0,0,0,0.81,97,10,10,0,0,0.1,0.1,0.2,4.45,1,1,1,1,0,0,0,0,1.12,0.1,1.096,0,0,8.0,0,0,1,1,0,0,0,0,0,0,0,0,0.0,0.0
SP,Bob Miller,Bob,Miller,King Street 504s,6' 3',190 lbs,R,R,69,Philadelphia Phillies,PHI,1950,1946-1960,CS,84695,Bronze,Clubhouse - April Fools' Day  SP Bob Miller  PHI  1950,0,N,0,3,6,1,6,4,2,11,1,4,3,4,5,1,7,5,30,23,Normal,Spray,Spray,40,102,81,120,17,105,66,111,53,100,92,128,52,79,-,-,61,-,-,-,-,-,-,-,3,NEU,89-91,3/4,Normal,65,62,-,-,-,31,76,43,23,7,9,1,98,-,-,-,-,-,-,-,-,98,-,-,-,-,-,-,-,-,5,3,6,6,,,0,0,0,0,0,0,0,0,0,0,0,0,0,0,0,0,0,0.0,0.00,0,-0.0,0.0,0.00,0,0,0.0,0.0,1,0,0,0,0,0,0,3.0,13,12,1,1,1,0,2,2,1,0,0,0,0,0,0,0,0,0,1,0,0,0.37,59,3,6,0,0,-0.1,0.0,-0.0,7.19,1,0,3,2,1,0,0,0,9.00,0.1,1.096,0,0,3.0,0,0,1,1,1,1,0,0,0,0,0,0,0.0,0.0
SP,Bob Miller,Bob,Miller,Narragansett Wave,6' 3',190 lbs,R,R,69,Philadelphia Phillies,PHI,1950,1946-1960,CS,84695,Bronze,Clubhouse - April Fools' Day  SP Bob Miller  PHI  1950,0,N,0,3,6,1,6,4,2,11,1,4,3,4,5,1,7,5,30,23,Normal,Spray,Spray,40,102,81,120,17,105,66,111,53,100,92,128,52,79,-,-,61,-,-,-,-,-,-,-,3,NEU,89-91,3/4,Normal,65,62,-,-,-,31,76,43,23,7,9,1,98,-,-,-,-,-,-,-,-,98,-,-,-,-,-,-,-,-,5,3,6,6,,,0,0,0,0,0,0,0,0,0,0,0,0,0,0,0,0,0,0.0,0.00,0,-0.0,0.0,0.00,0,0,0.0,0.0,1,1,1,0,0,0,0,8.2,34,31,2,2,0,1,1,1,2,0,6,1,0,0,0,0,0,0,0,0,0,1.28,114,10,10,0,0,0.3,0.1,0.6,4.06,1,1,6,2,4,0,0,0,6.23,0.2,1.096,0,0,8.2,0,0,4,4,0,0,0,0,0,0,0,0,0.0,0.0
SP,Bob Miller,Bob,Miller,Michigan Black Bears,6' 3',190 lbs,R,R,69,Philadelphia Phillies,PHI,1950,1946-1960,CS,84695,Bronze,Clubhouse - April Fools' Day  SP Bob Miller  PHI  1950,0,N,0,3,6,1,6,4,2,11,1,4,3,4,5,1,7,5,30,23,Normal,Spray,Spray,40,102,81,120,17,105,66,111,53,100,92,128,52,79,-,-,61,-,-,-,-,-,-,-,3,NEU,89-91,3/4,Normal,65,62,-,-,-,31,76,43,23,7,9,1,98,-,-,-,-,-,-,-,-,98,-,-,-,-,-,-,-,-,5,3,6,6,,,0,0,0,0,0,0,0,0,0,0,0,0,0,0,0,0,0,0.0,0.00,0,-0.0,0.0,0.00,0,0,0.0,0.0,5,5,2,3,0,0,0,37.2,159,151,32,4,0,5,22,21,7,0,18,0,0,1,1,0,0,3,0,0,0,0.66,529,40,51,0,0,-0.5,0.4,0.3,4.86,5,5,4,2,2,0,0,0,0.96,0.4,2.193,0,0,37.2,0,0,1,1,1,1,0,0,0,0,0,0,0.0,0.0
SP,Art Nehf,Art,Nehf,EVC's Let the Music Play Ball-TTC,6' 0',175 lbs,L,L,64,Boston Braves,ATL,1919,2026,,83152,Bronze,Snapshot  SP Art Nehf  BSN  1919,0,Y,5,29,126,47,49,26,28,145,53,46,16,30,120,46,51,31,46,8,Line Drive,Pull,Pull,54,91,105,75,60,91,97,77,52,91,107,75,64,75,52,-,-,-,-,-,-,-,-,-,3,NEU,89-91,3/4,Normal,87,57,-,-,-,28,42,35,37,2,2,5,85,-,-,-,-,-,-,-,-,85,-,-,-,-,-,-,-,-,59,78,72,43,,,0,0,0,0,0,0,0,0,0,0,0,0,0,0,0,0,0,0.0,0.00,0,-0.0,0.0,0.00,0,0,0.0,0.0,4,4,1,3,0,0,0,29.0,139,125,27,6,1,5,22,16,9,2,10,2,1,2,1,0,0,3,0,0,0,0.83,481,34,38,1,0,-0.6,-0.0,-0.2,5.74,4,4,6,3,3,0,0,0,1.86,-0.0,1.096,1,0,29.0,0,0,2,2,1,1,0,0,0,0,0,0,0.0,0.0
SP,Fritz Ostermueller,Fritz,Ostermueller,HILITE RECORDS,5' 11',175 lbs,L,L,64,Pittsburgh Pirates,PIT,1944,1921-1945,BBR,86357,Bronze,Trade Deadliners - Baseball Reference 6  SP Fritz Ostermueller  PIT  1944,0,Y,5,31,41,6,41,36,35,50,6,51,23,30,39,7,38,39,45,5,Normal,Normal,Normal,99,88,84,130,143,72,92,103,89,92,81,148,78,123,121,-,-,-,-,-,-,-,-,-,3,FB,88-90,OTT,Normal,98,59,-,-,-,25,22,23,23,6,4,5,58,-,-,-,-,-,-,-,-,58,-,-,-,-,-,-,-,-,39,45,58,27,,,0,0,0,0,0,0,0,0,0,0,0,0,0,0,0,0,0,0.0,0.00,0,-0.0,0.0,0.00,0,0,0.0,0.0,3,3,1,2,0,0,0,26.0,107,99,13,2,1,4,10,7,6,0,19,2,0,0,2,0,0,1,0,0,0,0.80,406,26,31,0,0,0.0,0.3,0.7,4.01,3,3,2,1,1,0,0,0,0.69,0.1,1.096,0,0,26.0,0,0,1,1,0,0,0,0,0,0,0,0,0.0,0.0
SP,Fritz Ostermueller,Fritz,Ostermueller,Black Dog,5' 11',175 lbs,L,L,64,Pittsburgh Pirates,PIT,1944,1921-1945,BBR,86357,Bronze,Trade Deadliners - Baseball Reference 6  SP Fritz Ostermueller  PIT  1944,0,N,0,27,37,4,37,32,31,45,4,46,20,26,35,5,34,35,45,5,Normal,Normal,Normal,91,81,77,120,133,66,85,95,82,85,74,137,78,123,121,-,-,-,-,-,-,-,-,-,3,FB,88-90,OTT,Normal,98,59,-,-,-,25,22,23,23,6,4,5,54,-,-,-,-,-,-,-,-,54,-,-,-,-,-,-,-,-,39,45,58,27,,,0,0,0,0,0,0,0,0,0,0,0,0,0,0,0,0,0,0.0,0.00,0,-0.0,0.0,0.00,0,0,0.0,0.0,4,4,1,0,0,0,0,21.2,97,88,17,4,0,2,10,9,6,0,17,1,2,0,1,0,0,1,0,0,0,1.18,377,23,26,0,0,0.2,0.5,0.4,4.12,4,4,4,3,1,0,0,0,1.66,-0.0,.822,0,0,21.2,0,0,4,4,0,0,0,0,0,0,0,0,0.0,0.0
SP,Fritz Ostermueller,Fritz,Ostermueller,Newport News Dodgers_TTC,5' 11',175 lbs,L,L,64,Pittsburgh Pirates,PIT,1944,1921-1945,BBR,86357,Bronze,Trade Deadliners - Baseball Reference 6  SP Fritz Ostermueller  PIT  1944,0,N,0,27,37,4,37,32,31,45,4,46,20,26,35,5,34,35,45,5,Normal,Normal,Normal,91,81,77,120,133,66,85,95,82,85,74,137,78,123,121,-,-,-,-,-,-,-,-,-,3,FB,88-90,OTT,Normal,98,59,-,-,-,25,22,23,23,6,4,5,54,-,-,-,-,-,-,-,-,54,-,-,-,-,-,-,-,-,39,45,58,27,,,0,0,0,0,0,0,0,0,0,0,0,0,0,0,0,0,0,0.0,0.00,0,-0.0,0.0,0.00,0,0,0.0,0.0,2,2,1,0,0,0,0,17.1,77,67,13,0,1,0,3,2,9,0,9,0,0,1,0,0,0,0,0,0,0,1.73,296,14,29,0,0,0.5,0.4,1.0,5.60,2,2,0,0,0,0,0,0,0.00,0.0,.000,0,0,17.1,0,0,0,0,0,0,0,0,0,0,0,0,0.0,0.0
SP,Fritz Ostermueller,Fritz,Ostermueller,Deep 13 Mad Scientists,5' 11',175 lbs,L,L,64,Pittsburgh Pirates,PIT,1944,1921-1945,BBR,86357,Bronze,Trade Deadliners - Baseball Reference 6  SP Fritz Ostermueller  PIT  1944,0,N,0,27,37,4,37,32,31,45,4,46,20,26,35,5,34,35,45,5,Normal,Normal,Normal,91,81,77,120,133,66,85,95,82,85,74,137,78,123,121,-,-,-,-,-,-,-,-,-,3,FB,88-90,OTT,Normal,98,59,-,-,-,25,22,23,23,6,4,5,54,-,-,-,-,-,-,-,-,54,-,-,-,-,-,-,-,-,39,45,58,27,,,0,0,0,0,0,0,0,0,0,0,0,0,0,0,0,0,0,0.0,0.00,0,-0.0,0.0,0.00,0,0,0.0,0.0,2,2,2,0,0,0,0,17.2,81,75,17,1,1,1,4,3,6,0,10,0,0,0,1,0,0,0,0,0,0,1.37,292,14,28,0,0,0.8,0.4,0.9,4.98,2,2,3,0,3,0,0,0,1.53,0.0,.000,0,0,17.2,0,0,1,1,0,0,0,0,0,0,0,0,-0.1,0.0
SP,Fritz Ostermueller,Fritz,Ostermueller,Jinzhou Speedster,5' 11',175 lbs,L,L,64,Pittsburgh Pirates,PIT,1944,1921-1945,BBR,86357,Bronze,Trade Deadliners - Baseball Reference 6  SP Fritz Ostermueller  PIT  1944,0,N,0,27,37,4,37,32,31,45,4,46,20,26,35,5,34,35,45,5,Normal,Normal,Normal,91,81,77,120,133,66,85,95,82,85,74,137,78,123,121,-,-,-,-,-,-,-,-,-,3,FB,88-90,OTT,Normal,98,59,-,-,-,25,22,23,23,6,4,5,54,-,-,-,-,-,-,-,-,54,-,-,-,-,-,-,-,-,39,45,58,27,,,0,0,0,0,0,0,0,0,0,0,0,0,0,0,0,0,0,0.0,0.00,0,-0.0,0.0,0.00,0,0,0.0,0.0,1,1,1,0,0,0,0,9.0,34,32,5,0,0,1,1,1,1,0,7,0,1,0,0,0,0,0,0,0,0,1.15,113,10,10,0,0,0.5,0.2,0.6,3.31,1,1,1,1,0,0,0,0,1.00,0.1,1.096,0,0,9.0,0,0,1,1,0,0,0,0,0,0,0,0,0.0,0.0
SP,Fritz Ostermueller,Fritz,Ostermueller,Cape Cod Sharks - HotL,5' 11',175 lbs,L,L,64,Pittsburgh Pirates,PIT,1944,1921-1945,BBR,86357,Bronze,Trade Deadliners - Baseball Reference 6  SP Fritz Ostermueller  PIT  1944,0,Y,5,31,41,6,41,36,35,50,6,51,23,30,39,7,38,39,45,5,Normal,Normal,Normal,99,88,84,130,143,72,92,103,89,92,81,148,78,123,121,-,-,-,-,-,-,-,-,-,3,FB,88-90,OTT,Normal,98,59,-,-,-,25,22,23,23,6,4,5,58,-,-,-,-,-,-,-,-,58,-,-,-,-,-,-,-,-,39,45,58,27,,,0,0,0,0,0,0,0,0,0,0,0,0,0,0,0,0,0,0.0,0.00,0,-0.0,0.0,0.00,0,0,0.0,0.0,5,5,3,2,0,0,0,40.1,171,159,30,6,1,3,17,15,10,0,32,0,0,2,1,0,0,1,0,0,0,0.93,659,35,51,1,0,0.2,1.1,0.9,3.87,5,5,8,3,5,0,0,0,1.79,-0.3,1.096,1,0,40.1,0,0,4,3,0,0,0,0,0,0,0,0,-0.1,0.0
SP,Fritz Ostermueller,Fritz,Ostermueller,Louisville Haymakers,5' 11',175 lbs,L,L,64,Pittsburgh Pirates,PIT,1944,1921-1945,BBR,86357,Bronze,Trade Deadliners - Baseball Reference 6  SP Fritz Ostermueller  PIT  1944,0,N,0,27,37,4,37,32,31,45,4,46,20,26,35,5,34,35,45,5,Normal,Normal,Normal,91,81,77,120,133,66,85,95,82,85,74,137,78,123,121,-,-,-,-,-,-,-,-,-,3,FB,88-90,OTT,Normal,98,59,-,-,-,25,22,23,23,6,4,5,54,-,-,-,-,-,-,-,-,54,-,-,-,-,-,-,-,-,39,45,58,27,,,0,0,0,0,0,0,0,0,0,0,0,0,0,0,0,0,0,0.0,0.00,0,-0.0,0.0,0.00,0,0,0.0,0.0,3,0,0,0,0,0,1,5.1,24,21,3,1,0,1,3,3,3,1,4,0,0,0,0,0,0,0,2,5,1,0.70,92,5,7,0,0,-0.5,-0.0,-0.0,4.98,3,0,1,0,1,0,0,0,1.69,0.0,.000,0,0,5.1,0,0,0,0,0,0,0,0,0,0,0,0,0.0,0.0
SP,Fritz Ostermueller,Fritz,Ostermueller,OKC Whirlwinds - PCK,5' 11',175 lbs,L,L,64,Pittsburgh Pirates,PIT,1944,1921-1945,BBR,86357,Bronze,Trade Deadliners - Baseball Reference 6  SP Fritz Ostermueller  PIT  1944,0,N,0,27,37,4,37,32,31,45,4,46,20,26,35,5,34,35,45,5,Normal,Normal,Normal,91,81,77,120,133,66,85,95,82,85,74,137,78,123,121,-,-,-,-,-,-,-,-,-,3,FB,88-90,OTT,Normal,98,59,-,-,-,25,22,23,23,6,4,5,54,-,-,-,-,-,-,-,-,54,-,-,-,-,-,-,-,-,39,45,58,27,,,0,0,0,0,0,0,0,0,0,0,0,0,0,0,0,0,0,0.0,0.00,0,-0.0,0.0,0.00,0,0,0.0,0.0,6,6,2,1,0,0,0,48.1,220,206,40,9,3,7,32,30,12,0,40,0,0,2,0,0,0,2,0,0,0,1.08,798,40,61,0,0,-1.2,0.8,-0.0,3.90,6,6,6,1,5,0,0,0,1.12,-0.1,1.096,0,0,48.1,0,0,3,2,0,0,0,0,0,0,0,0,-0.3,0.0
SP,Fritz Ostermueller,Fritz,Ostermueller,Beachcrest Blue Hornets,5' 11',175 lbs,L,L,64,Pittsburgh Pirates,PIT,1944,1921-1945,BBR,86357,Bronze,Trade Deadliners - Baseball Reference 6  SP Fritz Ostermueller  PIT  1944,0,N,0,27,37,4,37,32,31,45,4,46,20,26,35,5,34,35,45,5,Normal,Normal,Normal,91,81,77,120,133,66,85,95,82,85,74,137,78,123,121,-,-,-,-,-,-,-,-,-,3,FB,88-90,OTT,Normal,98,59,-,-,-,25,22,23,23,6,4,5,54,-,-,-,-,-,-,-,-,54,-,-,-,-,-,-,-,-,39,45,58,27,,,0,0,0,0,0,0,0,0,0,0,0,0,0,0,0,0,0,0.0,0.00,0,-0.0,0.0,0.00,0,0,0.0,0.0,2,0,0,0,0,0,0,3.0,12,11,2,0,0,0,0,0,1,0,5,0,0,0,0,0,0,0,2,1,1,0.24,51,1,3,0,0,-0.0,0.2,0.2,0.84,2,0,0,0,0,0,0,0,0.00,0.0,.000,0,0,3.0,0,0,0,0,0,0,0,0,0,0,0,0,0.0,0.0
SP,Fritz Ostermueller,Fritz,Ostermueller,Breslau Binturings - HotL,5' 11',175 lbs,L,L,64,Pittsburgh Pirates,PIT,1944,1921-1945,BBR,86357,Bronze,Trade Deadliners - Baseball Reference 6  SP Fritz Ostermueller  PIT  1944,0,Y,5,31,41,6,41,36,35,50,6,51,23,30,39,7,38,39,45,5,Normal,Normal,Normal,99,88,84,130,143,72,92,103,89,92,81,148,78,123,121,-,-,-,-,-,-,-,-,-,3,FB,88-90,OTT,Normal,98,59,-,-,-,25,22,23,23,6,4,5,58,-,-,-,-,-,-,-,-,58,-,-,-,-,-,-,-,-,39,45,58,27,,,0,0,0,0,0,0,0,0,0,0,0,0,0,0,0,0,0,0.0,0.00,0,-0.0,0.0,0.00,0,0,0.0,0.0,3,3,2,0,0,0,0,21.1,81,74,9,1,1,1,3,3,6,0,17,0,1,0,0,0,0,1,0,0,0,1.06,315,21,25,0,0,0.9,0.7,1.3,3.75,3,3,5,4,1,0,0,0,2.11,0.2,1.096,0,0,21.1,0,0,4,4,0,0,0,0,0,0,0,0,0.0,0.0
SP,Fritz Ostermueller,Fritz,Ostermueller,EVC's Let the Music Play Ball-TTC,5' 11',175 lbs,L,L,64,Pittsburgh Pirates,PIT,1944,1921-1945,BBR,86357,Bronze,Trade Deadliners - Baseball Reference 6  SP Fritz Ostermueller  PIT  1944,0,N,0,27,37,4,37,32,31,45,4,46,20,26,35,5,34,35,45,5,Normal,Normal,Normal,91,81,77,120,133,66,85,95,82,85,74,137,78,123,121,-,-,-,-,-,-,-,-,-,3,FB,88-90,OTT,Normal,98,59,-,-,-,25,22,23,23,6,4,5,54,-,-,-,-,-,-,-,-,54,-,-,-,-,-,-,-,-,39,45,58,27,,,0,0,0,0,0,0,0,0,0,0,0,0,0,0,0,0,0,0.0,0.00,0,-0.0,0.0,0.00,0,0,0.0,0.0,4,4,2,2,0,0,0,29.1,126,112,19,6,1,3,18,18,10,0,16,2,1,1,1,0,0,3,0,0,0,0.88,477,31,36,0,1,-0.4,0.3,0.1,5.05,4,4,5,3,2,0,0,0,1.53,0.5,1.096,1,1,29.1,0,0,2,2,1,1,0,0,0,0,0,0,0.0,0.0
SP,Fritz Ostermueller,Fritz,Ostermueller,Ware Wolves2,5' 11',175 lbs,L,L,64,Pittsburgh Pirates,PIT,1944,1921-1945,BBR,86357,Bronze,Trade Deadliners - Baseball Reference 6  SP Fritz Ostermueller  PIT  1944,0,N,0,27,37,4,37,32,31,45,4,46,20,26,35,5,34,35,45,5,Normal,Normal,Normal,91,81,77,120,133,66,85,95,82,85,74,137,78,123,121,-,-,-,-,-,-,-,-,-,3,FB,88-90,OTT,Normal,98,59,-,-,-,25,22,23,23,6,4,5,54,-,-,-,-,-,-,-,-,54,-,-,-,-,-,-,-,-,39,45,58,27,,,0,0,0,0,0,0,0,0,0,0,0,0,0,0,0,0,0,0.0,0.00,0,-0.0,0.0,0.00,0,0,0.0,0.0,6,6,3,2,0,0,0,44.1,188,170,27,3,4,1,16,9,14,0,41,0,1,2,3,0,1,2,0,0,0,0.95,731,31,59,0,0,0.4,1.8,1.3,3.51,6,6,8,3,3,2,0,0,1.22,-0.4,.877,0,0,44.1,0,0,4,3,2,1,0,0,0,0,0,0,-0.1,0.0
SP,Fritz Ostermueller,Fritz,Ostermueller,Deadwood Punch and Judys TTC,5' 11',175 lbs,L,L,64,Pittsburgh Pirates,PIT,1944,1921-1945,BBR,86357,Bronze,Trade Deadliners - Baseball Reference 6  SP Fritz Ostermueller  PIT  1944,0,N,0,27,37,4,37,32,31,45,4,46,20,26,35,5,34,35,45,5,Normal,Normal,Normal,91,81,77,120,133,66,85,95,82,85,74,137,78,123,121,-,-,-,-,-,-,-,-,-,3,FB,88-90,OTT,Normal,98,59,-,-,-,25,22,23,23,6,4,5,54,-,-,-,-,-,-,-,-,54,-,-,-,-,-,-,-,-,39,45,58,27,,,0,0,0,0,0,0,0,0,0,0,0,0,0,0,0,0,0,0.0,0.00,0,-0.0,0.0,0.00,0,0,0.0,0.0,6,6,3,2,0,0,0,48.0,207,187,43,7,1,0,18,16,16,0,44,0,2,2,2,0,0,5,0,0,0,1.11,791,41,54,0,0,0.3,2.1,1.4,3.74,6,6,3,3,0,0,0,0,0.56,0.2,1.096,0,0,48.0,0,0,2,2,1,1,0,0,0,0,0,0,0.0,0.0
SP,Fritz Ostermueller,Fritz,Ostermueller,Madison Moundsmen,5' 11',175 lbs,L,L,64,Pittsburgh Pirates,PIT,1944,1921-1945,BBR,86357,Bronze,Trade Deadliners - Baseball Reference 6  SP Fritz Ostermueller  PIT  1944,0,Y,5,31,41,6,41,36,35,50,6,51,23,30,39,7,38,39,45,5,Normal,Normal,Normal,99,88,84,130,143,72,92,103,89,92,81,148,78,123,121,-,-,-,-,-,-,-,-,-,3,FB,88-90,OTT,Normal,98,59,-,-,-,25,22,23,23,6,4,5,58,-,-,-,-,-,-,-,-,58,-,-,-,-,-,-,-,-,39,45,58,27,,,0,0,0,0,0,0,0,0,0,0,0,0,0,0,0,0,0,0.0,0.00,0,-0.0,0.0,0.00,0,0,0.0,0.0,3,3,3,0,0,0,0,27.0,109,104,20,3,1,1,8,6,2,0,23,0,2,1,1,0,0,1,0,0,0,0.92,398,32,24,0,0,0.7,1.3,1.1,3.16,3,3,8,7,1,0,0,0,2.67,0.4,1.096,0,0,27.0,0,0,5,5,1,1,0,0,0,0,0,0,0.0,0.0
SP,Fritz Ostermueller,Fritz,Ostermueller,Kansas City Torrent - JW,5' 11',175 lbs,L,L,64,Pittsburgh Pirates,PIT,1944,1921-1945,BBR,86357,Bronze,Trade Deadliners - Baseball Reference 6  SP Fritz Ostermueller  PIT  1944,57,N,0,27,37,4,37,32,31,45,4,46,20,26,35,5,34,35,45,5,Normal,Normal,Normal,91,81,77,120,133,66,85,95,82,85,74,137,78,123,121,-,-,-,-,-,-,-,-,-,3,FB,88-90,OTT,Normal,98,59,-,-,-,25,22,23,23,6,4,5,54,-,-,-,-,-,-,-,-,54,-,-,-,-,-,-,-,-,39,45,58,27,,,0,0,0,0,0,0,0,0,0,0,0,0,0,0,0,0,0,0.0,0.00,0,-0.0,0.0,0.00,0,0,0.0,0.0,2,2,0,2,0,0,0,16.2,69,65,11,0,1,4,8,8,3,1,8,0,1,0,0,0,0,0,0,0,0,1.05,253,22,20,0,0,-0.6,-0.0,0.3,4.75,2,2,1,1,0,0,0,0,0.54,0.1,1.096,0,0,16.2,0,0,1,1,0,0,0,0,0,0,0,0,0.0,0.0
SP,Fritz Ostermueller,Fritz,Ostermueller,PNW Wild Stallions,5' 11',175 lbs,L,L,64,Pittsburgh Pirates,PIT,1944,1921-1945,BBR,86357,Bronze,Trade Deadliners - Baseball Reference 6  SP Fritz Ostermueller  PIT  1944,0,N,0,27,37,4,37,32,31,45,4,46,20,26,35,5,34,35,45,5,Normal,Normal,Normal,91,81,77,120,133,66,85,95,82,85,74,137,78,123,121,-,-,-,-,-,-,-,-,-,3,FB,88-90,OTT,Normal,98,59,-,-,-,25,22,23,23,6,4,5,54,-,-,-,-,-,-,-,-,54,-,-,-,-,-,-,-,-,39,45,58,27,,,0,0,0,0,0,0,0,0,0,0,0,0,0,0,0,0,0,0.0,0.00,0,-0.0,0.0,0.00,0,0,0.0,0.0,3,3,1,2,0,0,0,24.2,108,93,18,2,2,2,11,11,10,1,19,1,1,3,0,1,0,1,0,0,0,1.18,406,18,35,1,1,-0.2,0.5,0.5,4.37,3,3,3,3,0,0,0,0,1.09,0.0,1.096,2,1,24.2,0,0,3,3,1,0,0,0,0,0,0,0,0.0,0.0
SP,Fritz Ostermueller,Fritz,Ostermueller,White Rabbitt,5' 11',175 lbs,L,L,64,Pittsburgh Pirates,PIT,1944,1921-1945,BBR,86357,Bronze,Trade Deadliners - Baseball Reference 6  SP Fritz Ostermueller  PIT  1944,0,N,0,27,37,4,37,32,31,45,4,46,20,26,35,5,34,35,45,5,Normal,Normal,Normal,91,81,77,120,133,66,85,95,82,85,74,137,78,123,121,-,-,-,-,-,-,-,-,-,3,FB,88-90,OTT,Normal,98,59,-,-,-,25,22,23,23,6,4,5,54,-,-,-,-,-,-,-,-,54,-,-,-,-,-,-,-,-,39,45,58,27,,,0,0,0,0,0,0,0,0,0,0,0,0,0,0,0,0,0,0.0,0.00,0,-0.0,0.0,0.00,0,0,0.0,0.0,6,6,5,1,0,0,0,51.1,226,201,37,7,2,4,19,17,19,0,30,2,2,2,4,0,0,3,0,0,0,1.09,799,47,73,0,0,1.0,0.8,1.5,5.01,6,6,9,6,3,0,0,0,1.58,0.4,1.096,0,0,51.1,0,0,5,5,0,0,1,1,0,0,0,0,0.0,0.0
SP,Fritz Ostermueller,Fritz,Ostermueller,Ethiopia Pink Elephants,5' 11',175 lbs,L,L,64,Pittsburgh Pirates,PIT,1944,1921-1945,BBR,86357,Bronze,Trade Deadliners - Baseball Reference 6  SP Fritz Ostermueller  PIT  1944,0,N,0,27,37,4,37,32,31,45,4,46,20,26,35,5,34,35,45,5,Normal,Normal,Normal,91,81,77,120,133,66,85,95,82,85,74,137,78,123,121,-,-,-,-,-,-,-,-,-,3,FB,88-90,OTT,Normal,98,59,-,-,-,25,22,23,23,6,4,5,54,-,-,-,-,-,-,-,-,54,-,-,-,-,-,-,-,-,39,45,58,27,,,0,0,0,0,0,0,0,0,0,0,0,0,0,0,0,0,0,0.0,0.00,0,-0.0,0.0,0.00,0,0,0.0,0.0,1,1,0,1,0,0,0,5.0,24,24,5,1,0,1,6,4,0,0,6,0,0,0,0,0,0,0,0,0,0,0.92,89,3,6,0,0,-0.3,0.1,-0.2,2.19,1,1,0,0,0,0,0,0,0.00,0.0,.000,0,0,5.0,0,0,0,0,0,0,0,0,0,0,0,0,0.0,0.0
SP,Fritz Ostermueller,Fritz,Ostermueller,New Platson Grand Petites HotL,5' 11',175 lbs,L,L,64,Pittsburgh Pirates,PIT,1944,1921-1945,BBR,86357,Bronze,Trade Deadliners - Baseball Reference 6  SP Fritz Ostermueller  PIT  1944,0,Y,5,31,41,6,41,36,35,50,6,51,23,30,39,7,38,39,45,5,Normal,Normal,Normal,99,88,84,130,143,72,92,103,89,92,81,148,78,123,121,-,-,-,-,-,-,-,-,-,3,FB,88-90,OTT,Normal,98,59,-,-,-,25,22,23,23,6,4,5,58,-,-,-,-,-,-,-,-,58,-,-,-,-,-,-,-,-,39,45,58,27,,,0,0,0,0,0,0,0,0,0,0,0,0,0,0,0,0,0,0.0,0.00,0,-0.0,0.0,0.00,0,0,0.0,0.0,2,2,0,2,0,0,0,12.2,60,51,9,5,0,1,11,10,7,0,11,1,1,0,0,0,0,1,0,0,0,1.01,222,11,15,0,0,-0.6,0.2,-0.2,4.63,2,2,0,0,0,0,0,0,0.00,-0.2,.000,0,0,12.2,0,0,1,0,0,0,0,0,0,0,0,0,0.0,0.0
SP,Fritz Ostermueller,Fritz,Ostermueller,Daegu Lions,5' 11',175 lbs,L,L,64,Pittsburgh Pirates,PIT,1944,1921-1945,BBR,86357,Bronze,Trade Deadliners - Baseball Reference 6  SP Fritz Ostermueller  PIT  1944,0,Y,5,31,41,6,41,36,35,50,6,51,23,30,39,7,38,39,45,5,Normal,Normal,Normal,99,88,84,130,143,72,92,103,89,92,81,148,78,123,121,-,-,-,-,-,-,-,-,-,3,FB,88-90,OTT,Normal,98,59,-,-,-,25,22,23,23,6,4,5,58,-,-,-,-,-,-,-,-,58,-,-,-,-,-,-,-,-,39,45,58,27,,,0,0,0,0,0,0,0,0,0,0,0,0,0,0,0,0,0,0.0,0.00,0,-0.0,0.0,0.00,0,0,0.0,0.0,4,4,2,0,0,0,0,32.1,135,124,19,3,0,4,13,10,9,0,33,1,1,0,2,0,0,3,0,0,0,1.23,494,28,31,0,1,-0.1,0.7,0.8,3.20,4,4,7,3,4,0,0,0,1.95,0.5,1.096,1,1,32.1,0,0,5,5,0,0,0,0,0,0,0,0,-0.1,0.0
SP,Fritz Ostermueller,Fritz,Ostermueller,The Spacehog,5' 11',175 lbs,L,L,64,Pittsburgh Pirates,PIT,1944,1921-1945,BBR,86357,Bronze,Trade Deadliners - Baseball Reference 6  SP Fritz Ostermueller  PIT  1944,0,N,0,27,37,4,37,32,31,45,4,46,20,26,35,5,34,35,45,5,Normal,Normal,Normal,91,81,77,120,133,66,85,95,82,85,74,137,78,123,121,-,-,-,-,-,-,-,-,-,3,FB,88-90,OTT,Normal,98,59,-,-,-,25,22,23,23,6,4,5,54,-,-,-,-,-,-,-,-,54,-,-,-,-,-,-,-,-,39,45,58,27,,,0,0,0,0,0,0,0,0,0,0,0,0,0,0,0,0,0,0.0,0.00,0,-0.0,0.0,0.00,0,0,0.0,0.0,1,1,1,0,0,0,0,9.0,33,30,1,1,0,1,2,1,2,0,3,1,0,0,0,0,0,1,0,0,0,1.04,107,9,14,0,0,0.3,0.1,0.5,5.39,1,1,4,2,2,0,0,0,4.00,0.2,1.096,0,0,9.0,0,0,3,3,0,0,0,0,0,0,0,0,0.0,0.0
SP,Fritz Ostermueller,Fritz,Ostermueller,BAGgin' Dingers TTC,5' 11',175 lbs,L,L,64,Pittsburgh Pirates,PIT,1944,1921-1945,BBR,86357,Bronze,Trade Deadliners - Baseball Reference 6  SP Fritz Ostermueller  PIT  1944,0,N,0,27,37,4,37,32,31,45,4,46,20,26,35,5,34,35,45,5,Normal,Normal,Normal,91,81,77,120,133,66,85,95,82,85,74,137,78,123,121,-,-,-,-,-,-,-,-,-,3,FB,88-90,OTT,Normal,98,59,-,-,-,25,22,23,23,6,4,5,54,-,-,-,-,-,-,-,-,54,-,-,-,-,-,-,-,-,39,45,58,27,,,0,0,0,0,0,0,0,0,0,0,0,0,0,0,0,0,0,0.0,0.00,0,-0.0,0.0,0.00,0,0,0.0,0.0,4,4,3,1,0,0,0,35.0,137,130,19,3,0,3,12,11,6,0,23,0,0,1,0,0,0,1,0,0,0,1.38,464,37,42,0,1,0.9,0.9,1.2,4.01,4,4,5,3,1,1,0,0,1.03,-0.3,.731,1,1,35.0,0,0,5,3,0,0,0,0,0,0,0,0,-0.1,0.0
SP,Fritz Ostermueller,Fritz,Ostermueller,Canterbury Tails,5' 11',175 lbs,L,L,64,Pittsburgh Pirates,PIT,1944,1921-1945,BBR,86357,Bronze,Trade Deadliners - Baseball Reference 6  SP Fritz Ostermueller  PIT  1944,0,N,0,27,37,4,37,32,31,45,4,46,20,26,35,5,34,35,45,5,Normal,Normal,Normal,91,81,77,120,133,66,85,95,82,85,74,137,78,123,121,-,-,-,-,-,-,-,-,-,3,FB,88-90,OTT,Normal,98,59,-,-,-,25,22,23,23,6,4,5,54,-,-,-,-,-,-,-,-,54,-,-,-,-,-,-,-,-,39,45,58,27,,,0,0,0,0,0,0,0,0,0,0,0,0,0,0,0,0,0,0.0,0.00,0,-0.0,0.0,0.00,0,0,0.0,0.0,3,3,1,1,0,0,0,25.0,111,99,21,2,2,2,9,9,9,0,19,0,2,1,1,1,0,2,0,0,0,1.12,417,18,36,0,0,-0.0,0.5,0.8,4.30,3,3,4,2,2,0,0,0,1.44,-0.1,.548,0,0,25.0,0,0,3,3,0,0,0,0,0,0,0,0,-0.1,0.0
SP,Fritz Ostermueller,Fritz,Ostermueller,Out of Left Field,5' 11',175 lbs,L,L,64,Pittsburgh Pirates,PIT,1944,1921-1945,BBR,86357,Bronze,Trade Deadliners - Baseball Reference 6  SP Fritz Ostermueller  PIT  1944,0,N,0,27,37,4,37,32,31,45,4,46,20,26,35,5,34,35,45,5,Normal,Normal,Normal,91,81,77,120,133,66,85,95,82,85,74,137,78,123,121,-,-,-,-,-,-,-,-,-,3,FB,88-90,OTT,Normal,98,59,-,-,-,25,22,23,23,6,4,5,54,-,-,-,-,-,-,-,-,54,-,-,-,-,-,-,-,-,39,45,58,27,,,0,0,0,0,0,0,0,0,0,0,0,0,0,0,0,0,0,0.0,0.00,0,-0.0,0.0,0.00,0,0,0.0,0.0,8,8,4,2,0,0,0,67.2,283,262,38,13,3,9,28,27,16,0,55,1,1,3,3,0,0,4,0,0,0,1.16,1049,57,88,0,0,-0.2,1.2,1.6,3.72,8,8,7,3,3,1,0,0,0.80,-0.2,.877,0,0,67.2,0,0,4,3,1,1,0,0,0,0,0,0,0.0,0.0
SP,Fritz Ostermueller,Fritz,Ostermueller,Narragansett Wave,5' 11',175 lbs,L,L,64,Pittsburgh Pirates,PIT,1944,1921-1945,BBR,86357,Bronze,Trade Deadliners - Baseball Reference 6  SP Fritz Ostermueller  PIT  1944,0,N,0,27,37,4,37,32,31,45,4,46,20,26,35,5,34,35,45,5,Normal,Normal,Normal,91,81,77,120,133,66,85,95,82,85,74,137,78,123,121,-,-,-,-,-,-,-,-,-,3,FB,88-90,OTT,Normal,98,59,-,-,-,25,22,23,23,6,4,5,54,-,-,-,-,-,-,-,-,54,-,-,-,-,-,-,-,-,39,45,58,27,,,0,0,0,0,0,0,0,0,0,0,0,0,0,0,0,0,0,0.0,0.00,0,-0.0,0.0,0.00,0,0,0.0,0.0,2,2,0,2,0,0,0,14.0,68,59,10,3,1,2,11,8,7,0,9,0,1,1,0,0,0,0,0,0,0,1.18,267,13,20,0,0,-0.4,0.0,-0.1,5.25,2,2,3,1,1,1,0,0,1.29,-0.4,.000,0,0,14.0,0,0,2,1,0,0,0,0,0,0,0,0,0.0,0.0
SP,Fritz Ostermueller,Fritz,Ostermueller,Michigan Black Bears,5' 11',175 lbs,L,L,64,Pittsburgh Pirates,PIT,1944,1921-1945,BBR,86357,Bronze,Trade Deadliners - Baseball Reference 6  SP Fritz Ostermueller  PIT  1944,0,N,0,27,37,4,37,32,31,45,4,46,20,26,35,5,34,35,45,5,Normal,Normal,Normal,91,81,77,120,133,66,85,95,82,85,74,137,78,123,121,-,-,-,-,-,-,-,-,-,3,FB,88-90,OTT,Normal,98,59,-,-,-,25,22,23,23,6,4,5,54,-,-,-,-,-,-,-,-,54,-,-,-,-,-,-,-,-,39,45,58,27,,,0,0,0,0,0,0,0,0,0,0,0,0,0,0,0,0,0,0.0,0.00,0,-0.0,0.0,0.00,0,0,0.0,0.0,3,3,2,1,0,0,0,27.1,111,102,18,0,2,1,6,5,8,0,23,0,0,1,0,1,0,2,0,0,0,1.21,445,28,28,1,0,0.5,1.0,1.4,3.78,3,3,3,0,3,0,0,0,0.99,-0.1,1.096,1,0,27.1,0,0,2,2,0,0,0,0,0,0,0,0,0.0,0.0
SP,Satchel Paige,Satchel,Paige,Birmingham Black Barons,6' 3',180 lbs,R,R,68,St. Louis Browns,BAL,1952,1946-1960,,84839,Bronze,Celebrating 42 - Veteran Presence  RP Satchel Paige  SLA  1952,0,N,0,1,3,1,3,2,1,3,1,3,2,1,3,1,3,2,38,26,Normal,Normal,Normal,108,65,69,105,87,59,65,110,130,71,73,100,89,121,105,89,-,-,-,103,-,110,102,-,7,EX FB,89-91,3/4,Normal,57,51,-,-,-,29,20,24,23,2,10,1,57,-,-,-,-,-,-,-,-,57,-,-,-,-,-,-,-,-,8,4,6,12,,,0,0,0,0,0,0,0,0,0,0,0,0,0,0,0,0,0,0.0,0.00,0,-0.0,0.0,0.00,0,0,0.0,0.0,3,3,0,2,0,0,0,16.1,78,63,14,2,1,0,12,11,10,0,9,0,4,1,1,0,0,0,0,0,0,1.17,314,20,20,0,0,-0.9,0.3,-0.1,5.75,3,3,5,5,0,0,0,0,2.76,0.6,1.370,0,0,16.1,0,0,4,4,1,1,0,0,0,0,0,0,0.0,0.0
SP,Satchel Paige,Satchel,Paige,HILITE RECORDS,6' 3',180 lbs,R,R,68,St. Louis Browns,BAL,1952,1946-1960,,84839,Bronze,Celebrating 42 - Veteran Presence  RP Satchel Paige  SLA  1952,0,Y,5,1,5,1,5,4,1,5,1,5,4,1,5,1,5,4,38,26,Normal,Normal,Normal,117,71,75,114,94,65,71,119,140,77,80,108,89,121,105,89,-,-,-,103,-,110,102,-,7,EX FB,89-91,3/4,Normal,57,51,-,-,-,29,20,24,23,2,10,1,62,-,-,-,-,-,-,-,-,62,-,-,-,-,-,-,-,-,8,4,6,12,,,0,0,0,0,0,0,0,0,0,0,0,0,0,0,0,0,0,0.0,0.00,0,-0.0,0.0,0.00,0,0,0.0,0.0,3,3,0,2,0,0,0,19.2,87,73,11,2,3,0,12,12,12,0,18,0,1,1,2,0,0,1,0,0,0,1.23,350,14,26,2,0,-0.9,0.6,0.1,4.47,3,3,5,0,5,0,1,0,2.29,-0.5,.000,2,0,19.2,0,0,0,0,0,0,0,0,0,0,0,0,0.0,0.0
SP,Satchel Paige,Satchel,Paige,Black Dog,6' 3',180 lbs,R,R,68,St. Louis Browns,BAL,1952,1946-1960,,84839,Bronze,Celebrating 42 - Veteran Presence  RP Satchel Paige  SLA  1952,0,N,0,1,3,1,3,2,1,3,1,3,2,1,3,1,3,2,38,26,Normal,Normal,Normal,108,65,69,105,87,59,65,110,130,71,73,100,89,121,105,89,-,-,-,103,-,110,102,-,7,EX FB,89-91,3/4,Normal,57,51,-,-,-,29,20,24,23,2,10,1,57,-,-,-,-,-,-,-,-,57,-,-,-,-,-,-,-,-,8,4,6,12,,,0,0,0,0,0,0,0,0,0,0,0,0,0,0,0,0,0,0.0,0.00,0,-0.0,0.0,0.00,0,0,0.0,0.0,3,0,0,0,0,0,2,4.2,21,20,2,3,1,0,4,4,1,0,2,0,0,0,0,0,0,0,0,3,0,1.25,86,3,9,0,0,-0.3,0.1,-0.2,4.92,3,0,0,0,0,0,0,0,0.00,0.0,.000,0,0,4.2,0,0,0,0,0,0,0,0,0,0,0,0,0.0,0.0
SP,Satchel Paige,Satchel,Paige,Seoul Hannams,6' 3',180 lbs,R,R,68,St. Louis Browns,BAL,1952,1946-1960,,84839,Bronze,Celebrating 42 - Veteran Presence  RP Satchel Paige  SLA  1952,0,Y,5,1,5,1,5,4,1,5,1,5,4,1,5,1,5,4,38,26,Normal,Normal,Normal,117,71,75,114,94,65,71,119,140,77,80,108,89,121,105,89,-,-,-,103,-,110,102,-,7,EX FB,89-91,3/4,Normal,57,51,-,-,-,29,20,24,23,2,10,1,62,-,-,-,-,-,-,-,-,62,-,-,-,-,-,-,-,-,8,4,6,12,,,0,0,0,0,0,0,0,0,0,0,0,0,0,0,0,0,0,0.0,0.00,0,-0.0,0.0,0.00,0,0,0.0,0.0,2,2,0,2,0,0,0,11.1,53,48,11,1,1,2,5,5,4,0,10,0,0,1,0,0,0,0,0,0,0,0.76,219,10,14,0,0,-0.2,0.1,0.2,4.06,2,2,3,0,3,0,0,0,2.38,0.0,.000,0,0,11.1,0,0,0,0,0,0,0,0,0,0,0,0,0.0,0.0
SP,Satchel Paige,Satchel,Paige,Newport News Dodgers_TTC,6' 3',180 lbs,R,R,68,St. Louis Browns,BAL,1952,1946-1960,,84839,Bronze,Celebrating 42 - Veteran Presence  RP Satchel Paige  SLA  1952,0,Y,5,1,5,1,5,4,1,5,1,5,4,1,5,1,5,4,38,26,Normal,Normal,Normal,117,71,75,114,94,65,71,119,140,77,80,108,89,121,105,89,-,-,-,103,-,110,102,-,7,EX FB,89-91,3/4,Normal,57,51,-,-,-,29,20,24,23,2,10,1,62,-,-,-,-,-,-,-,-,62,-,-,-,-,-,-,-,-,8,4,6,12,,,0,0,0,0,0,0,0,0,0,0,0,0,0,0,0,0,0,0.0,0.00,0,-0.0,0.0,0.00,0,0,0.0,0.0,2,2,1,0,0,0,0,17.2,63,63,8,2,0,0,2,0,0,0,19,0,0,0,0,0,0,1,0,0,0,0.88,250,11,22,0,0,0.6,1.3,1.2,1.31,2,2,2,2,0,0,0,0,1.02,0.1,1.096,0,0,17.2,0,0,2,2,0,0,0,0,0,0,0,0,0.0,0.0
SP,Satchel Paige,Satchel,Paige,Deep 13 Mad Scientists,6' 3',180 lbs,R,R,68,St. Louis Browns,BAL,1952,1946-1960,,84839,Bronze,Celebrating 42 - Veteran Presence  RP Satchel Paige  SLA  1952,0,N,0,1,3,1,3,2,1,3,1,3,2,1,3,1,3,2,38,26,Normal,Normal,Normal,108,65,69,105,87,59,65,110,130,71,73,100,89,121,105,89,-,-,-,103,-,110,102,-,7,EX FB,89-91,3/4,Normal,57,51,-,-,-,29,20,24,23,2,10,1,57,-,-,-,-,-,-,-,-,57,-,-,-,-,-,-,-,-,8,4,6,12,,,0,0,0,0,0,0,0,0,0,0,0,0,0,0,0,0,0,0.0,0.00,0,-0.0,0.0,0.00,0,0,0.0,0.0,1,1,0,0,0,0,0,8.1,31,29,6,0,0,0,1,1,1,0,6,1,0,0,0,0,0,1,0,0,0,1.26,127,8,9,0,1,0.4,0.4,0.6,3.51,1,1,2,1,1,0,0,0,2.16,-0.2,.000,1,1,8.1,0,0,1,0,0,0,0,0,0,0,0,0,0.0,0.0
SP,Satchel Paige,Satchel,Paige,Allston Wolf Spiders,6' 3',180 lbs,R,R,68,St. Louis Browns,BAL,1952,1946-1960,,84839,Bronze,Celebrating 42 - Veteran Presence  RP Satchel Paige  SLA  1952,0,N,0,1,3,1,3,2,1,3,1,3,2,1,3,1,3,2,38,26,Normal,Normal,Normal,108,65,69,105,87,59,65,110,130,71,73,100,89,121,105,89,-,-,-,103,-,110,102,-,7,EX FB,89-91,3/4,Normal,57,51,-,-,-,29,20,24,23,2,10,1,57,-,-,-,-,-,-,-,-,57,-,-,-,-,-,-,-,-,8,4,6,12,,,0,0,0,0,0,0,0,0,0,0,0,0,0,0,0,0,0,0.0,0.00,0,-0.0,0.0,0.00,0,0,0.0,0.0,1,1,0,1,0,0,0,5.2,27,21,2,1,0,0,5,3,5,0,3,0,1,0,0,0,0,0,0,0,0,1.13,113,7,8,0,0,-0.1,0.0,-0.1,6.52,1,1,0,0,0,0,0,0,0.00,-0.2,.000,0,0,5.2,0,0,1,1,0,0,0,0,0,0,0,0,0.0,0.0
SP,Satchel Paige,Satchel,Paige,OKC Whirlwinds - PCK,6' 3',180 lbs,R,R,68,St. Louis Browns,BAL,1952,1946-1960,,84839,Bronze,Celebrating 42 - Veteran Presence  RP Satchel Paige  SLA  1952,0,N,0,1,3,1,3,2,1,3,1,3,2,1,3,1,3,2,38,26,Normal,Normal,Normal,108,65,69,105,87,59,65,110,130,71,73,100,89,121,105,89,-,-,-,103,-,110,102,-,7,EX FB,89-91,3/4,Normal,57,51,-,-,-,29,20,24,23,2,10,1,57,-,-,-,-,-,-,-,-,57,-,-,-,-,-,-,-,-,8,4,6,12,,,0,0,0,0,0,0,0,0,0,0,0,0,0,0,0,0,0,0.0,0.00,0,-0.0,0.0,0.00,0,0,0.0,0.0,2,0,1,0,0,1,0,0.2,2,2,0,0,0,0,0,0,0,0,0,0,0,0,0,0,0,0,2,2,0,1.30,6,1,1,0,0,0.1,0.0,0.0,6.14,2,0,0,0,0,0,0,0,0.00,0.0,.000,0,0,0.2,0,0,0,0,0,0,0,0,0,0,0,0,0.0,0.0
SP,Satchel Paige,Satchel,Paige,The Colony Lynx,6' 3',180 lbs,R,R,68,St. Louis Browns,BAL,1952,1946-1960,,84839,Bronze,Celebrating 42 - Veteran Presence  RP Satchel Paige  SLA  1952,0,N,0,1,3,1,3,2,1,3,1,3,2,1,3,1,3,2,38,26,Normal,Normal,Normal,108,65,69,105,87,59,65,110,130,71,73,100,89,121,105,89,-,-,-,103,-,110,102,-,7,EX FB,89-91,3/4,Normal,57,51,-,-,-,29,20,24,23,2,10,1,57,-,-,-,-,-,-,-,-,57,-,-,-,-,-,-,-,-,8,4,6,12,,,0,0,0,0,0,0,0,0,0,0,0,0,0,0,0,0,0,0.0,0.00,0,-0.0,0.0,0.00,0,0,0.0,0.0,1,1,0,0,0,0,0,6.2,33,24,2,1,1,0,4,4,8,0,2,0,1,0,1,0,0,0,0,0,0,1.26,115,6,12,0,0,-0.2,-0.0,0.0,8.15,1,1,0,0,0,0,0,0,0.00,0.0,.000,0,0,6.2,0,0,0,0,0,0,0,0,0,0,0,0,0.0,0.0
SP,Satchel Paige,Satchel,Paige,Beachcrest Blue Hornets,6' 3',180 lbs,R,R,68,St. Louis Browns,BAL,1952,1946-1960,,84839,Bronze,Celebrating 42 - Veteran Presence  RP Satchel Paige  SLA  1952,0,N,0,1,3,1,3,2,1,3,1,3,2,1,3,1,3,2,38,26,Normal,Normal,Normal,108,65,69,105,87,59,65,110,130,71,73,100,89,121,105,89,-,-,-,103,-,110,102,-,7,EX FB,89-91,3/4,Normal,57,51,-,-,-,29,20,24,23,2,10,1,57,-,-,-,-,-,-,-,-,57,-,-,-,-,-,-,-,-,8,4,6,12,,,0,0,0,0,0,0,0,0,0,0,0,0,0,0,0,0,0,0.0,0.00,0,-0.0,0.0,0.00,0,0,0.0,0.0,1,1,0,1,0,0,0,4.2,26,22,6,2,0,0,5,5,4,0,5,0,0,0,0,0,0,0,0,0,0,0.95,103,5,4,0,0,-0.3,0.1,-0.2,4.90,1,1,1,1,0,0,0,0,1.93,0.1,1.096,0,0,4.2,0,0,0,0,1,1,0,0,0,0,0,0,0.0,0.0
SP,Satchel Paige,Satchel,Paige,Columbus Evil Squirrels,6' 3',180 lbs,R,R,68,St. Louis Browns,BAL,1952,1946-1960,,84839,Bronze,Celebrating 42 - Veteran Presence  RP Satchel Paige  SLA  1952,0,N,0,1,3,1,3,2,1,3,1,3,2,1,3,1,3,2,38,26,Normal,Normal,Normal,108,65,69,105,87,59,65,110,130,71,73,100,89,121,105,89,-,-,-,103,-,110,102,-,7,EX FB,89-91,3/4,Normal,57,51,-,-,-,29,20,24,23,2,10,1,57,-,-,-,-,-,-,-,-,57,-,-,-,-,-,-,-,-,8,4,6,12,,,0,0,0,0,0,0,0,0,0,0,0,0,0,0,0,0,0,0.0,0.00,0,-0.0,0.0,0.00,0,0,0.0,0.0,1,1,0,1,0,0,0,7.1,32,27,5,0,1,0,2,2,4,0,5,0,0,1,1,0,0,0,0,0,0,1.04,112,7,9,0,0,0.1,0.2,0.3,5.14,1,1,2,0,1,1,0,0,1.23,-0.5,.000,0,0,7.1,0,0,1,0,0,0,0,0,0,0,0,0,0.0,0.0
SP,Satchel Paige,Satchel,Paige,Breslau Binturings - HotL,6' 3',180 lbs,R,R,68,St. Louis Browns,BAL,1952,1946-1960,,84839,Bronze,Celebrating 42 - Veteran Presence  RP Satchel Paige  SLA  1952,0,Y,5,1,5,1,5,4,1,5,1,5,4,1,5,1,5,4,38,26,Normal,Normal,Normal,117,71,75,114,94,65,71,119,140,77,80,108,89,121,105,89,-,-,-,103,-,110,102,-,7,EX FB,89-91,3/4,Normal,57,51,-,-,-,29,20,24,23,2,10,1,62,-,-,-,-,-,-,-,-,62,-,-,-,-,-,-,-,-,8,4,6,12,,,0,0,0,0,0,0,0,0,0,0,0,0,0,0,0,0,0,0.0,0.00,0,-0.0,0.0,0.00,0,0,0.0,0.0,3,3,2,1,0,0,0,16.0,63,56,11,1,0,1,4,3,4,0,6,0,2,1,0,0,0,3,0,0,0,0.96,231,19,20,0,0,0.4,0.3,0.7,5.34,3,3,4,1,3,0,0,0,2.25,0.4,2.193,0,0,16.0,0,0,1,1,1,1,0,0,0,0,0,0,0.0,0.0
SP,Satchel Paige,Satchel,Paige,Scranton Tacos,6' 3',180 lbs,R,R,68,St. Louis Browns,BAL,1952,1946-1960,,84839,Bronze,Celebrating 42 - Veteran Presence  RP Satchel Paige  SLA  1952,0,N,0,1,3,1,3,2,1,3,1,3,2,1,3,1,3,2,38,26,Normal,Normal,Normal,108,65,69,105,87,59,65,110,130,71,73,100,89,121,105,89,-,-,-,103,-,110,102,-,7,EX FB,89-91,3/4,Normal,57,51,-,-,-,29,20,24,23,2,10,1,57,-,-,-,-,-,-,-,-,57,-,-,-,-,-,-,-,-,8,4,6,12,,,0,0,0,0,0,0,0,0,0,0,0,0,0,0,0,0,0,0.0,0.00,0,-0.0,0.0,0.00,0,0,0.0,0.0,2,2,0,2,0,0,0,4.2,40,37,18,3,0,2,20,20,3,0,6,0,0,0,0,0,0,0,0,0,0,0.97,155,1,7,0,0,-0.8,-0.1,-1.0,4.59,2,2,0,0,0,0,0,0,0.00,-0.4,.000,0,0,4.2,0,0,0,0,0,0,1,0,0,0,0,0,0.0,0.0
SP,Satchel Paige,Satchel,Paige,Gettysburg Iron Brigade,6' 3',180 lbs,R,R,68,St. Louis Browns,BAL,1952,1946-1960,,84839,Bronze,Celebrating 42 - Veteran Presence  RP Satchel Paige  SLA  1952,0,N,0,1,3,1,3,2,1,3,1,3,2,1,3,1,3,2,38,26,Normal,Normal,Normal,108,65,69,105,87,59,65,110,130,71,73,100,89,121,105,89,-,-,-,103,-,110,102,-,7,EX FB,89-91,3/4,Normal,57,51,-,-,-,29,20,24,23,2,10,1,57,-,-,-,-,-,-,-,-,57,-,-,-,-,-,-,-,-,8,4,6,12,,,0,0,0,0,0,0,0,0,0,0,0,0,0,0,0,0,0,0.0,0.00,0,-0.0,0.0,0.00,0,0,0.0,0.0,2,2,1,1,0,0,0,13.2,60,53,10,1,0,3,8,7,6,0,9,0,1,0,1,0,0,0,0,0,0,1.03,220,6,24,0,0,-0.3,-0.1,0.1,4.57,2,2,3,1,2,0,0,0,1.98,0.1,1.096,0,0,13.2,0,0,1,1,0,0,0,0,0,0,0,0,0.0,0.0
SP,Satchel Paige,Satchel,Paige,Ware Wolves2,6' 3',180 lbs,R,R,68,St. Louis Browns,BAL,1952,1946-1960,,84839,Bronze,Celebrating 42 - Veteran Presence  RP Satchel Paige  SLA  1952,0,N,0,1,3,1,3,2,1,3,1,3,2,1,3,1,3,2,38,26,Normal,Normal,Normal,108,65,69,105,87,59,65,110,130,71,73,100,89,121,105,89,-,-,-,103,-,110,102,-,7,EX FB,89-91,3/4,Normal,57,51,-,-,-,29,20,24,23,2,10,1,57,-,-,-,-,-,-,-,-,57,-,-,-,-,-,-,-,-,8,4,6,12,,,0,0,0,0,0,0,0,0,0,0,0,0,0,0,0,0,0,0.0,0.00,0,-0.0,0.0,0.00,0,0,0.0,0.0,5,5,2,2,0,0,0,34.2,154,128,23,3,1,2,13,12,21,0,27,1,3,1,0,1,0,0,0,0,0,1.25,591,32,42,0,0,0.4,0.5,1.0,4.98,5,5,10,6,4,0,0,0,2.60,0.4,1.096,0,0,34.2,0,0,2,2,3,3,0,0,0,0,0,0,0.0,0.0
SP,Satchel Paige,Satchel,Paige,Madison Moundsmen,6' 3',180 lbs,R,R,68,St. Louis Browns,BAL,1952,1946-1960,,84839,Bronze,Celebrating 42 - Veteran Presence  RP Satchel Paige  SLA  1952,0,Y,5,1,5,1,5,4,1,5,1,5,4,1,5,1,5,4,38,26,Normal,Normal,Normal,117,71,75,114,94,65,71,119,140,77,80,108,89,121,105,89,-,-,-,103,-,110,102,-,7,EX FB,89-91,3/4,Normal,57,51,-,-,-,29,20,24,23,2,10,1,62,-,-,-,-,-,-,-,-,62,-,-,-,-,-,-,-,-,8,4,6,12,,,0,0,0,0,0,0,0,0,0,0,0,0,0,0,0,0,0,0.0,0.00,0,-0.0,0.0,0.00,0,0,0.0,0.0,3,3,0,2,0,0,0,16.2,84,77,24,3,0,2,19,17,6,0,14,0,0,1,1,0,0,1,0,0,0,0.71,310,15,20,0,0,-1.0,0.3,-0.6,4.35,3,3,2,1,1,0,0,0,1.08,0.1,1.096,0,0,16.2,0,0,1,1,0,0,0,0,0,0,0,0,0.0,0.0
SP,Satchel Paige,Satchel,Paige,Groundball Defenders,6' 3',180 lbs,R,R,68,St. Louis Browns,BAL,1952,1946-1960,,84839,Bronze,Celebrating 42 - Veteran Presence  RP Satchel Paige  SLA  1952,0,N,0,1,3,1,3,2,1,3,1,3,2,1,3,1,3,2,38,26,Normal,Normal,Normal,108,65,69,105,87,59,65,110,130,71,73,100,89,121,105,89,-,-,-,103,-,110,102,-,7,EX FB,89-91,3/4,Normal,57,51,-,-,-,29,20,24,23,2,10,1,57,-,-,-,-,-,-,-,-,57,-,-,-,-,-,-,-,-,8,4,6,12,,,0,0,0,0,0,0,0,0,0,0,0,0,0,0,0,0,0,0.0,0.00,0,-0.0,0.0,0.00,0,0,0.0,0.0,3,3,2,0,0,0,0,18.1,82,72,11,4,0,1,6,4,9,0,13,0,1,0,1,0,0,1,0,0,0,1.18,324,19,22,0,0,0.3,0.3,0.6,4.92,3,3,5,1,4,0,0,0,2.45,0.1,1.096,0,0,18.1,0,0,3,3,0,0,0,0,0,0,0,0,0.0,0.0
SP,Satchel Paige,Satchel,Paige,Hancocks and Sidekicks TTC,6' 3',180 lbs,R,R,68,St. Louis Browns,BAL,1952,1946-1960,,84839,Bronze,Celebrating 42 - Veteran Presence  RP Satchel Paige  SLA  1952,0,N,0,1,3,1,3,2,1,3,1,3,2,1,3,1,3,2,38,26,Normal,Normal,Normal,108,65,69,105,87,59,65,110,130,71,73,100,89,121,105,89,-,-,-,103,-,110,102,-,7,EX FB,89-91,3/4,Normal,57,51,-,-,-,29,20,24,23,2,10,1,57,-,-,-,-,-,-,-,-,57,-,-,-,-,-,-,-,-,8,4,6,12,,,0,0,0,0,0,0,0,0,0,0,0,0,0,0,0,0,0,0.0,0.00,0,-0.0,0.0,0.00,0,0,0.0,0.0,9,9,6,2,0,0,0,56.0,235,208,30,7,2,6,24,18,21,0,46,1,4,1,2,0,0,5,0,0,0,1.01,874,60,54,0,1,0.1,0.9,1.3,4.13,9,9,13,8,4,1,0,0,1.93,0.3,.959,1,1,56.0,0,0,7,6,1,1,0,0,0,0,0,0,0.0,0.0
SP,Satchel Paige,Satchel,Paige,Moonsault Collective MCs,6' 3',180 lbs,R,R,68,St. Louis Browns,BAL,1952,1946-1960,,84839,Bronze,Celebrating 42 - Veteran Presence  RP Satchel Paige  SLA  1952,0,N,0,1,3,1,3,2,1,3,1,3,2,1,3,1,3,2,38,26,Normal,Normal,Normal,108,65,69,105,87,59,65,110,130,71,73,100,89,121,105,89,-,-,-,103,-,110,102,-,7,EX FB,89-91,3/4,Normal,57,51,-,-,-,29,20,24,23,2,10,1,57,-,-,-,-,-,-,-,-,57,-,-,-,-,-,-,-,-,8,4,6,12,,,0,0,0,0,0,0,0,0,0,0,0,0,0,0,0,0,0,0.0,0.00,0,-0.0,0.0,0.00,0,0,0.0,0.0,2,2,0,1,0,0,0,12.2,53,48,4,4,0,2,7,7,4,0,13,0,1,0,1,0,0,0,0,0,0,1.06,201,9,17,0,0,-0.1,0.2,0.1,3.11,2,2,2,1,1,0,0,0,1.42,0.1,1.096,0,0,12.2,0,0,1,1,0,0,0,0,0,0,0,0,0.0,0.0
SP,Satchel Paige,Satchel,Paige,Daegu Lions,6' 3',180 lbs,R,R,68,St. Louis Browns,BAL,1952,1946-1960,,84839,Bronze,Celebrating 42 - Veteran Presence  RP Satchel Paige  SLA  1952,0,Y,5,1,5,1,5,4,1,5,1,5,4,1,5,1,5,4,38,26,Normal,Normal,Normal,117,71,75,114,94,65,71,119,140,77,80,108,89,121,105,89,-,-,-,103,-,110,102,-,7,EX FB,89-91,3/4,Normal,57,51,-,-,-,29,20,24,23,2,10,1,62,-,-,-,-,-,-,-,-,62,-,-,-,-,-,-,-,-,8,4,6,12,,,0,0,0,0,0,0,0,0,0,0,0,0,0,0,0,0,0,0.0,0.00,0,-0.0,0.0,0.00,0,0,0.0,0.0,4,4,2,0,0,0,0,26.1,106,99,17,2,2,1,6,5,6,0,23,0,0,1,0,0,0,1,0,0,0,1.00,414,20,35,0,0,0.6,1.0,1.2,3.33,4,4,5,2,3,0,0,0,1.71,-0.1,1.096,0,0,26.1,0,0,2,2,1,0,0,0,0,0,0,0,0.0,0.0
SP,Satchel Paige,Satchel,Paige,Canterbury Tails,6' 3',180 lbs,R,R,68,St. Louis Browns,BAL,1952,1946-1960,,84839,Bronze,Celebrating 42 - Veteran Presence  RP Satchel Paige  SLA  1952,0,N,0,1,3,1,3,2,1,3,1,3,2,1,3,1,3,2,38,26,Normal,Normal,Normal,108,65,69,105,87,59,65,110,130,71,73,100,89,121,105,89,-,-,-,103,-,110,102,-,7,EX FB,89-91,3/4,Normal,57,51,-,-,-,29,20,24,23,2,10,1,57,-,-,-,-,-,-,-,-,57,-,-,-,-,-,-,-,-,8,4,6,12,,,0,0,0,0,0,0,0,0,0,0,0,0,0,0,0,0,0,0.0,0.00,0,-0.0,0.0,0.00,0,0,0.0,0.0,2,2,1,1,0,0,0,13.0,56,51,10,1,0,1,5,5,4,0,14,0,0,1,0,0,0,0,0,0,0,0.98,225,11,14,0,0,-0.1,0.4,0.4,3.16,2,2,2,0,2,0,0,0,1.38,0.0,.000,0,0,13.0,0,0,0,0,0,0,0,0,0,0,0,0,0.0,0.0
SP,Satchel Paige,Satchel,Paige,King Street 504s,6' 3',180 lbs,R,R,68,St. Louis Browns,BAL,1952,1946-1960,,84839,Bronze,Celebrating 42 - Veteran Presence  RP Satchel Paige  SLA  1952,0,N,0,1,3,1,3,2,1,3,1,3,2,1,3,1,3,2,38,26,Normal,Normal,Normal,108,65,69,105,87,59,65,110,130,71,73,100,89,121,105,89,-,-,-,103,-,110,102,-,7,EX FB,89-91,3/4,Normal,57,51,-,-,-,29,20,24,23,2,10,1,57,-,-,-,-,-,-,-,-,57,-,-,-,-,-,-,-,-,8,4,6,12,,,0,0,0,0,0,0,0,0,0,0,0,0,0,0,0,0,0,0.0,0.00,0,-0.0,0.0,0.00,0,0,0.0,0.0,1,0,0,1,0,0,1,2.2,11,11,1,0,0,2,2,2,0,0,4,0,0,0,0,0,0,0,1,1,0,1.67,54,3,1,0,0,-0.5,-0.2,-0.1,1.53,1,0,0,0,0,0,0,0,0.00,0.0,.000,0,0,2.2,0,0,0,0,0,0,0,0,0,0,0,0,0.0,0.0
SP,Satchel Paige,Satchel,Paige,Narragansett Wave,6' 3',180 lbs,R,R,68,St. Louis Browns,BAL,1952,1946-1960,,84839,Bronze,Celebrating 42 - Veteran Presence  RP Satchel Paige  SLA  1952,0,N,0,1,3,1,3,2,1,3,1,3,2,1,3,1,3,2,38,26,Normal,Normal,Normal,108,65,69,105,87,59,65,110,130,71,73,100,89,121,105,89,-,-,-,103,-,110,102,-,7,EX FB,89-91,3/4,Normal,57,51,-,-,-,29,20,24,23,2,10,1,57,-,-,-,-,-,-,-,-,57,-,-,-,-,-,-,-,-,8,4,6,12,,,0,0,0,0,0,0,0,0,0,0,0,0,0,0,0,0,0,0.0,0.00,0,-0.0,0.0,0.00,0,0,0.0,0.0,1,1,0,0,0,0,0,4.1,22,17,4,1,1,0,6,6,5,0,3,0,0,0,2,0,0,0,0,0,0,0.96,104,4,4,0,0,-0.1,0.0,-0.2,6.57,1,1,0,0,0,0,0,0,0.00,0.0,.000,0,0,4.1,0,0,0,0,0,0,0,0,0,0,0,0,0.0,0.0
SP,Eddie Plank,Eddie,Plank,HILITE RECORDS,5' 11',175 lbs,L,L,66,St. Louis Browns,BAL,1916,2026,,86886,Bronze,HOF 2 - Veteran Presence  SP Eddie Plank  SLA  1916,0,N,0,22,34,5,41,24,19,25,3,35,21,23,37,6,43,26,75,11,Normal,Normal,Normal,64,97,118,92,90,108,55,140,50,95,145,81,75,75,87,-,-,-,-,-,-,-,-,-,3,NEU,90-92,OTT,Normal,81,55,-,-,-,24,49,32,23,8,1,5,79,-,-,-,-,-,-,-,-,79,-,-,-,-,-,-,-,-,65,72,75,56,,,0,0,0,0,0,0,0,0,0,0,0,0,0,0,0,0,0,0.0,0.00,0,-0.0,0.0,0.00,0,0,0.0,0.0,3,3,3,0,0,0,0,27.0,106,102,16,2,1,0,3,2,4,1,8,0,0,0,1,0,0,1,0,0,0,1.45,360,33,39,0,0,1.5,0.9,1.9,5.39,3,3,8,5,3,0,1,0,2.67,0.3,1.096,0,0,27.0,0,0,4,4,1,1,0,0,0,0,0,0,-0.1,0.0
SP,Eddie Plank,Eddie,Plank,EVC's Let the Music Play Ball-TTC,5' 11',175 lbs,L,L,66,St. Louis Browns,BAL,1916,2026,,86886,Bronze,HOF 2 - Veteran Presence  SP Eddie Plank  SLA  1916,0,N,0,22,34,5,41,24,19,25,3,35,21,23,37,6,43,26,75,11,Normal,Normal,Normal,64,97,118,92,90,108,55,140,50,95,145,81,75,75,87,-,-,-,-,-,-,-,-,-,3,NEU,90-92,OTT,Normal,81,55,-,-,-,24,49,32,23,8,1,5,79,-,-,-,-,-,-,-,-,79,-,-,-,-,-,-,-,-,65,72,75,56,,,0,0,0,0,0,0,0,0,0,0,0,0,0,0,0,0,0,0.0,0.00,0,-0.0,0.0,0.00,0,0,0.0,0.0,4,4,3,1,0,0,0,32.0,135,124,24,4,0,2,13,10,7,1,14,1,1,2,2,0,0,1,0,0,0,0.93,484,31,49,0,0,0.1,0.7,0.8,5.08,4,4,7,5,2,0,0,0,1.97,0.2,1.096,0,0,32.0,0,0,4,4,3,2,0,0,0,0,0,0,0.0,0.0
SP,Eddie Plank,Eddie,Plank,Deadwood Punch and Judys TTC,5' 11',175 lbs,L,L,66,St. Louis Browns,BAL,1916,2026,,86886,Bronze,HOF 2 - Veteran Presence  SP Eddie Plank  SLA  1916,0,N,0,22,34,5,41,24,19,25,3,35,21,23,37,6,43,26,75,11,Normal,Normal,Normal,64,97,118,92,90,108,55,140,50,95,145,81,75,75,87,-,-,-,-,-,-,-,-,-,3,NEU,90-92,OTT,Normal,81,55,-,-,-,24,49,32,23,8,1,5,79,-,-,-,-,-,-,-,-,79,-,-,-,-,-,-,-,-,65,72,75,56,,,0,0,0,0,0,0,0,0,0,0,0,0,0,0,0,0,0,0.0,0.00,0,-0.0,0.0,0.00,0,0,0.0,0.0,6,6,4,2,0,0,0,45.2,202,181,40,2,4,2,23,22,15,1,20,2,2,2,2,0,0,3,0,0,0,1.16,728,48,66,1,0,0.0,0.9,0.7,5.44,6,6,7,5,2,0,0,0,1.38,-1.6,.731,1,0,45.2,0,0,7,5,4,0,1,1,0,0,0,0,0.0,0.0
SP,Eddie Plank,Eddie,Plank,Kansas City Torrent - JW,5' 11',175 lbs,L,L,66,St. Louis Browns,BAL,1916,2026,,86886,Bronze,HOF 2 - Veteran Presence  SP Eddie Plank  SLA  1916,175,N,0,22,34,5,41,24,19,25,3,35,21,23,37,6,43,26,75,11,Normal,Normal,Normal,64,97,118,92,90,108,55,140,50,95,145,81,75,75,87,-,-,-,-,-,-,-,-,-,3,NEU,90-92,OTT,Normal,81,55,-,-,-,24,49,32,23,8,1,5,79,-,-,-,-,-,-,-,-,79,-,-,-,-,-,-,-,-,65,72,75,56,,,0,0,0,0,0,0,0,0,0,0,0,0,0,0,0,0,0,0.0,0.00,0,-0.0,0.0,0.00,0,0,0.0,0.0,2,2,2,0,0,0,0,16.2,67,59,10,0,0,1,3,3,5,0,11,0,1,2,0,0,0,0,0,0,0,1.29,253,15,23,0,0,0.5,0.4,0.9,4.39,2,2,6,2,3,1,0,0,2.70,-0.6,.548,0,0,16.2,0,0,4,2,0,0,0,0,0,0,0,0,0.0,0.0
SP,Eddie Plank,Eddie,Plank,New Platson Grand Petites HotL,5' 11',175 lbs,L,L,66,St. Louis Browns,BAL,1916,2026,,86886,Bronze,HOF 2 - Veteran Presence  SP Eddie Plank  SLA  1916,0,N,0,22,34,5,41,24,19,25,3,35,21,23,37,6,43,26,75,11,Normal,Normal,Normal,64,97,118,92,90,108,55,140,50,95,145,81,75,75,87,-,-,-,-,-,-,-,-,-,3,NEU,90-92,OTT,Normal,81,55,-,-,-,24,49,32,23,8,1,5,79,-,-,-,-,-,-,-,-,79,-,-,-,-,-,-,-,-,65,72,75,56,,,0,0,0,0,0,0,0,0,0,0,0,0,0,0,0,0,0,0.0,0.00,0,-0.0,0.0,0.00,0,0,0.0,0.0,1,1,0,1,0,0,0,6.0,28,28,3,1,2,3,7,4,0,0,3,0,0,0,0,0,0,0,0,0,0,0.85,96,4,11,0,0,-0.4,-0.2,-0.2,4.19,1,1,0,0,0,0,0,0,0.00,-0.2,.000,0,0,6.0,0,0,1,0,0,0,0,0,0,0,0,0,0.0,0.0
SP,Eddie Plank,Eddie,Plank,Daegu Lions,5' 11',175 lbs,L,L,66,St. Louis Browns,BAL,1916,2026,,86886,Bronze,HOF 2 - Veteran Presence  SP Eddie Plank  SLA  1916,0,N,0,22,34,5,41,24,19,25,3,35,21,23,37,6,43,26,75,11,Normal,Normal,Normal,64,97,118,92,90,108,55,140,50,95,145,81,75,75,87,-,-,-,-,-,-,-,-,-,3,NEU,90-92,OTT,Normal,81,55,-,-,-,24,49,32,23,8,1,5,79,-,-,-,-,-,-,-,-,79,-,-,-,-,-,-,-,-,65,72,75,56,,,0,0,0,0,0,0,0,0,0,0,0,0,0,0,0,0,0,0.0,0.00,0,-0.0,0.0,0.00,0,0,0.0,0.0,3,3,1,2,0,0,0,19.1,89,84,18,2,0,4,14,12,4,0,13,1,0,0,1,0,0,1,0,0,0,0.95,327,16,27,0,1,-0.4,0.0,-0.1,4.31,3,3,5,3,2,0,0,0,2.33,0.5,1.096,1,1,19.1,0,0,1,1,2,2,0,0,0,0,0,0,0.0,0.0
SP,Eddie Plank,Eddie,Plank,The Spacehog,5' 11',175 lbs,L,L,66,St. Louis Browns,BAL,1916,2026,,86886,Bronze,HOF 2 - Veteran Presence  SP Eddie Plank  SLA  1916,0,N,0,22,34,5,41,24,19,25,3,35,21,23,37,6,43,26,75,11,Normal,Normal,Normal,64,97,118,92,90,108,55,140,50,95,145,81,75,75,87,-,-,-,-,-,-,-,-,-,3,NEU,90-92,OTT,Normal,81,55,-,-,-,24,49,32,23,8,1,5,79,-,-,-,-,-,-,-,-,79,-,-,-,-,-,-,-,-,65,72,75,56,,,0,0,0,0,0,0,0,0,0,0,0,0,0,0,0,0,0,0.0,0.00,0,-0.0,0.0,0.00,0,0,0.0,0.0,2,2,0,2,0,0,0,16.0,68,63,9,3,2,1,8,7,3,0,7,0,1,1,1,0,0,0,0,0,0,1.10,213,21,21,0,0,-0.4,0.4,0.2,4.98,2,2,7,3,3,1,0,0,3.38,0.0,1.096,0,0,16.0,0,0,5,4,0,0,0,0,0,0,0,0,0.0,0.0
SP,Eddie Plank,Eddie,Plank,Canterbury Tails,5' 11',175 lbs,L,L,66,St. Louis Browns,BAL,1916,2026,,86886,Bronze,HOF 2 - Veteran Presence  SP Eddie Plank  SLA  1916,0,N,0,22,34,5,41,24,19,25,3,35,21,23,37,6,43,26,75,11,Normal,Normal,Normal,64,97,118,92,90,108,55,140,50,95,145,81,75,75,87,-,-,-,-,-,-,-,-,-,3,NEU,90-92,OTT,Normal,81,55,-,-,-,24,49,32,23,8,1,5,79,-,-,-,-,-,-,-,-,79,-,-,-,-,-,-,-,-,65,72,75,56,,,0,0,0,0,0,0,0,0,0,0,0,0,0,0,0,0,0,0.0,0.00,0,-0.0,0.0,0.00,0,0,0.0,0.0,2,2,0,2,0,0,0,7.1,43,38,11,1,2,1,15,14,4,0,5,1,0,0,0,0,0,0,0,0,0,0.95,174,5,12,0,0,-0.7,-0.0,-0.7,5.35,2,2,1,0,1,0,0,0,1.23,-0.4,.000,0,0,7.1,0,0,0,0,0,0,1,0,0,0,0,0,0.0,0.0
SP,Eddie Plank,Eddie,Plank,Out of Left Field,5' 11',175 lbs,L,L,66,St. Louis Browns,BAL,1916,2026,,86886,Bronze,HOF 2 - Veteran Presence  SP Eddie Plank  SLA  1916,0,N,0,22,34,5,41,24,19,25,3,35,21,23,37,6,43,26,75,11,Normal,Normal,Normal,64,97,118,92,90,108,55,140,50,95,145,81,75,75,87,-,-,-,-,-,-,-,-,-,3,NEU,90-92,OTT,Normal,81,55,-,-,-,24,49,32,23,8,1,5,79,-,-,-,-,-,-,-,-,79,-,-,-,-,-,-,-,-,65,72,75,56,,,0,0,0,0,0,0,0,0,0,0,0,0,0,0,0,0,0,0.0,0.00,0,-0.0,0.0,0.00,0,0,0.0,0.0,3,0,0,1,0,0,2,5.2,32,29,9,2,1,1,8,7,1,0,5,1,1,0,0,0,0,1,2,5,4,1.47,100,5,6,0,0,-0.5,-0.0,-0.5,4.04,3,0,2,2,0,0,0,0,3.18,0.1,1.096,0,0,5.2,0,0,2,2,0,0,0,0,0,0,0,0,0.0,0.0
SP,Dick Redding,Dick,Redding,Brentwood Senators,6' 1',210 lbs,R,R,68,Brooklyn Royal Giants,BRG,1924,1921-1945,,84430,Bronze,Negro League Star  SP Dick Redding  BRG  1924,0,N,0,44,66,67,55,37,46,67,69,57,39,44,66,67,55,37,34,17,Normal,Pull,Pull,68,84,81,73,68,85,85,74,67,84,78,73,70,90,79,-,-,-,-,85,-,-,-,-,4,NEU,87-89,3/4,Normal,77,60,1,1,1,51,26,45,41,72,59,59,86,-,64,33,23,-,79,57,72,86,-,64,33,23,-,79,57,72,39,3,11,28,,,0,0,0,0,0,0,0,0,0,0,0,0,0,0,0,0,0,0.0,0.00,0,-0.0,0.0,0.00,0,0,0.0,0.0,2,0,0,0,0,1,1,2.0,9,8,2,0,1,0,0,0,1,0,1,0,0,0,0,0,0,1,2,4,1,1.21,30,4,0,0,0,0.1,0.0,0.1,6.36,2,0,1,1,0,0,0,0,4.50,0.0,.000,0,0,2.0,0,0,1,1,0,0,0,0,0,0,0,0,0.0,0.0
SP,Dick Redding,Dick,Redding,OKC Whirlwinds - PCK,6' 1',210 lbs,R,R,68,Brooklyn Royal Giants,BRG,1924,1921-1945,,84430,Bronze,Negro League Star  SP Dick Redding  BRG  1924,0,Y,5,49,72,73,60,41,51,73,75,63,43,49,72,73,60,41,34,17,Normal,Pull,Pull,74,91,88,80,74,92,92,81,73,91,85,80,70,90,79,-,-,-,-,85,-,-,-,-,4,NEU,87-89,3/4,Normal,77,60,1,1,1,51,26,45,41,72,59,59,92,-,69,36,26,-,85,62,77,92,-,69,36,26,-,85,62,77,39,3,11,28,,,0,0,0,0,0,0,0,0,0,0,0,0,0,0,0,0,0,0.0,0.00,0,-0.0,0.0,0.00,0,0,0.0,0.0,6,6,3,3,0,0,0,53.0,228,211,42,4,0,7,23,22,14,0,31,1,1,1,0,0,0,2,0,0,0,1.21,838,54,72,1,0,0.3,0.6,1.2,4.70,6,6,12,3,8,1,0,0,1.87,0.3,1.462,1,0,53.0,0,0,5,5,0,0,0,0,0,0,0,0,0.0,0.0
SP,Dick Redding,Dick,Redding,The Colony Lynx,6' 1',210 lbs,R,R,68,Brooklyn Royal Giants,BRG,1924,1921-1945,,84430,Bronze,Negro League Star  SP Dick Redding  BRG  1924,0,N,0,44,66,67,55,37,46,67,69,57,39,44,66,67,55,37,34,17,Normal,Pull,Pull,68,84,81,73,68,85,85,74,67,84,78,73,70,90,79,-,-,-,-,85,-,-,-,-,4,NEU,87-89,3/4,Normal,77,60,1,1,1,51,26,45,41,72,59,59,86,-,64,33,23,-,79,57,72,86,-,64,33,23,-,79,57,72,39,3,11,28,,,0,0,0,0,0,0,0,0,0,0,0,0,0,0,0,0,0,0.0,0.00,0,-0.0,0.0,0.00,0,0,0.0,0.0,1,1,0,1,0,0,0,11.0,42,38,4,0,0,1,2,2,3,0,8,0,1,0,0,0,0,0,0,0,0,1.42,123,9,17,0,0,0.3,0.2,0.7,3.82,1,1,3,3,0,0,0,0,2.45,-0.0,1.096,0,0,11.0,0,0,3,3,1,0,0,0,0,0,0,0,0.0,0.0
SP,Dick Redding,Dick,Redding,Beachcrest Blue Hornets,6' 1',210 lbs,R,R,68,Brooklyn Royal Giants,BRG,1924,1921-1945,,84430,Bronze,Negro League Star  SP Dick Redding  BRG  1924,0,N,0,44,66,67,55,37,46,67,69,57,39,44,66,67,55,37,34,17,Normal,Pull,Pull,68,84,81,73,68,85,85,74,67,84,78,73,70,90,79,-,-,-,-,85,-,-,-,-,4,NEU,87-89,3/4,Normal,77,60,1,1,1,51,26,45,41,72,59,59,86,-,64,33,23,-,79,57,72,86,-,64,33,23,-,79,57,72,39,3,11,28,,,0,0,0,0,0,0,0,0,0,0,0,0,0,0,0,0,0,0.0,0.00,0,-0.0,0.0,0.00,0,0,0.0,0.0,1,0,0,0,0,0,0,3.1,14,12,1,2,0,0,1,1,1,0,3,0,0,1,0,0,0,1,1,1,0,0.19,58,3,3,0,0,0.0,0.1,0.1,3.67,1,0,1,0,1,0,0,0,2.70,0.0,.000,0,0,3.1,0,0,1,1,0,0,0,0,0,0,0,0,0.0,0.0
SP,Dick Redding,Dick,Redding,Hancocks and Sidekicks TTC,6' 1',210 lbs,R,R,68,Brooklyn Royal Giants,BRG,1924,1921-1945,,84430,Bronze,Negro League Star  SP Dick Redding  BRG  1924,0,N,0,44,66,67,55,37,46,67,69,57,39,44,66,67,55,37,34,17,Normal,Pull,Pull,68,84,81,73,68,85,85,74,67,84,78,73,70,90,79,-,-,-,-,85,-,-,-,-,4,NEU,87-89,3/4,Normal,77,60,1,1,1,51,26,45,41,72,59,59,86,-,64,33,23,-,79,57,72,86,-,64,33,23,-,79,57,72,39,3,11,28,,,0,0,0,0,0,0,0,0,0,0,0,0,0,0,0,0,0,0.0,0.00,0,-0.0,0.0,0.00,0,0,0.0,0.0,8,8,3,5,0,0,0,62.1,258,237,32,9,2,7,28,22,15,0,29,3,1,2,1,0,0,3,0,0,0,0.89,930,65,87,0,0,-0.2,0.7,1.3,5.04,8,8,16,6,6,4,0,0,1.73,-1.3,.658,0,0,62.1,0,0,5,4,4,1,1,1,0,0,0,0,-0.1,0.0
SP,Bob Romby,Bob,Romby,Deadwood Punch and Judys TTC,5' 10',160 lbs,L,L,58,Baltimore Elite Giants,BEG,1948,1946-1960,,85827,Iron,T4 Ep. 3 - Negro League Star  SP Bob Romby  BEG  1948,0,N,0,26,66,60,58,39,25,65,57,56,37,27,67,61,59,40,42,9,Normal,Normal,Normal,77,53,115,79,84,60,115,85,74,51,116,78,79,100,101,70,-,-,-,-,-,-,-,-,4,NEU,88-90,SIDE,Normal,56,57,1,1,1,29,14,21,21,7,4,10,50,-,-,-,-,-,-,-,-,50,-,-,-,-,-,-,-,-,9,5,11,29,,,0,0,0,0,0,0,0,0,0,0,0,0,0,0,0,0,0,0.0,0.00,0,-0.0,0.0,0.00,0,0,0.0,0.0,1,0,0,0,0,0,0,1.2,8,7,2,0,0,0,0,0,1,0,1,0,0,0,0,0,0,0,1,1,1,0.20,35,2,2,0,0,-0.0,0.0,0.1,5.57,1,0,0,0,0,0,0,0,0.00,0.0,.000,0,0,1.2,0,0,0,0,0,0,0,0,0,0,0,0,0.0,0.0
SP,Bob Romby,Bob,Romby,Kansas City Torrent - JW,5' 10',160 lbs,L,L,58,Baltimore Elite Giants,BEG,1948,1946-1960,,85827,Iron,T4 Ep. 3 - Negro League Star  SP Bob Romby  BEG  1948,31,N,0,26,66,60,58,39,25,65,57,56,37,27,67,61,59,40,42,9,Normal,Normal,Normal,77,53,115,79,84,60,115,85,74,51,116,78,79,100,101,70,-,-,-,-,-,-,-,-,4,NEU,88-90,SIDE,Normal,56,57,1,1,1,29,14,21,21,7,4,10,50,-,-,-,-,-,-,-,-,50,-,-,-,-,-,-,-,-,9,5,11,29,,,0,0,0,0,0,0,0,0,0,0,0,0,0,0,0,0,0,0.0,0.00,0,-0.0,0.0,0.00,0,0,0.0,0.0,2,2,1,0,0,0,0,17.2,67,59,7,2,1,1,4,4,5,0,7,0,1,2,0,0,0,3,0,0,0,1.10,219,16,26,0,0,0.5,0.3,0.9,5.34,2,2,1,1,0,0,0,0,0.51,0.1,1.096,0,0,17.2,0,0,1,1,0,0,0,0,0,0,0,0,0.0,0.0
SP,Patricio Scantlebury,Patricio,Scantlebury,OKC Whirlwinds - PCK,6' 1',180 lbs,L,L,56,New York Cubans,NYC,1946,1946-1960,,85828,Iron,Heart Attack - Negro League Star  SP Patricio Scantlebury  NYC  1946,0,Y,5,102,80,1,50,118,88,76,1,41,108,107,81,1,53,121,51,15,Groundball,Spray,Normal,77,67,50,123,82,72,48,125,76,65,51,123,83,79,69,76,-,76,-,-,-,76,-,-,6,NEU,90-92,3/4,Normal,68,60,1,1,1,29,25,26,25,53,59,65,68,-,-,-,-,-,-,-,60,68,-,-,-,-,-,-,-,60,31,5,6,28,,,0,0,0,0,0,0,0,0,0,0,0,0,0,0,0,0,0,0.0,0.00,0,-0.0,0.0,0.00,0,0,0.0,0.0,5,5,3,1,0,0,0,41.2,171,156,26,1,3,6,20,16,12,0,30,0,0,3,1,0,0,2,0,0,0,1.07,647,38,52,1,1,0.3,0.5,0.7,4.19,5,5,6,3,3,0,0,0,1.30,0.2,1.096,2,1,41.2,0,0,3,3,0,0,0,0,0,0,0,0,0.0,0.0
SP,Jerry Staley,Jerry,Staley,Louisville Haymakers,6' 0',195 lbs,R,R,66,St. Louis Cardinals,STL,1952,1946-1960,,84034,Bronze,All-Time Legend  SP Jerry Staley  STL  Peak,0,N,0,2,23,14,62,54,1,34,8,72,53,3,19,17,59,55,52,20,Normal,Pull,Pull,50,102,86,78,43,98,39,79,56,106,124,77,63,-,50,-,50,-,-,-,-,57,69,-,5,GB,90-92,3/4,GB'er,53,115,-,-,-,31,35,30,23,4,10,3,76,-,-,-,-,-,-,-,-,76,-,-,-,-,-,-,-,-,16,5,6,28,,,0,0,0,0,0,0,0,0,0,0,0,0,0,0,0,0,0,0.0,0.00,0,-0.0,0.0,0.00,0,0,0.0,0.0,1,1,0,0,0,0,0,5.2,29,23,7,0,0,0,1,1,4,0,6,0,2,0,1,0,0,0,0,0,0,1.15,105,7,4,0,0,0.1,0.2,0.3,4.56,1,1,1,1,0,0,0,0,1.59,-0.4,.548,0,0,5.2,0,0,1,0,1,1,0,0,0,0,0,0,0.0,0.0
SP,Jerry Staley,Jerry,Staley,London Majors,6' 0',195 lbs,R,R,66,St. Louis Cardinals,STL,1952,1946-1960,,84034,Bronze,All-Time Legend  SP Jerry Staley  STL  Peak,0,N,0,2,23,14,62,54,1,34,8,72,53,3,19,17,59,55,52,20,Normal,Pull,Pull,50,102,86,78,43,98,39,79,56,106,124,77,63,-,50,-,50,-,-,-,-,57,69,-,5,GB,90-92,3/4,GB'er,53,115,-,-,-,31,35,30,23,4,10,3,76,-,-,-,-,-,-,-,-,76,-,-,-,-,-,-,-,-,16,5,6,28,,,0,0,0,0,0,0,0,0,0,0,0,0,0,0,0,0,0,0.0,0.00,0,-0.0,0.0,0.00,0,0,0.0,0.0,3,3,0,1,0,0,0,16.2,74,68,17,2,0,0,8,8,6,0,7,0,0,0,0,0,0,1,0,0,0,1.05,284,20,22,0,0,0.1,0.4,0.3,5.56,3,3,2,1,1,0,0,0,1.08,-0.1,1.096,0,0,16.2,0,0,1,0,1,1,0,0,0,0,0,0,0.0,0.0
SP,Jerry Staley,Jerry,Staley,Sabo's Saturn League Legends TTC,6' 0',195 lbs,R,R,66,St. Louis Cardinals,STL,1952,1946-1960,,84034,Bronze,All-Time Legend  SP Jerry Staley  STL  Peak,0,N,0,2,23,14,62,54,1,34,8,72,53,3,19,17,59,55,52,20,Normal,Pull,Pull,50,102,86,78,43,98,39,79,56,106,124,77,63,-,50,-,50,-,-,-,-,57,69,-,5,GB,90-92,3/4,GB'er,53,115,-,-,-,31,35,30,23,4,10,3,76,-,-,-,-,-,-,-,-,76,-,-,-,-,-,-,-,-,16,5,6,28,,,0,0,0,0,0,0,0,0,0,0,0,0,0,0,0,0,0,0.0,0.00,0,-0.0,0.0,0.00,0,0,0.0,0.0,2,2,0,1,0,0,0,8.1,42,35,8,1,0,2,10,10,6,0,5,0,1,0,0,0,0,1,0,0,0,0.95,165,10,9,0,0,-0.5,-0.2,-0.4,5.84,2,2,4,0,4,0,0,0,4.32,0.0,.000,0,0,8.1,0,0,1,1,0,0,0,0,0,0,0,0,0.0,0.0
SP,Chuck Stobbs,Chuck,Stobbs,Seoul Hannams,6' 1',185 lbs,L,L,67,Washington Senators,MIN,1954,1946-1960,,83151,Bronze,Snapshot  SP Chuck Stobbs  WS1  1954,0,Y,5,12,37,6,46,21,7,50,6,34,13,14,34,6,50,24,89,32,Normal,Normal,Normal,55,79,86,121,65,66,50,142,52,84,99,117,52,72,66,70,-,-,-,-,-,-,-,-,4,EX FB,88-90,3/4,Normal,73,115,-,-,-,35,46,34,22,3,5,5,90,-,-,-,-,-,-,-,-,90,-,-,-,-,-,-,-,-,34,21,58,28,,,0,0,0,0,0,0,0,0,0,0,0,0,0,0,0,0,0,0.0,0.00,0,-0.0,0.0,0.00,0,0,0.0,0.0,1,1,1,0,0,0,0,8.2,38,33,4,0,1,1,3,3,2,0,3,2,0,1,1,0,0,0,0,0,0,0.96,129,11,13,0,0,0.0,0.0,0.3,5.51,1,1,4,0,3,1,0,0,3.12,-0.4,.000,0,0,8.2,0,0,2,1,0,0,0,0,0,0,0,0,0.0,0.0
SP,Chuck Stobbs,Chuck,Stobbs,Jinzhou Speedster,6' 1',185 lbs,L,L,67,Washington Senators,MIN,1954,1946-1960,,83151,Bronze,Snapshot  SP Chuck Stobbs  WS1  1954,0,N,0,9,33,4,41,18,5,45,4,30,10,11,30,4,45,21,89,32,Normal,Normal,Normal,50,72,79,112,59,60,45,132,47,77,91,108,52,72,66,70,-,-,-,-,-,-,-,-,4,EX FB,88-90,3/4,Normal,73,115,-,-,-,35,46,34,22,3,5,5,84,-,-,-,-,-,-,-,-,84,-,-,-,-,-,-,-,-,34,21,58,28,,,0,0,0,0,0,0,0,0,0,0,0,0,0,0,0,0,0,0.0,0.00,0,-0.0,0.0,0.00,0,0,0.0,0.0,1,1,0,1,0,0,0,9.0,37,32,4,2,0,0,4,2,2,0,1,0,1,1,0,0,1,0,0,0,0,0.74,120,10,16,0,0,-0.2,0.2,0.2,6.44,1,1,1,1,0,0,0,0,1.00,0.1,1.096,0,0,9.0,0,0,1,1,0,0,0,0,0,0,0,0,-0.1,0.0
SP,Chuck Stobbs,Chuck,Stobbs,Allston Wolf Spiders,6' 1',185 lbs,L,L,67,Washington Senators,MIN,1954,1946-1960,,83151,Bronze,Snapshot  SP Chuck Stobbs  WS1  1954,0,N,0,9,33,4,41,18,5,45,4,30,10,11,30,4,45,21,89,32,Normal,Normal,Normal,50,72,79,112,59,60,45,132,47,77,91,108,52,72,66,70,-,-,-,-,-,-,-,-,4,EX FB,88-90,3/4,Normal,73,115,-,-,-,35,46,34,22,3,5,5,84,-,-,-,-,-,-,-,-,84,-,-,-,-,-,-,-,-,34,21,58,28,,,0,0,0,0,0,0,0,0,0,0,0,0,0,0,0,0,0,0.0,0.00,0,-0.0,0.0,0.00,0,0,0.0,0.0,1,1,1,0,0,0,0,9.0,35,33,6,0,0,0,2,2,1,0,4,0,0,1,0,1,0,0,0,0,0,1.21,125,14,9,0,0,0.3,0.4,0.5,4.65,1,1,2,2,0,0,0,0,2.00,0.1,1.096,0,0,9.0,0,0,1,1,1,1,0,0,0,0,0,0,0.0,0.0
SP,Chuck Stobbs,Chuck,Stobbs,Ware Wolves2,6' 1',185 lbs,L,L,67,Washington Senators,MIN,1954,1946-1960,,83151,Bronze,Snapshot  SP Chuck Stobbs  WS1  1954,0,N,0,9,33,4,41,18,5,45,4,30,10,11,30,4,45,21,89,32,Normal,Normal,Normal,50,72,79,112,59,60,45,132,47,77,91,108,52,72,66,70,-,-,-,-,-,-,-,-,4,EX FB,88-90,3/4,Normal,73,115,-,-,-,35,46,34,22,3,5,5,84,-,-,-,-,-,-,-,-,84,-,-,-,-,-,-,-,-,34,21,58,28,,,0,0,0,0,0,0,0,0,0,0,0,0,0,0,0,0,0,0.0,0.00,0,-0.0,0.0,0.00,0,0,0.0,0.0,5,5,2,3,0,0,0,33.2,142,129,19,5,1,5,19,18,13,0,16,0,0,0,0,0,0,2,0,0,0,0.89,540,36,46,0,0,-0.6,0.1,0.3,5.43,5,5,8,4,4,0,0,0,2.14,0.3,1.096,0,0,33.2,0,0,3,3,1,1,0,0,0,0,0,0,0.1,0.0
SP,Chuck Stobbs,Chuck,Stobbs,Altamonte Ryno's,6' 1',185 lbs,L,L,67,Washington Senators,MIN,1954,1946-1960,,83151,Bronze,Snapshot  SP Chuck Stobbs  WS1  1954,0,Y,5,12,37,6,46,21,7,50,6,34,13,14,34,6,50,24,89,32,Normal,Normal,Normal,55,79,86,121,65,66,50,142,52,84,99,117,52,72,66,70,-,-,-,-,-,-,-,-,4,EX FB,88-90,3/4,Normal,73,115,-,-,-,35,46,34,22,3,5,5,90,-,-,-,-,-,-,-,-,90,-,-,-,-,-,-,-,-,34,21,58,28,,,0,0,0,0,0,0,0,0,0,0,0,0,0,0,0,0,0,0.0,0.00,0,-0.0,0.0,0.00,0,0,0.0,0.0,1,1,1,0,0,0,0,8.2,40,39,11,2,0,0,5,5,1,1,3,0,0,0,0,0,0,0,0,0,0,1.86,140,8,15,0,0,-0.3,0.4,0.1,5.21,1,1,1,0,1,0,0,0,1.04,0.0,.000,0,0,8.2,0,0,0,0,0,0,0,0,0,0,0,0,0.0,0.0
SP,Chuck Stobbs,Chuck,Stobbs,Sabo's Saturn League Legends TTC,6' 1',185 lbs,L,L,67,Washington Senators,MIN,1954,1946-1960,,83151,Bronze,Snapshot  SP Chuck Stobbs  WS1  1954,0,N,0,9,33,4,41,18,5,45,4,30,10,11,30,4,45,21,89,32,Normal,Normal,Normal,50,72,79,112,59,60,45,132,47,77,91,108,52,72,66,70,-,-,-,-,-,-,-,-,4,EX FB,88-90,3/4,Normal,73,115,-,-,-,35,46,34,22,3,5,5,84,-,-,-,-,-,-,-,-,84,-,-,-,-,-,-,-,-,34,21,58,28,,,0,0,0,0,0,0,0,0,0,0,0,0,0,0,0,0,0,0.0,0.00,0,-0.0,0.0,0.00,0,0,0.0,0.0,2,0,0,0,0,0,0,5.0,23,22,4,1,2,1,5,5,1,0,2,0,0,0,0,0,0,1,1,1,0,0.17,90,5,7,0,0,0.0,-0.1,-0.2,5.28,2,0,0,0,0,0,0,0,0.00,0.0,.000,0,0,5.0,0,0,0,0,0,0,0,0,0,0,0,0,0.0,0.0
SP,Ted Trent,Ted,Trent,Birmingham Black Barons,6' 3',185 lbs,R,R,69,Chicago American Giants,CAG,1936,1921-1945,,84429,Bronze,Negro League Star  SP Ted Trent  CAG  1936,0,Y,5,4,50,4,63,41,4,51,4,65,43,4,50,4,63,41,49,19,Normal,Spray,Spray,71,92,88,83,70,92,88,83,71,93,89,84,71,77,57,66,-,76,-,-,-,-,64,-,6,NEU,90-92,OTT,Normal,78,60,1,1,1,29,26,27,25,45,56,56,69,-,-,-,-,-,53,-,-,69,-,-,-,-,-,53,-,-,16,4,6,28,,,0,0,0,0,0,0,0,0,0,0,0,0,0,0,0,0,0,0.0,0.00,0,-0.0,0.0,0.00,0,0,0.0,0.0,4,4,2,1,0,0,0,32.2,143,126,17,9,0,3,17,16,14,0,21,0,1,2,2,0,0,1,0,0,0,1.30,533,33,43,1,0,-0.1,0.4,0.4,4.96,4,4,6,2,3,1,0,0,1.38,-1.0,.731,1,0,32.2,0,0,4,2,1,0,0,0,0,0,0,0,0.0,0.0
SP,Ted Trent,Ted,Trent,Statesville Shadowcats,6' 3',185 lbs,R,R,69,Chicago American Giants,CAG,1936,1921-1945,,84429,Bronze,Negro League Star  SP Ted Trent  CAG  1936,0,N,0,2,45,2,57,37,2,46,2,59,39,2,45,2,57,37,49,19,Normal,Spray,Spray,65,85,81,76,64,85,81,76,65,86,82,77,71,77,57,66,-,76,-,-,-,-,64,-,6,NEU,90-92,OTT,Normal,78,60,1,1,1,29,26,27,25,45,56,56,64,-,-,-,-,-,49,-,-,64,-,-,-,-,-,49,-,-,16,4,6,28,,,0,0,0,0,0,0,0,0,0,0,0,0,0,0,0,0,0,0.0,0.00,0,-0.0,0.0,0.00,0,0,0.0,0.0,1,1,1,0,0,0,0,9.0,37,35,7,1,0,0,2,2,2,1,8,0,0,0,0,0,0,0,0,0,0,1.61,129,8,11,0,0,0.4,0.5,0.5,3.40,1,1,5,1,4,0,0,0,5.00,0.1,1.096,0,0,9.0,0,0,1,1,0,0,0,0,0,0,0,0,0.0,0.0
SP,Ted Trent,Ted,Trent,Town of Lake Loons,6' 3',185 lbs,R,R,69,Chicago American Giants,CAG,1936,1921-1945,,84429,Bronze,Negro League Star  SP Ted Trent  CAG  1936,0,N,0,2,45,2,57,37,2,46,2,59,39,2,45,2,57,37,49,19,Normal,Spray,Spray,65,85,81,76,64,85,81,76,65,86,82,77,71,77,57,66,-,76,-,-,-,-,64,-,6,NEU,90-92,OTT,Normal,78,60,1,1,1,29,26,27,25,45,56,56,64,-,-,-,-,-,49,-,-,64,-,-,-,-,-,49,-,-,16,4,6,28,,,0,0,0,0,0,0,0,0,0,0,0,0,0,0,0,0,0,0.0,0.00,0,-0.0,0.0,0.00,0,0,0.0,0.0,1,1,1,0,0,0,0,8.2,35,32,3,1,1,1,2,2,3,0,7,0,0,0,0,0,0,0,0,0,0,1.51,130,7,11,1,0,0.4,0.1,0.4,3.98,1,1,1,0,1,0,0,0,1.04,-0.2,.000,1,0,8.2,0,0,0,0,0,0,0,0,0,0,0,0,0.0,0.0
SP,Ted Trent,Ted,Trent,San Francisco Seals,6' 3',185 lbs,R,R,69,Chicago American Giants,CAG,1936,1921-1945,,84429,Bronze,Negro League Star  SP Ted Trent  CAG  1936,0,N,0,2,45,2,57,37,2,46,2,59,39,2,45,2,57,37,49,19,Normal,Spray,Spray,65,85,81,76,64,85,81,76,65,86,82,77,71,77,57,66,-,76,-,-,-,-,64,-,6,NEU,90-92,OTT,Normal,78,60,1,1,1,29,26,27,25,45,56,56,64,-,-,-,-,-,49,-,-,64,-,-,-,-,-,49,-,-,16,4,6,28,,,0,0,0,0,0,0,0,0,0,0,0,0,0,0,0,0,0,0.0,0.00,0,-0.0,0.0,0.00,0,0,0.0,0.0,3,3,3,0,0,0,0,26.0,103,95,14,7,0,1,7,7,6,0,12,0,1,1,1,0,0,2,0,0,0,0.90,396,24,38,0,0,0.6,0.7,1.1,4.95,3,3,5,3,2,0,0,0,1.73,0.2,1.096,0,0,26.0,0,0,1,1,0,0,1,1,0,0,0,0,0.0,0.0
SP,Ted Trent,Ted,Trent,Ungentlemanly Fightin' Fellows TTC,6' 3',185 lbs,R,R,69,Chicago American Giants,CAG,1936,1921-1945,,84429,Bronze,Negro League Star  SP Ted Trent  CAG  1936,0,N,0,2,45,2,57,37,2,46,2,59,39,2,45,2,57,37,49,19,Normal,Spray,Spray,65,85,81,76,64,85,81,76,65,86,82,77,71,77,57,66,-,76,-,-,-,-,64,-,6,NEU,90-92,OTT,Normal,78,60,1,1,1,29,26,27,25,45,56,56,64,-,-,-,-,-,49,-,-,64,-,-,-,-,-,49,-,-,16,4,6,28,,,0,0,0,0,0,0,0,0,0,0,0,0,0,0,0,0,0,0.0,0.00,0,-0.0,0.0,0.00,0,0,0.0,0.0,1,1,0,1,0,0,0,7.2,33,32,5,2,2,0,2,2,1,0,4,0,0,0,0,0,0,0,0,0,0,1.02,137,12,7,0,0,0.1,0.3,0.3,4.58,1,1,2,1,1,0,0,0,2.35,0.1,1.096,0,0,7.2,0,0,1,1,0,0,0,0,0,0,0,0,0.0,0.0
SP,Ted Trent,Ted,Trent,Huatulco Tacos,6' 3',185 lbs,R,R,69,Chicago American Giants,CAG,1936,1921-1945,,84429,Bronze,Negro League Star  SP Ted Trent  CAG  1936,0,N,0,2,45,2,57,37,2,46,2,59,39,2,45,2,57,37,49,19,Normal,Spray,Spray,65,85,81,76,64,85,81,76,65,86,82,77,71,77,57,66,-,76,-,-,-,-,64,-,6,NEU,90-92,OTT,Normal,78,60,1,1,1,29,26,27,25,45,56,56,64,-,-,-,-,-,49,-,-,64,-,-,-,-,-,49,-,-,16,4,6,28,,,0,0,0,0,0,0,0,0,0,0,0,0,0,0,0,0,0,0.0,0.00,0,-0.0,0.0,0.00,0,0,0.0,0.0,1,1,0,0,0,0,0,10.0,43,40,8,1,1,0,4,4,3,1,2,0,0,0,1,0,0,0,0,0,0,1.56,135,16,12,1,0,-0.2,0.3,0.3,6.06,1,1,6,4,2,0,0,0,5.40,-0.1,1.096,1,0,10.0,0,0,2,1,3,3,0,0,0,0,0,0,0.0,0.0
SP,Ted Trent,Ted,Trent,Port Townsend Wild Daphnes,6' 3',185 lbs,R,R,69,Chicago American Giants,CAG,1936,1921-1945,,84429,Bronze,Negro League Star  SP Ted Trent  CAG  1936,0,N,0,2,45,2,57,37,2,46,2,59,39,2,45,2,57,37,49,19,Normal,Spray,Spray,65,85,81,76,64,85,81,76,65,86,82,77,71,77,57,66,-,76,-,-,-,-,64,-,6,NEU,90-92,OTT,Normal,78,60,1,1,1,29,26,27,25,45,56,56,64,-,-,-,-,-,49,-,-,64,-,-,-,-,-,49,-,-,16,4,6,28,,,0,0,0,0,0,0,0,0,0,0,0,0,0,0,0,0,0,0.0,0.00,0,-0.0,0.0,0.00,0,0,0.0,0.0,8,8,5,2,0,0,0,68.0,287,267,51,11,2,6,31,29,15,1,47,2,2,1,2,0,0,5,0,0,0,1.12,1035,66,83,0,0,0.5,1.6,1.3,4.17,8,8,15,6,9,0,0,0,1.99,0.1,1.096,0,0,68.0,0,0,5,5,1,0,0,0,0,0,0,0,-0.1,0.0
SP,Ted Trent,Ted,Trent,Aberfeldie Falcons,6' 3',185 lbs,R,R,69,Chicago American Giants,CAG,1936,1921-1945,,84429,Bronze,Negro League Star  SP Ted Trent  CAG  1936,0,N,0,2,45,2,57,37,2,46,2,59,39,2,45,2,57,37,49,19,Normal,Spray,Spray,65,85,81,76,64,85,81,76,65,86,82,77,71,77,57,66,-,76,-,-,-,-,64,-,6,NEU,90-92,OTT,Normal,78,60,1,1,1,29,26,27,25,45,56,56,64,-,-,-,-,-,49,-,-,64,-,-,-,-,-,49,-,-,16,4,6,28,,,0,0,0,0,0,0,0,0,0,0,0,0,0,0,0,0,0,0.0,0.00,0,-0.0,0.0,0.00,0,0,0.0,0.0,1,1,0,1,0,0,0,8.0,36,33,8,1,0,1,4,4,2,1,7,0,1,0,0,0,0,0,0,0,0,0.91,130,7,10,0,0,-0.1,0.2,0.1,3.74,1,1,2,1,1,0,0,0,2.25,0.1,1.096,0,0,8.0,0,0,1,1,0,0,0,0,0,0,0,0,0.0,0.0
SP,Ted Trent,Ted,Trent,Brentwood Senators,6' 3',185 lbs,R,R,69,Chicago American Giants,CAG,1936,1921-1945,,84429,Bronze,Negro League Star  SP Ted Trent  CAG  1936,0,N,0,2,45,2,57,37,2,46,2,59,39,2,45,2,57,37,49,19,Normal,Spray,Spray,65,85,81,76,64,85,81,76,65,86,82,77,71,77,57,66,-,76,-,-,-,-,64,-,6,NEU,90-92,OTT,Normal,78,60,1,1,1,29,26,27,25,45,56,56,64,-,-,-,-,-,49,-,-,64,-,-,-,-,-,49,-,-,16,4,6,28,,,0,0,0,0,0,0,0,0,0,0,0,0,0,0,0,0,0,0.0,0.00,0,-0.0,0.0,0.00,0,0,0.0,0.0,1,1,0,1,0,0,0,7.2,39,35,8,1,0,2,4,4,4,1,4,0,0,0,1,0,0,0,0,0,0,0.86,131,7,12,1,0,-0.2,-0.1,0.1,5.72,1,1,4,1,3,0,0,0,4.70,0.2,2.193,1,0,7.2,0,0,2,2,0,0,0,0,0,0,0,0,-0.1,0.0
SP,Ted Trent,Ted,Trent,Aurora Highlanders,6' 3',185 lbs,R,R,69,Chicago American Giants,CAG,1936,1921-1945,,84429,Bronze,Negro League Star  SP Ted Trent  CAG  1936,0,N,0,2,45,2,57,37,2,46,2,59,39,2,45,2,57,37,49,19,Normal,Spray,Spray,65,85,81,76,64,85,81,76,65,86,82,77,71,77,57,66,-,76,-,-,-,-,64,-,6,NEU,90-92,OTT,Normal,78,60,1,1,1,29,26,27,25,45,56,56,64,-,-,-,-,-,49,-,-,64,-,-,-,-,-,49,-,-,16,4,6,28,,,0,0,0,0,0,0,0,0,0,0,0,0,0,0,0,0,0,0.0,0.00,0,-0.0,0.0,0.00,0,0,0.0,0.0,1,1,0,0,0,0,0,8.0,35,34,6,2,0,0,3,2,1,0,7,0,0,0,0,0,0,0,0,0,0,1.20,136,9,8,0,0,-0.0,0.4,0.2,3.39,1,1,1,1,0,0,0,0,1.12,0.1,1.096,0,0,8.0,0,0,1,1,0,0,0,0,0,0,0,0,0.0,0.0
SP,Ted Trent,Ted,Trent,HickoryHoller JayBirds,6' 3',185 lbs,R,R,69,Chicago American Giants,CAG,1936,1921-1945,,84429,Bronze,Negro League Star  SP Ted Trent  CAG  1936,0,N,0,2,45,2,57,37,2,46,2,59,39,2,45,2,57,37,49,19,Normal,Spray,Spray,65,85,81,76,64,85,81,76,65,86,82,77,71,77,57,66,-,76,-,-,-,-,64,-,6,NEU,90-92,OTT,Normal,78,60,1,1,1,29,26,27,25,45,56,56,64,-,-,-,-,-,49,-,-,64,-,-,-,-,-,49,-,-,16,4,6,28,,,0,0,0,0,0,0,0,0,0,0,0,0,0,0,0,0,0,0.0,0.00,0,-0.0,0.0,0.00,0,0,0.0,0.0,2,2,0,2,0,0,0,7.1,46,39,10,2,1,3,15,12,6,0,6,0,1,0,1,0,0,0,0,0,0,0.82,179,8,8,0,0,-0.7,-0.3,-0.7,5.55,2,2,3,1,2,0,0,0,3.68,0.1,1.096,0,0,7.1,0,0,1,1,0,0,0,0,0,0,0,0,0.0,0.0
SP,Ted Trent,Ted,Trent,London Majors,6' 3',185 lbs,R,R,69,Chicago American Giants,CAG,1936,1921-1945,,84429,Bronze,Negro League Star  SP Ted Trent  CAG  1936,0,Y,5,4,50,4,63,41,4,51,4,65,43,4,50,4,63,41,49,19,Normal,Spray,Spray,71,92,88,83,70,92,88,83,71,93,89,84,71,77,57,66,-,76,-,-,-,-,64,-,6,NEU,90-92,OTT,Normal,78,60,1,1,1,29,26,27,25,45,56,56,69,-,-,-,-,-,53,-,-,69,-,-,-,-,-,53,-,-,16,4,6,28,,,0,0,0,0,0,0,0,0,0,0,0,0,0,0,0,0,0,0.0,0.00,0,-0.0,0.0,0.00,0,0,0.0,0.0,4,4,1,2,0,0,0,32.2,139,128,22,7,2,3,16,16,9,0,13,0,1,1,1,0,0,3,0,0,0,1.06,511,41,42,0,0,0.0,0.4,0.5,5.37,4,4,8,4,4,0,0,0,2.20,0.1,1.096,0,0,32.2,0,0,6,6,1,0,0,0,0,0,0,0,0.0,0.0
SP,Ted Trent,Ted,Trent,Smyrna Stooges,6' 3',185 lbs,R,R,69,Chicago American Giants,CAG,1936,1921-1945,,84429,Bronze,Negro League Star  SP Ted Trent  CAG  1936,0,N,0,2,45,2,57,37,2,46,2,59,39,2,45,2,57,37,49,19,Normal,Spray,Spray,65,85,81,76,64,85,81,76,65,86,82,77,71,77,57,66,-,76,-,-,-,-,64,-,6,NEU,90-92,OTT,Normal,78,60,1,1,1,29,26,27,25,45,56,56,64,-,-,-,-,-,49,-,-,64,-,-,-,-,-,49,-,-,16,4,6,28,,,0,0,0,0,0,0,0,0,0,0,0,0,0,0,0,0,0,0.0,0.00,0,-0.0,0.0,0.00,0,0,0.0,0.0,1,1,0,1,0,0,0,8.0,34,31,6,2,0,1,6,6,2,0,5,0,0,1,0,0,0,0,0,0,0,1.35,115,8,10,0,0,-0.6,0.1,-0.1,4.50,1,1,1,0,1,0,0,0,1.12,0.0,.000,0,0,8.0,0,0,0,0,0,0,0,0,0,0,0,0,0.0,0.0
SP,Ted Trent,Ted,Trent,Gettysburg Iron Brigade,6' 3',185 lbs,R,R,69,Chicago American Giants,CAG,1936,1921-1945,,84429,Bronze,Negro League Star  SP Ted Trent  CAG  1936,0,N,0,2,45,2,57,37,2,46,2,59,39,2,45,2,57,37,49,19,Normal,Spray,Spray,65,85,81,76,64,85,81,76,65,86,82,77,71,77,57,66,-,76,-,-,-,-,64,-,6,NEU,90-92,OTT,Normal,78,60,1,1,1,29,26,27,25,45,56,56,64,-,-,-,-,-,49,-,-,64,-,-,-,-,-,49,-,-,16,4,6,28,,,0,0,0,0,0,0,0,0,0,0,0,0,0,0,0,0,0,0.0,0.00,0,-0.0,0.0,0.00,0,0,0.0,0.0,2,2,2,0,0,0,0,18.0,71,65,8,5,0,0,2,2,5,0,9,0,1,0,1,0,0,1,0,0,0,1.58,236,18,25,0,0,1.1,0.6,1.2,4.95,2,2,4,3,1,0,0,0,2.00,0.5,1.644,0,0,18.0,0,0,2,2,1,1,0,0,0,0,0,0,0.0,0.0
SP,Ted Trent,Ted,Trent,Bismarck Blizzard,6' 3',185 lbs,R,R,69,Chicago American Giants,CAG,1936,1921-1945,,84429,Bronze,Negro League Star  SP Ted Trent  CAG  1936,0,N,0,2,45,2,57,37,2,46,2,59,39,2,45,2,57,37,49,19,Normal,Spray,Spray,65,85,81,76,64,85,81,76,65,86,82,77,71,77,57,66,-,76,-,-,-,-,64,-,6,NEU,90-92,OTT,Normal,78,60,1,1,1,29,26,27,25,45,56,56,64,-,-,-,-,-,49,-,-,64,-,-,-,-,-,49,-,-,16,4,6,28,,,0,0,0,0,0,0,0,0,0,0,0,0,0,0,0,0,0,0.0,0.00,0,-0.0,0.0,0.00,0,0,0.0,0.0,1,1,1,0,0,0,0,9.0,36,34,8,0,1,0,2,2,2,0,3,0,0,0,0,0,0,2,0,0,0,1.49,113,12,10,0,0,0.5,0.3,0.5,5.37,1,1,4,2,2,0,1,0,4.00,0.1,1.096,0,0,9.0,0,0,2,2,0,0,0,0,0,0,0,0,0.0,0.0
SP,Ted Trent,Ted,Trent,Columbus Fire Ants,6' 3',185 lbs,R,R,69,Chicago American Giants,CAG,1936,1921-1945,,84429,Bronze,Negro League Star  SP Ted Trent  CAG  1936,0,N,0,2,45,2,57,37,2,46,2,59,39,2,45,2,57,37,49,19,Normal,Spray,Spray,65,85,81,76,64,85,81,76,65,86,82,77,71,77,57,66,-,76,-,-,-,-,64,-,6,NEU,90-92,OTT,Normal,78,60,1,1,1,29,26,27,25,45,56,56,64,-,-,-,-,-,49,-,-,64,-,-,-,-,-,49,-,-,16,4,6,28,,,0,0,0,0,0,0,0,0,0,0,0,0,0,0,0,0,0,0.0,0.00,0,-0.0,0.0,0.00,0,0,0.0,0.0,3,3,2,1,0,0,0,25.1,105,97,18,2,1,1,6,6,6,0,13,0,1,1,2,0,0,1,0,0,0,0.91,380,26,36,0,0,0.3,0.7,1.2,4.84,3,3,4,4,0,0,0,0,1.42,0.2,1.096,0,0,25.1,0,0,4,4,0,0,0,0,0,0,0,0,0.0,0.0
SP,Ted Trent,Ted,Trent,Moncton Mosquitos,6' 3',185 lbs,R,R,69,Chicago American Giants,CAG,1936,1921-1945,,84429,Bronze,Negro League Star  SP Ted Trent  CAG  1936,0,N,0,2,45,2,57,37,2,46,2,59,39,2,45,2,57,37,49,19,Normal,Spray,Spray,65,85,81,76,64,85,81,76,65,86,82,77,71,77,57,66,-,76,-,-,-,-,64,-,6,NEU,90-92,OTT,Normal,78,60,1,1,1,29,26,27,25,45,56,56,64,-,-,-,-,-,49,-,-,64,-,-,-,-,-,49,-,-,16,4,6,28,,,0,0,0,0,0,0,0,0,0,0,0,0,0,0,0,0,0,0.0,0.00,0,-0.0,0.0,0.00,0,0,0.0,0.0,1,1,0,1,0,0,0,8.2,36,32,6,1,0,0,2,2,3,1,4,0,1,0,0,0,0,0,0,0,0,1.19,134,13,8,0,0,0.4,0.3,0.4,5.27,1,1,4,3,1,0,0,0,4.15,0.2,1.096,0,0,8.2,0,0,2,2,1,1,0,0,0,0,0,0,0.0,0.0
SP,Ted Trent,Ted,Trent,Honolulu Warriors - HotL,6' 3',185 lbs,R,R,69,Chicago American Giants,CAG,1936,1921-1945,,84429,Bronze,Negro League Star  SP Ted Trent  CAG  1936,0,N,0,2,45,2,57,37,2,46,2,59,39,2,45,2,57,37,49,19,Normal,Spray,Spray,65,85,81,76,64,85,81,76,65,86,82,77,71,77,57,66,-,76,-,-,-,-,64,-,6,NEU,90-92,OTT,Normal,78,60,1,1,1,29,26,27,25,45,56,56,64,-,-,-,-,-,49,-,-,64,-,-,-,-,-,49,-,-,16,4,6,28,,,0,0,0,0,0,0,0,0,0,0,0,0,0,0,0,0,0,0.0,0.00,0,-0.0,0.0,0.00,0,0,0.0,0.0,2,2,0,2,0,0,0,18.2,76,72,12,4,1,1,7,7,4,0,9,0,0,0,2,0,0,2,0,0,0,1.13,270,21,24,0,0,0.3,0.5,0.5,4.87,2,2,2,1,1,0,0,0,0.96,-0.1,1.096,0,0,18.2,0,0,1,1,1,0,0,0,0,0,0,0,0.0,0.0
SP,Ted Trent,Ted,Trent,Moonsault Collective MCs,6' 3',185 lbs,R,R,69,Chicago American Giants,CAG,1936,1921-1945,,84429,Bronze,Negro League Star  SP Ted Trent  CAG  1936,0,N,0,2,45,2,57,37,2,46,2,59,39,2,45,2,57,37,49,19,Normal,Spray,Spray,65,85,81,76,64,85,81,76,65,86,82,77,71,77,57,66,-,76,-,-,-,-,64,-,6,NEU,90-92,OTT,Normal,78,60,1,1,1,29,26,27,25,45,56,56,64,-,-,-,-,-,49,-,-,64,-,-,-,-,-,49,-,-,16,4,6,28,,,0,0,0,0,0,0,0,0,0,0,0,0,0,0,0,0,0,0.0,0.00,0,-0.0,0.0,0.00,0,0,0.0,0.0,3,3,2,1,0,0,0,22.2,92,84,14,3,1,1,10,8,7,0,10,0,1,0,0,0,0,2,0,0,0,0.86,334,32,23,1,0,0.1,0.5,0.5,5.21,3,3,7,4,3,0,0,0,2.78,0.1,1.096,1,0,22.2,0,0,1,1,3,3,0,0,0,0,0,0,0.0,0.0
SP,Ted Trent,Ted,Trent,Daegu Lions,6' 3',185 lbs,R,R,69,Chicago American Giants,CAG,1936,1921-1945,,84429,Bronze,Negro League Star  SP Ted Trent  CAG  1936,0,N,0,2,45,2,57,37,2,46,2,59,39,2,45,2,57,37,49,19,Normal,Spray,Spray,65,85,81,76,64,85,81,76,65,86,82,77,71,77,57,66,-,76,-,-,-,-,64,-,6,NEU,90-92,OTT,Normal,78,60,1,1,1,29,26,27,25,45,56,56,64,-,-,-,-,-,49,-,-,64,-,-,-,-,-,49,-,-,16,4,6,28,,,0,0,0,0,0,0,0,0,0,0,0,0,0,0,0,0,0,0.0,0.00,0,-0.0,0.0,0.00,0,0,0.0,0.0,2,2,0,1,0,0,0,14.2,67,60,12,2,1,1,9,8,6,1,5,0,0,1,1,0,0,0,0,0,0,0.99,239,17,22,0,0,-0.3,0.2,0.1,6.02,2,2,4,3,1,0,0,0,2.45,0.2,1.096,0,0,14.2,0,0,2,2,1,1,0,0,0,0,0,0,0.0,0.0
SP,Ted Trent,Ted,Trent,Roseburg River Hawks,6' 3',185 lbs,R,R,69,Chicago American Giants,CAG,1936,1921-1945,,84429,Bronze,Negro League Star  SP Ted Trent  CAG  1936,0,N,0,2,45,2,57,37,2,46,2,59,39,2,45,2,57,37,49,19,Normal,Spray,Spray,65,85,81,76,64,85,81,76,65,86,82,77,71,77,57,66,-,76,-,-,-,-,64,-,6,NEU,90-92,OTT,Normal,78,60,1,1,1,29,26,27,25,45,56,56,64,-,-,-,-,-,49,-,-,64,-,-,-,-,-,49,-,-,16,4,6,28,,,0,0,0,0,0,0,0,0,0,0,0,0,0,0,0,0,0,0.0,0.00,0,-0.0,0.0,0.00,0,0,0.0,0.0,2,2,1,1,0,0,0,18.0,80,72,11,4,1,2,9,7,7,1,7,0,0,1,0,0,0,0,0,0,0,1.14,248,11,35,0,0,0.2,0.1,0.3,5.55,2,2,4,3,1,0,0,0,2.00,0.2,1.096,0,0,18.0,0,0,3,3,0,0,0,0,0,0,0,0,0.0,0.0
SP,Ted Trent,Ted,Trent,Carlos Chaos Cats,6' 3',185 lbs,R,R,69,Chicago American Giants,CAG,1936,1921-1945,,84429,Bronze,Negro League Star  SP Ted Trent  CAG  1936,0,N,0,2,45,2,57,37,2,46,2,59,39,2,45,2,57,37,49,19,Normal,Spray,Spray,65,85,81,76,64,85,81,76,65,86,82,77,71,77,57,66,-,76,-,-,-,-,64,-,6,NEU,90-92,OTT,Normal,78,60,1,1,1,29,26,27,25,45,56,56,64,-,-,-,-,-,49,-,-,64,-,-,-,-,-,49,-,-,16,4,6,28,,,0,0,0,0,0,0,0,0,0,0,0,0,0,0,0,0,0,0.0,0.00,0,-0.0,0.0,0.00,0,0,0.0,0.0,1,1,0,1,0,0,0,6.1,32,26,6,3,0,0,8,8,4,0,1,0,2,0,0,0,0,1,0,0,0,1.19,110,11,7,0,0,-0.3,0.1,-0.3,6.88,1,1,3,0,3,0,0,0,4.26,-0.4,.000,0,0,6.1,0,0,2,1,0,0,0,0,0,0,0,0,0.0,0.0
SP,Ted Trent,Ted,Trent,Atlanta Braves TTC,6' 3',185 lbs,R,R,69,Chicago American Giants,CAG,1936,1921-1945,,84429,Bronze,Negro League Star  SP Ted Trent  CAG  1936,0,N,0,2,45,2,57,37,2,46,2,59,39,2,45,2,57,37,49,19,Normal,Spray,Spray,65,85,81,76,64,85,81,76,65,86,82,77,71,77,57,66,-,76,-,-,-,-,64,-,6,NEU,90-92,OTT,Normal,78,60,1,1,1,29,26,27,25,45,56,56,64,-,-,-,-,-,49,-,-,64,-,-,-,-,-,49,-,-,16,4,6,28,,,0,0,0,0,0,0,0,0,0,0,0,0,0,0,0,0,0,0.0,0.00,0,-0.0,0.0,0.00,0,0,0.0,0.0,3,3,3,0,0,0,0,25.0,99,91,13,0,2,1,5,5,7,0,17,0,1,0,0,0,0,0,0,0,0,1.15,379,30,29,0,0,0.8,0.8,1.3,4.26,3,3,3,0,3,0,0,0,1.08,0.0,.000,0,0,25.0,0,0,0,0,0,0,0,0,0,0,0,0,0.0,0.0
SP,Ted Trent,Ted,Trent,Indiana Rhubarbs,6' 3',185 lbs,R,R,69,Chicago American Giants,CAG,1936,1921-1945,,84429,Bronze,Negro League Star  SP Ted Trent  CAG  1936,0,N,0,2,45,2,57,37,2,46,2,59,39,2,45,2,57,37,49,19,Normal,Spray,Spray,65,85,81,76,64,85,81,76,65,86,82,77,71,77,57,66,-,76,-,-,-,-,64,-,6,NEU,90-92,OTT,Normal,78,60,1,1,1,29,26,27,25,45,56,56,64,-,-,-,-,-,49,-,-,64,-,-,-,-,-,49,-,-,16,4,6,28,,,0,0,0,0,0,0,0,0,0,0,0,0,0,0,0,0,0,0.0,0.00,0,-0.0,0.0,0.00,0,0,0.0,0.0,2,2,1,1,0,0,0,10.1,42,40,7,0,0,1,8,7,2,0,11,0,0,0,0,0,0,0,0,0,0,0.63,156,5,15,1,0,-0.4,0.4,-0.1,2.26,2,2,2,1,1,0,0,0,1.74,-0.1,1.096,1,0,10.1,0,0,0,0,1,1,0,0,0,0,0,0,0.0,0.0
SP,Ted Trent,Ted,Trent,Patchogue Pirates,6' 3',185 lbs,R,R,69,Chicago American Giants,CAG,1936,1921-1945,,84429,Bronze,Negro League Star  SP Ted Trent  CAG  1936,0,N,0,2,45,2,57,37,2,46,2,59,39,2,45,2,57,37,49,19,Normal,Spray,Spray,65,85,81,76,64,85,81,76,65,86,82,77,71,77,57,66,-,76,-,-,-,-,64,-,6,NEU,90-92,OTT,Normal,78,60,1,1,1,29,26,27,25,45,56,56,64,-,-,-,-,-,49,-,-,64,-,-,-,-,-,49,-,-,16,4,6,28,,,0,0,0,0,0,0,0,0,0,0,0,0,0,0,0,0,0,0.0,0.00,0,-0.0,0.0,0.00,0,0,0.0,0.0,2,2,1,0,0,0,0,20.2,84,82,14,1,0,2,5,4,2,0,9,0,0,0,0,0,0,0,0,0,0,1.41,277,23,30,0,0,0.8,0.4,1.0,4.71,2,2,6,2,3,1,0,0,2.18,-0.4,.548,0,0,20.2,0,0,3,2,0,0,0,0,0,0,0,0,0.0,0.0
SP,Ted Trent,Ted,Trent,Transylvania Counts,6' 3',185 lbs,R,R,69,Chicago American Giants,CAG,1936,1921-1945,,84429,Bronze,Negro League Star  SP Ted Trent  CAG  1936,0,N,0,2,45,2,57,37,2,46,2,59,39,2,45,2,57,37,49,19,Normal,Spray,Spray,65,85,81,76,64,85,81,76,65,86,82,77,71,77,57,66,-,76,-,-,-,-,64,-,6,NEU,90-92,OTT,Normal,78,60,1,1,1,29,26,27,25,45,56,56,64,-,-,-,-,-,49,-,-,64,-,-,-,-,-,49,-,-,16,4,6,28,,,0,0,0,0,0,0,0,0,0,0,0,0,0,0,0,0,0,0.0,0.00,0,-0.0,0.0,0.00,0,0,0.0,0.0,1,1,0,0,0,0,0,8.2,37,34,6,0,0,2,4,4,3,0,5,0,0,0,0,0,0,0,0,0,0,0.98,146,6,15,0,0,-0.0,-0.0,0.2,4.74,1,1,0,0,0,0,0,0,0.00,0.0,.000,0,0,8.2,0,0,0,0,0,0,0,0,0,0,0,0,0.0,0.0
SP,Lon Warneke,Lon,Warneke,Statesville Shadowcats,6' 2',185 lbs,R,R,69,St. Louis Cardinals,STL,1940,1921-1945,,83183,Bronze,Snapshot  SP Lon Warneke  STL  1940,0,N,0,27,39,31,42,20,33,46,42,33,18,25,37,27,46,21,81,10,Normal,Pull,Pull,56,105,86,68,49,85,105,58,61,128,70,72,56,76,48,-,-,-,-,-,-,78,-,-,4,EX FB,89-91,3/4,Normal,78,115,-,-,-,34,76,45,24,1,8,4,100,-,-,-,-,-,-,-,-,100,-,-,-,-,-,-,-,-,6,5,6,6,,,0,0,0,0,0,0,0,0,0,0,0,0,0,0,0,0,0,0.0,0.00,0,-0.0,0.0,0.00,0,0,0.0,0.0,1,1,0,1,0,0,0,6.0,29,26,5,2,0,2,7,6,2,0,4,0,0,1,0,0,0,0,0,0,0,0.75,122,4,9,0,0,-0.4,-0.1,-0.2,4.68,1,1,1,1,0,0,0,0,1.50,0.1,1.096,0,0,6.0,0,0,1,1,0,0,0,0,0,0,0,0,0.0,0.0
SP,Lon Warneke,Lon,Warneke,San Francisco Seals,6' 2',185 lbs,R,R,69,St. Louis Cardinals,STL,1940,1921-1945,,83183,Bronze,Snapshot  SP Lon Warneke  STL  1940,0,N,0,27,39,31,42,20,33,46,42,33,18,25,37,27,46,21,81,10,Normal,Pull,Pull,56,105,86,68,49,85,105,58,61,128,70,72,56,76,48,-,-,-,-,-,-,78,-,-,4,EX FB,89-91,3/4,Normal,78,115,-,-,-,34,76,45,24,1,8,4,100,-,-,-,-,-,-,-,-,100,-,-,-,-,-,-,-,-,6,5,6,6,,,0,0,0,0,0,0,0,0,0,0,0,0,0,0,0,0,0,0.0,0.00,0,-0.0,0.0,0.00,0,0,0.0,0.0,3,0,0,0,0,0,1,2.1,11,10,1,0,0,1,3,2,1,0,1,0,0,0,0,0,0,0,2,2,0,0.82,42,1,5,0,0,-0.1,-0.1,-0.2,5.33,3,0,1,1,0,0,0,0,3.86,0.1,1.096,0,0,2.1,0,0,1,1,0,0,0,0,0,0,0,0,0.0,0.0
SP,Lon Warneke,Lon,Warneke,Huatulco Tacos,6' 2',185 lbs,R,R,69,St. Louis Cardinals,STL,1940,1921-1945,,83183,Bronze,Snapshot  SP Lon Warneke  STL  1940,0,N,0,27,39,31,42,20,33,46,42,33,18,25,37,27,46,21,81,10,Normal,Pull,Pull,56,105,86,68,49,85,105,58,61,128,70,72,56,76,48,-,-,-,-,-,-,78,-,-,4,EX FB,89-91,3/4,Normal,78,115,-,-,-,34,76,45,24,1,8,4,100,-,-,-,-,-,-,-,-,100,-,-,-,-,-,-,-,-,6,5,6,6,,,0,0,0,0,0,0,0,0,0,0,0,0,0,0,0,0,0,0.0,0.00,0,-0.0,0.0,0.00,0,0,0.0,0.0,1,1,0,1,0,0,0,6.0,32,27,4,3,0,1,6,6,4,0,2,1,0,0,0,0,0,0,0,0,0,0.73,105,6,10,0,0,-0.3,-0.1,-0.2,6.67,1,1,0,0,0,0,0,0,0.00,0.0,.000,0,0,6.0,0,0,0,0,0,0,0,0,0,0,0,0,0.0,0.0
SP,Lon Warneke,Lon,Warneke,Aberfeldie Falcons,6' 2',185 lbs,R,R,69,St. Louis Cardinals,STL,1940,1921-1945,,83183,Bronze,Snapshot  SP Lon Warneke  STL  1940,0,N,0,27,39,31,42,20,33,46,42,33,18,25,37,27,46,21,81,10,Normal,Pull,Pull,56,105,86,68,49,85,105,58,61,128,70,72,56,76,48,-,-,-,-,-,-,78,-,-,4,EX FB,89-91,3/4,Normal,78,115,-,-,-,34,76,45,24,1,8,4,100,-,-,-,-,-,-,-,-,100,-,-,-,-,-,-,-,-,6,5,6,6,,,0,0,0,0,0,0,0,0,0,0,0,0,0,0,0,0,0,0.0,0.00,0,-0.0,0.0,0.00,0,0,0.0,0.0,1,1,1,0,0,0,0,8.2,41,36,8,1,0,2,4,4,4,0,8,0,1,0,0,1,0,0,0,0,0,1.54,143,7,11,0,0,0.2,-0.0,0.2,4.21,1,1,2,1,1,0,0,0,2.08,0.1,1.096,0,0,8.2,0,0,2,2,0,0,0,0,0,0,0,0,0.0,0.0
SP,Lon Warneke,Lon,Warneke,Brentwood Senators,6' 2',185 lbs,R,R,69,St. Louis Cardinals,STL,1940,1921-1945,,83183,Bronze,Snapshot  SP Lon Warneke  STL  1940,0,N,0,27,39,31,42,20,33,46,42,33,18,25,37,27,46,21,81,10,Normal,Pull,Pull,56,105,86,68,49,85,105,58,61,128,70,72,56,76,48,-,-,-,-,-,-,78,-,-,4,EX FB,89-91,3/4,Normal,78,115,-,-,-,34,76,45,24,1,8,4,100,-,-,-,-,-,-,-,-,100,-,-,-,-,-,-,-,-,6,5,6,6,,,0,0,0,0,0,0,0,0,0,0,0,0,0,0,0,0,0,0.0,0.00,0,-0.0,0.0,0.00,0,0,0.0,0.0,1,1,0,1,0,0,0,7.1,34,33,9,1,0,1,6,6,0,0,1,0,1,0,0,0,0,0,0,0,0,1.23,133,7,14,0,0,-0.6,0.1,-0.1,5.69,1,1,5,2,1,2,0,0,3.68,-0.2,.548,0,0,7.1,0,0,1,1,1,0,1,1,0,0,0,0,-0.1,0.0
SP,Lon Warneke,Lon,Warneke,DongTan Milky,6' 2',185 lbs,R,R,69,St. Louis Cardinals,STL,1940,1921-1945,,83183,Bronze,Snapshot  SP Lon Warneke  STL  1940,0,N,0,27,39,31,42,20,33,46,42,33,18,25,37,27,46,21,81,10,Normal,Pull,Pull,56,105,86,68,49,85,105,58,61,128,70,72,56,76,48,-,-,-,-,-,-,78,-,-,4,EX FB,89-91,3/4,Normal,78,115,-,-,-,34,76,45,24,1,8,4,100,-,-,-,-,-,-,-,-,100,-,-,-,-,-,-,-,-,6,5,6,6,,,0,0,0,0,0,0,0,0,0,0,0,0,0,0,0,0,0,0.0,0.00,0,-0.0,0.0,0.00,0,0,0.0,0.0,1,1,0,1,0,0,0,2.2,19,18,6,1,0,3,9,9,1,0,3,0,0,0,0,0,0,0,0,0,0,0.81,69,1,4,0,0,-0.5,-0.3,-0.5,4.17,1,1,0,0,0,0,0,0,0.00,0.0,.000,0,0,2.2,0,0,0,0,0,0,0,0,0,0,0,0,0.0,0.0
SP,Lon Warneke,Lon,Warneke,Aurora Highlanders,6' 2',185 lbs,R,R,69,St. Louis Cardinals,STL,1940,1921-1945,,83183,Bronze,Snapshot  SP Lon Warneke  STL  1940,0,N,0,27,39,31,42,20,33,46,42,33,18,25,37,27,46,21,81,10,Normal,Pull,Pull,56,105,86,68,49,85,105,58,61,128,70,72,56,76,48,-,-,-,-,-,-,78,-,-,4,EX FB,89-91,3/4,Normal,78,115,-,-,-,34,76,45,24,1,8,4,100,-,-,-,-,-,-,-,-,100,-,-,-,-,-,-,-,-,6,5,6,6,,,0,0,0,0,0,0,0,0,0,0,0,0,0,0,0,0,0,0.0,0.00,0,-0.0,0.0,0.00,0,0,0.0,0.0,1,1,1,0,0,0,0,7.2,34,32,7,2,1,0,5,5,2,0,3,0,0,0,1,0,0,1,0,0,0,0.91,132,10,9,0,0,0.0,0.2,0.0,5.35,1,1,2,1,1,0,0,0,2.35,0.1,1.096,0,0,7.2,0,0,1,1,0,0,0,0,0,0,0,0,0.0,0.0
SP,Lon Warneke,Lon,Warneke,HickoryHoller JayBirds,6' 2',185 lbs,R,R,69,St. Louis Cardinals,STL,1940,1921-1945,,83183,Bronze,Snapshot  SP Lon Warneke  STL  1940,0,N,0,27,39,31,42,20,33,46,42,33,18,25,37,27,46,21,81,10,Normal,Pull,Pull,56,105,86,68,49,85,105,58,61,128,70,72,56,76,48,-,-,-,-,-,-,78,-,-,4,EX FB,89-91,3/4,Normal,78,115,-,-,-,34,76,45,24,1,8,4,100,-,-,-,-,-,-,-,-,100,-,-,-,-,-,-,-,-,6,5,6,6,,,0,0,0,0,0,0,0,0,0,0,0,0,0,0,0,0,0,0.0,0.00,0,-0.0,0.0,0.00,0,0,0.0,0.0,2,2,1,0,0,0,0,13.2,57,51,12,0,0,1,8,7,3,0,4,0,2,1,0,0,0,2,0,0,0,1.36,188,16,20,0,0,-0.0,0.2,0.1,5.66,2,2,2,2,0,0,0,0,1.32,0.1,1.096,0,0,13.2,0,0,1,1,1,1,0,0,0,0,0,0,0.0,0.0
SP,Lon Warneke,Lon,Warneke,Columbus Evil Squirrels,6' 2',185 lbs,R,R,69,St. Louis Cardinals,STL,1940,1921-1945,,83183,Bronze,Snapshot  SP Lon Warneke  STL  1940,0,N,0,27,39,31,42,20,33,46,42,33,18,25,37,27,46,21,81,10,Normal,Pull,Pull,56,105,86,68,49,85,105,58,61,128,70,72,56,76,48,-,-,-,-,-,-,78,-,-,4,EX FB,89-91,3/4,Normal,78,115,-,-,-,34,76,45,24,1,8,4,100,-,-,-,-,-,-,-,-,100,-,-,-,-,-,-,-,-,6,5,6,6,,,0,0,0,0,0,0,0,0,0,0,0,0,0,0,0,0,0,0.0,0.00,0,-0.0,0.0,0.00,0,0,0.0,0.0,1,1,0,0,0,0,0,7.0,33,30,5,3,1,1,8,7,2,0,2,0,0,1,1,0,0,1,0,0,0,1.37,116,6,12,0,0,-0.6,0.0,-0.2,5.90,1,1,1,0,1,0,0,0,1.29,0.0,.000,0,0,7.0,0,0,0,0,0,0,0,0,0,0,0,0,0.0,0.0
SP,Lon Warneke,Lon,Warneke,Bismarck Blizzard,6' 2',185 lbs,R,R,69,St. Louis Cardinals,STL,1940,1921-1945,,83183,Bronze,Snapshot  SP Lon Warneke  STL  1940,0,N,0,27,39,31,42,20,33,46,42,33,18,25,37,27,46,21,81,10,Normal,Pull,Pull,56,105,86,68,49,85,105,58,61,128,70,72,56,76,48,-,-,-,-,-,-,78,-,-,4,EX FB,89-91,3/4,Normal,78,115,-,-,-,34,76,45,24,1,8,4,100,-,-,-,-,-,-,-,-,100,-,-,-,-,-,-,-,-,6,5,6,6,,,0,0,0,0,0,0,0,0,0,0,0,0,0,0,0,0,0,0.0,0.00,0,-0.0,0.0,0.00,0,0,0.0,0.0,1,1,0,1,0,0,0,8.0,33,31,4,1,1,1,2,1,1,0,4,0,1,0,0,0,0,1,0,0,0,0.73,119,11,8,0,0,0.1,0.1,0.4,4.53,1,1,4,2,1,1,0,0,3.38,-0.4,.548,0,0,8.0,0,0,3,2,0,0,0,0,0,0,0,0,0.0,0.0
SP,Lon Warneke,Lon,Warneke,Columbus Fire Ants,6' 2',185 lbs,R,R,69,St. Louis Cardinals,STL,1940,1921-1945,,83183,Bronze,Snapshot  SP Lon Warneke  STL  1940,0,N,0,27,39,31,42,20,33,46,42,33,18,25,37,27,46,21,81,10,Normal,Pull,Pull,56,105,86,68,49,85,105,58,61,128,70,72,56,76,48,-,-,-,-,-,-,78,-,-,4,EX FB,89-91,3/4,Normal,78,115,-,-,-,34,76,45,24,1,8,4,100,-,-,-,-,-,-,-,-,100,-,-,-,-,-,-,-,-,6,5,6,6,,,0,0,0,0,0,0,0,0,0,0,0,0,0,0,0,0,0,0.0,0.00,0,-0.0,0.0,0.00,0,0,0.0,0.0,2,2,0,2,0,0,0,16.0,71,67,15,2,0,3,7,6,2,0,6,0,1,0,0,0,1,2,0,0,0,1.35,266,16,24,0,0,0.1,0.0,0.3,5.13,2,2,2,0,2,0,0,0,1.12,0.0,.000,0,0,16.0,0,0,1,1,0,0,0,0,0,0,0,0,0.0,0.0
SP,Lon Warneke,Lon,Warneke,Moncton Mosquitos,6' 2',185 lbs,R,R,69,St. Louis Cardinals,STL,1940,1921-1945,,83183,Bronze,Snapshot  SP Lon Warneke  STL  1940,0,N,0,27,39,31,42,20,33,46,42,33,18,25,37,27,46,21,81,10,Normal,Pull,Pull,56,105,86,68,49,85,105,58,61,128,70,72,56,76,48,-,-,-,-,-,-,78,-,-,4,EX FB,89-91,3/4,Normal,78,115,-,-,-,34,76,45,24,1,8,4,100,-,-,-,-,-,-,-,-,100,-,-,-,-,-,-,-,-,6,5,6,6,,,0,0,0,0,0,0,0,0,0,0,0,0,0,0,0,0,0,0.0,0.00,0,-0.0,0.0,0.00,0,0,0.0,0.0,1,1,0,1,0,0,0,9.1,40,34,6,4,0,1,4,4,3,1,3,0,3,0,1,0,0,1,0,0,0,1.35,138,12,11,0,0,0.3,0.1,0.2,5.74,1,1,2,2,0,0,0,0,1.93,0.1,1.096,0,0,9.1,0,0,1,1,1,1,0,0,0,0,0,0,0.0,0.0
SP,Lon Warneke,Lon,Warneke,Honolulu Warriors - HotL,6' 2',185 lbs,R,R,69,St. Louis Cardinals,STL,1940,1921-1945,,83183,Bronze,Snapshot  SP Lon Warneke  STL  1940,0,N,0,27,39,31,42,20,33,46,42,33,18,25,37,27,46,21,81,10,Normal,Pull,Pull,56,105,86,68,49,85,105,58,61,128,70,72,56,76,48,-,-,-,-,-,-,78,-,-,4,EX FB,89-91,3/4,Normal,78,115,-,-,-,34,76,45,24,1,8,4,100,-,-,-,-,-,-,-,-,100,-,-,-,-,-,-,-,-,6,5,6,6,,,0,0,0,0,0,0,0,0,0,0,0,0,0,0,0,0,0,0.0,0.00,0,-0.0,0.0,0.00,0,0,0.0,0.0,2,2,0,0,0,0,0,14.0,63,55,7,5,0,4,12,12,5,2,8,0,2,1,0,0,0,0,0,0,0,1.04,193,12,21,0,0,-0.9,-0.1,-0.2,5.02,2,2,4,2,2,0,0,0,2.57,0.1,1.096,0,0,14.0,0,0,2,2,0,0,0,0,0,0,0,0,0.0,0.0
SP,Lon Warneke,Lon,Warneke,Moonsault Collective MCs,6' 2',185 lbs,R,R,69,St. Louis Cardinals,STL,1940,1921-1945,,83183,Bronze,Snapshot  SP Lon Warneke  STL  1940,0,N,0,27,39,31,42,20,33,46,42,33,18,25,37,27,46,21,81,10,Normal,Pull,Pull,56,105,86,68,49,85,105,58,61,128,70,72,56,76,48,-,-,-,-,-,-,78,-,-,4,EX FB,89-91,3/4,Normal,78,115,-,-,-,34,76,45,24,1,8,4,100,-,-,-,-,-,-,-,-,100,-,-,-,-,-,-,-,-,6,5,6,6,,,0,0,0,0,0,0,0,0,0,0,0,0,0,0,0,0,0,0.0,0.00,0,-0.0,0.0,0.00,0,0,0.0,0.0,3,3,3,0,0,0,0,24.1,102,94,17,1,1,4,14,14,6,1,9,0,2,0,0,0,0,2,0,0,0,1.24,367,24,37,0,0,0.0,0.1,0.2,5.43,3,3,11,5,4,2,1,0,3.33,-0.9,.626,0,0,24.1,0,0,7,5,1,1,0,0,0,0,0,0,0.0,0.0
SP,Lon Warneke,Lon,Warneke,Carlos Chaos Cats,6' 2',185 lbs,R,R,69,St. Louis Cardinals,STL,1940,1921-1945,,83183,Bronze,Snapshot  SP Lon Warneke  STL  1940,0,N,0,27,39,31,42,20,33,46,42,33,18,25,37,27,46,21,81,10,Normal,Pull,Pull,56,105,86,68,49,85,105,58,61,128,70,72,56,76,48,-,-,-,-,-,-,78,-,-,4,EX FB,89-91,3/4,Normal,78,115,-,-,-,34,76,45,24,1,8,4,100,-,-,-,-,-,-,-,-,100,-,-,-,-,-,-,-,-,6,5,6,6,,,0,0,0,0,0,0,0,0,0,0,0,0,0,0,0,0,0,0.0,0.00,0,-0.0,0.0,0.00,0,0,0.0,0.0,1,1,1,0,0,0,0,10.0,37,37,5,0,1,1,3,3,0,0,2,0,0,0,0,0,0,0,0,0,0,1.09,138,10,17,0,0,0.3,0.2,0.4,5.26,1,1,6,4,2,0,0,0,5.40,0.6,1.316,0,0,10.0,0,0,5,5,1,1,0,0,0,0,0,0,0.0,0.0
SP,Lon Warneke,Lon,Warneke,Atlanta Braves TTC,6' 2',185 lbs,R,R,69,St. Louis Cardinals,STL,1940,1921-1945,,83183,Bronze,Snapshot  SP Lon Warneke  STL  1940,0,N,0,27,39,31,42,20,33,46,42,33,18,25,37,27,46,21,81,10,Normal,Pull,Pull,56,105,86,68,49,85,105,58,61,128,70,72,56,76,48,-,-,-,-,-,-,78,-,-,4,EX FB,89-91,3/4,Normal,78,115,-,-,-,34,76,45,24,1,8,4,100,-,-,-,-,-,-,-,-,100,-,-,-,-,-,-,-,-,6,5,6,6,,,0,0,0,0,0,0,0,0,0,0,0,0,0,0,0,0,0,0.0,0.00,0,-0.0,0.0,0.00,0,0,0.0,0.0,3,3,3,0,0,0,0,26.2,106,99,17,3,1,1,6,4,5,0,19,0,1,1,0,0,0,2,0,0,0,1.04,384,26,33,0,0,0.9,1.0,1.3,3.88,3,3,5,1,4,0,0,0,1.69,0.1,1.096,0,0,26.2,0,0,2,2,0,0,0,0,0,0,0,0,-0.1,0.0
SP,Lon Warneke,Lon,Warneke,Indiana Rhubarbs,6' 2',185 lbs,R,R,69,St. Louis Cardinals,STL,1940,1921-1945,,83183,Bronze,Snapshot  SP Lon Warneke  STL  1940,0,N,0,27,39,31,42,20,33,46,42,33,18,25,37,27,46,21,81,10,Normal,Pull,Pull,56,105,86,68,49,85,105,58,61,128,70,72,56,76,48,-,-,-,-,-,-,78,-,-,4,EX FB,89-91,3/4,Normal,78,115,-,-,-,34,76,45,24,1,8,4,100,-,-,-,-,-,-,-,-,100,-,-,-,-,-,-,-,-,6,5,6,6,,,0,0,0,0,0,0,0,0,0,0,0,0,0,0,0,0,0,0.0,0.00,0,-0.0,0.0,0.00,0,0,0.0,0.0,2,2,1,1,0,0,0,12.1,46,44,4,0,0,3,7,7,2,0,19,0,0,0,0,0,0,0,0,0,0,0.48,185,9,9,0,0,-0.3,0.3,0.1,0.93,2,2,4,1,3,0,0,0,2.92,0.1,1.096,0,0,12.1,0,0,2,2,0,0,0,0,0,0,0,0,0.0,0.0
SP,Lon Warneke,Lon,Warneke,Patchogue Pirates,6' 2',185 lbs,R,R,69,St. Louis Cardinals,STL,1940,1921-1945,,83183,Bronze,Snapshot  SP Lon Warneke  STL  1940,0,N,0,27,39,31,42,20,33,46,42,33,18,25,37,27,46,21,81,10,Normal,Pull,Pull,56,105,86,68,49,85,105,58,61,128,70,72,56,76,48,-,-,-,-,-,-,78,-,-,4,EX FB,89-91,3/4,Normal,78,115,-,-,-,34,76,45,24,1,8,4,100,-,-,-,-,-,-,-,-,100,-,-,-,-,-,-,-,-,6,5,6,6,,,0,0,0,0,0,0,0,0,0,0,0,0,0,0,0,0,0,0.0,0.00,0,-0.0,0.0,0.00,0,0,0.0,0.0,2,2,1,0,0,0,0,18.1,73,66,11,1,1,2,7,5,4,0,6,0,2,1,0,0,0,2,0,0,0,1.18,263,17,29,0,0,0.0,0.2,0.5,5.46,2,2,4,2,2,0,1,0,1.96,0.1,1.096,0,0,18.1,0,0,2,2,0,0,0,0,0,0,0,0,0.0,0.0
SP,Lon Warneke,Lon,Warneke,Transylvania Counts,6' 2',185 lbs,R,R,69,St. Louis Cardinals,STL,1940,1921-1945,,83183,Bronze,Snapshot  SP Lon Warneke  STL  1940,0,N,0,27,39,31,42,20,33,46,42,33,18,25,37,27,46,21,81,10,Normal,Pull,Pull,56,105,86,68,49,85,105,58,61,128,70,72,56,76,48,-,-,-,-,-,-,78,-,-,4,EX FB,89-91,3/4,Normal,78,115,-,-,-,34,76,45,24,1,8,4,100,-,-,-,-,-,-,-,-,100,-,-,-,-,-,-,-,-,6,5,6,6,,,0,0,0,0,0,0,0,0,0,0,0,0,0,0,0,0,0,0.0,0.00,0,-0.0,0.0,0.00,0,0,0.0,0.0,1,1,0,1,0,0,0,6.1,33,26,4,0,2,2,8,8,5,0,2,0,2,0,0,0,0,0,0,0,0,1.00,118,7,11,0,0,-0.5,-0.2,-0.3,7.02,1,1,2,2,0,0,0,0,2.84,0.4,2.193,0,0,6.1,0,0,2,2,0,0,0,0,0,0,0,0,0.0,0.0
SP,Jim Weaver,Jim,Weaver,Statesville Shadowcats,6' 6',230 lbs,R,R,69,Chicago Cubs,CHC,1934,1921-1945,,83193,Bronze,Snapshot  SP Jim Weaver  CHC  1934,0,N,0,2,6,1,8,2,4,11,1,8,2,2,5,1,9,2,82,47,Normal,Spray,Spray,98,60,80,72,92,57,111,63,105,62,55,81,88,-,139,-,-,-,-,79,-,-,-,-,3,NEU,90-92,3/4,Normal,66,33,-,-,-,29,13,21,23,2,6,3,49,-,-,-,-,-,-,-,-,49,-,-,-,-,-,-,-,-,8,4,6,12,,,0,0,0,0,0,0,0,0,0,0,0,0,0,0,0,0,0,0.0,0.00,0,-0.0,0.0,0.00,0,0,0.0,0.0,1,1,0,1,0,0,0,4.0,21,20,1,2,0,4,8,5,1,0,4,0,0,0,0,0,0,0,0,0,0,0.59,68,4,4,0,0,-0.3,-0.3,-0.4,3.73,1,1,1,1,0,0,0,0,2.25,0.1,1.096,0,0,4.0,0,0,0,0,1,1,0,0,0,0,0,0,0.0,0.0
SP,Jim Weaver,Jim,Weaver,Town of Lake Loons,6' 6',230 lbs,R,R,69,Chicago Cubs,CHC,1934,1921-1945,,83193,Bronze,Snapshot  SP Jim Weaver  CHC  1934,0,N,0,2,6,1,8,2,4,11,1,8,2,2,5,1,9,2,82,47,Normal,Spray,Spray,98,60,80,72,92,57,111,63,105,62,55,81,88,-,139,-,-,-,-,79,-,-,-,-,3,NEU,90-92,3/4,Normal,66,33,-,-,-,29,13,21,23,2,6,3,49,-,-,-,-,-,-,-,-,49,-,-,-,-,-,-,-,-,8,4,6,12,,,0,0,0,0,0,0,0,0,0,0,0,0,0,0,0,0,0,0.0,0.00,0,-0.0,0.0,0.00,0,0,0.0,0.0,2,2,0,2,0,0,0,11.0,59,48,15,1,0,2,12,12,9,0,11,0,0,2,0,0,0,1,0,0,0,0.68,238,7,14,2,0,-0.6,-0.1,-0.4,4.98,2,2,1,0,1,0,0,0,0.82,-0.5,.000,2,0,11.0,0,0,0,0,0,0,0,0,0,0,0,0,0.0,0.0
SP,Jim Weaver,Jim,Weaver,San Francisco Seals,6' 6',230 lbs,R,R,69,Chicago Cubs,CHC,1934,1921-1945,,83193,Bronze,Snapshot  SP Jim Weaver  CHC  1934,0,N,0,2,6,1,8,2,4,11,1,8,2,2,5,1,9,2,82,47,Normal,Spray,Spray,98,60,80,72,92,57,111,63,105,62,55,81,88,-,139,-,-,-,-,79,-,-,-,-,3,NEU,90-92,3/4,Normal,66,33,-,-,-,29,13,21,23,2,6,3,49,-,-,-,-,-,-,-,-,49,-,-,-,-,-,-,-,-,8,4,6,12,,,0,0,0,0,0,0,0,0,0,0,0,0,0,0,0,0,0,0.0,0.00,0,-0.0,0.0,0.00,0,0,0.0,0.0,3,3,0,1,0,0,0,20.1,93,81,16,3,0,3,14,11,8,0,18,0,3,1,0,0,0,2,0,0,0,0.84,352,20,22,0,0,-0.9,0.2,-0.1,4.13,3,3,8,5,2,1,0,0,3.10,0.6,1.370,0,0,20.1,0,0,4,4,1,1,0,0,0,0,0,0,-0.1,0.0
SP,Jim Weaver,Jim,Weaver,Ungentlemanly Fightin' Fellows TTC,6' 6',230 lbs,R,R,69,Chicago Cubs,CHC,1934,1921-1945,,83193,Bronze,Snapshot  SP Jim Weaver  CHC  1934,0,N,0,2,6,1,8,2,4,11,1,8,2,2,5,1,9,2,82,47,Normal,Spray,Spray,98,60,80,72,92,57,111,63,105,62,55,81,88,-,139,-,-,-,-,79,-,-,-,-,3,NEU,90-92,3/4,Normal,66,33,-,-,-,29,13,21,23,2,6,3,49,-,-,-,-,-,-,-,-,49,-,-,-,-,-,-,-,-,8,4,6,12,,,0,0,0,0,0,0,0,0,0,0,0,0,0,0,0,0,0,0.0,0.00,0,-0.0,0.0,0.00,0,0,0.0,0.0,1,1,0,1,0,0,0,7.2,35,30,6,1,0,1,4,3,4,0,8,0,0,1,0,0,0,2,0,0,0,0.60,140,7,6,0,0,-0.1,0.1,0.1,3.97,1,1,3,1,2,0,0,0,3.52,0.1,1.096,0,0,7.2,0,0,1,1,0,0,0,0,0,0,0,0,0.0,0.0
SP,Jim Weaver,Jim,Weaver,Huatulco Tacos,6' 6',230 lbs,R,R,69,Chicago Cubs,CHC,1934,1921-1945,,83193,Bronze,Snapshot  SP Jim Weaver  CHC  1934,0,N,0,2,6,1,8,2,4,11,1,8,2,2,5,1,9,2,82,47,Normal,Spray,Spray,98,60,80,72,92,57,111,63,105,62,55,81,88,-,139,-,-,-,-,79,-,-,-,-,3,NEU,90-92,3/4,Normal,66,33,-,-,-,29,13,21,23,2,6,3,49,-,-,-,-,-,-,-,-,49,-,-,-,-,-,-,-,-,8,4,6,12,,,0,0,0,0,0,0,0,0,0,0,0,0,0,0,0,0,0,0.0,0.00,0,-0.0,0.0,0.00,0,0,0.0,0.0,1,1,0,0,0,0,0,6.1,30,27,9,0,0,0,4,4,3,0,3,0,0,0,1,0,0,1,0,0,0,1.43,119,5,10,0,0,0.0,0.1,0.0,5.71,1,1,2,1,1,0,0,0,2.84,-0.1,1.096,0,0,6.1,0,0,1,1,1,0,0,0,0,0,0,0,0.0,0.0
SP,Jim Weaver,Jim,Weaver,Port Townsend Wild Daphnes,6' 6',230 lbs,R,R,69,Chicago Cubs,CHC,1934,1921-1945,,83193,Bronze,Snapshot  SP Jim Weaver  CHC  1934,0,Y,5,4,8,1,11,4,6,14,1,11,4,4,7,1,12,4,82,47,Normal,Spray,Spray,106,66,87,79,100,63,120,69,114,68,60,88,88,-,139,-,-,-,-,79,-,-,-,-,3,NEU,90-92,3/4,Normal,66,33,-,-,-,29,13,21,23,2,6,3,53,-,-,-,-,-,-,-,-,53,-,-,-,-,-,-,-,-,8,4,6,12,,,0,0,0,0,0,0,0,0,0,0,0,0,0,0,0,0,0,0.0,0.00,0,-0.0,0.0,0.00,0,0,0.0,0.0,9,9,4,2,0,0,0,62.0,267,243,42,7,1,7,25,16,23,0,48,0,0,1,3,0,0,3,0,0,0,1.06,1060,61,75,1,0,0.0,1.0,1.6,4.33,9,9,15,10,5,0,0,0,2.18,0.6,1.206,1,0,62.0,0,0,9,8,2,2,1,1,0,0,0,0,-0.1,0.0
SP,Jim Weaver,Jim,Weaver,Aberfeldie Falcons,6' 6',230 lbs,R,R,69,Chicago Cubs,CHC,1934,1921-1945,,83193,Bronze,Snapshot  SP Jim Weaver  CHC  1934,0,N,0,2,6,1,8,2,4,11,1,8,2,2,5,1,9,2,82,47,Normal,Spray,Spray,98,60,80,72,92,57,111,63,105,62,55,81,88,-,139,-,-,-,-,79,-,-,-,-,3,NEU,90-92,3/4,Normal,66,33,-,-,-,29,13,21,23,2,6,3,49,-,-,-,-,-,-,-,-,49,-,-,-,-,-,-,-,-,8,4,6,12,,,0,0,0,0,0,0,0,0,0,0,0,0,0,0,0,0,0,0.0,0.00,0,-0.0,0.0,0.00,0,0,0.0,0.0,2,2,0,2,0,0,0,13.1,66,58,13,3,0,4,10,10,7,1,10,0,1,0,0,0,0,1,0,0,0,0.88,259,17,12,0,0,-0.5,-0.2,-0.1,4.93,2,2,2,0,2,0,0,0,1.35,-0.2,.000,0,0,13.1,0,0,1,0,0,0,0,0,0,0,0,0,0.0,0.0
SP,Jim Weaver,Jim,Weaver,Brentwood Senators,6' 6',230 lbs,R,R,69,Chicago Cubs,CHC,1934,1921-1945,,83193,Bronze,Snapshot  SP Jim Weaver  CHC  1934,0,N,0,2,6,1,8,2,4,11,1,8,2,2,5,1,9,2,82,47,Normal,Spray,Spray,98,60,80,72,92,57,111,63,105,62,55,81,88,-,139,-,-,-,-,79,-,-,-,-,3,NEU,90-92,3/4,Normal,66,33,-,-,-,29,13,21,23,2,6,3,49,-,-,-,-,-,-,-,-,49,-,-,-,-,-,-,-,-,8,4,6,12,,,0,0,0,0,0,0,0,0,0,0,0,0,0,0,0,0,0,0.0,0.00,0,-0.0,0.0,0.00,0,0,0.0,0.0,1,1,1,0,0,0,0,8.1,32,31,1,0,2,0,2,0,1,0,3,0,0,0,0,0,0,0,0,0,0,0.90,116,13,9,0,0,0.3,0.3,0.4,4.95,1,1,1,1,0,0,0,0,1.08,0.1,1.096,0,0,8.1,0,0,1,1,0,0,0,0,0,0,0,0,0.0,0.0
SP,Jim Weaver,Jim,Weaver,Louisville Haymakers,6' 6',230 lbs,R,R,69,Chicago Cubs,CHC,1934,1921-1945,,83193,Bronze,Snapshot  SP Jim Weaver  CHC  1934,0,N,0,2,6,1,8,2,4,11,1,8,2,2,5,1,9,2,82,47,Normal,Spray,Spray,98,60,80,72,92,57,111,63,105,62,55,81,88,-,139,-,-,-,-,79,-,-,-,-,3,NEU,90-92,3/4,Normal,66,33,-,-,-,29,13,21,23,2,6,3,49,-,-,-,-,-,-,-,-,49,-,-,-,-,-,-,-,-,8,4,6,12,,,0,0,0,0,0,0,0,0,0,0,0,0,0,0,0,0,0,0.0,0.00,0,-0.0,0.0,0.00,0,0,0.0,0.0,2,0,0,1,0,0,1,0.1,6,3,1,1,0,0,1,1,3,1,1,0,0,0,0,0,0,0,2,1,0,2.33,20,0,0,0,0,-0.4,-0.1,-0.1,9.24,1,0,0,0,0,0,0,0,0.00,0.0,.000,0,0,0.1,0,0,0,0,0,0,0,0,0,0,0,0,0.0,0.0
SP,Jim Weaver,Jim,Weaver,The Colony Lynx,6' 6',230 lbs,R,R,69,Chicago Cubs,CHC,1934,1921-1945,,83193,Bronze,Snapshot  SP Jim Weaver  CHC  1934,0,N,0,2,6,1,8,2,4,11,1,8,2,2,5,1,9,2,82,47,Normal,Spray,Spray,98,60,80,72,92,57,111,63,105,62,55,81,88,-,139,-,-,-,-,79,-,-,-,-,3,NEU,90-92,3/4,Normal,66,33,-,-,-,29,13,21,23,2,6,3,49,-,-,-,-,-,-,-,-,49,-,-,-,-,-,-,-,-,8,4,6,12,,,0,0,0,0,0,0,0,0,0,0,0,0,0,0,0,0,0,0.0,0.00,0,-0.0,0.0,0.00,0,0,0.0,0.0,2,2,1,0,0,0,0,14.0,63,58,12,2,0,1,3,2,5,0,12,0,0,0,0,0,0,1,0,0,0,1.26,240,11,18,0,0,0.5,0.4,0.7,4.05,2,2,1,0,0,1,0,0,0.00,-0.5,.000,0,0,14.0,0,0,1,0,0,0,0,0,0,0,0,0,0.0,0.0
SP,Jim Weaver,Jim,Weaver,Aurora Highlanders,6' 6',230 lbs,R,R,69,Chicago Cubs,CHC,1934,1921-1945,,83193,Bronze,Snapshot  SP Jim Weaver  CHC  1934,0,N,0,2,6,1,8,2,4,11,1,8,2,2,5,1,9,2,82,47,Normal,Spray,Spray,98,60,80,72,92,57,111,63,105,62,55,81,88,-,139,-,-,-,-,79,-,-,-,-,3,NEU,90-92,3/4,Normal,66,33,-,-,-,29,13,21,23,2,6,3,49,-,-,-,-,-,-,-,-,49,-,-,-,-,-,-,-,-,8,4,6,12,,,0,0,0,0,0,0,0,0,0,0,0,0,0,0,0,0,0,0.0,0.00,0,-0.0,0.0,0.00,0,0,0.0,0.0,1,1,0,1,0,0,0,9.1,39,35,6,2,1,0,4,3,2,1,4,1,1,0,0,0,0,1,0,0,0,0.83,116,11,11,0,0,0.0,0.3,0.2,5.07,1,1,3,2,1,0,0,0,2.89,0.1,1.096,0,0,9.1,0,0,1,1,0,0,0,0,0,0,0,0,0.0,0.0
SP,Jim Weaver,Jim,Weaver,Columbus Evil Squirrels,6' 6',230 lbs,R,R,69,Chicago Cubs,CHC,1934,1921-1945,,83193,Bronze,Snapshot  SP Jim Weaver  CHC  1934,0,N,0,2,6,1,8,2,4,11,1,8,2,2,5,1,9,2,82,47,Normal,Spray,Spray,98,60,80,72,92,57,111,63,105,62,55,81,88,-,139,-,-,-,-,79,-,-,-,-,3,NEU,90-92,3/4,Normal,66,33,-,-,-,29,13,21,23,2,6,3,49,-,-,-,-,-,-,-,-,49,-,-,-,-,-,-,-,-,8,4,6,12,,,0,0,0,0,0,0,0,0,0,0,0,0,0,0,0,0,0,0.0,0.00,0,-0.0,0.0,0.00,0,0,0.0,0.0,1,1,0,0,0,0,0,5.0,24,22,3,2,0,2,6,6,2,1,4,0,0,0,1,0,0,0,0,0,0,1.20,65,8,3,0,0,-0.3,-0.1,-0.2,4.64,1,1,4,0,4,0,0,0,7.20,0.0,.000,0,0,5.0,0,0,0,0,0,0,0,0,0,0,0,0,0.0,0.0
SP,Jim Weaver,Jim,Weaver,Bismarck Blizzard,6' 6',230 lbs,R,R,69,Chicago Cubs,CHC,1934,1921-1945,,83193,Bronze,Snapshot  SP Jim Weaver  CHC  1934,0,N,0,2,6,1,8,2,4,11,1,8,2,2,5,1,9,2,82,47,Normal,Spray,Spray,98,60,80,72,92,57,111,63,105,62,55,81,88,-,139,-,-,-,-,79,-,-,-,-,3,NEU,90-92,3/4,Normal,66,33,-,-,-,29,13,21,23,2,6,3,49,-,-,-,-,-,-,-,-,49,-,-,-,-,-,-,-,-,8,4,6,12,,,0,0,0,0,0,0,0,0,0,0,0,0,0,0,0,0,0,0.0,0.00,0,-0.0,0.0,0.00,0,0,0.0,0.0,2,2,1,1,0,0,0,15.1,64,57,8,2,0,2,7,7,7,0,13,0,0,0,0,0,0,1,0,0,0,1.16,230,14,18,0,0,-0.5,0.2,0.3,4.26,2,2,5,1,4,0,0,0,2.93,0.1,1.096,0,0,15.1,0,0,2,2,0,0,0,0,0,0,0,0,0.0,0.0
SP,Jim Weaver,Jim,Weaver,Columbus Fire Ants,6' 6',230 lbs,R,R,69,Chicago Cubs,CHC,1934,1921-1945,,83193,Bronze,Snapshot  SP Jim Weaver  CHC  1934,0,N,0,2,6,1,8,2,4,11,1,8,2,2,5,1,9,2,82,47,Normal,Spray,Spray,98,60,80,72,92,57,111,63,105,62,55,81,88,-,139,-,-,-,-,79,-,-,-,-,3,NEU,90-92,3/4,Normal,66,33,-,-,-,29,13,21,23,2,6,3,49,-,-,-,-,-,-,-,-,49,-,-,-,-,-,-,-,-,8,4,6,12,,,0,0,0,0,0,0,0,0,0,0,0,0,0,0,0,0,0,0.0,0.00,0,-0.0,0.0,0.00,0,0,0.0,0.0,3,3,0,3,0,0,0,17.2,84,67,9,3,1,4,20,17,12,0,16,1,3,1,1,0,0,0,0,0,0,0.96,339,16,22,0,0,-1.0,-0.2,-0.6,4.83,3,3,4,1,2,1,0,0,1.53,-0.1,.000,0,0,17.2,0,0,2,2,1,1,0,0,0,0,0,0,0.0,0.0
SP,Jim Weaver,Jim,Weaver,Moncton Mosquitos,6' 6',230 lbs,R,R,69,Chicago Cubs,CHC,1934,1921-1945,,83193,Bronze,Snapshot  SP Jim Weaver  CHC  1934,0,N,0,2,6,1,8,2,4,11,1,8,2,2,5,1,9,2,82,47,Normal,Spray,Spray,98,60,80,72,92,57,111,63,105,62,55,81,88,-,139,-,-,-,-,79,-,-,-,-,3,NEU,90-92,3/4,Normal,66,33,-,-,-,29,13,21,23,2,6,3,49,-,-,-,-,-,-,-,-,49,-,-,-,-,-,-,-,-,8,4,6,12,,,0,0,0,0,0,0,0,0,0,0,0,0,0,0,0,0,0,0.0,0.00,0,-0.0,0.0,0.00,0,0,0.0,0.0,1,1,0,1,0,0,0,5.0,31,19,7,1,0,0,9,9,10,1,0,0,1,1,1,1,0,2,0,0,0,1.04,112,6,6,0,0,-0.5,-0.2,-0.4,9.83,1,1,1,1,0,0,0,0,1.80,0.1,1.096,0,0,5.0,0,0,1,1,0,0,0,0,0,0,0,0,0.0,0.0
SP,Jim Weaver,Jim,Weaver,Honolulu Warriors - HotL,6' 6',230 lbs,R,R,69,Chicago Cubs,CHC,1934,1921-1945,,83193,Bronze,Snapshot  SP Jim Weaver  CHC  1934,0,N,0,2,6,1,8,2,4,11,1,8,2,2,5,1,9,2,82,47,Normal,Spray,Spray,98,60,80,72,92,57,111,63,105,62,55,81,88,-,139,-,-,-,-,79,-,-,-,-,3,NEU,90-92,3/4,Normal,66,33,-,-,-,29,13,21,23,2,6,3,49,-,-,-,-,-,-,-,-,49,-,-,-,-,-,-,-,-,8,4,6,12,,,0,0,0,0,0,0,0,0,0,0,0,0,0,0,0,0,0,0.0,0.00,0,-0.0,0.0,0.00,0,0,0.0,0.0,3,3,1,2,0,0,0,22.2,102,91,15,4,0,4,12,11,11,1,15,0,0,0,1,0,0,0,0,0,0,0.86,373,21,32,0,0,-0.1,0.0,0.3,5.07,3,3,4,1,3,0,0,0,1.59,0.1,1.096,0,0,22.2,0,0,1,1,0,0,0,0,0,0,0,0,0.0,0.0
SP,Jim Weaver,Jim,Weaver,Moonsault Collective MCs,6' 6',230 lbs,R,R,69,Chicago Cubs,CHC,1934,1921-1945,,83193,Bronze,Snapshot  SP Jim Weaver  CHC  1934,0,N,0,2,6,1,8,2,4,11,1,8,2,2,5,1,9,2,82,47,Normal,Spray,Spray,98,60,80,72,92,57,111,63,105,62,55,81,88,-,139,-,-,-,-,79,-,-,-,-,3,NEU,90-92,3/4,Normal,66,33,-,-,-,29,13,21,23,2,6,3,49,-,-,-,-,-,-,-,-,49,-,-,-,-,-,-,-,-,8,4,6,12,,,0,0,0,0,0,0,0,0,0,0,0,0,0,0,0,0,0,0.0,0.00,0,-0.0,0.0,0.00,0,0,0.0,0.0,3,3,1,1,0,0,0,20.0,89,76,15,1,2,1,14,6,10,0,16,0,2,1,1,0,0,1,0,0,0,0.81,330,27,14,0,1,-0.6,0.4,-0.1,4.67,3,3,6,2,3,1,0,0,2.25,-0.5,.548,1,1,20.0,0,0,4,2,1,0,0,0,0,0,0,0,0.0,0.0
SP,Jim Weaver,Jim,Weaver,Roseburg River Hawks,6' 6',230 lbs,R,R,69,Chicago Cubs,CHC,1934,1921-1945,,83193,Bronze,Snapshot  SP Jim Weaver  CHC  1934,0,N,0,2,6,1,8,2,4,11,1,8,2,2,5,1,9,2,82,47,Normal,Spray,Spray,98,60,80,72,92,57,111,63,105,62,55,81,88,-,139,-,-,-,-,79,-,-,-,-,3,NEU,90-92,3/4,Normal,66,33,-,-,-,29,13,21,23,2,6,3,49,-,-,-,-,-,-,-,-,49,-,-,-,-,-,-,-,-,8,4,6,12,,,0,0,0,0,0,0,0,0,0,0,0,0,0,0,0,0,0,0.0,0.00,0,-0.0,0.0,0.00,0,0,0.0,0.0,2,2,0,1,0,0,0,12.1,60,52,10,2,1,2,12,9,7,1,10,0,1,0,1,0,0,1,0,0,0,1.20,207,15,10,0,0,-0.9,0.1,-0.3,4.84,2,2,2,1,1,0,0,0,1.46,0.1,1.096,0,0,12.1,0,0,1,1,0,0,0,0,0,0,0,0,0.0,0.0
SP,Jim Weaver,Jim,Weaver,Carlos Chaos Cats,6' 6',230 lbs,R,R,69,Chicago Cubs,CHC,1934,1921-1945,,83193,Bronze,Snapshot  SP Jim Weaver  CHC  1934,0,N,0,2,6,1,8,2,4,11,1,8,2,2,5,1,9,2,82,47,Normal,Spray,Spray,98,60,80,72,92,57,111,63,105,62,55,81,88,-,139,-,-,-,-,79,-,-,-,-,3,NEU,90-92,3/4,Normal,66,33,-,-,-,29,13,21,23,2,6,3,49,-,-,-,-,-,-,-,-,49,-,-,-,-,-,-,-,-,8,4,6,12,,,0,0,0,0,0,0,0,0,0,0,0,0,0,0,0,0,0,0.0,0.00,0,-0.0,0.0,0.00,0,0,0.0,0.0,1,1,0,1,0,0,0,6.0,30,22,5,0,1,1,5,5,6,0,7,0,2,0,1,0,0,0,0,0,0,0.88,117,8,2,0,1,-0.4,-0.0,-0.1,5.04,1,1,2,2,0,0,0,0,3.00,0.8,2.193,1,1,6.0,0,0,1,1,0,0,0,0,1,1,0,0,0.0,0.0
SP,Jim Weaver,Jim,Weaver,Indiana Rhubarbs,6' 6',230 lbs,R,R,69,Chicago Cubs,CHC,1934,1921-1945,,83193,Bronze,Snapshot  SP Jim Weaver  CHC  1934,0,N,0,2,6,1,8,2,4,11,1,8,2,2,5,1,9,2,82,47,Normal,Spray,Spray,98,60,80,72,92,57,111,63,105,62,55,81,88,-,139,-,-,-,-,79,-,-,-,-,3,NEU,90-92,3/4,Normal,66,33,-,-,-,29,13,21,23,2,6,3,49,-,-,-,-,-,-,-,-,49,-,-,-,-,-,-,-,-,8,4,6,12,,,0,0,0,0,0,0,0,0,0,0,0,0,0,0,0,0,0,0.0,0.00,0,-0.0,0.0,0.00,0,0,0.0,0.0,2,2,1,1,0,0,0,13.1,52,49,4,3,0,1,6,6,3,0,22,0,0,0,0,0,0,0,0,0,0,0.59,204,9,9,0,0,-0.2,0.8,0.3,0.99,2,2,2,1,0,1,0,0,0.67,-0.4,.000,0,0,13.1,0,0,1,0,1,1,0,0,0,0,0,0,0.0,0.0
SP,Jim Weaver,Jim,Weaver,Patchogue Pirates,6' 6',230 lbs,R,R,69,Chicago Cubs,CHC,1934,1921-1945,,83193,Bronze,Snapshot  SP Jim Weaver  CHC  1934,0,N,0,2,6,1,8,2,4,11,1,8,2,2,5,1,9,2,82,47,Normal,Spray,Spray,98,60,80,72,92,57,111,63,105,62,55,81,88,-,139,-,-,-,-,79,-,-,-,-,3,NEU,90-92,3/4,Normal,66,33,-,-,-,29,13,21,23,2,6,3,49,-,-,-,-,-,-,-,-,49,-,-,-,-,-,-,-,-,8,4,6,12,,,0,0,0,0,0,0,0,0,0,0,0,0,0,0,0,0,0,0.0,0.00,0,-0.0,0.0,0.00,0,0,0.0,0.0,3,3,1,1,0,0,0,20.0,90,78,15,1,0,2,8,5,8,0,21,2,1,1,1,0,0,0,0,0,0,1.04,347,18,20,0,1,0.0,0.4,0.5,3.61,3,3,6,2,3,1,0,0,2.25,-0.5,.365,1,1,20.0,0,0,3,2,0,0,1,0,0,0,0,0,-0.1,0.0
SP,Jim Weaver,Jim,Weaver,Transylvania Counts,6' 6',230 lbs,R,R,69,Chicago Cubs,CHC,1934,1921-1945,,83193,Bronze,Snapshot  SP Jim Weaver  CHC  1934,0,N,0,2,6,1,8,2,4,11,1,8,2,2,5,1,9,2,82,47,Normal,Spray,Spray,98,60,80,72,92,57,111,63,105,62,55,81,88,-,139,-,-,-,-,79,-,-,-,-,3,NEU,90-92,3/4,Normal,66,33,-,-,-,29,13,21,23,2,6,3,49,-,-,-,-,-,-,-,-,49,-,-,-,-,-,-,-,-,8,4,6,12,,,0,0,0,0,0,0,0,0,0,0,0,0,0,0,0,0,0,0.0,0.00,0,-0.0,0.0,0.00,0,0,0.0,0.0,2,2,0,2,0,0,0,9.0,55,44,11,3,0,4,15,12,8,1,7,3,0,0,1,0,0,0,0,0,0,0.79,201,9,9,1,0,-0.7,-0.5,-0.6,5.77,2,2,2,1,1,0,0,0,2.00,-0.2,1.096,1,0,9.0,0,0,1,1,0,0,0,0,0,0,0,0,0.0,0.0
SP,Roy Welmaker,Roy,Welmaker,Town of Lake Loons,6' 0',200 lbs,S,L,68,Hollywood Stars,HoSt,1953,1946-1960,,84425,Bronze,Negro League Star  SP Roy Welmaker  HoSt  1953,0,N,0,31,29,1,26,17,31,30,1,26,17,31,29,1,26,17,51,20,Normal,Normal,Normal,70,71,80,79,72,73,83,82,70,71,79,79,75,80,69,78,-,-,84,-,-,-,-,-,5,NEU,89-91,3/4,Normal,73,60,1,1,1,29,34,29,25,53,59,65,73,-,48,-,-,-,-,-,56,73,-,48,-,-,-,-,-,56,16,3,6,28,,,0,0,0,0,0,0,0,0,0,0,0,0,0,0,0,0,0,0.0,0.00,0,-0.0,0.0,0.00,0,0,0.0,0.0,1,1,1,0,0,0,0,9.0,39,36,4,3,0,2,4,4,3,0,3,0,0,0,0,0,0,0,0,0,0,0.93,133,11,13,0,0,0.2,-0.1,0.2,5.82,1,1,1,1,0,0,0,0,1.00,0.1,1.096,0,0,9.0,0,0,1,1,0,0,0,0,0,0,0,0,0.0,0.0
SP,Roy Welmaker,Roy,Welmaker,Deadwood Punch and Judys TTC,6' 0',200 lbs,S,L,68,Hollywood Stars,HoSt,1953,1946-1960,,84425,Bronze,Negro League Star  SP Roy Welmaker  HoSt  1953,0,N,0,31,29,1,26,17,31,30,1,26,17,31,29,1,26,17,51,20,Normal,Normal,Normal,70,71,80,79,72,73,83,82,70,71,79,79,75,80,69,78,-,-,84,-,-,-,-,-,5,NEU,89-91,3/4,Normal,73,60,1,1,1,29,34,29,25,53,59,65,73,-,48,-,-,-,-,-,56,73,-,48,-,-,-,-,-,56,16,3,6,28,,,0,0,0,0,0,0,0,0,0,0,0,0,0,0,0,0,0,0.0,0.00,0,-0.0,0.0,0.00,0,0,0.0,0.0,1,0,0,0,0,0,0,3.2,16,14,2,0,1,0,2,2,2,0,3,0,0,0,0,0,0,0,1,3,0,0.29,50,2,6,0,0,0.0,0.1,0.0,4.39,1,0,1,1,0,0,0,0,2.45,0.1,1.096,0,0,3.2,0,0,1,1,0,0,0,0,0,0,0,0,0.0,0.0
SP,Tom Williams,Tom,Williams,HickoryHoller JayBirds,5' 10',175 lbs,R,R,68,Chicago American Giants,CAG,1920,2026,,84436,Bronze,Negro League Star  SP Tom Williams  CAG  1920,0,Y,5,15,67,5,67,38,16,68,6,69,40,15,67,5,67,38,34,15,Normal,Normal,Pull,54,105,96,83,54,105,101,83,54,106,91,83,61,70,57,-,-,63,-,61,-,-,-,-,5,NEU,89-91,3/4,Normal,72,60,1,1,1,48,29,28,41,9,4,2,90,-,-,34,-,-,-,-,-,90,-,-,34,-,-,-,-,-,31,3,6,28,,,0,0,0,0,0,0,0,0,0,0,0,0,0,0,0,0,0,0.0,0.00,0,-0.0,0.0,0.00,0,0,0.0,0.0,1,1,1,0,0,0,0,8.2,37,32,5,3,0,0,2,2,4,0,5,0,0,1,0,0,0,1,0,0,0,1.03,141,11,9,0,0,0.2,0.2,0.4,5.19,1,1,1,0,1,0,0,0,1.04,0.0,.000,0,0,8.2,0,0,0,0,0,0,0,0,0,0,0,0,0.0,0.0
SP,Tom Williams,Tom,Williams,Sabo's Saturn League Legends TTC,5' 10',175 lbs,R,R,68,Chicago American Giants,CAG,1920,2026,,84436,Bronze,Negro League Star  SP Tom Williams  CAG  1920,0,N,0,12,61,3,61,34,13,62,4,63,36,12,61,3,61,34,34,15,Normal,Normal,Pull,49,97,88,76,49,97,93,76,49,98,84,76,61,70,57,-,-,63,-,61,-,-,-,-,5,NEU,89-91,3/4,Normal,72,60,1,1,1,48,29,28,41,9,4,2,84,-,-,31,-,-,-,-,-,84,-,-,31,-,-,-,-,-,31,3,6,28,,,0,0,0,0,0,0,0,0,0,0,0,0,0,0,0,0,0,0.0,0.00,0,-0.0,0.0,0.00,0,0,0.0,0.0,3,3,0,2,0,0,0,18.1,84,70,11,2,1,4,12,9,10,0,9,2,1,1,0,0,0,4,0,0,0,1.12,331,17,24,0,0,-0.6,-0.3,0.0,5.84,3,3,1,1,0,0,0,0,0.49,0.1,1.096,0,0,18.1,0,0,1,1,0,0,0,0,0,0,0,0,-0.1,0.0
SP,Johnny Wright,Johnny,Wright,HILITE RECORDS,5' 11',175 lbs,R,R,68,Homestead Grays,HoGr,1941,1921-1945,,84883,Bronze,Celebrating 42 - Negro League Star  SP Johnny Wright  HoGr  1941,0,Y,5,42,54,4,53,42,42,54,4,54,43,42,54,4,53,42,41,13,Normal,Normal,Pull,68,90,134,73,63,89,133,72,70,91,135,76,71,74,72,71,-,-,-,-,-,-,-,-,4,NEU,89-91,3/4,Normal,69,60,1,1,1,29,38,30,25,1,3,7,82,-,-,-,-,-,-,-,-,82,-,-,-,-,-,-,-,-,9,5,11,29,,,0,0,0,0,0,0,0,0,0,0,0,0,0,0,0,0,0,0.0,0.00,0,-0.0,0.0,0.00,0,0,0.0,0.0,3,3,1,2,0,0,0,23.2,107,95,17,2,0,2,13,13,10,0,15,1,1,0,1,0,0,0,0,0,0,1.01,371,23,33,0,0,-0.4,0.3,0.2,5.01,3,3,4,3,1,0,0,0,1.52,0.1,1.096,0,0,23.2,0,0,3,3,1,1,1,0,0,0,0,0,0.0,0.0
SP,Johnny Wright,Johnny,Wright,Jinzhou Speedster,5' 11',175 lbs,R,R,68,Homestead Grays,HoGr,1941,1921-1945,,84883,Bronze,Celebrating 42 - Negro League Star  SP Johnny Wright  HoGr  1941,0,N,0,38,49,2,48,38,38,49,2,49,39,38,49,2,48,38,41,13,Normal,Normal,Pull,62,83,124,67,57,82,123,66,64,84,125,70,71,74,72,71,-,-,-,-,-,-,-,-,4,NEU,89-91,3/4,Normal,69,60,1,1,1,29,38,30,25,1,3,7,76,-,-,-,-,-,-,-,-,76,-,-,-,-,-,-,-,-,9,5,11,29,,,0,0,0,0,0,0,0,0,0,0,0,0,0,0,0,0,0,0.0,0.00,0,-0.0,0.0,0.00,0,0,0.0,0.0,1,0,0,1,0,0,1,2.0,12,11,4,0,1,0,4,4,1,0,1,0,0,0,0,0,0,0,0,1,1,2.82,42,1,4,0,0,-0.8,0.0,-0.5,5.68,1,0,0,0,0,0,0,0,0.00,0.0,.000,0,0,2.0,0,0,0,0,0,0,0,0,0,0,0,0,0.0,0.0
SP,Johnny Wright,Johnny,Wright,Cape Cod Sharks - HotL,5' 11',175 lbs,R,R,68,Homestead Grays,HoGr,1941,1921-1945,,84883,Bronze,Celebrating 42 - Negro League Star  SP Johnny Wright  HoGr  1941,0,Y,5,42,54,4,53,42,42,54,4,54,43,42,54,4,53,42,41,13,Normal,Normal,Pull,68,90,134,73,63,89,133,72,70,91,135,76,71,74,72,71,-,-,-,-,-,-,-,-,4,NEU,89-91,3/4,Normal,69,60,1,1,1,29,38,30,25,1,3,7,82,-,-,-,-,-,-,-,-,82,-,-,-,-,-,-,-,-,9,5,11,29,,,0,0,0,0,0,0,0,0,0,0,0,0,0,0,0,0,0,0.0,0.00,0,-0.0,0.0,0.00,0,0,0.0,0.0,3,3,2,0,0,0,0,19.1,84,74,12,5,0,2,11,9,9,0,8,0,0,1,2,0,0,2,0,0,0,1.03,348,20,28,1,0,-0.1,0.1,0.2,5.90,3,3,6,2,4,0,1,0,2.79,0.1,1.096,1,0,19.1,0,0,3,3,1,1,1,1,0,0,0,0,0.0,0.0
SP,Johnny Wright,Johnny,Wright,DongTan Milky,5' 11',175 lbs,R,R,68,Homestead Grays,HoGr,1941,1921-1945,,84883,Bronze,Celebrating 42 - Negro League Star  SP Johnny Wright  HoGr  1941,0,N,0,38,49,2,48,38,38,49,2,49,39,38,49,2,48,38,41,13,Normal,Normal,Pull,62,83,124,67,57,82,123,66,64,84,125,70,71,74,72,71,-,-,-,-,-,-,-,-,4,NEU,89-91,3/4,Normal,69,60,1,1,1,29,38,30,25,1,3,7,76,-,-,-,-,-,-,-,-,76,-,-,-,-,-,-,-,-,9,5,11,29,,,0,0,0,0,0,0,0,0,0,0,0,0,0,0,0,0,0,0.0,0.00,0,-0.0,0.0,0.00,0,0,0.0,0.0,1,1,0,1,0,0,0,6.2,33,31,7,1,0,3,6,6,0,0,3,1,0,1,0,0,0,0,0,0,0,0.68,103,5,12,0,0,-0.2,-0.2,-0.1,4.56,1,1,1,1,0,0,0,0,1.35,0.1,1.096,0,0,6.2,0,0,0,0,1,1,0,0,0,0,0,0,-0.1,0.0
SP,Johnny Wright,Johnny,Wright,Gettysburg Iron Brigade,5' 11',175 lbs,R,R,68,Homestead Grays,HoGr,1941,1921-1945,,84883,Bronze,Celebrating 42 - Negro League Star  SP Johnny Wright  HoGr  1941,0,N,0,38,49,2,48,38,38,49,2,49,39,38,49,2,48,38,41,13,Normal,Normal,Pull,62,83,124,67,57,82,123,66,64,84,125,70,71,74,72,71,-,-,-,-,-,-,-,-,4,NEU,89-91,3/4,Normal,69,60,1,1,1,29,38,30,25,1,3,7,76,-,-,-,-,-,-,-,-,76,-,-,-,-,-,-,-,-,9,5,11,29,,,0,0,0,0,0,0,0,0,0,0,0,0,0,0,0,0,0,0.0,0.00,0,-0.0,0.0,0.00,0,0,0.0,0.0,1,1,0,1,0,0,0,9.0,35,32,2,1,0,2,3,3,3,1,6,0,0,0,0,1,0,0,0,0,0,0.84,117,9,12,0,0,-0.0,0.0,0.3,4.44,1,1,1,0,1,0,0,0,1.00,0.0,.000,0,0,9.0,0,0,0,0,0,0,0,0,0,0,0,0,0.0,0.0
SP,Johnny Wright,Johnny,Wright,Ethiopia Pink Elephants,5' 11',175 lbs,R,R,68,Homestead Grays,HoGr,1941,1921-1945,,84883,Bronze,Celebrating 42 - Negro League Star  SP Johnny Wright  HoGr  1941,0,N,0,38,49,2,48,38,38,49,2,49,39,38,49,2,48,38,41,13,Normal,Normal,Pull,62,83,124,67,57,82,123,66,64,84,125,70,71,74,72,71,-,-,-,-,-,-,-,-,4,NEU,89-91,3/4,Normal,69,60,1,1,1,29,38,30,25,1,3,7,76,-,-,-,-,-,-,-,-,76,-,-,-,-,-,-,-,-,9,5,11,29,,,0,0,0,0,0,0,0,0,0,0,0,0,0,0,0,0,0,0.0,0.00,0,-0.0,0.0,0.00,0,0,0.0,0.0,2,0,1,0,0,1,0,1.1,4,4,0,0,0,0,0,0,0,0,2,0,0,0,0,0,0,0,2,1,0,1.27,18,1,1,0,0,0.1,0.1,0.1,-0.43,2,0,0,0,0,0,0,0,0.00,0.0,.000,0,0,1.1,0,0,0,0,0,0,0,0,0,0,0,0,0.0,0.0
SP,Johnny Wright,Johnny,Wright,Hancocks and Sidekicks TTC,5' 11',175 lbs,R,R,68,Homestead Grays,HoGr,1941,1921-1945,,84883,Bronze,Celebrating 42 - Negro League Star  SP Johnny Wright  HoGr  1941,0,Y,5,42,54,4,53,42,42,54,4,54,43,42,54,4,53,42,41,13,Normal,Normal,Pull,68,90,134,73,63,89,133,72,70,91,135,76,71,74,72,71,-,-,-,-,-,-,-,-,4,NEU,89-91,3/4,Normal,69,60,1,1,1,29,38,30,25,1,3,7,82,-,-,-,-,-,-,-,-,82,-,-,-,-,-,-,-,-,9,5,11,29,,,0,0,0,0,0,0,0,0,0,0,0,0,0,0,0,0,0,0.0,0.00,0,-0.0,0.0,0.00,0,0,0.0,0.0,9,9,5,3,0,0,0,73.1,295,267,24,10,4,7,23,20,21,0,37,3,2,2,2,0,0,3,0,0,0,1.06,1086,66,111,0,2,0.9,1.0,2.7,4.94,9,9,15,7,7,1,0,0,1.72,0.3,.940,2,2,73.1,0,0,7,5,2,2,0,0,0,0,0,0,-0.3,0.0
SP,Johnny Wright,Johnny,Wright,Energy Efficiency,5' 11',175 lbs,R,R,68,Homestead Grays,HoGr,1941,1921-1945,,84883,Bronze,Celebrating 42 - Negro League Star  SP Johnny Wright  HoGr  1941,0,N,0,38,49,2,48,38,38,49,2,49,39,38,49,2,48,38,41,13,Normal,Normal,Pull,62,83,124,67,57,82,123,66,64,84,125,70,71,74,72,71,-,-,-,-,-,-,-,-,4,NEU,89-91,3/4,Normal,69,60,1,1,1,29,38,30,25,1,3,7,76,-,-,-,-,-,-,-,-,76,-,-,-,-,-,-,-,-,9,5,11,29,,,0,0,0,0,0,0,0,0,0,0,0,0,0,0,0,0,0,0.0,0.00,0,-0.0,0.0,0.00,0,0,0.0,0.0,3,3,3,0,0,0,0,26.1,101,86,10,1,0,1,7,5,12,0,4,0,1,2,0,0,0,6,0,0,0,1.26,359,37,33,0,0,1.0,0.2,1.1,6.77,3,3,7,4,2,1,1,0,2.05,-0.2,.822,0,0,26.1,0,0,3,2,1,1,1,0,1,1,0,0,-0.1,0.0
SP,Johnny Wright,Johnny,Wright,BAGgin' Dingers TTC,5' 11',175 lbs,R,R,68,Homestead Grays,HoGr,1941,1921-1945,,84883,Bronze,Celebrating 42 - Negro League Star  SP Johnny Wright  HoGr  1941,0,Y,5,42,54,4,53,42,42,54,4,54,43,42,54,4,53,42,41,13,Normal,Normal,Pull,68,90,134,73,63,89,133,72,70,91,135,76,71,74,72,71,-,-,-,-,-,-,-,-,4,NEU,89-91,3/4,Normal,69,60,1,1,1,29,38,30,25,1,3,7,82,-,-,-,-,-,-,-,-,82,-,-,-,-,-,-,-,-,9,5,11,29,,,0,0,0,0,0,0,0,0,0,0,0,0,0,0,0,0,0,0.0,0.00,0,-0.0,0.0,0.00,0,0,0.0,0.0,3,3,1,2,0,0,0,24.2,106,93,15,3,0,3,10,9,10,1,14,0,2,1,2,0,0,0,0,0,0,1.22,386,20,40,0,0,0.1,0.2,0.6,5.07,3,3,2,1,1,0,0,0,0.73,0.1,1.096,0,0,24.2,0,0,1,1,0,0,0,0,0,0,0,0,0.0,0.0
SP,Johnny Wright,Johnny,Wright,Sabo's Saturn League Legends TTC,5' 11',175 lbs,R,R,68,Homestead Grays,HoGr,1941,1921-1945,,84883,Bronze,Celebrating 42 - Negro League Star  SP Johnny Wright  HoGr  1941,0,N,0,38,49,2,48,38,38,49,2,49,39,38,49,2,48,38,41,13,Normal,Normal,Pull,62,83,124,67,57,82,123,66,64,84,125,70,71,74,72,71,-,-,-,-,-,-,-,-,4,NEU,89-91,3/4,Normal,69,60,1,1,1,29,38,30,25,1,3,7,76,-,-,-,-,-,-,-,-,76,-,-,-,-,-,-,-,-,9,5,11,29,,,0,0,0,0,0,0,0,0,0,0,0,0,0,0,0,0,0,0.0,0.00,0,-0.0,0.0,0.00,0,0,0.0,0.0,3,3,2,1,0,0,0,23.0,89,80,6,1,0,6,11,11,8,0,10,1,0,0,0,0,0,1,0,0,0,0.96,316,21,35,0,1,0.2,-0.3,0.4,5.38,3,3,1,1,0,0,0,0,0.39,0.3,.000,1,1,23.0,0,0,0,0,0,0,0,0,0,0,0,0,0.0,0.0
SP,Johnny Wright,Johnny,Wright,King Street 504s,5' 11',175 lbs,R,R,68,Homestead Grays,HoGr,1941,1921-1945,,84883,Bronze,Celebrating 42 - Negro League Star  SP Johnny Wright  HoGr  1941,0,Y,5,42,54,4,53,42,42,54,4,54,43,42,54,4,53,42,41,13,Normal,Normal,Pull,68,90,134,73,63,89,133,72,70,91,135,76,71,74,72,71,-,-,-,-,-,-,-,-,4,NEU,89-91,3/4,Normal,69,60,1,1,1,29,38,30,25,1,3,7,82,-,-,-,-,-,-,-,-,82,-,-,-,-,-,-,-,-,9,5,11,29,,,0,0,0,0,0,0,0,0,0,0,0,0,0,0,0,0,0,0.0,0.00,0,-0.0,0.0,0.00,0,0,0.0,0.0,2,2,0,2,0,0,0,14.0,60,56,10,2,1,2,8,6,4,0,7,0,0,0,0,0,0,0,0,0,0,0.95,210,11,22,0,0,-0.4,0.1,0.1,4.99,2,2,1,1,0,0,0,0,0.64,0.1,1.096,0,0,14.0,0,0,0,0,1,1,0,0,0,0,0,0,0.0,0.0
SP,Johnny Wright,Johnny,Wright,Tegridy Farms Weed,5' 11',175 lbs,R,R,68,Homestead Grays,HoGr,1941,1921-1945,,84883,Bronze,Celebrating 42 - Negro League Star  SP Johnny Wright  HoGr  1941,0,N,0,38,49,2,48,38,38,49,2,49,39,38,49,2,48,38,41,13,Normal,Normal,Pull,62,83,124,67,57,82,123,66,64,84,125,70,71,74,72,71,-,-,-,-,-,-,-,-,4,NEU,89-91,3/4,Normal,69,60,1,1,1,29,38,30,25,1,3,7,76,-,-,-,-,-,-,-,-,76,-,-,-,-,-,-,-,-,9,5,11,29,,,0,0,0,0,0,0,0,0,0,0,0,0,0,0,0,0,0,0.0,0.00,0,-0.0,0.0,0.00,0,0,0.0,0.0,4,4,0,3,0,0,0,29.0,135,123,26,5,1,4,19,18,9,0,11,1,2,0,0,0,0,0,0,0,0,1.01,468,35,40,0,0,-1.0,0.1,0.0,5.62,4,4,7,6,1,0,0,0,2.17,0.4,1.096,0,0,29.0,0,0,3,3,2,2,0,0,0,0,0,0,0.0,0.0
SP,Laymon Yokely,Laymon,Yokely,Groundball Defenders,6' 2',210 lbs,R,R,67,Baltimore Black Sox,BBS,1928,1921-1945,,84445,Bronze,Negro League Star  SP Laymon Yokely  BBS  1928,0,N,0,15,51,2,44,37,16,53,2,46,39,15,51,2,44,37,32,10,Normal,Spray,Spray,71,72,75,80,70,72,75,79,72,73,75,82,73,97,81,81,-,-,-,-,-,-,-,-,4,NEU,88-90,3/4,Normal,73,60,1,1,1,59,24,37,53,53,59,65,89,-,-,-,-,19,-,-,56,89,-,-,-,-,19,-,-,56,16,5,6,28,,,0,0,0,0,0,0,0,0,0,0,0,0,0,0,0,0,0,0.0,0.00,0,-0.0,0.0,0.00,0,0,0.0,0.0,3,3,2,1,0,0,0,23.2,93,84,12,2,0,1,4,4,8,0,16,0,0,1,1,0,0,2,0,0,0,1.08,347,21,32,0,0,0.6,0.6,1.4,4.41,3,3,2,2,0,0,0,0,0.76,0.1,1.096,0,0,23.2,0,0,2,2,0,0,0,0,0,0,0,0,0.0,0.0
SP,Laymon Yokely,Laymon,Yokely,Energy Efficiency,6' 2',210 lbs,R,R,67,Baltimore Black Sox,BBS,1928,1921-1945,,84445,Bronze,Negro League Star  SP Laymon Yokely  BBS  1928,0,Y,5,18,56,4,49,41,19,58,4,51,43,18,56,4,49,41,32,10,Normal,Spray,Spray,77,79,82,87,76,79,82,86,79,80,82,89,73,97,81,81,-,-,-,-,-,-,-,-,4,NEU,88-90,3/4,Normal,73,60,1,1,1,59,24,37,53,53,59,65,96,-,-,-,-,21,-,-,60,96,-,-,-,-,21,-,-,60,16,5,6,28,,,0,0,0,0,0,0,0,0,0,0,0,0,0,0,0,0,0,0.0,0.00,0,-0.0,0.0,0.00,0,0,0.0,0.0,3,3,0,2,0,0,0,20.1,97,87,15,7,0,4,20,16,8,0,21,2,0,0,1,0,0,2,0,0,0,1.01,356,21,16,1,1,-1.1,0.1,-0.5,3.78,3,3,4,3,0,1,0,0,1.33,-0.3,.548,2,1,20.1,0,0,3,2,0,0,0,0,0,0,0,0,0.0,0.0
RP,Ace Adams,Ace,Adams,BAGgin' Dingers TTC,6' 0',180 lbs,R,R,46,New York Giants,SFG,1943,1921-1945,CS,86197,Iron,Clubhouse - Baseball Reference 5  RP Ace Adams  NY1  1943,0,N,0,1,3,1,3,2,1,3,1,4,2,1,3,1,3,2,35,1,Normal,Spray,Spray,58,71,126,86,55,47,118,56,60,85,132,117,71,65,66,66,-,-,-,-,-,-,-,-,4,NEU,89-91,OTT,Normal,39,55,-,-,-,28,20,24,23,10,10,3,56,-,-,-,-,-,-,-,-,56,-,-,-,-,-,-,-,-,6,5,6,7,,,0,0,0,0,0,0,0,0,0,0,0,0,0,0,0,0,0,0.0,0.00,0,-0.0,0.0,0.00,0,0,0.0,0.0,1,0,0,0,0,0,0,1.0,3,3,0,0,0,0,0,0,0,0,0,0,0,0,0,0,0,0,1,0,0,0.57,15,1,2,0,0,0.0,0.0,0.1,6.02,1,0,0,0,0,0,0,0,0.00,0.0,.000,0,0,1.0,0,0,0,0,0,0,0,0,0,0,0,0,0.0,0.0
RP,Grover Cleveland Alexander,Grover Cleveland,Alexander,Birmingham Black Barons,6' 1',185 lbs,R,R,66,St. Louis Cardinals,STL,1927,1921-1945,PTCS,86477,Bronze,PTCS 5 - Veteran Presence  SP Grover Cleveland Alexander  STL  1927,0,N,0,71,63,10,59,48,138,88,10,49,81,38,49,10,61,26,57,6,Normal,Normal,Normal,39,172,135,92,30,155,123,53,46,186,145,121,-,62,64,-,68,-,-,-,-,43,-,-,4,NEU,85-87,3/4,Finesse,89,64,-,-,-,26,74,41,23,2,9,8,93,-,-,-,-,-,-,-,-,93,-,-,-,-,-,-,-,-,6,7,6,5,,,0,0,0,0,0,0,0,0,0,0,0,0,0,0,0,0,0,0.0,0.00,0,-0.0,0.0,0.00,0,0,0.0,0.0,3,0,1,0,0,0,1,3.0,14,11,1,1,0,1,1,1,2,1,2,0,0,1,1,0,0,0,3,5,4,0.82,49,5,2,0,0,-0.3,-0.1,0.1,5.57,3,0,0,0,0,0,0,0,0.00,0.0,.000,0,0,3.0,0,0,0,0,0,0,0,0,0,0,0,0,0.0,0.0
RP,Grover Cleveland Alexander,Grover Cleveland,Alexander,Columbus Evil Squirrels,6' 1',185 lbs,R,R,66,St. Louis Cardinals,STL,1927,1921-1945,PTCS,86477,Bronze,PTCS 5 - Veteran Presence  SP Grover Cleveland Alexander  STL  1927,0,N,0,71,63,10,59,48,138,88,10,49,81,38,49,10,61,26,57,6,Normal,Normal,Normal,39,172,135,92,30,155,123,53,46,186,145,121,-,62,64,-,68,-,-,-,-,43,-,-,4,NEU,85-87,3/4,Finesse,89,64,-,-,-,26,74,41,23,2,9,8,93,-,-,-,-,-,-,-,-,93,-,-,-,-,-,-,-,-,6,7,6,5,,,0,0,0,0,0,0,0,0,0,0,0,0,0,0,0,0,0,0.0,0.00,0,-0.0,0.0,0.00,0,0,0.0,0.0,2,0,0,0,0,0,0,2.0,13,12,6,0,0,1,6,4,0,0,1,0,0,1,1,0,0,0,1,3,0,0.42,48,1,3,0,0,0.0,-0.1,-0.4,4.89,2,0,1,1,0,0,0,0,4.50,0.0,.000,0,0,2.0,0,0,0,0,0,0,0,0,0,0,0,0,0.0,0.0
RP,Grover Cleveland Alexander,Grover Cleveland,Alexander,Bismarck Blizzard,6' 1',185 lbs,R,R,66,St. Louis Cardinals,STL,1927,1921-1945,PTCS,86477,Bronze,PTCS 5 - Veteran Presence  SP Grover Cleveland Alexander  STL  1927,0,N,0,71,63,10,59,48,138,88,10,49,81,38,49,10,61,26,57,6,Normal,Normal,Normal,39,172,135,92,30,155,123,53,46,186,145,121,-,62,64,-,68,-,-,-,-,43,-,-,4,NEU,85-87,3/4,Finesse,89,64,-,-,-,26,74,41,23,2,9,8,93,-,-,-,-,-,-,-,-,93,-,-,-,-,-,-,-,-,6,7,6,5,,,0,0,0,0,0,0,0,0,0,0,0,0,0,0,0,0,0,0.0,0.00,0,-0.0,0.0,0.00,0,0,0.0,0.0,1,0,0,0,0,0,0,2.0,8,7,1,0,0,0,0,0,1,1,2,0,0,0,0,0,0,0,1,1,0,0.26,32,2,2,0,0,0.0,0.1,0.1,3.81,1,0,0,0,0,0,0,0,0.00,0.0,.000,0,0,2.0,0,0,0,0,0,0,0,0,0,0,0,0,0.0,0.0
RP,Grover Cleveland Alexander,Grover Cleveland,Alexander,Honolulu Warriors - HotL,6' 1',185 lbs,R,R,66,St. Louis Cardinals,STL,1927,1921-1945,PTCS,86477,Bronze,PTCS 5 - Veteran Presence  SP Grover Cleveland Alexander  STL  1927,0,N,0,71,63,10,59,48,138,88,10,49,81,38,49,10,61,26,57,6,Normal,Normal,Normal,39,172,135,92,30,155,123,53,46,186,145,121,-,62,64,-,68,-,-,-,-,43,-,-,4,NEU,85-87,3/4,Finesse,89,64,-,-,-,26,74,41,23,2,9,8,93,-,-,-,-,-,-,-,-,93,-,-,-,-,-,-,-,-,6,7,6,5,,,0,0,0,0,0,0,0,0,0,0,0,0,0,0,0,0,0,0.0,0.00,0,-0.0,0.0,0.00,0,0,0.0,0.0,3,0,1,0,0,1,0,7.2,33,30,7,0,0,0,1,1,2,1,1,1,0,0,0,0,0,0,3,5,1,1.39,113,14,8,0,0,0.1,0.1,0.4,6.21,3,0,0,0,0,0,0,0,0.00,-0.2,.000,0,0,7.2,0,0,0,0,1,0,0,0,0,0,0,0,0.0,0.0
RP,Grover Cleveland Alexander,Grover Cleveland,Alexander,Moonsault Collective MCs,6' 1',185 lbs,R,R,66,St. Louis Cardinals,STL,1927,1921-1945,PTCS,86477,Bronze,PTCS 5 - Veteran Presence  SP Grover Cleveland Alexander  STL  1927,0,N,0,71,63,10,59,48,138,88,10,49,81,38,49,10,61,26,57,6,Normal,Normal,Normal,39,172,135,92,30,155,123,53,46,186,145,121,-,62,64,-,68,-,-,-,-,43,-,-,4,NEU,85-87,3/4,Finesse,89,64,-,-,-,26,74,41,23,2,9,8,93,-,-,-,-,-,-,-,-,93,-,-,-,-,-,-,-,-,6,7,6,5,,,0,0,0,0,0,0,0,0,0,0,0,0,0,0,0,0,0,0.0,0.00,0,-0.0,0.0,0.00,0,0,0.0,0.0,2,0,0,0,0,0,0,6.0,24,22,4,0,0,0,0,0,2,0,4,0,0,0,0,0,0,0,2,2,0,0.22,81,7,7,0,0,0.0,0.1,0.4,4.48,2,0,1,1,0,0,0,0,1.50,0.1,1.096,0,0,6.0,0,0,1,1,0,0,0,0,0,0,0,0,0.0,0.0
RP,Johnny Antonelli,Johnny,Antonelli,Newport News Dodgers_TTC,6' 0',190 lbs,L,L,67,New York Giants,SFG,1954,1946-1960,,85869,Bronze,T4 Ep. 3 - Historical All-Star  SP Johnny Antonelli  NY1  1954,0,N,0,16,19,41,35,23,9,11,30,41,13,19,22,45,34,27,53,5,Normal,Normal,Normal,91,69,123,70,130,55,104,42,81,73,130,78,96,-,111,75,-,-,-,-,-,92,-,-,4,NEU,88-90,3/4,Normal,79,71,-,-,-,34,20,25,21,9,3,9,63,-,-,-,-,-,-,-,-,63,-,-,-,-,-,-,-,-,10,5,6,15,,,0,0,0,0,0,0,0,0,0,0,0,0,0,0,0,0,0,0.0,0.00,0,-0.0,0.0,0.00,0,0,0.0,0.0,1,0,0,0,0,0,0,1.0,4,4,1,0,0,0,0,0,0,0,1,0,0,0,0,0,0,1,1,1,0,1.18,15,1,0,0,0,0.0,0.0,0.1,2.96,1,0,0,0,0,0,0,0,0.00,0.0,.000,0,0,1.0,0,0,0,0,0,0,0,0,0,0,0,0,0.0,0.0
RP,Johnny Antonelli,Johnny,Antonelli,Town of Lake Loons,6' 0',190 lbs,L,L,67,New York Giants,SFG,1954,1946-1960,,85869,Bronze,T4 Ep. 3 - Historical All-Star  SP Johnny Antonelli  NY1  1954,0,N,0,16,19,41,35,23,9,11,30,41,13,19,22,45,34,27,53,5,Normal,Normal,Normal,91,69,123,70,130,55,104,42,81,73,130,78,96,-,111,75,-,-,-,-,-,92,-,-,4,NEU,88-90,3/4,Normal,79,71,-,-,-,34,20,25,21,9,3,9,63,-,-,-,-,-,-,-,-,63,-,-,-,-,-,-,-,-,10,5,6,15,,,0,0,0,0,0,0,0,0,0,0,0,0,0,0,0,0,0,0.0,0.00,0,-0.0,0.0,0.00,0,0,0.0,0.0,1,0,0,0,0,0,0,1.1,5,4,0,0,0,0,0,0,1,0,1,0,0,0,0,0,0,0,1,1,0,0.20,20,1,2,0,0,0.0,0.0,0.1,5.25,1,0,1,1,0,0,0,0,6.75,0.1,1.096,0,0,1.1,0,0,0,0,1,1,0,0,0,0,0,0,0.0,0.0
RP,Johnny Antonelli,Johnny,Antonelli,Allston Wolf Spiders,6' 0',190 lbs,L,L,67,New York Giants,SFG,1954,1946-1960,,85869,Bronze,T4 Ep. 3 - Historical All-Star  SP Johnny Antonelli  NY1  1954,0,N,0,16,19,41,35,23,9,11,30,41,13,19,22,45,34,27,53,5,Normal,Normal,Normal,91,69,123,70,130,55,104,42,81,73,130,78,96,-,111,75,-,-,-,-,-,92,-,-,4,NEU,88-90,3/4,Normal,79,71,-,-,-,34,20,25,21,9,3,9,63,-,-,-,-,-,-,-,-,63,-,-,-,-,-,-,-,-,10,5,6,15,,,0,0,0,0,0,0,0,0,0,0,0,0,0,0,0,0,0,0.0,0.00,0,-0.0,0.0,0.00,0,0,0.0,0.0,1,0,0,0,0,1,0,1.0,2,2,0,0,0,0,0,0,0,0,0,0,0,0,0,0,0,1,1,1,0,3.05,4,1,1,0,0,0.3,0.0,0.1,6.14,1,0,0,0,0,0,0,0,0.00,0.0,.000,0,0,1.0,0,0,0,0,0,0,0,0,0,0,0,0,0.0,0.0
RP,Johnny Antonelli,Johnny,Antonelli,Smyrna Stooges,6' 0',190 lbs,L,L,67,New York Giants,SFG,1954,1946-1960,,85869,Bronze,T4 Ep. 3 - Historical All-Star  SP Johnny Antonelli  NY1  1954,0,N,0,16,19,41,35,23,9,11,30,41,13,19,22,45,34,27,53,5,Normal,Normal,Normal,91,69,123,70,130,55,104,42,81,73,130,78,96,-,111,75,-,-,-,-,-,92,-,-,4,NEU,88-90,3/4,Normal,79,71,-,-,-,34,20,25,21,9,3,9,63,-,-,-,-,-,-,-,-,63,-,-,-,-,-,-,-,-,10,5,6,15,,,0,0,0,0,0,0,0,0,0,0,0,0,0,0,0,0,0,0.0,0.00,0,-0.0,0.0,0.00,0,0,0.0,0.0,1,0,0,0,0,1,0,2.0,8,8,1,1,0,0,0,0,0,0,4,0,0,0,0,0,0,0,1,0,0,0.77,35,0,2,0,0,0.1,0.1,0.1,-1.65,1,0,0,0,0,0,0,0,0.00,0.0,.000,0,0,2.0,0,0,0,0,0,0,0,0,0,0,0,0,0.0,0.0
RP,Johnny Antonelli,Johnny,Antonelli,Gettysburg Iron Brigade,6' 0',190 lbs,L,L,67,New York Giants,SFG,1954,1946-1960,,85869,Bronze,T4 Ep. 3 - Historical All-Star  SP Johnny Antonelli  NY1  1954,0,N,0,16,19,41,35,23,9,11,30,41,13,19,22,45,34,27,53,5,Normal,Normal,Normal,91,69,123,70,130,55,104,42,81,73,130,78,96,-,111,75,-,-,-,-,-,92,-,-,4,NEU,88-90,3/4,Normal,79,71,-,-,-,34,20,25,21,9,3,9,63,-,-,-,-,-,-,-,-,63,-,-,-,-,-,-,-,-,10,5,6,15,,,0,0,0,0,0,0,0,0,0,0,0,0,0,0,0,0,0,0.0,0.00,0,-0.0,0.0,0.00,0,0,0.0,0.0,3,0,0,0,0,1,1,4.2,27,21,2,3,0,1,6,5,5,2,3,0,0,1,0,0,0,0,2,2,1,1.78,79,4,7,0,0,-0.6,-0.2,-0.4,6.58,3,0,0,0,0,0,0,0,0.00,0.0,.000,0,0,4.2,0,0,0,0,0,0,0,0,0,0,0,0,0.0,0.0
RP,Johnny Antonelli,Johnny,Antonelli,Hancocks and Sidekicks TTC,6' 0',190 lbs,L,L,67,New York Giants,SFG,1954,1946-1960,,85869,Bronze,T4 Ep. 3 - Historical All-Star  SP Johnny Antonelli  NY1  1954,0,N,0,16,19,41,35,23,9,11,30,41,13,19,22,45,34,27,53,5,Normal,Normal,Normal,91,69,123,70,130,55,104,42,81,73,130,78,96,-,111,75,-,-,-,-,-,92,-,-,4,NEU,88-90,3/4,Normal,79,71,-,-,-,34,20,25,21,9,3,9,63,-,-,-,-,-,-,-,-,63,-,-,-,-,-,-,-,-,10,5,6,15,,,0,0,0,0,0,0,0,0,0,0,0,0,0,0,0,0,0,0.0,0.00,0,-0.0,0.0,0.00,0,0,0.0,0.0,5,0,0,0,1,1,0,5.1,21,19,3,0,0,0,0,0,2,0,7,0,0,0,0,0,0,1,4,3,0,1.23,85,4,4,0,0,0.1,0.2,0.3,2.42,5,0,2,0,2,0,0,0,3.38,0.0,.000,0,0,5.1,0,0,0,0,0,0,0,0,0,0,0,0,0.0,0.0
RP,Johnny Antonelli,Johnny,Antonelli,Daegu Lions,6' 0',190 lbs,L,L,67,New York Giants,SFG,1954,1946-1960,,85869,Bronze,T4 Ep. 3 - Historical All-Star  SP Johnny Antonelli  NY1  1954,0,N,0,16,19,41,35,23,9,11,30,41,13,19,22,45,34,27,53,5,Normal,Normal,Normal,91,69,123,70,130,55,104,42,81,73,130,78,96,-,111,75,-,-,-,-,-,92,-,-,4,NEU,88-90,3/4,Normal,79,71,-,-,-,34,20,25,21,9,3,9,63,-,-,-,-,-,-,-,-,63,-,-,-,-,-,-,-,-,10,5,6,15,,,0,0,0,0,0,0,0,0,0,0,0,0,0,0,0,0,0,0.0,0.00,0,-0.0,0.0,0.00,0,0,0.0,0.0,3,0,0,0,0,1,1,7.1,32,28,4,2,0,1,6,6,3,1,5,0,0,1,0,0,0,0,1,4,1,1.49,138,7,10,0,0,-0.0,0.0,-0.2,4.76,3,0,1,1,0,0,0,0,1.23,0.1,1.096,0,0,7.1,0,0,1,1,0,0,0,0,0,0,0,0,0.0,0.0
RP,Johnny Antonelli,Johnny,Antonelli,King Street 504s,6' 0',190 lbs,L,L,67,New York Giants,SFG,1954,1946-1960,,85869,Bronze,T4 Ep. 3 - Historical All-Star  SP Johnny Antonelli  NY1  1954,0,N,0,16,19,41,35,23,9,11,30,41,13,19,22,45,34,27,53,5,Normal,Normal,Normal,91,69,123,70,130,55,104,42,81,73,130,78,96,-,111,75,-,-,-,-,-,92,-,-,4,NEU,88-90,3/4,Normal,79,71,-,-,-,34,20,25,21,9,3,9,63,-,-,-,-,-,-,-,-,63,-,-,-,-,-,-,-,-,10,5,6,15,,,0,0,0,0,0,0,0,0,0,0,0,0,0,0,0,0,0,0.0,0.00,0,-0.0,0.0,0.00,0,0,0.0,0.0,1,1,0,1,0,0,0,7.1,34,30,3,0,0,4,6,4,3,0,4,1,0,0,0,0,0,0,0,0,0,0.64,112,8,10,0,0,-0.3,-0.3,-0.1,5.30,1,1,2,2,0,0,0,0,2.45,0.1,1.096,0,0,7.1,0,0,2,2,0,0,0,0,0,0,0,0,0.0,0.0
RP,Johnny Antonelli,Johnny,Antonelli,Out of Left Field,6' 0',190 lbs,L,L,67,New York Giants,SFG,1954,1946-1960,,85869,Bronze,T4 Ep. 3 - Historical All-Star  SP Johnny Antonelli  NY1  1954,0,Y,5,19,22,46,39,26,12,14,34,46,16,22,25,50,38,31,53,5,Normal,Normal,Normal,99,75,133,76,140,60,113,47,88,80,140,85,96,-,111,75,-,-,-,-,-,92,-,-,4,NEU,88-90,3/4,Normal,79,71,-,-,-,34,20,25,21,9,3,9,68,-,-,-,-,-,-,-,-,68,-,-,-,-,-,-,-,-,10,5,6,15,,,0,0,0,0,0,0,0,0,0,0,0,0,0,0,0,0,0,0.0,0.00,0,-0.0,0.0,0.00,0,0,0.0,0.0,2,0,0,0,0,0,0,1.2,5,5,0,0,0,0,0,0,0,0,1,0,0,0,0,0,0,0,2,2,0,0.24,10,1,3,0,0,0.0,0.1,0.1,1.92,2,0,0,0,0,0,0,0,0.00,0.0,.000,0,0,1.2,0,0,0,0,0,0,0,0,0,0,0,0,0.0,0.0
RP,Don Brennan,Don,Brennan,Ware Wolves2,6' 0',210 lbs,R,R,60,Cincinnati Reds,CIN,1935,1921-1945,,83125,Bronze,Snapshot  RP Don Brennan  CIN  1935,0,N,0,1,3,1,4,1,1,3,1,4,1,1,3,1,4,1,25,5,Normal,Normal,Normal,81,59,95,78,67,51,88,63,92,63,101,88,-,-,-,77,-,117,-,-,-,-,-,-,2,NEU,89-91,3/4,Normal,25,45,-,-,-,23,20,22,23,3,10,4,50,-,-,-,-,-,-,-,-,50,-,-,-,-,-,-,-,-,13,5,6,22,,,0,0,0,0,0,0,0,0,0,0,0,0,0,0,0,0,0,0.0,0.00,0,-0.0,0.0,0.00,0,0,0.0,0.0,5,0,3,0,0,3,0,6.0,26,21,3,0,0,2,4,4,5,0,4,0,0,0,1,0,0,2,5,7,2,1.48,97,6,6,0,0,0.7,-0.4,-0.1,5.91,5,0,1,1,0,0,1,0,1.50,0.1,1.096,0,0,6.0,0,0,1,1,0,0,0,0,0,0,0,0,0.0,0.0
RP,Don Brennan,Don,Brennan,Energy Efficiency,6' 0',210 lbs,R,R,60,Cincinnati Reds,CIN,1935,1921-1945,,83125,Bronze,Snapshot  RP Don Brennan  CIN  1935,0,Y,5,1,5,1,6,1,1,5,1,6,1,1,5,1,6,1,25,5,Normal,Normal,Normal,88,65,103,85,73,56,96,69,100,69,109,96,-,-,-,77,-,117,-,-,-,-,-,-,2,NEU,89-91,3/4,Normal,25,45,-,-,-,23,20,22,23,3,10,4,54,-,-,-,-,-,-,-,-,54,-,-,-,-,-,-,-,-,13,5,6,22,,,0,0,0,0,0,0,0,0,0,0,0,0,0,0,0,0,0,0.0,0.00,0,-0.0,0.0,0.00,0,0,0.0,0.0,1,0,0,0,0,1,0,4.1,16,15,1,0,0,0,0,0,1,0,3,0,0,0,0,0,0,0,0,1,0,2.32,67,5,5,0,0,0.6,0.2,0.5,3.94,1,0,2,1,1,0,0,0,4.15,0.1,1.096,0,0,4.1,0,0,1,1,0,0,0,0,0,0,0,0,0.0,0.0
RP,Clay Bryant,Clay,Bryant,Louisville Haymakers,6' 2',195 lbs,R,R,66,Chicago Cubs,CHC,1936,1921-1945,,84265,Bronze,Rookie Sensation  RP Clay Bryant  CHC  1936,0,N,0,2,3,1,3,1,2,3,1,3,2,2,3,1,3,1,30,55,Normal,Pull,Pull,103,61,61,96,98,60,58,92,108,63,64,101,77,113,-,-,119,-,-,-,-,-,-,-,3,NEU,90-92,3/4,Normal,24,33,-,-,-,24,20,22,23,10,5,9,51,-,-,-,-,-,-,-,-,51,-,-,-,-,-,-,-,-,13,4,6,22,,,0,0,0,0,0,0,0,0,0,0,0,0,0,0,0,0,0,0.0,0.00,0,-0.0,0.0,0.00,0,0,0.0,0.0,1,0,0,0,0,0,0,2.1,15,11,4,0,0,0,3,3,4,1,1,0,0,0,1,0,0,0,0,0,0,0.36,58,2,4,0,0,-0.1,-0.0,-0.2,8.32,1,0,0,0,0,0,0,0,0.00,0.0,.000,0,0,2.1,0,0,0,0,0,0,0,0,0,0,0,0,0.0,0.0
RP,Clay Bryant,Clay,Bryant,London Majors,6' 2',195 lbs,R,R,66,Chicago Cubs,CHC,1936,1921-1945,,84265,Bronze,Rookie Sensation  RP Clay Bryant  CHC  1936,0,N,0,2,3,1,3,1,2,3,1,3,2,2,3,1,3,1,30,55,Normal,Pull,Pull,103,61,61,96,98,60,58,92,108,63,64,101,77,113,-,-,119,-,-,-,-,-,-,-,3,NEU,90-92,3/4,Normal,24,33,-,-,-,24,20,22,23,10,5,9,51,-,-,-,-,-,-,-,-,51,-,-,-,-,-,-,-,-,13,4,6,22,,,0,0,0,0,0,0,0,0,0,0,0,0,0,0,0,0,0,0.0,0.00,0,-0.0,0.0,0.00,0,0,0.0,0.0,1,0,1,0,0,1,0,1.0,3,3,0,0,0,0,0,0,0,0,1,0,0,0,1,0,0,0,1,2,0,4.00,14,1,1,0,0,0.4,0.1,0.1,1.33,1,0,0,0,0,0,0,0,0.00,0.0,.000,0,0,1.0,0,0,0,0,0,0,0,0,0,0,0,0,0.0,0.0
RP,Clay Bryant,Clay,Bryant,Ware Wolves2,6' 2',195 lbs,R,R,66,Chicago Cubs,CHC,1936,1921-1945,,84265,Bronze,Rookie Sensation  RP Clay Bryant  CHC  1936,0,N,0,2,3,1,3,1,2,3,1,3,2,2,3,1,3,1,30,55,Normal,Pull,Pull,103,61,61,96,98,60,58,92,108,63,64,101,77,113,-,-,119,-,-,-,-,-,-,-,3,NEU,90-92,3/4,Normal,24,33,-,-,-,24,20,22,23,10,5,9,51,-,-,-,-,-,-,-,-,51,-,-,-,-,-,-,-,-,13,4,6,22,,,0,0,0,0,0,0,0,0,0,0,0,0,0,0,0,0,0,0.0,0.00,0,-0.0,0.0,0.00,0,0,0.0,0.0,4,0,0,1,0,1,1,6.0,27,21,1,1,0,1,3,3,4,0,6,1,1,0,0,0,0,0,4,3,0,3.33,90,9,4,0,0,-0.4,-0.2,0.1,4.60,4,0,1,0,1,0,0,0,1.50,0.0,.000,0,0,6.0,0,0,0,0,0,0,0,0,0,0,0,0,0.0,0.0
RP,Clay Bryant,Clay,Bryant,PNW Wild Stallions,6' 2',195 lbs,R,R,66,Chicago Cubs,CHC,1936,1921-1945,,84265,Bronze,Rookie Sensation  RP Clay Bryant  CHC  1936,0,N,0,2,3,1,3,1,2,3,1,3,2,2,3,1,3,1,30,55,Normal,Pull,Pull,103,61,61,96,98,60,58,92,108,63,64,101,77,113,-,-,119,-,-,-,-,-,-,-,3,NEU,90-92,3/4,Normal,24,33,-,-,-,24,20,22,23,10,5,9,51,-,-,-,-,-,-,-,-,51,-,-,-,-,-,-,-,-,13,4,6,22,,,0,0,0,0,0,0,0,0,0,0,0,0,0,0,0,0,0,0.0,0.00,0,-0.0,0.0,0.00,0,0,0.0,0.0,2,0,1,0,0,1,0,1.1,5,4,0,0,0,0,0,0,1,0,2,0,0,0,0,0,0,0,2,2,0,1.40,20,0,2,0,0,0.2,0.0,0.1,1.33,2,0,0,0,0,0,0,0,0.00,0.0,.000,0,0,1.1,0,0,0,0,0,0,0,0,0,0,0,0,0.0,0.0
RP,Clay Bryant,Clay,Bryant,Canterbury Tails,6' 2',195 lbs,R,R,66,Chicago Cubs,CHC,1936,1921-1945,,84265,Bronze,Rookie Sensation  RP Clay Bryant  CHC  1936,0,N,0,2,3,1,3,1,2,3,1,3,2,2,3,1,3,1,30,55,Normal,Pull,Pull,103,61,61,96,98,60,58,92,108,63,64,101,77,113,-,-,119,-,-,-,-,-,-,-,3,NEU,90-92,3/4,Normal,24,33,-,-,-,24,20,22,23,10,5,9,51,-,-,-,-,-,-,-,-,51,-,-,-,-,-,-,-,-,13,4,6,22,,,0,0,0,0,0,0,0,0,0,0,0,0,0,0,0,0,0,0.0,0.00,0,-0.0,0.0,0.00,0,0,0.0,0.0,1,0,0,0,0,0,0,1.2,9,8,4,0,0,0,0,0,1,0,0,0,0,0,0,0,0,1,1,1,1,0.17,40,2,2,0,0,-0.0,-0.0,0.1,7.42,1,0,0,0,0,0,0,0,0.00,0.0,.000,0,0,1.2,0,0,0,0,0,0,0,0,0,0,0,0,0.0,0.0
RP,Ray Caldwell,Ray,Caldwell,Breslau Binturings - HotL,6' 2',190 lbs,L,R,64,New York Yankees,NYY,1918,2026,,86309,Bronze,Laptophound Summer Classic: 9th-16th  SP Ray Caldwell  NYY  1918,0,N,0,116,129,93,78,63,133,155,29,65,60,111,120,110,82,65,33,10,Line Drive,Spray,Spray,77,78,75,115,68,66,73,115,84,87,78,115,-,86,-,-,-,-,-,-,-,109,-,115,3,EX FB,91-93,OTT,Normal,81,63,-,-,-,24,35,27,23,68,54,63,67,-,-,-,-,-,75,52,69,67,-,-,-,-,-,75,52,69,76,65,57,96,8,6,26,25,10,3,4,0,3,7,4,1,1,0,0,0,0,4,0,9.7,1.03,7,4.8,0.4,2.96,0,0,0.0,0.0,0,0,0,0,0,0,0,0.0,0,0,0,0,0,0,0,0,0,0,0,0,0,0,0,0,0,0,0,0,0,0.00,0,0,0,0,0,0.0,0.0,0.0,0.00,6,6,9,0,8,1,0,0,1.33,-1.0,1.019,0,0,54.0,0,0,7,7,4,1,1,0,3,0,3,0,0.0,-0.0
RP,Ray Caldwell,Ray,Caldwell,White Rabbitt,6' 2',190 lbs,L,R,64,New York Yankees,NYY,1918,2026,,86309,Bronze,Laptophound Summer Classic: 9th-16th  SP Ray Caldwell  NYY  1918,0,N,0,116,129,93,78,63,133,155,29,65,60,111,120,110,82,65,33,10,Line Drive,Spray,Spray,77,78,75,115,68,66,73,115,84,87,78,115,-,86,-,-,-,-,-,-,-,109,-,115,3,EX FB,91-93,OTT,Normal,81,63,-,-,-,24,35,27,23,68,54,63,67,-,-,-,-,-,75,52,69,67,-,-,-,-,-,75,52,69,76,65,57,96,18,16,73,63,20,12,3,2,3,8,13,9,0,1,0,0,0,9,0,14.8,0.72,15,7.0,1.0,3.52,0,2,-1.0,1.1,0,0,0,0,0,0,0,0.0,0,0,0,0,0,0,0,0,0,0,0,0,0,0,0,0,0,0,0,0,0,0.00,0,0,0,0,0,0.0,0.0,0.0,0.00,18,16,37,0,36,1,0,0,2.28,0.6,1.013,0,0,142.1,0,0,28,27,7,6,3,0,7,2,7,1,0.0,0.6
RP,Ray Caldwell,Ray,Caldwell,Michigan Black Bears,6' 2',190 lbs,L,R,64,New York Yankees,NYY,1918,2026,,86309,Bronze,Laptophound Summer Classic: 9th-16th  SP Ray Caldwell  NYY  1918,0,N,0,116,129,93,78,63,133,155,29,65,60,111,120,110,82,65,33,10,Line Drive,Spray,Spray,77,78,75,115,68,66,73,115,84,87,78,115,-,86,-,-,-,-,-,-,-,109,-,115,3,EX FB,91-93,OTT,Normal,81,63,-,-,-,24,35,27,23,68,54,63,67,-,-,-,-,-,75,52,69,67,-,-,-,-,-,75,52,69,76,65,57,96,20,20,85,77,18,15,2,0,1,7,9,5,0,1,0,2,0,15,0,7.2,-0.15,7,-2.9,-0.3,3.73,0,0,0.0,-0.6,0,0,0,0,0,0,0,0.0,0,0,0,0,0,0,0,0,0,0,0,0,0,0,0,0,0,0,0,0,0,0.00,0,0,0,0,0,0.0,0.0,0.0,0.00,0,0,0,0,0,0,0,0,0.00,0.0,.000,0,0,0.0,0,0,0,0,0,0,0,0,0,0,0,0,0.0,0.0
RP,Milo Candini,Milo,Candini,Black Dog,6' 0',185 lbs,R,R,67,Washington Senators,MIN,1943,1921-1945,BBR,85646,Bronze,June Gems - Baseball Reference 3  SP Milo Candini  WS1  1943,0,N,0,2,5,4,3,2,2,5,5,4,3,2,5,4,3,2,57,5,Normal,Normal,Normal,68,62,82,118,41,60,87,117,82,64,78,121,84,-,78,78,-,-,-,-,-,-,-,-,3,GB,89-91,SIDE,GB'er,69,63,-,-,-,27,20,23,23,3,1,2,55,-,-,-,-,-,-,-,-,55,-,-,-,-,-,-,-,-,31,5,6,58,,,0,0,0,0,0,0,0,0,0,0,0,0,0,0,0,0,0,0.0,0.00,0,-0.0,0.0,0.00,0,0,0.0,0.0,3,0,1,0,0,1,0,4.1,18,16,2,1,0,0,0,0,2,0,4,0,0,0,0,0,0,0,1,4,2,1.23,75,2,7,0,0,0.3,0.1,0.3,3.56,3,0,0,0,0,0,0,0,0.00,0.0,.000,0,0,4.1,0,0,0,0,0,0,0,0,0,0,0,0,-0.1,0.0
RP,Milo Candini,Milo,Candini,The Colony Lynx,6' 0',185 lbs,R,R,67,Washington Senators,MIN,1943,1921-1945,BBR,85646,Bronze,June Gems - Baseball Reference 3  SP Milo Candini  WS1  1943,0,N,0,2,5,4,3,2,2,5,5,4,3,2,5,4,3,2,57,5,Normal,Normal,Normal,68,62,82,118,41,60,87,117,82,64,78,121,84,-,78,78,-,-,-,-,-,-,-,-,3,GB,89-91,SIDE,GB'er,69,63,-,-,-,27,20,23,23,3,1,2,55,-,-,-,-,-,-,-,-,55,-,-,-,-,-,-,-,-,31,5,6,58,,,0,0,0,0,0,0,0,0,0,0,0,0,0,0,0,0,0,0.0,0.00,0,-0.0,0.0,0.00,0,0,0.0,0.0,3,0,0,0,0,1,0,7.0,29,25,3,1,0,1,1,1,4,0,3,0,0,0,0,0,0,0,2,5,0,1.42,118,7,10,0,1,0.6,-0.1,0.4,6.13,3,0,1,1,0,0,0,0,1.29,0.6,.000,1,1,7.0,0,0,1,1,0,0,0,0,0,0,0,0,-0.1,0.0
RP,Milo Candini,Milo,Candini,Groundball Defenders,6' 0',185 lbs,R,R,67,Washington Senators,MIN,1943,1921-1945,BBR,85646,Bronze,June Gems - Baseball Reference 3  SP Milo Candini  WS1  1943,0,N,0,2,5,4,3,2,2,5,5,4,3,2,5,4,3,2,57,5,Normal,Normal,Normal,68,62,82,118,41,60,87,117,82,64,78,121,84,-,78,78,-,-,-,-,-,-,-,-,3,GB,89-91,SIDE,GB'er,69,63,-,-,-,27,20,23,23,3,1,2,55,-,-,-,-,-,-,-,-,55,-,-,-,-,-,-,-,-,31,5,6,58,,,0,0,0,0,0,0,0,0,0,0,0,0,0,0,0,0,0,0.0,0.00,0,-0.0,0.0,0.00,0,0,0.0,0.0,3,0,0,0,0,1,1,5.2,30,28,6,3,0,0,4,4,2,0,1,0,0,0,0,0,0,0,2,5,0,2.13,105,5,11,0,0,-0.1,0.1,-0.1,6.46,3,0,1,0,1,0,0,0,1.59,0.0,.000,0,0,5.2,0,0,0,0,0,0,0,0,0,0,0,0,0.0,0.0
RP,Milo Candini,Milo,Candini,White Rabbitt,6' 0',185 lbs,R,R,67,Washington Senators,MIN,1943,1921-1945,BBR,85646,Bronze,June Gems - Baseball Reference 3  SP Milo Candini  WS1  1943,0,Y,5,4,7,6,5,4,4,7,7,6,5,4,7,6,5,4,57,5,Normal,Normal,Normal,74,68,89,127,46,66,94,126,89,70,85,131,84,-,78,78,-,-,-,-,-,-,-,-,3,GB,89-91,SIDE,GB'er,69,63,-,-,-,27,20,23,23,3,1,2,59,-,-,-,-,-,-,-,-,59,-,-,-,-,-,-,-,-,31,5,6,58,,,0,0,0,0,0,0,0,0,0,0,0,0,0,0,0,0,0,0.0,0.00,0,-0.0,0.0,0.00,0,0,0.0,0.0,2,0,0,0,0,0,0,1.2,8,7,2,0,0,0,1,1,1,0,2,0,0,0,0,0,0,0,2,3,0,0.14,30,2,1,0,0,0.0,0.0,-0.0,3.91,2,0,0,0,0,0,0,0,0.00,0.0,.000,0,0,1.2,0,0,0,0,0,0,0,0,0,0,0,0,0.0,0.0
RP,Milo Candini,Milo,Candini,Hancocks and Sidekicks TTC,6' 0',185 lbs,R,R,67,Washington Senators,MIN,1943,1921-1945,BBR,85646,Bronze,June Gems - Baseball Reference 3  SP Milo Candini  WS1  1943,0,N,0,2,5,4,3,2,2,5,5,4,3,2,5,4,3,2,57,5,Normal,Normal,Normal,68,62,82,118,41,60,87,117,82,64,78,121,84,-,78,78,-,-,-,-,-,-,-,-,3,GB,89-91,SIDE,GB'er,69,63,-,-,-,27,20,23,23,3,1,2,55,-,-,-,-,-,-,-,-,55,-,-,-,-,-,-,-,-,31,5,6,58,,,0,0,0,0,0,0,0,0,0,0,0,0,0,0,0,0,0,0.0,0.00,0,-0.0,0.0,0.00,0,0,0.0,0.0,4,0,0,0,0,1,0,7.1,33,28,4,1,0,1,8,4,5,0,3,0,0,0,0,0,0,1,2,3,0,0.70,134,10,8,0,0,0.2,-0.1,-0.4,6.32,4,0,3,0,1,2,0,0,1.23,-0.5,.000,0,0,7.1,0,0,1,0,0,0,0,0,0,0,0,0,0.0,0.0
RP,Milo Candini,Milo,Candini,Daegu Lions,6' 0',185 lbs,R,R,67,Washington Senators,MIN,1943,1921-1945,BBR,85646,Bronze,June Gems - Baseball Reference 3  SP Milo Candini  WS1  1943,0,N,0,2,5,4,3,2,2,5,5,4,3,2,5,4,3,2,57,5,Normal,Normal,Normal,68,62,82,118,41,60,87,117,82,64,78,121,84,-,78,78,-,-,-,-,-,-,-,-,3,GB,89-91,SIDE,GB'er,69,63,-,-,-,27,20,23,23,3,1,2,55,-,-,-,-,-,-,-,-,55,-,-,-,-,-,-,-,-,31,5,6,58,,,0,0,0,0,0,0,0,0,0,0,0,0,0,0,0,0,0,0.0,0.00,0,-0.0,0.0,0.00,0,0,0.0,0.0,3,0,0,0,0,0,0,9.0,36,35,3,0,0,1,1,1,1,0,8,0,0,0,0,0,0,0,2,4,1,0.33,139,6,13,0,0,0.0,0.2,0.4,2.77,3,0,0,0,0,0,0,0,0.00,0.0,.000,0,0,9.0,0,0,0,0,0,0,0,0,0,0,0,0,0.0,0.0
RP,Milo Candini,Milo,Candini,King Street 504s,6' 0',185 lbs,R,R,67,Washington Senators,MIN,1943,1921-1945,BBR,85646,Bronze,June Gems - Baseball Reference 3  SP Milo Candini  WS1  1943,0,N,0,2,5,4,3,2,2,5,5,4,3,2,5,4,3,2,57,5,Normal,Normal,Normal,68,62,82,118,41,60,87,117,82,64,78,121,84,-,78,78,-,-,-,-,-,-,-,-,3,GB,89-91,SIDE,GB'er,69,63,-,-,-,27,20,23,23,3,1,2,55,-,-,-,-,-,-,-,-,55,-,-,-,-,-,-,-,-,31,5,6,58,,,0,0,0,0,0,0,0,0,0,0,0,0,0,0,0,0,0,0.0,0.00,0,-0.0,0.0,0.00,0,0,0.0,0.0,1,0,0,0,0,0,0,0.2,3,3,1,0,0,0,0,0,0,0,0,0,0,0,0,0,0,0,1,0,0,0.10,10,1,1,0,0,0.0,0.0,0.0,6.14,1,0,0,0,0,0,0,0,0.00,0.0,.000,0,0,0.2,0,0,0,0,0,0,0,0,0,0,0,0,0.0,0.0
RP,Nelson Chittum,Nelson,Chittum,Jinzhou Speedster,6' 1',180 lbs,R,R,61,Boston Red Sox,BOS,1959,1946-1960,,86659,Bronze,T4 Ep. 8 - Snapshot  RP Nelson Chittum  BOS  1959,0,N,0,1,5,1,3,1,1,5,1,3,1,1,5,1,3,1,25,1,Normal,Normal,Normal,56,75,53,160,29,73,51,160,67,78,55,160,68,76,46,61,-,-,-,-,-,-,-,-,4,NEU,90-92,3/4,Normal,24,54,-,-,-,27,20,23,23,6,5,10,55,-,-,-,-,-,-,-,-,55,-,-,-,-,-,-,-,-,17,3,6,30,,,0,0,0,0,0,0,0,0,0,0,0,0,0,0,0,0,0,0.0,0.00,0,-0.0,0.0,0.00,0,0,0.0,0.0,1,0,0,0,0,0,0,0.1,2,2,1,0,0,0,0,0,0,0,0,0,0,0,0,0,0,0,1,1,1,0.10,6,1,0,0,0,-0.0,0.0,0.0,6.88,1,0,0,0,0,0,0,0,0.00,0.0,.000,0,0,0.1,0,0,0,0,0,0,0,0,0,0,0,0,0.0,0.0
RP,Nelson Chittum,Nelson,Chittum,EVC's Let the Music Play Ball-TTC,6' 1',180 lbs,R,R,61,Boston Red Sox,BOS,1959,1946-1960,,86659,Bronze,T4 Ep. 8 - Snapshot  RP Nelson Chittum  BOS  1959,0,N,0,1,5,1,3,1,1,5,1,3,1,1,5,1,3,1,25,1,Normal,Normal,Normal,56,75,53,160,29,73,51,160,67,78,55,160,68,76,46,61,-,-,-,-,-,-,-,-,4,NEU,90-92,3/4,Normal,24,54,-,-,-,27,20,23,23,6,5,10,55,-,-,-,-,-,-,-,-,55,-,-,-,-,-,-,-,-,17,3,6,30,,,0,0,0,0,0,0,0,0,0,0,0,0,0,0,0,0,0,0.0,0.00,0,-0.0,0.0,0.00,0,0,0.0,0.0,1,0,0,0,0,0,0,0.2,2,2,0,0,0,0,0,0,0,0,0,0,0,0,0,0,0,0,1,1,1,0.05,4,1,1,0,0,-0.0,0.0,0.0,6.14,1,0,0,0,0,0,0,0,0.00,0.0,.000,0,0,0.2,0,0,0,0,0,0,0,0,0,0,0,0,0.0,0.0
RP,Chuck Churn,Chuck,Churn,EVC's Let the Music Play Ball-TTC,6' 3',205 lbs,R,R,66,Los Angeles Dodgers,LAD,1959,1946-1960,CS,86661,Bronze,Clubhouse - Unsung Heroes  RP Chuck Churn  LAD  1959,0,N,0,2,5,1,3,1,2,5,1,3,1,2,5,1,3,1,28,1,Normal,Normal,Normal,101,87,65,117,68,38,48,170,140,121,74,85,-,-,120,-,105,-,-,-,-,-,-,-,2,NEU,89-91,3/4,Normal,38,60,-,-,-,27,20,23,23,6,4,7,55,-,-,-,-,-,-,-,-,55,-,-,-,-,-,-,-,-,5,3,6,6,,,0,0,0,0,0,0,0,0,0,0,0,0,0,0,0,0,0,0.0,0.00,0,-0.0,0.0,0.00,0,0,0.0,0.0,2,0,0,0,0,0,0,6.1,23,22,2,0,0,1,2,2,1,0,5,0,0,0,0,0,0,0,2,1,0,0.29,96,6,7,0,1,-0.0,0.0,0.2,3.29,2,0,2,2,0,0,0,0,2.84,0.4,1.096,1,1,6.1,0,0,2,2,0,0,0,0,0,0,0,0,0.0,0.0
RP,Chuck Churn,Chuck,Churn,Groundball Defenders,6' 3',205 lbs,R,R,66,Los Angeles Dodgers,LAD,1959,1946-1960,CS,86661,Bronze,Clubhouse - Unsung Heroes  RP Chuck Churn  LAD  1959,0,N,0,2,5,1,3,1,2,5,1,3,1,2,5,1,3,1,28,1,Normal,Normal,Normal,101,87,65,117,68,38,48,170,140,121,74,85,-,-,120,-,105,-,-,-,-,-,-,-,2,NEU,89-91,3/4,Normal,38,60,-,-,-,27,20,23,23,6,4,7,55,-,-,-,-,-,-,-,-,55,-,-,-,-,-,-,-,-,5,3,6,6,,,0,0,0,0,0,0,0,0,0,0,0,0,0,0,0,0,0,0.0,0.00,0,-0.0,0.0,0.00,0,0,0.0,0.0,6,0,0,1,0,1,1,15.2,72,63,13,0,1,3,11,11,7,0,10,0,1,1,0,0,0,0,4,3,1,0.95,264,12,25,0,0,0.2,-0.2,-0.2,5.00,6,0,2,1,1,0,0,0,1.15,-0.0,1.096,0,0,15.2,0,0,0,0,1,1,1,0,0,0,0,0,0.0,0.0
RP,Darltie Cooper,Darltie,Cooper,DongTan Milky,5' 10',185 lbs,R,R,68,Harrisburg Giants,HaGi,1926,1921-1945,,84434,Bronze,Negro League Star  SP Darltie Cooper  HaGi  1926,0,N,0,46,70,70,49,37,47,71,72,51,38,46,70,70,49,37,40,19,Normal,Normal,Spray,61,93,76,73,60,93,77,73,61,94,76,74,64,76,71,76,-,-,-,-,-,-,-,-,4,NEU,90-92,OTT,Normal,73,60,1,1,1,59,30,45,53,72,59,59,93,-,58,-,30,26,79,57,72,93,-,58,-,30,26,79,57,72,36,5,6,28,,,0,0,0,0,0,0,0,0,0,0,0,0,0,0,0,0,0,0.0,0.00,0,-0.0,0.0,0.00,0,0,0.0,0.0,1,0,0,0,0,0,0,0.1,1,1,0,0,0,0,0,0,0,0,0,0,0,0,0,0,0,0,1,1,0,0.10,3,0,1,0,0,0.0,0.0,0.0,1.34,1,0,0,0,0,0,0,0,0.00,0.0,.000,0,0,0.1,0,0,0,0,0,0,0,0,0,0,0,0,0.0,0.0
RP,Harry Coveleski,Harry,Coveleski,HickoryHoller JayBirds,6' 0',180 lbs,S,L,59,Detroit Tigers,DET,1914,2026,,83059,Iron,Snapshot  SP Harry Coveleski  DET  1914,0,Y,5,34,33,4,33,17,45,39,4,36,11,29,30,5,32,19,61,21,Normal,Normal,Normal,65,76,96,75,65,76,149,75,65,76,79,75,51,85,76,-,-,-,-,-,-,-,-,-,3,GB,87-89,3/4,GB'er,82,89,-,-,-,35,28,28,23,7,5,5,79,-,-,-,-,-,-,-,-,79,-,-,-,-,-,-,-,-,57,69,57,52,,,0,0,0,0,0,0,0,0,0,0,0,0,0,0,0,0,0,0.0,0.00,0,-0.0,0.0,0.00,0,0,0.0,0.0,1,0,0,0,0,0,0,1.2,5,4,0,0,0,0,0,0,1,0,0,0,0,0,0,0,0,0,1,0,0,0.10,18,1,3,0,0,-0.0,-0.0,0.1,8.52,1,0,1,0,1,0,0,0,5.40,0.0,.000,0,0,1.2,0,0,0,0,0,0,0,0,0,0,0,0,0.0,0.0
RP,Emerson Dickman,Emerson,Dickman,Sabo's Saturn League Legends TTC,6' 2',175 lbs,R,R,60,Boston Red Sox,BOS,1939,1921-1945,,85025,Bronze,The Other Emerson - Unsung Heroes  RP Emerson Dickman  BOS  1939,0,Y,5,1,5,1,6,1,1,5,1,6,1,1,5,1,6,1,22,42,Normal,Pull,Pull,81,82,85,84,43,85,79,117,100,80,90,46,-,-,-,79,-,103,-,-,-,-,-,-,2,NEU,89-91,3/4,Normal,45,62,-,-,-,35,20,26,23,5,4,9,70,-,-,-,-,-,-,-,-,70,-,-,-,-,-,-,-,-,6,5,6,6,,,0,0,0,0,0,0,0,0,0,0,0,0,0,0,0,0,0,0.0,0.00,0,-0.0,0.0,0.00,0,0,0.0,0.0,1,0,0,0,0,0,0,1.1,4,4,1,0,0,0,0,0,0,0,2,0,0,0,0,0,0,0,1,1,0,0.12,21,1,0,0,1,0.0,0.1,0.1,0.78,1,0,0,0,0,0,0,0,0.00,0.3,.000,1,1,1.1,0,0,0,0,0,0,0,0,0,0,0,0,0.0,0.0
RP,Roy Face,Roy,Face,Black Dog,5' 8',155 lbs,R,R,66,Pittsburgh Pirates,PIT,1958,1946-1960,,82672,Bronze,Hardware Heroes  CL Roy Face  PIT  1958,0,Y,5,1,4,1,4,1,1,6,1,6,1,1,4,1,4,1,39,22,Normal,Spray,Spray,74,103,88,86,81,115,86,90,68,97,90,84,66,-,78,78,-,-,-,58,-,-,-,-,4,NEU,89-91,OTT,Normal,23,115,-,-,-,30,25,26,23,1,7,1,68,-,-,-,-,-,-,-,-,68,-,-,-,-,-,-,-,-,5,3,6,5,,,0,0,0,0,0,0,0,0,0,0,0,0,0,0,0,0,0,0.0,0.00,0,-0.0,0.0,0.00,0,0,0.0,0.0,2,0,0,0,0,0,1,2.2,10,10,1,0,0,1,2,2,0,0,4,0,0,0,0,0,0,0,1,1,0,1.07,37,2,2,1,0,-0.3,-0.0,-0.1,0.58,2,0,1,1,0,0,0,0,3.38,-0.2,1.096,1,0,2.2,0,0,1,1,0,0,0,0,0,0,0,0,0.0,0.0
RP,Roy Face,Roy,Face,Seoul Hannams,5' 8',155 lbs,R,R,66,Pittsburgh Pirates,PIT,1958,1946-1960,,82672,Bronze,Hardware Heroes  CL Roy Face  PIT  1958,0,Y,5,1,4,1,4,1,1,6,1,6,1,1,4,1,4,1,39,22,Normal,Spray,Spray,74,103,88,86,81,115,86,90,68,97,90,84,66,-,78,78,-,-,-,58,-,-,-,-,4,NEU,89-91,OTT,Normal,23,115,-,-,-,30,25,26,23,1,7,1,68,-,-,-,-,-,-,-,-,68,-,-,-,-,-,-,-,-,5,3,6,5,,,0,0,0,0,0,0,0,0,0,0,0,0,0,0,0,0,0,0.0,0.00,0,-0.0,0.0,0.00,0,0,0.0,0.0,1,0,0,0,0,0,0,0.1,1,1,0,0,0,0,0,0,0,0,0,0,0,0,0,0,0,0,1,2,0,0.40,7,0,1,0,0,0.0,0.0,0.0,1.34,1,0,0,0,0,0,0,0,0.00,0.0,.000,0,0,0.1,0,0,0,0,0,0,0,0,0,0,0,0,0.0,0.0
RP,Roy Face,Roy,Face,HickoryHoller JayBirds,5' 8',155 lbs,R,R,66,Pittsburgh Pirates,PIT,1958,1946-1960,,82672,Bronze,Hardware Heroes  CL Roy Face  PIT  1958,0,N,0,1,2,1,2,1,1,4,1,4,1,1,2,1,2,1,39,22,Normal,Spray,Spray,68,95,81,79,74,106,79,83,62,89,83,77,66,-,78,78,-,-,-,58,-,-,-,-,4,NEU,89-91,OTT,Normal,23,115,-,-,-,30,25,26,23,1,7,1,63,-,-,-,-,-,-,-,-,63,-,-,-,-,-,-,-,-,5,3,6,5,,,0,0,0,0,0,0,0,0,0,0,0,0,0,0,0,0,0,0.0,0.00,0,-0.0,0.0,0.00,0,0,0.0,0.0,2,0,0,0,0,0,0,5.0,22,22,6,0,0,0,1,0,0,0,4,0,0,0,0,0,0,0,1,2,1,1.33,80,5,6,0,0,0.0,0.2,0.2,3.30,2,0,2,0,1,1,0,0,1.80,-0.4,.000,0,0,5.0,0,0,1,1,1,0,0,0,0,0,0,0,0.0,0.0
RP,Roy Face,Roy,Face,Sabo's Saturn League Legends TTC,5' 8',155 lbs,R,R,66,Pittsburgh Pirates,PIT,1958,1946-1960,,82672,Bronze,Hardware Heroes  CL Roy Face  PIT  1958,0,N,0,1,2,1,2,1,1,4,1,4,1,1,2,1,2,1,39,22,Normal,Spray,Spray,68,95,81,79,74,106,79,83,62,89,83,77,66,-,78,78,-,-,-,58,-,-,-,-,4,NEU,89-91,OTT,Normal,23,115,-,-,-,30,25,26,23,1,7,1,63,-,-,-,-,-,-,-,-,63,-,-,-,-,-,-,-,-,5,3,6,5,,,0,0,0,0,0,0,0,0,0,0,0,0,0,0,0,0,0,0.0,0.00,0,-0.0,0.0,0.00,0,0,0.0,0.0,1,0,0,0,0,0,0,0.1,1,1,0,0,0,0,0,0,0,0,0,0,0,0,0,0,0,0,1,1,0,0.60,3,0,1,0,0,0.0,0.0,0.0,1.34,1,0,0,0,0,0,0,0,0.00,0.0,.000,0,0,0.1,0,0,0,0,0,0,0,0,0,0,0,0,0.0,0.0
RP,Roy Face,Roy,Face,Out of Left Field,5' 8',155 lbs,R,R,66,Pittsburgh Pirates,PIT,1958,1946-1960,,82672,Bronze,Hardware Heroes  CL Roy Face  PIT  1958,0,Y,5,1,4,1,4,1,1,6,1,6,1,1,4,1,4,1,39,22,Normal,Spray,Spray,74,103,88,86,81,115,86,90,68,97,90,84,66,-,78,78,-,-,-,58,-,-,-,-,4,NEU,89-91,OTT,Normal,23,115,-,-,-,30,25,26,23,1,7,1,68,-,-,-,-,-,-,-,-,68,-,-,-,-,-,-,-,-,5,3,6,5,,,0,0,0,0,0,0,0,0,0,0,0,0,0,0,0,0,0,0.0,0.00,0,-0.0,0.0,0.00,0,0,0.0,0.0,1,0,0,0,0,0,0,0.1,1,1,0,0,0,0,0,0,0,0,0,0,0,0,0,0,0,0,1,1,0,0.10,7,1,0,0,0,0.0,0.0,0.0,10.95,1,0,0,0,0,0,0,0,0.00,0.0,.000,0,0,0.1,0,0,0,0,0,0,0,0,0,0,0,0,0.0,0.0
RP,Roy Face,Roy,Face,Narragansett Wave,5' 8',155 lbs,R,R,66,Pittsburgh Pirates,PIT,1958,1946-1960,,82672,Bronze,Hardware Heroes  CL Roy Face  PIT  1958,0,N,0,1,2,1,2,1,1,4,1,4,1,1,2,1,2,1,39,22,Normal,Spray,Spray,68,95,81,79,74,106,79,83,62,89,83,77,66,-,78,78,-,-,-,58,-,-,-,-,4,NEU,89-91,OTT,Normal,23,115,-,-,-,30,25,26,23,1,7,1,63,-,-,-,-,-,-,-,-,63,-,-,-,-,-,-,-,-,5,3,6,5,,,0,0,0,0,0,0,0,0,0,0,0,0,0,0,0,0,0,0.0,0.00,0,-0.0,0.0,0.00,0,0,0.0,0.0,2,0,0,0,0,0,0,2.2,15,12,3,0,0,0,0,0,3,0,1,0,0,0,0,0,0,0,2,3,0,0.42,57,4,3,0,0,0.0,-0.0,0.2,7.21,2,0,0,0,0,0,0,0,0.00,0.0,.000,0,0,2.2,0,0,0,0,0,0,0,0,0,0,0,0,0.0,0.0
RP,Luther Farrell,Luther,Farrell,Carlos Chaos Cats,6' 1',260 lbs,L,L,66,Atlantic City Bacharach Giants,ACBG,1928,1921-1945,,86899,Bronze,NeL Monday 1 - Negro League Star  SP Luther Farrell  ACBG  1928,0,N,0,106,42,116,117,76,100,42,101,103,70,109,43,121,122,79,51,18,Flyball,Ex. Pull,Normal,151,69,73,53,153,69,77,54,151,69,72,53,129,92,117,104,-,-,-,-,-,-,-,-,4,NEU,91-93,3/4,Normal,92,55,1,1,1,40,31,50,25,47,72,45,82,-,-,-,-,-,53,-,43,82,-,-,-,-,-,53,-,43,44,5,12,29,5,1,8,7,0,0,0,0,0,0,0,1,0,0,0,0,0,1,0,0.0,-0.19,0,-1.4,-0.1,4.00,0,0,0.0,0.0,0,0,0,0,0,0,0,0.0,0,0,0,0,0,0,0,0,0,0,0,0,0,0,0,0,0,0,0,0,0,0.00,0,0,0,0,0,0.0,0.0,0.0,0.00,1,0,2,0,2,0,0,0,6.00,0.0,1.019,0,0,3.0,0,0,2,2,0,0,0,0,0,0,0,0,0.0,0.0
RP,Carl Fischer,Carl,Fischer,Gettysburg Iron Brigade,6' 0',180 lbs,R,L,64,Detroit Tigers,DET,1933,1921-1945,,83143,Bronze,Snapshot  SP Carl Fischer  DET  1933,0,N,0,2,5,1,7,5,1,8,1,4,8,3,4,1,9,4,81,46,Normal,Normal,Normal,95,53,83,75,111,50,40,75,91,54,98,75,66,-,90,93,-,-,122,-,-,-,-,-,4,EX FB,88-90,SIDE,Normal,67,33,-,-,-,24,20,22,23,10,8,6,51,-,-,-,-,-,-,-,-,51,-,-,-,-,-,-,-,-,9,5,6,13,,,0,0,0,0,0,0,0,0,0,0,0,0,0,0,0,0,0,0.0,0.00,0,-0.0,0.0,0.00,0,0,0.0,0.0,1,0,0,0,0,0,0,1.1,6,6,2,0,0,0,0,0,0,0,3,0,0,0,0,0,0,0,1,0,0,0.13,23,0,1,0,0,0.0,0.1,0.1,-1.15,1,0,0,0,0,0,0,0,0.00,0.0,.000,0,0,1.1,0,0,0,0,0,0,0,0,0,0,0,0,0.0,0.0
RP,Rube Foster,Rube,Foster,Seoul Hannams,5' 9',230 lbs,R,R,67,Chicago Leland Giants,CLG,1910,2026,,84431,Bronze,Negro League Star  SP Rube Foster  CLG  1910,0,Y,5,90,75,92,60,62,90,75,92,62,63,91,76,92,60,62,41,19,Normal,Spray,Spray,62,91,88,80,60,91,85,80,62,92,90,81,59,69,73,69,-,-,-,-,-,61,-,-,5,NEU,88-90,3/4,Normal,78,60,1,1,1,29,24,26,25,53,59,65,67,-,38,-,-,-,65,-,60,67,-,38,-,-,-,65,-,60,33,5,12,29,,,0,0,0,0,0,0,0,0,0,0,0,0,0,0,0,0,0,0.0,0.00,0,-0.0,0.0,0.00,0,0,0.0,0.0,1,0,0,0,0,0,0,0.2,2,2,0,0,0,0,0,0,0,0,0,0,0,0,0,0,0,0,1,0,0,0.00,4,1,1,0,0,0.0,0.0,0.0,6.14,1,0,1,0,1,0,0,0,13.50,0.0,.000,0,0,0.2,0,0,0,0,0,0,0,0,0,0,0,0,0.0,0.0
RP,Rube Foster,Rube,Foster,HickoryHoller JayBirds,5' 9',230 lbs,R,R,67,Chicago Leland Giants,CLG,1910,2026,,84431,Bronze,Negro League Star  SP Rube Foster  CLG  1910,0,Y,5,90,75,92,60,62,90,75,92,62,63,91,76,92,60,62,41,19,Normal,Spray,Spray,62,91,88,80,60,91,85,80,62,92,90,81,59,69,73,69,-,-,-,-,-,61,-,-,5,NEU,88-90,3/4,Normal,78,60,1,1,1,29,24,26,25,53,59,65,67,-,38,-,-,-,65,-,60,67,-,38,-,-,-,65,-,60,33,5,12,29,,,0,0,0,0,0,0,0,0,0,0,0,0,0,0,0,0,0,0.0,0.00,0,-0.0,0.0,0.00,0,0,0.0,0.0,1,0,0,0,0,0,0,2.0,11,10,1,1,0,2,5,5,1,0,0,0,0,0,0,0,0,0,0,1,0,0.23,49,2,4,1,0,-0.0,-0.3,-0.3,7.39,1,0,1,0,1,0,0,0,4.50,-0.2,.000,1,0,2.0,0,0,0,0,0,0,0,0,0,0,0,0,0.0,0.0
RP,Al Grabowski,Al,Grabowski,Seoul Hannams,6' 0',175 lbs,L,L,69,St. Louis Cardinals,STL,1929,1921-1945,,84277,Bronze,Rookie Sensation  SP Al Grabowski  STL  1929,0,Y,5,4,8,1,5,4,4,8,1,5,4,4,9,1,5,4,29,54,Normal,Normal,Normal,82,88,68,81,77,91,69,93,83,88,68,75,-,104,71,-,81,-,-,-,-,-,-,-,3,FB,90-92,3/4,Normal,91,82,-,-,-,27,20,23,23,3,4,9,59,-,-,-,-,-,-,-,-,59,-,-,-,-,-,-,-,-,15,5,6,26,,,0,0,0,0,0,0,0,0,0,0,0,0,0,0,0,0,0,0.0,0.00,0,-0.0,0.0,0.00,0,0,0.0,0.0,1,0,0,0,0,0,0,1.1,9,8,2,0,0,1,4,3,1,0,2,0,0,0,0,0,0,0,0,0,0,0.11,34,0,2,0,0,-0.0,-0.1,-0.3,3.73,1,0,0,0,0,0,0,0,0.00,-0.5,.000,0,0,1.1,0,0,1,0,0,0,0,0,0,0,0,0,0.0,0.0
RP,Burleigh Grimes,Burleigh,Grimes,Aberfeldie Falcons,5' 10',175 lbs,R,R,69,New York Giants,SFG,1927,1921-1945,,83159,Bronze,Snapshot  SP Burleigh Grimes  NY1  1927,0,N,0,18,60,3,43,24,14,72,2,55,21,20,51,4,39,26,49,21,Normal,Normal,Normal,86,68,78,68,75,76,64,62,95,63,89,74,80,-,125,-,-,-,-,-,-,75,-,-,3,NEU,89-91,3/4,Normal,77,49,-,-,-,30,19,27,32,9,7,5,59,-,-,-,-,-,-,-,-,59,-,-,-,-,-,-,-,-,39,45,49,31,,,0,0,0,0,0,0,0,0,0,0,0,0,0,0,0,0,0,0.0,0.00,0,-0.0,0.0,0.00,0,0,0.0,0.0,1,0,0,0,0,0,0,0.2,3,3,1,0,0,0,0,0,0,0,0,0,0,0,0,0,0,0,1,2,1,0.10,12,1,1,0,0,-0.0,0.0,0.0,6.14,1,0,0,0,0,0,0,0,0.00,0.0,.000,0,0,0.2,0,0,0,0,0,0,0,0,0,0,0,0,0.0,0.0
RP,Mickey Haefner,Mickey,Haefner,Allston Wolf Spiders,5' 8',160 lbs,L,L,64,Washington Senators,MIN,1944,1921-1945,,85717,Bronze,SwitchKnucklers - Snapshot  SP Mickey Haefner  WS1  1944,0,N,0,7,18,2,25,12,13,11,2,35,7,6,21,2,20,14,84,9,Normal,Normal,Normal,64,70,72,109,64,61,82,120,64,74,69,100,39,-,-,-,-,-,-,-,-,82,74,98,4,FB,89-91,3/4,Normal,84,57,-,-,-,35,33,30,23,7,5,4,77,-,-,-,-,-,-,-,-,77,-,-,-,-,-,-,-,-,5,5,6,5,,,0,0,0,0,0,0,0,0,0,0,0,0,0,0,0,0,0,0.0,0.00,0,-0.0,0.0,0.00,0,0,0.0,0.0,1,0,1,0,0,0,0,0.1,2,2,1,0,0,0,0,0,0,0,0,0,0,0,0,0,0,0,1,1,1,0.35,5,1,0,0,0,-0.0,0.0,0.0,6.88,1,0,0,0,0,0,0,0,0.00,0.0,.000,0,0,0.1,0,0,0,0,0,0,0,0,0,0,0,0,0.0,0.0
RP,Mickey Haefner,Mickey,Haefner,Madison Moundsmen,5' 8',160 lbs,L,L,64,Washington Senators,MIN,1944,1921-1945,,85717,Bronze,SwitchKnucklers - Snapshot  SP Mickey Haefner  WS1  1944,0,Y,5,9,21,4,29,15,16,14,4,39,9,8,24,4,23,17,84,9,Normal,Normal,Normal,70,76,79,118,70,67,89,130,70,81,75,108,39,-,-,-,-,-,-,-,-,82,74,98,4,FB,89-91,3/4,Normal,84,57,-,-,-,35,33,30,23,7,5,4,83,-,-,-,-,-,-,-,-,83,-,-,-,-,-,-,-,-,5,5,6,5,,,0,0,0,0,0,0,0,0,0,0,0,0,0,0,0,0,0,0.0,0.00,0,-0.0,0.0,0.00,0,0,0.0,0.0,2,0,1,0,0,1,0,4.0,13,12,0,0,0,0,0,0,1,0,1,0,0,0,0,0,0,0,2,3,0,0.31,45,7,4,0,0,0.1,0.1,0.2,5.78,2,0,0,0,0,0,0,0,0.00,0.0,.000,0,0,4.0,0,0,0,0,0,0,0,0,0,0,0,0,0.0,0.0
RP,Mickey Haefner,Mickey,Haefner,Narragansett Wave,5' 8',160 lbs,L,L,64,Washington Senators,MIN,1944,1921-1945,,85717,Bronze,SwitchKnucklers - Snapshot  SP Mickey Haefner  WS1  1944,0,N,0,7,18,2,25,12,13,11,2,35,7,6,21,2,20,14,84,9,Normal,Normal,Normal,64,70,72,109,64,61,82,120,64,74,69,100,39,-,-,-,-,-,-,-,-,82,74,98,4,FB,89-91,3/4,Normal,84,57,-,-,-,35,33,30,23,7,5,4,77,-,-,-,-,-,-,-,-,77,-,-,-,-,-,-,-,-,5,5,6,5,,,0,0,0,0,0,0,0,0,0,0,0,0,0,0,0,0,0,0.0,0.00,0,-0.0,0.0,0.00,0,0,0.0,0.0,1,0,1,0,0,0,0,4.2,20,18,3,2,0,0,3,3,2,0,1,0,0,0,0,0,0,0,1,2,2,1.07,72,6,6,0,0,-0.0,0.0,-0.0,6.46,1,0,1,1,0,0,0,0,1.93,0.1,1.096,0,0,4.2,0,0,1,1,0,0,0,0,0,0,0,0,0.0,0.0
RP,Jack Harshman,Jack,Harshman,Birmingham Black Barons,6' 2',185 lbs,L,L,69,Chicago White Sox,CHW,1954,1946-1960,,83192,Bronze,Snapshot  SP Jack Harshman  CWS  1954,0,N,0,19,38,117,118,26,11,10,14,106,21,22,44,150,123,28,56,56,Flyball,Spray,Spray,99,50,68,109,112,73,40,120,96,37,78,102,77,140,69,89,-,-,-,-,-,-,-,-,4,EX FB,89-91,OTT,Normal,70,68,-,-,-,34,27,28,23,5,10,4,71,-,54,-,-,-,-,-,-,71,-,54,-,-,-,-,-,-,5,5,6,5,3,1,4,4,1,1,0,0,0,0,0,0,0,0,0,0,0,0,0,0.2,-0.03,0,-0.3,-0.0,4.00,0,0,0.0,0.0,3,0,0,0,0,1,2,10.2,49,43,10,1,0,1,8,8,5,0,10,0,0,1,0,0,0,0,1,2,1,0.80,172,10,12,0,0,-0.4,0.1,-0.2,4.17,6,1,18,3,15,0,2,0,7.48,0.1,1.093,0,0,21.2,0,0,6,5,1,1,0,0,0,0,0,0,0.0,0.0
RP,Jack Harshman,Jack,Harshman,Statesville Shadowcats,6' 2',185 lbs,L,L,69,Chicago White Sox,CHW,1954,1946-1960,,83192,Bronze,Snapshot  SP Jack Harshman  CWS  1954,0,N,0,19,38,117,118,26,11,10,14,106,21,22,44,150,123,28,56,56,Flyball,Spray,Spray,99,50,68,109,112,73,40,120,96,37,78,102,77,140,69,89,-,-,-,-,-,-,-,-,4,EX FB,89-91,OTT,Normal,70,68,-,-,-,34,27,28,23,5,10,4,71,-,54,-,-,-,-,-,-,71,-,54,-,-,-,-,-,-,5,5,6,5,1,,0,0,0,0,0,0,0,0,0,0,0,0,0,0,0,0,0,0.0,0.00,0,-0.0,0.0,0.00,0,0,0.0,0.0,1,0,0,0,0,0,0,4.0,17,13,1,0,0,0,0,0,4,0,3,0,0,0,0,0,0,0,1,0,0,0.17,75,4,5,0,0,0.0,-0.0,0.3,6.13,2,0,2,0,2,0,0,0,3.60,0.0,.000,0,0,5.0,0,0,0,0,0,0,0,0,0,0,0,0,0.0,0.0
RP,Jack Harshman,Jack,Harshman,Ungentlemanly Fightin' Fellows TTC,6' 2',185 lbs,L,L,69,Chicago White Sox,CHW,1954,1946-1960,,83192,Bronze,Snapshot  SP Jack Harshman  CWS  1954,0,N,0,19,38,117,118,26,11,10,14,106,21,22,44,150,123,28,56,56,Flyball,Spray,Spray,99,50,68,109,112,73,40,120,96,37,78,102,77,140,69,89,-,-,-,-,-,-,-,-,4,EX FB,89-91,OTT,Normal,70,68,-,-,-,34,27,28,23,5,10,4,71,-,54,-,-,-,-,-,-,71,-,54,-,-,-,-,-,-,5,5,6,5,,,0,0,0,0,0,0,0,0,0,0,0,0,0,0,0,0,0,0.0,0.00,0,-0.0,0.0,0.00,0,0,0.0,0.0,1,0,0,0,0,0,1,2.1,14,11,2,0,0,0,3,0,3,0,2,0,0,0,1,0,0,0,0,1,0,2.57,50,1,4,0,0,-0.5,-0.0,-0.3,6.35,1,0,0,0,0,0,0,0,0.00,0.0,.000,0,0,2.1,0,0,0,0,0,0,0,0,0,0,0,0,0.0,0.0
RP,Jack Harshman,Jack,Harshman,Huatulco Tacos,6' 2',185 lbs,L,L,69,Chicago White Sox,CHW,1954,1946-1960,,83192,Bronze,Snapshot  SP Jack Harshman  CWS  1954,0,N,0,19,38,117,118,26,11,10,14,106,21,22,44,150,123,28,56,56,Flyball,Spray,Spray,99,50,68,109,112,73,40,120,96,37,78,102,77,140,69,89,-,-,-,-,-,-,-,-,4,EX FB,89-91,OTT,Normal,70,68,-,-,-,34,27,28,23,5,10,4,71,-,54,-,-,-,-,-,-,71,-,54,-,-,-,-,-,-,5,5,6,5,,,0,0,0,0,0,0,0,0,0,0,0,0,0,0,0,0,0,0.0,0.00,0,-0.0,0.0,0.00,0,0,0.0,0.0,2,0,0,0,0,0,1,2.1,13,11,3,0,0,0,2,1,1,0,2,1,0,0,0,0,0,0,2,1,1,0.25,56,2,3,0,0,-0.1,0.0,-0.1,4.61,2,0,1,0,1,0,0,0,3.86,0.0,.000,0,0,2.1,0,0,1,1,0,0,0,0,0,0,0,0,0.0,0.0
RP,Jack Harshman,Jack,Harshman,Port Townsend Wild Daphnes,6' 2',185 lbs,L,L,69,Chicago White Sox,CHW,1954,1946-1960,,83192,Bronze,Snapshot  SP Jack Harshman  CWS  1954,0,N,0,19,38,117,118,26,11,10,14,106,21,22,44,150,123,28,56,56,Flyball,Spray,Spray,99,50,68,109,112,73,40,120,96,37,78,102,77,140,69,89,-,-,-,-,-,-,-,-,4,EX FB,89-91,OTT,Normal,70,68,-,-,-,34,27,28,23,5,10,4,71,-,54,-,-,-,-,-,-,71,-,54,-,-,-,-,-,-,5,5,6,5,10,5,24,20,4,3,0,0,1,4,2,2,1,0,1,1,0,9,0,2.1,-0.14,1,-1.5,-0.2,4.21,0,0,0.0,0.0,3,0,1,0,0,0,0,10.0,46,39,7,1,0,1,4,4,6,1,6,0,0,0,0,0,1,0,3,2,0,1.12,163,6,18,0,0,0.0,-0.0,0.2,5.41,13,5,62,7,54,1,3,0,8.36,-0.6,.940,0,0,65.2,0,0,23,20,1,1,0,0,0,0,0,0,0.0,0.0
RP,Jack Harshman,Jack,Harshman,The Colony Lynx,6' 2',185 lbs,L,L,69,Chicago White Sox,CHW,1954,1946-1960,,83192,Bronze,Snapshot  SP Jack Harshman  CWS  1954,0,N,0,19,38,117,118,26,11,10,14,106,21,22,44,150,123,28,56,56,Flyball,Spray,Spray,99,50,68,109,112,73,40,120,96,37,78,102,77,140,69,89,-,-,-,-,-,-,-,-,4,EX FB,89-91,OTT,Normal,70,68,-,-,-,34,27,28,23,5,10,4,71,-,54,-,-,-,-,-,-,71,-,54,-,-,-,-,-,-,5,5,6,5,3,3,10,9,0,0,0,0,0,0,0,1,0,0,0,0,0,6,0,0.0,-0.34,0,-1.9,-0.1,4.60,0,0,0.0,0.0,2,2,0,1,0,0,0,12.0,61,50,14,1,1,0,10,10,10,0,9,0,1,0,2,0,0,0,0,0,0,1.09,232,14,12,0,1,-0.7,0.2,-0.2,5.65,3,3,8,2,6,0,0,0,3.79,0.5,1.084,1,1,19.0,0,0,3,3,1,0,0,0,0,0,0,0,-0.4,0.0
RP,Jack Harshman,Jack,Harshman,Aurora Highlanders,6' 2',185 lbs,L,L,69,Chicago White Sox,CHW,1954,1946-1960,,83192,Bronze,Snapshot  SP Jack Harshman  CWS  1954,0,N,0,19,38,117,118,26,11,10,14,106,21,22,44,150,123,28,56,56,Flyball,Spray,Spray,99,50,68,109,112,73,40,120,96,37,78,102,77,140,69,89,-,-,-,-,-,-,-,-,4,EX FB,89-91,OTT,Normal,70,68,-,-,-,34,27,28,23,5,10,4,71,-,54,-,-,-,-,-,-,71,-,54,-,-,-,-,-,-,5,5,6,5,,,0,0,0,0,0,0,0,0,0,0,0,0,0,0,0,0,0,0.0,0.00,0,-0.0,0.0,0.00,0,0,0.0,0.0,1,0,0,0,0,0,0,6.2,22,22,4,0,0,0,0,0,0,0,6,0,0,0,0,0,0,1,1,3,0,0.25,93,6,6,0,1,0.0,0.3,0.5,2.08,1,0,2,0,2,0,0,0,2.70,0.3,.000,1,1,6.2,0,0,1,1,0,0,0,0,0,0,0,0,0.0,0.0
RP,Jack Harshman,Jack,Harshman,Columbus Evil Squirrels,6' 2',185 lbs,L,L,69,Chicago White Sox,CHW,1954,1946-1960,,83192,Bronze,Snapshot  SP Jack Harshman  CWS  1954,0,N,0,19,38,117,118,26,11,10,14,106,21,22,44,150,123,28,56,56,Flyball,Spray,Spray,99,50,68,109,112,73,40,120,96,37,78,102,77,140,69,89,-,-,-,-,-,-,-,-,4,EX FB,89-91,OTT,Normal,70,68,-,-,-,34,27,28,23,5,10,4,71,-,54,-,-,-,-,-,-,71,-,54,-,-,-,-,-,-,5,5,6,5,,,0,0,0,0,0,0,0,0,0,0,0,0,0,0,0,0,0,0.0,0.00,0,-0.0,0.0,0.00,0,0,0.0,0.0,1,0,0,1,0,0,0,4.0,18,15,1,1,0,0,1,1,3,0,5,0,0,0,0,0,0,0,1,0,0,1.83,67,3,4,0,0,-0.0,0.1,0.2,3.90,1,0,2,0,1,1,0,0,2.25,-0.5,.000,0,0,4.0,0,0,1,0,0,0,0,0,0,0,0,0,0.0,0.0
RP,Jack Harshman,Jack,Harshman,Smyrna Stooges,6' 2',185 lbs,L,L,69,Chicago White Sox,CHW,1954,1946-1960,,83192,Bronze,Snapshot  SP Jack Harshman  CWS  1954,0,N,0,19,38,117,118,26,11,10,14,106,21,22,44,150,123,28,56,56,Flyball,Spray,Spray,99,50,68,109,112,73,40,120,96,37,78,102,77,140,69,89,-,-,-,-,-,-,-,-,4,EX FB,89-91,OTT,Normal,70,68,-,-,-,34,27,28,23,5,10,4,71,-,54,-,-,-,-,-,-,71,-,54,-,-,-,-,-,-,5,5,6,5,2,,2,2,0,0,0,0,0,0,0,0,0,0,0,0,0,1,0,0.0,-0.16,0,-0.5,-0.0,6.00,0,0,0.0,0.0,1,0,0,0,0,0,0,0.1,3,3,2,0,0,0,1,1,0,0,1,0,0,0,0,0,0,0,1,1,1,0.10,11,0,0,0,0,-0.0,0.0,-0.1,1.33,2,0,2,0,2,0,0,0,5.40,0.1,1.084,0,0,3.1,0,0,0,0,1,1,0,0,0,0,0,0,0.0,0.0
RP,Jack Harshman,Jack,Harshman,Columbus Fire Ants,6' 2',185 lbs,L,L,69,Chicago White Sox,CHW,1954,1946-1960,,83192,Bronze,Snapshot  SP Jack Harshman  CWS  1954,0,N,0,19,38,117,118,26,11,10,14,106,21,22,44,150,123,28,56,56,Flyball,Spray,Spray,99,50,68,109,112,73,40,120,96,37,78,102,77,140,69,89,-,-,-,-,-,-,-,-,4,EX FB,89-91,OTT,Normal,70,68,-,-,-,34,27,28,23,5,10,4,71,-,54,-,-,-,-,-,-,71,-,54,-,-,-,-,-,-,5,5,6,5,2,2,7,7,2,2,0,0,0,0,1,0,0,0,0,0,0,1,0,0.6,-0.06,0,-0.3,0.0,3.43,0,0,0.0,0.0,0,0,0,0,0,0,0,0.0,0,0,0,0,0,0,0,0,0,0,0,0,0,0,0,0,0,0,0,0,0,0.00,0,0,0,0,0,0.0,0.0,0.0,0.00,2,2,15,3,12,0,1,0,8.44,0.2,1.084,0,0,16.0,0,0,5,5,1,1,0,0,0,0,0,0,0.0,0.0
RP,Jack Harshman,Jack,Harshman,Moncton Mosquitos,6' 2',185 lbs,L,L,69,Chicago White Sox,CHW,1954,1946-1960,,83192,Bronze,Snapshot  SP Jack Harshman  CWS  1954,0,N,0,19,38,117,118,26,11,10,14,106,21,22,44,150,123,28,56,56,Flyball,Spray,Spray,99,50,68,109,112,73,40,120,96,37,78,102,77,140,69,89,-,-,-,-,-,-,-,-,4,EX FB,89-91,OTT,Normal,70,68,-,-,-,34,27,28,23,5,10,4,71,-,54,-,-,-,-,-,-,71,-,54,-,-,-,-,-,-,5,5,6,5,1,,0,0,0,0,0,0,0,0,0,0,0,0,0,0,0,0,0,0.0,0.00,0,-0.0,0.0,0.00,0,0,0.0,0.0,1,0,0,0,0,0,0,4.0,14,12,2,0,0,0,1,1,1,0,3,0,0,1,0,0,0,1,1,3,3,0.32,44,5,3,0,0,-0.0,0.1,0.1,3.80,2,0,3,2,1,0,0,0,5.79,0.2,1.096,0,0,4.2,0,0,0,0,2,2,0,0,0,0,0,0,0.0,0.0
RP,Jack Harshman,Jack,Harshman,Honolulu Warriors - HotL,6' 2',185 lbs,L,L,69,Chicago White Sox,CHW,1954,1946-1960,,83192,Bronze,Snapshot  SP Jack Harshman  CWS  1954,0,Y,5,22,42,126,127,30,14,13,17,115,24,25,49,161,133,32,56,56,Flyball,Spray,Spray,107,55,74,118,121,80,45,130,104,41,85,110,77,140,69,89,-,-,-,-,-,-,-,-,4,EX FB,89-91,OTT,Normal,70,68,-,-,-,34,27,28,23,5,10,4,76,-,59,-,-,-,-,-,-,76,-,59,-,-,-,-,-,-,5,5,6,5,7,2,13,10,1,0,0,0,1,2,1,1,0,0,2,0,0,1,0,0.8,-0.13,0,-1.0,-0.1,3.00,0,0,0.0,0.0,0,0,0,0,0,0,0,0.0,0,0,0,0,0,0,0,0,0,0,0,0,0,0,0,0,0,0,0,0,0,0.00,0,0,0,0,0,0.0,0.0,0.0,0.00,7,2,31,6,25,0,2,0,8.29,-0.1,.986,0,0,33.2,0,0,13,12,0,0,0,0,0,0,0,0,0.0,0.0
RP,Jack Harshman,Jack,Harshman,Hancocks and Sidekicks TTC,6' 2',185 lbs,L,L,69,Chicago White Sox,CHW,1954,1946-1960,,83192,Bronze,Snapshot  SP Jack Harshman  CWS  1954,0,N,0,19,38,117,118,26,11,10,14,106,21,22,44,150,123,28,56,56,Flyball,Spray,Spray,99,50,68,109,112,73,40,120,96,37,78,102,77,140,69,89,-,-,-,-,-,-,-,-,4,EX FB,89-91,OTT,Normal,70,68,-,-,-,34,27,28,23,5,10,4,71,-,54,-,-,-,-,-,-,71,-,54,-,-,-,-,-,-,5,5,6,5,,,0,0,0,0,0,0,0,0,0,0,0,0,0,0,0,0,0,0.0,0.00,0,-0.0,0.0,0.00,0,0,0.0,0.0,3,0,0,0,0,0,0,5.2,22,21,3,1,0,0,1,0,1,0,6,0,0,0,0,0,0,1,2,3,3,0.26,82,3,7,0,0,-0.0,0.2,0.2,2.26,3,0,0,0,0,0,0,0,0.00,0.0,.000,0,0,5.2,0,0,0,0,0,0,0,0,0,0,0,0,0.0,0.0
RP,Jack Harshman,Jack,Harshman,Moonsault Collective MCs,6' 2',185 lbs,L,L,69,Chicago White Sox,CHW,1954,1946-1960,,83192,Bronze,Snapshot  SP Jack Harshman  CWS  1954,0,N,0,19,38,117,118,26,11,10,14,106,21,22,44,150,123,28,56,56,Flyball,Spray,Spray,99,50,68,109,112,73,40,120,96,37,78,102,77,140,69,89,-,-,-,-,-,-,-,-,4,EX FB,89-91,OTT,Normal,70,68,-,-,-,34,27,28,23,5,10,4,71,-,54,-,-,-,-,-,-,71,-,54,-,-,-,-,-,-,5,5,6,5,2,1,2,2,0,0,0,0,0,0,0,0,0,0,0,0,0,1,0,0.0,-0.03,0,-0.5,-0.0,5.00,0,0,0.0,0.0,1,0,0,0,0,0,0,2.0,10,9,2,0,1,0,1,1,0,0,0,1,0,0,0,0,0,0,1,2,2,0.17,23,0,6,0,0,-0.0,-0.0,0.0,4.86,3,1,11,0,11,0,0,0,7.82,0.1,1.084,0,0,12.2,0,0,3,3,0,0,0,0,0,0,0,0,0.0,0.0
RP,Jack Harshman,Jack,Harshman,Daegu Lions,6' 2',185 lbs,L,L,69,Chicago White Sox,CHW,1954,1946-1960,,83192,Bronze,Snapshot  SP Jack Harshman  CWS  1954,0,Y,5,22,42,126,127,30,14,13,17,115,24,25,49,161,133,32,56,56,Flyball,Spray,Spray,107,55,74,118,121,80,45,130,104,41,85,110,77,140,69,89,-,-,-,-,-,-,-,-,4,EX FB,89-91,OTT,Normal,70,68,-,-,-,34,27,28,23,5,10,4,76,-,59,-,-,-,-,-,-,76,-,59,-,-,-,-,-,-,5,5,6,5,,,0,0,0,0,0,0,0,0,0,0,0,0,0,0,0,0,0,0.0,0.00,0,-0.0,0.0,0.00,0,0,0.0,0.0,4,4,2,2,0,0,0,28.1,120,102,16,0,0,2,8,8,16,0,25,1,0,1,0,0,0,2,0,0,0,0.99,450,23,33,0,0,0.4,0.5,1.1,4.45,4,4,6,2,2,2,0,0,1.27,-0.4,.822,0,0,28.1,0,0,5,4,1,0,0,0,0,0,0,0,-0.1,0.0
RP,Jack Harshman,Jack,Harshman,Carlos Chaos Cats,6' 2',185 lbs,L,L,69,Chicago White Sox,CHW,1954,1946-1960,,83192,Bronze,Snapshot  SP Jack Harshman  CWS  1954,0,N,0,19,38,117,118,26,11,10,14,106,21,22,44,150,123,28,56,56,Flyball,Spray,Spray,99,50,68,109,112,73,40,120,96,37,78,102,77,140,69,89,-,-,-,-,-,-,-,-,4,EX FB,89-91,OTT,Normal,70,68,-,-,-,34,27,28,23,5,10,4,71,-,54,-,-,-,-,-,-,71,-,54,-,-,-,-,-,-,5,5,6,5,3,,4,4,1,1,0,0,0,2,1,0,0,0,0,0,0,2,0,0.2,0.39,0,-0.3,-0.0,3.25,0,0,0.0,0.0,1,0,0,0,0,1,0,0.2,1,1,0,0,0,0,0,0,0,0,0,0,0,0,0,0,0,1,0,1,0,1.60,8,1,0,0,0,0.1,0.0,0.0,10.95,4,0,6,0,6,0,1,0,5.06,0.1,1.084,0,0,10.2,0,0,3,3,0,0,0,0,0,0,0,0,0.0,0.0
RP,Jack Harshman,Jack,Harshman,Atlanta Braves TTC,6' 2',185 lbs,L,L,69,Chicago White Sox,CHW,1954,1946-1960,,83192,Bronze,Snapshot  SP Jack Harshman  CWS  1954,0,N,0,19,38,117,118,26,11,10,14,106,21,22,44,150,123,28,56,56,Flyball,Spray,Spray,99,50,68,109,112,73,40,120,96,37,78,102,77,140,69,89,-,-,-,-,-,-,-,-,4,EX FB,89-91,OTT,Normal,70,68,-,-,-,34,27,28,23,5,10,4,71,-,54,-,-,-,-,-,-,71,-,54,-,-,-,-,-,-,5,5,6,5,2,2,8,8,2,1,0,0,1,1,1,0,0,0,0,0,0,2,0,1.2,0.05,1,0.4,0.1,3.25,0,0,0.0,0.0,0,0,0,0,0,0,0,0.0,0,0,0,0,0,0,0,0,0,0,0,0,0,0,0,0,0,0,0,0,0,0.00,0,0,0,0,0,0.0,0.0,0.0,0.00,2,2,16,3,13,0,0,0,8.47,0.3,1.084,0,0,17.0,0,0,5,5,2,2,0,0,0,0,0,0,0.0,0.0
RP,Jack Harshman,Jack,Harshman,Indiana Rhubarbs,6' 2',185 lbs,L,L,69,Chicago White Sox,CHW,1954,1946-1960,,83192,Bronze,Snapshot  SP Jack Harshman  CWS  1954,0,N,0,19,38,117,118,26,11,10,14,106,21,22,44,150,123,28,56,56,Flyball,Spray,Spray,99,50,68,109,112,73,40,120,96,37,78,102,77,140,69,89,-,-,-,-,-,-,-,-,4,EX FB,89-91,OTT,Normal,70,68,-,-,-,34,27,28,23,5,10,4,71,-,54,-,-,-,-,-,-,71,-,54,-,-,-,-,-,-,5,5,6,5,1,,4,4,3,1,1,0,1,4,4,0,0,0,0,0,0,0,0,5.2,0.00,2,2.4,0.3,3.50,0,0,0.0,0.0,1,0,0,0,0,0,0,7.2,29,28,3,3,0,0,0,0,1,0,9,0,0,0,0,0,0,1,1,1,0,0.39,93,4,9,0,0,0.0,0.4,0.6,1.62,2,0,3,0,3,0,0,0,2.53,0.0,.000,0,0,10.2,0,0,0,0,0,0,0,0,0,0,0,0,0.0,0.0
RP,Jack Harshman,Jack,Harshman,Patchogue Pirates,6' 2',185 lbs,L,L,69,Chicago White Sox,CHW,1954,1946-1960,,83192,Bronze,Snapshot  SP Jack Harshman  CWS  1954,0,N,0,19,38,117,118,26,11,10,14,106,21,22,44,150,123,28,56,56,Flyball,Spray,Spray,99,50,68,109,112,73,40,120,96,37,78,102,77,140,69,89,-,-,-,-,-,-,-,-,4,EX FB,89-91,OTT,Normal,70,68,-,-,-,34,27,28,23,5,10,4,71,-,54,-,-,-,-,-,-,71,-,54,-,-,-,-,-,-,5,5,6,5,2,1,6,4,1,1,0,0,0,0,1,2,0,0,0,0,0,1,0,0.8,0.06,1,0.4,-0.0,4.50,0,0,0.0,0.0,2,0,0,0,1,1,0,1.1,4,4,1,0,0,0,0,0,0,0,0,0,0,0,0,0,0,1,0,3,0,2.62,14,2,1,0,0,0.1,0.0,0.1,6.10,4,1,10,1,8,1,1,0,6.07,-0.5,.000,0,0,13.1,0,0,1,0,1,1,0,0,0,0,0,0,0.0,0.0
RP,Jack Harshman,Jack,Harshman,Transylvania Counts,6' 2',185 lbs,L,L,69,Chicago White Sox,CHW,1954,1946-1960,,83192,Bronze,Snapshot  SP Jack Harshman  CWS  1954,0,N,0,19,38,117,118,26,11,10,14,106,21,22,44,150,123,28,56,56,Flyball,Spray,Spray,99,50,68,109,112,73,40,120,96,37,78,102,77,140,69,89,-,-,-,-,-,-,-,-,4,EX FB,89-91,OTT,Normal,70,68,-,-,-,34,27,28,23,5,10,4,71,-,54,-,-,-,-,-,-,71,-,54,-,-,-,-,-,-,5,5,6,5,1,,2,2,1,1,0,0,0,1,0,0,0,0,0,0,0,0,0,0.5,0.28,0,0.2,0.0,2.50,0,0,0.0,0.0,1,0,0,0,0,0,0,0.2,9,4,3,0,0,0,5,5,4,0,1,0,0,1,0,0,0,0,0,0,0,0.73,41,0,1,0,0,-0.0,-0.1,-0.3,9.69,2,0,6,0,6,0,0,0,11.57,0.0,.000,0,0,4.2,0,0,1,1,0,0,0,0,0,0,0,0,0.0,0.0
RP,Ed Heusser,Ed,Heusser,HickoryHoller JayBirds,6' 0',185 lbs,S,R,68,St. Louis Cardinals,STL,1935,1921-1945,,84268,Bronze,Rookie Sensation  SP Ed Heusser  STL  1935,0,N,0,2,8,1,7,3,4,13,1,12,2,2,7,1,6,4,24,29,Normal,Pull,Pull,53,92,84,73,44,85,116,76,60,99,57,72,-,80,72,-,58,-,-,-,-,-,-,-,3,NEU,89-91,3/4,Normal,58,96,-,-,-,25,21,23,23,3,3,6,53,-,-,-,-,-,-,-,-,53,-,-,-,-,-,-,-,-,8,4,6,12,,,0,0,0,0,0,0,0,0,0,0,0,0,0,0,0,0,0,0.0,0.00,0,-0.0,0.0,0.00,0,0,0.0,0.0,1,0,0,0,0,0,0,1.0,3,3,0,0,0,0,0,0,0,0,0,0,0,0,0,0,0,0,1,1,0,0.43,9,0,3,0,0,0.0,0.0,0.1,1.34,1,0,0,0,0,0,0,0,0.00,0.0,.000,0,0,1.0,0,0,0,0,0,0,0,0,0,0,0,0,0.0,0.0
RP,Ed Holley,Ed,Holley,Statesville Shadowcats,6' 1',195 lbs,R,R,69,Philadelphia Phillies,PHI,1932,1921-1945,,84263,Bronze,Rookie Sensation  SP Ed Holley  PHI  1932,0,N,0,4,8,1,13,7,6,5,1,22,9,4,10,2,11,7,33,10,Normal,Spray,Spray,70,87,77,68,60,82,91,54,78,92,65,75,57,-,77,78,-,-,91,-,-,-,-,-,4,EX FB,90-92,3/4,Normal,76,60,-,-,-,24,20,22,23,3,3,1,51,-,-,-,-,-,-,-,-,51,-,-,-,-,-,-,-,-,5,5,6,5,,,0,0,0,0,0,0,0,0,0,0,0,0,0,0,0,0,0,0.0,0.00,0,-0.0,0.0,0.00,0,0,0.0,0.0,1,0,0,0,0,0,0,2.1,8,8,1,0,0,0,0,0,0,0,3,0,0,0,0,0,0,0,1,1,0,0.13,45,2,2,0,0,0.0,0.1,0.1,0.85,1,0,1,1,0,0,0,0,3.86,0.1,1.096,0,0,2.1,0,0,0,0,1,1,0,0,0,0,0,0,0.0,0.0
RP,Ed Holley,Ed,Holley,Deep 13 Mad Scientists,6' 1',195 lbs,R,R,69,Philadelphia Phillies,PHI,1932,1921-1945,,84263,Bronze,Rookie Sensation  SP Ed Holley  PHI  1932,0,Y,5,6,11,1,16,9,8,7,1,25,12,6,13,4,14,9,33,10,Normal,Spray,Spray,76,94,84,74,66,89,99,59,85,100,71,82,57,-,77,78,-,-,91,-,-,-,-,-,4,EX FB,90-92,3/4,Normal,76,60,-,-,-,24,20,22,23,3,3,1,55,-,-,-,-,-,-,-,-,55,-,-,-,-,-,-,-,-,5,5,6,5,,,0,0,0,0,0,0,0,0,0,0,0,0,0,0,0,0,0,0.0,0.00,0,-0.0,0.0,0.00,0,0,0.0,0.0,1,0,0,0,0,0,0,0.1,1,1,0,0,0,0,0,0,0,0,1,0,0,0,0,0,0,0,1,1,0,0.10,5,0,0,0,0,0.0,0.0,0.0,-3.19,1,0,0,0,0,0,0,0,0.00,0.0,.000,0,0,0.1,0,0,0,0,0,0,0,0,0,0,0,0,0.0,0.0
RP,Ed Holley,Ed,Holley,Roseburg River Hawks,6' 1',195 lbs,R,R,69,Philadelphia Phillies,PHI,1932,1921-1945,,84263,Bronze,Rookie Sensation  SP Ed Holley  PHI  1932,0,N,0,4,8,1,13,7,6,5,1,22,9,4,10,2,11,7,33,10,Normal,Spray,Spray,70,87,77,68,60,82,91,54,78,92,65,75,57,-,77,78,-,-,91,-,-,-,-,-,4,EX FB,90-92,3/4,Normal,76,60,-,-,-,24,20,22,23,3,3,1,51,-,-,-,-,-,-,-,-,51,-,-,-,-,-,-,-,-,5,5,6,5,,,0,0,0,0,0,0,0,0,0,0,0,0,0,0,0,0,0,0.0,0.00,0,-0.0,0.0,0.00,0,0,0.0,0.0,1,0,0,0,0,0,0,3.2,15,15,4,0,0,1,2,2,0,0,1,0,0,0,0,0,0,0,1,0,0,0.21,57,5,4,0,0,-0.0,-0.1,0.0,5.00,1,0,0,0,0,0,0,0,0.00,0.0,.000,0,0,3.2,0,0,0,0,0,0,0,0,0,0,0,0,0.0,0.0
RP,Ed Holley,Ed,Holley,Carlos Chaos Cats,6' 1',195 lbs,R,R,69,Philadelphia Phillies,PHI,1932,1921-1945,,84263,Bronze,Rookie Sensation  SP Ed Holley  PHI  1932,0,N,0,4,8,1,13,7,6,5,1,22,9,4,10,2,11,7,33,10,Normal,Spray,Spray,70,87,77,68,60,82,91,54,78,92,65,75,57,-,77,78,-,-,91,-,-,-,-,-,4,EX FB,90-92,3/4,Normal,76,60,-,-,-,24,20,22,23,3,3,1,51,-,-,-,-,-,-,-,-,51,-,-,-,-,-,-,-,-,5,5,6,5,,,0,0,0,0,0,0,0,0,0,0,0,0,0,0,0,0,0,0.0,0.00,0,-0.0,0.0,0.00,0,0,0.0,0.0,1,0,0,0,0,0,0,0.1,1,1,0,0,0,0,0,0,0,0,0,0,0,0,0,0,0,0,1,2,0,0.30,4,0,1,0,0,0.0,0.0,0.0,1.34,1,0,0,0,0,0,0,0,0.00,0.0,.000,0,0,0.1,0,0,0,0,0,0,0,0,0,0,0,0,0.0,0.0
RP,Ed Holley,Ed,Holley,Indiana Rhubarbs,6' 1',195 lbs,R,R,69,Philadelphia Phillies,PHI,1932,1921-1945,,84263,Bronze,Rookie Sensation  SP Ed Holley  PHI  1932,0,N,0,4,8,1,13,7,6,5,1,22,9,4,10,2,11,7,33,10,Normal,Spray,Spray,70,87,77,68,60,82,91,54,78,92,65,75,57,-,77,78,-,-,91,-,-,-,-,-,4,EX FB,90-92,3/4,Normal,76,60,-,-,-,24,20,22,23,3,3,1,51,-,-,-,-,-,-,-,-,51,-,-,-,-,-,-,-,-,5,5,6,5,,,0,0,0,0,0,0,0,0,0,0,0,0,0,0,0,0,0,0.0,0.00,0,-0.0,0.0,0.00,0,0,0.0,0.0,1,0,0,0,0,0,0,0.1,1,1,0,0,0,0,0,0,0,0,0,0,0,0,0,0,0,0,1,2,0,0.10,1,1,0,0,0,0.0,0.0,0.0,10.95,1,0,0,0,0,0,0,0,0.00,0.0,.000,0,0,0.1,0,0,0,0,0,0,0,0,0,0,0,0,0.0,0.0
RP,Ed Holley,Ed,Holley,Patchogue Pirates,6' 1',195 lbs,R,R,69,Philadelphia Phillies,PHI,1932,1921-1945,,84263,Bronze,Rookie Sensation  SP Ed Holley  PHI  1932,0,N,0,4,8,1,13,7,6,5,1,22,9,4,10,2,11,7,33,10,Normal,Spray,Spray,70,87,77,68,60,82,91,54,78,92,65,75,57,-,77,78,-,-,91,-,-,-,-,-,4,EX FB,90-92,3/4,Normal,76,60,-,-,-,24,20,22,23,3,3,1,51,-,-,-,-,-,-,-,-,51,-,-,-,-,-,-,-,-,5,5,6,5,,,0,0,0,0,0,0,0,0,0,0,0,0,0,0,0,0,0,0.0,0.00,0,-0.0,0.0,0.00,0,0,0.0,0.0,1,0,0,0,0,0,0,1.1,5,5,2,0,0,0,0,0,0,0,1,0,0,0,0,0,0,1,1,2,0,0.88,23,1,1,0,0,0.0,0.1,0.1,3.05,1,0,0,0,0,0,0,0,0.00,0.0,.000,0,0,1.1,0,0,0,0,0,0,0,0,0,0,0,0,0.0,0.0
RP,Ed Holley,Ed,Holley,Transylvania Counts,6' 1',195 lbs,R,R,69,Philadelphia Phillies,PHI,1932,1921-1945,,84263,Bronze,Rookie Sensation  SP Ed Holley  PHI  1932,0,N,0,4,8,1,13,7,6,5,1,22,9,4,10,2,11,7,33,10,Normal,Spray,Spray,70,87,77,68,60,82,91,54,78,92,65,75,57,-,77,78,-,-,91,-,-,-,-,-,4,EX FB,90-92,3/4,Normal,76,60,-,-,-,24,20,22,23,3,3,1,51,-,-,-,-,-,-,-,-,51,-,-,-,-,-,-,-,-,5,5,6,5,,,0,0,0,0,0,0,0,0,0,0,0,0,0,0,0,0,0,0.0,0.00,0,-0.0,0.0,0.00,0,0,0.0,0.0,1,0,0,0,0,0,0,1.2,8,6,0,1,0,0,0,0,2,1,0,0,0,0,0,0,0,0,1,0,0,0.31,31,2,3,0,0,0.0,-0.0,0.1,9.29,1,0,0,0,0,0,0,0,0.00,0.0,.000,0,0,1.2,0,0,0,0,0,0,0,0,0,0,0,0,0.0,0.0
RP,Al Hollingsworth,Al,Hollingsworth,Aberfeldie Falcons,6' 0',175 lbs,L,L,69,Cincinnati Reds,CIN,1936,1921-1945,,83169,Bronze,Snapshot  SP Al Hollingsworth  CIN  1936,0,N,0,28,24,23,30,18,16,14,13,33,10,31,28,27,30,21,26,9,Normal,Spray,Spray,74,69,74,85,92,73,46,108,68,68,83,79,92,97,73,-,-,-,-,-,-,-,-,-,3,FB,90-92,SIDE,Normal,74,33,-,-,-,29,30,27,23,6,4,6,67,-,-,-,-,-,-,-,-,67,-,-,-,-,-,-,-,-,11,4,6,17,,,0,0,0,0,0,0,0,0,0,0,0,0,0,0,0,0,0,0.0,0.00,0,-0.0,0.0,0.00,0,0,0.0,0.0,1,0,0,0,0,0,0,3.1,12,11,1,0,0,0,0,0,1,0,3,0,0,0,0,0,0,0,1,2,0,0.18,39,4,3,0,0,0.0,0.1,0.2,3.40,1,0,0,0,0,0,0,0,0.00,0.0,.000,0,0,3.1,0,0,0,0,0,0,0,0,0,0,0,0,0.0,0.0
RP,Al Hollingsworth,Al,Hollingsworth,Brentwood Senators,6' 0',175 lbs,L,L,69,Cincinnati Reds,CIN,1936,1921-1945,,83169,Bronze,Snapshot  SP Al Hollingsworth  CIN  1936,0,N,0,28,24,23,30,18,16,14,13,33,10,31,28,27,30,21,26,9,Normal,Spray,Spray,74,69,74,85,92,73,46,108,68,68,83,79,92,97,73,-,-,-,-,-,-,-,-,-,3,FB,90-92,SIDE,Normal,74,33,-,-,-,29,30,27,23,6,4,6,67,-,-,-,-,-,-,-,-,67,-,-,-,-,-,-,-,-,11,4,6,17,,,0,0,0,0,0,0,0,0,0,0,0,0,0,0,0,0,0,0.0,0.00,0,-0.0,0.0,0.00,0,0,0.0,0.0,1,0,0,0,0,0,0,0.2,2,2,0,0,0,0,0,0,0,0,1,0,0,0,0,0,0,0,1,2,0,0.95,7,0,1,0,0,0.0,0.0,0.0,-3.70,1,0,0,0,0,0,0,0,0.00,0.0,.000,0,0,0.2,0,0,0,0,0,0,0,0,0,0,0,0,0.0,0.0
RP,Al Hollingsworth,Al,Hollingsworth,Carlos Chaos Cats,6' 0',175 lbs,L,L,69,Cincinnati Reds,CIN,1936,1921-1945,,83169,Bronze,Snapshot  SP Al Hollingsworth  CIN  1936,0,N,0,28,24,23,30,18,16,14,13,33,10,31,28,27,30,21,26,9,Normal,Spray,Spray,74,69,74,85,92,73,46,108,68,68,83,79,92,97,73,-,-,-,-,-,-,-,-,-,3,FB,90-92,SIDE,Normal,74,33,-,-,-,29,30,27,23,6,4,6,67,-,-,-,-,-,-,-,-,67,-,-,-,-,-,-,-,-,11,4,6,17,,,0,0,0,0,0,0,0,0,0,0,0,0,0,0,0,0,0,0.0,0.00,0,-0.0,0.0,0.00,0,0,0.0,0.0,1,0,0,0,0,1,0,2.1,8,8,1,0,0,0,0,0,0,0,1,0,0,0,0,0,0,0,1,0,0,0.64,23,3,3,0,0,0.1,0.1,0.1,4.14,1,0,2,1,1,0,0,0,7.71,0.1,1.096,0,0,2.1,0,0,1,1,0,0,0,0,0,0,0,0,0.0,0.0
RP,Al Hollingsworth,Al,Hollingsworth,Patchogue Pirates,6' 0',175 lbs,L,L,69,Cincinnati Reds,CIN,1936,1921-1945,,83169,Bronze,Snapshot  SP Al Hollingsworth  CIN  1936,0,N,0,28,24,23,30,18,16,14,13,33,10,31,28,27,30,21,26,9,Normal,Spray,Spray,74,69,74,85,92,73,46,108,68,68,83,79,92,97,73,-,-,-,-,-,-,-,-,-,3,FB,90-92,SIDE,Normal,74,33,-,-,-,29,30,27,23,6,4,6,67,-,-,-,-,-,-,-,-,67,-,-,-,-,-,-,-,-,11,4,6,17,,,0,0,0,0,0,0,0,0,0,0,0,0,0,0,0,0,0,0.0,0.00,0,-0.0,0.0,0.00,0,0,0.0,0.0,2,0,0,0,0,0,0,5.1,19,17,1,0,0,0,0,0,2,0,2,0,0,0,0,0,0,0,2,1,0,0.16,57,5,9,0,0,0.0,0.1,0.3,5.63,2,0,2,0,2,0,0,0,3.38,0.0,.000,0,0,5.1,0,0,0,0,0,0,0,0,0,0,0,0,0.0,0.0
RP,Al Hollingsworth,Al,Hollingsworth,Transylvania Counts,6' 0',175 lbs,L,L,69,Cincinnati Reds,CIN,1936,1921-1945,,83169,Bronze,Snapshot  SP Al Hollingsworth  CIN  1936,0,N,0,28,24,23,30,18,16,14,13,33,10,31,28,27,30,21,26,9,Normal,Spray,Spray,74,69,74,85,92,73,46,108,68,68,83,79,92,97,73,-,-,-,-,-,-,-,-,-,3,FB,90-92,SIDE,Normal,74,33,-,-,-,29,30,27,23,6,4,6,67,-,-,-,-,-,-,-,-,67,-,-,-,-,-,-,-,-,11,4,6,17,,,0,0,0,0,0,0,0,0,0,0,0,0,0,0,0,0,0,0.0,0.00,0,-0.0,0.0,0.00,0,0,0.0,0.0,2,0,1,0,0,0,1,3.2,18,14,3,0,1,0,1,1,3,1,1,0,0,1,1,0,0,0,2,2,2,0.67,63,6,4,0,0,-0.3,0.0,0.1,6.97,2,0,0,0,0,0,0,0,0.00,0.0,.000,0,0,3.2,0,0,0,0,0,0,0,0,0,0,0,0,0.0,0.0
RP,Jesse Houston,Jesse,Houston,Daegu Lions,5' 10',175 lbs,R,R,67,Chicago American Giants,CAG,1938,1921-1945,,84421,Bronze,Negro League Star  SP Jesse Houston  CAG  1938,0,N,0,57,53,1,55,35,58,54,1,57,36,57,53,1,55,35,46,21,Normal,Normal,Spray,60,85,74,79,57,85,72,79,60,85,75,79,64,79,78,74,-,-,-,-,-,-,-,-,4,NEU,87-89,3/4,Normal,68,60,1,1,1,59,29,37,53,53,59,65,92,-,57,45,-,23,-,-,56,92,-,57,45,-,23,-,-,56,31,4,6,28,,,0,0,0,0,0,0,0,0,0,0,0,0,0,0,0,0,0,0.0,0.00,0,-0.0,0.0,0.00,0,0,0.0,0.0,2,0,1,0,0,2,0,5.2,23,22,3,0,0,1,1,1,1,0,1,0,0,0,0,0,0,0,2,2,1,1.59,68,9,7,0,0,0.4,-0.1,0.3,5.83,2,0,1,1,0,0,0,0,1.59,0.0,.000,0,0,5.2,0,0,0,0,0,0,0,0,0,0,0,0,0.0,0.0
RP,Sam Jones,Sam,Jones,Energy Efficiency,6' 0',170 lbs,R,R,62,Washington Senators,MIN,1928,1921-1945,,83092,Bronze,Veteran Presence  SP Sam Jones  WS1  1928,0,N,0,24,69,47,46,26,31,85,33,42,32,22,64,52,48,24,74,4,Normal,Normal,Normal,56,66,91,78,47,63,111,78,61,69,75,78,74,75,55,-,-,-,-,-,-,-,-,-,3,NEU,89-91,3/4,Normal,86,115,-,-,-,28,23,25,26,3,7,10,59,-,-,-,-,-,-,-,-,59,-,-,-,-,-,-,-,-,47,42,49,49,,,0,0,0,0,0,0,0,0,0,0,0,0,0,0,0,0,0,0.0,0.00,0,-0.0,0.0,0.00,0,0,0.0,0.0,3,0,1,1,0,1,1,4.2,24,18,4,0,0,0,2,2,5,0,4,1,0,0,0,0,0,0,3,4,0,1.90,84,4,6,0,0,0.2,-0.1,0.1,5.97,3,0,0,0,0,0,0,0,0.00,0.0,.000,0,0,4.2,0,0,0,0,0,0,0,0,0,0,0,0,0.0,0.0
RP,Joe Krakauskas,Joe,Krakauskas,Michigan Black Bears,6' 1',205 lbs,L,L,57,Washington Senators,MIN,1938,1921-1945,CS,85829,Iron,Clubhouse - Rookie Sensation  SP Joe Krakauskas  WS1  1938,0,N,0,1,5,1,4,1,3,7,1,4,1,1,5,1,5,2,32,1,Normal,Spray,Spray,129,31,121,98,108,48,38,150,136,22,152,80,107,152,-,-,105,-,-,-,-,-,-,-,3,EX FB,90-92,3/4,Normal,67,52,-,-,-,23,20,22,23,9,1,10,50,-,-,-,-,-,-,-,-,50,-,-,-,-,-,-,-,-,9,3,6,15,,,0,0,0,0,0,0,0,0,0,0,0,0,0,0,0,0,0,0.0,0.00,0,-0.0,0.0,0.00,0,0,0.0,0.0,2,0,0,0,0,0,0,1.1,4,3,0,0,0,0,0,0,0,0,1,0,0,1,0,0,0,0,2,3,1,0.15,15,0,3,0,0,-0.0,0.1,0.1,-1.88,2,0,0,0,0,0,0,0,0.00,0.0,.000,0,0,1.1,0,0,0,0,0,0,0,0,0,0,0,0,0.0,0.0
RP,Dutch Leonard,Dutch,Leonard,Energy Efficiency,6' 0',175 lbs,R,R,69,Washington Senators,MIN,1938,1921-1945,,83200,Bronze,Snapshot  SP Dutch Leonard  WS1  1938,0,N,0,26,61,4,34,25,36,42,4,37,25,21,64,4,33,26,68,7,Normal,Pull,Pull,50,94,87,75,51,103,122,79,49,88,58,72,62,-,57,-,-,-,-,-,-,72,-,61,4,EX FB,90-92,OTT,Normal,75,60,-,-,-,35,30,29,23,8,5,3,75,-,-,-,-,-,-,-,-,75,-,-,-,-,-,-,-,-,8,5,6,10,,,0,0,0,0,0,0,0,0,0,0,0,0,0,0,0,0,0,0.0,0.00,0,-0.0,0.0,0.00,0,0,0.0,0.0,2,0,0,0,0,1,0,12.0,44,42,5,1,0,3,3,3,2,1,3,0,0,0,0,0,0,3,1,2,0,1.69,152,14,15,0,0,0.8,-0.3,0.5,5.57,2,0,1,0,1,0,0,0,0.75,0.0,.000,0,0,12.0,0,0,0,0,0,0,0,0,0,0,0,0,-0.1,0.0
RP,Red Lucas,Red,Lucas,Deep 13 Mad Scientists,5' 9',170 lbs,L,R,68,Cincinnati Reds,CIN,1927,1921-1945,,86781,Bronze,T4 Ep. 9 - Baseball Reference 8  SP Red Lucas  CIN  1927,0,N,0,89,73,10,87,81,128,124,10,20,86,80,52,10,100,80,44,9,Groundball,Normal,Normal,55,115,93,100,38,107,98,87,64,122,90,112,74,79,78,-,-,-,-,-,-,-,-,-,3,FB,87-89,3/4,Normal,93,62,-,-,-,54,53,69,69,46,100,40,106,-,-,57,-,43,57,-,-,106,-,-,57,-,43,57,-,-,31,4,6,14,,,0,0,0,0,0,0,0,0,0,0,0,0,0,0,0,0,0,0.0,0.00,0,-0.0,0.0,0.00,0,0,0.0,0.0,1,0,0,0,0,0,0,6.1,22,21,6,0,0,0,0,0,1,0,0,0,0,0,0,0,0,3,0,0,0,0.59,72,9,6,0,0,-0.0,0.1,0.5,6.50,1,0,1,1,0,0,0,0,1.42,0.1,1.096,0,0,6.1,0,0,1,1,0,0,0,0,0,0,0,0,0.0,0.0
RP,Red Lucas,Red,Lucas,Huatulco Tacos,5' 9',170 lbs,L,R,68,Cincinnati Reds,CIN,1927,1921-1945,,86781,Bronze,T4 Ep. 9 - Baseball Reference 8  SP Red Lucas  CIN  1927,0,N,0,89,73,10,87,81,128,124,10,20,86,80,52,10,100,80,44,9,Groundball,Normal,Normal,55,115,93,100,38,107,98,87,64,122,90,112,74,79,78,-,-,-,-,-,-,-,-,-,3,FB,87-89,3/4,Normal,93,62,-,-,-,54,53,69,69,46,100,40,106,-,-,57,-,43,57,-,-,106,-,-,57,-,43,57,-,-,31,4,6,14,,,0,0,0,0,0,0,0,0,0,0,0,0,0,0,0,0,0,0.0,0.00,0,-0.0,0.0,0.00,0,0,0.0,0.0,1,0,0,0,0,0,0,3.0,11,11,1,0,0,1,1,1,0,0,0,0,0,0,0,0,0,0,1,1,0,0.13,51,1,8,0,0,0.0,-0.1,0.1,4.63,1,0,0,0,0,0,0,0,0.00,-0.1,.000,0,0,3.0,0,0,0,0,0,0,1,0,0,0,0,0,0.0,0.0
RP,Red Lucas,Red,Lucas,Columbus Evil Squirrels,5' 9',170 lbs,L,R,68,Cincinnati Reds,CIN,1927,1921-1945,,86781,Bronze,T4 Ep. 9 - Baseball Reference 8  SP Red Lucas  CIN  1927,0,N,0,89,73,10,87,81,128,124,10,20,86,80,52,10,100,80,44,9,Groundball,Normal,Normal,55,115,93,100,38,107,98,87,64,122,90,112,74,79,78,-,-,-,-,-,-,-,-,-,3,FB,87-89,3/4,Normal,93,62,-,-,-,54,53,69,69,46,100,40,106,-,-,57,-,43,57,-,-,106,-,-,57,-,43,57,-,-,31,4,6,14,,,0,0,0,0,0,0,0,0,0,0,0,0,0,0,0,0,0,0.0,0.00,0,-0.0,0.0,0.00,0,0,0.0,0.0,1,0,0,0,0,0,0,1.2,7,6,1,0,1,0,1,1,0,0,0,0,0,1,0,0,0,0,1,0,0,0.07,21,2,3,0,0,-0.0,0.0,-0.0,6.27,1,0,1,0,1,0,0,0,5.40,0.0,.000,0,0,1.2,0,0,0,0,0,0,0,0,0,0,0,0,0.0,0.0
RP,Red Lucas,Red,Lucas,Breslau Binturings - HotL,5' 9',170 lbs,L,R,68,Cincinnati Reds,CIN,1927,1921-1945,,86781,Bronze,T4 Ep. 9 - Baseball Reference 8  SP Red Lucas  CIN  1927,0,N,0,89,73,10,87,81,128,124,10,20,86,80,52,10,100,80,44,9,Groundball,Normal,Normal,55,115,93,100,38,107,98,87,64,122,90,112,74,79,78,-,-,-,-,-,-,-,-,-,3,FB,87-89,3/4,Normal,93,62,-,-,-,54,53,69,69,46,100,40,106,-,-,57,-,43,57,-,-,106,-,-,57,-,43,57,-,-,31,4,6,14,,,0,0,0,0,0,0,0,0,0,0,0,0,0,0,0,0,0,0.0,0.00,0,-0.0,0.0,0.00,0,0,0.0,0.0,3,0,0,1,0,0,1,5.0,24,23,5,1,0,1,7,6,1,0,3,0,0,0,1,0,0,1,1,5,0,1.44,87,9,2,0,0,-0.5,-0.0,-0.5,4.95,3,0,2,0,2,0,0,0,3.60,0.0,.000,0,0,5.0,0,0,0,0,0,0,0,0,0,0,0,0,0.0,0.0
RP,Red Lucas,Red,Lucas,Moonsault Collective MCs,5' 9',170 lbs,L,R,68,Cincinnati Reds,CIN,1927,1921-1945,,86781,Bronze,T4 Ep. 9 - Baseball Reference 8  SP Red Lucas  CIN  1927,0,N,0,89,73,10,87,81,128,124,10,20,86,80,52,10,100,80,44,9,Groundball,Normal,Normal,55,115,93,100,38,107,98,87,64,122,90,112,74,79,78,-,-,-,-,-,-,-,-,-,3,FB,87-89,3/4,Normal,93,62,-,-,-,54,53,69,69,46,100,40,106,-,-,57,-,43,57,-,-,106,-,-,57,-,43,57,-,-,31,4,6,14,,,0,0,0,0,0,0,0,0,0,0,0,0,0,0,0,0,0,0.0,0.00,0,-0.0,0.0,0.00,0,0,0.0,0.0,2,0,0,1,0,0,1,6.1,32,31,6,2,2,1,8,7,1,0,3,0,0,0,0,0,0,0,1,2,0,1.49,105,8,8,0,0,-0.2,-0.0,-0.5,4.98,2,0,2,1,1,0,0,0,2.84,0.1,1.096,0,0,6.1,0,0,1,1,0,0,0,0,0,0,0,0,0.0,0.0
RP,Red Lucas,Red,Lucas,Indiana Rhubarbs,5' 9',170 lbs,L,R,68,Cincinnati Reds,CIN,1927,1921-1945,,86781,Bronze,T4 Ep. 9 - Baseball Reference 8  SP Red Lucas  CIN  1927,0,N,0,89,73,10,87,81,128,124,10,20,86,80,52,10,100,80,44,9,Groundball,Normal,Normal,55,115,93,100,38,107,98,87,64,122,90,112,74,79,78,-,-,-,-,-,-,-,-,-,3,FB,87-89,3/4,Normal,93,62,-,-,-,54,53,69,69,46,100,40,106,-,-,57,-,43,57,-,-,106,-,-,57,-,43,57,-,-,31,4,6,14,,,0,0,0,0,0,0,0,0,0,0,0,0,0,0,0,0,0,0.0,0.00,0,-0.0,0.0,0.00,0,0,0.0,0.0,2,0,0,0,0,0,0,9.0,37,35,5,1,0,2,5,5,2,0,1,0,0,0,1,0,0,0,1,0,0,0.21,130,10,16,0,0,-0.0,-0.2,-0.0,6.44,2,0,4,2,2,0,0,0,4.00,0.1,1.096,0,0,9.0,0,0,1,1,1,1,0,0,0,0,0,0,0.0,0.0
RP,Christy Mathewson,Christy,Mathewson,Town of Lake Loons,6' 1',195 lbs,R,R,65,New York Giants,SFG,1914,2026,,86706,Bronze,Studs & Duds - Veteran Presence  SP Christy Mathewson  NY1  1914,0,N,0,26,57,5,57,33,21,41,3,61,32,28,61,6,56,34,52,9,Normal,Pull,Pull,52,201,95,91,45,200,93,66,57,202,97,113,65,-,67,-,-,-,-,-,-,72,-,-,3,NEU,89-91,3/4,Finesse,102,66,-,-,-,26,50,33,23,5,3,6,81,-,-,-,-,-,-,-,-,81,-,-,-,-,-,-,-,-,69,80,80,59,,,0,0,0,0,0,0,0,0,0,0,0,0,0,0,0,0,0,0.0,0.00,0,-0.0,0.0,0.00,0,0,0.0,0.0,1,0,0,0,0,0,0,0.1,1,1,0,0,0,0,0,0,0,0,0,0,0,0,0,0,0,0,1,0,0,0.00,2,1,0,0,0,-0.0,0.0,0.0,10.95,1,0,0,0,0,0,0,0,0.00,0.0,.000,0,0,0.1,0,0,0,0,0,0,0,0,0,0,0,0,0.0,0.0
RP,Jack Meyer,Jack,Meyer,Cape Cod Sharks - HotL,6' 1',175 lbs,R,R,69,Philadelphia Phillies,PHI,1958,1946-1960,LE,84854,Bronze,Limited Edition/42  RP Jack Meyer  PHI  1958,0,N,0,3,2,1,3,2,3,3,1,3,2,4,2,1,3,2,27,20,Normal,Spray,Spray,126,69,69,98,135,69,62,121,118,69,75,80,91,-,145,-,-,-,-,-,-,-,-,-,2,EX FB,90-92,OTT,Normal,49,59,-,-,-,35,20,26,23,3,10,8,65,-,-,-,-,-,-,-,-,65,-,-,-,-,-,-,-,-,5,5,6,5,,,0,0,0,0,0,0,0,0,0,0,0,0,0,0,0,0,0,0.0,0.00,0,-0.0,0.0,0.00,0,0,0.0,0.0,1,0,0,0,0,0,0,3.1,11,11,1,0,0,0,0,0,0,0,4,0,0,0,0,0,0,0,1,1,0,0.17,48,3,3,0,0,0.0,0.2,0.2,0.98,1,0,0,0,0,0,0,0,0.00,0.0,.000,0,0,3.1,0,0,0,0,0,0,0,0,0,0,0,0,0.0,0.0
RP,Jack Meyer,Jack,Meyer,Daegu Lions,6' 1',175 lbs,R,R,69,Philadelphia Phillies,PHI,1958,1946-1960,LE,84854,Bronze,Limited Edition/42  RP Jack Meyer  PHI  1958,0,N,0,3,2,1,3,2,3,3,1,3,2,4,2,1,3,2,27,20,Normal,Spray,Spray,126,69,69,98,135,69,62,121,118,69,75,80,91,-,145,-,-,-,-,-,-,-,-,-,2,EX FB,90-92,OTT,Normal,49,59,-,-,-,35,20,26,23,3,10,8,65,-,-,-,-,-,-,-,-,65,-,-,-,-,-,-,-,-,5,5,6,5,,,0,0,0,0,0,0,0,0,0,0,0,0,0,0,0,0,0,0.0,0.00,0,-0.0,0.0,0.00,0,0,0.0,0.0,6,0,2,2,0,0,2,10.0,46,42,11,3,0,0,5,5,2,1,5,0,0,2,1,0,0,1,5,7,2,2.25,170,6,18,0,0,-0.9,0.5,0.1,4.69,6,0,1,1,0,0,0,0,0.90,-0.4,.548,0,0,10.0,0,0,1,0,1,1,0,0,0,0,0,0,0.0,0.0
RP,Jack Meyer,Jack,Meyer,BAGgin' Dingers TTC,6' 1',175 lbs,R,R,69,Philadelphia Phillies,PHI,1958,1946-1960,LE,84854,Bronze,Limited Edition/42  RP Jack Meyer  PHI  1958,0,N,0,3,2,1,3,2,3,3,1,3,2,4,2,1,3,2,27,20,Normal,Spray,Spray,126,69,69,98,135,69,62,121,118,69,75,80,91,-,145,-,-,-,-,-,-,-,-,-,2,EX FB,90-92,OTT,Normal,49,59,-,-,-,35,20,26,23,3,10,8,65,-,-,-,-,-,-,-,-,65,-,-,-,-,-,-,-,-,5,5,6,5,,,0,0,0,0,0,0,0,0,0,0,0,0,0,0,0,0,0,0.0,0.00,0,-0.0,0.0,0.00,0,0,0.0,0.0,1,0,0,0,0,1,0,4.0,17,16,3,0,0,0,0,0,1,1,7,0,0,0,0,0,0,0,1,0,0,0.58,64,3,2,0,0,0.1,0.3,0.3,1.26,1,0,0,0,0,0,0,0,0.00,0.0,.000,0,0,4.0,0,0,0,0,0,0,0,0,0,0,0,0,0.0,0.0
RP,Bob Miller,Bob,Miller,Black Dog,6' 1',185 lbs,R,L,69,Detroit Tigers,DET,1954,1946-1960,CS,84696,Bronze,Clubhouse - April Fools' Day  RP Bob Miller  DET  1954,0,N,0,1,5,1,3,2,1,5,1,3,2,1,5,1,3,2,21,1,Normal,Pull,Pull,66,87,90,140,104,58,151,159,43,95,76,133,78,-,-,68,-,-,-,-,-,-,-,-,2,NEU,89-91,SIDE,Normal,56,49,-,-,-,27,20,23,23,2,6,8,55,-,-,-,-,-,-,-,-,55,-,-,-,-,-,-,-,-,7,5,6,8,,,0,0,0,0,0,0,0,0,0,0,0,0,0,0,0,0,0,0.0,0.00,0,-0.0,0.0,0.00,0,0,0.0,0.0,7,0,0,2,1,3,3,10.2,45,41,7,2,1,0,6,6,3,0,7,0,1,0,0,0,0,1,5,6,2,1.91,162,15,8,0,0,-0.4,0.4,-0.0,4.51,7,0,4,4,0,0,0,0,3.38,0.2,1.096,0,0,10.2,0,0,4,4,0,0,0,0,0,0,0,0,0.0,0.0
RP,Bob Miller,Bob,Miller,Seoul Hannams,6' 1',185 lbs,R,L,69,Detroit Tigers,DET,1954,1946-1960,CS,84696,Bronze,Clubhouse - April Fools' Day  RP Bob Miller  DET  1954,0,N,0,1,5,1,3,2,1,5,1,3,2,1,5,1,3,2,21,1,Normal,Pull,Pull,66,87,90,140,104,58,151,159,43,95,76,133,78,-,-,68,-,-,-,-,-,-,-,-,2,NEU,89-91,SIDE,Normal,56,49,-,-,-,27,20,23,23,2,6,8,55,-,-,-,-,-,-,-,-,55,-,-,-,-,-,-,-,-,7,5,6,8,,,0,0,0,0,0,0,0,0,0,0,0,0,0,0,0,0,0,0.0,0.00,0,-0.0,0.0,0.00,0,0,0.0,0.0,2,0,0,0,0,2,0,5.2,17,17,0,0,0,0,0,0,0,0,0,0,0,0,0,0,0,0,2,3,0,0.51,52,8,9,0,0,0.2,0.1,0.3,6.23,2,0,3,1,2,0,0,0,4.76,0.1,1.096,0,0,5.2,0,0,1,1,0,0,0,0,0,0,0,0,0.0,0.0
RP,Bob Miller,Bob,Miller,Deep 13 Mad Scientists,6' 1',185 lbs,R,L,69,Detroit Tigers,DET,1954,1946-1960,CS,84696,Bronze,Clubhouse - April Fools' Day  RP Bob Miller  DET  1954,0,N,0,1,5,1,3,2,1,5,1,3,2,1,5,1,3,2,21,1,Normal,Pull,Pull,66,87,90,140,104,58,151,159,43,95,76,133,78,-,-,68,-,-,-,-,-,-,-,-,2,NEU,89-91,SIDE,Normal,56,49,-,-,-,27,20,23,23,2,6,8,55,-,-,-,-,-,-,-,-,55,-,-,-,-,-,-,-,-,7,5,6,8,,,0,0,0,0,0,0,0,0,0,0,0,0,0,0,0,0,0,0.0,0.00,0,-0.0,0.0,0.00,0,0,0.0,0.0,2,0,0,1,0,1,0,7.2,33,28,4,0,0,0,1,0,4,3,4,0,1,0,1,0,0,0,1,3,0,3.14,97,11,8,0,0,0.8,0.5,0.7,5.53,2,0,1,1,0,0,0,0,1.17,0.1,1.096,0,0,7.2,0,0,0,0,1,1,0,0,0,0,0,0,0.0,0.0
RP,Bob Miller,Bob,Miller,Cape Cod Sharks - HotL,6' 1',185 lbs,R,L,69,Detroit Tigers,DET,1954,1946-1960,CS,84696,Bronze,Clubhouse - April Fools' Day  RP Bob Miller  DET  1954,0,N,0,1,5,1,3,2,1,5,1,3,2,1,5,1,3,2,21,1,Normal,Pull,Pull,66,87,90,140,104,58,151,159,43,95,76,133,78,-,-,68,-,-,-,-,-,-,-,-,2,NEU,89-91,SIDE,Normal,56,49,-,-,-,27,20,23,23,2,6,8,55,-,-,-,-,-,-,-,-,55,-,-,-,-,-,-,-,-,7,5,6,8,,,0,0,0,0,0,0,0,0,0,0,0,0,0,0,0,0,0,0.0,0.00,0,-0.0,0.0,0.00,0,0,0.0,0.0,3,0,1,0,0,1,0,7.2,29,27,3,0,1,0,1,1,2,0,5,0,0,0,0,0,0,0,3,2,0,1.67,97,10,8,0,0,0.4,0.3,0.5,4.23,3,0,4,4,0,0,0,0,4.70,0.3,1.096,0,0,7.2,0,0,3,3,1,1,0,0,0,0,0,0,0.0,0.0
RP,Bob Miller,Bob,Miller,OKC Whirlwinds - PCK,6' 1',185 lbs,R,L,69,Detroit Tigers,DET,1954,1946-1960,CS,84696,Bronze,Clubhouse - April Fools' Day  RP Bob Miller  DET  1954,0,N,0,1,5,1,3,2,1,5,1,3,2,1,5,1,3,2,21,1,Normal,Pull,Pull,66,87,90,140,104,58,151,159,43,95,76,133,78,-,-,68,-,-,-,-,-,-,-,-,2,NEU,89-91,SIDE,Normal,56,49,-,-,-,27,20,23,23,2,6,8,55,-,-,-,-,-,-,-,-,55,-,-,-,-,-,-,-,-,7,5,6,8,,,0,0,0,0,0,0,0,0,0,0,0,0,0,0,0,0,0,0.0,0.00,0,-0.0,0.0,0.00,0,0,0.0,0.0,10,0,4,1,0,5,3,20.0,78,73,8,2,1,2,6,5,2,1,7,0,2,1,0,0,0,0,9,9,1,2.24,237,31,23,0,0,0.6,0.3,0.8,4.93,10,0,4,3,1,0,0,0,1.80,0.2,1.096,0,0,20.0,0,0,2,2,1,1,0,0,0,0,0,0,0.0,0.0
RP,Bob Miller,Bob,Miller,Breslau Binturings - HotL,6' 1',185 lbs,R,L,69,Detroit Tigers,DET,1954,1946-1960,CS,84696,Bronze,Clubhouse - April Fools' Day  RP Bob Miller  DET  1954,0,N,0,1,5,1,3,2,1,5,1,3,2,1,5,1,3,2,21,1,Normal,Pull,Pull,66,87,90,140,104,58,151,159,43,95,76,133,78,-,-,68,-,-,-,-,-,-,-,-,2,NEU,89-91,SIDE,Normal,56,49,-,-,-,27,20,23,23,2,6,8,55,-,-,-,-,-,-,-,-,55,-,-,-,-,-,-,-,-,7,5,6,8,,,0,0,0,0,0,0,0,0,0,0,0,0,0,0,0,0,0,0.0,0.00,0,-0.0,0.0,0.00,0,0,0.0,0.0,6,0,0,1,0,1,1,10.1,42,39,8,0,1,0,3,3,3,0,7,0,0,0,1,0,0,0,6,5,1,1.31,146,12,11,0,0,-0.6,0.3,0.3,4.33,6,0,3,2,1,0,0,0,2.61,0.1,1.096,0,0,10.1,0,0,1,1,0,0,0,0,0,0,0,0,0.0,0.0
RP,Bob Miller,Bob,Miller,Ware Wolves2,6' 1',185 lbs,R,L,69,Detroit Tigers,DET,1954,1946-1960,CS,84696,Bronze,Clubhouse - April Fools' Day  RP Bob Miller  DET  1954,0,N,0,1,5,1,3,2,1,5,1,3,2,1,5,1,3,2,21,1,Normal,Pull,Pull,66,87,90,140,104,58,151,159,43,95,76,133,78,-,-,68,-,-,-,-,-,-,-,-,2,NEU,89-91,SIDE,Normal,56,49,-,-,-,27,20,23,23,2,6,8,55,-,-,-,-,-,-,-,-,55,-,-,-,-,-,-,-,-,7,5,6,8,,,0,0,0,0,0,0,0,0,0,0,0,0,0,0,0,0,0,0.0,0.00,0,-0.0,0.0,0.00,0,0,0.0,0.0,9,0,0,1,0,5,1,11.2,56,53,9,3,2,1,8,3,3,0,10,0,0,0,0,0,0,0,6,9,1,1.27,212,11,14,0,0,0.4,0.2,-0.2,3.97,8,0,1,0,1,0,0,0,0.77,0.0,.000,0,0,11.2,0,0,0,0,0,0,0,0,0,0,0,0,0.0,0.0
RP,Bob Miller,Bob,Miller,Madison Moundsmen,6' 1',185 lbs,R,L,69,Detroit Tigers,DET,1954,1946-1960,CS,84696,Bronze,Clubhouse - April Fools' Day  RP Bob Miller  DET  1954,0,N,0,1,5,1,3,2,1,5,1,3,2,1,5,1,3,2,21,1,Normal,Pull,Pull,66,87,90,140,104,58,151,159,43,95,76,133,78,-,-,68,-,-,-,-,-,-,-,-,2,NEU,89-91,SIDE,Normal,56,49,-,-,-,27,20,23,23,2,6,8,55,-,-,-,-,-,-,-,-,55,-,-,-,-,-,-,-,-,7,5,6,8,,,0,0,0,0,0,0,0,0,0,0,0,0,0,0,0,0,0,0.0,0.00,0,-0.0,0.0,0.00,0,0,0.0,0.0,3,0,0,1,0,0,1,10.0,44,39,8,0,1,1,7,6,4,0,6,0,1,0,1,0,0,1,1,1,1,0.89,163,10,13,0,0,-0.8,0.0,-0.1,5.04,3,0,2,2,0,0,0,0,1.80,0.2,1.096,0,0,10.0,0,0,0,0,1,1,1,1,0,0,0,0,0.0,0.0
RP,Bob Miller,Bob,Miller,White Rabbitt,6' 1',185 lbs,R,L,69,Detroit Tigers,DET,1954,1946-1960,CS,84696,Bronze,Clubhouse - April Fools' Day  RP Bob Miller  DET  1954,0,N,0,1,5,1,3,2,1,5,1,3,2,1,5,1,3,2,21,1,Normal,Pull,Pull,66,87,90,140,104,58,151,159,43,95,76,133,78,-,-,68,-,-,-,-,-,-,-,-,2,NEU,89-91,SIDE,Normal,56,49,-,-,-,27,20,23,23,2,6,8,55,-,-,-,-,-,-,-,-,55,-,-,-,-,-,-,-,-,7,5,6,8,,,0,0,0,0,0,0,0,0,0,0,0,0,0,0,0,0,0,0.0,0.00,0,-0.0,0.0,0.00,0,0,0.0,0.0,4,0,0,0,0,2,0,9.2,36,34,3,1,0,0,1,1,2,0,5,0,0,0,0,0,0,0,4,0,0,0.63,124,13,11,0,0,0.4,0.2,0.5,4.55,4,0,1,1,0,0,0,0,0.93,0.1,1.096,0,0,9.2,0,0,1,1,0,0,0,0,0,0,0,0,0.0,0.0
RP,Bob Miller,Bob,Miller,Ethiopia Pink Elephants,6' 1',185 lbs,R,L,69,Detroit Tigers,DET,1954,1946-1960,CS,84696,Bronze,Clubhouse - April Fools' Day  RP Bob Miller  DET  1954,0,N,0,1,5,1,3,2,1,5,1,3,2,1,5,1,3,2,21,1,Normal,Pull,Pull,66,87,90,140,104,58,151,159,43,95,76,133,78,-,-,68,-,-,-,-,-,-,-,-,2,NEU,89-91,SIDE,Normal,56,49,-,-,-,27,20,23,23,2,6,8,55,-,-,-,-,-,-,-,-,55,-,-,-,-,-,-,-,-,7,5,6,8,,,0,0,0,0,0,0,0,0,0,0,0,0,0,0,0,0,0,0.0,0.00,0,-0.0,0.0,0.00,0,0,0.0,0.0,3,0,0,1,0,1,1,2.2,13,11,4,0,0,0,2,2,2,1,0,0,0,0,0,0,0,1,2,3,1,1.97,52,2,5,0,0,-0.3,0.0,-0.1,8.16,3,0,0,0,0,0,0,0,0.00,0.0,.000,0,0,2.2,0,0,0,0,0,0,0,0,0,0,0,0,0.0,0.0
RP,Bob Miller,Bob,Miller,New Platson Grand Petites HotL,6' 1',185 lbs,R,L,69,Detroit Tigers,DET,1954,1946-1960,CS,84696,Bronze,Clubhouse - April Fools' Day  RP Bob Miller  DET  1954,0,N,0,1,5,1,3,2,1,5,1,3,2,1,5,1,3,2,21,1,Normal,Pull,Pull,66,87,90,140,104,58,151,159,43,95,76,133,78,-,-,68,-,-,-,-,-,-,-,-,2,NEU,89-91,SIDE,Normal,56,49,-,-,-,27,20,23,23,2,6,8,55,-,-,-,-,-,-,-,-,55,-,-,-,-,-,-,-,-,7,5,6,8,,,0,0,0,0,0,0,0,0,0,0,0,0,0,0,0,0,0,0.0,0.00,0,-0.0,0.0,0.00,0,0,0.0,0.0,2,0,0,1,0,0,2,6.0,31,29,8,3,0,1,8,8,2,0,0,0,0,0,0,0,0,0,0,2,0,1.83,95,4,13,0,0,-0.9,-0.2,-0.6,6.96,2,0,1,0,1,0,0,0,1.50,0.0,.000,0,0,6.0,0,0,0,0,0,0,0,0,0,0,0,0,0.0,0.0
RP,Bob Miller,Bob,Miller,Daegu Lions,6' 1',185 lbs,R,L,69,Detroit Tigers,DET,1954,1946-1960,CS,84696,Bronze,Clubhouse - April Fools' Day  RP Bob Miller  DET  1954,0,N,0,1,5,1,3,2,1,5,1,3,2,1,5,1,3,2,21,1,Normal,Pull,Pull,66,87,90,140,104,58,151,159,43,95,76,133,78,-,-,68,-,-,-,-,-,-,-,-,2,NEU,89-91,SIDE,Normal,56,49,-,-,-,27,20,23,23,2,6,8,55,-,-,-,-,-,-,-,-,55,-,-,-,-,-,-,-,-,7,5,6,8,,,0,0,0,0,0,0,0,0,0,0,0,0,0,0,0,0,0,0.0,0.00,0,-0.0,0.0,0.00,0,0,0.0,0.0,4,0,0,0,0,0,0,3.0,14,14,0,2,0,1,4,3,0,0,0,0,0,0,1,0,0,0,3,3,1,0.66,45,6,3,0,0,0.0,-0.1,-0.2,6.05,4,0,2,2,0,0,0,0,6.00,0.2,1.096,0,0,3.0,0,0,1,1,0,0,1,1,0,0,0,0,0.0,0.0
RP,Bob Miller,Bob,Miller,BAGgin' Dingers TTC,6' 1',185 lbs,R,L,69,Detroit Tigers,DET,1954,1946-1960,CS,84696,Bronze,Clubhouse - April Fools' Day  RP Bob Miller  DET  1954,0,N,0,1,5,1,3,2,1,5,1,3,2,1,5,1,3,2,21,1,Normal,Pull,Pull,66,87,90,140,104,58,151,159,43,95,76,133,78,-,-,68,-,-,-,-,-,-,-,-,2,NEU,89-91,SIDE,Normal,56,49,-,-,-,27,20,23,23,2,6,8,55,-,-,-,-,-,-,-,-,55,-,-,-,-,-,-,-,-,7,5,6,8,,,0,0,0,0,0,0,0,0,0,0,0,0,0,0,0,0,0,0.0,0.00,0,-0.0,0.0,0.00,0,0,0.0,0.0,2,0,0,0,0,0,0,0.2,2,2,0,0,0,0,0,0,0,0,0,0,0,0,0,0,0,0,2,2,0,0.80,7,1,1,0,0,0.0,0.0,0.0,6.14,2,0,0,0,0,0,0,0,0.00,0.0,.000,0,0,0.2,0,0,0,0,0,0,0,0,0,0,0,0,0.0,0.0
RP,Bob Miller,Bob,Miller,Canterbury Tails,6' 1',185 lbs,R,L,69,Detroit Tigers,DET,1954,1946-1960,CS,84696,Bronze,Clubhouse - April Fools' Day  RP Bob Miller  DET  1954,0,N,0,1,5,1,3,2,1,5,1,3,2,1,5,1,3,2,21,1,Normal,Pull,Pull,66,87,90,140,104,58,151,159,43,95,76,133,78,-,-,68,-,-,-,-,-,-,-,-,2,NEU,89-91,SIDE,Normal,56,49,-,-,-,27,20,23,23,2,6,8,55,-,-,-,-,-,-,-,-,55,-,-,-,-,-,-,-,-,7,5,6,8,,,0,0,0,0,0,0,0,0,0,0,0,0,0,0,0,0,0,0.0,0.00,0,-0.0,0.0,0.00,0,0,0.0,0.0,2,0,1,0,0,0,0,3.2,15,14,2,0,0,0,1,1,1,0,2,0,0,0,1,0,0,0,2,2,0,1.93,62,1,8,0,0,0.0,0.1,0.2,3.73,2,0,0,0,0,0,0,0,0.00,0.0,.000,0,0,3.2,0,0,0,0,0,0,0,0,0,0,0,0,0.0,0.0
RP,Bob Miller,Bob,Miller,Sabo's Saturn League Legends TTC,6' 1',185 lbs,R,L,69,Detroit Tigers,DET,1954,1946-1960,CS,84696,Bronze,Clubhouse - April Fools' Day  RP Bob Miller  DET  1954,0,N,0,1,5,1,3,2,1,5,1,3,2,1,5,1,3,2,21,1,Normal,Pull,Pull,66,87,90,140,104,58,151,159,43,95,76,133,78,-,-,68,-,-,-,-,-,-,-,-,2,NEU,89-91,SIDE,Normal,56,49,-,-,-,27,20,23,23,2,6,8,55,-,-,-,-,-,-,-,-,55,-,-,-,-,-,-,-,-,7,5,6,8,,,0,0,0,0,0,0,0,0,0,0,0,0,0,0,0,0,0,0.0,0.00,0,-0.0,0.0,0.00,0,0,0.0,0.0,7,0,2,0,0,5,0,13.2,51,48,7,1,1,0,1,1,3,0,10,0,0,0,0,0,0,2,7,6,0,1.68,189,10,19,0,0,0.8,0.5,0.9,3.60,7,0,1,1,0,0,0,0,0.66,0.1,1.096,0,0,13.2,0,0,0,0,1,1,0,0,0,0,0,0,0.0,0.0
RP,Bob Miller,Bob,Miller,Out of Left Field,6' 1',185 lbs,R,L,69,Detroit Tigers,DET,1954,1946-1960,CS,84696,Bronze,Clubhouse - April Fools' Day  RP Bob Miller  DET  1954,0,N,0,1,5,1,3,2,1,5,1,3,2,1,5,1,3,2,21,1,Normal,Pull,Pull,66,87,90,140,104,58,151,159,43,95,76,133,78,-,-,68,-,-,-,-,-,-,-,-,2,NEU,89-91,SIDE,Normal,56,49,-,-,-,27,20,23,23,2,6,8,55,-,-,-,-,-,-,-,-,55,-,-,-,-,-,-,-,-,7,5,6,8,,,0,0,0,0,0,0,0,0,0,0,0,0,0,0,0,0,0,0.0,0.00,0,-0.0,0.0,0.00,0,0,0.0,0.0,2,0,1,0,0,1,0,3.1,10,10,0,0,0,0,0,0,0,0,2,0,0,0,0,0,0,0,2,1,0,1.88,29,2,6,0,0,0.5,0.2,0.3,1.92,2,0,1,1,0,0,0,0,2.70,0.1,1.096,0,0,3.1,0,0,1,1,0,0,0,0,0,0,0,0,0.0,0.0
RP,Bob Miller,Bob,Miller,Tegridy Farms Weed,6' 1',185 lbs,R,L,69,Detroit Tigers,DET,1954,1946-1960,CS,84696,Bronze,Clubhouse - April Fools' Day  RP Bob Miller  DET  1954,0,N,0,1,5,1,3,2,1,5,1,3,2,1,5,1,3,2,21,1,Normal,Pull,Pull,66,87,90,140,104,58,151,159,43,95,76,133,78,-,-,68,-,-,-,-,-,-,-,-,2,NEU,89-91,SIDE,Normal,56,49,-,-,-,27,20,23,23,2,6,8,55,-,-,-,-,-,-,-,-,55,-,-,-,-,-,-,-,-,7,5,6,8,,,0,0,0,0,0,0,0,0,0,0,0,0,0,0,0,0,0,0.0,0.00,0,-0.0,0.0,0.00,0,0,0.0,0.0,4,0,1,0,0,1,0,5.1,19,18,2,1,1,0,0,0,1,0,3,0,0,0,0,0,0,1,4,5,2,1.12,73,8,3,0,0,0.4,0.1,0.3,4.58,4,0,2,2,0,0,0,0,3.38,0.1,1.096,0,0,5.1,0,0,2,2,0,0,0,0,0,0,0,0,0.0,0.0
RP,Bob Miller,Bob,Miller,Michigan Black Bears,6' 1',185 lbs,R,L,69,Detroit Tigers,DET,1954,1946-1960,CS,84696,Bronze,Clubhouse - April Fools' Day  RP Bob Miller  DET  1954,0,N,0,1,5,1,3,2,1,5,1,3,2,1,5,1,3,2,21,1,Normal,Pull,Pull,66,87,90,140,104,58,151,159,43,95,76,133,78,-,-,68,-,-,-,-,-,-,-,-,2,NEU,89-91,SIDE,Normal,56,49,-,-,-,27,20,23,23,2,6,8,55,-,-,-,-,-,-,-,-,55,-,-,-,-,-,-,-,-,7,5,6,8,,,0,0,0,0,0,0,0,0,0,0,0,0,0,0,0,0,0,0.0,0.00,0,-0.0,0.0,0.00,0,0,0.0,0.0,3,0,0,0,1,1,0,3.1,13,12,0,2,0,1,3,3,1,0,1,0,0,0,0,0,0,0,2,3,0,1.12,46,4,4,0,0,0.3,-0.1,-0.1,5.76,3,0,1,0,1,0,0,0,2.70,0.0,.000,0,0,3.1,0,0,0,0,0,0,0,0,0,0,0,0,0.0,0.0
RP,Fritz Ostermueller,Fritz,Ostermueller,Town of Lake Loons,5' 11',175 lbs,L,L,64,Pittsburgh Pirates,PIT,1944,1921-1945,BBR,86357,Bronze,Trade Deadliners - Baseball Reference 6  SP Fritz Ostermueller  PIT  1944,0,N,0,27,37,4,37,32,31,45,4,46,20,26,35,5,34,35,45,5,Normal,Normal,Normal,91,81,77,120,133,66,85,95,82,85,74,137,78,123,121,-,-,-,-,-,-,-,-,-,3,FB,88-90,OTT,Normal,98,59,-,-,-,25,22,23,23,6,4,5,54,-,-,-,-,-,-,-,-,54,-,-,-,-,-,-,-,-,39,45,58,27,,,0,0,0,0,0,0,0,0,0,0,0,0,0,0,0,0,0,0.0,0.00,0,-0.0,0.0,0.00,0,0,0.0,0.0,2,0,0,1,0,0,1,3.0,17,12,2,1,1,1,6,6,3,0,2,0,0,2,0,0,0,0,1,2,1,0.66,63,2,5,0,0,-0.4,-0.2,-0.4,6.34,2,0,0,0,0,0,0,0,0.00,0.0,.000,0,0,3.0,0,0,0,0,0,0,0,0,0,0,0,0,0.0,0.0
RP,Fritz Ostermueller,Fritz,Ostermueller,DongTan Milky,5' 11',175 lbs,L,L,64,Pittsburgh Pirates,PIT,1944,1921-1945,BBR,86357,Bronze,Trade Deadliners - Baseball Reference 6  SP Fritz Ostermueller  PIT  1944,0,N,0,27,37,4,37,32,31,45,4,46,20,26,35,5,34,35,45,5,Normal,Normal,Normal,91,81,77,120,133,66,85,95,82,85,74,137,78,123,121,-,-,-,-,-,-,-,-,-,3,FB,88-90,OTT,Normal,98,59,-,-,-,25,22,23,23,6,4,5,54,-,-,-,-,-,-,-,-,54,-,-,-,-,-,-,-,-,39,45,58,27,,,0,0,0,0,0,0,0,0,0,0,0,0,0,0,0,0,0,0.0,0.00,0,-0.0,0.0,0.00,0,0,0.0,0.0,1,0,0,0,0,0,0,6.1,20,20,0,0,0,1,1,1,0,0,3,0,0,0,0,0,0,0,1,0,0,0.19,63,7,9,0,0,0.0,0.0,0.3,3.74,1,0,0,0,0,0,0,0,0.00,0.0,.000,0,0,6.1,0,0,0,0,0,0,0,0,0,0,0,0,0.0,0.0
RP,Fritz Ostermueller,Fritz,Ostermueller,Gettysburg Iron Brigade,5' 11',175 lbs,L,L,64,Pittsburgh Pirates,PIT,1944,1921-1945,BBR,86357,Bronze,Trade Deadliners - Baseball Reference 6  SP Fritz Ostermueller  PIT  1944,0,N,0,27,37,4,37,32,31,45,4,46,20,26,35,5,34,35,45,5,Normal,Normal,Normal,91,81,77,120,133,66,85,95,82,85,74,137,78,123,121,-,-,-,-,-,-,-,-,-,3,FB,88-90,OTT,Normal,98,59,-,-,-,25,22,23,23,6,4,5,54,-,-,-,-,-,-,-,-,54,-,-,-,-,-,-,-,-,39,45,58,27,,,0,0,0,0,0,0,0,0,0,0,0,0,0,0,0,0,0,0.0,0.00,0,-0.0,0.0,0.00,0,0,0.0,0.0,1,0,1,0,0,0,0,1.2,5,5,0,0,0,0,0,0,0,0,1,0,0,0,0,0,0,0,1,2,0,0.38,26,1,3,0,0,0.0,0.1,0.1,1.92,1,0,0,0,0,0,0,0,0.00,0.0,.000,0,0,1.2,0,0,0,0,0,0,0,0,0,0,0,0,0.0,0.0
RP,Fritz Ostermueller,Fritz,Ostermueller,Groundball Defenders,5' 11',175 lbs,L,L,64,Pittsburgh Pirates,PIT,1944,1921-1945,BBR,86357,Bronze,Trade Deadliners - Baseball Reference 6  SP Fritz Ostermueller  PIT  1944,0,N,0,27,37,4,37,32,31,45,4,46,20,26,35,5,34,35,45,5,Normal,Normal,Normal,91,81,77,120,133,66,85,95,82,85,74,137,78,123,121,-,-,-,-,-,-,-,-,-,3,FB,88-90,OTT,Normal,98,59,-,-,-,25,22,23,23,6,4,5,54,-,-,-,-,-,-,-,-,54,-,-,-,-,-,-,-,-,39,45,58,27,,,0,0,0,0,0,0,0,0,0,0,0,0,0,0,0,0,0,0.0,0.00,0,-0.0,0.0,0.00,0,0,0.0,0.0,1,0,1,0,0,1,0,3.0,11,11,2,0,0,0,0,0,0,0,0,0,0,0,0,0,0,0,0,1,0,2.51,39,1,8,0,0,0.5,0.1,0.3,4.63,1,0,0,0,0,0,0,0,0.00,0.0,.000,0,0,3.0,0,0,0,0,0,0,0,0,0,0,0,0,0.0,0.0
RP,Fritz Ostermueller,Fritz,Ostermueller,Roseburg River Hawks,5' 11',175 lbs,L,L,64,Pittsburgh Pirates,PIT,1944,1921-1945,BBR,86357,Bronze,Trade Deadliners - Baseball Reference 6  SP Fritz Ostermueller  PIT  1944,0,N,0,27,37,4,37,32,31,45,4,46,20,26,35,5,34,35,45,5,Normal,Normal,Normal,91,81,77,120,133,66,85,95,82,85,74,137,78,123,121,-,-,-,-,-,-,-,-,-,3,FB,88-90,OTT,Normal,98,59,-,-,-,25,22,23,23,6,4,5,54,-,-,-,-,-,-,-,-,54,-,-,-,-,-,-,-,-,39,45,58,27,,,0,0,0,0,0,0,0,0,0,0,0,0,0,0,0,0,0,0.0,0.00,0,-0.0,0.0,0.00,0,0,0.0,0.0,1,0,0,0,0,0,0,0.2,2,2,0,0,0,0,0,0,0,0,1,0,0,0,0,0,0,0,1,0,0,0.00,8,1,0,0,0,0.0,0.0,0.0,2.83,1,0,0,0,0,0,0,0,0.00,0.0,.000,0,0,0.2,0,0,0,0,0,0,0,0,0,0,0,0,0.0,0.0
RP,Fritz Ostermueller,Fritz,Ostermueller,Atlanta Braves TTC,5' 11',175 lbs,L,L,64,Pittsburgh Pirates,PIT,1944,1921-1945,BBR,86357,Bronze,Trade Deadliners - Baseball Reference 6  SP Fritz Ostermueller  PIT  1944,0,N,0,27,37,4,37,32,31,45,4,46,20,26,35,5,34,35,45,5,Normal,Normal,Normal,91,81,77,120,133,66,85,95,82,85,74,137,78,123,121,-,-,-,-,-,-,-,-,-,3,FB,88-90,OTT,Normal,98,59,-,-,-,25,22,23,23,6,4,5,54,-,-,-,-,-,-,-,-,54,-,-,-,-,-,-,-,-,39,45,58,27,,,0,0,0,0,0,0,0,0,0,0,0,0,0,0,0,0,0,0.0,0.00,0,-0.0,0.0,0.00,0,0,0.0,0.0,2,0,0,0,0,0,0,3.2,20,19,3,1,3,0,4,2,0,0,3,0,0,1,0,0,0,0,2,2,2,0.31,70,2,6,0,0,-0.0,0.2,-0.2,3.57,2,0,2,1,1,0,0,0,4.91,0.1,1.096,0,0,3.2,0,0,1,1,1,1,0,0,0,0,0,0,0.0,0.0
RP,Fritz Ostermueller,Fritz,Ostermueller,King Street 504s,5' 11',175 lbs,L,L,64,Pittsburgh Pirates,PIT,1944,1921-1945,BBR,86357,Bronze,Trade Deadliners - Baseball Reference 6  SP Fritz Ostermueller  PIT  1944,0,N,0,27,37,4,37,32,31,45,4,46,20,26,35,5,34,35,45,5,Normal,Normal,Normal,91,81,77,120,133,66,85,95,82,85,74,137,78,123,121,-,-,-,-,-,-,-,-,-,3,FB,88-90,OTT,Normal,98,59,-,-,-,25,22,23,23,6,4,5,54,-,-,-,-,-,-,-,-,54,-,-,-,-,-,-,-,-,39,45,58,27,,,0,0,0,0,0,0,0,0,0,0,0,0,0,0,0,0,0,0.0,0.00,0,-0.0,0.0,0.00,0,0,0.0,0.0,1,1,0,0,0,0,0,7.0,28,26,3,1,0,1,3,3,2,0,9,0,0,0,1,0,0,0,0,0,0,1.12,134,7,5,0,0,-0.1,0.2,0.2,2.40,1,1,0,0,0,0,0,0,0.00,0.0,.000,0,0,7.0,0,0,0,0,0,0,0,0,0,0,0,0,0.0,0.0
RP,Fritz Ostermueller,Fritz,Ostermueller,Tegridy Farms Weed,5' 11',175 lbs,L,L,64,Pittsburgh Pirates,PIT,1944,1921-1945,BBR,86357,Bronze,Trade Deadliners - Baseball Reference 6  SP Fritz Ostermueller  PIT  1944,0,N,0,27,37,4,37,32,31,45,4,46,20,26,35,5,34,35,45,5,Normal,Normal,Normal,91,81,77,120,133,66,85,95,82,85,74,137,78,123,121,-,-,-,-,-,-,-,-,-,3,FB,88-90,OTT,Normal,98,59,-,-,-,25,22,23,23,6,4,5,54,-,-,-,-,-,-,-,-,54,-,-,-,-,-,-,-,-,39,45,58,27,,,0,0,0,0,0,0,0,0,0,0,0,0,0,0,0,0,0,0.0,0.00,0,-0.0,0.0,0.00,0,0,0.0,0.0,4,4,2,2,0,0,0,35.1,150,135,27,4,1,3,15,14,12,0,23,1,1,1,4,0,0,3,0,0,0,0.99,565,22,57,0,1,0.1,0.6,0.8,4.44,4,4,5,1,3,1,0,0,1.02,-0.3,.000,1,1,35.1,0,0,4,2,0,0,0,0,0,0,0,0,0.0,0.0
RP,Satchel Paige,Satchel,Paige,Statesville Shadowcats,6' 3',180 lbs,R,R,68,St. Louis Browns,BAL,1952,1946-1960,,84839,Bronze,Celebrating 42 - Veteran Presence  RP Satchel Paige  SLA  1952,0,N,0,1,3,1,3,2,1,3,1,3,2,1,3,1,3,2,38,26,Normal,Normal,Normal,108,65,69,105,87,59,65,110,130,71,73,100,89,121,105,89,-,-,-,103,-,110,102,-,7,EX FB,89-91,3/4,Normal,57,51,-,-,-,29,20,24,23,2,10,1,57,-,-,-,-,-,-,-,-,57,-,-,-,-,-,-,-,-,8,4,6,12,,,0,0,0,0,0,0,0,0,0,0,0,0,0,0,0,0,0,0.0,0.00,0,-0.0,0.0,0.00,0,0,0.0,0.0,1,0,0,0,0,0,0,3.0,11,9,0,0,0,0,0,0,2,0,3,0,0,0,0,0,0,0,1,0,0,0.20,48,2,4,0,0,0.0,0.1,0.2,3.95,1,0,0,0,0,0,0,0,0.00,0.0,.000,0,0,3.0,0,0,0,0,0,0,0,0,0,0,0,0,0.0,0.0
RP,Satchel Paige,Satchel,Paige,San Francisco Seals,6' 3',180 lbs,R,R,68,St. Louis Browns,BAL,1952,1946-1960,,84839,Bronze,Celebrating 42 - Veteran Presence  RP Satchel Paige  SLA  1952,0,N,0,1,3,1,3,2,1,3,1,3,2,1,3,1,3,2,38,26,Normal,Normal,Normal,108,65,69,105,87,59,65,110,130,71,73,100,89,121,105,89,-,-,-,103,-,110,102,-,7,EX FB,89-91,3/4,Normal,57,51,-,-,-,29,20,24,23,2,10,1,57,-,-,-,-,-,-,-,-,57,-,-,-,-,-,-,-,-,8,4,6,12,,,0,0,0,0,0,0,0,0,0,0,0,0,0,0,0,0,0,0.0,0.00,0,-0.0,0.0,0.00,0,0,0.0,0.0,3,0,1,0,0,1,0,4.2,18,17,3,0,0,1,1,1,1,0,3,0,0,0,0,0,0,1,3,3,0,1.27,53,6,4,0,0,0.1,-0.0,0.2,4.19,3,0,1,1,0,0,0,0,1.93,0.3,.000,0,0,4.2,0,0,1,1,0,0,0,0,0,0,0,0,0.0,0.0
RP,Satchel Paige,Satchel,Paige,Jinzhou Speedster,6' 3',180 lbs,R,R,68,St. Louis Browns,BAL,1952,1946-1960,,84839,Bronze,Celebrating 42 - Veteran Presence  RP Satchel Paige  SLA  1952,0,N,0,1,3,1,3,2,1,3,1,3,2,1,3,1,3,2,38,26,Normal,Normal,Normal,108,65,69,105,87,59,65,110,130,71,73,100,89,121,105,89,-,-,-,103,-,110,102,-,7,EX FB,89-91,3/4,Normal,57,51,-,-,-,29,20,24,23,2,10,1,57,-,-,-,-,-,-,-,-,57,-,-,-,-,-,-,-,-,8,4,6,12,,,0,0,0,0,0,0,0,0,0,0,0,0,0,0,0,0,0,0.0,0.00,0,-0.0,0.0,0.00,0,0,0.0,0.0,1,1,0,0,0,0,0,6.0,26,22,4,1,0,1,3,3,4,0,6,0,0,0,0,0,0,2,0,0,0,1.03,114,2,7,0,1,-0.0,0.0,0.1,4.21,1,1,1,1,0,0,1,0,1.50,0.6,.000,1,1,6.0,0,0,1,1,0,0,0,0,0,0,0,0,-0.1,0.0
RP,Satchel Paige,Satchel,Paige,Ungentlemanly Fightin' Fellows TTC,6' 3',180 lbs,R,R,68,St. Louis Browns,BAL,1952,1946-1960,,84839,Bronze,Celebrating 42 - Veteran Presence  RP Satchel Paige  SLA  1952,0,N,0,1,3,1,3,2,1,3,1,3,2,1,3,1,3,2,38,26,Normal,Normal,Normal,108,65,69,105,87,59,65,110,130,71,73,100,89,121,105,89,-,-,-,103,-,110,102,-,7,EX FB,89-91,3/4,Normal,57,51,-,-,-,29,20,24,23,2,10,1,57,-,-,-,-,-,-,-,-,57,-,-,-,-,-,-,-,-,8,4,6,12,,,0,0,0,0,0,0,0,0,0,0,0,0,0,0,0,0,0,0.0,0.00,0,-0.0,0.0,0.00,0,0,0.0,0.0,1,0,0,0,0,0,0,0.2,3,2,0,0,0,0,0,0,1,0,0,0,0,0,0,0,0,0,1,1,0,0.13,15,0,2,0,0,0.0,-0.0,0.0,9.39,1,0,0,0,0,0,0,0,0.00,0.0,.000,0,0,0.2,0,0,0,0,0,0,0,0,0,0,0,0,0.0,0.0
RP,Satchel Paige,Satchel,Paige,Huatulco Tacos,6' 3',180 lbs,R,R,68,St. Louis Browns,BAL,1952,1946-1960,,84839,Bronze,Celebrating 42 - Veteran Presence  RP Satchel Paige  SLA  1952,0,N,0,1,3,1,3,2,1,3,1,3,2,1,3,1,3,2,38,26,Normal,Normal,Normal,108,65,69,105,87,59,65,110,130,71,73,100,89,121,105,89,-,-,-,103,-,110,102,-,7,EX FB,89-91,3/4,Normal,57,51,-,-,-,29,20,24,23,2,10,1,57,-,-,-,-,-,-,-,-,57,-,-,-,-,-,-,-,-,8,4,6,12,,,0,0,0,0,0,0,0,0,0,0,0,0,0,0,0,0,0,0.0,0.00,0,-0.0,0.0,0.00,0,0,0.0,0.0,1,0,0,1,0,0,1,1.0,7,7,2,1,1,0,4,3,0,0,1,0,0,0,0,0,0,0,0,1,0,3.01,20,2,0,0,0,-0.7,0.1,-0.5,4.30,1,0,0,0,0,0,0,0,0.00,0.0,.000,0,0,1.0,0,0,0,0,0,0,0,0,0,0,0,0,0.0,0.0
RP,Satchel Paige,Satchel,Paige,Cape Cod Sharks - HotL,6' 3',180 lbs,R,R,68,St. Louis Browns,BAL,1952,1946-1960,,84839,Bronze,Celebrating 42 - Veteran Presence  RP Satchel Paige  SLA  1952,0,Y,5,1,5,1,5,4,1,5,1,5,4,1,5,1,5,4,38,26,Normal,Normal,Normal,117,71,75,114,94,65,71,119,140,77,80,108,89,121,105,89,-,-,-,103,-,110,102,-,7,EX FB,89-91,3/4,Normal,57,51,-,-,-,29,20,24,23,2,10,1,62,-,-,-,-,-,-,-,-,62,-,-,-,-,-,-,-,-,8,4,6,12,,,0,0,0,0,0,0,0,0,0,0,0,0,0,0,0,0,0,0.0,0.00,0,-0.0,0.0,0.00,0,0,0.0,0.0,2,0,0,0,0,0,0,1.2,8,8,3,0,0,0,0,0,0,0,2,0,0,0,0,0,0,0,2,1,0,0.11,19,3,0,0,0,0.0,0.1,0.1,3.57,2,0,0,0,0,0,0,0,0.00,0.0,.000,0,0,1.2,0,0,0,0,0,0,0,0,0,0,0,0,0.0,0.0
RP,Satchel Paige,Satchel,Paige,Port Townsend Wild Daphnes,6' 3',180 lbs,R,R,68,St. Louis Browns,BAL,1952,1946-1960,,84839,Bronze,Celebrating 42 - Veteran Presence  RP Satchel Paige  SLA  1952,0,N,0,1,3,1,3,2,1,3,1,3,2,1,3,1,3,2,38,26,Normal,Normal,Normal,108,65,69,105,87,59,65,110,130,71,73,100,89,121,105,89,-,-,-,103,-,110,102,-,7,EX FB,89-91,3/4,Normal,57,51,-,-,-,29,20,24,23,2,10,1,57,-,-,-,-,-,-,-,-,57,-,-,-,-,-,-,-,-,8,4,6,12,,,0,0,0,0,0,0,0,0,0,0,0,0,0,0,0,0,0,0.0,0.00,0,-0.0,0.0,0.00,0,0,0.0,0.0,3,0,1,0,0,1,0,4.1,13,12,0,0,0,0,0,0,1,0,2,0,0,0,0,0,0,1,3,2,0,0.93,45,6,4,0,0,0.3,0.1,0.3,4.64,3,0,0,0,0,0,0,0,0.00,0.0,.000,0,0,4.1,0,0,0,0,0,0,0,0,0,0,0,0,0.0,0.0
RP,Satchel Paige,Satchel,Paige,Aurora Highlanders,6' 3',180 lbs,R,R,68,St. Louis Browns,BAL,1952,1946-1960,,84839,Bronze,Celebrating 42 - Veteran Presence  RP Satchel Paige  SLA  1952,0,N,0,1,3,1,3,2,1,3,1,3,2,1,3,1,3,2,38,26,Normal,Normal,Normal,108,65,69,105,87,59,65,110,130,71,73,100,89,121,105,89,-,-,-,103,-,110,102,-,7,EX FB,89-91,3/4,Normal,57,51,-,-,-,29,20,24,23,2,10,1,57,-,-,-,-,-,-,-,-,57,-,-,-,-,-,-,-,-,8,4,6,12,,,0,0,0,0,0,0,0,0,0,0,0,0,0,0,0,0,0,0.0,0.00,0,-0.0,0.0,0.00,0,0,0.0,0.0,1,0,0,0,0,1,0,1.1,4,4,0,0,0,0,0,0,0,0,2,0,0,0,0,0,0,0,1,2,0,1.48,12,0,2,0,0,0.1,0.1,0.1,-3.70,1,0,0,0,0,0,0,0,0.00,0.0,.000,0,0,1.1,0,0,0,0,0,0,0,0,0,0,0,0,0.0,0.0
RP,Satchel Paige,Satchel,Paige,London Majors,6' 3',180 lbs,R,R,68,St. Louis Browns,BAL,1952,1946-1960,,84839,Bronze,Celebrating 42 - Veteran Presence  RP Satchel Paige  SLA  1952,0,N,0,1,3,1,3,2,1,3,1,3,2,1,3,1,3,2,38,26,Normal,Normal,Normal,108,65,69,105,87,59,65,110,130,71,73,100,89,121,105,89,-,-,-,103,-,110,102,-,7,EX FB,89-91,3/4,Normal,57,51,-,-,-,29,20,24,23,2,10,1,57,-,-,-,-,-,-,-,-,57,-,-,-,-,-,-,-,-,8,4,6,12,,,0,0,0,0,0,0,0,0,0,0,0,0,0,0,0,0,0,0.0,0.00,0,-0.0,0.0,0.00,0,0,0.0,0.0,7,0,2,1,0,3,1,9.0,37,33,5,1,0,1,1,1,4,0,7,0,0,0,0,0,0,1,6,7,0,2.28,154,8,11,0,0,0.5,0.0,0.7,4.44,7,0,2,1,1,0,0,0,2.00,0.1,1.096,0,0,9.0,0,0,0,0,1,1,0,0,0,0,0,0,0.0,0.0
RP,Satchel Paige,Satchel,Paige,EVC's Let the Music Play Ball-TTC,6' 3',180 lbs,R,R,68,St. Louis Browns,BAL,1952,1946-1960,,84839,Bronze,Celebrating 42 - Veteran Presence  RP Satchel Paige  SLA  1952,0,N,0,1,3,1,3,2,1,3,1,3,2,1,3,1,3,2,38,26,Normal,Normal,Normal,108,65,69,105,87,59,65,110,130,71,73,100,89,121,105,89,-,-,-,103,-,110,102,-,7,EX FB,89-91,3/4,Normal,57,51,-,-,-,29,20,24,23,2,10,1,57,-,-,-,-,-,-,-,-,57,-,-,-,-,-,-,-,-,8,4,6,12,,,0,0,0,0,0,0,0,0,0,0,0,0,0,0,0,0,0,0.0,0.00,0,-0.0,0.0,0.00,0,0,0.0,0.0,3,0,0,0,0,1,0,7.2,37,31,5,1,1,0,5,4,6,0,10,0,0,0,0,0,0,0,2,1,0,0.74,151,5,8,0,0,0.2,0.2,-0.1,3.92,3,0,1,0,1,0,0,0,1.17,0.0,.000,0,0,7.2,0,0,0,0,0,0,0,0,0,0,0,0,0.0,0.0
RP,Satchel Paige,Satchel,Paige,Bismarck Blizzard,6' 3',180 lbs,R,R,68,St. Louis Browns,BAL,1952,1946-1960,,84839,Bronze,Celebrating 42 - Veteran Presence  RP Satchel Paige  SLA  1952,0,N,0,1,3,1,3,2,1,3,1,3,2,1,3,1,3,2,38,26,Normal,Normal,Normal,108,65,69,105,87,59,65,110,130,71,73,100,89,121,105,89,-,-,-,103,-,110,102,-,7,EX FB,89-91,3/4,Normal,57,51,-,-,-,29,20,24,23,2,10,1,57,-,-,-,-,-,-,-,-,57,-,-,-,-,-,-,-,-,8,4,6,12,,,0,0,0,0,0,0,0,0,0,0,0,0,0,0,0,0,0,0.0,0.00,0,-0.0,0.0,0.00,0,0,0.0,0.0,1,0,0,0,0,0,0,2.0,7,7,1,0,0,0,0,0,0,0,3,0,0,0,0,0,0,0,1,0,0,0.10,18,3,0,0,0,0.0,0.1,0.1,2.56,1,0,0,0,0,0,0,0,0.00,0.0,.000,0,0,2.0,0,0,0,0,0,0,0,0,0,0,0,0,0.0,0.0
RP,Satchel Paige,Satchel,Paige,Kansas City Torrent - JW,6' 3',180 lbs,R,R,68,St. Louis Browns,BAL,1952,1946-1960,,84839,Bronze,Celebrating 42 - Veteran Presence  RP Satchel Paige  SLA  1952,45,N,0,1,3,1,3,2,1,3,1,3,2,1,3,1,3,2,38,26,Normal,Normal,Normal,108,65,69,105,87,59,65,110,130,71,73,100,89,121,105,89,-,-,-,103,-,110,102,-,7,EX FB,89-91,3/4,Normal,57,51,-,-,-,29,20,24,23,2,10,1,57,-,-,-,-,-,-,-,-,57,-,-,-,-,-,-,-,-,8,4,6,12,,,0,0,0,0,0,0,0,0,0,0,0,0,0,0,0,0,0,0.0,0.00,0,-0.0,0.0,0.00,0,0,0.0,0.0,1,0,0,0,0,0,0,4.0,17,13,1,0,0,0,0,0,3,0,4,1,0,0,0,0,0,0,1,0,0,0.25,71,1,7,0,0,0.0,0.0,0.3,3.90,1,0,0,0,0,0,0,0,0.00,0.0,.000,0,0,4.0,0,0,0,0,0,0,0,0,0,0,0,0,0.0,0.0
RP,Satchel Paige,Satchel,Paige,Columbus Fire Ants,6' 3',180 lbs,R,R,68,St. Louis Browns,BAL,1952,1946-1960,,84839,Bronze,Celebrating 42 - Veteran Presence  RP Satchel Paige  SLA  1952,0,N,0,1,3,1,3,2,1,3,1,3,2,1,3,1,3,2,38,26,Normal,Normal,Normal,108,65,69,105,87,59,65,110,130,71,73,100,89,121,105,89,-,-,-,103,-,110,102,-,7,EX FB,89-91,3/4,Normal,57,51,-,-,-,29,20,24,23,2,10,1,57,-,-,-,-,-,-,-,-,57,-,-,-,-,-,-,-,-,8,4,6,12,,,0,0,0,0,0,0,0,0,0,0,0,0,0,0,0,0,0,0.0,0.00,0,-0.0,0.0,0.00,0,0,0.0,0.0,1,0,0,0,0,0,0,1.1,7,7,2,0,1,0,1,1,0,0,0,0,0,0,0,0,0,0,1,1,1,1.56,36,2,2,0,0,0.0,0.0,-0.0,6.14,1,0,0,0,0,0,0,0,0.00,0.0,.000,0,0,1.1,0,0,0,0,0,0,0,0,0,0,0,0,0.0,0.0
RP,Satchel Paige,Satchel,Paige,Moncton Mosquitos,6' 3',180 lbs,R,R,68,St. Louis Browns,BAL,1952,1946-1960,,84839,Bronze,Celebrating 42 - Veteran Presence  RP Satchel Paige  SLA  1952,0,N,0,1,3,1,3,2,1,3,1,3,2,1,3,1,3,2,38,26,Normal,Normal,Normal,108,65,69,105,87,59,65,110,130,71,73,100,89,121,105,89,-,-,-,103,-,110,102,-,7,EX FB,89-91,3/4,Normal,57,51,-,-,-,29,20,24,23,2,10,1,57,-,-,-,-,-,-,-,-,57,-,-,-,-,-,-,-,-,8,4,6,12,,,0,0,0,0,0,0,0,0,0,0,0,0,0,0,0,0,0,0.0,0.00,0,-0.0,0.0,0.00,0,0,0.0,0.0,1,0,0,0,0,0,0,3.1,14,14,2,2,0,0,2,2,0,0,5,0,0,0,0,0,0,0,1,2,0,0.17,54,2,3,0,0,0.0,0.2,-0.0,0.90,1,0,0,0,0,0,0,0,0.00,0.0,.000,0,0,3.1,0,0,0,0,0,0,0,0,0,0,0,0,0.0,0.0
RP,Satchel Paige,Satchel,Paige,Honolulu Warriors - HotL,6' 3',180 lbs,R,R,68,St. Louis Browns,BAL,1952,1946-1960,,84839,Bronze,Celebrating 42 - Veteran Presence  RP Satchel Paige  SLA  1952,0,N,0,1,3,1,3,2,1,3,1,3,2,1,3,1,3,2,38,26,Normal,Normal,Normal,108,65,69,105,87,59,65,110,130,71,73,100,89,121,105,89,-,-,-,103,-,110,102,-,7,EX FB,89-91,3/4,Normal,57,51,-,-,-,29,20,24,23,2,10,1,57,-,-,-,-,-,-,-,-,57,-,-,-,-,-,-,-,-,8,4,6,12,,,0,0,0,0,0,0,0,0,0,0,0,0,0,0,0,0,0,0.0,0.00,0,-0.0,0.0,0.00,0,0,0.0,0.0,2,0,0,1,0,0,0,6.0,28,24,3,2,0,1,2,2,4,2,6,0,0,0,0,0,0,0,2,0,0,1.96,92,4,8,0,0,0.0,0.0,0.2,4.42,2,0,2,0,2,0,0,0,3.00,0.0,.000,0,0,6.0,0,0,0,0,0,0,0,0,0,0,0,0,0.0,0.0
RP,Satchel Paige,Satchel,Paige,PNW Wild Stallions,6' 3',180 lbs,R,R,68,St. Louis Browns,BAL,1952,1946-1960,,84839,Bronze,Celebrating 42 - Veteran Presence  RP Satchel Paige  SLA  1952,0,N,0,1,3,1,3,2,1,3,1,3,2,1,3,1,3,2,38,26,Normal,Normal,Normal,108,65,69,105,87,59,65,110,130,71,73,100,89,121,105,89,-,-,-,103,-,110,102,-,7,EX FB,89-91,3/4,Normal,57,51,-,-,-,29,20,24,23,2,10,1,57,-,-,-,-,-,-,-,-,57,-,-,-,-,-,-,-,-,8,4,6,12,,,0,0,0,0,0,0,0,0,0,0,0,0,0,0,0,0,0,0.0,0.00,0,-0.0,0.0,0.00,0,0,0.0,0.0,2,2,0,1,0,0,0,13.0,53,48,9,1,1,0,3,2,2,0,17,0,3,0,0,0,0,0,0,0,0,1.12,208,10,13,0,0,0.3,0.9,0.6,1.83,2,2,2,2,0,0,0,0,1.38,-0.1,1.096,0,0,13.0,0,0,3,2,0,0,0,0,0,0,0,0,0.0,0.0
RP,Satchel Paige,Satchel,Paige,White Rabbitt,6' 3',180 lbs,R,R,68,St. Louis Browns,BAL,1952,1946-1960,,84839,Bronze,Celebrating 42 - Veteran Presence  RP Satchel Paige  SLA  1952,0,Y,5,1,5,1,5,4,1,5,1,5,4,1,5,1,5,4,38,26,Normal,Normal,Normal,117,71,75,114,94,65,71,119,140,77,80,108,89,121,105,89,-,-,-,103,-,110,102,-,7,EX FB,89-91,3/4,Normal,57,51,-,-,-,29,20,24,23,2,10,1,62,-,-,-,-,-,-,-,-,62,-,-,-,-,-,-,-,-,8,4,6,12,,,0,0,0,0,0,0,0,0,0,0,0,0,0,0,0,0,0,0.0,0.00,0,-0.0,0.0,0.00,0,0,0.0,0.0,3,0,1,1,0,1,1,8.1,35,32,5,1,0,1,5,4,1,0,8,0,1,1,0,0,0,0,2,3,1,1.88,128,4,13,1,0,-0.5,0.2,-0.1,2.47,3,0,3,1,1,1,0,0,2.16,-0.9,.000,1,0,8.1,0,0,3,1,0,0,0,0,0,0,0,0,0.0,0.0
RP,Satchel Paige,Satchel,Paige,Ethiopia Pink Elephants,6' 3',180 lbs,R,R,68,St. Louis Browns,BAL,1952,1946-1960,,84839,Bronze,Celebrating 42 - Veteran Presence  RP Satchel Paige  SLA  1952,0,N,0,1,3,1,3,2,1,3,1,3,2,1,3,1,3,2,38,26,Normal,Normal,Normal,108,65,69,105,87,59,65,110,130,71,73,100,89,121,105,89,-,-,-,103,-,110,102,-,7,EX FB,89-91,3/4,Normal,57,51,-,-,-,29,20,24,23,2,10,1,57,-,-,-,-,-,-,-,-,57,-,-,-,-,-,-,-,-,8,4,6,12,,,0,0,0,0,0,0,0,0,0,0,0,0,0,0,0,0,0,0.0,0.00,0,-0.0,0.0,0.00,0,0,0.0,0.0,1,0,0,0,0,0,0,2.1,9,9,1,1,0,0,0,0,0,0,2,0,0,0,0,0,0,0,0,0,0,0.19,28,1,4,0,0,0.0,0.1,0.1,1.88,1,0,0,0,0,0,0,0,0.00,0.0,.000,0,0,2.1,0,0,0,0,0,0,0,0,0,0,0,0,0.0,0.0
RP,Satchel Paige,Satchel,Paige,New Platson Grand Petites HotL,6' 3',180 lbs,R,R,68,St. Louis Browns,BAL,1952,1946-1960,,84839,Bronze,Celebrating 42 - Veteran Presence  RP Satchel Paige  SLA  1952,0,Y,5,1,5,1,5,4,1,5,1,5,4,1,5,1,5,4,38,26,Normal,Normal,Normal,117,71,75,114,94,65,71,119,140,77,80,108,89,121,105,89,-,-,-,103,-,110,102,-,7,EX FB,89-91,3/4,Normal,57,51,-,-,-,29,20,24,23,2,10,1,62,-,-,-,-,-,-,-,-,62,-,-,-,-,-,-,-,-,8,4,6,12,,,0,0,0,0,0,0,0,0,0,0,0,0,0,0,0,0,0,0.0,0.00,0,-0.0,0.0,0.00,0,0,0.0,0.0,2,2,1,0,0,0,0,12.1,56,51,11,1,0,2,7,7,5,0,8,0,0,0,1,0,0,0,0,0,0,1.11,246,15,14,0,0,-0.1,0.0,0.1,4.88,2,2,5,2,3,0,0,0,3.65,0.1,1.096,0,0,12.1,0,0,2,2,0,0,0,0,0,0,0,0,0.0,0.0
RP,Satchel Paige,Satchel,Paige,BAGgin' Dingers TTC,6' 3',180 lbs,R,R,68,St. Louis Browns,BAL,1952,1946-1960,,84839,Bronze,Celebrating 42 - Veteran Presence  RP Satchel Paige  SLA  1952,0,Y,5,1,5,1,5,4,1,5,1,5,4,1,5,1,5,4,38,26,Normal,Normal,Normal,117,71,75,114,94,65,71,119,140,77,80,108,89,121,105,89,-,-,-,103,-,110,102,-,7,EX FB,89-91,3/4,Normal,57,51,-,-,-,29,20,24,23,2,10,1,62,-,-,-,-,-,-,-,-,62,-,-,-,-,-,-,-,-,8,4,6,12,,,0,0,0,0,0,0,0,0,0,0,0,0,0,0,0,0,0,0.0,0.00,0,-0.0,0.0,0.00,0,0,0.0,0.0,3,3,2,1,0,0,0,23.1,91,83,15,0,0,1,5,5,7,0,22,1,0,0,1,0,0,1,0,0,0,0.89,345,23,22,2,1,0.6,0.8,1.2,3.37,3,3,4,3,1,0,0,0,1.54,-0.2,1.096,3,1,23.1,0,0,4,3,0,0,0,0,0,0,0,0,0.0,0.0
RP,Satchel Paige,Satchel,Paige,Carlos Chaos Cats,6' 3',180 lbs,R,R,68,St. Louis Browns,BAL,1952,1946-1960,,84839,Bronze,Celebrating 42 - Veteran Presence  RP Satchel Paige  SLA  1952,0,N,0,1,3,1,3,2,1,3,1,3,2,1,3,1,3,2,38,26,Normal,Normal,Normal,108,65,69,105,87,59,65,110,130,71,73,100,89,121,105,89,-,-,-,103,-,110,102,-,7,EX FB,89-91,3/4,Normal,57,51,-,-,-,29,20,24,23,2,10,1,57,-,-,-,-,-,-,-,-,57,-,-,-,-,-,-,-,-,8,4,6,12,,,0,0,0,0,0,0,0,0,0,0,0,0,0,0,0,0,0,0.0,0.00,0,-0.0,0.0,0.00,0,0,0.0,0.0,1,0,0,0,0,0,0,2.2,12,11,2,1,0,0,0,0,1,0,3,0,0,0,0,0,0,0,1,2,2,0.24,47,2,3,0,0,-0.0,0.1,0.2,3.26,1,0,0,0,0,0,0,0,0.00,-0.5,.000,0,0,2.2,0,0,0,0,1,0,0,0,0,0,0,0,0.0,0.0
RP,Satchel Paige,Satchel,Paige,Sabo's Saturn League Legends TTC,6' 3',180 lbs,R,R,68,St. Louis Browns,BAL,1952,1946-1960,,84839,Bronze,Celebrating 42 - Veteran Presence  RP Satchel Paige  SLA  1952,0,Y,5,1,5,1,5,4,1,5,1,5,4,1,5,1,5,4,38,26,Normal,Normal,Normal,117,71,75,114,94,65,71,119,140,77,80,108,89,121,105,89,-,-,-,103,-,110,102,-,7,EX FB,89-91,3/4,Normal,57,51,-,-,-,29,20,24,23,2,10,1,62,-,-,-,-,-,-,-,-,62,-,-,-,-,-,-,-,-,8,4,6,12,,,0,0,0,0,0,0,0,0,0,0,0,0,0,0,0,0,0,0.0,0.00,0,-0.0,0.0,0.00,0,0,0.0,0.0,3,3,1,2,0,0,0,18.0,79,69,9,2,0,3,10,10,10,0,17,0,0,0,0,0,0,0,0,0,0,0.83,293,17,20,1,0,-0.3,0.1,0.2,4.29,3,3,1,1,0,0,0,0,0.50,-0.1,1.096,1,0,18.0,0,0,0,0,0,0,1,1,0,0,0,0,0.0,0.0
RP,Satchel Paige,Satchel,Paige,Indiana Rhubarbs,6' 3',180 lbs,R,R,68,St. Louis Browns,BAL,1952,1946-1960,,84839,Bronze,Celebrating 42 - Veteran Presence  RP Satchel Paige  SLA  1952,0,N,0,1,3,1,3,2,1,3,1,3,2,1,3,1,3,2,38,26,Normal,Normal,Normal,108,65,69,105,87,59,65,110,130,71,73,100,89,121,105,89,-,-,-,103,-,110,102,-,7,EX FB,89-91,3/4,Normal,57,51,-,-,-,29,20,24,23,2,10,1,57,-,-,-,-,-,-,-,-,57,-,-,-,-,-,-,-,-,8,4,6,12,,,0,0,0,0,0,0,0,0,0,0,0,0,0,0,0,0,0,0.0,0.00,0,-0.0,0.0,0.00,0,0,0.0,0.0,1,0,0,1,0,0,1,0.2,5,4,2,0,0,0,1,0,0,0,1,0,1,0,0,0,0,0,1,0,0,2.84,24,1,1,0,0,-0.4,0.1,-0.1,3.05,1,0,2,0,1,1,0,0,13.50,-0.2,.000,0,0,0.2,0,0,2,2,0,0,0,0,0,0,0,0,0.0,0.0
RP,Satchel Paige,Satchel,Paige,Transylvania Counts,6' 3',180 lbs,R,R,68,St. Louis Browns,BAL,1952,1946-1960,,84839,Bronze,Celebrating 42 - Veteran Presence  RP Satchel Paige  SLA  1952,0,N,0,1,3,1,3,2,1,3,1,3,2,1,3,1,3,2,38,26,Normal,Normal,Normal,108,65,69,105,87,59,65,110,130,71,73,100,89,121,105,89,-,-,-,103,-,110,102,-,7,EX FB,89-91,3/4,Normal,57,51,-,-,-,29,20,24,23,2,10,1,57,-,-,-,-,-,-,-,-,57,-,-,-,-,-,-,-,-,8,4,6,12,,,0,0,0,0,0,0,0,0,0,0,0,0,0,0,0,0,0,0.0,0.00,0,-0.0,0.0,0.00,0,0,0.0,0.0,2,0,0,0,0,0,0,8.1,40,36,5,3,0,1,4,4,3,0,8,0,0,1,0,0,0,0,2,2,0,0.28,141,8,9,0,0,0.0,0.1,0.1,3.91,2,0,4,2,2,0,0,0,4.32,0.1,1.096,0,0,8.1,0,0,2,2,0,0,0,0,0,0,0,0,0.0,0.0
RP,Eddie Plank,Eddie,Plank,Madison Moundsmen,5' 11',175 lbs,L,L,66,St. Louis Browns,BAL,1916,2026,,86886,Bronze,HOF 2 - Veteran Presence  SP Eddie Plank  SLA  1916,0,N,0,22,34,5,41,24,19,25,3,35,21,23,37,6,43,26,75,11,Normal,Normal,Normal,64,97,118,92,90,108,55,140,50,95,145,81,75,75,87,-,-,-,-,-,-,-,-,-,3,NEU,90-92,OTT,Normal,81,55,-,-,-,24,49,32,23,8,1,5,79,-,-,-,-,-,-,-,-,79,-,-,-,-,-,-,-,-,65,72,75,56,,,0,0,0,0,0,0,0,0,0,0,0,0,0,0,0,0,0,0.0,0.00,0,-0.0,0.0,0.00,0,0,0.0,0.0,2,0,0,0,0,1,1,4.2,22,17,4,0,1,0,3,3,3,0,5,0,1,1,0,0,0,0,0,1,1,0.76,82,5,4,0,0,-0.2,0.1,-0.0,4.24,2,0,0,0,0,0,0,0,0.00,0.0,.000,0,0,4.2,0,0,0,0,0,0,0,0,0,0,0,0,0.0,0.0
RP,Eddie Plank,Eddie,Plank,Columbus Fire Ants,5' 11',175 lbs,L,L,66,St. Louis Browns,BAL,1916,2026,,86886,Bronze,HOF 2 - Veteran Presence  SP Eddie Plank  SLA  1916,0,N,0,22,34,5,41,24,19,25,3,35,21,23,37,6,43,26,75,11,Normal,Normal,Normal,64,97,118,92,90,108,55,140,50,95,145,81,75,75,87,-,-,-,-,-,-,-,-,-,3,NEU,90-92,OTT,Normal,81,55,-,-,-,24,49,32,23,8,1,5,79,-,-,-,-,-,-,-,-,79,-,-,-,-,-,-,-,-,65,72,75,56,,,0,0,0,0,0,0,0,0,0,0,0,0,0,0,0,0,0,0.0,0.00,0,-0.0,0.0,0.00,0,0,0.0,0.0,1,0,0,0,0,0,0,3.0,15,12,2,1,0,0,0,0,3,1,2,0,0,0,0,0,0,0,1,0,0,0.16,50,3,4,0,0,0.0,0.0,0.2,6.38,1,0,1,0,1,0,0,0,3.00,0.0,.000,0,0,3.0,0,0,0,0,0,0,0,0,0,0,0,0,0.0,0.0
RP,Bob Romby,Bob,Romby,OKC Whirlwinds - PCK,5' 10',160 lbs,L,L,58,Baltimore Elite Giants,BEG,1948,1946-1960,,85827,Iron,T4 Ep. 3 - Negro League Star  SP Bob Romby  BEG  1948,0,N,0,26,66,60,58,39,25,65,57,56,37,27,67,61,59,40,42,9,Normal,Normal,Normal,77,53,115,79,84,60,115,85,74,51,116,78,79,100,101,70,-,-,-,-,-,-,-,-,4,NEU,88-90,SIDE,Normal,56,57,1,1,1,29,14,21,21,7,4,10,50,-,-,-,-,-,-,-,-,50,-,-,-,-,-,-,-,-,9,5,11,29,,,0,0,0,0,0,0,0,0,0,0,0,0,0,0,0,0,0,0.0,0.00,0,-0.0,0.0,0.00,0,0,0.0,0.0,2,0,0,0,0,0,0,1.2,6,6,1,0,0,0,0,0,0,0,1,0,0,0,0,0,0,0,2,4,1,0.37,21,1,3,0,0,-0.0,0.1,0.1,2.84,2,0,0,0,0,0,0,0,0.00,0.0,.000,0,0,1.2,0,0,0,0,0,0,0,0,0,0,0,0,0.0,0.0
RP,Bob Romby,Bob,Romby,Breslau Binturings - HotL,5' 10',160 lbs,L,L,58,Baltimore Elite Giants,BEG,1948,1946-1960,,85827,Iron,T4 Ep. 3 - Negro League Star  SP Bob Romby  BEG  1948,0,Y,5,30,72,66,64,43,29,71,63,62,41,31,73,67,65,45,42,9,Normal,Normal,Normal,84,58,124,86,91,66,124,92,81,56,125,85,79,100,101,70,-,-,-,-,-,-,-,-,4,NEU,88-90,SIDE,Normal,56,57,1,1,1,29,14,21,21,7,4,10,54,-,-,-,-,-,-,-,-,54,-,-,-,-,-,-,-,-,9,5,11,29,,,0,0,0,0,0,0,0,0,0,0,0,0,0,0,0,0,0,0.0,0.00,0,-0.0,0.0,0.00,0,0,0.0,0.0,3,0,0,0,0,0,0,3.1,17,15,3,0,1,1,3,3,2,0,2,0,0,0,0,0,0,0,2,1,1,0.66,75,7,1,0,0,0.0,-0.1,-0.1,5.98,3,0,2,1,1,0,0,0,5.40,-0.1,1.096,0,0,3.1,0,0,1,0,1,1,0,0,0,0,0,0,0.0,0.0
RP,Bob Romby,Bob,Romby,Hancocks and Sidekicks TTC,5' 10',160 lbs,L,L,58,Baltimore Elite Giants,BEG,1948,1946-1960,,85827,Iron,T4 Ep. 3 - Negro League Star  SP Bob Romby  BEG  1948,0,N,0,26,66,60,58,39,25,65,57,56,37,27,67,61,59,40,42,9,Normal,Normal,Normal,77,53,115,79,84,60,115,85,74,51,116,78,79,100,101,70,-,-,-,-,-,-,-,-,4,NEU,88-90,SIDE,Normal,56,57,1,1,1,29,14,21,21,7,4,10,50,-,-,-,-,-,-,-,-,50,-,-,-,-,-,-,-,-,9,5,11,29,,,0,0,0,0,0,0,0,0,0,0,0,0,0,0,0,0,0,0.0,0.00,0,-0.0,0.0,0.00,0,0,0.0,0.0,4,0,0,1,0,0,1,2.0,12,11,4,0,0,1,3,3,1,0,0,0,0,0,0,0,0,0,3,4,2,2.24,40,3,3,0,0,-0.7,-0.3,-0.3,7.10,4,0,0,0,0,0,0,0,0.00,0.0,.000,0,0,2.0,0,0,0,0,0,0,0,0,0,0,0,0,0.0,0.0
RP,Bob Romby,Bob,Romby,Michigan Black Bears,5' 10',160 lbs,L,L,58,Baltimore Elite Giants,BEG,1948,1946-1960,,85827,Iron,T4 Ep. 3 - Negro League Star  SP Bob Romby  BEG  1948,0,N,0,26,66,60,58,39,25,65,57,56,37,27,67,61,59,40,42,9,Normal,Normal,Normal,77,53,115,79,84,60,115,85,74,51,116,78,79,100,101,70,-,-,-,-,-,-,-,-,4,NEU,88-90,SIDE,Normal,56,57,1,1,1,29,14,21,21,7,4,10,50,-,-,-,-,-,-,-,-,50,-,-,-,-,-,-,-,-,9,5,11,29,,,0,0,0,0,0,0,0,0,0,0,0,0,0,0,0,0,0,0.0,0.00,0,-0.0,0.0,0.00,0,0,0.0,0.0,2,0,0,0,0,0,0,3.2,13,12,3,0,0,0,0,0,0,0,2,0,1,0,0,0,0,0,2,2,1,0.92,52,3,5,0,0,0.0,0.1,0.2,3.60,2,0,2,2,0,0,0,0,4.91,0.1,1.096,0,0,3.2,0,0,1,1,0,0,0,0,0,0,0,0,0.0,0.0
RP,Larry Sherry,Larry,Sherry,Birmingham Black Barons,6' 2',205 lbs,R,R,66,Los Angeles Dodgers,LAD,1959,1946-1960,ME,86622,Bronze,50s Theme Week - Hardware Heroes  RP Larry Sherry  LAD  1959,0,N,0,67,53,115,28,56,28,10,2,5,55,74,62,148,33,57,78,46,Flyball,Normal,Normal,101,56,165,89,90,52,159,77,114,60,170,100,101,-,107,103,-,-,-,-,-,-,-,-,3,FB,90-92,3/4,Normal,48,60,-,-,-,22,20,22,23,10,4,7,49,-,-,-,-,-,-,-,-,49,-,-,-,-,-,-,-,-,11,3,6,19,,,0,0,0,0,0,0,0,0,0,0,0,0,0,0,0,0,0,0.0,0.00,0,-0.0,0.0,0.00,0,0,0.0,0.0,2,0,0,0,0,0,1,5.2,23,21,2,1,0,1,3,3,2,0,6,0,0,0,0,0,0,0,2,1,0,0.28,74,7,4,0,0,-0.1,0.0,0.0,3.39,2,0,0,0,0,0,0,0,0.00,0.0,.000,0,0,5.2,0,0,0,0,0,0,0,0,0,0,0,0,0.0,0.0
RP,Larry Sherry,Larry,Sherry,HILITE RECORDS,6' 2',205 lbs,R,R,66,Los Angeles Dodgers,LAD,1959,1946-1960,ME,86622,Bronze,50s Theme Week - Hardware Heroes  RP Larry Sherry  LAD  1959,0,N,0,67,53,115,28,56,28,10,2,5,55,74,62,148,33,57,78,46,Flyball,Normal,Normal,101,56,165,89,90,52,159,77,114,60,170,100,101,-,107,103,-,-,-,-,-,-,-,-,3,FB,90-92,3/4,Normal,48,60,-,-,-,22,20,22,23,10,4,7,49,-,-,-,-,-,-,-,-,49,-,-,-,-,-,-,-,-,11,3,6,19,,,0,0,0,0,0,0,0,0,0,0,0,0,0,0,0,0,0,0.0,0.00,0,-0.0,0.0,0.00,0,0,0.0,0.0,2,0,1,0,0,2,0,4.0,13,13,1,0,0,0,0,0,0,0,3,0,0,0,0,0,0,0,2,3,1,1.48,38,3,6,0,0,0.4,0.2,0.3,2.17,2,0,0,0,0,0,0,0,0.00,0.0,.000,0,0,4.0,0,0,0,0,0,0,0,0,0,0,0,0,0.0,0.0
RP,Larry Sherry,Larry,Sherry,Seoul Hannams,6' 2',205 lbs,R,R,66,Los Angeles Dodgers,LAD,1959,1946-1960,ME,86622,Bronze,50s Theme Week - Hardware Heroes  RP Larry Sherry  LAD  1959,0,N,0,67,53,115,28,56,28,10,2,5,55,74,62,148,33,57,78,46,Flyball,Normal,Normal,101,56,165,89,90,52,159,77,114,60,170,100,101,-,107,103,-,-,-,-,-,-,-,-,3,FB,90-92,3/4,Normal,48,60,-,-,-,22,20,22,23,10,4,7,49,-,-,-,-,-,-,-,-,49,-,-,-,-,-,-,-,-,11,3,6,19,,,0,0,0,0,0,0,0,0,0,0,0,0,0,0,0,0,0,0.0,0.00,0,-0.0,0.0,0.00,0,0,0.0,0.0,2,0,1,0,0,1,0,6.0,22,20,2,0,0,0,0,0,2,0,6,0,0,0,0,0,0,0,2,2,0,2.08,82,6,6,0,0,0.8,0.3,0.6,3.12,2,0,3,0,3,0,0,0,4.50,0.1,1.096,0,0,6.0,0,0,1,1,0,0,0,0,0,0,0,0,0.0,0.0
RP,Larry Sherry,Larry,Sherry,Deep 13 Mad Scientists,6' 2',205 lbs,R,R,66,Los Angeles Dodgers,LAD,1959,1946-1960,ME,86622,Bronze,50s Theme Week - Hardware Heroes  RP Larry Sherry  LAD  1959,0,N,0,67,53,115,28,56,28,10,2,5,55,74,62,148,33,57,78,46,Flyball,Normal,Normal,101,56,165,89,90,52,159,77,114,60,170,100,101,-,107,103,-,-,-,-,-,-,-,-,3,FB,90-92,3/4,Normal,48,60,-,-,-,22,20,22,23,10,4,7,49,-,-,-,-,-,-,-,-,49,-,-,-,-,-,-,-,-,11,3,6,19,,,0,0,0,0,0,0,0,0,0,0,0,0,0,0,0,0,0,0.0,0.00,0,-0.0,0.0,0.00,0,0,0.0,0.0,1,0,1,0,0,1,0,1.0,3,3,0,0,0,0,0,0,0,0,2,0,0,0,0,0,0,0,1,0,0,1.90,12,0,1,0,0,0.1,0.1,0.1,-4.15,1,0,0,0,0,0,0,0,0.00,0.0,.000,0,0,1.0,0,0,0,0,0,0,0,0,0,0,0,0,0.0,0.0
RP,Larry Sherry,Larry,Sherry,Breslau Binturings - HotL,6' 2',205 lbs,R,R,66,Los Angeles Dodgers,LAD,1959,1946-1960,ME,86622,Bronze,50s Theme Week - Hardware Heroes  RP Larry Sherry  LAD  1959,0,N,0,67,53,115,28,56,28,10,2,5,55,74,62,148,33,57,78,46,Flyball,Normal,Normal,101,56,165,89,90,52,159,77,114,60,170,100,101,-,107,103,-,-,-,-,-,-,-,-,3,FB,90-92,3/4,Normal,48,60,-,-,-,22,20,22,23,10,4,7,49,-,-,-,-,-,-,-,-,49,-,-,-,-,-,-,-,-,11,3,6,19,,,0,0,0,0,0,0,0,0,0,0,0,0,0,0,0,0,0,0.0,0.00,0,-0.0,0.0,0.00,0,0,0.0,0.0,3,0,1,0,0,1,1,6.0,26,20,1,0,0,1,2,2,6,0,7,0,0,0,0,0,0,0,2,0,0,1.28,113,4,7,0,0,0.1,-0.1,0.2,4.71,3,0,0,0,0,0,0,0,0.00,0.0,.000,0,0,6.0,0,0,0,0,0,0,0,0,0,0,0,0,0.0,0.0
RP,Larry Sherry,Larry,Sherry,EVC's Let the Music Play Ball-TTC,6' 2',205 lbs,R,R,66,Los Angeles Dodgers,LAD,1959,1946-1960,ME,86622,Bronze,50s Theme Week - Hardware Heroes  RP Larry Sherry  LAD  1959,0,N,0,67,53,115,28,56,28,10,2,5,55,74,62,148,33,57,78,46,Flyball,Normal,Normal,101,56,165,89,90,52,159,77,114,60,170,100,101,-,107,103,-,-,-,-,-,-,-,-,3,FB,90-92,3/4,Normal,48,60,-,-,-,22,20,22,23,10,4,7,49,-,-,-,-,-,-,-,-,49,-,-,-,-,-,-,-,-,11,3,6,19,,,0,0,0,0,0,0,0,0,0,0,0,0,0,0,0,0,0,0.0,0.00,0,-0.0,0.0,0.00,0,0,0.0,0.0,2,0,0,0,0,0,0,2.0,8,6,1,0,1,0,0,0,2,2,1,0,0,0,0,0,0,2,2,1,0,0.18,21,2,1,0,0,0.0,0.1,0.1,6.87,2,0,1,1,0,0,1,0,4.50,0.1,1.096,0,0,2.0,0,0,1,1,0,0,0,0,0,0,0,0,0.0,0.0
RP,Larry Sherry,Larry,Sherry,Deadwood Punch and Judys TTC,6' 2',205 lbs,R,R,66,Los Angeles Dodgers,LAD,1959,1946-1960,ME,86622,Bronze,50s Theme Week - Hardware Heroes  RP Larry Sherry  LAD  1959,0,N,0,67,53,115,28,56,28,10,2,5,55,74,62,148,33,57,78,46,Flyball,Normal,Normal,101,56,165,89,90,52,159,77,114,60,170,100,101,-,107,103,-,-,-,-,-,-,-,-,3,FB,90-92,3/4,Normal,48,60,-,-,-,22,20,22,23,10,4,7,49,-,-,-,-,-,-,-,-,49,-,-,-,-,-,-,-,-,11,3,6,19,,,0,0,0,0,0,0,0,0,0,0,0,0,0,0,0,0,0,0.0,0.00,0,-0.0,0.0,0.00,0,0,0.0,0.0,5,0,2,0,0,3,0,8.1,37,33,7,0,0,2,3,3,4,0,3,0,0,0,0,0,0,1,5,5,1,2.99,118,7,14,0,0,0.5,-0.5,0.3,6.12,5,0,2,0,2,0,0,0,2.16,0.0,.000,0,0,8.1,0,0,0,0,0,0,0,0,0,0,0,0,0.0,0.0
RP,Larry Sherry,Larry,Sherry,Madison Moundsmen,6' 2',205 lbs,R,R,66,Los Angeles Dodgers,LAD,1959,1946-1960,ME,86622,Bronze,50s Theme Week - Hardware Heroes  RP Larry Sherry  LAD  1959,0,N,0,67,53,115,28,56,28,10,2,5,55,74,62,148,33,57,78,46,Flyball,Normal,Normal,101,56,165,89,90,52,159,77,114,60,170,100,101,-,107,103,-,-,-,-,-,-,-,-,3,FB,90-92,3/4,Normal,48,60,-,-,-,22,20,22,23,10,4,7,49,-,-,-,-,-,-,-,-,49,-,-,-,-,-,-,-,-,11,3,6,19,,,0,0,0,0,0,0,0,0,0,0,0,0,0,0,0,0,0,0.0,0.00,0,-0.0,0.0,0.00,0,0,0.0,0.0,2,0,0,0,0,0,1,2.1,9,7,0,0,1,0,0,0,1,1,2,0,0,1,2,0,0,0,2,3,2,1.38,34,3,2,0,0,-0.2,0.1,0.2,4.08,2,0,0,0,0,0,0,0,0.00,0.0,.000,0,0,2.1,0,0,0,0,0,0,0,0,0,0,0,0,0.0,0.0
RP,Larry Sherry,Larry,Sherry,Groundball Defenders,6' 2',205 lbs,R,R,66,Los Angeles Dodgers,LAD,1959,1946-1960,ME,86622,Bronze,50s Theme Week - Hardware Heroes  RP Larry Sherry  LAD  1959,0,N,0,67,53,115,28,56,28,10,2,5,55,74,62,148,33,57,78,46,Flyball,Normal,Normal,101,56,165,89,90,52,159,77,114,60,170,100,101,-,107,103,-,-,-,-,-,-,-,-,3,FB,90-92,3/4,Normal,48,60,-,-,-,22,20,22,23,10,4,7,49,-,-,-,-,-,-,-,-,49,-,-,-,-,-,-,-,-,11,3,6,19,,,0,0,0,0,0,0,0,0,0,0,0,0,0,0,0,0,0,0.0,0.00,0,-0.0,0.0,0.00,0,0,0.0,0.0,4,0,0,1,0,0,1,8.2,34,30,2,0,0,1,2,2,4,0,12,0,0,0,0,0,0,0,4,3,0,1.18,134,7,7,0,0,-0.5,0.2,0.3,2.45,4,0,1,0,0,1,0,0,0.00,-0.6,.000,0,0,8.2,0,0,1,0,0,0,1,0,0,0,0,0,0.0,0.0
RP,Larry Sherry,Larry,Sherry,Hancocks and Sidekicks TTC,6' 2',205 lbs,R,R,66,Los Angeles Dodgers,LAD,1959,1946-1960,ME,86622,Bronze,50s Theme Week - Hardware Heroes  RP Larry Sherry  LAD  1959,0,N,0,67,53,115,28,56,28,10,2,5,55,74,62,148,33,57,78,46,Flyball,Normal,Normal,101,56,165,89,90,52,159,77,114,60,170,100,101,-,107,103,-,-,-,-,-,-,-,-,3,FB,90-92,3/4,Normal,48,60,-,-,-,22,20,22,23,10,4,7,49,-,-,-,-,-,-,-,-,49,-,-,-,-,-,-,-,-,11,3,6,19,,,0,0,0,0,0,0,0,0,0,0,0,0,0,0,0,0,0,0.0,0.00,0,-0.0,0.0,0.00,0,0,0.0,0.0,6,0,1,0,1,5,0,12.0,44,36,2,0,0,0,0,0,5,0,17,0,2,1,1,0,0,0,5,8,1,1.53,184,10,10,0,0,1.3,0.6,0.9,2.02,6,0,2,0,2,0,0,0,1.50,-0.2,.548,0,0,12.0,0,0,2,2,0,0,0,0,0,0,0,0,0.0,0.0
RP,Larry Sherry,Larry,Sherry,Out of Left Field,6' 2',205 lbs,R,R,66,Los Angeles Dodgers,LAD,1959,1946-1960,ME,86622,Bronze,50s Theme Week - Hardware Heroes  RP Larry Sherry  LAD  1959,0,N,0,67,53,115,28,56,28,10,2,5,55,74,62,148,33,57,78,46,Flyball,Normal,Normal,101,56,165,89,90,52,159,77,114,60,170,100,101,-,107,103,-,-,-,-,-,-,-,-,3,FB,90-92,3/4,Normal,48,60,-,-,-,22,20,22,23,10,4,7,49,-,-,-,-,-,-,-,-,49,-,-,-,-,-,-,-,-,11,3,6,19,,,0,0,0,0,0,0,0,0,0,0,0,0,0,0,0,0,0,0.0,0.00,0,-0.0,0.0,0.00,0,0,0.0,0.0,3,0,1,0,0,1,1,8.2,34,30,3,0,0,1,1,1,4,0,6,0,0,0,0,0,0,1,2,2,1,1.95,142,7,12,0,0,0.6,-0.0,0.6,4.69,3,0,0,0,0,0,0,0,0.00,0.0,.000,0,0,8.2,0,0,0,0,0,0,0,0,0,0,0,0,0.0,0.0
RP,Larry Sherry,Larry,Sherry,Michigan Black Bears,6' 2',205 lbs,R,R,66,Los Angeles Dodgers,LAD,1959,1946-1960,ME,86622,Bronze,50s Theme Week - Hardware Heroes  RP Larry Sherry  LAD  1959,0,N,0,67,53,115,28,56,28,10,2,5,55,74,62,148,33,57,78,46,Flyball,Normal,Normal,101,56,165,89,90,52,159,77,114,60,170,100,101,-,107,103,-,-,-,-,-,-,-,-,3,FB,90-92,3/4,Normal,48,60,-,-,-,22,20,22,23,10,4,7,49,-,-,-,-,-,-,-,-,49,-,-,-,-,-,-,-,-,11,3,6,19,,,0,0,0,0,0,0,0,0,0,0,0,0,0,0,0,0,0,0.0,0.00,0,-0.0,0.0,0.00,0,0,0.0,0.0,2,0,0,0,0,0,0,5.0,22,19,3,0,1,0,0,0,3,0,1,0,0,0,0,0,0,0,1,2,2,0.24,90,8,6,0,0,-0.0,0.0,0.3,6.81,2,0,1,1,0,0,0,0,1.80,0.1,1.096,0,0,5.0,0,0,1,1,0,0,0,0,0,0,0,0,0.0,0.0
RP,Elmer Singleton,Elmer,Singleton,DongTan Milky,6' 2',175 lbs,R,R,67,Chicago Cubs,CHC,1959,1946-1960,,83182,Bronze,Veteran Presence  RP Elmer Singleton  CHC  1959,0,N,0,1,3,1,3,1,1,3,1,3,1,1,3,1,3,1,29,23,Normal,Spray,Spray,65,84,69,104,61,81,63,97,68,87,74,111,-,-,-,65,63,-,-,-,-,80,76,-,4,NEU,90-92,3/4,Normal,24,33,-,-,-,28,20,23,23,1,5,5,55,-,-,-,-,-,-,-,-,55,-,-,-,-,-,-,-,-,13,4,6,21,,,0,0,0,0,0,0,0,0,0,0,0,0,0,0,0,0,0,0.0,0.00,0,-0.0,0.0,0.00,0,0,0.0,0.0,1,0,0,0,0,0,0,1.1,5,5,1,0,0,0,0,0,0,0,0,0,0,0,0,0,0,0,1,2,0,0.10,15,2,2,0,0,0.0,0.0,0.1,6.14,1,0,0,0,0,0,0,0,0.00,0.0,.000,0,0,1.1,0,0,0,0,0,0,0,0,0,0,0,0,0.0,0.0
RP,Elmer Singleton,Elmer,Singleton,PNW Wild Stallions,6' 2',175 lbs,R,R,67,Chicago Cubs,CHC,1959,1946-1960,,83182,Bronze,Veteran Presence  RP Elmer Singleton  CHC  1959,0,N,0,1,3,1,3,1,1,3,1,3,1,1,3,1,3,1,29,23,Normal,Spray,Spray,65,84,69,104,61,81,63,97,68,87,74,111,-,-,-,65,63,-,-,-,-,80,76,-,4,NEU,90-92,3/4,Normal,24,33,-,-,-,28,20,23,23,1,5,5,55,-,-,-,-,-,-,-,-,55,-,-,-,-,-,-,-,-,13,4,6,21,,,0,0,0,0,0,0,0,0,0,0,0,0,0,0,0,0,0,0.0,0.00,0,-0.0,0.0,0.00,0,0,0.0,0.0,1,0,1,0,0,1,0,1.2,7,5,0,0,0,0,0,0,1,0,0,0,0,1,0,0,0,0,1,2,1,4.30,22,4,1,0,0,0.2,-0.0,0.3,7.89,1,0,1,0,1,0,0,0,5.40,0.0,.000,0,0,1.2,0,0,0,0,0,0,0,0,0,0,0,0,0.0,0.0
RP,Hal Smith,Hal,Smith,HickoryHoller JayBirds,6' 3',195 lbs,R,R,63,Pittsburgh Pirates,PIT,1933,1921-1945,,84255,Bronze,Rookie Sensation  SP Hal Smith  PIT  1933,0,N,0,1,4,1,4,1,1,4,1,4,1,1,4,1,4,1,27,2,Normal,Spray,Spray,48,95,83,72,37,81,77,69,58,111,87,75,-,76,67,-,56,-,-,-,-,-,-,-,3,NEU,90-92,SIDE,Normal,64,54,-,-,-,27,20,23,23,2,6,1,55,-,-,-,-,-,-,-,-,55,-,-,-,-,-,-,-,-,7,4,6,10,,,0,0,0,0,0,0,0,0,0,0,0,0,0,0,0,0,0,0.0,0.00,0,-0.0,0.0,0.00,0,0,0.0,0.0,1,0,0,0,0,0,0,4.2,21,20,2,0,0,3,6,5,1,0,1,0,0,0,0,0,0,0,0,1,0,0.24,76,4,9,0,0,-0.0,-0.3,-0.3,5.91,1,0,0,0,0,0,0,0,0.00,0.0,.000,0,0,4.2,0,0,0,0,0,0,0,0,0,0,0,0,0.0,0.0
RP,Chuck Stobbs,Chuck,Stobbs,Madison Moundsmen,6' 1',185 lbs,L,L,67,Washington Senators,MIN,1954,1946-1960,,83151,Bronze,Snapshot  SP Chuck Stobbs  WS1  1954,0,Y,5,12,37,6,46,21,7,50,6,34,13,14,34,6,50,24,89,32,Normal,Normal,Normal,55,79,86,121,65,66,50,142,52,84,99,117,52,72,66,70,-,-,-,-,-,-,-,-,4,EX FB,88-90,3/4,Normal,73,115,-,-,-,35,46,34,22,3,5,5,90,-,-,-,-,-,-,-,-,90,-,-,-,-,-,-,-,-,34,21,58,28,,,0,0,0,0,0,0,0,0,0,0,0,0,0,0,0,0,0,0.0,0.00,0,-0.0,0.0,0.00,0,0,0.0,0.0,2,0,1,1,0,1,1,3.1,14,13,2,1,0,0,1,1,1,0,4,0,0,0,0,0,0,0,2,2,0,1.36,65,3,3,0,0,-0.1,0.2,0.1,2.73,2,0,0,0,0,0,0,0,0.00,0.0,.000,0,0,3.1,0,0,0,0,0,0,0,0,0,0,0,0,0.0,0.0
RP,Chuck Stobbs,Chuck,Stobbs,King Street 504s,6' 1',185 lbs,L,L,67,Washington Senators,MIN,1954,1946-1960,,83151,Bronze,Snapshot  SP Chuck Stobbs  WS1  1954,0,Y,5,12,37,6,46,21,7,50,6,34,13,14,34,6,50,24,89,32,Normal,Normal,Normal,55,79,86,121,65,66,50,142,52,84,99,117,52,72,66,70,-,-,-,-,-,-,-,-,4,EX FB,88-90,3/4,Normal,73,115,-,-,-,35,46,34,22,3,5,5,90,-,-,-,-,-,-,-,-,90,-,-,-,-,-,-,-,-,34,21,58,28,,,0,0,0,0,0,0,0,0,0,0,0,0,0,0,0,0,0,0.0,0.00,0,-0.0,0.0,0.00,0,0,0.0,0.0,1,0,0,0,0,0,0,1.0,2,2,0,0,0,0,0,0,0,0,1,0,0,0,0,0,0,0,1,1,0,0.10,11,0,1,0,1,0.0,0.0,0.1,-3.70,1,0,0,0,0,0,0,0,0.00,0.3,.000,1,1,1.0,0,0,0,0,0,0,0,0,0,0,0,0,0.0,0.0
RP,Lon Warneke,Lon,Warneke,Port Townsend Wild Daphnes,6' 2',185 lbs,R,R,69,St. Louis Cardinals,STL,1940,1921-1945,,83183,Bronze,Snapshot  SP Lon Warneke  STL  1940,0,N,0,27,39,31,42,20,33,46,42,33,18,25,37,27,46,21,81,10,Normal,Pull,Pull,56,105,86,68,49,85,105,58,61,128,70,72,56,76,48,-,-,-,-,-,-,78,-,-,4,EX FB,89-91,3/4,Normal,78,115,-,-,-,34,76,45,24,1,8,4,100,-,-,-,-,-,-,-,-,100,-,-,-,-,-,-,-,-,6,5,6,6,,,0,0,0,0,0,0,0,0,0,0,0,0,0,0,0,0,0,0.0,0.00,0,-0.0,0.0,0.00,0,0,0.0,0.0,6,0,1,0,0,1,1,9.1,39,38,6,0,0,3,3,3,1,0,10,0,0,0,0,0,0,0,6,8,2,0.82,144,11,7,1,0,-0.3,-0.1,0.2,2.72,6,0,4,0,4,0,0,0,3.86,-0.2,.000,1,0,9.1,0,0,0,0,0,0,0,0,0,0,0,0,0.0,0.0
RP,Roy Welmaker,Roy,Welmaker,Deep 13 Mad Scientists,6' 0',200 lbs,S,L,68,Hollywood Stars,HoSt,1953,1946-1960,,84425,Bronze,Negro League Star  SP Roy Welmaker  HoSt  1953,0,Y,5,35,33,1,30,20,35,34,1,30,20,35,33,1,30,20,51,20,Normal,Normal,Normal,76,77,87,86,79,80,90,89,76,77,86,86,75,80,69,78,-,-,84,-,-,-,-,-,5,NEU,89-91,3/4,Normal,73,60,1,1,1,29,34,29,25,53,59,65,78,-,52,-,-,-,-,-,60,78,-,52,-,-,-,-,-,60,16,3,6,28,,,0,0,0,0,0,0,0,0,0,0,0,0,0,0,0,0,0,0.0,0.00,0,-0.0,0.0,0.00,0,0,0.0,0.0,1,0,0,0,0,1,0,7.0,25,23,1,1,0,0,0,0,2,0,5,0,0,0,0,0,0,0,0,0,0,1.92,89,8,8,0,0,1.0,0.3,0.8,3.97,1,0,4,2,2,0,0,0,5.14,0.1,1.096,0,0,7.0,0,0,1,1,1,1,0,0,0,0,0,0,0.0,0.0
RP,Tom Williams,Tom,Williams,Black Dog,5' 10',175 lbs,R,R,68,Chicago American Giants,CAG,1920,2026,,84436,Bronze,Negro League Star  SP Tom Williams  CAG  1920,0,Y,5,15,67,5,67,38,16,68,6,69,40,15,67,5,67,38,34,15,Normal,Normal,Pull,54,105,96,83,54,105,101,83,54,106,91,83,61,70,57,-,-,63,-,61,-,-,-,-,5,NEU,89-91,3/4,Normal,72,60,1,1,1,48,29,28,41,9,4,2,90,-,-,34,-,-,-,-,-,90,-,-,34,-,-,-,-,-,31,3,6,28,,,0,0,0,0,0,0,0,0,0,0,0,0,0,0,0,0,0,0.0,0.00,0,-0.0,0.0,0.00,0,0,0.0,0.0,3,0,1,0,0,1,0,6.0,18,18,0,1,0,0,0,0,0,0,1,0,0,0,0,0,0,1,3,2,0,1.22,58,7,9,0,0,0.4,0.2,0.4,5.29,3,0,0,0,0,0,0,0,0.00,0.0,.000,0,0,6.0,0,0,0,0,0,0,0,0,0,0,0,0,0.0,0.0
RP,Tom Williams,Tom,Williams,Beachcrest Blue Hornets,5' 10',175 lbs,R,R,68,Chicago American Giants,CAG,1920,2026,,84436,Bronze,Negro League Star  SP Tom Williams  CAG  1920,0,N,0,12,61,3,61,34,13,62,4,63,36,12,61,3,61,34,34,15,Normal,Normal,Pull,49,97,88,76,49,97,93,76,49,98,84,76,61,70,57,-,-,63,-,61,-,-,-,-,5,NEU,89-91,3/4,Normal,72,60,1,1,1,48,29,28,41,9,4,2,84,-,-,31,-,-,-,-,-,84,-,-,31,-,-,-,-,-,31,3,6,28,,,0,0,0,0,0,0,0,0,0,0,0,0,0,0,0,0,0,0.0,0.00,0,-0.0,0.0,0.00,0,0,0.0,0.0,1,0,0,0,0,0,0,2.1,12,11,5,0,0,0,0,0,1,0,1,0,0,0,1,0,0,1,1,1,0,0.16,54,3,2,0,0,0.0,0.0,0.1,5.66,1,0,2,1,1,0,0,0,7.71,0.1,1.096,0,0,2.1,0,0,1,1,1,1,0,0,0,0,0,0,0.0,0.0
RP,Tom Williams,Tom,Williams,White Rabbitt,5' 10',175 lbs,R,R,68,Chicago American Giants,CAG,1920,2026,,84436,Bronze,Negro League Star  SP Tom Williams  CAG  1920,0,Y,5,15,67,5,67,38,16,68,6,69,40,15,67,5,67,38,34,15,Normal,Normal,Pull,54,105,96,83,54,105,101,83,54,106,91,83,61,70,57,-,-,63,-,61,-,-,-,-,5,NEU,89-91,3/4,Normal,72,60,1,1,1,48,29,28,41,9,4,2,90,-,-,34,-,-,-,-,-,90,-,-,34,-,-,-,-,-,31,3,6,28,1,,0,0,0,0,0,0,0,0,0,0,0,0,0,0,0,0,0,0.0,0.00,0,-0.0,0.0,0.00,0,0,0.0,0.0,1,0,0,0,0,1,0,1.1,5,4,0,0,0,0,0,0,1,0,1,0,0,0,0,0,0,0,1,0,0,2.60,17,2,1,0,0,0.2,0.0,0.1,5.43,2,0,1,0,1,0,0,0,2.70,-0.1,.000,0,0,3.1,0,0,1,1,0,0,1,0,0,0,0,0,0.0,0.0
RP,Johnny Wright,Johnny,Wright,Breslau Binturings - HotL,5' 11',175 lbs,R,R,68,Homestead Grays,HoGr,1941,1921-1945,,84883,Bronze,Celebrating 42 - Negro League Star  SP Johnny Wright  HoGr  1941,0,Y,5,42,54,4,53,42,42,54,4,54,43,42,54,4,53,42,41,13,Normal,Normal,Pull,68,90,134,73,63,89,133,72,70,91,135,76,71,74,72,71,-,-,-,-,-,-,-,-,4,NEU,89-91,3/4,Normal,69,60,1,1,1,29,38,30,25,1,3,7,82,-,-,-,-,-,-,-,-,82,-,-,-,-,-,-,-,-,9,5,11,29,,,0,0,0,0,0,0,0,0,0,0,0,0,0,0,0,0,0,0.0,0.00,0,-0.0,0.0,0.00,0,0,0.0,0.0,2,0,1,0,1,2,0,6.1,26,24,3,3,0,0,2,2,2,0,3,0,0,0,0,0,0,1,0,3,0,1.06,100,6,9,0,0,0.4,0.1,0.2,5.20,2,0,3,1,2,0,0,0,4.26,0.1,1.096,0,0,6.1,0,0,1,1,1,1,0,0,0,0,0,0,-0.1,0.0
RP,Johnny Wright,Johnny,Wright,Altamonte Ryno's,5' 11',175 lbs,R,R,68,Homestead Grays,HoGr,1941,1921-1945,,84883,Bronze,Celebrating 42 - Negro League Star  SP Johnny Wright  HoGr  1941,0,Y,5,42,54,4,53,42,42,54,4,54,43,42,54,4,53,42,41,13,Normal,Normal,Pull,68,90,134,73,63,89,133,72,70,91,135,76,71,74,72,71,-,-,-,-,-,-,-,-,4,NEU,89-91,3/4,Normal,69,60,1,1,1,29,38,30,25,1,3,7,82,-,-,-,-,-,-,-,-,82,-,-,-,-,-,-,-,-,9,5,11,29,,,0,0,0,0,0,0,0,0,0,0,0,0,0,0,0,0,0,0.0,0.00,0,-0.0,0.0,0.00,0,0,0.0,0.0,1,0,0,0,0,1,0,0.1,1,1,0,0,0,0,0,0,0,0,1,0,0,0,0,0,0,0,1,3,0,10.90,5,0,0,0,0,0.3,0.1,0.1,-3.19,1,0,0,0,0,0,0,0,0.00,0.0,.000,0,0,0.1,0,0,0,0,0,0,0,0,0,0,0,0,0.0,0.0
RP,Whit Wyatt,Whit,Wyatt,Patchogue Pirates,6' 1',185 lbs,R,R,68,Brooklyn Dodgers,LAD,1939,1921-1945,,83874,Bronze,Historical All-Star  SP Whit Wyatt  BRO  1939,0,N,0,17,35,3,35,11,19,35,2,47,16,17,35,4,31,10,60,1,Normal,Spray,Spray,81,69,69,79,83,66,70,80,79,73,67,79,73,-,94,100,-,-,-,-,-,-,-,-,3,NEU,91-93,OTT,Normal,80,33,-,-,-,29,20,24,23,8,1,6,57,-,-,-,-,-,-,-,-,57,-,-,-,-,-,-,-,-,17,5,6,29,,,0,0,0,0,0,0,0,0,0,0,0,0,0,0,0,0,0,0.0,0.00,0,-0.0,0.0,0.00,0,0,0.0,0.0,2,0,0,0,0,2,0,7.2,31,28,7,0,0,0,1,1,1,0,5,0,1,1,0,0,0,1,1,2,1,2.39,103,7,10,0,0,0.5,0.4,0.6,3.95,2,0,1,1,0,0,0,0,1.17,-0.1,1.096,0,0,7.2,0,0,1,1,0,0,1,0,0,0,0,0,0.0,0.0
CL,Roy Face,Roy,Face,Deep 13 Mad Scientists,5' 8',155 lbs,R,R,66,Pittsburgh Pirates,PIT,1958,1946-1960,,82672,Bronze,Hardware Heroes  CL Roy Face  PIT  1958,0,Y,5,1,4,1,4,1,1,6,1,6,1,1,4,1,4,1,39,22,Normal,Spray,Spray,74,103,88,86,81,115,86,90,68,97,90,84,66,-,78,78,-,-,-,58,-,-,-,-,4,NEU,89-91,OTT,Normal,23,115,-,-,-,30,25,26,23,1,7,1,68,-,-,-,-,-,-,-,-,68,-,-,-,-,-,-,-,-,5,3,6,5,,,0,0,0,0,0,0,0,0,0,0,0,0,0,0,0,0,0,0.0,0.00,0,-0.0,0.0,0.00,0,0,0.0,0.0,3,0,0,0,0,2,0,6.2,27,23,2,2,0,0,1,0,2,2,4,0,1,1,0,0,0,1,1,1,0,2.41,90,6,10,0,0,0.3,0.4,0.5,4.61,3,0,1,0,1,0,0,0,1.35,0.0,.000,0,0,6.2,0,0,0,0,0,0,0,0,0,0,0,0,0.0,0.0
CL,Roy Face,Roy,Face,Ware Wolves2,5' 8',155 lbs,R,R,66,Pittsburgh Pirates,PIT,1958,1946-1960,,82672,Bronze,Hardware Heroes  CL Roy Face  PIT  1958,0,N,0,1,2,1,2,1,1,4,1,4,1,1,2,1,2,1,39,22,Normal,Spray,Spray,68,95,81,79,74,106,79,83,62,89,83,77,66,-,78,78,-,-,-,58,-,-,-,-,4,NEU,89-91,OTT,Normal,23,115,-,-,-,30,25,26,23,1,7,1,63,-,-,-,-,-,-,-,-,63,-,-,-,-,-,-,-,-,5,3,6,5,,,0,0,0,0,0,0,0,0,0,0,0,0,0,0,0,0,0,0.0,0.00,0,-0.0,0.0,0.00,0,0,0.0,0.0,4,0,0,0,0,2,0,7.1,33,30,5,1,0,0,2,0,3,0,4,0,0,0,0,0,0,1,1,2,0,1.27,119,10,7,0,0,0.3,0.1,0.2,5.19,4,0,2,1,1,0,0,0,2.45,0.1,1.096,0,0,7.1,0,0,1,1,0,0,0,0,0,0,0,0,0.0,0.0
CL,Roy Face,Roy,Face,Michigan Black Bears,5' 8',155 lbs,R,R,66,Pittsburgh Pirates,PIT,1958,1946-1960,,82672,Bronze,Hardware Heroes  CL Roy Face  PIT  1958,0,Y,5,1,4,1,4,1,1,6,1,6,1,1,4,1,4,1,39,22,Normal,Spray,Spray,74,103,88,86,81,115,86,90,68,97,90,84,66,-,78,78,-,-,-,58,-,-,-,-,4,NEU,89-91,OTT,Normal,23,115,-,-,-,30,25,26,23,1,7,1,68,-,-,-,-,-,-,-,-,68,-,-,-,-,-,-,-,-,5,3,6,5,,,0,0,0,0,0,0,0,0,0,0,0,0,0,0,0,0,0,0.0,0.00,0,-0.0,0.0,0.00,0,0,0.0,0.0,2,0,0,0,0,0,0,1.1,6,5,1,0,0,0,0,0,1,0,2,0,0,0,0,0,0,0,2,1,0,1.25,24,0,2,0,0,0.1,0.0,0.1,2.28,2,0,0,0,0,0,0,0,0.00,0.0,.000,0,0,1.1,0,0,0,0,0,0,0,0,0,0,0,0,0.0,0.0
CL,Burleigh Grimes,Burleigh,Grimes,Statesville Shadowcats,5' 10',175 lbs,R,R,69,New York Giants,SFG,1927,1921-1945,,83159,Bronze,Snapshot  SP Burleigh Grimes  NY1  1927,0,N,0,18,60,3,43,24,14,72,2,55,21,20,51,4,39,26,49,21,Normal,Normal,Normal,86,68,78,68,75,76,64,62,95,63,89,74,80,-,125,-,-,-,-,-,-,75,-,-,3,NEU,89-91,3/4,Normal,77,49,-,-,-,30,19,27,32,9,7,5,59,-,-,-,-,-,-,-,-,59,-,-,-,-,-,-,-,-,39,45,49,31,,,0,0,0,0,0,0,0,0,0,0,0,0,0,0,0,0,0,0.0,0.00,0,-0.0,0.0,0.00,0,0,0.0,0.0,1,0,0,1,0,0,1,3.0,14,14,2,0,0,1,3,1,0,0,3,0,0,0,0,0,0,0,1,0,0,1.84,57,4,2,0,0,-0.4,-0.0,-0.2,3.04,1,0,0,0,0,0,0,0,0.00,0.0,.000,0,0,3.0,0,0,0,0,0,0,0,0,0,0,0,0,0.0,0.0
CL,Burleigh Grimes,Burleigh,Grimes,Aurora Highlanders,5' 10',175 lbs,R,R,69,New York Giants,SFG,1927,1921-1945,,83159,Bronze,Snapshot  SP Burleigh Grimes  NY1  1927,0,N,0,18,60,3,43,24,14,72,2,55,21,20,51,4,39,26,49,21,Normal,Normal,Normal,86,68,78,68,75,76,64,62,95,63,89,74,80,-,125,-,-,-,-,-,-,75,-,-,3,NEU,89-91,3/4,Normal,77,49,-,-,-,30,19,27,32,9,7,5,59,-,-,-,-,-,-,-,-,59,-,-,-,-,-,-,-,-,39,45,49,31,,,0,0,0,0,0,0,0,0,0,0,0,0,0,0,0,0,0,0.0,0.00,0,-0.0,0.0,0.00,0,0,0.0,0.0,2,0,0,1,0,1,1,3.1,17,14,2,2,0,0,1,1,3,1,4,0,0,0,0,0,0,0,2,3,1,2.83,50,2,4,0,0,-0.2,0.2,0.2,4.54,2,0,1,0,1,0,0,0,2.70,0.0,.000,0,0,3.1,0,0,0,0,0,0,0,0,0,0,0,0,0.0,0.0
CL,Burleigh Grimes,Burleigh,Grimes,Atlanta Braves TTC,5' 10',175 lbs,R,R,69,New York Giants,SFG,1927,1921-1945,,83159,Bronze,Snapshot  SP Burleigh Grimes  NY1  1927,0,N,0,18,60,3,43,24,14,72,2,55,21,20,51,4,39,26,49,21,Normal,Normal,Normal,86,68,78,68,75,76,64,62,95,63,89,74,80,-,125,-,-,-,-,-,-,75,-,-,3,NEU,89-91,3/4,Normal,77,49,-,-,-,30,19,27,32,9,7,5,59,-,-,-,-,-,-,-,-,59,-,-,-,-,-,-,-,-,39,45,49,31,,,0,0,0,0,0,0,0,0,0,0,0,0,0,0,0,0,0,0.0,0.00,0,-0.0,0.0,0.00,0,0,0.0,0.0,6,0,0,1,0,1,2,6.1,30,25,4,1,0,1,2,2,4,1,7,0,0,1,0,0,0,0,6,6,2,1.69,122,6,6,0,0,-0.7,0.0,0.2,4.12,6,0,1,1,0,0,0,0,1.42,0.1,1.096,0,0,6.1,0,0,0,0,1,1,0,0,0,0,0,0,0.0,0.0
CL,Burleigh Grimes,Burleigh,Grimes,Transylvania Counts,5' 10',175 lbs,R,R,69,New York Giants,SFG,1927,1921-1945,,83159,Bronze,Snapshot  SP Burleigh Grimes  NY1  1927,0,N,0,18,60,3,43,24,14,72,2,55,21,20,51,4,39,26,49,21,Normal,Normal,Normal,86,68,78,68,75,76,64,62,95,63,89,74,80,-,125,-,-,-,-,-,-,75,-,-,3,NEU,89-91,3/4,Normal,77,49,-,-,-,30,19,27,32,9,7,5,59,-,-,-,-,-,-,-,-,59,-,-,-,-,-,-,-,-,39,45,49,31,,,0,0,0,0,0,0,0,0,0,0,0,0,0,0,0,0,0,0.0,0.00,0,-0.0,0.0,0.00,0,0,0.0,0.0,1,0,0,0,0,1,0,2.1,11,10,3,0,0,0,0,0,1,1,1,0,0,0,0,0,0,0,0,2,1,3.73,36,2,4,0,0,0.1,0.2,0.3,5.74,1,0,0,0,0,0,0,0,0.00,0.0,.000,0,0,2.1,0,0,0,0,0,0,0,0,0,0,0,0,0.0,0.0
CL,Ed Holley,Ed,Holley,Bismarck Blizzard,6' 1',195 lbs,R,R,69,Philadelphia Phillies,PHI,1932,1921-1945,,84263,Bronze,Rookie Sensation  SP Ed Holley  PHI  1932,0,N,0,4,8,1,13,7,6,5,1,22,9,4,10,2,11,7,33,10,Normal,Spray,Spray,70,87,77,68,60,82,91,54,78,92,65,75,57,-,77,78,-,-,91,-,-,-,-,-,4,EX FB,90-92,3/4,Normal,76,60,-,-,-,24,20,22,23,3,3,1,51,-,-,-,-,-,-,-,-,51,-,-,-,-,-,-,-,-,5,5,6,5,,,0,0,0,0,0,0,0,0,0,0,0,0,0,0,0,0,0,0.0,0.00,0,-0.0,0.0,0.00,0,0,0.0,0.0,1,0,0,0,0,1,0,1.2,7,6,2,0,0,0,0,0,0,0,2,0,0,1,0,0,0,0,1,3,1,2.40,25,1,2,0,0,0.3,0.1,0.2,1.63,1,0,0,0,0,0,0,0,0.00,0.0,.000,0,0,1.2,0,0,0,0,0,0,0,0,0,0,0,0,0.0,0.0
CL,Ed Holley,Ed,Holley,Columbus Fire Ants,6' 1',195 lbs,R,R,69,Philadelphia Phillies,PHI,1932,1921-1945,,84263,Bronze,Rookie Sensation  SP Ed Holley  PHI  1932,0,N,0,4,8,1,13,7,6,5,1,22,9,4,10,2,11,7,33,10,Normal,Spray,Spray,70,87,77,68,60,82,91,54,78,92,65,75,57,-,77,78,-,-,91,-,-,-,-,-,4,EX FB,90-92,3/4,Normal,76,60,-,-,-,24,20,22,23,3,3,1,51,-,-,-,-,-,-,-,-,51,-,-,-,-,-,-,-,-,5,5,6,5,,,0,0,0,0,0,0,0,0,0,0,0,0,0,0,0,0,0,0.0,0.00,0,-0.0,0.0,0.00,0,0,0.0,0.0,6,0,0,0,0,0,2,7.0,25,23,1,1,0,2,3,3,1,1,4,0,0,1,0,0,0,1,6,7,3,0.39,92,9,7,0,0,-0.3,-0.1,0.1,4.09,5,0,1,0,1,0,0,0,1.29,0.0,.000,0,0,7.0,0,0,0,0,0,0,0,0,0,0,0,0,0.0,0.0
CL,Ed Holley,Ed,Holley,Moncton Mosquitos,6' 1',195 lbs,R,R,69,Philadelphia Phillies,PHI,1932,1921-1945,,84263,Bronze,Rookie Sensation  SP Ed Holley  PHI  1932,0,N,0,4,8,1,13,7,6,5,1,22,9,4,10,2,11,7,33,10,Normal,Spray,Spray,70,87,77,68,60,82,91,54,78,92,65,75,57,-,77,78,-,-,91,-,-,-,-,-,4,EX FB,90-92,3/4,Normal,76,60,-,-,-,24,20,22,23,3,3,1,51,-,-,-,-,-,-,-,-,51,-,-,-,-,-,-,-,-,5,5,6,5,,,0,0,0,0,0,0,0,0,0,0,0,0,0,0,0,0,0,0.0,0.00,0,-0.0,0.0,0.00,0,0,0.0,0.0,2,0,0,0,0,0,2,0.2,5,5,3,0,0,0,0,0,0,0,0,0,0,0,0,0,0,0,2,2,2,3.34,23,2,0,0,0,-0.7,0.0,0.1,6.47,2,0,0,0,0,0,0,0,0.00,0.0,.000,0,0,0.2,0,0,0,0,0,0,0,0,0,0,0,0,0.0,0.0
CL,Ed Holley,Ed,Holley,Honolulu Warriors - HotL,6' 1',195 lbs,R,R,69,Philadelphia Phillies,PHI,1932,1921-1945,,84263,Bronze,Rookie Sensation  SP Ed Holley  PHI  1932,0,N,0,4,8,1,13,7,6,5,1,22,9,4,10,2,11,7,33,10,Normal,Spray,Spray,70,87,77,68,60,82,91,54,78,92,65,75,57,-,77,78,-,-,91,-,-,-,-,-,4,EX FB,90-92,3/4,Normal,76,60,-,-,-,24,20,22,23,3,3,1,51,-,-,-,-,-,-,-,-,51,-,-,-,-,-,-,-,-,5,5,6,5,,,0,0,0,0,0,0,0,0,0,0,0,0,0,0,0,0,0,0.0,0.00,0,-0.0,0.0,0.00,0,0,0.0,0.0,4,0,1,0,0,3,1,9.0,39,33,2,2,0,0,1,1,6,2,4,0,0,0,0,0,0,0,3,7,1,2.57,153,6,17,0,0,0.6,0.2,0.8,6.17,4,0,2,1,1,0,0,0,2.00,0.1,1.096,0,0,9.0,0,0,0,0,1,1,0,0,0,0,0,0,0.0,0.0
CL,Al Hollingsworth,Al,Hollingsworth,Huatulco Tacos,6' 0',175 lbs,L,L,69,Cincinnati Reds,CIN,1936,1921-1945,,83169,Bronze,Snapshot  SP Al Hollingsworth  CIN  1936,0,N,0,28,24,23,30,18,16,14,13,33,10,31,28,27,30,21,26,9,Normal,Spray,Spray,74,69,74,85,92,73,46,108,68,68,83,79,92,97,73,-,-,-,-,-,-,-,-,-,3,FB,90-92,SIDE,Normal,74,33,-,-,-,29,30,27,23,6,4,6,67,-,-,-,-,-,-,-,-,67,-,-,-,-,-,-,-,-,11,4,6,17,,,0,0,0,0,0,0,0,0,0,0,0,0,0,0,0,0,0,0.0,0.00,0,-0.0,0.0,0.00,0,0,0.0,0.0,2,0,0,1,0,0,2,5.1,24,22,5,1,0,0,3,2,1,1,5,0,0,1,0,0,0,0,1,5,3,2.60,68,6,5,0,0,-0.5,0.4,-0.0,3.43,2,0,1,0,1,0,0,0,1.69,0.0,.000,0,0,5.1,0,0,0,0,0,0,0,0,0,0,0,0,0.0,0.0
CL,Al Hollingsworth,Al,Hollingsworth,Port Townsend Wild Daphnes,6' 0',175 lbs,L,L,69,Cincinnati Reds,CIN,1936,1921-1945,,83169,Bronze,Snapshot  SP Al Hollingsworth  CIN  1936,0,N,0,28,24,23,30,18,16,14,13,33,10,31,28,27,30,21,26,9,Normal,Spray,Spray,74,69,74,85,92,73,46,108,68,68,83,79,92,97,73,-,-,-,-,-,-,-,-,-,3,FB,90-92,SIDE,Normal,74,33,-,-,-,29,30,27,23,6,4,6,67,-,-,-,-,-,-,-,-,67,-,-,-,-,-,-,-,-,11,4,6,17,,,0,0,0,0,0,0,0,0,0,0,0,0,0,0,0,0,0,0.0,0.00,0,-0.0,0.0,0.00,0,0,0.0,0.0,15,0,2,2,1,6,5,19.0,88,72,14,0,4,0,6,4,12,2,14,1,0,3,1,0,0,1,13,22,9,2.27,327,12,29,1,0,-0.1,0.5,0.7,5.13,14,0,5,3,2,0,1,0,2.37,0.3,1.462,1,0,19.0,0,0,2,2,2,2,0,0,0,0,0,0,0.0,0.0
CL,Al Hollingsworth,Al,Hollingsworth,Indiana Rhubarbs,6' 0',175 lbs,L,L,69,Cincinnati Reds,CIN,1936,1921-1945,,83169,Bronze,Snapshot  SP Al Hollingsworth  CIN  1936,0,N,0,28,24,23,30,18,16,14,13,33,10,31,28,27,30,21,26,9,Normal,Spray,Spray,74,69,74,85,92,73,46,108,68,68,83,79,92,97,73,-,-,-,-,-,-,-,-,-,3,FB,90-92,SIDE,Normal,74,33,-,-,-,29,30,27,23,6,4,6,67,-,-,-,-,-,-,-,-,67,-,-,-,-,-,-,-,-,11,4,6,17,,,0,0,0,0,0,0,0,0,0,0,0,0,0,0,0,0,0,0.0,0.00,0,-0.0,0.0,0.00,0,0,0.0,0.0,1,0,0,0,0,0,1,5.0,22,20,2,2,0,1,2,2,2,1,2,0,0,0,0,0,0,0,0,1,0,3.07,77,5,8,0,0,-0.1,-0.1,0.2,5.77,1,0,1,1,0,0,0,0,1.80,0.1,1.096,0,0,5.0,0,0,0,0,1,1,0,0,0,0,0,0,0.0,0.0
CL,Bob Miller,Bob,Miller,Birmingham Black Barons,6' 1',185 lbs,R,L,69,Detroit Tigers,DET,1954,1946-1960,CS,84696,Bronze,Clubhouse - April Fools' Day  RP Bob Miller  DET  1954,0,N,0,1,5,1,3,2,1,5,1,3,2,1,5,1,3,2,21,1,Normal,Pull,Pull,66,87,90,140,104,58,151,159,43,95,76,133,78,-,-,68,-,-,-,-,-,-,-,-,2,NEU,89-91,SIDE,Normal,56,49,-,-,-,27,20,23,23,2,6,8,55,-,-,-,-,-,-,-,-,55,-,-,-,-,-,-,-,-,7,5,6,8,,,0,0,0,0,0,0,0,0,0,0,0,0,0,0,0,0,0,0.0,0.00,0,-0.0,0.0,0.00,0,0,0.0,0.0,6,0,1,0,0,3,2,5.2,21,19,3,1,0,0,0,0,1,0,1,0,1,0,0,0,0,1,6,6,3,2.68,82,6,9,0,0,0.2,0.2,0.6,5.99,6,0,2,1,1,0,0,0,3.18,0.1,1.096,0,0,5.2,0,0,1,1,0,0,0,0,0,0,0,0,0.0,0.0
CL,Bob Miller,Bob,Miller,HILITE RECORDS,6' 1',185 lbs,R,L,69,Detroit Tigers,DET,1954,1946-1960,CS,84696,Bronze,Clubhouse - April Fools' Day  RP Bob Miller  DET  1954,0,N,0,1,5,1,3,2,1,5,1,3,2,1,5,1,3,2,21,1,Normal,Pull,Pull,66,87,90,140,104,58,151,159,43,95,76,133,78,-,-,68,-,-,-,-,-,-,-,-,2,NEU,89-91,SIDE,Normal,56,49,-,-,-,27,20,23,23,2,6,8,55,-,-,-,-,-,-,-,-,55,-,-,-,-,-,-,-,-,7,5,6,8,,,0,0,0,0,0,0,0,0,0,0,0,0,0,0,0,0,0,0.0,0.00,0,-0.0,0.0,0.00,0,0,0.0,0.0,2,0,0,0,0,1,0,4.2,21,19,4,0,0,1,3,3,2,0,1,0,0,0,1,0,0,0,2,2,1,0.31,68,6,7,0,0,0.1,-0.1,-0.0,6.52,2,0,2,0,2,0,0,0,3.86,0.0,.000,0,0,4.2,0,0,0,0,0,0,0,0,0,0,0,0,-0.1,0.0
CL,Bob Miller,Bob,Miller,Ungentlemanly Fightin' Fellows TTC,6' 1',185 lbs,R,L,69,Detroit Tigers,DET,1954,1946-1960,CS,84696,Bronze,Clubhouse - April Fools' Day  RP Bob Miller  DET  1954,0,N,0,1,5,1,3,2,1,5,1,3,2,1,5,1,3,2,21,1,Normal,Pull,Pull,66,87,90,140,104,58,151,159,43,95,76,133,78,-,-,68,-,-,-,-,-,-,-,-,2,NEU,89-91,SIDE,Normal,56,49,-,-,-,27,20,23,23,2,6,8,55,-,-,-,-,-,-,-,-,55,-,-,-,-,-,-,-,-,7,5,6,8,,,0,0,0,0,0,0,0,0,0,0,0,0,0,0,0,0,0,0.0,0.00,0,-0.0,0.0,0.00,0,0,0.0,0.0,3,0,0,1,0,0,1,1.0,9,7,0,3,1,0,6,6,2,1,1,0,0,0,1,0,0,0,2,2,0,2.18,32,0,2,0,0,-0.9,0.0,-0.8,6.98,3,0,0,0,0,0,0,0,0.00,0.0,.000,0,0,1.0,0,0,0,0,0,0,0,0,0,0,0,0,0.0,0.0
CL,Bob Miller,Bob,Miller,Allston Wolf Spiders,6' 1',185 lbs,R,L,69,Detroit Tigers,DET,1954,1946-1960,CS,84696,Bronze,Clubhouse - April Fools' Day  RP Bob Miller  DET  1954,0,N,0,1,5,1,3,2,1,5,1,3,2,1,5,1,3,2,21,1,Normal,Pull,Pull,66,87,90,140,104,58,151,159,43,95,76,133,78,-,-,68,-,-,-,-,-,-,-,-,2,NEU,89-91,SIDE,Normal,56,49,-,-,-,27,20,23,23,2,6,8,55,-,-,-,-,-,-,-,-,55,-,-,-,-,-,-,-,-,7,5,6,8,,,0,0,0,0,0,0,0,0,0,0,0,0,0,0,0,0,0,0.0,0.00,0,-0.0,0.0,0.00,0,0,0.0,0.0,1,0,0,0,0,0,1,2.1,10,8,1,0,0,0,1,1,2,0,1,0,0,0,0,0,0,0,1,2,2,0.70,30,4,2,0,0,-0.2,-0.0,0.0,6.70,1,0,1,0,1,0,0,0,3.86,0.0,.000,0,0,2.1,0,0,0,0,0,0,0,0,0,0,0,0,0.0,0.0
CL,Bob Miller,Bob,Miller,Groundball Defenders,6' 1',185 lbs,R,L,69,Detroit Tigers,DET,1954,1946-1960,CS,84696,Bronze,Clubhouse - April Fools' Day  RP Bob Miller  DET  1954,0,N,0,1,5,1,3,2,1,5,1,3,2,1,5,1,3,2,21,1,Normal,Pull,Pull,66,87,90,140,104,58,151,159,43,95,76,133,78,-,-,68,-,-,-,-,-,-,-,-,2,NEU,89-91,SIDE,Normal,56,49,-,-,-,27,20,23,23,2,6,8,55,-,-,-,-,-,-,-,-,55,-,-,-,-,-,-,-,-,7,5,6,8,,,0,0,0,0,0,0,0,0,0,0,0,0,0,0,0,0,0,0.0,0.00,0,-0.0,0.0,0.00,0,0,0.0,0.0,1,0,0,0,0,1,0,0.1,2,2,1,0,0,0,0,0,0,0,0,0,0,0,0,0,0,0,1,1,0,5.25,7,0,1,0,0,0.1,0.0,0.1,5.41,1,0,0,0,0,0,0,0,0.00,0.0,.000,0,0,0.1,0,0,0,0,0,0,0,0,0,0,0,0,0.0,0.0
CL,Bob Miller,Bob,Miller,Moonsault Collective MCs,6' 1',185 lbs,R,L,69,Detroit Tigers,DET,1954,1946-1960,CS,84696,Bronze,Clubhouse - April Fools' Day  RP Bob Miller  DET  1954,0,N,0,1,5,1,3,2,1,5,1,3,2,1,5,1,3,2,21,1,Normal,Pull,Pull,66,87,90,140,104,58,151,159,43,95,76,133,78,-,-,68,-,-,-,-,-,-,-,-,2,NEU,89-91,SIDE,Normal,56,49,-,-,-,27,20,23,23,2,6,8,55,-,-,-,-,-,-,-,-,55,-,-,-,-,-,-,-,-,7,5,6,8,,,0,0,0,0,0,0,0,0,0,0,0,0,0,0,0,0,0,0.0,0.00,0,-0.0,0.0,0.00,0,0,0.0,0.0,3,0,1,0,0,1,0,5.0,18,16,0,1,0,0,0,0,2,0,2,0,0,0,0,0,0,0,3,5,1,1.23,75,7,5,0,0,0.4,0.1,0.3,5.56,3,0,1,1,0,0,0,0,1.80,0.1,1.096,0,0,5.0,0,0,1,1,0,0,0,0,0,0,0,0,0.0,0.0
CL,Bob Miller,Bob,Miller,King Street 504s,6' 1',185 lbs,R,L,69,Detroit Tigers,DET,1954,1946-1960,CS,84696,Bronze,Clubhouse - April Fools' Day  RP Bob Miller  DET  1954,0,N,0,1,5,1,3,2,1,5,1,3,2,1,5,1,3,2,21,1,Normal,Pull,Pull,66,87,90,140,104,58,151,159,43,95,76,133,78,-,-,68,-,-,-,-,-,-,-,-,2,NEU,89-91,SIDE,Normal,56,49,-,-,-,27,20,23,23,2,6,8,55,-,-,-,-,-,-,-,-,55,-,-,-,-,-,-,-,-,7,5,6,8,,,0,0,0,0,0,0,0,0,0,0,0,0,0,0,0,0,0,0.0,0.00,0,-0.0,0.0,0.00,0,0,0.0,0.0,2,0,0,0,0,2,0,8.1,34,30,5,0,0,0,0,0,3,1,3,1,0,0,0,0,0,0,1,1,1,2.40,103,12,10,0,0,0.8,0.2,0.9,5.65,2,0,2,1,1,0,0,0,2.16,0.1,1.096,0,0,8.1,0,0,1,1,0,0,0,0,0,0,0,0,-0.1,0.0
CL,Fritz Ostermueller,Fritz,Ostermueller,Columbus Evil Squirrels,5' 11',175 lbs,L,L,64,Pittsburgh Pirates,PIT,1944,1921-1945,BBR,86357,Bronze,Trade Deadliners - Baseball Reference 6  SP Fritz Ostermueller  PIT  1944,0,N,0,27,37,4,37,32,31,45,4,46,20,26,35,5,34,35,45,5,Normal,Normal,Normal,91,81,77,120,133,66,85,95,82,85,74,137,78,123,121,-,-,-,-,-,-,-,-,-,3,FB,88-90,OTT,Normal,98,59,-,-,-,25,22,23,23,6,4,5,54,-,-,-,-,-,-,-,-,54,-,-,-,-,-,-,-,-,39,45,58,27,,,0,0,0,0,0,0,0,0,0,0,0,0,0,0,0,0,0,0.0,0.00,0,-0.0,0.0,0.00,0,0,0.0,0.0,3,0,1,0,0,0,0,5.2,28,25,5,2,0,1,1,1,3,2,3,0,0,0,0,0,0,0,2,3,2,1.95,97,4,10,0,0,0.0,-0.0,0.3,5.62,3,0,0,0,0,0,0,0,0.00,0.0,.000,0,0,5.2,0,0,0,0,0,0,0,0,0,0,0,0,0.0,0.0
CL,Fritz Ostermueller,Fritz,Ostermueller,Hancocks and Sidekicks TTC,5' 11',175 lbs,L,L,64,Pittsburgh Pirates,PIT,1944,1921-1945,BBR,86357,Bronze,Trade Deadliners - Baseball Reference 6  SP Fritz Ostermueller  PIT  1944,0,N,0,27,37,4,37,32,31,45,4,46,20,26,35,5,34,35,45,5,Normal,Normal,Normal,91,81,77,120,133,66,85,95,82,85,74,137,78,123,121,-,-,-,-,-,-,-,-,-,3,FB,88-90,OTT,Normal,98,59,-,-,-,25,22,23,23,6,4,5,54,-,-,-,-,-,-,-,-,54,-,-,-,-,-,-,-,-,39,45,58,27,,,0,0,0,0,0,0,0,0,0,0,0,0,0,0,0,0,0,0.0,0.00,0,-0.0,0.0,0.00,0,0,0.0,0.0,8,0,1,0,1,5,1,13.0,52,44,6,2,0,0,1,0,5,1,9,0,1,2,0,0,0,1,7,3,1,1.83,205,13,17,0,0,0.5,0.5,0.9,4.54,8,0,2,1,0,1,0,0,0.69,-0.1,.000,0,0,13.0,0,0,1,1,1,1,0,0,0,0,0,0,0.0,0.0
CL,Larry Sherry,Larry,Sherry,Black Dog,6' 2',205 lbs,R,R,66,Los Angeles Dodgers,LAD,1959,1946-1960,ME,86622,Bronze,50s Theme Week - Hardware Heroes  RP Larry Sherry  LAD  1959,0,N,0,67,53,115,28,56,28,10,2,5,55,74,62,148,33,57,78,46,Flyball,Normal,Normal,101,56,165,89,90,52,159,77,114,60,170,100,101,-,107,103,-,-,-,-,-,-,-,-,3,FB,90-92,3/4,Normal,48,60,-,-,-,22,20,22,23,10,4,7,49,-,-,-,-,-,-,-,-,49,-,-,-,-,-,-,-,-,11,3,6,19,,,0,0,0,0,0,0,0,0,0,0,0,0,0,0,0,0,0,0.0,0.00,0,-0.0,0.0,0.00,0,0,0.0,0.0,3,0,1,1,0,1,1,2.2,15,12,1,1,1,1,5,3,3,0,1,0,0,0,0,0,0,0,2,2,2,2.37,55,4,3,0,0,-0.6,-0.3,-0.5,7.21,3,0,0,0,0,0,0,0,0.00,0.0,.000,0,0,2.2,0,0,0,0,0,0,0,0,0,0,0,0,0.0,0.0
CL,Larry Sherry,Larry,Sherry,White Rabbitt,6' 2',205 lbs,R,R,66,Los Angeles Dodgers,LAD,1959,1946-1960,ME,86622,Bronze,50s Theme Week - Hardware Heroes  RP Larry Sherry  LAD  1959,0,N,0,67,53,115,28,56,28,10,2,5,55,74,62,148,33,57,78,46,Flyball,Normal,Normal,101,56,165,89,90,52,159,77,114,60,170,100,101,-,107,103,-,-,-,-,-,-,-,-,3,FB,90-92,3/4,Normal,48,60,-,-,-,22,20,22,23,10,4,7,49,-,-,-,-,-,-,-,-,49,-,-,-,-,-,-,-,-,11,3,6,19,,,0,0,0,0,0,0,0,0,0,0,0,0,0,0,0,0,0,0.0,0.00,0,-0.0,0.0,0.00,0,0,0.0,0.0,4,0,1,0,0,2,1,4.1,20,17,2,0,0,2,2,2,2,0,2,0,1,0,0,0,0,0,3,9,2,3.40,75,10,2,0,0,0.1,-0.6,0.1,6.19,3,0,0,0,0,0,0,0,0.00,0.0,.000,0,0,4.1,0,0,0,0,0,0,0,0,0,0,0,0,0.0,0.0
CL,Elmer Singleton,Elmer,Singleton,Newport News Dodgers_TTC,6' 2',175 lbs,R,R,67,Chicago Cubs,CHC,1959,1946-1960,,83182,Bronze,Veteran Presence  RP Elmer Singleton  CHC  1959,0,N,0,1,3,1,3,1,1,3,1,3,1,1,3,1,3,1,29,23,Normal,Spray,Spray,65,84,69,104,61,81,63,97,68,87,74,111,-,-,-,65,63,-,-,-,-,80,76,-,4,NEU,90-92,3/4,Normal,24,33,-,-,-,28,20,23,23,1,5,5,55,-,-,-,-,-,-,-,-,55,-,-,-,-,-,-,-,-,13,4,6,21,,,0,0,0,0,0,0,0,0,0,0,0,0,0,0,0,0,0,0.0,0.00,0,-0.0,0.0,0.00,0,0,0.0,0.0,2,0,0,2,0,0,2,3.0,13,12,0,2,0,1,2,2,1,0,1,0,0,0,0,0,0,0,2,2,0,2.02,49,2,6,0,0,-0.3,-0.2,-0.1,5.59,2,0,0,0,0,0,0,0,0.00,0.0,.000,0,0,3.0,0,0,0,0,0,0,0,0,0,0,0,0,0.0,0.0
CL,Elmer Singleton,Elmer,Singleton,The Colony Lynx,6' 2',175 lbs,R,R,67,Chicago Cubs,CHC,1959,1946-1960,,83182,Bronze,Veteran Presence  RP Elmer Singleton  CHC  1959,0,N,0,1,3,1,3,1,1,3,1,3,1,1,3,1,3,1,29,23,Normal,Spray,Spray,65,84,69,104,61,81,63,97,68,87,74,111,-,-,-,65,63,-,-,-,-,80,76,-,4,NEU,90-92,3/4,Normal,24,33,-,-,-,28,20,23,23,1,5,5,55,-,-,-,-,-,-,-,-,55,-,-,-,-,-,-,-,-,13,4,6,21,,,0,0,0,0,0,0,0,0,0,0,0,0,0,0,0,0,0,0.0,0.00,0,-0.0,0.0,0.00,0,0,0.0,0.0,2,0,0,0,0,0,1,2.2,15,14,6,1,0,0,4,4,0,0,0,0,0,1,0,0,0,0,1,2,0,0.71,72,4,4,0,0,-0.2,0.1,-0.2,6.14,2,0,2,0,2,0,0,0,6.75,-0.2,.000,0,0,2.2,0,0,0,0,1,0,0,0,0,0,0,0,0.0,0.0
CL,Ted Trent,Ted,Trent,Narragansett Wave,6' 3',185 lbs,R,R,69,Chicago American Giants,CAG,1936,1921-1945,,84429,Bronze,Negro League Star  SP Ted Trent  CAG  1936,0,N,0,2,45,2,57,37,2,46,2,59,39,2,45,2,57,37,49,19,Normal,Spray,Spray,65,85,81,76,64,85,81,76,65,86,82,77,71,77,57,66,-,76,-,-,-,-,64,-,6,NEU,90-92,OTT,Normal,78,60,1,1,1,29,26,27,25,45,56,56,64,-,-,-,-,-,49,-,-,64,-,-,-,-,-,49,-,-,16,4,6,28,,,0,0,0,0,0,0,0,0,0,0,0,0,0,0,0,0,0,0.0,0.00,0,-0.0,0.0,0.00,0,0,0.0,0.0,2,0,0,0,0,0,1,1.0,7,7,3,0,0,1,2,2,0,0,0,0,0,0,0,0,0,0,2,5,3,1.77,20,1,2,0,0,-0.5,-0.2,-0.2,6.27,2,0,0,0,0,0,0,0,0.00,0.0,.000,0,0,1.0,0,0,0,0,0,0,0,0,0,0,0,0,0.0,0.0
CL,Roy Welmaker,Roy,Welmaker,HickoryHoller JayBirds,6' 0',200 lbs,S,L,68,Hollywood Stars,HoSt,1953,1946-1960,,84425,Bronze,Negro League Star  SP Roy Welmaker  HoSt  1953,0,Y,5,35,33,1,30,20,35,34,1,30,20,35,33,1,30,20,51,20,Normal,Normal,Normal,76,77,87,86,79,80,90,89,76,77,86,86,75,80,69,78,-,-,84,-,-,-,-,-,5,NEU,89-91,3/4,Normal,73,60,1,1,1,29,34,29,25,53,59,65,78,-,52,-,-,-,-,-,60,78,-,52,-,-,-,-,-,60,16,3,6,28,,,0,0,0,0,0,0,0,0,0,0,0,0,0,0,0,0,0,0.0,0.00,0,-0.0,0.0,0.00,0,0,0.0,0.0,2,0,0,1,0,0,1,5.1,24,22,4,1,1,0,2,2,2,0,5,0,0,0,0,0,0,1,2,1,0,2.96,89,5,5,0,0,-0.2,0.3,0.2,3.89,2,0,1,0,1,0,0,0,1.69,0.0,.000,0,0,5.1,0,0,0,0,0,0,0,0,0,0,0,0,0.0,0.0
CL,Tom Williams,Tom,Williams,Energy Efficiency,5' 10',175 lbs,R,R,68,Chicago American Giants,CAG,1920,2026,,84436,Bronze,Negro League Star  SP Tom Williams  CAG  1920,0,N,0,12,61,3,61,34,13,62,4,63,36,12,61,3,61,34,34,15,Normal,Normal,Pull,49,97,88,76,49,97,93,76,49,98,84,76,61,70,57,-,-,63,-,61,-,-,-,-,5,NEU,89-91,3/4,Normal,72,60,1,1,1,48,29,28,41,9,4,2,84,-,-,31,-,-,-,-,-,84,-,-,31,-,-,-,-,-,31,3,6,28,,,0,0,0,0,0,0,0,0,0,0,0,0,0,0,0,0,0,0.0,0.00,0,-0.0,0.0,0.00,0,0,0.0,0.0,4,0,0,0,0,3,1,9.0,35,29,3,0,0,0,1,0,5,2,2,0,1,0,0,0,0,2,3,4,1,2.21,108,15,8,0,0,0.8,0.2,0.7,6.70,4,0,6,3,3,0,0,0,6.00,0.2,1.096,0,0,9.0,0,0,2,2,1,1,0,0,0,0,0,0,0.0,0.0
CL,Johnny Wright,Johnny,Wright,Aberfeldie Falcons,5' 11',175 lbs,R,R,68,Homestead Grays,HoGr,1941,1921-1945,,84883,Bronze,Celebrating 42 - Negro League Star  SP Johnny Wright  HoGr  1941,0,N,0,38,49,2,48,38,38,49,2,49,39,38,49,2,48,38,41,13,Normal,Normal,Pull,62,83,124,67,57,82,123,66,64,84,125,70,71,74,72,71,-,-,-,-,-,-,-,-,4,NEU,89-91,3/4,Normal,69,60,1,1,1,29,38,30,25,1,3,7,76,-,-,-,-,-,-,-,-,76,-,-,-,-,-,-,-,-,9,5,11,29,,,0,0,0,0,0,0,0,0,0,0,0,0,0,0,0,0,0,0.0,0.00,0,-0.0,0.0,0.00,0,0,0.0,0.0,3,0,0,0,0,1,0,2.0,13,13,6,1,0,0,4,4,0,0,1,0,0,0,0,0,0,0,2,6,3,0.70,51,3,2,0,0,0.1,0.1,-0.3,4.84,3,0,0,0,0,0,0,0,0.00,0.0,.000,0,0,2.0,0,0,0,0,0,0,0,0,0,0,0,0,0.0,0.0
CL,Johnny Wright,Johnny,Wright,Patchogue Pirates,5' 11',175 lbs,R,R,68,Homestead Grays,HoGr,1941,1921-1945,,84883,Bronze,Celebrating 42 - Negro League Star  SP Johnny Wright  HoGr  1941,0,N,0,38,49,2,48,38,38,49,2,49,39,38,49,2,48,38,41,13,Normal,Normal,Pull,62,83,124,67,57,82,123,66,64,84,125,70,71,74,72,71,-,-,-,-,-,-,-,-,4,NEU,89-91,3/4,Normal,69,60,1,1,1,29,38,30,25,1,3,7,76,-,-,-,-,-,-,-,-,76,-,-,-,-,-,-,-,-,9,5,11,29,,,0,0,0,0,0,0,0,0,0,0,0,0,0,0,0,0,0,0.0,0.00,0,-0.0,0.0,0.00,0,0,0.0,0.0,3,0,1,2,0,0,3,2.1,15,10,4,1,0,1,3,2,4,3,1,0,0,1,0,0,0,1,3,3,1,3.01,39,2,2,0,0,-1.4,-0.3,-0.3,8.10,2,0,0,0,0,0,0,0,0.00,-0.2,.000,0,0,2.1,0,0,1,0,0,0,0,0,0,0,0,0,0.0,0.0
CL,Whit Wyatt,Whit,Wyatt,Roseburg River Hawks,6' 1',185 lbs,R,R,68,Brooklyn Dodgers,LAD,1939,1921-1945,,83874,Bronze,Historical All-Star  SP Whit Wyatt  BRO  1939,0,Y,5,20,39,5,39,14,22,39,4,52,19,20,39,6,35,13,60,1,Normal,Spray,Spray,88,75,75,86,90,72,76,87,86,80,73,86,73,-,94,100,-,-,-,-,-,-,-,-,3,NEU,91-93,OTT,Normal,80,33,-,-,-,29,20,24,23,8,1,6,61,-,-,-,-,-,-,-,-,61,-,-,-,-,-,-,-,-,17,5,6,29,,,0,0,0,0,0,0,0,0,0,0,0,0,0,0,0,0,0,0.0,0.00,0,-0.0,0.0,0.00,0,0,0.0,0.0,2,0,0,1,0,1,1,5.0,20,18,4,0,0,1,2,2,0,0,4,0,1,1,2,0,0,0,2,1,0,2.22,75,5,6,0,0,-0.2,0.0,0.1,3.03,2,0,1,1,0,0,0,0,1.80,0.2,1.096,0,0,5.0,0,0,0,0,0,0,0,0,1,1,0,0,0.0,0.0
CL,Laymon Yokely,Laymon,Yokely,Town of Lake Loons,6' 2',210 lbs,R,R,67,Baltimore Black Sox,BBS,1928,1921-1945,,84445,Bronze,Negro League Star  SP Laymon Yokely  BBS  1928,0,N,0,15,51,2,44,37,16,53,2,46,39,15,51,2,44,37,32,10,Normal,Spray,Spray,71,72,75,80,70,72,75,79,72,73,75,82,73,97,81,81,-,-,-,-,-,-,-,-,4,NEU,88-90,3/4,Normal,73,60,1,1,1,59,24,37,53,53,59,65,89,-,-,-,-,19,-,-,56,89,-,-,-,-,19,-,-,56,16,5,6,28,,,0,0,0,0,0,0,0,0,0,0,0,0,0,0,0,0,0,0.0,0.00,0,-0.0,0.0,0.00,0,0,0.0,0.0,3,0,0,0,0,1,1,6.1,28,23,5,0,0,0,3,3,4,0,2,0,0,1,0,0,0,0,2,4,0,1.51,87,7,10,0,0,-0.4,0.0,0.1,6.73,3,0,1,1,0,0,0,0,1.42,0.1,1.096,0,0,6.1,0,0,1,1,0,0,0,0,0,0,0,0,0.0,0.0
C,Ed Bailey,Ed,Bailey,Birmingham Black Barons,6' 2',205 lbs,L,R,69,Cincinnati Redlegs,CIN,1959,1946-1960,,86616,Bronze,T4 Ep. 8 - Snapshot  C Ed Bailey  CIN  1959,0,N,0,83,53,75,149,94,112,48,76,103,44,74,55,75,164,110,49,1,Normal,Spray,Spray,1,1,1,2,1,1,1,2,1,1,1,2,16,-,-,-,-,-,-,-,-,-,-,-,1,NEU,90-92,3/4,Normal,1,22,81,83,93,3,3,2,3,9,7,6,-,91,-,-,-,-,-,-,-,-,91,-,-,-,-,-,-,-,9,10,16,22,10,10,47,38,10,9,1,0,0,3,8,9,1,0,0,0,0,2,0,5.3,0.28,6,0.5,0.2,4.02,0,0,0.0,-0.3,0,0,0,0,0,0,0,0.0,0,0,0,0,0,0,0,0,0,0,0,0,0,0,0,0,0,0,0,0,0,0.00,0,0,0,0,0,0.0,0.0,0.0,0.00,10,10,49,6,42,1,0,0,4.85,-0.6,1.043,1,0,89.0,3,44,8,7,2,2,0,0,0,0,0,0,0.0,0.0
C,Ed Bailey,Ed,Bailey,Seoul Hannams,6' 2',205 lbs,L,R,69,Cincinnati Redlegs,CIN,1959,1946-1960,,86616,Bronze,T4 Ep. 8 - Snapshot  C Ed Bailey  CIN  1959,0,N,0,83,53,75,149,94,112,48,76,103,44,74,55,75,164,110,49,1,Normal,Spray,Spray,1,1,1,2,1,1,1,2,1,1,1,2,16,-,-,-,-,-,-,-,-,-,-,-,1,NEU,90-92,3/4,Normal,1,22,81,83,93,3,3,2,3,9,7,6,-,91,-,-,-,-,-,-,-,-,91,-,-,-,-,-,-,-,9,10,16,22,6,5,23,20,5,4,1,0,0,1,3,2,0,0,0,1,0,3,0,2.1,-0.29,2,-0.6,0.1,4.26,0,0,0.0,0.1,0,0,0,0,0,0,0,0.0,0,0,0,0,0,0,0,0,0,0,0,0,0,0,0,0,0,0,0,0,0,0.00,0,0,0,0,0,0.0,0.0,0.0,0.00,5,5,33,1,32,0,0,0,6.75,0.0,1.043,0,0,44.0,1,14,1,1,0,0,1,1,0,0,0,0,0.0,0.0
C,Ed Bailey,Ed,Bailey,Town of Lake Loons,6' 2',205 lbs,L,R,69,Cincinnati Redlegs,CIN,1959,1946-1960,,86616,Bronze,T4 Ep. 8 - Snapshot  C Ed Bailey  CIN  1959,0,N,0,83,53,75,149,94,112,48,76,103,44,74,55,75,164,110,49,1,Normal,Spray,Spray,1,1,1,2,1,1,1,2,1,1,1,2,16,-,-,-,-,-,-,-,-,-,-,-,1,NEU,90-92,3/4,Normal,1,22,81,83,93,3,3,2,3,9,7,6,-,91,-,-,-,-,-,-,-,-,91,-,-,-,-,-,-,-,9,10,16,22,5,5,20,19,3,1,0,0,2,2,3,1,0,0,0,0,0,3,0,1.9,0.00,2,-0.3,0.0,3.40,0,0,0.0,0.0,0,0,0,0,0,0,0,0.0,0,0,0,0,0,0,0,0,0,0,0,0,0,0,0,0,0,0,0,0,0,0.00,0,0,0,0,0,0.0,0.0,0.0,0.00,5,5,33,2,31,0,0,0,6.80,-0.4,1.043,3,0,43.2,0,30,3,2,1,1,0,0,0,0,0,0,0.0,0.0
C,Ed Bailey,Ed,Bailey,Huatulco Tacos,6' 2',205 lbs,L,R,69,Cincinnati Redlegs,CIN,1959,1946-1960,,86616,Bronze,T4 Ep. 8 - Snapshot  C Ed Bailey  CIN  1959,0,N,0,83,53,75,149,94,112,48,76,103,44,74,55,75,164,110,49,1,Normal,Spray,Spray,1,1,1,2,1,1,1,2,1,1,1,2,16,-,-,-,-,-,-,-,-,-,-,-,1,NEU,90-92,3/4,Normal,1,22,81,83,93,3,3,2,3,9,7,6,-,91,-,-,-,-,-,-,-,-,91,-,-,-,-,-,-,-,9,10,16,22,3,3,14,13,1,0,0,0,1,3,1,0,0,0,0,1,0,7,1,0.0,-0.24,0,-1.7,-0.1,4.14,0,0,0.0,0.0,0,0,0,0,0,0,0,0.0,0,0,0,0,0,0,0,0,0,0,0,0,0,0,0,0,0,0,0,0,0,0.00,0,0,0,0,0,0.0,0.0,0.0,0.00,3,3,17,0,17,0,0,0,4.94,-0.0,.000,1,0,31.0,0,20,1,1,0,0,0,0,0,0,0,0,0.0,0.0
C,Ed Bailey,Ed,Bailey,DongTan Milky,6' 2',205 lbs,L,R,69,Cincinnati Redlegs,CIN,1959,1946-1960,,86616,Bronze,T4 Ep. 8 - Snapshot  C Ed Bailey  CIN  1959,0,N,0,83,53,75,149,94,112,48,76,103,44,74,55,75,164,110,49,1,Normal,Spray,Spray,1,1,1,2,1,1,1,2,1,1,1,2,16,-,-,-,-,-,-,-,-,-,-,-,1,NEU,90-92,3/4,Normal,1,22,81,83,93,3,3,2,3,9,7,6,-,91,-,-,-,-,-,-,-,-,91,-,-,-,-,-,-,-,9,10,16,22,3,3,13,11,2,1,0,0,1,3,1,2,0,0,0,0,0,1,1,1.3,0.10,1,0.3,0.1,3.85,0,0,0.0,0.0,0,0,0,0,0,0,0,0.0,0,0,0,0,0,0,0,0,0,0,0,0,0,0,0,0,0,0,0,0,0,0.00,0,0,0,0,0,0.0,0.0,0.0,0.00,3,3,15,2,13,0,0,0,5.06,0.2,1.043,0,0,26.2,0,16,3,3,1,1,0,0,0,0,0,0,0.0,0.0
C,Ed Bailey,Ed,Bailey,Aurora Highlanders,6' 2',205 lbs,L,R,69,Cincinnati Redlegs,CIN,1959,1946-1960,,86616,Bronze,T4 Ep. 8 - Snapshot  C Ed Bailey  CIN  1959,0,N,0,83,53,75,149,94,112,48,76,103,44,74,55,75,164,110,49,1,Normal,Spray,Spray,1,1,1,2,1,1,1,2,1,1,1,2,16,-,-,-,-,-,-,-,-,-,-,-,1,NEU,90-92,3/4,Normal,1,22,81,83,93,3,3,2,3,9,7,6,-,91,-,-,-,-,-,-,-,-,91,-,-,-,-,-,-,-,9,10,16,22,4,4,20,14,6,3,0,0,3,5,5,6,0,0,0,0,0,3,0,9.9,0.18,7,5.6,0.7,4.30,0,0,0.0,-0.1,0,0,0,0,0,0,0,0.0,0,0,0,0,0,0,0,0,0,0,0,0,0,0,0,0,0,0,0,0,0,0.00,0,0,0,0,0,0.0,0.0,0.0,0.00,4,4,30,1,29,0,0,0,7.17,0.1,.000,1,1,37.2,1,16,4,4,0,0,0,0,0,0,0,0,0.0,0.0
C,Ed Bailey,Ed,Bailey,HickoryHoller JayBirds,6' 2',205 lbs,L,R,69,Cincinnati Redlegs,CIN,1959,1946-1960,,86616,Bronze,T4 Ep. 8 - Snapshot  C Ed Bailey  CIN  1959,0,N,0,83,53,75,149,94,112,48,76,103,44,74,55,75,164,110,49,1,Normal,Spray,Spray,1,1,1,2,1,1,1,2,1,1,1,2,16,-,-,-,-,-,-,-,-,-,-,-,1,NEU,90-92,3/4,Normal,1,22,81,83,93,3,3,2,3,9,7,6,-,91,-,-,-,-,-,-,-,-,91,-,-,-,-,-,-,-,9,10,16,22,6,6,28,23,5,4,0,0,1,2,2,5,0,0,0,0,0,3,0,3.3,0.05,3,0.5,0.2,3.89,0,0,0.0,-0.1,0,0,0,0,0,0,0,0.0,0,0,0,0,0,0,0,0,0,0,0,0,0,0,0,0,0,0,0,0,0,0.00,0,0,0,0,0,0.0,0.0,0.0,0.00,6,6,38,3,34,1,1,0,5.81,-0.2,1.043,2,1,57.1,2,34,5,5,0,0,0,0,0,0,0,0,0.0,0.0
C,Ed Bailey,Ed,Bailey,Columbus Evil Squirrels,6' 2',205 lbs,L,R,69,Cincinnati Redlegs,CIN,1959,1946-1960,,86616,Bronze,T4 Ep. 8 - Snapshot  C Ed Bailey  CIN  1959,0,N,0,83,53,75,149,94,112,48,76,103,44,74,55,75,164,110,49,1,Normal,Spray,Spray,1,1,1,2,1,1,1,2,1,1,1,2,16,-,-,-,-,-,-,-,-,-,-,-,1,NEU,90-92,3/4,Normal,1,22,81,83,93,3,3,2,3,9,7,6,-,91,-,-,-,-,-,-,-,-,91,-,-,-,-,-,-,-,9,10,16,22,5,4,20,18,5,4,0,0,1,4,4,1,0,0,0,1,0,4,0,2.6,0.09,2,0.2,0.1,3.55,0,0,0.0,-0.0,0,0,0,0,0,0,0,0.0,0,0,0,0,0,0,0,0,0,0,0,0,0,0,0,0,0,0,0,0,0,0.00,0,0,0,0,0,0.0,0.0,0.0,0.00,4,4,25,1,24,0,0,0,6.08,0.2,1.043,0,0,37.0,0,27,3,3,0,0,0,0,0,0,0,0,0.0,0.0
C,Ed Bailey,Ed,Bailey,EVC's Let the Music Play Ball-TTC,6' 2',205 lbs,L,R,69,Cincinnati Redlegs,CIN,1959,1946-1960,,86616,Bronze,T4 Ep. 8 - Snapshot  C Ed Bailey  CIN  1959,0,N,0,83,53,75,149,94,112,48,76,103,44,74,55,75,164,110,49,1,Normal,Spray,Spray,1,1,1,2,1,1,1,2,1,1,1,2,16,-,-,-,-,-,-,-,-,-,-,-,1,NEU,90-92,3/4,Normal,1,22,81,83,93,3,3,2,3,9,7,6,-,91,-,-,-,-,-,-,-,-,91,-,-,-,-,-,-,-,9,10,16,22,12,12,47,44,13,9,4,0,0,7,3,3,1,0,0,0,0,7,0,6.0,0.31,5,0.2,0.2,3.74,0,0,0.0,-0.4,0,0,0,0,0,0,0,0.0,0,0,0,0,0,0,0,0,0,0,0,0,0,0,0,0,0,0,0,0,0,0.00,0,0,0,0,0,0.0,0.0,0.0,0.00,12,12,63,2,60,1,0,0,5.31,-0.2,.000,1,1,105.0,2,45,8,7,0,0,0,0,0,0,0,0,0.0,0.0
C,Ed Bailey,Ed,Bailey,Smyrna Stooges,6' 2',205 lbs,L,R,69,Cincinnati Redlegs,CIN,1959,1946-1960,,86616,Bronze,T4 Ep. 8 - Snapshot  C Ed Bailey  CIN  1959,0,N,0,83,53,75,149,94,112,48,76,103,44,74,55,75,164,110,49,1,Normal,Spray,Spray,1,1,1,2,1,1,1,2,1,1,1,2,16,-,-,-,-,-,-,-,-,-,-,-,1,NEU,90-92,3/4,Normal,1,22,81,83,93,3,3,2,3,9,7,6,-,91,-,-,-,-,-,-,-,-,91,-,-,-,-,-,-,-,9,10,16,22,3,2,8,8,1,1,0,0,0,0,0,0,0,0,0,0,0,1,1,0.0,-0.30,0,-1.2,-0.1,3.38,0,0,0.0,0.0,0,0,0,0,0,0,0,0.0,0,0,0,0,0,0,0,0,0,0,0,0,0,0,0,0,0,0,0,0,0,0.00,0,0,0,0,0,0.0,0.0,0.0,0.00,2,2,8,0,8,0,0,0,4.24,-0.2,.000,0,0,17.0,0,12,2,1,0,0,0,0,0,0,0,0,0.0,0.0
C,Ed Bailey,Ed,Bailey,Bismarck Blizzard,6' 2',205 lbs,L,R,69,Cincinnati Redlegs,CIN,1959,1946-1960,,86616,Bronze,T4 Ep. 8 - Snapshot  C Ed Bailey  CIN  1959,0,N,0,83,53,75,149,94,112,48,76,103,44,74,55,75,164,110,49,1,Normal,Spray,Spray,1,1,1,2,1,1,1,2,1,1,1,2,16,-,-,-,-,-,-,-,-,-,-,-,1,NEU,90-92,3/4,Normal,1,22,81,83,93,3,3,2,3,9,7,6,-,91,-,-,-,-,-,-,-,-,91,-,-,-,-,-,-,-,9,10,16,22,5,5,20,16,2,1,0,0,1,2,2,4,0,0,0,0,0,8,0,1.8,0.09,2,-0.3,0.1,4.70,0,0,0.0,0.0,0,0,0,0,0,0,0,0.0,0,0,0,0,0,0,0,0,0,0,0,0,0,0,0,0,0,0,0,0,0,0.00,0,0,0,0,0,0.0,0.0,0.0,0.00,5,5,27,1,26,0,0,0,5.65,-0.1,1.043,1,0,43.0,1,13,0,0,0,0,1,1,0,0,0,0,0.0,0.0
C,Ed Bailey,Ed,Bailey,Deadwood Punch and Judys TTC,6' 2',205 lbs,L,R,69,Cincinnati Redlegs,CIN,1959,1946-1960,,86616,Bronze,T4 Ep. 8 - Snapshot  C Ed Bailey  CIN  1959,0,N,0,83,53,75,149,94,112,48,76,103,44,74,55,75,164,110,49,1,Normal,Spray,Spray,1,1,1,2,1,1,1,2,1,1,1,2,16,-,-,-,-,-,-,-,-,-,-,-,1,NEU,90-92,3/4,Normal,1,22,81,83,93,3,3,2,3,9,7,6,-,91,-,-,-,-,-,-,-,-,91,-,-,-,-,-,-,-,9,10,16,22,16,15,58,53,8,5,1,0,2,5,7,4,0,0,0,1,0,6,3,2.6,-0.75,2,-4.0,-0.2,3.86,0,0,0.0,-0.9,0,0,0,0,0,0,0,0.0,0,0,0,0,0,0,0,0,0,0,0,0,0,0,0,0,0,0,0,0,0,0.00,0,0,0,0,0,0.0,0.0,0.0,0.00,16,15,92,6,86,0,1,0,6.27,0.2,.834,2,1,132.0,0,69,9,9,2,0,0,0,0,0,0,0,0.0,0.0
C,Ed Bailey,Ed,Bailey,Madison Moundsmen,6' 2',205 lbs,L,R,69,Cincinnati Redlegs,CIN,1959,1946-1960,,86616,Bronze,T4 Ep. 8 - Snapshot  C Ed Bailey  CIN  1959,0,N,0,83,53,75,149,94,112,48,76,103,44,74,55,75,164,110,49,1,Normal,Spray,Spray,1,1,1,2,1,1,1,2,1,1,1,2,16,-,-,-,-,-,-,-,-,-,-,-,1,NEU,90-92,3/4,Normal,1,22,81,83,93,3,3,2,3,9,7,6,-,91,-,-,-,-,-,-,-,-,91,-,-,-,-,-,-,-,9,10,16,22,7,7,30,27,11,10,1,0,0,3,4,3,1,0,0,0,0,1,0,5.8,0.15,5,2.0,0.3,3.67,0,0,0.0,-0.6,0,0,0,0,0,0,0,0.0,0,0,0,0,0,0,0,0,0,0,0,0,0,0,0,0,0,0,0,0,0,0.00,0,0,0,0,0,0.0,0.0,0.0,0.00,7,7,52,3,49,0,1,0,7.71,0.1,1.043,1,1,60.2,1,45,3,3,0,0,0,0,0,0,0,0,0.0,0.0
C,Ed Bailey,Ed,Bailey,Kansas City Torrent - JW,6' 2',205 lbs,L,R,69,Cincinnati Redlegs,CIN,1959,1946-1960,,86616,Bronze,T4 Ep. 8 - Snapshot  C Ed Bailey  CIN  1959,264,N,0,83,53,75,149,94,112,48,76,103,44,74,55,75,164,110,49,1,Normal,Spray,Spray,1,1,1,2,1,1,1,2,1,1,1,2,16,-,-,-,-,-,-,-,-,-,-,-,1,NEU,90-92,3/4,Normal,1,22,81,83,93,3,3,2,3,9,7,6,-,91,-,-,-,-,-,-,-,-,91,-,-,-,-,-,-,-,9,10,16,22,6,5,20,18,3,3,0,0,0,1,0,2,0,0,0,0,0,3,0,0.9,-0.10,0,-1.6,-0.1,3.95,0,0,0.0,0.0,0,0,0,0,0,0,0,0.0,0,0,0,0,0,0,0,0,0,0,0,0,0,0,0,0,0,0,0,0,0,0.00,0,0,0,0,0,0.0,0.0,0.0,0.00,5,5,27,0,27,0,0,0,5.65,-0.1,.000,0,0,43.0,0,11,5,4,0,0,0,0,0,0,0,0,0.0,0.0
C,Ed Bailey,Ed,Bailey,Moncton Mosquitos,6' 2',205 lbs,L,R,69,Cincinnati Redlegs,CIN,1959,1946-1960,,86616,Bronze,T4 Ep. 8 - Snapshot  C Ed Bailey  CIN  1959,0,N,0,83,53,75,149,94,112,48,76,103,44,74,55,75,164,110,49,1,Normal,Spray,Spray,1,1,1,2,1,1,1,2,1,1,1,2,16,-,-,-,-,-,-,-,-,-,-,-,1,NEU,90-92,3/4,Normal,1,22,81,83,93,3,3,2,3,9,7,6,-,91,-,-,-,-,-,-,-,-,91,-,-,-,-,-,-,-,9,10,16,22,4,3,15,10,1,1,0,0,0,0,0,4,0,0,1,0,0,3,0,0.9,-0.17,1,-0.7,0.0,3.67,0,0,0.0,0.0,0,0,0,0,0,0,0,0.0,0,0,0,0,0,0,0,0,0,0,0,0,0,0,0,0,0,0,0,0,0,0.00,0,0,0,0,0,0.0,0.0,0.0,0.00,3,3,17,2,15,0,1,0,5.53,0.1,1.043,0,0,27.2,0,16,3,3,0,0,0,0,0,0,0,0,0.0,0.0
C,Ed Bailey,Ed,Bailey,Ethiopia Pink Elephants,6' 2',205 lbs,L,R,69,Cincinnati Redlegs,CIN,1959,1946-1960,,86616,Bronze,T4 Ep. 8 - Snapshot  C Ed Bailey  CIN  1959,0,N,0,83,53,75,149,94,112,48,76,103,44,74,55,75,164,110,49,1,Normal,Spray,Spray,1,1,1,2,1,1,1,2,1,1,1,2,16,-,-,-,-,-,-,-,-,-,-,-,1,NEU,90-92,3/4,Normal,1,22,81,83,93,3,3,2,3,9,7,6,-,91,-,-,-,-,-,-,-,-,91,-,-,-,-,-,-,-,9,10,16,22,5,5,23,21,8,7,1,0,0,3,1,2,0,0,0,0,0,1,0,4.1,0.21,4,1.5,0.2,3.13,0,0,0.0,-0.6,0,0,0,0,0,0,0,0.0,0,0,0,0,0,0,0,0,0,0,0,0,0,0,0,0,0,0,0,0,0,0.00,0,0,0,0,0,0.0,0.0,0.0,0.00,5,5,31,3,28,0,2,0,6.49,0.3,1.043,1,1,43.0,0,22,3,3,0,0,0,0,0,0,0,0,0.0,0.0
C,Ed Bailey,Ed,Bailey,Moonsault Collective MCs,6' 2',205 lbs,L,R,69,Cincinnati Redlegs,CIN,1959,1946-1960,,86616,Bronze,T4 Ep. 8 - Snapshot  C Ed Bailey  CIN  1959,0,N,0,83,53,75,149,94,112,48,76,103,44,74,55,75,164,110,49,1,Normal,Spray,Spray,1,1,1,2,1,1,1,2,1,1,1,2,16,-,-,-,-,-,-,-,-,-,-,-,1,NEU,90-92,3/4,Normal,1,22,81,83,93,3,3,2,3,9,7,6,-,91,-,-,-,-,-,-,-,-,91,-,-,-,-,-,-,-,9,10,16,22,11,11,52,47,12,11,0,0,1,5,10,4,0,0,0,1,0,9,0,5.1,-0.25,5,-0.9,0.2,3.69,0,0,0.0,0.3,0,0,0,0,0,0,0,0.0,0,0,0,0,0,0,0,0,0,0,0,0,0,0,0,0,0,0,0,0,0,0.00,0,0,0,0,0,0.0,0.0,0.0,0.00,11,11,69,7,62,0,0,0,6.29,0.6,1.043,2,1,98.2,0,43,6,6,1,1,1,1,0,0,0,0,0.0,0.0
C,Ed Bailey,Ed,Bailey,New Platson Grand Petites HotL,6' 2',205 lbs,L,R,69,Cincinnati Redlegs,CIN,1959,1946-1960,,86616,Bronze,T4 Ep. 8 - Snapshot  C Ed Bailey  CIN  1959,0,Y,5,90,58,82,160,102,121,53,83,111,49,81,60,82,176,119,49,1,Normal,Spray,Spray,1,1,1,4,1,1,1,4,1,1,1,4,16,-,-,-,-,-,-,-,-,-,-,-,1,NEU,90-92,3/4,Normal,1,22,81,83,93,3,3,2,3,9,7,6,-,97,-,-,-,-,-,-,-,-,97,-,-,-,-,-,-,-,9,10,16,22,5,5,22,19,6,3,1,0,2,7,6,3,1,0,0,0,0,6,0,5.5,0.71,4,2.2,0.3,3.95,0,0,0.0,-0.4,0,0,0,0,0,0,0,0.0,0,0,0,0,0,0,0,0,0,0,0,0,0,0,0,0,0,0,0,0,0,0.00,0,0,0,0,0,0.0,0.0,0.0,0.00,5,5,31,0,31,0,0,0,6.34,-0.1,.000,0,0,44.0,1,31,4,4,0,0,0,0,0,0,0,0,0.0,0.0
C,Ed Bailey,Ed,Bailey,Daegu Lions,6' 2',205 lbs,L,R,69,Cincinnati Redlegs,CIN,1959,1946-1960,,86616,Bronze,T4 Ep. 8 - Snapshot  C Ed Bailey  CIN  1959,0,N,0,83,53,75,149,94,112,48,76,103,44,74,55,75,164,110,49,1,Normal,Spray,Spray,1,1,1,2,1,1,1,2,1,1,1,2,16,-,-,-,-,-,-,-,-,-,-,-,1,NEU,90-92,3/4,Normal,1,22,81,83,93,3,3,2,3,9,7,6,-,91,-,-,-,-,-,-,-,-,91,-,-,-,-,-,-,-,9,10,16,22,14,12,57,48,12,11,1,0,0,3,6,8,0,1,0,0,0,8,1,5.4,-0.03,6,0.1,0.2,3.53,0,0,0.0,-0.5,0,0,0,0,0,0,0,0.0,0,0,0,0,0,0,0,0,0,0,0,0,0,0,0,0,0,0,0,0,0,0.00,0,0,0,0,0,0.0,0.0,0.0,0.00,13,12,98,2,95,1,0,0,8.06,-0.0,.522,0,0,108.1,1,43,7,6,1,1,0,0,0,0,0,0,0.0,0.0
C,Ed Bailey,Ed,Bailey,The Spacehog,6' 2',205 lbs,L,R,69,Cincinnati Redlegs,CIN,1959,1946-1960,,86616,Bronze,T4 Ep. 8 - Snapshot  C Ed Bailey  CIN  1959,0,N,0,83,53,75,149,94,112,48,76,103,44,74,55,75,164,110,49,1,Normal,Spray,Spray,1,1,1,2,1,1,1,2,1,1,1,2,16,-,-,-,-,-,-,-,-,-,-,-,1,NEU,90-92,3/4,Normal,1,22,81,83,93,3,3,2,3,9,7,6,-,91,-,-,-,-,-,-,-,-,91,-,-,-,-,-,-,-,9,10,16,22,6,5,21,19,6,5,0,0,1,2,3,2,0,0,0,0,0,2,0,3.6,0.04,3,1.2,0.2,3.81,0,0,0.0,0.1,0,0,0,0,0,0,0,0.0,0,0,0,0,0,0,0,0,0,0,0,0,0,0,0,0,0,0,0,0,0,0.00,0,0,0,0,0,0.0,0.0,0.0,0.00,5,5,23,2,21,0,0,0,4.81,-0.3,.695,0,0,43.0,2,18,3,3,0,0,0,0,0,0,0,0,0.0,0.0
C,Ed Bailey,Ed,Bailey,Roseburg River Hawks,6' 2',205 lbs,L,R,69,Cincinnati Redlegs,CIN,1959,1946-1960,,86616,Bronze,T4 Ep. 8 - Snapshot  C Ed Bailey  CIN  1959,0,N,0,83,53,75,149,94,112,48,76,103,44,74,55,75,164,110,49,1,Normal,Spray,Spray,1,1,1,2,1,1,1,2,1,1,1,2,16,-,-,-,-,-,-,-,-,-,-,-,1,NEU,90-92,3/4,Normal,1,22,81,83,93,3,3,2,3,9,7,6,-,91,-,-,-,-,-,-,-,-,91,-,-,-,-,-,-,-,9,10,16,22,4,4,16,15,6,3,0,0,3,3,5,1,0,0,0,0,0,3,0,6.7,0.21,5,3.7,0.5,3.75,0,0,0.0,-0.0,0,0,0,0,0,0,0,0.0,0,0,0,0,0,0,0,0,0,0,0,0,0,0,0,0,0,0,0,0,0,0.00,0,0,0,0,0,0.0,0.0,0.0,0.00,4,4,21,2,19,0,0,0,5.40,-0.0,1.043,0,0,35.0,1,16,3,3,1,1,0,0,0,0,0,0,0.0,0.0
C,Ed Bailey,Ed,Bailey,Canterbury Tails,6' 2',205 lbs,L,R,69,Cincinnati Redlegs,CIN,1959,1946-1960,,86616,Bronze,T4 Ep. 8 - Snapshot  C Ed Bailey  CIN  1959,0,N,0,83,53,75,149,94,112,48,76,103,44,74,55,75,164,110,49,1,Normal,Spray,Spray,1,1,1,2,1,1,1,2,1,1,1,2,16,-,-,-,-,-,-,-,-,-,-,-,1,NEU,90-92,3/4,Normal,1,22,81,83,93,3,3,2,3,9,7,6,-,91,-,-,-,-,-,-,-,-,91,-,-,-,-,-,-,-,9,10,16,22,10,8,36,31,11,10,0,0,1,3,2,5,0,0,0,0,0,3,0,6.8,0.02,7,2.8,0.4,3.72,0,0,0.0,0.0,0,0,0,0,0,0,0,0.0,0,0,0,0,0,0,0,0,0,0,0,0,0,0,0,0,0,0,0,0,0,0.00,0,0,0,0,0,0.0,0.0,0.0,0.00,8,8,44,2,42,0,1,0,5.53,-0.2,1.043,0,0,71.2,1,44,3,2,1,1,0,0,0,0,0,0,0.0,0.0
C,Ed Bailey,Ed,Bailey,Carlos Chaos Cats,6' 2',205 lbs,L,R,69,Cincinnati Redlegs,CIN,1959,1946-1960,,86616,Bronze,T4 Ep. 8 - Snapshot  C Ed Bailey  CIN  1959,0,N,0,83,53,75,149,94,112,48,76,103,44,74,55,75,164,110,49,1,Normal,Spray,Spray,1,1,1,2,1,1,1,2,1,1,1,2,16,-,-,-,-,-,-,-,-,-,-,-,1,NEU,90-92,3/4,Normal,1,22,81,83,93,3,3,2,3,9,7,6,-,91,-,-,-,-,-,-,-,-,91,-,-,-,-,-,-,-,9,10,16,22,4,4,16,15,2,1,1,0,0,0,1,1,0,0,0,0,0,4,0,0.6,-0.15,0,-1.6,-0.1,3.62,0,0,0.0,0.0,0,0,0,0,0,0,0,0.0,0,0,0,0,0,0,0,0,0,0,0,0,0,0,0,0,0,0,0,0,0,0.00,0,0,0,0,0,0.0,0.0,0.0,0.00,4,4,24,2,22,0,0,0,6.17,-0.4,1.043,1,1,35.0,2,17,1,0,1,1,0,0,0,0,0,0,0.0,0.0
C,Ed Bailey,Ed,Bailey,King Street 504s,6' 2',205 lbs,L,R,69,Cincinnati Redlegs,CIN,1959,1946-1960,,86616,Bronze,T4 Ep. 8 - Snapshot  C Ed Bailey  CIN  1959,0,N,0,83,53,75,149,94,112,48,76,103,44,74,55,75,164,110,49,1,Normal,Spray,Spray,1,1,1,2,1,1,1,2,1,1,1,2,16,-,-,-,-,-,-,-,-,-,-,-,1,NEU,90-92,3/4,Normal,1,22,81,83,93,3,3,2,3,9,7,6,-,91,-,-,-,-,-,-,-,-,91,-,-,-,-,-,-,-,9,10,16,22,2,2,13,12,3,3,0,0,0,1,0,0,0,0,1,0,0,1,0,0.8,-0.03,0,-1.0,-0.0,3.69,0,0,0.0,-0.1,0,0,0,0,0,0,0,0.0,0,0,0,0,0,0,0,0,0,0,0,0,0,0,0,0,0,0,0,0,0,0.00,0,0,0,0,0,0.0,0.0,0.0,0.00,2,2,21,0,21,0,0,0,7.88,0.1,.000,0,0,24.0,0,9,1,1,0,0,0,0,0,0,0,0,0.0,0.0
C,Ed Bailey,Ed,Bailey,Indiana Rhubarbs,6' 2',205 lbs,L,R,69,Cincinnati Redlegs,CIN,1959,1946-1960,,86616,Bronze,T4 Ep. 8 - Snapshot  C Ed Bailey  CIN  1959,0,N,0,83,53,75,149,94,112,48,76,103,44,74,55,75,164,110,49,1,Normal,Spray,Spray,1,1,1,2,1,1,1,2,1,1,1,2,16,-,-,-,-,-,-,-,-,-,-,-,1,NEU,90-92,3/4,Normal,1,22,81,83,93,3,3,2,3,9,7,6,-,91,-,-,-,-,-,-,-,-,91,-,-,-,-,-,-,-,9,10,16,22,7,6,48,35,18,14,2,0,2,18,19,12,0,0,0,1,0,3,0,18.5,0.02,16,10.3,1.1,4.02,0,0,0.0,-1.7,0,0,0,0,0,0,0,0.0,0,0,0,0,0,0,0,0,0,0,0,0,0,0,0,0,0,0,0,0,0,0.00,0,0,0,0,0,0.0,0.0,0.0,0.00,7,6,64,1,63,0,0,0,10.16,0.0,.000,1,0,56.2,0,27,1,1,0,0,0,0,0,0,0,0,0.0,0.0
C,Ed Bailey,Ed,Bailey,Patchogue Pirates,6' 2',205 lbs,L,R,69,Cincinnati Redlegs,CIN,1959,1946-1960,,86616,Bronze,T4 Ep. 8 - Snapshot  C Ed Bailey  CIN  1959,0,N,0,83,53,75,149,94,112,48,76,103,44,74,55,75,164,110,49,1,Normal,Spray,Spray,1,1,1,2,1,1,1,2,1,1,1,2,16,-,-,-,-,-,-,-,-,-,-,-,1,NEU,90-92,3/4,Normal,1,22,81,83,93,3,3,2,3,9,7,6,-,91,-,-,-,-,-,-,-,-,91,-,-,-,-,-,-,-,9,10,16,22,9,8,45,36,16,15,1,0,0,1,10,8,0,1,0,0,0,6,0,10.7,0.64,11,5.8,0.8,3.84,0,0,0.0,-0.6,0,0,0,0,0,0,0,0.0,0,0,0,0,0,0,0,0,0,0,0,0,0,0,0,0,0,0,0,0,0,0.00,0,0,0,0,0,0.0,0.0,0.0,0.00,9,8,56,6,50,0,1,0,6.07,0.3,1.391,1,1,83.0,1,18,5,5,1,1,0,0,0,0,0,0,0.0,0.0
C,Lou Berberet,Lou,Berberet,London Majors,5' 11',210 lbs,L,R,65,Washington Senators,MIN,1956,1946-1960,,83582,Bronze,Snapshot  C Lou Berberet  WS1  1956,0,N,0,62,62,64,105,73,44,71,47,124,72,66,60,68,99,74,29,10,Normal,Normal,Normal,1,1,1,3,1,1,1,3,1,1,2,3,16,-,-,-,-,-,-,-,-,-,-,-,1,NEU,90-92,3/4,Normal,1,6,75,92,66,6,1,1,10,10,1,9,-,81,-,-,-,-,-,-,-,4,81,-,-,-,-,-,-,-,9,5,6,13,7,5,21,21,3,3,0,0,0,1,0,0,0,0,0,0,0,5,0,0.4,-0.77,0,-3.0,-0.2,3.81,0,0,0.0,0.0,0,0,0,0,0,0,0,0.0,0,0,0,0,0,0,0,0,0,0,0,0,0,0,0,0,0,0,0,0,0,0.00,0,0,0,0,0,0.0,0.0,0.0,0.00,5,5,33,2,31,0,0,0,6.91,0.1,2.086,1,0,43.0,0,17,6,6,0,0,0,0,0,0,0,0,0.0,0.0
C,Frank Bruggy,Frank,Bruggy,Deep 13 Mad Scientists,5' 11',195 lbs,R,R,68,Philadelphia Phillies,PHI,1921,1921-1945,,84368,Bronze,Rookie Sensation  C Frank Bruggy  PHI  1921,0,Y,5,85,67,91,85,81,93,48,72,106,73,83,71,98,77,84,41,5,Normal,Spray,Spray,1,1,1,1,1,1,1,1,1,1,1,1,16,-,-,-,-,-,-,-,-,-,-,-,1,NEU,89-91,3/4,Normal,1,6,33,51,40,5,8,10,5,3,4,4,-,33,-,-,-,-,-,-,-,13,33,-,-,-,-,-,-,-,47,43,72,41,4,2,12,10,0,0,0,0,0,0,0,2,0,0,0,0,0,1,1,0.0,-0.49,0,-1.8,-0.1,4.75,0,0,0.0,0.0,0,0,0,0,0,0,0,0.0,0,0,0,0,0,0,0,0,0,0,0,0,0,0,0,0,0,0,0,0,0,0.00,0,0,0,0,0,0.0,0.0,0.0,0.00,2,2,16,0,16,0,0,0,6.86,0.1,.000,0,0,21.0,0,5,1,1,0,0,0,0,0,0,0,0,0.0,0.0
C,Frank Bruggy,Frank,Bruggy,San Francisco Seals,5' 11',195 lbs,R,R,68,Philadelphia Phillies,PHI,1921,1921-1945,,84368,Bronze,Rookie Sensation  C Frank Bruggy  PHI  1921,0,N,0,78,61,84,78,74,86,43,66,98,67,76,65,90,71,77,41,5,Normal,Spray,Spray,1,1,1,1,1,1,1,1,1,1,1,1,16,-,-,-,-,-,-,-,-,-,-,-,1,NEU,89-91,3/4,Normal,1,6,33,51,40,5,8,10,5,3,4,4,-,30,-,-,-,-,-,-,-,11,30,-,-,-,-,-,-,-,47,43,72,41,1,,1,1,0,0,0,0,0,0,0,0,0,0,0,0,0,1,0,0.0,-0.06,0,-0.2,-0.0,4.00,0,0,0.0,0.0,0,0,0,0,0,0,0,0.0,0,0,0,0,0,0,0,0,0,0,0,0,0,0,0,0,0,0,0,0,0,0.00,0,0,0,0,0,0.0,0.0,0.0,0.00,0,0,0,0,0,0,0,0,0.00,0.0,.000,0,0,0.0,0,0,0,0,0,0,0,0,0,0,0,0,0.0,0.0
C,Frank Bruggy,Frank,Bruggy,Port Townsend Wild Daphnes,5' 11',195 lbs,R,R,68,Philadelphia Phillies,PHI,1921,1921-1945,,84368,Bronze,Rookie Sensation  C Frank Bruggy  PHI  1921,0,N,0,78,61,84,78,74,86,43,66,98,67,76,65,90,71,77,41,5,Normal,Spray,Spray,1,1,1,1,1,1,1,1,1,1,1,1,16,-,-,-,-,-,-,-,-,-,-,-,1,NEU,89-91,3/4,Normal,1,6,33,51,40,5,8,10,5,3,4,4,-,30,-,-,-,-,-,-,-,11,30,-,-,-,-,-,-,-,47,43,72,41,8,,5,5,2,2,0,0,0,1,0,0,0,0,0,0,0,0,0,0.8,0.10,0,0.2,0.0,2.80,0,0,0.0,0.0,0,0,0,0,0,0,0,0.0,0,0,0,0,0,0,0,0,0,0,0,0,0,0,0,0,0,0,0,0,0,0.00,0,0,0,0,0,0.0,0.0,0.0,0.00,3,0,2,0,2,0,0,0,6.00,0.0,.000,0,0,3.0,0,2,0,0,0,0,0,0,0,0,0,0,0.0,0.0
C,Frank Bruggy,Frank,Bruggy,Atlanta Braves TTC,5' 11',195 lbs,R,R,68,Philadelphia Phillies,PHI,1921,1921-1945,,84368,Bronze,Rookie Sensation  C Frank Bruggy  PHI  1921,0,N,0,78,61,84,78,74,86,43,66,98,67,76,65,90,71,77,41,5,Normal,Spray,Spray,1,1,1,1,1,1,1,1,1,1,1,1,16,-,-,-,-,-,-,-,-,-,-,-,1,NEU,89-91,3/4,Normal,1,6,33,51,40,5,8,10,5,3,4,4,-,30,-,-,-,-,-,-,-,11,30,-,-,-,-,-,-,-,47,43,72,41,1,,1,1,0,0,0,0,0,0,0,0,0,0,0,0,0,0,0,0.0,-0.09,0,-0.2,-0.0,4.00,0,0,0.0,0.0,0,0,0,0,0,0,0,0.0,0,0,0,0,0,0,0,0,0,0,0,0,0,0,0,0,0,0,0,0,0,0.00,0,0,0,0,0,0.0,0.0,0.0,0.00,0,0,0,0,0,0,0,0,0.00,0.0,.000,0,0,0.0,0,0,0,0,0,0,0,0,0,0,0,0,0.0,0.0
C,Red Dooin,Red,Dooin,Birmingham Black Barons,6' 0',165 lbs,R,R,66,Philadelphia Phillies,PHI,1911,2026,BBR,84803,Bronze,Baseball Reference 1  C Red Dooin  PHI  1911,0,Y,5,87,96,32,67,143,96,96,7,98,139,85,96,37,45,144,66,59,Normal,Normal,Normal,1,1,1,9,1,1,1,9,1,1,1,9,16,-,-,-,-,-,-,-,-,-,-,-,1,GB,90-92,OTT,GB'er,1,3,65,74,76,4,1,8,3,9,10,5,-,77,-,-,-,-,-,-,-,-,77,-,-,-,-,-,-,-,68,72,76,59,5,4,18,16,5,3,1,0,1,3,4,2,0,0,0,0,0,0,0,3.7,0.34,3,1.5,0.2,3.67,0,0,0.0,0.2,0,0,0,0,0,0,0,0.0,0,0,0,0,0,0,0,0,0,0,0,0,0,0,0,0,0,0,0,0,0,0.00,0,0,0,0,0,0.0,0.0,0.0,0.00,4,4,23,0,23,0,0,0,6.09,-0.2,.000,0,0,34.0,0,20,1,0,0,0,0,0,0,0,0,0,0.0,0.0
C,Red Dooin,Red,Dooin,Ware Wolves2,6' 0',165 lbs,R,R,66,Philadelphia Phillies,PHI,1911,2026,BBR,84803,Bronze,Baseball Reference 1  C Red Dooin  PHI  1911,0,N,0,80,88,28,61,133,88,88,5,90,129,78,88,33,40,134,66,59,Normal,Normal,Normal,1,1,1,7,1,1,1,7,1,1,1,7,16,-,-,-,-,-,-,-,-,-,-,-,1,GB,90-92,OTT,GB'er,1,3,65,74,76,4,1,8,3,9,10,5,-,71,-,-,-,-,-,-,-,-,71,-,-,-,-,-,-,-,68,72,76,59,20,19,83,71,19,17,2,0,0,9,9,5,0,2,2,3,0,7,2,7.4,-0.02,7,-2.1,0.2,3.08,0,0,0.0,-0.7,0,0,0,0,0,0,0,0.0,0,0,0,0,0,0,0,0,0,0,0,0,0,0,0,0,0,0,0,0,0,0.00,0,0,0,0,0,0.0,0.0,0.0,0.00,20,19,141,6,134,1,2,0,7.23,0.2,.782,4,3,174.1,3,78,7,7,4,3,0,0,0,0,0,0,0.1,0.0
C,Red Dooin,Red,Dooin,PNW Wild Stallions,6' 0',165 lbs,R,R,66,Philadelphia Phillies,PHI,1911,2026,BBR,84803,Bronze,Baseball Reference 1  C Red Dooin  PHI  1911,0,Y,1,82,90,29,63,136,90,90,6,92,132,80,90,34,42,137,66,59,Normal,Normal,Normal,1,1,1,8,1,1,1,8,1,1,1,8,16,-,-,-,-,-,-,-,-,-,-,-,1,GB,90-92,OTT,GB'er,1,3,65,74,76,4,1,8,3,9,10,5,-,73,-,-,-,-,-,-,-,-,73,-,-,-,-,-,-,-,68,72,76,59,7,7,26,24,6,4,2,0,0,3,1,1,0,0,0,1,0,2,0,2.5,0.10,2,-0.9,0.1,3.19,1,0,0.3,0.3,0,0,0,0,0,0,0,0.0,0,0,0,0,0,0,0,0,0,0,0,0,0,0,0,0,0,0,0,0,0,0.00,0,0,0,0,0,0.0,0.0,0.0,0.00,7,7,54,1,53,0,0,0,8.15,-0.0,.000,2,1,59.2,1,22,3,3,0,0,0,0,0,0,0,0,0.0,0.0
C,Red Dooin,Red,Dooin,White Rabbitt,6' 0',165 lbs,R,R,66,Philadelphia Phillies,PHI,1911,2026,BBR,84803,Bronze,Baseball Reference 1  C Red Dooin  PHI  1911,0,Y,5,87,96,32,67,143,96,96,7,98,139,85,96,37,45,144,66,59,Normal,Normal,Normal,1,1,1,9,1,1,1,9,1,1,1,9,16,-,-,-,-,-,-,-,-,-,-,-,1,GB,90-92,OTT,GB'er,1,3,65,74,76,4,1,8,3,9,10,5,-,77,-,-,-,-,-,-,-,-,77,-,-,-,-,-,-,-,68,72,76,59,11,6,27,27,5,2,2,1,0,3,2,0,0,0,0,0,0,1,2,1.1,-0.27,1,-1.8,-0.0,2.96,1,0,0.3,0.2,0,0,0,0,0,0,0,0.0,0,0,0,0,0,0,0,0,0,0,0,0,0,0,0,0,0,0,0,0,0,0.00,0,0,0,0,0,0.0,0.0,0.0,0.00,6,6,35,1,34,0,0,0,5.94,-0.0,.000,2,1,53.0,0,17,3,2,0,0,0,0,0,0,0,0,0.0,0.0
C,Red Dooin,Red,Dooin,Sabo's Saturn League Legends TTC,6' 0',165 lbs,R,R,66,Philadelphia Phillies,PHI,1911,2026,BBR,84803,Bronze,Baseball Reference 1  C Red Dooin  PHI  1911,0,N,0,80,88,28,61,133,88,88,5,90,129,78,88,33,40,134,66,59,Normal,Normal,Normal,1,1,1,7,1,1,1,7,1,1,1,7,16,-,-,-,-,-,-,-,-,-,-,-,1,GB,90-92,OTT,GB'er,1,3,65,74,76,4,1,8,3,9,10,5,-,71,-,-,-,-,-,-,-,-,71,-,-,-,-,-,-,-,68,72,76,59,4,4,16,15,3,2,0,0,1,4,2,0,0,0,0,1,0,1,0,1.2,0.08,1,-0.8,-0.0,4.06,0,0,0.0,0.0,0,0,0,0,0,0,0,0.0,0,0,0,0,0,0,0,0,0,0,0,0,0,0,0,0,0,0,0,0,0,0.00,0,0,0,0,0,0.0,0.0,0.0,0.00,4,4,13,0,13,0,0,0,3.55,-0.1,.000,0,0,33.0,1,30,1,1,0,0,0,0,0,0,0,0,-0.1,0.0
C,Red Dooin,Red,Dooin,Michigan Black Bears,6' 0',165 lbs,R,R,66,Philadelphia Phillies,PHI,1911,2026,BBR,84803,Bronze,Baseball Reference 1  C Red Dooin  PHI  1911,0,N,0,80,88,28,61,133,88,88,5,90,129,78,88,33,40,134,66,59,Normal,Normal,Normal,1,1,1,7,1,1,1,7,1,1,1,7,16,-,-,-,-,-,-,-,-,-,-,-,1,GB,90-92,OTT,GB'er,1,3,65,74,76,4,1,8,3,9,10,5,-,71,-,-,-,-,-,-,-,-,71,-,-,-,-,-,-,-,68,72,76,59,7,7,28,25,4,3,1,0,0,2,3,2,0,0,1,0,0,5,1,1.1,-0.19,0,-2.5,-0.2,4.04,0,0,0.0,-0.1,0,0,0,0,0,0,0,0.0,0,0,0,0,0,0,0,0,0,0,0,0,0,0,0,0,0,0,0,0,0,0.00,0,0,0,0,0,0.0,0.0,0.0,0.00,7,7,37,2,34,1,0,0,5.14,0.0,1.043,1,0,63.0,1,32,7,7,1,1,0,0,0,0,0,0,-0.3,0.0
C,Frank Duncan,Frank,Duncan,Ware Wolves2,5' 11',175 lbs,L,R,61,Chicago Giants,ChGi,1920,2026,,84419,Bronze,Negro League Star  C Frank Duncan  ChGi  1920,0,N,0,42,70,72,87,88,42,69,71,86,85,43,71,73,88,89,23,32,Normal,Normal,Normal,47,60,67,48,47,60,67,49,46,61,66,48,67,-,68,-,-,-,-,-,-,-,-,-,2,EX FB,92-94,OTT,Normal,49,51,89,79,81,62,22,47,55,64,69,66,91,87,58,42,29,21,74,49,69,91,87,58,42,29,21,74,49,69,69,76,81,66,16,13,56,52,12,9,0,0,3,8,6,3,0,0,0,1,0,6,0,6.0,0.06,6,-0.6,0.1,3.30,0,0,0.0,0.3,0,0,0,0,0,0,0,0.0,0,0,0,0,0,0,0,0,0,0,0,0,0,0,0,0,0,0,0,0,0,0.00,0,0,0,0,0,0.0,0.0,0.0,0.00,17,13,88,12,74,2,2,0,6.14,-0.9,.909,0,0,126.0,3,20,20,18,5,4,2,1,2,0,0,0,0.0,0.0
C,Frank Duncan,Frank,Duncan,The Spacehog,5' 11',175 lbs,L,R,61,Chicago Giants,ChGi,1920,2026,,84419,Bronze,Negro League Star  C Frank Duncan  ChGi  1920,0,Y,5,47,76,79,94,96,47,75,77,93,92,48,77,80,96,97,23,32,Normal,Normal,Normal,52,66,73,53,52,66,73,54,51,67,72,53,67,-,68,-,-,-,-,-,-,-,-,-,2,EX FB,92-94,OTT,Normal,49,51,89,79,81,62,22,47,55,64,69,66,98,94,62,45,32,23,80,53,74,98,94,62,45,32,23,80,53,74,69,76,81,66,3,2,7,7,2,2,0,0,0,0,0,0,0,0,0,0,0,2,0,0.6,-0.05,0,-0.3,0.0,3.57,0,0,0.0,0.0,0,0,0,0,0,0,0,0.0,0,0,0,0,0,0,0,0,0,0,0,0,0,0,0,0,0,0,0,0,0,0.00,0,0,0,0,0,0.0,0.0,0.0,0.00,3,2,12,3,9,0,0,0,5.40,0.2,1.057,0,0,20.0,0,6,3,3,1,1,0,0,0,0,0,0,0.0,0.0
C,Frank Duncan,Frank,Duncan,Sabo's Saturn League Legends TTC,5' 11',175 lbs,L,R,61,Chicago Giants,ChGi,1920,2026,,84419,Bronze,Negro League Star  C Frank Duncan  ChGi  1920,0,N,0,42,70,72,87,88,42,69,71,86,85,43,71,73,88,89,23,32,Normal,Normal,Normal,47,60,67,48,47,60,67,49,46,61,66,48,67,-,68,-,-,-,-,-,-,-,-,-,2,EX FB,92-94,OTT,Normal,49,51,89,79,81,62,22,47,55,64,69,66,91,87,58,42,29,21,74,49,69,91,87,58,42,29,21,74,49,69,69,76,81,66,10,10,40,36,8,4,1,0,3,5,7,4,0,0,0,0,0,5,1,5.2,-0.13,6,1.3,0.4,3.90,0,0,0.0,0.3,0,0,0,0,0,0,0,0.0,0,0,0,0,0,0,0,0,0,0,0,0,0,0,0,0,0,0,0,0,0,0.00,0,0,0,0,0,0.0,0.0,0.0,0.00,10,10,73,4,69,0,2,0,7.30,0.2,2.086,4,2,90.0,0,36,4,4,1,0,0,0,0,0,0,0,0.0,0.0
C,Rick Ferrell,Rick,Ferrell,Carlos Chaos Cats,5' 10',160 lbs,R,R,67,Washington Senators,MIN,1945,1921-1945,CS,85732,Bronze,Clubhouse - SwitchKnucklers - Hall of Fame  C Rick Ferrell  WS1  1945,0,N,0,73,61,33,122,132,98,82,1,134,184,64,48,40,118,115,43,21,Groundball,Spray,Spray,1,1,1,7,1,1,1,7,1,1,1,7,16,-,-,-,-,-,-,-,-,-,-,-,1,GB,90-92,OTT,GB'er,1,3,61,75,104,3,10,1,1,9,9,6,-,82,-,-,-,-,-,-,-,-,82,-,-,-,-,-,-,-,37,43,29,64,1,1,5,4,1,1,0,0,0,0,1,1,0,0,0,0,0,1,0,0.5,-0.06,0,0.1,0.1,5.40,0,0,0.0,0.2,0,0,0,0,0,0,0,0.0,0,0,0,0,0,0,0,0,0,0,0,0,0,0,0,0,0,0,0,0,0,0.00,0,0,0,0,0,0.0,0.0,0.0,0.00,1,1,4,0,4,0,0,0,3.60,0.1,.000,0,0,10.0,0,3,2,2,0,0,0,0,0,0,0,0,0.0,0.0
C,Pinky Hargrave,Pinky,Hargrave,OKC Whirlwinds - PCK,5' 8',180 lbs,S,R,65,Detroit Tigers,DET,1928,1921-1945,,83652,Bronze,Snapshot  C Pinky Hargrave  DET  1928,0,Y,5,50,77,104,84,97,55,97,81,67,109,49,71,115,89,93,49,10,Normal,Pull,Pull,1,1,1,7,1,1,1,7,1,1,1,7,16,-,-,-,-,-,-,-,-,-,-,-,1,NEU,91-93,3/4,Normal,1,17,48,74,55,10,5,7,6,9,4,5,-,59,-,-,-,-,-,-,-,15,59,-,-,-,-,-,-,-,61,32,74,57,17,16,65,57,19,17,2,0,0,7,8,8,0,0,0,0,0,5,1,9.4,-0.13,10,2.8,0.7,3.68,1,0,0.3,1.0,0,0,0,0,0,0,0,0.0,0,0,0,0,0,0,0,0,0,0,0,0,0,0,0,0,0,0,0,0,0,0.00,0,0,0,0,0,0.0,0.0,0.0,0.00,16,16,100,6,94,0,0,0,6.92,0.1,1.391,2,1,130.0,1,54,7,7,2,1,0,0,0,0,0,0,0.0,0.0
C,Pinky Hargrave,Pinky,Hargrave,Breslau Binturings - HotL,5' 8',180 lbs,S,R,65,Detroit Tigers,DET,1928,1921-1945,,83652,Bronze,Snapshot  C Pinky Hargrave  DET  1928,0,Y,5,50,77,104,84,97,55,97,81,67,109,49,71,115,89,93,49,10,Normal,Pull,Pull,1,1,1,7,1,1,1,7,1,1,1,7,16,-,-,-,-,-,-,-,-,-,-,-,1,NEU,91-93,3/4,Normal,1,17,48,74,55,10,5,7,6,9,4,5,-,59,-,-,-,-,-,-,-,15,59,-,-,-,-,-,-,-,61,32,74,57,5,3,13,12,1,1,0,0,0,0,1,1,1,0,0,0,0,3,0,0.2,-0.14,0,-2.4,-0.2,3.54,0,0,0.0,0.1,0,0,0,0,0,0,0,0.0,0,0,0,0,0,0,0,0,0,0,0,0,0,0,0,0,0,0,0,0,0,0.00,0,0,0,0,0,0.0,0.0,0.0,0.00,3,3,25,0,25,0,0,0,8.33,-0.1,.000,0,0,27.0,1,13,2,2,0,0,0,0,0,0,0,0,0.0,0.0
C,Gabby Hartnett,Gabby,Hartnett,The Colony Lynx,6' 1',195 lbs,R,R,66,Chicago Cubs,CHC,1936,1921-1945,,86254,Bronze,All-Star Week - Historical All-Star  C Gabby Hartnett  CHC  1936,0,N,0,96,75,87,64,81,86,54,128,80,92,100,81,77,59,78,66,54,Normal,Spray,Spray,1,1,1,2,1,1,1,2,1,1,1,2,16,-,-,-,-,-,-,-,-,-,-,-,1,NEU,89-91,OTT,Normal,1,6,76,67,111,3,2,4,10,2,1,10,-,88,-,-,-,-,-,-,-,-,88,-,-,-,-,-,-,-,28,5,6,19,7,6,29,26,9,8,1,0,0,5,3,1,0,0,0,2,0,7,0,3.9,0.23,3,0.2,0.1,3.28,0,0,0.0,-0.2,0,0,0,0,0,0,0,0.0,0,0,0,0,0,0,0,0,0,0,0,0,0,0,0,0,0,0,0,0,0,0.00,0,0,0,0,0,0.0,0.0,0.0,0.00,6,6,44,2,42,0,1,0,6.95,0.2,.000,2,2,57.0,1,27,2,2,0,0,0,0,0,0,0,0,-0.5,0.0
C,Gabby Hartnett,Gabby,Hartnett,HILITE RECORDS,6' 1',195 lbs,R,R,66,Chicago Cubs,CHC,1936,1921-1945,,86254,Bronze,All-Star Week - Historical All-Star  C Gabby Hartnett  CHC  1936,0,N,0,96,75,87,64,81,86,54,128,80,92,100,81,77,59,78,66,54,Normal,Spray,Spray,1,1,1,2,1,1,1,2,1,1,1,2,16,-,-,-,-,-,-,-,-,-,-,-,1,NEU,89-91,OTT,Normal,1,6,76,67,111,3,2,4,10,2,1,10,-,88,-,-,-,-,-,-,-,-,88,-,-,-,-,-,-,-,28,5,6,19,9,9,39,37,6,5,0,0,1,2,3,2,0,0,0,0,0,8,3,1.2,-0.70,1,-3.1,-0.2,3.51,0,0,0.0,-0.1,0,0,0,0,0,0,0,0.0,0,0,0,0,0,0,0,0,0,0,0,0,0,0,0,0,0,0,0,0,0,0.00,0,0,0,0,0,0.0,0.0,0.0,0.00,9,9,51,4,47,0,1,0,5.88,0.2,1.043,2,0,78.0,0,28,3,3,0,0,0,0,1,1,0,0,-0.3,0.0
C,Gabby Hartnett,Gabby,Hartnett,Black Dog,6' 1',195 lbs,R,R,66,Chicago Cubs,CHC,1936,1921-1945,,86254,Bronze,All-Star Week - Historical All-Star  C Gabby Hartnett  CHC  1936,0,N,0,96,75,87,64,81,86,54,128,80,92,100,81,77,59,78,66,54,Normal,Spray,Spray,1,1,1,2,1,1,1,2,1,1,1,2,16,-,-,-,-,-,-,-,-,-,-,-,1,NEU,89-91,OTT,Normal,1,6,76,67,111,3,2,4,10,2,1,10,-,88,-,-,-,-,-,-,-,-,88,-,-,-,-,-,-,-,28,5,6,19,9,9,38,32,9,7,1,1,0,1,6,5,2,0,0,1,0,8,0,4.9,-0.18,4,-0.3,0.2,3.68,0,0,0.0,0.3,0,0,0,0,0,0,0,0.0,0,0,0,0,0,0,0,0,0,0,0,0,0,0,0,0,0,0,0,0,0,0.00,0,0,0,0,0,0.0,0.0,0.0,0.00,9,9,50,1,49,0,0,0,5.51,0.1,1.043,2,0,81.2,0,37,5,5,0,0,0,0,0,0,0,0,-0.3,0.0
C,Gabby Hartnett,Gabby,Hartnett,Seoul Hannams,6' 1',195 lbs,R,R,66,Chicago Cubs,CHC,1936,1921-1945,,86254,Bronze,All-Star Week - Historical All-Star  C Gabby Hartnett  CHC  1936,0,N,0,96,75,87,64,81,86,54,128,80,92,100,81,77,59,78,66,54,Normal,Spray,Spray,1,1,1,2,1,1,1,2,1,1,1,2,16,-,-,-,-,-,-,-,-,-,-,-,1,NEU,89-91,OTT,Normal,1,6,76,67,111,3,2,4,10,2,1,10,-,88,-,-,-,-,-,-,-,-,88,-,-,-,-,-,-,-,28,5,6,19,4,1,7,6,1,1,0,0,0,0,0,1,0,0,0,0,0,1,0,0.4,-0.06,0,-0.4,-0.0,5.00,0,0,0.0,0.0,0,0,0,0,0,0,0,0.0,0,0,0,0,0,0,0,0,0,0,0,0,0,0,0,0,0,0,0,0,0,0.00,0,0,0,0,0,0.0,0.0,0.0,0.00,2,1,7,0,7,0,0,0,6.30,0.0,.000,0,0,10.0,0,5,1,1,0,0,0,0,0,0,0,0,-0.1,0.0
C,Gabby Hartnett,Gabby,Hartnett,Newport News Dodgers_TTC,6' 1',195 lbs,R,R,66,Chicago Cubs,CHC,1936,1921-1945,,86254,Bronze,All-Star Week - Historical All-Star  C Gabby Hartnett  CHC  1936,0,Y,5,104,82,94,70,88,93,59,138,87,100,108,88,84,65,85,66,54,Normal,Spray,Spray,1,1,1,4,1,1,1,4,1,1,1,4,16,-,-,-,-,-,-,-,-,-,-,-,1,NEU,89-91,OTT,Normal,1,6,76,67,111,3,2,4,10,2,1,10,-,94,-,-,-,-,-,-,-,-,94,-,-,-,-,-,-,-,28,5,6,19,5,5,22,21,5,3,0,0,2,5,3,1,1,0,0,0,0,6,1,2.5,-0.21,2,0.1,0.2,3.36,0,0,0.0,0.3,0,0,0,0,0,0,0,0.0,0,0,0,0,0,0,0,0,0,0,0,0,0,0,0,0,0,0,0,0,0,0.00,0,0,0,0,0,0.0,0.0,0.0,0.00,5,5,38,2,36,0,1,0,7.08,0.1,.000,0,0,48.1,0,10,1,1,0,0,0,0,0,0,0,0,0.0,0.0
C,Gabby Hartnett,Gabby,Hartnett,Town of Lake Loons,6' 1',195 lbs,R,R,66,Chicago Cubs,CHC,1936,1921-1945,,86254,Bronze,All-Star Week - Historical All-Star  C Gabby Hartnett  CHC  1936,0,N,0,96,75,87,64,81,86,54,128,80,92,100,81,77,59,78,66,54,Normal,Spray,Spray,1,1,1,2,1,1,1,2,1,1,1,2,16,-,-,-,-,-,-,-,-,-,-,-,1,NEU,89-91,OTT,Normal,1,6,76,67,111,3,2,4,10,2,1,10,-,88,-,-,-,-,-,-,-,-,88,-,-,-,-,-,-,-,28,5,6,19,4,4,16,16,3,2,1,0,0,2,0,0,0,0,0,0,0,2,1,0.5,-0.03,0,-1.4,-0.1,4.50,0,0,0.0,0.0,0,0,0,0,0,0,0,0.0,0,0,0,0,0,0,0,0,0,0,0,0,0,0,0,0,0,0,0,0,0,0.00,0,0,0,0,0,0.0,0.0,0.0,0.00,1,1,3,0,3,0,0,0,3.00,0.0,.000,0,0,9.0,0,4,0,0,0,0,0,0,0,0,0,0,0.0,0.0
C,Gabby Hartnett,Gabby,Hartnett,Jinzhou Speedster,6' 1',195 lbs,R,R,66,Chicago Cubs,CHC,1936,1921-1945,,86254,Bronze,All-Star Week - Historical All-Star  C Gabby Hartnett  CHC  1936,0,N,0,96,75,87,64,81,86,54,128,80,92,100,81,77,59,78,66,54,Normal,Spray,Spray,1,1,1,2,1,1,1,2,1,1,1,2,16,-,-,-,-,-,-,-,-,-,-,-,1,NEU,89-91,OTT,Normal,1,6,76,67,111,3,2,4,10,2,1,10,-,88,-,-,-,-,-,-,-,-,88,-,-,-,-,-,-,-,28,5,6,19,1,1,4,2,0,0,0,0,0,1,0,1,0,0,0,1,0,1,0,0.2,-0.05,0,-0.4,-0.1,5.50,0,0,0.0,0.0,0,0,0,0,0,0,0,0.0,0,0,0,0,0,0,0,0,0,0,0,0,0,0,0,0,0,0,0,0,0,0.00,0,0,0,0,0,0.0,0.0,0.0,0.00,1,1,5,2,2,1,0,0,4.00,-0.2,.000,0,0,9.0,1,2,2,2,0,0,0,0,0,0,0,0,-0.1,0.0
C,Gabby Hartnett,Gabby,Hartnett,Cape Cod Sharks - HotL,6' 1',195 lbs,R,R,66,Chicago Cubs,CHC,1936,1921-1945,,86254,Bronze,All-Star Week - Historical All-Star  C Gabby Hartnett  CHC  1936,0,N,0,96,75,87,64,81,86,54,128,80,92,100,81,77,59,78,66,54,Normal,Spray,Spray,1,1,1,2,1,1,1,2,1,1,1,2,16,-,-,-,-,-,-,-,-,-,-,-,1,NEU,89-91,OTT,Normal,1,6,76,67,111,3,2,4,10,2,1,10,-,88,-,-,-,-,-,-,-,-,88,-,-,-,-,-,-,-,28,5,6,19,7,6,24,19,8,6,1,0,1,3,5,3,0,0,1,1,0,3,0,6.3,-0.05,5,2.8,0.3,3.58,0,0,0.0,-0.0,0,0,0,0,0,0,0,0.0,0,0,0,0,0,0,0,0,0,0,0,0,0,0,0,0,0,0,0,0,0,0.00,0,0,0,0,0,0.0,0.0,0.0,0.00,2,2,11,1,10,0,0,0,5.50,-0.0,1.043,1,0,18.0,0,3,2,2,0,0,0,0,0,0,0,0,0.0,0.0
C,Gabby Hartnett,Gabby,Hartnett,Aberfeldie Falcons,6' 1',195 lbs,R,R,66,Chicago Cubs,CHC,1936,1921-1945,,86254,Bronze,All-Star Week - Historical All-Star  C Gabby Hartnett  CHC  1936,0,N,0,96,75,87,64,81,86,54,128,80,92,100,81,77,59,78,66,54,Normal,Spray,Spray,1,1,1,2,1,1,1,2,1,1,1,2,16,-,-,-,-,-,-,-,-,-,-,-,1,NEU,89-91,OTT,Normal,1,6,76,67,111,3,2,4,10,2,1,10,-,88,-,-,-,-,-,-,-,-,88,-,-,-,-,-,-,-,28,5,6,19,3,2,8,7,2,2,0,0,0,1,0,1,0,0,0,0,0,2,0,0.8,-0.02,0,0.0,0.0,4.38,0,0,0.0,-0.4,0,0,0,0,0,0,0,0.0,0,0,0,0,0,0,0,0,0,0,0,0,0,0,0,0,0,0,0,0,0,0.00,0,0,0,0,0,0.0,0.0,0.0,0.00,2,2,18,4,14,0,0,0,9.00,0.2,1.043,0,0,18.0,0,10,3,3,1,1,0,0,0,0,0,0,-0.1,0.0
C,Gabby Hartnett,Gabby,Hartnett,Allston Wolf Spiders,6' 1',195 lbs,R,R,66,Chicago Cubs,CHC,1936,1921-1945,,86254,Bronze,All-Star Week - Historical All-Star  C Gabby Hartnett  CHC  1936,0,N,0,96,75,87,64,81,86,54,128,80,92,100,81,77,59,78,66,54,Normal,Spray,Spray,1,1,1,2,1,1,1,2,1,1,1,2,16,-,-,-,-,-,-,-,-,-,-,-,1,NEU,89-91,OTT,Normal,1,6,76,67,111,3,2,4,10,2,1,10,-,88,-,-,-,-,-,-,-,-,88,-,-,-,-,-,-,-,28,5,6,19,6,5,21,20,4,3,0,0,1,4,1,1,0,0,0,0,0,2,0,1.7,0.20,1,-0.8,-0.0,3.33,0,0,0.0,0.0,0,0,0,0,0,0,0,0.0,0,0,0,0,0,0,0,0,0,0,0,0,0,0,0,0,0,0,0,0,0,0.00,0,0,0,0,0,0.0,0.0,0.0,0.00,5,5,25,1,24,0,0,0,4.93,-0.3,1.043,0,0,45.2,2,17,2,2,0,0,0,0,0,0,0,0,-0.3,0.0
C,Gabby Hartnett,Gabby,Hartnett,OKC Whirlwinds - PCK,6' 1',195 lbs,R,R,66,Chicago Cubs,CHC,1936,1921-1945,,86254,Bronze,All-Star Week - Historical All-Star  C Gabby Hartnett  CHC  1936,0,N,0,96,75,87,64,81,86,54,128,80,92,100,81,77,59,78,66,54,Normal,Spray,Spray,1,1,1,2,1,1,1,2,1,1,1,2,16,-,-,-,-,-,-,-,-,-,-,-,1,NEU,89-91,OTT,Normal,1,6,76,67,111,3,2,4,10,2,1,10,-,88,-,-,-,-,-,-,-,-,88,-,-,-,-,-,-,-,28,5,6,19,16,7,42,38,8,5,2,0,1,8,4,3,0,1,0,0,0,9,0,4.0,-0.08,4,-0.7,0.0,3.88,0,0,0.0,-0.0,0,0,0,0,0,0,0,0.0,0,0,0,0,0,0,0,0,0,0,0,0,0,0,0,0,0,0,0,0,0,0.00,0,0,0,0,0,0.0,0.0,0.0,0.00,14,7,75,3,71,1,0,0,7.60,-0.4,.695,2,1,87.2,1,34,8,6,0,0,0,0,0,0,0,0,-0.4,0.0
C,Gabby Hartnett,Gabby,Hartnett,Beachcrest Blue Hornets,6' 1',195 lbs,R,R,66,Chicago Cubs,CHC,1936,1921-1945,,86254,Bronze,All-Star Week - Historical All-Star  C Gabby Hartnett  CHC  1936,0,N,0,96,75,87,64,81,86,54,128,80,92,100,81,77,59,78,66,54,Normal,Spray,Spray,1,1,1,2,1,1,1,2,1,1,1,2,16,-,-,-,-,-,-,-,-,-,-,-,1,NEU,89-91,OTT,Normal,1,6,76,67,111,3,2,4,10,2,1,10,-,88,-,-,-,-,-,-,-,-,88,-,-,-,-,-,-,-,28,5,6,19,3,3,12,11,0,0,0,0,0,0,1,1,0,0,0,0,0,3,0,0.0,-0.14,0,-2.4,-0.2,3.67,0,0,0.0,0.0,0,0,0,0,0,0,0,0.0,0,0,0,0,0,0,0,0,0,0,0,0,0,0,0,0,0,0,0,0,0,0.00,0,0,0,0,0,0.0,0.0,0.0,0.00,3,3,20,1,19,0,0,0,7.20,0.1,1.043,0,0,25.0,0,17,0,0,1,1,0,0,0,0,0,0,-0.1,0.0
C,Gabby Hartnett,Gabby,Hartnett,HickoryHoller JayBirds,6' 1',195 lbs,R,R,66,Chicago Cubs,CHC,1936,1921-1945,,86254,Bronze,All-Star Week - Historical All-Star  C Gabby Hartnett  CHC  1936,0,N,0,96,75,87,64,81,86,54,128,80,92,100,81,77,59,78,66,54,Normal,Spray,Spray,1,1,1,2,1,1,1,2,1,1,1,2,16,-,-,-,-,-,-,-,-,-,-,-,1,NEU,89-91,OTT,Normal,1,6,76,67,111,3,2,4,10,2,1,10,-,88,-,-,-,-,-,-,-,-,88,-,-,-,-,-,-,-,28,5,6,19,4,1,11,9,3,2,0,0,1,1,2,2,1,0,0,0,0,1,2,1.7,-0.00,2,1.0,0.1,3.18,0,0,0.0,-0.1,0,0,0,0,0,0,0,0.0,0,0,0,0,0,0,0,0,0,0,0,0,0,0,0,0,0,0,0,0,0,0.00,0,0,0,0,0,0.0,0.0,0.0,0.00,1,1,7,0,7,0,0,0,7.00,-0.2,.000,0,0,9.0,1,2,2,2,0,0,0,0,0,0,0,0,0.0,0.0
C,Gabby Hartnett,Gabby,Hartnett,Breslau Binturings - HotL,6' 1',195 lbs,R,R,66,Chicago Cubs,CHC,1936,1921-1945,,86254,Bronze,All-Star Week - Historical All-Star  C Gabby Hartnett  CHC  1936,0,Y,5,104,82,94,70,88,93,59,138,87,100,108,88,84,65,85,66,54,Normal,Spray,Spray,1,1,1,4,1,1,1,4,1,1,1,4,16,-,-,-,-,-,-,-,-,-,-,-,1,NEU,89-91,OTT,Normal,1,6,76,67,111,3,2,4,10,2,1,10,-,94,-,-,-,-,-,-,-,-,94,-,-,-,-,-,-,-,28,5,6,19,8,8,32,29,8,3,2,2,1,6,4,0,0,1,0,2,0,3,1,4.6,-0.03,4,1.2,0.3,3.19,0,0,0.0,0.0,0,0,0,0,0,0,0,0.0,0,0,0,0,0,0,0,0,0,0,0,0,0,0,0,0,0,0,0,0,0,0.00,0,0,0,0,0,0.0,0.0,0.0,0.00,8,8,45,1,44,0,0,0,5.76,0.0,1.043,0,0,70.1,1,28,4,4,0,0,0,0,0,0,0,0,-0.1,0.0
C,Gabby Hartnett,Gabby,Hartnett,London Majors,6' 1',195 lbs,R,R,66,Chicago Cubs,CHC,1936,1921-1945,,86254,Bronze,All-Star Week - Historical All-Star  C Gabby Hartnett  CHC  1936,0,N,0,96,75,87,64,81,86,54,128,80,92,100,81,77,59,78,66,54,Normal,Spray,Spray,1,1,1,2,1,1,1,2,1,1,1,2,16,-,-,-,-,-,-,-,-,-,-,-,1,NEU,89-91,OTT,Normal,1,6,76,67,111,3,2,4,10,2,1,10,-,88,-,-,-,-,-,-,-,-,88,-,-,-,-,-,-,-,28,5,6,19,14,13,58,52,20,12,4,0,4,13,10,4,1,1,0,1,0,6,0,16.2,1.14,14,7.4,1.0,3.34,0,0,0.0,0.2,0,0,0,0,0,0,0,0.0,0,0,0,0,0,0,0,0,0,0,0,0,0,0,0,0,0,0,0,0,0,0.00,0,0,0,0,0,0.0,0.0,0.0,0.00,13,13,63,8,55,0,0,0,4.72,0.1,1.043,0,0,120.0,1,44,8,7,2,2,0,0,0,0,0,0,-0.1,0.0
C,Gabby Hartnett,Gabby,Hartnett,EVC's Let the Music Play Ball-TTC,6' 1',195 lbs,R,R,66,Chicago Cubs,CHC,1936,1921-1945,,86254,Bronze,All-Star Week - Historical All-Star  C Gabby Hartnett  CHC  1936,0,N,0,96,75,87,64,81,86,54,128,80,92,100,81,77,59,78,66,54,Normal,Spray,Spray,1,1,1,2,1,1,1,2,1,1,1,2,16,-,-,-,-,-,-,-,-,-,-,-,1,NEU,89-91,OTT,Normal,1,6,76,67,111,3,2,4,10,2,1,10,-,88,-,-,-,-,-,-,-,-,88,-,-,-,-,-,-,-,28,5,6,19,7,6,27,23,3,1,1,0,1,3,2,4,0,0,0,0,0,5,1,1.8,0.62,2,-1.0,0.0,4.56,0,0,0.0,0.2,0,0,0,0,0,0,0,0.0,0,0,0,0,0,0,0,0,0,0,0,0,0,0,0,0,0,0,0,0,0,0.00,0,0,0,0,0,0.0,0.0,0.0,0.00,6,6,33,1,32,0,0,0,5.40,-0.1,1.043,1,0,55.0,1,27,4,4,0,0,0,0,0,0,0,0,0.0,0.0
C,Gabby Hartnett,Gabby,Hartnett,Smyrna Stooges,6' 1',195 lbs,R,R,66,Chicago Cubs,CHC,1936,1921-1945,,86254,Bronze,All-Star Week - Historical All-Star  C Gabby Hartnett  CHC  1936,0,N,0,96,75,87,64,81,86,54,128,80,92,100,81,77,59,78,66,54,Normal,Spray,Spray,1,1,1,2,1,1,1,2,1,1,1,2,16,-,-,-,-,-,-,-,-,-,-,-,1,NEU,89-91,OTT,Normal,1,6,76,67,111,3,2,4,10,2,1,10,-,88,-,-,-,-,-,-,-,-,88,-,-,-,-,-,-,-,28,5,6,19,3,2,9,7,1,0,1,0,0,2,1,2,0,0,0,0,0,1,0,0.8,0.03,1,-0.1,0.0,4.00,0,0,0.0,-0.1,0,0,0,0,0,0,0,0.0,0,0,0,0,0,0,0,0,0,0,0,0,0,0,0,0,0,0,0,0,0,0.00,0,0,0,0,0,0.0,0.0,0.0,0.00,2,2,14,1,13,0,0,0,7.41,0.1,.000,0,0,17.0,0,8,1,1,0,0,0,0,0,0,0,0,0.0,0.0
C,Gabby Hartnett,Gabby,Hartnett,Gettysburg Iron Brigade,6' 1',195 lbs,R,R,66,Chicago Cubs,CHC,1936,1921-1945,,86254,Bronze,All-Star Week - Historical All-Star  C Gabby Hartnett  CHC  1936,0,N,0,96,75,87,64,81,86,54,128,80,92,100,81,77,59,78,66,54,Normal,Spray,Spray,1,1,1,2,1,1,1,2,1,1,1,2,16,-,-,-,-,-,-,-,-,-,-,-,1,NEU,89-91,OTT,Normal,1,6,76,67,111,3,2,4,10,2,1,10,-,88,-,-,-,-,-,-,-,-,88,-,-,-,-,-,-,-,28,5,6,19,8,8,32,31,8,3,2,1,2,4,5,1,0,0,0,0,0,6,0,5.1,-0.33,5,1.5,0.4,3.78,0,0,0.0,0.4,0,0,0,0,0,0,0,0.0,0,0,0,0,0,0,0,0,0,0,0,0,0,0,0,0,0,0,0,0,0,0.00,0,0,0,0,0,0.0,0.0,0.0,0.00,8,8,48,3,45,0,1,0,6.08,0.6,1.043,1,1,71.0,0,25,4,4,2,2,0,0,0,0,0,0,-0.1,0.0
C,Gabby Hartnett,Gabby,Hartnett,Deadwood Punch and Judys TTC,6' 1',195 lbs,R,R,66,Chicago Cubs,CHC,1936,1921-1945,,86254,Bronze,All-Star Week - Historical All-Star  C Gabby Hartnett  CHC  1936,0,N,0,96,75,87,64,81,86,54,128,80,92,100,81,77,59,78,66,54,Normal,Spray,Spray,1,1,1,2,1,1,1,2,1,1,1,2,16,-,-,-,-,-,-,-,-,-,-,-,1,NEU,89-91,OTT,Normal,1,6,76,67,111,3,2,4,10,2,1,10,-,88,-,-,-,-,-,-,-,-,88,-,-,-,-,-,-,-,28,5,6,19,12,9,42,36,9,6,3,0,0,4,2,6,2,0,0,0,0,10,1,4.3,0.27,4,-0.7,0.0,4.02,0,0,0.0,-1.2,0,0,0,0,0,0,0,0.0,0,0,0,0,0,0,0,0,0,0,0,0,0,0,0,0,0,0,0,0,0,0.00,0,0,0,0,0,0.0,0.0,0.0,0.00,9,9,50,1,49,0,0,0,5.62,0.3,1.043,0,0,80.0,0,20,4,4,0,0,0,0,0,0,0,0,0.0,0.0
C,Gabby Hartnett,Gabby,Hartnett,Madison Moundsmen,6' 1',195 lbs,R,R,66,Chicago Cubs,CHC,1936,1921-1945,,86254,Bronze,All-Star Week - Historical All-Star  C Gabby Hartnett  CHC  1936,0,Y,5,104,82,94,70,88,93,59,138,87,100,108,88,84,65,85,66,54,Normal,Spray,Spray,1,1,1,4,1,1,1,4,1,1,1,4,16,-,-,-,-,-,-,-,-,-,-,-,1,NEU,89-91,OTT,Normal,1,6,76,67,111,3,2,4,10,2,1,10,-,94,-,-,-,-,-,-,-,-,94,-,-,-,-,-,-,-,28,5,6,19,6,5,22,20,7,5,1,0,1,2,2,2,0,0,0,0,0,5,0,4.7,-0.06,4,2.0,0.2,3.55,0,0,0.0,-1.2,0,0,0,0,0,0,0,0.0,0,0,0,0,0,0,0,0,0,0,0,0,0,0,0,0,0,0,0,0,0,0.00,0,0,0,0,0,0.0,0.0,0.0,0.00,5,5,33,1,31,1,0,0,6.40,-0.0,.522,0,0,45.0,0,18,2,2,1,0,0,0,0,0,0,0,-0.3,0.0
C,Gabby Hartnett,Gabby,Hartnett,Kansas City Torrent - JW,6' 1',195 lbs,R,R,66,Chicago Cubs,CHC,1936,1921-1945,,86254,Bronze,All-Star Week - Historical All-Star  C Gabby Hartnett  CHC  1936,57,N,0,96,75,87,64,81,86,54,128,80,92,100,81,77,59,78,66,54,Normal,Spray,Spray,1,1,1,2,1,1,1,2,1,1,1,2,16,-,-,-,-,-,-,-,-,-,-,-,1,NEU,89-91,OTT,Normal,1,6,76,67,111,3,2,4,10,2,1,10,-,88,-,-,-,-,-,-,-,-,88,-,-,-,-,-,-,-,28,5,6,19,3,2,7,7,2,1,0,1,0,0,1,0,0,0,0,0,0,1,0,1.1,-0.10,1,0.3,0.0,4.00,0,0,0.0,0.0,0,0,0,0,0,0,0,0.0,0,0,0,0,0,0,0,0,0,0,0,0,0,0,0,0,0,0,0,0,0,0.00,0,0,0,0,0,0.0,0.0,0.0,0.00,3,2,8,0,8,0,0,0,3.86,-0.2,.000,0,0,18.2,1,12,0,0,0,0,0,0,0,0,0,0,0.0,0.0
C,Gabby Hartnett,Gabby,Hartnett,Groundball Defenders,6' 1',195 lbs,R,R,66,Chicago Cubs,CHC,1936,1921-1945,,86254,Bronze,All-Star Week - Historical All-Star  C Gabby Hartnett  CHC  1936,0,N,0,96,75,87,64,81,86,54,128,80,92,100,81,77,59,78,66,54,Normal,Spray,Spray,1,1,1,2,1,1,1,2,1,1,1,2,16,-,-,-,-,-,-,-,-,-,-,-,1,NEU,89-91,OTT,Normal,1,6,76,67,111,3,2,4,10,2,1,10,-,88,-,-,-,-,-,-,-,-,88,-,-,-,-,-,-,-,28,5,6,19,8,6,27,22,5,4,1,0,0,1,2,4,2,0,1,0,0,5,0,2.3,-0.19,1,-1.6,-0.0,3.74,0,0,0.0,0.0,0,0,0,0,0,0,0,0.0,0,0,0,0,0,0,0,0,0,0,0,0,0,0,0,0,0,0,0,0,0,0.00,0,0,0,0,0,0.0,0.0,0.0,0.00,6,6,43,1,41,1,0,0,6.87,0.1,.522,0,0,55.0,0,24,11,10,0,0,0,0,0,0,0,0,0.0,0.0
C,Gabby Hartnett,Gabby,Hartnett,Altamonte Ryno's,6' 1',195 lbs,R,R,66,Chicago Cubs,CHC,1936,1921-1945,,86254,Bronze,All-Star Week - Historical All-Star  C Gabby Hartnett  CHC  1936,0,N,0,96,75,87,64,81,86,54,128,80,92,100,81,77,59,78,66,54,Normal,Spray,Spray,1,1,1,2,1,1,1,2,1,1,1,2,16,-,-,-,-,-,-,-,-,-,-,-,1,NEU,89-91,OTT,Normal,1,6,76,67,111,3,2,4,10,2,1,10,-,88,-,-,-,-,-,-,-,-,88,-,-,-,-,-,-,-,28,5,6,19,4,4,16,16,3,3,0,0,0,2,0,0,0,0,0,0,0,5,0,0.6,-0.24,0,-1.7,-0.1,3.31,0,0,0.0,0.0,0,0,0,0,0,0,0,0.0,0,0,0,0,0,0,0,0,0,0,0,0,0,0,0,0,0,0,0,0,0,0.00,0,0,0,0,0,0.0,0.0,0.0,0.00,4,4,11,2,9,0,0,0,2.75,0.1,1.043,0,0,36.0,0,16,2,2,0,0,0,0,0,0,0,0,-0.1,0.0
C,Gabby Hartnett,Gabby,Hartnett,White Rabbitt,6' 1',195 lbs,R,R,66,Chicago Cubs,CHC,1936,1921-1945,,86254,Bronze,All-Star Week - Historical All-Star  C Gabby Hartnett  CHC  1936,0,N,0,96,75,87,64,81,86,54,128,80,92,100,81,77,59,78,66,54,Normal,Spray,Spray,1,1,1,2,1,1,1,2,1,1,1,2,16,-,-,-,-,-,-,-,-,-,-,-,1,NEU,89-91,OTT,Normal,1,6,76,67,111,3,2,4,10,2,1,10,-,88,-,-,-,-,-,-,-,-,88,-,-,-,-,-,-,-,28,5,6,19,17,17,71,69,18,14,1,1,2,5,7,2,0,0,0,0,0,7,0,7.8,-0.41,7,-0.6,0.3,2.99,0,0,0.0,0.2,0,0,0,0,0,0,0,0.0,0,0,0,0,0,0,0,0,0,0,0,0,0,0,0,0,0,0,0,0,0,0.00,0,0,0,0,0,0.0,0.0,0.0,0.00,17,17,104,6,97,1,1,0,5.87,0.3,.834,1,0,158.0,0,73,9,9,1,0,0,0,0,0,0,0,-0.3,0.0
C,Gabby Hartnett,Gabby,Hartnett,Ethiopia Pink Elephants,6' 1',195 lbs,R,R,66,Chicago Cubs,CHC,1936,1921-1945,,86254,Bronze,All-Star Week - Historical All-Star  C Gabby Hartnett  CHC  1936,0,N,0,96,75,87,64,81,86,54,128,80,92,100,81,77,59,78,66,54,Normal,Spray,Spray,1,1,1,2,1,1,1,2,1,1,1,2,16,-,-,-,-,-,-,-,-,-,-,-,1,NEU,89-91,OTT,Normal,1,6,76,67,111,3,2,4,10,2,1,10,-,88,-,-,-,-,-,-,-,-,88,-,-,-,-,-,-,-,28,5,6,19,1,1,4,4,3,3,0,0,0,1,1,0,0,0,0,0,0,0,0,2.2,0.15,1,1.2,0.2,4.25,0,0,0.0,0.1,0,0,0,0,0,0,0,0.0,0,0,0,0,0,0,0,0,0,0,0,0,0,0,0,0,0,0,0,0,0,0.00,0,0,0,0,0,0.0,0.0,0.0,0.00,1,1,5,0,5,0,0,0,5.00,0.0,.000,0,0,9.0,0,2,0,0,0,0,0,0,0,0,0,0,0.0,0.0
C,Gabby Hartnett,Gabby,Hartnett,Hancocks and Sidekicks TTC,6' 1',195 lbs,R,R,66,Chicago Cubs,CHC,1936,1921-1945,,86254,Bronze,All-Star Week - Historical All-Star  C Gabby Hartnett  CHC  1936,0,N,0,96,75,87,64,81,86,54,128,80,92,100,81,77,59,78,66,54,Normal,Spray,Spray,1,1,1,2,1,1,1,2,1,1,1,2,16,-,-,-,-,-,-,-,-,-,-,-,1,NEU,89-91,OTT,Normal,1,6,76,67,111,3,2,4,10,2,1,10,-,88,-,-,-,-,-,-,-,-,88,-,-,-,-,-,-,-,28,5,6,19,25,25,117,114,24,16,4,0,4,13,12,3,0,0,0,0,0,16,5,7.7,-0.16,9,-4.7,0.1,3.44,0,0,0.0,0.4,0,0,0,0,0,0,0,0.0,0,0,0,0,0,0,0,0,0,0,0,0,0,0,0,0,0,0,0,0,0,0.00,0,0,0,0,0,0.0,0.0,0.0,0.00,25,25,156,8,148,0,0,0,6.26,0.7,1.043,2,2,224.1,2,59,16,16,0,0,0,0,0,0,0,0,-0.7,0.0
C,Gabby Hartnett,Gabby,Hartnett,New Platson Grand Petites HotL,6' 1',195 lbs,R,R,66,Chicago Cubs,CHC,1936,1921-1945,,86254,Bronze,All-Star Week - Historical All-Star  C Gabby Hartnett  CHC  1936,0,N,0,96,75,87,64,81,86,54,128,80,92,100,81,77,59,78,66,54,Normal,Spray,Spray,1,1,1,2,1,1,1,2,1,1,1,2,16,-,-,-,-,-,-,-,-,-,-,-,1,NEU,89-91,OTT,Normal,1,6,76,67,111,3,2,4,10,2,1,10,-,88,-,-,-,-,-,-,-,-,88,-,-,-,-,-,-,-,28,5,6,19,2,1,5,5,2,2,0,0,0,0,0,0,0,0,0,0,0,0,0,0.8,-0.02,0,0.2,0.0,3.40,0,0,0.0,-0.0,0,0,0,0,0,0,0,0.0,0,0,0,0,0,0,0,0,0,0,0,0,0,0,0,0,0,0,0,0,0,0.00,0,0,0,0,0,0.0,0.0,0.0,0.00,1,1,7,0,7,0,0,0,7.88,-0.2,.000,0,0,8.0,1,4,3,3,0,0,0,0,0,0,0,0,0.0,0.0
C,Gabby Hartnett,Gabby,Hartnett,Daegu Lions,6' 1',195 lbs,R,R,66,Chicago Cubs,CHC,1936,1921-1945,,86254,Bronze,All-Star Week - Historical All-Star  C Gabby Hartnett  CHC  1936,0,Y,5,104,82,94,70,88,93,59,138,87,100,108,88,84,65,85,66,54,Normal,Spray,Spray,1,1,1,4,1,1,1,4,1,1,1,4,16,-,-,-,-,-,-,-,-,-,-,-,1,NEU,89-91,OTT,Normal,1,6,76,67,111,3,2,4,10,2,1,10,-,94,-,-,-,-,-,-,-,-,94,-,-,-,-,-,-,-,28,5,6,19,12,9,42,37,10,7,2,0,1,4,4,4,0,0,0,1,0,6,0,5.5,-0.25,5,0.7,0.2,3.76,0,0,0.0,0.2,0,0,0,0,0,0,0,0.0,0,0,0,0,0,0,0,0,0,0,0,0,0,0,0,0,0,0,0,0,0,0.00,0,0,0,0,0,0.0,0.0,0.0,0.00,6,5,33,2,31,0,0,0,6.19,0.4,2.086,1,1,48.0,0,16,2,2,1,1,0,0,0,0,0,0,-0.3,0.0
C,Gabby Hartnett,Gabby,Hartnett,Energy Efficiency,6' 1',195 lbs,R,R,66,Chicago Cubs,CHC,1936,1921-1945,,86254,Bronze,All-Star Week - Historical All-Star  C Gabby Hartnett  CHC  1936,0,N,0,96,75,87,64,81,86,54,128,80,92,100,81,77,59,78,66,54,Normal,Spray,Spray,1,1,1,2,1,1,1,2,1,1,1,2,16,-,-,-,-,-,-,-,-,-,-,-,1,NEU,89-91,OTT,Normal,1,6,76,67,111,3,2,4,10,2,1,10,-,88,-,-,-,-,-,-,-,-,88,-,-,-,-,-,-,-,28,5,6,19,8,7,36,32,8,8,0,0,0,3,0,3,1,0,0,1,0,4,0,2.8,-0.54,2,-1.9,-0.1,3.56,0,0,0.0,-0.6,0,0,0,0,0,0,0,0.0,0,0,0,0,0,0,0,0,0,0,0,0,0,0,0,0,0,0,0,0,0,0.00,0,0,0,0,0,0.0,0.0,0.0,0.00,8,7,29,1,27,1,0,0,3.27,-0.1,.000,1,1,77.0,0,23,4,2,0,0,0,0,0,0,0,0,-0.5,0.0
C,Gabby Hartnett,Gabby,Hartnett,BAGgin' Dingers TTC,6' 1',195 lbs,R,R,66,Chicago Cubs,CHC,1936,1921-1945,,86254,Bronze,All-Star Week - Historical All-Star  C Gabby Hartnett  CHC  1936,0,Y,5,104,82,94,70,88,93,59,138,87,100,108,88,84,65,85,66,54,Normal,Spray,Spray,1,1,1,4,1,1,1,4,1,1,1,4,16,-,-,-,-,-,-,-,-,-,-,-,1,NEU,89-91,OTT,Normal,1,6,76,67,111,3,2,4,10,2,1,10,-,94,-,-,-,-,-,-,-,-,94,-,-,-,-,-,-,-,28,5,6,19,12,12,48,43,14,13,0,0,1,3,3,3,0,0,2,0,0,8,3,5.5,-0.02,6,0.9,0.3,3.46,0,0,0.0,-0.2,0,0,0,0,0,0,0,0.0,0,0,0,0,0,0,0,0,0,0,0,0,0,0,0,0,0,0,0,0,0,0.00,0,0,0,0,0,0.0,0.0,0.0,0.00,12,12,89,5,84,0,1,0,7.65,0.5,1.043,4,2,104.2,0,34,8,8,0,0,0,0,0,0,0,0,-0.1,0.0
C,Gabby Hartnett,Gabby,Hartnett,Roseburg River Hawks,6' 1',195 lbs,R,R,66,Chicago Cubs,CHC,1936,1921-1945,,86254,Bronze,All-Star Week - Historical All-Star  C Gabby Hartnett  CHC  1936,0,Y,5,104,82,94,70,88,93,59,138,87,100,108,88,84,65,85,66,54,Normal,Spray,Spray,1,1,1,4,1,1,1,4,1,1,1,4,16,-,-,-,-,-,-,-,-,-,-,-,1,NEU,89-91,OTT,Normal,1,6,76,67,111,3,2,4,10,2,1,10,-,94,-,-,-,-,-,-,-,-,94,-,-,-,-,-,-,-,28,5,6,19,4,4,19,19,5,4,0,1,0,3,1,0,0,0,0,0,0,3,0,1.8,-0.24,1,-0.5,-0.0,3.68,0,0,0.0,-0.0,0,0,0,0,0,0,0,0.0,0,0,0,0,0,0,0,0,0,0,0,0,0,0,0,0,0,0,0,0,0,0.00,0,0,0,0,0,0.0,0.0,0.0,0.00,4,4,21,4,17,0,0,0,5.06,-0.4,.800,0,0,37.1,0,15,5,4,0,0,0,0,1,0,0,0,0.0,0.0
C,Gabby Hartnett,Gabby,Hartnett,Canterbury Tails,6' 1',195 lbs,R,R,66,Chicago Cubs,CHC,1936,1921-1945,,86254,Bronze,All-Star Week - Historical All-Star  C Gabby Hartnett  CHC  1936,0,N,0,96,75,87,64,81,86,54,128,80,92,100,81,77,59,78,66,54,Normal,Spray,Spray,1,1,1,2,1,1,1,2,1,1,1,2,16,-,-,-,-,-,-,-,-,-,-,-,1,NEU,89-91,OTT,Normal,1,6,76,67,111,3,2,4,10,2,1,10,-,88,-,-,-,-,-,-,-,-,88,-,-,-,-,-,-,-,28,5,6,19,6,4,19,16,3,3,0,0,0,0,1,3,1,0,0,0,0,1,0,1.1,-0.16,0,-1.4,-0.1,3.37,0,0,0.0,-0.4,0,0,0,0,0,0,0,0.0,0,0,0,0,0,0,0,0,0,0,0,0,0,0,0,0,0,0,0,0,0,0.00,0,0,0,0,0,0.0,0.0,0.0,0.00,4,4,26,1,25,0,0,0,6.50,-0.0,1.043,0,0,36.0,0,10,3,3,1,0,0,0,0,0,0,0,-0.1,0.0
C,Gabby Hartnett,Gabby,Hartnett,King Street 504s,6' 1',195 lbs,R,R,66,Chicago Cubs,CHC,1936,1921-1945,,86254,Bronze,All-Star Week - Historical All-Star  C Gabby Hartnett  CHC  1936,0,N,0,96,75,87,64,81,86,54,128,80,92,100,81,77,59,78,66,54,Normal,Spray,Spray,1,1,1,2,1,1,1,2,1,1,1,2,16,-,-,-,-,-,-,-,-,-,-,-,1,NEU,89-91,OTT,Normal,1,6,76,67,111,3,2,4,10,2,1,10,-,88,-,-,-,-,-,-,-,-,88,-,-,-,-,-,-,-,28,5,6,19,4,3,14,12,1,1,0,0,0,1,0,2,0,0,0,0,0,4,2,0.1,-0.17,0,-1.6,-0.1,3.64,0,0,0.0,0.0,0,0,0,0,0,0,0,0.0,0,0,0,0,0,0,0,0,0,0,0,0,0,0,0,0,0,0,0,0,0,0.00,0,0,0,0,0,0.0,0.0,0.0,0.00,3,3,14,1,12,1,2,0,4.33,0.0,.000,1,1,27.0,0,11,0,0,1,0,0,0,0,0,0,0,-0.1,0.0
C,Gabby Hartnett,Gabby,Hartnett,Out of Left Field,6' 1',195 lbs,R,R,66,Chicago Cubs,CHC,1936,1921-1945,,86254,Bronze,All-Star Week - Historical All-Star  C Gabby Hartnett  CHC  1936,0,N,0,96,75,87,64,81,86,54,128,80,92,100,81,77,59,78,66,54,Normal,Spray,Spray,1,1,1,2,1,1,1,2,1,1,1,2,16,-,-,-,-,-,-,-,-,-,-,-,1,NEU,89-91,OTT,Normal,1,6,76,67,111,3,2,4,10,2,1,10,-,88,-,-,-,-,-,-,-,-,88,-,-,-,-,-,-,-,28,5,6,19,21,21,87,83,25,17,2,5,1,17,8,3,0,0,0,1,0,17,1,12.8,1.31,13,2.7,0.6,3.89,0,0,0.0,-0.7,0,0,0,0,0,0,0,0.0,0,0,0,0,0,0,0,0,0,0,0,0,0,0,0,0,0,0,0,0,0,0.00,0,0,0,0,0,0.0,0.0,0.0,0.00,21,21,118,13,104,1,2,0,5.50,0.0,1.043,2,1,191.1,2,79,18,17,2,1,0,0,0,0,0,0,-0.3,0.0
C,Gabby Hartnett,Gabby,Hartnett,Tegridy Farms Weed,6' 1',195 lbs,R,R,66,Chicago Cubs,CHC,1936,1921-1945,,86254,Bronze,All-Star Week - Historical All-Star  C Gabby Hartnett  CHC  1936,0,N,0,96,75,87,64,81,86,54,128,80,92,100,81,77,59,78,66,54,Normal,Spray,Spray,1,1,1,2,1,1,1,2,1,1,1,2,16,-,-,-,-,-,-,-,-,-,-,-,1,NEU,89-91,OTT,Normal,1,6,76,67,111,3,2,4,10,2,1,10,-,88,-,-,-,-,-,-,-,-,88,-,-,-,-,-,-,-,28,5,6,19,7,7,25,24,6,3,1,2,0,1,4,1,0,0,0,0,0,4,0,3.2,-0.21,3,0.2,0.1,3.12,0,0,0.0,0.1,0,0,0,0,0,0,0,0.0,0,0,0,0,0,0,0,0,0,0,0,0,0,0,0,0,0,0,0,0,0,0.00,0,0,0,0,0,0.0,0.0,0.0,0.00,4,4,20,1,19,0,0,0,5.19,-0.3,1.043,0,0,34.2,1,18,4,3,0,0,0,0,0,0,0,0,0.0,0.0
C,Gabby Hartnett,Gabby,Hartnett,Narragansett Wave,6' 1',195 lbs,R,R,66,Chicago Cubs,CHC,1936,1921-1945,,86254,Bronze,All-Star Week - Historical All-Star  C Gabby Hartnett  CHC  1936,0,N,0,96,75,87,64,81,86,54,128,80,92,100,81,77,59,78,66,54,Normal,Spray,Spray,1,1,1,2,1,1,1,2,1,1,1,2,16,-,-,-,-,-,-,-,-,-,-,-,1,NEU,89-91,OTT,Normal,1,6,76,67,111,3,2,4,10,2,1,10,-,88,-,-,-,-,-,-,-,-,88,-,-,-,-,-,-,-,28,5,6,19,5,5,23,20,6,4,0,2,0,4,3,2,0,0,1,0,0,2,1,3.4,-0.05,3,0.9,0.2,3.35,0,0,0.0,-0.0,0,0,0,0,0,0,0,0.0,0,0,0,0,0,0,0,0,0,0,0,0,0,0,0,0,0,0,0,0,0,0.00,0,0,0,0,0,0.0,0.0,0.0,0.00,5,5,26,1,25,0,0,0,5.44,0.2,1.043,0,0,43.0,0,24,2,2,0,0,0,0,0,0,0,0,0.0,0.0
C,Gabby Hartnett,Gabby,Hartnett,Michigan Black Bears,6' 1',195 lbs,R,R,66,Chicago Cubs,CHC,1936,1921-1945,,86254,Bronze,All-Star Week - Historical All-Star  C Gabby Hartnett  CHC  1936,0,N,0,96,75,87,64,81,86,54,128,80,92,100,81,77,59,78,66,54,Normal,Spray,Spray,1,1,1,2,1,1,1,2,1,1,1,2,16,-,-,-,-,-,-,-,-,-,-,-,1,NEU,89-91,OTT,Normal,1,6,76,67,111,3,2,4,10,2,1,10,-,88,-,-,-,-,-,-,-,-,88,-,-,-,-,-,-,-,28,5,6,19,15,15,62,58,20,12,3,1,4,19,12,3,0,0,1,0,0,10,1,13.6,0.66,13,6.1,1.0,3.39,0,0,0.0,0.5,0,0,0,0,0,0,0,0.0,0,0,0,0,0,0,0,0,0,0,0,0,0,0,0,0,0,0,0,0,0,0.00,0,0,0,0,0,0.0,0.0,0.0,0.00,15,15,84,1,83,0,0,0,5.64,0.2,1.043,0,0,134.0,1,45,4,4,0,0,0,0,0,0,0,0,-0.3,0.0
C,Johnny Hayes,Johnny,Hayes,Statesville Shadowcats,5' 10',195 lbs,L,R,69,New York Black Yankees,NYBY,1940,1921-1945,,84471,Bronze,Negro League Star  C Johnny Hayes  NYBY  1940,0,N,0,60,53,67,105,88,60,52,66,104,85,61,54,68,106,89,68,64,Normal,Pull,Spray,1,1,19,2,1,1,18,2,1,1,20,2,16,-,-,-,-,-,-,-,-,-,-,-,1,NEU,90-92,3/4,Normal,1,12,68,68,66,2,5,2,9,75,62,62,-,65,-,-,-,-,-,63,77,-,65,-,-,-,-,-,63,77,48,22,64,49,1,1,4,3,1,1,0,0,0,0,1,1,0,0,0,0,0,1,0,0.6,0.09,0,0.3,0.1,4.25,0,0,0.0,0.1,0,0,0,0,0,0,0,0.0,0,0,0,0,0,0,0,0,0,0,0,0,0,0,0,0,0,0,0,0,0,0.00,0,0,0,0,0,0.0,0.0,0.0,0.00,1,1,8,0,8,0,0,0,8.00,0.0,.000,0,0,9.0,0,7,0,0,0,0,0,0,0,0,0,0,-0.1,0.0
C,Johnny Hayes,Johnny,Hayes,Deep 13 Mad Scientists,5' 10',195 lbs,L,R,69,New York Black Yankees,NYBY,1940,1921-1945,,84471,Bronze,Negro League Star  C Johnny Hayes  NYBY  1940,0,N,0,60,53,67,105,88,60,52,66,104,85,61,54,68,106,89,68,64,Normal,Pull,Spray,1,1,19,2,1,1,18,2,1,1,20,2,16,-,-,-,-,-,-,-,-,-,-,-,1,NEU,90-92,3/4,Normal,1,12,68,68,66,2,5,2,9,75,62,62,-,65,-,-,-,-,-,63,77,-,65,-,-,-,-,-,63,77,48,22,64,49,7,5,28,27,6,3,3,0,0,1,4,1,1,0,0,0,0,1,1,1.9,-0.53,1,-1.6,-0.0,3.00,0,0,0.0,0.2,0,0,0,0,0,0,0,0.0,0,0,0,0,0,0,0,0,0,0,0,0,0,0,0,0,0,0,0,0,0,0.00,0,0,0,0,0,0.0,0.0,0.0,0.00,5,5,41,2,39,0,0,0,6.25,-0.1,.695,0,0,59.0,1,12,4,3,0,0,1,1,0,0,0,0,-0.1,0.0
C,Johnny Hayes,Johnny,Hayes,San Francisco Seals,5' 10',195 lbs,L,R,69,New York Black Yankees,NYBY,1940,1921-1945,,84471,Bronze,Negro League Star  C Johnny Hayes  NYBY  1940,0,N,0,60,53,67,105,88,60,52,66,104,85,61,54,68,106,89,68,64,Normal,Pull,Spray,1,1,19,2,1,1,18,2,1,1,20,2,16,-,-,-,-,-,-,-,-,-,-,-,1,NEU,90-92,3/4,Normal,1,12,68,68,66,2,5,2,9,75,62,62,-,65,-,-,-,-,-,63,77,-,65,-,-,-,-,-,63,77,48,22,64,49,7,6,25,22,6,3,2,0,1,4,3,3,0,0,0,0,0,2,0,4.2,0.06,4,1.4,0.3,3.96,0,0,0.0,-0.2,0,0,0,0,0,0,0,0.0,0,0,0,0,0,0,0,0,0,0,0,0,0,0,0,0,0,0,0,0,0,0.00,0,0,0,0,0,0.0,0.0,0.0,0.00,7,6,33,0,33,0,0,0,5.21,0.7,1.189,1,0,57.0,1,15,8,8,2,2,0,0,2,1,1,0,-0.1,0.0
C,Johnny Hayes,Johnny,Hayes,Ungentlemanly Fightin' Fellows TTC,5' 10',195 lbs,L,R,69,New York Black Yankees,NYBY,1940,1921-1945,,84471,Bronze,Negro League Star  C Johnny Hayes  NYBY  1940,0,N,0,60,53,67,105,88,60,52,66,104,85,61,54,68,106,89,68,64,Normal,Pull,Spray,1,1,19,2,1,1,18,2,1,1,20,2,16,-,-,-,-,-,-,-,-,-,-,-,1,NEU,90-92,3/4,Normal,1,12,68,68,66,2,5,2,9,75,62,62,-,65,-,-,-,-,-,63,77,-,65,-,-,-,-,-,63,77,48,22,64,49,2,1,6,5,0,0,0,0,0,0,1,1,0,0,0,0,0,0,0,0.0,-0.06,0,-0.9,-0.2,4.00,0,0,0.0,-0.1,0,0,0,0,0,0,0,0.0,0,0,0,0,0,0,0,0,0,0,0,0,0,0,0,0,0,0,0,0,0,0.00,0,0,0,0,0,0.0,0.0,0.0,0.00,2,1,4,0,3,1,0,0,2.45,-1.3,.000,0,0,11.0,0,6,1,0,1,0,0,0,0,0,1,0,-0.1,0.0
C,Johnny Hayes,Johnny,Hayes,Huatulco Tacos,5' 10',195 lbs,L,R,69,New York Black Yankees,NYBY,1940,1921-1945,,84471,Bronze,Negro League Star  C Johnny Hayes  NYBY  1940,0,Y,5,66,58,73,114,96,66,57,72,113,92,67,59,74,115,97,68,64,Normal,Pull,Spray,1,1,22,4,1,1,21,4,1,1,23,4,16,-,-,-,-,-,-,-,-,-,-,-,1,NEU,90-92,3/4,Normal,1,12,68,68,66,2,5,2,9,75,62,62,-,70,-,-,-,-,-,68,83,-,70,-,-,-,-,-,68,83,48,22,64,49,2,1,5,5,1,1,0,0,0,0,0,0,0,0,0,0,0,1,0,0.2,-0.04,0,-0.5,-0.1,3.40,0,0,0.0,0.0,0,0,0,0,0,0,0,0.0,0,0,0,0,0,0,0,0,0,0,0,0,0,0,0,0,0,0,0,0,0,0.00,0,0,0,0,0,0.0,0.0,0.0,0.00,2,1,6,0,5,1,0,0,4.50,-0.2,.000,0,0,10.0,0,7,1,1,1,0,0,0,1,0,0,0,0.0,-0.1
C,Johnny Hayes,Johnny,Hayes,Port Townsend Wild Daphnes,5' 10',195 lbs,L,R,69,New York Black Yankees,NYBY,1940,1921-1945,,84471,Bronze,Negro League Star  C Johnny Hayes  NYBY  1940,0,N,0,60,53,67,105,88,60,52,66,104,85,61,54,68,106,89,68,64,Normal,Pull,Spray,1,1,19,2,1,1,18,2,1,1,20,2,16,-,-,-,-,-,-,-,-,-,-,-,1,NEU,90-92,3/4,Normal,1,12,68,68,66,2,5,2,9,75,62,62,-,65,-,-,-,-,-,63,77,-,65,-,-,-,-,-,63,77,48,22,64,49,20,15,59,54,9,7,1,0,1,7,5,3,0,1,1,0,0,10,1,3.0,-0.10,2,-4.4,0.0,3.78,0,0,0.0,-0.2,0,0,0,0,0,0,0,0.0,0,0,0,0,0,0,0,0,0,0,0,0,0,0,0,0,0,0,0,0,0,0.00,0,0,0,0,0,0.0,0.0,0.0,0.00,22,15,97,2,95,0,0,0,5.40,2.6,1.141,0,0,161.2,1,25,20,20,7,5,5,4,2,1,2,2,-0.1,0.3
C,Johnny Hayes,Johnny,Hayes,Aberfeldie Falcons,5' 10',195 lbs,L,R,69,New York Black Yankees,NYBY,1940,1921-1945,,84471,Bronze,Negro League Star  C Johnny Hayes  NYBY  1940,0,N,0,60,53,67,105,88,60,52,66,104,85,61,54,68,106,89,68,64,Normal,Pull,Spray,1,1,19,2,1,1,18,2,1,1,20,2,16,-,-,-,-,-,-,-,-,-,-,-,1,NEU,90-92,3/4,Normal,1,12,68,68,66,2,5,2,9,75,62,62,-,65,-,-,-,-,-,63,77,-,65,-,-,-,-,-,63,77,48,22,64,49,2,,2,1,0,0,0,0,0,0,0,1,0,0,0,0,0,0,0,0.1,-0.10,0,0.1,0.0,4.00,0,0,0.0,0.0,0,0,0,0,0,0,0,0.0,0,0,0,0,0,0,0,0,0,0,0,0,0,0,0,0,0,0,0,0,0,0.00,0,0,0,0,0,0.0,0.0,0.0,0.00,1,0,0,0,0,0,0,0,0.00,0.0,.000,0,0,1.0,0,0,0,0,0,0,0,0,0,0,0,0,0.0,0.0
C,Johnny Hayes,Johnny,Hayes,Brentwood Senators,5' 10',195 lbs,L,R,69,New York Black Yankees,NYBY,1940,1921-1945,,84471,Bronze,Negro League Star  C Johnny Hayes  NYBY  1940,0,N,0,60,53,67,105,88,60,52,66,104,85,61,54,68,106,89,68,64,Normal,Pull,Spray,1,1,19,2,1,1,18,2,1,1,20,2,16,-,-,-,-,-,-,-,-,-,-,-,1,NEU,90-92,3/4,Normal,1,12,68,68,66,2,5,2,9,75,62,62,-,65,-,-,-,-,-,63,77,-,65,-,-,-,-,-,63,77,48,22,64,49,1,1,5,3,0,0,0,0,0,0,1,1,0,0,1,0,0,1,0,0.2,-0.08,0,-0.7,-0.1,4.40,0,0,0.0,0.0,0,0,0,0,0,0,0,0.0,0,0,0,0,0,0,0,0,0,0,0,0,0,0,0,0,0,0,0,0,0,0.00,0,0,0,0,0,0.0,0.0,0.0,0.00,1,1,5,1,4,0,1,0,5.00,0.0,.000,0,0,9.0,0,6,0,0,0,0,0,0,0,0,0,0,-0.1,0.0
C,Johnny Hayes,Johnny,Hayes,Aurora Highlanders,5' 10',195 lbs,L,R,69,New York Black Yankees,NYBY,1940,1921-1945,,84471,Bronze,Negro League Star  C Johnny Hayes  NYBY  1940,0,N,0,60,53,67,105,88,60,52,66,104,85,61,54,68,106,89,68,64,Normal,Pull,Spray,1,1,19,2,1,1,18,2,1,1,20,2,16,-,-,-,-,-,-,-,-,-,-,-,1,NEU,90-92,3/4,Normal,1,12,68,68,66,2,5,2,9,75,62,62,-,65,-,-,-,-,-,63,77,-,65,-,-,-,-,-,63,77,48,22,64,49,3,1,7,7,1,1,0,0,0,0,0,0,0,0,0,0,0,2,0,0.1,-0.16,0,-1.0,-0.0,3.29,0,0,0.0,0.0,0,0,0,0,0,0,0,0.0,0,0,0,0,0,0,0,0,0,0,0,0,0,0,0,0,0,0,0,0,0,0.00,0,0,0,0,0,0.0,0.0,0.0,0.00,3,1,12,2,10,0,0,0,6.11,0.3,1.032,1,1,17.2,0,6,2,2,1,1,0,0,0,0,0,0,0.0,0.0
C,Johnny Hayes,Johnny,Hayes,Columbus Evil Squirrels,5' 10',195 lbs,L,R,69,New York Black Yankees,NYBY,1940,1921-1945,,84471,Bronze,Negro League Star  C Johnny Hayes  NYBY  1940,0,N,0,60,53,67,105,88,60,52,66,104,85,61,54,68,106,89,68,64,Normal,Pull,Spray,1,1,19,2,1,1,18,2,1,1,20,2,16,-,-,-,-,-,-,-,-,-,-,-,1,NEU,90-92,3/4,Normal,1,12,68,68,66,2,5,2,9,75,62,62,-,65,-,-,-,-,-,63,77,-,65,-,-,-,-,-,63,77,48,22,64,49,2,1,3,2,0,0,0,0,0,0,1,1,0,0,0,0,0,1,0,0.1,-0.05,0,-0.2,-0.0,4.67,0,0,0.0,-0.1,0,0,0,0,0,0,0,0.0,0,0,0,0,0,0,0,0,0,0,0,0,0,0,0,0,0,0,0,0,0,0.00,0,0,0,0,0,0.0,0.0,0.0,0.00,2,1,5,0,5,0,0,0,5.00,0.0,.000,0,0,9.0,0,9,1,1,0,0,0,0,0,0,0,0,0.0,0.0
C,Johnny Hayes,Johnny,Hayes,Bismarck Blizzard,5' 10',195 lbs,L,R,69,New York Black Yankees,NYBY,1940,1921-1945,,84471,Bronze,Negro League Star  C Johnny Hayes  NYBY  1940,0,N,0,60,53,67,105,88,60,52,66,104,85,61,54,68,106,89,68,64,Normal,Pull,Spray,1,1,19,2,1,1,18,2,1,1,20,2,16,-,-,-,-,-,-,-,-,-,-,-,1,NEU,90-92,3/4,Normal,1,12,68,68,66,2,5,2,9,75,62,62,-,65,-,-,-,-,-,63,77,-,65,-,-,-,-,-,63,77,48,22,64,49,2,1,5,4,1,1,0,0,0,0,0,1,0,0,0,0,0,1,0,0.5,0.01,0,0.1,0.0,3.20,0,0,0.0,0.0,0,0,0,0,0,0,0,0.0,0,0,0,0,0,0,0,0,0,0,0,0,0,0,0,0,0,0,0,0,0,0.00,0,0,0,0,0,0.0,0.0,0.0,0.00,2,1,8,0,8,0,0,0,5.54,0.2,1.027,0,0,13.0,0,4,1,1,1,1,0,0,0,0,0,0,0.0,0.0
C,Johnny Hayes,Johnny,Hayes,Columbus Fire Ants,5' 10',195 lbs,L,R,69,New York Black Yankees,NYBY,1940,1921-1945,,84471,Bronze,Negro League Star  C Johnny Hayes  NYBY  1940,0,N,0,60,53,67,105,88,60,52,66,104,85,61,54,68,106,89,68,64,Normal,Pull,Spray,1,1,19,2,1,1,18,2,1,1,20,2,16,-,-,-,-,-,-,-,-,-,-,-,1,NEU,90-92,3/4,Normal,1,12,68,68,66,2,5,2,9,75,62,62,-,65,-,-,-,-,-,63,77,-,65,-,-,-,-,-,63,77,48,22,64,49,5,3,10,9,2,2,0,0,0,0,0,0,0,1,0,0,0,2,0,0.7,-0.03,0,-0.4,0.0,3.40,0,0,0.0,0.0,0,0,0,0,0,0,0,0.0,0,0,0,0,0,0,0,0,0,0,0,0,0,0,0,0,0,0,0,0,0,0.00,0,0,0,0,0,0.0,0.0,0.0,0.00,4,3,13,2,11,0,0,0,4.18,0.3,1.038,0,0,28.0,0,12,1,1,2,2,0,0,0,0,0,0,0.0,0.0
C,Johnny Hayes,Johnny,Hayes,Moncton Mosquitos,5' 10',195 lbs,L,R,69,New York Black Yankees,NYBY,1940,1921-1945,,84471,Bronze,Negro League Star  C Johnny Hayes  NYBY  1940,0,N,0,60,53,67,105,88,60,52,66,104,85,61,54,68,106,89,68,64,Normal,Pull,Spray,1,1,19,2,1,1,18,2,1,1,20,2,16,-,-,-,-,-,-,-,-,-,-,-,1,NEU,90-92,3/4,Normal,1,12,68,68,66,2,5,2,9,75,62,62,-,65,-,-,-,-,-,63,77,-,65,-,-,-,-,-,63,77,48,22,64,49,3,1,6,6,1,0,0,0,1,1,1,0,0,0,0,0,0,1,0,0.7,0.04,0,0.2,0.0,4.50,0,0,0.0,0.0,0,0,0,0,0,0,0,0.0,0,0,0,0,0,0,0,0,0,0,0,0,0,0,0,0,0,0,0,0,0,0.00,0,0,0,0,0,0.0,0.0,0.0,0.00,3,1,10,0,10,0,0,0,6.14,0.1,.000,0,0,14.2,0,7,2,2,0,0,0,0,0,0,0,0,0.0,0.0
C,Johnny Hayes,Johnny,Hayes,Honolulu Warriors - HotL,5' 10',195 lbs,L,R,69,New York Black Yankees,NYBY,1940,1921-1945,,84471,Bronze,Negro League Star  C Johnny Hayes  NYBY  1940,0,N,0,60,53,67,105,88,60,52,66,104,85,61,54,68,106,89,68,64,Normal,Pull,Spray,1,1,19,2,1,1,18,2,1,1,20,2,16,-,-,-,-,-,-,-,-,-,-,-,1,NEU,90-92,3/4,Normal,1,12,68,68,66,2,5,2,9,75,62,62,-,65,-,-,-,-,-,63,77,-,65,-,-,-,-,-,63,77,48,22,64,49,6,3,16,16,7,5,2,0,0,3,1,0,0,0,0,0,0,4,0,3.9,0.10,3,1.7,0.3,3.88,0,0,0.0,0.2,0,0,0,0,0,0,0,0.0,0,0,0,0,0,0,0,0,0,0,0,0,0,0,0,0,0,0,0,0,0,0.00,0,0,0,0,0,0.0,0.0,0.0,0.00,6,3,28,0,28,0,0,0,6.69,0.1,.000,0,0,37.2,0,19,1,1,0,0,0,0,0,0,0,0,0.0,0.0
C,Johnny Hayes,Johnny,Hayes,PNW Wild Stallions,5' 10',195 lbs,L,R,69,New York Black Yankees,NYBY,1940,1921-1945,,84471,Bronze,Negro League Star  C Johnny Hayes  NYBY  1940,0,N,0,60,53,67,105,88,60,52,66,104,85,61,54,68,106,89,68,64,Normal,Pull,Spray,1,1,19,2,1,1,18,2,1,1,20,2,16,-,-,-,-,-,-,-,-,-,-,-,1,NEU,90-92,3/4,Normal,1,12,68,68,66,2,5,2,9,75,62,62,-,65,-,-,-,-,-,63,77,-,65,-,-,-,-,-,63,77,48,22,64,49,4,2,7,7,1,1,0,0,0,0,0,0,0,0,0,0,0,0,1,0.0,-0.16,0,-1.0,-0.1,4.14,0,0,0.0,0.0,0,0,0,0,0,0,0,0.0,0,0,0,0,0,0,0,0,0,0,0,0,0,0,0,0,0,0,0,0,0,0.00,0,0,0,0,0,0.0,0.0,0.0,0.00,4,2,12,0,12,0,0,0,4.91,-0.2,.000,0,0,22.0,0,5,2,1,0,0,0,0,0,0,0,0,0.0,0.0
C,Johnny Hayes,Johnny,Hayes,Moonsault Collective MCs,5' 10',195 lbs,L,R,69,New York Black Yankees,NYBY,1940,1921-1945,,84471,Bronze,Negro League Star  C Johnny Hayes  NYBY  1940,0,N,0,60,53,67,105,88,60,52,66,104,85,61,54,68,106,89,68,64,Normal,Pull,Spray,1,1,19,2,1,1,18,2,1,1,20,2,16,-,-,-,-,-,-,-,-,-,-,-,1,NEU,90-92,3/4,Normal,1,12,68,68,66,2,5,2,9,75,62,62,-,65,-,-,-,-,-,63,77,-,65,-,-,-,-,-,63,77,48,22,64,49,3,3,12,12,4,3,0,0,1,1,1,0,0,0,0,0,0,1,0,2.3,0.04,2,0.9,0.2,3.08,0,0,0.0,0.2,0,0,0,0,0,0,0,0.0,0,0,0,0,0,0,0,0,0,0,0,0,0,0,0,0,0,0,0,0,0,0.00,0,0,0,0,0,0.0,0.0,0.0,0.00,3,3,10,2,8,0,0,0,3.33,0.1,1.043,0,0,27.0,0,6,2,2,0,0,0,0,0,0,0,0,-0.1,0.0
C,Johnny Hayes,Johnny,Hayes,Indiana Rhubarbs,5' 10',195 lbs,L,R,69,New York Black Yankees,NYBY,1940,1921-1945,,84471,Bronze,Negro League Star  C Johnny Hayes  NYBY  1940,0,N,0,60,53,67,105,88,60,52,66,104,85,61,54,68,106,89,68,64,Normal,Pull,Spray,1,1,19,2,1,1,18,2,1,1,20,2,16,-,-,-,-,-,-,-,-,-,-,-,1,NEU,90-92,3/4,Normal,1,12,68,68,66,2,5,2,9,75,62,62,-,65,-,-,-,-,-,63,77,-,65,-,-,-,-,-,63,77,48,22,64,49,3,2,22,19,13,11,1,0,1,9,12,3,0,0,0,0,0,1,0,13.3,0.30,9,6.8,0.8,3.68,1,0,0.3,0.1,0,0,0,0,0,0,0,0.0,0,0,0,0,0,0,0,0,0,0,0,0,0,0,0,0,0,0,0,0,0,0.00,0,0,0,0,0,0.0,0.0,0.0,0.00,4,2,25,0,25,0,0,0,8.44,0.2,1.019,0,0,26.2,0,4,2,2,2,2,1,0,0,0,0,0,0.0,-0.1
C,Johnny Hayes,Johnny,Hayes,Narragansett Wave,5' 10',195 lbs,L,R,69,New York Black Yankees,NYBY,1940,1921-1945,,84471,Bronze,Negro League Star  C Johnny Hayes  NYBY  1940,0,N,0,60,53,67,105,88,60,52,66,104,85,61,54,68,106,89,68,64,Normal,Pull,Spray,1,1,19,2,1,1,18,2,1,1,20,2,16,-,-,-,-,-,-,-,-,-,-,-,1,NEU,90-92,3/4,Normal,1,12,68,68,66,2,5,2,9,75,62,62,-,65,-,-,-,-,-,63,77,-,65,-,-,-,-,-,63,77,48,22,64,49,1,1,3,3,1,1,0,0,0,0,1,0,0,0,0,0,0,0,0,0.3,-0.07,0,-0.0,0.0,3.33,0,0,0.0,-0.0,0,0,0,0,0,0,0,0.0,0,0,0,0,0,0,0,0,0,0,0,0,0,0,0,0,0,0,0,0,0,0.00,0,0,0,0,0,0.0,0.0,0.0,0.00,1,1,6,0,6,0,0,0,6.00,0.0,.000,0,0,9.0,0,4,0,0,0,0,0,0,0,0,0,0,-0.1,0.0
C,Johnny Hayes,Johnny,Hayes,Patchogue Pirates,5' 10',195 lbs,L,R,69,New York Black Yankees,NYBY,1940,1921-1945,,84471,Bronze,Negro League Star  C Johnny Hayes  NYBY  1940,0,N,0,60,53,67,105,88,60,52,66,104,85,61,54,68,106,89,68,64,Normal,Pull,Spray,1,1,19,2,1,1,18,2,1,1,20,2,16,-,-,-,-,-,-,-,-,-,-,-,1,NEU,90-92,3/4,Normal,1,12,68,68,66,2,5,2,9,75,62,62,-,65,-,-,-,-,-,63,77,-,65,-,-,-,-,-,63,77,48,22,64,49,8,3,15,13,1,1,0,0,0,0,1,2,0,0,0,0,0,4,0,0.3,-0.15,0,-1.8,-0.1,3.80,0,0,0.0,0.1,0,0,0,0,0,0,0,0.0,0,0,0,0,0,0,0,0,0,0,0,0,0,0,0,0,0,0,0,0,0,0.00,0,0,0,0,0,0.0,0.0,0.0,0.00,9,3,27,1,26,0,0,0,6.51,0.3,1.024,0,0,37.1,0,12,3,3,1,1,2,1,0,0,0,0,-0.1,-0.3
C,Johnny Hayes,Johnny,Hayes,Transylvania Counts,5' 10',195 lbs,L,R,69,New York Black Yankees,NYBY,1940,1921-1945,,84471,Bronze,Negro League Star  C Johnny Hayes  NYBY  1940,0,N,0,60,53,67,105,88,60,52,66,104,85,61,54,68,106,89,68,64,Normal,Pull,Spray,1,1,19,2,1,1,18,2,1,1,20,2,16,-,-,-,-,-,-,-,-,-,-,-,1,NEU,90-92,3/4,Normal,1,12,68,68,66,2,5,2,9,75,62,62,-,65,-,-,-,-,-,63,77,-,65,-,-,-,-,-,63,77,48,22,64,49,2,1,5,4,0,0,0,0,0,0,1,1,0,0,0,0,0,0,1,0.0,-0.09,0,-0.7,-0.0,4.60,0,0,0.0,0.0,0,0,0,0,0,0,0,0.0,0,0,0,0,0,0,0,0,0,0,0,0,0,0,0,0,0,0,0,0,0,0.00,0,0,0,0,0,0.0,0.0,0.0,0.00,2,1,7,2,5,0,0,0,5.73,0.2,1.043,0,0,11.0,0,10,1,1,0,0,1,1,0,0,0,0,0.0,0.0
C,Bill Salkeld,Bill,Salkeld,Newport News Dodgers_TTC,5' 10',190 lbs,L,R,61,Boston Braves,ATL,1949,1946-1960,,83630,Bronze,Snapshot  C Bill Salkeld  BSN  1949,0,Y,5,77,39,88,147,54,19,13,13,141,29,88,46,100,149,63,51,10,Normal,Pull,Pull,1,1,9,4,1,1,1,4,1,1,15,4,16,-,-,-,-,-,-,-,-,-,-,-,1,NEU,89-91,OTT,Normal,1,13,65,54,46,10,5,4,5,8,3,2,-,53,-,-,-,-,-,-,-,13,53,-,-,-,-,-,-,-,39,20,58,40,4,2,10,8,1,0,1,0,0,0,0,2,0,0,0,0,0,2,0,0.8,-0.16,0,-0.3,0.0,4.00,0,0,0.0,0.0,0,0,0,0,0,0,0,0.0,0,0,0,0,0,0,0,0,0,0,0,0,0,0,0,0,0,0,0,0,0,0.00,0,0,0,0,0,0.0,0.0,0.0,0.00,2,2,2,0,2,0,0,0,1.00,-0.1,.000,1,0,18.0,0,3,0,0,0,0,0,0,0,0,0,0,0.0,0.0
C,Bill Salkeld,Bill,Salkeld,The Colony Lynx,5' 10',190 lbs,L,R,61,Boston Braves,ATL,1949,1946-1960,,83630,Bronze,Snapshot  C Bill Salkeld  BSN  1949,0,N,0,71,35,81,136,49,16,10,10,131,25,81,41,92,138,57,51,10,Normal,Pull,Pull,1,1,7,2,1,1,1,2,1,1,12,2,16,-,-,-,-,-,-,-,-,-,-,-,1,NEU,89-91,OTT,Normal,1,13,65,54,46,10,5,4,5,8,3,2,-,49,-,-,-,-,-,-,-,12,49,-,-,-,-,-,-,-,39,20,58,40,2,1,5,5,0,0,0,0,0,0,0,0,0,0,0,0,0,1,0,0.0,-0.16,0,-1.2,-0.1,2.80,0,0,0.0,0.0,0,0,0,0,0,0,0,0.0,0,0,0,0,0,0,0,0,0,0,0,0,0,0,0,0,0,0,0,0,0,0.00,0,0,0,0,0,0.0,0.0,0.0,0.00,1,1,4,0,4,0,0,0,4.50,-0.1,.000,1,0,8.0,0,5,0,0,0,0,0,0,0,0,0,0,0.0,0.0
C,Ray Schalk,Ray,Schalk,Statesville Shadowcats,5' 9',165 lbs,R,R,68,Chicago White Sox,CHW,1925,1921-1945,,83583,Bronze,Snapshot  C Ray Schalk  CWS  1925,0,N,0,81,68,8,119,61,41,55,8,140,73,90,72,8,113,54,58,55,Groundball,Normal,Normal,1,1,3,4,1,1,1,4,1,1,5,4,16,-,-,-,-,-,-,-,-,-,-,-,1,NEU,90-92,3/4,Normal,1,6,73,72,110,4,9,7,10,9,1,5,-,88,-,-,-,-,-,-,-,5,88,-,-,-,-,-,-,-,38,57,75,43,4,4,14,12,4,4,0,0,0,0,1,2,0,0,0,0,0,4,0,1.9,-0.15,2,0.6,0.1,4.14,0,0,0.0,-0.3,0,0,0,0,0,0,0,0.0,0,0,0,0,0,0,0,0,0,0,0,0,0,0,0,0,0,0,0,0,0,0.00,0,0,0,0,0,0.0,0.0,0.0,0.00,4,4,29,0,29,0,0,0,7.68,-0.1,.000,0,0,34.0,0,19,2,1,0,0,0,0,0,0,0,0,0.0,0.0
C,Ray Schalk,Ray,Schalk,San Francisco Seals,5' 9',165 lbs,R,R,68,Chicago White Sox,CHW,1925,1921-1945,,83583,Bronze,Snapshot  C Ray Schalk  CWS  1925,0,N,0,81,68,8,119,61,41,55,8,140,73,90,72,8,113,54,58,55,Groundball,Normal,Normal,1,1,3,4,1,1,1,4,1,1,5,4,16,-,-,-,-,-,-,-,-,-,-,-,1,NEU,90-92,3/4,Normal,1,6,73,72,110,4,9,7,10,9,1,5,-,88,-,-,-,-,-,-,-,5,88,-,-,-,-,-,-,-,38,57,75,43,10,10,41,38,4,4,0,0,0,2,1,3,0,0,0,0,0,7,0,0.8,-0.39,0,-5.4,-0.3,3.68,0,0,0.0,-0.0,0,0,0,0,0,0,0,0.0,0,0,0,0,0,0,0,0,0,0,0,0,0,0,0,0,0,0,0,0,0,0.00,0,0,0,0,0,0.0,0.0,0.0,0.00,10,10,63,3,60,0,1,0,5.97,0.4,1.043,0,0,95.0,0,31,6,6,0,0,0,0,0,0,0,0,-0.1,0.0
C,Ray Schalk,Ray,Schalk,Jinzhou Speedster,5' 9',165 lbs,R,R,68,Chicago White Sox,CHW,1925,1921-1945,,83583,Bronze,Snapshot  C Ray Schalk  CWS  1925,0,N,0,81,68,8,119,61,41,55,8,140,73,90,72,8,113,54,58,55,Groundball,Normal,Normal,1,1,3,4,1,1,1,4,1,1,5,4,16,-,-,-,-,-,-,-,-,-,-,-,1,NEU,90-92,3/4,Normal,1,6,73,72,110,4,9,7,10,9,1,5,-,88,-,-,-,-,-,-,-,5,88,-,-,-,-,-,-,-,38,57,75,43,5,5,19,17,5,4,1,0,0,1,1,2,0,0,0,0,0,4,0,2.4,0.06,2,0.4,0.2,3.95,0,0,0.0,0.0,0,0,0,0,0,0,0,0.0,0,0,0,0,0,0,0,0,0,0,0,0,0,0,0,0,0,0,0,0,0,0.00,0,0,0,0,0,0.0,0.0,0.0,0.00,5,5,29,5,24,0,1,0,5.84,0.4,1.565,3,2,44.2,0,17,4,4,0,0,0,0,0,0,0,0,-0.1,0.0
C,Ray Schalk,Ray,Schalk,Ungentlemanly Fightin' Fellows TTC,5' 9',165 lbs,R,R,68,Chicago White Sox,CHW,1925,1921-1945,,83583,Bronze,Snapshot  C Ray Schalk  CWS  1925,0,N,0,81,68,8,119,61,41,55,8,140,73,90,72,8,113,54,58,55,Groundball,Normal,Normal,1,1,3,4,1,1,1,4,1,1,5,4,16,-,-,-,-,-,-,-,-,-,-,-,1,NEU,90-92,3/4,Normal,1,6,73,72,110,4,9,7,10,9,1,5,-,88,-,-,-,-,-,-,-,5,88,-,-,-,-,-,-,-,38,57,75,43,3,3,11,6,0,0,0,0,0,2,1,3,0,0,1,1,0,1,0,0.5,-0.04,0,-1.0,-0.1,3.09,0,0,0.0,-0.5,0,0,0,0,0,0,0,0.0,0,0,0,0,0,0,0,0,0,0,0,0,0,0,0,0,0,0,0,0,0,0.00,0,0,0,0,0,0.0,0.0,0.0,0.00,3,3,22,0,21,1,0,0,7.56,-0.4,.000,0,0,25.0,0,18,3,1,0,0,0,0,0,0,0,0,0.0,0.0
C,Ray Schalk,Ray,Schalk,Port Townsend Wild Daphnes,5' 9',165 lbs,R,R,68,Chicago White Sox,CHW,1925,1921-1945,,83583,Bronze,Snapshot  C Ray Schalk  CWS  1925,0,N,0,81,68,8,119,61,41,55,8,140,73,90,72,8,113,54,58,55,Groundball,Normal,Normal,1,1,3,4,1,1,1,4,1,1,5,4,16,-,-,-,-,-,-,-,-,-,-,-,1,NEU,90-92,3/4,Normal,1,6,73,72,110,4,9,7,10,9,1,5,-,88,-,-,-,-,-,-,-,5,88,-,-,-,-,-,-,-,38,57,75,43,27,27,94,79,14,10,3,1,0,9,13,11,0,2,1,1,0,19,0,6.5,0.26,7,-4.1,0.0,3.73,0,1,-0.5,0.0,0,0,0,0,0,0,0,0.0,0,0,0,0,0,0,0,0,0,0,0,0,0,0,0,0,0,0,0,0,0,0.00,0,0,0,0,0,0.0,0.0,0.0,0.00,27,27,172,7,163,2,1,0,6.46,0.1,.695,3,0,236.2,0,91,16,15,4,2,0,0,0,0,0,0,-0.3,0.0
C,Ray Schalk,Ray,Schalk,Aberfeldie Falcons,5' 9',165 lbs,R,R,68,Chicago White Sox,CHW,1925,1921-1945,,83583,Bronze,Snapshot  C Ray Schalk  CWS  1925,0,N,0,81,68,8,119,61,41,55,8,140,73,90,72,8,113,54,58,55,Groundball,Normal,Normal,1,1,3,4,1,1,1,4,1,1,5,4,16,-,-,-,-,-,-,-,-,-,-,-,1,NEU,90-92,3/4,Normal,1,6,73,72,110,4,9,7,10,9,1,5,-,88,-,-,-,-,-,-,-,5,88,-,-,-,-,-,-,-,38,57,75,43,4,4,15,15,7,5,2,0,0,2,0,0,0,0,0,0,0,3,0,4.2,-0.01,3,1.9,0.3,3.67,0,0,0.0,-0.0,0,0,0,0,0,0,0,0.0,0,0,0,0,0,0,0,0,0,0,0,0,0,0,0,0,0,0,0,0,0,0.00,0,0,0,0,0,0.0,0.0,0.0,0.00,4,4,27,0,27,0,0,0,7.36,0.1,1.043,0,0,33.0,0,24,1,1,0,0,0,0,0,0,0,0,0.0,0.0
C,Ray Schalk,Ray,Schalk,Brentwood Senators,5' 9',165 lbs,R,R,68,Chicago White Sox,CHW,1925,1921-1945,,83583,Bronze,Snapshot  C Ray Schalk  CWS  1925,0,N,0,81,68,8,119,61,41,55,8,140,73,90,72,8,113,54,58,55,Groundball,Normal,Normal,1,1,3,4,1,1,1,4,1,1,5,4,16,-,-,-,-,-,-,-,-,-,-,-,1,NEU,90-92,3/4,Normal,1,6,73,72,110,4,9,7,10,9,1,5,-,88,-,-,-,-,-,-,-,5,88,-,-,-,-,-,-,-,38,57,75,43,4,4,14,13,2,2,0,0,0,2,0,1,0,0,0,0,0,1,1,0.3,-0.23,0,-1.4,-0.1,4.57,0,0,0.0,0.0,0,0,0,0,0,0,0,0.0,0,0,0,0,0,0,0,0,0,0,0,0,0,0,0,0,0,0,0,0,0,0.00,0,0,0,0,0,0.0,0.0,0.0,0.00,4,4,24,2,21,1,0,0,6.09,-0.2,.695,1,0,34.0,0,11,4,3,0,0,0,0,0,0,0,0,-0.1,0.0
C,Ray Schalk,Ray,Schalk,Louisville Haymakers,5' 9',165 lbs,R,R,68,Chicago White Sox,CHW,1925,1921-1945,,83583,Bronze,Snapshot  C Ray Schalk  CWS  1925,0,N,0,81,68,8,119,61,41,55,8,140,73,90,72,8,113,54,58,55,Groundball,Normal,Normal,1,1,3,4,1,1,1,4,1,1,5,4,16,-,-,-,-,-,-,-,-,-,-,-,1,NEU,90-92,3/4,Normal,1,6,73,72,110,4,9,7,10,9,1,5,-,88,-,-,-,-,-,-,-,5,88,-,-,-,-,-,-,-,38,57,75,43,6,6,25,19,6,5,1,0,0,3,2,4,0,0,1,1,0,2,0,3.6,-0.04,3,0.7,0.2,3.96,0,0,0.0,0.3,0,0,0,0,0,0,0,0.0,0,0,0,0,0,0,0,0,0,0,0,0,0,0,0,0,0,0,0,0,0,0.00,0,0,0,0,0,0.0,0.0,0.0,0.00,6,6,35,0,35,0,0,0,6.10,-0.3,.000,0,0,51.2,2,26,1,1,0,0,0,0,0,0,0,0,0.0,0.0
C,Ray Schalk,Ray,Schalk,Columbus Fire Ants,5' 9',165 lbs,R,R,68,Chicago White Sox,CHW,1925,1921-1945,,83583,Bronze,Snapshot  C Ray Schalk  CWS  1925,0,N,0,81,68,8,119,61,41,55,8,140,73,90,72,8,113,54,58,55,Groundball,Normal,Normal,1,1,3,4,1,1,1,4,1,1,5,4,16,-,-,-,-,-,-,-,-,-,-,-,1,NEU,90-92,3/4,Normal,1,6,73,72,110,4,9,7,10,9,1,5,-,88,-,-,-,-,-,-,-,5,88,-,-,-,-,-,-,-,38,57,75,43,9,9,30,29,5,4,1,0,0,3,0,0,0,0,0,1,0,9,1,0.9,-0.28,0,-3.4,-0.2,3.77,0,0,0.0,-0.0,0,0,0,0,0,0,0,0.0,0,0,0,0,0,0,0,0,0,0,0,0,0,0,0,0,0,0,0,0,0,0.00,0,0,0,0,0,0.0,0.0,0.0,0.00,9,9,57,5,51,1,3,0,6.38,0.0,.522,1,1,79.0,1,29,5,5,1,0,0,0,0,0,0,0,-0.1,0.0
C,Ray Schalk,Ray,Schalk,Groundball Defenders,5' 9',165 lbs,R,R,68,Chicago White Sox,CHW,1925,1921-1945,,83583,Bronze,Snapshot  C Ray Schalk  CWS  1925,0,N,0,81,68,8,119,61,41,55,8,140,73,90,72,8,113,54,58,55,Groundball,Normal,Normal,1,1,3,4,1,1,1,4,1,1,5,4,16,-,-,-,-,-,-,-,-,-,-,-,1,NEU,90-92,3/4,Normal,1,6,73,72,110,4,9,7,10,9,1,5,-,88,-,-,-,-,-,-,-,5,88,-,-,-,-,-,-,-,38,57,75,43,10,10,40,36,6,5,1,0,0,0,5,3,0,0,1,0,0,7,0,1.9,-0.31,1,-3.5,-0.1,3.92,0,0,0.0,0.4,0,0,0,0,0,0,0,0.0,0,0,0,0,0,0,0,0,0,0,0,0,0,0,0,0,0,0,0,0,0,0.00,0,0,0,0,0,0.0,0.0,0.0,0.00,10,10,49,0,49,0,0,0,4.92,0.1,.000,1,0,89.2,0,37,0,0,0,0,0,0,0,0,0,0,0.0,0.0
C,Ray Schalk,Ray,Schalk,Honolulu Warriors - HotL,5' 9',165 lbs,R,R,68,Chicago White Sox,CHW,1925,1921-1945,,83583,Bronze,Snapshot  C Ray Schalk  CWS  1925,0,N,0,81,68,8,119,61,41,55,8,140,73,90,72,8,113,54,58,55,Groundball,Normal,Normal,1,1,3,4,1,1,1,4,1,1,5,4,16,-,-,-,-,-,-,-,-,-,-,-,1,NEU,90-92,3/4,Normal,1,6,73,72,110,4,9,7,10,9,1,5,-,88,-,-,-,-,-,-,-,5,88,-,-,-,-,-,-,-,38,57,75,43,8,8,29,24,3,3,0,0,0,1,1,3,0,0,1,1,0,4,0,1.0,-0.41,0,-3.2,-0.2,3.07,0,0,0.0,-0.0,0,0,0,0,0,0,0,0.0,0,0,0,0,0,0,0,0,0,0,0,0,0,0,0,0,0,0,0,0,0,0.00,0,0,0,0,0,0.0,0.0,0.0,0.00,8,8,46,2,44,0,0,0,5.67,0.1,1.043,0,0,73.0,1,34,6,6,0,0,0,0,0,0,0,0,0.0,0.0
C,Ray Schalk,Ray,Schalk,Energy Efficiency,5' 9',165 lbs,R,R,68,Chicago White Sox,CHW,1925,1921-1945,,83583,Bronze,Snapshot  C Ray Schalk  CWS  1925,0,N,0,81,68,8,119,61,41,55,8,140,73,90,72,8,113,54,58,55,Groundball,Normal,Normal,1,1,3,4,1,1,1,4,1,1,5,4,16,-,-,-,-,-,-,-,-,-,-,-,1,NEU,90-92,3/4,Normal,1,6,73,72,110,4,9,7,10,9,1,5,-,88,-,-,-,-,-,-,-,5,88,-,-,-,-,-,-,-,38,57,75,43,6,6,26,22,3,2,1,0,0,0,1,4,1,0,0,0,0,4,1,1.1,-0.34,0,-2.2,-0.1,4.23,0,0,0.0,0.2,0,0,0,0,0,0,0,0.0,0,0,0,0,0,0,0,0,0,0,0,0,0,0,0,0,0,0,0,0,0,0.00,0,0,0,0,0,0.0,0.0,0.0,0.00,6,6,37,6,31,0,0,0,5.84,-0.1,1.043,1,0,57.0,0,19,5,4,1,1,0,0,0,0,0,0,-0.1,0.0
C,Ray Schalk,Ray,Schalk,Atlanta Braves TTC,5' 9',165 lbs,R,R,68,Chicago White Sox,CHW,1925,1921-1945,,83583,Bronze,Snapshot  C Ray Schalk  CWS  1925,0,N,0,81,68,8,119,61,41,55,8,140,73,90,72,8,113,54,58,55,Groundball,Normal,Normal,1,1,3,4,1,1,1,4,1,1,5,4,16,-,-,-,-,-,-,-,-,-,-,-,1,NEU,90-92,3/4,Normal,1,6,73,72,110,4,9,7,10,9,1,5,-,88,-,-,-,-,-,-,-,5,88,-,-,-,-,-,-,-,38,57,75,43,10,10,42,37,7,6,1,0,0,3,3,3,0,0,2,0,0,9,0,2.3,-0.61,1,-3.2,-0.2,4.14,0,0,0.0,-0.0,0,0,0,0,0,0,0,0.0,0,0,0,0,0,0,0,0,0,0,0,0,0,0,0,0,0,0,0,0,0,0.00,0,0,0,0,0,0.0,0.0,0.0,0.00,10,10,77,4,72,1,0,0,7.49,-0.5,1.043,2,1,91.1,4,31,12,12,0,0,0,0,0,0,0,0,-0.7,0.0
C,Ray Schalk,Ray,Schalk,Transylvania Counts,5' 9',165 lbs,R,R,68,Chicago White Sox,CHW,1925,1921-1945,,83583,Bronze,Snapshot  C Ray Schalk  CWS  1925,0,N,0,81,68,8,119,61,41,55,8,140,73,90,72,8,113,54,58,55,Groundball,Normal,Normal,1,1,3,4,1,1,1,4,1,1,5,4,16,-,-,-,-,-,-,-,-,-,-,-,1,NEU,90-92,3/4,Normal,1,6,73,72,110,4,9,7,10,9,1,5,-,88,-,-,-,-,-,-,-,5,88,-,-,-,-,-,-,-,38,57,75,43,4,4,14,13,1,1,0,0,0,1,1,0,0,0,1,0,0,0,0,0.1,-0.01,-1,-2.7,-0.2,2.50,0,0,0.0,-0.2,0,0,0,0,0,0,0,0.0,0,0,0,0,0,0,0,0,0,0,0,0,0,0,0,0,0,0,0,0,0,0.00,0,0,0,0,0,0.0,0.0,0.0,0.00,4,4,28,1,27,0,0,0,7.20,-0.2,1.043,1,0,35.0,0,33,4,3,0,0,0,0,0,0,0,0,0.0,0.0
C,Andy Seminick,Andy,Seminick,HILITE RECORDS,5' 11',185 lbs,R,R,66,Philadelphia Phillies,PHI,1946,1946-1960,,83672,Bronze,Snapshot  C Andy Seminick  PHI  1946,0,Y,5,83,76,102,82,73,86,79,113,83,76,82,76,99,82,72,13,1,Normal,Normal,Normal,1,1,1,7,1,1,1,7,1,1,1,7,16,-,-,-,-,-,-,-,-,-,-,-,1,NEU,89-91,3/4,Normal,1,13,56,81,46,5,6,9,1,4,2,5,-,62,-,-,-,-,-,-,-,6,62,-,-,-,-,-,-,-,59,65,47,51,4,3,11,11,0,0,0,0,0,0,0,0,0,0,0,0,0,1,0,0.0,-0.15,-1,-2.7,-0.2,4.45,0,0,0.0,-0.0,0,0,0,0,0,0,0,0.0,0,0,0,0,0,0,0,0,0,0,0,0,0,0,0,0,0,0,0,0,0,0.00,0,0,0,0,0,0.0,0.0,0.0,0.00,3,3,22,0,22,0,0,0,7.33,-0.3,.000,0,0,27.0,0,9,2,1,1,0,0,0,0,0,0,0,0.0,0.0
C,Andy Seminick,Andy,Seminick,Black Dog,5' 11',185 lbs,R,R,66,Philadelphia Phillies,PHI,1946,1946-1960,,83672,Bronze,Snapshot  C Andy Seminick  PHI  1946,0,N,0,76,70,94,75,67,79,72,104,76,70,75,70,91,75,66,13,1,Normal,Normal,Normal,1,1,1,5,1,1,1,5,1,1,1,5,16,-,-,-,-,-,-,-,-,-,-,-,1,NEU,89-91,3/4,Normal,1,13,56,81,46,5,6,9,1,4,2,5,-,58,-,-,-,-,-,-,-,5,58,-,-,-,-,-,-,-,59,65,47,51,7,3,16,16,6,3,1,0,2,4,2,0,0,0,0,0,0,0,0,4.9,0.55,4,2.6,0.3,2.44,0,0,0.0,0.0,0,0,0,0,0,0,0,0.0,0,0,0,0,0,0,0,0,0,0,0,0,0,0,0,0,0,0,0,0,0,0.00,0,0,0,0,0,0.0,0.0,0.0,0.00,3,3,13,0,13,0,0,0,4.33,-0.2,.000,0,0,27.0,0,7,2,1,0,0,0,0,0,0,0,0,0.0,0.0
C,Andy Seminick,Andy,Seminick,Cape Cod Sharks - HotL,5' 11',185 lbs,R,R,66,Philadelphia Phillies,PHI,1946,1946-1960,,83672,Bronze,Snapshot  C Andy Seminick  PHI  1946,0,Y,5,83,76,102,82,73,86,79,113,83,76,82,76,99,82,72,13,1,Normal,Normal,Normal,1,1,1,7,1,1,1,7,1,1,1,7,16,-,-,-,-,-,-,-,-,-,-,-,1,NEU,89-91,3/4,Normal,1,13,56,81,46,5,6,9,1,4,2,5,-,62,-,-,-,-,-,-,-,6,62,-,-,-,-,-,-,-,59,65,47,51,13,13,52,47,14,8,2,1,3,6,9,5,0,0,0,0,0,6,0,10.3,0.11,10,4.1,0.5,4.00,0,0,0.0,-1.3,0,0,0,0,0,0,0,0.0,0,0,0,0,0,0,0,0,0,0,0,0,0,0,0,0,0,0,0,0,0,0.00,0,0,0,0,0,0.0,0.0,0.0,0.00,13,13,88,6,82,0,2,0,6.83,-0.5,.834,3,1,116.0,3,38,6,6,3,2,0,0,0,0,0,0,-0.1,0.0
C,Andy Seminick,Andy,Seminick,Allston Wolf Spiders,5' 11',185 lbs,R,R,66,Philadelphia Phillies,PHI,1946,1946-1960,,83672,Bronze,Snapshot  C Andy Seminick  PHI  1946,0,N,0,76,70,94,75,67,79,72,104,76,70,75,70,91,75,66,13,1,Normal,Normal,Normal,1,1,1,5,1,1,1,5,1,1,1,5,16,-,-,-,-,-,-,-,-,-,-,-,1,NEU,89-91,3/4,Normal,1,13,56,81,46,5,6,9,1,4,2,5,-,58,-,-,-,-,-,-,-,5,58,-,-,-,-,-,-,-,59,65,47,51,3,2,9,9,1,0,0,0,1,1,1,0,0,0,0,0,0,1,0,0.4,-0.04,0,-0.5,-0.0,4.33,0,0,0.0,0.0,0,0,0,0,0,0,0,0.0,0,0,0,0,0,0,0,0,0,0,0,0,0,0,0,0,0,0,0,0,0,0.00,0,0,0,0,0,0.0,0.0,0.0,0.00,2,2,7,0,7,0,0,0,3.94,0.1,.000,0,0,16.0,0,6,1,1,0,0,0,0,0,0,0,0,0.0,0.0
C,Andy Seminick,Andy,Seminick,Beachcrest Blue Hornets,5' 11',185 lbs,R,R,66,Philadelphia Phillies,PHI,1946,1946-1960,,83672,Bronze,Snapshot  C Andy Seminick  PHI  1946,0,N,0,76,70,94,75,67,79,72,104,76,70,75,70,91,75,66,13,1,Normal,Normal,Normal,1,1,1,5,1,1,1,5,1,1,1,5,16,-,-,-,-,-,-,-,-,-,-,-,1,NEU,89-91,3/4,Normal,1,13,56,81,46,5,6,9,1,4,2,5,-,58,-,-,-,-,-,-,-,5,58,-,-,-,-,-,-,-,59,65,47,51,1,1,4,4,0,0,0,0,0,0,0,0,0,0,0,0,0,2,0,0.0,-0.04,0,-1.0,-0.1,3.50,0,0,0.0,0.0,0,0,0,0,0,0,0,0.0,0,0,0,0,0,0,0,0,0,0,0,0,0,0,0,0,0,0,0,0,0,0.00,0,0,0,0,0,0.0,0.0,0.0,0.00,1,1,11,0,11,0,0,0,11.00,0.0,.000,0,0,9.0,0,6,0,0,0,0,0,0,0,0,0,0,0.0,0.0
C,Andy Seminick,Andy,Seminick,Gettysburg Iron Brigade,5' 11',185 lbs,R,R,66,Philadelphia Phillies,PHI,1946,1946-1960,,83672,Bronze,Snapshot  C Andy Seminick  PHI  1946,0,N,0,76,70,94,75,67,79,72,104,76,70,75,70,91,75,66,13,1,Normal,Normal,Normal,1,1,1,5,1,1,1,5,1,1,1,5,16,-,-,-,-,-,-,-,-,-,-,-,1,NEU,89-91,3/4,Normal,1,13,56,81,46,5,6,9,1,4,2,5,-,58,-,-,-,-,-,-,-,5,58,-,-,-,-,-,-,-,59,65,47,51,4,2,10,9,2,1,0,0,1,3,1,0,0,0,1,0,0,1,0,1.1,0.26,1,-0.1,-0.1,3.30,0,0,0.0,-1.1,0,0,0,0,0,0,0,0.0,0,0,0,0,0,0,0,0,0,0,0,0,0,0,0,0,0,0,0,0,0,0.00,0,0,0,0,0,0.0,0.0,0.0,0.00,2,2,14,1,13,0,0,0,7.41,-0.1,.522,0,0,17.0,0,9,0,0,2,1,0,0,0,0,0,0,0.0,0.0
C,Andy Seminick,Andy,Seminick,Altamonte Ryno's,5' 11',185 lbs,R,R,66,Philadelphia Phillies,PHI,1946,1946-1960,,83672,Bronze,Snapshot  C Andy Seminick  PHI  1946,0,Y,5,83,76,102,82,73,86,79,113,83,76,82,76,99,82,72,13,1,Normal,Normal,Normal,1,1,1,7,1,1,1,7,1,1,1,7,16,-,-,-,-,-,-,-,-,-,-,-,1,NEU,89-91,3/4,Normal,1,13,56,81,46,5,6,9,1,4,2,5,-,62,-,-,-,-,-,-,-,6,62,-,-,-,-,-,-,-,59,65,47,51,4,2,9,7,1,1,0,0,0,1,1,2,0,0,0,0,0,1,0,0.5,0.49,0,-0.4,-0.0,4.22,0,0,0.0,0.0,0,0,0,0,0,0,0,0.0,0,0,0,0,0,0,0,0,0,0,0,0,0,0,0,0,0,0,0,0,0,0.00,0,0,0,0,0,0.0,0.0,0.0,0.00,2,2,8,0,8,0,0,0,4.50,-0.2,.000,0,0,16.0,1,1,0,0,0,0,0,0,0,0,0,0,0.0,0.0
C,Andy Seminick,Andy,Seminick,Hancocks and Sidekicks TTC,5' 11',185 lbs,R,R,66,Philadelphia Phillies,PHI,1946,1946-1960,,83672,Bronze,Snapshot  C Andy Seminick  PHI  1946,0,N,0,76,70,94,75,67,79,72,104,76,70,75,70,91,75,66,13,1,Normal,Normal,Normal,1,1,1,5,1,1,1,5,1,1,1,5,16,-,-,-,-,-,-,-,-,-,-,-,1,NEU,89-91,3/4,Normal,1,13,56,81,46,5,6,9,1,4,2,5,-,58,-,-,-,-,-,-,-,5,58,-,-,-,-,-,-,-,59,65,47,51,17,11,53,48,11,10,1,0,0,3,3,3,0,1,0,1,0,7,1,3.6,-0.00,3,-2.5,0.0,3.40,0,0,0.0,0.4,0,0,0,0,0,0,0,0.0,0,0,0,0,0,0,0,0,0,0,0,0,0,0,0,0,0,0,0,0,0,0.00,0,0,0,0,0,0.0,0.0,0.0,0.00,11,11,58,0,57,1,0,0,5.18,-0.1,.000,0,0,99.0,1,29,6,5,0,0,0,0,0,0,0,0,0.0,0.0
C,Andy Seminick,Andy,Seminick,BAGgin' Dingers TTC,5' 11',185 lbs,R,R,66,Philadelphia Phillies,PHI,1946,1946-1960,,83672,Bronze,Snapshot  C Andy Seminick  PHI  1946,0,N,0,76,70,94,75,67,79,72,104,76,70,75,70,91,75,66,13,1,Normal,Normal,Normal,1,1,1,5,1,1,1,5,1,1,1,5,16,-,-,-,-,-,-,-,-,-,-,-,1,NEU,89-91,3/4,Normal,1,13,56,81,46,5,6,9,1,4,2,5,-,58,-,-,-,-,-,-,-,5,58,-,-,-,-,-,-,-,59,65,47,51,4,4,16,14,4,3,0,0,1,3,3,2,1,0,0,0,0,5,0,2.7,0.07,2,0.5,0.1,3.19,0,0,0.0,-0.0,0,0,0,0,0,0,0,0.0,0,0,0,0,0,0,0,0,0,0,0,0,0,0,0,0,0,0,0,0,0,0.00,0,0,0,0,0,0.0,0.0,0.0,0.00,4,4,19,2,17,0,0,0,4.75,0.0,1.043,1,0,36.0,0,10,2,2,0,0,0,0,0,0,0,0,0.0,0.0
C,Andy Seminick,Andy,Seminick,Out of Left Field,5' 11',185 lbs,R,R,66,Philadelphia Phillies,PHI,1946,1946-1960,,83672,Bronze,Snapshot  C Andy Seminick  PHI  1946,0,Y,5,83,76,102,82,73,86,79,113,83,76,82,76,99,82,72,13,1,Normal,Normal,Normal,1,1,1,7,1,1,1,7,1,1,1,7,16,-,-,-,-,-,-,-,-,-,-,-,1,NEU,89-91,3/4,Normal,1,13,56,81,46,5,6,9,1,4,2,5,-,62,-,-,-,-,-,-,-,6,62,-,-,-,-,-,-,-,59,65,47,51,12,7,37,34,10,6,1,0,3,8,6,3,0,0,0,0,0,10,0,7.3,0.23,7,2.9,0.5,3.41,0,0,0.0,0.1,0,0,0,0,0,0,0,0.0,0,0,0,0,0,0,0,0,0,0,0,0,0,0,0,0,0,0,0,0,0,0.00,0,0,0,0,0,0.0,0.0,0.0,0.00,7,7,38,3,35,0,0,0,5.10,-0.1,1.043,0,0,67.0,2,31,6,6,1,1,0,0,0,0,0,0,0.0,0.0
C,Andy Seminick,Andy,Seminick,Tegridy Farms Weed,5' 11',185 lbs,R,R,66,Philadelphia Phillies,PHI,1946,1946-1960,,83672,Bronze,Snapshot  C Andy Seminick  PHI  1946,0,N,0,76,70,94,75,67,79,72,104,76,70,75,70,91,75,66,13,1,Normal,Normal,Normal,1,1,1,5,1,1,1,5,1,1,1,5,16,-,-,-,-,-,-,-,-,-,-,-,1,NEU,89-91,3/4,Normal,1,13,56,81,46,5,6,9,1,4,2,5,-,58,-,-,-,-,-,-,-,5,58,-,-,-,-,-,-,-,59,65,47,51,12,12,47,46,10,4,1,3,2,6,4,1,0,0,0,0,0,13,0,5.4,-0.15,5,0.2,0.3,3.68,0,0,0.0,0.0,0,0,0,0,0,0,0,0.0,0,0,0,0,0,0,0,0,0,0,0,0,0,0,0,0,0,0,0,0,0,0.00,0,0,0,0,0,0.0,0.0,0.0,0.00,12,12,63,3,59,1,0,0,5.26,0.3,1.043,3,2,106.0,0,38,8,7,0,0,0,0,0,0,0,0,0.0,0.0
C,Ivey Wingo,Ivey,Wingo,Louisville Haymakers,5' 10',160 lbs,L,R,66,Cincinnati Reds,CIN,1917,2026,,83711,Bronze,Snapshot  C Ivey Wingo  CIN  1917,0,N,0,66,82,65,57,150,87,44,84,42,99,57,90,58,61,167,59,48,Normal,Pull,Pull,1,1,1,1,1,1,1,1,1,1,1,1,16,-,-,-,-,-,-,-,-,-,-,-,1,NEU,89-91,OTT,Normal,1,4,42,61,75,5,6,3,7,6,2,10,-,54,-,-,-,-,-,-,-,8,54,-,-,-,-,-,-,-,49,54,61,43,2,1,3,3,1,1,0,0,0,0,0,0,0,0,0,0,0,0,0,0.3,-0.04,0,-0.0,0.0,4.33,0,0,0.0,0.0,0,0,0,0,0,0,0,0.0,0,0,0,0,0,0,0,0,0,0,0,0,0,0,0,0,0,0,0,0,0,0.00,0,0,0,0,0,0.0,0.0,0.0,0.00,2,1,9,0,9,0,0,0,8.10,0.0,.000,0,0,10.0,0,4,0,0,0,0,0,0,0,0,0,0,0.0,0.0
C,Ivey Wingo,Ivey,Wingo,DongTan Milky,5' 10',160 lbs,L,R,66,Cincinnati Reds,CIN,1917,2026,,83711,Bronze,Snapshot  C Ivey Wingo  CIN  1917,0,N,0,66,82,65,57,150,87,44,84,42,99,57,90,58,61,167,59,48,Normal,Pull,Pull,1,1,1,1,1,1,1,1,1,1,1,1,16,-,-,-,-,-,-,-,-,-,-,-,1,NEU,89-91,OTT,Normal,1,4,42,61,75,5,6,3,7,6,2,10,-,54,-,-,-,-,-,-,-,8,54,-,-,-,-,-,-,-,49,54,61,43,1,1,3,3,0,0,0,0,0,0,0,0,0,0,0,0,0,0,0,0.0,-0.10,0,-0.7,-0.1,3.33,0,0,0.0,0.0,0,0,0,0,0,0,0,0.0,0,0,0,0,0,0,0,0,0,0,0,0,0,0,0,0,0,0,0,0,0,0.00,0,0,0,0,0,0.0,0.0,0.0,0.00,1,1,3,0,3,0,0,0,3.38,0.0,.000,0,0,8.0,0,6,0,0,0,0,0,0,0,0,0,0,-0.1,0.0
1B,Dale Alexander,Dale,Alexander,Birmingham Black Barons,6' 3',210 lbs,R,R,69,Detroit Tigers,DET,1931,1921-1945,,83676,Bronze,Snapshot  1B Dale Alexander  DET  1931,0,N,0,85,97,49,90,100,75,137,50,108,88,89,89,49,85,107,5,8,Line Drive,Normal,Normal,1,1,1,1,1,1,1,1,1,1,1,1,16,17,17,-,-,-,-,-,-,-,-,-,3,NEU,89-91,3/4,Normal,1,24,-,-,-,30,20,27,31,7,9,5,-,-,49,-,-,-,-,-,-,60,-,49,-,-,-,-,-,-,40,54,51,56,11,11,43,39,11,9,2,0,0,4,5,4,0,0,0,0,0,4,0,4.9,0.11,5,0.2,0.3,3.77,0,0,0.0,0.3,0,0,0,0,0,0,0,0.0,0,0,0,0,0,0,0,0,0,0,0,0,0,0,0,0,0,0,0,0,0,0.00,0,0,0,0,0,0.0,0.0,0.0,0.00,11,11,107,8,99,0,5,0,10.58,1.4,1.084,0,0,91.0,0,0,29,29,3,3,1,1,2,1,0,0,0.0,0.0
1B,Dale Alexander,Dale,Alexander,HILITE RECORDS,6' 3',210 lbs,R,R,69,Detroit Tigers,DET,1931,1921-1945,,83676,Bronze,Snapshot  1B Dale Alexander  DET  1931,0,N,0,85,97,49,90,100,75,137,50,108,88,89,89,49,85,107,5,8,Line Drive,Normal,Normal,1,1,1,1,1,1,1,1,1,1,1,1,16,17,17,-,-,-,-,-,-,-,-,-,3,NEU,89-91,3/4,Normal,1,24,-,-,-,30,20,27,31,7,9,5,-,-,49,-,-,-,-,-,-,60,-,49,-,-,-,-,-,-,40,54,51,56,1,1,4,4,0,0,0,0,0,0,0,0,0,0,0,0,0,1,0,0.0,-0.04,0,-1.0,-0.1,4.00,0,0,0.0,0.0,0,0,0,0,0,0,0,0.0,0,0,0,0,0,0,0,0,0,0,0,0,0,0,0,0,0,0,0,0,0,0.00,0,0,0,0,0,0.0,0.0,0.0,0.00,1,1,12,0,12,0,0,0,12.00,0.0,.000,0,0,9.0,0,0,2,2,0,0,0,0,0,0,0,0,0.0,0.0
1B,Dale Alexander,Dale,Alexander,Statesville Shadowcats,6' 3',210 lbs,R,R,69,Detroit Tigers,DET,1931,1921-1945,,83676,Bronze,Snapshot  1B Dale Alexander  DET  1931,0,N,0,85,97,49,90,100,75,137,50,108,88,89,89,49,85,107,5,8,Line Drive,Normal,Normal,1,1,1,1,1,1,1,1,1,1,1,1,16,17,17,-,-,-,-,-,-,-,-,-,3,NEU,89-91,3/4,Normal,1,24,-,-,-,30,20,27,31,7,9,5,-,-,49,-,-,-,-,-,-,60,-,49,-,-,-,-,-,-,40,54,51,56,5,5,20,18,3,2,1,0,0,0,2,2,0,0,0,0,0,3,1,0.9,-0.27,1,-1.3,-0.0,3.80,0,0,0.0,0.0,0,0,0,0,0,0,0,0.0,0,0,0,0,0,0,0,0,0,0,0,0,0,0,0,0,0,0,0,0,0,0.00,0,0,0,0,0,0.0,0.0,0.0,0.00,5,5,38,6,32,0,0,0,8.14,0.6,1.084,0,0,42.0,0,0,7,7,4,4,0,0,0,0,0,0,0.0,0.0
1B,Dale Alexander,Dale,Alexander,Black Dog,6' 3',210 lbs,R,R,69,Detroit Tigers,DET,1931,1921-1945,,83676,Bronze,Snapshot  1B Dale Alexander  DET  1931,0,N,0,85,97,49,90,100,75,137,50,108,88,89,89,49,85,107,5,8,Line Drive,Normal,Normal,1,1,1,1,1,1,1,1,1,1,1,1,16,17,17,-,-,-,-,-,-,-,-,-,3,NEU,89-91,3/4,Normal,1,24,-,-,-,30,20,27,31,7,9,5,-,-,49,-,-,-,-,-,-,60,-,49,-,-,-,-,-,-,40,54,51,56,7,6,26,23,5,3,2,0,0,1,2,2,0,0,0,1,0,6,0,2.2,-0.23,2,-1.0,-0.1,3.38,0,0,0.0,-0.4,0,0,0,0,0,0,0,0.0,0,0,0,0,0,0,0,0,0,0,0,0,0,0,0,0,0,0,0,0,0,0.00,0,0,0,0,0,0.0,0.0,0.0,0.00,6,5,54,3,49,2,3,0,10.25,-0.2,.887,0,0,45.2,0,0,14,13,0,0,1,1,0,0,0,0,0.0,0.0
1B,Dale Alexander,Dale,Alexander,San Francisco Seals,6' 3',210 lbs,R,R,69,Detroit Tigers,DET,1931,1921-1945,,83676,Bronze,Snapshot  1B Dale Alexander  DET  1931,0,N,0,85,97,49,90,100,75,137,50,108,88,89,89,49,85,107,5,8,Line Drive,Normal,Normal,1,1,1,1,1,1,1,1,1,1,1,1,16,17,17,-,-,-,-,-,-,-,-,-,3,NEU,89-91,3/4,Normal,1,24,-,-,-,30,20,27,31,7,9,5,-,-,49,-,-,-,-,-,-,60,-,49,-,-,-,-,-,-,40,54,51,56,12,12,55,44,12,9,3,0,0,1,10,10,0,1,0,0,0,5,0,7.5,0.15,8,2.3,0.3,3.93,0,0,0.0,1.0,0,0,0,0,0,0,0,0.0,0,0,0,0,0,0,0,0,0,0,0,0,0,0,0,0,0,0,0,0,0,0.00,0,0,0,0,0,0.0,0.0,0.0,0.00,12,12,119,11,106,2,7,0,9.32,-1.0,.949,0,0,113.0,0,0,34,29,3,3,1,0,1,1,1,0,0.0,0.0
1B,Dale Alexander,Dale,Alexander,Jinzhou Speedster,6' 3',210 lbs,R,R,69,Detroit Tigers,DET,1931,1921-1945,,83676,Bronze,Snapshot  1B Dale Alexander  DET  1931,0,N,0,85,97,49,90,100,75,137,50,108,88,89,89,49,85,107,5,8,Line Drive,Normal,Normal,1,1,1,1,1,1,1,1,1,1,1,1,16,17,17,-,-,-,-,-,-,-,-,-,3,NEU,89-91,3/4,Normal,1,24,-,-,-,30,20,27,31,7,9,5,-,-,49,-,-,-,-,-,-,60,-,49,-,-,-,-,-,-,40,54,51,56,2,,2,2,0,0,0,0,0,0,0,0,0,0,0,0,0,0,0,0.0,-0.21,0,-0.5,-0.0,4.50,0,0,0.0,0.0,0,0,0,0,0,0,0,0.0,0,0,0,0,0,0,0,0,0,0,0,0,0,0,0,0,0,0,0,0,0,0.00,0,0,0,0,0,0.0,0.0,0.0,0.00,0,0,0,0,0,0,0,0,0.00,0.0,.000,0,0,0.0,0,0,0,0,0,0,0,0,0,0,0,0,0.0,0.0
1B,Dale Alexander,Dale,Alexander,Ungentlemanly Fightin' Fellows TTC,6' 3',210 lbs,R,R,69,Detroit Tigers,DET,1931,1921-1945,,83676,Bronze,Snapshot  1B Dale Alexander  DET  1931,0,N,0,85,97,49,90,100,75,137,50,108,88,89,89,49,85,107,5,8,Line Drive,Normal,Normal,1,1,1,1,1,1,1,1,1,1,1,1,16,17,17,-,-,-,-,-,-,-,-,-,3,NEU,89-91,3/4,Normal,1,24,-,-,-,30,20,27,31,7,9,5,-,-,49,-,-,-,-,-,-,60,-,49,-,-,-,-,-,-,40,54,51,56,3,3,14,13,5,5,0,0,0,0,1,1,0,0,0,0,0,1,1,1.9,-0.00,2,0.7,0.0,4.07,0,0,0.0,0.0,0,0,0,0,0,0,0,0.0,0,0,0,0,0,0,0,0,0,0,0,0,0,0,0,0,0,0,0,0,0,0.00,0,0,0,0,0,0.0,0.0,0.0,0.00,3,3,34,5,28,1,2,0,11.88,-0.8,.775,0,0,25.0,0,0,9,8,1,0,0,0,0,0,0,0,0.0,0.0
1B,Dale Alexander,Dale,Alexander,Huatulco Tacos,6' 3',210 lbs,R,R,69,Detroit Tigers,DET,1931,1921-1945,,83676,Bronze,Snapshot  1B Dale Alexander  DET  1931,0,Y,5,92,105,54,98,108,82,148,55,117,96,97,97,54,92,116,5,8,Line Drive,Normal,Normal,1,1,1,1,1,1,1,1,1,1,1,1,16,17,17,-,-,-,-,-,-,-,-,-,3,NEU,89-91,3/4,Normal,1,24,-,-,-,30,20,27,31,7,9,5,-,-,53,-,-,-,-,-,-,64,-,53,-,-,-,-,-,-,40,54,51,56,4,4,17,14,5,1,3,0,1,5,2,3,0,0,0,0,0,3,1,4.9,1.09,4,2.9,0.3,4.65,0,0,0.0,0.3,0,0,0,0,0,0,0,0.0,0,0,0,0,0,0,0,0,0,0,0,0,0,0,0,0,0,0,0,0,0,0.00,0,0,0,0,0,0.0,0.0,0.0,0.00,4,4,41,5,35,1,1,0,9.23,-0.1,.964,0,0,39.0,0,0,12,12,1,0,0,0,0,0,0,0,0.0,0.0
1B,Dale Alexander,Dale,Alexander,Port Townsend Wild Daphnes,6' 3',210 lbs,R,R,69,Detroit Tigers,DET,1931,1921-1945,,83676,Bronze,Snapshot  1B Dale Alexander  DET  1931,0,N,0,85,97,49,90,100,75,137,50,108,88,89,89,49,85,107,5,8,Line Drive,Normal,Normal,1,1,1,1,1,1,1,1,1,1,1,1,16,17,17,-,-,-,-,-,-,-,-,-,3,NEU,89-91,3/4,Normal,1,24,-,-,-,30,20,27,31,7,9,5,-,-,49,-,-,-,-,-,-,60,-,49,-,-,-,-,-,-,40,54,51,56,33,32,123,112,22,15,7,0,0,9,4,10,0,1,0,0,0,19,1,8.3,0.10,8,-5.9,-0.3,3.59,0,0,0.0,-0.2,0,0,0,0,0,0,0,0.0,0,0,0,0,0,0,0,0,0,0,0,0,0,0,0,0,0,0,0,0,0,0.00,0,0,0,0,0,0.0,0.0,0.0,0.00,33,32,279,30,246,3,12,0,9.00,1.3,1.024,0,0,276.0,0,0,60,56,11,11,4,2,2,2,3,0,0.0,0.0
1B,Dale Alexander,Dale,Alexander,Aberfeldie Falcons,6' 3',210 lbs,R,R,69,Detroit Tigers,DET,1931,1921-1945,,83676,Bronze,Snapshot  1B Dale Alexander  DET  1931,0,N,0,85,97,49,90,100,75,137,50,108,88,89,89,49,85,107,5,8,Line Drive,Normal,Normal,1,1,1,1,1,1,1,1,1,1,1,1,16,17,17,-,-,-,-,-,-,-,-,-,3,NEU,89-91,3/4,Normal,1,24,-,-,-,30,20,27,31,7,9,5,-,-,49,-,-,-,-,-,-,60,-,49,-,-,-,-,-,-,40,54,51,56,6,6,23,22,2,2,0,0,0,3,0,0,0,0,1,0,0,7,0,0.2,-0.44,-1,-4.2,-0.4,4.17,0,0,0.0,0.0,0,0,0,0,0,0,0,0.0,0,0,0,0,0,0,0,0,0,0,0,0,0,0,0,0,0,0,0,0,0,0.00,0,0,0,0,0,0.0,0.0,0.0,0.00,6,6,51,5,46,0,1,0,9.00,0.0,1.084,0,0,51.0,0,0,13,13,0,0,2,0,1,0,1,0,0.0,0.0
1B,Dale Alexander,Dale,Alexander,Brentwood Senators,6' 3',210 lbs,R,R,69,Detroit Tigers,DET,1931,1921-1945,,83676,Bronze,Snapshot  1B Dale Alexander  DET  1931,0,N,0,85,97,49,90,100,75,137,50,108,88,89,89,49,85,107,5,8,Line Drive,Normal,Normal,1,1,1,1,1,1,1,1,1,1,1,1,16,17,17,-,-,-,-,-,-,-,-,-,3,NEU,89-91,3/4,Normal,1,24,-,-,-,30,20,27,31,7,9,5,-,-,49,-,-,-,-,-,-,60,-,49,-,-,-,-,-,-,40,54,51,56,5,5,20,19,4,3,1,0,0,2,1,1,0,0,0,0,0,1,0,1.3,-0.01,1,-1.1,-0.1,3.85,0,0,0.0,-0.0,0,0,0,0,0,0,0,0.0,0,0,0,0,0,0,0,0,0,0,0,0,0,0,0,0,0,0,0,0,0,0.00,0,0,0,0,0,0.0,0.0,0.0,0.00,5,5,45,4,40,1,0,0,9.43,-0.3,.976,0,0,42.0,0,0,8,7,1,1,1,0,0,0,0,0,0.0,0.0
1B,Dale Alexander,Dale,Alexander,Louisville Haymakers,6' 3',210 lbs,R,R,69,Detroit Tigers,DET,1931,1921-1945,,83676,Bronze,Snapshot  1B Dale Alexander  DET  1931,0,N,0,85,97,49,90,100,75,137,50,108,88,89,89,49,85,107,5,8,Line Drive,Normal,Normal,1,1,1,1,1,1,1,1,1,1,1,1,16,17,17,-,-,-,-,-,-,-,-,-,3,NEU,89-91,3/4,Normal,1,24,-,-,-,30,20,27,31,7,9,5,-,-,49,-,-,-,-,-,-,60,-,49,-,-,-,-,-,-,40,54,51,56,7,7,31,29,5,2,2,0,1,3,5,2,0,0,0,0,0,5,0,2.4,0.19,2,-1.3,-0.2,3.29,0,0,0.0,-0.4,0,0,0,0,0,0,0,0.0,0,0,0,0,0,0,0,0,0,0,0,0,0,0,0,0,0,0,0,0,0,0.00,0,0,0,0,0,0.0,0.0,0.0,0.00,7,7,53,5,48,0,1,0,7.74,-0.7,.887,0,0,61.2,0,0,15,13,1,1,0,0,1,0,0,0,0.0,0.0
1B,Dale Alexander,Dale,Alexander,Aurora Highlanders,6' 3',210 lbs,R,R,69,Detroit Tigers,DET,1931,1921-1945,,83676,Bronze,Snapshot  1B Dale Alexander  DET  1931,0,N,0,85,97,49,90,100,75,137,50,108,88,89,89,49,85,107,5,8,Line Drive,Normal,Normal,1,1,1,1,1,1,1,1,1,1,1,1,16,17,17,-,-,-,-,-,-,-,-,-,3,NEU,89-91,3/4,Normal,1,24,-,-,-,30,20,27,31,7,9,5,-,-,49,-,-,-,-,-,-,60,-,49,-,-,-,-,-,-,40,54,51,56,4,4,14,13,3,3,0,0,0,1,1,1,0,0,0,0,0,0,0,0.9,-0.01,0,-0.7,-0.1,3.21,0,0,0.0,0.0,0,0,0,0,0,0,0,0.0,0,0,0,0,0,0,0,0,0,0,0,0,0,0,0,0,0,0,0,0,0,0.00,0,0,0,0,0,0.0,0.0,0.0,0.00,4,4,38,3,34,1,3,0,9.89,-0.2,.949,0,0,33.2,0,0,9,8,1,1,0,0,0,0,0,0,0.0,0.0
1B,Dale Alexander,Dale,Alexander,Columbus Evil Squirrels,6' 3',210 lbs,R,R,69,Detroit Tigers,DET,1931,1921-1945,,83676,Bronze,Snapshot  1B Dale Alexander  DET  1931,0,N,0,85,97,49,90,100,75,137,50,108,88,89,89,49,85,107,5,8,Line Drive,Normal,Normal,1,1,1,1,1,1,1,1,1,1,1,1,16,17,17,-,-,-,-,-,-,-,-,-,3,NEU,89-91,3/4,Normal,1,24,-,-,-,30,20,27,31,7,9,5,-,-,49,-,-,-,-,-,-,60,-,49,-,-,-,-,-,-,40,54,51,56,5,5,19,19,5,3,2,0,0,1,0,0,0,0,0,0,0,2,0,1.8,-0.02,1,-0.4,0.0,2.95,0,0,0.0,0.1,0,0,0,0,0,0,0,0.0,0,0,0,0,0,0,0,0,0,0,0,0,0,0,0,0,0,0,0,0,0,0.00,0,0,0,0,0,0.0,0.0,0.0,0.00,5,5,50,9,40,1,3,0,10.26,0.1,1.030,0,0,43.0,0,0,20,19,3,2,0,0,0,0,0,0,0.0,0.0
1B,Dale Alexander,Dale,Alexander,Smyrna Stooges,6' 3',210 lbs,R,R,69,Detroit Tigers,DET,1931,1921-1945,,83676,Bronze,Snapshot  1B Dale Alexander  DET  1931,0,N,0,85,97,49,90,100,75,137,50,108,88,89,89,49,85,107,5,8,Line Drive,Normal,Normal,1,1,1,1,1,1,1,1,1,1,1,1,16,17,17,-,-,-,-,-,-,-,-,-,3,NEU,89-91,3/4,Normal,1,24,-,-,-,30,20,27,31,7,9,5,-,-,49,-,-,-,-,-,-,60,-,49,-,-,-,-,-,-,40,54,51,56,2,2,7,6,0,0,0,0,0,1,1,1,0,0,0,0,0,2,0,0.0,-0.00,0,-1.1,-0.1,4.14,0,0,0.0,0.0,0,0,0,0,0,0,0,0.0,0,0,0,0,0,0,0,0,0,0,0,0,0,0,0,0,0,0,0,0,0,0.00,0,0,0,0,0,0.0,0.0,0.0,0.00,2,2,14,3,10,1,0,0,8.36,-0.3,.904,0,0,14.0,0,0,7,6,1,1,0,0,0,0,0,0,0.0,0.0
1B,Dale Alexander,Dale,Alexander,Gettysburg Iron Brigade,6' 3',210 lbs,R,R,69,Detroit Tigers,DET,1931,1921-1945,,83676,Bronze,Snapshot  1B Dale Alexander  DET  1931,0,Y,5,92,105,54,98,108,82,148,55,117,96,97,97,54,92,116,5,8,Line Drive,Normal,Normal,1,1,1,1,1,1,1,1,1,1,1,1,16,17,17,-,-,-,-,-,-,-,-,-,3,NEU,89-91,3/4,Normal,1,24,-,-,-,30,20,27,31,7,9,5,-,-,53,-,-,-,-,-,-,64,-,53,-,-,-,-,-,-,40,54,51,56,10,10,45,40,11,7,4,0,0,3,4,5,1,0,0,0,0,7,0,5.7,0.27,5,0.3,0.0,3.87,0,0,0.0,0.0,0,0,0,0,0,0,0,0.0,0,0,0,0,0,0,0,0,0,0,0,0,0,0,0,0,0,0,0,0,0,0.00,0,0,0,0,0,0.0,0.0,0.0,0.00,10,10,81,10,68,3,3,0,8.26,-0.8,.881,0,0,85.0,0,0,21,20,2,1,2,1,2,0,0,0,0.0,0.0
1B,Dale Alexander,Dale,Alexander,Bismarck Blizzard,6' 3',210 lbs,R,R,69,Detroit Tigers,DET,1931,1921-1945,,83676,Bronze,Snapshot  1B Dale Alexander  DET  1931,0,N,0,85,97,49,90,100,75,137,50,108,88,89,89,49,85,107,5,8,Line Drive,Normal,Normal,1,1,1,1,1,1,1,1,1,1,1,1,16,17,17,-,-,-,-,-,-,-,-,-,3,NEU,89-91,3/4,Normal,1,24,-,-,-,30,20,27,31,7,9,5,-,-,49,-,-,-,-,-,-,60,-,49,-,-,-,-,-,-,40,54,51,56,5,5,20,18,1,1,0,0,0,1,1,2,0,0,0,0,0,5,0,0.2,-0.08,0,-3.0,-0.3,4.15,0,0,0.0,-0.2,0,0,0,0,0,0,0,0.0,0,0,0,0,0,0,0,0,0,0,0,0,0,0,0,0,0,0,0,0,0,0.00,0,0,0,0,0,0.0,0.0,0.0,0.00,5,5,55,6,48,1,4,0,11.30,-0.0,.994,0,0,43.0,0,0,12,11,3,3,1,0,0,0,0,0,0.0,0.0
1B,Dale Alexander,Dale,Alexander,Columbus Fire Ants,6' 3',210 lbs,R,R,69,Detroit Tigers,DET,1931,1921-1945,,83676,Bronze,Snapshot  1B Dale Alexander  DET  1931,0,N,0,85,97,49,90,100,75,137,50,108,88,89,89,49,85,107,5,8,Line Drive,Normal,Normal,1,1,1,1,1,1,1,1,1,1,1,1,16,17,17,-,-,-,-,-,-,-,-,-,3,NEU,89-91,3/4,Normal,1,24,-,-,-,30,20,27,31,7,9,5,-,-,49,-,-,-,-,-,-,60,-,49,-,-,-,-,-,-,40,54,51,56,8,8,34,32,4,3,1,0,0,1,4,2,0,0,0,0,0,5,2,0.6,-0.43,0,-4.0,-0.4,3.68,0,0,0.0,0.3,0,0,0,0,0,0,0,0.0,0,0,0,0,0,0,0,0,0,0,0,0,0,0,0,0,0,0,0,0,0,0.00,0,0,0,0,0,0.0,0.0,0.0,0.00,8,8,75,4,68,3,6,0,9.13,-0.5,.949,0,0,71.0,0,0,21,19,0,0,0,0,0,0,1,0,0.0,0.0
1B,Dale Alexander,Dale,Alexander,Moncton Mosquitos,6' 3',210 lbs,R,R,69,Detroit Tigers,DET,1931,1921-1945,,83676,Bronze,Snapshot  1B Dale Alexander  DET  1931,0,N,0,85,97,49,90,100,75,137,50,108,88,89,89,49,85,107,5,8,Line Drive,Normal,Normal,1,1,1,1,1,1,1,1,1,1,1,1,16,17,17,-,-,-,-,-,-,-,-,-,3,NEU,89-91,3/4,Normal,1,24,-,-,-,30,20,27,31,7,9,5,-,-,49,-,-,-,-,-,-,60,-,49,-,-,-,-,-,-,40,54,51,56,4,4,14,13,3,3,0,0,0,1,1,1,0,0,0,0,0,4,0,0.7,-0.12,0,-0.7,-0.1,4.86,0,1,-0.5,0.0,0,0,0,0,0,0,0,0.0,0,0,0,0,0,0,0,0,0,0,0,0,0,0,0,0,0,0,0,0,0,0.00,0,0,0,0,0,0.0,0.0,0.0,0.00,4,4,49,6,42,1,4,0,12.71,-0.1,.994,0,0,34.0,0,0,16,15,1,1,0,0,1,0,2,0,0.0,0.0
1B,Dale Alexander,Dale,Alexander,Altamonte Ryno's,6' 3',210 lbs,R,R,69,Detroit Tigers,DET,1931,1921-1945,,83676,Bronze,Snapshot  1B Dale Alexander  DET  1931,0,Y,5,92,105,54,98,108,82,148,55,117,96,97,97,54,92,116,5,8,Line Drive,Normal,Normal,1,1,1,1,1,1,1,1,1,1,1,1,16,17,17,-,-,-,-,-,-,-,-,-,3,NEU,89-91,3/4,Normal,1,24,-,-,-,30,20,27,31,7,9,5,-,-,53,-,-,-,-,-,-,64,-,53,-,-,-,-,-,-,40,54,51,56,4,4,18,18,4,1,2,0,1,4,1,0,0,0,0,0,0,3,0,2.0,0.36,2,0.0,0.1,3.33,0,0,0.0,0.0,0,0,0,0,0,0,0,0.0,0,0,0,0,0,0,0,0,0,0,0,0,0,0,0,0,0,0,0,0,0,0.00,0,0,0,0,0,0.0,0.0,0.0,0.00,4,4,40,2,38,0,5,0,10.59,0.4,1.084,0,0,34.0,0,0,6,6,0,0,1,1,0,0,0,0,0.0,0.0
1B,Dale Alexander,Dale,Alexander,Honolulu Warriors - HotL,6' 3',210 lbs,R,R,69,Detroit Tigers,DET,1931,1921-1945,,83676,Bronze,Snapshot  1B Dale Alexander  DET  1931,0,N,0,85,97,49,90,100,75,137,50,108,88,89,89,49,85,107,5,8,Line Drive,Normal,Normal,1,1,1,1,1,1,1,1,1,1,1,1,16,17,17,-,-,-,-,-,-,-,-,-,3,NEU,89-91,3/4,Normal,1,24,-,-,-,30,20,27,31,7,9,5,-,-,49,-,-,-,-,-,-,60,-,49,-,-,-,-,-,-,40,54,51,56,7,7,26,24,9,2,6,0,1,5,1,2,0,0,0,0,0,4,1,7.1,0.43,7,3.9,0.4,3.85,0,0,0.0,0.0,0,0,0,0,0,0,0,0.0,0,0,0,0,0,0,0,0,0,0,0,0,0,0,0,0,0,0,0,0,0,0.00,0,0,0,0,0,0.0,0.0,0.0,0.00,7,7,61,4,56,1,3,0,9.47,-0.7,.929,0,0,57.0,0,0,18,16,3,2,0,0,1,0,0,0,0.0,0.0
1B,Dale Alexander,Dale,Alexander,White Rabbitt,6' 3',210 lbs,R,R,69,Detroit Tigers,DET,1931,1921-1945,,83676,Bronze,Snapshot  1B Dale Alexander  DET  1931,0,Y,5,92,105,54,98,108,82,148,55,117,96,97,97,54,92,116,5,8,Line Drive,Normal,Normal,1,1,1,1,1,1,1,1,1,1,1,1,16,17,17,-,-,-,-,-,-,-,-,-,3,NEU,89-91,3/4,Normal,1,24,-,-,-,30,20,27,31,7,9,5,-,-,53,-,-,-,-,-,-,64,-,53,-,-,-,-,-,-,40,54,51,56,9,6,30,29,6,5,1,0,0,1,2,0,0,1,0,0,0,8,0,1.7,-0.51,1,-2.1,-0.4,3.40,0,0,0.0,-1.0,0,0,0,0,0,0,0,0.0,0,0,0,0,0,0,0,0,0,0,0,0,0,0,0,0,0,0,0,0,0,0.00,0,0,0,0,0,0.0,0.0,0.0,0.00,5,5,66,5,60,1,4,0,11.25,-0.8,.813,0,0,52.0,0,0,11,9,0,0,0,0,0,0,0,0,0.0,0.0
1B,Dale Alexander,Dale,Alexander,Moonsault Collective MCs,6' 3',210 lbs,R,R,69,Detroit Tigers,DET,1931,1921-1945,,83676,Bronze,Snapshot  1B Dale Alexander  DET  1931,0,N,0,85,97,49,90,100,75,137,50,108,88,89,89,49,85,107,5,8,Line Drive,Normal,Normal,1,1,1,1,1,1,1,1,1,1,1,1,16,17,17,-,-,-,-,-,-,-,-,-,3,NEU,89-91,3/4,Normal,1,24,-,-,-,30,20,27,31,7,9,5,-,-,49,-,-,-,-,-,-,60,-,49,-,-,-,-,-,-,40,54,51,56,11,11,47,47,14,8,5,1,0,8,5,0,0,0,0,0,0,8,0,6.3,0.20,6,0.6,-0.0,3.11,0,0,0.0,-1.0,0,0,0,0,0,0,0,0.0,0,0,0,0,0,0,0,0,0,0,0,0,0,0,0,0,0,0,0,0,0,0.00,0,0,0,0,0,0.0,0.0,0.0,0.00,11,11,113,14,98,1,6,0,10.39,-0.4,.983,0,0,97.0,0,0,28,26,3,2,6,3,0,0,0,0,0.0,0.0
1B,Dale Alexander,Dale,Alexander,Daegu Lions,6' 3',210 lbs,R,R,69,Detroit Tigers,DET,1931,1921-1945,,83676,Bronze,Snapshot  1B Dale Alexander  DET  1931,0,N,0,85,97,49,90,100,75,137,50,108,88,89,89,49,85,107,5,8,Line Drive,Normal,Normal,1,1,1,1,1,1,1,1,1,1,1,1,16,17,17,-,-,-,-,-,-,-,-,-,3,NEU,89-91,3/4,Normal,1,24,-,-,-,30,20,27,31,7,9,5,-,-,49,-,-,-,-,-,-,60,-,49,-,-,-,-,-,-,40,54,51,56,16,16,70,65,20,13,4,2,1,11,6,5,0,0,0,0,0,3,0,11.5,0.09,11,3.3,0.5,3.56,0,0,0.0,0.4,0,0,0,0,0,0,0,0.0,0,0,0,0,0,0,0,0,0,0,0,0,0,0,0,0,0,0,0,0,0,0.00,0,0,0,0,0,0.0,0.0,0.0,0.00,17,16,145,10,132,3,7,0,9.00,-0.2,.979,0,0,142.0,0,0,40,38,6,4,1,1,1,0,0,0,0.0,0.0
1B,Dale Alexander,Dale,Alexander,Carlos Chaos Cats,6' 3',210 lbs,R,R,69,Detroit Tigers,DET,1931,1921-1945,,83676,Bronze,Snapshot  1B Dale Alexander  DET  1931,0,N,0,85,97,49,90,100,75,137,50,108,88,89,89,49,85,107,5,8,Line Drive,Normal,Normal,1,1,1,1,1,1,1,1,1,1,1,1,16,17,17,-,-,-,-,-,-,-,-,-,3,NEU,89-91,3/4,Normal,1,24,-,-,-,30,20,27,31,7,9,5,-,-,49,-,-,-,-,-,-,60,-,49,-,-,-,-,-,-,40,54,51,56,5,5,11,11,1,1,0,0,0,0,1,0,0,0,0,0,0,2,0,0.1,-0.13,0,-2.0,-0.2,3.55,0,0,0.0,-0.0,0,0,0,0,0,0,0,0.0,0,0,0,0,0,0,0,0,0,0,0,0,0,0,0,0,0,0,0,0,0,0.00,0,0,0,0,0,0.0,0.0,0.0,0.00,5,5,48,4,44,0,2,0,12.34,0.1,1.084,0,0,35.0,0,0,8,8,2,1,0,0,0,0,0,0,0.0,0.0
1B,Dale Alexander,Dale,Alexander,Atlanta Braves TTC,6' 3',210 lbs,R,R,69,Detroit Tigers,DET,1931,1921-1945,,83676,Bronze,Snapshot  1B Dale Alexander  DET  1931,0,N,0,85,97,49,90,100,75,137,50,108,88,89,89,49,85,107,5,8,Line Drive,Normal,Normal,1,1,1,1,1,1,1,1,1,1,1,1,16,17,17,-,-,-,-,-,-,-,-,-,3,NEU,89-91,3/4,Normal,1,24,-,-,-,30,20,27,31,7,9,5,-,-,49,-,-,-,-,-,-,60,-,49,-,-,-,-,-,-,40,54,51,56,10,10,43,42,11,11,0,0,0,2,3,1,0,0,0,0,0,7,0,3.1,-0.12,3,-2.0,-0.2,3.09,0,0,0.0,0.1,0,0,0,0,0,0,0,0.0,0,0,0,0,0,0,0,0,0,0,0,0,0,0,0,0,0,0,0,0,0,0.00,0,0,0,0,0,0.0,0.0,0.0,0.00,10,10,80,11,67,2,2,0,8.04,-0.7,.881,0,0,87.1,0,0,19,17,4,3,1,1,0,0,1,0,0.0,0.0
1B,Dale Alexander,Dale,Alexander,Indiana Rhubarbs,6' 3',210 lbs,R,R,69,Detroit Tigers,DET,1931,1921-1945,,83676,Bronze,Snapshot  1B Dale Alexander  DET  1931,0,N,0,85,97,49,90,100,75,137,50,108,88,89,89,49,85,107,5,8,Line Drive,Normal,Normal,1,1,1,1,1,1,1,1,1,1,1,1,16,17,17,-,-,-,-,-,-,-,-,-,3,NEU,89-91,3/4,Normal,1,24,-,-,-,30,20,27,31,7,9,5,-,-,49,-,-,-,-,-,-,60,-,49,-,-,-,-,-,-,40,54,51,56,7,7,58,47,26,21,4,1,0,24,23,10,0,0,0,1,0,3,0,22.1,0.13,18,11.8,1.4,4.10,1,0,0.3,-0.1,0,0,0,0,0,0,0,0.0,0,0,0,0,0,0,0,0,0,0,0,0,0,0,0,0,0,0,0,0,0,0.00,0,0,0,0,0,0.0,0.0,0.0,0.00,7,7,57,5,51,1,1,0,7.45,0.2,1.007,0,0,67.2,0,0,17,16,2,2,0,0,0,0,0,0,0.0,0.0
1B,Dale Alexander,Dale,Alexander,Out of Left Field,6' 3',210 lbs,R,R,69,Detroit Tigers,DET,1931,1921-1945,,83676,Bronze,Snapshot  1B Dale Alexander  DET  1931,0,Y,5,92,105,54,98,108,82,148,55,117,96,97,97,54,92,116,5,8,Line Drive,Normal,Normal,1,1,1,1,1,1,1,1,1,1,1,1,16,17,17,-,-,-,-,-,-,-,-,-,3,NEU,89-91,3/4,Normal,1,24,-,-,-,30,20,27,31,7,9,5,-,-,53,-,-,-,-,-,-,64,-,53,-,-,-,-,-,-,40,54,51,56,9,6,31,25,11,4,6,0,1,3,5,6,0,0,0,0,0,3,0,11.8,0.78,10,6.4,0.7,4.19,0,0,0.0,-0.1,0,0,0,0,0,0,0,0.0,0,0,0,0,0,0,0,0,0,0,0,0,0,0,0,0,0,0,0,0,0,0.00,0,0,0,0,0,0.0,0.0,0.0,0.00,6,6,58,4,54,0,4,0,8.85,0.6,1.084,0,0,59.0,0,0,20,20,0,0,0,0,0,0,0,0,0.0,0.0
1B,Dale Alexander,Dale,Alexander,Patchogue Pirates,6' 3',210 lbs,R,R,69,Detroit Tigers,DET,1931,1921-1945,,83676,Bronze,Snapshot  1B Dale Alexander  DET  1931,0,N,0,85,97,49,90,100,75,137,50,108,88,89,89,49,85,107,5,8,Line Drive,Normal,Normal,1,1,1,1,1,1,1,1,1,1,1,1,16,17,17,-,-,-,-,-,-,-,-,-,3,NEU,89-91,3/4,Normal,1,24,-,-,-,30,20,27,31,7,9,5,-,-,49,-,-,-,-,-,-,60,-,49,-,-,-,-,-,-,40,54,51,56,10,10,48,41,11,5,3,0,3,7,6,7,0,0,0,0,0,6,2,8.3,-0.11,9,3.8,0.5,3.92,0,0,0.0,0.3,0,0,0,0,0,0,0,0.0,0,0,0,0,0,0,0,0,0,0,0,0,0,0,0,0,0,0,0,0,0,0.00,0,0,0,0,0,0.0,0.0,0.0,0.00,10,10,111,15,95,1,7,0,10.21,0.2,1.007,0,0,97.0,0,0,36,35,2,1,3,2,1,0,2,0,0.0,0.0
1B,Dale Alexander,Dale,Alexander,Transylvania Counts,6' 3',210 lbs,R,R,69,Detroit Tigers,DET,1931,1921-1945,,83676,Bronze,Snapshot  1B Dale Alexander  DET  1931,0,N,0,85,97,49,90,100,75,137,50,108,88,89,89,49,85,107,5,8,Line Drive,Normal,Normal,1,1,1,1,1,1,1,1,1,1,1,1,16,17,17,-,-,-,-,-,-,-,-,-,3,NEU,89-91,3/4,Normal,1,24,-,-,-,30,20,27,31,7,9,5,-,-,49,-,-,-,-,-,-,60,-,49,-,-,-,-,-,-,40,54,51,56,4,4,15,15,7,4,2,0,1,1,2,0,0,0,0,0,0,5,0,5.6,-0.05,4,2.9,0.3,3.73,0,0,0.0,0.0,0,0,0,0,0,0,0,0.0,0,0,0,0,0,0,0,0,0,0,0,0,0,0,0,0,0,0,0,0,0,0.00,0,0,0,0,0,0.0,0.0,0.0,0.00,4,4,36,3,32,1,0,0,9.55,-0.0,.994,0,0,33.0,0,0,17,16,0,0,0,0,0,0,1,0,0.0,0.0
1B,George Burns,George,Burns,Hancocks and Sidekicks TTC,6' 1',180 lbs,R,R,63,Detroit Tigers,DET,1914,2026,,84380,Bronze,Rookie Sensation  1B George Burns  DET  1914,0,Y,5,106,91,74,71,92,96,73,71,52,72,110,98,75,75,99,57,3,Normal,Normal,Normal,1,1,1,7,1,1,1,7,1,1,1,7,16,-,-,-,-,-,-,-,-,-,-,-,1,NEU,90-92,3/4,Normal,1,15,-,-,-,46,25,45,48,3,3,5,-,-,68,-,-,-,-,-,-,89,-,68,-,-,-,-,-,-,66,76,86,65,16,6,36,35,12,10,2,0,0,3,4,1,0,0,0,0,0,7,0,5.1,0.43,5,1.0,0.1,3.31,0,0,0.0,0.2,0,0,0,0,0,0,0,0.0,0,0,0,0,0,0,0,0,0,0,0,0,0,0,0,0,0,0,0,0,0,0.00,0,0,0,0,0,0.0,0.0,0.0,0.00,7,6,57,3,51,3,4,0,9.11,-0.8,.867,0,0,53.1,0,0,9,6,3,3,0,0,0,0,0,0,0.0,0.0
1B,George Burns,George,Burns,Energy Efficiency,6' 1',180 lbs,R,R,63,Detroit Tigers,DET,1914,2026,,84380,Bronze,Rookie Sensation  1B George Burns  DET  1914,0,N,0,98,84,68,65,85,88,67,65,47,66,102,90,69,69,91,57,3,Normal,Normal,Normal,1,1,1,5,1,1,1,5,1,1,1,5,16,-,-,-,-,-,-,-,-,-,-,-,1,NEU,90-92,3/4,Normal,1,15,-,-,-,46,25,45,48,3,3,5,-,-,63,-,-,-,-,-,-,83,-,63,-,-,-,-,-,-,66,76,86,65,6,6,26,26,9,6,3,0,0,2,5,0,0,0,0,0,0,2,1,3.7,-0.02,4,1.0,0.1,3.54,0,0,0.0,0.0,0,0,0,0,0,0,0,0.0,0,0,0,0,0,0,0,0,0,0,0,0,0,0,0,0,0,0,0,0,0,0.00,0,0,0,0,0,0.0,0.0,0.0,0.00,1,1,14,2,12,0,0,0,15.75,0.1,1.084,0,0,8.0,0,0,3,3,0,0,0,0,0,0,0,0,0.0,0.0
1B,Hal Chase,Hal,Chase,HickoryHoller JayBirds,6' 0',175 lbs,R,L,61,Cincinnati Reds,CIN,1916,2026,,83524,Bronze,Veteran Presence  1B Hal Chase  CIN  1916,0,N,0,109,85,66,32,88,128,118,10,49,75,103,76,74,23,92,79,64,Groundball,Pull,Pull,1,1,1,3,1,1,1,3,1,1,1,3,-,-,-,16,-,17,-,-,-,-,-,-,2,NEU,90-92,OTT,Normal,1,25,-,-,-,59,39,53,47,54,63,42,-,-,71,24,-,-,57,29,-,99,-,71,24,-,-,57,29,-,75,76,84,75,1,1,4,4,1,0,1,0,0,0,1,0,0,0,0,0,0,1,0,0.5,-0.03,0,0.0,0.0,3.50,0,0,0.0,0.0,0,0,0,0,0,0,0,0.0,0,0,0,0,0,0,0,0,0,0,0,0,0,0,0,0,0,0,0,0,0,0.00,0,0,0,0,0,0.0,0.0,0.0,0.00,0,0,0,0,0,0,0,0,0.00,0.0,.000,0,0,0.0,0,0,0,0,0,0,0,0,0,0,0,0,0.0,0.0
1B,Babe Dahlgren,Babe,Dahlgren,Cape Cod Sharks - HotL,6' 0',190 lbs,R,R,67,Pittsburgh Pirates,PIT,1944,1921-1945,,83594,Bronze,Snapshot  1B Babe Dahlgren  PIT  1944,0,Y,5,77,81,91,79,100,62,75,118,63,83,83,83,84,84,105,32,9,Normal,Normal,Normal,1,1,1,1,1,1,1,1,1,1,4,1,16,-,-,-,-,-,-,-,-,-,-,-,1,NEU,90-92,OTT,Normal,1,22,-,-,-,35,21,29,31,6,7,2,-,-,50,-,-,-,-,-,-,72,-,50,-,-,-,-,-,-,41,19,52,26,5,4,16,13,2,1,0,1,0,1,1,3,0,0,0,0,0,4,0,1.5,-0.15,1,-0.2,0.0,3.94,0,0,0.0,0.0,0,0,0,0,0,0,0,0.0,0,0,0,0,0,0,0,0,0,0,0,0,0,0,0,0,0,0,0,0,0,0.00,0,0,0,0,0,0.0,0.0,0.0,0.00,4,4,38,2,36,0,2,0,10.69,0.2,1.084,0,0,32.0,0,0,5,5,1,1,0,0,0,0,0,0,0.0,0.0
1B,Babe Dahlgren,Babe,Dahlgren,Canterbury Tails,6' 0',190 lbs,R,R,67,Pittsburgh Pirates,PIT,1944,1921-1945,,83594,Bronze,Snapshot  1B Babe Dahlgren  PIT  1944,0,Y,5,77,81,91,79,100,62,75,118,63,83,83,83,84,84,105,32,9,Normal,Normal,Normal,1,1,1,1,1,1,1,1,1,1,4,1,16,-,-,-,-,-,-,-,-,-,-,-,1,NEU,90-92,OTT,Normal,1,22,-,-,-,35,21,29,31,6,7,2,-,-,50,-,-,-,-,-,-,72,-,50,-,-,-,-,-,-,41,19,52,26,11,11,48,44,12,10,1,1,0,3,4,3,0,0,0,1,0,4,0,5.1,0.02,5,-0.6,0.1,3.75,0,0,0.0,-0.2,0,0,0,0,0,0,0,0.0,0,0,0,0,0,0,0,0,0,0,0,0,0,0,0,0,0,0,0,0,0,0.00,0,0,0,0,0,0.0,0.0,0.0,0.00,11,11,102,10,90,2,4,0,9.22,0.8,1.084,0,0,97.2,0,0,21,20,3,3,4,2,0,0,1,0,0.0,0.0
1B,Babe Dahlgren,Babe,Dahlgren,Tegridy Farms Weed,6' 0',190 lbs,R,R,67,Pittsburgh Pirates,PIT,1944,1921-1945,,83594,Bronze,Snapshot  1B Babe Dahlgren  PIT  1944,0,N,0,71,74,84,72,92,56,69,109,57,76,76,76,77,77,97,32,9,Normal,Normal,Normal,1,1,1,1,1,1,1,1,1,1,2,1,16,-,-,-,-,-,-,-,-,-,-,-,1,NEU,90-92,OTT,Normal,1,22,-,-,-,35,21,29,31,6,7,2,-,-,46,-,-,-,-,-,-,67,-,46,-,-,-,-,-,-,41,19,52,26,3,3,11,9,1,1,0,0,0,1,1,1,0,0,0,1,0,1,0,0.3,-0.12,0,-1.4,-0.1,4.36,0,0,0.0,0.0,0,0,0,0,0,0,0,0.0,0,0,0,0,0,0,0,0,0,0,0,0,0,0,0,0,0,0,0,0,0,0.00,0,0,0,0,0,0.0,0.0,0.0,0.00,3,3,22,3,19,0,1,0,7.33,0.1,1.084,0,0,27.0,0,0,8,8,0,0,0,0,1,0,1,0,0.0,0.0
1B,Eggie Dallard,Eggie,Dallard,Town of Lake Loons,5' 10',175 lbs,L,R,67,Atlantic City Bacharach Giants,ACBG,1927,1921-1945,,84678,Bronze,Happy Easter  1B Eggie Dallard  ACBG  1927,0,N,0,63,54,82,128,60,61,53,81,126,60,64,55,83,129,61,70,72,Normal,Pull,Normal,1,1,23,1,1,1,23,1,1,1,23,1,16,24,-,-,-,-,-,-,-,-,-,-,2,EX FB,91-93,3/4,Normal,17,22,49,43,52,63,55,58,60,82,49,78,-,39,68,61,-,-,92,74,89,110,39,68,61,-,-,92,74,89,64,49,70,57,6,6,24,19,3,2,0,0,1,1,2,2,0,0,3,0,0,0,0,1.7,0.02,1,-1.6,-0.1,3.12,0,0,0.0,0.0,0,0,0,0,0,0,0,0.0,0,0,0,0,0,0,0,0,0,0,0,0,0,0,0,0,0,0,0,0,0,0.00,0,0,0,0,0,0.0,0.0,0.0,0.00,8,6,44,2,41,1,2,0,7.35,-0.2,.993,0,0,52.2,0,0,17,17,1,0,1,0,1,0,1,0,0.0,-0.1
1B,Eggie Dallard,Eggie,Dallard,Daegu Lions,5' 10',175 lbs,L,R,67,Atlantic City Bacharach Giants,ACBG,1927,1921-1945,,84678,Bronze,Happy Easter  1B Eggie Dallard  ACBG  1927,0,N,0,63,54,82,128,60,61,53,81,126,60,64,55,83,129,61,70,72,Normal,Pull,Normal,1,1,23,1,1,1,23,1,1,1,23,1,16,24,-,-,-,-,-,-,-,-,-,-,2,EX FB,91-93,3/4,Normal,17,22,49,43,52,63,55,58,60,82,49,78,-,39,68,61,-,-,92,74,89,110,39,68,61,-,-,92,74,89,64,49,70,57,13,10,41,31,7,6,0,1,0,3,7,7,0,1,1,1,0,2,0,4.4,0.07,4,0.1,-0.0,3.07,0,0,0.0,-0.8,0,0,0,0,0,0,0,0.0,0,0,0,0,0,0,0,0,0,0,0,0,0,0,0,0,0,0,0,0,0,0.00,0,0,0,0,0,0.0,0.0,0.0,0.00,9,5,20,1,18,1,1,0,3.80,-0.6,.948,0,0,45.0,0,0,12,11,4,2,0,0,1,0,0,0,0.0,0.3
1B,Eggie Dallard,Eggie,Dallard,Sabo's Saturn League Legends TTC,5' 10',175 lbs,L,R,67,Atlantic City Bacharach Giants,ACBG,1927,1921-1945,,84678,Bronze,Happy Easter  1B Eggie Dallard  ACBG  1927,0,N,0,63,54,82,128,60,61,53,81,126,60,64,55,83,129,61,70,72,Normal,Pull,Normal,1,1,23,1,1,1,23,1,1,1,23,1,16,24,-,-,-,-,-,-,-,-,-,-,2,EX FB,91-93,3/4,Normal,17,22,49,43,52,63,55,58,60,82,49,78,-,39,68,61,-,-,92,74,89,110,39,68,61,-,-,92,74,89,64,49,70,57,12,12,53,44,7,5,2,0,0,2,6,6,0,1,1,1,0,12,1,2.9,-0.20,2,-3.3,0.0,3.58,0,0,0.0,0.6,0,0,0,0,0,0,0,0.0,0,0,0,0,0,0,0,0,0,0,0,0,0,0,0,0,0,0,0,0,0,0.00,0,0,0,0,0,0.0,0.0,0.0,0.00,12,12,98,11,86,1,6,0,8.31,1.0,1.055,0,0,105.0,0,0,37,36,1,1,2,1,4,1,1,0,0.0,1.3
1B,Eddie Douglass,Eddie,Douglass,The Colony Lynx,5' 10',175 lbs,L,L,65,Brooklyn Royal Giants,BRG,1924,1921-1945,,84451,Bronze,Negro League Star  1B Eddie Douglass  BRG  1924,0,N,0,68,72,84,65,93,68,71,81,65,90,69,73,85,66,95,70,71,Normal,Normal,Normal,14,30,34,19,14,30,36,22,14,30,33,18,36,-,-,-,-,-,-,-,-,-,38,-,2,EX FB,91-93,3/4,Normal,48,24,1,1,1,43,43,41,36,2,3,9,-,-,59,-,-,-,-,-,-,89,-,59,-,-,-,-,-,-,60,47,67,56,4,4,11,11,4,3,1,0,0,1,0,0,0,0,0,0,0,2,0,1.8,0.08,1,0.5,0.1,3.36,0,0,0.0,0.0,0,0,0,0,0,0,0,0.0,0,0,0,0,0,0,0,0,0,0,0,0,0,0,0,0,0,0,0,0,0,0.00,0,0,0,0,0,0.0,0.0,0.0,0.00,4,4,23,1,22,0,1,0,8.28,0.3,1.084,0,0,25.0,0,0,5,5,1,1,0,0,0,0,0,0,0.0,0.0
1B,Walt Dropo,Walt,Dropo,Deadwood Punch and Judys TTC,6' 5',220 lbs,R,R,63,Chicago White Sox,CHW,1955,1946-1960,,83490,Bronze,Snapshot  1B Walt Dropo  CWS  1955,0,N,0,70,59,89,65,79,73,64,110,58,86,69,56,83,68,77,33,7,Normal,Spray,Spray,1,1,1,4,1,1,1,4,1,1,1,4,16,-,-,-,-,-,-,-,-,-,-,-,1,NEU,89-91,OTT,Normal,1,2,-,-,-,22,61,38,31,8,5,10,-,-,66,-,-,-,-,-,-,85,-,66,-,-,-,-,-,-,24,8,6,30,9,7,27,26,5,4,0,0,1,3,4,0,0,0,0,1,0,6,0,1.6,-0.05,1,-2.1,-0.2,3.63,0,0,0.0,-0.0,0,0,0,0,0,0,0,0.0,0,0,0,0,0,0,0,0,0,0,0,0,0,0,0,0,0,0,0,0,0,0.00,0,0,0,0,0,0.0,0.0,0.0,0.00,9,7,70,6,63,1,5,0,9.86,-0.2,1.007,0,0,63.0,0,0,23,23,2,0,1,0,0,0,0,0,0.0,0.0
1B,Del Gainer,Del,Gainer,Ware Wolves2,6' 0',180 lbs,R,R,63,Boston Red Sox,BOS,1915,2026,,83495,Bronze,Snapshot  1B Del Gainer  BOS  1915,0,Y,1,85,68,70,81,74,104,74,87,72,77,79,67,65,84,73,59,5,Groundball,Spray,Spray,1,1,1,8,1,1,1,8,1,1,1,8,16,-,-,-,-,-,-,-,-,-,-,-,1,GB,89-91,3/4,GB'er,1,23,-,-,-,38,42,36,29,73,55,63,-,-,63,-,-,-,-,60,-,86,-,63,-,-,-,-,60,-,61,63,80,52,13,13,58,51,11,11,0,0,0,3,7,6,0,1,0,0,0,9,0,4.0,-0.07,4,-2.3,-0.0,3.55,0,0,0.0,-0.0,0,0,0,0,0,0,0,0.0,0,0,0,0,0,0,0,0,0,0,0,0,0,0,0,0,0,0,0,0,0,0.00,0,0,0,0,0,0.0,0.0,0.0,0.00,13,13,118,17,101,0,6,0,8.85,1.0,1.048,0,0,120.0,0,0,37,37,2,1,4,2,1,1,1,0,0.0,0.0
1B,Del Gainer,Del,Gainer,Michigan Black Bears,6' 0',180 lbs,R,R,63,Boston Red Sox,BOS,1915,2026,,83495,Bronze,Snapshot  1B Del Gainer  BOS  1915,0,Y,5,90,72,74,86,79,110,79,92,76,82,84,71,69,89,77,59,5,Groundball,Spray,Spray,1,1,1,9,1,1,1,9,1,1,1,9,16,-,-,-,-,-,-,-,-,-,-,-,1,GB,89-91,3/4,GB'er,1,23,-,-,-,38,42,36,29,73,55,63,-,-,66,-,-,-,-,64,-,91,-,66,-,-,-,-,64,-,61,63,80,52,7,7,32,30,10,6,4,0,0,4,3,2,0,0,0,0,0,5,3,4.2,-0.12,5,1.7,0.3,3.41,1,0,0.3,-0.2,0,0,0,0,0,0,0,0.0,0,0,0,0,0,0,0,0,0,0,0,0,0,0,0,0,0,0,0,0,0,0.00,0,0,0,0,0,0.0,0.0,0.0,0.00,8,7,70,9,60,1,1,0,9.86,0.4,1.017,0,0,63.0,0,0,23,23,3,2,2,1,0,0,1,0,0.0,0.6
1B,George Kelly,George,Kelly,Newport News Dodgers_TTC,6' 4',190 lbs,R,R,66,New York Giants,SFG,1926,1921-1945,,83598,Bronze,Snapshot  1B George Kelly  NY1  1926,0,N,0,70,66,94,61,81,76,54,88,75,99,69,70,97,54,75,53,5,Normal,Pull,Pull,1,1,1,1,1,1,1,1,1,1,1,1,-,-,-,16,-,17,-,-,-,-,-,-,2,NEU,90-92,SIDE,Normal,1,1,-,-,-,39,54,41,45,8,5,7,-,-,82,34,-,-,-,-,-,93,-,82,34,-,-,-,-,-,46,57,47,41,7,7,20,19,3,2,0,1,0,1,1,0,0,0,0,1,0,0,0,0.8,-0.21,0,-2.1,-0.2,3.60,0,0,0.0,0.0,0,0,0,0,0,0,0,0.0,0,0,0,0,0,0,0,0,0,0,0,0,0,0,0,0,0,0,0,0,0,0.00,0,0,0,0,0,0.0,0.0,0.0,0.00,7,7,65,5,59,1,5,0,10.22,0.1,.976,0,0,56.1,0,0,19,18,0,0,1,1,0,0,0,0,0.0,0.0
1B,George Kelly,George,Kelly,Beachcrest Blue Hornets,6' 4',190 lbs,R,R,66,New York Giants,SFG,1926,1921-1945,,83598,Bronze,Snapshot  1B George Kelly  NY1  1926,0,N,0,70,66,94,61,81,76,54,88,75,99,69,70,97,54,75,53,5,Normal,Pull,Pull,1,1,1,1,1,1,1,1,1,1,1,1,-,-,-,16,-,17,-,-,-,-,-,-,2,NEU,90-92,SIDE,Normal,1,1,-,-,-,39,54,41,45,8,5,7,-,-,82,34,-,-,-,-,-,93,-,82,34,-,-,-,-,-,46,57,47,41,4,4,14,13,1,1,0,0,0,0,0,0,0,1,0,0,0,4,0,0.2,-0.14,0,-2.1,-0.2,2.79,0,0,0.0,0.0,0,0,0,0,0,0,0,0.0,0,0,0,0,0,0,0,0,0,0,0,0,0,0,0,0,0,0,0,0,0,0.00,0,0,0,0,0,0.0,0.0,0.0,0.00,4,4,37,2,34,1,3,0,9.53,-0.2,.929,0,0,34.0,0,0,8,8,1,0,0,0,0,0,0,0,0.0,0.0
1B,George Kelly,George,Kelly,HickoryHoller JayBirds,6' 4',190 lbs,R,R,66,New York Giants,SFG,1926,1921-1945,,83598,Bronze,Snapshot  1B George Kelly  NY1  1926,0,N,0,70,66,94,61,81,76,54,88,75,99,69,70,97,54,75,53,5,Normal,Pull,Pull,1,1,1,1,1,1,1,1,1,1,1,1,-,-,-,16,-,17,-,-,-,-,-,-,2,NEU,90-92,SIDE,Normal,1,1,-,-,-,39,54,41,45,8,5,7,-,-,82,34,-,-,-,-,-,93,-,82,34,-,-,-,-,-,46,57,47,41,7,7,32,30,8,6,0,0,2,3,3,0,0,0,1,1,0,5,1,3.3,-0.02,3,-0.2,0.0,3.28,0,0,0.0,0.1,0,0,0,0,0,0,0,0.0,0,0,0,0,0,0,0,0,0,0,0,0,0,0,0,0,0,0,0,0,0,0.00,0,0,0,0,0,0.0,0.0,0.0,0.00,7,7,81,8,72,1,5,0,10.85,-0.2,1.024,0,0,66.1,0,0,26,24,3,2,1,0,0,0,0,0,0.0,0.0
1B,George Kelly,George,Kelly,Energy Efficiency,6' 4',190 lbs,R,R,66,New York Giants,SFG,1926,1921-1945,,83598,Bronze,Snapshot  1B George Kelly  NY1  1926,0,N,0,70,66,94,61,81,76,54,88,75,99,69,70,97,54,75,53,5,Normal,Pull,Pull,1,1,1,1,1,1,1,1,1,1,1,1,-,-,-,16,-,17,-,-,-,-,-,-,2,NEU,90-92,SIDE,Normal,1,1,-,-,-,39,54,41,45,8,5,7,-,-,82,34,-,-,-,-,-,93,-,82,34,-,-,-,-,-,46,57,47,41,12,12,57,51,13,12,0,0,1,3,5,5,0,0,0,1,0,10,0,5.6,-0.08,5,-0.9,-0.1,3.75,0,0,0.0,-0.9,0,0,0,0,0,0,0,0.0,0,0,0,0,0,0,0,0,0,0,0,0,0,0,0,0,0,0,0,0,0,0.00,0,0,0,0,0,0.0,0.0,0.0,0.00,12,12,165,18,144,3,16,0,11.57,0.1,1.009,0,0,126.0,0,0,47,44,2,2,1,1,2,0,1,0,0.0,0.0
1B,Ted Kluszewski,Ted,Kluszewski,HILITE RECORDS,6' 2',225 lbs,L,L,67,Chicago White Sox,CHW,1959,1946-1960,CS,86617,Bronze,Clubhouse - Veteran Presence  1B Ted Kluszewski  CWS  1959,0,N,0,95,67,98,86,108,152,128,44,73,79,82,32,118,91,122,39,17,Groundball,Normal,Normal,1,1,1,4,1,1,1,4,1,1,1,4,16,-,-,-,-,-,-,-,-,-,-,-,1,NEU,89-91,3/4,Normal,1,1,-,-,-,45,110,48,31,8,5,4,-,-,88,-,-,-,-,-,-,124,-,88,-,-,-,-,-,-,15,15,6,20,12,11,44,43,15,11,1,1,2,4,4,1,1,0,0,0,0,2,2,7.6,0.07,7,2.7,0.4,3.50,0,0,0.0,-0.3,0,0,0,0,0,0,0,0.0,0,0,0,0,0,0,0,0,0,0,0,0,0,0,0,0,0,0,0,0,0,0.00,0,0,0,0,0,0.0,0.0,0.0,0.00,11,11,107,14,91,2,3,0,9.84,1.4,1.084,0,0,96.0,0,0,26,24,4,4,3,3,1,1,1,0,0.0,0.0
1B,Ted Kluszewski,Ted,Kluszewski,Black Dog,6' 2',225 lbs,L,L,67,Chicago White Sox,CHW,1959,1946-1960,CS,86617,Bronze,Clubhouse - Veteran Presence  1B Ted Kluszewski  CWS  1959,0,N,0,95,67,98,86,108,152,128,44,73,79,82,32,118,91,122,39,17,Groundball,Normal,Normal,1,1,1,4,1,1,1,4,1,1,1,4,16,-,-,-,-,-,-,-,-,-,-,-,1,NEU,89-91,3/4,Normal,1,1,-,-,-,45,110,48,31,8,5,4,-,-,88,-,-,-,-,-,-,124,-,88,-,-,-,-,-,-,15,15,6,20,9,7,33,27,5,5,0,0,0,2,5,6,3,0,0,0,0,6,0,1.9,-0.23,1,-2.8,-0.3,3.64,0,0,0.0,-0.9,0,0,0,0,0,0,0,0.0,0,0,0,0,0,0,0,0,0,0,0,0,0,0,0,0,0,0,0,0,0,0.00,0,0,0,0,0,0.0,0.0,0.0,0.00,7,7,72,2,69,1,2,0,10.48,-0.1,1.084,0,0,61.0,0,0,16,16,6,3,1,0,0,0,0,0,0.0,0.0
1B,Ted Kluszewski,Ted,Kluszewski,Cape Cod Sharks - HotL,6' 2',225 lbs,L,L,67,Chicago White Sox,CHW,1959,1946-1960,CS,86617,Bronze,Clubhouse - Veteran Presence  1B Ted Kluszewski  CWS  1959,0,N,0,95,67,98,86,108,152,128,44,73,79,82,32,118,91,122,39,17,Groundball,Normal,Normal,1,1,1,4,1,1,1,4,1,1,1,4,16,-,-,-,-,-,-,-,-,-,-,-,1,NEU,89-91,3/4,Normal,1,1,-,-,-,45,110,48,31,8,5,4,-,-,88,-,-,-,-,-,-,124,-,88,-,-,-,-,-,-,15,15,6,20,14,12,53,47,12,9,1,0,2,5,7,6,1,0,0,0,0,2,0,6.9,0.61,6,0.6,0.3,3.57,0,0,0.0,-0.1,0,0,0,0,0,0,0,0.0,0,0,0,0,0,0,0,0,0,0,0,0,0,0,0,0,0,0,0,0,0,0.00,0,0,0,0,0,0.0,0.0,0.0,0.00,13,12,124,12,112,0,7,0,10.05,1.2,1.084,0,0,111.0,0,0,36,36,2,2,1,0,0,0,0,0,0.0,0.0
1B,Ted Kluszewski,Ted,Kluszewski,OKC Whirlwinds - PCK,6' 2',225 lbs,L,L,67,Chicago White Sox,CHW,1959,1946-1960,CS,86617,Bronze,Clubhouse - Veteran Presence  1B Ted Kluszewski  CWS  1959,0,N,0,95,67,98,86,108,152,128,44,73,79,82,32,118,91,122,39,17,Groundball,Normal,Normal,1,1,1,4,1,1,1,4,1,1,1,4,16,-,-,-,-,-,-,-,-,-,-,-,1,NEU,89-91,3/4,Normal,1,1,-,-,-,45,110,48,31,8,5,4,-,-,88,-,-,-,-,-,-,124,-,88,-,-,-,-,-,-,15,15,6,20,17,5,34,28,6,5,1,0,0,4,4,6,1,0,0,0,0,8,0,2.9,0.06,3,-0.9,0.1,3.62,0,0,0.0,0.2,0,0,0,0,0,0,0,0.0,0,0,0,0,0,0,0,0,0,0,0,0,0,0,0,0,0,0,0,0,0,0.00,0,0,0,0,0,0.0,0.0,0.0,0.00,11,5,63,9,54,0,1,0,9.40,0.7,1.084,0,0,60.1,0,0,19,18,1,1,2,2,1,0,0,0,0.0,0.0
1B,Ted Kluszewski,Ted,Kluszewski,Breslau Binturings - HotL,6' 2',225 lbs,L,L,67,Chicago White Sox,CHW,1959,1946-1960,CS,86617,Bronze,Clubhouse - Veteran Presence  1B Ted Kluszewski  CWS  1959,0,N,0,95,67,98,86,108,152,128,44,73,79,82,32,118,91,122,39,17,Groundball,Normal,Normal,1,1,1,4,1,1,1,4,1,1,1,4,16,-,-,-,-,-,-,-,-,-,-,-,1,NEU,89-91,3/4,Normal,1,1,-,-,-,45,110,48,31,8,5,4,-,-,88,-,-,-,-,-,-,124,-,88,-,-,-,-,-,-,15,15,6,20,8,6,28,24,9,7,1,0,1,4,6,4,2,0,0,0,0,2,1,5.8,0.44,5,2.0,0.3,3.93,0,0,0.0,-0.0,0,0,0,0,0,0,0,0.0,0,0,0,0,0,0,0,0,0,0,0,0,0,0,0,0,0,0,0,0,0,0.00,0,0,0,0,0,0.0,0.0,0.0,0.00,8,6,70,5,65,0,5,0,11.05,0.8,1.084,0,0,57.0,0,0,19,19,0,0,0,0,2,1,0,0,0.0,0.0
1B,Ted Kluszewski,Ted,Kluszewski,EVC's Let the Music Play Ball-TTC,6' 2',225 lbs,L,L,67,Chicago White Sox,CHW,1959,1946-1960,CS,86617,Bronze,Clubhouse - Veteran Presence  1B Ted Kluszewski  CWS  1959,0,N,0,95,67,98,86,108,152,128,44,73,79,82,32,118,91,122,39,17,Groundball,Normal,Normal,1,1,1,4,1,1,1,4,1,1,1,4,16,-,-,-,-,-,-,-,-,-,-,-,1,NEU,89-91,3/4,Normal,1,1,-,-,-,45,110,48,31,8,5,4,-,-,88,-,-,-,-,-,-,124,-,88,-,-,-,-,-,-,15,15,6,20,15,13,59,51,15,12,0,1,2,8,8,7,0,0,0,1,0,5,1,9.0,0.23,9,2.7,0.4,4.12,0,0,0.0,0.1,0,0,0,0,0,0,0,0.0,0,0,0,0,0,0,0,0,0,0,0,0,0,0,0,0,0,0,0,0,0,0.00,0,0,0,0,0,0.0,0.0,0.0,0.00,14,13,120,10,109,1,7,0,9.08,-0.0,.981,0,0,118.0,0,0,28,27,1,1,2,1,2,0,0,0,0.0,0.0
1B,Ted Kluszewski,Ted,Kluszewski,Smyrna Stooges,6' 2',225 lbs,L,L,67,Chicago White Sox,CHW,1959,1946-1960,CS,86617,Bronze,Clubhouse - Veteran Presence  1B Ted Kluszewski  CWS  1959,0,N,0,95,67,98,86,108,152,128,44,73,79,82,32,118,91,122,39,17,Groundball,Normal,Normal,1,1,1,4,1,1,1,4,1,1,1,4,16,-,-,-,-,-,-,-,-,-,-,-,1,NEU,89-91,3/4,Normal,1,1,-,-,-,45,110,48,31,8,5,4,-,-,88,-,-,-,-,-,-,124,-,88,-,-,-,-,-,-,15,15,6,20,3,2,10,10,5,2,0,0,3,7,3,0,0,0,0,0,0,0,0,7.0,0.53,5,3.9,0.4,2.40,0,0,0.0,-0.1,0,0,0,0,0,0,0,0.0,0,0,0,0,0,0,0,0,0,0,0,0,0,0,0,0,0,0,0,0,0,0.00,0,0,0,0,0,0.0,0.0,0.0,0.00,2,2,22,3,19,0,1,0,11.65,0.1,1.084,0,0,17.0,0,0,8,8,2,2,2,0,0,0,1,0,0.0,0.0
1B,Ted Kluszewski,Ted,Kluszewski,Deadwood Punch and Judys TTC,6' 2',225 lbs,L,L,67,Chicago White Sox,CHW,1959,1946-1960,CS,86617,Bronze,Clubhouse - Veteran Presence  1B Ted Kluszewski  CWS  1959,0,N,0,95,67,98,86,108,152,128,44,73,79,82,32,118,91,122,39,17,Groundball,Normal,Normal,1,1,1,4,1,1,1,4,1,1,1,4,16,-,-,-,-,-,-,-,-,-,-,-,1,NEU,89-91,3/4,Normal,1,1,-,-,-,45,110,48,31,8,5,4,-,-,88,-,-,-,-,-,-,124,-,88,-,-,-,-,-,-,15,15,6,20,21,17,78,70,24,15,2,1,6,18,10,5,0,2,0,1,0,3,2,18.0,1.20,18,8.9,1.1,3.86,0,0,0.0,-0.3,0,0,0,0,0,0,0,0.0,0,0,0,0,0,0,0,0,0,0,0,0,0,0,0,0,0,0,0,0,0,0.00,0,0,0,0,0,0.0,0.0,0.0,0.00,18,17,169,15,154,0,12,0,10.28,1.0,1.084,0,0,148.0,0,0,40,38,5,4,4,3,2,0,2,0,0.0,0.0
1B,Ted Kluszewski,Ted,Kluszewski,Madison Moundsmen,6' 2',225 lbs,L,L,67,Chicago White Sox,CHW,1959,1946-1960,CS,86617,Bronze,Clubhouse - Veteran Presence  1B Ted Kluszewski  CWS  1959,0,N,0,95,67,98,86,108,152,128,44,73,79,82,32,118,91,122,39,17,Groundball,Normal,Normal,1,1,1,4,1,1,1,4,1,1,1,4,16,-,-,-,-,-,-,-,-,-,-,-,1,NEU,89-91,3/4,Normal,1,1,-,-,-,45,110,48,31,8,5,4,-,-,88,-,-,-,-,-,-,124,-,88,-,-,-,-,-,-,15,15,6,20,7,7,32,30,8,6,0,1,1,3,4,2,0,0,0,0,0,3,0,4.2,0.24,4,0.6,0.1,3.62,0,0,0.0,0.3,0,0,0,0,0,0,0,0.0,0,0,0,0,0,0,0,0,0,0,0,0,0,0,0,0,0,0,0,0,0,0.00,0,0,0,0,0,0.0,0.0,0.0,0.00,7,7,67,5,61,1,1,0,9.79,-0.5,.976,0,0,60.2,0,0,11,11,3,1,2,1,2,0,1,0,0.0,0.0
1B,Ted Kluszewski,Ted,Kluszewski,Groundball Defenders,6' 2',225 lbs,L,L,67,Chicago White Sox,CHW,1959,1946-1960,CS,86617,Bronze,Clubhouse - Veteran Presence  1B Ted Kluszewski  CWS  1959,0,N,0,95,67,98,86,108,152,128,44,73,79,82,32,118,91,122,39,17,Groundball,Normal,Normal,1,1,1,4,1,1,1,4,1,1,1,4,16,-,-,-,-,-,-,-,-,-,-,-,1,NEU,89-91,3/4,Normal,1,1,-,-,-,45,110,48,31,8,5,4,-,-,88,-,-,-,-,-,-,124,-,88,-,-,-,-,-,-,15,15,6,20,15,15,67,62,14,11,0,0,3,6,6,5,0,0,0,0,0,7,1,6.5,-0.02,7,-0.7,-0.1,3.72,0,0,0.0,-0.6,0,0,0,0,0,0,0,0.0,0,0,0,0,0,0,0,0,0,0,0,0,0,0,0,0,0,0,0,0,0,0.00,0,0,0,0,0,0.0,0.0,0.0,0.00,2,2,16,2,14,0,1,0,7.58,-0.0,1.084,0,0,19.0,0,0,6,6,1,0,0,0,0,0,0,0,0.0,0.0
1B,Ted Kluszewski,Ted,Kluszewski,White Rabbitt,6' 2',225 lbs,L,L,67,Chicago White Sox,CHW,1959,1946-1960,CS,86617,Bronze,Clubhouse - Veteran Presence  1B Ted Kluszewski  CWS  1959,0,N,0,95,67,98,86,108,152,128,44,73,79,82,32,118,91,122,39,17,Groundball,Normal,Normal,1,1,1,4,1,1,1,4,1,1,1,4,16,-,-,-,-,-,-,-,-,-,-,-,1,NEU,89-91,3/4,Normal,1,1,-,-,-,45,110,48,31,8,5,4,-,-,88,-,-,-,-,-,-,124,-,88,-,-,-,-,-,-,15,15,6,20,18,17,79,75,19,11,0,1,7,21,15,4,0,0,0,0,0,6,1,12.0,0.72,13,3.7,0.7,3.72,0,0,0.0,-0.9,0,0,0,0,0,0,0,0.0,0,0,0,0,0,0,0,0,0,0,0,0,0,0,0,0,0,0,0,0,0,0.00,0,0,0,0,0,0.0,0.0,0.0,0.00,17,17,159,14,145,0,8,0,9.69,2.7,1.183,0,0,147.2,0,0,42,42,5,4,2,2,0,0,1,0,0.0,0.0
1B,Ted Kluszewski,Ted,Kluszewski,Ethiopia Pink Elephants,6' 2',225 lbs,L,L,67,Chicago White Sox,CHW,1959,1946-1960,CS,86617,Bronze,Clubhouse - Veteran Presence  1B Ted Kluszewski  CWS  1959,0,N,0,95,67,98,86,108,152,128,44,73,79,82,32,118,91,122,39,17,Groundball,Normal,Normal,1,1,1,4,1,1,1,4,1,1,1,4,16,-,-,-,-,-,-,-,-,-,-,-,1,NEU,89-91,3/4,Normal,1,1,-,-,-,45,110,48,31,8,5,4,-,-,88,-,-,-,-,-,-,124,-,88,-,-,-,-,-,-,15,15,6,20,6,6,27,23,12,8,0,1,3,8,7,3,0,0,0,1,0,2,1,12.6,0.63,10,7.0,0.7,3.81,0,0,0.0,-0.6,0,0,0,0,0,0,0,0.0,0,0,0,0,0,0,0,0,0,0,0,0,0,0,0,0,0,0,0,0,0,0.00,0,0,0,0,0,0.0,0.0,0.0,0.00,2,2,13,0,13,0,2,0,7.31,0.0,.000,0,0,16.0,0,0,1,1,0,0,0,0,0,0,0,0,0.0,0.0
1B,Ted Kluszewski,Ted,Kluszewski,New Platson Grand Petites HotL,6' 2',225 lbs,L,L,67,Chicago White Sox,CHW,1959,1946-1960,CS,86617,Bronze,Clubhouse - Veteran Presence  1B Ted Kluszewski  CWS  1959,0,N,0,95,67,98,86,108,152,128,44,73,79,82,32,118,91,122,39,17,Groundball,Normal,Normal,1,1,1,4,1,1,1,4,1,1,1,4,16,-,-,-,-,-,-,-,-,-,-,-,1,NEU,89-91,3/4,Normal,1,1,-,-,-,45,110,48,31,8,5,4,-,-,88,-,-,-,-,-,-,124,-,88,-,-,-,-,-,-,15,15,6,20,4,4,17,15,6,6,0,0,0,0,3,1,0,1,0,0,0,4,0,3.1,-0.08,3,1.3,0.2,3.94,0,0,0.0,0.1,0,0,0,0,0,0,0,0.0,0,0,0,0,0,0,0,0,0,0,0,0,0,0,0,0,0,0,0,0,0,0.00,0,0,0,0,0,0.0,0.0,0.0,0.00,4,4,40,7,33,0,0,0,10.91,0.4,1.084,0,0,33.0,0,0,16,16,1,1,0,0,2,0,1,0,0.0,0.0
1B,Ted Kluszewski,Ted,Kluszewski,BAGgin' Dingers TTC,6' 2',225 lbs,L,L,67,Chicago White Sox,CHW,1959,1946-1960,CS,86617,Bronze,Clubhouse - Veteran Presence  1B Ted Kluszewski  CWS  1959,0,N,0,95,67,98,86,108,152,128,44,73,79,82,32,118,91,122,39,17,Groundball,Normal,Normal,1,1,1,4,1,1,1,4,1,1,1,4,16,-,-,-,-,-,-,-,-,-,-,-,1,NEU,89-91,3/4,Normal,1,1,-,-,-,45,110,48,31,8,5,4,-,-,88,-,-,-,-,-,-,124,-,88,-,-,-,-,-,-,15,15,6,20,8,8,33,33,11,9,1,0,1,1,4,0,0,0,0,0,0,3,0,5.0,0.02,4,1.1,0.3,3.27,0,0,0.0,0.2,0,0,0,0,0,0,0,0.0,0,0,0,0,0,0,0,0,0,0,0,0,0,0,0,0,0,0,0,0,0,0.00,0,0,0,0,0,0.0,0.0,0.0,0.00,8,8,64,3,61,0,3,0,8.15,0.8,1.220,0,0,70.2,0,0,11,11,2,2,0,0,0,0,0,0,0.0,0.0
1B,Ted Kluszewski,Ted,Kluszewski,Carlos Chaos Cats,6' 2',225 lbs,L,L,67,Chicago White Sox,CHW,1959,1946-1960,CS,86617,Bronze,Clubhouse - Veteran Presence  1B Ted Kluszewski  CWS  1959,0,N,0,95,67,98,86,108,152,128,44,73,79,82,32,118,91,122,39,17,Groundball,Normal,Normal,1,1,1,4,1,1,1,4,1,1,1,4,16,-,-,-,-,-,-,-,-,-,-,-,1,NEU,89-91,3/4,Normal,1,1,-,-,-,45,110,48,31,8,5,4,-,-,88,-,-,-,-,-,-,124,-,88,-,-,-,-,-,-,15,15,6,20,4,4,17,15,2,2,0,0,0,0,0,2,0,0,0,0,0,2,0,0.6,-0.32,0,-1.6,-0.1,4.12,0,0,0.0,0.1,0,0,0,0,0,0,0,0.0,0,0,0,0,0,0,0,0,0,0,0,0,0,0,0,0,0,0,0,0,0,0.00,0,0,0,0,0,0.0,0.0,0.0,0.00,0,0,0,0,0,0,0,0,0.00,0.0,.000,0,0,0.0,0,0,0,0,0,0,0,0,0,0,0,0,0.0,0.0
1B,Ted Kluszewski,Ted,Kluszewski,King Street 504s,6' 2',225 lbs,L,L,67,Chicago White Sox,CHW,1959,1946-1960,CS,86617,Bronze,Clubhouse - Veteran Presence  1B Ted Kluszewski  CWS  1959,0,N,0,95,67,98,86,108,152,128,44,73,79,82,32,118,91,122,39,17,Groundball,Normal,Normal,1,1,1,4,1,1,1,4,1,1,1,4,16,-,-,-,-,-,-,-,-,-,-,-,1,NEU,89-91,3/4,Normal,1,1,-,-,-,45,110,48,31,8,5,4,-,-,88,-,-,-,-,-,-,124,-,88,-,-,-,-,-,-,15,15,6,20,5,5,26,24,8,7,0,0,1,2,3,2,0,0,0,0,0,3,2,3.5,-0.25,4,1.4,0.2,3.31,0,0,0.0,0.0,0,0,0,0,0,0,0,0.0,0,0,0,0,0,0,0,0,0,0,0,0,0,0,0,0,0,0,0,0,0,0.00,0,0,0,0,0,0.0,0.0,0.0,0.00,5,5,57,4,53,0,3,0,10.06,0.5,1.084,0,0,51.0,0,0,10,10,1,1,0,0,0,0,0,0,0.0,0.0
1B,Ted Kluszewski,Ted,Kluszewski,Out of Left Field,6' 2',225 lbs,L,L,67,Chicago White Sox,CHW,1959,1946-1960,CS,86617,Bronze,Clubhouse - Veteran Presence  1B Ted Kluszewski  CWS  1959,0,N,0,95,67,98,86,108,152,128,44,73,79,82,32,118,91,122,39,17,Groundball,Normal,Normal,1,1,1,4,1,1,1,4,1,1,1,4,16,-,-,-,-,-,-,-,-,-,-,-,1,NEU,89-91,3/4,Normal,1,1,-,-,-,45,110,48,31,8,5,4,-,-,88,-,-,-,-,-,-,124,-,88,-,-,-,-,-,-,15,15,6,20,24,22,103,92,27,18,3,0,6,11,17,9,0,0,1,1,0,17,2,17.0,-0.02,17,5.7,1.0,3.54,0,0,0.0,0.1,0,0,0,0,0,0,0,0.0,0,0,0,0,0,0,0,0,0,0,0,0,0,0,0,0,0,0,0,0,0,0.00,0,0,0,0,0,0.0,0.0,0.0,0.00,22,22,233,26,206,1,11,0,10.69,2.8,1.084,0,0,195.1,0,0,54,54,8,8,2,2,1,0,2,0,0.0,0.0
1B,Ted Kluszewski,Ted,Kluszewski,Tegridy Farms Weed,6' 2',225 lbs,L,L,67,Chicago White Sox,CHW,1959,1946-1960,CS,86617,Bronze,Clubhouse - Veteran Presence  1B Ted Kluszewski  CWS  1959,0,N,0,95,67,98,86,108,152,128,44,73,79,82,32,118,91,122,39,17,Groundball,Normal,Normal,1,1,1,4,1,1,1,4,1,1,1,4,16,-,-,-,-,-,-,-,-,-,-,-,1,NEU,89-91,3/4,Normal,1,1,-,-,-,45,110,48,31,8,5,4,-,-,88,-,-,-,-,-,-,124,-,88,-,-,-,-,-,-,15,15,6,20,14,13,52,46,13,10,0,0,3,7,5,5,0,1,0,0,0,5,1,8.2,0.15,8,2.8,0.3,3.71,0,0,0.0,-0.2,0,0,0,0,0,0,0,0.0,0,0,0,0,0,0,0,0,0,0,0,0,0,0,0,0,0,0,0,0,0,0.00,0,0,0,0,0,0.0,0.0,0.0,0.00,13,13,118,15,101,2,8,0,9.18,-0.7,.922,0,0,113.2,0,0,22,19,5,5,0,0,1,0,1,0,0.0,0.0
1B,Joe Kuhel,Joe,Kuhel,DongTan Milky,6' 0',180 lbs,L,L,66,Washington Senators,MIN,1945,1921-1945,,83622,Bronze,Veteran Presence  1B Joe Kuhel  WS1  1945,0,N,0,70,95,39,99,108,88,73,28,125,80,64,104,43,94,121,10,60,Line Drive,Spray,Spray,1,1,1,2,1,1,2,2,1,1,1,2,16,-,-,-,-,-,-,-,-,-,-,-,1,NEU,89-91,OTT,Normal,1,2,-,-,-,35,31,49,83,6,1,2,-,-,55,-,-,-,-,-,-,82,-,55,-,-,-,-,-,-,73,45,67,82,4,4,16,16,4,3,0,1,0,1,1,0,0,0,0,0,0,1,0,1.5,0.29,1,-0.5,0.1,3.94,0,0,0.0,0.1,0,0,0,0,0,0,0,0.0,0,0,0,0,0,0,0,0,0,0,0,0,0,0,0,0,0,0,0,0,0,0.00,0,0,0,0,0,0.0,0.0,0.0,0.00,4,4,39,3,36,0,1,0,10.12,0.7,1.239,0,0,34.2,0,0,9,9,1,1,0,0,0,0,0,0,0.0,0.0
1B,Johnny Neun,Johnny,Neun,Birmingham Black Barons,6' 0',175 lbs,S,L,63,Detroit Tigers,DET,1927,1921-1945,,85736,Bronze,T4 Ep. 2 - Unsung Heroes  1B Johnny Neun  DET  1927,0,N,0,129,68,1,140,85,104,33,1,144,69,138,75,1,138,90,69,64,Groundball,Spray,Spray,1,1,1,4,1,1,1,4,1,1,1,4,16,-,-,-,-,-,-,-,-,-,-,-,1,NEU,89-91,OTT,Normal,1,20,-,-,-,39,18,27,59,7,2,4,-,-,50,-,-,-,-,-,-,73,-,50,-,-,-,-,-,-,81,100,105,78,8,3,20,17,2,2,0,0,0,2,1,2,0,0,0,1,0,3,0,0.6,-0.16,0,-2.3,-0.2,3.95,0,0,0.0,-0.2,0,0,0,0,0,0,0,0.0,0,0,0,0,0,0,0,0,0,0,0,0,0,0,0,0,0,0,0,0,0,0.00,0,0,0,0,0,0.0,0.0,0.0,0.00,3,2,34,6,28,0,1,0,14.57,0.3,1.084,0,0,21.0,0,0,8,8,0,0,0,0,0,0,0,0,0.0,0.0
1B,Johnny Neun,Johnny,Neun,The Colony Lynx,6' 0',175 lbs,S,L,63,Detroit Tigers,DET,1927,1921-1945,,85736,Bronze,T4 Ep. 2 - Unsung Heroes  1B Johnny Neun  DET  1927,0,N,0,129,68,1,140,85,104,33,1,144,69,138,75,1,138,90,69,64,Groundball,Spray,Spray,1,1,1,4,1,1,1,4,1,1,1,4,16,-,-,-,-,-,-,-,-,-,-,-,1,NEU,89-91,OTT,Normal,1,20,-,-,-,39,18,27,59,7,2,4,-,-,50,-,-,-,-,-,-,73,-,50,-,-,-,-,-,-,81,100,105,78,6,2,13,13,5,5,0,0,0,1,2,0,0,0,0,0,0,3,0,1.9,-0.01,1,0.4,0.1,4.08,0,0,0.0,-0.0,0,0,0,0,0,0,0,0.0,0,0,0,0,0,0,0,0,0,0,0,0,0,0,0,0,0,0,0,0,0,0.00,0,0,0,0,0,0.0,0.0,0.0,0.00,2,2,17,1,16,0,0,0,8.05,0.1,1.084,0,0,19.0,0,0,3,3,0,0,0,0,0,0,0,0,0.0,0.0
1B,Johnny Neun,Johnny,Neun,HILITE RECORDS,6' 0',175 lbs,S,L,63,Detroit Tigers,DET,1927,1921-1945,,85736,Bronze,T4 Ep. 2 - Unsung Heroes  1B Johnny Neun  DET  1927,0,N,0,129,68,1,140,85,104,33,1,144,69,138,75,1,138,90,69,64,Groundball,Spray,Spray,1,1,1,4,1,1,1,4,1,1,1,4,16,-,-,-,-,-,-,-,-,-,-,-,1,NEU,89-91,OTT,Normal,1,20,-,-,-,39,18,27,59,7,2,4,-,-,50,-,-,-,-,-,-,73,-,50,-,-,-,-,-,-,81,100,105,78,12,11,49,44,6,4,1,1,0,2,3,4,0,0,0,1,0,5,0,2.2,-0.11,1,-4.5,-0.4,3.71,0,0,0.0,0.1,0,0,0,0,0,0,0,0.0,0,0,0,0,0,0,0,0,0,0,0,0,0,0,0,0,0,0,0,0,0,0.00,0,0,0,0,0,0.0,0.0,0.0,0.00,0,0,0,0,0,0,0,0,0.00,0.0,.000,0,0,0.0,0,0,0,0,0,0,0,0,0,0,0,0,0.0,0.0
1B,Johnny Neun,Johnny,Neun,Jinzhou Speedster,6' 0',175 lbs,S,L,63,Detroit Tigers,DET,1927,1921-1945,,85736,Bronze,T4 Ep. 2 - Unsung Heroes  1B Johnny Neun  DET  1927,0,N,0,129,68,1,140,85,104,33,1,144,69,138,75,1,138,90,69,64,Groundball,Spray,Spray,1,1,1,4,1,1,1,4,1,1,1,4,16,-,-,-,-,-,-,-,-,-,-,-,1,NEU,89-91,OTT,Normal,1,20,-,-,-,39,18,27,59,7,2,4,-,-,50,-,-,-,-,-,-,73,-,50,-,-,-,-,-,-,81,100,105,78,6,6,28,24,5,3,1,1,0,1,4,4,0,0,0,0,0,6,0,2.9,0.07,3,-0.1,-0.2,3.46,0,0,0.0,-0.3,0,0,0,0,0,0,0,0.0,0,0,0,0,0,0,0,0,0,0,0,0,0,0,0,0,0,0,0,0,0,0.00,0,0,0,0,0,0.0,0.0,0.0,0.00,6,6,59,5,51,3,4,0,9.75,-2.4,.651,0,0,51.2,0,0,13,8,2,1,0,0,0,0,0,0,0.0,0.0
1B,Johnny Neun,Johnny,Neun,Huatulco Tacos,6' 0',175 lbs,S,L,63,Detroit Tigers,DET,1927,1921-1945,,85736,Bronze,T4 Ep. 2 - Unsung Heroes  1B Johnny Neun  DET  1927,0,N,0,129,68,1,140,85,104,33,1,144,69,138,75,1,138,90,69,64,Groundball,Spray,Spray,1,1,1,4,1,1,1,4,1,1,1,4,16,-,-,-,-,-,-,-,-,-,-,-,1,NEU,89-91,OTT,Normal,1,20,-,-,-,39,18,27,59,7,2,4,-,-,50,-,-,-,-,-,-,73,-,50,-,-,-,-,-,-,81,100,105,78,3,,3,3,1,1,0,0,0,0,1,0,0,0,0,0,0,0,0,0.3,0.07,0,-0.0,0.0,3.67,0,0,0.0,0.1,0,0,0,0,0,0,0,0.0,0,0,0,0,0,0,0,0,0,0,0,0,0,0,0,0,0,0,0,0,0,0.00,0,0,0,0,0,0.0,0.0,0.0,0.00,0,0,0,0,0,0,0,0,0.00,0.0,.000,0,0,0.0,0,0,0,0,0,0,0,0,0,0,0,0,0.0,0.0
1B,Johnny Neun,Johnny,Neun,Brentwood Senators,6' 0',175 lbs,S,L,63,Detroit Tigers,DET,1927,1921-1945,,85736,Bronze,T4 Ep. 2 - Unsung Heroes  1B Johnny Neun  DET  1927,0,N,0,129,68,1,140,85,104,33,1,144,69,138,75,1,138,90,69,64,Groundball,Spray,Spray,1,1,1,4,1,1,1,4,1,1,1,4,16,-,-,-,-,-,-,-,-,-,-,-,1,NEU,89-91,OTT,Normal,1,20,-,-,-,39,18,27,59,7,2,4,-,-,50,-,-,-,-,-,-,73,-,50,-,-,-,-,-,-,81,100,105,78,5,5,22,17,5,4,1,0,0,4,2,3,0,2,0,0,0,4,0,3.6,0.41,3,1.4,0.2,4.36,1,0,0.3,-0.3,0,0,0,0,0,0,0,0.0,0,0,0,0,0,0,0,0,0,0,0,0,0,0,0,0,0,0,0,0,0,0.00,0,0,0,0,0,0.0,0.0,0.0,0.00,0,0,0,0,0,0,0,0,0.00,0.0,.000,0,0,0.0,0,0,0,0,0,0,0,0,0,0,0,0,0.0,0.0
1B,Johnny Neun,Johnny,Neun,OKC Whirlwinds - PCK,6' 0',175 lbs,S,L,63,Detroit Tigers,DET,1927,1921-1945,,85736,Bronze,T4 Ep. 2 - Unsung Heroes  1B Johnny Neun  DET  1927,0,N,0,129,68,1,140,85,104,33,1,144,69,138,75,1,138,90,69,64,Groundball,Spray,Spray,1,1,1,4,1,1,1,4,1,1,1,4,16,-,-,-,-,-,-,-,-,-,-,-,1,NEU,89-91,OTT,Normal,1,20,-,-,-,39,18,27,59,7,2,4,-,-,50,-,-,-,-,-,-,73,-,50,-,-,-,-,-,-,81,100,105,78,22,18,90,80,19,14,4,0,1,7,12,6,0,0,4,0,0,14,0,8.7,0.15,7,-2.8,-0.1,3.54,3,0,0.8,0.4,0,0,0,0,0,0,0,0.0,0,0,0,0,0,0,0,0,0,0,0,0,0,0,0,0,0,0,0,0,0,0.00,0,0,0,0,0,0.0,0.0,0.0,0.00,19,18,158,10,144,4,8,0,8.81,-0.7,.954,0,0,157.1,0,0,38,34,2,2,2,1,0,0,0,0,0.0,0.0
1B,Johnny Neun,Johnny,Neun,Aurora Highlanders,6' 0',175 lbs,S,L,63,Detroit Tigers,DET,1927,1921-1945,,85736,Bronze,T4 Ep. 2 - Unsung Heroes  1B Johnny Neun  DET  1927,0,N,0,129,68,1,140,85,104,33,1,144,69,138,75,1,138,90,69,64,Groundball,Spray,Spray,1,1,1,4,1,1,1,4,1,1,1,4,16,-,-,-,-,-,-,-,-,-,-,-,1,NEU,89-91,OTT,Normal,1,20,-,-,-,39,18,27,59,7,2,4,-,-,50,-,-,-,-,-,-,73,-,50,-,-,-,-,-,-,81,100,105,78,4,1,9,8,1,1,0,0,0,0,0,1,0,0,0,0,0,2,1,0.1,-0.21,0,-0.9,-0.1,3.78,0,0,0.0,-0.0,0,0,0,0,0,0,0,0.0,0,0,0,0,0,0,0,0,0,0,0,0,0,0,0,0,0,0,0,0,0,0.00,0,0,0,0,0,0.0,0.0,0.0,0.00,2,1,12,1,11,0,0,0,8.31,0.2,1.084,0,0,13.0,0,0,6,6,0,0,0,0,0,0,1,0,0.0,0.0
1B,Johnny Neun,Johnny,Neun,Beachcrest Blue Hornets,6' 0',175 lbs,S,L,63,Detroit Tigers,DET,1927,1921-1945,,85736,Bronze,T4 Ep. 2 - Unsung Heroes  1B Johnny Neun  DET  1927,0,N,0,129,68,1,140,85,104,33,1,144,69,138,75,1,138,90,69,64,Groundball,Spray,Spray,1,1,1,4,1,1,1,4,1,1,1,4,16,-,-,-,-,-,-,-,-,-,-,-,1,NEU,89-91,OTT,Normal,1,20,-,-,-,39,18,27,59,7,2,4,-,-,50,-,-,-,-,-,-,73,-,50,-,-,-,-,-,-,81,100,105,78,3,3,12,10,3,2,1,0,0,0,2,2,0,0,0,0,0,0,0,1.9,0.05,2,0.6,0.1,2.75,0,0,0.0,-0.0,0,0,0,0,0,0,0,0.0,0,0,0,0,0,0,0,0,0,0,0,0,0,0,0,0,0,0,0,0,0,0.00,0,0,0,0,0,0.0,0.0,0.0,0.00,0,0,0,0,0,0,0,0,0.00,0.0,.000,0,0,0.0,0,0,0,0,0,0,0,0,0,0,0,0,0.0,0.0
1B,Johnny Neun,Johnny,Neun,Columbus Evil Squirrels,6' 0',175 lbs,S,L,63,Detroit Tigers,DET,1927,1921-1945,,85736,Bronze,T4 Ep. 2 - Unsung Heroes  1B Johnny Neun  DET  1927,0,N,0,129,68,1,140,85,104,33,1,144,69,138,75,1,138,90,69,64,Groundball,Spray,Spray,1,1,1,4,1,1,1,4,1,1,1,4,16,-,-,-,-,-,-,-,-,-,-,-,1,NEU,89-91,OTT,Normal,1,20,-,-,-,39,18,27,59,7,2,4,-,-,50,-,-,-,-,-,-,73,-,50,-,-,-,-,-,-,81,100,105,78,5,,5,5,0,0,0,0,0,0,0,0,0,0,0,0,0,1,0,0.0,-0.14,0,-1.2,-0.1,4.00,0,0,0.0,0.0,0,0,0,0,0,0,0,0.0,0,0,0,0,0,0,0,0,0,0,0,0,0,0,0,0,0,0,0,0,0,0.00,0,0,0,0,0,0.0,0.0,0.0,0.00,1,0,4,0,4,0,0,0,18.00,0.0,.000,0,0,2.0,0,0,0,0,0,0,0,0,0,0,0,0,0.0,0.0
1B,Johnny Neun,Johnny,Neun,London Majors,6' 0',175 lbs,S,L,63,Detroit Tigers,DET,1927,1921-1945,,85736,Bronze,T4 Ep. 2 - Unsung Heroes  1B Johnny Neun  DET  1927,0,N,0,129,68,1,140,85,104,33,1,144,69,138,75,1,138,90,69,64,Groundball,Spray,Spray,1,1,1,4,1,1,1,4,1,1,1,4,16,-,-,-,-,-,-,-,-,-,-,-,1,NEU,89-91,OTT,Normal,1,20,-,-,-,39,18,27,59,7,2,4,-,-,50,-,-,-,-,-,-,73,-,50,-,-,-,-,-,-,81,100,105,78,17,15,73,64,15,13,1,1,0,7,9,9,0,0,0,0,0,10,2,5.9,-0.21,7,-1.1,0.1,3.84,0,1,-0.5,0.6,0,0,0,0,0,0,0,0.0,0,0,0,0,0,0,0,0,0,0,0,0,0,0,0,0,0,0,0,0,0,0.00,0,0,0,0,0,0.0,0.0,0.0,0.00,15,15,145,17,127,1,10,0,9.82,0.3,1.017,0,0,132.0,0,0,39,37,2,2,0,0,1,0,0,0,0.0,0.0
1B,Johnny Neun,Johnny,Neun,Ware Wolves2,6' 0',175 lbs,S,L,63,Detroit Tigers,DET,1927,1921-1945,,85736,Bronze,T4 Ep. 2 - Unsung Heroes  1B Johnny Neun  DET  1927,0,N,0,129,68,1,140,85,104,33,1,144,69,138,75,1,138,90,69,64,Groundball,Spray,Spray,1,1,1,4,1,1,1,4,1,1,1,4,16,-,-,-,-,-,-,-,-,-,-,-,1,NEU,89-91,OTT,Normal,1,20,-,-,-,39,18,27,59,7,2,4,-,-,50,-,-,-,-,-,-,73,-,50,-,-,-,-,-,-,81,100,105,78,26,25,114,103,25,24,1,0,0,6,11,10,0,0,1,0,0,17,4,7.9,-0.47,9,-4.0,-0.1,3.62,0,0,0.0,1.0,0,0,0,0,0,0,0,0.0,0,0,0,0,0,0,0,0,0,0,0,0,0,0,0,0,0,0,0,0,0,0.00,0,0,0,0,0,0.0,0.0,0.0,0.00,15,15,129,15,113,1,8,0,8.73,0.7,1.049,0,0,132.0,0,0,29,28,6,6,3,1,1,0,3,0,0.0,0.0
1B,Johnny Neun,Johnny,Neun,Bismarck Blizzard,6' 0',175 lbs,S,L,63,Detroit Tigers,DET,1927,1921-1945,,85736,Bronze,T4 Ep. 2 - Unsung Heroes  1B Johnny Neun  DET  1927,0,N,0,129,68,1,140,85,104,33,1,144,69,138,75,1,138,90,69,64,Groundball,Spray,Spray,1,1,1,4,1,1,1,4,1,1,1,4,16,-,-,-,-,-,-,-,-,-,-,-,1,NEU,89-91,OTT,Normal,1,20,-,-,-,39,18,27,59,7,2,4,-,-,50,-,-,-,-,-,-,73,-,50,-,-,-,-,-,-,81,100,105,78,3,1,6,4,1,1,0,0,0,1,1,2,0,0,0,0,0,1,1,0.7,0.11,1,0.4,0.1,4.50,1,0,0.3,-0.1,0,0,0,0,0,0,0,0.0,0,0,0,0,0,0,0,0,0,0,0,0,0,0,0,0,0,0,0,0,0,0.00,0,0,0,0,0,0.0,0.0,0.0,0.00,1,1,8,2,6,0,0,0,9.00,0.3,1.084,0,0,8.0,0,0,3,3,0,0,1,1,0,0,0,0,0.0,0.0
1B,Johnny Neun,Johnny,Neun,Columbus Fire Ants,6' 0',175 lbs,S,L,63,Detroit Tigers,DET,1927,1921-1945,,85736,Bronze,T4 Ep. 2 - Unsung Heroes  1B Johnny Neun  DET  1927,0,N,0,129,68,1,140,85,104,33,1,144,69,138,75,1,138,90,69,64,Groundball,Spray,Spray,1,1,1,4,1,1,1,4,1,1,1,4,16,-,-,-,-,-,-,-,-,-,-,-,1,NEU,89-91,OTT,Normal,1,20,-,-,-,39,18,27,59,7,2,4,-,-,50,-,-,-,-,-,-,73,-,50,-,-,-,-,-,-,81,100,105,78,6,2,13,12,5,4,1,0,0,0,1,0,0,0,1,0,0,2,0,2.7,-0.14,2,0.7,0.2,2.92,1,0,0.3,0.2,0,0,0,0,0,0,0,0.0,0,0,0,0,0,0,0,0,0,0,0,0,0,0,0,0,0,0,0,0,0,0.00,0,0,0,0,0,0.0,0.0,0.0,0.00,2,2,19,4,14,1,1,0,9.00,0.1,.949,0,0,18.0,0,0,6,5,2,2,0,0,0,0,1,1,0.0,0.0
1B,Johnny Neun,Johnny,Neun,Groundball Defenders,6' 0',175 lbs,S,L,63,Detroit Tigers,DET,1927,1921-1945,,85736,Bronze,T4 Ep. 2 - Unsung Heroes  1B Johnny Neun  DET  1927,0,N,0,129,68,1,140,85,104,33,1,144,69,138,75,1,138,90,69,64,Groundball,Spray,Spray,1,1,1,4,1,1,1,4,1,1,1,4,16,-,-,-,-,-,-,-,-,-,-,-,1,NEU,89-91,OTT,Normal,1,20,-,-,-,39,18,27,59,7,2,4,-,-,50,-,-,-,-,-,-,73,-,50,-,-,-,-,-,-,81,100,105,78,15,6,37,36,11,10,1,0,0,2,6,1,0,0,0,0,0,5,0,3.6,-0.03,4,-0.3,0.0,3.81,0,1,-0.5,0.2,0,0,0,0,0,0,0,0.0,0,0,0,0,0,0,0,0,0,0,0,0,0,0,0,0,0,0,0,0,0,0.00,0,0,0,0,0,0.0,0.0,0.0,0.00,3,3,36,3,33,0,2,0,12.46,0.2,1.084,0,0,26.0,0,0,9,9,1,1,1,0,0,0,0,0,0.0,0.0
1B,Johnny Neun,Johnny,Neun,Moncton Mosquitos,6' 0',175 lbs,S,L,63,Detroit Tigers,DET,1927,1921-1945,,85736,Bronze,T4 Ep. 2 - Unsung Heroes  1B Johnny Neun  DET  1927,0,N,0,129,68,1,140,85,104,33,1,144,69,138,75,1,138,90,69,64,Groundball,Spray,Spray,1,1,1,4,1,1,1,4,1,1,1,4,16,-,-,-,-,-,-,-,-,-,-,-,1,NEU,89-91,OTT,Normal,1,20,-,-,-,39,18,27,59,7,2,4,-,-,50,-,-,-,-,-,-,73,-,50,-,-,-,-,-,-,81,100,105,78,4,,5,3,2,2,0,0,0,1,2,1,0,1,0,0,0,0,0,2.0,0.20,1,1.3,0.2,2.80,0,0,0.0,0.0,0,0,0,0,0,0,0,0.0,0,0,0,0,0,0,0,0,0,0,0,0,0,0,0,0,0,0,0,0,0,0.00,0,0,0,0,0,0.0,0.0,0.0,0.00,1,0,0,0,0,0,0,0,0.00,0.0,.000,0,0,1.0,0,0,0,0,0,0,0,0,0,0,0,0,0.0,0.0
1B,Johnny Neun,Johnny,Neun,Altamonte Ryno's,6' 0',175 lbs,S,L,63,Detroit Tigers,DET,1927,1921-1945,,85736,Bronze,T4 Ep. 2 - Unsung Heroes  1B Johnny Neun  DET  1927,0,N,0,129,68,1,140,85,104,33,1,144,69,138,75,1,138,90,69,64,Groundball,Spray,Spray,1,1,1,4,1,1,1,4,1,1,1,4,16,-,-,-,-,-,-,-,-,-,-,-,1,NEU,89-91,OTT,Normal,1,20,-,-,-,39,18,27,59,7,2,4,-,-,50,-,-,-,-,-,-,73,-,50,-,-,-,-,-,-,81,100,105,78,5,5,23,20,4,4,0,0,0,2,3,2,0,0,0,1,0,4,1,1.1,-0.21,1,-1.6,-0.1,4.04,0,0,0.0,0.5,0,0,0,0,0,0,0,0.0,0,0,0,0,0,0,0,0,0,0,0,0,0,0,0,0,0,0,0,0,0,0.00,0,0,0,0,0,0.0,0.0,0.0,0.00,2,2,23,1,21,1,0,0,11.65,-0.5,.813,0,0,17.0,0,0,4,3,0,0,0,0,1,0,0,0,0.0,0.0
1B,Johnny Neun,Johnny,Neun,Honolulu Warriors - HotL,6' 0',175 lbs,S,L,63,Detroit Tigers,DET,1927,1921-1945,,85736,Bronze,T4 Ep. 2 - Unsung Heroes  1B Johnny Neun  DET  1927,0,N,0,129,68,1,140,85,104,33,1,144,69,138,75,1,138,90,69,64,Groundball,Spray,Spray,1,1,1,4,1,1,1,4,1,1,1,4,16,-,-,-,-,-,-,-,-,-,-,-,1,NEU,89-91,OTT,Normal,1,20,-,-,-,39,18,27,59,7,2,4,-,-,50,-,-,-,-,-,-,73,-,50,-,-,-,-,-,-,81,100,105,78,11,3,22,20,6,6,0,0,0,0,3,2,0,0,0,0,0,1,0,2.1,-0.27,2,0.0,0.0,3.64,0,1,-0.5,0.1,0,0,0,0,0,0,0,0.0,0,0,0,0,0,0,0,0,0,0,0,0,0,0,0,0,0,0,0,0,0,0.00,0,0,0,0,0,0.0,0.0,0.0,0.00,2,2,15,1,14,0,0,0,7.94,0.3,1.084,0,0,17.0,0,0,3,3,0,0,1,1,0,0,0,0,0.0,0.0
1B,Johnny Neun,Johnny,Neun,PNW Wild Stallions,6' 0',175 lbs,S,L,63,Detroit Tigers,DET,1927,1921-1945,,85736,Bronze,T4 Ep. 2 - Unsung Heroes  1B Johnny Neun  DET  1927,0,N,0,129,68,1,140,85,104,33,1,144,69,138,75,1,138,90,69,64,Groundball,Spray,Spray,1,1,1,4,1,1,1,4,1,1,1,4,16,-,-,-,-,-,-,-,-,-,-,-,1,NEU,89-91,OTT,Normal,1,20,-,-,-,39,18,27,59,7,2,4,-,-,50,-,-,-,-,-,-,73,-,50,-,-,-,-,-,-,81,100,105,78,7,6,29,22,6,5,1,0,0,0,5,6,1,0,1,0,0,5,0,3.9,0.17,3,0.3,0.1,4.07,1,0,0.3,-0.8,0,0,0,0,0,0,0,0.0,0,0,0,0,0,0,0,0,0,0,0,0,0,0,0,0,0,0,0,0,0,0.00,0,0,0,0,0,0.0,0.0,0.0,0.00,6,6,51,4,45,2,3,0,8.22,0.3,1.012,0,0,53.2,0,0,16,15,1,0,0,0,1,1,1,1,0.0,0.0
1B,Johnny Neun,Johnny,Neun,Hancocks and Sidekicks TTC,6' 0',175 lbs,S,L,63,Detroit Tigers,DET,1927,1921-1945,,85736,Bronze,T4 Ep. 2 - Unsung Heroes  1B Johnny Neun  DET  1927,0,N,0,129,68,1,140,85,104,33,1,144,69,138,75,1,138,90,69,64,Groundball,Spray,Spray,1,1,1,4,1,1,1,4,1,1,1,4,16,-,-,-,-,-,-,-,-,-,-,-,1,NEU,89-91,OTT,Normal,1,20,-,-,-,39,18,27,59,7,2,4,-,-,50,-,-,-,-,-,-,73,-,50,-,-,-,-,-,-,81,100,105,78,31,31,144,133,46,42,2,1,1,14,23,11,0,0,0,0,0,17,0,22.1,1.39,23,6.0,0.9,3.88,2,1,0.1,1.4,0,0,0,0,0,0,0,0.0,0,0,0,0,0,0,0,0,0,0,0,0,0,0,0,0,0,0,0,0,0,0.00,0,0,0,0,0,0.0,0.0,0.0,0.00,30,30,287,29,251,7,17,0,9.66,-1.4,.969,0,0,261.0,0,0,70,63,13,10,1,1,2,0,1,0,0.0,0.0
1B,Johnny Neun,Johnny,Neun,Moonsault Collective MCs,6' 0',175 lbs,S,L,63,Detroit Tigers,DET,1927,1921-1945,,85736,Bronze,T4 Ep. 2 - Unsung Heroes  1B Johnny Neun  DET  1927,0,N,0,129,68,1,140,85,104,33,1,144,69,138,75,1,138,90,69,64,Groundball,Spray,Spray,1,1,1,4,1,1,1,4,1,1,1,4,16,-,-,-,-,-,-,-,-,-,-,-,1,NEU,89-91,OTT,Normal,1,20,-,-,-,39,18,27,59,7,2,4,-,-,50,-,-,-,-,-,-,73,-,50,-,-,-,-,-,-,81,100,105,78,9,2,15,15,2,2,0,0,0,0,1,0,0,0,0,0,0,3,0,0.3,-0.38,0,-2.2,-0.1,3.47,1,0,0.3,-0.0,0,0,0,0,0,0,0,0.0,0,0,0,0,0,0,0,0,0,0,0,0,0,0,0,0,0,0,0,0,0,0.00,0,0,0,0,0,0.0,0.0,0.0,0.00,3,2,29,4,25,0,0,0,14.50,0.4,1.084,0,0,18.0,0,0,7,7,2,2,0,0,0,0,0,0,0.0,0.0
1B,Johnny Neun,Johnny,Neun,Atlanta Braves TTC,6' 0',175 lbs,S,L,63,Detroit Tigers,DET,1927,1921-1945,,85736,Bronze,T4 Ep. 2 - Unsung Heroes  1B Johnny Neun  DET  1927,0,N,0,129,68,1,140,85,104,33,1,144,69,138,75,1,138,90,69,64,Groundball,Spray,Spray,1,1,1,4,1,1,1,4,1,1,1,4,16,-,-,-,-,-,-,-,-,-,-,-,1,NEU,89-91,OTT,Normal,1,20,-,-,-,39,18,27,59,7,2,4,-,-,50,-,-,-,-,-,-,73,-,50,-,-,-,-,-,-,81,100,105,78,8,4,26,25,5,5,0,0,0,2,1,1,0,0,0,0,0,4,0,1.2,-0.32,0,-2.2,-0.2,3.58,0,0,0.0,-0.1,0,0,0,0,0,0,0,0.0,0,0,0,0,0,0,0,0,0,0,0,0,0,0,0,0,0,0,0,0,0,0.00,0,0,0,0,0,0.0,0.0,0.0,0.00,3,2,19,1,18,0,0,0,8.55,0.1,1.084,0,0,20.0,0,0,2,2,0,0,0,0,0,0,0,0,0.0,0.0
1B,Johnny Neun,Johnny,Neun,King Street 504s,6' 0',175 lbs,S,L,63,Detroit Tigers,DET,1927,1921-1945,,85736,Bronze,T4 Ep. 2 - Unsung Heroes  1B Johnny Neun  DET  1927,0,N,0,129,68,1,140,85,104,33,1,144,69,138,75,1,138,90,69,64,Groundball,Spray,Spray,1,1,1,4,1,1,1,4,1,1,1,4,16,-,-,-,-,-,-,-,-,-,-,-,1,NEU,89-91,OTT,Normal,1,20,-,-,-,39,18,27,59,7,2,4,-,-,50,-,-,-,-,-,-,73,-,50,-,-,-,-,-,-,81,100,105,78,4,,3,3,1,1,0,0,0,0,0,0,0,0,0,0,0,1,0,0.3,-0.10,0,-0.0,0.0,3.67,0,0,0.0,0.0,0,0,0,0,0,0,0,0.0,0,0,0,0,0,0,0,0,0,0,0,0,0,0,0,0,0,0,0,0,0,0.00,0,0,0,0,0,0.0,0.0,0.0,0.00,0,0,0,0,0,0,0,0,0.00,0.0,.000,0,0,0.0,0,0,0,0,0,0,0,0,0,0,0,0,0.0,0.0
1B,Johnny Neun,Johnny,Neun,Indiana Rhubarbs,6' 0',175 lbs,S,L,63,Detroit Tigers,DET,1927,1921-1945,,85736,Bronze,T4 Ep. 2 - Unsung Heroes  1B Johnny Neun  DET  1927,0,N,0,129,68,1,140,85,104,33,1,144,69,138,75,1,138,90,69,64,Groundball,Spray,Spray,1,1,1,4,1,1,1,4,1,1,1,4,16,-,-,-,-,-,-,-,-,-,-,-,1,NEU,89-91,OTT,Normal,1,20,-,-,-,39,18,27,59,7,2,4,-,-,50,-,-,-,-,-,-,73,-,50,-,-,-,-,-,-,81,100,105,78,3,1,10,8,3,2,0,1,0,2,2,2,0,0,0,0,0,1,0,1.8,-0.20,2,1.4,0.1,3.80,1,2,-0.8,-0.2,0,0,0,0,0,0,0,0.0,0,0,0,0,0,0,0,0,0,0,0,0,0,0,0,0,0,0,0,0,0,0.00,0,0,0,0,0,0.0,0.0,0.0,0.00,1,1,8,1,7,0,0,0,9.00,0.1,1.084,0,0,8.0,0,0,1,1,1,1,0,0,0,0,0,0,0.0,0.0
1B,Johnny Neun,Johnny,Neun,Narragansett Wave,6' 0',175 lbs,S,L,63,Detroit Tigers,DET,1927,1921-1945,,85736,Bronze,T4 Ep. 2 - Unsung Heroes  1B Johnny Neun  DET  1927,0,N,0,129,68,1,140,85,104,33,1,144,69,138,75,1,138,90,69,64,Groundball,Spray,Spray,1,1,1,4,1,1,1,4,1,1,1,4,16,-,-,-,-,-,-,-,-,-,-,-,1,NEU,89-91,OTT,Normal,1,20,-,-,-,39,18,27,59,7,2,4,-,-,50,-,-,-,-,-,-,73,-,50,-,-,-,-,-,-,81,100,105,78,6,6,28,24,7,5,2,0,0,0,7,3,0,0,1,0,0,7,0,3.7,0.10,3,0.5,0.2,3.68,0,0,0.0,0.5,0,0,0,0,0,0,0,0.0,0,0,0,0,0,0,0,0,0,0,0,0,0,0,0,0,0,0,0,0,0,0.00,0,0,0,0,0,0.0,0.0,0.0,0.00,6,6,63,8,55,0,1,0,10.90,0.7,1.084,0,0,52.0,0,0,20,20,0,0,0,0,0,0,0,0,0.0,0.0
1B,Johnny Neun,Johnny,Neun,Michigan Black Bears,6' 0',175 lbs,S,L,63,Detroit Tigers,DET,1927,1921-1945,,85736,Bronze,T4 Ep. 2 - Unsung Heroes  1B Johnny Neun  DET  1927,0,N,0,129,68,1,140,85,104,33,1,144,69,138,75,1,138,90,69,64,Groundball,Spray,Spray,1,1,1,4,1,1,1,4,1,1,1,4,16,-,-,-,-,-,-,-,-,-,-,-,1,NEU,89-91,OTT,Normal,1,20,-,-,-,39,18,27,59,7,2,4,-,-,50,-,-,-,-,-,-,73,-,50,-,-,-,-,-,-,81,100,105,78,20,16,77,68,19,16,3,0,0,10,8,8,0,0,0,1,0,9,1,8.0,-0.03,9,0.2,0.2,3.90,0,1,-0.5,0.4,0,0,0,0,0,0,0,0.0,0,0,0,0,0,0,0,0,0,0,0,0,0,0,0,0,0,0,0,0,0,0.00,0,0,0,0,0,0.0,0.0,0.0,0.00,16,15,152,9,143,0,11,0,10.11,1.0,1.035,0,0,135.1,0,0,21,21,8,7,1,1,0,0,0,0,0.0,0.0
1B,Johnny Neun,Johnny,Neun,Patchogue Pirates,6' 0',175 lbs,S,L,63,Detroit Tigers,DET,1927,1921-1945,,85736,Bronze,T4 Ep. 2 - Unsung Heroes  1B Johnny Neun  DET  1927,0,N,0,129,68,1,140,85,104,33,1,144,69,138,75,1,138,90,69,64,Groundball,Spray,Spray,1,1,1,4,1,1,1,4,1,1,1,4,16,-,-,-,-,-,-,-,-,-,-,-,1,NEU,89-91,OTT,Normal,1,20,-,-,-,39,18,27,59,7,2,4,-,-,50,-,-,-,-,-,-,73,-,50,-,-,-,-,-,-,81,100,105,78,11,11,59,49,13,10,2,1,0,4,6,10,0,0,0,0,0,11,0,7.3,-0.29,8,1.7,0.2,4.03,0,1,-0.5,0.3,0,0,0,0,0,0,0,0.0,0,0,0,0,0,0,0,0,0,0,0,0,0,0,0,0,0,0,0,0,0,0.00,0,0,0,0,0,0.0,0.0,0.0,0.00,0,0,0,0,0,0,0,0,0.00,0.0,.000,0,0,0.0,0,0,0,0,0,0,0,0,0,0,0,0,0.0,0.0
1B,Johnny Neun,Johnny,Neun,Transylvania Counts,6' 0',175 lbs,S,L,63,Detroit Tigers,DET,1927,1921-1945,,85736,Bronze,T4 Ep. 2 - Unsung Heroes  1B Johnny Neun  DET  1927,0,N,0,129,68,1,140,85,104,33,1,144,69,138,75,1,138,90,69,64,Groundball,Spray,Spray,1,1,1,4,1,1,1,4,1,1,1,4,16,-,-,-,-,-,-,-,-,-,-,-,1,NEU,89-91,OTT,Normal,1,20,-,-,-,39,18,27,59,7,2,4,-,-,50,-,-,-,-,-,-,73,-,50,-,-,-,-,-,-,81,100,105,78,5,1,8,8,2,2,0,0,0,1,1,0,0,0,0,0,0,1,0,0.5,-0.11,0,-0.5,0.0,4.62,0,0,0.0,0.4,0,0,0,0,0,0,0,0.0,0,0,0,0,0,0,0,0,0,0,0,0,0,0,0,0,0,0,0,0,0,0.00,0,0,0,0,0,0.0,0.0,0.0,0.00,1,1,5,1,4,0,0,0,5.00,0.1,1.084,0,0,9.0,0,0,2,2,0,0,0,0,0,0,0,0,0.0,0.0
1B,Eddie Robinson,Eddie,Robinson,Deep 13 Mad Scientists,6' 0',210 lbs,L,R,67,New York Yankees,NYY,1955,1946-1960,BBR,85326,Bronze,Baseball Reference 2  1B Eddie Robinson  NYY  1955,0,N,0,17,7,121,157,82,24,1,133,136,77,15,10,117,164,84,32,7,Flyball,Normal,Normal,1,1,1,1,1,1,1,1,1,1,1,1,16,-,-,-,-,-,-,-,-,-,-,-,1,NEU,90-92,SIDE,Normal,1,3,-,-,-,44,19,29,23,4,1,5,-,-,54,-,-,-,-,-,-,75,-,54,-,-,-,-,-,-,9,4,6,13,7,7,35,27,5,4,0,0,1,4,2,5,0,1,0,2,0,5,0,3.3,-0.15,3,-0.6,-0.1,3.94,0,0,0.0,-0.0,0,0,0,0,0,0,0,0.0,0,0,0,0,0,0,0,0,0,0,0,0,0,0,0,0,0,0,0,0,0,0.00,0,0,0,0,0,0.0,0.0,0.0,0.00,7,7,85,9,73,3,6,0,9.84,-0.5,.881,0,0,75.0,0,0,23,20,2,2,1,1,1,1,0,0,0.0,0.0
1B,Eddie Robinson,Eddie,Robinson,Ungentlemanly Fightin' Fellows TTC,6' 0',210 lbs,L,R,67,New York Yankees,NYY,1955,1946-1960,BBR,85326,Bronze,Baseball Reference 2  1B Eddie Robinson  NYY  1955,0,N,0,17,7,121,157,82,24,1,133,136,77,15,10,117,164,84,32,7,Flyball,Normal,Normal,1,1,1,1,1,1,1,1,1,1,1,1,16,-,-,-,-,-,-,-,-,-,-,-,1,NEU,90-92,SIDE,Normal,1,3,-,-,-,44,19,29,23,4,1,5,-,-,54,-,-,-,-,-,-,75,-,54,-,-,-,-,-,-,9,4,6,13,1,1,4,3,0,0,0,0,0,0,0,1,0,0,0,0,0,0,0,0.1,0.02,0,-0.4,-0.0,3.00,0,0,0.0,0.0,0,0,0,0,0,0,0,0.0,0,0,0,0,0,0,0,0,0,0,0,0,0,0,0,0,0,0,0,0,0,0.00,0,0,0,0,0,0.0,0.0,0.0,0.00,1,1,9,1,8,0,0,0,9.00,0.0,1.084,0,0,9.0,0,0,1,1,0,0,0,0,0,0,0,0,0.0,0.0
1B,Eddie Robinson,Eddie,Robinson,Allston Wolf Spiders,6' 0',210 lbs,L,R,67,New York Yankees,NYY,1955,1946-1960,BBR,85326,Bronze,Baseball Reference 2  1B Eddie Robinson  NYY  1955,0,N,0,17,7,121,157,82,24,1,133,136,77,15,10,117,164,84,32,7,Flyball,Normal,Normal,1,1,1,1,1,1,1,1,1,1,1,1,16,-,-,-,-,-,-,-,-,-,-,-,1,NEU,90-92,SIDE,Normal,1,3,-,-,-,44,19,29,23,4,1,5,-,-,54,-,-,-,-,-,-,75,-,54,-,-,-,-,-,-,9,4,6,13,6,6,22,20,5,3,1,0,1,5,1,2,0,0,0,0,0,7,0,3.0,0.19,3,0.6,0.1,4.59,0,0,0.0,-0.2,0,0,0,0,0,0,0,0.0,0,0,0,0,0,0,0,0,0,0,0,0,0,0,0,0,0,0,0,0,0,0.00,0,0,0,0,0,0.0,0.0,0.0,0.00,6,6,64,2,61,1,3,0,10.77,-0.1,.964,0,0,52.2,0,0,7,6,2,2,0,0,0,0,1,0,0.0,0.0
1B,Eddie Robinson,Eddie,Robinson,Kansas City Torrent - JW,6' 0',210 lbs,L,R,67,New York Yankees,NYY,1955,1946-1960,BBR,85326,Bronze,Baseball Reference 2  1B Eddie Robinson  NYY  1955,48,N,0,17,7,121,157,82,24,1,133,136,77,15,10,117,164,84,32,7,Flyball,Normal,Normal,1,1,1,1,1,1,1,1,1,1,1,1,16,-,-,-,-,-,-,-,-,-,-,-,1,NEU,90-92,SIDE,Normal,1,3,-,-,-,44,19,29,23,4,1,5,-,-,54,-,-,-,-,-,-,75,-,54,-,-,-,-,-,-,9,4,6,13,7,7,27,20,5,4,0,0,1,2,3,5,0,1,1,0,0,4,0,4.1,0.10,4,1.3,0.1,4.07,0,0,0.0,-1.2,0,0,0,0,0,0,0,0.0,0,0,0,0,0,0,0,0,0,0,0,0,0,0,0,0,0,0,0,0,0,0.00,0,0,0,0,0,0.0,0.0,0.0,0.00,7,7,65,3,61,1,3,0,9.65,0.2,1.017,0,0,59.2,0,0,20,20,1,0,2,1,0,0,0,0,0.0,0.0
1B,Eddie Robinson,Eddie,Robinson,Groundball Defenders,6' 0',210 lbs,L,R,67,New York Yankees,NYY,1955,1946-1960,BBR,85326,Bronze,Baseball Reference 2  1B Eddie Robinson  NYY  1955,0,N,0,17,7,121,157,82,24,1,133,136,77,15,10,117,164,84,32,7,Flyball,Normal,Normal,1,1,1,1,1,1,1,1,1,1,1,1,16,-,-,-,-,-,-,-,-,-,-,-,1,NEU,90-92,SIDE,Normal,1,3,-,-,-,44,19,29,23,4,1,5,-,-,54,-,-,-,-,-,-,75,-,54,-,-,-,-,-,-,9,4,6,13,12,11,45,37,7,5,0,0,2,4,4,6,1,0,2,0,0,8,0,4.4,-0.17,4,-1.3,-0.1,3.60,0,0,0.0,-0.1,0,0,0,0,0,0,0,0.0,0,0,0,0,0,0,0,0,0,0,0,0,0,0,0,0,0,0,0,0,0,0.00,0,0,0,0,0,0.0,0.0,0.0,0.00,11,11,103,6,97,0,4,0,9.69,-0.0,1.017,0,0,95.2,0,0,22,21,2,1,0,0,0,0,0,0,0.0,0.0
1B,Eddie Robinson,Eddie,Robinson,PNW Wild Stallions,6' 0',210 lbs,L,R,67,New York Yankees,NYY,1955,1946-1960,BBR,85326,Bronze,Baseball Reference 2  1B Eddie Robinson  NYY  1955,0,N,0,17,7,121,157,82,24,1,133,136,77,15,10,117,164,84,32,7,Flyball,Normal,Normal,1,1,1,1,1,1,1,1,1,1,1,1,16,-,-,-,-,-,-,-,-,-,-,-,1,NEU,90-92,SIDE,Normal,1,3,-,-,-,44,19,29,23,4,1,5,-,-,54,-,-,-,-,-,-,75,-,54,-,-,-,-,-,-,9,4,6,13,1,,1,1,0,0,0,0,0,0,0,0,0,0,0,0,0,0,0,0.0,-0.08,0,-0.2,-0.0,1.00,0,0,0.0,0.0,0,0,0,0,0,0,0,0.0,0,0,0,0,0,0,0,0,0,0,0,0,0,0,0,0,0,0,0,0,0,0.00,0,0,0,0,0,0.0,0.0,0.0,0.00,0,0,0,0,0,0,0,0,0.00,0.0,.000,0,0,0.0,0,0,0,0,0,0,0,0,0,0,0,0,0.0,0.0
1B,Eddie Robinson,Eddie,Robinson,Ethiopia Pink Elephants,6' 0',210 lbs,L,R,67,New York Yankees,NYY,1955,1946-1960,BBR,85326,Bronze,Baseball Reference 2  1B Eddie Robinson  NYY  1955,0,N,0,17,7,121,157,82,24,1,133,136,77,15,10,117,164,84,32,7,Flyball,Normal,Normal,1,1,1,1,1,1,1,1,1,1,1,1,16,-,-,-,-,-,-,-,-,-,-,-,1,NEU,90-92,SIDE,Normal,1,3,-,-,-,44,19,29,23,4,1,5,-,-,54,-,-,-,-,-,-,75,-,54,-,-,-,-,-,-,9,4,6,13,4,4,18,17,4,2,0,1,1,1,2,1,0,0,0,0,0,2,0,2.6,-0.04,2,0.5,0.1,3.67,0,0,0.0,-0.0,0,0,0,0,0,0,0,0.0,0,0,0,0,0,0,0,0,0,0,0,0,0,0,0,0,0,0,0,0,0,0.00,0,0,0,0,0,0.0,0.0,0.0,0.00,4,4,39,7,32,0,0,0,9.75,0.5,1.084,0,0,36.0,0,0,13,13,0,0,0,0,0,0,1,0,0.0,0.0
1B,Eddie Robinson,Eddie,Robinson,Roseburg River Hawks,6' 0',210 lbs,L,R,67,New York Yankees,NYY,1955,1946-1960,BBR,85326,Bronze,Baseball Reference 2  1B Eddie Robinson  NYY  1955,0,N,0,17,7,121,157,82,24,1,133,136,77,15,10,117,164,84,32,7,Flyball,Normal,Normal,1,1,1,1,1,1,1,1,1,1,1,1,16,-,-,-,-,-,-,-,-,-,-,-,1,NEU,90-92,SIDE,Normal,1,3,-,-,-,44,19,29,23,4,1,5,-,-,54,-,-,-,-,-,-,75,-,54,-,-,-,-,-,-,9,4,6,13,7,7,29,26,7,5,0,0,2,2,7,3,0,0,0,0,0,6,1,4.3,0.16,4,1.5,0.2,3.66,0,0,0.0,0.4,0,0,0,0,0,0,0,0.0,0,0,0,0,0,0,0,0,0,0,0,0,0,0,0,0,0,0,0,0,0,0.00,0,0,0,0,0,0.0,0.0,0.0,0.00,7,7,75,4,69,2,3,0,10.77,-0.3,.887,0,0,61.0,0,0,13,12,2,2,2,1,0,0,0,0,0.0,0.0
1B,Eddie Robinson,Eddie,Robinson,Sabo's Saturn League Legends TTC,6' 0',210 lbs,L,R,67,New York Yankees,NYY,1955,1946-1960,BBR,85326,Bronze,Baseball Reference 2  1B Eddie Robinson  NYY  1955,0,N,0,17,7,121,157,82,24,1,133,136,77,15,10,117,164,84,32,7,Flyball,Normal,Normal,1,1,1,1,1,1,1,1,1,1,1,1,16,-,-,-,-,-,-,-,-,-,-,-,1,NEU,90-92,SIDE,Normal,1,3,-,-,-,44,19,29,23,4,1,5,-,-,54,-,-,-,-,-,-,75,-,54,-,-,-,-,-,-,9,4,6,13,13,13,55,51,14,10,1,0,3,6,6,4,0,0,0,0,0,9,1,7.7,0.36,8,2.0,0.2,3.87,0,0,0.0,0.0,0,0,0,0,0,0,0,0.0,0,0,0,0,0,0,0,0,0,0,0,0,0,0,0,0,0,0,0,0,0,0.00,0,0,0,0,0,0.0,0.0,0.0,0.00,5,5,45,1,43,1,5,0,9.66,-1.0,.775,0,0,41.0,0,0,6,6,3,0,0,0,0,0,0,0,0.0,0.0
1B,Eddie Robinson,Eddie,Robinson,King Street 504s,6' 0',210 lbs,L,R,67,New York Yankees,NYY,1955,1946-1960,BBR,85326,Bronze,Baseball Reference 2  1B Eddie Robinson  NYY  1955,0,Y,5,20,9,131,169,89,28,1,143,147,84,18,13,126,176,91,32,7,Flyball,Normal,Normal,1,1,1,1,1,1,1,1,1,1,1,1,16,-,-,-,-,-,-,-,-,-,-,-,1,NEU,90-92,SIDE,Normal,1,3,-,-,-,44,19,29,23,4,1,5,-,-,58,-,-,-,-,-,-,81,-,58,-,-,-,-,-,-,9,4,6,13,2,,2,2,1,1,0,0,0,2,0,0,0,0,0,0,0,0,0,0.5,0.26,0,0.2,0.0,1.00,0,0,0.0,0.0,0,0,0,0,0,0,0,0.0,0,0,0,0,0,0,0,0,0,0,0,0,0,0,0,0,0,0,0,0,0,0.00,0,0,0,0,0,0.0,0.0,0.0,0.00,0,0,0,0,0,0,0,0,0.00,0.0,.000,0,0,0.0,0,0,0,0,0,0,0,0,0,0,0,0,0.0,0.0
1B,Jackie Robinson,Jackie,Robinson,Breslau Binturings - HotL,5' 11',195 lbs,R,R,58,Brooklyn Dodgers,LAD,1947,1946-1960,,84390,Iron,Celebrating 42 - Rookie Sensation  1B Jackie Robinson  BRO  1947,0,Y,5,87,83,68,77,124,89,89,101,97,126,87,82,43,71,123,123,119,Normal,Spray,Spray,1,1,1,7,1,1,1,7,1,1,1,7,16,-,-,-,-,-,-,-,-,-,-,-,1,NEU,89-91,OTT,Normal,1,20,-,-,-,67,59,66,81,5,4,10,-,-,80,-,-,-,-,-,-,126,-,80,-,-,-,-,-,-,92,79,83,96,5,5,18,16,2,2,0,0,0,1,0,2,0,0,0,0,0,0,0,0.6,-0.11,0,-1.8,-0.1,4.72,0,0,0.0,0.0,0,0,0,0,0,0,0,0.0,0,0,0,0,0,0,0,0,0,0,0,0,0,0,0,0,0,0,0,0,0,0.00,0,0,0,0,0,0.0,0.0,0.0,0.00,5,5,47,6,41,0,2,0,10.49,1.0,1.175,0,0,40.1,0,0,14,14,0,0,0,0,2,1,0,0,0.0,0.0
1B,Jackie Robinson,Jackie,Robinson,EVC's Let the Music Play Ball-TTC,5' 11',195 lbs,R,R,58,Brooklyn Dodgers,LAD,1947,1946-1960,,84390,Iron,Celebrating 42 - Rookie Sensation  1B Jackie Robinson  BRO  1947,0,N,0,80,76,62,71,115,82,82,93,89,117,80,75,39,65,114,123,119,Normal,Spray,Spray,1,1,1,5,1,1,1,5,1,1,1,5,16,-,-,-,-,-,-,-,-,-,-,-,1,NEU,89-91,OTT,Normal,1,20,-,-,-,67,59,66,81,5,4,10,-,-,74,-,-,-,-,-,-,117,-,74,-,-,-,-,-,-,92,79,83,96,7,4,18,15,6,4,0,0,2,2,5,2,0,0,1,0,0,2,0,5.8,0.30,5,2.9,0.4,3.17,0,0,0.0,0.4,0,0,0,0,0,0,0,0.0,0,0,0,0,0,0,0,0,0,0,0,0,0,0,0,0,0,0,0,0,0,0.00,0,0,0,0,0,0.0,0.0,0.0,0.00,4,4,44,2,42,0,4,0,12.00,0.3,1.084,0,0,33.0,0,0,7,7,1,1,0,0,0,0,0,0,0.0,0.0
1B,Jackie Robinson,Jackie,Robinson,Madison Moundsmen,5' 11',195 lbs,R,R,58,Brooklyn Dodgers,LAD,1947,1946-1960,,84390,Iron,Celebrating 42 - Rookie Sensation  1B Jackie Robinson  BRO  1947,0,Y,5,87,83,68,77,124,89,89,101,97,126,87,82,43,71,123,123,119,Normal,Spray,Spray,1,1,1,7,1,1,1,7,1,1,1,7,16,-,-,-,-,-,-,-,-,-,-,-,1,NEU,89-91,OTT,Normal,1,20,-,-,-,67,59,66,81,5,4,10,-,-,80,-,-,-,-,-,-,126,-,80,-,-,-,-,-,-,92,79,83,96,8,5,25,25,7,4,2,0,1,1,5,0,0,0,0,0,0,4,1,2.9,-0.09,3,0.5,0.2,3.92,0,0,0.0,0.5,0,0,0,0,0,0,0,0.0,0,0,0,0,0,0,0,0,0,0,0,0,0,0,0,0,0,0,0,0,0,0.00,0,0,0,0,0,0.0,0.0,0.0,0.00,5,5,55,3,52,0,2,0,11.00,0.4,1.084,0,0,45.0,0,0,7,7,2,2,0,0,0,0,1,0,0.0,0.0
1B,Jackie Robinson,Jackie,Robinson,New Platson Grand Petites HotL,5' 11',195 lbs,R,R,58,Brooklyn Dodgers,LAD,1947,1946-1960,,84390,Iron,Celebrating 42 - Rookie Sensation  1B Jackie Robinson  BRO  1947,0,N,0,80,76,62,71,115,82,82,93,89,117,80,75,39,65,114,123,119,Normal,Spray,Spray,1,1,1,5,1,1,1,5,1,1,1,5,16,-,-,-,-,-,-,-,-,-,-,-,1,NEU,89-91,OTT,Normal,1,20,-,-,-,67,59,66,81,5,4,10,-,-,74,-,-,-,-,-,-,117,-,74,-,-,-,-,-,-,92,79,83,96,3,2,9,8,1,1,0,0,0,1,2,1,0,0,0,0,0,1,0,0.3,-0.02,0,-0.9,-0.1,3.33,0,0,0.0,0.2,0,0,0,0,0,0,0,0.0,0,0,0,0,0,0,0,0,0,0,0,0,0,0,0,0,0,0,0,0,0,0.00,0,0,0,0,0,0.0,0.0,0.0,0.00,3,2,22,1,21,0,2,0,10.42,0.1,1.084,0,0,19.0,0,0,3,3,0,0,0,0,0,0,0,0,0.0,0.0
1B,Jackie Robinson,Jackie,Robinson,BAGgin' Dingers TTC,5' 11',195 lbs,R,R,58,Brooklyn Dodgers,LAD,1947,1946-1960,,84390,Iron,Celebrating 42 - Rookie Sensation  1B Jackie Robinson  BRO  1947,0,Y,5,87,83,68,77,124,89,89,101,97,126,87,82,43,71,123,123,119,Normal,Spray,Spray,1,1,1,7,1,1,1,7,1,1,1,7,16,-,-,-,-,-,-,-,-,-,-,-,1,NEU,89-91,OTT,Normal,1,20,-,-,-,67,59,66,81,5,4,10,-,-,80,-,-,-,-,-,-,126,-,80,-,-,-,-,-,-,92,79,83,96,8,8,36,30,6,5,1,0,0,5,4,4,0,0,1,1,0,3,0,2.3,0.32,2,-1.9,-0.2,3.42,0,1,-0.5,0.3,0,0,0,0,0,0,0,0.0,0,0,0,0,0,0,0,0,0,0,0,0,0,0,0,0,0,0,0,0,0,0.00,0,0,0,0,0,0.0,0.0,0.0,0.00,8,8,76,6,69,1,5,0,9.64,-0.2,.986,0,0,70.0,0,0,11,10,2,2,1,0,0,0,0,0,0.0,0.0
1B,Joe Scott,Joe,Scott,Newport News Dodgers_TTC,5' 11',185 lbs,L,L,60,Memphis Red Sox,MRS,1927,1921-1945,,84432,Bronze,Negro League Star  1B Joe Scott  MRS  1927,0,Y,5,58,77,103,70,97,58,77,102,70,96,59,79,104,71,98,58,67,Normal,Spray,Normal,1,1,22,1,1,1,23,1,1,1,22,1,16,-,-,-,-,-,-,-,-,-,-,-,1,NEU,89-91,3/4,Normal,1,3,1,1,1,46,43,41,36,6,11,6,-,-,69,-,-,-,-,-,-,97,-,69,-,-,-,-,-,-,76,37,68,54,5,,5,5,2,1,0,0,1,2,2,0,0,0,0,0,0,1,0,2.0,0.26,1,1.1,0.0,3.80,0,0,0.0,0.0,0,0,0,0,0,0,0,0.0,0,0,0,0,0,0,0,0,0,0,0,0,0,0,0,0,0,0,0,0,0,0.00,0,0,0,0,0,0.0,0.0,0.0,0.00,3,0,10,0,8,2,0,0,7.20,-1.0,.361,0,0,10.0,0,0,5,3,0,0,0,0,0,0,0,0,0.0,0.0
1B,Jack Harshman,Jack,Harshman,London Majors,6' 2',185 lbs,L,L,69,Chicago White Sox,CHW,1954,1946-1960,,83192,Bronze,Snapshot  SP Jack Harshman  CWS  1954,0,N,0,19,38,117,118,26,11,10,14,106,21,22,44,150,123,28,56,56,Flyball,Spray,Spray,99,50,68,109,112,73,40,120,96,37,78,102,77,140,69,89,-,-,-,-,-,-,-,-,4,EX FB,89-91,OTT,Normal,70,68,-,-,-,34,27,28,23,5,10,4,71,-,54,-,-,-,-,-,-,71,-,54,-,-,-,-,-,-,5,5,6,5,10,3,17,17,4,3,1,0,0,2,1,0,0,0,0,0,0,6,1,0.9,0.20,1,-1.0,-0.1,3.24,0,0,0.0,0.2,1,0,0,0,0,0,0,2.0,7,7,1,0,0,0,0,0,0,0,3,0,0,0,0,0,0,0,1,2,1,0.14,19,1,2,0,0,-0.0,0.1,0.1,-0.22,7,3,31,2,29,0,4,0,8.72,-0.2,.867,0,0,32.0,0,0,4,4,0,0,1,1,2,0,0,0,0.0,0.0
1B,George Sweatt,George,Sweatt,Seoul Hannams,6' 2',190 lbs,R,R,68,Kansas City Monarchs,KCM,1924,1921-1945,,84468,Bronze,Negro League Star  2B George Sweatt  KCM  1924,0,Y,5,54,87,88,91,92,54,88,90,94,96,54,87,88,91,92,84,85,Normal,Spray,Normal,1,1,22,5,1,1,21,5,1,1,22,5,16,-,-,-,-,-,-,-,-,-,-,-,1,NEU,89-91,3/4,Normal,1,6,1,1,1,77,50,51,70,81,50,63,-,-,96,80,57,-,95,76,88,124,-,96,80,57,-,95,76,88,64,45,70,56,6,6,24,22,5,5,0,0,0,1,2,2,0,0,0,0,0,4,0,1.6,-0.62,1,-1.1,-0.0,4.00,0,0,0.0,0.0,0,0,0,0,0,0,0,0.0,0,0,0,0,0,0,0,0,0,0,0,0,0,0,0,0,0,0,0,0,0,0.00,0,0,0,0,0,0.0,0.0,0.0,0.00,6,6,54,15,38,1,1,0,8.83,0.7,1.035,0,0,54.0,0,0,23,22,2,2,0,0,1,1,0,0,0.0,0.0
1B,George Sweatt,George,Sweatt,Out of Left Field,6' 2',190 lbs,R,R,68,Kansas City Monarchs,KCM,1924,1921-1945,,84468,Bronze,Negro League Star  2B George Sweatt  KCM  1924,0,N,0,49,80,81,84,85,49,81,83,87,88,49,80,81,84,85,84,85,Normal,Spray,Normal,1,1,19,3,1,1,18,3,1,1,19,3,16,-,-,-,-,-,-,-,-,-,-,-,1,NEU,89-91,3/4,Normal,1,6,1,1,1,77,50,51,70,81,50,63,-,-,89,75,53,-,89,70,82,116,-,89,75,53,-,89,70,82,64,45,70,56,17,4,19,17,3,2,0,0,1,3,2,2,0,0,0,0,0,4,0,1.7,0.46,1,-0.4,0.1,4.42,0,0,0.0,0.0,0,0,0,0,0,0,0,0.0,0,0,0,0,0,0,0,0,0,0,0,0,0,0,0,0,0,0,0,0,0,0.00,0,0,0,0,0,0.0,0.0,0.0,0.00,19,4,22,3,17,2,0,0,3.21,0.7,1.052,0,0,56.0,0,0,15,15,1,1,3,2,0,0,2,0,0.0,-0.1
2B,Jim Baxes,Jim,Baxes,Allston Wolf Spiders,6' 1',190 lbs,R,R,65,Cleveland,CLE,1959,1946-1960,,85184,Bronze,Young & Old 1 - Rookie Sensation  2B Jim Baxes  CLE  1959,0,N,0,64,71,106,69,64,82,52,115,71,73,55,77,104,69,61,43,3,Flyball,Normal,Normal,1,1,1,1,1,1,1,1,1,1,1,1,16,17,17,-,-,-,-,-,-,-,-,-,3,NEU,90-92,3/4,Normal,1,15,-,-,-,74,52,58,59,6,10,9,-,-,-,69,55,-,-,-,-,115,-,-,69,55,-,-,-,-,32,17,58,66,3,1,5,5,1,1,0,0,0,0,0,0,0,0,0,0,0,2,0,0.2,-0.17,0,-0.5,-0.1,4.00,0,0,0.0,-0.4,0,0,0,0,0,0,0,0.0,0,0,0,0,0,0,0,0,0,0,0,0,0,0,0,0,0,0,0,0,0,0.00,0,0,0,0,0,0.0,0.0,0.0,0.00,1,1,7,5,2,0,0,0,7.00,0.0,1.088,0,0,9.0,0,0,8,7,0,0,0,0,0,0,0,0,0.0,0.0
2B,Jim Baxes,Jim,Baxes,Kansas City Torrent - JW,6' 1',190 lbs,R,R,65,Cleveland,CLE,1959,1946-1960,,85184,Bronze,Young & Old 1 - Rookie Sensation  2B Jim Baxes  CLE  1959,40,N,0,64,71,106,69,64,82,52,115,71,73,55,77,104,69,61,43,3,Flyball,Normal,Normal,1,1,1,1,1,1,1,1,1,1,1,1,16,17,17,-,-,-,-,-,-,-,-,-,3,NEU,90-92,3/4,Normal,1,15,-,-,-,74,52,58,59,6,10,9,-,-,-,69,55,-,-,-,-,115,-,-,69,55,-,-,-,-,32,17,58,66,2,1,5,5,1,1,0,0,0,0,0,0,0,0,0,0,0,0,0,0.2,-0.06,0,-0.5,-0.0,2.00,0,0,0.0,0.0,0,0,0,0,0,0,0,0.0,0,0,0,0,0,0,0,0,0,0,0,0,0,0,0,0,0,0,0,0,0,0.00,0,0,0,0,0,0.0,0.0,0.0,0.00,2,1,5,3,2,0,1,0,4.50,0.2,1.088,0,0,10.0,0,0,2,2,0,0,1,1,0,0,0,0,0.0,0.0
2B,Jim Baxes,Jim,Baxes,BAGgin' Dingers TTC,6' 1',190 lbs,R,R,65,Cleveland,CLE,1959,1946-1960,,85184,Bronze,Young & Old 1 - Rookie Sensation  2B Jim Baxes  CLE  1959,0,Y,5,70,77,115,75,70,89,57,124,77,80,60,84,113,75,67,43,3,Flyball,Normal,Normal,1,1,1,1,1,1,1,1,1,1,1,1,16,17,17,-,-,-,-,-,-,-,-,-,3,NEU,90-92,3/4,Normal,1,15,-,-,-,74,52,58,59,6,10,9,-,-,-,75,59,-,-,-,-,123,-,-,75,59,-,-,-,-,32,17,58,66,8,8,33,30,7,3,1,0,3,7,5,2,1,0,0,1,0,5,0,4.8,0.25,4,0.6,0.3,3.61,0,0,0.0,0.0,0,0,0,0,0,0,0,0.0,0,0,0,0,0,0,0,0,0,0,0,0,0,0,0,0,0,0,0,0,0,0.00,0,0,0,0,0,0.0,0.0,0.0,0.00,8,8,20,12,8,0,1,0,2.63,0.8,1.077,0,0,68.1,0,0,16,15,2,2,1,1,1,1,0,0,0.0,0.0
2B,Clemente Carreras,Clemente,Carreras,The Colony Lynx,5' 10',190 lbs,R,R,67,New York Cubans,NYC,1941,1921-1945,,84462,Bronze,Negro League Star  3B Clemente Carreras  NYC  1941,0,N,0,57,74,82,76,86,58,75,84,78,88,57,74,82,76,86,67,69,Normal,Normal,Pull,1,1,19,3,1,1,19,3,1,1,19,3,16,-,-,-,-,-,-,-,-,-,-,-,1,NEU,90-92,OTT,Normal,1,19,1,1,1,77,67,85,71,45,56,56,-,-,-,83,80,-,49,-,-,129,-,-,83,80,-,49,-,-,62,61,71,60,6,6,27,24,6,5,1,0,0,2,2,2,0,0,1,0,0,4,0,2.4,-0.18,2,-0.9,0.1,3.70,0,0,0.0,0.0,0,0,0,0,0,0,0,0.0,0,0,0,0,0,0,0,0,0,0,0,0,0,0,0,0,0,0,0,0,0,0.00,0,0,0,0,0,0.0,0.0,0.0,0.00,6,6,28,20,8,0,3,0,4.50,1.3,1.088,0,0,56.0,0,0,21,21,5,4,0,0,0,0,3,1,0.0,0.0
2B,Jimmy Dykes,Jimmy,Dykes,Altamonte Ryno's,5' 9',185 lbs,R,R,60,Philadelphia Athletics,OAK,1924,1921-1945,,83554,Bronze,Snapshot  2B Jimmy Dykes  PHA  1924,0,N,0,89,86,61,75,70,95,67,75,75,86,88,92,54,75,65,52,3,Normal,Normal,Normal,1,1,1,2,1,1,1,2,1,1,1,2,16,-,-,-,-,-,-,-,-,17,-,-,2,NEU,90-92,OTT,Normal,1,14,-,-,-,64,61,51,63,7,1,8,-,-,63,64,50,45,-,-,-,113,-,63,64,50,45,-,-,-,43,25,44,39,4,3,12,11,1,1,0,0,0,0,1,1,0,0,0,0,0,2,0,0.2,-0.42,0,-1.6,-0.2,4.00,0,0,0.0,0.1,0,0,0,0,0,0,0,0.0,0,0,0,0,0,0,0,0,0,0,0,0,0,0,0,0,0,0,0,0,0,0.00,0,0,0,0,0,0.0,0.0,0.0,0.00,5,3,20,12,6,2,1,0,5.79,-0.7,.900,0,0,28.0,0,0,17,15,3,2,0,0,1,0,0,0,0.0,0.0
2B,Johnny Evers,Johnny,Evers,New Platson Grand Petites HotL,5' 9',125 lbs,L,R,48,Chicago Cubs,CHC,1910,2026,CS,86790,Iron,Clubhouse - Baseball Reference 8  2B Johnny Evers  CHC  1910,0,N,0,58,54,1,175,170,74,30,1,162,170,48,61,1,180,170,77,68,Normal,Pull,Pull,1,1,1,4,1,1,1,4,1,1,1,4,16,-,-,-,-,-,-,-,-,-,-,-,1,NEU,89-91,3/4,Normal,1,13,-,-,-,105,69,64,60,6,10,5,-,-,-,102,-,-,-,-,-,143,-,-,102,-,-,-,-,-,75,80,98,89,5,5,19,18,5,4,1,0,0,4,1,1,0,0,0,0,0,1,0,2.0,0.21,2,-0.2,0.1,3.68,0,0,0.0,0.0,0,0,0,0,0,0,0,0.0,0,0,0,0,0,0,0,0,0,0,0,0,0,0,0,0,0,0,0,0,0,0.00,0,0,0,0,0,0.0,0.0,0.0,0.00,5,5,23,14,9,0,2,0,4.70,0.8,1.088,0,0,44.0,0,0,15,15,0,0,0,0,1,1,0,0,0.0,0.0
2B,Mike Herrera,Mike,Herrera,Cape Cod Sharks - HotL,5' 6',150 lbs,R,R,61,Springfield Ponies,SpPo,1927,1921-1945,,84415,Bronze,Negro League Star  2B Mike Herrera  SpPo  1927,0,N,0,63,79,36,58,101,69,62,36,61,94,62,84,36,57,105,65,67,Normal,Normal,Normal,1,1,27,1,1,1,29,1,1,1,26,4,16,-,-,16,-,-,-,-,-,-,-,-,2,EX FB,91-93,OTT,Normal,10,16,53,53,53,90,71,51,91,75,62,62,-,45,56,100,70,75,84,63,77,135,45,56,100,70,75,84,63,77,61,59,66,59,5,2,8,8,1,0,0,1,0,2,0,0,0,0,0,0,0,2,0,0.4,0.04,0,-0.7,-0.1,2.75,0,0,0.0,0.0,0,0,0,0,0,0,0,0.0,0,0,0,0,0,0,0,0,0,0,0,0,0,0,0,0,0,0,0,0,0,0.00,0,0,0,0,0,0.0,0.0,0.0,0.00,5,2,14,5,9,0,1,0,6.30,-0.2,1.088,0,0,20.0,3,7,6,6,1,1,0,0,1,1,0,0,0.0,0.0
2B,Mike Herrera,Mike,Herrera,The Spacehog,5' 6',150 lbs,R,R,61,Springfield Ponies,SpPo,1927,1921-1945,,84415,Bronze,Negro League Star  2B Mike Herrera  SpPo  1927,0,Y,5,69,86,40,64,109,75,68,40,67,102,68,91,40,63,114,65,67,Normal,Normal,Normal,1,1,31,1,1,1,33,1,1,1,30,6,16,-,-,16,-,-,-,-,-,-,-,-,2,EX FB,91-93,OTT,Normal,10,16,53,53,53,90,71,51,91,75,62,62,-,49,61,107,75,80,91,68,83,145,49,61,107,75,80,91,68,83,61,59,66,59,6,6,22,21,4,3,0,0,1,2,1,0,0,0,1,0,0,3,2,0.7,-0.16,1,-1.6,-0.0,3.59,0,0,0.0,0.0,0,0,0,0,0,0,0,0.0,0,0,0,0,0,0,0,0,0,0,0,0,0,0,0,0,0,0,0,0,0,0.00,0,0,0,0,0,0.0,0.0,0.0,0.00,6,6,24,14,10,0,2,0,4.24,0.3,1.088,0,0,51.0,0,0,19,19,1,0,0,0,2,0,1,0,0.0,0.0
2B,Mike Herrera,Mike,Herrera,Tegridy Farms Weed,5' 6',150 lbs,R,R,61,Springfield Ponies,SpPo,1927,1921-1945,,84415,Bronze,Negro League Star  2B Mike Herrera  SpPo  1927,0,N,0,63,79,36,58,101,69,62,36,61,94,62,84,36,57,105,65,67,Normal,Normal,Normal,1,1,27,1,1,1,29,1,1,1,26,4,16,-,-,16,-,-,-,-,-,-,-,-,2,EX FB,91-93,OTT,Normal,10,16,53,53,53,90,71,51,91,75,62,62,-,45,56,100,70,75,84,63,77,135,45,56,100,70,75,84,63,77,61,59,66,59,7,4,14,11,1,0,0,0,1,3,2,1,0,1,1,0,0,2,0,1.1,0.14,1,-0.6,-0.0,3.64,0,0,0.0,0.0,0,0,0,0,0,0,0,0.0,0,0,0,0,0,0,0,0,0,0,0,0,0,0,0,0,0,0,0,0,0,0.00,0,0,0,0,0,0.0,0.0,0.0,0.00,7,4,18,10,8,0,1,0,3.98,-0.2,.988,0,0,40.2,0,0,12,11,2,2,3,1,1,0,1,0,0.0,0.0
2B,Cookie Lavagetto,Cookie,Lavagetto,San Francisco Seals,6' 0',170 lbs,R,R,68,Brooklyn Dodgers,LAD,1937,1921-1945,,83651,Bronze,Snapshot  2B Cookie Lavagetto  BRO  1937,0,N,0,58,75,71,95,97,71,94,66,90,107,50,68,73,97,95,52,9,Normal,Normal,Normal,1,1,1,1,1,1,1,1,1,1,1,1,16,-,-,-,-,-,-,-,-,-,-,-,1,NEU,90-92,3/4,Normal,1,11,-,-,-,55,53,45,67,9,6,10,-,-,-,55,40,-,-,-,-,103,-,-,55,40,-,-,-,-,65,59,70,74,7,3,18,13,3,3,0,0,0,1,2,3,0,0,1,1,0,3,0,1.6,0.04,1,-0.6,-0.1,4.11,0,0,0.0,-0.1,0,0,0,0,0,0,0,0.0,0,0,0,0,0,0,0,0,0,0,0,0,0,0,0,0,0,0,0,0,0,0.00,0,0,0,0,0,0.0,0.0,0.0,0.00,4,2,13,9,3,1,1,0,4.91,-0.5,.890,0,0,22.0,0,0,11,10,2,1,0,0,0,0,1,0,0.0,0.0
2B,Cookie Lavagetto,Cookie,Lavagetto,Ungentlemanly Fightin' Fellows TTC,6' 0',170 lbs,R,R,68,Brooklyn Dodgers,LAD,1937,1921-1945,,83651,Bronze,Snapshot  2B Cookie Lavagetto  BRO  1937,0,N,0,58,75,71,95,97,71,94,66,90,107,50,68,73,97,95,52,9,Normal,Normal,Normal,1,1,1,1,1,1,1,1,1,1,1,1,16,-,-,-,-,-,-,-,-,-,-,-,1,NEU,90-92,3/4,Normal,1,11,-,-,-,55,53,45,67,9,6,10,-,-,-,55,40,-,-,-,-,103,-,-,55,40,-,-,-,-,65,59,70,74,1,,2,2,1,0,1,0,0,1,1,0,0,0,0,0,0,0,0,1.0,0.28,0,0.5,0.1,3.50,0,0,0.0,0.2,0,0,0,0,0,0,0,0.0,0,0,0,0,0,0,0,0,0,0,0,0,0,0,0,0,0,0,0,0,0,0.00,0,0,0,0,0,0.0,0.0,0.0,0.00,1,0,1,0,1,0,0,0,4.50,-0.0,.000,0,0,2.0,0,0,1,1,0,0,0,0,0,0,1,0,0.0,0.0
2B,Cookie Lavagetto,Cookie,Lavagetto,Aberfeldie Falcons,6' 0',170 lbs,R,R,68,Brooklyn Dodgers,LAD,1937,1921-1945,,83651,Bronze,Snapshot  2B Cookie Lavagetto  BRO  1937,0,N,0,58,75,71,95,97,71,94,66,90,107,50,68,73,97,95,52,9,Normal,Normal,Normal,1,1,1,1,1,1,1,1,1,1,1,1,16,-,-,-,-,-,-,-,-,-,-,-,1,NEU,90-92,3/4,Normal,1,11,-,-,-,55,53,45,67,9,6,10,-,-,-,55,40,-,-,-,-,103,-,-,55,40,-,-,-,-,65,59,70,74,2,,1,0,0,0,0,0,0,0,0,1,0,0,0,0,0,0,0,0.0,0.10,0,0.3,0.0,7.00,0,0,0.0,-0.0,0,0,0,0,0,0,0,0.0,0,0,0,0,0,0,0,0,0,0,0,0,0,0,0,0,0,0,0,0,0,0.00,0,0,0,0,0,0.0,0.0,0.0,0.00,1,0,0,0,0,0,0,0,0.00,0.0,.000,0,0,2.0,0,0,0,0,0,0,0,0,0,0,0,0,0.0,0.0
2B,Cookie Lavagetto,Cookie,Lavagetto,Columbus Fire Ants,6' 0',170 lbs,R,R,68,Brooklyn Dodgers,LAD,1937,1921-1945,,83651,Bronze,Snapshot  2B Cookie Lavagetto  BRO  1937,0,Y,5,64,82,77,103,105,77,102,72,98,116,55,74,80,105,103,52,9,Normal,Normal,Normal,1,1,1,1,1,1,1,1,1,1,1,1,16,-,-,-,-,-,-,-,-,-,-,-,1,NEU,90-92,3/4,Normal,1,11,-,-,-,55,53,45,67,9,6,10,-,-,-,60,44,-,-,-,-,111,-,-,60,44,-,-,-,-,65,59,70,74,4,,3,3,0,0,0,0,0,0,0,0,0,0,0,0,0,1,0,0.0,-0.19,0,-0.7,-0.1,4.67,0,0,0.0,0.0,0,0,0,0,0,0,0,0.0,0,0,0,0,0,0,0,0,0,0,0,0,0,0,0,0,0,0,0,0,0,0.00,0,0,0,0,0,0.0,0.0,0.0,0.00,0,0,0,0,0,0,0,0,0.00,0.0,.000,0,0,0.0,0,0,0,0,0,0,0,0,0,0,0,0,0.0,0.0
2B,Cookie Lavagetto,Cookie,Lavagetto,Daegu Lions,6' 0',170 lbs,R,R,68,Brooklyn Dodgers,LAD,1937,1921-1945,,83651,Bronze,Snapshot  2B Cookie Lavagetto  BRO  1937,0,N,0,58,75,71,95,97,71,94,66,90,107,50,68,73,97,95,52,9,Normal,Normal,Normal,1,1,1,1,1,1,1,1,1,1,1,1,16,-,-,-,-,-,-,-,-,-,-,-,1,NEU,90-92,3/4,Normal,1,11,-,-,-,55,53,45,67,9,6,10,-,-,-,55,40,-,-,-,-,103,-,-,55,40,-,-,-,-,65,59,70,74,11,2,20,20,4,2,2,0,0,3,4,0,0,0,0,0,0,4,0,1.2,-0.00,0,-1.4,-0.1,4.15,0,0,0.0,0.5,0,0,0,0,0,0,0,0.0,0,0,0,0,0,0,0,0,0,0,0,0,0,0,0,0,0,0,0,0,0,0.00,0,0,0,0,0,0.0,0.0,0.0,0.00,6,2,14,4,9,1,2,0,3.48,-0.3,.870,0,0,33.2,0,0,6,5,1,0,1,1,0,0,0,0,0.0,0.0
2B,Milton Lewis,Milton,Lewis,Town of Lake Loons,6' 0',200 lbs,L,R,67,Wilmington Potomacs,WiPo,1925,1921-1945,,84480,Bronze,Negro League Star  2B Milton Lewis  WiPo  1925,0,N,0,28,88,111,80,78,28,87,104,79,75,29,89,114,81,80,46,37,Flyball,Pull,Spray,13,32,34,17,13,32,34,18,13,32,35,17,36,-,36,-,-,-,-,-,-,-,-,-,2,EX FB,91-93,3/4,Normal,24,3,1,1,1,75,67,46,81,75,62,62,-,-,82,82,58,-,84,63,77,123,-,82,82,58,-,84,63,77,33,8,6,31,5,5,18,16,4,3,0,0,1,2,2,2,0,0,0,0,0,0,0,2.5,0.41,2,0.5,0.2,3.56,0,0,0.0,0.2,0,0,0,0,0,0,0,0.0,0,0,0,0,0,0,0,0,0,0,0,0,0,0,0,0,0,0,0,0,0,0.00,0,0,0,0,0,0.0,0.0,0.0,0.00,7,5,23,8,15,0,1,0,4.74,0.7,1.088,0,0,43.2,0,0,10,10,0,0,2,2,0,0,0,0,0.0,0.0
2B,Milton Lewis,Milton,Lewis,OKC Whirlwinds - PCK,6' 0',200 lbs,L,R,67,Wilmington Potomacs,WiPo,1925,1921-1945,,84480,Bronze,Negro League Star  2B Milton Lewis  WiPo  1925,0,N,0,28,88,111,80,78,28,87,104,79,75,29,89,114,81,80,46,37,Flyball,Pull,Spray,13,32,34,17,13,32,34,18,13,32,35,17,36,-,36,-,-,-,-,-,-,-,-,-,2,EX FB,91-93,3/4,Normal,24,3,1,1,1,75,67,46,81,75,62,62,-,-,82,82,58,-,84,63,77,123,-,82,82,58,-,84,63,77,33,8,6,31,20,19,74,66,16,7,6,0,3,15,8,8,0,0,0,0,0,11,0,10.7,1.71,11,2.5,0.5,3.70,0,0,0.0,-0.4,0,0,0,0,0,0,0,0.0,0,0,0,0,0,0,0,0,0,0,0,0,0,0,0,0,0,0,0,0,0,0.00,0,0,0,0,0,0.0,0.0,0.0,0.00,23,19,71,44,26,1,8,0,3.59,0.2,1.041,0,0,175.2,0,0,47,45,11,6,4,2,5,1,6,0,0.0,0.0
2B,Milton Lewis,Milton,Lewis,Smyrna Stooges,6' 0',200 lbs,L,R,67,Wilmington Potomacs,WiPo,1925,1921-1945,,84480,Bronze,Negro League Star  2B Milton Lewis  WiPo  1925,0,N,0,28,88,111,80,78,28,87,104,79,75,29,89,114,81,80,46,37,Flyball,Pull,Spray,13,32,34,17,13,32,34,18,13,32,35,17,36,-,36,-,-,-,-,-,-,-,-,-,2,EX FB,91-93,3/4,Normal,24,3,1,1,1,75,67,46,81,75,62,62,-,-,82,82,58,-,84,63,77,123,-,82,82,58,-,84,63,77,33,8,6,31,4,4,14,13,1,1,0,0,0,0,1,1,0,0,0,0,0,1,0,0.2,-0.15,0,-2.1,-0.1,2.57,0,0,0.0,0.0,0,0,0,0,0,0,0,0.0,0,0,0,0,0,0,0,0,0,0,0,0,0,0,0,0,0,0,0,0,0,0.00,0,0,0,0,0,0.0,0.0,0.0,0.00,4,4,11,6,5,0,1,0,2.91,0.3,1.088,0,0,34.0,0,0,8,8,0,0,0,0,0,0,1,0,0.0,0.0
2B,Milton Lewis,Milton,Lewis,Ware Wolves2,6' 0',200 lbs,L,R,67,Wilmington Potomacs,WiPo,1925,1921-1945,,84480,Bronze,Negro League Star  2B Milton Lewis  WiPo  1925,0,N,0,28,88,111,80,78,28,87,104,79,75,29,89,114,81,80,46,37,Flyball,Pull,Spray,13,32,34,17,13,32,34,18,13,32,35,17,36,-,36,-,-,-,-,-,-,-,-,-,2,EX FB,91-93,3/4,Normal,24,3,1,1,1,75,67,46,81,75,62,62,-,-,82,82,58,-,84,63,77,123,-,82,82,58,-,84,63,77,33,8,6,31,19,18,77,67,10,4,3,1,2,8,8,9,0,0,0,1,0,11,1,5.6,-0.05,5,-3.2,-0.1,3.79,0,0,0.0,0.2,0,0,0,0,0,0,0,0.0,0,0,0,0,0,0,0,0,0,0,0,0,0,0,0,0,0,0,0,0,0,0.00,0,0,0,0,0,0.0,0.0,0.0,0.00,23,18,66,30,33,3,9,0,3.57,-0.8,.970,0,0,159.0,0,0,41,36,6,5,5,3,4,0,3,0,0.0,-0.3
2B,Milton Lewis,Milton,Lewis,Deadwood Punch and Judys TTC,6' 0',200 lbs,L,R,67,Wilmington Potomacs,WiPo,1925,1921-1945,,84480,Bronze,Negro League Star  2B Milton Lewis  WiPo  1925,0,N,0,28,88,111,80,78,28,87,104,79,75,29,89,114,81,80,46,37,Flyball,Pull,Spray,13,32,34,17,13,32,34,18,13,32,35,17,36,-,36,-,-,-,-,-,-,-,-,-,2,EX FB,91-93,3/4,Normal,24,3,1,1,1,75,67,46,81,75,62,62,-,-,82,82,58,-,84,63,77,123,-,82,82,58,-,84,63,77,33,8,6,31,18,16,58,50,17,9,2,1,5,10,12,6,0,0,1,1,0,7,1,14.6,0.43,14,7.2,0.9,3.43,0,0,0.0,0.3,0,0,0,0,0,0,0,0.0,0,0,0,0,0,0,0,0,0,0,0,0,0,0,0,0,0,0,0,0,0,0.00,0,0,0,0,0,0.0,0.0,0.0,0.00,20,16,73,39,32,2,9,0,4.44,-0.6,.957,0,0,144.0,0,0,46,44,3,2,5,1,4,1,2,0,0.0,0.0
2B,Milton Lewis,Milton,Lewis,Kansas City Torrent - JW,6' 0',200 lbs,L,R,67,Wilmington Potomacs,WiPo,1925,1921-1945,,84480,Bronze,Negro League Star  2B Milton Lewis  WiPo  1925,32,N,0,28,88,111,80,78,28,87,104,79,75,29,89,114,81,80,46,37,Flyball,Pull,Spray,13,32,34,17,13,32,34,18,13,32,35,17,36,-,36,-,-,-,-,-,-,-,-,-,2,EX FB,91-93,3/4,Normal,24,3,1,1,1,75,67,46,81,75,62,62,-,-,82,82,58,-,84,63,77,123,-,82,82,58,-,84,63,77,33,8,6,31,6,6,21,19,3,0,1,0,2,3,4,1,0,0,1,0,0,3,1,1.5,-0.13,2,-0.2,0.2,4.14,0,0,0.0,0.0,0,0,0,0,0,0,0,0.0,0,0,0,0,0,0,0,0,0,0,0,0,0,0,0,0,0,0,0,0,0,0.00,0,0,0,0,0,0.0,0.0,0.0,0.00,6,6,33,22,11,0,3,0,5.75,1.5,1.088,0,0,51.2,0,0,25,25,2,2,1,1,2,2,4,0,0.0,0.0
2B,Milton Lewis,Milton,Lewis,White Rabbitt,6' 0',200 lbs,L,R,67,Wilmington Potomacs,WiPo,1925,1921-1945,,84480,Bronze,Negro League Star  2B Milton Lewis  WiPo  1925,0,Y,5,32,96,120,87,85,32,94,113,86,82,33,97,123,88,87,46,37,Flyball,Pull,Spray,16,36,38,20,16,36,38,21,16,36,39,20,36,-,36,-,-,-,-,-,-,-,-,-,2,EX FB,91-93,3/4,Normal,24,3,1,1,1,75,67,46,81,75,62,62,-,-,88,88,62,-,91,68,83,131,-,88,88,62,-,91,68,83,33,8,6,31,13,6,34,29,3,0,0,0,3,5,5,4,1,1,0,0,0,8,2,2.3,-0.30,2,-1.1,-0.0,3.74,0,0,0.0,-0.1,0,0,0,0,0,0,0,0.0,0,0,0,0,0,0,0,0,0,0,0,0,0,0,0,0,0,0,0,0,0,0.00,0,0,0,0,0,0.0,0.0,0.0,0.00,16,6,36,18,16,2,4,0,4.23,-0.5,.964,0,0,72.1,0,0,23,20,2,1,3,2,0,0,1,0,0.0,0.0
2B,Milton Lewis,Milton,Lewis,BAGgin' Dingers TTC,6' 0',200 lbs,L,R,67,Wilmington Potomacs,WiPo,1925,1921-1945,,84480,Bronze,Negro League Star  2B Milton Lewis  WiPo  1925,0,N,0,28,88,111,80,78,28,87,104,79,75,29,89,114,81,80,46,37,Flyball,Pull,Spray,13,32,34,17,13,32,34,18,13,32,35,17,36,-,36,-,-,-,-,-,-,-,-,-,2,EX FB,91-93,3/4,Normal,24,3,1,1,1,75,67,46,81,75,62,62,-,-,82,82,58,-,84,63,77,123,-,82,82,58,-,84,63,77,33,8,6,31,15,15,53,51,13,8,3,1,1,10,4,1,0,0,0,1,0,8,0,5.8,0.25,5,-0.6,0.0,3.53,0,0,0.0,-0.9,0,0,0,0,0,0,0,0.0,0,0,0,0,0,0,0,0,0,0,0,0,0,0,0,0,0,0,0,0,0,0.00,0,0,0,0,0,0.0,0.0,0.0,0.00,23,15,56,32,22,2,7,0,3.75,0.0,.974,0,0,129.2,0,0,39,35,7,5,4,3,3,0,5,2,0.0,0.0
2B,Milton Lewis,Milton,Lewis,Sabo's Saturn League Legends TTC,6' 0',200 lbs,L,R,67,Wilmington Potomacs,WiPo,1925,1921-1945,,84480,Bronze,Negro League Star  2B Milton Lewis  WiPo  1925,0,N,0,28,88,111,80,78,28,87,104,79,75,29,89,114,81,80,46,37,Flyball,Pull,Spray,13,32,34,17,13,32,34,18,13,32,35,17,36,-,36,-,-,-,-,-,-,-,-,-,2,EX FB,91-93,3/4,Normal,24,3,1,1,1,75,67,46,81,75,62,62,-,-,82,82,58,-,84,63,77,123,-,82,82,58,-,84,63,77,33,8,6,31,7,6,21,20,4,1,1,0,2,4,3,1,0,0,0,0,0,3,0,2.7,-0.00,2,0.5,0.0,3.81,0,0,0.0,-0.3,0,0,0,0,0,0,0,0.0,0,0,0,0,0,0,0,0,0,0,0,0,0,0,0,0,0,0,0,0,0,0.00,0,0,0,0,0,0.0,0.0,0.0,0.00,8,6,25,10,13,2,3,0,3.83,-0.7,.922,0,0,54.0,0,0,11,9,5,3,0,0,3,1,2,0,0.0,-0.1
2B,Milton Lewis,Milton,Lewis,King Street 504s,6' 0',200 lbs,L,R,67,Wilmington Potomacs,WiPo,1925,1921-1945,,84480,Bronze,Negro League Star  2B Milton Lewis  WiPo  1925,0,N,0,28,88,111,80,78,28,87,104,79,75,29,89,114,81,80,46,37,Flyball,Pull,Spray,13,32,34,17,13,32,34,18,13,32,35,17,36,-,36,-,-,-,-,-,-,-,-,-,2,EX FB,91-93,3/4,Normal,24,3,1,1,1,75,67,46,81,75,62,62,-,-,82,82,58,-,84,63,77,123,-,82,82,58,-,84,63,77,33,8,6,31,2,1,4,4,1,0,0,0,1,1,1,0,0,0,0,0,0,0,0,1.0,0.31,1,0.7,0.1,3.75,0,0,0.0,0.0,0,0,0,0,0,0,0,0.0,0,0,0,0,0,0,0,0,0,0,0,0,0,0,0,0,0,0,0,0,0,0.00,0,0,0,0,0,0.0,0.0,0.0,0.00,2,1,4,1,3,0,0,0,3.00,0.2,1.039,0,0,12.0,0,0,3,3,1,1,0,0,0,0,1,0,0.0,0.3
2B,Milton Lewis,Milton,Lewis,Out of Left Field,6' 0',200 lbs,L,R,67,Wilmington Potomacs,WiPo,1925,1921-1945,,84480,Bronze,Negro League Star  2B Milton Lewis  WiPo  1925,0,N,0,28,88,111,80,78,28,87,104,79,75,29,89,114,81,80,46,37,Flyball,Pull,Spray,13,32,34,17,13,32,34,18,13,32,35,17,36,-,36,-,-,-,-,-,-,-,-,-,2,EX FB,91-93,3/4,Normal,24,3,1,1,1,75,67,46,81,75,62,62,-,-,82,82,58,-,84,63,77,123,-,82,82,58,-,84,63,77,33,8,6,31,25,22,87,79,19,9,3,0,7,12,14,7,0,0,0,1,0,12,1,13.0,-0.37,14,3.8,0.7,3.53,0,0,0.0,0.1,0,0,0,0,0,0,0,0.0,0,0,0,0,0,0,0,0,0,0,0,0,0,0,0,0,0,0,0,0,0,0.00,0,0,0,0,0,0.0,0.0,0.0,0.00,25,22,129,65,59,5,9,0,5.54,-0.1,.964,0,0,201.1,0,0,87,76,14,14,5,3,3,0,5,3,0.0,0.0
2B,Milton Lewis,Milton,Lewis,Michigan Black Bears,6' 0',200 lbs,L,R,67,Wilmington Potomacs,WiPo,1925,1921-1945,,84480,Bronze,Negro League Star  2B Milton Lewis  WiPo  1925,0,Y,5,32,96,120,87,85,32,94,113,86,82,33,97,123,88,87,46,37,Flyball,Pull,Spray,16,36,38,20,16,36,38,21,16,36,39,20,36,-,36,-,-,-,-,-,-,-,-,-,2,EX FB,91-93,3/4,Normal,24,3,1,1,1,75,67,46,81,75,62,62,-,-,88,88,62,-,91,68,83,131,-,88,88,62,-,91,68,83,33,8,6,31,13,10,34,31,2,2,0,0,0,1,2,3,0,0,0,0,0,2,0,0.4,-0.37,-1,-5.2,-0.3,3.09,0,0,0.0,0.1,0,0,0,0,0,0,0,0.0,0,0,0,0,0,0,0,0,0,0,0,0,0,0,0,0,0,0,0,0,0,0.00,0,0,0,0,0,0.0,0.0,0.0,0.00,14,10,26,4,22,0,1,0,2.80,1.4,1.075,0,0,83.2,0,0,19,19,5,4,4,3,0,0,3,0,0.0,-0.2
2B,Danny Murtaugh,Danny,Murtaugh,Black Dog,5' 9',165 lbs,R,R,62,Pittsburgh Pirates,PIT,1948,1946-1960,,83516,Bronze,Snapshot  2B Danny Murtaugh  PIT  1948,0,N,0,77,61,14,75,99,78,75,20,78,91,77,54,13,75,104,27,28,Normal,Normal,Normal,1,1,1,5,1,1,1,5,1,1,1,5,16,-,-,-,-,-,-,-,-,-,-,-,1,NEU,90-92,3/4,Normal,1,23,-,-,-,74,75,47,78,2,6,8,-,-,-,83,61,61,-,-,-,127,-,-,83,61,61,-,-,-,62,65,63,63,4,1,5,5,2,2,0,0,0,1,1,0,0,0,0,0,0,1,0,0.8,0.03,0,0.2,0.1,3.40,0,0,0.0,-0.0,0,0,0,0,0,0,0,0.0,0,0,0,0,0,0,0,0,0,0,0,0,0,0,0,0,0,0,0,0,0,0.00,0,0,0,0,0,0.0,0.0,0.0,0.00,4,1,6,1,5,0,0,0,3.68,0.2,1.088,0,0,14.2,0,0,6,6,0,0,0,0,0,0,0,0,0.0,0.0
2B,Danny Murtaugh,Danny,Murtaugh,White Rabbitt,5' 9',165 lbs,R,R,62,Pittsburgh Pirates,PIT,1948,1946-1960,,83516,Bronze,Snapshot  2B Danny Murtaugh  PIT  1948,0,Y,5,84,67,17,82,107,85,82,23,85,99,84,59,16,82,113,27,28,Normal,Normal,Normal,1,1,1,7,1,1,1,7,1,1,1,7,16,-,-,-,-,-,-,-,-,-,-,-,1,NEU,90-92,3/4,Normal,1,23,-,-,-,74,75,47,78,2,6,8,-,-,-,89,66,66,-,-,-,136,-,-,89,66,66,-,-,-,62,65,63,63,5,,1,1,0,0,0,0,0,0,0,0,0,0,0,0,0,1,0,0.0,-0.09,0,-0.2,-0.0,6.00,0,0,0.0,0.0,0,0,0,0,0,0,0,0.0,0,0,0,0,0,0,0,0,0,0,0,0,0,0,0,0,0,0,0,0,0,0.00,0,0,0,0,0,0.0,0.0,0.0,0.00,4,0,3,2,1,0,0,0,4.50,0.0,1.088,0,0,6.0,0,0,3,3,0,0,0,0,1,0,0,0,0.0,0.0
2B,Billy Myers,Billy,Myers,Madison Moundsmen,5' 8',170 lbs,R,R,67,Cincinnati Reds,CIN,1937,1921-1945,,83650,Bronze,Snapshot  SS Billy Myers  CIN  1937,0,Y,5,55,72,85,96,80,71,77,90,98,77,48,71,84,96,81,55,1,Normal,Normal,Normal,1,1,1,1,1,1,1,1,1,1,1,1,16,-,-,-,-,-,-,-,-,-,-,-,1,NEU,89-91,3/4,Normal,1,21,-,-,-,101,59,90,89,10,1,6,-,-,-,115,-,97,-,-,-,151,-,-,115,-,97,-,-,-,48,21,30,62,6,5,20,15,3,1,1,1,0,5,1,5,0,0,0,0,0,2,0,2.9,0.25,3,0.9,0.1,4.25,0,0,0.0,-0.5,0,0,0,0,0,0,0,0.0,0,0,0,0,0,0,0,0,0,0,0,0,0,0,0,0,0,0,0,0,0,0.00,0,0,0,0,0,0.0,0.0,0.0,0.00,6,5,22,10,11,1,1,0,4.11,-0.6,1.004,0,0,46.0,0,0,18,16,0,0,5,1,1,0,1,0,0.0,0.0
2B,Charlie Neal,Charlie,Neal,Newport News Dodgers_TTC,5' 10',165 lbs,R,R,67,Los Angeles Dodgers,LAD,1959,1946-1960,,83944,Bronze,Historical All-Star  2B Charlie Neal  LAD  1959,0,N,0,76,83,78,63,87,77,109,64,78,89,76,75,83,58,87,79,9,Normal,Normal,Normal,1,1,1,4,1,1,1,4,1,1,1,4,16,-,-,-,-,-,-,-,-,-,-,-,1,NEU,89-91,3/4,Normal,1,3,-,-,-,55,102,33,80,8,1,1,-,-,-,75,52,52,-,-,-,127,-,-,75,52,52,-,-,-,79,63,78,90,4,2,8,8,2,1,0,0,1,1,1,0,0,0,0,0,0,1,0,1.2,-0.14,1,0.4,0.0,3.75,0,0,0.0,0.0,0,0,0,0,0,0,0,0.0,0,0,0,0,0,0,0,0,0,0,0,0,0,0,0,0,0,0,0,0,0,0.00,0,0,0,0,0,0.0,0.0,0.0,0.00,4,2,8,5,2,1,0,0,2.82,-0.4,.901,0,0,22.1,0,0,6,5,1,1,1,0,0,0,2,0,0.0,0.0
2B,Charlie Neal,Charlie,Neal,HickoryHoller JayBirds,5' 10',165 lbs,R,R,67,Los Angeles Dodgers,LAD,1959,1946-1960,,83944,Bronze,Historical All-Star  2B Charlie Neal  LAD  1959,0,N,0,76,83,78,63,87,77,109,64,78,89,76,75,83,58,87,79,9,Normal,Normal,Normal,1,1,1,4,1,1,1,4,1,1,1,4,16,-,-,-,-,-,-,-,-,-,-,-,1,NEU,89-91,3/4,Normal,1,3,-,-,-,55,102,33,80,8,1,1,-,-,-,75,52,52,-,-,-,127,-,-,75,52,52,-,-,-,79,63,78,90,1,1,4,3,1,1,0,0,0,1,0,1,0,0,0,0,0,0,0,0.6,0.01,0,0.3,0.0,3.00,0,0,0.0,0.0,0,0,0,0,0,0,0,0.0,0,0,0,0,0,0,0,0,0,0,0,0,0,0,0,0,0,0,0,0,0,0.00,0,0,0,0,0,0.0,0.0,0.0,0.00,1,1,3,3,0,0,0,0,3.00,-0.3,.816,0,0,9.0,0,0,3,2,0,0,1,1,0,0,0,0,0.0,0.0
2B,Charlie Neal,Charlie,Neal,London Majors,5' 10',165 lbs,R,R,67,Los Angeles Dodgers,LAD,1959,1946-1960,,83944,Bronze,Historical All-Star  2B Charlie Neal  LAD  1959,0,N,0,76,83,78,63,87,77,109,64,78,89,76,75,83,58,87,79,9,Normal,Normal,Normal,1,1,1,4,1,1,1,4,1,1,1,4,16,-,-,-,-,-,-,-,-,-,-,-,1,NEU,89-91,3/4,Normal,1,3,-,-,-,55,102,33,80,8,1,1,-,-,-,75,52,52,-,-,-,127,-,-,75,52,52,-,-,-,79,63,78,90,11,8,34,31,12,10,2,0,0,6,3,2,0,0,0,1,0,5,0,6.2,0.45,6,2.0,0.3,3.71,0,0,0.0,0.2,0,0,0,0,0,0,0,0.0,0,0,0,0,0,0,0,0,0,0,0,0,0,0,0,0,0,0,0,0,0,0.00,0,0,0,0,0,0.0,0.0,0.0,0.00,4,1,7,5,2,0,2,0,4.85,0.2,1.088,0,0,13.0,0,0,5,5,0,0,0,0,0,0,1,0,0.0,0.0
2B,Charlie Neal,Charlie,Neal,EVC's Let the Music Play Ball-TTC,5' 10',165 lbs,R,R,67,Los Angeles Dodgers,LAD,1959,1946-1960,,83944,Bronze,Historical All-Star  2B Charlie Neal  LAD  1959,0,N,0,76,83,78,63,87,77,109,64,78,89,76,75,83,58,87,79,9,Normal,Normal,Normal,1,1,1,4,1,1,1,4,1,1,1,4,16,-,-,-,-,-,-,-,-,-,-,-,1,NEU,89-91,3/4,Normal,1,3,-,-,-,55,102,33,80,8,1,1,-,-,-,75,52,52,-,-,-,127,-,-,75,52,52,-,-,-,79,63,78,90,14,13,53,48,14,11,1,1,1,9,6,3,0,0,2,0,0,5,0,7.0,0.61,6,0.6,0.2,3.11,0,0,0.0,0.0,0,0,0,0,0,0,0,0.0,0,0,0,0,0,0,0,0,0,0,0,0,0,0,0,0,0,0,0,0,0,0.00,0,0,0,0,0,0.0,0.0,0.0,0.00,15,13,55,27,26,2,5,0,3.88,-1.2,.926,0,0,123.0,0,0,40,36,3,2,5,2,4,0,4,1,0.0,0.0
2B,Charlie Neal,Charlie,Neal,Altamonte Ryno's,5' 10',165 lbs,R,R,67,Los Angeles Dodgers,LAD,1959,1946-1960,,83944,Bronze,Historical All-Star  2B Charlie Neal  LAD  1959,0,N,0,76,83,78,63,87,77,109,64,78,89,76,75,83,58,87,79,9,Normal,Normal,Normal,1,1,1,4,1,1,1,4,1,1,1,4,16,-,-,-,-,-,-,-,-,-,-,-,1,NEU,89-91,3/4,Normal,1,3,-,-,-,55,102,33,80,8,1,1,-,-,-,75,52,52,-,-,-,127,-,-,75,52,52,-,-,-,79,63,78,90,3,3,11,11,3,3,0,0,0,0,1,0,0,0,0,0,0,2,0,0.8,-0.07,0,-0.5,0.0,3.27,0,0,0.0,0.0,0,0,0,0,0,0,0,0.0,0,0,0,0,0,0,0,0,0,0,0,0,0,0,0,0,0,0,0,0,0,0.00,0,0,0,0,0,0.0,0.0,0.0,0.00,3,3,18,9,9,0,4,0,6.00,0.2,.979,0,0,27.0,0,0,12,12,3,3,1,0,1,0,1,0,0.0,0.0
2B,Charlie Neal,Charlie,Neal,King Street 504s,5' 10',165 lbs,R,R,67,Los Angeles Dodgers,LAD,1959,1946-1960,,83944,Bronze,Historical All-Star  2B Charlie Neal  LAD  1959,0,Y,5,83,90,85,69,94,84,118,70,85,97,83,82,90,64,94,79,9,Normal,Normal,Normal,1,1,1,6,1,1,1,6,1,1,1,6,16,-,-,-,-,-,-,-,-,-,-,-,1,NEU,89-91,3/4,Normal,1,3,-,-,-,55,102,33,80,8,1,1,-,-,-,81,57,57,-,-,-,136,-,-,81,57,57,-,-,-,79,63,78,90,5,5,23,21,5,4,1,0,0,2,2,2,0,0,0,0,0,2,0,2.1,0.13,2,-0.6,0.1,3.26,1,0,0.3,0.1,0,0,0,0,0,0,0,0.0,0,0,0,0,0,0,0,0,0,0,0,0,0,0,0,0,0,0,0,0,0,0.00,0,0,0,0,0,0.0,0.0,0.0,0.00,5,5,25,14,11,0,4,0,4.41,0.3,1.088,0,0,51.0,0,0,17,16,5,3,0,0,0,0,0,0,0.0,0.0
2B,Charlie Neal,Charlie,Neal,Michigan Black Bears,5' 10',165 lbs,R,R,67,Los Angeles Dodgers,LAD,1959,1946-1960,,83944,Bronze,Historical All-Star  2B Charlie Neal  LAD  1959,0,Y,5,83,90,85,69,94,84,118,70,85,97,83,82,90,64,94,79,9,Normal,Normal,Normal,1,1,1,6,1,1,1,6,1,1,1,6,16,-,-,-,-,-,-,-,-,-,-,-,1,NEU,89-91,3/4,Normal,1,3,-,-,-,55,102,33,80,8,1,1,-,-,-,81,57,57,-,-,-,136,-,-,81,57,57,-,-,-,79,63,78,90,17,16,61,56,19,14,4,0,1,6,10,4,0,0,1,0,0,10,0,9.9,0.21,10,3.1,0.5,3.98,0,1,-0.5,0.0,0,0,0,0,0,0,0,0.0,0,0,0,0,0,0,0,0,0,0,0,0,0,0,0,0,0,0,0,0,0,0.00,0,0,0,0,0,0.0,0.0,0.0,0.00,16,16,76,40,35,1,9,0,4.96,0.3,.984,0,0,136.0,0,0,47,43,5,4,8,4,3,2,3,1,0.0,0.0
2B,Javier Perez,Javier,Perez,London Majors,5' 11',160 lbs,R,R,61,Philadelphia Bacharach Giants,PBG,1933,1921-1945,,84424,Bronze,Negro League Star  2B Javier Perez  PBG  1933,0,N,0,64,74,32,79,87,65,74,32,80,88,64,74,32,79,87,98,84,Normal,Spray,Spray,1,1,19,2,1,1,19,2,1,1,20,2,16,-,-,-,-,-,-,-,-,-,-,-,1,NEU,90-92,3/4,Normal,1,12,53,53,53,85,65,75,82,75,62,62,-,45,-,92,78,75,-,63,77,132,45,-,92,78,75,-,63,77,33,38,71,55,17,10,41,36,8,7,1,0,0,2,1,2,0,1,1,1,0,7,0,2.6,-0.52,2,-2.3,-0.2,3.59,0,1,-0.5,-0.3,0,0,0,0,0,0,0,0.0,0,0,0,0,0,0,0,0,0,0,0,0,0,0,0,0,0,0,0,0,0,0.00,0,0,0,0,0,0.0,0.0,0.0,0.00,18,10,28,0,28,0,0,0,2.65,-0.1,.988,0,0,95.0,0,0,22,22,6,5,2,1,6,0,6,0,0.0,0.0
2B,Bill Rigney,Bill,Rigney,The Colony Lynx,6' 1',180 lbs,R,R,66,New York Giants,SFG,1948,1946-1960,,83935,Bronze,Historical All-Star  2B Bill Rigney  NY1  1948,0,N,0,70,67,82,70,64,91,73,105,87,82,63,65,74,65,57,36,6,Normal,Normal,Normal,1,1,1,4,1,1,1,4,1,1,1,4,16,-,-,-,-,-,-,-,-,-,-,-,1,NEU,90-92,OTT,Normal,1,21,-,-,-,75,47,56,49,5,8,2,-,-,-,64,50,46,-,-,-,112,-,-,64,50,46,-,-,-,53,50,46,55,6,1,8,7,3,3,0,0,0,1,0,1,1,0,0,0,0,1,0,1.5,0.13,1,0.2,0.1,3.88,0,0,0.0,0.0,0,0,0,0,0,0,0,0.0,0,0,0,0,0,0,0,0,0,0,0,0,0,0,0,0,0,0,0,0,0,0.00,0,0,0,0,0,0.0,0.0,0.0,0.00,1,1,3,3,0,0,0,0,3.38,0.1,1.077,0,0,8.0,0,0,3,3,0,0,0,0,0,0,0,0,0.0,0.0
2B,Bill Rigney,Bill,Rigney,Town of Lake Loons,6' 1',180 lbs,R,R,66,New York Giants,SFG,1948,1946-1960,,83935,Bronze,Historical All-Star  2B Bill Rigney  NY1  1948,0,Y,5,76,73,89,76,70,99,80,114,94,89,69,71,81,71,63,36,6,Normal,Normal,Normal,1,1,1,6,1,1,1,6,1,1,1,6,16,-,-,-,-,-,-,-,-,-,-,-,1,NEU,90-92,OTT,Normal,1,21,-,-,-,75,47,56,49,5,8,2,-,-,-,69,54,50,-,-,-,120,-,-,69,54,50,-,-,-,53,50,46,55,2,1,5,5,0,0,0,0,0,0,1,0,0,0,0,0,0,2,0,0.0,-0.13,0,-1.2,-0.1,3.40,0,0,0.0,0.0,0,0,0,0,0,0,0,0.0,0,0,0,0,0,0,0,0,0,0,0,0,0,0,0,0,0,0,0,0,0,0.00,0,0,0,0,0,0.0,0.0,0.0,0.00,2,1,7,2,5,0,1,0,4.85,0.0,1.088,0,0,13.0,0,0,2,2,0,0,2,0,0,0,1,1,0.0,0.0
2B,Bill Rigney,Bill,Rigney,OKC Whirlwinds - PCK,6' 1',180 lbs,R,R,66,New York Giants,SFG,1948,1946-1960,,83935,Bronze,Historical All-Star  2B Bill Rigney  NY1  1948,0,N,0,70,67,82,70,64,91,73,105,87,82,63,65,74,65,57,36,6,Normal,Normal,Normal,1,1,1,4,1,1,1,4,1,1,1,4,16,-,-,-,-,-,-,-,-,-,-,-,1,NEU,90-92,OTT,Normal,1,21,-,-,-,75,47,56,49,5,8,2,-,-,-,64,50,46,-,-,-,112,-,-,64,50,46,-,-,-,53,50,46,55,9,5,25,22,9,8,1,0,0,1,5,3,0,0,0,0,0,5,0,4.7,0.21,5,2.3,0.2,4.16,0,1,-0.5,0.3,0,0,0,0,0,0,0,0.0,0,0,0,0,0,0,0,0,0,0,0,0,0,0,0,0,0,0,0,0,0,0.00,0,0,0,0,0,0.0,0.0,0.0,0.00,7,5,22,14,6,2,1,0,3.75,-0.6,.967,0,0,48.0,0,0,17,16,4,1,2,1,2,0,0,0,0.0,0.0
2B,Bill Rigney,Bill,Rigney,Beachcrest Blue Hornets,6' 1',180 lbs,R,R,66,New York Giants,SFG,1948,1946-1960,,83935,Bronze,Historical All-Star  2B Bill Rigney  NY1  1948,0,N,0,70,67,82,70,64,91,73,105,87,82,63,65,74,65,57,36,6,Normal,Normal,Normal,1,1,1,4,1,1,1,4,1,1,1,4,16,-,-,-,-,-,-,-,-,-,-,-,1,NEU,90-92,OTT,Normal,1,21,-,-,-,75,47,56,49,5,8,2,-,-,-,64,50,46,-,-,-,112,-,-,64,50,46,-,-,-,53,50,46,55,1,,3,2,0,0,0,0,0,1,0,0,0,0,0,1,0,0,0,0.0,-0.06,0,-0.7,-0.1,1.67,0,0,0.0,0.0,0,0,0,0,0,0,0,0.0,0,0,0,0,0,0,0,0,0,0,0,0,0,0,0,0,0,0,0,0,0,0.00,0,0,0,0,0,0.0,0.0,0.0,0.00,1,0,4,2,2,0,2,0,7.20,-0.0,.000,0,0,5.0,0,0,0,0,0,0,0,0,0,0,1,0,0.0,0.0
2B,Bill Rigney,Bill,Rigney,Breslau Binturings - HotL,6' 1',180 lbs,R,R,66,New York Giants,SFG,1948,1946-1960,,83935,Bronze,Historical All-Star  2B Bill Rigney  NY1  1948,0,Y,5,76,73,89,76,70,99,80,114,94,89,69,71,81,71,63,36,6,Normal,Normal,Normal,1,1,1,6,1,1,1,6,1,1,1,6,16,-,-,-,-,-,-,-,-,-,-,-,1,NEU,90-92,OTT,Normal,1,21,-,-,-,75,47,56,49,5,8,2,-,-,-,69,54,50,-,-,-,120,-,-,69,54,50,-,-,-,53,50,46,55,6,5,21,21,2,1,0,0,1,3,2,0,0,0,0,0,0,2,1,0.2,-0.14,0,-2.7,-0.3,2.76,0,0,0.0,0.0,0,0,0,0,0,0,0,0.0,0,0,0,0,0,0,0,0,0,0,0,0,0,0,0,0,0,0,0,0,0,0.00,0,0,0,0,0,0.0,0.0,0.0,0.00,0,0,0,0,0,0,0,0,0.00,0.0,.000,0,0,0.0,0,0,0,0,0,0,0,0,0,0,0,0,0.0,0.0
2B,Bill Rigney,Bill,Rigney,EVC's Let the Music Play Ball-TTC,6' 1',180 lbs,R,R,66,New York Giants,SFG,1948,1946-1960,,83935,Bronze,Historical All-Star  2B Bill Rigney  NY1  1948,0,N,0,70,67,82,70,64,91,73,105,87,82,63,65,74,65,57,36,6,Normal,Normal,Normal,1,1,1,4,1,1,1,4,1,1,1,4,16,-,-,-,-,-,-,-,-,-,-,-,1,NEU,90-92,OTT,Normal,1,21,-,-,-,75,47,56,49,5,8,2,-,-,-,64,50,46,-,-,-,112,-,-,64,50,46,-,-,-,53,50,46,55,6,6,19,16,3,2,1,0,0,1,2,1,0,0,2,0,0,6,0,1.1,-0.05,0,-1.6,-0.0,4.11,0,0,0.0,0.2,0,0,0,0,0,0,0,0.0,0,0,0,0,0,0,0,0,0,0,0,0,0,0,0,0,0,0,0,0,0,0.00,0,0,0,0,0,0.0,0.0,0.0,0.00,6,6,23,12,10,1,3,0,4.30,0.3,1.004,0,0,46.0,0,0,15,14,2,2,1,1,1,0,1,0,0.0,0.0
2B,Bill Rigney,Bill,Rigney,Deadwood Punch and Judys TTC,6' 1',180 lbs,R,R,66,New York Giants,SFG,1948,1946-1960,,83935,Bronze,Historical All-Star  2B Bill Rigney  NY1  1948,0,N,0,70,67,82,70,64,91,73,105,87,82,63,65,74,65,57,36,6,Normal,Normal,Normal,1,1,1,4,1,1,1,4,1,1,1,4,16,-,-,-,-,-,-,-,-,-,-,-,1,NEU,90-92,OTT,Normal,1,21,-,-,-,75,47,56,49,5,8,2,-,-,-,64,50,46,-,-,-,112,-,-,64,50,46,-,-,-,53,50,46,55,12,8,35,26,5,4,0,0,1,2,4,7,0,0,2,0,0,6,1,3.4,-0.05,4,-0.1,0.0,4.20,0,0,0.0,0.1,0,0,0,0,0,0,0,0.0,0,0,0,0,0,0,0,0,0,0,0,0,0,0,0,0,0,0,0,0,0,0.00,0,0,0,0,0,0.0,0.0,0.0,0.00,9,8,26,14,11,1,3,0,3.26,-1.2,.916,0,0,69.0,0,0,19,16,6,3,4,2,1,0,2,0,0.0,0.0
2B,Bill Rigney,Bill,Rigney,Michigan Black Bears,6' 1',180 lbs,R,R,66,New York Giants,SFG,1948,1946-1960,,83935,Bronze,Historical All-Star  2B Bill Rigney  NY1  1948,0,Y,5,76,73,89,76,70,99,80,114,94,89,69,71,81,71,63,36,6,Normal,Normal,Normal,1,1,1,6,1,1,1,6,1,1,1,6,16,-,-,-,-,-,-,-,-,-,-,-,1,NEU,90-92,OTT,Normal,1,21,-,-,-,75,47,56,49,5,8,2,-,-,-,69,54,50,-,-,-,120,-,-,69,54,50,-,-,-,53,50,46,55,13,10,45,39,9,5,2,0,2,5,4,5,0,1,0,0,0,8,0,6.2,0.49,6,1.3,0.3,3.84,0,0,0.0,0.1,0,0,0,0,0,0,0,0.0,0,0,0,0,0,0,0,0,0,0,0,0,0,0,0,0,0,0,0,0,0,0.00,0,0,0,0,0,0.0,0.0,0.0,0.00,11,10,27,16,10,1,3,0,2.57,-0.3,1.036,0,0,91.0,0,0,23,21,5,3,0,0,3,0,0,0,0.0,0.0
2B,Jackie Robinson,Jackie,Robinson,Ware Wolves2,5' 11',195 lbs,R,R,68,Brooklyn Dodgers,LAD,1955,1946-1960,,84840,Bronze,Celebrating 42 - Snapshot  3B Jackie Robinson  BRO  1955,0,N,0,43,42,73,119,136,50,59,76,99,144,41,37,73,127,134,54,47,Normal,Spray,Spray,1,1,1,7,1,1,1,7,1,1,1,7,16,-,-,-,-,-,-,-,-,-,-,-,1,GB,89-91,OTT,GB'er,1,20,-,-,-,87,78,95,62,56,115,75,-,-,81,92,94,-,78,-,-,140,-,81,92,94,-,78,-,-,73,57,81,83,19,14,71,60,21,14,2,1,4,10,13,10,1,0,0,1,0,10,0,17.1,1.05,16,7.6,1.1,3.87,1,1,-0.2,0.5,0,0,0,0,0,0,0,0.0,0,0,0,0,0,0,0,0,0,0,0,0,0,0,0,0,0,0,0,0,0,0.00,0,0,0,0,0,0.0,0.0,0.0,0.00,18,14,54,27,26,1,3,0,3.56,0.7,1.053,0,0,134.0,0,0,37,35,7,5,2,1,2,1,4,0,0.0,0.0
2B,Jackie Robinson,Jackie,Robinson,Carlos Chaos Cats,5' 11',195 lbs,R,R,68,Brooklyn Dodgers,LAD,1955,1946-1960,,84840,Bronze,Celebrating 42 - Snapshot  3B Jackie Robinson  BRO  1955,0,N,0,43,42,73,119,136,50,59,76,99,144,41,37,73,127,134,54,47,Normal,Spray,Spray,1,1,1,7,1,1,1,7,1,1,1,7,16,-,-,-,-,-,-,-,-,-,-,-,1,GB,89-91,OTT,GB'er,1,20,-,-,-,87,78,95,62,56,115,75,-,-,81,92,94,-,78,-,-,140,-,81,92,94,-,78,-,-,73,57,81,83,5,5,19,18,2,2,0,0,0,2,0,1,0,0,0,0,0,2,0,0.4,-0.30,0,-2.6,-0.1,3.47,0,0,0.0,0.0,0,0,0,0,0,0,0,0.0,0,0,0,0,0,0,0,0,0,0,0,0,0,0,0,0,0,0,0,0,0,0.00,0,0,0,0,0,0.0,0.0,0.0,0.00,5,5,22,13,9,0,2,0,4.40,0.5,1.088,0,0,45.0,0,0,17,16,2,2,0,0,1,0,0,0,0.0,0.0
2B,Jackie Robinson,Jackie,Robinson,Narragansett Wave,5' 11',195 lbs,R,R,68,Brooklyn Dodgers,LAD,1955,1946-1960,,84840,Bronze,Celebrating 42 - Snapshot  3B Jackie Robinson  BRO  1955,0,N,0,43,42,73,119,136,50,59,76,99,144,41,37,73,127,134,54,47,Normal,Spray,Spray,1,1,1,7,1,1,1,7,1,1,1,7,16,-,-,-,-,-,-,-,-,-,-,-,1,GB,89-91,OTT,GB'er,1,20,-,-,-,87,78,95,62,56,115,75,-,-,81,92,94,-,78,-,-,140,-,81,92,94,-,78,-,-,73,57,81,83,5,5,21,19,6,5,0,0,1,5,2,0,0,1,1,0,0,1,0,3.3,0.08,3,0.7,0.3,3.19,0,0,0.0,0.2,0,0,0,0,0,0,0,0.0,0,0,0,0,0,0,0,0,0,0,0,0,0,0,0,0,0,0,0,0,0,0.00,0,0,0,0,0,0.0,0.0,0.0,0.00,5,5,18,11,7,0,1,0,3.77,0.9,1.179,0,0,43.0,0,0,16,16,1,1,2,1,0,0,1,0,0.0,0.0
2B,Connie Ryan,Connie,Ryan,Birmingham Black Barons,5' 11',175 lbs,R,R,69,Philadelphia Phillies,PHI,1953,1946-1960,,83683,Bronze,Snapshot  2B Connie Ryan  PHI  1953,0,Y,1,84,86,63,90,82,107,114,45,70,71,76,78,67,96,85,51,55,Normal,Normal,Normal,1,1,1,8,1,1,1,8,1,1,1,8,16,17,17,-,-,-,-,-,-,-,-,-,3,GB,89-91,OTT,GB'er,1,24,-,-,-,80,50,58,69,5,1,3,-,-,-,79,59,-,-,-,-,120,-,-,79,59,-,-,-,-,73,44,79,80,12,12,47,44,14,12,2,0,0,3,8,2,0,0,1,0,0,5,2,5.1,-0.04,5,0.3,0.4,3.60,0,0,0.0,0.4,0,0,0,0,0,0,0,0.0,0,0,0,0,0,0,0,0,0,0,0,0,0,0,0,0,0,0,0,0,0,0.00,0,0,0,0,0,0.0,0.0,0.0,0.00,12,12,62,30,30,2,8,0,5.24,1.4,1.088,0,0,103.0,0,0,35,33,7,4,2,2,4,1,3,2,0.0,0.0
2B,Connie Ryan,Connie,Ryan,HILITE RECORDS,5' 11',175 lbs,R,R,69,Philadelphia Phillies,PHI,1953,1946-1960,,83683,Bronze,Snapshot  2B Connie Ryan  PHI  1953,0,N,0,82,84,61,88,80,105,112,43,68,69,74,76,65,94,83,51,55,Normal,Normal,Normal,1,1,1,7,1,1,1,7,1,1,1,7,16,17,17,-,-,-,-,-,-,-,-,-,3,GB,89-91,OTT,GB'er,1,24,-,-,-,80,50,58,69,5,1,3,-,-,-,77,58,-,-,-,-,118,-,-,77,58,-,-,-,-,73,44,79,80,10,10,34,32,5,4,1,0,0,1,2,1,0,0,0,1,0,7,0,1.0,-0.35,0,-3.8,-0.3,3.62,0,1,-0.5,0.0,0,0,0,0,0,0,0,0.0,0,0,0,0,0,0,0,0,0,0,0,0,0,0,0,0,0,0,0,0,0,0.00,0,0,0,0,0,0.0,0.0,0.0,0.00,10,10,58,32,23,3,1,0,5.96,0.1,1.000,0,0,83.0,0,0,53,49,4,3,0,0,5,2,4,0,0.0,0.0
2B,Connie Ryan,Connie,Ryan,Statesville Shadowcats,5' 11',175 lbs,R,R,69,Philadelphia Phillies,PHI,1953,1946-1960,,83683,Bronze,Snapshot  2B Connie Ryan  PHI  1953,0,N,0,82,84,61,88,80,105,112,43,68,69,74,76,65,94,83,51,55,Normal,Normal,Normal,1,1,1,7,1,1,1,7,1,1,1,7,16,17,17,-,-,-,-,-,-,-,-,-,3,GB,89-91,OTT,GB'er,1,24,-,-,-,80,50,58,69,5,1,3,-,-,-,77,58,-,-,-,-,118,-,-,77,58,-,-,-,-,73,44,79,80,5,5,19,16,5,3,2,0,0,4,2,1,0,0,0,2,0,2,1,2.3,0.02,2,0.1,0.1,3.21,1,0,0.3,-0.0,0,0,0,0,0,0,0,0.0,0,0,0,0,0,0,0,0,0,0,0,0,0,0,0,0,0,0,0,0,0,0.00,0,0,0,0,0,0.0,0.0,0.0,0.00,5,5,19,8,9,2,0,0,3.56,-0.5,.890,0,0,43.0,0,0,14,11,0,0,1,1,1,1,1,0,0.0,0.0
2B,Connie Ryan,Connie,Ryan,Seoul Hannams,5' 11',175 lbs,R,R,69,Philadelphia Phillies,PHI,1953,1946-1960,,83683,Bronze,Snapshot  2B Connie Ryan  PHI  1953,0,N,0,82,84,61,88,80,105,112,43,68,69,74,76,65,94,83,51,55,Normal,Normal,Normal,1,1,1,7,1,1,1,7,1,1,1,7,16,17,17,-,-,-,-,-,-,-,-,-,3,GB,89-91,OTT,GB'er,1,24,-,-,-,80,50,58,69,5,1,3,-,-,-,77,58,-,-,-,-,118,-,-,77,58,-,-,-,-,73,44,79,80,6,6,19,18,3,3,0,0,0,0,1,1,0,0,0,0,0,3,0,0.7,-0.04,0,-1.9,-0.1,3.79,0,0,0.0,0.1,0,0,0,0,0,0,0,0.0,0,0,0,0,0,0,0,0,0,0,0,0,0,0,0,0,0,0,0,0,0,0.00,0,0,0,0,0,0.0,0.0,0.0,0.00,6,6,22,11,10,1,1,0,4.02,0.5,1.020,0,0,47.0,0,0,16,16,3,2,1,1,0,0,1,0,0.0,0.0
2B,Connie Ryan,Connie,Ryan,Newport News Dodgers_TTC,5' 11',175 lbs,R,R,69,Philadelphia Phillies,PHI,1953,1946-1960,,83683,Bronze,Snapshot  2B Connie Ryan  PHI  1953,0,N,0,82,84,61,88,80,105,112,43,68,69,74,76,65,94,83,51,55,Normal,Normal,Normal,1,1,1,7,1,1,1,7,1,1,1,7,16,17,17,-,-,-,-,-,-,-,-,-,3,GB,89-91,OTT,GB'er,1,24,-,-,-,80,50,58,69,5,1,3,-,-,-,77,58,-,-,-,-,118,-,-,77,58,-,-,-,-,73,44,79,80,6,6,23,22,4,2,0,1,1,1,1,0,0,0,1,0,0,5,0,1.7,-0.19,1,-1.2,0.1,4.09,0,0,0.0,0.0,0,0,0,0,0,0,0,0.0,0,0,0,0,0,0,0,0,0,0,0,0,0,0,0,0,0,0,0,0,0,0.00,0,0,0,0,0,0.0,0.0,0.0,0.00,6,6,29,15,14,0,4,0,4.75,1.1,1.166,0,0,55.0,0,0,17,17,2,2,2,2,3,0,2,0,0.0,0.0
2B,Connie Ryan,Connie,Ryan,San Francisco Seals,5' 11',175 lbs,R,R,69,Philadelphia Phillies,PHI,1953,1946-1960,,83683,Bronze,Snapshot  2B Connie Ryan  PHI  1953,0,N,0,82,84,61,88,80,105,112,43,68,69,74,76,65,94,83,51,55,Normal,Normal,Normal,1,1,1,7,1,1,1,7,1,1,1,7,16,17,17,-,-,-,-,-,-,-,-,-,3,GB,89-91,OTT,GB'er,1,24,-,-,-,80,50,58,69,5,1,3,-,-,-,77,58,-,-,-,-,118,-,-,77,58,-,-,-,-,73,44,79,80,12,12,46,46,8,5,1,0,2,6,3,0,0,0,0,0,0,7,1,2.3,-1.02,2,-3.3,-0.2,3.72,0,0,0.0,0.0,0,0,0,0,0,0,0,0.0,0,0,0,0,0,0,0,0,0,0,0,0,0,0,0,0,0,0,0,0,0,0.00,0,0,0,0,0,0.0,0.0,0.0,0.00,12,12,52,26,23,3,6,0,4.05,-0.1,1.004,0,0,109.0,0,0,37,33,3,3,3,1,0,0,1,0,0.0,0.0
2B,Connie Ryan,Connie,Ryan,Ungentlemanly Fightin' Fellows TTC,5' 11',175 lbs,R,R,69,Philadelphia Phillies,PHI,1953,1946-1960,,83683,Bronze,Snapshot  2B Connie Ryan  PHI  1953,0,N,0,82,84,61,88,80,105,112,43,68,69,74,76,65,94,83,51,55,Normal,Normal,Normal,1,1,1,7,1,1,1,7,1,1,1,7,16,17,17,-,-,-,-,-,-,-,-,-,3,GB,89-91,OTT,GB'er,1,24,-,-,-,80,50,58,69,5,1,3,-,-,-,77,58,-,-,-,-,118,-,-,77,58,-,-,-,-,73,44,79,80,4,4,14,12,6,6,0,0,0,1,0,2,0,0,0,0,0,0,0,3.7,0.15,3,2.0,0.3,3.14,0,0,0.0,0.0,0,0,0,0,0,0,0,0.0,0,0,0,0,0,0,0,0,0,0,0,0,0,0,0,0,0,0,0,0,0,0.00,0,0,0,0,0,0.0,0.0,0.0,0.00,4,4,19,12,6,1,1,0,5.06,0.0,1.004,0,0,32.0,0,0,14,13,2,2,1,0,1,0,0,0,0.0,0.0
2B,Connie Ryan,Connie,Ryan,Huatulco Tacos,5' 11',175 lbs,R,R,69,Philadelphia Phillies,PHI,1953,1946-1960,,83683,Bronze,Snapshot  2B Connie Ryan  PHI  1953,0,Y,5,89,91,67,96,87,114,121,48,74,75,81,83,71,102,90,51,55,Normal,Normal,Normal,1,1,1,9,1,1,1,9,1,1,1,9,16,17,17,-,-,-,-,-,-,-,-,-,3,GB,89-91,OTT,GB'er,1,24,-,-,-,80,50,58,69,5,1,3,-,-,-,83,62,-,-,-,-,127,-,-,83,62,-,-,-,-,73,44,79,80,4,4,12,12,0,0,0,0,0,0,0,0,0,0,0,0,0,2,1,-0.0,-0.16,-1,-2.9,-0.2,3.83,0,0,0.0,0.0,0,0,0,0,0,0,0,0.0,0,0,0,0,0,0,0,0,0,0,0,0,0,0,0,0,0,0,0,0,0,0.00,0,0,0,0,0,0.0,0.0,0.0,0.00,4,4,14,8,6,0,1,0,3.94,0.3,1.088,0,0,32.0,0,0,12,12,0,0,0,0,1,0,1,0,0.0,0.0
2B,Connie Ryan,Connie,Ryan,Port Townsend Wild Daphnes,5' 11',175 lbs,R,R,69,Philadelphia Phillies,PHI,1953,1946-1960,,83683,Bronze,Snapshot  2B Connie Ryan  PHI  1953,0,N,0,82,84,61,88,80,105,112,43,68,69,74,76,65,94,83,51,55,Normal,Normal,Normal,1,1,1,7,1,1,1,7,1,1,1,7,16,17,17,-,-,-,-,-,-,-,-,-,3,GB,89-91,OTT,GB'er,1,24,-,-,-,80,50,58,69,5,1,3,-,-,-,77,58,-,-,-,-,118,-,-,77,58,-,-,-,-,73,44,79,80,33,33,112,98,26,19,2,3,2,12,15,8,0,2,3,1,0,20,0,14.0,0.12,14,1.1,0.9,3.77,0,1,-0.5,1.6,0,0,0,0,0,0,0,0.0,0,0,0,0,0,0,0,0,0,0,0,0,0,0,0,0,0,0,0,0,0,0.00,0,0,0,0,0,0.0,0.0,0.0,0.00,33,33,141,85,51,5,12,0,4.57,2.6,1.037,0,0,268.0,0,0,93,88,12,10,7,5,5,2,3,1,0.0,0.0
2B,Connie Ryan,Connie,Ryan,Aberfeldie Falcons,5' 11',175 lbs,R,R,69,Philadelphia Phillies,PHI,1953,1946-1960,,83683,Bronze,Snapshot  2B Connie Ryan  PHI  1953,0,N,0,82,84,61,88,80,105,112,43,68,69,74,76,65,94,83,51,55,Normal,Normal,Normal,1,1,1,7,1,1,1,7,1,1,1,7,16,17,17,-,-,-,-,-,-,-,-,-,3,GB,89-91,OTT,GB'er,1,24,-,-,-,80,50,58,69,5,1,3,-,-,-,77,58,-,-,-,-,118,-,-,77,58,-,-,-,-,73,44,79,80,6,6,17,16,3,2,0,0,1,4,2,1,0,0,0,0,0,3,0,1.5,-0.25,1,-0.5,-0.0,4.24,0,0,0.0,-0.1,0,0,0,0,0,0,0,0.0,0,0,0,0,0,0,0,0,0,0,0,0,0,0,0,0,0,0,0,0,0,0.00,0,0,0,0,0,0.0,0.0,0.0,0.00,6,6,23,13,9,1,1,0,4.50,-0.2,1.015,0,0,44.0,0,0,15,15,1,0,4,1,1,0,2,0,0.0,0.0
2B,Connie Ryan,Connie,Ryan,Brentwood Senators,5' 11',175 lbs,R,R,69,Philadelphia Phillies,PHI,1953,1946-1960,,83683,Bronze,Snapshot  2B Connie Ryan  PHI  1953,0,N,0,82,84,61,88,80,105,112,43,68,69,74,76,65,94,83,51,55,Normal,Normal,Normal,1,1,1,7,1,1,1,7,1,1,1,7,16,17,17,-,-,-,-,-,-,-,-,-,3,GB,89-91,OTT,GB'er,1,24,-,-,-,80,50,58,69,5,1,3,-,-,-,77,58,-,-,-,-,118,-,-,77,58,-,-,-,-,73,44,79,80,5,5,19,17,2,2,0,0,0,2,0,1,0,0,0,1,0,4,0,0.4,-0.29,0,-2.6,-0.2,3.47,0,0,0.0,-0.4,0,0,0,0,0,0,0,0.0,0,0,0,0,0,0,0,0,0,0,0,0,0,0,0,0,0,0,0,0,0,0.00,0,0,0,0,0,0.0,0.0,0.0,0.00,5,5,26,15,9,2,0,0,5.02,0.1,.973,0,0,43.0,0,0,19,18,2,1,0,0,4,2,1,0,0.0,0.0
2B,Connie Ryan,Connie,Ryan,Louisville Haymakers,5' 11',175 lbs,R,R,69,Philadelphia Phillies,PHI,1953,1946-1960,,83683,Bronze,Snapshot  2B Connie Ryan  PHI  1953,0,N,0,82,84,61,88,80,105,112,43,68,69,74,76,65,94,83,51,55,Normal,Normal,Normal,1,1,1,7,1,1,1,7,1,1,1,7,16,17,17,-,-,-,-,-,-,-,-,-,3,GB,89-91,OTT,GB'er,1,24,-,-,-,80,50,58,69,5,1,3,-,-,-,77,58,-,-,-,-,118,-,-,77,58,-,-,-,-,73,44,79,80,7,7,28,27,8,4,4,0,0,4,3,1,0,0,0,0,0,2,0,3.9,0.33,3,0.7,0.2,3.36,0,0,0.0,0.0,0,0,0,0,0,0,0,0.0,0,0,0,0,0,0,0,0,0,0,0,0,0,0,0,0,0,0,0,0,0,0.00,0,0,0,0,0,0.0,0.0,0.0,0.00,7,7,32,20,11,1,1,0,4.76,0.1,1.088,0,0,58.2,0,0,24,20,3,3,2,1,3,1,5,0,0.0,0.0
2B,Connie Ryan,Connie,Ryan,Aurora Highlanders,5' 11',175 lbs,R,R,69,Philadelphia Phillies,PHI,1953,1946-1960,,83683,Bronze,Snapshot  2B Connie Ryan  PHI  1953,0,N,0,82,84,61,88,80,105,112,43,68,69,74,76,65,94,83,51,55,Normal,Normal,Normal,1,1,1,7,1,1,1,7,1,1,1,7,16,17,17,-,-,-,-,-,-,-,-,-,3,GB,89-91,OTT,GB'er,1,24,-,-,-,80,50,58,69,5,1,3,-,-,-,77,58,-,-,-,-,118,-,-,77,58,-,-,-,-,73,44,79,80,5,5,18,16,3,2,1,0,0,0,1,2,0,0,0,0,0,2,0,1.3,-0.02,1,-0.8,-0.0,4.28,0,0,0.0,0.1,0,0,0,0,0,0,0,0.0,0,0,0,0,0,0,0,0,0,0,0,0,0,0,0,0,0,0,0,0,0,0.00,0,0,0,0,0,0.0,0.0,0.0,0.00,5,5,28,15,11,2,3,0,5.57,-0.2,.952,0,0,42.0,0,0,17,15,2,1,1,1,1,1,2,0,0.0,0.0
2B,Connie Ryan,Connie,Ryan,HickoryHoller JayBirds,5' 11',175 lbs,R,R,69,Philadelphia Phillies,PHI,1953,1946-1960,,83683,Bronze,Snapshot  2B Connie Ryan  PHI  1953,0,N,0,82,84,61,88,80,105,112,43,68,69,74,76,65,94,83,51,55,Normal,Normal,Normal,1,1,1,7,1,1,1,7,1,1,1,7,16,17,17,-,-,-,-,-,-,-,-,-,3,GB,89-91,OTT,GB'er,1,24,-,-,-,80,50,58,69,5,1,3,-,-,-,77,58,-,-,-,-,118,-,-,77,58,-,-,-,-,73,44,79,80,6,6,29,25,6,5,1,0,0,4,1,2,0,0,2,0,0,4,0,2.4,0.33,2,-1.3,0.0,3.69,0,0,0.0,0.1,0,0,0,0,0,0,0,0.0,0,0,0,0,0,0,0,0,0,0,0,0,0,0,0,0,0,0,0,0,0,0.00,0,0,0,0,0,0.0,0.0,0.0,0.00,6,6,26,18,7,1,3,0,4.25,0.6,1.031,0,0,53.0,0,0,20,19,4,3,0,0,0,0,1,1,0.0,0.0
2B,Connie Ryan,Connie,Ryan,Columbus Evil Squirrels,5' 11',175 lbs,R,R,69,Philadelphia Phillies,PHI,1953,1946-1960,,83683,Bronze,Snapshot  2B Connie Ryan  PHI  1953,0,N,0,82,84,61,88,80,105,112,43,68,69,74,76,65,94,83,51,55,Normal,Normal,Normal,1,1,1,7,1,1,1,7,1,1,1,7,16,17,17,-,-,-,-,-,-,-,-,-,3,GB,89-91,OTT,GB'er,1,24,-,-,-,80,50,58,69,5,1,3,-,-,-,77,58,-,-,-,-,118,-,-,77,58,-,-,-,-,73,44,79,80,5,5,16,15,3,3,0,0,0,0,1,1,0,0,0,0,0,3,0,0.8,-0.30,0,-1.2,0.0,3.31,0,0,0.0,0.3,0,0,0,0,0,0,0,0.0,0,0,0,0,0,0,0,0,0,0,0,0,0,0,0,0,0,0,0,0,0,0.00,0,0,0,0,0,0.0,0.0,0.0,0.00,5,5,21,12,9,0,2,0,4.50,0.7,1.209,0,0,42.0,0,0,15,15,2,2,1,0,1,0,1,0,0.0,0.0
2B,Connie Ryan,Connie,Ryan,London Majors,5' 11',175 lbs,R,R,69,Philadelphia Phillies,PHI,1953,1946-1960,,83683,Bronze,Snapshot  2B Connie Ryan  PHI  1953,0,N,0,82,84,61,88,80,105,112,43,68,69,74,76,65,94,83,51,55,Normal,Normal,Normal,1,1,1,7,1,1,1,7,1,1,1,7,16,17,17,-,-,-,-,-,-,-,-,-,3,GB,89-91,OTT,GB'er,1,24,-,-,-,80,50,58,69,5,1,3,-,-,-,77,58,-,-,-,-,118,-,-,77,58,-,-,-,-,73,44,79,80,16,15,58,52,11,9,2,0,0,6,3,5,0,0,0,1,0,11,0,4.1,0.11,4,-2.9,-0.0,3.86,0,0,0.0,-0.1,0,0,0,0,0,0,0,0.0,0,0,0,0,0,0,0,0,0,0,0,0,0,0,0,0,0,0,0,0,0,0.00,0,0,0,0,0,0.0,0.0,0.0,0.00,15,15,64,38,24,2,9,0,4.33,0.5,1.035,0,0,129.0,0,0,40,38,8,6,5,2,5,1,2,0,0.0,0.0
2B,Connie Ryan,Connie,Ryan,Bismarck Blizzard,5' 11',175 lbs,R,R,69,Philadelphia Phillies,PHI,1953,1946-1960,,83683,Bronze,Snapshot  2B Connie Ryan  PHI  1953,0,N,0,82,84,61,88,80,105,112,43,68,69,74,76,65,94,83,51,55,Normal,Normal,Normal,1,1,1,7,1,1,1,7,1,1,1,7,16,17,17,-,-,-,-,-,-,-,-,-,3,GB,89-91,OTT,GB'er,1,24,-,-,-,80,50,58,69,5,1,3,-,-,-,77,58,-,-,-,-,118,-,-,77,58,-,-,-,-,73,44,79,80,5,5,17,16,3,3,0,0,0,0,0,0,0,1,0,0,0,3,0,0.8,-0.26,0,-1.4,-0.0,4.00,0,0,0.0,0.0,0,0,0,0,0,0,0,0.0,0,0,0,0,0,0,0,0,0,0,0,0,0,0,0,0,0,0,0,0,0,0.00,0,0,0,0,0,0.0,0.0,0.0,0.00,5,5,31,18,12,1,4,0,6.28,0.4,1.028,0,0,43.0,0,0,20,18,2,2,4,3,1,0,0,0,0.0,0.0
2B,Connie Ryan,Connie,Ryan,Madison Moundsmen,5' 11',175 lbs,R,R,69,Philadelphia Phillies,PHI,1953,1946-1960,,83683,Bronze,Snapshot  2B Connie Ryan  PHI  1953,0,N,0,82,84,61,88,80,105,112,43,68,69,74,76,65,94,83,51,55,Normal,Normal,Normal,1,1,1,7,1,1,1,7,1,1,1,7,16,17,17,-,-,-,-,-,-,-,-,-,3,GB,89-91,OTT,GB'er,1,24,-,-,-,80,50,58,69,5,1,3,-,-,-,77,58,-,-,-,-,118,-,-,77,58,-,-,-,-,73,44,79,80,7,7,31,27,9,7,1,0,1,6,5,2,0,1,0,1,0,6,1,5.1,0.51,5,1.8,0.3,3.45,0,0,0.0,0.5,0,0,0,0,0,0,0,0.0,0,0,0,0,0,0,0,0,0,0,0,0,0,0,0,0,0,0,0,0,0,0.00,0,0,0,0,0,0.0,0.0,0.0,0.00,7,7,30,17,10,3,1,0,4.07,-0.6,.940,0,0,59.2,0,0,20,18,4,2,3,1,1,1,2,0,0.0,0.0
2B,Connie Ryan,Connie,Ryan,Columbus Fire Ants,5' 11',175 lbs,R,R,69,Philadelphia Phillies,PHI,1953,1946-1960,,83683,Bronze,Snapshot  2B Connie Ryan  PHI  1953,0,N,0,82,84,61,88,80,105,112,43,68,69,74,76,65,94,83,51,55,Normal,Normal,Normal,1,1,1,7,1,1,1,7,1,1,1,7,16,17,17,-,-,-,-,-,-,-,-,-,3,GB,89-91,OTT,GB'er,1,24,-,-,-,80,50,58,69,5,1,3,-,-,-,77,58,-,-,-,-,118,-,-,77,58,-,-,-,-,73,44,79,80,10,10,36,33,3,1,1,1,0,5,0,1,0,0,1,1,0,4,0,0.8,-0.21,0,-5.2,-0.3,3.47,0,0,0.0,0.2,0,0,0,0,0,0,0,0.0,0,0,0,0,0,0,0,0,0,0,0,0,0,0,0,0,0,0,0,0,0,0.00,0,0,0,0,0,0.0,0.0,0.0,0.00,10,10,46,23,21,2,7,0,4.50,0.6,1.001,0,0,88.0,0,0,29,26,5,5,1,1,0,0,2,1,0.0,0.0
2B,Connie Ryan,Connie,Ryan,Moncton Mosquitos,5' 11',175 lbs,R,R,69,Philadelphia Phillies,PHI,1953,1946-1960,,83683,Bronze,Snapshot  2B Connie Ryan  PHI  1953,0,N,0,82,84,61,88,80,105,112,43,68,69,74,76,65,94,83,51,55,Normal,Normal,Normal,1,1,1,7,1,1,1,7,1,1,1,7,16,17,17,-,-,-,-,-,-,-,-,-,3,GB,89-91,OTT,GB'er,1,24,-,-,-,80,50,58,69,5,1,3,-,-,-,77,58,-,-,-,-,118,-,-,77,58,-,-,-,-,73,44,79,80,4,4,13,11,3,1,2,0,0,0,1,1,0,0,1,0,0,3,0,1.8,-0.08,1,0.1,0.1,4.15,0,0,0.0,-0.2,0,0,0,0,0,0,0,0.0,0,0,0,0,0,0,0,0,0,0,0,0,0,0,0,0,0,0,0,0,0,0.00,0,0,0,0,0,0.0,0.0,0.0,0.00,4,4,19,10,9,0,1,0,5.08,0.7,1.187,0,0,33.2,0,0,13,12,2,1,4,3,0,0,0,0,0.0,0.0
2B,Connie Ryan,Connie,Ryan,Honolulu Warriors - HotL,5' 11',175 lbs,R,R,69,Philadelphia Phillies,PHI,1953,1946-1960,,83683,Bronze,Snapshot  2B Connie Ryan  PHI  1953,0,N,0,82,84,61,88,80,105,112,43,68,69,74,76,65,94,83,51,55,Normal,Normal,Normal,1,1,1,7,1,1,1,7,1,1,1,7,16,17,17,-,-,-,-,-,-,-,-,-,3,GB,89-91,OTT,GB'er,1,24,-,-,-,80,50,58,69,5,1,3,-,-,-,77,58,-,-,-,-,118,-,-,77,58,-,-,-,-,73,44,79,80,10,10,34,28,6,2,2,1,1,2,8,4,0,0,2,0,0,6,0,4.4,0.07,4,0.4,0.3,3.76,0,0,0.0,0.7,0,0,0,0,0,0,0,0.0,0,0,0,0,0,0,0,0,0,0,0,0,0,0,0,0,0,0,0,0,0,0.00,0,0,0,0,0,0.0,0.0,0.0,0.00,10,10,40,21,18,1,3,0,4.28,0.6,1.043,0,0,82.0,0,0,29,27,3,2,2,2,0,0,0,0,0.0,0.0
2B,Connie Ryan,Connie,Ryan,PNW Wild Stallions,5' 11',175 lbs,R,R,69,Philadelphia Phillies,PHI,1953,1946-1960,,83683,Bronze,Snapshot  2B Connie Ryan  PHI  1953,0,N,0,82,84,61,88,80,105,112,43,68,69,74,76,65,94,83,51,55,Normal,Normal,Normal,1,1,1,7,1,1,1,7,1,1,1,7,16,17,17,-,-,-,-,-,-,-,-,-,3,GB,89-91,OTT,GB'er,1,24,-,-,-,80,50,58,69,5,1,3,-,-,-,77,58,-,-,-,-,118,-,-,77,58,-,-,-,-,73,44,79,80,3,3,11,10,3,3,0,0,0,1,1,1,0,0,0,0,0,3,0,1.2,-0.07,1,0.0,0.0,3.18,0,0,0.0,-0.4,0,0,0,0,0,0,0,0.0,0,0,0,0,0,0,0,0,0,0,0,0,0,0,0,0,0,0,0,0,0,0.00,0,0,0,0,0,0.0,0.0,0.0,0.00,3,3,9,6,3,0,1,0,3.12,0.4,1.088,0,0,26.0,0,0,6,6,0,0,1,1,0,0,0,0,0.0,0.0
2B,Connie Ryan,Connie,Ryan,Hancocks and Sidekicks TTC,5' 11',175 lbs,R,R,69,Philadelphia Phillies,PHI,1953,1946-1960,,83683,Bronze,Snapshot  2B Connie Ryan  PHI  1953,0,N,0,82,84,61,88,80,105,112,43,68,69,74,76,65,94,83,51,55,Normal,Normal,Normal,1,1,1,7,1,1,1,7,1,1,1,7,16,17,17,-,-,-,-,-,-,-,-,-,3,GB,89-91,OTT,GB'er,1,24,-,-,-,80,50,58,69,5,1,3,-,-,-,77,58,-,-,-,-,118,-,-,77,58,-,-,-,-,73,44,79,80,20,13,52,50,10,6,3,0,1,3,6,2,0,0,0,0,0,10,1,3.5,-0.49,3,-2.5,-0.1,3.79,0,0,0.0,0.3,0,0,0,0,0,0,0,0.0,0,0,0,0,0,0,0,0,0,0,0,0,0,0,0,0,0,0,0,0,0,0.00,0,0,0,0,0,0.0,0.0,0.0,0.00,19,13,58,29,25,4,8,0,3.86,-0.9,.969,0,0,126.0,0,0,42,38,6,3,5,3,5,1,3,0,0.0,0.0
2B,Connie Ryan,Connie,Ryan,Moonsault Collective MCs,5' 11',175 lbs,R,R,69,Philadelphia Phillies,PHI,1953,1946-1960,,83683,Bronze,Snapshot  2B Connie Ryan  PHI  1953,0,N,0,82,84,61,88,80,105,112,43,68,69,74,76,65,94,83,51,55,Normal,Normal,Normal,1,1,1,7,1,1,1,7,1,1,1,7,16,17,17,-,-,-,-,-,-,-,-,-,3,GB,89-91,OTT,GB'er,1,24,-,-,-,80,50,58,69,5,1,3,-,-,-,77,58,-,-,-,-,118,-,-,77,58,-,-,-,-,73,44,79,80,14,14,49,47,8,6,2,0,0,3,4,1,0,0,1,0,0,10,2,1.5,-0.43,0,-5.0,-0.3,3.76,0,0,0.0,-0.3,0,0,0,0,0,0,0,0.0,0,0,0,0,0,0,0,0,0,0,0,0,0,0,0,0,0,0,0,0,0,0.00,0,0,0,0,0,0.0,0.0,0.0,0.00,14,14,65,41,21,3,5,0,4.61,0.7,1.015,0,0,121.0,0,0,49,46,4,4,6,3,3,0,3,1,0.0,0.0
2B,Connie Ryan,Connie,Ryan,Roseburg River Hawks,5' 11',175 lbs,R,R,69,Philadelphia Phillies,PHI,1953,1946-1960,,83683,Bronze,Snapshot  2B Connie Ryan  PHI  1953,0,N,0,82,84,61,88,80,105,112,43,68,69,74,76,65,94,83,51,55,Normal,Normal,Normal,1,1,1,7,1,1,1,7,1,1,1,7,16,17,17,-,-,-,-,-,-,-,-,-,3,GB,89-91,OTT,GB'er,1,24,-,-,-,80,50,58,69,5,1,3,-,-,-,77,58,-,-,-,-,118,-,-,77,58,-,-,-,-,73,44,79,80,6,6,19,17,4,4,0,0,0,3,0,2,0,0,0,0,0,3,0,1.4,0.00,1,-0.6,-0.0,4.37,0,0,0.0,-0.0,0,0,0,0,0,0,0,0.0,0,0,0,0,0,0,0,0,0,0,0,0,0,0,0,0,0,0,0,0,0,0.00,0,0,0,0,0,0.0,0.0,0.0,0.00,6,6,19,10,7,2,0,0,3.30,-0.3,.989,0,0,46.1,0,0,17,15,0,0,4,2,1,0,2,0,0.0,0.0
2B,Connie Ryan,Connie,Ryan,Atlanta Braves TTC,5' 11',175 lbs,R,R,69,Philadelphia Phillies,PHI,1953,1946-1960,,83683,Bronze,Snapshot  2B Connie Ryan  PHI  1953,0,N,0,82,84,61,88,80,105,112,43,68,69,74,76,65,94,83,51,55,Normal,Normal,Normal,1,1,1,7,1,1,1,7,1,1,1,7,16,17,17,-,-,-,-,-,-,-,-,-,3,GB,89-91,OTT,GB'er,1,24,-,-,-,80,50,58,69,5,1,3,-,-,-,77,58,-,-,-,-,118,-,-,77,58,-,-,-,-,73,44,79,80,12,12,40,35,8,7,1,0,0,3,4,2,0,0,2,1,0,8,0,2.8,-0.39,2,-2.6,-0.1,4.12,0,0,0.0,0.0,0,0,0,0,0,0,0,0.0,0,0,0,0,0,0,0,0,0,0,0,0,0,0,0,0,0,0,0,0,0,0.00,0,0,0,0,0,0.0,0.0,0.0,0.00,12,12,40,20,18,2,4,0,3.83,-0.3,.979,0,0,89.1,0,0,27,25,6,4,0,0,3,0,1,0,0.0,0.0
2B,Connie Ryan,Connie,Ryan,Indiana Rhubarbs,5' 11',175 lbs,R,R,69,Philadelphia Phillies,PHI,1953,1946-1960,,83683,Bronze,Snapshot  2B Connie Ryan  PHI  1953,0,N,0,82,84,61,88,80,105,112,43,68,69,74,76,65,94,83,51,55,Normal,Normal,Normal,1,1,1,7,1,1,1,7,1,1,1,7,16,17,17,-,-,-,-,-,-,-,-,-,3,GB,89-91,OTT,GB'er,1,24,-,-,-,80,50,58,69,5,1,3,-,-,-,77,58,-,-,-,-,118,-,-,77,58,-,-,-,-,73,44,79,80,8,8,60,52,22,17,4,1,0,21,25,8,0,0,0,0,0,7,1,15.0,0.04,14,7.3,1.2,3.78,2,0,0.5,1.3,0,0,0,0,0,0,0,0.0,0,0,0,0,0,0,0,0,0,0,0,0,0,0,0,0,0,0,0,0,0,0.00,0,0,0,0,0,0.0,0.0,0.0,0.00,8,8,30,15,15,0,1,0,3.57,1.1,1.152,0,0,75.2,0,0,26,25,1,1,1,1,3,1,2,0,0.0,0.0
2B,Connie Ryan,Connie,Ryan,Narragansett Wave,5' 11',175 lbs,R,R,69,Philadelphia Phillies,PHI,1953,1946-1960,,83683,Bronze,Snapshot  2B Connie Ryan  PHI  1953,0,N,0,82,84,61,88,80,105,112,43,68,69,74,76,65,94,83,51,55,Normal,Normal,Normal,1,1,1,7,1,1,1,7,1,1,1,7,16,17,17,-,-,-,-,-,-,-,-,-,3,GB,89-91,OTT,GB'er,1,24,-,-,-,80,50,58,69,5,1,3,-,-,-,77,58,-,-,-,-,118,-,-,77,58,-,-,-,-,73,44,79,80,1,1,4,3,1,1,0,0,0,0,0,0,0,0,1,0,0,0,0,0.4,0.00,0,-0.3,-0.1,3.25,0,0,0.0,0.0,0,0,0,0,0,0,0,0.0,0,0,0,0,0,0,0,0,0,0,0,0,0,0,0,0,0,0,0,0,0,0.00,0,0,0,0,0,0.0,0.0,0.0,0.00,1,1,4,2,1,1,0,0,3.00,-0.5,.725,0,0,9.0,0,0,2,2,1,0,3,1,0,0,0,0,0.0,0.0
2B,Connie Ryan,Connie,Ryan,Patchogue Pirates,5' 11',175 lbs,R,R,69,Philadelphia Phillies,PHI,1953,1946-1960,,83683,Bronze,Snapshot  2B Connie Ryan  PHI  1953,0,N,0,82,84,61,88,80,105,112,43,68,69,74,76,65,94,83,51,55,Normal,Normal,Normal,1,1,1,7,1,1,1,7,1,1,1,7,16,17,17,-,-,-,-,-,-,-,-,-,3,GB,89-91,OTT,GB'er,1,24,-,-,-,80,50,58,69,5,1,3,-,-,-,77,58,-,-,-,-,118,-,-,77,58,-,-,-,-,73,44,79,80,10,10,44,39,9,5,2,1,1,6,3,4,0,0,1,0,0,10,1,4.8,0.80,5,0.1,0.0,3.93,0,0,0.0,0.0,0,0,0,0,0,0,0,0.0,0,0,0,0,0,0,0,0,0,0,0,0,0,0,0,0,0,0,0,0,0,0.00,0,0,0,0,0,0.0,0.0,0.0,0.00,10,10,40,21,15,4,4,0,3.36,-1.7,.907,0,0,96.1,0,0,28,24,7,4,2,0,3,0,1,0,0.0,0.0
2B,Connie Ryan,Connie,Ryan,Transylvania Counts,5' 11',175 lbs,R,R,69,Philadelphia Phillies,PHI,1953,1946-1960,,83683,Bronze,Snapshot  2B Connie Ryan  PHI  1953,0,N,0,82,84,61,88,80,105,112,43,68,69,74,76,65,94,83,51,55,Normal,Normal,Normal,1,1,1,7,1,1,1,7,1,1,1,7,16,17,17,-,-,-,-,-,-,-,-,-,3,GB,89-91,OTT,GB'er,1,24,-,-,-,80,50,58,69,5,1,3,-,-,-,77,58,-,-,-,-,118,-,-,77,58,-,-,-,-,73,44,79,80,5,5,16,14,2,2,0,0,0,0,2,1,0,1,0,0,0,3,0,0.6,-0.08,0,-1.3,-0.1,4.06,0,0,0.0,0.1,0,0,0,0,0,0,0,0.0,0,0,0,0,0,0,0,0,0,0,0,0,0,0,0,0,0,0,0,0,0,0.00,0,0,0,0,0,0.0,0.0,0.0,0.00,5,5,21,10,11,0,1,0,4.72,0.1,1.088,0,0,40.0,0,0,17,16,2,1,1,0,1,0,0,0,0.0,0.0
2B,Dick Seay,Dick,Seay,Allston Wolf Spiders,5' 7',160 lbs,R,R,66,Newark Eagles,NeEa,1940,1921-1945,,84444,Bronze,Negro League Star  2B Dick Seay  NeEa  1940,0,N,0,30,53,65,82,88,31,54,66,83,89,30,53,65,82,88,108,100,Normal,Normal,Spray,1,1,19,5,1,1,19,5,1,1,19,5,16,-,-,-,-,-,-,-,-,-,-,-,1,NEU,89-91,3/4,Normal,1,22,53,53,53,95,75,52,91,55,62,68,-,45,-,106,75,81,64,-,60,141,45,-,106,75,81,64,-,60,58,47,67,56,6,6,20,20,6,5,1,0,0,1,0,0,0,0,0,0,0,4,1,1.8,0.02,2,-0.3,0.0,3.50,0,0,0.0,-0.0,0,0,0,0,0,0,0,0.0,0,0,0,0,0,0,0,0,0,0,0,0,0,0,0,0,0,0,0,0,0,0.00,0,0,0,0,0,0.0,0.0,0.0,0.00,7,6,36,19,15,2,3,0,5.81,-0.4,.993,0,0,52.2,0,0,31,28,4,2,0,0,0,0,2,0,0.0,0.0
2B,Dick Seay,Dick,Seay,Groundball Defenders,5' 7',160 lbs,R,R,66,Newark Eagles,NeEa,1940,1921-1945,,84444,Bronze,Negro League Star  2B Dick Seay  NeEa  1940,0,N,0,30,53,65,82,88,31,54,66,83,89,30,53,65,82,88,108,100,Normal,Normal,Spray,1,1,19,5,1,1,19,5,1,1,19,5,16,-,-,-,-,-,-,-,-,-,-,-,1,NEU,89-91,3/4,Normal,1,22,53,53,53,95,75,52,91,55,62,68,-,45,-,106,75,81,64,-,60,141,45,-,106,75,81,64,-,60,58,47,67,56,14,14,50,44,12,10,1,0,1,7,6,1,0,0,4,1,0,4,0,4.9,0.30,4,-1.8,0.2,2.84,0,0,0.0,-0.3,0,0,0,0,0,0,0,0.0,0,0,0,0,0,0,0,0,0,0,0,0,0,0,0,0,0,0,0,0,0,0.00,0,0,0,0,0,0.0,0.0,0.0,0.00,14,14,74,51,21,2,6,0,5.28,1.8,1.068,0,0,122.2,0,0,56,51,9,9,2,1,5,2,5,1,0.0,0.0
2B,Dick Seay,Dick,Seay,Hancocks and Sidekicks TTC,5' 7',160 lbs,R,R,66,Newark Eagles,NeEa,1940,1921-1945,,84444,Bronze,Negro League Star  2B Dick Seay  NeEa  1940,0,N,0,30,53,65,82,88,31,54,66,83,89,30,53,65,82,88,108,100,Normal,Normal,Spray,1,1,19,5,1,1,19,5,1,1,19,5,16,-,-,-,-,-,-,-,-,-,-,-,1,NEU,89-91,3/4,Normal,1,22,53,53,53,95,75,52,91,55,62,68,-,45,-,106,75,81,64,-,60,141,45,-,106,75,81,64,-,60,58,47,67,56,28,27,87,85,14,12,0,0,2,5,7,1,0,1,0,0,0,16,3,3.1,-1.15,2,-8.1,-0.3,3.64,0,0,0.0,0.1,0,0,0,0,0,0,0,0.0,0,0,0,0,0,0,0,0,0,0,0,0,0,0,0,0,0,0,0,0,0,0.00,0,0,0,0,0,0.0,0.0,0.0,0.00,28,27,113,69,40,4,14,0,4.42,1.8,1.026,0,0,222.0,0,0,80,77,10,8,7,4,1,0,6,1,0.0,0.0
2B,Dick Seay,Dick,Seay,Energy Efficiency,5' 7',160 lbs,R,R,66,Newark Eagles,NeEa,1940,1921-1945,,84444,Bronze,Negro League Star  2B Dick Seay  NeEa  1940,0,N,0,30,53,65,82,88,31,54,66,83,89,30,53,65,82,88,108,100,Normal,Normal,Spray,1,1,19,5,1,1,19,5,1,1,19,5,16,-,-,-,-,-,-,-,-,-,-,-,1,NEU,89-91,3/4,Normal,1,22,53,53,53,95,75,52,91,55,62,68,-,45,-,106,75,81,64,-,60,141,45,-,106,75,81,64,-,60,58,47,67,56,11,11,50,48,13,11,2,0,0,4,1,1,0,0,1,0,0,6,1,4.1,-0.10,4,-1.7,0.2,3.22,0,0,0.0,0.0,0,0,0,0,0,0,0,0.0,0,0,0,0,0,0,0,0,0,0,0,0,0,0,0,0,0,0,0,0,0,0.00,0,0,0,0,0,0.0,0.0,0.0,0.00,11,11,68,42,24,2,9,0,5.21,1.4,1.065,0,0,114.0,0,0,54,50,9,8,3,1,1,1,1,0,0.0,-0.0
2B,Dick Seay,Dick,Seay,Sabo's Saturn League Legends TTC,5' 7',160 lbs,R,R,66,Newark Eagles,NeEa,1940,1921-1945,,84444,Bronze,Negro League Star  2B Dick Seay  NeEa  1940,0,N,0,30,53,65,82,88,31,54,66,83,89,30,53,65,82,88,108,100,Normal,Normal,Spray,1,1,19,5,1,1,19,5,1,1,19,5,16,-,-,-,-,-,-,-,-,-,-,-,1,NEU,89-91,3/4,Normal,1,22,53,53,53,95,75,52,91,55,62,68,-,45,-,106,75,81,64,-,60,141,45,-,106,75,81,64,-,60,58,47,67,56,11,11,38,32,7,7,0,0,0,3,0,2,0,0,3,1,0,5,0,2.3,0.02,1,-3.1,-0.1,3.24,0,0,0.0,0.0,0,0,0,0,0,0,0,0.0,0,0,0,0,0,0,0,0,0,0,0,0,0,0,0,0,0,0,0,0,0,0.00,0,0,0,0,0,0.0,0.0,0.0,0.00,11,11,46,29,14,3,4,0,4.03,0.2,.980,0,0,96.0,0,0,34,31,3,2,3,2,0,0,1,1,0.0,0.0
2B,Daryl Spencer,Daryl,Spencer,OKC Whirlwinds - PCK,6' 2',185 lbs,R,R,57,San Francisco Giants,SFG,1959,1946-1960,,86620,Iron,T4 Ep. 8 - Unsung Heroes  2B Daryl Spencer  SF  1959,0,N,0,74,60,64,98,100,55,52,102,115,100,80,62,39,94,100,52,42,Normal,Normal,Normal,1,1,1,7,1,1,1,7,1,1,1,7,16,-,-,-,-,-,-,-,-,-,-,-,1,GB,90-92,OTT,GB'er,1,5,-,-,-,79,46,61,65,6,3,6,-,-,-,74,57,55,-,-,-,116,-,-,74,57,55,-,-,-,73,37,110,86,13,6,35,31,12,9,2,0,1,5,7,3,1,0,1,0,0,3,0,7.4,0.73,6,2.7,0.5,3.54,1,1,-0.3,0.8,0,0,0,0,0,0,0,0.0,0,0,0,0,0,0,0,0,0,0,0,0,0,0,0,0,0,0,0,0,0,0.00,0,0,0,0,0,0.0,0.0,0.0,0.00,14,6,35,18,16,1,1,0,4.41,0.2,.974,0,0,69.1,0,0,28,25,2,2,0,0,2,2,0,0,0.0,0.0
2B,Daryl Spencer,Daryl,Spencer,New Platson Grand Petites HotL,6' 2',185 lbs,R,R,57,San Francisco Giants,SFG,1959,1946-1960,,86620,Iron,T4 Ep. 8 - Unsung Heroes  2B Daryl Spencer  SF  1959,0,N,0,74,60,64,98,100,55,52,102,115,100,80,62,39,94,100,52,42,Normal,Normal,Normal,1,1,1,7,1,1,1,7,1,1,1,7,16,-,-,-,-,-,-,-,-,-,-,-,1,GB,90-92,OTT,GB'er,1,5,-,-,-,79,46,61,65,6,3,6,-,-,-,74,57,55,-,-,-,116,-,-,74,57,55,-,-,-,73,37,110,86,4,1,9,8,2,2,0,0,0,1,1,0,0,0,0,1,0,3,0,0.6,-0.01,0,-0.8,-0.1,4.44,0,0,0.0,0.0,0,0,0,0,0,0,0,0.0,0,0,0,0,0,0,0,0,0,0,0,0,0,0,0,0,0,0,0,0,0,0.00,0,0,0,0,0,0.0,0.0,0.0,0.00,1,1,0,0,0,0,0,0,0.00,-0.4,.000,0,0,8.0,0,0,0,0,1,0,2,0,0,0,0,0,0.0,0.0
2B,Jake Stephens,Jake,Stephens,Deep 13 Mad Scientists,5' 6',135 lbs,R,R,64,Homestead Grays,HoGr,1931,1921-1945,,84427,Bronze,Negro League Star  SS Jake Stephens  HoGr  1931,0,Y,1,50,66,30,86,88,51,66,30,86,88,50,67,30,86,88,98,96,Normal,Spray,Spray,1,1,20,5,1,1,20,5,1,1,21,5,16,-,-,-,-,-,-,-,-,-,-,-,1,NEU,90-92,3/4,Normal,1,19,1,1,1,100,74,97,80,55,62,68,-,-,-,111,104,97,-,-,62,150,-,-,111,104,97,-,-,62,60,65,77,63,6,5,25,22,3,3,0,0,0,0,3,3,0,0,0,0,0,3,0,0.9,-0.37,0,-2.3,-0.2,3.92,0,0,0.0,0.1,0,0,0,0,0,0,0,0.0,0,0,0,0,0,0,0,0,0,0,0,0,0,0,0,0,0,0,0,0,0,0.00,0,0,0,0,0,0.0,0.0,0.0,0.00,9,5,31,15,14,2,5,0,4.14,-0.5,.982,0,0,63.0,0,0,22,19,1,1,0,0,1,0,1,0,0.0,0.0
2B,George Sweatt,George,Sweatt,DongTan Milky,6' 2',190 lbs,R,R,68,Kansas City Monarchs,KCM,1924,1921-1945,,84468,Bronze,Negro League Star  2B George Sweatt  KCM  1924,0,N,0,49,80,81,84,85,49,81,83,87,88,49,80,81,84,85,84,85,Normal,Spray,Normal,1,1,19,3,1,1,18,3,1,1,19,3,16,-,-,-,-,-,-,-,-,-,-,-,1,NEU,89-91,3/4,Normal,1,6,1,1,1,77,50,51,70,81,50,63,-,-,89,75,53,-,89,70,82,116,-,89,75,53,-,89,70,82,64,45,70,56,4,4,11,10,2,2,0,0,0,1,0,1,0,0,0,0,0,1,1,0.4,0.11,0,-0.7,-0.1,2.91,0,0,0.0,-0.0,0,0,0,0,0,0,0,0.0,0,0,0,0,0,0,0,0,0,0,0,0,0,0,0,0,0,0,0,0,0,0.00,0,0,0,0,0,0.0,0.0,0.0,0.00,4,4,16,8,7,1,1,0,4.35,-0.6,.979,0,0,31.0,0,0,15,14,2,0,2,0,0,0,1,0,0.0,0.0
2B,George Sweatt,George,Sweatt,The Spacehog,6' 2',190 lbs,R,R,68,Kansas City Monarchs,KCM,1924,1921-1945,,84468,Bronze,Negro League Star  2B George Sweatt  KCM  1924,0,Y,5,54,87,88,91,92,54,88,90,94,96,54,87,88,91,92,84,85,Normal,Spray,Normal,1,1,22,5,1,1,21,5,1,1,22,5,16,-,-,-,-,-,-,-,-,-,-,-,1,NEU,89-91,3/4,Normal,1,6,1,1,1,77,50,51,70,81,50,63,-,-,96,80,57,-,95,76,88,124,-,96,80,57,-,95,76,88,64,45,70,56,7,7,24,21,4,3,0,0,1,3,3,1,0,0,2,0,0,5,0,1.7,-0.15,1,-1.5,-0.1,3.79,0,0,0.0,-0.2,0,0,0,0,0,0,0,0.0,0,0,0,0,0,0,0,0,0,0,0,0,0,0,0,0,0,0,0,0,0,0.00,0,0,0,0,0,0.0,0.0,0.0,0.00,7,7,78,5,72,1,3,0,12.16,0.6,1.084,0,0,57.0,0,0,11,10,2,2,2,2,0,0,1,0,0.0,0.0
2B,George Sweatt,George,Sweatt,Sabo's Saturn League Legends TTC,6' 2',190 lbs,R,R,68,Kansas City Monarchs,KCM,1924,1921-1945,,84468,Bronze,Negro League Star  2B George Sweatt  KCM  1924,0,N,0,49,80,81,84,85,49,81,83,87,88,49,80,81,84,85,84,85,Normal,Spray,Normal,1,1,19,3,1,1,18,3,1,1,19,3,16,-,-,-,-,-,-,-,-,-,-,-,1,NEU,89-91,3/4,Normal,1,6,1,1,1,77,50,51,70,81,50,63,-,-,89,75,53,-,89,70,82,116,-,89,75,53,-,89,70,82,64,45,70,56,13,12,47,42,7,2,2,1,2,4,5,4,0,0,1,0,0,4,0,4.3,-0.14,4,-1.2,0.0,3.51,0,0,0.0,0.1,0,0,0,0,0,0,0,0.0,0,0,0,0,0,0,0,0,0,0,0,0,0,0,0,0,0,0,0,0,0,0.00,0,0,0,0,0,0.0,0.0,0.0,0.00,13,12,21,1,19,1,0,0,1.68,0.2,.990,0,0,107.0,0,0,16,16,4,2,1,1,1,1,5,0,0.0,0.1
2B,Burgess Whitehead,Burgess,Whitehead,Breslau Binturings - HotL,6' 0',160 lbs,R,R,58,New York Giants,SFG,1937,1921-1945,LE,84108,Iron,Limited Edition/64  2B Burgess Whitehead  NY1  1937,0,N,0,73,66,43,57,184,84,70,52,48,171,70,65,40,60,188,75,69,Normal,Normal,Normal,1,1,1,7,1,1,1,7,1,1,1,7,16,-,-,-,-,-,-,-,-,-,-,-,1,GB,90-92,3/4,GB'er,1,2,-,-,-,112,79,97,109,8,3,2,-,-,-,132,113,-,-,-,-,155,-,-,132,113,-,-,-,-,60,55,39,79,10,10,33,30,8,6,1,1,0,1,4,0,0,0,3,0,0,1,0,3.0,-0.16,2,-1.4,-0.0,3.36,0,0,0.0,-0.2,0,0,0,0,0,0,0,0.0,0,0,0,0,0,0,0,0,0,0,0,0,0,0,0,0,0,0,0,0,0,0.00,0,0,0,0,0,0.0,0.0,0.0,0.00,10,10,43,20,20,3,6,0,4.32,0.4,.940,0,0,83.1,0,0,25,23,2,1,1,1,1,1,2,2,0.0,0.0
2B,Burgess Whitehead,Burgess,Whitehead,BAGgin' Dingers TTC,6' 0',160 lbs,R,R,58,New York Giants,SFG,1937,1921-1945,LE,84108,Iron,Limited Edition/64  2B Burgess Whitehead  NY1  1937,0,N,0,73,66,43,57,184,84,70,52,48,171,70,65,40,60,188,75,69,Normal,Normal,Normal,1,1,1,7,1,1,1,7,1,1,1,7,16,-,-,-,-,-,-,-,-,-,-,-,1,GB,90-92,3/4,GB'er,1,2,-,-,-,112,79,97,109,8,3,2,-,-,-,132,113,-,-,-,-,155,-,-,132,113,-,-,-,-,60,55,39,79,10,1,8,8,1,0,0,0,1,2,2,0,0,0,0,0,0,0,0,0.5,0.34,0,-0.3,-0.1,3.25,0,0,0.0,-0.2,0,0,0,0,0,0,0,0.0,0,0,0,0,0,0,0,0,0,0,0,0,0,0,0,0,0,0,0,0,0,0.00,0,0,0,0,0,0.0,0.0,0.0,0.00,17,1,14,6,6,2,1,0,4.32,-0.7,.816,0,0,25.0,0,0,12,10,0,0,0,0,0,0,2,0,0.0,0.0
2B,Pep Young,Pep,Young,Seoul Hannams,5' 9',160 lbs,R,R,63,Pittsburgh Pirates,PIT,1938,1921-1945,,82909,Bronze,Unsung Heroes  2B Pep Young  PIT  1938,0,N,0,68,85,44,59,82,52,73,61,65,96,73,89,39,56,78,33,5,Normal,Pull,Pull,1,1,1,1,1,1,1,1,1,1,2,1,16,-,-,-,-,-,-,-,-,-,-,-,1,NEU,90-92,3/4,Normal,1,13,-,-,-,106,66,76,102,9,7,1,-,-,-,118,92,96,-,-,-,146,-,-,118,92,96,-,-,-,54,34,73,70,2,1,6,6,0,0,0,0,0,0,0,0,0,0,0,0,0,1,0,0.0,-0.52,0,-1.5,-0.1,3.00,0,0,0.0,0.0,0,0,0,0,0,0,0,0.0,0,0,0,0,0,0,0,0,0,0,0,0,0,0,0,0,0,0,0,0,0,0.00,0,0,0,0,0,0.0,0.0,0.0,0.00,2,1,5,4,1,0,0,0,3.00,0.7,1.440,0,0,15.0,0,0,3,3,1,1,1,1,0,0,0,0,0.0,0.0
2B,Pep Young,Pep,Young,Jinzhou Speedster,5' 9',160 lbs,R,R,63,Pittsburgh Pirates,PIT,1938,1921-1945,,82909,Bronze,Unsung Heroes  2B Pep Young  PIT  1938,0,N,0,68,85,44,59,82,52,73,61,65,96,73,89,39,56,78,33,5,Normal,Pull,Pull,1,1,1,1,1,1,1,1,1,1,2,1,16,-,-,-,-,-,-,-,-,-,-,-,1,NEU,90-92,3/4,Normal,1,13,-,-,-,106,66,76,102,9,7,1,-,-,-,118,92,96,-,-,-,146,-,-,118,92,96,-,-,-,54,34,73,70,5,2,6,6,1,1,0,0,0,0,0,0,0,0,0,0,0,1,0,0.2,-0.09,0,-0.7,-0.0,3.50,0,0,0.0,0.0,0,0,0,0,0,0,0,0.0,0,0,0,0,0,0,0,0,0,0,0,0,0,0,0,0,0,0,0,0,0,0.00,0,0,0,0,0,0.0,0.0,0.0,0.00,5,2,13,7,6,0,1,0,5.66,0.4,1.088,0,0,20.2,0,0,8,8,0,0,1,1,0,0,0,0,0.0,0.0
2B,Pep Young,Pep,Young,HickoryHoller JayBirds,5' 9',160 lbs,R,R,63,Pittsburgh Pirates,PIT,1938,1921-1945,,82909,Bronze,Unsung Heroes  2B Pep Young  PIT  1938,0,N,0,68,85,44,59,82,52,73,61,65,96,73,89,39,56,78,33,5,Normal,Pull,Pull,1,1,1,1,1,1,1,1,1,1,2,1,16,-,-,-,-,-,-,-,-,-,-,-,1,NEU,90-92,3/4,Normal,1,13,-,-,-,106,66,76,102,9,7,1,-,-,-,118,92,96,-,-,-,146,-,-,118,92,96,-,-,-,54,34,73,70,4,1,3,2,0,0,0,0,0,0,0,1,0,0,0,0,0,1,0,0.1,-0.01,0,-0.2,-0.0,5.00,0,0,0.0,0.0,0,0,0,0,0,0,0,0.0,0,0,0,0,0,0,0,0,0,0,0,0,0,0,0,0,0,0,0,0,0,0.00,0,0,0,0,0,0.0,0.0,0.0,0.00,4,1,5,2,2,1,0,0,2.70,-0.4,.722,0,0,13.1,0,0,5,4,0,0,0,0,0,0,0,0,0.0,0.0
2B,Pep Young,Pep,Young,London Majors,5' 9',160 lbs,R,R,63,Pittsburgh Pirates,PIT,1938,1921-1945,,82909,Bronze,Unsung Heroes  2B Pep Young  PIT  1938,0,N,0,68,85,44,59,82,52,73,61,65,96,73,89,39,56,78,33,5,Normal,Pull,Pull,1,1,1,1,1,1,1,1,1,1,2,1,16,-,-,-,-,-,-,-,-,-,-,-,1,NEU,90-92,3/4,Normal,1,13,-,-,-,106,66,76,102,9,7,1,-,-,-,118,92,96,-,-,-,146,-,-,118,92,96,-,-,-,54,34,73,70,13,6,27,24,4,3,1,0,0,2,3,3,0,0,0,0,0,3,1,1.3,-0.11,1,-1.7,0.0,3.63,0,0,0.0,-0.1,0,0,0,0,0,0,0,0.0,0,0,0,0,0,0,0,0,0,0,0,0,0,0,0,0,0,0,0,0,0,0.00,0,0,0,0,0,0.0,0.0,0.0,0.00,12,6,38,20,17,1,3,0,5.12,0.9,1.103,0,0,65.0,0,0,26,25,2,1,1,0,2,2,1,0,0.0,0.0
2B,Pep Young,Pep,Young,Gettysburg Iron Brigade,5' 9',160 lbs,R,R,63,Pittsburgh Pirates,PIT,1938,1921-1945,,82909,Bronze,Unsung Heroes  2B Pep Young  PIT  1938,0,N,0,68,85,44,59,82,52,73,61,65,96,73,89,39,56,78,33,5,Normal,Pull,Pull,1,1,1,1,1,1,1,1,1,1,2,1,16,-,-,-,-,-,-,-,-,-,-,-,1,NEU,90-92,3/4,Normal,1,13,-,-,-,106,66,76,102,9,7,1,-,-,-,118,92,96,-,-,-,146,-,-,118,92,96,-,-,-,54,34,73,70,9,9,32,30,14,5,5,3,1,7,7,1,0,0,1,0,0,3,0,12.6,0.81,10,6.9,0.7,3.56,0,1,-0.5,-0.7,0,0,0,0,0,0,0,0.0,0,0,0,0,0,0,0,0,0,0,0,0,0,0,0,0,0,0,0,0,0,0.00,0,0,0,0,0,0.0,0.0,0.0,0.00,9,9,42,20,20,2,4,0,4.56,0.2,.984,0,0,79.0,0,0,24,24,3,2,5,1,0,0,3,1,0.0,0.0
2B,Pep Young,Pep,Young,Groundball Defenders,5' 9',160 lbs,R,R,63,Pittsburgh Pirates,PIT,1938,1921-1945,,82909,Bronze,Unsung Heroes  2B Pep Young  PIT  1938,0,N,0,68,85,44,59,82,52,73,61,65,96,73,89,39,56,78,33,5,Normal,Pull,Pull,1,1,1,1,1,1,1,1,1,1,2,1,16,-,-,-,-,-,-,-,-,-,-,-,1,NEU,90-92,3/4,Normal,1,13,-,-,-,106,66,76,102,9,7,1,-,-,-,118,92,96,-,-,-,146,-,-,118,92,96,-,-,-,54,34,73,70,13,4,28,26,8,6,2,0,0,2,0,1,0,0,0,1,0,5,0,3.5,0.25,3,0.1,0.1,4.21,0,0,0.0,-0.6,0,0,0,0,0,0,0,0.0,0,0,0,0,0,0,0,0,0,0,0,0,0,0,0,0,0,0,0,0,0,0.00,0,0,0,0,0,0.0,0.0,0.0,0.00,13,4,33,17,14,2,2,0,3.95,0.3,.995,0,0,70.2,0,0,25,23,3,2,2,2,2,1,1,0,0.0,0.0
2B,Pep Young,Pep,Young,Ethiopia Pink Elephants,5' 9',160 lbs,R,R,63,Pittsburgh Pirates,PIT,1938,1921-1945,,82909,Bronze,Unsung Heroes  2B Pep Young  PIT  1938,0,N,0,68,85,44,59,82,52,73,61,65,96,73,89,39,56,78,33,5,Normal,Pull,Pull,1,1,1,1,1,1,1,1,1,1,2,1,16,-,-,-,-,-,-,-,-,-,-,-,1,NEU,90-92,3/4,Normal,1,13,-,-,-,106,66,76,102,9,7,1,-,-,-,118,92,96,-,-,-,146,-,-,118,92,96,-,-,-,54,34,73,70,5,5,19,19,4,4,0,0,0,1,2,0,0,0,0,0,0,3,1,0.6,-0.56,0,-1.8,-0.1,2.95,0,0,0.0,-0.1,0,0,0,0,0,0,0,0.0,0,0,0,0,0,0,0,0,0,0,0,0,0,0,0,0,0,0,0,0,0,0.00,0,0,0,0,0,0.0,0.0,0.0,0.00,5,5,24,13,9,2,1,0,4.50,-0.0,.943,0,0,44.0,0,0,14,14,2,2,2,0,0,0,1,0,0.0,0.0
2B,Pep Young,Pep,Young,The Spacehog,5' 9',160 lbs,R,R,63,Pittsburgh Pirates,PIT,1938,1921-1945,,82909,Bronze,Unsung Heroes  2B Pep Young  PIT  1938,0,N,0,68,85,44,59,82,52,73,61,65,96,73,89,39,56,78,33,5,Normal,Pull,Pull,1,1,1,1,1,1,1,1,1,1,2,1,16,-,-,-,-,-,-,-,-,-,-,-,1,NEU,90-92,3/4,Normal,1,13,-,-,-,106,66,76,102,9,7,1,-,-,-,118,92,96,-,-,-,146,-,-,118,92,96,-,-,-,54,34,73,70,1,1,4,3,0,0,0,0,0,1,0,0,0,1,0,0,0,0,0,0.1,0.06,0,-0.4,0.0,3.75,0,0,0.0,0.0,0,0,0,0,0,0,0,0.0,0,0,0,0,0,0,0,0,0,0,0,0,0,0,0,0,0,0,0,0,0,0.00,0,0,0,0,0,0.0,0.0,0.0,0.00,1,1,6,3,3,0,0,0,6.00,0.5,1.088,0,0,9.0,0,0,3,3,2,2,0,0,1,1,0,0,0.0,0.0
2B,Pep Young,Pep,Young,Canterbury Tails,5' 9',160 lbs,R,R,63,Pittsburgh Pirates,PIT,1938,1921-1945,,82909,Bronze,Unsung Heroes  2B Pep Young  PIT  1938,0,N,0,68,85,44,59,82,52,73,61,65,96,73,89,39,56,78,33,5,Normal,Pull,Pull,1,1,1,1,1,1,1,1,1,1,2,1,16,-,-,-,-,-,-,-,-,-,-,-,1,NEU,90-92,3/4,Normal,1,13,-,-,-,106,66,76,102,9,7,1,-,-,-,118,92,96,-,-,-,146,-,-,118,92,96,-,-,-,54,34,73,70,6,5,21,21,5,4,1,0,0,0,4,0,0,0,0,0,0,6,0,1.1,-0.15,1,-1.2,-0.0,3.29,0,1,-0.5,0.4,0,0,0,0,0,0,0,0.0,0,0,0,0,0,0,0,0,0,0,0,0,0,0,0,0,0,0,0,0,0,0.00,0,0,0,0,0,0.0,0.0,0.0,0.00,6,5,21,11,9,1,2,0,3.62,0.4,1.088,0,0,49.2,0,0,14,13,3,2,3,1,2,0,3,2,0.0,0.0
2B,Ralph Young,Ralph,Young,Birmingham Black Barons,5' 5',165 lbs,S,R,68,Detroit Tigers,DET,1920,2026,,84142,Bronze,All-Time Legend  2B Ralph Young  DET  Peak,0,N,0,61,68,46,111,109,42,85,45,100,120,64,62,47,115,106,86,97,Normal,Normal,Normal,1,1,1,3,1,1,1,3,1,1,2,3,16,-,-,-,-,-,-,-,-,-,-,-,1,NEU,90-92,3/4,Normal,1,14,-,-,-,71,68,45,53,6,1,3,-,-,-,69,-,-,-,-,-,119,-,-,69,-,-,-,-,-,63,70,73,61,3,,3,1,1,0,1,0,0,0,1,2,0,0,0,0,0,0,0,2.5,0.13,1,1.4,0.2,5.00,0,0,0.0,-0.0,0,0,0,0,0,0,0,0.0,0,0,0,0,0,0,0,0,0,0,0,0,0,0,0,0,0,0,0,0,0,0.00,0,0,0,0,0,0.0,0.0,0.0,0.00,2,0,4,2,2,0,1,0,7.20,0.0,1.088,0,0,5.0,0,0,3,2,0,0,0,0,1,1,0,0,0.0,0.0
2B,Ralph Young,Ralph,Young,Huatulco Tacos,5' 5',165 lbs,S,R,68,Detroit Tigers,DET,1920,2026,,84142,Bronze,All-Time Legend  2B Ralph Young  DET  Peak,0,N,0,61,68,46,111,109,42,85,45,100,120,64,62,47,115,106,86,97,Normal,Normal,Normal,1,1,1,3,1,1,1,3,1,1,2,3,16,-,-,-,-,-,-,-,-,-,-,-,1,NEU,90-92,3/4,Normal,1,14,-,-,-,71,68,45,53,6,1,3,-,-,-,69,-,-,-,-,-,119,-,-,69,-,-,-,-,-,63,70,73,61,1,,3,3,0,0,0,0,0,0,0,0,0,0,0,0,0,1,0,0.0,-0.21,0,-0.7,-0.1,3.67,0,0,0.0,0.0,0,0,0,0,0,0,0,0.0,0,0,0,0,0,0,0,0,0,0,0,0,0,0,0,0,0,0,0,0,0,0.00,0,0,0,0,0,0.0,0.0,0.0,0.00,1,0,3,2,1,0,0,0,3.86,-0.1,1.088,0,0,7.0,0,0,3,3,1,0,0,0,0,0,0,0,0.0,0.0
2B,Ralph Young,Ralph,Young,Port Townsend Wild Daphnes,5' 5',165 lbs,S,R,68,Detroit Tigers,DET,1920,2026,,84142,Bronze,All-Time Legend  2B Ralph Young  DET  Peak,0,N,0,61,68,46,111,109,42,85,45,100,120,64,62,47,115,106,86,97,Normal,Normal,Normal,1,1,1,3,1,1,1,3,1,1,2,3,16,-,-,-,-,-,-,-,-,-,-,-,1,NEU,90-92,3/4,Normal,1,14,-,-,-,71,68,45,53,6,1,3,-,-,-,69,-,-,-,-,-,119,-,-,69,-,-,-,-,-,63,70,73,61,18,4,27,25,6,5,0,1,0,3,3,2,0,0,0,0,0,3,0,2.5,0.04,2,-0.6,0.0,3.59,0,0,0.0,0.2,0,0,0,0,0,0,0,0.0,0,0,0,0,0,0,0,0,0,0,0,0,0,0,0,0,0,0,0,0,0,0.00,0,0,0,0,0,0.0,0.0,0.0,0.00,14,4,23,10,12,1,1,0,3.11,-0.4,.933,0,0,63.2,0,0,19,18,4,2,0,0,1,0,0,0,0.0,0.0
2B,Ralph Young,Ralph,Young,Aberfeldie Falcons,5' 5',165 lbs,S,R,68,Detroit Tigers,DET,1920,2026,,84142,Bronze,All-Time Legend  2B Ralph Young  DET  Peak,0,N,0,61,68,46,111,109,42,85,45,100,120,64,62,47,115,106,86,97,Normal,Normal,Normal,1,1,1,3,1,1,1,3,1,1,2,3,16,-,-,-,-,-,-,-,-,-,-,-,1,NEU,90-92,3/4,Normal,1,14,-,-,-,71,68,45,53,6,1,3,-,-,-,69,-,-,-,-,-,119,-,-,69,-,-,-,-,-,63,70,73,61,2,,2,1,0,0,0,0,0,0,0,1,0,0,0,0,0,0,0,0.1,0.00,0,0.1,0.0,6.00,0,0,0.0,0.0,0,0,0,0,0,0,0,0.0,0,0,0,0,0,0,0,0,0,0,0,0,0,0,0,0,0,0,0,0,0,0.00,0,0,0,0,0,0.0,0.0,0.0,0.00,2,0,4,3,1,0,0,0,5.14,0.2,1.088,0,0,7.0,0,0,2,2,1,1,0,0,0,0,1,0,0.0,0.0
2B,Ralph Young,Ralph,Young,Louisville Haymakers,5' 5',165 lbs,S,R,68,Detroit Tigers,DET,1920,2026,,84142,Bronze,All-Time Legend  2B Ralph Young  DET  Peak,0,N,0,61,68,46,111,109,42,85,45,100,120,64,62,47,115,106,86,97,Normal,Normal,Normal,1,1,1,3,1,1,1,3,1,1,2,3,16,-,-,-,-,-,-,-,-,-,-,-,1,NEU,90-92,3/4,Normal,1,14,-,-,-,71,68,45,53,6,1,3,-,-,-,69,-,-,-,-,-,119,-,-,69,-,-,-,-,-,63,70,73,61,4,1,7,5,1,0,1,0,0,2,1,1,0,1,0,0,0,1,0,1.1,0.22,1,0.5,0.0,4.00,0,0,0.0,-0.2,0,0,0,0,0,0,0,0.0,0,0,0,0,0,0,0,0,0,0,0,0,0,0,0,0,0,0,0,0,0,0.00,0,0,0,0,0,0.0,0.0,0.0,0.00,2,0,2,1,1,0,0,0,4.91,0.1,1.088,0,0,3.2,0,0,2,2,0,0,0,0,0,0,0,0,0.0,0.0
2B,Ralph Young,Ralph,Young,DongTan Milky,5' 5',165 lbs,S,R,68,Detroit Tigers,DET,1920,2026,,84142,Bronze,All-Time Legend  2B Ralph Young  DET  Peak,0,N,0,61,68,46,111,109,42,85,45,100,120,64,62,47,115,106,86,97,Normal,Normal,Normal,1,1,1,3,1,1,1,3,1,1,2,3,16,-,-,-,-,-,-,-,-,-,-,-,1,NEU,90-92,3/4,Normal,1,14,-,-,-,71,68,45,53,6,1,3,-,-,-,69,-,-,-,-,-,119,-,-,69,-,-,-,-,-,63,70,73,61,1,,2,1,0,0,0,0,0,0,0,0,0,0,1,0,0,0,0,0.0,-0.07,0,-0.5,-0.1,3.00,0,0,0.0,0.0,0,0,0,0,0,0,0,0.0,0,0,0,0,0,0,0,0,0,0,0,0,0,0,0,0,0,0,0,0,0,0.00,0,0,0,0,0,0.0,0.0,0.0,0.00,1,0,0,0,0,0,0,0,0.00,-0.2,.000,0,0,3.2,0,0,0,0,1,0,0,0,0,0,0,0,0.0,0.0
2B,Ralph Young,Ralph,Young,Aurora Highlanders,5' 5',165 lbs,S,R,68,Detroit Tigers,DET,1920,2026,,84142,Bronze,All-Time Legend  2B Ralph Young  DET  Peak,0,N,0,61,68,46,111,109,42,85,45,100,120,64,62,47,115,106,86,97,Normal,Normal,Normal,1,1,1,3,1,1,1,3,1,1,2,3,16,-,-,-,-,-,-,-,-,-,-,-,1,NEU,90-92,3/4,Normal,1,14,-,-,-,71,68,45,53,6,1,3,-,-,-,69,-,-,-,-,-,119,-,-,69,-,-,-,-,-,63,70,73,61,2,,1,1,0,0,0,0,0,0,0,0,0,0,0,0,0,0,0,0.0,-0.12,0,-0.2,-0.0,1.00,0,0,0.0,0.0,0,0,0,0,0,0,0,0.0,0,0,0,0,0,0,0,0,0,0,0,0,0,0,0,0,0,0,0,0,0,0.00,0,0,0,0,0,0.0,0.0,0.0,0.00,2,0,1,1,0,0,0,0,1.93,0.0,1.088,0,0,4.2,0,0,1,1,0,0,0,0,0,0,0,0,0.0,0.0
2B,Ralph Young,Ralph,Young,Columbus Evil Squirrels,5' 5',165 lbs,S,R,68,Detroit Tigers,DET,1920,2026,,84142,Bronze,All-Time Legend  2B Ralph Young  DET  Peak,0,N,0,61,68,46,111,109,42,85,45,100,120,64,62,47,115,106,86,97,Normal,Normal,Normal,1,1,1,3,1,1,1,3,1,1,2,3,16,-,-,-,-,-,-,-,-,-,-,-,1,NEU,90-92,3/4,Normal,1,14,-,-,-,71,68,45,53,6,1,3,-,-,-,69,-,-,-,-,-,119,-,-,69,-,-,-,-,-,63,70,73,61,2,,1,1,0,0,0,0,0,0,0,0,0,0,0,0,0,0,0,0.0,-0.04,0,-0.2,-0.0,5.00,0,0,0.0,0.0,0,0,0,0,0,0,0,0.0,0,0,0,0,0,0,0,0,0,0,0,0,0,0,0,0,0,0,0,0,0,0.00,0,0,0,0,0,0.0,0.0,0.0,0.00,2,0,1,1,0,0,0,0,3.00,0.0,1.088,0,0,3.0,0,0,1,1,0,0,0,0,0,0,0,0,0.0,0.0
2B,Ralph Young,Ralph,Young,Bismarck Blizzard,5' 5',165 lbs,S,R,68,Detroit Tigers,DET,1920,2026,,84142,Bronze,All-Time Legend  2B Ralph Young  DET  Peak,0,N,0,61,68,46,111,109,42,85,45,100,120,64,62,47,115,106,86,97,Normal,Normal,Normal,1,1,1,3,1,1,1,3,1,1,2,3,16,-,-,-,-,-,-,-,-,-,-,-,1,NEU,90-92,3/4,Normal,1,14,-,-,-,71,68,45,53,6,1,3,-,-,-,69,-,-,-,-,-,119,-,-,69,-,-,-,-,-,63,70,73,61,1,1,4,4,1,1,0,0,0,0,1,0,0,0,0,0,0,1,0,0.2,0.01,0,-0.3,0.0,3.25,0,0,0.0,0.0,0,0,0,0,0,0,0,0.0,0,0,0,0,0,0,0,0,0,0,0,0,0,0,0,0,0,0,0,0,0,0.00,0,0,0,0,0,0.0,0.0,0.0,0.00,1,1,6,2,4,0,0,0,6.75,0.1,1.088,0,0,8.0,0,0,5,5,0,0,0,0,0,0,0,0,0.0,0.0
2B,Ralph Young,Ralph,Young,Columbus Fire Ants,5' 5',165 lbs,S,R,68,Detroit Tigers,DET,1920,2026,,84142,Bronze,All-Time Legend  2B Ralph Young  DET  Peak,0,N,0,61,68,46,111,109,42,85,45,100,120,64,62,47,115,106,86,97,Normal,Normal,Normal,1,1,1,3,1,1,1,3,1,1,2,3,16,-,-,-,-,-,-,-,-,-,-,-,1,NEU,90-92,3/4,Normal,1,14,-,-,-,71,68,45,53,6,1,3,-,-,-,69,-,-,-,-,-,119,-,-,69,-,-,-,-,-,63,70,73,61,3,2,7,5,0,0,0,0,0,0,1,2,0,0,0,0,0,1,0,0.1,-0.08,0,-0.6,-0.0,4.86,0,0,0.0,0.0,0,0,0,0,0,0,0,0.0,0,0,0,0,0,0,0,0,0,0,0,0,0,0,0,0,0,0,0,0,0,0.00,0,0,0,0,0,0.0,0.0,0.0,0.00,2,2,6,2,4,0,0,0,3.18,0.2,1.088,0,0,17.0,0,0,3,3,0,0,1,1,0,0,0,0,0.0,0.0
2B,Ralph Young,Ralph,Young,Moncton Mosquitos,5' 5',165 lbs,S,R,68,Detroit Tigers,DET,1920,2026,,84142,Bronze,All-Time Legend  2B Ralph Young  DET  Peak,0,N,0,61,68,46,111,109,42,85,45,100,120,64,62,47,115,106,86,97,Normal,Normal,Normal,1,1,1,3,1,1,1,3,1,1,2,3,16,-,-,-,-,-,-,-,-,-,-,-,1,NEU,90-92,3/4,Normal,1,14,-,-,-,71,68,45,53,6,1,3,-,-,-,69,-,-,-,-,-,119,-,-,69,-,-,-,-,-,63,70,73,61,2,,1,1,0,0,0,0,0,0,0,0,0,0,0,0,0,0,0,0.0,-0.15,0,-0.2,-0.0,2.00,0,0,0.0,0.0,0,0,0,0,0,0,0,0.0,0,0,0,0,0,0,0,0,0,0,0,0,0,0,0,0,0,0,0,0,0,0.00,0,0,0,0,0,0.0,0.0,0.0,0.00,2,0,1,0,1,0,0,0,4.50,0.0,.000,0,0,2.0,0,0,0,0,0,0,0,0,0,0,0,0,0.0,0.0
2B,Ralph Young,Ralph,Young,Honolulu Warriors - HotL,5' 5',165 lbs,S,R,68,Detroit Tigers,DET,1920,2026,,84142,Bronze,All-Time Legend  2B Ralph Young  DET  Peak,0,N,0,61,68,46,111,109,42,85,45,100,120,64,62,47,115,106,86,97,Normal,Normal,Normal,1,1,1,3,1,1,1,3,1,1,2,3,16,-,-,-,-,-,-,-,-,-,-,-,1,NEU,90-92,3/4,Normal,1,14,-,-,-,71,68,45,53,6,1,3,-,-,-,69,-,-,-,-,-,119,-,-,69,-,-,-,-,-,63,70,73,61,5,1,7,7,2,2,0,0,0,0,1,0,0,0,0,0,0,0,0,0.6,-0.11,0,-0.3,0.0,4.14,0,0,0.0,0.2,0,0,0,0,0,0,0,0.0,0,0,0,0,0,0,0,0,0,0,0,0,0,0,0,0,0,0,0,0,0,0.00,0,0,0,0,0,0.0,0.0,0.0,0.00,5,1,9,4,5,0,1,0,4.26,0.1,1.088,0,0,19.0,0,0,6,6,0,0,0,0,0,0,2,0,0.0,0.0
2B,Ralph Young,Ralph,Young,Moonsault Collective MCs,5' 5',165 lbs,S,R,68,Detroit Tigers,DET,1920,2026,,84142,Bronze,All-Time Legend  2B Ralph Young  DET  Peak,0,N,0,61,68,46,111,109,42,85,45,100,120,64,62,47,115,106,86,97,Normal,Normal,Normal,1,1,1,3,1,1,1,3,1,1,2,3,16,-,-,-,-,-,-,-,-,-,-,-,1,NEU,90-92,3/4,Normal,1,14,-,-,-,71,68,45,53,6,1,3,-,-,-,69,-,-,-,-,-,119,-,-,69,-,-,-,-,-,63,70,73,61,3,,1,1,0,0,0,0,0,0,0,0,0,0,0,0,0,0,0,0.0,-0.05,0,-0.2,-0.1,4.00,0,0,0.0,0.0,0,0,0,0,0,0,0,0.0,0,0,0,0,0,0,0,0,0,0,0,0,0,0,0,0,0,0,0,0,0,0.00,0,0,0,0,0,0.0,0.0,0.0,0.00,3,0,4,1,3,0,0,0,7.71,-0.5,.725,0,0,4.2,0,0,3,2,1,0,1,1,0,0,0,0,0.0,0.0
2B,Ralph Young,Ralph,Young,Atlanta Braves TTC,5' 5',165 lbs,S,R,68,Detroit Tigers,DET,1920,2026,,84142,Bronze,All-Time Legend  2B Ralph Young  DET  Peak,0,N,0,61,68,46,111,109,42,85,45,100,120,64,62,47,115,106,86,97,Normal,Normal,Normal,1,1,1,3,1,1,1,3,1,1,2,3,16,-,-,-,-,-,-,-,-,-,-,-,1,NEU,90-92,3/4,Normal,1,14,-,-,-,71,68,45,53,6,1,3,-,-,-,69,-,-,-,-,-,119,-,-,69,-,-,-,-,-,63,70,73,61,5,1,13,12,3,2,0,0,1,4,1,1,0,0,0,0,0,1,1,1.4,-0.32,2,0.5,0.1,3.62,0,0,0.0,0.2,0,0,0,0,0,0,0,0.0,0,0,0,0,0,0,0,0,0,0,0,0,0,0,0,0,0,0,0,0,0,0.00,0,0,0,0,0,0.0,0.0,0.0,0.00,5,1,12,4,7,1,0,0,3.67,-0.1,.933,0,0,27.0,0,0,7,7,2,1,0,0,0,0,1,0,0.0,0.0
2B,Ralph Young,Ralph,Young,Indiana Rhubarbs,5' 5',165 lbs,S,R,68,Detroit Tigers,DET,1920,2026,,84142,Bronze,All-Time Legend  2B Ralph Young  DET  Peak,0,N,0,61,68,46,111,109,42,85,45,100,120,64,62,47,115,106,86,97,Normal,Normal,Normal,1,1,1,3,1,1,1,3,1,1,2,3,16,-,-,-,-,-,-,-,-,-,-,-,1,NEU,90-92,3/4,Normal,1,14,-,-,-,71,68,45,53,6,1,3,-,-,-,69,-,-,-,-,-,119,-,-,69,-,-,-,-,-,63,70,73,61,1,,5,5,4,1,2,0,1,6,4,0,0,0,0,0,0,0,0,7.2,0.00,3,3.2,0.3,3.60,0,0,0.0,0.0,0,0,0,0,0,0,0,0.0,0,0,0,0,0,0,0,0,0,0,0,0,0,0,0,0,0,0,0,0,0,0.00,0,0,0,0,0,0.0,0.0,0.0,0.00,1,0,0,0,0,0,0,0,0.00,0.0,.000,0,0,3.0,0,0,0,0,0,0,0,0,0,0,0,0,0.0,0.0
2B,Ralph Young,Ralph,Young,Transylvania Counts,5' 5',165 lbs,S,R,68,Detroit Tigers,DET,1920,2026,,84142,Bronze,All-Time Legend  2B Ralph Young  DET  Peak,0,N,0,61,68,46,111,109,42,85,45,100,120,64,62,47,115,106,86,97,Normal,Normal,Normal,1,1,1,3,1,1,1,3,1,1,2,3,16,-,-,-,-,-,-,-,-,-,-,-,1,NEU,90-92,3/4,Normal,1,14,-,-,-,71,68,45,53,6,1,3,-,-,-,69,-,-,-,-,-,119,-,-,69,-,-,-,-,-,63,70,73,61,2,,3,3,1,1,0,0,0,0,0,0,0,0,0,0,0,1,0,0.3,-0.01,0,-0.0,-0.0,3.67,0,0,0.0,0.0,0,0,0,0,0,0,0,0.0,0,0,0,0,0,0,0,0,0,0,0,0,0,0,0,0,0,0,0,0,0,0.00,0,0,0,0,0,0.0,0.0,0.0,0.00,2,0,2,1,1,0,0,0,3.00,-0.5,.544,0,0,6.0,0,0,2,1,0,0,0,0,0,0,0,0,0.0,0.0
2B,Rollie Zeider,Rollie,Zeider,Deep 13 Mad Scientists,5' 10',160 lbs,R,R,60,Chicago White Sox,CHW,1910,2026,,84118,Bronze,All-Time Legend  2B Rollie Zeider  CWS  Peak,0,Y,1,39,59,39,82,108,45,59,38,89,104,38,60,40,80,110,61,78,Normal,Spray,Spray,1,1,1,1,1,1,1,1,1,1,1,1,16,-,-,-,-,-,-,-,-,-,-,-,1,NEU,90-92,3/4,Normal,1,1,-,-,-,92,56,70,82,8,6,8,-,-,77,96,76,76,-,-,-,133,-,77,96,76,76,-,-,-,75,88,89,69,4,2,15,13,3,3,0,0,0,3,0,0,0,1,0,1,0,0,1,0.8,-0.41,0,-0.9,-0.0,2.60,0,0,0.0,-0.2,0,0,0,0,0,0,0,0.0,0,0,0,0,0,0,0,0,0,0,0,0,0,0,0,0,0,0,0,0,0,0.00,0,0,0,0,0,0.0,0.0,0.0,0.00,5,2,13,7,6,0,2,0,3.44,0.1,1.085,0,0,34.0,0,0,7,7,2,2,1,0,2,0,1,0,0.0,0.0
3B,Buddy Blair,Buddy,Blair,OKC Whirlwinds - PCK,6' 0',185 lbs,L,R,60,Philadelphia Athletics,OAK,1942,1921-1945,,84326,Bronze,Rookie Sensation  3B Buddy Blair  PHA  1942,0,N,0,69,88,66,61,109,80,95,71,55,90,66,86,65,62,117,43,2,Normal,Normal,Normal,1,1,1,4,1,1,1,4,1,1,1,4,16,-,-,-,-,-,-,-,-,-,-,-,1,NEU,90-92,3/4,Normal,1,18,-,-,-,55,54,69,38,6,2,1,-,-,-,-,51,-,-,-,-,105,-,-,-,51,-,-,-,-,51,43,38,45,9,5,20,20,6,5,1,0,0,0,4,0,0,0,0,0,0,2,0,2.1,-0.23,2,-0.3,0.0,3.70,0,0,0.0,0.3,0,0,0,0,0,0,0,0.0,0,0,0,0,0,0,0,0,0,0,0,0,0,0,0,0,0,0,0,0,0,0.00,0,0,0,0,0,0.0,0.0,0.0,0.00,8,5,12,10,2,0,0,0,2.45,-0.5,.898,0,0,44.0,0,0,11,10,2,2,0,0,2,0,2,0,0.0,0.0
3B,Bobby Byrne,Bobby,Byrne,Birmingham Black Barons,6' 0',145 lbs,R,R,69,Pittsburgh Pirates,PIT,1911,2026,,84670,Bronze,Opening Day Heroes - Unsung Heroes  3B Bobby Byrne  PIT  1911,0,Y,5,87,93,34,90,139,97,87,21,86,125,84,96,37,92,143,61,49,Normal,Spray,Spray,1,1,1,6,1,1,1,6,1,1,1,6,16,-,-,-,-,-,-,-,-,-,-,-,1,NEU,89-91,OTT,Normal,1,19,-,-,-,77,60,84,62,4,2,3,-,-,-,-,81,-,-,-,-,133,-,-,-,81,-,-,-,-,82,77,86,75,8,6,30,26,8,7,1,0,0,3,3,3,0,0,1,0,0,1,1,3.4,0.13,3,0.4,0.2,3.90,0,0,0.0,0.3,0,0,0,0,0,0,0,0.0,0,0,0,0,0,0,0,0,0,0,0,0,0,0,0,0,0,0,0,0,0,0.00,0,0,0,0,0,0.0,0.0,0.0,0.00,6,6,27,22,4,1,0,0,4.33,0.2,.999,0,0,54.0,0,0,23,22,4,3,0,0,0,0,0,0,0.0,0.0
3B,Bobby Byrne,Bobby,Byrne,HILITE RECORDS,6' 0',145 lbs,R,R,69,Pittsburgh Pirates,PIT,1911,2026,,84670,Bronze,Opening Day Heroes - Unsung Heroes  3B Bobby Byrne  PIT  1911,0,N,0,80,86,30,83,129,89,80,18,79,116,77,88,33,85,133,61,49,Normal,Spray,Spray,1,1,1,4,1,1,1,4,1,1,1,4,16,-,-,-,-,-,-,-,-,-,-,-,1,NEU,89-91,OTT,Normal,1,19,-,-,-,77,60,84,62,4,2,3,-,-,-,-,75,-,-,-,-,124,-,-,-,75,-,-,-,-,82,77,86,75,11,11,36,35,4,2,1,1,0,0,2,1,0,0,0,0,0,5,0,1.1,-0.56,0,-4.5,-0.2,3.36,1,0,0.3,-0.0,0,0,0,0,0,0,0,0.0,0,0,0,0,0,0,0,0,0,0,0,0,0,0,0,0,0,0,0,0,0,0.00,0,0,0,0,0,0.0,0.0,0.0,0.00,11,11,27,18,8,1,0,0,2.54,0.6,1.026,0,0,92.0,0,0,24,23,1,1,2,1,1,1,1,0,0.0,0.0
3B,Bobby Byrne,Bobby,Byrne,Statesville Shadowcats,6' 0',145 lbs,R,R,69,Pittsburgh Pirates,PIT,1911,2026,,84670,Bronze,Opening Day Heroes - Unsung Heroes  3B Bobby Byrne  PIT  1911,0,N,0,80,86,30,83,129,89,80,18,79,116,77,88,33,85,133,61,49,Normal,Spray,Spray,1,1,1,4,1,1,1,4,1,1,1,4,16,-,-,-,-,-,-,-,-,-,-,-,1,NEU,89-91,OTT,Normal,1,19,-,-,-,77,60,84,62,4,2,3,-,-,-,-,75,-,-,-,-,124,-,-,-,75,-,-,-,-,82,77,86,75,1,,2,2,0,0,0,0,0,0,0,0,0,0,0,0,0,0,0,0.0,-0.13,0,-0.5,-0.0,3.50,0,0,0.0,0.0,0,0,0,0,0,0,0,0.0,0,0,0,0,0,0,0,0,0,0,0,0,0,0,0,0,0,0,0,0,0,0.00,0,0,0,0,0,0.0,0.0,0.0,0.00,0,0,0,0,0,0,0,0,0.00,0.0,.000,0,0,0.0,0,0,0,0,0,0,0,0,0,0,0,0,0.0,0.0
3B,Bobby Byrne,Bobby,Byrne,Black Dog,6' 0',145 lbs,R,R,69,Pittsburgh Pirates,PIT,1911,2026,,84670,Bronze,Opening Day Heroes - Unsung Heroes  3B Bobby Byrne  PIT  1911,0,N,0,80,86,30,83,129,89,80,18,79,116,77,88,33,85,133,61,49,Normal,Spray,Spray,1,1,1,4,1,1,1,4,1,1,1,4,16,-,-,-,-,-,-,-,-,-,-,-,1,NEU,89-91,OTT,Normal,1,19,-,-,-,77,60,84,62,4,2,3,-,-,-,-,75,-,-,-,-,124,-,-,-,75,-,-,-,-,82,77,86,75,6,1,8,8,1,0,1,0,0,0,2,0,0,0,0,0,0,1,0,0.2,0.09,0,-0.9,-0.0,3.62,0,0,0.0,-0.2,0,0,0,0,0,0,0,0.0,0,0,0,0,0,0,0,0,0,0,0,0,0,0,0,0,0,0,0,0,0,0.00,0,0,0,0,0,0.0,0.0,0.0,0.00,2,1,5,3,2,0,0,0,3.86,0.4,1.077,0,0,11.2,0,0,3,3,1,1,0,0,1,1,0,0,0.0,0.0
3B,Bobby Byrne,Bobby,Byrne,Seoul Hannams,6' 0',145 lbs,R,R,69,Pittsburgh Pirates,PIT,1911,2026,,84670,Bronze,Opening Day Heroes - Unsung Heroes  3B Bobby Byrne  PIT  1911,0,Y,5,87,93,34,90,139,97,87,21,86,125,84,96,37,92,143,61,49,Normal,Spray,Spray,1,1,1,6,1,1,1,6,1,1,1,6,16,-,-,-,-,-,-,-,-,-,-,-,1,NEU,89-91,OTT,Normal,1,19,-,-,-,77,60,84,62,4,2,3,-,-,-,-,81,-,-,-,-,133,-,-,-,81,-,-,-,-,82,77,86,75,5,5,21,20,8,5,0,2,1,5,4,1,0,0,0,0,0,0,0,6.5,0.35,5,3.2,0.3,3.24,0,0,0.0,0.0,0,0,0,0,0,0,0,0.0,0,0,0,0,0,0,0,0,0,0,0,0,0,0,0,0,0,0,0,0,0,0.00,0,0,0,0,0,0.0,0.0,0.0,0.00,5,5,15,7,7,1,0,0,2.74,-0.5,.979,0,0,46.0,0,0,14,13,3,1,0,0,1,0,1,0,0.0,0.0
3B,Bobby Byrne,Bobby,Byrne,San Francisco Seals,6' 0',145 lbs,R,R,69,Pittsburgh Pirates,PIT,1911,2026,,84670,Bronze,Opening Day Heroes - Unsung Heroes  3B Bobby Byrne  PIT  1911,0,N,0,80,86,30,83,129,89,80,18,79,116,77,88,33,85,133,61,49,Normal,Spray,Spray,1,1,1,4,1,1,1,4,1,1,1,4,16,-,-,-,-,-,-,-,-,-,-,-,1,NEU,89-91,OTT,Normal,1,19,-,-,-,77,60,84,62,4,2,3,-,-,-,-,75,-,-,-,-,124,-,-,-,75,-,-,-,-,82,77,86,75,5,4,22,22,6,4,0,2,0,0,5,0,0,0,0,0,0,1,1,2.3,0.50,2,0.1,0.1,3.14,0,0,0.0,0.1,0,0,0,0,0,0,0,0.0,0,0,0,0,0,0,0,0,0,0,0,0,0,0,0,0,0,0,0,0,0,0.00,0,0,0,0,0,0.0,0.0,0.0,0.00,3,3,7,4,3,0,0,0,2.33,0.3,1.077,0,0,27.0,0,0,5,5,1,1,0,0,3,1,0,0,0.0,0.0
3B,Bobby Byrne,Bobby,Byrne,Jinzhou Speedster,6' 0',145 lbs,R,R,69,Pittsburgh Pirates,PIT,1911,2026,,84670,Bronze,Opening Day Heroes - Unsung Heroes  3B Bobby Byrne  PIT  1911,0,N,0,80,86,30,83,129,89,80,18,79,116,77,88,33,85,133,61,49,Normal,Spray,Spray,1,1,1,4,1,1,1,4,1,1,1,4,16,-,-,-,-,-,-,-,-,-,-,-,1,NEU,89-91,OTT,Normal,1,19,-,-,-,77,60,84,62,4,2,3,-,-,-,-,75,-,-,-,-,124,-,-,-,75,-,-,-,-,82,77,86,75,3,1,6,5,0,0,0,0,0,0,0,0,0,1,0,0,0,0,0,0.0,-0.41,0,-0.9,-0.0,4.67,0,0,0.0,0.0,0,0,0,0,0,0,0,0.0,0,0,0,0,0,0,0,0,0,0,0,0,0,0,0,0,0,0,0,0,0,0.00,0,0,0,0,0,0.0,0.0,0.0,0.00,2,1,9,7,1,1,0,0,7.20,0.3,1.077,0,0,10.0,0,0,7,6,1,1,0,0,1,1,0,0,0.0,0.0
3B,Bobby Byrne,Bobby,Byrne,Ungentlemanly Fightin' Fellows TTC,6' 0',145 lbs,R,R,69,Pittsburgh Pirates,PIT,1911,2026,,84670,Bronze,Opening Day Heroes - Unsung Heroes  3B Bobby Byrne  PIT  1911,0,N,0,80,86,30,83,129,89,80,18,79,116,77,88,33,85,133,61,49,Normal,Spray,Spray,1,1,1,4,1,1,1,4,1,1,1,4,16,-,-,-,-,-,-,-,-,-,-,-,1,NEU,89-91,OTT,Normal,1,19,-,-,-,77,60,84,62,4,2,3,-,-,-,-,75,-,-,-,-,124,-,-,-,75,-,-,-,-,82,77,86,75,1,,1,1,1,1,0,0,0,2,0,0,0,0,0,0,0,0,0,1.0,0.18,0,0.5,0.1,3.00,0,0,0.0,0.0,0,0,0,0,0,0,0,0.0,0,0,0,0,0,0,0,0,0,0,0,0,0,0,0,0,0,0,0,0,0,0.00,0,0,0,0,0,0.0,0.0,0.0,0.00,0,0,0,0,0,0,0,0,0.00,0.0,.000,0,0,0.0,0,0,0,0,0,0,0,0,0,0,0,0,0.0,0.0
3B,Bobby Byrne,Bobby,Byrne,Huatulco Tacos,6' 0',145 lbs,R,R,69,Pittsburgh Pirates,PIT,1911,2026,,84670,Bronze,Opening Day Heroes - Unsung Heroes  3B Bobby Byrne  PIT  1911,0,N,0,80,86,30,83,129,89,80,18,79,116,77,88,33,85,133,61,49,Normal,Spray,Spray,1,1,1,4,1,1,1,4,1,1,1,4,16,-,-,-,-,-,-,-,-,-,-,-,1,NEU,89-91,OTT,Normal,1,19,-,-,-,77,60,84,62,4,2,3,-,-,-,-,75,-,-,-,-,124,-,-,-,75,-,-,-,-,82,77,86,75,2,,2,2,1,1,0,0,0,1,0,0,0,0,0,0,0,0,0,0.5,0.03,0,0.2,0.0,4.00,0,0,0.0,0.0,0,0,0,0,0,0,0,0.0,0,0,0,0,0,0,0,0,0,0,0,0,0,0,0,0,0,0,0,0,0,0.00,0,0,0,0,0,0.0,0.0,0.0,0.00,0,0,0,0,0,0,0,0,0.00,0.0,.000,0,0,0.0,0,0,0,0,0,0,0,0,0,0,0,0,0.0,0.0
3B,Bobby Byrne,Bobby,Byrne,Port Townsend Wild Daphnes,6' 0',145 lbs,R,R,69,Pittsburgh Pirates,PIT,1911,2026,,84670,Bronze,Opening Day Heroes - Unsung Heroes  3B Bobby Byrne  PIT  1911,0,N,0,80,86,30,83,129,89,80,18,79,116,77,88,33,85,133,61,49,Normal,Spray,Spray,1,1,1,4,1,1,1,4,1,1,1,4,16,-,-,-,-,-,-,-,-,-,-,-,1,NEU,89-91,OTT,Normal,1,19,-,-,-,77,60,84,62,4,2,3,-,-,-,-,75,-,-,-,-,124,-,-,-,75,-,-,-,-,82,77,86,75,16,7,33,30,7,6,1,0,0,1,3,1,0,1,1,0,0,3,0,2.5,-0.20,2,-1.6,-0.0,3.39,0,0,0.0,0.3,0,0,0,0,0,0,0,0.0,0,0,0,0,0,0,0,0,0,0,0,0,0,0,0,0,0,0,0,0,0,0.00,0,0,0,0,0,0.0,0.0,0.0,0.00,7,7,16,12,3,1,0,0,2.33,-0.2,.997,0,0,58.0,0,0,14,13,2,1,1,0,2,1,2,0,0.0,0.0
3B,Bobby Byrne,Bobby,Byrne,Aberfeldie Falcons,6' 0',145 lbs,R,R,69,Pittsburgh Pirates,PIT,1911,2026,,84670,Bronze,Opening Day Heroes - Unsung Heroes  3B Bobby Byrne  PIT  1911,0,N,0,80,86,30,83,129,89,80,18,79,116,77,88,33,85,133,61,49,Normal,Spray,Spray,1,1,1,4,1,1,1,4,1,1,1,4,16,-,-,-,-,-,-,-,-,-,-,-,1,NEU,89-91,OTT,Normal,1,19,-,-,-,77,60,84,62,4,2,3,-,-,-,-,75,-,-,-,-,124,-,-,-,75,-,-,-,-,82,77,86,75,1,1,4,4,1,0,0,1,0,0,0,0,0,0,0,0,0,0,0,0.8,-0.05,0,0.3,0.1,3.00,0,0,0.0,0.0,0,0,0,0,0,0,0,0.0,0,0,0,0,0,0,0,0,0,0,0,0,0,0,0,0,0,0,0,0,0,0.00,0,0,0,0,0,0.0,0.0,0.0,0.00,1,1,3,1,2,0,0,0,3.00,0.1,1.077,0,0,9.0,0,0,3,3,0,0,0,0,0,0,0,0,0.0,0.0
3B,Bobby Byrne,Bobby,Byrne,Brentwood Senators,6' 0',145 lbs,R,R,69,Pittsburgh Pirates,PIT,1911,2026,,84670,Bronze,Opening Day Heroes - Unsung Heroes  3B Bobby Byrne  PIT  1911,0,N,0,80,86,30,83,129,89,80,18,79,116,77,88,33,85,133,61,49,Normal,Spray,Spray,1,1,1,4,1,1,1,4,1,1,1,4,16,-,-,-,-,-,-,-,-,-,-,-,1,NEU,89-91,OTT,Normal,1,19,-,-,-,77,60,84,62,4,2,3,-,-,-,-,75,-,-,-,-,124,-,-,-,75,-,-,-,-,82,77,86,75,1,,1,1,0,0,0,0,0,0,0,0,0,0,0,0,0,0,0,0.0,-0.02,0,-0.2,-0.0,2.00,0,0,0.0,0.0,0,0,0,0,0,0,0,0.0,0,0,0,0,0,0,0,0,0,0,0,0,0,0,0,0,0,0,0,0,0,0.00,0,0,0,0,0,0.0,0.0,0.0,0.00,0,0,0,0,0,0,0,0,0.00,0.0,.000,0,0,0.0,0,0,0,0,0,0,0,0,0,0,0,0,0.0,0.0
3B,Bobby Byrne,Bobby,Byrne,DongTan Milky,6' 0',145 lbs,R,R,69,Pittsburgh Pirates,PIT,1911,2026,,84670,Bronze,Opening Day Heroes - Unsung Heroes  3B Bobby Byrne  PIT  1911,0,N,0,80,86,30,83,129,89,80,18,79,116,77,88,33,85,133,61,49,Normal,Spray,Spray,1,1,1,4,1,1,1,4,1,1,1,4,16,-,-,-,-,-,-,-,-,-,-,-,1,NEU,89-91,OTT,Normal,1,19,-,-,-,77,60,84,62,4,2,3,-,-,-,-,75,-,-,-,-,124,-,-,-,75,-,-,-,-,82,77,86,75,4,4,17,17,5,4,1,0,0,1,1,0,0,0,0,0,0,0,0,1.8,-0.07,1,-0.3,0.1,3.12,0,0,0.0,0.1,0,0,0,0,0,0,0,0.0,0,0,0,0,0,0,0,0,0,0,0,0,0,0,0,0,0,0,0,0,0,0.00,0,0,0,0,0,0.0,0.0,0.0,0.00,4,4,15,10,4,1,0,0,3.63,0.3,.988,0,0,34.2,0,0,12,11,2,2,0,0,1,1,0,0,0.0,0.0
3B,Bobby Byrne,Bobby,Byrne,Columbus Evil Squirrels,6' 0',145 lbs,R,R,69,Pittsburgh Pirates,PIT,1911,2026,,84670,Bronze,Opening Day Heroes - Unsung Heroes  3B Bobby Byrne  PIT  1911,0,N,0,80,86,30,83,129,89,80,18,79,116,77,88,33,85,133,61,49,Normal,Spray,Spray,1,1,1,4,1,1,1,4,1,1,1,4,16,-,-,-,-,-,-,-,-,-,-,-,1,NEU,89-91,OTT,Normal,1,19,-,-,-,77,60,84,62,4,2,3,-,-,-,-,75,-,-,-,-,124,-,-,-,75,-,-,-,-,82,77,86,75,2,,1,1,0,0,0,0,0,0,0,0,0,0,0,0,0,0,0,0.0,-0.05,0,-0.2,-0.0,3.00,0,0,0.0,0.0,0,0,0,0,0,0,0,0.0,0,0,0,0,0,0,0,0,0,0,0,0,0,0,0,0,0,0,0,0,0,0.00,0,0,0,0,0,0.0,0.0,0.0,0.00,1,0,0,0,0,0,0,0,0.00,0.0,.000,0,0,1.0,0,0,0,0,0,0,0,0,0,0,0,0,0.0,0.0
3B,Bobby Byrne,Bobby,Byrne,London Majors,6' 0',145 lbs,R,R,69,Pittsburgh Pirates,PIT,1911,2026,,84670,Bronze,Opening Day Heroes - Unsung Heroes  3B Bobby Byrne  PIT  1911,0,N,0,80,86,30,83,129,89,80,18,79,116,77,88,33,85,133,61,49,Normal,Spray,Spray,1,1,1,4,1,1,1,4,1,1,1,4,16,-,-,-,-,-,-,-,-,-,-,-,1,NEU,89-91,OTT,Normal,1,19,-,-,-,77,60,84,62,4,2,3,-,-,-,-,75,-,-,-,-,124,-,-,-,75,-,-,-,-,82,77,86,75,16,16,74,71,18,13,3,2,0,4,13,2,0,1,0,0,0,3,1,7.0,-0.01,7,-1.4,0.1,3.42,0,0,0.0,0.6,0,0,0,0,0,0,0,0.0,0,0,0,0,0,0,0,0,0,0,0,0,0,0,0,0,0,0,0,0,0,0.00,0,0,0,0,0,0.0,0.0,0.0,0.00,16,16,51,35,10,6,1,0,2.85,-0.8,.949,0,0,142.0,0,0,47,42,1,0,3,1,3,2,1,1,0.0,0.0
3B,Bobby Byrne,Bobby,Byrne,Smyrna Stooges,6' 0',145 lbs,R,R,69,Pittsburgh Pirates,PIT,1911,2026,,84670,Bronze,Opening Day Heroes - Unsung Heroes  3B Bobby Byrne  PIT  1911,0,N,0,80,86,30,83,129,89,80,18,79,116,77,88,33,85,133,61,49,Normal,Spray,Spray,1,1,1,4,1,1,1,4,1,1,1,4,16,-,-,-,-,-,-,-,-,-,-,-,1,NEU,89-91,OTT,Normal,1,19,-,-,-,77,60,84,62,4,2,3,-,-,-,-,75,-,-,-,-,124,-,-,-,75,-,-,-,-,82,77,86,75,4,4,14,13,2,1,0,1,0,0,0,1,0,0,0,0,0,2,3,0.0,-0.35,0,-0.8,-0.0,3.57,0,0,0.0,0.0,0,0,0,0,0,0,0,0.0,0,0,0,0,0,0,0,0,0,0,0,0,0,0,0,0,0,0,0,0,0,0.00,0,0,0,0,0,0.0,0.0,0.0,0.00,4,4,11,6,5,0,1,0,3.19,0.3,1.077,0,0,31.0,0,0,11,11,0,0,0,0,0,0,2,0,0.0,0.0
3B,Bobby Byrne,Bobby,Byrne,Gettysburg Iron Brigade,6' 0',145 lbs,R,R,69,Pittsburgh Pirates,PIT,1911,2026,,84670,Bronze,Opening Day Heroes - Unsung Heroes  3B Bobby Byrne  PIT  1911,0,Y,1,82,88,31,85,132,91,82,19,81,118,79,90,34,87,136,61,49,Normal,Spray,Spray,1,1,1,5,1,1,1,5,1,1,1,5,16,-,-,-,-,-,-,-,-,-,-,-,1,NEU,89-91,OTT,Normal,1,19,-,-,-,77,60,84,62,4,2,3,-,-,-,-,77,-,-,-,-,126,-,-,-,77,-,-,-,-,82,77,86,75,9,9,40,35,5,4,0,1,0,2,6,3,0,1,1,0,0,5,1,1.7,0.07,1,-3.3,-0.1,3.30,0,0,0.0,0.6,0,0,0,0,0,0,0,0.0,0,0,0,0,0,0,0,0,0,0,0,0,0,0,0,0,0,0,0,0,0,0.00,0,0,0,0,0,0.0,0.0,0.0,0.00,9,9,27,17,9,1,0,0,3.08,0.0,1.017,0,0,76.0,0,0,24,24,2,0,3,1,0,0,0,0,0.0,0.0
3B,Bobby Byrne,Bobby,Byrne,Ware Wolves2,6' 0',145 lbs,R,R,69,Pittsburgh Pirates,PIT,1911,2026,,84670,Bronze,Opening Day Heroes - Unsung Heroes  3B Bobby Byrne  PIT  1911,0,N,0,80,86,30,83,129,89,80,18,79,116,77,88,33,85,133,61,49,Normal,Spray,Spray,1,1,1,4,1,1,1,4,1,1,1,4,16,-,-,-,-,-,-,-,-,-,-,-,1,NEU,89-91,OTT,Normal,1,19,-,-,-,77,60,84,62,4,2,3,-,-,-,-,75,-,-,-,-,124,-,-,-,75,-,-,-,-,82,77,86,75,25,25,106,99,22,16,2,3,1,8,8,6,0,0,1,0,0,9,0,9.3,-0.32,9,-3.5,-0.2,3.58,0,0,0.0,-0.1,0,0,0,0,0,0,0,0.0,0,0,0,0,0,0,0,0,0,0,0,0,0,0,0,0,0,0,0,0,0,0.00,0,0,0,0,0,0.0,0.0,0.0,0.00,9,9,29,17,10,2,2,0,3.04,-0.1,.979,0,0,80.0,0,0,24,22,4,3,1,1,0,0,1,0,0.0,0.0
3B,Bobby Byrne,Bobby,Byrne,Bismarck Blizzard,6' 0',145 lbs,R,R,69,Pittsburgh Pirates,PIT,1911,2026,,84670,Bronze,Opening Day Heroes - Unsung Heroes  3B Bobby Byrne  PIT  1911,0,N,0,80,86,30,83,129,89,80,18,79,116,77,88,33,85,133,61,49,Normal,Spray,Spray,1,1,1,4,1,1,1,4,1,1,1,4,16,-,-,-,-,-,-,-,-,-,-,-,1,NEU,89-91,OTT,Normal,1,19,-,-,-,77,60,84,62,4,2,3,-,-,-,-,75,-,-,-,-,124,-,-,-,75,-,-,-,-,82,77,86,75,2,1,5,5,0,0,0,0,0,0,0,0,0,0,0,0,0,1,0,0.0,-0.08,0,-1.2,-0.1,4.00,0,0,0.0,0.0,0,0,0,0,0,0,0,0.0,0,0,0,0,0,0,0,0,0,0,0,0,0,0,0,0,0,0,0,0,0,0.00,0,0,0,0,0,0.0,0.0,0.0,0.00,1,1,2,1,1,0,0,0,2.25,0.1,1.077,0,0,8.0,0,0,2,2,0,0,0,0,0,0,0,0,0.0,0.0
3B,Bobby Byrne,Bobby,Byrne,Columbus Fire Ants,6' 0',145 lbs,R,R,69,Pittsburgh Pirates,PIT,1911,2026,,84670,Bronze,Opening Day Heroes - Unsung Heroes  3B Bobby Byrne  PIT  1911,0,N,0,80,86,30,83,129,89,80,18,79,116,77,88,33,85,133,61,49,Normal,Spray,Spray,1,1,1,4,1,1,1,4,1,1,1,4,16,-,-,-,-,-,-,-,-,-,-,-,1,NEU,89-91,OTT,Normal,1,19,-,-,-,77,60,84,62,4,2,3,-,-,-,-,75,-,-,-,-,124,-,-,-,75,-,-,-,-,82,77,86,75,4,2,11,10,1,1,0,0,0,0,1,1,0,0,0,0,0,1,0,0.2,-0.20,0,-1.4,-0.1,4.73,0,0,0.0,0.0,0,0,0,0,0,0,0,0.0,0,0,0,0,0,0,0,0,0,0,0,0,0,0,0,0,0,0,0,0,0,0.00,0,0,0,0,0,0.0,0.0,0.0,0.00,2,2,6,6,0,0,0,0,3.18,0.0,1.077,0,0,17.0,0,0,6,6,1,0,0,0,0,0,0,0,0.0,0.0
3B,Bobby Byrne,Bobby,Byrne,Groundball Defenders,6' 0',145 lbs,R,R,69,Pittsburgh Pirates,PIT,1911,2026,,84670,Bronze,Opening Day Heroes - Unsung Heroes  3B Bobby Byrne  PIT  1911,0,N,0,80,86,30,83,129,89,80,18,79,116,77,88,33,85,133,61,49,Normal,Spray,Spray,1,1,1,4,1,1,1,4,1,1,1,4,16,-,-,-,-,-,-,-,-,-,-,-,1,NEU,89-91,OTT,Normal,1,19,-,-,-,77,60,84,62,4,2,3,-,-,-,-,75,-,-,-,-,124,-,-,-,75,-,-,-,-,82,77,86,75,6,1,7,7,0,0,0,0,0,0,0,0,0,0,0,0,0,1,1,-0.0,-0.07,0,-1.7,-0.1,1.71,0,0,0.0,0.0,0,0,0,0,0,0,0,0.0,0,0,0,0,0,0,0,0,0,0,0,0,0,0,0,0,0,0,0,0,0,0.00,0,0,0,0,0,0.0,0.0,0.0,0.00,4,1,2,2,0,0,0,0,1.38,0.1,1.077,0,0,13.0,0,0,2,2,0,0,0,0,0,0,0,0,0.0,0.0
3B,Bobby Byrne,Bobby,Byrne,Honolulu Warriors - HotL,6' 0',145 lbs,R,R,69,Pittsburgh Pirates,PIT,1911,2026,,84670,Bronze,Opening Day Heroes - Unsung Heroes  3B Bobby Byrne  PIT  1911,0,N,0,80,86,30,83,129,89,80,18,79,116,77,88,33,85,133,61,49,Normal,Spray,Spray,1,1,1,4,1,1,1,4,1,1,1,4,16,-,-,-,-,-,-,-,-,-,-,-,1,NEU,89-91,OTT,Normal,1,19,-,-,-,77,60,84,62,4,2,3,-,-,-,-,75,-,-,-,-,124,-,-,-,75,-,-,-,-,82,77,86,75,6,2,18,18,6,6,0,0,0,1,1,0,0,0,0,0,0,1,3,1.0,-0.26,2,-0.1,0.1,3.50,0,0,0.0,0.1,0,0,0,0,0,0,0,0.0,0,0,0,0,0,0,0,0,0,0,0,0,0,0,0,0,0,0,0,0,0,0.00,0,0,0,0,0,0.0,0.0,0.0,0.00,5,2,16,8,7,1,1,0,3.89,0.5,1.077,0,0,34.2,0,0,13,12,1,1,0,0,1,1,0,0,0.0,0.0
3B,Bobby Byrne,Bobby,Byrne,PNW Wild Stallions,6' 0',145 lbs,R,R,69,Pittsburgh Pirates,PIT,1911,2026,,84670,Bronze,Opening Day Heroes - Unsung Heroes  3B Bobby Byrne  PIT  1911,0,Y,1,82,88,31,85,132,91,82,19,81,118,79,90,34,87,136,61,49,Normal,Spray,Spray,1,1,1,5,1,1,1,5,1,1,1,5,16,-,-,-,-,-,-,-,-,-,-,-,1,NEU,89-91,OTT,Normal,1,19,-,-,-,77,60,84,62,4,2,3,-,-,-,-,77,-,-,-,-,126,-,-,-,77,-,-,-,-,82,77,86,75,9,9,36,30,9,8,0,0,1,8,5,4,0,1,1,0,0,3,2,4.6,0.48,5,1.4,0.2,4.03,0,0,0.0,0.5,0,0,0,0,0,0,0,0.0,0,0,0,0,0,0,0,0,0,0,0,0,0,0,0,0,0,0,0,0,0,0.00,0,0,0,0,0,0.0,0.0,0.0,0.00,9,9,17,10,5,2,2,0,1.69,-1.3,.829,0,0,79.2,0,0,17,13,2,2,0,0,0,0,1,0,0.0,0.0
3B,Bobby Byrne,Bobby,Byrne,Daegu Lions,6' 0',145 lbs,R,R,69,Pittsburgh Pirates,PIT,1911,2026,,84670,Bronze,Opening Day Heroes - Unsung Heroes  3B Bobby Byrne  PIT  1911,0,N,0,80,86,30,83,129,89,80,18,79,116,77,88,33,85,133,61,49,Normal,Spray,Spray,1,1,1,4,1,1,1,4,1,1,1,4,16,-,-,-,-,-,-,-,-,-,-,-,1,NEU,89-91,OTT,Normal,1,19,-,-,-,77,60,84,62,4,2,3,-,-,-,-,75,-,-,-,-,124,-,-,-,75,-,-,-,-,82,77,86,75,11,3,22,20,7,4,0,3,0,5,4,2,0,0,0,0,0,1,0,5.5,0.63,5,2.5,0.4,3.73,0,0,0.0,0.4,0,0,0,0,0,0,0,0.0,0,0,0,0,0,0,0,0,0,0,0,0,0,0,0,0,0,0,0,0,0,0.00,0,0,0,0,0,0.0,0.0,0.0,0.00,8,3,17,8,8,1,1,0,3.72,0.2,.970,0,0,38.2,0,0,15,14,0,0,0,0,1,1,0,0,0.0,0.0
3B,Bobby Byrne,Bobby,Byrne,Canterbury Tails,6' 0',145 lbs,R,R,69,Pittsburgh Pirates,PIT,1911,2026,,84670,Bronze,Opening Day Heroes - Unsung Heroes  3B Bobby Byrne  PIT  1911,0,N,0,80,86,30,83,129,89,80,18,79,116,77,88,33,85,133,61,49,Normal,Spray,Spray,1,1,1,4,1,1,1,4,1,1,1,4,16,-,-,-,-,-,-,-,-,-,-,-,1,NEU,89-91,OTT,Normal,1,19,-,-,-,77,60,84,62,4,2,3,-,-,-,-,75,-,-,-,-,124,-,-,-,75,-,-,-,-,82,77,86,75,10,10,47,41,7,6,0,1,0,2,3,4,0,0,2,0,0,8,1,2.5,-0.46,1,-3.6,-0.2,3.32,1,0,0.3,0.0,0,0,0,0,0,0,0,0.0,0,0,0,0,0,0,0,0,0,0,0,0,0,0,0,0,0,0,0,0,0,0.00,0,0,0,0,0,0.0,0.0,0.0,0.00,10,10,27,18,7,2,1,0,2.56,-0.6,.984,0,0,88.0,0,0,21,18,7,5,3,2,1,0,2,0,0.0,0.0
3B,Bobby Byrne,Bobby,Byrne,Carlos Chaos Cats,6' 0',145 lbs,R,R,69,Pittsburgh Pirates,PIT,1911,2026,,84670,Bronze,Opening Day Heroes - Unsung Heroes  3B Bobby Byrne  PIT  1911,0,N,0,80,86,30,83,129,89,80,18,79,116,77,88,33,85,133,61,49,Normal,Spray,Spray,1,1,1,4,1,1,1,4,1,1,1,4,16,-,-,-,-,-,-,-,-,-,-,-,1,NEU,89-91,OTT,Normal,1,19,-,-,-,77,60,84,62,4,2,3,-,-,-,-,75,-,-,-,-,124,-,-,-,75,-,-,-,-,82,77,86,75,5,5,20,19,3,2,0,0,1,1,1,1,0,0,0,0,0,1,0,0.6,-0.34,1,-1.2,-0.3,2.75,0,2,-1.0,0.0,0,0,0,0,0,0,0,0.0,0,0,0,0,0,0,0,0,0,0,0,0,0,0,0,0,0,0,0,0,0,0.00,0,0,0,0,0,0.0,0.0,0.0,0.00,5,5,16,9,5,2,0,0,2.80,-1.1,.829,0,0,45.0,0,0,16,14,2,1,0,0,1,0,0,0,0.0,0.0
3B,Bobby Byrne,Bobby,Byrne,Atlanta Braves TTC,6' 0',145 lbs,R,R,69,Pittsburgh Pirates,PIT,1911,2026,,84670,Bronze,Opening Day Heroes - Unsung Heroes  3B Bobby Byrne  PIT  1911,0,N,0,80,86,30,83,129,89,80,18,79,116,77,88,33,85,133,61,49,Normal,Spray,Spray,1,1,1,4,1,1,1,4,1,1,1,4,16,-,-,-,-,-,-,-,-,-,-,-,1,NEU,89-91,OTT,Normal,1,19,-,-,-,77,60,84,62,4,2,3,-,-,-,-,75,-,-,-,-,124,-,-,-,75,-,-,-,-,82,77,86,75,3,2,12,11,2,2,0,0,0,0,2,1,0,0,0,0,0,2,0,0.6,-0.20,0,-0.9,-0.0,4.67,0,0,0.0,0.1,0,0,0,0,0,0,0,0.0,0,0,0,0,0,0,0,0,0,0,0,0,0,0,0,0,0,0,0,0,0,0.00,0,0,0,0,0,0.0,0.0,0.0,0.00,3,2,7,5,2,0,0,0,3.00,0.2,1.077,0,0,21.0,0,0,7,7,0,0,0,0,1,0,1,0,0.0,0.0
3B,Bobby Byrne,Bobby,Byrne,Indiana Rhubarbs,6' 0',145 lbs,R,R,69,Pittsburgh Pirates,PIT,1911,2026,,84670,Bronze,Opening Day Heroes - Unsung Heroes  3B Bobby Byrne  PIT  1911,0,N,0,80,86,30,83,129,89,80,18,79,116,77,88,33,85,133,61,49,Normal,Spray,Spray,1,1,1,4,1,1,1,4,1,1,1,4,16,-,-,-,-,-,-,-,-,-,-,-,1,NEU,89-91,OTT,Normal,1,19,-,-,-,77,60,84,62,4,2,3,-,-,-,-,75,-,-,-,-,124,-,-,-,75,-,-,-,-,82,77,86,75,2,,5,5,4,3,0,1,0,0,3,0,0,0,0,0,0,0,0,4.8,-0.06,2,2.2,0.3,4.20,0,0,0.0,0.2,0,0,0,0,0,0,0,0.0,0,0,0,0,0,0,0,0,0,0,0,0,0,0,0,0,0,0,0,0,0,0.00,0,0,0,0,0,0.0,0.0,0.0,0.00,1,0,0,0,0,0,0,0,0.00,0.0,.000,0,0,3.0,0,0,0,0,0,0,0,0,0,0,0,0,0.0,0.0
3B,Bobby Byrne,Bobby,Byrne,Narragansett Wave,6' 0',145 lbs,R,R,69,Pittsburgh Pirates,PIT,1911,2026,,84670,Bronze,Opening Day Heroes - Unsung Heroes  3B Bobby Byrne  PIT  1911,0,N,0,80,86,30,83,129,89,80,18,79,116,77,88,33,85,133,61,49,Normal,Spray,Spray,1,1,1,4,1,1,1,4,1,1,1,4,16,-,-,-,-,-,-,-,-,-,-,-,1,NEU,89-91,OTT,Normal,1,19,-,-,-,77,60,84,62,4,2,3,-,-,-,-,75,-,-,-,-,124,-,-,-,75,-,-,-,-,82,77,86,75,6,6,23,20,10,10,0,0,0,1,1,2,0,0,1,0,0,0,1,5.3,-0.03,5,2.7,0.4,4.13,0,0,0.0,0.0,0,0,0,0,0,0,0,0.0,0,0,0,0,0,0,0,0,0,0,0,0,0,0,0,0,0,0,0,0,0,0.00,0,0,0,0,0,0.0,0.0,0.0,0.00,6,6,20,14,5,1,1,0,3.29,0.2,1.006,0,0,52.0,0,0,15,14,1,1,3,1,1,1,0,0,0.0,0.0
3B,Bobby Byrne,Bobby,Byrne,Patchogue Pirates,6' 0',145 lbs,R,R,69,Pittsburgh Pirates,PIT,1911,2026,,84670,Bronze,Opening Day Heroes - Unsung Heroes  3B Bobby Byrne  PIT  1911,0,N,0,80,86,30,83,129,89,80,18,79,116,77,88,33,85,133,61,49,Normal,Spray,Spray,1,1,1,4,1,1,1,4,1,1,1,4,16,-,-,-,-,-,-,-,-,-,-,-,1,NEU,89-91,OTT,Normal,1,19,-,-,-,77,60,84,62,4,2,3,-,-,-,-,75,-,-,-,-,124,-,-,-,75,-,-,-,-,82,77,86,75,6,3,17,14,6,4,0,1,1,3,4,2,0,0,1,0,0,4,0,5.9,0.40,4,2.8,0.4,4.35,1,0,0.3,-0.0,0,0,0,0,0,0,0,0.0,0,0,0,0,0,0,0,0,0,0,0,0,0,0,0,0,0,0,0,0,0,0.00,0,0,0,0,0,0.0,0.0,0.0,0.00,3,3,17,9,7,1,0,0,5.20,-0.1,.979,0,0,27.2,0,0,15,13,3,3,0,0,0,0,0,0,0.0,0.0
3B,Bobby Byrne,Bobby,Byrne,Transylvania Counts,6' 0',145 lbs,R,R,69,Pittsburgh Pirates,PIT,1911,2026,,84670,Bronze,Opening Day Heroes - Unsung Heroes  3B Bobby Byrne  PIT  1911,0,N,0,80,86,30,83,129,89,80,18,79,116,77,88,33,85,133,61,49,Normal,Spray,Spray,1,1,1,4,1,1,1,4,1,1,1,4,16,-,-,-,-,-,-,-,-,-,-,-,1,NEU,89-91,OTT,Normal,1,19,-,-,-,77,60,84,62,4,2,3,-,-,-,-,75,-,-,-,-,124,-,-,-,75,-,-,-,-,82,77,86,75,1,,1,1,0,0,0,0,0,0,0,0,0,0,0,0,0,0,0,0.0,-0.07,0,-0.2,-0.0,4.00,0,0,0.0,0.0,0,0,0,0,0,0,0,0.0,0,0,0,0,0,0,0,0,0,0,0,0,0,0,0,0,0,0,0,0,0,0.00,0,0,0,0,0,0.0,0.0,0.0,0.00,1,0,0,0,0,0,0,0,0.00,0.0,.000,0,0,1.0,0,0,0,0,0,0,0,0,0,0,0,0,0.0,0.0
3B,Clemente Carreras,Clemente,Carreras,Hancocks and Sidekicks TTC,5' 10',190 lbs,R,R,67,New York Cubans,NYC,1941,1921-1945,,84462,Bronze,Negro League Star  3B Clemente Carreras  NYC  1941,0,N,0,57,74,82,76,86,58,75,84,78,88,57,74,82,76,86,67,69,Normal,Normal,Pull,1,1,19,3,1,1,19,3,1,1,19,3,16,-,-,-,-,-,-,-,-,-,-,-,1,NEU,90-92,OTT,Normal,1,19,1,1,1,77,67,85,71,45,56,56,-,-,-,83,80,-,49,-,-,129,-,-,83,80,-,49,-,-,62,61,71,60,30,30,117,109,34,25,5,0,4,17,13,7,1,0,0,1,0,11,0,18.6,0.88,18,4.4,1.2,3.48,0,0,0.0,-0.3,0,0,0,0,0,0,0,0.0,0,0,0,0,0,0,0,0,0,0,0,0,0,0,0,0,0,0,0,0,0,0.00,0,0,0,0,0,0.0,0.0,0.0,0.00,30,30,87,52,32,3,3,0,2.85,3.3,1.077,0,0,265.0,0,0,68,66,10,10,7,5,2,0,4,1,0.0,0.0
3B,Clemente Carreras,Clemente,Carreras,The Spacehog,5' 10',190 lbs,R,R,67,New York Cubans,NYC,1941,1921-1945,,84462,Bronze,Negro League Star  3B Clemente Carreras  NYC  1941,0,Y,5,63,81,89,83,93,64,82,91,85,96,63,81,89,83,93,67,69,Normal,Normal,Pull,1,1,22,5,1,1,22,5,1,1,22,5,16,-,-,-,-,-,-,-,-,-,-,-,1,NEU,90-92,OTT,Normal,1,19,1,1,1,77,67,85,71,45,56,56,-,-,-,89,86,-,53,-,-,138,-,-,89,86,-,53,-,-,62,61,71,60,1,1,5,4,1,1,0,0,0,1,0,1,0,0,0,0,0,1,0,0.5,0.05,0,0.1,0.0,4.00,0,0,0.0,-0.0,0,0,0,0,0,0,0,0.0,0,0,0,0,0,0,0,0,0,0,0,0,0,0,0,0,0,0,0,0,0,0.00,0,0,0,0,0,0.0,0.0,0.0,0.00,2,1,5,1,3,1,1,0,4.00,0.0,1.077,0,0,9.0,0,0,3,2,0,0,0,0,1,1,0,0,0.0,0.0
3B,Clemente Carreras,Clemente,Carreras,Roseburg River Hawks,5' 10',190 lbs,R,R,67,New York Cubans,NYC,1941,1921-1945,,84462,Bronze,Negro League Star  3B Clemente Carreras  NYC  1941,0,N,0,57,74,82,76,86,58,75,84,78,88,57,74,82,76,86,67,69,Normal,Normal,Pull,1,1,19,3,1,1,19,3,1,1,19,3,16,-,-,-,-,-,-,-,-,-,-,-,1,NEU,90-92,OTT,Normal,1,19,1,1,1,77,67,85,71,45,56,56,-,-,-,83,80,-,49,-,-,129,-,-,83,80,-,49,-,-,62,61,71,60,5,2,13,11,3,2,0,0,1,3,1,0,0,0,2,0,0,0,0,1.6,0.38,1,-0.1,0.1,3.31,0,0,0.0,0.0,0,0,0,0,0,0,0,0.0,0,0,0,0,0,0,0,0,0,0,0,0,0,0,0,0,0,0,0,0,0,0.00,0,0,0,0,0,0.0,0.0,0.0,0.00,5,2,15,9,5,1,1,0,4.61,0.1,.996,0,0,27.1,0,0,10,9,1,1,1,1,3,1,0,0,0.0,0.0
3B,Clemente Carreras,Clemente,Carreras,Sabo's Saturn League Legends TTC,5' 10',190 lbs,R,R,67,New York Cubans,NYC,1941,1921-1945,,84462,Bronze,Negro League Star  3B Clemente Carreras  NYC  1941,0,N,0,57,74,82,76,86,58,75,84,78,88,57,74,82,76,86,67,69,Normal,Normal,Pull,1,1,19,3,1,1,19,3,1,1,19,3,16,-,-,-,-,-,-,-,-,-,-,-,1,NEU,90-92,OTT,Normal,1,19,1,1,1,77,67,85,71,45,56,56,-,-,-,83,80,-,49,-,-,129,-,-,83,80,-,49,-,-,62,61,71,60,4,3,11,10,3,3,0,0,0,0,1,0,0,1,0,0,0,0,0,1.2,-0.07,1,0.0,0.0,2.36,0,0,0.0,-0.5,0,0,0,0,0,0,0,0.0,0,0,0,0,0,0,0,0,0,0,0,0,0,0,0,0,0,0,0,0,0,0.00,0,0,0,0,0,0.0,0.0,0.0,0.00,4,3,8,4,4,0,0,0,2.67,0.1,1.081,0,0,27.0,0,0,7,7,0,0,1,0,0,0,1,0,0.0,0.0
3B,Joe Dugan,Joe,Dugan,Black Dog,5' 11',160 lbs,R,R,65,Philadelphia Athletics,OAK,1920,2026,,86765,Bronze,T4 Ep. 9 - Baseball Reference 8  3B Joe Dugan  PHA  1920,0,N,0,138,159,63,63,81,166,155,74,94,70,128,160,60,42,85,85,75,Line Drive,Normal,Normal,1,1,1,5,1,1,1,5,1,1,1,5,16,-,-,-,-,-,-,-,-,-,-,-,1,NEU,90-92,3/4,Normal,1,15,-,-,-,66,55,67,64,7,7,1,-,-,-,66,59,50,-,-,-,114,-,-,66,59,50,-,-,-,61,56,46,70,11,11,43,39,11,8,1,0,2,9,6,4,0,0,0,0,0,6,2,5.8,0.29,6,1.8,0.4,3.49,0,0,0.0,-0.4,0,0,0,0,0,0,0,0.0,0,0,0,0,0,0,0,0,0,0,0,0,0,0,0,0,0,0,0,0,0,0.00,0,0,0,0,0,0.0,0.0,0.0,0.00,12,11,51,31,19,1,4,0,4.74,0.7,1.022,0,0,95.0,0,0,37,35,5,3,3,3,2,1,2,0,0.0,0.0
3B,Joe Dugan,Joe,Dugan,Cape Cod Sharks - HotL,5' 11',160 lbs,R,R,65,Philadelphia Athletics,OAK,1920,2026,,86765,Bronze,T4 Ep. 9 - Baseball Reference 8  3B Joe Dugan  PHA  1920,0,N,0,138,159,63,63,81,166,155,74,94,70,128,160,60,42,85,85,75,Line Drive,Normal,Normal,1,1,1,5,1,1,1,5,1,1,1,5,16,-,-,-,-,-,-,-,-,-,-,-,1,NEU,90-92,3/4,Normal,1,15,-,-,-,66,55,67,64,7,7,1,-,-,-,66,59,50,-,-,-,114,-,-,66,59,50,-,-,-,61,56,46,70,15,15,59,55,19,14,4,0,1,6,8,4,0,0,0,0,0,11,0,10.5,0.28,10,3.6,0.7,3.90,0,0,0.0,0.7,0,0,0,0,0,0,0,0.0,0,0,0,0,0,0,0,0,0,0,0,0,0,0,0,0,0,0,0,0,0,0.00,0,0,0,0,0,0.0,0.0,0.0,0.00,17,15,52,30,21,1,7,0,3.43,0.1,1.015,0,0,134.0,0,0,38,37,4,1,3,1,2,1,1,0,0.0,0.0
3B,Joe Dugan,Joe,Dugan,EVC's Let the Music Play Ball-TTC,5' 11',160 lbs,R,R,65,Philadelphia Athletics,OAK,1920,2026,,86765,Bronze,T4 Ep. 9 - Baseball Reference 8  3B Joe Dugan  PHA  1920,0,N,0,138,159,63,63,81,166,155,74,94,70,128,160,60,42,85,85,75,Line Drive,Normal,Normal,1,1,1,5,1,1,1,5,1,1,1,5,16,-,-,-,-,-,-,-,-,-,-,-,1,NEU,90-92,3/4,Normal,1,15,-,-,-,66,55,67,64,7,7,1,-,-,-,66,59,50,-,-,-,114,-,-,66,59,50,-,-,-,61,56,46,70,12,9,40,35,6,6,0,0,0,1,2,4,0,0,0,1,0,11,1,1.7,-0.24,1,-3.2,-0.4,4.10,0,0,0.0,0.0,0,0,0,0,0,0,0,0.0,0,0,0,0,0,0,0,0,0,0,0,0,0,0,0,0,0,0,0,0,0,0.00,0,0,0,0,0,0.0,0.0,0.0,0.00,10,9,31,16,10,5,2,0,3.00,-1.9,.817,0,0,78.0,0,0,27,21,1,1,0,0,2,1,2,0,0.0,0.0
3B,Joe Dugan,Joe,Dugan,Deadwood Punch and Judys TTC,5' 11',160 lbs,R,R,65,Philadelphia Athletics,OAK,1920,2026,,86765,Bronze,T4 Ep. 9 - Baseball Reference 8  3B Joe Dugan  PHA  1920,0,Y,5,149,171,69,69,88,178,167,81,102,76,138,172,66,47,92,85,75,Line Drive,Normal,Normal,1,1,1,7,1,1,1,7,1,1,1,7,16,-,-,-,-,-,-,-,-,-,-,-,1,NEU,90-92,3/4,Normal,1,15,-,-,-,66,55,67,64,7,7,1,-,-,-,71,63,54,-,-,-,122,-,-,71,63,54,-,-,-,61,56,46,70,17,10,54,50,17,8,6,1,2,10,10,3,0,0,0,1,0,8,0,12.0,1.00,11,4.9,0.7,4.19,0,0,0.0,-0.1,0,0,0,0,0,0,0,0.0,0,0,0,0,0,0,0,0,0,0,0,0,0,0,0,0,0,0,0,0,0,0.00,0,0,0,0,0,0.0,0.0,0.0,0.00,12,10,35,23,12,0,1,0,3.46,0.2,1.038,0,0,91.0,0,0,33,32,4,1,2,2,2,0,0,0,0.0,0.0
3B,Joe Dugan,Joe,Dugan,Madison Moundsmen,5' 11',160 lbs,R,R,65,Philadelphia Athletics,OAK,1920,2026,,86765,Bronze,T4 Ep. 9 - Baseball Reference 8  3B Joe Dugan  PHA  1920,0,N,0,138,159,63,63,81,166,155,74,94,70,128,160,60,42,85,85,75,Line Drive,Normal,Normal,1,1,1,5,1,1,1,5,1,1,1,5,16,-,-,-,-,-,-,-,-,-,-,-,1,NEU,90-92,3/4,Normal,1,15,-,-,-,66,55,67,64,7,7,1,-,-,-,66,59,50,-,-,-,114,-,-,66,59,50,-,-,-,61,56,46,70,6,5,20,18,5,4,1,0,0,1,4,1,0,0,1,0,0,3,2,1.4,-0.15,1,-0.4,0.0,3.20,0,0,0.0,-0.6,0,0,0,0,0,0,0,0.0,0,0,0,0,0,0,0,0,0,0,0,0,0,0,0,0,0,0,0,0,0,0.00,0,0,0,0,0,0.0,0.0,0.0,0.00,5,5,12,11,1,0,1,0,2.63,0.4,1.077,0,0,41.0,0,0,9,8,1,1,4,3,1,0,0,0,0.0,0.0
3B,Joe Dugan,Joe,Dugan,Kansas City Torrent - JW,5' 11',160 lbs,R,R,65,Philadelphia Athletics,OAK,1920,2026,,86765,Bronze,T4 Ep. 9 - Baseball Reference 8  3B Joe Dugan  PHA  1920,523,N,0,138,159,63,63,81,166,155,74,94,70,128,160,60,42,85,85,75,Line Drive,Normal,Normal,1,1,1,5,1,1,1,5,1,1,1,5,16,-,-,-,-,-,-,-,-,-,-,-,1,NEU,90-92,3/4,Normal,1,15,-,-,-,66,55,67,64,7,7,1,-,-,-,66,59,50,-,-,-,114,-,-,66,59,50,-,-,-,61,56,46,70,6,6,24,24,4,1,1,0,2,5,3,0,0,0,0,0,0,6,2,0.9,-0.29,2,-0.8,0.1,3.58,0,0,0.0,-0.0,0,0,0,0,0,0,0,0.0,0,0,0,0,0,0,0,0,0,0,0,0,0,0,0,0,0,0,0,0,0,0.00,0,0,0,0,0,0.0,0.0,0.0,0.00,8,6,25,14,11,0,3,0,4.44,0.9,1.112,0,0,50.2,0,0,18,18,1,1,1,1,0,0,2,0,0.0,0.0
3B,Joe Dugan,Joe,Dugan,White Rabbitt,5' 11',160 lbs,R,R,65,Philadelphia Athletics,OAK,1920,2026,,86765,Bronze,T4 Ep. 9 - Baseball Reference 8  3B Joe Dugan  PHA  1920,0,Y,5,149,171,69,69,88,178,167,81,102,76,138,172,66,47,92,85,75,Line Drive,Normal,Normal,1,1,1,7,1,1,1,7,1,1,1,7,16,-,-,-,-,-,-,-,-,-,-,-,1,NEU,90-92,3/4,Normal,1,15,-,-,-,66,55,67,64,7,7,1,-,-,-,71,63,54,-,-,-,122,-,-,71,63,54,-,-,-,61,56,46,70,20,20,73,66,13,7,2,1,3,11,9,6,0,0,1,0,0,12,1,6.9,-0.14,7,-1.1,0.2,3.53,0,0,0.0,-0.1,0,0,0,0,0,0,0,0.0,0,0,0,0,0,0,0,0,0,0,0,0,0,0,0,0,0,0,0,0,0,0.00,0,0,0,0,0,0.0,0.0,0.0,0.00,20,20,81,52,27,2,6,0,4.16,0.6,1.031,0,0,171.0,0,0,67,62,6,3,3,2,5,3,4,0,0.0,0.0
3B,Joe Dugan,Joe,Dugan,New Platson Grand Petites HotL,5' 11',160 lbs,R,R,65,Philadelphia Athletics,OAK,1920,2026,,86765,Bronze,T4 Ep. 9 - Baseball Reference 8  3B Joe Dugan  PHA  1920,0,N,0,138,159,63,63,81,166,155,74,94,70,128,160,60,42,85,85,75,Line Drive,Normal,Normal,1,1,1,5,1,1,1,5,1,1,1,5,16,-,-,-,-,-,-,-,-,-,-,-,1,NEU,90-92,3/4,Normal,1,15,-,-,-,66,55,67,64,7,7,1,-,-,-,66,59,50,-,-,-,114,-,-,66,59,50,-,-,-,61,56,46,70,3,3,14,14,5,4,1,0,0,3,2,0,0,0,0,0,0,4,0,2.1,-0.06,2,0.5,0.2,3.29,0,0,0.0,0.2,0,0,0,0,0,0,0,0.0,0,0,0,0,0,0,0,0,0,0,0,0,0,0,0,0,0,0,0,0,0,0.00,0,0,0,0,0,0.0,0.0,0.0,0.00,3,3,13,12,1,0,1,0,4.50,1.0,1.083,0,0,26.0,0,0,9,9,1,1,1,1,2,2,0,0,0.0,0.0
3B,Joe Dugan,Joe,Dugan,The Spacehog,5' 11',160 lbs,R,R,65,Philadelphia Athletics,OAK,1920,2026,,86765,Bronze,T4 Ep. 9 - Baseball Reference 8  3B Joe Dugan  PHA  1920,0,N,0,138,159,63,63,81,166,155,74,94,70,128,160,60,42,85,85,75,Line Drive,Normal,Normal,1,1,1,5,1,1,1,5,1,1,1,5,16,-,-,-,-,-,-,-,-,-,-,-,1,NEU,90-92,3/4,Normal,1,15,-,-,-,66,55,67,64,7,7,1,-,-,-,66,59,50,-,-,-,114,-,-,66,59,50,-,-,-,61,56,46,70,7,7,29,27,8,5,2,0,1,4,3,2,0,0,0,0,0,7,0,4.7,-0.14,4,1.3,0.2,4.14,0,0,0.0,0.0,0,0,0,0,0,0,0,0.0,0,0,0,0,0,0,0,0,0,0,0,0,0,0,0,0,0,0,0,0,0,0.00,0,0,0,0,0,0.0,0.0,0.0,0.00,0,0,0,0,0,0,0,0,0.00,0.0,.000,0,0,0.0,0,0,0,0,0,0,0,0,0,0,0,0,0.0,0.0
3B,Joe Dugan,Joe,Dugan,Out of Left Field,5' 11',160 lbs,R,R,65,Philadelphia Athletics,OAK,1920,2026,,86765,Bronze,T4 Ep. 9 - Baseball Reference 8  3B Joe Dugan  PHA  1920,0,N,0,138,159,63,63,81,166,155,74,94,70,128,160,60,42,85,85,75,Line Drive,Normal,Normal,1,1,1,5,1,1,1,5,1,1,1,5,16,-,-,-,-,-,-,-,-,-,-,-,1,NEU,90-92,3/4,Normal,1,15,-,-,-,66,55,67,64,7,7,1,-,-,-,66,59,50,-,-,-,114,-,-,66,59,50,-,-,-,61,56,46,70,14,9,45,43,13,8,4,0,1,9,5,1,0,0,0,1,0,7,3,5.1,0.03,6,1.0,0.2,3.53,0,0,0.0,-0.0,0,0,0,0,0,0,0,0.0,0,0,0,0,0,0,0,0,0,0,0,0,0,0,0,0,0,0,0,0,0,0.00,0,0,0,0,0,0.0,0.0,0.0,0.00,10,9,41,20,20,1,3,0,4.62,-1.1,.978,0,0,78.0,0,0,32,29,1,0,3,0,2,0,2,0,0.0,0.0
3B,Joe Dugan,Joe,Dugan,Tegridy Farms Weed,5' 11',160 lbs,R,R,65,Philadelphia Athletics,OAK,1920,2026,,86765,Bronze,T4 Ep. 9 - Baseball Reference 8  3B Joe Dugan  PHA  1920,0,N,0,138,159,63,63,81,166,155,74,94,70,128,160,60,42,85,85,75,Line Drive,Normal,Normal,1,1,1,5,1,1,1,5,1,1,1,5,16,-,-,-,-,-,-,-,-,-,-,-,1,NEU,90-92,3/4,Normal,1,15,-,-,-,66,55,67,64,7,7,1,-,-,-,66,59,50,-,-,-,114,-,-,66,59,50,-,-,-,61,56,46,70,15,15,54,53,20,15,5,0,0,1,7,0,0,0,1,0,0,8,0,9.5,0.68,9,2.6,0.5,3.65,0,0,0.0,0.8,0,0,0,0,0,0,0,0.0,0,0,0,0,0,0,0,0,0,0,0,0,0,0,0,0,0,0,0,0,0,0.00,0,0,0,0,0,0.0,0.0,0.0,0.00,15,15,74,34,37,3,6,0,5.03,-0.8,.997,0,0,127.0,0,0,47,43,7,1,3,1,5,2,1,1,0.0,0.0
3B,Joe Dugan,Joe,Dugan,Michigan Black Bears,5' 11',160 lbs,R,R,65,Philadelphia Athletics,OAK,1920,2026,,86765,Bronze,T4 Ep. 9 - Baseball Reference 8  3B Joe Dugan  PHA  1920,0,N,0,138,159,63,63,81,166,155,74,94,70,128,160,60,42,85,85,75,Line Drive,Normal,Normal,1,1,1,5,1,1,1,5,1,1,1,5,16,-,-,-,-,-,-,-,-,-,-,-,1,NEU,90-92,3/4,Normal,1,15,-,-,-,66,55,67,64,7,7,1,-,-,-,66,59,50,-,-,-,114,-,-,66,59,50,-,-,-,61,56,46,70,10,7,36,30,10,7,1,0,2,2,8,6,0,0,0,0,0,7,0,8.2,0.15,8,3.9,0.6,4.36,0,0,0.0,0.1,0,0,0,0,0,0,0,0.0,0,0,0,0,0,0,0,0,0,0,0,0,0,0,0,0,0,0,0,0,0,0.00,0,0,0,0,0,0.0,0.0,0.0,0.00,8,7,40,21,18,1,1,0,5.40,0.9,.997,0,0,65.0,0,0,33,31,0,0,3,1,1,1,3,3,0.0,0.0
3B,Larry Gardner,Larry,Gardner,Black Dog,5' 8',165 lbs,L,R,68,Cleveland Guardians,CLE,1921,1921-1945,LE,85674,Bronze,Limited Edition/120  3B Larry Gardner  CLE  1921,0,N,0,88,99,34,100,152,87,77,39,100,132,89,110,33,101,159,101,87,Line Drive,Normal,Normal,1,1,1,7,1,1,1,7,1,1,1,7,16,-,-,-,-,-,-,-,-,-,-,-,1,GB,89-91,3/4,GB'er,1,12,-,-,-,84,68,82,49,9,4,3,-,-,-,-,79,-,-,-,-,131,-,-,-,79,-,-,-,-,56,20,23,64,11,11,50,44,11,6,2,3,0,5,8,5,0,1,0,0,0,4,0,7.0,0.07,7,1.4,0.5,3.80,0,0,0.0,0.4,0,0,0,0,0,0,0,0.0,0,0,0,0,0,0,0,0,0,0,0,0,0,0,0,0,0,0,0,0,0,0.00,0,0,0,0,0,0.0,0.0,0.0,0.00,11,11,41,25,15,1,0,0,3.75,0.9,1.077,0,0,96.0,0,0,38,35,4,4,1,0,0,0,3,1,0.0,-0.2
3B,Larry Gardner,Larry,Gardner,OKC Whirlwinds - PCK,5' 8',165 lbs,L,R,68,Cleveland Guardians,CLE,1921,1921-1945,LE,85674,Bronze,Limited Edition/120  3B Larry Gardner  CLE  1921,0,N,0,88,99,34,100,152,87,77,39,100,132,89,110,33,101,159,101,87,Line Drive,Normal,Normal,1,1,1,7,1,1,1,7,1,1,1,7,16,-,-,-,-,-,-,-,-,-,-,-,1,GB,89-91,3/4,GB'er,1,12,-,-,-,84,68,82,49,9,4,3,-,-,-,-,79,-,-,-,-,131,-,-,-,79,-,-,-,-,56,20,23,64,21,18,79,70,26,22,2,1,1,9,10,8,0,0,0,1,0,4,1,14.9,0.26,15,5.9,0.9,3.38,0,0,0.0,0.1,0,0,0,0,0,0,0,0.0,0,0,0,0,0,0,0,0,0,0,0,0,0,0,0,0,0,0,0,0,0,0.00,0,0,0,0,0,0.0,0.0,0.0,0.00,19,17,62,47,11,4,3,0,3.17,0.4,.994,0,0,164.2,0,0,53,50,6,5,4,2,5,2,3,0,0.0,0.0
3B,Larry Gardner,Larry,Gardner,EVC's Let the Music Play Ball-TTC,5' 8',165 lbs,L,R,68,Cleveland Guardians,CLE,1921,1921-1945,LE,85674,Bronze,Limited Edition/120  3B Larry Gardner  CLE  1921,0,N,0,88,99,34,100,152,87,77,39,100,132,89,110,33,101,159,101,87,Line Drive,Normal,Normal,1,1,1,7,1,1,1,7,1,1,1,7,16,-,-,-,-,-,-,-,-,-,-,-,1,GB,89-91,3/4,GB'er,1,12,-,-,-,84,68,82,49,9,4,3,-,-,-,-,79,-,-,-,-,131,-,-,-,79,-,-,-,-,56,20,23,64,15,13,58,50,13,10,1,2,0,6,3,4,0,0,4,0,0,5,0,6.2,0.05,5,-1.1,0.1,3.57,0,0,0.0,0.3,0,0,0,0,0,0,0,0.0,0,0,0,0,0,0,0,0,0,0,0,0,0,0,0,0,0,0,0,0,0,0.00,0,0,0,0,0,0.0,0.0,0.0,0.00,15,13,42,27,12,3,2,0,2.97,-0.4,.985,0,0,118.0,0,0,39,37,2,1,0,0,4,0,2,0,0.0,0.0
3B,Larry Gardner,Larry,Gardner,Kansas City Torrent - JW,5' 8',165 lbs,L,R,68,Cleveland Guardians,CLE,1921,1921-1945,LE,85674,Bronze,Limited Edition/120  3B Larry Gardner  CLE  1921,42 827,N,0,88,99,34,100,152,87,77,39,100,132,89,110,33,101,159,101,87,Line Drive,Normal,Normal,1,1,1,7,1,1,1,7,1,1,1,7,16,-,-,-,-,-,-,-,-,-,-,-,1,GB,89-91,3/4,GB'er,1,12,-,-,-,84,68,82,49,9,4,3,-,-,-,-,79,-,-,-,-,131,-,-,-,79,-,-,-,-,56,20,23,64,6,6,21,16,3,2,0,1,0,2,3,5,0,0,0,0,0,0,1,2.1,-0.14,2,0.4,0.1,3.67,0,0,0.0,-0.4,0,0,0,0,0,0,0,0.0,0,0,0,0,0,0,0,0,0,0,0,0,0,0,0,0,0,0,0,0,0,0.00,0,0,0,0,0,0.0,0.0,0.0,0.00,6,6,9,6,2,1,0,0,1.50,0.0,.958,0,0,48.0,0,0,6,5,2,2,1,1,0,0,0,0,0.0,0.0
3B,Larry Gardner,Larry,Gardner,White Rabbitt,5' 8',165 lbs,L,R,68,Cleveland Guardians,CLE,1921,1921-1945,LE,85674,Bronze,Limited Edition/120  3B Larry Gardner  CLE  1921,0,N,0,88,99,34,100,152,87,77,39,100,132,89,110,33,101,159,101,87,Line Drive,Normal,Normal,1,1,1,7,1,1,1,7,1,1,1,7,16,-,-,-,-,-,-,-,-,-,-,-,1,GB,89-91,3/4,GB'er,1,12,-,-,-,84,68,82,49,9,4,3,-,-,-,-,79,-,-,-,-,131,-,-,-,79,-,-,-,-,56,20,23,64,20,20,91,79,12,11,1,0,0,5,10,11,0,0,0,1,0,12,2,3.8,-0.30,3,-7.1,-0.6,3.57,0,0,0.0,-0.3,0,0,0,0,0,0,0,0.0,0,0,0,0,0,0,0,0,0,0,0,0,0,0,0,0,0,0,0,0,0,0.00,0,0,0,0,0,0.0,0.0,0.0,0.00,20,20,69,43,20,6,3,0,3.24,-1.8,.945,0,0,175.0,0,0,66,60,4,1,3,2,3,0,0,0,0.0,0.0
3B,Larry Gardner,Larry,Gardner,Daegu Lions,5' 8',165 lbs,L,R,68,Cleveland Guardians,CLE,1921,1921-1945,LE,85674,Bronze,Limited Edition/120  3B Larry Gardner  CLE  1921,0,N,0,88,99,34,100,152,87,77,39,100,132,89,110,33,101,159,101,87,Line Drive,Normal,Normal,1,1,1,7,1,1,1,7,1,1,1,7,16,-,-,-,-,-,-,-,-,-,-,-,1,GB,89-91,3/4,GB'er,1,12,-,-,-,84,68,82,49,9,4,3,-,-,-,-,79,-,-,-,-,131,-,-,-,79,-,-,-,-,56,20,23,64,14,10,47,43,14,11,0,2,1,3,4,3,1,0,1,0,0,5,2,7.0,0.22,7,1.8,0.3,3.57,0,0,0.0,0.3,0,0,0,0,0,0,0,0.0,0,0,0,0,0,0,0,0,0,0,0,0,0,0,0,0,0,0,0,0,0,0.00,0,0,0,0,0,0.0,0.0,0.0,0.00,6,4,20,10,8,2,1,0,3.95,-0.2,.934,0,0,41.0,0,0,16,14,3,3,1,1,0,0,1,0,0.0,0.0
3B,Larry Gardner,Larry,Gardner,Out of Left Field,5' 8',165 lbs,L,R,68,Cleveland Guardians,CLE,1921,1921-1945,LE,85674,Bronze,Limited Edition/120  3B Larry Gardner  CLE  1921,0,N,0,88,99,34,100,152,87,77,39,100,132,89,110,33,101,159,101,87,Line Drive,Normal,Normal,1,1,1,7,1,1,1,7,1,1,1,7,16,-,-,-,-,-,-,-,-,-,-,-,1,GB,89-91,3/4,GB'er,1,12,-,-,-,84,68,82,49,9,4,3,-,-,-,-,79,-,-,-,-,131,-,-,-,79,-,-,-,-,56,20,23,64,24,24,110,96,24,16,6,0,2,11,13,12,3,1,0,1,0,7,0,13.2,0.10,12,-0.3,0.3,3.39,0,0,0.0,-0.5,0,0,0,0,0,0,0,0.0,0,0,0,0,0,0,0,0,0,0,0,0,0,0,0,0,0,0,0,0,0,0.00,0,0,0,0,0,0.0,0.0,0.0,0.00,24,24,77,55,19,3,5,0,3.01,0.3,1.010,0,0,221.1,0,0,71,65,8,7,1,1,4,1,0,0,0.0,0.0
3B,Stan Hack,Stan,Hack,The Colony Lynx,6' 0',170 lbs,L,R,46,Chicago Cubs,CHC,1944,1921-1945,,86458,Iron,T4 Ep. 7 - Baseball Reference 7  3B Stan Hack  CHC  1944,0,N,0,81,61,38,128,183,69,15,1,144,173,85,68,46,123,186,69,61,Groundball,Pull,Pull,1,1,1,1,1,1,1,1,1,1,1,1,16,-,-,-,-,-,-,-,-,-,-,-,1,NEU,90-92,OTT,Normal,1,7,-,-,-,52,74,67,34,3,3,9,-,-,77,-,57,-,-,-,-,113,-,77,-,57,-,-,-,-,47,63,49,64,5,,7,7,2,2,0,0,0,2,1,0,0,0,0,0,0,2,0,0.6,0.03,0,-0.3,0.0,4.14,0,0,0.0,0.0,0,0,0,0,0,0,0,0.0,0,0,0,0,0,0,0,0,0,0,0,0,0,0,0,0,0,0,0,0,0,0.00,0,0,0,0,0,0.0,0.0,0.0,0.00,4,0,19,1,18,0,1,0,12.21,0.2,1.084,0,0,14.0,0,0,5,5,0,0,0,0,0,0,0,0,0.0,0.0
3B,Stan Hack,Stan,Hack,DongTan Milky,6' 0',170 lbs,L,R,46,Chicago Cubs,CHC,1944,1921-1945,,86458,Iron,T4 Ep. 7 - Baseball Reference 7  3B Stan Hack  CHC  1944,0,N,0,81,61,38,128,183,69,15,1,144,173,85,68,46,123,186,69,61,Groundball,Pull,Pull,1,1,1,1,1,1,1,1,1,1,1,1,16,-,-,-,-,-,-,-,-,-,-,-,1,NEU,90-92,OTT,Normal,1,7,-,-,-,52,74,67,34,3,3,9,-,-,77,-,57,-,-,-,-,113,-,77,-,57,-,-,-,-,47,63,49,64,4,4,17,16,3,2,1,0,0,0,1,1,0,0,0,0,0,1,0,1.0,-0.07,0,-1.1,-0.1,3.94,0,0,0.0,0.2,0,0,0,0,0,0,0,0.0,0,0,0,0,0,0,0,0,0,0,0,0,0,0,0,0,0,0,0,0,0,0.00,0,0,0,0,0,0.0,0.0,0.0,0.00,0,0,0,0,0,0,0,0,0.00,0.0,.000,0,0,0.0,0,0,0,0,0,0,0,0,0,0,0,0,0.0,0.0
3B,Pinky Higgins,Pinky,Higgins,Cape Cod Sharks - HotL,6' 1',185 lbs,R,R,65,Philadelphia Athletics,OAK,1935,1921-1945,,83623,Bronze,Snapshot  3B Pinky Higgins  PHA  1935,0,Y,5,85,85,117,77,67,98,64,125,88,55,81,91,114,74,69,30,4,Flyball,Normal,Normal,1,1,1,4,1,1,1,4,1,1,1,4,16,-,-,-,-,-,-,-,-,-,-,-,1,NEU,90-92,OTT,Normal,1,12,-,-,-,51,58,65,34,6,7,4,-,-,-,-,52,-,-,-,-,111,-,-,-,52,-,-,-,-,44,34,46,44,16,16,68,62,14,10,1,0,3,9,9,5,0,1,0,0,0,12,0,7.5,0.32,8,-0.1,0.0,3.85,0,0,0.0,-0.3,0,0,0,0,0,0,0,0.0,0,0,0,0,0,0,0,0,0,0,0,0,0,0,0,0,0,0,0,0,0,0.00,0,0,0,0,0,0.0,0.0,0.0,0.00,16,16,44,30,13,1,3,0,2.73,-1.8,.958,0,0,142.0,0,0,44,40,6,3,2,0,4,0,1,0,0.0,0.0
3B,Pinky Higgins,Pinky,Higgins,Madison Moundsmen,6' 1',185 lbs,R,R,65,Philadelphia Athletics,OAK,1935,1921-1945,,83623,Bronze,Snapshot  3B Pinky Higgins  PHA  1935,0,Y,5,85,85,117,77,67,98,64,125,88,55,81,91,114,74,69,30,4,Flyball,Normal,Normal,1,1,1,4,1,1,1,4,1,1,1,4,16,-,-,-,-,-,-,-,-,-,-,-,1,NEU,90-92,OTT,Normal,1,12,-,-,-,51,58,65,34,6,7,4,-,-,-,-,52,-,-,-,-,111,-,-,-,52,-,-,-,-,44,34,46,44,6,6,26,22,6,5,0,0,1,4,6,2,0,1,0,1,0,5,1,3.2,0.18,3,0.6,0.2,3.92,0,0,0.0,0.8,0,0,0,0,0,0,0,0.0,0,0,0,0,0,0,0,0,0,0,0,0,0,0,0,0,0,0,0,0,0,0.00,0,0,0,0,0,0.0,0.0,0.0,0.00,0,0,0,0,0,0,0,0,0.00,0.0,.000,0,0,0.0,0,0,0,0,0,0,0,0,0,0,0,0,0.0,0.0
3B,Pinky Higgins,Pinky,Higgins,Altamonte Ryno's,6' 1',185 lbs,R,R,65,Philadelphia Athletics,OAK,1935,1921-1945,,83623,Bronze,Snapshot  3B Pinky Higgins  PHA  1935,0,N,0,78,78,108,71,61,90,58,116,81,50,74,84,105,68,63,30,4,Flyball,Normal,Normal,1,1,1,2,1,1,1,2,1,1,1,2,16,-,-,-,-,-,-,-,-,-,-,-,1,NEU,90-92,OTT,Normal,1,12,-,-,-,51,58,65,34,6,7,4,-,-,-,-,48,-,-,-,-,104,-,-,-,48,-,-,-,-,44,34,46,44,5,5,19,18,2,2,0,0,0,0,0,1,0,0,0,0,0,5,0,0.4,-0.23,0,-2.6,-0.4,3.47,0,0,0.0,-0.0,0,0,0,0,0,0,0,0.0,0,0,0,0,0,0,0,0,0,0,0,0,0,0,0,0,0,0,0,0,0,0.00,0,0,0,0,0,0.0,0.0,0.0,0.00,5,5,14,8,3,3,0,0,2.36,-1.7,.746,0,0,42.0,0,0,13,10,1,1,1,0,1,0,2,0,0.0,0.0
3B,Pinky Higgins,Pinky,Higgins,Energy Efficiency,6' 1',185 lbs,R,R,65,Philadelphia Athletics,OAK,1935,1921-1945,,83623,Bronze,Snapshot  3B Pinky Higgins  PHA  1935,0,N,0,78,78,108,71,61,90,58,116,81,50,74,84,105,68,63,30,4,Flyball,Normal,Normal,1,1,1,2,1,1,1,2,1,1,1,2,16,-,-,-,-,-,-,-,-,-,-,-,1,NEU,90-92,OTT,Normal,1,12,-,-,-,51,58,65,34,6,7,4,-,-,-,-,48,-,-,-,-,104,-,-,-,48,-,-,-,-,44,34,46,44,5,1,9,8,0,0,0,0,0,0,0,1,0,0,0,0,0,2,0,0.0,-0.41,0,-1.6,-0.1,3.78,0,0,0.0,0.0,0,0,0,0,0,0,0,0.0,0,0,0,0,0,0,0,0,0,0,0,0,0,0,0,0,0,0,0,0,0,0.00,0,0,0,0,0,0.0,0.0,0.0,0.00,0,0,0,0,0,0,0,0,0.00,0.0,.000,0,0,0.0,0,0,0,0,0,0,0,0,0,0,0,0,0.0,0.0
3B,Pinky Higgins,Pinky,Higgins,King Street 504s,6' 1',185 lbs,R,R,65,Philadelphia Athletics,OAK,1935,1921-1945,,83623,Bronze,Snapshot  3B Pinky Higgins  PHA  1935,0,N,0,78,78,108,71,61,90,58,116,81,50,74,84,105,68,63,30,4,Flyball,Normal,Normal,1,1,1,2,1,1,1,2,1,1,1,2,16,-,-,-,-,-,-,-,-,-,-,-,1,NEU,90-92,OTT,Normal,1,12,-,-,-,51,58,65,34,6,7,4,-,-,-,-,48,-,-,-,-,104,-,-,-,48,-,-,-,-,44,34,46,44,2,,4,4,0,0,0,0,0,0,0,0,0,0,0,0,0,1,0,0.0,-0.11,0,-1.0,-0.1,3.75,0,0,0.0,0.0,0,0,0,0,0,0,0,0.0,0,0,0,0,0,0,0,0,0,0,0,0,0,0,0,0,0,0,0,0,0,0.00,0,0,0,0,0,0.0,0.0,0.0,0.00,1,0,2,2,0,0,0,0,2.57,0.1,1.077,0,0,7.0,0,0,2,2,0,0,0,0,0,0,0,0,0.0,0.0
3B,Pinky Higgins,Pinky,Higgins,Tegridy Farms Weed,6' 1',185 lbs,R,R,65,Philadelphia Athletics,OAK,1935,1921-1945,,83623,Bronze,Snapshot  3B Pinky Higgins  PHA  1935,0,Y,5,85,85,117,77,67,98,64,125,88,55,81,91,114,74,69,30,4,Flyball,Normal,Normal,1,1,1,4,1,1,1,4,1,1,1,4,16,-,-,-,-,-,-,-,-,-,-,-,1,NEU,90-92,OTT,Normal,1,12,-,-,-,51,58,65,34,6,7,4,-,-,-,-,52,-,-,-,-,111,-,-,-,52,-,-,-,-,44,34,46,44,15,14,58,54,8,6,0,0,2,3,3,3,0,1,0,0,0,11,0,2.9,-0.77,2,-4.3,-0.4,3.97,0,1,-0.5,-0.9,0,0,0,0,0,0,0,0.0,0,0,0,0,0,0,0,0,0,0,0,0,0,0,0,0,0,0,0,0,0,0.00,0,0,0,0,0,0.0,0.0,0.0,0.00,14,14,47,24,21,2,1,0,3.30,-0.6,1.003,0,0,122.2,0,0,44,41,3,2,4,0,3,1,1,0,0.0,0.0
3B,Ken Keltner,Ken,Keltner,Town of Lake Loons,6' 0',190 lbs,R,R,68,Cleveland,CLE,1938,1921-1945,,84338,Bronze,Rookie Sensation  3B Ken Keltner  CLE  1938,0,N,0,50,97,106,53,81,47,117,105,48,70,52,93,107,55,85,45,9,Flyball,Normal,Normal,1,1,1,7,1,1,1,7,1,1,1,7,16,-,-,-,-,-,-,-,-,-,-,-,1,GB,89-91,3/4,GB'er,1,17,-,-,-,53,70,67,32,4,4,2,-,-,-,-,55,-,-,-,-,111,-,-,-,55,-,-,-,-,56,33,62,55,1,1,3,3,1,1,0,0,0,0,0,0,0,0,0,0,0,0,0,0.3,-0.00,0,-0.0,0.0,2.00,0,0,0.0,0.0,0,0,0,0,0,0,0,0.0,0,0,0,0,0,0,0,0,0,0,0,0,0,0,0,0,0,0,0,0,0,0.00,0,0,0,0,0,0.0,0.0,0.0,0.00,1,1,5,5,0,0,0,0,5.00,0.2,1.077,0,0,9.0,0,0,4,4,0,0,2,1,0,0,0,0,0.0,0.0
3B,Ken Keltner,Ken,Keltner,Hancocks and Sidekicks TTC,6' 0',190 lbs,R,R,68,Cleveland,CLE,1938,1921-1945,,84338,Bronze,Rookie Sensation  3B Ken Keltner  CLE  1938,0,N,0,50,97,106,53,81,47,117,105,48,70,52,93,107,55,85,45,9,Flyball,Normal,Normal,1,1,1,7,1,1,1,7,1,1,1,7,16,-,-,-,-,-,-,-,-,-,-,-,1,GB,89-91,3/4,GB'er,1,17,-,-,-,53,70,67,32,4,4,2,-,-,-,-,55,-,-,-,-,111,-,-,-,55,-,-,-,-,56,33,62,55,2,,4,4,1,1,0,0,0,0,0,0,0,0,0,0,0,1,0,0.2,-0.07,0,-0.3,0.0,5.75,0,0,0.0,0.0,0,0,0,0,0,0,0,0.0,0,0,0,0,0,0,0,0,0,0,0,0,0,0,0,0,0,0,0,0,0,0.00,0,0,0,0,0,0.0,0.0,0.0,0.00,2,0,6,6,0,0,0,0,6.75,0.3,1.077,0,0,8.0,0,0,5,5,1,1,0,0,0,0,0,0,0.0,0.0
3B,Fritz Maisel,Fritz,Maisel,Kansas City Torrent - JW,6' 0',170 lbs,R,R,50,New York Yankees,NYA,1914,2026,,86774,Iron,T4 Ep. 9 - Baseball Reference 8  3B Fritz Maisel  NYY  1914,99,N,0,61,83,36,153,81,77,101,48,147,122,50,77,33,155,68,63,56,Line Drive,Normal,Normal,1,1,1,1,1,1,1,1,1,1,1,1,16,-,-,-,-,-,-,-,-,-,-,-,1,NEU,89-91,OTT,Normal,1,19,-,-,-,57,46,64,38,1,4,9,-,-,-,-,45,-,-,-,-,101,-,-,-,45,-,-,-,-,108,106,117,91,5,,5,5,0,0,0,0,0,0,0,0,0,0,0,0,0,1,0,0.0,-0.19,0,-1.2,-0.1,3.40,0,0,0.0,0.0,0,0,0,0,0,0,0,0.0,0,0,0,0,0,0,0,0,0,0,0,0,0,0,0,0,0,0,0,0,0,0.00,0,0,0,0,0,0.0,0.0,0.0,0.00,2,0,3,0,3,0,1,0,9.00,0.0,.000,0,0,3.0,0,0,0,0,0,0,0,0,0,0,0,0,0.0,0.0
3B,Wesley Pryor,Wesley,Pryor,Breslau Binturings - HotL,5' 10',175 lbs,L,R,64,Brooklyn Royal Giants,BRG,1913,2026,,84441,Bronze,Negro League Star  3B Wesley Pryor  BRG  1913,0,Y,5,84,73,73,71,103,82,72,70,70,99,85,74,74,72,105,66,73,Normal,Pull,Normal,1,1,22,9,1,1,20,9,1,1,23,9,16,-,-,-,-,-,-,-,-,-,-,-,1,GB,90-92,3/4,GB'er,1,6,1,1,1,77,65,85,71,9,4,9,-,-,-,-,85,-,-,-,-,137,-,-,-,85,-,-,-,-,75,87,87,71,4,1,6,5,2,1,0,0,1,2,2,1,0,0,0,0,0,0,0,2.6,-0.06,2,1.5,0.2,4.67,0,0,0.0,0.3,0,0,0,0,0,0,0,0.0,0,0,0,0,0,0,0,0,0,0,0,0,0,0,0,0,0,0,0,0,0,0.00,0,0,0,0,0,0.0,0.0,0.0,0.00,2,1,3,2,1,0,0,0,2.70,0.1,1.077,0,0,10.0,0,0,3,3,0,0,0,0,0,0,0,0,0.0,0.0
3B,Wesley Pryor,Wesley,Pryor,Ware Wolves2,5' 10',175 lbs,L,R,64,Brooklyn Royal Giants,BRG,1913,2026,,84441,Bronze,Negro League Star  3B Wesley Pryor  BRG  1913,0,N,0,77,67,67,65,95,75,66,64,64,91,78,68,68,66,97,66,73,Normal,Pull,Normal,1,1,19,7,1,1,17,7,1,1,20,7,16,-,-,-,-,-,-,-,-,-,-,-,1,GB,90-92,3/4,GB'er,1,6,1,1,1,77,65,85,71,9,4,9,-,-,-,-,79,-,-,-,-,128,-,-,-,79,-,-,-,-,75,87,87,71,19,19,78,70,23,18,3,0,2,7,6,6,0,2,0,0,0,7,0,13.5,0.08,13,4.7,0.7,3.62,0,0,0.0,-1.1,0,0,0,0,0,0,0,0.0,0,0,0,0,0,0,0,0,0,0,0,0,0,0,0,0,0,0,0,0,0,0.00,0,0,0,0,0,0.0,0.0,0.0,0.00,19,19,64,44,16,4,4,0,3.09,0.3,.994,0,0,175.0,0,0,53,50,7,5,3,2,5,1,2,1,0.0,0.0
3B,Gene Robertson,Gene,Robertson,Statesville Shadowcats,5' 7',150 lbs,L,R,68,St. Louis Browns,BAL,1925,1921-1945,,82897,Bronze,Unsung Heroes  3B Gene Robertson  SLA  1925,0,N,0,36,69,87,98,105,24,66,84,109,104,39,71,88,96,106,52,4,Normal,Normal,Normal,1,1,1,2,1,1,1,2,1,1,2,2,16,-,-,-,-,-,-,-,-,-,-,-,1,NEU,90-92,OTT,Normal,1,24,-,-,-,62,54,74,66,2,4,10,-,-,-,-,61,-,-,-,-,112,-,-,-,61,-,-,-,-,56,54,63,57,1,,1,1,0,0,0,0,0,0,0,0,0,0,0,0,0,0,1,-0.0,-0.04,0,-0.2,-0.0,3.00,0,0,0.0,0.0,0,0,0,0,0,0,0,0.0,0,0,0,0,0,0,0,0,0,0,0,0,0,0,0,0,0,0,0,0,0,0.00,0,0,0,0,0,0.0,0.0,0.0,0.00,0,0,0,0,0,0,0,0,0.00,0.0,.000,0,0,0.0,0,0,0,0,0,0,0,0,0,0,0,0,0.0,0.0
3B,Gene Robertson,Gene,Robertson,San Francisco Seals,5' 7',150 lbs,L,R,68,St. Louis Browns,BAL,1925,1921-1945,,82897,Bronze,Unsung Heroes  3B Gene Robertson  SLA  1925,0,N,0,36,69,87,98,105,24,66,84,109,104,39,71,88,96,106,52,4,Normal,Normal,Normal,1,1,1,2,1,1,1,2,1,1,2,2,16,-,-,-,-,-,-,-,-,-,-,-,1,NEU,90-92,OTT,Normal,1,24,-,-,-,62,54,74,66,2,4,10,-,-,-,-,61,-,-,-,-,112,-,-,-,61,-,-,-,-,56,54,63,57,2,2,8,7,0,0,0,0,0,0,0,1,0,0,0,0,0,1,0,0.0,-0.14,0,-1.4,-0.1,3.50,0,0,0.0,0.0,0,0,0,0,0,0,0,0.0,0,0,0,0,0,0,0,0,0,0,0,0,0,0,0,0,0,0,0,0,0,0.00,0,0,0,0,0,0.0,0.0,0.0,0.00,0,0,0,0,0,0,0,0,0.00,0.0,.000,0,0,0.0,0,0,0,0,0,0,0,0,0,0,0,0,0.0,0.0
3B,Gene Robertson,Gene,Robertson,Port Townsend Wild Daphnes,5' 7',150 lbs,L,R,68,St. Louis Browns,BAL,1925,1921-1945,,82897,Bronze,Unsung Heroes  3B Gene Robertson  SLA  1925,0,N,0,36,69,87,98,105,24,66,84,109,104,39,71,88,96,106,52,4,Normal,Normal,Normal,1,1,1,2,1,1,1,2,1,1,2,2,16,-,-,-,-,-,-,-,-,-,-,-,1,NEU,90-92,OTT,Normal,1,24,-,-,-,62,54,74,66,2,4,10,-,-,-,-,61,-,-,-,-,112,-,-,-,61,-,-,-,-,56,54,63,57,9,,10,8,1,1,0,0,0,1,2,2,0,0,0,0,0,2,0,0.5,-0.12,0,-0.6,0.0,3.50,0,0,0.0,0.4,0,0,0,0,0,0,0,0.0,0,0,0,0,0,0,0,0,0,0,0,0,0,0,0,0,0,0,0,0,0,0.00,0,0,0,0,0,0.0,0.0,0.0,0.00,5,0,8,6,2,0,0,0,5.14,0.4,1.077,0,0,14.0,0,0,6,6,1,1,0,0,0,0,0,0,0.0,0.0
3B,Gene Robertson,Gene,Robertson,Moonsault Collective MCs,5' 7',150 lbs,L,R,68,St. Louis Browns,BAL,1925,1921-1945,,82897,Bronze,Unsung Heroes  3B Gene Robertson  SLA  1925,0,N,0,36,69,87,98,105,24,66,84,109,104,39,71,88,96,106,52,4,Normal,Normal,Normal,1,1,1,2,1,1,1,2,1,1,2,2,16,-,-,-,-,-,-,-,-,-,-,-,1,NEU,90-92,OTT,Normal,1,24,-,-,-,62,54,74,66,2,4,10,-,-,-,-,61,-,-,-,-,112,-,-,-,61,-,-,-,-,56,54,63,57,3,,2,2,1,1,0,0,0,0,0,0,0,0,0,0,0,0,0,0.5,-0.04,0,0.2,0.0,4.50,0,0,0.0,0.0,0,0,0,0,0,0,0,0.0,0,0,0,0,0,0,0,0,0,0,0,0,0,0,0,0,0,0,0,0,0,0.00,0,0,0,0,0,0.0,0.0,0.0,0.00,3,0,3,3,0,0,0,0,3.52,0.1,1.077,0,0,7.2,0,0,3,3,0,0,0,0,0,0,0,0,0.0,0.0
3B,Gene Robertson,Gene,Robertson,Atlanta Braves TTC,5' 7',150 lbs,L,R,68,St. Louis Browns,BAL,1925,1921-1945,,82897,Bronze,Unsung Heroes  3B Gene Robertson  SLA  1925,0,N,0,36,69,87,98,105,24,66,84,109,104,39,71,88,96,106,52,4,Normal,Normal,Normal,1,1,1,2,1,1,1,2,1,1,2,2,16,-,-,-,-,-,-,-,-,-,-,-,1,NEU,90-92,OTT,Normal,1,24,-,-,-,62,54,74,66,2,4,10,-,-,-,-,61,-,-,-,-,112,-,-,-,61,-,-,-,-,56,54,63,57,2,,2,2,0,0,0,0,0,0,0,0,0,0,0,0,0,1,0,0.0,-0.06,0,-0.5,-0.0,3.00,0,0,0.0,0.0,0,0,0,0,0,0,0,0.0,0,0,0,0,0,0,0,0,0,0,0,0,0,0,0,0,0,0,0,0,0,0.00,0,0,0,0,0,0.0,0.0,0.0,0.00,2,0,1,1,0,0,0,0,1.29,0.1,1.077,0,0,7.0,0,0,0,0,1,1,0,0,0,0,0,0,0.0,0.0
3B,Gene Robertson,Gene,Robertson,Transylvania Counts,5' 7',150 lbs,L,R,68,St. Louis Browns,BAL,1925,1921-1945,,82897,Bronze,Unsung Heroes  3B Gene Robertson  SLA  1925,0,N,0,36,69,87,98,105,24,66,84,109,104,39,71,88,96,106,52,4,Normal,Normal,Normal,1,1,1,2,1,1,1,2,1,1,2,2,16,-,-,-,-,-,-,-,-,-,-,-,1,NEU,90-92,OTT,Normal,1,24,-,-,-,62,54,74,66,2,4,10,-,-,-,-,61,-,-,-,-,112,-,-,-,61,-,-,-,-,56,54,63,57,1,,1,1,0,0,0,0,0,0,0,0,0,0,0,0,0,0,0,0.0,-0.06,0,-0.2,-0.0,3.00,0,0,0.0,0.0,0,0,0,0,0,0,0,0.0,0,0,0,0,0,0,0,0,0,0,0,0,0,0,0,0,0,0,0,0,0,0.00,0,0,0,0,0,0.0,0.0,0.0,0.00,0,0,0,0,0,0,0,0,0.00,0.0,.000,0,0,0.0,0,0,0,0,0,0,0,0,0,0,0,0,0.0,0.0
3B,Jackie Robinson,Jackie,Robinson,Birmingham Black Barons,5' 11',195 lbs,R,R,68,Brooklyn Dodgers,LAD,1955,1946-1960,,84840,Bronze,Celebrating 42 - Snapshot  3B Jackie Robinson  BRO  1955,0,N,0,43,42,73,119,136,50,59,76,99,144,41,37,73,127,134,54,47,Normal,Spray,Spray,1,1,1,7,1,1,1,7,1,1,1,7,16,-,-,-,-,-,-,-,-,-,-,-,1,GB,89-91,OTT,GB'er,1,20,-,-,-,87,78,95,62,56,115,75,-,-,81,92,94,-,78,-,-,140,-,81,92,94,-,78,-,-,73,57,81,83,12,12,50,43,8,5,2,0,1,6,3,5,0,0,0,2,0,5,0,4.1,0.02,3,-2.1,-0.0,3.16,1,0,0.3,-0.9,0,0,0,0,0,0,0,0.0,0,0,0,0,0,0,0,0,0,0,0,0,0,0,0,0,0,0,0,0,0,0.00,0,0,0,0,0,0.0,0.0,0.0,0.00,12,12,29,23,6,0,2,0,2.56,0.9,1.079,0,0,102.0,0,0,25,25,2,2,1,0,1,0,2,0,0.0,0.0
3B,Jackie Robinson,Jackie,Robinson,The Colony Lynx,5' 11',195 lbs,R,R,68,Brooklyn Dodgers,LAD,1955,1946-1960,,84840,Bronze,Celebrating 42 - Snapshot  3B Jackie Robinson  BRO  1955,0,N,0,43,42,73,119,136,50,59,76,99,144,41,37,73,127,134,54,47,Normal,Spray,Spray,1,1,1,7,1,1,1,7,1,1,1,7,16,-,-,-,-,-,-,-,-,-,-,-,1,GB,89-91,OTT,GB'er,1,20,-,-,-,87,78,95,62,56,115,75,-,-,81,92,94,-,78,-,-,140,-,81,92,94,-,78,-,-,73,57,81,83,6,6,28,25,9,8,0,0,1,3,4,3,0,0,0,0,0,0,1,5.4,0.07,5,2.2,0.3,3.54,2,0,0.5,-1.1,0,0,0,0,0,0,0,0.0,0,0,0,0,0,0,0,0,0,0,0,0,0,0,0,0,0,0,0,0,0,0.00,0,0,0,0,0,0.0,0.0,0.0,0.00,6,6,23,10,12,1,0,0,3.54,0.3,.979,0,0,56.0,0,0,18,17,4,3,0,0,3,2,1,0,0.0,0.0
3B,Jackie Robinson,Jackie,Robinson,HILITE RECORDS,5' 11',195 lbs,R,R,68,Brooklyn Dodgers,LAD,1955,1946-1960,,84840,Bronze,Celebrating 42 - Snapshot  3B Jackie Robinson  BRO  1955,0,N,0,43,42,73,119,136,50,59,76,99,144,41,37,73,127,134,54,47,Normal,Spray,Spray,1,1,1,7,1,1,1,7,1,1,1,7,16,-,-,-,-,-,-,-,-,-,-,-,1,GB,89-91,OTT,GB'er,1,20,-,-,-,87,78,95,62,56,115,75,-,-,81,92,94,-,78,-,-,140,-,81,92,94,-,78,-,-,73,57,81,83,7,3,13,12,4,2,1,0,1,4,1,1,0,0,0,0,0,4,0,3.2,0.79,3,1.5,0.1,3.46,0,0,0.0,0.1,0,0,0,0,0,0,0,0.0,0,0,0,0,0,0,0,0,0,0,0,0,0,0,0,0,0,0,0,0,0,0.00,0,0,0,0,0,0.0,0.0,0.0,0.00,7,3,15,7,5,3,0,0,3.27,-0.9,.834,0,0,33.0,0,0,13,11,0,0,2,1,0,0,0,0,0.0,0.0
3B,Jackie Robinson,Jackie,Robinson,Statesville Shadowcats,5' 11',195 lbs,R,R,68,Brooklyn Dodgers,LAD,1955,1946-1960,,84840,Bronze,Celebrating 42 - Snapshot  3B Jackie Robinson  BRO  1955,0,N,0,43,42,73,119,136,50,59,76,99,144,41,37,73,127,134,54,47,Normal,Spray,Spray,1,1,1,7,1,1,1,7,1,1,1,7,16,-,-,-,-,-,-,-,-,-,-,-,1,GB,89-91,OTT,GB'er,1,20,-,-,-,87,78,95,62,56,115,75,-,-,81,92,94,-,78,-,-,140,-,81,92,94,-,78,-,-,73,57,81,83,5,5,21,19,6,6,0,0,0,4,0,1,0,0,0,1,0,2,0,2.3,0.06,2,-0.3,0.0,3.71,0,0,0.0,0.0,0,0,0,0,0,0,0,0.0,0,0,0,0,0,0,0,0,0,0,0,0,0,0,0,0,0,0,0,0,0,0.00,0,0,0,0,0,0.0,0.0,0.0,0.00,5,5,12,6,4,2,0,0,2.09,-0.4,.923,0,0,43.0,0,0,10,8,2,2,0,0,1,0,0,0,0.0,0.0
3B,Jackie Robinson,Jackie,Robinson,Deep 13 Mad Scientists,5' 11',195 lbs,R,R,68,Brooklyn Dodgers,LAD,1955,1946-1960,,84840,Bronze,Celebrating 42 - Snapshot  3B Jackie Robinson  BRO  1955,0,N,0,43,42,73,119,136,50,59,76,99,144,41,37,73,127,134,54,47,Normal,Spray,Spray,1,1,1,7,1,1,1,7,1,1,1,7,16,-,-,-,-,-,-,-,-,-,-,-,1,GB,89-91,OTT,GB'er,1,20,-,-,-,87,78,95,62,56,115,75,-,-,81,92,94,-,78,-,-,140,-,81,92,94,-,78,-,-,73,57,81,83,6,6,34,29,7,6,0,0,1,3,5,5,0,0,0,0,0,0,2,3.3,0.46,4,0.5,0.1,3.82,0,0,0.0,0.1,0,0,0,0,0,0,0,0.0,0,0,0,0,0,0,0,0,0,0,0,0,0,0,0,0,0,0,0,0,0,0.00,0,0,0,0,0,0.0,0.0,0.0,0.00,6,6,31,20,8,3,1,0,3.55,-1.2,.953,0,0,71.0,0,0,31,27,2,1,1,0,0,0,2,0,0.0,0.0
3B,Jackie Robinson,Jackie,Robinson,Town of Lake Loons,5' 11',195 lbs,R,R,68,Brooklyn Dodgers,LAD,1955,1946-1960,,84840,Bronze,Celebrating 42 - Snapshot  3B Jackie Robinson  BRO  1955,0,N,0,43,42,73,119,136,50,59,76,99,144,41,37,73,127,134,54,47,Normal,Spray,Spray,1,1,1,7,1,1,1,7,1,1,1,7,16,-,-,-,-,-,-,-,-,-,-,-,1,GB,89-91,OTT,GB'er,1,20,-,-,-,87,78,95,62,56,115,75,-,-,81,92,94,-,78,-,-,140,-,81,92,94,-,78,-,-,73,57,81,83,5,5,21,20,6,5,0,0,1,4,4,1,0,0,0,0,0,1,0,3.1,0.03,3,0.7,0.3,3.29,0,0,0.0,0.3,0,0,0,0,0,0,0,0.0,0,0,0,0,0,0,0,0,0,0,0,0,0,0,0,0,0,0,0,0,0,0.00,0,0,0,0,0,0.0,0.0,0.0,0.00,5,5,16,11,5,0,0,0,3.30,1.3,1.185,0,0,43.2,0,0,12,12,0,0,3,2,2,1,1,1,0.0,0.0
3B,Jackie Robinson,Jackie,Robinson,San Francisco Seals,5' 11',195 lbs,R,R,68,Brooklyn Dodgers,LAD,1955,1946-1960,,84840,Bronze,Celebrating 42 - Snapshot  3B Jackie Robinson  BRO  1955,0,N,0,43,42,73,119,136,50,59,76,99,144,41,37,73,127,134,54,47,Normal,Spray,Spray,1,1,1,7,1,1,1,7,1,1,1,7,16,-,-,-,-,-,-,-,-,-,-,-,1,GB,89-91,OTT,GB'er,1,20,-,-,-,87,78,95,62,56,115,75,-,-,81,92,94,-,78,-,-,140,-,81,92,94,-,78,-,-,73,57,81,83,12,12,57,52,6,5,0,0,1,2,5,5,0,0,0,0,0,8,0,2.0,-0.43,0,-5.8,-0.2,3.91,0,0,0.0,0.2,0,0,0,0,0,0,0,0.0,0,0,0,0,0,0,0,0,0,0,0,0,0,0,0,0,0,0,0,0,0,0.00,0,0,0,0,0,0.0,0.0,0.0,0.00,12,12,33,23,10,0,3,0,2.63,1.4,1.077,0,0,113.0,0,0,32,32,1,1,1,1,0,0,0,0,0.0,0.0
3B,Jackie Robinson,Jackie,Robinson,Jinzhou Speedster,5' 11',195 lbs,R,R,68,Brooklyn Dodgers,LAD,1955,1946-1960,,84840,Bronze,Celebrating 42 - Snapshot  3B Jackie Robinson  BRO  1955,0,N,0,43,42,73,119,136,50,59,76,99,144,41,37,73,127,134,54,47,Normal,Spray,Spray,1,1,1,7,1,1,1,7,1,1,1,7,16,-,-,-,-,-,-,-,-,-,-,-,1,GB,89-91,OTT,GB'er,1,20,-,-,-,87,78,95,62,56,115,75,-,-,81,92,94,-,78,-,-,140,-,81,92,94,-,78,-,-,73,57,81,83,5,5,20,18,5,3,0,0,2,5,2,2,0,0,0,0,0,3,1,3.5,0.16,4,1.7,0.3,3.35,0,0,0.0,0.0,0,0,0,0,0,0,0,0.0,0,0,0,0,0,0,0,0,0,0,0,0,0,0,0,0,0,0,0,0,0,0.00,0,0,0,0,0,0.0,0.0,0.0,0.00,7,5,17,8,8,1,1,0,3.30,0.2,1.077,0,0,43.2,0,0,14,13,1,1,0,0,0,0,0,0,0.0,0.0
3B,Jackie Robinson,Jackie,Robinson,Ungentlemanly Fightin' Fellows TTC,5' 11',195 lbs,R,R,68,Brooklyn Dodgers,LAD,1955,1946-1960,,84840,Bronze,Celebrating 42 - Snapshot  3B Jackie Robinson  BRO  1955,0,N,0,43,42,73,119,136,50,59,76,99,144,41,37,73,127,134,54,47,Normal,Spray,Spray,1,1,1,7,1,1,1,7,1,1,1,7,16,-,-,-,-,-,-,-,-,-,-,-,1,GB,89-91,OTT,GB'er,1,20,-,-,-,87,78,95,62,56,115,75,-,-,81,92,94,-,78,-,-,140,-,81,92,94,-,78,-,-,73,57,81,83,4,4,19,15,3,2,0,0,1,1,2,4,2,0,0,0,0,1,0,2.4,-0.19,1,-0.4,-0.0,3.47,0,0,0.0,-0.4,0,0,0,0,0,0,0,0.0,0,0,0,0,0,0,0,0,0,0,0,0,0,0,0,0,0,0,0,0,0,0.00,0,0,0,0,0,0.0,0.0,0.0,0.00,4,4,12,10,1,1,1,0,2.91,-0.2,.979,0,0,34.0,0,0,10,9,1,1,1,0,0,0,0,0,0.0,0.0
3B,Jackie Robinson,Jackie,Robinson,Huatulco Tacos,5' 11',195 lbs,R,R,68,Brooklyn Dodgers,LAD,1955,1946-1960,,84840,Bronze,Celebrating 42 - Snapshot  3B Jackie Robinson  BRO  1955,0,N,0,43,42,73,119,136,50,59,76,99,144,41,37,73,127,134,54,47,Normal,Spray,Spray,1,1,1,7,1,1,1,7,1,1,1,7,16,-,-,-,-,-,-,-,-,-,-,-,1,GB,89-91,OTT,GB'er,1,20,-,-,-,87,78,95,62,56,115,75,-,-,81,92,94,-,78,-,-,140,-,81,92,94,-,78,-,-,73,57,81,83,4,4,17,17,5,5,0,0,0,2,0,0,0,0,0,0,0,2,0,1.5,0.17,1,-0.6,0.0,3.59,0,0,0.0,0.0,0,0,0,0,0,0,0,0.0,0,0,0,0,0,0,0,0,0,0,0,0,0,0,0,0,0,0,0,0,0,0.00,0,0,0,0,0,0.0,0.0,0.0,0.00,4,4,15,10,5,0,0,0,3.46,0.4,1.077,0,0,39.0,0,0,14,14,0,0,2,1,1,0,0,0,0.0,0.0
3B,Jackie Robinson,Jackie,Robinson,Port Townsend Wild Daphnes,5' 11',195 lbs,R,R,68,Brooklyn Dodgers,LAD,1955,1946-1960,,84840,Bronze,Celebrating 42 - Snapshot  3B Jackie Robinson  BRO  1955,0,N,0,43,42,73,119,136,50,59,76,99,144,41,37,73,127,134,54,47,Normal,Spray,Spray,1,1,1,7,1,1,1,7,1,1,1,7,16,-,-,-,-,-,-,-,-,-,-,-,1,GB,89-91,OTT,GB'er,1,20,-,-,-,87,78,95,62,56,115,75,-,-,81,92,94,-,78,-,-,140,-,81,92,94,-,78,-,-,73,57,81,83,32,31,125,109,19,18,1,0,0,6,12,15,0,0,0,1,0,16,3,6.1,-0.70,6,-8.1,-0.1,4.09,0,0,0.0,0.4,0,0,0,0,0,0,0,0.0,0,0,0,0,0,0,0,0,0,0,0,0,0,0,0,0,0,0,0,0,0,0.00,0,0,0,0,0,0.0,0.0,0.0,0.00,31,31,85,53,31,1,2,0,2.80,2.1,1.058,0,0,269.2,0,0,76,73,7,6,1,0,5,3,4,0,0.0,0.0
3B,Jackie Robinson,Jackie,Robinson,Aberfeldie Falcons,5' 11',195 lbs,R,R,68,Brooklyn Dodgers,LAD,1955,1946-1960,,84840,Bronze,Celebrating 42 - Snapshot  3B Jackie Robinson  BRO  1955,0,N,0,43,42,73,119,136,50,59,76,99,144,41,37,73,127,134,54,47,Normal,Spray,Spray,1,1,1,7,1,1,1,7,1,1,1,7,16,-,-,-,-,-,-,-,-,-,-,-,1,GB,89-91,OTT,GB'er,1,20,-,-,-,87,78,95,62,56,115,75,-,-,81,92,94,-,78,-,-,140,-,81,92,94,-,78,-,-,73,57,81,83,5,5,22,21,6,5,0,1,0,2,3,0,0,0,1,0,0,2,1,1.9,0.09,2,-0.5,0.0,2.95,0,0,0.0,0.0,0,0,0,0,0,0,0,0.0,0,0,0,0,0,0,0,0,0,0,0,0,0,0,0,0,0,0,0,0,0,0.00,0,0,0,0,0,0.0,0.0,0.0,0.00,5,5,13,8,5,0,0,0,2.92,0.0,1.077,0,0,40.0,0,0,13,12,1,0,0,0,0,0,0,0,0.0,0.0
3B,Jackie Robinson,Jackie,Robinson,Allston Wolf Spiders,5' 11',195 lbs,R,R,68,Brooklyn Dodgers,LAD,1955,1946-1960,,84840,Bronze,Celebrating 42 - Snapshot  3B Jackie Robinson  BRO  1955,0,N,0,43,42,73,119,136,50,59,76,99,144,41,37,73,127,134,54,47,Normal,Spray,Spray,1,1,1,7,1,1,1,7,1,1,1,7,16,-,-,-,-,-,-,-,-,-,-,-,1,GB,89-91,OTT,GB'er,1,20,-,-,-,87,78,95,62,56,115,75,-,-,81,92,94,-,78,-,-,140,-,81,92,94,-,78,-,-,73,57,81,83,7,6,25,22,5,3,1,0,1,3,6,2,0,0,0,1,0,3,0,2.8,0.10,2,-0.2,0.1,3.44,0,0,0.0,0.2,0,0,0,0,0,0,0,0.0,0,0,0,0,0,0,0,0,0,0,0,0,0,0,0,0,0,0,0,0,0,0.00,0,0,0,0,0,0.0,0.0,0.0,0.00,6,6,21,18,1,2,1,0,3.42,-0.3,.970,0,0,50.0,0,0,19,17,2,2,0,0,1,0,1,0,0.0,0.0
3B,Jackie Robinson,Jackie,Robinson,Brentwood Senators,5' 11',195 lbs,R,R,68,Brooklyn Dodgers,LAD,1955,1946-1960,,84840,Bronze,Celebrating 42 - Snapshot  3B Jackie Robinson  BRO  1955,0,N,0,43,42,73,119,136,50,59,76,99,144,41,37,73,127,134,54,47,Normal,Spray,Spray,1,1,1,7,1,1,1,7,1,1,1,7,16,-,-,-,-,-,-,-,-,-,-,-,1,GB,89-91,OTT,GB'er,1,20,-,-,-,87,78,95,62,56,115,75,-,-,81,92,94,-,78,-,-,140,-,81,92,94,-,78,-,-,73,57,81,83,5,5,22,20,3,3,0,0,0,1,2,1,0,0,0,1,0,2,1,0.5,-0.30,0,-2.6,-0.2,3.82,0,0,0.0,0.5,0,0,0,0,0,0,0,0.0,0,0,0,0,0,0,0,0,0,0,0,0,0,0,0,0,0,0,0,0,0,0.00,0,0,0,0,0,0.0,0.0,0.0,0.00,5,5,15,10,5,0,0,0,3.14,-0.2,.988,0,0,43.0,0,0,16,14,1,1,0,0,0,0,0,0,0.0,0.0
3B,Jackie Robinson,Jackie,Robinson,Louisville Haymakers,5' 11',195 lbs,R,R,68,Brooklyn Dodgers,LAD,1955,1946-1960,,84840,Bronze,Celebrating 42 - Snapshot  3B Jackie Robinson  BRO  1955,0,N,0,43,42,73,119,136,50,59,76,99,144,41,37,73,127,134,54,47,Normal,Spray,Spray,1,1,1,7,1,1,1,7,1,1,1,7,16,-,-,-,-,-,-,-,-,-,-,-,1,GB,89-91,OTT,GB'er,1,20,-,-,-,87,78,95,62,56,115,75,-,-,81,92,94,-,78,-,-,140,-,81,92,94,-,78,-,-,73,57,81,83,7,6,29,27,6,6,0,0,0,2,2,1,0,0,1,0,0,3,1,1.4,-0.18,1,-2.2,-0.1,3.62,0,0,0.0,-0.0,0,0,0,0,0,0,0,0.0,0,0,0,0,0,0,0,0,0,0,0,0,0,0,0,0,0,0,0,0,0,0.00,0,0,0,0,0,0.0,0.0,0.0,0.00,7,6,19,8,10,1,0,0,3.02,-0.0,.988,0,0,53.2,0,0,18,17,1,1,0,0,1,0,2,0,0.0,0.0
3B,Jackie Robinson,Jackie,Robinson,Aurora Highlanders,5' 11',195 lbs,R,R,68,Brooklyn Dodgers,LAD,1955,1946-1960,,84840,Bronze,Celebrating 42 - Snapshot  3B Jackie Robinson  BRO  1955,0,N,0,43,42,73,119,136,50,59,76,99,144,41,37,73,127,134,54,47,Normal,Spray,Spray,1,1,1,7,1,1,1,7,1,1,1,7,16,-,-,-,-,-,-,-,-,-,-,-,1,GB,89-91,OTT,GB'er,1,20,-,-,-,87,78,95,62,56,115,75,-,-,81,92,94,-,78,-,-,140,-,81,92,94,-,78,-,-,73,57,81,83,5,5,20,19,3,3,0,0,0,0,1,1,0,0,0,0,0,2,0,0.7,-0.36,0,-2.2,-0.1,3.70,0,0,0.0,0.0,0,0,0,0,0,0,0,0.0,0,0,0,0,0,0,0,0,0,0,0,0,0,0,0,0,0,0,0,0,0,0.00,0,0,0,0,0,0.0,0.0,0.0,0.00,5,5,13,10,2,1,3,0,2.45,0.2,1.077,0,0,44.0,0,0,11,10,2,1,1,1,0,0,0,0,0.0,0.0
3B,Jackie Robinson,Jackie,Robinson,HickoryHoller JayBirds,5' 11',195 lbs,R,R,68,Brooklyn Dodgers,LAD,1955,1946-1960,,84840,Bronze,Celebrating 42 - Snapshot  3B Jackie Robinson  BRO  1955,0,N,0,43,42,73,119,136,50,59,76,99,144,41,37,73,127,134,54,47,Normal,Spray,Spray,1,1,1,7,1,1,1,7,1,1,1,7,16,-,-,-,-,-,-,-,-,-,-,-,1,GB,89-91,OTT,GB'er,1,20,-,-,-,87,78,95,62,56,115,75,-,-,81,92,94,-,78,-,-,140,-,81,92,94,-,78,-,-,73,57,81,83,6,6,30,28,7,6,0,0,1,2,1,2,0,0,0,0,0,2,1,2.8,-0.06,3,-0.2,0.1,3.27,0,0,0.0,0.0,0,0,0,0,0,0,0,0.0,0,0,0,0,0,0,0,0,0,0,0,0,0,0,0,0,0,0,0,0,0,0.00,0,0,0,0,0,0.0,0.0,0.0,0.00,6,6,29,15,12,2,1,0,4.24,-0.3,.916,0,0,57.1,0,0,25,23,2,2,1,1,0,0,1,0,0.0,0.0
3B,Jackie Robinson,Jackie,Robinson,Columbus Evil Squirrels,5' 11',195 lbs,R,R,68,Brooklyn Dodgers,LAD,1955,1946-1960,,84840,Bronze,Celebrating 42 - Snapshot  3B Jackie Robinson  BRO  1955,0,N,0,43,42,73,119,136,50,59,76,99,144,41,37,73,127,134,54,47,Normal,Spray,Spray,1,1,1,7,1,1,1,7,1,1,1,7,16,-,-,-,-,-,-,-,-,-,-,-,1,GB,89-91,OTT,GB'er,1,20,-,-,-,87,78,95,62,56,115,75,-,-,81,92,94,-,78,-,-,140,-,81,92,94,-,78,-,-,73,57,81,83,5,5,20,19,3,3,0,0,0,0,2,1,0,0,0,0,0,1,1,0.5,-0.36,0,-2.2,-0.2,3.45,0,0,0.0,0.2,0,0,0,0,0,0,0,0.0,0,0,0,0,0,0,0,0,0,0,0,0,0,0,0,0,0,0,0,0,0,0.00,0,0,0,0,0,0.0,0.0,0.0,0.00,5,5,13,10,3,0,1,0,2.72,-0.3,1.077,0,0,43.0,0,0,12,12,3,1,2,0,1,0,0,0,0.0,0.0
3B,Jackie Robinson,Jackie,Robinson,Gettysburg Iron Brigade,5' 11',195 lbs,R,R,68,Brooklyn Dodgers,LAD,1955,1946-1960,,84840,Bronze,Celebrating 42 - Snapshot  3B Jackie Robinson  BRO  1955,0,N,0,43,42,73,119,136,50,59,76,99,144,41,37,73,127,134,54,47,Normal,Spray,Spray,1,1,1,7,1,1,1,7,1,1,1,7,16,-,-,-,-,-,-,-,-,-,-,-,1,GB,89-91,OTT,GB'er,1,20,-,-,-,87,78,95,62,56,115,75,-,-,81,92,94,-,78,-,-,140,-,81,92,94,-,78,-,-,73,57,81,83,8,2,12,9,4,3,1,0,0,2,2,3,0,0,0,0,0,1,0,3.4,0.10,3,1.9,0.3,3.83,0,0,0.0,0.1,0,0,0,0,0,0,0,0.0,0,0,0,0,0,0,0,0,0,0,0,0,0,0,0,0,0,0,0,0,0,0.00,0,0,0,0,0,0.0,0.0,0.0,0.00,7,2,11,6,5,0,1,0,4.30,0.5,1.255,0,0,23.0,0,0,8,8,0,0,0,0,0,0,1,0,0.0,0.0
3B,Jackie Robinson,Jackie,Robinson,Bismarck Blizzard,5' 11',195 lbs,R,R,68,Brooklyn Dodgers,LAD,1955,1946-1960,,84840,Bronze,Celebrating 42 - Snapshot  3B Jackie Robinson  BRO  1955,0,N,0,43,42,73,119,136,50,59,76,99,144,41,37,73,127,134,54,47,Normal,Spray,Spray,1,1,1,7,1,1,1,7,1,1,1,7,16,-,-,-,-,-,-,-,-,-,-,-,1,GB,89-91,OTT,GB'er,1,20,-,-,-,87,78,95,62,56,115,75,-,-,81,92,94,-,78,-,-,140,-,81,92,94,-,78,-,-,73,57,81,83,5,5,21,17,0,0,0,0,0,1,1,3,0,1,0,0,0,1,0,0.2,-0.26,0,-2.8,-0.1,3.14,0,0,0.0,-0.0,0,0,0,0,0,0,0,0.0,0,0,0,0,0,0,0,0,0,0,0,0,0,0,0,0,0,0,0,0,0,0.00,0,0,0,0,0,0.0,0.0,0.0,0.00,5,5,17,12,4,1,2,0,3.35,1.1,1.077,0,0,43.0,0,0,11,10,3,3,1,1,1,1,1,1,0.0,0.0
3B,Jackie Robinson,Jackie,Robinson,Columbus Fire Ants,5' 11',195 lbs,R,R,68,Brooklyn Dodgers,LAD,1955,1946-1960,,84840,Bronze,Celebrating 42 - Snapshot  3B Jackie Robinson  BRO  1955,0,N,0,43,42,73,119,136,50,59,76,99,144,41,37,73,127,134,54,47,Normal,Spray,Spray,1,1,1,7,1,1,1,7,1,1,1,7,16,-,-,-,-,-,-,-,-,-,-,-,1,GB,89-91,OTT,GB'er,1,20,-,-,-,87,78,95,62,56,115,75,-,-,81,92,94,-,78,-,-,140,-,81,92,94,-,78,-,-,73,57,81,83,10,10,41,35,4,3,0,1,0,0,3,6,0,0,0,0,0,5,1,1.5,-0.23,1,-3.2,-0.2,3.59,0,1,-0.5,-0.0,0,0,0,0,0,0,0,0.0,0,0,0,0,0,0,0,0,0,0,0,0,0,0,0,0,0,0,0,0,0,0.00,0,0,0,0,0,0.0,0.0,0.0,0.00,10,10,27,19,7,1,3,0,2.66,0.5,1.077,0,0,88.0,0,0,22,21,3,2,2,1,0,0,1,0,0.0,0.0
3B,Jackie Robinson,Jackie,Robinson,Groundball Defenders,5' 11',195 lbs,R,R,68,Brooklyn Dodgers,LAD,1955,1946-1960,,84840,Bronze,Celebrating 42 - Snapshot  3B Jackie Robinson  BRO  1955,0,N,0,43,42,73,119,136,50,59,76,99,144,41,37,73,127,134,54,47,Normal,Spray,Spray,1,1,1,7,1,1,1,7,1,1,1,7,16,-,-,-,-,-,-,-,-,-,-,-,1,GB,89-91,OTT,GB'er,1,20,-,-,-,87,78,95,62,56,115,75,-,-,81,92,94,-,78,-,-,140,-,81,92,94,-,78,-,-,73,57,81,83,15,15,55,51,14,14,0,0,0,5,8,2,0,0,2,0,0,6,0,4.2,0.33,4,-2.3,0.0,3.31,0,1,-0.5,0.2,0,0,0,0,0,0,0,0.0,0,0,0,0,0,0,0,0,0,0,0,0,0,0,0,0,0,0,0,0,0,0.00,0,0,0,0,0,0.0,0.0,0.0,0.00,15,15,24,15,7,2,0,0,1.82,0.6,1.077,0,0,109.0,0,0,19,18,1,1,3,2,4,1,0,0,0.0,0.0
3B,Jackie Robinson,Jackie,Robinson,Moncton Mosquitos,5' 11',195 lbs,R,R,68,Brooklyn Dodgers,LAD,1955,1946-1960,,84840,Bronze,Celebrating 42 - Snapshot  3B Jackie Robinson  BRO  1955,0,N,0,43,42,73,119,136,50,59,76,99,144,41,37,73,127,134,54,47,Normal,Spray,Spray,1,1,1,7,1,1,1,7,1,1,1,7,16,-,-,-,-,-,-,-,-,-,-,-,1,GB,89-91,OTT,GB'er,1,20,-,-,-,87,78,95,62,56,115,75,-,-,81,92,94,-,78,-,-,140,-,81,92,94,-,78,-,-,73,57,81,83,4,4,15,13,2,1,1,0,0,0,1,1,0,0,1,0,0,2,0,0.8,-0.34,0,-1.4,-0.1,2.87,0,0,0.0,-0.0,0,0,0,0,0,0,0,0.0,0,0,0,0,0,0,0,0,0,0,0,0,0,0,0,0,0,0,0,0,0,0.00,0,0,0,0,0,0.0,0.0,0.0,0.00,4,4,9,7,1,1,0,0,2.08,-0.4,.943,0,0,34.2,0,0,7,6,2,1,0,0,0,0,1,0,0.0,0.0
3B,Jackie Robinson,Jackie,Robinson,Altamonte Ryno's,5' 11',195 lbs,R,R,68,Brooklyn Dodgers,LAD,1955,1946-1960,,84840,Bronze,Celebrating 42 - Snapshot  3B Jackie Robinson  BRO  1955,0,Y,5,48,47,80,128,147,55,65,83,107,155,46,41,80,137,144,54,47,Normal,Spray,Spray,1,1,1,9,1,1,1,9,1,1,1,9,16,-,-,-,-,-,-,-,-,-,-,-,1,GB,89-91,OTT,GB'er,1,20,-,-,-,87,78,95,62,56,115,75,-,-,87,99,101,-,84,-,-,150,-,87,99,101,-,84,-,-,73,57,81,83,3,1,6,5,1,1,0,0,0,0,0,1,0,0,0,0,0,0,0,0.4,-0.04,0,-0.2,0.0,3.00,0,0,0.0,0.1,0,0,0,0,0,0,0,0.0,0,0,0,0,0,0,0,0,0,0,0,0,0,0,0,0,0,0,0,0,0,0.00,0,0,0,0,0,0.0,0.0,0.0,0.00,2,1,1,1,0,0,1,0,0.90,0.0,1.077,0,0,10.0,0,0,1,1,0,0,0,0,0,0,1,0,0.0,0.0
3B,Jackie Robinson,Jackie,Robinson,Honolulu Warriors - HotL,5' 11',195 lbs,R,R,68,Brooklyn Dodgers,LAD,1955,1946-1960,,84840,Bronze,Celebrating 42 - Snapshot  3B Jackie Robinson  BRO  1955,0,N,0,43,42,73,119,136,50,59,76,99,144,41,37,73,127,134,54,47,Normal,Spray,Spray,1,1,1,7,1,1,1,7,1,1,1,7,16,-,-,-,-,-,-,-,-,-,-,-,1,GB,89-91,OTT,GB'er,1,20,-,-,-,87,78,95,62,56,115,75,-,-,81,92,94,-,78,-,-,140,-,81,92,94,-,78,-,-,73,57,81,83,9,9,37,35,6,3,1,1,1,1,2,2,0,0,0,0,0,2,1,2.4,-0.59,2,-1.8,-0.0,3.46,0,0,0.0,0.0,0,0,0,0,0,0,0,0.0,0,0,0,0,0,0,0,0,0,0,0,0,0,0,0,0,0,0,0,0,0,0.00,0,0,0,0,0,0.0,0.0,0.0,0.00,11,9,28,15,12,1,1,0,2.94,0.1,1.021,0,0,82.2,0,0,26,25,4,2,0,0,0,0,1,0,0.0,0.0
3B,Jackie Robinson,Jackie,Robinson,PNW Wild Stallions,5' 11',195 lbs,R,R,68,Brooklyn Dodgers,LAD,1955,1946-1960,,84840,Bronze,Celebrating 42 - Snapshot  3B Jackie Robinson  BRO  1955,0,N,0,43,42,73,119,136,50,59,76,99,144,41,37,73,127,134,54,47,Normal,Spray,Spray,1,1,1,7,1,1,1,7,1,1,1,7,16,-,-,-,-,-,-,-,-,-,-,-,1,GB,89-91,OTT,GB'er,1,20,-,-,-,87,78,95,62,56,115,75,-,-,81,92,94,-,78,-,-,140,-,81,92,94,-,78,-,-,73,57,81,83,9,9,35,31,8,6,2,0,0,2,3,3,0,0,1,0,0,3,0,3.6,-0.23,3,-0.5,0.2,4.00,0,0,0.0,0.0,0,0,0,0,0,0,0,0.0,0,0,0,0,0,0,0,0,0,0,0,0,0,0,0,0,0,0,0,0,0,0.00,0,0,0,0,0,0.0,0.0,0.0,0.00,9,9,55,14,41,0,5,0,6.21,1.7,1.232,0,0,79.2,0,0,21,21,6,4,2,1,1,1,2,1,0.0,0.0
3B,Jackie Robinson,Jackie,Robinson,Ethiopia Pink Elephants,5' 11',195 lbs,R,R,68,Brooklyn Dodgers,LAD,1955,1946-1960,,84840,Bronze,Celebrating 42 - Snapshot  3B Jackie Robinson  BRO  1955,0,Y,5,48,47,80,128,147,55,65,83,107,155,46,41,80,137,144,54,47,Normal,Spray,Spray,1,1,1,9,1,1,1,9,1,1,1,9,16,-,-,-,-,-,-,-,-,-,-,-,1,GB,89-91,OTT,GB'er,1,20,-,-,-,87,78,95,62,56,115,75,-,-,87,99,101,-,84,-,-,150,-,87,99,101,-,84,-,-,73,57,81,83,5,5,25,22,4,3,0,0,1,1,2,2,0,0,1,0,0,4,0,1.9,-0.34,1,-1.2,0.1,3.16,0,0,0.0,0.2,0,0,0,0,0,0,0,0.0,0,0,0,0,0,0,0,0,0,0,0,0,0,0,0,0,0,0,0,0,0,0.00,0,0,0,0,0,0.0,0.0,0.0,0.00,5,5,16,9,7,0,0,0,3.35,0.8,1.077,0,0,43.0,0,0,14,14,1,1,0,0,1,1,1,0,0.0,0.0
3B,Jackie Robinson,Jackie,Robinson,Moonsault Collective MCs,5' 11',195 lbs,R,R,68,Brooklyn Dodgers,LAD,1955,1946-1960,,84840,Bronze,Celebrating 42 - Snapshot  3B Jackie Robinson  BRO  1955,0,N,0,43,42,73,119,136,50,59,76,99,144,41,37,73,127,134,54,47,Normal,Spray,Spray,1,1,1,7,1,1,1,7,1,1,1,7,16,-,-,-,-,-,-,-,-,-,-,-,1,GB,89-91,OTT,GB'er,1,20,-,-,-,87,78,95,62,56,115,75,-,-,81,92,94,-,78,-,-,140,-,81,92,94,-,78,-,-,73,57,81,83,14,14,59,53,10,9,0,0,1,4,6,3,0,1,1,0,1,7,1,3.3,-0.06,2,-4.0,0.0,3.58,0,0,0.0,0.3,0,0,0,0,0,0,0,0.0,0,0,0,0,0,0,0,0,0,0,0,0,0,0,0,0,0,0,0,0,0,0.00,0,0,0,0,0,0.0,0.0,0.0,0.00,14,14,38,26,12,0,2,0,2.90,2.1,1.077,0,0,118.0,0,0,28,28,5,5,2,2,3,2,2,0,0.0,0.0
3B,Jackie Robinson,Jackie,Robinson,Daegu Lions,5' 11',195 lbs,R,R,68,Brooklyn Dodgers,LAD,1955,1946-1960,,84840,Bronze,Celebrating 42 - Snapshot  3B Jackie Robinson  BRO  1955,0,N,0,43,42,73,119,136,50,59,76,99,144,41,37,73,127,134,54,47,Normal,Spray,Spray,1,1,1,7,1,1,1,7,1,1,1,7,16,-,-,-,-,-,-,-,-,-,-,-,1,GB,89-91,OTT,GB'er,1,20,-,-,-,87,78,95,62,56,115,75,-,-,81,92,94,-,78,-,-,140,-,81,92,94,-,78,-,-,73,57,81,83,15,15,56,52,8,5,0,3,0,3,5,4,0,0,0,0,0,6,0,3.2,-0.35,2,-3.9,-0.2,3.71,0,0,0.0,0.3,0,0,0,0,0,0,0,0.0,0,0,0,0,0,0,0,0,0,0,0,0,0,0,0,0,0,0,0,0,0,0.00,0,0,0,0,0,0.0,0.0,0.0,0.00,15,15,62,35,25,2,7,0,4.53,-0.3,1.030,0,0,119.1,0,0,38,35,11,7,3,1,2,0,4,0,0.0,0.0
3B,Jackie Robinson,Jackie,Robinson,Energy Efficiency,5' 11',195 lbs,R,R,68,Brooklyn Dodgers,LAD,1955,1946-1960,,84840,Bronze,Celebrating 42 - Snapshot  3B Jackie Robinson  BRO  1955,0,N,0,43,42,73,119,136,50,59,76,99,144,41,37,73,127,134,54,47,Normal,Spray,Spray,1,1,1,7,1,1,1,7,1,1,1,7,16,-,-,-,-,-,-,-,-,-,-,-,1,GB,89-91,OTT,GB'er,1,20,-,-,-,87,78,95,62,56,115,75,-,-,81,92,94,-,78,-,-,140,-,81,92,94,-,78,-,-,73,57,81,83,11,11,59,54,9,8,1,0,0,1,4,4,0,1,0,0,0,11,0,2.7,-0.47,2,-4.8,-0.3,3.86,0,0,0.0,0.1,0,0,0,0,0,0,0,0.0,0,0,0,0,0,0,0,0,0,0,0,0,0,0,0,0,0,0,0,0,0,0.00,0,0,0,0,0,0.0,0.0,0.0,0.00,11,11,32,20,9,3,2,0,2.25,-0.1,.984,0,0,116.0,0,0,28,24,3,3,2,2,0,0,0,0,0.0,0.0
3B,Jackie Robinson,Jackie,Robinson,The Spacehog,5' 11',195 lbs,R,R,68,Brooklyn Dodgers,LAD,1955,1946-1960,,84840,Bronze,Celebrating 42 - Snapshot  3B Jackie Robinson  BRO  1955,0,N,0,43,42,73,119,136,50,59,76,99,144,41,37,73,127,134,54,47,Normal,Spray,Spray,1,1,1,7,1,1,1,7,1,1,1,7,16,-,-,-,-,-,-,-,-,-,-,-,1,GB,89-91,OTT,GB'er,1,20,-,-,-,87,78,95,62,56,115,75,-,-,81,92,94,-,78,-,-,140,-,81,92,94,-,78,-,-,73,57,81,83,6,6,22,16,2,2,0,0,0,2,0,4,1,0,1,1,0,2,0,1.0,0.00,0,-2.2,-0.2,3.91,0,0,0.0,-0.7,0,0,0,0,0,0,0,0.0,0,0,0,0,0,0,0,0,0,0,0,0,0,0,0,0,0,0,0,0,0,0.00,0,0,0,0,0,0.0,0.0,0.0,0.00,6,6,28,19,8,1,0,0,4.76,0.6,1.077,0,0,51.0,0,0,25,23,4,4,0,0,1,0,0,0,0.0,0.0
3B,Jackie Robinson,Jackie,Robinson,Roseburg River Hawks,5' 11',195 lbs,R,R,68,Brooklyn Dodgers,LAD,1955,1946-1960,,84840,Bronze,Celebrating 42 - Snapshot  3B Jackie Robinson  BRO  1955,0,N,0,43,42,73,119,136,50,59,76,99,144,41,37,73,127,134,54,47,Normal,Spray,Spray,1,1,1,7,1,1,1,7,1,1,1,7,16,-,-,-,-,-,-,-,-,-,-,-,1,GB,89-91,OTT,GB'er,1,20,-,-,-,87,78,95,62,56,115,75,-,-,81,92,94,-,78,-,-,140,-,81,92,94,-,78,-,-,73,57,81,83,7,6,27,24,6,6,0,0,0,4,4,3,0,0,0,0,0,1,0,2.3,-0.10,2,-0.6,0.1,4.00,0,0,0.0,0.4,0,0,0,0,0,0,0,0.0,0,0,0,0,0,0,0,0,0,0,0,0,0,0,0,0,0,0,0,0,0,0.00,0,0,0,0,0,0.0,0.0,0.0,0.00,7,6,23,13,8,2,0,0,3.42,-0.2,.943,0,0,55.1,0,0,19,17,1,1,3,2,0,0,1,0,0.0,0.0
3B,Jackie Robinson,Jackie,Robinson,Sabo's Saturn League Legends TTC,5' 11',195 lbs,R,R,68,Brooklyn Dodgers,LAD,1955,1946-1960,,84840,Bronze,Celebrating 42 - Snapshot  3B Jackie Robinson  BRO  1955,0,N,0,43,42,73,119,136,50,59,76,99,144,41,37,73,127,134,54,47,Normal,Spray,Spray,1,1,1,7,1,1,1,7,1,1,1,7,16,-,-,-,-,-,-,-,-,-,-,-,1,GB,89-91,OTT,GB'er,1,20,-,-,-,87,78,95,62,56,115,75,-,-,81,92,94,-,78,-,-,140,-,81,92,94,-,78,-,-,73,57,81,83,12,12,52,48,14,13,0,0,1,4,4,4,0,0,0,0,0,5,0,6.2,0.16,6,0.5,0.2,3.63,0,0,0.0,0.0,0,0,0,0,0,0,0,0.0,0,0,0,0,0,0,0,0,0,0,0,0,0,0,0,0,0,0,0,0,0,0.00,0,0,0,0,0,0.0,0.0,0.0,0.00,12,12,37,21,14,2,3,0,2.97,-0.3,.988,0,0,106.0,0,0,31,30,4,1,3,2,2,0,0,0,0.0,0.0
3B,Jackie Robinson,Jackie,Robinson,Atlanta Braves TTC,5' 11',195 lbs,R,R,68,Brooklyn Dodgers,LAD,1955,1946-1960,,84840,Bronze,Celebrating 42 - Snapshot  3B Jackie Robinson  BRO  1955,0,N,0,43,42,73,119,136,50,59,76,99,144,41,37,73,127,134,54,47,Normal,Spray,Spray,1,1,1,7,1,1,1,7,1,1,1,7,16,-,-,-,-,-,-,-,-,-,-,-,1,GB,89-91,OTT,GB'er,1,20,-,-,-,87,78,95,62,56,115,75,-,-,81,92,94,-,78,-,-,140,-,81,92,94,-,78,-,-,73,57,81,83,12,11,49,41,11,7,2,0,2,7,7,5,1,0,3,0,0,3,0,7.1,-0.26,6,0.6,0.3,3.76,0,0,0.0,0.3,0,0,0,0,0,0,0,0.0,0,0,0,0,0,0,0,0,0,0,0,0,0,0,0,0,0,0,0,0,0,0.00,0,0,0,0,0,0.0,0.0,0.0,0.00,12,11,32,24,6,2,2,0,3.02,0.2,.998,0,0,89.1,0,0,26,24,2,2,1,1,3,1,1,0,0.0,0.0
3B,Jackie Robinson,Jackie,Robinson,Indiana Rhubarbs,5' 11',195 lbs,R,R,68,Brooklyn Dodgers,LAD,1955,1946-1960,,84840,Bronze,Celebrating 42 - Snapshot  3B Jackie Robinson  BRO  1955,0,N,0,43,42,73,119,136,50,59,76,99,144,41,37,73,127,134,54,47,Normal,Spray,Spray,1,1,1,7,1,1,1,7,1,1,1,7,16,-,-,-,-,-,-,-,-,-,-,-,1,GB,89-91,OTT,GB'er,1,20,-,-,-,87,78,95,62,56,115,75,-,-,81,92,94,-,78,-,-,140,-,81,92,94,-,78,-,-,73,57,81,83,8,8,64,59,33,23,8,1,1,22,30,3,0,2,0,0,0,1,0,29.0,0.34,22,14.7,1.9,3.59,3,0,0.8,0.3,0,0,0,0,0,0,0,0.0,0,0,0,0,0,0,0,0,0,0,0,0,0,0,0,0,0,0,0,0,0,0.00,0,0,0,0,0,0.0,0.0,0.0,0.00,8,8,15,9,6,0,0,0,1.78,0.6,1.077,0,0,75.2,0,0,13,13,1,1,1,1,1,0,0,0,0.0,0.0
3B,Jackie Robinson,Jackie,Robinson,Patchogue Pirates,5' 11',195 lbs,R,R,68,Brooklyn Dodgers,LAD,1955,1946-1960,,84840,Bronze,Celebrating 42 - Snapshot  3B Jackie Robinson  BRO  1955,0,N,0,43,42,73,119,136,50,59,76,99,144,41,37,73,127,134,54,47,Normal,Spray,Spray,1,1,1,7,1,1,1,7,1,1,1,7,16,-,-,-,-,-,-,-,-,-,-,-,1,GB,89-91,OTT,GB'er,1,20,-,-,-,87,78,95,62,56,115,75,-,-,81,92,94,-,78,-,-,140,-,81,92,94,-,78,-,-,73,57,81,83,9,9,43,40,9,6,1,0,2,11,3,2,0,0,0,1,0,4,0,4.4,-0.02,4,-0.7,0.2,3.47,0,0,0.0,0.3,0,0,0,0,0,0,0,0.0,0,0,0,0,0,0,0,0,0,0,0,0,0,0,0,0,0,0,0,0,0,0.00,0,0,0,0,0,0.0,0.0,0.0,0.00,9,9,30,19,11,0,2,0,2.99,0.6,1.079,0,0,90.1,0,0,25,23,5,5,0,0,2,0,1,0,0.0,0.0
3B,Jackie Robinson,Jackie,Robinson,Transylvania Counts,5' 11',195 lbs,R,R,68,Brooklyn Dodgers,LAD,1955,1946-1960,,84840,Bronze,Celebrating 42 - Snapshot  3B Jackie Robinson  BRO  1955,0,N,0,43,42,73,119,136,50,59,76,99,144,41,37,73,127,134,54,47,Normal,Spray,Spray,1,1,1,7,1,1,1,7,1,1,1,7,16,-,-,-,-,-,-,-,-,-,-,-,1,GB,89-91,OTT,GB'er,1,20,-,-,-,87,78,95,62,56,115,75,-,-,81,92,94,-,78,-,-,140,-,81,92,94,-,78,-,-,73,57,81,83,5,5,24,21,1,1,0,0,0,0,1,2,0,0,1,0,0,2,2,0.1,-0.40,-1,-4.0,-0.5,3.71,0,0,0.0,-1.0,0,0,0,0,0,0,0,0.0,0,0,0,0,0,0,0,0,0,0,0,0,0,0,0,0,0,0,0,0,0,0.00,0,0,0,0,0,0.0,0.0,0.0,0.00,5,5,14,6,7,1,0,0,2.60,-0.5,.862,0,0,45.0,0,0,14,13,1,1,0,0,2,0,1,0,0.0,0.0
3B,Jim Tabor,Jim,Tabor,Newport News Dodgers_TTC,6' 2',175 lbs,R,R,54,Boston Red Sox,BOS,1939,1921-1945,,85905,Iron,4 HR on 4th of July  3B Jim Tabor  BOS  1939,0,N,0,72,82,108,60,92,66,71,88,68,101,75,85,117,55,89,69,52,Normal,Normal,Normal,1,1,1,1,1,1,1,1,1,1,1,1,16,-,-,-,-,-,-,-,-,-,-,-,1,NEU,90-92,3/4,Normal,1,6,-,-,-,86,47,81,41,6,1,1,-,-,-,-,69,-,-,-,-,122,-,-,-,69,-,-,-,-,66,72,71,81,6,6,24,23,6,5,1,0,0,1,1,0,0,0,1,0,0,3,1,1.6,-0.04,1,-1.2,0.0,3.58,0,0,0.0,0.3,0,0,0,0,0,0,0,0.0,0,0,0,0,0,0,0,0,0,0,0,0,0,0,0,0,0,0,0,0,0,0.00,0,0,0,0,0,0.0,0.0,0.0,0.00,6,6,17,12,5,0,0,0,2.77,0.5,1.077,0,0,55.1,0,0,16,16,1,1,1,0,0,0,1,0,0.0,0.0
3B,Jim Tabor,Jim,Tabor,Breslau Binturings - HotL,6' 2',175 lbs,R,R,54,Boston Red Sox,BOS,1939,1921-1945,,85905,Iron,4 HR on 4th of July  3B Jim Tabor  BOS  1939,0,Y,5,79,89,117,66,100,72,77,96,74,109,82,92,126,60,97,69,52,Normal,Normal,Normal,1,1,1,1,1,1,1,1,1,1,1,1,16,-,-,-,-,-,-,-,-,-,-,-,1,NEU,90-92,3/4,Normal,1,6,-,-,-,86,47,81,41,6,1,1,-,-,-,-,74,-,-,-,-,130,-,-,-,74,-,-,-,-,66,72,71,81,10,10,40,39,16,8,3,0,5,9,9,0,0,0,0,1,0,4,0,13.8,0.39,11,7.3,0.9,2.90,0,0,0.0,-0.2,0,0,0,0,0,0,0,0.0,0,0,0,0,0,0,0,0,0,0,0,0,0,0,0,0,0,0,0,0,0,0.00,0,0,0,0,0,0.0,0.0,0.0,0.00,10,10,33,27,5,1,1,0,3.30,0.8,1.044,0,0,87.1,0,0,25,23,6,5,2,2,6,2,2,0,0.0,0.0
3B,Jim Tabor,Jim,Tabor,Deadwood Punch and Judys TTC,6' 2',175 lbs,R,R,54,Boston Red Sox,BOS,1939,1921-1945,,85905,Iron,4 HR on 4th of July  3B Jim Tabor  BOS  1939,0,N,0,72,82,108,60,92,66,71,88,68,101,75,85,117,55,89,69,52,Normal,Normal,Normal,1,1,1,1,1,1,1,1,1,1,1,1,16,-,-,-,-,-,-,-,-,-,-,-,1,NEU,90-92,3/4,Normal,1,6,-,-,-,86,47,81,41,6,1,1,-,-,-,-,69,-,-,-,-,122,-,-,-,69,-,-,-,-,66,72,71,81,21,21,84,77,18,9,4,1,4,12,9,3,0,0,1,3,0,16,2,8.8,-0.28,9,-0.4,0.2,3.32,0,0,0.0,-0.1,0,0,0,0,0,0,0,0.0,0,0,0,0,0,0,0,0,0,0,0,0,0,0,0,0,0,0,0,0,0,0.00,0,0,0,0,0,0.0,0.0,0.0,0.00,14,14,46,35,9,2,4,0,3.22,0.6,1.048,0,0,123.0,0,0,42,40,4,3,1,1,4,0,1,0,0.0,0.0
3B,Jim Tabor,Jim,Tabor,Madison Moundsmen,6' 2',175 lbs,R,R,54,Boston Red Sox,BOS,1939,1921-1945,,85905,Iron,4 HR on 4th of July  3B Jim Tabor  BOS  1939,0,Y,5,79,89,117,66,100,72,77,96,74,109,82,92,126,60,97,69,52,Normal,Normal,Normal,1,1,1,1,1,1,1,1,1,1,1,1,16,-,-,-,-,-,-,-,-,-,-,-,1,NEU,90-92,3/4,Normal,1,6,-,-,-,86,47,81,41,6,1,1,-,-,-,-,74,-,-,-,-,130,-,-,-,74,-,-,-,-,66,72,71,81,7,7,32,30,9,5,1,1,2,4,7,2,0,0,0,0,0,4,0,6.4,0.39,6,2.5,0.5,3.84,0,0,0.0,0.7,0,0,0,0,0,0,0,0.0,0,0,0,0,0,0,0,0,0,0,0,0,0,0,0,0,0,0,0,0,0,0.00,0,0,0,0,0,0.0,0.0,0.0,0.00,7,7,19,15,3,1,0,0,2.72,0.2,1.077,0,0,59.2,0,0,18,17,0,0,2,0,2,1,1,0,0.0,0.0
3B,Jim Tabor,Jim,Tabor,New Platson Grand Petites HotL,6' 2',175 lbs,R,R,54,Boston Red Sox,BOS,1939,1921-1945,,85905,Iron,4 HR on 4th of July  3B Jim Tabor  BOS  1939,0,N,0,72,82,108,60,92,66,71,88,68,101,75,85,117,55,89,69,52,Normal,Normal,Normal,1,1,1,1,1,1,1,1,1,1,1,1,16,-,-,-,-,-,-,-,-,-,-,-,1,NEU,90-92,3/4,Normal,1,6,-,-,-,86,47,81,41,6,1,1,-,-,-,-,69,-,-,-,-,122,-,-,-,69,-,-,-,-,66,72,71,81,1,1,5,4,0,0,0,0,0,0,0,0,0,0,1,0,0,2,0,0.0,-0.10,0,-1.2,-0.1,3.60,0,0,0.0,0.0,0,0,0,0,0,0,0,0.0,0,0,0,0,0,0,0,0,0,0,0,0,0,0,0,0,0,0,0,0,0,0.00,0,0,0,0,0,0.0,0.0,0.0,0.00,1,1,2,2,0,0,0,0,2.25,0.1,1.077,0,0,8.0,0,0,2,2,0,0,0,0,0,0,0,0,0.0,0.0
3B,Jim Tabor,Jim,Tabor,BAGgin' Dingers TTC,6' 2',175 lbs,R,R,54,Boston Red Sox,BOS,1939,1921-1945,,85905,Iron,4 HR on 4th of July  3B Jim Tabor  BOS  1939,0,N,0,72,82,108,60,92,66,71,88,68,101,75,85,117,55,89,69,52,Normal,Normal,Normal,1,1,1,1,1,1,1,1,1,1,1,1,16,-,-,-,-,-,-,-,-,-,-,-,1,NEU,90-92,3/4,Normal,1,6,-,-,-,86,47,81,41,6,1,1,-,-,-,-,69,-,-,-,-,122,-,-,-,69,-,-,-,-,66,72,71,81,8,8,33,32,6,4,0,0,2,5,3,0,0,0,1,0,0,2,1,1.9,-0.06,2,-1.9,-0.1,3.70,0,0,0.0,0.0,0,0,0,0,0,0,0,0.0,0,0,0,0,0,0,0,0,0,0,0,0,0,0,0,0,0,0,0,0,0,0.00,0,0,0,0,0,0.0,0.0,0.0,0.00,8,8,19,13,4,2,0,0,2.40,-0.1,.943,0,0,63.2,0,0,16,15,1,1,1,1,1,0,2,0,0.0,0.0
3B,Jim Tabor,Jim,Tabor,Michigan Black Bears,6' 2',175 lbs,R,R,54,Boston Red Sox,BOS,1939,1921-1945,,85905,Iron,4 HR on 4th of July  3B Jim Tabor  BOS  1939,0,N,0,72,82,108,60,92,66,71,88,68,101,75,85,117,55,89,69,52,Normal,Normal,Normal,1,1,1,1,1,1,1,1,1,1,1,1,16,-,-,-,-,-,-,-,-,-,-,-,1,NEU,90-92,3/4,Normal,1,6,-,-,-,86,47,81,41,6,1,1,-,-,-,-,69,-,-,-,-,122,-,-,-,69,-,-,-,-,66,72,71,81,17,15,64,62,18,10,2,2,4,10,9,1,0,0,0,1,0,12,2,9.9,0.23,10,3.3,0.6,3.70,1,0,0.3,0.3,0,0,0,0,0,0,0,0.0,0,0,0,0,0,0,0,0,0,0,0,0,0,0,0,0,0,0,0,0,0,0.00,0,0,0,0,0,0.0,0.0,0.0,0.00,15,15,54,39,11,4,1,0,3.41,0.0,.979,0,0,132.0,0,0,45,42,7,5,3,2,2,1,0,0,0.0,0.0
3B,Bill Tuttle,Bill,Tuttle,New Platson Grand Petites HotL,6' 0',190 lbs,R,R,59,Kansas City Athletics,OAK,1959,1946-1960,CS,86649,Iron,Clubhouse - Unsung Heroes  CF Bill Tuttle  KC1  1959,0,N,0,89,71,46,105,133,78,77,58,110,117,93,70,43,104,138,43,26,Normal,Normal,Normal,1,1,1,4,1,1,1,4,1,1,1,4,16,17,17,-,-,-,-,-,-,-,-,-,3,NEU,89-91,OTT,Normal,1,10,-,-,-,86,55,95,48,110,81,121,-,-,-,-,82,-,-,126,-,128,-,-,-,82,-,-,126,-,71,60,65,79,6,5,22,21,5,5,0,0,0,2,1,0,0,0,1,0,0,1,1,1.0,-0.32,0,-1.8,-0.1,3.55,0,0,0.0,-0.0,0,0,0,0,0,0,0,0.0,0,0,0,0,0,0,0,0,0,0,0,0,0,0,0,0,0,0,0,0,0,0.00,0,0,0,0,0,0.0,0.0,0.0,0.00,5,5,12,5,6,1,0,0,2.25,-0.9,.941,0,0,44.0,0,0,10,8,3,2,1,0,1,0,4,0,0.0,0.5
3B,Russ Wrightstone,Russ,Wrightstone,Beachcrest Blue Hornets,5' 10',175 lbs,L,R,63,Philadelphia Phillies,PHI,1921,1921-1945,,83563,Bronze,Snapshot  3B Russ Wrightstone  PHI  1921,0,N,0,49,60,91,52,106,36,50,71,58,98,54,62,98,51,109,37,8,Normal,Spray,Spray,1,1,1,7,1,1,1,7,1,1,2,7,16,-,-,-,-,-,-,-,-,-,-,-,1,GB,90-92,3/4,GB'er,1,13,-,-,-,62,64,75,41,46,52,61,-,-,69,58,62,48,50,-,-,115,-,69,58,62,48,50,-,-,60,53,58,65,4,4,16,13,4,2,0,0,2,3,2,1,0,1,0,1,0,2,0,4.1,0.24,3,2.0,0.2,4.25,0,0,0.0,-0.0,0,0,0,0,0,0,0,0.0,0,0,0,0,0,0,0,0,0,0,0,0,0,0,0,0,0,0,0,0,0,0.00,0,0,0,0,0,0.0,0.0,0.0,0.00,4,4,12,9,3,0,0,0,3.18,-0.1,.979,0,0,34.0,0,0,13,12,0,0,0,0,0,0,0,0,0.0,0.0
3B,Russ Wrightstone,Russ,Wrightstone,Sabo's Saturn League Legends TTC,5' 10',175 lbs,L,R,63,Philadelphia Phillies,PHI,1921,1921-1945,,83563,Bronze,Snapshot  3B Russ Wrightstone  PHI  1921,0,N,0,49,60,91,52,106,36,50,71,58,98,54,62,98,51,109,37,8,Normal,Spray,Spray,1,1,1,7,1,1,1,7,1,1,2,7,16,-,-,-,-,-,-,-,-,-,-,-,1,GB,90-92,3/4,GB'er,1,13,-,-,-,62,64,75,41,46,52,61,-,-,69,58,62,48,50,-,-,115,-,69,58,62,48,50,-,-,60,53,58,65,1,1,3,3,1,1,0,0,0,0,1,0,0,0,0,0,0,0,0,0.3,0.04,0,-0.0,0.0,3.67,0,0,0.0,0.1,0,0,0,0,0,0,0,0.0,0,0,0,0,0,0,0,0,0,0,0,0,0,0,0,0,0,0,0,0,0,0.00,0,0,0,0,0,0.0,0.0,0.0,0.00,1,1,2,2,0,0,0,0,2.25,0.1,1.115,0,0,8.0,0,0,1,1,1,0,0,0,0,0,1,1,0.0,0.0
SS,Luis Aparicio,Luis,Aparicio,Newport News Dodgers_TTC,5' 9',160 lbs,R,R,52,Chicago White Sox,CHW,1957,1946-1960,,82702,Iron,Hardware Heroes  SS Luis Aparicio  CWS  1957,0,N,0,79,66,19,72,113,72,50,19,85,158,81,70,19,68,99,106,105,Normal,Normal,Normal,1,1,1,5,1,1,1,5,1,1,1,5,16,-,-,-,-,-,-,-,-,-,-,-,1,NEU,90-92,3/4,Normal,1,14,-,-,-,103,89,73,78,9,6,8,-,-,-,-,-,95,-,-,-,152,-,-,-,-,95,-,-,-,97,91,101,87,3,1,5,5,1,1,0,0,0,0,0,0,0,0,0,0,0,1,0,0.2,-0.11,0,-0.5,0.0,4.00,0,0,0.0,0.0,0,0,0,0,0,0,0,0.0,0,0,0,0,0,0,0,0,0,0,0,0,0,0,0,0,0,0,0,0,0,0.00,0,0,0,0,0,0.0,0.0,0.0,0.00,3,1,8,4,3,1,0,0,4.50,0.3,1.115,0,0,14.0,0,0,5,5,0,0,1,0,1,1,0,0,0.0,0.0
SS,Luis Aparicio,Luis,Aparicio,Gettysburg Iron Brigade,5' 9',160 lbs,R,R,52,Chicago White Sox,CHW,1957,1946-1960,,82702,Iron,Hardware Heroes  SS Luis Aparicio  CWS  1957,0,N,0,79,66,19,72,113,72,50,19,85,158,81,70,19,68,99,106,105,Normal,Normal,Normal,1,1,1,5,1,1,1,5,1,1,1,5,16,-,-,-,-,-,-,-,-,-,-,-,1,NEU,90-92,3/4,Normal,1,14,-,-,-,103,89,73,78,9,6,8,-,-,-,-,-,95,-,-,-,152,-,-,-,-,95,-,-,-,97,91,101,87,9,9,36,35,9,8,1,0,0,3,8,1,0,0,0,0,0,1,0,2.8,0.12,2,-1.5,-0.0,3.47,0,0,0.0,0.3,0,0,0,0,0,0,0,0.0,0,0,0,0,0,0,0,0,0,0,0,0,0,0,0,0,0,0,0,0,0,0.00,0,0,0,0,0,0.0,0.0,0.0,0.00,9,9,28,15,10,3,4,0,2.81,-0.7,.918,0,0,80.0,0,0,21,18,2,1,4,2,2,1,0,0,0.0,0.0
SS,Luis Aparicio,Luis,Aparicio,Madison Moundsmen,5' 9',160 lbs,R,R,52,Chicago White Sox,CHW,1957,1946-1960,,82702,Iron,Hardware Heroes  SS Luis Aparicio  CWS  1957,0,Y,5,86,72,22,79,122,79,55,22,92,170,88,76,22,74,107,106,105,Normal,Normal,Normal,1,1,1,7,1,1,1,7,1,1,1,7,16,-,-,-,-,-,-,-,-,-,-,-,1,NEU,90-92,3/4,Normal,1,14,-,-,-,103,89,73,78,9,6,8,-,-,-,-,-,102,-,-,-,162,-,-,-,-,102,-,-,-,97,91,101,87,10,10,38,36,9,7,2,0,0,10,6,2,0,0,0,0,0,2,1,3.0,-0.18,3,-1.1,0.2,3.16,0,0,0.0,0.1,0,0,0,0,0,0,0,0.0,0,0,0,0,0,0,0,0,0,0,0,0,0,0,0,0,0,0,0,0,0,0.00,0,0,0,0,0,0.0,0.0,0.0,0.00,10,10,36,29,6,1,2,0,3.59,1.0,1.077,0,0,87.2,0,0,27,26,2,2,7,4,0,0,2,0,0.0,0.0
SS,Luis Aparicio,Luis,Aparicio,PNW Wild Stallions,5' 9',160 lbs,R,R,52,Chicago White Sox,CHW,1957,1946-1960,,82702,Iron,Hardware Heroes  SS Luis Aparicio  CWS  1957,0,N,0,79,66,19,72,113,72,50,19,85,158,81,70,19,68,99,106,105,Normal,Normal,Normal,1,1,1,5,1,1,1,5,1,1,1,5,16,-,-,-,-,-,-,-,-,-,-,-,1,NEU,90-92,3/4,Normal,1,14,-,-,-,103,89,73,78,9,6,8,-,-,-,-,-,95,-,-,-,152,-,-,-,-,95,-,-,-,97,91,101,87,1,,1,1,0,0,0,0,0,0,0,0,0,0,0,0,0,0,0,0.0,-0.03,0,-0.2,-0.0,4.00,0,0,0.0,0.0,0,0,0,0,0,0,0,0.0,0,0,0,0,0,0,0,0,0,0,0,0,0,0,0,0,0,0,0,0,0,0.00,0,0,0,0,0,0.0,0.0,0.0,0.00,0,0,0,0,0,0,0,0,0.00,0.0,.000,0,0,0.0,0,0,0,0,0,0,0,0,0,0,0,0,0.0,0.0
SS,Lou Boudreau,Lou,Boudreau,HILITE RECORDS,5' 11',185 lbs,R,R,65,Boston Red Sox,BOS,1951,1946-1960,CS,85381,Bronze,Clubhouse - Played Where? - Veteran Presence  SS Lou Boudreau  BOS  1951,0,N,0,63,97,52,76,160,57,95,59,96,145,65,98,50,69,165,52,3,Line Drive,Normal,Normal,1,1,1,1,1,1,1,1,1,1,1,1,16,-,-,-,-,-,-,-,-,-,-,-,1,NEU,90-92,OTT,Normal,1,20,-,-,-,104,46,74,82,1,6,9,-,-,81,-,78,81,-,-,-,133,-,81,-,78,81,-,-,-,17,3,16,34,11,10,34,31,5,3,2,0,0,3,1,3,0,0,0,0,0,3,1,1.6,-0.20,1,-2.4,-0.2,2.82,0,0,0.0,-0.9,0,0,0,0,0,0,0,0.0,0,0,0,0,0,0,0,0,0,0,0,0,0,0,0,0,0,0,0,0,0,0.00,0,0,0,0,0,0.0,0.0,0.0,0.00,11,10,28,16,11,1,2,0,2.79,0.2,1.003,0,0,87.0,0,0,16,15,3,3,4,3,3,0,1,0,0.0,0.0
SS,Lou Boudreau,Lou,Boudreau,Black Dog,5' 11',185 lbs,R,R,65,Boston Red Sox,BOS,1951,1946-1960,CS,85381,Bronze,Clubhouse - Played Where? - Veteran Presence  SS Lou Boudreau  BOS  1951,0,N,0,63,97,52,76,160,57,95,59,96,145,65,98,50,69,165,52,3,Line Drive,Normal,Normal,1,1,1,1,1,1,1,1,1,1,1,1,16,-,-,-,-,-,-,-,-,-,-,-,1,NEU,90-92,OTT,Normal,1,20,-,-,-,104,46,74,82,1,6,9,-,-,81,-,78,81,-,-,-,133,-,81,-,78,81,-,-,-,17,3,16,34,4,1,8,8,2,1,1,0,0,1,1,0,0,0,0,0,0,0,1,0.4,0.03,0,-0.2,-0.0,2.75,0,0,0.0,-0.5,0,0,0,0,0,0,0,0.0,0,0,0,0,0,0,0,0,0,0,0,0,0,0,0,0,0,0,0,0,0,0.00,0,0,0,0,0,0.0,0.0,0.0,0.00,2,1,5,3,2,0,1,0,4.22,0.1,1.104,0,0,10.2,0,0,3,3,0,0,0,0,1,0,0,0,0.0,0.0
SS,Lou Boudreau,Lou,Boudreau,Allston Wolf Spiders,5' 11',185 lbs,R,R,65,Boston Red Sox,BOS,1951,1946-1960,CS,85381,Bronze,Clubhouse - Played Where? - Veteran Presence  SS Lou Boudreau  BOS  1951,0,N,0,63,97,52,76,160,57,95,59,96,145,65,98,50,69,165,52,3,Line Drive,Normal,Normal,1,1,1,1,1,1,1,1,1,1,1,1,16,-,-,-,-,-,-,-,-,-,-,-,1,NEU,90-92,OTT,Normal,1,20,-,-,-,104,46,74,82,1,6,9,-,-,81,-,78,81,-,-,-,133,-,81,-,78,81,-,-,-,17,3,16,34,5,3,11,10,0,0,0,0,0,0,2,1,0,0,0,0,0,0,0,0.0,-0.07,0,-2.1,-0.2,4.00,0,0,0.0,-0.1,0,0,0,0,0,0,0,0.0,0,0,0,0,0,0,0,0,0,0,0,0,0,0,0,0,0,0,0,0,0,0.00,0,0,0,0,0,0.0,0.0,0.0,0.00,4,3,22,8,12,2,1,0,6.28,-0.5,.877,0,0,28.2,0,0,8,7,3,2,0,0,0,0,2,0,0.0,0.0
SS,Lou Boudreau,Lou,Boudreau,Madison Moundsmen,5' 11',185 lbs,R,R,65,Boston Red Sox,BOS,1951,1946-1960,CS,85381,Bronze,Clubhouse - Played Where? - Veteran Presence  SS Lou Boudreau  BOS  1951,0,N,0,63,97,52,76,160,57,95,59,96,145,65,98,50,69,165,52,3,Line Drive,Normal,Normal,1,1,1,1,1,1,1,1,1,1,1,1,16,-,-,-,-,-,-,-,-,-,-,-,1,NEU,90-92,OTT,Normal,1,20,-,-,-,104,46,74,82,1,6,9,-,-,81,-,78,81,-,-,-,133,-,81,-,78,81,-,-,-,17,3,16,34,5,2,9,7,3,3,0,0,0,2,1,2,0,0,0,0,0,0,0,2.0,0.33,2,1.1,0.1,4.11,0,0,0.0,0.1,0,0,0,0,0,0,0,0.0,0,0,0,0,0,0,0,0,0,0,0,0,0,0,0,0,0,0,0,0,0,0.00,0,0,0,0,0,0.0,0.0,0.0,0.00,5,2,12,6,5,1,1,0,4.30,-0.3,.831,0,0,23.0,0,0,6,6,2,2,2,0,2,0,2,1,0.0,0.0
SS,Lou Boudreau,Lou,Boudreau,Groundball Defenders,5' 11',185 lbs,R,R,65,Boston Red Sox,BOS,1951,1946-1960,CS,85381,Bronze,Clubhouse - Played Where? - Veteran Presence  SS Lou Boudreau  BOS  1951,0,N,0,63,97,52,76,160,57,95,59,96,145,65,98,50,69,165,52,3,Line Drive,Normal,Normal,1,1,1,1,1,1,1,1,1,1,1,1,16,-,-,-,-,-,-,-,-,-,-,-,1,NEU,90-92,OTT,Normal,1,20,-,-,-,104,46,74,82,1,6,9,-,-,81,-,78,81,-,-,-,133,-,81,-,78,81,-,-,-,17,3,16,34,14,14,57,54,14,9,4,0,1,6,2,2,0,0,1,0,0,9,1,5.8,0.10,6,-0.6,0.2,3.70,0,0,0.0,0.2,0,0,0,0,0,0,0,0.0,0,0,0,0,0,0,0,0,0,0,0,0,0,0,0,0,0,0,0,0,0,0.00,0,0,0,0,0,0.0,0.0,0.0,0.00,22,14,66,36,23,7,5,0,4.33,-0.4,.943,0,0,122.2,0,0,41,36,4,4,7,4,3,1,3,1,0.0,0.0
SS,Lou Boudreau,Lou,Boudreau,White Rabbitt,5' 11',185 lbs,R,R,65,Boston Red Sox,BOS,1951,1946-1960,CS,85381,Bronze,Clubhouse - Played Where? - Veteran Presence  SS Lou Boudreau  BOS  1951,0,N,0,63,97,52,76,160,57,95,59,96,145,65,98,50,69,165,52,3,Line Drive,Normal,Normal,1,1,1,1,1,1,1,1,1,1,1,1,16,-,-,-,-,-,-,-,-,-,-,-,1,NEU,90-92,OTT,Normal,1,20,-,-,-,104,46,74,82,1,6,9,-,-,81,-,78,81,-,-,-,133,-,81,-,78,81,-,-,-,17,3,16,34,11,6,30,30,10,7,3,0,0,0,3,0,0,0,0,0,0,4,0,4.3,-0.25,4,0.7,0.2,3.37,0,0,0.0,-0.7,0,0,0,0,0,0,0,0.0,0,0,0,0,0,0,0,0,0,0,0,0,0,0,0,0,0,0,0,0,0,0.00,0,0,0,0,0,0.0,0.0,0.0,0.00,9,6,37,16,20,1,1,0,5.09,0.4,1.049,0,0,63.2,0,0,26,25,2,1,2,1,0,0,0,0,0.0,0.0
SS,Lou Boudreau,Lou,Boudreau,Hancocks and Sidekicks TTC,5' 11',185 lbs,R,R,65,Boston Red Sox,BOS,1951,1946-1960,CS,85381,Bronze,Clubhouse - Played Where? - Veteran Presence  SS Lou Boudreau  BOS  1951,0,N,0,63,97,52,76,160,57,95,59,96,145,65,98,50,69,165,52,3,Line Drive,Normal,Normal,1,1,1,1,1,1,1,1,1,1,1,1,16,-,-,-,-,-,-,-,-,-,-,-,1,NEU,90-92,OTT,Normal,1,20,-,-,-,104,46,74,82,1,6,9,-,-,81,-,78,81,-,-,-,133,-,81,-,78,81,-,-,-,17,3,16,34,30,30,127,110,32,23,6,2,1,24,13,12,0,2,0,3,0,6,3,17.0,0.37,18,3.7,1.2,3.63,0,0,0.0,0.2,0,0,0,0,0,0,0,0.0,0,0,0,0,0,0,0,0,0,0,0,0,0,0,0,0,0,0,0,0,0,0.00,0,0,0,0,0,0.0,0.0,0.0,0.00,38,30,121,71,46,4,13,0,4.08,2.9,1.054,0,0,258.1,0,0,81,76,8,8,7,5,4,3,7,1,0.0,0.0
SS,Lou Boudreau,Lou,Boudreau,Canterbury Tails,5' 11',185 lbs,R,R,65,Boston Red Sox,BOS,1951,1946-1960,CS,85381,Bronze,Clubhouse - Played Where? - Veteran Presence  SS Lou Boudreau  BOS  1951,0,N,0,63,97,52,76,160,57,95,59,96,145,65,98,50,69,165,52,3,Line Drive,Normal,Normal,1,1,1,1,1,1,1,1,1,1,1,1,16,-,-,-,-,-,-,-,-,-,-,-,1,NEU,90-92,OTT,Normal,1,20,-,-,-,104,46,74,82,1,6,9,-,-,81,-,78,81,-,-,-,133,-,81,-,78,81,-,-,-,17,3,16,34,5,2,10,10,3,2,1,0,0,1,0,0,0,0,0,0,0,0,0,1.2,-0.01,1,0.0,-0.0,3.40,0,0,0.0,0.0,0,0,0,0,0,0,0,0.0,0,0,0,0,0,0,0,0,0,0,0,0,0,0,0,0,0,0,0,0,0,0.00,0,0,0,0,0,0.0,0.0,0.0,0.00,5,2,12,4,7,1,2,0,4.01,-0.6,.743,0,0,24.2,0,0,6,5,1,0,1,0,0,0,0,0,0.0,0.0
SS,Lou Boudreau,Lou,Boudreau,Out of Left Field,5' 11',185 lbs,R,R,65,Boston Red Sox,BOS,1951,1946-1960,CS,85381,Bronze,Clubhouse - Played Where? - Veteran Presence  SS Lou Boudreau  BOS  1951,0,N,0,63,97,52,76,160,57,95,59,96,145,65,98,50,69,165,52,3,Line Drive,Normal,Normal,1,1,1,1,1,1,1,1,1,1,1,1,16,-,-,-,-,-,-,-,-,-,-,-,1,NEU,90-92,OTT,Normal,1,20,-,-,-,104,46,74,82,1,6,9,-,-,81,-,78,81,-,-,-,133,-,81,-,78,81,-,-,-,17,3,16,34,9,4,18,16,5,3,1,0,1,4,3,1,0,0,0,1,0,1,1,2.7,-0.19,3,1.0,0.2,3.28,0,0,0.0,0.1,0,0,0,0,0,0,0,0.0,0,0,0,0,0,0,0,0,0,0,0,0,0,0,0,0,0,0,0,0,0,0.00,0,0,0,0,0,0.0,0.0,0.0,0.00,8,4,13,7,5,1,2,0,2.77,0.0,.955,0,0,39.0,0,0,7,7,2,2,1,0,0,0,2,0,0.0,0.0
SS,Don Buddin,Don,Buddin,Statesville Shadowcats,5' 11',180 lbs,R,R,68,Boston Red Sox,BOS,1959,1946-1960,,84132,Bronze,All-Time Legend  SS Don Buddin  BOS  Peak,0,N,0,59,102,65,126,85,62,139,65,127,87,58,94,66,125,85,58,58,Line Drive,Normal,Normal,1,1,1,4,1,1,1,4,1,1,1,4,16,-,-,-,-,-,-,-,-,-,-,-,1,NEU,89-91,3/4,Normal,1,12,-,-,-,68,61,68,72,6,2,4,-,-,-,-,-,56,-,-,-,118,-,-,-,-,56,-,-,-,40,17,72,47,5,5,19,18,3,2,0,1,0,1,3,1,0,0,0,0,0,2,0,1.1,0.02,0,-1.3,-0.1,3.32,0,0,0.0,0.6,0,0,0,0,0,0,0,0.0,0,0,0,0,0,0,0,0,0,0,0,0,0,0,0,0,0,0,0,0,0,0.00,0,0,0,0,0,0.0,0.0,0.0,0.00,5,5,20,12,7,1,0,0,3.98,-0.8,.892,0,0,43.0,0,0,16,14,4,3,0,0,2,0,1,0,0.0,0.0
SS,Don Buddin,Don,Buddin,San Francisco Seals,5' 11',180 lbs,R,R,68,Boston Red Sox,BOS,1959,1946-1960,,84132,Bronze,All-Time Legend  SS Don Buddin  BOS  Peak,0,N,0,59,102,65,126,85,62,139,65,127,87,58,94,66,125,85,58,58,Line Drive,Normal,Normal,1,1,1,4,1,1,1,4,1,1,1,4,16,-,-,-,-,-,-,-,-,-,-,-,1,NEU,89-91,3/4,Normal,1,12,-,-,-,68,61,68,72,6,2,4,-,-,-,-,-,56,-,-,-,118,-,-,-,-,56,-,-,-,40,17,72,47,12,12,54,46,12,10,2,0,0,6,3,6,0,0,2,0,0,7,2,5.1,0.28,5,-0.6,0.0,3.89,1,0,0.3,0.2,0,0,0,0,0,0,0,0.0,0,0,0,0,0,0,0,0,0,0,0,0,0,0,0,0,0,0,0,0,0,0.00,0,0,0,0,0,0.0,0.0,0.0,0.00,12,12,54,32,20,2,6,0,4.14,-1.7,.934,0,0,113.0,0,0,40,35,5,2,5,2,3,0,2,1,0.0,0.0
SS,Don Buddin,Don,Buddin,Ungentlemanly Fightin' Fellows TTC,5' 11',180 lbs,R,R,68,Boston Red Sox,BOS,1959,1946-1960,,84132,Bronze,All-Time Legend  SS Don Buddin  BOS  Peak,0,N,0,59,102,65,126,85,62,139,65,127,87,58,94,66,125,85,58,58,Line Drive,Normal,Normal,1,1,1,4,1,1,1,4,1,1,1,4,16,-,-,-,-,-,-,-,-,-,-,-,1,NEU,89-91,3/4,Normal,1,12,-,-,-,68,61,68,72,6,2,4,-,-,-,-,-,56,-,-,-,118,-,-,-,-,56,-,-,-,40,17,72,47,4,4,17,16,6,4,2,0,0,0,3,1,0,0,0,0,0,3,1,2.9,0.04,3,1.3,0.1,3.41,0,0,0.0,-0.4,0,0,0,0,0,0,0,0.0,0,0,0,0,0,0,0,0,0,0,0,0,0,0,0,0,0,0,0,0,0,0.00,0,0,0,0,0,0.0,0.0,0.0,0.00,4,4,15,10,4,1,1,0,3.71,-0.5,.929,0,0,34.0,0,0,13,11,1,0,0,0,2,1,0,0,0.0,0.0
SS,Don Buddin,Don,Buddin,Huatulco Tacos,5' 11',180 lbs,R,R,68,Boston Red Sox,BOS,1959,1946-1960,,84132,Bronze,All-Time Legend  SS Don Buddin  BOS  Peak,0,N,0,59,102,65,126,85,62,139,65,127,87,58,94,66,125,85,58,58,Line Drive,Normal,Normal,1,1,1,4,1,1,1,4,1,1,1,4,16,-,-,-,-,-,-,-,-,-,-,-,1,NEU,89-91,3/4,Normal,1,12,-,-,-,68,61,68,72,6,2,4,-,-,-,-,-,56,-,-,-,118,-,-,-,-,56,-,-,-,40,17,72,47,4,4,17,15,4,4,0,0,0,0,2,2,0,0,0,0,0,4,0,1.6,-0.16,1,-0.2,0.0,4.18,0,0,0.0,0.2,0,0,0,0,0,0,0,0.0,0,0,0,0,0,0,0,0,0,0,0,0,0,0,0,0,0,0,0,0,0,0.00,0,0,0,0,0,0.0,0.0,0.0,0.00,4,4,19,6,13,0,1,0,4.38,-0.3,.929,0,0,39.0,0,0,16,14,1,1,1,1,1,0,0,0,0.0,0.0
SS,Don Buddin,Don,Buddin,Aberfeldie Falcons,5' 11',180 lbs,R,R,68,Boston Red Sox,BOS,1959,1946-1960,,84132,Bronze,All-Time Legend  SS Don Buddin  BOS  Peak,0,N,0,59,102,65,126,85,62,139,65,127,87,58,94,66,125,85,58,58,Line Drive,Normal,Normal,1,1,1,4,1,1,1,4,1,1,1,4,16,-,-,-,-,-,-,-,-,-,-,-,1,NEU,89-91,3/4,Normal,1,12,-,-,-,68,61,68,72,6,2,4,-,-,-,-,-,56,-,-,-,118,-,-,-,-,56,-,-,-,40,17,72,47,6,6,24,21,7,3,3,0,1,1,5,2,0,0,1,0,0,0,1,4.7,-0.25,4,2.1,0.3,3.04,0,0,0.0,0.1,0,0,0,0,0,0,0,0.0,0,0,0,0,0,0,0,0,0,0,0,0,0,0,0,0,0,0,0,0,0,0.00,0,0,0,0,0,0.0,0.0,0.0,0.00,6,6,19,14,5,0,1,0,3.35,0.2,1.040,0,0,51.0,0,0,15,13,3,3,0,0,0,0,0,0,0.0,0.0
SS,Don Buddin,Don,Buddin,Brentwood Senators,5' 11',180 lbs,R,R,68,Boston Red Sox,BOS,1959,1946-1960,,84132,Bronze,All-Time Legend  SS Don Buddin  BOS  Peak,0,N,0,59,102,65,126,85,62,139,65,127,87,58,94,66,125,85,58,58,Line Drive,Normal,Normal,1,1,1,4,1,1,1,4,1,1,1,4,16,-,-,-,-,-,-,-,-,-,-,-,1,NEU,89-91,3/4,Normal,1,12,-,-,-,68,61,68,72,6,2,4,-,-,-,-,-,56,-,-,-,118,-,-,-,-,56,-,-,-,40,17,72,47,5,5,20,16,4,3,1,0,0,0,3,3,0,0,1,0,0,3,0,2.2,-0.09,2,-0.0,0.1,4.30,0,0,0.0,-0.1,0,0,0,0,0,0,0,0.0,0,0,0,0,0,0,0,0,0,0,0,0,0,0,0,0,0,0,0,0,0,0.00,0,0,0,0,0,0.0,0.0,0.0,0.00,5,5,13,7,6,0,0,0,2.72,0.5,1.115,0,0,43.0,0,0,10,9,2,2,0,0,1,0,1,1,0.0,0.0
SS,Don Buddin,Don,Buddin,Louisville Haymakers,5' 11',180 lbs,R,R,68,Boston Red Sox,BOS,1959,1946-1960,,84132,Bronze,All-Time Legend  SS Don Buddin  BOS  Peak,0,N,0,59,102,65,126,85,62,139,65,127,87,58,94,66,125,85,58,58,Line Drive,Normal,Normal,1,1,1,4,1,1,1,4,1,1,1,4,16,-,-,-,-,-,-,-,-,-,-,-,1,NEU,89-91,3/4,Normal,1,12,-,-,-,68,61,68,72,6,2,4,-,-,-,-,-,56,-,-,-,118,-,-,-,-,56,-,-,-,40,17,72,47,2,1,5,4,2,2,0,0,0,2,1,0,0,0,1,0,0,0,0,1.0,0.15,0,0.2,0.0,2.00,0,0,0.0,0.1,0,0,0,0,0,0,0,0.0,0,0,0,0,0,0,0,0,0,0,0,0,0,0,0,0,0,0,0,0,0,0.00,0,0,0,0,0,0.0,0.0,0.0,0.00,2,1,4,1,2,1,0,0,2.79,-0.4,.000,0,0,9.2,0,0,3,2,0,0,0,0,0,0,0,0,0.0,0.0
SS,Don Buddin,Don,Buddin,Aurora Highlanders,5' 11',180 lbs,R,R,68,Boston Red Sox,BOS,1959,1946-1960,,84132,Bronze,All-Time Legend  SS Don Buddin  BOS  Peak,0,N,0,59,102,65,126,85,62,139,65,127,87,58,94,66,125,85,58,58,Line Drive,Normal,Normal,1,1,1,4,1,1,1,4,1,1,1,4,16,-,-,-,-,-,-,-,-,-,-,-,1,NEU,89-91,3/4,Normal,1,12,-,-,-,68,61,68,72,6,2,4,-,-,-,-,-,56,-,-,-,118,-,-,-,-,56,-,-,-,40,17,72,47,5,5,21,19,2,2,0,0,0,0,0,1,0,0,1,0,0,1,0,0.4,-0.26,0,-3.1,-0.3,2.90,0,0,0.0,0.0,0,0,0,0,0,0,0,0.0,0,0,0,0,0,0,0,0,0,0,0,0,0,0,0,0,0,0,0,0,0,0.00,0,0,0,0,0,0.0,0.0,0.0,0.00,5,5,17,8,9,0,0,0,3.28,-0.4,.943,0,0,46.2,0,0,13,12,2,1,2,1,1,0,0,0,0.0,0.0
SS,Don Buddin,Don,Buddin,Columbus Evil Squirrels,5' 11',180 lbs,R,R,68,Boston Red Sox,BOS,1959,1946-1960,,84132,Bronze,All-Time Legend  SS Don Buddin  BOS  Peak,0,N,0,59,102,65,126,85,62,139,65,127,87,58,94,66,125,85,58,58,Line Drive,Normal,Normal,1,1,1,4,1,1,1,4,1,1,1,4,16,-,-,-,-,-,-,-,-,-,-,-,1,NEU,89-91,3/4,Normal,1,12,-,-,-,68,61,68,72,6,2,4,-,-,-,-,-,56,-,-,-,118,-,-,-,-,56,-,-,-,40,17,72,47,5,5,20,19,6,4,2,0,0,1,3,0,0,0,1,0,0,2,1,2.1,0.03,2,0.0,-0.1,3.15,0,0,0.0,-0.4,0,0,0,0,0,0,0,0.0,0,0,0,0,0,0,0,0,0,0,0,0,0,0,0,0,0,0,0,0,0,0.00,0,0,0,0,0,0.0,0.0,0.0,0.00,5,5,17,9,5,3,1,0,2.80,-1.0,.892,0,0,45.0,0,0,11,9,5,3,1,0,0,0,1,0,0.0,0.0
SS,Don Buddin,Don,Buddin,Bismarck Blizzard,5' 11',180 lbs,R,R,68,Boston Red Sox,BOS,1959,1946-1960,,84132,Bronze,All-Time Legend  SS Don Buddin  BOS  Peak,0,N,0,59,102,65,126,85,62,139,65,127,87,58,94,66,125,85,58,58,Line Drive,Normal,Normal,1,1,1,4,1,1,1,4,1,1,1,4,16,-,-,-,-,-,-,-,-,-,-,-,1,NEU,89-91,3/4,Normal,1,12,-,-,-,68,61,68,72,6,2,4,-,-,-,-,-,56,-,-,-,118,-,-,-,-,56,-,-,-,40,17,72,47,6,6,22,18,4,4,0,0,0,1,0,2,0,1,1,0,0,2,1,1.4,-0.10,1,-0.8,-0.1,3.59,0,0,0.0,0.0,0,0,0,0,0,0,0,0.0,0,0,0,0,0,0,0,0,0,0,0,0,0,0,0,0,0,0,0,0,0,0.00,0,0,0,0,0,0.0,0.0,0.0,0.00,6,6,20,11,9,0,1,0,3.53,-1.7,.787,0,0,51.0,0,0,14,14,3,2,5,0,3,0,0,0,0.0,0.0
SS,Don Buddin,Don,Buddin,Columbus Fire Ants,5' 11',180 lbs,R,R,68,Boston Red Sox,BOS,1959,1946-1960,,84132,Bronze,All-Time Legend  SS Don Buddin  BOS  Peak,0,N,0,59,102,65,126,85,62,139,65,127,87,58,94,66,125,85,58,58,Line Drive,Normal,Normal,1,1,1,4,1,1,1,4,1,1,1,4,16,-,-,-,-,-,-,-,-,-,-,-,1,NEU,89-91,3/4,Normal,1,12,-,-,-,68,61,68,72,6,2,4,-,-,-,-,-,56,-,-,-,118,-,-,-,-,56,-,-,-,40,17,72,47,11,11,43,40,9,4,4,0,1,4,4,1,0,0,2,0,0,6,0,4.0,-0.19,3,-1.3,-0.1,3.05,0,0,0.0,0.0,0,0,0,0,0,0,0,0.0,0,0,0,0,0,0,0,0,0,0,0,0,0,0,0,0,0,0,0,0,0,0.00,0,0,0,0,0,0.0,0.0,0.0,0.00,11,11,40,21,17,2,4,0,3.56,-1.2,.975,0,0,96.0,0,0,30,27,4,2,5,0,2,0,2,1,0.0,-0.2
SS,Don Buddin,Don,Buddin,Honolulu Warriors - HotL,5' 11',180 lbs,R,R,68,Boston Red Sox,BOS,1959,1946-1960,,84132,Bronze,All-Time Legend  SS Don Buddin  BOS  Peak,0,N,0,59,102,65,126,85,62,139,65,127,87,58,94,66,125,85,58,58,Line Drive,Normal,Normal,1,1,1,4,1,1,1,4,1,1,1,4,16,-,-,-,-,-,-,-,-,-,-,-,1,NEU,89-91,3/4,Normal,1,12,-,-,-,68,61,68,72,6,2,4,-,-,-,-,-,56,-,-,-,118,-,-,-,-,56,-,-,-,40,17,72,47,5,2,9,9,2,2,0,0,0,1,3,0,0,0,0,0,0,1,0,0.4,-0.01,0,-0.8,-0.0,3.78,0,0,0.0,0.2,0,0,0,0,0,0,0,0.0,0,0,0,0,0,0,0,0,0,0,0,0,0,0,0,0,0,0,0,0,0,0.00,0,0,0,0,0,0.0,0.0,0.0,0.00,3,2,11,6,5,0,1,0,5.21,0.1,.975,0,0,19.0,0,0,9,9,2,1,1,1,0,0,0,0,0.0,0.0
SS,Don Buddin,Don,Buddin,Moonsault Collective MCs,5' 11',180 lbs,R,R,68,Boston Red Sox,BOS,1959,1946-1960,,84132,Bronze,All-Time Legend  SS Don Buddin  BOS  Peak,0,N,0,59,102,65,126,85,62,139,65,127,87,58,94,66,125,85,58,58,Line Drive,Normal,Normal,1,1,1,4,1,1,1,4,1,1,1,4,16,-,-,-,-,-,-,-,-,-,-,-,1,NEU,89-91,3/4,Normal,1,12,-,-,-,68,61,68,72,6,2,4,-,-,-,-,-,56,-,-,-,118,-,-,-,-,56,-,-,-,40,17,72,47,14,14,54,48,9,4,4,1,0,7,3,4,0,1,1,0,0,8,1,4.0,-0.30,4,-2.1,0.1,3.31,0,0,0.0,-0.3,0,0,0,0,0,0,0,0.0,0,0,0,0,0,0,0,0,0,0,0,0,0,0,0,0,0,0,0,0,0,0.00,0,0,0,0,0,0.0,0.0,0.0,0.00,14,14,49,25,22,2,4,0,3.37,0.8,1.035,0,0,125.2,0,0,30,28,8,6,1,0,2,2,3,1,0.0,0.0
SS,Don Buddin,Don,Buddin,Indiana Rhubarbs,5' 11',180 lbs,R,R,68,Boston Red Sox,BOS,1959,1946-1960,,84132,Bronze,All-Time Legend  SS Don Buddin  BOS  Peak,0,N,0,59,102,65,126,85,62,139,65,127,87,58,94,66,125,85,58,58,Line Drive,Normal,Normal,1,1,1,4,1,1,1,4,1,1,1,4,16,-,-,-,-,-,-,-,-,-,-,-,1,NEU,89-91,3/4,Normal,1,12,-,-,-,68,61,68,72,6,2,4,-,-,-,-,-,56,-,-,-,118,-,-,-,-,56,-,-,-,40,17,72,47,1,,5,5,4,3,1,0,0,2,3,0,0,0,0,0,0,0,0,4.0,0.00,2,1.9,0.2,3.40,0,0,0.0,-0.0,0,0,0,0,0,0,0,0.0,0,0,0,0,0,0,0,0,0,0,0,0,0,0,0,0,0,0,0,0,0,0.00,0,0,0,0,0,0.0,0.0,0.0,0.00,1,0,3,3,0,0,0,0,9.00,0.2,1.115,0,0,3.0,0,0,3,3,0,0,0,0,0,0,0,0,0.0,0.0
SS,Don Buddin,Don,Buddin,Narragansett Wave,5' 11',180 lbs,R,R,68,Boston Red Sox,BOS,1959,1946-1960,,84132,Bronze,All-Time Legend  SS Don Buddin  BOS  Peak,0,N,0,59,102,65,126,85,62,139,65,127,87,58,94,66,125,85,58,58,Line Drive,Normal,Normal,1,1,1,4,1,1,1,4,1,1,1,4,16,-,-,-,-,-,-,-,-,-,-,-,1,NEU,89-91,3/4,Normal,1,12,-,-,-,68,61,68,72,6,2,4,-,-,-,-,-,56,-,-,-,118,-,-,-,-,56,-,-,-,40,17,72,47,1,1,4,4,1,1,0,0,0,0,1,0,0,0,0,0,0,0,0,0.2,-0.01,0,-0.3,-0.0,4.00,0,0,0.0,0.1,0,0,0,0,0,0,0,0.0,0,0,0,0,0,0,0,0,0,0,0,0,0,0,0,0,0,0,0,0,0,0.00,0,0,0,0,0,0.0,0.0,0.0,0.00,1,1,2,1,1,0,0,0,2.00,-0.4,.557,0,0,9.0,0,0,3,2,0,0,0,0,0,0,0,0,0.0,0.0
SS,Don Buddin,Don,Buddin,Patchogue Pirates,5' 11',180 lbs,R,R,68,Boston Red Sox,BOS,1959,1946-1960,,84132,Bronze,All-Time Legend  SS Don Buddin  BOS  Peak,0,N,0,59,102,65,126,85,62,139,65,127,87,58,94,66,125,85,58,58,Line Drive,Normal,Normal,1,1,1,4,1,1,1,4,1,1,1,4,16,-,-,-,-,-,-,-,-,-,-,-,1,NEU,89-91,3/4,Normal,1,12,-,-,-,68,61,68,72,6,2,4,-,-,-,-,-,56,-,-,-,118,-,-,-,-,56,-,-,-,40,17,72,47,4,2,13,12,4,3,0,0,1,2,2,1,0,0,0,0,0,2,0,2.8,-0.04,2,1.2,0.2,3.85,0,0,0.0,0.2,0,0,0,0,0,0,0,0.0,0,0,0,0,0,0,0,0,0,0,0,0,0,0,0,0,0,0,0,0,0,0.00,0,0,0,0,0,0.0,0.0,0.0,0.00,4,2,6,2,3,1,1,0,1.82,-0.4,.743,0,0,24.2,0,0,4,3,0,0,0,0,0,0,1,0,0.0,0.0
SS,Don Buddin,Don,Buddin,Transylvania Counts,5' 11',180 lbs,R,R,68,Boston Red Sox,BOS,1959,1946-1960,,84132,Bronze,All-Time Legend  SS Don Buddin  BOS  Peak,0,N,0,59,102,65,126,85,62,139,65,127,87,58,94,66,125,85,58,58,Line Drive,Normal,Normal,1,1,1,4,1,1,1,4,1,1,1,4,16,-,-,-,-,-,-,-,-,-,-,-,1,NEU,89-91,3/4,Normal,1,12,-,-,-,68,61,68,72,6,2,4,-,-,-,-,-,56,-,-,-,118,-,-,-,-,56,-,-,-,40,17,72,47,5,5,22,18,7,5,1,0,1,4,1,1,0,1,1,1,0,2,0,5.1,0.09,4,2.0,0.3,3.23,0,0,0.0,0.2,0,0,0,0,0,0,0,0.0,0,0,0,0,0,0,0,0,0,0,0,0,0,0,0,0,0,0,0,0,0,0.00,0,0,0,0,0,0.0,0.0,0.0,0.00,5,5,14,8,5,1,1,0,2.54,-0.2,.991,0,0,46.0,0,0,9,9,4,1,0,0,1,1,0,0,0.0,0.0
SS,Dick Culler,Dick,Culler,Louisville Haymakers,6' 0',155 lbs,R,R,64,Boston Braves,ATL,1946,1946-1960,,82896,Bronze,Unsung Heroes  SS Dick Culler  BSN  1946,0,N,0,47,53,15,87,159,61,67,15,99,206,42,46,16,84,144,43,21,Normal,Normal,Normal,1,1,1,5,1,1,1,5,1,1,1,5,16,-,-,-,-,-,-,-,-,-,-,-,1,NEU,90-92,3/4,Normal,1,7,-,-,-,96,54,84,82,7,5,8,-,-,-,98,83,81,-,-,-,134,-,-,98,83,81,-,-,-,70,60,54,98,6,6,23,19,3,2,1,0,0,2,4,2,0,0,2,0,0,6,0,1.2,-0.21,0,-2.0,-0.0,3.83,0,0,0.0,0.5,0,0,0,0,0,0,0,0.0,0,0,0,0,0,0,0,0,0,0,0,0,0,0,0,0,0,0,0,0,0,0.00,0,0,0,0,0,0.0,0.0,0.0,0.00,6,6,18,10,6,2,1,0,2.73,0.0,1.013,0,0,52.2,0,0,13,12,1,0,1,1,3,1,1,0,0.0,0.0
SS,Dick Culler,Dick,Culler,Ethiopia Pink Elephants,6' 0',155 lbs,R,R,64,Boston Braves,ATL,1946,1946-1960,,82896,Bronze,Unsung Heroes  SS Dick Culler  BSN  1946,0,N,0,47,53,15,87,159,61,67,15,99,206,42,46,16,84,144,43,21,Normal,Normal,Normal,1,1,1,5,1,1,1,5,1,1,1,5,16,-,-,-,-,-,-,-,-,-,-,-,1,NEU,90-92,3/4,Normal,1,7,-,-,-,96,54,84,82,7,5,8,-,-,-,98,83,81,-,-,-,134,-,-,98,83,81,-,-,-,70,60,54,98,2,2,8,8,0,0,0,0,0,0,0,0,0,0,0,0,0,1,0,0.0,-0.25,0,-1.9,-0.1,2.62,0,0,0.0,0.0,0,0,0,0,0,0,0,0.0,0,0,0,0,0,0,0,0,0,0,0,0,0,0,0,0,0,0,0,0,0,0.00,0,0,0,0,0,0.0,0.0,0.0,0.00,2,2,7,4,3,0,1,0,3.71,0.3,1.084,0,0,17.0,0,0,7,7,0,0,0,0,0,0,0,0,0.0,0.0
SS,Joe Hewitt,Joe,Hewitt,Jinzhou Speedster,5' 7',140 lbs,L,R,68,Detroit Stars,DeSt,1920,2026,,84449,Bronze,Negro League Star  SS Joe Hewitt  DeSt  1920,0,N,0,31,59,41,113,87,31,58,40,110,84,32,60,42,114,88,54,64,Normal,Normal,Spray,1,1,19,1,1,1,18,1,1,1,21,1,16,-,-,-,-,-,-,-,-,-,-,-,1,NEU,89-91,3/4,Normal,1,5,1,1,1,91,71,91,75,75,62,50,-,-,61,98,92,85,82,61,71,140,-,61,98,92,85,82,61,71,78,101,97,77,6,5,19,19,2,2,0,0,0,0,0,0,0,0,0,0,0,4,0,0.2,-0.44,0,-3.2,-0.2,3.79,0,0,0.0,0.0,0,0,0,0,0,0,0,0.0,0,0,0,0,0,0,0,0,0,0,0,0,0,0,0,0,0,0,0,0,0,0.00,0,0,0,0,0,0.0,0.0,0.0,0.00,8,5,15,9,6,0,2,0,3.00,0.8,1.231,0,0,45.0,0,0,9,9,1,0,0,0,2,2,1,0,0.0,0.0
SS,Joe Hewitt,Joe,Hewitt,Ethiopia Pink Elephants,5' 7',140 lbs,L,R,68,Detroit Stars,DeSt,1920,2026,,84449,Bronze,Negro League Star  SS Joe Hewitt  DeSt  1920,0,N,0,31,59,41,113,87,31,58,40,110,84,32,60,42,114,88,54,64,Normal,Normal,Spray,1,1,19,1,1,1,18,1,1,1,21,1,16,-,-,-,-,-,-,-,-,-,-,-,1,NEU,89-91,3/4,Normal,1,5,1,1,1,91,71,91,75,75,62,50,-,-,61,98,92,85,82,61,71,140,-,61,98,92,85,82,61,71,78,101,97,77,6,6,24,21,5,5,0,0,0,0,2,3,0,0,0,0,0,3,0,1.9,-0.03,2,-0.6,-0.0,3.58,0,0,0.0,0.1,0,0,0,0,0,0,0,0.0,0,0,0,0,0,0,0,0,0,0,0,0,0,0,0,0,0,0,0,0,0,0.00,0,0,0,0,0,0.0,0.0,0.0,0.00,6,6,22,11,8,3,2,0,3.29,-0.8,.906,0,0,52.0,0,0,15,13,1,0,2,1,3,1,1,0,0.0,0.0
SS,Joe Hewitt,Joe,Hewitt,Atlanta Braves TTC,5' 7',140 lbs,L,R,68,Detroit Stars,DeSt,1920,2026,,84449,Bronze,Negro League Star  SS Joe Hewitt  DeSt  1920,0,N,0,31,59,41,113,87,31,58,40,110,84,32,60,42,114,88,54,64,Normal,Normal,Spray,1,1,19,1,1,1,18,1,1,1,21,1,16,-,-,-,-,-,-,-,-,-,-,-,1,NEU,89-91,3/4,Normal,1,5,1,1,1,91,71,91,75,75,62,50,-,-,61,98,92,85,82,61,71,140,-,61,98,92,85,82,61,71,78,101,97,77,12,12,48,45,17,12,4,0,1,8,9,3,0,0,0,0,0,4,1,9.8,1.30,9,4.3,0.8,3.75,0,0,0.0,-0.2,0,0,0,0,0,0,0,0.0,0,0,0,0,0,0,0,0,0,0,0,0,0,0,0,0,0,0,0,0,0,0.00,0,0,0,0,0,0.0,0.0,0.0,0.00,12,12,40,28,12,0,2,0,3.35,1.5,1.115,0,0,107.1,0,0,29,28,4,4,4,2,4,2,2,0,0.0,0.0
SS,Joe Hewitt,Joe,Hewitt,Patchogue Pirates,5' 7',140 lbs,L,R,68,Detroit Stars,DeSt,1920,2026,,84449,Bronze,Negro League Star  SS Joe Hewitt  DeSt  1920,0,N,0,31,59,41,113,87,31,58,40,110,84,32,60,42,114,88,54,64,Normal,Normal,Spray,1,1,19,1,1,1,18,1,1,1,21,1,16,-,-,-,-,-,-,-,-,-,-,-,1,NEU,89-91,3/4,Normal,1,5,1,1,1,91,71,91,75,75,62,50,-,-,61,98,92,85,82,61,71,140,-,61,98,92,85,82,61,71,78,101,97,77,9,9,38,33,7,6,1,0,0,0,4,2,0,0,3,0,0,6,0,2.4,-0.11,1,-2.8,-0.1,3.58,0,0,0.0,-0.5,0,0,0,0,0,0,0,0.0,0,0,0,0,0,0,0,0,0,0,0,0,0,0,0,0,0,0,0,0,0,0.00,0,0,0,0,0,0.0,0.0,0.0,0.00,9,9,34,19,12,3,4,0,3.31,0.1,.981,0,0,84.1,0,0,19,17,4,3,6,3,1,1,1,1,0.0,0.0
SS,Jelly Jackson,Jelly,Jackson,Breslau Binturings - HotL,5' 10',165 lbs,R,R,47,Homestead Grays,HoGr,1938,1921-1945,,84677,Iron,Happy Easter  SS Jelly Jackson  HoGr  1938,0,Y,5,36,47,48,87,102,37,47,50,88,104,36,47,48,87,102,101,95,Normal,Spray,Normal,45,64,45,62,46,65,46,63,45,64,45,62,-,69,-,-,-,-,64,-,-,-,-,-,2,NEU,87-89,3/4,Normal,64,8,1,1,1,112,111,102,106,6,1,8,-,-,-,151,138,135,-,-,-,174,-,-,151,138,135,-,-,-,64,11,27,56,6,2,8,8,2,2,0,0,0,2,1,0,0,0,0,0,0,0,0,0.5,-0.01,0,-0.5,-0.0,3.75,0,0,0.0,0.1,0,0,0,0,0,0,0,0.0,0,0,0,0,0,0,0,0,0,0,0,0,0,0,0,0,0,0,0,0,0,0.00,0,0,0,0,0,0.0,0.0,0.0,0.00,6,2,10,7,2,1,1,0,3.52,-0.1,.959,0,0,23.0,0,0,8,7,0,0,1,1,0,0,0,0,0.0,0.0
SS,Billy Jurges,Billy,Jurges,Hancocks and Sidekicks TTC,5' 11',175 lbs,R,R,57,Chicago Cubs,CHC,1935,1921-1945,,85460,Iron,May Birthdays - Unsung Heroes  SS Billy Jurges  CHC  1935,0,N,0,48,71,11,68,97,67,88,1,63,164,39,65,15,70,83,63,57,Normal,Spray,Spray,1,1,1,7,1,1,1,7,1,1,1,7,16,-,-,-,-,-,-,-,-,-,-,-,1,GB,90-92,OTT,GB'er,1,11,-,-,-,119,86,114,119,1,1,6,-,-,-,-,-,129,-,-,-,160,-,-,-,-,129,-,-,-,33,19,15,58,18,6,22,22,3,3,0,0,0,3,1,0,0,0,0,0,0,5,0,0.4,-0.16,0,-3.2,-0.1,3.86,0,0,0.0,0.2,0,0,0,0,0,0,0,0.0,0,0,0,0,0,0,0,0,0,0,0,0,0,0,0,0,0,0,0,0,0,0.00,0,0,0,0,0,0.0,0.0,0.0,0.00,18,6,35,24,10,1,8,0,4.61,0.6,1.176,0,0,66.1,0,0,21,19,4,3,1,1,3,0,2,0,0.0,0.0
SS,Billy Jurges,Billy,Jurges,Energy Efficiency,5' 11',175 lbs,R,R,57,Chicago Cubs,CHC,1935,1921-1945,,85460,Iron,May Birthdays - Unsung Heroes  SS Billy Jurges  CHC  1935,0,N,0,48,71,11,68,97,67,88,1,63,164,39,65,15,70,83,63,57,Normal,Spray,Spray,1,1,1,7,1,1,1,7,1,1,1,7,16,-,-,-,-,-,-,-,-,-,-,-,1,GB,90-92,OTT,GB'er,1,11,-,-,-,119,86,114,119,1,1,6,-,-,-,-,-,129,-,-,-,160,-,-,-,-,129,-,-,-,33,19,15,58,10,6,33,28,7,6,1,0,0,0,4,3,0,0,2,0,0,6,0,3.0,-0.74,2,-1.1,0.1,4.06,0,0,0.0,-0.4,0,0,0,0,0,0,0,0.0,0,0,0,0,0,0,0,0,0,0,0,0,0,0,0,0,0,0,0,0,0,0.00,0,0,0,0,0,0.0,0.0,0.0,0.00,10,6,60,37,20,3,11,0,6.26,1.3,1.075,0,0,82.0,0,0,28,26,6,5,4,4,0,0,1,0,0.0,0.0
SS,Billy Jurges,Billy,Jurges,The Spacehog,5' 11',175 lbs,R,R,57,Chicago Cubs,CHC,1935,1921-1945,,85460,Iron,May Birthdays - Unsung Heroes  SS Billy Jurges  CHC  1935,0,N,0,48,71,11,68,97,67,88,1,63,164,39,65,15,70,83,63,57,Normal,Spray,Spray,1,1,1,7,1,1,1,7,1,1,1,7,16,-,-,-,-,-,-,-,-,-,-,-,1,GB,90-92,OTT,GB'er,1,11,-,-,-,119,86,114,119,1,1,6,-,-,-,-,-,129,-,-,-,160,-,-,-,-,129,-,-,-,33,19,15,58,2,1,5,5,1,1,0,0,0,0,0,0,0,0,0,0,0,1,0,0.2,-0.06,0,-0.5,0.0,3.40,0,0,0.0,-0.0,0,0,0,0,0,0,0,0.0,0,0,0,0,0,0,0,0,0,0,0,0,0,0,0,0,0,0,0,0,0,0.00,0,0,0,0,0,0.0,0.0,0.0,0.00,2,1,4,3,1,0,0,0,3.00,0.5,1.672,0,0,12.0,0,0,2,2,0,0,1,1,0,0,0,0,0.0,0.0
SS,Red Kress,Red,Kress,HILITE RECORDS,5' 11',165 lbs,R,R,67,St. Louis Browns,BAL,1929,1921-1945,,83597,Bronze,Snapshot  SS Red Kress  SLA  1929,0,Y,5,76,88,81,79,89,80,110,96,77,96,76,80,76,80,88,64,1,Normal,Spray,Spray,1,1,1,4,1,1,1,4,1,1,1,4,16,-,-,16,-,-,-,-,-,-,-,-,2,NEU,89-91,3/4,Normal,1,6,-,-,-,88,72,84,87,4,8,9,-,-,87,-,95,89,-,-,-,148,-,87,-,95,89,-,-,-,46,54,51,60,6,2,6,6,1,1,0,0,0,0,1,0,0,0,0,0,0,0,0,0.2,-0.11,0,-0.7,-0.1,3.67,0,0,0.0,0.0,0,0,0,0,0,0,0,0.0,0,0,0,0,0,0,0,0,0,0,0,0,0,0,0,0,0,0,0,0,0,0.00,0,0,0,0,0,0.0,0.0,0.0,0.00,6,2,2,1,1,0,0,0,0.90,-0.1,1.115,0,0,20.0,0,0,2,2,1,0,0,0,0,0,0,0,0.0,0.0
SS,Red Kress,Red,Kress,London Majors,5' 11',165 lbs,R,R,67,St. Louis Browns,BAL,1929,1921-1945,,83597,Bronze,Snapshot  SS Red Kress  SLA  1929,0,N,0,70,81,74,72,82,73,102,88,71,88,70,73,70,73,81,64,1,Normal,Spray,Spray,1,1,1,2,1,1,1,2,1,1,1,2,16,-,-,16,-,-,-,-,-,-,-,-,2,NEU,89-91,3/4,Normal,1,6,-,-,-,88,72,84,87,4,8,9,-,-,81,-,89,83,-,-,-,139,-,81,-,89,83,-,-,-,46,54,51,60,16,16,59,52,5,3,1,0,1,6,5,5,0,0,1,1,0,11,0,1.9,-0.56,0,-6.7,-0.2,3.81,0,0,0.0,-0.0,0,0,0,0,0,0,0,0.0,0,0,0,0,0,0,0,0,0,0,0,0,0,0,0,0,0,0,0,0,0,0.00,0,0,0,0,0,0.0,0.0,0.0,0.00,18,16,87,46,39,2,13,0,5.62,2.2,1.061,0,0,136.0,0,0,54,52,2,2,3,3,2,1,3,1,0.0,0.0
SS,Red Kress,Red,Kress,Daegu Lions,5' 11',165 lbs,R,R,67,St. Louis Browns,BAL,1929,1921-1945,,83597,Bronze,Snapshot  SS Red Kress  SLA  1929,0,N,0,70,81,74,72,82,73,102,88,71,88,70,73,70,73,81,64,1,Normal,Spray,Spray,1,1,1,2,1,1,1,2,1,1,1,2,16,-,-,16,-,-,-,-,-,-,-,-,2,NEU,89-91,3/4,Normal,1,6,-,-,-,88,72,84,87,4,8,9,-,-,81,-,89,83,-,-,-,139,-,81,-,89,83,-,-,-,46,54,51,60,16,12,44,44,12,8,3,0,1,3,4,0,0,0,0,0,0,10,0,4.9,-0.33,4,-0.3,0.2,3.32,0,0,0.0,0.4,0,0,0,0,0,0,0,0.0,0,0,0,0,0,0,0,0,0,0,0,0,0,0,0,0,0,0,0,0,0,0.00,0,0,0,0,0,0.0,0.0,0.0,0.00,16,12,41,23,14,4,2,0,3.18,0.4,.940,0,0,104.2,0,0,25,21,4,4,5,5,2,2,1,1,0.0,0.0
SS,Red Kress,Red,Kress,Narragansett Wave,5' 11',165 lbs,R,R,67,St. Louis Browns,BAL,1929,1921-1945,,83597,Bronze,Snapshot  SS Red Kress  SLA  1929,0,N,0,70,81,74,72,82,73,102,88,71,88,70,73,70,73,81,64,1,Normal,Spray,Spray,1,1,1,2,1,1,1,2,1,1,1,2,16,-,-,16,-,-,-,-,-,-,-,-,2,NEU,89-91,3/4,Normal,1,6,-,-,-,88,72,84,87,4,8,9,-,-,81,-,89,83,-,-,-,139,-,81,-,89,83,-,-,-,46,54,51,60,5,5,19,18,1,1,0,0,0,2,1,0,0,0,0,1,0,2,0,0.1,-0.35,-1,-3.9,-0.3,3.32,0,0,0.0,0.0,0,0,0,0,0,0,0,0.0,0,0,0,0,0,0,0,0,0,0,0,0,0,0,0,0,0,0,0,0,0,0.00,0,0,0,0,0,0.0,0.0,0.0,0.00,5,5,25,13,10,2,1,0,4.81,-0.1,.983,0,0,43.0,0,0,18,16,0,0,3,2,1,0,0,0,0.0,0.0
SS,Rabbit Maranville,Rabbit,Maranville,Deep 13 Mad Scientists,5' 5',155 lbs,R,R,60,Boston Braves,ATL,1913,2026,,84340,Bronze,Rookie Sensation  SS Rabbit Maranville  BSN  1913,0,N,0,48,55,58,87,88,53,65,70,99,97,47,50,50,83,86,53,5,Normal,Normal,Normal,1,1,1,5,1,1,1,5,1,1,1,5,16,-,-,-,-,-,-,-,-,-,-,-,1,NEU,91-93,3/4,Normal,1,8,-,-,-,93,75,84,78,5,9,7,-,-,-,102,-,86,-,-,-,142,-,-,102,-,86,-,-,-,74,85,83,58,6,1,9,9,1,1,0,0,0,1,1,0,0,0,0,0,0,0,0,0.1,-0.05,0,-1.5,-0.1,2.67,0,0,0.0,0.0,0,0,0,0,0,0,0,0.0,0,0,0,0,0,0,0,0,0,0,0,0,0,0,0,0,0,0,0,0,0,0.00,0,0,0,0,0,0.0,0.0,0.0,0.00,6,1,9,4,5,0,0,0,3.24,0.4,1.088,0,0,25.0,0,0,8,8,1,1,0,0,0,0,0,0,0.0,0.0
SS,George McBride,George,McBride,Seoul Hannams,5' 11',170 lbs,R,R,63,Washington Senators,MIN,1910,2026,,82913,Bronze,Unsung Heroes  SS George McBride  WS1  1910,0,N,0,37,78,48,90,91,52,62,34,92,100,33,83,53,90,89,57,5,Normal,Normal,Normal,1,1,1,2,1,1,1,2,1,1,1,2,16,-,-,-,-,-,-,-,-,-,-,-,1,NEU,90-92,OTT,Normal,1,22,-,-,-,112,72,100,100,4,10,8,-,-,-,-,-,109,-,-,-,153,-,-,-,-,109,-,-,-,60,81,75,59,2,1,5,4,1,0,1,0,0,0,1,1,0,0,0,0,0,1,0,0.9,-0.02,0,0.4,0.1,2.80,0,0,0.0,0.0,0,0,0,0,0,0,0,0.0,0,0,0,0,0,0,0,0,0,0,0,0,0,0,0,0,0,0,0,0,0,0.00,0,0,0,0,0,0.0,0.0,0.0,0.00,1,1,3,1,2,0,0,0,3.38,0.5,2.229,0,0,8.0,0,0,1,1,0,0,1,1,0,0,0,0,0.0,0.0
SS,George McBride,George,McBride,Deep 13 Mad Scientists,5' 11',170 lbs,R,R,63,Washington Senators,MIN,1910,2026,,82913,Bronze,Unsung Heroes  SS George McBride  WS1  1910,0,N,0,37,78,48,90,91,52,62,34,92,100,33,83,53,90,89,57,5,Normal,Normal,Normal,1,1,1,2,1,1,1,2,1,1,1,2,16,-,-,-,-,-,-,-,-,-,-,-,1,NEU,90-92,OTT,Normal,1,22,-,-,-,112,72,100,100,4,10,8,-,-,-,-,-,109,-,-,-,153,-,-,-,-,109,-,-,-,60,81,75,59,7,7,19,18,2,2,0,0,0,1,0,0,0,0,1,0,0,2,0,0.1,-0.36,0,-3.2,-0.2,3.21,0,1,-0.5,0.0,0,0,0,0,0,0,0,0.0,0,0,0,0,0,0,0,0,0,0,0,0,0,0,0,0,0,0,0,0,0,0.00,0,0,0,0,0,0.0,0.0,0.0,0.00,7,7,28,16,9,3,3,0,4.33,0.4,.991,0,0,52.0,0,0,13,11,3,3,3,2,1,1,4,1,0.0,0.0
SS,George McBride,George,McBride,Jinzhou Speedster,5' 11',170 lbs,R,R,63,Washington Senators,MIN,1910,2026,,82913,Bronze,Unsung Heroes  SS George McBride  WS1  1910,0,N,0,37,78,48,90,91,52,62,34,92,100,33,83,53,90,89,57,5,Normal,Normal,Normal,1,1,1,2,1,1,1,2,1,1,1,2,16,-,-,-,-,-,-,-,-,-,-,-,1,NEU,90-92,OTT,Normal,1,22,-,-,-,112,72,100,100,4,10,8,-,-,-,-,-,109,-,-,-,153,-,-,-,-,109,-,-,-,60,81,75,59,5,5,19,19,2,1,1,0,0,1,1,0,0,0,0,0,0,4,1,0.2,-0.19,0,-2.9,-0.1,3.95,0,0,0.0,0.0,0,0,0,0,0,0,0,0.0,0,0,0,0,0,0,0,0,0,0,0,0,0,0,0,0,0,0,0,0,0,0.00,0,0,0,0,0,0.0,0.0,0.0,0.00,5,5,23,14,9,0,1,0,4.63,0.9,1.115,0,0,44.2,0,0,15,15,3,2,0,0,1,1,0,0,0.0,0.0
SS,George McBride,George,McBride,Altamonte Ryno's,5' 11',170 lbs,R,R,63,Washington Senators,MIN,1910,2026,,82913,Bronze,Unsung Heroes  SS George McBride  WS1  1910,0,Y,5,41,85,53,98,99,57,68,38,100,108,37,90,58,98,97,57,5,Normal,Normal,Normal,1,1,1,4,1,1,1,4,1,1,1,4,16,-,-,-,-,-,-,-,-,-,-,-,1,NEU,90-92,OTT,Normal,1,22,-,-,-,112,72,100,100,4,10,8,-,-,-,-,-,117,-,-,-,163,-,-,-,-,117,-,-,-,60,81,75,59,1,1,2,2,2,1,0,1,0,0,0,0,0,0,0,0,0,0,0,4.0,0.04,1,1.5,0.2,3.00,0,0,0.0,0.0,0,0,0,0,0,0,0,0.0,0,0,0,0,0,0,0,0,0,0,0,0,0,0,0,0,0,0,0,0,0,0.00,0,0,0,0,0,0.0,0.0,0.0,0.00,1,1,3,1,2,0,0,0,4.50,-0.0,1.115,0,0,6.0,0,0,3,3,0,0,0,0,1,0,1,0,0.0,0.0
SS,Billy Myers,Billy,Myers,The Colony Lynx,5' 8',170 lbs,R,R,67,Cincinnati Reds,CIN,1937,1921-1945,,83650,Bronze,Snapshot  SS Billy Myers  CIN  1937,0,N,0,50,66,78,88,73,65,71,83,90,71,43,65,77,88,74,55,1,Normal,Normal,Normal,1,1,1,1,1,1,1,1,1,1,1,1,16,-,-,-,-,-,-,-,-,-,-,-,1,NEU,89-91,3/4,Normal,1,21,-,-,-,101,59,90,89,10,1,6,-,-,-,107,-,91,-,-,-,141,-,-,107,-,91,-,-,-,48,21,30,62,3,2,8,8,1,1,0,0,0,0,0,0,0,0,0,0,0,2,0,0.1,-0.20,0,-1.2,-0.1,4.12,0,0,0.0,0.0,0,0,0,0,0,0,0,0.0,0,0,0,0,0,0,0,0,0,0,0,0,0,0,0,0,0,0,0,0,0,0.00,0,0,0,0,0,0.0,0.0,0.0,0.00,4,2,11,6,4,1,0,0,5.00,-0.2,.936,0,0,18.0,0,0,9,8,0,0,0,0,0,0,0,0,0.0,0.0
SS,Billy Myers,Billy,Myers,Town of Lake Loons,5' 8',170 lbs,R,R,67,Cincinnati Reds,CIN,1937,1921-1945,,83650,Bronze,Snapshot  SS Billy Myers  CIN  1937,0,N,0,50,66,78,88,73,65,71,83,90,71,43,65,77,88,74,55,1,Normal,Normal,Normal,1,1,1,1,1,1,1,1,1,1,1,1,16,-,-,-,-,-,-,-,-,-,-,-,1,NEU,89-91,3/4,Normal,1,21,-,-,-,101,59,90,89,10,1,6,-,-,-,107,-,91,-,-,-,141,-,-,107,-,91,-,-,-,48,21,30,62,4,2,6,6,1,1,0,0,0,0,0,0,0,0,0,0,0,1,0,0.2,-0.10,0,-0.7,-0.0,3.50,0,0,0.0,-0.0,0,0,0,0,0,0,0,0.0,0,0,0,0,0,0,0,0,0,0,0,0,0,0,0,0,0,0,0,0,0,0.00,0,0,0,0,0,0.0,0.0,0.0,0.00,4,2,10,8,2,0,2,0,4.58,0.4,1.098,0,0,19.2,0,0,9,9,1,1,0,0,0,0,1,0,0.0,0.0
SS,Billy Myers,Billy,Myers,Allston Wolf Spiders,5' 8',170 lbs,R,R,67,Cincinnati Reds,CIN,1937,1921-1945,,83650,Bronze,Snapshot  SS Billy Myers  CIN  1937,0,N,0,50,66,78,88,73,65,71,83,90,71,43,65,77,88,74,55,1,Normal,Normal,Normal,1,1,1,1,1,1,1,1,1,1,1,1,16,-,-,-,-,-,-,-,-,-,-,-,1,NEU,89-91,3/4,Normal,1,21,-,-,-,101,59,90,89,10,1,6,-,-,-,107,-,91,-,-,-,141,-,-,107,-,91,-,-,-,48,21,30,62,6,6,18,18,4,3,0,1,0,0,2,0,0,0,0,0,0,4,0,1.3,-0.02,1,-0.9,-0.1,3.50,0,0,0.0,-0.3,0,0,0,0,0,0,0,0.0,0,0,0,0,0,0,0,0,0,0,0,0,0,0,0,0,0,0,0,0,0,0.00,0,0,0,0,0,0.0,0.0,0.0,0.00,6,6,16,10,5,1,1,0,2.76,-0.3,.912,0,0,49.0,0,0,10,8,3,3,0,0,2,1,0,0,0.0,0.0
SS,Billy Myers,Billy,Myers,HickoryHoller JayBirds,5' 8',170 lbs,R,R,67,Cincinnati Reds,CIN,1937,1921-1945,,83650,Bronze,Snapshot  SS Billy Myers  CIN  1937,0,N,0,50,66,78,88,73,65,71,83,90,71,43,65,77,88,74,55,1,Normal,Normal,Normal,1,1,1,1,1,1,1,1,1,1,1,1,16,-,-,-,-,-,-,-,-,-,-,-,1,NEU,89-91,3/4,Normal,1,21,-,-,-,101,59,90,89,10,1,6,-,-,-,107,-,91,-,-,-,141,-,-,107,-,91,-,-,-,48,21,30,62,7,7,27,25,4,3,0,0,1,3,3,0,0,0,1,1,0,3,0,1.2,-0.26,0,-2.8,-0.1,3.22,0,0,0.0,0.2,0,0,0,0,0,0,0,0.0,0,0,0,0,0,0,0,0,0,0,0,0,0,0,0,0,0,0,0,0,0,0.00,0,0,0,0,0,0.0,0.0,0.0,0.00,7,7,28,17,10,1,5,0,3.66,0.4,1.115,0,0,66.1,0,0,13,12,1,0,3,2,1,0,3,1,0.0,0.0
SS,Billy Myers,Billy,Myers,Daegu Lions,5' 8',170 lbs,R,R,67,Cincinnati Reds,CIN,1937,1921-1945,,83650,Bronze,Snapshot  SS Billy Myers  CIN  1937,0,N,0,50,66,78,88,73,65,71,83,90,71,43,65,77,88,74,55,1,Normal,Normal,Normal,1,1,1,1,1,1,1,1,1,1,1,1,16,-,-,-,-,-,-,-,-,-,-,-,1,NEU,89-91,3/4,Normal,1,21,-,-,-,101,59,90,89,10,1,6,-,-,-,107,-,91,-,-,-,141,-,-,107,-,91,-,-,-,48,21,30,62,15,15,58,53,10,8,1,0,1,9,5,4,0,1,0,0,0,12,2,3.4,0.14,3,-2.9,-0.3,4.00,0,0,0.0,-0.9,0,0,0,0,0,0,0,0.0,0,0,0,0,0,0,0,0,0,0,0,0,0,0,0,0,0,0,0,0,0,0.00,0,0,0,0,0,0.0,0.0,0.0,0.00,15,15,45,24,15,6,5,0,2.61,-1.8,.882,0,0,134.1,0,0,30,25,10,6,3,2,3,1,1,0,0.0,0.0
SS,Billy Myers,Billy,Myers,BAGgin' Dingers TTC,5' 8',170 lbs,R,R,67,Cincinnati Reds,CIN,1937,1921-1945,,83650,Bronze,Snapshot  SS Billy Myers  CIN  1937,0,Y,5,55,72,85,96,80,71,77,90,98,77,48,71,84,96,81,55,1,Normal,Normal,Normal,1,1,1,1,1,1,1,1,1,1,1,1,16,-,-,-,-,-,-,-,-,-,-,-,1,NEU,89-91,3/4,Normal,1,21,-,-,-,101,59,90,89,10,1,6,-,-,-,115,-,97,-,-,-,151,-,-,115,-,97,-,-,-,48,21,30,62,16,15,55,53,12,7,2,0,3,6,4,1,0,0,1,0,0,8,0,5.6,0.05,5,-0.8,0.5,3.62,0,0,0.0,0.5,0,0,0,0,0,0,0,0.0,0,0,0,0,0,0,0,0,0,0,0,0,0,0,0,0,0,0,0,0,0,0.00,0,0,0,0,0,0.0,0.0,0.0,0.00,16,15,67,41,24,2,8,0,4.38,3.2,1.139,0,0,133.2,0,0,44,43,5,5,4,4,3,0,5,2,0.0,0.0
SS,Billy Myers,Billy,Myers,Canterbury Tails,5' 8',170 lbs,R,R,67,Cincinnati Reds,CIN,1937,1921-1945,,83650,Bronze,Snapshot  SS Billy Myers  CIN  1937,0,N,0,50,66,78,88,73,65,71,83,90,71,43,65,77,88,74,55,1,Normal,Normal,Normal,1,1,1,1,1,1,1,1,1,1,1,1,16,-,-,-,-,-,-,-,-,-,-,-,1,NEU,89-91,3/4,Normal,1,21,-,-,-,101,59,90,89,10,1,6,-,-,-,107,-,91,-,-,-,141,-,-,107,-,91,-,-,-,48,21,30,62,10,10,34,30,7,4,1,0,2,6,4,3,0,0,0,1,0,6,0,4.5,-0.08,4,0.6,0.3,3.79,0,0,0.0,0.0,0,0,0,0,0,0,0,0.0,0,0,0,0,0,0,0,0,0,0,0,0,0,0,0,0,0,0,0,0,0,0.00,0,0,0,0,0,0.0,0.0,0.0,0.00,10,10,41,23,16,2,2,0,4.23,0.7,1.062,0,0,83.0,0,0,32,28,4,2,5,4,3,2,3,1,0.0,0.0
SS,Billy Myers,Billy,Myers,Sabo's Saturn League Legends TTC,5' 8',170 lbs,R,R,67,Cincinnati Reds,CIN,1937,1921-1945,,83650,Bronze,Snapshot  SS Billy Myers  CIN  1937,0,N,0,50,66,78,88,73,65,71,83,90,71,43,65,77,88,74,55,1,Normal,Normal,Normal,1,1,1,1,1,1,1,1,1,1,1,1,16,-,-,-,-,-,-,-,-,-,-,-,1,NEU,89-91,3/4,Normal,1,21,-,-,-,101,59,90,89,10,1,6,-,-,-,107,-,91,-,-,-,141,-,-,107,-,91,-,-,-,48,21,30,62,12,12,45,42,12,9,0,1,2,8,5,3,1,0,0,0,0,4,0,6.8,0.67,6,1.2,0.4,3.44,0,0,0.0,-0.5,0,0,0,0,0,0,0,0.0,0,0,0,0,0,0,0,0,0,0,0,0,0,0,0,0,0,0,0,0,0,0.00,0,0,0,0,0,0.0,0.0,0.0,0.00,12,12,55,30,23,2,11,0,4.50,1.6,1.075,0,0,106.0,0,0,29,27,2,2,6,5,4,2,4,1,0.0,0.0
SS,Phil Rizzuto,Phil,Rizzuto,Altamonte Ryno's,5' 6',160 lbs,R,R,66,New York Yankees,NYY,1948,1946-1960,,83592,Bronze,Snapshot  SS Phil Rizzuto  NYY  1948,0,Y,5,46,55,68,87,124,64,49,49,87,149,40,58,72,88,117,60,6,Normal,Normal,Normal,1,1,1,9,1,1,1,9,1,1,1,9,16,-,-,-,-,-,-,-,-,-,-,-,1,GB,89-91,3/4,GB'er,1,5,-,-,-,90,80,87,88,4,10,4,-,-,-,-,-,95,-,-,-,154,-,-,-,-,95,-,-,-,55,43,60,69,6,5,18,16,7,6,0,0,1,2,3,2,0,0,0,0,0,1,0,4.7,-0.08,4,2.7,0.4,3.11,0,1,-0.5,0.1,0,0,0,0,0,0,0,0.0,0,0,0,0,0,0,0,0,0,0,0,0,0,0,0,0,0,0,0,0,0,0.00,0,0,0,0,0,0.0,0.0,0.0,0.00,6,5,31,19,12,0,3,0,6.34,0.9,1.115,0,0,44.0,0,0,21,21,3,2,1,1,0,0,2,0,0.0,0.0
SS,Everett Scott,Everett,Scott,The Colony Lynx,5' 8',150 lbs,R,R,63,Boston Red Sox,BOS,1914,2026,,84350,Bronze,Rookie Sensation  SS Everett Scott  BOS  1914,0,N,0,43,61,58,56,105,60,43,40,55,118,38,65,62,57,101,60,6,Normal,Normal,Normal,1,1,1,2,1,1,1,2,1,1,1,2,16,-,-,-,-,-,-,-,-,-,-,-,1,NEU,90-92,OTT,Normal,1,23,-,-,-,100,77,95,96,7,2,1,-,-,-,-,-,100,-,-,-,150,-,-,-,-,100,-,-,-,67,80,75,57,2,,1,1,0,0,0,0,0,0,0,0,0,0,0,0,0,0,0,0.0,-0.05,0,-0.2,-0.0,2.00,0,0,0.0,0.0,0,0,0,0,0,0,0,0.0,0,0,0,0,0,0,0,0,0,0,0,0,0,0,0,0,0,0,0,0,0,0.00,0,0,0,0,0,0.0,0.0,0.0,0.00,2,0,3,2,1,0,0,0,4.50,-0.1,1.115,0,0,6.0,0,0,2,2,0,0,1,0,0,0,1,0,0.0,0.0
SS,Dick Seay,Dick,Seay,DongTan Milky,5' 7',160 lbs,R,R,66,Newark Eagles,NeEa,1940,1921-1945,,84444,Bronze,Negro League Star  2B Dick Seay  NeEa  1940,0,N,0,30,53,65,82,88,31,54,66,83,89,30,53,65,82,88,108,100,Normal,Normal,Spray,1,1,19,5,1,1,19,5,1,1,19,5,16,-,-,-,-,-,-,-,-,-,-,-,1,NEU,89-91,3/4,Normal,1,22,53,53,53,95,75,52,91,55,62,68,-,45,-,106,75,81,64,-,60,141,45,-,106,75,81,64,-,60,58,47,67,56,4,4,13,11,2,2,0,0,0,0,1,1,0,0,1,0,0,1,0,0.6,-0.01,0,-1.2,-0.0,3.00,0,0,0.0,0.1,0,0,0,0,0,0,0,0.0,0,0,0,0,0,0,0,0,0,0,0,0,0,0,0,0,0,0,0,0,0,0.00,0,0,0,0,0,0.0,0.0,0.0,0.00,4,4,19,10,8,1,1,0,4.67,0.3,1.013,0,0,34.2,0,0,10,8,4,4,1,1,1,1,0,0,0.0,0.0
SS,Jake Stephens,Jake,Stephens,Gettysburg Iron Brigade,5' 6',135 lbs,R,R,64,Homestead Grays,HoGr,1931,1921-1945,,84427,Bronze,Negro League Star  SS Jake Stephens  HoGr  1931,0,N,0,48,64,29,84,86,49,64,29,84,86,48,65,29,84,86,98,96,Normal,Spray,Spray,1,1,19,4,1,1,19,4,1,1,20,4,16,-,-,-,-,-,-,-,-,-,-,-,1,NEU,90-92,3/4,Normal,1,19,1,1,1,100,74,97,80,55,62,68,-,-,-,109,102,96,-,-,60,148,-,-,109,102,96,-,-,60,60,65,77,63,1,1,4,3,0,0,0,0,0,0,0,0,0,0,1,0,0,1,0,0.0,-0.17,0,-1.0,-0.1,2.75,0,0,0.0,0.0,0,0,0,0,0,0,0,0.0,0,0,0,0,0,0,0,0,0,0,0,0,0,0,0,0,0,0,0,0,0,0.00,0,0,0,0,0,0.0,0.0,0.0,0.00,1,1,6,3,2,1,1,0,5.62,-0.3,.836,0,0,8.0,0,0,4,3,0,0,0,0,0,0,0,0,0.0,0.0
SS,Jake Stephens,Jake,Stephens,Ware Wolves2,5' 6',135 lbs,R,R,64,Homestead Grays,HoGr,1931,1921-1945,,84427,Bronze,Negro League Star  SS Jake Stephens  HoGr  1931,0,N,0,48,64,29,84,86,49,64,29,84,86,48,65,29,84,86,98,96,Normal,Spray,Spray,1,1,19,4,1,1,19,4,1,1,20,4,16,-,-,-,-,-,-,-,-,-,-,-,1,NEU,90-92,3/4,Normal,1,19,1,1,1,100,74,97,80,55,62,68,-,-,-,109,102,96,-,-,60,148,-,-,109,102,96,-,-,60,60,65,77,63,26,24,93,82,15,14,0,0,1,3,5,9,0,0,2,0,0,19,0,5.5,-0.83,5,-5.9,-0.1,3.87,0,0,0.0,-0.8,0,0,0,0,0,0,0,0.0,0,0,0,0,0,0,0,0,0,0,0,0,0,0,0,0,0,0,0,0,0,0.00,0,0,0,0,0,0.0,0.0,0.0,0.00,26,24,78,45,30,3,6,0,3.12,1.1,1.024,0,0,216.2,0,0,46,43,8,7,10,7,5,2,6,0,0.0,0.0
SS,Jake Stephens,Jake,Stephens,BAGgin' Dingers TTC,5' 6',135 lbs,R,R,64,Homestead Grays,HoGr,1931,1921-1945,,84427,Bronze,Negro League Star  SS Jake Stephens  HoGr  1931,0,N,0,48,64,29,84,86,49,64,29,84,86,48,65,29,84,86,98,96,Normal,Spray,Spray,1,1,19,4,1,1,19,4,1,1,20,4,16,-,-,-,-,-,-,-,-,-,-,-,1,NEU,90-92,3/4,Normal,1,19,1,1,1,100,74,97,80,55,62,68,-,-,-,109,102,96,-,-,60,148,-,-,109,102,96,-,-,60,60,65,77,63,7,1,4,4,1,0,1,0,0,0,1,0,0,0,0,0,0,0,0,0.5,0.04,0,0.0,0.1,3.50,0,0,0.0,0.2,0,0,0,0,0,0,0,0.0,0,0,0,0,0,0,0,0,0,0,0,0,0,0,0,0,0,0,0,0,0,0.00,0,0,0,0,0,0.0,0.0,0.0,0.00,7,1,6,5,1,0,0,0,3.45,0.6,1.365,0,0,15.2,0,0,5,5,1,1,0,0,0,0,0,0,0.0,0.0
SS,Vern Stephens,Vern,Stephens,OKC Whirlwinds - PCK,5' 10',185 lbs,R,R,58,Boston Red Sox,BOS,1950,1946-1960,,86640,Iron,T4 Ep. 8 - Historical All-Star  SS Vern Stephens  BOS  1950,0,N,0,74,86,90,76,84,53,83,88,96,90,80,87,91,69,83,15,2,Normal,Normal,Normal,1,1,1,5,1,1,1,5,1,1,1,5,16,-,-,-,-,-,-,-,-,-,-,-,1,NEU,90-92,3/4,Normal,1,4,-,-,-,84,69,71,94,1,7,9,-,-,-,-,-,77,-,-,-,134,-,-,-,-,77,-,-,-,31,16,49,36,19,17,67,61,13,8,2,0,3,13,8,5,1,0,0,1,0,13,0,6.9,0.54,6,-1.4,0.1,3.81,0,0,0.0,-0.4,0,0,0,0,0,0,0,0.0,0,0,0,0,0,0,0,0,0,0,0,0,0,0,0,0,0,0,0,0,0,0.00,0,0,0,0,0,0.0,0.0,0.0,0.00,19,17,53,29,23,1,5,0,3.03,-0.4,.940,0,0,154.1,0,0,33,30,10,7,1,1,1,1,1,0,0.0,0.0
SS,Vern Stephens,Vern,Stephens,Deadwood Punch and Judys TTC,5' 10',185 lbs,R,R,58,Boston Red Sox,BOS,1950,1946-1960,,86640,Iron,T4 Ep. 8 - Historical All-Star  SS Vern Stephens  BOS  1950,0,N,0,74,86,90,76,84,53,83,88,96,90,80,87,91,69,83,15,2,Normal,Normal,Normal,1,1,1,5,1,1,1,5,1,1,1,5,16,-,-,-,-,-,-,-,-,-,-,-,1,NEU,90-92,3/4,Normal,1,4,-,-,-,84,69,71,94,1,7,9,-,-,-,-,-,77,-,-,-,134,-,-,-,-,77,-,-,-,31,16,49,36,6,4,17,16,4,3,1,0,0,0,4,1,0,0,0,0,0,1,0,1.5,0.10,1,-0.4,0.1,3.41,0,0,0.0,0.4,0,0,0,0,0,0,0,0.0,0,0,0,0,0,0,0,0,0,0,0,0,0,0,0,0,0,0,0,0,0,0.00,0,0,0,0,0,0.0,0.0,0.0,0.00,6,4,24,13,10,1,3,0,5.45,0.1,.966,0,0,38.0,0,0,14,13,2,2,1,1,0,0,1,0,0.0,0.0
SS,Vern Stephens,Vern,Stephens,King Street 504s,5' 10',185 lbs,R,R,58,Boston Red Sox,BOS,1950,1946-1960,,86640,Iron,T4 Ep. 8 - Historical All-Star  SS Vern Stephens  BOS  1950,0,N,0,74,86,90,76,84,53,83,88,96,90,80,87,91,69,83,15,2,Normal,Normal,Normal,1,1,1,5,1,1,1,5,1,1,1,5,16,-,-,-,-,-,-,-,-,-,-,-,1,NEU,90-92,3/4,Normal,1,4,-,-,-,84,69,71,94,1,7,9,-,-,-,-,-,77,-,-,-,134,-,-,-,-,77,-,-,-,31,16,49,36,5,5,22,21,5,3,2,0,0,1,1,1,0,0,0,0,0,3,1,1.6,-0.12,1,-0.6,0.1,3.14,0,0,0.0,0.1,0,0,0,0,0,0,0,0.0,0,0,0,0,0,0,0,0,0,0,0,0,0,0,0,0,0,0,0,0,0,0.00,0,0,0,0,0,0.0,0.0,0.0,0.00,5,5,20,11,7,2,2,0,3.18,0.1,.966,0,0,51.0,0,0,14,13,3,2,1,1,2,1,0,0,0.0,0.0
SS,Honus Wagner,Honus,Wagner,Birmingham Black Barons,5' 11',200 lbs,R,R,68,Pittsburgh Pirates,PIT,1913,2026,,86712,Bronze,FLF 22 & Co. - Snapshot  SS Honus Wagner  PIT  1913,0,N,0,97,90,69,81,109,122,77,113,51,98,91,94,46,89,113,100,89,Groundball,Normal,Normal,1,1,1,5,1,1,1,5,1,1,1,5,-,-,-,16,-,17,-,-,-,-,-,-,2,NEU,90-92,3/4,Normal,1,16,-,-,-,84,112,88,97,71,75,29,-,-,86,-,108,99,-,53,-,154,-,86,-,108,99,-,53,-,71,84,85,79,12,12,56,50,10,5,3,1,1,7,5,5,0,0,1,0,0,11,1,5.0,-0.17,5,-1.3,0.1,3.80,0,0,0.0,-0.0,0,0,0,0,0,0,0,0.0,0,0,0,0,0,0,0,0,0,0,0,0,0,0,0,0,0,0,0,0,0,0.00,0,0,0,0,0,0.0,0.0,0.0,0.00,12,12,54,33,19,2,7,0,4.46,-0.4,.947,0,0,105.0,0,0,35,32,6,4,1,1,4,2,0,0,0.0,0.0
SS,Honus Wagner,Honus,Wagner,The Colony Lynx,5' 11',200 lbs,R,R,68,Pittsburgh Pirates,PIT,1913,2026,,86712,Bronze,FLF 22 & Co. - Snapshot  SS Honus Wagner  PIT  1913,0,N,0,97,90,69,81,109,122,77,113,51,98,91,94,46,89,113,100,89,Groundball,Normal,Normal,1,1,1,5,1,1,1,5,1,1,1,5,-,-,-,16,-,17,-,-,-,-,-,-,2,NEU,90-92,3/4,Normal,1,16,-,-,-,84,112,88,97,71,75,29,-,-,86,-,108,99,-,53,-,154,-,86,-,108,99,-,53,-,71,84,85,79,7,6,26,24,10,7,1,0,2,3,5,2,0,0,0,0,0,3,0,7.4,0.25,7,4.1,0.5,3.65,0,1,-0.5,0.2,0,0,0,0,0,0,0,0.0,0,0,0,0,0,0,0,0,0,0,0,0,0,0,0,0,0,0,0,0,0,0.00,0,0,0,0,0,0.0,0.0,0.0,0.00,7,6,23,12,10,1,2,0,3.88,-0.0,1.026,0,0,51.0,0,0,13,11,2,2,1,1,1,0,2,0,0.0,0.0
SS,Honus Wagner,Honus,Wagner,Black Dog,5' 11',200 lbs,R,R,68,Pittsburgh Pirates,PIT,1913,2026,,86712,Bronze,FLF 22 & Co. - Snapshot  SS Honus Wagner  PIT  1913,0,N,0,97,90,69,81,109,122,77,113,51,98,91,94,46,89,113,100,89,Groundball,Normal,Normal,1,1,1,5,1,1,1,5,1,1,1,5,-,-,-,16,-,17,-,-,-,-,-,-,2,NEU,90-92,3/4,Normal,1,16,-,-,-,84,112,88,97,71,75,29,-,-,86,-,108,99,-,53,-,154,-,86,-,108,99,-,53,-,71,84,85,79,11,11,49,48,14,11,1,0,2,10,5,1,0,0,0,0,0,14,1,6.1,0.37,6,0.8,0.3,3.57,0,0,0.0,0.0,0,0,0,0,0,0,0,0.0,0,0,0,0,0,0,0,0,0,0,0,0,0,0,0,0,0,0,0,0,0,0.00,0,0,0,0,0,0.0,0.0,0.0,0.00,11,11,43,26,15,2,5,0,3.69,0.5,1.003,0,0,100.0,0,0,23,21,3,1,8,6,3,2,5,1,0.0,0.0
SS,Honus Wagner,Honus,Wagner,Seoul Hannams,5' 11',200 lbs,R,R,68,Pittsburgh Pirates,PIT,1913,2026,,86712,Bronze,FLF 22 & Co. - Snapshot  SS Honus Wagner  PIT  1913,0,N,0,97,90,69,81,109,122,77,113,51,98,91,94,46,89,113,100,89,Groundball,Normal,Normal,1,1,1,5,1,1,1,5,1,1,1,5,-,-,-,16,-,17,-,-,-,-,-,-,2,NEU,90-92,3/4,Normal,1,16,-,-,-,84,112,88,97,71,75,29,-,-,86,-,108,99,-,53,-,154,-,86,-,108,99,-,53,-,71,84,85,79,5,5,24,23,3,1,2,0,0,1,1,1,0,0,0,0,0,6,0,0.9,-0.38,0,-2.5,-0.2,3.71,0,0,0.0,0.1,0,0,0,0,0,0,0,0.0,0,0,0,0,0,0,0,0,0,0,0,0,0,0,0,0,0,0,0,0,0,0.00,0,0,0,0,0,0.0,0.0,0.0,0.00,5,5,21,8,11,2,1,0,3.72,-0.7,.892,0,0,46.0,0,0,14,10,1,1,1,1,2,1,0,0,0.0,0.0
SS,Honus Wagner,Honus,Wagner,Town of Lake Loons,5' 11',200 lbs,R,R,68,Pittsburgh Pirates,PIT,1913,2026,,86712,Bronze,FLF 22 & Co. - Snapshot  SS Honus Wagner  PIT  1913,0,N,0,97,90,69,81,109,122,77,113,51,98,91,94,46,89,113,100,89,Groundball,Normal,Normal,1,1,1,5,1,1,1,5,1,1,1,5,-,-,-,16,-,17,-,-,-,-,-,-,2,NEU,90-92,3/4,Normal,1,16,-,-,-,84,112,88,97,71,75,29,-,-,86,-,108,99,-,53,-,154,-,86,-,108,99,-,53,-,71,84,85,79,5,5,22,22,4,4,0,0,0,1,0,0,0,0,0,0,0,1,0,0.7,-0.38,0,-2.5,-0.2,3.45,0,0,0.0,0.0,0,0,0,0,0,0,0,0.0,0,0,0,0,0,0,0,0,0,0,0,0,0,0,0,0,0,0,0,0,0,0.00,0,0,0,0,0,0.0,0.0,0.0,0.00,5,5,20,4,16,0,1,0,4.12,-0.0,.892,0,0,43.2,0,0,14,13,1,1,1,0,1,1,1,0,0.0,0.0
SS,Honus Wagner,Honus,Wagner,Cape Cod Sharks - HotL,5' 11',200 lbs,R,R,68,Pittsburgh Pirates,PIT,1913,2026,,86712,Bronze,FLF 22 & Co. - Snapshot  SS Honus Wagner  PIT  1913,0,N,0,97,90,69,81,109,122,77,113,51,98,91,94,46,89,113,100,89,Groundball,Normal,Normal,1,1,1,5,1,1,1,5,1,1,1,5,-,-,-,16,-,17,-,-,-,-,-,-,2,NEU,90-92,3/4,Normal,1,16,-,-,-,84,112,88,97,71,75,29,-,-,86,-,108,99,-,53,-,154,-,86,-,108,99,-,53,-,71,84,85,79,16,16,65,59,14,9,1,1,3,8,9,6,0,0,0,0,0,11,2,7.6,0.07,8,1.2,0.6,3.98,0,0,0.0,0.8,0,0,0,0,0,0,0,0.0,0,0,0,0,0,0,0,0,0,0,0,0,0,0,0,0,0,0,0,0,0,0.00,0,0,0,0,0,0.0,0.0,0.0,0.00,17,16,70,45,22,3,5,0,4.25,0.7,1.025,0,0,142.0,0,0,51,49,5,3,4,1,6,3,1,0,0.0,0.0
SS,Honus Wagner,Honus,Wagner,Port Townsend Wild Daphnes,5' 11',200 lbs,R,R,68,Pittsburgh Pirates,PIT,1913,2026,,86712,Bronze,FLF 22 & Co. - Snapshot  SS Honus Wagner  PIT  1913,0,N,0,97,90,69,81,109,122,77,113,51,98,91,94,46,89,113,100,89,Groundball,Normal,Normal,1,1,1,5,1,1,1,5,1,1,1,5,-,-,-,16,-,17,-,-,-,-,-,-,2,NEU,90-92,3/4,Normal,1,16,-,-,-,84,112,88,97,71,75,29,-,-,86,-,108,99,-,53,-,154,-,86,-,108,99,-,53,-,71,84,85,79,34,32,147,135,27,16,10,0,1,8,16,10,0,0,0,2,0,18,3,10.1,0.32,10,-6.9,-0.0,3.79,0,0,0.0,-0.8,0,0,0,0,0,0,0,0.0,0,0,0,0,0,0,0,0,0,0,0,0,0,0,0,0,0,0,0,0,0,0.00,0,0,0,0,0,0.0,0.0,0.0,0.00,32,32,138,71,64,3,15,0,4.28,1.2,1.058,0,0,283.2,0,0,90,83,19,13,6,4,8,3,5,0,0.0,0.0
SS,Honus Wagner,Honus,Wagner,Breslau Binturings - HotL,5' 11',200 lbs,R,R,68,Pittsburgh Pirates,PIT,1913,2026,,86712,Bronze,FLF 22 & Co. - Snapshot  SS Honus Wagner  PIT  1913,0,Y,5,105,98,75,88,118,132,84,122,56,106,99,102,51,97,122,100,89,Groundball,Normal,Normal,1,1,1,7,1,1,1,7,1,1,1,7,-,-,-,16,-,17,-,-,-,-,-,-,2,NEU,90-92,3/4,Normal,1,16,-,-,-,84,112,88,97,71,75,29,-,-,92,-,115,106,-,57,-,164,-,92,-,115,106,-,57,-,71,84,85,79,10,10,40,38,13,10,1,0,2,5,6,1,0,0,1,0,0,6,0,7.3,0.24,7,2.3,0.5,3.80,0,0,0.0,0.4,0,0,0,0,0,0,0,0.0,0,0,0,0,0,0,0,0,0,0,0,0,0,0,0,0,0,0,0,0,0,0.00,0,0,0,0,0,0.0,0.0,0.0,0.00,10,10,38,24,12,2,5,0,3.67,0.3,.991,0,0,88.1,0,0,21,18,8,8,2,2,3,1,2,0,0.0,0.0
SS,Honus Wagner,Honus,Wagner,EVC's Let the Music Play Ball-TTC,5' 11',200 lbs,R,R,68,Pittsburgh Pirates,PIT,1913,2026,,86712,Bronze,FLF 22 & Co. - Snapshot  SS Honus Wagner  PIT  1913,0,N,0,97,90,69,81,109,122,77,113,51,98,91,94,46,89,113,100,89,Groundball,Normal,Normal,1,1,1,5,1,1,1,5,1,1,1,5,-,-,-,16,-,17,-,-,-,-,-,-,2,NEU,90-92,3/4,Normal,1,16,-,-,-,84,112,88,97,71,75,29,-,-,86,-,108,99,-,53,-,154,-,86,-,108,99,-,53,-,71,84,85,79,15,14,59,54,15,12,2,0,1,4,8,3,0,0,1,1,0,10,0,6.8,-0.08,6,-0.4,0.3,3.95,1,0,0.3,0.1,0,0,0,0,0,0,0,0.0,0,0,0,0,0,0,0,0,0,0,0,0,0,0,0,0,0,0,0,0,0,0.00,0,0,0,0,0,0.0,0.0,0.0,0.00,15,14,76,49,26,1,9,0,5.44,0.8,1.007,0,0,124.0,0,0,45,39,8,8,3,3,7,4,1,0,0.0,0.0
SS,Honus Wagner,Honus,Wagner,Smyrna Stooges,5' 11',200 lbs,R,R,68,Pittsburgh Pirates,PIT,1913,2026,,86712,Bronze,FLF 22 & Co. - Snapshot  SS Honus Wagner  PIT  1913,0,N,0,97,90,69,81,109,122,77,113,51,98,91,94,46,89,113,100,89,Groundball,Normal,Normal,1,1,1,5,1,1,1,5,1,1,1,5,-,-,-,16,-,17,-,-,-,-,-,-,2,NEU,90-92,3/4,Normal,1,16,-,-,-,84,112,88,97,71,75,29,-,-,86,-,108,99,-,53,-,154,-,86,-,108,99,-,53,-,71,84,85,79,4,4,15,14,3,2,1,0,0,1,2,0,0,0,0,1,0,1,1,0.6,-0.24,0,-1.2,-0.1,3.73,0,0,0.0,-0.2,0,0,0,0,0,0,0,0.0,0,0,0,0,0,0,0,0,0,0,0,0,0,0,0,0,0,0,0,0,0,0.00,0,0,0,0,0,0.0,0.0,0.0,0.00,4,4,10,5,5,0,0,0,2.65,-0.3,.892,0,0,34.0,0,0,5,5,4,3,2,1,1,0,1,0,0.0,0.0
SS,Honus Wagner,Honus,Wagner,Deadwood Punch and Judys TTC,5' 11',200 lbs,R,R,68,Pittsburgh Pirates,PIT,1913,2026,,86712,Bronze,FLF 22 & Co. - Snapshot  SS Honus Wagner  PIT  1913,0,N,0,97,90,69,81,109,122,77,113,51,98,91,94,46,89,113,100,89,Groundball,Normal,Normal,1,1,1,5,1,1,1,5,1,1,1,5,-,-,-,16,-,17,-,-,-,-,-,-,2,NEU,90-92,3/4,Normal,1,16,-,-,-,84,112,88,97,71,75,29,-,-,86,-,108,99,-,53,-,154,-,86,-,108,99,-,53,-,71,84,85,79,21,20,84,75,15,11,3,0,1,11,5,6,0,0,3,0,0,14,0,6.0,-0.32,5,-4.5,0.2,3.71,0,0,0.0,0.6,0,0,0,0,0,0,0,0.0,0,0,0,0,0,0,0,0,0,0,0,0,0,0,0,0,0,0,0,0,0,0.00,0,0,0,0,0,0.0,0.0,0.0,0.00,21,20,87,53,32,2,9,0,4.37,2.3,1.058,0,0,175.0,0,0,52,49,10,9,5,4,8,4,1,0,0.0,0.0
SS,Honus Wagner,Honus,Wagner,Kansas City Torrent - JW,5' 11',200 lbs,R,R,68,Pittsburgh Pirates,PIT,1913,2026,,86712,Bronze,FLF 22 & Co. - Snapshot  SS Honus Wagner  PIT  1913,60,N,0,97,90,69,81,109,122,77,113,51,98,91,94,46,89,113,100,89,Groundball,Normal,Normal,1,1,1,5,1,1,1,5,1,1,1,5,-,-,-,16,-,17,-,-,-,-,-,-,2,NEU,90-92,3/4,Normal,1,16,-,-,-,84,112,88,97,71,75,29,-,-,86,-,108,99,-,53,-,154,-,86,-,108,99,-,53,-,71,84,85,79,5,2,12,10,4,2,2,0,0,0,4,2,0,0,0,0,0,0,0,3.3,0.14,3,1.7,0.2,2.92,0,0,0.0,0.3,0,0,0,0,0,0,0,0.0,0,0,0,0,0,0,0,0,0,0,0,0,0,0,0,0,0,0,0,0,0,0.00,0,0,0,0,0,0.0,0.0,0.0,0.00,5,2,12,6,5,1,1,0,4.57,-0.6,.791,0,0,21.2,0,0,8,6,0,0,0,0,1,1,1,0,0.0,0.0
SS,Honus Wagner,Honus,Wagner,Moncton Mosquitos,5' 11',200 lbs,R,R,68,Pittsburgh Pirates,PIT,1913,2026,,86712,Bronze,FLF 22 & Co. - Snapshot  SS Honus Wagner  PIT  1913,0,N,0,97,90,69,81,109,122,77,113,51,98,91,94,46,89,113,100,89,Groundball,Normal,Normal,1,1,1,5,1,1,1,5,1,1,1,5,-,-,-,16,-,17,-,-,-,-,-,-,2,NEU,90-92,3/4,Normal,1,16,-,-,-,84,112,88,97,71,75,29,-,-,86,-,108,99,-,53,-,154,-,86,-,108,99,-,53,-,71,84,85,79,4,4,18,14,3,2,1,0,0,1,1,1,1,1,1,1,0,4,1,1.2,-0.13,0,-1.3,-0.0,3.28,0,0,0.0,-0.0,0,0,0,0,0,0,0,0.0,0,0,0,0,0,0,0,0,0,0,0,0,0,0,0,0,0,0,0,0,0,0.00,0,0,0,0,0,0.0,0.0,0.0,0.00,4,4,14,8,6,0,3,0,3.53,0.4,1.115,0,0,35.2,0,0,7,7,1,1,0,0,0,0,0,0,0.0,0.0
SS,Honus Wagner,Honus,Wagner,Honolulu Warriors - HotL,5' 11',200 lbs,R,R,68,Pittsburgh Pirates,PIT,1913,2026,,86712,Bronze,FLF 22 & Co. - Snapshot  SS Honus Wagner  PIT  1913,0,N,0,97,90,69,81,109,122,77,113,51,98,91,94,46,89,113,100,89,Groundball,Normal,Normal,1,1,1,5,1,1,1,5,1,1,1,5,-,-,-,16,-,17,-,-,-,-,-,-,2,NEU,90-92,3/4,Normal,1,16,-,-,-,84,112,88,97,71,75,29,-,-,86,-,108,99,-,53,-,154,-,86,-,108,99,-,53,-,71,84,85,79,9,9,44,38,12,8,3,0,1,3,7,3,0,0,2,0,1,1,0,6.5,0.45,6,1.4,0.4,3.36,0,1,-0.5,0.3,0,0,0,0,0,0,0,0.0,0,0,0,0,0,0,0,0,0,0,0,0,0,0,0,0,0,0,0,0,0,0.00,0,0,0,0,0,0.0,0.0,0.0,0.00,9,9,41,23,17,1,2,0,4.06,1.2,1.073,0,0,88.2,0,0,28,27,6,5,2,2,0,0,1,0,0.0,0.0
SS,Honus Wagner,Honus,Wagner,PNW Wild Stallions,5' 11',200 lbs,R,R,68,Pittsburgh Pirates,PIT,1913,2026,,86712,Bronze,FLF 22 & Co. - Snapshot  SS Honus Wagner  PIT  1913,0,N,0,97,90,69,81,109,122,77,113,51,98,91,94,46,89,113,100,89,Groundball,Normal,Normal,1,1,1,5,1,1,1,5,1,1,1,5,-,-,-,16,-,17,-,-,-,-,-,-,2,NEU,90-92,3/4,Normal,1,16,-,-,-,84,112,88,97,71,75,29,-,-,86,-,108,99,-,53,-,154,-,86,-,108,99,-,53,-,71,84,85,79,9,9,38,35,7,5,1,0,1,2,6,1,0,0,2,0,0,8,0,2.6,-0.23,2,-2.4,0.0,3.45,0,0,0.0,0.3,0,0,0,0,0,0,0,0.0,0,0,0,0,0,0,0,0,0,0,0,0,0,0,0,0,0,0,0,0,0,0.00,0,0,0,0,0,0.0,0.0,0.0,0.00,9,9,28,17,11,0,2,0,3.16,0.7,1.053,0,0,79.2,0,0,19,17,2,2,4,4,0,0,2,0,0.0,0.0
SS,Honus Wagner,Honus,Wagner,White Rabbitt,5' 11',200 lbs,R,R,68,Pittsburgh Pirates,PIT,1913,2026,,86712,Bronze,FLF 22 & Co. - Snapshot  SS Honus Wagner  PIT  1913,0,Y,5,105,98,75,88,118,132,84,122,56,106,99,102,51,97,122,100,89,Groundball,Normal,Normal,1,1,1,7,1,1,1,7,1,1,1,7,-,-,-,16,-,17,-,-,-,-,-,-,2,NEU,90-92,3/4,Normal,1,16,-,-,-,84,112,88,97,71,75,29,-,-,92,-,115,106,-,57,-,164,-,92,-,115,106,-,57,-,71,84,85,79,19,19,79,72,27,20,2,2,3,12,12,7,0,0,0,0,0,10,1,18.0,0.51,17,8.5,1.2,3.86,1,1,-0.2,0.8,0,0,0,0,0,0,0,0.0,0,0,0,0,0,0,0,0,0,0,0,0,0,0,0,0,0,0,0,0,0,0.00,0,0,0,0,0,0.0,0.0,0.0,0.00,20,19,72,39,27,6,8,0,3.41,-0.9,.966,0,0,174.0,0,0,47,42,13,8,7,4,1,0,4,1,0.0,0.0
SS,Honus Wagner,Honus,Wagner,New Platson Grand Petites HotL,5' 11',200 lbs,R,R,68,Pittsburgh Pirates,PIT,1913,2026,,86712,Bronze,FLF 22 & Co. - Snapshot  SS Honus Wagner  PIT  1913,0,Y,5,105,98,75,88,118,132,84,122,56,106,99,102,51,97,122,100,89,Groundball,Normal,Normal,1,1,1,7,1,1,1,7,1,1,1,7,-,-,-,16,-,17,-,-,-,-,-,-,2,NEU,90-92,3/4,Normal,1,16,-,-,-,84,112,88,97,71,75,29,-,-,92,-,115,106,-,57,-,164,-,92,-,115,106,-,57,-,71,84,85,79,5,5,22,20,10,7,1,1,1,5,3,1,0,0,1,0,0,4,0,7.6,0.57,6,4.1,0.5,3.64,0,1,-0.5,0.1,0,0,0,0,0,0,0,0.0,0,0,0,0,0,0,0,0,0,0,0,0,0,0,0,0,0,0,0,0,0,0.00,0,0,0,0,0,0.0,0.0,0.0,0.00,5,5,13,11,2,0,1,0,2.66,0.1,1.022,0,0,44.0,0,0,9,9,3,1,1,1,2,1,0,0,0.0,0.0
SS,Honus Wagner,Honus,Wagner,The Spacehog,5' 11',200 lbs,R,R,68,Pittsburgh Pirates,PIT,1913,2026,,86712,Bronze,FLF 22 & Co. - Snapshot  SS Honus Wagner  PIT  1913,0,Y,5,105,98,75,88,118,132,84,122,56,106,99,102,51,97,122,100,89,Groundball,Normal,Normal,1,1,1,7,1,1,1,7,1,1,1,7,-,-,-,16,-,17,-,-,-,-,-,-,2,NEU,90-92,3/4,Normal,1,16,-,-,-,84,112,88,97,71,75,29,-,-,92,-,115,106,-,57,-,164,-,92,-,115,106,-,57,-,71,84,85,79,7,6,25,25,7,4,2,1,0,0,1,0,0,0,0,0,0,4,1,2.6,-0.40,3,0.1,0.2,4.60,0,0,0.0,-0.0,0,0,0,0,0,0,0,0.0,0,0,0,0,0,0,0,0,0,0,0,0,0,0,0,0,0,0,0,0,0,0.00,0,0,0,0,0,0.0,0.0,0.0,0.00,7,6,19,18,1,0,2,0,3.49,0.8,1.115,0,0,49.0,0,0,15,15,2,1,3,2,0,0,0,0,0.0,0.0
SS,Honus Wagner,Honus,Wagner,Roseburg River Hawks,5' 11',200 lbs,R,R,68,Pittsburgh Pirates,PIT,1913,2026,,86712,Bronze,FLF 22 & Co. - Snapshot  SS Honus Wagner  PIT  1913,0,N,0,97,90,69,81,109,122,77,113,51,98,91,94,46,89,113,100,89,Groundball,Normal,Normal,1,1,1,5,1,1,1,5,1,1,1,5,-,-,-,16,-,17,-,-,-,-,-,-,2,NEU,90-92,3/4,Normal,1,16,-,-,-,84,112,88,97,71,75,29,-,-,86,-,108,99,-,53,-,154,-,86,-,108,99,-,53,-,71,84,85,79,6,6,30,26,8,5,2,0,1,3,6,2,0,1,1,0,0,4,0,5.2,0.01,5,1.6,0.4,3.53,0,0,0.0,0.2,0,0,0,0,0,0,0,0.0,0,0,0,0,0,0,0,0,0,0,0,0,0,0,0,0,0,0,0,0,0,0.00,0,0,0,0,0,0.0,0.0,0.0,0.00,6,6,26,17,9,0,3,0,4.31,1.0,1.115,0,0,54.1,0,0,15,15,5,5,0,0,0,0,5,0,0.0,0.0
SS,Honus Wagner,Honus,Wagner,Canterbury Tails,5' 11',200 lbs,R,R,68,Pittsburgh Pirates,PIT,1913,2026,,86712,Bronze,FLF 22 & Co. - Snapshot  SS Honus Wagner  PIT  1913,0,N,0,97,90,69,81,109,122,77,113,51,98,91,94,46,89,113,100,89,Groundball,Normal,Normal,1,1,1,5,1,1,1,5,1,1,1,5,-,-,-,16,-,17,-,-,-,-,-,-,2,NEU,90-92,3/4,Normal,1,16,-,-,-,84,112,88,97,71,75,29,-,-,86,-,108,99,-,53,-,154,-,86,-,108,99,-,53,-,71,84,85,79,10,10,47,43,11,10,1,0,0,4,7,2,0,0,2,0,0,8,1,3.5,-0.00,3,-2.2,0.1,3.70,0,0,0.0,0.1,0,0,0,0,0,0,0,0.0,0,0,0,0,0,0,0,0,0,0,0,0,0,0,0,0,0,0,0,0,0,0.00,0,0,0,0,0,0.0,0.0,0.0,0.00,11,10,35,21,14,0,2,0,3.59,1.3,1.101,0,0,87.2,0,0,22,22,3,3,1,1,4,1,2,0,0.0,0.0
SS,Honus Wagner,Honus,Wagner,Carlos Chaos Cats,5' 11',200 lbs,R,R,68,Pittsburgh Pirates,PIT,1913,2026,,86712,Bronze,FLF 22 & Co. - Snapshot  SS Honus Wagner  PIT  1913,0,N,0,97,90,69,81,109,122,77,113,51,98,91,94,46,89,113,100,89,Groundball,Normal,Normal,1,1,1,5,1,1,1,5,1,1,1,5,-,-,-,16,-,17,-,-,-,-,-,-,2,NEU,90-92,3/4,Normal,1,16,-,-,-,84,112,88,97,71,75,29,-,-,86,-,108,99,-,53,-,154,-,86,-,108,99,-,53,-,71,84,85,79,5,5,19,17,5,4,1,0,0,1,2,2,0,0,0,0,0,4,1,2.1,0.06,2,0.4,0.2,3.95,0,0,0.0,0.2,0,0,0,0,0,0,0,0.0,0,0,0,0,0,0,0,0,0,0,0,0,0,0,0,0,0,0,0,0,0,0.00,0,0,0,0,0,0.0,0.0,0.0,0.00,5,5,23,15,7,1,2,0,4.40,0.1,.991,0,0,45.0,0,0,18,17,0,0,3,2,1,0,0,0,0.0,0.0
SS,Honus Wagner,Honus,Wagner,King Street 504s,5' 11',200 lbs,R,R,68,Pittsburgh Pirates,PIT,1913,2026,,86712,Bronze,FLF 22 & Co. - Snapshot  SS Honus Wagner  PIT  1913,0,N,0,97,90,69,81,109,122,77,113,51,98,91,94,46,89,113,100,89,Groundball,Normal,Normal,1,1,1,5,1,1,1,5,1,1,1,5,-,-,-,16,-,17,-,-,-,-,-,-,2,NEU,90-92,3/4,Normal,1,16,-,-,-,84,112,88,97,71,75,29,-,-,86,-,108,99,-,53,-,154,-,86,-,108,99,-,53,-,71,84,85,79,4,4,19,19,5,4,1,0,0,1,2,0,0,0,0,0,0,3,0,1.6,-0.21,1,-0.7,0.0,3.79,0,0,0.0,0.1,0,0,0,0,0,0,0,0.0,0,0,0,0,0,0,0,0,0,0,0,0,0,0,0,0,0,0,0,0,0,0.00,0,0,0,0,0,0.0,0.0,0.0,0.00,4,4,14,13,1,0,0,0,3.00,0.3,1.077,0,0,42.0,0,0,12,12,1,1,2,0,0,0,0,0,0.0,0.0
SS,Honus Wagner,Honus,Wagner,Indiana Rhubarbs,5' 11',200 lbs,R,R,68,Pittsburgh Pirates,PIT,1913,2026,,86712,Bronze,FLF 22 & Co. - Snapshot  SS Honus Wagner  PIT  1913,0,N,0,97,90,69,81,109,122,77,113,51,98,91,94,46,89,113,100,89,Groundball,Normal,Normal,1,1,1,5,1,1,1,5,1,1,1,5,-,-,-,16,-,17,-,-,-,-,-,-,2,NEU,90-92,3/4,Normal,1,16,-,-,-,84,112,88,97,71,75,29,-,-,86,-,108,99,-,53,-,154,-,86,-,108,99,-,53,-,71,84,85,79,8,8,65,59,36,33,3,0,0,25,34,5,0,0,0,1,0,5,1,25.8,-0.02,21,13.5,1.8,3.45,2,0,0.6,0.4,0,0,0,0,0,0,0,0.0,0,0,0,0,0,0,0,0,0,0,0,0,0,0,0,0,0,0,0,0,0,0.00,0,0,0,0,0,0.0,0.0,0.0,0.00,8,8,23,15,8,0,1,0,2.74,0.9,1.053,0,0,75.2,0,0,15,14,3,3,1,1,2,1,1,1,0.0,0.0
SS,Honus Wagner,Honus,Wagner,Out of Left Field,5' 11',200 lbs,R,R,68,Pittsburgh Pirates,PIT,1913,2026,,86712,Bronze,FLF 22 & Co. - Snapshot  SS Honus Wagner  PIT  1913,0,N,0,97,90,69,81,109,122,77,113,51,98,91,94,46,89,113,100,89,Groundball,Normal,Normal,1,1,1,5,1,1,1,5,1,1,1,5,-,-,-,16,-,17,-,-,-,-,-,-,2,NEU,90-92,3/4,Normal,1,16,-,-,-,84,112,88,97,71,75,29,-,-,86,-,108,99,-,53,-,154,-,86,-,108,99,-,53,-,71,84,85,79,24,24,107,98,24,17,4,0,3,9,15,9,0,0,0,0,0,12,0,12.6,-0.26,12,0.1,0.8,3.81,3,0,0.8,-0.4,0,0,0,0,0,0,0,0.0,0,0,0,0,0,0,0,0,0,0,0,0,0,0,0,0,0,0,0,0,0,0.00,0,0,0,0,0,0.0,0.0,0.0,0.00,26,24,90,53,36,1,7,0,3.59,3.2,1.077,0,0,223.1,0,0,61,60,12,11,13,7,2,1,5,2,0.0,0.0
SS,Honus Wagner,Honus,Wagner,Tegridy Farms Weed,5' 11',200 lbs,R,R,68,Pittsburgh Pirates,PIT,1913,2026,,86712,Bronze,FLF 22 & Co. - Snapshot  SS Honus Wagner  PIT  1913,0,N,0,97,90,69,81,109,122,77,113,51,98,91,94,46,89,113,100,89,Groundball,Normal,Normal,1,1,1,5,1,1,1,5,1,1,1,5,-,-,-,16,-,17,-,-,-,-,-,-,2,NEU,90-92,3/4,Normal,1,16,-,-,-,84,112,88,97,71,75,29,-,-,86,-,108,99,-,53,-,154,-,86,-,108,99,-,53,-,71,84,85,79,15,15,56,53,14,8,4,0,2,2,9,3,0,0,0,0,0,8,1,6.6,0.39,7,1.1,0.6,3.64,0,1,-0.5,0.1,0,0,0,0,0,0,0,0.0,0,0,0,0,0,0,0,0,0,0,0,0,0,0,0,0,0,0,0,0,0,0.00,0,0,0,0,0,0.0,0.0,0.0,0.00,15,15,56,36,19,1,7,0,3.76,2.3,1.087,0,0,131.2,0,0,40,39,6,6,1,0,4,3,5,1,0.0,0.0
SS,Honus Wagner,Honus,Wagner,Michigan Black Bears,5' 11',200 lbs,R,R,68,Pittsburgh Pirates,PIT,1913,2026,,86712,Bronze,FLF 22 & Co. - Snapshot  SS Honus Wagner  PIT  1913,0,N,0,97,90,69,81,109,122,77,113,51,98,91,94,46,89,113,100,89,Groundball,Normal,Normal,1,1,1,5,1,1,1,5,1,1,1,5,-,-,-,16,-,17,-,-,-,-,-,-,2,NEU,90-92,3/4,Normal,1,16,-,-,-,84,112,88,97,71,75,29,-,-,86,-,108,99,-,53,-,154,-,86,-,108,99,-,53,-,71,84,85,79,18,18,74,65,17,15,2,0,0,4,9,7,0,1,0,1,0,10,0,7.3,-0.53,8,-0.8,0.3,4.04,0,0,0.0,0.0,0,0,0,0,0,0,0,0.0,0,0,0,0,0,0,0,0,0,0,0,0,0,0,0,0,0,0,0,0,0,0.00,0,0,0,0,0,0.0,0.0,0.0,0.00,18,18,78,51,25,2,6,0,4.25,0.1,1.030,0,0,161.0,0,0,61,57,10,6,8,4,1,0,3,0,0.0,0.0
SS,Pep Young,Pep,Young,Newport News Dodgers_TTC,5' 9',160 lbs,R,R,63,Pittsburgh Pirates,PIT,1938,1921-1945,,82909,Bronze,Unsung Heroes  2B Pep Young  PIT  1938,0,N,0,68,85,44,59,82,52,73,61,65,96,73,89,39,56,78,33,5,Normal,Pull,Pull,1,1,1,1,1,1,1,1,1,1,2,1,16,-,-,-,-,-,-,-,-,-,-,-,1,NEU,90-92,3/4,Normal,1,13,-,-,-,106,66,76,102,9,7,1,-,-,-,118,92,96,-,-,-,146,-,-,118,92,96,-,-,-,54,34,73,70,6,6,17,16,2,1,0,1,0,0,1,0,0,0,1,0,0,2,0,0.5,-0.24,0,-2.1,-0.1,3.24,0,0,0.0,0.1,0,0,0,0,0,0,0,0.0,0,0,0,0,0,0,0,0,0,0,0,0,0,0,0,0,0,0,0,0,0,0.00,0,0,0,0,0,0.0,0.0,0.0,0.00,6,6,25,17,6,2,4,0,3.96,-0.3,.947,0,0,52.1,0,0,17,17,4,1,2,1,1,0,2,1,0.0,0.0
SS,Pep Young,Pep,Young,Beachcrest Blue Hornets,5' 9',160 lbs,R,R,63,Pittsburgh Pirates,PIT,1938,1921-1945,,82909,Bronze,Unsung Heroes  2B Pep Young  PIT  1938,0,N,0,68,85,44,59,82,52,73,61,65,96,73,89,39,56,78,33,5,Normal,Pull,Pull,1,1,1,1,1,1,1,1,1,1,2,1,16,-,-,-,-,-,-,-,-,-,-,-,1,NEU,90-92,3/4,Normal,1,13,-,-,-,106,66,76,102,9,7,1,-,-,-,118,92,96,-,-,-,146,-,-,118,92,96,-,-,-,54,34,73,70,4,4,12,11,4,3,1,0,0,2,0,1,0,0,0,0,0,0,0,2.2,0.07,2,0.8,0.1,3.00,0,0,0.0,0.0,0,0,0,0,0,0,0,0.0,0,0,0,0,0,0,0,0,0,0,0,0,0,0,0,0,0,0,0,0,0,0.00,0,0,0,0,0,0.0,0.0,0.0,0.00,4,4,10,8,2,0,3,0,2.65,0.0,1.115,0,0,34.0,0,0,7,5,4,4,1,1,2,0,1,0,0.0,0.0
SS,Pep Young,Pep,Young,Energy Efficiency,5' 9',160 lbs,R,R,63,Pittsburgh Pirates,PIT,1938,1921-1945,,82909,Bronze,Unsung Heroes  2B Pep Young  PIT  1938,0,N,0,68,85,44,59,82,52,73,61,65,96,73,89,39,56,78,33,5,Normal,Pull,Pull,1,1,1,1,1,1,1,1,1,1,2,1,16,-,-,-,-,-,-,-,-,-,-,-,1,NEU,90-92,3/4,Normal,1,13,-,-,-,106,66,76,102,9,7,1,-,-,-,118,92,96,-,-,-,146,-,-,118,92,96,-,-,-,54,34,73,70,11,11,35,34,1,1,0,0,0,1,1,1,0,0,0,0,0,9,1,0.0,-0.62,-3,-7.2,-0.5,3.31,0,0,0.0,-0.0,0,0,0,0,0,0,0,0.0,0,0,0,0,0,0,0,0,0,0,0,0,0,0,0,0,0,0,0,0,0,0.00,0,0,0,0,0,0.0,0.0,0.0,0.00,12,11,44,27,17,0,8,0,4.40,1.2,1.106,0,0,90.0,0,0,30,30,2,2,0,0,2,0,2,0,0.0,0.0
LF,Bob Allison,Bob,Allison,Town of Lake Loons,6' 4',220 lbs,R,R,67,Washington Senators,MIN,1959,1946-1960,,86610,Bronze,50s Theme Week - Rookie Sensation  CF Bob Allison  WS1  1959,0,N,0,63,85,121,108,67,14,69,101,110,90,70,90,128,108,58,73,66,Normal,Spray,Spray,1,1,1,7,1,1,1,7,1,1,1,7,16,-,-,-,-,-,-,-,-,-,-,-,1,GB,90-92,3/4,GB'er,1,4,-,-,-,7,6,1,3,83,39,67,-,-,-,-,-,-,88,72,-,8,-,-,-,-,-,88,72,-,80,63,71,110,5,5,19,16,3,0,1,0,2,2,4,1,0,0,2,0,0,4,0,2.4,-0.15,2,0.3,0.2,3.79,0,0,0.0,0.0,0,0,0,0,0,0,0,0.0,0,0,0,0,0,0,0,0,0,0,0,0,0,0,0,0,0,0,0,0,0,0.00,0,0,0,0,0,0.0,0.0,0.0,0.00,5,5,8,0,8,0,0,0,1.71,0.6,1.043,0,0,42.0,0,0,6,6,1,1,0,0,1,0,1,1,0.0,0.3
LF,Bob Allison,Bob,Allison,Port Townsend Wild Daphnes,6' 4',220 lbs,R,R,67,Washington Senators,MIN,1959,1946-1960,,86610,Bronze,50s Theme Week - Rookie Sensation  CF Bob Allison  WS1  1959,0,N,0,63,85,121,108,67,14,69,101,110,90,70,90,128,108,58,73,66,Normal,Spray,Spray,1,1,1,7,1,1,1,7,1,1,1,7,16,-,-,-,-,-,-,-,-,-,-,-,1,GB,90-92,3/4,GB'er,1,4,-,-,-,7,6,1,3,83,39,67,-,-,-,-,-,-,88,72,-,8,-,-,-,-,-,88,72,-,80,63,71,110,29,29,120,107,19,7,3,0,9,19,16,12,0,0,0,1,0,22,2,12.7,0.87,14,0.4,0.3,3.56,0,0,0.0,-0.2,0,0,0,0,0,0,0,0.0,0,0,0,0,0,0,0,0,0,0,0,0,0,0,0,0,0,0,0,0,0,0.00,0,0,0,0,0,0.0,0.0,0.0,0.00,30,29,68,0,64,4,0,0,2.29,-0.1,1.039,0,0,251.0,0,0,57,55,9,5,8,1,9,3,7,0,0.0,-0.2
LF,Bob Allison,Bob,Allison,Aberfeldie Falcons,6' 4',220 lbs,R,R,67,Washington Senators,MIN,1959,1946-1960,,86610,Bronze,50s Theme Week - Rookie Sensation  CF Bob Allison  WS1  1959,0,N,0,63,85,121,108,67,14,69,101,110,90,70,90,128,108,58,73,66,Normal,Spray,Spray,1,1,1,7,1,1,1,7,1,1,1,7,16,-,-,-,-,-,-,-,-,-,-,-,1,GB,90-92,3/4,GB'er,1,4,-,-,-,7,6,1,3,83,39,67,-,-,-,-,-,-,88,72,-,8,-,-,-,-,-,88,72,-,80,63,71,110,5,5,20,19,3,1,1,1,0,0,4,1,0,0,0,0,0,9,0,1.3,-0.43,1,-1.3,-0.0,4.30,0,0,0.0,0.1,0,0,0,0,0,0,0,0.0,0,0,0,0,0,0,0,0,0,0,0,0,0,0,0,0,0,0,0,0,0,0.00,0,0,0,0,0,0.0,0.0,0.0,0.00,5,5,13,0,12,1,0,0,2.63,0.4,1.040,0,0,41.0,0,0,10,10,1,1,2,1,0,0,1,0,0.0,-0.1
LF,Bob Allison,Bob,Allison,Breslau Binturings - HotL,6' 4',220 lbs,R,R,67,Washington Senators,MIN,1959,1946-1960,,86610,Bronze,50s Theme Week - Rookie Sensation  CF Bob Allison  WS1  1959,0,Y,5,69,92,131,117,73,17,75,109,119,98,76,98,138,117,64,73,66,Normal,Spray,Spray,1,1,1,9,1,1,1,9,1,1,1,9,16,-,-,-,-,-,-,-,-,-,-,-,1,GB,90-92,3/4,GB'er,1,4,-,-,-,7,6,1,3,83,39,67,-,-,-,-,-,-,95,77,-,10,-,-,-,-,-,95,77,-,80,63,71,110,7,6,26,26,7,1,4,2,0,2,4,0,0,0,0,0,0,5,0,4.0,0.17,4,1.0,0.3,3.77,0,0,0.0,0.5,0,0,0,0,0,0,0,0.0,0,0,0,0,0,0,0,0,0,0,0,0,0,0,0,0,0,0,0,0,0,0.00,0,0,0,0,0,0.0,0.0,0.0,0.00,7,6,13,0,13,0,0,0,2.11,0.6,1.043,0,0,55.1,0,0,10,9,2,2,2,2,0,0,2,0,0.0,-0.1
LF,Bob Allison,Bob,Allison,Smyrna Stooges,6' 4',220 lbs,R,R,67,Washington Senators,MIN,1959,1946-1960,,86610,Bronze,50s Theme Week - Rookie Sensation  CF Bob Allison  WS1  1959,0,N,0,63,85,121,108,67,14,69,101,110,90,70,90,128,108,58,73,66,Normal,Spray,Spray,1,1,1,7,1,1,1,7,1,1,1,7,16,-,-,-,-,-,-,-,-,-,-,-,1,GB,90-92,3/4,GB'er,1,4,-,-,-,7,6,1,3,83,39,67,-,-,-,-,-,-,88,72,-,8,-,-,-,-,-,88,72,-,80,63,71,110,2,2,6,6,1,1,0,0,0,0,1,0,0,0,0,0,0,1,0,0.2,-0.05,0,-0.7,-0.1,4.33,0,0,0.0,0.0,0,0,0,0,0,0,0,0.0,0,0,0,0,0,0,0,0,0,0,0,0,0,0,0,0,0,0,0,0,0,0.00,0,0,0,0,0,0.0,0.0,0.0,0.00,2,2,3,0,3,0,0,0,1.80,-0.0,1.043,0,0,15.0,0,0,2,1,1,1,1,0,1,1,0,0,0.0,-0.1
LF,Bob Allison,Bob,Allison,Transylvania Counts,6' 4',220 lbs,R,R,67,Washington Senators,MIN,1959,1946-1960,,86610,Bronze,50s Theme Week - Rookie Sensation  CF Bob Allison  WS1  1959,0,N,0,63,85,121,108,67,14,69,101,110,90,70,90,128,108,58,73,66,Normal,Spray,Spray,1,1,1,7,1,1,1,7,1,1,1,7,16,-,-,-,-,-,-,-,-,-,-,-,1,GB,90-92,3/4,GB'er,1,4,-,-,-,7,6,1,3,83,39,67,-,-,-,-,-,-,88,72,-,8,-,-,-,-,-,88,72,-,80,63,71,110,4,4,14,13,3,3,0,0,0,1,0,1,0,0,0,0,0,2,0,0.9,0.03,0,-0.7,-0.1,3.93,0,0,0.0,0.0,0,0,0,0,0,0,0,0.0,0,0,0,0,0,0,0,0,0,0,0,0,0,0,0,0,0,0,0,0,0,0.00,0,0,0,0,0,0.0,0.0,0.0,0.00,5,4,9,1,7,1,0,0,2.32,-1.0,.913,0,0,31.0,0,0,8,7,1,0,1,0,1,0,2,0,0.0,-0.1
LF,Bob Bescher,Bob,Bescher,Birmingham Black Barons,6' 1',200 lbs,S,L,69,St. Louis Cardinals,STL,1915,2026,,83654,Bronze,Snapshot  LF Bob Bescher  STL  1915,0,N,0,62,65,85,83,92,44,69,72,75,118,66,64,89,86,86,51,7,Normal,Normal,Normal,1,1,1,1,1,1,1,1,1,1,2,1,16,-,-,-,-,-,-,-,-,-,-,-,1,NEU,89-91,OTT,Normal,1,7,-,-,-,8,4,8,7,45,76,63,-,-,-,-,-,-,56,23,-,10,-,-,-,-,-,56,23,-,83,84,86,94,5,2,11,8,2,1,0,1,0,0,3,3,0,0,0,0,0,1,0,2.2,0.09,2,1.0,0.1,3.45,0,0,0.0,0.1,0,0,0,0,0,0,0,0.0,0,0,0,0,0,0,0,0,0,0,0,0,0,0,0,0,0,0,0,0,0,0.00,0,0,0,0,0,0.0,0.0,0.0,0.00,3,2,2,0,2,0,0,0,0.78,-0.3,1.043,0,0,23.0,0,0,2,2,1,0,0,0,1,0,2,0,0.0,0.0
LF,Bob Bescher,Bob,Bescher,Statesville Shadowcats,6' 1',200 lbs,S,L,69,St. Louis Cardinals,STL,1915,2026,,83654,Bronze,Snapshot  LF Bob Bescher  STL  1915,0,N,0,62,65,85,83,92,44,69,72,75,118,66,64,89,86,86,51,7,Normal,Normal,Normal,1,1,1,1,1,1,1,1,1,1,2,1,16,-,-,-,-,-,-,-,-,-,-,-,1,NEU,89-91,OTT,Normal,1,7,-,-,-,8,4,8,7,45,76,63,-,-,-,-,-,-,56,23,-,10,-,-,-,-,-,56,23,-,83,84,86,94,3,3,12,11,1,0,1,0,0,0,1,1,0,0,0,0,0,2,0,0.4,-0.09,0,-1.3,-0.1,3.83,0,0,0.0,0.0,0,0,0,0,0,0,0,0.0,0,0,0,0,0,0,0,0,0,0,0,0,0,0,0,0,0,0,0,0,0,0.00,0,0,0,0,0,0.0,0.0,0.0,0.00,3,3,10,1,9,0,0,0,3.46,-0.5,1.043,0,0,26.0,0,0,7,7,5,2,2,0,0,0,1,0,0.0,0.4
LF,Bob Bescher,Bob,Bescher,Deep 13 Mad Scientists,6' 1',200 lbs,S,L,69,St. Louis Cardinals,STL,1915,2026,,83654,Bronze,Snapshot  LF Bob Bescher  STL  1915,0,Y,5,68,71,92,90,100,49,75,79,82,127,72,70,97,93,93,51,7,Normal,Normal,Normal,1,1,1,1,1,1,1,1,1,1,4,1,16,-,-,-,-,-,-,-,-,-,-,-,1,NEU,89-91,OTT,Normal,1,7,-,-,-,8,4,8,7,45,76,63,-,-,-,-,-,-,60,26,-,11,-,-,-,-,-,60,26,-,83,84,86,94,6,6,35,33,9,6,2,0,1,3,4,2,0,0,0,0,0,4,2,3.7,0.21,4,0.6,0.2,3.29,0,0,0.0,0.8,0,0,0,0,0,0,0,0.0,0,0,0,0,0,0,0,0,0,0,0,0,0,0,0,0,0,0,0,0,0,0.00,0,0,0,0,0,0.0,0.0,0.0,0.00,6,6,16,0,14,2,0,0,1.77,-0.6,.969,0,0,71.0,0,0,13,12,3,2,2,0,0,0,1,0,0.0,0.3
LF,Bob Bescher,Bob,Bescher,San Francisco Seals,6' 1',200 lbs,S,L,69,St. Louis Cardinals,STL,1915,2026,,83654,Bronze,Snapshot  LF Bob Bescher  STL  1915,0,N,0,62,65,85,83,92,44,69,72,75,118,66,64,89,86,86,51,7,Normal,Normal,Normal,1,1,1,1,1,1,1,1,1,1,2,1,16,-,-,-,-,-,-,-,-,-,-,-,1,NEU,89-91,OTT,Normal,1,7,-,-,-,8,4,8,7,45,76,63,-,-,-,-,-,-,56,23,-,10,-,-,-,-,-,56,23,-,83,84,86,94,10,10,47,42,11,6,3,0,2,10,8,5,0,0,0,0,0,6,0,7.3,0.47,7,2.0,0.1,3.87,0,0,0.0,-1.1,0,0,0,0,0,0,0,0.0,0,0,0,0,0,0,0,0,0,0,0,0,0,0,0,0,0,0,0,0,0,0.00,0,0,0,0,0,0.0,0.0,0.0,0.00,10,10,27,0,26,1,0,0,2.52,-1.1,.894,0,0,93.0,0,0,21,19,3,2,6,2,6,2,1,1,0.0,-0.1
LF,Bob Bescher,Bob,Bescher,Ungentlemanly Fightin' Fellows TTC,6' 1',200 lbs,S,L,69,St. Louis Cardinals,STL,1915,2026,,83654,Bronze,Snapshot  LF Bob Bescher  STL  1915,0,N,0,62,65,85,83,92,44,69,72,75,118,66,64,89,86,86,51,7,Normal,Normal,Normal,1,1,1,1,1,1,1,1,1,1,2,1,16,-,-,-,-,-,-,-,-,-,-,-,1,NEU,89-91,OTT,Normal,1,7,-,-,-,8,4,8,7,45,76,63,-,-,-,-,-,-,56,23,-,10,-,-,-,-,-,56,23,-,83,84,86,94,2,1,6,6,1,1,0,0,0,0,2,0,0,0,0,0,0,0,0,0.2,-0.06,0,-0.7,-0.1,3.83,0,0,0.0,-0.2,0,0,0,0,0,0,0,0.0,0,0,0,0,0,0,0,0,0,0,0,0,0,0,0,0,0,0,0,0,0,0.00,0,0,0,0,0,0.0,0.0,0.0,0.00,1,1,0,0,0,0,0,0,0.00,-0.4,.000,0,0,8.0,0,0,1,0,0,0,0,0,0,0,1,0,0.0,-0.1
LF,Bob Bescher,Bob,Bescher,Huatulco Tacos,6' 1',200 lbs,S,L,69,St. Louis Cardinals,STL,1915,2026,,83654,Bronze,Snapshot  LF Bob Bescher  STL  1915,0,Y,5,68,71,92,90,100,49,75,79,82,127,72,70,97,93,93,51,7,Normal,Normal,Normal,1,1,1,1,1,1,1,1,1,1,4,1,16,-,-,-,-,-,-,-,-,-,-,-,1,NEU,89-91,OTT,Normal,1,7,-,-,-,8,4,8,7,45,76,63,-,-,-,-,-,-,60,26,-,11,-,-,-,-,-,60,26,-,83,84,86,94,4,4,20,18,1,0,0,1,0,0,3,2,0,0,0,0,0,3,0,0.5,-0.20,0,-2.5,-0.3,3.60,0,0,0.0,0.0,0,0,0,0,0,0,0,0.0,0,0,0,0,0,0,0,0,0,0,0,0,0,0,0,0,0,0,0,0,0,0.00,0,0,0,0,0,0.0,0.0,0.0,0.00,4,4,9,0,9,0,0,0,2.13,-0.6,1.043,0,0,38.0,0,0,9,8,2,0,1,1,3,0,2,0,0.0,-0.8
LF,Bob Bescher,Bob,Bescher,Port Townsend Wild Daphnes,6' 1',200 lbs,S,L,69,St. Louis Cardinals,STL,1915,2026,,83654,Bronze,Snapshot  LF Bob Bescher  STL  1915,0,N,0,62,65,85,83,92,44,69,72,75,118,66,64,89,86,86,51,7,Normal,Normal,Normal,1,1,1,1,1,1,1,1,1,1,2,1,16,-,-,-,-,-,-,-,-,-,-,-,1,NEU,89-91,OTT,Normal,1,7,-,-,-,8,4,8,7,45,76,63,-,-,-,-,-,-,56,23,-,10,-,-,-,-,-,56,23,-,83,84,86,94,21,11,56,55,16,12,1,1,2,6,7,1,0,0,0,0,0,2,1,7.2,1.18,7,1.1,0.1,3.36,0,0,0.0,-1.0,0,0,0,0,0,0,0,0.0,0,0,0,0,0,0,0,0,0,0,0,0,0,0,0,0,0,0,0,0,0,0.00,0,0,0,0,0,0.0,0.0,0.0,0.00,13,11,15,3,12,0,1,0,1.29,-0.7,1.049,0,0,105.0,0,0,13,13,2,0,2,0,3,0,4,0,0.0,0.3
LF,Bob Bescher,Bob,Bescher,Aberfeldie Falcons,6' 1',200 lbs,S,L,69,St. Louis Cardinals,STL,1915,2026,,83654,Bronze,Snapshot  LF Bob Bescher  STL  1915,0,N,0,62,65,85,83,92,44,69,72,75,118,66,64,89,86,86,51,7,Normal,Normal,Normal,1,1,1,1,1,1,1,1,1,1,2,1,16,-,-,-,-,-,-,-,-,-,-,-,1,NEU,89-91,OTT,Normal,1,7,-,-,-,8,4,8,7,45,76,63,-,-,-,-,-,-,56,23,-,10,-,-,-,-,-,56,23,-,83,84,86,94,4,2,8,7,1,1,0,0,0,2,1,1,0,0,0,0,0,2,0,0.3,0.01,0,-0.7,0.0,4.88,0,0,0.0,0.2,0,0,0,0,0,0,0,0.0,0,0,0,0,0,0,0,0,0,0,0,0,0,0,0,0,0,0,0,0,0,0.00,0,0,0,0,0,0.0,0.0,0.0,0.00,3,2,8,0,7,1,0,0,3.32,0.2,1.043,0,0,19.0,0,0,7,7,0,0,0,0,0,0,1,0,0.0,0.2
LF,Bob Bescher,Bob,Bescher,Allston Wolf Spiders,6' 1',200 lbs,S,L,69,St. Louis Cardinals,STL,1915,2026,,83654,Bronze,Snapshot  LF Bob Bescher  STL  1915,0,N,0,62,65,85,83,92,44,69,72,75,118,66,64,89,86,86,51,7,Normal,Normal,Normal,1,1,1,1,1,1,1,1,1,1,2,1,16,-,-,-,-,-,-,-,-,-,-,-,1,NEU,89-91,OTT,Normal,1,7,-,-,-,8,4,8,7,45,76,63,-,-,-,-,-,-,56,23,-,10,-,-,-,-,-,56,23,-,83,84,86,94,4,1,6,6,2,0,0,1,1,3,2,0,0,0,0,0,0,0,0,2.3,-0.00,2,1.5,0.1,5.00,0,0,0.0,0.0,0,0,0,0,0,0,0,0.0,0,0,0,0,0,0,0,0,0,0,0,0,0,0,0,0,0,0,0,0,0,0.00,0,0,0,0,0,0.0,0.0,0.0,0.00,2,0,0,0,0,0,0,0,0.00,0.0,.000,0,0,2.0,0,0,0,0,0,0,0,0,0,0,0,0,0.0,-0.1
LF,Bob Bescher,Bob,Bescher,Brentwood Senators,6' 1',200 lbs,S,L,69,St. Louis Cardinals,STL,1915,2026,,83654,Bronze,Snapshot  LF Bob Bescher  STL  1915,0,N,0,62,65,85,83,92,44,69,72,75,118,66,64,89,86,86,51,7,Normal,Normal,Normal,1,1,1,1,1,1,1,1,1,1,2,1,16,-,-,-,-,-,-,-,-,-,-,-,1,NEU,89-91,OTT,Normal,1,7,-,-,-,8,4,8,7,45,76,63,-,-,-,-,-,-,56,23,-,10,-,-,-,-,-,56,23,-,83,84,86,94,3,2,10,8,2,2,0,0,0,0,1,1,0,1,0,0,0,2,0,1.0,-0.03,1,0.1,0.0,3.40,0,0,0.0,-0.0,0,0,0,0,0,0,0,0.0,0,0,0,0,0,0,0,0,0,0,0,0,0,0,0,0,0,0,0,0,0,0.00,0,0,0,0,0,0.0,0.0,0.0,0.00,3,2,9,0,9,0,0,0,3.68,-0.1,1.043,0,0,22.0,0,0,9,9,0,0,1,0,1,0,4,0,0.0,-0.2
LF,Bob Bescher,Bob,Bescher,Columbus Evil Squirrels,6' 1',200 lbs,S,L,69,St. Louis Cardinals,STL,1915,2026,,83654,Bronze,Snapshot  LF Bob Bescher  STL  1915,0,N,0,62,65,85,83,92,44,69,72,75,118,66,64,89,86,86,51,7,Normal,Normal,Normal,1,1,1,1,1,1,1,1,1,1,2,1,16,-,-,-,-,-,-,-,-,-,-,-,1,NEU,89-91,OTT,Normal,1,7,-,-,-,8,4,8,7,45,76,63,-,-,-,-,-,-,56,23,-,10,-,-,-,-,-,56,23,-,83,84,86,94,3,3,13,12,2,1,1,0,0,0,2,1,0,0,0,0,0,0,0,0.8,-0.15,0,-0.9,-0.1,4.31,0,0,0.0,0.3,0,0,0,0,0,0,0,0.0,0,0,0,0,0,0,0,0,0,0,0,0,0,0,0,0,0,0,0,0,0,0.00,0,0,0,0,0,0.0,0.0,0.0,0.00,3,3,7,0,7,0,0,0,2.33,-1.0,.913,0,0,27.0,0,0,5,5,5,2,2,0,1,0,1,0,0.0,-0.1
LF,Bob Bescher,Bob,Bescher,Bismarck Blizzard,6' 1',200 lbs,S,L,69,St. Louis Cardinals,STL,1915,2026,,83654,Bronze,Snapshot  LF Bob Bescher  STL  1915,0,N,0,62,65,85,83,92,44,69,72,75,118,66,64,89,86,86,51,7,Normal,Normal,Normal,1,1,1,1,1,1,1,1,1,1,2,1,16,-,-,-,-,-,-,-,-,-,-,-,1,NEU,89-91,OTT,Normal,1,7,-,-,-,8,4,8,7,45,76,63,-,-,-,-,-,-,56,23,-,10,-,-,-,-,-,56,23,-,83,84,86,94,3,3,13,12,2,2,0,0,0,2,0,1,0,0,0,0,0,3,0,0.5,-0.01,0,-1.2,-0.1,3.77,0,0,0.0,0.0,0,0,0,0,0,0,0,0.0,0,0,0,0,0,0,0,0,0,0,0,0,0,0,0,0,0,0,0,0,0,0.00,0,0,0,0,0,0.0,0.0,0.0,0.00,3,3,5,0,5,0,0,0,1.80,0.0,1.043,0,0,25.0,0,0,4,4,2,1,0,0,0,0,0,0,0.0,-0.2
LF,Bob Bescher,Bob,Bescher,Columbus Fire Ants,6' 1',200 lbs,S,L,69,St. Louis Cardinals,STL,1915,2026,,83654,Bronze,Snapshot  LF Bob Bescher  STL  1915,0,N,0,62,65,85,83,92,44,69,72,75,118,66,64,89,86,86,51,7,Normal,Normal,Normal,1,1,1,1,1,1,1,1,1,1,2,1,16,-,-,-,-,-,-,-,-,-,-,-,1,NEU,89-91,OTT,Normal,1,7,-,-,-,8,4,8,7,45,76,63,-,-,-,-,-,-,56,23,-,10,-,-,-,-,-,56,23,-,83,84,86,94,8,8,32,27,4,3,0,0,1,5,5,4,0,0,1,0,0,2,0,2.1,0.11,2,-1.8,0.1,3.44,0,0,0.0,0.1,0,0,0,0,0,0,0,0.0,0,0,0,0,0,0,0,0,0,0,0,0,0,0,0,0,0,0,0,0,0,0.00,0,0,0,0,0,0.0,0.0,0.0,0.00,8,8,26,1,25,0,1,0,3.44,0.8,1.043,0,0,68.0,0,0,21,21,4,3,1,1,2,0,2,0,0.0,0.7
LF,Bob Bescher,Bob,Bescher,Honolulu Warriors - HotL,6' 1',200 lbs,S,L,69,St. Louis Cardinals,STL,1915,2026,,83654,Bronze,Snapshot  LF Bob Bescher  STL  1915,0,N,0,62,65,85,83,92,44,69,72,75,118,66,64,89,86,86,51,7,Normal,Normal,Normal,1,1,1,1,1,1,1,1,1,1,2,1,16,-,-,-,-,-,-,-,-,-,-,-,1,NEU,89-91,OTT,Normal,1,7,-,-,-,8,4,8,7,45,76,63,-,-,-,-,-,-,56,23,-,10,-,-,-,-,-,56,23,-,83,84,86,94,3,1,8,8,2,2,0,0,0,1,0,0,0,0,0,0,0,3,0,0.5,-0.17,0,-0.5,-0.0,2.75,0,0,0.0,-0.0,0,0,0,0,0,0,0,0.0,0,0,0,0,0,0,0,0,0,0,0,0,0,0,0,0,0,0,0,0,0,0.00,0,0,0,0,0,0.0,0.0,0.0,0.00,2,1,5,0,4,1,0,0,2.30,-0.0,1.043,0,0,15.2,0,0,3,3,2,1,0,0,0,0,1,0,0.0,-0.1
LF,Bob Bescher,Bob,Bescher,Moonsault Collective MCs,6' 1',200 lbs,S,L,69,St. Louis Cardinals,STL,1915,2026,,83654,Bronze,Snapshot  LF Bob Bescher  STL  1915,0,N,0,62,65,85,83,92,44,69,72,75,118,66,64,89,86,86,51,7,Normal,Normal,Normal,1,1,1,1,1,1,1,1,1,1,2,1,16,-,-,-,-,-,-,-,-,-,-,-,1,NEU,89-91,OTT,Normal,1,7,-,-,-,8,4,8,7,45,76,63,-,-,-,-,-,-,56,23,-,10,-,-,-,-,-,56,23,-,83,84,86,94,11,11,44,41,10,8,1,0,1,7,3,1,1,0,0,2,0,4,0,3.4,0.09,2,-2.3,-0.3,3.09,0,1,-0.5,0.4,0,0,0,0,0,0,0,0.0,0,0,0,0,0,0,0,0,0,0,0,0,0,0,0,0,0,0,0,0,0,0.00,0,0,0,0,0,0.0,0.0,0.0,0.00,11,11,20,0,20,0,0,0,1.86,-1.0,.993,0,0,96.2,0,0,20,20,3,0,2,0,2,0,3,0,0.0,-0.4
LF,Bob Bescher,Bob,Bescher,Daegu Lions,6' 1',200 lbs,S,L,69,St. Louis Cardinals,STL,1915,2026,,83654,Bronze,Snapshot  LF Bob Bescher  STL  1915,0,N,0,62,65,85,83,92,44,69,72,75,118,66,64,89,86,86,51,7,Normal,Normal,Normal,1,1,1,1,1,1,1,1,1,1,2,1,16,-,-,-,-,-,-,-,-,-,-,-,1,NEU,89-91,OTT,Normal,1,7,-,-,-,8,4,8,7,45,76,63,-,-,-,-,-,-,56,23,-,10,-,-,-,-,-,56,23,-,83,84,86,94,9,,9,7,3,2,0,1,0,2,2,2,0,0,0,0,0,1,0,3.1,0.52,2,1.6,0.1,3.67,0,0,0.0,0.0,0,0,0,0,0,0,0,0.0,0,0,0,0,0,0,0,0,0,0,0,0,0,0,0,0,0,0,0,0,0,0.00,0,0,0,0,0,0.0,0.0,0.0,0.00,4,0,1,0,1,0,0,0,1.42,-0.8,.522,0,0,6.1,0,0,1,0,2,1,0,0,0,0,0,0,0.0,0.1
LF,Bob Bescher,Bob,Bescher,Roseburg River Hawks,6' 1',200 lbs,S,L,69,St. Louis Cardinals,STL,1915,2026,,83654,Bronze,Snapshot  LF Bob Bescher  STL  1915,0,N,0,62,65,85,83,92,44,69,72,75,118,66,64,89,86,86,51,7,Normal,Normal,Normal,1,1,1,1,1,1,1,1,1,1,2,1,16,-,-,-,-,-,-,-,-,-,-,-,1,NEU,89-91,OTT,Normal,1,7,-,-,-,8,4,8,7,45,76,63,-,-,-,-,-,-,56,23,-,10,-,-,-,-,-,56,23,-,83,84,86,94,2,2,9,8,2,1,1,0,0,0,1,1,0,0,0,0,0,1,0,1.1,-0.09,1,0.1,0.0,4.33,0,0,0.0,0.1,0,0,0,0,0,0,0,0.0,0,0,0,0,0,0,0,0,0,0,0,0,0,0,0,0,0,0,0,0,0,0.00,0,0,0,0,0,0.0,0.0,0.0,0.00,1,1,0,0,0,0,0,0,0.00,-0.1,.000,0,0,9.0,0,0,0,0,0,0,0,0,1,0,0,0,0.0,0.0
LF,Bob Bescher,Bob,Bescher,Atlanta Braves TTC,6' 1',200 lbs,S,L,69,St. Louis Cardinals,STL,1915,2026,,83654,Bronze,Snapshot  LF Bob Bescher  STL  1915,0,N,0,62,65,85,83,92,44,69,72,75,118,66,64,89,86,86,51,7,Normal,Normal,Normal,1,1,1,1,1,1,1,1,1,1,2,1,16,-,-,-,-,-,-,-,-,-,-,-,1,NEU,89-91,OTT,Normal,1,7,-,-,-,8,4,8,7,45,76,63,-,-,-,-,-,-,56,23,-,10,-,-,-,-,-,56,23,-,83,84,86,94,11,11,50,46,15,12,1,1,1,4,6,4,0,0,0,0,0,5,2,7.5,-0.47,8,2.6,0.4,3.70,0,0,0.0,0.2,0,0,0,0,0,0,0,0.0,0,0,0,0,0,0,0,0,0,0,0,0,0,0,0,0,0,0,0,0,0,0.00,0,0,0,0,0,0.0,0.0,0.0,0.00,11,11,24,0,24,0,0,0,2.20,-0.1,1.000,0,0,98.1,0,0,20,20,5,3,3,0,0,0,6,1,0.0,0.3
LF,Bob Bescher,Bob,Bescher,Indiana Rhubarbs,6' 1',200 lbs,S,L,69,St. Louis Cardinals,STL,1915,2026,,83654,Bronze,Snapshot  LF Bob Bescher  STL  1915,0,N,0,62,65,85,83,92,44,69,72,75,118,66,64,89,86,86,51,7,Normal,Normal,Normal,1,1,1,1,1,1,1,1,1,1,2,1,16,-,-,-,-,-,-,-,-,-,-,-,1,NEU,89-91,OTT,Normal,1,7,-,-,-,8,4,8,7,45,76,63,-,-,-,-,-,-,56,23,-,10,-,-,-,-,-,56,23,-,83,84,86,94,3,2,19,14,8,5,2,0,1,11,8,3,0,0,0,2,0,0,0,9.2,0.21,6,4.3,0.6,3.53,2,0,0.5,0.9,0,0,0,0,0,0,0,0.0,0,0,0,0,0,0,0,0,0,0,0,0,0,0,0,0,0,0,0,0,0,0.00,0,0,0,0,0,0.0,0.0,0.0,0.00,3,2,4,0,4,0,0,0,1.59,-0.2,1.035,0,0,22.2,0,0,4,4,1,0,0,0,0,0,1,0,0.0,-0.3
LF,Bob Bescher,Bob,Bescher,Patchogue Pirates,6' 1',200 lbs,S,L,69,St. Louis Cardinals,STL,1915,2026,,83654,Bronze,Snapshot  LF Bob Bescher  STL  1915,0,N,0,62,65,85,83,92,44,69,72,75,118,66,64,89,86,86,51,7,Normal,Normal,Normal,1,1,1,1,1,1,1,1,1,1,2,1,16,-,-,-,-,-,-,-,-,-,-,-,1,NEU,89-91,OTT,Normal,1,7,-,-,-,8,4,8,7,45,76,63,-,-,-,-,-,-,56,23,-,10,-,-,-,-,-,56,23,-,83,84,86,94,11,11,54,46,6,0,1,0,5,9,8,4,0,1,2,1,0,9,0,5.1,-0.52,5,-1.0,0.1,3.57,0,0,0.0,0.1,0,0,0,0,0,0,0,0.0,0,0,0,0,0,0,0,0,0,0,0,0,0,0,0,0,0,0,0,0,0,0.00,0,0,0,0,0,0.0,0.0,0.0,0.00,11,11,23,1,21,1,0,0,1.82,0.0,1.043,0,0,109.0,0,0,16,16,7,5,2,0,4,0,2,0,0.0,0.2
LF,Bob Bescher,Bob,Bescher,Transylvania Counts,6' 1',200 lbs,S,L,69,St. Louis Cardinals,STL,1915,2026,,83654,Bronze,Snapshot  LF Bob Bescher  STL  1915,0,N,0,62,65,85,83,92,44,69,72,75,118,66,64,89,86,86,51,7,Normal,Normal,Normal,1,1,1,1,1,1,1,1,1,1,2,1,16,-,-,-,-,-,-,-,-,-,-,-,1,NEU,89-91,OTT,Normal,1,7,-,-,-,8,4,8,7,45,76,63,-,-,-,-,-,-,56,23,-,10,-,-,-,-,-,56,23,-,83,84,86,94,4,1,9,7,0,0,0,0,0,0,0,2,1,0,0,0,0,2,0,0.1,-0.12,0,-1.6,-0.2,3.67,0,0,0.0,0.0,0,0,0,0,0,0,0,0.0,0,0,0,0,0,0,0,0,0,0,0,0,0,0,0,0,0,0,0,0,0,0.00,0,0,0,0,0,0.0,0.0,0.0,0.00,3,1,2,0,2,0,0,0,1.20,-0.7,.695,0,0,15.0,0,0,3,2,0,0,0,0,0,0,1,0,0.0,0.0
LF,Wes Covington,Wes,Covington,Birmingham Black Barons,6' 1',205 lbs,L,R,67,Milwaukee Braves,ATL,1958,1946-1960,,86651,Bronze,T4 Ep. 8 - Unsung Heroes  LF Wes Covington  ML1  1958,0,N,0,84,71,115,64,93,25,10,40,86,52,96,81,143,52,107,51,2,Normal,Normal,Normal,1,1,1,1,1,1,1,1,1,1,1,1,16,-,-,-,-,-,-,-,-,-,-,-,1,NEU,90-92,3/4,Normal,1,21,-,-,-,5,8,5,1,57,34,49,-,-,-,-,-,-,56,-,-,10,-,-,-,-,-,56,-,-,15,4,6,19,7,,7,7,2,0,2,0,0,1,1,0,0,0,0,0,0,1,0,1.1,0.10,1,0.3,0.1,3.14,0,0,0.0,0.0,0,0,0,0,0,0,0,0.0,0,0,0,0,0,0,0,0,0,0,0,0,0,0,0,0,0,0,0,0,0,0.00,0,0,0,0,0,0.0,0.0,0.0,0.00,0,0,0,0,0,0,0,0,0.00,0.0,.000,0,0,0.0,0,0,0,0,0,0,0,0,0,0,0,0,0.0,0.0
LF,Wes Covington,Wes,Covington,Statesville Shadowcats,6' 1',205 lbs,L,R,67,Milwaukee Braves,ATL,1958,1946-1960,,86651,Bronze,T4 Ep. 8 - Unsung Heroes  LF Wes Covington  ML1  1958,0,N,0,84,71,115,64,93,25,10,40,86,52,96,81,143,52,107,51,2,Normal,Normal,Normal,1,1,1,1,1,1,1,1,1,1,1,1,16,-,-,-,-,-,-,-,-,-,-,-,1,NEU,90-92,3/4,Normal,1,21,-,-,-,5,8,5,1,57,34,49,-,-,-,-,-,-,56,-,-,10,-,-,-,-,-,56,-,-,15,4,6,19,3,3,11,11,5,2,0,0,3,3,3,0,0,0,0,0,0,0,0,6.4,0.50,4,3.7,0.4,2.82,0,0,0.0,-0.0,0,0,0,0,0,0,0,0.0,0,0,0,0,0,0,0,0,0,0,0,0,0,0,0,0,0,0,0,0,0,0.00,0,0,0,0,0,0.0,0.0,0.0,0.00,0,0,0,0,0,0,0,0,0.00,0.0,.000,0,0,0.0,0,0,0,0,0,0,0,0,0,0,0,0,0.0,0.0
LF,Wes Covington,Wes,Covington,Black Dog,6' 1',205 lbs,L,R,67,Milwaukee Braves,ATL,1958,1946-1960,,86651,Bronze,T4 Ep. 8 - Unsung Heroes  LF Wes Covington  ML1  1958,0,N,0,84,71,115,64,93,25,10,40,86,52,96,81,143,52,107,51,2,Normal,Normal,Normal,1,1,1,1,1,1,1,1,1,1,1,1,16,-,-,-,-,-,-,-,-,-,-,-,1,NEU,90-92,3/4,Normal,1,21,-,-,-,5,8,5,1,57,34,49,-,-,-,-,-,-,56,-,-,10,-,-,-,-,-,56,-,-,15,4,6,19,7,7,27,26,11,6,3,0,2,5,5,0,0,0,0,1,0,2,0,8.4,0.49,7,4.0,0.4,2.96,0,0,0.0,0.2,0,0,0,0,0,0,0,0.0,0,0,0,0,0,0,0,0,0,0,0,0,0,0,0,0,0,0,0,0,0,0.00,0,0,0,0,0,0.0,0.0,0.0,0.00,1,1,0,0,0,0,0,0,0.00,0.0,.000,0,0,9.0,0,0,0,0,0,0,0,0,0,0,0,0,0.0,0.0
LF,Wes Covington,Wes,Covington,Seoul Hannams,6' 1',205 lbs,L,R,67,Milwaukee Braves,ATL,1958,1946-1960,,86651,Bronze,T4 Ep. 8 - Unsung Heroes  LF Wes Covington  ML1  1958,0,N,0,84,71,115,64,93,25,10,40,86,52,96,81,143,52,107,51,2,Normal,Normal,Normal,1,1,1,1,1,1,1,1,1,1,1,1,16,-,-,-,-,-,-,-,-,-,-,-,1,NEU,90-92,3/4,Normal,1,21,-,-,-,5,8,5,1,57,34,49,-,-,-,-,-,-,56,-,-,10,-,-,-,-,-,56,-,-,15,4,6,19,6,6,26,25,3,3,0,0,0,1,2,1,0,0,0,0,0,7,1,0.4,-0.07,0,-3.6,-0.3,3.35,0,0,0.0,-0.0,0,0,0,0,0,0,0,0.0,0,0,0,0,0,0,0,0,0,0,0,0,0,0,0,0,0,0,0,0,0,0.00,0,0,0,0,0,0.0,0.0,0.0,0.00,0,0,0,0,0,0,0,0,0.00,0.0,.000,0,0,0.0,0,0,0,0,0,0,0,0,0,0,0,0,0.0,0.0
LF,Wes Covington,Wes,Covington,Deep 13 Mad Scientists,6' 1',205 lbs,L,R,67,Milwaukee Braves,ATL,1958,1946-1960,,86651,Bronze,T4 Ep. 8 - Unsung Heroes  LF Wes Covington  ML1  1958,0,N,0,84,71,115,64,93,25,10,40,86,52,96,81,143,52,107,51,2,Normal,Normal,Normal,1,1,1,1,1,1,1,1,1,1,1,1,16,-,-,-,-,-,-,-,-,-,-,-,1,NEU,90-92,3/4,Normal,1,21,-,-,-,5,8,5,1,57,34,49,-,-,-,-,-,-,56,-,-,10,-,-,-,-,-,56,-,-,15,4,6,19,7,7,37,31,5,3,1,0,1,3,3,6,0,0,0,0,0,4,0,3.1,-0.18,3,-0.8,-0.0,3.95,0,0,0.0,0.1,0,0,0,0,0,0,0,0.0,0,0,0,0,0,0,0,0,0,0,0,0,0,0,0,0,0,0,0,0,0,0.00,0,0,0,0,0,0.0,0.0,0.0,0.00,0,0,0,0,0,0,0,0,0.00,0.0,.000,0,0,0.0,0,0,0,0,0,0,0,0,0,0,0,0,0.0,0.0
LF,Wes Covington,Wes,Covington,Town of Lake Loons,6' 1',205 lbs,L,R,67,Milwaukee Braves,ATL,1958,1946-1960,,86651,Bronze,T4 Ep. 8 - Unsung Heroes  LF Wes Covington  ML1  1958,0,N,0,84,71,115,64,93,25,10,40,86,52,96,81,143,52,107,51,2,Normal,Normal,Normal,1,1,1,1,1,1,1,1,1,1,1,1,16,-,-,-,-,-,-,-,-,-,-,-,1,NEU,90-92,3/4,Normal,1,21,-,-,-,5,8,5,1,57,34,49,-,-,-,-,-,-,56,-,-,10,-,-,-,-,-,56,-,-,15,4,6,19,5,4,18,17,4,4,0,0,0,0,2,0,0,1,0,0,0,1,0,1.2,-0.11,1,-0.9,-0.0,3.11,0,0,0.0,-0.0,0,0,0,0,0,0,0,0.0,0,0,0,0,0,0,0,0,0,0,0,0,0,0,0,0,0,0,0,0,0,0.00,0,0,0,0,0,0.0,0.0,0.0,0.00,1,1,6,0,6,0,0,0,6.00,0.4,1.043,0,0,9.0,0,0,4,4,0,0,2,2,1,0,0,0,0.0,0.0
LF,Wes Covington,Wes,Covington,Jinzhou Speedster,6' 1',205 lbs,L,R,67,Milwaukee Braves,ATL,1958,1946-1960,,86651,Bronze,T4 Ep. 8 - Unsung Heroes  LF Wes Covington  ML1  1958,0,N,0,84,71,115,64,93,25,10,40,86,52,96,81,143,52,107,51,2,Normal,Normal,Normal,1,1,1,1,1,1,1,1,1,1,1,1,16,-,-,-,-,-,-,-,-,-,-,-,1,NEU,90-92,3/4,Normal,1,21,-,-,-,5,8,5,1,57,34,49,-,-,-,-,-,-,56,-,-,10,-,-,-,-,-,56,-,-,15,4,6,19,6,5,22,20,8,4,2,0,2,5,4,2,1,0,0,0,0,1,0,7.4,0.46,5,3.4,0.3,3.18,0,0,0.0,0.2,0,0,0,0,0,0,0,0.0,0,0,0,0,0,0,0,0,0,0,0,0,0,0,0,0,0,0,0,0,0,0.00,0,0,0,0,0,0.0,0.0,0.0,0.00,1,1,0,0,0,0,0,0,0.00,-0.4,.000,0,0,9.0,0,0,0,0,2,0,0,0,0,0,0,0,0.0,-0.1
LF,Wes Covington,Wes,Covington,Huatulco Tacos,6' 1',205 lbs,L,R,67,Milwaukee Braves,ATL,1958,1946-1960,,86651,Bronze,T4 Ep. 8 - Unsung Heroes  LF Wes Covington  ML1  1958,0,N,0,84,71,115,64,93,25,10,40,86,52,96,81,143,52,107,51,2,Normal,Normal,Normal,1,1,1,1,1,1,1,1,1,1,1,1,16,-,-,-,-,-,-,-,-,-,-,-,1,NEU,90-92,3/4,Normal,1,21,-,-,-,5,8,5,1,57,34,49,-,-,-,-,-,-,56,-,-,10,-,-,-,-,-,56,-,-,15,4,6,19,2,1,4,4,1,1,0,0,0,0,1,0,0,0,0,0,0,2,0,0.2,0.00,0,-0.3,-0.0,4.25,0,0,0.0,0.0,0,0,0,0,0,0,0,0.0,0,0,0,0,0,0,0,0,0,0,0,0,0,0,0,0,0,0,0,0,0,0.00,0,0,0,0,0,0.0,0.0,0.0,0.00,0,0,0,0,0,0,0,0,0.00,0.0,.000,0,0,0.0,0,0,0,0,0,0,0,0,0,0,0,0,0.0,0.0
LF,Wes Covington,Wes,Covington,Cape Cod Sharks - HotL,6' 1',205 lbs,L,R,67,Milwaukee Braves,ATL,1958,1946-1960,,86651,Bronze,T4 Ep. 8 - Unsung Heroes  LF Wes Covington  ML1  1958,0,N,0,84,71,115,64,93,25,10,40,86,52,96,81,143,52,107,51,2,Normal,Normal,Normal,1,1,1,1,1,1,1,1,1,1,1,1,16,-,-,-,-,-,-,-,-,-,-,-,1,NEU,90-92,3/4,Normal,1,21,-,-,-,5,8,5,1,57,34,49,-,-,-,-,-,-,56,-,-,10,-,-,-,-,-,56,-,-,15,4,6,19,14,12,54,50,16,10,2,0,4,8,11,4,1,0,0,0,0,6,2,10.3,-0.04,10,4.3,0.5,3.74,0,0,0.0,-0.1,0,0,0,0,0,0,0,0.0,0,0,0,0,0,0,0,0,0,0,0,0,0,0,0,0,0,0,0,0,0,0.00,0,0,0,0,0,0.0,0.0,0.0,0.00,1,0,1,0,1,0,0,0,3.00,0.0,1.043,0,0,3.0,0,0,1,1,0,0,0,0,0,0,0,0,0.0,0.0
LF,Wes Covington,Wes,Covington,OKC Whirlwinds - PCK,6' 1',205 lbs,L,R,67,Milwaukee Braves,ATL,1958,1946-1960,,86651,Bronze,T4 Ep. 8 - Unsung Heroes  LF Wes Covington  ML1  1958,0,N,0,84,71,115,64,93,25,10,40,86,52,96,81,143,52,107,51,2,Normal,Normal,Normal,1,1,1,1,1,1,1,1,1,1,1,1,16,-,-,-,-,-,-,-,-,-,-,-,1,NEU,90-92,3/4,Normal,1,21,-,-,-,5,8,5,1,57,34,49,-,-,-,-,-,-,56,-,-,10,-,-,-,-,-,56,-,-,15,4,6,19,17,16,72,67,16,11,3,0,2,8,9,4,0,0,0,1,0,12,2,6.6,0.33,7,-1.1,-0.1,3.53,0,0,0.0,-0.1,0,0,0,0,0,0,0,0.0,0,0,0,0,0,0,0,0,0,0,0,0,0,0,0,0,0,0,0,0,0,0.00,0,0,0,0,0,0.0,0.0,0.0,0.00,16,16,30,0,29,1,0,0,1.91,-1.3,.945,0,0,136.1,0,0,27,26,5,2,3,1,1,0,4,0,0.0,-0.6
LF,Wes Covington,Wes,Covington,The Colony Lynx,6' 1',205 lbs,L,R,67,Milwaukee Braves,ATL,1958,1946-1960,,86651,Bronze,T4 Ep. 8 - Unsung Heroes  LF Wes Covington  ML1  1958,0,N,0,84,71,115,64,93,25,10,40,86,52,96,81,143,52,107,51,2,Normal,Normal,Normal,1,1,1,1,1,1,1,1,1,1,1,1,16,-,-,-,-,-,-,-,-,-,-,-,1,NEU,90-92,3/4,Normal,1,21,-,-,-,5,8,5,1,57,34,49,-,-,-,-,-,-,56,-,-,10,-,-,-,-,-,56,-,-,15,4,6,19,2,1,5,4,2,0,1,0,1,2,2,1,0,0,0,0,0,0,0,3.8,0.26,2,2.0,0.2,2.80,0,0,0.0,0.0,0,0,0,0,0,0,0,0.0,0,0,0,0,0,0,0,0,0,0,0,0,0,0,0,0,0,0,0,0,0,0.00,0,0,0,0,0,0.0,0.0,0.0,0.00,0,0,0,0,0,0,0,0,0.00,0.0,.000,0,0,0.0,0,0,0,0,0,0,0,0,0,0,0,0,0.0,0.0
LF,Wes Covington,Wes,Covington,Columbus Evil Squirrels,6' 1',205 lbs,L,R,67,Milwaukee Braves,ATL,1958,1946-1960,,86651,Bronze,T4 Ep. 8 - Unsung Heroes  LF Wes Covington  ML1  1958,0,N,0,84,71,115,64,93,25,10,40,86,52,96,81,143,52,107,51,2,Normal,Normal,Normal,1,1,1,1,1,1,1,1,1,1,1,1,16,-,-,-,-,-,-,-,-,-,-,-,1,NEU,90-92,3/4,Normal,1,21,-,-,-,5,8,5,1,57,34,49,-,-,-,-,-,-,56,-,-,10,-,-,-,-,-,56,-,-,15,4,6,19,4,3,14,14,5,2,1,0,2,6,3,0,0,0,0,0,0,0,0,4.3,0.34,3,2.3,0.2,3.93,0,0,0.0,-0.1,0,0,0,0,0,0,0,0.0,0,0,0,0,0,0,0,0,0,0,0,0,0,0,0,0,0,0,0,0,0,0.00,0,0,0,0,0,0.0,0.0,0.0,0.00,0,0,0,0,0,0,0,0,0.00,0.0,.000,0,0,0.0,0,0,0,0,0,0,0,0,0,0,0,0,0.0,0.0
LF,Wes Covington,Wes,Covington,Breslau Binturings - HotL,6' 1',205 lbs,L,R,67,Milwaukee Braves,ATL,1958,1946-1960,,86651,Bronze,T4 Ep. 8 - Unsung Heroes  LF Wes Covington  ML1  1958,0,N,0,84,71,115,64,93,25,10,40,86,52,96,81,143,52,107,51,2,Normal,Normal,Normal,1,1,1,1,1,1,1,1,1,1,1,1,16,-,-,-,-,-,-,-,-,-,-,-,1,NEU,90-92,3/4,Normal,1,21,-,-,-,5,8,5,1,57,34,49,-,-,-,-,-,-,56,-,-,10,-,-,-,-,-,56,-,-,15,4,6,19,8,6,28,26,3,3,0,0,0,0,1,2,0,0,0,0,0,0,1,0.5,-0.03,0,-3.5,-0.4,3.57,0,0,0.0,-0.7,0,0,0,0,0,0,0,0.0,0,0,0,0,0,0,0,0,0,0,0,0,0,0,0,0,0,0,0,0,0,0.00,0,0,0,0,0,0.0,0.0,0.0,0.00,0,0,0,0,0,0,0,0,0.00,0.0,.000,0,0,0.0,0,0,0,0,0,0,0,0,0,0,0,0,0.0,0.0
LF,Wes Covington,Wes,Covington,EVC's Let the Music Play Ball-TTC,6' 1',205 lbs,L,R,67,Milwaukee Braves,ATL,1958,1946-1960,,86651,Bronze,T4 Ep. 8 - Unsung Heroes  LF Wes Covington  ML1  1958,0,N,0,84,71,115,64,93,25,10,40,86,52,96,81,143,52,107,51,2,Normal,Normal,Normal,1,1,1,1,1,1,1,1,1,1,1,1,16,-,-,-,-,-,-,-,-,-,-,-,1,NEU,90-92,3/4,Normal,1,21,-,-,-,5,8,5,1,57,34,49,-,-,-,-,-,-,56,-,-,10,-,-,-,-,-,56,-,-,15,4,6,19,15,13,53,53,8,6,1,0,1,4,3,0,0,0,0,0,0,8,0,1.8,-0.73,0,-5.9,-0.6,3.34,0,0,0.0,0.0,0,0,0,0,0,0,0,0.0,0,0,0,0,0,0,0,0,0,0,0,0,0,0,0,0,0,0,0,0,0,0.00,0,0,0,0,0,0.0,0.0,0.0,0.00,12,12,24,0,21,3,0,0,1.95,-1.2,.952,0,0,97.0,0,0,19,17,5,4,2,0,3,0,4,0,0.0,-0.4
LF,Wes Covington,Wes,Covington,Smyrna Stooges,6' 1',205 lbs,L,R,67,Milwaukee Braves,ATL,1958,1946-1960,,86651,Bronze,T4 Ep. 8 - Unsung Heroes  LF Wes Covington  ML1  1958,0,N,0,84,71,115,64,93,25,10,40,86,52,96,81,143,52,107,51,2,Normal,Normal,Normal,1,1,1,1,1,1,1,1,1,1,1,1,16,-,-,-,-,-,-,-,-,-,-,-,1,NEU,90-92,3/4,Normal,1,21,-,-,-,5,8,5,1,57,34,49,-,-,-,-,-,-,56,-,-,10,-,-,-,-,-,56,-,-,15,4,6,19,3,2,8,8,2,2,0,0,0,0,0,0,0,0,0,0,0,0,0,0.5,0.01,0,-0.5,-0.1,3.25,0,0,0.0,0.0,0,0,0,0,0,0,0,0.0,0,0,0,0,0,0,0,0,0,0,0,0,0,0,0,0,0,0,0,0,0,0.00,0,0,0,0,0,0.0,0.0,0.0,0.00,3,2,4,0,4,0,0,0,2.00,-0.4,1.043,0,0,18.0,0,0,4,4,1,0,2,0,0,0,0,0,0.0,-0.1
LF,Wes Covington,Wes,Covington,Bismarck Blizzard,6' 1',205 lbs,L,R,67,Milwaukee Braves,ATL,1958,1946-1960,,86651,Bronze,T4 Ep. 8 - Unsung Heroes  LF Wes Covington  ML1  1958,0,N,0,84,71,115,64,93,25,10,40,86,52,96,81,143,52,107,51,2,Normal,Normal,Normal,1,1,1,1,1,1,1,1,1,1,1,1,16,-,-,-,-,-,-,-,-,-,-,-,1,NEU,90-92,3/4,Normal,1,21,-,-,-,5,8,5,1,57,34,49,-,-,-,-,-,-,56,-,-,10,-,-,-,-,-,56,-,-,15,4,6,19,3,3,13,13,3,3,0,0,0,2,1,0,0,0,0,0,0,4,0,0.7,0.09,0,-1.0,-0.1,3.31,0,0,0.0,0.3,0,0,0,0,0,0,0,0.0,0,0,0,0,0,0,0,0,0,0,0,0,0,0,0,0,0,0,0,0,0,0.00,0,0,0,0,0,0.0,0.0,0.0,0.00,0,0,0,0,0,0,0,0,0.00,0.0,.000,0,0,0.0,0,0,0,0,0,0,0,0,0,0,0,0,0.0,0.0
LF,Wes Covington,Wes,Covington,Deadwood Punch and Judys TTC,6' 1',205 lbs,L,R,67,Milwaukee Braves,ATL,1958,1946-1960,,86651,Bronze,T4 Ep. 8 - Unsung Heroes  LF Wes Covington  ML1  1958,0,N,0,84,71,115,64,93,25,10,40,86,52,96,81,143,52,107,51,2,Normal,Normal,Normal,1,1,1,1,1,1,1,1,1,1,1,1,16,-,-,-,-,-,-,-,-,-,-,-,1,NEU,90-92,3/4,Normal,1,21,-,-,-,5,8,5,1,57,34,49,-,-,-,-,-,-,56,-,-,10,-,-,-,-,-,56,-,-,15,4,6,19,22,19,72,69,18,12,1,1,4,7,9,1,0,1,0,1,0,12,3,8.0,-0.14,9,1.1,0.1,3.69,0,0,0.0,-0.4,0,0,0,0,0,0,0,0.0,0,0,0,0,0,0,0,0,0,0,0,0,0,0,0,0,0,0,0,0,0,0.00,0,0,0,0,0,0.0,0.0,0.0,0.00,2,2,2,0,2,0,0,0,1.20,-0.3,1.043,0,0,15.0,0,0,3,2,0,0,0,0,0,0,1,0,0.0,0.0
LF,Wes Covington,Wes,Covington,Madison Moundsmen,6' 1',205 lbs,L,R,67,Milwaukee Braves,ATL,1958,1946-1960,,86651,Bronze,T4 Ep. 8 - Unsung Heroes  LF Wes Covington  ML1  1958,0,N,0,84,71,115,64,93,25,10,40,86,52,96,81,143,52,107,51,2,Normal,Normal,Normal,1,1,1,1,1,1,1,1,1,1,1,1,16,-,-,-,-,-,-,-,-,-,-,-,1,NEU,90-92,3/4,Normal,1,21,-,-,-,5,8,5,1,57,34,49,-,-,-,-,-,-,56,-,-,10,-,-,-,-,-,56,-,-,15,4,6,19,8,7,32,32,10,6,4,0,0,3,2,0,0,0,0,0,0,0,1,3.9,-0.02,4,0.6,0.1,3.47,0,0,0.0,0.0,0,0,0,0,0,0,0,0.0,0,0,0,0,0,0,0,0,0,0,0,0,0,0,0,0,0,0,0,0,0,0.00,0,0,0,0,0,0.0,0.0,0.0,0.00,7,7,12,0,11,1,0,0,1.69,0.2,1.043,0,0,58.2,0,0,7,7,2,1,4,3,4,0,4,0,0.0,-0.1
LF,Wes Covington,Wes,Covington,Kansas City Torrent - JW,6' 1',205 lbs,L,R,67,Milwaukee Braves,ATL,1958,1946-1960,,86651,Bronze,T4 Ep. 8 - Unsung Heroes  LF Wes Covington  ML1  1958,240,N,0,84,71,115,64,93,25,10,40,86,52,96,81,143,52,107,51,2,Normal,Normal,Normal,1,1,1,1,1,1,1,1,1,1,1,1,16,-,-,-,-,-,-,-,-,-,-,-,1,NEU,90-92,3/4,Normal,1,21,-,-,-,5,8,5,1,57,34,49,-,-,-,-,-,-,56,-,-,10,-,-,-,-,-,56,-,-,15,4,6,19,6,6,22,20,5,4,1,0,0,2,1,2,0,0,0,0,0,1,1,1.8,-0.22,2,-0.4,0.1,3.05,0,0,0.0,0.0,0,0,0,0,0,0,0,0.0,0,0,0,0,0,0,0,0,0,0,0,0,0,0,0,0,0,0,0,0,0,0.00,0,0,0,0,0,0.0,0.0,0.0,0.00,6,6,15,0,15,0,0,0,2.87,0.8,1.043,0,0,47.0,0,0,11,11,2,2,2,0,2,0,2,2,0.0,-0.4
LF,Wes Covington,Wes,Covington,Columbus Fire Ants,6' 1',205 lbs,L,R,67,Milwaukee Braves,ATL,1958,1946-1960,,86651,Bronze,T4 Ep. 8 - Unsung Heroes  LF Wes Covington  ML1  1958,0,N,0,84,71,115,64,93,25,10,40,86,52,96,81,143,52,107,51,2,Normal,Normal,Normal,1,1,1,1,1,1,1,1,1,1,1,1,16,-,-,-,-,-,-,-,-,-,-,-,1,NEU,90-92,3/4,Normal,1,21,-,-,-,5,8,5,1,57,34,49,-,-,-,-,-,-,56,-,-,10,-,-,-,-,-,56,-,-,15,4,6,19,10,8,33,33,14,9,4,1,0,3,6,0,0,0,0,0,0,3,1,7.9,0.31,7,3.7,0.4,3.39,0,0,0.0,-0.2,0,0,0,0,0,0,0,0.0,0,0,0,0,0,0,0,0,0,0,0,0,0,0,0,0,0,0,0,0,0,0.00,0,0,0,0,0,0.0,0.0,0.0,0.00,2,0,1,0,1,0,0,0,3.00,0.0,1.043,0,0,3.0,0,0,1,1,0,0,0,0,0,0,1,0,0.0,0.0
LF,Wes Covington,Wes,Covington,Moncton Mosquitos,6' 1',205 lbs,L,R,67,Milwaukee Braves,ATL,1958,1946-1960,,86651,Bronze,T4 Ep. 8 - Unsung Heroes  LF Wes Covington  ML1  1958,0,N,0,84,71,115,64,93,25,10,40,86,52,96,81,143,52,107,51,2,Normal,Normal,Normal,1,1,1,1,1,1,1,1,1,1,1,1,16,-,-,-,-,-,-,-,-,-,-,-,1,NEU,90-92,3/4,Normal,1,21,-,-,-,5,8,5,1,57,34,49,-,-,-,-,-,-,56,-,-,10,-,-,-,-,-,56,-,-,15,4,6,19,3,2,10,9,1,1,0,0,0,1,1,0,0,0,0,1,0,1,0,0.2,-0.23,0,-1.7,-0.2,3.80,0,0,0.0,-0.0,0,0,0,0,0,0,0,0.0,0,0,0,0,0,0,0,0,0,0,0,0,0,0,0,0,0,0,0,0,0,0.00,0,0,0,0,0,0.0,0.0,0.0,0.00,0,0,0,0,0,0,0,0,0.00,0.0,.000,0,0,0.0,0,0,0,0,0,0,0,0,0,0,0,0,0.0,0.0
LF,Wes Covington,Wes,Covington,PNW Wild Stallions,6' 1',205 lbs,L,R,67,Milwaukee Braves,ATL,1958,1946-1960,,86651,Bronze,T4 Ep. 8 - Unsung Heroes  LF Wes Covington  ML1  1958,0,N,0,84,71,115,64,93,25,10,40,86,52,96,81,143,52,107,51,2,Normal,Normal,Normal,1,1,1,1,1,1,1,1,1,1,1,1,16,-,-,-,-,-,-,-,-,-,-,-,1,NEU,90-92,3/4,Normal,1,21,-,-,-,5,8,5,1,57,34,49,-,-,-,-,-,-,56,-,-,10,-,-,-,-,-,56,-,-,15,4,6,19,6,6,28,26,6,3,3,0,0,2,2,1,0,0,0,1,0,4,2,1.7,-0.42,2,-1.1,-0.2,3.43,0,0,0.0,-0.8,0,0,0,0,0,0,0,0.0,0,0,0,0,0,0,0,0,0,0,0,0,0,0,0,0,0,0,0,0,0,0.00,0,0,0,0,0,0.0,0.0,0.0,0.00,0,0,0,0,0,0,0,0,0.00,0.0,.000,0,0,0.0,0,0,0,0,0,0,0,0,0,0,0,0,0.0,0.0
LF,Wes Covington,Wes,Covington,White Rabbitt,6' 1',205 lbs,L,R,67,Milwaukee Braves,ATL,1958,1946-1960,,86651,Bronze,T4 Ep. 8 - Unsung Heroes  LF Wes Covington  ML1  1958,0,N,0,84,71,115,64,93,25,10,40,86,52,96,81,143,52,107,51,2,Normal,Normal,Normal,1,1,1,1,1,1,1,1,1,1,1,1,16,-,-,-,-,-,-,-,-,-,-,-,1,NEU,90-92,3/4,Normal,1,21,-,-,-,5,8,5,1,57,34,49,-,-,-,-,-,-,56,-,-,10,-,-,-,-,-,56,-,-,15,4,6,19,18,17,68,66,22,13,1,0,8,19,15,2,0,0,0,0,0,7,0,16.8,1.27,16,8.0,0.8,3.40,0,0,0.0,-0.3,0,0,0,0,0,0,0,0.0,0,0,0,0,0,0,0,0,0,0,0,0,0,0,0,0,0,0,0,0,0,0.00,0,0,0,0,0,0.0,0.0,0.0,0.00,0,0,0,0,0,0,0,0,0.00,0.0,.000,0,0,0.0,0,0,0,0,0,0,0,0,0,0,0,0,0.0,0.0
LF,Wes Covington,Wes,Covington,Moonsault Collective MCs,6' 1',205 lbs,L,R,67,Milwaukee Braves,ATL,1958,1946-1960,,86651,Bronze,T4 Ep. 8 - Unsung Heroes  LF Wes Covington  ML1  1958,0,N,0,84,71,115,64,93,25,10,40,86,52,96,81,143,52,107,51,2,Normal,Normal,Normal,1,1,1,1,1,1,1,1,1,1,1,1,16,-,-,-,-,-,-,-,-,-,-,-,1,NEU,90-92,3/4,Normal,1,21,-,-,-,5,8,5,1,57,34,49,-,-,-,-,-,-,56,-,-,10,-,-,-,-,-,56,-,-,15,4,6,19,13,11,49,48,19,16,1,0,2,5,7,1,0,0,0,0,0,3,1,10.2,0.29,10,4.4,0.5,3.59,0,0,0.0,-0.1,0,0,0,0,0,0,0,0.0,0,0,0,0,0,0,0,0,0,0,0,0,0,0,0,0,0,0,0,0,0,0.00,0,0,0,0,0,0.0,0.0,0.0,0.00,1,0,0,0,0,0,0,0,0.00,-0.0,.000,0,0,1.0,0,0,0,0,0,0,0,0,0,0,1,0,0.0,-0.1
LF,Wes Covington,Wes,Covington,New Platson Grand Petites HotL,6' 1',205 lbs,L,R,67,Milwaukee Braves,ATL,1958,1946-1960,,86651,Bronze,T4 Ep. 8 - Unsung Heroes  LF Wes Covington  ML1  1958,0,Y,5,91,77,124,70,101,29,13,45,93,57,104,88,154,57,116,51,2,Normal,Normal,Normal,1,1,1,1,1,1,1,1,1,1,1,1,16,-,-,-,-,-,-,-,-,-,-,-,1,NEU,90-92,3/4,Normal,1,21,-,-,-,5,8,5,1,57,34,49,-,-,-,-,-,-,60,-,-,11,-,-,-,-,-,60,-,-,15,4,6,19,4,4,15,15,4,2,2,0,0,0,1,0,0,0,0,0,0,1,1,1.2,-0.21,1,-0.2,-0.0,3.53,0,0,0.0,-0.0,0,0,0,0,0,0,0,0.0,0,0,0,0,0,0,0,0,0,0,0,0,0,0,0,0,0,0,0,0,0,0.00,0,0,0,0,0,0.0,0.0,0.0,0.00,0,0,0,0,0,0,0,0,0.00,0.0,.000,0,0,0.0,0,0,0,0,0,0,0,0,0,0,0,0,0.0,0.0
LF,Wes Covington,Wes,Covington,Carlos Chaos Cats,6' 1',205 lbs,L,R,67,Milwaukee Braves,ATL,1958,1946-1960,,86651,Bronze,T4 Ep. 8 - Unsung Heroes  LF Wes Covington  ML1  1958,0,N,0,84,71,115,64,93,25,10,40,86,52,96,81,143,52,107,51,2,Normal,Normal,Normal,1,1,1,1,1,1,1,1,1,1,1,1,16,-,-,-,-,-,-,-,-,-,-,-,1,NEU,90-92,3/4,Normal,1,21,-,-,-,5,8,5,1,57,34,49,-,-,-,-,-,-,56,-,-,10,-,-,-,-,-,56,-,-,15,4,6,19,5,5,20,20,6,4,1,0,1,2,3,0,0,0,0,0,0,2,0,3.0,-0.07,3,0.7,-0.0,2.70,0,0,0.0,0.2,0,0,0,0,0,0,0,0.0,0,0,0,0,0,0,0,0,0,0,0,0,0,0,0,0,0,0,0,0,0,0.00,0,0,0,0,0,0.0,0.0,0.0,0.00,5,5,9,0,8,1,0,0,1.60,-1.4,.835,0,0,45.0,0,0,7,7,4,1,1,0,1,0,4,0,0.0,-0.1
LF,Wes Covington,Wes,Covington,Atlanta Braves TTC,6' 1',205 lbs,L,R,67,Milwaukee Braves,ATL,1958,1946-1960,,86651,Bronze,T4 Ep. 8 - Unsung Heroes  LF Wes Covington  ML1  1958,0,N,0,84,71,115,64,93,25,10,40,86,52,96,81,143,52,107,51,2,Normal,Normal,Normal,1,1,1,1,1,1,1,1,1,1,1,1,16,-,-,-,-,-,-,-,-,-,-,-,1,NEU,90-92,3/4,Normal,1,21,-,-,-,5,8,5,1,57,34,49,-,-,-,-,-,-,56,-,-,10,-,-,-,-,-,56,-,-,15,4,6,19,12,12,54,48,14,8,1,0,5,12,10,6,1,0,0,0,0,4,0,11.6,0.70,11,4.6,0.4,3.56,0,0,0.0,-0.4,0,0,0,0,0,0,0,0.0,0,0,0,0,0,0,0,0,0,0,0,0,0,0,0,0,0,0,0,0,0,0.00,0,0,0,0,0,0.0,0.0,0.0,0.00,2,2,5,0,5,0,0,0,2.50,-0.5,.869,0,0,18.0,0,0,5,5,1,0,0,0,0,0,1,0,0.0,0.0
LF,Wes Covington,Wes,Covington,King Street 504s,6' 1',205 lbs,L,R,67,Milwaukee Braves,ATL,1958,1946-1960,,86651,Bronze,T4 Ep. 8 - Unsung Heroes  LF Wes Covington  ML1  1958,0,N,0,84,71,115,64,93,25,10,40,86,52,96,81,143,52,107,51,2,Normal,Normal,Normal,1,1,1,1,1,1,1,1,1,1,1,1,16,-,-,-,-,-,-,-,-,-,-,-,1,NEU,90-92,3/4,Normal,1,21,-,-,-,5,8,5,1,57,34,49,-,-,-,-,-,-,56,-,-,10,-,-,-,-,-,56,-,-,15,4,6,19,4,3,16,16,6,4,2,0,0,3,0,0,0,0,0,0,0,2,0,3.0,0.01,2,1.0,0.2,3.38,0,0,0.0,0.0,0,0,0,0,0,0,0,0.0,0,0,0,0,0,0,0,0,0,0,0,0,0,0,0,0,0,0,0,0,0,0.00,0,0,0,0,0,0.0,0.0,0.0,0.00,3,3,7,1,6,0,1,0,1.97,0.1,1.043,0,0,32.0,0,0,6,6,0,0,0,0,1,0,0,0,0.0,0.5
LF,Wes Covington,Wes,Covington,Indiana Rhubarbs,6' 1',205 lbs,L,R,67,Milwaukee Braves,ATL,1958,1946-1960,,86651,Bronze,T4 Ep. 8 - Unsung Heroes  LF Wes Covington  ML1  1958,0,N,0,84,71,115,64,93,25,10,40,86,52,96,81,143,52,107,51,2,Normal,Normal,Normal,1,1,1,1,1,1,1,1,1,1,1,1,16,-,-,-,-,-,-,-,-,-,-,-,1,NEU,90-92,3/4,Normal,1,21,-,-,-,5,8,5,1,57,34,49,-,-,-,-,-,-,56,-,-,10,-,-,-,-,-,56,-,-,15,4,6,19,6,5,51,44,23,15,6,0,2,20,21,6,0,0,1,0,0,3,0,21.1,0.14,17,11.0,1.1,4.00,0,0,0.0,-0.9,0,0,0,0,0,0,0,0.0,0,0,0,0,0,0,0,0,0,0,0,0,0,0,0,0,0,0,0,0,0,0.00,0,0,0,0,0,0.0,0.0,0.0,0.00,1,0,1,0,1,0,0,0,1.17,-0.3,1.043,0,0,7.2,0,0,0,0,2,0,1,0,1,0,1,1,0.0,0.0
LF,Wes Covington,Wes,Covington,Out of Left Field,6' 1',205 lbs,L,R,67,Milwaukee Braves,ATL,1958,1946-1960,,86651,Bronze,T4 Ep. 8 - Unsung Heroes  LF Wes Covington  ML1  1958,0,N,0,84,71,115,64,93,25,10,40,86,52,96,81,143,52,107,51,2,Normal,Normal,Normal,1,1,1,1,1,1,1,1,1,1,1,1,16,-,-,-,-,-,-,-,-,-,-,-,1,NEU,90-92,3/4,Normal,1,21,-,-,-,5,8,5,1,57,34,49,-,-,-,-,-,-,56,-,-,10,-,-,-,-,-,56,-,-,15,4,6,19,26,23,103,97,33,21,4,0,8,25,17,5,1,1,0,0,0,14,1,23.0,1.62,22,10.0,1.1,3.36,0,0,0.0,-0.2,0,0,0,0,0,0,0,0.0,0,0,0,0,0,0,0,0,0,0,0,0,0,0,0,0,0,0,0,0,0,0.00,0,0,0,0,0,0.0,0.0,0.0,0.00,1,0,0,0,0,0,0,0,0.00,0.0,.000,0,0,1.0,0,0,0,0,0,0,0,0,0,0,0,0,0.0,0.0
LF,Wes Covington,Wes,Covington,Tegridy Farms Weed,6' 1',205 lbs,L,R,67,Milwaukee Braves,ATL,1958,1946-1960,,86651,Bronze,T4 Ep. 8 - Unsung Heroes  LF Wes Covington  ML1  1958,0,N,0,84,71,115,64,93,25,10,40,86,52,96,81,143,52,107,51,2,Normal,Normal,Normal,1,1,1,1,1,1,1,1,1,1,1,1,16,-,-,-,-,-,-,-,-,-,-,-,1,NEU,90-92,3/4,Normal,1,21,-,-,-,5,8,5,1,57,34,49,-,-,-,-,-,-,56,-,-,10,-,-,-,-,-,56,-,-,15,4,6,19,13,13,54,51,17,8,3,1,5,10,8,2,1,0,0,1,0,5,2,11.9,0.27,12,5.7,0.6,3.17,0,0,0.0,-0.6,0,0,0,0,0,0,0,0.0,0,0,0,0,0,0,0,0,0,0,0,0,0,0,0,0,0,0,0,0,0,0.00,0,0,0,0,0,0.0,0.0,0.0,0.00,0,0,0,0,0,0,0,0,0.00,0.0,.000,0,0,0.0,0,0,0,0,0,0,0,0,0,0,0,0,0.0,0.0
LF,Johnny Dickshot,Johnny,Dickshot,White Rabbitt,6' 0',195 lbs,R,R,60,Chicago White Sox,CHW,1945,1921-1945,,86319,Bronze,Laptophound Summer Classic: 65th-128th  LF Johnny Dickshot  CWS  1945,0,N,0,102,95,67,80,83,106,110,10,77,93,101,92,76,81,80,81,90,Groundball,Spray,Spray,1,1,1,3,1,1,1,3,1,1,1,3,16,-,-,-,-,-,-,-,-,-,-,-,1,NEU,90-92,3/4,Normal,1,20,-,-,-,2,9,6,6,57,47,86,-,-,-,-,-,-,67,-,68,-,-,-,-,-,-,67,-,68,75,57,83,66,4,1,10,9,1,0,0,0,1,2,1,0,0,1,0,0,0,0,0,0.9,0.20,0,-0.2,0.0,3.50,0,0,0.0,0.0,0,0,0,0,0,0,0,0.0,0,0,0,0,0,0,0,0,0,0,0,0,0,0,0,0,0,0,0,0,0,0.00,0,0,0,0,0,0.0,0.0,0.0,0.00,3,1,3,0,3,0,0,0,1.50,0.0,1.019,0,0,18.0,0,0,3,3,0,0,0,0,0,0,2,0,0.0,0.0
LF,Johnny Dickshot,Johnny,Dickshot,BAGgin' Dingers TTC,6' 0',195 lbs,R,R,60,Chicago White Sox,CHW,1945,1921-1945,,86319,Bronze,Laptophound Summer Classic: 65th-128th  LF Johnny Dickshot  CWS  1945,0,N,0,102,95,67,80,83,106,110,10,77,93,101,92,76,81,80,81,90,Groundball,Spray,Spray,1,1,1,3,1,1,1,3,1,1,1,3,16,-,-,-,-,-,-,-,-,-,-,-,1,NEU,90-92,3/4,Normal,1,20,-,-,-,2,9,6,6,57,47,86,-,-,-,-,-,-,67,-,68,-,-,-,-,-,-,67,-,68,75,57,83,66,2,2,8,8,0,0,0,0,0,0,0,0,0,0,0,0,0,2,1,-0.0,-0.22,0,-1.9,-0.2,3.50,0,0,0.0,0.0,0,0,0,0,0,0,0,0.0,0,0,0,0,0,0,0,0,0,0,0,0,0,0,0,0,0,0,0,0,0,0.00,0,0,0,0,0,0.0,0.0,0.0,0.00,2,2,5,0,5,0,0,0,2.50,0.1,1.019,0,0,18.0,0,0,5,5,0,0,0,0,0,0,0,0,0.0,0.0
LF,Johnny Dickshot,Johnny,Dickshot,Michigan Black Bears,6' 0',195 lbs,R,R,60,Chicago White Sox,CHW,1945,1921-1945,,86319,Bronze,Laptophound Summer Classic: 65th-128th  LF Johnny Dickshot  CWS  1945,0,N,0,102,95,67,80,83,106,110,10,77,93,101,92,76,81,80,81,90,Groundball,Spray,Spray,1,1,1,3,1,1,1,3,1,1,1,3,16,-,-,-,-,-,-,-,-,-,-,-,1,NEU,90-92,3/4,Normal,1,20,-,-,-,2,9,6,6,57,47,86,-,-,-,-,-,-,67,-,68,-,-,-,-,-,-,67,-,68,75,57,83,66,4,3,12,10,3,3,0,0,0,0,1,2,0,0,0,0,0,1,0,1.5,0.05,1,0.3,0.0,3.17,0,0,0.0,0.1,0,0,0,0,0,0,0,0.0,0,0,0,0,0,0,0,0,0,0,0,0,0,0,0,0,0,0,0,0,0,0.00,0,0,0,0,0,0.0,0.0,0.0,0.00,3,2,9,0,9,0,0,0,3.86,-0.4,.917,0,0,21.0,0,0,7,7,2,1,2,1,0,0,2,0,0.0,0.1
LF,Blainey Hall,Blainey,Hall,HickoryHoller JayBirds,5' 7',175 lbs,R,R,66,New York Lincoln Giants,NYLG,1917,2026,,84460,Bronze,Negro League Star  LF Blainey Hall  NYLG  1917,0,N,0,78,77,59,75,99,80,79,61,77,102,78,77,59,75,98,73,80,Normal,Spray,Pull,1,1,19,1,1,1,19,1,1,1,19,1,16,-,-,-,-,-,-,-,-,-,-,-,1,NEU,90-92,3/4,Normal,1,1,1,1,1,3,11,2,4,63,69,67,-,-,-,-,-,-,74,48,69,-,-,-,-,-,-,74,48,69,75,61,68,60,6,6,27,25,7,5,1,1,0,4,2,0,0,0,1,1,0,5,0,2.9,-0.18,2,-0.7,0.0,3.59,0,0,0.0,0.0,0,0,0,0,0,0,0,0.0,0,0,0,0,0,0,0,0,0,0,0,0,0,0,0,0,0,0,0,0,0,0.00,0,0,0,0,0,0.0,0.0,0.0,0.00,6,6,14,0,13,1,0,0,2.08,0.6,1.043,0,0,56.1,0,0,9,9,4,3,0,0,3,0,1,1,0.0,-0.0
LF,Dave Harris,Dave,Harris,The Colony Lynx,5' 11',170 lbs,R,R,67,Washington Senators,MIN,1930,1921-1945,,83649,Bronze,Snapshot  LF Dave Harris  WS1  1930,0,N,0,73,129,89,90,65,92,116,124,115,80,67,133,81,84,60,66,10,Line Drive,Normal,Normal,1,1,1,1,1,1,1,1,1,1,1,1,16,-,-,-,-,-,-,-,-,-,-,-,1,NEU,89-91,OTT,Normal,1,20,-,-,-,5,10,6,9,46,74,71,-,-,-,-,-,-,58,26,55,13,-,-,-,-,-,58,26,55,67,57,74,56,7,4,22,19,4,1,1,0,2,4,4,3,0,0,0,0,0,5,1,3.2,-0.05,3,1.3,0.2,4.09,0,0,0.0,0.0,0,0,0,0,0,0,0,0.0,0,0,0,0,0,0,0,0,0,0,0,0,0,0,0,0,0,0,0,0,0,0.00,0,0,0,0,0,0.0,0.0,0.0,0.00,0,0,0,0,0,0,0,0,0.00,0.0,.000,0,0,0.0,0,0,0,0,0,0,0,0,0,0,0,0,0.0,0.0
LF,Dave Harris,Dave,Harris,HILITE RECORDS,5' 11',170 lbs,R,R,67,Washington Senators,MIN,1930,1921-1945,,83649,Bronze,Snapshot  LF Dave Harris  WS1  1930,0,Y,5,80,139,97,98,71,100,125,134,124,87,73,143,88,91,66,66,10,Line Drive,Normal,Normal,1,1,1,1,1,1,1,1,1,1,1,1,16,-,-,-,-,-,-,-,-,-,-,-,1,NEU,89-91,OTT,Normal,1,20,-,-,-,5,10,6,9,46,74,71,-,-,-,-,-,-,62,28,59,15,-,-,-,-,-,62,28,59,67,57,74,56,3,2,8,8,1,0,0,0,1,1,1,0,0,0,0,0,0,4,0,0.5,-0.13,0,-0.3,-0.0,3.88,0,0,0.0,0.0,0,0,0,0,0,0,0,0.0,0,0,0,0,0,0,0,0,0,0,0,0,0,0,0,0,0,0,0,0,0,0.00,0,0,0,0,0,0.0,0.0,0.0,0.00,2,1,3,0,3,0,0,0,2.45,-0.1,1.038,0,0,11.0,0,0,3,3,0,0,1,0,0,0,0,0,0.0,-0.1
LF,Dave Harris,Dave,Harris,Black Dog,5' 11',170 lbs,R,R,67,Washington Senators,MIN,1930,1921-1945,,83649,Bronze,Snapshot  LF Dave Harris  WS1  1930,0,N,0,73,129,89,90,65,92,116,124,115,80,67,133,81,84,60,66,10,Line Drive,Normal,Normal,1,1,1,1,1,1,1,1,1,1,1,1,16,-,-,-,-,-,-,-,-,-,-,-,1,NEU,89-91,OTT,Normal,1,20,-,-,-,5,10,6,9,46,74,71,-,-,-,-,-,-,58,26,55,13,-,-,-,-,-,58,26,55,67,57,74,56,9,5,25,21,4,1,2,0,1,2,2,4,2,0,0,0,0,4,0,3.0,-0.11,2,-0.6,-0.0,3.20,0,0,0.0,0.1,0,0,0,0,0,0,0,0.0,0,0,0,0,0,0,0,0,0,0,0,0,0,0,0,0,0,0,0,0,0,0.00,0,0,0,0,0,0.0,0.0,0.0,0.00,6,5,14,1,13,0,0,0,2.89,-0.4,1.043,0,0,43.2,0,0,12,12,2,1,3,0,2,0,2,0,0.0,0.3
LF,Dave Harris,Dave,Harris,Seoul Hannams,5' 11',170 lbs,R,R,67,Washington Senators,MIN,1930,1921-1945,,83649,Bronze,Snapshot  LF Dave Harris  WS1  1930,0,Y,5,80,139,97,98,71,100,125,134,124,87,73,143,88,91,66,66,10,Line Drive,Normal,Normal,1,1,1,1,1,1,1,1,1,1,1,1,16,-,-,-,-,-,-,-,-,-,-,-,1,NEU,89-91,OTT,Normal,1,20,-,-,-,5,10,6,9,46,74,71,-,-,-,-,-,-,62,28,59,15,-,-,-,-,-,62,28,59,67,57,74,56,5,5,21,16,5,2,1,1,1,3,1,5,1,0,0,0,0,3,0,5.7,0.06,4,2.5,0.3,4.29,0,0,0.0,0.1,0,0,0,0,0,0,0,0.0,0,0,0,0,0,0,0,0,0,0,0,0,0,0,0,0,0,0,0,0,0,0.00,0,0,0,0,0,0.0,0.0,0.0,0.00,5,5,11,1,10,0,0,0,2.15,-0.6,.869,0,0,46.0,0,0,8,8,2,2,1,0,3,0,2,0,0.0,0.2
LF,Dave Harris,Dave,Harris,Newport News Dodgers_TTC,5' 11',170 lbs,R,R,67,Washington Senators,MIN,1930,1921-1945,,83649,Bronze,Snapshot  LF Dave Harris  WS1  1930,0,N,0,73,129,89,90,65,92,116,124,115,80,67,133,81,84,60,66,10,Line Drive,Normal,Normal,1,1,1,1,1,1,1,1,1,1,1,1,16,-,-,-,-,-,-,-,-,-,-,-,1,NEU,89-91,OTT,Normal,1,20,-,-,-,5,10,6,9,46,74,71,-,-,-,-,-,-,58,26,55,13,-,-,-,-,-,58,26,55,67,57,74,56,2,1,5,5,1,0,0,1,0,0,0,0,0,0,0,0,0,0,0,0.6,-0.04,0,0.1,0.0,3.40,0,0,0.0,-0.2,0,0,0,0,0,0,0,0.0,0,0,0,0,0,0,0,0,0,0,0,0,0,0,0,0,0,0,0,0,0,0.00,0,0,0,0,0,0.0,0.0,0.0,0.00,1,1,4,0,3,1,0,0,3.38,0.1,1.043,0,0,8.0,0,0,3,3,0,0,0,0,0,0,1,0,0.0,0.0
LF,Dave Harris,Dave,Harris,Deep 13 Mad Scientists,5' 11',170 lbs,R,R,67,Washington Senators,MIN,1930,1921-1945,,83649,Bronze,Snapshot  LF Dave Harris  WS1  1930,0,Y,5,80,139,97,98,71,100,125,134,124,87,73,143,88,91,66,66,10,Line Drive,Normal,Normal,1,1,1,1,1,1,1,1,1,1,1,1,16,-,-,-,-,-,-,-,-,-,-,-,1,NEU,89-91,OTT,Normal,1,20,-,-,-,5,10,6,9,46,74,71,-,-,-,-,-,-,62,28,59,15,-,-,-,-,-,62,28,59,67,57,74,56,2,2,8,5,0,0,0,0,0,0,2,3,0,0,0,0,0,1,0,0.3,-0.10,0,-0.3,0.0,4.75,0,0,0.0,0.3,0,0,0,0,0,0,0,0.0,0,0,0,0,0,0,0,0,0,0,0,0,0,0,0,0,0,0,0,0,0,0.00,0,0,0,0,0,0.0,0.0,0.0,0.00,2,2,8,1,7,0,0,0,4.24,-0.0,1.019,0,0,17.0,0,0,5,5,1,0,3,1,1,1,0,0,0.0,0.2
LF,Dave Harris,Dave,Harris,Cape Cod Sharks - HotL,5' 11',170 lbs,R,R,67,Washington Senators,MIN,1930,1921-1945,,83649,Bronze,Snapshot  LF Dave Harris  WS1  1930,0,Y,5,80,139,97,98,71,100,125,134,124,87,73,143,88,91,66,66,10,Line Drive,Normal,Normal,1,1,1,1,1,1,1,1,1,1,1,1,16,-,-,-,-,-,-,-,-,-,-,-,1,NEU,89-91,OTT,Normal,1,20,-,-,-,5,10,6,9,46,74,71,-,-,-,-,-,-,62,28,59,15,-,-,-,-,-,62,28,59,67,57,74,56,7,5,20,20,2,2,0,0,0,0,0,0,0,0,0,0,0,5,0,0.2,-0.45,-1,-3.4,-0.4,3.90,0,0,0.0,0.0,0,0,0,0,0,0,0,0.0,0,0,0,0,0,0,0,0,0,0,0,0,0,0,0,0,0,0,0,0,0,0.00,0,0,0,0,0,0.0,0.0,0.0,0.00,5,5,6,0,6,0,0,0,1.38,-0.4,1.031,0,0,39.0,0,0,6,6,1,0,1,0,1,0,2,0,0.0,-0.3
LF,Dave Harris,Dave,Harris,Allston Wolf Spiders,5' 11',170 lbs,R,R,67,Washington Senators,MIN,1930,1921-1945,,83649,Bronze,Snapshot  LF Dave Harris  WS1  1930,0,Y,5,80,139,97,98,71,100,125,134,124,87,73,143,88,91,66,66,10,Line Drive,Normal,Normal,1,1,1,1,1,1,1,1,1,1,1,1,16,-,-,-,-,-,-,-,-,-,-,-,1,NEU,89-91,OTT,Normal,1,20,-,-,-,5,10,6,9,46,74,71,-,-,-,-,-,-,62,28,59,15,-,-,-,-,-,62,28,59,67,57,74,56,6,6,24,19,5,2,2,0,1,3,4,5,0,0,0,0,0,5,0,4.2,0.05,4,2.1,0.2,3.96,0,1,-0.5,-0.0,0,0,0,0,0,0,0,0.0,0,0,0,0,0,0,0,0,0,0,0,0,0,0,0,0,0,0,0,0,0,0.00,0,0,0,0,0,0.0,0.0,0.0,0.00,2,2,8,0,8,0,0,0,4.08,0.5,1.043,0,0,17.2,0,0,7,7,0,0,0,0,1,1,0,0,0.0,0.0
LF,Dave Harris,Dave,Harris,Louisville Haymakers,5' 11',170 lbs,R,R,67,Washington Senators,MIN,1930,1921-1945,,83649,Bronze,Snapshot  LF Dave Harris  WS1  1930,0,N,0,73,129,89,90,65,92,116,124,115,80,67,133,81,84,60,66,10,Line Drive,Normal,Normal,1,1,1,1,1,1,1,1,1,1,1,1,16,-,-,-,-,-,-,-,-,-,-,-,1,NEU,89-91,OTT,Normal,1,20,-,-,-,5,10,6,9,46,74,71,-,-,-,-,-,-,58,26,55,13,-,-,-,-,-,58,26,55,67,57,74,56,7,6,26,23,4,3,1,0,0,2,3,3,0,0,0,0,0,5,0,1.6,-0.28,1,-1.5,-0.1,3.69,0,0,0.0,-0.1,0,0,0,0,0,0,0,0.0,0,0,0,0,0,0,0,0,0,0,0,0,0,0,0,0,0,0,0,0,0,0.00,0,0,0,0,0,0.0,0.0,0.0,0.00,6,6,14,0,14,0,0,0,2.42,0.4,1.043,0,0,52.0,0,0,12,12,2,1,0,0,3,1,0,0,0.0,-0.1
LF,Dave Harris,Dave,Harris,OKC Whirlwinds - PCK,5' 11',170 lbs,R,R,67,Washington Senators,MIN,1930,1921-1945,,83649,Bronze,Snapshot  LF Dave Harris  WS1  1930,0,N,0,73,129,89,90,65,92,116,124,115,80,67,133,81,84,60,66,10,Line Drive,Normal,Normal,1,1,1,1,1,1,1,1,1,1,1,1,16,-,-,-,-,-,-,-,-,-,-,-,1,NEU,89-91,OTT,Normal,1,20,-,-,-,5,10,6,9,46,74,71,-,-,-,-,-,-,58,26,55,13,-,-,-,-,-,58,26,55,67,57,74,56,13,4,26,21,4,3,0,1,0,0,3,5,0,0,0,0,0,4,1,2.2,-0.22,2,-0.1,-0.0,3.19,0,0,0.0,-0.0,0,0,0,0,0,0,0,0.0,0,0,0,0,0,0,0,0,0,0,0,0,0,0,0,0,0,0,0,0,0,0.00,0,0,0,0,0,0.0,0.0,0.0,0.00,7,4,4,0,4,0,0,0,0.96,-0.9,.835,0,0,37.1,0,0,3,3,2,0,2,0,2,1,4,0,0.0,0.3
LF,Dave Harris,Dave,Harris,Beachcrest Blue Hornets,5' 11',170 lbs,R,R,67,Washington Senators,MIN,1930,1921-1945,,83649,Bronze,Snapshot  LF Dave Harris  WS1  1930,0,N,0,73,129,89,90,65,92,116,124,115,80,67,133,81,84,60,66,10,Line Drive,Normal,Normal,1,1,1,1,1,1,1,1,1,1,1,1,16,-,-,-,-,-,-,-,-,-,-,-,1,NEU,89-91,OTT,Normal,1,20,-,-,-,5,10,6,9,46,74,71,-,-,-,-,-,-,58,26,55,13,-,-,-,-,-,58,26,55,67,57,74,56,4,4,14,14,4,4,0,0,0,1,1,0,0,0,0,0,0,4,0,1.1,0.08,1,-0.5,0.0,3.79,0,0,0.0,0.2,0,0,0,0,0,0,0,0.0,0,0,0,0,0,0,0,0,0,0,0,0,0,0,0,0,0,0,0,0,0,0.00,0,0,0,0,0,0.0,0.0,0.0,0.00,4,4,7,0,7,0,0,0,1.85,0.2,1.043,0,0,34.0,0,0,6,6,0,0,2,1,0,0,2,0,0.0,0.0
LF,Dave Harris,Dave,Harris,HickoryHoller JayBirds,5' 11',170 lbs,R,R,67,Washington Senators,MIN,1930,1921-1945,,83649,Bronze,Snapshot  LF Dave Harris  WS1  1930,0,N,0,73,129,89,90,65,92,116,124,115,80,67,133,81,84,60,66,10,Line Drive,Normal,Normal,1,1,1,1,1,1,1,1,1,1,1,1,16,-,-,-,-,-,-,-,-,-,-,-,1,NEU,89-91,OTT,Normal,1,20,-,-,-,5,10,6,9,46,74,71,-,-,-,-,-,-,58,26,55,13,-,-,-,-,-,58,26,55,67,57,74,56,3,2,11,11,4,4,0,0,0,0,0,0,0,0,0,0,0,2,0,1.5,-0.16,1,0.2,0.0,3.82,0,0,0.0,0.0,0,0,0,0,0,0,0,0.0,0,0,0,0,0,0,0,0,0,0,0,0,0,0,0,0,0,0,0,0,0,0.00,0,0,0,0,0,0.0,0.0,0.0,0.00,2,1,4,1,3,0,0,0,2.70,-0.3,1.035,0,0,13.1,0,0,2,2,3,1,0,0,0,0,0,0,0.0,0.1
LF,Dave Harris,Dave,Harris,Breslau Binturings - HotL,5' 11',170 lbs,R,R,67,Washington Senators,MIN,1930,1921-1945,,83649,Bronze,Snapshot  LF Dave Harris  WS1  1930,0,Y,5,80,139,97,98,71,100,125,134,124,87,73,143,88,91,66,66,10,Line Drive,Normal,Normal,1,1,1,1,1,1,1,1,1,1,1,1,16,-,-,-,-,-,-,-,-,-,-,-,1,NEU,89-91,OTT,Normal,1,20,-,-,-,5,10,6,9,46,74,71,-,-,-,-,-,-,62,28,59,15,-,-,-,-,-,62,28,59,67,57,74,56,8,5,25,19,7,4,1,0,2,5,5,5,2,0,0,1,0,2,0,7.3,0.34,5,2.8,0.2,3.76,0,0,0.0,-0.4,0,0,0,0,0,0,0,0.0,0,0,0,0,0,0,0,0,0,0,0,0,0,0,0,0,0,0,0,0,0,0.00,0,0,0,0,0,0.0,0.0,0.0,0.00,6,5,13,0,13,0,0,0,2.79,-0.7,.969,0,0,42.0,0,0,12,11,3,1,2,1,0,0,2,0,0.0,0.1
LF,Dave Harris,Dave,Harris,EVC's Let the Music Play Ball-TTC,5' 11',170 lbs,R,R,67,Washington Senators,MIN,1930,1921-1945,,83649,Bronze,Snapshot  LF Dave Harris  WS1  1930,0,N,0,73,129,89,90,65,92,116,124,115,80,67,133,81,84,60,66,10,Line Drive,Normal,Normal,1,1,1,1,1,1,1,1,1,1,1,1,16,-,-,-,-,-,-,-,-,-,-,-,1,NEU,89-91,OTT,Normal,1,20,-,-,-,5,10,6,9,46,74,71,-,-,-,-,-,-,58,26,55,13,-,-,-,-,-,58,26,55,67,57,74,56,11,7,34,30,8,5,1,0,2,5,4,2,0,1,1,0,0,6,0,5.3,0.27,5,1.3,0.1,3.59,0,0,0.0,0.2,0,0,0,0,0,0,0,0.0,0,0,0,0,0,0,0,0,0,0,0,0,0,0,0,0,0,0,0,0,0,0.00,0,0,0,0,0,0.0,0.0,0.0,0.00,8,7,14,1,13,0,0,0,2.07,-1.3,.882,0,0,61.0,0,0,10,9,6,3,3,1,0,0,3,0,0.0,0.1
LF,Dave Harris,Dave,Harris,Smyrna Stooges,5' 11',170 lbs,R,R,67,Washington Senators,MIN,1930,1921-1945,,83649,Bronze,Snapshot  LF Dave Harris  WS1  1930,0,N,0,73,129,89,90,65,92,116,124,115,80,67,133,81,84,60,66,10,Line Drive,Normal,Normal,1,1,1,1,1,1,1,1,1,1,1,1,16,-,-,-,-,-,-,-,-,-,-,-,1,NEU,89-91,OTT,Normal,1,20,-,-,-,5,10,6,9,46,74,71,-,-,-,-,-,-,58,26,55,13,-,-,-,-,-,58,26,55,67,57,74,56,3,2,8,8,1,1,0,0,0,0,0,0,0,0,0,0,0,0,0,0.1,-0.05,0,-1.2,-0.1,3.50,0,0,0.0,0.3,0,0,0,0,0,0,0,0.0,0,0,0,0,0,0,0,0,0,0,0,0,0,0,0,0,0,0,0,0,0,0.00,0,0,0,0,0,0.0,0.0,0.0,0.00,0,0,0,0,0,0,0,0,0.00,0.0,.000,0,0,0.0,0,0,0,0,0,0,0,0,0,0,0,0,0.0,0.0
LF,Dave Harris,Dave,Harris,Ware Wolves2,5' 11',170 lbs,R,R,67,Washington Senators,MIN,1930,1921-1945,,83649,Bronze,Snapshot  LF Dave Harris  WS1  1930,0,N,0,73,129,89,90,65,92,116,124,115,80,67,133,81,84,60,66,10,Line Drive,Normal,Normal,1,1,1,1,1,1,1,1,1,1,1,1,16,-,-,-,-,-,-,-,-,-,-,-,1,NEU,89-91,OTT,Normal,1,20,-,-,-,5,10,6,9,46,74,71,-,-,-,-,-,-,58,26,55,13,-,-,-,-,-,58,26,55,67,57,74,56,14,12,56,46,9,5,0,0,4,7,9,9,0,0,0,1,0,8,0,7.7,0.09,8,1.6,0.2,3.98,0,0,0.0,-0.8,0,0,0,0,0,0,0,0.0,0,0,0,0,0,0,0,0,0,0,0,0,0,0,0,0,0,0,0,0,0,0.00,0,0,0,0,0,0.0,0.0,0.0,0.00,11,10,25,1,23,1,0,0,2.25,-0.1,.958,0,0,96.0,0,0,17,16,7,5,3,2,0,0,0,0,0.0,0.2
LF,Dave Harris,Dave,Harris,Deadwood Punch and Judys TTC,5' 11',170 lbs,R,R,67,Washington Senators,MIN,1930,1921-1945,,83649,Bronze,Snapshot  LF Dave Harris  WS1  1930,0,N,0,73,129,89,90,65,92,116,124,115,80,67,133,81,84,60,66,10,Line Drive,Normal,Normal,1,1,1,1,1,1,1,1,1,1,1,1,16,-,-,-,-,-,-,-,-,-,-,-,1,NEU,89-91,OTT,Normal,1,20,-,-,-,5,10,6,9,46,74,71,-,-,-,-,-,-,58,26,55,13,-,-,-,-,-,58,26,55,67,57,74,56,17,10,51,48,11,6,5,0,0,3,3,2,0,0,1,0,0,5,0,4.3,-0.03,4,-1.9,-0.2,3.51,0,0,0.0,-0.9,0,0,0,0,0,0,0,0.0,0,0,0,0,0,0,0,0,0,0,0,0,0,0,0,0,0,0,0,0,0,0.00,0,0,0,0,0,0.0,0.0,0.0,0.00,12,10,27,0,26,1,0,0,2.69,-0.5,.985,0,0,87.0,0,0,23,23,4,2,2,1,4,0,3,0,0.0,-0.1
LF,Dave Harris,Dave,Harris,Altamonte Ryno's,5' 11',170 lbs,R,R,67,Washington Senators,MIN,1930,1921-1945,,83649,Bronze,Snapshot  LF Dave Harris  WS1  1930,0,N,0,73,129,89,90,65,92,116,124,115,80,67,133,81,84,60,66,10,Line Drive,Normal,Normal,1,1,1,1,1,1,1,1,1,1,1,1,16,-,-,-,-,-,-,-,-,-,-,-,1,NEU,89-91,OTT,Normal,1,20,-,-,-,5,10,6,9,46,74,71,-,-,-,-,-,-,58,26,55,13,-,-,-,-,-,58,26,55,67,57,74,56,3,3,12,12,2,1,0,0,1,1,1,0,0,0,0,0,0,3,0,0.8,-0.18,0,-0.6,0.0,4.00,0,0,0.0,0.0,0,0,0,0,0,0,0,0.0,0,0,0,0,0,0,0,0,0,0,0,0,0,0,0,0,0,0,0,0,0,0.00,0,0,0,0,0,0.0,0.0,0.0,0.00,3,3,9,0,8,1,0,0,2.88,0.5,.927,0,0,25.0,0,0,4,4,2,1,1,1,1,1,3,1,0.0,0.0
LF,Dave Harris,Dave,Harris,PNW Wild Stallions,5' 11',170 lbs,R,R,67,Washington Senators,MIN,1930,1921-1945,,83649,Bronze,Snapshot  LF Dave Harris  WS1  1930,0,N,0,73,129,89,90,65,92,116,124,115,80,67,133,81,84,60,66,10,Line Drive,Normal,Normal,1,1,1,1,1,1,1,1,1,1,1,1,16,-,-,-,-,-,-,-,-,-,-,-,1,NEU,89-91,OTT,Normal,1,20,-,-,-,5,10,6,9,46,74,71,-,-,-,-,-,-,58,26,55,13,-,-,-,-,-,58,26,55,67,57,74,56,3,3,13,12,6,2,2,0,2,3,4,1,0,0,0,0,0,1,0,7.7,0.45,5,4.1,0.4,3.85,0,0,0.0,-0.1,0,0,0,0,0,0,0,0.0,0,0,0,0,0,0,0,0,0,0,0,0,0,0,0,0,0,0,0,0,0,0.00,0,0,0,0,0,0.0,0.0,0.0,0.00,3,3,7,0,7,0,0,0,2.42,-0.5,.913,0,0,26.0,0,0,6,6,2,1,1,0,1,0,0,0,0.0,0.0
LF,Dave Harris,Dave,Harris,White Rabbitt,5' 11',170 lbs,R,R,67,Washington Senators,MIN,1930,1921-1945,,83649,Bronze,Snapshot  LF Dave Harris  WS1  1930,0,Y,5,80,139,97,98,71,100,125,134,124,87,73,143,88,91,66,66,10,Line Drive,Normal,Normal,1,1,1,1,1,1,1,1,1,1,1,1,16,-,-,-,-,-,-,-,-,-,-,-,1,NEU,89-91,OTT,Normal,1,20,-,-,-,5,10,6,9,46,74,71,-,-,-,-,-,-,62,28,59,15,-,-,-,-,-,62,28,59,67,57,74,56,11,7,37,35,7,5,1,0,1,3,6,1,0,0,0,1,0,7,1,2.2,-0.28,2,-2.2,-0.1,3.65,0,0,0.0,-0.4,0,0,0,0,0,0,0,0.0,0,0,0,0,0,0,0,0,0,0,0,0,0,0,0,0,0,0,0,0,0,0.00,0,0,0,0,0,0.0,0.0,0.0,0.00,7,7,19,0,19,0,0,0,2.48,0.0,.985,0,0,69.0,0,0,16,15,2,2,3,1,2,1,2,0,0.0,0.3
LF,Dave Harris,Dave,Harris,Hancocks and Sidekicks TTC,5' 11',170 lbs,R,R,67,Washington Senators,MIN,1930,1921-1945,,83649,Bronze,Snapshot  LF Dave Harris  WS1  1930,0,N,0,73,129,89,90,65,92,116,124,115,80,67,133,81,84,60,66,10,Line Drive,Normal,Normal,1,1,1,1,1,1,1,1,1,1,1,1,16,-,-,-,-,-,-,-,-,-,-,-,1,NEU,89-91,OTT,Normal,1,20,-,-,-,5,10,6,9,46,74,71,-,-,-,-,-,-,58,26,55,13,-,-,-,-,-,58,26,55,67,57,74,56,24,20,88,77,17,11,1,2,3,8,13,10,1,1,0,0,0,9,1,10.5,-0.05,11,0.6,0.3,3.60,1,0,0.3,-0.4,0,0,0,0,0,0,0,0.0,0,0,0,0,0,0,0,0,0,0,0,0,0,0,0,0,0,0,0,0,0,0.00,0,0,0,0,0,0.0,0.0,0.0,0.00,23,20,50,0,48,2,0,0,2.40,0.2,1.019,0,0,180.0,0,0,43,42,8,6,3,0,1,0,5,0,0.0,-0.2
LF,Dave Harris,Dave,Harris,New Platson Grand Petites HotL,5' 11',170 lbs,R,R,67,Washington Senators,MIN,1930,1921-1945,,83649,Bronze,Snapshot  LF Dave Harris  WS1  1930,0,Y,5,80,139,97,98,71,100,125,134,124,87,73,143,88,91,66,66,10,Line Drive,Normal,Normal,1,1,1,1,1,1,1,1,1,1,1,1,16,-,-,-,-,-,-,-,-,-,-,-,1,NEU,89-91,OTT,Normal,1,20,-,-,-,5,10,6,9,46,74,71,-,-,-,-,-,-,62,28,59,15,-,-,-,-,-,62,28,59,67,57,74,56,4,2,13,11,3,1,1,1,0,2,3,1,0,0,0,1,0,3,0,2.1,-0.09,1,0.4,0.0,4.08,0,0,0.0,-0.2,0,0,0,0,0,0,0,0.0,0,0,0,0,0,0,0,0,0,0,0,0,0,0,0,0,0,0,0,0,0,0.00,0,0,0,0,0,0.0,0.0,0.0,0.00,4,2,7,0,7,0,0,0,2.86,-0.3,1.019,0,0,22.0,0,0,8,7,0,0,0,0,1,0,0,0,0.0,-0.2
LF,Dave Harris,Dave,Harris,Daegu Lions,5' 11',170 lbs,R,R,67,Washington Senators,MIN,1930,1921-1945,,83649,Bronze,Snapshot  LF Dave Harris  WS1  1930,0,Y,5,80,139,97,98,71,100,125,134,124,87,73,143,88,91,66,66,10,Line Drive,Normal,Normal,1,1,1,1,1,1,1,1,1,1,1,1,16,-,-,-,-,-,-,-,-,-,-,-,1,NEU,89-91,OTT,Normal,1,20,-,-,-,5,10,6,9,46,74,71,-,-,-,-,-,-,62,28,59,15,-,-,-,-,-,62,28,59,67,57,74,56,14,10,39,34,8,6,0,0,2,7,4,5,1,0,0,0,0,9,0,5.0,0.88,4,0.3,0.1,3.72,0,0,0.0,0.1,0,0,0,0,0,0,0,0.0,0,0,0,0,0,0,0,0,0,0,0,0,0,0,0,0,0,0,0,0,0,0.00,0,0,0,0,0,0.0,0.0,0.0,0.00,10,9,15,2,11,2,0,0,1.74,-0.4,.952,0,0,67.1,0,0,9,9,3,2,1,0,2,0,3,0,0.0,0.4
LF,Dave Harris,Dave,Harris,BAGgin' Dingers TTC,5' 11',170 lbs,R,R,67,Washington Senators,MIN,1930,1921-1945,,83649,Bronze,Snapshot  LF Dave Harris  WS1  1930,0,Y,5,80,139,97,98,71,100,125,134,124,87,73,143,88,91,66,66,10,Line Drive,Normal,Normal,1,1,1,1,1,1,1,1,1,1,1,1,16,-,-,-,-,-,-,-,-,-,-,-,1,NEU,89-91,OTT,Normal,1,20,-,-,-,5,10,6,9,46,74,71,-,-,-,-,-,-,62,28,59,15,-,-,-,-,-,62,28,59,67,57,74,56,15,15,55,51,13,7,0,1,5,8,8,4,0,0,0,0,0,10,0,9.6,-0.02,9,3.4,0.4,3.85,0,0,0.0,0.0,0,0,0,0,0,0,0,0.0,0,0,0,0,0,0,0,0,0,0,0,0,0,0,0,0,0,0,0,0,0,0.00,0,0,0,0,0,0.0,0.0,0.0,0.00,15,15,31,0,30,1,0,0,2.29,-0.4,1.009,0,0,117.2,0,0,27,25,4,3,4,2,3,0,6,0,0.0,0.1
LF,Dave Harris,Dave,Harris,Canterbury Tails,5' 11',170 lbs,R,R,67,Washington Senators,MIN,1930,1921-1945,,83649,Bronze,Snapshot  LF Dave Harris  WS1  1930,0,N,0,73,129,89,90,65,92,116,124,115,80,67,133,81,84,60,66,10,Line Drive,Normal,Normal,1,1,1,1,1,1,1,1,1,1,1,1,16,-,-,-,-,-,-,-,-,-,-,-,1,NEU,89-91,OTT,Normal,1,20,-,-,-,5,10,6,9,46,74,71,-,-,-,-,-,-,58,26,55,13,-,-,-,-,-,58,26,55,67,57,74,56,5,4,18,15,4,1,3,0,0,3,1,2,0,0,1,0,0,5,0,2.7,0.32,2,0.5,0.1,3.89,0,0,0.0,0.1,0,0,0,0,0,0,0,0.0,0,0,0,0,0,0,0,0,0,0,0,0,0,0,0,0,0,0,0,0,0,0.00,0,0,0,0,0,0.0,0.0,0.0,0.00,3,2,4,0,4,0,0,0,1.83,0.2,1.019,0,0,19.2,0,0,3,3,0,0,1,1,0,0,1,0,0.0,-0.0
LF,Dave Harris,Dave,Harris,King Street 504s,5' 11',170 lbs,R,R,67,Washington Senators,MIN,1930,1921-1945,,83649,Bronze,Snapshot  LF Dave Harris  WS1  1930,0,Y,5,80,139,97,98,71,100,125,134,124,87,73,143,88,91,66,66,10,Line Drive,Normal,Normal,1,1,1,1,1,1,1,1,1,1,1,1,16,-,-,-,-,-,-,-,-,-,-,-,1,NEU,89-91,OTT,Normal,1,20,-,-,-,5,10,6,9,46,74,71,-,-,-,-,-,-,62,28,59,15,-,-,-,-,-,62,28,59,67,57,74,56,3,2,9,7,1,1,0,0,0,0,1,2,0,0,0,0,0,4,0,0.5,-0.18,0,-0.4,-0.1,5.22,0,0,0.0,-0.6,0,0,0,0,0,0,0,0.0,0,0,0,0,0,0,0,0,0,0,0,0,0,0,0,0,0,0,0,0,0,0.00,0,0,0,0,0,0.0,0.0,0.0,0.00,2,2,5,0,5,0,0,0,2.50,0.1,1.019,0,0,18.0,0,0,5,5,0,0,0,0,0,0,1,0,0.0,-0.2
LF,Dave Harris,Dave,Harris,Out of Left Field,5' 11',170 lbs,R,R,67,Washington Senators,MIN,1930,1921-1945,,83649,Bronze,Snapshot  LF Dave Harris  WS1  1930,0,N,0,73,129,89,90,65,92,116,124,115,80,67,133,81,84,60,66,10,Line Drive,Normal,Normal,1,1,1,1,1,1,1,1,1,1,1,1,16,-,-,-,-,-,-,-,-,-,-,-,1,NEU,89-91,OTT,Normal,1,20,-,-,-,5,10,6,9,46,74,71,-,-,-,-,-,-,58,26,55,13,-,-,-,-,-,58,26,55,67,57,74,56,10,5,27,23,5,3,1,0,1,3,1,3,0,1,0,0,0,7,0,3.3,-0.15,3,0.5,0.1,3.93,0,0,0.0,-0.0,0,0,0,0,0,0,0,0.0,0,0,0,0,0,0,0,0,0,0,0,0,0,0,0,0,0,0,0,0,0,0.00,0,0,0,0,0,0.0,0.0,0.0,0.00,5,5,9,0,9,0,0,0,1.93,-0.1,1.043,0,0,42.0,0,0,7,7,3,2,1,0,1,0,3,0,0.0,-0.3
LF,Dave Harris,Dave,Harris,Tegridy Farms Weed,5' 11',170 lbs,R,R,67,Washington Senators,MIN,1930,1921-1945,,83649,Bronze,Snapshot  LF Dave Harris  WS1  1930,0,N,0,73,129,89,90,65,92,116,124,115,80,67,133,81,84,60,66,10,Line Drive,Normal,Normal,1,1,1,1,1,1,1,1,1,1,1,1,16,-,-,-,-,-,-,-,-,-,-,-,1,NEU,89-91,OTT,Normal,1,20,-,-,-,5,10,6,9,46,74,71,-,-,-,-,-,-,58,26,55,13,-,-,-,-,-,58,26,55,67,57,74,56,8,6,23,22,4,2,1,0,1,1,2,1,1,0,0,0,0,4,0,1.7,-0.11,1,-1.5,-0.2,3.96,0,0,0.0,0.5,0,0,0,0,0,0,0,0.0,0,0,0,0,0,0,0,0,0,0,0,0,0,0,0,0,0,0,0,0,0,0.00,0,0,0,0,0,0.0,0.0,0.0,0.00,7,6,10,0,10,0,0,0,1.76,-1.4,.859,0,0,51.0,0,0,9,9,3,1,3,0,1,0,1,0,0.0,-0.2
LF,Dave Harris,Dave,Harris,Narragansett Wave,5' 11',170 lbs,R,R,67,Washington Senators,MIN,1930,1921-1945,,83649,Bronze,Snapshot  LF Dave Harris  WS1  1930,0,N,0,73,129,89,90,65,92,116,124,115,80,67,133,81,84,60,66,10,Line Drive,Normal,Normal,1,1,1,1,1,1,1,1,1,1,1,1,16,-,-,-,-,-,-,-,-,-,-,-,1,NEU,89-91,OTT,Normal,1,20,-,-,-,5,10,6,9,46,74,71,-,-,-,-,-,-,58,26,55,13,-,-,-,-,-,58,26,55,67,57,74,56,6,6,24,22,5,4,1,0,0,3,2,2,0,0,0,0,0,4,1,1.6,-0.22,1,-0.8,0.0,4.12,0,0,0.0,0.0,0,0,0,0,0,0,0,0.0,0,0,0,0,0,0,0,0,0,0,0,0,0,0,0,0,0,0,0,0,0,0.00,0,0,0,0,0,0.0,0.0,0.0,0.00,6,6,11,0,10,1,0,0,1.73,0.4,1.043,0,0,52.0,0,0,8,8,2,2,0,0,1,0,0,0,0.0,0.1
LF,Milton Lewis,Milton,Lewis,Allston Wolf Spiders,6' 0',200 lbs,L,R,67,Wilmington Potomacs,WiPo,1925,1921-1945,,84480,Bronze,Negro League Star  2B Milton Lewis  WiPo  1925,0,N,0,28,88,111,80,78,28,87,104,79,75,29,89,114,81,80,46,37,Flyball,Pull,Spray,13,32,34,17,13,32,34,18,13,32,35,17,36,-,36,-,-,-,-,-,-,-,-,-,2,EX FB,91-93,3/4,Normal,24,3,1,1,1,75,67,46,81,75,62,62,-,-,82,82,58,-,84,63,77,123,-,82,82,58,-,84,63,77,33,8,6,31,6,5,18,17,2,1,0,0,1,2,1,1,0,0,0,0,0,7,0,0.9,0.17,0,-1.5,-0.1,4.33,0,0,0.0,0.0,0,0,0,0,0,0,0,0.0,0,0,0,0,0,0,0,0,0,0,0,0,0,0,0,0,0,0,0,0,0,0.00,0,0,0,0,0,0.0,0.0,0.0,0.00,6,5,10,1,9,0,0,0,1.93,0.5,1.048,0,0,46.2,0,0,7,7,3,3,1,0,0,0,0,0,0.0,-0.1
LF,Cliff Mapes,Cliff,Mapes,DongTan Milky,6' 3',205 lbs,L,R,68,New York Yankees,NYY,1949,1946-1960,,84367,Bronze,Rookie Sensation  CF Cliff Mapes  NYY  1949,0,N,0,55,76,78,105,73,52,64,68,97,69,57,81,81,108,75,53,4,Normal,Spray,Spray,1,1,1,3,1,1,1,3,1,1,1,3,16,17,17,-,-,-,-,-,-,-,-,-,3,NEU,90-92,3/4,Normal,1,17,-,-,-,6,8,9,2,72,44,110,-,-,-,-,-,-,87,65,94,11,-,-,-,-,-,87,65,94,69,53,67,90,4,4,14,11,1,1,0,0,0,1,1,1,1,0,1,1,0,2,0,0.3,-0.20,-1,-2.7,-0.2,3.64,0,0,0.0,0.3,0,0,0,0,0,0,0,0.0,0,0,0,0,0,0,0,0,0,0,0,0,0,0,0,0,0,0,0,0,0,0.00,0,0,0,0,0,0.0,0.0,0.0,0.00,4,4,11,0,11,0,0,0,2.86,0.5,1.043,0,0,34.2,0,0,7,7,2,2,4,2,1,0,2,0,0.0,0.0
LF,Ed Morgan,Ed,Morgan,Black Dog,6' 0',180 lbs,R,R,66,Cleveland Guardians,CLE,1929,1921-1945,BBR,85943,Bronze,July Jewels - Baseball Reference 4  RF Ed Morgan  CLE  1929,0,N,0,132,121,37,122,88,141,150,50,118,86,129,112,33,124,89,56,44,Line Drive,Spray,Spray,1,1,1,1,1,1,1,1,1,1,1,1,16,-,-,-,-,-,-,-,-,-,-,-,1,NEU,91-93,3/4,Normal,1,2,-,-,-,3,1,2,9,50,54,66,-,-,-,-,-,-,56,-,52,-,-,-,-,-,-,56,-,52,69,56,45,66,11,11,54,50,15,9,5,1,0,6,4,3,0,0,0,1,0,12,0,7.8,0.00,7,1.3,0.1,4.04,0,0,0.0,-0.1,0,0,0,0,0,0,0,0.0,0,0,0,0,0,0,0,0,0,0,0,0,0,0,0,0,0,0,0,0,0,0.00,0,0,0,0,0,0.0,0.0,0.0,0.00,6,6,13,0,13,0,0,0,2.21,-0.7,.969,0,0,53.0,0,0,13,13,1,0,2,0,2,0,1,0,0.0,-0.2
LF,Ed Morgan,Ed,Morgan,Madison Moundsmen,6' 0',180 lbs,R,R,66,Cleveland Guardians,CLE,1929,1921-1945,BBR,85943,Bronze,July Jewels - Baseball Reference 4  RF Ed Morgan  CLE  1929,0,Y,5,142,131,41,132,96,152,161,55,127,93,139,121,37,134,97,56,44,Line Drive,Spray,Spray,1,1,1,1,1,1,1,1,1,1,1,1,16,-,-,-,-,-,-,-,-,-,-,-,1,NEU,91-93,3/4,Normal,1,2,-,-,-,3,1,2,9,50,54,66,-,-,-,-,-,-,61,-,57,-,-,-,-,-,-,61,-,57,69,56,45,66,11,11,48,41,14,8,6,0,0,7,10,7,1,0,0,0,0,10,0,9.0,0.78,9,3.5,0.3,3.88,0,1,-0.5,-0.3,0,0,0,0,0,0,0,0.0,0,0,0,0,0,0,0,0,0,0,0,0,0,0,0,0,0,0,0,0,0,0.00,0,0,0,0,0,0.0,0.0,0.0,0.00,5,5,5,0,5,0,0,0,1.02,0.1,1.043,0,0,44.0,0,0,5,5,0,0,0,0,1,0,0,0,0.0,-0.2
LF,Ed Morgan,Ed,Morgan,Out of Left Field,6' 0',180 lbs,R,R,66,Cleveland Guardians,CLE,1929,1921-1945,BBR,85943,Bronze,July Jewels - Baseball Reference 4  RF Ed Morgan  CLE  1929,0,N,0,132,121,37,122,88,141,150,50,118,86,129,112,33,124,89,56,44,Line Drive,Spray,Spray,1,1,1,1,1,1,1,1,1,1,1,1,16,-,-,-,-,-,-,-,-,-,-,-,1,NEU,91-93,3/4,Normal,1,2,-,-,-,3,1,2,9,50,54,66,-,-,-,-,-,-,56,-,52,-,-,-,-,-,-,56,-,52,69,56,45,66,25,25,117,103,24,19,4,1,0,9,10,13,0,1,0,0,0,17,1,10.6,0.59,12,-1.7,0.1,3.85,0,0,0.0,-0.9,0,0,0,0,0,0,0,0.0,0,0,0,0,0,0,0,0,0,0,0,0,0,0,0,0,0,0,0,0,0,0.00,0,0,0,0,0,0.0,0.0,0.0,0.00,20,20,46,0,45,1,0,0,2.34,1.7,1.043,0,0,173.1,0,0,35,35,6,5,7,4,5,0,5,1,0.0,-0.8
LF,Lou Novikoff,Lou,Novikoff,Energy Efficiency,5' 10',185 lbs,R,R,63,Chicago Cubs,CHC,1942,1921-1945,,83580,Bronze,Snapshot  LF Lou Novikoff  CHC  1942,0,N,0,79,73,78,49,111,71,67,75,63,116,82,76,79,44,110,31,5,Normal,Spray,Spray,1,1,1,4,1,1,1,4,1,1,1,4,16,-,-,-,-,-,-,-,-,-,-,-,1,NEU,90-92,OTT,Normal,1,25,-,-,-,1,8,3,5,41,40,66,-,-,-,-,-,-,44,-,-,-,-,-,-,-,-,44,-,-,48,35,58,45,4,2,17,17,4,2,1,1,0,0,1,0,0,0,0,0,0,1,0,1.6,-0.45,1,-0.4,-0.0,2.71,0,0,0.0,-0.6,0,0,0,0,0,0,0,0.0,0,0,0,0,0,0,0,0,0,0,0,0,0,0,0,0,0,0,0,0,0,0.00,0,0,0,0,0,0.0,0.0,0.0,0.00,4,2,6,0,6,0,0,0,1.46,0.2,1.043,0,0,37.0,0,0,6,6,0,0,0,0,0,0,0,0,0.0,0.0
LF,Marv Rackley,Marv,Rackley,Newport News Dodgers_TTC,5' 10',170 lbs,L,L,65,Brooklyn Dodgers,LAD,1948,1946-1960,,84887,Bronze,Celebrating 42 - Rookie Sensation  LF Marv Rackley  BRO  1948,0,N,0,124,91,4,53,99,107,40,2,39,69,130,104,5,58,114,44,2,Groundball,Normal,Normal,1,1,1,2,1,1,1,2,1,1,1,2,16,17,17,-,-,-,-,-,-,-,-,-,3,NEU,90-92,OTT,Normal,1,25,-,-,-,9,7,4,2,69,58,55,-,-,-,-,-,-,75,52,67,13,-,-,-,-,-,75,52,67,72,67,89,75,6,6,26,23,4,3,1,0,0,2,2,2,0,0,0,1,0,3,0,1.4,0.08,1,-2.0,-0.1,4.46,0,0,0.0,-1.1,0,0,0,0,0,0,0,0.0,0,0,0,0,0,0,0,0,0,0,0,0,0,0,0,0,0,0,0,0,0,0.00,0,0,0,0,0,0.0,0.0,0.0,0.00,6,6,24,1,23,0,0,0,3.86,1.8,1.043,0,0,56.0,0,0,14,14,7,7,1,1,1,1,4,0,0.0,0.2
LF,Marv Rackley,Marv,Rackley,OKC Whirlwinds - PCK,5' 10',170 lbs,L,L,65,Brooklyn Dodgers,LAD,1948,1946-1960,,84887,Bronze,Celebrating 42 - Rookie Sensation  LF Marv Rackley  BRO  1948,0,N,0,124,91,4,53,99,107,40,2,39,69,130,104,5,58,114,44,2,Groundball,Normal,Normal,1,1,1,2,1,1,1,2,1,1,1,2,16,17,17,-,-,-,-,-,-,-,-,-,3,NEU,90-92,OTT,Normal,1,25,-,-,-,9,7,4,2,69,58,55,-,-,-,-,-,-,75,52,67,13,-,-,-,-,-,75,52,67,72,67,89,75,19,16,70,64,13,11,1,1,0,7,8,5,0,0,1,0,0,13,0,4.6,-0.49,4,-4.1,-0.3,3.63,0,0,0.0,0.2,0,0,0,0,0,0,0,0.0,0,0,0,0,0,0,0,0,0,0,0,0,0,0,0,0,0,0,0,0,0,0.00,0,0,0,0,0,0.0,0.0,0.0,0.00,3,1,1,0,0,1,0,0,0.00,-0.1,.000,0,0,8.1,0,0,0,0,0,0,0,0,1,0,0,0,0.0,0.0
LF,Marv Rackley,Marv,Rackley,London Majors,5' 10',170 lbs,L,L,65,Brooklyn Dodgers,LAD,1948,1946-1960,,84887,Bronze,Celebrating 42 - Rookie Sensation  LF Marv Rackley  BRO  1948,0,N,0,124,91,4,53,99,107,40,2,39,69,130,104,5,58,114,44,2,Groundball,Normal,Normal,1,1,1,2,1,1,1,2,1,1,1,2,16,17,17,-,-,-,-,-,-,-,-,-,3,NEU,90-92,OTT,Normal,1,25,-,-,-,9,7,4,2,69,58,55,-,-,-,-,-,-,75,52,67,13,-,-,-,-,-,75,52,67,72,67,89,75,16,14,62,55,20,14,5,1,0,8,5,5,1,1,1,0,0,3,1,11.8,1.05,11,4.1,0.6,3.23,1,0,0.3,0.6,0,0,0,0,0,0,0,0.0,0,0,0,0,0,0,0,0,0,0,0,0,0,0,0,0,0,0,0,0,0,0.00,0,0,0,0,0,0.0,0.0,0.0,0.00,16,14,31,0,31,0,0,0,2.16,-0.8,1.008,0,0,129.0,0,0,26,26,5,4,8,1,6,0,4,0,0.0,0.2
LF,Marv Rackley,Marv,Rackley,Groundball Defenders,5' 10',170 lbs,L,L,65,Brooklyn Dodgers,LAD,1948,1946-1960,,84887,Bronze,Celebrating 42 - Rookie Sensation  LF Marv Rackley  BRO  1948,0,N,0,124,91,4,53,99,107,40,2,39,69,130,104,5,58,114,44,2,Groundball,Normal,Normal,1,1,1,2,1,1,1,2,1,1,1,2,16,17,17,-,-,-,-,-,-,-,-,-,3,NEU,90-92,OTT,Normal,1,25,-,-,-,9,7,4,2,69,58,55,-,-,-,-,-,-,75,52,67,13,-,-,-,-,-,75,52,67,72,67,89,75,12,9,42,37,11,6,2,3,0,8,3,2,0,0,1,2,0,5,0,6.5,-0.23,6,1.1,0.3,3.57,0,0,0.0,-0.0,0,0,0,0,0,0,0,0.0,0,0,0,0,0,0,0,0,0,0,0,0,0,0,0,0,0,0,0,0,0,0.00,0,0,0,0,0,0.0,0.0,0.0,0.00,11,9,23,0,23,0,0,0,2.56,0.6,1.043,0,0,81.0,0,0,20,20,2,2,2,1,3,0,1,0,0.0,-0.1
LF,Marv Rackley,Marv,Rackley,Ethiopia Pink Elephants,5' 10',170 lbs,L,L,65,Brooklyn Dodgers,LAD,1948,1946-1960,,84887,Bronze,Celebrating 42 - Rookie Sensation  LF Marv Rackley  BRO  1948,0,N,0,124,91,4,53,99,107,40,2,39,69,130,104,5,58,114,44,2,Groundball,Normal,Normal,1,1,1,2,1,1,1,2,1,1,1,2,16,17,17,-,-,-,-,-,-,-,-,-,3,NEU,90-92,OTT,Normal,1,25,-,-,-,9,7,4,2,69,58,55,-,-,-,-,-,-,75,52,67,13,-,-,-,-,-,75,52,67,72,67,89,75,5,5,23,22,6,4,0,2,0,3,3,1,0,0,0,0,0,3,0,3.1,0.57,3,0.4,0.1,4.00,0,0,0.0,0.4,0,0,0,0,0,0,0,0.0,0,0,0,0,0,0,0,0,0,0,0,0,0,0,0,0,0,0,0,0,0,0.00,0,0,0,0,0,0.0,0.0,0.0,0.00,5,5,15,1,13,1,0,0,2.93,-0.1,1.043,0,0,43.0,0,0,12,11,2,1,1,1,2,0,3,0,0.0,-0.0
LF,Marv Rackley,Marv,Rackley,The Spacehog,5' 10',170 lbs,L,L,65,Brooklyn Dodgers,LAD,1948,1946-1960,,84887,Bronze,Celebrating 42 - Rookie Sensation  LF Marv Rackley  BRO  1948,0,N,0,124,91,4,53,99,107,40,2,39,69,130,104,5,58,114,44,2,Groundball,Normal,Normal,1,1,1,2,1,1,1,2,1,1,1,2,16,17,17,-,-,-,-,-,-,-,-,-,3,NEU,90-92,OTT,Normal,1,25,-,-,-,9,7,4,2,69,58,55,-,-,-,-,-,-,75,52,67,13,-,-,-,-,-,75,52,67,72,67,89,75,2,1,5,4,0,0,0,0,0,2,1,0,0,0,0,1,0,0,0,0.0,0.00,0,-1.2,-0.1,2.80,0,0,0.0,-0.0,0,0,0,0,0,0,0,0.0,0,0,0,0,0,0,0,0,0,0,0,0,0,0,0,0,0,0,0,0,0,0.00,0,0,0,0,0,0.0,0.0,0.0,0.00,1,1,1,0,1,0,0,0,1.12,0.1,1.043,0,0,8.0,0,0,0,0,1,1,0,0,0,0,0,0,0.0,0.0
LF,Marv Rackley,Marv,Rackley,Michigan Black Bears,5' 10',170 lbs,L,L,65,Brooklyn Dodgers,LAD,1948,1946-1960,,84887,Bronze,Celebrating 42 - Rookie Sensation  LF Marv Rackley  BRO  1948,0,Y,5,134,99,6,58,107,116,45,4,43,75,140,113,7,64,123,44,2,Groundball,Normal,Normal,1,1,1,4,1,1,1,4,1,1,1,4,16,17,17,-,-,-,-,-,-,-,-,-,3,NEU,90-92,OTT,Normal,1,25,-,-,-,9,7,4,2,69,58,55,-,-,-,-,-,-,81,57,72,15,-,-,-,-,-,81,57,72,72,67,89,75,9,2,16,15,6,4,0,0,2,5,6,1,0,0,0,0,0,2,0,5.4,-0.09,4,2.8,0.3,3.75,0,0,0.0,0.1,0,0,0,0,0,0,0,0.0,0,0,0,0,0,0,0,0,0,0,0,0,0,0,0,0,0,0,0,0,0,0.00,0,0,0,0,0,0.0,0.0,0.0,0.00,7,2,10,0,9,1,0,0,2.70,-0.1,1.034,0,0,30.0,0,0,9,9,0,0,1,0,2,0,0,0,0.0,0.0
LF,Donald Reeves,Donald,Reeves,Birmingham Black Barons,6' 2',195 lbs,L,L,69,Atlanta Black Crackers,ABC,1938,1921-1945,,84464,Bronze,Negro League Star  RF Donald Reeves  ABC  1938,0,Y,1,79,77,88,63,96,78,76,85,63,92,80,78,89,64,98,7,16,Normal,Pull,Spray,42,37,34,43,45,39,38,49,39,37,33,42,58,-,-,57,-,-,-,-,-,-,-,-,2,EX FB,90-92,3/4,Normal,24,20,1,1,1,2,4,3,8,56,61,73,-,-,-,-,-,-,67,-,64,-,-,-,-,-,-,67,-,64,65,18,64,48,12,12,52,49,14,9,5,0,0,6,5,3,0,0,0,0,0,11,0,6.5,-0.11,6,0.5,0.2,3.92,0,0,0.0,-0.8,0,0,0,0,0,0,0,0.0,0,0,0,0,0,0,0,0,0,0,0,0,0,0,0,0,0,0,0,0,0,0.00,0,0,0,0,0,0.0,0.0,0.0,0.00,13,12,20,0,20,0,0,0,1.71,0.1,1.043,0,0,105.0,0,0,15,15,6,2,3,3,3,0,4,0,0.0,0.6
LF,Donald Reeves,Donald,Reeves,HILITE RECORDS,6' 2',195 lbs,L,L,69,Atlanta Black Crackers,ABC,1938,1921-1945,,84464,Bronze,Negro League Star  RF Donald Reeves  ABC  1938,0,Y,5,84,82,93,67,102,83,81,90,67,98,85,83,94,68,104,7,16,Normal,Pull,Spray,45,40,37,46,48,42,41,52,42,40,36,45,58,-,-,57,-,-,-,-,-,-,-,-,2,EX FB,90-92,3/4,Normal,24,20,1,1,1,2,4,3,8,56,61,73,-,-,-,-,-,-,71,-,68,-,-,-,-,-,-,71,-,68,65,18,64,48,9,2,15,14,3,3,0,0,0,0,2,1,0,0,0,0,0,3,0,0.9,-0.26,0,-0.9,0.0,3.93,0,0,0.0,0.4,0,0,0,0,0,0,0,0.0,0,0,0,0,0,0,0,0,0,0,0,0,0,0,0,0,0,0,0,0,0,0.00,0,0,0,0,0,0.0,0.0,0.0,0.00,3,2,6,0,6,0,0,0,2.84,0.5,1.029,0,0,19.0,0,0,4,4,0,0,2,2,0,0,0,0,0.0,0.1
LF,Donald Reeves,Donald,Reeves,Ungentlemanly Fightin' Fellows TTC,6' 2',195 lbs,L,L,69,Atlanta Black Crackers,ABC,1938,1921-1945,,84464,Bronze,Negro League Star  RF Donald Reeves  ABC  1938,0,N,0,77,75,86,61,94,76,74,83,61,90,78,76,87,62,96,7,16,Normal,Pull,Spray,40,36,33,41,43,38,37,47,38,36,32,40,58,-,-,57,-,-,-,-,-,-,-,-,2,EX FB,90-92,3/4,Normal,24,20,1,1,1,2,4,3,8,56,61,73,-,-,-,-,-,-,66,-,63,-,-,-,-,-,-,66,-,63,65,18,64,48,4,3,14,12,4,1,1,0,2,3,2,2,0,0,0,0,0,1,0,4.9,0.22,4,2.7,0.3,3.57,0,0,0.0,0.0,0,0,0,0,0,0,0,0.0,0,0,0,0,0,0,0,0,0,0,0,0,0,0,0,0,0,0,0,0,0,0.00,0,0,0,0,0,0.0,0.0,0.0,0.00,3,3,3,0,3,0,0,0,1.08,0.1,1.043,0,0,25.0,0,0,2,2,0,0,2,1,0,0,1,0,0.0,-0.1
LF,Donald Reeves,Donald,Reeves,Aurora Highlanders,6' 2',195 lbs,L,L,69,Atlanta Black Crackers,ABC,1938,1921-1945,,84464,Bronze,Negro League Star  RF Donald Reeves  ABC  1938,0,N,0,77,75,86,61,94,76,74,83,61,90,78,76,87,62,96,7,16,Normal,Pull,Spray,40,36,33,41,43,38,37,47,38,36,32,40,58,-,-,57,-,-,-,-,-,-,-,-,2,EX FB,90-92,3/4,Normal,24,20,1,1,1,2,4,3,8,56,61,73,-,-,-,-,-,-,66,-,63,-,-,-,-,-,-,66,-,63,65,18,64,48,4,4,17,15,2,0,0,0,2,5,2,2,0,0,0,0,0,1,0,2.0,0.12,2,0.3,0.0,4.47,0,0,0.0,0.0,0,0,0,0,0,0,0,0.0,0,0,0,0,0,0,0,0,0,0,0,0,0,0,0,0,0,0,0,0,0,0.00,0,0,0,0,0,0.0,0.0,0.0,0.00,4,4,5,0,5,0,0,0,1.19,-0.1,1.043,0,0,37.2,0,0,4,4,1,1,2,0,0,0,0,0,0.0,-0.2
LF,Donald Reeves,Donald,Reeves,Moncton Mosquitos,6' 2',195 lbs,L,L,69,Atlanta Black Crackers,ABC,1938,1921-1945,,84464,Bronze,Negro League Star  RF Donald Reeves  ABC  1938,0,N,0,77,75,86,61,94,76,74,83,61,90,78,76,87,62,96,7,16,Normal,Pull,Spray,40,36,33,41,43,38,37,47,38,36,32,40,58,-,-,57,-,-,-,-,-,-,-,-,2,EX FB,90-92,3/4,Normal,24,20,1,1,1,2,4,3,8,56,61,73,-,-,-,-,-,-,66,-,63,-,-,-,-,-,-,66,-,63,65,18,64,48,4,4,17,15,3,2,1,0,0,0,2,1,0,0,1,0,0,4,0,1.1,-0.20,0,-1.1,-0.1,4.00,0,0,0.0,0.2,0,0,0,0,0,0,0,0.0,0,0,0,0,0,0,0,0,0,0,0,0,0,0,0,0,0,0,0,0,0,0.00,0,0,0,0,0,0.0,0.0,0.0,0.00,4,4,8,0,8,0,0,0,2.02,-0.1,1.043,0,0,35.2,0,0,8,7,0,0,2,1,0,0,2,0,0.0,-0.2
LF,Donald Reeves,Donald,Reeves,Honolulu Warriors - HotL,6' 2',195 lbs,L,L,69,Atlanta Black Crackers,ABC,1938,1921-1945,,84464,Bronze,Negro League Star  RF Donald Reeves  ABC  1938,0,N,0,77,75,86,61,94,76,74,83,61,90,78,76,87,62,96,7,16,Normal,Pull,Spray,40,36,33,41,43,38,37,47,38,36,32,40,58,-,-,57,-,-,-,-,-,-,-,-,2,EX FB,90-92,3/4,Normal,24,20,1,1,1,2,4,3,8,56,61,73,-,-,-,-,-,-,66,-,63,-,-,-,-,-,-,66,-,63,65,18,64,48,10,10,40,39,9,6,3,0,0,0,4,1,0,0,0,0,0,6,0,3.1,-0.46,2,-1.8,-0.3,3.92,0,0,0.0,0.5,0,0,0,0,0,0,0,0.0,0,0,0,0,0,0,0,0,0,0,0,0,0,0,0,0,0,0,0,0,0,0.00,0,0,0,0,0,0.0,0.0,0.0,0.00,10,10,18,0,17,1,0,0,1.72,-1.8,.878,0,0,89.0,0,0,16,15,4,2,2,0,3,0,4,0,0.0,-0.5
LF,Donald Reeves,Donald,Reeves,Roseburg River Hawks,6' 2',195 lbs,L,L,69,Atlanta Black Crackers,ABC,1938,1921-1945,,84464,Bronze,Negro League Star  RF Donald Reeves  ABC  1938,0,N,0,77,75,86,61,94,76,74,83,61,90,78,76,87,62,96,7,16,Normal,Pull,Spray,40,36,33,41,43,38,37,47,38,36,32,40,58,-,-,57,-,-,-,-,-,-,-,-,2,EX FB,90-92,3/4,Normal,24,20,1,1,1,2,4,3,8,56,61,73,-,-,-,-,-,-,66,-,63,-,-,-,-,-,-,66,-,63,65,18,64,48,6,6,26,26,8,5,1,2,0,2,3,0,0,0,0,0,0,4,0,4.0,-0.03,3,0.8,0.1,3.46,0,0,0.0,-0.1,0,0,0,0,0,0,0,0.0,0,0,0,0,0,0,0,0,0,0,0,0,0,0,0,0,0,0,0,0,0,0.00,0,0,0,0,0,0.0,0.0,0.0,0.00,6,6,9,0,9,0,0,0,1.49,-0.3,1.043,0,0,54.1,0,0,8,8,1,1,2,0,4,0,2,0,0.0,0.1
LF,Donald Reeves,Donald,Reeves,Indiana Rhubarbs,6' 2',195 lbs,L,L,69,Atlanta Black Crackers,ABC,1938,1921-1945,,84464,Bronze,Negro League Star  RF Donald Reeves  ABC  1938,0,N,0,77,75,86,61,94,76,74,83,61,90,78,76,87,62,96,7,16,Normal,Pull,Spray,40,36,33,41,43,38,37,47,38,36,32,40,58,-,-,57,-,-,-,-,-,-,-,-,2,EX FB,90-92,3/4,Normal,24,20,1,1,1,2,4,3,8,56,61,73,-,-,-,-,-,-,66,-,63,-,-,-,-,-,-,66,-,63,65,18,64,48,6,6,45,42,18,13,2,1,2,21,19,3,0,0,0,0,0,4,1,12.8,-0.17,11,6.6,0.7,3.36,0,0,0.0,-0.4,0,0,0,0,0,0,0,0.0,0,0,0,0,0,0,0,0,0,0,0,0,0,0,0,0,0,0,0,0,0,0.00,0,0,0,0,0,0.0,0.0,0.0,0.00,6,6,11,0,10,1,0,0,1.67,-0.4,.939,0,0,54.0,0,0,8,8,3,1,0,0,4,1,0,0,0.0,-0.1
LF,Billy Southworth,Billy,Southworth,Gettysburg Iron Brigade,5' 9',170 lbs,L,R,68,St. Louis Cardinals,STL,1926,1921-1945,,86379,Bronze,T4 Ep. 6 - Baseball Reference 6  RF Billy Southworth  STL  1926,0,N,0,76,84,96,51,201,42,71,81,5,232,84,88,102,61,191,60,52,Normal,Spray,Spray,1,1,1,3,1,1,1,3,1,1,1,3,16,-,-,-,-,-,-,-,-,-,-,-,1,NEU,90-92,OTT,Normal,1,3,-,-,-,9,8,7,2,98,72,44,-,-,-,-,-,-,107,93,93,14,-,-,-,-,-,107,93,93,69,69,74,77,9,9,36,34,10,6,1,0,3,11,3,0,0,0,0,2,0,1,0,5.8,0.35,5,1.5,0.2,3.69,0,0,0.0,-0.2,0,0,0,0,0,0,0,0.0,0,0,0,0,0,0,0,0,0,0,0,0,0,0,0,0,0,0,0,0,0,0.00,0,0,0,0,0,0.0,0.0,0.0,0.00,9,9,31,0,31,0,0,0,3.62,-0.4,1.042,0,0,77.0,0,0,30,28,4,2,1,1,5,0,3,0,0.0,-0.2
LF,Billy Southworth,Billy,Southworth,Ware Wolves2,5' 9',170 lbs,L,R,68,St. Louis Cardinals,STL,1926,1921-1945,,86379,Bronze,T4 Ep. 6 - Baseball Reference 6  RF Billy Southworth  STL  1926,0,N,0,76,84,96,51,201,42,71,81,5,232,84,88,102,61,191,60,52,Normal,Spray,Spray,1,1,1,3,1,1,1,3,1,1,1,3,16,-,-,-,-,-,-,-,-,-,-,-,1,NEU,90-92,OTT,Normal,1,3,-,-,-,9,8,7,2,98,72,44,-,-,-,-,-,-,107,93,93,14,-,-,-,-,-,107,93,93,69,69,74,77,19,19,84,77,23,15,4,1,3,12,11,6,0,1,0,0,0,4,0,14.2,0.69,14,4.5,0.9,3.32,0,0,0.0,0.7,0,0,0,0,0,0,0,0.0,0,0,0,0,0,0,0,0,0,0,0,0,0,0,0,0,0,0,0,0,0,0.00,0,0,0,0,0,0.0,0.0,0.0,0.00,21,19,44,1,41,2,0,0,2.24,2.6,1.091,0,0,169.0,0,0,27,27,12,9,5,3,5,2,2,0,0.0,-0.5
LF,Billy Southworth,Billy,Southworth,Energy Efficiency,5' 9',170 lbs,L,R,68,St. Louis Cardinals,STL,1926,1921-1945,,86379,Bronze,T4 Ep. 6 - Baseball Reference 6  RF Billy Southworth  STL  1926,0,N,0,76,84,96,51,201,42,71,81,5,232,84,88,102,61,191,60,52,Normal,Spray,Spray,1,1,1,3,1,1,1,3,1,1,1,3,16,-,-,-,-,-,-,-,-,-,-,-,1,NEU,90-92,OTT,Normal,1,3,-,-,-,9,8,7,2,98,72,44,-,-,-,-,-,-,107,93,93,14,-,-,-,-,-,107,93,93,69,69,74,77,11,11,46,41,7,6,0,0,1,3,6,4,1,0,0,1,0,3,3,2.0,-0.43,1,-3.6,-0.3,3.74,0,0,0.0,-0.2,0,0,0,0,0,0,0,0.0,0,0,0,0,0,0,0,0,0,0,0,0,0,0,0,0,0,0,0,0,0,0.00,0,0,0,0,0,0.0,0.0,0.0,0.00,11,11,30,0,28,2,0,0,2.57,0.2,1.076,0,0,98.0,0,0,26,25,5,2,2,1,1,0,2,0,0.0,-0.3
LF,Billy Southworth,Billy,Southworth,Tegridy Farms Weed,5' 9',170 lbs,L,R,68,St. Louis Cardinals,STL,1926,1921-1945,,86379,Bronze,T4 Ep. 6 - Baseball Reference 6  RF Billy Southworth  STL  1926,0,N,0,76,84,96,51,201,42,71,81,5,232,84,88,102,61,191,60,52,Normal,Spray,Spray,1,1,1,3,1,1,1,3,1,1,1,3,16,-,-,-,-,-,-,-,-,-,-,-,1,NEU,90-92,OTT,Normal,1,3,-,-,-,9,8,7,2,98,72,44,-,-,-,-,-,-,107,93,93,14,-,-,-,-,-,107,93,93,69,69,74,77,15,14,54,53,10,5,4,0,1,5,3,1,1,0,0,0,0,4,0,3.5,-0.37,2,-3.8,-0.1,3.26,0,0,0.0,-0.1,0,0,0,0,0,0,0,0.0,0,0,0,0,0,0,0,0,0,0,0,0,0,0,0,0,0,0,0,0,0,0.00,0,0,0,0,0,0.0,0.0,0.0,0.00,15,14,42,2,40,0,0,0,3.23,0.4,1.027,0,0,117.0,0,0,28,27,14,12,3,1,7,0,4,0,0.0,0.3
LF,George Sweatt,George,Sweatt,The Colony Lynx,6' 2',190 lbs,R,R,68,Kansas City Monarchs,KCM,1924,1921-1945,,84468,Bronze,Negro League Star  2B George Sweatt  KCM  1924,0,N,0,49,80,81,84,85,49,81,83,87,88,49,80,81,84,85,84,85,Normal,Spray,Normal,1,1,19,3,1,1,18,3,1,1,19,3,16,-,-,-,-,-,-,-,-,-,-,-,1,NEU,89-91,3/4,Normal,1,6,1,1,1,77,50,51,70,81,50,63,-,-,89,75,53,-,89,70,82,116,-,89,75,53,-,89,70,82,64,45,70,56,7,7,26,24,5,3,0,1,1,5,2,2,0,0,0,0,0,4,1,2.4,0.25,2,-0.1,0.0,3.42,0,0,0.0,0.0,0,0,0,0,0,0,0,0.0,0,0,0,0,0,0,0,0,0,0,0,0,0,0,0,0,0,0,0,0,0,0.00,0,0,0,0,0,0.0,0.0,0.0,0.00,7,7,16,0,16,0,0,0,2.40,0.0,1.040,0,0,60.0,0,0,15,15,1,1,1,0,4,0,1,0,0.0,-0.2
LF,Sandy Thompson,Sandy,Thompson,Hancocks and Sidekicks TTC,5' 9',170 lbs,L,R,67,Birmingham Black Barons,BBB,1927,1921-1945,,84452,Bronze,Negro League Star  CF Sandy Thompson  BBB  1927,0,N,0,71,59,45,78,93,71,58,44,77,91,72,60,46,79,94,80,81,Groundball,Normal,Pull,1,1,19,5,1,1,18,5,1,1,20,5,16,-,-,-,-,-,-,-,-,-,-,-,1,NEU,89-91,3/4,Normal,1,15,1,1,1,76,65,75,70,86,70,74,-,-,-,-,73,65,100,81,95,126,-,-,-,73,65,100,81,95,62,61,77,62,32,28,109,102,26,18,3,1,4,9,14,7,0,0,0,0,0,15,1,13.2,-0.07,14,1.2,0.6,3.64,0,0,0.0,0.0,0,0,0,0,0,0,0,0.0,0,0,0,0,0,0,0,0,0,0,0,0,0,0,0,0,0,0,0,0,0,0.00,0,0,0,0,0,0.0,0.0,0.0,0.00,37,28,61,7,51,3,0,0,2.10,1.0,1.007,0,0,248.1,0,0,39,39,17,13,10,4,3,0,8,1,0.0,0.5
LF,Luther Farrell,Luther,Farrell,EVC's Let the Music Play Ball-TTC,6' 1',260 lbs,L,L,66,Atlantic City Bacharach Giants,ACBG,1928,1921-1945,,86899,Bronze,NeL Monday 1 - Negro League Star  SP Luther Farrell  ACBG  1928,0,N,0,106,42,116,117,76,100,42,101,103,70,109,43,121,122,79,51,18,Flyball,Ex. Pull,Normal,151,69,73,53,153,69,77,54,151,69,72,53,129,92,117,104,-,-,-,-,-,-,-,-,4,NEU,91-93,3/4,Normal,92,55,1,1,1,40,31,50,25,47,72,45,82,-,-,-,-,-,53,-,43,82,-,-,-,-,-,53,-,43,44,5,12,29,17,17,70,63,11,8,0,1,2,8,10,7,0,0,0,0,0,7,1,5.1,0.05,5,-2.8,-0.2,3.80,0,0,0.0,0.2,0,0,0,0,0,0,0,0.0,0,0,0,0,0,0,0,0,0,0,0,0,0,0,0,0,0,0,0,0,0,0.00,0,0,0,0,0,0.0,0.0,0.0,0.00,0,0,0,0,0,0,0,0,0.00,0.0,.000,0,0,0.0,0,0,0,0,0,0,0,0,0,0,0,0,0.0,0.0
LF,Luther Farrell,Luther,Farrell,Kansas City Torrent - JW,6' 1',260 lbs,L,L,66,Atlantic City Bacharach Giants,ACBG,1928,1921-1945,,86899,Bronze,NeL Monday 1 - Negro League Star  SP Luther Farrell  ACBG  1928,340,N,0,106,42,116,117,76,100,42,101,103,70,109,43,121,122,79,51,18,Flyball,Ex. Pull,Normal,151,69,73,53,153,69,77,54,151,69,72,53,129,92,117,104,-,-,-,-,-,-,-,-,4,NEU,91-93,3/4,Normal,92,55,1,1,1,40,31,50,25,47,72,45,82,-,-,-,-,-,53,-,43,82,-,-,-,-,-,53,-,43,44,5,12,29,7,7,32,29,9,5,1,1,2,7,3,3,0,0,0,0,0,6,0,7.0,0.63,6,3.1,0.4,4.22,0,0,0.0,0.3,0,0,0,0,0,0,0,0.0,0,0,0,0,0,0,0,0,0,0,0,0,0,0,0,0,0,0,0,0,0,0.00,0,0,0,0,0,0.0,0.0,0.0,0.00,0,0,0,0,0,0,0,0,0.00,0.0,.000,0,0,0.0,0,0,0,0,0,0,0,0,0,0,0,0,0.0,0.0
LF,Luther Farrell,Luther,Farrell,Canterbury Tails,6' 1',260 lbs,L,L,66,Atlantic City Bacharach Giants,ACBG,1928,1921-1945,,86899,Bronze,NeL Monday 1 - Negro League Star  SP Luther Farrell  ACBG  1928,0,N,0,106,42,116,117,76,100,42,101,103,70,109,43,121,122,79,51,18,Flyball,Ex. Pull,Normal,151,69,73,53,153,69,77,54,151,69,72,53,129,92,117,104,-,-,-,-,-,-,-,-,4,NEU,91-93,3/4,Normal,92,55,1,1,1,40,31,50,25,47,72,45,82,-,-,-,-,-,53,-,43,82,-,-,-,-,-,53,-,43,44,5,12,29,11,10,46,39,12,8,1,0,3,11,7,6,0,0,0,1,0,5,0,9.4,0.18,9,3.8,0.4,3.63,0,0,0.0,-0.4,0,0,0,0,0,0,0,0.0,0,0,0,0,0,0,0,0,0,0,0,0,0,0,0,0,0,0,0,0,0,0.00,0,0,0,0,0,0.0,0.0,0.0,0.00,1,0,0,0,0,0,0,0,0.00,0.0,.000,0,0,1.0,0,0,0,0,0,0,0,0,0,0,0,0,0.0,0.0
CF,Bob Allison,Bob,Allison,The Colony Lynx,6' 4',220 lbs,R,R,67,Washington Senators,MIN,1959,1946-1960,,86610,Bronze,50s Theme Week - Rookie Sensation  CF Bob Allison  WS1  1959,0,N,0,63,85,121,108,67,14,69,101,110,90,70,90,128,108,58,73,66,Normal,Spray,Spray,1,1,1,7,1,1,1,7,1,1,1,7,16,-,-,-,-,-,-,-,-,-,-,-,1,GB,90-92,3/4,GB'er,1,4,-,-,-,7,6,1,3,83,39,67,-,-,-,-,-,-,88,72,-,8,-,-,-,-,-,88,72,-,80,63,71,110,5,1,8,8,0,0,0,0,0,0,0,0,0,0,0,0,0,2,0,0.0,-0.31,0,-1.9,-0.2,4.25,0,0,0.0,0.0,0,0,0,0,0,0,0,0.0,0,0,0,0,0,0,0,0,0,0,0,0,0,0,0,0,0,0,0,0,0,0.00,0,0,0,0,0,0.0,0.0,0.0,0.00,5,1,4,0,4,0,0,0,1.71,-0.4,1.031,0,0,21.0,0,0,4,4,2,0,0,0,0,0,1,0,0.0,-0.0
CF,Bob Allison,Bob,Allison,Seoul Hannams,6' 4',220 lbs,R,R,67,Washington Senators,MIN,1959,1946-1960,,86610,Bronze,50s Theme Week - Rookie Sensation  CF Bob Allison  WS1  1959,0,N,0,63,85,121,108,67,14,69,101,110,90,70,90,128,108,58,73,66,Normal,Spray,Spray,1,1,1,7,1,1,1,7,1,1,1,7,16,-,-,-,-,-,-,-,-,-,-,-,1,GB,90-92,3/4,GB'er,1,4,-,-,-,7,6,1,3,83,39,67,-,-,-,-,-,-,88,72,-,8,-,-,-,-,-,88,72,-,80,63,71,110,1,1,4,4,0,0,0,0,0,0,0,0,0,0,0,0,0,3,0,0.0,-0.09,0,-1.0,-0.1,4.75,0,0,0.0,0.0,0,0,0,0,0,0,0,0.0,0,0,0,0,0,0,0,0,0,0,0,0,0,0,0,0,0,0,0,0,0,0.00,0,0,0,0,0,0.0,0.0,0.0,0.00,1,1,3,0,3,0,0,0,3.38,0.0,1.027,0,0,8.0,0,0,2,2,1,1,1,0,0,0,0,0,0.0,0.0
CF,Bob Allison,Bob,Allison,Jinzhou Speedster,6' 4',220 lbs,R,R,67,Washington Senators,MIN,1959,1946-1960,,86610,Bronze,50s Theme Week - Rookie Sensation  CF Bob Allison  WS1  1959,0,N,0,63,85,121,108,67,14,69,101,110,90,70,90,128,108,58,73,66,Normal,Spray,Spray,1,1,1,7,1,1,1,7,1,1,1,7,16,-,-,-,-,-,-,-,-,-,-,-,1,GB,90-92,3/4,GB'er,1,4,-,-,-,7,6,1,3,83,39,67,-,-,-,-,-,-,88,72,-,8,-,-,-,-,-,88,72,-,80,63,71,110,5,5,23,21,5,4,0,0,1,1,4,1,0,0,1,0,0,5,0,2.3,-0.11,2,-0.5,-0.0,3.91,0,0,0.0,0.2,0,0,0,0,0,0,0,0.0,0,0,0,0,0,0,0,0,0,0,0,0,0,0,0,0,0,0,0,0,0,0.00,0,0,0,0,0,0.0,0.0,0.0,0.00,5,5,11,0,11,0,0,0,2.22,-0.2,1.043,0,0,44.2,0,0,9,9,4,2,1,0,1,0,2,0,0.0,-0.1
CF,Bob Allison,Bob,Allison,Cape Cod Sharks - HotL,6' 4',220 lbs,R,R,67,Washington Senators,MIN,1959,1946-1960,,86610,Bronze,50s Theme Week - Rookie Sensation  CF Bob Allison  WS1  1959,0,N,0,63,85,121,108,67,14,69,101,110,90,70,90,128,108,58,73,66,Normal,Spray,Spray,1,1,1,7,1,1,1,7,1,1,1,7,16,-,-,-,-,-,-,-,-,-,-,-,1,GB,90-92,3/4,GB'er,1,4,-,-,-,7,6,1,3,83,39,67,-,-,-,-,-,-,88,72,-,8,-,-,-,-,-,88,72,-,80,63,71,110,15,15,59,51,12,7,0,2,3,10,7,6,0,0,0,1,1,12,0,8.4,-0.12,8,1.5,0.5,4.12,0,0,0.0,0.1,0,0,0,0,0,0,0,0.0,0,0,0,0,0,0,0,0,0,0,0,0,0,0,0,0,0,0,0,0,0,0.00,0,0,0,0,0,0.0,0.0,0.0,0.00,16,15,40,0,37,3,0,0,2.64,2.2,1.013,0,0,126.0,0,0,24,24,11,9,1,1,1,1,7,2,0.0,-0.1
CF,Bob Allison,Bob,Allison,OKC Whirlwinds - PCK,6' 4',220 lbs,R,R,67,Washington Senators,MIN,1959,1946-1960,,86610,Bronze,50s Theme Week - Rookie Sensation  CF Bob Allison  WS1  1959,0,N,0,63,85,121,108,67,14,69,101,110,90,70,90,128,108,58,73,66,Normal,Spray,Spray,1,1,1,7,1,1,1,7,1,1,1,7,16,-,-,-,-,-,-,-,-,-,-,-,1,GB,90-92,3/4,GB'er,1,4,-,-,-,7,6,1,3,83,39,67,-,-,-,-,-,-,88,72,-,8,-,-,-,-,-,88,72,-,80,63,71,110,21,14,69,59,10,8,0,0,2,7,10,8,0,0,0,2,0,18,0,5.0,-0.38,4,-3.3,-0.1,3.67,0,0,0.0,-0.5,0,0,0,0,0,0,0,0.0,0,0,0,0,0,0,0,0,0,0,0,0,0,0,0,0,0,0,0,0,0,0.00,0,0,0,0,0,0.0,0.0,0.0,0.00,18,10,30,2,28,0,0,0,2.50,-0.4,.996,0,0,108.0,0,0,24,24,5,2,4,2,1,0,12,0,0.0,1.0
CF,Bob Allison,Bob,Allison,EVC's Let the Music Play Ball-TTC,6' 4',220 lbs,R,R,67,Washington Senators,MIN,1959,1946-1960,,86610,Bronze,50s Theme Week - Rookie Sensation  CF Bob Allison  WS1  1959,0,N,0,63,85,121,108,67,14,69,101,110,90,70,90,128,108,58,73,66,Normal,Spray,Spray,1,1,1,7,1,1,1,7,1,1,1,7,16,-,-,-,-,-,-,-,-,-,-,-,1,GB,90-92,3/4,GB'er,1,4,-,-,-,7,6,1,3,83,39,67,-,-,-,-,-,-,88,72,-,8,-,-,-,-,-,88,72,-,80,63,71,110,12,5,21,19,3,3,0,0,0,1,1,2,0,0,0,0,0,5,1,0.7,-0.05,0,-1.8,-0.1,4.19,0,0,0.0,-0.0,0,0,0,0,0,0,0,0.0,0,0,0,0,0,0,0,0,0,0,0,0,0,0,0,0,0,0,0,0,0,0.00,0,0,0,0,0,0.0,0.0,0.0,0.00,12,5,9,0,9,0,0,0,1.62,0.2,1.030,0,0,50.0,0,0,6,6,4,3,0,0,1,0,2,0,0.0,-0.1
CF,Bob Allison,Bob,Allison,Deadwood Punch and Judys TTC,6' 4',220 lbs,R,R,67,Washington Senators,MIN,1959,1946-1960,,86610,Bronze,50s Theme Week - Rookie Sensation  CF Bob Allison  WS1  1959,0,N,0,63,85,121,108,67,14,69,101,110,90,70,90,128,108,58,73,66,Normal,Spray,Spray,1,1,1,7,1,1,1,7,1,1,1,7,16,-,-,-,-,-,-,-,-,-,-,-,1,GB,90-92,3/4,GB'er,1,4,-,-,-,7,6,1,3,83,39,67,-,-,-,-,-,-,88,72,-,8,-,-,-,-,-,88,72,-,80,63,71,110,20,20,85,75,13,10,2,1,0,2,7,9,0,0,0,1,0,20,2,4.7,-0.37,4,-5.2,-0.2,3.95,0,0,0.0,0.5,0,0,0,0,0,0,0,0.0,0,0,0,0,0,0,0,0,0,0,0,0,0,0,0,0,0,0,0,0,0,0.00,0,0,0,0,0,0.0,0.0,0.0,0.00,22,20,43,0,42,1,0,0,2.15,1.2,1.043,0,0,176.0,0,0,34,34,6,4,7,4,3,0,3,0,0.0,-0.4
CF,Bob Allison,Bob,Allison,Kansas City Torrent - JW,6' 4',220 lbs,R,R,67,Washington Senators,MIN,1959,1946-1960,,86610,Bronze,50s Theme Week - Rookie Sensation  CF Bob Allison  WS1  1959,35 797,Y,5,69,92,131,117,73,17,75,109,119,98,76,98,138,117,64,73,66,Normal,Spray,Spray,1,1,1,9,1,1,1,9,1,1,1,9,16,-,-,-,-,-,-,-,-,-,-,-,1,GB,90-92,3/4,GB'er,1,4,-,-,-,7,6,1,3,83,39,67,-,-,-,-,-,-,95,77,-,10,-,-,-,-,-,95,77,-,80,63,71,110,6,6,25,20,5,3,0,0,2,4,3,4,0,0,0,1,0,6,0,4.5,-0.06,4,1.6,0.3,4.04,0,0,0.0,0.0,0,0,0,0,0,0,0,0.0,0,0,0,0,0,0,0,0,0,0,0,0,0,0,0,0,0,0,0,0,0,0.00,0,0,0,0,0,0.0,0.0,0.0,0.00,7,6,15,0,15,0,0,0,2.61,0.2,1.028,0,0,51.2,0,0,12,12,4,3,0,0,2,0,0,0,0.0,-0.2
CF,Bob Allison,Bob,Allison,Groundball Defenders,6' 4',220 lbs,R,R,67,Washington Senators,MIN,1959,1946-1960,,86610,Bronze,50s Theme Week - Rookie Sensation  CF Bob Allison  WS1  1959,0,N,0,63,85,121,108,67,14,69,101,110,90,70,90,128,108,58,73,66,Normal,Spray,Spray,1,1,1,7,1,1,1,7,1,1,1,7,16,-,-,-,-,-,-,-,-,-,-,-,1,GB,90-92,3/4,GB'er,1,4,-,-,-,7,6,1,3,83,39,67,-,-,-,-,-,-,88,72,-,8,-,-,-,-,-,88,72,-,80,63,71,110,12,8,36,31,10,7,0,2,1,3,4,5,1,0,0,0,0,6,0,7.5,0.11,6,2.7,0.4,4.08,0,0,0.0,0.1,0,0,0,0,0,0,0,0.0,0,0,0,0,0,0,0,0,0,0,0,0,0,0,0,0,0,0,0,0,0,0.00,0,0,0,0,0,0.0,0.0,0.0,0.00,13,8,18,0,18,0,0,0,2.23,-0.1,1.035,0,0,72.2,0,0,13,13,8,5,0,0,3,0,3,0,0.0,-0.1
CF,Bob Allison,Bob,Allison,Altamonte Ryno's,6' 4',220 lbs,R,R,67,Washington Senators,MIN,1959,1946-1960,,86610,Bronze,50s Theme Week - Rookie Sensation  CF Bob Allison  WS1  1959,0,N,0,63,85,121,108,67,14,69,101,110,90,70,90,128,108,58,73,66,Normal,Spray,Spray,1,1,1,7,1,1,1,7,1,1,1,7,16,-,-,-,-,-,-,-,-,-,-,-,1,GB,90-92,3/4,GB'er,1,4,-,-,-,7,6,1,3,83,39,67,-,-,-,-,-,-,88,72,-,8,-,-,-,-,-,88,72,-,80,63,71,110,4,4,17,13,2,2,0,0,0,1,1,3,0,0,0,1,0,2,0,1.0,-0.04,0,-1.0,0.1,4.24,0,0,0.0,0.0,0,0,0,0,0,0,0,0.0,0,0,0,0,0,0,0,0,0,0,0,0,0,0,0,0,0,0,0,0,0,0.00,0,0,0,0,0,0.0,0.0,0.0,0.00,4,4,11,0,11,0,0,0,2.83,0.9,1.141,0,0,35.0,0,0,8,8,3,3,0,0,0,0,2,0,0.0,0.2
CF,Bob Allison,Bob,Allison,New Platson Grand Petites HotL,6' 4',220 lbs,R,R,67,Washington Senators,MIN,1959,1946-1960,,86610,Bronze,50s Theme Week - Rookie Sensation  CF Bob Allison  WS1  1959,0,Y,5,69,92,131,117,73,17,75,109,119,98,76,98,138,117,64,73,66,Normal,Spray,Spray,1,1,1,9,1,1,1,9,1,1,1,9,16,-,-,-,-,-,-,-,-,-,-,-,1,GB,90-92,3/4,GB'er,1,4,-,-,-,7,6,1,3,83,39,67,-,-,-,-,-,-,95,77,-,10,-,-,-,-,-,95,77,-,80,63,71,110,5,5,21,20,3,3,0,0,0,0,1,1,0,0,0,0,0,5,0,0.6,-0.06,0,-2.4,-0.2,3.76,0,0,0.0,-0.0,0,0,0,0,0,0,0,0.0,0,0,0,0,0,0,0,0,0,0,0,0,0,0,0,0,0,0,0,0,0,0.00,0,0,0,0,0,0.0,0.0,0.0,0.00,5,5,10,1,9,0,0,0,2.05,0.0,1.043,0,0,44.0,0,0,6,6,3,2,1,1,4,0,3,0,0.0,0.3
CF,Bob Allison,Bob,Allison,Canterbury Tails,6' 4',220 lbs,R,R,67,Washington Senators,MIN,1959,1946-1960,,86610,Bronze,50s Theme Week - Rookie Sensation  CF Bob Allison  WS1  1959,0,N,0,63,85,121,108,67,14,69,101,110,90,70,90,128,108,58,73,66,Normal,Spray,Spray,1,1,1,7,1,1,1,7,1,1,1,7,16,-,-,-,-,-,-,-,-,-,-,-,1,GB,90-92,3/4,GB'er,1,4,-,-,-,7,6,1,3,83,39,67,-,-,-,-,-,-,88,72,-,8,-,-,-,-,-,88,72,-,80,63,71,110,11,9,44,38,11,6,1,2,2,4,6,5,0,0,1,0,0,8,0,8.7,0.53,8,3.2,0.5,4.02,0,0,0.0,0.2,0,0,0,0,0,0,0,0.0,0,0,0,0,0,0,0,0,0,0,0,0,0,0,0,0,0,0,0,0,0,0.00,0,0,0,0,0,0.0,0.0,0.0,0.00,11,9,27,0,27,0,0,0,2.80,0.4,1.043,0,0,86.2,0,0,23,22,5,4,2,0,3,1,2,0,0.0,-0.0
CF,Bob Allison,Bob,Allison,Atlanta Braves TTC,6' 4',220 lbs,R,R,67,Washington Senators,MIN,1959,1946-1960,,86610,Bronze,50s Theme Week - Rookie Sensation  CF Bob Allison  WS1  1959,0,N,0,63,85,121,108,67,14,69,101,110,90,70,90,128,108,58,73,66,Normal,Spray,Spray,1,1,1,7,1,1,1,7,1,1,1,7,16,-,-,-,-,-,-,-,-,-,-,-,1,GB,90-92,3/4,GB'er,1,4,-,-,-,7,6,1,3,83,39,67,-,-,-,-,-,-,88,72,-,8,-,-,-,-,-,88,72,-,80,63,71,110,11,11,51,43,11,9,0,1,1,4,5,7,1,0,0,1,0,8,0,6.4,-0.23,6,0.3,0.1,3.61,0,0,0.0,-0.0,0,0,0,0,0,0,0,0.0,0,0,0,0,0,0,0,0,0,0,0,0,0,0,0,0,0,0,0,0,0,0.00,0,0,0,0,0,0.0,0.0,0.0,0.00,11,11,35,0,33,2,0,0,3.02,-1.3,.968,0,0,98.1,0,0,30,26,6,6,3,1,4,0,6,0,0.0,0.0
CF,Bob Allison,Bob,Allison,King Street 504s,6' 4',220 lbs,R,R,67,Washington Senators,MIN,1959,1946-1960,,86610,Bronze,50s Theme Week - Rookie Sensation  CF Bob Allison  WS1  1959,0,N,0,63,85,121,108,67,14,69,101,110,90,70,90,128,108,58,73,66,Normal,Spray,Spray,1,1,1,7,1,1,1,7,1,1,1,7,16,-,-,-,-,-,-,-,-,-,-,-,1,GB,90-92,3/4,GB'er,1,4,-,-,-,7,6,1,3,83,39,67,-,-,-,-,-,-,88,72,-,8,-,-,-,-,-,88,72,-,80,63,71,110,5,4,15,12,3,2,0,1,0,1,2,3,0,0,0,0,0,3,0,2.3,0.09,2,0.7,0.2,4.33,0,0,0.0,0.0,0,0,0,0,0,0,0,0.0,0,0,0,0,0,0,0,0,0,0,0,0,0,0,0,0,0,0,0,0,0,0.00,0,0,0,0,0,0.0,0.0,0.0,0.00,5,4,12,0,12,0,0,0,3.27,0.4,1.027,0,0,33.0,0,0,8,8,5,4,0,0,0,0,1,0,0.0,-0.1
CF,Bob Allison,Bob,Allison,Tegridy Farms Weed,6' 4',220 lbs,R,R,67,Washington Senators,MIN,1959,1946-1960,,86610,Bronze,50s Theme Week - Rookie Sensation  CF Bob Allison  WS1  1959,0,N,0,63,85,121,108,67,14,69,101,110,90,70,90,128,108,58,73,66,Normal,Spray,Spray,1,1,1,7,1,1,1,7,1,1,1,7,16,-,-,-,-,-,-,-,-,-,-,-,1,GB,90-92,3/4,GB'er,1,4,-,-,-,7,6,1,3,83,39,67,-,-,-,-,-,-,88,72,-,8,-,-,-,-,-,88,72,-,80,63,71,110,14,14,58,58,10,8,1,0,1,9,3,0,0,0,0,0,0,14,1,2.2,-0.09,1,-5.7,-0.4,3.38,0,0,0.0,0.3,0,0,0,0,0,0,0,0.0,0,0,0,0,0,0,0,0,0,0,0,0,0,0,0,0,0,0,0,0,0,0.00,0,0,0,0,0,0.0,0.0,0.0,0.00,18,14,39,0,38,1,0,0,2.77,-0.3,1.014,0,0,123.2,0,0,30,30,11,7,5,1,3,0,7,0,0.0,0.1
CF,Bob Allison,Bob,Allison,Narragansett Wave,6' 4',220 lbs,R,R,67,Washington Senators,MIN,1959,1946-1960,,86610,Bronze,50s Theme Week - Rookie Sensation  CF Bob Allison  WS1  1959,0,N,0,63,85,121,108,67,14,69,101,110,90,70,90,128,108,58,73,66,Normal,Spray,Spray,1,1,1,7,1,1,1,7,1,1,1,7,16,-,-,-,-,-,-,-,-,-,-,-,1,GB,90-92,3/4,GB'er,1,4,-,-,-,7,6,1,3,83,39,67,-,-,-,-,-,-,88,72,-,8,-,-,-,-,-,88,72,-,80,63,71,110,4,4,17,16,3,2,0,0,1,4,1,1,0,0,0,0,0,3,1,1.1,-0.17,1,-0.5,-0.1,3.00,0,0,0.0,0.0,0,0,0,0,0,0,0,0.0,0,0,0,0,0,0,0,0,0,0,0,0,0,0,0,0,0,0,0,0,0,0.00,0,0,0,0,0,0.0,0.0,0.0,0.00,1,1,6,0,6,0,0,0,6.00,-0.2,1.027,0,0,9.0,0,0,7,6,0,0,0,0,0,0,1,0,0.0,-0.1
CF,Bob Allison,Bob,Allison,Michigan Black Bears,6' 4',220 lbs,R,R,67,Washington Senators,MIN,1959,1946-1960,,86610,Bronze,50s Theme Week - Rookie Sensation  CF Bob Allison  WS1  1959,0,N,0,63,85,121,108,67,14,69,101,110,90,70,90,128,108,58,73,66,Normal,Spray,Spray,1,1,1,7,1,1,1,7,1,1,1,7,16,-,-,-,-,-,-,-,-,-,-,-,1,GB,90-92,3/4,GB'er,1,4,-,-,-,7,6,1,3,83,39,67,-,-,-,-,-,-,88,72,-,8,-,-,-,-,-,88,72,-,80,63,71,110,17,16,67,61,9,4,1,1,3,12,6,4,0,1,0,1,0,13,0,4.8,0.29,4,-3.4,-0.0,3.49,0,0,0.0,0.1,0,0,0,0,0,0,0,0.0,0,0,0,0,0,0,0,0,0,0,0,0,0,0,0,0,0,0,0,0,0,0.00,0,0,0,0,0,0.0,0.0,0.0,0.00,18,16,44,0,42,2,0,0,2.61,1.7,1.067,0,0,145.0,0,0,30,30,11,9,4,1,7,1,10,1,0.0,-0.2
CF,Frank Baumholtz,Frank,Baumholtz,London Majors,5' 10',175 lbs,L,L,60,Chicago Cubs,CHC,1953,1946-1960,,83485,Bronze,Snapshot  CF Frank Baumholtz  CHC  1953,0,N,0,83,95,34,63,110,65,73,22,56,81,89,103,37,65,123,34,1,Line Drive,Normal,Normal,1,1,1,1,1,1,1,1,1,1,2,1,16,-,-,-,-,-,-,-,-,-,-,-,1,NEU,89-91,3/4,Normal,1,6,-,-,-,1,9,1,10,70,59,44,-,-,-,-,-,-,75,52,63,-,-,-,-,-,-,75,52,63,53,23,58,65,9,1,12,10,4,2,1,1,0,1,2,2,0,0,0,0,0,1,0,3.8,-0.04,3,1.9,0.2,3.58,0,0,0.0,-0.2,0,0,0,0,0,0,0,0.0,0,0,0,0,0,0,0,0,0,0,0,0,0,0,0,0,0,0,0,0,0,0.00,0,0,0,0,0,0.0,0.0,0.0,0.00,6,1,2,0,2,0,0,0,1.29,0.1,1.043,0,0,14.0,0,0,2,2,0,0,0,0,0,0,0,0,0.0,0.0
CF,Joe DiMaggio,Joe,DiMaggio,HILITE RECORDS,6' 2',195 lbs,R,R,64,New York Yankees,NYY,1951,1946-1960,,85062,Bronze,HOF 1 - Veteran Presence  CF Joe DiMaggio  NYY  1951,0,N,0,63,85,80,87,85,81,66,78,84,88,55,91,81,89,85,10,9,Normal,Spray,Spray,1,1,1,2,1,1,1,2,1,1,1,2,16,-,-,-,-,-,-,-,-,-,-,-,1,NEU,90-92,3/4,Normal,1,13,-,-,-,9,8,5,8,88,105,100,-,-,-,-,-,-,-,94,-,15,-,-,-,-,-,-,94,-,42,5,6,69,2,2,6,6,2,0,1,0,1,2,1,0,0,0,0,0,0,1,0,2.0,0.03,1,1.2,0.2,3.50,0,0,0.0,0.3,0,0,0,0,0,0,0,0.0,0,0,0,0,0,0,0,0,0,0,0,0,0,0,0,0,0,0,0,0,0,0.00,0,0,0,0,0,0.0,0.0,0.0,0.00,2,2,5,0,5,0,0,0,2.65,0.3,1.027,0,0,17.0,0,0,3,3,1,1,1,0,1,1,0,0,0.0,0.0
CF,Joe DiMaggio,Joe,DiMaggio,Black Dog,6' 2',195 lbs,R,R,64,New York Yankees,NYY,1951,1946-1960,,85062,Bronze,HOF 1 - Veteran Presence  CF Joe DiMaggio  NYY  1951,0,N,0,63,85,80,87,85,81,66,78,84,88,55,91,81,89,85,10,9,Normal,Spray,Spray,1,1,1,2,1,1,1,2,1,1,1,2,16,-,-,-,-,-,-,-,-,-,-,-,1,NEU,90-92,3/4,Normal,1,13,-,-,-,9,8,5,8,88,105,100,-,-,-,-,-,-,-,94,-,15,-,-,-,-,-,-,94,-,42,5,6,69,8,6,28,27,5,3,1,0,1,5,4,1,0,0,0,0,0,7,1,1.7,-0.18,1,-1.4,-0.1,3.25,0,0,0.0,-0.0,0,0,0,0,0,0,0,0.0,0,0,0,0,0,0,0,0,0,0,0,0,0,0,0,0,0,0,0,0,0,0.00,0,0,0,0,0,0.0,0.0,0.0,0.00,8,6,15,0,15,0,0,0,2.30,-0.7,.962,0,0,58.2,0,0,11,11,7,3,0,0,3,1,0,0,0.0,0.0
CF,Joe DiMaggio,Joe,DiMaggio,Newport News Dodgers_TTC,6' 2',195 lbs,R,R,64,New York Yankees,NYY,1951,1946-1960,,85062,Bronze,HOF 1 - Veteran Presence  CF Joe DiMaggio  NYY  1951,0,N,0,63,85,80,87,85,81,66,78,84,88,55,91,81,89,85,10,9,Normal,Spray,Spray,1,1,1,2,1,1,1,2,1,1,1,2,16,-,-,-,-,-,-,-,-,-,-,-,1,NEU,90-92,3/4,Normal,1,13,-,-,-,9,8,5,8,88,105,100,-,-,-,-,-,-,-,94,-,15,-,-,-,-,-,-,94,-,42,5,6,69,6,6,20,19,2,1,1,0,0,1,0,1,0,0,0,0,0,4,1,0.3,-0.38,0,-2.6,-0.2,3.50,0,0,0.0,0.0,0,0,0,0,0,0,0,0.0,0,0,0,0,0,0,0,0,0,0,0,0,0,0,0,0,0,0,0,0,0,0.00,0,0,0,0,0,0.0,0.0,0.0,0.00,6,6,16,0,16,0,0,0,2.88,-0.0,1.027,0,0,50.0,0,0,15,15,2,1,1,0,1,0,1,0,0.0,0.1
CF,Joe DiMaggio,Joe,DiMaggio,Deep 13 Mad Scientists,6' 2',195 lbs,R,R,64,New York Yankees,NYY,1951,1946-1960,,85062,Bronze,HOF 1 - Veteran Presence  CF Joe DiMaggio  NYY  1951,0,N,0,63,85,80,87,85,81,66,78,84,88,55,91,81,89,85,10,9,Normal,Spray,Spray,1,1,1,2,1,1,1,2,1,1,1,2,16,-,-,-,-,-,-,-,-,-,-,-,1,NEU,90-92,3/4,Normal,1,13,-,-,-,9,8,5,8,88,105,100,-,-,-,-,-,-,-,94,-,15,-,-,-,-,-,-,94,-,42,5,6,69,6,6,28,25,2,1,1,0,0,2,1,2,0,0,0,1,0,4,1,0.4,-0.70,0,-4.0,-0.4,3.32,0,0,0.0,-0.1,0,0,0,0,0,0,0,0.0,0,0,0,0,0,0,0,0,0,0,0,0,0,0,0,0,0,0,0,0,0,0.00,0,0,0,0,0,0.0,0.0,0.0,0.00,6,6,23,1,21,1,0,0,2.96,-0.6,.980,0,0,67.0,0,0,19,18,4,1,2,2,1,0,6,0,0.0,0.0
CF,Joe DiMaggio,Joe,DiMaggio,Jinzhou Speedster,6' 2',195 lbs,R,R,64,New York Yankees,NYY,1951,1946-1960,,85062,Bronze,HOF 1 - Veteran Presence  CF Joe DiMaggio  NYY  1951,0,N,0,63,85,80,87,85,81,66,78,84,88,55,91,81,89,85,10,9,Normal,Spray,Spray,1,1,1,2,1,1,1,2,1,1,1,2,16,-,-,-,-,-,-,-,-,-,-,-,1,NEU,90-92,3/4,Normal,1,13,-,-,-,9,8,5,8,88,105,100,-,-,-,-,-,-,-,94,-,15,-,-,-,-,-,-,94,-,42,5,6,69,6,6,25,24,4,3,1,0,0,1,1,0,0,0,1,0,0,3,0,0.9,-0.16,0,-2.9,-0.3,3.28,0,0,0.0,0.5,0,0,0,0,0,0,0,0.0,0,0,0,0,0,0,0,0,0,0,0,0,0,0,0,0,0,0,0,0,0,0.00,0,0,0,0,0,0.0,0.0,0.0,0.00,6,6,27,0,27,0,0,0,4.53,-0.5,.924,0,0,53.2,0,0,21,20,5,5,2,1,6,1,2,0,0.0,-0.6
CF,Joe DiMaggio,Joe,DiMaggio,Allston Wolf Spiders,6' 2',195 lbs,R,R,64,New York Yankees,NYY,1951,1946-1960,,85062,Bronze,HOF 1 - Veteran Presence  CF Joe DiMaggio  NYY  1951,0,N,0,63,85,80,87,85,81,66,78,84,88,55,91,81,89,85,10,9,Normal,Spray,Spray,1,1,1,2,1,1,1,2,1,1,1,2,16,-,-,-,-,-,-,-,-,-,-,-,1,NEU,90-92,3/4,Normal,1,13,-,-,-,9,8,5,8,88,105,100,-,-,-,-,-,-,-,94,-,15,-,-,-,-,-,-,94,-,42,5,6,69,6,6,23,22,3,2,1,0,0,0,2,1,0,0,0,0,0,5,0,0.7,0.01,0,-2.6,-0.3,3.35,0,0,0.0,0.0,0,0,0,0,0,0,0,0.0,0,0,0,0,0,0,0,0,0,0,0,0,0,0,0,0,0,0,0,0,0,0.00,0,0,0,0,0,0.0,0.0,0.0,0.00,6,6,14,0,14,0,0,0,2.39,-0.9,1.027,0,0,52.2,0,0,13,12,3,2,3,0,4,0,4,0,0.0,-0.0
CF,Joe DiMaggio,Joe,DiMaggio,Louisville Haymakers,6' 2',195 lbs,R,R,64,New York Yankees,NYY,1951,1946-1960,,85062,Bronze,HOF 1 - Veteran Presence  CF Joe DiMaggio  NYY  1951,0,N,0,63,85,80,87,85,81,66,78,84,88,55,91,81,89,85,10,9,Normal,Spray,Spray,1,1,1,2,1,1,1,2,1,1,1,2,16,-,-,-,-,-,-,-,-,-,-,-,1,NEU,90-92,3/4,Normal,1,13,-,-,-,9,8,5,8,88,105,100,-,-,-,-,-,-,-,94,-,15,-,-,-,-,-,-,94,-,42,5,6,69,7,7,29,26,7,5,1,0,1,2,4,1,0,1,1,0,0,3,2,2.9,0.07,3,0.3,0.1,3.07,0,0,0.0,0.0,0,0,0,0,0,0,0,0.0,0,0,0,0,0,0,0,0,0,0,0,0,0,0,0,0,0,0,0,0,0,0.00,0,0,0,0,0,0.0,0.0,0.0,0.00,7,7,21,0,21,0,0,0,3.17,-0.2,1.027,0,0,59.2,0,0,16,16,6,3,5,2,1,0,2,0,0.0,0.0
CF,Joe DiMaggio,Joe,DiMaggio,HickoryHoller JayBirds,6' 2',195 lbs,R,R,64,New York Yankees,NYY,1951,1946-1960,,85062,Bronze,HOF 1 - Veteran Presence  CF Joe DiMaggio  NYY  1951,0,N,0,63,85,80,87,85,81,66,78,84,88,55,91,81,89,85,10,9,Normal,Spray,Spray,1,1,1,2,1,1,1,2,1,1,1,2,16,-,-,-,-,-,-,-,-,-,-,-,1,NEU,90-92,3/4,Normal,1,13,-,-,-,9,8,5,8,88,105,100,-,-,-,-,-,-,-,94,-,15,-,-,-,-,-,-,94,-,42,5,6,69,6,6,28,26,4,3,0,0,1,2,3,2,0,0,0,0,0,4,0,1.6,-0.06,1,-1.9,-0.1,3.36,0,0,0.0,0.2,0,0,0,0,0,0,0,0.0,0,0,0,0,0,0,0,0,0,0,0,0,0,0,0,0,0,0,0,0,0,0.00,0,0,0,0,0,0.0,0.0,0.0,0.00,6,6,22,0,22,0,0,0,3.45,-0.4,.982,0,0,57.1,0,0,16,15,8,6,4,1,0,0,1,0,0.0,0.1
CF,Joe DiMaggio,Joe,DiMaggio,Smyrna Stooges,6' 2',195 lbs,R,R,64,New York Yankees,NYY,1951,1946-1960,,85062,Bronze,HOF 1 - Veteran Presence  CF Joe DiMaggio  NYY  1951,0,N,0,63,85,80,87,85,81,66,78,84,88,55,91,81,89,85,10,9,Normal,Spray,Spray,1,1,1,2,1,1,1,2,1,1,1,2,16,-,-,-,-,-,-,-,-,-,-,-,1,NEU,90-92,3/4,Normal,1,13,-,-,-,9,8,5,8,88,105,100,-,-,-,-,-,-,-,94,-,15,-,-,-,-,-,-,94,-,42,5,6,69,3,2,8,8,3,3,0,0,0,1,0,0,0,0,0,0,0,2,0,1.1,0.01,1,0.2,0.0,4.50,0,0,0.0,0.0,0,0,0,0,0,0,0,0.0,0,0,0,0,0,0,0,0,0,0,0,0,0,0,0,0,0,0,0,0,0,0.00,0,0,0,0,0,0.0,0.0,0.0,0.00,2,2,9,0,9,0,0,0,4.76,-0.3,.924,0,0,17.0,0,0,7,6,3,3,0,0,1,0,2,0,0.0,0.3
CF,Joe DiMaggio,Joe,DiMaggio,Gettysburg Iron Brigade,6' 2',195 lbs,R,R,64,New York Yankees,NYY,1951,1946-1960,,85062,Bronze,HOF 1 - Veteran Presence  CF Joe DiMaggio  NYY  1951,0,N,0,63,85,80,87,85,81,66,78,84,88,55,91,81,89,85,10,9,Normal,Spray,Spray,1,1,1,2,1,1,1,2,1,1,1,2,16,-,-,-,-,-,-,-,-,-,-,-,1,NEU,90-92,3/4,Normal,1,13,-,-,-,9,8,5,8,88,105,100,-,-,-,-,-,-,-,94,-,15,-,-,-,-,-,-,94,-,42,5,6,69,10,9,39,37,5,3,0,0,2,4,5,2,0,0,0,0,0,6,1,1.8,-0.23,1,-2.9,0.0,3.36,0,0,0.0,0.1,0,0,0,0,0,0,0,0.0,0,0,0,0,0,0,0,0,0,0,0,0,0,0,0,0,0,0,0,0,0,0.00,0,0,0,0,0,0.0,0.0,0.0,0.00,9,9,30,3,27,0,0,0,3.38,1.0,.990,0,0,80.0,0,0,20,20,3,2,4,3,3,2,3,0,0.0,0.7
CF,Joe DiMaggio,Joe,DiMaggio,Ware Wolves2,6' 2',195 lbs,R,R,64,New York Yankees,NYY,1951,1946-1960,,85062,Bronze,HOF 1 - Veteran Presence  CF Joe DiMaggio  NYY  1951,0,N,0,63,85,80,87,85,81,66,78,84,88,55,91,81,89,85,10,9,Normal,Spray,Spray,1,1,1,2,1,1,1,2,1,1,1,2,16,-,-,-,-,-,-,-,-,-,-,-,1,NEU,90-92,3/4,Normal,1,13,-,-,-,9,8,5,8,88,105,100,-,-,-,-,-,-,-,94,-,15,-,-,-,-,-,-,94,-,42,5,6,69,25,23,103,96,17,9,2,1,5,16,7,6,1,0,0,1,0,12,2,7.7,0.36,7,-4.3,-0.0,3.70,0,0,0.0,0.3,0,0,0,0,0,0,0,0.0,0,0,0,0,0,0,0,0,0,0,0,0,0,0,0,0,0,0,0,0,0,0.00,0,0,0,0,0,0.0,0.0,0.0,0.00,25,23,80,1,78,1,0,0,3.37,-0.2,1.001,0,0,211.0,0,0,63,62,18,11,8,3,8,2,6,0,0.0,0.1
CF,Joe DiMaggio,Joe,DiMaggio,Deadwood Punch and Judys TTC,6' 2',195 lbs,R,R,64,New York Yankees,NYY,1951,1946-1960,,85062,Bronze,HOF 1 - Veteran Presence  CF Joe DiMaggio  NYY  1951,0,N,0,63,85,80,87,85,81,66,78,84,88,55,91,81,89,85,10,9,Normal,Spray,Spray,1,1,1,2,1,1,1,2,1,1,1,2,16,-,-,-,-,-,-,-,-,-,-,-,1,NEU,90-92,3/4,Normal,1,13,-,-,-,9,8,5,8,88,105,100,-,-,-,-,-,-,-,94,-,15,-,-,-,-,-,-,94,-,42,5,6,69,8,8,32,27,7,6,0,1,0,4,4,4,0,0,0,1,0,4,0,3.6,0.03,3,0.0,0.0,3.47,0,0,0.0,-0.0,0,0,0,0,0,0,0,0.0,0,0,0,0,0,0,0,0,0,0,0,0,0,0,0,0,0,0,0,0,0,0.00,0,0,0,0,0,0.0,0.0,0.0,0.00,8,8,18,0,17,1,0,0,2.15,-0.5,1.027,0,0,71.0,0,0,11,9,8,7,4,0,3,1,7,0,0.0,-0.5
CF,Joe DiMaggio,Joe,DiMaggio,Madison Moundsmen,6' 2',195 lbs,R,R,64,New York Yankees,NYY,1951,1946-1960,,85062,Bronze,HOF 1 - Veteran Presence  CF Joe DiMaggio  NYY  1951,0,Y,5,69,92,87,94,92,88,72,85,91,96,60,99,88,97,92,10,9,Normal,Spray,Spray,1,1,1,4,1,1,1,4,1,1,1,4,16,-,-,-,-,-,-,-,-,-,-,-,1,NEU,90-92,3/4,Normal,1,13,-,-,-,9,8,5,8,88,105,100,-,-,-,-,-,-,-,101,-,17,-,-,-,-,-,-,101,-,42,5,6,69,7,5,21,20,3,2,1,0,0,3,2,1,0,0,0,0,0,3,0,0.8,0.21,0,-2.1,-0.1,3.52,0,0,0.0,0.0,0,0,0,0,0,0,0,0.0,0,0,0,0,0,0,0,0,0,0,0,0,0,0,0,0,0,0,0,0,0,0.00,0,0,0,0,0,0.0,0.0,0.0,0.00,7,5,18,0,18,0,0,0,3.38,1.0,1.027,0,0,48.0,0,0,11,11,6,6,1,0,2,0,2,1,0.0,-0.3
CF,Joe DiMaggio,Joe,DiMaggio,Kansas City Torrent - JW,6' 2',195 lbs,R,R,64,New York Yankees,NYY,1951,1946-1960,,85062,Bronze,HOF 1 - Veteran Presence  CF Joe DiMaggio  NYY  1951,47,N,0,63,85,80,87,85,81,66,78,84,88,55,91,81,89,85,10,9,Normal,Spray,Spray,1,1,1,2,1,1,1,2,1,1,1,2,16,-,-,-,-,-,-,-,-,-,-,-,1,NEU,90-92,3/4,Normal,1,13,-,-,-,9,8,5,8,88,105,100,-,-,-,-,-,-,-,94,-,15,-,-,-,-,-,-,94,-,42,5,6,69,2,1,4,4,2,0,1,0,1,2,1,0,0,0,0,0,0,1,0,3.0,0.01,2,1.7,0.2,3.00,0,0,0.0,0.0,0,0,0,0,0,0,0,0.0,0,0,0,0,0,0,0,0,0,0,0,0,0,0,0,0,0,0,0,0,0,0.00,0,0,0,0,0,0.0,0.0,0.0,0.00,2,1,3,0,3,0,0,0,2.70,0.2,1.027,0,0,10.0,0,0,1,1,1,1,2,1,0,0,0,0,0.0,-0.1
CF,Joe DiMaggio,Joe,DiMaggio,Groundball Defenders,6' 2',195 lbs,R,R,64,New York Yankees,NYY,1951,1946-1960,,85062,Bronze,HOF 1 - Veteran Presence  CF Joe DiMaggio  NYY  1951,0,N,0,63,85,80,87,85,81,66,78,84,88,55,91,81,89,85,10,9,Normal,Spray,Spray,1,1,1,2,1,1,1,2,1,1,1,2,16,-,-,-,-,-,-,-,-,-,-,-,1,NEU,90-92,3/4,Normal,1,13,-,-,-,9,8,5,8,88,105,100,-,-,-,-,-,-,-,94,-,15,-,-,-,-,-,-,94,-,42,5,6,69,14,13,51,47,13,11,1,1,0,2,4,4,0,0,0,0,0,7,0,5.7,-0.43,6,-0.0,0.2,3.67,0,0,0.0,0.2,0,0,0,0,0,0,0,0.0,0,0,0,0,0,0,0,0,0,0,0,0,0,0,0,0,0,0,0,0,0,0.00,0,0,0,0,0,0.0,0.0,0.0,0.00,14,13,49,0,45,4,0,0,3.44,-0.3,.983,0,0,117.2,0,0,35,31,12,10,4,3,5,0,2,1,0.0,-0.1
CF,Joe DiMaggio,Joe,DiMaggio,Altamonte Ryno's,6' 2',195 lbs,R,R,64,New York Yankees,NYY,1951,1946-1960,,85062,Bronze,HOF 1 - Veteran Presence  CF Joe DiMaggio  NYY  1951,0,N,0,63,85,80,87,85,81,66,78,84,88,55,91,81,89,85,10,9,Normal,Spray,Spray,1,1,1,2,1,1,1,2,1,1,1,2,16,-,-,-,-,-,-,-,-,-,-,-,1,NEU,90-92,3/4,Normal,1,13,-,-,-,9,8,5,8,88,105,100,-,-,-,-,-,-,-,94,-,15,-,-,-,-,-,-,94,-,42,5,6,69,4,4,15,14,1,0,0,0,1,1,1,1,0,0,0,0,0,2,1,0.3,-0.14,0,-1.4,-0.1,4.07,0,0,0.0,0.0,0,0,0,0,0,0,0,0.0,0,0,0,0,0,0,0,0,0,0,0,0,0,0,0,0,0,0,0,0,0,0.00,0,0,0,0,0,0.0,0.0,0.0,0.00,4,4,10,0,10,0,0,0,2.57,0.2,1.027,0,0,35.0,0,0,7,7,4,3,0,0,0,0,0,0,0.0,-0.2
CF,Joe DiMaggio,Joe,DiMaggio,PNW Wild Stallions,6' 2',195 lbs,R,R,64,New York Yankees,NYY,1951,1946-1960,,85062,Bronze,HOF 1 - Veteran Presence  CF Joe DiMaggio  NYY  1951,0,N,0,63,85,80,87,85,81,66,78,84,88,55,91,81,89,85,10,9,Normal,Spray,Spray,1,1,1,2,1,1,1,2,1,1,1,2,16,-,-,-,-,-,-,-,-,-,-,-,1,NEU,90-92,3/4,Normal,1,13,-,-,-,9,8,5,8,88,105,100,-,-,-,-,-,-,-,94,-,15,-,-,-,-,-,-,94,-,42,5,6,69,3,3,11,11,3,3,0,0,0,3,0,0,0,0,0,0,0,1,0,0.8,-0.18,0,-0.5,0.0,3.82,0,0,0.0,-0.0,0,0,0,0,0,0,0,0.0,0,0,0,0,0,0,0,0,0,0,0,0,0,0,0,0,0,0,0,0,0,0.00,0,0,0,0,0,0.0,0.0,0.0,0.00,3,3,10,0,10,0,0,0,3.46,0.2,1.027,0,0,26.0,0,0,10,10,0,0,0,0,0,0,0,0,0.0,-0.0
CF,Joe DiMaggio,Joe,DiMaggio,Hancocks and Sidekicks TTC,6' 2',195 lbs,R,R,64,New York Yankees,NYY,1951,1946-1960,,85062,Bronze,HOF 1 - Veteran Presence  CF Joe DiMaggio  NYY  1951,0,N,0,63,85,80,87,85,81,66,78,84,88,55,91,81,89,85,10,9,Normal,Spray,Spray,1,1,1,2,1,1,1,2,1,1,1,2,16,-,-,-,-,-,-,-,-,-,-,-,1,NEU,90-92,3/4,Normal,1,13,-,-,-,9,8,5,8,88,105,100,-,-,-,-,-,-,-,94,-,15,-,-,-,-,-,-,94,-,42,5,6,69,31,30,123,112,27,22,2,0,3,11,12,11,0,0,0,0,0,16,1,12.3,-0.25,13,-1.1,0.2,3.73,0,0,0.0,-0.1,0,0,0,0,0,0,0,0.0,0,0,0,0,0,0,0,0,0,0,0,0,0,0,0,0,0,0,0,0,0,0.00,0,0,0,0,0,0.0,0.0,0.0,0.00,31,30,93,2,90,1,1,0,3.13,-1.0,.962,0,0,264.1,0,0,78,75,12,8,8,4,9,2,10,1,0.0,-0.0
CF,Joe DiMaggio,Joe,DiMaggio,BAGgin' Dingers TTC,6' 2',195 lbs,R,R,64,New York Yankees,NYY,1951,1946-1960,,85062,Bronze,HOF 1 - Veteran Presence  CF Joe DiMaggio  NYY  1951,0,Y,5,69,92,87,94,92,88,72,85,91,96,60,99,88,97,92,10,9,Normal,Spray,Spray,1,1,1,4,1,1,1,4,1,1,1,4,16,-,-,-,-,-,-,-,-,-,-,-,1,NEU,90-92,3/4,Normal,1,13,-,-,-,9,8,5,8,88,105,100,-,-,-,-,-,-,-,101,-,17,-,-,-,-,-,-,101,-,42,5,6,69,4,1,7,7,1,1,0,0,0,0,0,0,0,0,0,0,0,2,0,0.1,-0.12,0,-1.0,-0.1,4.71,0,0,0.0,0.0,0,0,0,0,0,0,0,0.0,0,0,0,0,0,0,0,0,0,0,0,0,0,0,0,0,0,0,0,0,0,0.00,0,0,0,0,0,0.0,0.0,0.0,0.00,1,1,2,0,2,0,0,0,2.00,0.1,1.027,0,0,9.0,0,0,1,1,1,1,0,0,0,0,1,0,0.0,0.0
CF,Joe DiMaggio,Joe,DiMaggio,Canterbury Tails,6' 2',195 lbs,R,R,64,New York Yankees,NYY,1951,1946-1960,,85062,Bronze,HOF 1 - Veteran Presence  CF Joe DiMaggio  NYY  1951,0,N,0,63,85,80,87,85,81,66,78,84,88,55,91,81,89,85,10,9,Normal,Spray,Spray,1,1,1,2,1,1,1,2,1,1,1,2,16,-,-,-,-,-,-,-,-,-,-,-,1,NEU,90-92,3/4,Normal,1,13,-,-,-,9,8,5,8,88,105,100,-,-,-,-,-,-,-,94,-,15,-,-,-,-,-,-,94,-,42,5,6,69,6,6,23,21,1,1,0,0,0,1,1,2,0,0,0,0,0,3,0,0.2,-0.52,-1,-3.8,-0.3,3.48,0,0,0.0,-0.1,0,0,0,0,0,0,0,0.0,0,0,0,0,0,0,0,0,0,0,0,0,0,0,0,0,0,0,0,0,0,0.00,0,0,0,0,0,0.0,0.0,0.0,0.00,6,6,14,0,13,1,0,0,2.22,0.3,1.027,0,0,52.2,0,0,9,9,4,2,2,1,0,0,4,1,0.0,-0.2
CF,Joe DiMaggio,Joe,DiMaggio,Sabo's Saturn League Legends TTC,6' 2',195 lbs,R,R,64,New York Yankees,NYY,1951,1946-1960,,85062,Bronze,HOF 1 - Veteran Presence  CF Joe DiMaggio  NYY  1951,0,N,0,63,85,80,87,85,81,66,78,84,88,55,91,81,89,85,10,9,Normal,Spray,Spray,1,1,1,2,1,1,1,2,1,1,1,2,16,-,-,-,-,-,-,-,-,-,-,-,1,NEU,90-92,3/4,Normal,1,13,-,-,-,9,8,5,8,88,105,100,-,-,-,-,-,-,-,94,-,15,-,-,-,-,-,-,94,-,42,5,6,69,12,12,50,46,11,6,2,1,2,9,6,3,0,0,0,1,0,6,0,6.2,-0.29,6,0.4,0.5,3.56,0,0,0.0,0.3,0,0,0,0,0,0,0,0.0,0,0,0,0,0,0,0,0,0,0,0,0,0,0,0,0,0,0,0,0,0,0.00,0,0,0,0,0,0.0,0.0,0.0,0.00,12,12,32,1,31,0,0,0,2.72,1.5,1.027,0,0,106.0,0,0,21,21,7,6,3,3,5,1,1,0,0.0,0.5
CF,Joe DiMaggio,Joe,DiMaggio,Out of Left Field,6' 2',195 lbs,R,R,64,New York Yankees,NYY,1951,1946-1960,,85062,Bronze,HOF 1 - Veteran Presence  CF Joe DiMaggio  NYY  1951,0,N,0,63,85,80,87,85,81,66,78,84,88,55,91,81,89,85,10,9,Normal,Spray,Spray,1,1,1,2,1,1,1,2,1,1,1,2,16,-,-,-,-,-,-,-,-,-,-,-,1,NEU,90-92,3/4,Normal,1,13,-,-,-,9,8,5,8,88,105,100,-,-,-,-,-,-,-,94,-,15,-,-,-,-,-,-,94,-,42,5,6,69,12,10,39,35,4,1,3,0,0,1,5,4,0,0,0,0,0,7,0,1.6,-0.71,1,-3.5,-0.2,3.64,0,0,0.0,0.2,0,0,0,0,0,0,0,0.0,0,0,0,0,0,0,0,0,0,0,0,0,0,0,0,0,0,0,0,0,0,0.00,0,0,0,0,0,0.0,0.0,0.0,0.00,12,10,29,0,28,1,0,0,2.83,0.2,1.027,0,0,89.0,0,0,23,22,6,3,4,2,1,1,1,0,0.0,0.1
CF,Mule Haas,Mule,Haas,Birmingham Black Barons,6' 1',175 lbs,L,R,69,Philadelphia Athletics,OAK,1931,1921-1945,,83648,Bronze,Snapshot  CF Mule Haas  PHA  1931,0,N,0,79,81,82,61,102,69,67,101,60,95,82,86,76,62,105,69,6,Normal,Normal,Normal,1,1,1,1,1,1,1,1,1,1,2,1,16,-,-,-,-,-,-,-,-,-,-,-,1,NEU,90-92,3/4,Normal,1,5,-,-,-,6,1,9,4,72,101,54,-,-,-,-,-,-,-,63,77,4,-,-,-,-,-,-,63,77,30,4,6,25,12,7,36,33,11,6,5,0,0,7,3,1,1,0,2,0,0,2,0,5.7,0.19,4,0.6,0.1,2.94,0,0,0.0,0.0,0,0,0,0,0,0,0,0.0,0,0,0,0,0,0,0,0,0,0,0,0,0,0,0,0,0,0,0,0,0,0.00,0,0,0,0,0,0.0,0.0,0.0,0.00,12,7,22,0,22,0,0,0,2.54,-0.5,.980,0,0,78.0,0,0,16,15,9,7,2,0,1,0,3,0,0.0,-0.1
CF,Mule Haas,Mule,Haas,Statesville Shadowcats,6' 1',175 lbs,L,R,69,Philadelphia Athletics,OAK,1931,1921-1945,,83648,Bronze,Snapshot  CF Mule Haas  PHA  1931,0,N,0,79,81,82,61,102,69,67,101,60,95,82,86,76,62,105,69,6,Normal,Normal,Normal,1,1,1,1,1,1,1,1,1,1,2,1,16,-,-,-,-,-,-,-,-,-,-,-,1,NEU,90-92,3/4,Normal,1,5,-,-,-,6,1,9,4,72,101,54,-,-,-,-,-,-,-,63,77,4,-,-,-,-,-,-,63,77,30,4,6,25,1,,1,1,0,0,0,0,0,0,0,0,0,0,0,0,0,0,0,0.0,-0.06,0,-0.2,-0.0,2.00,0,0,0.0,0.0,0,0,0,0,0,0,0,0.0,0,0,0,0,0,0,0,0,0,0,0,0,0,0,0,0,0,0,0,0,0,0.00,0,0,0,0,0,0.0,0.0,0.0,0.00,1,0,0,0,0,0,0,0,0.00,0.0,.000,0,0,1.0,0,0,0,0,0,0,0,0,0,0,0,0,0.0,0.0
CF,Mule Haas,Mule,Haas,Newport News Dodgers_TTC,6' 1',175 lbs,L,R,69,Philadelphia Athletics,OAK,1931,1921-1945,,83648,Bronze,Snapshot  CF Mule Haas  PHA  1931,0,N,0,79,81,82,61,102,69,67,101,60,95,82,86,76,62,105,69,6,Normal,Normal,Normal,1,1,1,1,1,1,1,1,1,1,2,1,16,-,-,-,-,-,-,-,-,-,-,-,1,NEU,90-92,3/4,Normal,1,5,-,-,-,6,1,9,4,72,101,54,-,-,-,-,-,-,-,63,77,4,-,-,-,-,-,-,63,77,30,4,6,25,4,,7,6,3,3,0,0,0,0,2,1,0,0,0,0,0,0,0,1.9,0.20,1,1.0,0.1,3.86,0,0,0.0,-0.2,0,0,0,0,0,0,0,0.0,0,0,0,0,0,0,0,0,0,0,0,0,0,0,0,0,0,0,0,0,0,0.00,0,0,0,0,0,0.0,0.0,0.0,0.00,2,0,2,0,2,0,0,0,2.45,0.0,1.019,0,0,7.1,0,0,2,2,0,0,0,0,0,0,0,0,0.0,-0.1
CF,Mule Haas,Mule,Haas,San Francisco Seals,6' 1',175 lbs,L,R,69,Philadelphia Athletics,OAK,1931,1921-1945,,83648,Bronze,Snapshot  CF Mule Haas  PHA  1931,0,N,0,79,81,82,61,102,69,67,101,60,95,82,86,76,62,105,69,6,Normal,Normal,Normal,1,1,1,1,1,1,1,1,1,1,2,1,16,-,-,-,-,-,-,-,-,-,-,-,1,NEU,90-92,3/4,Normal,1,5,-,-,-,6,1,9,4,72,101,54,-,-,-,-,-,-,-,63,77,4,-,-,-,-,-,-,63,77,30,4,6,25,6,4,19,18,5,3,1,0,1,3,1,1,0,0,0,0,0,2,1,2.4,-0.21,2,0.7,0.1,3.89,0,0,0.0,-0.0,0,0,0,0,0,0,0,0.0,0,0,0,0,0,0,0,0,0,0,0,0,0,0,0,0,0,0,0,0,0,0.00,0,0,0,0,0,0.0,0.0,0.0,0.00,4,4,11,1,9,1,0,0,2.50,-1.0,.777,0,0,36.0,0,0,9,8,2,1,1,1,1,0,3,0,0.0,0.1
CF,Mule Haas,Mule,Haas,Ungentlemanly Fightin' Fellows TTC,6' 1',175 lbs,L,R,69,Philadelphia Athletics,OAK,1931,1921-1945,,83648,Bronze,Snapshot  CF Mule Haas  PHA  1931,0,N,0,79,81,82,61,102,69,67,101,60,95,82,86,76,62,105,69,6,Normal,Normal,Normal,1,1,1,1,1,1,1,1,1,1,2,1,16,-,-,-,-,-,-,-,-,-,-,-,1,NEU,90-92,3/4,Normal,1,5,-,-,-,6,1,9,4,72,101,54,-,-,-,-,-,-,-,63,77,4,-,-,-,-,-,-,63,77,30,4,6,25,4,4,19,18,4,2,0,0,2,3,2,1,0,0,0,0,0,3,0,2.7,-0.11,2,0.7,0.1,3.63,0,0,0.0,-0.1,0,0,0,0,0,0,0,0.0,0,0,0,0,0,0,0,0,0,0,0,0,0,0,0,0,0,0,0,0,0,0.00,0,0,0,0,0,0.0,0.0,0.0,0.00,4,4,13,0,13,0,0,0,3.44,-0.1,1.027,0,0,34.0,0,0,13,12,1,1,1,0,0,0,2,0,0.0,-0.1
CF,Mule Haas,Mule,Haas,Huatulco Tacos,6' 1',175 lbs,L,R,69,Philadelphia Athletics,OAK,1931,1921-1945,,83648,Bronze,Snapshot  CF Mule Haas  PHA  1931,0,N,0,79,81,82,61,102,69,67,101,60,95,82,86,76,62,105,69,6,Normal,Normal,Normal,1,1,1,1,1,1,1,1,1,1,2,1,16,-,-,-,-,-,-,-,-,-,-,-,1,NEU,90-92,3/4,Normal,1,5,-,-,-,6,1,9,4,72,101,54,-,-,-,-,-,-,-,63,77,4,-,-,-,-,-,-,63,77,30,4,6,25,1,,1,1,0,0,0,0,0,0,0,0,0,0,0,0,0,0,0,0.0,-0.00,0,-0.2,-0.0,4.00,0,0,0.0,0.0,0,0,0,0,0,0,0,0.0,0,0,0,0,0,0,0,0,0,0,0,0,0,0,0,0,0,0,0,0,0,0.00,0,0,0,0,0,0.0,0.0,0.0,0.00,1,0,1,0,0,1,0,0,0.00,-0.1,.000,0,0,2.0,0,0,0,0,0,0,1,0,0,0,0,0,0.0,-0.0
CF,Mule Haas,Mule,Haas,Port Townsend Wild Daphnes,6' 1',175 lbs,L,R,69,Philadelphia Athletics,OAK,1931,1921-1945,,83648,Bronze,Snapshot  CF Mule Haas  PHA  1931,0,N,0,79,81,82,61,102,69,67,101,60,95,82,86,76,62,105,69,6,Normal,Normal,Normal,1,1,1,1,1,1,1,1,1,1,2,1,16,-,-,-,-,-,-,-,-,-,-,-,1,NEU,90-92,3/4,Normal,1,5,-,-,-,6,1,9,4,72,101,54,-,-,-,-,-,-,-,63,77,4,-,-,-,-,-,-,63,77,30,4,6,25,27,11,53,45,10,6,2,0,2,8,6,4,0,2,0,2,0,10,1,5.8,-0.41,6,0.1,0.1,4.00,0,0,0.0,-0.1,0,0,0,0,0,0,0,0.0,0,0,0,0,0,0,0,0,0,0,0,0,0,0,0,0,0,0,0,0,0,0.00,0,0,0,0,0,0.0,0.0,0.0,0.00,6,2,3,1,2,0,0,0,1.17,-0.1,1.056,0,0,23.0,0,0,3,3,0,0,1,0,0,0,1,0,0.0,-0.1
CF,Mule Haas,Mule,Haas,Aberfeldie Falcons,6' 1',175 lbs,L,R,69,Philadelphia Athletics,OAK,1931,1921-1945,,83648,Bronze,Snapshot  CF Mule Haas  PHA  1931,0,N,0,79,81,82,61,102,69,67,101,60,95,82,86,76,62,105,69,6,Normal,Normal,Normal,1,1,1,1,1,1,1,1,1,1,2,1,16,-,-,-,-,-,-,-,-,-,-,-,1,NEU,90-92,3/4,Normal,1,5,-,-,-,6,1,9,4,72,101,54,-,-,-,-,-,-,-,63,77,4,-,-,-,-,-,-,63,77,30,4,6,25,4,,4,3,0,0,0,0,0,0,0,1,0,0,0,0,0,0,0,0.1,0.12,0,-0.4,-0.0,4.00,0,0,0.0,0.0,0,0,0,0,0,0,0,0.0,0,0,0,0,0,0,0,0,0,0,0,0,0,0,0,0,0,0,0,0,0,0.00,0,0,0,0,0,0.0,0.0,0.0,0.00,0,0,0,0,0,0,0,0,0.00,0.0,.000,0,0,0.0,0,0,0,0,0,0,0,0,0,0,0,0,0.0,0.0
CF,Mule Haas,Mule,Haas,Brentwood Senators,6' 1',175 lbs,L,R,69,Philadelphia Athletics,OAK,1931,1921-1945,,83648,Bronze,Snapshot  CF Mule Haas  PHA  1931,0,N,0,79,81,82,61,102,69,67,101,60,95,82,86,76,62,105,69,6,Normal,Normal,Normal,1,1,1,1,1,1,1,1,1,1,2,1,16,-,-,-,-,-,-,-,-,-,-,-,1,NEU,90-92,3/4,Normal,1,5,-,-,-,6,1,9,4,72,101,54,-,-,-,-,-,-,-,63,77,4,-,-,-,-,-,-,63,77,30,4,6,25,4,3,14,12,4,4,0,0,0,3,0,0,0,1,0,1,0,3,0,1.7,-0.05,1,0.0,0.0,2.79,0,0,0.0,0.0,0,0,0,0,0,0,0,0.0,0,0,0,0,0,0,0,0,0,0,0,0,0,0,0,0,0,0,0,0,0,0.00,0,0,0,0,0,0.0,0.0,0.0,0.00,3,3,4,0,4,0,0,0,1.38,-0.1,1.027,0,0,26.0,0,0,2,2,2,2,2,0,1,0,1,0,0.0,-0.2
CF,Mule Haas,Mule,Haas,Louisville Haymakers,6' 1',175 lbs,L,R,69,Philadelphia Athletics,OAK,1931,1921-1945,,83648,Bronze,Snapshot  CF Mule Haas  PHA  1931,0,N,0,79,81,82,61,102,69,67,101,60,95,82,86,76,62,105,69,6,Normal,Normal,Normal,1,1,1,1,1,1,1,1,1,1,2,1,16,-,-,-,-,-,-,-,-,-,-,-,1,NEU,90-92,3/4,Normal,1,5,-,-,-,6,1,9,4,72,101,54,-,-,-,-,-,-,-,63,77,4,-,-,-,-,-,-,63,77,30,4,6,25,4,2,10,9,3,1,2,0,0,1,2,1,0,0,0,0,0,3,0,2.1,0.21,2,0.9,0.1,5.00,0,0,0.0,-0.5,0,0,0,0,0,0,0,0.0,0,0,0,0,0,0,0,0,0,0,0,0,0,0,0,0,0,0,0,0,0,0.00,0,0,0,0,0,0.0,0.0,0.0,0.00,3,2,3,1,2,0,0,0,1.42,0.2,1.039,0,0,19.0,0,0,2,2,0,0,1,1,0,0,1,0,0.0,0.3
CF,Mule Haas,Mule,Haas,DongTan Milky,6' 1',175 lbs,L,R,69,Philadelphia Athletics,OAK,1931,1921-1945,,83648,Bronze,Snapshot  CF Mule Haas  PHA  1931,0,N,0,79,81,82,61,102,69,67,101,60,95,82,86,76,62,105,69,6,Normal,Normal,Normal,1,1,1,1,1,1,1,1,1,1,2,1,16,-,-,-,-,-,-,-,-,-,-,-,1,NEU,90-92,3/4,Normal,1,5,-,-,-,6,1,9,4,72,101,54,-,-,-,-,-,-,-,63,77,4,-,-,-,-,-,-,63,77,30,4,6,25,4,4,16,15,2,2,0,0,0,0,0,1,0,0,0,0,0,1,0,0.4,-0.21,0,-1.9,-0.1,3.88,0,0,0.0,0.0,0,0,0,0,0,0,0,0.0,0,0,0,0,0,0,0,0,0,0,0,0,0,0,0,0,0,0,0,0,0,0.00,0,0,0,0,0,0.0,0.0,0.0,0.00,4,4,10,0,10,0,0,0,2.60,0.4,1.027,0,0,34.2,0,0,8,8,0,0,2,1,2,1,3,0,0.0,-0.3
CF,Mule Haas,Mule,Haas,Aurora Highlanders,6' 1',175 lbs,L,R,69,Philadelphia Athletics,OAK,1931,1921-1945,,83648,Bronze,Snapshot  CF Mule Haas  PHA  1931,0,N,0,79,81,82,61,102,69,67,101,60,95,82,86,76,62,105,69,6,Normal,Normal,Normal,1,1,1,1,1,1,1,1,1,1,2,1,16,-,-,-,-,-,-,-,-,-,-,-,1,NEU,90-92,3/4,Normal,1,5,-,-,-,6,1,9,4,72,101,54,-,-,-,-,-,-,-,63,77,4,-,-,-,-,-,-,63,77,30,4,6,25,1,,1,1,0,0,0,0,0,0,0,0,0,0,0,0,0,0,1,-0.0,-0.14,0,-0.2,-0.0,3.00,0,0,0.0,0.0,0,0,0,0,0,0,0,0.0,0,0,0,0,0,0,0,0,0,0,0,0,0,0,0,0,0,0,0,0,0,0.00,0,0,0,0,0,0.0,0.0,0.0,0.00,0,0,0,0,0,0,0,0,0.00,0.0,.000,0,0,0.0,0,0,0,0,0,0,0,0,0,0,0,0,0.0,0.0
CF,Mule Haas,Mule,Haas,Columbus Evil Squirrels,6' 1',175 lbs,L,R,69,Philadelphia Athletics,OAK,1931,1921-1945,,83648,Bronze,Snapshot  CF Mule Haas  PHA  1931,0,N,0,79,81,82,61,102,69,67,101,60,95,82,86,76,62,105,69,6,Normal,Normal,Normal,1,1,1,1,1,1,1,1,1,1,2,1,16,-,-,-,-,-,-,-,-,-,-,-,1,NEU,90-92,3/4,Normal,1,5,-,-,-,6,1,9,4,72,101,54,-,-,-,-,-,-,-,63,77,4,-,-,-,-,-,-,63,77,30,4,6,25,2,,2,2,0,0,0,0,0,0,0,0,0,0,0,0,0,0,0,0.0,0.24,0,-0.5,-0.0,3.50,0,0,0.0,0.0,0,0,0,0,0,0,0,0.0,0,0,0,0,0,0,0,0,0,0,0,0,0,0,0,0,0,0,0,0,0,0.00,0,0,0,0,0,0.0,0.0,0.0,0.00,1,0,0,0,0,0,0,0,0.00,0.0,.000,0,0,4.0,0,0,0,0,0,0,0,0,0,0,0,0,0.0,0.0
CF,Mule Haas,Mule,Haas,Bismarck Blizzard,6' 1',175 lbs,L,R,69,Philadelphia Athletics,OAK,1931,1921-1945,,83648,Bronze,Snapshot  CF Mule Haas  PHA  1931,0,N,0,79,81,82,61,102,69,67,101,60,95,82,86,76,62,105,69,6,Normal,Normal,Normal,1,1,1,1,1,1,1,1,1,1,2,1,16,-,-,-,-,-,-,-,-,-,-,-,1,NEU,90-92,3/4,Normal,1,5,-,-,-,6,1,9,4,72,101,54,-,-,-,-,-,-,-,63,77,4,-,-,-,-,-,-,63,77,30,4,6,25,3,1,4,3,1,0,1,0,0,0,1,1,0,0,0,0,0,1,0,1.1,0.02,1,0.6,0.0,3.75,0,0,0.0,-0.2,0,0,0,0,0,0,0,0.0,0,0,0,0,0,0,0,0,0,0,0,0,0,0,0,0,0,0,0,0,0,0.00,0,0,0,0,0,0.0,0.0,0.0,0.00,3,1,1,0,1,0,0,0,0.90,-0.2,1.019,0,0,10.0,0,0,1,1,0,0,1,0,0,0,2,0,0.0,0.0
CF,Mule Haas,Mule,Haas,Columbus Fire Ants,6' 1',175 lbs,L,R,69,Philadelphia Athletics,OAK,1931,1921-1945,,83648,Bronze,Snapshot  CF Mule Haas  PHA  1931,0,N,0,79,81,82,61,102,69,67,101,60,95,82,86,76,62,105,69,6,Normal,Normal,Normal,1,1,1,1,1,1,1,1,1,1,2,1,16,-,-,-,-,-,-,-,-,-,-,-,1,NEU,90-92,3/4,Normal,1,5,-,-,-,6,1,9,4,72,101,54,-,-,-,-,-,-,-,63,77,4,-,-,-,-,-,-,63,77,30,4,6,25,6,2,9,8,2,1,0,0,1,3,2,1,0,0,0,0,0,2,0,1.8,0.49,1,0.7,0.1,4.11,0,0,0.0,0.0,0,0,0,0,0,0,0,0.0,0,0,0,0,0,0,0,0,0,0,0,0,0,0,0,0,0,0,0,0,0,0.00,0,0,0,0,0,0.0,0.0,0.0,0.00,6,2,7,0,6,1,0,0,2.35,0.1,1.023,0,0,23.0,0,0,6,6,0,0,0,0,0,0,0,0,0.0,-0.1
CF,Mule Haas,Mule,Haas,Moncton Mosquitos,6' 1',175 lbs,L,R,69,Philadelphia Athletics,OAK,1931,1921-1945,,83648,Bronze,Snapshot  CF Mule Haas  PHA  1931,0,N,0,79,81,82,61,102,69,67,101,60,95,82,86,76,62,105,69,6,Normal,Normal,Normal,1,1,1,1,1,1,1,1,1,1,2,1,16,-,-,-,-,-,-,-,-,-,-,-,1,NEU,90-92,3/4,Normal,1,5,-,-,-,6,1,9,4,72,101,54,-,-,-,-,-,-,-,63,77,4,-,-,-,-,-,-,63,77,30,4,6,25,1,,1,1,1,1,0,0,0,1,0,0,0,0,0,0,0,0,0,1.0,0.04,0,0.5,0.1,3.00,0,0,0.0,0.0,0,0,0,0,0,0,0,0.0,0,0,0,0,0,0,0,0,0,0,0,0,0,0,0,0,0,0,0,0,0,0.00,0,0,0,0,0,0.0,0.0,0.0,0.00,0,0,0,0,0,0,0,0,0.00,0.0,.000,0,0,0.0,0,0,0,0,0,0,0,0,0,0,0,0,0.0,0.0
CF,Mule Haas,Mule,Haas,Altamonte Ryno's,6' 1',175 lbs,L,R,69,Philadelphia Athletics,OAK,1931,1921-1945,,83648,Bronze,Snapshot  CF Mule Haas  PHA  1931,0,Y,5,86,88,89,67,110,75,73,109,66,103,89,93,83,68,114,69,6,Normal,Normal,Normal,1,1,1,1,1,1,1,1,1,1,4,1,16,-,-,-,-,-,-,-,-,-,-,-,1,NEU,90-92,3/4,Normal,1,5,-,-,-,6,1,9,4,72,101,54,-,-,-,-,-,-,-,68,83,6,-,-,-,-,-,-,68,83,30,4,6,25,4,2,10,9,1,1,0,0,0,0,1,1,0,0,0,0,0,2,1,0.1,-0.11,0,-1.2,-0.1,3.40,0,0,0.0,-0.0,0,0,0,0,0,0,0,0.0,0,0,0,0,0,0,0,0,0,0,0,0,0,0,0,0,0,0,0,0,0,0.00,0,0,0,0,0,0.0,0.0,0.0,0.00,2,2,5,0,5,0,0,0,2.65,0.0,1.024,0,0,17.0,0,0,4,4,1,1,1,0,0,0,0,0,0.0,-0.1
CF,Mule Haas,Mule,Haas,Honolulu Warriors - HotL,6' 1',175 lbs,L,R,69,Philadelphia Athletics,OAK,1931,1921-1945,,83648,Bronze,Snapshot  CF Mule Haas  PHA  1931,0,Y,1,81,83,84,63,104,71,69,103,62,97,84,88,78,64,107,69,6,Normal,Normal,Normal,1,1,1,1,1,1,1,1,1,1,3,1,16,-,-,-,-,-,-,-,-,-,-,-,1,NEU,90-92,3/4,Normal,1,5,-,-,-,6,1,9,4,72,101,54,-,-,-,-,-,-,-,64,79,5,-,-,-,-,-,-,64,79,30,4,6,25,8,1,15,13,3,3,0,0,0,3,2,1,0,0,0,1,0,1,0,1.0,0.17,0,-0.9,-0.0,3.07,0,0,0.0,0.3,0,0,0,0,0,0,0,0.0,0,0,0,0,0,0,0,0,0,0,0,0,0,0,0,0,0,0,0,0,0,0.00,0,0,0,0,0,0.0,0.0,0.0,0.00,6,1,6,0,6,0,0,0,1.88,0.0,1.027,0,0,28.2,0,0,5,5,1,0,1,1,0,0,1,0,0.0,-0.2
CF,Mule Haas,Mule,Haas,Moonsault Collective MCs,6' 1',175 lbs,L,R,69,Philadelphia Athletics,OAK,1931,1921-1945,,83648,Bronze,Snapshot  CF Mule Haas  PHA  1931,0,N,0,79,81,82,61,102,69,67,101,60,95,82,86,76,62,105,69,6,Normal,Normal,Normal,1,1,1,1,1,1,1,1,1,1,2,1,16,-,-,-,-,-,-,-,-,-,-,-,1,NEU,90-92,3/4,Normal,1,5,-,-,-,6,1,9,4,72,101,54,-,-,-,-,-,-,-,63,77,4,-,-,-,-,-,-,63,77,30,4,6,25,3,,1,1,0,0,0,0,0,0,0,0,0,0,0,0,0,1,0,0.0,-0.03,0,-0.2,-0.0,5.00,0,0,0.0,0.0,0,0,0,0,0,0,0,0.0,0,0,0,0,0,0,0,0,0,0,0,0,0,0,0,0,0,0,0,0,0,0.00,0,0,0,0,0,0.0,0.0,0.0,0.00,2,0,1,0,1,0,0,0,4.50,0.0,1.019,0,0,2.0,0,0,1,1,0,0,0,0,0,0,0,0,0.0,0.0
CF,Mule Haas,Mule,Haas,Daegu Lions,6' 1',175 lbs,L,R,69,Philadelphia Athletics,OAK,1931,1921-1945,,83648,Bronze,Snapshot  CF Mule Haas  PHA  1931,0,N,0,79,81,82,61,102,69,67,101,60,95,82,86,76,62,105,69,6,Normal,Normal,Normal,1,1,1,1,1,1,1,1,1,1,2,1,16,-,-,-,-,-,-,-,-,-,-,-,1,NEU,90-92,3/4,Normal,1,5,-,-,-,6,1,9,4,72,101,54,-,-,-,-,-,-,-,63,77,4,-,-,-,-,-,-,63,77,30,4,6,25,14,11,50,48,13,8,3,2,0,6,6,2,0,0,0,0,0,4,1,5.7,0.42,6,0.3,0.2,3.24,0,0,0.0,-0.1,0,0,0,0,0,0,0,0.0,0,0,0,0,0,0,0,0,0,0,0,0,0,0,0,0,0,0,0,0,0,0.00,0,0,0,0,0,0.0,0.0,0.0,0.00,14,10,24,0,24,0,0,0,2.18,0.5,1.020,0,0,99.0,0,0,20,20,2,1,2,1,5,2,4,0,0.0,0.2
CF,Mule Haas,Mule,Haas,Energy Efficiency,6' 1',175 lbs,L,R,69,Philadelphia Athletics,OAK,1931,1921-1945,,83648,Bronze,Snapshot  CF Mule Haas  PHA  1931,0,N,0,79,81,82,61,102,69,67,101,60,95,82,86,76,62,105,69,6,Normal,Normal,Normal,1,1,1,1,1,1,1,1,1,1,2,1,16,-,-,-,-,-,-,-,-,-,-,-,1,NEU,90-92,3/4,Normal,1,5,-,-,-,6,1,9,4,72,101,54,-,-,-,-,-,-,-,63,77,4,-,-,-,-,-,-,63,77,30,4,6,25,11,11,59,54,15,10,2,0,3,12,6,2,0,0,1,2,0,13,0,8.1,0.04,7,0.9,0.3,3.80,0,0,0.0,-0.1,0,0,0,0,0,0,0,0.0,0,0,0,0,0,0,0,0,0,0,0,0,0,0,0,0,0,0,0,0,0,0.00,0,0,0,0,0,0.0,0.0,0.0,0.00,11,11,34,0,34,0,0,0,2.64,0.7,.997,0,0,116.0,0,0,23,23,9,7,5,3,5,1,3,0,0.0,-0.5
CF,Mule Haas,Mule,Haas,The Spacehog,6' 1',175 lbs,L,R,69,Philadelphia Athletics,OAK,1931,1921-1945,,83648,Bronze,Snapshot  CF Mule Haas  PHA  1931,0,Y,5,86,88,89,67,110,75,73,109,66,103,89,93,83,68,114,69,6,Normal,Normal,Normal,1,1,1,1,1,1,1,1,1,1,4,1,16,-,-,-,-,-,-,-,-,-,-,-,1,NEU,90-92,3/4,Normal,1,5,-,-,-,6,1,9,4,72,101,54,-,-,-,-,-,-,-,68,83,6,-,-,-,-,-,-,68,83,30,4,6,25,6,6,25,21,4,1,2,1,0,1,4,3,1,0,0,1,0,1,0,2.5,-0.04,2,-0.9,-0.0,3.28,0,0,0.0,-0.0,0,0,0,0,0,0,0,0.0,0,0,0,0,0,0,0,0,0,0,0,0,0,0,0,0,0,0,0,0,0,0.00,0,0,0,0,0,0.0,0.0,0.0,0.00,6,6,17,0,17,0,0,0,3.00,0.3,1.019,0,0,51.0,0,0,13,13,3,2,2,2,4,0,1,0,0.0,-0.1
CF,Mule Haas,Mule,Haas,Roseburg River Hawks,6' 1',175 lbs,L,R,69,Philadelphia Athletics,OAK,1931,1921-1945,,83648,Bronze,Snapshot  CF Mule Haas  PHA  1931,0,N,0,79,81,82,61,102,69,67,101,60,95,82,86,76,62,105,69,6,Normal,Normal,Normal,1,1,1,1,1,1,1,1,1,1,2,1,16,-,-,-,-,-,-,-,-,-,-,-,1,NEU,90-92,3/4,Normal,1,5,-,-,-,6,1,9,4,72,101,54,-,-,-,-,-,-,-,63,77,4,-,-,-,-,-,-,63,77,30,4,6,25,4,1,8,5,2,2,0,0,0,3,2,1,0,0,0,2,0,0,0,1.2,0.22,0,0.0,-0.0,3.12,0,0,0.0,0.1,0,0,0,0,0,0,0,0.0,0,0,0,0,0,0,0,0,0,0,0,0,0,0,0,0,0,0,0,0,0,0.00,0,0,0,0,0,0.0,0.0,0.0,0.00,2,1,1,0,1,0,0,0,0.87,-0.6,.510,0,0,10.1,0,0,1,1,1,0,0,0,0,0,1,0,0.0,-0.1
CF,Mule Haas,Mule,Haas,Canterbury Tails,6' 1',175 lbs,L,R,69,Philadelphia Athletics,OAK,1931,1921-1945,,83648,Bronze,Snapshot  CF Mule Haas  PHA  1931,0,N,0,79,81,82,61,102,69,67,101,60,95,82,86,76,62,105,69,6,Normal,Normal,Normal,1,1,1,1,1,1,1,1,1,1,2,1,16,-,-,-,-,-,-,-,-,-,-,-,1,NEU,90-92,3/4,Normal,1,5,-,-,-,6,1,9,4,72,101,54,-,-,-,-,-,-,-,63,77,4,-,-,-,-,-,-,63,77,30,4,6,25,10,10,39,34,8,4,1,0,3,10,7,4,2,0,0,1,0,6,1,5.4,-0.13,5,0.4,0.1,3.31,0,0,0.0,0.1,0,0,0,0,0,0,0,0.0,0,0,0,0,0,0,0,0,0,0,0,0,0,0,0,0,0,0,0,0,0,0.00,0,0,0,0,0,0.0,0.0,0.0,0.00,10,10,29,0,29,0,0,0,3.07,-0.1,1.019,0,0,85.0,0,0,25,24,5,2,2,1,4,2,6,0,0.0,-0.4
CF,Mule Haas,Mule,Haas,Carlos Chaos Cats,6' 1',175 lbs,L,R,69,Philadelphia Athletics,OAK,1931,1921-1945,,83648,Bronze,Snapshot  CF Mule Haas  PHA  1931,0,N,0,79,81,82,61,102,69,67,101,60,95,82,86,76,62,105,69,6,Normal,Normal,Normal,1,1,1,1,1,1,1,1,1,1,2,1,16,-,-,-,-,-,-,-,-,-,-,-,1,NEU,90-92,3/4,Normal,1,5,-,-,-,6,1,9,4,72,101,54,-,-,-,-,-,-,-,63,77,4,-,-,-,-,-,-,63,77,30,4,6,25,5,5,17,16,2,1,1,0,0,0,1,1,0,0,0,0,0,3,0,0.6,-0.42,0,-1.8,-0.2,3.88,0,0,0.0,0.0,0,0,0,0,0,0,0,0.0,0,0,0,0,0,0,0,0,0,0,0,0,0,0,0,0,0,0,0,0,0,0.00,0,0,0,0,0,0.0,0.0,0.0,0.00,5,5,7,0,7,0,0,0,1.50,-0.7,.898,0,0,42.0,0,0,6,6,1,0,3,0,2,1,2,0,0.0,-0.3
CF,Mule Haas,Mule,Haas,Atlanta Braves TTC,6' 1',175 lbs,L,R,69,Philadelphia Athletics,OAK,1931,1921-1945,,83648,Bronze,Snapshot  CF Mule Haas  PHA  1931,0,N,0,79,81,82,61,102,69,67,101,60,95,82,86,76,62,105,69,6,Normal,Normal,Normal,1,1,1,1,1,1,1,1,1,1,2,1,16,-,-,-,-,-,-,-,-,-,-,-,1,NEU,90-92,3/4,Normal,1,5,-,-,-,6,1,9,4,72,101,54,-,-,-,-,-,-,-,63,77,4,-,-,-,-,-,-,63,77,30,4,6,25,6,3,16,14,3,3,0,0,0,0,0,1,0,0,1,0,0,3,0,0.9,-0.30,0,-1.2,-0.1,3.88,0,0,0.0,-0.0,0,0,0,0,0,0,0,0.0,0,0,0,0,0,0,0,0,0,0,0,0,0,0,0,0,0,0,0,0,0,0.00,0,0,0,0,0,0.0,0.0,0.0,0.00,4,3,10,0,10,0,0,0,3.29,-0.2,1.024,0,0,27.1,0,0,10,9,1,1,1,0,0,0,2,0,0.0,-0.3
CF,Mule Haas,Mule,Haas,Indiana Rhubarbs,6' 1',175 lbs,L,R,69,Philadelphia Athletics,OAK,1931,1921-1945,,83648,Bronze,Snapshot  CF Mule Haas  PHA  1931,0,N,0,79,81,82,61,102,69,67,101,60,95,82,86,76,62,105,69,6,Normal,Normal,Normal,1,1,1,1,1,1,1,1,1,1,2,1,16,-,-,-,-,-,-,-,-,-,-,-,1,NEU,90-92,3/4,Normal,1,5,-,-,-,6,1,9,4,72,101,54,-,-,-,-,-,-,-,63,77,4,-,-,-,-,-,-,63,77,30,4,6,25,2,,6,6,3,2,0,0,1,4,4,0,0,0,0,0,0,0,0,3.0,-0.05,2,1.6,0.2,3.67,0,0,0.0,-0.0,0,0,0,0,0,0,0,0.0,0,0,0,0,0,0,0,0,0,0,0,0,0,0,0,0,0,0,0,0,0,0.00,0,0,0,0,0,0.0,0.0,0.0,0.00,2,0,0,0,0,0,0,0,0.00,0.0,.000,0,0,5.0,0,0,0,0,0,0,0,0,0,0,0,0,0.0,0.0
CF,Mule Haas,Mule,Haas,Patchogue Pirates,6' 1',175 lbs,L,R,69,Philadelphia Athletics,OAK,1931,1921-1945,,83648,Bronze,Snapshot  CF Mule Haas  PHA  1931,0,N,0,79,81,82,61,102,69,67,101,60,95,82,86,76,62,105,69,6,Normal,Normal,Normal,1,1,1,1,1,1,1,1,1,1,2,1,16,-,-,-,-,-,-,-,-,-,-,-,1,NEU,90-92,3/4,Normal,1,5,-,-,-,6,1,9,4,72,101,54,-,-,-,-,-,-,-,63,77,4,-,-,-,-,-,-,63,77,30,4,6,25,5,2,16,14,1,1,0,0,0,0,1,2,1,0,0,0,0,4,0,0.2,-0.50,0,-2.6,-0.2,3.50,0,0,0.0,-0.0,0,0,0,0,0,0,0,0.0,0,0,0,0,0,0,0,0,0,0,0,0,0,0,0,0,0,0,0,0,0,0.00,0,0,0,0,0,0.0,0.0,0.0,0.00,5,2,14,1,13,0,0,0,4.30,-0.2,.961,0,0,29.1,0,0,14,12,1,1,1,1,0,0,1,0,0.0,-0.1
CF,Mule Haas,Mule,Haas,Transylvania Counts,6' 1',175 lbs,L,R,69,Philadelphia Athletics,OAK,1931,1921-1945,,83648,Bronze,Snapshot  CF Mule Haas  PHA  1931,0,N,0,79,81,82,61,102,69,67,101,60,95,82,86,76,62,105,69,6,Normal,Normal,Normal,1,1,1,1,1,1,1,1,1,1,2,1,16,-,-,-,-,-,-,-,-,-,-,-,1,NEU,90-92,3/4,Normal,1,5,-,-,-,6,1,9,4,72,101,54,-,-,-,-,-,-,-,63,77,4,-,-,-,-,-,-,63,77,30,4,6,25,3,,4,4,2,2,0,0,0,0,0,0,0,0,0,0,0,0,1,0.5,-0.13,0,0.5,0.1,3.50,0,0,0.0,0.0,0,0,0,0,0,0,0,0.0,0,0,0,0,0,0,0,0,0,0,0,0,0,0,0,0,0,0,0,0,0,0.00,0,0,0,0,0,0.0,0.0,0.0,0.00,2,0,2,0,2,0,0,0,3.00,0.0,1.019,0,0,6.0,0,0,2,2,0,0,0,0,0,0,1,0,0.0,0.3
CF,Jim Landis,Jim,Landis,Breslau Binturings - HotL,6' 1',180 lbs,R,R,66,Chicago White Sox,CHW,1958,1946-1960,,83608,Bronze,Snapshot  CF Jim Landis  CWS  1958,0,Y,5,79,80,82,90,91,98,79,102,83,88,72,81,74,92,93,60,7,Normal,Normal,Normal,1,1,1,4,1,1,1,4,1,1,1,4,16,-,-,-,-,-,-,-,-,-,-,-,1,NEU,90-92,3/4,Normal,1,12,-,-,-,9,5,5,6,74,66,68,-,-,-,-,-,-,-,68,85,13,-,-,-,-,-,-,68,85,77,72,77,88,6,5,16,16,4,2,1,0,1,1,3,0,0,0,0,0,0,1,1,1.5,-0.15,2,0.2,0.1,3.00,0,0,0.0,0.0,0,0,0,0,0,0,0,0.0,0,0,0,0,0,0,0,0,0,0,0,0,0,0,0,0,0,0,0,0,0,0.00,0,0,0,0,0,0.0,0.0,0.0,0.00,6,5,9,0,9,0,0,0,2.19,0.1,1.027,0,0,37.0,0,0,7,7,2,2,1,0,1,0,1,0,0.0,0.0
CF,Jim Landis,Jim,Landis,Ethiopia Pink Elephants,6' 1',180 lbs,R,R,66,Chicago White Sox,CHW,1958,1946-1960,,83608,Bronze,Snapshot  CF Jim Landis  CWS  1958,0,N,0,72,73,75,83,84,90,72,94,76,81,66,74,68,85,86,60,7,Normal,Normal,Normal,1,1,1,2,1,1,1,2,1,1,1,2,16,-,-,-,-,-,-,-,-,-,-,-,1,NEU,90-92,3/4,Normal,1,12,-,-,-,9,5,5,6,74,66,68,-,-,-,-,-,-,-,63,79,12,-,-,-,-,-,-,63,79,77,72,77,88,2,2,8,8,3,2,0,0,1,1,1,0,0,0,0,0,0,0,0,2.2,0.14,2,1.1,0.1,4.12,0,0,0.0,0.0,0,0,0,0,0,0,0,0.0,0,0,0,0,0,0,0,0,0,0,0,0,0,0,0,0,0,0,0,0,0,0.00,0,0,0,0,0,0.0,0.0,0.0,0.00,2,2,4,0,4,0,0,0,2.12,0.0,1.021,0,0,17.0,0,0,3,2,1,1,1,1,0,0,1,0,0.0,-0.1
CF,Milton Lewis,Milton,Lewis,Beachcrest Blue Hornets,6' 0',200 lbs,L,R,67,Wilmington Potomacs,WiPo,1925,1921-1945,,84480,Bronze,Negro League Star  2B Milton Lewis  WiPo  1925,0,N,0,28,88,111,80,78,28,87,104,79,75,29,89,114,81,80,46,37,Flyball,Pull,Spray,13,32,34,17,13,32,34,18,13,32,35,17,36,-,36,-,-,-,-,-,-,-,-,-,2,EX FB,91-93,3/4,Normal,24,3,1,1,1,75,67,46,81,75,62,62,-,-,82,82,58,-,84,63,77,123,-,82,82,58,-,84,63,77,33,8,6,31,4,4,12,12,3,1,2,0,0,0,1,0,0,0,0,0,0,2,0,1.2,0.02,1,-0.2,0.0,3.83,0,0,0.0,0.2,0,0,0,0,0,0,0,0.0,0,0,0,0,0,0,0,0,0,0,0,0,0,0,0,0,0,0,0,0,0,0.00,0,0,0,0,0,0.0,0.0,0.0,0.00,4,4,13,10,2,1,1,0,3.72,-0.2,.989,0,0,29.0,0,0,9,6,2,2,0,0,2,2,2,0,0.0,0.0
CF,Cliff Mapes,Cliff,Mapes,San Francisco Seals,6' 3',205 lbs,L,R,68,New York Yankees,NYY,1949,1946-1960,,84367,Bronze,Rookie Sensation  CF Cliff Mapes  NYY  1949,0,N,0,55,76,78,105,73,52,64,68,97,69,57,81,81,108,75,53,4,Normal,Spray,Spray,1,1,1,3,1,1,1,3,1,1,1,3,16,17,17,-,-,-,-,-,-,-,-,-,3,NEU,90-92,3/4,Normal,1,17,-,-,-,6,8,9,2,72,44,110,-,-,-,-,-,-,87,65,94,11,-,-,-,-,-,87,65,94,69,53,67,90,6,3,11,10,3,2,0,0,1,1,1,0,0,0,1,0,0,0,0,1.8,-0.01,1,0.4,0.2,2.45,0,0,0.0,0.0,0,0,0,0,0,0,0,0.0,0,0,0,0,0,0,0,0,0,0,0,0,0,0,0,0,0,0,0,0,0,0.00,0,0,0,0,0,0.0,0.0,0.0,0.00,6,3,12,0,12,0,0,0,3.48,0.6,1.034,0,0,31.0,0,0,10,10,0,0,2,2,0,0,2,0,0.0,0.2
CF,Dode Paskert,Dode,Paskert,King Street 504s,5' 11',165 lbs,R,R,64,Philadelphia Phillies,PHI,1917,2026,,83599,Bronze,Veteran Presence  CF Dode Paskert  PHI  1917,0,Y,1,60,118,85,87,86,65,134,67,84,92,58,114,91,88,85,27,9,Line Drive,Pull,Pull,1,1,1,4,1,1,1,4,1,1,1,4,16,-,-,-,-,-,-,-,-,-,-,-,1,NEU,90-92,OTT,Normal,1,22,-,-,-,6,9,2,1,65,102,62,-,-,-,-,-,-,83,55,-,11,-,-,-,-,-,83,55,-,70,81,81,63,3,2,8,8,2,2,0,0,0,1,0,0,0,0,0,0,0,2,1,0.2,-0.12,0,-0.5,0.0,3.50,0,0,0.0,0.0,0,0,0,0,0,0,0,0.0,0,0,0,0,0,0,0,0,0,0,0,0,0,0,0,0,0,0,0,0,0,0.00,0,0,0,0,0,0.0,0.0,0.0,0.00,3,2,7,0,7,0,0,0,3.32,0.5,1.043,0,0,19.0,0,0,6,6,0,0,0,0,1,1,0,0,0.0,0.2
CF,Albie Pearson,Albie,Pearson,Ethiopia Pink Elephants,5' 5',140 lbs,L,L,65,Washington Senators,MIN,1958,1946-1960,,84360,Bronze,Rookie Sensation  CF Albie Pearson  WS1  1958,0,N,0,61,72,33,88,146,46,57,21,77,95,64,77,36,92,165,64,6,Normal,Normal,Normal,1,1,1,2,1,1,1,2,1,1,2,2,16,17,17,-,-,-,-,-,-,-,-,-,3,NEU,89-91,3/4,Normal,1,15,-,-,-,3,4,4,8,71,48,51,-,-,-,-,-,-,75,53,66,-,-,-,-,-,-,75,53,66,55,51,56,57,4,4,17,16,3,1,1,0,1,1,1,1,0,0,0,0,0,1,0,1.3,-0.21,1,-0.2,-0.1,3.41,0,1,-0.5,0.0,0,0,0,0,0,0,0,0.0,0,0,0,0,0,0,0,0,0,0,0,0,0,0,0,0,0,0,0,0,0,0.00,0,0,0,0,0,0.0,0.0,0.0,0.00,4,4,9,0,9,0,0,0,2.31,-0.2,1.019,0,0,35.0,0,0,9,9,0,0,2,0,0,0,0,0,0.0,-0.1
CF,Billy Southworth,Billy,Southworth,Statesville Shadowcats,5' 9',170 lbs,L,R,68,St. Louis Cardinals,STL,1926,1921-1945,,86379,Bronze,T4 Ep. 6 - Baseball Reference 6  RF Billy Southworth  STL  1926,0,N,0,76,84,96,51,201,42,71,81,5,232,84,88,102,61,191,60,52,Normal,Spray,Spray,1,1,1,3,1,1,1,3,1,1,1,3,16,-,-,-,-,-,-,-,-,-,-,-,1,NEU,90-92,OTT,Normal,1,3,-,-,-,9,8,7,2,98,72,44,-,-,-,-,-,-,107,93,93,14,-,-,-,-,-,107,93,93,69,69,74,77,5,5,22,21,2,1,0,1,0,2,0,0,0,0,0,1,0,6,0,0.4,-0.13,0,-3.3,-0.2,4.09,0,0,0.0,0.0,0,0,0,0,0,0,0,0.0,0,0,0,0,0,0,0,0,0,0,0,0,0,0,0,0,0,0,0,0,0,0.00,0,0,0,0,0,0.0,0.0,0.0,0.00,5,5,16,0,16,0,0,0,3.35,1.0,1.027,0,0,43.0,0,0,11,11,3,3,2,2,0,0,6,0,0.0,-0.3
CF,Billy Southworth,Billy,Southworth,Black Dog,5' 9',170 lbs,L,R,68,St. Louis Cardinals,STL,1926,1921-1945,,86379,Bronze,T4 Ep. 6 - Baseball Reference 6  RF Billy Southworth  STL  1926,0,N,0,76,84,96,51,201,42,71,81,5,232,84,88,102,61,191,60,52,Normal,Spray,Spray,1,1,1,3,1,1,1,3,1,1,1,3,16,-,-,-,-,-,-,-,-,-,-,-,1,NEU,90-92,OTT,Normal,1,3,-,-,-,9,8,7,2,98,72,44,-,-,-,-,-,-,107,93,93,14,-,-,-,-,-,107,93,93,69,69,74,77,11,7,36,32,8,7,0,0,1,6,6,1,0,0,0,3,0,2,0,3.2,-0.27,2,-1.5,0.1,3.31,0,0,0.0,-0.2,0,0,0,0,0,0,0,0.0,0,0,0,0,0,0,0,0,0,0,0,0,0,0,0,0,0,0,0,0,0,0.00,0,0,0,0,0,0.0,0.0,0.0,0.00,12,7,27,0,24,3,0,0,3.06,1.4,1.071,0,0,70.2,0,0,16,16,7,6,2,2,2,0,3,0,0.0,0.1
CF,Billy Southworth,Billy,Southworth,Seoul Hannams,5' 9',170 lbs,L,R,68,St. Louis Cardinals,STL,1926,1921-1945,,86379,Bronze,T4 Ep. 6 - Baseball Reference 6  RF Billy Southworth  STL  1926,0,N,0,76,84,96,51,201,42,71,81,5,232,84,88,102,61,191,60,52,Normal,Spray,Spray,1,1,1,3,1,1,1,3,1,1,1,3,16,-,-,-,-,-,-,-,-,-,-,-,1,NEU,90-92,OTT,Normal,1,3,-,-,-,9,8,7,2,98,72,44,-,-,-,-,-,-,107,93,93,14,-,-,-,-,-,107,93,93,69,69,74,77,6,5,24,22,7,3,1,0,3,6,5,2,1,0,0,0,0,2,0,6.5,0.02,5,2.8,0.4,3.33,0,0,0.0,0.0,0,0,0,0,0,0,0,0.0,0,0,0,0,0,0,0,0,0,0,0,0,0,0,0,0,0,0,0,0,0,0.00,0,0,0,0,0,0.0,0.0,0.0,0.00,5,5,13,0,13,0,0,0,2.54,-0.0,1.027,0,0,46.0,0,0,12,12,1,0,1,1,3,0,1,0,0.0,0.2
CF,Billy Southworth,Billy,Southworth,Town of Lake Loons,5' 9',170 lbs,L,R,68,St. Louis Cardinals,STL,1926,1921-1945,,86379,Bronze,T4 Ep. 6 - Baseball Reference 6  RF Billy Southworth  STL  1926,0,N,0,76,84,96,51,201,42,71,81,5,232,84,88,102,61,191,60,52,Normal,Spray,Spray,1,1,1,3,1,1,1,3,1,1,1,3,16,-,-,-,-,-,-,-,-,-,-,-,1,NEU,90-92,OTT,Normal,1,3,-,-,-,9,8,7,2,98,72,44,-,-,-,-,-,-,107,93,93,14,-,-,-,-,-,107,93,93,69,69,74,77,5,5,19,19,9,6,2,0,1,5,4,0,0,0,0,0,0,1,0,6.9,0.47,5,3.3,0.5,2.74,1,0,0.3,0.3,0,0,0,0,0,0,0,0.0,0,0,0,0,0,0,0,0,0,0,0,0,0,0,0,0,0,0,0,0,0,0.00,0,0,0,0,0,0.0,0.0,0.0,0.00,5,5,11,0,10,1,0,0,2.31,0.6,1.027,0,0,39.0,0,0,6,6,3,3,1,1,1,0,0,0,0.0,-0.1
CF,Billy Southworth,Billy,Southworth,Huatulco Tacos,5' 9',170 lbs,L,R,68,St. Louis Cardinals,STL,1926,1921-1945,,86379,Bronze,T4 Ep. 6 - Baseball Reference 6  RF Billy Southworth  STL  1926,0,N,0,76,84,96,51,201,42,71,81,5,232,84,88,102,61,191,60,52,Normal,Spray,Spray,1,1,1,3,1,1,1,3,1,1,1,3,16,-,-,-,-,-,-,-,-,-,-,-,1,NEU,90-92,OTT,Normal,1,3,-,-,-,9,8,7,2,98,72,44,-,-,-,-,-,-,107,93,93,14,-,-,-,-,-,107,93,93,69,69,74,77,4,4,16,16,5,5,0,0,0,0,2,0,0,0,0,0,0,2,0,1.6,-0.01,1,-0.3,-0.1,4.12,0,0,0.0,0.1,0,0,0,0,0,0,0,0.0,0,0,0,0,0,0,0,0,0,0,0,0,0,0,0,0,0,0,0,0,0,0.00,0,0,0,0,0,0.0,0.0,0.0,0.00,4,4,13,0,12,1,0,0,2.92,-0.8,.948,0,0,37.0,0,0,9,8,5,4,1,0,4,0,3,0,0.0,-0.4
CF,Billy Southworth,Billy,Southworth,Port Townsend Wild Daphnes,5' 9',170 lbs,L,R,68,St. Louis Cardinals,STL,1926,1921-1945,,86379,Bronze,T4 Ep. 6 - Baseball Reference 6  RF Billy Southworth  STL  1926,0,N,0,76,84,96,51,201,42,71,81,5,232,84,88,102,61,191,60,52,Normal,Spray,Spray,1,1,1,3,1,1,1,3,1,1,1,3,16,-,-,-,-,-,-,-,-,-,-,-,1,NEU,90-92,OTT,Normal,1,3,-,-,-,9,8,7,2,98,72,44,-,-,-,-,-,-,107,93,93,14,-,-,-,-,-,107,93,93,69,69,74,77,34,32,139,127,34,24,4,0,6,17,18,10,1,0,1,1,0,8,2,17.9,0.36,18,2.3,1.0,3.64,0,0,0.0,0.3,0,0,0,0,0,0,0,0.0,0,0,0,0,0,0,0,0,0,0,0,0,0,0,0,0,0,0,0,0,0,0.00,0,0,0,0,0,0.0,0.0,0.0,0.00,33,32,84,0,83,1,0,0,2.79,2.5,1.015,0,0,268.0,0,0,58,56,20,17,13,8,6,2,15,0,0.0,-0.3
CF,Billy Southworth,Billy,Southworth,Aberfeldie Falcons,5' 9',170 lbs,L,R,68,St. Louis Cardinals,STL,1926,1921-1945,,86379,Bronze,T4 Ep. 6 - Baseball Reference 6  RF Billy Southworth  STL  1926,0,N,0,76,84,96,51,201,42,71,81,5,232,84,88,102,61,191,60,52,Normal,Spray,Spray,1,1,1,3,1,1,1,3,1,1,1,3,16,-,-,-,-,-,-,-,-,-,-,-,1,NEU,90-92,OTT,Normal,1,3,-,-,-,9,8,7,2,98,72,44,-,-,-,-,-,-,107,93,93,14,-,-,-,-,-,107,93,93,69,69,74,77,6,5,22,20,5,4,0,1,0,0,1,1,1,1,0,0,0,3,0,2.5,-0.20,1,-0.6,-0.0,3.41,1,0,0.3,0.0,0,0,0,0,0,0,0,0.0,0,0,0,0,0,0,0,0,0,0,0,0,0,0,0,0,0,0,0,0,0,0.00,0,0,0,0,0,0.0,0.0,0.0,0.00,5,5,9,1,8,0,0,0,1.98,-1.0,1.027,0,0,41.0,0,0,8,8,4,0,0,0,2,0,3,0,0.0,0.2
CF,Billy Southworth,Billy,Southworth,The Colony Lynx,5' 9',170 lbs,L,R,68,St. Louis Cardinals,STL,1926,1921-1945,,86379,Bronze,T4 Ep. 6 - Baseball Reference 6  RF Billy Southworth  STL  1926,0,N,0,76,84,96,51,201,42,71,81,5,232,84,88,102,61,191,60,52,Normal,Spray,Spray,1,1,1,3,1,1,1,3,1,1,1,3,16,-,-,-,-,-,-,-,-,-,-,-,1,NEU,90-92,OTT,Normal,1,3,-,-,-,9,8,7,2,98,72,44,-,-,-,-,-,-,107,93,93,14,-,-,-,-,-,107,93,93,69,69,74,77,7,7,27,25,5,5,0,0,0,0,4,2,0,0,0,0,0,3,0,1.4,-0.18,1,-1.9,-0.2,3.70,0,0,0.0,-0.5,0,0,0,0,0,0,0,0.0,0,0,0,0,0,0,0,0,0,0,0,0,0,0,0,0,0,0,0,0,0,0.00,0,0,0,0,0,0.0,0.0,0.0,0.00,7,7,15,0,14,1,0,0,2.17,-0.1,1.027,0,0,58.0,0,0,10,10,4,2,3,0,4,2,2,0,0.0,-0.3
CF,Billy Southworth,Billy,Southworth,Aurora Highlanders,5' 9',170 lbs,L,R,68,St. Louis Cardinals,STL,1926,1921-1945,,86379,Bronze,T4 Ep. 6 - Baseball Reference 6  RF Billy Southworth  STL  1926,0,N,0,76,84,96,51,201,42,71,81,5,232,84,88,102,61,191,60,52,Normal,Spray,Spray,1,1,1,3,1,1,1,3,1,1,1,3,16,-,-,-,-,-,-,-,-,-,-,-,1,NEU,90-92,OTT,Normal,1,3,-,-,-,9,8,7,2,98,72,44,-,-,-,-,-,-,107,93,93,14,-,-,-,-,-,107,93,93,69,69,74,77,5,5,20,19,3,3,0,0,0,1,1,1,0,0,0,0,0,4,0,0.7,-0.37,0,-2.2,-0.3,4.40,0,0,0.0,-0.0,0,0,0,0,0,0,0,0.0,0,0,0,0,0,0,0,0,0,0,0,0,0,0,0,0,0,0,0,0,0,0.00,0,0,0,0,0,0.0,0.0,0.0,0.00,5,5,9,0,9,0,0,0,2.08,-0.9,1.027,0,0,39.0,0,0,6,6,7,3,1,0,2,0,2,0,0.0,-0.2
CF,Billy Southworth,Billy,Southworth,Columbus Evil Squirrels,5' 9',170 lbs,L,R,68,St. Louis Cardinals,STL,1926,1921-1945,,86379,Bronze,T4 Ep. 6 - Baseball Reference 6  RF Billy Southworth  STL  1926,0,N,0,76,84,96,51,201,42,71,81,5,232,84,88,102,61,191,60,52,Normal,Spray,Spray,1,1,1,3,1,1,1,3,1,1,1,3,16,-,-,-,-,-,-,-,-,-,-,-,1,NEU,90-92,OTT,Normal,1,3,-,-,-,9,8,7,2,98,72,44,-,-,-,-,-,-,107,93,93,14,-,-,-,-,-,107,93,93,69,69,74,77,5,5,21,21,5,1,2,1,1,4,2,0,0,0,0,0,0,1,0,2.9,0.32,3,0.6,0.1,3.81,0,0,0.0,0.0,0,0,0,0,0,0,0,0.0,0,0,0,0,0,0,0,0,0,0,0,0,0,0,0,0,0,0,0,0,0,0.00,0,0,0,0,0,0.0,0.0,0.0,0.00,5,5,14,0,14,0,0,0,2.86,-1.0,1.027,0,0,44.0,0,0,12,12,3,0,5,1,6,1,2,0,0.0,0.4
CF,Billy Southworth,Billy,Southworth,EVC's Let the Music Play Ball-TTC,5' 9',170 lbs,L,R,68,St. Louis Cardinals,STL,1926,1921-1945,,86379,Bronze,T4 Ep. 6 - Baseball Reference 6  RF Billy Southworth  STL  1926,0,N,0,76,84,96,51,201,42,71,81,5,232,84,88,102,61,191,60,52,Normal,Spray,Spray,1,1,1,3,1,1,1,3,1,1,1,3,16,-,-,-,-,-,-,-,-,-,-,-,1,NEU,90-92,OTT,Normal,1,3,-,-,-,9,8,7,2,98,72,44,-,-,-,-,-,-,107,93,93,14,-,-,-,-,-,107,93,93,69,69,74,77,16,12,51,48,11,5,3,1,2,6,8,3,0,0,0,0,0,6,1,5.8,0.25,6,0.5,0.5,3.80,0,0,0.0,0.5,0,0,0,0,0,0,0,0.0,0,0,0,0,0,0,0,0,0,0,0,0,0,0,0,0,0,0,0,0,0,0.00,0,0,0,0,0,0.0,0.0,0.0,0.00,18,12,47,2,44,1,0,0,3.70,1.9,1.027,0,0,112.0,0,0,35,35,7,7,1,1,3,1,3,0,0.0,-0.1
CF,Billy Southworth,Billy,Southworth,Smyrna Stooges,5' 9',170 lbs,L,R,68,St. Louis Cardinals,STL,1926,1921-1945,,86379,Bronze,T4 Ep. 6 - Baseball Reference 6  RF Billy Southworth  STL  1926,0,N,0,76,84,96,51,201,42,71,81,5,232,84,88,102,61,191,60,52,Normal,Spray,Spray,1,1,1,3,1,1,1,3,1,1,1,3,16,-,-,-,-,-,-,-,-,-,-,-,1,NEU,90-92,OTT,Normal,1,3,-,-,-,9,8,7,2,98,72,44,-,-,-,-,-,-,107,93,93,14,-,-,-,-,-,107,93,93,69,69,74,77,3,2,9,9,5,4,1,0,0,0,3,0,0,0,0,0,0,0,0,3.3,0.08,2,1.7,0.3,2.89,0,0,0.0,-0.3,0,0,0,0,0,0,0,0.0,0,0,0,0,0,0,0,0,0,0,0,0,0,0,0,0,0,0,0,0,0,0.00,0,0,0,0,0,0.0,0.0,0.0,0.00,2,2,8,1,7,0,0,0,4.24,0.8,1.198,0,0,17.0,0,0,4,4,1,1,3,2,0,0,1,0,0.0,0.1
CF,Billy Southworth,Billy,Southworth,Bismarck Blizzard,5' 9',170 lbs,L,R,68,St. Louis Cardinals,STL,1926,1921-1945,,86379,Bronze,T4 Ep. 6 - Baseball Reference 6  RF Billy Southworth  STL  1926,0,N,0,76,84,96,51,201,42,71,81,5,232,84,88,102,61,191,60,52,Normal,Spray,Spray,1,1,1,3,1,1,1,3,1,1,1,3,16,-,-,-,-,-,-,-,-,-,-,-,1,NEU,90-92,OTT,Normal,1,3,-,-,-,9,8,7,2,98,72,44,-,-,-,-,-,-,107,93,93,14,-,-,-,-,-,107,93,93,69,69,74,77,6,5,20,19,4,4,0,0,0,0,2,1,0,0,0,0,0,0,0,1.1,-0.12,0,-1.4,-0.1,2.90,0,0,0.0,0.3,0,0,0,0,0,0,0,0.0,0,0,0,0,0,0,0,0,0,0,0,0,0,0,0,0,0,0,0,0,0,0.00,0,0,0,0,0,0.0,0.0,0.0,0.00,5,5,8,0,8,0,0,0,1.89,-0.2,1.027,0,0,38.0,0,0,6,6,2,2,3,0,1,0,1,0,0.0,-0.0
CF,Billy Southworth,Billy,Southworth,Madison Moundsmen,5' 9',170 lbs,L,R,68,St. Louis Cardinals,STL,1926,1921-1945,,86379,Bronze,T4 Ep. 6 - Baseball Reference 6  RF Billy Southworth  STL  1926,0,N,0,76,84,96,51,201,42,71,81,5,232,84,88,102,61,191,60,52,Normal,Spray,Spray,1,1,1,3,1,1,1,3,1,1,1,3,16,-,-,-,-,-,-,-,-,-,-,-,1,NEU,90-92,OTT,Normal,1,3,-,-,-,9,8,7,2,98,72,44,-,-,-,-,-,-,107,93,93,14,-,-,-,-,-,107,93,93,69,69,74,77,9,7,30,28,6,3,0,2,1,2,2,2,0,0,0,0,0,1,0,3.6,0.05,3,0.2,0.1,4.30,0,0,0.0,0.1,0,0,0,0,0,0,0,0.0,0,0,0,0,0,0,0,0,0,0,0,0,0,0,0,0,0,0,0,0,0,0.00,0,0,0,0,0,0.0,0.0,0.0,0.00,9,7,17,0,17,0,0,0,2.52,-0.2,1.027,0,0,60.2,0,0,13,13,4,2,5,2,2,0,3,0,0.0,0.2
CF,Billy Southworth,Billy,Southworth,Columbus Fire Ants,5' 9',170 lbs,L,R,68,St. Louis Cardinals,STL,1926,1921-1945,,86379,Bronze,T4 Ep. 6 - Baseball Reference 6  RF Billy Southworth  STL  1926,0,N,0,76,84,96,51,201,42,71,81,5,232,84,88,102,61,191,60,52,Normal,Spray,Spray,1,1,1,3,1,1,1,3,1,1,1,3,16,-,-,-,-,-,-,-,-,-,-,-,1,NEU,90-92,OTT,Normal,1,3,-,-,-,9,8,7,2,98,72,44,-,-,-,-,-,-,107,93,93,14,-,-,-,-,-,107,93,93,69,69,74,77,10,10,40,39,12,8,1,2,1,7,6,0,0,0,0,1,0,4,0,6.2,0.28,5,1.2,0.4,3.58,0,0,0.0,0.0,0,0,0,0,0,0,0,0.0,0,0,0,0,0,0,0,0,0,0,0,0,0,0,0,0,0,0,0,0,0,0.00,0,0,0,0,0,0.0,0.0,0.0,0.00,10,10,32,1,31,0,0,0,3.35,1.4,1.061,0,0,86.0,0,0,23,23,7,6,2,1,4,1,2,0,0.0,-0.0
CF,Billy Southworth,Billy,Southworth,Moncton Mosquitos,5' 9',170 lbs,L,R,68,St. Louis Cardinals,STL,1926,1921-1945,,86379,Bronze,T4 Ep. 6 - Baseball Reference 6  RF Billy Southworth  STL  1926,0,N,0,76,84,96,51,201,42,71,81,5,232,84,88,102,61,191,60,52,Normal,Spray,Spray,1,1,1,3,1,1,1,3,1,1,1,3,16,-,-,-,-,-,-,-,-,-,-,-,1,NEU,90-92,OTT,Normal,1,3,-,-,-,9,8,7,2,98,72,44,-,-,-,-,-,-,107,93,93,14,-,-,-,-,-,107,93,93,69,69,74,77,4,4,18,16,8,7,1,0,0,5,3,1,0,0,0,1,0,0,0,4.9,0.06,4,2.2,0.2,3.89,0,0,0.0,0.0,0,0,0,0,0,0,0,0.0,0,0,0,0,0,0,0,0,0,0,0,0,0,0,0,0,0,0,0,0,0,0.00,0,0,0,0,0,0.0,0.0,0.0,0.00,4,4,7,1,5,1,0,0,1.51,-0.6,.856,0,0,35.2,0,0,3,2,4,3,0,0,1,0,1,0,0.0,0.1
CF,Billy Southworth,Billy,Southworth,Honolulu Warriors - HotL,5' 9',170 lbs,L,R,68,St. Louis Cardinals,STL,1926,1921-1945,,86379,Bronze,T4 Ep. 6 - Baseball Reference 6  RF Billy Southworth  STL  1926,0,N,0,76,84,96,51,201,42,71,81,5,232,84,88,102,61,191,60,52,Normal,Spray,Spray,1,1,1,3,1,1,1,3,1,1,1,3,16,-,-,-,-,-,-,-,-,-,-,-,1,NEU,90-92,OTT,Normal,1,3,-,-,-,9,8,7,2,98,72,44,-,-,-,-,-,-,107,93,93,14,-,-,-,-,-,107,93,93,69,69,74,77,10,10,41,39,6,4,0,0,2,6,4,1,0,0,0,1,0,4,0,2.2,-0.35,1,-3.2,-0.2,2.95,0,0,0.0,0.2,0,0,0,0,0,0,0,0.0,0,0,0,0,0,0,0,0,0,0,0,0,0,0,0,0,0,0,0,0,0,0.00,0,0,0,0,0,0.0,0.0,0.0,0.00,10,10,27,0,27,0,0,0,2.93,-0.3,1.027,0,0,83.0,0,0,20,20,10,6,3,1,4,0,2,0,0.0,-0.0
CF,Billy Southworth,Billy,Southworth,White Rabbitt,5' 9',170 lbs,L,R,68,St. Louis Cardinals,STL,1926,1921-1945,,86379,Bronze,T4 Ep. 6 - Baseball Reference 6  RF Billy Southworth  STL  1926,0,N,0,76,84,96,51,201,42,71,81,5,232,84,88,102,61,191,60,52,Normal,Spray,Spray,1,1,1,3,1,1,1,3,1,1,1,3,16,-,-,-,-,-,-,-,-,-,-,-,1,NEU,90-92,OTT,Normal,1,3,-,-,-,9,8,7,2,98,72,44,-,-,-,-,-,-,107,93,93,14,-,-,-,-,-,107,93,93,69,69,74,77,21,20,83,78,24,16,5,0,3,11,10,5,0,0,0,0,0,9,0,13.7,0.12,13,4.0,0.6,3.63,0,0,0.0,-0.7,0,0,0,0,0,0,0,0.0,0,0,0,0,0,0,0,0,0,0,0,0,0,0,0,0,0,0,0,0,0,0.00,0,0,0,0,0,0.0,0.0,0.0,0.00,20,20,56,0,54,2,0,0,2.76,0.2,1.027,0,0,176.0,0,0,44,43,11,7,8,4,5,0,14,0,0.0,-0.3
CF,Billy Southworth,Billy,Southworth,Moonsault Collective MCs,5' 9',170 lbs,L,R,68,St. Louis Cardinals,STL,1926,1921-1945,,86379,Bronze,T4 Ep. 6 - Baseball Reference 6  RF Billy Southworth  STL  1926,0,N,0,76,84,96,51,201,42,71,81,5,232,84,88,102,61,191,60,52,Normal,Spray,Spray,1,1,1,3,1,1,1,3,1,1,1,3,16,-,-,-,-,-,-,-,-,-,-,-,1,NEU,90-92,OTT,Normal,1,3,-,-,-,9,8,7,2,98,72,44,-,-,-,-,-,-,107,93,93,14,-,-,-,-,-,107,93,93,69,69,74,77,14,14,63,60,17,7,4,0,6,15,11,0,0,1,0,2,0,3,0,11.5,0.80,11,4.2,0.5,3.32,0,0,0.0,0.3,0,0,0,0,0,0,0,0.0,0,0,0,0,0,0,0,0,0,0,0,0,0,0,0,0,0,0,0,0,0,0.00,0,0,0,0,0,0.0,0.0,0.0,0.00,14,14,38,0,36,2,0,0,2.58,-1.0,.999,0,0,125.2,0,0,30,29,7,2,8,3,7,2,2,0,0.0,-0.6
CF,Billy Southworth,Billy,Southworth,New Platson Grand Petites HotL,5' 9',170 lbs,L,R,68,St. Louis Cardinals,STL,1926,1921-1945,,86379,Bronze,T4 Ep. 6 - Baseball Reference 6  RF Billy Southworth  STL  1926,0,Y,5,83,91,104,56,216,47,77,88,7,249,91,96,110,67,205,60,52,Normal,Spray,Spray,1,1,1,5,1,1,1,5,1,1,1,5,16,-,-,-,-,-,-,-,-,-,-,-,1,NEU,90-92,OTT,Normal,1,3,-,-,-,9,8,7,2,98,72,44,-,-,-,-,-,-,115,100,100,16,-,-,-,-,-,115,100,100,69,69,74,77,4,4,19,18,3,1,1,0,1,3,1,1,0,0,0,0,0,4,0,1.5,0.06,1,-0.7,-0.0,4.00,0,0,0.0,0.0,0,0,0,0,0,0,0,0.0,0,0,0,0,0,0,0,0,0,0,0,0,0,0,0,0,0,0,0,0,0,0.00,0,0,0,0,0,0.0,0.0,0.0,0.00,4,4,6,0,6,0,0,0,1.59,-0.1,1.027,0,0,34.0,0,0,4,4,1,1,4,1,1,0,2,0,0.0,-0.1
CF,Billy Southworth,Billy,Southworth,The Spacehog,5' 9',170 lbs,L,R,68,St. Louis Cardinals,STL,1926,1921-1945,,86379,Bronze,T4 Ep. 6 - Baseball Reference 6  RF Billy Southworth  STL  1926,0,Y,5,83,91,104,56,216,47,77,88,7,249,91,96,110,67,205,60,52,Normal,Spray,Spray,1,1,1,5,1,1,1,5,1,1,1,5,16,-,-,-,-,-,-,-,-,-,-,-,1,NEU,90-92,OTT,Normal,1,3,-,-,-,9,8,7,2,98,72,44,-,-,-,-,-,-,115,100,100,16,-,-,-,-,-,115,100,100,69,69,74,77,6,6,27,23,5,3,1,0,1,3,4,4,0,0,0,0,0,1,0,3.3,0.43,3,0.5,0.2,3.41,0,0,0.0,0.2,0,0,0,0,0,0,0,0.0,0,0,0,0,0,0,0,0,0,0,0,0,0,0,0,0,0,0,0,0,0,0.00,0,0,0,0,0,0.0,0.0,0.0,0.00,6,6,13,0,13,0,0,0,2.29,0.2,1.027,0,0,51.0,0,0,11,11,2,2,0,0,3,0,2,0,0.0,-0.1
CF,Billy Southworth,Billy,Southworth,Roseburg River Hawks,5' 9',170 lbs,L,R,68,St. Louis Cardinals,STL,1926,1921-1945,,86379,Bronze,T4 Ep. 6 - Baseball Reference 6  RF Billy Southworth  STL  1926,0,N,0,76,84,96,51,201,42,71,81,5,232,84,88,102,61,191,60,52,Normal,Spray,Spray,1,1,1,3,1,1,1,3,1,1,1,3,16,-,-,-,-,-,-,-,-,-,-,-,1,NEU,90-92,OTT,Normal,1,3,-,-,-,9,8,7,2,98,72,44,-,-,-,-,-,-,107,93,93,14,-,-,-,-,-,107,93,93,69,69,74,77,7,6,26,26,8,6,1,1,0,4,2,0,0,0,0,0,0,0,1,3.0,-0.18,3,0.3,0.3,3.65,0,0,0.0,0.3,0,0,0,0,0,0,0,0.0,0,0,0,0,0,0,0,0,0,0,0,0,0,0,0,0,0,0,0,0,0,0.00,0,0,0,0,0,0.0,0.0,0.0,0.00,7,6,27,0,27,0,0,0,4.39,1.9,1.027,0,0,55.1,0,0,17,17,6,6,3,2,2,1,6,1,0.0,-0.1
CF,Billy Southworth,Billy,Southworth,Indiana Rhubarbs,5' 9',170 lbs,L,R,68,St. Louis Cardinals,STL,1926,1921-1945,,86379,Bronze,T4 Ep. 6 - Baseball Reference 6  RF Billy Southworth  STL  1926,0,N,0,76,84,96,51,201,42,71,81,5,232,84,88,102,61,191,60,52,Normal,Spray,Spray,1,1,1,3,1,1,1,3,1,1,1,3,16,-,-,-,-,-,-,-,-,-,-,-,1,NEU,90-92,OTT,Normal,1,3,-,-,-,9,8,7,2,98,72,44,-,-,-,-,-,-,107,93,93,14,-,-,-,-,-,107,93,93,69,69,74,77,8,8,62,59,40,30,8,2,0,38,30,2,0,0,0,1,0,0,0,35.9,0.26,25,18.1,2.0,3.05,0,0,0.0,-0.6,0,0,0,0,0,0,0,0.0,0,0,0,0,0,0,0,0,0,0,0,0,0,0,0,0,0,0,0,0,0,0.00,0,0,0,0,0,0.0,0.0,0.0,0.00,8,8,20,0,20,0,0,0,2.57,0.8,1.081,0,0,70.0,0,0,17,17,3,3,1,0,2,0,1,0,0.0,-0.0
CF,Billy Southworth,Billy,Southworth,Out of Left Field,5' 9',170 lbs,L,R,68,St. Louis Cardinals,STL,1926,1921-1945,,86379,Bronze,T4 Ep. 6 - Baseball Reference 6  RF Billy Southworth  STL  1926,0,N,0,76,84,96,51,201,42,71,81,5,232,84,88,102,61,191,60,52,Normal,Spray,Spray,1,1,1,3,1,1,1,3,1,1,1,3,16,-,-,-,-,-,-,-,-,-,-,-,1,NEU,90-92,OTT,Normal,1,3,-,-,-,9,8,7,2,98,72,44,-,-,-,-,-,-,107,93,93,14,-,-,-,-,-,107,93,93,69,69,74,77,25,22,101,95,26,15,5,0,6,14,20,4,1,1,0,1,0,4,2,14.8,-0.04,15,3.4,0.8,3.11,2,0,0.5,1.1,0,0,0,0,0,0,0,0.0,0,0,0,0,0,0,0,0,0,0,0,0,0,0,0,0,0,0,0,0,0,0.00,0,0,0,0,0,0.0,0.0,0.0,0.00,29,22,63,0,61,2,0,0,2.66,-0.0,1.026,0,0,206.1,0,0,47,46,13,9,12,6,12,0,7,0,0.0,-0.4
CF,Billy Southworth,Billy,Southworth,Narragansett Wave,5' 9',170 lbs,L,R,68,St. Louis Cardinals,STL,1926,1921-1945,,86379,Bronze,T4 Ep. 6 - Baseball Reference 6  RF Billy Southworth  STL  1926,0,N,0,76,84,96,51,201,42,71,81,5,232,84,88,102,61,191,60,52,Normal,Spray,Spray,1,1,1,3,1,1,1,3,1,1,1,3,16,-,-,-,-,-,-,-,-,-,-,-,1,NEU,90-92,OTT,Normal,1,3,-,-,-,9,8,7,2,98,72,44,-,-,-,-,-,-,107,93,93,14,-,-,-,-,-,107,93,93,69,69,74,77,5,5,22,20,7,6,0,0,1,2,4,2,1,0,0,0,0,2,1,3.7,-0.01,3,1.1,0.2,3.55,0,0,0.0,-0.3,0,0,0,0,0,0,0,0.0,0,0,0,0,0,0,0,0,0,0,0,0,0,0,0,0,0,0,0,0,0,0.00,0,0,0,0,0,0.0,0.0,0.0,0.00,5,5,14,0,14,0,0,0,2.93,0.2,1.027,0,0,43.0,0,0,9,9,5,4,2,0,3,1,1,0,0.0,0.2
CF,Billy Southworth,Billy,Southworth,Patchogue Pirates,5' 9',170 lbs,L,R,68,St. Louis Cardinals,STL,1926,1921-1945,,86379,Bronze,T4 Ep. 6 - Baseball Reference 6  RF Billy Southworth  STL  1926,0,N,0,76,84,96,51,201,42,71,81,5,232,84,88,102,61,191,60,52,Normal,Spray,Spray,1,1,1,3,1,1,1,3,1,1,1,3,16,-,-,-,-,-,-,-,-,-,-,-,1,NEU,90-92,OTT,Normal,1,3,-,-,-,9,8,7,2,98,72,44,-,-,-,-,-,-,107,93,93,14,-,-,-,-,-,107,93,93,69,69,74,77,9,9,45,38,12,10,2,0,0,4,8,4,2,2,0,1,0,4,0,6.2,0.01,5,0.5,0.3,3.44,0,0,0.0,0.7,0,0,0,0,0,0,0,0.0,0,0,0,0,0,0,0,0,0,0,0,0,0,0,0,0,0,0,0,0,0,0.00,0,0,0,0,0,0.0,0.0,0.0,0.00,9,9,30,0,29,1,0,0,3.06,0.9,1.027,0,0,85.1,0,0,23,22,6,6,1,0,2,1,2,0,0.0,-0.4
CF,Billy Southworth,Billy,Southworth,Transylvania Counts,5' 9',170 lbs,L,R,68,St. Louis Cardinals,STL,1926,1921-1945,,86379,Bronze,T4 Ep. 6 - Baseball Reference 6  RF Billy Southworth  STL  1926,0,N,0,76,84,96,51,201,42,71,81,5,232,84,88,102,61,191,60,52,Normal,Spray,Spray,1,1,1,3,1,1,1,3,1,1,1,3,16,-,-,-,-,-,-,-,-,-,-,-,1,NEU,90-92,OTT,Normal,1,3,-,-,-,9,8,7,2,98,72,44,-,-,-,-,-,-,107,93,93,14,-,-,-,-,-,107,93,93,69,69,74,77,5,5,22,22,6,4,1,0,1,3,3,0,0,0,0,0,0,3,0,2.7,0.52,2,0.2,0.0,3.05,0,0,0.0,0.2,0,0,0,0,0,0,0,0.0,0,0,0,0,0,0,0,0,0,0,0,0,0,0,0,0,0,0,0,0,0,0.00,0,0,0,0,0,0.0,0.0,0.0,0.00,5,5,15,0,14,1,0,0,2.80,-0.5,1.027,0,0,45.0,0,0,11,11,5,3,3,0,1,0,5,0,0.0,-0.6
CF,Bill Tuttle,Bill,Tuttle,EVC's Let the Music Play Ball-TTC,6' 0',190 lbs,R,R,59,Kansas City Athletics,OAK,1959,1946-1960,CS,86649,Iron,Clubhouse - Unsung Heroes  CF Bill Tuttle  KC1  1959,0,N,0,89,71,46,105,133,78,77,58,110,117,93,70,43,104,138,43,26,Normal,Normal,Normal,1,1,1,4,1,1,1,4,1,1,1,4,16,17,17,-,-,-,-,-,-,-,-,-,3,NEU,89-91,OTT,Normal,1,10,-,-,-,86,55,95,48,110,81,121,-,-,-,-,82,-,-,126,-,128,-,-,-,82,-,-,126,-,71,60,65,79,7,4,18,16,2,0,1,0,1,1,1,2,0,0,0,0,0,5,0,1.4,-0.22,1,-0.6,0.1,3.94,0,0,0.0,0.0,0,0,0,0,0,0,0,0.0,0,0,0,0,0,0,0,0,0,0,0,0,0,0,0,0,0,0,0,0,0,0.00,0,0,0,0,0,0.0,0.0,0.0,0.00,6,4,11,0,11,0,0,0,2.41,0.7,1.129,0,0,41.0,0,0,6,6,5,4,1,0,2,1,2,0,0.0,-0.2
CF,Bill Tuttle,Bill,Tuttle,BAGgin' Dingers TTC,6' 0',190 lbs,R,R,59,Kansas City Athletics,OAK,1959,1946-1960,CS,86649,Iron,Clubhouse - Unsung Heroes  CF Bill Tuttle  KC1  1959,0,N,0,89,71,46,105,133,78,77,58,110,117,93,70,43,104,138,43,26,Normal,Normal,Normal,1,1,1,4,1,1,1,4,1,1,1,4,16,17,17,-,-,-,-,-,-,-,-,-,3,NEU,89-91,OTT,Normal,1,10,-,-,-,86,55,95,48,110,81,121,-,-,-,-,82,-,-,126,-,128,-,-,-,82,-,-,126,-,71,60,65,79,15,15,59,53,13,10,3,0,0,2,6,6,0,0,0,0,0,4,0,5.4,-0.28,6,-0.8,0.2,3.58,0,1,-0.5,-0.0,0,0,0,0,0,0,0,0.0,0,0,0,0,0,0,0,0,0,0,0,0,0,0,0,0,0,0,0,0,0,0.00,0,0,0,0,0,0.0,0.0,0.0,0.00,15,15,49,2,45,2,0,0,3.21,0.4,1.027,0,0,131.2,0,0,37,37,9,5,6,3,2,0,8,0,0.0,0.3
RF,Eggie Dallard,Eggie,Dallard,The Colony Lynx,5' 10',175 lbs,L,R,67,Atlantic City Bacharach Giants,ACBG,1927,1921-1945,,84678,Bronze,Happy Easter  1B Eggie Dallard  ACBG  1927,0,N,0,63,54,82,128,60,61,53,81,126,60,64,55,83,129,61,70,72,Normal,Pull,Normal,1,1,23,1,1,1,23,1,1,1,23,1,16,24,-,-,-,-,-,-,-,-,-,-,2,EX FB,91-93,3/4,Normal,17,22,49,43,52,63,55,58,60,82,49,78,-,39,68,61,-,-,92,74,89,110,39,68,61,-,-,92,74,89,64,49,70,57,6,6,25,21,4,2,0,0,2,2,2,2,0,1,1,0,0,5,0,3.2,-0.03,3,0.3,0.0,3.68,0,0,0.0,0.0,0,0,0,0,0,0,0,0.0,0,0,0,0,0,0,0,0,0,0,0,0,0,0,0,0,0,0,0,0,0,0.00,0,0,0,0,0,0.0,0.0,0.0,0.00,6,6,16,0,15,1,0,0,2.41,-0.5,1.019,0,0,56.0,0,0,14,14,2,1,1,0,4,0,7,0,0.0,-0.3
RF,Eggie Dallard,Eggie,Dallard,Allston Wolf Spiders,5' 10',175 lbs,L,R,67,Atlantic City Bacharach Giants,ACBG,1927,1921-1945,,84678,Bronze,Happy Easter  1B Eggie Dallard  ACBG  1927,0,N,0,63,54,82,128,60,61,53,81,126,60,64,55,83,129,61,70,72,Normal,Pull,Normal,1,1,23,1,1,1,23,1,1,1,23,1,16,24,-,-,-,-,-,-,-,-,-,-,2,EX FB,91-93,3/4,Normal,17,22,49,43,52,63,55,58,60,82,49,78,-,39,68,61,-,-,92,74,89,110,39,68,61,-,-,92,74,89,64,49,70,57,4,4,16,14,0,0,0,0,0,0,1,1,0,1,0,0,0,1,0,0.1,-0.20,0,-2.7,-0.2,4.12,0,0,0.0,0.0,0,0,0,0,0,0,0,0.0,0,0,0,0,0,0,0,0,0,0,0,0,0,0,0,0,0,0,0,0,0,0.00,0,0,0,0,0,0.0,0.0,0.0,0.00,4,4,13,0,13,0,0,0,3.28,0.0,1.021,0,0,35.2,0,0,12,12,0,0,3,0,1,1,0,0,0.0,-0.0
RF,Johnny Dickshot,Johnny,Dickshot,EVC's Let the Music Play Ball-TTC,6' 0',195 lbs,R,R,60,Chicago White Sox,CHW,1945,1921-1945,,86319,Bronze,Laptophound Summer Classic: 65th-128th  LF Johnny Dickshot  CWS  1945,0,N,0,102,95,67,80,83,106,110,10,77,93,101,92,76,81,80,81,90,Groundball,Spray,Spray,1,1,1,3,1,1,1,3,1,1,1,3,16,-,-,-,-,-,-,-,-,-,-,-,1,NEU,90-92,3/4,Normal,1,20,-,-,-,2,9,6,6,57,47,86,-,-,-,-,-,-,67,-,68,-,-,-,-,-,-,67,-,68,75,57,83,66,14,14,55,50,13,10,0,3,0,4,6,4,0,0,1,0,0,9,0,6.4,0.11,6,-0.1,0.1,3.45,0,0,0.0,0.6,0,0,0,0,0,0,0,0.0,0,0,0,0,0,0,0,0,0,0,0,0,0,0,0,0,0,0,0,0,0,0.00,0,0,0,0,0,0.0,0.0,0.0,0.00,14,14,39,0,39,0,0,0,2.95,-0.1,1.019,0,0,119.0,0,0,36,33,5,4,1,1,4,1,4,0,0.0,-0.3
RF,Johnny Dickshot,Johnny,Dickshot,Hancocks and Sidekicks TTC,6' 0',195 lbs,R,R,60,Chicago White Sox,CHW,1945,1921-1945,,86319,Bronze,Laptophound Summer Classic: 65th-128th  LF Johnny Dickshot  CWS  1945,0,N,0,102,95,67,80,83,106,110,10,77,93,101,92,76,81,80,81,90,Groundball,Spray,Spray,1,1,1,3,1,1,1,3,1,1,1,3,16,-,-,-,-,-,-,-,-,-,-,-,1,NEU,90-92,3/4,Normal,1,20,-,-,-,2,9,6,6,57,47,86,-,-,-,-,-,-,67,-,68,-,-,-,-,-,-,67,-,68,75,57,83,66,20,4,40,40,10,8,1,1,0,4,3,0,0,0,0,0,0,1,1,2.9,-0.31,3,-1.7,-0.1,3.60,0,0,0.0,0.5,0,0,0,0,0,0,0,0.0,0,0,0,0,0,0,0,0,0,0,0,0,0,0,0,0,0,0,0,0,0,0.00,0,0,0,0,0,0.0,0.0,0.0,0.00,16,3,13,0,13,0,0,0,2.01,-0.3,.955,0,0,58.1,0,0,12,12,1,1,1,0,1,0,2,0,0.0,-0.1
RF,Mule Haas,Mule,Haas,Town of Lake Loons,6' 1',175 lbs,L,R,69,Philadelphia Athletics,OAK,1931,1921-1945,,83648,Bronze,Snapshot  CF Mule Haas  PHA  1931,0,Y,5,86,88,89,67,110,75,73,109,66,103,89,93,83,68,114,69,6,Normal,Normal,Normal,1,1,1,1,1,1,1,1,1,1,4,1,16,-,-,-,-,-,-,-,-,-,-,-,1,NEU,90-92,3/4,Normal,1,5,-,-,-,6,1,9,4,72,101,54,-,-,-,-,-,-,-,68,83,6,-,-,-,-,-,-,68,83,30,4,6,25,5,5,22,20,7,4,1,0,2,6,4,2,0,0,0,0,0,3,1,5.3,0.24,5,2.9,0.2,3.86,0,0,0.0,-0.6,0,0,0,0,0,0,0,0.0,0,0,0,0,0,0,0,0,0,0,0,0,0,0,0,0,0,0,0,0,0,0.00,0,0,0,0,0,0.0,0.0,0.0,0.00,5,5,12,0,11,1,0,0,2.27,-0.9,.934,0,0,43.2,0,0,11,9,2,2,0,0,3,0,2,0,0.0,0.0
RF,Mule Haas,Mule,Haas,PNW Wild Stallions,6' 1',175 lbs,L,R,69,Philadelphia Athletics,OAK,1931,1921-1945,,83648,Bronze,Snapshot  CF Mule Haas  PHA  1931,0,N,0,79,81,82,61,102,69,67,101,60,95,82,86,76,62,105,69,6,Normal,Normal,Normal,1,1,1,1,1,1,1,1,1,1,2,1,16,-,-,-,-,-,-,-,-,-,-,-,1,NEU,90-92,3/4,Normal,1,5,-,-,-,6,1,9,4,72,101,54,-,-,-,-,-,-,-,63,77,4,-,-,-,-,-,-,63,77,30,4,6,25,6,6,24,22,8,6,0,1,1,4,2,0,0,0,1,1,0,0,0,4.7,0.12,4,1.4,0.2,3.38,0,0,0.0,-0.4,0,0,0,0,0,0,0,0.0,0,0,0,0,0,0,0,0,0,0,0,0,0,0,0,0,0,0,0,0,0,0.00,0,0,0,0,0,0.0,0.0,0.0,0.00,6,6,20,0,20,0,0,0,3.35,0.2,1.019,0,0,53.2,0,0,18,18,2,1,1,1,1,0,3,0,0.0,0.1
RF,Dave Harris,Dave,Harris,Madison Moundsmen,5' 11',170 lbs,R,R,67,Washington Senators,MIN,1930,1921-1945,,83649,Bronze,Snapshot  LF Dave Harris  WS1  1930,0,Y,5,80,139,97,98,71,100,125,134,124,87,73,143,88,91,66,66,10,Line Drive,Normal,Normal,1,1,1,1,1,1,1,1,1,1,1,1,16,-,-,-,-,-,-,-,-,-,-,-,1,NEU,89-91,OTT,Normal,1,20,-,-,-,5,10,6,9,46,74,71,-,-,-,-,-,-,62,28,59,15,-,-,-,-,-,62,28,59,67,57,74,56,8,5,23,23,8,4,1,1,2,6,6,0,0,0,0,0,0,2,0,5.9,0.85,5,2.9,0.4,3.57,0,0,0.0,0.3,0,0,0,0,0,0,0,0.0,0,0,0,0,0,0,0,0,0,0,0,0,0,0,0,0,0,0,0,0,0,0.00,0,0,0,0,0,0.0,0.0,0.0,0.00,8,5,16,0,16,0,0,0,2.88,0.1,1.019,0,0,50.0,0,0,15,15,0,0,2,1,2,0,1,0,0.0,-0.0
RF,Johnny Hayes,Johnny,Hayes,Atlanta Braves TTC,5' 10',195 lbs,L,R,69,New York Black Yankees,NYBY,1940,1921-1945,,84471,Bronze,Negro League Star  C Johnny Hayes  NYBY  1940,0,N,0,60,53,67,105,88,60,52,66,104,85,61,54,68,106,89,68,64,Normal,Pull,Spray,1,1,19,2,1,1,18,2,1,1,20,2,16,-,-,-,-,-,-,-,-,-,-,-,1,NEU,90-92,3/4,Normal,1,12,68,68,66,2,5,2,9,75,62,62,-,65,-,-,-,-,-,63,77,-,65,-,-,-,-,-,63,77,48,22,64,49,9,9,40,33,16,12,2,0,2,7,8,7,0,0,0,0,0,6,0,15.1,0.74,12,8.1,1.0,4.17,1,0,0.3,0.2,0,0,0,0,0,0,0,0.0,0,0,0,0,0,0,0,0,0,0,0,0,0,0,0,0,0,0,0,0,0,0.00,0,0,0,0,0,0.0,0.0,0.0,0.00,9,9,30,1,28,1,0,0,3.22,0.2,1.021,0,0,81.0,0,10,13,13,2,1,3,1,1,0,3,1,-0.1,0.1
RF,Myril Hoag,Myril,Hoag,Allston Wolf Spiders,5' 11',180 lbs,R,R,46,St. Louis Browns,BAL,1939,1921-1945,CS,86088,Iron,Clubhouse - Baseball Reference 5  RF Myril Hoag  SLA  1939,0,N,0,73,76,87,55,102,86,59,82,48,108,69,82,89,58,100,53,38,Normal,Spray,Spray,1,20,1,22,1,18,1,18,1,22,2,26,16,-,-,16,-,-,-,-,-,-,-,-,2,NEU,89-91,SIDE,Normal,21,6,-,-,-,1,4,2,8,52,91,86,-,-,-,-,-,-,71,39,70,-,-,-,-,-,-,71,39,70,59,58,59,61,3,,1,1,0,0,0,0,0,0,0,0,0,0,0,0,0,0,0,0.0,-0.08,0,-0.2,-0.0,5.00,0,0,0.0,0.0,0,0,0,0,0,0,0,0.0,0,0,0,0,0,0,0,0,0,0,0,0,0,0,0,0,0,0,0,0,0,0.00,0,0,0,0,0,0.0,0.0,0.0,0.00,2,0,2,0,2,0,0,0,6.00,0.0,1.019,0,0,3.0,0,0,2,2,0,0,0,0,0,0,0,0,0.0,0.0
RF,Milton Lewis,Milton,Lewis,Hancocks and Sidekicks TTC,6' 0',200 lbs,L,R,67,Wilmington Potomacs,WiPo,1925,1921-1945,,84480,Bronze,Negro League Star  2B Milton Lewis  WiPo  1925,0,N,0,28,88,111,80,78,28,87,104,79,75,29,89,114,81,80,46,37,Flyball,Pull,Spray,13,32,34,17,13,32,34,18,13,32,35,17,36,-,36,-,-,-,-,-,-,-,-,-,2,EX FB,91-93,3/4,Normal,24,3,1,1,1,75,67,46,81,75,62,62,-,-,82,82,58,-,84,63,77,123,-,82,82,58,-,84,63,77,33,8,6,31,33,29,112,106,24,17,2,0,5,17,15,3,0,1,1,0,1,16,0,10.7,-0.52,10,-2.6,0.2,3.62,0,0,0.0,0.7,0,0,0,0,0,0,0,0.0,0,0,0,0,0,0,0,0,0,0,0,0,0,0,0,0,0,0,0,0,0,0.00,0,0,0,0,0,0.0,0.0,0.0,0.00,40,29,79,4,73,2,1,0,2.75,1.2,1.023,0,0,252.1,0,0,57,56,15,11,7,4,9,1,6,1,0.0,-0.1
RF,Beauty McGowan,Beauty,McGowan,Black Dog,5' 11',190 lbs,L,R,68,St. Louis Browns,BAL,1928,1921-1945,,82903,Bronze,Unsung Heroes  RF Beauty McGowan  SLA  1928,0,N,0,89,82,65,76,81,95,97,48,83,89,88,77,69,74,79,63,6,Groundball,Spray,Spray,1,1,1,7,1,1,1,7,1,1,1,7,16,-,-,-,-,-,-,-,-,-,-,-,1,GB,91-93,OTT,GB'er,1,18,-,-,-,8,7,4,6,65,71,77,-,-,-,-,-,-,79,53,76,11,-,-,-,-,-,79,53,76,64,33,67,78,11,11,39,35,9,7,0,1,1,5,8,4,0,0,0,0,0,5,1,4.6,0.21,5,0.7,0.1,3.38,0,0,0.0,0.6,0,0,0,0,0,0,0,0.0,0,0,0,0,0,0,0,0,0,0,0,0,0,0,0,0,0,0,0,0,0,0.00,0,0,0,0,0,0.0,0.0,0.0,0.00,11,11,19,1,17,1,0,0,1.78,-0.9,1.019,0,0,91.0,0,0,15,15,4,2,2,0,6,0,2,0,0.0,0.2
RF,Beauty McGowan,Beauty,McGowan,Town of Lake Loons,5' 11',190 lbs,L,R,68,St. Louis Browns,BAL,1928,1921-1945,,82903,Bronze,Unsung Heroes  RF Beauty McGowan  SLA  1928,0,N,0,89,82,65,76,81,95,97,48,83,89,88,77,69,74,79,63,6,Groundball,Spray,Spray,1,1,1,7,1,1,1,7,1,1,1,7,16,-,-,-,-,-,-,-,-,-,-,-,1,GB,91-93,OTT,GB'er,1,18,-,-,-,8,7,4,6,65,71,77,-,-,-,-,-,-,79,53,76,11,-,-,-,-,-,79,53,76,64,33,67,78,3,1,6,5,0,0,0,0,0,1,0,0,0,0,0,1,0,0,0,0.0,-0.25,0,-1.5,-0.2,4.50,0,0,0.0,0.0,0,0,0,0,0,0,0,0.0,0,0,0,0,0,0,0,0,0,0,0,0,0,0,0,0,0,0,0,0,0,0.00,0,0,0,0,0,0.0,0.0,0.0,0.00,2,1,2,0,2,0,0,0,1.86,-0.1,1.031,0,0,9.2,0,0,2,2,0,0,1,0,0,0,0,0,0.0,-0.1
RF,Beauty McGowan,Beauty,McGowan,San Francisco Seals,5' 11',190 lbs,L,R,68,St. Louis Browns,BAL,1928,1921-1945,,82903,Bronze,Unsung Heroes  RF Beauty McGowan  SLA  1928,0,N,0,89,82,65,76,81,95,97,48,83,89,88,77,69,74,79,63,6,Groundball,Spray,Spray,1,1,1,7,1,1,1,7,1,1,1,7,16,-,-,-,-,-,-,-,-,-,-,-,1,GB,91-93,OTT,GB'er,1,18,-,-,-,8,7,4,6,65,71,77,-,-,-,-,-,-,79,53,76,11,-,-,-,-,-,79,53,76,64,33,67,78,3,2,9,9,1,1,0,0,0,0,1,0,0,0,0,0,0,0,0,0.1,-0.06,0,-1.5,-0.1,3.22,0,0,0.0,0.0,0,0,0,0,0,0,0,0.0,0,0,0,0,0,0,0,0,0,0,0,0,0,0,0,0,0,0,0,0,0,0.00,0,0,0,0,0,0.0,0.0,0.0,0.00,2,2,5,0,5,0,0,0,2.50,0.1,1.274,0,0,18.0,0,0,3,3,2,2,3,0,1,0,0,0,0.0,0.0
RF,Beauty McGowan,Beauty,McGowan,Ungentlemanly Fightin' Fellows TTC,5' 11',190 lbs,L,R,68,St. Louis Browns,BAL,1928,1921-1945,,82903,Bronze,Unsung Heroes  RF Beauty McGowan  SLA  1928,0,N,0,89,82,65,76,81,95,97,48,83,89,88,77,69,74,79,63,6,Groundball,Spray,Spray,1,1,1,7,1,1,1,7,1,1,1,7,16,-,-,-,-,-,-,-,-,-,-,-,1,GB,91-93,OTT,GB'er,1,18,-,-,-,8,7,4,6,65,71,77,-,-,-,-,-,-,79,53,76,11,-,-,-,-,-,79,53,76,64,33,67,78,3,1,6,5,2,1,1,0,0,1,0,0,0,0,1,0,0,0,0,1.2,-0.05,0,0.3,0.1,3.33,0,0,0.0,0.0,0,0,0,0,0,0,0,0.0,0,0,0,0,0,0,0,0,0,0,0,0,0,0,0,0,0,0,0,0,0,0.00,0,0,0,0,0,0.0,0.0,0.0,0.00,2,1,6,1,5,0,0,0,5.40,0.1,1.019,0,0,10.0,0,0,4,4,0,0,2,1,0,0,0,0,0.0,0.2
RF,Beauty McGowan,Beauty,McGowan,DongTan Milky,5' 11',190 lbs,L,R,68,St. Louis Browns,BAL,1928,1921-1945,,82903,Bronze,Unsung Heroes  RF Beauty McGowan  SLA  1928,0,N,0,89,82,65,76,81,95,97,48,83,89,88,77,69,74,79,63,6,Groundball,Spray,Spray,1,1,1,7,1,1,1,7,1,1,1,7,16,-,-,-,-,-,-,-,-,-,-,-,1,GB,91-93,OTT,GB'er,1,18,-,-,-,8,7,4,6,65,71,77,-,-,-,-,-,-,79,53,76,11,-,-,-,-,-,79,53,76,64,33,67,78,3,3,12,11,0,0,0,0,0,0,1,1,0,0,0,0,0,2,0,0.0,-0.10,0,-2.4,-0.2,3.92,0,0,0.0,0.1,0,0,0,0,0,0,0,0.0,0,0,0,0,0,0,0,0,0,0,0,0,0,0,0,0,0,0,0,0,0,0.00,0,0,0,0,0,0.0,0.0,0.0,0.00,3,3,3,0,3,0,0,0,1.04,0.1,1.019,0,0,26.0,0,0,2,2,1,1,0,0,0,0,1,0,0.0,-0.1
RF,Beauty McGowan,Beauty,McGowan,Aurora Highlanders,5' 11',190 lbs,L,R,68,St. Louis Browns,BAL,1928,1921-1945,,82903,Bronze,Unsung Heroes  RF Beauty McGowan  SLA  1928,0,Y,5,97,89,71,83,88,103,105,53,90,97,96,84,75,81,86,63,6,Groundball,Spray,Spray,1,1,1,9,1,1,1,9,1,1,1,9,16,-,-,-,-,-,-,-,-,-,-,-,1,GB,91-93,OTT,GB'er,1,18,-,-,-,8,7,4,6,65,71,77,-,-,-,-,-,-,85,58,81,13,-,-,-,-,-,85,58,81,64,33,67,78,4,3,14,13,6,5,1,0,0,0,1,1,0,0,0,0,0,3,0,3.6,0.14,3,1.7,0.2,4.29,0,0,0.0,0.0,0,0,0,0,0,0,0,0.0,0,0,0,0,0,0,0,0,0,0,0,0,0,0,0,0,0,0,0,0,0,0.00,0,0,0,0,0,0.0,0.0,0.0,0.00,4,3,6,0,6,0,0,0,2.02,0.0,1.023,0,0,26.2,0,0,5,5,1,1,1,0,0,0,1,0,0.0,-0.1
RF,Beauty McGowan,Beauty,McGowan,Gettysburg Iron Brigade,5' 11',190 lbs,L,R,68,St. Louis Browns,BAL,1928,1921-1945,,82903,Bronze,Unsung Heroes  RF Beauty McGowan  SLA  1928,0,N,0,89,82,65,76,81,95,97,48,83,89,88,77,69,74,79,63,6,Groundball,Spray,Spray,1,1,1,7,1,1,1,7,1,1,1,7,16,-,-,-,-,-,-,-,-,-,-,-,1,GB,91-93,OTT,GB'er,1,18,-,-,-,8,7,4,6,65,71,77,-,-,-,-,-,-,79,53,76,11,-,-,-,-,-,79,53,76,64,33,67,78,10,10,40,36,6,6,0,0,0,1,2,1,0,2,1,0,0,6,1,1.5,-0.48,1,-3.7,-0.2,3.52,0,0,0.0,0.2,0,0,0,0,0,0,0,0.0,0,0,0,0,0,0,0,0,0,0,0,0,0,0,0,0,0,0,0,0,0,0.00,0,0,0,0,0,0.0,0.0,0.0,0.00,10,10,16,0,16,0,0,0,1.69,0.4,1.022,0,0,85.0,0,0,14,14,1,0,1,1,1,1,5,0,0.0,0.3
RF,Beauty McGowan,Beauty,McGowan,Ware Wolves2,5' 11',190 lbs,L,R,68,St. Louis Browns,BAL,1928,1921-1945,,82903,Bronze,Unsung Heroes  RF Beauty McGowan  SLA  1928,0,N,0,89,82,65,76,81,95,97,48,83,89,88,77,69,74,79,63,6,Groundball,Spray,Spray,1,1,1,7,1,1,1,7,1,1,1,7,16,-,-,-,-,-,-,-,-,-,-,-,1,GB,91-93,OTT,GB'er,1,18,-,-,-,8,7,4,6,65,71,77,-,-,-,-,-,-,79,53,76,11,-,-,-,-,-,79,53,76,64,33,67,78,18,17,76,70,15,14,1,0,0,8,8,5,0,0,1,0,0,13,2,4.2,-0.13,4,-4.7,-0.4,3.36,0,0,0.0,0.3,0,0,0,0,0,0,0,0.0,0,0,0,0,0,0,0,0,0,0,0,0,0,0,0,0,0,0,0,0,0,0.00,0,0,0,0,0,0.0,0.0,0.0,0.00,17,17,40,0,38,2,0,0,2.28,-0.7,.993,0,0,150.0,0,0,31,30,10,5,2,1,7,2,3,0,0.0,-0.3
RF,Beauty McGowan,Beauty,McGowan,White Rabbitt,5' 11',190 lbs,L,R,68,St. Louis Browns,BAL,1928,1921-1945,,82903,Bronze,Unsung Heroes  RF Beauty McGowan  SLA  1928,0,Y,5,97,89,71,83,88,103,105,53,90,97,96,84,75,81,86,63,6,Groundball,Spray,Spray,1,1,1,9,1,1,1,9,1,1,1,9,16,-,-,-,-,-,-,-,-,-,-,-,1,GB,91-93,OTT,GB'er,1,18,-,-,-,8,7,4,6,65,71,77,-,-,-,-,-,-,85,58,81,13,-,-,-,-,-,85,58,81,64,33,67,78,14,9,37,29,10,7,0,0,3,7,6,7,0,0,0,1,0,6,0,9.8,0.70,9,4.8,0.6,3.73,0,0,0.0,0.2,0,0,0,0,0,0,0,0.0,0,0,0,0,0,0,0,0,0,0,0,0,0,0,0,0,0,0,0,0,0,0.00,0,0,0,0,0,0.0,0.0,0.0,0.00,11,9,23,0,21,2,0,0,2.42,0.5,1.021,0,0,78.0,0,0,13,12,6,5,5,3,4,0,6,1,0.0,-0.2
RF,Beauty McGowan,Beauty,McGowan,Daegu Lions,5' 11',190 lbs,L,R,68,St. Louis Browns,BAL,1928,1921-1945,,82903,Bronze,Unsung Heroes  RF Beauty McGowan  SLA  1928,0,Y,5,97,89,71,83,88,103,105,53,90,97,96,84,75,81,86,63,6,Groundball,Spray,Spray,1,1,1,9,1,1,1,9,1,1,1,9,16,-,-,-,-,-,-,-,-,-,-,-,1,GB,91-93,OTT,GB'er,1,18,-,-,-,8,7,4,6,65,71,77,-,-,-,-,-,-,85,58,81,13,-,-,-,-,-,85,58,81,64,33,67,78,15,14,64,56,18,13,4,0,1,5,9,5,0,0,0,3,0,7,0,10.0,0.12,9,2.2,0.3,3.81,0,0,0.0,0.2,0,0,0,0,0,0,0,0.0,0,0,0,0,0,0,0,0,0,0,0,0,0,0,0,0,0,0,0,0,0,0.00,0,0,0,0,0,0.0,0.0,0.0,0.00,16,14,28,0,28,0,0,0,1.90,-0.4,1.033,0,0,132.2,0,0,21,21,8,6,6,1,5,0,6,0,0.0,-0.1
RF,Beauty McGowan,Beauty,McGowan,Energy Efficiency,5' 11',190 lbs,L,R,68,St. Louis Browns,BAL,1928,1921-1945,,82903,Bronze,Unsung Heroes  RF Beauty McGowan  SLA  1928,0,N,0,89,82,65,76,81,95,97,48,83,89,88,77,69,74,79,63,6,Groundball,Spray,Spray,1,1,1,7,1,1,1,7,1,1,1,7,16,-,-,-,-,-,-,-,-,-,-,-,1,GB,91-93,OTT,GB'er,1,18,-,-,-,8,7,4,6,65,71,77,-,-,-,-,-,-,79,53,76,11,-,-,-,-,-,79,53,76,64,33,67,78,11,11,53,45,12,8,1,0,3,7,5,2,1,1,4,1,0,6,1,6.6,0.19,6,-0.1,0.2,3.34,0,0,0.0,0.3,0,0,0,0,0,0,0,0.0,0,0,0,0,0,0,0,0,0,0,0,0,0,0,0,0,0,0,0,0,0,0.00,0,0,0,0,0,0.0,0.0,0.0,0.00,11,11,27,0,26,1,0,0,2.02,0.8,1.021,0,0,116.0,0,0,18,18,6,5,3,2,4,1,6,0,0.0,-0.3
RF,Beauty McGowan,Beauty,McGowan,The Spacehog,5' 11',190 lbs,L,R,68,St. Louis Browns,BAL,1928,1921-1945,,82903,Bronze,Unsung Heroes  RF Beauty McGowan  SLA  1928,0,Y,5,97,89,71,83,88,103,105,53,90,97,96,84,75,81,86,63,6,Groundball,Spray,Spray,1,1,1,9,1,1,1,9,1,1,1,9,16,-,-,-,-,-,-,-,-,-,-,-,1,GB,91-93,OTT,GB'er,1,18,-,-,-,8,7,4,6,65,71,77,-,-,-,-,-,-,85,58,81,13,-,-,-,-,-,85,58,81,64,33,67,78,6,2,11,10,4,2,1,0,1,2,3,1,0,0,0,0,0,5,0,3.0,0.01,3,2.0,0.2,4.91,0,1,-0.5,0.4,0,0,0,0,0,0,0,0.0,0,0,0,0,0,0,0,0,0,0,0,0,0,0,0,0,0,0,0,0,0,0.00,0,0,0,0,0,0.0,0.0,0.0,0.00,4,2,3,0,2,1,0,0,0.78,0.0,1.027,0,0,23.0,0,0,1,1,1,1,0,0,1,0,1,0,0.0,0.0
RF,Beauty McGowan,Beauty,McGowan,Sabo's Saturn League Legends TTC,5' 11',190 lbs,L,R,68,St. Louis Browns,BAL,1928,1921-1945,,82903,Bronze,Unsung Heroes  RF Beauty McGowan  SLA  1928,0,N,0,89,82,65,76,81,95,97,48,83,89,88,77,69,74,79,63,6,Groundball,Spray,Spray,1,1,1,7,1,1,1,7,1,1,1,7,16,-,-,-,-,-,-,-,-,-,-,-,1,GB,91-93,OTT,GB'er,1,18,-,-,-,8,7,4,6,65,71,77,-,-,-,-,-,-,79,53,76,11,-,-,-,-,-,79,53,76,64,33,67,78,6,6,24,23,4,2,2,0,0,0,1,0,0,0,1,0,0,4,1,0.8,-0.41,0,-2.4,-0.3,3.04,0,0,0.0,0.0,0,0,0,0,0,0,0,0.0,0,0,0,0,0,0,0,0,0,0,0,0,0,0,0,0,0,0,0,0,0,0.00,0,0,0,0,0,0.0,0.0,0.0,0.00,3,3,6,1,5,0,1,0,2.00,-0.1,1.024,0,0,27.0,0,0,3,3,2,2,2,0,1,0,2,0,0.0,-0.5
RF,Beauty McGowan,Beauty,McGowan,Out of Left Field,5' 11',190 lbs,L,R,68,St. Louis Browns,BAL,1928,1921-1945,,82903,Bronze,Unsung Heroes  RF Beauty McGowan  SLA  1928,0,Y,5,97,89,71,83,88,103,105,53,90,97,96,84,75,81,86,63,6,Groundball,Spray,Spray,1,1,1,9,1,1,1,9,1,1,1,9,16,-,-,-,-,-,-,-,-,-,-,-,1,GB,91-93,OTT,GB'er,1,18,-,-,-,8,7,4,6,65,71,77,-,-,-,-,-,-,85,58,81,13,-,-,-,-,-,85,58,81,64,33,67,78,26,24,105,95,31,21,8,0,2,13,13,8,1,1,0,0,1,17,1,17.2,0.39,17,5.3,0.9,3.47,0,1,-0.5,-0.0,0,0,0,0,0,0,0,0.0,0,0,0,0,0,0,0,0,0,0,0,0,0,0,0,0,0,0,0,0,0,0.00,0,0,0,0,0,0.0,0.0,0.0,0.00,26,24,49,0,49,0,0,0,1.97,1.2,1.042,0,0,223.1,0,0,37,37,7,4,9,4,8,3,11,1,0.0,0.1
RF,Sam Mele,Sam,Mele,Cape Cod Sharks - HotL,6' 1',185 lbs,R,R,61,Washington Senators,MIN,1950,1946-1960,,83486,Bronze,Snapshot  RF Sam Mele  WS1  1950,0,Y,1,59,83,78,75,99,72,78,91,94,99,51,85,74,69,99,31,10,Normal,Normal,Normal,1,1,1,5,1,1,1,5,1,1,1,5,16,-,-,-,-,-,-,-,-,-,-,-,1,NEU,90-92,3/4,Normal,1,24,-,-,-,31,26,29,31,50,90,70,-,-,49,-,-,-,67,34,62,69,-,49,-,-,-,67,34,62,49,14,67,42,1,,1,1,1,1,0,0,0,0,0,0,0,0,0,0,0,0,0,1.0,0.00,0,0.5,0.1,3.00,0,0,0.0,0.0,0,0,0,0,0,0,0,0.0,0,0,0,0,0,0,0,0,0,0,0,0,0,0,0,0,0,0,0,0,0,0.00,0,0,0,0,0,0.0,0.0,0.0,0.00,1,0,1,0,1,0,0,0,4.50,0.1,1.043,0,0,2.0,0,0,0,0,1,1,0,0,0,0,0,0,0.0,0.0
RF,Sam Mele,Sam,Mele,Tegridy Farms Weed,6' 1',185 lbs,R,R,61,Washington Senators,MIN,1950,1946-1960,,83486,Bronze,Snapshot  RF Sam Mele  WS1  1950,0,N,0,57,81,76,73,97,70,76,89,92,97,49,83,72,67,97,31,10,Normal,Normal,Normal,1,1,1,4,1,1,1,4,1,1,1,4,16,-,-,-,-,-,-,-,-,-,-,-,1,NEU,90-92,3/4,Normal,1,24,-,-,-,31,26,29,31,50,90,70,-,-,48,-,-,-,65,33,61,68,-,48,-,-,-,65,33,61,49,14,67,42,4,,5,5,0,0,0,0,0,0,0,0,0,0,0,0,0,1,1,-0.0,-0.41,0,-1.2,-0.1,4.80,0,0,0.0,0.0,0,0,0,0,0,0,0,0.0,0,0,0,0,0,0,0,0,0,0,0,0,0,0,0,0,0,0,0,0,0,0.00,0,0,0,0,0,0.0,0.0,0.0,0.00,2,0,3,0,3,0,0,0,6.75,0.3,1.043,0,0,4.0,0,0,2,2,0,0,1,1,0,0,0,0,0.0,0.0
RF,Ed Morgan,Ed,Morgan,Birmingham Black Barons,6' 0',180 lbs,R,R,66,Cleveland Guardians,CLE,1929,1921-1945,BBR,85943,Bronze,July Jewels - Baseball Reference 4  RF Ed Morgan  CLE  1929,0,N,0,132,121,37,122,88,141,150,50,118,86,129,112,33,124,89,56,44,Line Drive,Spray,Spray,1,1,1,1,1,1,1,1,1,1,1,1,16,-,-,-,-,-,-,-,-,-,-,-,1,NEU,91-93,3/4,Normal,1,2,-,-,-,3,1,2,9,50,54,66,-,-,-,-,-,-,56,-,52,-,-,-,-,-,-,56,-,52,69,56,45,66,14,13,61,50,12,8,1,2,1,6,7,10,0,0,0,1,0,3,1,8.0,0.58,8,1.7,0.2,3.82,0,0,0.0,0.2,0,0,0,0,0,0,0,0.0,0,0,0,0,0,0,0,0,0,0,0,0,0,0,0,0,0,0,0,0,0,0.00,0,0,0,0,0,0.0,0.0,0.0,0.00,1,0,1,0,1,0,0,0,4.50,-0.1,1.019,0,0,2.0,0,0,1,1,0,0,1,0,0,0,0,0,0.0,-0.0
RF,Ed Morgan,Ed,Morgan,HILITE RECORDS,6' 0',180 lbs,R,R,66,Cleveland Guardians,CLE,1929,1921-1945,BBR,85943,Bronze,July Jewels - Baseball Reference 4  RF Ed Morgan  CLE  1929,0,N,0,132,121,37,122,88,141,150,50,118,86,129,112,33,124,89,56,44,Line Drive,Spray,Spray,1,1,1,1,1,1,1,1,1,1,1,1,16,-,-,-,-,-,-,-,-,-,-,-,1,NEU,91-93,3/4,Normal,1,2,-,-,-,3,1,2,9,50,54,66,-,-,-,-,-,-,56,-,52,-,-,-,-,-,-,56,-,52,69,56,45,66,5,1,9,6,2,1,0,0,1,1,1,3,0,0,0,0,0,1,0,3.2,0.07,2,1.8,0.2,4.78,0,0,0.0,0.0,0,0,0,0,0,0,0,0.0,0,0,0,0,0,0,0,0,0,0,0,0,0,0,0,0,0,0,0,0,0,0.00,0,0,0,0,0,0.0,0.0,0.0,0.00,2,1,2,0,2,0,0,0,1.64,-0.2,1.019,0,0,11.0,0,0,2,2,1,0,0,0,0,0,0,0,0.0,-0.3
RF,Ed Morgan,Ed,Morgan,Statesville Shadowcats,6' 0',180 lbs,R,R,66,Cleveland Guardians,CLE,1929,1921-1945,BBR,85943,Bronze,July Jewels - Baseball Reference 4  RF Ed Morgan  CLE  1929,0,N,0,132,121,37,122,88,141,150,50,118,86,129,112,33,124,89,56,44,Line Drive,Spray,Spray,1,1,1,1,1,1,1,1,1,1,1,1,16,-,-,-,-,-,-,-,-,-,-,-,1,NEU,91-93,3/4,Normal,1,2,-,-,-,3,1,2,9,50,54,66,-,-,-,-,-,-,56,-,52,-,-,-,-,-,-,56,-,52,69,56,45,66,3,2,10,8,4,3,0,1,0,0,1,2,0,0,0,0,0,0,0,3.9,0.18,3,2.1,0.2,4.10,0,0,0.0,-0.3,0,0,0,0,0,0,0,0.0,0,0,0,0,0,0,0,0,0,0,0,0,0,0,0,0,0,0,0,0,0,0.00,0,0,0,0,0,0.0,0.0,0.0,0.00,1,0,0,0,0,0,0,0,0.00,0.0,.000,0,0,1.0,0,0,0,0,0,0,0,0,0,0,0,0,0.0,0.0
RF,Ed Morgan,Ed,Morgan,Seoul Hannams,6' 0',180 lbs,R,R,66,Cleveland Guardians,CLE,1929,1921-1945,BBR,85943,Bronze,July Jewels - Baseball Reference 4  RF Ed Morgan  CLE  1929,0,N,0,132,121,37,122,88,141,150,50,118,86,129,112,33,124,89,56,44,Line Drive,Spray,Spray,1,1,1,1,1,1,1,1,1,1,1,1,16,-,-,-,-,-,-,-,-,-,-,-,1,NEU,91-93,3/4,Normal,1,2,-,-,-,3,1,2,9,50,54,66,-,-,-,-,-,-,56,-,52,-,-,-,-,-,-,56,-,52,69,56,45,66,3,1,5,5,1,0,1,0,0,0,0,0,0,0,0,0,0,0,0,0.4,-0.13,0,-0.2,0.0,2.40,0,0,0.0,0.0,0,0,0,0,0,0,0,0.0,0,0,0,0,0,0,0,0,0,0,0,0,0,0,0,0,0,0,0,0,0,0.00,0,0,0,0,0,0.0,0.0,0.0,0.00,1,1,3,0,3,0,0,0,3.38,0.1,1.043,0,0,8.0,0,0,3,3,0,0,0,0,0,0,0,0,0.0,0.0
RF,Ed Morgan,Ed,Morgan,Newport News Dodgers_TTC,6' 0',180 lbs,R,R,66,Cleveland Guardians,CLE,1929,1921-1945,BBR,85943,Bronze,July Jewels - Baseball Reference 4  RF Ed Morgan  CLE  1929,0,N,0,132,121,37,122,88,141,150,50,118,86,129,112,33,124,89,56,44,Line Drive,Spray,Spray,1,1,1,1,1,1,1,1,1,1,1,1,16,-,-,-,-,-,-,-,-,-,-,-,1,NEU,91-93,3/4,Normal,1,2,-,-,-,3,1,2,9,50,54,66,-,-,-,-,-,-,56,-,52,-,-,-,-,-,-,56,-,52,69,56,45,66,7,7,31,29,4,3,1,0,0,0,1,2,0,0,0,0,0,6,1,0.9,0.02,0,-3.3,-0.3,3.26,0,0,0.0,-0.1,0,0,0,0,0,0,0,0.0,0,0,0,0,0,0,0,0,0,0,0,0,0,0,0,0,0,0,0,0,0,0.00,0,0,0,0,0,0.0,0.0,0.0,0.00,0,0,0,0,0,0,0,0,0.00,0.0,.000,0,0,0.0,0,0,0,0,0,0,0,0,0,0,0,0,0.0,0.0
RF,Ed Morgan,Ed,Morgan,Deep 13 Mad Scientists,6' 0',180 lbs,R,R,66,Cleveland Guardians,CLE,1929,1921-1945,BBR,85943,Bronze,July Jewels - Baseball Reference 4  RF Ed Morgan  CLE  1929,0,N,0,132,121,37,122,88,141,150,50,118,86,129,112,33,124,89,56,44,Line Drive,Spray,Spray,1,1,1,1,1,1,1,1,1,1,1,1,16,-,-,-,-,-,-,-,-,-,-,-,1,NEU,91-93,3/4,Normal,1,2,-,-,-,3,1,2,9,50,54,66,-,-,-,-,-,-,56,-,52,-,-,-,-,-,-,56,-,52,69,56,45,66,7,1,12,9,1,1,0,0,0,2,0,3,0,0,0,0,0,3,0,0.6,0.07,0,-0.5,-0.0,4.33,0,0,0.0,0.0,0,0,0,0,0,0,0,0.0,0,0,0,0,0,0,0,0,0,0,0,0,0,0,0,0,0,0,0,0,0,0.00,0,0,0,0,0,0.0,0.0,0.0,0.00,2,1,6,0,6,0,0,0,3.86,-0.2,1.043,0,0,14.0,0,0,6,5,1,1,1,0,0,0,0,0,0.0,0.0
RF,Ed Morgan,Ed,Morgan,Jinzhou Speedster,6' 0',180 lbs,R,R,66,Cleveland Guardians,CLE,1929,1921-1945,BBR,85943,Bronze,July Jewels - Baseball Reference 4  RF Ed Morgan  CLE  1929,0,N,0,132,121,37,122,88,141,150,50,118,86,129,112,33,124,89,56,44,Line Drive,Spray,Spray,1,1,1,1,1,1,1,1,1,1,1,1,16,-,-,-,-,-,-,-,-,-,-,-,1,NEU,91-93,3/4,Normal,1,2,-,-,-,3,1,2,9,50,54,66,-,-,-,-,-,-,56,-,52,-,-,-,-,-,-,56,-,52,69,56,45,66,4,2,10,8,3,3,0,0,0,0,1,2,0,0,0,0,0,0,0,1.8,0.20,2,0.8,0.0,5.00,0,0,0.0,-0.8,0,0,0,0,0,0,0,0.0,0,0,0,0,0,0,0,0,0,0,0,0,0,0,0,0,0,0,0,0,0,0.00,0,0,0,0,0,0.0,0.0,0.0,0.00,0,0,0,0,0,0,0,0,0.00,0.0,.000,0,0,0.0,0,0,0,0,0,0,0,0,0,0,0,0,0.0,0.0
RF,Ed Morgan,Ed,Morgan,Huatulco Tacos,6' 0',180 lbs,R,R,66,Cleveland Guardians,CLE,1929,1921-1945,BBR,85943,Bronze,July Jewels - Baseball Reference 4  RF Ed Morgan  CLE  1929,0,N,0,132,121,37,122,88,141,150,50,118,86,129,112,33,124,89,56,44,Line Drive,Spray,Spray,1,1,1,1,1,1,1,1,1,1,1,1,16,-,-,-,-,-,-,-,-,-,-,-,1,NEU,91-93,3/4,Normal,1,2,-,-,-,3,1,2,9,50,54,66,-,-,-,-,-,-,56,-,52,-,-,-,-,-,-,56,-,52,69,56,45,66,4,3,15,15,4,4,0,0,0,0,2,0,0,0,0,0,0,1,0,0.8,-0.11,0,-0.8,-0.2,3.33,0,1,-0.5,-0.5,0,0,0,0,0,0,0,0.0,0,0,0,0,0,0,0,0,0,0,0,0,0,0,0,0,0,0,0,0,0,0.00,0,0,0,0,0,0.0,0.0,0.0,0.00,0,0,0,0,0,0,0,0,0.00,0.0,.000,0,0,0.0,0,0,0,0,0,0,0,0,0,0,0,0,0.0,0.0
RF,Ed Morgan,Ed,Morgan,Cape Cod Sharks - HotL,6' 0',180 lbs,R,R,66,Cleveland Guardians,CLE,1929,1921-1945,BBR,85943,Bronze,July Jewels - Baseball Reference 4  RF Ed Morgan  CLE  1929,0,N,0,132,121,37,122,88,141,150,50,118,86,129,112,33,124,89,56,44,Line Drive,Spray,Spray,1,1,1,1,1,1,1,1,1,1,1,1,16,-,-,-,-,-,-,-,-,-,-,-,1,NEU,91-93,3/4,Normal,1,2,-,-,-,3,1,2,9,50,54,66,-,-,-,-,-,-,56,-,52,-,-,-,-,-,-,56,-,52,69,56,45,66,4,,3,3,0,0,0,0,0,0,0,0,0,0,0,0,0,1,0,0.0,-0.16,0,-0.7,-0.1,5.33,0,0,0.0,0.0,0,0,0,0,0,0,0,0.0,0,0,0,0,0,0,0,0,0,0,0,0,0,0,0,0,0,0,0,0,0,0.00,0,0,0,0,0,0.0,0.0,0.0,0.00,2,0,0,0,0,0,0,0,0.00,0.0,.000,0,0,3.0,0,0,0,0,0,0,0,0,0,0,0,0,0.0,-0.1
RF,Ed Morgan,Ed,Morgan,Aberfeldie Falcons,6' 0',180 lbs,R,R,66,Cleveland Guardians,CLE,1929,1921-1945,BBR,85943,Bronze,July Jewels - Baseball Reference 4  RF Ed Morgan  CLE  1929,0,N,0,132,121,37,122,88,141,150,50,118,86,129,112,33,124,89,56,44,Line Drive,Spray,Spray,1,1,1,1,1,1,1,1,1,1,1,1,16,-,-,-,-,-,-,-,-,-,-,-,1,NEU,91-93,3/4,Normal,1,2,-,-,-,3,1,2,9,50,54,66,-,-,-,-,-,-,56,-,52,-,-,-,-,-,-,56,-,52,69,56,45,66,6,6,27,24,4,1,1,1,1,3,3,2,0,0,0,1,0,5,0,2.5,0.40,2,-0.8,-0.1,3.81,0,0,0.0,-0.2,0,0,0,0,0,0,0,0.0,0,0,0,0,0,0,0,0,0,0,0,0,0,0,0,0,0,0,0,0,0,0.00,0,0,0,0,0,0.0,0.0,0.0,0.00,0,0,0,0,0,0,0,0,0.00,0.0,.000,0,0,0.0,0,0,0,0,0,0,0,0,0,0,0,0,0.0,0.0
RF,Ed Morgan,Ed,Morgan,Louisville Haymakers,6' 0',180 lbs,R,R,66,Cleveland Guardians,CLE,1929,1921-1945,BBR,85943,Bronze,July Jewels - Baseball Reference 4  RF Ed Morgan  CLE  1929,0,N,0,132,121,37,122,88,141,150,50,118,86,129,112,33,124,89,56,44,Line Drive,Spray,Spray,1,1,1,1,1,1,1,1,1,1,1,1,16,-,-,-,-,-,-,-,-,-,-,-,1,NEU,91-93,3/4,Normal,1,2,-,-,-,3,1,2,9,50,54,66,-,-,-,-,-,-,56,-,52,-,-,-,-,-,-,56,-,52,69,56,45,66,7,7,33,29,7,4,3,0,0,4,2,4,1,0,0,0,0,3,0,3.6,0.29,3,-0.5,-0.0,3.88,0,0,0.0,-0.3,0,0,0,0,0,0,0,0.0,0,0,0,0,0,0,0,0,0,0,0,0,0,0,0,0,0,0,0,0,0,0.00,0,0,0,0,0,0.0,0.0,0.0,0.00,1,1,1,0,1,0,0,0,1.00,0.0,1.043,0,0,9.0,0,0,1,1,0,0,0,0,0,0,0,0,0.0,0.0
RF,Ed Morgan,Ed,Morgan,OKC Whirlwinds - PCK,6' 0',180 lbs,R,R,66,Cleveland Guardians,CLE,1929,1921-1945,BBR,85943,Bronze,July Jewels - Baseball Reference 4  RF Ed Morgan  CLE  1929,0,N,0,132,121,37,122,88,141,150,50,118,86,129,112,33,124,89,56,44,Line Drive,Spray,Spray,1,1,1,1,1,1,1,1,1,1,1,1,16,-,-,-,-,-,-,-,-,-,-,-,1,NEU,91-93,3/4,Normal,1,2,-,-,-,3,1,2,9,50,54,66,-,-,-,-,-,-,56,-,52,-,-,-,-,-,-,56,-,52,69,56,45,66,20,19,85,73,16,9,2,3,2,4,11,12,2,0,0,0,0,17,0,10.4,0.01,10,0.5,0.1,3.84,0,1,-0.5,-0.8,0,0,0,0,0,0,0,0.0,0,0,0,0,0,0,0,0,0,0,0,0,0,0,0,0,0,0,0,0,0,0.00,0,0,0,0,0,0.0,0.0,0.0,0.00,19,19,59,0,54,5,0,0,3.05,-0.4,.966,0,0,159.1,0,0,45,43,9,9,5,1,4,1,2,0,0.0,-0.0
RF,Ed Morgan,Ed,Morgan,Aurora Highlanders,6' 0',180 lbs,R,R,66,Cleveland Guardians,CLE,1929,1921-1945,BBR,85943,Bronze,July Jewels - Baseball Reference 4  RF Ed Morgan  CLE  1929,0,N,0,132,121,37,122,88,141,150,50,118,86,129,112,33,124,89,56,44,Line Drive,Spray,Spray,1,1,1,1,1,1,1,1,1,1,1,1,16,-,-,-,-,-,-,-,-,-,-,-,1,NEU,91-93,3/4,Normal,1,2,-,-,-,3,1,2,9,50,54,66,-,-,-,-,-,-,56,-,52,-,-,-,-,-,-,56,-,52,69,56,45,66,5,5,26,25,6,6,0,0,0,0,2,1,0,0,0,0,0,2,1,1.4,0.12,1,-1.5,-0.1,3.73,0,0,0.0,0.1,0,0,0,0,0,0,0,0.0,0,0,0,0,0,0,0,0,0,0,0,0,0,0,0,0,0,0,0,0,0,0.00,0,0,0,0,0,0.0,0.0,0.0,0.00,0,0,0,0,0,0,0,0,0.00,0.0,.000,0,0,0.0,0,0,0,0,0,0,0,0,0,0,0,0,0.0,0.0
RF,Ed Morgan,Ed,Morgan,Beachcrest Blue Hornets,6' 0',180 lbs,R,R,66,Cleveland Guardians,CLE,1929,1921-1945,BBR,85943,Bronze,July Jewels - Baseball Reference 4  RF Ed Morgan  CLE  1929,0,N,0,132,121,37,122,88,141,150,50,118,86,129,112,33,124,89,56,44,Line Drive,Spray,Spray,1,1,1,1,1,1,1,1,1,1,1,1,16,-,-,-,-,-,-,-,-,-,-,-,1,NEU,91-93,3/4,Normal,1,2,-,-,-,3,1,2,9,50,54,66,-,-,-,-,-,-,56,-,52,-,-,-,-,-,-,56,-,52,69,56,45,66,2,1,5,5,0,0,0,0,0,0,0,0,0,0,0,0,0,2,1,-0.0,-0.17,0,-1.2,-0.1,3.40,0,0,0.0,0.0,0,0,0,0,0,0,0,0.0,0,0,0,0,0,0,0,0,0,0,0,0,0,0,0,0,0,0,0,0,0,0.00,0,0,0,0,0,0.0,0.0,0.0,0.00,0,0,0,0,0,0,0,0,0.00,0.0,.000,0,0,0.0,0,0,0,0,0,0,0,0,0,0,0,0,0.0,0.0
RF,Ed Morgan,Ed,Morgan,Columbus Evil Squirrels,6' 0',180 lbs,R,R,66,Cleveland Guardians,CLE,1929,1921-1945,BBR,85943,Bronze,July Jewels - Baseball Reference 4  RF Ed Morgan  CLE  1929,0,N,0,132,121,37,122,88,141,150,50,118,86,129,112,33,124,89,56,44,Line Drive,Spray,Spray,1,1,1,1,1,1,1,1,1,1,1,1,16,-,-,-,-,-,-,-,-,-,-,-,1,NEU,91-93,3/4,Normal,1,2,-,-,-,3,1,2,9,50,54,66,-,-,-,-,-,-,56,-,52,-,-,-,-,-,-,56,-,52,69,56,45,66,3,2,10,8,1,1,0,0,0,0,2,2,0,0,0,0,0,2,0,0.5,-0.18,0,-0.6,-0.0,4.90,0,0,0.0,-0.0,0,0,0,0,0,0,0,0.0,0,0,0,0,0,0,0,0,0,0,0,0,0,0,0,0,0,0,0,0,0,0.00,0,0,0,0,0,0.0,0.0,0.0,0.00,1,0,0,0,0,0,0,0,0.00,0.0,.000,0,0,2.0,0,0,0,0,0,0,0,0,0,0,0,0,0.0,0.0
RF,Ed Morgan,Ed,Morgan,Breslau Binturings - HotL,6' 0',180 lbs,R,R,66,Cleveland Guardians,CLE,1929,1921-1945,BBR,85943,Bronze,July Jewels - Baseball Reference 4  RF Ed Morgan  CLE  1929,0,Y,5,142,131,41,132,96,152,161,55,127,93,139,121,37,134,97,56,44,Line Drive,Spray,Spray,1,1,1,1,1,1,1,1,1,1,1,1,16,-,-,-,-,-,-,-,-,-,-,-,1,NEU,91-93,3/4,Normal,1,2,-,-,-,3,1,2,9,50,54,66,-,-,-,-,-,-,61,-,57,-,-,-,-,-,-,61,-,57,69,56,45,66,6,5,22,18,3,2,1,0,0,3,0,4,0,0,0,0,0,2,1,1.1,-0.20,1,-0.7,-0.1,3.73,0,1,-0.5,-0.0,0,0,0,0,0,0,0,0.0,0,0,0,0,0,0,0,0,0,0,0,0,0,0,0,0,0,0,0,0,0,0.00,0,0,0,0,0,0.0,0.0,0.0,0.00,5,5,8,0,8,0,0,0,1.70,-0.5,1.019,0,0,42.1,0,0,6,6,3,1,2,0,2,1,3,0,0.0,-0.0
RF,Ed Morgan,Ed,Morgan,London Majors,6' 0',180 lbs,R,R,66,Cleveland Guardians,CLE,1929,1921-1945,BBR,85943,Bronze,July Jewels - Baseball Reference 4  RF Ed Morgan  CLE  1929,0,N,0,132,121,37,122,88,141,150,50,118,86,129,112,33,124,89,56,44,Line Drive,Spray,Spray,1,1,1,1,1,1,1,1,1,1,1,1,16,-,-,-,-,-,-,-,-,-,-,-,1,NEU,91-93,3/4,Normal,1,2,-,-,-,3,1,2,9,50,54,66,-,-,-,-,-,-,56,-,52,-,-,-,-,-,-,56,-,52,69,56,45,66,17,16,70,60,12,8,3,1,0,4,7,9,0,0,0,1,0,11,2,5.4,-0.17,6,-2.0,-0.2,4.09,0,0,0.0,-0.1,0,0,0,0,0,0,0,0.0,0,0,0,0,0,0,0,0,0,0,0,0,0,0,0,0,0,0,0,0,0,0.00,0,0,0,0,0,0.0,0.0,0.0,0.00,7,5,15,0,15,0,0,0,2.87,-0.2,1.038,0,0,47.0,0,0,16,14,0,0,1,0,0,0,4,1,0.0,-0.2
RF,Ed Morgan,Ed,Morgan,Smyrna Stooges,6' 0',180 lbs,R,R,66,Cleveland Guardians,CLE,1929,1921-1945,BBR,85943,Bronze,July Jewels - Baseball Reference 4  RF Ed Morgan  CLE  1929,0,N,0,132,121,37,122,88,141,150,50,118,86,129,112,33,124,89,56,44,Line Drive,Spray,Spray,1,1,1,1,1,1,1,1,1,1,1,1,16,-,-,-,-,-,-,-,-,-,-,-,1,NEU,91-93,3/4,Normal,1,2,-,-,-,3,1,2,9,50,54,66,-,-,-,-,-,-,56,-,52,-,-,-,-,-,-,56,-,52,69,56,45,66,4,4,17,13,2,2,0,0,0,1,1,4,0,0,0,0,0,3,0,1.1,-0.06,1,-0.5,-0.0,4.41,0,0,0.0,-0.1,0,0,0,0,0,0,0,0.0,0,0,0,0,0,0,0,0,0,0,0,0,0,0,0,0,0,0,0,0,0,0.00,0,0,0,0,0,0.0,0.0,0.0,0.00,3,2,3,0,3,0,0,0,1.69,0.2,1.027,0,0,16.0,0,0,2,2,1,1,0,0,0,0,0,0,0.0,-0.1
RF,Ed Morgan,Ed,Morgan,Gettysburg Iron Brigade,6' 0',180 lbs,R,R,66,Cleveland Guardians,CLE,1929,1921-1945,BBR,85943,Bronze,July Jewels - Baseball Reference 4  RF Ed Morgan  CLE  1929,0,N,0,132,121,37,122,88,141,150,50,118,86,129,112,33,124,89,56,44,Line Drive,Spray,Spray,1,1,1,1,1,1,1,1,1,1,1,1,16,-,-,-,-,-,-,-,-,-,-,-,1,NEU,91-93,3/4,Normal,1,2,-,-,-,3,1,2,9,50,54,66,-,-,-,-,-,-,56,-,52,-,-,-,-,-,-,56,-,52,69,56,45,66,10,10,47,42,12,8,3,1,0,6,5,5,0,0,0,0,0,8,0,6.6,0.12,6,1.4,0.2,3.96,0,0,0.0,0.0,0,0,0,0,0,0,0,0.0,0,0,0,0,0,0,0,0,0,0,0,0,0,0,0,0,0,0,0,0,0,0.00,0,0,0,0,0,0.0,0.0,0.0,0.00,0,0,0,0,0,0,0,0,0.00,0.0,.000,0,0,0.0,0,0,0,0,0,0,0,0,0,0,0,0,0.0,0.0
RF,Ed Morgan,Ed,Morgan,Bismarck Blizzard,6' 0',180 lbs,R,R,66,Cleveland Guardians,CLE,1929,1921-1945,BBR,85943,Bronze,July Jewels - Baseball Reference 4  RF Ed Morgan  CLE  1929,0,N,0,132,121,37,122,88,141,150,50,118,86,129,112,33,124,89,56,44,Line Drive,Spray,Spray,1,1,1,1,1,1,1,1,1,1,1,1,16,-,-,-,-,-,-,-,-,-,-,-,1,NEU,91-93,3/4,Normal,1,2,-,-,-,3,1,2,9,50,54,66,-,-,-,-,-,-,56,-,52,-,-,-,-,-,-,56,-,52,69,56,45,66,3,3,12,11,3,3,0,0,0,1,1,1,0,0,0,0,0,1,0,1.1,-0.12,1,-0.2,-0.0,3.75,0,0,0.0,-0.2,0,0,0,0,0,0,0,0.0,0,0,0,0,0,0,0,0,0,0,0,0,0,0,0,0,0,0,0,0,0,0.00,0,0,0,0,0,0.0,0.0,0.0,0.00,0,0,0,0,0,0,0,0,0.00,0.0,.000,0,0,0.0,0,0,0,0,0,0,0,0,0,0,0,0,0.0,0.0
RF,Ed Morgan,Ed,Morgan,Kansas City Torrent - JW,6' 0',180 lbs,R,R,66,Cleveland Guardians,CLE,1929,1921-1945,BBR,85943,Bronze,July Jewels - Baseball Reference 4  RF Ed Morgan  CLE  1929,46 275,Y,5,142,131,41,132,96,152,161,55,127,93,139,121,37,134,97,56,44,Line Drive,Spray,Spray,1,1,1,1,1,1,1,1,1,1,1,1,16,-,-,-,-,-,-,-,-,-,-,-,1,NEU,91-93,3/4,Normal,1,2,-,-,-,3,1,2,9,50,54,66,-,-,-,-,-,-,61,-,57,-,-,-,-,-,-,61,-,57,69,56,45,66,7,2,14,14,4,3,1,0,0,2,2,0,0,0,0,0,0,5,0,1.4,-0.04,1,-0.2,0.0,4.29,0,0,0.0,0.1,0,0,0,0,0,0,0,0.0,0,0,0,0,0,0,0,0,0,0,0,0,0,0,0,0,0,0,0,0,0,0.00,0,0,0,0,0,0.0,0.0,0.0,0.00,6,2,10,0,10,0,0,0,3.80,-0.1,1.022,0,0,23.2,0,0,9,9,1,1,2,0,0,0,1,0,0.0,-0.0
RF,Ed Morgan,Ed,Morgan,Columbus Fire Ants,6' 0',180 lbs,R,R,66,Cleveland Guardians,CLE,1929,1921-1945,BBR,85943,Bronze,July Jewels - Baseball Reference 4  RF Ed Morgan  CLE  1929,0,N,0,132,121,37,122,88,141,150,50,118,86,129,112,33,124,89,56,44,Line Drive,Spray,Spray,1,1,1,1,1,1,1,1,1,1,1,1,16,-,-,-,-,-,-,-,-,-,-,-,1,NEU,91-93,3/4,Normal,1,2,-,-,-,3,1,2,9,50,54,66,-,-,-,-,-,-,56,-,52,-,-,-,-,-,-,56,-,52,69,56,45,66,6,4,18,18,6,1,2,2,1,2,2,0,0,0,0,0,0,2,0,5.0,-0.20,4,2.6,0.3,3.67,0,0,0.0,0.1,0,0,0,0,0,0,0,0.0,0,0,0,0,0,0,0,0,0,0,0,0,0,0,0,0,0,0,0,0,0,0.00,0,0,0,0,0,0.0,0.0,0.0,0.00,0,0,0,0,0,0,0,0,0.00,0.0,.000,0,0,0.0,0,0,0,0,0,0,0,0,0,0,0,0,0.0,0.0
RF,Ed Morgan,Ed,Morgan,Moncton Mosquitos,6' 0',180 lbs,R,R,66,Cleveland Guardians,CLE,1929,1921-1945,BBR,85943,Bronze,July Jewels - Baseball Reference 4  RF Ed Morgan  CLE  1929,0,N,0,132,121,37,122,88,141,150,50,118,86,129,112,33,124,89,56,44,Line Drive,Spray,Spray,1,1,1,1,1,1,1,1,1,1,1,1,16,-,-,-,-,-,-,-,-,-,-,-,1,NEU,91-93,3/4,Normal,1,2,-,-,-,3,1,2,9,50,54,66,-,-,-,-,-,-,56,-,52,-,-,-,-,-,-,56,-,52,69,56,45,66,4,2,12,11,2,1,0,1,0,1,1,1,0,0,0,0,0,3,1,0.7,-0.11,1,-0.4,-0.0,3.92,0,0,0.0,0.0,0,0,0,0,0,0,0,0.0,0,0,0,0,0,0,0,0,0,0,0,0,0,0,0,0,0,0,0,0,0,0.00,0,0,0,0,0,0.0,0.0,0.0,0.00,0,0,0,0,0,0,0,0,0.00,0.0,.000,0,0,0.0,0,0,0,0,0,0,0,0,0,0,0,0,0.0,0.0
RF,Ed Morgan,Ed,Morgan,Altamonte Ryno's,6' 0',180 lbs,R,R,66,Cleveland Guardians,CLE,1929,1921-1945,BBR,85943,Bronze,July Jewels - Baseball Reference 4  RF Ed Morgan  CLE  1929,0,N,0,132,121,37,122,88,141,150,50,118,86,129,112,33,124,89,56,44,Line Drive,Spray,Spray,1,1,1,1,1,1,1,1,1,1,1,1,16,-,-,-,-,-,-,-,-,-,-,-,1,NEU,91-93,3/4,Normal,1,2,-,-,-,3,1,2,9,50,54,66,-,-,-,-,-,-,56,-,52,-,-,-,-,-,-,56,-,52,69,56,45,66,4,4,17,14,1,1,0,0,0,1,1,3,1,0,0,0,0,4,1,0.3,-0.16,0,-2.3,-0.2,3.35,0,0,0.0,-0.0,0,0,0,0,0,0,0,0.0,0,0,0,0,0,0,0,0,0,0,0,0,0,0,0,0,0,0,0,0,0,0.00,0,0,0,0,0,0.0,0.0,0.0,0.00,1,1,1,0,1,0,0,0,1.00,0.0,1.019,0,0,9.0,0,0,1,1,0,0,0,0,0,0,0,0,0.0,0.0
RF,Ed Morgan,Ed,Morgan,Honolulu Warriors - HotL,6' 0',180 lbs,R,R,66,Cleveland Guardians,CLE,1929,1921-1945,BBR,85943,Bronze,July Jewels - Baseball Reference 4  RF Ed Morgan  CLE  1929,0,N,0,132,121,37,122,88,141,150,50,118,86,129,112,33,124,89,56,44,Line Drive,Spray,Spray,1,1,1,1,1,1,1,1,1,1,1,1,16,-,-,-,-,-,-,-,-,-,-,-,1,NEU,91-93,3/4,Normal,1,2,-,-,-,3,1,2,9,50,54,66,-,-,-,-,-,-,56,-,52,-,-,-,-,-,-,56,-,52,69,56,45,66,11,10,49,46,17,12,3,2,0,8,6,3,0,0,0,0,0,5,1,9.1,0.73,9,3.9,0.4,3.24,0,1,-0.5,0.2,0,0,0,0,0,0,0,0.0,0,0,0,0,0,0,0,0,0,0,0,0,0,0,0,0,0,0,0,0,0,0.00,0,0,0,0,0,0.0,0.0,0.0,0.00,0,0,0,0,0,0,0,0,0.00,0.0,.000,0,0,0.0,0,0,0,0,0,0,0,0,0,0,0,0,0.0,0.0
RF,Ed Morgan,Ed,Morgan,PNW Wild Stallions,6' 0',180 lbs,R,R,66,Cleveland Guardians,CLE,1929,1921-1945,BBR,85943,Bronze,July Jewels - Baseball Reference 4  RF Ed Morgan  CLE  1929,0,N,0,132,121,37,122,88,141,150,50,118,86,129,112,33,124,89,56,44,Line Drive,Spray,Spray,1,1,1,1,1,1,1,1,1,1,1,1,16,-,-,-,-,-,-,-,-,-,-,-,1,NEU,91-93,3/4,Normal,1,2,-,-,-,3,1,2,9,50,54,66,-,-,-,-,-,-,56,-,52,-,-,-,-,-,-,56,-,52,69,56,45,66,9,9,41,31,7,7,0,0,0,2,2,7,0,1,2,0,0,7,0,3.7,0.14,4,-0.5,0.0,3.95,0,0,0.0,-0.5,0,0,0,0,0,0,0,0.0,0,0,0,0,0,0,0,0,0,0,0,0,0,0,0,0,0,0,0,0,0,0.00,0,0,0,0,0,0.0,0.0,0.0,0.00,6,6,15,0,15,0,0,0,2.52,0.4,.978,0,0,53.2,0,0,11,11,2,2,2,2,3,0,2,0,0.0,0.1
RF,Ed Morgan,Ed,Morgan,White Rabbitt,6' 0',180 lbs,R,R,66,Cleveland Guardians,CLE,1929,1921-1945,BBR,85943,Bronze,July Jewels - Baseball Reference 4  RF Ed Morgan  CLE  1929,0,Y,5,142,131,41,132,96,152,161,55,127,93,139,121,37,134,97,56,44,Line Drive,Spray,Spray,1,1,1,1,1,1,1,1,1,1,1,1,16,-,-,-,-,-,-,-,-,-,-,-,1,NEU,91-93,3/4,Normal,1,2,-,-,-,3,1,2,9,50,54,66,-,-,-,-,-,-,61,-,57,-,-,-,-,-,-,61,-,57,69,56,45,66,20,20,93,86,27,19,3,4,1,10,13,6,1,0,0,1,0,15,2,14.3,0.77,14,3.6,0.6,3.59,0,0,0.0,0.2,0,0,0,0,0,0,0,0.0,0,0,0,0,0,0,0,0,0,0,0,0,0,0,0,0,0,0,0,0,0,0.00,0,0,0,0,0,0.0,0.0,0.0,0.00,15,15,37,1,34,2,0,0,2.42,-0.1,1.019,0,0,130.0,0,0,32,30,3,3,3,1,1,0,5,0,0.0,0.9
RF,Ed Morgan,Ed,Morgan,Ethiopia Pink Elephants,6' 0',180 lbs,R,R,66,Cleveland Guardians,CLE,1929,1921-1945,BBR,85943,Bronze,July Jewels - Baseball Reference 4  RF Ed Morgan  CLE  1929,0,N,0,132,121,37,122,88,141,150,50,118,86,129,112,33,124,89,56,44,Line Drive,Spray,Spray,1,1,1,1,1,1,1,1,1,1,1,1,16,-,-,-,-,-,-,-,-,-,-,-,1,NEU,91-93,3/4,Normal,1,2,-,-,-,3,1,2,9,50,54,66,-,-,-,-,-,-,56,-,52,-,-,-,-,-,-,56,-,52,69,56,45,66,4,4,18,17,5,3,1,1,0,1,2,1,0,0,0,0,0,6,0,2.8,-0.08,2,0.6,0.1,4.17,0,0,0.0,0.0,0,0,0,0,0,0,0,0.0,0,0,0,0,0,0,0,0,0,0,0,0,0,0,0,0,0,0,0,0,0,0.00,0,0,0,0,0,0.0,0.0,0.0,0.00,2,2,4,0,4,0,0,0,2.00,-0.1,1.037,0,0,18.0,0,0,2,2,2,2,2,0,0,0,2,0,0.0,-0.1
RF,Ed Morgan,Ed,Morgan,Hancocks and Sidekicks TTC,6' 0',180 lbs,R,R,66,Cleveland Guardians,CLE,1929,1921-1945,BBR,85943,Bronze,July Jewels - Baseball Reference 4  RF Ed Morgan  CLE  1929,0,N,0,132,121,37,122,88,141,150,50,118,86,129,112,33,124,89,56,44,Line Drive,Spray,Spray,1,1,1,1,1,1,1,1,1,1,1,1,16,-,-,-,-,-,-,-,-,-,-,-,1,NEU,91-93,3/4,Normal,1,2,-,-,-,3,1,2,9,50,54,66,-,-,-,-,-,-,56,-,52,-,-,-,-,-,-,56,-,52,69,56,45,66,34,34,153,142,40,21,10,8,1,17,18,11,1,0,0,0,0,25,3,22.5,0.12,23,5.4,0.8,3.70,0,0,0.0,0.7,0,0,0,0,0,0,0,0.0,0,0,0,0,0,0,0,0,0,0,0,0,0,0,0,0,0,0,0,0,0,0.00,0,0,0,0,0,0.0,0.0,0.0,0.00,0,0,0,0,0,0,0,0,0.00,0.0,.000,0,0,0.0,0,0,0,0,0,0,0,0,0,0,0,0,0.0,0.0
RF,Ed Morgan,Ed,Morgan,Moonsault Collective MCs,6' 0',180 lbs,R,R,66,Cleveland Guardians,CLE,1929,1921-1945,BBR,85943,Bronze,July Jewels - Baseball Reference 4  RF Ed Morgan  CLE  1929,0,N,0,132,121,37,122,88,141,150,50,118,86,129,112,33,124,89,56,44,Line Drive,Spray,Spray,1,1,1,1,1,1,1,1,1,1,1,1,16,-,-,-,-,-,-,-,-,-,-,-,1,NEU,91-93,3/4,Normal,1,2,-,-,-,3,1,2,9,50,54,66,-,-,-,-,-,-,56,-,52,-,-,-,-,-,-,56,-,52,69,56,45,66,6,3,19,15,7,5,0,2,0,2,4,4,0,0,0,0,0,2,0,7.0,0.87,5,3.7,0.4,3.47,0,0,0.0,-0.1,0,0,0,0,0,0,0,0.0,0,0,0,0,0,0,0,0,0,0,0,0,0,0,0,0,0,0,0,0,0,0.00,0,0,0,0,0,0.0,0.0,0.0,0.00,1,0,1,0,1,0,0,0,9.00,0.0,1.043,0,0,1.0,0,0,1,1,0,0,0,0,0,0,0,0,0.0,0.0
RF,Ed Morgan,Ed,Morgan,New Platson Grand Petites HotL,6' 0',180 lbs,R,R,66,Cleveland Guardians,CLE,1929,1921-1945,BBR,85943,Bronze,July Jewels - Baseball Reference 4  RF Ed Morgan  CLE  1929,0,Y,5,142,131,41,132,96,152,161,55,127,93,139,121,37,134,97,56,44,Line Drive,Spray,Spray,1,1,1,1,1,1,1,1,1,1,1,1,16,-,-,-,-,-,-,-,-,-,-,-,1,NEU,91-93,3/4,Normal,1,2,-,-,-,3,1,2,9,50,54,66,-,-,-,-,-,-,61,-,57,-,-,-,-,-,-,61,-,57,69,56,45,66,4,3,15,12,2,2,0,0,0,2,3,3,0,0,0,0,0,5,0,0.9,0.21,1,-0.5,-0.0,4.27,0,0,0.0,0.2,0,0,0,0,0,0,0,0.0,0,0,0,0,0,0,0,0,0,0,0,0,0,0,0,0,0,0,0,0,0,0.00,0,0,0,0,0,0.0,0.0,0.0,0.00,1,1,5,0,5,0,0,0,5.62,-0.0,1.043,0,0,8.0,0,0,5,5,0,0,1,0,0,0,1,0,0.0,0.1
RF,Ed Morgan,Ed,Morgan,Energy Efficiency,6' 0',180 lbs,R,R,66,Cleveland Guardians,CLE,1929,1921-1945,BBR,85943,Bronze,July Jewels - Baseball Reference 4  RF Ed Morgan  CLE  1929,0,N,0,132,121,37,122,88,141,150,50,118,86,129,112,33,124,89,56,44,Line Drive,Spray,Spray,1,1,1,1,1,1,1,1,1,1,1,1,16,-,-,-,-,-,-,-,-,-,-,-,1,NEU,91-93,3/4,Normal,1,2,-,-,-,3,1,2,9,50,54,66,-,-,-,-,-,-,56,-,52,-,-,-,-,-,-,56,-,52,69,56,45,66,11,11,58,51,18,14,1,2,1,6,6,7,2,0,0,0,0,9,1,10.8,0.29,10,3.9,0.5,3.76,0,1,-0.5,0.2,0,0,0,0,0,0,0,0.0,0,0,0,0,0,0,0,0,0,0,0,0,0,0,0,0,0,0,0,0,0,0.00,0,0,0,0,0,0.0,0.0,0.0,0.00,4,4,8,0,8,0,0,0,2.06,0.4,1.019,0,0,35.0,0,0,5,5,2,2,1,1,1,0,1,0,0.0,-0.1
RF,Ed Morgan,Ed,Morgan,The Spacehog,6' 0',180 lbs,R,R,66,Cleveland Guardians,CLE,1929,1921-1945,BBR,85943,Bronze,July Jewels - Baseball Reference 4  RF Ed Morgan  CLE  1929,0,Y,5,142,131,41,132,96,152,161,55,127,93,139,121,37,134,97,56,44,Line Drive,Spray,Spray,1,1,1,1,1,1,1,1,1,1,1,1,16,-,-,-,-,-,-,-,-,-,-,-,1,NEU,91-93,3/4,Normal,1,2,-,-,-,3,1,2,9,50,54,66,-,-,-,-,-,-,61,-,57,-,-,-,-,-,-,61,-,57,69,56,45,66,6,6,26,23,3,3,0,0,0,0,2,3,0,0,0,0,0,3,0,0.9,-0.02,0,-2.5,-0.3,3.73,0,0,0.0,-0.4,0,0,0,0,0,0,0,0.0,0,0,0,0,0,0,0,0,0,0,0,0,0,0,0,0,0,0,0,0,0,0.00,0,0,0,0,0,0.0,0.0,0.0,0.00,6,6,12,0,11,1,0,0,2.15,-0.9,.883,0,0,46.0,0,0,11,10,2,1,0,0,0,0,2,0,0.0,0.0
RF,Ed Morgan,Ed,Morgan,BAGgin' Dingers TTC,6' 0',180 lbs,R,R,66,Cleveland Guardians,CLE,1929,1921-1945,BBR,85943,Bronze,July Jewels - Baseball Reference 4  RF Ed Morgan  CLE  1929,0,N,0,132,121,37,122,88,141,150,50,118,86,129,112,33,124,89,56,44,Line Drive,Spray,Spray,1,1,1,1,1,1,1,1,1,1,1,1,16,-,-,-,-,-,-,-,-,-,-,-,1,NEU,91-93,3/4,Normal,1,2,-,-,-,3,1,2,9,50,54,66,-,-,-,-,-,-,56,-,52,-,-,-,-,-,-,56,-,52,69,56,45,66,16,16,72,66,18,15,1,2,0,1,7,4,0,2,0,0,0,9,2,7.5,0.09,8,0.2,0.1,3.54,0,0,0.0,-0.3,0,0,0,0,0,0,0,0.0,0,0,0,0,0,0,0,0,0,0,0,0,0,0,0,0,0,0,0,0,0,0.00,0,0,0,0,0,0.0,0.0,0.0,0.00,0,0,0,0,0,0,0,0,0.00,0.0,.000,0,0,0.0,0,0,0,0,0,0,0,0,0,0,0,0,0.0,0.0
RF,Ed Morgan,Ed,Morgan,Roseburg River Hawks,6' 0',180 lbs,R,R,66,Cleveland Guardians,CLE,1929,1921-1945,BBR,85943,Bronze,July Jewels - Baseball Reference 4  RF Ed Morgan  CLE  1929,0,N,0,132,121,37,122,88,141,150,50,118,86,129,112,33,124,89,56,44,Line Drive,Spray,Spray,1,1,1,1,1,1,1,1,1,1,1,1,16,-,-,-,-,-,-,-,-,-,-,-,1,NEU,91-93,3/4,Normal,1,2,-,-,-,3,1,2,9,50,54,66,-,-,-,-,-,-,56,-,52,-,-,-,-,-,-,56,-,52,69,56,45,66,7,7,33,32,9,7,0,2,0,4,3,1,0,0,0,0,0,5,0,4.0,0.29,4,0.1,0.0,3.36,0,0,0.0,0.0,0,0,0,0,0,0,0,0.0,0,0,0,0,0,0,0,0,0,0,0,0,0,0,0,0,0,0,0,0,0,0.00,0,0,0,0,0,0.0,0.0,0.0,0.00,1,1,1,0,1,0,0,0,1.12,-0.1,1.019,0,0,8.0,0,0,1,1,0,0,0,0,1,0,1,0,0.0,0.0
RF,Ed Morgan,Ed,Morgan,Atlanta Braves TTC,6' 0',180 lbs,R,R,66,Cleveland Guardians,CLE,1929,1921-1945,BBR,85943,Bronze,July Jewels - Baseball Reference 4  RF Ed Morgan  CLE  1929,0,N,0,132,121,37,122,88,141,150,50,118,86,129,112,33,124,89,56,44,Line Drive,Spray,Spray,1,1,1,1,1,1,1,1,1,1,1,1,16,-,-,-,-,-,-,-,-,-,-,-,1,NEU,91-93,3/4,Normal,1,2,-,-,-,3,1,2,9,50,54,66,-,-,-,-,-,-,56,-,52,-,-,-,-,-,-,56,-,52,69,56,45,66,5,1,9,8,6,4,1,1,0,1,1,1,0,0,0,0,0,1,0,7.2,0.46,4,3.5,0.3,3.56,0,0,0.0,-0.2,0,0,0,0,0,0,0,0.0,0,0,0,0,0,0,0,0,0,0,0,0,0,0,0,0,0,0,0,0,0,0.00,0,0,0,0,0,0.0,0.0,0.0,0.00,0,0,0,0,0,0,0,0,0.00,0.0,.000,0,0,0.0,0,0,0,0,0,0,0,0,0,0,0,0,0.0,0.0
RF,Ed Morgan,Ed,Morgan,King Street 504s,6' 0',180 lbs,R,R,66,Cleveland Guardians,CLE,1929,1921-1945,BBR,85943,Bronze,July Jewels - Baseball Reference 4  RF Ed Morgan  CLE  1929,0,Y,5,142,131,41,132,96,152,161,55,127,93,139,121,37,134,97,56,44,Line Drive,Spray,Spray,1,1,1,1,1,1,1,1,1,1,1,1,16,-,-,-,-,-,-,-,-,-,-,-,1,NEU,91-93,3/4,Normal,1,2,-,-,-,3,1,2,9,50,54,66,-,-,-,-,-,-,61,-,57,-,-,-,-,-,-,61,-,57,69,56,45,66,5,5,27,24,7,4,3,0,0,0,3,2,0,1,0,0,0,4,0,4.0,-0.28,4,1.0,0.2,3.67,0,0,0.0,0.1,0,0,0,0,0,0,0,0.0,0,0,0,0,0,0,0,0,0,0,0,0,0,0,0,0,0,0,0,0,0,0.00,0,0,0,0,0,0.0,0.0,0.0,0.00,0,0,0,0,0,0,0,0,0.00,0.0,.000,0,0,0.0,0,0,0,0,0,0,0,0,0,0,0,0,0.0,0.0
RF,Ed Morgan,Ed,Morgan,Indiana Rhubarbs,6' 0',180 lbs,R,R,66,Cleveland Guardians,CLE,1929,1921-1945,BBR,85943,Bronze,July Jewels - Baseball Reference 4  RF Ed Morgan  CLE  1929,0,N,0,132,121,37,122,88,141,150,50,118,86,129,112,33,124,89,56,44,Line Drive,Spray,Spray,1,1,1,1,1,1,1,1,1,1,1,1,16,-,-,-,-,-,-,-,-,-,-,-,1,NEU,91-93,3/4,Normal,1,2,-,-,-,3,1,2,9,50,54,66,-,-,-,-,-,-,56,-,52,-,-,-,-,-,-,56,-,52,69,56,45,66,5,3,22,17,5,2,3,0,0,6,4,5,0,0,0,0,0,4,0,4.2,-0.14,4,1.9,0.2,3.91,0,0,0.0,-0.0,0,0,0,0,0,0,0,0.0,0,0,0,0,0,0,0,0,0,0,0,0,0,0,0,0,0,0,0,0,0,0.00,0,0,0,0,0,0.0,0.0,0.0,0.00,1,0,0,0,0,0,0,0,0.00,0.0,.000,0,0,3.0,0,0,0,0,0,0,0,0,0,0,0,0,0.0,0.0
RF,Ed Morgan,Ed,Morgan,Tegridy Farms Weed,6' 0',180 lbs,R,R,66,Cleveland Guardians,CLE,1929,1921-1945,BBR,85943,Bronze,July Jewels - Baseball Reference 4  RF Ed Morgan  CLE  1929,0,N,0,132,121,37,122,88,141,150,50,118,86,129,112,33,124,89,56,44,Line Drive,Spray,Spray,1,1,1,1,1,1,1,1,1,1,1,1,16,-,-,-,-,-,-,-,-,-,-,-,1,NEU,91-93,3/4,Normal,1,2,-,-,-,3,1,2,9,50,54,66,-,-,-,-,-,-,56,-,52,-,-,-,-,-,-,56,-,52,69,56,45,66,3,,3,2,1,0,1,0,0,2,0,1,0,0,0,0,0,0,0,1.5,0.40,1,0.8,0.1,3.00,0,0,0.0,0.0,0,0,0,0,0,0,0,0.0,0,0,0,0,0,0,0,0,0,0,0,0,0,0,0,0,0,0,0,0,0,0.00,0,0,0,0,0,0.0,0.0,0.0,0.00,1,0,0,0,0,0,0,0,0.00,0.0,.000,0,0,1.2,0,0,0,0,0,0,0,0,0,0,0,0,0.0,0.0
RF,Ed Morgan,Ed,Morgan,Narragansett Wave,6' 0',180 lbs,R,R,66,Cleveland Guardians,CLE,1929,1921-1945,BBR,85943,Bronze,July Jewels - Baseball Reference 4  RF Ed Morgan  CLE  1929,0,N,0,132,121,37,122,88,141,150,50,118,86,129,112,33,124,89,56,44,Line Drive,Spray,Spray,1,1,1,1,1,1,1,1,1,1,1,1,16,-,-,-,-,-,-,-,-,-,-,-,1,NEU,91-93,3/4,Normal,1,2,-,-,-,3,1,2,9,50,54,66,-,-,-,-,-,-,56,-,52,-,-,-,-,-,-,56,-,52,69,56,45,66,6,6,28,28,11,9,1,1,0,3,4,0,0,0,0,0,0,7,0,5.5,0.52,5,1.9,0.3,3.18,0,0,0.0,0.1,0,0,0,0,0,0,0,0.0,0,0,0,0,0,0,0,0,0,0,0,0,0,0,0,0,0,0,0,0,0,0.00,0,0,0,0,0,0.0,0.0,0.0,0.00,3,3,6,2,4,0,1,0,2.16,-0.4,1.019,0,0,25.0,0,0,3,3,1,0,2,1,2,0,2,0,0.0,0.7
RF,Ed Morgan,Ed,Morgan,Michigan Black Bears,6' 0',180 lbs,R,R,66,Cleveland Guardians,CLE,1929,1921-1945,BBR,85943,Bronze,July Jewels - Baseball Reference 4  RF Ed Morgan  CLE  1929,0,N,0,132,121,37,122,88,141,150,50,118,86,129,112,33,124,89,56,44,Line Drive,Spray,Spray,1,1,1,1,1,1,1,1,1,1,1,1,16,-,-,-,-,-,-,-,-,-,-,-,1,NEU,91-93,3/4,Normal,1,2,-,-,-,3,1,2,9,50,54,66,-,-,-,-,-,-,56,-,52,-,-,-,-,-,-,56,-,52,69,56,45,66,18,18,83,76,20,13,4,2,1,9,11,7,0,0,0,0,0,19,2,9.9,0.39,11,1.3,0.4,4.06,0,0,0.0,0.3,0,0,0,0,0,0,0,0.0,0,0,0,0,0,0,0,0,0,0,0,0,0,0,0,0,0,0,0,0,0,0.00,0,0,0,0,0,0.0,0.0,0.0,0.00,18,18,34,0,34,0,0,0,1.90,-0.2,.995,0,0,161.0,0,0,25,25,9,6,6,3,4,0,9,0,0.0,0.3
RF,Ed Morgan,Ed,Morgan,Transylvania Counts,6' 0',180 lbs,R,R,66,Cleveland Guardians,CLE,1929,1921-1945,BBR,85943,Bronze,July Jewels - Baseball Reference 4  RF Ed Morgan  CLE  1929,0,N,0,132,121,37,122,88,141,150,50,118,86,129,112,33,124,89,56,44,Line Drive,Spray,Spray,1,1,1,1,1,1,1,1,1,1,1,1,16,-,-,-,-,-,-,-,-,-,-,-,1,NEU,91-93,3/4,Normal,1,2,-,-,-,3,1,2,9,50,54,66,-,-,-,-,-,-,56,-,52,-,-,-,-,-,-,56,-,52,69,56,45,66,5,5,22,17,5,4,0,0,1,3,3,5,0,0,0,0,0,4,0,3.8,0.28,4,1.9,0.2,3.86,0,1,-0.5,0.1,0,0,0,0,0,0,0,0.0,0,0,0,0,0,0,0,0,0,0,0,0,0,0,0,0,0,0,0,0,0,0.00,0,0,0,0,0,0.0,0.0,0.0,0.00,0,0,0,0,0,0,0,0,0.00,0.0,.000,0,0,0.0,0,0,0,0,0,0,0,0,0,0,0,0,0.0,0.0
RF,Wally Moses,Wally,Moses,Smyrna Stooges,5' 10',160 lbs,L,L,66,Philadelphia Athletics,OAK,1935,1921-1945,,84353,Bronze,Rookie Sensation  RF Wally Moses  PHA  1935,0,N,0,77,73,72,66,111,67,64,57,74,96,81,77,77,64,117,19,8,Normal,Normal,Normal,1,1,1,5,1,1,1,5,1,1,2,5,16,17,17,-,-,-,-,-,-,-,-,-,3,NEU,90-92,3/4,Normal,1,22,-,-,-,5,7,7,5,51,51,66,-,-,-,-,-,-,-,28,53,5,-,-,-,-,-,-,28,53,44,44,54,40,2,,2,2,0,0,0,0,0,0,0,0,0,0,0,0,0,0,0,0.0,-0.14,0,-0.5,-0.0,2.50,0,0,0.0,0.0,0,0,0,0,0,0,0,0.0,0,0,0,0,0,0,0,0,0,0,0,0,0,0,0,0,0,0,0,0,0,0.00,0,0,0,0,0,0.0,0.0,0.0,0.00,0,0,0,0,0,0,0,0,0.00,0.0,.000,0,0,0.0,0,0,0,0,0,0,0,0,0,0,0,0,0.0,0.0
RF,Donald Reeves,Donald,Reeves,Statesville Shadowcats,6' 2',195 lbs,L,L,69,Atlanta Black Crackers,ABC,1938,1921-1945,,84464,Bronze,Negro League Star  RF Donald Reeves  ABC  1938,0,N,0,77,75,86,61,94,76,74,83,61,90,78,76,87,62,96,7,16,Normal,Pull,Spray,40,36,33,41,43,38,37,47,38,36,32,40,58,-,-,57,-,-,-,-,-,-,-,-,2,EX FB,90-92,3/4,Normal,24,20,1,1,1,2,4,3,8,56,61,73,-,-,-,-,-,-,66,-,63,-,-,-,-,-,-,66,-,63,65,18,64,48,4,4,15,15,4,2,0,0,2,2,3,0,0,0,0,0,0,1,1,2.0,-0.18,2,1.1,0.2,2.73,0,0,0.0,0.2,0,0,0,0,0,0,0,0.0,0,0,0,0,0,0,0,0,0,0,0,0,0,0,0,0,0,0,0,0,0,0.00,0,0,0,0,0,0.0,0.0,0.0,0.00,5,4,5,0,5,0,0,0,1.32,0.8,1.034,0,0,34.0,0,0,2,2,0,0,1,1,2,2,1,0,0.0,0.0
RF,Donald Reeves,Donald,Reeves,Seoul Hannams,6' 2',195 lbs,L,L,69,Atlanta Black Crackers,ABC,1938,1921-1945,,84464,Bronze,Negro League Star  RF Donald Reeves  ABC  1938,0,Y,5,84,82,93,67,102,83,81,90,67,98,85,83,94,68,104,7,16,Normal,Pull,Spray,45,40,37,46,48,42,41,52,42,40,36,45,58,-,-,57,-,-,-,-,-,-,-,-,2,EX FB,90-92,3/4,Normal,24,20,1,1,1,2,4,3,8,56,61,73,-,-,-,-,-,-,71,-,68,-,-,-,-,-,-,71,-,68,65,18,64,48,6,6,24,24,5,3,1,0,1,5,3,0,0,0,0,0,0,2,0,1.9,0.34,1,-1.0,-0.2,3.21,0,0,0.0,0.0,0,0,0,0,0,0,0,0.0,0,0,0,0,0,0,0,0,0,0,0,0,0,0,0,0,0,0,0,0,0,0.00,0,0,0,0,0,0.0,0.0,0.0,0.00,6,6,12,0,11,1,0,0,1.83,-1.2,.934,0,0,54.0,0,0,11,9,4,2,0,0,0,0,3,0,0.0,0.0
RF,Donald Reeves,Donald,Reeves,San Francisco Seals,6' 2',195 lbs,L,L,69,Atlanta Black Crackers,ABC,1938,1921-1945,,84464,Bronze,Negro League Star  RF Donald Reeves  ABC  1938,0,N,0,77,75,86,61,94,76,74,83,61,90,78,76,87,62,96,7,16,Normal,Pull,Spray,40,36,33,41,43,38,37,47,38,36,32,40,58,-,-,57,-,-,-,-,-,-,-,-,2,EX FB,90-92,3/4,Normal,24,20,1,1,1,2,4,3,8,56,61,73,-,-,-,-,-,-,66,-,63,-,-,-,-,-,-,66,-,63,65,18,64,48,9,9,37,35,11,8,3,0,0,4,4,2,1,0,0,0,0,7,0,5.0,0.07,4,0.3,0.0,3.76,0,0,0.0,-0.4,0,0,0,0,0,0,0,0.0,0,0,0,0,0,0,0,0,0,0,0,0,0,0,0,0,0,0,0,0,0,0.00,0,0,0,0,0,0.0,0.0,0.0,0.00,10,9,22,1,21,0,0,0,2.33,-0.6,.980,0,0,85.0,0,0,14,13,9,7,3,1,5,0,3,0,0.0,0.3
RF,Donald Reeves,Donald,Reeves,Huatulco Tacos,6' 2',195 lbs,L,L,69,Atlanta Black Crackers,ABC,1938,1921-1945,,84464,Bronze,Negro League Star  RF Donald Reeves  ABC  1938,0,N,0,77,75,86,61,94,76,74,83,61,90,78,76,87,62,96,7,16,Normal,Pull,Spray,40,36,33,41,43,38,37,47,38,36,32,40,58,-,-,57,-,-,-,-,-,-,-,-,2,EX FB,90-92,3/4,Normal,24,20,1,1,1,2,4,3,8,56,61,73,-,-,-,-,-,-,66,-,63,-,-,-,-,-,-,66,-,63,65,18,64,48,2,1,6,6,1,1,0,0,0,0,0,0,0,0,0,0,0,1,0,0.2,-0.16,0,-0.7,-0.1,3.00,0,0,0.0,0.0,0,0,0,0,0,0,0,0.0,0,0,0,0,0,0,0,0,0,0,0,0,0,0,0,0,0,0,0,0,0,0.00,0,0,0,0,0,0.0,0.0,0.0,0.00,2,1,4,0,4,0,0,0,2.40,-0.2,1.019,0,0,15.0,0,0,4,4,1,0,0,0,0,0,0,0,0.0,-0.1
RF,Donald Reeves,Donald,Reeves,Port Townsend Wild Daphnes,6' 2',195 lbs,L,L,69,Atlanta Black Crackers,ABC,1938,1921-1945,,84464,Bronze,Negro League Star  RF Donald Reeves  ABC  1938,0,N,0,77,75,86,61,94,76,74,83,61,90,78,76,87,62,96,7,16,Normal,Pull,Spray,40,36,33,41,43,38,37,47,38,36,32,40,58,-,-,57,-,-,-,-,-,-,-,-,2,EX FB,90-92,3/4,Normal,24,20,1,1,1,2,4,3,8,56,61,73,-,-,-,-,-,-,66,-,63,-,-,-,-,-,-,66,-,63,65,18,64,48,24,20,85,82,22,12,4,3,3,14,11,2,0,0,0,1,0,12,0,12.0,0.32,11,1.9,0.4,3.49,1,0,0.3,-0.7,0,0,0,0,0,0,0,0.0,0,0,0,0,0,0,0,0,0,0,0,0,0,0,0,0,0,0,0,0,0,0.00,0,0,0,0,0,0.0,0.0,0.0,0.00,24,20,54,6,44,4,1,0,2.42,-0.0,1.009,0,0,185.2,0,0,37,37,9,6,4,2,8,1,14,0,0.0,0.2
RF,Donald Reeves,Donald,Reeves,Aberfeldie Falcons,6' 2',195 lbs,L,L,69,Atlanta Black Crackers,ABC,1938,1921-1945,,84464,Bronze,Negro League Star  RF Donald Reeves  ABC  1938,0,N,0,77,75,86,61,94,76,74,83,61,90,78,76,87,62,96,7,16,Normal,Pull,Spray,40,36,33,41,43,38,37,47,38,36,32,40,58,-,-,57,-,-,-,-,-,-,-,-,2,EX FB,90-92,3/4,Normal,24,20,1,1,1,2,4,3,8,56,61,73,-,-,-,-,-,-,66,-,63,-,-,-,-,-,-,66,-,63,65,18,64,48,4,4,17,15,7,5,1,0,1,4,5,1,0,1,0,0,0,1,0,6.1,0.53,5,3.2,0.3,3.06,0,0,0.0,0.0,0,0,0,0,0,0,0,0.0,0,0,0,0,0,0,0,0,0,0,0,0,0,0,0,0,0,0,0,0,0,0.00,0,0,0,0,0,0.0,0.0,0.0,0.00,4,4,7,0,7,0,0,0,1.91,-1.1,.892,0,0,33.0,0,0,7,7,3,0,1,0,0,0,0,0,0.0,0.0
RF,Donald Reeves,Donald,Reeves,Brentwood Senators,6' 2',195 lbs,L,L,69,Atlanta Black Crackers,ABC,1938,1921-1945,,84464,Bronze,Negro League Star  RF Donald Reeves  ABC  1938,0,N,0,77,75,86,61,94,76,74,83,61,90,78,76,87,62,96,7,16,Normal,Pull,Spray,40,36,33,41,43,38,37,47,38,36,32,40,58,-,-,57,-,-,-,-,-,-,-,-,2,EX FB,90-92,3/4,Normal,24,20,1,1,1,2,4,3,8,56,61,73,-,-,-,-,-,-,66,-,63,-,-,-,-,-,-,66,-,63,65,18,64,48,4,3,11,11,5,2,3,0,0,1,2,0,0,0,0,0,0,0,0,3.6,0.05,3,1.8,0.2,4.00,0,0,0.0,0.2,0,0,0,0,0,0,0,0.0,0,0,0,0,0,0,0,0,0,0,0,0,0,0,0,0,0,0,0,0,0,0.00,0,0,0,0,0,0.0,0.0,0.0,0.00,3,3,4,0,4,0,0,0,1.71,0.0,1.043,0,0,21.0,0,0,4,4,0,0,0,0,1,0,0,0,0.0,0.0
RF,Donald Reeves,Donald,Reeves,HickoryHoller JayBirds,6' 2',195 lbs,L,L,69,Atlanta Black Crackers,ABC,1938,1921-1945,,84464,Bronze,Negro League Star  RF Donald Reeves  ABC  1938,0,N,0,77,75,86,61,94,76,74,83,61,90,78,76,87,62,96,7,16,Normal,Pull,Spray,40,36,33,41,43,38,37,47,38,36,32,40,58,-,-,57,-,-,-,-,-,-,-,-,2,EX FB,90-92,3/4,Normal,24,20,1,1,1,2,4,3,8,56,61,73,-,-,-,-,-,-,66,-,63,-,-,-,-,-,-,66,-,63,65,18,64,48,7,7,28,27,7,4,2,1,0,3,5,1,0,0,0,0,0,2,0,3.2,0.19,3,-0.1,-0.0,4.00,0,0,0.0,-0.1,0,0,0,0,0,0,0,0.0,0,0,0,0,0,0,0,0,0,0,0,0,0,0,0,0,0,0,0,0,0,0.00,0,0,0,0,0,0.0,0.0,0.0,0.00,2,2,2,0,2,0,0,0,1.00,-0.4,.680,0,0,18.0,0,0,1,1,1,0,1,1,0,0,0,0,0.0,0.1
RF,Donald Reeves,Donald,Reeves,Columbus Evil Squirrels,6' 2',195 lbs,L,L,69,Atlanta Black Crackers,ABC,1938,1921-1945,,84464,Bronze,Negro League Star  RF Donald Reeves  ABC  1938,0,N,0,77,75,86,61,94,76,74,83,61,90,78,76,87,62,96,7,16,Normal,Pull,Spray,40,36,33,41,43,38,37,47,38,36,32,40,58,-,-,57,-,-,-,-,-,-,-,-,2,EX FB,90-92,3/4,Normal,24,20,1,1,1,2,4,3,8,56,61,73,-,-,-,-,-,-,66,-,63,-,-,-,-,-,-,66,-,63,65,18,64,48,4,4,15,15,5,3,0,0,2,5,3,0,0,0,0,0,0,3,0,3.8,0.20,3,1.8,0.2,3.93,1,0,0.3,0.1,0,0,0,0,0,0,0,0.0,0,0,0,0,0,0,0,0,0,0,0,0,0,0,0,0,0,0,0,0,0,0.00,0,0,0,0,0,0.0,0.0,0.0,0.00,4,4,10,0,10,0,0,0,2.57,-0.6,.935,0,0,35.0,0,0,10,9,1,1,1,0,0,0,2,0,0.0,-0.4
RF,Donald Reeves,Donald,Reeves,Bismarck Blizzard,6' 2',195 lbs,L,L,69,Atlanta Black Crackers,ABC,1938,1921-1945,,84464,Bronze,Negro League Star  RF Donald Reeves  ABC  1938,0,N,0,77,75,86,61,94,76,74,83,61,90,78,76,87,62,96,7,16,Normal,Pull,Spray,40,36,33,41,43,38,37,47,38,36,32,40,58,-,-,57,-,-,-,-,-,-,-,-,2,EX FB,90-92,3/4,Normal,24,20,1,1,1,2,4,3,8,56,61,73,-,-,-,-,-,-,66,-,63,-,-,-,-,-,-,66,-,63,65,18,64,48,5,5,19,18,4,3,0,1,0,2,2,1,0,0,0,0,0,4,0,1.6,0.12,1,-0.6,-0.0,4.32,0,0,0.0,-0.1,0,0,0,0,0,0,0,0.0,0,0,0,0,0,0,0,0,0,0,0,0,0,0,0,0,0,0,0,0,0,0.00,0,0,0,0,0,0.0,0.0,0.0,0.00,5,5,11,0,9,2,0,0,1.93,0.2,1.035,0,0,42.0,0,0,8,8,1,1,1,0,0,0,0,0,0.0,0.1
RF,Donald Reeves,Donald,Reeves,Columbus Fire Ants,6' 2',195 lbs,L,L,69,Atlanta Black Crackers,ABC,1938,1921-1945,,84464,Bronze,Negro League Star  RF Donald Reeves  ABC  1938,0,N,0,77,75,86,61,94,76,74,83,61,90,78,76,87,62,96,7,16,Normal,Pull,Spray,40,36,33,41,43,38,37,47,38,36,32,40,58,-,-,57,-,-,-,-,-,-,-,-,2,EX FB,90-92,3/4,Normal,24,20,1,1,1,2,4,3,8,56,61,73,-,-,-,-,-,-,66,-,63,-,-,-,-,-,-,66,-,63,65,18,64,48,10,10,35,32,4,3,1,0,0,2,2,1,0,1,0,1,0,3,0,1.0,-0.35,0,-4.2,-0.4,3.37,0,0,0.0,-0.0,0,0,0,0,0,0,0,0.0,0,0,0,0,0,0,0,0,0,0,0,0,0,0,0,0,0,0,0,0,0,0.00,0,0,0,0,0,0.0,0.0,0.0,0.00,12,10,23,0,23,0,0,0,2.44,-0.2,1.027,0,0,85.0,0,0,20,20,4,3,2,0,4,0,7,0,0.0,-0.3
RF,Donald Reeves,Donald,Reeves,Moonsault Collective MCs,6' 2',195 lbs,L,L,69,Atlanta Black Crackers,ABC,1938,1921-1945,,84464,Bronze,Negro League Star  RF Donald Reeves  ABC  1938,0,N,0,77,75,86,61,94,76,74,83,61,90,78,76,87,62,96,7,16,Normal,Pull,Spray,40,36,33,41,43,38,37,47,38,36,32,40,58,-,-,57,-,-,-,-,-,-,-,-,2,EX FB,90-92,3/4,Normal,24,20,1,1,1,2,4,3,8,56,61,73,-,-,-,-,-,-,66,-,63,-,-,-,-,-,-,66,-,63,65,18,64,48,12,11,45,42,15,11,1,0,3,8,10,1,0,1,0,1,0,3,0,9.8,0.44,9,4.0,0.5,3.76,0,0,0.0,0.7,0,0,0,0,0,0,0,0.0,0,0,0,0,0,0,0,0,0,0,0,0,0,0,0,0,0,0,0,0,0,0.00,0,0,0,0,0,0.0,0.0,0.0,0.00,12,11,24,0,23,1,0,0,2.08,-0.7,.979,0,0,99.2,0,0,21,20,3,2,1,1,6,0,3,0,0.0,0.1
RF,Donald Reeves,Donald,Reeves,Transylvania Counts,6' 2',195 lbs,L,L,69,Atlanta Black Crackers,ABC,1938,1921-1945,,84464,Bronze,Negro League Star  RF Donald Reeves  ABC  1938,0,N,0,77,75,86,61,94,76,74,83,61,90,78,76,87,62,96,7,16,Normal,Pull,Spray,40,36,33,41,43,38,37,47,38,36,32,40,58,-,-,57,-,-,-,-,-,-,-,-,2,EX FB,90-92,3/4,Normal,24,20,1,1,1,2,4,3,8,56,61,73,-,-,-,-,-,-,66,-,63,-,-,-,-,-,-,66,-,63,65,18,64,48,5,4,17,16,3,3,0,0,0,0,2,1,0,0,0,0,0,2,0,0.8,-0.10,0,-1.4,-0.1,3.59,0,0,0.0,0.0,0,0,0,0,0,0,0,0.0,0,0,0,0,0,0,0,0,0,0,0,0,0,0,0,0,0,0,0,0,0,0.00,0,0,0,0,0,0.0,0.0,0.0,0.00,5,4,10,0,9,1,0,0,2.38,-0.5,1.019,0,0,34.0,0,0,7,7,4,1,2,1,0,0,4,0,0.0,0.5
RF,Braggo Roth,Braggo,Roth,Newport News Dodgers_TTC,6' 0',170 lbs,R,R,66,Cleveland,CLE,1917,2026,,83677,Bronze,Snapshot  RF Braggo Roth  CLE  1917,0,N,0,91,116,52,80,77,72,83,36,79,67,97,131,58,81,81,54,1,Line Drive,Normal,Normal,1,1,1,4,1,1,1,4,1,1,2,4,16,-,-,-,-,-,-,-,-,-,-,-,1,NEU,90-92,3/4,Normal,1,13,-,-,-,2,2,9,5,67,58,81,-,-,-,-,-,-,79,55,78,-,-,-,-,-,-,79,55,78,72,91,93,68,3,2,8,8,0,0,0,0,0,0,0,0,0,0,0,0,0,3,1,-0.0,-0.34,0,-1.9,-0.2,4.00,0,0,0.0,0.0,0,0,0,0,0,0,0,0.0,0,0,0,0,0,0,0,0,0,0,0,0,0,0,0,0,0,0,0,0,0,0.00,0,0,0,0,0,0.0,0.0,0.0,0.00,4,2,4,0,3,1,0,0,1.40,-0.2,1.019,0,0,19.1,0,0,2,2,1,1,1,0,2,0,0,0,0.0,-0.1
RF,Braggo Roth,Braggo,Roth,London Majors,6' 0',170 lbs,R,R,66,Cleveland,CLE,1917,2026,,83677,Bronze,Snapshot  RF Braggo Roth  CLE  1917,0,N,0,91,116,52,80,77,72,83,36,79,67,97,131,58,81,81,54,1,Line Drive,Normal,Normal,1,1,1,4,1,1,1,4,1,1,2,4,16,-,-,-,-,-,-,-,-,-,-,-,1,NEU,90-92,3/4,Normal,1,13,-,-,-,2,2,9,5,67,58,81,-,-,-,-,-,-,79,55,78,-,-,-,-,-,-,79,55,78,72,91,93,68,13,13,51,46,14,12,2,0,0,4,4,5,0,0,0,0,0,10,2,5.8,-0.17,7,1.0,0.4,4.16,0,0,0.0,0.5,0,0,0,0,0,0,0,0.0,0,0,0,0,0,0,0,0,0,0,0,0,0,0,0,0,0,0,0,0,0,0.00,0,0,0,0,0,0.0,0.0,0.0,0.00,17,13,38,0,37,1,0,0,2.90,0.9,.999,0,0,115.0,0,0,28,28,7,6,5,3,2,0,3,0,0.0,-0.1
RF,Billy Southworth,Billy,Southworth,Birmingham Black Barons,5' 9',170 lbs,L,R,68,St. Louis Cardinals,STL,1926,1921-1945,,86379,Bronze,T4 Ep. 6 - Baseball Reference 6  RF Billy Southworth  STL  1926,0,N,0,76,84,96,51,201,42,71,81,5,232,84,88,102,61,191,60,52,Normal,Spray,Spray,1,1,1,3,1,1,1,3,1,1,1,3,16,-,-,-,-,-,-,-,-,-,-,-,1,NEU,90-92,OTT,Normal,1,3,-,-,-,9,8,7,2,98,72,44,-,-,-,-,-,-,107,93,93,14,-,-,-,-,-,107,93,93,69,69,74,77,12,12,51,47,15,8,2,2,3,9,9,3,1,0,1,0,0,4,0,11.0,0.17,10,4.0,0.6,3.08,0,0,0.0,0.5,0,0,0,0,0,0,0,0.0,0,0,0,0,0,0,0,0,0,0,0,0,0,0,0,0,0,0,0,0,0,0.00,0,0,0,0,0,0.0,0.0,0.0,0.00,12,12,31,1,30,0,0,0,2.88,0.6,1.059,0,0,97.0,0,0,23,23,8,7,2,0,4,0,7,0,0.0,-0.5
RF,Billy Southworth,Billy,Southworth,HILITE RECORDS,5' 9',170 lbs,L,R,68,St. Louis Cardinals,STL,1926,1921-1945,,86379,Bronze,T4 Ep. 6 - Baseball Reference 6  RF Billy Southworth  STL  1926,0,N,0,76,84,96,51,201,42,71,81,5,232,84,88,102,61,191,60,52,Normal,Spray,Spray,1,1,1,3,1,1,1,3,1,1,1,3,16,-,-,-,-,-,-,-,-,-,-,-,1,NEU,90-92,OTT,Normal,1,3,-,-,-,9,8,7,2,98,72,44,-,-,-,-,-,-,107,93,93,14,-,-,-,-,-,107,93,93,69,69,74,77,11,10,41,38,12,8,2,0,2,4,4,2,0,1,0,0,0,3,0,7.1,0.47,7,2.8,0.4,3.46,0,1,-0.5,-0.0,0,0,0,0,0,0,0,0.0,0,0,0,0,0,0,0,0,0,0,0,0,0,0,0,0,0,0,0,0,0,0.00,0,0,0,0,0,0.0,0.0,0.0,0.00,11,10,24,0,24,0,0,0,2.51,0.5,1.027,0,0,86.0,0,0,21,21,4,3,0,0,1,0,1,0,0.0,-0.2
RF,Billy Southworth,Billy,Southworth,Newport News Dodgers_TTC,5' 9',170 lbs,L,R,68,St. Louis Cardinals,STL,1926,1921-1945,,86379,Bronze,T4 Ep. 6 - Baseball Reference 6  RF Billy Southworth  STL  1926,0,N,0,76,84,96,51,201,42,71,81,5,232,84,88,102,61,191,60,52,Normal,Spray,Spray,1,1,1,3,1,1,1,3,1,1,1,3,16,-,-,-,-,-,-,-,-,-,-,-,1,NEU,90-92,OTT,Normal,1,3,-,-,-,9,8,7,2,98,72,44,-,-,-,-,-,-,107,93,93,14,-,-,-,-,-,107,93,93,69,69,74,77,7,6,27,27,11,6,2,0,3,5,5,0,0,0,0,0,0,1,0,9.0,0.08,7,4.7,0.6,3.59,0,0,0.0,0.0,0,0,0,0,0,0,0,0.0,0,0,0,0,0,0,0,0,0,0,0,0,0,0,0,0,0,0,0,0,0,0.00,0,0,0,0,0,0.0,0.0,0.0,0.00,9,6,14,0,14,0,0,0,2.16,0.3,1.021,0,0,58.1,0,0,12,12,0,0,3,1,2,1,0,0,0.0,0.0
RF,Billy Southworth,Billy,Southworth,Deep 13 Mad Scientists,5' 9',170 lbs,L,R,68,St. Louis Cardinals,STL,1926,1921-1945,,86379,Bronze,T4 Ep. 6 - Baseball Reference 6  RF Billy Southworth  STL  1926,0,N,0,76,84,96,51,201,42,71,81,5,232,84,88,102,61,191,60,52,Normal,Spray,Spray,1,1,1,3,1,1,1,3,1,1,1,3,16,-,-,-,-,-,-,-,-,-,-,-,1,NEU,90-92,OTT,Normal,1,3,-,-,-,9,8,7,2,98,72,44,-,-,-,-,-,-,107,93,93,14,-,-,-,-,-,107,93,93,69,69,74,77,6,6,32,30,7,6,1,0,0,3,2,2,0,0,0,0,0,0,2,1.9,-0.42,2,-1.4,-0.0,2.81,0,0,0.0,0.2,0,0,0,0,0,0,0,0.0,0,0,0,0,0,0,0,0,0,0,0,0,0,0,0,0,0,0,0,0,0,0.00,0,0,0,0,0,0.0,0.0,0.0,0.00,7,6,12,0,12,0,0,0,1.52,0.3,1.021,0,0,71.0,0,0,9,9,3,2,0,0,2,0,3,1,0.0,0.0
RF,Billy Southworth,Billy,Southworth,San Francisco Seals,5' 9',170 lbs,L,R,68,St. Louis Cardinals,STL,1926,1921-1945,,86379,Bronze,T4 Ep. 6 - Baseball Reference 6  RF Billy Southworth  STL  1926,0,N,0,76,84,96,51,201,42,71,81,5,232,84,88,102,61,191,60,52,Normal,Spray,Spray,1,1,1,3,1,1,1,3,1,1,1,3,16,-,-,-,-,-,-,-,-,-,-,-,1,NEU,90-92,OTT,Normal,1,3,-,-,-,9,8,7,2,98,72,44,-,-,-,-,-,-,107,93,93,14,-,-,-,-,-,107,93,93,69,69,74,77,12,12,51,46,18,13,3,1,1,6,8,4,0,0,0,1,0,1,0,11.3,0.28,11,5.1,0.5,3.37,0,1,-0.5,-0.1,0,0,0,0,0,0,0,0.0,0,0,0,0,0,0,0,0,0,0,0,0,0,0,0,0,0,0,0,0,0,0.00,0,0,0,0,0,0.0,0.0,0.0,0.00,12,12,32,0,32,0,0,0,2.67,-0.9,.995,0,0,108.0,0,0,28,27,7,2,3,3,4,0,5,0,0.0,0.0
RF,Billy Southworth,Billy,Southworth,Jinzhou Speedster,5' 9',170 lbs,L,R,68,St. Louis Cardinals,STL,1926,1921-1945,,86379,Bronze,T4 Ep. 6 - Baseball Reference 6  RF Billy Southworth  STL  1926,0,N,0,76,84,96,51,201,42,71,81,5,232,84,88,102,61,191,60,52,Normal,Spray,Spray,1,1,1,3,1,1,1,3,1,1,1,3,16,-,-,-,-,-,-,-,-,-,-,-,1,NEU,90-92,OTT,Normal,1,3,-,-,-,9,8,7,2,98,72,44,-,-,-,-,-,-,107,93,93,14,-,-,-,-,-,107,93,93,69,69,74,77,6,6,24,21,9,8,1,0,0,3,1,2,2,0,0,1,0,1,1,4.4,0.19,3,0.9,0.2,2.83,0,0,0.0,0.3,0,0,0,0,0,0,0,0.0,0,0,0,0,0,0,0,0,0,0,0,0,0,0,0,0,0,0,0,0,0,0.00,0,0,0,0,0,0.0,0.0,0.0,0.00,6,6,13,0,13,0,0,0,2.22,0.3,1.104,0,0,52.2,0,0,10,10,2,1,5,2,0,0,1,0,0.0,-0.1
RF,Billy Southworth,Billy,Southworth,Cape Cod Sharks - HotL,5' 9',170 lbs,L,R,68,St. Louis Cardinals,STL,1926,1921-1945,,86379,Bronze,T4 Ep. 6 - Baseball Reference 6  RF Billy Southworth  STL  1926,0,Y,5,83,91,104,56,216,47,77,88,7,249,91,96,110,67,205,60,52,Normal,Spray,Spray,1,1,1,5,1,1,1,5,1,1,1,5,16,-,-,-,-,-,-,-,-,-,-,-,1,NEU,90-92,OTT,Normal,1,3,-,-,-,9,8,7,2,98,72,44,-,-,-,-,-,-,115,100,100,16,-,-,-,-,-,115,100,100,69,69,74,77,15,15,63,60,17,11,1,0,5,14,8,2,0,0,0,1,0,3,0,10.3,0.48,10,2.9,0.6,3.48,0,0,0.0,0.5,0,0,0,0,0,0,0,0.0,0,0,0,0,0,0,0,0,0,0,0,0,0,0,0,0,0,0,0,0,0,0.00,0,0,0,0,0,0.0,0.0,0.0,0.00,15,15,41,1,38,2,0,0,2.68,0.7,1.084,0,0,131.0,0,0,27,26,10,7,10,3,8,2,3,0,0.0,-0.1
RF,Billy Southworth,Billy,Southworth,Brentwood Senators,5' 9',170 lbs,L,R,68,St. Louis Cardinals,STL,1926,1921-1945,,86379,Bronze,T4 Ep. 6 - Baseball Reference 6  RF Billy Southworth  STL  1926,0,N,0,76,84,96,51,201,42,71,81,5,232,84,88,102,61,191,60,52,Normal,Spray,Spray,1,1,1,3,1,1,1,3,1,1,1,3,16,-,-,-,-,-,-,-,-,-,-,-,1,NEU,90-92,OTT,Normal,1,3,-,-,-,9,8,7,2,98,72,44,-,-,-,-,-,-,107,93,93,14,-,-,-,-,-,107,93,93,69,69,74,77,5,5,23,22,5,3,1,0,1,1,5,1,1,0,0,0,0,3,0,2.3,-0.03,1,-0.8,-0.0,2.74,0,0,0.0,0.4,0,0,0,0,0,0,0,0.0,0,0,0,0,0,0,0,0,0,0,0,0,0,0,0,0,0,0,0,0,0,0.00,0,0,0,0,0,0.0,0.0,0.0,0.00,5,5,17,0,16,1,0,0,3.35,-0.2,1.022,0,0,43.0,0,0,16,16,1,0,1,0,1,0,1,0,0.0,-0.1
RF,Billy Southworth,Billy,Southworth,Louisville Haymakers,5' 9',170 lbs,L,R,68,St. Louis Cardinals,STL,1926,1921-1945,,86379,Bronze,T4 Ep. 6 - Baseball Reference 6  RF Billy Southworth  STL  1926,0,N,0,76,84,96,51,201,42,71,81,5,232,84,88,102,61,191,60,52,Normal,Spray,Spray,1,1,1,3,1,1,1,3,1,1,1,3,16,-,-,-,-,-,-,-,-,-,-,-,1,NEU,90-92,OTT,Normal,1,3,-,-,-,9,8,7,2,98,72,44,-,-,-,-,-,-,107,93,93,14,-,-,-,-,-,107,93,93,69,69,74,77,6,6,26,25,12,7,2,0,3,6,6,1,0,0,0,0,0,0,0,11.6,0.45,9,6.2,0.7,3.00,0,0,0.0,0.0,0,0,0,0,0,0,0,0.0,0,0,0,0,0,0,0,0,0,0,0,0,0,0,0,0,0,0,0,0,0,0.00,0,0,0,0,0,0.0,0.0,0.0,0.00,7,6,21,0,19,2,0,0,3.29,0.7,1.020,0,0,52.0,0,0,13,13,5,5,2,0,2,1,3,0,0.0,-0.2
RF,Billy Southworth,Billy,Southworth,OKC Whirlwinds - PCK,5' 9',170 lbs,L,R,68,St. Louis Cardinals,STL,1926,1921-1945,,86379,Bronze,T4 Ep. 6 - Baseball Reference 6  RF Billy Southworth  STL  1926,0,N,0,76,84,96,51,201,42,71,81,5,232,84,88,102,61,191,60,52,Normal,Spray,Spray,1,1,1,3,1,1,1,3,1,1,1,3,16,-,-,-,-,-,-,-,-,-,-,-,1,NEU,90-92,OTT,Normal,1,3,-,-,-,9,8,7,2,98,72,44,-,-,-,-,-,-,107,93,93,14,-,-,-,-,-,107,93,93,69,69,74,77,19,16,73,69,26,17,1,1,7,22,13,2,0,1,0,1,0,6,0,20.4,0.77,18,9.9,1.4,3.60,0,0,0.0,0.1,0,0,0,0,0,0,0,0.0,0,0,0,0,0,0,0,0,0,0,0,0,0,0,0,0,0,0,0,0,0,0.00,0,0,0,0,0,0.0,0.0,0.0,0.00,19,16,60,0,59,1,0,0,3.46,1.0,1.009,0,0,153.2,0,0,41,41,19,15,5,2,7,1,4,0,0.0,0.2
RF,Billy Southworth,Billy,Southworth,Beachcrest Blue Hornets,5' 9',170 lbs,L,R,68,St. Louis Cardinals,STL,1926,1921-1945,,86379,Bronze,T4 Ep. 6 - Baseball Reference 6  RF Billy Southworth  STL  1926,0,N,0,76,84,96,51,201,42,71,81,5,232,84,88,102,61,191,60,52,Normal,Spray,Spray,1,1,1,3,1,1,1,3,1,1,1,3,16,-,-,-,-,-,-,-,-,-,-,-,1,NEU,90-92,OTT,Normal,1,3,-,-,-,9,8,7,2,98,72,44,-,-,-,-,-,-,107,93,93,14,-,-,-,-,-,107,93,93,69,69,74,77,4,4,16,14,2,2,0,0,0,1,0,1,0,0,0,1,0,1,0,0.5,-0.36,0,-1.9,-0.3,3.25,0,0,0.0,0.0,0,0,0,0,0,0,0,0.0,0,0,0,0,0,0,0,0,0,0,0,0,0,0,0,0,0,0,0,0,0,0.00,0,0,0,0,0,0.0,0.0,0.0,0.00,4,4,14,0,12,2,0,0,3.18,-0.9,.948,0,0,34.0,0,0,11,11,2,0,4,0,1,1,3,0,0.0,-0.5
RF,Billy Southworth,Billy,Southworth,Breslau Binturings - HotL,5' 9',170 lbs,L,R,68,St. Louis Cardinals,STL,1926,1921-1945,,86379,Bronze,T4 Ep. 6 - Baseball Reference 6  RF Billy Southworth  STL  1926,0,Y,5,83,91,104,56,216,47,77,88,7,249,91,96,110,67,205,60,52,Normal,Spray,Spray,1,1,1,5,1,1,1,5,1,1,1,5,16,-,-,-,-,-,-,-,-,-,-,-,1,NEU,90-92,OTT,Normal,1,3,-,-,-,9,8,7,2,98,72,44,-,-,-,-,-,-,115,100,100,16,-,-,-,-,-,115,100,100,69,69,74,77,9,6,31,28,6,3,1,0,2,5,6,3,2,0,0,0,0,4,1,3.4,-0.15,3,-0.5,0.3,3.81,0,0,0.0,0.5,0,0,0,0,0,0,0,0.0,0,0,0,0,0,0,0,0,0,0,0,0,0,0,0,0,0,0,0,0,0,0.00,0,0,0,0,0,0.0,0.0,0.0,0.00,9,6,15,0,15,0,0,0,2.20,1.2,1.100,0,0,61.1,0,0,9,9,3,3,4,3,2,0,1,0,0.0,0.4
RF,Billy Southworth,Billy,Southworth,Deadwood Punch and Judys TTC,5' 9',170 lbs,L,R,68,St. Louis Cardinals,STL,1926,1921-1945,,86379,Bronze,T4 Ep. 6 - Baseball Reference 6  RF Billy Southworth  STL  1926,0,N,0,76,84,96,51,201,42,71,81,5,232,84,88,102,61,191,60,52,Normal,Spray,Spray,1,1,1,3,1,1,1,3,1,1,1,3,16,-,-,-,-,-,-,-,-,-,-,-,1,NEU,90-92,OTT,Normal,1,3,-,-,-,9,8,7,2,98,72,44,-,-,-,-,-,-,107,93,93,14,-,-,-,-,-,107,93,93,69,69,74,77,18,16,67,64,21,18,0,0,3,9,9,2,0,0,0,1,0,3,0,10.7,0.27,10,2.6,0.5,3.37,0,0,0.0,0.3,0,0,0,0,0,0,0,0.0,0,0,0,0,0,0,0,0,0,0,0,0,0,0,0,0,0,0,0,0,0,0.00,0,0,0,0,0,0.0,0.0,0.0,0.00,18,16,37,0,35,2,0,0,2.22,0.8,1.026,0,0,142.0,0,0,28,28,4,4,6,3,5,0,10,0,0.0,-0.8
RF,Billy Southworth,Billy,Southworth,Kansas City Torrent - JW,5' 9',170 lbs,L,R,68,St. Louis Cardinals,STL,1926,1921-1945,,86379,Bronze,T4 Ep. 6 - Baseball Reference 6  RF Billy Southworth  STL  1926,54,N,0,76,84,96,51,201,42,71,81,5,232,84,88,102,61,191,60,52,Normal,Spray,Spray,1,1,1,3,1,1,1,3,1,1,1,3,16,-,-,-,-,-,-,-,-,-,-,-,1,NEU,90-92,OTT,Normal,1,3,-,-,-,9,8,7,2,98,72,44,-,-,-,-,-,-,107,93,93,14,-,-,-,-,-,107,93,93,69,69,74,77,6,6,26,24,5,3,0,1,1,2,4,1,0,1,0,0,0,2,0,2.8,0.23,2,-0.1,0.1,3.58,0,0,0.0,-0.0,0,0,0,0,0,0,0,0.0,0,0,0,0,0,0,0,0,0,0,0,0,0,0,0,0,0,0,0,0,0,0.00,0,0,0,0,0,0.0,0.0,0.0,0.00,8,6,10,1,8,1,0,0,1.54,0.1,1.019,0,0,52.2,0,0,6,6,1,1,2,1,1,0,2,0,0.0,0.2
RF,Billy Southworth,Billy,Southworth,Groundball Defenders,5' 9',170 lbs,L,R,68,St. Louis Cardinals,STL,1926,1921-1945,,86379,Bronze,T4 Ep. 6 - Baseball Reference 6  RF Billy Southworth  STL  1926,0,N,0,76,84,96,51,201,42,71,81,5,232,84,88,102,61,191,60,52,Normal,Spray,Spray,1,1,1,3,1,1,1,3,1,1,1,3,16,-,-,-,-,-,-,-,-,-,-,-,1,NEU,90-92,OTT,Normal,1,3,-,-,-,9,8,7,2,98,72,44,-,-,-,-,-,-,107,93,93,14,-,-,-,-,-,107,93,93,69,69,74,77,15,14,62,56,15,12,0,2,1,7,8,6,0,0,0,0,0,3,1,7.6,-0.19,8,1.1,0.3,3.68,0,0,0.0,0.4,0,0,0,0,0,0,0,0.0,0,0,0,0,0,0,0,0,0,0,0,0,0,0,0,0,0,0,0,0,0,0.00,0,0,0,0,0,0.0,0.0,0.0,0.00,14,14,23,1,22,0,0,0,1.68,-0.1,1.026,0,0,123.0,0,0,17,15,3,3,6,3,5,0,5,1,0.0,0.5
RF,Billy Southworth,Billy,Southworth,Altamonte Ryno's,5' 9',170 lbs,L,R,68,St. Louis Cardinals,STL,1926,1921-1945,,86379,Bronze,T4 Ep. 6 - Baseball Reference 6  RF Billy Southworth  STL  1926,0,N,0,76,84,96,51,201,42,71,81,5,232,84,88,102,61,191,60,52,Normal,Spray,Spray,1,1,1,3,1,1,1,3,1,1,1,3,16,-,-,-,-,-,-,-,-,-,-,-,1,NEU,90-92,OTT,Normal,1,3,-,-,-,9,8,7,2,98,72,44,-,-,-,-,-,-,107,93,93,14,-,-,-,-,-,107,93,93,69,69,74,77,4,4,14,12,2,2,0,0,0,0,0,2,1,0,0,0,0,0,0,0.6,-0.02,0,-1.4,-0.2,2.86,0,0,0.0,-0.1,0,0,0,0,0,0,0,0.0,0,0,0,0,0,0,0,0,0,0,0,0,0,0,0,0,0,0,0,0,0,0.00,0,0,0,0,0,0.0,0.0,0.0,0.00,4,4,9,0,9,0,0,0,2.31,-0.7,1.019,0,0,35.0,0,0,6,6,4,2,4,1,2,0,3,0,0.0,0.1
RF,Billy Southworth,Billy,Southworth,PNW Wild Stallions,5' 9',170 lbs,L,R,68,St. Louis Cardinals,STL,1926,1921-1945,,86379,Bronze,T4 Ep. 6 - Baseball Reference 6  RF Billy Southworth  STL  1926,0,N,0,76,84,96,51,201,42,71,81,5,232,84,88,102,61,191,60,52,Normal,Spray,Spray,1,1,1,3,1,1,1,3,1,1,1,3,16,-,-,-,-,-,-,-,-,-,-,-,1,NEU,90-92,OTT,Normal,1,3,-,-,-,9,8,7,2,98,72,44,-,-,-,-,-,-,107,93,93,14,-,-,-,-,-,107,93,93,69,69,74,77,9,9,38,33,6,4,2,0,0,3,4,4,3,0,1,0,0,3,2,1.8,-0.38,0,-3.8,-0.3,2.84,0,0,0.0,0.2,0,0,0,0,0,0,0,0.0,0,0,0,0,0,0,0,0,0,0,0,0,0,0,0,0,0,0,0,0,0,0.00,0,0,0,0,0,0.0,0.0,0.0,0.00,9,9,15,0,15,0,0,0,1.74,-0.6,1.026,0,0,77.2,0,0,12,11,3,2,3,1,9,1,4,0,0.0,-0.3
RF,Billy Southworth,Billy,Southworth,Ethiopia Pink Elephants,5' 9',170 lbs,L,R,68,St. Louis Cardinals,STL,1926,1921-1945,,86379,Bronze,T4 Ep. 6 - Baseball Reference 6  RF Billy Southworth  STL  1926,0,N,0,76,84,96,51,201,42,71,81,5,232,84,88,102,61,191,60,52,Normal,Spray,Spray,1,1,1,3,1,1,1,3,1,1,1,3,16,-,-,-,-,-,-,-,-,-,-,-,1,NEU,90-92,OTT,Normal,1,3,-,-,-,9,8,7,2,98,72,44,-,-,-,-,-,-,107,93,93,14,-,-,-,-,-,107,93,93,69,69,74,77,5,5,22,21,6,6,0,0,0,2,1,0,0,1,0,0,0,0,0,2.0,-0.36,2,-0.5,0.1,3.36,0,0,0.0,0.0,0,0,0,0,0,0,0,0.0,0,0,0,0,0,0,0,0,0,0,0,0,0,0,0,0,0,0,0,0,0,0.00,0,0,0,0,0,0.0,0.0,0.0,0.00,5,5,16,0,16,0,0,0,3.35,0.5,1.027,0,0,43.0,0,0,13,13,1,1,2,1,4,1,2,0,0.0,-0.1
RF,Billy Southworth,Billy,Southworth,Daegu Lions,5' 9',170 lbs,L,R,68,St. Louis Cardinals,STL,1926,1921-1945,,86379,Bronze,T4 Ep. 6 - Baseball Reference 6  RF Billy Southworth  STL  1926,0,Y,5,83,91,104,56,216,47,77,88,7,249,91,96,110,67,205,60,52,Normal,Spray,Spray,1,1,1,5,1,1,1,5,1,1,1,5,16,-,-,-,-,-,-,-,-,-,-,-,1,NEU,90-92,OTT,Normal,1,3,-,-,-,9,8,7,2,98,72,44,-,-,-,-,-,-,115,100,100,16,-,-,-,-,-,115,100,100,69,69,74,77,15,14,70,67,19,14,4,0,1,9,9,2,0,1,0,0,0,5,1,8.3,-0.35,8,0.4,0.4,3.97,2,0,0.5,0.7,0,0,0,0,0,0,0,0.0,0,0,0,0,0,0,0,0,0,0,0,0,0,0,0,0,0,0,0,0,0,0.00,0,0,0,0,0,0.0,0.0,0.0,0.00,15,14,39,0,37,2,0,0,2.61,-0.1,1.000,0,0,127.2,0,0,31,30,7,5,4,1,4,0,2,1,0.0,-0.0
RF,Billy Southworth,Billy,Southworth,BAGgin' Dingers TTC,5' 9',170 lbs,L,R,68,St. Louis Cardinals,STL,1926,1921-1945,,86379,Bronze,T4 Ep. 6 - Baseball Reference 6  RF Billy Southworth  STL  1926,0,N,0,76,84,96,51,201,42,71,81,5,232,84,88,102,61,191,60,52,Normal,Spray,Spray,1,1,1,3,1,1,1,3,1,1,1,3,16,-,-,-,-,-,-,-,-,-,-,-,1,NEU,90-92,OTT,Normal,1,3,-,-,-,9,8,7,2,98,72,44,-,-,-,-,-,-,107,93,93,14,-,-,-,-,-,107,93,93,69,69,74,77,15,15,62,60,13,9,2,1,1,4,4,1,0,1,0,0,0,9,1,4.8,-0.66,4,-2.5,-0.1,3.66,1,0,0.3,-0.7,0,0,0,0,0,0,0,0.0,0,0,0,0,0,0,0,0,0,0,0,0,0,0,0,0,0,0,0,0,0,0.00,0,0,0,0,0,0.0,0.0,0.0,0.00,15,15,37,0,36,1,0,0,2.46,0.7,1.051,0,0,131.2,0,0,28,27,8,6,4,1,5,1,1,1,0.0,-0.2
RF,Billy Southworth,Billy,Southworth,Canterbury Tails,5' 9',170 lbs,L,R,68,St. Louis Cardinals,STL,1926,1921-1945,,86379,Bronze,T4 Ep. 6 - Baseball Reference 6  RF Billy Southworth  STL  1926,0,N,0,76,84,96,51,201,42,71,81,5,232,84,88,102,61,191,60,52,Normal,Spray,Spray,1,1,1,3,1,1,1,3,1,1,1,3,16,-,-,-,-,-,-,-,-,-,-,-,1,NEU,90-92,OTT,Normal,1,3,-,-,-,9,8,7,2,98,72,44,-,-,-,-,-,-,107,93,93,14,-,-,-,-,-,107,93,93,69,69,74,77,11,9,43,39,9,8,1,0,0,2,3,4,0,0,0,0,0,3,0,3.3,-0.27,3,-1.5,-0.1,3.42,0,0,0.0,-1.2,0,0,0,0,0,0,0,0.0,0,0,0,0,0,0,0,0,0,0,0,0,0,0,0,0,0,0,0,0,0,0.00,0,0,0,0,0,0.0,0.0,0.0,0.00,11,9,28,0,28,0,0,0,3.23,0.9,1.068,0,0,78.0,0,0,23,23,4,3,2,1,6,0,3,1,0.0,-0.6
RF,Billy Southworth,Billy,Southworth,Carlos Chaos Cats,5' 9',170 lbs,L,R,68,St. Louis Cardinals,STL,1926,1921-1945,,86379,Bronze,T4 Ep. 6 - Baseball Reference 6  RF Billy Southworth  STL  1926,0,N,0,76,84,96,51,201,42,71,81,5,232,84,88,102,61,191,60,52,Normal,Spray,Spray,1,1,1,3,1,1,1,3,1,1,1,3,16,-,-,-,-,-,-,-,-,-,-,-,1,NEU,90-92,OTT,Normal,1,3,-,-,-,9,8,7,2,98,72,44,-,-,-,-,-,-,107,93,93,14,-,-,-,-,-,107,93,93,69,69,74,77,5,5,22,22,6,4,0,0,2,5,2,0,0,0,0,0,0,2,0,3.3,0.23,3,0.8,0.2,3.05,0,0,0.0,-0.0,0,0,0,0,0,0,0,0.0,0,0,0,0,0,0,0,0,0,0,0,0,0,0,0,0,0,0,0,0,0,0.00,0,0,0,0,0,0.0,0.0,0.0,0.00,6,5,14,0,14,0,0,0,2.80,0.7,1.098,0,0,45.0,0,0,10,10,4,2,1,1,1,0,2,1,0.0,0.0
RF,Billy Southworth,Billy,Southworth,Sabo's Saturn League Legends TTC,5' 9',170 lbs,L,R,68,St. Louis Cardinals,STL,1926,1921-1945,,86379,Bronze,T4 Ep. 6 - Baseball Reference 6  RF Billy Southworth  STL  1926,0,N,0,76,84,96,51,201,42,71,81,5,232,84,88,102,61,191,60,52,Normal,Spray,Spray,1,1,1,3,1,1,1,3,1,1,1,3,16,-,-,-,-,-,-,-,-,-,-,-,1,NEU,90-92,OTT,Normal,1,3,-,-,-,9,8,7,2,98,72,44,-,-,-,-,-,-,107,93,93,14,-,-,-,-,-,107,93,93,69,69,74,77,12,12,52,52,9,7,1,0,1,1,4,0,0,0,0,0,0,5,1,2.0,-0.23,1,-5.0,-0.3,3.38,0,0,0.0,0.4,0,0,0,0,0,0,0,0.0,0,0,0,0,0,0,0,0,0,0,0,0,0,0,0,0,0,0,0,0,0,0.00,0,0,0,0,0,0.0,0.0,0.0,0.00,9,9,28,0,28,0,0,0,3.23,0.9,1.020,0,0,78.0,0,0,21,21,5,5,3,1,3,1,5,0,0.0,-0.2
RF,Billy Southworth,Billy,Southworth,King Street 504s,5' 9',170 lbs,L,R,68,St. Louis Cardinals,STL,1926,1921-1945,,86379,Bronze,T4 Ep. 6 - Baseball Reference 6  RF Billy Southworth  STL  1926,0,N,0,76,84,96,51,201,42,71,81,5,232,84,88,102,61,191,60,52,Normal,Spray,Spray,1,1,1,3,1,1,1,3,1,1,1,3,16,-,-,-,-,-,-,-,-,-,-,-,1,NEU,90-92,OTT,Normal,1,3,-,-,-,9,8,7,2,98,72,44,-,-,-,-,-,-,107,93,93,14,-,-,-,-,-,107,93,93,69,69,74,77,4,4,19,18,2,2,0,0,0,0,2,0,0,1,0,0,0,2,0,0.4,-0.43,0,-2.6,-0.1,3.05,0,0,0.0,0.2,0,0,0,0,0,0,0,0.0,0,0,0,0,0,0,0,0,0,0,0,0,0,0,0,0,0,0,0,0,0,0.00,0,0,0,0,0,0.0,0.0,0.0,0.00,5,4,14,1,13,0,0,0,3.07,0.8,1.024,0,0,41.0,0,0,9,9,2,2,1,1,2,1,0,0,0.0,0.0
RF,Billy Southworth,Billy,Southworth,Michigan Black Bears,5' 9',170 lbs,L,R,68,St. Louis Cardinals,STL,1926,1921-1945,,86379,Bronze,T4 Ep. 6 - Baseball Reference 6  RF Billy Southworth  STL  1926,0,N,0,76,84,96,51,201,42,71,81,5,232,84,88,102,61,191,60,52,Normal,Spray,Spray,1,1,1,3,1,1,1,3,1,1,1,3,16,-,-,-,-,-,-,-,-,-,-,-,1,NEU,90-92,OTT,Normal,1,3,-,-,-,9,8,7,2,98,72,44,-,-,-,-,-,-,107,93,93,14,-,-,-,-,-,107,93,93,69,69,74,77,19,18,75,73,19,14,5,0,0,8,6,1,0,0,0,1,0,6,2,5.9,0.01,6,-2.6,0.0,3.24,0,0,0.0,-0.0,0,0,0,0,0,0,0,0.0,0,0,0,0,0,0,0,0,0,0,0,0,0,0,0,0,0,0,0,0,0,0.00,0,0,0,0,0,0.0,0.0,0.0,0.00,19,18,38,0,38,0,0,0,2.21,0.5,1.084,0,0,155.0,0,0,32,30,9,5,4,2,3,1,5,0,0.0,-0.2
RF,Walter Thomas,Walter,Thomas,OKC Whirlwinds - PCK,5' 9',175 lbs,R,R,63,Kansas City Monarchs,KCM,1945,1921-1945,CS,84872,Bronze,Clubhouse - Negro League Star  RF Walter Thomas  KCM  1945,0,N,0,95,75,41,54,104,101,77,49,56,105,94,75,39,54,104,21,10,Groundball,Spray,Normal,66,63,33,70,67,60,33,67,65,67,34,74,77,72,67,68,-,79,-,-,-,-,-,-,5,NEU,89-91,3/4,Normal,48,70,-,-,-,25,21,22,19,61,56,78,53,-,-,-,-,-,72,46,70,53,-,-,-,-,-,72,46,70,40,4,11,29,18,6,32,31,6,4,1,1,0,2,2,1,1,0,0,0,0,9,0,2.0,-0.47,1,-2.6,-0.2,3.81,0,0,0.0,0.1,0,0,0,0,0,0,0,0.0,0,0,0,0,0,0,0,0,0,0,0,0,0,0,0,0,0,0,0,0,0,0.00,0,0,0,0,0,0.0,0.0,0.0,0.00,12,3,14,1,12,1,0,0,2.49,0.1,1.019,0,0,47.0,0,0,10,10,0,0,4,2,1,0,1,0,0.0,0.1
RF,Jack Tobin,Jack,Tobin,Cape Cod Sharks - HotL,5' 8',140 lbs,L,L,61,St. Louis Browns,BAL,1920,2026,CS,86772,Bronze,Clubhouse - Baseball Reference 8  RF Jack Tobin  SLA  1920,0,N,0,140,88,37,82,160,128,62,31,48,97,144,96,40,90,182,87,81,Line Drive,Normal,Normal,1,1,1,2,1,1,1,2,1,1,1,2,16,-,-,-,-,-,-,-,-,-,-,-,1,NEU,89-91,3/4,Normal,1,10,-,-,-,3,8,10,6,69,49,70,-,-,-,-,-,-,77,-,73,-,-,-,-,-,-,77,-,73,69,79,81,69,14,12,58,53,14,11,3,0,0,6,6,3,0,1,0,1,0,8,1,5.4,0.12,5,-0.9,0.1,3.69,0,0,0.0,-0.0,0,0,0,0,0,0,0,0.0,0,0,0,0,0,0,0,0,0,0,0,0,0,0,0,0,0,0,0,0,0,0.00,0,0,0,0,0,0.0,0.0,0.0,0.00,15,12,20,0,20,0,0,0,1.64,0.8,1.133,0,0,110.0,0,0,15,15,4,1,5,2,2,2,2,0,0.0,0.1
RF,Jack Tobin,Jack,Tobin,Deadwood Punch and Judys TTC,5' 8',140 lbs,L,L,61,St. Louis Browns,BAL,1920,2026,CS,86772,Bronze,Clubhouse - Baseball Reference 8  RF Jack Tobin  SLA  1920,0,N,0,140,88,37,82,160,128,62,31,48,97,144,96,40,90,182,87,81,Line Drive,Normal,Normal,1,1,1,2,1,1,1,2,1,1,1,2,16,-,-,-,-,-,-,-,-,-,-,-,1,NEU,89-91,3/4,Normal,1,10,-,-,-,3,8,10,6,69,49,70,-,-,-,-,-,-,77,-,73,-,-,-,-,-,-,77,-,73,69,79,81,69,18,16,73,67,24,16,5,3,0,6,12,5,0,0,1,0,0,5,1,14.1,0.55,14,5.4,0.7,3.74,0,0,0.0,0.7,0,0,0,0,0,0,0,0.0,0,0,0,0,0,0,0,0,0,0,0,0,0,0,0,0,0,0,0,0,0,0.00,0,0,0,0,0,0.0,0.0,0.0,0.00,17,16,40,0,38,2,0,0,2.41,-0.6,.993,0,0,142.0,0,0,31,30,8,5,5,1,5,2,8,0,0.0,-0.7
RF,Jack Tobin,Jack,Tobin,Madison Moundsmen,5' 8',140 lbs,L,L,61,St. Louis Browns,BAL,1920,2026,CS,86772,Bronze,Clubhouse - Baseball Reference 8  RF Jack Tobin  SLA  1920,0,N,0,140,88,37,82,160,128,62,31,48,97,144,96,40,90,182,87,81,Line Drive,Normal,Normal,1,1,1,2,1,1,1,2,1,1,1,2,16,-,-,-,-,-,-,-,-,-,-,-,1,NEU,89-91,3/4,Normal,1,10,-,-,-,3,8,10,6,69,49,70,-,-,-,-,-,-,77,-,73,-,-,-,-,-,-,77,-,73,69,79,81,69,7,7,29,29,5,4,1,0,0,4,2,0,0,0,0,0,0,2,0,1.0,-0.29,0,-3.2,-0.2,3.31,0,0,0.0,0.3,0,0,0,0,0,0,0,0.0,0,0,0,0,0,0,0,0,0,0,0,0,0,0,0,0,0,0,0,0,0,0.00,0,0,0,0,0,0.0,0.0,0.0,0.00,7,7,15,0,13,2,0,0,2.10,0.4,1.019,0,0,55.2,0,0,11,11,1,1,1,1,1,0,3,0,0.0,-0.4
RF,Jack Tobin,Jack,Tobin,New Platson Grand Petites HotL,5' 8',140 lbs,L,L,61,St. Louis Browns,BAL,1920,2026,CS,86772,Bronze,Clubhouse - Baseball Reference 8  RF Jack Tobin  SLA  1920,0,N,0,140,88,37,82,160,128,62,31,48,97,144,96,40,90,182,87,81,Line Drive,Normal,Normal,1,1,1,2,1,1,1,2,1,1,1,2,16,-,-,-,-,-,-,-,-,-,-,-,1,NEU,89-91,3/4,Normal,1,10,-,-,-,3,8,10,6,69,49,70,-,-,-,-,-,-,77,-,73,-,-,-,-,-,-,77,-,73,69,79,81,69,4,4,14,13,10,6,4,0,0,2,7,1,0,0,0,0,0,0,0,11.2,0.53,7,5.5,0.7,3.00,0,0,0.0,0.5,0,0,0,0,0,0,0,0.0,0,0,0,0,0,0,0,0,0,0,0,0,0,0,0,0,0,0,0,0,0,0.00,0,0,0,0,0,0.0,0.0,0.0,0.00,4,4,13,0,13,0,0,0,3.90,0.1,1.019,0,0,30.0,0,0,11,11,1,1,2,1,3,0,0,0,0.0,0.2
RF,Jack Tobin,Jack,Tobin,Tegridy Farms Weed,5' 8',140 lbs,L,L,61,St. Louis Browns,BAL,1920,2026,CS,86772,Bronze,Clubhouse - Baseball Reference 8  RF Jack Tobin  SLA  1920,0,N,0,140,88,37,82,160,128,62,31,48,97,144,96,40,90,182,87,81,Line Drive,Normal,Normal,1,1,1,2,1,1,1,2,1,1,1,2,16,-,-,-,-,-,-,-,-,-,-,-,1,NEU,89-91,3/4,Normal,1,10,-,-,-,3,8,10,6,69,49,70,-,-,-,-,-,-,77,-,73,-,-,-,-,-,-,77,-,73,69,79,81,69,13,12,51,43,13,7,6,0,0,3,5,5,0,1,2,0,0,7,0,8.0,0.60,8,2.0,0.4,3.27,0,0,0.0,0.1,0,0,0,0,0,0,0,0.0,0,0,0,0,0,0,0,0,0,0,0,0,0,0,0,0,0,0,0,0,0,0.00,0,0,0,0,0,0.0,0.0,0.0,0.00,13,12,32,1,30,1,0,0,2.68,0.6,1.019,0,0,104.0,0,0,26,26,3,3,2,1,2,0,3,0,0.0,0.4
RF,Lee Walls,Lee,Walls,HickoryHoller JayBirds,6' 3',205 lbs,R,R,65,Chicago Cubs,CHC,1958,1946-1960,,84131,Bronze,All-Time Legend  RF Lee Walls  CHC  Peak,0,N,0,73,69,72,74,80,62,68,71,83,85,77,70,73,71,78,62,69,Normal,Spray,Spray,1,1,1,5,1,1,1,5,1,1,2,5,16,-,-,-,-,-,-,-,-,-,-,-,1,NEU,89-91,3/4,Normal,1,16,-,-,-,54,45,68,28,76,66,87,-,-,86,-,45,-,91,69,90,99,-,86,-,45,-,91,69,90,54,25,63,47,7,6,22,21,5,3,0,0,2,2,4,0,0,0,1,0,0,5,0,2.6,0.09,2,0.1,-0.0,4.05,0,0,0.0,-0.4,0,0,0,0,0,0,0,0.0,0,0,0,0,0,0,0,0,0,0,0,0,0,0,0,0,0,0,0,0,0,0.00,0,0,0,0,0,0.0,0.0,0.0,0.00,7,6,8,0,8,0,0,0,1.33,-0.1,1.021,0,0,54.0,0,0,5,5,2,1,3,1,3,0,1,1,0.0,-0.3
RF,Lee Walls,Lee,Walls,Gettysburg Iron Brigade,6' 3',205 lbs,R,R,65,Chicago Cubs,CHC,1958,1946-1960,,84131,Bronze,All-Time Legend  RF Lee Walls  CHC  Peak,0,N,0,73,69,72,74,80,62,68,71,83,85,77,70,73,71,78,62,69,Normal,Spray,Spray,1,1,1,5,1,1,1,5,1,1,2,5,16,-,-,-,-,-,-,-,-,-,-,-,1,NEU,89-91,3/4,Normal,1,16,-,-,-,54,45,68,28,76,66,87,-,-,86,-,45,-,91,69,90,99,-,86,-,45,-,91,69,90,54,25,63,47,4,2,9,7,4,2,1,0,1,3,3,1,0,0,0,1,0,2,1,3.9,0.38,3,2.5,0.3,2.89,0,0,0.0,0.0,0,0,0,0,0,0,0,0.0,0,0,0,0,0,0,0,0,0,0,0,0,0,0,0,0,0,0,0,0,0,0.00,0,0,0,0,0,0.0,0.0,0.0,0.00,4,2,8,0,8,0,0,0,3.60,0.1,1.028,0,0,20.0,0,0,7,7,0,0,2,1,1,0,0,0,0.0,-0.1
RF,Wally Westlake,Wally,Westlake,Cape Cod Sharks - HotL,6' 0',185 lbs,R,R,67,Pittsburgh Pirates,PIT,1949,1946-1960,,83646,Bronze,Snapshot  RF Wally Westlake  PIT  1949,0,Y,5,68,89,106,69,88,83,92,98,74,84,62,89,110,68,90,9,6,Flyball,Normal,Normal,1,1,1,9,1,1,1,9,1,1,1,9,16,17,17,-,-,-,-,-,-,-,-,-,3,GB,89-91,SIDE,GB'er,1,19,-,-,-,3,9,9,3,57,76,84,-,-,-,-,-,-,78,47,77,-,-,-,-,-,-,78,47,77,65,51,58,72,2,1,6,4,0,0,0,0,0,0,0,2,0,0,0,0,0,1,0,0.2,-0.07,0,-0.3,-0.1,4.83,0,0,0.0,0.0,0,0,0,0,0,0,0,0.0,0,0,0,0,0,0,0,0,0,0,0,0,0,0,0,0,0,0,0,0,0,0.00,0,0,0,0,0,0.0,0.0,0.0,0.00,3,1,3,0,3,0,0,0,2.45,-0.5,.770,0,0,11.0,0,0,1,1,3,2,1,0,0,0,0,0,0.0,-0.1
RF,Wally Westlake,Wally,Westlake,Beachcrest Blue Hornets,6' 0',185 lbs,R,R,67,Pittsburgh Pirates,PIT,1949,1946-1960,,83646,Bronze,Snapshot  RF Wally Westlake  PIT  1949,0,N,0,62,82,98,63,81,76,85,90,68,77,56,82,102,62,83,9,6,Flyball,Normal,Normal,1,1,1,7,1,1,1,7,1,1,1,7,16,17,17,-,-,-,-,-,-,-,-,-,3,GB,89-91,SIDE,GB'er,1,19,-,-,-,3,9,9,3,57,76,84,-,-,-,-,-,-,73,44,72,-,-,-,-,-,-,73,44,72,65,51,58,72,3,3,12,12,0,0,0,0,0,0,0,0,0,0,0,0,0,2,1,-0.0,-0.27,-1,-2.9,-0.2,3.17,0,0,0.0,0.0,0,0,0,0,0,0,0,0.0,0,0,0,0,0,0,0,0,0,0,0,0,0,0,0,0,0,0,0,0,0,0.00,0,0,0,0,0,0.0,0.0,0.0,0.00,3,3,5,0,5,0,0,0,1.80,0.1,1.019,0,0,25.0,0,0,3,3,1,1,1,0,3,1,1,0,0.0,0.1
RF,Wally Westlake,Wally,Westlake,Ware Wolves2,6' 0',185 lbs,R,R,67,Pittsburgh Pirates,PIT,1949,1946-1960,,83646,Bronze,Snapshot  RF Wally Westlake  PIT  1949,0,N,0,62,82,98,63,81,76,85,90,68,77,56,82,102,62,83,9,6,Flyball,Normal,Normal,1,1,1,7,1,1,1,7,1,1,1,7,16,17,17,-,-,-,-,-,-,-,-,-,3,GB,89-91,SIDE,GB'er,1,19,-,-,-,3,9,9,3,57,76,84,-,-,-,-,-,-,73,44,72,-,-,-,-,-,-,73,44,72,65,51,58,72,11,11,48,42,6,4,1,0,1,4,4,4,0,0,1,1,0,8,0,2.5,-0.25,1,-3.9,-0.3,3.65,0,0,0.0,0.0,0,0,0,0,0,0,0,0.0,0,0,0,0,0,0,0,0,0,0,0,0,0,0,0,0,0,0,0,0,0,0.00,0,0,0,0,0,0.0,0.0,0.0,0.00,11,11,21,0,21,0,0,0,1.95,-0.0,1.019,0,0,97.0,0,0,17,17,4,4,2,0,5,0,3,0,0.0,0.2
RF,Wally Westlake,Wally,Westlake,Groundball Defenders,6' 0',185 lbs,R,R,67,Pittsburgh Pirates,PIT,1949,1946-1960,,83646,Bronze,Snapshot  RF Wally Westlake  PIT  1949,0,N,0,62,82,98,63,81,76,85,90,68,77,56,82,102,62,83,9,6,Flyball,Normal,Normal,1,1,1,7,1,1,1,7,1,1,1,7,16,17,17,-,-,-,-,-,-,-,-,-,3,GB,89-91,SIDE,GB'er,1,19,-,-,-,3,9,9,3,57,76,84,-,-,-,-,-,-,73,44,72,-,-,-,-,-,-,73,44,72,65,51,58,72,5,4,18,16,4,1,2,0,1,5,2,1,0,0,0,1,0,5,0,2.7,0.05,2,0.6,0.0,4.56,0,0,0.0,0.1,0,0,0,0,0,0,0,0.0,0,0,0,0,0,0,0,0,0,0,0,0,0,0,0,0,0,0,0,0,0,0.00,0,0,0,0,0,0.0,0.0,0.0,0.00,5,4,13,0,13,0,0,0,2.95,-0.5,.947,0,0,39.2,0,0,9,9,5,4,1,0,3,0,4,0,0.0,-0.2
RF,Wally Westlake,Wally,Westlake,Tegridy Farms Weed,6' 0',185 lbs,R,R,67,Pittsburgh Pirates,PIT,1949,1946-1960,,83646,Bronze,Snapshot  RF Wally Westlake  PIT  1949,0,N,0,62,82,98,63,81,76,85,90,68,77,56,82,102,62,83,9,6,Flyball,Normal,Normal,1,1,1,7,1,1,1,7,1,1,1,7,16,17,17,-,-,-,-,-,-,-,-,-,3,GB,89-91,SIDE,GB'er,1,19,-,-,-,3,9,9,3,57,76,84,-,-,-,-,-,-,73,44,72,-,-,-,-,-,-,73,44,72,65,51,58,72,2,2,8,8,1,0,0,0,1,1,1,0,0,0,0,0,0,1,0,0.5,0.06,0,-0.3,-0.0,3.38,0,0,0.0,0.0,0,0,0,0,0,0,0,0.0,0,0,0,0,0,0,0,0,0,0,0,0,0,0,0,0,0,0,0,0,0,0.00,0,0,0,0,0,0.0,0.0,0.0,0.00,3,2,3,0,3,0,0,0,1.50,0.1,1.032,0,0,18.0,0,0,3,3,0,0,0,0,0,0,0,0,0.0,-0.1
RF,Cy Williams,Cy,Williams,Birmingham Black Barons,6' 2',180 lbs,L,L,69,Philadelphia Phillies,PHI,1927,1921-1945,,82718,Bronze,Veteran Presence  RF Cy Williams  PHI  1927,0,N,0,55,42,111,86,99,58,25,94,56,73,54,48,118,94,112,37,6,Flyball,Normal,Normal,1,1,1,1,1,1,1,1,1,1,1,1,16,-,-,-,-,-,-,-,-,-,-,-,1,NEU,89-91,OTT,Normal,1,23,-,-,-,10,1,9,6,44,68,96,-,-,-,-,-,-,-,27,64,10,-,-,-,-,-,-,27,64,20,13,6,25,9,9,26,22,3,3,0,0,0,1,1,3,2,0,0,1,0,5,0,0.9,-0.24,0,-3.6,-0.3,3.54,0,0,0.0,0.1,0,0,0,0,0,0,0,0.0,0,0,0,0,0,0,0,0,0,0,0,0,0,0,0,0,0,0,0,0,0,0.00,0,0,0,0,0,0.0,0.0,0.0,0.00,9,9,17,0,17,0,0,0,2.39,-0.3,1.019,0,0,64.0,0,0,15,15,2,1,2,1,4,0,4,0,0.0,0.0
RF,Cy Williams,Cy,Williams,HILITE RECORDS,6' 2',180 lbs,L,L,69,Philadelphia Phillies,PHI,1927,1921-1945,,82718,Bronze,Veteran Presence  RF Cy Williams  PHI  1927,0,Y,5,60,47,120,93,107,64,29,102,62,80,59,53,127,102,121,37,6,Flyball,Normal,Normal,1,1,1,1,1,1,1,1,1,1,1,1,16,-,-,-,-,-,-,-,-,-,-,-,1,NEU,89-91,OTT,Normal,1,23,-,-,-,10,1,9,6,44,68,96,-,-,-,-,-,-,-,30,69,12,-,-,-,-,-,-,30,69,20,13,6,25,11,10,44,39,13,9,1,0,3,5,7,3,0,0,1,1,0,6,1,8.5,0.24,8,3.4,0.3,3.14,0,0,0.0,0.4,0,0,0,0,0,0,0,0.0,0,0,0,0,0,0,0,0,0,0,0,0,0,0,0,0,0,0,0,0,0,0.00,0,0,0,0,0,0.0,0.0,0.0,0.00,10,10,24,0,23,1,0,0,2.41,-1.9,.934,0,0,86.0,0,0,20,18,6,3,5,1,3,1,5,0,0.0,0.6
RF,Cy Williams,Cy,Williams,Statesville Shadowcats,6' 2',180 lbs,L,L,69,Philadelphia Phillies,PHI,1927,1921-1945,,82718,Bronze,Veteran Presence  RF Cy Williams  PHI  1927,0,N,0,55,42,111,86,99,58,25,94,56,73,54,48,118,94,112,37,6,Flyball,Normal,Normal,1,1,1,1,1,1,1,1,1,1,1,1,16,-,-,-,-,-,-,-,-,-,-,-,1,NEU,89-91,OTT,Normal,1,23,-,-,-,10,1,9,6,44,68,96,-,-,-,-,-,-,-,27,64,10,-,-,-,-,-,-,27,64,20,13,6,25,4,3,12,10,1,0,0,0,1,1,2,2,0,0,0,0,0,2,0,1.1,-0.10,1,-0.2,0.0,3.92,0,0,0.0,0.1,0,0,0,0,0,0,0,0.0,0,0,0,0,0,0,0,0,0,0,0,0,0,0,0,0,0,0,0,0,0,0.00,0,0,0,0,0,0.0,0.0,0.0,0.00,3,3,4,0,4,0,0,0,1.50,0.1,1.019,0,0,24.0,0,0,3,3,1,1,0,0,0,0,2,0,0.0,-0.3
RF,Cy Williams,Cy,Williams,San Francisco Seals,6' 2',180 lbs,L,L,69,Philadelphia Phillies,PHI,1927,1921-1945,,82718,Bronze,Veteran Presence  RF Cy Williams  PHI  1927,0,N,0,55,42,111,86,99,58,25,94,56,73,54,48,118,94,112,37,6,Flyball,Normal,Normal,1,1,1,1,1,1,1,1,1,1,1,1,16,-,-,-,-,-,-,-,-,-,-,-,1,NEU,89-91,OTT,Normal,1,23,-,-,-,10,1,9,6,44,68,96,-,-,-,-,-,-,-,27,64,10,-,-,-,-,-,-,27,64,20,13,6,25,12,11,48,42,8,4,0,0,4,11,7,4,1,0,0,2,0,6,2,4.5,0.02,5,-0.5,-0.0,3.58,0,0,0.0,-0.0,0,0,0,0,0,0,0,0.0,0,0,0,0,0,0,0,0,0,0,0,0,0,0,0,0,0,0,0,0,0,0.00,0,0,0,0,0,0.0,0.0,0.0,0.00,2,1,3,0,3,0,0,0,2.70,-0.1,1.019,0,0,10.0,0,0,2,2,2,1,0,0,0,0,0,0,0.0,-0.0
RF,Cy Williams,Cy,Williams,Ungentlemanly Fightin' Fellows TTC,6' 2',180 lbs,L,L,69,Philadelphia Phillies,PHI,1927,1921-1945,,82718,Bronze,Veteran Presence  RF Cy Williams  PHI  1927,0,N,0,55,42,111,86,99,58,25,94,56,73,54,48,118,94,112,37,6,Flyball,Normal,Normal,1,1,1,1,1,1,1,1,1,1,1,1,16,-,-,-,-,-,-,-,-,-,-,-,1,NEU,89-91,OTT,Normal,1,23,-,-,-,10,1,9,6,44,68,96,-,-,-,-,-,-,-,27,64,10,-,-,-,-,-,-,27,64,20,13,6,25,4,4,18,16,2,1,1,0,0,1,1,2,0,0,0,0,0,2,0,0.8,-0.24,0,-1.5,-0.1,3.78,0,0,0.0,-0.0,0,0,0,0,0,0,0,0.0,0,0,0,0,0,0,0,0,0,0,0,0,0,0,0,0,0,0,0,0,0,0.00,0,0,0,0,0,0.0,0.0,0.0,0.00,0,0,0,0,0,0,0,0,0.00,0.0,.000,0,0,0.0,0,0,0,0,0,0,0,0,0,0,0,0,0.0,0.0
RF,Cy Williams,Cy,Williams,Huatulco Tacos,6' 2',180 lbs,L,L,69,Philadelphia Phillies,PHI,1927,1921-1945,,82718,Bronze,Veteran Presence  RF Cy Williams  PHI  1927,0,N,0,55,42,111,86,99,58,25,94,56,73,54,48,118,94,112,37,6,Flyball,Normal,Normal,1,1,1,1,1,1,1,1,1,1,1,1,16,-,-,-,-,-,-,-,-,-,-,-,1,NEU,89-91,OTT,Normal,1,23,-,-,-,10,1,9,6,44,68,96,-,-,-,-,-,-,-,27,64,10,-,-,-,-,-,-,27,64,20,13,6,25,4,3,11,11,0,0,0,0,0,0,0,0,0,0,0,0,0,6,0,0.0,-0.19,-1,-2.7,-0.3,4.55,0,0,0.0,0.0,0,0,0,0,0,0,0,0.0,0,0,0,0,0,0,0,0,0,0,0,0,0,0,0,0,0,0,0,0,0,0.00,0,0,0,0,0,0.0,0.0,0.0,0.00,3,3,5,0,5,0,0,0,1.96,-0.4,.850,0,0,23.0,0,0,5,5,0,0,0,0,1,0,1,0,0.0,0.0
RF,Cy Williams,Cy,Williams,Cape Cod Sharks - HotL,6' 2',180 lbs,L,L,69,Philadelphia Phillies,PHI,1927,1921-1945,,82718,Bronze,Veteran Presence  RF Cy Williams  PHI  1927,0,N,0,55,42,111,86,99,58,25,94,56,73,54,48,118,94,112,37,6,Flyball,Normal,Normal,1,1,1,1,1,1,1,1,1,1,1,1,16,-,-,-,-,-,-,-,-,-,-,-,1,NEU,89-91,OTT,Normal,1,23,-,-,-,10,1,9,6,44,68,96,-,-,-,-,-,-,-,27,64,10,-,-,-,-,-,-,27,64,20,13,6,25,7,,9,8,2,2,0,0,0,0,1,1,0,0,0,0,0,1,0,0.8,0.04,0,-0.2,0.0,3.33,0,0,0.0,0.0,0,0,0,0,0,0,0,0.0,0,0,0,0,0,0,0,0,0,0,0,0,0,0,0,0,0,0,0,0,0,0.00,0,0,0,0,0,0.0,0.0,0.0,0.00,3,0,2,0,2,0,0,0,4.50,0.0,1.019,0,0,4.0,0,0,2,2,0,0,0,0,0,0,0,0,0.0,0.0
RF,Cy Williams,Cy,Williams,Port Townsend Wild Daphnes,6' 2',180 lbs,L,L,69,Philadelphia Phillies,PHI,1927,1921-1945,,82718,Bronze,Veteran Presence  RF Cy Williams  PHI  1927,0,N,0,55,42,111,86,99,58,25,94,56,73,54,48,118,94,112,37,6,Flyball,Normal,Normal,1,1,1,1,1,1,1,1,1,1,1,1,16,-,-,-,-,-,-,-,-,-,-,-,1,NEU,89-91,OTT,Normal,1,23,-,-,-,10,1,9,6,44,68,96,-,-,-,-,-,-,-,27,64,10,-,-,-,-,-,-,27,64,20,13,6,25,37,34,137,120,33,21,2,0,10,22,23,15,0,0,0,2,0,12,2,23.5,-0.03,24,8.5,1.0,3.82,0,0,0.0,0.1,0,0,0,0,0,0,0,0.0,0,0,0,0,0,0,0,0,0,0,0,0,0,0,0,0,0,0,0,0,0,0.00,0,0,0,0,0,0.0,0.0,0.0,0.00,10,8,18,0,18,0,0,0,2.63,0.1,.966,0,0,61.2,0,0,13,13,4,3,2,1,3,1,2,0,0.0,-0.1
RF,Cy Williams,Cy,Williams,Aberfeldie Falcons,6' 2',180 lbs,L,L,69,Philadelphia Phillies,PHI,1927,1921-1945,,82718,Bronze,Veteran Presence  RF Cy Williams  PHI  1927,0,N,0,55,42,111,86,99,58,25,94,56,73,54,48,118,94,112,37,6,Flyball,Normal,Normal,1,1,1,1,1,1,1,1,1,1,1,1,16,-,-,-,-,-,-,-,-,-,-,-,1,NEU,89-91,OTT,Normal,1,23,-,-,-,10,1,9,6,44,68,96,-,-,-,-,-,-,-,27,64,10,-,-,-,-,-,-,27,64,20,13,6,25,3,2,9,9,2,1,0,0,1,2,1,0,0,0,0,0,0,1,0,1.1,0.28,1,0.2,0.0,3.67,0,0,0.0,0.0,0,0,0,0,0,0,0,0.0,0,0,0,0,0,0,0,0,0,0,0,0,0,0,0,0,0,0,0,0,0,0.00,0,0,0,0,0,0.0,0.0,0.0,0.00,2,2,5,0,5,0,0,0,2.50,0.1,1.019,0,0,18.0,0,0,3,3,2,2,1,0,0,0,0,0,0.0,-0.3
RF,Cy Williams,Cy,Williams,Allston Wolf Spiders,6' 2',180 lbs,L,L,69,Philadelphia Phillies,PHI,1927,1921-1945,,82718,Bronze,Veteran Presence  RF Cy Williams  PHI  1927,0,N,0,55,42,111,86,99,58,25,94,56,73,54,48,118,94,112,37,6,Flyball,Normal,Normal,1,1,1,1,1,1,1,1,1,1,1,1,16,-,-,-,-,-,-,-,-,-,-,-,1,NEU,89-91,OTT,Normal,1,23,-,-,-,10,1,9,6,44,68,96,-,-,-,-,-,-,-,27,64,10,-,-,-,-,-,-,27,64,20,13,6,25,7,6,21,21,2,1,1,0,0,0,1,0,0,0,0,0,0,5,0,0.3,-0.30,0,-3.4,-0.3,3.81,0,0,0.0,0.0,0,0,0,0,0,0,0,0.0,0,0,0,0,0,0,0,0,0,0,0,0,0,0,0,0,0,0,0,0,0,0.00,0,0,0,0,0,0.0,0.0,0.0,0.00,4,4,12,0,11,1,0,0,3.09,-0.3,.934,0,0,32.0,0,0,11,10,0,0,0,0,1,1,1,0,0.0,0.1
RF,Cy Williams,Cy,Williams,Brentwood Senators,6' 2',180 lbs,L,L,69,Philadelphia Phillies,PHI,1927,1921-1945,,82718,Bronze,Veteran Presence  RF Cy Williams  PHI  1927,0,N,0,55,42,111,86,99,58,25,94,56,73,54,48,118,94,112,37,6,Flyball,Normal,Normal,1,1,1,1,1,1,1,1,1,1,1,1,16,-,-,-,-,-,-,-,-,-,-,-,1,NEU,89-91,OTT,Normal,1,23,-,-,-,10,1,9,6,44,68,96,-,-,-,-,-,-,-,27,64,10,-,-,-,-,-,-,27,64,20,13,6,25,2,2,8,7,1,1,0,0,0,0,0,1,0,0,0,0,0,0,0,0.3,-0.16,0,-0.7,-0.0,2.50,0,0,0.0,0.0,0,0,0,0,0,0,0,0.0,0,0,0,0,0,0,0,0,0,0,0,0,0,0,0,0,0,0,0,0,0,0.00,0,0,0,0,0,0.0,0.0,0.0,0.00,2,2,4,0,4,0,0,0,2.12,0.1,1.019,0,0,17.0,0,0,4,4,0,0,0,0,0,0,0,0,0.0,0.0
RF,Cy Williams,Cy,Williams,Aurora Highlanders,6' 2',180 lbs,L,L,69,Philadelphia Phillies,PHI,1927,1921-1945,,82718,Bronze,Veteran Presence  RF Cy Williams  PHI  1927,0,N,0,55,42,111,86,99,58,25,94,56,73,54,48,118,94,112,37,6,Flyball,Normal,Normal,1,1,1,1,1,1,1,1,1,1,1,1,16,-,-,-,-,-,-,-,-,-,-,-,1,NEU,89-91,OTT,Normal,1,23,-,-,-,10,1,9,6,44,68,96,-,-,-,-,-,-,-,27,64,10,-,-,-,-,-,-,27,64,20,13,6,25,4,3,15,14,7,7,0,0,0,3,1,1,0,0,0,0,0,3,2,2.9,0.19,3,1.9,0.0,4.13,0,0,0.0,-0.5,0,0,0,0,0,0,0,0.0,0,0,0,0,0,0,0,0,0,0,0,0,0,0,0,0,0,0,0,0,0,0.00,0,0,0,0,0,0.0,0.0,0.0,0.00,3,3,9,0,9,0,0,0,2.89,-1.1,.917,0,0,28.0,0,0,7,6,4,2,2,1,2,0,4,0,0.0,-0.5
RF,Cy Williams,Cy,Williams,Beachcrest Blue Hornets,6' 2',180 lbs,L,L,69,Philadelphia Phillies,PHI,1927,1921-1945,,82718,Bronze,Veteran Presence  RF Cy Williams  PHI  1927,0,N,0,55,42,111,86,99,58,25,94,56,73,54,48,118,94,112,37,6,Flyball,Normal,Normal,1,1,1,1,1,1,1,1,1,1,1,1,16,-,-,-,-,-,-,-,-,-,-,-,1,NEU,89-91,OTT,Normal,1,23,-,-,-,10,1,9,6,44,68,96,-,-,-,-,-,-,-,27,64,10,-,-,-,-,-,-,27,64,20,13,6,25,1,1,4,4,1,1,0,0,0,0,1,0,0,0,0,0,0,0,1,0.0,-0.06,0,-0.3,-0.0,2.50,0,0,0.0,-0.0,0,0,0,0,0,0,0,0.0,0,0,0,0,0,0,0,0,0,0,0,0,0,0,0,0,0,0,0,0,0,0.00,0,0,0,0,0,0.0,0.0,0.0,0.00,1,1,1,0,1,0,0,0,1.00,-0.1,1.019,0,0,9.0,0,0,1,1,0,0,1,0,0,0,0,0,0.0,0.1
RF,Cy Williams,Cy,Williams,Columbus Evil Squirrels,6' 2',180 lbs,L,L,69,Philadelphia Phillies,PHI,1927,1921-1945,,82718,Bronze,Veteran Presence  RF Cy Williams  PHI  1927,0,N,0,55,42,111,86,99,58,25,94,56,73,54,48,118,94,112,37,6,Flyball,Normal,Normal,1,1,1,1,1,1,1,1,1,1,1,1,16,-,-,-,-,-,-,-,-,-,-,-,1,NEU,89-91,OTT,Normal,1,23,-,-,-,10,1,9,6,44,68,96,-,-,-,-,-,-,-,27,64,10,-,-,-,-,-,-,27,64,20,13,6,25,4,3,10,8,1,1,0,0,0,0,0,2,0,0,0,0,0,3,0,0.5,-0.19,0,-0.6,-0.1,3.80,0,0,0.0,0.0,0,0,0,0,0,0,0,0.0,0,0,0,0,0,0,0,0,0,0,0,0,0,0,0,0,0,0,0,0,0,0.00,0,0,0,0,0,0.0,0.0,0.0,0.00,3,3,6,0,6,0,0,0,2.45,-0.5,.874,0,0,22.0,0,0,6,5,1,1,0,0,0,0,1,0,0.0,-0.1
RF,Cy Williams,Cy,Williams,Bismarck Blizzard,6' 2',180 lbs,L,L,69,Philadelphia Phillies,PHI,1927,1921-1945,,82718,Bronze,Veteran Presence  RF Cy Williams  PHI  1927,0,N,0,55,42,111,86,99,58,25,94,56,73,54,48,118,94,112,37,6,Flyball,Normal,Normal,1,1,1,1,1,1,1,1,1,1,1,1,16,-,-,-,-,-,-,-,-,-,-,-,1,NEU,89-91,OTT,Normal,1,23,-,-,-,10,1,9,6,44,68,96,-,-,-,-,-,-,-,27,64,10,-,-,-,-,-,-,27,64,20,13,6,25,4,4,15,15,4,2,0,0,2,2,2,0,0,0,0,0,0,3,0,2.7,-0.13,2,1.1,-0.0,2.87,0,0,0.0,-0.1,0,0,0,0,0,0,0,0.0,0,0,0,0,0,0,0,0,0,0,0,0,0,0,0,0,0,0,0,0,0,0.00,0,0,0,0,0,0.0,0.0,0.0,0.00,4,4,7,0,5,2,0,0,1.36,-1.2,.728,0,0,33.0,0,0,5,3,2,2,0,0,0,0,4,0,0.0,-0.1
RF,Cy Williams,Cy,Williams,Columbus Fire Ants,6' 2',180 lbs,L,L,69,Philadelphia Phillies,PHI,1927,1921-1945,,82718,Bronze,Veteran Presence  RF Cy Williams  PHI  1927,0,N,0,55,42,111,86,99,58,25,94,56,73,54,48,118,94,112,37,6,Flyball,Normal,Normal,1,1,1,1,1,1,1,1,1,1,1,1,16,-,-,-,-,-,-,-,-,-,-,-,1,NEU,89-91,OTT,Normal,1,23,-,-,-,10,1,9,6,44,68,96,-,-,-,-,-,-,-,27,64,10,-,-,-,-,-,-,27,64,20,13,6,25,8,7,23,21,6,5,0,0,1,3,2,2,0,0,0,0,0,2,1,2.9,0.10,3,0.7,0.1,2.78,0,0,0.0,-0.6,0,0,0,0,0,0,0,0.0,0,0,0,0,0,0,0,0,0,0,0,0,0,0,0,0,0,0,0,0,0,0.00,0,0,0,0,0,0.0,0.0,0.0,0.00,7,7,16,1,15,0,0,0,2.53,0.1,1.038,0,0,57.0,0,0,13,13,3,2,1,1,4,0,2,0,0.0,0.1
RF,Cy Williams,Cy,Williams,Moncton Mosquitos,6' 2',180 lbs,L,L,69,Philadelphia Phillies,PHI,1927,1921-1945,,82718,Bronze,Veteran Presence  RF Cy Williams  PHI  1927,0,N,0,55,42,111,86,99,58,25,94,56,73,54,48,118,94,112,37,6,Flyball,Normal,Normal,1,1,1,1,1,1,1,1,1,1,1,1,16,-,-,-,-,-,-,-,-,-,-,-,1,NEU,89-91,OTT,Normal,1,23,-,-,-,10,1,9,6,44,68,96,-,-,-,-,-,-,-,27,64,10,-,-,-,-,-,-,27,64,20,13,6,25,4,4,12,10,2,1,0,1,0,2,0,1,0,0,0,1,0,3,0,1.2,0.06,1,-0.4,0.1,3.58,0,0,0.0,0.0,0,0,0,0,0,0,0,0.0,0,0,0,0,0,0,0,0,0,0,0,0,0,0,0,0,0,0,0,0,0,0.00,0,0,0,0,0,0.0,0.0,0.0,0.00,4,4,10,2,8,0,0,0,3.10,0.0,1.019,0,0,29.0,0,0,6,6,2,1,1,0,1,1,3,0,0.0,0.9
RF,Cy Williams,Cy,Williams,Honolulu Warriors - HotL,6' 2',180 lbs,L,L,69,Philadelphia Phillies,PHI,1927,1921-1945,,82718,Bronze,Veteran Presence  RF Cy Williams  PHI  1927,0,N,0,55,42,111,86,99,58,25,94,56,73,54,48,118,94,112,37,6,Flyball,Normal,Normal,1,1,1,1,1,1,1,1,1,1,1,1,16,-,-,-,-,-,-,-,-,-,-,-,1,NEU,89-91,OTT,Normal,1,23,-,-,-,10,1,9,6,44,68,96,-,-,-,-,-,-,-,27,64,10,-,-,-,-,-,-,27,64,20,13,6,25,10,10,39,38,12,10,0,0,2,8,4,1,1,0,0,0,0,3,1,5.5,0.27,5,0.9,0.0,3.31,0,0,0.0,-0.1,0,0,0,0,0,0,0,0.0,0,0,0,0,0,0,0,0,0,0,0,0,0,0,0,0,0,0,0,0,0,0.00,0,0,0,0,0,0.0,0.0,0.0,0.00,10,10,19,0,19,0,0,0,2.06,-1.2,.880,0,0,83.0,0,0,15,15,5,2,2,1,3,1,4,0,0.0,-0.1
RF,Cy Williams,Cy,Williams,Moonsault Collective MCs,6' 2',180 lbs,L,L,69,Philadelphia Phillies,PHI,1927,1921-1945,,82718,Bronze,Veteran Presence  RF Cy Williams  PHI  1927,0,N,0,55,42,111,86,99,58,25,94,56,73,54,48,118,94,112,37,6,Flyball,Normal,Normal,1,1,1,1,1,1,1,1,1,1,1,1,16,-,-,-,-,-,-,-,-,-,-,-,1,NEU,89-91,OTT,Normal,1,23,-,-,-,10,1,9,6,44,68,96,-,-,-,-,-,-,-,27,64,10,-,-,-,-,-,-,27,64,20,13,6,25,9,6,28,24,7,6,0,1,0,3,2,3,2,0,0,1,0,2,0,3.5,0.14,2,-0.7,0.1,3.18,0,0,0.0,0.1,0,0,0,0,0,0,0,0.0,0,0,0,0,0,0,0,0,0,0,0,0,0,0,0,0,0,0,0,0,0,0.00,0,0,0,0,0,0.0,0.0,0.0,0.00,6,6,18,1,16,1,0,0,3.00,0.6,1.019,0,0,51.0,0,0,11,11,5,4,0,0,2,0,2,1,0.0,0.5
RF,Cy Williams,Cy,Williams,Roseburg River Hawks,6' 2',180 lbs,L,L,69,Philadelphia Phillies,PHI,1927,1921-1945,,82718,Bronze,Veteran Presence  RF Cy Williams  PHI  1927,0,N,0,55,42,111,86,99,58,25,94,56,73,54,48,118,94,112,37,6,Flyball,Normal,Normal,1,1,1,1,1,1,1,1,1,1,1,1,16,-,-,-,-,-,-,-,-,-,-,-,1,NEU,89-91,OTT,Normal,1,23,-,-,-,10,1,9,6,44,68,96,-,-,-,-,-,-,-,27,64,10,-,-,-,-,-,-,27,64,20,13,6,25,6,6,25,25,5,2,1,0,2,3,3,0,0,0,0,0,0,2,0,2.4,-0.41,2,-0.3,0.0,3.44,0,0,0.0,0.0,0,0,0,0,0,0,0,0.0,0,0,0,0,0,0,0,0,0,0,0,0,0,0,0,0,0,0,0,0,0,0.00,0,0,0,0,0,0.0,0.0,0.0,0.00,6,6,13,0,13,0,0,0,2.21,-0.6,.941,0,0,53.0,0,0,11,11,2,1,3,1,1,0,3,0,0.0,0.4
RF,Cy Williams,Cy,Williams,Carlos Chaos Cats,6' 2',180 lbs,L,L,69,Philadelphia Phillies,PHI,1927,1921-1945,,82718,Bronze,Veteran Presence  RF Cy Williams  PHI  1927,0,N,0,55,42,111,86,99,58,25,94,56,73,54,48,118,94,112,37,6,Flyball,Normal,Normal,1,1,1,1,1,1,1,1,1,1,1,1,16,-,-,-,-,-,-,-,-,-,-,-,1,NEU,89-91,OTT,Normal,1,23,-,-,-,10,1,9,6,44,68,96,-,-,-,-,-,-,-,27,64,10,-,-,-,-,-,-,27,64,20,13,6,25,2,,2,2,0,0,0,0,0,0,0,0,0,0,0,0,0,1,0,0.0,-0.10,0,-0.5,-0.0,5.00,0,0,0.0,0.0,0,0,0,0,0,0,0,0.0,0,0,0,0,0,0,0,0,0,0,0,0,0,0,0,0,0,0,0,0,0,0.00,0,0,0,0,0,0.0,0.0,0.0,0.00,0,0,0,0,0,0,0,0,0.00,0.0,.000,0,0,0.0,0,0,0,0,0,0,0,0,0,0,0,0,0.0,0.0
RF,Cy Williams,Cy,Williams,Atlanta Braves TTC,6' 2',180 lbs,L,L,69,Philadelphia Phillies,PHI,1927,1921-1945,,82718,Bronze,Veteran Presence  RF Cy Williams  PHI  1927,0,N,0,55,42,111,86,99,58,25,94,56,73,54,48,118,94,112,37,6,Flyball,Normal,Normal,1,1,1,1,1,1,1,1,1,1,1,1,16,-,-,-,-,-,-,-,-,-,-,-,1,NEU,89-91,OTT,Normal,1,23,-,-,-,10,1,9,6,44,68,96,-,-,-,-,-,-,-,27,64,10,-,-,-,-,-,-,27,64,20,13,6,25,7,6,25,24,8,6,0,0,2,5,3,1,0,0,0,0,0,2,1,4.6,-0.15,5,2.1,0.3,3.52,0,0,0.0,0.0,0,0,0,0,0,0,0,0.0,0,0,0,0,0,0,0,0,0,0,0,0,0,0,0,0,0,0,0,0,0,0.00,0,0,0,0,0,0.0,0.0,0.0,0.00,6,6,19,0,19,0,0,0,3.35,0.2,1.019,0,0,51.0,0,0,16,16,3,1,0,0,5,1,2,1,0.0,0.1
RF,Cy Williams,Cy,Williams,Indiana Rhubarbs,6' 2',180 lbs,L,L,69,Philadelphia Phillies,PHI,1927,1921-1945,,82718,Bronze,Veteran Presence  RF Cy Williams  PHI  1927,0,N,0,55,42,111,86,99,58,25,94,56,73,54,48,118,94,112,37,6,Flyball,Normal,Normal,1,1,1,1,1,1,1,1,1,1,1,1,16,-,-,-,-,-,-,-,-,-,-,-,1,NEU,89-91,OTT,Normal,1,23,-,-,-,10,1,9,6,44,68,96,-,-,-,-,-,-,-,27,64,10,-,-,-,-,-,-,27,64,20,13,6,25,8,8,58,50,32,25,3,0,4,28,29,6,0,1,0,1,0,5,0,33.9,0.28,24,17.3,2.0,3.53,2,0,0.6,0.1,0,0,0,0,0,0,0,0.0,0,0,0,0,0,0,0,0,0,0,0,0,0,0,0,0,0,0,0,0,0,0.00,0,0,0,0,0,0.0,0.0,0.0,0.00,8,8,15,0,15,0,0,0,1.96,0.4,.956,0,0,69.0,0,0,11,11,3,3,0,0,1,0,3,1,0.0,0.2
RF,Cy Williams,Cy,Williams,Tegridy Farms Weed,6' 2',180 lbs,L,L,69,Philadelphia Phillies,PHI,1927,1921-1945,,82718,Bronze,Veteran Presence  RF Cy Williams  PHI  1927,0,N,0,55,42,111,86,99,58,25,94,56,73,54,48,118,94,112,37,6,Flyball,Normal,Normal,1,1,1,1,1,1,1,1,1,1,1,1,16,-,-,-,-,-,-,-,-,-,-,-,1,NEU,89-91,OTT,Normal,1,23,-,-,-,10,1,9,6,44,68,96,-,-,-,-,-,-,-,27,64,10,-,-,-,-,-,-,27,64,20,13,6,25,5,,6,5,0,0,0,0,0,1,0,0,0,0,0,1,0,2,0,0.0,-0.30,0,-1.5,-0.1,2.50,0,0,0.0,0.0,0,0,0,0,0,0,0,0.0,0,0,0,0,0,0,0,0,0,0,0,0,0,0,0,0,0,0,0,0,0,0.00,0,0,0,0,0,0.0,0.0,0.0,0.00,1,0,0,0,0,0,0,0,0.00,0.0,.000,0,0,2.2,0,0,0,0,0,0,0,0,0,0,0,0,0.0,0.0
RF,Cy Williams,Cy,Williams,Patchogue Pirates,6' 2',180 lbs,L,L,69,Philadelphia Phillies,PHI,1927,1921-1945,,82718,Bronze,Veteran Presence  RF Cy Williams  PHI  1927,0,N,0,55,42,111,86,99,58,25,94,56,73,54,48,118,94,112,37,6,Flyball,Normal,Normal,1,1,1,1,1,1,1,1,1,1,1,1,16,-,-,-,-,-,-,-,-,-,-,-,1,NEU,89-91,OTT,Normal,1,23,-,-,-,10,1,9,6,44,68,96,-,-,-,-,-,-,-,27,64,10,-,-,-,-,-,-,27,64,20,13,6,25,11,11,50,42,13,10,1,1,1,13,4,6,1,0,0,2,0,7,0,8.1,0.55,7,1.7,0.3,3.70,0,0,0.0,0.1,0,0,0,0,0,0,0,0.0,0,0,0,0,0,0,0,0,0,0,0,0,0,0,0,0,0,0,0,0,0,0.00,0,0,0,0,0,0.0,0.0,0.0,0.00,11,11,24,1,22,1,0,0,2.16,-0.6,1.019,0,0,95.2,0,0,19,19,4,1,5,1,0,0,8,1,0.0,0.3
RF,Cy Williams,Cy,Williams,Transylvania Counts,6' 2',180 lbs,L,L,69,Philadelphia Phillies,PHI,1927,1921-1945,,82718,Bronze,Veteran Presence  RF Cy Williams  PHI  1927,0,N,0,55,42,111,86,99,58,25,94,56,73,54,48,118,94,112,37,6,Flyball,Normal,Normal,1,1,1,1,1,1,1,1,1,1,1,1,16,-,-,-,-,-,-,-,-,-,-,-,1,NEU,89-91,OTT,Normal,1,23,-,-,-,10,1,9,6,44,68,96,-,-,-,-,-,-,-,27,64,10,-,-,-,-,-,-,27,64,20,13,6,25,3,1,5,5,2,1,0,0,1,3,1,0,0,0,0,0,0,2,0,2.0,0.54,1,1.1,0.1,3.80,0,0,0.0,0.0,0,0,0,0,0,0,0,0.0,0,0,0,0,0,0,0,0,0,0,0,0,0,0,0,0,0,0,0,0,0,0.00,0,0,0,0,0,0.0,0.0,0.0,0.00,2,1,2,0,2,0,0,0,2.57,-0.1,1.019,0,0,7.0,0,0,1,1,1,1,1,0,0,0,2,0,0.0,0.0
RF,Gus Williams,Gus,Williams,Ungentlemanly Fightin' Fellows TTC,6' 0',185 lbs,L,L,68,St. Louis Browns,BAL,1913,2026,,82893,Bronze,Unsung Heroes  RF Gus Williams  SLA  1913,0,N,0,77,88,82,80,77,61,68,68,71,61,82,94,86,83,82,27,9,Normal,Pull,Pull,1,1,1,2,1,1,1,2,1,1,2,2,16,-,-,-,-,-,-,-,-,-,-,-,1,NEU,90-92,OTT,Normal,1,23,-,-,-,1,5,3,10,54,65,79,-,-,-,-,-,-,-,-,65,-,-,-,-,-,-,-,-,65,87,88,86,85,3,3,12,12,2,2,0,0,0,1,1,0,0,0,0,0,0,3,0,0.3,-0.25,0,-1.5,-0.1,3.92,0,0,0.0,0.2,0,0,0,0,0,0,0,0.0,0,0,0,0,0,0,0,0,0,0,0,0,0,0,0,0,0,0,0,0,0,0.00,0,0,0,0,0,0.0,0.0,0.0,0.00,3,3,4,0,4,0,0,0,1.57,0.2,1.019,0,0,23.0,0,0,3,3,0,0,1,1,0,0,0,0,0.0,0.1
RF,Gus Williams,Gus,Williams,Port Townsend Wild Daphnes,6' 0',185 lbs,L,L,68,St. Louis Browns,BAL,1913,2026,,82893,Bronze,Unsung Heroes  RF Gus Williams  SLA  1913,0,N,0,77,88,82,80,77,61,68,68,71,61,82,94,86,83,82,27,9,Normal,Pull,Pull,1,1,1,2,1,1,1,2,1,1,2,2,16,-,-,-,-,-,-,-,-,-,-,-,1,NEU,90-92,OTT,Normal,1,23,-,-,-,1,5,3,10,54,65,79,-,-,-,-,-,-,-,-,65,-,-,-,-,-,-,-,-,65,87,88,86,85,19,10,48,45,13,9,1,0,3,11,7,1,0,1,0,1,0,7,0,7.5,0.16,7,1.9,0.3,3.52,0,0,0.0,0.4,0,0,0,0,0,0,0,0.0,0,0,0,0,0,0,0,0,0,0,0,0,0,0,0,0,0,0,0,0,0,0.00,0,0,0,0,0,0.0,0.0,0.0,0.00,10,8,16,0,16,0,0,0,2.09,-0.4,1.019,0,0,69.0,0,0,11,11,7,5,2,0,4,0,1,0,0.0,0.1
RF,Gus Williams,Gus,Williams,DongTan Milky,6' 0',185 lbs,L,L,68,St. Louis Browns,BAL,1913,2026,,82893,Bronze,Unsung Heroes  RF Gus Williams  SLA  1913,0,N,0,77,88,82,80,77,61,68,68,71,61,82,94,86,83,82,27,9,Normal,Pull,Pull,1,1,1,2,1,1,1,2,1,1,2,2,16,-,-,-,-,-,-,-,-,-,-,-,1,NEU,90-92,OTT,Normal,1,23,-,-,-,1,5,3,10,54,65,79,-,-,-,-,-,-,-,-,65,-,-,-,-,-,-,-,-,65,87,88,86,85,1,1,4,4,1,1,0,0,0,0,0,0,0,0,0,0,0,0,0,0.2,-0.02,0,-0.3,0.0,3.25,0,0,0.0,0.0,0,0,0,0,0,0,0,0.0,0,0,0,0,0,0,0,0,0,0,0,0,0,0,0,0,0,0,0,0,0,0.00,0,0,0,0,0,0.0,0.0,0.0,0.00,1,1,7,0,7,0,0,0,7.27,-0.0,1.019,0,0,8.2,0,0,6,6,2,1,0,0,0,0,0,0,0.0,0.2
RF,Gus Williams,Gus,Williams,London Majors,6' 0',185 lbs,L,L,68,St. Louis Browns,BAL,1913,2026,,82893,Bronze,Unsung Heroes  RF Gus Williams  SLA  1913,0,N,0,77,88,82,80,77,61,68,68,71,61,82,94,86,83,82,27,9,Normal,Pull,Pull,1,1,1,2,1,1,1,2,1,1,2,2,16,-,-,-,-,-,-,-,-,-,-,-,1,NEU,90-92,OTT,Normal,1,23,-,-,-,1,5,3,10,54,65,79,-,-,-,-,-,-,-,-,65,-,-,-,-,-,-,-,-,65,87,88,86,85,13,11,46,43,13,9,3,1,0,4,6,3,1,0,0,0,0,6,1,6.2,-0.07,6,0.7,0.3,3.35,1,0,0.3,0.8,0,0,0,0,0,0,0,0.0,0,0,0,0,0,0,0,0,0,0,0,0,0,0,0,0,0,0,0,0,0,0.00,0,0,0,0,0,0.0,0.0,0.0,0.00,11,11,25,2,23,0,0,0,2.39,-0.8,.975,0,0,94.0,0,0,18,16,7,5,3,1,4,1,2,0,0.0,0.7
RF,Gus Williams,Gus,Williams,Smyrna Stooges,6' 0',185 lbs,L,L,68,St. Louis Browns,BAL,1913,2026,,82893,Bronze,Unsung Heroes  RF Gus Williams  SLA  1913,0,N,0,77,88,82,80,77,61,68,68,71,61,82,94,86,83,82,27,9,Normal,Pull,Pull,1,1,1,2,1,1,1,2,1,1,2,2,16,-,-,-,-,-,-,-,-,-,-,-,1,NEU,90-92,OTT,Normal,1,23,-,-,-,1,5,3,10,54,65,79,-,-,-,-,-,-,-,-,65,-,-,-,-,-,-,-,-,65,87,88,86,85,3,2,8,8,1,0,0,0,1,1,1,0,0,0,0,0,0,1,0,0.5,-0.12,0,-0.3,-0.0,3.62,0,0,0.0,0.0,0,0,0,0,0,0,0,0.0,0,0,0,0,0,0,0,0,0,0,0,0,0,0,0,0,0,0,0,0,0,0.00,0,0,0,0,0,0.0,0.0,0.0,0.00,3,2,3,0,3,0,0,0,1.42,-0.1,1.019,0,0,19.0,0,0,3,3,0,0,1,0,0,0,0,0,0.0,-0.0
RF,Gus Williams,Gus,Williams,Honolulu Warriors - HotL,6' 0',185 lbs,L,L,68,St. Louis Browns,BAL,1913,2026,,82893,Bronze,Unsung Heroes  RF Gus Williams  SLA  1913,0,N,0,77,88,82,80,77,61,68,68,71,61,82,94,86,83,82,27,9,Normal,Pull,Pull,1,1,1,2,1,1,1,2,1,1,2,2,16,-,-,-,-,-,-,-,-,-,-,-,1,NEU,90-92,OTT,Normal,1,23,-,-,-,1,5,3,10,54,65,79,-,-,-,-,-,-,-,-,65,-,-,-,-,-,-,-,-,65,87,88,86,85,8,1,14,12,3,3,0,0,0,4,2,2,0,0,0,0,0,1,0,1.4,0.00,1,-0.1,0.2,3.36,1,0,0.3,0.6,0,0,0,0,0,0,0,0.0,0,0,0,0,0,0,0,0,0,0,0,0,0,0,0,0,0,0,0,0,0,0.00,0,0,0,0,0,0.0,0.0,0.0,0.00,2,1,6,0,6,0,0,0,3.06,0.4,1.019,0,0,17.2,0,0,3,3,3,3,0,0,0,0,0,0,0.0,0.2
RF,Gus Williams,Gus,Williams,Narragansett Wave,6' 0',185 lbs,L,L,68,St. Louis Browns,BAL,1913,2026,,82893,Bronze,Unsung Heroes  RF Gus Williams  SLA  1913,0,N,0,77,88,82,80,77,61,68,68,71,61,82,94,86,83,82,27,9,Normal,Pull,Pull,1,1,1,2,1,1,1,2,1,1,2,2,16,-,-,-,-,-,-,-,-,-,-,-,1,NEU,90-92,OTT,Normal,1,23,-,-,-,1,5,3,10,54,65,79,-,-,-,-,-,-,-,-,65,-,-,-,-,-,-,-,-,65,87,88,86,85,4,3,13,13,2,1,1,0,0,1,0,0,0,0,0,0,0,2,1,0.2,-0.07,0,-1.4,-0.1,3.62,0,0,0.0,0.0,0,0,0,0,0,0,0,0.0,0,0,0,0,0,0,0,0,0,0,0,0,0,0,0,0,0,0,0,0,0,0.00,0,0,0,0,0,0.0,0.0,0.0,0.00,3,3,4,0,3,1,0,0,1.00,0.1,1.019,0,0,27.0,0,0,3,3,0,0,0,0,0,0,0,0,0.0,-0.1
