POS,Name,First Name,Last Name,ORG,HT,WT,B,T,VAL,CTM,CFR,CYear,CEra,ST,CID,Tier,Title,L10,VAR,VLvl,BABIP,GAP,POW,EYE,K's,BA vL,GAP vL,POW vL,EYE vL,K vL,BA vR,GAP vR,POW vR,EYE vR,K vR,BUN,BFH,BBT,GBT,FBT,STU,CON,PBABIP,HRA,STU vL,CON vL,PBABIP vL,HRA vL,STU vR,CON vR,PBABIP vR,HRA vR,FB,CH,CB,SL,SI,SP,CT,FO,CC,SC,KC,KN,PIT,G/F,VELO,Slot,PT,STM,HLD,C ABI,C FRM,C ARM,IF RNG,IF ERR,IF ARM,TDP,OF RNG,OF ERR,OF ARM,P,C,1B,2B,3B,SS,LF,CF,RF,P Pot,C Pot,1B Pot,2B Pot,3B Pot,SS Pot,LF Pot,CF Pot,RF Pot,SPE,SR,STE,RUN,G,GS,PA,AB,H,1B_1,2B_1,3B_1,HR,RBI,R,BB,IBB,HP,SH,SF,CI,K,GIDP,RC,WPA,wRC,wRAA,WAR,PI/PA,SB,CS,wSB,UBR,G_1,GS_1,W,L,HLD_1,SD,MD,IP,BF,AB_1,1B_2,2B_2,3B_2,HR_1,R_1,ER,BB_1,IBB_1,K_1,HP_1,SH_1,SF_1,WP,BK,CI_1,DP,GF,IR,IRS,pLi,PI,GB,FB_1,SB_1,CS_1,WPA_1,WAR_1,rWAR,SIERA,G_2,GS_2,TC,A,PO,E,DP_1,TP,RNG,ZR,EFF,SBA,RTO,IP_1,PB,CER,BIZ-R,BIZ-Rm,BIZ-L,BIZ-Lm,BIZ-E,BIZ-Em,BIZ-U,BIZ-Um,BIZ-Z,BIZ-Zm,FRM,ARM
SP,Tyler Anderson,Tyler,Anderson,Chicago Rat Finks - HotL,6' 2',220 lbs,L,L,95,Los Angeles Dodgers,LAD,2022,2015+,CS,86151,Diamond,Clubhouse - Baseball Reference 5  SP Tyler Anderson  LAD  2022,0,N,0,1,3,1,3,1,1,3,1,3,1,2,3,1,3,1,21,1,Normal,Normal,Normal,63,132,133,119,65,145,122,115,62,128,136,124,38,84,63,54,63,-,87,-,-,-,-,-,6,FB,90-92,3/4,Normal,76,71,-,-,-,35,19,25,23,4,9,6,63,-,-,-,-,-,-,-,-,63,-,-,-,-,-,-,-,-,8,4,6,11,,,0,0,0,0,0,0,0,0,0,0,0,0,0,0,0,0,0,0.0,0.00,0,-0.0,0.0,0.00,0,0,0.0,0.0,1,1,0,1,0,0,0,6.1,28,25,6,2,0,0,4,4,2,0,2,0,0,1,0,0,0,0,0,0,0,0.66,105,3,13,1,0,-0.1,0.1,0.0,5.48,1,1,0,0,0,0,0,0,0.00,-0.1,.000,1,0,6.1,0,0,0,0,0,0,0,0,0,0,0,0,-0.1,0.0
SP,Tyler Anderson,Tyler,Anderson,Dry Creek Craw Daddies,6' 2',220 lbs,L,L,95,Los Angeles Dodgers,LAD,2022,2015+,CS,86151,Diamond,Clubhouse - Baseball Reference 5  SP Tyler Anderson  LAD  2022,0,N,0,1,3,1,3,1,1,3,1,3,1,2,3,1,3,1,21,1,Normal,Normal,Normal,63,132,133,119,65,145,122,115,62,128,136,124,38,84,63,54,63,-,87,-,-,-,-,-,6,FB,90-92,3/4,Normal,76,71,-,-,-,35,19,25,23,4,9,6,63,-,-,-,-,-,-,-,-,63,-,-,-,-,-,-,-,-,8,4,6,11,,,0,0,0,0,0,0,0,0,0,0,0,0,0,0,0,0,0,0.0,0.00,0,-0.0,0.0,0.00,0,0,0.0,0.0,1,1,0,0,0,0,0,6.0,26,25,6,1,1,0,1,1,0,0,4,0,1,0,0,0,0,0,0,0,0,1.00,106,6,8,0,0,0.2,0.3,0.3,3.70,1,1,2,0,1,1,0,0,1.50,0.0,.000,0,0,6.0,0,0,0,0,0,0,0,0,0,0,0,0,0.0,0.0
SP,Tyler Anderson,Tyler,Anderson,Texas Briskets,6' 2',220 lbs,L,L,95,Los Angeles Dodgers,LAD,2022,2015+,CS,86151,Diamond,Clubhouse - Baseball Reference 5  SP Tyler Anderson  LAD  2022,0,N,0,1,3,1,3,1,1,3,1,3,1,2,3,1,3,1,21,1,Normal,Normal,Normal,63,132,133,119,65,145,122,115,62,128,136,124,38,84,63,54,63,-,87,-,-,-,-,-,6,FB,90-92,3/4,Normal,76,71,-,-,-,35,19,25,23,4,9,6,63,-,-,-,-,-,-,-,-,63,-,-,-,-,-,-,-,-,8,4,6,11,,,0,0,0,0,0,0,0,0,0,0,0,0,0,0,0,0,0,0.0,0.00,0,-0.0,0.0,0.00,0,0,0.0,0.0,1,1,0,1,0,0,0,5.2,27,26,5,3,1,1,7,7,1,0,3,0,0,0,0,0,0,1,0,0,0,0.91,98,8,5,0,0,-0.3,0.0,-0.2,4.76,1,1,3,3,0,0,0,0,4.76,0.2,1.079,0,0,5.2,0,0,2,2,1,1,0,0,0,0,0,0,0.0,0.0
SP,Tyler Anderson,Tyler,Anderson,Toronto Terns PCK,6' 2',220 lbs,L,L,95,Los Angeles Dodgers,LAD,2022,2015+,CS,86151,Diamond,Clubhouse - Baseball Reference 5  SP Tyler Anderson  LAD  2022,0,N,0,1,3,1,3,1,1,3,1,3,1,2,3,1,3,1,21,1,Normal,Normal,Normal,63,132,133,119,65,145,122,115,62,128,136,124,38,84,63,54,63,-,87,-,-,-,-,-,6,FB,90-92,3/4,Normal,76,71,-,-,-,35,19,25,23,4,9,6,63,-,-,-,-,-,-,-,-,63,-,-,-,-,-,-,-,-,8,4,6,11,,,0,0,0,0,0,0,0,0,0,0,0,0,0,0,0,0,0,0.0,0.00,0,-0.0,0.0,0.00,0,0,0.0,0.0,1,1,1,0,0,0,0,6.1,29,27,6,1,0,0,3,3,2,0,6,0,0,0,1,0,0,0,0,0,0,0.87,105,6,7,1,0,0.1,0.3,0.1,3.74,1,1,2,0,0,2,0,0,0.00,-0.6,.000,1,0,6.1,0,0,1,0,0,0,0,0,0,0,0,0,0.0,0.0
SP,Tyler Anderson,Tyler,Anderson,Sixes Tornadoes,6' 2',220 lbs,L,L,95,Los Angeles Dodgers,LAD,2022,2015+,CS,86151,Diamond,Clubhouse - Baseball Reference 5  SP Tyler Anderson  LAD  2022,0,N,0,1,3,1,3,1,1,3,1,3,1,2,3,1,3,1,21,1,Normal,Normal,Normal,63,132,133,119,65,145,122,115,62,128,136,124,38,84,63,54,63,-,87,-,-,-,-,-,6,FB,90-92,3/4,Normal,76,71,-,-,-,35,19,25,23,4,9,6,63,-,-,-,-,-,-,-,-,63,-,-,-,-,-,-,-,-,8,4,6,11,,,0,0,0,0,0,0,0,0,0,0,0,0,0,0,0,0,0,0.0,0.00,0,-0.0,0.0,0.00,0,0,0.0,0.0,1,1,0,1,0,0,0,5.2,26,24,9,1,0,0,6,6,1,0,4,0,0,1,0,0,0,0,0,0,0,1.08,104,4,7,0,0,-0.2,0.2,-0.2,4.12,1,1,1,1,0,0,0,0,1.59,0.0,.000,0,0,5.2,0,0,0,0,0,0,0,0,0,0,0,0,0.0,0.0
SP,Tyler Anderson,Tyler,Anderson,False Hustle,6' 2',220 lbs,L,L,95,Los Angeles Dodgers,LAD,2022,2015+,CS,86151,Diamond,Clubhouse - Baseball Reference 5  SP Tyler Anderson  LAD  2022,0,N,0,1,3,1,3,1,1,3,1,3,1,2,3,1,3,1,21,1,Normal,Normal,Normal,63,132,133,119,65,145,122,115,62,128,136,124,38,84,63,54,63,-,87,-,-,-,-,-,6,FB,90-92,3/4,Normal,76,71,-,-,-,35,19,25,23,4,9,6,63,-,-,-,-,-,-,-,-,63,-,-,-,-,-,-,-,-,8,4,6,11,,,0,0,0,0,0,0,0,0,0,0,0,0,0,0,0,0,0,0.0,0.00,0,-0.0,0.0,0.00,0,0,0.0,0.0,1,1,0,1,0,0,0,4.0,22,19,4,1,0,2,6,5,3,0,2,0,0,0,0,0,0,1,0,0,0,1.25,94,7,2,0,0,-0.5,-0.2,-0.2,6.19,1,1,2,1,1,0,0,0,4.50,0.1,1.079,0,0,4.0,0,0,1,1,0,0,0,0,0,0,0,0,0.0,0.0
SP,Tyler Anderson,Tyler,Anderson,Sydney Whalers,6' 2',220 lbs,L,L,95,Los Angeles Dodgers,LAD,2022,2015+,CS,86151,Diamond,Clubhouse - Baseball Reference 5  SP Tyler Anderson  LAD  2022,0,N,0,1,3,1,3,1,1,3,1,3,1,2,3,1,3,1,21,1,Normal,Normal,Normal,63,132,133,119,65,145,122,115,62,128,136,124,38,84,63,54,63,-,87,-,-,-,-,-,6,FB,90-92,3/4,Normal,76,71,-,-,-,35,19,25,23,4,9,6,63,-,-,-,-,-,-,-,-,63,-,-,-,-,-,-,-,-,8,4,6,11,,,0,0,0,0,0,0,0,0,0,0,0,0,0,0,0,0,0,0.0,0.00,0,-0.0,0.0,0.00,0,0,0.0,0.0,1,1,0,1,0,0,0,7.0,30,29,6,2,0,1,2,2,1,0,3,0,0,0,0,0,0,1,0,0,0,0.75,109,9,8,0,0,0.0,0.1,0.3,4.88,1,1,1,1,0,0,0,0,1.29,0.1,1.079,0,0,7.0,0,0,1,1,0,0,0,0,0,0,0,0,-0.1,0.0
SP,Tyler Anderson,Tyler,Anderson,Orlando Heatstrokes,6' 2',220 lbs,L,L,95,Los Angeles Dodgers,LAD,2022,2015+,CS,86151,Diamond,Clubhouse - Baseball Reference 5  SP Tyler Anderson  LAD  2022,0,N,0,1,3,1,3,1,1,3,1,3,1,2,3,1,3,1,21,1,Normal,Normal,Normal,63,132,133,119,65,145,122,115,62,128,136,124,38,84,63,54,63,-,87,-,-,-,-,-,6,FB,90-92,3/4,Normal,76,71,-,-,-,35,19,25,23,4,9,6,63,-,-,-,-,-,-,-,-,63,-,-,-,-,-,-,-,-,8,4,6,11,,,0,0,0,0,0,0,0,0,0,0,0,0,0,0,0,0,0,0.0,0.00,0,-0.0,0.0,0.00,0,0,0.0,0.0,1,1,0,1,0,0,0,5.0,22,22,4,1,0,2,6,6,0,0,6,0,0,0,0,0,0,0,0,0,0,1.02,83,1,8,0,0,-0.4,-0.0,-0.2,1.12,1,1,0,0,0,0,0,0,0.00,0.0,.000,0,0,5.0,0,0,0,0,0,0,0,0,0,0,0,0,0.0,0.0
SP,Tyler Anderson,Tyler,Anderson,Houston Swangas,6' 2',220 lbs,L,L,95,Los Angeles Dodgers,LAD,2022,2015+,CS,86151,Diamond,Clubhouse - Baseball Reference 5  SP Tyler Anderson  LAD  2022,0,N,0,1,3,1,3,1,1,3,1,3,1,2,3,1,3,1,21,1,Normal,Normal,Normal,63,132,133,119,65,145,122,115,62,128,136,124,38,84,63,54,63,-,87,-,-,-,-,-,6,FB,90-92,3/4,Normal,76,71,-,-,-,35,19,25,23,4,9,6,63,-,-,-,-,-,-,-,-,63,-,-,-,-,-,-,-,-,8,4,6,11,,,0,0,0,0,0,0,0,0,0,0,0,0,0,0,0,0,0,0.0,0.00,0,-0.0,0.0,0.00,0,0,0.0,0.0,3,3,1,1,0,0,0,22.1,92,88,19,2,1,2,6,6,3,0,10,0,0,1,0,0,0,2,0,0,0,0.92,328,21,32,0,0,0.3,0.4,1.0,4.78,3,3,8,2,6,0,0,0,3.22,0.2,2.158,0,0,22.1,0,0,3,3,1,0,0,0,0,0,0,0,0.0,0.0
SP,Dan Bankhead,Dan,Bankhead,Watertown Sword Guys TBD,6' 1',185 lbs,R,R,74,Memphis Red Sox,MRS,1946,1946-1960,,84884,Silver,Celebrating 42 - Negro League Star  SP Dan Bankhead  MRS  1946,0,N,0,75,70,69,64,35,75,70,70,64,36,75,70,69,64,35,37,17,Normal,Spray,Spray,116,58,72,110,109,57,72,105,122,59,73,114,100,120,123,100,-,-,-,-,-,-,-,-,4,NEU,90-92,3/4,Normal,74,60,1,1,1,29,46,33,23,72,59,59,80,-,-,-,-,-,-,-,-,80,-,-,-,-,-,-,-,-,35,3,11,28,,,0,0,0,0,0,0,0,0,0,0,0,0,0,0,0,0,0,0.0,0.00,0,-0.0,0.0,0.00,0,0,0.0,0.0,2,0,0,0,0,1,0,4.0,20,17,2,0,0,1,4,3,3,0,3,0,0,0,0,0,0,0,1,0,0,0.72,79,3,6,0,0,0.0,-0.1,-0.2,5.50,2,0,0,0,0,0,0,0,0.00,0.0,.000,0,0,4.0,0,0,0,0,0,0,0,0,0,0,0,0,0.0,0.0
SP,Jesse Barnes,Jesse,Barnes,Dubuque Packers,6' 0',170 lbs,L,R,88,New York Giants,SFG,1919,2026,,82689,Gold,Hardware Heroes  SP Jesse Barnes  NY1  1919,0,N,0,36,62,5,27,41,25,44,8,25,34,40,66,4,28,44,62,84,Normal,Normal,Normal,55,141,94,77,50,131,62,84,60,150,121,73,68,79,52,-,-,-,-,-,-,-,-,-,3,GB,90-92,3/4,GB'er,87,98,-,-,-,27,42,32,28,1,4,7,77,-,-,-,-,-,-,-,-,77,-,-,-,-,-,-,-,-,65,76,64,60,,,0,0,0,0,0,0,0,0,0,0,0,0,0,0,0,0,0,0.0,0.00,0,-0.0,0.0,0.00,0,0,0.0,0.0,2,0,0,0,1,0,0,1.1,5,5,1,0,0,0,0,0,0,0,0,0,0,0,0,0,0,0,1,1,0,0.98,22,1,3,0,0,0.0,0.0,0.1,5.82,2,0,0,0,0,0,0,0,0.00,0.0,.000,0,0,1.1,0,0,0,0,0,0,0,0,0,0,0,0,0.0,0.0
SP,Dave Barnhill,Dave,Barnhill,Chicago Gamblers - E6,5' 6',170 lbs,S,R,99,New York Cubans,NYC,1941,1921-1945,CS,85890,Diamond,Clubhouse - Negro League Star  SP Dave Barnhill  NYC  1941,0,N,0,109,74,1,101,81,105,71,1,104,84,111,75,1,100,80,75,44,Groundball,Normal,Pull,122,119,119,74,120,117,123,68,124,122,116,77,101,109,117,96,-,-,115,-,-,-,-,-,5,NEU,90-92,3/4,Normal,98,60,1,1,1,29,32,29,25,1,8,1,71,-,31,-,-,-,-,-,-,71,-,31,-,-,-,-,-,-,40,4,6,51,,,0,0,0,0,0,0,0,0,0,0,0,0,0,0,0,0,0,0.0,0.00,0,-0.0,0.0,0.00,0,0,0.0,0.0,3,3,1,0,0,0,0,20.0,80,75,8,1,0,5,9,9,4,0,24,1,0,0,1,0,0,0,0,0,0,0.89,304,16,19,1,0,-0.0,0.1,0.4,2.27,3,3,1,0,1,0,0,0,0.45,-0.1,.000,1,0,20.0,0,0,0,0,0,0,0,0,0,0,0,0,-0.4,0.0
SP,Dave Barnhill,Dave,Barnhill,Sydney Whalers,5' 6',170 lbs,S,R,99,New York Cubans,NYC,1941,1921-1945,CS,85890,Diamond,Clubhouse - Negro League Star  SP Dave Barnhill  NYC  1941,0,N,0,109,74,1,101,81,105,71,1,104,84,111,75,1,100,80,75,44,Groundball,Normal,Pull,122,119,119,74,120,117,123,68,124,122,116,77,101,109,117,96,-,-,115,-,-,-,-,-,5,NEU,90-92,3/4,Normal,98,60,1,1,1,29,32,29,25,1,8,1,71,-,31,-,-,-,-,-,-,71,-,31,-,-,-,-,-,-,40,4,6,51,,,0,0,0,0,0,0,0,0,0,0,0,0,0,0,0,0,0,0.0,0.00,0,-0.0,0.0,0.00,0,0,0.0,0.0,1,1,1,0,0,0,0,9.0,31,31,4,1,1,0,1,1,0,0,9,0,0,0,0,0,0,1,0,0,0,0.68,111,9,7,0,0,0.2,0.6,0.6,1.96,1,1,3,1,2,0,0,0,3.00,0.1,1.079,0,0,9.0,0,0,1,1,0,0,0,0,0,0,0,0,0.0,0.0
SP,Dave Barnhill,Dave,Barnhill,Waltham River Otters,5' 6',170 lbs,S,R,99,New York Cubans,NYC,1941,1921-1945,CS,85890,Diamond,Clubhouse - Negro League Star  SP Dave Barnhill  NYC  1941,0,N,0,109,74,1,101,81,105,71,1,104,84,111,75,1,100,80,75,44,Groundball,Normal,Pull,122,119,119,74,120,117,123,68,124,122,116,77,101,109,117,96,-,-,115,-,-,-,-,-,5,NEU,90-92,3/4,Normal,98,60,1,1,1,29,32,29,25,1,8,1,71,-,31,-,-,-,-,-,-,71,-,31,-,-,-,-,-,-,40,4,6,51,,,0,0,0,0,0,0,0,0,0,0,0,0,0,0,0,0,0,0.0,0.00,0,-0.0,0.0,0.00,0,0,0.0,0.0,4,4,0,1,0,0,0,27.2,112,104,10,2,0,11,18,18,7,0,27,0,1,0,1,0,0,2,0,0,0,1.02,411,24,29,1,0,-0.5,-0.4,0.0,3.18,4,4,2,1,1,0,0,0,0.65,-0.5,.539,1,0,27.2,0,0,2,1,0,0,0,0,0,0,0,0,-0.4,0.0
SP,Brandon Beachy,Brandon,Beachy,Winnipeg Brew Jays - HotL,6' 2',220 lbs,R,R,67,Atlanta Braves,ATL,2012,2005-2014,LE,86684,Bronze,Limited Edition/81  SP Brandon Beachy  ATL  2012,0,N,0,3,4,1,4,1,3,4,1,4,2,3,4,1,4,1,29,1,Normal,Spray,Spray,75,68,150,107,75,50,155,150,75,79,146,75,90,82,65,86,-,-,-,-,-,-,-,-,4,FB,90-92,OTT,Normal,64,52,-,-,-,27,20,23,23,10,7,7,55,-,-,-,-,-,-,-,-,55,-,-,-,-,-,-,-,-,17,5,6,30,,,0,0,0,0,0,0,0,0,0,0,0,0,0,0,0,0,0,0.0,0.00,0,-0.0,0.0,0.00,0,0,0.0,0.0,3,0,0,0,0,0,0,7.1,30,27,2,3,0,1,3,3,3,0,6,0,0,0,0,0,0,1,1,1,0,0.22,125,6,9,1,0,0.0,-0.0,0.1,4.17,3,0,3,1,2,0,0,0,3.68,-0.1,1.079,1,0,7.1,0,0,1,1,0,0,0,0,0,0,0,0,0.0,0.0
SP,Brandon Beachy,Brandon,Beachy,Kansas City Torrent - JW,6' 2',220 lbs,R,R,67,Atlanta Braves,ATL,2012,2005-2014,LE,86684,Bronze,Limited Edition/81  SP Brandon Beachy  ATL  2012,46 491,N,0,3,4,1,4,1,3,4,1,4,2,3,4,1,4,1,29,1,Normal,Spray,Spray,75,68,150,107,75,50,155,150,75,79,146,75,90,82,65,86,-,-,-,-,-,-,-,-,4,FB,90-92,OTT,Normal,64,52,-,-,-,27,20,23,23,10,7,7,55,-,-,-,-,-,-,-,-,55,-,-,-,-,-,-,-,-,17,5,6,30,,,0,0,0,0,0,0,0,0,0,0,0,0,0,0,0,0,0,0.0,0.00,0,-0.0,0.0,0.00,0,0,0.0,0.0,3,0,0,0,0,1,0,2.2,12,10,0,2,0,0,0,0,2,0,1,0,0,0,0,0,0,0,3,0,0,2.06,52,1,6,0,0,0.1,-0.0,0.2,6.31,3,0,0,0,0,0,0,0,0.00,0.0,.000,0,0,2.2,0,0,0,0,0,0,0,0,0,0,0,0,0.0,0.0
SP,Shane Bieber,Shane,Bieber,Grand Rapids Warriors,6' 3',200 lbs,R,R,94,Cleveland,CLE,2021,2015+,BBR,83867,Diamond,Baseball Reference 1  SP Shane Bieber  CLE  2021,0,N,0,1,3,1,2,1,1,3,1,3,1,1,3,1,2,1,30,35,Normal,Spray,Spray,138,78,97,84,147,71,95,81,131,83,100,88,57,128,86,118,-,-,105,-,-,-,-,-,5,NEU,92-94,3/4,Normal,75,53,-,-,-,28,22,24,23,5,10,10,58,-,-,-,-,-,-,-,-,58,-,-,-,-,-,-,-,-,6,4,6,7,,,0,0,0,0,0,0,0,0,0,0,0,0,0,0,0,0,0,0.0,0.00,0,-0.0,0.0,0.00,0,0,0.0,0.0,1,1,0,0,0,0,0,5.1,25,24,7,1,0,1,4,4,0,0,4,0,1,0,0,0,0,0,0,0,0,1.15,111,3,9,0,0,-0.2,0.1,-0.0,3.30,1,1,1,1,0,0,0,0,1.69,0.1,1.079,0,0,5.1,0,0,1,1,0,0,0,0,0,0,0,0,0.0,0.0
SP,Tommy Bridges,Tommy,Bridges,Grand Rapids Warriors,5' 10',155 lbs,R,R,90,Detroit Tigers,DET,1939,1921-1945,,83901,Diamond,Historical All-Star  SP Tommy Bridges  DET  1939,0,N,0,27,35,4,41,15,24,41,4,41,9,28,33,4,41,17,73,55,Normal,Normal,Normal,128,81,82,85,129,86,78,37,127,76,86,118,106,110,88,-,-,-,-,-,-,141,-,-,4,NEU,92-94,OTT,Normal,79,115,-,-,-,25,29,25,22,3,8,5,61,-,-,-,-,-,-,-,-,61,-,-,-,-,-,-,-,-,16,5,6,26,,,0,0,0,0,0,0,0,0,0,0,0,0,0,0,0,0,0,0.0,0.00,0,-0.0,0.0,0.00,0,0,0.0,0.0,1,1,0,1,0,0,0,7.2,28,28,3,1,0,1,2,2,0,0,7,0,0,0,0,0,0,0,0,0,0,1.10,112,10,6,0,0,0.0,0.2,0.3,2.61,1,1,4,2,2,0,0,0,4.70,0.1,1.079,0,0,7.2,0,0,2,2,0,0,0,0,0,0,0,0,-0.1,0.0
SP,Barney Brown,Barney,Brown,Youngstown Ironmen,5' 11',160 lbs,L,L,93,New York Black Yankees,NYBY,1937,1921-1945,,84528,Diamond,Negro League Star  SP Barney Brown  NYBY  1937,0,N,0,83,73,82,87,73,69,61,61,86,61,88,77,88,88,77,58,29,Normal,Spray,Normal,85,89,87,97,84,93,55,105,85,88,97,95,84,117,88,-,-,-,-,-,-,84,-,-,4,NEU,89-91,3/4,Normal,66,60,-,-,-,29,53,36,25,72,59,59,84,-,-,-,-,-,79,57,72,84,-,-,-,-,-,79,57,72,38,3,11,28,,,0,0,0,0,0,0,0,0,0,0,0,0,0,0,0,0,0,0.0,0.00,0,-0.0,0.0,0.00,0,0,0.0,0.0,1,1,0,0,0,0,0,4.0,20,19,3,1,1,2,5,5,1,0,5,0,0,0,0,0,0,0,0,0,0,0.68,80,6,1,0,0,-0.3,-0.1,-0.2,3.47,1,1,1,1,0,0,0,0,2.25,0.1,1.079,0,0,4.0,0,0,0,0,0,0,1,1,0,0,0,0,0.0,0.0
SP,Dave Brown,Dave,Brown,Northville Stallions,5' 11',165 lbs,L,L,89,Chicago American Giants,CAG,1919,2026,,84506,Gold,Negro League Star  SP Dave Brown  CAG  1919,0,N,0,23,59,3,62,36,23,58,3,62,36,24,60,4,63,37,43,13,Normal,Spray,Pull,103,79,80,92,106,81,80,94,102,79,81,92,80,127,100,-,104,-,-,-,-,-,-,-,4,NEU,88-90,3/4,Normal,83,60,1,1,1,29,26,27,25,53,59,65,64,-,-,-,-,-,-,-,56,64,-,-,-,-,-,-,-,56,8,4,6,28,,,0,0,0,0,0,0,0,0,0,0,0,0,0,0,0,0,0,0.0,0.00,0,-0.0,0.0,0.00,0,0,0.0,0.0,1,1,0,1,0,0,0,6.2,30,28,4,0,0,2,3,3,2,0,6,0,0,0,0,0,0,0,0,0,0,0.91,112,7,7,0,0,-0.1,-0.0,0.1,3.82,1,1,1,1,0,0,0,0,1.35,0.1,1.079,0,0,6.2,0,0,1,1,0,0,0,0,0,0,0,0,0.0,0.0
SP,Dave Brown,Dave,Brown,seebal Saeki,5' 11',165 lbs,L,L,89,Chicago American Giants,CAG,1919,2026,,84506,Gold,Negro League Star  SP Dave Brown  CAG  1919,0,N,0,23,59,3,62,36,23,58,3,62,36,24,60,4,63,37,43,13,Normal,Spray,Pull,103,79,80,92,106,81,80,94,102,79,81,92,80,127,100,-,104,-,-,-,-,-,-,-,4,NEU,88-90,3/4,Normal,83,60,1,1,1,29,26,27,25,53,59,65,64,-,-,-,-,-,-,-,56,64,-,-,-,-,-,-,-,56,8,4,6,28,,,0,0,0,0,0,0,0,0,0,0,0,0,0,0,0,0,0,0.0,0.00,0,-0.0,0.0,0.00,0,0,0.0,0.0,1,1,0,0,0,0,0,6.0,24,20,3,1,0,0,1,1,3,0,4,0,1,0,0,0,0,1,0,0,0,1.35,109,5,8,0,0,0.2,0.1,0.3,4.95,1,1,1,1,0,0,0,0,1.50,0.1,1.079,0,0,6.0,0,0,1,1,0,0,0,0,0,0,0,0,0.1,0.0
SP,Dave Brown,Dave,Brown,New York Jackhammers,5' 11',165 lbs,L,L,89,Chicago American Giants,CAG,1919,2026,,84506,Gold,Negro League Star  SP Dave Brown  CAG  1919,0,Y,5,26,65,5,68,40,26,64,5,68,40,28,66,6,69,41,43,13,Normal,Spray,Pull,111,86,87,100,115,88,87,102,110,86,88,100,80,127,100,-,104,-,-,-,-,-,-,-,4,NEU,88-90,3/4,Normal,83,60,1,1,1,29,26,27,25,53,59,65,69,-,-,-,-,-,-,-,60,69,-,-,-,-,-,-,-,60,8,4,6,28,,,0,0,0,0,0,0,0,0,0,0,0,0,0,0,0,0,0,0.0,0.00,0,-0.0,0.0,0.00,0,0,0.0,0.0,2,2,1,1,0,0,0,12.2,55,51,13,1,0,1,6,6,3,0,8,1,0,0,0,0,0,1,0,0,0,1.36,219,16,12,0,1,0.2,0.2,0.2,4.45,2,2,2,2,0,0,0,0,1.42,0.4,1.079,1,1,12.2,0,0,1,1,0,0,0,0,0,0,0,0,-0.1,0.0
SP,Mark Buehrle,Mark,Buehrle,Numenor Faithful,6' 2',240 lbs,L,L,84,Chicago White Sox,CHW,2001,1993-2004,,85915,Gold,FLF 14 & Co. - Snapshot  SP Mark Buehrle  CWS  2001,0,N,0,1,3,1,3,1,1,3,1,3,1,1,3,1,4,2,24,1,Normal,Normal,Normal,62,127,140,76,75,130,144,71,55,126,138,77,64,76,85,64,-,-,47,-,-,-,-,-,5,NEU,89-91,3/4,Normal,97,66,-,-,-,75,73,79,79,9,5,2,130,-,-,-,-,-,-,-,-,130,-,-,-,-,-,-,-,-,9,5,6,13,,,0,0,0,0,0,0,0,0,0,0,0,0,0,0,0,0,0,0.0,0.00,0,-0.0,0.0,0.00,0,0,0.0,0.0,1,1,0,0,0,0,0,7.0,32,31,8,1,1,0,2,2,1,0,0,0,0,0,0,0,0,0,0,0,0,1.32,103,7,14,1,0,0.0,0.1,0.3,6.63,1,1,2,2,0,0,0,0,2.57,-0.0,1.079,1,0,7.0,0,0,2,2,0,0,0,0,0,0,0,0,0.0,0.0
SP,Madison Bumgarner,Madison,Bumgarner,seebal Saeki,6' 4',260 lbs,R,L,88,San Francisco Giants,SFG,2017,2015+,,84660,Gold,Opening Day Heroes - Snapshot  SP Madison Bumgarner  SF  2017,0,N,0,55,26,126,56,35,55,30,131,83,35,55,25,124,38,36,27,10,Flyball,Spray,Spray,92,108,87,81,79,104,85,120,97,109,87,74,83,98,97,-,-,-,123,-,-,-,-,-,4,FB,89-91,3/4,Normal,93,59,-,-,-,26,20,23,23,1,6,2,53,-,-,-,-,-,-,-,-,53,-,-,-,-,-,-,-,-,5,4,6,5,,,0,0,0,0,0,0,0,0,0,0,0,0,0,0,0,0,0,0.0,0.00,0,-0.0,0.0,0.00,0,0,0.0,0.0,1,1,0,1,0,0,0,5.1,26,26,7,1,0,2,6,6,0,0,5,0,0,0,0,0,0,1,0,0,0,0.80,94,6,5,0,0,-0.3,-0.0,-0.2,3.17,1,1,0,0,0,0,0,0,0.00,0.0,.000,0,0,5.1,0,0,0,0,0,0,0,0,0,0,0,0,0.0,0.0
SP,Madison Bumgarner,Madison,Bumgarner,Dubuque Packers,6' 4',260 lbs,R,L,88,San Francisco Giants,SFG,2017,2015+,,84660,Gold,Opening Day Heroes - Snapshot  SP Madison Bumgarner  SF  2017,0,N,0,55,26,126,56,35,55,30,131,83,35,55,25,124,38,36,27,10,Flyball,Spray,Spray,92,108,87,81,79,104,85,120,97,109,87,74,83,98,97,-,-,-,123,-,-,-,-,-,4,FB,89-91,3/4,Normal,93,59,-,-,-,26,20,23,23,1,6,2,53,-,-,-,-,-,-,-,-,53,-,-,-,-,-,-,-,-,5,4,6,5,,,0,0,0,0,0,0,0,0,0,0,0,0,0,0,0,0,0,0.0,0.00,0,-0.0,0.0,0.00,0,0,0.0,0.0,1,1,0,1,0,0,0,3.0,14,14,3,1,0,1,4,4,0,0,4,0,0,0,0,0,0,0,0,0,0,0.81,57,2,3,1,0,-0.3,0.0,-0.2,1.81,1,1,0,0,0,0,0,0,0.00,-0.1,.000,1,0,3.0,0,0,0,0,0,0,0,0,0,0,0,0,-0.1,0.0
SP,Madison Bumgarner,Madison,Bumgarner,Jeju City Foxes,6' 4',260 lbs,R,L,88,San Francisco Giants,SFG,2017,2015+,,84660,Gold,Opening Day Heroes - Snapshot  SP Madison Bumgarner  SF  2017,0,N,0,55,26,126,56,35,55,30,131,83,35,55,25,124,38,36,27,10,Flyball,Spray,Spray,92,108,87,81,79,104,85,120,97,109,87,74,83,98,97,-,-,-,123,-,-,-,-,-,4,FB,89-91,3/4,Normal,93,59,-,-,-,26,20,23,23,1,6,2,53,-,-,-,-,-,-,-,-,53,-,-,-,-,-,-,-,-,5,4,6,5,,,0,0,0,0,0,0,0,0,0,0,0,0,0,0,0,0,0,0.0,0.00,0,-0.0,0.0,0.00,0,0,0.0,0.0,1,1,0,1,0,0,0,4.2,22,21,2,1,1,1,4,1,0,0,2,1,0,0,0,0,0,0,0,0,0,1.05,72,6,6,0,0,-0.2,-0.0,-0.1,4.66,1,1,1,0,1,0,0,0,1.93,0.0,.000,0,0,4.2,0,0,0,0,0,0,0,0,0,0,0,0,-0.1,0.0
SP,A.J. Burnett,A.J.,Burnett,Watertown Sword Guys TBD,6' 4',225 lbs,R,R,86,Florida Marlins,FLA,2002,1993-2004,BBR,85694,Gold,June Gems - Baseball Reference 3  SP A.J. Burnett  FLO  2002,0,Y,5,11,38,21,31,13,11,25,20,23,12,11,41,22,34,14,73,7,Normal,Spray,Spray,130,62,94,130,130,57,60,135,130,66,121,128,99,124,115,-,-,-,-,-,-,-,122,-,4,NEU,89-91,3/4,Normal,86,86,-,-,-,27,13,21,23,3,1,4,51,-,-,-,-,-,-,-,-,51,-,-,-,-,-,-,-,-,9,5,6,13,,,0,0,0,0,0,0,0,0,0,0,0,0,0,0,0,0,0,0.0,0.00,0,-0.0,0.0,0.00,0,0,0.0,0.0,2,2,0,1,0,0,0,10.1,48,43,9,1,0,2,6,6,3,0,9,1,1,0,0,0,0,0,0,0,0,1.00,191,12,10,1,0,-0.2,0.0,0.1,3.94,2,2,3,2,1,0,0,0,2.61,0.0,1.079,1,0,10.1,0,0,0,0,2,2,0,0,0,0,0,0,-0.3,0.0
SP,A.J. Burnett,A.J.,Burnett,Summerglen Seraphs TBD,6' 4',225 lbs,R,R,86,Florida Marlins,FLA,2002,1993-2004,BBR,85694,Gold,June Gems - Baseball Reference 3  SP A.J. Burnett  FLO  2002,0,Y,5,11,38,21,31,13,11,25,20,23,12,11,41,22,34,14,73,7,Normal,Spray,Spray,130,62,94,130,130,57,60,135,130,66,121,128,99,124,115,-,-,-,-,-,-,-,122,-,4,NEU,89-91,3/4,Normal,86,86,-,-,-,27,13,21,23,3,1,4,51,-,-,-,-,-,-,-,-,51,-,-,-,-,-,-,-,-,9,5,6,13,,,0,0,0,0,0,0,0,0,0,0,0,0,0,0,0,0,0,0.0,0.00,0,-0.0,0.0,0.00,0,0,0.0,0.0,2,0,0,1,0,0,1,1.1,6,6,0,1,0,1,1,1,0,0,0,0,0,0,0,0,0,0,2,0,0,1.72,21,1,3,0,0,-0.3,-0.2,-0.0,6.02,2,0,0,0,0,0,0,0,0.00,0.0,.000,0,0,1.1,0,0,0,0,0,0,0,0,0,0,0,0,0.0,0.0
SP,Tommy Byrne,Tommy,Byrne,Montrose Cobblers,6' 1',180 lbs,L,L,90,New York Yankees,NYY,1948,1946-1960,,83276,Diamond,Snapshot  SP Tommy Byrne  NYY  1948,0,Y,5,34,48,32,34,17,43,47,19,43,11,28,49,35,28,19,44,5,Normal,Spray,Spray,125,45,173,107,165,74,235,70,114,30,144,117,67,128,97,113,-,-,-,-,-,-,-,-,4,EX FB,89-91,3/4,Normal,73,92,-,-,-,27,15,21,23,1,1,9,53,-,-,-,-,-,-,-,-,53,-,-,-,-,-,-,-,-,21,5,11,34,,,0,0,0,0,0,0,0,0,0,0,0,0,0,0,0,0,0,0.0,0.00,0,-0.0,0.0,0.00,0,0,0.0,0.0,2,2,0,2,0,0,0,7.1,41,30,7,2,0,0,10,10,8,0,10,2,1,0,1,0,0,0,0,0,0,1.10,171,3,9,2,0,-0.6,0.1,-0.4,4.60,2,2,1,0,1,0,0,0,1.23,-0.5,.000,2,0,7.1,0,0,2,2,0,0,0,0,0,0,0,0,0.0,0.0
SP,Steve Carlton,Steve,Carlton,Chicago Rat Finks - HotL,6' 4',210 lbs,L,L,96,St. Louis Cardinals,STL,1969,1961-1979,,85109,Diamond,HOF 1 - Historical All-Star  SP Steve Carlton  STL  1969,0,N,0,34,73,31,37,22,31,61,30,51,13,35,77,32,33,26,54,7,Normal,Pull,Pull,133,73,93,114,127,70,89,131,135,74,95,105,98,108,123,116,-,-,-,-,-,-,-,-,4,FB,90-92,3/4,Normal,86,60,-,-,-,29,24,25,22,4,1,10,61,-,-,-,-,-,-,-,-,61,-,-,-,-,-,-,-,-,5,5,6,5,,,0,0,0,0,0,0,0,0,0,0,0,0,0,0,0,0,0,0.0,0.00,0,-0.0,0.0,0.00,0,0,0.0,0.0,1,1,0,0,0,0,0,6.1,28,24,3,1,1,1,3,3,3,0,6,1,0,0,1,0,0,0,0,0,0,1.21,107,6,6,0,0,0.0,0.0,0.1,4.08,1,1,1,0,0,1,0,0,0.00,0.0,.000,0,0,6.1,0,0,0,0,0,0,0,0,0,0,0,0,0.0,0.0
SP,Steve Carlton,Steve,Carlton,Winnipeg Golden Knights,6' 4',210 lbs,L,L,96,St. Louis Cardinals,STL,1969,1961-1979,,85109,Diamond,HOF 1 - Historical All-Star  SP Steve Carlton  STL  1969,0,N,0,34,73,31,37,22,31,61,30,51,13,35,77,32,33,26,54,7,Normal,Pull,Pull,133,73,93,114,127,70,89,131,135,74,95,105,98,108,123,116,-,-,-,-,-,-,-,-,4,FB,90-92,3/4,Normal,86,60,-,-,-,29,24,25,22,4,1,10,61,-,-,-,-,-,-,-,-,61,-,-,-,-,-,-,-,-,5,5,6,5,,,0,0,0,0,0,0,0,0,0,0,0,0,0,0,0,0,0,0.0,0.00,0,-0.0,0.0,0.00,0,0,0.0,0.0,2,2,1,1,0,0,0,17.0,65,61,6,2,0,2,2,2,4,1,14,0,0,0,0,0,0,0,0,0,0,0.73,226,19,18,0,0,0.3,0.4,1.1,3.55,2,2,2,2,0,0,0,0,1.06,0.1,1.079,0,0,17.0,0,0,1,1,1,1,0,0,0,0,0,0,-0.1,0.0
SP,Steve Carlton,Steve,Carlton,Watertown Sword Guys TBD,6' 4',210 lbs,L,L,96,St. Louis Cardinals,STL,1969,1961-1979,,85109,Diamond,HOF 1 - Historical All-Star  SP Steve Carlton  STL  1969,0,N,0,34,73,31,37,22,31,61,30,51,13,35,77,32,33,26,54,7,Normal,Pull,Pull,133,73,93,114,127,70,89,131,135,74,95,105,98,108,123,116,-,-,-,-,-,-,-,-,4,FB,90-92,3/4,Normal,86,60,-,-,-,29,24,25,22,4,1,10,61,-,-,-,-,-,-,-,-,61,-,-,-,-,-,-,-,-,5,5,6,5,,,0,0,0,0,0,0,0,0,0,0,0,0,0,0,0,0,0,0.0,0.00,0,-0.0,0.0,0.00,0,0,0.0,0.0,2,2,2,0,0,0,0,13.1,55,49,8,2,0,1,3,3,6,0,6,0,0,0,0,0,0,0,0,0,0,0.93,217,12,20,0,0,0.3,0.1,0.6,5.68,2,2,5,2,3,0,0,0,3.38,0.2,1.079,0,0,13.1,0,0,2,2,0,0,1,1,0,0,0,0,-0.1,0.0
SP,Steve Carlton,Steve,Carlton,Freedom Grabbers - HotL,6' 4',210 lbs,L,L,96,St. Louis Cardinals,STL,1969,1961-1979,,85109,Diamond,HOF 1 - Historical All-Star  SP Steve Carlton  STL  1969,0,Y,5,38,80,35,41,25,35,67,34,56,16,39,84,36,37,30,54,7,Normal,Pull,Pull,143,80,101,123,137,76,97,141,145,81,103,114,98,108,123,116,-,-,-,-,-,-,-,-,4,FB,90-92,3/4,Normal,86,60,-,-,-,29,24,25,22,4,1,10,66,-,-,-,-,-,-,-,-,66,-,-,-,-,-,-,-,-,5,5,6,5,,,0,0,0,0,0,0,0,0,0,0,0,0,0,0,0,0,0,0.0,0.00,0,-0.0,0.0,0.00,0,0,0.0,0.0,4,4,1,1,0,0,0,24.2,99,90,13,2,1,3,12,9,8,0,26,0,0,1,0,0,0,3,0,0,0,1.01,402,18,25,0,0,-0.1,0.5,0.4,3.08,4,4,2,2,0,0,0,0,0.73,0.1,1.079,0,0,24.2,0,0,0,0,1,1,0,0,0,0,0,0,0.0,0.0
SP,Steve Carlton,Steve,Carlton,Shartlesville ShihTzus - HotL,6' 4',210 lbs,L,L,96,St. Louis Cardinals,STL,1969,1961-1979,,85109,Diamond,HOF 1 - Historical All-Star  SP Steve Carlton  STL  1969,0,Y,5,38,80,35,41,25,35,67,34,56,16,39,84,36,37,30,54,7,Normal,Pull,Pull,143,80,101,123,137,76,97,141,145,81,103,114,98,108,123,116,-,-,-,-,-,-,-,-,4,FB,90-92,3/4,Normal,86,60,-,-,-,29,24,25,22,4,1,10,66,-,-,-,-,-,-,-,-,66,-,-,-,-,-,-,-,-,5,5,6,5,,,0,0,0,0,0,0,0,0,0,0,0,0,0,0,0,0,0,0.0,0.00,0,-0.0,0.0,0.00,0,0,0.0,0.0,1,1,0,0,0,0,0,7.0,28,28,5,2,0,1,2,2,0,0,2,0,0,0,0,0,0,1,0,0,0,1.11,102,7,11,0,0,0.0,0.1,0.3,5.00,1,1,0,0,0,0,0,0,0.00,0.0,.000,0,0,7.0,0,0,0,0,0,0,0,0,0,0,0,0,0.0,0.0
SP,Steve Carlton,Steve,Carlton,Kansas City Torrent - JW,6' 4',210 lbs,L,L,96,St. Louis Cardinals,STL,1969,1961-1979,,85109,Diamond,HOF 1 - Historical All-Star  SP Steve Carlton  STL  1969,40 399,Y,5,38,80,35,41,25,35,67,34,56,16,39,84,36,37,30,54,7,Normal,Pull,Pull,143,80,101,123,137,76,97,141,145,81,103,114,98,108,123,116,-,-,-,-,-,-,-,-,4,FB,90-92,3/4,Normal,86,60,-,-,-,29,24,25,22,4,1,10,66,-,-,-,-,-,-,-,-,66,-,-,-,-,-,-,-,-,5,5,6,5,,,0,0,0,0,0,0,0,0,0,0,0,0,0,0,0,0,0,0.0,0.00,0,-0.0,0.0,0.00,0,0,0.0,0.0,3,3,0,0,0,0,0,19.1,84,75,14,3,0,1,7,7,8,0,21,1,0,0,0,0,0,1,0,0,0,1.28,325,14,21,2,0,0.1,0.5,0.6,3.40,3,3,1,1,0,0,0,0,0.47,-0.2,1.079,2,0,19.1,0,0,1,1,0,0,0,0,0,0,0,0,0.0,0.0
SP,Steve Carlton,Steve,Carlton,Herky Hyenas,6' 4',210 lbs,L,L,96,St. Louis Cardinals,STL,1969,1961-1979,,85109,Diamond,HOF 1 - Historical All-Star  SP Steve Carlton  STL  1969,0,N,0,34,73,31,37,22,31,61,30,51,13,35,77,32,33,26,54,7,Normal,Pull,Pull,133,73,93,114,127,70,89,131,135,74,95,105,98,108,123,116,-,-,-,-,-,-,-,-,4,FB,90-92,3/4,Normal,86,60,-,-,-,29,24,25,22,4,1,10,61,-,-,-,-,-,-,-,-,61,-,-,-,-,-,-,-,-,5,5,6,5,,,0,0,0,0,0,0,0,0,0,0,0,0,0,0,0,0,0,0.0,0.00,0,-0.0,0.0,0.00,0,0,0.0,0.0,3,3,2,1,0,0,0,20.1,82,74,9,3,0,2,9,8,7,0,18,0,0,1,2,0,0,0,0,0,0,0.90,334,23,19,0,0,-0.2,0.4,0.4,3.77,3,3,5,3,2,0,0,0,2.21,0.2,1.079,0,0,20.1,0,0,4,4,0,0,0,0,0,0,0,0,0.0,0.0
SP,Steve Carlton,Steve,Carlton,Svendborg Sailors,6' 4',210 lbs,L,L,96,St. Louis Cardinals,STL,1969,1961-1979,,85109,Diamond,HOF 1 - Historical All-Star  SP Steve Carlton  STL  1969,0,N,0,34,73,31,37,22,31,61,30,51,13,35,77,32,33,26,54,7,Normal,Pull,Pull,133,73,93,114,127,70,89,131,135,74,95,105,98,108,123,116,-,-,-,-,-,-,-,-,4,FB,90-92,3/4,Normal,86,60,-,-,-,29,24,25,22,4,1,10,61,-,-,-,-,-,-,-,-,61,-,-,-,-,-,-,-,-,5,5,6,5,,,0,0,0,0,0,0,0,0,0,0,0,0,0,0,0,0,0,0.0,0.00,0,-0.0,0.0,0.00,0,0,0.0,0.0,1,1,0,1,0,0,0,7.2,31,26,4,0,0,0,3,2,4,1,6,0,1,0,0,0,0,2,0,0,0,1.40,107,9,7,0,0,-0.1,0.3,0.2,4.61,1,1,0,0,0,0,0,0,0.00,0.0,.000,0,0,7.2,0,0,0,0,0,0,0,0,0,0,0,0,0.0,0.0
SP,Steve Carlton,Steve,Carlton,Cibao Aguilas,6' 4',210 lbs,L,L,96,St. Louis Cardinals,STL,1969,1961-1979,,85109,Diamond,HOF 1 - Historical All-Star  SP Steve Carlton  STL  1969,0,N,0,34,73,31,37,22,31,61,30,51,13,35,77,32,33,26,54,7,Normal,Pull,Pull,133,73,93,114,127,70,89,131,135,74,95,105,98,108,123,116,-,-,-,-,-,-,-,-,4,FB,90-92,3/4,Normal,86,60,-,-,-,29,24,25,22,4,1,10,61,-,-,-,-,-,-,-,-,61,-,-,-,-,-,-,-,-,5,5,6,5,,,0,0,0,0,0,0,0,0,0,0,0,0,0,0,0,0,0,0.0,0.00,0,-0.0,0.0,0.00,0,0,0.0,0.0,1,1,1,0,0,0,0,7.2,30,28,3,1,0,0,0,0,2,0,5,0,0,0,0,0,0,0,0,0,0,0.80,114,3,15,0,0,0.2,0.3,0.7,3.43,1,1,1,0,1,0,0,0,1.17,0.0,.000,0,0,7.2,0,0,0,0,0,0,0,0,0,0,0,0,0.0,0.0
SP,Steve Carlton,Steve,Carlton,Globo Gym Purple Cobras - JW,6' 4',210 lbs,L,L,96,St. Louis Cardinals,STL,1969,1961-1979,,85109,Diamond,HOF 1 - Historical All-Star  SP Steve Carlton  STL  1969,0,Y,5,38,80,35,41,25,35,67,34,56,16,39,84,36,37,30,54,7,Normal,Pull,Pull,143,80,101,123,137,76,97,141,145,81,103,114,98,108,123,116,-,-,-,-,-,-,-,-,4,FB,90-92,3/4,Normal,86,60,-,-,-,29,24,25,22,4,1,10,66,-,-,-,-,-,-,-,-,66,-,-,-,-,-,-,-,-,5,5,6,5,,,0,0,0,0,0,0,0,0,0,0,0,0,0,0,0,0,0,0.0,0.00,0,-0.0,0.0,0.00,0,0,0.0,0.0,1,1,0,1,0,0,0,7.0,32,31,7,2,0,1,3,3,1,0,8,0,0,0,0,0,0,1,0,0,0,0.96,107,6,6,1,0,-0.0,0.2,0.2,2.73,1,1,3,2,1,0,0,0,3.86,-0.2,1.079,1,0,7.0,0,0,1,1,2,1,0,0,0,0,0,0,0.0,0.0
SP,Steve Carlton,Steve,Carlton,Zanesville Greys,6' 4',210 lbs,L,L,96,St. Louis Cardinals,STL,1969,1961-1979,,85109,Diamond,HOF 1 - Historical All-Star  SP Steve Carlton  STL  1969,0,N,0,34,73,31,37,22,31,61,30,51,13,35,77,32,33,26,54,7,Normal,Pull,Pull,133,73,93,114,127,70,89,131,135,74,95,105,98,108,123,116,-,-,-,-,-,-,-,-,4,FB,90-92,3/4,Normal,86,60,-,-,-,29,24,25,22,4,1,10,61,-,-,-,-,-,-,-,-,61,-,-,-,-,-,-,-,-,5,5,6,5,,,0,0,0,0,0,0,0,0,0,0,0,0,0,0,0,0,0,0.0,0.00,0,-0.0,0.0,0.00,0,0,0.0,0.0,1,1,0,1,0,0,0,5.2,28,26,8,0,0,1,2,2,1,0,6,0,0,1,0,0,0,0,0,0,0,1.19,111,3,8,0,0,0.0,0.1,0.2,3.03,1,1,1,1,0,0,0,0,1.59,0.1,1.079,0,0,5.2,0,0,1,1,0,0,0,0,0,0,0,0,0.0,0.0
SP,Steve Carlton,Steve,Carlton,Charlotte Hellcats GH,6' 4',210 lbs,L,L,96,St. Louis Cardinals,STL,1969,1961-1979,,85109,Diamond,HOF 1 - Historical All-Star  SP Steve Carlton  STL  1969,0,Y,5,38,80,35,41,25,35,67,34,56,16,39,84,36,37,30,54,7,Normal,Pull,Pull,143,80,101,123,137,76,97,141,145,81,103,114,98,108,123,116,-,-,-,-,-,-,-,-,4,FB,90-92,3/4,Normal,86,60,-,-,-,29,24,25,22,4,1,10,66,-,-,-,-,-,-,-,-,66,-,-,-,-,-,-,-,-,5,5,6,5,,,0,0,0,0,0,0,0,0,0,0,0,0,0,0,0,0,0,0.0,0.00,0,-0.0,0.0,0.00,0,0,0.0,0.0,4,4,3,1,0,0,0,27.2,105,97,8,3,0,4,9,9,7,0,32,0,1,0,1,0,0,0,0,0,0,0.96,430,15,36,0,0,0.0,0.6,1.0,2.00,4,4,5,4,1,0,0,0,1.63,0.1,1.079,0,0,27.2,0,0,5,4,1,1,0,0,0,0,0,0,-0.1,0.0
SP,Steve Carlton,Steve,Carlton,Castroville Mashers - JW,6' 4',210 lbs,L,L,96,St. Louis Cardinals,STL,1969,1961-1979,,85109,Diamond,HOF 1 - Historical All-Star  SP Steve Carlton  STL  1969,0,Y,5,38,80,35,41,25,35,67,34,56,16,39,84,36,37,30,54,7,Normal,Pull,Pull,143,80,101,123,137,76,97,141,145,81,103,114,98,108,123,116,-,-,-,-,-,-,-,-,4,FB,90-92,3/4,Normal,86,60,-,-,-,29,24,25,22,4,1,10,66,-,-,-,-,-,-,-,-,66,-,-,-,-,-,-,-,-,5,5,6,5,,,0,0,0,0,0,0,0,0,0,0,0,0,0,0,0,0,0,0.0,0.00,0,-0.0,0.0,0.00,0,0,0.0,0.0,1,1,0,1,0,0,0,6.1,24,23,2,2,0,1,2,2,1,0,8,0,0,0,0,0,0,0,0,0,0,0.97,103,3,7,1,1,0.1,0.2,0.2,1.41,1,1,0,0,0,0,0,0,0.00,0.2,.000,2,1,6.1,0,0,0,0,0,0,0,0,0,0,0,0,0.0,0.0
SP,Steve Carlton,Steve,Carlton,Shibuya Shredders - GH,6' 4',210 lbs,L,L,96,St. Louis Cardinals,STL,1969,1961-1979,,85109,Diamond,HOF 1 - Historical All-Star  SP Steve Carlton  STL  1969,0,Y,5,38,80,35,41,25,35,67,34,56,16,39,84,36,37,30,54,7,Normal,Pull,Pull,143,80,101,123,137,76,97,141,145,81,103,114,98,108,123,116,-,-,-,-,-,-,-,-,4,FB,90-92,3/4,Normal,86,60,-,-,-,29,24,25,22,4,1,10,66,-,-,-,-,-,-,-,-,66,-,-,-,-,-,-,-,-,5,5,6,5,,,0,0,0,0,0,0,0,0,0,0,0,0,0,0,0,0,0,0.0,0.00,0,-0.0,0.0,0.00,0,0,0.0,0.0,4,4,2,0,0,0,0,25.1,111,100,12,9,1,6,18,18,8,0,24,1,0,2,0,0,0,1,0,0,0,1.07,431,29,21,2,0,-0.8,-0.0,-0.1,3.69,4,4,4,2,2,0,0,0,1.42,-0.3,1.079,2,0,25.1,0,0,3,2,1,1,0,0,0,0,0,0,-0.4,0.0
SP,Steve Carlton,Steve,Carlton,Paso Robles Powerhouse,6' 4',210 lbs,L,L,96,St. Louis Cardinals,STL,1969,1961-1979,,85109,Diamond,HOF 1 - Historical All-Star  SP Steve Carlton  STL  1969,0,Y,5,38,80,35,41,25,35,67,34,56,16,39,84,36,37,30,54,7,Normal,Pull,Pull,143,80,101,123,137,76,97,141,145,81,103,114,98,108,123,116,-,-,-,-,-,-,-,-,4,FB,90-92,3/4,Normal,86,60,-,-,-,29,24,25,22,4,1,10,66,-,-,-,-,-,-,-,-,66,-,-,-,-,-,-,-,-,5,5,6,5,,,0,0,0,0,0,0,0,0,0,0,0,0,0,0,0,0,0,0.0,0.00,0,-0.0,0.0,0.00,0,0,0.0,0.0,3,3,0,2,0,0,0,18.1,79,74,12,6,0,4,15,11,4,0,14,0,0,1,0,0,0,0,0,0,0,0.88,307,21,15,1,1,-0.8,0.1,-0.2,3.97,3,3,2,0,1,1,0,0,0.49,-0.1,.000,2,1,18.1,0,0,0,0,0,0,0,0,1,0,0,0,0.0,0.0
SP,Matt Clement,Matt,Clement,Chicago Rat Finks - HotL,6' 3',210 lbs,R,R,69,Chicago Cubs,CHC,2002,1993-2004,PTMS,86089,Bronze,PTMS 2  SP Matt Clement  CHC  2002,0,N,0,36,46,1,21,26,1,10,1,6,38,43,55,1,27,20,27,1,Normal,Normal,Normal,108,68,110,97,96,47,133,115,120,80,95,88,91,104,-,108,113,-,-,-,-,-,-,-,4,NEU,91-93,3/4,Normal,74,69,-,-,-,24,13,20,23,2,8,1,43,-,-,-,-,-,-,-,-,43,-,-,-,-,-,-,-,-,10,5,6,14,,,0,0,0,0,0,0,0,0,0,0,0,0,0,0,0,0,0,0.0,0.00,0,-0.0,0.0,0.00,0,0,0.0,0.0,1,0,0,0,0,0,0,2.2,11,10,1,0,0,0,0,0,1,0,4,0,0,0,0,0,0,0,1,2,1,0.58,50,1,3,0,0,0.0,0.1,0.2,1.55,1,0,0,0,0,0,0,0,0.00,0.0,.000,0,0,2.2,0,0,0,0,0,0,0,0,0,0,0,0,-0.1,0.0
SP,Matt Clement,Matt,Clement,Watertown Sword Guys TBD,6' 3',210 lbs,R,R,69,Chicago Cubs,CHC,2002,1993-2004,PTMS,86089,Bronze,PTMS 2  SP Matt Clement  CHC  2002,0,N,0,36,46,1,21,26,1,10,1,6,38,43,55,1,27,20,27,1,Normal,Normal,Normal,108,68,110,97,96,47,133,115,120,80,95,88,91,104,-,108,113,-,-,-,-,-,-,-,4,NEU,91-93,3/4,Normal,74,69,-,-,-,24,13,20,23,2,8,1,43,-,-,-,-,-,-,-,-,43,-,-,-,-,-,-,-,-,10,5,6,14,,,0,0,0,0,0,0,0,0,0,0,0,0,0,0,0,0,0,0.0,0.00,0,-0.0,0.0,0.00,0,0,0.0,0.0,2,0,1,0,0,1,0,2.2,12,10,1,1,0,0,1,1,2,0,3,0,0,0,0,0,0,0,2,2,0,1.76,51,1,4,0,0,0.2,0.1,0.1,3.91,2,0,1,0,1,0,0,0,3.38,0.0,.000,0,0,2.2,0,0,0,0,0,0,0,0,0,0,0,0,-0.1,0.0
SP,Matt Clement,Matt,Clement,Gamehendge Lizards - HotL,6' 3',210 lbs,R,R,69,Chicago Cubs,CHC,2002,1993-2004,PTMS,86089,Bronze,PTMS 2  SP Matt Clement  CHC  2002,0,N,0,36,46,1,21,26,1,10,1,6,38,43,55,1,27,20,27,1,Normal,Normal,Normal,108,68,110,97,96,47,133,115,120,80,95,88,91,104,-,108,113,-,-,-,-,-,-,-,4,NEU,91-93,3/4,Normal,74,69,-,-,-,24,13,20,23,2,8,1,43,-,-,-,-,-,-,-,-,43,-,-,-,-,-,-,-,-,10,5,6,14,,,0,0,0,0,0,0,0,0,0,0,0,0,0,0,0,0,0,0.0,0.00,0,-0.0,0.0,0.00,0,0,0.0,0.0,3,1,0,0,0,0,0,3.2,18,16,4,0,0,1,4,4,2,0,2,0,0,0,0,0,0,0,2,1,1,0.47,78,5,4,0,0,-0.4,-0.1,-0.2,5.57,3,1,0,0,0,0,0,0,0.00,0.0,.000,0,0,3.2,0,0,0,0,0,0,0,0,0,0,0,0,0.0,0.0
SP,Matt Clement,Matt,Clement,Shartlesville ShihTzus - HotL,6' 3',210 lbs,R,R,69,Chicago Cubs,CHC,2002,1993-2004,PTMS,86089,Bronze,PTMS 2  SP Matt Clement  CHC  2002,0,N,0,36,46,1,21,26,1,10,1,6,38,43,55,1,27,20,27,1,Normal,Normal,Normal,108,68,110,97,96,47,133,115,120,80,95,88,91,104,-,108,113,-,-,-,-,-,-,-,4,NEU,91-93,3/4,Normal,74,69,-,-,-,24,13,20,23,2,8,1,43,-,-,-,-,-,-,-,-,43,-,-,-,-,-,-,-,-,10,5,6,14,,,0,0,0,0,0,0,0,0,0,0,0,0,0,0,0,0,0,0.0,0.00,0,-0.0,0.0,0.00,0,0,0.0,0.0,2,0,0,0,0,0,2,1.1,8,7,1,1,0,1,3,3,1,0,2,0,0,0,0,0,0,0,1,4,4,0.94,30,1,1,0,0,-0.2,-0.1,-0.2,3.81,2,0,0,0,0,0,0,0,0.00,0.0,.000,0,0,1.1,0,0,0,0,0,0,0,0,0,0,0,0,0.0,0.0
SP,Matt Clement,Matt,Clement,Cibao Aguilas,6' 3',210 lbs,R,R,69,Chicago Cubs,CHC,2002,1993-2004,PTMS,86089,Bronze,PTMS 2  SP Matt Clement  CHC  2002,0,N,0,36,46,1,21,26,1,10,1,6,38,43,55,1,27,20,27,1,Normal,Normal,Normal,108,68,110,97,96,47,133,115,120,80,95,88,91,104,-,108,113,-,-,-,-,-,-,-,4,NEU,91-93,3/4,Normal,74,69,-,-,-,24,13,20,23,2,8,1,43,-,-,-,-,-,-,-,-,43,-,-,-,-,-,-,-,-,10,5,6,14,,,0,0,0,0,0,0,0,0,0,0,0,0,0,0,0,0,0,0.0,0.00,0,-0.0,0.0,0.00,0,0,0.0,0.0,1,0,0,0,0,0,0,1.1,4,4,0,0,0,0,0,0,0,0,2,0,0,0,0,0,0,0,1,1,0,0.25,21,1,1,0,0,0.0,0.1,0.1,-0.43,1,0,0,0,0,0,0,0,0.00,0.0,.000,0,0,1.1,0,0,0,0,0,0,0,0,0,0,0,0,0.0,0.0
SP,Matt Clement,Matt,Clement,Castroville Mashers - JW,6' 3',210 lbs,R,R,69,Chicago Cubs,CHC,2002,1993-2004,PTMS,86089,Bronze,PTMS 2  SP Matt Clement  CHC  2002,0,N,0,36,46,1,21,26,1,10,1,6,38,43,55,1,27,20,27,1,Normal,Normal,Normal,108,68,110,97,96,47,133,115,120,80,95,88,91,104,-,108,113,-,-,-,-,-,-,-,4,NEU,91-93,3/4,Normal,74,69,-,-,-,24,13,20,23,2,8,1,43,-,-,-,-,-,-,-,-,43,-,-,-,-,-,-,-,-,10,5,6,14,,,0,0,0,0,0,0,0,0,0,0,0,0,0,0,0,0,0,0.0,0.00,0,-0.0,0.0,0.00,0,0,0.0,0.0,1,0,0,0,0,1,0,1.0,4,4,1,0,0,0,0,0,0,0,0,0,0,0,0,0,0,0,1,0,0,2.97,15,0,3,0,0,0.2,0.0,0.1,3.79,1,0,0,0,0,0,0,0,0.00,0.0,.000,0,0,1.0,0,0,0,0,0,0,0,0,0,0,0,0,0.0,0.0
SP,Matt Clement,Matt,Clement,Summerglen Seraphs TBD,6' 3',210 lbs,R,R,69,Chicago Cubs,CHC,2002,1993-2004,PTMS,86089,Bronze,PTMS 2  SP Matt Clement  CHC  2002,0,N,0,36,46,1,21,26,1,10,1,6,38,43,55,1,27,20,27,1,Normal,Normal,Normal,108,68,110,97,96,47,133,115,120,80,95,88,91,104,-,108,113,-,-,-,-,-,-,-,4,NEU,91-93,3/4,Normal,74,69,-,-,-,24,13,20,23,2,8,1,43,-,-,-,-,-,-,-,-,43,-,-,-,-,-,-,-,-,10,5,6,14,,,0,0,0,0,0,0,0,0,0,0,0,0,0,0,0,0,0,0.0,0.00,0,-0.0,0.0,0.00,0,0,0.0,0.0,3,0,0,0,1,2,0,5.1,20,18,3,0,0,0,1,1,2,0,5,0,0,0,0,0,0,0,0,3,1,0.63,86,1,9,0,0,0.2,0.1,0.2,2.39,3,0,0,0,0,0,0,0,0.00,0.0,.000,0,0,5.1,0,0,0,0,0,0,0,0,0,0,0,0,0.0,0.0
SP,David Cone,David,Cone,Globo Gym Purple Cobras - JW,6' 1',190 lbs,L,R,86,Toronto Blue Jays,TOR,1992,1980-1992,LE,86348,Gold,Limited Edition/47  SP David Cone  TOR  1992,0,N,0,2,17,1,15,8,4,27,1,23,8,2,14,2,13,9,62,4,Normal,Normal,Normal,118,56,128,113,99,49,126,127,135,61,130,98,109,-,87,97,-,155,-,-,-,-,-,-,4,EX FB,92-94,3/4,Normal,91,50,-,-,-,27,18,22,23,2,10,3,52,-,-,-,-,-,-,-,-,52,-,-,-,-,-,-,-,-,8,4,6,12,,,0,0,0,0,0,0,0,0,0,0,0,0,0,0,0,0,0,0.0,0.00,0,-0.0,0.0,0.00,0,0,0.0,0.0,1,0,0,0,0,0,0,2.1,10,9,3,0,0,0,1,1,1,0,1,0,0,0,0,0,0,0,0,1,0,1.23,32,0,5,0,0,-0.0,0.0,0.0,4.68,1,0,0,0,0,0,0,0,0.00,0.0,.000,0,0,2.1,0,0,0,0,0,0,0,0,0,0,0,0,0.0,0.0
SP,Jim Deshaies,Jim,Deshaies,Everett Aqua Sox,6' 4',220 lbs,L,L,67,Houston Astros,HOU,1989,1980-1992,,85877,Bronze,T4 Ep. 3 - Snapshot  SP Jim Deshaies  HOU  1989,0,Y,5,5,13,1,15,7,7,13,1,19,5,5,13,1,14,8,69,8,Normal,Spray,Spray,81,79,111,102,69,43,108,151,84,87,113,86,80,104,87,82,-,-,-,-,-,-,-,-,4,EX FB,89-91,3/4,Normal,71,59,-,-,-,35,19,26,23,9,9,4,69,-,-,-,-,-,-,-,-,69,-,-,-,-,-,-,-,-,29,34,30,26,,,0,0,0,0,0,0,0,0,0,0,0,0,0,0,0,0,0,0.0,0.00,0,-0.0,0.0,0.00,0,0,0.0,0.0,1,1,1,0,0,0,0,5.1,23,23,4,0,0,3,5,5,0,0,7,0,0,0,0,0,0,1,0,0,0,0.97,96,4,4,0,0,-0.2,-0.1,-0.1,1.68,1,1,0,0,0,0,0,0,0.00,0.0,.000,0,0,5.1,0,0,0,0,0,0,0,0,0,0,0,0,0.0,0.0
SP,John Donaldson,John,Donaldson,Summerglen Seraphs TBD,6' 1',180 lbs,L,L,89,Kansas City Monarchs,KCM,1920,2026,PTCS,84467,Gold,PTCS 2 - Negro League Star  SP John Donaldson  KCM  1920,0,N,0,86,91,101,57,82,88,84,84,48,71,86,94,110,60,85,117,100,Normal,Spray,Pull,96,103,53,120,99,111,53,127,95,100,53,118,90,125,109,86,-,-,-,-,-,-,-,-,4,NEU,90-92,3/4,Normal,72,60,-,-,-,64,60,63,60,69,63,78,114,-,82,-,-,-,82,58,79,114,-,82,-,-,-,82,58,79,61,55,63,49,,,0,0,0,0,0,0,0,0,0,0,0,0,0,0,0,0,0,0.0,0.00,0,-0.0,0.0,0.00,0,0,0.0,0.0,1,1,1,0,0,0,0,6.0,22,21,3,0,0,0,1,1,1,0,1,0,0,0,1,0,0,1,0,0,0,1.28,94,8,8,0,0,0.2,0.1,0.3,5.91,1,1,1,1,0,0,0,0,1.50,0.1,1.079,0,0,6.0,0,0,1,1,0,0,0,0,0,0,0,0,0.0,0.0
SP,Pete Donohue,Pete,Donohue,Chicago Rat Finks - HotL,6' 2',185 lbs,R,R,96,Cincinnati Reds,CIN,1925,1921-1945,,84079,Diamond,Snapshot  SP Pete Donohue  CIN  1925,0,N,0,39,46,38,37,76,54,61,32,31,85,34,41,41,39,73,56,30,Normal,Normal,Normal,65,148,86,149,48,136,122,142,74,158,56,154,78,75,89,-,-,-,-,-,-,-,-,-,3,NEU,90-92,OTT,Finesse,73,101,-,-,-,29,18,23,21,3,10,8,55,-,-,-,-,-,-,-,-,55,-,-,-,-,-,-,-,-,51,59,35,48,,,0,0,0,0,0,0,0,0,0,0,0,0,0,0,0,0,0,0.0,0.00,0,-0.0,0.0,0.00,0,0,0.0,0.0,1,1,0,0,0,0,0,7.0,28,27,6,1,0,1,3,3,1,0,3,0,0,0,0,0,0,0,0,0,0,1.04,91,11,5,0,0,0.0,0.1,0.2,4.92,1,1,3,2,1,0,0,0,3.86,0.1,1.079,0,0,7.0,0,0,2,2,0,0,0,0,0,0,0,0,0.0,0.0
SP,Pete Donohue,Pete,Donohue,Everett Aqua Sox,6' 2',185 lbs,R,R,96,Cincinnati Reds,CIN,1925,1921-1945,,84079,Diamond,Snapshot  SP Pete Donohue  CIN  1925,0,Y,5,43,51,42,41,83,59,67,36,35,92,38,46,46,43,80,56,30,Normal,Normal,Normal,71,159,93,160,53,147,132,153,81,170,62,166,78,75,89,-,-,-,-,-,-,-,-,-,3,NEU,90-92,OTT,Finesse,73,101,-,-,-,29,18,23,21,3,10,8,59,-,-,-,-,-,-,-,-,59,-,-,-,-,-,-,-,-,51,59,35,48,,,0,0,0,0,0,0,0,0,0,0,0,0,0,0,0,0,0,0.0,0.00,0,-0.0,0.0,0.00,0,0,0.0,0.0,2,2,0,1,0,0,0,14.0,59,56,6,5,0,2,7,4,3,0,11,0,0,0,0,0,0,1,0,0,0,0.87,220,18,12,2,0,-0.1,0.2,0.2,3.87,2,2,1,0,1,0,0,0,0.64,-0.9,.000,2,0,14.0,0,0,0,0,2,0,0,0,0,0,0,0,0.0,0.0
SP,Pete Donohue,Pete,Donohue,Camjaveratyn O-Forge,6' 2',185 lbs,R,R,96,Cincinnati Reds,CIN,1925,1921-1945,,84079,Diamond,Snapshot  SP Pete Donohue  CIN  1925,0,N,0,39,46,38,37,76,54,61,32,31,85,34,41,41,39,73,56,30,Normal,Normal,Normal,65,148,86,149,48,136,122,142,74,158,56,154,78,75,89,-,-,-,-,-,-,-,-,-,3,NEU,90-92,OTT,Finesse,73,101,-,-,-,29,18,23,21,3,10,8,55,-,-,-,-,-,-,-,-,55,-,-,-,-,-,-,-,-,51,59,35,48,,,0,0,0,0,0,0,0,0,0,0,0,0,0,0,0,0,0,0.0,0.00,0,-0.0,0.0,0.00,0,0,0.0,0.0,2,2,1,1,0,0,0,12.0,51,48,7,4,0,2,7,7,3,0,6,0,0,0,0,0,0,0,0,0,0,0.79,187,16,13,0,0,-0.1,0.0,0.1,4.89,2,2,2,1,1,0,0,0,1.50,0.1,1.079,0,0,12.0,0,0,1,1,0,0,0,0,0,0,0,0,-0.1,0.0
SP,Pete Donohue,Pete,Donohue,Dry Creek Craw Daddies,6' 2',185 lbs,R,R,96,Cincinnati Reds,CIN,1925,1921-1945,,84079,Diamond,Snapshot  SP Pete Donohue  CIN  1925,0,Y,5,43,51,42,41,83,59,67,36,35,92,38,46,46,43,80,56,30,Normal,Normal,Normal,71,159,93,160,53,147,132,153,81,170,62,166,78,75,89,-,-,-,-,-,-,-,-,-,3,NEU,90-92,OTT,Finesse,73,101,-,-,-,29,18,23,21,3,10,8,59,-,-,-,-,-,-,-,-,59,-,-,-,-,-,-,-,-,51,59,35,48,,,0,0,0,0,0,0,0,0,0,0,0,0,0,0,0,0,0,0.0,0.00,0,-0.0,0.0,0.00,0,0,0.0,0.0,1,1,0,0,0,0,0,6.2,29,24,5,1,1,1,6,5,2,0,5,0,2,1,0,0,0,1,0,0,0,0.86,108,9,5,0,0,-0.3,0.1,-0.1,4.29,1,1,1,1,0,0,0,0,1.35,0.1,1.079,0,0,6.2,0,0,0,0,1,1,0,0,0,0,0,0,0.0,0.0
SP,Pete Donohue,Pete,Donohue,Arcadia Wyverns,6' 2',185 lbs,R,R,96,Cincinnati Reds,CIN,1925,1921-1945,,84079,Diamond,Snapshot  SP Pete Donohue  CIN  1925,0,N,0,39,46,38,37,76,54,61,32,31,85,34,41,41,39,73,56,30,Normal,Normal,Normal,65,148,86,149,48,136,122,142,74,158,56,154,78,75,89,-,-,-,-,-,-,-,-,-,3,NEU,90-92,OTT,Finesse,73,101,-,-,-,29,18,23,21,3,10,8,55,-,-,-,-,-,-,-,-,55,-,-,-,-,-,-,-,-,51,59,35,48,,,0,0,0,0,0,0,0,0,0,0,0,0,0,0,0,0,0,0.0,0.00,0,-0.0,0.0,0.00,0,0,0.0,0.0,1,1,0,1,0,0,0,6.0,29,26,6,1,0,1,6,6,3,0,4,0,0,0,0,0,0,0,0,0,0,1.22,111,3,11,0,0,-0.3,-0.0,-0.2,4.90,1,1,0,0,0,0,0,0,0.00,0.0,.000,0,0,6.0,0,0,0,0,0,0,0,0,0,0,0,0,0.0,0.0
SP,Pete Donohue,Pete,Donohue,Normal Night Owls - HotL,6' 2',185 lbs,R,R,96,Cincinnati Reds,CIN,1925,1921-1945,,84079,Diamond,Snapshot  SP Pete Donohue  CIN  1925,0,N,0,39,46,38,37,76,54,61,32,31,85,34,41,41,39,73,56,30,Normal,Normal,Normal,65,148,86,149,48,136,122,142,74,158,56,154,78,75,89,-,-,-,-,-,-,-,-,-,3,NEU,90-92,OTT,Finesse,73,101,-,-,-,29,18,23,21,3,10,8,55,-,-,-,-,-,-,-,-,55,-,-,-,-,-,-,-,-,51,59,35,48,,,0,0,0,0,0,0,0,0,0,0,0,0,0,0,0,0,0,0.0,0.00,0,-0.0,0.0,0.00,0,0,0.0,0.0,1,1,0,0,0,0,0,7.2,28,26,4,1,0,0,0,0,2,0,5,0,0,0,0,0,0,1,0,0,0,0.91,110,4,12,0,0,0.4,0.3,0.7,3.75,1,1,1,0,1,0,0,0,1.17,0.0,.000,0,0,7.2,0,0,0,0,0,0,0,0,0,0,0,0,0.0,0.0
SP,Pete Donohue,Pete,Donohue,Svendborg Sailors,6' 2',185 lbs,R,R,96,Cincinnati Reds,CIN,1925,1921-1945,,84079,Diamond,Snapshot  SP Pete Donohue  CIN  1925,0,N,0,39,46,38,37,76,54,61,32,31,85,34,41,41,39,73,56,30,Normal,Normal,Normal,65,148,86,149,48,136,122,142,74,158,56,154,78,75,89,-,-,-,-,-,-,-,-,-,3,NEU,90-92,OTT,Finesse,73,101,-,-,-,29,18,23,21,3,10,8,55,-,-,-,-,-,-,-,-,55,-,-,-,-,-,-,-,-,51,59,35,48,,,0,0,0,0,0,0,0,0,0,0,0,0,0,0,0,0,0,0.0,0.00,0,-0.0,0.0,0.00,0,0,0.0,0.0,1,1,0,1,0,0,0,6.2,26,24,4,0,0,1,2,2,2,0,7,0,0,0,0,0,0,0,0,0,0,0.97,108,5,7,0,0,0.0,0.1,0.3,2.93,1,1,1,0,1,0,0,0,1.35,-0.1,.000,0,0,6.2,0,0,0,0,0,0,1,0,0,0,0,0,0.0,0.0
SP,Pete Donohue,Pete,Donohue,Paso Robles Powerhouse,6' 2',185 lbs,R,R,96,Cincinnati Reds,CIN,1925,1921-1945,,84079,Diamond,Snapshot  SP Pete Donohue  CIN  1925,0,Y,5,43,51,42,41,83,59,67,36,35,92,38,46,46,43,80,56,30,Normal,Normal,Normal,71,159,93,160,53,147,132,153,81,170,62,166,78,75,89,-,-,-,-,-,-,-,-,-,3,NEU,90-92,OTT,Finesse,73,101,-,-,-,29,18,23,21,3,10,8,59,-,-,-,-,-,-,-,-,59,-,-,-,-,-,-,-,-,51,59,35,48,,,0,0,0,0,0,0,0,0,0,0,0,0,0,0,0,0,0,0.0,0.00,0,-0.0,0.0,0.00,0,0,0.0,0.0,3,3,2,0,0,0,0,18.0,75,72,15,6,1,0,8,8,3,0,12,0,0,0,0,0,0,2,0,0,0,1.02,291,26,12,1,0,0.1,0.7,0.4,4.23,3,3,4,3,1,0,0,0,2.00,-0.0,1.079,1,0,18.0,0,0,2,2,0,0,0,0,0,0,0,0,-0.1,0.0
SP,Pete Donohue,Pete,Donohue,Orlando Heatstrokes,6' 2',185 lbs,R,R,96,Cincinnati Reds,CIN,1925,1921-1945,,84079,Diamond,Snapshot  SP Pete Donohue  CIN  1925,0,N,0,39,46,38,37,76,54,61,32,31,85,34,41,41,39,73,56,30,Normal,Normal,Normal,65,148,86,149,48,136,122,142,74,158,56,154,78,75,89,-,-,-,-,-,-,-,-,-,3,NEU,90-92,OTT,Finesse,73,101,-,-,-,29,18,23,21,3,10,8,55,-,-,-,-,-,-,-,-,55,-,-,-,-,-,-,-,-,51,59,35,48,,,0,0,0,0,0,0,0,0,0,0,0,0,0,0,0,0,0,0.0,0.00,0,-0.0,0.0,0.00,0,0,0.0,0.0,1,1,0,1,0,0,0,8.0,33,32,5,2,0,1,4,4,1,0,3,0,0,0,0,0,0,0,0,0,0,0.62,101,10,11,0,0,-0.1,0.1,0.1,5.04,1,1,2,1,1,0,0,0,2.25,0.1,1.079,0,0,8.0,0,0,0,0,1,1,0,0,0,0,0,0,0.0,0.0
SP,Pete Donohue,Pete,Donohue,Lowlyworm's Apple Car,6' 2',185 lbs,R,R,96,Cincinnati Reds,CIN,1925,1921-1945,,84079,Diamond,Snapshot  SP Pete Donohue  CIN  1925,0,N,0,39,46,38,37,76,54,61,32,31,85,34,41,41,39,73,56,30,Normal,Normal,Normal,65,148,86,149,48,136,122,142,74,158,56,154,78,75,89,-,-,-,-,-,-,-,-,-,3,NEU,90-92,OTT,Finesse,73,101,-,-,-,29,18,23,21,3,10,8,55,-,-,-,-,-,-,-,-,55,-,-,-,-,-,-,-,-,51,59,35,48,,,0,0,0,0,0,0,0,0,0,0,0,0,0,0,0,0,0,0.0,0.00,0,-0.0,0.0,0.00,0,0,0.0,0.0,2,2,0,2,0,0,0,12.2,54,53,9,4,1,2,9,7,1,0,9,0,0,0,1,0,0,1,0,0,0,1.09,210,9,18,0,1,-0.3,0.2,-0.1,3.60,2,2,2,1,1,0,0,0,1.42,0.3,.000,1,1,12.2,0,0,0,0,0,0,0,0,0,0,0,0,-0.3,0.0
SP,Pete Donohue,Pete,Donohue,AW Bees - GH,6' 2',185 lbs,R,R,96,Cincinnati Reds,CIN,1925,1921-1945,,84079,Diamond,Snapshot  SP Pete Donohue  CIN  1925,0,Y,5,43,51,42,41,83,59,67,36,35,92,38,46,46,43,80,56,30,Normal,Normal,Normal,71,159,93,160,53,147,132,153,81,170,62,166,78,75,89,-,-,-,-,-,-,-,-,-,3,NEU,90-92,OTT,Finesse,73,101,-,-,-,29,18,23,21,3,10,8,59,-,-,-,-,-,-,-,-,59,-,-,-,-,-,-,-,-,51,59,35,48,,,0,0,0,0,0,0,0,0,0,0,0,0,0,0,0,0,0,0.0,0.00,0,-0.0,0.0,0.00,0,0,0.0,0.0,5,5,2,2,0,0,0,33.0,143,133,23,6,0,7,21,20,8,0,19,1,0,1,1,0,0,3,0,0,0,0.98,512,37,40,0,0,-0.9,-0.1,0.1,4.68,5,5,3,1,1,1,0,0,0.55,-0.1,1.079,0,0,33.0,0,0,1,1,1,0,0,0,0,0,0,0,-0.4,0.0
SP,Dock Ellis,Dock,Ellis,Freedom Grabbers - HotL,6' 3',210 lbs,S,R,85,Pittsburgh Pirates,PIT,1970,1961-1979,ME,85145,Gold,Electric No-Hitter  SP Dock Ellis  PIT  1970,0,N,0,58,35,1,19,17,62,15,1,28,10,57,40,1,17,20,65,57,Normal,Spray,Spray,75,72,138,141,70,77,140,146,79,69,136,131,-,98,97,85,95,-,-,-,-,-,-,-,4,GB,89-91,3/4,GB'er,92,50,-,-,-,27,25,25,25,2,8,8,60,-,-,-,-,-,-,-,-,60,-,-,-,-,-,-,-,-,43,41,76,27,,,0,0,0,0,0,0,0,0,0,0,0,0,0,0,0,0,0,0.0,0.00,0,-0.0,0.0,0.00,0,0,0.0,0.0,2,2,0,0,0,0,0,10.1,49,47,12,1,1,2,6,6,2,0,10,0,0,0,0,0,0,0,0,0,0,1.11,225,8,13,0,0,-0.1,0.1,0.1,3.39,2,2,1,1,0,0,0,0,0.87,0.1,1.079,0,0,10.1,0,0,0,0,0,0,1,1,0,0,0,0,0.0,0.0
SP,Dock Ellis,Dock,Ellis,Arcadia Wyverns,6' 3',210 lbs,S,R,85,Pittsburgh Pirates,PIT,1970,1961-1979,ME,85145,Gold,Electric No-Hitter  SP Dock Ellis  PIT  1970,0,N,0,58,35,1,19,17,62,15,1,28,10,57,40,1,17,20,65,57,Normal,Spray,Spray,75,72,138,141,70,77,140,146,79,69,136,131,-,98,97,85,95,-,-,-,-,-,-,-,4,GB,89-91,3/4,GB'er,92,50,-,-,-,27,25,25,25,2,8,8,60,-,-,-,-,-,-,-,-,60,-,-,-,-,-,-,-,-,43,41,76,27,,,0,0,0,0,0,0,0,0,0,0,0,0,0,0,0,0,0,0.0,0.00,0,-0.0,0.0,0.00,0,0,0.0,0.0,1,1,0,0,0,0,0,6.2,30,24,3,3,0,0,4,4,4,0,5,0,0,2,1,0,0,0,0,0,0,1.22,108,3,12,0,0,-0.0,0.2,0.0,4.71,1,1,0,0,0,0,0,0,0.00,0.0,.000,0,0,6.2,0,0,0,0,0,0,0,0,0,0,0,0,0.0,0.0
SP,Dock Ellis,Dock,Ellis,Providence Friars - HotL,6' 3',210 lbs,S,R,85,Pittsburgh Pirates,PIT,1970,1961-1979,ME,85145,Gold,Electric No-Hitter  SP Dock Ellis  PIT  1970,0,N,0,58,35,1,19,17,62,15,1,28,10,57,40,1,17,20,65,57,Normal,Spray,Spray,75,72,138,141,70,77,140,146,79,69,136,131,-,98,97,85,95,-,-,-,-,-,-,-,4,GB,89-91,3/4,GB'er,92,50,-,-,-,27,25,25,25,2,8,8,60,-,-,-,-,-,-,-,-,60,-,-,-,-,-,-,-,-,43,41,76,27,,,0,0,0,0,0,0,0,0,0,0,0,0,0,0,0,0,0,0.0,0.00,0,-0.0,0.0,0.00,0,0,0.0,0.0,3,3,2,1,0,0,0,17.2,79,67,14,3,1,2,13,11,8,0,12,2,1,1,0,0,0,4,0,0,0,0.83,328,21,16,2,0,-0.5,0.1,-0.1,4.87,3,3,1,1,0,0,0,0,0.51,-0.4,1.079,2,0,17.2,0,0,2,1,0,0,0,0,0,0,0,0,0.0,0.0
SP,Dock Ellis,Dock,Ellis,Lowlyworm's Apple Car,6' 3',210 lbs,S,R,85,Pittsburgh Pirates,PIT,1970,1961-1979,ME,85145,Gold,Electric No-Hitter  SP Dock Ellis  PIT  1970,0,N,0,58,35,1,19,17,62,15,1,28,10,57,40,1,17,20,65,57,Normal,Spray,Spray,75,72,138,141,70,77,140,146,79,69,136,131,-,98,97,85,95,-,-,-,-,-,-,-,4,GB,89-91,3/4,GB'er,92,50,-,-,-,27,25,25,25,2,8,8,60,-,-,-,-,-,-,-,-,60,-,-,-,-,-,-,-,-,43,41,76,27,,,0,0,0,0,0,0,0,0,0,0,0,0,0,0,0,0,0,0.0,0.00,0,-0.0,0.0,0.00,0,0,0.0,0.0,1,1,1,0,0,0,0,7.0,28,24,2,0,0,2,4,4,4,0,5,0,0,0,0,0,0,0,0,0,0,0.64,116,8,7,2,1,0.1,-0.1,0.1,4.97,1,1,1,0,1,0,0,0,1.29,0.1,.000,3,1,7.0,0,0,1,1,0,0,0,0,0,0,0,0,0.0,0.0
SP,Shawn Estes,Shawn,Estes,Chicago Rat Finks - HotL,6' 2',205 lbs,S,L,65,San Francisco Giants,SFG,1997,1993-2004,,86307,Bronze,HOF Week - Historical All-Star  SP Shawn Estes  SF  1997,0,Y,2,11,16,20,26,14,14,26,12,27,13,10,13,24,26,15,75,7,Normal,Spray,Spray,93,52,95,112,72,40,92,148,99,56,97,105,78,107,124,-,-,-,76,-,-,-,-,-,4,EX GB,87-89,OTT,GB'er,78,62,-,-,-,34,21,29,31,7,1,9,69,-,-,-,-,-,-,-,-,69,-,-,-,-,-,-,-,-,25,15,6,40,,,0,0,0,0,0,0,0,0,0,0,0,0,0,0,0,0,0,0.0,0.00,0,-0.0,0.0,0.00,0,0,0.0,0.0,2,0,0,1,0,0,1,2.1,11,9,2,0,0,0,1,1,2,0,4,0,0,0,0,0,0,0,1,1,0,2.72,54,1,2,0,0,-0.2,0.1,0.1,2.92,2,0,0,0,0,0,0,0,0.00,-0.2,.000,0,0,2.1,0,0,1,0,0,0,0,0,0,0,0,0,0.0,0.0
SP,Red Faber,Red,Faber,Winnipeg Golden Knights,6' 2',180 lbs,S,R,98,Chicago White Sox,CHW,1921,1921-1945,ME,84090,Diamond,Live Collection Reward - Snapshot  SP Red Faber  CWS  1921,0,N,0,19,53,15,86,1,28,44,24,89,1,16,56,12,85,1,77,33,Normal,Normal,Normal,77,112,113,92,77,108,150,91,76,115,83,95,89,-,104,-,-,-,-,-,-,92,-,-,3,NEU,91-93,3/4,Normal,104,90,-,-,-,32,20,23,18,5,8,7,60,-,-,-,-,-,-,-,-,60,-,-,-,-,-,-,-,-,19,4,12,29,,,0,0,0,0,0,0,0,0,0,0,0,0,0,0,0,0,0,0.0,0.00,0,-0.0,0.0,0.00,0,0,0.0,0.0,2,2,1,0,0,0,0,16.0,62,59,4,5,0,2,5,5,2,0,10,1,0,0,0,1,0,0,0,0,0,1.16,240,20,18,0,0,0.1,0.2,0.6,3.97,2,2,1,1,0,0,0,0,0.56,-0.1,1.079,0,0,16.0,0,0,1,1,1,0,0,0,0,0,0,0,-0.3,0.0
SP,Red Faber,Red,Faber,Oslo Nordiques,6' 2',180 lbs,S,R,98,Chicago White Sox,CHW,1921,1921-1945,ME,84090,Diamond,Live Collection Reward - Snapshot  SP Red Faber  CWS  1921,0,N,0,19,53,15,86,1,28,44,24,89,1,16,56,12,85,1,77,33,Normal,Normal,Normal,77,112,113,92,77,108,150,91,76,115,83,95,89,-,104,-,-,-,-,-,-,92,-,-,3,NEU,91-93,3/4,Normal,104,90,-,-,-,32,20,23,18,5,8,7,60,-,-,-,-,-,-,-,-,60,-,-,-,-,-,-,-,-,19,4,12,29,,,0,0,0,0,0,0,0,0,0,0,0,0,0,0,0,0,0,0.0,0.00,0,-0.0,0.0,0.00,0,0,0.0,0.0,1,1,0,1,0,0,0,5.0,24,23,8,0,0,2,5,5,1,0,4,0,0,0,0,0,0,0,0,0,0,0.69,89,3,6,0,1,-0.3,-0.1,-0.1,3.95,1,1,0,0,0,0,0,0,0.00,0.3,.000,1,1,5.0,0,0,0,0,0,0,0,0,0,0,0,0,0.0,0.0
SP,Red Faber,Red,Faber,Three Mile Island Atomic Isotopes,6' 2',180 lbs,S,R,98,Chicago White Sox,CHW,1921,1921-1945,ME,84090,Diamond,Live Collection Reward - Snapshot  SP Red Faber  CWS  1921,0,N,0,19,53,15,86,1,28,44,24,89,1,16,56,12,85,1,77,33,Normal,Normal,Normal,77,112,113,92,77,108,150,91,76,115,83,95,89,-,104,-,-,-,-,-,-,92,-,-,3,NEU,91-93,3/4,Normal,104,90,-,-,-,32,20,23,18,5,8,7,60,-,-,-,-,-,-,-,-,60,-,-,-,-,-,-,-,-,19,4,12,29,,,0,0,0,0,0,0,0,0,0,0,0,0,0,0,0,0,0,0.0,0.00,0,-0.0,0.0,0.00,0,0,0.0,0.0,1,1,0,1,0,0,0,7.2,33,32,8,1,0,1,5,5,1,0,7,0,0,0,0,0,0,1,0,0,0,0.57,134,7,8,0,0,-0.1,0.2,0.0,3.22,1,1,2,1,1,0,1,0,2.35,0.1,1.079,0,0,7.2,0,0,1,1,0,0,0,0,0,0,0,0,0.0,0.0
SP,Red Faber,Red,Faber,Junk Wax Heroes,6' 2',180 lbs,S,R,98,Chicago White Sox,CHW,1921,1921-1945,ME,84090,Diamond,Live Collection Reward - Snapshot  SP Red Faber  CWS  1921,0,N,0,19,53,15,86,1,28,44,24,89,1,16,56,12,85,1,77,33,Normal,Normal,Normal,77,112,113,92,77,108,150,91,76,115,83,95,89,-,104,-,-,-,-,-,-,92,-,-,3,NEU,91-93,3/4,Normal,104,90,-,-,-,32,20,23,18,5,8,7,60,-,-,-,-,-,-,-,-,60,-,-,-,-,-,-,-,-,19,4,12,29,,,0,0,0,0,0,0,0,0,0,0,0,0,0,0,0,0,0,0.0,0.00,0,-0.0,0.0,0.00,0,0,0.0,0.0,2,2,1,1,0,0,0,13.0,56,48,6,0,0,3,6,6,8,0,15,0,0,0,1,0,0,0,0,0,0,1.13,238,10,14,0,0,0.1,-0.0,0.3,3.74,2,2,1,1,0,0,0,0,0.69,0.1,1.079,0,0,13.0,0,0,0,0,1,1,0,0,0,0,0,0,-0.1,0.0
SP,Red Faber,Red,Faber,Cibao Aguilas,6' 2',180 lbs,S,R,98,Chicago White Sox,CHW,1921,1921-1945,ME,84090,Diamond,Live Collection Reward - Snapshot  SP Red Faber  CWS  1921,0,N,0,19,53,15,86,1,28,44,24,89,1,16,56,12,85,1,77,33,Normal,Normal,Normal,77,112,113,92,77,108,150,91,76,115,83,95,89,-,104,-,-,-,-,-,-,92,-,-,3,NEU,91-93,3/4,Normal,104,90,-,-,-,32,20,23,18,5,8,7,60,-,-,-,-,-,-,-,-,60,-,-,-,-,-,-,-,-,19,4,12,29,,,0,0,0,0,0,0,0,0,0,0,0,0,0,0,0,0,0,0.0,0.00,0,-0.0,0.0,0.00,0,0,0.0,0.0,2,2,0,1,0,0,0,10.1,54,53,11,6,1,3,11,11,1,0,11,0,0,0,1,0,0,0,0,0,0,0.94,225,11,9,1,0,-0.6,0.0,-0.3,3.23,2,2,4,2,2,0,0,0,3.48,0.0,1.079,1,0,10.1,0,0,3,3,0,0,0,0,0,0,0,0,0.1,0.0
SP,Red Faber,Red,Faber,New York Jackhammers,6' 2',180 lbs,S,R,98,Chicago White Sox,CHW,1921,1921-1945,ME,84090,Diamond,Live Collection Reward - Snapshot  SP Red Faber  CWS  1921,0,N,0,19,53,15,86,1,28,44,24,89,1,16,56,12,85,1,77,33,Normal,Normal,Normal,77,112,113,92,77,108,150,91,76,115,83,95,89,-,104,-,-,-,-,-,-,92,-,-,3,NEU,91-93,3/4,Normal,104,90,-,-,-,32,20,23,18,5,8,7,60,-,-,-,-,-,-,-,-,60,-,-,-,-,-,-,-,-,19,4,12,29,,,0,0,0,0,0,0,0,0,0,0,0,0,0,0,0,0,0,0.0,0.00,0,-0.0,0.0,0.00,0,0,0.0,0.0,3,3,1,1,0,0,0,16.2,79,71,14,4,2,4,16,15,6,0,8,1,0,1,0,0,0,1,0,0,0,1.02,300,13,26,1,0,-0.5,-0.2,-0.4,5.39,3,3,0,0,0,0,0,0,0.00,-0.4,.000,1,0,16.2,0,0,1,0,0,0,0,0,0,0,0,0,-0.1,0.0
SP,Red Faber,Red,Faber,Rajasthan Rifles Rifles,6' 2',180 lbs,S,R,98,Chicago White Sox,CHW,1921,1921-1945,ME,84090,Diamond,Live Collection Reward - Snapshot  SP Red Faber  CWS  1921,0,N,0,19,53,15,86,1,28,44,24,89,1,16,56,12,85,1,77,33,Normal,Normal,Normal,77,112,113,92,77,108,150,91,76,115,83,95,89,-,104,-,-,-,-,-,-,92,-,-,3,NEU,91-93,3/4,Normal,104,90,-,-,-,32,20,23,18,5,8,7,60,-,-,-,-,-,-,-,-,60,-,-,-,-,-,-,-,-,19,4,12,29,,,0,0,0,0,0,0,0,0,0,0,0,0,0,0,0,0,0,0.0,0.00,0,-0.0,0.0,0.00,0,0,0.0,0.0,1,1,0,1,0,0,0,6.2,27,24,4,2,0,0,4,4,0,0,1,2,0,1,0,0,0,0,0,0,0,1.01,119,11,7,1,0,-0.2,0.1,0.0,5.45,1,1,4,2,1,1,0,0,4.05,-0.1,1.079,1,0,6.2,0,0,1,1,0,0,0,0,0,0,0,0,-0.1,0.0
SP,Red Faber,Red,Faber,Genericsville Generics,6' 2',180 lbs,S,R,98,Chicago White Sox,CHW,1921,1921-1945,ME,84090,Diamond,Live Collection Reward - Snapshot  SP Red Faber  CWS  1921,0,N,0,19,53,15,86,1,28,44,24,89,1,16,56,12,85,1,77,33,Normal,Normal,Normal,77,112,113,92,77,108,150,91,76,115,83,95,89,-,104,-,-,-,-,-,-,92,-,-,3,NEU,91-93,3/4,Normal,104,90,-,-,-,32,20,23,18,5,8,7,60,-,-,-,-,-,-,-,-,60,-,-,-,-,-,-,-,-,19,4,12,29,,,0,0,0,0,0,0,0,0,0,0,0,0,0,0,0,0,0,0.0,0.00,0,-0.0,0.0,0.00,0,0,0.0,0.0,2,2,1,1,0,0,0,15.1,57,53,4,3,0,3,5,5,3,0,13,1,0,0,0,0,0,4,0,0,0,0.90,232,22,7,0,0,0.3,0.1,0.5,3.78,2,2,2,1,1,0,0,0,1.17,0.1,1.079,0,0,15.1,0,0,0,0,1,1,0,0,0,0,0,0,-0.1,0.0
SP,Red Faber,Red,Faber,Jeju City Foxes,6' 2',180 lbs,S,R,98,Chicago White Sox,CHW,1921,1921-1945,ME,84090,Diamond,Live Collection Reward - Snapshot  SP Red Faber  CWS  1921,0,N,0,19,53,15,86,1,28,44,24,89,1,16,56,12,85,1,77,33,Normal,Normal,Normal,77,112,113,92,77,108,150,91,76,115,83,95,89,-,104,-,-,-,-,-,-,92,-,-,3,NEU,91-93,3/4,Normal,104,90,-,-,-,32,20,23,18,5,8,7,60,-,-,-,-,-,-,-,-,60,-,-,-,-,-,-,-,-,19,4,12,29,,,0,0,0,0,0,0,0,0,0,0,0,0,0,0,0,0,0,0.0,0.00,0,-0.0,0.0,0.00,0,0,0.0,0.0,1,1,1,0,0,0,0,7.2,30,28,7,0,0,0,2,2,2,0,3,0,0,0,0,0,0,1,0,0,0,0.96,120,8,10,0,1,0.2,0.2,0.3,5.34,1,1,1,1,0,0,0,0,1.17,0.4,1.079,1,1,7.2,0,0,1,1,0,0,0,0,0,0,0,0,-0.1,0.0
SP,Bob Feller,Bob,Feller,Gamehendge Lizards - HotL,6' 0',185 lbs,R,R,88,Cleveland Guardians,CLE,1939,1921-1945,HOF,85650,Gold,HOF 2 - Hall of Fame  SP Bob Feller  CLE  1939,0,N,0,91,76,1,126,23,87,65,1,111,21,93,80,1,131,24,74,9,Groundball,Spray,Spray,162,64,129,108,149,52,119,82,172,71,138,131,153,105,144,122,-,-,-,-,-,-,-,-,4,EX FB,99-101,3/4,Normal,111,48,-,-,-,35,29,28,20,4,10,4,74,-,-,-,-,-,-,-,-,74,-,-,-,-,-,-,-,-,14,8,6,21,,,0,0,0,0,0,0,0,0,0,0,0,0,0,0,0,0,0,0.0,0.00,0,-0.0,0.0,0.00,0,0,0.0,0.0,1,1,1,0,0,0,0,7.1,27,26,2,1,0,1,1,1,1,0,9,0,0,0,0,0,0,0,0,0,0,0.76,108,7,5,0,1,0.1,0.2,0.5,1.89,1,1,2,1,1,0,0,0,2.45,0.4,1.079,1,1,7.1,0,0,0,0,1,1,0,0,0,0,0,0,0.0,0.0
SP,Bob Feller,Bob,Feller,Chicago Beans,6' 0',185 lbs,R,R,88,Cleveland Guardians,CLE,1939,1921-1945,HOF,85650,Gold,HOF 2 - Hall of Fame  SP Bob Feller  CLE  1939,0,N,0,91,76,1,126,23,87,65,1,111,21,93,80,1,131,24,74,9,Groundball,Spray,Spray,162,64,129,108,149,52,119,82,172,71,138,131,153,105,144,122,-,-,-,-,-,-,-,-,4,EX FB,99-101,3/4,Normal,111,48,-,-,-,35,29,28,20,4,10,4,74,-,-,-,-,-,-,-,-,74,-,-,-,-,-,-,-,-,14,8,6,21,,,0,0,0,0,0,0,0,0,0,0,0,0,0,0,0,0,0,0.0,0.00,0,-0.0,0.0,0.00,0,0,0.0,0.0,1,1,0,0,0,0,0,6.0,27,23,5,1,0,0,4,4,3,0,4,0,0,1,0,1,0,0,0,0,0,1.07,108,6,8,1,0,0.0,0.1,-0.0,5.10,1,1,1,1,0,0,0,0,1.50,-0.1,1.079,1,0,6.0,0,0,1,1,0,0,0,0,0,0,0,0,-0.5,0.0
SP,Bob Feller,Bob,Feller,False Hustle,6' 0',185 lbs,R,R,88,Cleveland Guardians,CLE,1939,1921-1945,HOF,85650,Gold,HOF 2 - Hall of Fame  SP Bob Feller  CLE  1939,0,N,0,91,76,1,126,23,87,65,1,111,21,93,80,1,131,24,74,9,Groundball,Spray,Spray,162,64,129,108,149,52,119,82,172,71,138,131,153,105,144,122,-,-,-,-,-,-,-,-,4,EX FB,99-101,3/4,Normal,111,48,-,-,-,35,29,28,20,4,10,4,74,-,-,-,-,-,-,-,-,74,-,-,-,-,-,-,-,-,14,8,6,21,,,0,0,0,0,0,0,0,0,0,0,0,0,0,0,0,0,0,0.0,0.00,0,-0.0,0.0,0.00,0,0,0.0,0.0,1,0,0,0,0,0,0,2.0,7,7,1,0,0,0,0,0,0,0,2,0,0,0,0,0,0,0,1,0,0,0.17,27,1,3,0,0,0.0,0.1,0.1,1.08,1,0,0,0,0,0,0,0,0.00,0.0,.000,0,0,2.0,0,0,0,0,0,0,0,0,0,0,0,0,0.0,0.0
SP,Bob Feller,Bob,Feller,Roaming Rascals BFF,6' 0',185 lbs,R,R,88,Cleveland Guardians,CLE,1939,1921-1945,HOF,85650,Gold,HOF 2 - Hall of Fame  SP Bob Feller  CLE  1939,0,N,0,91,76,1,126,23,87,65,1,111,21,93,80,1,131,24,74,9,Groundball,Spray,Spray,162,64,129,108,149,52,119,82,172,71,138,131,153,105,144,122,-,-,-,-,-,-,-,-,4,EX FB,99-101,3/4,Normal,111,48,-,-,-,35,29,28,20,4,10,4,74,-,-,-,-,-,-,-,-,74,-,-,-,-,-,-,-,-,14,8,6,21,,,0,0,0,0,0,0,0,0,0,0,0,0,0,0,0,0,0,0.0,0.00,0,-0.0,0.0,0.00,0,0,0.0,0.0,5,0,0,0,2,5,0,10.0,36,33,1,2,0,0,0,0,3,0,14,0,0,0,0,0,0,0,2,4,0,1.12,148,8,8,0,0,0.6,0.4,0.6,1.65,5,0,1,0,1,0,0,0,0.90,0.0,.000,0,0,10.0,0,0,0,0,0,0,0,0,0,0,0,0,-0.5,0.0
SP,Doug Fister,Doug,Fister,Winnipeg Brew Jays - HotL,6' 8',210 lbs,L,R,98,Detroit Tigers,DET,2011,2005-2014,LE,86353,Diamond,Limited Edition/57  SP Doug Fister  DET  2011,0,N,0,2,4,1,3,1,2,4,1,3,1,2,5,1,3,2,24,1,Normal,Normal,Normal,68,128,124,134,69,121,136,128,67,133,115,140,41,-,68,-,102,77,61,-,-,-,-,-,5,NEU,89-91,3/4,Normal,80,80,-,-,-,28,23,28,34,5,2,10,60,-,-,-,-,-,-,-,-,60,-,-,-,-,-,-,-,-,5,4,6,5,,,0,0,0,0,0,0,0,0,0,0,0,0,0,0,0,0,0,0.0,0.00,0,-0.0,0.0,0.00,0,0,0.0,0.0,2,2,0,1,0,0,0,7.2,46,39,12,4,3,1,12,12,5,0,4,1,0,1,1,0,0,1,0,0,0,0.88,183,9,7,0,0,-0.7,-0.1,-0.5,5.91,2,2,1,0,1,0,0,0,1.17,-0.4,.000,0,0,7.2,0,0,1,0,1,0,0,0,0,0,0,0,-0.1,0.0
SP,Doug Fister,Doug,Fister,Camjaveratyn O-Forge,6' 8',210 lbs,L,R,98,Detroit Tigers,DET,2011,2005-2014,LE,86353,Diamond,Limited Edition/57  SP Doug Fister  DET  2011,0,N,0,2,4,1,3,1,2,4,1,3,1,2,5,1,3,2,24,1,Normal,Normal,Normal,68,128,124,134,69,121,136,128,67,133,115,140,41,-,68,-,102,77,61,-,-,-,-,-,5,NEU,89-91,3/4,Normal,80,80,-,-,-,28,23,28,34,5,2,10,60,-,-,-,-,-,-,-,-,60,-,-,-,-,-,-,-,-,5,4,6,5,,,0,0,0,0,0,0,0,0,0,0,0,0,0,0,0,0,0,0.0,0.00,0,-0.0,0.0,0.00,0,0,0.0,0.0,2,2,0,1,0,0,0,12.1,53,51,6,5,0,2,8,8,1,0,9,1,0,0,1,0,0,0,0,0,0,0.95,186,11,17,0,0,-0.4,0.2,0.0,3.64,2,2,2,0,1,1,0,0,0.73,-0.7,.000,0,0,12.1,0,0,2,0,0,0,0,0,0,0,0,0,0.0,0.0
SP,Doug Fister,Doug,Fister,Looking Glass Loopers TBD,6' 8',210 lbs,L,R,98,Detroit Tigers,DET,2011,2005-2014,LE,86353,Diamond,Limited Edition/57  SP Doug Fister  DET  2011,0,N,0,2,4,1,3,1,2,4,1,3,1,2,5,1,3,2,24,1,Normal,Normal,Normal,68,128,124,134,69,121,136,128,67,133,115,140,41,-,68,-,102,77,61,-,-,-,-,-,5,NEU,89-91,3/4,Normal,80,80,-,-,-,28,23,28,34,5,2,10,60,-,-,-,-,-,-,-,-,60,-,-,-,-,-,-,-,-,5,4,6,5,,,0,0,0,0,0,0,0,0,0,0,0,0,0,0,0,0,0,0.0,0.00,0,-0.0,0.0,0.00,0,0,0.0,0.0,1,1,0,0,0,0,0,6.1,25,24,2,1,0,2,2,2,1,0,5,0,0,0,0,0,0,0,0,0,0,0.99,108,6,8,1,0,0.0,-0.0,0.2,3.47,1,1,2,0,2,0,0,0,2.84,-0.1,.000,1,0,6.1,0,0,0,0,0,0,0,0,0,0,0,0,0.0,0.0
SP,Doug Fister,Doug,Fister,Great Lakes Man-of-War-HOTL,6' 8',210 lbs,L,R,98,Detroit Tigers,DET,2011,2005-2014,LE,86353,Diamond,Limited Edition/57  SP Doug Fister  DET  2011,0,N,0,2,4,1,3,1,2,4,1,3,1,2,5,1,3,2,24,1,Normal,Normal,Normal,68,128,124,134,69,121,136,128,67,133,115,140,41,-,68,-,102,77,61,-,-,-,-,-,5,NEU,89-91,3/4,Normal,80,80,-,-,-,28,23,28,34,5,2,10,60,-,-,-,-,-,-,-,-,60,-,-,-,-,-,-,-,-,5,4,6,5,,,0,0,0,0,0,0,0,0,0,0,0,0,0,0,0,0,0,0.0,0.00,0,-0.0,0.0,0.00,0,0,0.0,0.0,2,2,1,0,0,0,0,16.0,63,58,11,1,0,0,2,2,3,0,9,0,1,1,1,0,0,1,0,0,0,1.09,243,15,23,1,0,0.5,0.6,1.0,4.40,2,2,1,0,1,0,0,0,0.56,-0.3,.000,1,0,16.0,0,0,0,0,1,0,0,0,0,0,0,0,0.0,0.0
SP,Doug Fister,Doug,Fister,Kansas City Torrent - JW,6' 8',210 lbs,L,R,98,Detroit Tigers,DET,2011,2005-2014,LE,86353,Diamond,Limited Edition/57  SP Doug Fister  DET  2011,64 836,N,0,2,4,1,3,1,2,4,1,3,1,2,5,1,3,2,24,1,Normal,Normal,Normal,68,128,124,134,69,121,136,128,67,133,115,140,41,-,68,-,102,77,61,-,-,-,-,-,5,NEU,89-91,3/4,Normal,80,80,-,-,-,28,23,28,34,5,2,10,60,-,-,-,-,-,-,-,-,60,-,-,-,-,-,-,-,-,5,4,6,5,,,0,0,0,0,0,0,0,0,0,0,0,0,0,0,0,0,0,0.0,0.00,0,-0.0,0.0,0.00,0,0,0.0,0.0,1,1,1,0,0,0,0,7.0,28,25,6,0,0,0,1,1,2,0,5,0,1,0,0,0,0,1,0,0,0,1.25,112,7,8,0,0,0.3,0.2,0.4,4.18,1,1,1,0,1,0,0,0,1.29,0.0,.000,0,0,7.0,0,0,0,0,0,0,0,0,0,0,0,0,0.0,0.0
SP,Doug Fister,Doug,Fister,Globo Gym Purple Cobras - JW,6' 8',210 lbs,L,R,98,Detroit Tigers,DET,2011,2005-2014,LE,86353,Diamond,Limited Edition/57  SP Doug Fister  DET  2011,0,N,0,2,4,1,3,1,2,4,1,3,1,2,5,1,3,2,24,1,Normal,Normal,Normal,68,128,124,134,69,121,136,128,67,133,115,140,41,-,68,-,102,77,61,-,-,-,-,-,5,NEU,89-91,3/4,Normal,80,80,-,-,-,28,23,28,34,5,2,10,60,-,-,-,-,-,-,-,-,60,-,-,-,-,-,-,-,-,5,4,6,5,,,0,0,0,0,0,0,0,0,0,0,0,0,0,0,0,0,0,0.0,0.00,0,-0.0,0.0,0.00,0,0,0.0,0.0,1,1,0,1,0,0,0,7.1,31,29,6,3,0,0,3,3,0,0,5,0,0,2,0,0,0,0,0,0,0,1.11,108,6,11,0,0,-0.1,0.4,0.2,3.47,1,1,1,1,0,0,0,0,1.23,0.1,1.079,0,0,7.1,0,0,1,1,0,0,0,0,0,0,0,0,-0.3,0.0
SP,Doug Fister,Doug,Fister,NoseKerim Astea Kerim,6' 8',210 lbs,L,R,98,Detroit Tigers,DET,2011,2005-2014,LE,86353,Diamond,Limited Edition/57  SP Doug Fister  DET  2011,0,N,0,2,4,1,3,1,2,4,1,3,1,2,5,1,3,2,24,1,Normal,Normal,Normal,68,128,124,134,69,121,136,128,67,133,115,140,41,-,68,-,102,77,61,-,-,-,-,-,5,NEU,89-91,3/4,Normal,80,80,-,-,-,28,23,28,34,5,2,10,60,-,-,-,-,-,-,-,-,60,-,-,-,-,-,-,-,-,5,4,6,5,,,0,0,0,0,0,0,0,0,0,0,0,0,0,0,0,0,0,0.0,0.00,0,-0.0,0.0,0.00,0,0,0.0,0.0,5,5,1,0,0,0,0,34.2,141,133,18,7,0,4,4,4,7,0,23,1,0,0,0,0,0,2,0,0,0,1.09,546,26,52,0,1,1.2,0.5,2.2,4.00,5,5,5,1,4,0,0,0,1.30,0.4,1.079,1,1,34.2,0,0,1,1,0,0,0,0,0,0,0,0,0.1,0.0
SP,Bob Friend,Bob,Friend,Northville Stallions,6' 0',190 lbs,R,R,99,Pittsburgh Pirates,PIT,1960,1946-1960,ME,84086,Diamond,Live Collection Reward - Historical All-Star  SP Bob Friend  PIT  1960,0,N,0,10,48,14,40,29,16,48,8,34,20,8,49,16,42,31,70,29,Normal,Pull,Pull,86,141,77,116,64,129,107,131,102,150,53,111,-,123,112,-,72,-,-,-,-,-,-,-,3,NEU,87-89,3/4,Normal,73,71,-,-,-,31,36,29,21,10,8,9,75,-,-,-,-,-,-,-,-,75,-,-,-,-,-,-,-,-,16,4,6,28,,,0,0,0,0,0,0,0,0,0,0,0,0,0,0,0,0,0,0.0,0.00,0,-0.0,0.0,0.00,0,0,0.0,0.0,1,1,0,1,0,0,0,7.2,30,29,5,1,0,1,3,3,0,0,7,0,1,0,0,0,0,0,0,0,0,0.97,122,8,8,0,0,0.2,0.2,0.2,2.60,1,1,2,1,1,0,0,0,2.35,0.1,1.079,0,0,7.2,0,0,1,1,0,0,0,0,0,0,0,0,-0.1,0.0
SP,Bob Friend,Bob,Friend,Winnipeg Golden Knights,6' 0',190 lbs,R,R,99,Pittsburgh Pirates,PIT,1960,1946-1960,ME,84086,Diamond,Live Collection Reward - Historical All-Star  SP Bob Friend  PIT  1960,0,N,0,10,48,14,40,29,16,48,8,34,20,8,49,16,42,31,70,29,Normal,Pull,Pull,86,141,77,116,64,129,107,131,102,150,53,111,-,123,112,-,72,-,-,-,-,-,-,-,3,NEU,87-89,3/4,Normal,73,71,-,-,-,31,36,29,21,10,8,9,75,-,-,-,-,-,-,-,-,75,-,-,-,-,-,-,-,-,16,4,6,28,,,0,0,0,0,0,0,0,0,0,0,0,0,0,0,0,0,0,0.0,0.00,0,-0.0,0.0,0.00,0,0,0.0,0.0,3,3,0,1,0,0,0,21.1,88,86,16,1,0,6,12,12,2,0,23,0,0,0,0,0,0,1,0,0,0,0.88,337,14,24,1,0,-0.6,0.1,0.2,2.33,3,3,3,2,1,0,0,0,1.27,0.0,1.079,1,0,21.1,0,0,1,1,1,1,0,0,0,0,0,0,-0.1,0.0
SP,Bob Friend,Bob,Friend,Oslo Nordiques,6' 0',190 lbs,R,R,99,Pittsburgh Pirates,PIT,1960,1946-1960,ME,84086,Diamond,Live Collection Reward - Historical All-Star  SP Bob Friend  PIT  1960,0,N,0,10,48,14,40,29,16,48,8,34,20,8,49,16,42,31,70,29,Normal,Pull,Pull,86,141,77,116,64,129,107,131,102,150,53,111,-,123,112,-,72,-,-,-,-,-,-,-,3,NEU,87-89,3/4,Normal,73,71,-,-,-,31,36,29,21,10,8,9,75,-,-,-,-,-,-,-,-,75,-,-,-,-,-,-,-,-,16,4,6,28,,,0,0,0,0,0,0,0,0,0,0,0,0,0,0,0,0,0,0.0,0.00,0,-0.0,0.0,0.00,0,0,0.0,0.0,1,1,0,0,0,0,0,7.0,25,24,2,1,0,0,1,1,1,0,7,0,0,0,0,0,0,1,0,0,0,1.24,110,5,8,0,0,0.3,0.4,0.4,2.26,1,1,0,0,0,0,0,0,0.00,0.0,.000,0,0,7.0,0,0,0,0,0,0,0,0,0,0,0,0,0.0,0.0
SP,Bob Friend,Bob,Friend,Dubuque Packers,6' 0',190 lbs,R,R,99,Pittsburgh Pirates,PIT,1960,1946-1960,ME,84086,Diamond,Live Collection Reward - Historical All-Star  SP Bob Friend  PIT  1960,0,N,0,10,48,14,40,29,16,48,8,34,20,8,49,16,42,31,70,29,Normal,Pull,Pull,86,141,77,116,64,129,107,131,102,150,53,111,-,123,112,-,72,-,-,-,-,-,-,-,3,NEU,87-89,3/4,Normal,73,71,-,-,-,31,36,29,21,10,8,9,75,-,-,-,-,-,-,-,-,75,-,-,-,-,-,-,-,-,16,4,6,28,,,0,0,0,0,0,0,0,0,0,0,0,0,0,0,0,0,0,0.0,0.00,0,-0.0,0.0,0.00,0,0,0.0,0.0,2,2,2,0,0,0,0,13.0,53,49,13,0,2,1,5,5,2,0,6,0,0,2,0,0,0,3,0,0,0,1.16,218,17,12,1,1,0.2,0.3,0.4,4.73,2,2,2,1,1,0,0,0,1.38,0.5,.000,2,1,13.0,0,0,1,1,0,0,0,0,0,0,0,0,0.0,0.0
SP,Bob Friend,Bob,Friend,Waltham River Otters,6' 0',190 lbs,R,R,99,Pittsburgh Pirates,PIT,1960,1946-1960,ME,84086,Diamond,Live Collection Reward - Historical All-Star  SP Bob Friend  PIT  1960,0,N,0,10,48,14,40,29,16,48,8,34,20,8,49,16,42,31,70,29,Normal,Pull,Pull,86,141,77,116,64,129,107,131,102,150,53,111,-,123,112,-,72,-,-,-,-,-,-,-,3,NEU,87-89,3/4,Normal,73,71,-,-,-,31,36,29,21,10,8,9,75,-,-,-,-,-,-,-,-,75,-,-,-,-,-,-,-,-,16,4,6,28,,,0,0,0,0,0,0,0,0,0,0,0,0,0,0,0,0,0,0.0,0.00,0,-0.0,0.0,0.00,0,0,0.0,0.0,4,4,1,2,0,0,0,25.0,107,102,19,4,1,5,14,13,5,0,15,0,0,0,0,0,0,2,0,0,0,0.96,429,31,26,0,1,-0.1,0.1,0.2,4.43,4,4,2,0,2,0,0,0,0.72,0.2,.000,1,1,25.0,0,0,0,0,1,0,0,0,0,0,0,0,0.0,0.0
SP,Bob Friend,Bob,Friend,New York Jackhammers,6' 0',190 lbs,R,R,99,Pittsburgh Pirates,PIT,1960,1946-1960,ME,84086,Diamond,Live Collection Reward - Historical All-Star  SP Bob Friend  PIT  1960,0,N,0,10,48,14,40,29,16,48,8,34,20,8,49,16,42,31,70,29,Normal,Pull,Pull,86,141,77,116,64,129,107,131,102,150,53,111,-,123,112,-,72,-,-,-,-,-,-,-,3,NEU,87-89,3/4,Normal,73,71,-,-,-,31,36,29,21,10,8,9,75,-,-,-,-,-,-,-,-,75,-,-,-,-,-,-,-,-,16,4,6,28,,,0,0,0,0,0,0,0,0,0,0,0,0,0,0,0,0,0,0.0,0.00,0,-0.0,0.0,0.00,0,0,0.0,0.0,3,3,1,2,0,0,0,17.2,77,71,15,2,1,2,8,8,6,0,10,0,0,0,0,0,0,3,0,0,0,0.92,291,22,18,0,0,0.2,0.2,0.4,4.93,3,3,3,0,3,0,1,0,1.53,-0.2,.000,0,0,17.2,0,0,0,0,1,0,0,0,0,0,0,0,-0.4,0.0
SP,Bob Friend,Bob,Friend,Orlando Heatstrokes,6' 0',190 lbs,R,R,99,Pittsburgh Pirates,PIT,1960,1946-1960,ME,84086,Diamond,Live Collection Reward - Historical All-Star  SP Bob Friend  PIT  1960,0,N,0,10,48,14,40,29,16,48,8,34,20,8,49,16,42,31,70,29,Normal,Pull,Pull,86,141,77,116,64,129,107,131,102,150,53,111,-,123,112,-,72,-,-,-,-,-,-,-,3,NEU,87-89,3/4,Normal,73,71,-,-,-,31,36,29,21,10,8,9,75,-,-,-,-,-,-,-,-,75,-,-,-,-,-,-,-,-,16,4,6,28,,,0,0,0,0,0,0,0,0,0,0,0,0,0,0,0,0,0,0.0,0.00,0,-0.0,0.0,0.00,0,0,0.0,0.0,1,1,1,0,0,0,0,8.0,33,32,7,1,0,0,1,1,1,0,6,0,0,0,0,0,0,0,0,0,0,0.98,111,7,11,0,0,0.3,0.4,0.5,3.58,1,1,0,0,0,0,0,0,0.00,0.0,.000,0,0,8.0,0,0,0,0,0,0,0,0,0,0,0,0,0.0,0.0
SP,Bob Friend,Bob,Friend,Rajasthan Rifles Rifles,6' 0',190 lbs,R,R,99,Pittsburgh Pirates,PIT,1960,1946-1960,ME,84086,Diamond,Live Collection Reward - Historical All-Star  SP Bob Friend  PIT  1960,0,N,0,10,48,14,40,29,16,48,8,34,20,8,49,16,42,31,70,29,Normal,Pull,Pull,86,141,77,116,64,129,107,131,102,150,53,111,-,123,112,-,72,-,-,-,-,-,-,-,3,NEU,87-89,3/4,Normal,73,71,-,-,-,31,36,29,21,10,8,9,75,-,-,-,-,-,-,-,-,75,-,-,-,-,-,-,-,-,16,4,6,28,,,0,0,0,0,0,0,0,0,0,0,0,0,0,0,0,0,0,0.0,0.00,0,-0.0,0.0,0.00,0,0,0.0,0.0,1,1,0,0,0,0,0,7.1,30,30,4,2,0,1,4,4,0,0,5,0,0,0,0,0,0,0,0,0,0,1.18,104,9,8,0,0,-0.1,0.2,0.1,3.53,1,1,2,2,0,0,0,0,2.45,0.2,1.079,0,0,7.1,0,0,0,0,1,1,1,1,0,0,0,0,0.0,0.0
SP,Bob Friend,Bob,Friend,Numenor Faithful,6' 0',190 lbs,R,R,99,Pittsburgh Pirates,PIT,1960,1946-1960,ME,84086,Diamond,Live Collection Reward - Historical All-Star  SP Bob Friend  PIT  1960,0,N,0,10,48,14,40,29,16,48,8,34,20,8,49,16,42,31,70,29,Normal,Pull,Pull,86,141,77,116,64,129,107,131,102,150,53,111,-,123,112,-,72,-,-,-,-,-,-,-,3,NEU,87-89,3/4,Normal,73,71,-,-,-,31,36,29,21,10,8,9,75,-,-,-,-,-,-,-,-,75,-,-,-,-,-,-,-,-,16,4,6,28,,,0,0,0,0,0,0,0,0,0,0,0,0,0,0,0,0,0,0.0,0.00,0,-0.0,0.0,0.00,0,0,0.0,0.0,1,1,0,1,0,0,0,6.1,30,30,5,1,2,3,7,7,0,0,6,0,0,0,0,0,0,0,0,0,0,0.59,98,2,11,0,0,-0.1,-0.1,-0.2,2.40,1,1,1,0,1,0,0,0,1.42,0.0,.000,0,0,6.1,0,0,0,0,0,0,0,0,0,0,0,0,0.0,0.0
SP,Bob Friend,Bob,Friend,Lowlyworm's Apple Car,6' 0',190 lbs,R,R,99,Pittsburgh Pirates,PIT,1960,1946-1960,ME,84086,Diamond,Live Collection Reward - Historical All-Star  SP Bob Friend  PIT  1960,0,N,0,10,48,14,40,29,16,48,8,34,20,8,49,16,42,31,70,29,Normal,Pull,Pull,86,141,77,116,64,129,107,131,102,150,53,111,-,123,112,-,72,-,-,-,-,-,-,-,3,NEU,87-89,3/4,Normal,73,71,-,-,-,31,36,29,21,10,8,9,75,-,-,-,-,-,-,-,-,75,-,-,-,-,-,-,-,-,16,4,6,28,,,0,0,0,0,0,0,0,0,0,0,0,0,0,0,0,0,0,0.0,0.00,0,-0.0,0.0,0.00,0,0,0.0,0.0,2,2,1,0,0,0,0,14.2,56,52,3,1,0,5,8,8,3,0,13,1,0,0,1,0,0,1,0,0,0,0.94,211,10,20,1,0,-0.2,-0.2,0.2,2.98,2,2,2,2,0,0,1,0,1.23,0.0,1.079,1,0,14.2,0,0,1,1,1,1,0,0,0,0,0,0,0.0,0.0
SP,Bob Friend,Bob,Friend,Genericsville Generics,6' 0',190 lbs,R,R,99,Pittsburgh Pirates,PIT,1960,1946-1960,ME,84086,Diamond,Live Collection Reward - Historical All-Star  SP Bob Friend  PIT  1960,0,N,0,10,48,14,40,29,16,48,8,34,20,8,49,16,42,31,70,29,Normal,Pull,Pull,86,141,77,116,64,129,107,131,102,150,53,111,-,123,112,-,72,-,-,-,-,-,-,-,3,NEU,87-89,3/4,Normal,73,71,-,-,-,31,36,29,21,10,8,9,75,-,-,-,-,-,-,-,-,75,-,-,-,-,-,-,-,-,16,4,6,28,,,0,0,0,0,0,0,0,0,0,0,0,0,0,0,0,0,0,0.0,0.00,0,-0.0,0.0,0.00,0,0,0.0,0.0,2,2,0,1,0,0,0,12.2,55,54,13,1,0,3,7,7,1,0,8,0,0,0,1,0,0,2,0,0,0,0.92,215,11,17,1,0,-0.1,0.0,0.1,4.02,2,2,1,0,1,0,0,0,0.71,-0.1,.000,1,0,12.2,0,0,1,1,0,0,0,0,0,0,0,0,0.0,0.0
SP,Bob Friend,Bob,Friend,Jeju City Foxes,6' 0',190 lbs,R,R,99,Pittsburgh Pirates,PIT,1960,1946-1960,ME,84086,Diamond,Live Collection Reward - Historical All-Star  SP Bob Friend  PIT  1960,0,N,0,10,48,14,40,29,16,48,8,34,20,8,49,16,42,31,70,29,Normal,Pull,Pull,86,141,77,116,64,129,107,131,102,150,53,111,-,123,112,-,72,-,-,-,-,-,-,-,3,NEU,87-89,3/4,Normal,73,71,-,-,-,31,36,29,21,10,8,9,75,-,-,-,-,-,-,-,-,75,-,-,-,-,-,-,-,-,16,4,6,28,,,0,0,0,0,0,0,0,0,0,0,0,0,0,0,0,0,0,0.0,0.00,0,-0.0,0.0,0.00,0,0,0.0,0.0,1,1,0,0,0,0,0,7.1,29,25,5,0,0,0,3,3,2,0,4,1,0,1,0,0,0,0,0,0,0,1.38,112,9,8,1,0,0.1,0.2,0.2,4.72,1,1,2,1,1,0,0,0,2.45,-0.1,1.079,1,0,7.1,0,0,1,1,0,0,0,0,0,0,0,0,0.0,0.0
SP,Matt Garza,Matt,Garza,Watertown Sword Guys TBD,6' 4',220 lbs,R,R,81,Chicago Cubs,CHC,2011,2005-2014,PTCS,86294,Gold,PTCS 4 - Unsung Heroes  SP Matt Garza  CHC  2011,0,N,0,5,5,1,7,3,8,9,1,4,2,4,4,1,9,4,32,1,Normal,Pull,Pull,115,72,66,122,120,84,52,127,111,63,74,119,111,85,78,121,94,-,-,-,-,-,-,-,5,NEU,93-95,OTT,Normal,72,63,-,-,-,23,13,19,23,3,3,4,42,-,-,-,-,-,-,-,-,42,-,-,-,-,-,-,-,-,13,4,6,21,,,0,0,0,0,0,0,0,0,0,0,0,0,0,0,0,0,0,0.0,0.00,0,-0.0,0.0,0.00,0,0,0.0,0.0,1,1,0,1,0,0,0,5.2,23,22,5,0,1,0,1,1,1,0,7,0,0,0,1,0,0,1,0,0,0,1.27,107,6,3,0,0,0.1,0.3,0.3,2.43,1,1,1,1,0,0,0,0,1.59,0.1,1.079,0,0,5.2,0,0,0,0,1,1,0,0,0,0,0,0,0.0,0.0
SP,Bob Gibson,Bob,Gibson,Watertown Sword Guys TBD,6' 1',195 lbs,R,R,70,St. Louis Cardinals,STL,1961,1961-1979,,85499,Silver,60s Theme Week - Snapshot  SP Bob Gibson  STL  1961,0,Y,5,30,86,35,46,23,38,107,39,58,30,26,77,34,42,22,56,6,Normal,Normal,Normal,100,57,83,136,75,53,82,133,123,62,85,138,97,78,79,94,92,-,-,-,-,-,-,-,5,NEU,90-92,3/4,Normal,77,60,-,-,-,26,21,27,34,4,9,10,62,-,-,-,-,-,-,-,-,62,-,-,-,-,-,-,-,-,11,4,6,17,,,0,0,0,0,0,0,0,0,0,0,0,0,0,0,0,0,0,0.0,0.00,0,-0.0,0.0,0.00,0,0,0.0,0.0,1,0,0,0,0,0,0,2.2,10,9,0,1,1,0,1,1,1,0,3,0,0,0,0,0,0,1,1,2,0,0.79,43,2,2,0,0,0.0,0.1,0.0,2.88,1,0,0,0,0,0,0,0,0.00,0.0,.000,0,0,2.2,0,0,0,0,0,0,0,0,0,0,0,0,0.0,0.0
SP,Tyler Glasnow,Tyler,Glasnow,Youngstown Ironmen,6' 8',225 lbs,L,R,88,Tampa Bay Rays,TBD,2021,2015+,LE,86689,Gold,Limited Edition/88  SP Tyler Glasnow  TB  2021,0,N,0,1,3,1,3,1,1,3,1,3,1,1,3,1,3,2,27,1,Normal,Normal,Normal,138,78,93,96,140,99,130,99,137,56,71,93,133,78,122,134,-,-,-,-,-,-,-,-,4,FB,97-99,OTT,Normal,72,46,-,-,-,25,20,23,23,9,3,5,52,-,-,-,-,-,-,-,-,52,-,-,-,-,-,-,-,-,16,4,6,28,,,0,0,0,0,0,0,0,0,0,0,0,0,0,0,0,0,0,0.0,0.00,0,-0.0,0.0,0.00,0,0,0.0,0.0,1,1,1,0,0,0,0,6.0,25,23,5,0,0,0,1,0,2,0,9,0,0,0,0,0,0,1,0,0,0,1.05,113,4,4,0,0,0.1,0.3,0.3,1.94,1,1,0,0,0,0,0,0,0.00,0.0,.000,0,0,6.0,0,0,0,0,0,0,0,0,0,0,0,0,0.0,0.0
SP,Austin Gomber,Austin,Gomber,Montrose Cobblers,6' 5',220 lbs,L,L,76,Colorado Rockies,COL,2021,2015+,BBR,85688,Silver,June Gems - Baseball Reference 3  SP Austin Gomber  COL  2021,0,Y,5,1,5,1,5,4,1,5,1,5,4,1,5,1,5,4,55,3,Normal,Spray,Spray,76,101,110,84,77,126,126,87,76,94,106,81,81,78,78,79,-,-,-,-,-,-,-,-,4,NEU,91-93,OTT,Normal,61,82,-,-,-,25,20,23,23,9,6,3,57,-,-,-,-,-,-,-,-,57,-,-,-,-,-,-,-,-,9,3,6,14,,,0,0,0,0,0,0,0,0,0,0,0,0,0,0,0,0,0,0.0,0.00,0,-0.0,0.0,0.00,0,0,0.0,0.0,2,0,0,0,0,0,0,2.0,9,9,2,0,0,1,2,2,0,0,2,0,0,0,0,0,0,0,0,0,0,0.31,39,2,2,0,0,0.0,-0.1,-0.1,2.75,2,0,0,0,0,0,0,0,0.00,0.0,.000,0,0,2.0,0,0,0,0,0,0,0,0,0,0,0,0,0.0,0.0
SP,Dwight Gooden,Dwight,Gooden,Oslo Nordiques,6' 3',210 lbs,R,R,95,New York Mets,NYM,1990,1980-1992,ME,83262,Diamond,Live Collection Reward - Snapshot  SP Dwight Gooden  NYM  1990,0,N,0,15,38,28,37,22,24,35,16,26,25,12,39,31,40,21,72,10,Normal,Pull,Pull,105,81,38,143,107,87,51,140,104,75,27,145,87,121,100,123,-,-,-,-,-,-,-,-,4,NEU,93-95,3/4,Normal,80,33,-,-,-,31,21,28,32,1,9,5,62,-,-,-,-,-,-,-,-,62,-,-,-,-,-,-,-,-,14,5,6,23,,,0,0,0,0,0,0,0,0,0,0,0,0,0,0,0,0,0,0.0,0.00,0,-0.0,0.0,0.00,0,0,0.0,0.0,1,1,0,0,0,0,0,4.2,23,20,7,0,0,1,5,5,1,0,2,0,1,1,0,0,0,0,0,0,0,0.97,76,6,6,2,0,-0.4,-0.0,-0.2,5.22,1,1,0,0,0,0,0,0,0.00,-0.3,.000,2,0,4.2,0,0,0,0,0,0,0,0,0,0,0,0,-0.1,0.0
SP,Sonny Gray,Sonny,Gray,Dry Creek Craw Daddies,5' 10',190 lbs,R,R,99,Cincinnati Reds,CIN,2019,2015+,PTMS,83094,Diamond,PTMS 1  SP Sonny Gray  CIN  2019,0,N,0,8,2,1,2,1,8,3,1,3,1,8,2,1,2,1,100,8,Normal,Spray,Spray,92,68,122,120,91,61,121,120,93,74,123,120,95,109,91,98,100,-,101,-,-,-,-,-,6,GB,93-95,OTT,GB'er,75,39,-,-,-,32,23,26,23,4,5,9,64,-,-,-,-,-,-,-,-,64,-,-,-,-,-,-,-,-,19,4,6,33,,,0,0,0,0,0,0,0,0,0,0,0,0,0,0,0,0,0,0.0,0.00,0,-0.0,0.0,0.00,0,0,0.0,0.0,1,1,1,0,0,0,0,8.2,31,28,2,0,0,0,0,0,3,0,7,0,0,0,0,0,0,0,0,0,0,0.64,132,11,7,2,1,0.2,0.3,0.8,3.91,1,1,4,4,0,0,0,0,4.15,0.1,1.079,3,1,8.2,0,0,3,2,1,1,0,0,0,0,0,0,0.0,0.0
SP,Cole Hamels,Cole,Hamels,Youngstown Ironmen,6' 4',205 lbs,L,L,93,Philadelphia Phillies,PHI,2011,2005-2014,,86279,Diamond,All-Star Week - Historical All-Star  SP Cole Hamels  PHI  2011,0,N,0,27,34,4,39,19,23,30,2,30,13,29,36,5,42,22,56,7,Normal,Normal,Normal,98,126,131,76,96,128,66,89,99,125,158,72,79,-,58,-,-,-,77,-,126,-,-,-,4,GB,90-92,3/4,GB'er,93,50,-,-,-,26,23,24,23,7,1,3,56,-,-,-,-,-,-,-,-,56,-,-,-,-,-,-,-,-,26,43,30,16,,,0,0,0,0,0,0,0,0,0,0,0,0,0,0,0,0,0,0.0,0.00,0,-0.0,0.0,0.00,0,0,0.0,0.0,2,2,1,0,0,0,0,13.1,57,55,8,6,1,1,5,5,2,0,11,0,0,0,0,0,0,1,0,0,0,0.88,222,11,17,1,0,0.0,0.4,0.4,3.49,2,2,4,4,0,0,0,0,2.70,0.1,1.079,1,0,13.1,0,0,3,3,1,1,0,0,0,0,0,0,0.0,0.0
SP,Mike Hampton,Mike,Hampton,Providence Friars - HotL,5' 10',195 lbs,R,L,79,Atlanta Braves,ATL,2003,1993-2004,,86693,Silver,PTWC 65th-128th - Hardware Heroes  SP Mike Hampton  ATL  2003,0,N,0,85,60,103,74,61,89,73,89,88,58,84,52,110,69,62,81,56,Normal,Normal,Normal,74,71,118,144,90,71,144,141,68,71,110,145,90,111,51,56,-,-,-,-,-,-,-,-,4,GB,89-91,3/4,GB'er,75,67,-,-,-,70,69,67,66,5,5,3,123,-,-,-,-,-,-,-,-,123,-,-,-,-,-,-,-,-,44,37,39,43,,,0,0,0,0,0,0,0,0,0,0,0,0,0,0,0,0,0,0.0,0.00,0,-0.0,0.0,0.00,0,0,0.0,0.0,4,0,1,0,1,2,1,6.0,32,28,8,1,0,0,7,7,3,0,2,0,0,1,0,0,0,0,1,3,0,1.28,97,8,8,0,0,0.0,0.0,-0.4,6.19,4,0,0,0,0,0,0,0,0.00,0.0,.000,0,0,6.0,0,0,0,0,0,0,0,0,0,0,0,0,0.0,0.0
SP,Mike Hampton,Mike,Hampton,Globo Gym Purple Cobras - JW,5' 10',195 lbs,R,L,79,Atlanta Braves,ATL,2003,1993-2004,,86693,Silver,PTWC 65th-128th - Hardware Heroes  SP Mike Hampton  ATL  2003,0,N,0,85,60,103,74,61,89,73,89,88,58,84,52,110,69,62,81,56,Normal,Normal,Normal,74,71,118,144,90,71,144,141,68,71,110,145,90,111,51,56,-,-,-,-,-,-,-,-,4,GB,89-91,3/4,GB'er,75,67,-,-,-,70,69,67,66,5,5,3,123,-,-,-,-,-,-,-,-,123,-,-,-,-,-,-,-,-,44,37,39,43,,,0,0,0,0,0,0,0,0,0,0,0,0,0,0,0,0,0,0.0,0.00,0,-0.0,0.0,0.00,0,0,0.0,0.0,1,0,0,0,0,0,0,1.0,5,5,1,0,0,0,0,0,0,0,0,0,0,0,0,0,0,0,1,0,0,0.20,19,2,1,0,0,0.0,0.0,0.1,6.04,1,0,1,1,0,0,0,0,9.00,0.1,1.079,0,0,1.0,0,0,0,0,1,1,0,0,0,0,0,0,0.0,0.0
SP,Mike Hampton,Mike,Hampton,Waltham River Otters,5' 10',195 lbs,R,L,79,Atlanta Braves,ATL,2003,1993-2004,,86693,Silver,PTWC 65th-128th - Hardware Heroes  SP Mike Hampton  ATL  2003,0,N,0,85,60,103,74,61,89,73,89,88,58,84,52,110,69,62,81,56,Normal,Normal,Normal,74,71,118,144,90,71,144,141,68,71,110,145,90,111,51,56,-,-,-,-,-,-,-,-,4,GB,89-91,3/4,GB'er,75,67,-,-,-,70,69,67,66,5,5,3,123,-,-,-,-,-,-,-,-,123,-,-,-,-,-,-,-,-,44,37,39,43,,,0,0,0,0,0,0,0,0,0,0,0,0,0,0,0,0,0,0.0,0.00,0,-0.0,0.0,0.00,0,0,0.0,0.0,2,0,0,0,1,0,0,3.1,12,12,1,1,0,0,0,0,0,0,1,0,0,0,0,0,0,0,1,2,0,0.53,44,4,5,0,0,0.0,0.1,0.2,4.82,2,0,1,0,1,0,0,0,2.70,0.0,.000,0,0,3.1,0,0,0,0,0,0,0,0,0,0,0,0,0.0,0.0
SP,Mike Hampton,Mike,Hampton,AW Bees - GH,5' 10',195 lbs,R,L,79,Atlanta Braves,ATL,2003,1993-2004,,86693,Silver,PTWC 65th-128th - Hardware Heroes  SP Mike Hampton  ATL  2003,0,N,0,85,60,103,74,61,89,73,89,88,58,84,52,110,69,62,81,56,Normal,Normal,Normal,74,71,118,144,90,71,144,141,68,71,110,145,90,111,51,56,-,-,-,-,-,-,-,-,4,GB,89-91,3/4,GB'er,75,67,-,-,-,70,69,67,66,5,5,3,123,-,-,-,-,-,-,-,-,123,-,-,-,-,-,-,-,-,44,37,39,43,,,0,0,0,0,0,0,0,0,0,0,0,0,0,0,0,0,0,0.0,0.00,0,-0.0,0.0,0.00,0,0,0.0,0.0,4,0,0,0,0,1,1,5.2,24,21,2,2,1,0,2,1,2,0,4,0,0,1,1,0,0,0,4,1,1,0.77,93,4,8,0,0,0.1,0.1,0.1,4.39,4,0,1,1,0,0,0,0,1.59,0.1,1.079,0,0,5.2,0,0,1,1,0,0,0,0,0,0,0,0,0.0,0.0
SP,J.A. Happ,J.A.,Happ,Chicago Rat Finks - HotL,6' 5',205 lbs,L,L,87,Pittsburgh Pirates,PIT,2015,2015+,CS,86352,Gold,Clubhouse - Baseball Reference 6  SP J.A. Happ  PIT  2015,0,N,0,1,2,1,3,1,1,5,1,2,3,2,2,1,4,1,29,1,Normal,Normal,Normal,125,99,72,116,110,122,60,150,130,94,77,112,120,99,129,84,99,-,-,-,-,-,-,-,5,FB,92-94,3/4,Normal,62,57,-,-,-,35,38,32,23,6,9,10,80,-,-,-,-,-,-,-,-,80,-,-,-,-,-,-,-,-,9,5,6,13,,,0,0,0,0,0,0,0,0,0,0,0,0,0,0,0,0,0,0.0,0.00,0,-0.0,0.0,0.00,0,0,0.0,0.0,1,1,1,0,0,0,0,6.1,28,24,4,1,0,1,4,4,2,0,4,1,0,0,0,0,1,0,0,0,0,0.80,103,6,8,0,0,0.1,0.0,0.0,4.71,1,1,2,1,1,0,0,0,2.84,0.0,.000,0,0,6.1,0,0,0,0,0,0,0,0,0,0,0,0,-0.3,0.0
SP,J.A. Happ,J.A.,Happ,Ogden Raptors - HotL,6' 5',205 lbs,L,L,87,Pittsburgh Pirates,PIT,2015,2015+,CS,86352,Gold,Clubhouse - Baseball Reference 6  SP J.A. Happ  PIT  2015,0,N,0,1,2,1,3,1,1,5,1,2,3,2,2,1,4,1,29,1,Normal,Normal,Normal,125,99,72,116,110,122,60,150,130,94,77,112,120,99,129,84,99,-,-,-,-,-,-,-,5,FB,92-94,3/4,Normal,62,57,-,-,-,35,38,32,23,6,9,10,80,-,-,-,-,-,-,-,-,80,-,-,-,-,-,-,-,-,9,5,6,13,,,0,0,0,0,0,0,0,0,0,0,0,0,0,0,0,0,0,0.0,0.00,0,-0.0,0.0,0.00,0,0,0.0,0.0,2,2,0,1,0,0,0,11.2,49,47,7,1,1,2,4,4,1,0,16,0,0,1,0,0,0,0,0,0,0,0.97,220,6,13,0,0,0.2,0.4,0.4,1.32,2,2,1,1,0,0,0,0,0.77,0.1,1.079,0,0,11.2,0,0,1,1,0,0,0,0,0,0,0,0,-0.1,0.0
SP,J.A. Happ,J.A.,Happ,Watertown Sword Guys TBD,6' 5',205 lbs,L,L,87,Pittsburgh Pirates,PIT,2015,2015+,CS,86352,Gold,Clubhouse - Baseball Reference 6  SP J.A. Happ  PIT  2015,0,N,0,1,2,1,3,1,1,5,1,2,3,2,2,1,4,1,29,1,Normal,Normal,Normal,125,99,72,116,110,122,60,150,130,94,77,112,120,99,129,84,99,-,-,-,-,-,-,-,5,FB,92-94,3/4,Normal,62,57,-,-,-,35,38,32,23,6,9,10,80,-,-,-,-,-,-,-,-,80,-,-,-,-,-,-,-,-,9,5,6,13,,,0,0,0,0,0,0,0,0,0,0,0,0,0,0,0,0,0,0.0,0.00,0,-0.0,0.0,0.00,0,0,0.0,0.0,2,2,1,1,0,0,0,10.0,48,41,9,3,0,2,6,6,6,0,7,0,0,1,2,0,0,0,0,0,0,1.10,194,5,16,0,0,-0.2,-0.1,0.1,5.15,2,2,3,2,1,0,0,0,2.70,0.1,1.079,0,0,10.0,0,0,2,2,0,0,0,0,0,0,0,0,-0.1,0.0
SP,J.A. Happ,J.A.,Happ,Freedom Grabbers - HotL,6' 5',205 lbs,L,L,87,Pittsburgh Pirates,PIT,2015,2015+,CS,86352,Gold,Clubhouse - Baseball Reference 6  SP J.A. Happ  PIT  2015,0,N,0,1,2,1,3,1,1,5,1,2,3,2,2,1,4,1,29,1,Normal,Normal,Normal,125,99,72,116,110,122,60,150,130,94,77,112,120,99,129,84,99,-,-,-,-,-,-,-,5,FB,92-94,3/4,Normal,62,57,-,-,-,35,38,32,23,6,9,10,80,-,-,-,-,-,-,-,-,80,-,-,-,-,-,-,-,-,9,5,6,13,,,0,0,0,0,0,0,0,0,0,0,0,0,0,0,0,0,0,0.0,0.00,0,-0.0,0.0,0.00,0,0,0.0,0.0,4,4,1,1,0,0,0,26.2,105,102,11,4,2,5,11,11,3,0,33,0,0,0,2,0,0,1,0,0,0,0.90,397,15,31,1,0,0.2,0.6,0.7,1.56,4,4,2,1,1,0,0,0,0.67,-0.2,1.079,1,0,26.2,0,0,1,1,1,0,0,0,0,0,0,0,-0.1,0.0
SP,J.A. Happ,J.A.,Happ,Dry Creek Craw Daddies,6' 5',205 lbs,L,L,87,Pittsburgh Pirates,PIT,2015,2015+,CS,86352,Gold,Clubhouse - Baseball Reference 6  SP J.A. Happ  PIT  2015,0,N,0,1,2,1,3,1,1,5,1,2,3,2,2,1,4,1,29,1,Normal,Normal,Normal,125,99,72,116,110,122,60,150,130,94,77,112,120,99,129,84,99,-,-,-,-,-,-,-,5,FB,92-94,3/4,Normal,62,57,-,-,-,35,38,32,23,6,9,10,80,-,-,-,-,-,-,-,-,80,-,-,-,-,-,-,-,-,9,5,6,13,,,0,0,0,0,0,0,0,0,0,0,0,0,0,0,0,0,0,0.0,0.00,0,-0.0,0.0,0.00,0,0,0.0,0.0,1,1,0,0,0,0,0,4.0,19,18,5,1,0,2,5,5,1,0,4,0,0,0,0,0,0,1,0,0,0,0.87,77,2,4,1,0,-0.3,-0.1,-0.2,3.44,1,1,0,0,0,0,0,0,0.00,-0.1,.000,1,0,4.0,0,0,0,0,0,0,0,0,0,0,0,0,0.0,0.0
SP,J.A. Happ,J.A.,Happ,Arcadia Wyverns,6' 5',205 lbs,L,L,87,Pittsburgh Pirates,PIT,2015,2015+,CS,86352,Gold,Clubhouse - Baseball Reference 6  SP J.A. Happ  PIT  2015,0,N,0,1,2,1,3,1,1,5,1,2,3,2,2,1,4,1,29,1,Normal,Normal,Normal,125,99,72,116,110,122,60,150,130,94,77,112,120,99,129,84,99,-,-,-,-,-,-,-,5,FB,92-94,3/4,Normal,62,57,-,-,-,35,38,32,23,6,9,10,80,-,-,-,-,-,-,-,-,80,-,-,-,-,-,-,-,-,9,5,6,13,,,0,0,0,0,0,0,0,0,0,0,0,0,0,0,0,0,0,0.0,0.00,0,-0.0,0.0,0.00,0,0,0.0,0.0,1,0,1,0,0,0,1,2.0,10,10,3,0,0,1,2,2,0,0,2,0,0,0,0,0,0,0,0,0,0,3.91,39,2,2,0,0,-0.6,-0.2,-0.2,3.05,1,0,0,0,0,0,0,0,0.00,0.0,.000,0,0,2.0,0,0,0,0,0,0,0,0,0,0,0,0,0.0,0.0
SP,J.A. Happ,J.A.,Happ,Toronto Terns PCK,6' 5',205 lbs,L,L,87,Pittsburgh Pirates,PIT,2015,2015+,CS,86352,Gold,Clubhouse - Baseball Reference 6  SP J.A. Happ  PIT  2015,0,N,0,1,2,1,3,1,1,5,1,2,3,2,2,1,4,1,29,1,Normal,Normal,Normal,125,99,72,116,110,122,60,150,130,94,77,112,120,99,129,84,99,-,-,-,-,-,-,-,5,FB,92-94,3/4,Normal,62,57,-,-,-,35,38,32,23,6,9,10,80,-,-,-,-,-,-,-,-,80,-,-,-,-,-,-,-,-,9,5,6,13,,,0,0,0,0,0,0,0,0,0,0,0,0,0,0,0,0,0,0.0,0.00,0,-0.0,0.0,0.00,0,0,0.0,0.0,1,1,0,0,0,0,0,6.0,25,22,4,2,1,0,2,2,1,0,7,0,2,0,0,0,0,0,0,0,0,0.88,99,6,4,1,0,0.0,0.3,0.2,2.55,1,1,4,3,1,0,0,0,6.00,-0.0,1.079,1,0,6.0,0,0,2,2,0,0,0,0,0,0,0,0,-0.3,0.0
SP,J.A. Happ,J.A.,Happ,Providence Friars - HotL,6' 5',205 lbs,L,L,87,Pittsburgh Pirates,PIT,2015,2015+,CS,86352,Gold,Clubhouse - Baseball Reference 6  SP J.A. Happ  PIT  2015,0,N,0,1,2,1,3,1,1,5,1,2,3,2,2,1,4,1,29,1,Normal,Normal,Normal,125,99,72,116,110,122,60,150,130,94,77,112,120,99,129,84,99,-,-,-,-,-,-,-,5,FB,92-94,3/4,Normal,62,57,-,-,-,35,38,32,23,6,9,10,80,-,-,-,-,-,-,-,-,80,-,-,-,-,-,-,-,-,9,5,6,13,,,0,0,0,0,0,0,0,0,0,0,0,0,0,0,0,0,0,0.0,0.00,0,-0.0,0.0,0.00,0,0,0.0,0.0,3,3,2,0,0,0,0,22.0,88,84,9,4,2,3,7,7,4,0,18,0,0,0,1,0,0,0,0,0,0,0.81,304,18,29,0,0,0.2,0.4,0.8,3.41,3,3,6,1,5,0,0,0,2.45,0.1,1.079,0,0,22.0,0,0,2,2,0,0,0,0,0,0,0,0,0.0,0.0
SP,J.A. Happ,J.A.,Happ,Cibao Aguilas,6' 5',205 lbs,L,L,87,Pittsburgh Pirates,PIT,2015,2015+,CS,86352,Gold,Clubhouse - Baseball Reference 6  SP J.A. Happ  PIT  2015,0,N,0,1,2,1,3,1,1,5,1,2,3,2,2,1,4,1,29,1,Normal,Normal,Normal,125,99,72,116,110,122,60,150,130,94,77,112,120,99,129,84,99,-,-,-,-,-,-,-,5,FB,92-94,3/4,Normal,62,57,-,-,-,35,38,32,23,6,9,10,80,-,-,-,-,-,-,-,-,80,-,-,-,-,-,-,-,-,9,5,6,13,,,0,0,0,0,0,0,0,0,0,0,0,0,0,0,0,0,0,0.0,0.00,0,-0.0,0.0,0.00,0,0,0.0,0.0,2,0,0,0,1,1,1,1.1,6,6,0,2,0,0,1,1,0,0,2,0,0,0,0,0,0,0,0,1,0,2.58,23,2,0,0,0,-0.1,0.1,-0.0,2.58,2,0,0,0,0,0,0,0,0.00,0.0,.000,0,0,1.1,0,0,0,0,0,0,0,0,0,0,0,0,0.0,0.0
SP,J.A. Happ,J.A.,Happ,Globo Gym Purple Cobras - JW,6' 5',205 lbs,L,L,87,Pittsburgh Pirates,PIT,2015,2015+,CS,86352,Gold,Clubhouse - Baseball Reference 6  SP J.A. Happ  PIT  2015,0,N,0,1,2,1,3,1,1,5,1,2,3,2,2,1,4,1,29,1,Normal,Normal,Normal,125,99,72,116,110,122,60,150,130,94,77,112,120,99,129,84,99,-,-,-,-,-,-,-,5,FB,92-94,3/4,Normal,62,57,-,-,-,35,38,32,23,6,9,10,80,-,-,-,-,-,-,-,-,80,-,-,-,-,-,-,-,-,9,5,6,13,,,0,0,0,0,0,0,0,0,0,0,0,0,0,0,0,0,0,0.0,0.00,0,-0.0,0.0,0.00,0,0,0.0,0.0,1,0,0,0,0,0,0,1.1,5,4,0,0,0,0,0,0,1,0,1,0,0,0,0,0,0,0,1,3,0,0.68,19,2,1,0,0,0.1,0.0,0.1,5.43,1,0,0,0,0,0,0,0,0.00,0.0,.000,0,0,1.1,0,0,0,0,0,0,0,0,0,0,0,0,0.0,0.0
SP,J.A. Happ,J.A.,Happ,Chicago Seals,6' 5',205 lbs,L,L,87,Pittsburgh Pirates,PIT,2015,2015+,CS,86352,Gold,Clubhouse - Baseball Reference 6  SP J.A. Happ  PIT  2015,0,N,0,1,2,1,3,1,1,5,1,2,3,2,2,1,4,1,29,1,Normal,Normal,Normal,125,99,72,116,110,122,60,150,130,94,77,112,120,99,129,84,99,-,-,-,-,-,-,-,5,FB,92-94,3/4,Normal,62,57,-,-,-,35,38,32,23,6,9,10,80,-,-,-,-,-,-,-,-,80,-,-,-,-,-,-,-,-,9,5,6,13,,,0,0,0,0,0,0,0,0,0,0,0,0,0,0,0,0,0,0.0,0.00,0,-0.0,0.0,0.00,0,0,0.0,0.0,1,1,1,0,0,0,0,6.0,25,22,4,0,0,0,0,0,2,0,3,1,0,0,0,0,0,0,0,0,0,1.17,104,4,11,0,0,0.3,0.1,0.5,4.91,1,1,0,0,0,0,0,0,0.00,0.0,.000,0,0,6.0,0,0,0,0,0,0,0,0,0,0,0,0,0.0,0.0
SP,J.A. Happ,J.A.,Happ,Shakedown 1977 Microbus TTC - GH,6' 5',205 lbs,L,L,87,Pittsburgh Pirates,PIT,2015,2015+,CS,86352,Gold,Clubhouse - Baseball Reference 6  SP J.A. Happ  PIT  2015,0,N,0,1,2,1,3,1,1,5,1,2,3,2,2,1,4,1,29,1,Normal,Normal,Normal,125,99,72,116,110,122,60,150,130,94,77,112,120,99,129,84,99,-,-,-,-,-,-,-,5,FB,92-94,3/4,Normal,62,57,-,-,-,35,38,32,23,6,9,10,80,-,-,-,-,-,-,-,-,80,-,-,-,-,-,-,-,-,9,5,6,13,,,0,0,0,0,0,0,0,0,0,0,0,0,0,0,0,0,0,0.0,0.00,0,-0.0,0.0,0.00,0,0,0.0,0.0,2,2,1,0,0,0,0,14.2,55,49,3,0,0,3,5,5,3,0,9,1,2,0,1,0,0,0,0,0,0,0.88,223,19,17,0,0,0.3,0.0,0.5,4.19,2,2,3,2,1,0,0,0,1.84,0.1,1.079,0,0,14.2,0,0,2,2,0,0,0,0,0,0,0,0,0.0,0.0
SP,Rich Harden,Rich,Harden,Arcadia Wyverns,6' 1',190 lbs,L,R,94,Chicago Cubs,CHC,2008,2005-2014,CS,86351,Diamond,Clubhouse - Baseball Reference 6  SP Rich Harden  CHC  2008,0,N,0,1,3,1,3,1,1,3,1,3,1,1,3,1,3,2,30,1,Normal,Normal,Normal,139,65,148,105,118,65,162,87,156,65,136,127,116,136,-,124,-,89,-,-,-,-,-,-,4,EX FB,92-94,3/4,Normal,68,54,-,-,-,25,20,22,23,10,10,3,52,-,-,-,-,-,-,-,-,52,-,-,-,-,-,-,-,-,11,3,6,18,,,0,0,0,0,0,0,0,0,0,0,0,0,0,0,0,0,0,0.0,0.00,0,-0.0,0.0,0.00,0,0,0.0,0.0,1,1,0,0,0,0,0,6.0,24,22,3,0,1,1,2,2,2,0,8,0,0,0,0,0,0,0,0,0,0,0.94,107,5,4,0,1,0.0,0.1,0.2,2.34,1,1,0,0,0,0,0,0,0.00,0.3,.000,1,1,6.0,0,0,0,0,0,0,0,0,0,0,0,0,0.0,0.0
SP,Rich Harden,Rich,Harden,Summerglen Seraphs TBD,6' 1',190 lbs,L,R,94,Chicago Cubs,CHC,2008,2005-2014,CS,86351,Diamond,Clubhouse - Baseball Reference 6  SP Rich Harden  CHC  2008,0,N,0,1,3,1,3,1,1,3,1,3,1,1,3,1,3,2,30,1,Normal,Normal,Normal,139,65,148,105,118,65,162,87,156,65,136,127,116,136,-,124,-,89,-,-,-,-,-,-,4,EX FB,92-94,3/4,Normal,68,54,-,-,-,25,20,22,23,10,10,3,52,-,-,-,-,-,-,-,-,52,-,-,-,-,-,-,-,-,11,3,6,18,,,0,0,0,0,0,0,0,0,0,0,0,0,0,0,0,0,0,0.0,0.00,0,-0.0,0.0,0.00,0,0,0.0,0.0,1,1,1,0,0,0,0,5.1,23,19,2,1,0,0,1,1,4,0,5,0,0,0,1,0,0,0,0,0,0,1.04,109,4,7,1,0,0.1,0.1,0.3,4.76,1,1,1,1,0,0,0,0,1.69,-0.1,1.079,1,0,5.1,0,0,1,1,0,0,0,0,0,0,0,0,-0.1,0.0
SP,Rich Harden,Rich,Harden,Paso Robles Powerhouse,6' 1',190 lbs,L,R,94,Chicago Cubs,CHC,2008,2005-2014,CS,86351,Diamond,Clubhouse - Baseball Reference 6  SP Rich Harden  CHC  2008,0,N,0,1,3,1,3,1,1,3,1,3,1,1,3,1,3,2,30,1,Normal,Normal,Normal,139,65,148,105,118,65,162,87,156,65,136,127,116,136,-,124,-,89,-,-,-,-,-,-,4,EX FB,92-94,3/4,Normal,68,54,-,-,-,25,20,22,23,10,10,3,52,-,-,-,-,-,-,-,-,52,-,-,-,-,-,-,-,-,11,3,6,18,,,0,0,0,0,0,0,0,0,0,0,0,0,0,0,0,0,0,0.0,0.00,0,-0.0,0.0,0.00,0,0,0.0,0.0,2,2,0,1,0,0,0,12.1,50,45,8,2,0,0,6,6,4,0,14,0,0,1,0,0,0,1,0,0,0,0.86,206,9,13,1,0,0.1,0.6,0.2,2.82,2,2,4,1,3,0,0,0,2.92,-0.0,1.079,1,0,12.1,0,0,1,1,1,1,0,0,0,0,0,0,-0.1,0.0
SP,Rich Harden,Rich,Harden,Gastonia Peaches,6' 1',190 lbs,L,R,94,Chicago Cubs,CHC,2008,2005-2014,CS,86351,Diamond,Clubhouse - Baseball Reference 6  SP Rich Harden  CHC  2008,0,N,0,1,3,1,3,1,1,3,1,3,1,1,3,1,3,2,30,1,Normal,Normal,Normal,139,65,148,105,118,65,162,87,156,65,136,127,116,136,-,124,-,89,-,-,-,-,-,-,4,EX FB,92-94,3/4,Normal,68,54,-,-,-,25,20,22,23,10,10,3,52,-,-,-,-,-,-,-,-,52,-,-,-,-,-,-,-,-,11,3,6,18,,,0,0,0,0,0,0,0,0,0,0,0,0,0,0,0,0,0,0.0,0.00,0,-0.0,0.0,0.00,0,0,0.0,0.0,2,2,0,0,0,0,0,10.2,49,44,4,5,0,1,4,2,5,0,12,0,0,0,0,0,0,0,0,0,0,0.91,212,12,8,1,0,0.1,0.2,0.3,3.66,2,2,2,2,0,0,0,0,1.69,-0.0,1.079,1,0,10.2,0,0,2,2,0,0,0,0,0,0,0,0,0.0,0.0
SP,Rich Harden,Rich,Harden,Oysters Incognito,6' 1',190 lbs,L,R,94,Chicago Cubs,CHC,2008,2005-2014,CS,86351,Diamond,Clubhouse - Baseball Reference 6  SP Rich Harden  CHC  2008,0,N,0,1,3,1,3,1,1,3,1,3,1,1,3,1,3,2,30,1,Normal,Normal,Normal,139,65,148,105,118,65,162,87,156,65,136,127,116,136,-,124,-,89,-,-,-,-,-,-,4,EX FB,92-94,3/4,Normal,68,54,-,-,-,25,20,22,23,10,10,3,52,-,-,-,-,-,-,-,-,52,-,-,-,-,-,-,-,-,11,3,6,18,,,0,0,0,0,0,0,0,0,0,0,0,0,0,0,0,0,0,0.0,0.00,0,-0.0,0.0,0.00,0,0,0.0,0.0,1,1,0,0,0,0,0,6.0,26,22,3,0,1,0,2,1,3,0,7,0,1,0,0,0,0,0,0,0,0,0.98,103,5,6,1,0,0.0,0.2,0.2,3.43,1,1,1,1,0,0,0,0,1.50,-0.1,1.079,1,0,6.0,0,0,1,1,0,0,0,0,0,0,0,0,-0.1,0.0
SP,Mel Harder,Mel,Harder,Winnipeg Golden Knights,6' 1',195 lbs,R,R,99,Cleveland,CLE,1935,1921-1945,,84659,Diamond,Opening Day Heroes - Historical All-Star  SP Mel Harder  CLE  1935,0,N,0,25,29,45,30,19,17,17,36,32,19,28,32,49,30,19,75,7,Normal,Spray,Spray,74,121,74,133,38,132,50,119,91,112,94,138,-,105,66,88,82,-,-,-,-,-,-,-,4,NEU,89-91,3/4,Normal,93,65,-,-,-,30,23,24,20,4,5,9,61,-,-,-,-,-,-,-,-,61,-,-,-,-,-,-,-,-,16,4,6,28,,,0,0,0,0,0,0,0,0,0,0,0,0,0,0,0,0,0,0.0,0.00,0,-0.0,0.0,0.00,0,0,0.0,0.0,3,3,1,0,0,0,0,21.1,87,82,12,0,2,6,12,12,4,0,16,0,0,1,0,0,0,2,0,0,0,1.05,341,27,19,0,0,-0.3,-0.1,0.2,3.84,3,3,4,2,1,1,0,0,1.27,-0.4,.539,0,0,21.1,0,0,3,2,0,0,0,0,0,0,0,0,-0.3,0.0
SP,Mel Harder,Mel,Harder,Orlando Heatstrokes,6' 1',195 lbs,R,R,99,Cleveland,CLE,1935,1921-1945,,84659,Diamond,Opening Day Heroes - Historical All-Star  SP Mel Harder  CLE  1935,0,N,0,25,29,45,30,19,17,17,36,32,19,28,32,49,30,19,75,7,Normal,Spray,Spray,74,121,74,133,38,132,50,119,91,112,94,138,-,105,66,88,82,-,-,-,-,-,-,-,4,NEU,89-91,3/4,Normal,93,65,-,-,-,30,23,24,20,4,5,9,61,-,-,-,-,-,-,-,-,61,-,-,-,-,-,-,-,-,16,4,6,28,,,0,0,0,0,0,0,0,0,0,0,0,0,0,0,0,0,0,0.0,0.00,0,-0.0,0.0,0.00,0,0,0.0,0.0,1,1,0,0,0,0,0,4.2,23,21,3,3,0,1,6,6,2,0,3,0,0,0,0,0,0,0,0,0,0,0.93,98,7,4,0,0,-0.4,-0.0,-0.2,5.04,1,1,0,0,0,0,0,0,0.00,0.0,.000,0,0,4.2,0,0,0,0,0,0,0,0,0,0,0,0,0.0,0.0
SP,Dan Haren,Dan,Haren,Junk Wax Heroes,6' 5',215 lbs,R,R,91,Arizona Diamondbacks,ARI,2009,2005-2014,ME,84080,Diamond,Live Collection Reward - Historical All-Star  SP Dan Haren  ARI  2009,0,N,0,35,99,28,37,30,47,75,16,37,32,31,110,31,37,30,40,12,Normal,Spray,Spray,104,102,125,75,108,88,162,72,100,118,86,77,85,97,97,88,-,110,118,-,-,-,-,-,6,FB,90-92,OTT,Normal,73,73,-,-,-,30,45,33,23,10,6,3,80,-,-,-,-,-,-,-,-,80,-,-,-,-,-,-,-,-,8,4,6,28,,,0,0,0,0,0,0,0,0,0,0,0,0,0,0,0,0,0,0.0,0.00,0,-0.0,0.0,0.00,0,0,0.0,0.0,1,1,0,1,0,0,0,4.2,23,20,3,2,0,2,7,7,1,0,6,0,0,1,1,0,1,0,0,0,0,0.98,109,3,5,0,0,-0.5,-0.1,-0.3,2.63,1,1,0,0,0,0,0,0,0.00,-0.2,.000,0,0,4.2,0,0,0,0,1,0,0,0,0,0,0,0,0.0,0.0
SP,Jack Harshman,Jack,Harshman,Dubuque Packers,6' 2',185 lbs,L,L,69,Chicago White Sox,CHW,1954,1946-1960,,83192,Bronze,Snapshot  SP Jack Harshman  CWS  1954,0,N,0,19,38,117,118,26,11,10,14,106,21,22,44,150,123,28,56,56,Flyball,Spray,Spray,99,50,68,109,112,73,40,120,96,37,78,102,77,140,69,89,-,-,-,-,-,-,-,-,4,EX FB,89-91,OTT,Normal,70,68,-,-,-,34,27,28,23,5,10,4,71,-,54,-,-,-,-,-,-,71,-,54,-,-,-,-,-,-,5,5,6,5,,,0,0,0,0,0,0,0,0,0,0,0,0,0,0,0,0,0,0.0,0.00,0,-0.0,0.0,0.00,0,0,0.0,0.0,1,0,0,0,0,0,0,2.0,14,13,7,0,0,0,2,2,1,0,1,0,0,0,0,0,0,0,0,1,1,0.19,56,3,2,0,0,-0.0,0.0,-0.1,5.71,1,0,1,1,0,0,0,0,4.50,0.1,1.079,0,0,2.0,0,0,1,1,0,0,0,0,0,0,0,0,-0.1,0.0
SP,Jack Harshman,Jack,Harshman,Rajasthan Rifles Rifles,6' 2',185 lbs,L,L,69,Chicago White Sox,CHW,1954,1946-1960,,83192,Bronze,Snapshot  SP Jack Harshman  CWS  1954,0,N,0,19,38,117,118,26,11,10,14,106,21,22,44,150,123,28,56,56,Flyball,Spray,Spray,99,50,68,109,112,73,40,120,96,37,78,102,77,140,69,89,-,-,-,-,-,-,-,-,4,EX FB,89-91,OTT,Normal,70,68,-,-,-,34,27,28,23,5,10,4,71,-,54,-,-,-,-,-,-,71,-,54,-,-,-,-,-,-,5,5,6,5,,,0,0,0,0,0,0,0,0,0,0,0,0,0,0,0,0,0,0.0,0.00,0,-0.0,0.0,0.00,0,0,0.0,0.0,2,0,0,0,0,0,0,3.0,13,11,0,2,0,0,0,0,2,0,3,0,0,0,0,0,0,0,2,1,0,0.44,51,4,2,0,0,0.0,0.0,0.2,4.50,2,0,0,0,0,0,0,0,0.00,0.0,.000,0,0,3.0,0,0,0,0,0,0,0,0,0,0,0,0,0.0,0.0
SP,Rats Henderson,Rats,Henderson,Three Mile Island Atomic Isotopes,5' 7',180 lbs,R,R,96,Atlantic City Bacharach Giants,ACBG,1923,1921-1945,,84546,Diamond,Negro League Star  SP Rats Henderson  ACBG  1923,0,N,0,24,58,3,60,37,24,59,3,60,37,24,58,3,60,37,42,13,Normal,Normal,Spray,96,92,84,95,97,87,86,89,95,96,83,101,77,125,94,-,-,-,-,-,-,110,-,-,4,NEU,86-88,3/4,Normal,72,60,1,1,1,29,24,26,25,45,56,56,62,-,-,-,-,-,49,-,-,62,-,-,-,-,-,49,-,-,8,5,6,28,,,0,0,0,0,0,0,0,0,0,0,0,0,0,0,0,0,0,0.0,0.00,0,-0.0,0.0,0.00,0,0,0.0,0.0,1,1,0,1,0,0,0,6.0,33,32,12,1,0,0,5,3,0,0,8,0,0,1,0,0,0,0,0,0,0,1.19,106,3,7,0,0,-0.3,0.4,-0.1,2.31,1,1,1,1,0,0,0,0,1.50,-0.4,.539,0,0,6.0,0,0,2,1,0,0,0,0,0,0,0,0,0.0,0.0
SP,Rats Henderson,Rats,Henderson,Youngstown Ironmen,5' 7',180 lbs,R,R,96,Atlantic City Bacharach Giants,ACBG,1923,1921-1945,,84546,Diamond,Negro League Star  SP Rats Henderson  ACBG  1923,0,Y,5,28,64,5,66,41,28,65,5,66,41,28,64,5,66,41,42,13,Normal,Normal,Spray,104,100,91,103,105,94,93,97,103,104,90,109,77,125,94,-,-,-,-,-,-,110,-,-,4,NEU,86-88,3/4,Normal,72,60,1,1,1,29,24,26,25,45,56,56,67,-,-,-,-,-,53,-,-,67,-,-,-,-,-,53,-,-,8,5,6,28,,,0,0,0,0,0,0,0,0,0,0,0,0,0,0,0,0,0,0.0,0.00,0,-0.0,0.0,0.00,0,0,0.0,0.0,2,2,0,0,0,0,0,11.1,54,48,10,2,1,2,7,7,5,0,12,0,1,0,0,0,0,0,0,0,0,1.20,205,10,11,0,1,-0.5,0.1,0.0,3.81,2,2,1,1,0,0,0,0,0.79,0.4,1.079,1,1,11.1,0,0,1,1,0,0,0,0,0,0,0,0,-0.1,0.0
SP,Roberto H. Hernandez,Roberto H.,Hernandez,Altoona Mountain Citys,6' 4',230 lbs,R,R,67,Cleveland,CLE,2007,2005-2014,,83131,Bronze,Snapshot  SP Roberto H. Hernandez  CLE  2007,0,N,0,1,3,1,3,1,1,3,1,3,1,1,3,1,3,1,24,25,Normal,Pull,Pull,58,74,86,82,41,66,81,97,65,81,89,75,42,73,-,61,57,77,-,-,-,-,-,-,5,EX GB,89-91,3/4,GB'er,78,54,-,-,-,31,64,43,34,10,3,2,92,-,-,-,-,-,-,-,-,92,-,-,-,-,-,-,-,-,6,5,6,7,,,0,0,0,0,0,0,0,0,0,0,0,0,0,0,0,0,0,0.0,0.00,0,-0.0,0.0,0.00,0,0,0.0,0.0,1,1,0,0,0,0,0,6.2,24,23,2,0,0,0,0,0,1,0,7,0,0,0,0,0,0,0,0,0,0,0.76,100,6,7,0,0,0.2,0.3,0.6,2.27,1,1,0,0,0,0,0,0,0.00,0.0,.000,0,0,6.2,0,0,0,0,0,0,0,0,0,0,0,0,0.0,0.0
SP,Teddy Higuera,Teddy,Higuera,Toronto Terns PCK,5' 10',180 lbs,S,L,89,Milwaukee Brewers,MIL,1988,1980-1992,,83309,Gold,Snapshot  SP Teddy Higuera  ML4  1988,0,Y,5,1,4,1,4,1,1,4,1,4,1,1,5,1,5,1,30,13,Normal,Spray,Spray,102,83,109,82,115,89,119,80,99,82,107,83,75,128,-,88,-,-,-,-,-,-,-,-,3,EX FB,90-92,3/4,Normal,82,77,-,-,-,35,31,30,23,3,10,1,82,-,-,-,-,-,-,-,-,82,-,-,-,-,-,-,-,-,5,5,6,5,,,0,0,0,0,0,0,0,0,0,0,0,0,0,0,0,0,0,0.0,0.00,0,-0.0,0.0,0.00,0,0,0.0,0.0,1,1,0,1,0,0,0,7.0,29,24,3,0,0,3,4,4,4,0,6,0,0,1,0,0,0,0,0,0,0,0.74,110,6,7,0,1,-0.2,-0.2,0.1,4.54,1,1,1,1,0,0,0,0,1.29,0.3,.000,1,1,7.0,0,0,0,0,0,0,0,0,0,0,0,0,0.0,0.0
SP,Teddy Higuera,Teddy,Higuera,Jeju City Foxes,5' 10',180 lbs,S,L,89,Milwaukee Brewers,MIL,1988,1980-1992,,83309,Gold,Snapshot  SP Teddy Higuera  ML4  1988,0,N,0,1,2,1,2,1,1,2,1,2,1,1,3,1,3,1,30,13,Normal,Spray,Spray,94,76,101,75,106,82,110,73,91,75,99,76,75,128,-,88,-,-,-,-,-,-,-,-,3,EX FB,90-92,3/4,Normal,82,77,-,-,-,35,31,30,23,3,10,1,76,-,-,-,-,-,-,-,-,76,-,-,-,-,-,-,-,-,5,5,6,5,,,0,0,0,0,0,0,0,0,0,0,0,0,0,0,0,0,0,0.0,0.00,0,-0.0,0.0,0.00,0,0,0.0,0.0,1,1,0,1,0,0,0,2.0,16,13,3,2,2,0,7,7,3,0,3,0,0,0,0,0,0,0,0,0,0,0.79,60,2,1,0,0,-0.4,0.0,-0.4,5.34,1,1,0,0,0,0,0,0,0.00,-0.2,.000,0,0,2.0,0,0,0,0,1,0,0,0,0,0,0,0,-0.1,0.0
SP,Al Hollingsworth,Al,Hollingsworth,Dubuque Packers,6' 0',175 lbs,L,L,69,Cincinnati Reds,CIN,1936,1921-1945,,83169,Bronze,Snapshot  SP Al Hollingsworth  CIN  1936,0,N,0,28,24,23,30,18,16,14,13,33,10,31,28,27,30,21,26,9,Normal,Spray,Spray,74,69,74,85,92,73,46,108,68,68,83,79,92,97,73,-,-,-,-,-,-,-,-,-,3,FB,90-92,SIDE,Normal,74,33,-,-,-,29,30,27,23,6,4,6,67,-,-,-,-,-,-,-,-,67,-,-,-,-,-,-,-,-,11,4,6,17,,,0,0,0,0,0,0,0,0,0,0,0,0,0,0,0,0,0,0.0,0.00,0,-0.0,0.0,0.00,0,0,0.0,0.0,2,0,0,0,2,2,0,2.1,7,7,0,0,0,0,0,0,0,0,1,0,0,0,0,0,0,0,0,3,0,1.84,25,1,5,1,0,0.3,0.1,0.2,1.93,2,0,0,0,0,0,0,0,0.00,-0.1,.000,1,0,2.1,0,0,0,0,0,0,0,0,0,0,0,0,0.0,0.0
SP,Catfish Hunter,Catfish,Hunter,Winnipeg Brew Jays - HotL,6' 0',195 lbs,R,R,92,New York Yankees,NYA,1975,1961-1979,HOF,86878,Diamond,HOF 2 - Hall of Fame  SP Catfish Hunter  NYY  1975,0,N,0,15,33,5,31,15,9,31,9,19,9,18,34,4,34,18,23,1,Normal,Normal,Normal,83,152,180,92,67,127,168,84,95,172,190,98,96,100,73,87,-,-,-,-,-,-,-,-,4,EX FB,90-92,3/4,Finesse,111,107,-,-,-,24,30,25,23,7,10,10,61,-,-,-,-,-,-,-,-,61,-,-,-,-,-,-,-,-,5,3,6,5,,,0,0,0,0,0,0,0,0,0,0,0,0,0,0,0,0,0,0.0,0.00,0,-0.0,0.0,0.00,0,0,0.0,0.0,2,2,0,1,0,0,0,8.1,42,40,11,0,0,5,12,12,2,0,5,0,0,0,0,1,0,1,0,0,0,1.00,141,9,10,0,0,-0.8,-0.4,-0.5,4.79,2,2,2,2,0,0,0,0,2.16,-0.1,1.079,0,0,8.1,0,0,2,2,1,0,0,0,0,0,0,0,-0.5,0.0
SP,Catfish Hunter,Catfish,Hunter,Paso Robles Powerhouse,6' 0',195 lbs,R,R,92,New York Yankees,NYA,1975,1961-1979,HOF,86878,Diamond,HOF 2 - Hall of Fame  SP Catfish Hunter  NYY  1975,0,N,0,15,33,5,31,15,9,31,9,19,9,18,34,4,34,18,23,1,Normal,Normal,Normal,83,152,180,92,67,127,168,84,95,172,190,98,96,100,73,87,-,-,-,-,-,-,-,-,4,EX FB,90-92,3/4,Finesse,111,107,-,-,-,24,30,25,23,7,10,10,61,-,-,-,-,-,-,-,-,61,-,-,-,-,-,-,-,-,5,3,6,5,,,0,0,0,0,0,0,0,0,0,0,0,0,0,0,0,0,0,0.0,0.00,0,-0.0,0.0,0.00,0,0,0.0,0.0,2,2,0,1,0,0,0,11.1,45,44,6,1,1,1,6,4,1,0,10,0,0,0,0,0,0,0,0,0,0,0.92,196,12,12,0,0,-0.0,0.4,0.1,3.00,2,2,4,3,1,0,0,0,3.18,0.2,1.079,0,0,11.1,0,0,2,2,1,1,0,0,0,0,0,0,0.0,0.0
SP,Catfish Hunter,Catfish,Hunter,Gastonia Peaches,6' 0',195 lbs,R,R,92,New York Yankees,NYA,1975,1961-1979,HOF,86878,Diamond,HOF 2 - Hall of Fame  SP Catfish Hunter  NYY  1975,0,N,0,15,33,5,31,15,9,31,9,19,9,18,34,4,34,18,23,1,Normal,Normal,Normal,83,152,180,92,67,127,168,84,95,172,190,98,96,100,73,87,-,-,-,-,-,-,-,-,4,EX FB,90-92,3/4,Finesse,111,107,-,-,-,24,30,25,23,7,10,10,61,-,-,-,-,-,-,-,-,61,-,-,-,-,-,-,-,-,5,3,6,5,,,0,0,0,0,0,0,0,0,0,0,0,0,0,0,0,0,0,0.0,0.00,0,-0.0,0.0,0.00,0,0,0.0,0.0,1,1,0,0,0,0,0,7.0,28,27,3,2,0,1,3,3,1,0,9,0,0,0,0,0,0,0,0,0,0,0.68,117,3,9,0,0,-0.1,0.2,0.2,1.32,1,1,2,1,1,0,0,0,2.57,0.1,1.079,0,0,7.0,0,0,0,0,1,1,0,0,0,0,0,0,0.0,0.0
SP,Larry Jackson,Larry,Jackson,Ogden Raptors - HotL,6' 2',190 lbs,R,R,92,St. Louis Cardinals,STL,1959,1946-1960,,86646,Diamond,50s Theme Week - Snapshot  SP Larry Jackson  STL  1959,0,N,0,11,39,4,34,22,17,28,2,34,16,10,43,5,35,24,69,6,Normal,Normal,Normal,88,137,54,161,79,132,64,170,95,141,42,153,86,-,115,89,-,-,-,-,-,-,-,-,3,NEU,89-91,3/4,Normal,92,62,-,-,-,24,27,25,24,5,5,1,59,-,-,-,-,-,-,-,-,59,-,-,-,-,-,-,-,-,18,3,6,32,,,0,0,0,0,0,0,0,0,0,0,0,0,0,0,0,0,0,0.0,0.00,0,-0.0,0.0,0.00,0,0,0.0,0.0,2,2,1,1,0,0,0,11.1,55,49,13,2,0,2,8,8,6,0,11,0,0,0,0,0,0,1,0,0,0,0.96,208,13,8,1,0,-0.2,0.0,-0.0,4.32,2,2,2,1,1,0,0,0,1.59,-0.1,.000,1,0,11.1,0,0,0,0,0,0,0,0,0,0,0,0,-0.1,0.0
SP,Larry Jackson,Larry,Jackson,Texas Briskets,6' 2',190 lbs,R,R,92,St. Louis Cardinals,STL,1959,1946-1960,,86646,Diamond,50s Theme Week - Snapshot  SP Larry Jackson  STL  1959,0,N,0,11,39,4,34,22,17,28,2,34,16,10,43,5,35,24,69,6,Normal,Normal,Normal,88,137,54,161,79,132,64,170,95,141,42,153,86,-,115,89,-,-,-,-,-,-,-,-,3,NEU,89-91,3/4,Normal,92,62,-,-,-,24,27,25,24,5,5,1,59,-,-,-,-,-,-,-,-,59,-,-,-,-,-,-,-,-,18,3,6,32,,,0,0,0,0,0,0,0,0,0,0,0,0,0,0,0,0,0,0.0,0.00,0,-0.0,0.0,0.00,0,0,0.0,0.0,1,1,0,0,0,0,0,7.0,28,27,4,1,0,1,4,4,0,0,7,1,0,0,0,0,0,0,0,0,0,0.78,106,7,7,0,0,-0.1,0.2,0.1,2.38,1,1,1,0,1,0,0,0,1.29,0.0,.000,0,0,7.0,0,0,0,0,0,0,0,0,0,0,0,0,0.0,0.0
SP,Larry Jackson,Larry,Jackson,False Hustle,6' 2',190 lbs,R,R,92,St. Louis Cardinals,STL,1959,1946-1960,,86646,Diamond,50s Theme Week - Snapshot  SP Larry Jackson  STL  1959,0,N,0,11,39,4,34,22,17,28,2,34,16,10,43,5,35,24,69,6,Normal,Normal,Normal,88,137,54,161,79,132,64,170,95,141,42,153,86,-,115,89,-,-,-,-,-,-,-,-,3,NEU,89-91,3/4,Normal,92,62,-,-,-,24,27,25,24,5,5,1,59,-,-,-,-,-,-,-,-,59,-,-,-,-,-,-,-,-,18,3,6,32,,,0,0,0,0,0,0,0,0,0,0,0,0,0,0,0,0,0,0.0,0.00,0,-0.0,0.0,0.00,0,0,0.0,0.0,1,1,0,0,0,0,0,6.1,27,27,7,0,1,1,4,4,0,0,2,0,0,0,0,0,0,0,0,0,0,0.80,106,6,10,0,1,-0.1,0.1,0.0,4.95,1,1,2,1,1,0,0,0,2.84,0.3,.000,1,1,6.1,0,0,0,0,0,0,0,0,0,0,0,0,0.0,0.0
SP,Larry Jackson,Larry,Jackson,Zanesville Greys,6' 2',190 lbs,R,R,92,St. Louis Cardinals,STL,1959,1946-1960,,86646,Diamond,50s Theme Week - Snapshot  SP Larry Jackson  STL  1959,0,N,0,11,39,4,34,22,17,28,2,34,16,10,43,5,35,24,69,6,Normal,Normal,Normal,88,137,54,161,79,132,64,170,95,141,42,153,86,-,115,89,-,-,-,-,-,-,-,-,3,NEU,89-91,3/4,Normal,92,62,-,-,-,24,27,25,24,5,5,1,59,-,-,-,-,-,-,-,-,59,-,-,-,-,-,-,-,-,18,3,6,32,,,0,0,0,0,0,0,0,0,0,0,0,0,0,0,0,0,0,0.0,0.00,0,-0.0,0.0,0.00,0,0,0.0,0.0,1,1,0,1,0,0,0,5.2,27,25,8,1,0,0,4,4,1,0,3,0,0,1,1,0,0,0,0,0,0,0.96,121,5,9,0,0,-0.2,0.2,-0.0,4.77,1,1,1,1,0,0,0,0,1.59,0.1,1.079,0,0,5.2,0,0,1,1,0,0,0,0,0,0,0,0,-0.1,0.0
SP,Larry Jackson,Larry,Jackson,Shakedown 1977 Microbus TTC - GH,6' 2',190 lbs,R,R,92,St. Louis Cardinals,STL,1959,1946-1960,,86646,Diamond,50s Theme Week - Snapshot  SP Larry Jackson  STL  1959,0,N,0,11,39,4,34,22,17,28,2,34,16,10,43,5,35,24,69,6,Normal,Normal,Normal,88,137,54,161,79,132,64,170,95,141,42,153,86,-,115,89,-,-,-,-,-,-,-,-,3,NEU,89-91,3/4,Normal,92,62,-,-,-,24,27,25,24,5,5,1,59,-,-,-,-,-,-,-,-,59,-,-,-,-,-,-,-,-,18,3,6,32,,,0,0,0,0,0,0,0,0,0,0,0,0,0,0,0,0,0,0.0,0.00,0,-0.0,0.0,0.00,0,0,0.0,0.0,2,2,0,0,0,0,0,13.1,55,51,8,4,0,0,4,3,3,0,10,0,0,1,0,0,0,1,0,0,0,1.24,217,15,14,1,0,0.2,0.5,0.5,3.93,2,2,2,2,0,0,1,0,1.35,-0.2,1.079,1,0,13.1,0,0,3,2,0,0,0,0,0,0,0,0,-0.1,0.0
SP,Larry Jackson,Larry,Jackson,Houston Swangas,6' 2',190 lbs,R,R,92,St. Louis Cardinals,STL,1959,1946-1960,,86646,Diamond,50s Theme Week - Snapshot  SP Larry Jackson  STL  1959,0,N,0,11,39,4,34,22,17,28,2,34,16,10,43,5,35,24,69,6,Normal,Normal,Normal,88,137,54,161,79,132,64,170,95,141,42,153,86,-,115,89,-,-,-,-,-,-,-,-,3,NEU,89-91,3/4,Normal,92,62,-,-,-,24,27,25,24,5,5,1,59,-,-,-,-,-,-,-,-,59,-,-,-,-,-,-,-,-,18,3,6,32,,,0,0,0,0,0,0,0,0,0,0,0,0,0,0,0,0,0,0.0,0.00,0,-0.0,0.0,0.00,0,0,0.0,0.0,2,2,1,0,0,0,0,12.1,56,52,11,5,0,0,7,7,2,0,10,1,0,1,0,0,0,1,0,0,0,1.32,219,12,14,1,0,-0.0,0.5,0.1,3.76,2,2,1,1,0,0,0,0,0.73,-0.0,1.079,1,0,12.1,0,0,0,0,1,1,0,0,0,0,0,0,0.0,0.0
SP,Larry Jackson,Larry,Jackson,Roaming Rascals BFF,6' 2',190 lbs,R,R,92,St. Louis Cardinals,STL,1959,1946-1960,,86646,Diamond,50s Theme Week - Snapshot  SP Larry Jackson  STL  1959,0,Y,5,14,43,6,38,25,20,32,4,38,19,13,48,7,39,28,69,6,Normal,Normal,Normal,96,148,59,173,86,142,70,183,103,152,47,165,86,-,115,89,-,-,-,-,-,-,-,-,3,NEU,89-91,3/4,Normal,92,62,-,-,-,24,27,25,24,5,5,1,64,-,-,-,-,-,-,-,-,64,-,-,-,-,-,-,-,-,18,3,6,32,,,0,0,0,0,0,0,0,0,0,0,0,0,0,0,0,0,0,0.0,0.00,0,-0.0,0.0,0.00,0,0,0.0,0.0,4,4,4,0,0,0,0,29.2,123,111,22,2,1,0,7,5,11,0,27,0,0,1,1,0,0,4,0,0,0,1.03,455,29,26,0,1,0.6,1.1,1.4,3.81,4,4,4,2,1,1,0,0,0.91,0.0,.719,1,1,29.2,0,0,3,2,0,0,0,0,0,0,0,0,-0.5,0.0
SP,Larry Jackson,Larry,Jackson,AW Bees - GH,6' 2',190 lbs,R,R,92,St. Louis Cardinals,STL,1959,1946-1960,,86646,Diamond,50s Theme Week - Snapshot  SP Larry Jackson  STL  1959,0,N,0,11,39,4,34,22,17,28,2,34,16,10,43,5,35,24,69,6,Normal,Normal,Normal,88,137,54,161,79,132,64,170,95,141,42,153,86,-,115,89,-,-,-,-,-,-,-,-,3,NEU,89-91,3/4,Normal,92,62,-,-,-,24,27,25,24,5,5,1,59,-,-,-,-,-,-,-,-,59,-,-,-,-,-,-,-,-,18,3,6,32,,,0,0,0,0,0,0,0,0,0,0,0,0,0,0,0,0,0,0.0,0.00,0,-0.0,0.0,0.00,0,0,0.0,0.0,5,5,1,2,0,0,0,31.1,140,133,31,7,2,5,18,17,5,0,18,1,0,1,1,0,0,3,0,0,0,1.06,522,42,29,2,0,-0.6,0.3,0.3,4.48,5,5,9,4,5,0,0,0,2.59,0.0,1.079,2,0,31.1,0,0,2,2,2,2,0,0,0,0,0,0,-0.4,0.0
SP,Tommy John,Tommy,John,Ogden Raptors - HotL,6' 3',185 lbs,R,L,92,New York Yankees,NYA,1979,1961-1979,,86604,Diamond,In Memoriam - Historical All-Star  SP Tommy John  NYY  1979,0,N,0,17,37,6,35,17,21,32,3,45,20,16,39,7,32,17,41,2,Normal,Normal,Normal,71,131,88,168,93,138,82,164,62,128,90,170,-,70,103,-,92,-,66,-,-,50,-,-,5,EX GB,88-90,3/4,GB'er,90,64,-,-,-,25,30,26,25,1,9,5,63,-,-,-,-,-,-,-,-,63,-,-,-,-,-,-,-,-,7,5,6,9,,,0,0,0,0,0,0,0,0,0,0,0,0,0,0,0,0,0,0.0,0.00,0,-0.0,0.0,0.00,0,0,0.0,0.0,2,2,2,0,0,0,0,16.0,60,56,7,2,0,0,1,0,4,0,9,0,0,0,0,0,0,1,0,0,0,1.08,231,18,18,0,1,0.9,0.5,1.2,4.53,2,2,3,2,1,0,0,0,1.69,0.4,1.079,1,1,16.0,0,0,0,0,1,1,0,0,0,0,0,0,-0.3,0.0
SP,Tommy John,Tommy,John,Kansas City Torrent - JW,6' 3',185 lbs,R,L,92,New York Yankees,NYA,1979,1961-1979,,86604,Diamond,In Memoriam - Historical All-Star  SP Tommy John  NYY  1979,15 712,N,0,17,37,6,35,17,21,32,3,45,20,16,39,7,32,17,41,2,Normal,Normal,Normal,71,131,88,168,93,138,82,164,62,128,90,170,-,70,103,-,92,-,66,-,-,50,-,-,5,EX GB,88-90,3/4,GB'er,90,64,-,-,-,25,30,26,25,1,9,5,63,-,-,-,-,-,-,-,-,63,-,-,-,-,-,-,-,-,7,5,6,9,,,0,0,0,0,0,0,0,0,0,0,0,0,0,0,0,0,0,0.0,0.00,0,-0.0,0.0,0.00,0,0,0.0,0.0,3,3,1,1,0,0,0,20.1,90,84,16,7,0,2,10,9,6,0,15,0,0,0,2,0,0,2,0,0,0,1.13,338,23,21,0,0,0.3,0.4,0.3,4.28,3,3,6,2,4,0,0,0,2.66,-0.5,1.079,0,0,20.1,0,0,4,2,1,0,0,0,0,0,0,0,-0.4,0.0
SP,Tommy John,Tommy,John,AW Bees - GH,6' 3',185 lbs,R,L,92,New York Yankees,NYA,1979,1961-1979,,86604,Diamond,In Memoriam - Historical All-Star  SP Tommy John  NYY  1979,0,N,0,17,37,6,35,17,21,32,3,45,20,16,39,7,32,17,41,2,Normal,Normal,Normal,71,131,88,168,93,138,82,164,62,128,90,170,-,70,103,-,92,-,66,-,-,50,-,-,5,EX GB,88-90,3/4,GB'er,90,64,-,-,-,25,30,26,25,1,9,5,63,-,-,-,-,-,-,-,-,63,-,-,-,-,-,-,-,-,7,5,6,9,,,0,0,0,0,0,0,0,0,0,0,0,0,0,0,0,0,0,0.0,0.00,0,-0.0,0.0,0.00,0,0,0.0,0.0,5,0,1,1,0,3,2,13.2,53,48,5,1,1,1,3,3,4,0,6,0,0,1,0,0,0,0,4,4,0,1.63,168,15,19,0,0,0.4,0.1,0.6,5.23,5,0,3,1,2,0,0,0,1.98,0.1,1.079,0,0,13.2,0,0,1,1,1,1,0,0,0,0,0,0,0.0,0.0
SP,Randy Jones,Randy,Jones,Ogden Raptors - HotL,6' 0',180 lbs,R,L,83,San Diego Padres,SDP,1976,1961-1979,,86280,Gold,T4 Ep. 4 - Historical All-Star  SP Randy Jones  SD  1976,0,Y,5,1,31,6,47,22,1,41,6,50,18,1,25,6,46,24,73,6,Normal,Normal,Normal,43,158,164,117,66,149,183,74,36,161,157,140,42,-,50,51,67,-,-,-,-,-,-,-,4,EX GB,88-90,3/4,GB'er,95,66,-,-,-,35,41,34,27,4,10,8,88,-,-,-,-,-,-,-,-,88,-,-,-,-,-,-,-,-,5,5,6,5,,,0,0,0,0,0,0,0,0,0,0,0,0,0,0,0,0,0,0.0,0.00,0,-0.0,0.0,0.00,0,0,0.0,0.0,1,1,0,0,0,0,0,6.2,28,26,5,1,0,1,4,4,2,0,4,0,0,0,1,0,0,0,0,0,0,1.11,106,8,7,0,0,-0.1,0.0,0.0,4.67,1,1,3,2,1,0,0,0,4.05,0.1,1.079,0,0,6.2,0,0,1,1,0,0,0,0,0,0,0,0,0.0,0.0
SP,Randy Jones,Randy,Jones,Camjaveratyn O-Forge,6' 0',180 lbs,R,L,83,San Diego Padres,SDP,1976,1961-1979,,86280,Gold,T4 Ep. 4 - Historical All-Star  SP Randy Jones  SD  1976,0,N,0,1,27,4,42,19,1,37,4,45,15,1,22,4,41,21,73,6,Normal,Normal,Normal,39,147,152,108,60,138,170,68,32,150,146,130,42,-,50,51,67,-,-,-,-,-,-,-,4,EX GB,88-90,3/4,GB'er,95,66,-,-,-,35,41,34,27,4,10,8,82,-,-,-,-,-,-,-,-,82,-,-,-,-,-,-,-,-,5,5,6,5,,,0,0,0,0,0,0,0,0,0,0,0,0,0,0,0,0,0,0.0,0.00,0,-0.0,0.0,0.00,0,0,0.0,0.0,2,2,0,1,0,0,0,12.1,50,47,12,2,0,0,6,6,2,0,0,0,0,1,0,0,0,2,0,0,0,1.13,191,17,17,0,0,0.2,0.3,0.2,6.60,2,2,3,3,0,0,0,0,2.19,0.1,1.079,0,0,12.1,0,0,2,2,0,0,0,0,0,0,0,0,0.0,0.0
SP,Randy Jones,Randy,Jones,Arcadia Wyverns,6' 0',180 lbs,R,L,83,San Diego Padres,SDP,1976,1961-1979,,86280,Gold,T4 Ep. 4 - Historical All-Star  SP Randy Jones  SD  1976,0,N,0,1,27,4,42,19,1,37,4,45,15,1,22,4,41,21,73,6,Normal,Normal,Normal,39,147,152,108,60,138,170,68,32,150,146,130,42,-,50,51,67,-,-,-,-,-,-,-,4,EX GB,88-90,3/4,GB'er,95,66,-,-,-,35,41,34,27,4,10,8,82,-,-,-,-,-,-,-,-,82,-,-,-,-,-,-,-,-,5,5,6,5,,,0,0,0,0,0,0,0,0,0,0,0,0,0,0,0,0,0,0.0,0.00,0,-0.0,0.0,0.00,0,0,0.0,0.0,1,1,0,1,0,0,0,7.0,28,26,5,0,0,1,5,5,1,0,1,0,0,1,1,0,0,0,0,0,0,0.79,110,11,9,0,0,-0.2,0.0,-0.0,5.87,1,1,1,1,0,0,0,0,1.29,0.1,1.079,0,0,7.0,0,0,1,1,0,0,0,0,0,0,0,0,0.0,0.0
SP,Sam Jones,Sam,Jones,Ogden Raptors - HotL,6' 0',170 lbs,R,R,92,Boston Red Sox,BOS,1921,1921-1945,,86070,Diamond,4th of July On-Stream - Snapshot  SP Sam Jones  BOS  1921,0,N,0,78,61,74,91,42,86,20,10,126,23,75,67,84,83,48,40,4,Normal,Normal,Normal,92,101,79,148,75,94,76,144,107,110,82,152,86,123,117,-,-,-,-,-,-,-,-,-,3,NEU,89-91,3/4,Normal,82,62,-,-,-,24,23,24,26,9,4,1,55,-,-,-,-,-,-,-,-,55,-,-,-,-,-,-,-,-,43,43,58,35,,,0,0,0,0,0,0,0,0,0,0,0,0,0,0,0,0,0,0.0,0.00,0,-0.0,0.0,0.00,0,0,0.0,0.0,2,2,1,1,0,0,0,11.2,51,47,11,0,0,1,7,6,4,0,11,0,0,0,0,0,0,1,0,0,0,1.07,219,14,9,0,0,-0.4,0.3,0.1,3.79,2,2,1,0,1,0,0,0,0.77,-0.4,.000,0,0,11.2,0,0,0,0,1,0,0,0,0,0,0,0,0.0,0.0
SP,Sam Jones,Sam,Jones,Camjaveratyn O-Forge,6' 0',170 lbs,R,R,92,Boston Red Sox,BOS,1921,1921-1945,,86070,Diamond,4th of July On-Stream - Snapshot  SP Sam Jones  BOS  1921,0,N,0,78,61,74,91,42,86,20,10,126,23,75,67,84,83,48,40,4,Normal,Normal,Normal,92,101,79,148,75,94,76,144,107,110,82,152,86,123,117,-,-,-,-,-,-,-,-,-,3,NEU,89-91,3/4,Normal,82,62,-,-,-,24,23,24,26,9,4,1,55,-,-,-,-,-,-,-,-,55,-,-,-,-,-,-,-,-,43,43,58,35,,,0,0,0,0,0,0,0,0,0,0,0,0,0,0,0,0,0,0.0,0.00,0,-0.0,0.0,0.00,0,0,0.0,0.0,2,2,1,0,0,0,0,13.1,48,45,3,2,0,0,0,0,3,0,10,0,0,0,1,0,0,0,0,0,0,0.88,186,12,17,0,0,0.5,0.5,1.1,3.59,2,2,4,1,3,0,0,0,2.70,0.1,1.079,0,0,13.1,0,0,0,0,1,1,0,0,0,0,0,0,-0.1,0.0
SP,Sam Jones,Sam,Jones,Texas Briskets,6' 0',170 lbs,R,R,92,Boston Red Sox,BOS,1921,1921-1945,,86070,Diamond,4th of July On-Stream - Snapshot  SP Sam Jones  BOS  1921,0,N,0,78,61,74,91,42,86,20,10,126,23,75,67,84,83,48,40,4,Normal,Normal,Normal,92,101,79,148,75,94,76,144,107,110,82,152,86,123,117,-,-,-,-,-,-,-,-,-,3,NEU,89-91,3/4,Normal,82,62,-,-,-,24,23,24,26,9,4,1,55,-,-,-,-,-,-,-,-,55,-,-,-,-,-,-,-,-,43,43,58,35,,,0,0,0,0,0,0,0,0,0,0,0,0,0,0,0,0,0,0.0,0.00,0,-0.0,0.0,0.00,0,0,0.0,0.0,1,1,0,1,0,0,0,7.0,29,25,4,1,0,0,2,2,3,0,9,0,1,0,0,0,0,0,0,0,0,1.00,114,4,8,1,0,0.0,0.3,0.3,2.56,1,1,3,2,1,0,0,0,3.86,0.1,1.079,1,0,7.0,0,0,2,2,0,0,1,1,0,0,0,0,0.0,0.0
SP,Sam Jones,Sam,Jones,Cibao Aguilas,6' 0',170 lbs,R,R,92,Boston Red Sox,BOS,1921,1921-1945,,86070,Diamond,4th of July On-Stream - Snapshot  SP Sam Jones  BOS  1921,0,N,0,78,61,74,91,42,86,20,10,126,23,75,67,84,83,48,40,4,Normal,Normal,Normal,92,101,79,148,75,94,76,144,107,110,82,152,86,123,117,-,-,-,-,-,-,-,-,-,3,NEU,89-91,3/4,Normal,82,62,-,-,-,24,23,24,26,9,4,1,55,-,-,-,-,-,-,-,-,55,-,-,-,-,-,-,-,-,43,43,58,35,,,0,0,0,0,0,0,0,0,0,0,0,0,0,0,0,0,0,0.0,0.00,0,-0.0,0.0,0.00,0,0,0.0,0.0,2,2,1,0,0,0,0,16.2,62,62,6,0,1,5,7,6,0,0,15,0,0,0,0,0,0,1,0,0,0,0.97,225,15,19,1,0,0.4,0.0,0.4,2.42,2,2,5,4,1,0,0,0,2.70,0.1,1.079,1,0,16.2,0,0,1,1,2,2,0,0,0,0,0,0,0.1,0.0
SP,Sam Jones,Sam,Jones,Globo Gym Purple Cobras - JW,6' 0',170 lbs,R,R,92,Boston Red Sox,BOS,1921,1921-1945,,86070,Diamond,4th of July On-Stream - Snapshot  SP Sam Jones  BOS  1921,0,Y,5,85,67,81,99,47,93,23,13,136,26,82,73,91,90,53,40,4,Normal,Normal,Normal,100,109,86,159,82,102,83,155,116,119,89,164,86,123,117,-,-,-,-,-,-,-,-,-,3,NEU,89-91,3/4,Normal,82,62,-,-,-,24,23,24,26,9,4,1,59,-,-,-,-,-,-,-,-,59,-,-,-,-,-,-,-,-,43,43,58,35,,,0,0,0,0,0,0,0,0,0,0,0,0,0,0,0,0,0,0.0,0.00,0,-0.0,0.0,0.00,0,0,0.0,0.0,1,0,0,0,0,0,0,1.2,5,5,0,0,0,0,0,0,0,0,0,0,0,0,0,0,0,0,1,0,0,0.30,19,2,3,0,0,0.0,0.0,0.1,6.25,1,0,1,0,1,0,0,0,5.40,0.0,.000,0,0,1.2,0,0,1,1,0,0,0,0,0,0,0,0,0.0,0.0
SP,Sam Jones,Sam,Jones,Roaming Rascals BFF,6' 0',170 lbs,R,R,92,Boston Red Sox,BOS,1921,1921-1945,,86070,Diamond,4th of July On-Stream - Snapshot  SP Sam Jones  BOS  1921,0,Y,5,85,67,81,99,47,93,23,13,136,26,82,73,91,90,53,40,4,Normal,Normal,Normal,100,109,86,159,82,102,83,155,116,119,89,164,86,123,117,-,-,-,-,-,-,-,-,-,3,NEU,89-91,3/4,Normal,82,62,-,-,-,24,23,24,26,9,4,1,59,-,-,-,-,-,-,-,-,59,-,-,-,-,-,-,-,-,43,43,58,35,,,0,0,0,0,0,0,0,0,0,0,0,0,0,0,0,0,0,0.0,0.00,0,-0.0,0.0,0.00,0,0,0.0,0.0,3,3,1,1,0,0,0,21.0,84,76,6,2,2,3,7,7,5,0,12,3,0,0,1,0,0,0,0,0,0,1.01,314,21,30,1,0,0.4,0.1,0.7,4.56,3,3,5,4,1,0,0,0,2.14,0.0,1.079,1,0,21.0,0,0,2,2,2,1,1,1,0,0,0,0,-0.5,0.0
SP,Sam Jones,Sam,Jones,Lowlyworm's Apple Car,6' 0',170 lbs,R,R,92,Boston Red Sox,BOS,1921,1921-1945,,86070,Diamond,4th of July On-Stream - Snapshot  SP Sam Jones  BOS  1921,0,N,0,78,61,74,91,42,86,20,10,126,23,75,67,84,83,48,40,4,Normal,Normal,Normal,92,101,79,148,75,94,76,144,107,110,82,152,86,123,117,-,-,-,-,-,-,-,-,-,3,NEU,89-91,3/4,Normal,82,62,-,-,-,24,23,24,26,9,4,1,55,-,-,-,-,-,-,-,-,55,-,-,-,-,-,-,-,-,43,43,58,35,,,0,0,0,0,0,0,0,0,0,0,0,0,0,0,0,0,0,0.0,0.00,0,-0.0,0.0,0.00,0,0,0.0,0.0,2,2,0,2,0,0,0,8.2,45,39,8,5,0,2,9,9,5,0,11,1,0,0,0,0,0,1,0,0,0,0.96,177,5,8,0,1,-0.5,-0.0,-0.3,3.69,2,2,0,0,0,0,0,0,0.00,0.3,.000,1,1,8.2,0,0,0,0,0,0,0,0,0,0,0,0,-0.3,0.0
SP,Jim Kaat,Jim,Kaat,Globo Gym Purple Cobras - JW,6' 4',215 lbs,L,L,87,Minnesota Twins,MIN,1967,1961-1979,HOF,85114,Gold,HOF 1 - Hall of Fame  SP Jim Kaat  MIN  1967,0,Y,5,28,70,35,55,30,28,55,22,70,21,29,73,38,49,33,30,4,Normal,Normal,Normal,107,137,60,105,140,155,64,101,101,132,60,106,89,-,108,98,83,83,-,-,-,-,-,-,5,NEU,89-91,3/4,Normal,78,60,-,-,-,100,100,100,100,5,5,4,168,-,-,-,-,-,-,-,-,168,-,-,-,-,-,-,-,-,11,4,11,16,,,0,0,0,0,0,0,0,0,0,0,0,0,0,0,0,0,0,0.0,0.00,0,-0.0,0.0,0.00,0,0,0.0,0.0,1,0,1,0,0,1,0,3.0,10,10,1,0,0,0,0,0,0,0,2,0,0,0,0,0,0,0,1,0,0,1.37,36,4,3,0,0,0.3,0.1,0.2,3.14,1,0,0,0,0,0,0,0,0.00,0.0,.000,0,0,3.0,0,0,0,0,0,0,0,0,0,0,0,0,0.0,0.0
SP,Sandy Koufax,Sandy,Koufax,Watertown Sword Guys TBD,6' 2',210 lbs,R,L,93,Los Angeles Dodgers,LAD,1961,1961-1979,,85488,Diamond,60s Theme Week - Historical All-Star  SP Sandy Koufax  LAD  1961,0,Y,5,15,32,6,59,20,9,42,9,42,31,17,26,5,66,17,69,22,Normal,Spray,Spray,152,81,99,92,172,68,65,107,145,85,109,88,125,112,156,-,-,-,-,91,-,-,-,-,4,FB,94-96,3/4,Normal,77,62,-,-,-,24,24,24,23,1,10,10,60,-,-,-,-,-,-,-,-,60,-,-,-,-,-,-,-,-,7,13,6,5,,,0,0,0,0,0,0,0,0,0,0,0,0,0,0,0,0,0,0.0,0.00,0,-0.0,0.0,0.00,0,0,0.0,0.0,3,0,0,0,0,2,0,6.2,29,26,3,2,0,1,2,2,3,0,6,0,0,0,0,0,0,0,1,3,0,1.57,115,8,6,0,0,0.4,-0.0,0.2,4.15,3,0,1,1,0,0,0,0,1.35,0.1,1.079,0,0,6.2,0,0,1,1,0,0,0,0,0,0,0,0,-0.1,0.0
SP,Sandy Koufax,Sandy,Koufax,Zanesville Greys,6' 2',210 lbs,R,L,93,Los Angeles Dodgers,LAD,1961,1961-1979,,85488,Diamond,60s Theme Week - Historical All-Star  SP Sandy Koufax  LAD  1961,0,Y,5,15,32,6,59,20,9,42,9,42,31,17,26,5,66,17,69,22,Normal,Spray,Spray,152,81,99,92,172,68,65,107,145,85,109,88,125,112,156,-,-,-,-,91,-,-,-,-,4,FB,94-96,3/4,Normal,77,62,-,-,-,24,24,24,23,1,10,10,60,-,-,-,-,-,-,-,-,60,-,-,-,-,-,-,-,-,7,13,6,5,,,0,0,0,0,0,0,0,0,0,0,0,0,0,0,0,0,0,0.0,0.00,0,-0.0,0.0,0.00,0,0,0.0,0.0,1,1,0,1,0,0,0,3.0,18,12,2,1,1,1,5,5,3,0,3,1,1,1,1,0,0,0,0,0,0,0.91,68,3,3,0,0,-0.3,-0.1,-0.2,5.43,1,1,1,1,0,0,0,0,3.00,0.1,1.079,0,0,3.0,0,0,1,1,0,0,0,0,0,0,0,0,0.0,0.0
SP,Sandy Koufax,Sandy,Koufax,Grand Rapids Warriors,6' 2',210 lbs,R,L,93,Los Angeles Dodgers,LAD,1961,1961-1979,,85488,Diamond,60s Theme Week - Historical All-Star  SP Sandy Koufax  LAD  1961,0,N,0,12,28,4,54,17,7,38,7,38,27,14,23,3,60,14,69,22,Normal,Spray,Spray,141,74,91,85,160,62,59,99,135,78,101,81,125,112,156,-,-,-,-,91,-,-,-,-,4,FB,94-96,3/4,Normal,77,62,-,-,-,24,24,24,23,1,10,10,55,-,-,-,-,-,-,-,-,55,-,-,-,-,-,-,-,-,7,13,6,5,,,0,0,0,0,0,0,0,0,0,0,0,0,0,0,0,0,0,0.0,0.00,0,-0.0,0.0,0.00,0,0,0.0,0.0,1,1,0,0,0,0,0,4.0,20,18,3,2,0,1,5,5,2,0,5,0,0,0,0,0,0,0,0,0,0,0.96,82,4,3,1,0,-0.3,-0.0,-0.2,3.54,1,1,0,0,0,0,0,0,0.00,-0.1,.000,1,0,4.0,0,0,0,0,0,0,0,0,0,0,0,0,-0.1,0.0
SP,Jack Kramer,Jack,Kramer,Northville Stallions,6' 2',190 lbs,R,R,89,St. Louis Browns,BAL,1944,1921-1945,,83310,Gold,Snapshot  SP Jack Kramer  SLA  1944,0,N,0,14,40,41,47,17,8,29,35,39,16,16,44,43,50,18,56,3,Normal,Normal,Normal,89,73,86,89,85,79,53,87,92,69,114,91,75,124,96,-,-,-,-,-,-,-,-,-,3,NEU,91-93,SIDE,Normal,87,37,-,-,-,33,24,26,23,2,8,3,66,-,-,-,-,-,-,-,-,66,-,-,-,-,-,-,-,-,5,6,6,5,,,0,0,0,0,0,0,0,0,0,0,0,0,0,0,0,0,0,0.0,0.00,0,-0.0,0.0,0.00,0,0,0.0,0.0,1,1,0,1,0,0,0,7.0,29,27,5,1,0,0,3,2,2,0,2,0,0,0,1,0,0,1,0,0,0,1.39,109,9,9,0,0,-0.0,0.2,0.2,5.80,1,1,2,2,0,0,0,0,2.57,0.1,1.079,0,0,7.0,0,0,2,2,0,0,0,0,0,0,0,0,0.0,0.0
SP,Jack Kramer,Jack,Kramer,Herky Hyenas,6' 2',190 lbs,R,R,89,St. Louis Browns,BAL,1944,1921-1945,,83310,Gold,Snapshot  SP Jack Kramer  SLA  1944,0,Y,5,17,45,46,52,20,11,33,39,43,19,19,49,48,55,21,56,3,Normal,Normal,Normal,97,80,93,97,92,86,58,94,100,75,123,99,75,124,96,-,-,-,-,-,-,-,-,-,3,NEU,91-93,SIDE,Normal,87,37,-,-,-,33,24,26,23,2,8,3,71,-,-,-,-,-,-,-,-,71,-,-,-,-,-,-,-,-,5,6,6,5,,,0,0,0,0,0,0,0,0,0,0,0,0,0,0,0,0,0,0.0,0.00,0,-0.0,0.0,0.00,0,0,0.0,0.0,2,2,0,1,0,0,0,11.2,47,42,5,2,1,2,10,10,3,0,10,1,0,1,0,0,0,1,0,0,0,0.87,180,9,14,0,0,-0.4,0.1,-0.2,3.54,2,2,1,1,0,0,0,0,0.77,0.1,1.079,0,0,11.2,0,0,0,0,0,0,1,1,0,0,0,0,0.0,0.0
SP,Jack Kramer,Jack,Kramer,Jeju City Foxes,6' 2',190 lbs,R,R,89,St. Louis Browns,BAL,1944,1921-1945,,83310,Gold,Snapshot  SP Jack Kramer  SLA  1944,0,N,0,14,40,41,47,17,8,29,35,39,16,16,44,43,50,18,56,3,Normal,Normal,Normal,89,73,86,89,85,79,53,87,92,69,114,91,75,124,96,-,-,-,-,-,-,-,-,-,3,NEU,91-93,SIDE,Normal,87,37,-,-,-,33,24,26,23,2,8,3,66,-,-,-,-,-,-,-,-,66,-,-,-,-,-,-,-,-,5,6,6,5,,,0,0,0,0,0,0,0,0,0,0,0,0,0,0,0,0,0,0.0,0.00,0,-0.0,0.0,0.00,0,0,0.0,0.0,1,1,1,0,0,0,0,7.1,24,24,3,0,0,0,1,1,0,0,8,0,0,0,0,0,0,1,0,0,0,0.71,114,8,5,1,0,0.3,0.5,0.5,1.63,1,1,1,0,1,0,0,0,1.23,-0.1,.000,1,0,7.1,0,0,0,0,0,0,0,0,0,0,0,0,-0.3,0.0
SP,Al Leiter,Al,Leiter,Normal Night Owls - HotL,6' 3',215 lbs,L,L,90,Florida Marlins,FLA,1996,1993-2004,,85796,Diamond,Family Connections - Snapshot  SP Al Leiter  FLO  1996,0,Y,5,18,20,5,33,12,12,33,5,20,12,21,17,5,36,12,55,5,Normal,Normal,Normal,124,66,161,132,108,96,124,155,130,45,174,127,98,-,140,93,-,-,-,-,-,-,-,-,3,FB,90-92,3/4,Normal,86,104,-,-,-,26,26,26,27,6,9,5,64,-,-,-,-,-,-,-,-,64,-,-,-,-,-,-,-,-,10,3,6,15,,,0,0,0,0,0,0,0,0,0,0,0,0,0,0,0,0,0,0.0,0.00,0,-0.0,0.0,0.00,0,0,0.0,0.0,1,1,0,0,0,0,0,6.1,25,22,2,1,1,0,3,3,3,0,6,0,0,0,0,0,0,0,0,0,0,0.95,105,6,6,0,0,0.0,0.2,0.1,3.88,1,1,1,1,0,0,0,0,1.42,0.0,.000,0,0,6.1,0,0,0,0,0,0,0,0,0,0,0,0,0.0,0.0
SP,Al Leiter,Al,Leiter,Paso Robles Powerhouse,6' 3',215 lbs,L,L,90,Florida Marlins,FLA,1996,1993-2004,,85796,Diamond,Family Connections - Snapshot  SP Al Leiter  FLO  1996,0,Y,5,18,20,5,33,12,12,33,5,20,12,21,17,5,36,12,55,5,Normal,Normal,Normal,124,66,161,132,108,96,124,155,130,45,174,127,98,-,140,93,-,-,-,-,-,-,-,-,3,FB,90-92,3/4,Normal,86,104,-,-,-,26,26,26,27,6,9,5,64,-,-,-,-,-,-,-,-,64,-,-,-,-,-,-,-,-,10,3,6,15,,,0,0,0,0,0,0,0,0,0,0,0,0,0,0,0,0,0,0.0,0.00,0,-0.0,0.0,0.00,0,0,0.0,0.0,3,3,1,1,0,0,0,14.0,65,56,10,4,0,2,11,11,8,0,14,0,0,1,1,0,0,1,0,0,0,1.12,264,11,15,0,0,-0.5,0.1,-0.2,4.24,3,3,1,0,1,0,0,0,0.64,-0.2,.000,0,0,14.0,0,0,0,0,1,0,0,0,0,0,0,0,0.0,0.0
SP,Al Leiter,Al,Leiter,Wilson Horns,6' 3',215 lbs,L,L,90,Florida Marlins,FLA,1996,1993-2004,,85796,Diamond,Family Connections - Snapshot  SP Al Leiter  FLO  1996,0,N,0,15,17,3,29,9,9,29,3,17,9,18,14,3,32,9,55,5,Normal,Normal,Normal,115,60,150,122,100,88,115,144,120,40,162,118,98,-,140,93,-,-,-,-,-,-,-,-,3,FB,90-92,3/4,Normal,86,104,-,-,-,26,26,26,27,6,9,5,60,-,-,-,-,-,-,-,-,60,-,-,-,-,-,-,-,-,10,3,6,15,,,0,0,0,0,0,0,0,0,0,0,0,0,0,0,0,0,0,0.0,0.00,0,-0.0,0.0,0.00,0,0,0.0,0.0,1,1,0,1,0,0,0,7.2,30,23,3,0,0,1,2,2,4,0,5,1,1,1,0,0,0,1,0,0,0,0.78,115,5,11,1,0,0.1,-0.0,0.3,4.96,1,1,2,1,1,0,0,0,2.35,-0.1,.000,1,0,7.2,0,0,0,0,0,0,0,0,0,0,0,0,0.0,0.0
SP,Red Lucas,Red,Lucas,Everett Aqua Sox,5' 9',170 lbs,L,R,68,Cincinnati Reds,CIN,1927,1921-1945,,86781,Bronze,T4 Ep. 9 - Baseball Reference 8  SP Red Lucas  CIN  1927,0,N,0,89,73,10,87,81,128,124,10,20,86,80,52,10,100,80,44,9,Groundball,Normal,Normal,55,115,93,100,38,107,98,87,64,122,90,112,74,79,78,-,-,-,-,-,-,-,-,-,3,FB,87-89,3/4,Normal,93,62,-,-,-,54,53,69,69,46,100,40,106,-,-,57,-,43,57,-,-,106,-,-,57,-,43,57,-,-,31,4,6,14,,,0,0,0,0,0,0,0,0,0,0,0,0,0,0,0,0,0,0.0,0.00,0,-0.0,0.0,0.00,0,0,0.0,0.0,2,0,0,0,0,0,0,1.1,4,4,1,0,0,0,0,0,0,0,0,0,0,0,0,0,0,1,2,1,0,0.85,11,3,0,0,0,0.0,0.0,0.1,8.50,2,0,0,0,0,0,0,0,0.00,0.0,.000,0,0,1.1,0,0,0,0,0,0,0,0,0,0,0,0,0.0,0.0
SP,Red Lucas,Red,Lucas,Providence Friars - HotL,5' 9',170 lbs,L,R,68,Cincinnati Reds,CIN,1927,1921-1945,,86781,Bronze,T4 Ep. 9 - Baseball Reference 8  SP Red Lucas  CIN  1927,0,N,0,89,73,10,87,81,128,124,10,20,86,80,52,10,100,80,44,9,Groundball,Normal,Normal,55,115,93,100,38,107,98,87,64,122,90,112,74,79,78,-,-,-,-,-,-,-,-,-,3,FB,87-89,3/4,Normal,93,62,-,-,-,54,53,69,69,46,100,40,106,-,-,57,-,43,57,-,-,106,-,-,57,-,43,57,-,-,31,4,6,14,1,1,5,5,1,1,0,0,0,0,1,0,0,0,0,0,0,2,1,0.0,-0.12,0,-0.6,-0.1,3.20,0,0,0.0,0.2,4,0,0,0,0,0,1,8.2,38,37,4,3,1,4,7,7,0,0,2,0,0,1,0,0,0,0,2,4,2,0.32,112,10,14,0,0,-0.3,-0.4,-0.2,5.34,5,1,7,2,4,1,0,0,3.00,-0.6,.539,0,0,18.0,0,0,5,4,0,0,2,1,0,0,0,0,0.0,0.0
SP,Max Manning,Max,Manning,seebal Saeki,6' 4',180 lbs,R,R,87,Newark Eagles,NeEa,1939,1921-1945,,84490,Gold,Negro League Star  SP Max Manning  NeEa  1939,0,N,0,23,19,7,28,22,24,19,8,29,23,23,19,7,28,22,40,14,Normal,Spray,Pull,86,75,83,86,81,74,77,82,89,77,88,91,75,114,103,78,-,-,-,-,-,-,-,-,4,NEU,88-90,SIDE,Normal,68,60,1,1,1,29,26,27,25,45,56,56,64,-,-,-,-,-,49,-,-,64,-,-,-,-,-,49,-,-,16,3,6,28,,,0,0,0,0,0,0,0,0,0,0,0,0,0,0,0,0,0,0.0,0.00,0,-0.0,0.0,0.00,0,0,0.0,0.0,1,1,0,0,0,0,0,4.0,22,17,4,0,0,1,4,4,5,0,1,0,0,0,0,0,0,0,0,0,0,1.18,81,3,8,0,0,-0.2,-0.2,-0.1,8.23,1,1,0,0,0,0,0,0,0.00,-0.2,.000,0,0,4.0,0,0,0,0,1,0,0,0,0,0,0,0,-0.1,0.0
SP,Rube Marquard,Rube,Marquard,Shibuya Shredders - GH,6' 3',180 lbs,S,L,84,Brooklyn Robins,LAD,1916,2026,,86891,Gold,HOF 2 - Snapshot  SP Rube Marquard  BRO  1916,0,N,0,16,33,5,42,21,27,45,3,39,12,13,30,6,44,24,53,7,Normal,Spray,Spray,115,128,99,83,131,120,136,67,110,131,91,90,108,-,114,-,-,-,-,-,-,125,-,-,3,NEU,90-92,OTT,Normal,82,55,-,-,-,25,23,25,28,8,6,10,56,-,-,-,-,-,-,-,-,56,-,-,-,-,-,-,-,-,55,65,75,41,,,0,0,0,0,0,0,0,0,0,0,0,0,0,0,0,0,0,0.0,0.00,0,-0.0,0.0,0.00,0,0,0.0,0.0,3,3,0,1,0,0,0,15.2,73,67,16,3,1,3,13,13,4,0,15,0,0,2,0,0,0,1,0,0,0,0.96,277,12,19,2,0,-0.7,0.2,-0.2,3.55,3,3,2,2,0,0,0,0,1.15,-0.2,1.079,2,0,15.2,0,0,2,2,0,0,0,0,0,0,0,0,-0.9,0.0
SP,Leroy Matlock,Leroy,Matlock,Summerglen Seraphs TBD,5' 9',175 lbs,L,L,86,Pittsburgh Crawfords,PiCr,1935,1921-1945,,85888,Gold,Heart Attack - Negro League Star  SP Leroy Matlock  PiCr  1935,0,Y,5,101,98,7,72,118,86,84,7,66,106,106,102,7,75,122,46,10,Line Drive,Pull,Normal,75,123,88,106,83,134,91,125,72,120,88,102,69,81,78,77,77,-,-,-,-,88,-,-,6,NEU,88-90,3/4,Normal,69,60,1,1,1,29,28,27,25,76,56,86,71,-,40,-,-,-,96,74,-,71,-,40,-,-,-,96,74,-,9,5,11,29,,,0,0,0,0,0,0,0,0,0,0,0,0,0,0,0,0,0,0.0,0.00,0,-0.0,0.0,0.00,0,0,0.0,0.0,2,0,0,0,0,0,0,2.2,10,9,1,0,0,0,0,0,0,0,2,1,0,0,0,0,0,0,1,2,0,0.47,32,2,4,0,0,0.0,0.1,0.2,2.75,2,0,1,1,0,0,0,0,3.38,0.1,1.079,0,0,2.2,0,0,1,1,0,0,0,0,0,0,0,0,0.0,0.0
SP,Jakie May,Jakie,May,Kansas City Torrent - JW,5' 8',180 lbs,R,L,72,Cincinnati Reds,CIN,1927,1921-1945,,85286,Silver,May Names 1 - Snapshot  SP Jakie May  CIN  1927,9 368,Y,5,12,48,5,34,17,14,66,4,45,26,12,42,6,29,14,70,21,Normal,Pull,Pull,109,76,74,114,117,76,96,100,107,76,67,120,98,92,118,85,-,-,-,-,-,-,66,-,5,NEU,89-91,SIDE,Normal,69,58,-,-,-,30,41,31,23,4,10,9,84,-,-,-,-,-,-,-,-,84,-,-,-,-,-,-,-,-,12,15,6,13,,,0,0,0,0,0,0,0,0,0,0,0,0,0,0,0,0,0,0.0,0.00,0,-0.0,0.0,0.00,0,0,0.0,0.0,3,0,0,0,1,3,0,7.0,26,23,1,1,0,0,0,0,2,0,6,1,0,0,0,0,0,0,2,1,0,1.70,93,4,11,0,0,0.6,0.2,0.6,3.01,3,0,0,0,0,0,0,0,0.00,0.0,.000,0,0,7.0,0,0,0,0,0,0,0,0,0,0,0,0,0.0,0.0
SP,James McDonald,James,McDonald,Watertown Sword Guys TBD,6' 5',205 lbs,L,R,55,Pittsburgh Pirates,PIT,2010,2005-2014,,86384,Iron,T4 Ep. 6 - Baseball Reference 6  SP James McDonald  PIT  2010,0,N,0,1,5,1,3,1,1,5,1,3,1,1,5,1,3,1,28,1,Normal,Spray,Spray,94,68,68,125,84,48,71,131,105,80,66,120,92,98,121,-,103,-,-,-,-,-,-,-,4,EX FB,91-93,3/4,Normal,59,63,-,-,-,25,20,23,23,4,10,2,52,-,-,-,-,-,-,-,-,52,-,-,-,-,-,-,-,-,12,4,6,20,,,0,0,0,0,0,0,0,0,0,0,0,0,0,0,0,0,0,0.0,0.00,0,-0.0,0.0,0.00,0,0,0.0,0.0,1,0,0,0,0,0,0,2.2,12,12,2,0,1,1,2,2,0,0,4,0,0,0,0,0,0,0,0,0,0,0.15,52,0,4,0,0,-0.0,-0.0,-0.0,0.09,1,0,0,0,0,0,0,0,0.00,0.0,.000,0,0,2.2,0,0,0,0,0,0,0,0,0,0,0,0,0.0,0.0
SP,James McDonald,James,McDonald,Shartlesville ShihTzus - HotL,6' 5',205 lbs,L,R,55,Pittsburgh Pirates,PIT,2010,2005-2014,,86384,Iron,T4 Ep. 6 - Baseball Reference 6  SP James McDonald  PIT  2010,0,N,0,1,5,1,3,1,1,5,1,3,1,1,5,1,3,1,28,1,Normal,Spray,Spray,94,68,68,125,84,48,71,131,105,80,66,120,92,98,121,-,103,-,-,-,-,-,-,-,4,EX FB,91-93,3/4,Normal,59,63,-,-,-,25,20,23,23,4,10,2,52,-,-,-,-,-,-,-,-,52,-,-,-,-,-,-,-,-,12,4,6,20,,,0,0,0,0,0,0,0,0,0,0,0,0,0,0,0,0,0,0.0,0.00,0,-0.0,0.0,0.00,0,0,0.0,0.0,1,0,0,0,0,0,0,1.0,5,5,2,0,0,0,0,0,0,0,0,0,0,0,0,0,0,0,1,0,0,2.24,23,0,3,0,0,0.0,0.0,0.1,4.86,1,0,0,0,0,0,0,0,0.00,0.0,.000,0,0,1.0,0,0,0,0,0,0,0,0,0,0,0,0,0.0,0.0
SP,James McDonald,James,McDonald,Kansas City Torrent - JW,6' 5',205 lbs,L,R,55,Pittsburgh Pirates,PIT,2010,2005-2014,,86384,Iron,T4 Ep. 6 - Baseball Reference 6  SP James McDonald  PIT  2010,164 472,Y,5,1,7,1,5,1,1,7,1,5,1,1,7,1,5,1,28,1,Normal,Spray,Spray,102,74,74,135,91,53,77,141,114,87,72,130,92,98,121,-,103,-,-,-,-,-,-,-,4,EX FB,91-93,3/4,Normal,59,63,-,-,-,25,20,23,23,4,10,2,57,-,-,-,-,-,-,-,-,57,-,-,-,-,-,-,-,-,12,4,6,20,,,0,0,0,0,0,0,0,0,0,0,0,0,0,0,0,0,0,0.0,0.00,0,-0.0,0.0,0.00,0,0,0.0,0.0,4,0,1,2,0,0,3,6.0,30,28,4,2,0,4,9,9,1,0,7,1,0,0,1,0,0,0,1,3,2,1.60,108,4,7,0,0,-1.4,-0.5,-0.7,2.88,4,0,0,0,0,0,0,0,0.00,0.0,.000,0,0,6.0,0,0,0,0,0,0,0,0,0,0,0,0,0.0,0.0
SP,James McDonald,James,McDonald,Shakedown 1977 Microbus TTC - GH,6' 5',205 lbs,L,R,55,Pittsburgh Pirates,PIT,2010,2005-2014,,86384,Iron,T4 Ep. 6 - Baseball Reference 6  SP James McDonald  PIT  2010,0,N,0,1,5,1,3,1,1,5,1,3,1,1,5,1,3,1,28,1,Normal,Spray,Spray,94,68,68,125,84,48,71,131,105,80,66,120,92,98,121,-,103,-,-,-,-,-,-,-,4,EX FB,91-93,3/4,Normal,59,63,-,-,-,25,20,23,23,4,10,2,52,-,-,-,-,-,-,-,-,52,-,-,-,-,-,-,-,-,12,4,6,20,,,0,0,0,0,0,0,0,0,0,0,0,0,0,0,0,0,0,0.0,0.00,0,-0.0,0.0,0.00,0,0,0.0,0.0,2,0,0,0,0,0,0,1.2,7,6,1,0,0,0,0,0,1,0,1,0,0,0,0,0,0,0,2,2,1,0.39,22,1,3,0,0,0.0,0.0,0.1,5.29,2,0,0,0,0,0,0,0,0.00,0.0,.000,0,0,1.2,0,0,0,0,0,0,0,0,0,0,0,0,0.0,0.0
SP,Dave McNally,Dave,McNally,Chicago Gamblers - E6,5' 11',190 lbs,R,L,74,Baltimore Orioles,BAL,1968,1961-1979,LE,86875,Silver,Limited Edition/74  SP Dave McNally  BAL  1968,0,N,0,19,43,54,60,15,13,34,38,53,19,22,46,60,62,14,67,7,Normal,Normal,Normal,91,133,169,70,128,168,161,73,82,122,171,69,83,79,125,83,-,-,-,-,-,-,-,-,4,FB,87-89,3/4,Normal,95,62,-,-,-,24,30,28,31,6,7,1,63,-,-,-,-,-,-,-,-,63,-,-,-,-,-,-,-,-,10,4,6,15,,,0,0,0,0,0,0,0,0,0,0,0,0,0,0,0,0,0,0.0,0.00,0,-0.0,0.0,0.00,0,0,0.0,0.0,3,3,1,1,0,0,0,19.2,81,76,10,2,0,4,8,7,5,0,14,0,0,0,0,0,0,0,0,0,0,0.78,299,21,24,1,0,-0.1,0.1,0.5,4.15,3,3,3,0,3,0,0,0,1.37,-0.1,.000,1,0,19.2,0,0,1,1,0,0,0,0,0,0,0,0,-0.3,0.0
SP,Dave McNally,Dave,McNally,Shibuya Shredders - GH,5' 11',190 lbs,R,L,74,Baltimore Orioles,BAL,1968,1961-1979,LE,86875,Silver,Limited Edition/74  SP Dave McNally  BAL  1968,0,N,0,19,43,54,60,15,13,34,38,53,19,22,46,60,62,14,67,7,Normal,Normal,Normal,91,133,169,70,128,168,161,73,82,122,171,69,83,79,125,83,-,-,-,-,-,-,-,-,4,FB,87-89,3/4,Normal,95,62,-,-,-,24,30,28,31,6,7,1,63,-,-,-,-,-,-,-,-,63,-,-,-,-,-,-,-,-,10,4,6,15,,,0,0,0,0,0,0,0,0,0,0,0,0,0,0,0,0,0,0.0,0.00,0,-0.0,0.0,0.00,0,0,0.0,0.0,4,0,0,0,0,1,2,8.0,36,34,6,4,0,1,7,7,1,0,11,1,0,0,0,0,0,1,1,4,0,0.66,141,6,6,0,0,-0.1,0.2,-0.2,1.99,4,0,1,0,1,0,0,0,1.12,-0.2,.000,0,0,8.0,0,0,0,0,1,0,0,0,0,0,0,0,-0.1,0.0
SP,Kris Medlen,Kris,Medlen,Gamehendge Lizards - HotL,5' 10',190 lbs,S,R,99,Atlanta Braves,ATL,2012,2005-2014,LE,86682,Diamond,Limited Edition/50  SP Kris Medlen  ATL  2012,0,N,0,1,4,1,4,2,1,4,1,4,2,1,4,1,4,2,26,1,Normal,Normal,Normal,95,120,120,137,99,118,117,160,92,122,123,115,76,114,85,-,128,-,-,-,-,-,-,-,4,NEU,89-91,OTT,Normal,66,66,-,-,-,35,20,26,23,7,8,7,65,-,-,-,-,-,-,-,-,65,-,-,-,-,-,-,-,-,22,5,11,37,,,0,0,0,0,0,0,0,0,0,0,0,0,0,0,0,0,0,0.0,0.00,0,-0.0,0.0,0.00,0,0,0.0,0.0,1,1,0,1,0,0,0,5.0,24,22,5,0,0,2,4,3,2,0,5,0,0,0,0,0,0,1,0,0,0,1.02,96,6,3,0,0,-0.2,-0.1,-0.1,3.97,1,1,2,2,0,0,0,0,3.60,0.1,1.079,0,0,5.0,0,0,2,2,0,0,0,0,0,0,0,0,0.0,0.0
SP,Kris Medlen,Kris,Medlen,Chicago Beans,5' 10',190 lbs,S,R,99,Atlanta Braves,ATL,2012,2005-2014,LE,86682,Diamond,Limited Edition/50  SP Kris Medlen  ATL  2012,0,N,0,1,4,1,4,2,1,4,1,4,2,1,4,1,4,2,26,1,Normal,Normal,Normal,95,120,120,137,99,118,117,160,92,122,123,115,76,114,85,-,128,-,-,-,-,-,-,-,4,NEU,89-91,OTT,Normal,66,66,-,-,-,35,20,26,23,7,8,7,65,-,-,-,-,-,-,-,-,65,-,-,-,-,-,-,-,-,22,5,11,37,,,0,0,0,0,0,0,0,0,0,0,0,0,0,0,0,0,0,0.0,0.00,0,-0.0,0.0,0.00,0,0,0.0,0.0,2,2,0,1,0,0,0,11.2,51,46,7,1,0,3,6,6,4,0,13,0,0,1,0,0,0,0,0,0,0,1.19,226,7,15,2,0,-0.2,0.0,0.2,3.00,2,2,1,1,0,0,0,0,0.77,-0.2,1.079,2,0,11.2,0,0,1,1,0,0,0,0,0,0,0,0,-0.3,0.0
SP,Kris Medlen,Kris,Medlen,Freedom Grabbers - HotL,5' 10',190 lbs,S,R,99,Atlanta Braves,ATL,2012,2005-2014,LE,86682,Diamond,Limited Edition/50  SP Kris Medlen  ATL  2012,0,N,0,1,4,1,4,2,1,4,1,4,2,1,4,1,4,2,26,1,Normal,Normal,Normal,95,120,120,137,99,118,117,160,92,122,123,115,76,114,85,-,128,-,-,-,-,-,-,-,4,NEU,89-91,OTT,Normal,66,66,-,-,-,35,20,26,23,7,8,7,65,-,-,-,-,-,-,-,-,65,-,-,-,-,-,-,-,-,22,5,11,37,,,0,0,0,0,0,0,0,0,0,0,0,0,0,0,0,0,0,0.0,0.00,0,-0.0,0.0,0.00,0,0,0.0,0.0,4,4,0,2,0,0,0,24.2,104,97,17,2,1,5,12,10,5,0,25,1,0,1,0,0,0,1,0,0,0,1.08,411,22,26,0,0,-0.0,0.2,0.4,3.03,4,4,4,3,1,0,0,0,1.46,0.3,1.079,0,0,24.2,0,0,2,2,0,0,1,1,0,0,0,0,0.1,0.0
SP,Kris Medlen,Kris,Medlen,Shartlesville ShihTzus - HotL,5' 10',190 lbs,S,R,99,Atlanta Braves,ATL,2012,2005-2014,LE,86682,Diamond,Limited Edition/50  SP Kris Medlen  ATL  2012,0,N,0,1,4,1,4,2,1,4,1,4,2,1,4,1,4,2,26,1,Normal,Normal,Normal,95,120,120,137,99,118,117,160,92,122,123,115,76,114,85,-,128,-,-,-,-,-,-,-,4,NEU,89-91,OTT,Normal,66,66,-,-,-,35,20,26,23,7,8,7,65,-,-,-,-,-,-,-,-,65,-,-,-,-,-,-,-,-,22,5,11,37,,,0,0,0,0,0,0,0,0,0,0,0,0,0,0,0,0,0,0.0,0.00,0,-0.0,0.0,0.00,0,0,0.0,0.0,1,1,0,0,0,0,0,6.0,25,24,3,2,0,1,4,4,1,0,5,0,0,0,0,0,0,0,0,0,0,0.69,99,6,7,0,0,-0.2,0.1,-0.0,3.50,1,1,0,0,0,0,0,0,0.00,0.0,.000,0,0,6.0,0,0,0,0,0,0,0,0,0,0,0,0,0.0,0.0
SP,Kris Medlen,Kris,Medlen,Great Lakes Man-of-War-HOTL,5' 10',190 lbs,S,R,99,Atlanta Braves,ATL,2012,2005-2014,LE,86682,Diamond,Limited Edition/50  SP Kris Medlen  ATL  2012,0,N,0,1,4,1,4,2,1,4,1,4,2,1,4,1,4,2,26,1,Normal,Normal,Normal,95,120,120,137,99,118,117,160,92,122,123,115,76,114,85,-,128,-,-,-,-,-,-,-,4,NEU,89-91,OTT,Normal,66,66,-,-,-,35,20,26,23,7,8,7,65,-,-,-,-,-,-,-,-,65,-,-,-,-,-,-,-,-,22,5,11,37,,,0,0,0,0,0,0,0,0,0,0,0,0,0,0,0,0,0,0.0,0.00,0,-0.0,0.0,0.00,0,0,0.0,0.0,2,2,1,1,0,0,0,13.0,53,51,7,1,1,0,5,4,1,0,14,0,1,0,2,0,0,0,0,0,0,1.12,219,9,16,1,0,-0.2,0.7,0.4,2.20,2,2,3,3,0,0,0,0,2.08,0.0,1.079,1,0,13.0,0,0,1,1,2,1,0,0,1,1,0,0,0.0,0.0
SP,Kris Medlen,Kris,Medlen,Globo Gym Purple Cobras - JW,5' 10',190 lbs,S,R,99,Atlanta Braves,ATL,2012,2005-2014,LE,86682,Diamond,Limited Edition/50  SP Kris Medlen  ATL  2012,0,N,0,1,4,1,4,2,1,4,1,4,2,1,4,1,4,2,26,1,Normal,Normal,Normal,95,120,120,137,99,118,117,160,92,122,123,115,76,114,85,-,128,-,-,-,-,-,-,-,4,NEU,89-91,OTT,Normal,66,66,-,-,-,35,20,26,23,7,8,7,65,-,-,-,-,-,-,-,-,65,-,-,-,-,-,-,-,-,22,5,11,37,,,0,0,0,0,0,0,0,0,0,0,0,0,0,0,0,0,0,0.0,0.00,0,-0.0,0.0,0.00,0,0,0.0,0.0,1,1,0,0,0,0,0,3.2,20,19,4,2,0,1,5,4,1,0,5,0,0,0,0,0,0,0,0,0,0,1.29,76,1,5,1,0,-0.4,0.0,-0.2,2.60,1,1,1,0,1,0,0,0,2.45,-0.1,.000,1,0,3.2,0,0,1,1,0,0,0,0,0,0,0,0,-0.3,0.0
SP,Kris Medlen,Kris,Medlen,NoseKerim Astea Kerim,5' 10',190 lbs,S,R,99,Atlanta Braves,ATL,2012,2005-2014,LE,86682,Diamond,Limited Edition/50  SP Kris Medlen  ATL  2012,0,N,0,1,4,1,4,2,1,4,1,4,2,1,4,1,4,2,26,1,Normal,Normal,Normal,95,120,120,137,99,118,117,160,92,122,123,115,76,114,85,-,128,-,-,-,-,-,-,-,4,NEU,89-91,OTT,Normal,66,66,-,-,-,35,20,26,23,7,8,7,65,-,-,-,-,-,-,-,-,65,-,-,-,-,-,-,-,-,22,5,11,37,,,0,0,0,0,0,0,0,0,0,0,0,0,0,0,0,0,0,0.0,0.00,0,-0.0,0.0,0.00,0,0,0.0,0.0,6,6,3,1,0,0,0,36.0,151,138,28,7,0,3,15,15,7,0,35,3,2,1,1,0,0,2,0,0,0,1.02,602,31,36,1,2,0.2,1.0,0.9,3.13,6,6,6,5,1,0,0,0,1.50,0.8,1.079,3,2,36.0,0,0,3,3,1,1,0,0,0,0,0,0,0.0,0.0
SP,Kris Medlen,Kris,Medlen,Chicago Seals,5' 10',190 lbs,S,R,99,Atlanta Braves,ATL,2012,2005-2014,LE,86682,Diamond,Limited Edition/50  SP Kris Medlen  ATL  2012,0,N,0,1,4,1,4,2,1,4,1,4,2,1,4,1,4,2,26,1,Normal,Normal,Normal,95,120,120,137,99,118,117,160,92,122,123,115,76,114,85,-,128,-,-,-,-,-,-,-,4,NEU,89-91,OTT,Normal,66,66,-,-,-,35,20,26,23,7,8,7,65,-,-,-,-,-,-,-,-,65,-,-,-,-,-,-,-,-,22,5,11,37,,,0,0,0,0,0,0,0,0,0,0,0,0,0,0,0,0,0,0.0,0.00,0,-0.0,0.0,0.00,0,0,0.0,0.0,2,2,2,0,0,0,0,12.1,54,51,11,1,0,2,5,5,3,0,10,0,0,0,0,0,0,0,0,0,0,1.12,203,13,13,1,0,0.1,0.1,0.3,3.90,2,2,2,0,2,0,0,0,1.46,-0.1,.000,1,0,12.1,0,0,1,1,0,0,0,0,0,0,0,0,-0.3,0.0
SP,Kris Medlen,Kris,Medlen,Charlotte Hellcats GH,5' 10',190 lbs,S,R,99,Atlanta Braves,ATL,2012,2005-2014,LE,86682,Diamond,Limited Edition/50  SP Kris Medlen  ATL  2012,0,N,0,1,4,1,4,2,1,4,1,4,2,1,4,1,4,2,26,1,Normal,Normal,Normal,95,120,120,137,99,118,117,160,92,122,123,115,76,114,85,-,128,-,-,-,-,-,-,-,4,NEU,89-91,OTT,Normal,66,66,-,-,-,35,20,26,23,7,8,7,65,-,-,-,-,-,-,-,-,65,-,-,-,-,-,-,-,-,22,5,11,37,,,0,0,0,0,0,0,0,0,0,0,0,0,0,0,0,0,0,0.0,0.00,0,-0.0,0.0,0.00,0,0,0.0,0.0,4,4,1,2,0,0,0,26.2,105,95,13,3,1,2,10,10,6,0,28,1,2,1,2,0,0,2,0,0,0,0.84,408,29,21,1,1,-0.3,0.8,0.8,2.89,4,4,3,3,0,0,0,0,1.01,0.4,1.079,2,1,26.2,0,0,3,3,0,0,0,0,0,0,0,0,-0.1,0.0
SP,Kris Medlen,Kris,Medlen,Roaming Rascals BFF,5' 10',190 lbs,S,R,99,Atlanta Braves,ATL,2012,2005-2014,LE,86682,Diamond,Limited Edition/50  SP Kris Medlen  ATL  2012,0,N,0,1,4,1,4,2,1,4,1,4,2,1,4,1,4,2,26,1,Normal,Normal,Normal,95,120,120,137,99,118,117,160,92,122,123,115,76,114,85,-,128,-,-,-,-,-,-,-,4,NEU,89-91,OTT,Normal,66,66,-,-,-,35,20,26,23,7,8,7,65,-,-,-,-,-,-,-,-,65,-,-,-,-,-,-,-,-,22,5,11,37,,,0,0,0,0,0,0,0,0,0,0,0,0,0,0,0,0,0,0.0,0.00,0,-0.0,0.0,0.00,0,0,0.0,0.0,4,4,2,1,0,0,0,22.2,100,95,20,7,0,4,9,8,3,0,20,1,1,0,0,0,0,1,0,0,0,1.02,406,20,24,2,1,0.2,0.3,0.6,3.39,4,4,4,2,1,1,0,0,1.19,-0.2,.719,3,1,22.2,0,0,2,1,1,1,0,0,0,0,0,0,-0.3,0.0
SP,Jose Mendez,Jose,Mendez,Herky Hyenas,5' 10',150 lbs,R,R,95,Almendares,ALM,1907,2026,,84529,Diamond,Negro League Star  SP Jose Mendez  ALM  1907,0,Y,5,57,94,9,76,43,59,97,11,79,46,57,94,9,76,43,50,26,Normal,Spray,Spray,108,82,125,103,107,79,126,99,109,85,124,107,79,118,97,96,-,99,-,-,-,-,-,-,5,NEU,90-92,3/4,Normal,70,60,1,1,1,68,30,61,53,72,59,59,108,-,-,59,47,41,85,62,77,108,-,-,59,47,41,85,62,77,46,21,63,46,,,0,0,0,0,0,0,0,0,0,0,0,0,0,0,0,0,0,0.0,0.00,0,-0.0,0.0,0.00,0,0,0.0,0.0,3,3,2,0,0,0,0,18.1,76,68,9,2,0,2,4,4,6,0,22,2,0,0,1,0,0,0,0,0,0,1.16,315,14,18,0,0,0.6,0.4,0.9,2.72,3,3,2,0,2,0,0,0,0.98,0.0,.000,0,0,18.1,0,0,1,1,0,0,0,0,0,0,0,0,0.0,0.0
SP,Andy Messersmith,Andy,Messersmith,Winnipeg Brew Jays - HotL,6' 1',200 lbs,R,R,99,Los Angeles Dodgers,LAD,1975,1961-1979,LE,86874,Diamond,Limited Edition/42  SP Andy Messersmith  LAD  1975,0,N,0,65,67,1,66,53,94,100,1,91,68,49,48,1,55,45,69,42,Normal,Normal,Normal,128,103,154,103,141,111,141,100,118,98,165,105,77,133,136,82,-,-,-,-,-,-,-,-,4,NEU,89-91,3/4,Normal,97,71,-,-,-,28,13,21,23,5,6,7,48,-,-,-,-,-,-,-,-,48,-,-,-,-,-,-,-,-,9,4,6,13,,,0,0,0,0,0,0,0,0,0,0,0,0,0,0,0,0,0,0.0,0.00,0,-0.0,0.0,0.00,0,0,0.0,0.0,2,2,2,0,0,0,0,16.0,60,58,8,1,1,0,2,2,2,0,10,0,0,0,0,0,0,2,0,0,0,0.90,200,20,16,1,0,0.5,0.6,1.0,3.91,2,2,3,0,2,1,0,0,1.12,-0.1,.000,1,0,16.0,0,0,1,1,0,0,0,0,0,0,0,0,0.0,0.0
SP,Andy Messersmith,Andy,Messersmith,Gamehendge Lizards - HotL,6' 1',200 lbs,R,R,99,Los Angeles Dodgers,LAD,1975,1961-1979,LE,86874,Diamond,Limited Edition/42  SP Andy Messersmith  LAD  1975,0,N,0,65,67,1,66,53,94,100,1,91,68,49,48,1,55,45,69,42,Normal,Normal,Normal,128,103,154,103,141,111,141,100,118,98,165,105,77,133,136,82,-,-,-,-,-,-,-,-,4,NEU,89-91,3/4,Normal,97,71,-,-,-,28,13,21,23,5,6,7,48,-,-,-,-,-,-,-,-,48,-,-,-,-,-,-,-,-,9,4,6,13,,,0,0,0,0,0,0,0,0,0,0,0,0,0,0,0,0,0,0.0,0.00,0,-0.0,0.0,0.00,0,0,0.0,0.0,1,1,1,0,0,0,0,8.0,29,29,2,2,0,0,1,1,0,0,12,0,0,0,0,0,0,0,0,0,0,1.38,115,6,7,0,0,0.5,0.7,0.5,0.34,1,1,1,1,0,0,0,0,1.12,0.3,.000,0,0,8.0,0,0,1,1,0,0,0,0,0,0,0,0,0.0,0.0
SP,Andy Messersmith,Andy,Messersmith,Chicago Gamblers - E6,6' 1',200 lbs,R,R,99,Los Angeles Dodgers,LAD,1975,1961-1979,LE,86874,Diamond,Limited Edition/42  SP Andy Messersmith  LAD  1975,0,N,0,65,67,1,66,53,94,100,1,91,68,49,48,1,55,45,69,42,Normal,Normal,Normal,128,103,154,103,141,111,141,100,118,98,165,105,77,133,136,82,-,-,-,-,-,-,-,-,4,NEU,89-91,3/4,Normal,97,71,-,-,-,28,13,21,23,5,6,7,48,-,-,-,-,-,-,-,-,48,-,-,-,-,-,-,-,-,9,4,6,13,,,0,0,0,0,0,0,0,0,0,0,0,0,0,0,0,0,0,0.0,0.00,0,-0.0,0.0,0.00,0,0,0.0,0.0,6,6,2,0,0,0,0,44.0,171,159,23,5,1,5,14,14,10,0,36,0,0,2,2,0,0,3,0,0,0,1.05,668,50,41,1,0,0.5,0.9,1.6,3.59,6,6,6,3,3,0,0,0,1.23,0.1,1.079,1,0,44.0,0,0,3,3,0,0,0,0,0,0,0,0,-0.7,0.0
SP,Andy Messersmith,Andy,Messersmith,Chicago Beans,6' 1',200 lbs,R,R,99,Los Angeles Dodgers,LAD,1975,1961-1979,LE,86874,Diamond,Limited Edition/42  SP Andy Messersmith  LAD  1975,0,N,0,65,67,1,66,53,94,100,1,91,68,49,48,1,55,45,69,42,Normal,Normal,Normal,128,103,154,103,141,111,141,100,118,98,165,105,77,133,136,82,-,-,-,-,-,-,-,-,4,NEU,89-91,3/4,Normal,97,71,-,-,-,28,13,21,23,5,6,7,48,-,-,-,-,-,-,-,-,48,-,-,-,-,-,-,-,-,9,4,6,13,,,0,0,0,0,0,0,0,0,0,0,0,0,0,0,0,0,0,0.0,0.00,0,-0.0,0.0,0.00,0,0,0.0,0.0,2,2,1,0,0,0,0,13.1,56,49,11,0,0,2,7,7,6,0,11,0,0,1,0,0,0,1,0,0,0,0.86,245,15,11,1,0,-0.1,0.1,0.2,4.33,2,2,2,1,1,0,0,0,1.35,-0.3,1.079,1,0,13.1,0,0,1,1,1,0,0,0,0,0,0,0,-0.1,0.0
SP,Andy Messersmith,Andy,Messersmith,Freedom Grabbers - HotL,6' 1',200 lbs,R,R,99,Los Angeles Dodgers,LAD,1975,1961-1979,LE,86874,Diamond,Limited Edition/42  SP Andy Messersmith  LAD  1975,0,N,0,65,67,1,66,53,94,100,1,91,68,49,48,1,55,45,69,42,Normal,Normal,Normal,128,103,154,103,141,111,141,100,118,98,165,105,77,133,136,82,-,-,-,-,-,-,-,-,4,NEU,89-91,3/4,Normal,97,71,-,-,-,28,13,21,23,5,6,7,48,-,-,-,-,-,-,-,-,48,-,-,-,-,-,-,-,-,9,4,6,13,,,0,0,0,0,0,0,0,0,0,0,0,0,0,0,0,0,0,0.0,0.00,0,-0.0,0.0,0.00,0,0,0.0,0.0,4,4,1,2,0,0,0,25.1,106,96,12,4,1,3,13,13,7,0,23,2,0,1,0,0,0,0,0,0,0,0.85,449,28,25,0,0,-0.1,0.4,0.4,3.58,4,4,7,7,0,0,0,0,2.49,0.4,1.079,0,0,25.1,0,0,6,6,1,1,0,0,0,0,0,0,0.1,0.0
SP,Andy Messersmith,Andy,Messersmith,Shartlesville ShihTzus - HotL,6' 1',200 lbs,R,R,99,Los Angeles Dodgers,LAD,1975,1961-1979,LE,86874,Diamond,Limited Edition/42  SP Andy Messersmith  LAD  1975,0,N,0,65,67,1,66,53,94,100,1,91,68,49,48,1,55,45,69,42,Normal,Normal,Normal,128,103,154,103,141,111,141,100,118,98,165,105,77,133,136,82,-,-,-,-,-,-,-,-,4,NEU,89-91,3/4,Normal,97,71,-,-,-,28,13,21,23,5,6,7,48,-,-,-,-,-,-,-,-,48,-,-,-,-,-,-,-,-,9,4,6,13,,,0,0,0,0,0,0,0,0,0,0,0,0,0,0,0,0,0,0.0,0.00,0,-0.0,0.0,0.00,0,0,0.0,0.0,1,1,0,0,0,0,0,6.0,26,22,5,1,0,0,3,3,3,0,5,0,0,1,0,0,0,1,0,0,0,1.18,113,6,6,2,0,-0.0,0.2,0.1,4.48,1,1,1,1,0,0,0,0,1.50,-0.2,1.079,2,0,6.0,0,0,0,0,1,1,0,0,0,0,0,0,0.0,0.0
SP,Andy Messersmith,Andy,Messersmith,Providence Friars - HotL,6' 1',200 lbs,R,R,99,Los Angeles Dodgers,LAD,1975,1961-1979,LE,86874,Diamond,Limited Edition/42  SP Andy Messersmith  LAD  1975,0,N,0,65,67,1,66,53,94,100,1,91,68,49,48,1,55,45,69,42,Normal,Normal,Normal,128,103,154,103,141,111,141,100,118,98,165,105,77,133,136,82,-,-,-,-,-,-,-,-,4,NEU,89-91,3/4,Normal,97,71,-,-,-,28,13,21,23,5,6,7,48,-,-,-,-,-,-,-,-,48,-,-,-,-,-,-,-,-,9,4,6,13,,,0,0,0,0,0,0,0,0,0,0,0,0,0,0,0,0,0,0.0,0.00,0,-0.0,0.0,0.00,0,0,0.0,0.0,3,3,1,1,0,0,0,20.0,90,79,16,1,0,6,15,15,5,0,21,2,3,1,2,0,0,1,0,0,0,0.89,358,18,20,1,0,-0.4,-0.1,-0.1,3.23,3,3,2,2,0,0,0,0,0.90,-0.2,.719,1,0,20.0,0,0,3,3,0,0,0,0,0,0,0,0,0.1,0.0
SP,Andy Messersmith,Andy,Messersmith,Junk Wax Heroes,6' 1',200 lbs,R,R,99,Los Angeles Dodgers,LAD,1975,1961-1979,LE,86874,Diamond,Limited Edition/42  SP Andy Messersmith  LAD  1975,0,N,0,65,67,1,66,53,94,100,1,91,68,49,48,1,55,45,69,42,Normal,Normal,Normal,128,103,154,103,141,111,141,100,118,98,165,105,77,133,136,82,-,-,-,-,-,-,-,-,4,NEU,89-91,3/4,Normal,97,71,-,-,-,28,13,21,23,5,6,7,48,-,-,-,-,-,-,-,-,48,-,-,-,-,-,-,-,-,9,4,6,13,,,0,0,0,0,0,0,0,0,0,0,0,0,0,0,0,0,0,0.0,0.00,0,-0.0,0.0,0.00,0,0,0.0,0.0,2,2,1,0,0,0,0,15.0,59,54,7,1,1,0,2,2,4,0,16,1,0,0,0,0,0,0,0,0,0,1.03,267,15,14,0,1,0.5,0.7,0.9,2.89,2,2,3,1,2,0,0,0,1.80,0.4,1.079,1,1,15.0,0,0,1,1,0,0,0,0,0,0,0,0,0.0,0.0
SP,Andy Messersmith,Andy,Messersmith,NoseKerim Astea Kerim,6' 1',200 lbs,R,R,99,Los Angeles Dodgers,LAD,1975,1961-1979,LE,86874,Diamond,Limited Edition/42  SP Andy Messersmith  LAD  1975,0,N,0,65,67,1,66,53,94,100,1,91,68,49,48,1,55,45,69,42,Normal,Normal,Normal,128,103,154,103,141,111,141,100,118,98,165,105,77,133,136,82,-,-,-,-,-,-,-,-,4,NEU,89-91,3/4,Normal,97,71,-,-,-,28,13,21,23,5,6,7,48,-,-,-,-,-,-,-,-,48,-,-,-,-,-,-,-,-,9,4,6,13,,,0,0,0,0,0,0,0,0,0,0,0,0,0,0,0,0,0,0.0,0.00,0,-0.0,0.0,0.00,0,0,0.0,0.0,6,6,4,0,0,0,0,39.2,165,152,19,6,1,6,18,16,10,0,42,1,2,0,2,0,0,0,0,0,0,1.02,673,38,40,4,0,-0.1,0.7,0.8,3.00,6,6,4,3,0,1,0,0,0.68,-1.1,.809,4,0,39.2,0,0,5,3,0,0,0,0,0,0,0,0,0.1,0.0
SP,Andy Messersmith,Andy,Messersmith,Chicago Seals,6' 1',200 lbs,R,R,99,Los Angeles Dodgers,LAD,1975,1961-1979,LE,86874,Diamond,Limited Edition/42  SP Andy Messersmith  LAD  1975,0,N,0,65,67,1,66,53,94,100,1,91,68,49,48,1,55,45,69,42,Normal,Normal,Normal,128,103,154,103,141,111,141,100,118,98,165,105,77,133,136,82,-,-,-,-,-,-,-,-,4,NEU,89-91,3/4,Normal,97,71,-,-,-,28,13,21,23,5,6,7,48,-,-,-,-,-,-,-,-,48,-,-,-,-,-,-,-,-,9,4,6,13,,,0,0,0,0,0,0,0,0,0,0,0,0,0,0,0,0,0,0.0,0.00,0,-0.0,0.0,0.00,0,0,0.0,0.0,2,2,1,1,0,0,0,7.2,42,37,9,3,0,1,13,12,5,0,4,0,0,0,1,0,0,1,0,0,0,1.15,166,9,9,0,0,-0.5,-0.0,-0.6,5.96,2,2,3,2,1,0,0,0,3.52,0.1,1.079,0,0,7.2,0,0,1,1,1,1,0,0,0,0,0,0,0.0,0.0
SP,Andy Messersmith,Andy,Messersmith,Charlotte Hellcats GH,6' 1',200 lbs,R,R,99,Los Angeles Dodgers,LAD,1975,1961-1979,LE,86874,Diamond,Limited Edition/42  SP Andy Messersmith  LAD  1975,0,N,0,65,67,1,66,53,94,100,1,91,68,49,48,1,55,45,69,42,Normal,Normal,Normal,128,103,154,103,141,111,141,100,118,98,165,105,77,133,136,82,-,-,-,-,-,-,-,-,4,NEU,89-91,3/4,Normal,97,71,-,-,-,28,13,21,23,5,6,7,48,-,-,-,-,-,-,-,-,48,-,-,-,-,-,-,-,-,9,4,6,13,,,0,0,0,0,0,0,0,0,0,0,0,0,0,0,0,0,0,0.0,0.00,0,-0.0,0.0,0.00,0,0,0.0,0.0,4,4,3,1,0,0,0,28.0,102,98,11,1,2,1,6,6,4,0,34,0,0,0,1,0,0,1,0,0,0,0.68,431,20,29,1,0,-0.1,1.4,1.4,1.61,4,4,5,3,2,0,0,0,1.61,-0.1,1.079,1,0,28.0,0,0,3,3,1,0,0,0,0,0,0,0,0.0,0.0
SP,Andy Messersmith,Andy,Messersmith,Castroville Mashers - JW,6' 1',200 lbs,R,R,99,Los Angeles Dodgers,LAD,1975,1961-1979,LE,86874,Diamond,Limited Edition/42  SP Andy Messersmith  LAD  1975,0,N,0,65,67,1,66,53,94,100,1,91,68,49,48,1,55,45,69,42,Normal,Normal,Normal,128,103,154,103,141,111,141,100,118,98,165,105,77,133,136,82,-,-,-,-,-,-,-,-,4,NEU,89-91,3/4,Normal,97,71,-,-,-,28,13,21,23,5,6,7,48,-,-,-,-,-,-,-,-,48,-,-,-,-,-,-,-,-,9,4,6,13,,,0,0,0,0,0,0,0,0,0,0,0,0,0,0,0,0,0,0.0,0.00,0,-0.0,0.0,0.00,0,0,0.0,0.0,1,1,0,0,0,0,0,5.0,25,23,5,2,1,0,4,3,2,0,1,0,0,0,0,0,0,0,0,0,0,1.10,106,6,7,1,0,-0.3,0.1,-0.1,6.46,1,1,1,1,0,0,0,0,1.80,-0.1,.000,1,0,5.0,0,0,0,0,0,0,0,0,0,0,0,0,0.0,0.0
SP,Andy Messersmith,Andy,Messersmith,Roaming Rascals BFF,6' 1',200 lbs,R,R,99,Los Angeles Dodgers,LAD,1975,1961-1979,LE,86874,Diamond,Limited Edition/42  SP Andy Messersmith  LAD  1975,0,N,0,65,67,1,66,53,94,100,1,91,68,49,48,1,55,45,69,42,Normal,Normal,Normal,128,103,154,103,141,111,141,100,118,98,165,105,77,133,136,82,-,-,-,-,-,-,-,-,4,NEU,89-91,3/4,Normal,97,71,-,-,-,28,13,21,23,5,6,7,48,-,-,-,-,-,-,-,-,48,-,-,-,-,-,-,-,-,9,4,6,13,,,0,0,0,0,0,0,0,0,0,0,0,0,0,0,0,0,0,0.0,0.00,0,-0.0,0.0,0.00,0,0,0.0,0.0,3,3,1,2,0,0,0,21.1,80,75,5,1,3,5,8,8,4,0,25,0,0,1,0,0,0,0,0,0,0,0.73,353,15,22,0,1,-0.0,0.2,0.6,2.01,3,3,2,1,1,0,0,0,0.84,0.4,.000,1,1,21.1,0,0,0,0,0,0,0,0,0,0,0,0,-0.4,0.0
SP,Andy Messersmith,Andy,Messersmith,Genericsville Generics,6' 1',200 lbs,R,R,99,Los Angeles Dodgers,LAD,1975,1961-1979,LE,86874,Diamond,Limited Edition/42  SP Andy Messersmith  LAD  1975,0,N,0,65,67,1,66,53,94,100,1,91,68,49,48,1,55,45,69,42,Normal,Normal,Normal,128,103,154,103,141,111,141,100,118,98,165,105,77,133,136,82,-,-,-,-,-,-,-,-,4,NEU,89-91,3/4,Normal,97,71,-,-,-,28,13,21,23,5,6,7,48,-,-,-,-,-,-,-,-,48,-,-,-,-,-,-,-,-,9,4,6,13,,,0,0,0,0,0,0,0,0,0,0,0,0,0,0,0,0,0,0.0,0.00,0,-0.0,0.0,0.00,0,0,0.0,0.0,2,2,1,0,0,0,0,15.2,58,55,8,1,0,0,2,2,3,0,11,0,0,0,1,0,0,1,0,0,0,1.51,223,14,21,1,0,0.6,0.6,1.0,3.72,2,2,3,3,0,0,0,0,1.72,0.1,1.079,1,0,15.2,0,0,1,1,2,2,0,0,0,0,0,0,-0.1,0.0
SP,Bob Miller,Bob,Miller,Dry Creek Craw Daddies,6' 1',180 lbs,R,R,69,Los Angeles Dodgers,LAD,1963,1961-1979,CS,84715,Bronze,Clubhouse - April Fools' Day  SP Bob Miller  LAD  1963,0,N,0,1,7,1,8,4,3,4,1,13,7,1,8,1,7,3,52,24,Normal,Normal,Normal,72,73,75,134,67,69,74,141,76,77,76,126,75,97,-,-,100,-,-,-,-,-,-,-,3,GB,90-92,3/4,GB'er,62,61,-,-,-,35,24,32,37,6,4,7,72,-,-,-,-,-,-,-,-,72,-,-,-,-,-,-,-,-,10,4,6,15,,,0,0,0,0,0,0,0,0,0,0,0,0,0,0,0,0,0,0.0,0.00,0,-0.0,0.0,0.00,0,0,0.0,0.0,1,0,0,0,0,0,1,3.0,16,13,3,1,0,0,2,2,3,0,1,0,0,0,0,0,0,0,0,0,0,2.64,60,3,5,0,0,-0.4,-0.1,-0.1,7.43,1,0,0,0,0,0,0,0,0.00,0.0,.000,0,0,3.0,0,0,0,0,0,0,0,0,0,0,0,0,0.0,0.0
SP,Kevin Millwood,Kevin,Millwood,seebal Saeki,6' 4',230 lbs,R,R,89,Atlanta Braves,ATL,1999,1993-2004,,86337,Gold,HOF Week - Historical All-Star  SP Kevin Millwood  ATL  1999,0,N,0,13,33,21,25,15,22,42,20,16,9,11,31,22,28,18,61,5,Normal,Spray,Spray,113,87,133,81,110,85,120,66,116,89,144,99,94,82,123,100,75,66,-,-,-,-,-,-,6,EX FB,90-92,OTT,Normal,81,62,-,-,-,24,36,28,23,3,4,5,68,-,-,-,-,-,-,-,-,68,-,-,-,-,-,-,-,-,6,5,6,7,,,0,0,0,0,0,0,0,0,0,0,0,0,0,0,0,0,0,0.0,0.00,0,-0.0,0.0,0.00,0,0,0.0,0.0,1,1,0,1,0,0,0,2.2,13,13,2,0,0,3,5,5,0,0,1,0,0,0,0,0,0,0,0,0,0,0.72,59,0,7,1,0,-0.3,-0.3,-0.2,3.53,1,1,0,0,0,0,0,0,0.00,-0.1,.000,1,0,2.2,0,0,0,0,0,0,0,0,0,0,0,0,0.0,0.0
SP,Kevin Millwood,Kevin,Millwood,Sydney Whalers,6' 4',230 lbs,R,R,89,Atlanta Braves,ATL,1999,1993-2004,,86337,Gold,HOF Week - Historical All-Star  SP Kevin Millwood  ATL  1999,0,N,0,13,33,21,25,15,22,42,20,16,9,11,31,22,28,18,61,5,Normal,Spray,Spray,113,87,133,81,110,85,120,66,116,89,144,99,94,82,123,100,75,66,-,-,-,-,-,-,6,EX FB,90-92,OTT,Normal,81,62,-,-,-,24,36,28,23,3,4,5,68,-,-,-,-,-,-,-,-,68,-,-,-,-,-,-,-,-,6,5,6,7,,,0,0,0,0,0,0,0,0,0,0,0,0,0,0,0,0,0,0.0,0.00,0,-0.0,0.0,0.00,0,0,0.0,0.0,1,1,0,0,0,0,0,7.2,28,27,1,0,0,3,3,3,1,0,6,0,0,0,0,0,0,0,0,0,0,0.59,115,2,15,1,0,-0.0,-0.1,0.2,1.77,1,1,0,0,0,0,0,0,0.00,-0.1,.000,1,0,7.2,0,0,0,0,0,0,0,0,0,0,0,0,-0.1,0.0
SP,Kevin Millwood,Kevin,Millwood,Chicago Seals,6' 4',230 lbs,R,R,89,Atlanta Braves,ATL,1999,1993-2004,,86337,Gold,HOF Week - Historical All-Star  SP Kevin Millwood  ATL  1999,0,N,0,13,33,21,25,15,22,42,20,16,9,11,31,22,28,18,61,5,Normal,Spray,Spray,113,87,133,81,110,85,120,66,116,89,144,99,94,82,123,100,75,66,-,-,-,-,-,-,6,EX FB,90-92,OTT,Normal,81,62,-,-,-,24,36,28,23,3,4,5,68,-,-,-,-,-,-,-,-,68,-,-,-,-,-,-,-,-,6,5,6,7,,,0,0,0,0,0,0,0,0,0,0,0,0,0,0,0,0,0,0.0,0.00,0,-0.0,0.0,0.00,0,0,0.0,0.0,1,1,0,1,0,0,0,2.2,18,16,2,3,0,3,9,9,2,0,1,0,0,0,0,0,0,0,0,0,0,0.68,58,4,3,0,0,-0.3,-0.3,-0.4,6.41,1,1,0,0,0,0,0,0,0.00,0.0,.000,0,0,2.2,0,0,0,0,0,0,0,0,0,0,0,0,-0.1,0.0
SP,Kevin Millwood,Kevin,Millwood,Grand Rapids Warriors,6' 4',230 lbs,R,R,89,Atlanta Braves,ATL,1999,1993-2004,,86337,Gold,HOF Week - Historical All-Star  SP Kevin Millwood  ATL  1999,0,N,0,13,33,21,25,15,22,42,20,16,9,11,31,22,28,18,61,5,Normal,Spray,Spray,113,87,133,81,110,85,120,66,116,89,144,99,94,82,123,100,75,66,-,-,-,-,-,-,6,EX FB,90-92,OTT,Normal,81,62,-,-,-,24,36,28,23,3,4,5,68,-,-,-,-,-,-,-,-,68,-,-,-,-,-,-,-,-,6,5,6,7,,,0,0,0,0,0,0,0,0,0,0,0,0,0,0,0,0,0,0.0,0.00,0,-0.0,0.0,0.00,0,0,0.0,0.0,1,1,0,1,0,0,0,3.0,22,17,6,0,0,2,8,8,5,0,3,0,0,0,1,0,0,0,0,0,0,1.20,86,3,3,0,0,-0.6,-0.3,-0.4,6.57,1,1,0,0,0,0,0,0,0.00,0.0,.000,0,0,3.0,0,0,0,0,0,0,0,0,0,0,0,0,0.0,0.0
SP,Eric Milton,Eric,Milton,Altoona Mountain Citys,6' 3',220 lbs,L,L,69,Minnesota Twins,MIN,1999,1993-2004,,83173,Bronze,Snapshot  SP Eric Milton  MIN  1999,0,N,0,1,2,1,3,1,1,1,1,2,1,1,3,1,4,1,26,5,Normal,Normal,Normal,75,78,94,63,91,78,96,54,69,79,94,67,56,97,78,89,-,-,-,-,-,-,-,-,4,EX FB,88-90,OTT,Normal,71,115,-,-,-,28,20,24,23,7,3,2,56,-,-,-,-,-,-,-,-,56,-,-,-,-,-,-,-,-,5,3,6,5,,,0,0,0,0,0,0,0,0,0,0,0,0,0,0,0,0,0,0.0,0.00,0,-0.0,0.0,0.00,0,0,0.0,0.0,1,1,0,1,0,0,0,4.2,25,20,3,1,0,1,5,4,5,0,3,0,0,0,0,0,0,0,0,0,0,1.03,102,4,7,0,0,-0.3,-0.1,-0.2,6.61,1,1,0,0,0,0,0,0,0.00,0.0,.000,0,0,4.2,0,0,0,0,0,0,0,0,0,0,0,0,-0.1,0.0
SP,Jordan Montgomery,Jordan,Montgomery,Everett Aqua Sox,6' 6',225 lbs,L,L,77,Texas Rangers,TEX,2023,2015+,BBR,86354,Silver,Trade Deadliners - Baseball Reference 6  SP Jordan Montgomery  TEX  2023,0,N,0,1,3,1,3,1,1,3,1,3,1,1,3,1,3,2,30,1,Normal,Spray,Spray,74,125,85,128,72,166,60,150,74,112,92,120,86,80,84,-,84,-,54,-,-,-,-,-,5,NEU,92-94,3/4,Normal,87,61,-,-,-,31,20,25,23,10,5,1,60,-,-,-,-,-,-,-,-,60,-,-,-,-,-,-,-,-,5,3,6,5,,,0,0,0,0,0,0,0,0,0,0,0,0,0,0,0,0,0,0.0,0.00,0,-0.0,0.0,0.00,0,0,0.0,0.0,1,1,0,1,0,0,0,7.2,33,29,6,2,0,0,4,4,2,0,7,0,0,2,0,0,0,0,0,0,0,0.84,114,9,7,0,0,-0.2,0.3,0.1,3.60,1,1,1,1,0,0,0,0,1.17,0.1,1.079,0,0,7.2,0,0,1,1,0,0,0,0,0,0,0,0,0.0,0.0
SP,Jordan Montgomery,Jordan,Montgomery,Gamehendge Lizards - HotL,6' 6',225 lbs,L,L,77,Texas Rangers,TEX,2023,2015+,BBR,86354,Silver,Trade Deadliners - Baseball Reference 6  SP Jordan Montgomery  TEX  2023,0,Y,5,1,5,1,5,1,1,5,1,5,1,1,5,1,5,4,30,1,Normal,Spray,Spray,81,135,92,138,79,178,66,161,81,121,100,130,86,80,84,-,84,-,54,-,-,-,-,-,5,NEU,92-94,3/4,Normal,87,61,-,-,-,31,20,25,23,10,5,1,64,-,-,-,-,-,-,-,-,64,-,-,-,-,-,-,-,-,5,3,6,5,,,0,0,0,0,0,0,0,0,0,0,0,0,0,0,0,0,0,0.0,0.00,0,-0.0,0.0,0.00,0,0,0.0,0.0,1,0,0,0,0,0,0,0.1,1,1,0,0,0,0,0,0,0,0,0,0,0,0,0,0,0,0,1,2,0,0.60,2,1,0,0,0,0.0,0.0,0.0,10.95,1,0,0,0,0,0,0,0,0.00,0.0,.000,0,0,0.1,0,0,0,0,0,0,0,0,0,0,0,0,0.0,0.0
SP,Jordan Montgomery,Jordan,Montgomery,Shartlesville ShihTzus - HotL,6' 6',225 lbs,L,L,77,Texas Rangers,TEX,2023,2015+,BBR,86354,Silver,Trade Deadliners - Baseball Reference 6  SP Jordan Montgomery  TEX  2023,0,N,0,1,3,1,3,1,1,3,1,3,1,1,3,1,3,2,30,1,Normal,Spray,Spray,74,125,85,128,72,166,60,150,74,112,92,120,86,80,84,-,84,-,54,-,-,-,-,-,5,NEU,92-94,3/4,Normal,87,61,-,-,-,31,20,25,23,10,5,1,60,-,-,-,-,-,-,-,-,60,-,-,-,-,-,-,-,-,5,3,6,5,,,0,0,0,0,0,0,0,0,0,0,0,0,0,0,0,0,0,0.0,0.00,0,-0.0,0.0,0.00,0,0,0.0,0.0,2,0,0,0,1,2,0,3.2,15,15,3,0,0,0,0,0,0,0,2,0,0,0,0,0,0,0,0,0,0,2.21,51,2,7,1,0,0.4,0.2,0.3,3.44,2,0,1,1,0,0,0,0,2.45,-0.0,1.079,1,0,3.2,0,0,0,0,1,1,0,0,0,0,0,0,0.0,0.0
SP,Jordan Montgomery,Jordan,Montgomery,Shakedown 1977 Microbus TTC - GH,6' 6',225 lbs,L,L,77,Texas Rangers,TEX,2023,2015+,BBR,86354,Silver,Trade Deadliners - Baseball Reference 6  SP Jordan Montgomery  TEX  2023,0,N,0,1,3,1,3,1,1,3,1,3,1,1,3,1,3,2,30,1,Normal,Spray,Spray,74,125,85,128,72,166,60,150,74,112,92,120,86,80,84,-,84,-,54,-,-,-,-,-,5,NEU,92-94,3/4,Normal,87,61,-,-,-,31,20,25,23,10,5,1,60,-,-,-,-,-,-,-,-,60,-,-,-,-,-,-,-,-,5,3,6,5,,,0,0,0,0,0,0,0,0,0,0,0,0,0,0,0,0,0,0.0,0.00,0,-0.0,0.0,0.00,0,0,0.0,0.0,5,0,1,0,0,1,0,8.0,35,31,6,1,0,0,2,2,3,0,5,0,0,1,0,0,0,0,1,1,0,1.36,133,6,12,0,0,0.5,0.2,0.3,4.81,5,0,0,0,0,0,0,0,0.00,-0.2,.000,0,0,8.0,0,0,1,0,0,0,0,0,0,0,0,0,-0.3,0.0
SP,Jordan Montgomery,Jordan,Montgomery,Roaming Rascals BFF,6' 6',225 lbs,L,L,77,Texas Rangers,TEX,2023,2015+,BBR,86354,Silver,Trade Deadliners - Baseball Reference 6  SP Jordan Montgomery  TEX  2023,0,Y,5,1,5,1,5,1,1,5,1,5,1,1,5,1,5,4,30,1,Normal,Spray,Spray,81,135,92,138,79,178,66,161,81,121,100,130,86,80,84,-,84,-,54,-,-,-,-,-,5,NEU,92-94,3/4,Normal,87,61,-,-,-,31,20,25,23,10,5,1,64,-,-,-,-,-,-,-,-,64,-,-,-,-,-,-,-,-,5,3,6,5,,,0,0,0,0,0,0,0,0,0,0,0,0,0,0,0,0,0,0.0,0.00,0,-0.0,0.0,0.00,0,0,0.0,0.0,4,0,1,0,0,2,0,10.1,43,40,6,3,1,0,4,4,2,0,8,0,0,1,1,0,0,0,2,1,0,0.73,167,12,11,0,0,0.4,0.3,0.2,3.78,4,0,2,2,0,0,0,0,1.74,0.1,1.079,0,0,10.1,0,0,2,2,0,0,0,0,0,0,0,0,0.0,0.0
SP,Barney Morris,Barney,Morris,Three Mile Island Atomic Isotopes,5' 11',170 lbs,L,R,97,Pittsburgh Crawfords,PiCr,1937,1921-1945,,84547,Diamond,Negro League Star  SP Barney Morris  PiCr  1937,0,Y,5,21,40,1,59,66,21,39,1,56,63,22,41,4,62,67,54,21,Normal,Spray,Normal,106,94,88,99,106,94,86,99,106,94,89,99,94,116,-,-,-,-,-,-,-,-,-,117,3,NEU,89-91,3/4,Normal,73,60,1,1,1,48,33,29,41,1,1,5,92,-,-,35,-,-,-,-,-,92,-,-,35,-,-,-,-,-,16,5,6,28,,,0,0,0,0,0,0,0,0,0,0,0,0,0,0,0,0,0,0.0,0.00,0,-0.0,0.0,0.00,0,0,0.0,0.0,1,1,0,1,0,0,0,6.0,26,24,3,1,0,4,6,6,1,0,5,0,0,1,0,0,0,0,0,0,0,0.95,94,4,8,1,1,-0.5,-0.3,-0.2,3.46,1,1,1,0,1,0,0,0,1.50,0.2,.000,2,1,6.0,0,0,0,0,0,0,0,0,0,0,0,0,-0.1,0.0
SP,Don Mossi,Don,Mossi,Summerglen Seraphs TBD,6' 1',195 lbs,L,L,83,Detroit Tigers,DET,1959,1946-1960,CS,86652,Gold,Clubhouse - Unsung Heroes  SP Don Mossi  DET  1959,0,N,0,62,86,40,38,31,84,61,31,10,27,50,94,44,44,32,58,5,Line Drive,Normal,Normal,84,108,112,104,124,104,140,116,71,110,104,96,81,-,125,69,-,-,-,-,-,-,-,-,3,EX FB,87-89,3/4,Normal,83,69,-,-,-,30,76,51,47,2,3,6,100,-,-,-,-,-,-,-,-,100,-,-,-,-,-,-,-,-,9,4,6,13,,,0,0,0,0,0,0,0,0,0,0,0,0,0,0,0,0,0,0.0,0.00,0,-0.0,0.0,0.00,0,0,0.0,0.0,1,1,0,1,0,0,0,0.2,8,7,3,0,0,1,6,0,1,0,0,0,0,0,0,0,0,0,0,0,0,1.19,27,2,0,0,0,-0.4,-0.2,-0.4,7.36,1,1,1,1,0,0,0,0,13.50,-0.1,1.079,0,0,0.2,0,0,0,0,2,1,0,0,0,0,0,0,0.0,0.0
SP,Don Newcombe,Don,Newcombe,Winnipeg Brew Jays - HotL,6' 4',220 lbs,L,R,95,Newark Eagles,NeEa,1945,1921-1945,,84879,Diamond,Celebrating 42 - Negro League Star  SP Don Newcombe  NeEa  1945,0,Y,5,72,68,67,72,37,72,56,53,67,24,72,71,70,74,40,31,7,Normal,Spray,Spray,96,97,128,115,93,96,124,122,97,99,133,109,85,109,114,87,-,-,-,-,-,-,-,-,4,NEU,90-92,3/4,Normal,73,70,1,1,1,31,28,28,25,9,5,8,74,-,-,-,-,-,-,-,-,74,-,-,-,-,-,-,-,-,8,5,6,28,,,0,0,0,0,0,0,0,0,0,0,0,0,0,0,0,0,0,0.0,0.00,0,-0.0,0.0,0.00,0,0,0.0,0.0,2,2,0,1,0,0,0,10.1,48,42,6,3,0,2,8,7,5,0,11,0,0,1,2,0,0,0,0,0,0,0.94,221,7,13,0,0,-0.2,0.0,-0.1,3.75,2,2,1,0,0,1,0,0,0.00,-0.7,.000,0,0,10.1,0,0,1,0,1,0,0,0,0,0,0,0,-0.1,0.0
SP,Don Newcombe,Don,Newcombe,Everett Aqua Sox,6' 4',220 lbs,L,R,95,Newark Eagles,NeEa,1945,1921-1945,,84879,Diamond,Celebrating 42 - Negro League Star  SP Don Newcombe  NeEa  1945,0,Y,5,72,68,67,72,37,72,56,53,67,24,72,71,70,74,40,31,7,Normal,Spray,Spray,96,97,128,115,93,96,124,122,97,99,133,109,85,109,114,87,-,-,-,-,-,-,-,-,4,NEU,90-92,3/4,Normal,73,70,1,1,1,31,28,28,25,9,5,8,74,-,-,-,-,-,-,-,-,74,-,-,-,-,-,-,-,-,8,5,6,28,,,0,0,0,0,0,0,0,0,0,0,0,0,0,0,0,0,0,0.0,0.00,0,-0.0,0.0,0.00,0,0,0.0,0.0,2,2,1,1,0,0,0,15.0,54,48,5,1,0,0,3,2,5,0,13,0,0,1,0,0,0,2,0,0,0,0.83,219,14,15,0,1,0.2,0.6,0.8,3.55,2,2,1,1,0,0,0,0,0.60,0.4,1.079,1,1,15.0,0,0,1,1,0,0,0,0,0,0,0,0,-0.1,0.0
SP,Don Newcombe,Don,Newcombe,Brookline Bees,6' 4',220 lbs,L,R,95,Newark Eagles,NeEa,1945,1921-1945,,84879,Diamond,Celebrating 42 - Negro League Star  SP Don Newcombe  NeEa  1945,0,N,0,66,62,61,66,33,66,51,48,61,21,66,65,64,68,36,31,7,Normal,Spray,Spray,88,89,119,106,86,88,115,113,89,91,123,101,85,109,114,87,-,-,-,-,-,-,-,-,4,NEU,90-92,3/4,Normal,73,70,1,1,1,31,28,28,25,9,5,8,68,-,-,-,-,-,-,-,-,68,-,-,-,-,-,-,-,-,8,5,6,28,,,0,0,0,0,0,0,0,0,0,0,0,0,0,0,0,0,0,0.0,0.00,0,-0.0,0.0,0.00,0,0,0.0,0.0,1,1,0,0,0,0,0,6.1,26,23,2,2,0,1,3,2,2,0,2,0,0,1,0,0,0,0,0,0,0,1.14,94,6,10,0,1,0.0,-0.0,0.1,5.83,1,1,2,1,1,0,0,0,2.84,0.4,1.079,1,1,6.1,0,0,1,1,0,0,0,0,0,0,0,0,-0.3,0.0
SP,Don Newcombe,Don,Newcombe,Waltham River Otters,6' 4',220 lbs,L,R,95,Newark Eagles,NeEa,1945,1921-1945,,84879,Diamond,Celebrating 42 - Negro League Star  SP Don Newcombe  NeEa  1945,0,N,0,66,62,61,66,33,66,51,48,61,21,66,65,64,68,36,31,7,Normal,Spray,Spray,88,89,119,106,86,88,115,113,89,91,123,101,85,109,114,87,-,-,-,-,-,-,-,-,4,NEU,90-92,3/4,Normal,73,70,1,1,1,31,28,28,25,9,5,8,68,-,-,-,-,-,-,-,-,68,-,-,-,-,-,-,-,-,8,5,6,28,,,0,0,0,0,0,0,0,0,0,0,0,0,0,0,0,0,0,0.0,0.00,0,-0.0,0.0,0.00,0,0,0.0,0.0,3,3,3,0,0,0,0,21.1,86,80,8,9,0,0,4,4,4,0,20,1,1,0,0,0,0,1,0,0,0,0.92,325,15,28,0,0,0.4,1.0,1.1,2.95,3,3,1,0,1,0,0,0,0.42,0.0,.000,0,0,21.1,0,0,0,0,0,0,0,0,0,0,0,0,0.0,0.0
SP,Don Newcombe,Don,Newcombe,Genericsville Generics,6' 4',220 lbs,L,R,95,Newark Eagles,NeEa,1945,1921-1945,,84879,Diamond,Celebrating 42 - Negro League Star  SP Don Newcombe  NeEa  1945,0,N,0,66,62,61,66,33,66,51,48,61,21,66,65,64,68,36,31,7,Normal,Spray,Spray,88,89,119,106,86,88,115,113,89,91,123,101,85,109,114,87,-,-,-,-,-,-,-,-,4,NEU,90-92,3/4,Normal,73,70,1,1,1,31,28,28,25,9,5,8,68,-,-,-,-,-,-,-,-,68,-,-,-,-,-,-,-,-,8,5,6,28,,,0,0,0,0,0,0,0,0,0,0,0,0,0,0,0,0,0,0.0,0.00,0,-0.0,0.0,0.00,0,0,0.0,0.0,1,1,1,0,0,0,0,7.1,30,28,7,0,1,0,2,1,2,0,4,0,0,0,0,0,0,1,0,0,0,0.87,108,6,10,0,0,0.2,0.2,0.3,4.77,1,1,2,2,0,0,0,0,2.45,0.2,1.079,0,0,7.1,0,0,1,1,0,0,1,1,0,0,0,0,0.0,0.0
SP,Russ Ortiz,Russ,Ortiz,Everett Aqua Sox,6' 2',200 lbs,R,R,68,Atlanta Braves,ATL,2003,1993-2004,,86305,Bronze,HOF Week - Historical All-Star  SP Russ Ortiz  ATL  2003,0,N,0,21,37,25,29,16,12,52,14,29,9,24,33,29,30,19,64,6,Normal,Pull,Pull,71,58,114,118,59,49,84,130,81,63,148,112,87,92,86,64,66,-,59,-,-,-,-,-,6,NEU,87-89,3/4,Normal,73,51,-,-,-,35,76,52,45,2,9,9,103,-,-,-,-,-,-,-,-,103,-,-,-,-,-,-,-,-,5,4,6,5,,,0,0,0,0,0,0,0,0,0,0,0,0,0,0,0,0,0,0.0,0.00,0,-0.0,0.0,0.00,0,0,0.0,0.0,1,0,0,0,0,0,0,1.0,4,4,0,0,0,0,0,0,0,0,1,0,0,0,0,0,0,0,0,0,0,0.17,13,0,2,0,0,0.0,0.0,0.1,0.37,1,0,0,0,0,0,0,0,0.00,0.0,.000,0,0,1.0,0,0,0,0,0,0,0,0,0,0,0,0,0.0,0.0
SP,Russ Ortiz,Russ,Ortiz,Gamehendge Lizards - HotL,6' 2',200 lbs,R,R,68,Atlanta Braves,ATL,2003,1993-2004,,86305,Bronze,HOF Week - Historical All-Star  SP Russ Ortiz  ATL  2003,0,Y,5,24,41,29,33,19,15,57,17,33,12,28,37,33,34,22,64,6,Normal,Pull,Pull,77,64,123,127,65,54,91,140,88,69,159,121,87,92,86,64,66,-,59,-,-,-,-,-,6,NEU,87-89,3/4,Normal,73,51,-,-,-,35,76,52,45,2,9,9,110,-,-,-,-,-,-,-,-,110,-,-,-,-,-,-,-,-,5,4,6,5,,,0,0,0,0,0,0,0,0,0,0,0,0,0,0,0,0,0,0.0,0.00,0,-0.0,0.0,0.00,0,0,0.0,0.0,1,0,0,0,0,0,0,2.0,10,8,2,0,0,0,1,1,2,0,3,0,0,0,0,0,0,0,0,1,0,0.45,42,0,3,0,0,0.0,0.0,0.0,3.38,1,0,0,0,0,0,0,0,0.00,0.0,.000,0,0,2.0,0,0,0,0,0,0,0,0,0,0,0,0,0.0,0.0
SP,Russ Ortiz,Russ,Ortiz,Dry Creek Craw Daddies,6' 2',200 lbs,R,R,68,Atlanta Braves,ATL,2003,1993-2004,,86305,Bronze,HOF Week - Historical All-Star  SP Russ Ortiz  ATL  2003,0,N,0,21,37,25,29,16,12,52,14,29,9,24,33,29,30,19,64,6,Normal,Pull,Pull,71,58,114,118,59,49,84,130,81,63,148,112,87,92,86,64,66,-,59,-,-,-,-,-,6,NEU,87-89,3/4,Normal,73,51,-,-,-,35,76,52,45,2,9,9,103,-,-,-,-,-,-,-,-,103,-,-,-,-,-,-,-,-,5,4,6,5,,,0,0,0,0,0,0,0,0,0,0,0,0,0,0,0,0,0,0.0,0.00,0,-0.0,0.0,0.00,0,0,0.0,0.0,2,0,0,0,0,1,0,4.2,17,15,3,0,0,0,0,0,2,0,1,0,0,0,0,0,0,0,1,1,0,0.49,64,3,8,0,0,0.1,0.0,0.3,6.49,2,0,0,0,0,0,0,0,0.00,0.0,.000,0,0,4.2,0,0,0,0,0,0,0,0,0,0,0,0,0.0,0.0
SP,Russ Ortiz,Russ,Ortiz,Arcadia Wyverns,6' 2',200 lbs,R,R,68,Atlanta Braves,ATL,2003,1993-2004,,86305,Bronze,HOF Week - Historical All-Star  SP Russ Ortiz  ATL  2003,0,N,0,21,37,25,29,16,12,52,14,29,9,24,33,29,30,19,64,6,Normal,Pull,Pull,71,58,114,118,59,49,84,130,81,63,148,112,87,92,86,64,66,-,59,-,-,-,-,-,6,NEU,87-89,3/4,Normal,73,51,-,-,-,35,76,52,45,2,9,9,103,-,-,-,-,-,-,-,-,103,-,-,-,-,-,-,-,-,5,4,6,5,,,0,0,0,0,0,0,0,0,0,0,0,0,0,0,0,0,0,0.0,0.00,0,-0.0,0.0,0.00,0,0,0.0,0.0,1,0,0,0,0,0,0,1.0,3,3,1,0,0,0,0,0,0,0,0,0,0,0,0,0,0,1,1,0,0,0.20,9,1,1,0,0,0.0,0.0,0.1,6.14,1,0,0,0,0,0,0,0,0.00,0.0,.000,0,0,1.0,0,0,0,0,0,0,0,0,0,0,0,0,0.0,0.0
SP,Russ Ortiz,Russ,Ortiz,Roaming Rascals BFF,6' 2',200 lbs,R,R,68,Atlanta Braves,ATL,2003,1993-2004,,86305,Bronze,HOF Week - Historical All-Star  SP Russ Ortiz  ATL  2003,0,Y,5,24,41,29,33,19,15,57,17,33,12,28,37,33,34,22,64,6,Normal,Pull,Pull,77,64,123,127,65,54,91,140,88,69,159,121,87,92,86,64,66,-,59,-,-,-,-,-,6,NEU,87-89,3/4,Normal,73,51,-,-,-,35,76,52,45,2,9,9,110,-,-,-,-,-,-,-,-,110,-,-,-,-,-,-,-,-,5,4,6,5,,,0,0,0,0,0,0,0,0,0,0,0,0,0,0,0,0,0,0.0,0.00,0,-0.0,0.0,0.00,0,0,0.0,0.0,4,0,1,0,0,1,0,6.0,26,25,7,0,0,0,2,2,1,0,8,0,0,0,0,0,0,0,4,1,1,1.81,106,4,6,0,0,0.2,0.4,0.2,1.96,4,0,0,0,0,0,0,0,0.00,-0.2,.000,0,0,6.0,0,0,1,0,0,0,0,0,0,0,0,0,0.0,0.0
SP,Satchel Paige,Satchel,Paige,Youngstown Ironmen,6' 3',180 lbs,R,R,94,Cleveland,CLE,1948,1946-1960,,84841,Diamond,Celebrating 42 - Snapshot  SP Satchel Paige  CLE  1948,0,N,0,1,3,1,3,2,1,3,1,3,2,1,3,1,3,2,28,37,Normal,Normal,Normal,91,85,92,112,91,94,97,132,92,77,88,103,84,-,99,87,-,-,-,102,-,91,107,-,6,EX FB,90-92,3/4,Normal,62,69,-,-,-,29,20,24,23,7,7,2,57,-,-,-,-,-,-,-,-,57,-,-,-,-,-,-,-,-,5,4,6,6,,,0,0,0,0,0,0,0,0,0,0,0,0,0,0,0,0,0,0.0,0.00,0,-0.0,0.0,0.00,0,0,0.0,0.0,2,2,0,1,0,0,0,12.0,50,46,10,1,0,3,7,7,3,0,14,0,1,0,0,0,0,1,0,0,0,0.81,196,7,12,0,2,-0.1,0.1,0.1,2.54,2,2,1,1,0,0,0,0,0.75,0.7,1.079,2,2,12.0,0,0,1,1,0,0,0,0,0,0,0,0,-0.1,0.0
SP,Satchel Paige,Satchel,Paige,New York Jackhammers,6' 3',180 lbs,R,R,87,Cleveland Cubs,ClCu,1931,1921-1945,ME,84837,Gold,Celebrating 42 - Negro League Star  SP Satchel Paige  ClCu  1931,0,N,0,51,51,3,39,65,51,51,3,54,62,51,51,3,34,66,55,28,Normal,Spray,Normal,104,96,99,77,100,92,97,70,108,99,101,80,90,87,107,94,-,-,-,99,-,103,110,-,7,NEU,90-92,3/4,Normal,71,63,1,1,1,29,32,29,25,9,2,4,71,-,-,-,-,-,-,-,-,71,-,-,-,-,-,-,-,-,41,4,11,29,,,0,0,0,0,0,0,0,0,0,0,0,0,0,0,0,0,0,0.0,0.00,0,-0.0,0.0,0.00,0,0,0.0,0.0,1,1,1,0,0,0,0,7.1,30,28,3,2,0,1,1,1,2,0,7,0,0,0,0,0,0,0,0,0,0,1.46,112,4,10,1,1,0.4,0.1,0.5,3.06,1,1,2,0,2,0,0,0,2.45,0.2,.000,2,1,7.1,0,0,0,0,0,0,0,0,0,0,0,0,-0.1,0.0
SP,Satchel Paige,Satchel,Paige,Montrose Cobblers,6' 3',180 lbs,R,R,94,Cleveland,CLE,1948,1946-1960,,84841,Diamond,Celebrating 42 - Snapshot  SP Satchel Paige  CLE  1948,0,N,0,1,3,1,3,2,1,3,1,3,2,1,3,1,3,2,28,37,Normal,Normal,Normal,91,85,92,112,91,94,97,132,92,77,88,103,84,-,99,87,-,-,-,102,-,91,107,-,6,EX FB,90-92,3/4,Normal,62,69,-,-,-,29,20,24,23,7,7,2,57,-,-,-,-,-,-,-,-,57,-,-,-,-,-,-,-,-,5,4,6,6,,,0,0,0,0,0,0,0,0,0,0,0,0,0,0,0,0,0,0.0,0.00,0,-0.0,0.0,0.00,0,0,0.0,0.0,2,2,1,1,0,0,0,10.0,43,39,7,2,0,2,4,4,4,0,8,0,0,0,0,0,0,1,0,0,0,1.05,181,5,15,1,0,-0.0,0.0,0.3,4.06,2,2,0,0,0,0,0,0,0.00,-0.3,.000,1,0,10.0,0,0,0,0,1,0,0,0,0,0,0,0,-0.1,0.0
SP,Milt Pappas,Milt,Pappas,Everett Aqua Sox,6' 3',190 lbs,R,R,96,Baltimore Orioles,BAL,1959,1946-1960,CS,86654,Diamond,Clubhouse - Unsung Heroes  SP Milt Pappas  BAL  1959,0,N,0,22,36,4,31,17,33,25,3,42,10,18,40,5,27,20,44,3,Normal,Pull,Pull,94,77,134,163,88,62,110,154,100,88,155,171,92,130,-,95,-,-,-,-,-,-,-,-,3,NEU,88-90,3/4,Normal,79,58,-,-,-,25,36,29,27,8,10,7,71,-,-,-,-,-,-,-,-,71,-,-,-,-,-,-,-,-,10,4,6,16,,,0,0,0,0,0,0,0,0,0,0,0,0,0,0,0,0,0,0.0,0.00,0,-0.0,0.0,0.00,0,0,0.0,0.0,2,2,0,1,0,0,0,11.0,51,45,13,1,0,0,6,6,5,0,12,0,0,1,0,0,0,1,0,0,0,1.15,216,10,10,3,0,-0.1,0.4,0.1,3.69,2,2,1,1,0,0,0,0,0.82,-0.4,1.079,3,0,11.0,0,0,1,1,0,0,0,0,0,0,0,0,-0.1,0.0
SP,Milt Pappas,Milt,Pappas,Chicago Beans,6' 3',190 lbs,R,R,96,Baltimore Orioles,BAL,1959,1946-1960,CS,86654,Diamond,Clubhouse - Unsung Heroes  SP Milt Pappas  BAL  1959,0,N,0,22,36,4,31,17,33,25,3,42,10,18,40,5,27,20,44,3,Normal,Pull,Pull,94,77,134,163,88,62,110,154,100,88,155,171,92,130,-,95,-,-,-,-,-,-,-,-,3,NEU,88-90,3/4,Normal,79,58,-,-,-,25,36,29,27,8,10,7,71,-,-,-,-,-,-,-,-,71,-,-,-,-,-,-,-,-,10,4,6,16,,,0,0,0,0,0,0,0,0,0,0,0,0,0,0,0,0,0,0.0,0.00,0,-0.0,0.0,0.00,0,0,0.0,0.0,2,2,1,1,0,0,0,14.1,61,52,9,3,0,1,6,4,5,0,5,2,0,2,0,0,0,3,0,0,0,1.22,218,16,19,2,0,-0.0,0.1,0.3,5.80,2,2,0,0,0,0,0,0,0.00,-0.5,.000,2,0,14.1,0,0,1,0,0,0,0,0,0,0,0,0,-0.1,0.0
SP,Milt Pappas,Milt,Pappas,Dry Creek Craw Daddies,6' 3',190 lbs,R,R,96,Baltimore Orioles,BAL,1959,1946-1960,CS,86654,Diamond,Clubhouse - Unsung Heroes  SP Milt Pappas  BAL  1959,0,N,0,22,36,4,31,17,33,25,3,42,10,18,40,5,27,20,44,3,Normal,Pull,Pull,94,77,134,163,88,62,110,154,100,88,155,171,92,130,-,95,-,-,-,-,-,-,-,-,3,NEU,88-90,3/4,Normal,79,58,-,-,-,25,36,29,27,8,10,7,71,-,-,-,-,-,-,-,-,71,-,-,-,-,-,-,-,-,10,4,6,16,,,0,0,0,0,0,0,0,0,0,0,0,0,0,0,0,0,0,0.0,0.00,0,-0.0,0.0,0.00,0,0,0.0,0.0,1,1,0,1,0,0,0,4.1,24,20,5,1,1,0,5,5,4,0,4,0,0,0,1,0,0,0,0,0,0,0.84,97,4,5,3,0,-0.3,0.1,-0.2,5.46,1,1,1,0,1,0,0,0,2.08,-0.4,.000,3,0,4.1,0,0,0,0,0,0,0,0,0,0,0,0,0.0,0.0
SP,Milt Pappas,Milt,Pappas,Looking Glass Loopers TBD,6' 3',190 lbs,R,R,96,Baltimore Orioles,BAL,1959,1946-1960,CS,86654,Diamond,Clubhouse - Unsung Heroes  SP Milt Pappas  BAL  1959,0,N,0,22,36,4,31,17,33,25,3,42,10,18,40,5,27,20,44,3,Normal,Pull,Pull,94,77,134,163,88,62,110,154,100,88,155,171,92,130,-,95,-,-,-,-,-,-,-,-,3,NEU,88-90,3/4,Normal,79,58,-,-,-,25,36,29,27,8,10,7,71,-,-,-,-,-,-,-,-,71,-,-,-,-,-,-,-,-,10,4,6,16,,,0,0,0,0,0,0,0,0,0,0,0,0,0,0,0,0,0,0.0,0.00,0,-0.0,0.0,0.00,0,0,0.0,0.0,1,1,0,0,0,0,0,6.0,27,27,6,3,0,1,6,6,0,0,8,0,0,0,0,0,0,0,0,0,0,1.02,97,4,5,0,1,-0.5,0.2,-0.2,1.73,1,1,2,2,0,0,0,0,3.00,0.2,1.079,1,1,6.0,0,0,2,1,0,0,0,0,0,0,0,0,0.0,0.0
SP,Milt Pappas,Milt,Pappas,Toronto Terns PCK,6' 3',190 lbs,R,R,96,Baltimore Orioles,BAL,1959,1946-1960,CS,86654,Diamond,Clubhouse - Unsung Heroes  SP Milt Pappas  BAL  1959,0,N,0,22,36,4,31,17,33,25,3,42,10,18,40,5,27,20,44,3,Normal,Pull,Pull,94,77,134,163,88,62,110,154,100,88,155,171,92,130,-,95,-,-,-,-,-,-,-,-,3,NEU,88-90,3/4,Normal,79,58,-,-,-,25,36,29,27,8,10,7,71,-,-,-,-,-,-,-,-,71,-,-,-,-,-,-,-,-,10,4,6,16,,,0,0,0,0,0,0,0,0,0,0,0,0,0,0,0,0,0,0.0,0.00,0,-0.0,0.0,0.00,0,0,0.0,0.0,1,1,0,1,0,0,0,6.2,31,30,4,5,1,0,3,3,1,0,8,0,0,0,0,0,0,0,0,0,0,0.83,109,9,3,1,0,-0.1,0.4,0.1,3.00,1,1,1,1,0,0,0,0,1.35,-0.1,1.079,1,0,6.2,0,0,1,1,0,0,0,0,0,0,0,0,0.0,0.0
SP,Milt Pappas,Milt,Pappas,Normal Night Owls - HotL,6' 3',190 lbs,R,R,96,Baltimore Orioles,BAL,1959,1946-1960,CS,86654,Diamond,Clubhouse - Unsung Heroes  SP Milt Pappas  BAL  1959,0,N,0,22,36,4,31,17,33,25,3,42,10,18,40,5,27,20,44,3,Normal,Pull,Pull,94,77,134,163,88,62,110,154,100,88,155,171,92,130,-,95,-,-,-,-,-,-,-,-,3,NEU,88-90,3/4,Normal,79,58,-,-,-,25,36,29,27,8,10,7,71,-,-,-,-,-,-,-,-,71,-,-,-,-,-,-,-,-,10,4,6,16,,,0,0,0,0,0,0,0,0,0,0,0,0,0,0,0,0,0,0.0,0.00,0,-0.0,0.0,0.00,0,0,0.0,0.0,1,1,0,1,0,0,0,6.1,26,22,4,0,0,0,2,1,3,0,8,1,0,0,0,0,0,1,0,0,0,1.07,108,5,5,2,0,0.2,0.2,0.2,2.96,1,1,2,1,1,0,0,0,2.84,-0.2,1.079,2,0,6.1,0,0,2,2,0,0,0,0,0,0,0,0,-0.4,0.0
SP,Milt Pappas,Milt,Pappas,Kansas City Torrent - JW,6' 3',190 lbs,R,R,96,Baltimore Orioles,BAL,1959,1946-1960,CS,86654,Diamond,Clubhouse - Unsung Heroes  SP Milt Pappas  BAL  1959,83 243,N,0,22,36,4,31,17,33,25,3,42,10,18,40,5,27,20,44,3,Normal,Pull,Pull,94,77,134,163,88,62,110,154,100,88,155,171,92,130,-,95,-,-,-,-,-,-,-,-,3,NEU,88-90,3/4,Normal,79,58,-,-,-,25,36,29,27,8,10,7,71,-,-,-,-,-,-,-,-,71,-,-,-,-,-,-,-,-,10,4,6,16,,,0,0,0,0,0,0,0,0,0,0,0,0,0,0,0,0,0,0.0,0.00,0,-0.0,0.0,0.00,0,0,0.0,0.0,2,2,1,0,0,0,0,10.0,48,41,8,3,0,2,8,8,6,0,10,0,1,0,0,0,0,0,0,0,0,1.04,203,13,6,0,0,-0.4,-0.0,-0.1,4.45,2,2,2,1,1,0,0,0,1.80,0.1,1.079,0,0,10.0,0,0,1,1,0,0,0,0,0,0,0,0,-0.3,0.0
SP,Milt Pappas,Milt,Pappas,Sixes Tornadoes,6' 3',190 lbs,R,R,96,Baltimore Orioles,BAL,1959,1946-1960,CS,86654,Diamond,Clubhouse - Unsung Heroes  SP Milt Pappas  BAL  1959,0,N,0,22,36,4,31,17,33,25,3,42,10,18,40,5,27,20,44,3,Normal,Pull,Pull,94,77,134,163,88,62,110,154,100,88,155,171,92,130,-,95,-,-,-,-,-,-,-,-,3,NEU,88-90,3/4,Normal,79,58,-,-,-,25,36,29,27,8,10,7,71,-,-,-,-,-,-,-,-,71,-,-,-,-,-,-,-,-,10,4,6,16,,,0,0,0,0,0,0,0,0,0,0,0,0,0,0,0,0,0,0.0,0.00,0,-0.0,0.0,0.00,0,0,0.0,0.0,1,1,0,0,0,0,0,5.2,25,20,2,1,0,1,3,3,5,0,7,0,0,0,0,0,0,1,0,0,0,1.28,108,4,5,1,0,-0.1,-0.0,0.1,4.27,1,1,0,0,0,0,0,0,0.00,-0.1,.000,1,0,5.2,0,0,0,0,0,0,0,0,0,0,0,0,0.0,0.0
SP,Milt Pappas,Milt,Pappas,False Hustle,6' 3',190 lbs,R,R,96,Baltimore Orioles,BAL,1959,1946-1960,CS,86654,Diamond,Clubhouse - Unsung Heroes  SP Milt Pappas  BAL  1959,0,N,0,22,36,4,31,17,33,25,3,42,10,18,40,5,27,20,44,3,Normal,Pull,Pull,94,77,134,163,88,62,110,154,100,88,155,171,92,130,-,95,-,-,-,-,-,-,-,-,3,NEU,88-90,3/4,Normal,79,58,-,-,-,25,36,29,27,8,10,7,71,-,-,-,-,-,-,-,-,71,-,-,-,-,-,-,-,-,10,4,6,16,,,0,0,0,0,0,0,0,0,0,0,0,0,0,0,0,0,0,0.0,0.00,0,-0.0,0.0,0.00,0,0,0.0,0.0,1,1,0,1,0,0,0,6.0,27,24,5,0,1,2,4,4,2,0,3,0,0,1,0,0,0,1,0,0,0,0.94,113,8,6,1,0,-0.2,-0.1,-0.0,5.15,1,1,0,0,0,0,0,0,0.00,-0.1,.000,1,0,6.0,0,0,0,0,0,0,0,0,0,0,0,0,0.0,0.0
SP,Milt Pappas,Milt,Pappas,Waltham River Otters,6' 3',190 lbs,R,R,96,Baltimore Orioles,BAL,1959,1946-1960,CS,86654,Diamond,Clubhouse - Unsung Heroes  SP Milt Pappas  BAL  1959,0,N,0,22,36,4,31,17,33,25,3,42,10,18,40,5,27,20,44,3,Normal,Pull,Pull,94,77,134,163,88,62,110,154,100,88,155,171,92,130,-,95,-,-,-,-,-,-,-,-,3,NEU,88-90,3/4,Normal,79,58,-,-,-,25,36,29,27,8,10,7,71,-,-,-,-,-,-,-,-,71,-,-,-,-,-,-,-,-,10,4,6,16,,,0,0,0,0,0,0,0,0,0,0,0,0,0,0,0,0,0,0.0,0.00,0,-0.0,0.0,0.00,0,0,0.0,0.0,3,3,2,1,0,0,0,23.1,89,83,10,0,0,3,6,6,6,0,14,0,0,0,1,0,0,1,0,0,0,1.01,329,21,34,2,0,0.6,0.3,1.0,4.38,3,3,7,4,3,0,0,0,2.70,-0.0,1.079,2,0,23.1,0,0,3,3,1,1,0,0,0,0,0,0,0.0,0.0
SP,Milt Pappas,Milt,Pappas,Chicago Seals,6' 3',190 lbs,R,R,96,Baltimore Orioles,BAL,1959,1946-1960,CS,86654,Diamond,Clubhouse - Unsung Heroes  SP Milt Pappas  BAL  1959,0,N,0,22,36,4,31,17,33,25,3,42,10,18,40,5,27,20,44,3,Normal,Pull,Pull,94,77,134,163,88,62,110,154,100,88,155,171,92,130,-,95,-,-,-,-,-,-,-,-,3,NEU,88-90,3/4,Normal,79,58,-,-,-,25,36,29,27,8,10,7,71,-,-,-,-,-,-,-,-,71,-,-,-,-,-,-,-,-,10,4,6,16,,,0,0,0,0,0,0,0,0,0,0,0,0,0,0,0,0,0,0.0,0.00,0,-0.0,0.0,0.00,0,0,0.0,0.0,2,2,0,0,0,0,0,11.2,48,41,6,2,0,1,3,3,5,0,11,1,0,1,1,0,0,2,0,0,0,1.25,218,10,12,0,0,0.3,0.2,0.5,3.84,2,2,0,0,0,0,0,0,0.00,0.0,.000,0,0,11.2,0,0,0,0,0,0,0,0,0,0,0,0,0.0,0.0
SP,Milt Pappas,Milt,Pappas,Summerglen Seraphs TBD,6' 3',190 lbs,R,R,96,Baltimore Orioles,BAL,1959,1946-1960,CS,86654,Diamond,Clubhouse - Unsung Heroes  SP Milt Pappas  BAL  1959,0,N,0,22,36,4,31,17,33,25,3,42,10,18,40,5,27,20,44,3,Normal,Pull,Pull,94,77,134,163,88,62,110,154,100,88,155,171,92,130,-,95,-,-,-,-,-,-,-,-,3,NEU,88-90,3/4,Normal,79,58,-,-,-,25,36,29,27,8,10,7,71,-,-,-,-,-,-,-,-,71,-,-,-,-,-,-,-,-,10,4,6,16,,,0,0,0,0,0,0,0,0,0,0,0,0,0,0,0,0,0,0.0,0.00,0,-0.0,0.0,0.00,0,0,0.0,0.0,1,1,0,0,0,0,0,6.1,23,23,3,0,0,1,1,1,0,0,6,0,0,0,0,0,0,0,0,0,0,0.94,86,6,7,0,0,0.2,0.2,0.4,2.19,1,1,1,1,0,0,0,0,1.42,0.1,1.079,0,0,6.1,0,0,1,1,0,0,0,0,0,0,0,0,0.0,0.0
SP,Milt Pappas,Milt,Pappas,Orlando Heatstrokes,6' 3',190 lbs,R,R,96,Baltimore Orioles,BAL,1959,1946-1960,CS,86654,Diamond,Clubhouse - Unsung Heroes  SP Milt Pappas  BAL  1959,0,N,0,22,36,4,31,17,33,25,3,42,10,18,40,5,27,20,44,3,Normal,Pull,Pull,94,77,134,163,88,62,110,154,100,88,155,171,92,130,-,95,-,-,-,-,-,-,-,-,3,NEU,88-90,3/4,Normal,79,58,-,-,-,25,36,29,27,8,10,7,71,-,-,-,-,-,-,-,-,71,-,-,-,-,-,-,-,-,10,4,6,16,,,0,0,0,0,0,0,0,0,0,0,0,0,0,0,0,0,0,0.0,0.00,0,-0.0,0.0,0.00,0,0,0.0,0.0,1,1,0,1,0,0,0,6.0,29,26,7,1,0,0,3,3,3,0,4,0,0,0,0,0,0,0,0,0,0,1.08,111,6,8,0,0,-0.1,0.1,0.1,5.17,1,1,0,0,0,0,0,0,0.00,-0.2,.000,0,0,6.0,0,0,0,0,1,0,0,0,0,0,0,0,-0.1,0.0
SP,Milt Pappas,Milt,Pappas,Gastonia Peaches,6' 3',190 lbs,R,R,96,Baltimore Orioles,BAL,1959,1946-1960,CS,86654,Diamond,Clubhouse - Unsung Heroes  SP Milt Pappas  BAL  1959,0,N,0,22,36,4,31,17,33,25,3,42,10,18,40,5,27,20,44,3,Normal,Pull,Pull,94,77,134,163,88,62,110,154,100,88,155,171,92,130,-,95,-,-,-,-,-,-,-,-,3,NEU,88-90,3/4,Normal,79,58,-,-,-,25,36,29,27,8,10,7,71,-,-,-,-,-,-,-,-,71,-,-,-,-,-,-,-,-,10,4,6,16,,,0,0,0,0,0,0,0,0,0,0,0,0,0,0,0,0,0,0.0,0.00,0,-0.0,0.0,0.00,0,0,0.0,0.0,2,2,0,0,0,0,0,11.2,51,43,10,3,0,1,6,6,7,0,9,0,0,1,0,0,0,2,0,0,0,0.98,220,14,7,0,0,-0.2,0.1,0.2,4.97,2,2,2,1,1,0,0,0,1.54,0.1,1.079,0,0,11.2,0,0,0,0,1,1,0,0,0,0,0,0,-0.1,0.0
SP,Milt Pappas,Milt,Pappas,Shakedown 1977 Microbus TTC - GH,6' 3',190 lbs,R,R,96,Baltimore Orioles,BAL,1959,1946-1960,CS,86654,Diamond,Clubhouse - Unsung Heroes  SP Milt Pappas  BAL  1959,0,N,0,22,36,4,31,17,33,25,3,42,10,18,40,5,27,20,44,3,Normal,Pull,Pull,94,77,134,163,88,62,110,154,100,88,155,171,92,130,-,95,-,-,-,-,-,-,-,-,3,NEU,88-90,3/4,Normal,79,58,-,-,-,25,36,29,27,8,10,7,71,-,-,-,-,-,-,-,-,71,-,-,-,-,-,-,-,-,10,4,6,16,,,0,0,0,0,0,0,0,0,0,0,0,0,0,0,0,0,0,0.0,0.00,0,-0.0,0.0,0.00,0,0,0.0,0.0,3,3,0,1,0,0,0,16.0,71,60,9,2,0,4,12,12,8,0,9,1,1,1,0,0,0,2,0,0,0,0.99,311,20,18,2,0,-0.4,-0.3,-0.1,5.38,3,3,1,0,1,0,0,0,0.56,-0.4,.000,2,0,16.0,0,0,0,0,0,0,1,0,0,0,0,0,-0.3,0.0
SP,Milt Pappas,Milt,Pappas,Houston Swangas,6' 3',190 lbs,R,R,96,Baltimore Orioles,BAL,1959,1946-1960,CS,86654,Diamond,Clubhouse - Unsung Heroes  SP Milt Pappas  BAL  1959,0,N,0,22,36,4,31,17,33,25,3,42,10,18,40,5,27,20,44,3,Normal,Pull,Pull,94,77,134,163,88,62,110,154,100,88,155,171,92,130,-,95,-,-,-,-,-,-,-,-,3,NEU,88-90,3/4,Normal,79,58,-,-,-,25,36,29,27,8,10,7,71,-,-,-,-,-,-,-,-,71,-,-,-,-,-,-,-,-,10,4,6,16,,,0,0,0,0,0,0,0,0,0,0,0,0,0,0,0,0,0,0.0,0.00,0,-0.0,0.0,0.00,0,0,0.0,0.0,3,3,1,1,0,0,0,18.1,77,67,7,3,1,2,8,7,7,0,24,1,2,0,1,0,0,1,0,0,0,0.96,320,11,19,0,0,0.1,0.5,0.4,2.48,3,3,4,1,2,1,0,0,1.47,-0.4,.000,0,0,18.1,0,0,3,2,0,0,0,0,0,0,0,0,0.0,0.0
SP,Milt Pappas,Milt,Pappas,Roaming Rascals BFF,6' 3',190 lbs,R,R,96,Baltimore Orioles,BAL,1959,1946-1960,CS,86654,Diamond,Clubhouse - Unsung Heroes  SP Milt Pappas  BAL  1959,0,N,0,22,36,4,31,17,33,25,3,42,10,18,40,5,27,20,44,3,Normal,Pull,Pull,94,77,134,163,88,62,110,154,100,88,155,171,92,130,-,95,-,-,-,-,-,-,-,-,3,NEU,88-90,3/4,Normal,79,58,-,-,-,25,36,29,27,8,10,7,71,-,-,-,-,-,-,-,-,71,-,-,-,-,-,-,-,-,10,4,6,16,,,0,0,0,0,0,0,0,0,0,0,0,0,0,0,0,0,0,0.0,0.00,0,-0.0,0.0,0.00,0,0,0.0,0.0,4,4,1,3,0,0,0,18.0,92,77,18,2,0,5,18,16,11,0,14,2,1,1,1,0,0,2,0,0,0,0.92,355,22,15,1,0,-0.6,-0.4,-0.5,5.07,4,4,7,2,5,0,0,0,3.50,0.1,1.079,1,0,18.0,0,0,2,2,0,0,1,1,0,0,0,0,0.0,0.0
SP,Milt Pappas,Milt,Pappas,Numenor Faithful,6' 3',190 lbs,R,R,96,Baltimore Orioles,BAL,1959,1946-1960,CS,86654,Diamond,Clubhouse - Unsung Heroes  SP Milt Pappas  BAL  1959,0,N,0,22,36,4,31,17,33,25,3,42,10,18,40,5,27,20,44,3,Normal,Pull,Pull,94,77,134,163,88,62,110,154,100,88,155,171,92,130,-,95,-,-,-,-,-,-,-,-,3,NEU,88-90,3/4,Normal,79,58,-,-,-,25,36,29,27,8,10,7,71,-,-,-,-,-,-,-,-,71,-,-,-,-,-,-,-,-,10,4,6,16,,,0,0,0,0,0,0,0,0,0,0,0,0,0,0,0,0,0,0.0,0.00,0,-0.0,0.0,0.00,0,0,0.0,0.0,1,1,0,1,0,0,0,5.2,28,23,8,0,0,0,4,4,3,0,3,1,1,0,0,0,0,1,0,0,0,0.91,107,7,6,1,0,-0.1,0.1,-0.0,5.60,1,1,2,1,1,0,0,0,3.18,-0.1,1.079,1,0,5.2,0,0,1,1,0,0,0,0,0,0,0,0,0.0,0.0
SP,Milt Pappas,Milt,Pappas,AW Bees - GH,6' 3',190 lbs,R,R,96,Baltimore Orioles,BAL,1959,1946-1960,CS,86654,Diamond,Clubhouse - Unsung Heroes  SP Milt Pappas  BAL  1959,0,N,0,22,36,4,31,17,33,25,3,42,10,18,40,5,27,20,44,3,Normal,Pull,Pull,94,77,134,163,88,62,110,154,100,88,155,171,92,130,-,95,-,-,-,-,-,-,-,-,3,NEU,88-90,3/4,Normal,79,58,-,-,-,25,36,29,27,8,10,7,71,-,-,-,-,-,-,-,-,71,-,-,-,-,-,-,-,-,10,4,6,16,,,0,0,0,0,0,0,0,0,0,0,0,0,0,0,0,0,0,0.0,0.00,0,-0.0,0.0,0.00,0,0,0.0,0.0,5,5,2,1,0,0,0,30.1,132,115,19,4,1,4,16,16,13,0,24,0,4,0,0,0,0,1,0,0,0,1.00,524,39,26,2,0,-0.4,0.3,0.4,4.45,5,5,5,5,0,0,0,0,1.48,0.0,1.079,2,0,30.1,0,0,4,4,1,1,0,0,0,0,0,0,-0.5,0.0
SP,Jesse Petty,Jesse,Petty,Winnipeg Brew Jays - HotL,6' 0',195 lbs,R,L,97,Brooklyn Robins,LAD,1926,1921-1945,BBR,84801,Diamond,Baseball Reference 1  SP Jesse Petty  BRO  1926,0,Y,5,14,48,4,23,14,16,46,4,28,14,14,49,5,22,14,42,40,Normal,Spray,Spray,96,87,140,116,107,101,138,111,91,83,141,118,67,117,87,-,-,-,-,-,-,-,109,-,4,FB,89-91,OTT,Normal,86,55,-,-,-,25,13,20,23,5,9,5,49,-,-,-,-,-,-,-,-,49,-,-,-,-,-,-,-,-,49,45,58,46,,,0,0,0,0,0,0,0,0,0,0,0,0,0,0,0,0,0,0.0,0.00,0,-0.0,0.0,0.00,0,0,0.0,0.0,2,2,0,0,0,0,0,13.0,52,48,7,2,0,2,6,5,4,0,12,0,0,0,0,0,0,1,0,0,0,1.02,201,10,15,0,0,0.0,0.2,0.3,3.44,2,2,0,0,0,0,0,0,0.00,0.0,.000,0,0,13.0,0,0,0,0,0,0,0,0,0,0,0,0,0.0,0.0
SP,Jesse Petty,Jesse,Petty,Brookline Bees,6' 0',195 lbs,R,L,97,Brooklyn Robins,LAD,1926,1921-1945,BBR,84801,Diamond,Baseball Reference 1  SP Jesse Petty  BRO  1926,0,N,0,11,43,2,20,11,13,41,2,24,11,11,44,3,19,11,42,40,Normal,Spray,Spray,88,80,130,107,99,93,128,103,84,76,131,109,67,117,87,-,-,-,-,-,-,-,109,-,4,FB,89-91,OTT,Normal,86,55,-,-,-,25,13,20,23,5,9,5,45,-,-,-,-,-,-,-,-,45,-,-,-,-,-,-,-,-,49,45,58,46,,,0,0,0,0,0,0,0,0,0,0,0,0,0,0,0,0,0,0.0,0.00,0,-0.0,0.0,0.00,0,0,0.0,0.0,1,1,0,1,0,0,0,7.0,27,26,2,0,0,3,3,3,1,0,7,0,0,0,1,0,0,0,0,0,0,0.71,106,5,9,0,0,-0.1,-0.1,0.2,2.45,1,1,4,1,3,0,0,0,5.14,-0.1,1.079,0,0,7.0,0,0,3,2,0,0,0,0,0,0,0,0,0.0,0.0
SP,Jesse Petty,Jesse,Petty,Waltham River Otters,6' 0',195 lbs,R,L,97,Brooklyn Robins,LAD,1926,1921-1945,BBR,84801,Diamond,Baseball Reference 1  SP Jesse Petty  BRO  1926,0,Y,5,14,48,4,23,14,16,46,4,28,14,14,49,5,22,14,42,40,Normal,Spray,Spray,96,87,140,116,107,101,138,111,91,83,141,118,67,117,87,-,-,-,-,-,-,-,109,-,4,FB,89-91,OTT,Normal,86,55,-,-,-,25,13,20,23,5,9,5,49,-,-,-,-,-,-,-,-,49,-,-,-,-,-,-,-,-,49,45,58,46,,,0,0,0,0,0,0,0,0,0,0,0,0,0,0,0,0,0,0.0,0.00,0,-0.0,0.0,0.00,0,0,0.0,0.0,4,4,2,1,0,0,0,26.1,113,99,16,2,1,3,12,11,8,0,17,3,2,1,1,0,0,0,0,0,0,1.13,406,22,39,1,0,0.4,0.2,0.5,4.53,4,4,4,4,0,0,0,0,1.37,-0.3,.863,1,0,26.1,0,0,3,2,2,2,0,0,0,0,0,0,-0.1,0.0
SP,Jesse Petty,Jesse,Petty,Wilson Horns,6' 0',195 lbs,R,L,97,Brooklyn Robins,LAD,1926,1921-1945,BBR,84801,Diamond,Baseball Reference 1  SP Jesse Petty  BRO  1926,0,N,0,11,43,2,20,11,13,41,2,24,11,11,44,3,19,11,42,40,Normal,Spray,Spray,88,80,130,107,99,93,128,103,84,76,131,109,67,117,87,-,-,-,-,-,-,-,109,-,4,FB,89-91,OTT,Normal,86,55,-,-,-,25,13,20,23,5,9,5,45,-,-,-,-,-,-,-,-,45,-,-,-,-,-,-,-,-,49,45,58,46,,,0,0,0,0,0,0,0,0,0,0,0,0,0,0,0,0,0,0.0,0.00,0,-0.0,0.0,0.00,0,0,0.0,0.0,1,1,0,1,0,0,0,6.0,28,27,7,2,0,0,3,3,1,0,4,0,0,0,1,0,0,0,0,0,0,1.03,112,5,9,0,1,-0.1,0.2,0.1,4.23,1,1,1,0,1,0,0,0,1.50,0.4,1.079,1,1,6.0,0,0,1,1,0,0,0,0,0,0,0,0,0.0,0.0
SP,Jesse Petty,Jesse,Petty,Numenor Faithful,6' 0',195 lbs,R,L,97,Brooklyn Robins,LAD,1926,1921-1945,BBR,84801,Diamond,Baseball Reference 1  SP Jesse Petty  BRO  1926,0,N,0,11,43,2,20,11,13,41,2,24,11,11,44,3,19,11,42,40,Normal,Spray,Spray,88,80,130,107,99,93,128,103,84,76,131,109,67,117,87,-,-,-,-,-,-,-,109,-,4,FB,89-91,OTT,Normal,86,55,-,-,-,25,13,20,23,5,9,5,45,-,-,-,-,-,-,-,-,45,-,-,-,-,-,-,-,-,49,45,58,46,,,0,0,0,0,0,0,0,0,0,0,0,0,0,0,0,0,0,0.0,0.00,0,-0.0,0.0,0.00,0,0,0.0,0.0,1,1,1,0,0,0,0,6.0,25,24,3,1,1,0,3,2,1,0,4,0,0,0,0,0,0,0,0,0,0,0.76,108,6,8,1,0,0.0,0.2,0.1,4.07,1,1,1,0,1,0,0,0,1.50,-0.1,.000,1,0,6.0,0,0,0,0,0,0,0,0,0,0,0,0,0.0,0.0
SP,Jesse Petty,Jesse,Petty,Montrose Cobblers,6' 0',195 lbs,R,L,97,Brooklyn Robins,LAD,1926,1921-1945,BBR,84801,Diamond,Baseball Reference 1  SP Jesse Petty  BRO  1926,0,N,0,11,43,2,20,11,13,41,2,24,11,11,44,3,19,11,42,40,Normal,Spray,Spray,88,80,130,107,99,93,128,103,84,76,131,109,67,117,87,-,-,-,-,-,-,-,109,-,4,FB,89-91,OTT,Normal,86,55,-,-,-,25,13,20,23,5,9,5,45,-,-,-,-,-,-,-,-,45,-,-,-,-,-,-,-,-,49,45,58,46,,,0,0,0,0,0,0,0,0,0,0,0,0,0,0,0,0,0,0.0,0.00,0,-0.0,0.0,0.00,0,0,0.0,0.0,2,2,0,1,0,0,0,8.2,43,34,5,5,0,1,9,6,5,0,8,1,0,3,0,0,0,1,0,0,0,0.88,181,6,11,0,0,-0.6,0.0,-0.3,4.56,2,2,2,0,1,1,0,0,1.04,0.0,.000,0,0,8.2,0,0,0,0,0,0,0,0,0,0,0,0,-0.1,0.0
SP,Old Hoss Radbourn,Old Hoss,Radbourn,Northville Stallions,5' 9',170 lbs,R,R,89,Providence Grays,STL,1884,2026,,82687,Gold,Hardware Heroes  SP Old Hoss Radbourn  PRO  1884,0,N,0,41,34,37,87,85,42,35,38,87,87,41,34,37,87,85,3,5,Normal,Normal,Normal,84,91,155,67,82,94,153,67,85,90,156,68,61,85,-,-,99,-,-,-,-,89,76,-,5,NEU,91-93,3/4,Normal,128,71,-,-,-,28,28,30,33,55,54,67,66,-,36,-,-,-,-,-,59,66,-,36,-,-,-,-,-,59,55,91,85,50,,,0,0,0,0,0,0,0,0,0,0,0,0,0,0,0,0,0,0.0,0.00,0,-0.0,0.0,0.00,0,0,0.0,0.0,1,1,0,0,0,0,0,6.1,25,22,3,1,0,0,2,2,3,0,4,0,0,0,0,0,0,0,0,0,0,1.06,108,7,7,0,0,0.1,0.2,0.2,5.00,1,1,1,1,0,0,0,0,1.42,0.1,1.079,0,0,6.1,0,0,0,0,1,1,0,0,0,0,0,0,-0.1,0.0
SP,Old Hoss Radbourn,Old Hoss,Radbourn,Dubuque Packers,5' 9',170 lbs,R,R,89,Providence Grays,STL,1884,2026,,82687,Gold,Hardware Heroes  SP Old Hoss Radbourn  PRO  1884,0,N,0,41,34,37,87,85,42,35,38,87,87,41,34,37,87,85,3,5,Normal,Normal,Normal,84,91,155,67,82,94,153,67,85,90,156,68,61,85,-,-,99,-,-,-,-,89,76,-,5,NEU,91-93,3/4,Normal,128,71,-,-,-,28,28,30,33,55,54,67,66,-,36,-,-,-,-,-,59,66,-,36,-,-,-,-,-,59,55,91,85,50,,,0,0,0,0,0,0,0,0,0,0,0,0,0,0,0,0,0,0.0,0.00,0,-0.0,0.0,0.00,0,0,0.0,0.0,2,2,1,0,0,0,0,15.0,56,55,7,4,0,2,5,4,0,0,14,0,0,1,1,0,0,2,0,0,0,1.11,219,13,16,0,0,0.4,0.4,0.5,2.32,2,2,1,0,1,0,0,0,0.60,0.0,.000,0,0,15.0,0,0,0,0,0,0,0,0,0,0,0,0,-0.5,0.0
SP,Old Hoss Radbourn,Old Hoss,Radbourn,Wilson Horns,5' 9',170 lbs,R,R,89,Providence Grays,STL,1884,2026,,82687,Gold,Hardware Heroes  SP Old Hoss Radbourn  PRO  1884,0,N,0,41,34,37,87,85,42,35,38,87,87,41,34,37,87,85,3,5,Normal,Normal,Normal,84,91,155,67,82,94,153,67,85,90,156,68,61,85,-,-,99,-,-,-,-,89,76,-,5,NEU,91-93,3/4,Normal,128,71,-,-,-,28,28,30,33,55,54,67,66,-,36,-,-,-,-,-,59,66,-,36,-,-,-,-,-,59,55,91,85,50,,,0,0,0,0,0,0,0,0,0,0,0,0,0,0,0,0,0,0.0,0.00,0,-0.0,0.0,0.00,0,0,0.0,0.0,1,1,0,0,0,0,0,8.0,32,29,4,1,0,0,0,0,3,0,7,0,0,0,0,0,0,0,0,0,0,1.35,130,8,9,0,0,0.5,0.3,0.7,3.86,1,1,3,2,1,0,0,0,3.38,0.1,1.079,0,0,8.0,0,0,1,1,0,0,0,0,0,0,0,0,0.0,0.0
SP,Old Hoss Radbourn,Old Hoss,Radbourn,Montrose Cobblers,5' 9',170 lbs,R,R,89,Providence Grays,STL,1884,2026,,82687,Gold,Hardware Heroes  SP Old Hoss Radbourn  PRO  1884,0,Y,5,46,38,41,94,92,47,39,42,94,94,46,38,41,94,92,3,5,Normal,Normal,Normal,91,99,167,73,89,102,165,73,92,98,168,74,61,85,-,-,99,-,-,-,-,89,76,-,5,NEU,91-93,3/4,Normal,128,71,-,-,-,28,28,30,33,55,54,67,71,-,39,-,-,-,-,-,63,71,-,39,-,-,-,-,-,63,55,91,85,50,,,0,0,0,0,0,0,0,0,0,0,0,0,0,0,0,0,0,0.0,0.00,0,-0.0,0.0,0.00,0,0,0.0,0.0,2,2,1,0,0,0,0,11.2,48,44,7,0,0,1,2,2,3,0,9,1,0,0,0,0,0,1,0,0,0,0.98,193,11,14,1,0,0.4,0.2,0.6,3.94,2,2,2,0,2,0,0,0,1.54,-0.1,.000,1,0,11.2,0,0,0,0,0,0,0,0,0,0,0,0,-0.1,0.0
SP,Robin Roberts,Robin,Roberts,Arkham Horrors,6' 0',190 lbs,S,R,74,Philadelphia Phillies,PHI,1953,1946-1960,,82694,Silver,Hardware Heroes  SP Robin Roberts  PHI  1953,0,N,0,21,69,30,44,24,17,85,39,38,18,23,64,24,46,27,69,5,Normal,Normal,Normal,82,128,76,70,67,136,62,60,92,121,89,77,86,-,77,-,105,-,-,-,-,-,-,-,3,EX FB,91-93,OTT,Normal,99,78,-,-,-,32,32,29,22,1,10,8,74,-,-,-,-,-,-,-,-,74,-,-,-,-,-,-,-,-,9,3,6,14,,,0,0,0,0,0,0,0,0,0,0,0,0,0,0,0,0,0,0.0,0.00,0,-0.0,0.0,0.00,0,0,0.0,0.0,1,1,0,0,0,0,0,7.1,27,26,2,0,0,2,4,4,1,0,5,0,0,0,0,0,0,0,0,0,0,0.97,103,6,11,0,0,0.1,-0.0,0.1,3.49,1,1,1,0,1,0,0,0,1.23,0.0,.000,0,0,7.1,0,0,0,0,0,0,0,0,0,0,0,0,0.0,0.0
SP,Babe Ruth,Babe,Ruth,Chicago Gamblers - E6,6' 2',215 lbs,L,L,97,Boston Red Sox,BOS,1916,2026,CS,86439,Diamond,Clubhouse - Baseball Reference 7  SP Babe Ruth  BOS  1916,0,N,0,91,99,105,79,62,133,94,10,71,37,81,101,133,82,67,42,2,Line Drive,Pull,Pull,96,82,130,160,130,48,92,160,88,90,145,160,98,110,123,-,-,-,-,-,-,-,-,-,3,NEU,90-92,OTT,Normal,104,64,-,-,-,27,42,30,23,6,5,6,77,-,-,-,-,-,-,-,-,77,-,-,-,-,-,-,-,-,39,15,6,27,,,0,0,0,0,0,0,0,0,0,0,0,0,0,0,0,0,0,0.0,0.00,0,-0.0,0.0,0.00,0,0,0.0,0.0,6,6,3,2,0,0,0,36.1,160,145,29,5,2,3,18,16,12,0,39,2,0,1,2,0,0,1,0,0,0,1.03,616,36,30,2,2,-0.1,0.9,0.6,3.33,6,6,9,7,1,1,0,0,1.98,0.4,.925,4,2,36.1,0,0,4,3,3,3,0,0,0,0,0,0,-0.1,0.0
SP,Babe Ruth,Babe,Ruth,Chicago Beans,6' 2',215 lbs,L,L,97,Boston Red Sox,BOS,1916,2026,CS,86439,Diamond,Clubhouse - Baseball Reference 7  SP Babe Ruth  BOS  1916,0,N,0,91,99,105,79,62,133,94,10,71,37,81,101,133,82,67,42,2,Line Drive,Pull,Pull,96,82,130,160,130,48,92,160,88,90,145,160,98,110,123,-,-,-,-,-,-,-,-,-,3,NEU,90-92,OTT,Normal,104,64,-,-,-,27,42,30,23,6,5,6,77,-,-,-,-,-,-,-,-,77,-,-,-,-,-,-,-,-,39,15,6,27,,,0,0,0,0,0,0,0,0,0,0,0,0,0,0,0,0,0,0.0,0.00,0,-0.0,0.0,0.00,0,0,0.0,0.0,2,2,1,0,0,0,0,13.2,58,51,8,2,0,1,2,1,6,0,11,0,0,1,0,0,0,0,0,0,0,1.16,244,7,22,0,1,0.3,0.3,0.8,4.06,2,2,0,0,0,0,0,0,0.00,0.3,.000,1,1,13.2,0,0,0,0,0,0,0,0,0,0,0,0,0.0,0.0
SP,Babe Ruth,Babe,Ruth,Texas Briskets,6' 2',215 lbs,L,L,97,Boston Red Sox,BOS,1916,2026,CS,86439,Diamond,Clubhouse - Baseball Reference 7  SP Babe Ruth  BOS  1916,0,N,0,91,99,105,79,62,133,94,10,71,37,81,101,133,82,67,42,2,Line Drive,Pull,Pull,96,82,130,160,130,48,92,160,88,90,145,160,98,110,123,-,-,-,-,-,-,-,-,-,3,NEU,90-92,OTT,Normal,104,64,-,-,-,27,42,30,23,6,5,6,77,-,-,-,-,-,-,-,-,77,-,-,-,-,-,-,-,-,39,15,6,27,,,0,0,0,0,0,0,0,0,0,0,0,0,0,0,0,0,0,0.0,0.00,0,-0.0,0.0,0.00,0,0,0.0,0.0,1,1,0,1,0,0,0,6.0,28,23,8,0,0,0,5,3,4,0,4,0,1,0,0,0,0,0,0,0,0,1.36,109,8,3,0,0,-0.4,0.1,-0.1,5.51,1,1,0,0,0,0,0,0,0.00,-0.2,.000,0,0,6.0,0,0,1,0,0,0,0,0,0,0,0,0,0.0,0.0
SP,Babe Ruth,Babe,Ruth,Normal Night Owls - HotL,6' 2',215 lbs,L,L,97,Boston Red Sox,BOS,1916,2026,CS,86439,Diamond,Clubhouse - Baseball Reference 7  SP Babe Ruth  BOS  1916,0,N,0,91,99,105,79,62,133,94,10,71,37,81,101,133,82,67,42,2,Line Drive,Pull,Pull,96,82,130,160,130,48,92,160,88,90,145,160,98,110,123,-,-,-,-,-,-,-,-,-,3,NEU,90-92,OTT,Normal,104,64,-,-,-,27,42,30,23,6,5,6,77,-,-,-,-,-,-,-,-,77,-,-,-,-,-,-,-,-,39,15,6,27,,,0,0,0,0,0,0,0,0,0,0,0,0,0,0,0,0,0,0.0,0.00,0,-0.0,0.0,0.00,0,0,0.0,0.0,1,1,0,0,0,0,0,6.1,26,22,2,1,0,0,1,1,4,0,4,0,0,0,0,0,0,1,0,0,0,1.42,104,6,9,0,0,0.3,0.1,0.4,5.51,1,1,0,0,0,0,0,0,0.00,0.0,.000,0,0,6.1,0,0,0,0,0,0,0,0,0,0,0,0,0.0,0.0
SP,Babe Ruth,Babe,Ruth,Providence Friars - HotL,6' 2',215 lbs,L,L,97,Boston Red Sox,BOS,1916,2026,CS,86439,Diamond,Clubhouse - Baseball Reference 7  SP Babe Ruth  BOS  1916,0,N,0,91,99,105,79,62,133,94,10,71,37,81,101,133,82,67,42,2,Line Drive,Pull,Pull,96,82,130,160,130,48,92,160,88,90,145,160,98,110,123,-,-,-,-,-,-,-,-,-,3,NEU,90-92,OTT,Normal,104,64,-,-,-,27,42,30,23,6,5,6,77,-,-,-,-,-,-,-,-,77,-,-,-,-,-,-,-,-,39,15,6,27,,,0,0,0,0,0,0,0,0,0,0,0,0,0,0,0,0,0,0.0,0.00,0,-0.0,0.0,0.00,0,0,0.0,0.0,3,3,2,0,0,0,0,22.1,86,70,8,0,0,2,3,3,11,0,15,2,2,1,0,0,0,3,0,0,0,0.95,379,25,22,0,0,0.7,0.2,1.4,4.86,3,3,2,2,0,0,0,0,0.81,0.0,.000,0,0,22.1,0,0,0,0,0,0,0,0,0,0,0,0,0.1,0.0
SP,Babe Ruth,Babe,Ruth,Kansas City Torrent - JW,6' 2',215 lbs,L,L,97,Boston Red Sox,BOS,1916,2026,CS,86439,Diamond,Clubhouse - Baseball Reference 7  SP Babe Ruth  BOS  1916,79 538,N,0,91,99,105,79,62,133,94,10,71,37,81,101,133,82,67,42,2,Line Drive,Pull,Pull,96,82,130,160,130,48,92,160,88,90,145,160,98,110,123,-,-,-,-,-,-,-,-,-,3,NEU,90-92,OTT,Normal,104,64,-,-,-,27,42,30,23,6,5,6,77,-,-,-,-,-,-,-,-,77,-,-,-,-,-,-,-,-,39,15,6,27,,,0,0,0,0,0,0,0,0,0,0,0,0,0,0,0,0,0,0.0,0.00,0,-0.0,0.0,0.00,0,0,0.0,0.0,3,3,3,0,0,0,0,22.2,86,79,10,4,0,1,7,7,6,0,20,0,1,0,1,0,0,4,0,0,0,1.14,352,23,21,0,0,0.7,0.7,0.8,3.41,3,3,1,0,1,0,0,0,0.40,0.0,.000,0,0,22.2,0,0,0,0,0,0,0,0,0,0,0,0,0.0,0.0
SP,Babe Ruth,Babe,Ruth,Herky Hyenas,6' 2',215 lbs,L,L,97,Boston Red Sox,BOS,1916,2026,CS,86439,Diamond,Clubhouse - Baseball Reference 7  SP Babe Ruth  BOS  1916,0,N,0,91,99,105,79,62,133,94,10,71,37,81,101,133,82,67,42,2,Line Drive,Pull,Pull,96,82,130,160,130,48,92,160,88,90,145,160,98,110,123,-,-,-,-,-,-,-,-,-,3,NEU,90-92,OTT,Normal,104,64,-,-,-,27,42,30,23,6,5,6,77,-,-,-,-,-,-,-,-,77,-,-,-,-,-,-,-,-,39,15,6,27,,,0,0,0,0,0,0,0,0,0,0,0,0,0,0,0,0,0,0.0,0.00,0,-0.0,0.0,0.00,0,0,0.0,0.0,3,3,1,1,0,0,0,17.1,75,71,13,3,1,3,10,10,4,0,14,0,0,0,0,0,0,2,0,0,0,1.23,305,21,14,0,1,-0.1,0.2,0.1,3.89,3,3,6,5,1,0,0,0,3.12,0.7,1.079,1,1,17.1,0,0,2,2,1,1,1,1,0,0,0,0,0.0,0.0
SP,Babe Ruth,Babe,Ruth,Sixes Tornadoes,6' 2',215 lbs,L,L,97,Boston Red Sox,BOS,1916,2026,CS,86439,Diamond,Clubhouse - Baseball Reference 7  SP Babe Ruth  BOS  1916,0,N,0,91,99,105,79,62,133,94,10,71,37,81,101,133,82,67,42,2,Line Drive,Pull,Pull,96,82,130,160,130,48,92,160,88,90,145,160,98,110,123,-,-,-,-,-,-,-,-,-,3,NEU,90-92,OTT,Normal,104,64,-,-,-,27,42,30,23,6,5,6,77,-,-,-,-,-,-,-,-,77,-,-,-,-,-,-,-,-,39,15,6,27,,,0,0,0,0,0,0,0,0,0,0,0,0,0,0,0,0,0,0.0,0.00,0,-0.0,0.0,0.00,0,0,0.0,0.0,1,1,0,0,0,0,0,4.0,20,16,4,1,0,1,5,5,3,0,5,1,0,0,0,0,0,0,0,0,0,0.81,78,2,3,1,0,-0.4,-0.1,-0.2,4.08,1,1,0,0,0,0,0,0,0.00,-0.1,.000,1,0,4.0,0,0,0,0,0,0,0,0,0,0,0,0,0.0,0.0
SP,Babe Ruth,Babe,Ruth,Cibao Aguilas,6' 2',215 lbs,L,L,97,Boston Red Sox,BOS,1916,2026,CS,86439,Diamond,Clubhouse - Baseball Reference 7  SP Babe Ruth  BOS  1916,0,N,0,91,99,105,79,62,133,94,10,71,37,81,101,133,82,67,42,2,Line Drive,Pull,Pull,96,82,130,160,130,48,92,160,88,90,145,160,98,110,123,-,-,-,-,-,-,-,-,-,3,NEU,90-92,OTT,Normal,104,64,-,-,-,27,42,30,23,6,5,6,77,-,-,-,-,-,-,-,-,77,-,-,-,-,-,-,-,-,39,15,6,27,,,0,0,0,0,0,0,0,0,0,0,0,0,0,0,0,0,0,0.0,0.00,0,-0.0,0.0,0.00,0,0,0.0,0.0,2,2,0,1,0,0,0,13.2,53,48,5,3,0,0,5,5,5,0,14,0,0,0,0,0,0,0,0,0,0,1.07,229,16,10,0,0,0.2,0.6,0.4,3.39,2,2,3,0,3,0,0,0,1.98,-0.2,.000,0,0,13.2,0,0,0,0,1,0,0,0,0,0,0,0,0.4,0.0
SP,Babe Ruth,Babe,Ruth,Globo Gym Purple Cobras - JW,6' 2',215 lbs,L,L,97,Boston Red Sox,BOS,1916,2026,CS,86439,Diamond,Clubhouse - Baseball Reference 7  SP Babe Ruth  BOS  1916,0,N,0,91,99,105,79,62,133,94,10,71,37,81,101,133,82,67,42,2,Line Drive,Pull,Pull,96,82,130,160,130,48,92,160,88,90,145,160,98,110,123,-,-,-,-,-,-,-,-,-,3,NEU,90-92,OTT,Normal,104,64,-,-,-,27,42,30,23,6,5,6,77,-,-,-,-,-,-,-,-,77,-,-,-,-,-,-,-,-,39,15,6,27,,,0,0,0,0,0,0,0,0,0,0,0,0,0,0,0,0,0,0.0,0.00,0,-0.0,0.0,0.00,0,0,0.0,0.0,1,1,0,0,0,0,0,7.0,29,26,5,2,0,0,1,1,3,0,2,0,0,0,1,0,0,0,0,0,0,1.21,102,5,12,1,2,0.3,0.1,0.4,6.21,1,1,2,0,2,0,0,0,2.57,0.6,.000,3,2,7.0,0,0,1,1,0,0,0,0,0,0,0,0,-0.1,0.0
SP,Babe Ruth,Babe,Ruth,Castroville Mashers - JW,6' 2',215 lbs,L,L,97,Boston Red Sox,BOS,1916,2026,CS,86439,Diamond,Clubhouse - Baseball Reference 7  SP Babe Ruth  BOS  1916,0,N,0,91,99,105,79,62,133,94,10,71,37,81,101,133,82,67,42,2,Line Drive,Pull,Pull,96,82,130,160,130,48,92,160,88,90,145,160,98,110,123,-,-,-,-,-,-,-,-,-,3,NEU,90-92,OTT,Normal,104,64,-,-,-,27,42,30,23,6,5,6,77,-,-,-,-,-,-,-,-,77,-,-,-,-,-,-,-,-,39,15,6,27,,,0,0,0,0,0,0,0,0,0,0,0,0,0,0,0,0,0,0.0,0.00,0,-0.0,0.0,0.00,0,0,0.0,0.0,1,1,0,1,0,0,0,3.2,21,19,5,3,0,0,7,2,2,0,1,0,0,0,0,0,0,0,0,0,0,0.95,80,4,5,0,1,-0.2,0.0,-0.3,6.52,1,1,0,0,0,0,0,0,0.00,0.3,.000,1,1,3.2,0,0,0,0,0,0,0,0,0,0,0,0,0.0,0.0
SP,Babe Ruth,Babe,Ruth,Gastonia Peaches,6' 2',215 lbs,L,L,97,Boston Red Sox,BOS,1916,2026,CS,86439,Diamond,Clubhouse - Baseball Reference 7  SP Babe Ruth  BOS  1916,0,N,0,91,99,105,79,62,133,94,10,71,37,81,101,133,82,67,42,2,Line Drive,Pull,Pull,96,82,130,160,130,48,92,160,88,90,145,160,98,110,123,-,-,-,-,-,-,-,-,-,3,NEU,90-92,OTT,Normal,104,64,-,-,-,27,42,30,23,6,5,6,77,-,-,-,-,-,-,-,-,77,-,-,-,-,-,-,-,-,39,15,6,27,,,0,0,0,0,0,0,0,0,0,0,0,0,0,0,0,0,0,0.0,0.00,0,-0.0,0.0,0.00,0,0,0.0,0.0,2,2,1,0,0,0,0,14.0,62,55,11,0,1,1,7,6,7,0,11,0,0,0,0,0,0,3,0,0,0,1.44,240,11,17,1,0,0.1,0.2,0.2,4.66,2,2,2,1,1,0,0,0,1.29,-0.0,1.079,1,0,14.0,0,0,2,2,0,0,0,0,0,0,0,0,-0.3,0.0
SP,Babe Ruth,Babe,Ruth,AW Bees - GH,6' 2',215 lbs,L,L,97,Boston Red Sox,BOS,1916,2026,CS,86439,Diamond,Clubhouse - Baseball Reference 7  SP Babe Ruth  BOS  1916,0,N,0,91,99,105,79,62,133,94,10,71,37,81,101,133,82,67,42,2,Line Drive,Pull,Pull,96,82,130,160,130,48,92,160,88,90,145,160,98,110,123,-,-,-,-,-,-,-,-,-,3,NEU,90-92,OTT,Normal,104,64,-,-,-,27,42,30,23,6,5,6,77,-,-,-,-,-,-,-,-,77,-,-,-,-,-,-,-,-,39,15,6,27,,,0,0,0,0,0,0,0,0,0,0,0,0,0,0,0,0,0,0.0,0.00,0,-0.0,0.0,0.00,0,0,0.0,0.0,4,0,1,0,0,1,0,8.2,37,32,5,0,1,0,2,2,4,0,7,1,0,0,0,0,0,0,3,3,1,1.22,152,8,10,0,1,0.3,0.1,0.3,4.45,4,0,2,1,1,0,0,0,2.08,0.4,.000,1,1,8.2,0,0,1,1,0,0,0,0,0,0,0,0,0.0,0.0
SP,Babe Ruth,Babe,Ruth,Oysters Incognito,6' 2',215 lbs,L,L,97,Boston Red Sox,BOS,1916,2026,CS,86439,Diamond,Clubhouse - Baseball Reference 7  SP Babe Ruth  BOS  1916,0,N,0,91,99,105,79,62,133,94,10,71,37,81,101,133,82,67,42,2,Line Drive,Pull,Pull,96,82,130,160,130,48,92,160,88,90,145,160,98,110,123,-,-,-,-,-,-,-,-,-,3,NEU,90-92,OTT,Normal,104,64,-,-,-,27,42,30,23,6,5,6,77,-,-,-,-,-,-,-,-,77,-,-,-,-,-,-,-,-,39,15,6,27,,,0,0,0,0,0,0,0,0,0,0,0,0,0,0,0,0,0,0.0,0.00,0,-0.0,0.0,0.00,0,0,0.0,0.0,1,1,0,0,0,0,0,6.2,28,26,5,1,0,1,4,4,1,0,4,0,1,0,0,0,0,0,0,0,0,0.89,119,8,8,0,0,-0.1,0.1,0.0,4.28,1,1,1,1,0,0,0,0,1.35,0.1,1.079,0,0,6.2,0,0,1,1,0,0,0,0,0,0,0,0,0.0,0.0
SP,Aaron Sanchez,Aaron,Sanchez,Brookline Bees,6' 4',215 lbs,R,R,84,Toronto Blue Jays,TOR,2016,2015+,,86728,Gold,Studs & Duds - Historical All-Star  SP Aaron Sanchez  TOR  2016,0,N,0,1,3,1,4,1,1,4,1,4,1,1,3,1,4,1,24,1,Normal,Normal,Normal,77,90,125,119,80,50,140,99,75,124,113,150,80,79,79,-,103,-,-,-,-,-,-,-,4,GB,93-95,3/4,GB'er,75,58,-,-,-,32,20,25,23,1,2,10,61,-,-,-,-,-,-,-,-,61,-,-,-,-,-,-,-,-,17,5,6,28,,,0,0,0,0,0,0,0,0,0,0,0,0,0,0,0,0,0,0.0,0.00,0,-0.0,0.0,0.00,0,0,0.0,0.0,1,1,0,1,0,0,0,4.2,26,24,4,1,0,4,7,7,2,0,3,0,0,0,1,0,0,0,0,0,0,1.14,85,3,8,0,0,-0.5,-0.3,-0.3,5.13,1,1,2,1,0,1,0,0,1.93,-0.3,.539,0,0,4.2,0,0,0,0,2,1,0,0,0,0,0,0,0.0,0.0
SP,Sonny Siebert,Sonny,Siebert,New York Jackhammers,6' 3',200 lbs,R,R,97,Cleveland,CLE,1965,1961-1979,,83316,Diamond,Snapshot  SP Sonny Siebert  CLE  1965,0,N,0,7,44,31,27,23,4,60,33,21,34,9,39,31,30,19,40,6,Normal,Normal,Normal,104,78,87,97,100,85,53,96,108,73,116,98,79,157,97,-,-,-,-,-,-,-,-,-,3,FB,87-89,3/4,Normal,76,69,-,-,-,35,22,29,31,6,4,10,68,-,-,-,-,-,-,-,-,68,-,-,-,-,-,-,-,-,11,3,6,18,,,0,0,0,0,0,0,0,0,0,0,0,0,0,0,0,0,0,0.0,0.00,0,-0.0,0.0,0.00,0,0,0.0,0.0,2,2,0,0,0,0,0,14.2,55,51,4,0,2,2,5,5,3,0,18,0,0,1,0,0,0,0,0,0,0,0.75,225,16,10,0,0,0.2,0.4,0.5,2.24,2,2,2,1,1,0,0,0,1.23,0.1,1.079,0,0,14.2,0,0,0,0,1,1,0,0,0,0,0,0,-0.3,0.0
SP,Hilton Smith,Hilton,Smith,Houston Swangas,6' 2',180 lbs,R,R,88,Kansas City Monarchs,KCM,1946,1946-1960,CS,84890,Gold,Clubhouse - Negro League Star  SP Hilton Smith  KCM  1946,0,N,0,133,67,31,44,83,134,67,31,44,83,133,67,31,44,84,45,15,Groundball,Normal,Spray,36,110,125,105,34,109,117,99,37,112,131,111,44,65,42,50,60,-,-,-,-,-,-,-,5,NEU,90-92,3/4,Normal,73,60,1,1,1,29,28,27,25,53,59,65,67,-,-,-,-,-,60,-,56,67,-,-,-,-,-,60,-,56,53,5,6,58,,,0,0,0,0,0,0,0,0,0,0,0,0,0,0,0,0,0,0.0,0.00,0,-0.0,0.0,0.00,0,0,0.0,0.0,2,2,0,1,0,0,0,12.2,56,49,8,3,1,0,6,5,5,0,4,0,0,2,0,0,0,0,0,0,0,0.93,211,13,21,1,0,-0.2,0.2,0.2,6.08,2,2,1,0,1,0,0,0,0.71,-0.1,.000,1,0,12.2,0,0,0,0,0,0,0,0,0,0,0,0,0.0,0.0
SP,Blake Snell,Blake,Snell,Gamehendge Lizards - HotL,6' 4',225 lbs,L,L,98,San Diego Padres,SDP,2023,2015+,PTCS,86736,Diamond,PTCS 6 - Hardware Heroes  SP Blake Snell  SD  2023,0,N,0,1,3,1,3,1,1,3,1,3,1,1,3,1,3,1,39,1,Normal,Normal,Normal,168,69,152,140,163,58,120,151,170,73,163,137,98,155,168,111,-,-,-,-,-,-,-,-,4,NEU,96-98,3/4,Normal,69,53,-,-,-,35,20,26,23,5,10,2,65,-,-,-,-,-,-,-,-,65,-,-,-,-,-,-,-,-,11,4,6,18,,,0,0,0,0,0,0,0,0,0,0,0,0,0,0,0,0,0,0.0,0.00,0,-0.0,0.0,0.00,0,0,0.0,0.0,1,0,0,0,0,0,0,5.2,22,20,3,0,1,1,2,2,2,0,6,0,0,0,0,0,0,2,0,0,0,1.04,86,6,3,1,0,0.0,0.0,0.1,3.30,1,0,0,0,0,0,0,0,0.00,-0.1,.000,1,0,5.2,0,0,0,0,0,0,0,0,0,0,0,0,0.0,0.0
SP,Blake Snell,Blake,Snell,Great Lakes Man-of-War-HOTL,6' 4',225 lbs,L,L,98,San Diego Padres,SDP,2023,2015+,PTCS,86736,Diamond,PTCS 6 - Hardware Heroes  SP Blake Snell  SD  2023,0,N,0,1,3,1,3,1,1,3,1,3,1,1,3,1,3,1,39,1,Normal,Normal,Normal,168,69,152,140,163,58,120,151,170,73,163,137,98,155,168,111,-,-,-,-,-,-,-,-,4,NEU,96-98,3/4,Normal,69,53,-,-,-,35,20,26,23,5,10,2,65,-,-,-,-,-,-,-,-,65,-,-,-,-,-,-,-,-,11,4,6,18,,,0,0,0,0,0,0,0,0,0,0,0,0,0,0,0,0,0,0.0,0.00,0,-0.0,0.0,0.00,0,0,0.0,0.0,2,2,1,1,0,0,0,13.0,57,49,10,3,0,0,9,9,6,0,12,1,1,0,0,0,0,2,0,0,0,1.14,230,10,15,1,0,-0.2,0.4,-0.0,4.08,2,2,2,1,1,0,0,0,1.38,0.1,1.079,1,0,13.0,0,0,1,1,0,0,0,0,1,1,0,0,0.0,0.0
SP,Blake Snell,Blake,Snell,Globo Gym Purple Cobras - JW,6' 4',225 lbs,L,L,98,San Diego Padres,SDP,2023,2015+,PTCS,86736,Diamond,PTCS 6 - Hardware Heroes  SP Blake Snell  SD  2023,0,N,0,1,3,1,3,1,1,3,1,3,1,1,3,1,3,1,39,1,Normal,Normal,Normal,168,69,152,140,163,58,120,151,170,73,163,137,98,155,168,111,-,-,-,-,-,-,-,-,4,NEU,96-98,3/4,Normal,69,53,-,-,-,35,20,26,23,5,10,2,65,-,-,-,-,-,-,-,-,65,-,-,-,-,-,-,-,-,11,4,6,18,,,0,0,0,0,0,0,0,0,0,0,0,0,0,0,0,0,0,0.0,0.00,0,-0.0,0.0,0.00,0,0,0.0,0.0,1,1,1,0,0,0,0,6.2,25,23,2,1,0,1,1,1,1,0,8,1,0,0,0,0,0,1,0,0,0,0.97,90,6,5,0,0,0.3,0.1,0.4,2.01,1,1,1,1,0,0,0,0,1.35,0.1,1.079,0,0,6.2,0,0,1,1,0,0,0,0,0,0,0,0,-0.3,0.0
SP,Blake Snell,Blake,Snell,Shibuya Shredders - GH,6' 4',225 lbs,L,L,98,San Diego Padres,SDP,2023,2015+,PTCS,86736,Diamond,PTCS 6 - Hardware Heroes  SP Blake Snell  SD  2023,0,N,0,1,3,1,3,1,1,3,1,3,1,1,3,1,3,1,39,1,Normal,Normal,Normal,168,69,152,140,163,58,120,151,170,73,163,137,98,155,168,111,-,-,-,-,-,-,-,-,4,NEU,96-98,3/4,Normal,69,53,-,-,-,35,20,26,23,5,10,2,65,-,-,-,-,-,-,-,-,65,-,-,-,-,-,-,-,-,11,4,6,18,,,0,0,0,0,0,0,0,0,0,0,0,0,0,0,0,0,0,0.0,0.00,0,-0.0,0.0,0.00,0,0,0.0,0.0,4,4,1,3,0,0,0,21.2,98,87,11,7,1,5,13,13,10,0,18,0,1,0,0,0,0,1,0,0,0,0.93,389,26,20,0,0,-0.5,-0.1,0.1,4.44,4,4,2,2,0,0,0,0,0.83,0.1,1.079,0,0,21.2,0,0,1,1,1,1,0,0,0,0,0,0,0.0,0.0
SP,Blake Snell,Blake,Snell,Shakedown 1977 Microbus TTC - GH,6' 4',225 lbs,L,L,98,San Diego Padres,SDP,2023,2015+,PTCS,86736,Diamond,PTCS 6 - Hardware Heroes  SP Blake Snell  SD  2023,0,N,0,1,3,1,3,1,1,3,1,3,1,1,3,1,3,1,39,1,Normal,Normal,Normal,168,69,152,140,163,58,120,151,170,73,163,137,98,155,168,111,-,-,-,-,-,-,-,-,4,NEU,96-98,3/4,Normal,69,53,-,-,-,35,20,26,23,5,10,2,65,-,-,-,-,-,-,-,-,65,-,-,-,-,-,-,-,-,11,4,6,18,,,0,0,0,0,0,0,0,0,0,0,0,0,0,0,0,0,0,0.0,0.00,0,-0.0,0.0,0.00,0,0,0.0,0.0,3,3,2,0,0,0,0,21.0,82,73,9,1,0,1,5,5,9,0,27,0,0,0,1,0,0,1,0,0,0,0.98,353,18,17,0,0,0.4,0.8,1.0,2.65,3,3,2,2,0,0,0,0,0.86,0.1,1.079,0,0,21.0,0,0,2,2,0,0,0,0,0,0,0,0,-0.3,0.0
SP,Blake Snell,Blake,Snell,Rajasthan Rifles Rifles,6' 4',225 lbs,L,L,98,San Diego Padres,SDP,2023,2015+,PTCS,86736,Diamond,PTCS 6 - Hardware Heroes  SP Blake Snell  SD  2023,0,N,0,1,3,1,3,1,1,3,1,3,1,1,3,1,3,1,39,1,Normal,Normal,Normal,168,69,152,140,163,58,120,151,170,73,163,137,98,155,168,111,-,-,-,-,-,-,-,-,4,NEU,96-98,3/4,Normal,69,53,-,-,-,35,20,26,23,5,10,2,65,-,-,-,-,-,-,-,-,65,-,-,-,-,-,-,-,-,11,4,6,18,,,0,0,0,0,0,0,0,0,0,0,0,0,0,0,0,0,0,0.0,0.00,0,-0.0,0.0,0.00,0,0,0.0,0.0,1,1,1,0,0,0,0,7.0,28,28,3,4,0,0,0,0,0,0,8,0,0,0,0,0,0,0,0,0,0,1.22,109,5,8,0,0,0.3,0.4,0.6,1.73,1,1,0,0,0,0,0,0,0.00,0.0,.000,0,0,7.0,0,0,0,0,0,0,0,0,0,0,0,0,0.0,0.0
SP,Blake Snell,Blake,Snell,Roaming Rascals BFF,6' 4',225 lbs,L,L,98,San Diego Padres,SDP,2023,2015+,PTCS,86736,Diamond,PTCS 6 - Hardware Heroes  SP Blake Snell  SD  2023,0,N,0,1,3,1,3,1,1,3,1,3,1,1,3,1,3,1,39,1,Normal,Normal,Normal,168,69,152,140,163,58,120,151,170,73,163,137,98,155,168,111,-,-,-,-,-,-,-,-,4,NEU,96-98,3/4,Normal,69,53,-,-,-,35,20,26,23,5,10,2,65,-,-,-,-,-,-,-,-,65,-,-,-,-,-,-,-,-,11,4,6,18,,,0,0,0,0,0,0,0,0,0,0,0,0,0,0,0,0,0,0.0,0.00,0,-0.0,0.0,0.00,0,0,0.0,0.0,7,0,0,0,1,1,0,9.2,53,40,9,2,0,0,6,6,13,0,14,0,0,0,1,0,0,0,3,5,1,2.05,243,9,6,0,0,0.2,0.0,-0.1,4.99,7,0,0,0,0,0,0,0,0.00,0.0,.000,0,0,9.2,0,0,0,0,0,0,0,0,0,0,0,0,-0.1,0.0
SP,Blake Snell,Blake,Snell,Oysters Incognito,6' 4',225 lbs,L,L,98,San Diego Padres,SDP,2023,2015+,PTCS,86736,Diamond,PTCS 6 - Hardware Heroes  SP Blake Snell  SD  2023,0,N,0,1,3,1,3,1,1,3,1,3,1,1,3,1,3,1,39,1,Normal,Normal,Normal,168,69,152,140,163,58,120,151,170,73,163,137,98,155,168,111,-,-,-,-,-,-,-,-,4,NEU,96-98,3/4,Normal,69,53,-,-,-,35,20,26,23,5,10,2,65,-,-,-,-,-,-,-,-,65,-,-,-,-,-,-,-,-,11,4,6,18,,,0,0,0,0,0,0,0,0,0,0,0,0,0,0,0,0,0,0.0,0.00,0,-0.0,0.0,0.00,0,0,0.0,0.0,1,1,1,0,0,0,0,5.2,23,22,4,1,0,0,1,1,1,0,8,0,0,0,0,0,0,0,0,0,0,0.84,106,6,3,0,0,0.2,0.4,0.3,1.96,1,1,1,0,1,0,0,0,1.59,0.0,.000,0,0,5.2,0,0,0,0,0,0,0,0,0,0,0,0,0.0,0.0
SP,Mario Soto,Mario,Soto,Grand Rapids Warriors,6' 0',175 lbs,R,R,83,Cincinnati Reds,CIN,1983,1980-1992,,85871,Gold,T4 Ep. 3 - Historical All-Star  SP Mario Soto  CIN  1983,0,N,0,11,56,3,28,21,19,38,2,38,23,9,61,4,23,21,68,7,Normal,Spray,Spray,129,82,138,64,111,74,150,58,144,88,129,69,100,-,-,110,-,-,-,-,123,-,-,-,3,EX FB,90-92,3/4,Normal,94,61,-,-,-,27,13,21,23,1,5,3,47,-,-,-,-,-,-,-,-,47,-,-,-,-,-,-,-,-,14,5,6,23,,,0,0,0,0,0,0,0,0,0,0,0,0,0,0,0,0,0,0.0,0.00,0,-0.0,0.0,0.00,0,0,0.0,0.0,1,1,0,1,0,0,0,5.2,28,22,4,4,0,0,5,5,3,0,4,0,3,0,0,0,0,0,0,0,0,0.85,107,8,5,0,0,-0.3,0.1,-0.1,5.07,1,1,3,2,1,0,0,0,4.76,0.1,1.079,0,0,5.2,0,0,2,2,0,0,0,0,0,0,0,0,-0.3,0.0
SP,Dave Stieb,Dave,Stieb,Winnipeg Golden Knights,6' 1',195 lbs,R,R,89,Toronto Blue Jays,TOR,1990,1980-1992,,85911,Gold,Blue Jays 50th Anniversary  SP Dave Stieb  TOR  1990,0,Y,5,1,5,1,5,1,1,5,1,5,1,1,5,1,5,1,22,1,Normal,Normal,Normal,98,97,107,124,85,88,104,119,108,105,113,127,77,83,111,91,97,-,-,-,-,-,-,-,5,NEU,86-88,OTT,Normal,78,64,-,-,-,35,39,36,36,9,3,8,87,-,-,-,-,-,-,-,-,87,-,-,-,-,-,-,-,-,5,4,6,5,,,0,0,0,0,0,0,0,0,0,0,0,0,0,0,0,0,0,0.0,0.00,0,-0.0,0.0,0.00,0,0,0.0,0.0,1,1,0,0,0,0,0,6.0,27,23,2,1,0,1,5,5,4,0,11,0,0,0,0,0,0,0,0,0,0,0.67,100,1,6,0,0,-0.3,0.1,-0.1,1.68,1,1,0,0,0,0,0,0,0.00,0.0,.000,0,0,6.0,0,0,0,0,0,0,0,0,0,0,0,0,-0.3,0.0
SP,Dave Stieb,Dave,Stieb,Gamehendge Lizards - HotL,6' 1',195 lbs,R,R,89,Toronto Blue Jays,TOR,1990,1980-1992,,85911,Gold,Blue Jays 50th Anniversary  SP Dave Stieb  TOR  1990,0,Y,5,1,5,1,5,1,1,5,1,5,1,1,5,1,5,1,22,1,Normal,Normal,Normal,98,97,107,124,85,88,104,119,108,105,113,127,77,83,111,91,97,-,-,-,-,-,-,-,5,NEU,86-88,OTT,Normal,78,64,-,-,-,35,39,36,36,9,3,8,87,-,-,-,-,-,-,-,-,87,-,-,-,-,-,-,-,-,5,4,6,5,,,0,0,0,0,0,0,0,0,0,0,0,0,0,0,0,0,0,0.0,0.00,0,-0.0,0.0,0.00,0,0,0.0,0.0,1,1,0,1,0,0,0,5.0,23,22,3,2,2,1,5,5,0,0,4,1,0,0,0,0,0,0,0,0,0,0.59,85,5,4,0,1,-0.2,0.0,-0.1,3.43,1,1,1,1,0,0,0,0,1.80,0.2,1.079,1,1,5.0,0,0,0,0,2,1,0,0,0,0,0,0,0.0,0.0
SP,Dave Stieb,Dave,Stieb,Arcadia Wyverns,6' 1',195 lbs,R,R,89,Toronto Blue Jays,TOR,1990,1980-1992,,85911,Gold,Blue Jays 50th Anniversary  SP Dave Stieb  TOR  1990,0,N,0,1,3,1,3,1,1,3,1,3,1,1,3,1,3,1,22,1,Normal,Normal,Normal,90,89,99,115,78,81,96,110,100,97,104,118,77,83,111,91,97,-,-,-,-,-,-,-,5,NEU,86-88,OTT,Normal,78,64,-,-,-,35,39,36,36,9,3,8,81,-,-,-,-,-,-,-,-,81,-,-,-,-,-,-,-,-,5,4,6,5,,,0,0,0,0,0,0,0,0,0,0,0,0,0,0,0,0,0,0.0,0.00,0,-0.0,0.0,0.00,0,0,0.0,0.0,2,0,0,1,0,1,1,1.2,9,9,3,0,0,0,4,1,0,0,5,0,0,0,0,0,0,0,1,0,0,3.22,34,1,0,0,0,-0.3,0.2,-0.6,-0.43,2,0,0,0,0,0,0,0,0.00,0.0,.000,0,0,1.2,0,0,0,0,0,0,0,0,0,0,0,0,0.0,0.0
SP,Dave Stieb,Dave,Stieb,Looking Glass Loopers TBD,6' 1',195 lbs,R,R,89,Toronto Blue Jays,TOR,1990,1980-1992,,85911,Gold,Blue Jays 50th Anniversary  SP Dave Stieb  TOR  1990,0,N,0,1,3,1,3,1,1,3,1,3,1,1,3,1,3,1,22,1,Normal,Normal,Normal,90,89,99,115,78,81,96,110,100,97,104,118,77,83,111,91,97,-,-,-,-,-,-,-,5,NEU,86-88,OTT,Normal,78,64,-,-,-,35,39,36,36,9,3,8,81,-,-,-,-,-,-,-,-,81,-,-,-,-,-,-,-,-,5,4,6,5,,,0,0,0,0,0,0,0,0,0,0,0,0,0,0,0,0,0,0.0,0.00,0,-0.0,0.0,0.00,0,0,0.0,0.0,1,1,0,1,0,0,0,6.0,26,22,5,0,0,0,2,2,4,0,5,0,0,0,1,0,0,0,0,0,0,1.04,111,4,8,0,0,-0.0,0.1,0.2,4.87,1,1,2,2,0,0,0,0,3.00,0.1,1.079,0,0,6.0,0,0,1,1,0,0,0,0,0,0,0,0,0.0,0.0
SP,Dave Stieb,Dave,Stieb,Shartlesville ShihTzus - HotL,6' 1',195 lbs,R,R,89,Toronto Blue Jays,TOR,1990,1980-1992,,85911,Gold,Blue Jays 50th Anniversary  SP Dave Stieb  TOR  1990,0,Y,5,1,5,1,5,1,1,5,1,5,1,1,5,1,5,1,22,1,Normal,Normal,Normal,98,97,107,124,85,88,104,119,108,105,113,127,77,83,111,91,97,-,-,-,-,-,-,-,5,NEU,86-88,OTT,Normal,78,64,-,-,-,35,39,36,36,9,3,8,87,-,-,-,-,-,-,-,-,87,-,-,-,-,-,-,-,-,5,4,6,5,,,0,0,0,0,0,0,0,0,0,0,0,0,0,0,0,0,0,0.0,0.00,0,-0.0,0.0,0.00,0,0,0.0,0.0,1,1,0,1,0,0,0,6.1,30,27,6,1,0,1,5,5,2,0,5,1,0,0,0,0,0,0,0,0,0,1.15,107,7,7,0,0,-0.2,0.0,-0.1,4.29,1,1,1,0,1,0,0,0,1.42,0.0,.000,0,0,6.1,0,0,0,0,0,0,0,0,0,0,0,0,0.0,0.0
SP,Dave Stieb,Dave,Stieb,Arkham Horrors,6' 1',195 lbs,R,R,65,Toronto Blue Jays,TOR,1981,1980-1992,,83869,Bronze,Historical All-Star  SP Dave Stieb  TOR  1981,0,N,0,1,3,1,3,1,1,3,1,3,1,1,3,1,3,1,22,14,Normal,Normal,Normal,75,69,106,82,65,74,103,114,83,66,108,60,85,83,84,86,66,-,-,-,-,-,-,-,5,NEU,90-92,OTT,Normal,83,66,-,-,-,35,39,36,36,6,8,2,81,-,-,-,-,-,-,-,-,81,-,-,-,-,-,-,-,-,5,4,6,6,,,0,0,0,0,0,0,0,0,0,0,0,0,0,0,0,0,0,0.0,0.00,0,-0.0,0.0,0.00,0,0,0.0,0.0,1,1,0,1,0,0,0,6.0,26,23,3,1,0,1,3,3,3,0,6,0,0,0,0,0,0,0,0,0,0,0.62,99,5,7,0,0,-0.1,0.0,0.1,3.92,1,1,0,0,0,0,0,0,0.00,0.0,.000,0,0,6.0,0,0,0,0,0,0,0,0,0,0,0,0,0.0,0.0
SP,Dave Stieb,Dave,Stieb,Herky Hyenas,6' 1',195 lbs,R,R,89,Toronto Blue Jays,TOR,1990,1980-1992,,85911,Gold,Blue Jays 50th Anniversary  SP Dave Stieb  TOR  1990,0,N,0,1,3,1,3,1,1,3,1,3,1,1,3,1,3,1,22,1,Normal,Normal,Normal,90,89,99,115,78,81,96,110,100,97,104,118,77,83,111,91,97,-,-,-,-,-,-,-,5,NEU,86-88,OTT,Normal,78,64,-,-,-,35,39,36,36,9,3,8,81,-,-,-,-,-,-,-,-,81,-,-,-,-,-,-,-,-,5,4,6,5,,,0,0,0,0,0,0,0,0,0,0,0,0,0,0,0,0,0,0.0,0.00,0,-0.0,0.0,0.00,0,0,0.0,0.0,2,2,0,0,0,0,0,14.0,55,50,6,1,1,0,6,3,4,0,11,0,0,0,0,0,1,1,0,0,0,1.10,222,15,15,0,0,0.4,0.5,0.3,3.89,2,2,2,2,0,0,0,0,1.29,0.1,1.079,0,0,14.0,0,0,2,2,0,0,0,0,0,0,0,0,0.0,0.0
SP,Dave Stieb,Dave,Stieb,NoseKerim Astea Kerim,6' 1',195 lbs,R,R,89,Toronto Blue Jays,TOR,1990,1980-1992,,85911,Gold,Blue Jays 50th Anniversary  SP Dave Stieb  TOR  1990,0,Y,5,1,5,1,5,1,1,5,1,5,1,1,5,1,5,1,22,1,Normal,Normal,Normal,98,97,107,124,85,88,104,119,108,105,113,127,77,83,111,91,97,-,-,-,-,-,-,-,5,NEU,86-88,OTT,Normal,78,64,-,-,-,35,39,36,36,9,3,8,87,-,-,-,-,-,-,-,-,87,-,-,-,-,-,-,-,-,5,4,6,5,,,0,0,0,0,0,0,0,0,0,0,0,0,0,0,0,0,0,0.0,0.00,0,-0.0,0.0,0.00,0,0,0.0,0.0,3,3,3,0,0,0,0,22.2,89,77,12,3,1,2,6,6,9,0,13,0,1,2,1,0,0,3,0,0,0,0.92,325,21,28,1,1,0.3,0.3,1.0,5.01,3,3,4,3,1,0,0,0,1.59,0.2,1.079,2,1,22.2,0,0,0,0,3,2,0,0,0,0,0,0,0.0,0.0
SP,Dave Stieb,Dave,Stieb,Charlotte Hellcats GH,6' 1',195 lbs,R,R,89,Toronto Blue Jays,TOR,1990,1980-1992,,85911,Gold,Blue Jays 50th Anniversary  SP Dave Stieb  TOR  1990,0,Y,5,1,5,1,5,1,1,5,1,5,1,1,5,1,5,1,22,1,Normal,Normal,Normal,98,97,107,124,85,88,104,119,108,105,113,127,77,83,111,91,97,-,-,-,-,-,-,-,5,NEU,86-88,OTT,Normal,78,64,-,-,-,35,39,36,36,9,3,8,87,-,-,-,-,-,-,-,-,87,-,-,-,-,-,-,-,-,5,4,6,5,,,0,0,0,0,0,0,0,0,0,0,0,0,0,0,0,0,0,0.0,0.00,0,-0.0,0.0,0.00,0,0,0.0,0.0,2,2,2,0,0,0,0,15.0,59,55,7,2,1,1,3,3,3,0,11,0,1,0,0,0,0,0,0,0,0,0.94,223,17,17,0,0,0.3,0.4,0.8,3.83,2,2,1,0,1,0,0,0,0.60,0.0,.000,0,0,15.0,0,0,1,1,0,0,0,0,0,0,0,0,-0.1,0.0
SP,Dave Stieb,Dave,Stieb,Shibuya Shredders - GH,6' 1',195 lbs,R,R,89,Toronto Blue Jays,TOR,1990,1980-1992,,85911,Gold,Blue Jays 50th Anniversary  SP Dave Stieb  TOR  1990,0,Y,5,1,5,1,5,1,1,5,1,5,1,1,5,1,5,1,22,1,Normal,Normal,Normal,98,97,107,124,85,88,104,119,108,105,113,127,77,83,111,91,97,-,-,-,-,-,-,-,5,NEU,86-88,OTT,Normal,78,64,-,-,-,35,39,36,36,9,3,8,87,-,-,-,-,-,-,-,-,87,-,-,-,-,-,-,-,-,5,4,6,5,,,0,0,0,0,0,0,0,0,0,0,0,0,0,0,0,0,0,0.0,0.00,0,-0.0,0.0,0.00,0,0,0.0,0.0,2,0,0,0,0,0,1,3.2,16,15,0,2,0,2,3,3,0,0,5,1,0,0,0,0,0,0,1,0,0,0.84,57,5,1,0,0,-0.2,-0.2,-0.1,2.33,2,0,1,1,0,0,0,0,2.45,0.1,1.079,0,0,3.2,0,0,1,1,0,0,0,0,0,0,0,0,0.0,0.0
SP,Dave Stieb,Dave,Stieb,Rajasthan Rifles Rifles,6' 1',195 lbs,R,R,89,Toronto Blue Jays,TOR,1990,1980-1992,,85911,Gold,Blue Jays 50th Anniversary  SP Dave Stieb  TOR  1990,0,N,0,1,3,1,3,1,1,3,1,3,1,1,3,1,3,1,22,1,Normal,Normal,Normal,90,89,99,115,78,81,96,110,100,97,104,118,77,83,111,91,97,-,-,-,-,-,-,-,5,NEU,86-88,OTT,Normal,78,64,-,-,-,35,39,36,36,9,3,8,81,-,-,-,-,-,-,-,-,81,-,-,-,-,-,-,-,-,5,4,6,5,,,0,0,0,0,0,0,0,0,0,0,0,0,0,0,0,0,0,0.0,0.00,0,-0.0,0.0,0.00,0,0,0.0,0.0,1,1,0,1,0,0,0,3.1,16,14,1,0,0,2,5,2,2,0,2,0,0,0,0,0,0,0,0,0,0,1.04,71,4,4,2,0,-0.3,-0.2,-0.2,5.57,1,1,1,1,0,0,0,0,2.70,-0.1,1.079,2,0,3.1,0,0,0,0,0,0,1,1,0,0,0,0,0.0,0.0
SP,Dave Stieb,Dave,Stieb,AW Bees - GH,6' 1',195 lbs,R,R,89,Toronto Blue Jays,TOR,1990,1980-1992,,85911,Gold,Blue Jays 50th Anniversary  SP Dave Stieb  TOR  1990,0,Y,5,1,5,1,5,1,1,5,1,5,1,1,5,1,5,1,22,1,Normal,Normal,Normal,98,97,107,124,85,88,104,119,108,105,113,127,77,83,111,91,97,-,-,-,-,-,-,-,5,NEU,86-88,OTT,Normal,78,64,-,-,-,35,39,36,36,9,3,8,87,-,-,-,-,-,-,-,-,87,-,-,-,-,-,-,-,-,5,4,6,5,,,0,0,0,0,0,0,0,0,0,0,0,0,0,0,0,0,0,0.0,0.00,0,-0.0,0.0,0.00,0,0,0.0,0.0,4,4,4,0,0,0,0,28.0,111,105,21,3,0,0,4,4,4,0,22,0,1,1,1,0,0,1,0,0,0,1.22,426,27,34,0,0,1.2,1.2,1.7,3.47,4,4,4,1,3,0,1,0,1.29,0.1,.000,0,0,28.0,0,0,1,0,1,1,0,0,0,0,0,0,-0.3,0.0
SP,Dean Stone,Dean,Stone,Dry Creek Craw Daddies,6' 4',205 lbs,L,L,77,Washington Senators,MIN,1954,1946-1960,CS,86164,Silver,Clubhouse - Baseball Reference 5  SP Dean Stone  WS1  1954,0,N,0,1,7,4,6,1,1,4,2,10,1,2,8,5,5,2,62,4,Normal,Normal,Normal,72,75,92,130,85,69,98,137,67,77,90,128,87,-,88,-,87,-,-,-,-,-,-,-,3,EX FB,90-92,3/4,Normal,81,60,-,-,-,23,20,22,23,5,5,9,50,-,-,-,-,-,-,-,-,50,-,-,-,-,-,-,-,-,5,4,6,5,,,0,0,0,0,0,0,0,0,0,0,0,0,0,0,0,0,0,0.0,0.00,0,-0.0,0.0,0.00,0,0,0.0,0.0,1,0,0,0,0,0,0,0.1,1,1,0,0,0,0,0,0,0,0,0,0,0,0,0,0,0,0,1,1,0,0.20,1,0,1,0,0,0.0,0.0,0.0,1.34,1,0,0,0,0,0,0,0,0.00,0.0,.000,0,0,0.1,0,0,0,0,0,0,0,0,0,0,0,0,0.0,0.0
SP,Dean Stone,Dean,Stone,Summerglen Seraphs TBD,6' 4',205 lbs,L,L,77,Washington Senators,MIN,1954,1946-1960,CS,86164,Silver,Clubhouse - Baseball Reference 5  SP Dean Stone  WS1  1954,0,N,0,1,7,4,6,1,1,4,2,10,1,2,8,5,5,2,62,4,Normal,Normal,Normal,72,75,92,130,85,69,98,137,67,77,90,128,87,-,88,-,87,-,-,-,-,-,-,-,3,EX FB,90-92,3/4,Normal,81,60,-,-,-,23,20,22,23,5,5,9,50,-,-,-,-,-,-,-,-,50,-,-,-,-,-,-,-,-,5,4,6,5,,,0,0,0,0,0,0,0,0,0,0,0,0,0,0,0,0,0,0.0,0.00,0,-0.0,0.0,0.00,0,0,0.0,0.0,3,0,0,0,1,3,0,5.0,19,19,4,0,0,0,0,0,0,0,5,0,0,0,0,0,0,0,1,0,0,1.17,71,4,6,0,0,0.3,0.2,0.3,2.05,3,0,2,1,1,0,0,0,3.60,0.1,1.079,0,0,5.0,0,0,0,0,0,0,1,1,0,0,0,0,0.0,0.0
SP,Sam Streeter,Sam,Streeter,Three Mile Island Atomic Isotopes,5' 7',170 lbs,R,L,96,Birmingham Black Barons,BBB,1924,1921-1945,,84538,Diamond,Negro League Star  SP Sam Streeter  BBB  1924,0,N,0,63,51,3,44,36,63,52,3,46,37,63,51,3,44,36,34,19,Normal,Normal,Normal,97,102,93,91,100,104,97,100,97,101,92,89,85,129,96,84,-,-,-,-,-,-,-,-,4,NEU,88-90,3/4,Normal,74,60,53,53,53,29,26,27,25,1,6,11,64,45,-,-,-,-,-,-,-,64,45,-,-,-,-,-,-,-,47,4,6,28,,,0,0,0,0,0,0,0,0,0,0,0,0,0,0,0,0,0,0.0,0.00,0,-0.0,0.0,0.00,0,0,0.0,0.0,1,1,1,0,0,0,0,8.0,32,30,8,1,0,0,3,3,2,0,8,0,0,0,0,0,0,2,0,0,0,1.34,109,8,5,1,0,0.1,0.4,0.2,3.18,1,1,0,0,0,0,0,0,0.00,-0.1,.000,1,0,8.0,0,0,0,0,0,0,0,0,0,0,0,0,0.0,0.0
SP,Brent Strom,Brent,Strom,Roaming Rascals BFF,6' 3',190 lbs,R,L,73,San Diego Padres,SDP,1975,1961-1979,LE,86685,Silver,Limited Edition/56  SP Brent Strom  SD  1975,0,N,0,1,4,1,3,2,1,7,1,5,2,1,4,1,3,2,53,3,Normal,Normal,Normal,80,91,103,115,89,118,82,118,77,85,114,114,79,94,118,-,-,-,-,-,-,-,-,-,3,FB,88-90,OTT,Normal,79,55,-,-,-,31,20,24,23,1,5,4,59,-,-,-,-,-,-,-,-,59,-,-,-,-,-,-,-,-,13,4,6,21,,,0,0,0,0,0,0,0,0,0,0,0,0,0,0,0,0,0,0.0,0.00,0,-0.0,0.0,0.00,0,0,0.0,0.0,4,0,0,0,0,0,0,2.1,11,11,2,1,0,1,2,2,0,0,2,0,0,0,0,0,0,0,4,5,3,0.19,53,2,3,0,0,-0.0,-0.1,-0.1,3.26,4,0,0,0,0,0,0,0,0.00,-0.7,.000,0,0,2.1,0,0,1,0,1,0,0,0,0,0,0,0,0.0,0.0
SP,Marcus Stroman,Marcus,Stroman,Svendborg Sailors,5' 7',180 lbs,R,R,98,Toronto Blue Jays,TOR,2017,2015+,CS,82919,Diamond,Clubhouse - World Baseball Classic  SP Marcus Stroman  USA  2017,0,N,0,2,5,3,2,1,2,6,3,3,1,2,5,3,2,1,29,38,Normal,Normal,Normal,64,129,94,125,63,131,91,128,65,127,96,123,66,73,85,56,73,-,70,-,-,-,-,-,6,EX GB,90-92,3/4,GB'er,69,63,-,-,-,35,20,26,23,9,3,7,65,-,-,-,-,-,-,-,-,65,-,-,-,-,-,-,-,-,5,4,6,5,,,0,0,0,0,0,0,0,0,0,0,0,0,0,0,0,0,0,0.0,0.00,0,-0.0,0.0,0.00,0,0,0.0,0.0,1,1,0,1,0,0,0,4.0,21,19,8,0,0,1,5,5,0,0,2,1,1,0,0,0,0,2,0,0,0,1.23,73,5,3,0,0,-0.4,-0.0,-0.2,4.57,1,1,1,1,0,0,0,0,2.25,0.1,1.079,0,0,4.0,0,0,1,1,0,0,0,0,0,0,0,0,0.0,0.0
SP,Dizzy Trout,Dizzy,Trout,Chicago Rat Finks - HotL,6' 0',195 lbs,R,R,97,Detroit Tigers,DET,1944,1921-1945,,85781,Diamond,Family Connections - Historical All-Star  SP Dizzy Trout  DET  1944,0,N,0,121,61,111,77,39,100,69,82,128,51,129,57,124,61,35,44,33,Groundball,Normal,Normal,91,85,94,127,85,77,49,135,96,91,136,117,97,82,87,-,99,-,-,92,-,95,80,-,7,NEU,91-93,3/4,Normal,104,84,-,-,-,35,15,31,43,3,5,3,64,-,-,-,-,-,-,-,-,64,-,-,-,-,-,-,-,-,53,42,67,59,,,0,0,0,0,0,0,0,0,0,0,0,0,0,0,0,0,0,0.0,0.00,0,-0.0,0.0,0.00,0,0,0.0,0.0,1,1,0,0,0,0,0,6.0,26,23,4,1,0,1,5,5,3,0,4,0,0,0,0,0,0,1,0,0,0,0.73,104,9,4,0,0,-0.3,-0.0,-0.1,5.11,1,1,0,0,0,0,0,0,0.00,0.0,.000,0,0,6.0,0,0,0,0,0,0,0,0,0,0,0,0,-0.1,0.0
SP,Dizzy Trout,Dizzy,Trout,Rajasthan Rifles Rifles,6' 0',195 lbs,R,R,97,Detroit Tigers,DET,1944,1921-1945,,85781,Diamond,Family Connections - Historical All-Star  SP Dizzy Trout  DET  1944,0,N,0,121,61,111,77,39,100,69,82,128,51,129,57,124,61,35,44,33,Groundball,Normal,Normal,91,85,94,127,85,77,49,135,96,91,136,117,97,82,87,-,99,-,-,92,-,95,80,-,7,NEU,91-93,3/4,Normal,104,84,-,-,-,35,15,31,43,3,5,3,64,-,-,-,-,-,-,-,-,64,-,-,-,-,-,-,-,-,53,42,67,59,,,0,0,0,0,0,0,0,0,0,0,0,0,0,0,0,0,0,0.0,0.00,0,-0.0,0.0,0.00,0,0,0.0,0.0,1,1,0,1,0,0,0,5.2,27,26,5,3,0,1,5,5,1,0,5,0,0,0,0,0,0,0,0,0,0,0.57,110,4,8,0,0,-0.3,0.1,-0.1,3.56,1,1,0,0,0,0,0,0,0.00,0.0,.000,0,0,5.2,0,0,0,0,0,0,0,0,0,0,0,0,0.0,0.0
SP,Dizzy Trout,Dizzy,Trout,Lowlyworm's Apple Car,6' 0',195 lbs,R,R,97,Detroit Tigers,DET,1944,1921-1945,,85781,Diamond,Family Connections - Historical All-Star  SP Dizzy Trout  DET  1944,0,N,0,121,61,111,77,39,100,69,82,128,51,129,57,124,61,35,44,33,Groundball,Normal,Normal,91,85,94,127,85,77,49,135,96,91,136,117,97,82,87,-,99,-,-,92,-,95,80,-,7,NEU,91-93,3/4,Normal,104,84,-,-,-,35,15,31,43,3,5,3,64,-,-,-,-,-,-,-,-,64,-,-,-,-,-,-,-,-,53,42,67,59,,,0,0,0,0,0,0,0,0,0,0,0,0,0,0,0,0,0,0.0,0.00,0,-0.0,0.0,0.00,0,0,0.0,0.0,2,2,0,1,0,0,0,14.1,53,49,5,2,0,2,4,3,3,0,12,1,0,0,0,1,0,2,0,0,0,1.02,228,13,15,0,0,0.4,0.2,0.6,3.32,2,2,2,2,0,0,0,0,1.26,0.1,1.079,0,0,14.1,0,0,1,1,0,0,0,0,0,0,0,0,0.0,0.0
SP,Steve Trout,Steve,Trout,Dry Creek Craw Daddies,6' 4',195 lbs,L,L,68,Chicago Cubs,CHC,1985,1980-1992,LE,85794,Bronze,Limited Edition/107  SP Steve Trout  CHC  1985,0,N,0,1,3,1,3,1,2,2,1,3,1,1,4,1,3,1,29,1,Normal,Spray,Spray,68,87,68,135,75,68,68,150,65,93,68,130,77,-,84,-,79,-,-,-,-,-,-,-,3,NEU,90-92,3/4,Normal,68,68,-,-,-,28,18,26,32,4,10,8,56,-,-,-,-,-,-,-,-,56,-,-,-,-,-,-,-,-,5,4,6,5,,,0,0,0,0,0,0,0,0,0,0,0,0,0,0,0,0,0,0.0,0.00,0,-0.0,0.0,0.00,0,0,0.0,0.0,1,0,0,0,0,1,0,5.0,18,18,4,1,0,0,0,0,0,0,2,0,0,0,0,0,0,0,0,1,0,2.78,67,6,5,0,1,0.8,0.3,0.6,4.33,1,0,1,1,0,0,0,0,1.80,0.4,1.079,1,1,5.0,0,0,1,1,0,0,0,0,0,0,0,0,0.0,0.0
SP,Steve Trout,Steve,Trout,AW Bees - GH,6' 4',195 lbs,L,L,68,Chicago Cubs,CHC,1985,1980-1992,LE,85794,Bronze,Limited Edition/107  SP Steve Trout  CHC  1985,0,N,0,1,3,1,3,1,2,2,1,3,1,1,4,1,3,1,29,1,Normal,Spray,Spray,68,87,68,135,75,68,68,150,65,93,68,130,77,-,84,-,79,-,-,-,-,-,-,-,3,NEU,90-92,3/4,Normal,68,68,-,-,-,28,18,26,32,4,10,8,56,-,-,-,-,-,-,-,-,56,-,-,-,-,-,-,-,-,5,4,6,5,,,0,0,0,0,0,0,0,0,0,0,0,0,0,0,0,0,0,0.0,0.00,0,-0.0,0.0,0.00,0,0,0.0,0.0,2,0,0,0,0,0,1,1.2,10,9,1,3,0,0,2,2,1,0,1,0,0,0,0,0,0,0,2,1,1,0.64,35,1,3,0,0,-0.1,0.0,-0.1,5.67,2,0,0,0,0,0,0,0,0.00,0.0,.000,0,0,1.2,0,0,0,0,0,0,0,0,0,0,0,0,0.0,0.0
SP,Bob Veale,Bob,Veale,Dubuque Packers,6' 6',210 lbs,S,L,89,Pittsburgh Pirates,PIT,1964,1961-1979,,82678,Gold,Hardware Heroes  SP Bob Veale  PIT  1964,0,N,0,38,16,3,33,14,46,23,3,45,8,36,14,4,30,17,59,6,Normal,Normal,Normal,90,50,75,117,122,54,107,151,82,49,64,110,72,-,99,105,-,-,-,-,-,-,-,-,3,GB,89-91,3/4,GB'er,86,57,-,-,-,24,14,20,23,10,4,9,44,-,-,-,-,-,-,-,-,44,-,-,-,-,-,-,-,-,7,4,6,10,,,0,0,0,0,0,0,0,0,0,0,0,0,0,0,0,0,0,0.0,0.00,0,-0.0,0.0,0.00,0,0,0.0,0.0,1,1,0,1,0,0,0,5.1,25,21,4,0,1,0,4,4,4,0,5,0,0,0,0,0,0,0,0,0,0,0.90,108,4,7,0,0,-0.2,0.1,-0.0,4.87,1,1,0,0,0,0,0,0,0.00,0.0,.000,0,0,5.1,0,0,0,0,0,0,0,0,0,0,0,0,-0.1,0.0
SP,Ed Walsh,Ed,Walsh,seebal Saeki,6' 1',195 lbs,R,R,87,Chicago White Sox,CHW,1906,2026,,83297,Gold,Snapshot  SP Ed Walsh  CWS  1906,0,N,0,16,74,5,39,20,13,93,8,28,13,18,68,4,43,23,43,17,Normal,Normal,Normal,95,82,71,77,96,82,60,78,94,82,80,77,77,98,125,-,-,-,-,-,-,69,-,-,4,GB,90-92,3/4,GB'er,80,65,-,-,-,34,37,34,31,3,6,9,79,-,-,-,-,-,-,-,-,79,-,-,-,-,-,-,-,-,63,61,73,59,,,0,0,0,0,0,0,0,0,0,0,0,0,0,0,0,0,0,0.0,0.00,0,-0.0,0.0,0.00,0,0,0.0,0.0,1,1,0,0,0,0,0,6.0,29,25,4,3,0,1,3,3,3,0,4,0,0,1,0,0,0,0,0,0,0,0.81,108,7,7,0,0,-0.1,-0.0,0.1,5.13,1,1,0,0,0,0,0,0,0.00,0.0,.000,0,0,6.0,0,0,0,0,0,0,0,0,0,0,0,0,-0.3,0.0
SP,Chien-Ming Wang,Chien-Ming,Wang,Altoona Mountain Citys,6' 4',225 lbs,R,R,68,Toronto Blue Jays,TOR,2013,2005-2014,CS,82765,Bronze,Clubhouse - World Baseball Classic  SP Chien-Ming Wang  TPE  2013,0,N,0,1,1,1,3,1,1,1,1,3,1,1,1,1,3,1,30,5,Normal,Normal,Normal,25,131,74,143,23,126,66,144,27,135,81,143,-,-,-,40,61,52,-,-,-,-,-,-,3,EX GB,89-91,3/4,GB'er,68,61,-,-,-,31,53,36,23,9,8,8,85,-,-,-,-,-,-,-,-,85,-,-,-,-,-,-,-,-,12,3,6,21,,,0,0,0,0,0,0,0,0,0,0,0,0,0,0,0,0,0,0.0,0.00,0,-0.0,0.0,0.00,0,0,0.0,0.0,1,1,0,1,0,0,0,7.2,28,26,1,2,0,0,1,1,1,0,1,0,0,1,0,0,0,0,0,0,0,0.86,92,11,11,0,0,0.2,0.2,0.5,5.96,1,1,1,1,0,0,0,0,1.17,0.1,1.079,0,0,7.2,0,0,1,1,0,0,0,0,0,0,0,0,-0.1,0.0
SP,Zack Wheeler,Zack,Wheeler,Roaming Rascals BFF,6' 4',195 lbs,L,R,79,New York Mets,NYM,2018,2015+,,86314,Silver,T4 Ep. 5 - Snapshot  SP Zack Wheeler  NYM  2018,0,Y,5,7,12,1,8,7,11,7,1,5,5,7,14,1,9,8,27,1,Normal,Normal,Normal,102,86,101,123,106,66,77,115,98,100,125,127,103,70,66,88,101,-,102,-,-,-,-,-,6,NEU,95-97,3/4,Normal,76,64,-,-,-,28,35,28,23,8,6,8,77,-,-,-,-,-,-,-,-,77,-,-,-,-,-,-,-,-,8,5,6,11,,,0,0,0,0,0,0,0,0,0,0,0,0,0,0,0,0,0,0.0,0.00,0,-0.0,0.0,0.00,0,0,0.0,0.0,3,0,0,0,0,1,1,3.2,20,19,4,1,1,2,5,5,1,0,5,0,0,0,0,0,0,0,2,0,0,0.94,82,3,3,0,0,0.1,-0.2,-0.3,2.95,3,0,0,0,0,0,0,0,0.00,0.0,.000,0,0,3.2,0,0,0,0,0,0,0,0,0,0,0,0,0.0,0.0
SP,Smokey Joe Williams,Smokey Joe,Williams,Junk Wax Heroes,6' 3',190 lbs,R,R,94,San Antonio Black Bronchos,SABB,1909,2026,,84548,Diamond,Negro League Star  SP Smokey Joe Williams  SABB  1909,0,N,0,83,80,85,65,55,83,80,86,66,57,83,80,85,65,55,40,17,Normal,Normal,Normal,102,89,94,85,99,85,91,93,104,92,96,79,78,117,100,95,-,-,-,-,-,-,-,-,4,NEU,89-91,3/4,Normal,75,60,1,1,1,29,27,27,25,53,59,65,66,-,52,-,-,-,-,-,56,66,-,52,-,-,-,-,-,56,26,3,12,29,1,1,2,2,0,0,0,0,0,0,0,0,0,0,0,0,0,1,0,0.0,-0.02,0,-0.5,-0.1,4.00,0,0,0.0,0.0,1,1,0,0,0,0,0,5.1,28,26,7,3,0,1,7,6,1,0,6,0,0,1,0,0,0,0,0,0,0,0.65,103,4,5,0,0,-0.3,0.1,-0.2,3.25,1,1,2,0,1,1,0,0,1.69,-0.5,.000,0,0,5.1,0,0,1,0,0,0,0,0,0,0,0,0,0.0,0.0
SP,Dontrelle Willis,Dontrelle,Willis,Chicago Gamblers - E6,6' 4',200 lbs,L,L,97,Florida Marlins,FLA,2005,2005-2014,CS,86794,Diamond,Clubhouse - Baseball Reference 8  SP Dontrelle Willis  FLO  2005,0,N,0,108,74,81,61,83,132,76,20,33,110,101,74,91,66,75,52,4,Groundball,Normal,Normal,97,133,87,137,160,165,74,158,84,122,92,130,112,103,-,91,-,-,79,-,-,-,-,-,4,NEU,90-92,3/4,Normal,93,108,-,-,-,33,13,23,23,9,3,3,54,-,-,-,-,-,-,-,-,54,-,-,-,-,-,-,-,-,37,4,6,34,,,0,0,0,0,0,0,0,0,0,0,0,0,0,0,0,0,0,0.0,0.00,0,-0.0,0.0,0.00,0,0,0.0,0.0,6,6,2,1,0,0,0,44.1,176,168,26,3,5,5,14,14,6,0,31,0,1,1,4,0,0,2,0,0,0,1.12,651,49,49,0,1,0.6,0.9,1.6,3.78,6,6,8,4,4,0,0,0,1.62,0.4,1.079,1,1,44.1,0,0,4,3,1,1,0,0,0,0,0,0,-0.3,0.0
SP,Dontrelle Willis,Dontrelle,Willis,Providence Friars - HotL,6' 4',200 lbs,L,L,97,Florida Marlins,FLA,2005,2005-2014,CS,86794,Diamond,Clubhouse - Baseball Reference 8  SP Dontrelle Willis  FLO  2005,0,N,0,108,74,81,61,83,132,76,20,33,110,101,74,91,66,75,52,4,Groundball,Normal,Normal,97,133,87,137,160,165,74,158,84,122,92,130,112,103,-,91,-,-,79,-,-,-,-,-,4,NEU,90-92,3/4,Normal,93,108,-,-,-,33,13,23,23,9,3,3,54,-,-,-,-,-,-,-,-,54,-,-,-,-,-,-,-,-,37,4,6,34,,,0,0,0,0,0,0,0,0,0,0,0,0,0,0,0,0,0,0.0,0.00,0,-0.0,0.0,0.00,0,0,0.0,0.0,3,3,0,2,0,0,0,16.2,80,71,15,2,0,4,17,9,7,0,18,2,0,0,0,0,0,2,0,0,0,1.07,338,15,14,0,0,-0.7,-0.1,-0.5,3.71,3,3,5,4,0,1,0,0,2.16,-0.7,.719,0,0,16.2,0,0,4,2,2,1,0,0,0,0,0,0,0.0,0.0
SP,Dontrelle Willis,Dontrelle,Willis,Summerglen Seraphs TBD,6' 4',200 lbs,L,L,97,Florida Marlins,FLA,2005,2005-2014,CS,86794,Diamond,Clubhouse - Baseball Reference 8  SP Dontrelle Willis  FLO  2005,0,N,0,108,74,81,61,83,132,76,20,33,110,101,74,91,66,75,52,4,Groundball,Normal,Normal,97,133,87,137,160,165,74,158,84,122,92,130,112,103,-,91,-,-,79,-,-,-,-,-,4,NEU,90-92,3/4,Normal,93,108,-,-,-,33,13,23,23,9,3,3,54,-,-,-,-,-,-,-,-,54,-,-,-,-,-,-,-,-,37,4,6,34,,,0,0,0,0,0,0,0,0,0,0,0,0,0,0,0,0,0,0.0,0.00,0,-0.0,0.0,0.00,0,0,0.0,0.0,1,1,0,1,0,0,0,3.2,20,18,5,2,0,1,5,5,1,0,4,1,0,0,1,0,0,0,0,0,0,1.05,67,2,4,0,0,-0.4,-0.0,-0.2,3.57,1,1,0,0,0,0,0,0,0.00,0.0,.000,0,0,3.2,0,0,0,0,0,0,0,0,0,0,0,0,0.0,0.0
SP,C.J. Wilson,C.J.,Wilson,Shibuya Shredders - GH,6' 1',210 lbs,L,L,87,Texas Rangers,TEX,2011,2005-2014,BBR,86212,Gold,Obscure All-Stars - Baseball Reference 5  SP C.J. Wilson  TEX  2011,0,Y,5,1,7,1,5,1,1,7,1,5,1,1,7,1,5,4,24,1,Normal,Spray,Spray,117,87,93,108,140,76,55,137,110,90,103,103,97,90,88,94,100,-,114,-,-,-,-,-,6,GB,90-92,OTT,GB'er,77,54,-,-,-,30,16,23,23,10,8,1,58,-,-,-,-,-,-,-,-,58,-,-,-,-,-,-,-,-,11,5,6,16,,,0,0,0,0,0,0,0,0,0,0,0,0,0,0,0,0,0,0.0,0.00,0,-0.0,0.0,0.00,0,0,0.0,0.0,2,2,2,0,0,0,0,13.2,55,49,9,1,0,0,2,2,5,0,14,1,0,0,0,0,0,2,0,0,0,1.07,213,16,9,0,0,0.6,0.5,0.8,3.50,2,2,1,1,0,0,0,0,0.66,0.1,1.079,0,0,13.2,0,0,1,1,0,0,0,0,0,0,0,0,0.0,0.0
SP,Whit Wyatt,Whit,Wyatt,Arkham Horrors,6' 1',185 lbs,R,R,68,Brooklyn Dodgers,LAD,1939,1921-1945,,83874,Bronze,Historical All-Star  SP Whit Wyatt  BRO  1939,0,N,0,17,35,3,35,11,19,35,2,47,16,17,35,4,31,10,60,1,Normal,Spray,Spray,81,69,69,79,83,66,70,80,79,73,67,79,73,-,94,100,-,-,-,-,-,-,-,-,3,NEU,91-93,OTT,Normal,80,33,-,-,-,29,20,24,23,8,1,6,57,-,-,-,-,-,-,-,-,57,-,-,-,-,-,-,-,-,17,5,6,29,,,0,0,0,0,0,0,0,0,0,0,0,0,0,0,0,0,0,0.0,0.00,0,-0.0,0.0,0.00,0,0,0.0,0.0,1,1,0,1,0,0,0,5.1,25,25,4,2,0,3,5,5,0,0,4,0,0,0,0,0,0,0,0,0,0,0.55,100,4,8,0,0,-0.2,-0.2,-0.1,3.49,1,1,0,0,0,0,0,0,0.00,0.0,.000,0,0,5.1,0,0,0,0,0,0,0,0,0,0,0,0,-0.1,0.0
SP,Barry Zito,Barry,Zito,Great Lakes Man-of-War-HOTL,6' 2',205 lbs,L,L,92,Oakland Athletics,OAK,2003,1993-2004,PTCS,86296,Diamond,PTCS 4 - Snapshot  SP Barry Zito  ATH  2003,0,N,0,3,6,1,6,3,3,6,1,3,3,3,6,1,7,3,29,1,Normal,Normal,Normal,77,85,155,132,81,90,148,129,76,84,157,133,66,90,118,-,78,-,-,-,-,-,-,-,4,EX FB,87-89,3/4,Normal,92,60,-,-,-,35,30,29,23,8,4,5,76,-,-,-,-,-,-,-,-,76,-,-,-,-,-,-,-,-,5,3,6,5,,,0,0,0,0,0,0,0,0,0,0,0,0,0,0,0,0,0,0.0,0.00,0,-0.0,0.0,0.00,0,0,0.0,0.0,1,1,0,0,0,0,0,7.0,26,24,5,0,0,0,1,1,1,0,7,0,0,1,0,0,0,0,0,0,0,1.25,109,8,5,0,1,0.3,0.4,0.4,2.73,1,1,1,1,0,0,0,0,1.29,0.4,1.079,1,1,7.0,0,0,1,1,0,0,0,0,0,0,0,0,0.1,0.0
SP,Barry Zito,Barry,Zito,Sydney Whalers,6' 2',205 lbs,L,L,92,Oakland Athletics,OAK,2003,1993-2004,PTCS,86296,Diamond,PTCS 4 - Snapshot  SP Barry Zito  ATH  2003,0,N,0,3,6,1,6,3,3,6,1,3,3,3,6,1,7,3,29,1,Normal,Normal,Normal,77,85,155,132,81,90,148,129,76,84,157,133,66,90,118,-,78,-,-,-,-,-,-,-,4,EX FB,87-89,3/4,Normal,92,60,-,-,-,35,30,29,23,8,4,5,76,-,-,-,-,-,-,-,-,76,-,-,-,-,-,-,-,-,5,3,6,5,,,0,0,0,0,0,0,0,0,0,0,0,0,0,0,0,0,0,0.0,0.00,0,-0.0,0.0,0.00,0,0,0.0,0.0,1,1,0,1,0,0,0,3.1,17,15,2,1,1,1,6,6,2,0,1,0,0,0,0,0,0,0,0,0,0,0.85,57,4,5,0,0,-0.4,-0.1,-0.3,6.60,1,1,0,0,0,0,0,0,0.00,0.0,.000,0,0,3.1,0,0,0,0,0,0,0,0,0,0,0,0,0.0,0.0
SP,Barry Zito,Barry,Zito,Charlotte Hellcats GH,6' 2',205 lbs,L,L,92,Oakland Athletics,OAK,2003,1993-2004,PTCS,86296,Diamond,PTCS 4 - Snapshot  SP Barry Zito  ATH  2003,0,N,0,3,6,1,6,3,3,6,1,3,3,3,6,1,7,3,29,1,Normal,Normal,Normal,77,85,155,132,81,90,148,129,76,84,157,133,66,90,118,-,78,-,-,-,-,-,-,-,4,EX FB,87-89,3/4,Normal,92,60,-,-,-,35,30,29,23,8,4,5,76,-,-,-,-,-,-,-,-,76,-,-,-,-,-,-,-,-,5,3,6,5,,,0,0,0,0,0,0,0,0,0,0,0,0,0,0,0,0,0,0.0,0.00,0,-0.0,0.0,0.00,0,0,0.0,0.0,4,4,3,0,0,0,0,27.2,111,101,13,3,1,3,9,9,7,0,23,1,0,2,1,1,0,1,0,0,0,0.85,434,26,33,3,0,0.4,0.5,1.0,3.65,4,4,1,1,0,0,0,0,0.33,-0.4,1.079,3,0,27.2,0,0,1,1,0,0,0,0,0,0,0,0,0.0,0.0
SP,Barry Zito,Barry,Zito,Castroville Mashers - JW,6' 2',205 lbs,L,L,92,Oakland Athletics,OAK,2003,1993-2004,PTCS,86296,Diamond,PTCS 4 - Snapshot  SP Barry Zito  ATH  2003,0,N,0,3,6,1,6,3,3,6,1,3,3,3,6,1,7,3,29,1,Normal,Normal,Normal,77,85,155,132,81,90,148,129,76,84,157,133,66,90,118,-,78,-,-,-,-,-,-,-,4,EX FB,87-89,3/4,Normal,92,60,-,-,-,35,30,29,23,8,4,5,76,-,-,-,-,-,-,-,-,76,-,-,-,-,-,-,-,-,5,3,6,5,,,0,0,0,0,0,0,0,0,0,0,0,0,0,0,0,0,0,0.0,0.00,0,-0.0,0.0,0.00,0,0,0.0,0.0,1,1,0,0,0,0,0,6.1,28,24,3,0,1,2,4,4,2,0,3,2,0,0,0,0,0,0,0,0,0,1.11,106,6,9,2,0,-0.1,-0.2,0.0,5.28,1,1,0,0,0,0,0,0,0.00,-0.3,.000,2,0,6.1,0,0,0,0,0,0,0,0,0,0,0,0,0.0,0.0
SP,Barry Zito,Barry,Zito,Shibuya Shredders - GH,6' 2',205 lbs,L,L,92,Oakland Athletics,OAK,2003,1993-2004,PTCS,86296,Diamond,PTCS 4 - Snapshot  SP Barry Zito  ATH  2003,0,N,0,3,6,1,6,3,3,6,1,3,3,3,6,1,7,3,29,1,Normal,Normal,Normal,77,85,155,132,81,90,148,129,76,84,157,133,66,90,118,-,78,-,-,-,-,-,-,-,4,EX FB,87-89,3/4,Normal,92,60,-,-,-,35,30,29,23,8,4,5,76,-,-,-,-,-,-,-,-,76,-,-,-,-,-,-,-,-,5,3,6,5,,,0,0,0,0,0,0,0,0,0,0,0,0,0,0,0,0,0,0.0,0.00,0,-0.0,0.0,0.00,0,0,0.0,0.0,4,4,2,1,0,0,0,26.0,112,101,17,7,1,1,13,13,10,0,24,0,0,1,3,0,0,3,0,0,0,1.20,423,18,34,2,0,0.1,0.8,0.4,3.76,4,4,3,2,1,0,0,0,1.04,-0.1,1.079,2,0,26.0,0,0,1,1,1,1,0,0,0,0,0,0,-0.7,0.0
SP,Barry Zito,Barry,Zito,AW Bees - GH,6' 2',205 lbs,L,L,92,Oakland Athletics,OAK,2003,1993-2004,PTCS,86296,Diamond,PTCS 4 - Snapshot  SP Barry Zito  ATH  2003,0,N,0,3,6,1,6,3,3,6,1,3,3,3,6,1,7,3,29,1,Normal,Normal,Normal,77,85,155,132,81,90,148,129,76,84,157,133,66,90,118,-,78,-,-,-,-,-,-,-,4,EX FB,87-89,3/4,Normal,92,60,-,-,-,35,30,29,23,8,4,5,76,-,-,-,-,-,-,-,-,76,-,-,-,-,-,-,-,-,5,3,6,5,,,0,0,0,0,0,0,0,0,0,0,0,0,0,0,0,0,0,0.0,0.00,0,-0.0,0.0,0.00,0,0,0.0,0.0,4,0,0,1,0,1,0,8.1,38,31,2,2,1,1,5,5,7,0,12,0,0,0,0,0,0,0,3,0,0,1.08,181,7,6,0,0,0.1,0.0,-0.0,3.67,4,0,0,0,0,0,0,0,0.00,0.0,.000,0,0,8.1,0,0,0,0,0,0,0,0,0,0,0,0,-0.1,0.0
SP,Barry Zito,Barry,Zito,Oysters Incognito,6' 2',205 lbs,L,L,92,Oakland Athletics,OAK,2003,1993-2004,PTCS,86296,Diamond,PTCS 4 - Snapshot  SP Barry Zito  ATH  2003,0,N,0,3,6,1,6,3,3,6,1,3,3,3,6,1,7,3,29,1,Normal,Normal,Normal,77,85,155,132,81,90,148,129,76,84,157,133,66,90,118,-,78,-,-,-,-,-,-,-,4,EX FB,87-89,3/4,Normal,92,60,-,-,-,35,30,29,23,8,4,5,76,-,-,-,-,-,-,-,-,76,-,-,-,-,-,-,-,-,5,3,6,5,,,0,0,0,0,0,0,0,0,0,0,0,0,0,0,0,0,0,0.0,0.00,0,-0.0,0.0,0.00,0,0,0.0,0.0,1,1,0,0,0,0,0,8.0,31,28,4,0,0,0,1,1,3,0,3,0,0,0,0,0,0,0,0,0,0,0.89,114,10,11,0,0,0.4,0.2,0.5,5.72,1,1,1,1,0,0,0,0,1.12,0.1,1.079,0,0,8.0,0,0,1,1,0,0,0,0,0,0,0,0,0.0,0.0
RP,Fernando Abad,Fernando,Abad,Oslo Nordiques,6' 1',235 lbs,L,L,79,Oakland Athletics,OAK,2014,2005-2014,,83268,Silver,Snapshot  RP Fernando Abad  ATH  2014,0,N,0,1,3,1,3,1,1,3,1,3,1,1,3,1,3,1,27,37,Normal,Normal,Normal,77,73,144,72,79,70,143,72,76,75,145,72,56,100,77,-,80,-,-,-,-,-,-,-,4,EX FB,89-91,OTT,Normal,16,57,-,-,-,29,20,24,23,3,10,6,57,-,-,-,-,-,-,-,-,57,-,-,-,-,-,-,-,-,5,5,6,6,,,0,0,0,0,0,0,0,0,0,0,0,0,0,0,0,0,0,0.0,0.00,0,-0.0,0.0,0.00,0,0,0.0,0.0,2,0,0,0,0,1,1,1.2,6,6,0,1,0,0,0,0,0,0,0,0,0,0,0,0,0,0,1,4,2,1.07,25,2,3,0,0,-0.0,0.0,0.1,6.27,2,0,0,0,0,0,0,0,0.00,0.0,.000,0,0,1.2,0,0,0,0,0,0,0,0,0,0,0,0,0.0,0.0
RP,Fernando Abad,Fernando,Abad,Dubuque Packers,6' 1',235 lbs,L,L,79,Oakland Athletics,OAK,2014,2005-2014,,83268,Silver,Snapshot  RP Fernando Abad  ATH  2014,0,N,0,1,3,1,3,1,1,3,1,3,1,1,3,1,3,1,27,37,Normal,Normal,Normal,77,73,144,72,79,70,143,72,76,75,145,72,56,100,77,-,80,-,-,-,-,-,-,-,4,EX FB,89-91,OTT,Normal,16,57,-,-,-,29,20,24,23,3,10,6,57,-,-,-,-,-,-,-,-,57,-,-,-,-,-,-,-,-,5,5,6,6,,,0,0,0,0,0,0,0,0,0,0,0,0,0,0,0,0,0,0.0,0.00,0,-0.0,0.0,0.00,0,0,0.0,0.0,2,0,0,0,0,0,0,3.0,12,11,1,0,0,1,2,2,1,0,1,0,0,0,0,0,0,0,0,0,0,0.24,52,2,6,0,0,0.0,-0.1,-0.0,5.48,2,0,1,0,1,0,0,0,3.00,0.0,.000,0,0,3.0,0,0,1,1,0,0,0,0,0,0,0,0,0.0,0.0
RP,Fernando Abad,Fernando,Abad,Jeju City Foxes,6' 1',235 lbs,L,L,79,Oakland Athletics,OAK,2014,2005-2014,,83268,Silver,Snapshot  RP Fernando Abad  ATH  2014,0,N,0,1,3,1,3,1,1,3,1,3,1,1,3,1,3,1,27,37,Normal,Normal,Normal,77,73,144,72,79,70,143,72,76,75,145,72,56,100,77,-,80,-,-,-,-,-,-,-,4,EX FB,89-91,OTT,Normal,16,57,-,-,-,29,20,24,23,3,10,6,57,-,-,-,-,-,-,-,-,57,-,-,-,-,-,-,-,-,5,5,6,6,,,0,0,0,0,0,0,0,0,0,0,0,0,0,0,0,0,0,0.0,0.00,0,-0.0,0.0,0.00,0,0,0.0,0.0,1,0,0,0,0,0,0,2.1,11,10,1,2,0,0,0,0,1,0,3,0,0,0,0,0,0,0,1,1,1,0.14,44,2,2,0,0,-0.0,0.1,0.1,3.12,1,0,0,0,0,0,0,0,0.00,0.0,.000,0,0,2.1,0,0,0,0,0,0,0,0,0,0,0,0,0.0,0.0
RP,Rick Aguilera,Rick,Aguilera,Winnipeg Golden Knights,6' 5',205 lbs,R,R,76,Minnesota Twins,MIN,1990,1980-1992,,83245,Silver,Snapshot  CL Rick Aguilera  MIN  1990,0,Y,5,1,5,1,5,1,1,5,1,5,1,1,5,1,5,1,22,12,Normal,Pull,Pull,106,100,83,76,108,100,83,85,104,101,84,69,58,117,86,73,-,103,-,-,-,-,-,-,5,EX FB,89-91,3/4,Normal,19,115,-,-,-,28,63,38,23,3,7,8,95,-,-,-,-,-,-,-,-,95,-,-,-,-,-,-,-,-,5,4,6,5,,,0,0,0,0,0,0,0,0,0,0,0,0,0,0,0,0,0,0.0,0.00,0,-0.0,0.0,0.00,0,0,0.0,0.0,1,0,0,0,0,1,0,3.1,12,12,1,1,0,0,0,0,0,0,5,0,0,0,0,0,0,0,0,1,0,2.24,56,3,2,0,0,0.4,0.3,0.3,0.64,1,0,0,0,0,0,0,0,0.00,0.0,.000,0,0,3.1,0,0,0,0,0,0,0,0,0,0,0,0,0.0,0.0
RP,Jose Alvarado,Jose,Alvarado,Montrose Cobblers,6' 2',245 lbs,L,L,96,Tampa Bay Rays,TBD,2018,2015+,,85446,Diamond,May Birthdays - Snapshot  RP Jose Alvarado  TB  2018,0,N,0,6,3,1,3,1,6,3,1,3,1,7,3,1,3,2,25,32,Normal,Normal,Normal,120,51,98,146,116,50,95,123,121,52,99,150,-,-,111,-,128,-,120,-,-,-,-,-,3,GB,96-98,3/4,GB'er,16,68,-,-,-,27,20,23,23,9,5,7,55,-,43,-,-,-,-,-,-,55,-,43,-,-,-,-,-,-,10,4,6,15,,,0,0,0,0,0,0,0,0,0,0,0,0,0,0,0,0,0,0.0,0.00,0,-0.0,0.0,0.00,0,0,0.0,0.0,7,0,1,1,1,2,2,5.2,25,22,3,1,0,1,4,4,3,1,5,0,0,0,0,0,0,0,4,4,1,1.15,87,4,8,0,0,-0.4,-0.0,-0.1,4.33,7,0,2,1,1,0,0,0,3.18,0.1,1.079,0,0,5.2,0,0,0,0,1,1,0,0,0,0,0,0,0.0,0.0
RP,Wilson Alvarez,Wilson,Alvarez,Genericsville Generics,6' 1',225 lbs,L,L,59,Chicago White Sox,CHW,1994,1993-2004,,83868,Iron,Historical All-Star  SP Wilson Alvarez  CWS  1994,0,Y,5,1,4,1,4,1,1,4,1,4,1,1,5,1,5,1,29,12,Normal,Normal,Normal,71,69,103,80,68,73,108,101,72,68,101,75,52,79,81,80,-,-,-,-,-,-,-,-,4,EX FB,88-90,3/4,Normal,77,92,-,-,-,35,37,32,23,5,5,4,85,-,-,-,-,-,-,-,-,85,-,-,-,-,-,-,-,-,9,5,6,13,,,0,0,0,0,0,0,0,0,0,0,0,0,0,0,0,0,0,0.0,0.00,0,-0.0,0.0,0.00,0,0,0.0,0.0,2,0,0,0,0,2,0,1.1,5,5,0,0,0,0,0,0,0,0,3,0,0,0,0,0,0,0,0,1,0,2.18,20,0,1,0,0,0.2,0.1,0.1,-2.40,2,0,0,0,0,0,0,0,0.00,0.0,.000,0,0,1.1,0,0,0,0,0,0,0,0,0,0,0,0,0.0,0.0
RP,Shawn Armstrong,Shawn,Armstrong,Winnipeg Golden Knights,6' 2',225 lbs,R,R,88,Tampa Bay Rays,TBD,2023,2015+,,83303,Gold,Snapshot  RP Shawn Armstrong  TB  2023,0,N,0,1,3,1,3,1,1,3,1,3,1,1,3,1,3,1,21,28,Normal,Normal,Normal,70,90,92,129,67,90,83,116,73,91,99,145,52,-,-,82,77,-,79,-,-,-,-,-,4,EX FB,93-95,3/4,Normal,14,115,-,-,-,27,20,23,23,1,7,8,55,-,-,-,-,-,-,-,-,55,-,-,-,-,-,-,-,-,5,5,6,6,,,0,0,0,0,0,0,0,0,0,0,0,0,0,0,0,0,0,0.0,0.00,0,-0.0,0.0,0.00,0,0,0.0,0.0,2,0,1,0,0,0,0,2.1,9,9,2,0,0,0,0,0,0,0,4,0,0,0,0,0,0,0,1,0,0,0.59,25,1,2,0,0,0.1,0.1,0.1,-0.27,2,0,0,0,0,0,0,0,0.00,0.0,.000,0,0,2.1,0,0,0,0,0,0,0,0,0,0,0,0,-0.1,0.0
RP,Shawn Armstrong,Shawn,Armstrong,Three Mile Island Atomic Isotopes,6' 2',225 lbs,R,R,88,Tampa Bay Rays,TBD,2023,2015+,,83303,Gold,Snapshot  RP Shawn Armstrong  TB  2023,0,N,0,1,3,1,3,1,1,3,1,3,1,1,3,1,3,1,21,28,Normal,Normal,Normal,70,90,92,129,67,90,83,116,73,91,99,145,52,-,-,82,77,-,79,-,-,-,-,-,4,EX FB,93-95,3/4,Normal,14,115,-,-,-,27,20,23,23,1,7,8,55,-,-,-,-,-,-,-,-,55,-,-,-,-,-,-,-,-,5,5,6,6,,,0,0,0,0,0,0,0,0,0,0,0,0,0,0,0,0,0,0.0,0.00,0,-0.0,0.0,0.00,0,0,0.0,0.0,1,0,0,0,0,0,0,0.2,3,2,0,0,0,0,0,0,1,0,1,0,0,0,0,0,0,0,0,2,0,1.27,17,0,1,0,0,0.0,-0.0,0.0,4.48,1,0,0,0,0,0,0,0,0.00,0.0,.000,0,0,0.2,0,0,0,0,0,0,0,0,0,0,0,0,0.0,0.0
RP,Shawn Armstrong,Shawn,Armstrong,Youngstown Ironmen,6' 2',225 lbs,R,R,88,Tampa Bay Rays,TBD,2023,2015+,,83303,Gold,Snapshot  RP Shawn Armstrong  TB  2023,0,N,0,1,3,1,3,1,1,3,1,3,1,1,3,1,3,1,21,28,Normal,Normal,Normal,70,90,92,129,67,90,83,116,73,91,99,145,52,-,-,82,77,-,79,-,-,-,-,-,4,EX FB,93-95,3/4,Normal,14,115,-,-,-,27,20,23,23,1,7,8,55,-,-,-,-,-,-,-,-,55,-,-,-,-,-,-,-,-,5,5,6,6,,,0,0,0,0,0,0,0,0,0,0,0,0,0,0,0,0,0,0.0,0.00,0,-0.0,0.0,0.00,0,0,0.0,0.0,3,0,0,1,1,1,1,4.1,18,15,3,0,0,0,2,2,3,0,2,0,0,0,0,0,0,1,1,2,0,1.56,61,2,8,0,0,-0.0,0.0,0.1,6.05,3,0,1,1,0,0,1,0,2.08,0.3,.000,0,0,4.1,0,0,1,1,0,0,0,0,0,0,0,0,0.0,0.0
RP,Shawn Armstrong,Shawn,Armstrong,New York Jackhammers,6' 2',225 lbs,R,R,88,Tampa Bay Rays,TBD,2023,2015+,,83303,Gold,Snapshot  RP Shawn Armstrong  TB  2023,0,N,0,1,3,1,3,1,1,3,1,3,1,1,3,1,3,1,21,28,Normal,Normal,Normal,70,90,92,129,67,90,83,116,73,91,99,145,52,-,-,82,77,-,79,-,-,-,-,-,4,EX FB,93-95,3/4,Normal,14,115,-,-,-,27,20,23,23,1,7,8,55,-,-,-,-,-,-,-,-,55,-,-,-,-,-,-,-,-,5,5,6,6,,,0,0,0,0,0,0,0,0,0,0,0,0,0,0,0,0,0,0.0,0.00,0,-0.0,0.0,0.00,0,0,0.0,0.0,3,0,1,0,1,1,1,4.2,19,17,2,0,0,2,2,2,2,0,1,0,0,0,0,0,0,1,0,2,1,1.08,71,7,5,0,0,-0.1,-0.3,0.1,6.35,3,0,0,0,0,0,0,0,0.00,0.0,.000,0,0,4.2,0,0,0,0,0,0,0,0,0,0,0,0,-0.1,0.0
RP,Shawn Armstrong,Shawn,Armstrong,Rajasthan Rifles Rifles,6' 2',225 lbs,R,R,88,Tampa Bay Rays,TBD,2023,2015+,,83303,Gold,Snapshot  RP Shawn Armstrong  TB  2023,0,N,0,1,3,1,3,1,1,3,1,3,1,1,3,1,3,1,21,28,Normal,Normal,Normal,70,90,92,129,67,90,83,116,73,91,99,145,52,-,-,82,77,-,79,-,-,-,-,-,4,EX FB,93-95,3/4,Normal,14,115,-,-,-,27,20,23,23,1,7,8,55,-,-,-,-,-,-,-,-,55,-,-,-,-,-,-,-,-,5,5,6,6,,,0,0,0,0,0,0,0,0,0,0,0,0,0,0,0,0,0,0.0,0.00,0,-0.0,0.0,0.00,0,0,0.0,0.0,1,0,1,0,0,1,0,2.2,10,9,0,1,0,0,0,0,1,1,4,0,0,0,0,0,0,0,1,1,0,2.98,39,2,2,0,0,0.5,0.3,0.3,1.72,1,0,0,0,0,0,0,0,0.00,0.0,.000,0,0,2.2,0,0,0,0,0,0,0,0,0,0,0,0,0.0,0.0
RP,Shawn Armstrong,Shawn,Armstrong,Genericsville Generics,6' 2',225 lbs,R,R,88,Tampa Bay Rays,TBD,2023,2015+,,83303,Gold,Snapshot  RP Shawn Armstrong  TB  2023,0,N,0,1,3,1,3,1,1,3,1,3,1,1,3,1,3,1,21,28,Normal,Normal,Normal,70,90,92,129,67,90,83,116,73,91,99,145,52,-,-,82,77,-,79,-,-,-,-,-,4,EX FB,93-95,3/4,Normal,14,115,-,-,-,27,20,23,23,1,7,8,55,-,-,-,-,-,-,-,-,55,-,-,-,-,-,-,-,-,5,5,6,6,,,0,0,0,0,0,0,0,0,0,0,0,0,0,0,0,0,0,0.0,0.00,0,-0.0,0.0,0.00,0,0,0.0,0.0,2,0,0,0,0,0,1,1.1,6,6,2,0,0,1,1,1,0,0,0,0,0,0,0,0,0,0,0,1,1,1.38,25,1,2,0,0,-0.2,-0.2,-0.0,6.27,2,0,0,0,0,0,0,0,0.00,0.0,.000,0,0,1.1,0,0,0,0,0,0,0,0,0,0,0,0,-0.1,0.0
RP,Shawn Armstrong,Shawn,Armstrong,Jeju City Foxes,6' 2',225 lbs,R,R,88,Tampa Bay Rays,TBD,2023,2015+,,83303,Gold,Snapshot  RP Shawn Armstrong  TB  2023,0,N,0,1,3,1,3,1,1,3,1,3,1,1,3,1,3,1,21,28,Normal,Normal,Normal,70,90,92,129,67,90,83,116,73,91,99,145,52,-,-,82,77,-,79,-,-,-,-,-,4,EX FB,93-95,3/4,Normal,14,115,-,-,-,27,20,23,23,1,7,8,55,-,-,-,-,-,-,-,-,55,-,-,-,-,-,-,-,-,5,5,6,6,,,0,0,0,0,0,0,0,0,0,0,0,0,0,0,0,0,0,0.0,0.00,0,-0.0,0.0,0.00,0,0,0.0,0.0,4,0,0,0,0,1,1,2.1,13,12,4,0,0,1,4,4,1,0,1,0,0,0,0,0,0,0,1,3,3,1.39,45,4,2,0,0,-0.1,-0.2,-0.3,5.69,3,0,1,1,0,0,0,0,3.86,0.1,1.079,0,0,2.1,0,0,1,1,0,0,0,0,0,0,0,0,0.0,0.0
RP,Andrew Bailey,Andrew,Bailey,Toronto Terns PCK,6' 3',240 lbs,R,R,94,Oakland Athletics,OAK,2009,2005-2014,CS,85192,Diamond,Clubhouse - Y&O 1 - Hardware Heroes  CL Andrew Bailey  ATH  2009,0,N,0,11,3,1,3,1,14,3,1,3,1,11,3,1,3,1,28,17,Normal,Normal,Normal,125,91,137,108,117,82,156,77,132,99,121,125,121,-,117,-,-,-,121,-,-,-,-,-,3,FB,93-95,OTT,Normal,21,109,-,-,-,27,20,23,23,8,1,1,55,-,-,-,-,-,-,-,-,55,-,-,-,-,-,-,-,-,10,3,6,15,,,0,0,0,0,0,0,0,0,0,0,0,0,0,0,0,0,0,0.0,0.00,0,-0.0,0.0,0.00,0,0,0.0,0.0,2,0,0,1,0,0,1,3.0,11,10,0,0,0,1,1,1,0,0,2,1,0,0,0,1,0,0,2,2,0,0.88,36,4,3,0,0,-0.1,-0.1,0.1,3.36,2,0,0,0,0,0,0,0,0.00,0.0,.000,0,0,3.0,0,0,0,0,0,0,0,0,0,0,0,0,0.0,0.0
RP,Antonio Bastardo,Antonio,Bastardo,Wilson Horns,5' 11',205 lbs,R,L,85,Philadelphia Phillies,PHI,2011,2005-2014,BBR,86768,Gold,September Stars - Baseball Reference 8  RP Antonio Bastardo  PHI  2011,0,N,0,1,3,1,3,1,1,3,1,3,1,1,3,1,3,1,24,1,Normal,Normal,Normal,149,46,189,82,190,30,155,86,135,52,200,82,123,-,-,128,-,-,-,-,-,-,-,-,2,EX FB,93-95,OTT,Normal,11,62,-,-,-,27,20,23,23,7,3,3,55,-,-,-,-,-,-,-,-,55,-,-,-,-,-,-,-,-,8,3,6,12,,,0,0,0,0,0,0,0,0,0,0,0,0,0,0,0,0,0,0.0,0.00,0,-0.0,0.0,0.00,0,0,0.0,0.0,1,0,0,0,0,0,0,0.1,1,1,0,0,0,0,0,0,0,0,0,0,0,0,0,0,0,0,1,2,0,0.30,4,0,1,0,0,0.0,0.0,0.0,1.34,1,0,0,0,0,0,0,0,0.00,0.0,.000,0,0,0.1,0,0,0,0,0,0,0,0,0,0,0,0,0.0,0.0
RP,Brandon Beachy,Brandon,Beachy,NoseKerim Astea Kerim,6' 2',220 lbs,R,R,67,Atlanta Braves,ATL,2012,2005-2014,LE,86684,Bronze,Limited Edition/81  SP Brandon Beachy  ATL  2012,0,N,0,3,4,1,4,1,3,4,1,4,2,3,4,1,4,1,29,1,Normal,Spray,Spray,75,68,150,107,75,50,155,150,75,79,146,75,90,82,65,86,-,-,-,-,-,-,-,-,4,FB,90-92,OTT,Normal,64,52,-,-,-,27,20,23,23,10,7,7,55,-,-,-,-,-,-,-,-,55,-,-,-,-,-,-,-,-,17,5,6,30,,,0,0,0,0,0,0,0,0,0,0,0,0,0,0,0,0,0,0.0,0.00,0,-0.0,0.0,0.00,0,0,0.0,0.0,4,0,0,0,0,2,0,8.2,38,35,6,2,0,1,3,3,3,0,6,0,0,0,0,0,0,0,1,1,0,0.75,146,10,10,0,0,0.3,0.0,0.2,4.56,4,0,1,1,0,0,0,0,1.04,0.1,1.079,0,0,8.2,0,0,1,1,0,0,0,0,0,0,0,0,0.0,0.0
RP,Joe Beggs,Joe,Beggs,Chicago Rat Finks - HotL,6' 1',180 lbs,R,R,89,Cincinnati Reds,CIN,1940,1921-1945,,86762,Gold,T4 Ep. 9 - Baseball Reference 8  RP Joe Beggs  CIN  1940,0,N,0,2,3,1,3,2,2,3,1,3,2,2,3,1,3,2,21,1,Normal,Normal,Normal,75,139,124,155,44,152,174,170,92,128,90,142,-,86,-,-,110,-,-,-,-,-,-,-,2,GB,89-91,3/4,GB'er,46,102,-,-,-,31,76,43,23,8,4,6,98,-,-,-,-,-,-,-,-,98,-,-,-,-,-,-,-,-,11,5,6,17,,,0,0,0,0,0,0,0,0,0,0,0,0,0,0,0,0,0,0.0,0.00,0,-0.0,0.0,0.00,0,0,0.0,0.0,2,0,0,1,0,0,2,3.0,16,15,4,1,0,1,4,4,1,1,1,0,0,0,0,0,0,0,1,3,1,1.49,55,4,4,0,0,-0.8,-0.1,-0.3,5.83,2,0,2,1,1,0,0,0,6.00,0.1,1.079,0,0,3.0,0,0,0,0,1,1,0,0,0,0,0,0,-0.1,0.0
RP,Joe Beggs,Joe,Beggs,Ogden Raptors - HotL,6' 1',180 lbs,R,R,89,Cincinnati Reds,CIN,1940,1921-1945,,86762,Gold,T4 Ep. 9 - Baseball Reference 8  RP Joe Beggs  CIN  1940,0,N,0,2,3,1,3,2,2,3,1,3,2,2,3,1,3,2,21,1,Normal,Normal,Normal,75,139,124,155,44,152,174,170,92,128,90,142,-,86,-,-,110,-,-,-,-,-,-,-,2,GB,89-91,3/4,GB'er,46,102,-,-,-,31,76,43,23,8,4,6,98,-,-,-,-,-,-,-,-,98,-,-,-,-,-,-,-,-,11,5,6,17,,,0,0,0,0,0,0,0,0,0,0,0,0,0,0,0,0,0,0.0,0.00,0,-0.0,0.0,0.00,0,0,0.0,0.0,3,0,0,0,0,1,1,2.1,11,11,1,2,0,1,1,1,0,0,1,0,0,0,0,0,0,0,3,1,1,1.62,40,5,1,0,0,-0.3,-0.1,0.0,5.20,3,0,1,0,1,0,0,0,3.86,0.0,.000,0,0,2.1,0,0,0,0,0,0,0,0,0,0,0,0,0.0,0.0
RP,Joe Beggs,Joe,Beggs,Everett Aqua Sox,6' 1',180 lbs,R,R,89,Cincinnati Reds,CIN,1940,1921-1945,,86762,Gold,T4 Ep. 9 - Baseball Reference 8  RP Joe Beggs  CIN  1940,0,N,0,2,3,1,3,2,2,3,1,3,2,2,3,1,3,2,21,1,Normal,Normal,Normal,75,139,124,155,44,152,174,170,92,128,90,142,-,86,-,-,110,-,-,-,-,-,-,-,2,GB,89-91,3/4,GB'er,46,102,-,-,-,31,76,43,23,8,4,6,98,-,-,-,-,-,-,-,-,98,-,-,-,-,-,-,-,-,11,5,6,17,,,0,0,0,0,0,0,0,0,0,0,0,0,0,0,0,0,0,0.0,0.00,0,-0.0,0.0,0.00,0,0,0.0,0.0,3,0,0,1,0,0,1,4.0,16,16,1,2,0,1,3,3,0,0,3,0,0,0,0,0,0,0,2,2,2,0.88,59,3,6,2,0,-0.4,-0.0,-0.1,2.99,3,0,1,0,1,0,0,0,2.25,-0.2,.000,2,0,4.0,0,0,1,1,0,0,0,0,0,0,0,0,0.0,0.0
RP,Joe Beggs,Joe,Beggs,Gamehendge Lizards - HotL,6' 1',180 lbs,R,R,89,Cincinnati Reds,CIN,1940,1921-1945,,86762,Gold,T4 Ep. 9 - Baseball Reference 8  RP Joe Beggs  CIN  1940,0,N,0,2,3,1,3,2,2,3,1,3,2,2,3,1,3,2,21,1,Normal,Normal,Normal,75,139,124,155,44,152,174,170,92,128,90,142,-,86,-,-,110,-,-,-,-,-,-,-,2,GB,89-91,3/4,GB'er,46,102,-,-,-,31,76,43,23,8,4,6,98,-,-,-,-,-,-,-,-,98,-,-,-,-,-,-,-,-,11,5,6,17,,,0,0,0,0,0,0,0,0,0,0,0,0,0,0,0,0,0,0.0,0.00,0,-0.0,0.0,0.00,0,0,0.0,0.0,1,0,0,1,0,0,1,1.2,13,12,5,1,0,0,4,2,1,0,1,0,0,0,0,0,0,0,0,0,0,2.82,42,2,2,0,0,-0.6,0.0,-0.5,5.76,1,0,0,0,0,0,0,0,0.00,0.0,.000,0,0,1.2,0,0,0,0,0,0,0,0,0,0,0,0,0.0,0.0
RP,Joe Beggs,Joe,Beggs,Dry Creek Craw Daddies,6' 1',180 lbs,R,R,89,Cincinnati Reds,CIN,1940,1921-1945,,86762,Gold,T4 Ep. 9 - Baseball Reference 8  RP Joe Beggs  CIN  1940,0,Y,5,4,5,1,5,4,4,5,1,5,4,4,5,1,5,4,21,1,Normal,Normal,Normal,82,150,134,167,49,164,187,183,100,138,98,153,-,86,-,-,110,-,-,-,-,-,-,-,2,GB,89-91,3/4,GB'er,46,102,-,-,-,31,76,43,23,8,4,6,105,-,-,-,-,-,-,-,-,105,-,-,-,-,-,-,-,-,11,5,6,17,,,0,0,0,0,0,0,0,0,0,0,0,0,0,0,0,0,0,0.0,0.00,0,-0.0,0.0,0.00,0,0,0.0,0.0,2,0,0,1,0,1,0,6.0,24,23,5,0,0,0,1,1,1,1,4,0,0,0,1,0,0,1,0,1,1,2.09,85,7,6,0,0,0.3,0.3,0.4,4.00,2,0,0,0,0,0,0,0,0.00,0.0,.000,0,0,6.0,0,0,0,0,0,0,0,0,0,0,0,0,0.0,0.0
RP,Joe Beggs,Joe,Beggs,Shartlesville ShihTzus - HotL,6' 1',180 lbs,R,R,89,Cincinnati Reds,CIN,1940,1921-1945,,86762,Gold,T4 Ep. 9 - Baseball Reference 8  RP Joe Beggs  CIN  1940,0,Y,5,4,5,1,5,4,4,5,1,5,4,4,5,1,5,4,21,1,Normal,Normal,Normal,82,150,134,167,49,164,187,183,100,138,98,153,-,86,-,-,110,-,-,-,-,-,-,-,2,GB,89-91,3/4,GB'er,46,102,-,-,-,31,76,43,23,8,4,6,105,-,-,-,-,-,-,-,-,105,-,-,-,-,-,-,-,-,11,5,6,17,,,0,0,0,0,0,0,0,0,0,0,0,0,0,0,0,0,0,0.0,0.00,0,-0.0,0.0,0.00,0,0,0.0,0.0,2,0,1,1,0,1,1,4.1,21,20,6,1,1,0,4,4,1,0,3,0,0,0,0,0,0,0,0,0,0,2.11,76,5,4,0,1,-0.0,0.2,-0.2,4.40,2,0,0,0,0,0,0,0,0.00,0.1,.000,1,1,4.1,0,0,1,0,0,0,0,0,0,0,0,0,0.0,0.0
RP,Joe Beggs,Joe,Beggs,Providence Friars - HotL,6' 1',180 lbs,R,R,89,Cincinnati Reds,CIN,1940,1921-1945,,86762,Gold,T4 Ep. 9 - Baseball Reference 8  RP Joe Beggs  CIN  1940,0,N,0,2,3,1,3,2,2,3,1,3,2,2,3,1,3,2,21,1,Normal,Normal,Normal,75,139,124,155,44,152,174,170,92,128,90,142,-,86,-,-,110,-,-,-,-,-,-,-,2,GB,89-91,3/4,GB'er,46,102,-,-,-,31,76,43,23,8,4,6,98,-,-,-,-,-,-,-,-,98,-,-,-,-,-,-,-,-,11,5,6,17,,,0,0,0,0,0,0,0,0,0,0,0,0,0,0,0,0,0,0.0,0.00,0,-0.0,0.0,0.00,0,0,0.0,0.0,5,0,0,1,1,2,2,4.1,20,16,3,0,1,0,2,2,2,1,5,1,0,1,0,0,0,0,3,4,0,2.18,68,5,3,0,0,-0.3,0.2,0.1,3.60,5,0,0,0,0,0,0,0,0.00,0.0,.000,0,0,4.1,0,0,0,0,0,0,0,0,0,0,0,0,0.0,0.0
RP,Joe Beggs,Joe,Beggs,Great Lakes Man-of-War-HOTL,6' 1',180 lbs,R,R,89,Cincinnati Reds,CIN,1940,1921-1945,,86762,Gold,T4 Ep. 9 - Baseball Reference 8  RP Joe Beggs  CIN  1940,0,N,0,2,3,1,3,2,2,3,1,3,2,2,3,1,3,2,21,1,Normal,Normal,Normal,75,139,124,155,44,152,174,170,92,128,90,142,-,86,-,-,110,-,-,-,-,-,-,-,2,GB,89-91,3/4,GB'er,46,102,-,-,-,31,76,43,23,8,4,6,98,-,-,-,-,-,-,-,-,98,-,-,-,-,-,-,-,-,11,5,6,17,,,0,0,0,0,0,0,0,0,0,0,0,0,0,0,0,0,0,0.0,0.00,0,-0.0,0.0,0.00,0,0,0.0,0.0,1,0,0,0,0,1,0,2.0,7,7,2,0,0,0,0,0,0,0,0,0,0,0,0,0,0,1,1,0,0,0.69,24,3,2,0,0,0.1,0.0,0.1,6.02,1,0,1,0,1,0,0,0,4.50,0.0,.000,0,0,2.0,0,0,0,0,0,0,0,0,0,0,0,0,0.0,0.0
RP,Joe Beggs,Joe,Beggs,Sixes Tornadoes,6' 1',180 lbs,R,R,89,Cincinnati Reds,CIN,1940,1921-1945,,86762,Gold,T4 Ep. 9 - Baseball Reference 8  RP Joe Beggs  CIN  1940,0,N,0,2,3,1,3,2,2,3,1,3,2,2,3,1,3,2,21,1,Normal,Normal,Normal,75,139,124,155,44,152,174,170,92,128,90,142,-,86,-,-,110,-,-,-,-,-,-,-,2,GB,89-91,3/4,GB'er,46,102,-,-,-,31,76,43,23,8,4,6,98,-,-,-,-,-,-,-,-,98,-,-,-,-,-,-,-,-,11,5,6,17,,,0,0,0,0,0,0,0,0,0,0,0,0,0,0,0,0,0,0.0,0.00,0,-0.0,0.0,0.00,0,0,0.0,0.0,2,0,0,1,0,0,1,1.0,5,5,1,1,0,0,1,1,0,0,0,0,0,0,0,0,0,0,1,1,1,1.78,12,2,1,0,0,-0.4,0.0,-0.1,6.04,2,0,0,0,0,0,0,0,0.00,0.0,.000,0,0,1.0,0,0,0,0,0,0,0,0,0,0,0,0,0.0,0.0
RP,Joe Beggs,Joe,Beggs,Cibao Aguilas,6' 1',180 lbs,R,R,89,Cincinnati Reds,CIN,1940,1921-1945,,86762,Gold,T4 Ep. 9 - Baseball Reference 8  RP Joe Beggs  CIN  1940,0,N,0,2,3,1,3,2,2,3,1,3,2,2,3,1,3,2,21,1,Normal,Normal,Normal,75,139,124,155,44,152,174,170,92,128,90,142,-,86,-,-,110,-,-,-,-,-,-,-,2,GB,89-91,3/4,GB'er,46,102,-,-,-,31,76,43,23,8,4,6,98,-,-,-,-,-,-,-,-,98,-,-,-,-,-,-,-,-,11,5,6,17,,,0,0,0,0,0,0,0,0,0,0,0,0,0,0,0,0,0,0.0,0.00,0,-0.0,0.0,0.00,0,0,0.0,0.0,4,0,1,1,0,2,2,4.2,20,20,5,0,0,1,2,2,0,0,5,0,0,0,0,0,0,0,4,0,0,1.98,82,4,5,0,0,-0.0,0.1,0.1,2.33,4,0,0,0,0,0,0,0,0.00,0.0,.000,0,0,4.2,0,0,0,0,0,0,0,0,0,0,0,0,0.0,0.0
RP,Joe Beggs,Joe,Beggs,Castroville Mashers - JW,6' 1',180 lbs,R,R,89,Cincinnati Reds,CIN,1940,1921-1945,,86762,Gold,T4 Ep. 9 - Baseball Reference 8  RP Joe Beggs  CIN  1940,0,N,0,2,3,1,3,2,2,3,1,3,2,2,3,1,3,2,21,1,Normal,Normal,Normal,75,139,124,155,44,152,174,170,92,128,90,142,-,86,-,-,110,-,-,-,-,-,-,-,2,GB,89-91,3/4,GB'er,46,102,-,-,-,31,76,43,23,8,4,6,98,-,-,-,-,-,-,-,-,98,-,-,-,-,-,-,-,-,11,5,6,17,,,0,0,0,0,0,0,0,0,0,0,0,0,0,0,0,0,0,0.0,0.00,0,-0.0,0.0,0.00,0,0,0.0,0.0,1,0,0,0,0,0,0,1.2,6,6,1,0,0,0,0,0,0,0,0,0,0,0,0,0,0,0,1,0,0,0.53,15,2,3,0,0,0.1,0.0,0.1,6.27,1,0,1,0,1,0,0,0,5.40,0.0,.000,0,0,1.2,0,0,0,0,0,0,0,0,0,0,0,0,0.0,0.0
RP,Joe Beggs,Joe,Beggs,Roaming Rascals BFF,6' 1',180 lbs,R,R,89,Cincinnati Reds,CIN,1940,1921-1945,,86762,Gold,T4 Ep. 9 - Baseball Reference 8  RP Joe Beggs  CIN  1940,0,N,0,2,3,1,3,2,2,3,1,3,2,2,3,1,3,2,21,1,Normal,Normal,Normal,75,139,124,155,44,152,174,170,92,128,90,142,-,86,-,-,110,-,-,-,-,-,-,-,2,GB,89-91,3/4,GB'er,46,102,-,-,-,31,76,43,23,8,4,6,98,-,-,-,-,-,-,-,-,98,-,-,-,-,-,-,-,-,11,5,6,17,,,0,0,0,0,0,0,0,0,0,0,0,0,0,0,0,0,0,0.0,0.00,0,-0.0,0.0,0.00,0,0,0.0,0.0,3,0,0,0,0,0,1,5.1,27,23,3,2,0,2,7,7,3,1,6,0,0,1,1,0,0,0,0,2,2,0.30,116,6,4,0,0,-0.1,-0.1,-0.4,4.04,3,0,2,2,0,0,0,0,3.38,0.1,1.079,0,0,5.1,0,0,2,2,0,0,0,0,0,0,0,0,0.0,0.0
RP,Brad Boxberger,Brad,Boxberger,Svendborg Sailors,6' 2',205 lbs,R,R,77,Tampa Bay Rays,TBD,2015,2015+,CS,85429,Silver,Clubhouse - Historical All-Star  CL Brad Boxberger  TB  2015,0,N,0,1,3,1,3,1,1,3,1,3,1,1,3,1,3,1,24,30,Normal,Normal,Normal,148,78,104,71,137,74,166,88,157,81,69,52,117,107,-,124,-,-,-,-,-,-,-,-,3,EX FB,92-94,3/4,Normal,16,50,-,-,-,27,20,23,23,8,7,10,55,-,-,-,-,-,-,-,-,55,-,-,-,-,-,-,-,-,7,4,6,9,,,0,0,0,0,0,0,0,0,0,0,0,0,0,0,0,0,0,0.0,0.00,0,-0.0,0.0,0.00,0,0,0.0,0.0,2,0,0,0,0,0,0,2.1,10,8,1,0,0,0,2,2,2,0,0,0,0,0,0,0,0,0,0,2,0,0.31,45,1,6,0,0,0.0,-0.0,-0.1,8.21,2,0,0,0,0,0,0,0,0.00,0.0,.000,0,0,2.1,0,0,0,0,0,0,0,0,0,0,0,0,0.0,0.0
RP,Brad Boxberger,Brad,Boxberger,Grand Rapids Warriors,6' 2',205 lbs,R,R,77,Tampa Bay Rays,TBD,2015,2015+,CS,85429,Silver,Clubhouse - Historical All-Star  CL Brad Boxberger  TB  2015,0,N,0,1,3,1,3,1,1,3,1,3,1,1,3,1,3,1,24,30,Normal,Normal,Normal,148,78,104,71,137,74,166,88,157,81,69,52,117,107,-,124,-,-,-,-,-,-,-,-,3,EX FB,92-94,3/4,Normal,16,50,-,-,-,27,20,23,23,8,7,10,55,-,-,-,-,-,-,-,-,55,-,-,-,-,-,-,-,-,7,4,6,9,,,0,0,0,0,0,0,0,0,0,0,0,0,0,0,0,0,0,0.0,0.00,0,-0.0,0.0,0.00,0,0,0.0,0.0,1,0,0,0,0,0,0,2.2,12,12,3,0,0,1,1,1,0,0,3,0,0,0,0,0,0,0,0,0,0,0.28,50,0,5,0,0,-0.0,-0.0,0.0,0.94,1,0,0,0,0,0,0,0,0.00,0.0,.000,0,0,2.2,0,0,0,0,0,0,0,0,0,0,0,0,0.0,0.0
RP,Chad Bradford,Chad,Bradford,Ogden Raptors - HotL,6' 5',215 lbs,R,R,74,New York Mets,NYM,2006,2005-2014,,86341,Silver,T4 Ep. 5 - Unsung Heroes  RP Chad Bradford  NYM  2006,0,N,0,1,3,1,3,1,1,4,1,3,2,1,3,1,3,1,26,1,Normal,Pull,Pull,79,100,70,160,83,72,60,165,75,133,79,158,-,-,-,82,101,-,-,-,-,-,-,-,2,EX GB,89-91,3/4,GB'er,11,68,-,-,-,33,20,25,23,7,2,10,62,-,-,-,-,-,-,-,-,62,-,-,-,-,-,-,-,-,9,5,6,12,,,0,0,0,0,0,0,0,0,0,0,0,0,0,0,0,0,0,0.0,0.00,0,-0.0,0.0,0.00,0,0,0.0,0.0,3,0,0,0,1,1,0,4.0,20,17,4,1,0,0,1,1,3,0,3,0,0,0,1,0,0,0,0,0,0,0.90,63,4,5,0,0,0.1,0.0,0.1,5.52,3,0,0,0,0,0,0,0,0.00,0.0,.000,0,0,4.0,0,0,0,0,0,0,0,0,0,0,0,0,0.0,0.0
RP,Chad Bradford,Chad,Bradford,Camjaveratyn O-Forge,6' 5',215 lbs,R,R,74,New York Mets,NYM,2006,2005-2014,,86341,Silver,T4 Ep. 5 - Unsung Heroes  RP Chad Bradford  NYM  2006,0,N,0,1,3,1,3,1,1,4,1,3,2,1,3,1,3,1,26,1,Normal,Pull,Pull,79,100,70,160,83,72,60,165,75,133,79,158,-,-,-,82,101,-,-,-,-,-,-,-,2,EX GB,89-91,3/4,GB'er,11,68,-,-,-,33,20,25,23,7,2,10,62,-,-,-,-,-,-,-,-,62,-,-,-,-,-,-,-,-,9,5,6,12,,,0,0,0,0,0,0,0,0,0,0,0,0,0,0,0,0,0,0.0,0.00,0,-0.0,0.0,0.00,0,0,0.0,0.0,2,0,0,0,0,0,1,1.2,9,7,2,1,0,0,1,1,1,0,0,0,0,1,0,0,0,0,1,2,2,0.70,35,1,4,0,0,-0.1,-0.0,-0.0,7.49,2,0,1,0,1,0,0,0,5.40,0.0,.000,0,0,1.2,0,0,0,0,0,0,0,0,0,0,0,0,0.0,0.0
RP,Chad Bradford,Chad,Bradford,Arcadia Wyverns,6' 5',215 lbs,R,R,74,New York Mets,NYM,2006,2005-2014,,86341,Silver,T4 Ep. 5 - Unsung Heroes  RP Chad Bradford  NYM  2006,0,N,0,1,3,1,3,1,1,4,1,3,2,1,3,1,3,1,26,1,Normal,Pull,Pull,79,100,70,160,83,72,60,165,75,133,79,158,-,-,-,82,101,-,-,-,-,-,-,-,2,EX GB,89-91,3/4,GB'er,11,68,-,-,-,33,20,25,23,7,2,10,62,-,-,-,-,-,-,-,-,62,-,-,-,-,-,-,-,-,9,5,6,12,,,0,0,0,0,0,0,0,0,0,0,0,0,0,0,0,0,0,0.0,0.00,0,-0.0,0.0,0.00,0,0,0.0,0.0,3,0,0,0,1,1,0,2.2,10,10,1,1,0,0,0,0,0,0,4,0,0,0,0,0,0,0,0,3,1,1.23,39,2,2,0,0,0.2,0.2,0.2,0.58,3,0,0,0,0,0,0,0,0.00,0.0,.000,0,0,2.2,0,0,0,0,0,0,0,0,0,0,0,0,0.0,0.0
RP,Chad Bradford,Chad,Bradford,Texas Briskets,6' 5',215 lbs,R,R,74,New York Mets,NYM,2006,2005-2014,,86341,Silver,T4 Ep. 5 - Unsung Heroes  RP Chad Bradford  NYM  2006,0,N,0,1,3,1,3,1,1,4,1,3,2,1,3,1,3,1,26,1,Normal,Pull,Pull,79,100,70,160,83,72,60,165,75,133,79,158,-,-,-,82,101,-,-,-,-,-,-,-,2,EX GB,89-91,3/4,GB'er,11,68,-,-,-,33,20,25,23,7,2,10,62,-,-,-,-,-,-,-,-,62,-,-,-,-,-,-,-,-,9,5,6,12,,,0,0,0,0,0,0,0,0,0,0,0,0,0,0,0,0,0,0.0,0.00,0,-0.0,0.0,0.00,0,0,0.0,0.0,2,0,0,0,0,0,0,3.0,13,12,1,2,0,0,2,0,0,0,2,0,0,1,1,0,0,0,1,1,1,0.13,39,4,3,0,0,-0.0,0.1,-0.0,3.73,2,0,0,0,0,0,0,0,0.00,0.0,.000,0,0,3.0,0,0,0,0,0,0,0,0,0,0,0,0,0.0,0.0
RP,Chad Bradford,Chad,Bradford,Normal Night Owls - HotL,6' 5',215 lbs,R,R,74,New York Mets,NYM,2006,2005-2014,,86341,Silver,T4 Ep. 5 - Unsung Heroes  RP Chad Bradford  NYM  2006,0,N,0,1,3,1,3,1,1,4,1,3,2,1,3,1,3,1,26,1,Normal,Pull,Pull,79,100,70,160,83,72,60,165,75,133,79,158,-,-,-,82,101,-,-,-,-,-,-,-,2,EX GB,89-91,3/4,GB'er,11,68,-,-,-,33,20,25,23,7,2,10,62,-,-,-,-,-,-,-,-,62,-,-,-,-,-,-,-,-,9,5,6,12,,,0,0,0,0,0,0,0,0,0,0,0,0,0,0,0,0,0,0.0,0.00,0,-0.0,0.0,0.00,0,0,0.0,0.0,2,0,0,1,1,1,1,1.1,9,5,1,0,0,0,3,3,4,0,1,0,0,0,0,0,0,0,0,2,2,3.32,43,2,1,0,0,-0.3,-0.2,-0.4,9.18,2,0,1,1,0,0,0,0,6.75,0.1,1.079,0,0,1.1,0,0,1,1,0,0,0,0,0,0,0,0,0.0,0.0
RP,Chad Bradford,Chad,Bradford,NoseKerim Astea Kerim,6' 5',215 lbs,R,R,74,New York Mets,NYM,2006,2005-2014,,86341,Silver,T4 Ep. 5 - Unsung Heroes  RP Chad Bradford  NYM  2006,0,Y,5,1,5,1,5,1,1,6,1,5,4,1,5,1,5,1,26,1,Normal,Pull,Pull,86,108,76,172,90,79,66,177,82,143,86,170,-,-,-,82,101,-,-,-,-,-,-,-,2,EX GB,89-91,3/4,GB'er,11,68,-,-,-,33,20,25,23,7,2,10,67,-,-,-,-,-,-,-,-,67,-,-,-,-,-,-,-,-,9,5,6,12,,,0,0,0,0,0,0,0,0,0,0,0,0,0,0,0,0,0,0.0,0.00,0,-0.0,0.0,0.00,0,0,0.0,0.0,11,0,0,2,4,5,2,12.0,43,40,3,1,0,1,2,2,2,0,14,0,0,1,0,0,0,1,4,7,1,1.80,157,11,10,0,0,0.6,0.4,0.7,1.99,11,0,3,1,2,0,0,0,2.25,0.1,1.079,0,0,12.0,0,0,1,1,0,0,0,0,0,0,0,0,0.3,0.0
RP,Chad Bradford,Chad,Bradford,Zanesville Greys,6' 5',215 lbs,R,R,74,New York Mets,NYM,2006,2005-2014,,86341,Silver,T4 Ep. 5 - Unsung Heroes  RP Chad Bradford  NYM  2006,0,N,0,1,3,1,3,1,1,4,1,3,2,1,3,1,3,1,26,1,Normal,Pull,Pull,79,100,70,160,83,72,60,165,75,133,79,158,-,-,-,82,101,-,-,-,-,-,-,-,2,EX GB,89-91,3/4,GB'er,11,68,-,-,-,33,20,25,23,7,2,10,62,-,-,-,-,-,-,-,-,62,-,-,-,-,-,-,-,-,9,5,6,12,,,0,0,0,0,0,0,0,0,0,0,0,0,0,0,0,0,0,0.0,0.00,0,-0.0,0.0,0.00,0,0,0.0,0.0,1,0,0,0,0,0,0,1.0,3,3,1,0,0,0,0,0,0,0,0,0,0,0,0,0,0,1,1,0,0,0.43,11,1,1,0,0,0.0,0.0,0.1,6.14,1,0,0,0,0,0,0,0,0.00,0.0,.000,0,0,1.0,0,0,0,0,0,0,0,0,0,0,0,0,0.0,0.0
RP,Chad Bradford,Chad,Bradford,Orlando Heatstrokes,6' 5',215 lbs,R,R,74,New York Mets,NYM,2006,2005-2014,,86341,Silver,T4 Ep. 5 - Unsung Heroes  RP Chad Bradford  NYM  2006,0,N,0,1,3,1,3,1,1,4,1,3,2,1,3,1,3,1,26,1,Normal,Pull,Pull,79,100,70,160,83,72,60,165,75,133,79,158,-,-,-,82,101,-,-,-,-,-,-,-,2,EX GB,89-91,3/4,GB'er,11,68,-,-,-,33,20,25,23,7,2,10,62,-,-,-,-,-,-,-,-,62,-,-,-,-,-,-,-,-,9,5,6,12,,,0,0,0,0,0,0,0,0,0,0,0,0,0,0,0,0,0,0.0,0.00,0,-0.0,0.0,0.00,0,0,0.0,0.0,2,0,0,0,0,0,0,2.0,9,9,3,1,0,0,1,1,0,0,1,0,0,0,0,0,0,0,0,2,2,0.59,36,2,2,0,0,-0.1,0.1,0.0,4.35,2,0,0,0,0,0,0,0,0.00,0.0,.000,0,0,2.0,0,0,0,0,0,0,0,0,0,0,0,0,0.0,0.0
RP,Chad Bradford,Chad,Bradford,Shakedown 1977 Microbus TTC - GH,6' 5',215 lbs,R,R,74,New York Mets,NYM,2006,2005-2014,,86341,Silver,T4 Ep. 5 - Unsung Heroes  RP Chad Bradford  NYM  2006,0,Y,5,1,5,1,5,1,1,6,1,5,4,1,5,1,5,1,26,1,Normal,Pull,Pull,86,108,76,172,90,79,66,177,82,143,86,170,-,-,-,82,101,-,-,-,-,-,-,-,2,EX GB,89-91,3/4,GB'er,11,68,-,-,-,33,20,25,23,7,2,10,67,-,-,-,-,-,-,-,-,67,-,-,-,-,-,-,-,-,9,5,6,12,,,0,0,0,0,0,0,0,0,0,0,0,0,0,0,0,0,0,0.0,0.00,0,-0.0,0.0,0.00,0,0,0.0,0.0,5,0,0,2,1,2,2,5.0,21,19,5,0,0,1,2,1,1,0,4,0,1,0,0,0,0,1,1,6,2,2.03,91,5,5,0,0,-0.3,-0.0,0.1,3.73,5,0,1,0,1,0,0,0,1.80,0.0,.000,0,0,5.0,0,0,0,0,0,0,0,0,0,0,0,0,-0.1,0.0
RP,Chad Bradford,Chad,Bradford,Lowlyworm's Apple Car,6' 5',215 lbs,R,R,74,New York Mets,NYM,2006,2005-2014,,86341,Silver,T4 Ep. 5 - Unsung Heroes  RP Chad Bradford  NYM  2006,0,N,0,1,3,1,3,1,1,4,1,3,2,1,3,1,3,1,26,1,Normal,Pull,Pull,79,100,70,160,83,72,60,165,75,133,79,158,-,-,-,82,101,-,-,-,-,-,-,-,2,EX GB,89-91,3/4,GB'er,11,68,-,-,-,33,20,25,23,7,2,10,62,-,-,-,-,-,-,-,-,62,-,-,-,-,-,-,-,-,9,5,6,12,,,0,0,0,0,0,0,0,0,0,0,0,0,0,0,0,0,0,0.0,0.00,0,-0.0,0.0,0.00,0,0,0.0,0.0,3,0,0,0,0,0,1,3.0,13,13,3,0,0,1,1,1,0,0,2,0,0,0,0,0,0,0,0,2,2,0.58,48,3,4,0,0,-0.1,-0.1,0.1,3.70,3,0,0,0,0,0,0,0,0.00,0.0,.000,0,0,3.0,0,0,0,0,0,0,0,0,0,0,0,0,0.0,0.0
RP,Bill Bray,Bill,Bray,Winnipeg Brew Jays - HotL,6' 3',215 lbs,L,L,64,Cincinnati Reds,CIN,2011,2005-2014,LE,86686,Bronze,Limited Edition/44  RP Bill Bray  CIN  2011,0,N,0,1,3,1,3,1,1,3,1,3,1,1,3,1,3,1,21,1,Normal,Spray,Spray,77,71,107,115,140,46,128,101,56,77,101,119,85,100,-,86,-,-,-,-,-,-,-,-,3,EX FB,90-92,OTT,Normal,7,56,-,-,-,27,20,23,23,9,9,3,55,-,-,-,-,-,-,-,-,55,-,-,-,-,-,-,-,-,15,3,6,26,,,0,0,0,0,0,0,0,0,0,0,0,0,0,0,0,0,0,0.0,0.00,0,-0.0,0.0,0.00,0,0,0.0,0.0,2,0,0,0,1,1,0,2.2,13,13,4,1,0,0,2,2,0,0,1,0,0,0,0,0,0,0,0,0,0,0.65,50,3,4,0,0,0.1,0.1,-0.1,4.93,2,0,0,0,0,0,0,0,0.00,0.0,.000,0,0,2.2,0,0,0,0,0,0,0,0,0,0,0,0,0.0,0.0
RP,Ken Brett,Ken,Brett,Arkham Horrors,5' 11',195 lbs,L,L,55,Los Angeles Dodgers,LAD,1979,1961-1979,,83047,Iron,Snapshot  RP Ken Brett  LAD  1979,0,N,0,3,5,1,6,3,3,4,1,7,2,4,6,1,6,4,22,20,Normal,Spray,Spray,36,75,69,112,39,77,60,92,35,75,72,121,36,67,-,-,65,-,-,-,-,-,-,-,3,NEU,89-91,3/4,Normal,25,115,-,-,-,35,36,31,23,8,6,7,79,-,-,-,-,-,-,-,-,79,-,-,-,-,-,-,-,-,9,5,6,13,,,0,0,0,0,0,0,0,0,0,0,0,0,0,0,0,0,0,0.0,0.00,0,-0.0,0.0,0.00,0,0,0.0,0.0,1,0,0,0,0,1,0,3.0,9,9,1,0,0,0,0,0,0,0,1,0,0,0,0,0,0,1,1,1,0,0.43,29,4,3,0,0,0.1,0.1,0.2,4.35,1,0,0,0,0,0,0,0,0.00,0.0,.000,0,0,3.0,0,0,0,0,0,0,0,0,0,0,0,0,0.0,0.0
RP,Jim Brewer,Jim,Brewer,Junk Wax Heroes,6' 2',195 lbs,L,L,78,Los Angeles Dodgers,LAD,1970,1961-1979,BBR,84799,Silver,Baseball Reference 1  CL Jim Brewer  LAD  1970,0,N,0,1,3,1,3,1,1,3,1,3,1,1,3,1,3,1,26,6,Normal,Normal,Normal,110,88,128,76,86,109,136,69,121,83,125,77,87,-,135,-,-,-,-,-,-,78,-,-,3,FB,90-92,3/4,Normal,24,68,-,-,-,35,20,26,23,9,1,3,65,-,-,-,-,-,-,-,-,65,-,-,-,-,-,-,-,-,12,4,11,17,,,0,0,0,0,0,0,0,0,0,0,0,0,0,0,0,0,0,0.0,0.00,0,-0.0,0.0,0.00,0,0,0.0,0.0,3,0,0,0,0,0,0,3.0,11,10,1,0,0,0,1,1,1,0,6,0,0,0,0,0,0,0,2,1,0,0.23,52,2,1,0,0,0.0,0.2,0.1,0.54,3,0,0,0,0,0,0,0,0.00,0.0,.000,0,0,3.0,0,0,0,0,0,0,0,0,0,0,0,0,0.0,0.0
RP,Jim Brewer,Jim,Brewer,Great Lakes Man-of-War-HOTL,6' 2',195 lbs,L,L,78,Los Angeles Dodgers,LAD,1970,1961-1979,BBR,84799,Silver,Baseball Reference 1  CL Jim Brewer  LAD  1970,0,Y,5,1,5,1,5,1,1,5,1,5,1,1,5,1,5,1,26,6,Normal,Normal,Normal,119,96,138,83,93,118,147,75,131,90,135,84,87,-,135,-,-,-,-,-,-,78,-,-,3,FB,90-92,3/4,Normal,24,68,-,-,-,35,20,26,23,9,1,3,70,-,-,-,-,-,-,-,-,70,-,-,-,-,-,-,-,-,12,4,11,17,,,0,0,0,0,0,0,0,0,0,0,0,0,0,0,0,0,0,0.0,0.00,0,-0.0,0.0,0.00,0,0,0.0,0.0,3,0,0,0,0,0,1,1.1,8,7,0,2,0,1,1,1,1,0,0,0,0,0,0,0,0,0,1,5,4,1.05,36,1,3,0,0,-0.3,-0.2,-0.0,7.78,3,0,0,0,0,0,0,0,0.00,0.0,.000,0,0,1.1,0,0,0,0,0,0,0,0,0,0,0,0,0.0,0.0
RP,Jim Brewer,Jim,Brewer,Herky Hyenas,6' 2',195 lbs,L,L,78,Los Angeles Dodgers,LAD,1970,1961-1979,BBR,84799,Silver,Baseball Reference 1  CL Jim Brewer  LAD  1970,0,N,0,1,3,1,3,1,1,3,1,3,1,1,3,1,3,1,26,6,Normal,Normal,Normal,110,88,128,76,86,109,136,69,121,83,125,77,87,-,135,-,-,-,-,-,-,78,-,-,3,FB,90-92,3/4,Normal,24,68,-,-,-,35,20,26,23,9,1,3,65,-,-,-,-,-,-,-,-,65,-,-,-,-,-,-,-,-,12,4,11,17,,,0,0,0,0,0,0,0,0,0,0,0,0,0,0,0,0,0,0.0,0.00,0,-0.0,0.0,0.00,0,0,0.0,0.0,7,0,0,0,0,1,4,6.1,31,26,3,3,2,1,5,5,4,0,6,0,1,0,1,0,0,0,1,8,6,2.03,131,7,5,0,0,-0.7,-0.1,-0.2,4.61,7,0,2,1,1,0,0,0,2.84,0.0,.000,0,0,6.1,0,0,0,0,0,0,0,0,0,0,0,0,0.0,0.0
RP,Jim Brewer,Jim,Brewer,NoseKerim Astea Kerim,6' 2',195 lbs,L,L,78,Los Angeles Dodgers,LAD,1970,1961-1979,BBR,84799,Silver,Baseball Reference 1  CL Jim Brewer  LAD  1970,0,Y,5,1,5,1,5,1,1,5,1,5,1,1,5,1,5,1,26,6,Normal,Normal,Normal,119,96,138,83,93,118,147,75,131,90,135,84,87,-,135,-,-,-,-,-,-,78,-,-,3,FB,90-92,3/4,Normal,24,68,-,-,-,35,20,26,23,9,1,3,70,-,-,-,-,-,-,-,-,70,-,-,-,-,-,-,-,-,12,4,11,17,,,0,0,0,0,0,0,0,0,0,0,0,0,0,0,0,0,0,0.0,0.00,0,-0.0,0.0,0.00,0,0,0.0,0.0,7,0,1,0,1,2,2,8.0,33,27,3,0,0,1,1,1,5,0,11,1,0,0,0,0,0,0,3,3,0,1.13,149,5,7,0,1,-0.1,0.0,0.4,3.00,7,0,1,0,1,0,0,0,1.12,0.3,.000,1,1,8.0,0,0,0,0,0,0,0,0,0,0,0,0,0.0,0.0
RP,Jim Brewer,Jim,Brewer,Lowlyworm's Apple Car,6' 2',195 lbs,L,L,78,Los Angeles Dodgers,LAD,1970,1961-1979,BBR,84799,Silver,Baseball Reference 1  CL Jim Brewer  LAD  1970,0,Y,5,1,5,1,5,1,1,5,1,5,1,1,5,1,5,1,26,6,Normal,Normal,Normal,119,96,138,83,93,118,147,75,131,90,135,84,87,-,135,-,-,-,-,-,-,78,-,-,3,FB,90-92,3/4,Normal,24,68,-,-,-,35,20,26,23,9,1,3,70,-,-,-,-,-,-,-,-,70,-,-,-,-,-,-,-,-,12,4,11,17,,,0,0,0,0,0,0,0,0,0,0,0,0,0,0,0,0,0,0.0,0.00,0,-0.0,0.0,0.00,0,0,0.0,0.0,2,0,0,0,0,0,0,2.0,8,7,1,0,0,0,0,0,1,0,2,0,0,0,1,0,0,0,2,2,0,0.45,36,2,2,0,0,0.1,0.0,0.1,3.81,2,0,0,0,0,0,0,0,0.00,0.0,.000,0,0,2.0,0,0,0,0,0,0,0,0,0,0,0,0,-0.1,0.0
RP,Zack Britton,Zack,Britton,Charlotte Hellcats GH,6' 3',195 lbs,L,L,78,Baltimore Orioles,BAL,2014,2005-2014,,86455,Silver,T4 Ep. 7 - Baseball Reference 7  CL Zack Britton  BAL  2014,0,Y,5,1,5,1,5,1,1,5,1,5,1,4,5,1,5,1,25,1,Normal,Normal,Normal,82,76,172,108,97,91,171,161,76,72,173,97,-,-,-,69,100,-,-,-,-,-,-,-,2,EX GB,94-96,3/4,GB'er,13,65,-,-,-,35,20,26,23,9,2,1,70,-,-,-,-,-,-,-,-,70,-,-,-,-,-,-,-,-,7,3,6,11,,,0,0,0,0,0,0,0,0,0,0,0,0,0,0,0,0,0,0.0,0.00,0,-0.0,0.0,0.00,0,0,0.0,0.0,2,0,0,0,0,0,0,2.1,9,7,0,0,0,0,0,0,2,0,2,0,0,0,0,0,0,1,0,2,0,0.46,37,2,2,1,0,0.0,0.0,0.1,5.29,2,0,1,1,0,0,0,0,3.86,-0.0,1.079,1,0,2.1,0,0,0,0,1,1,0,0,0,0,0,0,0.0,0.0
RP,Dave Brown,Dave,Brown,Dubuque Packers,5' 11',165 lbs,L,L,89,Chicago American Giants,CAG,1919,2026,,84506,Gold,Negro League Star  SP Dave Brown  CAG  1919,0,N,0,23,59,3,62,36,23,58,3,62,36,24,60,4,63,37,43,13,Normal,Spray,Pull,103,79,80,92,106,81,80,94,102,79,81,92,80,127,100,-,104,-,-,-,-,-,-,-,4,NEU,88-90,3/4,Normal,83,60,1,1,1,29,26,27,25,53,59,65,64,-,-,-,-,-,-,-,56,64,-,-,-,-,-,-,-,56,8,4,6,28,,,0,0,0,0,0,0,0,0,0,0,0,0,0,0,0,0,0,0.0,0.00,0,-0.0,0.0,0.00,0,0,0.0,0.0,2,2,1,1,0,0,0,15.1,57,54,6,2,0,2,4,4,2,0,12,0,1,0,0,0,0,1,0,0,0,0.99,204,15,18,2,0,0.4,0.3,0.7,3.29,2,2,3,2,1,0,0,0,1.76,-0.0,1.079,2,0,15.1,0,0,2,2,0,0,1,1,0,0,0,0,0.0,0.0
RP,Dave Brown,Dave,Brown,Genericsville Generics,5' 11',165 lbs,L,L,89,Chicago American Giants,CAG,1919,2026,,84506,Gold,Negro League Star  SP Dave Brown  CAG  1919,0,N,0,23,59,3,62,36,23,58,3,62,36,24,60,4,63,37,43,13,Normal,Spray,Pull,103,79,80,92,106,81,80,94,102,79,81,92,80,127,100,-,104,-,-,-,-,-,-,-,4,NEU,88-90,3/4,Normal,83,60,1,1,1,29,26,27,25,53,59,65,64,-,-,-,-,-,-,-,56,64,-,-,-,-,-,-,-,56,8,4,6,28,,,0,0,0,0,0,0,0,0,0,0,0,0,0,0,0,0,0,0.0,0.00,0,-0.0,0.0,0.00,0,0,0.0,0.0,1,0,0,0,0,0,0,1.2,6,6,1,0,0,0,0,0,0,0,3,0,0,0,0,0,0,0,1,2,1,0.75,26,1,1,0,0,0.0,0.1,0.1,-0.43,1,0,0,0,0,0,0,0,0.00,0.0,.000,0,0,1.2,0,0,0,0,0,0,0,0,0,0,0,0,0.0,0.0
RP,A.J. Burnett,A.J.,Burnett,Herky Hyenas,6' 4',225 lbs,R,R,86,Florida Marlins,FLA,2002,1993-2004,BBR,85694,Gold,June Gems - Baseball Reference 3  SP A.J. Burnett  FLO  2002,0,N,0,8,34,18,27,10,8,22,17,20,9,8,37,19,30,11,73,7,Normal,Spray,Spray,120,56,87,120,120,52,55,125,120,60,112,119,99,124,115,-,-,-,-,-,-,-,122,-,4,NEU,89-91,3/4,Normal,86,86,-,-,-,27,13,21,23,3,1,4,47,-,-,-,-,-,-,-,-,47,-,-,-,-,-,-,-,-,9,5,6,13,,,0,0,0,0,0,0,0,0,0,0,0,0,0,0,0,0,0,0.0,0.00,0,-0.0,0.0,0.00,0,0,0.0,0.0,6,0,1,0,3,2,0,6.1,28,24,5,0,0,1,3,3,4,0,6,0,0,0,0,0,0,1,1,3,0,1.56,118,5,7,0,0,0.2,-0.1,0.1,4.49,6,0,2,2,0,0,0,0,2.84,0.1,1.079,0,0,6.1,0,0,2,2,0,0,0,0,0,0,0,0,0.0,0.0
RP,Steve Carlton,Steve,Carlton,NoseKerim Astea Kerim,6' 4',210 lbs,L,L,96,St. Louis Cardinals,STL,1969,1961-1979,,85109,Diamond,HOF 1 - Historical All-Star  SP Steve Carlton  STL  1969,0,Y,5,38,80,35,41,25,35,67,34,56,16,39,84,36,37,30,54,7,Normal,Pull,Pull,143,80,101,123,137,76,97,141,145,81,103,114,98,108,123,116,-,-,-,-,-,-,-,-,4,FB,90-92,3/4,Normal,86,60,-,-,-,29,24,25,22,4,1,10,66,-,-,-,-,-,-,-,-,66,-,-,-,-,-,-,-,-,5,5,6,5,,,0,0,0,0,0,0,0,0,0,0,0,0,0,0,0,0,0,0.0,0.00,0,-0.0,0.0,0.00,0,0,0.0,0.0,9,0,2,0,4,5,2,14.2,61,56,7,1,0,1,4,4,5,0,22,0,0,0,0,0,0,0,3,7,2,1.66,263,8,14,0,1,0.7,0.6,0.6,1.75,9,0,1,0,0,1,0,0,0.00,-0.1,.000,1,1,14.2,0,0,1,0,0,0,0,0,0,0,0,0,0.0,0.0
RP,Clay Carroll,Clay,Carroll,Lowlyworm's Apple Car,6' 1',200 lbs,R,R,65,Cincinnati Reds,CIN,1975,1961-1979,,83157,Bronze,Snapshot  RP Clay Carroll  CIN  1975,0,Y,5,1,5,1,4,1,1,5,1,6,1,1,5,1,4,4,31,16,Normal,Normal,Normal,56,88,82,124,48,96,71,139,64,83,90,119,45,-,64,70,-,-,-,-,-,-,-,-,3,EX GB,90-92,SIDE,GB'er,24,106,-,-,-,35,41,38,38,7,6,8,89,-,-,-,-,-,-,-,-,89,-,-,-,-,-,-,-,-,6,5,6,7,,,0,0,0,0,0,0,0,0,0,0,0,0,0,0,0,0,0,0.0,0.00,0,-0.0,0.0,0.00,0,0,0.0,0.0,4,0,0,0,0,0,1,3.2,16,13,2,0,0,0,0,0,2,0,1,0,0,1,1,0,0,1,1,3,2,0.41,74,4,5,0,0,-0.1,0.0,0.2,6.63,4,0,0,0,0,0,0,0,0.00,0.0,.000,0,0,3.2,0,0,0,0,0,0,0,0,0,0,0,0,0.0,0.0
RP,Bill Caudill,Bill,Caudill,Grand Rapids Warriors,6' 1',210 lbs,R,R,81,Seattle Mariners,SEA,1982,1980-1992,,85846,Gold,Heart Attack - Snapshot  CL Bill Caudill  SEA  1982,0,N,0,1,3,1,3,1,1,4,1,3,2,1,3,1,3,1,30,1,Normal,Normal,Normal,132,71,122,67,121,50,138,67,140,84,110,66,111,-,-,117,-,-,-,-,-,-,-,-,2,EX FB,91-93,3/4,Normal,34,59,-,-,-,25,20,22,23,4,5,5,52,-,-,-,-,-,-,-,-,52,-,-,-,-,-,-,-,-,7,4,6,9,,,0,0,0,0,0,0,0,0,0,0,0,0,0,0,0,0,0,0.0,0.00,0,-0.0,0.0,0.00,0,0,0.0,0.0,2,0,0,0,0,0,1,3.1,14,12,1,0,0,1,2,2,2,0,5,0,0,0,0,0,0,0,0,2,0,0.34,65,1,4,0,0,-0.1,-0.1,-0.0,2.16,2,0,0,0,0,0,0,0,0.00,0.0,.000,0,0,3.1,0,0,0,0,0,0,0,0,0,0,0,0,0.0,0.0
RP,Aroldis Chapman,Aroldis,Chapman,Chicago Gamblers - E6,6' 4',235 lbs,L,L,68,Pittsburgh Pirates,PIT,2024,2015+,,85347,Bronze,Played Where? - Snapshot  RP Aroldis Chapman  PIT  2024,0,Y,5,1,5,1,5,1,1,5,1,5,1,1,5,1,5,1,30,28,Normal,Normal,Normal,154,38,60,110,132,23,66,121,161,42,59,105,130,-,-,121,-,135,-,-,-,-,-,-,3,EX FB,98-100,OTT,Normal,16,47,-,-,-,27,13,21,23,5,2,5,51,-,-,-,-,-,-,-,-,51,-,-,-,-,-,-,-,-,15,4,6,26,,,0,0,0,0,0,0,0,0,0,0,0,0,0,0,0,0,0,0.0,0.00,0,-0.0,0.0,0.00,0,0,0.0,0.0,2,0,0,0,0,0,0,3.1,16,15,4,0,0,2,2,2,1,0,3,0,0,0,0,0,0,1,1,0,0,0.26,61,4,2,0,0,-0.0,-0.2,-0.0,4.01,2,0,1,0,0,1,0,0,0.00,0.0,.000,0,0,3.1,0,0,0,0,0,0,0,0,0,0,0,0,-0.1,0.0
RP,Aroldis Chapman,Aroldis,Chapman,Youngstown Ironmen,6' 4',235 lbs,L,L,68,Pittsburgh Pirates,PIT,2024,2015+,,85347,Bronze,Played Where? - Snapshot  RP Aroldis Chapman  PIT  2024,0,N,0,1,3,1,3,1,1,3,1,3,1,1,3,1,3,1,30,28,Normal,Normal,Normal,143,34,55,102,122,20,60,112,150,38,54,97,130,-,-,121,-,135,-,-,-,-,-,-,3,EX FB,98-100,OTT,Normal,16,47,-,-,-,27,13,21,23,5,2,5,47,-,-,-,-,-,-,-,-,47,-,-,-,-,-,-,-,-,15,4,6,26,,,0,0,0,0,0,0,0,0,0,0,0,0,0,0,0,0,0,0.0,0.00,0,-0.0,0.0,0.00,0,0,0.0,0.0,2,0,0,0,0,0,0,1.2,6,5,1,0,0,0,0,0,0,0,1,1,0,0,0,0,0,0,2,1,0,0.22,23,2,1,0,1,0.0,0.0,0.1,3.68,2,0,2,2,0,0,0,0,10.80,0.4,1.079,1,1,1.2,0,0,1,1,0,0,0,0,0,0,0,0,-0.1,0.0
RP,Norm Charlton,Norm,Charlton,Toronto Terns PCK,6' 3',195 lbs,S,L,81,Seattle Mariners,SEA,1995,1993-2004,,85763,Gold,SwitchKnucklers - Snapshot  CL Norm Charlton  SEA  1995,0,Y,5,4,7,1,5,1,4,7,1,5,1,4,7,1,5,1,27,1,Normal,Spray,Spray,121,58,133,105,102,55,154,120,130,60,125,102,100,-,-,92,-,128,-,-,-,-,-,-,3,NEU,90-92,3/4,Normal,20,57,-,-,-,30,20,24,23,5,3,10,63,-,-,-,-,-,-,-,-,63,-,-,-,-,-,-,-,-,9,4,6,14,,,0,0,0,0,0,0,0,0,0,0,0,0,0,0,0,0,0,0.0,0.00,0,-0.0,0.0,0.00,0,0,0.0,0.0,1,0,0,0,0,0,0,0.2,4,2,1,1,0,0,1,1,1,0,0,0,0,1,0,0,0,0,0,1,1,1.40,18,0,1,0,0,-0.0,-0.0,-0.1,9.38,1,0,1,1,0,0,0,0,13.50,0.0,.000,0,0,0.2,0,0,0,0,0,0,0,0,0,0,0,0,0.0,0.0
RP,Tom Cheney,Tom,Cheney,Herky Hyenas,6' 0',180 lbs,R,R,78,Washington Senators,TEX,1963,1961-1979,BBR,84822,Silver,Baseball Reference 1  SP Tom Cheney  WS2  1963,0,N,0,1,3,1,3,2,1,3,1,3,2,1,3,1,3,2,51,16,Normal,Normal,Normal,81,107,144,63,75,114,157,59,85,102,134,66,69,-,92,-,-,-,-,-,-,108,90,-,4,EX FB,88-90,3/4,Normal,67,50,-,-,-,30,20,24,23,5,9,7,58,-,-,-,-,-,-,-,-,58,-,-,-,-,-,-,-,-,10,5,6,15,,,0,0,0,0,0,0,0,0,0,0,0,0,0,0,0,0,0,0.0,0.00,0,-0.0,0.0,0.00,0,0,0.0,0.0,6,0,0,0,0,2,1,12.1,48,44,3,1,0,4,7,5,3,0,11,1,0,0,0,0,0,2,2,5,0,0.68,211,12,11,1,1,0.4,-0.3,-0.0,3.37,6,0,0,0,0,0,0,0,0.00,0.2,.000,2,1,12.1,0,0,0,0,0,0,0,0,0,0,0,0,0.0,0.0
RP,Larry Christenson,Larry,Christenson,Oslo Nordiques,6' 4',215 lbs,R,R,79,Philadelphia Phillies,PHI,1978,1961-1979,,83253,Silver,Snapshot  SP Larry Christenson  PHI  1978,0,N,0,4,20,13,19,5,4,20,16,16,3,5,21,13,20,6,69,3,Normal,Spray,Spray,69,103,88,71,77,89,66,68,63,120,106,74,63,-,85,88,-,-,-,-,-,-,-,-,3,NEU,88-90,SIDE,Normal,77,113,-,-,-,30,13,22,23,9,8,4,51,-,-,-,-,-,-,-,-,51,-,-,-,-,-,-,-,-,6,5,11,5,,,0,0,0,0,0,0,0,0,0,0,0,0,0,0,0,0,0,0.0,0.00,0,-0.0,0.0,0.00,0,0,0.0,0.0,2,0,0,1,0,0,1,1.2,8,7,1,0,0,1,1,1,1,0,1,0,0,0,0,0,0,0,2,0,0,0.79,24,1,3,0,0,-0.4,-0.1,-0.0,5.46,2,0,0,0,0,0,0,0,0.00,0.0,.000,0,0,1.2,0,0,0,0,0,0,0,0,0,0,0,0,0.0,0.0
RP,Larry Christenson,Larry,Christenson,Dubuque Packers,6' 4',215 lbs,R,R,79,Philadelphia Phillies,PHI,1978,1961-1979,,83253,Silver,Snapshot  SP Larry Christenson  PHI  1978,0,N,0,4,20,13,19,5,4,20,16,16,3,5,21,13,20,6,69,3,Normal,Spray,Spray,69,103,88,71,77,89,66,68,63,120,106,74,63,-,85,88,-,-,-,-,-,-,-,-,3,NEU,88-90,SIDE,Normal,77,113,-,-,-,30,13,22,23,9,8,4,51,-,-,-,-,-,-,-,-,51,-,-,-,-,-,-,-,-,6,5,11,5,,,0,0,0,0,0,0,0,0,0,0,0,0,0,0,0,0,0,0.0,0.00,0,-0.0,0.0,0.00,0,0,0.0,0.0,2,0,0,0,0,0,0,1.2,5,5,0,0,0,0,0,0,0,0,1,0,0,0,0,0,0,0,2,3,0,0.16,21,3,1,0,0,0.0,0.1,0.1,4.19,2,0,0,0,0,0,0,0,0.00,0.0,.000,0,0,1.2,0,0,0,0,0,0,0,0,0,0,0,0,0.0,0.0
RP,Larry Christenson,Larry,Christenson,Jeju City Foxes,6' 4',215 lbs,R,R,79,Philadelphia Phillies,PHI,1978,1961-1979,,83253,Silver,Snapshot  SP Larry Christenson  PHI  1978,0,N,0,4,20,13,19,5,4,20,16,16,3,5,21,13,20,6,69,3,Normal,Spray,Spray,69,103,88,71,77,89,66,68,63,120,106,74,63,-,85,88,-,-,-,-,-,-,-,-,3,NEU,88-90,SIDE,Normal,77,113,-,-,-,30,13,22,23,9,8,4,51,-,-,-,-,-,-,-,-,51,-,-,-,-,-,-,-,-,6,5,11,5,,,0,0,0,0,0,0,0,0,0,0,0,0,0,0,0,0,0,0.0,0.00,0,-0.0,0.0,0.00,0,0,0.0,0.0,1,0,0,0,0,0,0,3.2,16,16,3,3,0,0,5,5,0,0,4,0,0,0,1,0,0,1,0,0,0,0.23,61,3,3,0,0,0.0,0.2,-0.2,2.38,1,0,0,0,0,0,0,0,0.00,0.0,.000,0,0,3.2,0,0,0,0,0,0,0,0,0,0,0,0,-0.1,0.0
RP,Chuck Churn,Chuck,Churn,Zanesville Greys,6' 3',205 lbs,R,R,66,Los Angeles Dodgers,LAD,1959,1946-1960,CS,86661,Bronze,Clubhouse - Unsung Heroes  RP Chuck Churn  LAD  1959,0,N,0,2,5,1,3,1,2,5,1,3,1,2,5,1,3,1,28,1,Normal,Normal,Normal,101,87,65,117,68,38,48,170,140,121,74,85,-,-,120,-,105,-,-,-,-,-,-,-,2,NEU,89-91,3/4,Normal,38,60,-,-,-,27,20,23,23,6,4,7,55,-,-,-,-,-,-,-,-,55,-,-,-,-,-,-,-,-,5,3,6,6,,,0,0,0,0,0,0,0,0,0,0,0,0,0,0,0,0,0,0.0,0.00,0,-0.0,0.0,0.00,0,0,0.0,0.0,2,0,0,0,0,0,0,2.1,7,7,0,0,0,0,0,0,0,0,5,0,0,0,0,0,0,0,0,1,0,0.37,29,1,1,0,0,0.1,0.1,0.1,-2.08,2,0,0,0,0,0,0,0,0.00,0.0,.000,0,0,2.1,0,0,0,0,0,0,0,0,0,0,0,0,0.0,0.0
RP,Chuck Churn,Chuck,Churn,Lowlyworm's Apple Car,6' 3',205 lbs,R,R,66,Los Angeles Dodgers,LAD,1959,1946-1960,CS,86661,Bronze,Clubhouse - Unsung Heroes  RP Chuck Churn  LAD  1959,0,N,0,2,5,1,3,1,2,5,1,3,1,2,5,1,3,1,28,1,Normal,Normal,Normal,101,87,65,117,68,38,48,170,140,121,74,85,-,-,120,-,105,-,-,-,-,-,-,-,2,NEU,89-91,3/4,Normal,38,60,-,-,-,27,20,23,23,6,4,7,55,-,-,-,-,-,-,-,-,55,-,-,-,-,-,-,-,-,5,3,6,6,,,0,0,0,0,0,0,0,0,0,0,0,0,0,0,0,0,0,0.0,0.00,0,-0.0,0.0,0.00,0,0,0.0,0.0,1,0,0,0,0,0,0,2.0,8,6,0,1,0,0,1,1,1,0,1,0,1,0,0,0,0,0,0,0,0,0.41,31,1,4,0,0,0.0,0.0,0.0,5.10,1,0,0,0,0,0,0,0,0.00,0.0,.000,0,0,2.0,0,0,0,0,0,0,0,0,0,0,0,0,-0.1,0.0
RP,Alex Claudio,Alex,Claudio,Kansas City Torrent - JW,6' 3',180 lbs,L,L,70,Texas Rangers,TEX,2017,2015+,,86447,Silver,T4 Ep. 7 - Baseball Reference 7  RP Alex Claudio  TEX  2017,42 467,Y,5,1,5,1,5,1,1,5,1,5,1,4,5,1,5,1,24,1,Normal,Normal,Normal,53,139,99,144,69,157,172,168,46,133,82,140,-,77,-,50,75,-,-,-,-,-,-,-,3,EX GB,86-88,SIDE,GB'er,23,115,-,-,-,35,20,26,23,3,1,3,70,-,-,-,-,-,-,-,-,70,-,-,-,-,-,-,-,-,5,5,6,5,,,0,0,0,0,0,0,0,0,0,0,0,0,0,0,0,0,0,0.0,0.00,0,-0.0,0.0,0.00,0,0,0.0,0.0,2,0,0,0,0,1,0,2.1,10,10,1,1,0,1,1,1,0,0,2,0,0,0,0,0,0,0,2,1,0,2.01,39,3,2,0,0,0.2,-0.1,0.0,3.14,2,0,2,2,0,0,0,0,7.71,0.1,1.079,0,0,2.1,0,0,2,2,0,0,0,0,0,0,0,0,0.0,0.0
RP,Alex Claudio,Alex,Claudio,Shakedown 1977 Microbus TTC - GH,6' 3',180 lbs,L,L,70,Texas Rangers,TEX,2017,2015+,,86447,Silver,T4 Ep. 7 - Baseball Reference 7  RP Alex Claudio  TEX  2017,0,N,0,1,3,1,3,1,1,3,1,3,1,2,3,1,3,1,24,1,Normal,Normal,Normal,48,129,91,134,63,146,160,156,41,123,75,130,-,77,-,50,75,-,-,-,-,-,-,-,3,EX GB,86-88,SIDE,GB'er,23,115,-,-,-,35,20,26,23,3,1,3,65,-,-,-,-,-,-,-,-,65,-,-,-,-,-,-,-,-,5,5,6,5,,,0,0,0,0,0,0,0,0,0,0,0,0,0,0,0,0,0,0.0,0.00,0,-0.0,0.0,0.00,0,0,0.0,0.0,5,0,1,0,0,1,2,4.2,26,21,3,3,0,1,7,7,5,1,3,0,0,0,0,0,0,0,2,4,1,1.67,101,6,5,0,0,-0.1,-0.2,-0.5,6.43,5,0,1,1,0,0,0,0,1.93,0.1,1.079,0,0,4.2,0,0,1,1,0,0,0,0,0,0,0,0,-0.4,0.0
RP,Matt Clement,Matt,Clement,Chicago Gamblers - E6,6' 3',210 lbs,R,R,69,Chicago Cubs,CHC,2002,1993-2004,PTMS,86089,Bronze,PTMS 2  SP Matt Clement  CHC  2002,0,N,0,36,46,1,21,26,1,10,1,6,38,43,55,1,27,20,27,1,Normal,Normal,Normal,108,68,110,97,96,47,133,115,120,80,95,88,91,104,-,108,113,-,-,-,-,-,-,-,4,NEU,91-93,3/4,Normal,74,69,-,-,-,24,13,20,23,2,8,1,43,-,-,-,-,-,-,-,-,43,-,-,-,-,-,-,-,-,10,5,6,14,,,0,0,0,0,0,0,0,0,0,0,0,0,0,0,0,0,0,0.0,0.00,0,-0.0,0.0,0.00,0,0,0.0,0.0,2,0,0,0,0,0,0,4.0,17,17,5,0,0,0,0,0,0,0,4,0,0,0,0,0,0,0,2,3,0,0.38,61,5,3,0,0,0.0,0.2,0.2,2.73,2,0,0,0,0,0,0,0,0.00,-0.2,.000,0,0,4.0,0,0,0,0,1,0,0,0,0,0,0,0,0.0,0.0
RP,Matt Clement,Matt,Clement,Freedom Grabbers - HotL,6' 3',210 lbs,R,R,69,Chicago Cubs,CHC,2002,1993-2004,PTMS,86089,Bronze,PTMS 2  SP Matt Clement  CHC  2002,0,N,0,36,46,1,21,26,1,10,1,6,38,43,55,1,27,20,27,1,Normal,Normal,Normal,108,68,110,97,96,47,133,115,120,80,95,88,91,104,-,108,113,-,-,-,-,-,-,-,4,NEU,91-93,3/4,Normal,74,69,-,-,-,24,13,20,23,2,8,1,43,-,-,-,-,-,-,-,-,43,-,-,-,-,-,-,-,-,10,5,6,14,,,0,0,0,0,0,0,0,0,0,0,0,0,0,0,0,0,0,0.0,0.00,0,-0.0,0.0,0.00,0,0,0.0,0.0,2,0,0,1,0,0,1,3.0,14,12,3,0,0,2,4,4,0,0,1,1,0,1,0,0,0,0,1,0,0,0.82,55,4,3,0,1,-0.5,-0.2,-0.2,4.92,2,0,4,2,2,0,0,0,12.00,0.4,1.079,1,1,3.0,0,0,1,1,0,0,0,0,0,0,0,0,0.1,0.0
RP,Matt Clement,Matt,Clement,Great Lakes Man-of-War-HOTL,6' 3',210 lbs,R,R,69,Chicago Cubs,CHC,2002,1993-2004,PTMS,86089,Bronze,PTMS 2  SP Matt Clement  CHC  2002,0,N,0,36,46,1,21,26,1,10,1,6,38,43,55,1,27,20,27,1,Normal,Normal,Normal,108,68,110,97,96,47,133,115,120,80,95,88,91,104,-,108,113,-,-,-,-,-,-,-,4,NEU,91-93,3/4,Normal,74,69,-,-,-,24,13,20,23,2,8,1,43,-,-,-,-,-,-,-,-,43,-,-,-,-,-,-,-,-,10,5,6,14,,,0,0,0,0,0,0,0,0,0,0,0,0,0,0,0,0,0,0.0,0.00,0,-0.0,0.0,0.00,0,0,0.0,0.0,1,0,0,0,0,0,0,1.0,7,6,2,0,0,1,2,2,1,0,1,0,0,0,0,0,0,0,1,0,0,0.09,28,2,0,0,0,-0.0,-0.1,-0.1,5.72,1,0,0,0,0,0,0,0,0.00,0.0,.000,0,0,1.0,0,0,0,0,0,0,0,0,0,0,0,0,0.1,0.0
RP,Matt Clement,Matt,Clement,Sydney Whalers,6' 3',210 lbs,R,R,69,Chicago Cubs,CHC,2002,1993-2004,PTMS,86089,Bronze,PTMS 2  SP Matt Clement  CHC  2002,0,N,0,36,46,1,21,26,1,10,1,6,38,43,55,1,27,20,27,1,Normal,Normal,Normal,108,68,110,97,96,47,133,115,120,80,95,88,91,104,-,108,113,-,-,-,-,-,-,-,4,NEU,91-93,3/4,Normal,74,69,-,-,-,24,13,20,23,2,8,1,43,-,-,-,-,-,-,-,-,43,-,-,-,-,-,-,-,-,10,5,6,14,,,0,0,0,0,0,0,0,0,0,0,0,0,0,0,0,0,0,0.0,0.00,0,-0.0,0.0,0.00,0,0,0.0,0.0,1,0,0,0,0,0,0,2.1,12,12,2,3,0,0,3,3,0,0,1,0,0,0,1,0,0,0,0,1,1,0.29,42,3,3,0,0,-0.0,0.1,-0.1,4.78,1,0,0,0,0,0,0,0,0.00,0.0,.000,0,0,2.1,0,0,0,0,0,0,0,0,0,0,0,0,0.0,0.0
RP,Matt Clement,Matt,Clement,Chicago Seals,6' 3',210 lbs,R,R,69,Chicago Cubs,CHC,2002,1993-2004,PTMS,86089,Bronze,PTMS 2  SP Matt Clement  CHC  2002,0,N,0,36,46,1,21,26,1,10,1,6,38,43,55,1,27,20,27,1,Normal,Normal,Normal,108,68,110,97,96,47,133,115,120,80,95,88,91,104,-,108,113,-,-,-,-,-,-,-,4,NEU,91-93,3/4,Normal,74,69,-,-,-,24,13,20,23,2,8,1,43,-,-,-,-,-,-,-,-,43,-,-,-,-,-,-,-,-,10,5,6,14,,,0,0,0,0,0,0,0,0,0,0,0,0,0,0,0,0,0,0.0,0.00,0,-0.0,0.0,0.00,0,0,0.0,0.0,3,0,0,0,0,0,0,7.0,25,25,4,1,0,0,1,1,0,0,3,0,0,0,0,0,0,1,2,0,0,0.22,92,11,6,0,0,-0.0,0.2,0.3,4.35,3,0,3,1,2,0,0,0,3.86,0.1,1.079,0,0,7.0,0,0,1,1,0,0,0,0,0,0,0,0,-0.1,0.0
RP,Matt Clement,Matt,Clement,Paso Robles Powerhouse,6' 3',210 lbs,R,R,69,Chicago Cubs,CHC,2002,1993-2004,PTMS,86089,Bronze,PTMS 2  SP Matt Clement  CHC  2002,0,N,0,36,46,1,21,26,1,10,1,6,38,43,55,1,27,20,27,1,Normal,Normal,Normal,108,68,110,97,96,47,133,115,120,80,95,88,91,104,-,108,113,-,-,-,-,-,-,-,4,NEU,91-93,3/4,Normal,74,69,-,-,-,24,13,20,23,2,8,1,43,-,-,-,-,-,-,-,-,43,-,-,-,-,-,-,-,-,10,5,6,14,,,0,0,0,0,0,0,0,0,0,0,0,0,0,0,0,0,0,0.0,0.00,0,-0.0,0.0,0.00,0,0,0.0,0.0,4,0,0,0,0,1,0,6.0,24,23,4,1,0,1,2,2,1,0,6,0,0,0,0,0,0,0,3,5,1,0.48,89,5,6,1,1,0.1,0.0,0.1,2.82,4,0,0,0,0,0,0,0,0.00,0.2,.000,2,1,6.0,0,0,0,0,0,0,0,0,0,0,0,0,0.0,0.0
RP,Tyler Clippard,Tyler,Clippard,Winnipeg Golden Knights,6' 3',200 lbs,R,R,88,Washington Nationals,WSN,2014,2005-2014,ME,84072,Gold,Live Collection Reward - Historical All-Star  RP Tyler Clippard  WAS  2014,0,N,0,14,36,2,19,9,14,36,2,20,9,14,36,2,19,9,25,6,Normal,Spray,Spray,109,63,105,104,89,51,104,100,130,70,106,107,73,131,91,107,-,-,-,-,-,-,-,-,4,EX FB,93-95,OTT,Normal,17,98,-,-,-,27,20,23,23,2,10,3,55,-,-,-,-,-,-,-,-,55,-,-,-,-,-,-,-,-,16,5,6,28,,,0,0,0,0,0,0,0,0,0,0,0,0,0,0,0,0,0,0.0,0.00,0,-0.0,0.0,0.00,0,0,0.0,0.0,5,0,1,0,0,0,2,3.0,15,13,2,1,0,2,4,4,2,0,3,0,0,0,0,0,0,1,1,3,1,1.22,59,4,1,0,0,-0.6,-0.3,-0.2,4.74,5,0,1,0,1,0,0,0,3.00,0.0,.000,0,0,3.0,0,0,0,0,0,0,0,0,0,0,0,0,0.0,0.0
RP,Tyler Clippard,Tyler,Clippard,Oslo Nordiques,6' 3',200 lbs,R,R,88,Washington Nationals,WSN,2014,2005-2014,ME,84072,Gold,Live Collection Reward - Historical All-Star  RP Tyler Clippard  WAS  2014,0,N,0,14,36,2,19,9,14,36,2,20,9,14,36,2,19,9,25,6,Normal,Spray,Spray,109,63,105,104,89,51,104,100,130,70,106,107,73,131,91,107,-,-,-,-,-,-,-,-,4,EX FB,93-95,OTT,Normal,17,98,-,-,-,27,20,23,23,2,10,3,55,-,-,-,-,-,-,-,-,55,-,-,-,-,-,-,-,-,16,5,6,28,,,0,0,0,0,0,0,0,0,0,0,0,0,0,0,0,0,0,0.0,0.00,0,-0.0,0.0,0.00,0,0,0.0,0.0,1,0,0,0,0,0,0,3.0,16,14,2,1,0,0,2,1,2,0,2,0,0,0,1,0,0,0,0,0,0,0.31,56,4,3,1,0,-0.0,0.0,-0.0,5.52,1,0,0,0,0,0,0,0,0.00,-0.1,.000,1,0,3.0,0,0,0,0,0,0,0,0,0,0,0,0,0.0,0.0
RP,Tyler Clippard,Tyler,Clippard,Dubuque Packers,6' 3',200 lbs,R,R,88,Washington Nationals,WSN,2014,2005-2014,ME,84072,Gold,Live Collection Reward - Historical All-Star  RP Tyler Clippard  WAS  2014,0,N,0,14,36,2,19,9,14,36,2,20,9,14,36,2,19,9,25,6,Normal,Spray,Spray,109,63,105,104,89,51,104,100,130,70,106,107,73,131,91,107,-,-,-,-,-,-,-,-,4,EX FB,93-95,OTT,Normal,17,98,-,-,-,27,20,23,23,2,10,3,55,-,-,-,-,-,-,-,-,55,-,-,-,-,-,-,-,-,16,5,6,28,,,0,0,0,0,0,0,0,0,0,0,0,0,0,0,0,0,0,0.0,0.00,0,-0.0,0.0,0.00,0,0,0.0,0.0,2,0,0,0,0,1,0,3.0,13,12,1,0,0,2,3,3,1,0,2,0,0,0,0,0,0,0,0,2,0,0.49,52,1,6,0,0,0.0,-0.2,-0.1,3.88,2,0,1,1,0,0,0,0,3.00,0.1,1.079,0,0,3.0,0,0,1,1,0,0,0,0,0,0,0,0,0.0,0.0
RP,Tyler Clippard,Tyler,Clippard,Genericsville Generics,6' 3',200 lbs,R,R,88,Washington Nationals,WSN,2014,2005-2014,ME,84072,Gold,Live Collection Reward - Historical All-Star  RP Tyler Clippard  WAS  2014,0,N,0,14,36,2,19,9,14,36,2,20,9,14,36,2,19,9,25,6,Normal,Spray,Spray,109,63,105,104,89,51,104,100,130,70,106,107,73,131,91,107,-,-,-,-,-,-,-,-,4,EX FB,93-95,OTT,Normal,17,98,-,-,-,27,20,23,23,2,10,3,55,-,-,-,-,-,-,-,-,55,-,-,-,-,-,-,-,-,16,5,6,28,,,0,0,0,0,0,0,0,0,0,0,0,0,0,0,0,0,0,0.0,0.00,0,-0.0,0.0,0.00,0,0,0.0,0.0,2,0,0,0,0,0,0,2.2,8,8,0,0,0,0,0,0,0,0,0,0,0,0,0,0,0,0,2,0,0,0.08,25,4,4,0,0,0.0,0.0,0.2,6.14,2,0,0,0,0,0,0,0,0.00,0.0,.000,0,0,2.2,0,0,0,0,0,0,0,0,0,0,0,0,0.0,0.0
RP,David Cone,David,Cone,Oysters Incognito,6' 1',190 lbs,L,R,86,Toronto Blue Jays,TOR,1992,1980-1992,LE,86348,Gold,Limited Edition/47  SP David Cone  TOR  1992,0,N,0,2,17,1,15,8,4,27,1,23,8,2,14,2,13,9,62,4,Normal,Normal,Normal,118,56,128,113,99,49,126,127,135,61,130,98,109,-,87,97,-,155,-,-,-,-,-,-,4,EX FB,92-94,3/4,Normal,91,50,-,-,-,27,18,22,23,2,10,3,52,-,-,-,-,-,-,-,-,52,-,-,-,-,-,-,-,-,8,4,6,12,,,0,0,0,0,0,0,0,0,0,0,0,0,0,0,0,0,0,0.0,0.00,0,-0.0,0.0,0.00,0,0,0.0,0.0,1,0,0,0,0,0,0,2.1,12,10,2,0,0,0,0,0,2,0,4,0,0,0,0,0,0,0,0,1,0,0.77,50,0,3,0,0,0.0,0.1,0.1,2.66,1,0,0,0,0,0,0,0,0.00,0.0,.000,0,0,2.1,0,0,0,0,0,0,0,0,0,0,0,0,0.0,0.0
RP,John D'Acquisto,John,D'Acquisto,Svendborg Sailors,6' 2',205 lbs,R,R,76,San Diego Padres,SDP,1978,1961-1979,,82823,Silver,Unsung Heroes  RP John D'Acquisto  SD  1978,0,N,0,2,4,1,3,1,2,4,1,4,1,2,4,1,3,1,27,24,Normal,Normal,Normal,129,37,91,115,116,30,79,129,140,44,101,108,85,-,117,133,-,-,-,-,-,-,-,-,3,EX FB,94-96,SIDE,Normal,25,94,-,-,-,28,20,23,23,3,5,7,55,-,-,-,-,-,-,-,-,55,-,-,-,-,-,-,-,-,10,3,6,16,,,0,0,0,0,0,0,0,0,0,0,0,0,0,0,0,0,0,0.0,0.00,0,-0.0,0.0,0.00,0,0,0.0,0.0,1,0,0,0,0,0,0,0.2,5,3,0,0,0,1,3,3,2,0,1,0,0,0,0,0,0,0,0,0,0,0.18,25,1,0,0,0,-0.0,-0.2,-0.2,7.51,1,0,0,0,0,0,0,0,0.00,0.0,.000,0,0,0.2,0,0,0,0,0,0,0,0,0,0,0,0,0.0,0.0
RP,Dave Danforth,Dave,Danforth,Winnipeg Brew Jays - HotL,6' 0',165 lbs,L,L,87,Chicago White Sox,CHW,1917,2026,LE,86574,Gold,Limited Edition/50  RP Dave Danforth  CWS  1917,0,N,0,5,17,1,14,4,3,29,1,8,2,6,14,1,16,5,51,3,Normal,Normal,Normal,110,80,87,161,109,66,85,170,110,84,88,158,90,-,-,-,-,-,-,-,-,131,-,-,2,EX FB,90-92,3/4,Normal,74,68,-,-,-,35,27,28,23,4,10,10,73,-,-,-,-,-,-,-,-,73,-,-,-,-,-,-,-,-,7,5,10,8,,,0,0,0,0,0,0,0,0,0,0,0,0,0,0,0,0,0,0.0,0.00,0,-0.0,0.0,0.00,0,0,0.0,0.0,4,0,2,2,0,2,2,5.1,22,20,2,0,0,2,5,5,2,0,6,0,0,0,0,0,0,0,3,0,0,2.53,91,4,6,1,0,-0.1,-0.3,-0.3,3.03,4,0,0,0,0,0,0,0,0.00,-0.1,.000,1,0,5.1,0,0,0,0,0,0,0,0,0,0,0,0,-0.3,0.0
RP,Dave Danforth,Dave,Danforth,Charlotte Hellcats GH,6' 0',165 lbs,L,L,87,Chicago White Sox,CHW,1917,2026,LE,86574,Gold,Limited Edition/50  RP Dave Danforth  CWS  1917,0,N,0,5,17,1,14,4,3,29,1,8,2,6,14,1,16,5,51,3,Normal,Normal,Normal,110,80,87,161,109,66,85,170,110,84,88,158,90,-,-,-,-,-,-,-,-,131,-,-,2,EX FB,90-92,3/4,Normal,74,68,-,-,-,35,27,28,23,4,10,10,73,-,-,-,-,-,-,-,-,73,-,-,-,-,-,-,-,-,7,5,10,8,,,0,0,0,0,0,0,0,0,0,0,0,0,0,0,0,0,0,0.0,0.00,0,-0.0,0.0,0.00,0,0,0.0,0.0,4,0,0,0,0,1,1,6.0,28,25,4,0,0,2,3,3,2,0,5,0,1,0,0,0,0,0,2,5,4,1.59,111,6,7,0,0,0.4,-0.2,0.0,4.18,4,0,2,0,1,1,0,0,1.50,-0.5,.000,0,0,6.0,0,0,1,0,0,0,0,0,0,0,0,0,-0.1,0.0
RP,Dave Danforth,Dave,Danforth,Oysters Incognito,6' 0',165 lbs,L,L,87,Chicago White Sox,CHW,1917,2026,LE,86574,Gold,Limited Edition/50  RP Dave Danforth  CWS  1917,0,N,0,5,17,1,14,4,3,29,1,8,2,6,14,1,16,5,51,3,Normal,Normal,Normal,110,80,87,161,109,66,85,170,110,84,88,158,90,-,-,-,-,-,-,-,-,131,-,-,2,EX FB,90-92,3/4,Normal,74,68,-,-,-,35,27,28,23,4,10,10,73,-,-,-,-,-,-,-,-,73,-,-,-,-,-,-,-,-,7,5,10,8,,,0,0,0,0,0,0,0,0,0,0,0,0,0,0,0,0,0,0.0,0.00,0,-0.0,0.0,0.00,0,0,0.0,0.0,1,0,0,1,0,0,1,0.1,6,3,1,1,0,0,3,3,3,0,0,0,0,0,0,0,0,0,1,3,3,5.60,29,0,1,0,0,-0.9,-0.3,-0.8,12.42,1,0,0,0,0,0,0,0,0.00,0.0,.000,0,0,0.1,0,0,0,0,0,0,0,0,0,0,0,0,0.0,0.0
RP,Doug Davis,Doug,Davis,seebal Saeki,6' 3',185 lbs,R,L,73,Milwaukee Brewers,MIL,2004,1993-2004,BBR,86802,Silver,September Stars - Baseball Reference 8  SP Doug Davis  MIL  2004,0,N,0,2,14,2,12,4,2,8,2,21,4,2,16,2,10,5,58,3,Normal,Normal,Normal,85,74,76,127,69,85,72,132,89,70,78,125,87,81,98,76,-,-,107,-,-,-,-,-,5,NEU,89-91,3/4,Normal,66,56,-,-,-,26,17,22,23,4,10,5,50,-,-,-,-,-,-,-,-,50,-,-,-,-,-,-,-,-,8,3,6,12,,,0,0,0,0,0,0,0,0,0,0,0,0,0,0,0,0,0,0.0,0.00,0,-0.0,0.0,0.00,0,0,0.0,0.0,2,0,0,0,0,0,0,3.1,15,14,5,0,0,0,1,1,1,0,1,0,0,0,0,0,0,0,1,2,0,0.33,54,3,5,1,0,0.0,0.0,0.1,5.89,2,0,0,0,0,0,0,0,0.00,-0.1,.000,1,0,3.1,0,0,0,0,0,0,0,0,0,0,0,0,-0.1,0.0
RP,John Donaldson,John,Donaldson,Waltham River Otters,6' 1',180 lbs,L,L,89,Kansas City Monarchs,KCM,1920,2026,PTCS,84467,Gold,PTCS 2 - Negro League Star  SP John Donaldson  KCM  1920,0,N,0,86,91,101,57,82,88,84,84,48,71,86,94,110,60,85,117,100,Normal,Spray,Pull,96,103,53,120,99,111,53,127,95,100,53,118,90,125,109,86,-,-,-,-,-,-,-,-,4,NEU,90-92,3/4,Normal,72,60,-,-,-,64,60,63,60,69,63,78,114,-,82,-,-,-,82,58,79,114,-,82,-,-,-,82,58,79,61,55,63,49,,,0,0,0,0,0,0,0,0,0,0,0,0,0,0,0,0,0,0.0,0.00,0,-0.0,0.0,0.00,0,0,0.0,0.0,2,0,0,0,0,0,0,2.2,13,13,1,3,0,1,3,3,0,0,1,0,0,0,0,0,0,0,1,4,1,0.52,43,2,5,0,0,0.0,-0.1,-0.1,4.78,2,0,1,0,1,0,0,0,3.38,0.0,.000,0,0,2.2,0,0,0,0,0,0,0,0,0,0,0,0,-0.1,0.0
RP,Ryne Duren,Ryne,Duren,Wilson Horns,6' 1',195 lbs,R,R,94,New York Yankees,NYA,1959,1946-1960,BBR,85652,Diamond,June Gems - Baseball Reference 3  CL Ryne Duren  NYY  1959,0,N,0,1,3,1,5,1,1,3,1,5,1,1,3,1,5,1,53,2,Normal,Spray,Spray,156,30,138,117,160,26,117,160,153,33,155,94,143,-,-,128,-,-,-,-,-,-,-,-,2,FB,97-99,3/4,Normal,25,55,-,-,-,35,20,26,23,5,9,10,65,-,-,-,-,-,-,-,-,65,-,-,-,-,-,-,-,-,9,5,6,13,,,0,0,0,0,0,0,0,0,0,0,0,0,0,0,0,0,0,0.0,0.00,0,-0.0,0.0,0.00,0,0,0.0,0.0,1,0,0,0,0,0,1,0.1,2,2,0,0,0,1,1,1,0,0,0,0,0,0,0,0,0,0,1,0,0,0.25,4,0,1,0,0,-0.1,-0.1,-0.1,5.41,1,0,0,0,0,0,0,0,0.00,0.0,.000,0,0,0.1,0,0,0,0,0,0,0,0,0,0,0,0,0.0,0.0
RP,Dock Ellis,Dock,Ellis,Camjaveratyn O-Forge,6' 3',210 lbs,S,R,85,Pittsburgh Pirates,PIT,1970,1961-1979,ME,85145,Gold,Electric No-Hitter  SP Dock Ellis  PIT  1970,0,N,0,58,35,1,19,17,62,15,1,28,10,57,40,1,17,20,65,57,Normal,Spray,Spray,75,72,138,141,70,77,140,146,79,69,136,131,-,98,97,85,95,-,-,-,-,-,-,-,4,GB,89-91,3/4,GB'er,92,50,-,-,-,27,25,25,25,2,8,8,60,-,-,-,-,-,-,-,-,60,-,-,-,-,-,-,-,-,43,41,76,27,,,0,0,0,0,0,0,0,0,0,0,0,0,0,0,0,0,0,0.0,0.00,0,-0.0,0.0,0.00,0,0,0.0,0.0,2,0,0,0,0,0,0,4.0,18,16,3,1,0,0,0,0,2,0,4,0,0,0,0,0,0,0,1,0,0,0.40,69,2,6,1,0,0.0,0.1,0.2,3.73,2,0,1,1,0,0,0,0,2.25,-0.3,1.079,1,0,4.0,0,0,2,1,0,0,0,0,0,0,0,0,0.0,0.0
RP,Dock Ellis,Dock,Ellis,Toronto Terns PCK,6' 3',210 lbs,S,R,85,Pittsburgh Pirates,PIT,1970,1961-1979,ME,85145,Gold,Electric No-Hitter  SP Dock Ellis  PIT  1970,0,N,0,58,35,1,19,17,62,15,1,28,10,57,40,1,17,20,65,57,Normal,Spray,Spray,75,72,138,141,70,77,140,146,79,69,136,131,-,98,97,85,95,-,-,-,-,-,-,-,4,GB,89-91,3/4,GB'er,92,50,-,-,-,27,25,25,25,2,8,8,60,-,-,-,-,-,-,-,-,60,-,-,-,-,-,-,-,-,43,41,76,27,,,0,0,0,0,0,0,0,0,0,0,0,0,0,0,0,0,0,0.0,0.00,0,-0.0,0.0,0.00,0,0,0.0,0.0,1,0,0,0,0,0,0,1.1,5,5,1,0,0,0,0,0,0,0,3,0,0,0,0,0,0,0,0,1,0,0.62,35,1,0,0,0,0.0,0.1,0.1,-0.18,1,0,0,0,0,0,0,0,0.00,0.0,.000,0,0,1.1,0,0,0,0,0,0,0,0,0,0,0,0,0.0,0.0
RP,Dock Ellis,Dock,Ellis,Herky Hyenas,6' 3',210 lbs,S,R,85,Pittsburgh Pirates,PIT,1970,1961-1979,ME,85145,Gold,Electric No-Hitter  SP Dock Ellis  PIT  1970,0,N,0,58,35,1,19,17,62,15,1,28,10,57,40,1,17,20,65,57,Normal,Spray,Spray,75,72,138,141,70,77,140,146,79,69,136,131,-,98,97,85,95,-,-,-,-,-,-,-,4,GB,89-91,3/4,GB'er,92,50,-,-,-,27,25,25,25,2,8,8,60,-,-,-,-,-,-,-,-,60,-,-,-,-,-,-,-,-,43,41,76,27,,,0,0,0,0,0,0,0,0,0,0,0,0,0,0,0,0,0,0.0,0.00,0,-0.0,0.0,0.00,0,0,0.0,0.0,7,0,1,1,1,4,1,8.1,32,26,3,0,0,0,1,1,6,0,10,0,0,0,0,0,0,1,3,2,1,1.87,137,7,6,0,1,0.6,0.2,0.5,3.75,7,0,0,0,0,0,0,0,0.00,0.3,.000,1,1,8.1,0,0,0,0,0,0,0,0,0,0,0,0,0.0,0.0
RP,Dock Ellis,Dock,Ellis,Numenor Faithful,6' 3',210 lbs,S,R,85,Pittsburgh Pirates,PIT,1970,1961-1979,ME,85145,Gold,Electric No-Hitter  SP Dock Ellis  PIT  1970,0,N,0,58,35,1,19,17,62,15,1,28,10,57,40,1,17,20,65,57,Normal,Spray,Spray,75,72,138,141,70,77,140,146,79,69,136,131,-,98,97,85,95,-,-,-,-,-,-,-,4,GB,89-91,3/4,GB'er,92,50,-,-,-,27,25,25,25,2,8,8,60,-,-,-,-,-,-,-,-,60,-,-,-,-,-,-,-,-,43,41,76,27,,,0,0,0,0,0,0,0,0,0,0,0,0,0,0,0,0,0,0.0,0.00,0,-0.0,0.0,0.00,0,0,0.0,0.0,1,0,0,0,0,0,0,1.1,8,5,2,0,0,0,1,1,3,0,1,0,0,0,1,0,0,1,0,1,0,0.34,38,1,1,0,0,-0.0,-0.1,-0.0,8.43,1,0,0,0,0,0,0,0,0.00,0.0,.000,0,0,1.1,0,0,0,0,0,0,0,0,0,0,0,0,0.0,0.0
RP,John Gant,John,Gant,Brookline Bees,6' 4',205 lbs,R,R,62,St. Louis Cardinals,STL,2019,2015+,BBR,84821,Bronze,Baseball Reference 1  RP John Gant  STL  2019,0,N,0,1,3,1,3,1,1,3,1,3,1,1,3,1,3,1,27,37,Normal,Normal,Normal,61,54,120,101,51,32,129,79,65,66,113,126,66,80,84,-,62,-,87,-,-,-,-,-,5,NEU,86-88,3/4,Normal,38,89,-,-,-,28,20,24,23,9,3,2,56,-,-,-,-,-,-,-,-,56,-,-,-,-,-,-,-,-,8,3,6,13,,,0,0,0,0,0,0,0,0,0,0,0,0,0,0,0,0,0,0.0,0.00,0,-0.0,0.0,0.00,0,0,0.0,0.0,2,0,0,0,0,0,1,1.0,8,6,1,0,0,2,4,3,1,0,0,0,0,1,0,0,0,0,0,3,3,0.47,34,1,2,1,0,-0.2,-0.3,-0.3,7.78,2,0,0,0,0,0,0,0,0.00,-0.1,.000,1,0,1.0,0,0,0,0,0,0,0,0,0,0,0,0,0.0,0.0
RP,John Gant,John,Gant,Summerglen Seraphs TBD,6' 4',205 lbs,R,R,62,St. Louis Cardinals,STL,2019,2015+,BBR,84821,Bronze,Baseball Reference 1  RP John Gant  STL  2019,0,N,0,1,3,1,3,1,1,3,1,3,1,1,3,1,3,1,27,37,Normal,Normal,Normal,61,54,120,101,51,32,129,79,65,66,113,126,66,80,84,-,62,-,87,-,-,-,-,-,5,NEU,86-88,3/4,Normal,38,89,-,-,-,28,20,24,23,9,3,2,56,-,-,-,-,-,-,-,-,56,-,-,-,-,-,-,-,-,8,3,6,13,,,0,0,0,0,0,0,0,0,0,0,0,0,0,0,0,0,0,0.0,0.00,0,-0.0,0.0,0.00,0,0,0.0,0.0,3,0,0,0,0,0,0,2.2,14,13,1,2,0,1,2,1,1,0,2,0,0,0,1,0,0,0,0,1,0,0.54,48,1,5,0,0,-0.0,-0.1,-0.1,4.37,3,0,1,0,0,1,0,0,0.00,-0.5,.000,0,0,2.2,0,0,1,0,0,0,0,0,0,0,0,0,0.0,0.0
RP,Jerry Garvin,Jerry,Garvin,Shibuya Shredders - GH,6' 3',195 lbs,L,L,67,Toronto Blue Jays,TOR,1980,1980-1992,,83179,Bronze,Snapshot  RP Jerry Garvin  TOR  1980,0,Y,5,1,5,1,4,1,1,5,1,4,1,1,5,1,5,1,28,6,Normal,Pull,Pull,90,83,99,74,105,97,94,87,86,79,100,70,67,-,109,-,-,-,81,-,-,-,-,-,3,NEU,89-91,OTT,Normal,22,103,-,-,-,35,20,26,23,6,9,10,70,-,-,-,-,-,-,-,-,70,-,-,-,-,-,-,-,-,14,3,6,24,,,0,0,0,0,0,0,0,0,0,0,0,0,0,0,0,0,0,0.0,0.00,0,-0.0,0.0,0.00,0,0,0.0,0.0,4,0,0,0,1,3,0,5.2,23,22,3,0,0,2,4,4,1,0,3,0,0,0,0,0,0,0,1,1,1,0.86,94,6,8,1,0,0.2,-0.2,-0.1,4.57,4,0,3,1,2,0,0,0,4.76,-0.0,1.079,1,0,5.2,0,0,2,2,0,0,0,0,0,0,0,0,0.0,0.0
RP,Mike Gonzalez,Mike,Gonzalez,Youngstown Ironmen,6' 2',200 lbs,R,L,80,Pittsburgh Pirates,PIT,2006,2005-2014,,83218,Gold,Snapshot  CL Mike Gonzalez  PIT  2006,0,N,0,1,3,1,3,1,1,3,1,3,1,1,3,1,3,1,30,2,Normal,Normal,Normal,117,31,69,158,134,46,71,116,112,23,69,175,73,161,108,91,-,-,-,-,-,-,-,-,4,FB,95-97,3/4,Normal,17,104,-,-,-,32,20,25,23,8,10,10,61,-,-,-,-,-,-,-,-,61,-,-,-,-,-,-,-,-,5,5,6,5,,,0,0,0,0,0,0,0,0,0,0,0,0,0,0,0,0,0,0.0,0.00,0,-0.0,0.0,0.00,0,0,0.0,0.0,2,0,1,0,0,1,0,3.1,13,11,1,0,0,0,0,0,2,0,3,0,0,0,0,0,0,0,0,1,0,0.70,50,4,3,0,0,0.1,0.1,0.2,4.41,2,0,0,0,0,0,0,0,0.00,0.0,.000,0,0,3.1,0,0,0,0,0,0,0,0,0,0,0,0,0.0,0.0
RP,Tom Gordon,Tom,Gordon,Wilson Horns,5' 9',180 lbs,R,R,94,Boston Red Sox,BOS,1998,1993-2004,,82695,Diamond,Hardware Heroes  CL Tom Gordon  BOS  1998,0,N,0,1,3,1,3,1,1,3,1,3,1,1,3,1,3,1,28,12,Normal,Normal,Normal,94,66,106,133,88,75,101,150,99,58,110,120,87,-,66,95,-,-,115,-,-,-,-,-,4,NEU,94-96,3/4,Normal,18,84,-,-,-,24,25,25,26,10,3,6,56,-,-,-,-,-,-,-,-,56,-,-,-,-,-,-,-,-,5,4,6,5,,,0,0,0,0,0,0,0,0,0,0,0,0,0,0,0,0,0,0.0,0.00,0,-0.0,0.0,0.00,0,0,0.0,0.0,1,0,0,0,0,0,1,1.0,7,6,3,0,0,0,2,2,1,0,1,0,0,0,0,0,0,0,0,0,0,1.30,21,0,2,0,0,-0.1,0.0,-0.1,5.29,1,0,0,0,0,0,0,0,0.00,0.0,.000,0,0,1.0,0,0,0,0,0,0,0,0,0,0,0,0,0.0,0.0
RP,Fred Green,Fred,Green,Arkham Horrors,6' 4',190 lbs,R,L,62,Pittsburgh Pirates,PIT,1960,1946-1960,,83136,Bronze,Snapshot  RP Fred Green  PIT  1960,0,N,0,2,3,4,4,1,2,3,4,4,1,2,3,4,4,1,29,60,Normal,Normal,Normal,81,63,79,87,87,57,87,98,79,65,76,85,-,-,-,75,-,123,-,-,-,-,-,-,2,EX FB,88-90,3/4,Normal,25,89,-,-,-,27,20,23,23,8,4,5,55,-,-,-,-,-,-,-,-,55,-,-,-,-,-,-,-,-,6,4,6,8,,,0,0,0,0,0,0,0,0,0,0,0,0,0,0,0,0,0,0.0,0.00,0,-0.0,0.0,0.00,0,0,0.0,0.0,1,0,0,1,0,0,1,0.2,5,3,1,0,0,1,2,2,1,0,0,0,0,1,0,0,0,0,1,2,2,2.34,21,0,2,0,0,-0.7,-0.3,-0.2,8.52,1,0,0,0,0,0,0,0,0.00,0.0,.000,0,0,0.2,0,0,0,0,0,0,0,0,0,0,0,0,0.0,0.0
RP,Joe Grzenda,Joe,Grzenda,Oslo Nordiques,6' 2',180 lbs,R,L,98,Washington Senators,TEX,1971,1961-1979,ME,83323,Diamond,Live Collection Reward - Snapshot  RP Joe Grzenda  WS2  1971,0,N,0,2,3,1,3,1,2,3,1,3,1,2,3,1,3,1,28,22,Normal,Normal,Normal,94,83,95,134,119,150,105,150,88,65,92,128,-,-,-,79,-,142,-,-,-,-,-,-,2,NEU,89-91,3/4,Normal,62,115,-,-,-,30,20,24,23,1,5,9,59,-,-,-,-,-,-,-,-,59,-,-,-,-,-,-,-,-,7,4,6,10,,,0,0,0,0,0,0,0,0,0,0,0,0,0,0,0,0,0,0.0,0.00,0,-0.0,0.0,0.00,0,0,0.0,0.0,2,0,0,0,2,2,0,3.0,11,9,0,0,0,0,0,0,2,0,3,0,0,0,0,0,0,0,0,0,0,1.51,49,3,3,0,0,0.3,0.1,0.2,4.16,2,0,1,1,0,0,0,0,3.00,0.1,1.079,0,0,3.0,0,0,1,1,0,0,0,0,0,0,0,0,0.0,0.0
RP,Joe Grzenda,Joe,Grzenda,Wilson Horns,6' 2',180 lbs,R,L,98,Washington Senators,TEX,1971,1961-1979,ME,83323,Diamond,Live Collection Reward - Snapshot  RP Joe Grzenda  WS2  1971,0,N,0,2,3,1,3,1,2,3,1,3,1,2,3,1,3,1,28,22,Normal,Normal,Normal,94,83,95,134,119,150,105,150,88,65,92,128,-,-,-,79,-,142,-,-,-,-,-,-,2,NEU,89-91,3/4,Normal,62,115,-,-,-,30,20,24,23,1,5,9,59,-,-,-,-,-,-,-,-,59,-,-,-,-,-,-,-,-,7,4,6,10,,,0,0,0,0,0,0,0,0,0,0,0,0,0,0,0,0,0,0.0,0.00,0,-0.0,0.0,0.00,0,0,0.0,0.0,1,0,0,0,0,0,0,1.0,5,5,2,0,0,0,0,0,0,0,0,0,0,0,0,0,0,0,1,0,0,0.20,21,2,1,0,0,0.0,0.0,0.1,6.04,1,0,0,0,0,0,0,0,0.00,0.0,.000,0,0,1.0,0,0,0,0,0,0,0,0,0,0,0,0,0.0,0.0
RP,Steve Hamilton,Steve,Hamilton,Northville Stallions,6' 6',190 lbs,L,L,89,New York Yankees,NYY,1965,1961-1979,,83306,Gold,Snapshot  RP Steve Hamilton  NYY  1965,0,N,0,1,3,1,4,1,1,3,1,4,1,1,3,1,4,1,31,10,Normal,Spray,Spray,87,89,79,109,92,81,77,95,85,92,80,114,99,-,94,-,-,-,-,-,-,-,-,84,3,FB,91-93,OTT,Normal,19,115,-,-,-,27,20,23,23,4,9,1,55,-,-,-,-,-,-,-,-,55,-,-,-,-,-,-,-,-,20,3,6,36,,,0,0,0,0,0,0,0,0,0,0,0,0,0,0,0,0,0,0.0,0.00,0,-0.0,0.0,0.00,0,0,0.0,0.0,1,0,1,0,0,1,0,2.0,6,6,0,0,0,0,0,0,0,0,1,0,0,0,0,0,0,0,1,0,0,1.08,27,3,2,0,0,0.2,0.1,0.1,3.68,1,0,0,0,0,0,0,0,0.00,0.0,.000,0,0,2.0,0,0,0,0,0,0,0,0,0,0,0,0,0.0,0.0
RP,Steve Hamilton,Steve,Hamilton,Three Mile Island Atomic Isotopes,6' 6',190 lbs,L,L,89,New York Yankees,NYY,1965,1961-1979,,83306,Gold,Snapshot  RP Steve Hamilton  NYY  1965,0,N,0,1,3,1,4,1,1,3,1,4,1,1,3,1,4,1,31,10,Normal,Spray,Spray,87,89,79,109,92,81,77,95,85,92,80,114,99,-,94,-,-,-,-,-,-,-,-,84,3,FB,91-93,OTT,Normal,19,115,-,-,-,27,20,23,23,4,9,1,55,-,-,-,-,-,-,-,-,55,-,-,-,-,-,-,-,-,20,3,6,36,,,0,0,0,0,0,0,0,0,0,0,0,0,0,0,0,0,0,0.0,0.00,0,-0.0,0.0,0.00,0,0,0.0,0.0,1,0,0,0,0,1,0,2.0,7,7,1,0,0,0,0,0,0,0,2,0,0,0,0,0,0,0,1,0,0,0.67,35,1,3,0,0,0.1,0.1,0.1,1.08,1,0,0,0,0,0,0,0,0.00,0.0,.000,0,0,2.0,0,0,0,0,0,0,0,0,0,0,0,0,0.0,0.0
RP,Steve Hamilton,Steve,Hamilton,Svendborg Sailors,6' 6',190 lbs,L,L,89,New York Yankees,NYY,1965,1961-1979,,83306,Gold,Snapshot  RP Steve Hamilton  NYY  1965,0,Y,5,1,5,1,6,1,1,5,1,6,1,1,5,1,6,1,31,10,Normal,Spray,Spray,94,97,86,118,100,88,84,103,92,100,87,123,99,-,94,-,-,-,-,-,-,-,-,84,3,FB,91-93,OTT,Normal,19,115,-,-,-,27,20,23,23,4,9,1,59,-,-,-,-,-,-,-,-,59,-,-,-,-,-,-,-,-,20,3,6,36,,,0,0,0,0,0,0,0,0,0,0,0,0,0,0,0,0,0,0.0,0.00,0,-0.0,0.0,0.00,0,0,0.0,0.0,2,0,0,0,0,0,1,2.0,13,10,2,2,0,0,3,3,3,2,0,0,0,0,0,0,0,0,1,2,2,0.91,42,2,4,0,0,-0.2,-0.0,-0.2,9.10,2,0,0,0,0,0,0,0,0.00,0.0,.000,0,0,2.0,0,0,0,0,0,0,0,0,0,0,0,0,0.0,0.0
RP,Steve Hamilton,Steve,Hamilton,Waltham River Otters,6' 6',190 lbs,L,L,89,New York Yankees,NYY,1965,1961-1979,,83306,Gold,Snapshot  RP Steve Hamilton  NYY  1965,0,N,0,1,3,1,4,1,1,3,1,4,1,1,3,1,4,1,31,10,Normal,Spray,Spray,87,89,79,109,92,81,77,95,85,92,80,114,99,-,94,-,-,-,-,-,-,-,-,84,3,FB,91-93,OTT,Normal,19,115,-,-,-,27,20,23,23,4,9,1,55,-,-,-,-,-,-,-,-,55,-,-,-,-,-,-,-,-,20,3,6,36,,,0,0,0,0,0,0,0,0,0,0,0,0,0,0,0,0,0,0.0,0.00,0,-0.0,0.0,0.00,0,0,0.0,0.0,3,0,1,0,1,3,0,4.0,14,14,2,1,0,0,0,0,0,0,4,0,0,0,0,0,0,0,1,1,0,1.36,48,2,5,0,0,0.4,0.2,0.3,1.39,3,0,0,0,0,0,0,0,0.00,0.0,.000,0,0,4.0,0,0,0,0,0,0,0,0,0,0,0,0,0.0,0.0
RP,Steve Hamilton,Steve,Hamilton,New York Jackhammers,6' 6',190 lbs,L,L,89,New York Yankees,NYY,1965,1961-1979,,83306,Gold,Snapshot  RP Steve Hamilton  NYY  1965,0,N,0,1,3,1,4,1,1,3,1,4,1,1,3,1,4,1,31,10,Normal,Spray,Spray,87,89,79,109,92,81,77,95,85,92,80,114,99,-,94,-,-,-,-,-,-,-,-,84,3,FB,91-93,OTT,Normal,19,115,-,-,-,27,20,23,23,4,9,1,55,-,-,-,-,-,-,-,-,55,-,-,-,-,-,-,-,-,20,3,6,36,,,0,0,0,0,0,0,0,0,0,0,0,0,0,0,0,0,0,0.0,0.00,0,-0.0,0.0,0.00,0,0,0.0,0.0,4,0,1,0,1,2,0,4.0,16,15,3,1,0,0,0,0,1,0,5,0,0,0,0,0,0,1,2,2,0,1.36,68,2,4,0,0,0.3,0.2,0.3,2.07,4,0,1,1,0,0,0,0,2.25,-0.1,1.079,0,0,4.0,0,0,1,1,1,0,0,0,0,0,0,0,0.0,0.0
RP,Steve Hamilton,Steve,Hamilton,Rajasthan Rifles Rifles,6' 6',190 lbs,L,L,89,New York Yankees,NYY,1965,1961-1979,,83306,Gold,Snapshot  RP Steve Hamilton  NYY  1965,0,N,0,1,3,1,4,1,1,3,1,4,1,1,3,1,4,1,31,10,Normal,Spray,Spray,87,89,79,109,92,81,77,95,85,92,80,114,99,-,94,-,-,-,-,-,-,-,-,84,3,FB,91-93,OTT,Normal,19,115,-,-,-,27,20,23,23,4,9,1,55,-,-,-,-,-,-,-,-,55,-,-,-,-,-,-,-,-,20,3,6,36,,,0,0,0,0,0,0,0,0,0,0,0,0,0,0,0,0,0,0.0,0.00,0,-0.0,0.0,0.00,0,0,0.0,0.0,1,0,0,0,0,1,0,0.2,2,2,0,0,0,0,0,0,0,0,1,0,0,0,0,0,0,0,0,1,0,2.10,8,0,1,0,0,0.1,0.1,0.1,-3.70,1,0,0,0,0,0,0,0,0.00,0.0,.000,0,0,0.2,0,0,0,0,0,0,0,0,0,0,0,0,0.0,0.0
RP,Mike Hampton,Mike,Hampton,Freedom Grabbers - HotL,5' 10',195 lbs,R,L,79,Atlanta Braves,ATL,2003,1993-2004,,86693,Silver,PTWC 65th-128th - Hardware Heroes  SP Mike Hampton  ATL  2003,0,N,0,85,60,103,74,61,89,73,89,88,58,84,52,110,69,62,81,56,Normal,Normal,Normal,74,71,118,144,90,71,144,141,68,71,110,145,90,111,51,56,-,-,-,-,-,-,-,-,4,GB,89-91,3/4,GB'er,75,67,-,-,-,70,69,67,66,5,5,3,123,-,-,-,-,-,-,-,-,123,-,-,-,-,-,-,-,-,44,37,39,43,,,0,0,0,0,0,0,0,0,0,0,0,0,0,0,0,0,0,0.0,0.00,0,-0.0,0.0,0.00,0,0,0.0,0.0,6,0,1,0,0,2,1,8.0,31,27,4,1,0,0,2,0,4,0,7,0,0,0,1,1,0,1,3,2,1,0.98,126,6,8,0,0,0.2,0.2,0.2,4.16,6,0,4,2,2,0,0,0,4.50,0.1,1.079,0,0,8.0,0,0,1,1,1,1,0,0,0,0,0,0,0.0,0.0
RP,Mike Hampton,Mike,Hampton,Looking Glass Loopers TBD,5' 10',195 lbs,R,L,79,Atlanta Braves,ATL,2003,1993-2004,,86693,Silver,PTWC 65th-128th - Hardware Heroes  SP Mike Hampton  ATL  2003,0,N,0,85,60,103,74,61,89,73,89,88,58,84,52,110,69,62,81,56,Normal,Normal,Normal,74,71,118,144,90,71,144,141,68,71,110,145,90,111,51,56,-,-,-,-,-,-,-,-,4,GB,89-91,3/4,GB'er,75,67,-,-,-,70,69,67,66,5,5,3,123,-,-,-,-,-,-,-,-,123,-,-,-,-,-,-,-,-,44,37,39,43,,,0,0,0,0,0,0,0,0,0,0,0,0,0,0,0,0,0,0.0,0.00,0,-0.0,0.0,0.00,0,0,0.0,0.0,2,0,0,0,1,1,1,2.0,7,7,0,0,0,1,1,1,0,0,2,0,0,0,0,0,0,0,0,0,0,1.29,34,2,2,0,0,-0.0,-0.1,0.0,1.92,2,0,0,0,0,0,0,0,0.00,0.0,.000,0,0,2.0,0,0,0,0,0,0,0,0,0,0,0,0,0.0,0.0
RP,Mike Hampton,Mike,Hampton,Sixes Tornadoes,5' 10',195 lbs,R,L,79,Atlanta Braves,ATL,2003,1993-2004,,86693,Silver,PTWC 65th-128th - Hardware Heroes  SP Mike Hampton  ATL  2003,0,N,0,85,60,103,74,61,89,73,89,88,58,84,52,110,69,62,81,56,Normal,Normal,Normal,74,71,118,144,90,71,144,141,68,71,110,145,90,111,51,56,-,-,-,-,-,-,-,-,4,GB,89-91,3/4,GB'er,75,67,-,-,-,70,69,67,66,5,5,3,123,-,-,-,-,-,-,-,-,123,-,-,-,-,-,-,-,-,44,37,39,43,,,0,0,0,0,0,0,0,0,0,0,0,0,0,0,0,0,0,0.0,0.00,0,-0.0,0.0,0.00,0,0,0.0,0.0,1,0,0,0,0,0,0,1.0,3,3,0,0,0,0,0,0,0,0,2,0,0,0,0,0,0,0,1,0,0,0.57,13,1,0,0,0,0.0,0.1,0.1,0.59,1,0,0,0,0,0,0,0,0.00,0.0,.000,0,0,1.0,0,0,0,0,0,0,0,0,0,0,0,0,0.0,0.0
RP,Brad Hand,Brad,Hand,Grand Rapids Warriors,6' 3',220 lbs,L,L,76,San Diego Padres,SDP,2017,2015+,,86251,Silver,All-Star Week - Historical All-Star  CL Brad Hand  SD  2017,0,N,0,1,3,1,3,1,1,3,1,3,1,1,3,1,3,1,31,1,Normal,Normal,Normal,128,90,92,72,135,56,170,58,126,100,74,77,108,-,-,123,90,-,-,-,-,-,-,-,3,NEU,93-95,OTT,Normal,14,69,-,-,-,31,20,24,23,10,7,4,59,-,-,-,-,-,-,-,-,59,-,-,-,-,-,-,-,-,5,5,6,6,,,0,0,0,0,0,0,0,0,0,0,0,0,0,0,0,0,0,0.0,0.00,0,-0.0,0.0,0.00,0,0,0.0,0.0,2,0,0,0,0,0,0,3.0,12,11,1,0,0,0,0,0,1,0,4,0,0,0,0,0,0,0,1,0,0,0.22,46,4,1,0,0,0.0,0.1,0.2,2.97,2,0,3,2,1,0,0,0,9.00,0.2,1.079,0,0,3.0,0,0,1,1,2,2,0,0,0,0,0,0,0.0,0.0
RP,J.A. Happ,J.A.,Happ,Chicago Beans,6' 5',205 lbs,L,L,87,Pittsburgh Pirates,PIT,2015,2015+,CS,86352,Gold,Clubhouse - Baseball Reference 6  SP J.A. Happ  PIT  2015,0,N,0,1,2,1,3,1,1,5,1,2,3,2,2,1,4,1,29,1,Normal,Normal,Normal,125,99,72,116,110,122,60,150,130,94,77,112,120,99,129,84,99,-,-,-,-,-,-,-,5,FB,92-94,3/4,Normal,62,57,-,-,-,35,38,32,23,6,9,10,80,-,-,-,-,-,-,-,-,80,-,-,-,-,-,-,-,-,9,5,6,13,,,0,0,0,0,0,0,0,0,0,0,0,0,0,0,0,0,0,0.0,0.00,0,-0.0,0.0,0.00,0,0,0.0,0.0,5,0,0,0,0,1,2,6.1,33,31,9,2,0,1,7,7,1,0,6,1,0,0,0,0,0,0,3,5,1,1.35,125,2,10,0,0,-0.2,0.0,-0.4,3.31,5,0,0,0,0,0,0,0,0.00,0.0,.000,0,0,6.1,0,0,0,0,0,0,0,0,0,0,0,0,-0.1,0.0
RP,J.A. Happ,J.A.,Happ,Houston Swangas,6' 5',205 lbs,L,L,87,Pittsburgh Pirates,PIT,2015,2015+,CS,86352,Gold,Clubhouse - Baseball Reference 6  SP J.A. Happ  PIT  2015,0,N,0,1,2,1,3,1,1,5,1,2,3,2,2,1,4,1,29,1,Normal,Normal,Normal,125,99,72,116,110,122,60,150,130,94,77,112,120,99,129,84,99,-,-,-,-,-,-,-,5,FB,92-94,3/4,Normal,62,57,-,-,-,35,38,32,23,6,9,10,80,-,-,-,-,-,-,-,-,80,-,-,-,-,-,-,-,-,9,5,6,13,,,0,0,0,0,0,0,0,0,0,0,0,0,0,0,0,0,0,0.0,0.00,0,-0.0,0.0,0.00,0,0,0.0,0.0,4,0,1,0,0,1,1,8.1,36,34,6,0,0,2,2,2,2,0,14,0,0,0,0,0,0,0,2,2,1,1.24,136,8,3,0,0,0.0,0.1,0.3,1.71,4,0,1,0,0,1,0,0,0.00,-0.5,.000,0,0,8.1,0,0,1,0,0,0,0,0,0,0,0,0,0.0,0.0
RP,Shigetoshi Hasegawa,Shigetoshi,Hasegawa,Great Lakes Man-of-War-HOTL,5' 11',160 lbs,R,R,65,Seattle Mariners,SEA,2003,1993-2004,LE,86193,Bronze,Limited Edition/73  CL Shigetoshi Hasegawa  SEA  2003,0,N,0,1,3,1,3,1,1,3,1,3,1,1,3,1,3,1,23,1,Normal,Pull,Pull,37,103,110,120,29,96,104,132,43,110,115,112,46,76,51,-,-,56,-,-,-,-,-,-,4,NEU,86-88,3/4,Normal,25,76,-,-,-,35,20,26,23,7,2,4,64,-,-,-,-,-,-,-,-,64,-,-,-,-,-,-,-,-,17,5,6,29,,,0,0,0,0,0,0,0,0,0,0,0,0,0,0,0,0,0,0.0,0.00,0,-0.0,0.0,0.00,0,0,0.0,0.0,1,0,0,0,0,0,0,2.0,7,7,0,0,0,1,1,1,0,0,0,0,0,0,0,0,0,0,0,0,0,0.23,25,2,4,0,0,-0.0,-0.1,0.0,6.13,1,0,0,0,0,0,0,0,0.00,0.0,.000,0,0,2.0,0,0,0,0,0,0,0,0,0,0,0,0,0.0,0.0
RP,Aaron Heilman,Aaron,Heilman,Northville Stallions,6' 5',225 lbs,R,R,89,New York Mets,NYM,2005,2005-2014,,86324,Gold,T4 Ep. 5 - Unsung Heroes  RP Aaron Heilman  NYM  2005,0,N,0,1,3,1,3,1,1,4,1,4,2,1,3,1,3,1,22,1,Normal,Normal,Normal,129,78,74,131,126,49,90,133,131,94,60,130,97,171,-,84,-,-,-,-,-,-,-,-,3,NEU,90-92,3/4,Normal,49,54,-,-,-,35,20,26,23,10,10,10,65,-,-,-,-,-,-,-,-,65,-,-,-,-,-,-,-,-,15,5,6,24,,,0,0,0,0,0,0,0,0,0,0,0,0,0,0,0,0,0,0.0,0.00,0,-0.0,0.0,0.00,0,0,0.0,0.0,1,0,0,0,0,1,0,1.2,6,5,1,0,0,0,0,0,1,0,2,0,0,0,0,0,0,1,0,1,0,2.25,23,2,0,1,0,0.2,0.1,0.2,4.20,1,0,1,0,1,0,0,0,5.40,-0.1,.000,1,0,1.2,0,0,0,0,0,0,0,0,0,0,0,0,0.0,0.0
RP,Aaron Heilman,Aaron,Heilman,Camjaveratyn O-Forge,6' 5',225 lbs,R,R,89,New York Mets,NYM,2005,2005-2014,,86324,Gold,T4 Ep. 5 - Unsung Heroes  RP Aaron Heilman  NYM  2005,0,N,0,1,3,1,3,1,1,4,1,4,2,1,3,1,3,1,22,1,Normal,Normal,Normal,129,78,74,131,126,49,90,133,131,94,60,130,97,171,-,84,-,-,-,-,-,-,-,-,3,NEU,90-92,3/4,Normal,49,54,-,-,-,35,20,26,23,10,10,10,65,-,-,-,-,-,-,-,-,65,-,-,-,-,-,-,-,-,15,5,6,24,,,0,0,0,0,0,0,0,0,0,0,0,0,0,0,0,0,0,0.0,0.00,0,-0.0,0.0,0.00,0,0,0.0,0.0,3,0,0,0,0,0,1,4.2,19,19,3,1,0,1,2,2,0,0,4,0,0,0,0,0,0,0,2,4,3,0.56,59,2,7,0,0,-0.2,0.0,0.1,2.37,3,0,0,0,0,0,0,0,0.00,0.0,.000,0,0,4.2,0,0,0,0,0,0,0,0,0,0,0,0,0.0,0.0
RP,Aaron Heilman,Aaron,Heilman,Freedom Grabbers - HotL,6' 5',225 lbs,R,R,89,New York Mets,NYM,2005,2005-2014,,86324,Gold,T4 Ep. 5 - Unsung Heroes  RP Aaron Heilman  NYM  2005,0,N,0,1,3,1,3,1,1,4,1,4,2,1,3,1,3,1,22,1,Normal,Normal,Normal,129,78,74,131,126,49,90,133,131,94,60,130,97,171,-,84,-,-,-,-,-,-,-,-,3,NEU,90-92,3/4,Normal,49,54,-,-,-,35,20,26,23,10,10,10,65,-,-,-,-,-,-,-,-,65,-,-,-,-,-,-,-,-,15,5,6,24,,,0,0,0,0,0,0,0,0,0,0,0,0,0,0,0,0,0,0.0,0.00,0,-0.0,0.0,0.00,0,0,0.0,0.0,7,0,2,0,0,1,0,12.0,45,44,6,0,0,1,1,1,1,0,14,0,0,0,0,0,0,0,4,5,2,1.08,182,4,17,0,0,0.3,0.4,0.6,0.96,7,0,1,0,1,0,0,0,0.75,0.0,.000,0,0,12.0,0,0,0,0,0,0,0,0,0,0,0,0,0.0,0.0
RP,Aaron Heilman,Aaron,Heilman,Cibao Aguilas,6' 5',225 lbs,R,R,89,New York Mets,NYM,2005,2005-2014,,86324,Gold,T4 Ep. 5 - Unsung Heroes  RP Aaron Heilman  NYM  2005,0,N,0,1,3,1,3,1,1,4,1,4,2,1,3,1,3,1,22,1,Normal,Normal,Normal,129,78,74,131,126,49,90,133,131,94,60,130,97,171,-,84,-,-,-,-,-,-,-,-,3,NEU,90-92,3/4,Normal,49,54,-,-,-,35,20,26,23,10,10,10,65,-,-,-,-,-,-,-,-,65,-,-,-,-,-,-,-,-,15,5,6,24,,,0,0,0,0,0,0,0,0,0,0,0,0,0,0,0,0,0,0.0,0.00,0,-0.0,0.0,0.00,0,0,0.0,0.0,1,0,0,0,0,0,0,0.1,1,1,0,0,0,0,0,0,0,0,0,0,0,0,0,0,0,0,1,0,0,0.50,2,0,1,0,0,0.0,0.0,0.0,1.34,1,0,0,0,0,0,0,0,0.00,0.0,.000,0,0,0.1,0,0,0,0,0,0,0,0,0,0,0,0,0.0,0.0
RP,Aaron Heilman,Aaron,Heilman,Summerglen Seraphs TBD,6' 5',225 lbs,R,R,89,New York Mets,NYM,2005,2005-2014,,86324,Gold,T4 Ep. 5 - Unsung Heroes  RP Aaron Heilman  NYM  2005,0,N,0,1,3,1,3,1,1,4,1,4,2,1,3,1,3,1,22,1,Normal,Normal,Normal,129,78,74,131,126,49,90,133,131,94,60,130,97,171,-,84,-,-,-,-,-,-,-,-,3,NEU,90-92,3/4,Normal,49,54,-,-,-,35,20,26,23,10,10,10,65,-,-,-,-,-,-,-,-,65,-,-,-,-,-,-,-,-,15,5,6,24,,,0,0,0,0,0,0,0,0,0,0,0,0,0,0,0,0,0,0.0,0.00,0,-0.0,0.0,0.00,0,0,0.0,0.0,2,0,0,0,0,1,0,2.0,10,9,1,0,0,2,3,3,0,0,1,1,0,0,0,0,0,0,1,1,0,1.26,30,4,1,0,0,0.1,-0.3,-0.2,4.87,2,0,0,0,0,0,0,0,0.00,0.0,.000,0,0,2.0,0,0,0,0,0,0,0,0,0,0,0,0,0.0,0.0
RP,Aaron Heilman,Aaron,Heilman,Rajasthan Rifles Rifles,6' 5',225 lbs,R,R,89,New York Mets,NYM,2005,2005-2014,,86324,Gold,T4 Ep. 5 - Unsung Heroes  RP Aaron Heilman  NYM  2005,0,N,0,1,3,1,3,1,1,4,1,4,2,1,3,1,3,1,22,1,Normal,Normal,Normal,129,78,74,131,126,49,90,133,131,94,60,130,97,171,-,84,-,-,-,-,-,-,-,-,3,NEU,90-92,3/4,Normal,49,54,-,-,-,35,20,26,23,10,10,10,65,-,-,-,-,-,-,-,-,65,-,-,-,-,-,-,-,-,15,5,6,24,,,0,0,0,0,0,0,0,0,0,0,0,0,0,0,0,0,0,0.0,0.00,0,-0.0,0.0,0.00,0,0,0.0,0.0,2,0,0,0,0,0,0,4.1,23,20,8,0,0,0,3,3,2,0,3,0,0,1,0,0,0,0,1,4,1,0.34,74,5,5,0,0,-0.0,0.1,-0.1,5.05,2,0,0,0,0,0,0,0,0.00,0.0,.000,0,0,4.1,0,0,0,0,0,0,0,0,0,0,0,0,0.0,0.0
RP,Aaron Heilman,Aaron,Heilman,Grand Rapids Warriors,6' 5',225 lbs,R,R,89,New York Mets,NYM,2005,2005-2014,,86324,Gold,T4 Ep. 5 - Unsung Heroes  RP Aaron Heilman  NYM  2005,0,N,0,1,3,1,3,1,1,4,1,4,2,1,3,1,3,1,22,1,Normal,Normal,Normal,129,78,74,131,126,49,90,133,131,94,60,130,97,171,-,84,-,-,-,-,-,-,-,-,3,NEU,90-92,3/4,Normal,49,54,-,-,-,35,20,26,23,10,10,10,65,-,-,-,-,-,-,-,-,65,-,-,-,-,-,-,-,-,15,5,6,24,,,0,0,0,0,0,0,0,0,0,0,0,0,0,0,0,0,0,0.0,0.00,0,-0.0,0.0,0.00,0,0,0.0,0.0,2,0,0,0,0,0,1,2.0,11,11,1,2,0,2,4,4,0,0,5,0,0,0,0,0,0,0,0,3,0,0.87,39,0,1,1,0,-0.1,-0.1,-0.3,-0.30,2,0,0,0,0,0,0,0,0.00,-0.1,.000,1,0,2.0,0,0,0,0,0,0,0,0,0,0,0,0,0.0,0.0
RP,Bill Henry,Bill,Henry,Waltham River Otters,6' 2',180 lbs,L,L,69,Cincinnati Reds,CIN,1960,1946-1960,BBR,86106,Bronze,Obscure All-Stars - Baseball Reference 5  CL Bill Henry  CIN  1960,0,N,0,1,3,1,2,1,1,2,1,2,1,2,4,1,3,2,28,1,Normal,Normal,Normal,125,87,72,68,140,85,60,60,119,88,77,70,108,-,-,-,-,-,-,-,-,125,-,-,2,EX FB,90-92,SIDE,Normal,47,56,-,-,-,35,20,26,23,2,10,7,65,-,-,-,-,-,-,-,-,65,-,-,-,-,-,-,-,-,7,5,6,9,,,0,0,0,0,0,0,0,0,0,0,0,0,0,0,0,0,0,0.0,0.00,0,-0.0,0.0,0.00,0,0,0.0,0.0,3,0,0,0,0,0,0,5.1,24,24,5,0,0,3,3,3,0,0,8,0,0,0,0,0,0,0,2,1,0,0.25,93,5,3,0,0,0.0,-0.2,-0.0,1.51,3,0,1,1,0,0,0,0,1.69,0.1,1.079,0,0,5.1,0,0,0,0,1,1,0,0,0,0,0,0,0.0,0.0
RP,Teddy Higuera,Teddy,Higuera,Three Mile Island Atomic Isotopes,5' 10',180 lbs,S,L,89,Milwaukee Brewers,MIL,1988,1980-1992,,83309,Gold,Snapshot  SP Teddy Higuera  ML4  1988,0,N,0,1,2,1,2,1,1,2,1,2,1,1,3,1,3,1,30,13,Normal,Spray,Spray,94,76,101,75,106,82,110,73,91,75,99,76,75,128,-,88,-,-,-,-,-,-,-,-,3,EX FB,90-92,3/4,Normal,82,77,-,-,-,35,31,30,23,3,10,1,76,-,-,-,-,-,-,-,-,76,-,-,-,-,-,-,-,-,5,5,6,5,,,0,0,0,0,0,0,0,0,0,0,0,0,0,0,0,0,0,0.0,0.00,0,-0.0,0.0,0.00,0,0,0.0,0.0,1,0,0,0,0,0,1,2.1,10,9,0,1,0,1,1,1,1,0,5,0,0,0,0,0,0,0,1,3,1,0.44,47,0,2,0,0,-0.1,-0.0,0.0,-0.10,1,0,0,0,0,0,0,0,0.00,0.0,.000,0,0,2.1,0,0,0,0,0,0,0,0,0,0,0,0,0.0,0.0
RP,Clay Holmes,Clay,Holmes,Chicago Rat Finks - HotL,6' 5',225 lbs,R,R,78,New York Yankees,NYA,2021,2015+,CS,86388,Silver,Clubhouse - Baseball Reference 6  RP Clay Holmes  NYY  2021,0,N,0,1,3,1,3,1,1,3,1,3,1,1,3,1,3,1,23,1,Normal,Normal,Normal,83,94,98,120,47,86,110,144,106,101,92,113,-,-,-,98,98,-,-,-,-,-,-,-,2,EX GB,95-97,3/4,GB'er,14,71,-,-,-,35,20,26,23,9,2,1,65,-,-,-,-,-,-,-,-,65,-,-,-,-,-,-,-,-,17,4,6,29,,,0,0,0,0,0,0,0,0,0,0,0,0,0,0,0,0,0,0.0,0.00,0,-0.0,0.0,0.00,0,0,0.0,0.0,1,0,0,0,0,1,0,1.2,7,6,1,0,0,0,0,0,1,0,2,0,0,0,0,0,0,0,0,0,0,0.90,39,1,2,0,0,0.1,0.0,0.1,3.37,1,0,1,0,1,0,0,0,5.40,0.0,.000,0,0,1.2,0,0,0,0,0,0,0,0,0,0,0,0,-0.1,0.0
RP,Clay Holmes,Clay,Holmes,Chicago Gamblers - E6,6' 5',225 lbs,R,R,78,New York Yankees,NYA,2021,2015+,CS,86388,Silver,Clubhouse - Baseball Reference 6  RP Clay Holmes  NYY  2021,0,N,0,1,3,1,3,1,1,3,1,3,1,1,3,1,3,1,23,1,Normal,Normal,Normal,83,94,98,120,47,86,110,144,106,101,92,113,-,-,-,98,98,-,-,-,-,-,-,-,2,EX GB,95-97,3/4,GB'er,14,71,-,-,-,35,20,26,23,9,2,1,65,-,-,-,-,-,-,-,-,65,-,-,-,-,-,-,-,-,17,4,6,29,,,0,0,0,0,0,0,0,0,0,0,0,0,0,0,0,0,0,0.0,0.00,0,-0.0,0.0,0.00,0,0,0.0,0.0,5,0,3,0,0,4,0,5.2,17,16,2,0,0,0,0,0,1,0,4,0,0,0,0,0,0,2,2,3,0,1.95,66,6,4,0,1,0.7,0.2,0.5,3.36,5,0,2,1,1,0,0,0,3.18,0.5,1.079,1,1,5.2,0,0,1,1,1,1,0,0,0,0,0,0,0.0,0.0
RP,Clay Holmes,Clay,Holmes,Freedom Grabbers - HotL,6' 5',225 lbs,R,R,78,New York Yankees,NYA,2021,2015+,CS,86388,Silver,Clubhouse - Baseball Reference 6  RP Clay Holmes  NYY  2021,0,N,0,1,3,1,3,1,1,3,1,3,1,1,3,1,3,1,23,1,Normal,Normal,Normal,83,94,98,120,47,86,110,144,106,101,92,113,-,-,-,98,98,-,-,-,-,-,-,-,2,EX GB,95-97,3/4,GB'er,14,71,-,-,-,35,20,26,23,9,2,1,65,-,-,-,-,-,-,-,-,65,-,-,-,-,-,-,-,-,17,4,6,29,,,0,0,0,0,0,0,0,0,0,0,0,0,0,0,0,0,0,0.0,0.00,0,-0.0,0.0,0.00,0,0,0.0,0.0,6,0,0,1,0,1,2,7.0,31,28,4,0,0,1,6,6,3,0,5,0,0,0,0,0,0,0,1,2,0,0.99,122,7,9,1,0,-0.6,-0.0,-0.2,4.73,6,0,0,0,0,0,0,0,0.00,-0.1,.000,1,0,7.0,0,0,0,0,0,0,0,0,0,0,0,0,0.1,0.0
RP,Clay Holmes,Clay,Holmes,Dry Creek Craw Daddies,6' 5',225 lbs,R,R,78,New York Yankees,NYA,2021,2015+,CS,86388,Silver,Clubhouse - Baseball Reference 6  RP Clay Holmes  NYY  2021,0,N,0,1,3,1,3,1,1,3,1,3,1,1,3,1,3,1,23,1,Normal,Normal,Normal,83,94,98,120,47,86,110,144,106,101,92,113,-,-,-,98,98,-,-,-,-,-,-,-,2,EX GB,95-97,3/4,GB'er,14,71,-,-,-,35,20,26,23,9,2,1,65,-,-,-,-,-,-,-,-,65,-,-,-,-,-,-,-,-,17,4,6,29,,,0,0,0,0,0,0,0,0,0,0,0,0,0,0,0,0,0,0.0,0.00,0,-0.0,0.0,0.00,0,0,0.0,0.0,3,0,1,0,0,1,1,2.1,10,10,2,0,0,1,2,2,0,0,2,0,0,0,0,0,0,0,2,1,1,1.09,28,2,3,0,0,-0.3,-0.1,-0.1,2.97,3,0,1,0,1,0,0,0,3.86,0.0,.000,0,0,2.1,0,0,1,1,0,0,0,0,0,0,0,0,0.0,0.0
RP,Clay Holmes,Clay,Holmes,Shartlesville ShihTzus - HotL,6' 5',225 lbs,R,R,78,New York Yankees,NYA,2021,2015+,CS,86388,Silver,Clubhouse - Baseball Reference 6  RP Clay Holmes  NYY  2021,0,N,0,1,3,1,3,1,1,3,1,3,1,1,3,1,3,1,23,1,Normal,Normal,Normal,83,94,98,120,47,86,110,144,106,101,92,113,-,-,-,98,98,-,-,-,-,-,-,-,2,EX GB,95-97,3/4,GB'er,14,71,-,-,-,35,20,26,23,9,2,1,65,-,-,-,-,-,-,-,-,65,-,-,-,-,-,-,-,-,17,4,6,29,,,0,0,0,0,0,0,0,0,0,0,0,0,0,0,0,0,0,0.0,0.00,0,-0.0,0.0,0.00,0,0,0.0,0.0,1,0,0,0,0,1,0,1.0,4,3,0,0,0,0,0,0,1,0,1,0,0,0,0,0,0,0,0,0,0,1.85,19,0,2,0,0,0.1,0.0,0.1,3.88,1,0,0,0,0,0,0,0,0.00,0.0,.000,0,0,1.0,0,0,0,0,0,0,0,0,0,0,0,0,0.0,0.0
RP,Clay Holmes,Clay,Holmes,Chicago Seals,6' 5',225 lbs,R,R,78,New York Yankees,NYA,2021,2015+,CS,86388,Silver,Clubhouse - Baseball Reference 6  RP Clay Holmes  NYY  2021,0,N,0,1,3,1,3,1,1,3,1,3,1,1,3,1,3,1,23,1,Normal,Normal,Normal,83,94,98,120,47,86,110,144,106,101,92,113,-,-,-,98,98,-,-,-,-,-,-,-,2,EX GB,95-97,3/4,GB'er,14,71,-,-,-,35,20,26,23,9,2,1,65,-,-,-,-,-,-,-,-,65,-,-,-,-,-,-,-,-,17,4,6,29,,,0,0,0,0,0,0,0,0,0,0,0,0,0,0,0,0,0,0.0,0.00,0,-0.0,0.0,0.00,0,0,0.0,0.0,3,0,0,1,1,1,1,3.0,17,14,4,0,0,1,2,2,3,0,2,0,0,0,0,0,0,0,1,2,2,1.18,69,5,2,0,0,-0.3,-0.2,-0.0,6.20,3,0,1,0,1,0,0,0,3.00,-0.2,.000,0,0,3.0,0,0,1,0,0,0,0,0,0,0,0,0,0.0,0.0
RP,Clay Holmes,Clay,Holmes,Houston Swangas,6' 5',225 lbs,R,R,78,New York Yankees,NYA,2021,2015+,CS,86388,Silver,Clubhouse - Baseball Reference 6  RP Clay Holmes  NYY  2021,0,N,0,1,3,1,3,1,1,3,1,3,1,1,3,1,3,1,23,1,Normal,Normal,Normal,83,94,98,120,47,86,110,144,106,101,92,113,-,-,-,98,98,-,-,-,-,-,-,-,2,EX GB,95-97,3/4,GB'er,14,71,-,-,-,35,20,26,23,9,2,1,65,-,-,-,-,-,-,-,-,65,-,-,-,-,-,-,-,-,17,4,6,29,,,0,0,0,0,0,0,0,0,0,0,0,0,0,0,0,0,0,0.0,0.00,0,-0.0,0.0,0.00,0,0,0.0,0.0,3,0,0,0,0,0,0,2.2,10,10,1,0,0,1,1,1,0,0,2,0,0,0,0,0,0,0,1,0,0,0.16,39,2,3,0,1,0.0,-0.1,0.0,2.97,3,0,0,0,0,0,0,0,0.00,0.3,.000,1,1,2.2,0,0,0,0,0,0,0,0,0,0,0,0,0.0,0.0
RP,Ken Holtzman,Ken,Holtzman,Junk Wax Heroes,6' 2',175 lbs,R,L,76,Oakland Athletics,OAK,1973,1961-1979,BBR,85309,Silver,Baseball Reference 2  SP Ken Holtzman  ATH  1973,0,Y,5,17,32,6,31,16,16,19,4,39,19,18,35,7,26,16,31,44,Normal,Spray,Spray,74,88,107,99,88,114,96,140,69,79,113,87,79,94,92,-,-,-,-,-,-,-,-,-,3,NEU,88-90,OTT,Normal,90,63,-,-,-,26,28,25,22,9,6,5,67,-,-,-,-,-,-,-,-,67,-,-,-,-,-,-,-,-,6,5,6,7,,,0,0,0,0,0,0,0,0,0,0,0,0,0,0,0,0,0,0.0,0.00,0,-0.0,0.0,0.00,0,0,0.0,0.0,3,0,0,0,1,1,0,5.2,22,20,1,2,0,0,0,0,2,0,1,0,0,0,0,0,0,0,1,5,1,1.23,84,5,11,0,0,0.2,0.0,0.4,6.44,3,0,0,0,0,0,0,0,0.00,0.0,.000,0,0,5.2,0,0,0,0,0,0,0,0,0,0,0,0,0.0,0.0
RP,Al Hrabosky,Al,Hrabosky,Winnipeg Golden Knights,5' 11',185 lbs,R,L,88,St. Louis Cardinals,STL,1973,1961-1979,,83295,Gold,Snapshot  RP Al Hrabosky  STL  1973,0,N,0,1,2,1,2,1,1,3,1,3,1,1,2,1,2,1,27,14,Normal,Normal,Normal,111,73,71,105,101,63,73,93,114,77,71,107,85,-,-,-,-,-,-,136,-,-,-,-,2,EX FB,91-93,3/4,Normal,21,115,-,-,-,25,20,23,23,10,3,7,52,-,-,-,-,-,-,-,-,52,-,-,-,-,-,-,-,-,12,5,6,19,,,0,0,0,0,0,0,0,0,0,0,0,0,0,0,0,0,0,0.0,0.00,0,-0.0,0.0,0.00,0,0,0.0,0.0,3,0,1,1,1,1,1,4.0,14,14,1,0,0,1,1,1,0,0,4,0,0,0,0,0,0,0,1,0,0,0.89,52,2,6,0,0,-0.1,0.0,0.1,1.08,3,0,0,0,0,0,0,0,0.00,0.0,.000,0,0,4.0,0,0,0,0,0,0,0,0,0,0,0,0,0.0,0.0
RP,Al Hrabosky,Al,Hrabosky,Dubuque Packers,5' 11',185 lbs,R,L,88,St. Louis Cardinals,STL,1973,1961-1979,,83295,Gold,Snapshot  RP Al Hrabosky  STL  1973,0,N,0,1,2,1,2,1,1,3,1,3,1,1,2,1,2,1,27,14,Normal,Normal,Normal,111,73,71,105,101,63,73,93,114,77,71,107,85,-,-,-,-,-,-,136,-,-,-,-,2,EX FB,91-93,3/4,Normal,21,115,-,-,-,25,20,23,23,10,3,7,52,-,-,-,-,-,-,-,-,52,-,-,-,-,-,-,-,-,12,5,6,19,,,0,0,0,0,0,0,0,0,0,0,0,0,0,0,0,0,0,0.0,0.00,0,-0.0,0.0,0.00,0,0,0.0,0.0,2,0,1,0,0,2,0,2.0,10,7,1,0,0,0,0,0,3,0,3,0,0,0,1,0,0,0,1,0,0,4.01,46,1,2,0,0,0.3,-0.0,0.3,5.14,2,0,0,0,0,0,0,0,0.00,0.0,.000,0,0,2.0,0,0,0,0,0,0,0,0,0,0,0,0,-0.3,0.0
RP,Al Hrabosky,Al,Hrabosky,Grand Rapids Warriors,5' 11',185 lbs,R,L,88,St. Louis Cardinals,STL,1973,1961-1979,,83295,Gold,Snapshot  RP Al Hrabosky  STL  1973,0,Y,5,1,4,1,4,1,1,5,1,5,1,1,4,1,4,1,27,14,Normal,Normal,Normal,120,80,77,114,109,69,80,101,123,84,77,116,85,-,-,-,-,-,-,136,-,-,-,-,2,EX FB,91-93,3/4,Normal,21,115,-,-,-,25,20,23,23,10,3,7,57,-,-,-,-,-,-,-,-,57,-,-,-,-,-,-,-,-,12,5,6,19,,,0,0,0,0,0,0,0,0,0,0,0,0,0,0,0,0,0,0.0,0.00,0,-0.0,0.0,0.00,0,0,0.0,0.0,3,0,1,0,0,0,0,1.2,5,5,0,0,0,0,0,0,0,0,3,0,0,0,0,0,0,0,2,0,0,0.26,20,1,1,0,0,0.0,0.1,0.1,-1.29,3,0,0,0,0,0,0,0,0.00,0.0,.000,0,0,1.2,0,0,0,0,0,0,0,0,0,0,0,0,0.0,0.0
RP,Catfish Hunter,Catfish,Hunter,Shakedown 1977 Microbus TTC - GH,6' 0',195 lbs,R,R,92,New York Yankees,NYA,1975,1961-1979,HOF,86878,Diamond,HOF 2 - Hall of Fame  SP Catfish Hunter  NYY  1975,0,N,0,15,33,5,31,15,9,31,9,19,9,18,34,4,34,18,23,1,Normal,Normal,Normal,83,152,180,92,67,127,168,84,95,172,190,98,96,100,73,87,-,-,-,-,-,-,-,-,4,EX FB,90-92,3/4,Finesse,111,107,-,-,-,24,30,25,23,7,10,10,61,-,-,-,-,-,-,-,-,61,-,-,-,-,-,-,-,-,5,3,6,5,,,0,0,0,0,0,0,0,0,0,0,0,0,0,0,0,0,0,0.0,0.00,0,-0.0,0.0,0.00,0,0,0.0,0.0,3,3,2,1,0,0,0,20.2,87,81,15,6,0,1,8,8,5,0,18,0,0,1,1,0,0,1,0,0,0,1.06,361,16,26,1,1,0.2,0.7,0.6,3.53,3,3,4,1,3,0,0,0,1.74,-0.1,.539,2,1,20.2,0,0,1,1,0,0,1,0,0,0,0,0,0.0,0.0
RP,Jason Isringhausen,Jason,Isringhausen,Winnipeg Golden Knights,6' 3',235 lbs,R,R,85,St. Louis Cardinals,STL,2004,1993-2004,,82685,Gold,Hardware Heroes  CL Jason Isringhausen  STL  2004,0,N,0,2,3,1,3,1,2,3,1,3,1,2,3,1,3,1,24,15,Normal,Spray,Spray,86,77,112,92,92,87,109,95,80,69,115,91,58,97,76,98,-,-,84,-,-,-,-,-,5,NEU,91-93,3/4,Normal,17,115,-,-,-,35,13,24,23,6,3,6,57,-,-,-,-,-,-,-,-,57,-,-,-,-,-,-,-,-,6,4,6,7,,,0,0,0,0,0,0,0,0,0,0,0,0,0,0,0,0,0,0.0,0.00,0,-0.0,0.0,0.00,0,0,0.0,0.0,1,0,1,0,0,1,0,1.1,6,5,0,0,0,0,0,0,1,0,1,0,0,0,0,0,0,0,1,1,0,2.85,20,2,1,0,0,0.2,0.0,0.1,5.44,1,0,0,0,0,0,0,0,0.00,0.0,.000,0,0,1.1,0,0,0,0,0,0,0,0,0,0,0,0,0.0,0.0
RP,Jason Isringhausen,Jason,Isringhausen,New York Jackhammers,6' 3',235 lbs,R,R,85,St. Louis Cardinals,STL,2004,1993-2004,,82685,Gold,Hardware Heroes  CL Jason Isringhausen  STL  2004,0,N,0,2,3,1,3,1,2,3,1,3,1,2,3,1,3,1,24,15,Normal,Spray,Spray,86,77,112,92,92,87,109,95,80,69,115,91,58,97,76,98,-,-,84,-,-,-,-,-,5,NEU,91-93,3/4,Normal,17,115,-,-,-,35,13,24,23,6,3,6,57,-,-,-,-,-,-,-,-,57,-,-,-,-,-,-,-,-,6,4,6,7,,,0,0,0,0,0,0,0,0,0,0,0,0,0,0,0,0,0,0.0,0.00,0,-0.0,0.0,0.00,0,0,0.0,0.0,3,0,0,1,0,0,2,2.1,14,14,2,2,1,2,5,5,0,0,3,0,0,0,0,0,0,1,1,5,3,1.14,66,1,2,1,0,-0.9,-0.2,-0.4,2.80,3,0,0,0,0,0,0,0,0.00,-0.1,.000,1,0,2.1,0,0,0,0,0,0,0,0,0,0,0,0,0.0,0.0
RP,Tommy John,Tommy,John,NoseKerim Astea Kerim,6' 3',185 lbs,R,L,92,New York Yankees,NYA,1979,1961-1979,,86604,Diamond,In Memoriam - Historical All-Star  SP Tommy John  NYY  1979,0,N,0,17,37,6,35,17,21,32,3,45,20,16,39,7,32,17,41,2,Normal,Normal,Normal,71,131,88,168,93,138,82,164,62,128,90,170,-,70,103,-,92,-,66,-,-,50,-,-,5,EX GB,88-90,3/4,GB'er,90,64,-,-,-,25,30,26,25,1,9,5,63,-,-,-,-,-,-,-,-,63,-,-,-,-,-,-,-,-,7,5,6,9,,,0,0,0,0,0,0,0,0,0,0,0,0,0,0,0,0,0,0.0,0.00,0,-0.0,0.0,0.00,0,0,0.0,0.0,4,0,0,0,0,0,0,7.1,24,23,2,0,0,0,0,0,0,0,5,1,0,0,0,0,0,1,2,3,0,0.39,104,8,8,0,0,0.1,0.2,0.4,2.94,4,0,2,1,1,0,0,0,2.45,0.1,1.079,0,0,7.1,0,0,1,1,0,0,0,0,0,0,0,0,0.0,0.0
RP,Tommy John,Tommy,John,Paso Robles Powerhouse,6' 3',185 lbs,R,L,92,New York Yankees,NYA,1979,1961-1979,,86604,Diamond,In Memoriam - Historical All-Star  SP Tommy John  NYY  1979,0,N,0,17,37,6,35,17,21,32,3,45,20,16,39,7,32,17,41,2,Normal,Normal,Normal,71,131,88,168,93,138,82,164,62,128,90,170,-,70,103,-,92,-,66,-,-,50,-,-,5,EX GB,88-90,3/4,GB'er,90,64,-,-,-,25,30,26,25,1,9,5,63,-,-,-,-,-,-,-,-,63,-,-,-,-,-,-,-,-,7,5,6,9,,,0,0,0,0,0,0,0,0,0,0,0,0,0,0,0,0,0,0.0,0.00,0,-0.0,0.0,0.00,0,0,0.0,0.0,4,0,1,0,0,0,1,7.1,40,32,7,0,1,1,7,6,5,0,9,3,0,0,0,0,0,0,1,4,2,1.26,175,8,5,1,0,-0.3,-0.1,-0.3,4.16,4,0,0,0,0,0,0,0,0.00,-0.1,.000,1,0,7.1,0,0,0,0,0,0,0,0,0,0,0,0,-0.5,0.0
RP,Nate Jones,Nate,Jones,Youngstown Ironmen,6' 5',230 lbs,R,R,85,Chicago White Sox,CHW,2016,2015+,,83290,Gold,Snapshot  RP Nate Jones  CWS  2016,0,N,0,1,3,1,3,1,1,3,1,3,1,1,3,1,3,1,22,4,Normal,Normal,Normal,91,100,112,74,97,97,99,60,86,104,123,84,98,-,-,88,76,-,-,-,-,-,-,-,3,NEU,90-92,3/4,Normal,18,113,-,-,-,31,20,24,23,7,10,7,59,-,-,-,-,-,-,-,-,59,-,-,-,-,-,-,-,-,11,4,6,18,,,0,0,0,0,0,0,0,0,0,0,0,0,0,0,0,0,0,0.0,0.00,0,-0.0,0.0,0.00,0,0,0.0,0.0,4,0,0,0,1,1,0,4.0,16,16,3,1,0,0,0,0,0,0,2,0,0,0,0,0,0,0,0,3,0,1.57,47,3,7,0,0,0.2,0.1,0.3,3.87,4,0,0,0,0,0,0,0,0.00,0.0,.000,0,0,4.0,0,0,0,0,0,0,0,0,0,0,0,0,0.0,0.0
RP,Sam Jones,Sam,Jones,NoseKerim Astea Kerim,6' 0',170 lbs,R,R,92,Boston Red Sox,BOS,1921,1921-1945,,86070,Diamond,4th of July On-Stream - Snapshot  SP Sam Jones  BOS  1921,0,Y,5,85,67,81,99,47,93,23,13,136,26,82,73,91,90,53,40,4,Normal,Normal,Normal,100,109,86,159,82,102,83,155,116,119,89,164,86,123,117,-,-,-,-,-,-,-,-,-,3,NEU,89-91,3/4,Normal,82,62,-,-,-,24,23,24,26,9,4,1,59,-,-,-,-,-,-,-,-,59,-,-,-,-,-,-,-,-,43,43,58,35,,,0,0,0,0,0,0,0,0,0,0,0,0,0,0,0,0,0,0.0,0.00,0,-0.0,0.0,0.00,0,0,0.0,0.0,5,5,3,1,0,0,0,31.1,126,116,16,4,1,7,12,12,8,0,34,1,0,1,0,0,0,1,0,0,0,0.99,509,30,24,0,4,0.3,0.2,0.9,2.89,5,5,6,3,2,1,0,0,1.44,0.8,.539,4,4,31.1,0,0,3,1,1,1,0,0,0,0,0,0,-0.1,0.0
RP,Toothpick Sam Jones,Toothpick Sam,Jones,Looking Glass Loopers TBD,6' 4',190 lbs,R,R,79,San Francisco Giants,SFG,1959,1946-1960,,86666,Silver,50s Theme Week - Historical All-Star  SP Toothpick Sam Jones  SF  1959,0,Y,5,18,36,5,37,21,15,48,4,24,25,19,32,6,40,20,85,9,Normal,Normal,Normal,122,62,97,125,108,58,90,111,133,66,103,134,94,88,161,-,-,-,-,-,-,-,-,-,3,FB,92-94,3/4,Normal,79,59,-,-,-,28,13,21,23,5,1,2,52,-,-,-,-,-,-,-,-,52,-,-,-,-,-,-,-,-,6,3,6,7,,,0,0,0,0,0,0,0,0,0,0,0,0,0,0,0,0,0,0.0,0.00,0,-0.0,0.0,0.00,0,0,0.0,0.0,2,0,0,0,1,1,0,2.2,12,10,1,0,0,1,1,1,2,0,2,0,0,0,0,0,0,0,0,1,0,1.61,48,2,4,0,0,0.1,-0.2,0.1,5.42,2,0,0,0,0,0,0,0,0.00,-0.2,.000,0,0,2.2,0,0,1,0,0,0,0,0,0,0,0,0,0.0,0.0
RP,Toothpick Sam Jones,Toothpick Sam,Jones,Sydney Whalers,6' 4',190 lbs,R,R,79,San Francisco Giants,SFG,1959,1946-1960,,86666,Silver,50s Theme Week - Historical All-Star  SP Toothpick Sam Jones  SF  1959,0,N,0,15,32,3,33,18,12,43,2,21,22,16,28,4,36,17,85,9,Normal,Normal,Normal,113,56,89,116,100,53,83,103,123,60,95,124,94,88,161,-,-,-,-,-,-,-,-,-,3,FB,92-94,3/4,Normal,79,59,-,-,-,28,13,21,23,5,1,2,48,-,-,-,-,-,-,-,-,48,-,-,-,-,-,-,-,-,6,3,6,7,,,0,0,0,0,0,0,0,0,0,0,0,0,0,0,0,0,0,0.0,0.00,0,-0.0,0.0,0.00,0,0,0.0,0.0,1,0,0,0,0,0,0,2.2,14,11,3,0,0,0,2,2,2,0,3,1,0,0,0,0,0,0,0,0,0,0.51,65,3,2,0,0,-0.0,0.0,-0.0,4.49,1,0,3,2,1,0,0,0,10.12,0.1,1.079,0,0,2.2,0,0,2,2,0,0,0,0,0,0,0,0,0.0,0.0
RP,Corey Knebel,Corey,Knebel,Waltham River Otters,6' 3',225 lbs,R,R,86,Milwaukee Brewers,MIL,2017,2015+,BBR,86428,Gold,Baseball Reference 7  CL Corey Knebel  MIL  2017,0,N,0,1,3,1,3,1,1,4,1,3,2,1,3,1,3,1,21,1,Normal,Normal,Normal,158,44,94,127,147,38,144,147,166,50,64,117,133,-,-,130,-,-,-,-,-,-,131,-,3,EX FB,95-97,3/4,Normal,17,46,-,-,-,27,20,23,23,2,4,8,55,-,-,-,-,-,-,-,-,55,-,-,-,-,-,-,-,-,5,5,6,5,,,0,0,0,0,0,0,0,0,0,0,0,0,0,0,0,0,0,0.0,0.00,0,-0.0,0.0,0.00,0,0,0.0,0.0,5,0,0,0,0,0,0,5.0,22,18,3,0,0,0,1,1,3,0,3,0,0,1,0,0,0,0,1,6,3,0.35,98,6,7,0,0,0.0,0.0,0.2,5.57,5,0,0,0,0,0,0,0,0.00,0.0,.000,0,0,5.0,0,0,0,0,0,0,0,0,0,0,0,0,-0.1,0.0
RP,Corey Knebel,Corey,Knebel,Youngstown Ironmen,6' 3',225 lbs,R,R,86,Milwaukee Brewers,MIL,2017,2015+,BBR,86428,Gold,Baseball Reference 7  CL Corey Knebel  MIL  2017,0,N,0,1,3,1,3,1,1,4,1,3,2,1,3,1,3,1,21,1,Normal,Normal,Normal,158,44,94,127,147,38,144,147,166,50,64,117,133,-,-,130,-,-,-,-,-,-,131,-,3,EX FB,95-97,3/4,Normal,17,46,-,-,-,27,20,23,23,2,4,8,55,-,-,-,-,-,-,-,-,55,-,-,-,-,-,-,-,-,5,5,6,5,,,0,0,0,0,0,0,0,0,0,0,0,0,0,0,0,0,0,0.0,0.00,0,-0.0,0.0,0.00,0,0,0.0,0.0,3,0,0,0,0,0,1,1.2,8,7,2,0,0,0,1,1,1,0,5,0,0,0,0,0,0,0,1,3,1,1.26,36,0,0,0,0,-0.3,0.1,-0.0,-0.05,3,0,0,0,0,0,0,0,0.00,0.0,.000,0,0,1.2,0,0,0,0,0,0,0,0,0,0,0,0,0.0,0.0
RP,Jose Leclerc,Jose,Leclerc,Northville Stallions,6' 0',195 lbs,R,R,99,Texas Rangers,TEX,2018,2015+,,83326,Diamond,Snapshot  RP Jose Leclerc  TEX  2018,0,N,0,1,1,1,1,1,1,1,1,1,1,1,1,1,1,1,25,18,Normal,Normal,Normal,117,58,146,124,102,22,141,130,130,71,150,119,76,134,-,91,-,-,126,-,-,-,-,-,4,EX FB,93-95,3/4,Normal,12,49,-,-,-,27,39,29,23,3,7,3,75,-,-,-,-,-,-,-,-,75,-,-,-,-,-,-,-,-,13,4,6,22,,,0,0,0,0,0,0,0,0,0,0,0,0,0,0,0,0,0,0.0,0.00,0,-0.0,0.0,0.00,0,0,0.0,0.0,3,0,0,0,0,0,2,2.1,12,10,2,0,0,2,4,4,1,0,5,0,0,1,0,0,0,0,2,4,4,1.06,55,1,1,0,0,-0.6,-0.2,-0.3,1.35,3,0,0,0,0,0,0,0,0.00,0.0,.000,0,0,2.1,0,0,0,0,0,0,0,0,0,0,0,0,0.0,0.0
RP,Jose Leclerc,Jose,Leclerc,Genericsville Generics,6' 0',195 lbs,R,R,99,Texas Rangers,TEX,2018,2015+,,83326,Diamond,Snapshot  RP Jose Leclerc  TEX  2018,0,N,0,1,1,1,1,1,1,1,1,1,1,1,1,1,1,1,25,18,Normal,Normal,Normal,117,58,146,124,102,22,141,130,130,71,150,119,76,134,-,91,-,-,126,-,-,-,-,-,4,EX FB,93-95,3/4,Normal,12,49,-,-,-,27,39,29,23,3,7,3,75,-,-,-,-,-,-,-,-,75,-,-,-,-,-,-,-,-,13,4,6,22,,,0,0,0,0,0,0,0,0,0,0,0,0,0,0,0,0,0,0.0,0.00,0,-0.0,0.0,0.00,0,0,0.0,0.0,2,0,0,0,0,1,0,2.0,10,7,1,0,0,0,0,0,3,0,3,0,0,0,0,0,0,0,2,0,0,1.66,44,1,2,0,0,0.1,-0.0,0.2,5.14,2,0,0,0,0,0,0,0,0.00,0.0,.000,0,0,2.0,0,0,0,0,0,0,0,0,0,0,0,0,0.0,0.0
RP,Al Leiter,Al,Leiter,Youngstown Ironmen,6' 3',215 lbs,L,L,90,Florida Marlins,FLA,1996,1993-2004,,85796,Diamond,Family Connections - Snapshot  SP Al Leiter  FLO  1996,0,N,0,15,17,3,29,9,9,29,3,17,9,18,14,3,32,9,55,5,Normal,Normal,Normal,115,60,150,122,100,88,115,144,120,40,162,118,98,-,140,93,-,-,-,-,-,-,-,-,3,FB,90-92,3/4,Normal,86,104,-,-,-,26,26,26,27,6,9,5,60,-,-,-,-,-,-,-,-,60,-,-,-,-,-,-,-,-,10,3,6,15,,,0,0,0,0,0,0,0,0,0,0,0,0,0,0,0,0,0,0.0,0.00,0,-0.0,0.0,0.00,0,0,0.0,0.0,4,0,0,0,2,2,1,2.1,12,12,2,3,0,0,1,1,0,0,1,0,0,0,0,0,0,0,0,4,1,1.62,37,2,4,0,0,0.0,0.1,0.0,4.77,4,0,0,0,0,0,0,0,0.00,0.0,.000,0,0,2.1,0,0,0,0,0,0,0,0,0,0,0,0,0.0,0.0
RP,Javier Lopez,Javier,Lopez,Everett Aqua Sox,6' 4',220 lbs,L,L,80,San Francisco Giants,SFG,2010,2005-2014,,86408,Gold,T4 Ep. 6 - Baseball Reference 6  RP Javier Lopez  SF  2010,0,N,0,1,3,1,3,1,1,3,1,3,1,1,4,1,3,1,22,1,Normal,Spray,Spray,76,114,82,167,105,88,150,170,66,125,63,165,-,69,99,44,101,-,-,-,-,-,-,-,4,EX GB,87-89,SIDE,GB'er,9,64,-,-,-,35,20,26,23,3,3,3,65,-,-,-,-,-,-,-,-,65,-,-,-,-,-,-,-,-,5,4,6,6,,,0,0,0,0,0,0,0,0,0,0,0,0,0,0,0,0,0,0.0,0.00,0,-0.0,0.0,0.00,0,0,0.0,0.0,2,0,0,0,0,0,0,2.0,7,7,1,0,0,0,0,0,0,0,1,0,0,0,0,0,0,0,1,0,0,0.70,22,2,2,1,0,0.1,0.1,0.1,3.87,2,0,1,1,0,0,0,0,4.50,-0.1,.000,1,0,2.0,0,0,0,0,0,0,0,0,0,0,0,0,0.0,0.0
RP,Javier Lopez,Javier,Lopez,Camjaveratyn O-Forge,6' 4',220 lbs,L,L,80,San Francisco Giants,SFG,2010,2005-2014,,86408,Gold,T4 Ep. 6 - Baseball Reference 6  RP Javier Lopez  SF  2010,0,N,0,1,3,1,3,1,1,3,1,3,1,1,4,1,3,1,22,1,Normal,Spray,Spray,76,114,82,167,105,88,150,170,66,125,63,165,-,69,99,44,101,-,-,-,-,-,-,-,4,EX GB,87-89,SIDE,GB'er,9,64,-,-,-,35,20,26,23,3,3,3,65,-,-,-,-,-,-,-,-,65,-,-,-,-,-,-,-,-,5,4,6,6,,,0,0,0,0,0,0,0,0,0,0,0,0,0,0,0,0,0,0.0,0.00,0,-0.0,0.0,0.00,0,0,0.0,0.0,1,0,0,1,0,0,1,1.1,9,8,4,0,0,0,5,5,1,0,0,0,0,0,1,0,0,0,0,1,0,1.88,35,2,2,0,0,-0.3,-0.0,-0.5,7.42,1,0,1,0,1,0,0,0,6.75,0.0,.000,0,0,1.1,0,0,0,0,0,0,0,0,0,0,0,0,0.0,0.0
RP,Javier Lopez,Javier,Lopez,Chicago Beans,6' 4',220 lbs,L,L,80,San Francisco Giants,SFG,2010,2005-2014,,86408,Gold,T4 Ep. 6 - Baseball Reference 6  RP Javier Lopez  SF  2010,0,N,0,1,3,1,3,1,1,3,1,3,1,1,4,1,3,1,22,1,Normal,Spray,Spray,76,114,82,167,105,88,150,170,66,125,63,165,-,69,99,44,101,-,-,-,-,-,-,-,4,EX GB,87-89,SIDE,GB'er,9,64,-,-,-,35,20,26,23,3,3,3,65,-,-,-,-,-,-,-,-,65,-,-,-,-,-,-,-,-,5,4,6,6,,,0,0,0,0,0,0,0,0,0,0,0,0,0,0,0,0,0,0.0,0.00,0,-0.0,0.0,0.00,0,0,0.0,0.0,3,0,0,1,0,0,1,1.2,9,8,2,0,0,0,2,1,1,0,2,0,0,0,0,0,0,0,1,0,0,1.62,37,1,2,0,0,-0.2,0.1,-0.1,3.96,2,0,0,0,0,0,0,0,0.00,0.0,.000,0,0,1.2,0,0,0,0,0,0,0,0,0,0,0,0,0.0,0.0
RP,Javier Lopez,Javier,Lopez,Arcadia Wyverns,6' 4',220 lbs,L,L,80,San Francisco Giants,SFG,2010,2005-2014,,86408,Gold,T4 Ep. 6 - Baseball Reference 6  RP Javier Lopez  SF  2010,0,N,0,1,3,1,3,1,1,3,1,3,1,1,4,1,3,1,22,1,Normal,Spray,Spray,76,114,82,167,105,88,150,170,66,125,63,165,-,69,99,44,101,-,-,-,-,-,-,-,4,EX GB,87-89,SIDE,GB'er,9,64,-,-,-,35,20,26,23,3,3,3,65,-,-,-,-,-,-,-,-,65,-,-,-,-,-,-,-,-,5,4,6,6,,,0,0,0,0,0,0,0,0,0,0,0,0,0,0,0,0,0,0.0,0.00,0,-0.0,0.0,0.00,0,0,0.0,0.0,2,0,0,0,1,0,0,2.1,11,11,3,1,0,1,2,2,0,0,2,0,0,0,0,0,0,0,0,1,1,1.03,36,1,3,0,0,-0.0,-0.1,-0.1,3.09,2,0,0,0,0,0,0,0,0.00,-0.5,.000,0,0,2.1,0,0,1,0,0,0,0,0,0,0,0,0,0.0,0.0
RP,Javier Lopez,Javier,Lopez,Looking Glass Loopers TBD,6' 4',220 lbs,L,L,80,San Francisco Giants,SFG,2010,2005-2014,,86408,Gold,T4 Ep. 6 - Baseball Reference 6  RP Javier Lopez  SF  2010,0,N,0,1,3,1,3,1,1,3,1,3,1,1,4,1,3,1,22,1,Normal,Spray,Spray,76,114,82,167,105,88,150,170,66,125,63,165,-,69,99,44,101,-,-,-,-,-,-,-,4,EX GB,87-89,SIDE,GB'er,9,64,-,-,-,35,20,26,23,3,3,3,65,-,-,-,-,-,-,-,-,65,-,-,-,-,-,-,-,-,5,4,6,6,,,0,0,0,0,0,0,0,0,0,0,0,0,0,0,0,0,0,0.0,0.00,0,-0.0,0.0,0.00,0,0,0.0,0.0,2,0,0,1,0,0,1,2.0,10,10,3,0,0,0,1,0,0,0,2,0,0,0,0,0,0,0,2,0,0,2.38,27,4,0,0,0,-0.2,0.1,0.0,4.19,2,0,0,0,0,0,0,0,0.00,0.0,.000,0,0,2.0,0,0,0,0,0,0,0,0,0,0,0,0,0.0,0.0
RP,Javier Lopez,Javier,Lopez,Texas Briskets,6' 4',220 lbs,L,L,80,San Francisco Giants,SFG,2010,2005-2014,,86408,Gold,T4 Ep. 6 - Baseball Reference 6  RP Javier Lopez  SF  2010,0,N,0,1,3,1,3,1,1,3,1,3,1,1,4,1,3,1,22,1,Normal,Spray,Spray,76,114,82,167,105,88,150,170,66,125,63,165,-,69,99,44,101,-,-,-,-,-,-,-,4,EX GB,87-89,SIDE,GB'er,9,64,-,-,-,35,20,26,23,3,3,3,65,-,-,-,-,-,-,-,-,65,-,-,-,-,-,-,-,-,5,4,6,6,,,0,0,0,0,0,0,0,0,0,0,0,0,0,0,0,0,0,0.0,0.00,0,-0.0,0.0,0.00,0,0,0.0,0.0,1,0,0,0,0,0,0,1.0,3,3,1,0,0,0,0,0,0,0,0,0,0,0,0,0,0,1,1,0,0,0.33,14,2,0,0,0,0.0,0.0,0.1,7.87,1,0,0,0,0,0,0,0,0.00,0.0,.000,0,0,1.0,0,0,0,0,0,0,0,0,0,0,0,0,0.0,0.0
RP,Javier Lopez,Javier,Lopez,Cibao Aguilas,6' 4',220 lbs,L,L,80,San Francisco Giants,SFG,2010,2005-2014,,86408,Gold,T4 Ep. 6 - Baseball Reference 6  RP Javier Lopez  SF  2010,0,Y,5,1,5,1,5,1,1,5,1,5,1,1,6,1,5,1,22,1,Normal,Spray,Spray,83,123,89,179,114,96,161,183,72,135,69,177,-,69,99,44,101,-,-,-,-,-,-,-,4,EX GB,87-89,SIDE,GB'er,9,64,-,-,-,35,20,26,23,3,3,3,70,-,-,-,-,-,-,-,-,70,-,-,-,-,-,-,-,-,5,4,6,6,,,0,0,0,0,0,0,0,0,0,0,0,0,0,0,0,0,0,0.0,0.00,0,-0.0,0.0,0.00,0,0,0.0,0.0,1,0,0,0,1,0,0,0.2,3,3,1,0,0,0,0,0,0,0,0,0,0,0,0,0,0,0,0,0,0,3.23,15,1,1,0,0,0.0,0.0,0.1,6.14,1,0,0,0,0,0,0,0,0.00,0.0,.000,0,0,0.2,0,0,0,0,0,0,0,0,0,0,0,0,0.0,0.0
RP,Javier Lopez,Javier,Lopez,Chicago Seals,6' 4',220 lbs,L,L,80,San Francisco Giants,SFG,2010,2005-2014,,86408,Gold,T4 Ep. 6 - Baseball Reference 6  RP Javier Lopez  SF  2010,0,N,0,1,3,1,3,1,1,3,1,3,1,1,4,1,3,1,22,1,Normal,Spray,Spray,76,114,82,167,105,88,150,170,66,125,63,165,-,69,99,44,101,-,-,-,-,-,-,-,4,EX GB,87-89,SIDE,GB'er,9,64,-,-,-,35,20,26,23,3,3,3,65,-,-,-,-,-,-,-,-,65,-,-,-,-,-,-,-,-,5,4,6,6,,,0,0,0,0,0,0,0,0,0,0,0,0,0,0,0,0,0,0.0,0.00,0,-0.0,0.0,0.00,0,0,0.0,0.0,3,0,0,0,3,2,0,3.0,11,11,2,0,0,0,0,0,0,0,0,0,0,0,0,0,0,0,0,0,0,1.39,39,4,5,0,0,0.3,0.1,0.2,6.26,3,0,0,0,0,0,0,0,0.00,0.0,.000,0,0,3.0,0,0,0,0,0,0,0,0,0,0,0,0,0.0,0.0
RP,Javier Lopez,Javier,Lopez,Gastonia Peaches,6' 4',220 lbs,L,L,80,San Francisco Giants,SFG,2010,2005-2014,,86408,Gold,T4 Ep. 6 - Baseball Reference 6  RP Javier Lopez  SF  2010,0,N,0,1,3,1,3,1,1,3,1,3,1,1,4,1,3,1,22,1,Normal,Spray,Spray,76,114,82,167,105,88,150,170,66,125,63,165,-,69,99,44,101,-,-,-,-,-,-,-,4,EX GB,87-89,SIDE,GB'er,9,64,-,-,-,35,20,26,23,3,3,3,65,-,-,-,-,-,-,-,-,65,-,-,-,-,-,-,-,-,5,4,6,6,,,0,0,0,0,0,0,0,0,0,0,0,0,0,0,0,0,0,0.0,0.00,0,-0.0,0.0,0.00,0,0,0.0,0.0,5,0,0,0,1,1,1,3.1,15,13,3,0,0,0,2,2,1,0,5,1,0,0,0,0,0,0,0,4,2,2.79,61,2,3,0,0,-0.2,0.2,-0.0,1.99,5,0,0,0,0,0,0,0,0.00,0.0,.000,0,0,3.1,0,0,0,0,0,0,0,0,0,0,0,0,0.0,0.0
RP,Javier Lopez,Javier,Lopez,Shakedown 1977 Microbus TTC - GH,6' 4',220 lbs,L,L,80,San Francisco Giants,SFG,2010,2005-2014,,86408,Gold,T4 Ep. 6 - Baseball Reference 6  RP Javier Lopez  SF  2010,0,N,0,1,3,1,3,1,1,3,1,3,1,1,4,1,3,1,22,1,Normal,Spray,Spray,76,114,82,167,105,88,150,170,66,125,63,165,-,69,99,44,101,-,-,-,-,-,-,-,4,EX GB,87-89,SIDE,GB'er,9,64,-,-,-,35,20,26,23,3,3,3,65,-,-,-,-,-,-,-,-,65,-,-,-,-,-,-,-,-,5,4,6,6,,,0,0,0,0,0,0,0,0,0,0,0,0,0,0,0,0,0,0.0,0.00,0,-0.0,0.0,0.00,0,0,0.0,0.0,2,0,0,0,1,1,0,2.0,8,8,2,0,0,0,0,0,0,0,1,0,0,0,0,0,0,0,0,0,0,0.75,32,3,2,0,0,0.1,0.1,0.1,4.17,2,0,2,1,1,0,0,0,9.00,0.1,1.079,0,0,2.0,0,0,1,1,0,0,0,0,0,0,0,0,0.0,0.0
RP,Gary Lucas,Gary,Lucas,Everett Aqua Sox,6' 5',200 lbs,L,L,86,California Angels,ANA,1986,1980-1992,,85847,Gold,T4 Ep. 3 - Snapshot  RP Gary Lucas  CAL  1986,0,N,0,1,3,1,3,1,1,3,1,3,1,1,3,1,3,2,30,1,Normal,Normal,Normal,74,149,62,132,64,140,39,122,78,152,66,135,78,-,-,80,90,-,-,-,-,-,-,-,3,NEU,90-92,3/4,Finesse,24,61,-,-,-,35,20,26,23,4,1,9,65,-,-,-,-,-,-,-,-,65,-,-,-,-,-,-,-,-,10,4,6,16,,,0,0,0,0,0,0,0,0,0,0,0,0,0,0,0,0,0,0.0,0.00,0,-0.0,0.0,0.00,0,0,0.0,0.0,1,0,0,0,0,0,0,1.1,4,4,0,0,0,0,0,0,0,0,0,0,0,0,0,0,0,0,1,0,0,0.12,13,1,3,0,0,0.0,0.0,0.1,5.41,1,0,0,0,0,0,0,0,0.00,0.0,.000,0,0,1.1,0,0,0,0,0,0,0,0,0,0,0,0,0.0,0.0
RP,Gary Lucas,Gary,Lucas,Camjaveratyn O-Forge,6' 5',200 lbs,L,L,86,California Angels,ANA,1986,1980-1992,,85847,Gold,T4 Ep. 3 - Snapshot  RP Gary Lucas  CAL  1986,0,N,0,1,3,1,3,1,1,3,1,3,1,1,3,1,3,2,30,1,Normal,Normal,Normal,74,149,62,132,64,140,39,122,78,152,66,135,78,-,-,80,90,-,-,-,-,-,-,-,3,NEU,90-92,3/4,Finesse,24,61,-,-,-,35,20,26,23,4,1,9,65,-,-,-,-,-,-,-,-,65,-,-,-,-,-,-,-,-,10,4,6,16,,,0,0,0,0,0,0,0,0,0,0,0,0,0,0,0,0,0,0.0,0.00,0,-0.0,0.0,0.00,0,0,0.0,0.0,2,0,0,0,0,1,0,3.0,10,9,0,0,0,0,0,0,1,0,2,0,0,0,0,0,0,0,1,0,0,0.46,35,4,3,0,0,0.1,0.1,0.2,4.23,2,0,0,0,0,0,0,0,0.00,0.0,.000,0,0,3.0,0,0,0,0,0,0,0,0,0,0,0,0,0.0,0.0
RP,Red Lucas,Red,Lucas,Freedom Grabbers - HotL,5' 9',170 lbs,L,R,68,Cincinnati Reds,CIN,1927,1921-1945,,86781,Bronze,T4 Ep. 9 - Baseball Reference 8  SP Red Lucas  CIN  1927,0,N,0,89,73,10,87,81,128,124,10,20,86,80,52,10,100,80,44,9,Groundball,Normal,Normal,55,115,93,100,38,107,98,87,64,122,90,112,74,79,78,-,-,-,-,-,-,-,-,-,3,FB,87-89,3/4,Normal,93,62,-,-,-,54,53,69,69,46,100,40,106,-,-,57,-,43,57,-,-,106,-,-,57,-,43,57,-,-,31,4,6,14,,,0,0,0,0,0,0,0,0,0,0,0,0,0,0,0,0,0,0.0,0.00,0,-0.0,0.0,0.00,0,0,0.0,0.0,2,0,0,0,0,1,0,4.1,17,17,3,0,0,1,3,3,0,0,3,0,0,0,0,0,0,0,0,1,0,0.53,68,5,5,0,0,0.2,-0.0,-0.1,3.39,2,0,1,0,1,0,0,0,2.08,0.0,.000,0,0,4.1,0,0,1,1,0,0,0,0,0,0,0,0,0.0,0.0
RP,Red Lucas,Red,Lucas,Great Lakes Man-of-War-HOTL,5' 9',170 lbs,L,R,68,Cincinnati Reds,CIN,1927,1921-1945,,86781,Bronze,T4 Ep. 9 - Baseball Reference 8  SP Red Lucas  CIN  1927,0,N,0,89,73,10,87,81,128,124,10,20,86,80,52,10,100,80,44,9,Groundball,Normal,Normal,55,115,93,100,38,107,98,87,64,122,90,112,74,79,78,-,-,-,-,-,-,-,-,-,3,FB,87-89,3/4,Normal,93,62,-,-,-,54,53,69,69,46,100,40,106,-,-,57,-,43,57,-,-,106,-,-,57,-,43,57,-,-,31,4,6,14,,,0,0,0,0,0,0,0,0,0,0,0,0,0,0,0,0,0,0.0,0.00,0,-0.0,0.0,0.00,0,0,0.0,0.0,1,0,0,0,0,0,0,1.0,6,5,2,1,0,0,3,3,0,0,0,0,0,1,0,0,0,0,0,0,0,0.97,18,1,2,0,0,0.0,0.0,-0.2,6.27,1,0,0,0,0,0,0,0,0.00,0.0,.000,0,0,1.0,0,0,0,0,0,0,0,0,0,0,0,0,0.0,0.0
RP,Red Lucas,Red,Lucas,Orlando Heatstrokes,5' 9',170 lbs,L,R,68,Cincinnati Reds,CIN,1927,1921-1945,,86781,Bronze,T4 Ep. 9 - Baseball Reference 8  SP Red Lucas  CIN  1927,0,N,0,89,73,10,87,81,128,124,10,20,86,80,52,10,100,80,44,9,Groundball,Normal,Normal,55,115,93,100,38,107,98,87,64,122,90,112,74,79,78,-,-,-,-,-,-,-,-,-,3,FB,87-89,3/4,Normal,93,62,-,-,-,54,53,69,69,46,100,40,106,-,-,57,-,43,57,-,-,106,-,-,57,-,43,57,-,-,31,4,6,14,,,0,0,0,0,0,0,0,0,0,0,0,0,0,0,0,0,0,0.0,0.00,0,-0.0,0.0,0.00,0,0,0.0,0.0,1,0,0,0,0,1,0,3.1,15,14,5,0,0,0,1,1,1,0,2,0,0,0,0,0,0,0,0,0,0,2.13,53,5,2,0,0,0.1,0.1,0.1,4.87,1,0,0,0,0,0,0,0,0.00,0.0,.000,0,0,3.1,0,0,0,0,0,0,0,0,0,0,0,0,0.0,0.0
RP,Jack Lynch,Jack,Lynch,Montrose Cobblers,5' 8',185 lbs,R,R,91,New York Metropolitans,CHW,1884,2026,,83321,Diamond,Snapshot  SP Jack Lynch  NY4  1884,0,Y,5,8,56,6,64,111,8,57,6,66,116,8,56,6,64,110,7,22,Normal,Pull,Pull,89,147,91,93,91,143,94,94,88,149,89,93,-,115,85,-,-,-,-,-,-,87,-,-,3,NEU,90-92,3/4,Normal,97,49,-,-,-,27,20,21,16,5,7,1,57,-,-,-,-,-,-,-,-,57,-,-,-,-,-,-,-,-,89,100,90,62,,,0,0,0,0,0,0,0,0,0,0,0,0,0,0,0,0,0,0.0,0.00,0,-0.0,0.0,0.00,0,0,0.0,0.0,2,2,2,0,0,0,0,14.0,54,52,9,1,0,1,4,2,1,0,8,0,1,0,1,0,0,0,0,0,0,1.00,191,11,21,1,2,0.4,0.4,0.6,3.86,2,2,3,2,0,1,0,0,1.29,0.3,.719,3,2,14.0,0,0,2,1,0,0,1,1,0,0,0,0,0.0,0.0
RP,Max Manning,Max,Manning,Oslo Nordiques,6' 4',180 lbs,R,R,87,Newark Eagles,NeEa,1939,1921-1945,,84490,Gold,Negro League Star  SP Max Manning  NeEa  1939,0,N,0,23,19,7,28,22,24,19,8,29,23,23,19,7,28,22,40,14,Normal,Spray,Pull,86,75,83,86,81,74,77,82,89,77,88,91,75,114,103,78,-,-,-,-,-,-,-,-,4,NEU,88-90,SIDE,Normal,68,60,1,1,1,29,26,27,25,45,56,56,64,-,-,-,-,-,49,-,-,64,-,-,-,-,-,49,-,-,16,3,6,28,,,0,0,0,0,0,0,0,0,0,0,0,0,0,0,0,0,0,0.0,0.00,0,-0.0,0.0,0.00,0,0,0.0,0.0,1,0,0,1,0,0,1,1.2,8,7,2,0,0,0,3,3,1,0,2,0,0,0,0,0,0,0,0,0,0,2.96,43,1,2,0,0,-0.2,0.1,-0.4,3.70,1,0,0,0,0,0,0,0,0.00,0.0,.000,0,0,1.2,0,0,0,0,0,0,0,0,0,0,0,0,0.0,0.0
RP,Carlos Marmol,Carlos,Marmol,Normal Night Owls - HotL,6' 1',235 lbs,R,R,83,Chicago Cubs,CHC,2010,2005-2014,,86806,Gold,T4 Ep. 9 - Baseball Reference 8  CL Carlos Marmol  CHC  2010,0,N,0,1,3,1,3,1,1,3,1,3,1,1,3,1,3,1,28,1,Normal,Spray,Spray,196,22,115,156,220,18,122,133,176,26,109,175,121,-,-,146,-,-,-,-,-,-,-,-,2,EX FB,93-95,OTT,Normal,17,53,-,-,-,35,20,26,23,2,8,4,64,-,-,-,-,-,-,-,-,64,-,-,-,-,-,-,-,-,9,5,6,13,,,0,0,0,0,0,0,0,0,0,0,0,0,0,0,0,0,0,0.0,0.00,0,-0.0,0.0,0.00,0,0,0.0,0.0,2,0,0,0,1,1,1,1.2,11,9,3,0,0,1,3,3,2,0,3,0,0,0,0,0,0,0,0,2,0,2.88,46,1,1,0,0,-0.4,-0.2,-0.4,4.16,2,0,0,0,0,0,0,0,0.00,0.0,.000,0,0,1.2,0,0,0,0,0,0,0,0,0,0,0,0,0.0,0.0
RP,Carlos Marmol,Carlos,Marmol,Paso Robles Powerhouse,6' 1',235 lbs,R,R,83,Chicago Cubs,CHC,2010,2005-2014,,86806,Gold,T4 Ep. 9 - Baseball Reference 8  CL Carlos Marmol  CHC  2010,0,N,0,1,3,1,3,1,1,3,1,3,1,1,3,1,3,1,28,1,Normal,Spray,Spray,196,22,115,156,220,18,122,133,176,26,109,175,121,-,-,146,-,-,-,-,-,-,-,-,2,EX FB,93-95,OTT,Normal,17,53,-,-,-,35,20,26,23,2,8,4,64,-,-,-,-,-,-,-,-,64,-,-,-,-,-,-,-,-,9,5,6,13,,,0,0,0,0,0,0,0,0,0,0,0,0,0,0,0,0,0,0.0,0.00,0,-0.0,0.0,0.00,0,0,0.0,0.0,4,0,1,0,1,2,1,4.0,17,15,2,1,1,0,3,3,1,0,4,0,0,1,0,0,0,0,0,2,1,1.25,84,4,4,0,0,-0.1,0.1,-0.1,3.24,4,0,2,0,2,0,0,0,4.50,0.0,.000,0,0,4.0,0,0,0,0,0,0,0,0,0,0,0,0,0.0,0.0
RP,Sean Marshall,Sean,Marshall,Castroville Mashers - JW,6' 7',225 lbs,L,L,93,Chicago Cubs,CHC,2010,2005-2014,BBR,86785,Diamond,September Stars - Baseball Reference 8  RP Sean Marshall  CHC  2010,0,Y,5,1,5,1,5,1,1,5,1,5,1,1,5,1,5,1,26,1,Normal,Normal,Normal,134,92,99,123,153,133,106,101,127,82,97,140,80,-,128,99,85,-,77,-,-,-,-,-,5,GB,90-92,3/4,GB'er,14,70,-,-,-,27,20,23,23,3,10,10,59,-,-,-,-,-,-,-,-,59,-,-,-,-,-,-,-,-,12,5,6,19,,,0,0,0,0,0,0,0,0,0,0,0,0,0,0,0,0,0,0.0,0.00,0,-0.0,0.0,0.00,0,0,0.0,0.0,1,0,0,1,0,0,1,1.1,7,4,1,1,0,0,2,2,2,0,0,0,0,1,0,0,0,1,0,1,0,2.91,30,1,2,0,0,-0.4,-0.1,-0.2,9.75,1,0,0,0,0,0,0,0,0.00,0.0,.000,0,0,1.1,0,0,0,0,0,0,0,0,0,0,0,0,0.0,0.0
RP,Sean Marshall,Sean,Marshall,AW Bees - GH,6' 7',225 lbs,L,L,93,Chicago Cubs,CHC,2010,2005-2014,BBR,86785,Diamond,September Stars - Baseball Reference 8  RP Sean Marshall  CHC  2010,0,N,0,1,3,1,3,1,1,3,1,3,1,1,3,1,3,1,26,1,Normal,Normal,Normal,124,85,91,114,142,123,98,93,118,75,89,130,80,-,128,99,85,-,77,-,-,-,-,-,5,GB,90-92,3/4,GB'er,14,70,-,-,-,27,20,23,23,3,10,10,55,-,-,-,-,-,-,-,-,55,-,-,-,-,-,-,-,-,12,5,6,19,,,0,0,0,0,0,0,0,0,0,0,0,0,0,0,0,0,0,0.0,0.00,0,-0.0,0.0,0.00,0,0,0.0,0.0,4,0,0,0,0,2,2,4.2,19,18,3,0,0,1,2,2,1,0,2,0,0,0,0,0,0,0,2,2,1,1.34,79,6,6,1,0,-0.2,-0.1,0.1,5.04,4,0,1,1,0,0,0,0,1.93,-0.1,1.079,1,0,4.2,0,0,1,1,0,0,0,0,0,0,0,0,-0.1,0.0
RP,Damaso Marte,Damaso,Marte,Chicago Beans,6' 2',215 lbs,L,L,84,Chicago White Sox,CHW,2003,1993-2004,,86703,Gold,Studs & Duds - Unsung Heroes  RP Damaso Marte  CWS  2003,0,N,0,1,3,1,3,1,1,3,1,3,1,2,4,1,3,1,26,1,Normal,Normal,Normal,126,45,95,159,137,67,115,170,122,35,90,155,102,123,-,121,-,-,-,-,-,-,-,-,3,EX FB,92-94,3/4,Normal,19,61,-,-,-,35,20,26,23,10,3,1,65,-,-,-,-,-,-,-,-,65,-,-,-,-,-,-,-,-,6,4,6,7,,,0,0,0,0,0,0,0,0,0,0,0,0,0,0,0,0,0,0.0,0.00,0,-0.0,0.0,0.00,0,0,0.0,0.0,4,0,0,0,0,0,0,4.1,20,15,1,0,0,0,0,0,5,0,2,0,0,0,0,0,0,0,1,3,0,1.36,94,5,6,0,0,0.1,-0.1,0.3,7.47,4,0,1,1,0,0,0,0,2.08,0.1,1.079,0,0,4.1,0,0,1,1,0,0,0,0,0,0,0,0,-0.3,0.0
RP,Damaso Marte,Damaso,Marte,Texas Briskets,6' 2',215 lbs,L,L,84,Chicago White Sox,CHW,2003,1993-2004,,86703,Gold,Studs & Duds - Unsung Heroes  RP Damaso Marte  CWS  2003,0,N,0,1,3,1,3,1,1,3,1,3,1,2,4,1,3,1,26,1,Normal,Normal,Normal,126,45,95,159,137,67,115,170,122,35,90,155,102,123,-,121,-,-,-,-,-,-,-,-,3,EX FB,92-94,3/4,Normal,19,61,-,-,-,35,20,26,23,10,3,1,65,-,-,-,-,-,-,-,-,65,-,-,-,-,-,-,-,-,6,4,6,7,,,0,0,0,0,0,0,0,0,0,0,0,0,0,0,0,0,0,0.0,0.00,0,-0.0,0.0,0.00,0,0,0.0,0.0,2,0,0,0,0,0,1,1.1,7,5,0,1,0,1,3,3,2,0,1,0,0,0,0,0,0,1,1,0,0,0.63,38,1,1,0,0,-0.2,-0.2,-0.2,7.14,2,0,0,0,0,0,0,0,0.00,0.0,.000,0,0,1.1,0,0,0,0,0,0,0,0,0,0,0,0,0.0,0.0
RP,Damaso Marte,Damaso,Marte,Paso Robles Powerhouse,6' 2',215 lbs,L,L,84,Chicago White Sox,CHW,2003,1993-2004,,86703,Gold,Studs & Duds - Unsung Heroes  RP Damaso Marte  CWS  2003,0,N,0,1,3,1,3,1,1,3,1,3,1,2,4,1,3,1,26,1,Normal,Normal,Normal,126,45,95,159,137,67,115,170,122,35,90,155,102,123,-,121,-,-,-,-,-,-,-,-,3,EX FB,92-94,3/4,Normal,19,61,-,-,-,35,20,26,23,10,3,1,65,-,-,-,-,-,-,-,-,65,-,-,-,-,-,-,-,-,6,4,6,7,,,0,0,0,0,0,0,0,0,0,0,0,0,0,0,0,0,0,0.0,0.00,0,-0.0,0.0,0.00,0,0,0.0,0.0,4,0,0,0,1,1,0,4.0,15,15,2,0,1,0,0,0,0,0,3,0,0,0,0,0,0,0,2,2,1,0.44,53,4,5,0,0,0.1,0.1,0.2,3.01,4,0,1,1,0,0,0,0,2.25,0.1,1.079,0,0,4.0,0,0,1,1,0,0,0,0,0,0,0,0,0.0,0.0
RP,Rudy May,Rudy,May,Lowlyworm's Apple Car,6' 3',205 lbs,L,L,74,Montreal Expos,WSN,1979,1961-1979,,85288,Silver,May Names 1 - Snapshot  RP Rudy May  MON  1979,0,N,0,10,7,1,7,3,12,4,1,7,2,10,8,1,8,4,27,40,Normal,Normal,Normal,97,78,70,109,129,100,76,112,90,70,68,109,98,112,127,-,-,-,-,-,-,-,-,-,3,FB,91-93,3/4,Normal,48,57,-,-,-,32,13,23,23,10,8,6,54,-,-,-,-,-,-,-,-,54,-,-,-,-,-,-,-,-,7,5,6,9,,,0,0,0,0,0,0,0,0,0,0,0,0,0,0,0,0,0,0.0,0.00,0,-0.0,0.0,0.00,0,0,0.0,0.0,3,0,0,0,0,0,0,2.0,10,8,2,0,0,0,0,0,2,0,1,0,0,0,0,0,0,0,1,0,0,0.43,46,2,3,0,0,0.0,-0.0,0.1,6.93,3,0,0,0,0,0,0,0,0.00,0.0,.000,0,0,2.0,0,0,0,0,0,0,0,0,0,0,0,0,-0.1,0.0
RP,James McDonald,James,McDonald,Ogden Raptors - HotL,6' 5',205 lbs,L,R,55,Pittsburgh Pirates,PIT,2010,2005-2014,,86384,Iron,T4 Ep. 6 - Baseball Reference 6  SP James McDonald  PIT  2010,0,N,0,1,5,1,3,1,1,5,1,3,1,1,5,1,3,1,28,1,Normal,Spray,Spray,94,68,68,125,84,48,71,131,105,80,66,120,92,98,121,-,103,-,-,-,-,-,-,-,4,EX FB,91-93,3/4,Normal,59,63,-,-,-,25,20,23,23,4,10,2,52,-,-,-,-,-,-,-,-,52,-,-,-,-,-,-,-,-,12,4,6,20,,,0,0,0,0,0,0,0,0,0,0,0,0,0,0,0,0,0,0.0,0.00,0,-0.0,0.0,0.00,0,0,0.0,0.0,1,0,0,0,0,0,0,3.0,12,10,1,0,0,0,0,0,2,0,1,0,0,0,0,0,0,0,0,1,0,0.26,46,4,4,0,0,0.0,0.0,0.2,6.69,1,0,2,1,1,0,0,0,6.00,0.1,1.079,0,0,3.0,0,0,1,1,0,0,0,0,0,0,0,0,0.0,0.0
RP,Jack McDowell,Jack,McDowell,Junk Wax Heroes,6' 5',180 lbs,R,R,85,Chicago White Sox,CHW,1991,1980-1992,,86277,Gold,T4 Ep. 4 - Historical All-Star  SP Jack McDowell  CWS  1991,0,N,0,1,3,1,3,1,1,3,1,3,1,1,3,1,3,1,22,1,Normal,Spray,Spray,102,72,95,107,88,74,106,119,118,71,88,86,96,-,112,-,-,130,-,100,-,-,-,-,4,EX FB,91-93,3/4,Normal,97,54,-,-,-,35,33,30,23,7,7,7,77,-,-,-,-,-,-,-,-,77,-,-,-,-,-,-,-,-,5,4,6,5,,,0,0,0,0,0,0,0,0,0,0,0,0,0,0,0,0,0,0.0,0.00,0,-0.0,0.0,0.00,0,0,0.0,0.0,1,0,0,0,0,0,1,0.2,6,6,2,0,0,1,2,2,0,0,1,0,0,0,0,0,0,0,0,1,1,1.53,24,0,1,0,0,-0.6,-0.1,-0.2,3.37,1,0,1,0,0,1,0,0,0.00,-0.4,.000,0,0,0.2,0,0,0,0,0,0,1,0,0,0,0,0,0.0,0.0
RP,Jake McGee,Jake,McGee,Castroville Mashers - JW,6' 4',240 lbs,L,L,99,Tampa Bay Rays,TBD,2012,2005-2014,BBR,86789,Diamond,September Stars - Baseball Reference 8  RP Jake McGee  TB  2012,0,N,0,1,3,1,3,1,1,3,1,3,1,1,3,1,3,1,26,1,Normal,Normal,Normal,141,94,120,119,133,150,44,90,144,82,150,135,133,-,-,124,-,-,-,-,-,-,-,-,2,FB,95-97,3/4,Normal,12,70,-,-,-,25,20,22,23,4,9,9,52,-,-,-,-,-,-,-,-,52,-,-,-,-,-,-,-,-,5,5,6,5,,,0,0,0,0,0,0,0,0,0,0,0,0,0,0,0,0,0,0.0,0.00,0,-0.0,0.0,0.00,0,0,0.0,0.0,1,0,0,0,0,1,0,1.0,2,2,0,0,0,0,0,0,0,0,2,0,0,0,0,0,0,0,0,1,0,1.45,13,0,0,0,1,0.1,0.1,0.1,-3.19,1,0,0,0,0,0,0,0,0.00,0.3,.000,1,1,1.0,0,0,0,0,0,0,0,0,0,0,0,0,0.0,0.0
RP,Jake McGee,Jake,McGee,Gastonia Peaches,6' 4',240 lbs,L,L,99,Tampa Bay Rays,TBD,2012,2005-2014,BBR,86789,Diamond,September Stars - Baseball Reference 8  RP Jake McGee  TB  2012,0,N,0,1,3,1,3,1,1,3,1,3,1,1,3,1,3,1,26,1,Normal,Normal,Normal,141,94,120,119,133,150,44,90,144,82,150,135,133,-,-,124,-,-,-,-,-,-,-,-,2,FB,95-97,3/4,Normal,12,70,-,-,-,25,20,22,23,4,9,9,52,-,-,-,-,-,-,-,-,52,-,-,-,-,-,-,-,-,5,5,6,5,,,0,0,0,0,0,0,0,0,0,0,0,0,0,0,0,0,0,0.0,0.00,0,-0.0,0.0,0.00,0,0,0.0,0.0,6,0,1,1,1,2,2,4.0,25,22,7,2,0,1,6,6,3,1,7,0,0,0,1,0,0,0,1,6,5,2.05,100,3,2,1,0,-0.3,0.0,-0.5,3.39,5,0,0,0,0,0,0,0,0.00,-0.1,.000,1,0,4.0,0,0,0,0,0,0,0,0,0,0,0,0,0.0,0.0
RP,Greg McMichael,Greg,McMichael,Northville Stallions,6' 3',215 lbs,R,R,77,Atlanta Braves,ATL,1996,1993-2004,,83251,Silver,Snapshot  RP Greg McMichael  ATL  1996,0,N,0,1,3,1,2,1,1,3,1,3,1,1,3,1,2,1,21,7,Normal,Normal,Normal,81,87,63,112,84,100,58,89,79,77,66,146,93,77,-,83,-,-,-,-,-,-,-,-,3,GB,91-93,3/4,GB'er,19,82,-,-,-,28,20,23,23,2,3,8,55,-,-,-,-,-,-,-,-,55,-,-,-,-,-,-,-,-,14,3,6,24,,,0,0,0,0,0,0,0,0,0,0,0,0,0,0,0,0,0,0.0,0.00,0,-0.0,0.0,0.00,0,0,0.0,0.0,1,0,0,0,0,0,0,1.1,5,5,1,0,0,0,0,0,0,0,0,0,0,0,0,0,0,0,0,1,0,0.62,24,2,2,0,0,0.1,0.0,0.1,6.14,1,0,0,0,0,0,0,0,0.00,0.0,.000,0,0,1.1,0,0,0,0,0,0,0,0,0,0,0,0,-0.1,0.0
RP,Dave McNally,Dave,McNally,False Hustle,5' 11',190 lbs,R,L,74,Baltimore Orioles,BAL,1968,1961-1979,LE,86875,Silver,Limited Edition/74  SP Dave McNally  BAL  1968,0,N,0,19,43,54,60,15,13,34,38,53,19,22,46,60,62,14,67,7,Normal,Normal,Normal,91,133,169,70,128,168,161,73,82,122,171,69,83,79,125,83,-,-,-,-,-,-,-,-,4,FB,87-89,3/4,Normal,95,62,-,-,-,24,30,28,31,6,7,1,63,-,-,-,-,-,-,-,-,63,-,-,-,-,-,-,-,-,10,4,6,15,,,0,0,0,0,0,0,0,0,0,0,0,0,0,0,0,0,0,0.0,0.00,0,-0.0,0.0,0.00,0,0,0.0,0.0,1,0,0,0,0,0,1,1.1,11,8,2,1,0,1,4,4,3,0,2,0,0,0,0,0,0,0,0,3,3,1.27,51,1,1,0,0,-0.3,-0.2,-0.3,6.43,1,0,1,0,1,0,0,0,6.75,0.0,.000,0,0,1.1,0,0,0,0,0,0,0,0,0,0,0,0,0.0,0.0
RP,Dave McNally,Dave,McNally,Castroville Mashers - JW,5' 11',190 lbs,R,L,74,Baltimore Orioles,BAL,1968,1961-1979,LE,86875,Silver,Limited Edition/74  SP Dave McNally  BAL  1968,0,N,0,19,43,54,60,15,13,34,38,53,19,22,46,60,62,14,67,7,Normal,Normal,Normal,91,133,169,70,128,168,161,73,82,122,171,69,83,79,125,83,-,-,-,-,-,-,-,-,4,FB,87-89,3/4,Normal,95,62,-,-,-,24,30,28,31,6,7,1,63,-,-,-,-,-,-,-,-,63,-,-,-,-,-,-,-,-,10,4,6,15,,,0,0,0,0,0,0,0,0,0,0,0,0,0,0,0,0,0,0.0,0.00,0,-0.0,0.0,0.00,0,0,0.0,0.0,2,0,1,0,0,0,1,3.2,15,14,1,0,0,2,2,2,1,0,4,0,0,0,0,0,0,0,1,1,0,0.95,54,3,4,0,0,-0.3,-0.2,0.0,2.86,2,0,1,1,0,0,0,0,2.45,0.1,1.079,0,0,3.2,0,0,1,1,0,0,0,0,0,0,0,0,0.0,0.0
RP,Dave McNally,Dave,McNally,Houston Swangas,5' 11',190 lbs,R,L,74,Baltimore Orioles,BAL,1968,1961-1979,LE,86875,Silver,Limited Edition/74  SP Dave McNally  BAL  1968,0,N,0,19,43,54,60,15,13,34,38,53,19,22,46,60,62,14,67,7,Normal,Normal,Normal,91,133,169,70,128,168,161,73,82,122,171,69,83,79,125,83,-,-,-,-,-,-,-,-,4,FB,87-89,3/4,Normal,95,62,-,-,-,24,30,28,31,6,7,1,63,-,-,-,-,-,-,-,-,63,-,-,-,-,-,-,-,-,10,4,6,15,,,0,0,0,0,0,0,0,0,0,0,0,0,0,0,0,0,0,0.0,0.00,0,-0.0,0.0,0.00,0,0,0.0,0.0,2,0,0,0,1,1,0,1.1,4,4,0,0,0,0,0,0,0,0,1,0,0,0,0,0,0,0,0,1,0,1.45,17,2,1,0,0,0.1,0.1,0.1,2.96,2,0,0,0,0,0,0,0,0.00,0.0,.000,0,0,1.1,0,0,0,0,0,0,0,0,0,0,0,0,0.0,0.0
RP,Evan Meek,Evan,Meek,Montrose Cobblers,6' 0',225 lbs,R,R,80,Pittsburgh Pirates,PIT,2010,2005-2014,LE,86235,Gold,Limited Edition/80  RP Evan Meek  PIT  2010,0,N,0,2,3,1,3,1,2,3,1,3,2,2,3,1,3,1,30,1,Normal,Pull,Pull,93,65,138,102,60,63,151,145,126,67,128,86,102,-,102,-,89,-,85,-,-,-,-,-,4,EX GB,93-95,OTT,GB'er,19,51,-,-,-,35,20,26,23,10,1,1,65,-,-,-,-,-,-,-,-,65,-,-,-,-,-,-,-,-,6,4,6,8,,,0,0,0,0,0,0,0,0,0,0,0,0,0,0,0,0,0,0.0,0.00,0,-0.0,0.0,0.00,0,0,0.0,0.0,4,0,0,0,1,1,0,6.0,24,23,6,1,0,1,1,1,1,0,9,0,0,0,0,0,0,1,0,5,1,0.85,95,5,1,1,1,0.1,0.1,0.2,1.80,4,0,0,0,0,0,0,0,0.00,0.2,.000,2,1,6.0,0,0,0,0,0,0,0,0,0,0,0,0,-0.1,0.0
RP,Kent Mercker,Kent,Mercker,Houston Swangas,6' 2',195 lbs,L,L,66,Cleveland Guardians,CLE,1996,1993-2004,CS,86364,Bronze,Clubhouse - Baseball Reference 6  RP Kent Mercker  CLE  1996,0,N,0,1,3,1,3,1,1,6,1,2,1,2,3,1,4,1,31,1,Normal,Normal,Normal,70,90,97,86,86,95,120,139,64,89,92,71,-,79,72,68,93,-,74,-,-,-,-,-,5,EX FB,89-91,3/4,Normal,13,55,-,-,-,33,13,23,23,7,7,7,55,-,-,-,-,-,-,-,-,55,-,-,-,-,-,-,-,-,12,5,6,20,,,0,0,0,0,0,0,0,0,0,0,0,0,0,0,0,0,0,0.0,0.00,0,-0.0,0.0,0.00,0,0,0.0,0.0,2,0,1,0,0,1,0,0.2,6,5,1,2,0,0,3,3,1,0,2,0,0,0,0,0,0,0,1,1,0,0.48,28,0,0,0,0,0.0,0.0,-0.2,3.24,2,0,0,0,0,0,0,0,0.00,0.0,.000,0,0,0.2,0,0,0,0,0,0,0,0,0,0,0,0,0.0,0.0
RP,Andrew Miller,Andrew,Miller,Chicago Rat Finks - HotL,6' 7',200 lbs,L,L,99,Cleveland Guardians,CLE,2016,2015+,BBR,86362,Diamond,Trade Deadliners - Baseball Reference 6  RP Andrew Miller  CLE  2016,0,N,0,1,3,1,3,1,1,3,1,3,1,1,4,1,3,2,21,1,Normal,Normal,Normal,142,115,122,88,140,132,124,62,143,110,122,95,130,-,-,125,103,-,-,-,-,-,-,-,3,EX GB,95-97,3/4,GB'er,13,79,-,-,-,23,20,22,23,2,5,6,50,-,-,-,-,-,-,-,-,50,-,-,-,-,-,-,-,-,5,4,6,5,,,0,0,0,0,0,0,0,0,0,0,0,0,0,0,0,0,0,0.0,0.00,0,-0.0,0.0,0.00,0,0,0.0,0.0,2,0,0,0,0,0,1,3.2,17,16,3,0,0,2,3,3,1,0,3,0,0,0,0,0,0,0,1,0,0,1.75,52,4,4,0,0,-0.2,-0.3,-0.1,4.06,2,0,0,0,0,0,0,0,0.00,0.0,.000,0,0,3.2,0,0,0,0,0,0,0,0,0,0,0,0,0.0,0.0
RP,Andrew Miller,Andrew,Miller,Everett Aqua Sox,6' 7',200 lbs,L,L,99,Cleveland Guardians,CLE,2016,2015+,BBR,86362,Diamond,Trade Deadliners - Baseball Reference 6  RP Andrew Miller  CLE  2016,0,N,0,1,3,1,3,1,1,3,1,3,1,1,4,1,3,2,21,1,Normal,Normal,Normal,142,115,122,88,140,132,124,62,143,110,122,95,130,-,-,125,103,-,-,-,-,-,-,-,3,EX GB,95-97,3/4,GB'er,13,79,-,-,-,23,20,22,23,2,5,6,50,-,-,-,-,-,-,-,-,50,-,-,-,-,-,-,-,-,5,4,6,5,,,0,0,0,0,0,0,0,0,0,0,0,0,0,0,0,0,0,0.0,0.00,0,-0.0,0.0,0.00,0,0,0.0,0.0,3,0,1,0,0,0,1,3.0,18,16,5,0,0,2,5,5,2,0,2,0,0,0,0,0,0,0,2,2,0,1.18,68,3,4,0,0,-0.1,-0.3,-0.3,5.67,3,0,1,1,0,0,0,0,3.00,0.1,1.079,0,0,3.0,0,0,0,0,1,1,0,0,0,0,0,0,0.0,0.0
RP,Andrew Miller,Andrew,Miller,Camjaveratyn O-Forge,6' 7',200 lbs,L,L,99,Cleveland Guardians,CLE,2016,2015+,BBR,86362,Diamond,Trade Deadliners - Baseball Reference 6  RP Andrew Miller  CLE  2016,0,N,0,1,3,1,3,1,1,3,1,3,1,1,4,1,3,2,21,1,Normal,Normal,Normal,142,115,122,88,140,132,124,62,143,110,122,95,130,-,-,125,103,-,-,-,-,-,-,-,3,EX GB,95-97,3/4,GB'er,13,79,-,-,-,23,20,22,23,2,5,6,50,-,-,-,-,-,-,-,-,50,-,-,-,-,-,-,-,-,5,4,6,5,,,0,0,0,0,0,0,0,0,0,0,0,0,0,0,0,0,0,0.0,0.00,0,-0.0,0.0,0.00,0,0,0.0,0.0,3,0,0,1,1,0,1,2.2,12,10,1,2,0,0,2,2,2,0,4,0,0,0,0,0,0,0,2,2,2,1.37,38,2,1,0,1,-0.6,0.1,-0.1,3.34,3,0,0,0,0,0,0,0,0.00,0.3,.000,1,1,2.2,0,0,0,0,0,0,0,0,0,0,0,0,-0.1,0.0
RP,Andrew Miller,Andrew,Miller,Chicago Gamblers - E6,6' 7',200 lbs,L,L,99,Cleveland Guardians,CLE,2016,2015+,BBR,86362,Diamond,Trade Deadliners - Baseball Reference 6  RP Andrew Miller  CLE  2016,0,Y,5,1,5,1,5,1,1,5,1,5,1,1,6,1,5,4,21,1,Normal,Normal,Normal,153,124,132,96,151,142,134,68,154,119,132,103,130,-,-,125,103,-,-,-,-,-,-,-,3,EX GB,95-97,3/4,GB'er,13,79,-,-,-,23,20,22,23,2,5,6,54,-,-,-,-,-,-,-,-,54,-,-,-,-,-,-,-,-,5,4,6,5,,,0,0,0,0,0,0,0,0,0,0,0,0,0,0,0,0,0,0.0,0.00,0,-0.0,0.0,0.00,0,0,0.0,0.0,11,0,2,1,3,7,0,13.0,42,40,2,0,0,0,2,2,1,0,16,0,1,0,2,0,0,0,4,10,0,1.56,178,8,15,1,0,1.4,0.7,0.7,0.56,11,0,1,0,1,0,0,0,0.69,-0.1,.000,1,0,13.0,0,0,0,0,0,0,0,0,0,0,0,0,-0.1,0.0
RP,Andrew Miller,Andrew,Miller,Dubuque Packers,6' 7',200 lbs,L,L,99,Cleveland Guardians,CLE,2016,2015+,BBR,86362,Diamond,Trade Deadliners - Baseball Reference 6  RP Andrew Miller  CLE  2016,0,N,0,1,3,1,3,1,1,3,1,3,1,1,4,1,3,2,21,1,Normal,Normal,Normal,142,115,122,88,140,132,124,62,143,110,122,95,130,-,-,125,103,-,-,-,-,-,-,-,3,EX GB,95-97,3/4,GB'er,13,79,-,-,-,23,20,22,23,2,5,6,50,-,-,-,-,-,-,-,-,50,-,-,-,-,-,-,-,-,5,4,6,5,,,0,0,0,0,0,0,0,0,0,0,0,0,0,0,0,0,0,0.0,0.00,0,-0.0,0.0,0.00,0,0,0.0,0.0,4,0,0,0,0,3,0,4.0,15,13,1,0,0,0,0,0,2,0,4,0,0,0,0,0,0,0,4,0,0,2.05,71,2,6,0,0,0.5,0.1,0.3,3.17,4,0,0,0,0,0,0,0,0.00,0.0,.000,0,0,4.0,0,0,0,0,0,0,0,0,0,0,0,0,-0.1,0.0
RP,Andrew Miller,Andrew,Miller,Globo Gym Purple Cobras - JW,6' 7',200 lbs,L,L,99,Cleveland Guardians,CLE,2016,2015+,BBR,86362,Diamond,Trade Deadliners - Baseball Reference 6  RP Andrew Miller  CLE  2016,0,Y,5,1,5,1,5,1,1,5,1,5,1,1,6,1,5,4,21,1,Normal,Normal,Normal,153,124,132,96,151,142,134,68,154,119,132,103,130,-,-,125,103,-,-,-,-,-,-,-,3,EX GB,95-97,3/4,GB'er,13,79,-,-,-,23,20,22,23,2,5,6,54,-,-,-,-,-,-,-,-,54,-,-,-,-,-,-,-,-,5,4,6,5,,,0,0,0,0,0,0,0,0,0,0,0,0,0,0,0,0,0,0.0,0.00,0,-0.0,0.0,0.00,0,0,0.0,0.0,3,0,0,1,2,1,1,2.1,12,11,4,0,0,0,3,3,1,0,0,0,0,0,0,0,0,0,0,0,0,1.63,52,2,5,0,0,-0.4,0.0,-0.2,7.25,2,0,1,0,1,0,0,0,3.86,0.0,.000,0,0,2.1,0,0,0,0,0,0,0,0,0,0,0,0,0.0,0.0
RP,Andrew Miller,Andrew,Miller,Zanesville Greys,6' 7',200 lbs,L,L,99,Cleveland Guardians,CLE,2016,2015+,BBR,86362,Diamond,Trade Deadliners - Baseball Reference 6  RP Andrew Miller  CLE  2016,0,N,0,1,3,1,3,1,1,3,1,3,1,1,4,1,3,2,21,1,Normal,Normal,Normal,142,115,122,88,140,132,124,62,143,110,122,95,130,-,-,125,103,-,-,-,-,-,-,-,3,EX GB,95-97,3/4,GB'er,13,79,-,-,-,23,20,22,23,2,5,6,50,-,-,-,-,-,-,-,-,50,-,-,-,-,-,-,-,-,5,4,6,5,,,0,0,0,0,0,0,0,0,0,0,0,0,0,0,0,0,0,0.0,0.00,0,-0.0,0.0,0.00,0,0,0.0,0.0,2,0,0,0,0,2,0,4.0,15,14,2,0,0,0,0,0,1,0,4,0,0,0,0,0,0,0,1,0,0,0.65,53,3,5,0,0,0.1,0.1,0.2,2.74,2,0,1,0,1,0,0,0,2.25,0.0,.000,0,0,4.0,0,0,0,0,0,0,0,0,0,0,0,0,0.0,0.0
RP,Andrew Miller,Andrew,Miller,Houston Swangas,6' 7',200 lbs,L,L,99,Cleveland Guardians,CLE,2016,2015+,BBR,86362,Diamond,Trade Deadliners - Baseball Reference 6  RP Andrew Miller  CLE  2016,0,N,0,1,3,1,3,1,1,3,1,3,1,1,4,1,3,2,21,1,Normal,Normal,Normal,142,115,122,88,140,132,124,62,143,110,122,95,130,-,-,125,103,-,-,-,-,-,-,-,3,EX GB,95-97,3/4,GB'er,13,79,-,-,-,23,20,22,23,2,5,6,50,-,-,-,-,-,-,-,-,50,-,-,-,-,-,-,-,-,5,4,6,5,,,0,0,0,0,0,0,0,0,0,0,0,0,0,0,0,0,0,0.0,0.00,0,-0.0,0.0,0.00,0,0,0.0,0.0,5,0,2,0,1,2,0,6.1,21,21,3,1,0,0,0,0,0,0,6,0,0,0,0,0,0,2,2,2,0,0.86,75,7,3,0,0,0.4,0.3,0.4,2.36,5,0,0,0,0,0,0,0,0.00,0.0,.000,0,0,6.1,0,0,0,0,0,0,0,0,0,0,0,0,-0.1,0.0
RP,Bob Miller,Bob,Miller,Normal Night Owls - HotL,6' 1',180 lbs,R,R,69,San Diego Padres,SDP,1971,1961-1979,CS,84716,Bronze,Clubhouse - April Fools' Day  RP Bob Miller  SD  1971,0,N,0,1,5,1,5,2,2,3,1,7,4,1,6,1,5,2,30,45,Normal,Normal,Normal,66,70,90,153,49,73,86,144,74,68,94,160,-,108,-,-,81,-,-,-,-,-,-,-,2,NEU,87-89,3/4,Normal,44,60,-,-,-,33,24,31,37,3,1,7,69,-,-,-,-,-,-,-,-,69,-,-,-,-,-,-,-,-,5,5,6,5,,,0,0,0,0,0,0,0,0,0,0,0,0,0,0,0,0,0,0.0,0.00,0,-0.0,0.0,0.00,0,0,0.0,0.0,3,0,0,1,0,0,2,4.2,22,18,3,0,0,1,2,2,3,0,2,0,0,1,1,0,0,1,2,5,3,1.57,86,6,5,1,0,-0.4,-0.2,0.1,6.16,3,0,1,0,0,1,0,0,0.00,-0.6,.000,1,0,4.2,0,0,1,0,0,0,0,0,0,0,0,0,0.0,0.0
RP,Bob Miller,Bob,Miller,Gastonia Peaches,6' 1',180 lbs,R,R,69,San Diego Padres,SDP,1971,1961-1979,CS,84716,Bronze,Clubhouse - April Fools' Day  RP Bob Miller  SD  1971,0,N,0,1,5,1,5,2,2,3,1,7,4,1,6,1,5,2,30,45,Normal,Normal,Normal,66,70,90,153,49,73,86,144,74,68,94,160,-,108,-,-,81,-,-,-,-,-,-,-,2,NEU,87-89,3/4,Normal,44,60,-,-,-,33,24,31,37,3,1,7,69,-,-,-,-,-,-,-,-,69,-,-,-,-,-,-,-,-,5,5,6,5,,,0,0,0,0,0,0,0,0,0,0,0,0,0,0,0,0,0,0.0,0.00,0,-0.0,0.0,0.00,0,0,0.0,0.0,6,0,1,1,2,1,2,5.2,27,21,5,1,0,0,3,3,5,1,0,0,0,1,1,0,0,0,1,6,2,1.76,104,6,10,1,0,0.1,-0.1,0.0,8.53,6,0,0,0,0,0,0,0,0.00,-0.1,.000,1,0,5.2,0,0,0,0,0,0,0,0,0,0,0,0,-0.3,0.0
RP,Shelby Miller,Shelby,Miller,Junk Wax Heroes,6' 3',225 lbs,R,R,77,St. Louis Cardinals,STL,2013,2005-2014,BBR,85430,Silver,Baseball Reference 2  SP Shelby Miller  STL  2013,0,Y,5,8,13,1,9,5,8,15,1,9,5,9,13,1,9,5,92,33,Normal,Normal,Normal,102,88,106,79,97,84,98,75,106,91,117,83,108,-,111,-,-,87,87,-,-,-,-,-,4,NEU,93-95,3/4,Normal,73,53,-,-,-,22,20,22,23,2,8,9,53,-,-,-,-,-,-,-,-,53,-,-,-,-,-,-,-,-,15,5,6,25,,,0,0,0,0,0,0,0,0,0,0,0,0,0,0,0,0,0,0.0,0.00,0,-0.0,0.0,0.00,0,0,0.0,0.0,1,0,1,0,0,0,0,3.2,14,13,1,1,0,0,0,0,1,0,3,0,0,0,0,0,0,0,1,0,0,0.15,49,6,2,0,0,0.0,0.1,0.2,4.20,1,0,0,0,0,0,0,0,0.00,0.0,.000,0,0,3.2,0,0,0,0,0,0,0,0,0,0,0,0,0.0,0.0
RP,Kevin Millwood,Kevin,Millwood,Waltham River Otters,6' 4',230 lbs,R,R,89,Atlanta Braves,ATL,1999,1993-2004,,86337,Gold,HOF Week - Historical All-Star  SP Kevin Millwood  ATL  1999,0,N,0,13,33,21,25,15,22,42,20,16,9,11,31,22,28,18,61,5,Normal,Spray,Spray,113,87,133,81,110,85,120,66,116,89,144,99,94,82,123,100,75,66,-,-,-,-,-,-,6,EX FB,90-92,OTT,Normal,81,62,-,-,-,24,36,28,23,3,4,5,68,-,-,-,-,-,-,-,-,68,-,-,-,-,-,-,-,-,6,5,6,7,,,0,0,0,0,0,0,0,0,0,0,0,0,0,0,0,0,0,0.0,0.00,0,-0.0,0.0,0.00,0,0,0.0,0.0,2,0,0,0,0,0,0,6.1,30,26,6,1,0,1,2,2,3,0,7,1,0,0,0,0,0,0,1,0,0,1.88,117,4,7,1,0,0.5,-0.0,0.2,3.68,2,0,0,0,0,0,0,0,0.00,-0.1,.000,1,0,6.1,0,0,0,0,0,0,0,0,0,0,0,0,-0.1,0.0
RP,Jordan Montgomery,Jordan,Montgomery,Winnipeg Brew Jays - HotL,6' 6',225 lbs,L,L,77,Texas Rangers,TEX,2023,2015+,BBR,86354,Silver,Trade Deadliners - Baseball Reference 6  SP Jordan Montgomery  TEX  2023,0,Y,5,1,5,1,5,1,1,5,1,5,1,1,5,1,5,4,30,1,Normal,Spray,Spray,81,135,92,138,79,178,66,161,81,121,100,130,86,80,84,-,84,-,54,-,-,-,-,-,5,NEU,92-94,3/4,Normal,87,61,-,-,-,31,20,25,23,10,5,1,64,-,-,-,-,-,-,-,-,64,-,-,-,-,-,-,-,-,5,3,6,5,,,0,0,0,0,0,0,0,0,0,0,0,0,0,0,0,0,0,0.0,0.00,0,-0.0,0.0,0.00,0,0,0.0,0.0,3,0,0,0,0,0,1,6.2,27,25,3,1,1,0,3,3,2,0,7,0,0,0,0,0,0,0,0,2,0,0.39,105,6,7,0,0,-0.1,0.2,0.1,3.08,3,0,1,0,1,0,0,0,1.35,-0.2,.000,0,0,6.2,0,0,1,0,0,0,0,0,0,0,0,0,-0.4,0.0
RP,Jordan Montgomery,Jordan,Montgomery,Ogden Raptors - HotL,6' 6',225 lbs,L,L,77,Texas Rangers,TEX,2023,2015+,BBR,86354,Silver,Trade Deadliners - Baseball Reference 6  SP Jordan Montgomery  TEX  2023,0,N,0,1,3,1,3,1,1,3,1,3,1,1,3,1,3,2,30,1,Normal,Spray,Spray,74,125,85,128,72,166,60,150,74,112,92,120,86,80,84,-,84,-,54,-,-,-,-,-,5,NEU,92-94,3/4,Normal,87,61,-,-,-,31,20,25,23,10,5,1,60,-,-,-,-,-,-,-,-,60,-,-,-,-,-,-,-,-,5,3,6,5,,,0,0,0,0,0,0,0,0,0,0,0,0,0,0,0,0,0,0.0,0.00,0,-0.0,0.0,0.00,0,0,0.0,0.0,4,0,0,0,0,1,0,6.2,21,21,3,0,0,0,0,0,0,0,5,0,0,0,1,0,0,0,2,4,0,0.50,79,7,6,0,0,0.2,0.2,0.4,2.58,4,0,2,2,0,0,0,0,2.70,0.1,1.079,0,0,6.2,0,0,1,1,1,1,0,0,0,0,0,0,-0.1,0.0
RP,Jordan Montgomery,Jordan,Montgomery,Charlotte Hellcats GH,6' 6',225 lbs,L,L,77,Texas Rangers,TEX,2023,2015+,BBR,86354,Silver,Trade Deadliners - Baseball Reference 6  SP Jordan Montgomery  TEX  2023,0,Y,5,1,5,1,5,1,1,5,1,5,1,1,5,1,5,4,30,1,Normal,Spray,Spray,81,135,92,138,79,178,66,161,81,121,100,130,86,80,84,-,84,-,54,-,-,-,-,-,5,NEU,92-94,3/4,Normal,87,61,-,-,-,31,20,25,23,10,5,1,64,-,-,-,-,-,-,-,-,64,-,-,-,-,-,-,-,-,5,3,6,5,,,0,0,0,0,0,0,0,0,0,0,0,0,0,0,0,0,0,0.0,0.00,0,-0.0,0.0,0.00,0,0,0.0,0.0,7,0,0,1,0,1,1,7.2,37,36,13,1,0,1,7,7,1,0,5,0,0,0,0,0,0,1,4,5,0,0.71,154,10,6,0,0,-0.2,0.1,-0.3,4.31,6,0,1,0,1,0,0,0,1.17,-0.2,.000,0,0,7.2,0,0,0,0,1,0,0,0,0,0,0,0,0.0,0.0
RP,Jordan Montgomery,Jordan,Montgomery,Paso Robles Powerhouse,6' 6',225 lbs,L,L,77,Texas Rangers,TEX,2023,2015+,BBR,86354,Silver,Trade Deadliners - Baseball Reference 6  SP Jordan Montgomery  TEX  2023,0,Y,5,1,5,1,5,1,1,5,1,5,1,1,5,1,5,4,30,1,Normal,Spray,Spray,81,135,92,138,79,178,66,161,81,121,100,130,86,80,84,-,84,-,54,-,-,-,-,-,5,NEU,92-94,3/4,Normal,87,61,-,-,-,31,20,25,23,10,5,1,64,-,-,-,-,-,-,-,-,64,-,-,-,-,-,-,-,-,5,3,6,5,,,0,0,0,0,0,0,0,0,0,0,0,0,0,0,0,0,0,0.0,0.00,0,-0.0,0.0,0.00,0,0,0.0,0.0,3,0,1,0,0,0,0,7.1,35,31,4,2,0,3,6,5,4,0,3,0,0,0,0,0,0,1,0,4,0,0.78,141,6,12,0,0,0.0,-0.4,-0.2,6.13,3,0,2,1,1,0,0,0,2.45,0.1,1.079,0,0,7.1,0,0,2,2,0,0,0,0,0,0,0,0,0.0,0.0
RP,Jordan Montgomery,Jordan,Montgomery,Orlando Heatstrokes,6' 6',225 lbs,L,L,77,Texas Rangers,TEX,2023,2015+,BBR,86354,Silver,Trade Deadliners - Baseball Reference 6  SP Jordan Montgomery  TEX  2023,0,N,0,1,3,1,3,1,1,3,1,3,1,1,3,1,3,2,30,1,Normal,Spray,Spray,74,125,85,128,72,166,60,150,74,112,92,120,86,80,84,-,84,-,54,-,-,-,-,-,5,NEU,92-94,3/4,Normal,87,61,-,-,-,31,20,25,23,10,5,1,60,-,-,-,-,-,-,-,-,60,-,-,-,-,-,-,-,-,5,3,6,5,,,0,0,0,0,0,0,0,0,0,0,0,0,0,0,0,0,0,0.0,0.00,0,-0.0,0.0,0.00,0,0,0.0,0.0,1,0,1,0,0,1,0,2.0,8,7,2,0,0,0,0,0,1,0,0,0,0,0,0,0,0,0,1,0,0,2.40,25,1,4,0,0,0.3,-0.0,0.2,7.58,1,0,1,1,0,0,0,0,4.50,0.0,.000,0,0,2.0,0,0,0,0,0,0,0,0,0,0,0,0,-0.1,0.0
RP,Jason Motte,Jason,Motte,Chicago Beans,6' 0',205 lbs,R,R,78,St. Louis Cardinals,STL,2012,2005-2014,,86788,Silver,T4 Ep. 9 - Baseball Reference 8  CL Jason Motte  STL  2012,0,N,0,1,3,1,3,1,1,4,1,3,2,1,3,1,3,1,28,1,Normal,Pull,Pull,134,107,92,87,141,88,140,121,128,128,62,62,132,-,-,-,113,-,118,-,-,-,-,-,3,FB,97-99,3/4,Normal,15,60,-,-,-,35,20,26,23,10,6,6,65,-,-,-,-,-,-,-,-,65,-,-,-,-,-,-,-,-,5,5,6,5,,,0,0,0,0,0,0,0,0,0,0,0,0,0,0,0,0,0,0.0,0.00,0,-0.0,0.0,0.00,0,0,0.0,0.0,2,0,1,1,0,1,1,2.2,12,10,1,0,0,1,3,3,1,0,4,1,0,0,0,0,0,0,1,2,0,3.04,41,0,4,0,0,0.1,-0.2,-0.3,1.18,2,0,0,0,0,0,0,0,0.00,0.0,.000,0,0,2.2,0,0,0,0,0,0,0,0,0,0,0,0,0.0,0.0
RP,Joe Nuxhall,Joe,Nuxhall,seebal Saeki,6' 3',220 lbs,L,L,55,Kansas City Athletics,OAK,1961,1961-1979,CS,85508,Iron,Clubhouse - 60s Week - Unsung Heroes  SP Joe Nuxhall  KC1  1961,0,N,0,95,74,67,80,37,125,10,100,3,66,88,84,48,91,20,67,49,Groundball,Pull,Pull,73,56,73,75,82,68,118,88,70,49,55,73,90,78,-,86,-,-,-,-,-,-,-,-,3,EX FB,90-92,OTT,Normal,53,62,-,-,-,35,13,27,32,5,8,2,59,-,-,-,-,-,-,-,-,59,-,-,-,-,-,-,-,-,14,3,6,24,,,0,0,0,0,0,0,0,0,0,0,0,0,0,0,0,0,0,0.0,0.00,0,-0.0,0.0,0.00,0,0,0.0,0.0,1,0,0,0,0,0,1,0.1,4,3,1,1,0,0,1,1,1,0,0,0,0,0,0,0,0,0,0,2,2,1.25,15,0,1,0,0,-0.2,-0.0,-0.1,9.38,1,0,0,0,0,0,0,0,0.00,0.0,.000,0,0,0.1,0,0,0,0,0,0,0,0,0,0,0,0,0.0,0.0
RP,Eric O'Flaherty,Eric,O'Flaherty,Arcadia Wyverns,6' 2',210 lbs,L,L,77,Atlanta Braves,ATL,2011,2005-2014,,86776,Silver,T4 Ep. 9 - Baseball Reference 8  RP Eric O'Flaherty  ATL  2011,0,N,0,1,3,1,3,1,1,3,1,3,1,1,4,1,3,2,21,1,Normal,Spray,Spray,87,80,74,162,101,156,96,131,82,55,66,171,79,-,-,85,113,-,-,-,-,-,-,-,3,GB,90-92,3/4,GB'er,11,60,-,-,-,25,20,22,23,1,2,2,52,-,-,-,-,-,-,-,-,52,-,-,-,-,-,-,-,-,5,3,6,5,,,0,0,0,0,0,0,0,0,0,0,0,0,0,0,0,0,0,0.0,0.00,0,-0.0,0.0,0.00,0,0,0.0,0.0,2,0,0,0,0,0,2,0.2,5,4,1,2,0,0,1,1,0,0,0,0,0,1,0,0,0,0,1,4,4,1.78,12,0,2,0,0,-0.5,0.0,-0.1,5.82,2,0,0,0,0,0,0,0,0.00,0.0,.000,0,0,0.2,0,0,0,0,0,0,0,0,0,0,0,0,0.0,0.0
RP,Eric O'Flaherty,Eric,O'Flaherty,Normal Night Owls - HotL,6' 2',210 lbs,L,L,77,Atlanta Braves,ATL,2011,2005-2014,,86776,Silver,T4 Ep. 9 - Baseball Reference 8  RP Eric O'Flaherty  ATL  2011,0,N,0,1,3,1,3,1,1,3,1,3,1,1,4,1,3,2,21,1,Normal,Spray,Spray,87,80,74,162,101,156,96,131,82,55,66,171,79,-,-,85,113,-,-,-,-,-,-,-,3,GB,90-92,3/4,GB'er,11,60,-,-,-,25,20,22,23,1,2,2,52,-,-,-,-,-,-,-,-,52,-,-,-,-,-,-,-,-,5,3,6,5,,,0,0,0,0,0,0,0,0,0,0,0,0,0,0,0,0,0,0.0,0.00,0,-0.0,0.0,0.00,0,0,0.0,0.0,1,0,0,0,0,1,0,0.2,3,3,1,0,0,0,0,0,0,0,1,0,0,0,0,0,0,0,0,0,0,1.90,10,1,0,0,0,0.1,0.1,0.1,2.58,1,0,0,0,0,0,0,0,0.00,0.0,.000,0,0,0.2,0,0,0,0,0,0,0,0,0,0,0,0,0.0,0.0
RP,Eric O'Flaherty,Eric,O'Flaherty,Castroville Mashers - JW,6' 2',210 lbs,L,L,77,Atlanta Braves,ATL,2011,2005-2014,,86776,Silver,T4 Ep. 9 - Baseball Reference 8  RP Eric O'Flaherty  ATL  2011,0,Y,1,1,4,1,4,1,1,4,1,4,1,1,5,1,4,3,21,1,Normal,Spray,Spray,89,82,76,165,103,159,98,134,84,57,68,174,79,-,-,85,113,-,-,-,-,-,-,-,3,GB,90-92,3/4,GB'er,11,60,-,-,-,25,20,22,23,1,2,2,53,-,-,-,-,-,-,-,-,53,-,-,-,-,-,-,-,-,5,3,6,5,,,0,0,0,0,0,0,0,0,0,0,0,0,0,0,0,0,0,0.0,0.00,0,-0.0,0.0,0.00,0,0,0.0,0.0,2,0,0,0,0,1,0,3.0,12,9,1,0,0,0,0,0,3,0,2,0,0,0,0,0,0,1,1,3,0,0.75,53,4,2,0,0,0.1,-0.0,0.2,6.33,2,0,2,2,0,0,0,0,6.00,0.2,1.079,0,0,3.0,0,0,1,1,0,0,1,1,0,0,0,0,0.0,0.0
RP,Eric O'Flaherty,Eric,O'Flaherty,Gastonia Peaches,6' 2',210 lbs,L,L,77,Atlanta Braves,ATL,2011,2005-2014,,86776,Silver,T4 Ep. 9 - Baseball Reference 8  RP Eric O'Flaherty  ATL  2011,0,N,0,1,3,1,3,1,1,3,1,3,1,1,4,1,3,2,21,1,Normal,Spray,Spray,87,80,74,162,101,156,96,131,82,55,66,171,79,-,-,85,113,-,-,-,-,-,-,-,3,GB,90-92,3/4,GB'er,11,60,-,-,-,25,20,22,23,1,2,2,52,-,-,-,-,-,-,-,-,52,-,-,-,-,-,-,-,-,5,3,6,5,,,0,0,0,0,0,0,0,0,0,0,0,0,0,0,0,0,0,0.0,0.00,0,-0.0,0.0,0.00,0,0,0.0,0.0,4,0,0,1,0,0,2,4.1,25,20,7,1,0,0,3,3,4,0,4,0,1,0,0,0,0,0,1,2,2,1.94,101,4,4,0,0,-0.3,0.0,-0.1,5.45,4,0,1,1,0,0,0,0,2.08,0.1,1.079,0,0,4.1,0,0,1,1,0,0,0,0,0,0,0,0,0.0,0.0
RP,Eric O'Flaherty,Eric,O'Flaherty,AW Bees - GH,6' 2',210 lbs,L,L,77,Atlanta Braves,ATL,2011,2005-2014,,86776,Silver,T4 Ep. 9 - Baseball Reference 8  RP Eric O'Flaherty  ATL  2011,0,N,0,1,3,1,3,1,1,3,1,3,1,1,4,1,3,2,21,1,Normal,Spray,Spray,87,80,74,162,101,156,96,131,82,55,66,171,79,-,-,85,113,-,-,-,-,-,-,-,3,GB,90-92,3/4,GB'er,11,60,-,-,-,25,20,22,23,1,2,2,52,-,-,-,-,-,-,-,-,52,-,-,-,-,-,-,-,-,5,3,6,5,,,0,0,0,0,0,0,0,0,0,0,0,0,0,0,0,0,0,0.0,0.00,0,-0.0,0.0,0.00,0,0,0.0,0.0,3,0,1,0,1,1,0,6.2,28,24,4,2,0,0,2,2,3,0,7,0,1,0,1,0,0,1,1,1,0,0.66,105,9,3,1,0,0.2,0.2,0.2,3.93,3,0,2,2,0,0,0,0,2.70,-0.0,1.079,1,0,6.2,0,0,2,2,0,0,0,0,0,0,0,0,0.0,0.0
RP,Steve Ontiveros,Steve,Ontiveros,Herky Hyenas,6' 0',190 lbs,R,R,82,Oakland Athletics,OAK,1994,1993-2004,BBR,85695,Gold,June Gems - Baseball Reference 3  SP Steve Ontiveros  ATH  1994,0,N,0,1,3,1,3,1,1,3,1,3,1,1,3,1,3,1,30,1,Normal,Spray,Spray,51,110,142,91,53,96,162,130,50,124,126,62,40,-,51,56,73,-,61,48,-,-,-,-,6,GB,89-91,3/4,GB'er,61,77,-,-,-,34,20,26,23,2,3,1,64,-,-,-,-,-,-,-,-,64,-,-,-,-,-,-,-,-,9,3,6,15,,,0,0,0,0,0,0,0,0,0,0,0,0,0,0,0,0,0,0.0,0.00,0,-0.0,0.0,0.00,0,0,0.0,0.0,5,0,0,0,0,1,1,7.0,34,32,10,2,0,0,7,7,1,0,4,1,0,0,0,0,0,0,2,4,3,1.23,126,10,6,0,0,0.4,0.2,-0.3,4.58,4,0,1,1,0,0,0,0,1.29,0.0,.000,0,0,7.0,0,0,0,0,0,0,0,0,0,0,0,0,0.0,0.0
RP,Adam Ottavino,Adam,Ottavino,Everett Aqua Sox,6' 5',240 lbs,S,R,79,Colorado Rockies,COL,2018,2015+,,84826,Silver,T4 Ep. 2 - Baseball Reference 1  RP Adam Ottavino  COL  2018,0,Y,5,1,5,1,5,1,1,5,1,5,1,1,5,1,5,1,23,60,Normal,Spray,Spray,138,59,126,111,127,36,117,115,147,72,136,108,-,-,-,126,114,-,113,-,-,-,-,-,3,FB,94-96,3/4,Normal,18,42,-,-,-,24,20,22,23,7,4,9,55,-,-,-,-,-,-,-,-,55,-,-,-,-,-,-,-,-,5,3,6,5,,,0,0,0,0,0,0,0,0,0,0,0,0,0,0,0,0,0,0.0,0.00,0,-0.0,0.0,0.00,0,0,0.0,0.0,1,0,0,0,1,1,0,3.1,13,12,2,0,0,0,0,0,1,0,6,0,0,0,0,0,0,0,0,0,0,0.62,54,0,4,0,0,0.1,0.2,0.2,-0.56,1,0,0,0,0,0,0,0,0.00,0.0,.000,0,0,3.1,0,0,0,0,0,0,0,0,0,0,0,0,0.0,0.0
RP,Adam Ottavino,Adam,Ottavino,Gamehendge Lizards - HotL,6' 5',240 lbs,S,R,79,Colorado Rockies,COL,2018,2015+,,84826,Silver,T4 Ep. 2 - Baseball Reference 1  RP Adam Ottavino  COL  2018,0,Y,5,1,5,1,5,1,1,5,1,5,1,1,5,1,5,1,23,60,Normal,Spray,Spray,138,59,126,111,127,36,117,115,147,72,136,108,-,-,-,126,114,-,113,-,-,-,-,-,3,FB,94-96,3/4,Normal,18,42,-,-,-,24,20,22,23,7,4,9,55,-,-,-,-,-,-,-,-,55,-,-,-,-,-,-,-,-,5,3,6,5,,,0,0,0,0,0,0,0,0,0,0,0,0,0,0,0,0,0,0.0,0.00,0,-0.0,0.0,0.00,0,0,0.0,0.0,2,0,0,0,0,0,0,3.1,12,11,1,0,0,0,2,2,1,0,4,0,0,0,0,0,0,0,1,1,0,0.28,44,2,4,0,0,0.0,0.1,-0.0,1.92,2,0,0,0,0,0,0,0,0.00,0.0,.000,0,0,3.1,0,0,0,0,0,0,0,0,0,0,0,0,0.0,0.0
RP,Adam Ottavino,Adam,Ottavino,Chicago Beans,6' 5',240 lbs,S,R,79,Colorado Rockies,COL,2018,2015+,,84826,Silver,T4 Ep. 2 - Baseball Reference 1  RP Adam Ottavino  COL  2018,0,Y,5,1,5,1,5,1,1,5,1,5,1,1,5,1,5,1,23,60,Normal,Spray,Spray,138,59,126,111,127,36,117,115,147,72,136,108,-,-,-,126,114,-,113,-,-,-,-,-,3,FB,94-96,3/4,Normal,18,42,-,-,-,24,20,22,23,7,4,9,55,-,-,-,-,-,-,-,-,55,-,-,-,-,-,-,-,-,5,3,6,5,,,0,0,0,0,0,0,0,0,0,0,0,0,0,0,0,0,0,0.0,0.00,0,-0.0,0.0,0.00,0,0,0.0,0.0,5,0,0,0,1,2,1,4.0,18,14,2,0,0,0,0,0,4,0,3,0,0,0,0,0,0,0,1,6,3,2.10,66,4,5,0,0,0.2,-0.0,0.4,6.12,5,0,0,0,0,0,0,0,0.00,0.0,.000,0,0,4.0,0,0,0,0,0,0,0,0,0,0,0,0,0.0,0.0
RP,Adam Ottavino,Adam,Ottavino,Cibao Aguilas,6' 5',240 lbs,S,R,79,Colorado Rockies,COL,2018,2015+,,84826,Silver,T4 Ep. 2 - Baseball Reference 1  RP Adam Ottavino  COL  2018,0,N,0,1,3,1,3,1,1,3,1,3,1,1,3,1,3,1,23,60,Normal,Spray,Spray,128,54,117,103,118,32,108,106,136,66,126,100,-,-,-,126,114,-,113,-,-,-,-,-,3,FB,94-96,3/4,Normal,18,42,-,-,-,24,20,22,23,7,4,9,51,-,-,-,-,-,-,-,-,51,-,-,-,-,-,-,-,-,5,3,6,5,,,0,0,0,0,0,0,0,0,0,0,0,0,0,0,0,0,0,0.0,0.00,0,-0.0,0.0,0.00,0,0,0.0,0.0,2,0,1,0,0,1,0,1.2,6,5,0,0,0,0,0,0,1,0,3,0,0,0,0,0,0,0,1,4,0,0.90,32,1,1,0,0,0.1,0.1,0.1,1.47,2,0,0,0,0,0,0,0,0.00,0.0,.000,0,0,1.2,0,0,0,0,0,0,0,0,0,0,0,0,0.0,0.0
RP,Adam Ottavino,Adam,Ottavino,Rajasthan Rifles Rifles,6' 5',240 lbs,S,R,79,Colorado Rockies,COL,2018,2015+,,84826,Silver,T4 Ep. 2 - Baseball Reference 1  RP Adam Ottavino  COL  2018,0,N,0,1,3,1,3,1,1,3,1,3,1,1,3,1,3,1,23,60,Normal,Spray,Spray,128,54,117,103,118,32,108,106,136,66,126,100,-,-,-,126,114,-,113,-,-,-,-,-,3,FB,94-96,3/4,Normal,18,42,-,-,-,24,20,22,23,7,4,9,51,-,-,-,-,-,-,-,-,51,-,-,-,-,-,-,-,-,5,3,6,5,,,0,0,0,0,0,0,0,0,0,0,0,0,0,0,0,0,0,0.0,0.00,0,-0.0,0.0,0.00,0,0,0.0,0.0,2,0,0,0,0,0,0,2.1,11,10,3,0,0,0,0,0,1,0,2,0,0,0,0,0,0,0,1,2,0,0.16,47,1,4,0,0,0.0,0.1,0.1,3.99,2,0,0,0,0,0,0,0,0.00,0.0,.000,0,0,2.1,0,0,0,0,0,0,0,0,0,0,0,0,-0.1,0.0
RP,Roy Partlow,Roy,Partlow,Oysters Incognito,5' 11',180 lbs,L,L,78,Homestead Grays,HoGr,1939,1921-1945,,85892,Silver,Heart Attack - Negro League Star  SP Roy Partlow  HoGr  1939,0,Y,5,87,75,50,41,93,75,66,1,35,84,91,79,60,45,97,49,14,Normal,Spray,Normal,75,74,135,102,77,85,139,109,75,71,133,100,88,77,77,66,-,-,-,-,-,-,-,-,4,NEU,90-92,3/4,Normal,73,60,-,-,-,29,24,26,25,53,59,65,67,-,-,-,-,-,65,-,60,67,-,-,-,-,-,65,-,60,28,4,6,28,,,0,0,0,0,0,0,0,0,0,0,0,0,0,0,0,0,0,0.0,0.00,0,-0.0,0.0,0.00,0,0,0.0,0.0,2,0,0,0,0,1,0,3.1,10,9,0,0,0,0,0,0,0,0,2,0,0,1,0,0,0,0,0,2,1,0.97,33,4,4,0,0,0.2,0.1,0.2,3.05,2,0,1,1,0,0,0,0,2.70,0.1,1.079,0,0,3.1,0,0,1,1,0,0,0,0,0,0,0,0,0.0,0.0
RP,Carl Pavano,Carl,Pavano,seebal Saeki,6' 5',235 lbs,R,R,79,Florida Marlins,FLA,2004,1993-2004,ME,83887,Silver,Live Collection Reward - Historical All-Star  SP Carl Pavano  FLO  2004,0,N,0,5,14,10,8,5,5,10,16,14,3,6,16,8,7,6,66,2,Normal,Spray,Spray,55,106,77,88,53,98,66,70,57,113,86,104,63,74,-,64,69,69,-,-,73,-,-,-,6,NEU,89-91,3/4,Normal,84,35,-,-,-,26,57,36,26,6,7,9,84,-,-,-,-,-,-,-,-,84,-,-,-,-,-,-,-,-,6,4,6,7,,,0,0,0,0,0,0,0,0,0,0,0,0,0,0,0,0,0,0.0,0.00,0,-0.0,0.0,0.00,0,0,0.0,0.0,2,0,0,0,0,0,0,4.2,21,20,5,1,0,0,2,2,1,0,1,0,0,0,0,0,0,0,1,2,0,0.31,77,7,6,1,0,0.0,0.1,0.1,5.84,2,0,1,1,0,0,0,0,1.93,-0.1,1.079,1,0,4.2,0,0,1,1,0,0,0,0,0,0,0,0,-0.3,0.0
RP,Carl Pavano,Carl,Pavano,New York Jackhammers,6' 5',235 lbs,R,R,79,Florida Marlins,FLA,2004,1993-2004,ME,83887,Silver,Live Collection Reward - Historical All-Star  SP Carl Pavano  FLO  2004,0,N,0,5,14,10,8,5,5,10,16,14,3,6,16,8,7,6,66,2,Normal,Spray,Spray,55,106,77,88,53,98,66,70,57,113,86,104,63,74,-,64,69,69,-,-,73,-,-,-,6,NEU,89-91,3/4,Normal,84,35,-,-,-,26,57,36,26,6,7,9,84,-,-,-,-,-,-,-,-,84,-,-,-,-,-,-,-,-,6,4,6,7,,,0,0,0,0,0,0,0,0,0,0,0,0,0,0,0,0,0,0.0,0.00,0,-0.0,0.0,0.00,0,0,0.0,0.0,2,0,0,0,0,0,0,3.1,15,12,2,1,0,0,2,2,2,0,2,0,0,1,1,0,0,0,2,0,0,0.22,60,1,7,1,0,0.0,0.0,-0.0,4.95,2,0,0,0,0,0,0,0,0.00,-0.1,.000,1,0,3.1,0,0,0,0,0,0,0,0,0,0,0,0,-0.1,0.0
RP,Jake Peavy,Jake,Peavy,Sixes Tornadoes,6' 1',195 lbs,R,R,83,San Diego Padres,SDP,2004,1993-2004,,82683,Gold,Hardware Heroes  SP Jake Peavy  SD  2004,0,Y,5,15,25,4,32,17,9,20,1,36,11,17,28,5,31,20,61,2,Normal,Normal,Normal,119,86,80,108,116,81,50,105,121,90,105,113,101,113,117,101,100,-,102,-,-,-,-,-,6,FB,92-94,3/4,Normal,71,36,-,-,-,29,30,28,25,9,5,10,74,-,-,-,-,-,-,-,-,74,-,-,-,-,-,-,-,-,11,15,6,11,,,0,0,0,0,0,0,0,0,0,0,0,0,0,0,0,0,0,0.0,0.00,0,-0.0,0.0,0.00,0,0,0.0,0.0,1,0,0,0,0,1,0,1.2,6,6,1,0,0,0,1,1,0,0,2,0,0,0,0,0,0,0,0,0,0,1.68,22,1,2,0,0,0.1,0.1,-0.0,0.90,1,0,1,0,1,0,0,0,5.40,0.0,.000,0,0,1.2,0,0,0,0,0,0,0,0,0,0,0,0,0.0,0.0
RP,Drew Pomeranz,Drew,Pomeranz,Camjaveratyn O-Forge,6' 6',240 lbs,R,L,86,Milwaukee Brewers,MIL,2019,2015+,CS,86390,Gold,Clubhouse - Baseball Reference 6  RP Drew Pomeranz  MIL  2019,0,N,0,1,3,1,3,1,1,3,1,3,1,1,3,1,3,1,22,1,Normal,Normal,Normal,160,83,88,99,170,175,99,70,157,55,85,112,112,-,-,-,-,-,-,-,-,-,139,-,2,FB,90-92,3/4,Normal,34,51,-,-,-,27,20,23,23,9,8,2,55,-,-,-,-,-,-,-,-,55,-,-,-,-,-,-,-,-,8,5,6,11,,,0,0,0,0,0,0,0,0,0,0,0,0,0,0,0,0,0,0.0,0.00,0,-0.0,0.0,0.00,0,0,0.0,0.0,2,0,1,0,0,0,0,0.2,4,2,0,0,0,0,0,0,2,0,1,0,0,0,0,0,0,0,0,2,0,1.17,21,1,0,0,0,0.0,-0.0,0.0,8.03,2,0,0,0,0,0,0,0,0.00,0.0,.000,0,0,0.2,0,0,0,0,0,0,0,0,0,0,0,0,0.0,0.0
RP,Drew Pomeranz,Drew,Pomeranz,Dry Creek Craw Daddies,6' 6',240 lbs,R,L,86,Milwaukee Brewers,MIL,2019,2015+,CS,86390,Gold,Clubhouse - Baseball Reference 6  RP Drew Pomeranz  MIL  2019,0,N,0,1,3,1,3,1,1,3,1,3,1,1,3,1,3,1,22,1,Normal,Normal,Normal,160,83,88,99,170,175,99,70,157,55,85,112,112,-,-,-,-,-,-,-,-,-,139,-,2,FB,90-92,3/4,Normal,34,51,-,-,-,27,20,23,23,9,8,2,55,-,-,-,-,-,-,-,-,55,-,-,-,-,-,-,-,-,8,5,6,11,,,0,0,0,0,0,0,0,0,0,0,0,0,0,0,0,0,0,0.0,0.00,0,-0.0,0.0,0.00,0,0,0.0,0.0,2,0,0,1,0,1,1,2.1,11,10,3,0,0,0,1,1,1,0,4,0,0,0,0,0,0,0,1,0,0,2.01,47,2,1,2,0,-0.2,0.2,0.0,2.20,2,0,0,0,0,0,0,0,0.00,-0.3,.000,2,0,2.1,0,0,0,0,0,0,0,0,0,0,0,0,0.0,0.0
RP,Drew Pomeranz,Drew,Pomeranz,Zanesville Greys,6' 6',240 lbs,R,L,86,Milwaukee Brewers,MIL,2019,2015+,CS,86390,Gold,Clubhouse - Baseball Reference 6  RP Drew Pomeranz  MIL  2019,0,N,0,1,3,1,3,1,1,3,1,3,1,1,3,1,3,1,22,1,Normal,Normal,Normal,160,83,88,99,170,175,99,70,157,55,85,112,112,-,-,-,-,-,-,-,-,-,139,-,2,FB,90-92,3/4,Normal,34,51,-,-,-,27,20,23,23,9,8,2,55,-,-,-,-,-,-,-,-,55,-,-,-,-,-,-,-,-,8,5,6,11,,,0,0,0,0,0,0,0,0,0,0,0,0,0,0,0,0,0,0.0,0.00,0,-0.0,0.0,0.00,0,0,0.0,0.0,1,0,0,0,0,0,0,1.0,5,4,1,0,0,0,0,0,0,0,3,1,0,0,0,0,0,0,1,0,0,0.98,22,0,0,0,0,0.0,0.1,0.1,-1.29,1,0,0,0,0,0,0,0,0.00,0.0,.000,0,0,1.0,0,0,0,0,0,0,0,0,0,0,0,0,0.0,0.0
RP,Drew Pomeranz,Drew,Pomeranz,Grand Rapids Warriors,6' 6',240 lbs,R,L,86,Milwaukee Brewers,MIL,2019,2015+,CS,86390,Gold,Clubhouse - Baseball Reference 6  RP Drew Pomeranz  MIL  2019,0,N,0,1,3,1,3,1,1,3,1,3,1,1,3,1,3,1,22,1,Normal,Normal,Normal,160,83,88,99,170,175,99,70,157,55,85,112,112,-,-,-,-,-,-,-,-,-,139,-,2,FB,90-92,3/4,Normal,34,51,-,-,-,27,20,23,23,9,8,2,55,-,-,-,-,-,-,-,-,55,-,-,-,-,-,-,-,-,8,5,6,11,,,0,0,0,0,0,0,0,0,0,0,0,0,0,0,0,0,0,0.0,0.00,0,-0.0,0.0,0.00,0,0,0.0,0.0,2,0,0,0,0,0,1,2.2,15,13,2,2,0,1,2,2,2,0,4,0,0,0,1,0,0,0,0,1,0,0.96,73,3,1,0,0,-0.2,-0.1,-0.1,3.82,2,0,0,0,0,0,0,0,0.00,0.0,.000,0,0,2.2,0,0,0,0,0,0,0,0,0,0,0,0,0.0,0.0
RP,Old Hoss Radbourn,Old Hoss,Radbourn,Three Mile Island Atomic Isotopes,5' 9',170 lbs,R,R,89,Providence Grays,STL,1884,2026,,82687,Gold,Hardware Heroes  SP Old Hoss Radbourn  PRO  1884,0,N,0,41,34,37,87,85,42,35,38,87,87,41,34,37,87,85,3,5,Normal,Normal,Normal,84,91,155,67,82,94,153,67,85,90,156,68,61,85,-,-,99,-,-,-,-,89,76,-,5,NEU,91-93,3/4,Normal,128,71,-,-,-,28,28,30,33,55,54,67,66,-,36,-,-,-,-,-,59,66,-,36,-,-,-,-,-,59,55,91,85,50,,,0,0,0,0,0,0,0,0,0,0,0,0,0,0,0,0,0,0.0,0.00,0,-0.0,0.0,0.00,0,0,0.0,0.0,1,0,0,0,0,0,0,0.1,3,3,2,0,0,0,0,0,0,0,0,0,0,0,0,0,0,0,1,1,1,0.17,14,0,1,0,0,-0.0,0.0,0.0,6.02,1,0,0,0,0,0,0,0,0.00,0.0,.000,0,0,0.1,0,0,0,0,0,0,0,0,0,0,0,0,0.0,0.0
RP,Dave Righetti,Dave,Righetti,Sixes Tornadoes,6' 3',200 lbs,L,L,85,New York Yankees,NYA,1986,1980-1992,CS,85870,Gold,Clubhouse - Historical All-Star  CL Dave Righetti  NYY  1986,0,N,0,1,3,1,3,1,1,3,1,3,1,2,3,1,3,1,28,1,Normal,Normal,Normal,98,90,103,133,99,79,52,127,97,94,125,135,92,-,-,95,-,-,-,-,-,-,-,-,2,NEU,89-91,3/4,Normal,49,68,-,-,-,27,20,23,23,2,4,2,54,-,-,-,-,-,-,-,-,54,-,-,-,-,-,-,-,-,9,4,6,14,,,0,0,0,0,0,0,0,0,0,0,0,0,0,0,0,0,0,0.0,0.00,0,-0.0,0.0,0.00,0,0,0.0,0.0,1,0,0,0,0,0,0,2.1,10,8,2,1,0,0,1,1,1,0,1,0,0,1,0,0,0,0,1,1,0,0.24,36,2,3,0,0,-0.0,0.0,0.0,5.74,1,0,3,2,1,0,0,0,11.57,0.1,1.079,0,0,2.1,0,0,1,1,0,0,0,0,0,0,0,0,0.0,0.0
RP,Dave Righetti,Dave,Righetti,Chicago Seals,6' 3',200 lbs,L,L,85,New York Yankees,NYA,1986,1980-1992,CS,85870,Gold,Clubhouse - Historical All-Star  CL Dave Righetti  NYY  1986,0,N,0,1,3,1,3,1,1,3,1,3,1,2,3,1,3,1,28,1,Normal,Normal,Normal,98,90,103,133,99,79,52,127,97,94,125,135,92,-,-,95,-,-,-,-,-,-,-,-,2,NEU,89-91,3/4,Normal,49,68,-,-,-,27,20,23,23,2,4,2,54,-,-,-,-,-,-,-,-,54,-,-,-,-,-,-,-,-,9,4,6,14,,,0,0,0,0,0,0,0,0,0,0,0,0,0,0,0,0,0,0.0,0.00,0,-0.0,0.0,0.00,0,0,0.0,0.0,4,0,0,0,0,0,1,6.0,24,24,6,2,0,0,2,2,0,0,4,0,0,0,0,0,0,1,2,0,0,0.64,103,3,9,0,0,-0.4,0.2,0.1,3.15,4,0,0,0,0,0,0,0,0.00,0.0,.000,0,0,6.0,0,0,0,0,0,0,0,0,0,0,0,0,0.0,0.0
RP,Dave Righetti,Dave,Righetti,Shakedown 1977 Microbus TTC - GH,6' 3',200 lbs,L,L,85,New York Yankees,NYA,1986,1980-1992,CS,85870,Gold,Clubhouse - Historical All-Star  CL Dave Righetti  NYY  1986,0,N,0,1,3,1,3,1,1,3,1,3,1,2,3,1,3,1,28,1,Normal,Normal,Normal,98,90,103,133,99,79,52,127,97,94,125,135,92,-,-,95,-,-,-,-,-,-,-,-,2,NEU,89-91,3/4,Normal,49,68,-,-,-,27,20,23,23,2,4,2,54,-,-,-,-,-,-,-,-,54,-,-,-,-,-,-,-,-,9,4,6,14,,,0,0,0,0,0,0,0,0,0,0,0,0,0,0,0,0,0,0.0,0.00,0,-0.0,0.0,0.00,0,0,0.0,0.0,7,0,1,1,0,5,1,6.2,27,24,3,2,0,0,1,1,3,2,5,0,0,0,0,1,0,1,7,2,1,2.59,90,7,7,0,0,0.5,0.3,0.5,4.53,7,0,1,1,0,0,0,0,1.35,0.1,1.079,0,0,6.2,0,0,1,1,0,0,0,0,0,0,0,0,0.0,0.0
RP,Don Robinson,Don,Robinson,Arcadia Wyverns,6' 4',230 lbs,R,R,65,Pittsburgh Pirates,PIT,1984,1980-1992,BBR,86773,Bronze,September Stars - Baseball Reference 8  RP Don Robinson  PIT  1984,0,N,0,84,48,60,87,83,130,45,77,50,48,71,50,48,96,91,24,1,Groundball,Spray,Spray,92,59,86,115,91,33,100,105,93,69,74,119,91,-,113,-,-,-,-,111,-,-,-,-,3,FB,90-92,3/4,Normal,39,59,-,-,-,30,33,28,23,40,40,20,72,-,-,-,-,-,33,-,-,72,-,-,-,-,-,33,-,-,6,4,6,7,,,0,0,0,0,0,0,0,0,0,0,0,0,0,0,0,0,0,0.0,0.00,0,-0.0,0.0,0.00,0,0,0.0,0.0,1,0,0,0,0,0,0,1.0,3,3,1,0,0,0,0,0,0,0,1,0,0,0,0,0,0,1,1,0,0,0.10,13,1,0,0,0,0.0,0.0,0.1,2.58,1,0,0,0,0,0,0,0,0.00,0.0,.000,0,0,1.0,0,0,0,0,0,0,0,0,0,0,0,0,0.0,0.0
RP,Don Robinson,Don,Robinson,Providence Friars - HotL,6' 4',230 lbs,R,R,65,Pittsburgh Pirates,PIT,1984,1980-1992,BBR,86773,Bronze,September Stars - Baseball Reference 8  RP Don Robinson  PIT  1984,0,N,0,84,48,60,87,83,130,45,77,50,48,71,50,48,96,91,24,1,Groundball,Spray,Spray,92,59,86,115,91,33,100,105,93,69,74,119,91,-,113,-,-,-,-,111,-,-,-,-,3,FB,90-92,3/4,Normal,39,59,-,-,-,30,33,28,23,40,40,20,72,-,-,-,-,-,33,-,-,72,-,-,-,-,-,33,-,-,6,4,6,7,,,0,0,0,0,0,0,0,0,0,0,0,0,0,0,0,0,0,0.0,0.00,0,-0.0,0.0,0.00,0,0,0.0,0.0,4,0,0,0,0,1,0,8.2,35,34,10,0,0,0,1,1,1,0,7,0,0,0,0,0,0,1,2,1,0,0.75,139,4,13,0,0,0.2,0.3,0.4,2.93,4,0,1,1,0,0,0,0,1.04,0.1,1.079,0,0,8.2,0,0,0,0,1,1,0,0,0,0,0,0,0.0,0.0
RP,Babe Ruth,Babe,Ruth,Paso Robles Powerhouse,6' 2',215 lbs,L,L,97,Boston Red Sox,BOS,1916,2026,CS,86439,Diamond,Clubhouse - Baseball Reference 7  SP Babe Ruth  BOS  1916,0,N,0,91,99,105,79,62,133,94,10,71,37,81,101,133,82,67,42,2,Line Drive,Pull,Pull,96,82,130,160,130,48,92,160,88,90,145,160,98,110,123,-,-,-,-,-,-,-,-,-,3,NEU,90-92,OTT,Normal,104,64,-,-,-,27,42,30,23,6,5,6,77,-,-,-,-,-,-,-,-,77,-,-,-,-,-,-,-,-,39,15,6,27,,,0,0,0,0,0,0,0,0,0,0,0,0,0,0,0,0,0,0.0,0.00,0,-0.0,0.0,0.00,0,0,0.0,0.0,5,0,2,0,1,0,2,6.2,36,28,8,2,0,0,4,4,6,0,6,0,0,2,0,0,0,0,2,2,1,1.18,141,5,9,1,0,-0.3,0.0,-0.0,5.47,5,0,1,1,0,0,0,0,1.35,-0.1,1.079,1,0,6.2,0,0,1,1,0,0,0,0,0,0,0,0,0.0,0.0
RP,Joe Sambito,Joe,Sambito,Shartlesville ShihTzus - HotL,6' 1',190 lbs,L,L,98,Houston Astros,HOU,1980,1980-1992,,84075,Diamond,Heart Attack - Snapshot  RP Joe Sambito  HOU  1980,0,Y,5,21,46,6,69,21,21,45,6,68,20,21,47,7,70,22,21,4,Normal,Spray,Spray,133,103,110,127,155,102,47,151,125,104,135,124,86,126,-,115,94,-,-,-,-,-,-,-,4,FB,91-93,3/4,Normal,24,115,-,-,-,35,20,26,23,4,3,8,70,-,-,-,-,-,-,-,-,70,-,-,-,-,-,-,-,-,16,4,6,28,,,0,0,0,0,0,0,0,0,0,0,0,0,0,0,0,0,0,0.0,0.00,0,-0.0,0.0,0.00,0,0,0.0,0.0,3,0,0,0,0,1,1,4.0,15,14,1,0,0,1,1,1,1,0,5,0,0,0,1,0,0,0,1,0,0,1.33,59,4,3,0,0,0.0,-0.0,0.1,2.20,3,0,1,1,0,0,0,0,2.25,0.1,1.079,0,0,4.0,0,0,1,1,0,0,0,0,0,0,0,0,0.0,0.0
RP,Joe Sambito,Joe,Sambito,Houston Swangas,6' 1',190 lbs,L,L,98,Houston Astros,HOU,1980,1980-1992,,84075,Diamond,Heart Attack - Snapshot  RP Joe Sambito  HOU  1980,0,N,0,18,41,4,63,18,18,40,4,62,17,18,42,5,64,19,21,4,Normal,Spray,Spray,123,95,102,118,144,94,42,140,116,96,125,115,86,126,-,115,94,-,-,-,-,-,-,-,4,FB,91-93,3/4,Normal,24,115,-,-,-,35,20,26,23,4,3,8,65,-,-,-,-,-,-,-,-,65,-,-,-,-,-,-,-,-,16,4,6,28,,,0,0,0,0,0,0,0,0,0,0,0,0,0,0,0,0,0,0.0,0.00,0,-0.0,0.0,0.00,0,0,0.0,0.0,6,0,0,0,2,1,1,4.2,20,16,2,0,0,0,1,1,2,0,6,2,0,0,0,0,0,1,2,1,0,1.71,78,3,4,0,0,0.2,0.1,0.2,2.83,6,0,0,0,0,0,0,0,0.00,0.0,.000,0,0,4.2,0,0,0,0,0,0,0,0,0,0,0,0,0.0,0.0
RP,Aaron Sanchez,Aaron,Sanchez,Chicago Gamblers - E6,6' 4',215 lbs,R,R,84,Toronto Blue Jays,TOR,2016,2015+,,86728,Gold,Studs & Duds - Historical All-Star  SP Aaron Sanchez  TOR  2016,0,N,0,1,3,1,4,1,1,4,1,4,1,1,3,1,4,1,24,1,Normal,Normal,Normal,77,90,125,119,80,50,140,99,75,124,113,150,80,79,79,-,103,-,-,-,-,-,-,-,4,GB,93-95,3/4,GB'er,75,58,-,-,-,32,20,25,23,1,2,10,61,-,-,-,-,-,-,-,-,61,-,-,-,-,-,-,-,-,17,5,6,28,,,0,0,0,0,0,0,0,0,0,0,0,0,0,0,0,0,0,0.0,0.00,0,-0.0,0.0,0.00,0,0,0.0,0.0,6,0,1,0,0,4,0,11.1,40,38,6,0,0,0,0,0,2,0,6,0,0,0,0,0,0,1,3,4,0,1.73,162,11,15,0,0,1.2,0.4,0.9,4.33,6,0,0,0,0,0,0,0,0.00,0.0,.000,0,0,11.1,0,0,0,0,0,0,0,0,0,0,0,0,0.0,0.0
RP,Aaron Sanchez,Aaron,Sanchez,Sixes Tornadoes,6' 4',215 lbs,R,R,84,Toronto Blue Jays,TOR,2016,2015+,,86728,Gold,Studs & Duds - Historical All-Star  SP Aaron Sanchez  TOR  2016,0,N,0,1,3,1,4,1,1,4,1,4,1,1,3,1,4,1,24,1,Normal,Normal,Normal,77,90,125,119,80,50,140,99,75,124,113,150,80,79,79,-,103,-,-,-,-,-,-,-,4,GB,93-95,3/4,GB'er,75,58,-,-,-,32,20,25,23,1,2,10,61,-,-,-,-,-,-,-,-,61,-,-,-,-,-,-,-,-,17,5,6,28,,,0,0,0,0,0,0,0,0,0,0,0,0,0,0,0,0,0,0.0,0.00,0,-0.0,0.0,0.00,0,0,0.0,0.0,1,0,0,0,0,1,0,4.0,15,15,3,0,0,0,0,0,0,0,1,0,0,0,1,0,0,0,0,0,0,0.71,51,4,7,0,0,0.2,0.1,0.3,5.02,1,0,0,0,0,0,0,0,0.00,0.0,.000,0,0,4.0,0,0,0,0,0,0,0,0,0,0,0,0,0.0,0.0
RP,Kazuhiro Sasaki,Kazuhiro,Sasaki,Sydney Whalers,6' 4',210 lbs,R,R,93,Seattle Mariners,SEA,2001,1993-2004,BBR,84813,Diamond,Baseball Reference 1  CL Kazuhiro Sasaki  SEA  2001,0,Y,5,1,5,1,5,1,1,5,1,5,1,1,5,1,5,1,25,18,Normal,Normal,Normal,97,128,135,90,111,128,120,82,86,130,148,102,81,-,115,-,-,75,-,-,-,-,-,-,3,FB,90-92,3/4,Normal,17,61,-,-,-,27,20,23,23,9,2,10,59,-,-,-,-,-,-,-,-,59,-,-,-,-,-,-,-,-,5,4,6,6,,,0,0,0,0,0,0,0,0,0,0,0,0,0,0,0,0,0,0.0,0.00,0,-0.0,0.0,0.00,0,0,0.0,0.0,2,0,0,0,0,0,0,1.1,5,5,1,0,0,0,0,0,0,0,1,0,0,0,0,0,0,0,1,1,0,0.46,15,1,2,0,0,0.0,0.0,0.1,2.75,2,0,0,0,0,0,0,0,0.00,0.0,.000,0,0,1.1,0,0,0,0,0,0,0,0,0,0,0,0,0.0,0.0
RP,Larry Sherry,Larry,Sherry,Ogden Raptors - HotL,6' 2',205 lbs,R,R,66,Los Angeles Dodgers,LAD,1959,1946-1960,ME,86622,Bronze,50s Theme Week - Hardware Heroes  RP Larry Sherry  LAD  1959,0,N,0,67,53,115,28,56,28,10,2,5,55,74,62,148,33,57,78,46,Flyball,Normal,Normal,101,56,165,89,90,52,159,77,114,60,170,100,101,-,107,103,-,-,-,-,-,-,-,-,3,FB,90-92,3/4,Normal,48,60,-,-,-,22,20,22,23,10,4,7,49,-,-,-,-,-,-,-,-,49,-,-,-,-,-,-,-,-,11,3,6,19,,,0,0,0,0,0,0,0,0,0,0,0,0,0,0,0,0,0,0.0,0.00,0,-0.0,0.0,0.00,0,0,0.0,0.0,2,0,0,0,0,0,0,3.0,10,10,1,0,0,0,0,0,0,0,4,0,0,0,0,0,0,0,1,5,0,0.83,42,4,1,0,0,0.0,0.2,0.2,1.83,2,0,2,2,0,0,0,0,6.00,0.1,1.079,0,0,3.0,0,0,2,2,0,0,0,0,0,0,0,0,0.0,0.0
RP,Larry Sherry,Larry,Sherry,Brookline Bees,6' 2',205 lbs,R,R,66,Los Angeles Dodgers,LAD,1959,1946-1960,ME,86622,Bronze,50s Theme Week - Hardware Heroes  RP Larry Sherry  LAD  1959,0,N,0,67,53,115,28,56,28,10,2,5,55,74,62,148,33,57,78,46,Flyball,Normal,Normal,101,56,165,89,90,52,159,77,114,60,170,100,101,-,107,103,-,-,-,-,-,-,-,-,3,FB,90-92,3/4,Normal,48,60,-,-,-,22,20,22,23,10,4,7,49,-,-,-,-,-,-,-,-,49,-,-,-,-,-,-,-,-,11,3,6,19,,,0,0,0,0,0,0,0,0,0,0,0,0,0,0,0,0,0,0.0,0.00,0,-0.0,0.0,0.00,0,0,0.0,0.0,2,0,0,0,0,0,1,1.1,9,7,1,0,0,2,3,3,2,0,1,0,0,0,0,0,0,0,1,1,1,0.79,38,1,2,0,0,-0.3,-0.3,-0.2,7.02,2,0,0,0,0,0,0,0,0.00,0.0,.000,0,0,1.1,0,0,0,0,0,0,0,0,0,0,0,0,0.0,0.0
RP,Larry Sherry,Larry,Sherry,Chicago Gamblers - E6,6' 2',205 lbs,R,R,66,Los Angeles Dodgers,LAD,1959,1946-1960,ME,86622,Bronze,50s Theme Week - Hardware Heroes  RP Larry Sherry  LAD  1959,0,N,0,67,53,115,28,56,28,10,2,5,55,74,62,148,33,57,78,46,Flyball,Normal,Normal,101,56,165,89,90,52,159,77,114,60,170,100,101,-,107,103,-,-,-,-,-,-,-,-,3,FB,90-92,3/4,Normal,48,60,-,-,-,22,20,22,23,10,4,7,49,-,-,-,-,-,-,-,-,49,-,-,-,-,-,-,-,-,11,3,6,19,,,0,0,0,0,0,0,0,0,0,0,0,0,0,0,0,0,0,0.0,0.00,0,-0.0,0.0,0.00,0,0,0.0,0.0,4,0,0,0,0,0,0,5.2,25,24,7,0,0,0,2,1,1,0,7,0,0,0,1,0,0,1,3,3,1,0.60,112,2,7,0,0,0.1,0.2,0.1,2.03,4,0,1,0,1,0,0,0,1.59,0.0,.000,0,0,5.2,0,0,0,0,0,0,0,0,0,0,0,0,0.0,0.0
RP,Larry Sherry,Larry,Sherry,Chicago Beans,6' 2',205 lbs,R,R,66,Los Angeles Dodgers,LAD,1959,1946-1960,ME,86622,Bronze,50s Theme Week - Hardware Heroes  RP Larry Sherry  LAD  1959,0,N,0,67,53,115,28,56,28,10,2,5,55,74,62,148,33,57,78,46,Flyball,Normal,Normal,101,56,165,89,90,52,159,77,114,60,170,100,101,-,107,103,-,-,-,-,-,-,-,-,3,FB,90-92,3/4,Normal,48,60,-,-,-,22,20,22,23,10,4,7,49,-,-,-,-,-,-,-,-,49,-,-,-,-,-,-,-,-,11,3,6,19,,,0,0,0,0,0,0,0,0,0,0,0,0,0,0,0,0,0,0.0,0.00,0,-0.0,0.0,0.00,0,0,0.0,0.0,4,0,0,0,0,0,0,4.0,19,16,3,1,0,1,2,2,3,0,4,0,0,0,0,0,0,1,2,2,1,0.58,77,4,3,0,0,0.1,-0.1,0.0,4.70,4,0,1,1,0,0,0,0,2.25,0.1,1.079,0,0,4.0,0,0,0,0,1,1,0,0,0,0,0,0,0.0,0.0
RP,Larry Sherry,Larry,Sherry,seebal Saeki,6' 2',205 lbs,R,R,66,Los Angeles Dodgers,LAD,1959,1946-1960,ME,86622,Bronze,50s Theme Week - Hardware Heroes  RP Larry Sherry  LAD  1959,0,N,0,67,53,115,28,56,28,10,2,5,55,74,62,148,33,57,78,46,Flyball,Normal,Normal,101,56,165,89,90,52,159,77,114,60,170,100,101,-,107,103,-,-,-,-,-,-,-,-,3,FB,90-92,3/4,Normal,48,60,-,-,-,22,20,22,23,10,4,7,49,-,-,-,-,-,-,-,-,49,-,-,-,-,-,-,-,-,11,3,6,19,,,0,0,0,0,0,0,0,0,0,0,0,0,0,0,0,0,0,0.0,0.00,0,-0.0,0.0,0.00,0,0,0.0,0.0,1,0,0,1,0,0,1,0.1,4,2,0,1,0,0,2,2,2,0,0,0,0,0,0,0,0,0,0,2,2,2.08,19,1,0,0,0,-0.4,-0.1,-0.2,11.16,1,0,0,0,0,0,0,0,0.00,0.0,.000,0,0,0.1,0,0,0,0,0,0,0,0,0,0,0,0,-0.1,0.0
RP,Larry Sherry,Larry,Sherry,Shartlesville ShihTzus - HotL,6' 2',205 lbs,R,R,66,Los Angeles Dodgers,LAD,1959,1946-1960,ME,86622,Bronze,50s Theme Week - Hardware Heroes  RP Larry Sherry  LAD  1959,0,N,0,67,53,115,28,56,28,10,2,5,55,74,62,148,33,57,78,46,Flyball,Normal,Normal,101,56,165,89,90,52,159,77,114,60,170,100,101,-,107,103,-,-,-,-,-,-,-,-,3,FB,90-92,3/4,Normal,48,60,-,-,-,22,20,22,23,10,4,7,49,-,-,-,-,-,-,-,-,49,-,-,-,-,-,-,-,-,11,3,6,19,,,0,0,0,0,0,0,0,0,0,0,0,0,0,0,0,0,0,0.0,0.00,0,-0.0,0.0,0.00,0,0,0.0,0.0,1,0,0,1,0,0,1,1.1,6,5,0,0,0,1,2,2,1,0,1,0,0,0,0,0,0,0,1,1,0,1.78,30,2,1,0,0,-0.3,-0.2,-0.2,5.44,1,0,0,0,0,0,0,0,0.00,0.0,.000,0,0,1.1,0,0,0,0,0,0,0,0,0,0,0,0,0.0,0.0
RP,Larry Sherry,Larry,Sherry,Normal Night Owls - HotL,6' 2',205 lbs,R,R,66,Los Angeles Dodgers,LAD,1959,1946-1960,ME,86622,Bronze,50s Theme Week - Hardware Heroes  RP Larry Sherry  LAD  1959,0,N,0,67,53,115,28,56,28,10,2,5,55,74,62,148,33,57,78,46,Flyball,Normal,Normal,101,56,165,89,90,52,159,77,114,60,170,100,101,-,107,103,-,-,-,-,-,-,-,-,3,FB,90-92,3/4,Normal,48,60,-,-,-,22,20,22,23,10,4,7,49,-,-,-,-,-,-,-,-,49,-,-,-,-,-,-,-,-,11,3,6,19,,,0,0,0,0,0,0,0,0,0,0,0,0,0,0,0,0,0,0.0,0.00,0,-0.0,0.0,0.00,0,0,0.0,0.0,2,0,0,0,0,2,0,1.2,6,5,1,0,0,0,0,0,1,1,0,0,0,0,0,0,0,1,1,3,0,3.68,22,2,2,0,0,0.4,0.1,0.2,8.05,2,0,0,0,0,0,0,0,0.00,0.0,.000,0,0,1.2,0,0,0,0,0,0,0,0,0,0,0,0,0.0,0.0
RP,Larry Sherry,Larry,Sherry,Providence Friars - HotL,6' 2',205 lbs,R,R,66,Los Angeles Dodgers,LAD,1959,1946-1960,ME,86622,Bronze,50s Theme Week - Hardware Heroes  RP Larry Sherry  LAD  1959,0,N,0,67,53,115,28,56,28,10,2,5,55,74,62,148,33,57,78,46,Flyball,Normal,Normal,101,56,165,89,90,52,159,77,114,60,170,100,101,-,107,103,-,-,-,-,-,-,-,-,3,FB,90-92,3/4,Normal,48,60,-,-,-,22,20,22,23,10,4,7,49,-,-,-,-,-,-,-,-,49,-,-,-,-,-,-,-,-,11,3,6,19,,,0,0,0,0,0,0,0,0,0,0,0,0,0,0,0,0,0,0.0,0.00,0,-0.0,0.0,0.00,0,0,0.0,0.0,4,0,0,0,1,1,0,4.2,18,16,2,1,0,0,1,1,2,0,4,0,0,0,0,0,0,0,3,2,0,0.52,72,4,5,0,0,0.2,0.1,0.2,4.01,4,0,3,1,2,0,0,0,5.79,0.1,1.079,0,0,4.2,0,0,1,1,0,0,0,0,0,0,0,0,0.0,0.0
RP,Larry Sherry,Larry,Sherry,False Hustle,6' 2',205 lbs,R,R,66,Los Angeles Dodgers,LAD,1959,1946-1960,ME,86622,Bronze,50s Theme Week - Hardware Heroes  RP Larry Sherry  LAD  1959,0,N,0,67,53,115,28,56,28,10,2,5,55,74,62,148,33,57,78,46,Flyball,Normal,Normal,101,56,165,89,90,52,159,77,114,60,170,100,101,-,107,103,-,-,-,-,-,-,-,-,3,FB,90-92,3/4,Normal,48,60,-,-,-,22,20,22,23,10,4,7,49,-,-,-,-,-,-,-,-,49,-,-,-,-,-,-,-,-,11,3,6,19,,,0,0,0,0,0,0,0,0,0,0,0,0,0,0,0,0,0,0.0,0.00,0,-0.0,0.0,0.00,0,0,0.0,0.0,1,0,0,0,0,0,0,0.1,1,1,1,0,0,0,0,0,0,0,0,0,0,0,0,0,0,0,1,3,1,0.20,5,0,0,0,0,-0.0,0.0,0.0,6.14,1,0,0,0,0,0,0,0,0.00,0.0,.000,0,0,0.1,0,0,0,0,0,0,0,0,0,0,0,0,0.0,0.0
RP,Larry Sherry,Larry,Sherry,Cibao Aguilas,6' 2',205 lbs,R,R,66,Los Angeles Dodgers,LAD,1959,1946-1960,ME,86622,Bronze,50s Theme Week - Hardware Heroes  RP Larry Sherry  LAD  1959,0,N,0,67,53,115,28,56,28,10,2,5,55,74,62,148,33,57,78,46,Flyball,Normal,Normal,101,56,165,89,90,52,159,77,114,60,170,100,101,-,107,103,-,-,-,-,-,-,-,-,3,FB,90-92,3/4,Normal,48,60,-,-,-,22,20,22,23,10,4,7,49,-,-,-,-,-,-,-,-,49,-,-,-,-,-,-,-,-,11,3,6,19,,,0,0,0,0,0,0,0,0,0,0,0,0,0,0,0,0,0,0.0,0.00,0,-0.0,0.0,0.00,0,0,0.0,0.0,1,0,0,0,0,0,1,1.1,9,8,3,1,0,0,2,2,1,0,1,0,0,0,0,0,0,0,0,1,1,0.37,40,2,1,0,0,-0.1,0.0,-0.1,5.56,1,0,0,0,0,0,0,0,0.00,0.0,.000,0,0,1.1,0,0,0,0,0,0,0,0,0,0,0,0,0.0,0.0
RP,Larry Sherry,Larry,Sherry,Chicago Seals,6' 2',205 lbs,R,R,66,Los Angeles Dodgers,LAD,1959,1946-1960,ME,86622,Bronze,50s Theme Week - Hardware Heroes  RP Larry Sherry  LAD  1959,0,N,0,67,53,115,28,56,28,10,2,5,55,74,62,148,33,57,78,46,Flyball,Normal,Normal,101,56,165,89,90,52,159,77,114,60,170,100,101,-,107,103,-,-,-,-,-,-,-,-,3,FB,90-92,3/4,Normal,48,60,-,-,-,22,20,22,23,10,4,7,49,-,-,-,-,-,-,-,-,49,-,-,-,-,-,-,-,-,11,3,6,19,,,0,0,0,0,0,0,0,0,0,0,0,0,0,0,0,0,0,0.0,0.00,0,-0.0,0.0,0.00,0,0,0.0,0.0,1,0,0,0,0,0,0,2.2,13,12,2,0,0,2,4,4,1,0,3,0,0,0,0,0,0,0,0,0,0,0.25,62,2,3,0,0,-0.0,-0.2,-0.2,3.47,1,0,0,0,0,0,0,0,0.00,0.0,.000,0,0,2.2,0,0,0,0,0,0,0,0,0,0,0,0,0.0,0.0
RP,Larry Sherry,Larry,Sherry,Zanesville Greys,6' 2',205 lbs,R,R,66,Los Angeles Dodgers,LAD,1959,1946-1960,ME,86622,Bronze,50s Theme Week - Hardware Heroes  RP Larry Sherry  LAD  1959,0,N,0,67,53,115,28,56,28,10,2,5,55,74,62,148,33,57,78,46,Flyball,Normal,Normal,101,56,165,89,90,52,159,77,114,60,170,100,101,-,107,103,-,-,-,-,-,-,-,-,3,FB,90-92,3/4,Normal,48,60,-,-,-,22,20,22,23,10,4,7,49,-,-,-,-,-,-,-,-,49,-,-,-,-,-,-,-,-,11,3,6,19,,,0,0,0,0,0,0,0,0,0,0,0,0,0,0,0,0,0,0.0,0.00,0,-0.0,0.0,0.00,0,0,0.0,0.0,1,0,0,0,0,1,0,2.1,7,7,0,0,0,0,0,0,0,0,2,0,0,0,0,0,0,1,0,1,0,0.54,32,2,2,0,0,0.1,0.1,0.1,1.92,1,0,0,0,0,0,0,0,0.00,0.0,.000,0,0,2.1,0,0,0,0,0,0,0,0,0,0,0,0,0.0,0.0
RP,Larry Sherry,Larry,Sherry,Summerglen Seraphs TBD,6' 2',205 lbs,R,R,66,Los Angeles Dodgers,LAD,1959,1946-1960,ME,86622,Bronze,50s Theme Week - Hardware Heroes  RP Larry Sherry  LAD  1959,0,N,0,67,53,115,28,56,28,10,2,5,55,74,62,148,33,57,78,46,Flyball,Normal,Normal,101,56,165,89,90,52,159,77,114,60,170,100,101,-,107,103,-,-,-,-,-,-,-,-,3,FB,90-92,3/4,Normal,48,60,-,-,-,22,20,22,23,10,4,7,49,-,-,-,-,-,-,-,-,49,-,-,-,-,-,-,-,-,11,3,6,19,,,0,0,0,0,0,0,0,0,0,0,0,0,0,0,0,0,0,0.0,0.00,0,-0.0,0.0,0.00,0,0,0.0,0.0,1,0,0,0,0,0,0,1.2,8,8,2,1,0,0,0,0,0,0,2,0,0,0,0,0,0,0,0,1,1,0.32,33,1,2,0,0,-0.0,0.1,0.1,2.19,1,0,0,0,0,0,0,0,0.00,0.0,.000,0,0,1.2,0,0,0,0,0,0,0,0,0,0,0,0,0.0,0.0
RP,Larry Sherry,Larry,Sherry,Shakedown 1977 Microbus TTC - GH,6' 2',205 lbs,R,R,66,Los Angeles Dodgers,LAD,1959,1946-1960,ME,86622,Bronze,50s Theme Week - Hardware Heroes  RP Larry Sherry  LAD  1959,0,N,0,67,53,115,28,56,28,10,2,5,55,74,62,148,33,57,78,46,Flyball,Normal,Normal,101,56,165,89,90,52,159,77,114,60,170,100,101,-,107,103,-,-,-,-,-,-,-,-,3,FB,90-92,3/4,Normal,48,60,-,-,-,22,20,22,23,10,4,7,49,-,-,-,-,-,-,-,-,49,-,-,-,-,-,-,-,-,11,3,6,19,,,0,0,0,0,0,0,0,0,0,0,0,0,0,0,0,0,0,0.0,0.00,0,-0.0,0.0,0.00,0,0,0.0,0.0,2,0,0,0,0,1,0,4.0,15,14,1,0,0,0,0,0,1,0,3,0,0,0,0,0,0,0,0,0,0,0.91,58,4,5,0,0,0.1,0.1,0.2,3.80,2,0,0,0,0,0,0,0,0.00,0.0,.000,0,0,4.0,0,0,0,0,0,0,0,0,0,0,0,0,0.0,0.0
RP,Larry Sherry,Larry,Sherry,Numenor Faithful,6' 2',205 lbs,R,R,66,Los Angeles Dodgers,LAD,1959,1946-1960,ME,86622,Bronze,50s Theme Week - Hardware Heroes  RP Larry Sherry  LAD  1959,0,N,0,67,53,115,28,56,28,10,2,5,55,74,62,148,33,57,78,46,Flyball,Normal,Normal,101,56,165,89,90,52,159,77,114,60,170,100,101,-,107,103,-,-,-,-,-,-,-,-,3,FB,90-92,3/4,Normal,48,60,-,-,-,22,20,22,23,10,4,7,49,-,-,-,-,-,-,-,-,49,-,-,-,-,-,-,-,-,11,3,6,19,,,0,0,0,0,0,0,0,0,0,0,0,0,0,0,0,0,0,0.0,0.00,0,-0.0,0.0,0.00,0,0,0.0,0.0,1,0,0,0,0,0,0,1.2,8,6,1,0,0,0,0,0,2,0,3,0,0,0,0,0,0,0,1,1,1,0.17,35,1,1,1,0,-0.0,0.0,0.1,3.71,1,0,0,0,0,0,0,0,0.00,-0.1,.000,1,0,1.2,0,0,0,0,0,0,0,0,0,0,0,0,0.0,0.0
RP,Dick Starr,Dick,Starr,Arkham Horrors,6' 3',190 lbs,R,R,48,St. Louis Browns,BAL,1949,1946-1960,,82790,Iron,Unsung Heroes  SP Dick Starr  SLA  1949,0,N,0,1,2,1,3,1,1,2,1,5,1,1,3,1,3,1,28,25,Normal,Normal,Normal,75,59,52,64,68,60,45,65,80,59,58,64,78,96,-,65,88,-,-,-,-,-,-,-,4,EX FB,90-92,SIDE,Normal,37,33,-,-,-,29,20,24,23,10,2,4,57,-,-,-,-,-,-,-,-,57,-,-,-,-,-,-,-,-,5,4,6,5,,,0,0,0,0,0,0,0,0,0,0,0,0,0,0,0,0,0,0.0,0.00,0,-0.0,0.0,0.00,0,0,0.0,0.0,1,0,0,0,0,0,0,2.2,9,9,1,0,0,0,0,0,0,0,1,0,0,0,0,0,0,0,1,0,0,0.09,25,2,5,0,0,0.0,0.1,0.2,3.86,1,0,1,0,1,0,0,0,3.38,0.0,.000,0,0,2.2,0,0,1,1,0,0,0,0,0,0,0,0,0.0,0.0
RP,Dave Stieb,Dave,Stieb,Junk Wax Heroes,6' 1',195 lbs,R,R,89,Toronto Blue Jays,TOR,1990,1980-1992,,85911,Gold,Blue Jays 50th Anniversary  SP Dave Stieb  TOR  1990,0,N,0,1,3,1,3,1,1,3,1,3,1,1,3,1,3,1,22,1,Normal,Normal,Normal,90,89,99,115,78,81,96,110,100,97,104,118,77,83,111,91,97,-,-,-,-,-,-,-,5,NEU,86-88,OTT,Normal,78,64,-,-,-,35,39,36,36,9,3,8,81,-,-,-,-,-,-,-,-,81,-,-,-,-,-,-,-,-,5,4,6,5,,,0,0,0,0,0,0,0,0,0,0,0,0,0,0,0,0,0,0.0,0.00,0,-0.0,0.0,0.00,0,0,0.0,0.0,2,0,0,0,0,0,1,1.2,7,6,2,0,0,0,0,0,0,0,2,0,0,1,0,0,0,0,2,4,2,1.91,21,1,2,0,0,-0.2,0.1,0.1,1.63,2,0,0,0,0,0,0,0,0.00,0.0,.000,0,0,1.2,0,0,0,0,0,0,0,0,0,0,0,0,0.0,0.0
RP,Dean Stone,Dean,Stone,seebal Saeki,6' 4',205 lbs,L,L,77,Washington Senators,MIN,1954,1946-1960,CS,86164,Silver,Clubhouse - Baseball Reference 5  SP Dean Stone  WS1  1954,0,N,0,1,7,4,6,1,1,4,2,10,1,2,8,5,5,2,62,4,Normal,Normal,Normal,72,75,92,130,85,69,98,137,67,77,90,128,87,-,88,-,87,-,-,-,-,-,-,-,3,EX FB,90-92,3/4,Normal,81,60,-,-,-,23,20,22,23,5,5,9,50,-,-,-,-,-,-,-,-,50,-,-,-,-,-,-,-,-,5,4,6,5,,,0,0,0,0,0,0,0,0,0,0,0,0,0,0,0,0,0,0.0,0.00,0,-0.0,0.0,0.00,0,0,0.0,0.0,3,0,2,0,0,2,0,4.2,18,17,3,0,0,0,2,2,1,0,4,0,0,0,0,0,0,0,0,0,0,1.15,69,5,5,0,0,0.2,0.1,0.1,3.38,3,0,1,1,0,0,0,0,1.93,0.1,1.079,0,0,4.2,0,0,1,1,0,0,0,0,0,0,0,0,0.0,0.0
RP,Brent Strom,Brent,Strom,Oysters Incognito,6' 3',190 lbs,R,L,73,San Diego Padres,SDP,1975,1961-1979,LE,86685,Silver,Limited Edition/56  SP Brent Strom  SD  1975,0,N,0,1,4,1,3,2,1,7,1,5,2,1,4,1,3,2,53,3,Normal,Normal,Normal,80,91,103,115,89,118,82,118,77,85,114,114,79,94,118,-,-,-,-,-,-,-,-,-,3,FB,88-90,OTT,Normal,79,55,-,-,-,31,20,24,23,1,5,4,59,-,-,-,-,-,-,-,-,59,-,-,-,-,-,-,-,-,13,4,6,21,,,0,0,0,0,0,0,0,0,0,0,0,0,0,0,0,0,0,0.0,0.00,0,-0.0,0.0,0.00,0,0,0.0,0.0,2,0,0,0,0,0,1,1.0,7,7,3,0,0,0,3,2,0,0,0,0,0,0,0,0,0,0,1,2,1,1.34,32,0,3,0,0,-0.1,0.0,-0.3,5.72,1,0,0,0,0,0,0,0,0.00,0.0,.000,0,0,1.0,0,0,0,0,0,0,0,0,0,0,0,0,0.0,0.0
RP,Greg Swindell,Greg,Swindell,Shibuya Shredders - GH,6' 3',225 lbs,R,L,63,Minnesota Twins,MIN,1997,1993-2004,CS,85368,Bronze,Clubhouse - Played Where? - Unsung Heroes  RP Greg Swindell  MIN  1997,0,N,0,1,3,1,3,1,1,3,1,2,2,1,4,1,4,1,25,28,Normal,Spray,Spray,77,89,101,67,77,114,115,105,77,83,98,53,78,96,96,82,-,-,-,-,-,-,-,-,4,FB,88-90,3/4,Normal,24,59,-,-,-,35,47,35,23,10,1,6,85,-,-,-,-,-,-,-,-,85,-,-,-,-,-,-,-,-,5,5,6,5,,,0,0,0,0,0,0,0,0,0,0,0,0,0,0,0,0,0,0.0,0.00,0,-0.0,0.0,0.00,0,0,0.0,0.0,4,0,0,0,1,0,1,5.1,22,20,2,2,1,1,3,3,1,0,3,0,0,1,0,0,0,1,2,2,0,0.87,74,9,3,0,0,-0.1,-0.0,-0.0,4.79,4,0,0,0,0,0,0,0,0.00,0.0,.000,0,0,5.1,0,0,0,0,0,0,0,0,0,0,0,0,-0.3,0.0
RP,Julio Teheran,Julio,Teheran,Sydney Whalers,6' 2',205 lbs,R,R,79,Atlanta Braves,ATL,2017,2015+,WBC,84621,Silver,World Baseball Classic  SP Julio Teheran  COL  2017,0,Y,5,7,9,1,15,11,7,13,1,23,12,7,9,4,13,11,91,47,Normal,Spray,Spray,62,96,138,98,60,98,136,98,63,94,139,98,43,93,-,43,-,-,65,-,-,-,-,-,4,FB,91-93,3/4,Normal,76,47,-,-,-,35,65,41,23,9,9,6,101,-,-,-,-,-,-,-,-,101,-,-,-,-,-,-,-,-,5,5,6,5,,,0,0,0,0,0,0,0,0,0,0,0,0,0,0,0,0,0,0.0,0.00,0,-0.0,0.0,0.00,0,0,0.0,0.0,1,0,0,0,0,0,0,0.2,2,2,0,0,0,0,0,0,0,0,0,0,0,0,0,0,0,0,1,1,0,0.10,8,0,2,0,0,0.0,0.0,0.0,1.34,1,0,0,0,0,0,0,0,0.00,0.0,.000,0,0,0.2,0,0,0,0,0,0,0,0,0,0,0,0,0.0,0.0
RP,Kent Tekulve,Kent,Tekulve,Texas Briskets,6' 4',180 lbs,R,R,99,Pittsburgh Pirates,PIT,1979,1961-1979,,84085,Diamond,Unsung Heroes  RP Kent Tekulve  PIT  1979,0,N,0,13,28,4,37,12,7,28,4,36,6,15,28,4,38,14,23,5,Normal,Spray,Spray,81,90,93,148,38,23,40,160,104,134,138,121,-,-,-,92,81,-,-,-,-,-,-,-,2,EX GB,88-90,SUB,GB'er,59,59,-,-,-,35,21,24,17,4,8,5,64,-,-,-,-,-,-,-,-,64,-,-,-,-,-,-,-,-,16,5,6,28,,,0,0,0,0,0,0,0,0,0,0,0,0,0,0,0,0,0,0.0,0.00,0,-0.0,0.0,0.00,0,0,0.0,0.0,2,0,0,0,0,0,0,2.0,10,7,1,0,0,0,0,0,3,0,3,0,0,0,0,0,0,0,0,2,1,1.36,49,2,1,0,0,0.0,-0.0,0.1,5.20,2,0,1,1,0,0,0,0,4.50,0.1,1.079,0,0,2.0,0,0,1,1,0,0,0,0,0,0,0,0,0.0,0.0
RP,Matt Thornton,Matt,Thornton,Youngstown Ironmen,6' 6',235 lbs,L,L,94,Chicago White Sox,CHW,2010,2005-2014,,86071,Diamond,4th of July On-Stream - Historical All-Star  RP Matt Thornton  CWS  2010,0,N,0,1,3,1,3,1,1,3,1,3,1,1,3,1,3,1,22,1,Normal,Normal,Normal,140,75,87,112,161,101,96,82,133,65,85,118,141,119,-,111,-,-,-,-,-,-,-,-,3,NEU,95-97,3/4,Normal,17,70,-,-,-,35,20,26,23,9,8,9,65,-,-,-,-,-,-,-,-,65,-,-,-,-,-,-,-,-,5,4,6,5,,,0,0,0,0,0,0,0,0,0,0,0,0,0,0,0,0,0,0.0,0.00,0,-0.0,0.0,0.00,0,0,0.0,0.0,4,0,0,0,3,3,0,4.0,15,12,0,0,0,0,0,0,2,0,2,1,0,0,0,0,0,0,0,2,0,1.65,58,5,5,0,0,0.5,0.0,0.3,5.54,4,0,0,0,0,0,0,0,0.00,0.0,.000,0,0,4.0,0,0,0,0,0,0,0,0,0,0,0,0,0.0,0.0
RP,Ted Trent,Ted,Trent,seebal Saeki,6' 3',185 lbs,R,R,69,Chicago American Giants,CAG,1936,1921-1945,,84429,Bronze,Negro League Star  SP Ted Trent  CAG  1936,0,Y,2,3,47,3,59,39,3,48,3,61,41,3,47,3,59,39,49,19,Normal,Spray,Spray,68,88,84,79,67,88,84,79,68,89,85,80,71,77,57,66,-,76,-,-,-,-,64,-,6,NEU,90-92,OTT,Normal,78,60,1,1,1,29,26,27,25,45,56,56,66,-,-,-,-,-,51,-,-,66,-,-,-,-,-,51,-,-,16,4,6,28,,,0,0,0,0,0,0,0,0,0,0,0,0,0,0,0,0,0,0.0,0.00,0,-0.0,0.0,0.00,0,0,0.0,0.0,1,0,0,0,0,0,0,3.2,14,14,3,0,0,0,0,0,0,0,1,0,0,0,0,0,0,0,1,0,0,0.16,47,6,4,0,0,0.0,0.1,0.2,4.94,1,0,0,0,0,0,0,0,0.00,0.0,.000,0,0,3.2,0,0,0,0,0,0,0,0,0,0,0,0,0.0,0.0
RP,Steve Trout,Steve,Trout,Charlotte Hellcats GH,6' 4',195 lbs,L,L,68,Chicago Cubs,CHC,1985,1980-1992,LE,85794,Bronze,Limited Edition/107  SP Steve Trout  CHC  1985,0,N,0,1,3,1,3,1,2,2,1,3,1,1,4,1,3,1,29,1,Normal,Spray,Spray,68,87,68,135,75,68,68,150,65,93,68,130,77,-,84,-,79,-,-,-,-,-,-,-,3,NEU,90-92,3/4,Normal,68,68,-,-,-,28,18,26,32,4,10,8,56,-,-,-,-,-,-,-,-,56,-,-,-,-,-,-,-,-,5,4,6,5,,,0,0,0,0,0,0,0,0,0,0,0,0,0,0,0,0,0,0.0,0.00,0,-0.0,0.0,0.00,0,0,0.0,0.0,2,0,0,0,0,0,1,3.2,19,18,6,1,0,0,3,3,1,0,5,0,0,0,1,0,0,0,1,0,0,0.43,91,2,4,0,0,-0.1,0.1,-0.1,2.68,2,0,0,0,0,0,0,0,0.00,-0.2,.000,0,0,3.2,0,0,1,0,0,0,0,0,0,0,0,0,0.0,0.0
RP,Bob Veale,Bob,Veale,Jeju City Foxes,6' 6',210 lbs,S,L,89,Pittsburgh Pirates,PIT,1964,1961-1979,,82678,Gold,Hardware Heroes  SP Bob Veale  PIT  1964,0,N,0,38,16,3,33,14,46,23,3,45,8,36,14,4,30,17,59,6,Normal,Normal,Normal,90,50,75,117,122,54,107,151,82,49,64,110,72,-,99,105,-,-,-,-,-,-,-,-,3,GB,89-91,3/4,GB'er,86,57,-,-,-,24,14,20,23,10,4,9,44,-,-,-,-,-,-,-,-,44,-,-,-,-,-,-,-,-,7,4,6,10,,,0,0,0,0,0,0,0,0,0,0,0,0,0,0,0,0,0,0.0,0.00,0,-0.0,0.0,0.00,0,0,0.0,0.0,3,0,0,1,1,0,2,2.0,14,12,5,0,1,1,6,5,1,0,0,0,0,1,0,0,0,0,0,3,1,1.61,45,4,2,1,0,-0.6,-0.2,-0.6,6.78,2,0,0,0,0,0,0,0,0.00,-0.1,.000,1,0,2.0,0,0,0,0,0,0,0,0,0,0,0,0,0.0,0.0
RP,Jonny Venters,Jonny,Venters,Brookline Bees,6' 3',200 lbs,L,L,98,Atlanta Braves,ATL,2011,2005-2014,BBR,86079,Diamond,Baseball Reference 5  RP Jonny Venters  ATL  2011,0,N,0,1,3,1,3,1,1,3,1,3,1,1,3,1,3,1,28,1,Normal,Normal,Normal,114,62,122,162,160,84,148,148,100,48,114,166,-,-,-,129,104,-,-,-,-,-,-,-,2,EX GB,94-96,3/4,GB'er,18,68,-,-,-,32,20,25,23,2,8,9,61,-,-,-,-,-,-,-,-,61,-,-,-,-,-,-,-,-,6,5,6,7,,,0,0,0,0,0,0,0,0,0,0,0,0,0,0,0,0,0,0.0,0.00,0,-0.0,0.0,0.00,0,0,0.0,0.0,2,0,0,0,0,1,0,1.2,7,7,1,1,0,0,1,1,0,0,3,0,0,0,0,0,0,0,0,3,0,0.76,28,1,1,0,0,0.1,0.1,-0.0,0.27,2,0,0,0,0,0,0,0,0.00,0.0,.000,0,0,1.2,0,0,0,0,0,0,0,0,0,0,0,0,0.0,0.0
RP,Jonny Venters,Jonny,Venters,Gamehendge Lizards - HotL,6' 3',200 lbs,L,L,98,Atlanta Braves,ATL,2011,2005-2014,BBR,86079,Diamond,Baseball Reference 5  RP Jonny Venters  ATL  2011,0,N,0,1,3,1,3,1,1,3,1,3,1,1,3,1,3,1,28,1,Normal,Normal,Normal,114,62,122,162,160,84,148,148,100,48,114,166,-,-,-,129,104,-,-,-,-,-,-,-,2,EX GB,94-96,3/4,GB'er,18,68,-,-,-,32,20,25,23,2,8,9,61,-,-,-,-,-,-,-,-,61,-,-,-,-,-,-,-,-,6,5,6,7,,,0,0,0,0,0,0,0,0,0,0,0,0,0,0,0,0,0,0.0,0.00,0,-0.0,0.0,0.00,0,0,0.0,0.0,1,0,0,0,0,0,0,1.0,4,4,1,0,0,0,0,0,0,0,2,0,0,0,0,0,0,0,1,0,0,0.93,21,0,0,0,1,0.0,0.1,0.1,-0.43,1,0,0,0,0,0,0,0,0.00,0.3,.000,1,1,1.0,0,0,0,0,0,0,0,0,0,0,0,0,0.0,0.0
RP,Jonny Venters,Jonny,Venters,Chicago Gamblers - E6,6' 3',200 lbs,L,L,98,Atlanta Braves,ATL,2011,2005-2014,BBR,86079,Diamond,Baseball Reference 5  RP Jonny Venters  ATL  2011,0,Y,5,1,5,1,5,1,1,5,1,5,1,1,5,1,5,1,28,1,Normal,Normal,Normal,123,68,132,174,172,91,159,159,108,53,123,178,-,-,-,129,104,-,-,-,-,-,-,-,2,EX GB,94-96,3/4,GB'er,18,68,-,-,-,32,20,25,23,2,8,9,66,-,-,-,-,-,-,-,-,66,-,-,-,-,-,-,-,-,6,5,6,7,,,0,0,0,0,0,0,0,0,0,0,0,0,0,0,0,0,0,0.0,0.00,0,-0.0,0.0,0.00,0,0,0.0,0.0,10,0,3,0,1,5,2,12.0,53,44,6,2,0,0,1,1,9,0,15,0,0,0,0,0,0,1,2,5,2,2.20,212,11,9,0,0,0.4,0.4,0.9,3.91,10,0,1,0,1,0,0,0,0.75,0.0,.000,0,0,12.0,0,0,0,0,0,0,0,0,0,0,0,0,0.0,0.0
RP,Jonny Venters,Jonny,Venters,Normal Night Owls - HotL,6' 3',200 lbs,L,L,50,Tampa Bay Rays,TBD,2018,2015+,LE,86683,Iron,Limited Edition/50  RP Jonny Venters  TB  2018,0,N,0,1,3,1,3,1,1,3,1,3,1,1,3,1,3,2,30,1,Normal,Normal,Normal,65,55,82,166,79,90,167,143,60,29,55,170,74,-,-,67,76,-,-,-,-,-,-,-,3,EX GB,92-94,3/4,GB'er,10,67,-,-,-,29,20,24,23,5,1,3,57,-,-,-,-,-,-,-,-,57,-,-,-,-,-,-,-,-,5,4,6,5,,,0,0,0,0,0,0,0,0,0,0,0,0,0,0,0,0,0,0.0,0.00,0,-0.0,0.0,0.00,0,0,0.0,0.0,1,0,0,0,0,1,0,2.0,9,9,1,1,0,0,0,0,0,0,1,0,0,0,1,0,0,0,0,1,0,2.29,34,3,3,0,0,0.2,0.1,0.2,4.35,1,0,2,0,2,0,0,0,9.00,0.0,.000,0,0,2.0,0,0,0,0,0,0,0,0,0,0,0,0,0.0,0.0
RP,Jonny Venters,Jonny,Venters,Globo Gym Purple Cobras - JW,6' 3',200 lbs,L,L,98,Atlanta Braves,ATL,2011,2005-2014,BBR,86079,Diamond,Baseball Reference 5  RP Jonny Venters  ATL  2011,0,Y,5,1,5,1,5,1,1,5,1,5,1,1,5,1,5,1,28,1,Normal,Normal,Normal,123,68,132,174,172,91,159,159,108,53,123,178,-,-,-,129,104,-,-,-,-,-,-,-,2,EX GB,94-96,3/4,GB'er,18,68,-,-,-,32,20,25,23,2,8,9,66,-,-,-,-,-,-,-,-,66,-,-,-,-,-,-,-,-,6,5,6,7,,,0,0,0,0,0,0,0,0,0,0,0,0,0,0,0,0,0,0.0,0.00,0,-0.0,0.0,0.00,0,0,0.0,0.0,3,0,0,0,0,0,1,2.2,13,11,3,0,0,0,1,1,2,0,2,0,0,0,0,0,0,0,1,2,1,2.36,49,3,3,0,0,-0.2,0.0,0.1,5.47,3,0,0,0,0,0,0,0,0.00,0.0,.000,0,0,2.2,0,0,0,0,0,0,0,0,0,0,0,0,-0.3,0.0
RP,Jonny Venters,Jonny,Venters,Zanesville Greys,6' 3',200 lbs,L,L,98,Atlanta Braves,ATL,2011,2005-2014,BBR,86079,Diamond,Baseball Reference 5  RP Jonny Venters  ATL  2011,0,N,0,1,3,1,3,1,1,3,1,3,1,1,3,1,3,1,28,1,Normal,Normal,Normal,114,62,122,162,160,84,148,148,100,48,114,166,-,-,-,129,104,-,-,-,-,-,-,-,2,EX GB,94-96,3/4,GB'er,18,68,-,-,-,32,20,25,23,2,8,9,61,-,-,-,-,-,-,-,-,61,-,-,-,-,-,-,-,-,6,5,6,7,,,0,0,0,0,0,0,0,0,0,0,0,0,0,0,0,0,0,0.0,0.00,0,-0.0,0.0,0.00,0,0,0.0,0.0,1,0,0,0,0,0,0,1.0,5,4,1,0,0,0,0,0,1,0,0,0,0,0,1,0,0,0,0,0,0,0.46,17,2,1,0,0,0.0,-0.0,0.1,8.12,1,0,0,0,0,0,0,0,0.00,0.0,.000,0,0,1.0,0,0,0,0,0,0,0,0,0,0,0,0,0.0,0.0
RP,Alex Vesia,Alex,Vesia,Brookline Bees,6' 1',210 lbs,L,L,95,Los Angeles Dodgers,LAD,2024,2015+,,84891,Diamond,For #51 - Unsung Heroes  RP Alex Vesia  LAD  2024,0,N,0,1,3,1,3,1,1,3,1,3,1,1,3,1,3,1,26,8,Normal,Normal,Normal,119,65,141,107,115,74,158,109,120,62,135,107,111,95,-,117,-,-,-,-,-,-,-,-,3,NEU,93-95,3/4,Normal,14,54,-,-,-,27,20,23,23,6,9,9,55,-,-,-,-,-,-,-,-,55,-,-,-,-,-,-,-,-,5,4,6,5,,,0,0,0,0,0,0,0,0,0,0,0,0,0,0,0,0,0,0.0,0.00,0,-0.0,0.0,0.00,0,0,0.0,0.0,2,0,0,0,0,0,0,2.2,12,10,0,0,0,2,2,2,2,0,2,0,0,0,0,0,0,0,1,0,0,0.67,45,2,4,0,0,-0.0,-0.3,-0.1,5.42,2,0,0,0,0,0,0,0,0.00,0.0,.000,0,0,2.2,0,0,0,0,0,0,0,0,0,0,0,0,0.0,0.0
RP,Alex Vesia,Alex,Vesia,Great Lakes Man-of-War-HOTL,6' 1',210 lbs,L,L,95,Los Angeles Dodgers,LAD,2024,2015+,,84891,Diamond,For #51 - Unsung Heroes  RP Alex Vesia  LAD  2024,0,Y,5,1,5,1,5,1,1,5,1,5,1,1,5,1,5,1,26,8,Normal,Normal,Normal,128,71,152,116,124,81,170,118,130,68,145,116,111,95,-,117,-,-,-,-,-,-,-,-,3,NEU,93-95,3/4,Normal,14,54,-,-,-,27,20,23,23,6,9,9,59,-,-,-,-,-,-,-,-,59,-,-,-,-,-,-,-,-,5,4,6,5,,,0,0,0,0,0,0,0,0,0,0,0,0,0,0,0,0,0,0.0,0.00,0,-0.0,0.0,0.00,0,0,0.0,0.0,3,0,1,1,1,2,1,2.2,12,10,1,1,0,1,2,2,2,0,1,0,0,0,0,0,0,1,1,3,0,2.82,45,3,3,0,0,0.0,-0.3,-0.1,6.69,3,0,0,0,0,0,0,0,0.00,0.0,.000,0,0,2.2,0,0,0,0,0,0,0,0,0,0,0,0,0.0,0.0
RP,Alex Vesia,Alex,Vesia,Sydney Whalers,6' 1',210 lbs,L,L,95,Los Angeles Dodgers,LAD,2024,2015+,,84891,Diamond,For #51 - Unsung Heroes  RP Alex Vesia  LAD  2024,0,Y,5,1,5,1,5,1,1,5,1,5,1,1,5,1,5,1,26,8,Normal,Normal,Normal,128,71,152,116,124,81,170,118,130,68,145,116,111,95,-,117,-,-,-,-,-,-,-,-,3,NEU,93-95,3/4,Normal,14,54,-,-,-,27,20,23,23,6,9,9,59,-,-,-,-,-,-,-,-,59,-,-,-,-,-,-,-,-,5,4,6,5,,,0,0,0,0,0,0,0,0,0,0,0,0,0,0,0,0,0,0.0,0.00,0,-0.0,0.0,0.00,0,0,0.0,0.0,1,0,0,0,0,0,0,1.0,3,3,0,0,0,0,0,0,0,0,0,0,0,0,0,0,0,0,0,0,0,0.27,6,1,2,0,0,0.0,0.0,0.1,6.02,1,0,1,1,0,0,0,0,9.00,0.1,1.079,0,0,1.0,0,0,1,1,0,0,0,0,0,0,0,0,0.0,0.0
RP,Alex Vesia,Alex,Vesia,Numenor Faithful,6' 1',210 lbs,L,L,95,Los Angeles Dodgers,LAD,2024,2015+,,84891,Diamond,For #51 - Unsung Heroes  RP Alex Vesia  LAD  2024,0,N,0,1,3,1,3,1,1,3,1,3,1,1,3,1,3,1,26,8,Normal,Normal,Normal,119,65,141,107,115,74,158,109,120,62,135,107,111,95,-,117,-,-,-,-,-,-,-,-,3,NEU,93-95,3/4,Normal,14,54,-,-,-,27,20,23,23,6,9,9,55,-,-,-,-,-,-,-,-,55,-,-,-,-,-,-,-,-,5,4,6,5,,,0,0,0,0,0,0,0,0,0,0,0,0,0,0,0,0,0,0.0,0.00,0,-0.0,0.0,0.00,0,0,0.0,0.0,1,0,0,0,0,1,0,3.0,13,13,2,0,0,1,2,1,0,0,3,0,0,0,0,0,0,0,1,0,0,1.29,41,2,4,0,0,0.1,-0.0,-0.0,2.40,1,0,0,0,0,0,0,0,0.00,0.0,.000,0,0,3.0,0,0,0,0,0,0,0,0,0,0,0,0,0.0,0.0
RP,Billy Wagner,Billy,Wagner,Svendborg Sailors,5' 10',180 lbs,L,L,68,New York Mets,NYM,2007,2005-2014,,85778,Bronze,Studs & Duds - Historical All-Star  CL Billy Wagner  NYM  2007,0,N,0,1,3,1,3,1,1,3,1,3,1,1,3,1,3,1,23,1,Normal,Normal,Normal,125,69,75,82,155,50,32,91,115,74,84,79,123,84,-,122,-,-,-,-,-,-,-,-,3,EX FB,95-97,OTT,Normal,18,60,-,-,-,29,20,24,23,2,10,7,57,-,-,-,-,-,-,-,-,57,-,-,-,-,-,-,-,-,16,4,6,27,,,0,0,0,0,0,0,0,0,0,0,0,0,0,0,0,0,0,0.0,0.00,0,-0.0,0.0,0.00,0,0,0.0,0.0,1,0,0,0,0,0,0,1.1,5,5,1,0,0,0,0,0,0,0,1,0,0,0,0,0,0,0,1,0,0,0.08,17,2,1,0,0,0.0,0.0,0.1,3.35,1,0,0,0,0,0,0,0,0.00,0.0,.000,0,0,1.1,0,0,0,0,0,0,0,0,0,0,0,0,-0.1,0.0
RP,Billy Wagner,Billy,Wagner,Chicago Seals,5' 10',180 lbs,L,L,68,New York Mets,NYM,2007,2005-2014,,85778,Bronze,Studs & Duds - Historical All-Star  CL Billy Wagner  NYM  2007,0,N,0,1,3,1,3,1,1,3,1,3,1,1,3,1,3,1,23,1,Normal,Normal,Normal,125,69,75,82,155,50,32,91,115,74,84,79,123,84,-,122,-,-,-,-,-,-,-,-,3,EX FB,95-97,OTT,Normal,18,60,-,-,-,29,20,24,23,2,10,7,57,-,-,-,-,-,-,-,-,57,-,-,-,-,-,-,-,-,16,4,6,27,,,0,0,0,0,0,0,0,0,0,0,0,0,0,0,0,0,0,0.0,0.00,0,-0.0,0.0,0.00,0,0,0.0,0.0,4,0,0,1,0,1,1,6.0,26,21,2,0,1,2,5,5,4,0,4,0,0,1,0,1,0,0,1,3,0,0.88,111,3,10,0,0,-0.3,-0.2,-0.2,5.28,4,0,0,0,0,0,0,0,0.00,0.0,.000,0,0,6.0,0,0,0,0,0,0,0,0,0,0,0,0,0.1,0.0
RP,Billy Wagner,Billy,Wagner,Lowlyworm's Apple Car,5' 10',180 lbs,L,L,68,New York Mets,NYM,2007,2005-2014,,85778,Bronze,Studs & Duds - Historical All-Star  CL Billy Wagner  NYM  2007,0,N,0,1,3,1,3,1,1,3,1,3,1,1,3,1,3,1,23,1,Normal,Normal,Normal,125,69,75,82,155,50,32,91,115,74,84,79,123,84,-,122,-,-,-,-,-,-,-,-,3,EX FB,95-97,OTT,Normal,18,60,-,-,-,29,20,24,23,2,10,7,57,-,-,-,-,-,-,-,-,57,-,-,-,-,-,-,-,-,16,4,6,27,,,0,0,0,0,0,0,0,0,0,0,0,0,0,0,0,0,0,0.0,0.00,0,-0.0,0.0,0.00,0,0,0.0,0.0,4,0,1,0,0,1,0,4.0,17,15,3,0,0,0,0,0,2,0,4,0,0,0,1,0,0,0,2,2,0,0.58,67,4,4,0,0,0.1,0.1,0.2,3.92,4,0,0,0,0,0,0,0,0.00,0.0,.000,0,0,4.0,0,0,0,0,0,0,0,0,0,0,0,0,0.0,0.0
RP,Chien-Ming Wang,Chien-Ming,Wang,Orlando Heatstrokes,6' 4',225 lbs,R,R,68,Toronto Blue Jays,TOR,2013,2005-2014,CS,82765,Bronze,Clubhouse - World Baseball Classic  SP Chien-Ming Wang  TPE  2013,0,N,0,1,1,1,3,1,1,1,1,3,1,1,1,1,3,1,30,5,Normal,Normal,Normal,25,131,74,143,23,126,66,144,27,135,81,143,-,-,-,40,61,52,-,-,-,-,-,-,3,EX GB,89-91,3/4,GB'er,68,61,-,-,-,31,53,36,23,9,8,8,85,-,-,-,-,-,-,-,-,85,-,-,-,-,-,-,-,-,12,3,6,21,,,0,0,0,0,0,0,0,0,0,0,0,0,0,0,0,0,0,0.0,0.00,0,-0.0,0.0,0.00,0,0,0.0,0.0,1,0,0,0,0,0,0,2.0,7,7,1,0,0,0,0,0,0,0,1,0,0,0,0,0,0,0,1,0,0,0.13,15,2,3,0,0,0.0,0.1,0.1,3.80,1,0,1,0,1,0,0,0,4.50,-0.4,.000,0,0,2.0,0,0,0,0,0,0,1,0,0,0,0,0,-0.1,0.0
RP,Duane Ward,Duane,Ward,Gastonia Peaches,6' 4',210 lbs,R,R,98,Toronto Blue Jays,TOR,1993,1993-2004,,86334,Diamond,In Memoriam - Historical All-Star  CL Duane Ward  TOR  1993,0,N,0,1,3,1,3,1,1,3,1,3,1,1,3,1,3,1,23,1,Normal,Spray,Spray,146,93,88,110,142,56,62,111,150,130,111,110,118,-,-,117,-,-,-,-,-,-,-,-,2,NEU,91-93,3/4,Normal,14,83,-,-,-,29,20,24,23,8,1,3,57,-,-,-,-,-,-,-,-,57,-,-,-,-,-,-,-,-,5,5,6,5,,,0,0,0,0,0,0,0,0,0,0,0,0,0,0,0,0,0,0.0,0.00,0,-0.0,0.0,0.00,0,0,0.0,0.0,5,0,0,0,0,2,1,4.2,23,19,5,1,0,0,3,3,4,0,5,0,0,0,0,0,0,0,0,4,0,1.73,97,3,5,0,0,0.2,0.1,-0.1,4.80,4,0,1,0,1,0,0,0,1.93,0.1,1.079,0,0,4.2,0,0,0,0,1,1,0,0,0,0,0,0,0.0,0.0
RP,Tony Watson,Tony,Watson,Winnipeg Brew Jays - HotL,6' 3',225 lbs,L,L,87,Pittsburgh Pirates,PIT,2015,2015+,,85457,Gold,May Birthdays - Unsung Heroes  RP Tony Watson  PIT  2015,0,Y,5,7,5,1,5,1,7,5,1,5,1,8,6,1,5,4,24,58,Normal,Pull,Pull,81,93,130,143,86,81,135,172,79,98,128,134,-,84,-,85,91,-,-,-,-,-,-,-,3,NEU,92-94,3/4,Normal,11,63,-,-,-,35,20,26,23,6,4,2,70,-,-,-,-,-,-,-,-,70,-,-,-,-,-,-,-,-,5,3,6,6,,,0,0,0,0,0,0,0,0,0,0,0,0,0,0,0,0,0,0.0,0.00,0,-0.0,0.0,0.00,0,0,0.0,0.0,4,0,1,0,1,2,0,3.1,10,9,1,0,0,0,0,0,0,0,3,0,0,1,0,0,0,1,3,4,1,2.12,38,3,2,0,0,0.3,0.2,0.3,1.92,4,0,0,0,0,0,0,0,0.00,0.0,.000,0,0,3.1,0,0,0,0,0,0,0,0,0,0,0,0,0.0,0.0
RP,Tony Watson,Tony,Watson,Brookline Bees,6' 3',225 lbs,L,L,87,Pittsburgh Pirates,PIT,2015,2015+,,85457,Gold,May Birthdays - Unsung Heroes  RP Tony Watson  PIT  2015,0,N,0,5,3,1,3,1,5,3,1,3,1,6,4,1,3,2,24,58,Normal,Pull,Pull,74,86,120,133,79,74,125,160,72,90,119,124,-,84,-,85,91,-,-,-,-,-,-,-,3,NEU,92-94,3/4,Normal,11,63,-,-,-,35,20,26,23,6,4,2,65,-,-,-,-,-,-,-,-,65,-,-,-,-,-,-,-,-,5,3,6,6,,,0,0,0,0,0,0,0,0,0,0,0,0,0,0,0,0,0,0.0,0.00,0,-0.0,0.0,0.00,0,0,0.0,0.0,2,0,0,0,0,0,1,1.1,6,5,0,0,0,1,1,1,1,0,1,0,0,0,1,0,0,0,1,2,1,0.70,25,1,2,0,0,-0.2,-0.1,-0.0,5.42,2,0,0,0,0,0,0,0,0.00,0.0,.000,0,0,1.1,0,0,0,0,0,0,0,0,0,0,0,0,0.0,0.0
RP,Tony Watson,Tony,Watson,Freedom Grabbers - HotL,6' 3',225 lbs,L,L,87,Pittsburgh Pirates,PIT,2015,2015+,,85457,Gold,May Birthdays - Unsung Heroes  RP Tony Watson  PIT  2015,0,N,0,5,3,1,3,1,5,3,1,3,1,6,4,1,3,2,24,58,Normal,Pull,Pull,74,86,120,133,79,74,125,160,72,90,119,124,-,84,-,85,91,-,-,-,-,-,-,-,3,NEU,92-94,3/4,Normal,11,63,-,-,-,35,20,26,23,6,4,2,65,-,-,-,-,-,-,-,-,65,-,-,-,-,-,-,-,-,5,3,6,6,,,0,0,0,0,0,0,0,0,0,0,0,0,0,0,0,0,0,0.0,0.00,0,-0.0,0.0,0.00,0,0,0.0,0.0,5,0,2,0,0,1,0,6.0,26,21,2,0,0,0,3,1,3,0,3,0,0,2,0,0,0,0,2,1,0,0.83,91,7,8,0,0,0.2,0.1,0.0,5.65,5,0,0,0,0,0,0,0,0.00,0.0,.000,0,0,6.0,0,0,0,0,0,0,0,0,0,0,0,0,0.0,0.0
RP,Tony Watson,Tony,Watson,Kansas City Torrent - JW,6' 3',225 lbs,L,L,87,Pittsburgh Pirates,PIT,2015,2015+,,85457,Gold,May Birthdays - Unsung Heroes  RP Tony Watson  PIT  2015,10 906,Y,5,7,5,1,5,1,7,5,1,5,1,8,6,1,5,4,24,58,Normal,Pull,Pull,81,93,130,143,86,81,135,172,79,98,128,134,-,84,-,85,91,-,-,-,-,-,-,-,3,NEU,92-94,3/4,Normal,11,63,-,-,-,35,20,26,23,6,4,2,70,-,-,-,-,-,-,-,-,70,-,-,-,-,-,-,-,-,5,3,6,6,,,0,0,0,0,0,0,0,0,0,0,0,0,0,0,0,0,0,0.0,0.00,0,-0.0,0.0,0.00,0,0,0.0,0.0,4,0,0,0,0,1,2,3.2,22,16,3,1,0,2,5,5,5,1,3,0,0,1,1,1,0,0,2,2,2,1.05,86,2,6,0,0,-0.6,-0.3,-0.3,6.65,4,0,1,0,1,0,0,0,2.45,0.0,.000,0,0,3.2,0,0,1,1,0,0,0,0,0,0,0,0,0.0,0.0
RP,Tony Watson,Tony,Watson,NoseKerim Astea Kerim,6' 3',225 lbs,L,L,87,Pittsburgh Pirates,PIT,2015,2015+,,85457,Gold,May Birthdays - Unsung Heroes  RP Tony Watson  PIT  2015,0,Y,5,7,5,1,5,1,7,5,1,5,1,8,6,1,5,4,24,58,Normal,Pull,Pull,81,93,130,143,86,81,135,172,79,98,128,134,-,84,-,85,91,-,-,-,-,-,-,-,3,NEU,92-94,3/4,Normal,11,63,-,-,-,35,20,26,23,6,4,2,70,-,-,-,-,-,-,-,-,70,-,-,-,-,-,-,-,-,5,3,6,6,,,0,0,0,0,0,0,0,0,0,0,0,0,0,0,0,0,0,0.0,0.00,0,-0.0,0.0,0.00,0,0,0.0,0.0,12,0,2,1,0,6,2,11.2,48,43,6,1,0,2,3,3,5,0,11,0,0,0,0,0,0,1,10,0,0,1.95,188,8,15,0,0,0.2,-0.1,0.5,3.71,12,0,2,1,1,0,0,0,1.54,0.1,1.079,0,0,11.2,0,0,1,1,0,0,0,0,0,0,0,0,0.0,0.0
RP,Tony Watson,Tony,Watson,Charlotte Hellcats GH,6' 3',225 lbs,L,L,87,Pittsburgh Pirates,PIT,2015,2015+,,85457,Gold,May Birthdays - Unsung Heroes  RP Tony Watson  PIT  2015,0,Y,5,7,5,1,5,1,7,5,1,5,1,8,6,1,5,4,24,58,Normal,Pull,Pull,81,93,130,143,86,81,135,172,79,98,128,134,-,84,-,85,91,-,-,-,-,-,-,-,3,NEU,92-94,3/4,Normal,11,63,-,-,-,35,20,26,23,6,4,2,70,-,-,-,-,-,-,-,-,70,-,-,-,-,-,-,-,-,5,3,6,6,,,0,0,0,0,0,0,0,0,0,0,0,0,0,0,0,0,0,0.0,0.00,0,-0.0,0.0,0.00,0,0,0.0,0.0,6,0,0,0,3,2,0,6.1,26,24,7,0,0,0,1,1,1,0,8,1,0,0,0,0,0,2,2,2,0,0.98,106,6,3,0,0,0.4,0.2,0.3,2.29,6,0,1,0,1,0,0,0,1.42,0.0,.000,0,0,6.1,0,0,0,0,0,0,0,0,0,0,0,0,-0.1,0.0
RP,Tony Watson,Tony,Watson,Gastonia Peaches,6' 3',225 lbs,L,L,87,Pittsburgh Pirates,PIT,2015,2015+,,85457,Gold,May Birthdays - Unsung Heroes  RP Tony Watson  PIT  2015,0,Y,5,7,5,1,5,1,7,5,1,5,1,8,6,1,5,4,24,58,Normal,Pull,Pull,81,93,130,143,86,81,135,172,79,98,128,134,-,84,-,85,91,-,-,-,-,-,-,-,3,NEU,92-94,3/4,Normal,11,63,-,-,-,35,20,26,23,6,4,2,70,-,-,-,-,-,-,-,-,70,-,-,-,-,-,-,-,-,5,3,6,6,,,0,0,0,0,0,0,0,0,0,0,0,0,0,0,0,0,0,0.0,0.00,0,-0.0,0.0,0.00,0,0,0.0,0.0,5,0,0,0,0,0,1,4.0,18,17,3,0,0,1,2,1,1,0,1,0,0,0,0,0,0,0,1,3,0,0.82,68,7,4,0,0,-0.3,-0.1,0.0,5.78,5,0,1,1,0,0,0,0,2.25,0.1,1.079,0,0,4.0,0,0,0,0,1,1,0,0,0,0,0,0,0.0,0.0
RP,Tony Watson,Tony,Watson,Rajasthan Rifles Rifles,6' 3',225 lbs,L,L,87,Pittsburgh Pirates,PIT,2015,2015+,,85457,Gold,May Birthdays - Unsung Heroes  RP Tony Watson  PIT  2015,0,N,0,5,3,1,3,1,5,3,1,3,1,6,4,1,3,2,24,58,Normal,Pull,Pull,74,86,120,133,79,74,125,160,72,90,119,124,-,84,-,85,91,-,-,-,-,-,-,-,3,NEU,92-94,3/4,Normal,11,63,-,-,-,35,20,26,23,6,4,2,65,-,-,-,-,-,-,-,-,65,-,-,-,-,-,-,-,-,5,3,6,6,,,0,0,0,0,0,0,0,0,0,0,0,0,0,0,0,0,0,0.0,0.00,0,-0.0,0.0,0.00,0,0,0.0,0.0,1,0,0,0,0,0,0,2.1,9,8,0,0,0,1,1,1,1,0,1,0,0,0,0,0,0,0,0,2,0,0.21,41,1,5,0,0,-0.0,-0.1,0.0,4.89,1,0,1,1,0,0,0,0,3.86,0.1,1.079,0,0,2.1,0,0,0,0,1,1,0,0,0,0,0,0,0.0,0.0
RP,Zack Wheeler,Zack,Wheeler,NoseKerim Astea Kerim,6' 4',195 lbs,L,R,79,New York Mets,NYM,2018,2015+,,86314,Silver,T4 Ep. 5 - Snapshot  SP Zack Wheeler  NYM  2018,0,Y,5,7,12,1,8,7,11,7,1,5,5,7,14,1,9,8,27,1,Normal,Normal,Normal,102,86,101,123,106,66,77,115,98,100,125,127,103,70,66,88,101,-,102,-,-,-,-,-,6,NEU,95-97,3/4,Normal,76,64,-,-,-,28,35,28,23,8,6,8,77,-,-,-,-,-,-,-,-,77,-,-,-,-,-,-,-,-,8,5,6,11,,,0,0,0,0,0,0,0,0,0,0,0,0,0,0,0,0,0,0.0,0.00,0,-0.0,0.0,0.00,0,0,0.0,0.0,4,0,0,1,0,2,1,5.2,26,24,5,2,0,2,5,5,0,0,6,1,1,0,0,0,0,0,2,4,0,1.52,87,4,6,0,0,0.0,-0.1,-0.2,2.56,4,0,1,0,1,0,0,0,1.59,0.0,.000,0,0,5.2,0,0,0,0,0,0,0,0,0,0,0,0,0.0,0.0
RP,Zack Wheeler,Zack,Wheeler,Charlotte Hellcats GH,6' 4',195 lbs,L,R,79,New York Mets,NYM,2018,2015+,,86314,Silver,T4 Ep. 5 - Snapshot  SP Zack Wheeler  NYM  2018,0,Y,5,7,12,1,8,7,11,7,1,5,5,7,14,1,9,8,27,1,Normal,Normal,Normal,102,86,101,123,106,66,77,115,98,100,125,127,103,70,66,88,101,-,102,-,-,-,-,-,6,NEU,95-97,3/4,Normal,76,64,-,-,-,28,35,28,23,8,6,8,77,-,-,-,-,-,-,-,-,77,-,-,-,-,-,-,-,-,8,5,6,11,,,0,0,0,0,0,0,0,0,0,0,0,0,0,0,0,0,0,0.0,0.00,0,-0.0,0.0,0.00,0,0,0.0,0.0,4,0,0,0,0,0,0,7.1,35,31,5,2,0,1,4,4,4,0,6,0,0,0,0,0,0,0,3,2,0,0.35,138,5,11,0,0,-0.0,-0.0,0.0,4.69,4,0,2,1,1,0,0,0,2.45,0.1,1.079,0,0,7.1,0,0,1,1,1,1,0,0,0,0,0,0,-0.3,0.0
RP,Zack Wheeler,Zack,Wheeler,Orlando Heatstrokes,6' 4',195 lbs,L,R,79,New York Mets,NYM,2018,2015+,,86314,Silver,T4 Ep. 5 - Snapshot  SP Zack Wheeler  NYM  2018,0,N,0,5,9,1,6,5,8,5,1,3,3,5,11,1,7,6,27,1,Normal,Normal,Normal,94,79,93,114,98,60,71,106,90,92,116,118,103,70,66,88,101,-,102,-,-,-,-,-,6,NEU,95-97,3/4,Normal,76,64,-,-,-,28,35,28,23,8,6,8,71,-,-,-,-,-,-,-,-,71,-,-,-,-,-,-,-,-,8,5,6,11,,,0,0,0,0,0,0,0,0,0,0,0,0,0,0,0,0,0,0.0,0.00,0,-0.0,0.0,0.00,0,0,0.0,0.0,2,0,0,0,0,0,0,2.0,10,9,3,0,0,0,0,0,0,0,2,1,0,0,0,0,0,0,1,0,0,0.20,37,3,1,0,0,0.0,0.0,0.1,3.35,2,0,0,0,0,0,0,0,0.00,0.0,.000,0,0,2.0,0,0,0,0,0,0,0,0,0,0,0,0,0.0,0.0
RP,Devin Williams,Devin,Williams,Waltham River Otters,6' 3',165 lbs,R,R,99,Milwaukee Brewers,MIL,2023,2015+,CS,83851,Diamond,Clubhouse - Baseball Reference 8  CL Devin Williams  MIL  2023,0,N,0,1,3,1,3,1,1,3,1,3,1,1,3,1,3,1,26,17,Normal,Normal,Normal,131,78,192,135,90,55,183,190,169,93,200,88,101,-,-,-,-,164,80,-,-,-,-,-,3,GB,93-95,3/4,GB'er,17,33,-,-,-,27,36,28,23,6,1,7,72,-,-,-,-,-,-,-,-,72,-,-,-,-,-,-,-,-,10,3,6,17,,,0,0,0,0,0,0,0,0,0,0,0,0,0,0,0,0,0,0.0,0.00,0,-0.0,0.0,0.00,0,0,0.0,0.0,5,0,0,1,0,1,2,6.2,28,27,8,0,0,1,1,1,0,0,4,0,0,1,0,0,0,1,4,3,2,1.73,83,6,8,0,1,-0.4,0.1,0.4,3.87,5,0,1,0,1,0,0,0,1.35,0.3,.000,1,1,6.2,0,0,0,0,0,0,0,0,0,0,0,0,0.0,0.0
RP,Mitch Williams,Mitch,Williams,Svendborg Sailors,6' 4',205 lbs,L,L,64,Philadelphia Phillies,PHI,1991,1980-1992,CS,84044,Bronze,Clubhouse - Snapshot  CL Mitch Williams  PHI  1991,0,N,0,16,32,32,36,19,16,32,32,36,19,16,33,33,37,20,26,7,Normal,Spray,Spray,119,24,135,107,111,31,124,137,121,22,138,101,116,-,-,124,-,-,-,-,-,-,-,-,2,EX FB,95-97,3/4,Normal,18,109,-,-,-,27,20,23,23,8,3,8,55,-,-,-,-,-,-,-,-,55,-,-,-,-,-,-,-,-,16,4,6,28,,,0,0,0,0,0,0,0,0,0,0,0,0,0,0,0,0,0,0.0,0.00,0,-0.0,0.0,0.00,0,0,0.0,0.0,1,0,0,0,0,0,0,0.1,1,1,0,0,0,0,0,0,0,0,0,0,0,0,0,0,0,0,0,2,0,2.10,6,1,0,0,0,0.1,0.0,0.0,10.95,1,0,0,0,0,0,0,0,0.00,0.0,.000,0,0,0.1,0,0,0,0,0,0,0,0,0,0,0,0,0.0,0.0
RP,Stan Williams,Stan,Williams,New York Jackhammers,6' 5',230 lbs,R,R,69,Los Angeles Dodgers,LAD,1960,1946-1960,CS,85486,Bronze,Clubhouse - 60s Week - Historical All-Star  SP Stan Williams  LAD  1960,0,N,0,89,54,65,36,18,82,94,95,1,17,92,21,48,44,19,96,53,Groundball,Spray,Spray,128,68,155,46,120,48,140,40,135,79,168,51,107,-,107,111,-,-,-,-,-,115,-,-,4,FB,90-92,3/4,Normal,56,63,-,-,-,28,17,23,26,1,3,7,52,-,-,-,-,-,-,-,-,52,-,-,-,-,-,-,-,-,13,4,6,22,,,0,0,0,0,0,0,0,0,0,0,0,0,0,0,0,0,0,0.0,0.00,0,-0.0,0.0,0.00,0,0,0.0,0.0,2,0,0,0,0,0,0,5.0,20,20,1,0,0,4,4,4,0,0,7,0,0,0,0,0,0,0,1,1,0,0.12,78,4,4,0,0,-0.0,-0.3,-0.1,1.14,2,0,0,0,0,0,0,0,0.00,0.0,.000,0,0,5.0,0,0,0,0,0,0,0,0,0,0,0,0,0.0,0.0
RP,Johnny Wright,Johnny,Wright,New York Jackhammers,5' 11',175 lbs,R,R,68,Homestead Grays,HoGr,1941,1921-1945,,84883,Bronze,Celebrating 42 - Negro League Star  SP Johnny Wright  HoGr  1941,0,N,0,38,49,2,48,38,38,49,2,49,39,38,49,2,48,38,41,13,Normal,Normal,Pull,62,83,124,67,57,82,123,66,64,84,125,70,71,74,72,71,-,-,-,-,-,-,-,-,4,NEU,89-91,3/4,Normal,69,60,1,1,1,29,38,30,25,1,3,7,76,-,-,-,-,-,-,-,-,76,-,-,-,-,-,-,-,-,9,5,11,29,,,0,0,0,0,0,0,0,0,0,0,0,0,0,0,0,0,0,0.0,0.00,0,-0.0,0.0,0.00,0,0,0.0,0.0,2,0,0,0,0,0,0,4.0,16,14,2,1,0,0,2,2,2,0,2,0,0,0,0,0,0,1,1,0,0,0.20,66,3,6,0,0,-0.0,0.0,0.0,5.57,2,0,0,0,0,0,0,0,0.00,0.0,.000,0,0,4.0,0,0,0,0,0,0,0,0,0,0,0,0,0.0,0.0
CL,David Aardsma,David,Aardsma,Montrose Cobblers,6' 3',215 lbs,R,R,80,Seattle Mariners,SEA,2009,2005-2014,LE,84578,Gold,Limited Edition/80  CL David Aardsma  SEA  2009,0,N,0,1,3,1,3,1,1,3,1,3,1,1,3,1,3,1,28,45,Normal,Normal,Normal,98,61,105,136,98,44,105,151,99,69,105,124,65,116,83,105,-,120,-,-,-,-,-,-,5,EX FB,93-95,OTT,Normal,17,91,-,-,-,27,20,23,23,5,1,7,55,-,-,-,-,-,-,-,-,55,-,-,-,-,-,-,-,-,5,4,6,5,,,0,0,0,0,0,0,0,0,0,0,0,0,0,0,0,0,0,0.0,0.00,0,-0.0,0.0,0.00,0,0,0.0,0.0,4,0,0,0,0,1,1,4.2,21,20,7,1,0,0,3,3,0,0,3,0,0,1,1,0,0,0,0,5,2,0.80,83,1,9,0,0,0.0,0.2,-0.0,3.06,4,0,1,0,1,0,0,0,1.93,0.1,1.079,0,0,4.2,0,0,1,1,0,0,0,0,0,0,0,0,-0.1,0.0
CL,Jose Alvarado,Jose,Alvarado,Youngstown Ironmen,6' 2',245 lbs,L,L,96,Tampa Bay Rays,TBD,2018,2015+,,85446,Diamond,May Birthdays - Snapshot  RP Jose Alvarado  TB  2018,0,N,0,6,3,1,3,1,6,3,1,3,1,7,3,1,3,2,25,32,Normal,Normal,Normal,120,51,98,146,116,50,95,123,121,52,99,150,-,-,111,-,128,-,120,-,-,-,-,-,3,GB,96-98,3/4,GB'er,16,68,-,-,-,27,20,23,23,9,5,7,55,-,43,-,-,-,-,-,-,55,-,43,-,-,-,-,-,-,10,4,6,15,,,0,0,0,0,0,0,0,0,0,0,0,0,0,0,0,0,0,0.0,0.00,0,-0.0,0.0,0.00,0,0,0.0,0.0,4,0,0,3,0,0,3,4.1,26,23,6,1,0,2,7,5,2,0,5,0,0,1,0,0,0,0,4,0,0,2.60,102,3,5,0,0,-1.8,-0.3,-0.8,4.03,4,0,2,2,0,0,0,0,4.15,0.1,1.079,0,0,4.1,0,0,2,2,0,0,0,0,0,0,0,0,-0.1,0.0
CL,Joe Beggs,Joe,Beggs,Oslo Nordiques,6' 1',180 lbs,R,R,89,Cincinnati Reds,CIN,1940,1921-1945,,86762,Gold,T4 Ep. 9 - Baseball Reference 8  RP Joe Beggs  CIN  1940,0,N,0,2,3,1,3,2,2,3,1,3,2,2,3,1,3,2,21,1,Normal,Normal,Normal,75,139,124,155,44,152,174,170,92,128,90,142,-,86,-,-,110,-,-,-,-,-,-,-,2,GB,89-91,3/4,GB'er,46,102,-,-,-,31,76,43,23,8,4,6,98,-,-,-,-,-,-,-,-,98,-,-,-,-,-,-,-,-,11,5,6,17,,,0,0,0,0,0,0,0,0,0,0,0,0,0,0,0,0,0,0.0,0.00,0,-0.0,0.0,0.00,0,0,0.0,0.0,2,0,0,0,0,0,2,4.0,21,19,6,2,0,0,3,0,2,1,2,0,0,0,0,0,0,0,0,0,0,3.47,72,4,5,0,1,-0.3,0.2,-0.2,5.74,2,0,1,1,0,0,0,0,2.25,0.4,1.079,1,1,4.0,0,0,1,1,0,0,0,0,0,0,0,0,0.0,0.0
CL,Joe Beggs,Joe,Beggs,Chicago Beans,6' 1',180 lbs,R,R,89,Cincinnati Reds,CIN,1940,1921-1945,,86762,Gold,T4 Ep. 9 - Baseball Reference 8  RP Joe Beggs  CIN  1940,0,N,0,2,3,1,3,2,2,3,1,3,2,2,3,1,3,2,21,1,Normal,Normal,Normal,75,139,124,155,44,152,174,170,92,128,90,142,-,86,-,-,110,-,-,-,-,-,-,-,2,GB,89-91,3/4,GB'er,46,102,-,-,-,31,76,43,23,8,4,6,98,-,-,-,-,-,-,-,-,98,-,-,-,-,-,-,-,-,11,5,6,17,,,0,0,0,0,0,0,0,0,0,0,0,0,0,0,0,0,0,0.0,0.00,0,-0.0,0.0,0.00,0,0,0.0,0.0,2,0,1,0,0,1,1,4.0,18,17,3,0,1,0,2,2,1,0,3,0,0,0,0,0,0,0,0,0,0,3.21,76,7,3,0,0,0.1,0.2,0.0,4.39,2,0,0,0,0,0,0,0,0.00,0.0,.000,0,0,4.0,0,0,0,0,0,0,0,0,0,0,0,0,0.0,0.0
CL,Joe Beggs,Joe,Beggs,Svendborg Sailors,6' 1',180 lbs,R,R,89,Cincinnati Reds,CIN,1940,1921-1945,,86762,Gold,T4 Ep. 9 - Baseball Reference 8  RP Joe Beggs  CIN  1940,0,N,0,2,3,1,3,2,2,3,1,3,2,2,3,1,3,2,21,1,Normal,Normal,Normal,75,139,124,155,44,152,174,170,92,128,90,142,-,86,-,-,110,-,-,-,-,-,-,-,2,GB,89-91,3/4,GB'er,46,102,-,-,-,31,76,43,23,8,4,6,98,-,-,-,-,-,-,-,-,98,-,-,-,-,-,-,-,-,11,5,6,17,,,0,0,0,0,0,0,0,0,0,0,0,0,0,0,0,0,0,0.0,0.00,0,-0.0,0.0,0.00,0,0,0.0,0.0,1,0,0,0,0,0,0,1.0,5,5,1,0,0,0,0,0,0,0,1,0,0,0,0,0,0,0,1,0,0,1.08,21,1,1,0,0,0.0,0.0,0.1,3.05,1,0,0,0,0,0,0,0,0.00,-0.2,.000,0,0,1.0,0,0,1,0,0,0,0,0,0,0,0,0,0.0,0.0
CL,Joe Beggs,Joe,Beggs,Paso Robles Powerhouse,6' 1',180 lbs,R,R,89,Cincinnati Reds,CIN,1940,1921-1945,,86762,Gold,T4 Ep. 9 - Baseball Reference 8  RP Joe Beggs  CIN  1940,0,N,0,2,3,1,3,2,2,3,1,3,2,2,3,1,3,2,21,1,Normal,Normal,Normal,75,139,124,155,44,152,174,170,92,128,90,142,-,86,-,-,110,-,-,-,-,-,-,-,2,GB,89-91,3/4,GB'er,46,102,-,-,-,31,76,43,23,8,4,6,98,-,-,-,-,-,-,-,-,98,-,-,-,-,-,-,-,-,11,5,6,17,,,0,0,0,0,0,0,0,0,0,0,0,0,0,0,0,0,0,0.0,0.00,0,-0.0,0.0,0.00,0,0,0.0,0.0,5,0,0,0,0,3,0,4.2,17,15,2,0,0,0,0,0,2,0,1,0,0,0,0,0,0,0,5,3,1,2.44,63,5,7,0,0,0.4,0.0,0.5,6.65,5,0,0,0,0,0,0,0,0.00,0.0,.000,0,0,4.2,0,0,0,0,0,0,0,0,0,0,0,0,0.0,0.0
CL,Brad Boxberger,Brad,Boxberger,Northville Stallions,6' 2',205 lbs,R,R,77,Tampa Bay Rays,TBD,2015,2015+,CS,85429,Silver,Clubhouse - Historical All-Star  CL Brad Boxberger  TB  2015,0,N,0,1,3,1,3,1,1,3,1,3,1,1,3,1,3,1,24,30,Normal,Normal,Normal,148,78,104,71,137,74,166,88,157,81,69,52,117,107,-,124,-,-,-,-,-,-,-,-,3,EX FB,92-94,3/4,Normal,16,50,-,-,-,27,20,23,23,8,7,10,55,-,-,-,-,-,-,-,-,55,-,-,-,-,-,-,-,-,7,4,6,9,,,0,0,0,0,0,0,0,0,0,0,0,0,0,0,0,0,0,0.0,0.00,0,-0.0,0.0,0.00,0,0,0.0,0.0,1,0,0,0,0,0,0,1.0,6,5,1,1,0,0,2,2,1,0,0,0,0,0,0,0,0,0,1,0,0,0.10,23,2,1,0,0,-0.0,-0.0,-0.1,7.78,1,0,0,0,0,0,0,0,0.00,0.0,.000,0,0,1.0,0,0,0,0,0,0,0,0,0,0,0,0,0.0,0.0
CL,Jim Brewer,Jim,Brewer,Winnipeg Brew Jays - HotL,6' 2',195 lbs,L,L,78,Los Angeles Dodgers,LAD,1970,1961-1979,BBR,84799,Silver,Baseball Reference 1  CL Jim Brewer  LAD  1970,0,Y,5,1,5,1,5,1,1,5,1,5,1,1,5,1,5,1,26,6,Normal,Normal,Normal,119,96,138,83,93,118,147,75,131,90,135,84,87,-,135,-,-,-,-,-,-,78,-,-,3,FB,90-92,3/4,Normal,24,68,-,-,-,35,20,26,23,9,1,3,70,-,-,-,-,-,-,-,-,70,-,-,-,-,-,-,-,-,12,4,11,17,,,0,0,0,0,0,0,0,0,0,0,0,0,0,0,0,0,0,0.0,0.00,0,-0.0,0.0,0.00,0,0,0.0,0.0,3,0,0,0,0,1,0,6.0,24,21,3,0,0,0,0,0,2,0,7,0,1,0,0,0,0,0,1,1,0,0.81,87,1,11,0,0,0.1,0.2,0.4,1.36,3,0,0,0,0,0,0,0,0.00,-0.4,.000,0,0,6.0,0,0,1,1,1,0,0,0,0,0,0,0,-0.3,0.0
CL,Jim Brewer,Jim,Brewer,Cibao Aguilas,6' 2',195 lbs,L,L,78,Los Angeles Dodgers,LAD,1970,1961-1979,BBR,84799,Silver,Baseball Reference 1  CL Jim Brewer  LAD  1970,0,Y,5,1,5,1,5,1,1,5,1,5,1,1,5,1,5,1,26,6,Normal,Normal,Normal,119,96,138,83,93,118,147,75,131,90,135,84,87,-,135,-,-,-,-,-,-,78,-,-,3,FB,90-92,3/4,Normal,24,68,-,-,-,35,20,26,23,9,1,3,70,-,-,-,-,-,-,-,-,70,-,-,-,-,-,-,-,-,12,4,11,17,,,0,0,0,0,0,0,0,0,0,0,0,0,0,0,0,0,0,0.0,0.00,0,-0.0,0.0,0.00,0,0,0.0,0.0,2,0,0,0,1,0,0,3.0,16,15,4,0,0,1,1,1,1,0,2,0,0,0,0,0,0,0,0,0,0,0.69,67,3,4,0,0,-0.0,-0.1,0.1,4.89,2,0,0,0,0,0,0,0,0.00,0.0,.000,0,0,3.0,0,0,0,0,0,0,0,0,0,0,0,0,0.0,0.0
CL,Zack Britton,Zack,Britton,Rajasthan Rifles Rifles,6' 3',195 lbs,L,L,78,Baltimore Orioles,BAL,2014,2005-2014,,86455,Silver,T4 Ep. 7 - Baseball Reference 7  CL Zack Britton  BAL  2014,0,N,0,1,3,1,3,1,1,3,1,3,1,2,3,1,3,1,25,1,Normal,Normal,Normal,75,70,160,100,89,84,159,150,70,66,161,89,-,-,-,69,100,-,-,-,-,-,-,-,2,EX GB,94-96,3/4,GB'er,13,65,-,-,-,35,20,26,23,9,2,1,65,-,-,-,-,-,-,-,-,65,-,-,-,-,-,-,-,-,7,3,6,11,,,0,0,0,0,0,0,0,0,0,0,0,0,0,0,0,0,0,0.0,0.00,0,-0.0,0.0,0.00,0,0,0.0,0.0,1,0,0,0,0,0,1,0.1,7,4,3,0,0,0,4,4,3,0,0,0,0,0,0,0,0,0,0,1,1,1.56,33,0,1,0,0,-0.3,-0.1,-0.4,11.49,1,0,0,0,0,0,0,0,0.00,-0.2,.000,0,0,0.1,0,0,1,0,0,0,0,0,0,0,0,0,0.0,0.0
CL,Zack Britton,Zack,Britton,Numenor Faithful,6' 3',195 lbs,L,L,78,Baltimore Orioles,BAL,2014,2005-2014,,86455,Silver,T4 Ep. 7 - Baseball Reference 7  CL Zack Britton  BAL  2014,0,N,0,1,3,1,3,1,1,3,1,3,1,2,3,1,3,1,25,1,Normal,Normal,Normal,75,70,160,100,89,84,159,150,70,66,161,89,-,-,-,69,100,-,-,-,-,-,-,-,2,EX GB,94-96,3/4,GB'er,13,65,-,-,-,35,20,26,23,9,2,1,65,-,-,-,-,-,-,-,-,65,-,-,-,-,-,-,-,-,7,3,6,11,,,0,0,0,0,0,0,0,0,0,0,0,0,0,0,0,0,0,0.0,0.00,0,-0.0,0.0,0.00,0,0,0.0,0.0,1,0,0,0,0,0,0,1.0,4,4,0,1,0,0,0,0,0,0,0,0,0,0,0,0,0,0,1,0,0,0.08,7,3,0,0,0,0.0,0.0,0.1,8.50,1,0,1,0,1,0,0,0,9.00,0.0,.000,0,0,1.0,0,0,0,0,0,0,0,0,0,0,0,0,0.0,0.0
CL,Matt Clement,Matt,Clement,False Hustle,6' 3',210 lbs,R,R,69,Chicago Cubs,CHC,2002,1993-2004,PTMS,86089,Bronze,PTMS 2  SP Matt Clement  CHC  2002,0,N,0,36,46,1,21,26,1,10,1,6,38,43,55,1,27,20,27,1,Normal,Normal,Normal,108,68,110,97,96,47,133,115,120,80,95,88,91,104,-,108,113,-,-,-,-,-,-,-,4,NEU,91-93,3/4,Normal,74,69,-,-,-,24,13,20,23,2,8,1,43,-,-,-,-,-,-,-,-,43,-,-,-,-,-,-,-,-,10,5,6,14,,,0,0,0,0,0,0,0,0,0,0,0,0,0,0,0,0,0,0.0,0.00,0,-0.0,0.0,0.00,0,0,0.0,0.0,1,0,0,0,0,0,0,1.2,6,6,0,1,0,0,0,0,0,0,0,0,0,0,0,0,0,0,1,0,0,0.13,18,3,2,0,0,0.0,0.0,0.1,6.02,1,0,2,2,0,0,0,0,10.80,0.1,1.079,0,0,1.2,0,0,1,1,1,1,0,0,0,0,0,0,0.0,0.0
CL,Neal Cotts,Neal,Cotts,Brookline Bees,6' 2',200 lbs,L,L,94,Texas Rangers,TEX,2013,2005-2014,,83298,Diamond,Snapshot  RP Neal Cotts  TEX  2013,0,N,0,1,2,1,2,1,1,2,1,2,1,1,3,1,3,1,25,15,Normal,Normal,Normal,93,63,109,136,107,75,112,101,89,60,109,150,61,115,117,78,-,-,-,-,-,-,-,-,4,NEU,89-91,3/4,Normal,17,115,-,-,-,35,20,26,23,9,8,4,65,-,-,-,-,-,-,-,-,65,-,-,-,-,-,-,-,-,5,5,6,5,,,0,0,0,0,0,0,0,0,0,0,0,0,0,0,0,0,0,0.0,0.00,0,-0.0,0.0,0.00,0,0,0.0,0.0,1,0,0,1,0,0,1,0.0,4,1,0,1,0,0,4,4,3,0,0,0,0,0,0,0,0,0,0,0,0,4.18,21,0,0,0,0,-0.7,0.0,0.0,14.72,0,0,0,0,0,0,0,0,0.00,0.0,.000,0,0,0.0,0,0,0,0,0,0,0,0,0,0,0,0,0.0,0.0
CL,Neal Cotts,Neal,Cotts,Wilson Horns,6' 2',200 lbs,L,L,94,Texas Rangers,TEX,2013,2005-2014,,83298,Diamond,Snapshot  RP Neal Cotts  TEX  2013,0,N,0,1,2,1,2,1,1,2,1,2,1,1,3,1,3,1,25,15,Normal,Normal,Normal,93,63,109,136,107,75,112,101,89,60,109,150,61,115,117,78,-,-,-,-,-,-,-,-,4,NEU,89-91,3/4,Normal,17,115,-,-,-,35,20,26,23,9,8,4,65,-,-,-,-,-,-,-,-,65,-,-,-,-,-,-,-,-,5,5,6,5,,,0,0,0,0,0,0,0,0,0,0,0,0,0,0,0,0,0,0.0,0.00,0,-0.0,0.0,0.00,0,0,0.0,0.0,1,0,0,1,0,0,1,2.2,16,13,3,1,0,0,3,0,3,0,2,0,0,0,0,0,0,0,0,0,0,2.60,56,3,3,0,0,-0.2,-0.0,-0.2,6.29,1,0,1,1,0,0,0,0,3.38,0.1,1.079,0,0,2.2,0,0,1,1,0,0,0,0,0,0,0,0,0.0,0.0
CL,Ryne Duren,Ryne,Duren,New York Jackhammers,6' 1',195 lbs,R,R,94,New York Yankees,NYA,1959,1946-1960,BBR,85652,Diamond,June Gems - Baseball Reference 3  CL Ryne Duren  NYY  1959,0,Y,5,1,5,1,7,1,1,5,1,7,1,1,5,1,7,1,53,2,Normal,Spray,Spray,168,34,149,126,172,30,126,172,165,37,167,102,143,-,-,128,-,-,-,-,-,-,-,-,2,FB,97-99,3/4,Normal,25,55,-,-,-,35,20,26,23,5,9,10,70,-,-,-,-,-,-,-,-,70,-,-,-,-,-,-,-,-,9,5,6,13,,,0,0,0,0,0,0,0,0,0,0,0,0,0,0,0,0,0,0.0,0.00,0,-0.0,0.0,0.00,0,0,0.0,0.0,4,0,0,0,0,3,0,3.2,17,16,5,1,0,0,3,3,1,0,3,0,0,0,0,0,0,1,4,3,0,2.82,62,4,3,0,0,0.4,0.2,-0.2,4.06,4,0,1,0,1,0,0,0,2.45,0.0,.000,0,0,3.2,0,0,0,0,0,0,0,0,0,0,0,0,0.0,0.0
CL,Ryne Duren,Ryne,Duren,Montrose Cobblers,6' 1',195 lbs,R,R,94,New York Yankees,NYA,1959,1946-1960,BBR,85652,Diamond,June Gems - Baseball Reference 3  CL Ryne Duren  NYY  1959,0,N,0,1,3,1,5,1,1,3,1,5,1,1,3,1,5,1,53,2,Normal,Spray,Spray,156,30,138,117,160,26,117,160,153,33,155,94,143,-,-,128,-,-,-,-,-,-,-,-,2,FB,97-99,3/4,Normal,25,55,-,-,-,35,20,26,23,5,9,10,65,-,-,-,-,-,-,-,-,65,-,-,-,-,-,-,-,-,9,5,6,13,,,0,0,0,0,0,0,0,0,0,0,0,0,0,0,0,0,0,0.0,0.00,0,-0.0,0.0,0.00,0,0,0.0,0.0,6,0,0,0,2,1,2,6.2,27,27,3,1,1,2,4,4,0,0,7,0,0,0,0,0,0,0,0,1,0,0.92,107,6,7,0,0,-0.1,-0.0,-0.0,2.22,6,0,1,1,0,0,0,0,1.35,0.1,1.079,0,0,6.2,0,0,1,1,0,0,0,0,0,0,0,0,-0.1,0.0
CL,Dock Ellis,Dock,Ellis,Junk Wax Heroes,6' 3',210 lbs,S,R,85,Pittsburgh Pirates,PIT,1970,1961-1979,ME,85145,Gold,Electric No-Hitter  SP Dock Ellis  PIT  1970,0,N,0,58,35,1,19,17,62,15,1,28,10,57,40,1,17,20,65,57,Normal,Spray,Spray,75,72,138,141,70,77,140,146,79,69,136,131,-,98,97,85,95,-,-,-,-,-,-,-,4,GB,89-91,3/4,GB'er,92,50,-,-,-,27,25,25,25,2,8,8,60,-,-,-,-,-,-,-,-,60,-,-,-,-,-,-,-,-,43,41,76,27,,,0,0,0,0,0,0,0,0,0,0,0,0,0,0,0,0,0,0.0,0.00,0,-0.0,0.0,0.00,0,0,0.0,0.0,1,0,0,1,0,1,0,3.1,13,11,2,0,0,0,1,1,2,0,2,0,0,0,0,0,0,0,0,0,0,2.04,51,2,5,1,0,0.2,0.0,0.1,5.37,1,0,0,0,0,0,0,0,0.00,-0.1,.000,1,0,3.1,0,0,0,0,0,0,0,0,0,0,0,0,0.0,0.0
CL,Tom Gordon,Tom,Gordon,Montrose Cobblers,5' 9',180 lbs,R,R,94,Boston Red Sox,BOS,1998,1993-2004,,82695,Diamond,Hardware Heroes  CL Tom Gordon  BOS  1998,0,N,0,1,3,1,3,1,1,3,1,3,1,1,3,1,3,1,28,12,Normal,Normal,Normal,94,66,106,133,88,75,101,150,99,58,110,120,87,-,66,95,-,-,115,-,-,-,-,-,4,NEU,94-96,3/4,Normal,18,84,-,-,-,24,25,25,26,10,3,6,56,-,-,-,-,-,-,-,-,56,-,-,-,-,-,-,-,-,5,4,6,5,,,0,0,0,0,0,0,0,0,0,0,0,0,0,0,0,0,0,0.0,0.00,0,-0.0,0.0,0.00,0,0,0.0,0.0,5,0,0,0,1,1,0,6.2,23,22,2,0,0,0,1,1,1,0,4,0,0,0,0,0,0,0,2,4,0,0.96,80,4,12,0,0,0.2,0.2,0.3,3.23,5,0,2,0,2,0,0,0,2.70,0.0,.000,0,0,6.2,0,0,1,1,0,0,0,0,0,0,0,0,0.0,0.0
CL,Steve Hamilton,Steve,Hamilton,Winnipeg Golden Knights,6' 6',190 lbs,L,L,89,New York Yankees,NYY,1965,1961-1979,,83306,Gold,Snapshot  RP Steve Hamilton  NYY  1965,0,Y,5,1,5,1,6,1,1,5,1,6,1,1,5,1,6,1,31,10,Normal,Spray,Spray,94,97,86,118,100,88,84,103,92,100,87,123,99,-,94,-,-,-,-,-,-,-,-,84,3,FB,91-93,OTT,Normal,19,115,-,-,-,27,20,23,23,4,9,1,59,-,-,-,-,-,-,-,-,59,-,-,-,-,-,-,-,-,20,3,6,36,,,0,0,0,0,0,0,0,0,0,0,0,0,0,0,0,0,0,0.0,0.00,0,-0.0,0.0,0.00,0,0,0.0,0.0,6,0,0,1,0,4,1,6.1,29,27,5,1,0,1,1,1,2,0,9,0,0,0,1,0,0,0,5,0,0,2.67,138,5,5,0,0,0.4,0.2,0.5,2.40,5,0,1,1,0,0,0,0,1.42,-0.1,1.079,0,0,6.1,0,0,1,0,1,1,0,0,0,0,0,0,0.0,0.0
CL,Steve Hamilton,Steve,Hamilton,Genericsville Generics,6' 6',190 lbs,L,L,89,New York Yankees,NYY,1965,1961-1979,,83306,Gold,Snapshot  RP Steve Hamilton  NYY  1965,0,N,0,1,3,1,4,1,1,3,1,4,1,1,3,1,4,1,31,10,Normal,Spray,Spray,87,89,79,109,92,81,77,95,85,92,80,114,99,-,94,-,-,-,-,-,-,-,-,84,3,FB,91-93,OTT,Normal,19,115,-,-,-,27,20,23,23,4,9,1,55,-,-,-,-,-,-,-,-,55,-,-,-,-,-,-,-,-,20,3,6,36,,,0,0,0,0,0,0,0,0,0,0,0,0,0,0,0,0,0,0.0,0.00,0,-0.0,0.0,0.00,0,0,0.0,0.0,3,0,0,2,0,0,2,2.2,17,14,4,1,0,1,5,5,3,1,3,0,0,0,0,0,0,0,2,0,0,2.08,62,2,3,0,0,-0.7,-0.2,-0.5,5.44,3,0,0,0,0,0,0,0,0.00,0.0,.000,0,0,2.2,0,0,0,0,0,0,0,0,0,0,0,0,-0.1,0.0
CL,Steve Hamilton,Steve,Hamilton,Jeju City Foxes,6' 6',190 lbs,L,L,89,New York Yankees,NYY,1965,1961-1979,,83306,Gold,Snapshot  RP Steve Hamilton  NYY  1965,0,N,0,1,3,1,4,1,1,3,1,4,1,1,3,1,4,1,31,10,Normal,Spray,Spray,87,89,79,109,92,81,77,95,85,92,80,114,99,-,94,-,-,-,-,-,-,-,-,84,3,FB,91-93,OTT,Normal,19,115,-,-,-,27,20,23,23,4,9,1,55,-,-,-,-,-,-,-,-,55,-,-,-,-,-,-,-,-,20,3,6,36,,,0,0,0,0,0,0,0,0,0,0,0,0,0,0,0,0,0,0.0,0.00,0,-0.0,0.0,0.00,0,0,0.0,0.0,3,0,0,0,0,0,1,4.2,22,21,5,1,0,1,4,4,1,0,2,0,0,0,0,0,0,0,3,0,0,0.37,98,5,7,0,0,-0.1,-0.1,-0.1,5.24,3,0,2,2,0,0,0,0,3.86,0.1,1.079,0,0,4.2,0,0,2,2,0,0,0,0,0,0,0,0,0.0,0.0
CL,Shigetoshi Hasegawa,Shigetoshi,Hasegawa,Kansas City Torrent - JW,5' 11',160 lbs,R,R,65,Seattle Mariners,SEA,2003,1993-2004,LE,86193,Bronze,Limited Edition/73  CL Shigetoshi Hasegawa  SEA  2003,38 218,N,0,1,3,1,3,1,1,3,1,3,1,1,3,1,3,1,23,1,Normal,Pull,Pull,37,103,110,120,29,96,104,132,43,110,115,112,46,76,51,-,-,56,-,-,-,-,-,-,4,NEU,86-88,3/4,Normal,25,76,-,-,-,35,20,26,23,7,2,4,64,-,-,-,-,-,-,-,-,64,-,-,-,-,-,-,-,-,17,5,6,29,,,0,0,0,0,0,0,0,0,0,0,0,0,0,0,0,0,0,0.0,0.00,0,-0.0,0.0,0.00,0,0,0.0,0.0,2,0,0,1,0,0,1,2.1,14,13,5,0,0,0,2,2,1,0,3,0,0,0,0,0,0,0,2,0,0,1.13,62,4,0,0,0,-0.4,0.1,-0.1,4.20,2,0,2,0,2,0,0,0,7.71,0.0,.000,0,0,2.1,0,0,0,0,0,0,0,0,0,0,0,0,0.0,0.0
CL,Bill Henry,Bill,Henry,Shibuya Shredders - GH,6' 2',180 lbs,L,L,69,Cincinnati Reds,CIN,1960,1946-1960,BBR,86106,Bronze,Obscure All-Stars - Baseball Reference 5  CL Bill Henry  CIN  1960,0,N,0,1,3,1,2,1,1,2,1,2,1,2,4,1,3,2,28,1,Normal,Normal,Normal,125,87,72,68,140,85,60,60,119,88,77,70,108,-,-,-,-,-,-,-,-,125,-,-,2,EX FB,90-92,SIDE,Normal,47,56,-,-,-,35,20,26,23,2,10,7,65,-,-,-,-,-,-,-,-,65,-,-,-,-,-,-,-,-,7,5,6,9,,,0,0,0,0,0,0,0,0,0,0,0,0,0,0,0,0,0,0.0,0.00,0,-0.0,0.0,0.00,0,0,0.0,0.0,7,0,1,0,1,4,0,11.1,43,42,7,1,1,0,1,1,0,0,14,0,0,1,1,0,0,1,4,10,4,0.85,173,7,12,0,0,0.6,0.5,0.6,1.17,7,0,0,0,0,0,0,0,0.00,0.0,.000,0,0,11.1,0,0,0,0,0,0,0,0,0,0,0,0,-0.1,0.0
CL,Greg Holland,Greg,Holland,Oysters Incognito,5' 10',205 lbs,R,R,87,Colorado Rockies,COL,2017,2015+,CS,86793,Gold,Clubhouse - Baseball Reference 8  CL Greg Holland  COL  2017,0,N,0,1,3,1,3,1,1,3,1,3,1,1,3,1,3,1,23,1,Normal,Spray,Spray,126,92,155,92,147,52,161,130,109,128,150,64,104,-,90,129,-,-,-,-,-,-,-,-,3,EX FB,94-96,OTT,Normal,16,66,-,-,-,25,20,23,23,2,8,6,52,-,-,-,-,-,-,-,-,52,-,-,-,-,-,-,-,-,7,4,6,9,,,0,0,0,0,0,0,0,0,0,0,0,0,0,0,0,0,0,0.0,0.00,0,-0.0,0.0,0.00,0,0,0.0,0.0,2,0,0,2,0,0,2,1.0,6,6,2,1,0,1,2,2,0,0,1,0,0,0,0,0,0,0,2,0,0,2.78,23,0,1,0,0,-0.7,-0.2,-0.3,3.37,1,0,0,0,0,0,0,0,0.00,0.0,.000,0,0,1.0,0,0,0,0,0,0,0,0,0,0,0,0,0.0,0.0
CL,Jason Isringhausen,Jason,Isringhausen,Lowlyworm's Apple Car,6' 3',235 lbs,R,R,85,St. Louis Cardinals,STL,2004,1993-2004,,82685,Gold,Hardware Heroes  CL Jason Isringhausen  STL  2004,0,Y,5,4,5,1,5,1,4,5,1,5,1,4,5,1,5,1,24,15,Normal,Spray,Spray,93,84,121,100,100,94,118,103,87,75,124,99,58,97,76,98,-,-,84,-,-,-,-,-,5,NEU,91-93,3/4,Normal,17,115,-,-,-,35,13,24,23,6,3,6,62,-,-,-,-,-,-,-,-,62,-,-,-,-,-,-,-,-,6,4,6,7,,,0,0,0,0,0,0,0,0,0,0,0,0,0,0,0,0,0,0.0,0.00,0,-0.0,0.0,0.00,0,0,0.0,0.0,3,0,1,0,0,2,0,3.0,11,11,2,0,0,0,0,0,0,0,2,0,0,0,0,0,0,0,3,0,0,1.75,42,3,4,0,0,0.3,0.1,0.2,3.26,3,0,0,0,0,0,0,0,0.00,0.0,.000,0,0,3.0,0,0,0,0,0,0,0,0,0,0,0,0,0.0,0.0
CL,Jeremy Jeffress,Jeremy,Jeffress,Houston Swangas,6' 0',205 lbs,R,R,98,Milwaukee Brewers,MIL,2018,2015+,LE,86159,Diamond,Limited Edition/49  RP Jeremy Jeffress  MIL  2018,0,N,0,1,3,1,3,1,1,4,1,3,2,1,3,1,3,1,26,1,Normal,Normal,Normal,134,70,133,115,116,66,135,153,148,74,132,95,125,-,131,-,118,79,-,-,-,-,-,-,4,NEU,95-97,3/4,Normal,14,68,-,-,-,26,20,23,23,2,6,6,53,-,-,-,-,-,-,-,-,53,-,-,-,-,-,-,-,-,10,4,6,15,,,0,0,0,0,0,0,0,0,0,0,0,0,0,0,0,0,0,0.0,0.00,0,-0.0,0.0,0.00,0,0,0.0,0.0,4,0,0,0,0,3,0,6.1,27,25,5,1,0,0,0,0,2,0,6,0,0,0,0,0,0,0,2,0,0,2.53,112,8,5,0,0,0.8,0.3,0.7,3.68,4,0,2,1,1,0,0,0,2.84,0.1,1.079,0,0,6.1,0,0,0,0,1,1,0,0,0,0,0,0,0.0,0.0
CL,Randy Jones,Randy,Jones,Looking Glass Loopers TBD,6' 0',180 lbs,R,L,83,San Diego Padres,SDP,1976,1961-1979,,86280,Gold,T4 Ep. 4 - Historical All-Star  SP Randy Jones  SD  1976,0,N,0,1,27,4,42,19,1,37,4,45,15,1,22,4,41,21,73,6,Normal,Normal,Normal,39,147,152,108,60,138,170,68,32,150,146,130,42,-,50,51,67,-,-,-,-,-,-,-,4,EX GB,88-90,3/4,GB'er,95,66,-,-,-,35,41,34,27,4,10,8,82,-,-,-,-,-,-,-,-,82,-,-,-,-,-,-,-,-,5,5,6,5,,,0,0,0,0,0,0,0,0,0,0,0,0,0,0,0,0,0,0.0,0.00,0,-0.0,0.0,0.00,0,0,0.0,0.0,1,0,0,1,0,0,1,0.0,2,2,0,1,0,1,2,2,0,0,0,0,0,0,0,0,0,0,1,0,0,3.95,11,0,0,0,0,-0.8,0.0,0.0,6.14,0,0,0,0,0,0,0,0,0.00,0.0,.000,0,0,0.0,0,0,0,0,0,0,0,0,0,0,0,0,0.0,0.0
CL,Corey Knebel,Corey,Knebel,Chicago Rat Finks - HotL,6' 3',225 lbs,R,R,86,Milwaukee Brewers,MIL,2017,2015+,BBR,86428,Gold,Baseball Reference 7  CL Corey Knebel  MIL  2017,0,Y,1,1,4,1,4,1,1,5,1,4,3,1,4,1,4,1,21,1,Normal,Normal,Normal,161,46,96,130,150,39,147,150,169,52,66,119,133,-,-,130,-,-,-,-,-,-,131,-,3,EX FB,95-97,3/4,Normal,17,46,-,-,-,27,20,23,23,2,4,8,56,-,-,-,-,-,-,-,-,56,-,-,-,-,-,-,-,-,5,5,6,5,,,0,0,0,0,0,0,0,0,0,0,0,0,0,0,0,0,0,0.0,0.00,0,-0.0,0.0,0.00,0,0,0.0,0.0,2,0,1,0,0,1,1,3.1,15,12,2,0,0,0,1,1,2,0,6,0,0,1,0,0,0,0,1,2,0,3.34,74,2,2,0,0,0.1,0.3,0.2,2.10,2,0,0,0,0,0,0,0,0.00,0.0,.000,0,0,3.1,0,0,0,0,0,0,0,0,0,0,0,0,0.0,0.0
CL,Corey Knebel,Corey,Knebel,Normal Night Owls - HotL,6' 3',225 lbs,R,R,86,Milwaukee Brewers,MIL,2017,2015+,BBR,86428,Gold,Baseball Reference 7  CL Corey Knebel  MIL  2017,0,Y,5,1,5,1,5,1,1,6,1,5,4,1,5,1,5,1,21,1,Normal,Normal,Normal,170,49,102,137,158,42,155,158,178,55,70,126,133,-,-,130,-,-,-,-,-,-,131,-,3,EX FB,95-97,3/4,Normal,17,46,-,-,-,27,20,23,23,2,4,8,59,-,-,-,-,-,-,-,-,59,-,-,-,-,-,-,-,-,5,5,6,5,,,0,0,0,0,0,0,0,0,0,0,0,0,0,0,0,0,0,0.0,0.00,0,-0.0,0.0,0.00,0,0,0.0,0.0,2,0,1,0,0,0,1,3.2,15,14,1,1,0,1,2,2,1,0,5,0,0,0,0,0,0,0,1,0,0,2.05,57,2,4,0,0,-0.2,-0.0,0.0,1.82,2,0,0,0,0,0,0,0,0.00,0.0,.000,0,0,3.2,0,0,0,0,0,0,0,0,0,0,0,0,0.0,0.0
CL,Brad Lidge,Brad,Lidge,Toronto Terns PCK,6' 5',200 lbs,R,R,96,Houston Astros,HOU,2004,1993-2004,BBR,86786,Diamond,September Stars - Baseball Reference 8  CL Brad Lidge  HOU  2004,0,N,0,1,3,1,3,1,1,4,1,3,1,1,3,1,3,1,30,1,Normal,Normal,Normal,186,84,77,90,170,90,75,101,200,79,79,83,141,120,-,139,-,-,-,-,-,-,-,-,3,EX FB,95-97,3/4,Normal,20,59,-,-,-,24,20,22,23,7,6,3,51,-,-,-,-,-,-,-,-,51,-,-,-,-,-,-,-,-,7,5,6,9,,,0,0,0,0,0,0,0,0,0,0,0,0,0,0,0,0,0,0.0,0.00,0,-0.0,0.0,0.00,0,0,0.0,0.0,2,0,0,0,0,0,1,3.0,14,12,1,2,0,1,3,3,1,0,5,0,0,1,0,0,0,0,2,0,0,0.49,48,2,2,0,0,-0.1,-0.0,-0.1,1.87,2,0,0,0,0,0,0,0,0.00,0.0,.000,0,0,3.0,0,0,0,0,0,0,0,0,0,0,0,0,-0.1,0.0
CL,Brad Lidge,Brad,Lidge,Shibuya Shredders - GH,6' 5',200 lbs,R,R,96,Houston Astros,HOU,2004,1993-2004,BBR,86786,Diamond,September Stars - Baseball Reference 8  CL Brad Lidge  HOU  2004,0,N,0,1,3,1,3,1,1,4,1,3,1,1,3,1,3,1,30,1,Normal,Normal,Normal,186,84,77,90,170,90,75,101,200,79,79,83,141,120,-,139,-,-,-,-,-,-,-,-,3,EX FB,95-97,3/4,Normal,20,59,-,-,-,24,20,22,23,7,6,3,51,-,-,-,-,-,-,-,-,51,-,-,-,-,-,-,-,-,7,5,6,9,,,0,0,0,0,0,0,0,0,0,0,0,0,0,0,0,0,0,0.0,0.00,0,-0.0,0.0,0.00,0,0,0.0,0.0,7,0,1,1,0,3,1,9.2,44,39,7,0,1,2,5,5,4,0,15,0,0,1,0,0,0,0,5,0,0,1.43,172,3,11,0,0,0.2,0.1,0.0,1.86,7,0,0,0,0,0,0,0,0.00,0.0,.000,0,0,9.2,0,0,0,0,0,0,0,0,0,0,0,0,-0.3,0.0
CL,Gary Lucas,Gary,Lucas,Orlando Heatstrokes,6' 5',200 lbs,L,L,86,California Angels,ANA,1986,1980-1992,,85847,Gold,T4 Ep. 3 - Snapshot  RP Gary Lucas  CAL  1986,0,N,0,1,3,1,3,1,1,3,1,3,1,1,3,1,3,2,30,1,Normal,Normal,Normal,74,149,62,132,64,140,39,122,78,152,66,135,78,-,-,80,90,-,-,-,-,-,-,-,3,NEU,90-92,3/4,Finesse,24,61,-,-,-,35,20,26,23,4,1,9,65,-,-,-,-,-,-,-,-,65,-,-,-,-,-,-,-,-,10,4,6,16,,,0,0,0,0,0,0,0,0,0,0,0,0,0,0,0,0,0,0.0,0.00,0,-0.0,0.0,0.00,0,0,0.0,0.0,2,0,0,0,0,1,0,4.0,14,13,2,0,0,0,0,0,1,0,1,0,0,0,0,0,0,2,1,0,0,2.34,49,5,4,0,0,0.4,0.1,0.4,5.71,2,0,0,0,0,0,0,0,0.00,0.0,.000,0,0,4.0,0,0,0,0,0,0,0,0,0,0,0,0,0.0,0.0
CL,Carlos Marmol,Carlos,Marmol,Kansas City Torrent - JW,6' 1',235 lbs,R,R,83,Chicago Cubs,CHC,2010,2005-2014,,86806,Gold,T4 Ep. 9 - Baseball Reference 8  CL Carlos Marmol  CHC  2010,6 473,N,0,1,3,1,3,1,1,3,1,3,1,1,3,1,3,1,28,1,Normal,Spray,Spray,196,22,115,156,220,18,122,133,176,26,109,175,121,-,-,146,-,-,-,-,-,-,-,-,2,EX FB,93-95,OTT,Normal,17,53,-,-,-,35,20,26,23,2,8,4,64,-,-,-,-,-,-,-,-,64,-,-,-,-,-,-,-,-,9,5,6,13,,,0,0,0,0,0,0,0,0,0,0,0,0,0,0,0,0,0,0.0,0.00,0,-0.0,0.0,0.00,0,0,0.0,0.0,2,0,1,0,1,1,1,2.2,12,10,0,2,0,0,1,1,2,0,4,0,0,0,0,0,0,0,0,3,0,2.07,55,0,4,0,0,-0.0,0.1,0.1,2.28,2,0,0,0,0,0,0,0,0.00,0.0,.000,0,0,2.2,0,0,0,0,0,0,0,0,0,0,0,0,0.0,0.0
CL,Carlos Marmol,Carlos,Marmol,False Hustle,6' 1',235 lbs,R,R,83,Chicago Cubs,CHC,2010,2005-2014,,86806,Gold,T4 Ep. 9 - Baseball Reference 8  CL Carlos Marmol  CHC  2010,0,N,0,1,3,1,3,1,1,3,1,3,1,1,3,1,3,1,28,1,Normal,Spray,Spray,196,22,115,156,220,18,122,133,176,26,109,175,121,-,-,146,-,-,-,-,-,-,-,-,2,EX FB,93-95,OTT,Normal,17,53,-,-,-,35,20,26,23,2,8,4,64,-,-,-,-,-,-,-,-,64,-,-,-,-,-,-,-,-,9,5,6,13,,,0,0,0,0,0,0,0,0,0,0,0,0,0,0,0,0,0,0.0,0.00,0,-0.0,0.0,0.00,0,0,0.0,0.0,1,0,0,1,0,0,1,1.0,7,4,1,0,0,0,3,3,3,0,0,0,0,0,0,0,0,0,0,1,1,2.40,30,1,2,0,0,-0.2,-0.1,-0.3,11.49,1,0,0,0,0,0,0,0,0.00,0.0,.000,0,0,1.0,0,0,0,0,0,0,0,0,0,0,0,0,0.0,0.0
CL,Carlos Marmol,Carlos,Marmol,Castroville Mashers - JW,6' 1',235 lbs,R,R,83,Chicago Cubs,CHC,2010,2005-2014,,86806,Gold,T4 Ep. 9 - Baseball Reference 8  CL Carlos Marmol  CHC  2010,0,N,0,1,3,1,3,1,1,3,1,3,1,1,3,1,3,1,28,1,Normal,Spray,Spray,196,22,115,156,220,18,122,133,176,26,109,175,121,-,-,146,-,-,-,-,-,-,-,-,2,EX FB,93-95,OTT,Normal,17,53,-,-,-,35,20,26,23,2,8,4,64,-,-,-,-,-,-,-,-,64,-,-,-,-,-,-,-,-,9,5,6,13,,,0,0,0,0,0,0,0,0,0,0,0,0,0,0,0,0,0,0.0,0.00,0,-0.0,0.0,0.00,0,0,0.0,0.0,1,0,0,0,0,0,0,1.0,8,6,1,0,1,0,3,1,2,0,1,0,0,0,1,0,0,0,0,1,1,0.41,25,1,1,0,0,-0.0,-0.0,-0.2,7.00,1,0,1,1,0,0,0,0,9.00,0.1,1.079,0,0,1.0,0,0,1,1,0,0,0,0,0,0,0,0,0.0,0.0
CL,Andrew Miller,Andrew,Miller,seebal Saeki,6' 7',200 lbs,L,L,99,Cleveland Guardians,CLE,2016,2015+,BBR,86362,Diamond,Trade Deadliners - Baseball Reference 6  RP Andrew Miller  CLE  2016,0,N,0,1,3,1,3,1,1,3,1,3,1,1,4,1,3,2,21,1,Normal,Normal,Normal,142,115,122,88,140,132,124,62,143,110,122,95,130,-,-,125,103,-,-,-,-,-,-,-,3,EX GB,95-97,3/4,GB'er,13,79,-,-,-,23,20,22,23,2,5,6,50,-,-,-,-,-,-,-,-,50,-,-,-,-,-,-,-,-,5,4,6,5,,,0,0,0,0,0,0,0,0,0,0,0,0,0,0,0,0,0,0.0,0.00,0,-0.0,0.0,0.00,0,0,0.0,0.0,2,0,0,0,0,1,0,2.0,8,8,2,0,0,0,0,0,0,0,3,0,0,0,0,0,0,0,2,0,0,0.98,26,1,2,0,0,0.1,0.1,0.1,0.50,2,0,0,0,0,0,0,0,0.00,-0.2,.000,0,0,2.0,0,0,1,0,0,0,0,0,0,0,0,0,0.0,0.0
CL,Andrew Miller,Andrew,Miller,Sydney Whalers,6' 7',200 lbs,L,L,99,Cleveland Guardians,CLE,2016,2015+,BBR,86362,Diamond,Trade Deadliners - Baseball Reference 6  RP Andrew Miller  CLE  2016,0,N,0,1,3,1,3,1,1,3,1,3,1,1,4,1,3,2,21,1,Normal,Normal,Normal,142,115,122,88,140,132,124,62,143,110,122,95,130,-,-,125,103,-,-,-,-,-,-,-,3,EX GB,95-97,3/4,GB'er,13,79,-,-,-,23,20,22,23,2,5,6,50,-,-,-,-,-,-,-,-,50,-,-,-,-,-,-,-,-,5,4,6,5,,,0,0,0,0,0,0,0,0,0,0,0,0,0,0,0,0,0,0.0,0.00,0,-0.0,0.0,0.00,0,0,0.0,0.0,1,0,0,1,0,0,1,2.0,7,7,1,0,0,1,1,1,0,0,1,0,0,0,0,0,0,1,1,0,0,1.81,19,1,3,0,0,-0.2,-0.1,0.0,3.45,1,0,0,0,0,0,0,0,0.00,0.0,.000,0,0,2.0,0,0,0,0,0,0,0,0,0,0,0,0,0.0,0.0
CL,Andrew Miller,Andrew,Miller,Gastonia Peaches,6' 7',200 lbs,L,L,99,Cleveland Guardians,CLE,2016,2015+,BBR,86362,Diamond,Trade Deadliners - Baseball Reference 6  RP Andrew Miller  CLE  2016,0,N,0,1,3,1,3,1,1,3,1,3,1,1,4,1,3,2,21,1,Normal,Normal,Normal,142,115,122,88,140,132,124,62,143,110,122,95,130,-,-,125,103,-,-,-,-,-,-,-,3,EX GB,95-97,3/4,GB'er,13,79,-,-,-,23,20,22,23,2,5,6,50,-,-,-,-,-,-,-,-,50,-,-,-,-,-,-,-,-,5,4,6,5,,,0,0,0,0,0,0,0,0,0,0,0,0,0,0,0,0,0,0.0,0.00,0,-0.0,0.0,0.00,0,0,0.0,0.0,4,0,0,1,0,2,1,5.2,26,23,5,1,0,1,3,3,2,1,5,0,1,0,0,0,0,0,3,1,0,2.18,103,6,6,0,0,0.2,0.0,0.0,4.04,4,0,2,2,0,0,0,0,3.18,0.1,1.079,0,0,5.2,0,0,2,2,0,0,0,0,0,0,0,0,-0.4,0.0
CL,Andrew Miller,Andrew,Miller,Grand Rapids Warriors,6' 7',200 lbs,L,L,99,Cleveland Guardians,CLE,2016,2015+,BBR,86362,Diamond,Trade Deadliners - Baseball Reference 6  RP Andrew Miller  CLE  2016,0,N,0,1,3,1,3,1,1,3,1,3,1,1,4,1,3,2,21,1,Normal,Normal,Normal,142,115,122,88,140,132,124,62,143,110,122,95,130,-,-,125,103,-,-,-,-,-,-,-,3,EX GB,95-97,3/4,GB'er,13,79,-,-,-,23,20,22,23,2,5,6,50,-,-,-,-,-,-,-,-,50,-,-,-,-,-,-,-,-,5,4,6,5,,,0,0,0,0,0,0,0,0,0,0,0,0,0,0,0,0,0,0.0,0.00,0,-0.0,0.0,0.00,0,0,0.0,0.0,2,0,1,0,0,0,1,2.0,10,9,3,0,0,0,2,1,0,0,2,1,0,0,0,0,0,1,2,0,0,0.89,32,1,2,0,0,-0.1,0.0,-0.1,2.97,2,0,1,0,0,1,0,0,0.00,-0.4,.000,0,0,2.0,0,0,0,0,1,0,0,0,0,0,0,0,0.0,0.0
CL,Jason Motte,Jason,Motte,Shibuya Shredders - GH,6' 0',205 lbs,R,R,78,St. Louis Cardinals,STL,2012,2005-2014,,86788,Silver,T4 Ep. 9 - Baseball Reference 8  CL Jason Motte  STL  2012,0,N,0,1,3,1,3,1,1,4,1,3,2,1,3,1,3,1,28,1,Normal,Pull,Pull,134,107,92,87,141,88,140,121,128,128,62,62,132,-,-,-,113,-,118,-,-,-,-,-,3,FB,97-99,3/4,Normal,15,60,-,-,-,35,20,26,23,10,6,6,65,-,-,-,-,-,-,-,-,65,-,-,-,-,-,-,-,-,5,5,6,5,,,0,0,0,0,0,0,0,0,0,0,0,0,0,0,0,0,0,0.0,0.00,0,-0.0,0.0,0.00,0,0,0.0,0.0,7,0,1,1,2,1,1,7.2,33,32,9,1,0,1,2,2,1,0,7,0,0,0,0,0,0,1,3,0,0,1.79,122,7,7,0,0,-0.1,0.1,0.3,3.23,7,0,2,0,2,0,0,0,2.35,0.0,.000,0,0,7.2,0,0,1,1,0,0,0,0,0,0,0,0,-0.1,0.0
CL,Evan Phillips,Evan,Phillips,Three Mile Island Atomic Isotopes,6' 2',215 lbs,R,R,98,Los Angeles Dodgers,LAD,2022,2015+,,82824,Diamond,Unsung Heroes  RP Evan Phillips  LAD  2022,0,N,0,1,3,1,3,1,1,3,1,3,1,1,3,1,3,1,27,40,Normal,Pull,Pull,107,93,104,108,95,110,99,115,119,82,109,104,95,-,-,75,-,-,129,-,-,-,-,-,3,NEU,96-98,3/4,Normal,10,72,-,-,-,27,50,33,23,6,8,3,81,-,-,-,-,-,-,-,-,81,-,-,-,-,-,-,-,-,5,3,6,6,,,0,0,0,0,0,0,0,0,0,0,0,0,0,0,0,0,0,0.0,0.00,0,-0.0,0.0,0.00,0,0,0.0,0.0,1,0,0,0,0,0,0,1.0,3,2,0,0,0,0,0,0,1,0,0,0,0,0,0,0,0,1,1,0,0,0.87,11,2,0,0,0,0.0,-0.0,0.1,10.53,1,0,0,0,0,0,0,0,0.00,0.0,.000,0,0,1.0,0,0,0,0,0,0,0,0,0,0,0,0,0.0,0.0
CL,Evan Phillips,Evan,Phillips,Great Lakes Man-of-War-HOTL,6' 2',215 lbs,R,R,98,Los Angeles Dodgers,LAD,2022,2015+,,82824,Diamond,Unsung Heroes  RP Evan Phillips  LAD  2022,0,Y,5,1,5,1,5,1,1,5,1,5,1,1,5,1,5,1,27,40,Normal,Pull,Pull,116,101,113,117,103,119,107,124,128,89,118,113,95,-,-,75,-,-,129,-,-,-,-,-,3,NEU,96-98,3/4,Normal,10,72,-,-,-,27,50,33,23,6,8,3,87,-,-,-,-,-,-,-,-,87,-,-,-,-,-,-,-,-,5,3,6,6,,,0,0,0,0,0,0,0,0,0,0,0,0,0,0,0,0,0,0.0,0.00,0,-0.0,0.0,0.00,0,0,0.0,0.0,2,0,0,0,0,2,0,2.0,6,6,0,0,0,0,0,0,0,0,2,0,0,0,0,0,0,0,2,0,0,2.48,23,0,4,0,0,0.4,0.1,0.2,-2.64,2,0,0,0,0,0,0,0,0.00,0.0,.000,0,0,2.0,0,0,0,0,0,0,0,0,0,0,0,0,0.0,0.0
CL,Drew Pomeranz,Drew,Pomeranz,Chicago Seals,6' 6',240 lbs,R,L,86,Milwaukee Brewers,MIL,2019,2015+,CS,86390,Gold,Clubhouse - Baseball Reference 6  RP Drew Pomeranz  MIL  2019,0,N,0,1,3,1,3,1,1,3,1,3,1,1,3,1,3,1,22,1,Normal,Normal,Normal,160,83,88,99,170,175,99,70,157,55,85,112,112,-,-,-,-,-,-,-,-,-,139,-,2,FB,90-92,3/4,Normal,34,51,-,-,-,27,20,23,23,9,8,2,55,-,-,-,-,-,-,-,-,55,-,-,-,-,-,-,-,-,8,5,6,11,,,0,0,0,0,0,0,0,0,0,0,0,0,0,0,0,0,0,0.0,0.00,0,-0.0,0.0,0.00,0,0,0.0,0.0,3,0,0,0,0,2,0,5.2,20,19,3,0,0,0,0,0,1,0,3,0,0,0,0,0,0,1,2,1,0,1.78,70,8,5,0,0,0.7,0.2,0.5,4.40,3,0,1,1,0,0,0,0,1.59,0.3,.000,0,0,5.2,0,0,1,1,0,0,0,0,0,0,0,0,0.1,0.0
CL,Dan Quisenberry,Dan,Quisenberry,Texas Briskets,6' 2',180 lbs,R,R,84,Kansas City Royals,KCR,1981,1980-1992,,83279,Gold,T4 Ep. 3 - Snapshot  CL Dan Quisenberry  KC  1981,0,N,0,1,3,1,3,1,1,3,1,3,1,1,3,1,3,1,28,10,Normal,Normal,Normal,36,114,87,163,28,81,58,160,41,150,110,166,-,-,-,-,73,-,-,-,-,-,55,-,2,EX GB,83-85,SUB,GB'er,62,66,-,-,-,35,31,34,37,9,2,9,77,-,-,-,-,-,-,-,-,77,-,-,-,-,-,-,-,-,5,3,6,5,,,0,0,0,0,0,0,0,0,0,0,0,0,0,0,0,0,0,0.0,0.00,0,-0.0,0.0,0.00,0,0,0.0,0.0,1,0,1,0,0,1,0,5.0,17,17,1,1,0,0,0,0,0,0,2,0,0,0,1,0,0,0,1,0,0,2.23,55,8,5,0,0,0.7,0.2,0.5,4.34,1,0,3,1,2,0,0,0,5.40,0.1,1.079,0,0,5.0,0,0,1,1,0,0,0,0,0,0,0,0,0.0,0.0
CL,Dave Righetti,Dave,Righetti,Watertown Sword Guys TBD,6' 3',200 lbs,L,L,85,New York Yankees,NYA,1986,1980-1992,CS,85870,Gold,Clubhouse - Historical All-Star  CL Dave Righetti  NYY  1986,0,N,0,1,3,1,3,1,1,3,1,3,1,2,3,1,3,1,28,1,Normal,Normal,Normal,98,90,103,133,99,79,52,127,97,94,125,135,92,-,-,95,-,-,-,-,-,-,-,-,2,NEU,89-91,3/4,Normal,49,68,-,-,-,27,20,23,23,2,4,2,54,-,-,-,-,-,-,-,-,54,-,-,-,-,-,-,-,-,9,4,6,14,,,0,0,0,0,0,0,0,0,0,0,0,0,0,0,0,0,0,0.0,0.00,0,-0.0,0.0,0.00,0,0,0.0,0.0,2,0,0,0,1,1,0,5.0,20,18,3,0,0,1,1,1,2,0,3,0,0,0,0,0,0,1,1,3,1,0.95,76,7,4,0,0,0.3,-0.1,0.2,4.93,2,0,1,0,1,0,0,0,1.80,0.0,.000,0,0,5.0,0,0,0,0,0,0,0,0,0,0,0,0,0.0,0.0
CL,Francisco Rodriguez,Francisco,Rodriguez,Watertown Sword Guys TBD,6' 0',195 lbs,R,R,52,New York Mets,NYM,2009,2005-2014,,86722,Iron,Studs & Duds - Historical All-Star  CL Francisco Rodriguez  NYM  2009,0,Y,5,1,5,1,5,1,1,5,1,5,1,1,5,1,5,1,22,1,Normal,Spray,Spray,100,54,105,102,110,76,114,134,91,18,101,75,88,119,106,-,-,-,-,-,-,-,-,-,3,EX FB,90-92,3/4,Normal,17,54,-,-,-,22,20,21,23,7,7,3,52,-,-,-,-,-,-,-,-,52,-,-,-,-,-,-,-,-,17,4,6,29,,,0,0,0,0,0,0,0,0,0,0,0,0,0,0,0,0,0,0.0,0.00,0,-0.0,0.0,0.00,0,0,0.0,0.0,1,0,0,0,0,0,0,1.0,4,4,1,0,0,0,0,0,0,0,1,0,0,0,0,0,0,0,1,1,0,0.10,16,1,1,0,0,0.0,0.0,0.1,2.38,1,0,1,0,1,0,0,0,9.00,0.0,.000,0,0,1.0,0,0,1,1,0,0,0,0,0,0,0,0,0.0,0.0
CL,Joe Sambito,Joe,Sambito,Ogden Raptors - HotL,6' 1',190 lbs,L,L,98,Houston Astros,HOU,1980,1980-1992,,84075,Diamond,Heart Attack - Snapshot  RP Joe Sambito  HOU  1980,0,N,0,18,41,4,63,18,18,40,4,62,17,18,42,5,64,19,21,4,Normal,Spray,Spray,123,95,102,118,144,94,42,140,116,96,125,115,86,126,-,115,94,-,-,-,-,-,-,-,4,FB,91-93,3/4,Normal,24,115,-,-,-,35,20,26,23,4,3,8,65,-,-,-,-,-,-,-,-,65,-,-,-,-,-,-,-,-,16,4,6,28,,,0,0,0,0,0,0,0,0,0,0,0,0,0,0,0,0,0,0.0,0.00,0,-0.0,0.0,0.00,0,0,0.0,0.0,5,0,1,1,0,2,1,6.2,25,24,3,1,0,0,3,3,1,0,11,0,0,0,0,0,0,0,3,0,0,1.74,96,1,8,0,0,0.1,0.5,0.1,-0.58,5,0,0,0,0,0,0,0,0.00,0.0,.000,0,0,6.2,0,0,0,0,0,0,0,0,0,0,0,0,0.0,0.0
CL,Joe Sambito,Joe,Sambito,Camjaveratyn O-Forge,6' 1',190 lbs,L,L,98,Houston Astros,HOU,1980,1980-1992,,84075,Diamond,Heart Attack - Snapshot  RP Joe Sambito  HOU  1980,0,N,0,18,41,4,63,18,18,40,4,62,17,18,42,5,64,19,21,4,Normal,Spray,Spray,123,95,102,118,144,94,42,140,116,96,125,115,86,126,-,115,94,-,-,-,-,-,-,-,4,FB,91-93,3/4,Normal,24,115,-,-,-,35,20,26,23,4,3,8,65,-,-,-,-,-,-,-,-,65,-,-,-,-,-,-,-,-,16,4,6,28,,,0,0,0,0,0,0,0,0,0,0,0,0,0,0,0,0,0,0.0,0.00,0,-0.0,0.0,0.00,0,0,0.0,0.0,1,0,0,0,0,0,0,1.0,3,3,0,0,0,0,0,0,0,0,0,0,0,0,0,0,0,0,1,0,0,0.50,9,1,2,0,0,0.0,0.0,0.1,6.02,1,0,0,0,0,0,0,0,0.00,0.0,.000,0,0,1.0,0,0,0,0,0,0,0,0,0,0,0,0,0.0,0.0
CL,Joe Sambito,Joe,Sambito,Freedom Grabbers - HotL,6' 1',190 lbs,L,L,98,Houston Astros,HOU,1980,1980-1992,,84075,Diamond,Heart Attack - Snapshot  RP Joe Sambito  HOU  1980,0,Y,5,21,46,6,69,21,21,45,6,68,20,21,47,7,70,22,21,4,Normal,Spray,Spray,133,103,110,127,155,102,47,151,125,104,135,124,86,126,-,115,94,-,-,-,-,-,-,-,4,FB,91-93,3/4,Normal,24,115,-,-,-,35,20,26,23,4,3,8,70,-,-,-,-,-,-,-,-,70,-,-,-,-,-,-,-,-,16,4,6,28,,,0,0,0,0,0,0,0,0,0,0,0,0,0,0,0,0,0,0.0,0.00,0,-0.0,0.0,0.00,0,0,0.0,0.0,6,0,2,0,0,4,1,8.0,29,27,4,0,0,0,1,1,2,0,5,0,0,0,0,0,0,0,6,0,0,2.30,111,9,9,0,0,0.7,0.3,0.6,4.23,6,0,1,1,0,0,0,0,1.12,0.1,1.079,0,0,8.0,0,0,1,1,0,0,0,0,0,0,0,0,0.0,0.0
CL,Joe Sambito,Joe,Sambito,Herky Hyenas,6' 1',190 lbs,L,L,98,Houston Astros,HOU,1980,1980-1992,,84075,Diamond,Heart Attack - Snapshot  RP Joe Sambito  HOU  1980,0,N,0,18,41,4,63,18,18,40,4,62,17,18,42,5,64,19,21,4,Normal,Spray,Spray,123,95,102,118,144,94,42,140,116,96,125,115,86,126,-,115,94,-,-,-,-,-,-,-,4,FB,91-93,3/4,Normal,24,115,-,-,-,35,20,26,23,4,3,8,65,-,-,-,-,-,-,-,-,65,-,-,-,-,-,-,-,-,16,4,6,28,,,0,0,0,0,0,0,0,0,0,0,0,0,0,0,0,0,0,0.0,0.00,0,-0.0,0.0,0.00,0,0,0.0,0.0,5,0,1,1,0,2,2,7.0,31,27,6,1,0,0,2,2,4,1,8,0,0,0,1,0,0,0,4,2,0,2.74,132,4,8,0,1,0.0,0.4,0.4,3.62,5,0,0,0,0,0,0,0,0.00,0.3,.000,1,1,7.0,0,0,0,0,0,0,0,0,0,0,0,0,0.0,0.0
CL,Joe Sambito,Joe,Sambito,Sixes Tornadoes,6' 1',190 lbs,L,L,98,Houston Astros,HOU,1980,1980-1992,,84075,Diamond,Heart Attack - Snapshot  RP Joe Sambito  HOU  1980,0,Y,5,21,46,6,69,21,21,45,6,68,20,21,47,7,70,22,21,4,Normal,Spray,Spray,133,103,110,127,155,102,47,151,125,104,135,124,86,126,-,115,94,-,-,-,-,-,-,-,4,FB,91-93,3/4,Normal,24,115,-,-,-,35,20,26,23,4,3,8,70,-,-,-,-,-,-,-,-,70,-,-,-,-,-,-,-,-,16,4,6,28,,,0,0,0,0,0,0,0,0,0,0,0,0,0,0,0,0,0,0.0,0.00,0,-0.0,0.0,0.00,0,0,0.0,0.0,1,0,0,1,0,0,1,1.2,10,8,0,1,0,2,2,2,2,0,3,0,0,0,0,0,0,0,0,0,0,2.49,54,0,2,0,0,-0.3,-0.4,-0.2,3.73,1,0,0,0,0,0,0,0,0.00,0.0,.000,0,0,1.2,0,0,0,0,0,0,0,0,0,0,0,0,0.0,0.0
CL,Joe Sambito,Joe,Sambito,Waltham River Otters,6' 1',190 lbs,L,L,98,Houston Astros,HOU,1980,1980-1992,,84075,Diamond,Heart Attack - Snapshot  RP Joe Sambito  HOU  1980,0,N,0,18,41,4,63,18,18,40,4,62,17,18,42,5,64,19,21,4,Normal,Spray,Spray,123,95,102,118,144,94,42,140,116,96,125,115,86,126,-,115,94,-,-,-,-,-,-,-,4,FB,91-93,3/4,Normal,24,115,-,-,-,35,20,26,23,4,3,8,65,-,-,-,-,-,-,-,-,65,-,-,-,-,-,-,-,-,16,4,6,28,,,0,0,0,0,0,0,0,0,0,0,0,0,0,0,0,0,0,0.0,0.00,0,-0.0,0.0,0.00,0,0,0.0,0.0,7,0,0,3,0,2,2,8.1,40,34,11,0,0,0,4,4,4,2,7,0,1,1,0,0,0,0,5,0,0,2.39,141,6,12,0,0,-0.3,0.4,0.1,4.49,7,0,1,1,0,0,0,0,1.08,-0.1,1.079,0,0,8.1,0,0,1,1,1,0,0,0,0,0,0,0,-0.1,0.0
CL,Kazuhiro Sasaki,Kazuhiro,Sasaki,Rajasthan Rifles Rifles,6' 4',210 lbs,R,R,93,Seattle Mariners,SEA,2001,1993-2004,BBR,84813,Diamond,Baseball Reference 1  CL Kazuhiro Sasaki  SEA  2001,0,Y,5,1,5,1,5,1,1,5,1,5,1,1,5,1,5,1,25,18,Normal,Normal,Normal,97,128,135,90,111,128,120,82,86,130,148,102,81,-,115,-,-,75,-,-,-,-,-,-,3,FB,90-92,3/4,Normal,17,61,-,-,-,27,20,23,23,9,2,10,59,-,-,-,-,-,-,-,-,59,-,-,-,-,-,-,-,-,5,4,6,6,,,0,0,0,0,0,0,0,0,0,0,0,0,0,0,0,0,0,0.0,0.00,0,-0.0,0.0,0.00,0,0,0.0,0.0,1,0,0,0,0,1,0,2.1,9,9,1,1,0,0,0,0,0,0,2,0,0,0,0,0,0,0,0,0,0,2.17,35,2,3,0,0,0.3,0.1,0.2,2.62,1,0,2,0,2,0,0,0,7.71,0.0,.000,0,0,2.1,0,0,1,1,0,0,0,0,0,0,0,0,0.0,0.0
CL,Kazuhiro Sasaki,Kazuhiro,Sasaki,Numenor Faithful,6' 4',210 lbs,R,R,93,Seattle Mariners,SEA,2001,1993-2004,BBR,84813,Diamond,Baseball Reference 1  CL Kazuhiro Sasaki  SEA  2001,0,N,0,1,3,1,3,1,1,3,1,3,1,1,3,1,3,1,25,18,Normal,Normal,Normal,89,119,125,83,103,119,111,75,79,120,137,94,81,-,115,-,-,75,-,-,-,-,-,-,3,FB,90-92,3/4,Normal,17,61,-,-,-,27,20,23,23,9,2,10,55,-,-,-,-,-,-,-,-,55,-,-,-,-,-,-,-,-,5,4,6,6,,,0,0,0,0,0,0,0,0,0,0,0,0,0,0,0,0,0,0.0,0.00,0,-0.0,0.0,0.00,0,0,0.0,0.0,1,0,0,1,0,0,1,2.0,8,8,0,0,1,1,1,1,0,0,1,0,0,0,0,0,0,0,1,0,0,0.92,28,5,0,0,0,-0.2,-0.1,0.0,6.37,1,0,1,1,0,0,0,0,4.50,0.1,1.079,0,0,2.0,0,0,1,1,0,0,0,0,0,0,0,0,0.0,0.0
CL,John Smoltz,John,Smoltz,Montrose Cobblers,6' 3',220 lbs,R,R,97,Atlanta Braves,ATL,2002,1993-2004,HOF,85468,Diamond,May Birthdays - Hall of Fame  CL John Smoltz  ATL  2002,0,N,0,13,37,6,35,17,10,50,10,33,28,14,33,5,36,14,25,47,Normal,Spray,Spray,91,84,100,111,93,92,84,129,88,77,121,97,102,85,80,95,71,67,-,-,75,-,-,-,7,NEU,93-95,3/4,Normal,18,70,-,-,-,26,30,27,25,4,9,8,64,-,-,-,-,-,-,-,-,64,-,-,-,-,-,-,-,-,7,3,6,9,,,0,0,0,0,0,0,0,0,0,0,0,0,0,0,0,0,0,0.0,0.00,0,-0.0,0.0,0.00,0,0,0.0,0.0,4,0,0,0,0,2,0,3.2,14,14,2,0,0,1,1,1,0,0,3,0,0,0,0,0,0,0,4,0,0,0.80,39,2,6,0,0,0.2,-0.0,0.1,2.22,4,0,0,0,0,0,0,0,0.00,0.0,.000,0,0,3.2,0,0,0,0,0,0,0,0,0,0,0,0,0.0,0.0
CL,Devin Williams,Devin,Williams,Winnipeg Brew Jays - HotL,6' 3',165 lbs,R,R,99,Milwaukee Brewers,MIL,2023,2015+,CS,83851,Diamond,Clubhouse - Baseball Reference 8  CL Devin Williams  MIL  2023,0,N,0,1,3,1,3,1,1,3,1,3,1,1,3,1,3,1,26,17,Normal,Normal,Normal,131,78,192,135,90,55,183,190,169,93,200,88,101,-,-,-,-,164,80,-,-,-,-,-,3,GB,93-95,3/4,GB'er,17,33,-,-,-,27,36,28,23,6,1,7,72,-,-,-,-,-,-,-,-,72,-,-,-,-,-,-,-,-,10,3,6,17,,,0,0,0,0,0,0,0,0,0,0,0,0,0,0,0,0,0,0.0,0.00,0,-0.0,0.0,0.00,0,0,0.0,0.0,4,0,0,0,0,0,2,5.2,22,21,0,1,0,4,4,4,1,0,6,0,0,0,0,0,0,1,1,0,0,1.24,89,3,7,0,0,-0.7,-0.4,-0.1,2.26,4,0,0,0,0,0,0,0,0.00,0.0,.000,0,0,5.2,0,0,0,0,0,0,0,0,0,0,0,0,0.0,0.0
CL,Devin Williams,Devin,Williams,Chicago Gamblers - E6,6' 3',165 lbs,R,R,99,Milwaukee Brewers,MIL,2023,2015+,CS,83851,Diamond,Clubhouse - Baseball Reference 8  CL Devin Williams  MIL  2023,0,N,0,1,3,1,3,1,1,3,1,3,1,1,3,1,3,1,26,17,Normal,Normal,Normal,131,78,192,135,90,55,183,190,169,93,200,88,101,-,-,-,-,164,80,-,-,-,-,-,3,GB,93-95,3/4,GB'er,17,33,-,-,-,27,36,28,23,6,1,7,72,-,-,-,-,-,-,-,-,72,-,-,-,-,-,-,-,-,10,3,6,17,,,0,0,0,0,0,0,0,0,0,0,0,0,0,0,0,0,0,0.0,0.00,0,-0.0,0.0,0.00,0,0,0.0,0.0,11,0,0,1,0,7,3,14.0,63,53,8,1,0,2,3,3,9,0,16,0,0,1,0,0,0,1,7,0,0,2.83,272,15,10,1,0,0.5,-0.1,0.9,4.00,11,0,3,1,2,0,0,0,1.93,0.0,1.079,1,0,14.0,0,0,1,1,1,1,0,0,0,0,0,0,0.0,0.0
CL,Devin Williams,Devin,Williams,Providence Friars - HotL,6' 3',165 lbs,R,R,99,Milwaukee Brewers,MIL,2023,2015+,CS,83851,Diamond,Clubhouse - Baseball Reference 8  CL Devin Williams  MIL  2023,0,N,0,1,3,1,3,1,1,3,1,3,1,1,3,1,3,1,26,17,Normal,Normal,Normal,131,78,192,135,90,55,183,190,169,93,200,88,101,-,-,-,-,164,80,-,-,-,-,-,3,GB,93-95,3/4,GB'er,17,33,-,-,-,27,36,28,23,6,1,7,72,-,-,-,-,-,-,-,-,72,-,-,-,-,-,-,-,-,10,3,6,17,,,0,0,0,0,0,0,0,0,0,0,0,0,0,0,0,0,0,0.0,0.00,0,-0.0,0.0,0.00,0,0,0.0,0.0,4,0,0,2,0,2,2,6.2,30,29,7,1,0,1,5,5,1,1,9,0,0,0,0,0,0,0,3,0,0,2.50,107,5,6,0,0,-0.4,0.3,-0.2,2.08,4,0,1,1,0,0,0,0,1.35,0.1,1.079,0,0,6.2,0,0,1,1,0,0,0,0,0,0,0,0,0.0,0.0
CL,Devin Williams,Devin,Williams,Charlotte Hellcats GH,6' 3',165 lbs,R,R,99,Milwaukee Brewers,MIL,2023,2015+,CS,83851,Diamond,Clubhouse - Baseball Reference 8  CL Devin Williams  MIL  2023,0,N,0,1,3,1,3,1,1,3,1,3,1,1,3,1,3,1,26,17,Normal,Normal,Normal,131,78,192,135,90,55,183,190,169,93,200,88,101,-,-,-,-,164,80,-,-,-,-,-,3,GB,93-95,3/4,GB'er,17,33,-,-,-,27,36,28,23,6,1,7,72,-,-,-,-,-,-,-,-,72,-,-,-,-,-,-,-,-,10,3,6,17,,,0,0,0,0,0,0,0,0,0,0,0,0,0,0,0,0,0,0.0,0.00,0,-0.0,0.0,0.00,0,0,0.0,0.0,4,0,0,1,0,0,1,3.2,17,17,4,1,0,0,3,0,0,0,4,0,0,0,0,0,0,0,3,0,0,1.81,73,5,2,0,0,-0.6,0.2,-0.1,2.87,4,0,0,0,0,0,0,0,0.00,0.0,.000,0,0,3.2,0,0,0,0,0,0,0,0,0,0,0,0,-0.3,0.0
C,Sandy Alomar Jr.,Sandy,Alomar Jr.,Shibuya Shredders - GH,6' 5',215 lbs,R,R,91,Cleveland Guardians,CLE,1997,1993-2004,LE,85205,Diamond,Limited Edition/58  C Sandy Alomar Jr.  CLE  1997,0,N,0,126,130,108,34,138,136,114,100,37,155,123,136,111,34,132,58,5,Groundball,Normal,Normal,1,1,1,4,1,1,1,4,1,1,1,4,16,-,-,-,-,-,-,-,-,-,-,-,1,NEU,89-91,3/4,Normal,1,21,59,69,61,5,7,8,9,3,9,4,-,60,-,-,-,-,-,-,-,10,60,-,-,-,-,-,-,-,35,20,6,54,12,12,50,47,12,7,3,0,2,5,9,1,0,1,0,1,0,5,1,5.7,-0.02,5,-0.3,-0.1,3.30,0,0,0.0,0.7,0,0,0,0,0,0,0,0.0,0,0,0,0,0,0,0,0,0,0,0,0,0,0,0,0,0,0,0,0,0,0.00,0,0,0,0,0,0.0,0.0,0.0,0.00,12,12,116,2,114,0,0,0,9.52,-0.8,1.011,6,0,109.2,1,59,3,2,3,2,0,0,0,0,0,0,-2.6,0.0
C,Sandy Alomar Jr.,Sandy,Alomar Jr.,Oysters Incognito,6' 5',215 lbs,R,R,91,Cleveland Guardians,CLE,1997,1993-2004,LE,85205,Diamond,Limited Edition/58  C Sandy Alomar Jr.  CLE  1997,0,N,0,126,130,108,34,138,136,114,100,37,155,123,136,111,34,132,58,5,Groundball,Normal,Normal,1,1,1,4,1,1,1,4,1,1,1,4,16,-,-,-,-,-,-,-,-,-,-,-,1,NEU,89-91,3/4,Normal,1,21,59,69,61,5,7,8,9,3,9,4,-,60,-,-,-,-,-,-,-,10,60,-,-,-,-,-,-,-,35,20,6,54,1,1,4,4,1,1,0,0,0,1,0,0,0,0,0,0,0,0,0,0.2,0.15,0,-0.3,-0.0,4.25,0,0,0.0,0.0,0,0,0,0,0,0,0,0.0,0,0,0,0,0,0,0,0,0,0,0,0,0,0,0,0,0,0,0,0,0,0.00,0,0,0,0,0,0.0,0.0,0.0,0.00,1,1,9,0,9,0,0,0,10.12,-0.1,.000,1,0,8.0,0,2,0,0,0,0,0,0,0,0,0,0,-0.1,0.0
C,Ed Bailey,Ed,Bailey,Gamehendge Lizards - HotL,6' 2',205 lbs,L,R,97,Cincinnati Redlegs,CIN,1956,1946-1960,,86637,Diamond,50s Theme Week - Historical All-Star  C Ed Bailey  CIN  1956,0,N,0,80,40,156,128,95,47,48,71,101,50,88,38,189,137,110,43,1,Flyball,Spray,Spray,1,1,1,2,1,1,1,2,1,1,1,2,16,-,-,-,-,-,-,-,-,-,-,-,1,NEU,89-91,3/4,Normal,1,23,96,98,91,3,5,10,3,7,10,1,-,104,-,-,-,-,-,-,-,-,104,-,-,-,-,-,-,-,26,7,16,8,3,3,12,12,3,3,0,0,0,0,0,0,0,0,0,0,0,3,0,0.8,-0.11,0,-0.9,-0.0,4.17,0,0,0.0,0.0,0,0,0,0,0,0,0,0.0,0,0,0,0,0,0,0,0,0,0,0,0,0,0,0,0,0,0,0,0,0,0.00,0,0,0,0,0,0.0,0.0,0.0,0.00,3,3,30,1,29,0,0,0,10.80,0.2,.000,1,1,25.0,0,12,0,0,0,0,0,0,0,0,0,0,0.0,0.0
C,Ed Bailey,Ed,Bailey,Freedom Grabbers - HotL,6' 2',205 lbs,L,R,97,Cincinnati Redlegs,CIN,1956,1946-1960,,86637,Diamond,50s Theme Week - Historical All-Star  C Ed Bailey  CIN  1956,0,N,0,80,40,156,128,95,47,48,71,101,50,88,38,189,137,110,43,1,Flyball,Spray,Spray,1,1,1,2,1,1,1,2,1,1,1,2,16,-,-,-,-,-,-,-,-,-,-,-,1,NEU,89-91,3/4,Normal,1,23,96,98,91,3,5,10,3,7,10,1,-,104,-,-,-,-,-,-,-,-,104,-,-,-,-,-,-,-,26,7,16,8,11,9,37,32,10,8,1,0,1,3,4,5,0,0,0,0,0,7,1,5.8,0.02,6,1.8,0.4,4.08,0,0,0.0,-0.2,0,0,0,0,0,0,0,0.0,0,0,0,0,0,0,0,0,0,0,0,0,0,0,0,0,0,0,0,0,0,0.00,0,0,0,0,0,0.0,0.0,0.0,0.00,11,9,76,2,74,0,0,0,8.66,0.2,1.011,0,0,79.0,0,25,4,4,0,0,0,0,0,0,0,0,0.0,0.0
C,Ed Bailey,Ed,Bailey,Arcadia Wyverns,6' 2',205 lbs,L,R,97,Cincinnati Redlegs,CIN,1956,1946-1960,,86637,Diamond,50s Theme Week - Historical All-Star  C Ed Bailey  CIN  1956,0,N,0,80,40,156,128,95,47,48,71,101,50,88,38,189,137,110,43,1,Flyball,Spray,Spray,1,1,1,2,1,1,1,2,1,1,1,2,16,-,-,-,-,-,-,-,-,-,-,-,1,NEU,89-91,3/4,Normal,1,23,96,98,91,3,5,10,3,7,10,1,-,104,-,-,-,-,-,-,-,-,104,-,-,-,-,-,-,-,26,7,16,8,3,3,12,11,3,2,0,0,1,1,2,1,0,0,0,0,0,2,0,2.1,-0.03,2,0.6,0.1,3.67,0,0,0.0,-0.1,0,0,0,0,0,0,0,0.0,0,0,0,0,0,0,0,0,0,0,0,0,0,0,0,0,0,0,0,0,0,0.00,0,0,0,0,0,0.0,0.0,0.0,0.00,3,3,25,2,23,0,0,0,9.00,-0.4,1.011,1,1,25.0,2,16,2,1,1,1,0,0,0,0,0,0,0.0,0.0
C,Ed Bailey,Ed,Bailey,Shartlesville ShihTzus - HotL,6' 2',205 lbs,L,R,97,Cincinnati Redlegs,CIN,1956,1946-1960,,86637,Diamond,50s Theme Week - Historical All-Star  C Ed Bailey  CIN  1956,0,Y,5,87,45,168,138,103,52,53,77,109,55,96,42,203,148,119,43,1,Flyball,Spray,Spray,1,1,1,4,1,1,1,4,1,1,1,4,16,-,-,-,-,-,-,-,-,-,-,-,1,NEU,89-91,3/4,Normal,1,23,96,98,91,3,5,10,3,7,10,1,-,112,-,-,-,-,-,-,-,-,112,-,-,-,-,-,-,-,26,7,16,8,4,3,15,14,5,5,0,0,0,1,2,1,0,0,0,0,0,5,0,2.1,0.14,2,0.3,0.1,4.27,0,0,0.0,0.1,0,0,0,0,0,0,0,0.0,0,0,0,0,0,0,0,0,0,0,0,0,0,0,0,0,0,0,0,0,0,0.00,0,0,0,0,0,0.0,0.0,0.0,0.00,3,3,29,3,26,0,0,0,9.00,-0.1,1.517,3,0,29.0,0,19,3,3,1,1,0,0,0,0,0,0,0.0,0.0
C,Ed Bailey,Ed,Bailey,Texas Briskets,6' 2',205 lbs,L,R,97,Cincinnati Redlegs,CIN,1956,1946-1960,,86637,Diamond,50s Theme Week - Historical All-Star  C Ed Bailey  CIN  1956,0,N,0,80,40,156,128,95,47,48,71,101,50,88,38,189,137,110,43,1,Flyball,Spray,Spray,1,1,1,2,1,1,1,2,1,1,1,2,16,-,-,-,-,-,-,-,-,-,-,-,1,NEU,89-91,3/4,Normal,1,23,96,98,91,3,5,10,3,7,10,1,-,104,-,-,-,-,-,-,-,-,104,-,-,-,-,-,-,-,26,7,16,8,3,3,11,10,3,3,0,0,0,0,1,1,0,0,0,0,0,2,2,0.6,-0.18,1,-0.1,0.1,4.36,0,0,0.0,0.3,0,0,0,0,0,0,0,0.0,0,0,0,0,0,0,0,0,0,0,0,0,0,0,0,0,0,0,0,0,0,0.00,0,0,0,0,0,0.0,0.0,0.0,0.00,3,3,21,1,20,0,0,0,7.88,0.0,.000,0,0,24.0,0,17,0,0,0,0,0,0,0,0,0,0,0.0,0.0
C,Ed Bailey,Ed,Bailey,Normal Night Owls - HotL,6' 2',205 lbs,L,R,97,Cincinnati Redlegs,CIN,1956,1946-1960,,86637,Diamond,50s Theme Week - Historical All-Star  C Ed Bailey  CIN  1956,0,N,0,80,40,156,128,95,47,48,71,101,50,88,38,189,137,110,43,1,Flyball,Spray,Spray,1,1,1,2,1,1,1,2,1,1,1,2,16,-,-,-,-,-,-,-,-,-,-,-,1,NEU,89-91,3/4,Normal,1,23,96,98,91,3,5,10,3,7,10,1,-,104,-,-,-,-,-,-,-,-,104,-,-,-,-,-,-,-,26,7,16,8,3,3,13,12,2,0,0,0,2,4,2,1,0,0,0,0,0,4,0,1.9,0.08,2,0.5,0.0,4.38,0,0,0.0,-0.5,0,0,0,0,0,0,0,0.0,0,0,0,0,0,0,0,0,0,0,0,0,0,0,0,0,0,0,0,0,0,0.00,0,0,0,0,0,0.0,0.0,0.0,0.00,3,3,23,1,22,0,0,0,7.39,-0.4,1.011,0,0,28.0,2,11,0,0,1,1,0,0,0,0,0,0,0.0,0.0
C,Ed Bailey,Ed,Bailey,Providence Friars - HotL,6' 2',205 lbs,L,R,97,Cincinnati Redlegs,CIN,1956,1946-1960,,86637,Diamond,50s Theme Week - Historical All-Star  C Ed Bailey  CIN  1956,0,N,0,80,40,156,128,95,47,48,71,101,50,88,38,189,137,110,43,1,Flyball,Spray,Spray,1,1,1,2,1,1,1,2,1,1,1,2,16,-,-,-,-,-,-,-,-,-,-,-,1,NEU,89-91,3/4,Normal,1,23,96,98,91,3,5,10,3,7,10,1,-,104,-,-,-,-,-,-,-,-,104,-,-,-,-,-,-,-,26,7,16,8,8,8,39,35,10,9,0,0,1,7,5,2,0,0,0,2,0,4,0,4.5,-0.19,3,-0.8,0.1,4.10,0,0,0.0,-0.3,0,0,0,0,0,0,0,0.0,0,0,0,0,0,0,0,0,0,0,0,0,0,0,0,0,0,0,0,0,0,0.00,0,0,0,0,0,0.0,0.0,0.0,0.00,8,8,66,2,63,1,1,0,7.77,-0.1,.674,2,0,75.1,0,29,5,4,1,1,0,0,0,0,0,0,0.0,0.0
C,Ed Bailey,Ed,Bailey,Kansas City Torrent - JW,6' 2',205 lbs,L,R,97,Cincinnati Redlegs,CIN,1956,1946-1960,,86637,Diamond,50s Theme Week - Historical All-Star  C Ed Bailey  CIN  1956,83 862,Y,5,87,45,168,138,103,52,53,77,109,55,96,42,203,148,119,43,1,Flyball,Spray,Spray,1,1,1,4,1,1,1,4,1,1,1,4,16,-,-,-,-,-,-,-,-,-,-,-,1,NEU,89-91,3/4,Normal,1,23,96,98,91,3,5,10,3,7,10,1,-,112,-,-,-,-,-,-,-,-,112,-,-,-,-,-,-,-,26,7,16,8,10,9,36,32,8,5,0,0,3,4,4,4,0,0,0,0,0,4,0,6.0,0.14,5,1.6,0.3,4.22,0,0,0.0,-0.1,0,0,0,0,0,0,0,0.0,0,0,0,0,0,0,0,0,0,0,0,0,0,0,0,0,0,0,0,0,0,0.00,0,0,0,0,0,0.0,0.0,0.0,0.00,9,9,80,1,79,0,0,0,9.00,0.1,2.023,2,0,80.0,0,35,2,2,0,0,0,0,0,0,0,0,0.0,0.0
C,Ed Bailey,Ed,Bailey,Sixes Tornadoes,6' 2',205 lbs,L,R,97,Cincinnati Redlegs,CIN,1956,1946-1960,,86637,Diamond,50s Theme Week - Historical All-Star  C Ed Bailey  CIN  1956,0,N,0,80,40,156,128,95,47,48,71,101,50,88,38,189,137,110,43,1,Flyball,Spray,Spray,1,1,1,2,1,1,1,2,1,1,1,2,16,-,-,-,-,-,-,-,-,-,-,-,1,NEU,89-91,3/4,Normal,1,23,96,98,91,3,5,10,3,7,10,1,-,104,-,-,-,-,-,-,-,-,104,-,-,-,-,-,-,-,26,7,16,8,3,2,10,10,3,1,0,0,2,3,3,0,0,0,0,0,0,1,0,2.7,0.00,2,1.4,0.2,4.10,0,0,0.0,-0.0,0,0,0,0,0,0,0,0.0,0,0,0,0,0,0,0,0,0,0,0,0,0,0,0,0,0,0,0,0,0,0.00,0,0,0,0,0,0.0,0.0,0.0,0.00,2,2,17,0,17,0,0,0,9.00,-0.2,.000,1,0,17.0,0,12,1,1,1,0,0,0,0,0,0,0,0.0,0.0
C,Ed Bailey,Ed,Bailey,Charlotte Hellcats GH,6' 2',205 lbs,L,R,97,Cincinnati Redlegs,CIN,1956,1946-1960,,86637,Diamond,50s Theme Week - Historical All-Star  C Ed Bailey  CIN  1956,0,N,0,80,40,156,128,95,47,48,71,101,50,88,38,189,137,110,43,1,Flyball,Spray,Spray,1,1,1,2,1,1,1,2,1,1,1,2,16,-,-,-,-,-,-,-,-,-,-,-,1,NEU,89-91,3/4,Normal,1,23,96,98,91,3,5,10,3,7,10,1,-,104,-,-,-,-,-,-,-,-,104,-,-,-,-,-,-,-,26,7,16,8,16,14,85,73,26,19,2,0,5,23,24,12,0,0,0,0,0,12,1,20.1,0.26,19,9.0,1.3,4.09,0,0,0.0,0.3,0,0,0,0,0,0,0,0.0,0,0,0,0,0,0,0,0,0,0,0,0,0,0,0,0,0,0,0,0,0,0.00,0,0,0,0,0,0.0,0.0,0.0,0.00,14,14,145,10,135,0,0,0,10.36,-0.2,1.011,6,1,126.0,1,32,9,9,2,1,0,0,0,0,0,0,0.0,0.0
C,Ed Bailey,Ed,Bailey,Castroville Mashers - JW,6' 2',205 lbs,L,R,97,Cincinnati Redlegs,CIN,1956,1946-1960,,86637,Diamond,50s Theme Week - Historical All-Star  C Ed Bailey  CIN  1956,0,N,0,80,40,156,128,95,47,48,71,101,50,88,38,189,137,110,43,1,Flyball,Spray,Spray,1,1,1,2,1,1,1,2,1,1,1,2,16,-,-,-,-,-,-,-,-,-,-,-,1,NEU,89-91,3/4,Normal,1,23,96,98,91,3,5,10,3,7,10,1,-,104,-,-,-,-,-,-,-,-,104,-,-,-,-,-,-,-,26,7,16,8,2,2,8,7,3,1,0,0,2,3,2,1,0,0,0,0,0,0,1,3.5,0.41,3,2.5,0.3,3.25,0,0,0.0,-0.0,0,0,0,0,0,0,0,0.0,0,0,0,0,0,0,0,0,0,0,0,0,0,0,0,0,0,0,0,0,0,0.00,0,0,0,0,0,0.0,0.0,0.0,0.00,2,2,14,2,12,0,1,0,7.00,-0.0,.000,4,1,18.0,0,11,1,1,0,0,0,0,0,0,0,0,0.0,0.0
C,Ed Bailey,Ed,Bailey,Summerglen Seraphs TBD,6' 2',205 lbs,L,R,97,Cincinnati Redlegs,CIN,1956,1946-1960,,86637,Diamond,50s Theme Week - Historical All-Star  C Ed Bailey  CIN  1956,0,N,0,80,40,156,128,95,47,48,71,101,50,88,38,189,137,110,43,1,Flyball,Spray,Spray,1,1,1,2,1,1,1,2,1,1,1,2,16,-,-,-,-,-,-,-,-,-,-,-,1,NEU,89-91,3/4,Normal,1,23,96,98,91,3,5,10,3,7,10,1,-,104,-,-,-,-,-,-,-,-,104,-,-,-,-,-,-,-,26,7,16,8,4,4,16,15,2,2,0,0,0,0,0,1,0,0,0,0,0,3,2,0.1,-0.29,0,-2.1,-0.1,4.00,0,0,0.0,0.0,0,0,0,0,0,0,0,0.0,0,0,0,0,0,0,0,0,0,0,0,0,0,0,0,0,0,0,0,0,0,0.00,0,0,0,0,0,0.0,0.0,0.0,0.00,4,4,35,1,34,0,0,0,9.36,0.2,1.011,1,0,33.2,0,13,3,3,0,0,1,1,0,0,0,0,-0.1,0.0
C,Ed Bailey,Ed,Bailey,Paso Robles Powerhouse,6' 2',205 lbs,L,R,97,Cincinnati Redlegs,CIN,1956,1946-1960,,86637,Diamond,50s Theme Week - Historical All-Star  C Ed Bailey  CIN  1956,0,N,0,80,40,156,128,95,47,48,71,101,50,88,38,189,137,110,43,1,Flyball,Spray,Spray,1,1,1,2,1,1,1,2,1,1,1,2,16,-,-,-,-,-,-,-,-,-,-,-,1,NEU,89-91,3/4,Normal,1,23,96,98,91,3,5,10,3,7,10,1,-,104,-,-,-,-,-,-,-,-,104,-,-,-,-,-,-,-,26,7,16,8,11,10,46,44,15,6,1,0,8,20,10,0,0,1,0,1,0,4,1,13.3,1.01,12,7.3,0.9,3.46,0,0,0.0,-0.9,0,0,0,0,0,0,0,0.0,0,0,0,0,0,0,0,0,0,0,0,0,0,0,0,0,0,0,0,0,0,0.00,0,0,0,0,0,0.0,0.0,0.0,0.00,10,10,93,5,88,0,3,0,9.40,0.0,1.011,5,1,89.0,1,47,7,7,2,2,0,0,0,0,0,0,0.0,0.0
C,Ed Bailey,Ed,Bailey,Houston Swangas,6' 2',205 lbs,L,R,97,Cincinnati Redlegs,CIN,1956,1946-1960,,86637,Diamond,50s Theme Week - Historical All-Star  C Ed Bailey  CIN  1956,0,N,0,80,40,156,128,95,47,48,71,101,50,88,38,189,137,110,43,1,Flyball,Spray,Spray,1,1,1,2,1,1,1,2,1,1,1,2,16,-,-,-,-,-,-,-,-,-,-,-,1,NEU,89-91,3/4,Normal,1,23,96,98,91,3,5,10,3,7,10,1,-,104,-,-,-,-,-,-,-,-,104,-,-,-,-,-,-,-,26,7,16,8,9,9,39,37,15,9,1,0,5,10,7,1,0,0,0,1,0,7,1,12.2,1.30,11,6.3,0.8,3.74,0,0,0.0,0.3,0,0,0,0,0,0,0,0.0,0,0,0,0,0,0,0,0,0,0,0,0,0,0,0,0,0,0,0,0,0,0.00,0,0,0,0,0,0.0,0.0,0.0,0.00,9,9,71,1,70,0,0,0,8.30,-0.1,.000,3,1,77.0,1,23,1,1,0,0,0,0,0,0,0,0,-0.1,0.0
C,Ed Bailey,Ed,Bailey,Rajasthan Rifles Rifles,6' 2',205 lbs,L,R,69,Cincinnati Redlegs,CIN,1959,1946-1960,,86616,Bronze,T4 Ep. 8 - Snapshot  C Ed Bailey  CIN  1959,0,N,0,83,53,75,149,94,112,48,76,103,44,74,55,75,164,110,49,1,Normal,Spray,Spray,1,1,1,2,1,1,1,2,1,1,1,2,16,-,-,-,-,-,-,-,-,-,-,-,1,NEU,90-92,3/4,Normal,1,22,81,83,93,3,3,2,3,9,7,6,-,91,-,-,-,-,-,-,-,-,91,-,-,-,-,-,-,-,9,10,16,22,1,1,3,3,0,0,0,0,0,0,0,0,0,0,0,0,0,1,0,0.0,-0.06,0,-0.8,-0.1,2.33,0,0,0.0,0.0,0,0,0,0,0,0,0,0.0,0,0,0,0,0,0,0,0,0,0,0,0,0,0,0,0,0,0,0,0,0,0.00,0,0,0,0,0,0.0,0.0,0.0,0.00,1,1,7,0,7,0,0,0,7.00,0.0,.000,0,0,9.0,0,6,0,0,0,0,0,0,0,0,0,0,0.0,0.0
C,Ed Bailey,Ed,Bailey,Numenor Faithful,6' 2',205 lbs,L,R,97,Cincinnati Redlegs,CIN,1956,1946-1960,,86637,Diamond,50s Theme Week - Historical All-Star  C Ed Bailey  CIN  1956,0,N,0,80,40,156,128,95,47,48,71,101,50,88,38,189,137,110,43,1,Flyball,Spray,Spray,1,1,1,2,1,1,1,2,1,1,1,2,16,-,-,-,-,-,-,-,-,-,-,-,1,NEU,89-91,3/4,Normal,1,23,96,98,91,3,5,10,3,7,10,1,-,104,-,-,-,-,-,-,-,-,104,-,-,-,-,-,-,-,26,7,16,8,3,3,12,10,3,2,0,0,1,2,2,1,0,1,0,0,0,2,0,2.7,0.02,2,1.2,0.1,3.83,0,0,0.0,-0.6,0,0,0,0,0,0,0,0.0,0,0,0,0,0,0,0,0,0,0,0,0,0,0,0,0,0,0,0,0,0,0.00,0,0,0,0,0,0.0,0.0,0.0,0.00,3,3,20,0,20,0,0,0,6.92,-0.2,.000,3,0,26.0,0,13,2,2,0,0,0,0,0,0,0,0,0.0,0.0
C,Johnny Bassler,Johnny,Bassler,Great Lakes Man-of-War-HOTL,5' 9',170 lbs,L,R,93,Detroit Tigers,DET,1924,1921-1945,PTCS,86476,Diamond,PTCS 5 - Unsung Heroes  C Johnny Bassler  DET  Peak,0,N,0,113,95,25,149,217,58,54,1,140,171,137,110,32,152,233,69,51,Line Drive,Normal,Normal,1,1,1,5,1,1,1,5,1,1,1,5,16,-,-,-,-,-,-,-,-,-,-,-,1,NEU,90-92,OTT,Normal,1,12,109,106,117,8,7,7,7,1,1,4,-,125,-,-,-,-,-,-,-,13,125,-,-,-,-,-,-,-,36,28,27,56,5,4,16,12,2,2,0,0,0,0,1,3,0,0,1,0,0,1,0,1.0,0.10,0,-1.0,-0.0,3.94,0,0,0.0,-0.0,0,0,0,0,0,0,0,0.0,0,0,0,0,0,0,0,0,0,0,0,0,0,0,0,0,0,0,0,0,0,0.00,0,0,0,0,0,0.0,0.0,0.0,0.00,5,4,29,2,27,0,0,0,7.46,0.1,1.011,1,0,35.0,0,13,4,4,1,1,0,0,0,0,0,0,0.0,0.0
C,Johnny Bassler,Johnny,Bassler,False Hustle,5' 9',170 lbs,L,R,93,Detroit Tigers,DET,1924,1921-1945,PTCS,86476,Diamond,PTCS 5 - Unsung Heroes  C Johnny Bassler  DET  Peak,0,N,0,113,95,25,149,217,58,54,1,140,171,137,110,32,152,233,69,51,Line Drive,Normal,Normal,1,1,1,5,1,1,1,5,1,1,1,5,16,-,-,-,-,-,-,-,-,-,-,-,1,NEU,90-92,OTT,Normal,1,12,109,106,117,8,7,7,7,1,1,4,-,125,-,-,-,-,-,-,-,13,125,-,-,-,-,-,-,-,36,28,27,56,3,3,11,9,3,2,1,0,0,2,3,1,0,1,0,0,0,0,0,2.1,0.29,2,0.8,0.2,4.64,0,0,0.0,0.3,0,0,0,0,0,0,0,0.0,0,0,0,0,0,0,0,0,0,0,0,0,0,0,0,0,0,0,0,0,0,0.00,0,0,0,0,0,0.0,0.0,0.0,0.00,3,3,16,1,15,0,0,0,5.76,0.0,1.011,1,0,25.0,0,23,3,3,0,0,0,0,0,0,0,0,0.0,0.0
C,Johnny Bassler,Johnny,Bassler,Cibao Aguilas,5' 9',170 lbs,L,R,93,Detroit Tigers,DET,1924,1921-1945,PTCS,86476,Diamond,PTCS 5 - Unsung Heroes  C Johnny Bassler  DET  Peak,0,N,0,113,95,25,149,217,58,54,1,140,171,137,110,32,152,233,69,51,Line Drive,Normal,Normal,1,1,1,5,1,1,1,5,1,1,1,5,16,-,-,-,-,-,-,-,-,-,-,-,1,NEU,90-92,OTT,Normal,1,12,109,106,117,8,7,7,7,1,1,4,-,125,-,-,-,-,-,-,-,13,125,-,-,-,-,-,-,-,36,28,27,56,6,4,20,16,2,0,2,0,0,2,1,4,0,0,0,0,0,1,1,1.3,-0.12,1,-0.8,0.0,4.45,0,0,0.0,0.0,0,0,0,0,0,0,0,0.0,0,0,0,0,0,0,0,0,0,0,0,0,0,0,0,0,0,0,0,0,0,0.00,0,0,0,0,0,0.0,0.0,0.0,0.00,5,4,34,0,34,0,0,0,8.66,0.0,.000,1,0,35.1,0,16,2,2,0,0,0,0,0,0,0,0,0.1,0.0
C,Johnny Bassler,Johnny,Bassler,NoseKerim Astea Kerim,5' 9',170 lbs,L,R,93,Detroit Tigers,DET,1924,1921-1945,PTCS,86476,Diamond,PTCS 5 - Unsung Heroes  C Johnny Bassler  DET  Peak,0,N,0,113,95,25,149,217,58,54,1,140,171,137,110,32,152,233,69,51,Line Drive,Normal,Normal,1,1,1,5,1,1,1,5,1,1,1,5,16,-,-,-,-,-,-,-,-,-,-,-,1,NEU,90-92,OTT,Normal,1,12,109,106,117,8,7,7,7,1,1,4,-,125,-,-,-,-,-,-,-,13,125,-,-,-,-,-,-,-,36,28,27,56,14,14,61,53,18,13,3,0,2,8,5,6,0,1,0,1,0,4,0,12.0,0.55,11,4.1,0.9,4.05,0,0,0.0,0.1,0,0,0,0,0,0,0,0.0,0,0,0,0,0,0,0,0,0,0,0,0,0,0,0,0,0,0,0,0,0,0.00,0,0,0,0,0,0.0,0.0,0.0,0.00,14,14,153,9,144,0,5,0,10.41,0.9,1.011,7,4,132.1,0,39,10,10,0,0,0,0,0,0,0,0,0.5,0.0
C,Johnny Bassler,Johnny,Bassler,Chicago Seals,5' 9',170 lbs,L,R,93,Detroit Tigers,DET,1924,1921-1945,PTCS,86476,Diamond,PTCS 5 - Unsung Heroes  C Johnny Bassler  DET  Peak,0,N,0,113,95,25,149,217,58,54,1,140,171,137,110,32,152,233,69,51,Line Drive,Normal,Normal,1,1,1,5,1,1,1,5,1,1,1,5,16,-,-,-,-,-,-,-,-,-,-,-,1,NEU,90-92,OTT,Normal,1,12,109,106,117,8,7,7,7,1,1,4,-,125,-,-,-,-,-,-,-,13,125,-,-,-,-,-,-,-,36,28,27,56,4,4,15,14,4,3,0,1,0,1,1,1,0,0,0,0,0,1,0,2.1,-0.03,1,0.2,0.1,3.80,0,0,0.0,-0.1,0,0,0,0,0,0,0,0.0,0,0,0,0,0,0,0,0,0,0,0,0,0,0,0,0,0,0,0,0,0,0.00,0,0,0,0,0,0.0,0.0,0.0,0.00,4,4,26,0,26,0,0,0,6.05,0.1,.000,0,0,38.2,0,18,0,0,0,0,0,0,0,0,0,0,0.3,0.0
C,John Beckwith,John,Beckwith,Jeju City Foxes,5' 11',200 lbs,R,R,98,Homestead Grays,HoGr,1929,1921-1945,,84571,Diamond,Negro League Star  SS John Beckwith  HoGr  1929,0,N,0,119,115,86,89,103,123,120,92,80,96,118,114,85,93,107,67,59,Line Drive,Normal,Pull,42,55,59,49,42,55,61,50,41,55,57,49,62,-,63,-,-,-,-,-,-,-,-,-,2,EX FB,92-94,3/4,Normal,24,60,59,61,69,93,65,91,78,74,60,72,138,60,82,98,90,84,85,63,80,138,60,82,98,90,84,85,63,80,56,39,42,61,4,4,16,16,3,3,0,0,0,0,2,0,0,0,0,0,0,3,0,0.6,0.05,0,-2.0,-0.2,3.62,0,0,0.0,0.0,0,0,0,0,0,0,0,0.0,0,0,0,0,0,0,0,0,0,0,0,0,0,0,0,0,0,0,0,0,0,0.00,0,0,0,0,0,0.0,0.0,0.0,0.00,4,4,26,2,22,2,0,0,6.17,0.1,1.011,3,1,35.0,0,31,1,1,0,0,0,0,0,0,0,0,-0.5,0.0
C,Jim Brown,Jim,Brown,Rajasthan Rifles Rifles,5' 11',185 lbs,S,R,96,Chicago American Giants,CAG,1931,1921-1945,,84568,Diamond,Negro League Star  C Jim Brown  CAG  1931,0,N,0,85,121,85,103,92,85,118,91,102,91,86,122,84,104,93,78,81,Line Drive,Pull,Normal,1,1,22,1,1,1,19,1,1,1,24,2,17,-,-,17,-,-,-,-,-,-,-,-,2,EX FB,93-95,3/4,Normal,10,10,78,82,84,33,36,34,35,75,62,62,-,85,49,-,-,-,84,63,77,78,85,49,-,-,-,84,63,77,67,65,77,63,4,4,17,16,4,2,1,1,0,1,4,1,0,0,0,0,0,5,0,2.1,-0.09,1,-0.1,0.1,4.00,0,0,0.0,0.3,0,0,0,0,0,0,0,0.0,0,0,0,0,0,0,0,0,0,0,0,0,0,0,0,0,0,0,0,0,0,0.00,0,0,0,0,0,0.0,0.0,0.0,0.00,4,4,32,1,31,0,0,0,7.38,-0.1,1.011,3,0,39.0,0,17,0,0,1,1,0,0,0,0,0,0,-0.3,0.0
C,Jim Brown,Jim,Brown,Genericsville Generics,5' 11',185 lbs,S,R,96,Chicago American Giants,CAG,1931,1921-1945,,84568,Diamond,Negro League Star  C Jim Brown  CAG  1931,0,N,0,85,121,85,103,92,85,118,91,102,91,86,122,84,104,93,78,81,Line Drive,Pull,Normal,1,1,22,1,1,1,19,1,1,1,24,2,17,-,-,17,-,-,-,-,-,-,-,-,2,EX FB,93-95,3/4,Normal,10,10,78,82,84,33,36,34,35,75,62,62,-,85,49,-,-,-,84,63,77,78,85,49,-,-,-,84,63,77,67,65,77,63,6,6,23,21,4,2,1,0,1,1,3,2,0,0,0,0,0,9,0,2.2,-0.04,2,-0.7,-0.0,4.35,0,0,0.0,-0.1,0,0,0,0,0,0,0,0.0,0,0,0,0,0,0,0,0,0,0,0,0,0,0,0,0,0,0,0,0,0,0.00,0,0,0,0,0,0.0,0.0,0.0,0.00,6,6,45,0,45,0,0,0,7.55,-0.0,.000,2,0,53.2,0,20,3,3,0,0,0,0,0,0,0,0,-0.5,0.0
C,Smoky Burgess,Smoky,Burgess,Winnipeg Golden Knights,5' 8',185 lbs,L,R,89,Pittsburgh Pirates,PIT,1959,1946-1960,CS,86636,Gold,Clubhouse - Historical All-Star  C Smoky Burgess  PIT  1959,0,N,0,84,154,84,99,186,43,136,98,39,125,93,160,79,120,206,46,19,Line Drive,Normal,Normal,1,1,1,5,1,1,1,5,1,1,1,5,16,-,-,-,-,-,-,-,-,-,-,-,1,NEU,90-92,OTT,Normal,1,7,96,73,82,3,3,5,4,5,7,8,-,88,-,-,-,-,-,-,-,-,88,-,-,-,-,-,-,-,24,5,6,43,9,9,29,25,6,5,1,0,0,2,1,2,0,0,1,1,0,4,0,2.4,-0.02,1,-1.7,-0.2,4.00,0,0,0.0,-0.5,0,0,0,0,0,0,0,0.0,0,0,0,0,0,0,0,0,0,0,0,0,0,0,0,0,0,0,0,0,0,0.00,0,0,0,0,0,0.0,0.0,0.0,0.00,9,9,72,0,72,0,0,0,8.88,0.1,.000,1,0,73.0,0,38,1,1,0,0,0,0,0,0,0,0,-1.1,0.0
C,Smoky Burgess,Smoky,Burgess,Chicago Beans,5' 8',185 lbs,L,R,89,Pittsburgh Pirates,PIT,1959,1946-1960,CS,86636,Gold,Clubhouse - Historical All-Star  C Smoky Burgess  PIT  1959,0,N,0,84,154,84,99,186,43,136,98,39,125,93,160,79,120,206,46,19,Line Drive,Normal,Normal,1,1,1,5,1,1,1,5,1,1,1,5,16,-,-,-,-,-,-,-,-,-,-,-,1,NEU,90-92,OTT,Normal,1,7,96,73,82,3,3,5,4,5,7,8,-,88,-,-,-,-,-,-,-,-,88,-,-,-,-,-,-,-,24,5,6,43,7,6,22,21,8,3,4,1,0,3,4,0,0,1,0,0,0,5,0,5.8,0.20,5,2.5,0.2,4.14,0,0,0.0,0.2,0,0,0,0,0,0,0,0.0,0,0,0,0,0,0,0,0,0,0,0,0,0,0,0,0,0,0,0,0,0,0.00,0,0,0,0,0,0.0,0.0,0.0,0.00,7,6,40,2,38,0,0,0,7.06,-0.2,1.011,4,0,51.0,0,25,5,5,0,0,0,0,0,0,0,0,-1.4,0.0
C,Smoky Burgess,Smoky,Burgess,Zanesville Greys,5' 8',185 lbs,L,R,89,Pittsburgh Pirates,PIT,1959,1946-1960,CS,86636,Gold,Clubhouse - Historical All-Star  C Smoky Burgess  PIT  1959,0,N,0,84,154,84,99,186,43,136,98,39,125,93,160,79,120,206,46,19,Line Drive,Normal,Normal,1,1,1,5,1,1,1,5,1,1,1,5,16,-,-,-,-,-,-,-,-,-,-,-,1,NEU,90-92,OTT,Normal,1,7,96,73,82,3,3,5,4,5,7,8,-,88,-,-,-,-,-,-,-,-,88,-,-,-,-,-,-,-,24,5,6,43,2,2,7,7,1,1,0,0,0,0,0,0,0,0,0,0,0,2,0,0.1,-0.11,0,-1.1,-0.1,4.00,0,0,0.0,0.0,0,0,0,0,0,0,0,0.0,0,0,0,0,0,0,0,0,0,0,0,0,0,0,0,0,0,0,0,0,0,0.00,0,0,0,0,0,0.0,0.0,0.0,0.00,2,2,19,1,18,0,0,0,9.50,0.1,1.011,0,0,18.0,0,9,3,3,0,0,0,0,0,0,0,0,-0.1,0.0
C,Smoky Burgess,Smoky,Burgess,Lowlyworm's Apple Car,5' 8',185 lbs,L,R,89,Pittsburgh Pirates,PIT,1959,1946-1960,CS,86636,Gold,Clubhouse - Historical All-Star  C Smoky Burgess  PIT  1959,0,N,0,84,154,84,99,186,43,136,98,39,125,93,160,79,120,206,46,19,Line Drive,Normal,Normal,1,1,1,5,1,1,1,5,1,1,1,5,16,-,-,-,-,-,-,-,-,-,-,-,1,NEU,90-92,OTT,Normal,1,7,96,73,82,3,3,5,4,5,7,8,-,88,-,-,-,-,-,-,-,-,88,-,-,-,-,-,-,-,24,5,6,43,5,4,17,14,4,1,2,0,1,2,2,3,0,0,0,0,0,1,0,4.0,0.42,3,1.8,0.2,4.24,0,0,0.0,0.0,0,0,0,0,0,0,0,0.0,0,0,0,0,0,0,0,0,0,0,0,0,0,0,0,0,0,0,0,0,0,0.00,0,0,0,0,0,0.0,0.0,0.0,0.00,4,4,34,0,34,0,0,0,9.00,0.1,.000,0,0,34.0,0,17,2,2,0,0,0,0,0,0,0,0,-0.9,0.0
C,Roy Campanella,Roy,Campanella,Looking Glass Loopers TBD,5' 9',190 lbs,R,R,86,Brooklyn Dodgers,LAD,1950,1946-1960,HOF,85654,Gold,Hall of Fame  C Roy Campanella  BRO  1950,0,N,0,63,69,129,83,81,72,73,155,77,115,60,68,120,85,70,9,1,Flyball,Normal,Normal,1,1,1,3,1,1,1,3,1,1,1,3,16,17,17,-,-,-,-,-,-,-,-,-,3,NEU,90-92,3/4,Normal,1,9,69,86,117,5,9,4,5,1,2,5,-,96,-,-,-,-,-,-,-,7,96,-,-,-,-,-,-,-,31,11,11,35,3,3,12,12,1,0,0,0,1,1,1,0,0,0,0,0,0,5,1,0.0,-0.38,0,-1.5,-0.1,4.08,0,0,0.0,0.0,0,0,0,0,0,0,0,0.0,0,0,0,0,0,0,0,0,0,0,0,0,0,0,0,0,0,0,0,0,0,0.00,0,0,0,0,0,0.0,0.0,0.0,0.00,3,3,27,0,27,0,0,0,9.72,-0.0,.000,1,0,25.0,0,14,2,2,0,0,0,0,0,0,0,0,0.0,0.0
C,Roy Campanella,Roy,Campanella,Sydney Whalers,5' 9',190 lbs,R,R,86,Brooklyn Dodgers,LAD,1950,1946-1960,HOF,85654,Gold,Hall of Fame  C Roy Campanella  BRO  1950,0,N,0,63,69,129,83,81,72,73,155,77,115,60,68,120,85,70,9,1,Flyball,Normal,Normal,1,1,1,3,1,1,1,3,1,1,1,3,16,17,17,-,-,-,-,-,-,-,-,-,3,NEU,90-92,3/4,Normal,1,9,69,86,117,5,9,4,5,1,2,5,-,96,-,-,-,-,-,-,-,7,96,-,-,-,-,-,-,-,31,11,11,35,1,1,3,3,1,1,0,0,0,0,0,0,0,0,0,0,0,1,0,0.3,-0.01,0,-0.1,0.0,4.00,0,0,0.0,0.0,0,0,0,0,0,0,0,0.0,0,0,0,0,0,0,0,0,0,0,0,0,0,0,0,0,0,0,0,0,0,0.00,0,0,0,0,0,0.0,0.0,0.0,0.00,1,1,7,0,7,0,0,0,7.00,0.0,.000,0,0,9.0,0,11,0,0,0,0,0,0,0,0,0,0,0.0,0.0
C,Roy Campanella,Roy,Campanella,Waltham River Otters,5' 9',190 lbs,R,R,86,Brooklyn Dodgers,LAD,1950,1946-1960,HOF,85654,Gold,Hall of Fame  C Roy Campanella  BRO  1950,0,N,0,63,69,129,83,81,72,73,155,77,115,60,68,120,85,70,9,1,Flyball,Normal,Normal,1,1,1,3,1,1,1,3,1,1,1,3,16,17,17,-,-,-,-,-,-,-,-,-,3,NEU,90-92,3/4,Normal,1,9,69,86,117,5,9,4,5,1,2,5,-,96,-,-,-,-,-,-,-,7,96,-,-,-,-,-,-,-,31,11,11,35,12,12,47,43,9,4,1,0,4,9,7,4,0,0,0,0,0,9,1,5.9,-0.40,6,0.7,0.2,4.09,0,0,0.0,-0.1,0,0,0,0,0,0,0,0.0,0,0,0,0,0,0,0,0,0,0,0,0,0,0,0,0,0,0,0,0,0,0.00,0,0,0,0,0,0.0,0.0,0.0,0.00,12,12,83,6,77,0,0,0,6.65,0.2,1.011,4,2,112.1,2,47,3,3,2,2,1,1,0,0,0,0,-0.7,0.0
C,Roy Campanella,Roy,Campanella,Orlando Heatstrokes,5' 9',190 lbs,R,R,86,Brooklyn Dodgers,LAD,1950,1946-1960,HOF,85654,Gold,Hall of Fame  C Roy Campanella  BRO  1950,0,N,0,63,69,129,83,81,72,73,155,77,115,60,68,120,85,70,9,1,Flyball,Normal,Normal,1,1,1,3,1,1,1,3,1,1,1,3,16,17,17,-,-,-,-,-,-,-,-,-,3,NEU,90-92,3/4,Normal,1,9,69,86,117,5,9,4,5,1,2,5,-,96,-,-,-,-,-,-,-,7,96,-,-,-,-,-,-,-,31,11,11,35,4,4,14,14,2,1,0,0,1,1,1,0,0,0,0,0,0,3,0,0.7,-0.16,0,-1.3,-0.1,3.71,0,0,0.0,-0.2,0,0,0,0,0,0,0,0.0,0,0,0,0,0,0,0,0,0,0,0,0,0,0,0,0,0,0,0,0,0,0.00,0,0,0,0,0,0.0,0.0,0.0,0.00,4,4,27,2,25,0,0,0,6.75,0.1,1.011,0,0,36.0,0,18,2,2,0,0,0,0,0,0,0,0,-0.1,0.0
C,Chris Cannizzaro,Chris,Cannizzaro,Chicago Beans,6' 0',190 lbs,R,R,65,San Diego Padres,SDP,1970,1961-1979,,85168,Bronze,Dock's Patients  C Chris Cannizzaro  SD  1970,0,Y,5,96,72,52,124,99,108,66,91,143,121,91,75,22,119,93,54,5,Groundball,Normal,Normal,1,1,1,1,1,1,1,1,1,1,1,1,16,17,17,-,-,-,-,-,-,-,-,-,3,NEU,90-92,3/4,Normal,1,21,89,56,70,3,9,10,2,6,3,5,-,77,-,-,-,-,-,-,-,-,77,-,-,-,-,-,-,-,46,45,17,30,5,3,14,12,5,4,1,0,0,2,1,2,0,0,0,0,0,2,0,3.3,0.06,3,1.5,0.2,4.57,0,0,0.0,0.1,0,0,0,0,0,0,0,0.0,0,0,0,0,0,0,0,0,0,0,0,0,0,0,0,0,0,0,0,0,0,0.00,0,0,0,0,0,0.0,0.0,0.0,0.00,5,3,36,2,34,0,1,0,9.26,-0.4,.000,3,1,35.0,1,12,2,1,0,0,0,0,0,0,0,0,-0.1,0.0
C,Chris Cannizzaro,Chris,Cannizzaro,Paso Robles Powerhouse,6' 0',190 lbs,R,R,65,San Diego Padres,SDP,1970,1961-1979,,85168,Bronze,Dock's Patients  C Chris Cannizzaro  SD  1970,0,Y,5,96,72,52,124,99,108,66,91,143,121,91,75,22,119,93,54,5,Groundball,Normal,Normal,1,1,1,1,1,1,1,1,1,1,1,1,16,17,17,-,-,-,-,-,-,-,-,-,3,NEU,90-92,3/4,Normal,1,21,89,56,70,3,9,10,2,6,3,5,-,77,-,-,-,-,-,-,-,-,77,-,-,-,-,-,-,-,46,45,17,30,3,3,11,10,4,4,0,0,0,2,0,0,0,0,0,1,0,2,0,1.6,-0.00,1,0.1,-0.0,3.27,0,0,0.0,0.0,0,0,0,0,0,0,0,0.0,0,0,0,0,0,0,0,0,0,0,0,0,0,0,0,0,0,0,0,0,0,0.00,0,0,0,0,0,0.0,0.0,0.0,0.00,3,3,20,1,19,0,0,0,7.20,0.1,.000,3,1,25.0,0,13,1,1,0,0,0,0,0,0,0,0,-0.8,0.0
C,Boileryard Clarke,Boileryard,Clarke,Dubuque Packers,6' 0',170 lbs,R,R,69,Washington Senators,MIN,1901,2026,,83628,Bronze,Snapshot  C Boileryard Clarke  WS1  1901,0,N,0,61,68,75,72,95,69,66,86,72,89,56,69,72,73,97,43,6,Normal,Spray,Spray,1,1,1,3,1,1,1,3,1,1,1,3,16,-,-,-,-,-,-,-,-,-,-,-,1,NEU,89-91,3/4,Normal,1,4,68,58,61,28,31,33,40,2,1,3,-,59,46,-,-,-,-,-,-,72,59,46,-,-,-,-,-,-,58,78,73,40,7,7,23,20,3,1,1,0,1,3,1,2,0,0,0,1,0,8,0,1.7,-0.06,1,-1.4,-0.2,4.48,0,0,0.0,0.0,0,0,0,0,0,0,0,0.0,0,0,0,0,0,0,0,0,0,0,0,0,0,0,0,0,0,0,0,0,0,0.00,0,0,0,0,0,0.0,0.0,0.0,0.00,7,7,50,3,47,0,0,0,7.26,0.0,1.011,5,1,62.0,0,25,2,2,0,0,0,0,0,0,0,0,-1.4,0.0
C,William Contreras,William,Contreras,Dubuque Packers,6' 0',180 lbs,R,R,79,Milwaukee Brewers,MIL,2024,2015+,,83743,Silver,Snapshot  C William Contreras  MIL  2024,0,N,0,80,75,77,91,85,91,83,85,100,89,76,73,75,89,84,5,7,Normal,Pull,Pull,1,1,1,3,1,1,1,3,1,1,1,3,17,-,-,-,-,-,-,-,-,-,-,-,1,NEU,93-95,3/4,Normal,1,7,38,50,48,10,6,9,10,5,3,7,-,35,-,-,-,-,-,-,-,16,35,-,-,-,-,-,-,-,47,34,75,62,2,1,3,3,0,0,0,0,0,0,0,0,0,0,0,0,0,0,0,0.0,-0.13,0,-0.8,-0.1,3.00,0,0,0.0,0.0,0,0,0,0,0,0,0,0.0,0,0,0,0,0,0,0,0,0,0,0,0,0,0,0,0,0,0,0,0,0,0.00,0,0,0,0,0,0.0,0.0,0.0,0.00,2,1,8,0,8,0,0,0,8.00,-0.1,.000,1,0,9.0,0,3,0,0,0,0,0,0,0,0,0,0,0.0,0.0
C,Dick Dietz,Dick,Dietz,Gastonia Peaches,6' 1',195 lbs,R,R,88,San Francisco Giants,SFG,1970,1961-1979,CS,85842,Gold,Clubhouse - Snapshot  C Dick Dietz  SF  1970,0,N,0,113,108,95,156,64,122,92,131,169,78,110,115,87,152,60,32,24,Groundball,Spray,Spray,1,1,1,4,1,1,1,4,1,1,1,4,16,-,-,-,-,-,-,-,-,-,-,-,1,NEU,89-91,3/4,Normal,1,14,32,38,28,3,4,1,7,6,7,1,-,18,-,-,-,-,-,-,-,-,18,-,-,-,-,-,-,-,22,14,11,11,5,2,13,9,2,1,1,0,0,0,1,4,0,0,0,0,0,2,0,1.9,-0.04,2,0.7,0.1,5.54,0,0,0.0,-0.4,0,0,0,0,0,0,0,0.0,0,0,0,0,0,0,0,0,0,0,0,0,0,0,0,0,0,0,0,0,0,0.00,0,0,0,0,0,0.0,0.0,0.0,0.00,2,2,22,1,21,0,0,0,9.00,-0.0,1.011,1,0,22.0,0,9,2,2,0,0,0,0,0,0,0,0,-0.3,0.0
C,Andy Etchebarren,Andy,Etchebarren,Globo Gym Purple Cobras - JW,6' 1',195 lbs,R,R,63,Baltimore Orioles,BAL,1971,1961-1979,,85850,Bronze,Heart Attack - Unsung Heroes  C Andy Etchebarren  BAL  1971,0,Y,5,97,68,96,75,67,92,57,124,68,84,99,70,88,79,56,40,21,Normal,Normal,Normal,1,1,1,9,1,1,1,9,1,1,1,9,16,-,-,-,-,-,-,-,-,-,-,-,1,GB,90-92,3/4,GB'er,1,16,79,76,92,10,6,7,7,4,8,9,-,92,-,-,-,-,-,-,-,17,92,-,-,-,-,-,-,-,38,44,20,35,3,1,4,4,1,1,0,0,0,0,0,0,0,0,0,0,0,1,0,0.2,-0.18,0,-0.3,-0.0,3.00,0,0,0.0,0.0,0,0,0,0,0,0,0,0.0,0,0,0,0,0,0,0,0,0,0,0,0,0,0,0,0,0,0,0,0,0,0.00,0,0,0,0,0,0.0,0.0,0.0,0.00,3,1,8,0,8,0,0,0,6.55,0.0,.000,0,0,11.0,0,3,1,1,0,0,0,0,0,0,0,0,-0.3,0.0
C,Rich Gedman,Rich,Gedman,AW Bees - GH,6' 0',215 lbs,L,R,86,Boston Red Sox,BOS,1985,1980-1992,CS,86090,Gold,Clubhouse - Baseball Reference 5  C Rich Gedman  BOS  1985,0,N,0,116,101,96,75,83,97,72,67,60,68,124,115,109,81,88,36,4,Line Drive,Normal,Normal,1,1,1,1,1,1,1,1,1,1,1,1,16,-,-,-,-,-,-,-,-,-,-,-,1,NEU,90-92,OTT,Normal,1,24,45,78,111,8,3,7,1,3,5,9,-,78,-,-,-,-,-,-,-,9,78,-,-,-,-,-,-,-,29,10,90,23,14,13,46,42,17,13,1,1,2,6,3,4,0,0,0,0,0,11,0,12.3,0.62,11,5.5,0.5,4.17,0,0,0.0,-1.5,0,0,0,0,0,0,0,0.0,0,0,0,0,0,0,0,0,0,0,0,0,0,0,0,0,0,0,0,0,0,0.00,0,0,0,0,0,0.0,0.0,0.0,0.00,14,13,85,4,81,0,0,0,6.54,-0.2,.809,3,0,117.0,0,50,8,8,1,0,1,0,0,0,0,0,-1.2,0.0
C,Josh Gibson,Josh,Gibson,Brookline Bees,6' 1',215 lbs,R,R,84,Pittsburgh Homestead Grays,PHG,1946,1946-1960,,86898,Gold,HOF 2 - Negro League Star  C Josh Gibson  PHG  1946,0,N,0,83,138,153,79,70,89,142,161,84,73,82,137,151,78,69,43,44,Line Drive,Spray,Normal,1,1,24,1,1,1,24,1,1,1,24,1,17,-,17,-,-,-,-,-,-,-,-,-,2,EX FB,94-96,3/4,Normal,17,5,72,70,65,56,41,72,37,75,62,62,-,69,75,-,48,-,-,-,-,100,69,75,-,48,-,-,-,-,56,48,67,56,2,2,7,7,1,0,0,0,1,1,1,0,0,0,0,0,0,1,0,0.6,0.10,0,-0.2,-0.0,3.43,0,0,0.0,0.0,0,0,0,0,0,0,0,0.0,0,0,0,0,0,0,0,0,0,0,0,0,0,0,0,0,0,0,0,0,0,0.00,0,0,0,0,0,0.0,0.0,0.0,0.00,2,2,16,1,15,0,0,0,8.00,-0.1,.000,2,1,18.0,1,14,0,0,0,0,0,0,0,0,0,0,-0.3,0.0
C,Josh Gibson,Josh,Gibson,Chicago Gamblers - E6,6' 1',215 lbs,R,R,84,Pittsburgh Homestead Grays,PHG,1946,1946-1960,,86898,Gold,HOF 2 - Negro League Star  C Josh Gibson  PHG  1946,0,N,0,83,138,153,79,70,89,142,161,84,73,82,137,151,78,69,43,44,Line Drive,Spray,Normal,1,1,24,1,1,1,24,1,1,1,24,1,17,-,17,-,-,-,-,-,-,-,-,-,2,EX FB,94-96,3/4,Normal,17,5,72,70,65,56,41,72,37,75,62,62,-,69,75,-,48,-,-,-,-,100,69,75,-,48,-,-,-,-,56,48,67,56,18,17,56,48,11,6,1,1,3,7,8,7,0,1,0,0,0,17,0,8.5,0.38,8,1.7,0.1,4.43,0,0,0.0,-1.0,0,0,0,0,0,0,0,0.0,0,0,0,0,0,0,0,0,0,0,0,0,0,0,0,0,0,0,0,0,0,0.00,0,0,0,0,0,0.0,0.0,0.0,0.00,17,17,115,3,112,0,0,0,8.41,-0.9,1.011,6,0,123.0,2,50,8,7,0,0,0,0,0,0,0,0,-2.0,0.0
C,Josh Gibson,Josh,Gibson,Kansas City Torrent - JW,6' 1',215 lbs,R,R,84,Pittsburgh Homestead Grays,PHG,1946,1946-1960,,86898,Gold,HOF 2 - Negro League Star  C Josh Gibson  PHG  1946,5 145,N,0,83,138,153,79,70,89,142,161,84,73,82,137,151,78,69,43,44,Line Drive,Spray,Normal,1,1,24,1,1,1,24,1,1,1,24,1,17,-,17,-,-,-,-,-,-,-,-,-,2,EX FB,94-96,3/4,Normal,17,5,72,70,65,56,41,72,37,75,62,62,-,69,75,-,48,-,-,-,-,100,69,75,-,48,-,-,-,-,56,48,67,56,3,3,12,11,1,1,0,0,0,0,1,0,0,0,1,0,0,5,0,0.1,-0.23,0,-2.4,-0.2,4.00,0,0,0.0,0.0,0,0,0,0,0,0,0,0.0,0,0,0,0,0,0,0,0,0,0,0,0,0,0,0,0,0,0,0,0,0,0.00,0,0,0,0,0,0.0,0.0,0.0,0.00,3,3,21,0,21,0,0,0,7.27,0.1,.000,0,0,26.0,0,15,2,2,0,0,0,0,0,0,0,0,-0.7,0.0
C,Josh Gibson,Josh,Gibson,Shibuya Shredders - GH,6' 1',215 lbs,R,R,84,Pittsburgh Homestead Grays,PHG,1946,1946-1960,,86898,Gold,HOF 2 - Negro League Star  C Josh Gibson  PHG  1946,0,N,0,83,138,153,79,70,89,142,161,84,73,82,137,151,78,69,43,44,Line Drive,Spray,Normal,1,1,24,1,1,1,24,1,1,1,24,1,17,-,17,-,-,-,-,-,-,-,-,-,2,EX FB,94-96,3/4,Normal,17,5,72,70,65,56,41,72,37,75,62,62,-,69,75,-,48,-,-,-,-,100,69,75,-,48,-,-,-,-,56,48,67,56,6,5,19,19,5,3,0,0,2,3,3,0,0,0,0,0,0,6,0,2.9,-0.07,2,0.6,0.1,3.63,0,0,0.0,0.0,0,0,0,0,0,0,0,0.0,0,0,0,0,0,0,0,0,0,0,0,0,0,0,0,0,0,0,0,0,0,0.00,0,0,0,0,0,0.0,0.0,0.0,0.00,6,5,45,1,44,0,0,0,8.62,0.1,1.062,1,0,47.0,0,25,3,3,0,0,0,0,0,0,0,0,-0.4,0.0
C,Yasmani Grandal,Yasmani,Grandal,Sixes Tornadoes,6' 2',225 lbs,S,R,49,Chicago White Sox,CHW,2020,2015+,,86692,Iron,PTWC 65th-128th - Unsung Heroes  C Yasmani Grandal  CWS  2020,0,N,0,75,67,82,145,51,82,5,101,150,55,73,76,75,143,50,4,1,Normal,Ex. Pull,Pull,1,1,1,2,1,1,1,2,1,1,1,2,16,-,-,-,-,-,-,-,-,-,-,-,1,NEU,92-94,OTT,Normal,1,22,46,102,98,31,26,29,31,6,2,10,-,85,51,-,-,-,-,-,-,68,85,51,-,-,-,-,-,-,3,1,1,6,2,1,5,5,2,1,1,0,0,3,0,0,0,0,0,0,0,1,0,1.2,0.34,1,0.5,-0.0,5.00,0,0,0.0,-1.0,0,0,0,0,0,0,0,0.0,0,0,0,0,0,0,0,0,0,0,0,0,0,0,0,0,0,0,0,0,0,0.00,0,0,0,0,0,0.0,0.0,0.0,0.00,2,1,11,0,11,0,0,0,9.00,-0.0,.000,1,0,11.0,0,7,1,1,0,0,0,0,0,0,0,0,0.0,0.0
C,Yasmani Grandal,Yasmani,Grandal,New York Jackhammers,6' 2',225 lbs,S,R,79,Milwaukee Brewers,MIL,2019,2015+,,83966,Silver,Historical All-Star  C Yasmani Grandal  MIL  2019,0,N,0,61,55,83,142,74,64,49,99,154,76,60,57,77,138,74,4,9,Normal,Ex. Pull,Pull,1,1,1,1,1,1,1,1,1,1,1,1,17,-,-,-,-,-,-,-,-,-,-,-,1,NEU,95-97,OTT,Normal,1,24,62,93,69,31,26,29,31,9,8,4,-,76,51,-,-,-,-,-,-,68,76,51,-,-,-,-,-,-,41,18,76,39,5,2,8,8,1,1,0,0,0,1,0,0,0,0,0,0,0,3,0,0.1,-0.07,0,-1.4,-0.1,3.25,0,0,0.0,0.0,0,0,0,0,0,0,0,0.0,0,0,0,0,0,0,0,0,0,0,0,0,0,0,0,0,0,0,0,0,0,0.00,0,0,0,0,0,0.0,0.0,0.0,0.00,5,2,22,0,22,0,0,0,9.43,-0.2,.000,0,0,21.0,1,7,0,0,0,0,0,0,0,0,0,0,-0.1,0.0
C,Gabby Hartnett,Gabby,Hartnett,Ogden Raptors - HotL,6' 1',195 lbs,R,R,66,Chicago Cubs,CHC,1936,1921-1945,,86254,Bronze,All-Star Week - Historical All-Star  C Gabby Hartnett  CHC  1936,0,N,0,96,75,87,64,81,86,54,128,80,92,100,81,77,59,78,66,54,Normal,Spray,Spray,1,1,1,2,1,1,1,2,1,1,1,2,16,-,-,-,-,-,-,-,-,-,-,-,1,NEU,89-91,OTT,Normal,1,6,76,67,111,3,2,4,10,2,1,10,-,88,-,-,-,-,-,-,-,-,88,-,-,-,-,-,-,-,28,5,6,19,7,7,28,27,6,4,2,0,0,4,2,1,0,0,0,0,0,11,0,2.1,-0.13,1,-1.7,-0.1,4.36,0,0,0.0,0.0,0,0,0,0,0,0,0,0.0,0,0,0,0,0,0,0,0,0,0,0,0,0,0,0,0,0,0,0,0,0,0.00,0,0,0,0,0,0.0,0.0,0.0,0.00,7,7,65,0,65,0,0,0,9.14,0.1,.000,1,0,64.0,0,19,4,4,0,0,0,0,0,0,0,0,-0.5,0.0
C,Gabby Hartnett,Gabby,Hartnett,Texas Briskets,6' 1',195 lbs,R,R,66,Chicago Cubs,CHC,1936,1921-1945,,86254,Bronze,All-Star Week - Historical All-Star  C Gabby Hartnett  CHC  1936,0,N,0,96,75,87,64,81,86,54,128,80,92,100,81,77,59,78,66,54,Normal,Spray,Spray,1,1,1,2,1,1,1,2,1,1,1,2,16,-,-,-,-,-,-,-,-,-,-,-,1,NEU,89-91,OTT,Normal,1,6,76,67,111,3,2,4,10,2,1,10,-,88,-,-,-,-,-,-,-,-,88,-,-,-,-,-,-,-,28,5,6,19,1,1,4,4,1,1,0,0,0,0,0,0,0,0,0,0,0,0,0,0.2,-0.05,0,-0.3,-0.0,3.25,0,0,0.0,0.0,0,0,0,0,0,0,0,0.0,0,0,0,0,0,0,0,0,0,0,0,0,0,0,0,0,0,0,0,0,0,0.00,0,0,0,0,0,0.0,0.0,0.0,0.00,1,1,10,0,10,0,0,0,10.00,-0.1,.000,1,0,9.0,0,2,0,0,0,0,0,0,0,0,0,0,0.0,0.0
C,Gabby Hartnett,Gabby,Hartnett,Castroville Mashers - JW,6' 1',195 lbs,R,R,66,Chicago Cubs,CHC,1936,1921-1945,,86254,Bronze,All-Star Week - Historical All-Star  C Gabby Hartnett  CHC  1936,0,Y,5,104,82,94,70,88,93,59,138,87,100,108,88,84,65,85,66,54,Normal,Spray,Spray,1,1,1,4,1,1,1,4,1,1,1,4,16,-,-,-,-,-,-,-,-,-,-,-,1,NEU,89-91,OTT,Normal,1,6,76,67,111,3,2,4,10,2,1,10,-,94,-,-,-,-,-,-,-,-,94,-,-,-,-,-,-,-,28,5,6,19,2,2,7,7,2,2,0,0,0,0,0,0,0,0,0,0,0,1,0,0.6,-0.17,0,-0.4,0.0,3.57,0,0,0.0,0.0,0,0,0,0,0,0,0,0.0,0,0,0,0,0,0,0,0,0,0,0,0,0,0,0,0,0,0,0,0,0,0.00,0,0,0,0,0,0.0,0.0,0.0,0.00,2,2,15,2,13,0,0,0,8.44,0.3,.000,3,2,16.0,0,5,1,1,0,0,0,0,0,0,0,0,0.0,0.0
C,Gabby Hartnett,Gabby,Hartnett,Orlando Heatstrokes,6' 1',195 lbs,R,R,66,Chicago Cubs,CHC,1936,1921-1945,,86254,Bronze,All-Star Week - Historical All-Star  C Gabby Hartnett  CHC  1936,0,N,0,96,75,87,64,81,86,54,128,80,92,100,81,77,59,78,66,54,Normal,Spray,Spray,1,1,1,2,1,1,1,2,1,1,1,2,16,-,-,-,-,-,-,-,-,-,-,-,1,NEU,89-91,OTT,Normal,1,6,76,67,111,3,2,4,10,2,1,10,-,88,-,-,-,-,-,-,-,-,88,-,-,-,-,-,-,-,28,5,6,19,2,1,4,4,1,1,0,0,0,1,0,0,0,0,0,0,0,2,0,0.2,-0.01,0,-0.3,-0.0,5.00,0,0,0.0,0.0,0,0,0,0,0,0,0,0.0,0,0,0,0,0,0,0,0,0,0,0,0,0,0,0,0,0,0,0,0,0,0.00,0,0,0,0,0,0.0,0.0,0.0,0.00,2,1,6,0,6,0,0,0,4.91,0.0,.000,0,0,11.0,0,4,0,0,0,0,0,0,0,0,0,0,-0.3,0.0
C,Todd Hundley,Todd,Hundley,Oslo Nordiques,5' 11',185 lbs,S,R,85,New York Mets,NYM,1997,1993-2004,,85434,Gold,May Birthdays - Historical All-Star  C Todd Hundley  NYM  1997,0,N,0,85,66,122,151,51,75,62,72,190,41,89,68,144,138,55,8,8,Flyball,Spray,Spray,1,1,1,7,1,1,1,7,1,1,1,7,16,-,-,-,-,-,-,-,-,-,-,-,1,GB,90-92,OTT,GB'er,1,9,52,60,47,1,9,9,4,1,6,8,-,46,-,-,-,-,-,-,-,-,46,-,-,-,-,-,-,-,37,28,11,32,3,3,15,15,6,4,2,0,0,2,0,0,0,0,0,0,0,4,1,2.7,0.05,2,1.1,0.2,3.60,0,0,0.0,0.1,0,0,0,0,0,0,0,0.0,0,0,0,0,0,0,0,0,0,0,0,0,0,0,0,0,0,0,0,0,0,0.00,0,0,0,0,0,0.0,0.0,0.0,0.00,3,3,30,3,27,0,1,0,8.53,0.3,1.011,5,2,31.2,0,16,3,3,1,1,0,0,0,0,0,0,-0.1,0.0
C,Charles Johnson,Charles,Johnson,Chicago Rat Finks - HotL,6' 2',215 lbs,R,R,84,Chicago White Sox,CHW,2000,1993-2004,,86365,Gold,T4 Ep. 6 - Baseball Reference 6  C Charles Johnson  CWS  2000,0,Y,5,116,84,131,144,56,93,119,122,156,59,126,72,134,140,55,24,2,Flyball,Pull,Pull,1,1,1,1,1,1,1,1,1,1,1,1,16,-,-,-,-,-,-,-,-,-,-,-,1,NEU,90-92,OTT,Normal,1,5,82,67,99,1,2,6,5,1,5,6,-,92,-,-,-,-,-,-,-,-,92,-,-,-,-,-,-,-,36,16,56,65,4,4,16,14,5,1,1,0,3,4,4,1,0,0,0,1,0,2,0,5.9,0.19,5,3.2,0.3,3.69,0,0,0.0,-0.4,0,0,0,0,0,0,0,0.0,0,0,0,0,0,0,0,0,0,0,0,0,0,0,0,0,0,0,0,0,0,0.00,0,0,0,0,0,0.0,0.0,0.0,0.00,4,4,31,0,30,1,0,0,7.17,0.0,.000,1,0,37.2,0,21,2,2,0,0,0,0,0,0,0,0,-0.9,0.0
C,Charles Johnson,Charles,Johnson,Sydney Whalers,6' 2',215 lbs,R,R,84,Chicago White Sox,CHW,2000,1993-2004,,86365,Gold,T4 Ep. 6 - Baseball Reference 6  C Charles Johnson  CWS  2000,0,Y,5,116,84,131,144,56,93,119,122,156,59,126,72,134,140,55,24,2,Flyball,Pull,Pull,1,1,1,1,1,1,1,1,1,1,1,1,16,-,-,-,-,-,-,-,-,-,-,-,1,NEU,90-92,OTT,Normal,1,5,82,67,99,1,2,6,5,1,5,6,-,92,-,-,-,-,-,-,-,-,92,-,-,-,-,-,-,-,36,16,56,65,3,3,14,12,4,2,2,0,0,0,3,2,0,0,0,0,0,4,1,2.3,-0.08,2,1.0,0.1,4.43,0,0,0.0,-0.2,0,0,0,0,0,0,0,0.0,0,0,0,0,0,0,0,0,0,0,0,0,0,0,0,0,0,0,0,0,0,0.00,0,0,0,0,0,0.0,0.0,0.0,0.00,3,3,27,2,25,0,0,0,8.68,-0.1,1.011,1,0,28.0,1,7,4,4,1,1,0,0,0,0,0,0,-0.3,0.0
C,Charles Johnson,Charles,Johnson,Shakedown 1977 Microbus TTC - GH,6' 2',215 lbs,R,R,84,Chicago White Sox,CHW,2000,1993-2004,,86365,Gold,T4 Ep. 6 - Baseball Reference 6  C Charles Johnson  CWS  2000,0,N,0,107,77,121,134,51,86,110,113,145,54,117,66,124,130,50,24,2,Flyball,Pull,Pull,1,1,1,1,1,1,1,1,1,1,1,1,16,-,-,-,-,-,-,-,-,-,-,-,1,NEU,90-92,OTT,Normal,1,5,82,67,99,1,2,6,5,1,5,6,-,86,-,-,-,-,-,-,-,-,86,-,-,-,-,-,-,-,36,16,56,65,11,11,44,40,6,3,0,0,3,8,5,3,0,0,0,1,0,12,1,3.0,0.17,2,-2.6,-0.2,3.86,0,0,0.0,-0.0,0,0,0,0,0,0,0,0.0,0,0,0,0,0,0,0,0,0,0,0,0,0,0,0,0,0,0,0,0,0,0.00,0,0,0,0,0,0.0,0.0,0.0,0.00,11,11,92,2,90,0,0,0,8.23,-0.2,1.011,3,0,100.2,1,31,7,7,0,0,0,0,0,0,0,0,-1.4,0.0
C,Charles Johnson,Charles,Johnson,Grand Rapids Warriors,6' 2',215 lbs,R,R,84,Chicago White Sox,CHW,2000,1993-2004,,86365,Gold,T4 Ep. 6 - Baseball Reference 6  C Charles Johnson  CWS  2000,0,N,0,107,77,121,134,51,86,110,113,145,54,117,66,124,130,50,24,2,Flyball,Pull,Pull,1,1,1,1,1,1,1,1,1,1,1,1,16,-,-,-,-,-,-,-,-,-,-,-,1,NEU,90-92,OTT,Normal,1,5,82,67,99,1,2,6,5,1,5,6,-,86,-,-,-,-,-,-,-,-,86,-,-,-,-,-,-,-,36,16,56,65,4,4,17,16,4,4,0,0,0,0,1,1,0,0,0,0,0,5,0,1.0,-0.03,1,-0.9,-0.1,4.29,0,1,-0.5,0.3,0,0,0,0,0,0,0,0.0,0,0,0,0,0,0,0,0,0,0,0,0,0,0,0,0,0,0,0,0,0,0.00,0,0,0,0,0,0.0,0.0,0.0,0.00,4,4,41,0,41,0,0,0,10.54,-0.1,.000,2,0,35.0,0,22,2,2,0,0,0,0,0,0,0,0,-0.5,0.0
C,Jason Kendall,Jason,Kendall,Toronto Terns PCK,6' 0',190 lbs,R,R,91,Pittsburgh Pirates,PIT,1998,1993-2004,BBR,84792,Diamond,Baseball Reference 1  C Jason Kendall  PIT  1998,0,Y,5,116,88,71,87,132,123,127,88,97,123,114,75,66,84,135,24,8,Normal,Spray,Spray,1,1,1,1,1,1,1,1,1,1,1,1,16,-,-,-,-,-,-,-,-,-,-,-,1,NEU,89-91,3/4,Normal,1,22,72,70,55,3,5,8,10,9,5,1,-,69,-,-,-,-,-,-,-,-,69,-,-,-,-,-,-,-,71,74,99,69,3,3,12,12,3,1,2,0,0,3,2,0,0,0,0,0,0,3,0,1.2,-0.15,1,-0.3,-0.0,4.50,0,0,0.0,0.1,0,0,0,0,0,0,0,0.0,0,0,0,0,0,0,0,0,0,0,0,0,0,0,0,0,0,0,0,0,0,0.00,0,0,0,0,0,0.0,0.0,0.0,0.00,3,3,30,0,30,0,0,0,10.38,-0.2,.000,3,0,26.0,0,13,0,0,0,0,0,0,0,0,0,0,-0.4,0.0
C,Stan Lopata,Stan,Lopata,Normal Night Owls - HotL,6' 2',210 lbs,R,R,92,Philadelphia Phillies,PHI,1955,1946-1960,CS,86638,Diamond,Clubhouse - Historical All-Star  C Stan Lopata  PHI  1955,0,N,0,70,60,144,160,53,104,80,191,189,66,57,46,128,150,47,29,2,Flyball,Normal,Normal,1,1,1,7,1,1,1,7,1,1,1,7,16,-,-,-,-,-,-,-,-,-,-,-,1,GB,90-92,OTT,GB'er,1,12,57,69,68,32,29,31,32,6,10,6,-,62,54,-,-,-,-,-,-,72,62,54,-,-,-,-,-,-,20,13,6,31,3,1,8,8,1,1,0,0,0,0,0,0,0,0,0,0,0,2,0,0.1,-0.30,0,-1.4,-0.2,4.38,0,0,0.0,0.0,0,0,0,0,0,0,0,0.0,0,0,0,0,0,0,0,0,0,0,0,0,0,0,0,0,0,0,0,0,0,0.00,0,0,0,0,0,0.0,0.0,0.0,0.00,3,1,12,0,12,0,0,0,7.53,-0.2,.000,3,0,14.1,0,4,0,0,0,0,0,0,0,0,0,0,-0.4,0.0
C,Stan Lopata,Stan,Lopata,Charlotte Hellcats GH,6' 2',210 lbs,R,R,92,Philadelphia Phillies,PHI,1955,1946-1960,CS,86638,Diamond,Clubhouse - Historical All-Star  C Stan Lopata  PHI  1955,0,N,0,70,60,144,160,53,104,80,191,189,66,57,46,128,150,47,29,2,Flyball,Normal,Normal,1,1,1,7,1,1,1,7,1,1,1,7,16,-,-,-,-,-,-,-,-,-,-,-,1,GB,90-92,OTT,GB'er,1,12,57,69,68,32,29,31,32,6,10,6,-,62,54,-,-,-,-,-,-,72,62,54,-,-,-,-,-,-,20,13,6,31,5,4,17,13,0,0,0,0,0,0,0,3,0,1,0,0,0,6,1,0.2,-0.19,0,-2.1,-0.3,3.94,0,0,0.0,-0.0,0,0,0,0,0,0,0,0.0,0,0,0,0,0,0,0,0,0,0,0,0,0,0,0,0,0,0,0,0,0,0.00,0,0,0,0,0,0.0,0.0,0.0,0.00,5,4,44,5,39,0,3,0,9.90,-0.7,.828,1,0,40.0,1,23,7,6,0,0,0,0,0,0,0,0,-1.2,0.0
C,Javy Lopez,Javy,Lopez,Northville Stallions,6' 3',185 lbs,R,R,89,Atlanta Braves,ATL,1998,1993-2004,,86306,Gold,HOF Week - Historical All-Star  C Javy Lopez  ATL  1998,0,N,0,106,97,150,62,68,111,112,168,50,66,105,94,144,65,69,18,1,Flyball,Normal,Normal,1,1,1,1,1,1,1,1,1,1,1,1,16,-,-,-,-,-,-,-,-,-,-,-,1,NEU,90-92,3/4,Normal,1,25,60,62,65,1,7,6,4,5,5,6,-,58,-,-,-,-,-,-,-,-,58,-,-,-,-,-,-,-,43,25,15,51,3,1,7,7,2,1,0,0,1,4,1,0,0,0,0,0,0,5,0,1.4,0.05,1,0.6,0.1,4.29,0,0,0.0,-0.0,0,0,0,0,0,0,0,0.0,0,0,0,0,0,0,0,0,0,0,0,0,0,0,0,0,0,0,0,0,0,0.00,0,0,0,0,0,0.0,0.0,0.0,0.00,1,1,4,0,4,0,0,0,4.00,0.0,.000,0,0,9.0,0,7,1,1,0,0,0,0,0,0,0,0,0.0,0.0
C,Javy Lopez,Javy,Lopez,Winnipeg Brew Jays - HotL,6' 3',185 lbs,R,R,89,Atlanta Braves,ATL,1998,1993-2004,,86306,Gold,HOF Week - Historical All-Star  C Javy Lopez  ATL  1998,0,Y,5,115,105,161,68,74,120,121,181,55,72,114,102,155,71,75,18,1,Flyball,Normal,Normal,1,1,1,1,1,1,1,1,1,1,1,1,16,-,-,-,-,-,-,-,-,-,-,-,1,NEU,90-92,3/4,Normal,1,25,60,62,65,1,7,6,4,5,5,6,-,63,-,-,-,-,-,-,-,-,63,-,-,-,-,-,-,-,43,25,15,51,7,7,28,25,4,4,0,0,0,2,1,0,0,1,0,1,1,6,1,0.7,-0.68,0,-3.8,-0.4,3.68,0,0,0.0,-0.0,0,0,0,0,0,0,0,0.0,0,0,0,0,0,0,0,0,0,0,0,0,0,0,0,0,0,0,0,0,0,0.00,0,0,0,0,0,0.0,0.0,0.0,0.00,7,7,52,2,50,0,0,0,7.16,-0.1,.000,3,0,65.1,0,46,1,1,0,0,0,0,0,0,0,0,-1.6,0.0
C,Javy Lopez,Javy,Lopez,Globo Gym Purple Cobras - JW,6' 3',185 lbs,R,R,89,Atlanta Braves,ATL,1998,1993-2004,,86306,Gold,HOF Week - Historical All-Star  C Javy Lopez  ATL  1998,0,Y,5,115,105,161,68,74,120,121,181,55,72,114,102,155,71,75,18,1,Flyball,Normal,Normal,1,1,1,1,1,1,1,1,1,1,1,1,16,-,-,-,-,-,-,-,-,-,-,-,1,NEU,90-92,3/4,Normal,1,25,60,62,65,1,7,6,4,5,5,6,-,63,-,-,-,-,-,-,-,-,63,-,-,-,-,-,-,-,43,25,15,51,4,4,18,18,5,2,1,0,2,5,2,0,0,0,0,0,0,7,0,3.3,0.31,3,1.1,0.1,4.33,0,0,0.0,0.0,0,0,0,0,0,0,0,0.0,0,0,0,0,0,0,0,0,0,0,0,0,0,0,0,0,0,0,0,0,0,0.00,0,0,0,0,0,0.0,0.0,0.0,0.00,4,4,33,3,29,1,0,0,8.23,0.3,1.011,5,2,35.0,0,14,0,0,1,1,0,0,0,0,0,0,-0.9,0.0
C,Javy Lopez,Javy,Lopez,Gastonia Peaches,6' 3',185 lbs,R,R,89,Atlanta Braves,ATL,1998,1993-2004,,86306,Gold,HOF Week - Historical All-Star  C Javy Lopez  ATL  1998,0,N,0,106,97,150,62,68,111,112,168,50,66,105,94,144,65,69,18,1,Flyball,Normal,Normal,1,1,1,1,1,1,1,1,1,1,1,1,16,-,-,-,-,-,-,-,-,-,-,-,1,NEU,90-92,3/4,Normal,1,25,60,62,65,1,7,6,4,5,5,6,-,58,-,-,-,-,-,-,-,-,58,-,-,-,-,-,-,-,43,25,15,51,5,5,23,23,5,2,0,1,2,4,3,0,0,0,0,0,0,8,0,2.8,0.31,2,0.1,0.0,4.39,0,0,0.0,0.0,0,0,0,0,0,0,0,0.0,0,0,0,0,0,0,0,0,0,0,0,0,0,0,0,0,0,0,0,0,0,0.00,0,0,0,0,0,0.0,0.0,0.0,0.00,5,5,56,3,53,0,0,0,9.51,-0.1,1.011,3,0,53.0,0,29,2,2,1,1,0,0,0,0,0,0,-0.8,0.0
C,Javy Lopez,Javy,Lopez,Roaming Rascals BFF,6' 3',185 lbs,R,R,89,Atlanta Braves,ATL,1998,1993-2004,,86306,Gold,HOF Week - Historical All-Star  C Javy Lopez  ATL  1998,0,Y,5,115,105,161,68,74,120,121,181,55,72,114,102,155,71,75,18,1,Flyball,Normal,Normal,1,1,1,1,1,1,1,1,1,1,1,1,16,-,-,-,-,-,-,-,-,-,-,-,1,NEU,90-92,3/4,Normal,1,25,60,62,65,1,7,6,4,5,5,6,-,63,-,-,-,-,-,-,-,-,63,-,-,-,-,-,-,-,43,25,15,51,14,14,52,50,16,12,2,0,2,8,6,2,0,0,0,0,0,18,0,8.5,-0.25,8,1.8,0.2,3.75,0,0,0.0,-0.8,0,0,0,0,0,0,0,0.0,0,0,0,0,0,0,0,0,0,0,0,0,0,0,0,0,0,0,0,0,0,0.00,0,0,0,0,0,0.0,0.0,0.0,0.00,14,14,135,7,128,0,2,0,10.04,0.7,1.011,6,3,121.0,0,48,4,4,1,1,0,0,0,0,0,0,-2.4,0.0
C,Javy Lopez,Javy,Lopez,Jeju City Foxes,6' 3',185 lbs,R,R,89,Atlanta Braves,ATL,1998,1993-2004,,86306,Gold,HOF Week - Historical All-Star  C Javy Lopez  ATL  1998,0,N,0,106,97,150,62,68,111,112,168,50,66,105,94,144,65,69,18,1,Flyball,Normal,Normal,1,1,1,1,1,1,1,1,1,1,1,1,16,-,-,-,-,-,-,-,-,-,-,-,1,NEU,90-92,3/4,Normal,1,25,60,62,65,1,7,6,4,5,5,6,-,58,-,-,-,-,-,-,-,-,58,-,-,-,-,-,-,-,43,25,15,51,2,1,5,5,0,0,0,0,0,0,0,0,0,0,0,0,0,2,0,0.0,-0.10,0,-1.3,-0.1,3.60,0,0,0.0,0.0,0,0,0,0,0,0,0,0.0,0,0,0,0,0,0,0,0,0,0,0,0,0,0,0,0,0,0,0,0,0,0.00,0,0,0,0,0,0.0,0.0,0.0,0.00,1,1,8,0,8,0,0,0,8.00,-0.1,.000,1,0,9.0,0,1,0,0,0,0,0,0,0,0,0,0,-0.3,0.0
C,Victor Martinez,Victor,Martinez,Genericsville Generics,6' 2',235 lbs,S,R,74,Cleveland,CLE,2005,2005-2014,,83705,Silver,Snapshot  C Victor Martinez  CLE  2005,0,Y,5,94,74,88,87,102,89,63,38,94,82,97,79,99,85,108,4,8,Groundball,Normal,Normal,1,1,1,1,1,1,1,1,1,1,1,1,17,-,-,-,-,-,-,-,-,-,-,-,1,NEU,93-95,3/4,Normal,1,16,91,70,40,4,9,6,10,9,2,10,-,72,-,-,-,-,-,-,-,1,72,-,-,-,-,-,-,-,1,4,6,6,2,1,5,5,2,2,0,0,0,0,0,0,0,0,0,0,0,0,0,0.8,0.00,0,0.2,0.0,4.60,0,0,0.0,0.0,0,0,0,0,0,0,0,0.0,0,0,0,0,0,0,0,0,0,0,0,0,0,0,0,0,0,0,0,0,0,0.00,0,0,0,0,0,0.0,0.0,0.0,0.00,1,1,7,0,7,0,0,0,7.00,-0.2,.000,0,0,9.0,1,1,0,0,0,0,0,0,0,0,0,0,0.0,0.0
C,Brent Mayne,Brent,Mayne,Altoona Mountain Citys,6' 1',190 lbs,L,R,67,San Francisco Giants,SFG,1999,1993-2004,,83645,Bronze,Snapshot  C Brent Mayne  SF  1999,0,N,0,111,119,16,82,73,113,116,1,85,61,110,121,22,82,77,33,4,Line Drive,Normal,Normal,1,1,1,2,1,1,1,2,1,1,1,2,-,-,-,16,-,17,-,-,-,-,-,-,2,NEU,89-91,OTT,Normal,1,12,91,69,74,6,5,10,10,6,2,8,-,81,-,-,-,-,-,-,-,9,81,-,-,-,-,-,-,-,20,24,26,28,3,3,12,11,0,0,0,0,0,0,0,1,0,0,0,0,0,7,0,0.0,-0.09,-1,-2.6,-0.3,4.42,0,0,0.0,0.0,0,0,0,0,0,0,0,0.0,0,0,0,0,0,0,0,0,0,0,0,0,0,0,0,0,0,0,0,0,0,0.00,0,0,0,0,0,0.0,0.0,0.0,0.00,3,3,14,1,13,0,1,0,4.72,0.1,.000,0,0,26.2,0,22,1,1,0,0,0,0,0,0,0,0,-0.7,0.0
C,Tim McCarver,Tim,McCarver,Roaming Rascals BFF,6' 1',195 lbs,L,R,68,St. Louis Cardinals,STL,1966,1961-1979,,85833,Bronze,T4 Ep. 3 - Historical All-Star  C Tim McCarver  STL  1966,0,Y,5,85,103,80,74,174,55,50,93,22,127,92,121,75,84,190,4,58,Normal,Normal,Normal,1,1,1,9,1,1,1,9,1,1,1,9,16,-,-,-,-,-,-,-,-,-,-,-,1,GB,90-92,OTT,GB'er,1,14,82,78,74,5,6,10,3,4,6,4,-,86,-,-,-,-,-,-,-,7,86,-,-,-,-,-,-,-,74,60,63,58,8,4,15,15,4,1,1,1,1,2,2,0,0,0,0,0,0,2,0,2.7,0.14,2,0.8,0.2,3.33,0,0,0.0,0.0,0,0,0,0,0,0,0,0.0,0,0,0,0,0,0,0,0,0,0,0,0,0,0,0,0,0,0,0,0,0,0.00,0,0,0,0,0,0.0,0.0,0.0,0.00,8,4,33,0,33,0,0,0,7.62,0.0,.000,1,0,39.0,0,22,1,1,0,0,0,0,0,0,0,0,0.0,0.0
C,Doggie Miller,Doggie,Miller,Montrose Cobblers,5' 6',145 lbs,R,R,70,Pittsburgh Pirates,PIT,1892,2026,UTIL,84206,Silver,Super Utility  C Doggie Miller  PIT  1892,0,N,0,67,71,35,75,190,69,73,37,77,200,67,71,35,75,187,6,21,Normal,Normal,Normal,1,1,1,1,1,1,1,1,1,1,1,1,16,-,-,-,-,-,-,-,-,-,-,-,1,NEU,89-91,3/4,Normal,1,5,63,57,62,80,48,71,66,67,44,75,-,56,-,-,64,60,75,52,72,119,56,-,-,64,60,75,52,72,71,88,88,69,4,4,14,13,1,0,1,0,0,0,1,1,0,0,0,0,0,1,0,0.3,-0.14,0,-2.0,-0.2,4.21,0,0,0.0,0.0,0,0,0,0,0,0,0,0.0,0,0,0,0,0,0,0,0,0,0,0,0,0,0,0,0,0,0,0,0,0,0.00,0,0,0,0,0,0.0,0.0,0.0,0.00,4,4,15,1,14,0,0,0,4.09,-0.3,1.011,2,0,33.0,0,14,0,0,2,1,0,0,0,0,0,0,-0.4,0.0
C,Yadier Molina,Yadier,Molina,Winnipeg Golden Knights,5' 11',225 lbs,R,R,62,St. Louis Cardinals,STL,2007,2005-2014,BBR,86450,Bronze,Baseball Reference 7  C Yadier Molina  STL  2007,0,N,0,80,56,47,77,127,88,83,52,148,131,77,38,46,52,126,47,18,Groundball,Ex. Pull,Pull,1,1,1,1,1,1,1,1,1,1,1,1,17,-,17,-,-,-,-,-,-,-,-,-,2,EX FB,95-97,OTT,Normal,1,12,109,96,120,1,6,5,10,6,6,6,-,122,-,-,-,-,-,-,-,-,122,-,-,-,-,-,-,-,14,13,11,49,8,2,13,12,5,5,0,0,0,0,3,1,0,0,0,0,0,2,0,2.4,0.21,2,0.8,0.1,3.38,0,0,0.0,0.2,0,0,0,0,0,0,0,0.0,0,0,0,0,0,0,0,0,0,0,0,0,0,0,0,0,0,0,0,0,0,0.00,0,0,0,0,0,0.0,0.0,0.0,0.00,7,2,32,2,30,0,0,0,9.93,-0.2,1.011,0,0,29.0,0,4,3,2,0,0,0,0,0,0,0,0,-0.1,0.0
C,Yadier Molina,Yadier,Molina,Camjaveratyn O-Forge,5' 11',225 lbs,R,R,62,St. Louis Cardinals,STL,2007,2005-2014,BBR,86450,Bronze,Baseball Reference 7  C Yadier Molina  STL  2007,0,N,0,80,56,47,77,127,88,83,52,148,131,77,38,46,52,126,47,18,Groundball,Ex. Pull,Pull,1,1,1,1,1,1,1,1,1,1,1,1,17,-,17,-,-,-,-,-,-,-,-,-,2,EX FB,95-97,OTT,Normal,1,12,109,96,120,1,6,5,10,6,6,6,-,122,-,-,-,-,-,-,-,-,122,-,-,-,-,-,-,-,14,13,11,49,2,2,7,6,1,1,0,0,0,0,0,1,0,0,0,0,0,1,1,0.2,-0.09,0,-0.5,0.0,3.43,0,0,0.0,0.0,0,0,0,0,0,0,0,0.0,0,0,0,0,0,0,0,0,0,0,0,0,0,0,0,0,0,0,0,0,0,0.00,0,0,0,0,0,0.0,0.0,0.0,0.00,2,2,6,2,4,0,1,0,3.18,0.2,1.011,1,1,17.0,0,8,1,1,0,0,0,0,0,0,0,0,0.0,0.0
C,Yadier Molina,Yadier,Molina,Arcadia Wyverns,5' 11',225 lbs,R,R,62,St. Louis Cardinals,STL,2007,2005-2014,BBR,86450,Bronze,Baseball Reference 7  C Yadier Molina  STL  2007,0,N,0,80,56,47,77,127,88,83,52,148,131,77,38,46,52,126,47,18,Groundball,Ex. Pull,Pull,1,1,1,1,1,1,1,1,1,1,1,1,17,-,17,-,-,-,-,-,-,-,-,-,2,EX FB,95-97,OTT,Normal,1,12,109,96,120,1,6,5,10,6,6,6,-,122,-,-,-,-,-,-,-,-,122,-,-,-,-,-,-,-,14,13,11,49,2,1,4,3,1,1,0,0,0,0,1,1,0,0,0,0,0,0,0,0.6,0.06,0,0.3,0.1,4.25,0,0,0.0,0.2,0,0,0,0,0,0,0,0.0,0,0,0,0,0,0,0,0,0,0,0,0,0,0,0,0,0,0,0,0,0,0.00,0,0,0,0,0,0.0,0.0,0.0,0.00,2,1,9,0,9,0,0,0,6.75,0.0,.000,0,0,12.0,0,7,0,0,0,0,0,0,0,0,0,0,0.0,0.0
C,Yadier Molina,Yadier,Molina,Three Mile Island Atomic Isotopes,5' 11',225 lbs,R,R,62,St. Louis Cardinals,STL,2007,2005-2014,BBR,86450,Bronze,Baseball Reference 7  C Yadier Molina  STL  2007,0,N,0,80,56,47,77,127,88,83,52,148,131,77,38,46,52,126,47,18,Groundball,Ex. Pull,Pull,1,1,1,1,1,1,1,1,1,1,1,1,17,-,17,-,-,-,-,-,-,-,-,-,2,EX FB,95-97,OTT,Normal,1,12,109,96,120,1,6,5,10,6,6,6,-,122,-,-,-,-,-,-,-,-,122,-,-,-,-,-,-,-,14,13,11,49,2,1,4,3,0,0,0,0,0,0,0,1,0,0,0,0,0,0,0,0.1,-0.08,0,-0.5,-0.0,4.00,0,0,0.0,0.0,0,0,0,0,0,0,0,0.0,0,0,0,0,0,0,0,0,0,0,0,0,0,0,0,0,0,0,0,0,0,0.00,0,0,0,0,0,0.0,0.0,0.0,0.00,2,1,18,0,18,0,0,0,14.73,0.0,.000,0,0,11.0,0,7,2,2,0,0,0,0,0,0,0,0,0.0,0.0
C,Yadier Molina,Yadier,Molina,Junk Wax Heroes,5' 11',225 lbs,R,R,62,St. Louis Cardinals,STL,2007,2005-2014,BBR,86450,Bronze,Baseball Reference 7  C Yadier Molina  STL  2007,0,N,0,80,56,47,77,127,88,83,52,148,131,77,38,46,52,126,47,18,Groundball,Ex. Pull,Pull,1,1,1,1,1,1,1,1,1,1,1,1,17,-,17,-,-,-,-,-,-,-,-,-,2,EX FB,95-97,OTT,Normal,1,12,109,96,120,1,6,5,10,6,6,6,-,122,-,-,-,-,-,-,-,-,122,-,-,-,-,-,-,-,14,13,11,49,3,,3,2,0,0,0,0,0,0,0,1,0,0,0,0,0,0,1,0.0,-0.18,0,-0.2,-0.0,3.67,0,0,0.0,0.0,0,0,0,0,0,0,0,0.0,0,0,0,0,0,0,0,0,0,0,0,0,0,0,0,0,0,0,0,0,0,0.00,0,0,0,0,0,0.0,0.0,0.0,0.00,3,0,5,0,5,0,1,0,5.00,-0.1,.000,1,0,9.0,0,4,0,0,0,0,0,0,0,0,0,0,0.0,0.0
C,Yadier Molina,Yadier,Molina,Herky Hyenas,5' 11',225 lbs,R,R,62,St. Louis Cardinals,STL,2007,2005-2014,BBR,86450,Bronze,Baseball Reference 7  C Yadier Molina  STL  2007,0,N,0,80,56,47,77,127,88,83,52,148,131,77,38,46,52,126,47,18,Groundball,Ex. Pull,Pull,1,1,1,1,1,1,1,1,1,1,1,1,17,-,17,-,-,-,-,-,-,-,-,-,2,EX FB,95-97,OTT,Normal,1,12,109,96,120,1,6,5,10,6,6,6,-,122,-,-,-,-,-,-,-,-,122,-,-,-,-,-,-,-,14,13,11,49,5,4,14,13,2,2,0,0,0,0,1,1,0,0,0,0,0,4,0,0.5,-0.22,0,-1.6,-0.1,4.07,0,0,0.0,0.0,0,0,0,0,0,0,0,0.0,0,0,0,0,0,0,0,0,0,0,0,0,0,0,0,0,0,0,0,0,0,0.00,0,0,0,0,0,0.0,0.0,0.0,0.00,5,4,38,1,36,1,1,0,8.76,0.3,.000,1,1,38.0,0,8,1,1,0,0,0,0,0,0,0,0,0.0,0.0
C,Yadier Molina,Yadier,Molina,Zanesville Greys,5' 11',225 lbs,R,R,62,St. Louis Cardinals,STL,2007,2005-2014,BBR,86450,Bronze,Baseball Reference 7  C Yadier Molina  STL  2007,0,N,0,80,56,47,77,127,88,83,52,148,131,77,38,46,52,126,47,18,Groundball,Ex. Pull,Pull,1,1,1,1,1,1,1,1,1,1,1,1,17,-,17,-,-,-,-,-,-,-,-,-,2,EX FB,95-97,OTT,Normal,1,12,109,96,120,1,6,5,10,6,6,6,-,122,-,-,-,-,-,-,-,-,122,-,-,-,-,-,-,-,14,13,11,49,1,1,3,2,0,0,0,0,0,0,0,1,0,0,0,0,0,2,0,0.1,-0.00,0,-0.2,-0.0,5.33,0,0,0.0,0.0,0,0,0,0,0,0,0,0.0,0,0,0,0,0,0,0,0,0,0,0,0,0,0,0,0,0,0,0,0,0,0.00,0,0,0,0,0,0.0,0.0,0.0,0.00,1,1,12,0,12,0,0,0,13.50,0.0,.000,0,0,8.0,0,2,1,1,0,0,0,0,0,0,0,0,0.0,0.0
C,Yadier Molina,Yadier,Molina,Houston Swangas,5' 11',225 lbs,R,R,62,St. Louis Cardinals,STL,2007,2005-2014,BBR,86450,Bronze,Baseball Reference 7  C Yadier Molina  STL  2007,0,N,0,80,56,47,77,127,88,83,52,148,131,77,38,46,52,126,47,18,Groundball,Ex. Pull,Pull,1,1,1,1,1,1,1,1,1,1,1,1,17,-,17,-,-,-,-,-,-,-,-,-,2,EX FB,95-97,OTT,Normal,1,12,109,96,120,1,6,5,10,6,6,6,-,122,-,-,-,-,-,-,-,-,122,-,-,-,-,-,-,-,14,13,11,49,6,1,4,3,0,0,0,0,0,0,0,1,0,0,0,0,0,1,0,0.1,0.01,0,-0.5,-0.0,5.75,0,0,0.0,0.0,0,0,0,0,0,0,0,0.0,0,0,0,0,0,0,0,0,0,0,0,0,0,0,0,0,0,0,0,0,0,0.00,0,0,0,0,0,0.0,0.0,0.0,0.00,6,1,18,1,17,0,0,0,8.53,-0.2,1.011,0,0,19.0,0,9,2,1,0,0,0,0,0,0,0,0,0.0,0.0
C,Mike Napoli,Mike,Napoli,Youngstown Ironmen,6' 1',225 lbs,R,R,76,Los Angeles Angels,ANA,2008,2005-2014,,86808,Silver,T4 Ep. 9 - Baseball Reference 8  C Mike Napoli  LAA  2008,0,N,0,107,38,136,135,51,118,33,124,148,51,104,40,140,130,51,12,9,Flyball,Ex. Pull,Pull,1,1,1,3,1,1,1,3,1,1,1,3,16,-,-,-,-,-,-,-,-,-,-,-,1,NEU,90-92,OTT,Normal,1,8,52,43,37,6,3,9,4,7,8,3,-,34,-,-,-,-,-,-,-,7,34,-,-,-,-,-,-,-,51,39,70,37,3,3,13,13,3,2,0,0,1,1,1,0,0,0,0,0,0,6,0,1.4,-0.27,1,-0.3,-0.0,4.54,0,0,0.0,0.0,0,0,0,0,0,0,0,0.0,0,0,0,0,0,0,0,0,0,0,0,0,0,0,0,0,0,0,0,0,0,0.00,0,0,0,0,0,0.0,0.0,0.0,0.00,0,0,0,0,0,0,0,0,0.00,0.0,.000,0,0,0.0,0,0,0,0,0,0,0,0,0,0,0,0,0.0,0.0
C,Spoony Palm,Spoony,Palm,Toronto Terns PCK,5' 11',175 lbs,R,R,79,Detroit Stars,Detroit Stars,1929,1921-1945,CS,85863,Silver,Clubhouse - Negro League Star  C Spoony Palm  DS  1929,0,N,0,70,110,113,57,109,73,114,123,62,103,70,109,110,55,112,87,84,Line Drive,Normal,Normal,1,1,19,1,1,1,19,1,1,1,19,1,16,-,-,-,-,-,-,-,-,-,-,-,1,NEU,89-91,OTT,Normal,1,2,85,79,83,1,4,7,6,55,62,68,-,87,-,-,-,-,64,-,60,-,87,-,-,-,-,64,-,60,56,38,68,54,1,1,3,3,0,0,0,0,0,0,0,0,0,0,0,0,0,0,0,0.0,-0.05,0,-0.8,-0.0,6.00,0,0,0.0,0.0,0,0,0,0,0,0,0,0.0,0,0,0,0,0,0,0,0,0,0,0,0,0,0,0,0,0,0,0,0,0,0.00,0,0,0,0,0,0.0,0.0,0.0,0.00,1,1,8,1,7,0,0,0,9.00,0.2,.000,1,1,8.0,0,4,0,0,0,0,0,0,0,0,0,0,0.0,0.0
C,Spoony Palm,Spoony,Palm,Waltham River Otters,5' 11',175 lbs,R,R,79,Detroit Stars,Detroit Stars,1929,1921-1945,CS,85863,Silver,Clubhouse - Negro League Star  C Spoony Palm  DS  1929,0,N,0,70,110,113,57,109,73,114,123,62,103,70,109,110,55,112,87,84,Line Drive,Normal,Normal,1,1,19,1,1,1,19,1,1,1,19,1,16,-,-,-,-,-,-,-,-,-,-,-,1,NEU,89-91,OTT,Normal,1,2,85,79,83,1,4,7,6,55,62,68,-,87,-,-,-,-,64,-,60,-,87,-,-,-,-,64,-,60,56,38,68,54,8,7,30,26,4,3,1,0,0,6,2,3,0,0,0,1,0,6,0,1.5,0.43,0,-2.9,-0.2,4.20,0,0,0.0,0.1,0,0,0,0,0,0,0,0.0,0,0,0,0,0,0,0,0,0,0,0,0,0,0,0,0,0,0,0,0,0,0.00,0,0,0,0,0,0.0,0.0,0.0,0.00,8,7,60,0,60,0,0,0,8.18,-0.4,.816,3,0,66.0,0,19,2,2,3,2,0,0,2,0,2,1,-0.4,0.3
C,Mike Piazza,Mike,Piazza,Watertown Sword Guys TBD,6' 3',195 lbs,R,R,72,San Diego Padres,SDP,2006,2005-2014,PTMS,85373,Silver,PTMS 2  C Mike Piazza  SD  2006,0,N,0,80,72,118,91,89,111,75,136,98,115,69,72,112,89,82,14,2,Flyball,Normal,Normal,1,1,1,2,1,1,1,2,1,1,1,2,16,-,-,-,-,-,-,-,-,-,-,-,1,NEU,90-92,3/4,Normal,1,7,64,57,29,35,28,39,19,6,7,8,-,43,60,-,-,-,-,-,-,75,43,60,-,-,-,-,-,-,14,3,6,19,3,1,5,4,0,0,0,0,0,0,0,1,0,0,0,0,0,0,0,0.1,-0.15,0,-0.7,-0.1,2.60,0,0,0.0,0.0,0,0,0,0,0,0,0,0.0,0,0,0,0,0,0,0,0,0,0,0,0,0,0,0,0,0,0,0,0,0,0.00,0,0,0,0,0,0.0,0.0,0.0,0.00,1,1,13,1,12,0,0,0,13.00,0.0,1.011,0,0,9.0,0,3,2,2,0,0,0,0,0,0,0,0,-0.3,0.0
C,Mike Piazza,Mike,Piazza,Chicago Seals,6' 3',195 lbs,R,R,72,San Diego Padres,SDP,2006,2005-2014,PTMS,85373,Silver,PTMS 2  C Mike Piazza  SD  2006,0,N,0,80,72,118,91,89,111,75,136,98,115,69,72,112,89,82,14,2,Flyball,Normal,Normal,1,1,1,2,1,1,1,2,1,1,1,2,16,-,-,-,-,-,-,-,-,-,-,-,1,NEU,90-92,3/4,Normal,1,7,64,57,29,35,28,39,19,6,7,8,-,43,60,-,-,-,-,-,-,75,43,60,-,-,-,-,-,-,14,3,6,19,4,4,15,11,1,1,0,0,0,0,5,4,0,0,0,0,0,2,0,0.7,0.12,0,-0.9,-0.1,4.53,0,0,0.0,0.0,0,0,0,0,0,0,0,0.0,0,0,0,0,0,0,0,0,0,0,0,0,0,0,0,0,0,0,0,0,0,0.00,0,0,0,0,0,0.0,0.0,0.0,0.00,4,4,26,0,26,0,0,0,6.69,-0.6,.000,1,0,35.0,0,25,3,2,2,0,0,0,0,0,0,0,-0.5,0.0
C,Mike Piazza,Mike,Piazza,AW Bees - GH,6' 3',195 lbs,R,R,72,San Diego Padres,SDP,2006,2005-2014,PTMS,85373,Silver,PTMS 2  C Mike Piazza  SD  2006,0,N,0,80,72,118,91,89,111,75,136,98,115,69,72,112,89,82,14,2,Flyball,Normal,Normal,1,1,1,2,1,1,1,2,1,1,1,2,16,-,-,-,-,-,-,-,-,-,-,-,1,NEU,90-92,3/4,Normal,1,7,64,57,29,35,28,39,19,6,7,8,-,43,60,-,-,-,-,-,-,75,43,60,-,-,-,-,-,-,14,3,6,19,8,6,25,24,4,4,0,0,0,1,1,1,0,0,0,0,0,6,0,0.9,-0.26,0,-3.0,-0.3,4.12,0,0,0.0,0.1,0,0,0,0,0,0,0,0.0,0,0,0,0,0,0,0,0,0,0,0,0,0,0,0,0,0,0,0,0,0,0.00,0,0,0,0,0,0.0,0.0,0.0,0.00,7,6,50,0,50,0,1,0,8.33,-0.3,.000,3,0,54.0,0,23,2,2,1,0,0,0,0,0,0,0,-0.7,0.0
C,Buster Posey,Buster,Posey,Camjaveratyn O-Forge,6' 1',210 lbs,R,R,96,San Francisco Giants,SFG,2017,2015+,,83859,Diamond,Historical All-Star  C Buster Posey  SF  2017,0,N,0,108,84,58,85,130,129,60,86,111,128,101,91,38,78,130,3,6,Groundball,Normal,Normal,1,1,1,1,1,1,1,1,1,1,1,1,16,-,-,-,-,-,-,-,-,-,-,-,1,NEU,90-92,3/4,Normal,1,18,105,94,99,62,66,61,56,5,2,5,-,110,82,-,-,-,-,-,-,115,110,82,-,-,-,-,-,-,27,16,77,43,6,6,22,19,7,6,0,0,1,4,3,2,0,0,1,0,0,2,0,4.5,0.18,4,1.5,0.2,4.23,0,0,0.0,-0.3,0,0,0,0,0,0,0,0.0,0,0,0,0,0,0,0,0,0,0,0,0,0,0,0,0,0,0,0,0,0,0.00,0,0,0,0,0,0.0,0.0,0.0,0.00,6,6,39,1,38,0,0,0,6.75,-0.2,1.011,1,0,52.0,1,23,2,2,0,0,0,0,0,0,0,0,-0.4,0.0
C,Buster Posey,Buster,Posey,Numenor Faithful,6' 1',210 lbs,R,R,96,San Francisco Giants,SFG,2017,2015+,,83859,Diamond,Historical All-Star  C Buster Posey  SF  2017,0,N,0,108,84,58,85,130,129,60,86,111,128,101,91,38,78,130,3,6,Groundball,Normal,Normal,1,1,1,1,1,1,1,1,1,1,1,1,16,-,-,-,-,-,-,-,-,-,-,-,1,NEU,90-92,3/4,Normal,1,18,105,94,99,62,66,61,56,5,2,5,-,110,82,-,-,-,-,-,-,115,110,82,-,-,-,-,-,-,27,16,77,43,1,1,4,3,1,0,0,0,1,1,1,1,0,0,0,0,0,1,0,2.1,-0.01,1,1.2,0.1,5.00,0,0,0.0,0.0,0,0,0,0,0,0,0,0.0,0,0,0,0,0,0,0,0,0,0,0,0,0,0,0,0,0,0,0,0,0,0.00,0,0,0,0,0,0.0,0.0,0.0,0.00,1,1,6,1,5,0,1,0,6.75,-0.1,.000,1,0,8.0,0,5,0,0,0,0,0,0,0,0,0,0,0.0,0.0
C,Buster Posey,Buster,Posey,Lowlyworm's Apple Car,6' 1',210 lbs,R,R,96,San Francisco Giants,SFG,2017,2015+,,83859,Diamond,Historical All-Star  C Buster Posey  SF  2017,0,Y,5,117,91,64,92,140,139,66,93,120,138,109,99,42,85,140,3,6,Groundball,Normal,Normal,1,1,1,1,1,1,1,1,1,1,1,1,16,-,-,-,-,-,-,-,-,-,-,-,1,NEU,90-92,3/4,Normal,1,18,105,94,99,62,66,61,56,5,2,5,-,118,88,-,-,-,-,-,-,123,118,88,-,-,-,-,-,-,27,16,77,43,5,5,18,17,7,3,3,0,1,8,4,1,0,0,0,0,0,3,1,5.2,0.42,5,2.8,0.5,3.89,0,0,0.0,0.6,0,0,0,0,0,0,0,0.0,0,0,0,0,0,0,0,0,0,0,0,0,0,0,0,0,0,0,0,0,0,0.00,0,0,0,0,0,0.0,0.0,0.0,0.00,5,5,37,2,35,0,0,0,7.74,0.2,.000,5,2,43.0,0,16,2,2,0,0,0,0,0,0,0,0,0.0,0.0
C,Frankie Pytlak,Frankie,Pytlak,Wilson Horns,6' 0',160 lbs,R,R,81,Cleveland,CLE,1937,1921-1945,ME,83811,Gold,Live Collection Reward - Snapshot  C Frankie Pytlak  CLE  1937,0,N,0,79,65,10,96,146,92,44,1,132,145,74,69,14,88,146,66,64,Groundball,Normal,Normal,1,1,1,2,1,1,1,2,1,1,1,2,16,-,-,-,-,-,-,-,-,-,-,-,1,NEU,90-92,OTT,Normal,1,24,97,95,91,5,9,8,6,2,6,4,-,104,-,-,-,-,-,-,-,12,104,-,-,-,-,-,-,-,71,62,79,83,3,3,12,12,3,2,1,0,0,0,0,0,0,0,0,0,0,1,0,1.0,-0.07,0,-0.6,0.0,3.58,0,0,0.0,0.0,0,0,0,0,0,0,0,0.0,0,0,0,0,0,0,0,0,0,0,0,0,0,0,0,0,0,0,0,0,0,0.00,0,0,0,0,0,0.0,0.0,0.0,0.00,3,3,20,1,19,0,0,0,6.67,0.2,.000,2,1,27.0,0,8,0,0,0,0,0,0,0,0,0,0,0.0,0.0
C,Aaron Robinson,Aaron,Robinson,Everett Aqua Sox,6' 2',205 lbs,L,R,98,New York Yankees,NYY,1946,1946-1960,,83831,Diamond,Snapshot  C Aaron Robinson  NYY  1946,0,N,0,91,79,124,121,73,108,114,117,144,80,87,67,126,114,71,29,4,Normal,Normal,Normal,1,1,1,3,1,1,1,3,1,1,1,3,16,-,-,-,-,-,-,-,-,-,-,-,1,NEU,89-91,OTT,Normal,1,18,65,54,88,9,2,8,9,4,5,2,-,67,-,-,-,-,-,-,-,10,67,-,-,-,-,-,-,-,15,8,6,6,2,2,9,9,2,2,0,0,0,0,1,0,0,0,0,0,0,4,0,0.4,-0.06,0,-0.9,-0.1,4.00,0,0,0.0,-0.1,0,0,0,0,0,0,0,0.0,0,0,0,0,0,0,0,0,0,0,0,0,0,0,0,0,0,0,0,0,0,0.00,0,0,0,0,0,0.0,0.0,0.0,0.00,2,2,17,0,17,0,0,0,9.00,-0.1,.000,2,0,17.0,0,7,0,0,0,0,0,0,0,0,0,0,-0.1,0.0
C,Aaron Robinson,Aaron,Robinson,Watertown Sword Guys TBD,6' 2',205 lbs,L,R,98,New York Yankees,NYY,1946,1946-1960,,83831,Diamond,Snapshot  C Aaron Robinson  NYY  1946,0,Y,5,99,86,134,131,80,117,123,126,155,87,94,73,136,123,77,29,4,Normal,Normal,Normal,1,1,1,5,1,1,1,5,1,1,1,5,16,-,-,-,-,-,-,-,-,-,-,-,1,NEU,89-91,OTT,Normal,1,18,65,54,88,9,2,8,9,4,5,2,-,72,-,-,-,-,-,-,-,11,72,-,-,-,-,-,-,-,15,8,6,6,6,6,24,19,2,2,0,0,0,3,1,3,0,0,1,1,0,3,0,0.8,-0.26,0,-3.1,-0.2,4.25,0,0,0.0,0.0,0,0,0,0,0,0,0,0.0,0,0,0,0,0,0,0,0,0,0,0,0,0,0,0,0,0,0,0,0,0,0.00,0,0,0,0,0,0.0,0.0,0.0,0.00,6,6,45,1,44,0,0,0,7.36,0.1,1.011,1,0,55.0,0,23,3,3,0,0,0,0,0,0,0,0,-0.5,0.0
C,Aaron Robinson,Aaron,Robinson,Youngstown Ironmen,6' 2',205 lbs,L,R,98,New York Yankees,NYY,1946,1946-1960,,83831,Diamond,Snapshot  C Aaron Robinson  NYY  1946,0,N,0,91,79,124,121,73,108,114,117,144,80,87,67,126,114,71,29,4,Normal,Normal,Normal,1,1,1,3,1,1,1,3,1,1,1,3,16,-,-,-,-,-,-,-,-,-,-,-,1,NEU,89-91,OTT,Normal,1,18,65,54,88,9,2,8,9,4,5,2,-,67,-,-,-,-,-,-,-,10,67,-,-,-,-,-,-,-,15,8,6,6,6,6,25,22,2,0,1,0,1,3,1,3,0,0,0,0,0,8,0,1.4,-0.12,0,-2.1,-0.1,4.32,0,0,0.0,0.0,0,0,0,0,0,0,0,0.0,0,0,0,0,0,0,0,0,0,0,0,0,0,0,0,0,0,0,0,0,0,0.00,0,0,0,0,0,0.0,0.0,0.0,0.00,6,6,55,3,52,0,1,0,9.34,0.6,.000,3,3,53.0,0,24,0,0,0,0,0,0,0,0,0,0,-0.4,0.0
C,David Ross,David,Ross,Three Mile Island Atomic Isotopes,6' 2',230 lbs,R,R,88,Atlanta Braves,ATL,2009,2005-2014,,83574,Gold,Launch Deck Missions - Snapshot  C David Ross  ATL  2009,0,N,0,109,125,42,122,83,133,117,74,90,63,101,128,22,135,89,68,25,Line Drive,Normal,Normal,1,1,1,1,1,1,1,1,1,1,1,4,17,-,-,17,-,-,-,-,-,-,-,-,2,EX FB,98-100,SIDE,Normal,1,25,89,94,96,7,7,5,2,9,7,9,-,101,-,-,-,-,-,-,-,10,101,-,-,-,-,-,-,-,9,5,6,14,3,3,11,9,2,0,2,0,0,0,1,2,0,0,0,0,0,2,2,0.8,-0.16,1,0.3,0.1,4.55,0,0,0.0,0.3,0,0,0,0,0,0,0,0.0,0,0,0,0,0,0,0,0,0,0,0,0,0,0,0,0,0,0,0,0,0,0.00,0,0,0,0,0,0.0,0.0,0.0,0.00,3,3,23,2,21,0,1,0,9.00,0.1,.000,3,1,23.0,0,11,0,0,0,0,0,0,0,0,0,0,-0.1,0.0
C,David Ross,David,Ross,Junk Wax Heroes,6' 2',230 lbs,R,R,88,Atlanta Braves,ATL,2009,2005-2014,,83574,Gold,Launch Deck Missions - Snapshot  C David Ross  ATL  2009,0,N,0,109,125,42,122,83,133,117,74,90,63,101,128,22,135,89,68,25,Line Drive,Normal,Normal,1,1,1,1,1,1,1,1,1,1,1,4,17,-,-,17,-,-,-,-,-,-,-,-,2,EX FB,98-100,SIDE,Normal,1,25,89,94,96,7,7,5,2,9,7,9,-,101,-,-,-,-,-,-,-,10,101,-,-,-,-,-,-,-,9,5,6,14,6,6,23,18,5,2,1,0,2,7,3,4,0,0,0,1,0,6,0,5.3,0.33,4,2.1,0.3,4.22,0,0,0.0,-0.6,0,0,0,0,0,0,0,0.0,0,0,0,0,0,0,0,0,0,0,0,0,0,0,0,0,0,0,0,0,0,0.00,0,0,0,0,0,0.0,0.0,0.0,0.00,6,6,60,3,56,1,0,0,11.30,0.1,.506,1,1,47.0,1,21,3,3,0,0,0,0,0,0,0,0,-0.1,0.0
C,David Ross,David,Ross,Svendborg Sailors,6' 2',230 lbs,R,R,88,Atlanta Braves,ATL,2009,2005-2014,,83574,Gold,Launch Deck Missions - Snapshot  C David Ross  ATL  2009,0,N,0,109,125,42,122,83,133,117,74,90,63,101,128,22,135,89,68,25,Line Drive,Normal,Normal,1,1,1,1,1,1,1,1,1,1,1,4,17,-,-,17,-,-,-,-,-,-,-,-,2,EX FB,98-100,SIDE,Normal,1,25,89,94,96,7,7,5,2,9,7,9,-,101,-,-,-,-,-,-,-,10,101,-,-,-,-,-,-,-,9,5,6,14,3,3,10,9,3,2,1,0,0,1,1,1,0,0,0,0,0,1,0,1.7,0.04,1,0.5,0.1,3.90,0,0,0.0,-0.1,0,0,0,0,0,0,0,0.0,0,0,0,0,0,0,0,0,0,0,0,0,0,0,0,0,0,0,0,0,0,0.00,0,0,0,0,0,0.0,0.0,0.0,0.00,3,3,19,1,18,0,0,0,6.58,0.1,.000,0,0,26.0,0,17,1,1,0,0,0,0,0,0,0,0,-0.1,0.0
C,David Ross,David,Ross,Montrose Cobblers,6' 2',230 lbs,R,R,88,Atlanta Braves,ATL,2009,2005-2014,,83574,Gold,Launch Deck Missions - Snapshot  C David Ross  ATL  2009,0,N,0,109,125,42,122,83,133,117,74,90,63,101,128,22,135,89,68,25,Line Drive,Normal,Normal,1,1,1,1,1,1,1,1,1,1,1,4,17,-,-,17,-,-,-,-,-,-,-,-,2,EX FB,98-100,SIDE,Normal,1,25,89,94,96,7,7,5,2,9,7,9,-,101,-,-,-,-,-,-,-,10,101,-,-,-,-,-,-,-,9,5,6,14,7,7,24,22,3,0,2,0,1,2,4,2,0,0,0,0,0,7,1,1.4,0.05,1,-1.4,-0.1,3.71,0,0,0.0,-0.2,0,0,0,0,0,0,0,0.0,0,0,0,0,0,0,0,0,0,0,0,0,0,0,0,0,0,0,0,0,0,0.00,0,0,0,0,0,0.0,0.0,0.0,0.00,7,7,70,4,66,0,0,0,10.16,-0.1,1.011,7,3,62.0,2,26,3,3,0,0,0,0,0,0,0,0,-0.4,0.0
C,Muddy Ruel,Muddy,Ruel,Arkham Horrors,5' 9',150 lbs,R,R,78,Washington Senators,MIN,1926,1921-1945,,83758,Silver,Snapshot  C Muddy Ruel  WS1  1926,0,N,0,76,85,18,103,141,88,71,1,103,133,72,89,24,103,143,53,3,Normal,Spray,Spray,1,1,1,1,1,1,1,1,1,1,1,1,16,-,-,-,-,-,-,-,-,-,-,-,1,NEU,89-91,3/4,Normal,1,22,94,84,89,10,10,4,1,5,5,4,-,96,-,-,-,-,-,-,-,16,96,-,-,-,-,-,-,-,51,58,60,45,3,3,12,11,4,4,0,0,0,1,1,1,0,0,0,0,0,0,0,1.4,0.00,1,0.4,0.1,3.50,0,1,-0.5,0.3,0,0,0,0,0,0,0,0.0,0,0,0,0,0,0,0,0,0,0,0,0,0,0,0,0,0,0,0,0,0,0.00,0,0,0,0,0,0.0,0.0,0.0,0.00,3,3,18,1,17,0,0,0,6.48,0.1,1.011,0,0,25.0,0,14,1,1,0,0,0,0,0,0,0,0,-0.1,0.0
C,Muddy Ruel,Muddy,Ruel,Grand Rapids Warriors,5' 9',150 lbs,R,R,78,Washington Senators,MIN,1926,1921-1945,,83758,Silver,Snapshot  C Muddy Ruel  WS1  1926,0,N,0,76,85,18,103,141,88,71,1,103,133,72,89,24,103,143,53,3,Normal,Spray,Spray,1,1,1,1,1,1,1,1,1,1,1,1,16,-,-,-,-,-,-,-,-,-,-,-,1,NEU,89-91,3/4,Normal,1,22,94,84,89,10,10,4,1,5,5,4,-,96,-,-,-,-,-,-,-,16,96,-,-,-,-,-,-,-,51,58,60,45,1,1,4,3,0,0,0,0,0,0,0,1,0,0,0,0,0,1,0,0.1,-0.04,0,-0.5,-0.0,4.25,0,0,0.0,0.0,0,0,0,0,0,0,0,0.0,0,0,0,0,0,0,0,0,0,0,0,0,0,0,0,0,0,0,0,0,0,0.00,0,0,0,0,0,0.0,0.0,0.0,0.00,1,1,12,0,12,0,0,0,13.50,0.0,.000,0,0,8.0,0,12,1,1,0,0,0,0,0,0,0,0,0.0,0.0
C,Ted Simmons,Ted,Simmons,Northville Stallions,6' 0',200 lbs,S,R,99,St. Louis Cardinals,STL,1977,1961-1979,HOF,83992,Diamond,Hall of Fame  C Ted Simmons  STL  1977,0,N,0,87,78,97,95,133,81,56,119,124,126,89,84,92,88,135,4,2,Normal,Spray,Spray,1,1,1,4,1,1,1,4,1,1,1,4,16,-,-,-,-,-,-,-,-,-,-,-,1,NEU,89-91,3/4,Normal,1,15,69,57,61,47,45,42,56,45,53,41,-,59,71,-,30,-,45,-,-,94,59,71,-,30,-,45,-,-,36,31,17,33,4,3,13,13,4,4,0,0,0,0,0,0,0,0,0,0,0,1,2,0.6,-0.06,1,-0.5,-0.1,3.62,0,0,0.0,-0.7,0,0,0,0,0,0,0,0.0,0,0,0,0,0,0,0,0,0,0,0,0,0,0,0,0,0,0,0,0,0,0.00,0,0,0,0,0,0.0,0.0,0.0,0.00,3,3,31,3,28,0,0,0,10.33,0.1,1.011,1,0,27.0,0,9,6,6,0,0,0,0,0,0,0,0,-0.4,0.0
C,Ted Simmons,Ted,Simmons,Everett Aqua Sox,6' 0',200 lbs,S,R,99,St. Louis Cardinals,STL,1977,1961-1979,HOF,83992,Diamond,Hall of Fame  C Ted Simmons  STL  1977,0,N,0,87,78,97,95,133,81,56,119,124,126,89,84,92,88,135,4,2,Normal,Spray,Spray,1,1,1,4,1,1,1,4,1,1,1,4,16,-,-,-,-,-,-,-,-,-,-,-,1,NEU,89-91,3/4,Normal,1,15,69,57,61,47,45,42,56,45,53,41,-,59,71,-,30,-,45,-,-,94,59,71,-,30,-,45,-,-,36,31,17,33,6,6,23,21,5,5,0,0,0,3,2,2,0,0,0,0,0,3,0,1.7,-0.13,1,-1.2,-0.1,4.22,0,0,0.0,-0.5,0,0,0,0,0,0,0,0.0,0,0,0,0,0,0,0,0,0,0,0,0,0,0,0,0,0,0,0,0,0,0.00,0,0,0,0,0,0.0,0.0,0.0,0.00,6,6,51,4,47,0,1,0,8.83,-0.2,.759,7,1,52.0,0,22,1,1,2,1,1,1,0,0,0,0,-0.1,0.0
C,Ted Simmons,Ted,Simmons,seebal Saeki,6' 0',200 lbs,S,R,99,St. Louis Cardinals,STL,1977,1961-1979,HOF,83992,Diamond,Hall of Fame  C Ted Simmons  STL  1977,0,N,0,87,78,97,95,133,81,56,119,124,126,89,84,92,88,135,4,2,Normal,Spray,Spray,1,1,1,4,1,1,1,4,1,1,1,4,16,-,-,-,-,-,-,-,-,-,-,-,1,NEU,89-91,3/4,Normal,1,15,69,57,61,47,45,42,56,45,53,41,-,59,71,-,30,-,45,-,-,94,59,71,-,30,-,45,-,-,36,31,17,33,4,4,15,13,2,1,1,0,0,0,0,1,0,1,0,0,0,1,0,0.9,-0.13,0,-1.0,-0.2,3.33,0,0,0.0,-0.6,0,0,0,0,0,0,0,0.0,0,0,0,0,0,0,0,0,0,0,0,0,0,0,0,0,0,0,0,0,0,0.00,0,0,0,0,0,0.0,0.0,0.0,0.00,4,4,24,2,22,0,0,0,6.35,-0.3,1.011,3,0,34.0,1,24,3,3,0,0,1,1,0,0,0,0,-0.5,0.0
C,Ted Simmons,Ted,Simmons,New York Jackhammers,6' 0',200 lbs,S,R,99,St. Louis Cardinals,STL,1977,1961-1979,HOF,83992,Diamond,Hall of Fame  C Ted Simmons  STL  1977,0,N,0,87,78,97,95,133,81,56,119,124,126,89,84,92,88,135,4,2,Normal,Spray,Spray,1,1,1,4,1,1,1,4,1,1,1,4,16,-,-,-,-,-,-,-,-,-,-,-,1,NEU,89-91,3/4,Normal,1,15,69,57,61,47,45,42,56,45,53,41,-,59,71,-,30,-,45,-,-,94,59,71,-,30,-,45,-,-,36,31,17,33,9,9,36,34,7,5,2,0,0,2,4,2,0,0,0,0,0,14,0,2.4,-0.12,1,-2.5,-0.2,4.17,0,0,0.0,-0.1,0,0,0,0,0,0,0,0.0,0,0,0,0,0,0,0,0,0,0,0,0,0,0,0,0,0,0,0,0,0,0.00,0,0,0,0,0,0.0,0.0,0.0,0.00,9,9,58,2,56,0,1,0,6.96,-0.2,.000,5,1,75.0,0,46,4,3,0,0,0,0,0,0,0,0,-1.2,0.0
C,Mickey Tettleton,Mickey,Tettleton,Shakedown 1977 Microbus TTC - GH,6' 2',210 lbs,S,R,69,Detroit Tigers,DET,1994,1993-2004,UTIL,85479,Bronze,May Flower - Super Utility  C Mickey Tettleton  DET  1994,0,Y,5,91,73,107,196,54,102,72,99,174,37,88,74,113,204,60,13,9,Normal,Normal,Normal,1,1,1,9,1,1,1,9,1,1,1,9,16,-,-,-,-,-,-,-,-,-,-,-,1,GB,89-91,OTT,GB'er,1,3,41,49,35,31,26,29,31,39,100,24,-,33,55,-,-,-,49,-,29,73,33,55,-,-,-,49,-,29,23,4,6,19,2,2,6,6,0,0,0,0,0,0,0,0,0,0,0,0,0,2,0,0.0,-0.14,0,-1.6,-0.1,3.17,0,0,0.0,0.0,0,0,0,0,0,0,0,0.0,0,0,0,0,0,0,0,0,0,0,0,0,0,0,0,0,0,0,0,0,0,0.00,0,0,0,0,0,0.0,0.0,0.0,0.00,2,2,17,3,14,0,1,0,9.00,0.2,1.011,2,1,17.0,0,13,2,2,0,0,0,0,0,0,0,0,-0.1,0.0
C,Jason Varitek,Jason,Varitek,Dry Creek Craw Daddies,6' 2',210 lbs,S,R,96,Boston Red Sox,BOS,2004,1993-2004,CS,86441,Diamond,Clubhouse - Baseball Reference 7  C Jason Varitek  BOS  2004,0,N,0,135,104,97,130,72,155,113,106,123,84,128,101,95,132,68,6,10,Groundball,Pull,Pull,1,1,1,7,1,1,1,7,1,1,1,7,16,-,-,-,-,-,-,-,-,-,-,-,1,GB,90-92,3/4,GB'er,1,5,116,94,35,2,4,7,9,6,7,2,-,89,-,-,-,-,-,-,-,-,89,-,-,-,-,-,-,-,31,44,73,18,4,4,16,15,2,2,0,0,0,0,1,1,0,0,0,0,0,5,0,0.4,-0.16,0,-2.1,-0.2,3.88,0,0,0.0,0.2,0,0,0,0,0,0,0,0.0,0,0,0,0,0,0,0,0,0,0,0,0,0,0,0,0,0,0,0,0,0,0.00,0,0,0,0,0,0.0,0.0,0.0,0.00,4,4,33,2,30,1,0,0,7.93,-0.7,1.011,8,0,36.1,0,19,3,3,1,0,0,0,0,0,0,0,0.0,0.0
C,Matt Wieters,Matt,Wieters,Winnipeg Brew Jays - HotL,6' 5',235 lbs,S,R,82,Baltimore Orioles,BAL,2011,2005-2014,PTCS,85216,Gold,PTCS 2 - Hardware Heroes  C Matt Wieters  BAL  2011,0,N,0,95,66,88,86,98,129,78,118,115,67,88,62,80,78,112,18,10,Normal,Normal,Normal,1,1,1,2,1,1,1,2,1,1,1,2,16,-,-,-,-,-,-,-,-,-,-,-,1,NEU,92-94,3/4,Normal,1,22,122,102,118,10,6,3,2,7,6,10,-,130,-,-,-,-,-,-,-,13,130,-,-,-,-,-,-,-,14,3,6,14,5,3,13,12,6,4,2,0,0,3,1,1,0,0,0,0,0,3,0,4.4,0.10,3,2.2,0.2,3.31,0,0,0.0,-0.4,0,0,0,0,0,0,0,0.0,0,0,0,0,0,0,0,0,0,0,0,0,0,0,0,0,0,0,0,0,0,0.00,0,0,0,0,0,0.0,0.0,0.0,0.00,3,3,33,1,32,0,0,0,11.00,0.1,1.011,0,0,27.0,0,9,2,2,1,1,0,0,0,0,0,0,-0.1,0.0
C,Matt Wieters,Matt,Wieters,Chicago Gamblers - E6,6' 5',235 lbs,S,R,82,Baltimore Orioles,BAL,2011,2005-2014,PTCS,85216,Gold,PTCS 2 - Hardware Heroes  C Matt Wieters  BAL  2011,0,N,0,95,66,88,86,98,129,78,118,115,67,88,62,80,78,112,18,10,Normal,Normal,Normal,1,1,1,2,1,1,1,2,1,1,1,2,16,-,-,-,-,-,-,-,-,-,-,-,1,NEU,92-94,3/4,Normal,1,22,122,102,118,10,6,3,2,7,6,10,-,130,-,-,-,-,-,-,-,13,130,-,-,-,-,-,-,-,14,3,6,14,20,8,42,38,11,8,2,0,1,4,4,3,0,1,0,0,0,10,2,5.3,0.47,6,1.0,0.3,4.02,0,0,0.0,-0.5,0,0,0,0,0,0,0,0.0,0,0,0,0,0,0,0,0,0,0,0,0,0,0,0,0,0,0,0,0,0,0.00,0,0,0,0,0,0.0,0.0,0.0,0.00,21,8,123,7,116,0,1,0,9.52,0.3,1.297,3,2,116.1,0,19,8,6,2,2,0,0,0,0,0,0,0.0,0.0
C,Matt Wieters,Matt,Wieters,Dry Creek Craw Daddies,6' 5',235 lbs,S,R,82,Baltimore Orioles,BAL,2011,2005-2014,PTCS,85216,Gold,PTCS 2 - Hardware Heroes  C Matt Wieters  BAL  2011,0,N,0,95,66,88,86,98,129,78,118,115,67,88,62,80,78,112,18,10,Normal,Normal,Normal,1,1,1,2,1,1,1,2,1,1,1,2,16,-,-,-,-,-,-,-,-,-,-,-,1,NEU,92-94,3/4,Normal,1,22,122,102,118,10,6,3,2,7,6,10,-,130,-,-,-,-,-,-,-,13,130,-,-,-,-,-,-,-,14,3,6,14,2,1,8,8,3,1,2,0,0,3,0,0,0,0,0,0,0,2,0,1.9,0.57,1,0.7,0.1,3.25,0,0,0.0,0.0,0,0,0,0,0,0,0,0.0,0,0,0,0,0,0,0,0,0,0,0,0,0,0,0,0,0,0,0,0,0,0.00,0,0,0,0,0,0.0,0.0,0.0,0.00,1,1,16,2,14,0,0,0,8.47,-0.0,.000,1,1,17.0,0,3,3,2,0,0,0,0,0,0,0,0,0.0,0.0
C,Matt Wieters,Matt,Wieters,Herky Hyenas,6' 5',235 lbs,S,R,82,Baltimore Orioles,BAL,2011,2005-2014,PTCS,85216,Gold,PTCS 2 - Hardware Heroes  C Matt Wieters  BAL  2011,0,N,0,95,66,88,86,98,129,78,118,115,67,88,62,80,78,112,18,10,Normal,Normal,Normal,1,1,1,2,1,1,1,2,1,1,1,2,16,-,-,-,-,-,-,-,-,-,-,-,1,NEU,92-94,3/4,Normal,1,22,122,102,118,10,6,3,2,7,6,10,-,130,-,-,-,-,-,-,-,13,130,-,-,-,-,-,-,-,14,3,6,14,10,9,38,34,9,5,4,0,0,3,6,3,0,1,0,0,0,6,2,4.1,-0.24,4,0.2,0.2,3.26,0,0,0.0,-0.6,0,0,0,0,0,0,0,0.0,0,0,0,0,0,0,0,0,0,0,0,0,0,0,0,0,0,0,0,0,0,0.00,0,0,0,0,0,0.0,0.0,0.0,0.00,10,9,91,2,89,0,1,0,9.00,0.5,.000,3,2,91.0,0,50,1,1,0,0,0,0,0,0,0,0,0.0,0.0
C,Matt Wieters,Matt,Wieters,NoseKerim Astea Kerim,6' 5',235 lbs,S,R,82,Baltimore Orioles,BAL,2011,2005-2014,PTCS,85216,Gold,PTCS 2 - Hardware Heroes  C Matt Wieters  BAL  2011,0,N,0,95,66,88,86,98,129,78,118,115,67,88,62,80,78,112,18,10,Normal,Normal,Normal,1,1,1,2,1,1,1,2,1,1,1,2,16,-,-,-,-,-,-,-,-,-,-,-,1,NEU,92-94,3/4,Normal,1,22,122,102,118,10,6,3,2,7,6,10,-,130,-,-,-,-,-,-,-,13,130,-,-,-,-,-,-,-,14,3,6,14,12,11,45,42,8,7,0,0,1,1,4,3,0,0,0,0,0,14,1,2.6,-0.43,2,-3.2,-0.1,4.09,0,0,0.0,-0.2,0,0,0,0,0,0,0,0.0,0,0,0,0,0,0,0,0,0,0,0,0,0,0,0,0,0,0,0,0,0,0.00,0,0,0,0,0,0.0,0.0,0.0,0.00,11,11,96,7,89,0,1,0,8.64,0.3,1.011,7,4,100.0,1,32,6,5,1,1,0,0,0,0,0,0,-0.1,0.0
C,Matt Wieters,Matt,Wieters,Oysters Incognito,6' 5',235 lbs,S,R,82,Baltimore Orioles,BAL,2011,2005-2014,PTCS,85216,Gold,PTCS 2 - Hardware Heroes  C Matt Wieters  BAL  2011,0,N,0,95,66,88,86,98,129,78,118,115,67,88,62,80,78,112,18,10,Normal,Normal,Normal,1,1,1,2,1,1,1,2,1,1,1,2,16,-,-,-,-,-,-,-,-,-,-,-,1,NEU,92-94,3/4,Normal,1,22,122,102,118,10,6,3,2,7,6,10,-,130,-,-,-,-,-,-,-,13,130,-,-,-,-,-,-,-,14,3,6,14,3,3,12,11,4,3,1,0,0,2,0,0,0,0,0,1,0,3,0,1.8,0.12,1,0.1,0.0,3.50,0,0,0.0,-0.6,0,0,0,0,0,0,0,0.0,0,0,0,0,0,0,0,0,0,0,0,0,0,0,0,0,0,0,0,0,0,0.00,0,0,0,0,0,0.0,0.0,0.0,0.00,3,3,21,0,21,0,0,0,7.18,0.1,.000,0,0,26.1,0,12,1,1,0,0,0,0,0,0,0,0,0.0,0.0
C,Mike Zunino,Mike,Zunino,Chicago Rat Finks - HotL,6' 2',235 lbs,R,R,75,Tampa Bay Rays,TBD,2021,2015+,BBR,86431,Silver,Baseball Reference 7  C Mike Zunino  TB  2021,0,N,0,65,65,150,111,30,130,122,184,130,35,22,29,138,105,28,19,1,Flyball,Pull,Pull,1,1,1,1,1,1,1,1,1,1,1,1,16,17,17,-,-,-,-,-,-,-,-,-,3,NEU,92-94,3/4,Normal,1,16,37,120,69,5,3,8,5,1,5,2,-,77,-,-,-,-,-,-,-,5,77,-,-,-,-,-,-,-,38,1,1,62,1,1,5,5,2,1,0,0,1,1,2,0,0,0,0,0,0,2,0,2.0,0.20,1,1.1,0.2,5.00,0,0,0.0,0.3,0,0,0,0,0,0,0,0.0,0,0,0,0,0,0,0,0,0,0,0,0,0,0,0,0,0,0,0,0,0,0.00,0,0,0,0,0,0.0,0.0,0.0,0.00,1,1,12,0,12,0,1,0,9.82,0.0,.000,0,0,11.0,0,7,0,0,0,0,0,0,0,0,0,0,0.0,0.0
C,Mike Zunino,Mike,Zunino,Brookline Bees,6' 2',235 lbs,R,R,75,Tampa Bay Rays,TBD,2021,2015+,BBR,86431,Silver,Baseball Reference 7  C Mike Zunino  TB  2021,0,N,0,65,65,150,111,30,130,122,184,130,35,22,29,138,105,28,19,1,Flyball,Pull,Pull,1,1,1,1,1,1,1,1,1,1,1,1,16,17,17,-,-,-,-,-,-,-,-,-,3,NEU,92-94,3/4,Normal,1,16,37,120,69,5,3,8,5,1,5,2,-,77,-,-,-,-,-,-,-,5,77,-,-,-,-,-,-,-,38,1,1,62,2,1,6,6,2,2,0,0,0,1,0,0,0,0,0,0,0,3,0,0.7,0.26,0,-0.1,0.0,3.50,0,0,0.0,0.0,0,0,0,0,0,0,0,0.0,0,0,0,0,0,0,0,0,0,0,0,0,0,0,0,0,0,0,0,0,0,0.00,0,0,0,0,0,0.0,0.0,0.0,0.00,1,1,4,0,4,0,0,0,4.50,0.0,.000,0,0,8.0,0,12,0,0,0,0,0,0,0,0,0,0,0.0,0.0
C,Mike Zunino,Mike,Zunino,Gamehendge Lizards - HotL,6' 2',235 lbs,R,R,75,Tampa Bay Rays,TBD,2021,2015+,BBR,86431,Silver,Baseball Reference 7  C Mike Zunino  TB  2021,0,Y,5,71,71,161,120,34,140,132,198,140,39,25,33,149,114,32,19,1,Flyball,Pull,Pull,1,1,1,1,1,1,1,1,1,1,1,1,16,17,17,-,-,-,-,-,-,-,-,-,3,NEU,92-94,3/4,Normal,1,16,37,120,69,5,3,8,5,1,5,2,-,83,-,-,-,-,-,-,-,7,83,-,-,-,-,-,-,-,38,1,1,62,2,2,10,8,0,0,0,0,0,1,2,2,0,0,0,0,0,6,0,0.1,-0.11,0,-1.5,-0.0,5.00,0,0,0.0,0.3,0,0,0,0,0,0,0,0.0,0,0,0,0,0,0,0,0,0,0,0,0,0,0,0,0,0,0,0,0,0,0.00,0,0,0,0,0,0.0,0.0,0.0,0.00,2,2,21,2,18,1,0,0,10.59,0.2,1.011,2,1,17.0,0,9,0,0,1,1,0,0,0,0,0,0,0.0,0.0
C,Mike Zunino,Mike,Zunino,Freedom Grabbers - HotL,6' 2',235 lbs,R,R,75,Tampa Bay Rays,TBD,2021,2015+,BBR,86431,Silver,Baseball Reference 7  C Mike Zunino  TB  2021,0,N,0,65,65,150,111,30,130,122,184,130,35,22,29,138,105,28,19,1,Flyball,Pull,Pull,1,1,1,1,1,1,1,1,1,1,1,1,16,17,17,-,-,-,-,-,-,-,-,-,3,NEU,92-94,3/4,Normal,1,16,37,120,69,5,3,8,5,1,5,2,-,77,-,-,-,-,-,-,-,5,77,-,-,-,-,-,-,-,38,1,1,62,10,9,36,31,6,4,0,0,2,6,4,4,0,0,1,0,0,12,0,3.8,-0.21,3,-0.8,0.1,4.28,0,0,0.0,-0.0,0,0,0,0,0,0,0,0.0,0,0,0,0,0,0,0,0,0,0,0,0,0,0,0,0,0,0,0,0,0,0.00,0,0,0,0,0,0.0,0.0,0.0,0.00,10,9,86,1,85,0,0,0,9.80,-0.2,1.011,2,0,79.0,1,40,2,2,0,0,0,0,0,0,0,0,0.4,0.0
C,Mike Zunino,Mike,Zunino,Shartlesville ShihTzus - HotL,6' 2',235 lbs,R,R,75,Tampa Bay Rays,TBD,2021,2015+,BBR,86431,Silver,Baseball Reference 7  C Mike Zunino  TB  2021,0,Y,5,71,71,161,120,34,140,132,198,140,39,25,33,149,114,32,19,1,Flyball,Pull,Pull,1,1,1,1,1,1,1,1,1,1,1,1,16,17,17,-,-,-,-,-,-,-,-,-,3,NEU,92-94,3/4,Normal,1,16,37,120,69,5,3,8,5,1,5,2,-,83,-,-,-,-,-,-,-,7,83,-,-,-,-,-,-,-,38,1,1,62,2,1,7,6,0,0,0,0,0,0,0,0,0,1,0,0,0,5,0,0.0,-0.44,0,-1.2,-0.1,4.71,0,0,0.0,0.0,0,0,0,0,0,0,0,0.0,0,0,0,0,0,0,0,0,0,0,0,0,0,0,0,0,0,0,0,0,0,0.00,0,0,0,0,0,0.0,0.0,0.0,0.00,2,1,7,1,6,0,1,0,4.85,0.2,.000,1,1,13.0,0,5,0,0,0,0,0,0,0,0,0,0,0.0,0.0
C,Mike Zunino,Mike,Zunino,Providence Friars - HotL,6' 2',235 lbs,R,R,75,Tampa Bay Rays,TBD,2021,2015+,BBR,86431,Silver,Baseball Reference 7  C Mike Zunino  TB  2021,0,N,0,65,65,150,111,30,130,122,184,130,35,22,29,138,105,28,19,1,Flyball,Pull,Pull,1,1,1,1,1,1,1,1,1,1,1,1,16,17,17,-,-,-,-,-,-,-,-,-,3,NEU,92-94,3/4,Normal,1,16,37,120,69,5,3,8,5,1,5,2,-,77,-,-,-,-,-,-,-,5,77,-,-,-,-,-,-,-,38,1,1,62,7,6,25,23,4,3,0,0,1,3,3,1,0,0,0,1,0,9,1,1.2,-0.18,0,-2.1,-0.1,4.16,0,0,0.0,0.0,0,0,0,0,0,0,0,0.0,0,0,0,0,0,0,0,0,0,0,0,0,0,0,0,0,0,0,0,0,0,0.00,0,0,0,0,0,0.0,0.0,0.0,0.00,7,6,51,0,50,1,0,0,8.28,-0.7,.000,1,0,54.1,2,29,3,2,0,0,0,0,0,0,0,0,0.3,0.0
C,Mike Zunino,Mike,Zunino,Great Lakes Man-of-War-HOTL,6' 2',235 lbs,R,R,75,Tampa Bay Rays,TBD,2021,2015+,BBR,86431,Silver,Baseball Reference 7  C Mike Zunino  TB  2021,0,N,0,65,65,150,111,30,130,122,184,130,35,22,29,138,105,28,19,1,Flyball,Pull,Pull,1,1,1,1,1,1,1,1,1,1,1,1,16,17,17,-,-,-,-,-,-,-,-,-,3,NEU,92-94,3/4,Normal,1,16,37,120,69,5,3,8,5,1,5,2,-,77,-,-,-,-,-,-,-,5,77,-,-,-,-,-,-,-,38,1,1,62,3,3,10,8,3,2,0,0,1,2,2,2,0,0,0,0,0,3,1,2.6,0.03,2,1.7,0.3,4.20,0,0,0.0,0.3,0,0,0,0,0,0,0,0.0,0,0,0,0,0,0,0,0,0,0,0,0,0,0,0,0,0,0,0,0,0,0.00,0,0,0,0,0,0.0,0.0,0.0,0.00,3,3,24,2,22,0,0,0,8.31,0.1,1.011,3,1,26.0,0,12,1,1,0,0,0,0,0,0,0,0,0.3,0.0
C,Mike Zunino,Mike,Zunino,False Hustle,6' 2',235 lbs,R,R,75,Tampa Bay Rays,TBD,2021,2015+,BBR,86431,Silver,Baseball Reference 7  C Mike Zunino  TB  2021,0,N,0,65,65,150,111,30,130,122,184,130,35,22,29,138,105,28,19,1,Flyball,Pull,Pull,1,1,1,1,1,1,1,1,1,1,1,1,16,17,17,-,-,-,-,-,-,-,-,-,3,NEU,92-94,3/4,Normal,1,16,37,120,69,5,3,8,5,1,5,2,-,77,-,-,-,-,-,-,-,5,77,-,-,-,-,-,-,-,38,1,1,62,1,,1,1,0,0,0,0,0,0,0,0,0,0,0,0,0,1,0,0.0,-0.01,0,-0.3,-0.0,5.00,0,0,0.0,0.0,0,0,0,0,0,0,0,0.0,0,0,0,0,0,0,0,0,0,0,0,0,0,0,0,0,0,0,0,0,0,0.00,0,0,0,0,0,0.0,0.0,0.0,0.00,0,0,0,0,0,0,0,0,0.00,0.0,.000,0,0,0.0,0,0,0,0,0,0,0,0,0,0,0,0,0.0,0.0
C,Mike Zunino,Mike,Zunino,Cibao Aguilas,6' 2',235 lbs,R,R,75,Tampa Bay Rays,TBD,2021,2015+,BBR,86431,Silver,Baseball Reference 7  C Mike Zunino  TB  2021,0,N,0,65,65,150,111,30,130,122,184,130,35,22,29,138,105,28,19,1,Flyball,Pull,Pull,1,1,1,1,1,1,1,1,1,1,1,1,16,17,17,-,-,-,-,-,-,-,-,-,3,NEU,92-94,3/4,Normal,1,16,37,120,69,5,3,8,5,1,5,2,-,77,-,-,-,-,-,-,-,5,77,-,-,-,-,-,-,-,38,1,1,62,3,3,12,12,5,3,1,0,1,4,2,0,0,0,0,0,0,6,0,3.8,0.16,3,1.8,0.3,4.67,0,0,0.0,-0.3,0,0,0,0,0,0,0,0.0,0,0,0,0,0,0,0,0,0,0,0,0,0,0,0,0,0,0,0,0,0,0.00,0,0,0,0,0,0.0,0.0,0.0,0.00,3,3,30,1,29,0,0,0,9.88,-0.0,1.011,1,0,27.1,0,12,1,1,0,0,0,0,0,0,0,0,0.5,0.0
C,Mike Zunino,Mike,Zunino,Summerglen Seraphs TBD,6' 2',235 lbs,R,R,75,Tampa Bay Rays,TBD,2021,2015+,BBR,86431,Silver,Baseball Reference 7  C Mike Zunino  TB  2021,0,N,0,65,65,150,111,30,130,122,184,130,35,22,29,138,105,28,19,1,Flyball,Pull,Pull,1,1,1,1,1,1,1,1,1,1,1,1,16,17,17,-,-,-,-,-,-,-,-,-,3,NEU,92-94,3/4,Normal,1,16,37,120,69,5,3,8,5,1,5,2,-,77,-,-,-,-,-,-,-,5,77,-,-,-,-,-,-,-,38,1,1,62,1,1,4,4,0,0,0,0,0,0,0,0,0,0,0,0,0,3,0,0.0,-0.06,0,-1.0,-0.1,4.25,0,0,0.0,0.0,0,0,0,0,0,0,0,0.0,0,0,0,0,0,0,0,0,0,0,0,0,0,0,0,0,0,0,0,0,0,0.00,0,0,0,0,0,0.0,0.0,0.0,0.00,1,1,2,0,2,0,0,0,2.00,0.0,.000,0,0,9.0,0,1,0,0,0,0,0,0,0,0,0,0,0.0,0.0
1B,Felipe Alou,Felipe,Alou,Chicago Rat Finks - HotL,6' 0',195 lbs,R,R,92,Atlanta Braves,ATL,1966,1961-1979,,85815,Diamond,Family Connections - Historical All-Star  1B Felipe Alou  ATL  1966,0,N,0,105,109,117,36,142,105,106,108,61,152,105,110,120,25,139,49,36,Normal,Normal,Normal,1,1,1,7,1,1,1,7,1,1,1,7,16,-,-,-,-,-,-,-,-,-,-,-,1,GB,90-92,3/4,GB'er,1,3,-,-,-,54,35,71,81,92,77,110,-,-,70,-,-,-,116,98,120,98,-,70,-,-,-,116,98,120,66,41,38,105,4,4,17,16,4,1,0,1,2,3,4,1,0,0,0,0,0,5,0,3.6,0.57,3,1.5,0.2,4.18,0,0,0.0,-0.1,0,0,0,0,0,0,0,0.0,0,0,0,0,0,0,0,0,0,0,0,0,0,0,0,0,0,0,0,0,0,0.00,0,0,0,0,0,0.0,0.0,0.0,0.00,4,4,14,1,13,0,0,0,3.35,0.5,1.120,0,0,37.2,0,0,11,11,0,0,2,2,4,0,4,0,0.0,0.1
1B,John Anderson,John,Anderson,Herky Hyenas,6' 2',215 lbs,S,R,97,Washington Senators,WHS,1898,2026,CS,85719,Diamond,Clubhouse - SwitchKnucklers - Snapshot  1B John Anderson  WAS  1898,0,N,0,117,158,105,53,141,109,145,105,61,160,120,162,105,50,135,16,5,Line Drive,Pull,Pull,1,1,1,7,1,1,1,7,1,1,1,7,16,-,-,-,-,-,-,-,-,-,-,-,1,GB,90-92,3/4,GB'er,1,18,-,-,-,40,43,50,39,68,63,75,-,-,72,-,-,-,80,56,77,88,-,72,-,-,-,80,56,77,76,67,93,75,12,12,51,49,17,8,3,2,4,9,8,0,0,0,0,2,0,9,0,11.9,0.32,11,4.9,0.6,3.31,2,1,-0.0,-0.0,0,0,0,0,0,0,0,0.0,0,0,0,0,0,0,0,0,0,0,0,0,0,0,0,0,0,0,0,0,0,0.00,0,0,0,0,0,0.0,0.0,0.0,0.00,11,11,90,3,87,0,6,0,8.27,0.3,1.059,0,0,98.0,0,0,17,17,3,1,1,1,0,0,0,0,0.0,0.0
1B,Jeff Bagwell,Jeff,Bagwell,Northville Stallions,6' 0',195 lbs,R,R,99,Houston Astros,HOU,2000,1993-2004,HOF,82731,Diamond,Hall of Fame  1B Jeff Bagwell  HOU  2000,0,N,0,90,72,113,121,83,124,69,102,138,99,82,73,117,115,78,3,7,Flyball,Normal,Normal,1,1,1,7,1,1,1,7,1,1,1,7,16,-,-,-,-,-,-,-,-,-,-,-,1,GB,92-94,3/4,GB'er,1,23,-,-,-,49,53,55,61,1,4,1,-,-,74,-,-,-,-,-,-,101,-,74,-,-,-,-,-,-,48,52,55,48,4,4,17,16,4,3,1,0,0,1,2,1,0,0,0,0,0,2,0,1.5,0.40,1,-0.6,-0.1,3.18,0,0,0.0,-0.4,0,0,0,0,0,0,0,0.0,0,0,0,0,0,0,0,0,0,0,0,0,0,0,0,0,0,0,0,0,0,0.00,0,0,0,0,0,0.0,0.0,0.0,0.00,4,4,40,3,37,0,2,0,10.00,0.1,1.059,0,0,36.0,0,0,4,4,0,0,0,0,0,0,0,0,0.0,0.0
1B,Jeff Bagwell,Jeff,Bagwell,seebal Saeki,6' 0',195 lbs,R,R,99,Houston Astros,HOU,2000,1993-2004,HOF,82731,Diamond,Hall of Fame  1B Jeff Bagwell  HOU  2000,0,N,0,90,72,113,121,83,124,69,102,138,99,82,73,117,115,78,3,7,Flyball,Normal,Normal,1,1,1,7,1,1,1,7,1,1,1,7,16,-,-,-,-,-,-,-,-,-,-,-,1,GB,92-94,3/4,GB'er,1,23,-,-,-,49,53,55,61,1,4,1,-,-,74,-,-,-,-,-,-,101,-,74,-,-,-,-,-,-,48,52,55,48,1,1,4,4,3,3,0,0,0,0,1,0,0,0,0,0,0,0,0,2.2,0.18,1,1.1,0.1,4.00,0,0,0.0,0.0,0,0,0,0,0,0,0,0.0,0,0,0,0,0,0,0,0,0,0,0,0,0,0,0,0,0,0,0,0,0,0.00,0,0,0,0,0,0.0,0.0,0.0,0.00,1,1,5,0,5,0,0,0,5.62,0.0,1.059,0,0,8.0,0,0,1,1,0,0,0,0,0,0,0,0,0.0,0.0
1B,Jeff Bagwell,Jeff,Bagwell,Dubuque Packers,6' 0',195 lbs,R,R,99,Houston Astros,HOU,2000,1993-2004,HOF,82731,Diamond,Hall of Fame  1B Jeff Bagwell  HOU  2000,0,N,0,90,72,113,121,83,124,69,102,138,99,82,73,117,115,78,3,7,Flyball,Normal,Normal,1,1,1,7,1,1,1,7,1,1,1,7,16,-,-,-,-,-,-,-,-,-,-,-,1,GB,92-94,3/4,GB'er,1,23,-,-,-,49,53,55,61,1,4,1,-,-,74,-,-,-,-,-,-,101,-,74,-,-,-,-,-,-,48,52,55,48,8,8,34,29,11,8,1,0,2,5,6,5,1,0,0,0,0,4,1,8.4,0.19,7,3.6,0.5,3.88,0,0,0.0,0.6,0,0,0,0,0,0,0,0.0,0,0,0,0,0,0,0,0,0,0,0,0,0,0,0,0,0,0,0,0,0,0.00,0,0,0,0,0,0.0,0.0,0.0,0.00,0,0,0,0,0,0,0,0,0.00,0.0,.000,0,0,0.0,0,0,0,0,0,0,0,0,0,0,0,0,0.0,0.0
1B,Jeff Bagwell,Jeff,Bagwell,Rajasthan Rifles Rifles,6' 0',195 lbs,R,R,99,Houston Astros,HOU,2000,1993-2004,HOF,82731,Diamond,Hall of Fame  1B Jeff Bagwell  HOU  2000,0,N,0,90,72,113,121,83,124,69,102,138,99,82,73,117,115,78,3,7,Flyball,Normal,Normal,1,1,1,7,1,1,1,7,1,1,1,7,16,-,-,-,-,-,-,-,-,-,-,-,1,GB,92-94,3/4,GB'er,1,23,-,-,-,49,53,55,61,1,4,1,-,-,74,-,-,-,-,-,-,101,-,74,-,-,-,-,-,-,48,52,55,48,5,5,21,19,2,2,0,0,0,1,1,2,0,0,0,0,0,4,0,0.5,-0.19,0,-2.9,-0.2,4.67,0,0,0.0,-0.0,0,0,0,0,0,0,0,0.0,0,0,0,0,0,0,0,0,0,0,0,0,0,0,0,0,0,0,0,0,0,0.00,0,0,0,0,0,0.0,0.0,0.0,0.00,5,5,49,2,47,0,0,0,9.19,0.2,1.059,0,0,48.0,0,0,7,7,0,0,0,0,0,0,0,0,0.0,0.0
1B,Matt Carpenter,Matt,Carpenter,Dry Creek Craw Daddies,6' 4',225 lbs,L,R,74,St. Louis Cardinals,STL,2015,2015+,CS,86771,Silver,Clubhouse - Baseball Reference 8  3B Matt Carpenter  STL  2015,0,N,0,121,146,116,175,66,96,129,105,155,58,131,151,120,182,69,5,1,Normal,Ex. Pull,Pull,1,1,1,1,1,1,1,1,1,1,1,1,17,-,17,-,-,-,-,-,-,-,-,-,2,EX FB,97-99,OTT,Normal,1,13,-,-,-,61,89,67,84,10,3,10,-,-,102,80,74,-,-,-,-,129,-,102,80,74,-,-,-,-,54,21,62,71,3,,4,3,0,0,0,0,0,0,1,1,0,0,0,0,0,1,0,0.1,-0.03,0,-0.5,-0.1,3.50,0,0,0.0,0.2,0,0,0,0,0,0,0,0.0,0,0,0,0,0,0,0,0,0,0,0,0,0,0,0,0,0,0,0,0,0,0.00,0,0,0,0,0,0.0,0.0,0.0,0.00,2,0,4,3,0,1,1,0,4.26,-0.5,.795,0,0,6.1,0,0,4,3,0,0,0,0,1,0,1,0,0.0,0.0
1B,Yu Chang,Yu,Chang,Great Lakes Man-of-War-HOTL,6' 1',180 lbs,R,R,89,Boston Red Sox,BOS,2023,2015+,WBC,82774,Gold,World Baseball Classic  SS Yu Chang  TPE  2023,0,Y,5,124,100,103,84,88,147,122,103,105,97,118,94,104,76,86,61,60,Groundball,Spray,Spray,1,1,1,1,1,1,1,1,1,1,1,4,17,-,-,17,-,-,-,-,-,-,-,-,2,EX FB,97-99,3/4,Normal,1,20,-,-,-,88,103,82,90,1,3,2,-,-,103,118,109,102,-,-,-,162,-,103,118,109,102,-,-,-,71,56,78,76,4,3,12,11,2,2,0,0,0,0,1,0,0,0,1,0,0,2,1,0.2,-0.13,0,-1.7,-0.1,3.08,0,0,0.0,-0.1,0,0,0,0,0,0,0,0.0,0,0,0,0,0,0,0,0,0,0,0,0,0,0,0,0,0,0,0,0,0,0.00,0,0,0,0,0,0.0,0.0,0.0,0.00,3,3,26,0,26,0,1,0,8.67,0.4,1.323,0,0,27.0,0,0,5,4,1,1,1,1,0,0,0,0,0.0,0.0
1B,Roy Cullenbine,Roy,Cullenbine,Normal Night Owls - HotL,6' 1',190 lbs,S,R,88,Detroit Tigers,DET,1946,1946-1960,CS,86775,Gold,Clubhouse - Baseball Reference 8  RF Roy Cullenbine  DET  1946,0,N,0,133,84,109,240,82,128,38,95,254,77,135,94,115,236,84,26,9,Groundball,Spray,Spray,1,1,1,1,1,1,1,1,1,1,1,1,16,-,-,-,-,-,-,-,-,-,-,-,1,NEU,91-93,OTT,Normal,1,13,-,-,-,67,43,51,34,48,71,118,-,-,78,-,-,-,69,-,78,104,-,78,-,-,-,69,-,78,28,12,72,51,4,4,19,15,5,4,1,0,0,0,2,4,0,0,0,0,0,3,1,3.0,-0.05,3,1.3,0.2,4.21,0,0,0.0,-0.2,0,0,0,0,0,0,0,0.0,0,0,0,0,0,0,0,0,0,0,0,0,0,0,0,0,0,0,0,0,0,0.00,0,0,0,0,0,0.0,0.0,0.0,0.00,4,4,32,1,31,0,4,0,7.78,0.1,1.059,0,0,37.0,0,0,3,3,0,0,0,0,0,0,0,0,0.0,0.0
1B,Roy Cullenbine,Roy,Cullenbine,Great Lakes Man-of-War-HOTL,6' 1',190 lbs,S,R,88,Detroit Tigers,DET,1946,1946-1960,CS,86775,Gold,Clubhouse - Baseball Reference 8  RF Roy Cullenbine  DET  1946,0,N,0,133,84,109,240,82,128,38,95,254,77,135,94,115,236,84,26,9,Groundball,Spray,Spray,1,1,1,1,1,1,1,1,1,1,1,1,16,-,-,-,-,-,-,-,-,-,-,-,1,NEU,91-93,OTT,Normal,1,13,-,-,-,67,43,51,34,48,71,118,-,-,78,-,-,-,69,-,78,104,-,78,-,-,-,69,-,78,28,12,72,51,4,4,17,13,3,2,0,0,1,1,3,4,1,0,0,0,0,4,1,2.4,0.19,2,0.4,0.1,4.24,0,0,0.0,0.1,0,0,0,0,0,0,0,0.0,0,0,0,0,0,0,0,0,0,0,0,0,0,0,0,0,0,0,0,0,0,0.00,0,0,0,0,0,0.0,0.0,0.0,0.00,4,4,29,4,25,0,4,0,7.68,0.2,1.059,0,0,34.0,0,0,7,7,1,1,0,0,1,0,0,0,0.0,0.0
1B,Roy Cullenbine,Roy,Cullenbine,Chicago Seals,6' 1',190 lbs,S,R,88,Detroit Tigers,DET,1946,1946-1960,CS,86775,Gold,Clubhouse - Baseball Reference 8  RF Roy Cullenbine  DET  1946,0,N,0,133,84,109,240,82,128,38,95,254,77,135,94,115,236,84,26,9,Groundball,Spray,Spray,1,1,1,1,1,1,1,1,1,1,1,1,16,-,-,-,-,-,-,-,-,-,-,-,1,NEU,91-93,OTT,Normal,1,13,-,-,-,67,43,51,34,48,71,118,-,-,78,-,-,-,69,-,78,104,-,78,-,-,-,69,-,78,28,12,72,51,5,4,19,16,2,2,0,0,0,2,0,3,0,0,0,0,0,6,0,0.9,-0.13,0,-1.8,-0.1,4.42,1,0,0.2,0.0,0,0,0,0,0,0,0,0.0,0,0,0,0,0,0,0,0,0,0,0,0,0,0,0,0,0,0,0,0,0,0.00,0,0,0,0,0,0.0,0.0,0.0,0.00,4,4,38,3,34,1,3,0,9.08,-0.3,.926,0,0,36.2,0,0,9,8,0,0,0,0,0,0,0,0,0.0,0.0
1B,Piper Davis,Piper,Davis,Three Mile Island Atomic Isotopes,6' 3',185 lbs,R,R,97,Birmingham Black Barons,BBB,1946,1946-1960,,84574,Diamond,Negro League Star  2B Piper Davis  BBB  1946,0,N,0,89,85,81,92,95,89,85,81,92,95,89,86,81,92,95,43,51,Groundball,Normal,Spray,1,1,20,5,1,1,19,5,1,1,20,5,16,-,-,-,-,-,-,-,-,-,-,-,1,NEU,89-91,3/4,Normal,1,69,53,53,53,95,66,59,91,55,62,68,137,45,104,104,75,80,-,-,60,137,45,104,104,75,80,-,-,60,72,49,64,55,4,4,15,14,6,4,0,1,1,5,2,1,0,0,0,0,0,2,2,3.8,0.06,4,2.6,0.2,3.20,0,0,0.0,-0.5,0,0,0,0,0,0,0,0.0,0,0,0,0,0,0,0,0,0,0,0,0,0,0,0,0,0,0,0,0,0,0.00,0,0,0,0,0,0.0,0.0,0.0,0.00,4,4,26,2,23,1,3,1,7.03,-0.4,.847,0,0,32.0,0,0,6,5,0,0,0,0,0,0,0,0,0.0,0.0
1B,Carlos Delgado,Carlos,Delgado,Ogden Raptors - HotL,6' 3',215 lbs,L,R,98,Toronto Blue Jays,TOR,2000,1993-2004,,85912,Diamond,Blue Jays 50th Anniversary  1B Carlos Delgado  TOR  2000,0,N,0,132,135,124,142,91,145,147,99,103,75,128,131,133,155,96,4,6,Line Drive,Pull,Pull,1,1,1,1,1,1,1,1,1,1,1,1,16,-,-,-,-,-,-,-,-,-,-,-,1,NEU,89-91,3/4,Normal,1,25,33,28,22,27,26,28,33,8,8,3,-,11,49,-,-,-,-,-,-,62,11,49,-,-,-,-,-,-,4,5,6,12,8,8,36,34,13,7,3,0,3,5,5,2,0,0,0,0,0,7,2,9.2,0.22,9,5.0,0.6,3.97,0,0,0.0,0.0,0,0,0,0,0,0,0,0.0,0,0,0,0,0,0,0,0,0,0,0,0,0,0,0,0,0,0,0,0,0,0.00,0,0,0,0,0,0.0,0.0,0.0,0.00,8,8,81,5,76,0,3,0,10.12,0.3,1.059,0,0,72.0,0,8,11,11,0,0,0,0,0,0,1,0,-0.1,0.0
1B,Carlos Delgado,Carlos,Delgado,Chicago Beans,6' 3',215 lbs,L,R,98,Toronto Blue Jays,TOR,2000,1993-2004,,85912,Diamond,Blue Jays 50th Anniversary  1B Carlos Delgado  TOR  2000,0,Y,5,142,145,134,153,99,156,158,107,111,82,138,141,143,167,104,4,6,Line Drive,Pull,Pull,1,1,1,1,1,1,1,1,1,1,1,1,16,-,-,-,-,-,-,-,-,-,-,-,1,NEU,89-91,3/4,Normal,1,25,33,28,22,27,26,28,33,8,8,3,-,13,53,-,-,-,-,-,-,67,13,53,-,-,-,-,-,-,4,5,6,12,9,9,40,38,10,5,3,0,2,6,4,2,0,0,0,0,0,7,2,4.9,0.26,5,0.8,0.0,4.33,0,0,0.0,-0.9,0,0,0,0,0,0,0,0.0,0,0,0,0,0,0,0,0,0,0,0,0,0,0,0,0,0,0,0,0,0,0.00,0,0,0,0,0,0.0,0.0,0.0,0.00,9,9,65,2,62,1,5,0,7.48,-0.2,.926,0,0,77.0,0,0,13,12,0,0,0,0,0,0,0,0,0.0,0.0
1B,Carlos Delgado,Carlos,Delgado,Arcadia Wyverns,6' 3',215 lbs,L,R,98,Toronto Blue Jays,TOR,2000,1993-2004,,85912,Diamond,Blue Jays 50th Anniversary  1B Carlos Delgado  TOR  2000,0,N,0,132,135,124,142,91,145,147,99,103,75,128,131,133,155,96,4,6,Line Drive,Pull,Pull,1,1,1,1,1,1,1,1,1,1,1,1,16,-,-,-,-,-,-,-,-,-,-,-,1,NEU,89-91,3/4,Normal,1,25,33,28,22,27,26,28,33,8,8,3,-,11,49,-,-,-,-,-,-,62,11,49,-,-,-,-,-,-,4,5,6,12,4,4,19,17,4,2,1,0,1,3,2,2,0,0,0,0,0,1,0,2.7,0.39,2,0.4,0.1,4.26,0,0,0.0,0.4,0,0,0,0,0,0,0,0.0,0,0,0,0,0,0,0,0,0,0,0,0,0,0,0,0,0,0,0,0,0,0.00,0,0,0,0,0,0.0,0.0,0.0,0.00,0,0,0,0,0,0,0,0,0.00,0.0,.000,0,0,0.0,0,0,0,0,0,0,0,0,0,0,0,0,0.0,0.0
1B,Carlos Delgado,Carlos,Delgado,Texas Briskets,6' 3',215 lbs,L,R,98,Toronto Blue Jays,TOR,2000,1993-2004,,85912,Diamond,Blue Jays 50th Anniversary  1B Carlos Delgado  TOR  2000,0,N,0,132,135,124,142,91,145,147,99,103,75,128,131,133,155,96,4,6,Line Drive,Pull,Pull,1,1,1,1,1,1,1,1,1,1,1,1,16,-,-,-,-,-,-,-,-,-,-,-,1,NEU,89-91,3/4,Normal,1,25,33,28,22,27,26,28,33,8,8,3,-,11,49,-,-,-,-,-,-,62,11,49,-,-,-,-,-,-,4,5,6,12,3,3,14,13,5,4,1,0,0,3,1,1,0,0,0,0,0,1,0,2.7,0.33,2,0.9,0.1,4.14,0,0,0.0,0.0,0,0,0,0,0,0,0,0.0,0,0,0,0,0,0,0,0,0,0,0,0,0,0,0,0,0,0,0,0,0,0.00,0,0,0,0,0,0.0,0.0,0.0,0.00,0,0,0,0,0,0,0,0,0.00,0.0,.000,0,0,0.0,0,0,0,0,0,0,0,0,0,0,0,0,0.0,0.0
1B,Carlos Delgado,Carlos,Delgado,Toronto Terns PCK,6' 3',215 lbs,L,R,98,Toronto Blue Jays,TOR,2000,1993-2004,,85912,Diamond,Blue Jays 50th Anniversary  1B Carlos Delgado  TOR  2000,0,N,0,132,135,124,142,91,145,147,99,103,75,128,131,133,155,96,4,6,Line Drive,Pull,Pull,1,1,1,1,1,1,1,1,1,1,1,1,16,-,-,-,-,-,-,-,-,-,-,-,1,NEU,89-91,3/4,Normal,1,25,33,28,22,27,26,28,33,8,8,3,-,11,49,-,-,-,-,-,-,62,11,49,-,-,-,-,-,-,4,5,6,12,4,4,17,14,4,4,0,0,0,1,1,3,1,0,0,0,0,7,0,1.9,-0.20,1,-0.4,-0.0,4.59,0,0,0.0,0.0,0,0,0,0,0,0,0,0.0,0,0,0,0,0,0,0,0,0,0,0,0,0,0,0,0,0,0,0,0,0,0.00,0,0,0,0,0,0.0,0.0,0.0,0.00,0,0,0,0,0,0,0,0,0.00,0.0,.000,0,0,0.0,0,0,0,0,0,0,0,0,0,0,0,0,0.0,0.0
1B,Carlos Delgado,Carlos,Delgado,Svendborg Sailors,6' 3',215 lbs,L,R,98,Toronto Blue Jays,TOR,2000,1993-2004,,85912,Diamond,Blue Jays 50th Anniversary  1B Carlos Delgado  TOR  2000,0,N,0,132,135,124,142,91,145,147,99,103,75,128,131,133,155,96,4,6,Line Drive,Pull,Pull,1,1,1,1,1,1,1,1,1,1,1,1,16,-,-,-,-,-,-,-,-,-,-,-,1,NEU,89-91,3/4,Normal,1,25,33,28,22,27,26,28,33,8,8,3,-,11,49,-,-,-,-,-,-,62,11,49,-,-,-,-,-,-,4,5,6,12,3,3,13,13,3,2,1,0,0,2,0,0,0,0,0,0,0,4,0,0.9,-0.23,0,-0.9,-0.0,3.38,0,0,0.0,0.0,0,0,0,0,0,0,0,0.0,0,0,0,0,0,0,0,0,0,0,0,0,0,0,0,0,0,0,0,0,0,0.00,0,0,0,0,0,0.0,0.0,0.0,0.00,3,3,26,2,24,0,4,0,9.00,0.3,1.059,0,0,26.0,0,0,3,3,2,2,0,0,0,0,0,0,0.0,0.0
1B,Carlos Delgado,Carlos,Delgado,Zanesville Greys,6' 3',215 lbs,L,R,98,Toronto Blue Jays,TOR,2000,1993-2004,,85912,Diamond,Blue Jays 50th Anniversary  1B Carlos Delgado  TOR  2000,0,N,0,132,135,124,142,91,145,147,99,103,75,128,131,133,155,96,4,6,Line Drive,Pull,Pull,1,1,1,1,1,1,1,1,1,1,1,1,16,-,-,-,-,-,-,-,-,-,-,-,1,NEU,89-91,3/4,Normal,1,25,33,28,22,27,26,28,33,8,8,3,-,11,49,-,-,-,-,-,-,62,11,49,-,-,-,-,-,-,4,5,6,12,3,3,11,10,1,1,0,0,0,1,0,0,0,0,0,1,0,4,0,0.1,-0.32,0,-2.1,-0.2,4.27,0,0,0.0,0.0,0,0,0,0,0,0,0,0.0,0,0,0,0,0,0,0,0,0,0,0,0,0,0,0,0,0,0,0,0,0,0.00,0,0,0,0,0,0.0,0.0,0.0,0.00,3,3,22,2,20,0,2,0,7.62,-0.4,.847,0,0,26.0,0,0,7,6,0,0,0,0,0,0,0,0,0.0,0.0
1B,Carlos Delgado,Carlos,Delgado,Charlotte Hellcats GH,6' 3',215 lbs,L,R,98,Toronto Blue Jays,TOR,2000,1993-2004,,85912,Diamond,Blue Jays 50th Anniversary  1B Carlos Delgado  TOR  2000,0,Y,5,142,145,134,153,99,156,158,107,111,82,138,141,143,167,104,4,6,Line Drive,Pull,Pull,1,1,1,1,1,1,1,1,1,1,1,1,16,-,-,-,-,-,-,-,-,-,-,-,1,NEU,89-91,3/4,Normal,1,25,33,28,22,27,26,28,33,8,8,3,-,13,53,-,-,-,-,-,-,67,13,53,-,-,-,-,-,-,4,5,6,12,18,16,94,68,28,16,9,0,3,19,29,25,0,0,0,1,0,6,2,27.6,0.03,27,15.9,1.4,4.24,0,2,-1.1,-2.7,0,0,0,0,0,0,0,0.0,0,0,0,0,0,0,0,0,0,0,0,0,0,0,0,0,0,0,0,0,0,0.00,0,0,0,0,0,0.0,0.0,0.0,0.00,17,16,122,5,117,0,6,0,7.96,0.3,1.000,0,0,138.0,0,0,22,22,2,2,1,0,0,0,0,0,0.0,0.0
1B,Carlos Delgado,Carlos,Delgado,Summerglen Seraphs TBD,6' 3',215 lbs,L,R,98,Toronto Blue Jays,TOR,2000,1993-2004,,85912,Diamond,Blue Jays 50th Anniversary  1B Carlos Delgado  TOR  2000,0,N,0,132,135,124,142,91,145,147,99,103,75,128,131,133,155,96,4,6,Line Drive,Pull,Pull,1,1,1,1,1,1,1,1,1,1,1,1,16,-,-,-,-,-,-,-,-,-,-,-,1,NEU,89-91,3/4,Normal,1,25,33,28,22,27,26,28,33,8,8,3,-,11,49,-,-,-,-,-,-,62,11,49,-,-,-,-,-,-,4,5,6,12,5,5,20,18,4,3,0,0,1,3,1,2,0,0,0,0,0,3,0,2.3,-0.10,2,-0.2,0.0,4.00,0,0,0.0,0.0,0,0,0,0,0,0,0,0.0,0,0,0,0,0,0,0,0,0,0,0,0,0,0,0,0,0,0,0,0,0,0.00,0,0,0,0,0,0.0,0.0,0.0,0.00,5,5,40,3,37,0,2,0,8.44,0.4,1.059,0,0,42.2,0,0,7,7,1,1,0,0,2,1,1,0,0.0,0.0
1B,Carlos Delgado,Carlos,Delgado,Wilson Horns,6' 3',215 lbs,L,R,98,Toronto Blue Jays,TOR,2000,1993-2004,,85912,Diamond,Blue Jays 50th Anniversary  1B Carlos Delgado  TOR  2000,0,N,0,132,135,124,142,91,145,147,99,103,75,128,131,133,155,96,4,6,Line Drive,Pull,Pull,1,1,1,1,1,1,1,1,1,1,1,1,16,-,-,-,-,-,-,-,-,-,-,-,1,NEU,89-91,3/4,Normal,1,25,33,28,22,27,26,28,33,8,8,3,-,11,49,-,-,-,-,-,-,62,11,49,-,-,-,-,-,-,4,5,6,12,3,3,13,9,2,2,0,0,0,0,1,4,0,0,0,0,0,3,0,1.4,-0.33,1,0.4,0.1,5.23,0,0,0.0,0.1,0,0,0,0,0,0,0,0.0,0,0,0,0,0,0,0,0,0,0,0,0,0,0,0,0,0,0,0,0,0,0.00,0,0,0,0,0,0.0,0.0,0.0,0.00,3,3,25,3,22,0,1,0,8.33,0.3,1.059,0,0,27.0,0,0,6,6,2,2,0,0,0,0,0,0,0.0,0.0
1B,Carlos Delgado,Carlos,Delgado,Gastonia Peaches,6' 3',215 lbs,L,R,98,Toronto Blue Jays,TOR,2000,1993-2004,,85912,Diamond,Blue Jays 50th Anniversary  1B Carlos Delgado  TOR  2000,0,Y,5,142,145,134,153,99,156,158,107,111,82,138,141,143,167,104,4,6,Line Drive,Pull,Pull,1,1,1,1,1,1,1,1,1,1,1,1,16,-,-,-,-,-,-,-,-,-,-,-,1,NEU,89-91,3/4,Normal,1,25,33,28,22,27,26,28,33,8,8,3,-,13,53,-,-,-,-,-,-,67,13,53,-,-,-,-,-,-,4,5,6,12,7,7,35,32,9,7,1,0,1,6,4,3,1,0,0,0,0,10,1,4.2,0.31,4,-0.2,0.1,3.77,0,0,0.0,0.2,0,0,0,0,0,0,0,0.0,0,0,0,0,0,0,0,0,0,0,0,0,0,0,0,0,0,0,0,0,0,0.00,0,0,0,0,0,0.0,0.0,0.0,0.00,7,7,70,7,63,0,5,0,9.00,-0.0,.970,0,0,70.0,0,0,17,16,1,1,0,0,0,0,0,0,0.0,0.0
1B,Carlos Delgado,Carlos,Delgado,Numenor Faithful,6' 3',215 lbs,L,R,98,Toronto Blue Jays,TOR,2000,1993-2004,,85912,Diamond,Blue Jays 50th Anniversary  1B Carlos Delgado  TOR  2000,0,N,0,132,135,124,142,91,145,147,99,103,75,128,131,133,155,96,4,6,Line Drive,Pull,Pull,1,1,1,1,1,1,1,1,1,1,1,1,16,-,-,-,-,-,-,-,-,-,-,-,1,NEU,89-91,3/4,Normal,1,25,33,28,22,27,26,28,33,8,8,3,-,11,49,-,-,-,-,-,-,62,11,49,-,-,-,-,-,-,4,5,6,12,4,4,16,15,1,1,0,0,0,0,0,1,0,0,0,0,0,2,1,0.1,-0.33,0,-2.9,-0.3,4.00,0,0,0.0,0.0,0,0,0,0,0,0,0,0.0,0,0,0,0,0,0,0,0,0,0,0,0,0,0,0,0,0,0,0,0,0,0.00,0,0,0,0,0,0.0,0.0,0.0,0.00,4,4,32,4,28,0,2,0,8.47,-0.5,.882,0,0,34.0,0,0,6,5,1,1,0,0,1,0,2,0,0.0,0.0
1B,Carlos Delgado,Carlos,Delgado,Grand Rapids Warriors,6' 3',215 lbs,L,R,98,Toronto Blue Jays,TOR,2000,1993-2004,,85912,Diamond,Blue Jays 50th Anniversary  1B Carlos Delgado  TOR  2000,0,N,0,132,135,124,142,91,145,147,99,103,75,128,131,133,155,96,4,6,Line Drive,Pull,Pull,1,1,1,1,1,1,1,1,1,1,1,1,16,-,-,-,-,-,-,-,-,-,-,-,1,NEU,89-91,3/4,Normal,1,25,33,28,22,27,26,28,33,8,8,3,-,11,49,-,-,-,-,-,-,62,11,49,-,-,-,-,-,-,4,5,6,12,5,5,23,21,7,2,2,0,3,10,3,2,0,0,0,0,0,6,0,7.2,1.39,6,3.7,0.4,3.61,0,0,0.0,-0.4,0,0,0,0,0,0,0,0.0,0,0,0,0,0,0,0,0,0,0,0,0,0,0,0,0,0,0,0,0,0,0.00,0,0,0,0,0,0.0,0.0,0.0,0.00,5,5,36,4,32,0,1,0,7.53,0.3,1.059,0,0,43.0,0,0,10,10,0,0,0,0,0,0,1,0,0.0,0.0
1B,Nick Esasky,Nick,Esasky,Kansas City Torrent - JW,6' 3',205 lbs,R,R,81,Boston Red Sox,BOS,1989,1980-1992,,86704,Gold,Studs & Duds - Unsung Heroes  1B Nick Esasky  BOS  1989,10 678,Y,5,94,93,147,134,67,81,72,161,164,55,100,100,141,124,69,3,3,Normal,Spray,Spray,1,1,1,4,1,1,1,4,1,1,1,4,16,-,-,-,-,-,-,-,-,-,-,-,1,NEU,90-92,3/4,Normal,1,19,-,-,-,40,59,43,31,60,90,10,-,-,85,-,33,-,67,-,-,102,-,85,-,33,-,67,-,-,30,13,9,20,11,10,38,33,8,3,2,0,3,5,7,4,0,1,0,0,0,13,0,6.9,0.81,6,2.2,0.4,4.58,0,0,0.0,0.0,0,0,0,0,0,0,0,0.0,0,0,0,0,0,0,0,0,0,0,0,0,0,0,0,0,0,0,0,0,0,0.00,0,0,0,0,0,0.0,0.0,0.0,0.00,11,10,88,9,79,0,8,0,8.61,0.8,1.059,0,0,92.0,0,0,15,15,3,3,2,2,1,0,1,0,0.0,0.0
1B,Cecil Fielder,Cecil,Fielder,Winnipeg Golden Knights,6' 3',240 lbs,R,R,78,Detroit Tigers,DET,1990,1980-1992,,86764,Silver,T4 Ep. 9 - Baseball Reference 8  1B Cecil Fielder  DET  1990,0,N,0,76,78,170,106,36,95,85,211,112,48,69,76,156,104,32,5,1,Normal,Spray,Spray,1,1,1,1,1,1,1,1,1,1,1,1,16,-,-,-,-,-,-,-,-,-,-,-,1,NEU,91-93,3/4,Normal,1,21,-,-,-,42,18,30,31,1,7,9,-,-,61,-,-,-,-,-,-,73,-,61,-,-,-,-,-,-,8,4,6,14,9,,9,8,0,0,0,0,0,0,0,1,0,0,0,0,0,4,1,0.0,-0.48,0,-1.8,-0.3,4.11,0,0,0.0,-1.3,0,0,0,0,0,0,0,0.0,0,0,0,0,0,0,0,0,0,0,0,0,0,0,0,0,0,0,0,0,0,0.00,0,0,0,0,0,0.0,0.0,0.0,0.00,0,0,0,0,0,0,0,0,0.00,0.0,.000,0,0,0.0,0,0,0,0,0,0,0,0,0,0,0,0,0.0,0.0
1B,Cecil Fielder,Cecil,Fielder,Chicago Gamblers - E6,6' 3',240 lbs,R,R,78,Detroit Tigers,DET,1990,1980-1992,,86764,Silver,T4 Ep. 9 - Baseball Reference 8  1B Cecil Fielder  DET  1990,0,Y,5,83,85,183,115,40,103,92,226,121,53,75,83,168,113,36,5,1,Normal,Spray,Spray,1,1,1,1,1,1,1,1,1,1,1,1,16,-,-,-,-,-,-,-,-,-,-,-,1,NEU,91-93,3/4,Normal,1,21,-,-,-,42,18,30,31,1,7,9,-,-,66,-,-,-,-,-,-,78,-,66,-,-,-,-,-,-,8,4,6,14,10,2,21,19,4,1,0,0,3,5,3,1,0,1,0,0,0,7,1,3.2,-0.23,3,1.4,0.2,4.05,0,0,0.0,-0.0,0,0,0,0,0,0,0,0.0,0,0,0,0,0,0,0,0,0,0,0,0,0,0,0,0,0,0,0,0,0,0.00,0,0,0,0,0,0.0,0.0,0.0,0.00,2,0,12,3,9,0,0,0,12.46,0.3,1.059,0,0,8.2,0,0,6,6,1,1,0,0,0,0,0,0,0.0,0.0
1B,Cecil Fielder,Cecil,Fielder,Looking Glass Loopers TBD,6' 3',240 lbs,R,R,78,Detroit Tigers,DET,1990,1980-1992,,86764,Silver,T4 Ep. 9 - Baseball Reference 8  1B Cecil Fielder  DET  1990,0,Y,5,83,85,183,115,40,103,92,226,121,53,75,83,168,113,36,5,1,Normal,Spray,Spray,1,1,1,1,1,1,1,1,1,1,1,1,16,-,-,-,-,-,-,-,-,-,-,-,1,NEU,91-93,3/4,Normal,1,21,-,-,-,42,18,30,31,1,7,9,-,-,66,-,-,-,-,-,-,78,-,66,-,-,-,-,-,-,8,4,6,14,3,3,11,10,2,0,1,0,1,4,1,1,0,0,0,0,0,3,0,1.7,0.37,1,0.4,0.1,3.82,0,0,0.0,0.1,0,0,0,0,0,0,0,0.0,0,0,0,0,0,0,0,0,0,0,0,0,0,0,0,0,0,0,0,0,0,0.00,0,0,0,0,0,0.0,0.0,0.0,0.00,3,3,22,2,20,0,0,0,8.25,0.1,1.059,0,0,24.0,0,0,4,4,0,0,0,0,0,0,0,0,0.0,0.0
1B,Jimmie Foxx,Jimmie,Foxx,Freedom Grabbers - HotL,6' 0',195 lbs,R,R,84,Boston Red Sox,BOS,1940,1921-1945,PTCS,84011,Gold,PTCS 5 - Historical All-Star  1B Jimmie Foxx  BOS  1940,0,N,0,84,87,146,167,52,138,126,152,170,50,69,77,144,166,53,11,2,Flyball,Normal,Normal,1,1,1,1,1,1,1,1,1,1,1,1,16,17,-,-,-,-,-,-,-,17,-,-,3,NEU,90-92,SIDE,Normal,1,17,37,53,39,48,66,56,49,53,54,67,-,32,75,-,47,-,-,-,-,106,32,75,-,47,-,-,-,-,60,41,72,61,4,2,9,8,1,1,0,0,0,0,0,1,0,0,0,0,0,3,0,0.3,-0.27,0,-1.0,-0.0,3.89,0,0,0.0,0.2,0,0,0,0,0,0,0,0.0,0,0,0,0,0,0,0,0,0,0,0,0,0,0,0,0,0,0,0,0,0,0.00,0,0,0,0,0,0.0,0.0,0.0,0.00,3,2,19,2,17,0,0,0,9.00,0.2,1.059,0,0,19.0,0,0,8,8,0,0,0,0,0,0,0,0,0.0,0.0
1B,Jimmie Foxx,Jimmie,Foxx,Texas Briskets,6' 0',195 lbs,R,R,84,Boston Red Sox,BOS,1940,1921-1945,PTCS,84011,Gold,PTCS 5 - Historical All-Star  1B Jimmie Foxx  BOS  1940,0,N,0,84,87,146,167,52,138,126,152,170,50,69,77,144,166,53,11,2,Flyball,Normal,Normal,1,1,1,1,1,1,1,1,1,1,1,1,16,17,-,-,-,-,-,-,-,17,-,-,3,NEU,90-92,SIDE,Normal,1,17,37,53,39,48,66,56,49,53,54,67,-,32,75,-,47,-,-,-,-,106,32,75,-,47,-,-,-,-,60,41,72,61,2,1,7,6,1,1,0,0,0,0,0,1,0,0,0,0,0,0,0,0.4,-0.18,0,-0.5,-0.0,4.00,0,0,0.0,0.0,0,0,0,0,0,0,0,0.0,0,0,0,0,0,0,0,0,0,0,0,0,0,0,0,0,0,0,0,0,0,0.00,0,0,0,0,0,0.0,0.0,0.0,0.00,1,0,2,0,2,0,0,0,3.60,0.0,.000,0,0,5.0,0,0,0,0,0,0,0,0,0,0,0,0,0.0,0.0
1B,Paul Goldschmidt,Paul,Goldschmidt,Winnipeg Golden Knights,6' 3',225 lbs,R,R,99,Arizona Diamondbacks,ARI,2015,2015+,,86255,Diamond,All-Star Week - Historical All-Star  1B Paul Goldschmidt  ARI  2015,0,N,0,139,85,124,155,83,165,58,135,146,74,130,93,120,158,86,5,12,Groundball,Normal,Normal,1,1,1,1,1,1,1,1,1,1,1,1,16,-,-,-,-,-,-,-,-,-,-,-,1,NEU,92-94,3/4,Normal,1,3,-,-,-,84,74,66,62,9,2,10,-,-,101,-,-,-,-,-,-,134,-,101,-,-,-,-,-,-,65,69,98,78,11,11,54,47,14,6,5,0,3,9,7,7,0,0,0,0,0,9,1,10.7,0.14,11,4.5,0.5,4.06,1,1,-0.3,-1.1,0,0,0,0,0,0,0,0.0,0,0,0,0,0,0,0,0,0,0,0,0,0,0,0,0,0,0,0,0,0,0.00,0,0,0,0,0,0.0,0.0,0.0,0.00,11,11,100,4,96,0,5,0,8.82,0.9,1.059,0,0,102.0,0,0,14,14,2,2,3,3,1,0,1,0,0.0,0.0
1B,Paul Goldschmidt,Paul,Goldschmidt,Brookline Bees,6' 3',225 lbs,R,R,99,Arizona Diamondbacks,ARI,2015,2015+,,86255,Diamond,All-Star Week - Historical All-Star  1B Paul Goldschmidt  ARI  2015,0,N,0,139,85,124,155,83,165,58,135,146,74,130,93,120,158,86,5,12,Groundball,Normal,Normal,1,1,1,1,1,1,1,1,1,1,1,1,16,-,-,-,-,-,-,-,-,-,-,-,1,NEU,92-94,3/4,Normal,1,3,-,-,-,84,74,66,62,9,2,10,-,-,101,-,-,-,-,-,-,134,-,101,-,-,-,-,-,-,65,69,98,78,3,3,14,12,4,3,0,0,1,1,2,2,0,0,0,0,0,3,0,3.2,-0.06,3,1.4,0.2,3.64,0,0,0.0,0.0,0,0,0,0,0,0,0,0.0,0,0,0,0,0,0,0,0,0,0,0,0,0,0,0,0,0,0,0,0,0,0.00,0,0,0,0,0,0.0,0.0,0.0,0.00,3,3,19,3,16,0,0,0,6.58,0.1,1.059,0,0,26.0,0,0,4,4,0,0,0,0,0,0,0,0,0.0,0.0
1B,Paul Goldschmidt,Paul,Goldschmidt,Watertown Sword Guys TBD,6' 3',225 lbs,R,R,99,Arizona Diamondbacks,ARI,2015,2015+,,86255,Diamond,All-Star Week - Historical All-Star  1B Paul Goldschmidt  ARI  2015,0,Y,5,150,92,134,167,90,177,64,145,157,81,140,101,130,170,93,5,12,Groundball,Normal,Normal,1,1,1,1,1,1,1,1,1,1,1,1,16,-,-,-,-,-,-,-,-,-,-,-,1,NEU,92-94,3/4,Normal,1,3,-,-,-,84,74,66,62,9,2,10,-,-,109,-,-,-,-,-,-,143,-,109,-,-,-,-,-,-,65,69,98,78,7,7,31,28,7,7,0,0,0,2,2,3,0,0,0,0,0,6,0,2.7,-0.14,2,-1.2,0.0,3.87,1,0,0.2,0.3,0,0,0,0,0,0,0,0.0,0,0,0,0,0,0,0,0,0,0,0,0,0,0,0,0,0,0,0,0,0,0.00,0,0,0,0,0,0.0,0.0,0.0,0.00,7,7,57,6,51,0,3,0,8.02,0.5,1.059,0,0,64.0,0,0,5,5,1,1,0,0,1,1,0,0,0.0,0.0
1B,Paul Goldschmidt,Paul,Goldschmidt,Camjaveratyn O-Forge,6' 3',225 lbs,R,R,99,Arizona Diamondbacks,ARI,2015,2015+,,86255,Diamond,All-Star Week - Historical All-Star  1B Paul Goldschmidt  ARI  2015,0,N,0,139,85,124,155,83,165,58,135,146,74,130,93,120,158,86,5,12,Groundball,Normal,Normal,1,1,1,1,1,1,1,1,1,1,1,1,16,-,-,-,-,-,-,-,-,-,-,-,1,NEU,92-94,3/4,Normal,1,3,-,-,-,84,74,66,62,9,2,10,-,-,101,-,-,-,-,-,-,134,-,101,-,-,-,-,-,-,65,69,98,78,7,7,33,28,8,6,0,0,2,3,3,5,0,0,0,0,0,6,0,6.2,-0.16,5,2.0,0.2,3.94,1,0,0.2,-1.4,0,0,0,0,0,0,0,0.0,0,0,0,0,0,0,0,0,0,0,0,0,0,0,0,0,0,0,0,0,0,0.00,0,0,0,0,0,0.0,0.0,0.0,0.00,7,7,62,6,56,0,2,0,9.30,0.1,1.059,0,0,60.0,0,0,12,11,2,2,0,0,0,0,3,0,0.0,0.0
1B,Paul Goldschmidt,Paul,Goldschmidt,Gamehendge Lizards - HotL,6' 3',225 lbs,R,R,99,Arizona Diamondbacks,ARI,2015,2015+,,86255,Diamond,All-Star Week - Historical All-Star  1B Paul Goldschmidt  ARI  2015,0,Y,5,150,92,134,167,90,177,64,145,157,81,140,101,130,170,93,5,12,Groundball,Normal,Normal,1,1,1,1,1,1,1,1,1,1,1,1,16,-,-,-,-,-,-,-,-,-,-,-,1,NEU,92-94,3/4,Normal,1,3,-,-,-,84,74,66,62,9,2,10,-,-,109,-,-,-,-,-,-,143,-,109,-,-,-,-,-,-,65,69,98,78,2,2,9,8,1,1,0,0,0,0,1,1,0,0,0,0,0,5,0,0.3,-0.14,0,-1.0,-0.0,4.22,0,0,0.0,0.3,0,0,0,0,0,0,0,0.0,0,0,0,0,0,0,0,0,0,0,0,0,0,0,0,0,0,0,0,0,0,0.00,0,0,0,0,0,0.0,0.0,0.0,0.00,2,2,17,1,16,0,2,0,9.00,0.2,1.059,0,0,17.0,0,0,1,1,0,0,1,1,0,0,0,0,0.0,0.0
1B,Paul Goldschmidt,Paul,Goldschmidt,Freedom Grabbers - HotL,6' 3',225 lbs,R,R,99,Arizona Diamondbacks,ARI,2015,2015+,,86255,Diamond,All-Star Week - Historical All-Star  1B Paul Goldschmidt  ARI  2015,0,Y,5,150,92,134,167,90,177,64,145,157,81,140,101,130,170,93,5,12,Groundball,Normal,Normal,1,1,1,1,1,1,1,1,1,1,1,1,16,-,-,-,-,-,-,-,-,-,-,-,1,NEU,92-94,3/4,Normal,1,3,-,-,-,84,74,66,62,9,2,10,-,-,109,-,-,-,-,-,-,143,-,109,-,-,-,-,-,-,65,69,98,78,18,16,75,66,14,13,0,0,1,8,4,7,0,1,0,1,0,14,1,5.6,-0.24,5,-3.7,-0.3,4.16,1,0,0.2,-0.6,0,0,0,0,0,0,0,0.0,0,0,0,0,0,0,0,0,0,0,0,0,0,0,0,0,0,0,0,0,0,0.00,0,0,0,0,0,0.0,0.0,0.0,0.00,16,16,122,6,113,3,6,0,7.49,-0.6,.891,0,0,143.0,0,0,21,19,5,4,0,0,1,1,2,0,0.0,0.0
1B,Paul Goldschmidt,Paul,Goldschmidt,Dry Creek Craw Daddies,6' 3',225 lbs,R,R,99,Arizona Diamondbacks,ARI,2015,2015+,,86255,Diamond,All-Star Week - Historical All-Star  1B Paul Goldschmidt  ARI  2015,0,N,0,139,85,124,155,83,165,58,135,146,74,130,93,120,158,86,5,12,Groundball,Normal,Normal,1,1,1,1,1,1,1,1,1,1,1,1,16,-,-,-,-,-,-,-,-,-,-,-,1,NEU,92-94,3/4,Normal,1,3,-,-,-,84,74,66,62,9,2,10,-,-,101,-,-,-,-,-,-,134,-,101,-,-,-,-,-,-,65,69,98,78,5,5,26,25,6,4,0,1,1,4,2,1,0,0,0,0,0,4,0,3.0,0.30,2,-0.3,0.1,4.00,0,0,0.0,0.1,0,0,0,0,0,0,0,0.0,0,0,0,0,0,0,0,0,0,0,0,0,0,0,0,0,0,0,0,0,0,0.00,0,0,0,0,0,0.0,0.0,0.0,0.00,5,5,62,2,60,0,5,0,10.46,0.3,1.059,0,0,53.1,0,0,10,10,1,1,0,0,0,0,0,0,0.0,0.0
1B,Paul Goldschmidt,Paul,Goldschmidt,Arcadia Wyverns,6' 3',225 lbs,R,R,99,Arizona Diamondbacks,ARI,2015,2015+,,86255,Diamond,All-Star Week - Historical All-Star  1B Paul Goldschmidt  ARI  2015,0,N,0,139,85,124,155,83,165,58,135,146,74,130,93,120,158,86,5,12,Groundball,Normal,Normal,1,1,1,1,1,1,1,1,1,1,1,1,16,-,-,-,-,-,-,-,-,-,-,-,1,NEU,92-94,3/4,Normal,1,3,-,-,-,84,74,66,62,9,2,10,-,-,101,-,-,-,-,-,-,134,-,101,-,-,-,-,-,-,65,69,98,78,4,4,19,19,6,3,1,0,2,5,3,0,0,0,0,0,0,6,0,4.1,0.24,3,1.6,0.2,3.63,0,0,0.0,0.2,0,0,0,0,0,0,0,0.0,0,0,0,0,0,0,0,0,0,0,0,0,0,0,0,0,0,0,0,0,0,0.00,0,0,0,0,0,0.0,0.0,0.0,0.00,4,4,32,0,32,0,2,0,7.78,0.0,1.059,0,0,37.0,0,0,2,2,0,0,0,0,0,0,0,0,0.0,0.0
1B,Paul Goldschmidt,Paul,Goldschmidt,Shartlesville ShihTzus - HotL,6' 3',225 lbs,R,R,99,Arizona Diamondbacks,ARI,2015,2015+,,86255,Diamond,All-Star Week - Historical All-Star  1B Paul Goldschmidt  ARI  2015,0,Y,5,150,92,134,167,90,177,64,145,157,81,140,101,130,170,93,5,12,Groundball,Normal,Normal,1,1,1,1,1,1,1,1,1,1,1,1,16,-,-,-,-,-,-,-,-,-,-,-,1,NEU,92-94,3/4,Normal,1,3,-,-,-,84,74,66,62,9,2,10,-,-,109,-,-,-,-,-,-,143,-,109,-,-,-,-,-,-,65,69,98,78,4,4,20,17,6,3,1,0,2,2,4,3,0,0,0,0,0,3,1,5.5,-0.21,5,3.1,0.4,3.95,0,0,0.0,0.3,0,0,0,0,0,0,0,0.0,0,0,0,0,0,0,0,0,0,0,0,0,0,0,0,0,0,0,0,0,0,0.00,0,0,0,0,0,0.0,0.0,0.0,0.00,4,4,41,2,39,0,2,0,8.79,-0.1,1.059,0,0,42.0,0,0,13,12,0,0,1,0,0,0,0,0,0.0,-0.0
1B,Paul Goldschmidt,Paul,Goldschmidt,Texas Briskets,6' 3',225 lbs,R,R,99,Arizona Diamondbacks,ARI,2015,2015+,,86255,Diamond,All-Star Week - Historical All-Star  1B Paul Goldschmidt  ARI  2015,0,N,0,139,85,124,155,83,165,58,135,146,74,130,93,120,158,86,5,12,Groundball,Normal,Normal,1,1,1,1,1,1,1,1,1,1,1,1,16,-,-,-,-,-,-,-,-,-,-,-,1,NEU,92-94,3/4,Normal,1,3,-,-,-,84,74,66,62,9,2,10,-,-,101,-,-,-,-,-,-,134,-,101,-,-,-,-,-,-,65,69,98,78,4,4,18,14,2,1,0,0,1,2,1,4,0,0,0,0,0,2,0,2.0,0.21,2,0.0,-0.1,4.00,0,0,0.0,0.0,0,0,0,0,0,0,0,0.0,0,0,0,0,0,0,0,0,0,0,0,0,0,0,0,0,0,0,0,0,0,0.00,0,0,0,0,0,0.0,0.0,0.0,0.00,4,4,46,5,40,1,3,0,10.66,-1.1,.847,0,0,38.0,0,0,11,9,1,0,0,0,1,0,0,0,0.0,0.0
1B,Paul Goldschmidt,Paul,Goldschmidt,Providence Friars - HotL,6' 3',225 lbs,R,R,99,Arizona Diamondbacks,ARI,2015,2015+,,86255,Diamond,All-Star Week - Historical All-Star  1B Paul Goldschmidt  ARI  2015,0,Y,5,150,92,134,167,90,177,64,145,157,81,140,101,130,170,93,5,12,Groundball,Normal,Normal,1,1,1,1,1,1,1,1,1,1,1,1,16,-,-,-,-,-,-,-,-,-,-,-,1,NEU,92-94,3/4,Normal,1,3,-,-,-,84,74,66,62,9,2,10,-,-,109,-,-,-,-,-,-,143,-,109,-,-,-,-,-,-,65,69,98,78,13,13,59,56,16,9,4,0,3,12,9,2,0,0,0,1,0,17,0,9.2,0.36,8,1.5,0.3,4.19,0,0,0.0,0.3,0,0,0,0,0,0,0,0.0,0,0,0,0,0,0,0,0,0,0,0,0,0,0,0,0,0,0,0,0,0,0.00,0,0,0,0,0,0.0,0.0,0.0,0.00,13,13,122,10,111,1,12,0,9.05,0.3,1.059,0,0,120.1,0,0,21,19,4,3,4,3,0,0,0,0,0.0,0.0
1B,Paul Goldschmidt,Paul,Goldschmidt,Cibao Aguilas,6' 3',225 lbs,R,R,99,Arizona Diamondbacks,ARI,2015,2015+,,86255,Diamond,All-Star Week - Historical All-Star  1B Paul Goldschmidt  ARI  2015,0,N,0,139,85,124,155,83,165,58,135,146,74,130,93,120,158,86,5,12,Groundball,Normal,Normal,1,1,1,1,1,1,1,1,1,1,1,1,16,-,-,-,-,-,-,-,-,-,-,-,1,NEU,92-94,3/4,Normal,1,3,-,-,-,84,74,66,62,9,2,10,-,-,101,-,-,-,-,-,-,134,-,101,-,-,-,-,-,-,65,69,98,78,7,7,30,26,9,7,0,0,2,5,6,4,0,0,0,0,0,4,0,7.2,0.38,6,2.9,0.4,3.57,1,0,0.2,0.2,0,0,0,0,0,0,0,0.0,0,0,0,0,0,0,0,0,0,0,0,0,0,0,0,0,0,0,0,0,0,0.00,0,0,0,0,0,0.0,0.0,0.0,0.00,7,7,63,8,55,0,1,0,9.05,0.5,1.059,0,0,62.2,0,0,16,15,2,2,1,1,0,0,1,0,0.0,0.0
1B,Paul Goldschmidt,Paul,Goldschmidt,Sydney Whalers,6' 3',225 lbs,R,R,99,Arizona Diamondbacks,ARI,2015,2015+,,86255,Diamond,All-Star Week - Historical All-Star  1B Paul Goldschmidt  ARI  2015,0,N,0,139,85,124,155,83,165,58,135,146,74,130,93,120,158,86,5,12,Groundball,Normal,Normal,1,1,1,1,1,1,1,1,1,1,1,1,16,-,-,-,-,-,-,-,-,-,-,-,1,NEU,92-94,3/4,Normal,1,3,-,-,-,84,74,66,62,9,2,10,-,-,101,-,-,-,-,-,-,134,-,101,-,-,-,-,-,-,65,69,98,78,4,4,18,17,4,4,0,0,0,0,1,1,0,0,0,0,0,4,0,1.2,-0.19,0,-1.2,-0.1,4.39,0,0,0.0,0.0,0,0,0,0,0,0,0,0.0,0,0,0,0,0,0,0,0,0,0,0,0,0,0,0,0,0,0,0,0,0,0.00,0,0,0,0,0,0.0,0.0,0.0,0.00,4,4,32,4,28,0,3,0,7.78,0.3,1.059,0,0,37.0,0,0,7,7,1,1,0,0,0,0,0,0,0.0,0.0
1B,Paul Goldschmidt,Paul,Goldschmidt,Waltham River Otters,6' 3',225 lbs,R,R,99,Arizona Diamondbacks,ARI,2015,2015+,,86255,Diamond,All-Star Week - Historical All-Star  1B Paul Goldschmidt  ARI  2015,0,N,0,139,85,124,155,83,165,58,135,146,74,130,93,120,158,86,5,12,Groundball,Normal,Normal,1,1,1,1,1,1,1,1,1,1,1,1,16,-,-,-,-,-,-,-,-,-,-,-,1,NEU,92-94,3/4,Normal,1,3,-,-,-,84,74,66,62,9,2,10,-,-,101,-,-,-,-,-,-,134,-,101,-,-,-,-,-,-,65,69,98,78,15,15,70,67,16,15,1,0,0,7,7,2,0,1,0,0,0,16,2,4.4,-0.33,3,-4.5,-0.3,4.01,1,0,0.2,-0.3,0,0,0,0,0,0,0,0.0,0,0,0,0,0,0,0,0,0,0,0,0,0,0,0,0,0,0,0,0,0,0.00,0,0,0,0,0,0.0,0.0,0.0,0.00,15,15,130,10,120,0,5,0,8.46,0.1,1.018,0,0,138.1,0,0,30,29,2,1,0,0,0,0,2,0,0.0,0.0
1B,Paul Goldschmidt,Paul,Goldschmidt,Shibuya Shredders - GH,6' 3',225 lbs,R,R,99,Arizona Diamondbacks,ARI,2015,2015+,,86255,Diamond,All-Star Week - Historical All-Star  1B Paul Goldschmidt  ARI  2015,0,N,0,139,85,124,155,83,165,58,135,146,74,130,93,120,158,86,5,12,Groundball,Normal,Normal,1,1,1,1,1,1,1,1,1,1,1,1,16,-,-,-,-,-,-,-,-,-,-,-,1,NEU,92-94,3/4,Normal,1,3,-,-,-,84,74,66,62,9,2,10,-,-,101,-,-,-,-,-,-,134,-,101,-,-,-,-,-,-,65,69,98,78,15,15,72,65,29,25,2,0,2,11,9,7,0,0,0,0,0,8,1,18.5,1.19,17,8.9,1.1,3.88,3,2,-0.3,1.0,0,0,0,0,0,0,0,0.0,0,0,0,0,0,0,0,0,0,0,0,0,0,0,0,0,0,0,0,0,0,0.00,0,0,0,0,0,0.0,0.0,0.0,0.00,15,15,124,6,118,0,10,0,8.23,0.6,1.059,0,0,135.2,0,0,21,21,0,0,0,0,0,0,0,0,0.0,0.0
1B,Paul Goldschmidt,Paul,Goldschmidt,Paso Robles Powerhouse,6' 3',225 lbs,R,R,99,Arizona Diamondbacks,ARI,2015,2015+,,86255,Diamond,All-Star Week - Historical All-Star  1B Paul Goldschmidt  ARI  2015,0,N,0,139,85,124,155,83,165,58,135,146,74,130,93,120,158,86,5,12,Groundball,Normal,Normal,1,1,1,1,1,1,1,1,1,1,1,1,16,-,-,-,-,-,-,-,-,-,-,-,1,NEU,92-94,3/4,Normal,1,3,-,-,-,84,74,66,62,9,2,10,-,-,101,-,-,-,-,-,-,134,-,101,-,-,-,-,-,-,65,69,98,78,12,12,54,45,13,12,0,0,1,3,7,8,0,1,0,0,0,10,2,7.0,0.21,8,1.6,0.3,4.24,1,0,0.2,0.0,0,0,0,0,0,0,0,0.0,0,0,0,0,0,0,0,0,0,0,0,0,0,0,0,0,0,0,0,0,0,0.00,0,0,0,0,0,0.0,0.0,0.0,0.00,12,12,118,11,107,0,7,0,10.02,0.4,1.059,0,0,106.0,0,0,25,23,1,1,1,1,0,0,2,0,0.0,0.0
1B,Paul Goldschmidt,Paul,Goldschmidt,Orlando Heatstrokes,6' 3',225 lbs,R,R,99,Arizona Diamondbacks,ARI,2015,2015+,,86255,Diamond,All-Star Week - Historical All-Star  1B Paul Goldschmidt  ARI  2015,0,N,0,139,85,124,155,83,165,58,135,146,74,130,93,120,158,86,5,12,Groundball,Normal,Normal,1,1,1,1,1,1,1,1,1,1,1,1,16,-,-,-,-,-,-,-,-,-,-,-,1,NEU,92-94,3/4,Normal,1,3,-,-,-,84,74,66,62,9,2,10,-,-,101,-,-,-,-,-,-,134,-,101,-,-,-,-,-,-,65,69,98,78,5,5,23,19,4,3,1,0,0,1,1,4,0,0,0,0,0,5,0,1.8,0.02,2,-0.5,-0.0,4.39,0,1,-0.5,-0.0,0,0,0,0,0,0,0,0.0,0,0,0,0,0,0,0,0,0,0,0,0,0,0,0,0,0,0,0,0,0,0.00,0,0,0,0,0,0.0,0.0,0.0,0.00,5,5,50,3,47,0,2,0,9.57,0.1,1.059,0,0,47.0,0,0,7,7,1,1,0,0,1,0,0,0,0.0,0.0
1B,Paul Goldschmidt,Paul,Goldschmidt,Shakedown 1977 Microbus TTC - GH,6' 3',225 lbs,R,R,99,Arizona Diamondbacks,ARI,2015,2015+,,86255,Diamond,All-Star Week - Historical All-Star  1B Paul Goldschmidt  ARI  2015,0,N,0,139,85,124,155,83,165,58,135,146,74,130,93,120,158,86,5,12,Groundball,Normal,Normal,1,1,1,1,1,1,1,1,1,1,1,1,16,-,-,-,-,-,-,-,-,-,-,-,1,NEU,92-94,3/4,Normal,1,3,-,-,-,84,74,66,62,9,2,10,-,-,101,-,-,-,-,-,-,134,-,101,-,-,-,-,-,-,65,69,98,78,13,13,56,49,11,8,0,0,3,9,7,6,0,0,0,1,0,17,2,6.1,-0.22,6,-0.3,0.1,4.05,1,0,0.2,-0.0,0,0,0,0,0,0,0,0.0,0,0,0,0,0,0,0,0,0,0,0,0,0,0,0,0,0,0,0,0,0,0.00,0,0,0,0,0,0.0,0.0,0.0,0.00,13,13,120,9,110,1,7,0,9.10,0.2,.996,0,0,117.2,0,0,21,21,3,3,2,0,0,0,1,0,0.0,0.0
1B,Paul Goldschmidt,Paul,Goldschmidt,Roaming Rascals BFF,6' 3',225 lbs,R,R,99,Arizona Diamondbacks,ARI,2015,2015+,,86255,Diamond,All-Star Week - Historical All-Star  1B Paul Goldschmidt  ARI  2015,0,Y,5,150,92,134,167,90,177,64,145,157,81,140,101,130,170,93,5,12,Groundball,Normal,Normal,1,1,1,1,1,1,1,1,1,1,1,1,16,-,-,-,-,-,-,-,-,-,-,-,1,NEU,92-94,3/4,Normal,1,3,-,-,-,84,74,66,62,9,2,10,-,-,109,-,-,-,-,-,-,143,-,109,-,-,-,-,-,-,65,69,98,78,17,17,77,67,13,11,2,0,0,6,9,9,0,0,0,1,0,19,1,5.3,-0.30,4,-4.8,-0.1,4.12,3,0,0.7,0.9,0,0,0,0,0,0,0,0.0,0,0,0,0,0,0,0,0,0,0,0,0,0,0,0,0,0,0,0,0,0,0.00,0,0,0,0,0,0.0,0.0,0.0,0.00,17,17,147,9,138,0,7,0,8.76,0.5,1.059,0,0,151.0,0,0,38,37,2,1,1,0,2,1,0,0,0.0,0.0
1B,Paul Goldschmidt,Paul,Goldschmidt,Lowlyworm's Apple Car,6' 3',225 lbs,R,R,99,Arizona Diamondbacks,ARI,2015,2015+,,86255,Diamond,All-Star Week - Historical All-Star  1B Paul Goldschmidt  ARI  2015,0,N,0,139,85,124,155,83,165,58,135,146,74,130,93,120,158,86,5,12,Groundball,Normal,Normal,1,1,1,1,1,1,1,1,1,1,1,1,16,-,-,-,-,-,-,-,-,-,-,-,1,NEU,92-94,3/4,Normal,1,3,-,-,-,84,74,66,62,9,2,10,-,-,101,-,-,-,-,-,-,134,-,101,-,-,-,-,-,-,65,69,98,78,8,8,36,33,11,8,2,0,1,3,5,3,0,0,0,0,0,5,1,6.1,-0.19,6,1.9,0.4,3.47,0,0,0.0,0.7,0,0,0,0,0,0,0,0.0,0,0,0,0,0,0,0,0,0,0,0,0,0,0,0,0,0,0,0,0,0,0.00,0,0,0,0,0,0.0,0.0,0.0,0.00,8,8,61,1,60,0,6,0,8.07,0.4,1.059,0,0,68.0,0,0,9,9,3,3,0,0,0,0,0,0,0.0,0.0
1B,Paul Goldschmidt,Paul,Goldschmidt,Oysters Incognito,6' 3',225 lbs,R,R,99,Arizona Diamondbacks,ARI,2015,2015+,,86255,Diamond,All-Star Week - Historical All-Star  1B Paul Goldschmidt  ARI  2015,0,Y,5,150,92,134,167,90,177,64,145,157,81,140,101,130,170,93,5,12,Groundball,Normal,Normal,1,1,1,1,1,1,1,1,1,1,1,1,16,-,-,-,-,-,-,-,-,-,-,-,1,NEU,92-94,3/4,Normal,1,3,-,-,-,84,74,66,62,9,2,10,-,-,109,-,-,-,-,-,-,143,-,109,-,-,-,-,-,-,65,69,98,78,4,4,18,16,2,2,0,0,0,0,1,2,0,0,0,0,0,2,0,0.6,-0.40,0,-2.1,-0.2,4.06,0,0,0.0,-0.4,0,0,0,0,0,0,0,0.0,0,0,0,0,0,0,0,0,0,0,0,0,0,0,0,0,0,0,0,0,0,0.00,0,0,0,0,0,0.0,0.0,0.0,0.00,4,4,35,1,34,0,0,0,9.17,0.2,1.059,0,0,34.1,0,0,9,9,0,0,0,0,0,0,0,0,0.0,0.0
1B,Sid Gordon,Sid,Gordon,Genericsville Generics,5' 10',185 lbs,R,R,89,New York Giants,SFG,1949,1946-1960,BBR,85304,Gold,Baseball Reference 2  3B Sid Gordon  NY1  1949,0,Y,5,55,86,124,177,111,65,91,138,159,120,53,84,120,183,108,8,3,Normal,Normal,Normal,1,1,1,5,1,1,1,5,1,1,1,5,16,17,17,-,-,-,-,-,-,-,-,-,3,NEU,90-92,OTT,Normal,1,12,-,-,-,48,78,64,34,56,81,64,-,-,72,-,59,-,73,-,67,120,-,72,-,59,-,73,-,67,17,13,9,63,7,7,27,23,3,1,0,0,2,5,2,3,0,0,0,1,0,6,0,2.3,-0.32,2,-1.3,-0.1,3.93,0,0,0.0,0.0,0,0,0,0,0,0,0,0.0,0,0,0,0,0,0,0,0,0,0,0,0,0,0,0,0,0,0,0,0,0,0.00,0,0,0,0,0,0.0,0.0,0.0,0.00,7,7,64,3,61,0,8,0,9.19,0.4,1.059,0,0,62.2,0,0,13,13,0,0,0,0,0,0,0,0,0.0,0.0
1B,Mark Grace,Mark,Grace,False Hustle,6' 2',190 lbs,L,L,97,Chicago Cubs,CHC,1995,1993-2004,PTMS,86607,Diamond,PTMS 2  1B Mark Grace  CHC  1995,0,N,0,119,156,73,116,207,104,142,52,55,175,125,160,79,142,218,41,25,Line Drive,Spray,Spray,1,1,1,1,1,1,1,1,1,1,1,1,16,-,-,16,-,-,-,-,-,-,-,-,2,NEU,89-91,3/4,Normal,1,15,-,-,-,105,61,83,60,6,3,3,-,-,99,-,-,-,-,-,-,142,-,99,-,-,-,-,-,-,59,22,79,95,3,3,9,8,4,3,1,0,0,0,1,1,0,0,0,0,0,0,0,2.9,0.05,2,1.5,0.2,3.89,0,0,0.0,-0.3,0,0,0,0,0,0,0,0.0,0,0,0,0,0,0,0,0,0,0,0,0,0,0,0,0,0,0,0,0,0,0.00,0,0,0,0,0,0.0,0.0,0.0,0.00,3,3,29,5,24,0,2,0,11.86,0.3,1.059,0,0,22.0,0,0,6,6,1,1,0,0,0,0,0,0,0.0,0.0
1B,Mark Grace,Mark,Grace,Castroville Mashers - JW,6' 2',190 lbs,L,L,97,Chicago Cubs,CHC,1995,1993-2004,PTMS,86607,Diamond,PTMS 2  1B Mark Grace  CHC  1995,0,N,0,119,156,73,116,207,104,142,52,55,175,125,160,79,142,218,41,25,Line Drive,Spray,Spray,1,1,1,1,1,1,1,1,1,1,1,1,16,-,-,16,-,-,-,-,-,-,-,-,2,NEU,89-91,3/4,Normal,1,15,-,-,-,105,61,83,60,6,3,3,-,-,99,-,-,-,-,-,-,142,-,99,-,-,-,-,-,-,59,22,79,95,3,3,10,9,2,2,0,0,0,0,2,1,0,0,0,0,0,2,0,0.7,0.00,0,-0.6,0.0,4.10,0,0,0.0,-0.0,0,0,0,0,0,0,0,0.0,0,0,0,0,0,0,0,0,0,0,0,0,0,0,0,0,0,0,0,0,0,0.00,0,0,0,0,0,0.0,0.0,0.0,0.00,3,3,22,1,21,0,1,0,8.25,0.5,1.323,0,0,24.0,0,0,6,6,1,1,0,0,0,0,0,0,0.0,0.0
1B,Mike Grady,Mike,Grady,Toronto Terns PCK,5' 11',190 lbs,R,R,87,St. Louis Cardinals,STL,1904,2026,,83843,Gold,Snapshot  C Mike Grady  STL  1904,0,Y,5,103,98,116,94,70,123,88,132,104,71,99,102,110,91,70,42,7,Normal,Normal,Normal,1,1,1,1,1,1,1,1,1,1,1,1,16,-,-,-,-,-,-,-,-,-,-,-,1,NEU,90-92,3/4,Normal,1,3,67,64,57,58,58,71,40,8,10,1,-,64,76,55,60,-,-,-,-,117,64,76,55,60,-,-,-,-,68,71,71,45,4,4,13,11,2,2,0,0,0,2,2,1,0,1,0,0,0,4,0,0.8,-0.08,0,-0.7,-0.0,4.08,0,0,0.0,0.2,0,0,0,0,0,0,0,0.0,0,0,0,0,0,0,0,0,0,0,0,0,0,0,0,0,0,0,0,0,0,0.00,0,0,0,0,0,0.0,0.0,0.0,0.00,4,4,33,0,33,0,0,0,9.90,0.0,1.059,0,0,30.0,0,0,1,1,0,0,0,0,0,0,0,0,0.0,0.0
1B,Frank Howard,Frank,Howard,Sixes Tornadoes,6' 7',255 lbs,R,R,81,Washington Senators,TEX,1968,1961-1979,,85311,Gold,All-Star Week - Historical All-Star  LF Frank Howard  WS2  1968,0,Y,5,83,87,170,91,68,140,98,184,109,84,64,83,166,86,59,4,6,Flyball,Normal,Normal,1,1,1,6,1,1,1,6,1,1,1,6,16,17,17,-,-,-,-,-,-,-,-,-,3,NEU,89-91,OTT,Normal,1,18,-,-,-,26,18,22,31,40,58,84,-,-,56,-,-,-,54,-,55,57,-,56,-,-,-,54,-,55,20,5,6,26,2,1,6,5,2,2,0,0,0,0,1,1,0,0,0,0,0,1,0,1.1,0.07,1,0.5,0.1,4.33,0,0,0.0,0.0,0,0,0,0,0,0,0,0.0,0,0,0,0,0,0,0,0,0,0,0,0,0,0,0,0,0,0,0,0,0,0.00,0,0,0,0,0,0.0,0.0,0.0,0.00,1,1,9,1,8,0,0,0,8.10,0.0,.000,0,0,10.0,0,0,1,1,0,0,0,0,0,0,0,0,0.0,0.0
1B,Frank Howard,Frank,Howard,AW Bees - GH,6' 7',255 lbs,R,R,81,Washington Senators,TEX,1968,1961-1979,,85311,Gold,All-Star Week - Historical All-Star  LF Frank Howard  WS2  1968,0,Y,5,83,87,170,91,68,140,98,184,109,84,64,83,166,86,59,4,6,Flyball,Normal,Normal,1,1,1,6,1,1,1,6,1,1,1,6,16,17,17,-,-,-,-,-,-,-,-,-,3,NEU,89-91,OTT,Normal,1,18,-,-,-,26,18,22,31,40,58,84,-,-,56,-,-,-,54,-,55,57,-,56,-,-,-,54,-,55,20,5,6,26,11,6,33,33,10,6,1,0,3,4,5,0,0,0,0,0,0,5,1,5.5,0.74,5,1.8,0.3,3.27,0,0,0.0,0.3,0,0,0,0,0,0,0,0.0,0,0,0,0,0,0,0,0,0,0,0,0,0,0,0,0,0,0,0,0,0,0.00,0,0,0,0,0,0.0,0.0,0.0,0.00,7,6,52,6,45,1,1,0,9.00,0.1,.962,0,0,51.0,0,0,12,11,3,3,1,1,0,0,0,0,0.0,0.0
1B,Ryan Howard,Ryan,Howard,Numenor Faithful,6' 4',235 lbs,L,L,90,Philadelphia Phillies,PHI,2006,2005-2014,,86285,Diamond,All-Star Week - Historical All-Star  1B Ryan Howard  PHI  2006,0,N,0,123,65,158,148,49,134,58,142,89,36,120,67,163,170,54,5,5,Flyball,Ex. Pull,Pull,1,1,1,7,1,1,1,7,1,1,1,7,16,-,-,-,-,-,-,-,-,-,-,-,1,GB,89-91,3/4,GB'er,1,17,-,-,-,29,18,22,18,2,9,1,-,-,47,-,-,-,-,-,-,54,-,47,-,-,-,-,-,-,8,5,6,8,3,3,10,8,3,2,1,0,0,0,0,2,0,0,0,0,0,0,0,2.3,0.17,2,1.0,0.1,4.60,0,0,0.0,0.0,0,0,0,0,0,0,0,0.0,0,0,0,0,0,0,0,0,0,0,0,0,0,0,0,0,0,0,0,0,0,0.00,0,0,0,0,0,0.0,0.0,0.0,0.00,0,0,0,0,0,0,0,0,0.00,0.0,.000,0,0,0.0,0,0,0,0,0,0,0,0,0,0,0,0,0.0,0.0
1B,Ryan Howard,Ryan,Howard,AW Bees - GH,6' 4',235 lbs,L,L,90,Philadelphia Phillies,PHI,2006,2005-2014,,86285,Diamond,All-Star Week - Historical All-Star  1B Ryan Howard  PHI  2006,0,Y,5,133,71,170,159,54,144,64,153,97,40,130,73,175,183,59,5,5,Flyball,Ex. Pull,Pull,1,1,1,9,1,1,1,9,1,1,1,9,16,-,-,-,-,-,-,-,-,-,-,-,1,GB,89-91,3/4,GB'er,1,17,-,-,-,29,18,22,18,2,9,1,-,-,51,-,-,-,-,-,-,58,-,51,-,-,-,-,-,-,8,5,6,8,18,15,63,59,10,5,1,0,4,7,7,4,1,0,0,0,0,25,0,5.3,-0.44,4,-3.4,-0.3,4.06,0,0,0.0,-0.3,0,0,0,0,0,0,0,0.0,0,0,0,0,0,0,0,0,0,0,0,0,0,0,0,0,0,0,0,0,0,0.00,0,0,0,0,0,0.0,0.0,0.0,0.00,0,0,0,0,0,0,0,0,0.00,0.0,.000,0,0,0.0,0,0,0,0,0,0,0,0,0,0,0,0,0.0,0.0
1B,Ryan Howard,Ryan,Howard,Grand Rapids Warriors,6' 4',235 lbs,L,L,90,Philadelphia Phillies,PHI,2006,2005-2014,,86285,Diamond,All-Star Week - Historical All-Star  1B Ryan Howard  PHI  2006,0,N,0,123,65,158,148,49,134,58,142,89,36,120,67,163,170,54,5,5,Flyball,Ex. Pull,Pull,1,1,1,7,1,1,1,7,1,1,1,7,16,-,-,-,-,-,-,-,-,-,-,-,1,GB,89-91,3/4,GB'er,1,17,-,-,-,29,18,22,18,2,9,1,-,-,47,-,-,-,-,-,-,54,-,47,-,-,-,-,-,-,8,5,6,8,5,5,19,17,3,2,0,0,1,3,1,1,0,1,0,0,0,8,0,1.7,-0.06,1,-0.7,-0.1,4.37,0,0,0.0,0.0,0,0,0,0,0,0,0,0.0,0,0,0,0,0,0,0,0,0,0,0,0,0,0,0,0,0,0,0,0,0,0.00,0,0,0,0,0,0.0,0.0,0.0,0.00,0,0,0,0,0,0,0,0,0.00,0.0,.000,0,0,0.0,0,0,0,0,0,0,0,0,0,0,0,0,0.0,0.0
1B,Gregg Jefferies,Gregg,Jefferies,Chicago Rat Finks - HotL,5' 10',185 lbs,S,R,84,St. Louis Cardinals,STL,1993,1993-2004,,85758,Gold,T4 Ep. 2 - Historical All-Star  1B Gregg Jefferies  STL  1993,0,Y,1,120,60,75,98,162,105,62,116,53,187,127,60,62,114,154,4,12,Groundball,Spray,Spray,1,1,1,5,1,1,1,5,1,1,1,5,16,-,-,-,-,-,-,-,-,-,-,-,1,NEU,90-92,3/4,Normal,1,10,-,-,-,57,38,52,44,10,1,6,-,-,63,45,37,-,-,-,-,98,-,63,45,37,-,-,-,-,89,89,103,76,2,1,5,5,1,0,1,0,0,0,1,0,0,0,0,0,0,0,0,0.4,-0.03,0,-0.3,0.0,4.20,0,0,0.0,0.1,0,0,0,0,0,0,0,0.0,0,0,0,0,0,0,0,0,0,0,0,0,0,0,0,0,0,0,0,0,0,0.00,0,0,0,0,0,0.0,0.0,0.0,0.00,2,1,13,2,11,0,0,0,9.00,0.1,1.060,0,0,13.0,0,0,2,2,0,0,0,0,0,0,0,0,0.0,0.0
1B,Gregg Jefferies,Gregg,Jefferies,Everett Aqua Sox,5' 10',185 lbs,S,R,84,St. Louis Cardinals,STL,1993,1993-2004,,85758,Gold,T4 Ep. 2 - Historical All-Star  1B Gregg Jefferies  STL  1993,0,N,0,118,58,73,96,159,103,60,114,51,184,124,58,60,112,151,4,12,Groundball,Spray,Spray,1,1,1,4,1,1,1,4,1,1,1,4,16,-,-,-,-,-,-,-,-,-,-,-,1,NEU,90-92,3/4,Normal,1,10,-,-,-,57,38,52,44,10,1,6,-,-,62,44,36,-,-,-,-,96,-,62,44,36,-,-,-,-,89,89,103,76,7,7,27,26,7,6,1,0,0,4,4,1,0,0,0,0,0,3,0,2.4,-0.01,2,-1.0,-0.1,3.67,0,0,0.0,0.4,0,0,0,0,0,0,0,0.0,0,0,0,0,0,0,0,0,0,0,0,0,0,0,0,0,0,0,0,0,0,0.00,0,0,0,0,0,0.0,0.0,0.0,0.00,7,7,59,1,57,1,4,0,9.00,-0.3,.941,0,0,58.0,0,0,11,10,0,0,0,0,0,0,2,0,0.0,0.0
1B,Ted Kluszewski,Ted,Kluszewski,Northville Stallions,6' 2',225 lbs,L,L,98,Cincinnati Reds,CIN,1953,1946-1960,,83995,Diamond,Historical All-Star  1B Ted Kluszewski  CIN  1953,0,Y,5,85,68,135,80,127,70,88,127,57,124,90,55,137,86,130,5,1,Flyball,Normal,Normal,1,1,1,5,1,1,1,5,1,1,4,5,16,-,-,-,-,-,-,-,-,-,-,-,1,NEU,89-91,3/4,Normal,1,10,-,-,-,22,66,39,81,7,9,1,-,-,63,-,-,-,-,-,-,97,-,63,-,-,-,-,-,-,9,18,66,25,4,4,15,13,3,3,0,0,0,0,0,2,0,0,0,0,0,2,0,1.2,-0.08,1,-0.6,-0.1,5.00,0,0,0.0,-0.6,0,0,0,0,0,0,0,0.0,0,0,0,0,0,0,0,0,0,0,0,0,0,0,0,0,0,0,0,0,0,0.00,0,0,0,0,0,0.0,0.0,0.0,0.00,0,0,0,0,0,0,0,0,0.00,0.0,.000,0,0,0.0,0,0,0,0,0,0,0,0,0,0,0,0,0.0,0.0
1B,John Kruk,John,Kruk,Winnipeg Brew Jays - HotL,5' 10',205 lbs,L,L,79,Philadelphia Phillies,PHI,1992,1980-1992,,86256,Silver,T4 Ep. 4 - Historical All-Star  1B John Kruk  PHI  1992,0,Y,5,155,108,75,159,86,167,67,25,155,71,151,127,84,160,90,5,15,Groundball,Normal,Normal,1,1,1,9,1,1,1,9,1,1,1,9,16,-,-,-,-,-,-,-,-,-,-,-,1,GB,90-92,OTT,GB'er,1,3,-,-,-,39,47,39,31,49,88,52,-,-,61,-,-,-,65,-,55,95,-,61,-,-,-,65,-,55,39,25,51,28,5,2,11,11,3,3,0,0,0,0,3,0,0,0,0,0,0,4,0,0.8,-0.17,0,-0.7,-0.0,3.91,0,0,0.0,0.3,0,0,0,0,0,0,0,0.0,0,0,0,0,0,0,0,0,0,0,0,0,0,0,0,0,0,0,0,0,0,0.00,0,0,0,0,0,0.0,0.0,0.0,0.00,3,2,18,1,17,0,1,0,8.53,0.1,1.049,0,0,19.0,0,0,6,6,0,0,0,0,0,0,0,0,0.0,-0.1
1B,Adam Lind,Adam,Lind,Altoona Mountain Citys,6' 2',195 lbs,L,L,67,Washington Nationals,WSN,2017,2015+,,83586,Bronze,Snapshot  1B Adam Lind  WAS  2017,0,N,0,68,62,84,73,100,76,61,77,67,88,66,63,87,75,106,25,8,Normal,Ex. Pull,Pull,1,1,1,3,1,1,1,3,1,1,1,3,17,-,-,-,-,-,-,-,-,-,-,-,1,NEU,93-95,3/4,Normal,1,5,-,-,-,28,18,26,31,48,110,61,-,-,43,-,-,-,66,-,-,56,-,43,-,-,-,66,-,-,8,3,16,23,3,3,13,10,2,2,0,0,0,1,1,3,0,0,0,0,0,2,0,1.1,0.16,1,-0.2,-0.1,4.15,0,0,0.0,-1.0,0,0,0,0,0,0,0,0.0,0,0,0,0,0,0,0,0,0,0,0,0,0,0,0,0,0,0,0,0,0,0.00,0,0,0,0,0,0.0,0.0,0.0,0.00,3,3,28,2,26,0,2,0,9.45,0.1,1.059,0,0,26.2,0,0,3,3,0,0,0,0,0,0,0,0,0.0,0.0
1B,Tino Martinez,Tino,Martinez,Sixes Tornadoes,6' 2',205 lbs,L,R,87,New York Yankees,NYY,1997,1993-2004,BBR,84790,Gold,Baseball Reference 1  1B Tino Martinez  NYY  1997,0,Y,5,75,79,138,106,126,69,67,123,93,130,77,83,143,113,125,5,2,Flyball,Spray,Spray,1,1,1,5,1,1,1,5,1,1,1,5,16,-,-,-,-,-,-,-,-,-,-,-,1,NEU,89-91,3/4,Normal,1,9,-,-,-,61,67,47,71,9,2,6,-,-,94,-,-,-,-,-,-,122,-,94,-,-,-,-,-,-,36,13,71,43,3,2,8,8,2,2,0,0,0,0,0,0,0,0,0,0,0,1,0,0.5,-0.02,0,-0.6,-0.0,2.88,0,0,0.0,0.0,0,0,0,0,0,0,0,0.0,0,0,0,0,0,0,0,0,0,0,0,0,0,0,0,0,0,0,0,0,0,0.00,0,0,0,0,0,0.0,0.0,0.0,0.00,2,2,13,2,11,0,1,0,7.31,0.2,1.059,0,0,16.0,0,0,2,2,2,2,0,0,0,0,0,0,0.0,0.0
1B,Tino Martinez,Tino,Martinez,New York Jackhammers,6' 2',205 lbs,L,R,87,New York Yankees,NYY,1997,1993-2004,BBR,84790,Gold,Baseball Reference 1  1B Tino Martinez  NYY  1997,0,N,0,69,72,128,98,117,63,61,114,86,120,71,76,133,104,116,5,2,Flyball,Spray,Spray,1,1,1,3,1,1,1,3,1,1,1,3,16,-,-,-,-,-,-,-,-,-,-,-,1,NEU,89-91,3/4,Normal,1,9,-,-,-,61,67,47,71,9,2,6,-,-,88,-,-,-,-,-,-,114,-,88,-,-,-,-,-,-,36,13,71,43,11,11,47,43,8,7,0,0,1,2,2,4,0,0,0,0,0,5,2,2.6,-0.05,2,-3.2,-0.3,3.81,0,0,0.0,-0.0,0,0,0,0,0,0,0,0.0,0,0,0,0,0,0,0,0,0,0,0,0,0,0,0,0,0,0,0,0,0,0.00,0,0,0,0,0,0.0,0.0,0.0,0.00,11,11,104,9,94,1,10,0,9.66,-0.2,.996,0,0,96.0,0,0,20,19,4,3,1,0,0,0,3,0,0.0,0.0
1B,Joey Meneses,Joey,Meneses,Arkham Horrors,6' 3',235 lbs,R,R,78,Washington Nationals,WSN,2023,2015+,WBC,82772,Silver,World Baseball Classic  1B Joey Meneses  MEX  2023,0,N,0,100,39,100,40,118,100,54,70,40,133,100,35,114,41,114,4,8,Flyball,Ex. Pull,Pull,1,1,1,2,1,1,1,2,1,1,1,2,16,-,-,-,-,-,-,-,-,-,-,-,1,NEU,90-92,3/4,Normal,1,10,-,-,-,31,26,29,31,56,61,68,-,-,53,-,-,-,-,-,-,67,-,53,-,-,-,-,-,-,13,5,6,30,1,1,4,4,0,0,0,0,0,0,0,0,0,0,0,0,0,2,0,0.0,-0.10,0,-1.0,-0.1,4.75,0,0,0.0,0.0,0,0,0,0,0,0,0,0.0,0,0,0,0,0,0,0,0,0,0,0,0,0,0,0,0,0,0,0,0,0,0.00,0,0,0,0,0,0.0,0.0,0.0,0.00,0,0,0,0,0,0,0,0,0.00,0.0,.000,0,0,0.0,0,0,0,0,0,0,0,0,0,0,0,0,0.0,0.0
1B,Kendrys Morales,Kendrys,Morales,Chicago Gamblers - E6,6' 1',225 lbs,S,R,88,Los Angeles Angels,ANA,2009,2005-2014,,86711,Gold,FLF 22 & Co. - Snapshot  1B Kendrys Morales  LAA  2009,0,Y,5,131,141,123,92,92,126,153,81,43,109,132,137,142,103,87,4,6,Groundball,Normal,Normal,1,1,1,9,1,1,1,9,1,1,1,9,16,-,17,16,-,-,-,-,-,-,-,-,3,GB,90-92,OTT,GB'er,1,15,-,-,-,66,58,54,61,42,100,20,-,-,88,-,-,-,-,-,29,121,-,88,-,-,-,-,-,29,35,51,21,44,23,23,79,77,20,12,5,0,3,5,9,2,0,0,0,0,0,18,1,9.2,-0.38,9,-0.5,0.1,4.16,0,0,0.0,-0.6,0,0,0,0,0,0,0,0.0,0,0,0,0,0,0,0,0,0,0,0,0,0,0,0,0,0,0,0,0,0,0.00,0,0,0,0,0,0.0,0.0,0.0,0.00,24,23,176,11,164,1,7,0,9.43,0.7,1.059,0,0,167.0,0,0,23,22,3,3,1,1,1,0,0,0,0.0,0.0
1B,Kendrys Morales,Kendrys,Morales,Globo Gym Purple Cobras - JW,6' 1',225 lbs,S,R,88,Los Angeles Angels,ANA,2009,2005-2014,,86711,Gold,FLF 22 & Co. - Snapshot  1B Kendrys Morales  LAA  2009,0,Y,5,131,141,123,92,92,126,153,81,43,109,132,137,142,103,87,4,6,Groundball,Normal,Normal,1,1,1,9,1,1,1,9,1,1,1,9,16,-,17,16,-,-,-,-,-,-,-,-,3,GB,90-92,OTT,GB'er,1,15,-,-,-,66,58,54,61,42,100,20,-,-,88,-,-,-,-,-,29,121,-,88,-,-,-,-,-,29,35,51,21,44,5,5,22,17,2,2,0,0,0,0,3,3,0,2,0,0,0,4,0,1.0,-0.13,1,-1.3,-0.1,4.05,0,0,0.0,0.1,0,0,0,0,0,0,0,0.0,0,0,0,0,0,0,0,0,0,0,0,0,0,0,0,0,0,0,0,0,0,0.00,0,0,0,0,0,0.0,0.0,0.0,0.00,5,5,44,3,40,1,3,0,8.41,-0.1,.882,0,0,46.0,0,0,8,8,1,1,1,0,0,0,0,0,0.0,0.0
1B,Kendrys Morales,Kendrys,Morales,AW Bees - GH,6' 1',225 lbs,S,R,88,Los Angeles Angels,ANA,2009,2005-2014,,86711,Gold,FLF 22 & Co. - Snapshot  1B Kendrys Morales  LAA  2009,0,Y,5,131,141,123,92,92,126,153,81,43,109,132,137,142,103,87,4,6,Groundball,Normal,Normal,1,1,1,9,1,1,1,9,1,1,1,9,16,-,17,16,-,-,-,-,-,-,-,-,3,GB,90-92,OTT,GB'er,1,15,-,-,-,66,58,54,61,42,100,20,-,-,88,-,-,-,-,-,29,121,-,88,-,-,-,-,-,29,35,51,21,44,16,14,59,57,10,6,2,0,2,9,6,1,0,1,0,0,0,14,0,3.8,0.28,2,-4.4,-0.3,3.98,0,0,0.0,-0.0,0,0,0,0,0,0,0,0.0,0,0,0,0,0,0,0,0,0,0,0,0,0,0,0,0,0,0,0,0,0,0.00,0,0,0,0,0,0.0,0.0,0.0,0.00,16,14,151,8,143,0,9,0,10.79,0.6,1.055,0,0,126.0,0,0,26,25,1,1,2,1,0,0,0,0,0.0,0.0
1B,Dale Murphy,Dale,Murphy,Houston Swangas,6' 5',215 lbs,R,R,88,Atlanta Braves,ATL,1982,1980-1992,,86270,Gold,All-Star Week - Historical All-Star  CF Dale Murphy  ATL  1982,0,N,0,102,53,120,124,60,148,50,140,135,69,92,55,114,120,55,4,5,Flyball,Spray,Spray,1,1,1,1,1,1,1,1,1,1,1,1,16,-,-,-,-,-,-,-,-,-,-,-,1,NEU,90-92,3/4,Normal,1,7,-,-,-,71,45,55,54,106,52,48,-,-,100,-,-,-,112,102,100,109,-,100,-,-,-,112,102,100,61,74,81,102,10,10,39,36,5,4,1,0,0,1,4,3,0,0,0,0,0,15,1,1.2,-0.53,0,-4.5,-0.5,4.28,0,0,0.0,-0.4,0,0,0,0,0,0,0,0.0,0,0,0,0,0,0,0,0,0,0,0,0,0,0,0,0,0,0,0,0,0,0.00,0,0,0,0,0,0.0,0.0,0.0,0.00,11,10,84,8,74,2,8,0,7.77,-0.6,.934,0,0,95.0,0,0,19,18,2,1,0,0,1,0,2,0,0.0,0.0
1B,John Olerud,John,Olerud,Three Mile Island Atomic Isotopes,6' 5',220 lbs,L,L,68,Toronto Blue Jays,TOR,1992,1980-1992,,83838,Bronze,Blue Jays 50th Anniversary  1B John Olerud  TOR  1992,0,N,0,88,82,84,110,99,75,71,74,141,94,92,86,88,101,101,12,2,Normal,Spray,Spray,1,1,1,1,1,1,2,1,1,1,1,1,16,-,-,-,-,-,-,-,-,-,-,-,1,NEU,89-91,3/4,Normal,1,11,-,-,-,76,65,72,93,10,5,4,-,-,108,-,-,-,-,-,-,126,-,108,-,-,-,-,-,-,26,11,11,16,2,,2,2,0,0,0,0,0,0,0,0,0,0,0,0,0,0,1,-0.0,-0.17,0,-0.5,-0.0,1.50,0,0,0.0,0.0,0,0,0,0,0,0,0,0.0,0,0,0,0,0,0,0,0,0,0,0,0,0,0,0,0,0,0,0,0,0,0.00,0,0,0,0,0,0.0,0.0,0.0,0.00,1,0,1,0,1,0,0,0,4.50,0.0,1.059,0,0,2.0,0,0,1,1,0,0,0,0,0,0,0,0,0.0,0.0
1B,John Olerud,John,Olerud,Junk Wax Heroes,6' 5',220 lbs,L,L,68,Toronto Blue Jays,TOR,1992,1980-1992,,83838,Bronze,Blue Jays 50th Anniversary  1B John Olerud  TOR  1992,0,N,0,88,82,84,110,99,75,71,74,141,94,92,86,88,101,101,12,2,Normal,Spray,Spray,1,1,1,1,1,1,2,1,1,1,1,1,16,-,-,-,-,-,-,-,-,-,-,-,1,NEU,89-91,3/4,Normal,1,11,-,-,-,76,65,72,93,10,5,4,-,-,108,-,-,-,-,-,-,126,-,108,-,-,-,-,-,-,26,11,11,16,6,,8,6,4,3,1,0,0,4,1,2,0,0,0,0,0,1,0,4.1,-0.02,3,2.3,0.3,3.88,0,0,0.0,0.0,0,0,0,0,0,0,0,0.0,0,0,0,0,0,0,0,0,0,0,0,0,0,0,0,0,0,0,0,0,0,0.00,0,0,0,0,0,0.0,0.0,0.0,0.00,6,0,14,1,13,0,0,0,7.00,0.1,1.059,0,0,18.0,0,0,4,4,0,0,0,0,0,0,0,0,0.0,0.0
1B,Vic Power,Vic,Power,Globo Gym Purple Cobras - JW,5' 11',195 lbs,R,R,76,Cleveland Guardians,CLE,1958,1946-1960,UTIL,85680,Silver,June Gems - Super Utility  1B Vic Power  CLE  1958,0,Y,5,88,147,82,34,193,56,133,99,49,193,96,152,76,24,193,28,20,Line Drive,Spray,Spray,1,1,1,1,1,1,1,1,1,1,1,1,16,-,-,-,-,-,-,-,-,-,-,-,1,NEU,90-92,OTT,Normal,1,3,-,-,-,91,70,75,69,75,59,72,-,-,87,101,87,84,92,69,87,147,-,87,101,87,84,92,69,87,55,18,63,62,2,2,6,6,1,1,0,0,0,0,0,0,0,0,0,0,0,0,0,0.2,-0.07,0,-0.8,-0.1,3.83,0,0,0.0,0.0,0,0,0,0,0,0,0,0.0,0,0,0,0,0,0,0,0,0,0,0,0,0,0,0,0,0,0,0,0,0,0.00,0,0,0,0,0,0.0,0.0,0.0,0.00,2,2,5,0,5,0,0,0,2.65,-0.5,1.027,0,0,17.0,0,0,5,5,2,0,0,0,1,0,0,0,0.0,-0.0
1B,Norm Siebern,Norm,Siebern,seebal Saeki,6' 3',205 lbs,L,R,99,Kansas City Athletics,OAK,1962,1961-1979,,83991,Diamond,Historical All-Star  1B Norm Siebern  KC1  1962,0,N,0,94,73,100,123,87,91,69,77,100,77,96,75,111,131,90,8,10,Normal,Spray,Spray,1,1,1,7,1,1,1,7,1,1,1,7,16,-,-,-,-,-,-,-,-,-,-,-,1,GB,89-91,3/4,GB'er,1,10,-,-,-,62,74,61,58,67,70,50,-,-,95,-,-,-,75,-,-,120,-,95,-,-,-,75,-,-,37,8,13,42,5,4,15,15,3,2,0,0,1,3,2,0,0,0,0,0,0,1,0,1.2,0.06,1,-0.8,-0.1,3.60,0,0,0.0,0.2,0,0,0,0,0,0,0,0.0,0,0,0,0,0,0,0,0,0,0,0,0,0,0,0,0,0,0,0,0,0,0.00,0,0,0,0,0,0.0,0.0,0.0,0.00,5,4,35,1,34,0,2,0,9.55,-0.4,1.059,0,0,33.0,0,0,5,5,3,1,0,0,1,0,1,0,0.0,0.0
1B,Norm Siebern,Norm,Siebern,Dubuque Packers,6' 3',205 lbs,L,R,99,Kansas City Athletics,OAK,1962,1961-1979,,83991,Diamond,Historical All-Star  1B Norm Siebern  KC1  1962,0,N,0,94,73,100,123,87,91,69,77,100,77,96,75,111,131,90,8,10,Normal,Spray,Spray,1,1,1,7,1,1,1,7,1,1,1,7,16,-,-,-,-,-,-,-,-,-,-,-,1,GB,89-91,3/4,GB'er,1,10,-,-,-,62,74,61,58,67,70,50,-,-,95,-,-,-,75,-,-,120,-,95,-,-,-,75,-,-,37,8,13,42,8,8,33,28,7,5,0,1,1,1,5,5,0,0,0,0,0,11,0,4.8,-0.10,4,0.9,0.2,4.55,0,0,0.0,0.2,0,0,0,0,0,0,0,0.0,0,0,0,0,0,0,0,0,0,0,0,0,0,0,0,0,0,0,0,0,0,0.00,0,0,0,0,0,0.0,0.0,0.0,0.00,8,8,68,2,66,0,6,0,8.62,0.3,1.059,0,0,71.0,0,0,11,11,0,0,0,0,0,0,0,0,0.0,0.0
1B,Norm Siebern,Norm,Siebern,Jeju City Foxes,6' 3',205 lbs,L,R,99,Kansas City Athletics,OAK,1962,1961-1979,,83991,Diamond,Historical All-Star  1B Norm Siebern  KC1  1962,0,N,0,94,73,100,123,87,91,69,77,100,77,96,75,111,131,90,8,10,Normal,Spray,Spray,1,1,1,7,1,1,1,7,1,1,1,7,16,-,-,-,-,-,-,-,-,-,-,-,1,GB,89-91,3/4,GB'er,1,10,-,-,-,62,74,61,58,67,70,50,-,-,95,-,-,-,75,-,-,120,-,95,-,-,-,75,-,-,37,8,13,42,5,5,21,19,6,4,1,0,1,5,1,2,0,0,0,0,0,5,0,4.0,0.28,3,1.3,0.2,4.57,0,0,0.0,0.0,0,0,0,0,0,0,0,0.0,0,0,0,0,0,0,0,0,0,0,0,0,0,0,0,0,0,0,0,0,0,0.00,0,0,0,0,0,0.0,0.0,0.0,0.00,5,5,49,4,45,0,3,0,10.02,0.3,1.059,0,0,44.0,0,0,9,9,2,2,0,0,1,0,2,0,0.0,0.0
1B,J.T. Snow,J.T.,Snow,Junk Wax Heroes,6' 2',200 lbs,L,L,83,San Francisco Giants,SFG,2004,1993-2004,,86323,Gold,HOF Week - Unsung Heroes  1B J.T. Snow  SF  2004,0,N,0,129,124,67,149,89,80,113,55,165,78,150,128,70,143,93,40,33,Line Drive,Normal,Normal,1,1,1,1,1,1,1,1,1,1,1,1,16,-,-,-,-,-,-,-,-,-,-,-,1,NEU,90-92,3/4,Normal,1,1,-,-,-,63,87,56,32,5,2,3,-,-,90,-,-,-,-,-,-,125,-,90,-,-,-,-,-,-,56,33,100,72,6,6,17,15,2,0,1,0,1,1,2,2,0,0,0,0,0,2,0,1.5,-0.08,1,-0.6,0.0,4.00,0,0,0.0,0.5,0,0,0,0,0,0,0,0.0,0,0,0,0,0,0,0,0,0,0,0,0,0,0,0,0,0,0,0,0,0,0.00,0,0,0,0,0,0.0,0.0,0.0,0.00,6,6,34,5,29,0,0,0,8.05,0.3,1.059,0,0,38.0,0,0,7,7,0,0,1,1,1,0,1,0,0.0,0.0
1B,Jake Stahl,Jake,Stahl,Arkham Horrors,6' 2',195 lbs,R,R,86,Boston Red Sox,BOS,1910,2026,,82712,Gold,Hardware Heroes  1B Jake Stahl  BOS  1910,0,N,0,95,88,132,65,48,122,68,122,59,46,89,94,135,68,49,71,67,Normal,Normal,Normal,1,1,1,1,1,1,1,1,1,1,1,1,16,-,-,-,-,-,-,-,-,-,-,-,1,NEU,90-92,OTT,Normal,1,13,-,-,-,57,39,52,56,53,58,55,-,-,79,-,-,-,58,-,-,98,-,79,-,-,-,58,-,-,72,67,84,59,3,3,12,11,3,2,1,0,0,0,1,1,0,0,0,0,0,3,0,1.4,-0.11,1,-0.1,0.0,4.75,0,0,0.0,-0.1,0,0,0,0,0,0,0,0.0,0,0,0,0,0,0,0,0,0,0,0,0,0,0,0,0,0,0,0,0,0,0.00,0,0,0,0,0,0.0,0.0,0.0,0.00,3,3,25,1,24,0,1,0,9.00,0.3,1.059,0,0,25.0,0,0,6,6,0,0,1,1,0,0,0,0,0.0,0.0
1B,Gus Suhr,Gus,Suhr,Montrose Cobblers,6' 0',180 lbs,L,R,80,Pittsburgh Pirates,PIT,1936,1921-1945,LE,86187,Gold,Limited Edition/56  1B Gus Suhr  PIT  1936,0,N,0,100,84,70,131,135,96,66,90,84,88,103,90,63,150,153,68,59,Groundball,Normal,Normal,1,1,1,3,1,1,1,3,1,1,1,3,16,-,-,-,-,-,-,-,-,-,-,-,1,NEU,90-92,3/4,Normal,1,25,-,-,-,83,69,75,77,7,9,4,-,-,85,-,-,-,-,-,-,132,-,85,-,-,-,-,-,-,58,43,47,56,9,9,36,34,6,6,0,0,0,2,0,2,0,0,0,0,0,7,0,1.4,-0.25,0,-3.8,-0.4,3.97,0,0,0.0,0.0,0,0,0,0,0,0,0,0.0,0,0,0,0,0,0,0,0,0,0,0,0,0,0,0,0,0,0,0,0,0,0.00,0,0,0,0,0,0.0,0.0,0.0,0.00,9,9,57,6,50,1,4,0,6.46,-0.6,.926,0,0,78.0,0,0,15,12,0,0,0,0,1,1,1,0,0.0,0.0
1B,Honus Wagner,Honus,Wagner,Youngstown Ironmen,5' 11',200 lbs,R,R,68,Pittsburgh Pirates,PIT,1913,2026,,86712,Bronze,FLF 22 & Co. - Snapshot  SS Honus Wagner  PIT  1913,0,N,0,97,90,69,81,109,122,77,113,51,98,91,94,46,89,113,100,89,Groundball,Normal,Normal,1,1,1,5,1,1,1,5,1,1,1,5,-,-,-,16,-,17,-,-,-,-,-,-,2,NEU,90-92,3/4,Normal,1,16,-,-,-,84,112,88,97,71,75,29,-,-,86,-,108,99,-,53,-,154,-,86,-,108,99,-,53,-,71,84,85,79,8,8,34,27,6,4,2,0,0,4,5,4,0,0,3,0,0,7,1,2.9,-0.37,2,-1.6,-0.1,4.09,1,0,0.2,0.4,0,0,0,0,0,0,0,0.0,0,0,0,0,0,0,0,0,0,0,0,0,0,0,0,0,0,0,0,0,0,0.00,0,0,0,0,0,0.0,0.0,0.0,0.00,8,8,63,1,62,0,4,0,7.84,-0.5,.907,0,0,72.1,0,0,13,12,1,0,0,0,0,0,0,0,0.0,0.0
1B,Rudy York,Rudy,York,Kansas City Torrent - JW,6' 1',210 lbs,R,R,88,Detroit Tigers,DET,1943,1921-1945,BBR,86429,Gold,Baseball Reference 7  1B Rudy York  DET  1943,46 571,Y,5,74,124,178,160,63,59,106,204,181,57,79,132,170,154,65,24,1,Normal,Spray,Spray,1,1,1,1,1,1,1,1,1,1,1,1,16,17,17,-,-,-,-,-,-,-,-,-,3,NEU,89-91,3/4,Normal,1,12,-,-,-,49,31,37,32,1,9,8,-,-,71,-,-,-,-,-,-,92,-,71,-,-,-,-,-,-,66,44,43,46,8,8,29,29,9,7,1,0,1,4,5,0,0,0,0,0,0,11,0,4.0,0.36,3,0.3,0.1,4.17,0,0,0.0,0.3,0,0,0,0,0,0,0,0.0,0,0,0,0,0,0,0,0,0,0,0,0,0,0,0,0,0,0,0,0,0,0.00,0,0,0,0,0,0.0,0.0,0.0,0.00,2,2,12,1,11,0,1,0,7.71,0.0,1.059,0,0,14.0,0,0,1,1,0,0,0,0,0,0,0,0,0.0,0.0
1B,Rudy York,Rudy,York,False Hustle,6' 1',210 lbs,R,R,88,Detroit Tigers,DET,1943,1921-1945,BBR,86429,Gold,Baseball Reference 7  1B Rudy York  DET  1943,0,Y,5,74,124,178,160,63,59,106,204,181,57,79,132,170,154,65,24,1,Normal,Spray,Spray,1,1,1,1,1,1,1,1,1,1,1,1,16,17,17,-,-,-,-,-,-,-,-,-,3,NEU,89-91,3/4,Normal,1,12,-,-,-,49,31,37,32,1,9,8,-,-,71,-,-,-,-,-,-,92,-,71,-,-,-,-,-,-,66,44,43,46,2,,2,1,0,0,0,0,0,0,0,1,0,0,0,0,0,1,0,0.1,0.04,0,0.1,0.0,5.50,0,0,0.0,0.0,0,0,0,0,0,0,0,0.0,0,0,0,0,0,0,0,0,0,0,0,0,0,0,0,0,0,0,0,0,0,0.00,0,0,0,0,0,0.0,0.0,0.0,0.00,2,0,4,1,3,0,0,0,12.00,0.0,1.059,0,0,3.0,0,0,1,1,0,0,0,0,0,0,0,0,0.0,0.0
1B,Kevin Youkilis,Kevin,Youkilis,Oslo Nordiques,6' 1',220 lbs,R,R,94,Boston Red Sox,BOS,2009,2005-2014,ME,84197,Diamond,Live Collection Reward - Historical All-Star  1B Kevin Youkilis  BOS  2009,0,N,0,96,96,99,132,70,135,93,87,151,58,88,98,106,126,74,5,5,Normal,Pull,Pull,1,1,1,4,1,1,1,4,1,1,1,4,16,-,-,-,-,-,-,-,-,-,-,-,1,NEU,92-94,3/4,Normal,1,10,-,-,-,73,75,84,39,48,60,56,-,-,86,-,77,-,53,-,-,128,-,86,-,77,-,53,-,-,39,23,63,47,3,3,15,14,6,4,2,0,0,4,2,0,0,1,0,0,0,3,0,3.9,0.14,3,1.7,0.2,3.73,0,0,0.0,0.3,0,0,0,0,0,0,0,0.0,0,0,0,0,0,0,0,0,0,0,0,0,0,0,0,0,0,0,0,0,0,0.00,0,0,0,0,0,0.0,0.0,0.0,0.00,3,3,26,2,24,0,1,0,7.39,0.1,1.059,0,0,31.2,0,0,3,3,0,0,0,0,0,0,0,0,0.0,0.0
2B,Mark Bellhorn,Mark,Bellhorn,Toronto Terns PCK,6' 1',195 lbs,S,R,64,Chicago Cubs,CHC,2002,1993-2004,CS,85739,Bronze,Clubhouse - SwitchKnucklers - Super Utility  2B Mark Bellhorn  CHC  2002,0,N,0,110,77,86,138,40,144,122,110,118,34,100,63,79,145,43,51,34,Normal,Pull,Pull,1,1,1,4,1,1,1,4,1,1,1,4,16,-,-,-,-,-,-,-,-,-,-,-,1,NEU,91-93,3/4,Normal,1,4,-,-,-,61,69,58,52,50,60,40,-,-,82,61,56,46,52,-,-,116,-,82,61,56,46,52,-,-,54,39,40,64,2,,2,2,0,0,0,0,0,0,0,0,0,0,0,0,0,2,0,0.0,-0.15,0,-0.5,-0.0,5.00,0,0,0.0,0.0,0,0,0,0,0,0,0,0.0,0,0,0,0,0,0,0,0,0,0,0,0,0,0,0,0,0,0,0,0,0,0.00,0,0,0,0,0,0.0,0.0,0.0,0.00,0,0,0,0,0,0,0,0,0.00,0.0,.000,0,0,0.0,0,0,0,0,0,0,0,0,0,0,0,0,0.0,0.0
2B,Mark Bellhorn,Mark,Bellhorn,Gastonia Peaches,6' 1',195 lbs,S,R,64,Chicago Cubs,CHC,2002,1993-2004,CS,85739,Bronze,Clubhouse - SwitchKnucklers - Super Utility  2B Mark Bellhorn  CHC  2002,0,N,0,110,77,86,138,40,144,122,110,118,34,100,63,79,145,43,51,34,Normal,Pull,Pull,1,1,1,4,1,1,1,4,1,1,1,4,16,-,-,-,-,-,-,-,-,-,-,-,1,NEU,91-93,3/4,Normal,1,4,-,-,-,61,69,58,52,50,60,40,-,-,82,61,56,46,52,-,-,116,-,82,61,56,46,52,-,-,54,39,40,64,4,,7,7,1,1,0,0,0,0,0,0,0,0,0,0,0,1,1,0.0,-0.25,0,-1.1,-0.1,4.43,0,0,0.0,0.0,0,0,0,0,0,0,0,0.0,0,0,0,0,0,0,0,0,0,0,0,0,0,0,0,0,0,0,0,0,0,0.00,0,0,0,0,0,0.0,0.0,0.0,0.00,4,0,9,6,2,1,0,0,4.00,-0.1,1.061,0,0,18.0,0,0,7,6,0,0,0,0,0,0,1,0,0.0,0.0
2B,Lance Blankenship,Lance,Blankenship,Arcadia Wyverns,6' 0',185 lbs,R,R,83,Oakland Athletics,OAK,1992,1980-1992,ME,83827,Gold,Live Collection Reward - Super Utility  2B Lance Blankenship  ATH  1992,0,N,0,65,76,32,149,88,68,82,18,177,115,65,75,35,140,81,90,70,Normal,Spray,Spray,1,1,1,3,1,1,1,3,1,1,1,3,16,-,-,-,-,-,-,-,-,-,-,-,1,NEU,90-92,3/4,Normal,1,13,-,-,-,105,89,92,102,86,92,56,-,-,95,126,111,-,101,81,90,155,-,95,126,111,-,101,81,90,83,89,94,100,1,,1,1,0,0,0,0,0,0,0,0,0,0,0,0,0,0,0,0.0,-0.02,0,-0.3,-0.0,5.00,0,0,0.0,0.0,0,0,0,0,0,0,0,0.0,0,0,0,0,0,0,0,0,0,0,0,0,0,0,0,0,0,0,0,0,0,0.00,0,0,0,0,0,0.0,0.0,0.0,0.00,1,0,0,0,0,0,0,0,0.00,0.0,.000,0,0,2.0,0,0,0,0,0,0,0,0,0,0,0,0,0.0,0.0
2B,Jack Burdock,Jack,Burdock,Junk Wax Heroes,6' 0',160 lbs,R,R,87,Boston Beaneaters,ATL,1883,2026,,86067,Gold,4th of July On-Stream - Snapshot  2B Jack Burdock  BSN  1883,0,N,0,126,115,90,65,90,134,107,97,60,96,123,118,88,67,89,8,13,Groundball,Normal,Normal,1,1,1,1,1,1,1,1,1,1,1,1,16,-,-,-,-,-,-,-,-,-,-,-,1,NEU,90-92,3/4,Normal,1,2,-,-,-,106,119,64,79,7,2,10,-,-,-,127,-,-,-,-,-,160,-,-,127,-,-,-,-,-,72,88,85,72,6,6,27,24,7,5,1,1,0,0,4,2,0,1,0,0,0,3,0,3.6,-0.25,3,0.7,0.1,4.22,0,1,-0.5,-0.0,0,0,0,0,0,0,0,0.0,0,0,0,0,0,0,0,0,0,0,0,0,0,0,0,0,0,0,0,0,0,0.00,0,0,0,0,0,0.0,0.0,0.0,0.00,6,6,21,16,5,0,0,0,3.38,0.2,.996,0,0,56.0,0,0,19,18,0,0,0,0,1,1,1,0,0.0,0.0
2B,Jack Burdock,Jack,Burdock,Sydney Whalers,6' 0',160 lbs,R,R,87,Boston Beaneaters,ATL,1883,2026,,86067,Gold,4th of July On-Stream - Snapshot  2B Jack Burdock  BSN  1883,0,N,0,126,115,90,65,90,134,107,97,60,96,123,118,88,67,89,8,13,Groundball,Normal,Normal,1,1,1,1,1,1,1,1,1,1,1,1,16,-,-,-,-,-,-,-,-,-,-,-,1,NEU,90-92,3/4,Normal,1,2,-,-,-,106,119,64,79,7,2,10,-,-,-,127,-,-,-,-,-,160,-,-,127,-,-,-,-,-,72,88,85,72,4,4,15,13,3,3,0,0,0,2,1,2,0,0,0,0,0,3,1,0.9,-0.18,1,-0.6,0.0,4.87,0,0,0.0,0.0,0,0,0,0,0,0,0,0.0,0,0,0,0,0,0,0,0,0,0,0,0,0,0,0,0,0,0,0,0,0,0.00,0,0,0,0,0,0.0,0.0,0.0,0.00,4,4,10,5,5,0,2,0,2.43,0.3,1.054,0,0,37.0,0,0,3,3,0,0,0,0,1,1,0,0,0.0,0.0
2B,Jack Burdock,Jack,Burdock,Montrose Cobblers,6' 0',160 lbs,R,R,87,Boston Beaneaters,ATL,1883,2026,,86067,Gold,4th of July On-Stream - Snapshot  2B Jack Burdock  BSN  1883,0,N,0,126,115,90,65,90,134,107,97,60,96,123,118,88,67,89,8,13,Groundball,Normal,Normal,1,1,1,1,1,1,1,1,1,1,1,1,16,-,-,-,-,-,-,-,-,-,-,-,1,NEU,90-92,3/4,Normal,1,2,-,-,-,106,119,64,79,7,2,10,-,-,-,127,-,-,-,-,-,160,-,-,127,-,-,-,-,-,72,88,85,72,9,9,32,32,6,5,0,0,1,2,4,0,0,0,0,0,0,7,0,1.7,0.05,0,-3.0,-0.2,3.91,0,0,0.0,0.5,0,0,0,0,0,0,0,0.0,0,0,0,0,0,0,0,0,0,0,0,0,0,0,0,0,0,0,0,0,0,0.00,0,0,0,0,0,0.0,0.0,0.0,0.00,9,9,29,13,15,1,3,0,3.23,-0.2,.967,0,0,78.0,0,0,17,16,4,2,2,2,1,0,1,0,0.0,0.0
2B,Matt Carpenter,Matt,Carpenter,Chicago Beans,6' 4',225 lbs,L,R,96,St. Louis Cardinals,STL,2013,2005-2014,BBR,86763,Diamond,September Stars - Baseball Reference 8  2B Matt Carpenter  STL  2013,0,N,0,156,162,70,134,120,142,138,73,114,125,160,170,69,141,119,41,27,Line Drive,Ex. Pull,Pull,1,1,1,1,1,1,1,1,1,1,1,2,17,-,-,17,-,-,-,-,-,-,-,-,2,EX FB,94-96,OTT,Normal,1,20,-,-,-,69,77,72,102,53,45,39,-,-,103,90,78,-,-,-,41,129,-,103,90,78,-,-,-,41,49,20,58,52,9,9,39,36,8,4,4,0,0,4,6,3,0,0,0,0,0,4,0,3.6,-0.20,3,-1.4,-0.2,4.08,0,0,0.0,-0.3,0,0,0,0,0,0,0,0.0,0,0,0,0,0,0,0,0,0,0,0,0,0,0,0,0,0,0,0,0,0,0.00,0,0,0,0,0,0.0,0.0,0.0,0.00,10,8,36,13,21,2,5,0,4.14,-1.6,.832,0,0,74.0,0,0,23,20,2,0,4,2,5,2,2,0,0.0,-0.1
2B,Matt Carpenter,Matt,Carpenter,Sixes Tornadoes,6' 4',225 lbs,L,R,74,St. Louis Cardinals,STL,2015,2015+,CS,86771,Silver,Clubhouse - Baseball Reference 8  3B Matt Carpenter  STL  2015,0,N,0,121,146,116,175,66,96,129,105,155,58,131,151,120,182,69,5,1,Normal,Ex. Pull,Pull,1,1,1,1,1,1,1,1,1,1,1,1,17,-,17,-,-,-,-,-,-,-,-,-,2,EX FB,97-99,OTT,Normal,1,13,-,-,-,61,89,67,84,10,3,10,-,-,102,80,74,-,-,-,-,129,-,102,80,74,-,-,-,-,54,21,62,71,3,3,12,11,2,2,0,0,0,0,0,1,0,0,0,0,0,4,0,0.6,-0.32,0,-1.1,-0.1,4.33,0,0,0.0,0.0,0,0,0,0,0,0,0,0.0,0,0,0,0,0,0,0,0,0,0,0,0,0,0,0,0,0,0,0,0,0,0.00,0,0,0,0,0,0.0,0.0,0.0,0.00,3,3,8,3,5,0,1,0,2.88,-0.2,1.054,0,0,25.0,0,0,4,4,1,0,0,0,0,0,2,0,0.0,0.0
2B,Matt Carpenter,Matt,Carpenter,Chicago Seals,6' 4',225 lbs,L,R,74,St. Louis Cardinals,STL,2015,2015+,CS,86771,Silver,Clubhouse - Baseball Reference 8  3B Matt Carpenter  STL  2015,0,N,0,121,146,116,175,66,96,129,105,155,58,131,151,120,182,69,5,1,Normal,Ex. Pull,Pull,1,1,1,1,1,1,1,1,1,1,1,1,17,-,17,-,-,-,-,-,-,-,-,-,2,EX FB,97-99,OTT,Normal,1,13,-,-,-,61,89,67,84,10,3,10,-,-,102,80,74,-,-,-,-,129,-,102,80,74,-,-,-,-,54,21,62,71,5,2,10,9,0,0,0,0,0,0,0,1,0,0,0,0,0,3,1,0.0,-0.15,0,-2.0,-0.1,3.80,0,0,0.0,0.0,0,0,0,0,0,0,0,0.0,0,0,0,0,0,0,0,0,0,0,0,0,0,0,0,0,0,0,0,0,0,0.00,0,0,0,0,0,0.0,0.0,0.0,0.00,4,2,15,6,9,0,2,0,5.96,0.2,1.054,0,0,22.2,0,0,8,8,0,0,0,0,0,0,0,0,0.0,0.0
2B,Matt Carpenter,Matt,Carpenter,Shibuya Shredders - GH,6' 4',225 lbs,L,R,96,St. Louis Cardinals,STL,2013,2005-2014,BBR,86763,Diamond,September Stars - Baseball Reference 8  2B Matt Carpenter  STL  2013,0,N,0,156,162,70,134,120,142,138,73,114,125,160,170,69,141,119,41,27,Line Drive,Ex. Pull,Pull,1,1,1,1,1,1,1,1,1,1,1,2,17,-,-,17,-,-,-,-,-,-,-,-,2,EX FB,94-96,OTT,Normal,1,20,-,-,-,69,77,72,102,53,45,39,-,-,103,90,78,-,-,-,41,129,-,103,90,78,-,-,-,41,49,20,58,52,15,15,60,54,14,10,4,0,0,7,7,4,0,0,1,1,0,10,1,5.7,0.23,5,-1.9,0.0,3.90,0,0,0.0,0.1,0,0,0,0,0,0,0,0.0,0,0,0,0,0,0,0,0,0,0,0,0,0,0,0,0,0,0,0,0,0,0.00,0,0,0,0,0,0.0,0.0,0.0,0.00,15,15,55,33,22,0,11,0,3.99,-0.4,.984,0,0,124.0,0,0,29,28,7,4,4,1,4,2,1,0,0.0,0.0
2B,Yu Chang,Yu,Chang,Waltham River Otters,6' 1',180 lbs,R,R,89,Boston Red Sox,BOS,2023,2015+,WBC,82774,Gold,World Baseball Classic  SS Yu Chang  TPE  2023,0,N,0,115,92,95,77,81,136,113,95,97,89,109,87,96,70,79,61,60,Groundball,Spray,Spray,1,1,1,1,1,1,1,1,1,1,1,2,17,-,-,17,-,-,-,-,-,-,-,-,2,EX FB,97-99,3/4,Normal,1,20,-,-,-,88,103,82,90,1,3,2,-,-,96,110,102,95,-,-,-,152,-,96,110,102,95,-,-,-,71,56,78,76,15,15,63,61,10,7,2,0,1,9,6,2,1,0,0,0,0,20,0,2.9,-0.36,0,-7.0,-0.3,3.76,0,0,0.0,0.3,0,0,0,0,0,0,0,0.0,0,0,0,0,0,0,0,0,0,0,0,0,0,0,0,0,0,0,0,0,0,0.00,0,0,0,0,0,0.0,0.0,0.0,0.00,15,15,60,31,29,0,6,0,3.90,0.9,1.022,0,0,138.1,0,0,40,40,7,7,1,0,4,1,6,0,0.0,0.0
2B,Yu Chang,Yu,Chang,Rajasthan Rifles Rifles,6' 1',180 lbs,R,R,89,Boston Red Sox,BOS,2023,2015+,WBC,82774,Gold,World Baseball Classic  SS Yu Chang  TPE  2023,0,N,0,115,92,95,77,81,136,113,95,97,89,109,87,96,70,79,61,60,Groundball,Spray,Spray,1,1,1,1,1,1,1,1,1,1,1,2,17,-,-,17,-,-,-,-,-,-,-,-,2,EX FB,97-99,3/4,Normal,1,20,-,-,-,88,103,82,90,1,3,2,-,-,96,110,102,95,-,-,-,152,-,96,110,102,95,-,-,-,71,56,78,76,5,5,20,17,1,1,0,0,0,2,1,0,0,1,1,1,0,7,0,0.2,-0.12,-1,-3.9,-0.3,3.80,0,0,0.0,0.0,0,0,0,0,0,0,0,0.0,0,0,0,0,0,0,0,0,0,0,0,0,0,0,0,0,0,0,0,0,0,0.00,0,0,0,0,0,0.0,0.0,0.0,0.00,5,5,18,12,6,0,0,0,3.38,0.2,1.054,0,0,48.0,0,0,17,17,0,0,2,0,0,0,1,0,0.0,0.0
2B,Eddie Collins,Eddie,Collins,Northville Stallions,5' 9',175 lbs,L,R,98,Chicago White Sox,CHW,1920,2026,,82751,Diamond,Hardware Heroes  2B Eddie Collins  CWS  1920,0,N,0,120,94,43,91,164,98,71,17,89,155,128,103,50,92,167,112,109,Line Drive,Normal,Normal,1,1,1,2,1,1,1,2,1,1,1,2,16,-,-,-,-,-,-,-,-,-,-,-,1,NEU,90-92,OTT,Normal,1,19,-,-,-,101,82,56,101,5,10,8,-,-,-,117,-,-,-,-,-,149,-,-,117,-,-,-,-,-,69,56,76,74,3,1,5,5,0,0,0,0,0,0,0,0,0,0,0,0,0,0,0,0.0,-0.27,0,-1.3,-0.1,1.60,0,0,0.0,0.0,0,0,0,0,0,0,0,0.0,0,0,0,0,0,0,0,0,0,0,0,0,0,0,0,0,0,0,0,0,0,0.00,0,0,0,0,0,0.0,0.0,0.0,0.00,3,1,8,5,3,0,1,0,6.55,-0.0,1.054,0,0,11.0,0,0,5,5,0,0,1,0,0,0,0,0,0.0,0.0
2B,Eddie Collins,Eddie,Collins,Winnipeg Golden Knights,5' 9',175 lbs,L,R,98,Chicago White Sox,CHW,1920,2026,,82751,Diamond,Hardware Heroes  2B Eddie Collins  CWS  1920,0,N,0,120,94,43,91,164,98,71,17,89,155,128,103,50,92,167,112,109,Line Drive,Normal,Normal,1,1,1,2,1,1,1,2,1,1,1,2,16,-,-,-,-,-,-,-,-,-,-,-,1,NEU,90-92,OTT,Normal,1,19,-,-,-,101,82,56,101,5,10,8,-,-,-,117,-,-,-,-,-,149,-,-,117,-,-,-,-,-,69,56,76,74,11,11,38,34,11,9,2,0,0,4,7,2,0,0,1,1,0,5,1,4.6,-0.04,4,-0.1,0.1,3.95,0,0,0.0,-0.8,0,0,0,0,0,0,0,0.0,0,0,0,0,0,0,0,0,0,0,0,0,0,0,0,0,0,0,0,0,0,0.00,0,0,0,0,0,0.0,0.0,0.0,0.00,11,11,37,20,17,0,3,0,4.11,0.5,1.054,0,0,81.0,0,0,22,22,3,3,2,0,0,0,0,0,0.0,0.0
2B,Eddie Collins,Eddie,Collins,Camjaveratyn O-Forge,5' 9',175 lbs,L,R,98,Chicago White Sox,CHW,1920,2026,,82751,Diamond,Hardware Heroes  2B Eddie Collins  CWS  1920,0,N,0,120,94,43,91,164,98,71,17,89,155,128,103,50,92,167,112,109,Line Drive,Normal,Normal,1,1,1,2,1,1,1,2,1,1,1,2,16,-,-,-,-,-,-,-,-,-,-,-,1,NEU,90-92,OTT,Normal,1,19,-,-,-,101,82,56,101,5,10,8,-,-,-,117,-,-,-,-,-,149,-,-,117,-,-,-,-,-,69,56,76,74,7,7,25,21,6,4,1,0,1,3,5,4,0,0,0,0,0,4,0,4.4,0.13,4,1.4,0.4,3.88,0,0,0.0,0.4,0,0,0,0,0,0,0,0.0,0,0,0,0,0,0,0,0,0,0,0,0,0,0,0,0,0,0,0,0,0,0.00,0,0,0,0,0,0.0,0.0,0.0,0.00,7,7,34,20,14,0,2,0,5.28,0.8,1.054,0,0,58.0,0,0,27,26,3,2,1,1,3,2,1,0,0.0,0.0
2B,Eddie Collins,Eddie,Collins,Three Mile Island Atomic Isotopes,5' 9',175 lbs,L,R,98,Chicago White Sox,CHW,1920,2026,,82751,Diamond,Hardware Heroes  2B Eddie Collins  CWS  1920,0,N,0,120,94,43,91,164,98,71,17,89,155,128,103,50,92,167,112,109,Line Drive,Normal,Normal,1,1,1,2,1,1,1,2,1,1,1,2,16,-,-,-,-,-,-,-,-,-,-,-,1,NEU,90-92,OTT,Normal,1,19,-,-,-,101,82,56,101,5,10,8,-,-,-,117,-,-,-,-,-,149,-,-,117,-,-,-,-,-,69,56,76,74,4,4,17,17,4,3,1,0,0,1,0,0,0,0,0,0,0,3,0,1.2,-0.27,0,-1.2,-0.1,3.76,0,0,0.0,0.0,0,0,0,0,0,0,0,0.0,0,0,0,0,0,0,0,0,0,0,0,0,0,0,0,0,0,0,0,0,0,0.00,0,0,0,0,0,0.0,0.0,0.0,0.00,4,4,17,10,6,1,2,1,4.24,-0.3,.937,0,0,34.0,0,0,9,8,2,2,1,0,0,0,1,0,0.0,0.0
2B,Eddie Collins,Eddie,Collins,Wilson Horns,5' 9',175 lbs,L,R,98,Chicago White Sox,CHW,1920,2026,,82751,Diamond,Hardware Heroes  2B Eddie Collins  CWS  1920,0,N,0,120,94,43,91,164,98,71,17,89,155,128,103,50,92,167,112,109,Line Drive,Normal,Normal,1,1,1,2,1,1,1,2,1,1,1,2,16,-,-,-,-,-,-,-,-,-,-,-,1,NEU,90-92,OTT,Normal,1,19,-,-,-,101,82,56,101,5,10,8,-,-,-,117,-,-,-,-,-,149,-,-,117,-,-,-,-,-,69,56,76,74,3,3,14,13,2,2,0,0,0,0,0,1,0,0,0,0,0,2,0,0.5,-0.16,0,-1.6,-0.1,5.14,0,0,0.0,0.0,0,0,0,0,0,0,0,0.0,0,0,0,0,0,0,0,0,0,0,0,0,0,0,0,0,0,0,0,0,0,0.00,0,0,0,0,0,0.0,0.0,0.0,0.00,3,3,12,6,6,0,1,0,4.00,0.2,1.054,0,0,27.0,0,0,8,8,0,0,2,1,0,0,1,0,0.0,0.0
2B,Eddie Collins,Eddie,Collins,Jeju City Foxes,5' 9',175 lbs,L,R,98,Chicago White Sox,CHW,1920,2026,,82751,Diamond,Hardware Heroes  2B Eddie Collins  CWS  1920,0,N,0,120,94,43,91,164,98,71,17,89,155,128,103,50,92,167,112,109,Line Drive,Normal,Normal,1,1,1,2,1,1,1,2,1,1,1,2,16,-,-,-,-,-,-,-,-,-,-,-,1,NEU,90-92,OTT,Normal,1,19,-,-,-,101,82,56,101,5,10,8,-,-,-,117,-,-,-,-,-,149,-,-,117,-,-,-,-,-,69,56,76,74,5,5,19,18,7,6,1,0,0,0,2,1,0,0,0,0,0,1,0,3.5,0.21,3,1.0,0.2,4.00,0,0,0.0,0.0,0,0,0,0,0,0,0,0.0,0,0,0,0,0,0,0,0,0,0,0,0,0,0,0,0,0,0,0,0,0,0.00,0,0,0,0,0,0.0,0.0,0.0,0.00,5,5,23,15,8,0,3,0,4.70,0.5,1.054,0,0,44.0,0,0,16,16,1,1,2,1,2,1,3,0,0.0,0.0
2B,Paul DeJong,Paul,DeJong,Altoona Mountain Citys,6' 0',205 lbs,R,R,68,St. Louis Cardinals,STL,2019,2015+,BBR,84816,Bronze,Baseball Reference 1  SS Paul DeJong  STL  2019,0,N,0,62,84,91,77,79,71,81,78,91,72,60,85,95,72,82,4,10,Normal,Pull,Pull,1,1,1,1,1,1,1,1,1,1,1,1,16,-,-,-,-,-,-,-,-,-,-,-,1,NEU,91-93,3/4,Normal,1,21,-,-,-,76,102,90,98,9,7,6,-,-,-,103,101,90,-,-,-,148,-,-,103,101,90,-,-,-,49,55,66,71,3,3,13,12,2,0,2,0,0,1,0,0,0,0,0,1,0,2,0,0.7,-0.38,0,-1.3,-0.1,3.92,0,0,0.0,0.0,0,0,0,0,0,0,0,0.0,0,0,0,0,0,0,0,0,0,0,0,0,0,0,0,0,0,0,0,0,0,0.00,0,0,0,0,0,0.0,0.0,0.0,0.00,3,3,11,5,6,0,1,0,3.71,-0.0,1.054,0,0,26.2,0,0,6,5,1,1,0,0,3,1,0,0,0.0,0.0
2B,Larry Doby,Larry,Doby,Northville Stallions,6' 1',180 lbs,L,R,98,Newark Eagles,NeEa,1946,1946-1960,,84878,Diamond,Celebrating 42 - Negro League Star  2B Larry Doby  NeEa  1946,0,N,0,129,134,105,87,72,126,113,101,90,66,130,141,107,86,75,18,25,Line Drive,Normal,Normal,1,1,19,4,1,1,19,4,1,1,19,4,16,-,-,-,-,-,-,-,-,-,-,-,1,NEU,90-92,3/4,Normal,1,17,-,-,-,83,55,68,82,50,56,52,-,-,-,87,-,-,-,-,-,125,-,-,87,-,-,-,-,-,62,21,64,49,2,,2,2,1,1,0,0,0,0,0,0,0,0,0,0,0,0,0,0.5,0.08,0,0.2,-0.0,4.00,0,0,0.0,-0.5,0,0,0,0,0,0,0,0.0,0,0,0,0,0,0,0,0,0,0,0,0,0,0,0,0,0,0,0,0,0,0.00,0,0,0,0,0,0.0,0.0,0.0,0.00,0,0,0,0,0,0,0,0,0.00,0.0,.000,0,0,0.0,0,0,0,0,0,0,0,0,0,0,0,0,0.0,0.0
2B,Larry Doby,Larry,Doby,Watertown Sword Guys TBD,6' 1',180 lbs,L,R,98,Newark Eagles,NeEa,1946,1946-1960,,84878,Diamond,Celebrating 42 - Negro League Star  2B Larry Doby  NeEa  1946,0,Y,5,139,144,114,94,79,136,122,109,98,72,140,152,116,93,82,18,25,Line Drive,Normal,Normal,1,1,22,6,1,1,22,6,1,1,22,6,16,-,-,-,-,-,-,-,-,-,-,-,1,NEU,90-92,3/4,Normal,1,17,-,-,-,83,55,68,82,50,56,52,-,-,-,93,-,-,-,-,-,134,-,-,93,-,-,-,-,-,62,21,64,49,6,5,18,16,5,4,1,0,0,0,0,2,0,0,0,0,0,1,0,2.5,0.04,2,0.4,-0.0,3.44,0,0,0.0,0.0,0,0,0,0,0,0,0,0.0,0,0,0,0,0,0,0,0,0,0,0,0,0,0,0,0,0,0,0,0,0,0.00,0,0,0,0,0,0.0,0.0,0.0,0.00,6,5,19,13,4,2,3,0,3.48,-1.2,.863,0,0,44.0,0,0,13,9,1,0,2,1,1,1,0,0,0.0,0.0
2B,Larry Doby,Larry,Doby,Dry Creek Craw Daddies,6' 1',180 lbs,L,R,98,Newark Eagles,NeEa,1946,1946-1960,,84878,Diamond,Celebrating 42 - Negro League Star  2B Larry Doby  NeEa  1946,0,Y,5,139,144,114,94,79,136,122,109,98,72,140,152,116,93,82,18,25,Line Drive,Normal,Normal,1,1,22,6,1,1,22,6,1,1,22,6,16,-,-,-,-,-,-,-,-,-,-,-,1,NEU,90-92,3/4,Normal,1,17,-,-,-,83,55,68,82,50,56,52,-,-,-,93,-,-,-,-,-,134,-,-,93,-,-,-,-,-,62,21,64,49,4,4,16,15,0,0,0,0,0,0,1,0,0,0,0,0,1,8,0,0.0,-0.30,-2,-4.2,-0.4,3.06,0,0,0.0,0.3,0,0,0,0,0,0,0,0.0,0,0,0,0,0,0,0,0,0,0,0,0,0,0,0,0,0,0,0,0,0,0.00,0,0,0,0,0,0.0,0.0,0.0,0.00,4,4,17,12,4,1,3,0,4.00,-0.3,.959,0,0,36.0,0,0,12,11,0,0,1,0,0,0,0,0,0.0,0.0
2B,Larry Doby,Larry,Doby,Lowlyworm's Apple Car,6' 1',180 lbs,L,R,98,Newark Eagles,NeEa,1946,1946-1960,,84878,Diamond,Celebrating 42 - Negro League Star  2B Larry Doby  NeEa  1946,0,Y,5,139,144,114,94,79,136,122,109,98,72,140,152,116,93,82,18,25,Line Drive,Normal,Normal,1,1,22,6,1,1,22,6,1,1,22,6,16,-,-,-,-,-,-,-,-,-,-,-,1,NEU,90-92,3/4,Normal,1,17,-,-,-,83,55,68,82,50,56,52,-,-,-,93,-,-,-,-,-,134,-,-,93,-,-,-,-,-,62,21,64,49,8,5,24,21,4,2,0,0,2,3,2,3,0,0,0,0,0,7,0,3.1,0.05,3,0.3,0.0,4.83,0,0,0.0,0.0,0,0,0,0,0,0,0,0.0,0,0,0,0,0,0,0,0,0,0,0,0,0,0,0,0,0,0,0,0,0,0.00,0,0,0,0,0,0.0,0.0,0.0,0.00,5,5,18,10,7,1,3,0,3.64,-0.9,.844,0,0,42.0,0,0,14,11,0,0,1,1,1,0,0,0,0.0,0.0
2B,Brian Dozier,Brian,Dozier,Gastonia Peaches,5' 11',200 lbs,R,R,88,Minnesota Twins,MIN,2016,2015+,,85529,Gold,Memorial Day OnStream Builds - Snapshot  2B Brian Dozier  MIN  2016,0,Y,5,68,99,140,88,97,75,104,153,94,93,66,98,136,87,99,41,2,Normal,Ex. Pull,Pull,1,1,1,1,1,1,1,1,1,1,1,1,17,-,-,-,-,19,-,-,-,-,-,-,2,EX FB,96-98,3/4,Normal,1,3,-,-,-,89,98,37,93,8,5,2,-,-,-,116,-,-,-,-,-,157,-,-,116,-,-,-,-,-,78,67,103,103,7,7,31,28,2,0,0,0,2,3,4,3,0,0,0,0,0,9,1,1.2,-0.31,0,-3.0,-0.2,3.71,1,0,0.2,0.2,0,0,0,0,0,0,0,0.0,0,0,0,0,0,0,0,0,0,0,0,0,0,0,0,0,0,0,0,0,0,0.00,0,0,0,0,0,0.0,0.0,0.0,0.00,7,7,28,14,13,1,4,0,3.47,-0.4,.868,0,0,70.0,0,0,16,14,2,2,2,2,6,2,1,0,0.0,0.0
2B,Tommy Edman,Tommy,Edman,Chicago Rat Finks - HotL,5' 10',180 lbs,S,R,81,St. Louis Cardinals,STL,2022,2015+,UTIL,86340,Gold,Trade Deadliners - Super Utility  2B Tommy Edman  STL  2022,0,N,0,100,108,68,81,115,100,127,92,66,120,100,102,60,85,113,59,67,Line Drive,Ex. Pull,Normal,1,1,1,4,1,1,1,4,1,1,1,4,17,-,-,-,-,-,-,-,-,-,-,-,1,NEU,93-95,3/4,Normal,1,20,-,-,-,115,122,53,122,87,117,63,-,-,-,150,109,120,-,87,99,164,-,-,150,109,120,-,87,99,97,83,111,114,2,1,6,5,2,1,0,0,1,3,1,1,0,0,0,0,0,1,0,2.6,0.24,2,1.4,0.2,5.00,0,0,0.0,0.0,0,0,0,0,0,0,0,0.0,0,0,0,0,0,0,0,0,0,0,0,0,0,0,0,0,0,0,0,0,0,0.00,0,0,0,0,0,0.0,0.0,0.0,0.00,2,1,4,3,1,0,0,0,2.63,0.2,1.054,0,0,13.2,0,0,3,3,1,1,0,0,0,0,0,0,0.0,0.0
2B,Tommy Edman,Tommy,Edman,Ogden Raptors - HotL,5' 10',180 lbs,S,R,81,St. Louis Cardinals,STL,2022,2015+,UTIL,86340,Gold,Trade Deadliners - Super Utility  2B Tommy Edman  STL  2022,0,N,0,100,108,68,81,115,100,127,92,66,120,100,102,60,85,113,59,67,Line Drive,Ex. Pull,Normal,1,1,1,4,1,1,1,4,1,1,1,4,17,-,-,-,-,-,-,-,-,-,-,-,1,NEU,93-95,3/4,Normal,1,20,-,-,-,115,122,53,122,87,117,63,-,-,-,150,109,120,-,87,99,164,-,-,150,109,120,-,87,99,97,83,111,114,4,1,9,8,2,2,0,0,0,1,0,1,0,0,0,0,0,2,0,0.8,-0.25,0,-0.3,-0.1,3.11,0,0,0.0,0.0,0,0,0,0,0,0,0,0.0,0,0,0,0,0,0,0,0,0,0,0,0,0,0,0,0,0,0,0,0,0,0.00,0,0,0,0,0,0.0,0.0,0.0,0.00,4,1,6,5,1,0,0,0,2.45,-0.8,.899,0,0,22.0,0,0,6,5,1,0,2,1,1,0,1,0,0.0,-0.0
2B,Tommy Edman,Tommy,Edman,Everett Aqua Sox,5' 10',180 lbs,S,R,81,St. Louis Cardinals,STL,2022,2015+,UTIL,86340,Gold,Trade Deadliners - Super Utility  2B Tommy Edman  STL  2022,0,N,0,100,108,68,81,115,100,127,92,66,120,100,102,60,85,113,59,67,Line Drive,Ex. Pull,Normal,1,1,1,4,1,1,1,4,1,1,1,4,17,-,-,-,-,-,-,-,-,-,-,-,1,NEU,93-95,3/4,Normal,1,20,-,-,-,115,122,53,122,87,117,63,-,-,-,150,109,120,-,87,99,164,-,-,150,109,120,-,87,99,97,83,111,114,5,4,19,18,7,6,1,0,0,1,4,1,0,0,0,0,0,2,0,3.7,0.05,3,1.0,0.2,3.95,1,0,0.2,0.0,0,0,0,0,0,0,0,0.0,0,0,0,0,0,0,0,0,0,0,0,0,0,0,0,0,0,0,0,0,0,0.00,0,0,0,0,0,0.0,0.0,0.0,0.00,5,4,17,12,5,0,4,0,4.25,0.3,1.054,0,0,36.0,0,0,7,7,2,2,0,0,0,0,1,0,0.0,0.0
2B,Tommy Edman,Tommy,Edman,Chicago Gamblers - E6,5' 10',180 lbs,S,R,81,St. Louis Cardinals,STL,2022,2015+,UTIL,86340,Gold,Trade Deadliners - Super Utility  2B Tommy Edman  STL  2022,0,N,0,100,108,68,81,115,100,127,92,66,120,100,102,60,85,113,59,67,Line Drive,Ex. Pull,Normal,1,1,1,4,1,1,1,4,1,1,1,4,17,-,-,-,-,-,-,-,-,-,-,-,1,NEU,93-95,3/4,Normal,1,20,-,-,-,115,122,53,122,87,117,63,-,-,-,150,109,120,-,87,99,164,-,-,150,109,120,-,87,99,97,83,111,114,15,8,37,35,6,5,1,0,0,1,3,2,0,0,0,0,0,3,1,1.3,-0.62,0,-3.8,-0.2,3.81,1,1,-0.3,0.5,0,0,0,0,0,0,0,0.0,0,0,0,0,0,0,0,0,0,0,0,0,0,0,0,0,0,0,0,0,0,0.00,0,0,0,0,0,0.0,0.0,0.0,0.00,14,8,32,21,11,0,2,0,3.46,0.6,1.021,0,0,83.1,0,0,25,23,3,3,4,4,3,0,0,0,0.0,0.0
2B,Tommy Edman,Tommy,Edman,Freedom Grabbers - HotL,5' 10',180 lbs,S,R,81,St. Louis Cardinals,STL,2022,2015+,UTIL,86340,Gold,Trade Deadliners - Super Utility  2B Tommy Edman  STL  2022,0,N,0,100,108,68,81,115,100,127,92,66,120,100,102,60,85,113,59,67,Line Drive,Ex. Pull,Normal,1,1,1,4,1,1,1,4,1,1,1,4,17,-,-,-,-,-,-,-,-,-,-,-,1,NEU,93-95,3/4,Normal,1,20,-,-,-,115,122,53,122,87,117,63,-,-,-,150,109,120,-,87,99,164,-,-,150,109,120,-,87,99,97,83,111,114,7,5,23,22,8,7,1,0,0,2,3,0,0,0,0,1,0,5,0,3.5,-0.03,2,0.2,0.3,3.35,1,0,0.2,0.9,0,0,0,0,0,0,0,0.0,0,0,0,0,0,0,0,0,0,0,0,0,0,0,0,0,0,0,0,0,0,0.00,0,0,0,0,0,0.0,0.0,0.0,0.00,7,5,13,8,5,0,0,0,2.44,0.4,1.047,0,0,48.0,0,0,10,10,1,1,1,1,0,0,1,0,0.0,0.0
2B,Tommy Edman,Tommy,Edman,Arcadia Wyverns,5' 10',180 lbs,S,R,81,St. Louis Cardinals,STL,2022,2015+,UTIL,86340,Gold,Trade Deadliners - Super Utility  2B Tommy Edman  STL  2022,0,N,0,100,108,68,81,115,100,127,92,66,120,100,102,60,85,113,59,67,Line Drive,Ex. Pull,Normal,1,1,1,4,1,1,1,4,1,1,1,4,17,-,-,-,-,-,-,-,-,-,-,-,1,NEU,93-95,3/4,Normal,1,20,-,-,-,115,122,53,122,87,117,63,-,-,-,150,109,120,-,87,99,164,-,-,150,109,120,-,87,99,97,83,111,114,1,,2,2,0,0,0,0,0,0,0,0,0,0,0,0,0,0,0,0.0,-0.05,0,-0.5,-0.0,5.50,0,0,0.0,0.0,0,0,0,0,0,0,0,0.0,0,0,0,0,0,0,0,0,0,0,0,0,0,0,0,0,0,0,0,0,0,0.00,0,0,0,0,0,0.0,0.0,0.0,0.00,1,0,0,0,0,0,0,0,0.00,0.0,.000,0,0,3.0,0,0,0,0,0,0,0,0,0,0,0,0,0.0,0.0
2B,Tommy Edman,Tommy,Edman,Shartlesville ShihTzus - HotL,5' 10',180 lbs,S,R,81,St. Louis Cardinals,STL,2022,2015+,UTIL,86340,Gold,Trade Deadliners - Super Utility  2B Tommy Edman  STL  2022,0,N,0,100,108,68,81,115,100,127,92,66,120,100,102,60,85,113,59,67,Line Drive,Ex. Pull,Normal,1,1,1,4,1,1,1,4,1,1,1,4,17,-,-,-,-,-,-,-,-,-,-,-,1,NEU,93-95,3/4,Normal,1,20,-,-,-,115,122,53,122,87,117,63,-,-,-,150,109,120,-,87,99,164,-,-,150,109,120,-,87,99,97,83,111,114,1,1,4,4,0,0,0,0,0,0,0,0,0,0,0,0,0,1,0,0.0,-0.16,0,-1.0,-0.1,2.25,0,0,0.0,0.0,0,0,0,0,0,0,0,0.0,0,0,0,0,0,0,0,0,0,0,0,0,0,0,0,0,0,0,0,0,0,0.00,0,0,0,0,0,0.0,0.0,0.0,0.00,1,1,7,4,3,0,1,0,7.00,0.0,1.054,0,0,9.0,0,0,5,5,0,0,0,0,1,0,0,0,0.0,0.0
2B,Tommy Edman,Tommy,Edman,Texas Briskets,5' 10',180 lbs,S,R,81,St. Louis Cardinals,STL,2022,2015+,UTIL,86340,Gold,Trade Deadliners - Super Utility  2B Tommy Edman  STL  2022,0,N,0,100,108,68,81,115,100,127,92,66,120,100,102,60,85,113,59,67,Line Drive,Ex. Pull,Normal,1,1,1,4,1,1,1,4,1,1,1,4,17,-,-,-,-,-,-,-,-,-,-,-,1,NEU,93-95,3/4,Normal,1,20,-,-,-,115,122,53,122,87,117,63,-,-,-,150,109,120,-,87,99,164,-,-,150,109,120,-,87,99,97,83,111,114,2,,1,0,0,0,0,0,0,0,0,1,0,0,0,0,0,0,0,0.0,0.06,0,0.3,0.0,5.00,0,0,0.0,0.0,0,0,0,0,0,0,0,0.0,0,0,0,0,0,0,0,0,0,0,0,0,0,0,0,0,0,0,0,0,0,0.00,0,0,0,0,0,0.0,0.0,0.0,0.00,2,0,0,0,0,0,0,0,0.00,-0.1,.000,0,0,6.0,0,0,0,0,0,0,1,0,0,0,0,0,0.0,0.0
2B,Tommy Edman,Tommy,Edman,Cibao Aguilas,5' 10',180 lbs,S,R,81,St. Louis Cardinals,STL,2022,2015+,UTIL,86340,Gold,Trade Deadliners - Super Utility  2B Tommy Edman  STL  2022,0,Y,5,108,117,74,88,124,108,137,100,72,130,108,110,66,92,122,59,67,Line Drive,Ex. Pull,Normal,1,1,1,6,1,1,1,6,1,1,1,6,17,-,-,-,-,-,-,-,-,-,-,-,1,NEU,93-95,3/4,Normal,1,20,-,-,-,115,122,53,122,87,117,63,-,-,-,160,117,129,-,94,106,175,-,-,160,117,129,-,94,106,97,83,111,114,4,,2,2,0,0,0,0,0,0,0,0,0,0,0,0,0,1,0,0.0,-0.26,0,-0.5,-0.1,3.50,0,0,0.0,0.0,0,0,0,0,0,0,0,0.0,0,0,0,0,0,0,0,0,0,0,0,0,0,0,0,0,0,0,0,0,0,0.00,0,0,0,0,0,0.0,0.0,0.0,0.00,4,0,2,2,0,0,0,0,3.38,-0.1,1.067,0,0,5.1,0,0,2,2,1,0,0,0,0,0,0,0,0.0,0.0
2B,Tommy Edman,Tommy,Edman,Sydney Whalers,5' 10',180 lbs,S,R,81,St. Louis Cardinals,STL,2022,2015+,UTIL,86340,Gold,Trade Deadliners - Super Utility  2B Tommy Edman  STL  2022,0,N,0,100,108,68,81,115,100,127,92,66,120,100,102,60,85,113,59,67,Line Drive,Ex. Pull,Normal,1,1,1,4,1,1,1,4,1,1,1,4,17,-,-,-,-,-,-,-,-,-,-,-,1,NEU,93-95,3/4,Normal,1,20,-,-,-,115,122,53,122,87,117,63,-,-,-,150,109,120,-,87,99,164,-,-,150,109,120,-,87,99,97,83,111,114,1,,1,1,0,0,0,0,0,0,0,0,0,0,0,0,0,0,0,0.0,0.02,0,-0.3,-0.0,3.00,0,0,0.0,0.0,0,0,0,0,0,0,0,0.0,0,0,0,0,0,0,0,0,0,0,0,0,0,0,0,0,0,0,0,0,0,0.00,0,0,0,0,0,0.0,0.0,0.0,0.00,1,0,0,0,0,0,0,0,0.00,0.0,.000,0,0,2.0,0,0,0,0,0,0,0,0,0,0,0,0,0.0,0.0
2B,Tommy Edman,Tommy,Edman,NoseKerim Astea Kerim,5' 10',180 lbs,S,R,81,St. Louis Cardinals,STL,2022,2015+,UTIL,86340,Gold,Trade Deadliners - Super Utility  2B Tommy Edman  STL  2022,0,Y,5,108,117,74,88,124,108,137,100,72,130,108,110,66,92,122,59,67,Line Drive,Ex. Pull,Normal,1,1,1,6,1,1,1,6,1,1,1,6,17,-,-,-,-,-,-,-,-,-,-,-,1,NEU,93-95,3/4,Normal,1,20,-,-,-,115,122,53,122,87,117,63,-,-,-,160,117,129,-,94,106,175,-,-,160,117,129,-,94,106,97,83,111,114,22,22,90,84,15,10,3,0,2,6,13,6,0,0,0,0,0,20,3,5.4,-0.17,4,-6.3,-0.0,3.91,3,0,0.7,0.3,0,0,0,0,0,0,0,0.0,0,0,0,0,0,0,0,0,0,0,0,0,0,0,0,0,0,0,0,0,0,0.00,0,0,0,0,0,0.0,0.0,0.0,0.00,22,22,88,52,36,0,12,0,3.86,1.6,1.054,0,0,205.1,0,0,60,57,6,5,6,5,4,1,4,1,0.0,0.0
2B,Tommy Edman,Tommy,Edman,Chicago Seals,5' 10',180 lbs,S,R,81,St. Louis Cardinals,STL,2022,2015+,UTIL,86340,Gold,Trade Deadliners - Super Utility  2B Tommy Edman  STL  2022,0,N,0,100,108,68,81,115,100,127,92,66,120,100,102,60,85,113,59,67,Line Drive,Ex. Pull,Normal,1,1,1,4,1,1,1,4,1,1,1,4,17,-,-,-,-,-,-,-,-,-,-,-,1,NEU,93-95,3/4,Normal,1,20,-,-,-,115,122,53,122,87,117,63,-,-,-,150,109,120,-,87,99,164,-,-,150,109,120,-,87,99,97,83,111,114,4,4,16,13,4,3,1,0,0,1,2,1,0,0,1,1,0,1,1,1.7,0.03,1,-0.4,0.0,3.81,1,0,0.2,-0.8,0,0,0,0,0,0,0,0.0,0,0,0,0,0,0,0,0,0,0,0,0,0,0,0,0,0,0,0,0,0,0.00,0,0,0,0,0,0.0,0.0,0.0,0.00,4,4,17,12,5,0,3,0,4.37,0.3,1.054,0,0,35.0,0,0,10,9,3,3,1,1,0,0,1,0,0.0,-0.2
2B,Tommy Edman,Tommy,Edman,Zanesville Greys,5' 10',180 lbs,S,R,81,St. Louis Cardinals,STL,2022,2015+,UTIL,86340,Gold,Trade Deadliners - Super Utility  2B Tommy Edman  STL  2022,0,N,0,100,108,68,81,115,100,127,92,66,120,100,102,60,85,113,59,67,Line Drive,Ex. Pull,Normal,1,1,1,4,1,1,1,4,1,1,1,4,17,-,-,-,-,-,-,-,-,-,-,-,1,NEU,93-95,3/4,Normal,1,20,-,-,-,115,122,53,122,87,117,63,-,-,-,150,109,120,-,87,99,164,-,-,150,109,120,-,87,99,97,83,111,114,2,,1,1,0,0,0,0,0,0,0,0,0,0,0,0,0,0,0,0.0,-0.04,0,-0.3,-0.0,6.00,0,0,0.0,0.0,0,0,0,0,0,0,0,0.0,0,0,0,0,0,0,0,0,0,0,0,0,0,0,0,0,0,0,0,0,0,0.00,0,0,0,0,0,0.0,0.0,0.0,0.00,1,0,1,1,0,0,1,0,4.50,0.0,1.054,0,0,2.0,0,0,1,1,0,0,0,0,0,0,0,0,0.0,0.0
2B,Tommy Edman,Tommy,Edman,Shakedown 1977 Microbus TTC - GH,5' 10',180 lbs,S,R,81,St. Louis Cardinals,STL,2022,2015+,UTIL,86340,Gold,Trade Deadliners - Super Utility  2B Tommy Edman  STL  2022,0,Y,5,108,117,74,88,124,108,137,100,72,130,108,110,66,92,122,59,67,Line Drive,Ex. Pull,Normal,1,1,1,6,1,1,1,6,1,1,1,6,17,-,-,-,-,-,-,-,-,-,-,-,1,NEU,93-95,3/4,Normal,1,20,-,-,-,115,122,53,122,87,117,63,-,-,-,160,117,129,-,94,106,175,-,-,160,117,129,-,94,106,97,83,111,114,13,13,61,54,11,7,1,3,0,3,7,3,0,1,2,1,0,7,0,4.8,-0.43,3,-3.5,-0.0,3.87,1,1,-0.3,0.8,0,0,0,0,0,0,0,0.0,0,0,0,0,0,0,0,0,0,0,0,0,0,0,0,0,0,0,0,0,0,0.00,0,0,0,0,0,0.0,0.0,0.0,0.00,13,13,50,28,21,1,6,0,3.75,0.7,1.019,0,0,117.2,0,0,36,34,4,4,1,1,2,1,1,0,0.0,0.0
2B,Tommy Edman,Tommy,Edman,Houston Swangas,5' 10',180 lbs,S,R,81,St. Louis Cardinals,STL,2022,2015+,UTIL,86340,Gold,Trade Deadliners - Super Utility  2B Tommy Edman  STL  2022,0,N,0,100,108,68,81,115,100,127,92,66,120,100,102,60,85,113,59,67,Line Drive,Ex. Pull,Normal,1,1,1,4,1,1,1,4,1,1,1,4,17,-,-,-,-,-,-,-,-,-,-,-,1,NEU,93-95,3/4,Normal,1,20,-,-,-,115,122,53,122,87,117,63,-,-,-,150,109,120,-,87,99,164,-,-,150,109,120,-,87,99,97,83,111,114,3,,2,1,0,0,0,0,0,0,1,1,0,0,0,0,0,0,0,0.1,0.00,0,0.1,0.0,5.00,0,0,0.0,0.0,0,0,0,0,0,0,0,0.0,0,0,0,0,0,0,0,0,0,0,0,0,0,0,0,0,0,0,0,0,0,0.00,0,0,0,0,0,0.0,0.0,0.0,0.00,3,0,0,0,0,0,0,0,0.00,0.0,.000,0,0,3.1,0,0,0,0,0,0,0,0,0,0,0,0,0.0,0.0
2B,Tim Flannery,Tim,Flannery,Arkham Horrors,5' 11',175 lbs,L,R,63,San Diego Padres,SDP,1985,1980-1992,,83726,Bronze,Snapshot  2B Tim Flannery  SD  1985,0,N,0,83,62,14,104,121,31,65,2,91,112,93,61,19,110,124,44,29,Groundball,Normal,Normal,1,1,4,4,1,1,1,4,1,1,8,4,16,-,-,-,-,-,-,-,-,-,-,-,1,NEU,89-91,OTT,Normal,1,24,-,-,-,65,71,49,73,2,10,6,-,-,-,72,55,51,-,-,-,119,-,-,72,55,51,-,-,-,49,31,26,46,3,3,11,10,2,2,0,0,0,0,0,1,0,0,0,0,0,2,0,0.6,0.04,0,-0.8,-0.0,4.00,0,0,0.0,-0.1,0,0,0,0,0,0,0,0.0,0,0,0,0,0,0,0,0,0,0,0,0,0,0,0,0,0,0,0,0,0,0.00,0,0,0,0,0,0.0,0.0,0.0,0.00,3,3,13,7,6,0,1,0,4.68,0.1,1.054,0,0,25.0,0,0,10,10,1,1,1,0,1,0,1,0,0.0,0.0
2B,Nellie Fox,Nellie,Fox,Chicago Rat Finks - HotL,5' 9',150 lbs,L,R,79,Chicago White Sox,CHW,1959,1946-1960,CS,86624,Silver,Clubhouse - Hardware Heroes  2B Nellie Fox  CWS  1959,0,N,0,107,97,24,114,268,106,69,29,89,288,108,110,23,125,262,55,59,Line Drive,Pull,Pull,1,1,1,5,1,1,1,5,1,1,1,5,16,-,-,-,-,-,-,-,-,-,-,-,1,NEU,89-91,OTT,Normal,1,15,-,-,-,118,115,73,104,6,8,2,-,-,-,145,-,-,-,-,-,164,-,-,145,-,-,-,-,-,61,34,55,84,4,4,16,16,3,2,1,0,0,1,0,0,0,0,0,0,0,2,0,0.8,-0.37,0,-1.7,-0.1,3.50,0,0,0.0,0.0,0,0,0,0,0,0,0,0.0,0,0,0,0,0,0,0,0,0,0,0,0,0,0,0,0,0,0,0,0,0,0.00,0,0,0,0,0,0.0,0.0,0.0,0.00,4,4,16,12,4,0,1,0,4.11,0.3,1.054,0,0,35.0,0,0,11,11,2,1,3,2,0,0,2,0,0.0,0.0
2B,Nellie Fox,Nellie,Fox,Ogden Raptors - HotL,5' 9',150 lbs,L,R,79,Chicago White Sox,CHW,1959,1946-1960,CS,86624,Silver,Clubhouse - Hardware Heroes  2B Nellie Fox  CWS  1959,0,N,0,107,97,24,114,268,106,69,29,89,288,108,110,23,125,262,55,59,Line Drive,Pull,Pull,1,1,1,5,1,1,1,5,1,1,1,5,16,-,-,-,-,-,-,-,-,-,-,-,1,NEU,89-91,OTT,Normal,1,15,-,-,-,118,115,73,104,6,8,2,-,-,-,145,-,-,-,-,-,164,-,-,145,-,-,-,-,-,61,34,55,84,2,,3,3,0,0,0,0,0,0,0,0,0,0,0,0,0,0,0,0.0,-0.18,0,-0.8,-0.1,2.33,0,0,0.0,0.0,0,0,0,0,0,0,0,0.0,0,0,0,0,0,0,0,0,0,0,0,0,0,0,0,0,0,0,0,0,0,0.00,0,0,0,0,0,0.0,0.0,0.0,0.00,2,0,0,0,0,0,0,0,0.00,0.0,.000,0,0,4.0,0,0,0,0,0,0,0,0,0,0,0,0,0.0,0.0
2B,Nellie Fox,Nellie,Fox,Camjaveratyn O-Forge,5' 9',150 lbs,L,R,79,Chicago White Sox,CHW,1959,1946-1960,CS,86624,Silver,Clubhouse - Hardware Heroes  2B Nellie Fox  CWS  1959,0,N,0,107,97,24,114,268,106,69,29,89,288,108,110,23,125,262,55,59,Line Drive,Pull,Pull,1,1,1,5,1,1,1,5,1,1,1,5,16,-,-,-,-,-,-,-,-,-,-,-,1,NEU,89-91,OTT,Normal,1,15,-,-,-,118,115,73,104,6,8,2,-,-,-,145,-,-,-,-,-,164,-,-,145,-,-,-,-,-,61,34,55,84,4,2,8,7,2,2,0,0,0,0,1,1,0,0,0,0,0,3,0,0.8,-0.08,0,-0.0,-0.0,4.38,0,0,0.0,0.0,0,0,0,0,0,0,0,0.0,0,0,0,0,0,0,0,0,0,0,0,0,0,0,0,0,0,0,0,0,0,0.00,0,0,0,0,0,0.0,0.0,0.0,0.00,4,2,6,2,4,0,0,0,2.70,-0.6,.865,0,0,20.0,0,0,5,4,2,2,0,0,2,0,0,0,0.0,-0.2
2B,Nellie Fox,Nellie,Fox,Chicago Beans,5' 9',150 lbs,L,R,79,Chicago White Sox,CHW,1959,1946-1960,CS,86624,Silver,Clubhouse - Hardware Heroes  2B Nellie Fox  CWS  1959,0,N,0,107,97,24,114,268,106,69,29,89,288,108,110,23,125,262,55,59,Line Drive,Pull,Pull,1,1,1,5,1,1,1,5,1,1,1,5,16,-,-,-,-,-,-,-,-,-,-,-,1,NEU,89-91,OTT,Normal,1,15,-,-,-,118,115,73,104,6,8,2,-,-,-,145,-,-,-,-,-,164,-,-,145,-,-,-,-,-,61,34,55,84,5,1,7,5,1,1,0,0,0,0,0,2,0,0,0,0,0,1,0,0.7,0.07,0,0.1,0.0,3.86,0,0,0.0,0.0,0,0,0,0,0,0,0,0.0,0,0,0,0,0,0,0,0,0,0,0,0,0,0,0,0,0,0,0,0,0,0.00,0,0,0,0,0,0.0,0.0,0.0,0.00,4,1,6,4,2,0,1,0,3.60,0.1,1.054,0,0,15.0,0,0,4,4,0,0,0,0,0,0,1,0,0.0,0.0
2B,Nellie Fox,Nellie,Fox,Svendborg Sailors,5' 9',150 lbs,L,R,96,Chicago White Sox,CHW,1957,1946-1960,,83985,Diamond,Historical All-Star  2B Nellie Fox  CWS  1957,0,N,0,94,76,40,83,189,92,71,24,74,193,95,78,45,86,188,72,67,Groundball,Pull,Pull,1,1,1,4,1,1,1,4,1,1,1,4,16,-,-,-,-,-,-,-,-,-,-,-,1,NEU,89-91,OTT,Normal,1,22,-,-,-,108,79,72,107,7,9,10,-,-,-,126,-,-,-,-,-,152,-,-,126,-,-,-,-,-,83,54,49,104,3,3,10,10,2,2,0,0,0,0,1,0,0,0,0,0,0,1,0,0.4,-0.07,0,-1.1,-0.1,3.60,0,0,0.0,0.0,0,0,0,0,0,0,0,0.0,0,0,0,0,0,0,0,0,0,0,0,0,0,0,0,0,0,0,0,0,0,0.00,0,0,0,0,0,0.0,0.0,0.0,0.00,3,3,16,10,4,2,4,0,4.85,-0.5,.863,0,0,26.0,0,0,13,11,0,0,0,0,1,0,1,1,0.0,0.0
2B,Nellie Fox,Nellie,Fox,Zanesville Greys,5' 9',150 lbs,L,R,79,Chicago White Sox,CHW,1959,1946-1960,CS,86624,Silver,Clubhouse - Hardware Heroes  2B Nellie Fox  CWS  1959,0,N,0,107,97,24,114,268,106,69,29,89,288,108,110,23,125,262,55,59,Line Drive,Pull,Pull,1,1,1,5,1,1,1,5,1,1,1,5,16,-,-,-,-,-,-,-,-,-,-,-,1,NEU,89-91,OTT,Normal,1,15,-,-,-,118,115,73,104,6,8,2,-,-,-,145,-,-,-,-,-,164,-,-,145,-,-,-,-,-,61,34,55,84,3,3,11,10,2,2,0,0,0,1,2,0,0,0,0,1,0,2,1,0.2,-0.46,0,-1.4,-0.1,3.09,0,0,0.0,0.0,0,0,0,0,0,0,0,0.0,0,0,0,0,0,0,0,0,0,0,0,0,0,0,0,0,0,0,0,0,0,0.00,0,0,0,0,0,0.0,0.0,0.0,0.00,3,3,7,2,5,0,1,0,2.62,0.1,1.054,0,0,24.0,0,0,5,5,0,0,0,0,0,0,0,0,0.0,0.0
2B,Lonny Frey,Lonny,Frey,Oslo Nordiques,5' 10',160 lbs,L,R,88,Cincinnati Reds,CIN,1940,1921-1945,ME,83971,Gold,Live Collection Reward - Snapshot  2B Lonny Frey  CIN  1940,0,N,0,82,70,63,102,101,85,55,86,136,77,82,74,51,94,113,104,94,Normal,Spray,Spray,1,1,1,2,1,1,1,2,1,1,1,2,16,-,-,-,-,-,-,-,-,-,-,-,1,NEU,90-92,OTT,Normal,1,7,-,-,-,111,102,90,109,10,10,8,-,-,-,137,-,-,-,-,-,160,-,-,137,-,-,-,-,-,83,64,102,89,3,3,15,12,1,1,0,0,0,0,1,2,0,1,0,0,0,2,0,0.6,-0.26,0,-1.4,0.0,4.00,1,0,0.2,0.2,0,0,0,0,0,0,0,0.0,0,0,0,0,0,0,0,0,0,0,0,0,0,0,0,0,0,0,0,0,0,0.00,0,0,0,0,0,0.0,0.0,0.0,0.00,3,3,17,10,7,0,2,0,4.83,0.5,1.054,0,0,31.2,0,0,9,9,2,2,1,1,0,0,0,0,0.0,0.0
2B,Frankie Frisch,Frankie,Frisch,Everett Aqua Sox,5' 11',165 lbs,S,R,94,St. Louis Cardinals,STL,1927,1921-1945,CS,85721,Diamond,Clubhouse - SwitchKnucklers - Snapshot  2B Frankie Frisch  STL  1927,0,N,0,102,93,82,59,208,106,99,71,75,230,101,91,86,48,200,107,101,Normal,Normal,Normal,1,1,1,2,1,1,1,2,1,1,1,2,16,-,-,-,-,-,-,-,-,-,-,-,1,NEU,89-91,3/4,Normal,1,19,-,-,-,120,87,94,104,1,8,6,-,-,-,139,118,-,-,-,-,159,-,-,139,118,-,-,-,-,108,105,108,111,7,7,30,29,8,6,0,2,0,3,4,1,0,0,0,0,0,3,0,4.0,0.06,3,-0.3,0.1,3.67,2,0,0.5,0.1,0,0,0,0,0,0,0,0.0,0,0,0,0,0,0,0,0,0,0,0,0,0,0,0,0,0,0,0,0,0,0.00,0,0,0,0,0,0.0,0.0,0.0,0.00,8,7,25,16,7,2,4,0,3.39,-0.8,.992,0,0,61.0,0,0,18,16,2,1,3,0,0,0,0,0,0.0,0.0
2B,Frankie Frisch,Frankie,Frisch,Toronto Terns PCK,5' 11',165 lbs,S,R,94,St. Louis Cardinals,STL,1927,1921-1945,CS,85721,Diamond,Clubhouse - SwitchKnucklers - Snapshot  2B Frankie Frisch  STL  1927,0,N,0,102,93,82,59,208,106,99,71,75,230,101,91,86,48,200,107,101,Normal,Normal,Normal,1,1,1,2,1,1,1,2,1,1,1,2,16,-,-,-,-,-,-,-,-,-,-,-,1,NEU,89-91,3/4,Normal,1,19,-,-,-,120,87,94,104,1,8,6,-,-,-,139,118,-,-,-,-,159,-,-,139,118,-,-,-,-,108,105,108,111,4,4,17,13,1,1,0,0,0,3,2,3,0,0,0,1,0,2,0,0.4,-0.16,0,-2.0,-0.1,4.24,0,1,-0.5,0.1,0,0,0,0,0,0,0,0.0,0,0,0,0,0,0,0,0,0,0,0,0,0,0,0,0,0,0,0,0,0,0.00,0,0,0,0,0,0.0,0.0,0.0,0.00,4,4,10,9,1,0,0,0,2.65,0.5,1.054,0,0,34.0,0,0,8,8,0,0,1,1,2,1,0,0,0.0,0.0
2B,Frankie Frisch,Frankie,Frisch,Herky Hyenas,5' 11',165 lbs,S,R,94,St. Louis Cardinals,STL,1927,1921-1945,CS,85721,Diamond,Clubhouse - SwitchKnucklers - Snapshot  2B Frankie Frisch  STL  1927,0,N,0,102,93,82,59,208,106,99,71,75,230,101,91,86,48,200,107,101,Normal,Normal,Normal,1,1,1,2,1,1,1,2,1,1,1,2,16,-,-,-,-,-,-,-,-,-,-,-,1,NEU,89-91,3/4,Normal,1,19,-,-,-,120,87,94,104,1,8,6,-,-,-,139,118,-,-,-,-,159,-,-,139,118,-,-,-,-,108,105,108,111,12,12,51,48,18,14,3,1,0,3,5,1,0,0,2,0,0,3,0,10.4,0.28,8,1.9,0.6,3.29,7,0,1.7,-0.1,0,0,0,0,0,0,0,0.0,0,0,0,0,0,0,0,0,0,0,0,0,0,0,0,0,0,0,0,0,0,0.00,0,0,0,0,0,0.0,0.0,0.0,0.00,12,12,49,27,21,1,8,0,3.60,1.1,1.054,0,0,120.0,0,0,26,26,4,3,2,1,5,2,3,1,0.0,0.0
2B,Frankie Frisch,Frankie,Frisch,Orlando Heatstrokes,5' 11',165 lbs,S,R,94,St. Louis Cardinals,STL,1927,1921-1945,CS,85721,Diamond,Clubhouse - SwitchKnucklers - Snapshot  2B Frankie Frisch  STL  1927,0,N,0,102,93,82,59,208,106,99,71,75,230,101,91,86,48,200,107,101,Normal,Normal,Normal,1,1,1,2,1,1,1,2,1,1,1,2,16,-,-,-,-,-,-,-,-,-,-,-,1,NEU,89-91,3/4,Normal,1,19,-,-,-,120,87,94,104,1,8,6,-,-,-,139,118,-,-,-,-,159,-,-,139,118,-,-,-,-,108,105,108,111,5,5,23,22,7,6,1,0,0,3,2,1,0,0,0,0,0,4,0,3.1,0.09,2,-0.0,0.2,3.70,1,0,0.2,0.2,0,0,0,0,0,0,0,0.0,0,0,0,0,0,0,0,0,0,0,0,0,0,0,0,0,0,0,0,0,0,0.00,0,0,0,0,0,0.0,0.0,0.0,0.00,5,5,27,16,10,1,2,0,4.98,0.4,1.054,0,0,47.0,0,0,17,17,3,2,1,1,2,0,1,0,0.0,0.0
2B,Frankie Frisch,Frankie,Frisch,Houston Swangas,5' 11',165 lbs,S,R,94,St. Louis Cardinals,STL,1927,1921-1945,CS,85721,Diamond,Clubhouse - SwitchKnucklers - Snapshot  2B Frankie Frisch  STL  1927,0,N,0,102,93,82,59,208,106,99,71,75,230,101,91,86,48,200,107,101,Normal,Normal,Normal,1,1,1,2,1,1,1,2,1,1,1,2,16,-,-,-,-,-,-,-,-,-,-,-,1,NEU,89-91,3/4,Normal,1,19,-,-,-,120,87,94,104,1,8,6,-,-,-,139,118,-,-,-,-,159,-,-,139,118,-,-,-,-,108,105,108,111,10,10,43,37,12,10,2,0,0,3,3,3,0,0,3,0,0,2,0,5.7,0.55,5,-0.1,0.1,3.23,2,1,-0.0,0.5,0,0,0,0,0,0,0,0.0,0,0,0,0,0,0,0,0,0,0,0,0,0,0,0,0,0,0,0,0,0,0.00,0,0,0,0,0,0.0,0.0,0.0,0.00,10,10,43,22,18,3,7,0,3.75,-1.2,.896,0,0,96.0,0,0,21,18,3,2,4,2,2,0,2,0,0.0,0.0
2B,Solly Hemus,Solly,Hemus,Oysters Incognito,5' 9',175 lbs,L,R,83,St. Louis Cardinals,STL,1952,1946-1960,,86445,Gold,T4 Ep. 7 - Baseball Reference 7  SS Solly Hemus  STL  1952,0,Y,5,97,104,79,152,111,91,60,109,155,96,99,120,68,151,120,47,39,Normal,Normal,Normal,1,1,1,7,1,1,1,7,1,1,1,7,16,-,-,-,-,-,-,-,-,-,-,-,1,NEU,90-92,3/4,Normal,1,3,-,-,-,113,41,104,73,1,4,4,-,-,-,114,103,100,-,-,-,149,-,-,114,103,100,-,-,-,42,39,11,61,4,4,15,13,3,2,1,0,0,5,1,2,0,0,0,0,0,2,1,1.2,0.05,1,-0.3,-0.0,4.07,0,0,0.0,0.1,0,0,0,0,0,0,0,0.0,0,0,0,0,0,0,0,0,0,0,0,0,0,0,0,0,0,0,0,0,0,0.00,0,0,0,0,0,0.0,0.0,0.0,0.00,4,4,9,3,5,1,0,0,2.10,-0.5,.791,0,0,34.1,0,0,7,6,0,0,1,0,0,0,0,0,0.0,0.0
2B,Johnny Hodapp,Johnny,Hodapp,Watertown Sword Guys TBD,6' 0',185 lbs,R,R,97,Cleveland Guardians,CLE,1930,1921-1945,PTCS,86475,Diamond,PTCS 5 - Unsung Heroes  2B Johnny Hodapp  CLE  1930,0,N,0,146,159,80,56,160,170,139,110,64,160,138,166,70,52,160,89,67,Line Drive,Normal,Normal,1,1,1,7,1,1,1,7,1,1,1,7,16,-,-,-,-,-,-,-,-,-,-,-,1,GB,90-92,3/4,GB'er,1,11,-,-,-,101,62,72,110,10,6,2,-,-,-,115,86,-,-,-,-,141,-,-,115,86,-,-,-,-,67,44,44,84,3,2,8,5,3,1,2,0,0,3,2,2,0,1,0,0,0,0,0,4.3,0.68,3,2.5,0.3,3.62,0,0,0.0,0.3,0,0,0,0,0,0,0,0.0,0,0,0,0,0,0,0,0,0,0,0,0,0,0,0,0,0,0,0,0,0,0.00,0,0,0,0,0,0.0,0.0,0.0,0.00,4,2,6,5,1,0,0,0,2.57,-0.0,1.054,0,0,21.0,0,0,5,5,1,0,0,0,0,0,0,0,0.0,0.0
2B,Johnny Hodapp,Johnny,Hodapp,False Hustle,6' 0',185 lbs,R,R,97,Cleveland Guardians,CLE,1930,1921-1945,PTCS,86475,Diamond,PTCS 5 - Unsung Heroes  2B Johnny Hodapp  CLE  1930,0,N,0,146,159,80,56,160,170,139,110,64,160,138,166,70,52,160,89,67,Line Drive,Normal,Normal,1,1,1,7,1,1,1,7,1,1,1,7,16,-,-,-,-,-,-,-,-,-,-,-,1,GB,90-92,3/4,GB'er,1,11,-,-,-,101,62,72,110,10,6,2,-,-,-,115,86,-,-,-,-,141,-,-,115,86,-,-,-,-,67,44,44,84,3,3,14,13,4,1,1,0,2,3,4,1,0,0,0,0,0,3,0,4.0,0.06,3,2.0,0.2,4.50,0,0,0.0,0.2,0,0,0,0,0,0,0,0.0,0,0,0,0,0,0,0,0,0,0,0,0,0,0,0,0,0,0,0,0,0,0.00,0,0,0,0,0,0.0,0.0,0.0,0.00,3,3,16,11,5,0,2,0,5.76,-0.2,1.054,0,0,25.0,0,0,10,8,1,0,2,2,1,0,0,0,0.0,0.0
2B,Johnny Hodapp,Johnny,Hodapp,Globo Gym Purple Cobras - JW,6' 0',185 lbs,R,R,97,Cleveland Guardians,CLE,1930,1921-1945,PTCS,86475,Diamond,PTCS 5 - Unsung Heroes  2B Johnny Hodapp  CLE  1930,0,N,0,146,159,80,56,160,170,139,110,64,160,138,166,70,52,160,89,67,Line Drive,Normal,Normal,1,1,1,7,1,1,1,7,1,1,1,7,16,-,-,-,-,-,-,-,-,-,-,-,1,GB,90-92,3/4,GB'er,1,11,-,-,-,101,62,72,110,10,6,2,-,-,-,115,86,-,-,-,-,141,-,-,115,86,-,-,-,-,67,44,44,84,4,4,20,19,6,3,3,0,0,1,2,1,0,0,0,0,0,4,0,3.2,-0.30,3,0.6,0.1,3.85,0,0,0.0,-0.1,0,0,0,0,0,0,0,0.0,0,0,0,0,0,0,0,0,0,0,0,0,0,0,0,0,0,0,0,0,0,0.00,0,0,0,0,0,0.0,0.0,0.0,0.00,4,4,13,8,4,1,2,0,2.92,-0.3,.937,0,0,37.0,0,0,12,11,1,1,1,0,0,0,0,0,0.0,0.0
2B,Johnny Hodapp,Johnny,Hodapp,Chicago Seals,6' 0',185 lbs,R,R,97,Cleveland Guardians,CLE,1930,1921-1945,PTCS,86475,Diamond,PTCS 5 - Unsung Heroes  2B Johnny Hodapp  CLE  1930,0,N,0,146,159,80,56,160,170,139,110,64,160,138,166,70,52,160,89,67,Line Drive,Normal,Normal,1,1,1,7,1,1,1,7,1,1,1,7,16,-,-,-,-,-,-,-,-,-,-,-,1,GB,90-92,3/4,GB'er,1,11,-,-,-,101,62,72,110,10,6,2,-,-,-,115,86,-,-,-,-,141,-,-,115,86,-,-,-,-,67,44,44,84,4,4,16,16,4,3,0,1,0,0,1,0,0,0,0,0,0,4,1,1.1,-0.14,1,-0.7,-0.0,3.75,0,0,0.0,0.1,0,0,0,0,0,0,0,0.0,0,0,0,0,0,0,0,0,0,0,0,0,0,0,0,0,0,0,0,0,0,0.00,0,0,0,0,0,0.0,0.0,0.0,0.00,0,0,0,0,0,0,0,0,0.00,0.0,.000,0,0,0.0,0,0,0,0,0,0,0,0,0,0,0,0,0.0,0.0
2B,Chuck Knoblauch,Chuck,Knoblauch,Arcadia Wyverns,5' 9',180 lbs,R,R,95,Minnesota Twins,MIN,1996,1993-2004,BBR,85930,Diamond,July Jewels - Baseball Reference 4  2B Chuck Knoblauch  MIN  1996,0,N,0,135,104,57,135,120,160,101,61,133,118,127,105,56,135,121,78,75,Groundball,Spray,Spray,1,1,1,7,1,1,1,7,1,1,1,7,16,-,-,-,-,-,-,-,-,-,-,-,1,GB,89-91,3/4,GB'er,1,13,-,-,-,84,121,58,92,8,3,3,-,-,-,113,-,-,-,-,-,154,-,-,113,-,-,-,-,-,109,96,102,111,4,4,9,9,5,3,2,0,0,1,2,0,0,0,0,0,0,2,0,3.9,0.26,2,1.9,0.3,3.78,0,0,0.0,0.3,0,0,0,0,0,0,0,0.0,0,0,0,0,0,0,0,0,0,0,0,0,0,0,0,0,0,0,0,0,0,0.00,0,0,0,0,0,0.0,0.0,0.0,0.00,4,4,4,3,1,0,0,0,1.57,-0.0,1.054,0,0,23.0,0,0,4,4,0,0,0,0,1,0,1,0,0.0,0.0
2B,Chuck Knoblauch,Chuck,Knoblauch,Cibao Aguilas,5' 9',180 lbs,R,R,95,Minnesota Twins,MIN,1996,1993-2004,BBR,85930,Diamond,July Jewels - Baseball Reference 4  2B Chuck Knoblauch  MIN  1996,0,N,0,135,104,57,135,120,160,101,61,133,118,127,105,56,135,121,78,75,Groundball,Spray,Spray,1,1,1,7,1,1,1,7,1,1,1,7,16,-,-,-,-,-,-,-,-,-,-,-,1,GB,89-91,3/4,GB'er,1,13,-,-,-,84,121,58,92,8,3,3,-,-,-,113,-,-,-,-,-,154,-,-,113,-,-,-,-,-,109,96,102,111,7,7,30,26,8,7,1,0,0,2,5,3,0,1,0,0,0,5,0,4.2,0.02,4,0.7,0.2,3.60,1,0,0.2,-0.4,0,0,0,0,0,0,0,0.0,0,0,0,0,0,0,0,0,0,0,0,0,0,0,0,0,0,0,0,0,0,0.00,0,0,0,0,0,0.0,0.0,0.0,0.00,7,7,22,15,7,0,0,0,3.34,0.4,1.054,0,0,59.1,0,0,18,18,3,2,1,0,2,1,0,0,0.0,0.0
2B,Chuck Knoblauch,Chuck,Knoblauch,Numenor Faithful,5' 9',180 lbs,R,R,95,Minnesota Twins,MIN,1996,1993-2004,BBR,85930,Diamond,July Jewels - Baseball Reference 4  2B Chuck Knoblauch  MIN  1996,0,N,0,135,104,57,135,120,160,101,61,133,118,127,105,56,135,121,78,75,Groundball,Spray,Spray,1,1,1,7,1,1,1,7,1,1,1,7,16,-,-,-,-,-,-,-,-,-,-,-,1,GB,89-91,3/4,GB'er,1,13,-,-,-,84,121,58,92,8,3,3,-,-,-,113,-,-,-,-,-,154,-,-,113,-,-,-,-,-,109,96,102,111,4,4,18,17,4,2,2,0,0,0,3,1,0,0,0,0,0,4,0,1.9,-0.00,1,-0.6,0.1,4.94,1,0,0.2,0.3,0,0,0,0,0,0,0,0.0,0,0,0,0,0,0,0,0,0,0,0,0,0,0,0,0,0,0,0,0,0,0.00,0,0,0,0,0,0.0,0.0,0.0,0.00,4,4,17,9,8,0,1,0,4.50,0.6,1.054,0,0,34.0,0,0,12,12,0,0,0,0,2,1,1,1,0.0,0.0
2B,Chuck Knoblauch,Chuck,Knoblauch,Grand Rapids Warriors,5' 9',180 lbs,R,R,95,Minnesota Twins,MIN,1996,1993-2004,BBR,85930,Diamond,July Jewels - Baseball Reference 4  2B Chuck Knoblauch  MIN  1996,0,N,0,135,104,57,135,120,160,101,61,133,118,127,105,56,135,121,78,75,Groundball,Spray,Spray,1,1,1,7,1,1,1,7,1,1,1,7,16,-,-,-,-,-,-,-,-,-,-,-,1,GB,89-91,3/4,GB'er,1,13,-,-,-,84,121,58,92,8,3,3,-,-,-,113,-,-,-,-,-,154,-,-,113,-,-,-,-,-,109,96,102,111,5,5,22,18,4,2,2,0,0,3,0,2,0,0,1,1,0,4,0,2.1,-0.05,1,-1.1,0.0,3.55,0,0,0.0,0.3,0,0,0,0,0,0,0,0.0,0,0,0,0,0,0,0,0,0,0,0,0,0,0,0,0,0,0,0,0,0,0.00,0,0,0,0,0,0.0,0.0,0.0,0.00,5,5,14,8,6,0,1,0,2.93,0.4,1.054,0,0,43.0,0,0,5,5,4,4,0,0,1,0,0,0,0.0,0.0
2B,Chuck Knoblauch,Chuck,Knoblauch,Genericsville Generics,5' 9',180 lbs,R,R,95,Minnesota Twins,MIN,1996,1993-2004,BBR,85930,Diamond,July Jewels - Baseball Reference 4  2B Chuck Knoblauch  MIN  1996,0,N,0,135,104,57,135,120,160,101,61,133,118,127,105,56,135,121,78,75,Groundball,Spray,Spray,1,1,1,7,1,1,1,7,1,1,1,7,16,-,-,-,-,-,-,-,-,-,-,-,1,GB,89-91,3/4,GB'er,1,13,-,-,-,84,121,58,92,8,3,3,-,-,-,113,-,-,-,-,-,154,-,-,113,-,-,-,-,-,109,96,102,111,7,7,31,26,10,8,2,0,0,1,2,4,0,0,1,0,0,6,0,6.1,0.19,5,2.1,0.3,3.87,0,0,0.0,0.2,0,0,0,0,0,0,0,0.0,0,0,0,0,0,0,0,0,0,0,0,0,0,0,0,0,0,0,0,0,0,0.00,0,0,0,0,0,0.0,0.0,0.0,0.00,7,7,40,26,14,0,7,0,5.74,-0.3,.917,0,0,62.2,0,0,22,21,4,2,2,2,2,0,1,1,0.0,0.0
2B,Nap Lajoie,Nap,Lajoie,Northville Stallions,6' 1',195 lbs,R,R,99,Cleveland Naps,CLE,1907,2026,,83847,Diamond,Snapshot  2B Nap Lajoie  CLE  1907,0,N,0,105,124,64,74,145,134,141,4,101,144,97,119,72,64,145,68,63,Groundball,Normal,Normal,1,1,1,2,1,1,1,2,1,1,1,2,16,-,-,-,-,-,-,-,-,-,-,-,1,NEU,89-91,3/4,Normal,1,15,-,-,-,108,79,83,110,10,6,2,-,-,98,127,103,-,-,-,-,153,-,98,127,103,-,-,-,-,69,70,78,72,3,3,8,8,0,0,0,0,0,0,0,0,0,0,0,0,0,4,0,0.0,-0.26,-1,-2.1,-0.2,3.88,0,0,0.0,0.0,0,0,0,0,0,0,0,0.0,0,0,0,0,0,0,0,0,0,0,0,0,0,0,0,0,0,0,0,0,0,0.00,0,0,0,0,0,0.0,0.0,0.0,0.00,3,3,14,7,5,2,1,0,4.32,-0.4,.844,0,0,25.0,0,0,12,11,0,0,1,0,1,1,0,0,0.0,0.0
2B,Nap Lajoie,Nap,Lajoie,Camjaveratyn O-Forge,6' 1',195 lbs,R,R,50,Cleveland Naps,CLE,1905,2026,,86581,Iron,Young & Old 2 - Snapshot  2B Nap Lajoie  CLE  1905,0,N,0,103,88,57,44,149,51,80,69,56,111,125,91,50,40,162,86,63,Groundball,Normal,Normal,1,1,1,3,1,1,1,3,1,1,1,3,16,-,-,-,-,-,-,-,-,-,-,-,1,NEU,89-91,3/4,Normal,1,13,-,-,-,82,115,39,110,2,2,3,-,-,96,114,-,-,-,-,-,151,-,96,114,-,-,-,-,-,81,70,89,72,2,2,3,3,1,0,1,0,0,0,1,0,0,0,0,0,0,2,0,0.7,-0.02,0,0.2,0.0,3.33,0,0,0.0,0.0,0,0,0,0,0,0,0,0.0,0,0,0,0,0,0,0,0,0,0,0,0,0,0,0,0,0,0,0,0,0,0.00,0,0,0,0,0,0.0,0.0,0.0,0.00,1,1,14,1,13,0,0,0,14.00,0.0,1.059,0,0,9.0,0,0,2,2,0,0,0,0,0,0,0,0,0.0,0.0
2B,Nap Lajoie,Nap,Lajoie,seebal Saeki,6' 1',195 lbs,R,R,99,Cleveland Naps,CLE,1907,2026,,83847,Diamond,Snapshot  2B Nap Lajoie  CLE  1907,0,N,0,105,124,64,74,145,134,141,4,101,144,97,119,72,64,145,68,63,Groundball,Normal,Normal,1,1,1,2,1,1,1,2,1,1,1,2,16,-,-,-,-,-,-,-,-,-,-,-,1,NEU,89-91,3/4,Normal,1,15,-,-,-,108,79,83,110,10,6,2,-,-,98,127,103,-,-,-,-,153,-,98,127,103,-,-,-,-,69,70,78,72,5,5,19,18,3,1,2,0,0,1,0,1,0,0,0,0,0,4,0,1.1,-0.13,0,-1.6,-0.0,2.84,0,0,0.0,0.0,0,0,0,0,0,0,0,0.0,0,0,0,0,0,0,0,0,0,0,0,0,0,0,0,0,0,0,0,0,0,0.00,0,0,0,0,0,0.0,0.0,0.0,0.00,5,5,21,13,8,0,2,0,4.40,0.4,1.054,0,0,43.0,0,0,13,13,2,2,1,1,3,0,0,0,0.0,0.0
2B,Nap Lajoie,Nap,Lajoie,Arcadia Wyverns,6' 1',195 lbs,R,R,99,Cleveland Naps,CLE,1907,2026,,83847,Diamond,Snapshot  2B Nap Lajoie  CLE  1907,0,N,0,105,124,64,74,145,134,141,4,101,144,97,119,72,64,145,68,63,Groundball,Normal,Normal,1,1,1,2,1,1,1,2,1,1,1,2,16,-,-,-,-,-,-,-,-,-,-,-,1,NEU,89-91,3/4,Normal,1,15,-,-,-,108,79,83,110,10,6,2,-,-,98,127,103,-,-,-,-,153,-,98,127,103,-,-,-,-,69,70,78,72,4,4,17,16,2,2,0,0,0,1,1,1,0,0,0,0,0,4,0,0.4,-0.08,0,-2.4,-0.1,3.47,0,0,0.0,0.0,0,0,0,0,0,0,0,0.0,0,0,0,0,0,0,0,0,0,0,0,0,0,0,0,0,0,0,0,0,0,0.00,0,0,0,0,0,0.0,0.0,0.0,0.00,4,4,23,17,6,0,1,0,5.59,0.8,1.062,0,0,37.0,0,0,19,19,2,2,1,1,2,0,0,0,0.0,0.0
2B,Nap Lajoie,Nap,Lajoie,Dubuque Packers,6' 1',195 lbs,R,R,99,Cleveland Naps,CLE,1907,2026,,83847,Diamond,Snapshot  2B Nap Lajoie  CLE  1907,0,N,0,105,124,64,74,145,134,141,4,101,144,97,119,72,64,145,68,63,Groundball,Normal,Normal,1,1,1,2,1,1,1,2,1,1,1,2,16,-,-,-,-,-,-,-,-,-,-,-,1,NEU,89-91,3/4,Normal,1,15,-,-,-,108,79,83,110,10,6,2,-,-,98,127,103,-,-,-,-,153,-,98,127,103,-,-,-,-,69,70,78,72,8,8,31,27,5,4,1,0,0,2,0,2,0,2,0,0,0,4,0,2.0,0.15,1,-1.8,0.0,3.23,0,0,0.0,0.3,0,0,0,0,0,0,0,0.0,0,0,0,0,0,0,0,0,0,0,0,0,0,0,0,0,0,0,0,0,0,0.00,0,0,0,0,0,0.0,0.0,0.0,0.00,8,8,29,22,7,0,5,0,3.68,0.5,1.054,0,0,71.0,0,0,17,17,3,2,3,2,4,1,0,0,0.0,0.0
2B,Nap Lajoie,Nap,Lajoie,Youngstown Ironmen,6' 1',195 lbs,R,R,99,Cleveland Naps,CLE,1907,2026,,83847,Diamond,Snapshot  2B Nap Lajoie  CLE  1907,0,N,0,105,124,64,74,145,134,141,4,101,144,97,119,72,64,145,68,63,Groundball,Normal,Normal,1,1,1,2,1,1,1,2,1,1,1,2,16,-,-,-,-,-,-,-,-,-,-,-,1,NEU,89-91,3/4,Normal,1,15,-,-,-,108,79,83,110,10,6,2,-,-,98,127,103,-,-,-,-,153,-,98,127,103,-,-,-,-,69,70,78,72,7,7,30,28,9,6,3,0,0,3,2,1,0,0,1,0,0,4,0,4.3,0.03,3,0.2,0.1,3.57,0,0,0.0,-0.4,0,0,0,0,0,0,0,0.0,0,0,0,0,0,0,0,0,0,0,0,0,0,0,0,0,0,0,0,0,0,0.00,0,0,0,0,0,0.0,0.0,0.0,0.00,7,7,19,9,10,0,3,0,2.70,0.0,1.054,0,0,63.1,0,0,12,11,1,1,1,0,2,1,1,0,0.0,0.0
2B,Mark Loretta,Mark,Loretta,Looking Glass Loopers TBD,6' 0',175 lbs,R,R,90,San Diego Padres,SDP,2004,1993-2004,LE,86190,Diamond,Limited Edition/45  2B Mark Loretta  SD  2004,0,N,0,126,103,66,81,174,130,67,66,122,188,125,120,66,69,169,67,58,Groundball,Normal,Normal,1,1,1,3,1,1,1,3,1,1,1,3,-,-,-,16,-,17,-,-,-,-,-,-,2,NEU,90-92,3/4,Normal,1,23,-,-,-,79,98,56,115,5,1,8,-,-,89,109,83,84,-,-,-,145,-,89,109,83,84,-,-,-,36,33,46,45,3,3,11,9,2,1,1,0,0,0,2,2,0,0,0,0,0,3,0,1.3,0.04,1,0.0,0.0,4.36,0,0,0.0,-0.1,0,0,0,0,0,0,0,0.0,0,0,0,0,0,0,0,0,0,0,0,0,0,0,0,0,0,0,0,0,0,0.00,0,0,0,0,0,0.0,0.0,0.0,0.00,3,3,9,5,4,0,0,0,3.24,-0.3,.879,0,0,25.0,0,0,6,6,1,1,1,0,1,0,1,0,0.0,0.0
2B,Joe Morgan,Joe,Morgan,New York Jackhammers,5' 7',160 lbs,L,R,97,Houston Astros,HOU,1965,1961-1979,,83771,Diamond,Snapshot  2B Joe Morgan  HOU  1965,0,Y,5,91,84,85,131,119,117,84,48,140,92,84,85,93,127,131,59,46,Normal,Spray,Spray,1,1,1,4,1,1,1,4,1,1,1,4,16,-,-,-,-,-,-,-,-,-,-,-,1,NEU,90-92,OTT,Normal,1,14,-,-,-,74,42,63,79,10,9,5,-,-,-,79,-,-,-,-,-,120,-,-,79,-,-,-,-,-,93,62,75,87,11,11,48,44,11,9,1,0,1,2,4,4,0,0,0,0,0,12,0,5.0,0.13,4,-0.9,0.0,3.81,0,0,0.0,0.2,0,0,0,0,0,0,0,0.0,0,0,0,0,0,0,0,0,0,0,0,0,0,0,0,0,0,0,0,0,0,0.00,0,0,0,0,0,0.0,0.0,0.0,0.00,11,11,38,24,13,1,9,0,3.51,-0.6,.963,0,0,95.0,0,0,27,25,2,1,2,1,1,0,1,0,0.0,0.0
2B,Mike Schmidt,Mike,Schmidt,Chicago Seals,6' 2',205 lbs,R,R,99,Philadelphia Phillies,PHI,1977,1961-1979,,86286,Diamond,All-Star Week - Historical All-Star  3B Mike Schmidt  PHI  1977,0,N,0,72,123,154,158,71,108,86,180,165,68,60,139,145,156,73,43,63,Normal,Normal,Normal,1,1,1,1,1,1,1,1,1,1,1,1,16,-,-,-,-,-,-,-,-,-,-,-,1,NEU,89-91,OTT,Normal,1,12,-,-,-,109,66,117,47,5,7,7,-,-,-,103,109,98,-,-,-,149,-,-,103,109,98,-,-,-,68,63,73,55,6,6,23,23,6,4,0,0,2,5,4,0,0,0,0,0,0,7,1,2.6,0.06,3,0.3,0.2,4.17,0,0,0.0,0.3,0,0,0,0,0,0,0,0.0,0,0,0,0,0,0,0,0,0,0,0,0,0,0,0,0,0,0,0,0,0,0.00,0,0,0,0,0,0.0,0.0,0.0,0.00,6,6,22,16,6,0,0,0,3.74,0.6,1.059,0,0,53.0,0,0,18,17,2,2,2,1,1,0,2,1,0.0,0.0
2B,Mike Schmidt,Mike,Schmidt,Summerglen Seraphs TBD,6' 2',205 lbs,R,R,99,Philadelphia Phillies,PHI,1977,1961-1979,,86286,Diamond,All-Star Week - Historical All-Star  3B Mike Schmidt  PHI  1977,0,N,0,72,123,154,158,71,108,86,180,165,68,60,139,145,156,73,43,63,Normal,Normal,Normal,1,1,1,1,1,1,1,1,1,1,1,1,16,-,-,-,-,-,-,-,-,-,-,-,1,NEU,89-91,OTT,Normal,1,12,-,-,-,109,66,117,47,5,7,7,-,-,-,103,109,98,-,-,-,149,-,-,103,109,98,-,-,-,68,63,73,55,5,5,15,14,4,1,1,0,2,4,2,1,0,0,0,0,0,3,0,3.8,0.21,3,1.8,0.3,5.07,0,0,0.0,0.0,0,0,0,0,0,0,0,0.0,0,0,0,0,0,0,0,0,0,0,0,0,0,0,0,0,0,0,0,0,0,0.00,0,0,0,0,0,0.0,0.0,0.0,0.00,5,5,20,12,8,0,1,0,4.50,1.0,1.142,0,0,40.0,0,0,12,12,3,2,2,2,0,0,2,1,0.0,0.0
2B,Jonathan Schoop,Jonathan,Schoop,Charlotte Hellcats GH,6' 1',225 lbs,R,R,67,Baltimore Orioles,BAL,2017,2015+,LE,86084,Bronze,Limited Edition/67  2B Jonathan Schoop  BAL  2017,0,N,0,120,80,102,64,88,134,101,119,85,71,116,72,98,53,93,3,3,Groundball,Pull,Pull,1,1,1,2,1,1,1,2,1,1,1,2,16,17,17,-,-,-,-,-,-,-,-,-,3,NEU,92-94,OTT,Normal,1,18,-,-,-,102,51,57,103,10,8,9,-,-,-,109,-,82,-,-,-,134,-,-,109,-,82,-,-,-,14,3,16,40,3,1,5,5,2,1,0,0,1,1,2,0,0,0,0,0,0,3,0,2.0,0.13,1,1.1,0.1,4.60,0,0,0.0,0.0,0,0,0,0,0,0,0,0.0,0,0,0,0,0,0,0,0,0,0,0,0,0,0,0,0,0,0,0,0,0,0.00,0,0,0,0,0,0.0,0.0,0.0,0.00,2,1,3,2,0,1,1,0,1.80,-0.4,.703,0,0,10.0,0,0,2,2,1,0,0,0,0,0,0,0,0.0,0.0
2B,Marcus Semien,Marcus,Semien,Brookline Bees,6' 0',195 lbs,R,R,84,Toronto Blue Jays,TOR,2021,2015+,BBR,86744,Gold,September Stars - Baseball Reference 8  2B Marcus Semien  TOR  2021,0,N,0,66,124,153,103,95,55,92,133,100,89,69,137,160,105,98,4,1,Flyball,Ex. Pull,Pull,1,1,1,3,1,1,1,3,1,1,1,3,17,17,17,-,-,-,-,-,-,-,-,-,3,NEU,94-96,3/4,Normal,1,22,-,-,-,109,79,41,97,2,1,5,-,-,-,121,-,90,-,-,-,150,-,-,121,-,90,-,-,-,97,67,119,89,3,3,13,12,5,4,0,0,1,2,1,1,0,0,0,0,0,0,0,3.8,0.15,3,1.8,0.2,3.69,0,0,0.0,-1.1,0,0,0,0,0,0,0,0.0,0,0,0,0,0,0,0,0,0,0,0,0,0,0,0,0,0,0,0,0,0,0.00,0,0,0,0,0,0.0,0.0,0.0,0.00,3,3,15,7,7,1,0,0,4.85,0.5,1.205,0,0,26.0,0,0,13,11,0,0,0,0,0,0,3,2,0.0,0.0
2B,Marcus Semien,Marcus,Semien,Chicago Gamblers - E6,6' 0',195 lbs,R,R,84,Toronto Blue Jays,TOR,2021,2015+,BBR,86744,Gold,September Stars - Baseball Reference 8  2B Marcus Semien  TOR  2021,0,N,0,66,124,153,103,95,55,92,133,100,89,69,137,160,105,98,4,1,Flyball,Ex. Pull,Pull,1,1,1,3,1,1,1,3,1,1,1,3,17,17,17,-,-,-,-,-,-,-,-,-,3,NEU,94-96,3/4,Normal,1,22,-,-,-,109,79,41,97,2,1,5,-,-,-,121,-,90,-,-,-,150,-,-,121,-,90,-,-,-,97,67,119,89,22,21,85,78,18,11,2,0,5,12,10,4,0,1,0,2,0,16,0,9.9,0.25,9,-0.8,0.1,4.07,2,1,-0.0,-0.4,0,0,0,0,0,0,0,0.0,0,0,0,0,0,0,0,0,0,0,0,0,0,0,0,0,0,0,0,0,0,0.00,0,0,0,0,0,0.0,0.0,0.0,0.00,22,21,85,54,28,3,10,0,3.62,-0.6,.965,0,0,203.2,0,0,57,54,10,7,3,0,2,1,3,1,0.0,0.0
2B,Marcus Semien,Marcus,Semien,Shartlesville ShihTzus - HotL,6' 0',195 lbs,R,R,84,Toronto Blue Jays,TOR,2021,2015+,BBR,86744,Gold,September Stars - Baseball Reference 8  2B Marcus Semien  TOR  2021,0,Y,5,72,134,165,111,103,60,100,143,108,97,75,148,172,114,106,4,1,Flyball,Ex. Pull,Pull,1,1,1,5,1,1,1,5,1,1,1,5,17,17,17,-,-,-,-,-,-,-,-,-,3,NEU,94-96,3/4,Normal,1,22,-,-,-,109,79,41,97,2,1,5,-,-,-,129,-,97,-,-,-,160,-,-,129,-,97,-,-,-,97,67,119,89,4,3,18,17,3,2,0,0,1,3,2,1,0,0,0,0,0,4,0,1.5,0.21,1,-1.0,0.0,4.11,1,0,0.2,0.0,0,0,0,0,0,0,0,0.0,0,0,0,0,0,0,0,0,0,0,0,0,0,0,0,0,0,0,0,0,0,0.00,0,0,0,0,0,0.0,0.0,0.0,0.00,4,3,17,12,5,0,1,0,4.64,0.5,1.054,0,0,33.0,0,0,11,11,1,0,2,2,2,1,0,0,0.0,0.0
2B,Marcus Semien,Marcus,Semien,Normal Night Owls - HotL,6' 0',195 lbs,R,R,84,Toronto Blue Jays,TOR,2021,2015+,BBR,86744,Gold,September Stars - Baseball Reference 8  2B Marcus Semien  TOR  2021,0,N,0,66,124,153,103,95,55,92,133,100,89,69,137,160,105,98,4,1,Flyball,Ex. Pull,Pull,1,1,1,3,1,1,1,3,1,1,1,3,17,17,17,-,-,-,-,-,-,-,-,-,3,NEU,94-96,3/4,Normal,1,22,-,-,-,109,79,41,97,2,1,5,-,-,-,121,-,90,-,-,-,150,-,-,121,-,90,-,-,-,97,67,119,89,4,4,19,19,4,4,0,0,0,1,1,0,0,0,0,0,0,5,0,1.0,0.00,0,-2.0,-0.1,3.74,1,0,0.2,0.0,0,0,0,0,0,0,0,0.0,0,0,0,0,0,0,0,0,0,0,0,0,0,0,0,0,0,0,0,0,0,0.00,0,0,0,0,0,0.0,0.0,0.0,0.00,4,4,18,9,8,1,5,0,3.61,-0.3,.879,0,0,42.1,0,0,7,6,0,0,0,0,0,0,0,0,0.0,0.0
2B,Marcus Semien,Marcus,Semien,Great Lakes Man-of-War-HOTL,6' 0',195 lbs,R,R,84,Toronto Blue Jays,TOR,2021,2015+,BBR,86744,Gold,September Stars - Baseball Reference 8  2B Marcus Semien  TOR  2021,0,N,0,66,124,153,103,95,55,92,133,100,89,69,137,160,105,98,4,1,Flyball,Ex. Pull,Pull,1,1,1,3,1,1,1,3,1,1,1,3,17,17,17,-,-,-,-,-,-,-,-,-,3,NEU,94-96,3/4,Normal,1,22,-,-,-,109,79,41,97,2,1,5,-,-,-,121,-,90,-,-,-,150,-,-,121,-,90,-,-,-,97,67,119,89,7,7,26,26,7,6,1,0,0,3,2,0,0,0,0,0,0,6,0,2.2,0.30,1,-1.4,-0.1,3.46,0,0,0.0,0.1,0,0,0,0,0,0,0,0.0,0,0,0,0,0,0,0,0,0,0,0,0,0,0,0,0,0,0,0,0,0,0.00,0,0,0,0,0,0.0,0.0,0.0,0.00,7,7,28,14,11,3,4,0,3.69,-0.9,.828,0,0,61.0,0,0,15,13,0,0,1,1,1,0,3,0,0.0,0.0
2B,Marcus Semien,Marcus,Semien,Kansas City Torrent - JW,6' 0',195 lbs,R,R,84,Toronto Blue Jays,TOR,2021,2015+,BBR,86744,Gold,September Stars - Baseball Reference 8  2B Marcus Semien  TOR  2021,3 511,N,0,66,124,153,103,95,55,92,133,100,89,69,137,160,105,98,4,1,Flyball,Ex. Pull,Pull,1,1,1,3,1,1,1,3,1,1,1,3,17,17,17,-,-,-,-,-,-,-,-,-,3,NEU,94-96,3/4,Normal,1,22,-,-,-,109,79,41,97,2,1,5,-,-,-,121,-,90,-,-,-,150,-,-,121,-,90,-,-,-,97,67,119,89,11,11,45,42,11,4,3,0,4,8,6,3,0,0,0,0,0,12,1,7.9,0.37,8,2.7,0.6,4.38,1,0,0.2,0.3,0,0,0,0,0,0,0,0.0,0,0,0,0,0,0,0,0,0,0,0,0,0,0,0,0,0,0,0,0,0,0.00,0,0,0,0,0,0.0,0.0,0.0,0.00,11,11,46,25,21,0,8,0,4.27,0.9,1.172,0,0,97.0,0,0,24,23,5,4,1,0,1,1,3,0,0.0,0.0
2B,Marcus Semien,Marcus,Semien,Summerglen Seraphs TBD,6' 0',195 lbs,R,R,84,Toronto Blue Jays,TOR,2021,2015+,BBR,86744,Gold,September Stars - Baseball Reference 8  2B Marcus Semien  TOR  2021,0,N,0,66,124,153,103,95,55,92,133,100,89,69,137,160,105,98,4,1,Flyball,Ex. Pull,Pull,1,1,1,3,1,1,1,3,1,1,1,3,17,17,17,-,-,-,-,-,-,-,-,-,3,NEU,94-96,3/4,Normal,1,22,-,-,-,109,79,41,97,2,1,5,-,-,-,121,-,90,-,-,-,150,-,-,121,-,90,-,-,-,97,67,119,89,1,1,4,3,1,1,0,0,0,0,1,1,0,0,0,0,0,0,0,0.6,0.03,0,0.3,0.1,4.25,2,1,-0.0,0.1,0,0,0,0,0,0,0,0.0,0,0,0,0,0,0,0,0,0,0,0,0,0,0,0,0,0,0,0,0,0,0.00,0,0,0,0,0,0.0,0.0,0.0,0.00,1,1,3,0,3,0,0,0,3.38,0.3,1.080,0,0,8.0,0,0,1,1,1,1,1,1,0,0,0,0,0.0,0.0
2B,Marcus Semien,Marcus,Semien,Paso Robles Powerhouse,6' 0',195 lbs,R,R,84,Toronto Blue Jays,TOR,2021,2015+,BBR,86744,Gold,September Stars - Baseball Reference 8  2B Marcus Semien  TOR  2021,0,N,0,66,124,153,103,95,55,92,133,100,89,69,137,160,105,98,4,1,Flyball,Ex. Pull,Pull,1,1,1,3,1,1,1,3,1,1,1,3,17,17,17,-,-,-,-,-,-,-,-,-,3,NEU,94-96,3/4,Normal,1,22,-,-,-,109,79,41,97,2,1,5,-,-,-,121,-,90,-,-,-,150,-,-,121,-,90,-,-,-,97,67,119,89,11,11,44,40,9,4,1,1,3,8,7,2,0,0,0,2,0,8,0,5.9,0.63,5,-0.1,0.3,3.98,2,0,0.5,0.6,0,0,0,0,0,0,0,0.0,0,0,0,0,0,0,0,0,0,0,0,0,0,0,0,0,0,0,0,0,0,0.00,0,0,0,0,0,0.0,0.0,0.0,0.00,11,11,49,33,13,3,4,0,4.27,0.5,.997,0,0,97.0,0,0,36,33,5,5,2,1,1,1,1,1,0.0,0.0
2B,Marcus Semien,Marcus,Semien,AW Bees - GH,6' 0',195 lbs,R,R,84,Toronto Blue Jays,TOR,2021,2015+,BBR,86744,Gold,September Stars - Baseball Reference 8  2B Marcus Semien  TOR  2021,0,Y,5,72,134,165,111,103,60,100,143,108,97,75,148,172,114,106,4,1,Flyball,Ex. Pull,Pull,1,1,1,5,1,1,1,5,1,1,1,5,17,17,17,-,-,-,-,-,-,-,-,-,3,NEU,94-96,3/4,Normal,1,22,-,-,-,109,79,41,97,2,1,5,-,-,-,129,-,97,-,-,-,160,-,-,129,-,97,-,-,-,97,67,119,89,18,18,68,65,12,9,1,0,2,5,4,1,0,1,0,1,0,17,3,3.2,-0.44,2,-5.6,-0.1,3.91,0,0,0.0,0.2,0,0,0,0,0,0,0,0.0,0,0,0,0,0,0,0,0,0,0,0,0,0,0,0,0,0,0,0,0,0,0.00,0,0,0,0,0,0.0,0.0,0.0,0.00,18,18,88,58,30,0,8,0,4.86,2.2,1.054,0,0,163.0,0,0,56,54,10,10,5,2,2,2,6,1,0.0,0.0
2B,Dickie Thon,Dickie,Thon,Ogden Raptors - HotL,5' 11',175 lbs,R,R,88,Houston Astros,HOU,1983,1980-1992,,86238,Gold,Studs & Duds - Historical All-Star  SS Dickie Thon  HOU  1983,0,Y,5,96,105,108,106,113,152,108,82,144,102,82,105,122,98,118,80,86,Normal,Pull,Pull,1,1,1,7,1,1,1,7,1,1,1,7,16,-,-,-,-,-,-,-,-,-,-,-,1,NEU,89-91,3/4,Normal,1,22,-,-,-,118,64,104,113,8,8,9,-,-,-,142,-,123,-,-,-,164,-,-,142,-,123,-,-,-,83,88,91,97,9,9,35,32,6,3,1,1,1,3,5,3,0,0,0,0,0,5,0,2.9,0.12,3,-1.2,0.1,3.71,0,1,-0.5,0.2,0,0,0,0,0,0,0,0.0,0,0,0,0,0,0,0,0,0,0,0,0,0,0,0,0,0,0,0,0,0,0.00,0,0,0,0,0,0.0,0.0,0.0,0.00,11,9,38,29,8,1,3,0,4.22,0.9,1.057,0,0,79.0,0,0,29,27,5,4,4,4,1,0,1,0,0.0,0.0
2B,Dickie Thon,Dickie,Thon,Castroville Mashers - JW,5' 11',175 lbs,R,R,88,Houston Astros,HOU,1983,1980-1992,,86238,Gold,Studs & Duds - Historical All-Star  SS Dickie Thon  HOU  1983,0,N,0,88,97,100,98,104,141,100,75,134,94,75,97,113,90,109,80,86,Normal,Pull,Pull,1,1,1,5,1,1,1,5,1,1,1,5,16,-,-,-,-,-,-,-,-,-,-,-,1,NEU,89-91,3/4,Normal,1,22,-,-,-,118,64,104,113,8,8,9,-,-,-,133,-,115,-,-,-,153,-,-,133,-,115,-,-,-,83,88,91,97,4,4,16,15,1,0,1,0,0,0,0,1,0,0,0,0,0,3,0,0.3,-0.45,0,-2.6,-0.2,3.44,0,0,0.0,0.0,0,0,0,0,0,0,0,0.0,0,0,0,0,0,0,0,0,0,0,0,0,0,0,0,0,0,0,0,0,0,0.00,0,0,0,0,0,0.0,0.0,0.0,0.00,4,4,11,4,6,1,1,0,2.65,-0.5,.844,0,0,34.0,0,0,5,4,2,1,0,0,0,0,1,0,0.0,0.0
2B,Chase Utley,Chase,Utley,Gamehendge Lizards - HotL,6' 1',195 lbs,L,R,89,Philadelphia Phillies,PHI,2006,2005-2014,,85177,Gold,PTWC 17th-32nd - Hardware Heroes  2B Chase Utley  PHI  2006,0,N,0,133,126,104,123,89,164,130,69,144,72,123,124,120,116,94,49,56,Normal,Ex. Pull,Pull,1,1,1,2,1,1,1,2,1,1,1,2,16,-,-,-,-,-,-,-,-,-,-,-,1,NEU,90-92,3/4,Normal,1,2,-,-,-,117,56,73,123,1,10,9,-,-,-,132,-,-,-,-,-,149,-,-,132,-,-,-,-,-,86,51,94,121,4,3,14,13,4,3,1,0,0,2,1,1,0,0,0,0,0,4,0,1.9,-0.07,1,0.2,0.1,3.79,0,0,0.0,0.0,0,0,0,0,0,0,0,0.0,0,0,0,0,0,0,0,0,0,0,0,0,0,0,0,0,0,0,0,0,0,0.00,0,0,0,0,0,0.0,0.0,0.0,0.00,4,3,15,7,8,0,4,0,4.66,-0.1,1.054,0,0,29.0,0,0,7,7,1,1,2,0,1,0,2,0,0.0,0.0
2B,Chase Utley,Chase,Utley,Texas Briskets,6' 1',195 lbs,L,R,89,Philadelphia Phillies,PHI,2006,2005-2014,,85177,Gold,PTWC 17th-32nd - Hardware Heroes  2B Chase Utley  PHI  2006,0,N,0,133,126,104,123,89,164,130,69,144,72,123,124,120,116,94,49,56,Normal,Ex. Pull,Pull,1,1,1,2,1,1,1,2,1,1,1,2,16,-,-,-,-,-,-,-,-,-,-,-,1,NEU,90-92,3/4,Normal,1,2,-,-,-,117,56,73,123,1,10,9,-,-,-,132,-,-,-,-,-,149,-,-,132,-,-,-,-,-,86,51,94,121,4,4,15,13,1,1,0,0,0,0,0,2,0,0,0,0,0,6,0,0.3,-0.17,0,-2.0,-0.1,4.40,0,0,0.0,0.0,0,0,0,0,0,0,0,0.0,0,0,0,0,0,0,0,0,0,0,0,0,0,0,0,0,0,0,0,0,0,0.00,0,0,0,0,0,0.0,0.0,0.0,0.00,4,4,19,11,8,0,3,0,5.03,0.0,1.054,0,0,34.0,0,0,12,11,1,1,0,0,1,0,0,0,0.0,0.0
2B,Chase Utley,Chase,Utley,Providence Friars - HotL,6' 1',195 lbs,L,R,89,Philadelphia Phillies,PHI,2006,2005-2014,,85177,Gold,PTWC 17th-32nd - Hardware Heroes  2B Chase Utley  PHI  2006,0,N,0,133,126,104,123,89,164,130,69,144,72,123,124,120,116,94,49,56,Normal,Ex. Pull,Pull,1,1,1,2,1,1,1,2,1,1,1,2,16,-,-,-,-,-,-,-,-,-,-,-,1,NEU,90-92,3/4,Normal,1,2,-,-,-,117,56,73,123,1,10,9,-,-,-,132,-,-,-,-,-,149,-,-,132,-,-,-,-,-,86,51,94,121,8,8,35,31,5,5,0,0,0,1,5,4,0,0,0,0,0,7,1,1.4,-0.15,1,-3.2,-0.1,4.17,0,0,0.0,0.5,0,0,0,0,0,0,0,0.0,0,0,0,0,0,0,0,0,0,0,0,0,0,0,0,0,0,0,0,0,0,0.00,0,0,0,0,0,0.0,0.0,0.0,0.00,8,8,23,13,10,0,4,0,2.78,0.1,1.054,0,0,74.1,0,0,14,13,1,0,1,1,2,1,2,0,0.0,0.0
2B,Chase Utley,Chase,Utley,Svendborg Sailors,6' 1',195 lbs,L,R,89,Philadelphia Phillies,PHI,2006,2005-2014,,85177,Gold,PTWC 17th-32nd - Hardware Heroes  2B Chase Utley  PHI  2006,0,N,0,133,126,104,123,89,164,130,69,144,72,123,124,120,116,94,49,56,Normal,Ex. Pull,Pull,1,1,1,2,1,1,1,2,1,1,1,2,16,-,-,-,-,-,-,-,-,-,-,-,1,NEU,90-92,3/4,Normal,1,2,-,-,-,117,56,73,123,1,10,9,-,-,-,132,-,-,-,-,-,149,-,-,132,-,-,-,-,-,86,51,94,121,3,3,13,13,3,2,1,0,0,3,1,0,0,0,0,0,0,2,0,0.9,0.24,0,-0.9,-0.1,3.31,0,0,0.0,0.2,0,0,0,0,0,0,0,0.0,0,0,0,0,0,0,0,0,0,0,0,0,0,0,0,0,0,0,0,0,0,0.00,0,0,0,0,0,0.0,0.0,0.0,0.00,0,0,0,0,0,0,0,0,0.00,0.0,.000,0,0,0.0,0,0,0,0,0,0,0,0,0,0,0,0,0.0,0.0
2B,Chase Utley,Chase,Utley,Charlotte Hellcats GH,6' 1',195 lbs,L,R,89,Philadelphia Phillies,PHI,2006,2005-2014,,85177,Gold,PTWC 17th-32nd - Hardware Heroes  2B Chase Utley  PHI  2006,0,N,0,133,126,104,123,89,164,130,69,144,72,123,124,120,116,94,49,56,Normal,Ex. Pull,Pull,1,1,1,2,1,1,1,2,1,1,1,2,16,-,-,-,-,-,-,-,-,-,-,-,1,NEU,90-92,3/4,Normal,1,2,-,-,-,117,56,73,123,1,10,9,-,-,-,132,-,-,-,-,-,149,-,-,132,-,-,-,-,-,86,51,94,121,18,17,93,80,31,26,3,1,1,22,29,9,0,0,0,4,0,15,0,18.9,0.10,17,6.0,1.1,3.96,3,1,0.2,1.1,0,0,0,0,0,0,0,0.0,0,0,0,0,0,0,0,0,0,0,0,0,0,0,0,0,0,0,0,0,0,0.00,0,0,0,0,0,0.0,0.0,0.0,0.00,17,17,57,32,25,0,5,0,3.38,0.7,1.054,0,0,152.0,0,0,41,39,5,4,2,1,2,1,3,0,0.0,0.0
2B,Chase Utley,Chase,Utley,Roaming Rascals BFF,6' 1',195 lbs,L,R,89,Philadelphia Phillies,PHI,2006,2005-2014,,85177,Gold,PTWC 17th-32nd - Hardware Heroes  2B Chase Utley  PHI  2006,0,N,0,133,126,104,123,89,164,130,69,144,72,123,124,120,116,94,49,56,Normal,Ex. Pull,Pull,1,1,1,2,1,1,1,2,1,1,1,2,16,-,-,-,-,-,-,-,-,-,-,-,1,NEU,90-92,3/4,Normal,1,2,-,-,-,117,56,73,123,1,10,9,-,-,-,132,-,-,-,-,-,149,-,-,132,-,-,-,-,-,86,51,94,121,11,9,40,33,8,4,2,0,2,5,6,5,0,1,0,1,0,9,0,6.3,0.42,6,1.4,0.3,4.12,0,0,0.0,0.0,0,0,0,0,0,0,0,0.0,0,0,0,0,0,0,0,0,0,0,0,0,0,0,0,0,0,0,0,0,0,0.00,0,0,0,0,0,0.0,0.0,0.0,0.00,10,9,37,20,15,2,3,0,3.89,-0.1,.954,0,0,81.0,0,0,24,22,2,1,3,3,0,0,0,0,0.0,0.0
3B,Nolan Arenado,Nolan,Arenado,Winnipeg Brew Jays - HotL,6' 2',215 lbs,R,R,84,Colorado Rockies,COL,2015,2015+,CS,86792,Gold,Clubhouse - Baseball Reference 8  3B Nolan Arenado  COL  2015,0,N,0,85,143,155,64,109,82,128,133,91,118,86,148,162,49,107,4,1,Normal,Ex. Pull,Pull,1,1,1,3,1,1,1,3,1,1,1,3,17,17,17,-,-,-,-,-,-,-,-,-,3,NEU,93-95,OTT,Normal,1,15,-,-,-,120,70,122,98,5,10,7,-,-,-,-,125,-,-,-,-,156,-,-,-,125,-,-,-,-,64,41,36,86,7,6,27,24,6,4,0,0,2,5,3,2,0,1,0,0,0,6,1,3.8,0.38,4,1.0,0.2,4.41,0,0,0.0,-0.8,0,0,0,0,0,0,0,0.0,0,0,0,0,0,0,0,0,0,0,0,0,0,0,0,0,0,0,0,0,0,0.00,0,0,0,0,0,0.0,0.0,0.0,0.00,6,6,19,18,1,0,2,0,3.21,0.6,1.062,0,0,53.1,0,0,16,16,2,1,1,1,0,0,1,0,0.0,0.0
3B,Nolan Arenado,Nolan,Arenado,Camjaveratyn O-Forge,6' 2',215 lbs,R,R,84,Colorado Rockies,COL,2015,2015+,CS,86792,Gold,Clubhouse - Baseball Reference 8  3B Nolan Arenado  COL  2015,0,N,0,85,143,155,64,109,82,128,133,91,118,86,148,162,49,107,4,1,Normal,Ex. Pull,Pull,1,1,1,3,1,1,1,3,1,1,1,3,17,17,17,-,-,-,-,-,-,-,-,-,3,NEU,93-95,OTT,Normal,1,15,-,-,-,120,70,122,98,5,10,7,-,-,-,-,125,-,-,-,-,156,-,-,-,125,-,-,-,-,64,41,36,86,7,7,30,30,8,4,2,0,2,2,3,0,0,0,0,0,0,4,2,3.2,-0.37,4,0.5,0.2,3.30,0,0,0.0,0.0,0,0,0,0,0,0,0,0.0,0,0,0,0,0,0,0,0,0,0,0,0,0,0,0,0,0,0,0,0,0,0.00,0,0,0,0,0,0.0,0.0,0.0,0.00,7,7,24,17,6,1,0,0,3.45,0.4,1.009,0,0,60.0,0,0,18,17,4,4,0,0,0,0,0,0,0.0,0.0
3B,Nolan Arenado,Nolan,Arenado,Gamehendge Lizards - HotL,6' 2',215 lbs,R,R,84,Colorado Rockies,COL,2015,2015+,CS,86792,Gold,Clubhouse - Baseball Reference 8  3B Nolan Arenado  COL  2015,0,N,0,85,143,155,64,109,82,128,133,91,118,86,148,162,49,107,4,1,Normal,Ex. Pull,Pull,1,1,1,3,1,1,1,3,1,1,1,3,17,17,17,-,-,-,-,-,-,-,-,-,3,NEU,93-95,OTT,Normal,1,15,-,-,-,120,70,122,98,5,10,7,-,-,-,-,125,-,-,-,-,156,-,-,-,125,-,-,-,-,64,41,36,86,4,4,17,17,2,1,1,0,0,3,0,0,0,0,0,0,0,6,0,0.4,-0.27,0,-2.7,-0.2,4.35,0,0,0.0,0.0,0,0,0,0,0,0,0,0.0,0,0,0,0,0,0,0,0,0,0,0,0,0,0,0,0,0,0,0,0,0,0.00,0,0,0,0,0,0.0,0.0,0.0,0.00,4,4,12,7,4,1,2,0,2.83,-0.4,.965,0,0,35.0,0,0,14,12,0,0,0,0,0,0,0,0,0.0,0.0
3B,Nolan Arenado,Nolan,Arenado,Chicago Gamblers - E6,6' 2',215 lbs,R,R,84,Colorado Rockies,COL,2015,2015+,CS,86792,Gold,Clubhouse - Baseball Reference 8  3B Nolan Arenado  COL  2015,0,N,0,85,143,155,64,109,82,128,133,91,118,86,148,162,49,107,4,1,Normal,Ex. Pull,Pull,1,1,1,3,1,1,1,3,1,1,1,3,17,17,17,-,-,-,-,-,-,-,-,-,3,NEU,93-95,OTT,Normal,1,15,-,-,-,120,70,122,98,5,10,7,-,-,-,-,125,-,-,-,-,156,-,-,-,125,-,-,-,-,64,41,36,86,22,22,101,94,26,18,6,0,2,9,10,5,2,1,0,1,0,26,2,11.8,0.72,10,-1.3,0.3,3.64,0,0,0.0,0.4,0,0,0,0,0,0,0,0.0,0,0,0,0,0,0,0,0,0,0,0,0,0,0,0,0,0,0,0,0,0,0.00,0,0,0,0,0,0.0,0.0,0.0,0.00,22,22,69,55,11,3,6,0,2.75,0.6,1.025,0,0,216.1,0,0,58,54,7,5,5,2,2,2,3,0,0.0,0.0
3B,Nolan Arenado,Nolan,Arenado,Freedom Grabbers - HotL,6' 2',215 lbs,R,R,84,Colorado Rockies,COL,2015,2015+,CS,86792,Gold,Clubhouse - Baseball Reference 8  3B Nolan Arenado  COL  2015,0,N,0,85,143,155,64,109,82,128,133,91,118,86,148,162,49,107,4,1,Normal,Ex. Pull,Pull,1,1,1,3,1,1,1,3,1,1,1,3,17,17,17,-,-,-,-,-,-,-,-,-,3,NEU,93-95,OTT,Normal,1,15,-,-,-,120,70,122,98,5,10,7,-,-,-,-,125,-,-,-,-,156,-,-,-,125,-,-,-,-,64,41,36,86,16,16,61,55,15,13,2,0,0,5,5,4,0,1,0,1,0,12,1,5.9,-0.30,5,-1.4,0.1,4.10,0,0,0.0,0.1,0,0,0,0,0,0,0,0.0,0,0,0,0,0,0,0,0,0,0,0,0,0,0,0,0,0,0,0,0,0,0.00,0,0,0,0,0,0.0,0.0,0.0,0.00,16,16,43,32,9,2,1,0,2.64,0.6,1.032,0,0,140.0,0,0,35,32,3,3,2,2,4,1,2,0,0.0,0.0
3B,Nolan Arenado,Nolan,Arenado,Shartlesville ShihTzus - HotL,6' 2',215 lbs,R,R,84,Colorado Rockies,COL,2015,2015+,CS,86792,Gold,Clubhouse - Baseball Reference 8  3B Nolan Arenado  COL  2015,0,N,0,85,143,155,64,109,82,128,133,91,118,86,148,162,49,107,4,1,Normal,Ex. Pull,Pull,1,1,1,3,1,1,1,3,1,1,1,3,17,17,17,-,-,-,-,-,-,-,-,-,3,NEU,93-95,OTT,Normal,1,15,-,-,-,120,70,122,98,5,10,7,-,-,-,-,125,-,-,-,-,156,-,-,-,125,-,-,-,-,64,41,36,86,4,3,13,13,1,0,0,0,1,2,1,0,0,0,0,0,0,1,1,0.0,-0.30,0,-1.7,-0.2,4.23,0,0,0.0,-0.1,0,0,0,0,0,0,0,0.0,0,0,0,0,0,0,0,0,0,0,0,0,0,0,0,0,0,0,0,0,0,0.00,0,0,0,0,0,0.0,0.0,0.0,0.00,4,3,5,3,1,1,0,0,1.09,-0.4,.796,0,0,33.0,0,0,5,4,0,0,0,0,0,0,0,0,0.0,0.0
3B,Nolan Arenado,Nolan,Arenado,Providence Friars - HotL,6' 2',215 lbs,R,R,84,Colorado Rockies,COL,2015,2015+,CS,86792,Gold,Clubhouse - Baseball Reference 8  3B Nolan Arenado  COL  2015,0,N,0,85,143,155,64,109,82,128,133,91,118,86,148,162,49,107,4,1,Normal,Ex. Pull,Pull,1,1,1,3,1,1,1,3,1,1,1,3,17,17,17,-,-,-,-,-,-,-,-,-,3,NEU,93-95,OTT,Normal,1,15,-,-,-,120,70,122,98,5,10,7,-,-,-,-,125,-,-,-,-,156,-,-,-,125,-,-,-,-,64,41,36,86,12,12,47,45,14,5,5,1,3,10,7,1,0,0,0,1,0,7,2,8.5,0.09,9,3.4,0.7,3.87,0,0,0.0,0.2,0,0,0,0,0,0,0,0.0,0,0,0,0,0,0,0,0,0,0,0,0,0,0,0,0,0,0,0,0,0,0.00,0,0,0,0,0,0.0,0.0,0.0,0.00,12,12,41,33,7,1,3,0,3.26,1.3,1.031,0,0,110.1,0,0,33,32,5,5,3,2,1,1,2,0,0.0,0.0
3B,Nolan Arenado,Nolan,Arenado,Charlotte Hellcats GH,6' 2',215 lbs,R,R,84,Colorado Rockies,COL,2015,2015+,CS,86792,Gold,Clubhouse - Baseball Reference 8  3B Nolan Arenado  COL  2015,0,N,0,85,143,155,64,109,82,128,133,91,118,86,148,162,49,107,4,1,Normal,Ex. Pull,Pull,1,1,1,3,1,1,1,3,1,1,1,3,17,17,17,-,-,-,-,-,-,-,-,-,3,NEU,93-95,OTT,Normal,1,15,-,-,-,120,70,122,98,5,10,7,-,-,-,-,125,-,-,-,-,156,-,-,-,125,-,-,-,-,64,41,36,86,17,17,86,72,23,11,5,2,5,30,22,11,0,0,0,3,0,14,1,19.5,-0.65,18,8.0,1.1,4.10,2,1,-0.1,-0.6,0,0,0,0,0,0,0,0.0,0,0,0,0,0,0,0,0,0,0,0,0,0,0,0,0,0,0,0,0,0,0.00,0,0,0,0,0,0.0,0.0,0.0,0.00,17,17,44,32,10,2,4,0,2.52,0.3,.999,0,0,150.0,0,0,40,38,3,3,2,0,1,1,2,0,0.0,0.0
3B,Nolan Arenado,Nolan,Arenado,Castroville Mashers - JW,6' 2',215 lbs,R,R,84,Colorado Rockies,COL,2015,2015+,CS,86792,Gold,Clubhouse - Baseball Reference 8  3B Nolan Arenado  COL  2015,0,N,0,85,143,155,64,109,82,128,133,91,118,86,148,162,49,107,4,1,Normal,Ex. Pull,Pull,1,1,1,3,1,1,1,3,1,1,1,3,17,17,17,-,-,-,-,-,-,-,-,-,3,NEU,93-95,OTT,Normal,1,15,-,-,-,120,70,122,98,5,10,7,-,-,-,-,125,-,-,-,-,156,-,-,-,125,-,-,-,-,64,41,36,86,4,4,16,15,5,2,1,0,2,5,3,1,0,0,0,0,0,1,1,3.8,0.61,4,2.2,0.2,3.19,0,0,0.0,-0.2,0,0,0,0,0,0,0,0.0,0,0,0,0,0,0,0,0,0,0,0,0,0,0,0,0,0,0,0,0,0,0.00,0,0,0,0,0,0.0,0.0,0.0,0.00,4,4,9,6,2,1,0,0,2.12,-0.2,.929,0,0,34.0,0,0,7,7,1,0,0,0,0,0,0,0,0.0,0.0
3B,Nolan Arenado,Nolan,Arenado,Paso Robles Powerhouse,6' 2',215 lbs,R,R,84,Colorado Rockies,COL,2015,2015+,CS,86792,Gold,Clubhouse - Baseball Reference 8  3B Nolan Arenado  COL  2015,0,N,0,85,143,155,64,109,82,128,133,91,118,86,148,162,49,107,4,1,Normal,Ex. Pull,Pull,1,1,1,3,1,1,1,3,1,1,1,3,17,17,17,-,-,-,-,-,-,-,-,-,3,NEU,93-95,OTT,Normal,1,15,-,-,-,120,70,122,98,5,10,7,-,-,-,-,125,-,-,-,-,156,-,-,-,125,-,-,-,-,64,41,36,86,12,12,47,42,15,9,1,0,5,9,8,2,0,2,0,1,0,7,0,13.2,0.82,11,6.0,0.7,4.04,0,0,0.0,-0.5,0,0,0,0,0,0,0,0.0,0,0,0,0,0,0,0,0,0,0,0,0,0,0,0,0,0,0,0,0,0,0.00,0,0,0,0,0,0.0,0.0,0.0,0.00,12,12,28,21,6,1,1,0,2.29,0.2,1.016,0,0,106.0,0,0,20,18,5,5,2,1,4,1,1,0,0.0,0.0
3B,Nolan Arenado,Nolan,Arenado,AW Bees - GH,6' 2',215 lbs,R,R,84,Colorado Rockies,COL,2015,2015+,CS,86792,Gold,Clubhouse - Baseball Reference 8  3B Nolan Arenado  COL  2015,0,N,0,85,143,155,64,109,82,128,133,91,118,86,148,162,49,107,4,1,Normal,Ex. Pull,Pull,1,1,1,3,1,1,1,3,1,1,1,3,17,17,17,-,-,-,-,-,-,-,-,-,3,NEU,93-95,OTT,Normal,1,15,-,-,-,120,70,122,98,5,10,7,-,-,-,-,125,-,-,-,-,156,-,-,-,125,-,-,-,-,64,41,36,86,18,18,71,67,21,10,4,2,5,10,10,3,0,0,0,1,0,12,0,15.3,0.51,14,5.6,0.9,3.87,0,0,0.0,0.2,0,0,0,0,0,0,0,0.0,0,0,0,0,0,0,0,0,0,0,0,0,0,0,0,0,0,0,0,0,0,0.00,0,0,0,0,0,0.0,0.0,0.0,0.00,18,18,60,49,8,3,2,0,3.23,0.6,1.021,0,0,159.0,0,0,49,46,7,7,4,3,7,0,2,0,0.0,0.0
3B,Home Run Baker,Home Run,Baker,Oslo Nordiques,5' 11',170 lbs,L,R,99,Philadelphia Athletics,OAK,1911,2026,ME,82735,Diamond,Live Collection Reward - Hardware Heroes  3B Home Run Baker  PHA  1911,0,N,0,92,125,108,53,148,98,92,100,62,130,90,138,111,50,154,95,75,Normal,Pull,Pull,1,1,1,2,1,1,1,2,1,1,1,2,16,-,-,-,-,-,-,-,-,-,-,-,1,NEU,89-91,OTT,Normal,1,21,-,-,-,58,68,71,67,2,3,1,-,-,-,-,63,-,-,-,-,116,-,-,-,63,-,-,-,-,71,76,89,64,3,3,13,11,3,2,1,0,0,1,1,1,0,0,0,1,0,1,0,1.5,0.01,1,-0.3,-0.2,3.46,0,0,0.0,0.1,0,0,0,0,0,0,0,0.0,0,0,0,0,0,0,0,0,0,0,0,0,0,0,0,0,0,0,0,0,0,0.00,0,0,0,0,0,0.0,0.0,0.0,0.00,3,3,11,6,2,3,0,0,2.88,-2.1,.590,0,0,25.0,0,0,10,5,1,1,1,1,1,0,0,0,0.0,0.0
3B,Home Run Baker,Home Run,Baker,Dubuque Packers,5' 11',170 lbs,L,R,99,Philadelphia Athletics,OAK,1911,2026,ME,82735,Diamond,Live Collection Reward - Hardware Heroes  3B Home Run Baker  PHA  1911,0,N,0,92,125,108,53,148,98,92,100,62,130,90,138,111,50,154,95,75,Normal,Pull,Pull,1,1,1,2,1,1,1,2,1,1,1,2,16,-,-,-,-,-,-,-,-,-,-,-,1,NEU,89-91,OTT,Normal,1,21,-,-,-,58,68,71,67,2,3,1,-,-,-,-,63,-,-,-,-,116,-,-,-,63,-,-,-,-,71,76,89,64,2,,2,2,1,1,0,0,0,0,1,0,0,0,0,0,0,0,0,0.5,0.00,0,0.2,0.0,1.00,0,0,0.0,0.0,0,0,0,0,0,0,0,0.0,0,0,0,0,0,0,0,0,0,0,0,0,0,0,0,0,0,0,0,0,0,0.00,0,0,0,0,0,0.0,0.0,0.0,0.00,0,0,0,0,0,0,0,0,0.00,0.0,.000,0,0,0.0,0,0,0,0,0,0,0,0,0,0,0,0,0.0,0.0
3B,Home Run Baker,Home Run,Baker,Svendborg Sailors,5' 11',170 lbs,L,R,99,Philadelphia Athletics,OAK,1911,2026,ME,82735,Diamond,Live Collection Reward - Hardware Heroes  3B Home Run Baker  PHA  1911,0,N,0,92,125,108,53,148,98,92,100,62,130,90,138,111,50,154,95,75,Normal,Pull,Pull,1,1,1,2,1,1,1,2,1,1,1,2,16,-,-,-,-,-,-,-,-,-,-,-,1,NEU,89-91,OTT,Normal,1,21,-,-,-,58,68,71,67,2,3,1,-,-,-,-,63,-,-,-,-,116,-,-,-,63,-,-,-,-,71,76,89,64,1,,1,0,0,0,0,0,0,1,0,0,0,0,0,1,0,0,0,0.0,-0.00,0,-0.3,-0.0,1.00,0,0,0.0,0.0,0,0,0,0,0,0,0,0.0,0,0,0,0,0,0,0,0,0,0,0,0,0,0,0,0,0,0,0,0,0,0.00,0,0,0,0,0,0.0,0.0,0.0,0.00,0,0,0,0,0,0,0,0,0.00,0.0,.000,0,0,0.0,0,0,0,0,0,0,0,0,0,0,0,0,0.0,0.0
3B,Home Run Baker,Home Run,Baker,New York Jackhammers,5' 11',170 lbs,L,R,99,Philadelphia Athletics,OAK,1911,2026,ME,82735,Diamond,Live Collection Reward - Hardware Heroes  3B Home Run Baker  PHA  1911,0,N,0,92,125,108,53,148,98,92,100,62,130,90,138,111,50,154,95,75,Normal,Pull,Pull,1,1,1,2,1,1,1,2,1,1,1,2,16,-,-,-,-,-,-,-,-,-,-,-,1,NEU,89-91,OTT,Normal,1,21,-,-,-,58,68,71,67,2,3,1,-,-,-,-,63,-,-,-,-,116,-,-,-,63,-,-,-,-,71,76,89,64,8,7,29,28,15,9,3,1,2,3,7,0,0,0,1,0,0,2,0,13.7,0.64,10,6.7,0.8,4.24,0,0,0.0,0.7,0,0,0,0,0,0,0,0.0,0,0,0,0,0,0,0,0,0,0,0,0,0,0,0,0,0,0,0,0,0,0.00,0,0,0,0,0,0.0,0.0,0.0,0.00,7,7,24,17,6,1,2,0,3.39,-0.6,1.003,0,0,61.0,0,0,21,19,3,1,2,1,1,0,0,0,0.0,0.0
3B,Hank Blalock,Hank,Blalock,Cibao Aguilas,6' 1',200 lbs,L,R,68,Texas Rangers,TEX,2003,1993-2004,,86433,Bronze,T4 Ep. 7 - Baseball Reference 7  3B Hank Blalock  TEX  2003,0,N,0,93,88,97,67,77,44,26,40,43,52,108,101,117,73,84,3,1,Normal,Spray,Spray,1,1,1,2,1,1,1,2,1,1,1,2,16,-,-,-,-,-,-,-,-,-,-,-,1,NEU,91-93,3/4,Normal,1,5,-,-,-,113,88,92,34,3,4,6,-,-,-,108,105,-,-,-,-,155,-,-,108,105,-,-,-,-,26,22,18,30,2,,2,2,0,0,0,0,0,0,0,0,0,0,0,0,0,2,0,0.0,-0.06,0,-0.5,-0.0,4.50,0,0,0.0,0.0,0,0,0,0,0,0,0,0.0,0,0,0,0,0,0,0,0,0,0,0,0,0,0,0,0,0,0,0,0,0,0.00,0,0,0,0,0,0.0,0.0,0.0,0.00,2,0,1,1,0,0,0,0,1.93,0.0,1.062,0,0,4.2,0,0,1,1,0,0,0,0,0,0,0,0,0.0,0.0
3B,Hank Blalock,Hank,Blalock,Wilson Horns,6' 1',200 lbs,L,R,68,Texas Rangers,TEX,2003,1993-2004,,86433,Bronze,T4 Ep. 7 - Baseball Reference 7  3B Hank Blalock  TEX  2003,0,N,0,93,88,97,67,77,44,26,40,43,52,108,101,117,73,84,3,1,Normal,Spray,Spray,1,1,1,2,1,1,1,2,1,1,1,2,16,-,-,-,-,-,-,-,-,-,-,-,1,NEU,91-93,3/4,Normal,1,5,-,-,-,113,88,92,34,3,4,6,-,-,-,108,105,-,-,-,-,155,-,-,108,105,-,-,-,-,26,22,18,30,1,,1,1,0,0,0,0,0,0,0,0,0,0,0,0,0,1,0,0.0,-0.04,0,-0.3,-0.0,6.00,0,0,0.0,0.0,0,0,0,0,0,0,0,0.0,0,0,0,0,0,0,0,0,0,0,0,0,0,0,0,0,0,0,0,0,0,0.00,0,0,0,0,0,0.0,0.0,0.0,0.00,1,0,1,1,0,0,0,0,4.50,0.0,1.062,0,0,2.0,0,0,1,1,0,0,0,0,0,0,0,0,0.0,0.0
3B,Ossie Bluege,Ossie,Bluege,Northville Stallions,5' 11',160 lbs,R,R,89,Washington Senators,MIN,1928,1921-1945,,84170,Gold,Unsung Heroes  3B Ossie Bluege  WS1  1928,0,N,0,84,85,27,108,126,108,119,1,129,160,77,75,33,101,115,89,94,Groundball,Spray,Spray,1,1,1,4,1,1,1,4,1,1,1,4,16,-,-,-,-,-,-,-,-,-,-,-,1,NEU,89-91,OTT,Normal,1,22,-,-,-,112,86,108,63,6,7,6,-,-,-,118,116,108,-,-,-,156,-,-,118,116,108,-,-,-,81,72,78,94,4,4,12,12,1,1,0,0,0,0,1,0,0,0,0,0,0,3,1,0.0,-0.16,0,-2.4,-0.2,4.50,0,0,0.0,0.0,0,0,0,0,0,0,0,0.0,0,0,0,0,0,0,0,0,0,0,0,0,0,0,0,0,0,0,0,0,0,0.00,0,0,0,0,0,0.0,0.0,0.0,0.00,4,4,14,9,4,1,1,0,3.44,-0.0,.972,0,0,34.0,0,0,10,9,1,1,2,1,0,0,0,0,0.0,0.0
3B,Wade Boggs,Wade,Boggs,Shibuya Shredders - GH,6' 2',195 lbs,L,R,74,Boston Red Sox,BOS,1989,1980-1992,HOF,86260,Silver,All-Star Week - Hall of Fame  3B Wade Boggs  BOS  1989,0,Y,5,142,120,25,142,171,132,67,1,116,116,145,143,34,151,190,5,11,Line Drive,Normal,Normal,1,1,1,5,1,1,1,5,1,1,1,5,16,-,-,-,-,-,-,-,-,-,-,17,2,NEU,89-91,OTT,Normal,1,7,-,-,-,104,67,80,57,1,3,6,-,-,-,-,94,-,-,-,-,153,-,-,-,94,-,-,-,-,36,23,44,24,10,9,33,31,8,4,4,0,0,1,3,2,0,0,0,0,0,5,0,3.8,-0.15,3,-0.4,0.1,4.33,0,0,0.0,-0.4,0,0,0,0,0,0,0,0.0,0,0,0,0,0,0,0,0,0,0,0,0,0,0,0,0,0,0,0,0,0,0.00,0,0,0,0,0,0.0,0.0,0.0,0.00,10,9,31,26,5,0,0,0,3.67,0.5,1.062,0,0,76.0,0,0,29,28,3,2,2,1,1,0,3,0,0.0,0.0
3B,Ken Boyer,Ken,Boyer,Three Mile Island Atomic Isotopes,6' 2',200 lbs,R,R,96,St. Louis Cardinals,STL,1961,1961-1979,,85518,Diamond,60s Theme Week - Hardware Heroes  3B Ken Boyer  STL  1961,0,N,0,118,95,102,93,84,140,138,69,116,84,112,85,118,88,85,4,9,Normal,Normal,Normal,1,1,1,8,1,1,1,8,1,1,1,8,16,17,17,16,16,-,-,-,-,-,-,-,5,GB,89-91,3/4,GB'er,1,23,-,-,-,104,46,115,39,1,4,4,-,-,-,-,96,84,-,-,-,136,-,-,-,96,84,-,-,-,74,25,47,117,4,4,16,16,5,5,0,0,0,1,1,0,0,0,0,0,0,2,1,1.2,-0.01,1,-0.5,-0.0,3.69,0,0,0.0,0.4,0,0,0,0,0,0,0,0.0,0,0,0,0,0,0,0,0,0,0,0,0,0,0,0,0,0,0,0,0,0,0.00,0,0,0,0,0,0.0,0.0,0.0,0.00,0,0,0,0,0,0,0,0,0.00,0.0,.000,0,0,0.0,0,0,0,0,0,0,0,0,0,0,0,0,0.0,0.0
3B,Ken Boyer,Ken,Boyer,Junk Wax Heroes,6' 2',200 lbs,R,R,96,St. Louis Cardinals,STL,1961,1961-1979,,85518,Diamond,60s Theme Week - Hardware Heroes  3B Ken Boyer  STL  1961,0,N,0,118,95,102,93,84,140,138,69,116,84,112,85,118,88,85,4,9,Normal,Normal,Normal,1,1,1,8,1,1,1,8,1,1,1,8,16,17,17,16,16,-,-,-,-,-,-,-,5,GB,89-91,3/4,GB'er,1,23,-,-,-,104,46,115,39,1,4,4,-,-,-,-,96,84,-,-,-,136,-,-,-,96,84,-,-,-,74,25,47,117,6,6,27,21,8,7,0,0,1,4,5,5,0,1,0,0,0,5,0,6.5,0.88,6,3.2,0.5,4.33,0,0,0.0,0.3,0,0,0,0,0,0,0,0.0,0,0,0,0,0,0,0,0,0,0,0,0,0,0,0,0,0,0,0,0,0,0.00,0,0,0,0,0,0.0,0.0,0.0,0.00,6,6,11,8,3,0,0,0,1.83,0.3,1.062,0,0,54.0,0,0,10,10,0,0,0,0,1,0,0,0,0.0,0.0
3B,Ken Boyer,Ken,Boyer,Montrose Cobblers,6' 2',200 lbs,R,R,96,St. Louis Cardinals,STL,1961,1961-1979,,85518,Diamond,60s Theme Week - Hardware Heroes  3B Ken Boyer  STL  1961,0,Y,5,127,103,110,101,91,151,149,75,125,91,121,92,127,96,92,4,9,Normal,Normal,Normal,1,1,1,11,1,1,1,11,1,1,1,11,16,17,17,16,16,-,-,-,-,-,-,-,5,GB,89-91,3/4,GB'er,1,23,-,-,-,104,46,115,39,1,4,4,-,-,-,-,103,91,-,-,-,145,-,-,-,103,91,-,-,-,74,25,47,117,9,9,39,37,9,7,0,1,1,4,3,2,0,0,0,0,0,12,0,3.7,-0.03,3,-0.9,0.0,3.82,0,1,-0.5,-0.0,0,0,0,0,0,0,0,0.0,0,0,0,0,0,0,0,0,0,0,0,0,0,0,0,0,0,0,0,0,0,0.00,0,0,0,0,0,0.0,0.0,0.0,0.00,9,9,28,20,7,1,2,0,3.08,0.2,1.062,0,0,79.0,0,0,25,24,3,2,2,0,0,0,2,0,0.0,0.0
3B,Dave Brain,Dave,Brain,Junk Wax Heroes,5' 10',170 lbs,R,R,68,Boston Doves,ATL,1907,2026,BBR,85934,Bronze,July Jewels - Baseball Reference 4  3B Dave Brain  BSN  1907,0,N,0,80,99,121,53,83,74,144,120,57,83,82,89,121,52,83,28,6,Flyball,Normal,Normal,1,1,1,2,1,1,1,2,1,1,1,2,16,-,-,-,-,-,-,-,-,-,-,-,1,NEU,90-92,3/4,Normal,1,2,-,-,-,99,43,104,82,7,10,5,-,-,-,-,92,86,-,-,-,133,-,-,-,92,86,-,-,-,70,81,76,71,1,,1,1,0,0,0,0,0,0,0,0,0,0,0,0,0,0,0,0.0,-0.10,0,-0.3,-0.0,5.00,0,0,0.0,0.0,0,0,0,0,0,0,0,0.0,0,0,0,0,0,0,0,0,0,0,0,0,0,0,0,0,0,0,0,0,0,0.00,0,0,0,0,0,0.0,0.0,0.0,0.00,0,0,0,0,0,0,0,0,0.00,0.0,.000,0,0,0.0,0,0,0,0,0,0,0,0,0,0,0,0,0.0,0.0
3B,Dave Brain,Dave,Brain,Kansas City Torrent - JW,5' 10',170 lbs,R,R,68,Boston Doves,ATL,1907,2026,BBR,85934,Bronze,July Jewels - Baseball Reference 4  3B Dave Brain  BSN  1907,132 813,Y,5,87,107,131,58,90,81,155,130,63,90,89,97,131,57,90,28,6,Flyball,Normal,Normal,1,1,1,4,1,1,1,4,1,1,1,4,16,-,-,-,-,-,-,-,-,-,-,-,1,NEU,90-92,3/4,Normal,1,2,-,-,-,99,43,104,82,7,10,5,-,-,-,-,99,93,-,-,-,142,-,-,-,99,93,-,-,-,70,81,76,71,12,12,43,43,14,7,2,2,3,6,5,0,0,0,0,0,0,9,0,9.4,0.37,8,3.6,0.6,3.63,0,0,0.0,0.4,0,0,0,0,0,0,0,0.0,0,0,0,0,0,0,0,0,0,0,0,0,0,0,0,0,0,0,0,0,0,0.00,0,0,0,0,0,0.0,0.0,0.0,0.00,12,12,40,28,10,2,6,0,3.23,0.0,1.004,0,0,106.0,0,0,29,28,7,5,3,1,3,0,1,0,0.0,0.0
3B,Dave Brain,Dave,Brain,NoseKerim Astea Kerim,5' 10',170 lbs,R,R,68,Boston Doves,ATL,1907,2026,BBR,85934,Bronze,July Jewels - Baseball Reference 4  3B Dave Brain  BSN  1907,0,Y,5,87,107,131,58,90,81,155,130,63,90,89,97,131,57,90,28,6,Flyball,Normal,Normal,1,1,1,4,1,1,1,4,1,1,1,4,16,-,-,-,-,-,-,-,-,-,-,-,1,NEU,90-92,3/4,Normal,1,2,-,-,-,99,43,104,82,7,10,5,-,-,-,-,99,93,-,-,-,142,-,-,-,99,93,-,-,-,70,81,76,71,8,8,29,27,8,7,0,0,1,4,3,1,0,0,0,1,0,9,0,3.7,0.21,3,-0.2,0.1,3.45,0,0,0.0,-0.1,0,0,0,0,0,0,0,0.0,0,0,0,0,0,0,0,0,0,0,0,0,0,0,0,0,0,0,0,0,0,0.00,0,0,0,0,0,0.0,0.0,0.0,0.00,5,5,12,11,1,0,1,0,2.42,0.5,1.168,0,0,44.2,0,0,10,10,1,1,3,0,0,0,3,1,0.0,0.0
3B,Dave Brain,Dave,Brain,Waltham River Otters,5' 10',170 lbs,R,R,68,Boston Doves,ATL,1907,2026,BBR,85934,Bronze,July Jewels - Baseball Reference 4  3B Dave Brain  BSN  1907,0,N,0,80,99,121,53,83,74,144,120,57,83,82,89,121,52,83,28,6,Flyball,Normal,Normal,1,1,1,2,1,1,1,2,1,1,1,2,16,-,-,-,-,-,-,-,-,-,-,-,1,NEU,90-92,3/4,Normal,1,2,-,-,-,99,43,104,82,7,10,5,-,-,-,-,92,86,-,-,-,133,-,-,-,92,86,-,-,-,70,81,76,71,11,10,42,38,5,5,0,0,0,0,2,4,0,0,0,0,0,12,0,1.3,-0.29,0,-5.0,-0.3,3.83,0,0,0.0,0.1,0,0,0,0,0,0,0,0.0,0,0,0,0,0,0,0,0,0,0,0,0,0,0,0,0,0,0,0,0,0,0.00,0,0,0,0,0,0.0,0.0,0.0,0.00,11,10,35,25,9,1,2,0,3.18,0.1,1.023,0,0,96.1,0,0,29,28,4,2,2,1,0,0,3,0,0.0,0.0
3B,Jerry Browne,Jerry,Browne,Arkham Horrors,5' 10',170 lbs,S,R,77,Florida Marlins,FLA,1994,1993-2004,UTIL,83750,Silver,Super Utility  3B Jerry Browne  FLO  1994,0,N,0,84,70,19,115,160,98,69,38,108,154,80,71,10,117,162,51,1,Groundball,Spray,Spray,1,1,1,1,1,1,1,1,1,1,1,1,16,-,-,-,-,-,-,-,-,-,-,-,1,NEU,90-92,OTT,Normal,1,1,-,-,-,61,64,67,40,63,58,50,-,-,-,56,58,-,68,43,59,114,-,-,56,58,-,68,43,59,57,15,85,54,3,2,9,8,1,1,0,0,0,1,0,1,0,0,0,0,0,1,0,0.3,-0.18,0,-1.0,-0.1,3.89,0,0,0.0,0.0,0,0,0,0,0,0,0,0.0,0,0,0,0,0,0,0,0,0,0,0,0,0,0,0,0,0,0,0,0,0,0.00,0,0,0,0,0,0.0,0.0,0.0,0.00,0,0,0,0,0,0,0,0,0.00,0.0,.000,0,0,0.0,0,0,0,0,0,0,0,0,0,0,0,0,0.0,0.0
3B,Bobby Byrne,Bobby,Byrne,Arkham Horrors,6' 0',145 lbs,R,R,69,Pittsburgh Pirates,PIT,1911,2026,,84670,Bronze,Opening Day Heroes - Unsung Heroes  3B Bobby Byrne  PIT  1911,0,N,0,80,86,30,83,129,89,80,18,79,116,77,88,33,85,133,61,49,Normal,Spray,Spray,1,1,1,4,1,1,1,4,1,1,1,4,16,-,-,-,-,-,-,-,-,-,-,-,1,NEU,89-91,OTT,Normal,1,19,-,-,-,77,60,84,62,4,2,3,-,-,-,-,75,-,-,-,-,124,-,-,-,75,-,-,-,-,82,77,86,75,3,3,12,11,2,2,0,0,0,0,1,1,0,0,0,0,0,2,0,0.6,0.18,0,-1.1,-0.0,4.83,0,0,0.0,0.2,0,0,0,0,0,0,0,0.0,0,0,0,0,0,0,0,0,0,0,0,0,0,0,0,0,0,0,0,0,0,0.00,0,0,0,0,0,0.0,0.0,0.0,0.00,3,3,7,5,2,0,1,0,2.52,0.2,1.062,0,0,25.0,0,0,7,7,0,0,0,0,0,0,0,0,0.0,0.0
3B,Matt Carpenter,Matt,Carpenter,Zanesville Greys,6' 4',225 lbs,L,R,74,St. Louis Cardinals,STL,2015,2015+,CS,86771,Silver,Clubhouse - Baseball Reference 8  3B Matt Carpenter  STL  2015,0,N,0,121,146,116,175,66,96,129,105,155,58,131,151,120,182,69,5,1,Normal,Ex. Pull,Pull,1,1,1,1,1,1,1,1,1,1,1,1,17,-,17,-,-,-,-,-,-,-,-,-,2,EX FB,97-99,OTT,Normal,1,13,-,-,-,61,89,67,84,10,3,10,-,-,102,80,74,-,-,-,-,129,-,102,80,74,-,-,-,-,54,21,62,71,2,2,7,7,3,1,1,0,1,1,1,0,0,0,0,0,0,0,1,2.0,0.01,2,1.6,0.2,3.71,0,0,0.0,0.0,0,0,0,0,0,0,0,0.0,0,0,0,0,0,0,0,0,0,0,0,0,0,0,0,0,0,0,0,0,0,0.00,0,0,0,0,0,0.0,0.0,0.0,0.00,2,2,3,3,0,0,1,0,1.50,-0.1,1.062,0,0,18.0,0,0,3,3,0,0,1,0,1,0,0,0,0.0,0.0
3B,Matt Carpenter,Matt,Carpenter,Paso Robles Powerhouse,6' 4',225 lbs,L,R,74,St. Louis Cardinals,STL,2015,2015+,CS,86771,Silver,Clubhouse - Baseball Reference 8  3B Matt Carpenter  STL  2015,0,N,0,121,146,116,175,66,96,129,105,155,58,131,151,120,182,69,5,1,Normal,Ex. Pull,Pull,1,1,1,1,1,1,1,1,1,1,1,1,17,-,17,-,-,-,-,-,-,-,-,-,2,EX FB,97-99,OTT,Normal,1,13,-,-,-,61,89,67,84,10,3,10,-,-,102,80,74,-,-,-,-,129,-,102,80,74,-,-,-,-,54,21,62,71,11,11,44,39,10,6,1,0,3,5,7,5,0,0,0,0,0,8,1,6.8,0.02,7,1.8,0.2,3.77,0,0,0.0,0.1,0,0,0,0,0,0,0,0.0,0,0,0,0,0,0,0,0,0,0,0,0,0,0,0,0,0,0,0,0,0,0.00,0,0,0,0,0,0.0,0.0,0.0,0.00,1,1,14,1,13,0,1,0,15.75,0.3,1.059,0,0,8.0,0,0,4,4,2,2,0,0,0,0,0,0,0.0,0.0
3B,Matt Carpenter,Matt,Carpenter,Gastonia Peaches,6' 4',225 lbs,L,R,74,St. Louis Cardinals,STL,2015,2015+,CS,86771,Silver,Clubhouse - Baseball Reference 8  3B Matt Carpenter  STL  2015,0,N,0,121,146,116,175,66,96,129,105,155,58,131,151,120,182,69,5,1,Normal,Ex. Pull,Pull,1,1,1,1,1,1,1,1,1,1,1,1,17,-,17,-,-,-,-,-,-,-,-,-,2,EX FB,97-99,OTT,Normal,1,13,-,-,-,61,89,67,84,10,3,10,-,-,102,80,74,-,-,-,-,129,-,102,80,74,-,-,-,-,54,21,62,71,7,7,26,22,1,0,0,0,1,2,2,4,0,0,0,0,0,7,0,1.0,-0.36,0,-2.8,-0.2,4.31,0,0,0.0,0.3,0,0,0,0,0,0,0,0.0,0,0,0,0,0,0,0,0,0,0,0,0,0,0,0,0,0,0,0,0,0,0.00,0,0,0,0,0,0.0,0.0,0.0,0.00,9,7,19,12,5,2,2,0,2.47,-0.7,.910,0,0,62.0,0,0,14,12,1,1,0,0,1,0,5,0,0.0,0.0
3B,Joe Cronin,Joe,Cronin,False Hustle,6' 0',180 lbs,R,R,94,Boston Red Sox,BOS,1938,1921-1945,PTMS,86602,Diamond,PTMS 2  SS Joe Cronin  BOS  1938,0,N,0,108,152,102,182,81,70,140,20,238,72,125,156,128,163,84,86,69,Line Drive,Spray,Spray,1,1,1,5,1,1,1,5,1,1,1,5,16,-,-,-,-,-,-,-,-,-,-,-,1,NEU,89-91,OTT,Normal,1,23,-,-,-,109,67,95,110,2,6,1,-,-,-,-,106,107,-,-,-,151,-,-,-,106,107,-,-,-,48,44,62,55,3,3,14,13,3,3,0,0,0,0,0,1,0,0,0,0,0,4,0,0.9,-0.06,0,-0.9,-0.1,4.07,0,0,0.0,-0.5,0,0,0,0,0,0,0,0.0,0,0,0,0,0,0,0,0,0,0,0,0,0,0,0,0,0,0,0,0,0,0.00,0,0,0,0,0,0.0,0.0,0.0,0.00,3,3,8,5,2,1,1,0,2.52,-0.6,.910,0,0,25.0,0,0,8,6,0,0,2,1,0,0,0,0,0.0,0.0
3B,Joe Cronin,Joe,Cronin,Chicago Seals,6' 0',180 lbs,R,R,94,Boston Red Sox,BOS,1938,1921-1945,PTMS,86602,Diamond,PTMS 2  SS Joe Cronin  BOS  1938,0,N,0,108,152,102,182,81,70,140,20,238,72,125,156,128,163,84,86,69,Line Drive,Spray,Spray,1,1,1,5,1,1,1,5,1,1,1,5,16,-,-,-,-,-,-,-,-,-,-,-,1,NEU,89-91,OTT,Normal,1,23,-,-,-,109,67,95,110,2,6,1,-,-,-,-,106,107,-,-,-,151,-,-,-,106,107,-,-,-,48,44,62,55,4,4,16,14,4,3,1,0,0,2,2,2,0,0,0,0,0,4,1,1.7,0.10,2,0.2,0.2,3.38,0,0,0.0,0.3,0,0,0,0,0,0,0,0.0,0,0,0,0,0,0,0,0,0,0,0,0,0,0,0,0,0,0,0,0,0,0.00,0,0,0,0,0,0.0,0.0,0.0,0.00,4,4,15,10,5,0,0,0,3.49,0.6,1.062,0,0,38.2,0,0,12,12,3,3,0,0,0,0,1,0,0.0,0.0
3B,Ray Dandridge,Ray,Dandridge,Svendborg Sailors,5' 5',175 lbs,R,R,88,Newark Eagles,NeEa,1938,1921-1945,,84875,Gold,Celebrating 42 - Negro League Star  3B Ray Dandridge  NeEa  1938,0,N,0,130,104,52,59,115,132,106,55,60,120,129,104,52,59,114,44,50,Groundball,Normal,Normal,1,1,19,4,1,1,19,4,1,1,19,4,16,-,-,-,-,-,-,-,-,-,-,-,1,NEU,90-92,3/4,Normal,1,11,53,53,53,94,79,101,85,6,8,3,-,-,-,108,105,96,-,-,-,148,-,-,108,105,96,-,-,-,66,63,81,64,2,2,5,4,1,1,0,0,0,1,1,0,0,1,0,0,0,1,1,0.3,0.05,0,0.0,-0.1,3.60,0,0,0.0,0.0,0,0,0,0,0,0,0,0.0,0,0,0,0,0,0,0,0,0,0,0,0,0,0,0,0,0,0,0,0,0,0.00,0,0,0,0,0,0.0,0.0,0.0,0.00,2,2,3,1,1,1,0,0,1.06,-1.2,.354,0,0,17.0,0,0,4,2,0,0,0,0,2,0,0,0,0.0,0.0
3B,Ray Dandridge,Ray,Dandridge,Genericsville Generics,5' 5',175 lbs,R,R,88,Newark Eagles,NeEa,1938,1921-1945,,84875,Gold,Celebrating 42 - Negro League Star  3B Ray Dandridge  NeEa  1938,0,Y,5,140,113,57,65,124,142,115,60,66,130,139,113,57,65,123,44,50,Groundball,Normal,Normal,1,1,22,6,1,1,22,6,1,1,22,6,16,-,-,-,-,-,-,-,-,-,-,-,1,NEU,90-92,3/4,Normal,1,11,53,53,53,94,79,101,85,6,8,3,-,-,-,115,112,103,-,-,-,158,-,-,115,112,103,-,-,-,66,63,81,64,7,7,26,26,3,2,1,0,0,1,1,0,0,0,0,0,0,5,1,0.3,-0.45,-1,-4.3,-0.5,3.65,0,0,0.0,-1.0,0,0,0,0,0,0,0,0.0,0,0,0,0,0,0,0,0,0,0,0,0,0,0,0,0,0,0,0,0,0,0.00,0,0,0,0,0,0.0,0.0,0.0,0.00,0,0,0,0,0,0,0,0,0.00,0.0,.000,0,0,0.0,0,0,0,0,0,0,0,0,0,0,0,0,0.0,0.0
3B,Josh Donaldson,Josh,Donaldson,Globo Gym Purple Cobras - JW,6' 1',210 lbs,R,R,72,Oakland Athletics,OAK,2012,2005-2014,BBR,86367,Silver,Trade Deadliners - Baseball Reference 6  3B Josh Donaldson  ATH  2012,0,Y,5,104,99,100,82,93,75,84,132,75,108,117,104,92,84,89,26,10,Normal,Ex. Pull,Pull,1,1,1,1,1,1,1,1,1,1,1,1,17,-,17,-,-,-,-,-,-,-,-,-,2,EX FB,95-97,OTT,Normal,1,25,59,56,69,109,47,102,40,6,4,4,-,62,98,-,98,-,-,-,-,147,62,98,-,98,-,-,-,-,59,41,67,83,3,1,3,3,0,0,0,0,0,0,0,0,0,0,0,0,0,2,0,0.0,-0.12,0,-0.8,-0.1,3.33,0,0,0.0,0.0,0,0,0,0,0,0,0,0.0,0,0,0,0,0,0,0,0,0,0,0,0,0,0,0,0,0,0,0,0,0,0.00,0,0,0,0,0,0.0,0.0,0.0,0.00,3,1,3,2,1,0,0,0,2.70,0.1,1.062,0,0,10.0,0,0,3,3,0,0,0,0,0,0,0,0,0.0,0.0
3B,Tommy Edman,Tommy,Edman,Dry Creek Craw Daddies,5' 10',180 lbs,S,R,81,St. Louis Cardinals,STL,2022,2015+,UTIL,86340,Gold,Trade Deadliners - Super Utility  2B Tommy Edman  STL  2022,0,N,0,100,108,68,81,115,100,127,92,66,120,100,102,60,85,113,59,67,Line Drive,Ex. Pull,Normal,1,1,1,4,1,1,1,4,1,1,1,4,17,-,-,-,-,-,-,-,-,-,-,-,1,NEU,93-95,3/4,Normal,1,20,-,-,-,115,122,53,122,87,117,63,-,-,-,150,109,120,-,87,99,164,-,-,150,109,120,-,87,99,97,83,111,114,3,1,6,5,0,0,0,0,0,0,0,1,0,0,0,0,0,4,0,0.1,-0.27,0,-1.0,-0.1,5.83,1,0,0.2,0.0,0,0,0,0,0,0,0,0.0,0,0,0,0,0,0,0,0,0,0,0,0,0,0,0,0,0,0,0,0,0,0.00,0,0,0,0,0,0.0,0.0,0.0,0.00,4,1,6,4,2,0,1,0,3.60,-0.1,1.054,0,0,15.0,0,0,3,3,0,0,1,0,0,0,1,0,0.0,0.0
3B,Morgan Ensberg,Morgan,Ensberg,Rajasthan Rifles Rifles,6' 2',210 lbs,R,R,95,Houston Astros,HOU,2005,2005-2014,LE,86132,Diamond,Limited Edition/36  3B Morgan Ensberg  HOU  2005,0,N,0,105,72,146,140,73,106,78,141,149,87,105,70,148,137,69,5,3,Normal,Pull,Pull,1,1,1,2,1,1,1,2,1,1,1,2,16,-,-,-,-,-,-,-,-,-,-,-,1,NEU,90-92,3/4,Normal,1,8,-,-,-,106,84,94,56,2,4,8,-,-,-,-,104,-,-,-,-,152,-,-,-,104,-,-,-,-,54,55,50,60,5,5,24,23,3,3,0,0,0,1,2,1,0,0,0,0,0,5,0,0.5,-0.14,0,-3.5,-0.3,4.25,0,0,0.0,0.0,0,0,0,0,0,0,0,0.0,0,0,0,0,0,0,0,0,0,0,0,0,0,0,0,0,0,0,0,0,0,0.00,0,0,0,0,0,0.0,0.0,0.0,0.00,5,5,15,9,4,2,0,0,2.44,-0.7,.885,0,0,48.0,0,0,12,10,3,1,1,1,1,1,1,0,0.0,0.0
3B,Frankie Frisch,Frankie,Frisch,Zanesville Greys,5' 11',165 lbs,S,R,94,St. Louis Cardinals,STL,1927,1921-1945,CS,85721,Diamond,Clubhouse - SwitchKnucklers - Snapshot  2B Frankie Frisch  STL  1927,0,N,0,102,93,82,59,208,106,99,71,75,230,101,91,86,48,200,107,101,Normal,Normal,Normal,1,1,1,2,1,1,1,2,1,1,1,2,16,-,-,-,-,-,-,-,-,-,-,-,1,NEU,89-91,3/4,Normal,1,19,-,-,-,120,87,94,104,1,8,6,-,-,-,139,118,-,-,-,-,159,-,-,139,118,-,-,-,-,108,105,108,111,2,1,4,4,0,0,0,0,0,0,0,0,0,0,0,0,0,0,0,0.0,-0.12,0,-1.0,-0.2,3.75,0,0,0.0,0.0,0,0,0,0,0,0,0,0.0,0,0,0,0,0,0,0,0,0,0,0,0,0,0,0,0,0,0,0,0,0,0.00,0,0,0,0,0,0.0,0.0,0.0,0.00,1,1,2,1,0,1,0,0,1.12,-0.6,.531,0,0,8.0,0,0,2,1,0,0,1,0,0,0,0,0,0.0,0.0
3B,Sid Gordon,Sid,Gordon,seebal Saeki,5' 10',185 lbs,R,R,89,New York Giants,SFG,1949,1946-1960,BBR,85304,Gold,Baseball Reference 2  3B Sid Gordon  NY1  1949,0,Y,1,52,81,117,168,105,61,86,131,151,113,50,79,113,173,102,8,3,Normal,Normal,Normal,1,1,1,4,1,1,1,4,1,1,1,4,16,17,17,-,-,-,-,-,-,-,-,-,3,NEU,90-92,OTT,Normal,1,12,-,-,-,48,78,64,34,56,81,64,-,-,69,-,56,-,69,-,63,114,-,69,-,56,-,69,-,63,17,13,9,63,4,1,6,4,2,2,0,0,0,0,1,2,0,0,0,0,0,0,0,1.7,0.09,1,1.0,0.1,3.50,0,0,0.0,0.3,0,0,0,0,0,0,0,0.0,0,0,0,0,0,0,0,0,0,0,0,0,0,0,0,0,0,0,0,0,0,0.00,0,0,0,0,0,0.0,0.0,0.0,0.00,3,0,4,2,2,0,0,0,7.20,0.1,1.062,0,0,5.0,0,0,2,2,0,0,0,0,0,0,0,0,0.0,0.0
3B,Sid Gordon,Sid,Gordon,Summerglen Seraphs TBD,5' 10',185 lbs,R,R,89,New York Giants,SFG,1949,1946-1960,BBR,85304,Gold,Baseball Reference 2  3B Sid Gordon  NY1  1949,0,Y,5,55,86,124,177,111,65,91,138,159,120,53,84,120,183,108,8,3,Normal,Normal,Normal,1,1,1,5,1,1,1,5,1,1,1,5,16,17,17,-,-,-,-,-,-,-,-,-,3,NEU,90-92,OTT,Normal,1,12,-,-,-,48,78,64,34,56,81,64,-,-,72,-,59,-,73,-,67,120,-,72,-,59,-,73,-,67,17,13,9,63,1,1,3,3,0,0,0,0,0,0,0,0,0,0,0,0,0,0,0,0.0,-0.01,0,-0.8,-0.1,2.33,0,0,0.0,0.0,0,0,0,0,0,0,0,0.0,0,0,0,0,0,0,0,0,0,0,0,0,0,0,0,0,0,0,0,0,0,0.00,0,0,0,0,0,0.0,0.0,0.0,0.00,1,1,4,1,2,1,0,0,3.38,-0.3,.708,0,0,8.0,0,0,3,2,0,0,1,1,0,0,0,0,0.0,0.0
3B,Sid Gordon,Sid,Gordon,Orlando Heatstrokes,5' 10',185 lbs,R,R,89,New York Giants,SFG,1949,1946-1960,BBR,85304,Gold,Baseball Reference 2  3B Sid Gordon  NY1  1949,0,Y,5,55,86,124,177,111,65,91,138,159,120,53,84,120,183,108,8,3,Normal,Normal,Normal,1,1,1,5,1,1,1,5,1,1,1,5,16,17,17,-,-,-,-,-,-,-,-,-,3,NEU,90-92,OTT,Normal,1,12,-,-,-,48,78,64,34,56,81,64,-,-,72,-,59,-,73,-,67,120,-,72,-,59,-,73,-,67,17,13,9,63,3,1,5,2,0,0,0,0,0,0,1,3,0,0,0,0,0,1,0,0.5,0.06,1,0.4,0.1,5.20,0,0,0.0,0.2,0,0,0,0,0,0,0,0.0,0,0,0,0,0,0,0,0,0,0,0,0,0,0,0,0,0,0,0,0,0,0.00,0,0,0,0,0,0.0,0.0,0.0,0.00,2,1,1,1,0,0,0,0,0.90,0.0,1.062,0,0,10.0,0,0,1,1,0,0,0,0,0,0,0,0,0.0,0.0
3B,Bob Horner,Bob,Horner,Herky Hyenas,6' 1',210 lbs,R,R,84,Atlanta Braves,ATL,1983,1980-1992,,85667,Gold,In Memoriam - Snapshot  3B Bob Horner  ATL  1983,0,Y,5,101,94,143,109,79,132,144,170,67,60,93,82,135,130,84,14,4,Flyball,Normal,Normal,1,1,1,1,1,1,1,1,1,1,1,1,16,-,-,-,-,-,-,-,-,-,-,-,1,NEU,90-92,3/4,Normal,1,25,-,-,-,40,100,57,39,6,4,5,-,-,83,-,62,-,-,-,-,126,-,83,-,62,-,-,-,-,35,34,67,70,8,3,19,19,3,2,1,0,0,1,1,0,0,0,0,0,0,2,2,0.2,-0.53,0,-2.5,-0.2,3.47,0,0,0.0,-0.0,0,0,0,0,0,0,0,0.0,0,0,0,0,0,0,0,0,0,0,0,0,0,0,0,0,0,0,0,0,0,0.00,0,0,0,0,0,0.0,0.0,0.0,0.00,8,3,43,5,37,1,3,0,9.61,-0.2,.954,0,0,39.1,0,0,11,10,0,0,0,0,0,0,0,0,0.0,0.0
3B,Travis Jackson,Travis,Jackson,seebal Saeki,6' 0',160 lbs,R,R,99,New York Giants,SFG,1929,1921-1945,,83840,Diamond,Snapshot  SS Travis Jackson  NY1  1929,0,N,0,76,73,101,94,69,82,77,109,104,74,75,72,99,92,68,67,52,Normal,Pull,Pull,1,1,1,1,1,1,1,1,1,1,1,1,16,-,-,-,-,-,-,-,-,-,-,-,1,NEU,89-91,3/4,Normal,1,10,-,-,-,109,92,106,105,7,9,6,-,-,-,-,122,118,-,-,-,158,-,-,-,122,118,-,-,-,70,41,57,74,5,5,14,13,4,4,0,0,0,0,2,1,0,0,0,0,0,3,0,1.5,-0.06,1,-0.1,0.1,4.21,0,0,0.0,0.4,0,0,0,0,0,0,0,0.0,0,0,0,0,0,0,0,0,0,0,0,0,0,0,0,0,0,0,0,0,0,0.00,0,0,0,0,0,0.0,0.0,0.0,0.00,5,5,14,10,4,0,1,0,3.15,0.2,1.062,0,0,40.0,0,0,12,11,1,1,1,1,2,0,1,0,0.0,0.0
3B,Travis Jackson,Travis,Jackson,Three Mile Island Atomic Isotopes,6' 0',160 lbs,R,R,99,New York Giants,SFG,1929,1921-1945,,83840,Diamond,Snapshot  SS Travis Jackson  NY1  1929,0,N,0,76,73,101,94,69,82,77,109,104,74,75,72,99,92,68,67,52,Normal,Pull,Pull,1,1,1,1,1,1,1,1,1,1,1,1,16,-,-,-,-,-,-,-,-,-,-,-,1,NEU,89-91,3/4,Normal,1,10,-,-,-,109,92,106,105,7,9,6,-,-,-,-,122,118,-,-,-,158,-,-,-,122,118,-,-,-,70,41,57,74,4,4,15,13,3,2,0,0,1,3,1,1,0,0,0,1,0,2,0,1.8,0.13,1,-0.2,0.0,3.67,0,0,0.0,0.0,0,0,0,0,0,0,0,0.0,0,0,0,0,0,0,0,0,0,0,0,0,0,0,0,0,0,0,0,0,0,0.00,0,0,0,0,0,0.0,0.0,0.0,0.00,4,4,13,7,6,0,1,1,3.44,0.1,1.062,0,0,34.0,0,0,10,10,3,2,0,0,1,0,3,0,0.0,0.0
3B,Travis Jackson,Travis,Jackson,Jeju City Foxes,6' 0',160 lbs,R,R,99,New York Giants,SFG,1929,1921-1945,,83840,Diamond,Snapshot  SS Travis Jackson  NY1  1929,0,N,0,76,73,101,94,69,82,77,109,104,74,75,72,99,92,68,67,52,Normal,Pull,Pull,1,1,1,1,1,1,1,1,1,1,1,1,16,-,-,-,-,-,-,-,-,-,-,-,1,NEU,89-91,3/4,Normal,1,10,-,-,-,109,92,106,105,7,9,6,-,-,-,-,122,118,-,-,-,158,-,-,-,122,118,-,-,-,70,41,57,74,5,5,18,16,1,1,0,0,0,2,0,1,0,0,0,1,0,6,0,0.2,-0.07,-1,-3.4,-0.3,3.89,0,0,0.0,-0.1,0,0,0,0,0,0,0,0.0,0,0,0,0,0,0,0,0,0,0,0,0,0,0,0,0,0,0,0,0,0,0.00,0,0,0,0,0,0.0,0.0,0.0,0.00,5,5,16,11,5,0,1,0,3.27,0.2,1.062,0,0,44.0,0,0,14,14,2,0,1,1,0,0,0,0,0.0,0.0
3B,Jimmy Johnston,Jimmy,Johnston,Wilson Horns,5' 10',160 lbs,R,R,80,Brooklyn Robins,LAD,1923,1921-1945,,83774,Gold,Snapshot  2B Jimmy Johnston  BRO  1923,0,N,0,106,66,25,66,165,115,78,25,82,178,103,63,25,61,160,51,4,Groundball,Spray,Spray,1,1,1,2,1,1,1,2,1,1,1,2,16,-,-,-,-,-,-,-,-,-,-,-,1,NEU,90-92,3/4,Normal,1,11,-,-,-,72,78,82,71,1,6,3,-,-,-,82,81,70,-,-,-,131,-,-,82,81,70,-,-,-,61,68,67,46,1,,2,2,0,0,0,0,0,0,0,0,0,0,0,0,0,0,0,0.0,-0.08,0,-0.5,-0.1,3.50,0,0,0.0,0.0,0,0,0,0,0,0,0,0.0,0,0,0,0,0,0,0,0,0,0,0,0,0,0,0,0,0,0,0,0,0,0.00,0,0,0,0,0,0.0,0.0,0.0,0.00,1,0,1,0,0,1,0,0,0.00,-0.8,.000,0,0,2.0,0,0,2,0,0,0,0,0,0,0,0,0,0.0,0.0
3B,Evan Longoria,Evan,Longoria,Toronto Terns PCK,6' 1',215 lbs,R,R,94,Tampa Bay Rays,TBD,2009,2005-2014,ME,86259,Diamond,All-Star Week Mission Reward  3B Evan Longoria  TB  2009,0,N,0,92,123,113,102,74,96,150,107,105,80,91,114,115,101,72,5,1,Normal,Pull,Pull,1,1,1,1,1,1,1,1,1,1,1,1,16,-,-,-,-,-,-,-,-,-,-,-,1,NEU,90-92,3/4,Normal,1,7,-,-,-,120,84,112,72,5,7,5,-,-,-,-,123,-,-,-,-,158,-,-,-,123,-,-,-,-,33,24,86,53,4,4,14,12,2,2,0,0,0,0,2,1,0,1,0,0,0,2,0,0.7,-0.03,0,-1.0,0.0,4.43,0,0,0.0,-0.3,0,0,0,0,0,0,0,0.0,0,0,0,0,0,0,0,0,0,0,0,0,0,0,0,0,0,0,0,0,0,0.00,0,0,0,0,0,0.0,0.0,0.0,0.00,4,4,14,12,2,0,0,0,3.94,0.8,1.062,0,0,32.0,0,0,11,10,0,0,0,0,3,3,0,0,0.0,0.0
3B,Evan Longoria,Evan,Longoria,Youngstown Ironmen,6' 1',215 lbs,R,R,94,Tampa Bay Rays,TBD,2009,2005-2014,ME,86259,Diamond,All-Star Week Mission Reward  3B Evan Longoria  TB  2009,0,N,0,92,123,113,102,74,96,150,107,105,80,91,114,115,101,72,5,1,Normal,Pull,Pull,1,1,1,1,1,1,1,1,1,1,1,1,16,-,-,-,-,-,-,-,-,-,-,-,1,NEU,90-92,3/4,Normal,1,7,-,-,-,120,84,112,72,5,7,5,-,-,-,-,123,-,-,-,-,158,-,-,-,123,-,-,-,-,33,24,86,53,7,7,30,29,8,3,2,0,3,5,6,1,0,0,0,0,0,9,1,5.1,0.22,5,2.0,0.4,3.47,0,0,0.0,0.3,0,0,0,0,0,0,0,0.0,0,0,0,0,0,0,0,0,0,0,0,0,0,0,0,0,0,0,0,0,0,0.00,0,0,0,0,0,0.0,0.0,0.0,0.00,7,7,28,18,8,2,1,0,3.69,0.2,1.006,0,0,63.1,0,0,23,22,3,2,2,1,2,1,2,0,0.0,0.0
3B,Evan Longoria,Evan,Longoria,Grand Rapids Warriors,6' 1',215 lbs,R,R,94,Tampa Bay Rays,TBD,2009,2005-2014,ME,86259,Diamond,All-Star Week Mission Reward  3B Evan Longoria  TB  2009,0,N,0,92,123,113,102,74,96,150,107,105,80,91,114,115,101,72,5,1,Normal,Pull,Pull,1,1,1,1,1,1,1,1,1,1,1,1,16,-,-,-,-,-,-,-,-,-,-,-,1,NEU,90-92,3/4,Normal,1,7,-,-,-,120,84,112,72,5,7,5,-,-,-,-,123,-,-,-,-,158,-,-,-,123,-,-,-,-,33,24,86,53,5,5,21,19,4,4,0,0,0,1,2,2,0,0,0,0,0,4,1,1.1,0.02,1,-1.4,-0.0,3.86,0,0,0.0,-0.2,0,0,0,0,0,0,0,0.0,0,0,0,0,0,0,0,0,0,0,0,0,0,0,0,0,0,0,0,0,0,0.00,0,0,0,0,0,0.0,0.0,0.0,0.00,5,5,15,10,5,0,1,0,3.14,0.7,1.062,0,0,43.0,0,0,11,11,3,3,1,1,1,0,0,0,0.0,0.0
3B,Felipe Lopez,Felipe,Lopez,Altoona Mountain Citys,6' 0',175 lbs,S,R,68,Cincinnati Reds,CIN,2005,2005-2014,,84106,Bronze,Historical All-Star  SS Felipe Lopez  CIN  2005,0,N,0,92,84,92,81,75,75,73,62,59,69,98,88,102,88,78,89,100,Groundball,Pull,Pull,1,1,1,1,1,1,1,1,1,1,2,1,16,-,17,-,-,-,-,-,-,-,-,-,2,EX FB,90-92,3/4,Normal,17,5,-,-,-,71,50,67,71,3,8,9,-,-,-,71,59,54,-,-,-,114,-,-,71,59,54,-,-,-,65,71,78,62,3,3,13,11,2,1,1,0,0,2,1,2,0,0,0,0,0,4,0,1.1,-0.14,1,-0.5,-0.1,4.00,0,0,0.0,-0.4,0,0,0,0,0,0,0,0.0,0,0,0,0,0,0,0,0,0,0,0,0,0,0,0,0,0,0,0,0,0,0.00,0,0,0,0,0,0.0,0.0,0.0,0.00,3,3,17,14,2,1,1,0,5.40,-0.3,.995,0,0,26.2,0,0,17,14,1,1,1,1,0,0,1,0,0.0,0.0
3B,Dick McAuliffe,Dick,McAuliffe,Toronto Terns PCK,5' 11',175 lbs,L,R,68,Detroit Tigers,DET,1966,1961-1979,,85844,Bronze,PTWC 65th-128th - Historical All-Star  SS Dick McAuliffe  DET  1966,0,N,0,88,103,100,155,80,86,95,84,145,63,89,107,108,158,85,54,40,Normal,Normal,Normal,1,1,1,1,1,1,1,1,1,1,1,1,16,-,-,-,-,-,-,-,-,-,-,-,1,NEU,89-91,OTT,Normal,1,20,-,-,-,103,56,96,78,10,2,7,-,-,-,105,94,91,-,-,-,141,-,-,105,94,91,-,-,-,77,54,55,99,2,,2,2,0,0,0,0,0,0,0,0,0,0,0,0,0,0,0,0.0,-0.13,0,-0.5,-0.0,1.50,0,0,0.0,0.0,0,0,0,0,0,0,0,0.0,0,0,0,0,0,0,0,0,0,0,0,0,0,0,0,0,0,0,0,0,0,0.00,0,0,0,0,0,0.0,0.0,0.0,0.00,0,0,0,0,0,0,0,0,0.00,0.0,.000,0,0,0.0,0,0,0,0,0,0,0,0,0,0,0,0,0.0,0.0
3B,Bill Mueller,Bill,Mueller,Youngstown Ironmen,5' 11',175 lbs,S,R,80,San Francisco Giants,SFG,1998,1993-2004,,86332,Gold,HOF Week - Snapshot  3B Bill Mueller  SF  1998,0,N,0,122,81,40,143,108,124,94,50,162,98,121,77,37,137,112,44,26,Groundball,Normal,Normal,1,1,1,2,1,1,1,2,1,1,1,2,16,-,-,-,-,-,-,-,-,-,-,-,1,NEU,91-93,3/4,Normal,1,2,-,-,-,82,72,82,69,5,1,3,-,-,-,88,82,-,-,-,-,134,-,-,88,82,-,-,-,-,12,5,6,18,2,1,5,5,2,0,1,0,1,2,2,0,0,0,0,0,0,2,0,2.4,0.29,1,1.4,0.1,3.40,0,0,0.0,0.0,0,0,0,0,0,0,0,0.0,0,0,0,0,0,0,0,0,0,0,0,0,0,0,0,0,0,0,0,0,0,0.00,0,0,0,0,0,0.0,0.0,0.0,0.00,1,1,2,2,0,0,0,0,2.00,-0.4,.708,0,0,9.0,0,0,1,1,0,0,3,1,0,0,0,0,0.0,0.0
3B,Graig Nettles,Graig,Nettles,Winnipeg Brew Jays - HotL,6' 0',185 lbs,L,R,94,New York Yankees,NYA,1977,1961-1979,CS,86470,Diamond,Clubhouse - Baseball Reference 7  3B Graig Nettles  NYY  1977,0,N,0,73,78,150,117,118,84,98,116,90,111,69,71,161,128,120,5,1,Flyball,Spray,Spray,1,1,1,3,1,1,1,3,1,1,1,3,16,-,-,-,-,-,-,-,-,-,-,-,1,NEU,90-92,3/4,Normal,1,20,-,-,-,100,89,112,61,9,2,10,-,-,-,-,114,101,-,-,-,153,-,-,-,114,101,-,-,-,41,33,21,32,7,5,27,25,6,4,0,0,2,7,5,2,0,0,0,0,0,2,1,3.2,0.09,3,0.4,0.1,3.74,0,0,0.0,0.4,0,0,0,0,0,0,0,0.0,0,0,0,0,0,0,0,0,0,0,0,0,0,0,0,0,0,0,0,0,0,0.00,0,0,0,0,0,0.0,0.0,0.0,0.00,6,4,17,12,4,1,3,0,3.18,-0.2,.992,0,0,45.1,0,0,17,16,1,0,0,0,1,0,0,0,0.0,0.0
3B,Graig Nettles,Graig,Nettles,Normal Night Owls - HotL,6' 0',185 lbs,L,R,94,New York Yankees,NYA,1977,1961-1979,CS,86470,Diamond,Clubhouse - Baseball Reference 7  3B Graig Nettles  NYY  1977,0,N,0,73,78,150,117,118,84,98,116,90,111,69,71,161,128,120,5,1,Flyball,Spray,Spray,1,1,1,3,1,1,1,3,1,1,1,3,16,-,-,-,-,-,-,-,-,-,-,-,1,NEU,90-92,3/4,Normal,1,20,-,-,-,100,89,112,61,9,2,10,-,-,-,-,114,101,-,-,-,153,-,-,-,114,101,-,-,-,41,33,21,32,3,3,9,7,2,0,2,0,0,0,0,2,0,0,0,0,0,1,0,2.0,-0.01,1,0.9,0.1,4.56,0,0,0.0,-0.0,0,0,0,0,0,0,0,0.0,0,0,0,0,0,0,0,0,0,0,0,0,0,0,0,0,0,0,0,0,0,0.00,0,0,0,0,0,0.0,0.0,0.0,0.00,3,3,8,6,2,0,2,0,3.13,-0.1,.910,0,0,23.0,0,0,4,3,2,2,3,2,0,0,1,0,0.0,0.0
3B,Graig Nettles,Graig,Nettles,Summerglen Seraphs TBD,6' 0',185 lbs,L,R,94,New York Yankees,NYA,1977,1961-1979,CS,86470,Diamond,Clubhouse - Baseball Reference 7  3B Graig Nettles  NYY  1977,0,N,0,73,78,150,117,118,84,98,116,90,111,69,71,161,128,120,5,1,Flyball,Spray,Spray,1,1,1,3,1,1,1,3,1,1,1,3,16,-,-,-,-,-,-,-,-,-,-,-,1,NEU,90-92,3/4,Normal,1,20,-,-,-,100,89,112,61,9,2,10,-,-,-,-,114,101,-,-,-,153,-,-,-,114,101,-,-,-,41,33,21,32,5,4,15,14,4,3,1,0,0,1,1,1,0,0,0,0,0,3,0,1.8,-0.10,1,-0.1,0.0,3.33,0,0,0.0,0.0,0,0,0,0,0,0,0,0.0,0,0,0,0,0,0,0,0,0,0,0,0,0,0,0,0,0,0,0,0,0,0.00,0,0,0,0,0,0.0,0.0,0.0,0.00,4,4,9,6,2,1,0,0,2.08,-0.2,.910,0,0,34.2,0,0,7,6,1,1,0,0,0,0,0,0,0.0,0.0
3B,Andy Pafko,Andy,Pafko,Chicago Beans,6' 0',190 lbs,R,R,98,Chicago Cubs,CHC,1950,1946-1960,PTCS,86290,Diamond,PTCS 4 - Historical All-Star  CF Andy Pafko  CHC  1950,0,N,0,78,98,149,116,161,78,88,101,137,202,78,103,166,110,147,48,41,Normal,Normal,Normal,1,1,1,4,1,1,1,4,1,1,1,4,16,-,-,-,-,-,-,-,-,-,-,-,1,NEU,89-91,OTT,Normal,1,5,-,-,-,89,46,103,73,102,59,97,-,-,-,-,87,-,120,107,120,128,-,-,-,87,-,120,107,120,55,54,38,69,8,8,37,36,10,7,2,0,1,7,5,1,0,0,0,0,0,2,0,4.7,-0.04,4,-0.2,0.2,3.30,1,0,0.2,-0.1,0,0,0,0,0,0,0,0.0,0,0,0,0,0,0,0,0,0,0,0,0,0,0,0,0,0,0,0,0,0,0.00,0,0,0,0,0,0.0,0.0,0.0,0.00,9,8,30,22,8,0,1,0,3.46,1.0,1.060,0,0,78.0,0,0,25,24,2,1,1,1,2,1,3,1,0.0,0.0
3B,Andy Pafko,Andy,Pafko,Great Lakes Man-of-War-HOTL,6' 0',190 lbs,R,R,98,Chicago Cubs,CHC,1950,1946-1960,PTCS,86290,Diamond,PTCS 4 - Historical All-Star  CF Andy Pafko  CHC  1950,0,N,0,78,98,149,116,161,78,88,101,137,202,78,103,166,110,147,48,41,Normal,Normal,Normal,1,1,1,4,1,1,1,4,1,1,1,4,16,-,-,-,-,-,-,-,-,-,-,-,1,NEU,89-91,OTT,Normal,1,5,-,-,-,89,46,103,73,102,59,97,-,-,-,-,87,-,120,107,120,128,-,-,-,87,-,120,107,120,55,54,38,69,7,7,32,30,6,3,1,0,2,6,3,2,0,0,0,0,0,3,0,3.4,-0.12,3,-0.6,0.0,4.12,0,0,0.0,-0.0,0,0,0,0,0,0,0,0.0,0,0,0,0,0,0,0,0,0,0,0,0,0,0,0,0,0,0,0,0,0,0.00,0,0,0,0,0,0.0,0.0,0.0,0.00,7,7,16,5,11,0,2,0,2.36,-0.0,1.042,0,0,61.0,0,0,13,13,5,2,1,1,0,0,2,0,0.0,-0.1
3B,Rico Petrocelli,Rico,Petrocelli,Ogden Raptors - HotL,6' 0',185 lbs,R,R,99,Boston Red Sox,BOS,1969,1961-1979,CS,85861,Diamond,Clubhouse - Historical All-Star  SS Rico Petrocelli  BOS  1969,0,N,0,80,109,144,134,104,51,84,125,145,133,87,120,150,130,97,41,25,Normal,Spray,Spray,1,1,1,1,1,1,1,1,1,1,1,1,16,-,-,-,-,-,-,-,-,-,-,-,1,NEU,89-91,3/4,Normal,1,16,-,-,-,107,116,89,92,5,7,6,-,-,-,-,120,117,-,-,-,162,-,-,-,120,117,-,-,-,53,43,39,61,9,9,37,33,7,5,0,0,2,5,6,4,0,0,0,0,0,6,0,4.2,-0.18,4,-0.4,0.1,3.81,0,0,0.0,0.1,0,0,0,0,0,0,0,0.0,0,0,0,0,0,0,0,0,0,0,0,0,0,0,0,0,0,0,0,0,0,0.00,0,0,0,0,0,0.0,0.0,0.0,0.00,9,9,19,17,1,1,0,0,2.02,0.2,1.003,0,0,80.0,0,0,14,13,2,2,0,0,5,1,4,1,0.0,0.0
3B,Rico Petrocelli,Rico,Petrocelli,Sydney Whalers,6' 0',185 lbs,R,R,99,Boston Red Sox,BOS,1969,1961-1979,CS,85861,Diamond,Clubhouse - Historical All-Star  SS Rico Petrocelli  BOS  1969,0,N,0,80,109,144,134,104,51,84,125,145,133,87,120,150,130,97,41,25,Normal,Spray,Spray,1,1,1,1,1,1,1,1,1,1,1,1,16,-,-,-,-,-,-,-,-,-,-,-,1,NEU,89-91,3/4,Normal,1,16,-,-,-,107,116,89,92,5,7,6,-,-,-,-,120,117,-,-,-,162,-,-,-,120,117,-,-,-,53,43,39,61,4,4,18,16,1,1,0,0,0,0,0,2,0,0,0,0,0,4,0,0.3,-0.22,0,-2.8,-0.2,3.56,0,0,0.0,0.0,0,0,0,0,0,0,0,0.0,0,0,0,0,0,0,0,0,0,0,0,0,0,0,0,0,0,0,0,0,0,0.00,0,0,0,0,0,0.0,0.0,0.0,0.00,5,4,19,11,8,0,2,0,4.62,0.6,1.063,0,0,37.0,0,0,18,18,0,0,2,1,0,0,1,0,0.0,0.0
3B,Aramis Ramirez,Aramis,Ramirez,Genericsville Generics,6' 1',205 lbs,R,R,98,Milwaukee Brewers,MIL,2012,2005-2014,,83713,Diamond,Snapshot  3B Aramis Ramirez  MIL  2012,0,N,0,91,142,93,64,114,103,151,130,38,110,88,139,85,69,115,22,1,Line Drive,Pull,Pull,1,1,1,4,1,1,1,4,1,1,1,4,16,-,-,-,-,-,-,-,-,-,-,-,1,NEU,91-93,3/4,Normal,1,6,-,-,-,89,85,89,33,2,4,3,-,-,-,-,91,-,-,-,-,143,-,-,-,91,-,-,-,-,37,16,67,41,7,7,25,24,9,7,2,0,0,1,3,1,0,0,0,0,0,5,0,4.5,0.20,4,1.2,0.2,3.72,0,0,0.0,0.1,0,0,0,0,0,0,0,0.0,0,0,0,0,0,0,0,0,0,0,0,0,0,0,0,0,0,0,0,0,0,0.00,0,0,0,0,0,0.0,0.0,0.0,0.00,7,7,15,8,6,1,1,0,2.04,-0.6,.885,0,0,61.2,0,0,12,11,0,0,3,1,0,0,0,0,0.0,0.0
3B,Hanley Ramirez,Hanley,Ramirez,Watertown Sword Guys TBD,6' 2',225 lbs,R,R,82,Los Angeles Dodgers,LAD,2013,2005-2014,CS,86807,Gold,Clubhouse - Baseball Reference 8  SS Hanley Ramirez  LAD  2013,0,N,0,130,123,114,88,99,133,130,128,99,94,129,121,110,85,101,22,38,Normal,Ex. Pull,Pull,1,1,1,1,1,1,1,1,1,1,1,1,16,-,-,-,-,-,-,-,-,-,-,-,1,NEU,90-92,3/4,Normal,1,13,-,-,-,97,44,60,36,10,6,6,-,-,-,-,60,60,-,-,-,124,-,-,-,60,60,-,-,-,88,49,107,63,7,7,29,29,9,6,0,0,3,5,6,0,0,0,0,0,0,6,1,4.5,0.16,5,1.8,0.3,3.31,1,1,-0.3,0.2,0,0,0,0,0,0,0,0.0,0,0,0,0,0,0,0,0,0,0,0,0,0,0,0,0,0,0,0,0,0,0.00,0,0,0,0,0,0.0,0.0,0.0,0.00,7,7,19,12,6,1,1,0,2.61,0.1,.980,0,0,62.0,0,0,14,13,2,2,1,1,1,0,0,0,0.0,0.0
3B,Jose Ramirez,Jose,Ramirez,Youngstown Ironmen,5' 9',190 lbs,S,R,77,Cleveland Guardians,CLE,2019,2015+,,86719,Silver,Studs & Duds - Snapshot  3B Jose Ramirez  CLE  2019,0,N,0,58,109,97,102,130,55,73,92,91,200,59,125,99,108,108,40,75,Line Drive,Ex. Pull,Pull,1,1,1,3,1,1,1,3,1,1,1,3,16,17,17,-,-,-,-,-,-,-,-,-,3,NEU,91-93,3/4,Normal,1,1,-,-,-,97,69,81,49,5,8,10,-,-,-,92,85,-,-,-,-,140,-,-,92,85,-,-,-,-,78,80,102,111,1,1,4,4,0,0,0,0,0,1,0,0,0,0,0,0,0,0,0,0.0,-0.01,0,-1.0,-0.1,3.50,0,0,0.0,0.0,0,0,0,0,0,0,0,0.0,0,0,0,0,0,0,0,0,0,0,0,0,0,0,0,0,0,0,0,0,0,0.00,0,0,0,0,0,0.0,0.0,0.0,0.00,1,1,7,4,2,1,0,0,6.00,-0.3,.879,0,0,9.0,0,0,5,4,1,1,0,0,0,0,0,0,0.0,0.0
3B,Jackie Robinson,Jackie,Robinson,Herky Hyenas,5' 11',195 lbs,R,R,68,Brooklyn Dodgers,LAD,1955,1946-1960,,84840,Bronze,Celebrating 42 - Snapshot  3B Jackie Robinson  BRO  1955,0,N,0,43,42,73,119,136,50,59,76,99,144,41,37,73,127,134,54,47,Normal,Spray,Spray,1,1,1,7,1,1,1,7,1,1,1,7,16,-,-,-,-,-,-,-,-,-,-,-,1,GB,89-91,OTT,GB'er,1,20,-,-,-,87,78,95,62,56,115,75,-,-,81,92,94,-,78,-,-,140,-,81,92,94,-,78,-,-,73,57,81,83,1,1,3,2,0,0,0,0,0,0,0,1,0,0,0,0,0,0,0,0.1,-0.01,0,-0.2,-0.0,5.33,0,0,0.0,0.0,0,0,0,0,0,0,0,0.0,0,0,0,0,0,0,0,0,0,0,0,0,0,0,0,0,0,0,0,0,0,0.00,0,0,0,0,0,0.0,0.0,0.0,0.00,1,1,8,5,3,0,2,0,8.00,-0.2,.879,0,0,9.0,0,0,5,5,0,0,0,0,1,0,0,0,0.0,0.0
3B,Mike Schmidt,Mike,Schmidt,Winnipeg Golden Knights,6' 2',205 lbs,R,R,99,Philadelphia Phillies,PHI,1977,1961-1979,,86286,Diamond,All-Star Week - Historical All-Star  3B Mike Schmidt  PHI  1977,0,N,0,72,123,154,158,71,108,86,180,165,68,60,139,145,156,73,43,63,Normal,Normal,Normal,1,1,1,1,1,1,1,1,1,1,1,1,16,-,-,-,-,-,-,-,-,-,-,-,1,NEU,89-91,OTT,Normal,1,12,-,-,-,109,66,117,47,5,7,7,-,-,-,103,109,98,-,-,-,149,-,-,103,109,98,-,-,-,68,63,73,55,11,11,52,44,11,5,3,1,2,9,10,8,0,0,0,0,0,12,0,9.0,0.19,8,2.4,0.4,4.60,1,0,0.2,0.0,0,0,0,0,0,0,0,0.0,0,0,0,0,0,0,0,0,0,0,0,0,0,0,0,0,0,0,0,0,0,0.00,0,0,0,0,0,0.0,0.0,0.0,0.00,11,11,32,24,5,3,1,0,2.56,-0.1,1.019,0,0,102.0,0,0,29,27,3,2,1,0,1,0,2,0,0.0,0.0
3B,Mike Schmidt,Mike,Schmidt,Gamehendge Lizards - HotL,6' 2',205 lbs,R,R,99,Philadelphia Phillies,PHI,1977,1961-1979,,86286,Diamond,All-Star Week - Historical All-Star  3B Mike Schmidt  PHI  1977,0,N,0,72,123,154,158,71,108,86,180,165,68,60,139,145,156,73,43,63,Normal,Normal,Normal,1,1,1,1,1,1,1,1,1,1,1,1,16,-,-,-,-,-,-,-,-,-,-,-,1,NEU,89-91,OTT,Normal,1,12,-,-,-,109,66,117,47,5,7,7,-,-,-,103,109,98,-,-,-,149,-,-,103,109,98,-,-,-,68,63,73,55,3,3,11,9,5,2,0,0,3,5,4,1,0,1,0,0,0,1,0,9.2,0.44,6,4.8,0.4,4.91,0,0,0.0,-1.0,0,0,0,0,0,0,0,0.0,0,0,0,0,0,0,0,0,0,0,0,0,0,0,0,0,0,0,0,0,0,0.00,0,0,0,0,0,0.0,0.0,0.0,0.00,3,3,12,6,4,2,2,0,4.09,-0.3,.800,0,0,22.0,0,0,4,3,2,1,1,1,0,0,1,1,0.0,0.0
3B,Mike Schmidt,Mike,Schmidt,Freedom Grabbers - HotL,6' 2',205 lbs,R,R,99,Philadelphia Phillies,PHI,1977,1961-1979,,86286,Diamond,All-Star Week - Historical All-Star  3B Mike Schmidt  PHI  1977,0,Y,5,79,133,166,170,77,117,93,193,177,74,66,150,156,168,80,43,63,Normal,Normal,Normal,1,1,1,1,1,1,1,1,1,1,1,1,16,-,-,-,-,-,-,-,-,-,-,-,1,NEU,89-91,OTT,Normal,1,12,-,-,-,109,66,117,47,5,7,7,-,-,-,111,117,105,-,-,-,160,-,-,111,117,105,-,-,-,68,63,73,55,16,15,67,58,10,8,1,0,1,8,3,8,0,0,1,0,0,16,2,4.0,-0.14,3,-4.3,-0.2,3.93,0,0,0.0,0.1,0,0,0,0,0,0,0,0.0,0,0,0,0,0,0,0,0,0,0,0,0,0,0,0,0,0,0,0,0,0,0.00,0,0,0,0,0,0.0,0.0,0.0,0.00,16,15,46,28,15,3,6,0,2.93,-0.2,.946,0,0,132.0,0,0,25,23,5,4,2,2,2,0,4,1,0.0,0.0
3B,Mike Schmidt,Mike,Schmidt,Dry Creek Craw Daddies,6' 2',205 lbs,R,R,99,Philadelphia Phillies,PHI,1977,1961-1979,,86286,Diamond,All-Star Week - Historical All-Star  3B Mike Schmidt  PHI  1977,0,N,0,72,123,154,158,71,108,86,180,165,68,60,139,145,156,73,43,63,Normal,Normal,Normal,1,1,1,1,1,1,1,1,1,1,1,1,16,-,-,-,-,-,-,-,-,-,-,-,1,NEU,89-91,OTT,Normal,1,12,-,-,-,109,66,117,47,5,7,7,-,-,-,103,109,98,-,-,-,149,-,-,103,109,98,-,-,-,68,63,73,55,5,5,17,14,3,0,1,0,2,2,3,2,0,1,0,0,0,2,0,3.8,-0.18,3,1.7,0.2,5.00,0,0,0.0,-0.1,0,0,0,0,0,0,0,0.0,0,0,0,0,0,0,0,0,0,0,0,0,0,0,0,0,0,0,0,0,0,0.00,0,0,0,0,0,0.0,0.0,0.0,0.00,3,3,11,11,0,0,1,0,4.24,0.5,1.062,0,0,23.1,0,0,9,9,2,2,0,0,0,0,0,0,0.0,0.0
3B,Mike Schmidt,Mike,Schmidt,Looking Glass Loopers TBD,6' 2',205 lbs,R,R,99,Philadelphia Phillies,PHI,1977,1961-1979,,86286,Diamond,All-Star Week - Historical All-Star  3B Mike Schmidt  PHI  1977,0,N,0,72,123,154,158,71,108,86,180,165,68,60,139,145,156,73,43,63,Normal,Normal,Normal,1,1,1,1,1,1,1,1,1,1,1,1,16,-,-,-,-,-,-,-,-,-,-,-,1,NEU,89-91,OTT,Normal,1,12,-,-,-,109,66,117,47,5,7,7,-,-,-,103,109,98,-,-,-,149,-,-,103,109,98,-,-,-,68,63,73,55,3,3,12,9,1,1,0,0,0,0,1,3,0,0,0,0,0,2,0,0.6,0.03,0,-0.7,0.0,4.50,0,0,0.0,0.3,0,0,0,0,0,0,0,0.0,0,0,0,0,0,0,0,0,0,0,0,0,0,0,0,0,0,0,0,0,0,0.00,0,0,0,0,0,0.0,0.0,0.0,0.00,3,3,8,5,3,0,0,0,2.88,0.3,1.062,0,0,25.0,0,0,7,7,1,1,0,0,0,0,0,0,0.0,0.0
3B,Mike Schmidt,Mike,Schmidt,Shartlesville ShihTzus - HotL,6' 2',205 lbs,R,R,99,Philadelphia Phillies,PHI,1977,1961-1979,,86286,Diamond,All-Star Week - Historical All-Star  3B Mike Schmidt  PHI  1977,0,Y,5,79,133,166,170,77,117,93,193,177,74,66,150,156,168,80,43,63,Normal,Normal,Normal,1,1,1,1,1,1,1,1,1,1,1,1,16,-,-,-,-,-,-,-,-,-,-,-,1,NEU,89-91,OTT,Normal,1,12,-,-,-,109,66,117,47,5,7,7,-,-,-,111,117,105,-,-,-,160,-,-,111,117,105,-,-,-,68,63,73,55,3,1,5,4,0,0,0,0,0,0,0,1,0,0,0,0,0,4,0,0.0,-0.10,0,-0.7,-0.1,5.20,0,1,-0.5,0.0,0,0,0,0,0,0,0,0.0,0,0,0,0,0,0,0,0,0,0,0,0,0,0,0,0,0,0,0,0,0,0.00,0,0,0,0,0,0.0,0.0,0.0,0.00,2,1,2,1,1,0,1,0,2.00,-0.2,1.062,0,0,9.0,0,0,2,2,1,0,0,0,0,0,0,0,0.0,0.0
3B,Mike Schmidt,Mike,Schmidt,Texas Briskets,6' 2',205 lbs,R,R,99,Philadelphia Phillies,PHI,1977,1961-1979,,86286,Diamond,All-Star Week - Historical All-Star  3B Mike Schmidt  PHI  1977,0,N,0,72,123,154,158,71,108,86,180,165,68,60,139,145,156,73,43,63,Normal,Normal,Normal,1,1,1,1,1,1,1,1,1,1,1,1,16,-,-,-,-,-,-,-,-,-,-,-,1,NEU,89-91,OTT,Normal,1,12,-,-,-,109,66,117,47,5,7,7,-,-,-,103,109,98,-,-,-,149,-,-,103,109,98,-,-,-,68,63,73,55,4,4,17,17,6,4,1,0,1,3,1,0,0,0,0,0,0,4,0,3.5,0.18,3,1.2,0.2,3.82,0,0,0.0,0.0,0,0,0,0,0,0,0,0.0,0,0,0,0,0,0,0,0,0,0,0,0,0,0,0,0,0,0,0,0,0,0.00,0,0,0,0,0,0.0,0.0,0.0,0.00,4,4,11,8,3,0,1,0,2.61,0.3,1.062,0,0,38.0,0,0,8,8,1,1,0,0,1,0,0,0,0.0,0.0
3B,Mike Schmidt,Mike,Schmidt,Normal Night Owls - HotL,6' 2',205 lbs,R,R,99,Philadelphia Phillies,PHI,1977,1961-1979,,86286,Diamond,All-Star Week - Historical All-Star  3B Mike Schmidt  PHI  1977,0,N,0,72,123,154,158,71,108,86,180,165,68,60,139,145,156,73,43,63,Normal,Normal,Normal,1,1,1,1,1,1,1,1,1,1,1,1,16,-,-,-,-,-,-,-,-,-,-,-,1,NEU,89-91,OTT,Normal,1,12,-,-,-,109,66,117,47,5,7,7,-,-,-,103,109,98,-,-,-,149,-,-,103,109,98,-,-,-,68,63,73,55,3,1,7,6,1,1,0,0,0,0,0,0,0,0,1,0,0,4,1,0.0,-0.19,0,-1.1,-0.1,4.43,0,0,0.0,0.0,0,0,0,0,0,0,0,0.0,0,0,0,0,0,0,0,0,0,0,0,0,0,0,0,0,0,0,0,0,0,0.00,0,0,0,0,0,0.0,0.0,0.0,0.00,3,1,8,6,2,0,0,0,4.50,0.2,1.062,0,0,16.0,0,0,6,6,2,2,1,0,0,0,0,0,0.0,0.0
3B,Mike Schmidt,Mike,Schmidt,Kansas City Torrent - JW,6' 2',205 lbs,R,R,99,Philadelphia Phillies,PHI,1977,1961-1979,,86286,Diamond,All-Star Week - Historical All-Star  3B Mike Schmidt  PHI  1977,13 740,N,0,72,123,154,158,71,108,86,180,165,68,60,139,145,156,73,43,63,Normal,Normal,Normal,1,1,1,1,1,1,1,1,1,1,1,1,16,-,-,-,-,-,-,-,-,-,-,-,1,NEU,89-91,OTT,Normal,1,12,-,-,-,109,66,117,47,5,7,7,-,-,-,103,109,98,-,-,-,149,-,-,103,109,98,-,-,-,68,63,73,55,12,12,44,37,7,5,1,0,1,5,5,5,0,1,0,1,0,10,0,3.9,0.32,3,-1.6,0.0,4.16,0,0,0.0,-0.9,0,0,0,0,0,0,0,0.0,0,0,0,0,0,0,0,0,0,0,0,0,0,0,0,0,0,0,0,0,0,0.00,0,0,0,0,0,0.0,0.0,0.0,0.00,12,12,36,31,4,1,3,0,2.97,0.8,1.035,0,0,106.0,0,0,31,29,3,3,3,2,2,1,2,0,0.0,0.0
3B,Mike Schmidt,Mike,Schmidt,Sixes Tornadoes,6' 2',205 lbs,R,R,99,Philadelphia Phillies,PHI,1977,1961-1979,,86286,Diamond,All-Star Week - Historical All-Star  3B Mike Schmidt  PHI  1977,0,N,0,72,123,154,158,71,108,86,180,165,68,60,139,145,156,73,43,63,Normal,Normal,Normal,1,1,1,1,1,1,1,1,1,1,1,1,16,-,-,-,-,-,-,-,-,-,-,-,1,NEU,89-91,OTT,Normal,1,12,-,-,-,109,66,117,47,5,7,7,-,-,-,103,109,98,-,-,-,149,-,-,103,109,98,-,-,-,68,63,73,55,3,3,11,9,2,0,1,0,1,1,1,2,0,0,0,0,0,2,0,2.4,0.03,2,1.0,0.2,4.36,0,0,0.0,0.0,0,0,0,0,0,0,0,0.0,0,0,0,0,0,0,0,0,0,0,0,0,0,0,0,0,0,0,0,0,0,0.00,0,0,0,0,0,0.0,0.0,0.0,0.00,3,3,11,6,5,0,0,0,3.81,0.3,1.062,0,0,26.0,0,0,8,8,0,0,0,0,0,0,0,0,0.0,0.0
3B,Mike Schmidt,Mike,Schmidt,Cibao Aguilas,6' 2',205 lbs,R,R,99,Philadelphia Phillies,PHI,1977,1961-1979,,86286,Diamond,All-Star Week - Historical All-Star  3B Mike Schmidt  PHI  1977,0,N,0,72,123,154,158,71,108,86,180,165,68,60,139,145,156,73,43,63,Normal,Normal,Normal,1,1,1,1,1,1,1,1,1,1,1,1,16,-,-,-,-,-,-,-,-,-,-,-,1,NEU,89-91,OTT,Normal,1,12,-,-,-,109,66,117,47,5,7,7,-,-,-,103,109,98,-,-,-,149,-,-,103,109,98,-,-,-,68,63,73,55,7,7,23,16,3,1,1,0,1,4,3,6,0,0,0,1,0,6,0,3.6,0.03,3,0.9,0.1,4.70,0,0,0.0,0.1,0,0,0,0,0,0,0,0.0,0,0,0,0,0,0,0,0,0,0,0,0,0,0,0,0,0,0,0,0,0,0.00,0,0,0,0,0,0.0,0.0,0.0,0.00,7,7,12,9,1,2,0,0,1.61,-0.4,.956,0,0,56.0,0,0,11,9,0,0,1,1,0,0,3,0,0.0,0.0
3B,Mike Schmidt,Mike,Schmidt,Waltham River Otters,6' 2',205 lbs,R,R,99,Philadelphia Phillies,PHI,1977,1961-1979,,86286,Diamond,All-Star Week - Historical All-Star  3B Mike Schmidt  PHI  1977,0,N,0,72,123,154,158,71,108,86,180,165,68,60,139,145,156,73,43,63,Normal,Normal,Normal,1,1,1,1,1,1,1,1,1,1,1,1,16,-,-,-,-,-,-,-,-,-,-,-,1,NEU,89-91,OTT,Normal,1,12,-,-,-,109,66,117,47,5,7,7,-,-,-,103,109,98,-,-,-,149,-,-,103,109,98,-,-,-,68,63,73,55,15,15,59,53,11,6,3,0,2,9,4,6,0,0,0,0,0,16,0,6.2,-0.03,6,-1.1,0.2,4.32,0,0,0.0,0.5,0,0,0,0,0,0,0,0.0,0,0,0,0,0,0,0,0,0,0,0,0,0,0,0,0,0,0,0,0,0,0.00,0,0,0,0,0,0.0,0.0,0.0,0.00,15,15,47,29,16,2,2,0,3.12,0.0,.998,0,0,130.0,0,0,40,37,4,3,1,1,0,0,4,0,0.0,0.0
3B,Mike Schmidt,Mike,Schmidt,Shibuya Shredders - GH,6' 2',205 lbs,R,R,99,Philadelphia Phillies,PHI,1977,1961-1979,,86286,Diamond,All-Star Week - Historical All-Star  3B Mike Schmidt  PHI  1977,0,N,0,72,123,154,158,71,108,86,180,165,68,60,139,145,156,73,43,63,Normal,Normal,Normal,1,1,1,1,1,1,1,1,1,1,1,1,16,-,-,-,-,-,-,-,-,-,-,-,1,NEU,89-91,OTT,Normal,1,12,-,-,-,109,66,117,47,5,7,7,-,-,-,103,109,98,-,-,-,149,-,-,103,109,98,-,-,-,68,63,73,55,14,10,46,39,11,8,3,0,0,4,5,5,0,2,0,0,0,3,0,6.2,0.37,6,1.0,0.5,3.37,0,0,0.0,1.0,0,0,0,0,0,0,0,0.0,0,0,0,0,0,0,0,0,0,0,0,0,0,0,0,0,0,0,0,0,0,0.00,0,0,0,0,0,0.0,0.0,0.0,0.00,12,10,33,25,8,0,1,0,3.28,1.0,1.060,0,0,90.2,0,0,30,30,2,2,0,0,1,0,3,0,0.0,0.0
3B,Mike Schmidt,Mike,Schmidt,Paso Robles Powerhouse,6' 2',205 lbs,R,R,99,Philadelphia Phillies,PHI,1977,1961-1979,,86286,Diamond,All-Star Week - Historical All-Star  3B Mike Schmidt  PHI  1977,0,N,0,72,123,154,158,71,108,86,180,165,68,60,139,145,156,73,43,63,Normal,Normal,Normal,1,1,1,1,1,1,1,1,1,1,1,1,16,-,-,-,-,-,-,-,-,-,-,-,1,NEU,89-91,OTT,Normal,1,12,-,-,-,109,66,117,47,5,7,7,-,-,-,103,109,98,-,-,-,149,-,-,103,109,98,-,-,-,68,63,73,55,6,4,19,16,3,2,0,1,0,0,2,3,0,0,0,0,0,5,0,2.0,-0.24,1,-0.5,0.0,4.42,1,0,0.2,0.1,0,0,0,0,0,0,0,0.0,0,0,0,0,0,0,0,0,0,0,0,0,0,0,0,0,0,0,0,0,0,0.00,0,0,0,0,0,0.0,0.0,0.0,0.00,4,4,6,4,2,0,1,0,1.59,-0.5,1.054,0,0,34.0,0,0,7,5,0,0,0,0,1,0,1,0,0.0,0.0
3B,Mike Schmidt,Mike,Schmidt,Orlando Heatstrokes,6' 2',205 lbs,R,R,99,Philadelphia Phillies,PHI,1977,1961-1979,,86286,Diamond,All-Star Week - Historical All-Star  3B Mike Schmidt  PHI  1977,0,N,0,72,123,154,158,71,108,86,180,165,68,60,139,145,156,73,43,63,Normal,Normal,Normal,1,1,1,1,1,1,1,1,1,1,1,1,16,-,-,-,-,-,-,-,-,-,-,-,1,NEU,89-91,OTT,Normal,1,12,-,-,-,109,66,117,47,5,7,7,-,-,-,103,109,98,-,-,-,149,-,-,103,109,98,-,-,-,68,63,73,55,4,4,19,18,6,3,1,0,2,2,2,1,0,0,0,0,0,3,0,4.9,-0.09,4,2.2,0.3,3.53,0,0,0.0,-0.0,0,0,0,0,0,0,0,0.0,0,0,0,0,0,0,0,0,0,0,0,0,0,0,0,0,0,0,0,0,0,0.00,0,0,0,0,0,0.0,0.0,0.0,0.00,4,4,15,13,2,0,1,0,3.55,0.4,1.062,0,0,38.0,0,0,10,10,4,4,1,0,1,0,2,0,0.0,0.0
3B,Mike Schmidt,Mike,Schmidt,Houston Swangas,6' 2',205 lbs,R,R,99,Philadelphia Phillies,PHI,1977,1961-1979,,86286,Diamond,All-Star Week - Historical All-Star  3B Mike Schmidt  PHI  1977,0,N,0,72,123,154,158,71,108,86,180,165,68,60,139,145,156,73,43,63,Normal,Normal,Normal,1,1,1,1,1,1,1,1,1,1,1,1,16,-,-,-,-,-,-,-,-,-,-,-,1,NEU,89-91,OTT,Normal,1,12,-,-,-,109,66,117,47,5,7,7,-,-,-,103,109,98,-,-,-,149,-,-,103,109,98,-,-,-,68,63,73,55,10,10,41,39,8,4,3,0,1,3,3,0,0,2,0,0,0,10,0,3.7,-0.67,3,-1.8,0.1,3.49,1,0,0.2,0.5,0,0,0,0,0,0,0,0.0,0,0,0,0,0,0,0,0,0,0,0,0,0,0,0,0,0,0,0,0,0,0.00,0,0,0,0,0,0.0,0.0,0.0,0.00,10,10,39,26,12,1,2,0,3.60,0.5,1.062,0,0,95.0,0,0,32,29,7,6,4,2,1,0,0,0,0.0,0.0
3B,Mike Schmidt,Mike,Schmidt,Roaming Rascals BFF,6' 2',205 lbs,R,R,99,Philadelphia Phillies,PHI,1977,1961-1979,,86286,Diamond,All-Star Week - Historical All-Star  3B Mike Schmidt  PHI  1977,0,Y,5,79,133,166,170,77,117,93,193,177,74,66,150,156,168,80,43,63,Normal,Normal,Normal,1,1,1,1,1,1,1,1,1,1,1,1,16,-,-,-,-,-,-,-,-,-,-,-,1,NEU,89-91,OTT,Normal,1,12,-,-,-,109,66,117,47,5,7,7,-,-,-,111,117,105,-,-,-,160,-,-,111,117,105,-,-,-,68,63,73,55,16,16,67,62,13,8,2,1,2,11,8,3,0,1,0,1,0,18,0,5.5,0.50,5,-2.6,-0.0,3.87,0,2,-1.0,-0.6,0,0,0,0,0,0,0,0.0,0,0,0,0,0,0,0,0,0,0,0,0,0,0,0,0,0,0,0,0,0,0.00,0,0,0,0,0,0.0,0.0,0.0,0.00,16,16,41,36,4,1,2,0,2.59,1.6,1.034,0,0,139.0,0,0,26,25,9,9,5,4,1,0,0,0,0.0,0.0
3B,Mike Schmidt,Mike,Schmidt,Lowlyworm's Apple Car,6' 2',205 lbs,R,R,99,Philadelphia Phillies,PHI,1977,1961-1979,,86286,Diamond,All-Star Week - Historical All-Star  3B Mike Schmidt  PHI  1977,0,N,0,72,123,154,158,71,108,86,180,165,68,60,139,145,156,73,43,63,Normal,Normal,Normal,1,1,1,1,1,1,1,1,1,1,1,1,16,-,-,-,-,-,-,-,-,-,-,-,1,NEU,89-91,OTT,Normal,1,12,-,-,-,109,66,117,47,5,7,7,-,-,-,103,109,98,-,-,-,149,-,-,103,109,98,-,-,-,68,63,73,55,8,8,32,30,8,5,1,0,2,6,5,1,0,1,0,0,0,7,1,4.4,-0.03,4,0.8,0.3,4.25,0,0,0.0,0.4,0,0,0,0,0,0,0,0.0,0,0,0,0,0,0,0,0,0,0,0,0,0,0,0,0,0,0,0,0,0,0.00,0,0,0,0,0,0.0,0.0,0.0,0.00,8,8,24,19,5,0,2,0,3.18,0.9,1.118,0,0,68.0,0,0,22,21,3,2,1,1,0,0,0,0,0.0,0.0
3B,Mike Schmidt,Mike,Schmidt,Oysters Incognito,6' 2',205 lbs,R,R,99,Philadelphia Phillies,PHI,1977,1961-1979,,86286,Diamond,All-Star Week - Historical All-Star  3B Mike Schmidt  PHI  1977,0,Y,5,79,133,166,170,77,117,93,193,177,74,66,150,156,168,80,43,63,Normal,Normal,Normal,1,1,1,1,1,1,1,1,1,1,1,1,16,-,-,-,-,-,-,-,-,-,-,-,1,NEU,89-91,OTT,Normal,1,12,-,-,-,109,66,117,47,5,7,7,-,-,-,111,117,105,-,-,-,160,-,-,111,117,105,-,-,-,68,63,73,55,4,4,16,13,3,2,0,0,1,4,5,3,0,0,0,0,0,2,0,2.5,0.15,2,0.7,0.1,4.62,0,0,0.0,0.2,0,0,0,0,0,0,0,0.0,0,0,0,0,0,0,0,0,0,0,0,0,0,0,0,0,0,0,0,0,0,0.00,0,0,0,0,0,0.0,0.0,0.0,0.00,4,4,13,11,1,1,0,0,3.15,-0.1,1.062,0,0,34.1,0,0,11,11,2,0,0,0,1,0,0,0,0.0,0.0
3B,Mike Schmidt,Mike,Schmidt,Montrose Cobblers,6' 2',205 lbs,R,R,99,Philadelphia Phillies,PHI,1977,1961-1979,,86286,Diamond,All-Star Week - Historical All-Star  3B Mike Schmidt  PHI  1977,0,N,0,72,123,154,158,71,108,86,180,165,68,60,139,145,156,73,43,63,Normal,Normal,Normal,1,1,1,1,1,1,1,1,1,1,1,1,16,-,-,-,-,-,-,-,-,-,-,-,1,NEU,89-91,OTT,Normal,1,12,-,-,-,109,66,117,47,5,7,7,-,-,-,103,109,98,-,-,-,149,-,-,103,109,98,-,-,-,68,63,73,55,9,9,37,34,8,4,0,2,2,9,4,2,0,0,0,1,0,12,1,4.6,0.08,4,0.4,0.3,4.00,0,0,0.0,0.2,0,0,0,0,0,0,0,0.0,0,0,0,0,0,0,0,0,0,0,0,0,0,0,0,0,0,0,0,0,0,0.00,0,0,0,0,0,0.0,0.0,0.0,0.00,9,9,24,16,7,1,1,0,2.62,0.3,1.013,0,0,79.0,0,0,16,15,1,1,4,3,2,0,0,0,0.0,0.0
3B,Gary Sheffield,Gary,Sheffield,Northville Stallions,6' 1',215 lbs,R,R,99,San Diego Padres,SDP,1992,1980-1992,,82746,Diamond,Hardware Heroes  3B Gary Sheffield  SD  1992,0,N,0,86,100,112,71,145,106,77,122,74,155,81,111,109,70,142,5,2,Normal,Normal,Normal,1,1,1,7,1,1,1,7,1,1,1,7,16,-,-,-,-,-,-,-,-,-,-,-,1,GB,89-91,OTT,GB'er,1,16,-,-,-,59,79,83,66,6,6,4,-,-,-,-,76,-,-,-,-,124,-,-,-,76,-,-,-,-,62,45,39,84,4,4,17,16,4,2,0,1,1,2,4,1,1,0,0,0,0,3,0,2.6,-0.21,2,-0.0,0.1,3.71,0,0,0.0,0.3,0,0,0,0,0,0,0,0.0,0,0,0,0,0,0,0,0,0,0,0,0,0,0,0,0,0,0,0,0,0,0.00,0,0,0,0,0,0.0,0.0,0.0,0.00,4,4,10,9,1,0,1,0,2.50,0.4,1.062,0,0,36.0,0,0,8,8,2,2,0,0,0,0,3,0,0.0,0.0
3B,Gary Sheffield,Gary,Sheffield,Dubuque Packers,6' 1',215 lbs,R,R,99,San Diego Padres,SDP,1992,1980-1992,,82746,Diamond,Hardware Heroes  3B Gary Sheffield  SD  1992,0,N,0,86,100,112,71,145,106,77,122,74,155,81,111,109,70,142,5,2,Normal,Normal,Normal,1,1,1,7,1,1,1,7,1,1,1,7,16,-,-,-,-,-,-,-,-,-,-,-,1,GB,89-91,OTT,GB'er,1,16,-,-,-,59,79,83,66,6,6,4,-,-,-,-,76,-,-,-,-,124,-,-,-,76,-,-,-,-,62,45,39,84,7,6,25,23,5,3,0,0,2,4,3,0,0,1,0,1,0,3,0,2.8,0.11,2,-0.4,0.1,3.28,0,0,0.0,0.1,0,0,0,0,0,0,0,0.0,0,0,0,0,0,0,0,0,0,0,0,0,0,0,0,0,0,0,0,0,0,0.00,0,0,0,0,0,0.0,0.0,0.0,0.00,6,6,16,13,3,0,0,0,2.88,0.7,1.062,0,0,50.0,0,0,14,14,2,2,0,0,0,0,1,0,0.0,0.0
3B,Ezra Sutton,Ezra,Sutton,Wilson Horns,6' 0',150 lbs,R,R,91,Boston Beaneaters,ATL,1884,2026,,82750,Diamond,Hardware Heroes  3B Ezra Sutton  BSN  1884,0,N,0,131,86,35,71,125,136,94,42,82,129,130,84,33,68,124,39,32,Groundball,Normal,Normal,1,1,1,2,1,1,1,2,1,1,1,2,16,-,-,16,-,-,-,-,-,-,-,-,2,NEU,89-91,3/4,Normal,1,24,-,-,-,87,107,116,61,9,10,10,-,-,-,-,119,100,-,-,-,154,-,-,-,119,100,-,-,-,68,72,78,88,3,3,13,12,2,1,1,0,0,0,1,1,0,0,0,0,0,3,0,0.8,-0.15,0,-1.0,-0.1,4.08,0,0,0.0,-0.7,0,0,0,0,0,0,0,0.0,0,0,0,0,0,0,0,0,0,0,0,0,0,0,0,0,0,0,0,0,0,0.00,0,0,0,0,0,0.0,0.0,0.0,0.00,4,3,8,7,1,0,0,0,2.67,0.5,1.067,0,0,27.0,0,0,5,5,1,1,1,1,2,1,1,0,0.0,0.0
3B,Hank Thompson,Hank,Thompson,Everett Aqua Sox,5' 9',175 lbs,L,R,87,New York Giants,SFG,1953,1946-1960,UTIL,86668,Gold,50s Theme Week - Super Utility  3B Hank Thompson  NY1  1953,0,N,0,76,78,125,139,102,58,70,91,108,89,82,81,138,150,108,28,4,Flyball,Normal,Normal,1,1,1,7,1,1,1,7,1,1,1,7,16,-,-,-,-,-,-,-,-,-,-,-,1,GB,90-92,OTT,GB'er,1,22,-,-,-,79,92,89,56,74,64,67,-,-,-,88,92,-,85,63,79,142,-,-,88,92,-,85,63,79,78,53,60,86,6,5,18,17,3,3,0,0,0,1,0,0,0,0,0,1,0,4,0,0.6,-0.31,0,-2.5,-0.2,3.39,0,0,0.0,-0.0,0,0,0,0,0,0,0,0.0,0,0,0,0,0,0,0,0,0,0,0,0,0,0,0,0,0,0,0,0,0,0.00,0,0,0,0,0,0.0,0.0,0.0,0.00,6,5,16,14,1,1,2,0,3.21,-0.3,.991,0,0,42.0,0,0,15,14,2,1,0,0,1,0,1,0,0.0,0.0
3B,Hank Thompson,Hank,Thompson,Houston Swangas,5' 9',175 lbs,L,R,87,New York Giants,SFG,1953,1946-1960,UTIL,86668,Gold,50s Theme Week - Super Utility  3B Hank Thompson  NY1  1953,0,N,0,76,78,125,139,102,58,70,91,108,89,82,81,138,150,108,28,4,Flyball,Normal,Normal,1,1,1,7,1,1,1,7,1,1,1,7,16,-,-,-,-,-,-,-,-,-,-,-,1,GB,90-92,OTT,GB'er,1,22,-,-,-,79,92,89,56,74,64,67,-,-,-,88,92,-,85,63,79,142,-,-,88,92,-,85,63,79,78,53,60,86,10,9,34,29,11,9,0,0,2,5,4,5,0,0,0,0,0,6,0,8.6,0.43,8,3.9,0.4,4.38,0,0,0.0,-0.1,0,0,0,0,0,0,0,0.0,0,0,0,0,0,0,0,0,0,0,0,0,0,0,0,0,0,0,0,0,0,0.00,0,0,0,0,0,0.0,0.0,0.0,0.00,1,0,1,0,1,0,0,0,4.50,0.0,1.020,0,0,2.0,0,0,1,1,0,0,0,0,0,0,0,0,0.0,0.0
3B,Hank Thompson,Hank,Thompson,Numenor Faithful,5' 9',175 lbs,L,R,87,New York Giants,SFG,1953,1946-1960,UTIL,86668,Gold,50s Theme Week - Super Utility  3B Hank Thompson  NY1  1953,0,N,0,76,78,125,139,102,58,70,91,108,89,82,81,138,150,108,28,4,Flyball,Normal,Normal,1,1,1,7,1,1,1,7,1,1,1,7,16,-,-,-,-,-,-,-,-,-,-,-,1,GB,90-92,OTT,GB'er,1,22,-,-,-,79,92,89,56,74,64,67,-,-,-,88,92,-,85,63,79,142,-,-,88,92,-,85,63,79,78,53,60,86,3,3,10,10,1,0,0,0,1,3,1,0,0,0,0,0,0,2,0,0.4,-0.05,0,-0.9,-0.1,4.50,0,0,0.0,0.0,0,0,0,0,0,0,0,0.0,0,0,0,0,0,0,0,0,0,0,0,0,0,0,0,0,0,0,0,0,0,0.00,0,0,0,0,0,0.0,0.0,0.0,0.00,3,3,13,8,3,2,0,0,3.81,-0.8,.796,0,0,26.0,0,0,10,9,2,1,1,1,1,0,0,0,0.0,0.0
3B,Honus Wagner,Honus,Wagner,Brookline Bees,5' 11',200 lbs,R,R,99,Pittsburgh Pirates,PIT,1903,2026,UTIL,85540,Diamond,Memorial Day OnStream Builds - Super Utility  SS Honus Wagner  PIT  1903,0,N,0,120,118,89,79,165,102,120,100,72,178,127,117,86,81,161,78,57,Groundball,Normal,Normal,1,1,1,4,1,1,1,4,1,1,1,4,-,-,-,16,-,17,-,-,-,-,-,-,2,NEU,89-91,3/4,Normal,1,11,-,-,-,109,86,96,105,81,120,85,-,-,89,-,114,113,-,-,104,156,-,89,-,114,113,-,-,104,93,88,94,96,3,3,14,14,5,3,2,0,0,1,1,0,0,0,0,0,0,0,0,2.5,-0.02,2,0.6,0.1,2.71,0,0,0.0,0.0,0,0,0,0,0,0,0,0.0,0,0,0,0,0,0,0,0,0,0,0,0,0,0,0,0,0,0,0,0,0,0.00,0,0,0,0,0,0.0,0.0,0.0,0.00,3,3,8,5,3,0,0,0,2.77,0.3,1.062,0,0,26.0,0,0,8,8,0,0,0,0,0,0,0,0,0.0,0.0
3B,Honus Wagner,Honus,Wagner,Looking Glass Loopers TBD,5' 11',200 lbs,R,R,99,Pittsburgh Pirates,PIT,1903,2026,UTIL,85540,Diamond,Memorial Day OnStream Builds - Super Utility  SS Honus Wagner  PIT  1903,0,N,0,120,118,89,79,165,102,120,100,72,178,127,117,86,81,161,78,57,Groundball,Normal,Normal,1,1,1,4,1,1,1,4,1,1,1,4,-,-,-,16,-,17,-,-,-,-,-,-,2,NEU,89-91,3/4,Normal,1,11,-,-,-,109,86,96,105,81,120,85,-,-,89,-,114,113,-,-,104,156,-,89,-,114,113,-,-,104,93,88,94,96,1,,1,1,0,0,0,0,0,0,0,0,0,0,0,0,0,0,0,0.0,-0.09,0,-0.3,-0.0,5.00,0,0,0.0,0.0,0,0,0,0,0,0,0,0.0,0,0,0,0,0,0,0,0,0,0,0,0,0,0,0,0,0,0,0,0,0,0.00,0,0,0,0,0,0.0,0.0,0.0,0.00,1,0,1,0,1,0,0,0,9.00,0.0,.000,0,0,1.0,0,0,0,0,0,0,0,0,0,0,0,0,0.0,0.0
3B,Honus Wagner,Honus,Wagner,Herky Hyenas,5' 11',200 lbs,R,R,99,Pittsburgh Pirates,PIT,1903,2026,UTIL,85540,Diamond,Memorial Day OnStream Builds - Super Utility  SS Honus Wagner  PIT  1903,0,Y,5,130,127,97,86,177,110,130,108,79,191,137,126,93,88,173,78,57,Groundball,Normal,Normal,1,1,1,6,1,1,1,6,1,1,1,6,-,-,-,16,-,17,-,-,-,-,-,-,2,NEU,89-91,3/4,Normal,1,11,-,-,-,109,86,96,105,81,120,85,-,-,96,-,122,121,-,-,111,166,-,96,-,122,121,-,-,111,93,88,94,96,13,12,61,57,21,13,4,1,3,12,8,1,0,0,2,1,0,8,1,13.4,0.71,11,4.6,0.9,3.33,2,0,0.5,0.8,0,0,0,0,0,0,0,0.0,0,0,0,0,0,0,0,0,0,0,0,0,0,0,0,0,0,0,0,0,0,0.00,0,0,0,0,0,0.0,0.0,0.0,0.00,15,12,43,34,7,2,3,0,3.05,0.7,1.005,0,0,121.0,0,0,36,33,2,2,3,3,1,1,2,0,0.0,0.0
3B,Honus Wagner,Honus,Wagner,Shakedown 1977 Microbus TTC - GH,5' 11',200 lbs,R,R,99,Pittsburgh Pirates,PIT,1903,2026,UTIL,85540,Diamond,Memorial Day OnStream Builds - Super Utility  SS Honus Wagner  PIT  1903,0,N,0,120,118,89,79,165,102,120,100,72,178,127,117,86,81,161,78,57,Groundball,Normal,Normal,1,1,1,4,1,1,1,4,1,1,1,4,-,-,-,16,-,17,-,-,-,-,-,-,2,NEU,89-91,3/4,Normal,1,11,-,-,-,109,86,96,105,81,120,85,-,-,89,-,114,113,-,-,104,156,-,89,-,114,113,-,-,104,93,88,94,96,13,13,50,43,16,11,1,2,2,6,8,4,0,1,2,0,0,6,0,12.5,0.73,10,4.9,0.8,3.86,1,0,0.2,0.6,0,0,0,0,0,0,0,0.0,0,0,0,0,0,0,0,0,0,0,0,0,0,0,0,0,0,0,0,0,0,0.00,0,0,0,0,0,0.0,0.0,0.0,0.00,13,13,50,41,7,2,3,0,3.93,0.4,1.012,0,0,110.0,0,0,39,38,7,4,6,4,1,0,2,0,0.0,0.0
3B,Honus Wagner,Honus,Wagner,Houston Swangas,5' 11',200 lbs,R,R,68,Pittsburgh Pirates,PIT,1913,2026,,86712,Bronze,FLF 22 & Co. - Snapshot  SS Honus Wagner  PIT  1913,0,N,0,97,90,69,81,109,122,77,113,51,98,91,94,46,89,113,100,89,Groundball,Normal,Normal,1,1,1,5,1,1,1,5,1,1,1,5,-,-,-,16,-,17,-,-,-,-,-,-,2,NEU,90-92,3/4,Normal,1,16,-,-,-,84,112,88,97,71,75,29,-,-,86,-,108,99,-,53,-,154,-,86,-,108,99,-,53,-,71,84,85,79,3,,3,2,1,0,1,0,0,2,0,1,0,0,0,0,0,1,0,1.5,0.16,1,0.8,0.1,4.67,0,0,0.0,0.1,0,0,0,0,0,0,0,0.0,0,0,0,0,0,0,0,0,0,0,0,0,0,0,0,0,0,0,0,0,0,0.00,0,0,0,0,0,0.0,0.0,0.0,0.00,2,0,3,1,2,0,0,0,9.00,0.0,1.062,0,0,3.0,0,0,1,1,0,0,0,0,0,0,0,0,0.0,0.0
SS,Luis Aparicio,Luis,Aparicio,Everett Aqua Sox,5' 9',160 lbs,R,R,71,Chicago White Sox,CHW,1959,1946-1960,,86612,Silver,50s Theme Week - Historical All-Star  SS Luis Aparicio  CWS  1959,0,N,0,82,66,59,93,198,98,48,45,112,214,77,70,62,88,192,112,93,Normal,Normal,Normal,1,1,1,4,1,1,1,4,1,1,1,4,16,-,-,-,-,-,-,-,-,-,-,-,1,NEU,89-91,3/4,Normal,1,6,-,-,-,117,92,101,108,7,8,5,-,-,-,-,-,123,-,-,-,160,-,-,-,-,123,-,-,-,109,112,117,117,6,1,8,8,5,4,1,0,0,2,0,0,0,0,0,0,0,0,0,3.8,0.33,2,1.9,0.2,3.50,0,0,0.0,0.0,0,0,0,0,0,0,0,0.0,0,0,0,0,0,0,0,0,0,0,0,0,0,0,0,0,0,0,0,0,0,0.00,0,0,0,0,0,0.0,0.0,0.0,0.00,5,1,2,1,1,0,1,0,1.20,0.1,1.080,0,0,15.0,0,0,2,2,0,0,0,0,0,0,0,0,0.0,0.0
SS,Luis Aparicio,Luis,Aparicio,Camjaveratyn O-Forge,5' 9',160 lbs,R,R,71,Chicago White Sox,CHW,1959,1946-1960,,86612,Silver,50s Theme Week - Historical All-Star  SS Luis Aparicio  CWS  1959,0,N,0,82,66,59,93,198,98,48,45,112,214,77,70,62,88,192,112,93,Normal,Normal,Normal,1,1,1,4,1,1,1,4,1,1,1,4,16,-,-,-,-,-,-,-,-,-,-,-,1,NEU,89-91,3/4,Normal,1,6,-,-,-,117,92,101,108,7,8,5,-,-,-,-,-,123,-,-,-,160,-,-,-,-,123,-,-,-,109,112,117,117,5,2,11,11,3,0,3,0,0,2,2,0,0,0,0,0,0,0,0,1.6,0.09,1,0.2,0.1,3.18,0,0,0.0,0.0,0,0,0,0,0,0,0,0.0,0,0,0,0,0,0,0,0,0,0,0,0,0,0,0,0,0,0,0,0,0,0.00,0,0,0,0,0,0.0,0.0,0.0,0.00,2,2,4,4,0,0,0,0,2.12,0.2,1.066,0,0,17.0,0,0,4,4,0,0,0,0,0,0,0,0,0.0,0.0
SS,Luis Aparicio,Luis,Aparicio,Gastonia Peaches,5' 9',160 lbs,R,R,71,Chicago White Sox,CHW,1959,1946-1960,,86612,Silver,50s Theme Week - Historical All-Star  SS Luis Aparicio  CWS  1959,0,N,0,82,66,59,93,198,98,48,45,112,214,77,70,62,88,192,112,93,Normal,Normal,Normal,1,1,1,4,1,1,1,4,1,1,1,4,16,-,-,-,-,-,-,-,-,-,-,-,1,NEU,89-91,3/4,Normal,1,6,-,-,-,117,92,101,108,7,8,5,-,-,-,-,-,123,-,-,-,160,-,-,-,-,123,-,-,-,109,112,117,117,7,,5,5,1,0,1,0,0,0,3,0,0,0,0,0,0,2,0,0.4,-0.08,0,-0.3,0.0,4.20,0,0,0.0,0.2,0,0,0,0,0,0,0,0.0,0,0,0,0,0,0,0,0,0,0,0,0,0,0,0,0,0,0,0,0,0,0.00,0,0,0,0,0,0.0,0.0,0.0,0.00,5,0,6,2,4,0,0,0,3.60,0.0,1.080,0,0,15.0,0,0,5,5,0,0,1,0,0,0,0,0,0.0,0.0
SS,Rich Aurilia,Rich,Aurilia,Numenor Faithful,6' 2',200 lbs,R,R,87,San Francisco Giants,SFG,2001,1993-2004,,86329,Gold,T4 Ep. 5 - Hardware Heroes  SS Rich Aurilia  SF  2001,0,N,0,99,100,124,65,106,77,90,151,59,129,110,105,115,67,99,35,5,Normal,Spray,Spray,1,1,1,1,1,1,1,1,1,1,1,1,16,-,-,-,-,-,-,-,-,-,-,-,1,NEU,90-92,OTT,Normal,1,11,-,-,-,102,78,77,90,9,10,1,-,-,-,-,-,94,-,-,-,149,-,-,-,-,94,-,-,-,44,16,44,48,4,4,15,15,2,1,1,0,0,1,1,0,0,0,0,0,0,5,1,0.2,-0.18,0,-2.1,-0.1,4.33,0,0,0.0,0.3,0,0,0,0,0,0,0,0.0,0,0,0,0,0,0,0,0,0,0,0,0,0,0,0,0,0,0,0,0,0,0.00,0,0,0,0,0,0.0,0.0,0.0,0.00,4,4,13,5,8,0,0,0,3.44,0.6,1.080,0,0,34.0,0,0,10,10,0,0,1,1,2,1,0,0,0.0,0.0
SS,Ernie Banks,Ernie,Banks,Chicago Beans,6' 1',180 lbs,R,R,83,Chicago Cubs,CHC,1961,1961-1979,,85494,Gold,60s Theme Week - Historical All-Star  SS Ernie Banks  CHC  1961,0,Y,5,81,80,122,90,102,75,74,153,96,120,83,82,113,89,98,3,6,Flyball,Normal,Normal,1,1,1,7,1,1,1,7,1,1,1,7,16,-,-,-,-,-,-,-,-,-,-,-,1,NEU,90-92,OTT,Normal,1,4,-,-,-,110,93,88,72,72,89,74,-,-,106,-,-,113,96,-,-,166,-,106,-,-,113,96,-,-,34,14,9,38,6,4,18,16,8,5,1,0,2,3,5,2,0,0,0,0,0,2,0,8.6,0.71,6,4.5,0.5,5.17,0,0,0.0,0.1,0,0,0,0,0,0,0,0.0,0,0,0,0,0,0,0,0,0,0,0,0,0,0,0,0,0,0,0,0,0,0.00,0,0,0,0,0,0.0,0.0,0.0,0.00,6,4,21,6,14,1,2,0,4.00,-0.0,.972,0,0,45.0,0,0,10,9,1,1,0,0,2,1,3,0,0.0,0.0
SS,John Beckwith,John,Beckwith,seebal Saeki,5' 11',200 lbs,R,R,98,Homestead Grays,HoGr,1929,1921-1945,,84571,Diamond,Negro League Star  SS John Beckwith  HoGr  1929,0,N,0,119,115,86,89,103,123,120,92,80,96,118,114,85,93,107,67,59,Line Drive,Normal,Pull,42,55,59,49,42,55,61,50,41,55,57,49,62,-,63,-,-,-,-,-,-,-,-,-,2,EX FB,92-94,3/4,Normal,24,60,59,61,69,93,65,91,78,74,60,72,138,60,82,98,90,84,85,63,80,138,60,82,98,90,84,85,63,80,56,39,42,61,5,5,22,22,4,1,3,0,0,1,3,0,0,0,0,0,0,2,0,1.3,0.03,0,-1.9,-0.2,2.86,0,0,0.0,-0.3,0,0,0,0,0,0,0,0.0,0,0,0,0,0,0,0,0,0,0,0,0,0,0,0,0,0,0,0,0,0,0.00,0,0,0,0,0,0.0,0.0,0.0,0.00,1,1,5,0,5,0,0,0,5.00,0.0,.000,0,0,9.0,0,3,0,0,0,0,0,0,0,0,0,0,-0.3,0.0
SS,John Beckwith,John,Beckwith,Providence Friars - HotL,5' 11',200 lbs,R,R,98,Homestead Grays,HoGr,1929,1921-1945,,84571,Diamond,Negro League Star  SS John Beckwith  HoGr  1929,0,Y,5,128,124,93,97,111,133,130,100,87,104,127,123,92,101,116,67,59,Line Drive,Normal,Pull,47,60,65,54,47,60,67,55,46,60,63,54,62,-,63,-,-,-,-,-,-,-,-,-,2,EX FB,92-94,3/4,Normal,24,60,59,61,69,93,65,91,78,74,60,72,147,64,88,105,97,91,91,68,86,147,64,88,105,97,91,91,68,86,56,39,42,61,7,7,30,29,8,7,1,0,0,2,4,1,0,0,0,0,0,6,1,2.5,-0.34,2,-1.1,0.0,3.70,0,0,0.0,0.1,0,0,0,0,0,0,0,0.0,0,0,0,0,0,0,0,0,0,0,0,0,0,0,0,0,0,0,0,0,0,0.00,0,0,0,0,0,0.0,0.0,0.0,0.00,7,7,46,16,30,0,5,0,6.71,0.4,1.064,0,0,61.2,0,10,18,16,4,4,2,1,0,0,2,0,0.0,0.0
SS,John Beckwith,John,Beckwith,Youngstown Ironmen,5' 11',200 lbs,R,R,98,Homestead Grays,HoGr,1929,1921-1945,,84571,Diamond,Negro League Star  SS John Beckwith  HoGr  1929,0,N,0,119,115,86,89,103,123,120,92,80,96,118,114,85,93,107,67,59,Line Drive,Normal,Pull,42,55,59,49,42,55,61,50,41,55,57,49,62,-,63,-,-,-,-,-,-,-,-,-,2,EX FB,92-94,3/4,Normal,24,60,59,61,69,93,65,91,78,74,60,72,138,60,82,98,90,84,85,63,80,138,60,82,98,90,84,85,63,80,56,39,42,61,7,7,29,24,7,5,1,0,1,3,3,4,0,1,0,0,0,10,1,4.7,0.02,5,1.7,0.2,4.07,0,0,0.0,0.1,0,0,0,0,0,0,0,0.0,0,0,0,0,0,0,0,0,0,0,0,0,0,0,0,0,0,0,0,0,0,0.00,0,0,0,0,0,0.0,0.0,0.0,0.00,7,7,38,4,33,1,1,0,5.52,-1.0,.867,1,0,60.1,0,9,16,13,1,1,2,1,2,0,2,0,-0.1,0.0
SS,Mark Belanger,Mark,Belanger,Great Lakes Man-of-War-HOTL,6' 1',170 lbs,R,R,80,Baltimore Orioles,BAL,1976,1961-1979,LE,86873,Gold,Limited Edition/97  SS Mark Belanger  BAL  1976,0,N,0,112,85,20,116,118,103,76,10,111,168,116,88,24,118,103,110,84,Groundball,Spray,Spray,1,1,1,2,1,1,1,2,1,1,1,2,16,-,-,-,-,-,-,-,-,-,-,-,1,NEU,89-91,3/4,Normal,1,9,-,-,-,124,120,117,114,2,4,2,-,-,-,-,-,145,-,-,-,170,-,-,-,-,145,-,-,-,66,78,86,71,7,7,25,21,7,4,3,0,0,3,3,3,0,0,1,0,0,2,0,4.1,0.24,4,1.2,0.2,3.16,0,1,-0.5,0.1,0,0,0,0,0,0,0,0.0,0,0,0,0,0,0,0,0,0,0,0,0,0,0,0,0,0,0,0,0,0,0.00,0,0,0,0,0,0.0,0.0,0.0,0.00,7,7,16,11,5,0,1,0,2.44,0.4,1.188,0,0,59.0,0,0,13,13,2,1,1,0,1,0,2,0,0.0,0.0
SS,Mark Belanger,Mark,Belanger,Globo Gym Purple Cobras - JW,6' 1',170 lbs,R,R,80,Baltimore Orioles,BAL,1976,1961-1979,LE,86873,Gold,Limited Edition/97  SS Mark Belanger  BAL  1976,0,N,0,112,85,20,116,118,103,76,10,111,168,116,88,24,118,103,110,84,Groundball,Spray,Spray,1,1,1,2,1,1,1,2,1,1,1,2,16,-,-,-,-,-,-,-,-,-,-,-,1,NEU,89-91,3/4,Normal,1,9,-,-,-,124,120,117,114,2,4,2,-,-,-,-,-,145,-,-,-,170,-,-,-,-,145,-,-,-,66,78,86,71,4,4,17,15,5,4,1,0,0,0,2,1,0,0,1,0,0,5,0,2.4,0.08,2,0.1,0.1,3.94,0,0,0.0,0.1,0,0,0,0,0,0,0,0.0,0,0,0,0,0,0,0,0,0,0,0,0,0,0,0,0,0,0,0,0,0,0.00,0,0,0,0,0,0.0,0.0,0.0,0.00,4,4,15,10,5,0,1,0,3.55,0.5,1.080,0,0,38.0,0,0,9,9,2,2,1,1,1,0,2,0,0.0,0.0
SS,Xander Bogaerts,Xander,Bogaerts,Oslo Nordiques,6' 2',220 lbs,R,R,95,Boston Red Sox,BOS,2019,2015+,ME,83961,Diamond,Live Collection Reward - Historical All-Star  SS Xander Bogaerts  BOS  2019,0,N,0,109,99,88,93,105,96,94,98,83,100,114,101,85,97,107,5,5,Groundball,Ex. Pull,Pull,1,1,1,5,1,1,1,5,1,1,1,5,17,17,17,-,-,-,-,-,-,-,-,-,3,NEU,93-95,3/4,Normal,1,16,-,-,-,91,108,87,96,8,6,8,-,-,-,-,-,102,-,-,-,155,-,-,-,-,102,-,-,-,89,19,26,78,3,3,16,16,5,3,2,0,0,1,2,0,0,0,0,0,0,2,1,1.8,0.10,2,0.1,0.1,2.81,0,0,0.0,0.3,0,0,0,0,0,0,0,0.0,0,0,0,0,0,0,0,0,0,0,0,0,0,0,0,0,0,0,0,0,0,0.00,0,0,0,0,0,0.0,0.0,0.0,0.00,0,0,0,0,0,0,0,0,0.00,0.0,.000,0,0,0.0,0,0,0,0,0,0,0,0,0,0,0,0,0.0,0.0
SS,Xander Bogaerts,Xander,Bogaerts,Junk Wax Heroes,6' 2',220 lbs,R,R,95,Boston Red Sox,BOS,2019,2015+,ME,83961,Diamond,Live Collection Reward - Historical All-Star  SS Xander Bogaerts  BOS  2019,0,N,0,109,99,88,93,105,96,94,98,83,100,114,101,85,97,107,5,5,Groundball,Ex. Pull,Pull,1,1,1,5,1,1,1,5,1,1,1,5,17,17,17,-,-,-,-,-,-,-,-,-,3,NEU,93-95,3/4,Normal,1,16,-,-,-,91,108,87,96,8,6,8,-,-,-,-,-,102,-,-,-,155,-,-,-,-,102,-,-,-,89,19,26,78,4,2,10,9,3,2,0,0,1,6,2,1,0,0,0,0,0,0,0,2.5,0.54,2,1.1,0.1,3.70,0,0,0.0,0.0,0,0,0,0,0,0,0,0.0,0,0,0,0,0,0,0,0,0,0,0,0,0,0,0,0,0,0,0,0,0,0.00,0,0,0,0,0,0.0,0.0,0.0,0.00,1,0,0,0,0,0,0,0,0.00,0.0,.000,0,0,1.0,0,0,0,0,0,0,0,0,0,0,0,0,0.0,0.0
SS,Asdrubal Cabrera,Asdrubal,Cabrera,NoseKerim Astea Kerim,6' 0',205 lbs,S,R,85,Cleveland,CLE,2011,2005-2014,,86262,Gold,All-Star Week - Historical All-Star  SS Asdrubal Cabrera  CLE  2011,0,Y,5,100,97,118,75,105,103,88,93,75,131,100,100,128,75,100,64,51,Normal,Pull,Pull,1,1,1,1,1,1,1,1,1,1,1,1,17,-,17,-,-,-,-,-,-,-,-,-,2,EX FB,96-98,3/4,Normal,1,21,-,-,-,100,51,101,87,5,8,10,-,-,-,112,102,97,-,-,-,147,-,-,112,102,97,-,-,-,65,62,83,69,4,3,13,13,1,1,0,0,0,0,1,0,0,0,0,0,0,3,0,0.1,-0.21,-1,-2.7,-0.2,3.92,0,0,0.0,0.0,0,0,0,0,0,0,0,0.0,0,0,0,0,0,0,0,0,0,0,0,0,0,0,0,0,0,0,0,0,0,0.00,0,0,0,0,0,0.0,0.0,0.0,0.00,4,3,12,7,5,0,1,0,3.45,0.1,1.054,0,0,31.1,0,0,6,6,3,2,1,1,1,0,1,0,0.0,0.0
SS,Asdrubal Cabrera,Asdrubal,Cabrera,Roaming Rascals BFF,6' 0',205 lbs,S,R,85,Cleveland,CLE,2011,2005-2014,,86262,Gold,All-Star Week - Historical All-Star  SS Asdrubal Cabrera  CLE  2011,0,Y,5,100,97,118,75,105,103,88,93,75,131,100,100,128,75,100,64,51,Normal,Pull,Pull,1,1,1,1,1,1,1,1,1,1,1,1,17,-,17,-,-,-,-,-,-,-,-,-,2,EX FB,96-98,3/4,Normal,1,21,-,-,-,100,51,101,87,5,8,10,-,-,-,112,102,97,-,-,-,147,-,-,112,102,97,-,-,-,65,62,83,69,11,11,41,41,6,4,2,0,0,1,2,0,0,0,0,0,0,7,0,1.2,-0.65,0,-5.7,-0.4,3.88,0,0,0.0,0.0,0,0,0,0,0,0,0,0.0,0,0,0,0,0,0,0,0,0,0,0,0,0,0,0,0,0,0,0,0,0,0.00,0,0,0,0,0,0.0,0.0,0.0,0.00,12,11,39,26,13,0,5,0,3.58,0.4,1.055,0,0,98.0,0,0,28,28,3,2,0,0,4,0,2,0,0.0,0.0
SS,Leo Cardenas,Leo,Cardenas,NoseKerim Astea Kerim,5' 10',165 lbs,R,R,68,Cincinnati Reds,CIN,1965,1961-1979,,85843,Bronze,T4 Ep. 3 - Hardware Heroes  SS Leo Cardenas  CIN  1965,0,Y,5,125,90,76,93,81,132,86,86,113,87,124,92,74,88,79,51,3,Groundball,Normal,Normal,1,1,1,1,1,1,1,1,1,1,1,1,16,-,-,-,-,-,-,-,-,-,-,-,1,NEU,90-92,3/4,Normal,1,19,-,-,-,105,112,71,97,10,4,6,-,-,-,-,-,117,-,-,-,170,-,-,-,-,117,-,-,-,56,21,6,64,6,6,24,22,4,3,1,0,0,0,1,2,0,0,0,0,0,5,0,1.4,-0.42,1,-1.9,-0.1,4.21,0,0,0.0,-0.0,0,0,0,0,0,0,0,0.0,0,0,0,0,0,0,0,0,0,0,0,0,0,0,0,0,0,0,0,0,0,0.00,0,0,0,0,0,0.0,0.0,0.0,0.00,6,6,17,7,9,1,5,0,2.31,0.1,.960,0,0,62.1,0,0,9,8,1,1,0,0,0,0,2,1,0.0,0.0
SS,Yu Chang,Yu,Chang,Providence Friars - HotL,6' 1',180 lbs,R,R,89,Boston Red Sox,BOS,2023,2015+,WBC,82774,Gold,World Baseball Classic  SS Yu Chang  TPE  2023,0,Y,5,124,100,103,84,88,147,122,103,105,97,118,94,104,76,86,61,60,Groundball,Spray,Spray,1,1,1,1,1,1,1,1,1,1,1,4,17,-,-,17,-,-,-,-,-,-,-,-,2,EX FB,97-99,3/4,Normal,1,20,-,-,-,88,103,82,90,1,3,2,-,-,103,118,109,102,-,-,-,162,-,103,118,109,102,-,-,-,71,56,78,76,9,9,39,34,11,6,4,1,0,4,5,4,0,0,0,1,0,8,1,6.7,0.15,6,1.9,0.4,3.97,0,0,0.0,0.2,0,0,0,0,0,0,0,0.0,0,0,0,0,0,0,0,0,0,0,0,0,0,0,0,0,0,0,0,0,0,0.00,0,0,0,0,0,0.0,0.0,0.0,0.00,9,9,40,20,20,0,5,0,4.46,0.4,1.056,0,0,80.2,0,0,21,20,6,5,0,0,3,1,2,0,0.0,0.0
SS,Yu Chang,Yu,Chang,Shibuya Shredders - GH,6' 1',180 lbs,R,R,89,Boston Red Sox,BOS,2023,2015+,WBC,82774,Gold,World Baseball Classic  SS Yu Chang  TPE  2023,0,Y,5,124,100,103,84,88,147,122,103,105,97,118,94,104,76,86,61,60,Groundball,Spray,Spray,1,1,1,1,1,1,1,1,1,1,1,4,17,-,-,17,-,-,-,-,-,-,-,-,2,EX FB,97-99,3/4,Normal,1,20,-,-,-,88,103,82,90,1,3,2,-,-,103,118,109,102,-,-,-,162,-,103,118,109,102,-,-,-,71,56,78,76,10,4,24,23,8,7,0,0,1,2,5,1,0,0,0,0,0,4,0,3.8,0.18,4,1.1,0.2,2.92,0,1,-0.5,-0.2,0,0,0,0,0,0,0,0.0,0,0,0,0,0,0,0,0,0,0,0,0,0,0,0,0,0,0,0,0,0,0.00,0,0,0,0,0,0.0,0.0,0.0,0.00,10,4,35,9,26,0,5,0,6.34,0.5,1.064,0,0,49.2,0,0,12,11,4,4,1,1,1,0,0,0,0.0,0.0
SS,Yu Chang,Yu,Chang,New York Jackhammers,6' 1',180 lbs,R,R,89,Boston Red Sox,BOS,2023,2015+,WBC,82774,Gold,World Baseball Classic  SS Yu Chang  TPE  2023,0,N,0,115,92,95,77,81,136,113,95,97,89,109,87,96,70,79,61,60,Groundball,Spray,Spray,1,1,1,1,1,1,1,1,1,1,1,2,17,-,-,17,-,-,-,-,-,-,-,-,2,EX FB,97-99,3/4,Normal,1,20,-,-,-,88,103,82,90,1,3,2,-,-,96,110,102,95,-,-,-,152,-,96,110,102,95,-,-,-,71,56,78,76,6,4,16,15,3,3,0,0,0,1,0,1,0,0,0,0,0,7,0,0.8,-0.20,0,-1.4,-0.1,4.62,0,0,0.0,-0.0,0,0,0,0,0,0,0,0.0,0,0,0,0,0,0,0,0,0,0,0,0,0,0,0,0,0,0,0,0,0,0.00,0,0,0,0,0,0.0,0.0,0.0,0.00,6,4,14,11,2,1,1,0,3.25,-0.0,.980,0,0,36.0,0,0,12,11,2,2,0,0,1,0,0,0,0.0,0.0
SS,Yu Chang,Yu,Chang,Lowlyworm's Apple Car,6' 1',180 lbs,R,R,89,Boston Red Sox,BOS,2023,2015+,WBC,82774,Gold,World Baseball Classic  SS Yu Chang  TPE  2023,0,N,0,115,92,95,77,81,136,113,95,97,89,109,87,96,70,79,61,60,Groundball,Spray,Spray,1,1,1,1,1,1,1,1,1,1,1,2,17,-,-,17,-,-,-,-,-,-,-,-,2,EX FB,97-99,3/4,Normal,1,20,-,-,-,88,103,82,90,1,3,2,-,-,96,110,102,95,-,-,-,152,-,96,110,102,95,-,-,-,71,56,78,76,7,6,23,23,5,4,1,0,0,3,1,0,0,0,0,0,0,3,0,1.3,-0.03,0,-2.0,-0.1,3.70,0,0,0.0,0.0,0,0,0,0,0,0,0,0.0,0,0,0,0,0,0,0,0,0,0,0,0,0,0,0,0,0,0,0,0,0,0.00,0,0,0,0,0,0.0,0.0,0.0,0.00,7,6,21,15,5,1,1,0,3.46,0.4,1.013,0,0,52.0,0,0,12,12,4,4,3,1,1,0,0,0,0.0,0.0
SS,Carlos Correa,Carlos,Correa,Oslo Nordiques,6' 4',215 lbs,R,R,99,Houston Astros,HOU,2021,2015+,ME,84363,Diamond,Live Collection Reward - Historical All-Star  SS Carlos Correa  HOU  2021,0,N,0,88,75,102,95,94,101,77,97,114,109,84,75,104,90,90,14,3,Normal,Pull,Pull,1,1,1,1,1,1,1,1,1,1,1,1,16,-,-,-,-,-,-,-,-,-,-,-,1,NEU,91-93,3/4,Normal,1,21,-,-,-,107,72,99,83,8,3,7,-,-,-,-,-,102,-,-,-,151,-,-,-,-,102,-,-,-,66,1,1,46,3,3,13,13,4,4,0,0,0,0,0,0,0,0,0,0,0,2,0,1.2,-0.11,1,-0.5,0.0,4.08,0,0,0.0,0.0,0,0,0,0,0,0,0,0.0,0,0,0,0,0,0,0,0,0,0,0,0,0,0,0,0,0,0,0,0,0,0.00,0,0,0,0,0,0.0,0.0,0.0,0.00,3,3,9,6,3,0,1,0,2.79,0.1,.926,0,0,29.0,0,0,4,4,1,1,2,1,2,1,0,0,0.0,0.0
SS,Carlos Correa,Carlos,Correa,Three Mile Island Atomic Isotopes,6' 4',215 lbs,R,R,99,Houston Astros,HOU,2021,2015+,ME,84363,Diamond,Live Collection Reward - Historical All-Star  SS Carlos Correa  HOU  2021,0,N,0,88,75,102,95,94,101,77,97,114,109,84,75,104,90,90,14,3,Normal,Pull,Pull,1,1,1,1,1,1,1,1,1,1,1,1,16,-,-,-,-,-,-,-,-,-,-,-,1,NEU,91-93,3/4,Normal,1,21,-,-,-,107,72,99,83,8,3,7,-,-,-,-,-,102,-,-,-,151,-,-,-,-,102,-,-,-,66,1,1,46,4,4,17,14,3,3,0,0,0,0,2,2,0,1,0,0,0,3,0,1.3,-0.11,1,-0.5,0.0,4.41,0,0,0.0,0.0,0,0,0,0,0,0,0,0.0,0,0,0,0,0,0,0,0,0,0,0,0,0,0,0,0,0,0,0,0,0,0.00,0,0,0,0,0,0.0,0.0,0.0,0.00,4,4,6,4,2,0,1,0,1.59,0.1,1.350,0,0,34.0,0,0,4,2,1,1,3,2,0,0,1,0,0.0,0.0
SS,Carlos Correa,Carlos,Correa,Junk Wax Heroes,6' 4',215 lbs,R,R,99,Houston Astros,HOU,2021,2015+,ME,84363,Diamond,Live Collection Reward - Historical All-Star  SS Carlos Correa  HOU  2021,0,N,0,88,75,102,95,94,101,77,97,114,109,84,75,104,90,90,14,3,Normal,Pull,Pull,1,1,1,1,1,1,1,1,1,1,1,1,16,-,-,-,-,-,-,-,-,-,-,-,1,NEU,91-93,3/4,Normal,1,21,-,-,-,107,72,99,83,8,3,7,-,-,-,-,-,102,-,-,-,151,-,-,-,-,102,-,-,-,66,1,1,46,3,1,5,5,3,3,0,0,0,3,1,0,0,0,0,0,0,1,0,1.8,0.16,1,0.9,0.1,4.80,0,0,0.0,0.1,0,0,0,0,0,0,0,0.0,0,0,0,0,0,0,0,0,0,0,0,0,0,0,0,0,0,0,0,0,0,0.00,0,0,0,0,0,0.0,0.0,0.0,0.00,1,1,5,2,3,0,0,0,5.00,0.1,1.080,0,0,9.0,0,0,3,3,0,0,0,0,0,0,0,0,0.0,0.0
SS,Carlos Correa,Carlos,Correa,Dubuque Packers,6' 4',215 lbs,R,R,99,Houston Astros,HOU,2021,2015+,ME,84363,Diamond,Live Collection Reward - Historical All-Star  SS Carlos Correa  HOU  2021,0,N,0,88,75,102,95,94,101,77,97,114,109,84,75,104,90,90,14,3,Normal,Pull,Pull,1,1,1,1,1,1,1,1,1,1,1,1,16,-,-,-,-,-,-,-,-,-,-,-,1,NEU,91-93,3/4,Normal,1,21,-,-,-,107,72,99,83,8,3,7,-,-,-,-,-,102,-,-,-,151,-,-,-,-,102,-,-,-,66,1,1,46,7,6,26,26,8,7,0,0,1,1,3,0,0,0,0,0,0,6,1,3.0,0.10,3,0.0,0.2,4.19,0,0,0.0,0.1,0,0,0,0,0,0,0,0.0,0,0,0,0,0,0,0,0,0,0,0,0,0,0,0,0,0,0,0,0,0,0.00,0,0,0,0,0,0.0,0.0,0.0,0.00,7,6,20,13,7,0,5,0,3.10,1.1,1.188,0,0,58.0,0,0,10,10,1,1,3,3,1,0,0,0,0.0,0.0
SS,Carlos Correa,Carlos,Correa,Jeju City Foxes,6' 4',215 lbs,R,R,99,Houston Astros,HOU,2021,2015+,ME,84363,Diamond,Live Collection Reward - Historical All-Star  SS Carlos Correa  HOU  2021,0,N,0,88,75,102,95,94,101,77,97,114,109,84,75,104,90,90,14,3,Normal,Pull,Pull,1,1,1,1,1,1,1,1,1,1,1,1,16,-,-,-,-,-,-,-,-,-,-,-,1,NEU,91-93,3/4,Normal,1,21,-,-,-,107,72,99,83,8,3,7,-,-,-,-,-,102,-,-,-,151,-,-,-,-,102,-,-,-,66,1,1,46,5,5,18,16,3,1,1,0,1,2,3,2,0,0,0,0,0,4,1,1.7,0.06,2,-0.1,0.0,4.11,0,0,0.0,0.1,0,0,0,0,0,0,0,0.0,0,0,0,0,0,0,0,0,0,0,0,0,0,0,0,0,0,0,0,0,0,0.00,0,0,0,0,0,0.0,0.0,0.0,0.00,5,5,25,14,10,1,2,0,4.91,-0.6,.997,0,0,44.0,0,0,16,14,2,1,2,0,1,0,0,0,0.0,0.0
SS,Zack Cozart,Zack,Cozart,Gastonia Peaches,6' 0',205 lbs,R,R,83,Cincinnati Reds,CIN,2017,2015+,CS,86109,Gold,Clubhouse - Baseball Reference 5  SS Zack Cozart  CIN  2017,0,N,0,100,80,102,115,100,122,108,112,114,112,95,71,99,115,98,8,5,Normal,Ex. Pull,Pull,1,1,1,2,1,1,1,2,1,1,1,2,16,-,-,-,-,-,-,-,-,-,-,-,1,NEU,91-93,OTT,Normal,1,13,-,-,-,102,63,84,112,5,1,10,-,-,-,-,94,97,-,-,-,144,-,-,-,94,97,-,-,-,56,34,66,52,7,7,28,25,6,5,1,0,0,1,2,3,0,0,0,0,0,3,0,2.5,-0.04,2,-0.9,-0.1,3.79,0,0,0.0,0.0,0,0,0,0,0,0,0,0.0,0,0,0,0,0,0,0,0,0,0,0,0,0,0,0,0,0,0,0,0,0,0.00,0,0,0,0,0,0.0,0.0,0.0,0.00,10,7,33,18,12,3,4,0,4.15,-1.2,.916,0,0,65.0,0,0,22,19,4,1,2,1,0,0,1,0,0.0,0.0
SS,Zack Cozart,Zack,Cozart,Numenor Faithful,6' 0',205 lbs,R,R,83,Cincinnati Reds,CIN,2017,2015+,CS,86109,Gold,Clubhouse - Baseball Reference 5  SS Zack Cozart  CIN  2017,0,N,0,100,80,102,115,100,122,108,112,114,112,95,71,99,115,98,8,5,Normal,Ex. Pull,Pull,1,1,1,2,1,1,1,2,1,1,1,2,16,-,-,-,-,-,-,-,-,-,-,-,1,NEU,91-93,OTT,Normal,1,13,-,-,-,102,63,84,112,5,1,10,-,-,-,-,94,97,-,-,-,144,-,-,-,94,97,-,-,-,56,34,66,52,2,1,5,5,1,1,0,0,0,0,0,0,0,0,0,0,0,1,0,0.2,-0.07,0,-0.6,-0.0,3.80,0,0,0.0,0.0,0,0,0,0,0,0,0,0.0,0,0,0,0,0,0,0,0,0,0,0,0,0,0,0,0,0,0,0,0,0,0.00,0,0,0,0,0,0.0,0.0,0.0,0.00,1,1,4,4,0,0,2,0,4.50,0.1,1.062,0,0,8.0,0,0,4,4,0,0,0,0,0,0,2,0,0.0,0.0
SS,Joe Cronin,Joe,Cronin,Chicago Beans,6' 0',180 lbs,R,R,94,Boston Red Sox,BOS,1938,1921-1945,PTMS,86602,Diamond,PTMS 2  SS Joe Cronin  BOS  1938,0,N,0,108,152,102,182,81,70,140,20,238,72,125,156,128,163,84,86,69,Line Drive,Spray,Spray,1,1,1,5,1,1,1,5,1,1,1,5,16,-,-,-,-,-,-,-,-,-,-,-,1,NEU,89-91,OTT,Normal,1,23,-,-,-,109,67,95,110,2,6,1,-,-,-,-,106,107,-,-,-,151,-,-,-,106,107,-,-,-,48,44,62,55,7,6,26,25,2,2,0,0,0,1,2,1,0,0,0,0,0,10,0,0.3,-0.57,-1,-4.7,-0.3,3.73,0,0,0.0,-0.0,0,0,0,0,0,0,0,0.0,0,0,0,0,0,0,0,0,0,0,0,0,0,0,0,0,0,0,0,0,0,0.00,0,0,0,0,0,0.0,0.0,0.0,0.00,6,6,22,14,7,1,4,0,3.50,0.3,1.080,0,0,54.0,0,0,17,15,1,1,1,0,3,2,2,0,0.0,0.0
SS,Joe Cronin,Joe,Cronin,Roaming Rascals BFF,6' 0',180 lbs,R,R,94,Boston Red Sox,BOS,1938,1921-1945,PTMS,86602,Diamond,PTMS 2  SS Joe Cronin  BOS  1938,0,N,0,108,152,102,182,81,70,140,20,238,72,125,156,128,163,84,86,69,Line Drive,Spray,Spray,1,1,1,5,1,1,1,5,1,1,1,5,16,-,-,-,-,-,-,-,-,-,-,-,1,NEU,89-91,OTT,Normal,1,23,-,-,-,109,67,95,110,2,6,1,-,-,-,-,106,107,-,-,-,151,-,-,-,106,107,-,-,-,48,44,62,55,10,9,42,40,13,9,4,0,0,5,5,1,0,0,1,0,0,7,0,5.9,-0.05,5,0.3,0.3,4.21,0,0,0.0,0.6,0,0,0,0,0,0,0,0.0,0,0,0,0,0,0,0,0,0,0,0,0,0,0,0,0,0,0,0,0,0,0.00,0,0,0,0,0,0.0,0.0,0.0,0.00,10,9,26,20,5,1,2,0,2.74,0.7,1.031,0,0,82.0,0,0,18,17,3,3,4,3,0,0,2,0,0.0,0.0
SS,Paul DeJong,Paul,DeJong,Winnipeg Golden Knights,6' 0',205 lbs,R,R,68,St. Louis Cardinals,STL,2019,2015+,BBR,84816,Bronze,Baseball Reference 1  SS Paul DeJong  STL  2019,0,N,0,62,84,91,77,79,71,81,78,91,72,60,85,95,72,82,4,10,Normal,Pull,Pull,1,1,1,1,1,1,1,1,1,1,1,1,16,-,-,-,-,-,-,-,-,-,-,-,1,NEU,91-93,3/4,Normal,1,21,-,-,-,76,102,90,98,9,7,6,-,-,-,103,101,90,-,-,-,148,-,-,103,101,90,-,-,-,49,55,66,71,7,,7,5,2,2,0,0,0,1,0,1,0,0,0,1,0,1,0,1.2,0.08,1,0.2,0.1,4.57,0,0,0.0,0.0,0,0,0,0,0,0,0,0.0,0,0,0,0,0,0,0,0,0,0,0,0,0,0,0,0,0,0,0,0,0,0.00,0,0,0,0,0,0.0,0.0,0.0,0.00,7,0,6,4,2,0,1,0,2.57,0.1,1.054,0,0,21.0,0,0,4,4,0,0,0,0,0,0,0,0,0.0,0.0
SS,Paul DeJong,Paul,DeJong,Youngstown Ironmen,6' 0',205 lbs,R,R,68,St. Louis Cardinals,STL,2019,2015+,BBR,84816,Bronze,Baseball Reference 1  SS Paul DeJong  STL  2019,0,Y,5,68,91,99,84,86,77,88,85,99,79,66,92,103,79,89,4,10,Normal,Pull,Pull,1,1,1,1,1,1,1,1,1,1,1,1,16,-,-,-,-,-,-,-,-,-,-,-,1,NEU,91-93,3/4,Normal,1,21,-,-,-,76,102,90,98,9,7,6,-,-,-,111,109,97,-,-,-,158,-,-,111,109,97,-,-,-,49,55,66,71,5,4,18,16,6,5,0,0,1,2,2,2,0,0,0,0,0,1,1,3.7,0.04,3,1.8,0.2,3.61,0,0,0.0,-0.0,0,0,0,0,0,0,0,0.0,0,0,0,0,0,0,0,0,0,0,0,0,0,0,0,0,0,0,0,0,0,0.00,0,0,0,0,0,0.0,0.0,0.0,0.00,5,4,18,10,8,0,2,0,4.02,-0.3,.960,0,0,40.1,0,0,9,9,1,1,4,0,2,1,1,0,0.0,0.0
SS,Tim Foli,Tim,Foli,Arkham Horrors,6' 0',180 lbs,R,R,62,Pittsburgh Pirates,PIT,1979,1961-1979,,82888,Bronze,Unsung Heroes  SS Tim Foli  PIT  1979,0,N,0,80,68,20,38,178,68,38,8,38,191,84,75,24,39,174,103,97,Groundball,Normal,Normal,1,1,1,7,1,1,1,7,1,1,2,7,16,-,-,-,-,-,-,-,-,-,-,-,1,GB,91-93,3/4,GB'er,1,23,-,-,-,89,97,81,94,1,1,2,-,-,-,111,-,94,-,-,-,151,-,-,111,-,94,-,-,-,41,41,60,74,3,3,11,11,3,3,0,0,0,1,2,0,0,0,0,0,0,2,1,0.5,-0.02,0,-0.7,0.0,3.18,0,0,0.0,0.0,0,0,0,0,0,0,0,0.0,0,0,0,0,0,0,0,0,0,0,0,0,0,0,0,0,0,0,0,0,0,0.00,0,0,0,0,0,0.0,0.0,0.0,0.00,3,3,10,6,4,0,0,0,3.60,0.6,1.080,0,0,25.0,0,0,6,6,1,1,1,1,4,2,1,0,0.0,0.0
SS,Tim Foli,Tim,Foli,Montrose Cobblers,6' 0',180 lbs,R,R,62,Pittsburgh Pirates,PIT,1979,1961-1979,,82888,Bronze,Unsung Heroes  SS Tim Foli  PIT  1979,0,N,0,80,68,20,38,178,68,38,8,38,191,84,75,24,39,174,103,97,Groundball,Normal,Normal,1,1,1,7,1,1,1,7,1,1,2,7,16,-,-,-,-,-,-,-,-,-,-,-,1,GB,91-93,3/4,GB'er,1,23,-,-,-,89,97,81,94,1,1,2,-,-,-,111,-,94,-,-,-,151,-,-,111,-,94,-,-,-,41,41,60,74,2,2,7,6,1,1,0,0,0,0,0,1,0,0,0,0,0,2,0,0.4,-0.02,0,-0.5,-0.0,4.86,0,0,0.0,0.0,0,0,0,0,0,0,0,0.0,0,0,0,0,0,0,0,0,0,0,0,0,0,0,0,0,0,0,0,0,0,0.00,0,0,0,0,0,0.0,0.0,0.0,0.00,2,2,4,2,2,0,1,0,2.12,0.1,1.080,0,0,17.0,0,0,0,0,0,0,1,1,0,0,0,0,0.0,0.0
SS,Rafael Furcal,Rafael,Furcal,Camjaveratyn O-Forge,5' 8',185 lbs,S,R,69,Atlanta Braves,ATL,2003,1993-2004,,86308,Bronze,HOF Week - Historical All-Star  SS Rafael Furcal  ATL  2003,0,N,0,89,94,64,85,122,55,132,73,129,113,98,86,62,73,125,82,87,Line Drive,Pull,Pull,1,1,1,5,1,1,1,5,1,1,1,5,16,-,-,-,-,-,-,-,-,-,-,-,1,NEU,90-92,3/4,Normal,1,5,-,-,-,115,43,102,108,5,2,3,-,-,-,-,-,104,-,-,-,144,-,-,-,-,104,-,-,-,108,68,117,80,2,2,7,6,2,1,0,1,0,1,1,1,0,0,0,0,0,2,0,1.8,0.05,1,0.8,0.0,3.71,0,0,0.0,0.0,0,0,0,0,0,0,0,0.0,0,0,0,0,0,0,0,0,0,0,0,0,0,0,0,0,0,0,0,0,0,0.00,0,0,0,0,0,0.0,0.0,0.0,0.00,2,2,1,0,1,0,0,0,0.53,-0.3,1.014,0,0,17.0,0,0,1,1,0,0,1,0,2,0,0,0,0.0,-0.3
SS,Rafael Furcal,Rafael,Furcal,Altoona Mountain Citys,5' 8',185 lbs,S,R,69,Atlanta Braves,ATL,2003,1993-2004,,86308,Bronze,HOF Week - Historical All-Star  SS Rafael Furcal  ATL  2003,0,N,0,89,94,64,85,122,55,132,73,129,113,98,86,62,73,125,82,87,Line Drive,Pull,Pull,1,1,1,5,1,1,1,5,1,1,1,5,16,-,-,-,-,-,-,-,-,-,-,-,1,NEU,90-92,3/4,Normal,1,5,-,-,-,115,43,102,108,5,2,3,-,-,-,-,-,104,-,-,-,144,-,-,-,-,104,-,-,-,108,68,117,80,3,3,13,12,3,1,1,0,1,2,2,1,0,0,0,0,0,0,0,2.2,-0.08,2,0.6,0.1,3.77,0,0,0.0,0.1,0,0,0,0,0,0,0,0.0,0,0,0,0,0,0,0,0,0,0,0,0,0,0,0,0,0,0,0,0,0,0.00,0,0,0,0,0,0.0,0.0,0.0,0.00,3,3,11,6,3,2,0,0,3.04,-0.6,.810,0,0,26.2,0,0,9,8,2,1,0,0,1,0,0,0,0.0,0.0
SS,Dick Groat,Dick,Groat,Dry Creek Craw Daddies,5' 11',180 lbs,R,R,89,St. Louis Cardinals,STL,1963,1961-1979,CS,84187,Gold,Clubhouse - Historical All-Star  SS Dick Groat  STL  1963,0,N,0,115,143,47,81,157,132,144,41,102,177,110,142,50,73,150,75,72,Line Drive,Normal,Normal,1,1,1,4,1,1,1,4,1,1,1,4,16,-,-,-,-,-,-,-,-,-,-,-,1,NEU,90-92,3/4,Normal,1,24,-,-,-,104,72,99,92,9,7,9,-,-,-,-,105,101,-,-,-,150,-,-,-,105,101,-,-,-,83,19,64,82,5,3,18,15,6,3,2,1,0,2,5,2,0,0,1,0,0,2,1,4.3,0.25,4,2.0,0.3,3.83,0,0,0.0,0.1,0,0,0,0,0,0,0,0.0,0,0,0,0,0,0,0,0,0,0,0,0,0,0,0,0,0,0,0,0,0,0.00,0,0,0,0,0,0.0,0.0,0.0,0.00,4,3,12,8,4,0,1,0,3.15,0.0,.959,0,0,34.1,0,0,9,9,2,1,1,0,1,1,0,0,0.0,0.0
SS,Solly Hemus,Solly,Hemus,Winnipeg Brew Jays - HotL,5' 9',175 lbs,L,R,83,St. Louis Cardinals,STL,1952,1946-1960,,86445,Gold,T4 Ep. 7 - Baseball Reference 7  SS Solly Hemus  STL  1952,0,N,0,89,96,72,141,103,84,55,101,144,88,91,111,62,140,111,47,39,Normal,Normal,Normal,1,1,1,5,1,1,1,5,1,1,1,5,16,-,-,-,-,-,-,-,-,-,-,-,1,NEU,90-92,3/4,Normal,1,3,-,-,-,113,41,104,73,1,4,4,-,-,-,107,96,93,-,-,-,139,-,-,107,96,93,-,-,-,42,39,11,61,8,8,29,26,3,2,0,1,0,2,1,2,0,0,1,0,0,2,0,1.0,0.17,0,-3.6,-0.3,3.41,0,0,0.0,-0.0,0,0,0,0,0,0,0,0.0,0,0,0,0,0,0,0,0,0,0,0,0,0,0,0,0,0,0,0,0,0,0.00,0,0,0,0,0,0.0,0.0,0.0,0.00,8,8,30,17,12,1,6,0,3.73,-0.1,.979,0,0,70.0,0,0,14,14,4,2,2,1,0,0,0,0,0.0,0.0
SS,Solly Hemus,Solly,Hemus,Roaming Rascals BFF,5' 9',175 lbs,L,R,83,St. Louis Cardinals,STL,1952,1946-1960,,86445,Gold,T4 Ep. 7 - Baseball Reference 7  SS Solly Hemus  STL  1952,0,Y,5,97,104,79,152,111,91,60,109,155,96,99,120,68,151,120,47,39,Normal,Normal,Normal,1,1,1,7,1,1,1,7,1,1,1,7,16,-,-,-,-,-,-,-,-,-,-,-,1,NEU,90-92,3/4,Normal,1,3,-,-,-,113,41,104,73,1,4,4,-,-,-,114,103,100,-,-,-,149,-,-,114,103,100,-,-,-,42,39,11,61,12,12,45,40,14,10,0,0,4,7,6,4,0,0,1,0,0,7,0,11.0,0.26,9,4.5,0.4,3.87,0,0,0.0,-0.3,0,0,0,0,0,0,0,0.0,0,0,0,0,0,0,0,0,0,0,0,0,0,0,0,0,0,0,0,0,0,0.00,0,0,0,0,0,0.0,0.0,0.0,0.00,10,9,34,17,13,4,3,0,3.38,-1.3,.874,0,0,80.0,0,0,26,21,0,0,1,1,1,0,1,0,0.0,0.0
SS,Charlie Hollocher,Charlie,Hollocher,Junk Wax Heroes,5' 7',155 lbs,L,R,96,Chicago Cubs,CHC,1922,1921-1945,,83821,Diamond,Snapshot  SS Charlie Hollocher  CHC  1922,0,N,0,122,93,43,80,174,133,84,8,64,165,118,96,51,85,177,107,102,Groundball,Pull,Pull,1,1,1,3,1,1,1,3,1,1,1,3,16,-,-,-,-,-,-,-,-,-,-,-,1,NEU,90-92,3/4,Normal,1,14,-,-,-,93,106,81,90,9,1,6,-,-,-,-,-,100,-,-,-,154,-,-,-,-,100,-,-,-,84,86,67,95,3,,3,3,0,0,0,0,0,0,0,0,0,0,0,0,0,3,0,0.0,-0.22,0,-0.8,-0.1,4.67,0,0,0.0,0.0,0,0,0,0,0,0,0,0.0,0,0,0,0,0,0,0,0,0,0,0,0,0,0,0,0,0,0,0,0,0,0.00,0,0,0,0,0,0.0,0.0,0.0,0.00,2,0,1,0,1,0,0,0,2.25,0.0,.000,0,0,4.0,0,0,1,1,0,0,0,0,0,0,0,0,0.0,0.0
SS,Charlie Hollocher,Charlie,Hollocher,Lowlyworm's Apple Car,5' 7',155 lbs,L,R,96,Chicago Cubs,CHC,1922,1921-1945,,83821,Diamond,Snapshot  SS Charlie Hollocher  CHC  1922,0,N,0,122,93,43,80,174,133,84,8,64,165,118,96,51,85,177,107,102,Groundball,Pull,Pull,1,1,1,3,1,1,1,3,1,1,1,3,16,-,-,-,-,-,-,-,-,-,-,-,1,NEU,90-92,3/4,Normal,1,14,-,-,-,93,106,81,90,9,1,6,-,-,-,-,-,100,-,-,-,154,-,-,-,-,100,-,-,-,84,86,67,95,5,3,9,9,2,2,0,0,0,0,1,0,0,0,0,0,0,2,0,0.4,-0.06,0,-0.9,-0.1,3.67,0,0,0.0,0.0,0,0,0,0,0,0,0,0.0,0,0,0,0,0,0,0,0,0,0,0,0,0,0,0,0,0,0,0,0,0,0.00,0,0,0,0,0,0.0,0.0,0.0,0.00,4,3,8,4,4,0,2,0,3.43,-0.1,1.080,0,0,21.0,0,0,6,5,1,1,0,0,1,0,0,0,0.0,0.0
SS,Travis Jackson,Travis,Jackson,Dubuque Packers,6' 0',160 lbs,R,R,99,New York Giants,SFG,1929,1921-1945,,83840,Diamond,Snapshot  SS Travis Jackson  NY1  1929,0,N,0,76,73,101,94,69,82,77,109,104,74,75,72,99,92,68,67,52,Normal,Pull,Pull,1,1,1,1,1,1,1,1,1,1,1,1,16,-,-,-,-,-,-,-,-,-,-,-,1,NEU,89-91,3/4,Normal,1,10,-,-,-,109,92,106,105,7,9,6,-,-,-,-,122,118,-,-,-,158,-,-,-,122,118,-,-,-,70,41,57,74,7,4,13,9,0,0,0,0,0,1,0,3,0,0,0,1,0,3,0,0.3,-0.10,0,-1.7,-0.1,4.54,0,0,0.0,0.0,0,0,0,0,0,0,0,0.0,0,0,0,0,0,0,0,0,0,0,0,0,0,0,0,0,0,0,0,0,0,0.00,0,0,0,0,0,0.0,0.0,0.0,0.00,7,4,10,9,1,0,1,0,2.65,-0.3,.961,0,0,34.0,0,0,10,9,2,1,0,0,0,0,1,0,0.0,0.0
SS,Barry Larkin,Barry,Larkin,Chicago Rat Finks - HotL,6' 0',190 lbs,R,R,93,Cincinnati Reds,CIN,1991,1980-1992,,86264,Diamond,All-Star Week - Historical All-Star  SS Barry Larkin  CIN  1991,0,N,0,112,87,95,86,98,115,71,125,155,120,111,92,88,68,93,36,13,Normal,Normal,Normal,1,1,1,2,1,1,1,2,1,1,1,2,16,-,-,-,-,-,-,-,-,-,-,-,1,NEU,89-91,3/4,Normal,1,20,-,-,-,103,94,84,59,2,8,1,-,-,-,-,-,96,-,-,-,153,-,-,-,-,96,-,-,-,74,77,91,91,2,1,6,6,2,0,1,0,1,1,1,0,0,0,0,0,0,2,1,1.0,-0.05,1,1.1,0.2,4.67,0,0,0.0,0.0,0,0,0,0,0,0,0,0.0,0,0,0,0,0,0,0,0,0,0,0,0,0,0,0,0,0,0,0,0,0,0.00,0,0,0,0,0,0.0,0.0,0.0,0.00,1,1,6,3,3,0,0,0,4.91,0.1,1.080,0,0,11.0,0,0,4,4,0,0,2,1,0,0,0,0,0.0,0.0
SS,Barry Larkin,Barry,Larkin,Watertown Sword Guys TBD,6' 0',190 lbs,R,R,93,Cincinnati Reds,CIN,1991,1980-1992,,86264,Diamond,All-Star Week - Historical All-Star  SS Barry Larkin  CIN  1991,0,N,0,112,87,95,86,98,115,71,125,155,120,111,92,88,68,93,36,13,Normal,Normal,Normal,1,1,1,2,1,1,1,2,1,1,1,2,16,-,-,-,-,-,-,-,-,-,-,-,1,NEU,89-91,3/4,Normal,1,20,-,-,-,103,94,84,59,2,8,1,-,-,-,-,-,96,-,-,-,153,-,-,-,-,96,-,-,-,74,77,91,91,6,2,11,10,2,2,0,0,0,2,0,1,0,0,0,0,0,2,0,0.4,-0.16,0,-0.8,-0.1,3.82,0,1,-0.5,0.0,0,0,0,0,0,0,0,0.0,0,0,0,0,0,0,0,0,0,0,0,0,0,0,0,0,0,0,0,0,0,0.00,0,0,0,0,0,0.0,0.0,0.0,0.00,2,2,4,1,3,0,0,0,2.00,0.1,1.080,0,0,18.0,0,0,2,2,1,1,0,0,0,0,0,0,0.0,0.0
SS,Barry Larkin,Barry,Larkin,Orlando Heatstrokes,6' 0',190 lbs,R,R,93,Cincinnati Reds,CIN,1991,1980-1992,,86264,Diamond,All-Star Week - Historical All-Star  SS Barry Larkin  CIN  1991,0,N,0,112,87,95,86,98,115,71,125,155,120,111,92,88,68,93,36,13,Normal,Normal,Normal,1,1,1,2,1,1,1,2,1,1,1,2,16,-,-,-,-,-,-,-,-,-,-,-,1,NEU,89-91,3/4,Normal,1,20,-,-,-,103,94,84,59,2,8,1,-,-,-,-,-,96,-,-,-,153,-,-,-,-,96,-,-,-,74,77,91,91,3,2,9,9,2,2,0,0,0,0,0,0,0,0,0,0,0,2,0,0.4,-0.04,0,-0.9,-0.1,4.22,0,0,0.0,-0.0,0,0,0,0,0,0,0,0.0,0,0,0,0,0,0,0,0,0,0,0,0,0,0,0,0,0,0,0,0,0,0.00,0,0,0,0,0,0.0,0.0,0.0,0.00,1,1,1,1,0,0,0,0,1.00,0.0,1.080,0,0,9.0,0,0,1,1,0,0,0,0,0,0,0,0,0.0,0.0
SS,Herman Long,Herman,Long,Oslo Nordiques,6' 0',160 lbs,L,R,93,Boston Beaneaters,ATL,1900,2026,ME,82741,Diamond,Live Collection Reward - Hardware Heroes  SS Herman Long  BSN  1900,0,N,0,61,83,99,88,106,67,109,88,97,124,58,75,104,85,100,57,55,Normal,Normal,Normal,1,1,1,3,1,1,1,3,1,1,1,3,16,-,-,-,-,-,-,-,-,-,-,-,1,NEU,89-91,3/4,Normal,1,8,-,-,-,105,81,94,89,10,4,10,-,-,-,-,-,103,-,-,-,152,-,-,-,-,103,-,-,-,76,90,87,101,1,,1,1,1,1,0,0,0,0,0,0,0,0,0,0,0,0,0,1.0,0.08,0,0.5,0.1,4.00,0,0,0.0,0.0,0,0,0,0,0,0,0,0.0,0,0,0,0,0,0,0,0,0,0,0,0,0,0,0,0,0,0,0,0,0,0.00,0,0,0,0,0,0.0,0.0,0.0,0.00,1,0,1,0,1,0,0,0,3.38,0.0,.000,0,0,2.2,0,0,0,0,0,0,0,0,0,0,0,0,0.0,0.0
SS,Dick McAuliffe,Dick,McAuliffe,Winnipeg Brew Jays - HotL,5' 11',175 lbs,L,R,68,Detroit Tigers,DET,1966,1961-1979,,85844,Bronze,PTWC 65th-128th - Historical All-Star  SS Dick McAuliffe  DET  1966,0,N,0,88,103,100,155,80,86,95,84,145,63,89,107,108,158,85,54,40,Normal,Normal,Normal,1,1,1,1,1,1,1,1,1,1,1,1,16,-,-,-,-,-,-,-,-,-,-,-,1,NEU,89-91,OTT,Normal,1,20,-,-,-,103,56,96,78,10,2,7,-,-,-,105,94,91,-,-,-,141,-,-,105,94,91,-,-,-,77,54,55,99,7,3,16,11,4,2,0,0,2,5,2,4,0,0,0,1,0,3,0,5.8,0.55,4,2.9,0.3,5.00,0,0,0.0,-0.4,0,0,0,0,0,0,0,0.0,0,0,0,0,0,0,0,0,0,0,0,0,0,0,0,0,0,0,0,0,0,0.00,0,0,0,0,0,0.0,0.0,0.0,0.00,6,3,10,5,5,0,1,0,2.70,-0.1,.849,0,0,33.1,0,0,7,7,1,1,1,0,0,0,0,0,0.0,0.0
SS,Dick McAuliffe,Dick,McAuliffe,Freedom Grabbers - HotL,5' 11',175 lbs,L,R,68,Detroit Tigers,DET,1966,1961-1979,,85844,Bronze,PTWC 65th-128th - Historical All-Star  SS Dick McAuliffe  DET  1966,0,N,0,88,103,100,155,80,86,95,84,145,63,89,107,108,158,85,54,40,Normal,Normal,Normal,1,1,1,1,1,1,1,1,1,1,1,1,16,-,-,-,-,-,-,-,-,-,-,-,1,NEU,89-91,OTT,Normal,1,20,-,-,-,103,56,96,78,10,2,7,-,-,-,105,94,91,-,-,-,141,-,-,105,94,91,-,-,-,77,54,55,99,5,5,20,13,3,2,0,0,1,2,3,7,0,0,0,0,0,3,0,3.9,-0.15,4,1.9,0.3,4.35,0,0,0.0,0.3,0,0,0,0,0,0,0,0.0,0,0,0,0,0,0,0,0,0,0,0,0,0,0,0,0,0,0,0,0,0,0.00,0,0,0,0,0,0.0,0.0,0.0,0.00,5,5,13,10,3,0,0,0,2.60,0.1,1.071,0,0,45.0,0,0,12,12,2,1,2,0,0,0,1,0,0.0,0.0
SS,Dick McAuliffe,Dick,McAuliffe,Texas Briskets,5' 11',175 lbs,L,R,68,Detroit Tigers,DET,1966,1961-1979,,85844,Bronze,PTWC 65th-128th - Historical All-Star  SS Dick McAuliffe  DET  1966,0,N,0,88,103,100,155,80,86,95,84,145,63,89,107,108,158,85,54,40,Normal,Normal,Normal,1,1,1,1,1,1,1,1,1,1,1,1,16,-,-,-,-,-,-,-,-,-,-,-,1,NEU,89-91,OTT,Normal,1,20,-,-,-,103,56,96,78,10,2,7,-,-,-,105,94,91,-,-,-,141,-,-,105,94,91,-,-,-,77,54,55,99,1,,1,1,1,1,0,0,0,0,0,0,0,0,0,0,0,0,0,1.0,0.06,0,0.5,0.1,2.00,0,0,0.0,0.0,0,0,0,0,0,0,0,0.0,0,0,0,0,0,0,0,0,0,0,0,0,0,0,0,0,0,0,0,0,0,0.00,0,0,0,0,0,0.0,0.0,0.0,0.00,0,0,0,0,0,0,0,0,0.00,0.0,.000,0,0,0.0,0,0,0,0,0,0,0,0,0,0,0,0,0.0,0.0
SS,Dick McAuliffe,Dick,McAuliffe,Globo Gym Purple Cobras - JW,5' 11',175 lbs,L,R,68,Detroit Tigers,DET,1966,1961-1979,,85844,Bronze,PTWC 65th-128th - Historical All-Star  SS Dick McAuliffe  DET  1966,0,N,0,88,103,100,155,80,86,95,84,145,63,89,107,108,158,85,54,40,Normal,Normal,Normal,1,1,1,1,1,1,1,1,1,1,1,1,16,-,-,-,-,-,-,-,-,-,-,-,1,NEU,89-91,OTT,Normal,1,20,-,-,-,103,56,96,78,10,2,7,-,-,-,105,94,91,-,-,-,141,-,-,105,94,91,-,-,-,77,54,55,99,2,2,7,6,1,1,0,0,0,1,0,0,0,1,0,0,0,2,0,0.4,-0.01,0,-0.5,-0.0,4.71,0,0,0.0,0.0,0,0,0,0,0,0,0,0.0,0,0,0,0,0,0,0,0,0,0,0,0,0,0,0,0,0,0,0,0,0,0.00,0,0,0,0,0,0.0,0.0,0.0,0.00,2,2,8,4,3,1,1,0,3.71,-0.2,.849,0,0,17.0,0,0,2,2,0,0,3,2,1,0,2,0,0.0,0.0
SS,Dick McAuliffe,Dick,McAuliffe,Charlotte Hellcats GH,5' 11',175 lbs,L,R,68,Detroit Tigers,DET,1966,1961-1979,,85844,Bronze,PTWC 65th-128th - Historical All-Star  SS Dick McAuliffe  DET  1966,0,N,0,88,103,100,155,80,86,95,84,145,63,89,107,108,158,85,54,40,Normal,Normal,Normal,1,1,1,1,1,1,1,1,1,1,1,1,16,-,-,-,-,-,-,-,-,-,-,-,1,NEU,89-91,OTT,Normal,1,20,-,-,-,103,56,96,78,10,2,7,-,-,-,105,94,91,-,-,-,141,-,-,105,94,91,-,-,-,77,54,55,99,5,2,12,9,1,0,0,0,1,2,1,3,0,0,0,0,0,5,0,1.6,-0.06,1,0.3,-0.1,5.08,0,0,0.0,0.0,0,0,0,0,0,0,0,0.0,0,0,0,0,0,0,0,0,0,0,0,0,0,0,0,0,0,0,0,0,0,0.00,0,0,0,0,0,0.0,0.0,0.0,0.00,5,2,10,5,2,3,0,0,2.86,-1.8,.529,0,0,22.0,0,0,8,5,3,2,1,0,0,0,0,0,0.0,0.0
SS,Dick McAuliffe,Dick,McAuliffe,Castroville Mashers - JW,5' 11',175 lbs,L,R,68,Detroit Tigers,DET,1966,1961-1979,,85844,Bronze,PTWC 65th-128th - Historical All-Star  SS Dick McAuliffe  DET  1966,0,N,0,88,103,100,155,80,86,95,84,145,63,89,107,108,158,85,54,40,Normal,Normal,Normal,1,1,1,1,1,1,1,1,1,1,1,1,16,-,-,-,-,-,-,-,-,-,-,-,1,NEU,89-91,OTT,Normal,1,20,-,-,-,103,56,96,78,10,2,7,-,-,-,105,94,91,-,-,-,141,-,-,105,94,91,-,-,-,77,54,55,99,1,,1,1,0,0,0,0,0,0,0,0,0,0,0,0,0,1,0,0.0,-0.17,0,-0.3,-0.0,6.00,0,0,0.0,0.0,0,0,0,0,0,0,0,0.0,0,0,0,0,0,0,0,0,0,0,0,0,0,0,0,0,0,0,0,0,0,0.00,0,0,0,0,0,0.0,0.0,0.0,0.00,0,0,0,0,0,0,0,0,0.00,0.0,.000,0,0,0.0,0,0,0,0,0,0,0,0,0,0,0,0,0.0,0.0
SS,Dick McAuliffe,Dick,McAuliffe,AW Bees - GH,5' 11',175 lbs,L,R,68,Detroit Tigers,DET,1966,1961-1979,,85844,Bronze,PTWC 65th-128th - Historical All-Star  SS Dick McAuliffe  DET  1966,0,N,0,88,103,100,155,80,86,95,84,145,63,89,107,108,158,85,54,40,Normal,Normal,Normal,1,1,1,1,1,1,1,1,1,1,1,1,16,-,-,-,-,-,-,-,-,-,-,-,1,NEU,89-91,OTT,Normal,1,20,-,-,-,103,56,96,78,10,2,7,-,-,-,105,94,91,-,-,-,141,-,-,105,94,91,-,-,-,77,54,55,99,4,1,6,5,1,1,0,0,0,0,0,0,0,1,0,0,0,3,0,0.2,-0.07,0,-0.2,-0.1,3.33,0,1,-0.5,0.0,0,0,0,0,0,0,0,0.0,0,0,0,0,0,0,0,0,0,0,0,0,0,0,0,0,0,0,0,0,0,0.00,0,0,0,0,0,0.0,0.0,0.0,0.00,3,1,7,3,4,0,0,0,4.85,-0.1,1.057,0,0,13.0,0,1,6,6,1,0,0,0,0,0,1,0,0.0,0.0
SS,Rico Petrocelli,Rico,Petrocelli,Chicago Rat Finks - HotL,6' 0',185 lbs,R,R,99,Boston Red Sox,BOS,1969,1961-1979,CS,85861,Diamond,Clubhouse - Historical All-Star  SS Rico Petrocelli  BOS  1969,0,N,0,80,109,144,134,104,51,84,125,145,133,87,120,150,130,97,41,25,Normal,Spray,Spray,1,1,1,1,1,1,1,1,1,1,1,1,16,-,-,-,-,-,-,-,-,-,-,-,1,NEU,89-91,3/4,Normal,1,16,-,-,-,107,116,89,92,5,7,6,-,-,-,-,120,117,-,-,-,162,-,-,-,120,117,-,-,-,53,43,39,61,5,5,24,21,5,1,4,0,0,2,3,3,0,0,0,0,0,4,0,3.3,-0.11,3,0.3,0.0,3.96,0,0,0.0,0.2,0,0,0,0,0,0,0,0.0,0,0,0,0,0,0,0,0,0,0,0,0,0,0,0,0,0,0,0,0,0,0.00,0,0,0,0,0,0.0,0.0,0.0,0.00,5,5,17,13,3,1,2,0,2.96,-1.2,.872,0,0,48.2,0,0,15,11,1,1,1,1,1,0,0,0,0.0,0.0
SS,Rico Petrocelli,Rico,Petrocelli,Watertown Sword Guys TBD,6' 0',185 lbs,R,R,99,Boston Red Sox,BOS,1969,1961-1979,CS,85861,Diamond,Clubhouse - Historical All-Star  SS Rico Petrocelli  BOS  1969,0,N,0,80,109,144,134,104,51,84,125,145,133,87,120,150,130,97,41,25,Normal,Spray,Spray,1,1,1,1,1,1,1,1,1,1,1,1,16,-,-,-,-,-,-,-,-,-,-,-,1,NEU,89-91,3/4,Normal,1,16,-,-,-,107,116,89,92,5,7,6,-,-,-,-,120,117,-,-,-,162,-,-,-,120,117,-,-,-,53,43,39,61,6,5,24,21,2,2,0,0,0,1,0,2,0,1,0,0,0,5,0,0.6,-0.43,0,-3.0,-0.2,4.00,0,0,0.0,0.0,0,0,0,0,0,0,0,0.0,0,0,0,0,0,0,0,0,0,0,0,0,0,0,0,0,0,0,0,0,0,0.00,0,0,0,0,0,0.0,0.0,0.0,0.00,6,5,21,13,8,0,2,0,4.02,0.3,1.079,0,0,47.0,0,0,20,19,2,0,1,1,2,1,1,0,0.0,0.2
SS,Rico Petrocelli,Rico,Petrocelli,Looking Glass Loopers TBD,6' 0',185 lbs,R,R,99,Boston Red Sox,BOS,1969,1961-1979,CS,85861,Diamond,Clubhouse - Historical All-Star  SS Rico Petrocelli  BOS  1969,0,N,0,80,109,144,134,104,51,84,125,145,133,87,120,150,130,97,41,25,Normal,Spray,Spray,1,1,1,1,1,1,1,1,1,1,1,1,16,-,-,-,-,-,-,-,-,-,-,-,1,NEU,89-91,3/4,Normal,1,16,-,-,-,107,116,89,92,5,7,6,-,-,-,-,120,117,-,-,-,162,-,-,-,120,117,-,-,-,53,43,39,61,3,3,13,11,5,3,1,0,1,5,2,1,0,1,0,0,0,0,0,5.1,0.83,4,2.7,0.3,3.46,0,0,0.0,-0.6,0,0,0,0,0,0,0,0.0,0,0,0,0,0,0,0,0,0,0,0,0,0,0,0,0,0,0,0,0,0,0.00,0,0,0,0,0,0.0,0.0,0.0,0.00,3,3,10,8,1,1,0,0,3.24,-0.0,.972,0,0,25.0,0,0,9,8,0,0,0,0,2,1,1,0,0.0,0.0
SS,Rico Petrocelli,Rico,Petrocelli,Normal Night Owls - HotL,6' 0',185 lbs,R,R,99,Boston Red Sox,BOS,1969,1961-1979,CS,85861,Diamond,Clubhouse - Historical All-Star  SS Rico Petrocelli  BOS  1969,0,N,0,80,109,144,134,104,51,84,125,145,133,87,120,150,130,97,41,25,Normal,Spray,Spray,1,1,1,1,1,1,1,1,1,1,1,1,16,-,-,-,-,-,-,-,-,-,-,-,1,NEU,89-91,3/4,Normal,1,16,-,-,-,107,116,89,92,5,7,6,-,-,-,-,120,117,-,-,-,162,-,-,-,120,117,-,-,-,53,43,39,61,4,4,22,17,5,4,0,0,1,3,2,5,1,0,0,0,0,7,0,4.1,-0.02,3,1.2,0.3,3.95,0,0,0.0,0.0,0,0,0,0,0,0,0,0.0,0,0,0,0,0,0,0,0,0,0,0,0,0,0,0,0,0,0,0,0,0,0.00,0,0,0,0,0,0.0,0.0,0.0,0.00,5,4,16,13,3,0,2,0,3.40,0.8,1.162,0,0,42.1,0,0,14,13,1,1,2,2,1,0,0,0,0.0,0.0
SS,Rico Petrocelli,Rico,Petrocelli,Sixes Tornadoes,6' 0',185 lbs,R,R,99,Boston Red Sox,BOS,1969,1961-1979,CS,85861,Diamond,Clubhouse - Historical All-Star  SS Rico Petrocelli  BOS  1969,0,N,0,80,109,144,134,104,51,84,125,145,133,87,120,150,130,97,41,25,Normal,Spray,Spray,1,1,1,1,1,1,1,1,1,1,1,1,16,-,-,-,-,-,-,-,-,-,-,-,1,NEU,89-91,3/4,Normal,1,16,-,-,-,107,116,89,92,5,7,6,-,-,-,-,120,117,-,-,-,162,-,-,-,120,117,-,-,-,53,43,39,61,3,3,13,13,6,2,1,0,3,4,4,0,0,0,0,0,0,6,0,7.4,0.10,5,4.1,0.5,3.62,0,0,0.0,0.0,0,0,0,0,0,0,0,0.0,0,0,0,0,0,0,0,0,0,0,0,0,0,0,0,0,0,0,0,0,0,0.00,0,0,0,0,0,0.0,0.0,0.0,0.00,3,3,11,8,3,0,1,0,3.67,0.2,1.080,0,0,27.0,0,0,10,10,1,0,0,0,0,0,0,0,0.0,0.0
SS,Rico Petrocelli,Rico,Petrocelli,Paso Robles Powerhouse,6' 0',185 lbs,R,R,99,Boston Red Sox,BOS,1969,1961-1979,CS,85861,Diamond,Clubhouse - Historical All-Star  SS Rico Petrocelli  BOS  1969,0,N,0,80,109,144,134,104,51,84,125,145,133,87,120,150,130,97,41,25,Normal,Spray,Spray,1,1,1,1,1,1,1,1,1,1,1,1,16,-,-,-,-,-,-,-,-,-,-,-,1,NEU,89-91,3/4,Normal,1,16,-,-,-,107,116,89,92,5,7,6,-,-,-,-,120,117,-,-,-,162,-,-,-,120,117,-,-,-,53,43,39,61,12,12,51,45,14,8,3,0,3,9,7,3,0,0,0,3,0,11,0,9.4,0.36,8,2.4,0.5,3.98,0,0,0.0,0.2,0,0,0,0,0,0,0,0.0,0,0,0,0,0,0,0,0,0,0,0,0,0,0,0,0,0,0,0,0,0,0.00,0,0,0,0,0,0.0,0.0,0.0,0.00,12,12,42,31,9,2,3,0,3.43,0.1,1.013,0,0,105.0,0,0,32,27,2,2,2,1,3,2,3,1,0.0,0.0
SS,Rico Petrocelli,Rico,Petrocelli,Orlando Heatstrokes,6' 0',185 lbs,R,R,99,Boston Red Sox,BOS,1969,1961-1979,CS,85861,Diamond,Clubhouse - Historical All-Star  SS Rico Petrocelli  BOS  1969,0,N,0,80,109,144,134,104,51,84,125,145,133,87,120,150,130,97,41,25,Normal,Spray,Spray,1,1,1,1,1,1,1,1,1,1,1,1,16,-,-,-,-,-,-,-,-,-,-,-,1,NEU,89-91,3/4,Normal,1,16,-,-,-,107,116,89,92,5,7,6,-,-,-,-,120,117,-,-,-,162,-,-,-,120,117,-,-,-,53,43,39,61,4,4,19,17,2,2,0,0,0,0,1,2,0,0,0,0,0,3,0,0.5,-0.70,0,-2.3,-0.2,3.21,0,0,0.0,-0.0,0,0,0,0,0,0,0,0.0,0,0,0,0,0,0,0,0,0,0,0,0,0,0,0,0,0,0,0,0,0,0.00,0,0,0,0,0,0.0,0.0,0.0,0.00,4,4,19,14,5,0,1,0,4.50,-0.7,.936,0,0,38.0,0,0,15,13,4,3,2,0,1,0,0,0,0.0,0.0
SS,Rico Petrocelli,Rico,Petrocelli,Shakedown 1977 Microbus TTC - GH,6' 0',185 lbs,R,R,99,Boston Red Sox,BOS,1969,1961-1979,CS,85861,Diamond,Clubhouse - Historical All-Star  SS Rico Petrocelli  BOS  1969,0,N,0,80,109,144,134,104,51,84,125,145,133,87,120,150,130,97,41,25,Normal,Spray,Spray,1,1,1,1,1,1,1,1,1,1,1,1,16,-,-,-,-,-,-,-,-,-,-,-,1,NEU,89-91,3/4,Normal,1,16,-,-,-,107,116,89,92,5,7,6,-,-,-,-,120,117,-,-,-,162,-,-,-,120,117,-,-,-,53,43,39,61,3,,1,1,0,0,0,0,0,0,0,0,0,0,0,0,0,1,0,0.0,-0.09,0,-0.3,-0.0,5.00,0,0,0.0,0.0,0,0,0,0,0,0,0,0.0,0,0,0,0,0,0,0,0,0,0,0,0,0,0,0,0,0,0,0,0,0,0.00,0,0,0,0,0,0.0,0.0,0.0,0.00,2,0,3,2,1,0,0,0,6.75,0.2,1.062,0,0,4.0,0,0,1,1,0,0,1,1,0,0,0,0,0.0,0.0
SS,Rico Petrocelli,Rico,Petrocelli,Houston Swangas,6' 0',185 lbs,R,R,99,Boston Red Sox,BOS,1969,1961-1979,CS,85861,Diamond,Clubhouse - Historical All-Star  SS Rico Petrocelli  BOS  1969,0,N,0,80,109,144,134,104,51,84,125,145,133,87,120,150,130,97,41,25,Normal,Spray,Spray,1,1,1,1,1,1,1,1,1,1,1,1,16,-,-,-,-,-,-,-,-,-,-,-,1,NEU,89-91,3/4,Normal,1,16,-,-,-,107,116,89,92,5,7,6,-,-,-,-,120,117,-,-,-,162,-,-,-,120,117,-,-,-,53,43,39,61,10,10,43,40,9,6,1,0,2,4,2,3,0,0,0,0,0,11,1,3.9,-0.23,4,-0.7,0.0,3.98,0,1,-0.5,-0.8,0,0,0,0,0,0,0,0.0,0,0,0,0,0,0,0,0,0,0,0,0,0,0,0,0,0,0,0,0,0,0.00,0,0,0,0,0,0.0,0.0,0.0,0.00,10,10,39,26,12,1,6,0,3.56,0.5,1.040,0,0,96.0,0,0,28,26,4,3,2,1,2,1,2,0,0.0,0.0
SS,Rico Petrocelli,Rico,Petrocelli,AW Bees - GH,6' 0',185 lbs,R,R,99,Boston Red Sox,BOS,1969,1961-1979,CS,85861,Diamond,Clubhouse - Historical All-Star  SS Rico Petrocelli  BOS  1969,0,N,0,80,109,144,134,104,51,84,125,145,133,87,120,150,130,97,41,25,Normal,Spray,Spray,1,1,1,1,1,1,1,1,1,1,1,1,16,-,-,-,-,-,-,-,-,-,-,-,1,NEU,89-91,3/4,Normal,1,16,-,-,-,107,116,89,92,5,7,6,-,-,-,-,120,117,-,-,-,162,-,-,-,120,117,-,-,-,53,43,39,61,17,14,58,54,13,10,1,0,2,8,7,4,0,0,0,0,0,10,1,5.8,0.25,5,-1.1,0.3,3.57,0,0,0.0,-0.0,0,0,0,0,0,0,0,0.0,0,0,0,0,0,0,0,0,0,0,0,0,0,0,0,0,0,0,0,0,0,0.00,0,0,0,0,0,0.0,0.0,0.0,0.00,17,14,57,40,16,1,6,0,3.79,1.9,1.053,0,0,133.0,0,0,37,36,5,4,7,6,1,0,3,1,0.0,0.0
SS,Hanley Ramirez,Hanley,Ramirez,Chicago Beans,6' 2',225 lbs,R,R,82,Los Angeles Dodgers,LAD,2013,2005-2014,CS,86807,Gold,Clubhouse - Baseball Reference 8  SS Hanley Ramirez  LAD  2013,0,N,0,130,123,114,88,99,133,130,128,99,94,129,121,110,85,101,22,38,Normal,Ex. Pull,Pull,1,1,1,1,1,1,1,1,1,1,1,1,16,-,-,-,-,-,-,-,-,-,-,-,1,NEU,90-92,3/4,Normal,1,13,-,-,-,97,44,60,36,10,6,6,-,-,-,-,60,60,-,-,-,124,-,-,-,60,60,-,-,-,88,49,107,63,4,1,7,6,2,2,0,0,0,1,0,0,0,0,0,1,0,0,0,0.7,-0.13,0,-0.4,-0.1,3.57,0,0,0.0,0.0,0,0,0,0,0,0,0,0.0,0,0,0,0,0,0,0,0,0,0,0,0,0,0,0,0,0,0,0,0,0,0.00,0,0,0,0,0,0.0,0.0,0.0,0.00,2,1,5,3,1,1,0,0,4.00,-0.4,.796,0,0,9.0,0,0,5,4,0,0,0,0,0,0,0,0,0.0,0.0
SS,Hanley Ramirez,Hanley,Ramirez,Great Lakes Man-of-War-HOTL,6' 2',225 lbs,R,R,82,Los Angeles Dodgers,LAD,2013,2005-2014,CS,86807,Gold,Clubhouse - Baseball Reference 8  SS Hanley Ramirez  LAD  2013,0,N,0,130,123,114,88,99,133,130,128,99,94,129,121,110,85,101,22,38,Normal,Ex. Pull,Pull,1,1,1,1,1,1,1,1,1,1,1,1,16,-,-,-,-,-,-,-,-,-,-,-,1,NEU,90-92,3/4,Normal,1,13,-,-,-,97,44,60,36,10,6,6,-,-,-,-,60,60,-,-,-,124,-,-,-,60,60,-,-,-,88,49,107,63,5,3,14,12,2,2,0,0,0,2,1,1,0,0,0,1,0,3,0,0.6,-0.05,0,-1.6,-0.1,4.93,0,0,0.0,0.0,0,0,0,0,0,0,0,0.0,0,0,0,0,0,0,0,0,0,0,0,0,0,0,0,0,0,0,0,0,0,0.00,0,0,0,0,0,0.0,0.0,0.0,0.00,4,3,13,10,3,0,2,0,4.03,0.0,1.062,0,0,29.0,0,0,9,9,4,2,0,0,0,0,3,0,0.0,0.0
SS,Hanley Ramirez,Hanley,Ramirez,Globo Gym Purple Cobras - JW,6' 2',225 lbs,R,R,82,Los Angeles Dodgers,LAD,2013,2005-2014,CS,86807,Gold,Clubhouse - Baseball Reference 8  SS Hanley Ramirez  LAD  2013,0,N,0,130,123,114,88,99,133,130,128,99,94,129,121,110,85,101,22,38,Normal,Ex. Pull,Pull,1,1,1,1,1,1,1,1,1,1,1,1,16,-,-,-,-,-,-,-,-,-,-,-,1,NEU,90-92,3/4,Normal,1,13,-,-,-,97,44,60,36,10,6,6,-,-,-,-,60,60,-,-,-,124,-,-,-,60,60,-,-,-,88,49,107,63,4,4,20,17,6,4,1,0,1,2,3,3,0,0,0,0,0,7,0,4.9,0.35,4,2.1,0.3,4.15,0,0,0.0,-0.2,0,0,0,0,0,0,0,0.0,0,0,0,0,0,0,0,0,0,0,0,0,0,0,0,0,0,0,0,0,0,0.00,0,0,0,0,0,0.0,0.0,0.0,0.00,4,4,10,8,2,0,0,0,2.50,0.1,1.062,0,0,36.0,0,0,9,9,1,0,0,0,0,0,0,0,0.0,0.0
SS,Hanley Ramirez,Hanley,Ramirez,Castroville Mashers - JW,6' 2',225 lbs,R,R,82,Los Angeles Dodgers,LAD,2013,2005-2014,CS,86807,Gold,Clubhouse - Baseball Reference 8  SS Hanley Ramirez  LAD  2013,0,N,0,130,123,114,88,99,133,130,128,99,94,129,121,110,85,101,22,38,Normal,Ex. Pull,Pull,1,1,1,1,1,1,1,1,1,1,1,1,16,-,-,-,-,-,-,-,-,-,-,-,1,NEU,90-92,3/4,Normal,1,13,-,-,-,97,44,60,36,10,6,6,-,-,-,-,60,60,-,-,-,124,-,-,-,60,60,-,-,-,88,49,107,63,2,1,5,4,0,0,0,0,0,0,0,1,0,0,0,0,0,0,0,0.1,-0.04,0,-0.7,-0.1,3.80,0,0,0.0,0.0,0,0,0,0,0,0,0,0.0,0,0,0,0,0,0,0,0,0,0,0,0,0,0,0,0,0,0,0,0,0,0.00,0,0,0,0,0,0.0,0.0,0.0,0.00,0,0,0,0,0,0,0,0,0.00,0.0,.000,0,0,0.0,0,0,0,0,0,0,0,0,0,0,0,0,0.0,0.0
SS,Phil Rizzuto,Phil,Rizzuto,Winnipeg Brew Jays - HotL,5' 6',160 lbs,R,R,99,New York Yankees,NYA,1950,1946-1960,CS,86656,Diamond,Clubhouse - Hall of Fame  SS Phil Rizzuto  NYY  1950,0,N,0,121,114,44,149,187,138,118,33,144,198,115,113,48,150,183,66,90,Line Drive,Normal,Normal,1,1,1,2,1,1,1,2,1,1,1,2,16,-,-,-,-,-,-,-,-,-,-,-,1,NEU,90-92,3/4,Normal,1,17,-,-,-,120,121,102,114,9,9,4,-,-,-,-,-,137,-,-,-,168,-,-,-,-,137,-,-,-,62,53,63,108,9,9,34,31,7,5,2,0,0,1,4,3,0,0,0,0,0,7,2,2.3,-0.31,2,-1.4,0.1,4.29,0,0,0.0,0.2,0,0,0,0,0,0,0,0.0,0,0,0,0,0,0,0,0,0,0,0,0,0,0,0,0,0,0,0,0,0,0.00,0,0,0,0,0,0.0,0.0,0.0,0.00,9,9,25,16,9,0,3,0,3.00,0.4,1.080,0,0,75.0,0,0,19,18,3,3,0,0,2,0,4,0,0.0,0.0
SS,Phil Rizzuto,Phil,Rizzuto,Winnipeg Golden Knights,5' 6',160 lbs,R,R,99,New York Yankees,NYA,1950,1946-1960,CS,86656,Diamond,Clubhouse - Hall of Fame  SS Phil Rizzuto  NYY  1950,0,N,0,121,114,44,149,187,138,118,33,144,198,115,113,48,150,183,66,90,Line Drive,Normal,Normal,1,1,1,2,1,1,1,2,1,1,1,2,16,-,-,-,-,-,-,-,-,-,-,-,1,NEU,90-92,3/4,Normal,1,17,-,-,-,120,121,102,114,9,9,4,-,-,-,-,-,137,-,-,-,168,-,-,-,-,137,-,-,-,62,53,63,108,11,11,50,45,13,7,5,1,0,6,5,4,1,0,0,1,0,6,0,7.4,0.33,6,0.3,0.3,3.58,1,0,0.2,0.0,0,0,0,0,0,0,0,0.0,0,0,0,0,0,0,0,0,0,0,0,0,0,0,0,0,0,0,0,0,0,0.00,0,0,0,0,0,0.0,0.0,0.0,0.00,11,11,39,34,4,1,3,0,3.42,0.6,1.018,0,0,100.0,0,0,29,28,5,3,5,3,2,0,2,1,0.0,0.0
SS,Phil Rizzuto,Phil,Rizzuto,Camjaveratyn O-Forge,5' 6',160 lbs,R,R,99,New York Yankees,NYA,1950,1946-1960,CS,86656,Diamond,Clubhouse - Hall of Fame  SS Phil Rizzuto  NYY  1950,0,N,0,121,114,44,149,187,138,118,33,144,198,115,113,48,150,183,66,90,Line Drive,Normal,Normal,1,1,1,2,1,1,1,2,1,1,1,2,16,-,-,-,-,-,-,-,-,-,-,-,1,NEU,90-92,3/4,Normal,1,17,-,-,-,120,121,102,114,9,9,4,-,-,-,-,-,137,-,-,-,168,-,-,-,-,137,-,-,-,62,53,63,108,7,7,31,27,5,4,1,0,0,0,3,4,0,0,0,0,0,3,0,2.0,-0.13,1,-1.8,0.0,4.19,0,0,0.0,0.4,0,0,0,0,0,0,0,0.0,0,0,0,0,0,0,0,0,0,0,0,0,0,0,0,0,0,0,0,0,0,0.00,0,0,0,0,0,0.0,0.0,0.0,0.00,7,7,23,14,8,1,2,0,3.25,0.4,1.013,0,0,61.0,0,0,13,11,3,2,3,3,4,2,0,0,0.0,0.0
SS,Phil Rizzuto,Phil,Rizzuto,Chicago Gamblers - E6,5' 6',160 lbs,R,R,99,New York Yankees,NYA,1950,1946-1960,CS,86656,Diamond,Clubhouse - Hall of Fame  SS Phil Rizzuto  NYY  1950,0,N,0,121,114,44,149,187,138,118,33,144,198,115,113,48,150,183,66,90,Line Drive,Normal,Normal,1,1,1,2,1,1,1,2,1,1,1,2,16,-,-,-,-,-,-,-,-,-,-,-,1,NEU,90-92,3/4,Normal,1,17,-,-,-,120,121,102,114,9,9,4,-,-,-,-,-,137,-,-,-,168,-,-,-,-,137,-,-,-,62,53,63,108,22,22,88,75,21,16,3,0,2,7,7,11,0,0,2,0,0,11,0,11.9,0.22,12,1.5,0.8,3.91,0,1,-0.5,0.5,0,0,0,0,0,0,0,0.0,0,0,0,0,0,0,0,0,0,0,0,0,0,0,0,0,0,0,0,0,0,0.00,0,0,0,0,0,0.0,0.0,0.0,0.00,22,22,91,64,25,2,8,0,3.80,2.8,1.048,0,0,210.2,0,0,58,56,15,12,5,3,3,2,3,2,0.0,0.0
SS,Phil Rizzuto,Phil,Rizzuto,Freedom Grabbers - HotL,5' 6',160 lbs,R,R,99,New York Yankees,NYA,1950,1946-1960,CS,86656,Diamond,Clubhouse - Hall of Fame  SS Phil Rizzuto  NYY  1950,0,N,0,121,114,44,149,187,138,118,33,144,198,115,113,48,150,183,66,90,Line Drive,Normal,Normal,1,1,1,2,1,1,1,2,1,1,1,2,16,-,-,-,-,-,-,-,-,-,-,-,1,NEU,90-92,3/4,Normal,1,17,-,-,-,120,121,102,114,9,9,4,-,-,-,-,-,137,-,-,-,168,-,-,-,-,137,-,-,-,62,53,63,108,15,15,71,58,19,17,1,0,1,8,10,8,0,0,4,1,0,5,1,10.3,0.21,9,1.2,0.6,3.70,1,0,0.2,1.3,0,0,0,0,0,0,0,0.0,0,0,0,0,0,0,0,0,0,0,0,0,0,0,0,0,0,0,0,0,0,0.00,0,0,0,0,0,0.0,0.0,0.0,0.00,15,15,48,24,21,3,5,0,3.02,0.6,1.039,0,0,134.0,0,0,30,29,4,1,1,1,2,1,3,1,0.0,0.0
SS,Phil Rizzuto,Phil,Rizzuto,Dry Creek Craw Daddies,5' 6',160 lbs,R,R,99,New York Yankees,NYA,1950,1946-1960,CS,86656,Diamond,Clubhouse - Hall of Fame  SS Phil Rizzuto  NYY  1950,0,N,0,121,114,44,149,187,138,118,33,144,198,115,113,48,150,183,66,90,Line Drive,Normal,Normal,1,1,1,2,1,1,1,2,1,1,1,2,16,-,-,-,-,-,-,-,-,-,-,-,1,NEU,90-92,3/4,Normal,1,17,-,-,-,120,121,102,114,9,9,4,-,-,-,-,-,137,-,-,-,168,-,-,-,-,137,-,-,-,62,53,63,108,4,4,23,18,6,5,1,0,0,3,2,4,0,1,0,0,0,3,1,3.2,0.23,4,1.6,0.3,5.09,0,1,-0.5,0.3,0,0,0,0,0,0,0,0.0,0,0,0,0,0,0,0,0,0,0,0,0,0,0,0,0,0,0,0,0,0,0.00,0,0,0,0,0,0.0,0.0,0.0,0.00,4,4,13,9,4,0,1,0,2.60,1.0,1.188,0,0,45.0,0,0,11,11,1,1,0,0,0,0,3,1,0.0,0.0
SS,Phil Rizzuto,Phil,Rizzuto,Arcadia Wyverns,5' 6',160 lbs,R,R,99,New York Yankees,NYA,1950,1946-1960,CS,86656,Diamond,Clubhouse - Hall of Fame  SS Phil Rizzuto  NYY  1950,0,N,0,121,114,44,149,187,138,118,33,144,198,115,113,48,150,183,66,90,Line Drive,Normal,Normal,1,1,1,2,1,1,1,2,1,1,1,2,16,-,-,-,-,-,-,-,-,-,-,-,1,NEU,90-92,3/4,Normal,1,17,-,-,-,120,121,102,114,9,9,4,-,-,-,-,-,137,-,-,-,168,-,-,-,-,137,-,-,-,62,53,63,108,4,4,17,13,2,0,1,1,0,4,1,2,0,0,1,1,0,3,0,1.5,0.06,1,-0.9,-0.0,3.71,0,0,0.0,0.0,0,0,0,0,0,0,0,0.0,0,0,0,0,0,0,0,0,0,0,0,0,0,0,0,0,0,0,0,0,0,0.00,0,0,0,0,0,0.0,0.0,0.0,0.00,4,4,11,8,3,0,1,0,2.68,-0.1,.945,0,0,37.0,0,0,6,6,2,1,1,1,1,0,1,0,0.0,0.0
SS,Phil Rizzuto,Phil,Rizzuto,Texas Briskets,5' 6',160 lbs,R,R,99,New York Yankees,NYA,1950,1946-1960,CS,86656,Diamond,Clubhouse - Hall of Fame  SS Phil Rizzuto  NYY  1950,0,N,0,121,114,44,149,187,138,118,33,144,198,115,113,48,150,183,66,90,Line Drive,Normal,Normal,1,1,1,2,1,1,1,2,1,1,1,2,16,-,-,-,-,-,-,-,-,-,-,-,1,NEU,90-92,3/4,Normal,1,17,-,-,-,120,121,102,114,9,9,4,-,-,-,-,-,137,-,-,-,168,-,-,-,-,137,-,-,-,62,53,63,108,4,4,19,18,1,1,0,0,0,0,1,0,0,1,0,0,0,3,0,0.1,-0.36,-1,-3.6,-0.2,3.79,0,0,0.0,0.2,0,0,0,0,0,0,0,0.0,0,0,0,0,0,0,0,0,0,0,0,0,0,0,0,0,0,0,0,0,0,0.00,0,0,0,0,0,0.0,0.0,0.0,0.00,4,4,17,13,4,0,2,0,4.25,0.8,1.170,0,0,36.0,0,0,14,14,1,1,2,1,1,0,0,0,0.0,0.0
SS,Phil Rizzuto,Phil,Rizzuto,Herky Hyenas,5' 6',160 lbs,R,R,99,New York Yankees,NYA,1950,1946-1960,CS,86656,Diamond,Clubhouse - Hall of Fame  SS Phil Rizzuto  NYY  1950,0,N,0,121,114,44,149,187,138,118,33,144,198,115,113,48,150,183,66,90,Line Drive,Normal,Normal,1,1,1,2,1,1,1,2,1,1,1,2,16,-,-,-,-,-,-,-,-,-,-,-,1,NEU,90-92,3/4,Normal,1,17,-,-,-,120,121,102,114,9,9,4,-,-,-,-,-,137,-,-,-,168,-,-,-,-,137,-,-,-,62,53,63,108,12,12,49,42,10,10,0,0,0,2,7,4,0,1,2,0,0,13,1,3.7,0.10,3,-2.6,0.1,4.33,1,0,0.2,0.9,0,0,0,0,0,0,0,0.0,0,0,0,0,0,0,0,0,0,0,0,0,0,0,0,0,0,0,0,0,0,0.00,0,0,0,0,0,0.0,0.0,0.0,0.00,12,12,49,29,18,2,6,0,3.69,0.6,1.018,0,0,114.2,0,0,40,39,2,2,4,2,4,0,1,0,0.0,0.0
SS,Phil Rizzuto,Phil,Rizzuto,Svendborg Sailors,5' 6',160 lbs,R,R,99,New York Yankees,NYA,1950,1946-1960,CS,86656,Diamond,Clubhouse - Hall of Fame  SS Phil Rizzuto  NYY  1950,0,N,0,121,114,44,149,187,138,118,33,144,198,115,113,48,150,183,66,90,Line Drive,Normal,Normal,1,1,1,2,1,1,1,2,1,1,1,2,16,-,-,-,-,-,-,-,-,-,-,-,1,NEU,90-92,3/4,Normal,1,17,-,-,-,120,121,102,114,9,9,4,-,-,-,-,-,137,-,-,-,168,-,-,-,-,137,-,-,-,62,53,63,108,3,3,13,12,3,3,0,0,0,1,1,1,0,0,0,0,0,0,0,1.0,-0.16,0,-0.6,0.1,3.54,0,0,0.0,0.3,0,0,0,0,0,0,0,0.0,0,0,0,0,0,0,0,0,0,0,0,0,0,0,0,0,0,0,0,0,0,0.00,0,0,0,0,0,0.0,0.0,0.0,0.00,3,3,21,13,8,0,4,0,7.27,0.5,1.200,0,0,26.0,0,0,10,9,3,1,1,1,0,0,1,1,0.0,0.0
SS,Phil Rizzuto,Phil,Rizzuto,False Hustle,5' 6',160 lbs,R,R,99,New York Yankees,NYA,1950,1946-1960,CS,86656,Diamond,Clubhouse - Hall of Fame  SS Phil Rizzuto  NYY  1950,0,N,0,121,114,44,149,187,138,118,33,144,198,115,113,48,150,183,66,90,Line Drive,Normal,Normal,1,1,1,2,1,1,1,2,1,1,1,2,16,-,-,-,-,-,-,-,-,-,-,-,1,NEU,90-92,3/4,Normal,1,17,-,-,-,120,121,102,114,9,9,4,-,-,-,-,-,137,-,-,-,168,-,-,-,-,137,-,-,-,62,53,63,108,3,3,11,11,0,0,0,0,0,0,0,0,0,0,0,0,0,4,0,0.0,-0.23,-1,-2.9,-0.2,4.64,0,0,0.0,0.0,0,0,0,0,0,0,0,0.0,0,0,0,0,0,0,0,0,0,0,0,0,0,0,0,0,0,0,0,0,0,0.00,0,0,0,0,0,0.0,0.0,0.0,0.00,3,3,9,7,2,0,1,0,3.24,0.3,1.080,0,0,25.0,0,0,7,7,0,0,1,1,1,0,2,0,0.0,0.0
SS,Phil Rizzuto,Phil,Rizzuto,Chicago Seals,5' 6',160 lbs,R,R,99,New York Yankees,NYA,1950,1946-1960,CS,86656,Diamond,Clubhouse - Hall of Fame  SS Phil Rizzuto  NYY  1950,0,N,0,121,114,44,149,187,138,118,33,144,198,115,113,48,150,183,66,90,Line Drive,Normal,Normal,1,1,1,2,1,1,1,2,1,1,1,2,16,-,-,-,-,-,-,-,-,-,-,-,1,NEU,90-92,3/4,Normal,1,17,-,-,-,120,121,102,114,9,9,4,-,-,-,-,-,137,-,-,-,168,-,-,-,-,137,-,-,-,62,53,63,108,8,8,29,23,6,4,2,0,0,5,2,3,0,0,1,2,0,3,0,3.2,-0.01,2,-0.8,-0.0,3.83,0,0,0.0,0.1,0,0,0,0,0,0,0,0.0,0,0,0,0,0,0,0,0,0,0,0,0,0,0,0,0,0,0,0,0,0,0.00,0,0,0,0,0,0.0,0.0,0.0,0.00,8,8,29,20,8,1,6,0,3.42,-0.9,.918,0,0,73.2,0,0,21,17,1,1,3,1,1,1,1,0,0.0,0.0
SS,Phil Rizzuto,Phil,Rizzuto,Castroville Mashers - JW,5' 6',160 lbs,R,R,99,New York Yankees,NYA,1950,1946-1960,CS,86656,Diamond,Clubhouse - Hall of Fame  SS Phil Rizzuto  NYY  1950,0,N,0,121,114,44,149,187,138,118,33,144,198,115,113,48,150,183,66,90,Line Drive,Normal,Normal,1,1,1,2,1,1,1,2,1,1,1,2,16,-,-,-,-,-,-,-,-,-,-,-,1,NEU,90-92,3/4,Normal,1,17,-,-,-,120,121,102,114,9,9,4,-,-,-,-,-,137,-,-,-,168,-,-,-,-,137,-,-,-,62,53,63,108,4,4,16,13,4,3,1,0,0,2,0,1,0,1,0,1,0,3,0,2.3,0.08,2,0.2,0.1,3.31,0,0,0.0,0.0,0,0,0,0,0,0,0,0.0,0,0,0,0,0,0,0,0,0,0,0,0,0,0,0,0,0,0,0,0,0,0.00,0,0,0,0,0,0.0,0.0,0.0,0.00,4,4,15,11,4,0,2,0,3.97,0.5,1.080,0,0,34.0,0,0,13,13,0,0,3,2,1,0,1,0,0.0,0.0
SS,Phil Rizzuto,Phil,Rizzuto,Summerglen Seraphs TBD,5' 6',160 lbs,R,R,99,New York Yankees,NYA,1950,1946-1960,CS,86656,Diamond,Clubhouse - Hall of Fame  SS Phil Rizzuto  NYY  1950,0,N,0,121,114,44,149,187,138,118,33,144,198,115,113,48,150,183,66,90,Line Drive,Normal,Normal,1,1,1,2,1,1,1,2,1,1,1,2,16,-,-,-,-,-,-,-,-,-,-,-,1,NEU,90-92,3/4,Normal,1,17,-,-,-,120,121,102,114,9,9,4,-,-,-,-,-,137,-,-,-,168,-,-,-,-,137,-,-,-,62,53,63,108,4,4,18,17,9,7,1,1,0,1,4,0,0,1,0,0,0,0,0,6.1,0.16,5,3.4,0.4,3.61,0,1,-0.5,0.0,0,0,0,0,0,0,0,0.0,0,0,0,0,0,0,0,0,0,0,0,0,0,0,0,0,0,0,0,0,0,0.00,0,0,0,0,0,0.0,0.0,0.0,0.00,4,4,9,6,3,0,2,0,2.34,0.2,1.080,0,0,34.2,0,0,6,6,0,0,2,1,0,0,2,0,0.0,0.0
SS,Phil Rizzuto,Phil,Rizzuto,Shakedown 1977 Microbus TTC - GH,5' 6',160 lbs,R,R,99,New York Yankees,NYA,1950,1946-1960,CS,86656,Diamond,Clubhouse - Hall of Fame  SS Phil Rizzuto  NYY  1950,0,N,0,121,114,44,149,187,138,118,33,144,198,115,113,48,150,183,66,90,Line Drive,Normal,Normal,1,1,1,2,1,1,1,2,1,1,1,2,16,-,-,-,-,-,-,-,-,-,-,-,1,NEU,90-92,3/4,Normal,1,17,-,-,-,120,121,102,114,9,9,4,-,-,-,-,-,137,-,-,-,168,-,-,-,-,137,-,-,-,62,53,63,108,13,13,57,54,14,9,3,0,2,5,4,2,0,0,1,0,0,9,0,6.7,0.02,6,-0.7,0.2,3.93,0,0,0.0,0.2,0,0,0,0,0,0,0,0.0,0,0,0,0,0,0,0,0,0,0,0,0,0,0,0,0,0,0,0,0,0,0.00,0,0,0,0,0,0.0,0.0,0.0,0.00,13,13,40,25,15,0,5,0,3.11,0.3,1.080,0,0,115.2,0,0,31,29,1,0,4,2,1,0,3,0,0.0,0.0
SS,Phil Rizzuto,Phil,Rizzuto,Oysters Incognito,5' 6',160 lbs,R,R,99,New York Yankees,NYA,1950,1946-1960,CS,86656,Diamond,Clubhouse - Hall of Fame  SS Phil Rizzuto  NYY  1950,0,N,0,121,114,44,149,187,138,118,33,144,198,115,113,48,150,183,66,90,Line Drive,Normal,Normal,1,1,1,2,1,1,1,2,1,1,1,2,16,-,-,-,-,-,-,-,-,-,-,-,1,NEU,90-92,3/4,Normal,1,17,-,-,-,120,121,102,114,9,9,4,-,-,-,-,-,137,-,-,-,168,-,-,-,-,137,-,-,-,62,53,63,108,4,4,16,14,4,3,0,1,0,3,1,1,0,0,0,1,0,5,0,2.1,0.18,1,-0.1,0.1,4.62,0,0,0.0,-0.8,0,0,0,0,0,0,0,0.0,0,0,0,0,0,0,0,0,0,0,0,0,0,0,0,0,0,0,0,0,0,0.00,0,0,0,0,0,0.0,0.0,0.0,0.00,4,4,16,10,5,1,0,0,3.93,0.9,1.080,0,0,34.1,0,0,12,11,0,0,1,1,3,2,2,1,0.0,0.0
SS,Jackie Robinson,Jackie,Robinson,New York Jackhammers,5' 11',195 lbs,R,R,93,Kansas City Monarchs,KCM,1945,1921-1945,CS,84392,Diamond,Clubhouse - Negro League Star  SS Jackie Robinson  KCM  1945,0,N,0,96,97,94,86,89,99,110,97,80,91,95,94,94,89,89,69,89,Normal,Normal,Normal,1,1,18,3,1,1,21,3,1,1,17,3,16,-,-,-,-,-,-,-,-,-,-,-,1,NEU,90-92,OTT,Normal,1,10,1,1,1,106,64,99,106,7,3,11,-,-,86,-,-,103,-,-,-,149,-,86,-,-,103,-,-,-,102,79,84,108,11,11,39,39,11,6,3,1,1,7,3,0,0,0,0,0,0,8,0,5.5,0.27,4,0.3,0.3,3.49,1,0,0.2,0.3,0,0,0,0,0,0,0,0.0,0,0,0,0,0,0,0,0,0,0,0,0,0,0,0,0,0,0,0,0,0,0.00,0,0,0,0,0,0.0,0.0,0.0,0.00,11,11,49,34,15,0,7,0,4.59,0.6,1.044,0,0,96.0,0,0,34,34,4,2,4,2,3,0,1,0,0.0,0.0
SS,Jackie Robinson,Jackie,Robinson,Wilson Horns,5' 11',195 lbs,R,R,93,Kansas City Monarchs,KCM,1945,1921-1945,CS,84392,Diamond,Clubhouse - Negro League Star  SS Jackie Robinson  KCM  1945,0,N,0,96,97,94,86,89,99,110,97,80,91,95,94,94,89,89,69,89,Normal,Normal,Normal,1,1,18,3,1,1,21,3,1,1,17,3,16,-,-,-,-,-,-,-,-,-,-,-,1,NEU,90-92,OTT,Normal,1,10,1,1,1,106,64,99,106,7,3,11,-,-,86,-,-,103,-,-,-,149,-,86,-,-,103,-,-,-,102,79,84,108,3,3,10,10,2,2,0,0,0,2,0,0,0,0,0,0,0,2,0,0.4,0.05,0,-1.1,-0.1,3.60,0,0,0.0,-0.4,0,0,0,0,0,0,0,0.0,0,0,0,0,0,0,0,0,0,0,0,0,0,0,0,0,0,0,0,0,0,0.00,0,0,0,0,0,0.0,0.0,0.0,0.00,3,3,7,3,4,0,1,0,2.74,-0.1,1.080,0,0,23.0,0,0,4,4,2,0,1,1,0,0,0,0,0.0,0.0
SS,Alex Rodriguez,Alex,Rodriguez,New York Jackhammers,6' 3',225 lbs,R,R,98,Texas Rangers,TEX,2001,1993-2004,,82737,Diamond,Hardware Heroes  SS Alex Rodriguez  TEX  2001,0,N,0,94,80,128,105,84,91,69,133,92,70,95,84,126,111,88,4,9,Normal,Pull,Pull,1,1,1,1,1,1,1,1,1,1,1,1,16,-,-,-,-,-,-,-,-,-,-,-,1,NEU,91-93,3/4,Normal,1,19,-,-,-,72,76,89,91,7,9,7,-,-,-,-,-,76,-,-,-,132,-,-,-,-,76,-,-,-,89,47,96,82,11,11,46,41,7,4,1,0,2,5,3,4,0,0,0,1,0,16,2,3.0,-0.41,3,-2.4,-0.2,4.04,0,0,0.0,0.1,0,0,0,0,0,0,0,0.0,0,0,0,0,0,0,0,0,0,0,0,0,0,0,0,0,0,0,0,0,0,0.00,0,0,0,0,0,0.0,0.0,0.0,0.00,0,0,0,0,0,0,0,0,0.00,0.0,.000,0,0,0.0,0,0,0,0,0,0,0,0,0,0,0,0,0.0,0.0
SS,Dickie Thon,Dickie,Thon,Brookline Bees,5' 11',175 lbs,R,R,88,Houston Astros,HOU,1983,1980-1992,,86238,Gold,Studs & Duds - Historical All-Star  SS Dickie Thon  HOU  1983,0,N,0,88,97,100,98,104,141,100,75,134,94,75,97,113,90,109,80,86,Normal,Pull,Pull,1,1,1,5,1,1,1,5,1,1,1,5,16,-,-,-,-,-,-,-,-,-,-,-,1,NEU,89-91,3/4,Normal,1,22,-,-,-,118,64,104,113,8,8,9,-,-,-,133,-,115,-,-,-,153,-,-,133,-,115,-,-,-,83,88,91,97,3,3,13,12,2,0,0,1,1,1,1,1,0,0,0,0,0,2,0,1.7,-0.14,1,0.2,0.0,3.38,0,0,0.0,0.0,0,0,0,0,0,0,0,0.0,0,0,0,0,0,0,0,0,0,0,0,0,0,0,0,0,0,0,0,0,0,0.00,0,0,0,0,0,0.0,0.0,0.0,0.00,3,3,5,1,3,1,0,0,1.38,-0.4,.720,0,0,26.0,0,0,4,3,0,0,0,0,0,0,0,0,0.0,0.0
SS,Dickie Thon,Dickie,Thon,Normal Night Owls - HotL,5' 11',175 lbs,R,R,88,Houston Astros,HOU,1983,1980-1992,,86238,Gold,Studs & Duds - Historical All-Star  SS Dickie Thon  HOU  1983,0,N,0,88,97,100,98,104,141,100,75,134,94,75,97,113,90,109,80,86,Normal,Pull,Pull,1,1,1,5,1,1,1,5,1,1,1,5,16,-,-,-,-,-,-,-,-,-,-,-,1,NEU,89-91,3/4,Normal,1,22,-,-,-,118,64,104,113,8,8,9,-,-,-,133,-,115,-,-,-,153,-,-,133,-,115,-,-,-,83,88,91,97,2,,3,3,1,1,0,0,0,0,0,0,0,0,0,0,0,0,0,0.3,-0.05,0,-0.1,-0.0,3.67,0,0,0.0,0.0,0,0,0,0,0,0,0,0.0,0,0,0,0,0,0,0,0,0,0,0,0,0,0,0,0,0,0,0,0,0,0.00,0,0,0,0,0,0.0,0.0,0.0,0.00,1,0,2,2,0,0,0,0,5.40,-0.2,1.080,0,0,3.1,0,0,2,2,1,0,0,0,1,0,0,0,0.0,0.0
SS,Dickie Thon,Dickie,Thon,Sydney Whalers,5' 11',175 lbs,R,R,88,Houston Astros,HOU,1983,1980-1992,,86238,Gold,Studs & Duds - Historical All-Star  SS Dickie Thon  HOU  1983,0,N,0,88,97,100,98,104,141,100,75,134,94,75,97,113,90,109,80,86,Normal,Pull,Pull,1,1,1,5,1,1,1,5,1,1,1,5,16,-,-,-,-,-,-,-,-,-,-,-,1,NEU,89-91,3/4,Normal,1,22,-,-,-,118,64,104,113,8,8,9,-,-,-,133,-,115,-,-,-,153,-,-,133,-,115,-,-,-,83,88,91,97,4,4,16,16,4,4,0,0,0,1,1,0,0,0,0,0,0,6,0,1.0,-0.02,0,-1.2,0.0,3.81,0,0,0.0,0.1,0,0,0,0,0,0,0,0.0,0,0,0,0,0,0,0,0,0,0,0,0,0,0,0,0,0,0,0,0,0,0.00,0,0,0,0,0,0.0,0.0,0.0,0.00,4,4,14,9,5,0,1,0,3.71,0.7,1.080,0,0,34.0,0,0,7,7,2,2,2,2,1,0,0,0,0.0,0.0
SS,Dickie Thon,Dickie,Thon,Shakedown 1977 Microbus TTC - GH,5' 11',175 lbs,R,R,88,Houston Astros,HOU,1983,1980-1992,,86238,Gold,Studs & Duds - Historical All-Star  SS Dickie Thon  HOU  1983,0,N,0,88,97,100,98,104,141,100,75,134,94,75,97,113,90,109,80,86,Normal,Pull,Pull,1,1,1,5,1,1,1,5,1,1,1,5,16,-,-,-,-,-,-,-,-,-,-,-,1,NEU,89-91,3/4,Normal,1,22,-,-,-,118,64,104,113,8,8,9,-,-,-,133,-,115,-,-,-,153,-,-,133,-,115,-,-,-,83,88,91,97,3,,3,3,1,1,0,0,0,0,0,0,0,0,0,0,0,1,0,0.3,0.01,0,-0.1,0.0,3.00,0,0,0.0,0.0,0,0,0,0,0,0,0,0.0,0,0,0,0,0,0,0,0,0,0,0,0,0,0,0,0,0,0,0,0,0,0.00,0,0,0,0,0,0.0,0.0,0.0,0.00,0,0,0,0,0,0,0,0,0.00,0.0,.000,0,0,0.0,0,0,0,0,0,0,0,0,0,0,0,0,0.0,0.0
SS,Jose Valentin,Jose,Valentin,Herky Hyenas,5' 10',190 lbs,S,R,64,Chicago White Sox,CHW,2004,1993-2004,,83572,Bronze,Snapshot  SS Jose Valentin  CWS  2004,0,N,0,23,104,97,75,53,13,145,89,75,37,27,94,101,76,59,58,45,Line Drive,Pull,Pull,1,1,1,2,1,1,1,2,1,1,2,2,16,-,-,-,-,-,-,-,-,-,-,-,1,NEU,89-91,3/4,Normal,1,25,-,-,-,102,55,94,96,5,10,6,-,-,-,110,94,93,-,-,-,140,-,-,110,94,93,-,-,-,76,73,68,98,3,1,3,3,0,0,0,0,0,0,0,0,0,0,0,0,0,0,0,0.0,-0.08,0,-0.8,-0.1,1.67,0,0,0.0,0.0,0,0,0,0,0,0,0,0.0,0,0,0,0,0,0,0,0,0,0,0,0,0,0,0,0,0,0,0,0,0,0.00,0,0,0,0,0,0.0,0.0,0.0,0.00,4,1,9,5,3,1,1,0,5.14,-0.2,.860,0,0,14.0,0,0,5,4,0,0,1,1,0,0,0,0,0.0,0.0
SS,Honus Wagner,Honus,Wagner,Chicago Rat Finks - HotL,5' 11',200 lbs,R,R,99,Pittsburgh Pirates,PIT,1903,2026,UTIL,85540,Diamond,Memorial Day OnStream Builds - Super Utility  SS Honus Wagner  PIT  1903,0,N,0,120,118,89,79,165,102,120,100,72,178,127,117,86,81,161,78,57,Groundball,Normal,Normal,1,1,1,4,1,1,1,4,1,1,1,4,-,-,-,16,-,17,-,-,-,-,-,-,2,NEU,89-91,3/4,Normal,1,11,-,-,-,109,86,96,105,81,120,85,-,-,89,-,114,113,-,-,104,156,-,89,-,114,113,-,-,104,93,88,94,96,4,4,17,17,7,1,2,2,2,5,4,0,0,0,0,0,0,3,1,6.9,0.41,6,4.3,0.5,3.18,1,0,0.2,-0.0,0,0,0,0,0,0,0,0.0,0,0,0,0,0,0,0,0,0,0,0,0,0,0,0,0,0,0,0,0,0,0.00,0,0,0,0,0,0.0,0.0,0.0,0.00,4,4,10,5,5,0,0,0,2.52,0.2,1.062,0,0,35.2,0,0,6,6,2,2,0,0,1,0,1,0,0.0,0.0
SS,Honus Wagner,Honus,Wagner,Northville Stallions,5' 11',200 lbs,R,R,68,Pittsburgh Pirates,PIT,1913,2026,,86712,Bronze,FLF 22 & Co. - Snapshot  SS Honus Wagner  PIT  1913,0,N,0,97,90,69,81,109,122,77,113,51,98,91,94,46,89,113,100,89,Groundball,Normal,Normal,1,1,1,5,1,1,1,5,1,1,1,5,-,-,-,16,-,17,-,-,-,-,-,-,2,NEU,90-92,3/4,Normal,1,16,-,-,-,84,112,88,97,71,75,29,-,-,86,-,108,99,-,53,-,154,-,86,-,108,99,-,53,-,71,84,85,79,4,,2,2,0,0,0,0,0,0,0,0,0,0,0,0,0,0,0,0.0,-0.06,0,-0.5,-0.1,3.50,0,0,0.0,0.0,0,0,0,0,0,0,0,0.0,0,0,0,0,0,0,0,0,0,0,0,0,0,0,0,0,0,0,0,0,0,0.00,0,0,0,0,0,0.0,0.0,0.0,0.00,4,0,1,0,1,0,0,0,1.80,-0.0,1.014,0,0,5.0,0,0,1,1,0,0,0,0,0,0,1,0,0.0,-0.1
SS,Honus Wagner,Honus,Wagner,Ogden Raptors - HotL,5' 11',200 lbs,R,R,99,Pittsburgh Pirates,PIT,1903,2026,UTIL,85540,Diamond,Memorial Day OnStream Builds - Super Utility  SS Honus Wagner  PIT  1903,0,N,0,120,118,89,79,165,102,120,100,72,178,127,117,86,81,161,78,57,Groundball,Normal,Normal,1,1,1,4,1,1,1,4,1,1,1,4,-,-,-,16,-,17,-,-,-,-,-,-,2,NEU,89-91,3/4,Normal,1,11,-,-,-,109,86,96,105,81,120,85,-,-,89,-,114,113,-,-,104,156,-,89,-,114,113,-,-,104,93,88,94,96,9,9,38,36,17,10,1,3,3,9,8,1,0,1,0,0,0,5,0,16.8,1.40,13,8.5,1.0,3.63,0,0,0.0,-0.0,0,0,0,0,0,0,0,0.0,0,0,0,0,0,0,0,0,0,0,0,0,0,0,0,0,0,0,0,0,0,0.00,0,0,0,0,0,0.0,0.0,0.0,0.00,10,9,25,17,6,2,3,0,2.84,-0.1,.936,0,0,73.0,0,0,16,14,2,2,1,1,0,0,0,0,0.0,0.0
SS,Honus Wagner,Honus,Wagner,Winnipeg Golden Knights,5' 11',200 lbs,R,R,99,Pittsburgh Pirates,PIT,1903,2026,UTIL,85540,Diamond,Memorial Day OnStream Builds - Super Utility  SS Honus Wagner  PIT  1903,0,N,0,120,118,89,79,165,102,120,100,72,178,127,117,86,81,161,78,57,Groundball,Normal,Normal,1,1,1,4,1,1,1,4,1,1,1,4,-,-,-,16,-,17,-,-,-,-,-,-,2,NEU,89-91,3/4,Normal,1,11,-,-,-,109,86,96,105,81,120,85,-,-,89,-,114,113,-,-,104,156,-,89,-,114,113,-,-,104,93,88,94,96,11,11,50,46,16,9,0,2,5,12,10,2,0,1,0,1,0,2,2,12.5,0.82,12,6.2,0.8,3.76,1,0,0.2,1.2,0,0,0,0,0,0,0,0.0,0,0,0,0,0,0,0,0,0,0,0,0,0,0,0,0,0,0,0,0,0,0.00,0,0,0,0,0,0.0,0.0,0.0,0.00,12,11,20,1,18,1,0,0,1.69,-0.7,.966,0,0,101.0,0,0,17,16,2,2,1,0,4,0,0,0,0.0,-0.2
SS,Honus Wagner,Honus,Wagner,Everett Aqua Sox,5' 11',200 lbs,R,R,99,Pittsburgh Pirates,PIT,1903,2026,UTIL,85540,Diamond,Memorial Day OnStream Builds - Super Utility  SS Honus Wagner  PIT  1903,0,N,0,120,118,89,79,165,102,120,100,72,178,127,117,86,81,161,78,57,Groundball,Normal,Normal,1,1,1,4,1,1,1,4,1,1,1,4,-,-,-,16,-,17,-,-,-,-,-,-,2,NEU,89-91,3/4,Normal,1,11,-,-,-,109,86,96,105,81,120,85,-,-,89,-,114,113,-,-,104,156,-,89,-,114,113,-,-,104,93,88,94,96,7,7,26,25,10,7,1,2,0,4,6,0,0,1,0,0,0,3,0,6.5,-0.02,5,2.6,0.4,3.46,0,0,0.0,0.8,0,0,0,0,0,0,0,0.0,0,0,0,0,0,0,0,0,0,0,0,0,0,0,0,0,0,0,0,0,0,0.00,0,0,0,0,0,0.0,0.0,0.0,0.00,10,7,23,15,6,2,2,0,3.32,-0.3,.966,0,0,57.0,0,0,19,17,2,1,1,1,0,0,3,0,0.0,0.0
SS,Honus Wagner,Honus,Wagner,Gamehendge Lizards - HotL,5' 11',200 lbs,R,R,99,Pittsburgh Pirates,PIT,1903,2026,UTIL,85540,Diamond,Memorial Day OnStream Builds - Super Utility  SS Honus Wagner  PIT  1903,0,Y,5,130,127,97,86,177,110,130,108,79,191,137,126,93,88,173,78,57,Groundball,Normal,Normal,1,1,1,6,1,1,1,6,1,1,1,6,-,-,-,16,-,17,-,-,-,-,-,-,2,NEU,89-91,3/4,Normal,1,11,-,-,-,109,86,96,105,81,120,85,-,-,96,-,122,121,-,-,111,166,-,96,-,122,121,-,-,111,93,88,94,96,4,4,17,16,5,2,2,0,1,3,2,1,0,0,0,0,0,4,0,3.8,0.27,3,1.3,0.1,3.59,1,0,0.2,-1.2,0,0,0,0,0,0,0,0.0,0,0,0,0,0,0,0,0,0,0,0,0,0,0,0,0,0,0,0,0,0,0.00,0,0,0,0,0,0.0,0.0,0.0,0.00,4,4,17,11,4,2,1,0,3.86,-0.5,.914,0,0,35.0,0,0,13,11,2,2,1,0,0,0,0,0,0.0,0.0
SS,Honus Wagner,Honus,Wagner,seebal Saeki,5' 11',200 lbs,R,R,99,Pittsburgh Pirates,PIT,1903,2026,UTIL,85540,Diamond,Memorial Day OnStream Builds - Super Utility  SS Honus Wagner  PIT  1903,0,N,0,120,118,89,79,165,102,120,100,72,178,127,117,86,81,161,78,57,Groundball,Normal,Normal,1,1,1,4,1,1,1,4,1,1,1,4,-,-,-,16,-,17,-,-,-,-,-,-,2,NEU,89-91,3/4,Normal,1,11,-,-,-,109,86,96,105,81,120,85,-,-,89,-,114,113,-,-,104,156,-,89,-,114,113,-,-,104,93,88,94,96,5,5,21,21,5,3,1,0,1,4,3,0,0,0,0,0,0,5,0,2.1,0.13,1,-0.6,0.1,4.10,0,0,0.0,0.2,0,0,0,0,0,0,0,0.0,0,0,0,0,0,0,0,0,0,0,0,0,0,0,0,0,0,0,0,0,0,0.00,0,0,0,0,0,0.0,0.0,0.0,0.00,5,5,17,11,6,0,2,0,3.56,0.2,1.170,0,0,43.0,0,0,14,12,2,1,2,1,0,0,0,0,0.0,0.0
SS,Honus Wagner,Honus,Wagner,Shartlesville ShihTzus - HotL,5' 11',200 lbs,R,R,99,Pittsburgh Pirates,PIT,1903,2026,UTIL,85540,Diamond,Memorial Day OnStream Builds - Super Utility  SS Honus Wagner  PIT  1903,0,Y,5,130,127,97,86,177,110,130,108,79,191,137,126,93,88,173,78,57,Groundball,Normal,Normal,1,1,1,6,1,1,1,6,1,1,1,6,-,-,-,16,-,17,-,-,-,-,-,-,2,NEU,89-91,3/4,Normal,1,11,-,-,-,109,86,96,105,81,120,85,-,-,96,-,122,121,-,-,111,166,-,96,-,122,121,-,-,111,93,88,94,96,4,4,20,16,4,4,0,0,0,0,2,4,0,0,0,0,0,3,0,2.2,-0.09,2,0.0,0.1,4.35,1,0,0.2,0.1,0,0,0,0,0,0,0,0.0,0,0,0,0,0,0,0,0,0,0,0,0,0,0,0,0,0,0,0,0,0,0.00,0,0,0,0,0,0.0,0.0,0.0,0.00,4,4,12,6,6,0,1,0,2.57,-0.2,1.080,0,0,42.0,0,0,9,9,2,1,2,0,2,0,0,0,0.0,0.0
SS,Honus Wagner,Honus,Wagner,Toronto Terns PCK,5' 11',200 lbs,R,R,99,Pittsburgh Pirates,PIT,1903,2026,UTIL,85540,Diamond,Memorial Day OnStream Builds - Super Utility  SS Honus Wagner  PIT  1903,0,N,0,120,118,89,79,165,102,120,100,72,178,127,117,86,81,161,78,57,Groundball,Normal,Normal,1,1,1,4,1,1,1,4,1,1,1,4,-,-,-,16,-,17,-,-,-,-,-,-,2,NEU,89-91,3/4,Normal,1,11,-,-,-,109,86,96,105,81,120,85,-,-,89,-,114,113,-,-,104,156,-,89,-,114,113,-,-,104,93,88,94,96,4,4,17,15,7,6,1,0,0,2,2,1,0,0,0,1,0,5,0,4.1,0.14,3,1.6,0.3,4.94,0,0,0.0,0.2,0,0,0,0,0,0,0,0.0,0,0,0,0,0,0,0,0,0,0,0,0,0,0,0,0,0,0,0,0,0,0.00,0,0,0,0,0,0.0,0.0,0.0,0.00,4,4,8,8,0,0,0,0,2.12,0.6,1.234,0,0,34.0,0,0,6,6,2,1,0,0,0,0,2,1,0.0,0.0
SS,Honus Wagner,Honus,Wagner,Providence Friars - HotL,5' 11',200 lbs,R,R,99,Pittsburgh Pirates,PIT,1903,2026,UTIL,85540,Diamond,Memorial Day OnStream Builds - Super Utility  SS Honus Wagner  PIT  1903,0,Y,5,130,127,97,86,177,110,130,108,79,191,137,126,93,88,173,78,57,Groundball,Normal,Normal,1,1,1,6,1,1,1,6,1,1,1,6,-,-,-,16,-,17,-,-,-,-,-,-,2,NEU,89-91,3/4,Normal,1,11,-,-,-,109,86,96,105,81,120,85,-,-,96,-,122,121,-,-,111,166,-,96,-,122,121,-,-,111,93,88,94,96,12,12,55,51,13,6,4,1,2,8,6,3,0,1,0,0,0,7,0,8.0,0.29,7,1.1,0.2,3.80,0,0,0.0,-1.1,0,0,0,0,0,0,0,0.0,0,0,0,0,0,0,0,0,0,0,0,0,0,0,0,0,0,0,0,0,0,0.00,0,0,0,0,0,0.0,0.0,0.0,0.00,12,12,49,34,12,3,6,0,3.75,-1.0,.949,0,0,110.1,0,0,33,28,5,4,2,0,1,1,1,0,0.0,0.0
SS,Honus Wagner,Honus,Wagner,Junk Wax Heroes,5' 11',200 lbs,R,R,99,Pittsburgh Pirates,PIT,1903,2026,UTIL,85540,Diamond,Memorial Day OnStream Builds - Super Utility  SS Honus Wagner  PIT  1903,0,N,0,120,118,89,79,165,102,120,100,72,178,127,117,86,81,161,78,57,Groundball,Normal,Normal,1,1,1,4,1,1,1,4,1,1,1,4,-,-,-,16,-,17,-,-,-,-,-,-,2,NEU,89-91,3/4,Normal,1,11,-,-,-,109,86,96,105,81,120,85,-,-,89,-,114,113,-,-,104,156,-,89,-,114,113,-,-,104,93,88,94,96,6,5,25,22,2,2,0,0,0,0,3,2,0,1,0,0,0,3,0,0.6,-0.25,0,-3.3,-0.2,2.96,0,0,0.0,-0.0,0,0,0,0,0,0,0,0.0,0,0,0,0,0,0,0,0,0,0,0,0,0,0,0,0,0,0,0,0,0,0.00,0,0,0,0,0,0.0,0.0,0.0,0.00,6,5,9,8,1,0,0,0,1.84,0.5,1.080,0,0,44.0,0,0,7,7,1,1,1,1,0,0,0,0,0.0,0.0
SS,Honus Wagner,Honus,Wagner,Svendborg Sailors,5' 11',200 lbs,R,R,99,Pittsburgh Pirates,PIT,1903,2026,UTIL,85540,Diamond,Memorial Day OnStream Builds - Super Utility  SS Honus Wagner  PIT  1903,0,N,0,120,118,89,79,165,102,120,100,72,178,127,117,86,81,161,78,57,Groundball,Normal,Normal,1,1,1,4,1,1,1,4,1,1,1,4,-,-,-,16,-,17,-,-,-,-,-,-,2,NEU,89-91,3/4,Normal,1,11,-,-,-,109,86,96,105,81,120,85,-,-,89,-,114,113,-,-,104,156,-,89,-,114,113,-,-,104,93,88,94,96,1,1,3,3,0,0,0,0,0,0,0,0,0,0,0,0,0,0,1,-0.0,-0.11,0,-0.8,-0.0,4.00,0,0,0.0,0.0,0,0,0,0,0,0,0,0.0,0,0,0,0,0,0,0,0,0,0,0,0,0,0,0,0,0,0,0,0,0,0.00,0,0,0,0,0,0.0,0.0,0.0,0.00,1,1,2,1,1,0,0,0,2.25,0.2,1.062,0,0,8.0,0,0,1,1,0,0,1,1,0,0,0,0,0.0,0.0
SS,Honus Wagner,Honus,Wagner,Cibao Aguilas,5' 11',200 lbs,R,R,99,Pittsburgh Pirates,PIT,1903,2026,UTIL,85540,Diamond,Memorial Day OnStream Builds - Super Utility  SS Honus Wagner  PIT  1903,0,Y,5,130,127,97,86,177,110,130,108,79,191,137,126,93,88,173,78,57,Groundball,Normal,Normal,1,1,1,6,1,1,1,6,1,1,1,6,-,-,-,16,-,17,-,-,-,-,-,-,2,NEU,89-91,3/4,Normal,1,11,-,-,-,109,86,96,105,81,120,85,-,-,96,-,122,121,-,-,111,166,-,96,-,122,121,-,-,111,93,88,94,96,7,7,33,31,8,6,1,1,0,2,4,1,0,0,0,1,0,4,0,3.2,-0.45,2,-1.3,-0.0,3.88,0,0,0.0,0.3,0,0,0,0,0,0,0,0.0,0,0,0,0,0,0,0,0,0,0,0,0,0,0,0,0,0,0,0,0,0,0.00,0,0,0,0,0,0.0,0.0,0.0,0.00,8,7,24,15,7,2,1,0,3.16,-0.7,.953,0,0,62.2,0,0,14,13,5,3,3,1,3,0,1,0,0.0,0.0
SS,Honus Wagner,Honus,Wagner,Sydney Whalers,5' 11',200 lbs,R,R,68,Pittsburgh Pirates,PIT,1913,2026,,86712,Bronze,FLF 22 & Co. - Snapshot  SS Honus Wagner  PIT  1913,0,N,0,97,90,69,81,109,122,77,113,51,98,91,94,46,89,113,100,89,Groundball,Normal,Normal,1,1,1,5,1,1,1,5,1,1,1,5,-,-,-,16,-,17,-,-,-,-,-,-,2,NEU,90-92,3/4,Normal,1,16,-,-,-,84,112,88,97,71,75,29,-,-,86,-,108,99,-,53,-,154,-,86,-,108,99,-,53,-,71,84,85,79,1,,1,1,0,0,0,0,0,0,0,0,0,0,0,0,0,0,0,0.0,-0.05,0,-0.3,-0.0,3.00,0,0,0.0,0.0,0,0,0,0,0,0,0,0.0,0,0,0,0,0,0,0,0,0,0,0,0,0,0,0,0,0,0,0,0,0,0.00,0,0,0,0,0,0.0,0.0,0.0,0.00,1,0,0,0,0,0,0,0,0.00,0.0,.000,0,0,3.0,0,0,0,0,0,0,0,0,0,0,0,0,0.0,0.0
SS,Honus Wagner,Honus,Wagner,NoseKerim Astea Kerim,5' 11',200 lbs,R,R,99,Pittsburgh Pirates,PIT,1903,2026,UTIL,85540,Diamond,Memorial Day OnStream Builds - Super Utility  SS Honus Wagner  PIT  1903,0,Y,5,130,127,97,86,177,110,130,108,79,191,137,126,93,88,173,78,57,Groundball,Normal,Normal,1,1,1,6,1,1,1,6,1,1,1,6,-,-,-,16,-,17,-,-,-,-,-,-,2,NEU,89-91,3/4,Normal,1,11,-,-,-,109,86,96,105,81,120,85,-,-,96,-,122,121,-,-,111,166,-,96,-,122,121,-,-,111,93,88,94,96,22,22,98,92,29,18,5,3,3,14,15,3,0,2,0,1,0,15,0,18.4,-0.08,16,4.6,1.0,3.89,4,0,0.9,0.8,0,0,0,0,0,0,0,0.0,0,0,0,0,0,0,0,0,0,0,0,0,0,0,0,0,0,0,0,0,0,0.00,0,0,0,0,0,0.0,0.0,0.0,0.00,22,22,85,46,36,3,10,0,3.68,0.2,1.015,0,0,200.1,0,0,46,42,11,8,5,2,4,2,3,0,0.0,0.0
SS,Honus Wagner,Honus,Wagner,Waltham River Otters,5' 11',200 lbs,R,R,99,Pittsburgh Pirates,PIT,1903,2026,UTIL,85540,Diamond,Memorial Day OnStream Builds - Super Utility  SS Honus Wagner  PIT  1903,0,N,0,120,118,89,79,165,102,120,100,72,178,127,117,86,81,161,78,57,Groundball,Normal,Normal,1,1,1,4,1,1,1,4,1,1,1,4,-,-,-,16,-,17,-,-,-,-,-,-,2,NEU,89-91,3/4,Normal,1,11,-,-,-,109,86,96,105,81,120,85,-,-,89,-,114,113,-,-,104,156,-,89,-,114,113,-,-,104,93,88,94,96,14,14,64,58,13,11,1,1,0,2,6,6,0,0,0,0,0,7,1,5.2,-0.10,4,-2.9,0.0,3.88,2,0,0.5,0.9,0,0,0,0,0,0,0,0.0,0,0,0,0,0,0,0,0,0,0,0,0,0,0,0,0,0,0,0,0,0,0.00,0,0,0,0,0,0.0,0.0,0.0,0.00,14,14,44,25,15,4,2,0,2.74,-1.0,.906,0,0,131.1,0,0,36,30,3,2,5,4,2,1,0,0,0.0,0.0
SS,Honus Wagner,Honus,Wagner,Zanesville Greys,5' 11',200 lbs,R,R,99,Pittsburgh Pirates,PIT,1903,2026,UTIL,85540,Diamond,Memorial Day OnStream Builds - Super Utility  SS Honus Wagner  PIT  1903,0,N,0,120,118,89,79,165,102,120,100,72,178,127,117,86,81,161,78,57,Groundball,Normal,Normal,1,1,1,4,1,1,1,4,1,1,1,4,-,-,-,16,-,17,-,-,-,-,-,-,2,NEU,89-91,3/4,Normal,1,11,-,-,-,109,86,96,105,81,120,85,-,-,89,-,114,113,-,-,104,156,-,89,-,114,113,-,-,104,93,88,94,96,3,3,11,10,4,4,0,0,0,0,1,1,0,0,0,0,0,1,1,1.7,-0.02,1,0.6,0.1,3.73,1,0,0.2,-0.1,0,0,0,0,0,0,0,0.0,0,0,0,0,0,0,0,0,0,0,0,0,0,0,0,0,0,0,0,0,0,0.00,0,0,0,0,0,0.0,0.0,0.0,0.00,3,3,11,8,2,1,1,0,3.46,-0.7,.945,0,0,26.0,0,0,10,7,0,0,0,0,0,0,0,0,0.0,0.0
SS,Honus Wagner,Honus,Wagner,Charlotte Hellcats GH,5' 11',200 lbs,R,R,99,Pittsburgh Pirates,PIT,1903,2026,UTIL,85540,Diamond,Memorial Day OnStream Builds - Super Utility  SS Honus Wagner  PIT  1903,0,N,0,120,118,89,79,165,102,120,100,72,178,127,117,86,81,161,78,57,Groundball,Normal,Normal,1,1,1,4,1,1,1,4,1,1,1,4,-,-,-,16,-,17,-,-,-,-,-,-,2,NEU,89-91,3/4,Normal,1,11,-,-,-,109,86,96,105,81,120,85,-,-,89,-,114,113,-,-,104,156,-,89,-,114,113,-,-,104,93,88,94,96,17,17,93,83,40,29,7,1,3,30,33,5,0,0,0,5,0,9,0,29.8,0.25,24,13.3,1.8,3.86,2,1,-0.1,-0.5,0,0,0,0,0,0,0,0.0,0,0,0,0,0,0,0,0,0,0,0,0,0,0,0,0,0,0,0,0,0,0.00,0,0,0,0,0,0.0,0.0,0.0,0.00,17,17,52,34,18,0,4,0,3.08,1.1,1.080,0,0,152.0,0,0,33,32,6,3,6,4,1,1,1,0,0.0,0.0
SS,Honus Wagner,Honus,Wagner,Shibuya Shredders - GH,5' 11',200 lbs,R,R,99,Pittsburgh Pirates,PIT,1903,2026,UTIL,85540,Diamond,Memorial Day OnStream Builds - Super Utility  SS Honus Wagner  PIT  1903,0,Y,5,130,127,97,86,177,110,130,108,79,191,137,126,93,88,173,78,57,Groundball,Normal,Normal,1,1,1,6,1,1,1,6,1,1,1,6,-,-,-,16,-,17,-,-,-,-,-,-,2,NEU,89-91,3/4,Normal,1,11,-,-,-,109,86,96,105,81,120,85,-,-,96,-,122,121,-,-,111,166,-,96,-,122,121,-,-,111,93,88,94,96,15,15,67,60,11,8,3,0,0,7,5,5,0,0,1,1,0,11,0,3.7,-0.39,2,-5.6,-0.2,4.06,0,1,-0.5,0.5,0,0,0,0,0,0,0,0.0,0,0,0,0,0,0,0,0,0,0,0,0,0,0,0,0,0,0,0,0,0,0.00,0,0,0,0,0,0.0,0.0,0.0,0.00,15,15,51,34,15,2,10,0,3.25,1.1,1.080,0,0,135.2,0,0,34,33,6,4,2,1,0,0,2,0,0.0,0.0
SS,Honus Wagner,Honus,Wagner,Rajasthan Rifles Rifles,5' 11',200 lbs,R,R,99,Pittsburgh Pirates,PIT,1903,2026,UTIL,85540,Diamond,Memorial Day OnStream Builds - Super Utility  SS Honus Wagner  PIT  1903,0,N,0,120,118,89,79,165,102,120,100,72,178,127,117,86,81,161,78,57,Groundball,Normal,Normal,1,1,1,4,1,1,1,4,1,1,1,4,-,-,-,16,-,17,-,-,-,-,-,-,2,NEU,89-91,3/4,Normal,1,11,-,-,-,109,86,96,105,81,120,85,-,-,89,-,114,113,-,-,104,156,-,89,-,114,113,-,-,104,93,88,94,96,5,5,22,20,7,5,0,1,1,2,4,0,0,1,1,0,0,4,0,4.6,0.14,4,1.5,0.3,3.91,0,0,0.0,-0.0,0,0,0,0,0,0,0,0.0,0,0,0,0,0,0,0,0,0,0,0,0,0,0,0,0,0,0,0,0,0,0.00,0,0,0,0,0,0.0,0.0,0.0,0.00,5,5,21,15,6,0,0,0,3.94,0.9,1.080,0,0,48.0,0,0,17,17,3,1,4,3,0,0,1,1,0.0,0.0
SS,Honus Wagner,Honus,Wagner,AW Bees - GH,5' 11',200 lbs,R,R,68,Pittsburgh Pirates,PIT,1913,2026,,86712,Bronze,FLF 22 & Co. - Snapshot  SS Honus Wagner  PIT  1913,0,N,0,97,90,69,81,109,122,77,113,51,98,91,94,46,89,113,100,89,Groundball,Normal,Normal,1,1,1,5,1,1,1,5,1,1,1,5,-,-,-,16,-,17,-,-,-,-,-,-,2,NEU,90-92,3/4,Normal,1,16,-,-,-,84,112,88,97,71,75,29,-,-,86,-,108,99,-,53,-,154,-,86,-,108,99,-,53,-,71,84,85,79,8,6,21,20,4,2,2,0,0,1,2,0,0,0,0,1,0,5,1,0.9,-0.13,0,-1.9,-0.1,3.52,0,0,0.0,-0.3,0,0,0,0,0,0,0,0.0,0,0,0,0,0,0,0,0,0,0,0,0,0,0,0,0,0,0,0,0,0,0.00,0,0,0,0,0,0.0,0.0,0.0,0.00,8,6,14,7,7,0,1,0,2.38,0.1,1.080,0,0,53.0,0,0,10,10,1,0,0,0,1,0,0,0,0.0,0.0
SS,Honus Wagner,Honus,Wagner,Grand Rapids Warriors,5' 11',200 lbs,R,R,99,Pittsburgh Pirates,PIT,1903,2026,UTIL,85540,Diamond,Memorial Day OnStream Builds - Super Utility  SS Honus Wagner  PIT  1903,0,N,0,120,118,89,79,165,102,120,100,72,178,127,117,86,81,161,78,57,Groundball,Normal,Normal,1,1,1,4,1,1,1,4,1,1,1,4,-,-,-,16,-,17,-,-,-,-,-,-,2,NEU,89-91,3/4,Normal,1,11,-,-,-,109,86,96,105,81,120,85,-,-,89,-,114,113,-,-,104,156,-,89,-,114,113,-,-,104,93,88,94,96,5,5,24,24,10,7,2,1,0,0,7,0,0,0,0,0,0,2,0,5.8,-0.07,5,2.2,0.3,3.04,0,0,0.0,0.3,0,0,0,0,0,0,0,0.0,0,0,0,0,0,0,0,0,0,0,0,0,0,0,0,0,0,0,0,0,0,0.00,0,0,0,0,0,0.0,0.0,0.0,0.00,5,5,9,5,3,1,0,0,1.67,-0.3,.772,0,0,43.0,0,0,5,5,3,2,1,0,1,1,1,0,0.0,0.0
SS,Honus Wagner,Honus,Wagner,Genericsville Generics,5' 11',200 lbs,R,R,99,Pittsburgh Pirates,PIT,1903,2026,UTIL,85540,Diamond,Memorial Day OnStream Builds - Super Utility  SS Honus Wagner  PIT  1903,0,N,0,120,118,89,79,165,102,120,100,72,178,127,117,86,81,161,78,57,Groundball,Normal,Normal,1,1,1,4,1,1,1,4,1,1,1,4,-,-,-,16,-,17,-,-,-,-,-,-,2,NEU,89-91,3/4,Normal,1,11,-,-,-,109,86,96,105,81,120,85,-,-,89,-,114,113,-,-,104,156,-,89,-,114,113,-,-,104,93,88,94,96,7,7,31,29,5,4,1,0,0,4,3,2,0,0,0,0,0,5,1,1.3,-0.58,0,-3.0,-0.0,3.94,0,0,0.0,0.4,0,0,0,0,0,0,0,0.0,0,0,0,0,0,0,0,0,0,0,0,0,0,0,0,0,0,0,0,0,0,0.00,0,0,0,0,0,0.0,0.0,0.0,0.00,7,7,34,20,13,1,7,0,4.74,0.8,1.033,0,0,62.2,0,0,26,25,2,2,1,1,3,0,2,1,0.0,0.0
SS,Bobby Witt Jr.,Bobby,Witt Jr.,Gamehendge Lizards - HotL,6' 1',200 lbs,R,R,83,Kansas City Royals,KCR,2023,2015+,,85814,Gold,The Witts  SP/SS Bobby Witt Sr./Jr.  KC  2023,0,N,0,83,84,93,56,118,118,59,112,47,113,73,91,89,59,120,28,10,Normal,Pull,Pull,130,46,64,111,130,44,69,132,131,49,61,100,102,105,129,109,100,96,-,-,-,-,-,-,6,NEU,92-94,3/4,Normal,78,50,-,-,-,106,84,88,90,1,4,2,-,-,-,-,105,104,-,-,-,153,-,-,-,105,104,-,-,-,122,93,101,122,1,1,4,4,2,2,0,0,0,0,0,0,0,0,0,0,0,0,0,1.0,-0.01,0,0.4,0.1,4.75,0,0,0.0,0.0,0,0,0,0,0,0,0,0.0,0,0,0,0,0,0,0,0,0,0,0,0,0,0,0,0,0,0,0,0,0,0.00,0,0,0,0,0,0.0,0.0,0.0,0.00,1,1,3,3,0,0,0,0,3.38,0.2,1.062,0,0,8.0,0,0,2,2,1,1,0,0,0,0,0,0,0.0,0.0
SS,Bobby Witt Jr.,Bobby,Witt Jr.,False Hustle,6' 1',200 lbs,R,R,83,Kansas City Royals,KCR,2023,2015+,,85814,Gold,The Witts  SP/SS Bobby Witt Sr./Jr.  KC  2023,0,Y,5,90,91,101,62,127,127,65,121,52,122,80,99,97,65,130,28,10,Normal,Pull,Pull,140,51,70,120,140,49,75,142,141,54,67,108,102,105,129,109,100,96,-,-,-,-,-,-,6,NEU,92-94,3/4,Normal,78,50,-,-,-,106,84,88,90,1,4,2,-,-,-,-,112,111,-,-,-,164,-,-,-,112,111,-,-,-,122,93,101,122,1,,1,1,0,0,0,0,0,0,0,0,0,0,0,0,0,0,0,0.0,-0.01,0,-0.3,-0.0,3.00,0,0,0.0,0.0,1,0,0,0,0,0,0,2.1,10,8,1,1,0,0,3,3,1,0,1,0,0,1,0,0,0,0,0,1,0,0.60,41,4,2,0,0,0.0,0.0,-0.1,5.66,1,0,1,0,1,0,0,0,3.86,0.0,.000,0,0,2.1,0,0,0,0,0,0,0,0,0,0,0,0,0.0,0.0
LF,Garret Anderson,Garret,Anderson,Three Mile Island Atomic Isotopes,6' 3',190 lbs,L,L,99,Anaheim Angels,ANA,2003,1993-2004,ME,85074,Diamond,Celebrating GA - Hardware Heroes  LF Garret Anderson  ANA  2003,0,N,0,109,132,103,57,112,112,125,87,44,105,108,134,111,61,115,3,3,Normal,Pull,Pull,1,1,1,1,1,1,1,1,1,1,1,1,16,-,-,-,-,-,-,-,-,-,-,-,1,NEU,90-92,OTT,Normal,1,20,-,-,-,6,7,5,9,103,120,111,-,-,-,-,-,-,137,120,138,10,-,-,-,-,-,137,120,138,44,33,56,36,4,4,17,17,6,4,1,0,1,1,1,0,0,0,0,0,0,4,0,3.5,0.10,3,1.2,0.1,3.41,0,0,0.0,0.0,0,0,0,0,0,0,0,0.0,0,0,0,0,0,0,0,0,0,0,0,0,0,0,0,0,0,0,0,0,0,0.00,0,0,0,0,0,0.0,0.0,0.0,0.00,4,4,5,0,5,0,0,0,1.32,0.1,1.027,0,0,34.0,0,0,4,4,1,1,0,0,1,0,1,0,0.0,-0.4
LF,Garret Anderson,Garret,Anderson,Dubuque Packers,6' 3',190 lbs,L,L,99,Anaheim Angels,ANA,2003,1993-2004,ME,85074,Diamond,Celebrating GA - Hardware Heroes  LF Garret Anderson  ANA  2003,0,N,0,109,132,103,57,112,112,125,87,44,105,108,134,111,61,115,3,3,Normal,Pull,Pull,1,1,1,1,1,1,1,1,1,1,1,1,16,-,-,-,-,-,-,-,-,-,-,-,1,NEU,90-92,OTT,Normal,1,20,-,-,-,6,7,5,9,103,120,111,-,-,-,-,-,-,137,120,138,10,-,-,-,-,-,137,120,138,44,33,56,36,8,8,33,33,8,5,1,1,1,4,1,0,0,0,0,0,0,5,2,2.5,-0.17,3,-1.0,-0.1,3.67,0,0,0.0,-0.6,0,0,0,0,0,0,0,0.0,0,0,0,0,0,0,0,0,0,0,0,0,0,0,0,0,0,0,0,0,0,0.00,0,0,0,0,0,0.0,0.0,0.0,0.00,8,8,20,0,20,0,0,0,2.61,-0.3,.976,0,0,69.0,0,0,16,16,4,2,1,1,5,1,2,0,0.0,0.0
LF,Garret Anderson,Garret,Anderson,Svendborg Sailors,6' 3',190 lbs,L,L,99,Anaheim Angels,ANA,2003,1993-2004,ME,85074,Diamond,Celebrating GA - Hardware Heroes  LF Garret Anderson  ANA  2003,0,N,0,109,132,103,57,112,112,125,87,44,105,108,134,111,61,115,3,3,Normal,Pull,Pull,1,1,1,1,1,1,1,1,1,1,1,1,16,-,-,-,-,-,-,-,-,-,-,-,1,NEU,90-92,OTT,Normal,1,20,-,-,-,6,7,5,9,103,120,111,-,-,-,-,-,-,137,120,138,10,-,-,-,-,-,137,120,138,44,33,56,36,3,3,12,12,1,0,1,0,0,0,1,0,0,0,0,0,0,3,0,0.2,-0.19,0,-2.1,-0.2,3.25,0,0,0.0,0.0,0,0,0,0,0,0,0,0.0,0,0,0,0,0,0,0,0,0,0,0,0,0,0,0,0,0,0,0,0,0,0.00,0,0,0,0,0,0.0,0.0,0.0,0.00,3,3,4,0,4,0,0,0,1.38,0.2,1.027,0,0,26.0,0,0,2,2,1,1,1,0,1,1,0,0,0.0,0.0
LF,Garret Anderson,Garret,Anderson,Wilson Horns,6' 3',190 lbs,L,L,99,Anaheim Angels,ANA,2003,1993-2004,ME,85074,Diamond,Celebrating GA - Hardware Heroes  LF Garret Anderson  ANA  2003,0,N,0,109,132,103,57,112,112,125,87,44,105,108,134,111,61,115,3,3,Normal,Pull,Pull,1,1,1,1,1,1,1,1,1,1,1,1,16,-,-,-,-,-,-,-,-,-,-,-,1,NEU,90-92,OTT,Normal,1,20,-,-,-,6,7,5,9,103,120,111,-,-,-,-,-,-,137,120,138,10,-,-,-,-,-,137,120,138,44,33,56,36,3,3,13,12,2,1,1,0,0,1,0,1,0,0,0,0,0,3,0,0.8,-0.36,0,-1.0,-0.1,3.92,0,0,0.0,0.0,0,0,0,0,0,0,0,0.0,0,0,0,0,0,0,0,0,0,0,0,0,0,0,0,0,0,0,0,0,0,0.00,0,0,0,0,0,0.0,0.0,0.0,0.00,3,3,8,0,8,0,0,0,2.67,-0.0,1.027,0,0,27.0,0,0,8,8,0,0,0,0,1,0,4,0,0.0,-0.1
LF,Garret Anderson,Garret,Anderson,Rajasthan Rifles Rifles,6' 3',190 lbs,L,L,99,Anaheim Angels,ANA,2003,1993-2004,ME,85074,Diamond,Celebrating GA - Hardware Heroes  LF Garret Anderson  ANA  2003,0,N,0,109,132,103,57,112,112,125,87,44,105,108,134,111,61,115,3,3,Normal,Pull,Pull,1,1,1,1,1,1,1,1,1,1,1,1,16,-,-,-,-,-,-,-,-,-,-,-,1,NEU,90-92,OTT,Normal,1,20,-,-,-,6,7,5,9,103,120,111,-,-,-,-,-,-,137,120,138,10,-,-,-,-,-,137,120,138,44,33,56,36,5,5,20,16,2,1,1,0,0,2,0,3,0,0,0,1,0,6,1,0.9,-0.04,0,-1.7,-0.0,4.45,0,0,0.0,-0.0,0,0,0,0,0,0,0,0.0,0,0,0,0,0,0,0,0,0,0,0,0,0,0,0,0,0,0,0,0,0,0.00,0,0,0,0,0,0.0,0.0,0.0,0.00,5,5,12,1,11,0,0,0,2.40,0.8,1.130,0,0,45.0,0,0,6,6,4,4,1,1,2,0,2,0,0.0,0.3
LF,Garret Anderson,Garret,Anderson,Jeju City Foxes,6' 3',190 lbs,L,L,99,Anaheim Angels,ANA,2003,1993-2004,ME,85074,Diamond,Celebrating GA - Hardware Heroes  LF Garret Anderson  ANA  2003,0,N,0,109,132,103,57,112,112,125,87,44,105,108,134,111,61,115,3,3,Normal,Pull,Pull,1,1,1,1,1,1,1,1,1,1,1,1,16,-,-,-,-,-,-,-,-,-,-,-,1,NEU,90-92,OTT,Normal,1,20,-,-,-,6,7,5,9,103,120,111,-,-,-,-,-,-,137,120,138,10,-,-,-,-,-,137,120,138,44,33,56,36,5,5,21,20,2,1,1,0,0,1,2,0,0,0,0,1,0,4,0,0.3,-0.18,-1,-3.7,-0.4,3.81,0,0,0.0,0.0,0,0,0,0,0,0,0,0.0,0,0,0,0,0,0,0,0,0,0,0,0,0,0,0,0,0,0,0,0,0,0.00,0,0,0,0,0,0.0,0.0,0.0,0.00,5,5,14,0,14,0,0,0,2.86,0.1,1.027,0,0,44.0,0,0,12,12,2,1,2,1,0,0,2,0,0.0,-0.6
LF,Randy Arozarena,Randy,Arozarena,Junk Wax Heroes,5' 11',185 lbs,R,R,91,Tampa Bay Rays,TBD,2023,2015+,ME,82922,Diamond,Live Collection Reward - Snapshot  LF Randy Arozarena  TB  2023,0,N,0,88,124,79,116,76,94,129,96,134,73,86,122,73,111,78,3,47,Line Drive,Pull,Pull,1,1,1,3,1,1,1,3,1,1,1,3,16,-,-,-,-,-,-,-,-,-,-,-,1,NEU,89-91,3/4,Normal,1,22,-,-,-,4,10,4,4,78,110,93,-,-,-,-,-,-,104,-,103,1,-,-,-,-,-,104,-,103,89,76,95,96,6,6,27,21,3,2,1,0,0,3,4,5,0,0,0,1,0,6,1,1.5,-0.12,1,-1.7,-0.1,4.41,0,0,0.0,-0.7,0,0,0,0,0,0,0,0.0,0,0,0,0,0,0,0,0,0,0,0,0,0,0,0,0,0,0,0,0,0,0.00,0,0,0,0,0,0.0,0.0,0.0,0.00,6,6,20,1,18,1,1,0,3.05,0.2,1.027,0,0,56.0,0,0,14,14,3,1,3,3,2,0,3,0,0.0,0.5
LF,Beals Becker,Beals,Becker,Oslo Nordiques,5' 9',170 lbs,L,L,93,Philadelphia Phillies,PHI,1914,2026,,83812,Diamond,Snapshot  LF Beals Becker  PHI  1914,0,N,0,115,89,90,66,91,91,65,83,58,88,125,97,93,69,92,37,2,Normal,Normal,Normal,1,1,1,1,1,1,1,1,1,1,1,1,16,-,-,-,-,-,-,-,-,-,-,-,1,NEU,88-90,3/4,Normal,1,12,-,-,-,2,1,8,8,68,48,74,-,-,-,-,-,-,77,54,74,-,-,-,-,-,-,77,54,74,64,70,79,69,3,3,15,15,4,4,0,0,0,1,0,0,0,0,0,0,0,3,0,1.1,-0.17,0,-1.0,-0.2,3.40,0,0,0.0,-0.1,0,0,0,0,0,0,0,0.0,0,0,0,0,0,0,0,0,0,0,0,0,0,0,0,0,0,0,0,0,0,0.00,0,0,0,0,0,0.0,0.0,0.0,0.00,3,3,10,0,9,1,0,0,2.56,-0.7,1.027,0,0,31.2,0,0,9,9,3,0,0,0,1,0,1,0,0.0,-0.2
LF,Bill Buckner,Bill,Buckner,Montrose Cobblers,6' 0',185 lbs,L,L,64,Los Angeles Dodgers,LAD,1974,1961-1979,,85858,Bronze,T4 Ep. 3 - Unsung Heroes  LF Bill Buckner  LAD  1974,0,N,0,102,106,61,51,189,85,112,1,40,200,110,105,68,55,185,32,25,Line Drive,Pull,Pull,1,1,1,1,1,1,1,1,1,1,1,1,16,-,-,-,-,-,-,-,-,-,-,-,1,NEU,88-90,3/4,Normal,1,16,-,-,-,58,62,50,71,59,60,46,-,-,77,-,-,-,63,-,53,110,-,77,-,-,-,63,-,53,81,87,89,87,2,1,4,4,0,0,0,0,0,0,0,0,0,0,0,0,0,1,1,-0.0,-0.09,0,-1.0,-0.1,4.50,0,0,0.0,0.0,0,0,0,0,0,0,0,0.0,0,0,0,0,0,0,0,0,0,0,0,0,0,0,0,0,0,0,0,0,0,0.00,0,0,0,0,0,0.0,0.0,0.0,0.00,1,1,8,0,8,0,0,0,8.00,0.0,.000,0,0,9.0,0,0,0,0,0,0,0,0,0,0,0,0,0.0,0.0
LF,Melky Cabrera,Melky,Cabrera,Providence Friars - HotL,5' 10',210 lbs,S,L,78,San Francisco Giants,SFG,2012,2005-2014,LE,86202,Silver,Limited Edition/46  LF Melky Cabrera  SF  2012,0,N,0,138,99,68,67,121,155,91,105,83,122,132,104,48,62,120,54,46,Groundball,Normal,Normal,1,1,1,5,1,1,1,5,1,1,1,5,16,-,-,-,-,-,-,-,-,-,-,-,1,NEU,90-92,3/4,Normal,1,9,-,-,-,10,7,6,5,69,81,51,-,-,-,-,-,-,80,55,69,15,-,-,-,-,-,80,55,69,73,59,77,67,7,7,28,23,5,1,3,0,1,4,5,5,0,0,0,0,0,8,0,4.4,0.28,4,1.1,0.1,4.32,0,0,0.0,-0.6,0,0,0,0,0,0,0,0.0,0,0,0,0,0,0,0,0,0,0,0,0,0,0,0,0,0,0,0,0,0,0.00,0,0,0,0,0,0.0,0.0,0.0,0.00,0,0,0,0,0,0,0,0,0.00,0.0,.000,0,0,0.0,0,0,0,0,0,0,0,0,0,0,0,0,0.0,0.0
LF,Rocky Colavito,Rocky,Colavito,Normal Night Owls - HotL,6' 3',190 lbs,R,R,96,Detroit Tigers,DET,1961,1961-1979,BBR,85305,Diamond,Baseball Reference 2  LF Rocky Colavito  DET  1961,0,Y,5,72,89,149,182,111,42,36,142,188,127,79,100,151,179,107,16,5,Flyball,Normal,Normal,1,1,1,5,1,1,1,5,1,1,1,5,16,17,-,16,-,-,-,-,-,-,-,-,3,NEU,90-92,OTT,Normal,1,5,-,-,-,10,9,6,2,55,71,84,-,-,-,-,-,-,75,-,75,18,-,-,-,-,-,75,-,75,16,14,9,23,4,4,20,19,3,1,2,0,0,1,0,1,0,0,0,0,0,2,1,0.8,-0.35,0,-1.8,-0.2,4.00,0,0,0.0,0.0,0,0,0,0,0,0,0,0.0,0,0,0,0,0,0,0,0,0,0,0,0,0,0,0,0,0,0,0,0,0,0.00,0,0,0,0,0,0.0,0.0,0.0,0.00,0,0,0,0,0,0,0,0,0.00,0.0,.000,0,0,0.0,0,0,0,0,0,0,0,0,0,0,0,0,0.0,0.0
LF,Rocky Colavito,Rocky,Colavito,Orlando Heatstrokes,6' 3',190 lbs,R,R,96,Detroit Tigers,DET,1961,1961-1979,BBR,85305,Diamond,Baseball Reference 2  LF Rocky Colavito  DET  1961,0,N,0,66,82,138,169,103,38,32,132,175,118,72,92,140,167,99,16,5,Flyball,Normal,Normal,1,1,1,3,1,1,1,3,1,1,1,3,16,17,-,16,-,-,-,-,-,-,-,-,3,NEU,90-92,OTT,Normal,1,5,-,-,-,10,9,6,2,55,71,84,-,-,-,-,-,-,70,-,69,16,-,-,-,-,-,70,-,69,16,14,9,23,5,5,23,22,5,5,0,0,0,0,2,1,0,0,0,0,0,4,1,1.1,-0.29,1,-1.8,-0.1,3.96,0,0,0.0,0.3,0,0,0,0,0,0,0,0.0,0,0,0,0,0,0,0,0,0,0,0,0,0,0,0,0,0,0,0,0,0,0.00,0,0,0,0,0,0.0,0.0,0.0,0.00,1,1,2,0,2,0,0,0,2.25,0.2,1.027,0,0,8.0,0,0,1,1,0,0,1,1,0,0,0,0,0.0,0.0
LF,Jacoby Ellsbury,Jacoby,Ellsbury,Great Lakes Man-of-War-HOTL,6' 1',195 lbs,L,L,98,Boston Red Sox,BOS,2011,2005-2014,,86726,Diamond,Studs & Duds - Historical All-Star  CF Jacoby Ellsbury  BOS  2011,0,N,0,128,111,115,88,116,90,145,75,78,135,143,100,133,91,110,52,37,Line Drive,Normal,Normal,1,1,1,1,1,1,1,1,1,1,1,1,16,-,-,-,-,-,-,-,-,-,-,-,1,NEU,90-92,3/4,Normal,1,15,-,-,-,1,4,2,10,115,123,46,-,-,-,-,-,-,136,123,-,-,-,-,-,-,-,136,123,-,119,94,100,111,4,4,17,14,5,5,0,0,0,0,3,2,0,1,0,0,0,0,0,3.0,0.01,3,1.0,0.2,4.47,1,0,0.2,0.2,0,0,0,0,0,0,0,0.0,0,0,0,0,0,0,0,0,0,0,0,0,0,0,0,0,0,0,0,0,0,0.00,0,0,0,0,0,0.0,0.0,0.0,0.00,4,4,11,0,10,1,0,0,2.81,0.5,1.027,0,0,32.0,0,0,7,7,2,2,1,1,0,0,0,0,0.0,-0.1
LF,Alex Gordon,Alex,Gordon,Brookline Bees,6' 1',220 lbs,L,R,92,Kansas City Royals,KCR,2011,2005-2014,,86698,Diamond,FLF 22 & Co. - Hardware Heroes  LF Alex Gordon  KC  2011,0,N,0,140,112,100,126,91,111,80,110,130,82,150,127,98,124,94,24,9,Groundball,Ex. Pull,Pull,1,1,1,1,1,1,1,1,1,1,1,2,17,-,-,17,-,-,-,-,-,-,-,-,2,EX FB,96-98,OTT,Normal,1,20,-,-,-,72,48,80,31,118,119,124,-,-,82,-,62,-,153,-,-,113,-,82,-,62,-,153,-,-,62,61,74,80,1,,1,1,0,0,0,0,0,0,0,0,0,0,0,0,0,1,0,0.0,-0.00,0,-0.3,-0.0,5.00,0,0,0.0,0.0,0,0,0,0,0,0,0,0.0,0,0,0,0,0,0,0,0,0,0,0,0,0,0,0,0,0,0,0,0,0,0.00,0,0,0,0,0,0.0,0.0,0.0,0.00,1,0,0,0,0,0,0,0,0.00,0.0,.000,0,0,1.0,0,0,0,0,0,0,0,0,0,0,0,0,0.0,0.0
LF,Alex Gordon,Alex,Gordon,Chicago Gamblers - E6,6' 1',220 lbs,L,R,92,Kansas City Royals,KCR,2011,2005-2014,,86698,Diamond,FLF 22 & Co. - Hardware Heroes  LF Alex Gordon  KC  2011,0,Y,5,151,121,108,136,99,120,87,119,140,89,161,137,106,134,102,24,9,Groundball,Ex. Pull,Pull,1,1,1,1,1,1,1,1,1,1,1,4,17,-,-,17,-,-,-,-,-,-,-,-,2,EX FB,96-98,OTT,Normal,1,20,-,-,-,72,48,80,31,118,119,124,-,-,88,-,67,-,164,-,-,121,-,88,-,67,-,164,-,-,62,61,74,80,22,21,103,95,24,19,3,0,2,4,13,7,0,0,0,0,1,19,0,10.2,-0.29,9,-2.5,-0.2,3.92,0,1,-0.5,-1.6,0,0,0,0,0,0,0,0.0,0,0,0,0,0,0,0,0,0,0,0,0,0,0,0,0,0,0,0,0,0,0.00,0,0,0,0,0,0.0,0.0,0.0,0.00,22,21,36,2,33,1,1,0,1.52,0.0,1.060,0,0,207.1,0,0,26,26,6,4,7,2,5,1,7,0,0.0,0.7
LF,Alex Gordon,Alex,Gordon,Chicago Beans,6' 1',220 lbs,L,R,92,Kansas City Royals,KCR,2011,2005-2014,,86698,Diamond,FLF 22 & Co. - Hardware Heroes  LF Alex Gordon  KC  2011,0,N,0,140,112,100,126,91,111,80,110,130,82,150,127,98,124,94,24,9,Groundball,Ex. Pull,Pull,1,1,1,1,1,1,1,1,1,1,1,2,17,-,-,17,-,-,-,-,-,-,-,-,2,EX FB,96-98,OTT,Normal,1,20,-,-,-,72,48,80,31,118,119,124,-,-,82,-,62,-,153,-,-,113,-,82,-,62,-,153,-,-,62,61,74,80,8,8,32,29,5,3,0,0,2,2,4,3,0,0,0,0,0,9,1,2.2,-0.47,2,-1.1,-0.0,3.38,0,1,-0.5,-0.1,0,0,0,0,0,0,0,0.0,0,0,0,0,0,0,0,0,0,0,0,0,0,0,0,0,0,0,0,0,0,0.00,0,0,0,0,0,0.0,0.0,0.0,0.00,8,8,20,0,20,0,0,0,2.43,0.7,1.027,0,0,74.0,0,0,17,17,2,2,1,1,0,0,3,0,0.0,-0.1
LF,Alex Gordon,Alex,Gordon,Shakedown 1977 Microbus TTC - GH,6' 1',220 lbs,L,R,92,Kansas City Royals,KCR,2011,2005-2014,,86698,Diamond,FLF 22 & Co. - Hardware Heroes  LF Alex Gordon  KC  2011,0,N,0,140,112,100,126,91,111,80,110,130,82,150,127,98,124,94,24,9,Groundball,Ex. Pull,Pull,1,1,1,1,1,1,1,1,1,1,1,2,17,-,-,17,-,-,-,-,-,-,-,-,2,EX FB,96-98,OTT,Normal,1,20,-,-,-,72,48,80,31,118,119,124,-,-,82,-,62,-,153,-,-,113,-,82,-,62,-,153,-,-,62,61,74,80,8,6,26,23,4,3,0,0,1,2,2,3,0,0,0,0,0,6,0,2.1,-0.26,1,-1.2,-0.1,4.15,0,0,0.0,0.1,0,0,0,0,0,0,0,0.0,0,0,0,0,0,0,0,0,0,0,0,0,0,0,0,0,0,0,0,0,0,0.00,0,0,0,0,0,0.0,0.0,0.0,0.00,8,6,11,1,9,1,0,0,1.53,-0.2,.937,0,0,58.2,0,0,9,8,2,1,0,0,1,1,1,0,0.0,-0.0
LF,Goose Goslin,Goose,Goslin,Watertown Sword Guys TBD,5' 11',185 lbs,L,R,95,St. Louis Browns,BAL,1930,1921-1945,CS,86369,Diamond,Clubhouse - Baseball Reference 6  LF Goose Goslin  SLA  1930,0,N,0,94,103,155,135,90,104,55,110,145,48,92,124,170,132,101,106,95,Normal,Normal,Normal,1,1,1,4,1,1,1,4,1,1,1,4,16,17,17,-,-,-,-,-,-,-,-,-,3,NEU,89-91,3/4,Normal,1,16,-,-,-,3,9,4,9,88,79,104,-,-,-,-,-,-,111,-,-,-,-,-,-,-,-,111,-,-,89,78,83,106,5,5,22,18,5,3,2,0,0,3,1,4,0,0,0,0,0,2,0,3.5,0.07,3,0.8,0.1,4.45,1,0,0.2,0.1,0,0,0,0,0,0,0,0.0,0,0,0,0,0,0,0,0,0,0,0,0,0,0,0,0,0,0,0,0,0,0.00,0,0,0,0,0,0.0,0.0,0.0,0.00,5,5,14,0,14,0,0,0,2.80,-0.2,1.027,0,0,45.0,0,0,11,10,3,2,3,1,1,1,4,0,0.0,-0.2
LF,Goose Goslin,Goose,Goslin,Great Lakes Man-of-War-HOTL,5' 11',185 lbs,L,R,95,St. Louis Browns,BAL,1930,1921-1945,CS,86369,Diamond,Clubhouse - Baseball Reference 6  LF Goose Goslin  SLA  1930,0,N,0,94,103,155,135,90,104,55,110,145,48,92,124,170,132,101,106,95,Normal,Normal,Normal,1,1,1,4,1,1,1,4,1,1,1,4,16,17,17,-,-,-,-,-,-,-,-,-,3,NEU,89-91,3/4,Normal,1,16,-,-,-,3,9,4,9,88,79,104,-,-,-,-,-,-,111,-,-,-,-,-,-,-,-,111,-,-,89,78,83,106,4,4,17,16,5,4,0,0,1,3,4,1,0,0,0,0,0,2,0,2.9,-0.18,2,0.7,0.1,3.59,0,0,0.0,0.1,0,0,0,0,0,0,0,0.0,0,0,0,0,0,0,0,0,0,0,0,0,0,0,0,0,0,0,0,0,0,0.00,0,0,0,0,0,0.0,0.0,0.0,0.00,0,0,0,0,0,0,0,0,0.00,0.0,.000,0,0,0.0,0,0,0,0,0,0,0,0,0,0,0,0,0.0,0.0
LF,Chick Hafey,Chick,Hafey,Gamehendge Lizards - HotL,6' 0',185 lbs,R,R,89,St. Louis Cardinals,STL,1928,1921-1945,BBR,85939,Gold,July Jewels - Baseball Reference 4  LF Chick Hafey  STL  1928,0,Y,5,134,166,141,70,99,117,161,151,80,105,140,167,138,67,98,105,92,Normal,Normal,Normal,1,1,1,1,1,1,1,1,1,1,1,1,16,-,-,-,-,-,-,-,-,-,-,-,1,NEU,90-92,3/4,Normal,1,18,-,-,-,2,1,2,7,69,65,82,-,-,-,-,-,-,89,64,87,-,-,-,-,-,-,89,64,87,79,43,70,110,4,4,17,13,4,2,1,0,1,2,4,3,1,0,0,1,0,4,0,3.7,0.00,2,0.9,0.2,4.12,0,0,0.0,0.8,0,0,0,0,0,0,0,0.0,0,0,0,0,0,0,0,0,0,0,0,0,0,0,0,0,0,0,0,0,0,0.00,0,0,0,0,0,0.0,0.0,0.0,0.00,4,4,9,0,9,0,0,0,2.31,-0.4,1.027,0,0,35.0,0,0,7,7,3,2,2,0,1,0,1,0,0.0,-0.1
LF,Chick Hafey,Chick,Hafey,Dry Creek Craw Daddies,6' 0',185 lbs,R,R,89,St. Louis Cardinals,STL,1928,1921-1945,BBR,85939,Gold,July Jewels - Baseball Reference 4  LF Chick Hafey  STL  1928,0,N,0,124,154,131,64,91,108,150,140,73,97,130,155,128,61,90,105,92,Normal,Normal,Normal,1,1,1,1,1,1,1,1,1,1,1,1,16,-,-,-,-,-,-,-,-,-,-,-,1,NEU,90-92,3/4,Normal,1,18,-,-,-,2,1,2,7,69,65,82,-,-,-,-,-,-,83,59,81,-,-,-,-,-,-,83,59,81,79,43,70,110,3,1,10,10,2,1,1,0,0,0,0,0,0,0,0,0,0,3,0,0.3,-0.24,0,-0.8,-0.1,4.50,0,1,-0.5,0.0,0,0,0,0,0,0,0,0.0,0,0,0,0,0,0,0,0,0,0,0,0,0,0,0,0,0,0,0,0,0,0.00,0,0,0,0,0,0.0,0.0,0.0,0.00,2,1,2,0,2,0,0,0,1.35,-0.3,1.020,0,0,13.1,0,0,2,2,1,0,0,0,0,0,1,0,0.0,0.0
LF,Chick Hafey,Chick,Hafey,Looking Glass Loopers TBD,6' 0',185 lbs,R,R,89,St. Louis Cardinals,STL,1928,1921-1945,BBR,85939,Gold,July Jewels - Baseball Reference 4  LF Chick Hafey  STL  1928,0,N,0,124,154,131,64,91,108,150,140,73,97,130,155,128,61,90,105,92,Normal,Normal,Normal,1,1,1,1,1,1,1,1,1,1,1,1,16,-,-,-,-,-,-,-,-,-,-,-,1,NEU,90-92,3/4,Normal,1,18,-,-,-,2,1,2,7,69,65,82,-,-,-,-,-,-,83,59,81,-,-,-,-,-,-,83,59,81,79,43,70,110,3,2,10,10,2,1,0,0,1,1,2,0,0,0,0,0,0,4,0,1.0,-0.24,0,-0.2,0.0,4.00,0,0,0.0,0.0,0,0,0,0,0,0,0,0.0,0,0,0,0,0,0,0,0,0,0,0,0,0,0,0,0,0,0,0,0,0,0.00,0,0,0,0,0,0.0,0.0,0.0,0.00,3,2,1,0,1,0,0,0,0.56,0.1,1.020,0,0,16.0,0,0,0,0,1,1,0,0,0,0,0,0,0.0,-0.1
LF,Chick Hafey,Chick,Hafey,Great Lakes Man-of-War-HOTL,6' 0',185 lbs,R,R,89,St. Louis Cardinals,STL,1928,1921-1945,BBR,85939,Gold,July Jewels - Baseball Reference 4  LF Chick Hafey  STL  1928,0,Y,5,134,166,141,70,99,117,161,151,80,105,140,167,138,67,98,105,92,Normal,Normal,Normal,1,1,1,1,1,1,1,1,1,1,1,1,16,-,-,-,-,-,-,-,-,-,-,-,1,NEU,90-92,3/4,Normal,1,18,-,-,-,2,1,2,7,69,65,82,-,-,-,-,-,-,89,64,87,-,-,-,-,-,-,89,64,87,79,43,70,110,5,3,13,12,1,1,0,0,0,2,0,1,0,0,0,0,0,4,1,0.1,-0.20,0,-2.1,-0.2,4.85,0,0,0.0,0.1,0,0,0,0,0,0,0,0.0,0,0,0,0,0,0,0,0,0,0,0,0,0,0,0,0,0,0,0,0,0,0.00,0,0,0,0,0,0.0,0.0,0.0,0.00,1,0,0,0,0,0,0,0,0.00,0.0,.000,0,0,2.0,0,0,0,0,0,0,0,0,0,0,0,0,0.0,0.0
LF,Chick Hafey,Chick,Hafey,Svendborg Sailors,6' 0',185 lbs,R,R,89,St. Louis Cardinals,STL,1928,1921-1945,BBR,85939,Gold,July Jewels - Baseball Reference 4  LF Chick Hafey  STL  1928,0,N,0,124,154,131,64,91,108,150,140,73,97,130,155,128,61,90,105,92,Normal,Normal,Normal,1,1,1,1,1,1,1,1,1,1,1,1,16,-,-,-,-,-,-,-,-,-,-,-,1,NEU,90-92,3/4,Normal,1,18,-,-,-,2,1,2,7,69,65,82,-,-,-,-,-,-,83,59,81,-,-,-,-,-,-,83,59,81,79,43,70,110,1,,1,1,0,0,0,0,0,0,0,0,0,0,0,0,0,1,0,0.0,-0.09,0,-0.3,-0.0,4.00,0,0,0.0,0.0,0,0,0,0,0,0,0,0.0,0,0,0,0,0,0,0,0,0,0,0,0,0,0,0,0,0,0,0,0,0,0.00,0,0,0,0,0,0.0,0.0,0.0,0.00,1,0,1,0,1,0,0,0,9.00,0.0,1.020,0,0,1.0,0,0,1,1,0,0,0,0,0,0,0,0,0.0,0.0
LF,Chick Hafey,Chick,Hafey,Cibao Aguilas,6' 0',185 lbs,R,R,89,St. Louis Cardinals,STL,1928,1921-1945,BBR,85939,Gold,July Jewels - Baseball Reference 4  LF Chick Hafey  STL  1928,0,N,0,124,154,131,64,91,108,150,140,73,97,130,155,128,61,90,105,92,Normal,Normal,Normal,1,1,1,1,1,1,1,1,1,1,1,1,16,-,-,-,-,-,-,-,-,-,-,-,1,NEU,90-92,3/4,Normal,1,18,-,-,-,2,1,2,7,69,65,82,-,-,-,-,-,-,83,59,81,-,-,-,-,-,-,83,59,81,79,43,70,110,1,1,4,4,2,2,0,0,0,2,0,0,0,0,0,0,0,0,0,1.0,0.04,0,0.4,0.1,4.00,0,0,0.0,0.0,0,0,0,0,0,0,0,0.0,0,0,0,0,0,0,0,0,0,0,0,0,0,0,0,0,0,0,0,0,0,0.00,0,0,0,0,0,0.0,0.0,0.0,0.00,1,1,2,0,2,0,0,0,2.00,0.1,1.027,0,0,9.0,0,0,1,1,1,1,0,0,0,0,0,0,0.0,0.0
LF,Chick Hafey,Chick,Hafey,Globo Gym Purple Cobras - JW,6' 0',185 lbs,R,R,89,St. Louis Cardinals,STL,1928,1921-1945,BBR,85939,Gold,July Jewels - Baseball Reference 4  LF Chick Hafey  STL  1928,0,Y,5,134,166,141,70,99,117,161,151,80,105,140,167,138,67,98,105,92,Normal,Normal,Normal,1,1,1,1,1,1,1,1,1,1,1,1,16,-,-,-,-,-,-,-,-,-,-,-,1,NEU,90-92,3/4,Normal,1,18,-,-,-,2,1,2,7,69,65,82,-,-,-,-,-,-,89,64,87,-,-,-,-,-,-,89,64,87,79,43,70,110,5,5,22,21,4,1,1,0,2,3,2,1,0,0,0,0,0,6,1,2.0,0.17,2,-0.1,0.0,3.41,0,0,0.0,0.0,0,0,0,0,0,0,0,0.0,0,0,0,0,0,0,0,0,0,0,0,0,0,0,0,0,0,0,0,0,0,0.00,0,0,0,0,0,0.0,0.0,0.0,0.00,0,0,0,0,0,0,0,0,0.00,0.0,.000,0,0,0.0,0,0,0,0,0,0,0,0,0,0,0,0,0.0,0.0
LF,Chick Hafey,Chick,Hafey,Charlotte Hellcats GH,6' 0',185 lbs,R,R,89,St. Louis Cardinals,STL,1928,1921-1945,BBR,85939,Gold,July Jewels - Baseball Reference 4  LF Chick Hafey  STL  1928,0,Y,5,134,166,141,70,99,117,161,151,80,105,140,167,138,67,98,105,92,Normal,Normal,Normal,1,1,1,1,1,1,1,1,1,1,1,1,16,-,-,-,-,-,-,-,-,-,-,-,1,NEU,90-92,3/4,Normal,1,18,-,-,-,2,1,2,7,69,65,82,-,-,-,-,-,-,89,64,87,-,-,-,-,-,-,89,64,87,79,43,70,110,9,7,34,32,14,8,3,1,2,11,11,2,0,0,0,0,0,1,0,12.0,0.12,9,5.9,0.7,3.35,0,0,0.0,0.3,0,0,0,0,0,0,0,0.0,0,0,0,0,0,0,0,0,0,0,0,0,0,0,0,0,0,0,0,0,0,0.00,0,0,0,0,0,0.0,0.0,0.0,0.00,7,6,16,0,16,0,0,0,2.72,0.2,1.021,0,0,53.0,0,0,13,13,4,3,0,0,0,0,1,0,0.0,0.2
LF,Chick Hafey,Chick,Hafey,Shibuya Shredders - GH,6' 0',185 lbs,R,R,89,St. Louis Cardinals,STL,1928,1921-1945,BBR,85939,Gold,July Jewels - Baseball Reference 4  LF Chick Hafey  STL  1928,0,Y,5,134,166,141,70,99,117,161,151,80,105,140,167,138,67,98,105,92,Normal,Normal,Normal,1,1,1,1,1,1,1,1,1,1,1,1,16,-,-,-,-,-,-,-,-,-,-,-,1,NEU,90-92,3/4,Normal,1,18,-,-,-,2,1,2,7,69,65,82,-,-,-,-,-,-,89,64,87,-,-,-,-,-,-,89,64,87,79,43,70,110,15,12,58,55,15,13,0,0,2,13,5,0,0,1,0,2,0,16,0,6.2,0.51,5,-1.7,-0.0,3.67,0,0,0.0,0.6,0,0,0,0,0,0,0,0.0,0,0,0,0,0,0,0,0,0,0,0,0,0,0,0,0,0,0,0,0,0,0.00,0,0,0,0,0,0.0,0.0,0.0,0.00,9,7,16,0,16,0,0,0,2.19,-0.0,1.020,0,0,65.2,0,0,12,12,3,3,4,1,1,0,3,0,0.0,-0.0
LF,Chick Hafey,Chick,Hafey,Houston Swangas,6' 0',185 lbs,R,R,89,St. Louis Cardinals,STL,1928,1921-1945,BBR,85939,Gold,July Jewels - Baseball Reference 4  LF Chick Hafey  STL  1928,0,N,0,124,154,131,64,91,108,150,140,73,97,130,155,128,61,90,105,92,Normal,Normal,Normal,1,1,1,1,1,1,1,1,1,1,1,1,16,-,-,-,-,-,-,-,-,-,-,-,1,NEU,90-92,3/4,Normal,1,18,-,-,-,2,1,2,7,69,65,82,-,-,-,-,-,-,83,59,81,-,-,-,-,-,-,83,59,81,79,43,70,110,7,3,18,16,3,2,1,0,0,1,1,2,0,0,0,0,0,7,1,1.0,-0.15,1,-1.0,-0.0,4.00,0,0,0.0,0.3,0,0,0,0,0,0,0,0.0,0,0,0,0,0,0,0,0,0,0,0,0,0,0,0,0,0,0,0,0,0,0.00,0,0,0,0,0,0.0,0.0,0.0,0.00,2,2,2,0,2,0,0,0,1.00,0.0,1.020,0,0,18.0,0,0,2,2,0,0,0,0,0,0,0,0,0.0,0.0
LF,Chick Hafey,Chick,Hafey,Numenor Faithful,6' 0',185 lbs,R,R,89,St. Louis Cardinals,STL,1928,1921-1945,BBR,85939,Gold,July Jewels - Baseball Reference 4  LF Chick Hafey  STL  1928,0,N,0,124,154,131,64,91,108,150,140,73,97,130,155,128,61,90,105,92,Normal,Normal,Normal,1,1,1,1,1,1,1,1,1,1,1,1,16,-,-,-,-,-,-,-,-,-,-,-,1,NEU,90-92,3/4,Normal,1,18,-,-,-,2,1,2,7,69,65,82,-,-,-,-,-,-,83,59,81,-,-,-,-,-,-,83,59,81,79,43,70,110,4,4,16,16,5,5,0,0,0,0,2,0,0,0,0,0,0,2,0,1.6,-0.03,1,-0.5,-0.1,3.69,0,0,0.0,-0.1,0,0,0,0,0,0,0,0.0,0,0,0,0,0,0,0,0,0,0,0,0,0,0,0,0,0,0,0,0,0,0.00,0,0,0,0,0,0.0,0.0,0.0,0.00,4,4,8,0,8,0,0,0,2.12,-0.6,1.027,0,0,34.0,0,0,7,6,4,2,0,0,1,0,0,0,0.0,-0.5
LF,Chick Hafey,Chick,Hafey,AW Bees - GH,6' 0',185 lbs,R,R,89,St. Louis Cardinals,STL,1928,1921-1945,BBR,85939,Gold,July Jewels - Baseball Reference 4  LF Chick Hafey  STL  1928,0,Y,5,134,166,141,70,99,117,161,151,80,105,140,167,138,67,98,105,92,Normal,Normal,Normal,1,1,1,1,1,1,1,1,1,1,1,1,16,-,-,-,-,-,-,-,-,-,-,-,1,NEU,90-92,3/4,Normal,1,18,-,-,-,2,1,2,7,69,65,82,-,-,-,-,-,-,89,64,87,-,-,-,-,-,-,89,64,87,79,43,70,110,18,18,71,65,19,10,4,0,5,12,12,4,0,0,0,2,0,18,0,13.0,0.45,12,3.5,0.5,4.17,0,0,0.0,1.3,0,0,0,0,0,0,0,0.0,0,0,0,0,0,0,0,0,0,0,0,0,0,0,0,0,0,0,0,0,0,0.00,0,0,0,0,0,0.0,0.0,0.0,0.00,18,18,38,2,34,2,1,0,1.99,-1.8,.913,0,0,163.0,0,0,28,26,6,5,7,2,3,0,7,1,0.0,0.8
LF,Chick Hafey,Chick,Hafey,Montrose Cobblers,6' 0',185 lbs,R,R,89,St. Louis Cardinals,STL,1928,1921-1945,BBR,85939,Gold,July Jewels - Baseball Reference 4  LF Chick Hafey  STL  1928,0,N,0,124,154,131,64,91,108,150,140,73,97,130,155,128,61,90,105,92,Normal,Normal,Normal,1,1,1,1,1,1,1,1,1,1,1,1,16,-,-,-,-,-,-,-,-,-,-,-,1,NEU,90-92,3/4,Normal,1,18,-,-,-,2,1,2,7,69,65,82,-,-,-,-,-,-,83,59,81,-,-,-,-,-,-,83,59,81,79,43,70,110,9,9,38,35,12,6,2,0,4,9,7,3,0,0,0,0,0,8,0,10.6,0.73,9,4.9,0.6,4.03,0,0,0.0,-0.1,0,0,0,0,0,0,0,0.0,0,0,0,0,0,0,0,0,0,0,0,0,0,0,0,0,0,0,0,0,0,0.00,0,0,0,0,0,0.0,0.0,0.0,0.00,8,8,26,2,24,0,0,0,3.49,-0.1,1.027,0,0,67.0,0,0,21,21,3,2,2,0,5,1,4,0,0.0,0.2
LF,Jeffrey Hammonds,Jeffrey,Hammonds,NoseKerim Astea Kerim,6' 0',195 lbs,R,R,87,Colorado Rockies,COL,2000,1993-2004,PTMS,86119,Gold,PTMS 2  RF Jeffrey Hammonds  COL  2000,0,N,0,146,75,121,99,89,152,81,138,122,101,144,74,115,94,86,60,49,Groundball,Spray,Spray,1,1,1,7,1,1,1,7,1,1,1,7,16,-,-,-,-,-,-,-,-,-,-,-,1,GB,89-91,3/4,GB'er,1,17,-,-,-,3,5,8,10,71,120,91,-,-,-,-,-,-,99,71,97,-,-,-,-,-,-,99,71,97,66,62,68,90,22,22,91,82,21,17,2,0,2,11,13,7,0,0,0,2,0,17,2,9.1,-0.16,9,-1.9,0.1,4.05,0,0,0.0,0.2,0,0,0,0,0,0,0,0.0,0,0,0,0,0,0,0,0,0,0,0,0,0,0,0,0,0,0,0,0,0,0.00,0,0,0,0,0,0.0,0.0,0.0,0.00,22,22,46,0,45,1,0,0,1.97,0.8,1.027,0,0,206.0,0,0,39,39,4,4,4,1,4,1,3,0,0.0,-0.3
LF,Dave Harris,Dave,Harris,Numenor Faithful,5' 11',170 lbs,R,R,67,Washington Senators,MIN,1930,1921-1945,,83649,Bronze,Snapshot  LF Dave Harris  WS1  1930,0,N,0,73,129,89,90,65,92,116,124,115,80,67,133,81,84,60,66,10,Line Drive,Normal,Normal,1,1,1,1,1,1,1,1,1,1,1,1,16,-,-,-,-,-,-,-,-,-,-,-,1,NEU,89-91,OTT,Normal,1,20,-,-,-,5,10,6,9,46,74,71,-,-,-,-,-,-,58,26,55,13,-,-,-,-,-,58,26,55,67,57,74,56,1,,1,1,0,0,0,0,0,0,0,0,0,0,0,0,0,0,0,0.0,-0.05,0,-0.3,-0.0,1.00,0,0,0.0,0.0,0,0,0,0,0,0,0,0.0,0,0,0,0,0,0,0,0,0,0,0,0,0,0,0,0,0,0,0,0,0,0.00,0,0,0,0,0,0.0,0.0,0.0,0.00,0,0,0,0,0,0,0,0,0.00,0.0,.000,0,0,0.0,0,0,0,0,0,0,0,0,0,0,0,0,0.0,0.0
LF,Vic Harris,Vic,Harris,Winnipeg Golden Knights,5' 10',170 lbs,L,R,79,Homestead Grays,HoGr,1937,1921-1945,,84505,Silver,Negro League Star  LF Vic Harris  HoGr  1937,0,N,0,75,88,73,79,95,74,87,71,78,92,76,89,74,80,97,59,59,Normal,Pull,Pull,1,1,19,3,1,1,18,3,1,1,20,3,16,-,-,-,-,-,-,-,-,-,-,-,1,NEU,90-92,3/4,Normal,1,22,53,53,53,74,65,71,70,63,69,69,-,45,72,78,69,62,75,49,70,124,45,72,78,69,62,75,49,70,58,45,67,55,2,,1,1,0,0,0,0,0,0,0,0,0,0,0,0,0,0,0,0.0,-0.00,0,-0.3,-0.0,2.00,0,0,0.0,0.0,0,0,0,0,0,0,0,0.0,0,0,0,0,0,0,0,0,0,0,0,0,0,0,0,0,0,0,0,0,0,0.00,0,0,0,0,0,0.0,0.0,0.0,0.00,2,0,1,0,1,0,0,0,3.00,0.0,1.027,0,0,3.0,0,0,1,1,0,0,0,0,0,0,0,0,0.0,0.0
LF,Frank Howard,Frank,Howard,Looking Glass Loopers TBD,6' 7',255 lbs,R,R,81,Washington Senators,TEX,1968,1961-1979,,85311,Gold,All-Star Week - Historical All-Star  LF Frank Howard  WS2  1968,0,N,0,76,80,158,84,62,130,90,171,101,77,58,76,154,79,54,4,6,Flyball,Normal,Normal,1,1,1,4,1,1,1,4,1,1,1,4,16,17,17,-,-,-,-,-,-,-,-,-,3,NEU,89-91,OTT,Normal,1,18,-,-,-,26,18,22,31,40,58,84,-,-,52,-,-,-,50,-,51,52,-,52,-,-,-,50,-,51,20,5,6,26,3,3,11,11,4,2,2,0,0,0,2,0,0,0,0,0,0,2,0,2.2,-0.03,1,0.7,0.1,4.00,0,0,0.0,0.3,0,0,0,0,0,0,0,0.0,0,0,0,0,0,0,0,0,0,0,0,0,0,0,0,0,0,0,0,0,0,0.00,0,0,0,0,0,0.0,0.0,0.0,0.00,0,0,0,0,0,0,0,0,0.00,0.0,.000,0,0,0.0,0,0,0,0,0,0,0,0,0,0,0,0,0.0,0.0
LF,Frank Howard,Frank,Howard,Chicago Seals,6' 7',255 lbs,R,R,81,Washington Senators,TEX,1968,1961-1979,,85311,Gold,All-Star Week - Historical All-Star  LF Frank Howard  WS2  1968,0,N,0,76,80,158,84,62,130,90,171,101,77,58,76,154,79,54,4,6,Flyball,Normal,Normal,1,1,1,4,1,1,1,4,1,1,1,4,16,17,17,-,-,-,-,-,-,-,-,-,3,NEU,89-91,OTT,Normal,1,18,-,-,-,26,18,22,31,40,58,84,-,-,52,-,-,-,50,-,51,52,-,52,-,-,-,50,-,51,20,5,6,26,4,4,15,13,5,1,3,0,1,4,5,2,0,0,0,0,0,2,0,5.4,0.55,4,2.7,0.3,3.80,0,0,0.0,0.2,0,0,0,0,0,0,0,0.0,0,0,0,0,0,0,0,0,0,0,0,0,0,0,0,0,0,0,0,0,0,0.00,0,0,0,0,0,0.0,0.0,0.0,0.00,4,4,38,4,34,0,4,0,9.77,0.2,1.059,0,0,35.0,0,0,8,7,2,2,1,0,1,1,0,0,0.0,-0.0
LF,Frank Howard,Frank,Howard,Castroville Mashers - JW,6' 7',255 lbs,R,R,81,Washington Senators,TEX,1968,1961-1979,,85311,Gold,All-Star Week - Historical All-Star  LF Frank Howard  WS2  1968,0,N,0,76,80,158,84,62,130,90,171,101,77,58,76,154,79,54,4,6,Flyball,Normal,Normal,1,1,1,4,1,1,1,4,1,1,1,4,16,17,17,-,-,-,-,-,-,-,-,-,3,NEU,89-91,OTT,Normal,1,18,-,-,-,26,18,22,31,40,58,84,-,-,52,-,-,-,50,-,51,52,-,52,-,-,-,50,-,51,20,5,6,26,3,1,6,6,1,1,0,0,0,0,0,0,0,0,0,0,0,2,0,0.2,-0.10,0,-0.8,-0.1,2.50,0,0,0.0,0.0,0,0,0,0,0,0,0,0.0,0,0,0,0,0,0,0,0,0,0,0,0,0,0,0,0,0,0,0,0,0,0.00,0,0,0,0,0,0.0,0.0,0.0,0.00,3,1,11,0,11,0,1,0,9.90,-0.2,1.059,0,0,10.0,0,0,2,1,0,0,0,0,0,0,0,0,0.0,0.0
LF,Frank Howard,Frank,Howard,Orlando Heatstrokes,6' 7',255 lbs,R,R,81,Washington Senators,TEX,1968,1961-1979,,85311,Gold,All-Star Week - Historical All-Star  LF Frank Howard  WS2  1968,0,N,0,76,80,158,84,62,130,90,171,101,77,58,76,154,79,54,4,6,Flyball,Normal,Normal,1,1,1,4,1,1,1,4,1,1,1,4,16,17,17,-,-,-,-,-,-,-,-,-,3,NEU,89-91,OTT,Normal,1,18,-,-,-,26,18,22,31,40,58,84,-,-,52,-,-,-,50,-,51,52,-,52,-,-,-,50,-,51,20,5,6,26,2,,2,2,1,1,0,0,0,0,0,0,0,0,0,0,0,1,0,0.5,0.02,0,0.2,0.0,5.50,0,0,0.0,0.0,0,0,0,0,0,0,0,0.0,0,0,0,0,0,0,0,0,0,0,0,0,0,0,0,0,0,0,0,0,0,0.00,0,0,0,0,0,0.0,0.0,0.0,0.00,1,0,0,0,0,0,0,0,0.00,0.0,.000,0,0,1.0,0,0,0,0,0,0,0,0,0,0,0,0,0.0,0.0
LF,Frank Howard,Frank,Howard,Lowlyworm's Apple Car,6' 7',255 lbs,R,R,81,Washington Senators,TEX,1968,1961-1979,,85311,Gold,All-Star Week - Historical All-Star  LF Frank Howard  WS2  1968,0,N,0,76,80,158,84,62,130,90,171,101,77,58,76,154,79,54,4,6,Flyball,Normal,Normal,1,1,1,4,1,1,1,4,1,1,1,4,16,17,17,-,-,-,-,-,-,-,-,-,3,NEU,89-91,OTT,Normal,1,18,-,-,-,26,18,22,31,40,58,84,-,-,52,-,-,-,50,-,51,52,-,52,-,-,-,50,-,51,20,5,6,26,8,6,20,19,3,2,1,0,0,1,1,1,0,0,0,0,0,6,1,0.6,-0.33,0,-2.1,-0.2,3.65,0,0,0.0,0.1,0,0,0,0,0,0,0,0.0,0,0,0,0,0,0,0,0,0,0,0,0,0,0,0,0,0,0,0,0,0,0.00,0,0,0,0,0,0.0,0.0,0.0,0.00,2,1,8,0,8,0,0,0,7.20,-0.3,.529,0,0,10.0,0,0,1,1,1,1,0,0,1,0,0,0,0.0,0.0
LF,Shoeless Joe Jackson,Shoeless Joe,Jackson,Winnipeg Brew Jays - HotL,6' 1',200 lbs,L,R,88,Cleveland Guardians,CLE,1915,2026,BBR,86372,Gold,Trade Deadliners - Baseball Reference 6  LF Joe Jackson  CLE  1915,0,Y,5,137,132,81,103,202,106,79,84,93,236,149,155,80,107,191,77,69,Groundball,Spray,Spray,1,1,1,4,1,1,1,4,1,1,1,4,16,-,-,-,-,-,-,-,-,-,-,-,1,NEU,89-91,3/4,Normal,1,12,-,-,-,64,34,56,46,76,67,70,-,-,78,-,-,-,94,71,89,106,-,78,-,-,-,94,71,89,81,72,67,84,9,9,40,30,7,7,0,0,0,5,3,7,0,2,0,1,0,2,0,3.9,0.12,4,-0.1,0.1,3.42,0,0,0.0,0.3,0,0,0,0,0,0,0,0.0,0,0,0,0,0,0,0,0,0,0,0,0,0,0,0,0,0,0,0,0,0,0.00,0,0,0,0,0,0.0,0.0,0.0,0.00,10,9,72,5,67,0,7,0,7.78,-0.1,1.059,0,0,83.1,0,0,18,17,2,2,3,0,0,0,0,0,0.0,0.0
LF,Shoeless Joe Jackson,Shoeless Joe,Jackson,Ogden Raptors - HotL,6' 1',200 lbs,L,R,88,Cleveland Guardians,CLE,1915,2026,BBR,86372,Gold,Trade Deadliners - Baseball Reference 6  LF Joe Jackson  CLE  1915,0,Y,5,137,132,81,103,202,106,79,84,93,236,149,155,80,107,191,77,69,Groundball,Spray,Spray,1,1,1,4,1,1,1,4,1,1,1,4,16,-,-,-,-,-,-,-,-,-,-,-,1,NEU,89-91,3/4,Normal,1,12,-,-,-,64,34,56,46,76,67,70,-,-,78,-,-,-,94,71,89,106,-,78,-,-,-,94,71,89,81,72,67,84,8,3,15,14,0,0,0,0,0,0,0,1,0,0,0,0,0,1,0,0.0,-0.43,-1,-3.3,-0.4,3.60,0,0,0.0,-0.4,0,0,0,0,0,0,0,0.0,0,0,0,0,0,0,0,0,0,0,0,0,0,0,0,0,0,0,0,0,0,0.00,0,0,0,0,0,0.0,0.0,0.0,0.00,5,3,26,1,25,0,0,0,7.80,-0.0,1.059,0,0,30.0,0,0,5,5,0,0,0,0,2,0,0,0,0.0,0.0
LF,Shoeless Joe Jackson,Shoeless Joe,Jackson,Everett Aqua Sox,6' 1',200 lbs,L,R,88,Cleveland Guardians,CLE,1915,2026,BBR,86372,Gold,Trade Deadliners - Baseball Reference 6  LF Joe Jackson  CLE  1915,0,N,0,127,122,74,95,188,98,72,77,86,220,138,144,73,99,178,77,69,Groundball,Spray,Spray,1,1,1,2,1,1,1,2,1,1,1,2,16,-,-,-,-,-,-,-,-,-,-,-,1,NEU,89-91,3/4,Normal,1,12,-,-,-,64,34,56,46,76,67,70,-,-,73,-,-,-,88,66,83,99,-,73,-,-,-,88,66,83,81,72,67,84,5,3,13,13,1,0,0,0,1,1,1,0,0,0,0,0,0,1,1,0.0,-0.35,0,-1.7,-0.2,4.54,0,0,0.0,0.0,0,0,0,0,0,0,0,0.0,0,0,0,0,0,0,0,0,0,0,0,0,0,0,0,0,0,0,0,0,0,0.00,0,0,0,0,0,0.0,0.0,0.0,0.00,2,2,12,0,12,0,2,0,6.35,-0.6,.695,0,0,17.0,0,0,5,4,0,0,0,0,1,0,0,0,0.0,0.0
LF,Shoeless Joe Jackson,Shoeless Joe,Jackson,Camjaveratyn O-Forge,6' 1',200 lbs,L,R,88,Cleveland Guardians,CLE,1915,2026,BBR,86372,Gold,Trade Deadliners - Baseball Reference 6  LF Joe Jackson  CLE  1915,0,N,0,127,122,74,95,188,98,72,77,86,220,138,144,73,99,178,77,69,Groundball,Spray,Spray,1,1,1,2,1,1,1,2,1,1,1,2,16,-,-,-,-,-,-,-,-,-,-,-,1,NEU,89-91,3/4,Normal,1,12,-,-,-,64,34,56,46,76,67,70,-,-,73,-,-,-,88,66,83,99,-,73,-,-,-,88,66,83,81,72,67,84,8,8,35,33,11,9,0,0,2,6,3,2,0,0,0,0,0,4,0,6.5,0.15,6,1.9,0.3,3.83,0,0,0.0,0.5,0,0,0,0,0,0,0,0.0,0,0,0,0,0,0,0,0,0,0,0,0,0,0,0,0,0,0,0,0,0,0.00,0,0,0,0,0,0.0,0.0,0.0,0.00,1,1,3,0,3,0,0,0,3.38,0.1,1.020,0,0,8.0,0,0,2,2,1,1,0,0,0,0,0,0,0.0,0.0
LF,Shoeless Joe Jackson,Shoeless Joe,Jackson,Gamehendge Lizards - HotL,6' 1',200 lbs,L,R,88,Cleveland Guardians,CLE,1915,2026,BBR,86372,Gold,Trade Deadliners - Baseball Reference 6  LF Joe Jackson  CLE  1915,0,Y,5,137,132,81,103,202,106,79,84,93,236,149,155,80,107,191,77,69,Groundball,Spray,Spray,1,1,1,4,1,1,1,4,1,1,1,4,16,-,-,-,-,-,-,-,-,-,-,-,1,NEU,89-91,3/4,Normal,1,12,-,-,-,64,34,56,46,76,67,70,-,-,78,-,-,-,94,71,89,106,-,78,-,-,-,94,71,89,81,72,67,84,4,3,15,15,5,4,1,0,0,1,1,0,0,0,0,0,0,2,0,2.0,0.04,1,0.0,0.0,3.33,0,0,0.0,0.1,0,0,0,0,0,0,0,0.0,0,0,0,0,0,0,0,0,0,0,0,0,0,0,0,0,0,0,0,0,0,0.00,0,0,0,0,0,0.0,0.0,0.0,0.00,3,3,20,0,20,0,1,0,6.92,0.1,1.059,0,0,26.0,0,0,2,2,0,0,0,0,0,0,0,0,0.0,0.0
LF,Shoeless Joe Jackson,Shoeless Joe,Jackson,Arcadia Wyverns,6' 1',200 lbs,L,R,88,Cleveland Guardians,CLE,1915,2026,BBR,86372,Gold,Trade Deadliners - Baseball Reference 6  LF Joe Jackson  CLE  1915,0,N,0,127,122,74,95,188,98,72,77,86,220,138,144,73,99,178,77,69,Groundball,Spray,Spray,1,1,1,2,1,1,1,2,1,1,1,2,16,-,-,-,-,-,-,-,-,-,-,-,1,NEU,89-91,3/4,Normal,1,12,-,-,-,64,34,56,46,76,67,70,-,-,73,-,-,-,88,66,83,99,-,73,-,-,-,88,66,83,81,72,67,84,3,,8,8,2,2,0,0,0,0,0,0,0,0,0,0,0,1,0,0.5,-0.13,0,-0.6,-0.0,3.62,0,0,0.0,0.0,0,0,0,0,0,0,0,0.0,0,0,0,0,0,0,0,0,0,0,0,0,0,0,0,0,0,0,0,0,0,0.00,0,0,0,0,0,0.0,0.0,0.0,0.00,3,0,8,1,6,1,0,0,4.50,-0.1,1.020,0,0,14.0,0,0,5,5,0,0,3,1,0,0,0,0,0.0,0.0
LF,Shoeless Joe Jackson,Shoeless Joe,Jackson,Texas Briskets,6' 1',200 lbs,L,R,88,Cleveland Guardians,CLE,1915,2026,BBR,86372,Gold,Trade Deadliners - Baseball Reference 6  LF Joe Jackson  CLE  1915,0,N,0,127,122,74,95,188,98,72,77,86,220,138,144,73,99,178,77,69,Groundball,Spray,Spray,1,1,1,2,1,1,1,2,1,1,1,2,16,-,-,-,-,-,-,-,-,-,-,-,1,NEU,89-91,3/4,Normal,1,12,-,-,-,64,34,56,46,76,67,70,-,-,73,-,-,-,88,66,83,99,-,73,-,-,-,88,66,83,81,72,67,84,4,4,15,15,2,1,1,0,0,2,2,0,0,0,0,0,0,3,0,0.4,-0.24,0,-2.1,-0.2,4.00,0,0,0.0,0.7,0,0,0,0,0,0,0,0.0,0,0,0,0,0,0,0,0,0,0,0,0,0,0,0,0,0,0,0,0,0,0.00,0,0,0,0,0,0.0,0.0,0.0,0.00,4,4,3,0,3,0,0,0,0.82,-0.1,1.027,0,0,33.0,0,0,3,3,0,0,1,0,0,0,1,0,0.0,-0.3
LF,Shoeless Joe Jackson,Shoeless Joe,Jackson,NoseKerim Astea Kerim,6' 1',200 lbs,L,R,88,Cleveland Guardians,CLE,1915,2026,BBR,86372,Gold,Trade Deadliners - Baseball Reference 6  LF Joe Jackson  CLE  1915,0,Y,5,137,132,81,103,202,106,79,84,93,236,149,155,80,107,191,77,69,Groundball,Spray,Spray,1,1,1,4,1,1,1,4,1,1,1,4,16,-,-,-,-,-,-,-,-,-,-,-,1,NEU,89-91,3/4,Normal,1,12,-,-,-,64,34,56,46,76,67,70,-,-,78,-,-,-,94,71,89,106,-,78,-,-,-,94,71,89,81,72,67,84,24,22,102,96,27,18,4,2,3,16,17,6,0,0,0,0,0,8,5,12.2,0.24,14,1.7,0.5,3.92,1,1,-0.3,0.8,0,0,0,0,0,0,0,0.0,0,0,0,0,0,0,0,0,0,0,0,0,0,0,0,0,0,0,0,0,0,0.00,0,0,0,0,0,0.0,0.0,0.0,0.00,23,22,188,16,172,0,10,0,8.25,1.5,1.059,0,0,205.0,0,0,38,38,4,3,1,1,0,0,4,1,0.0,0.0
LF,Shoeless Joe Jackson,Shoeless Joe,Jackson,Zanesville Greys,6' 1',200 lbs,L,R,88,Cleveland Guardians,CLE,1915,2026,BBR,86372,Gold,Trade Deadliners - Baseball Reference 6  LF Joe Jackson  CLE  1915,0,N,0,127,122,74,95,188,98,72,77,86,220,138,144,73,99,178,77,69,Groundball,Spray,Spray,1,1,1,2,1,1,1,2,1,1,1,2,16,-,-,-,-,-,-,-,-,-,-,-,1,NEU,89-91,3/4,Normal,1,12,-,-,-,64,34,56,46,76,67,70,-,-,73,-,-,-,88,66,83,99,-,73,-,-,-,88,66,83,81,72,67,84,2,2,6,6,2,0,1,1,0,1,1,0,0,0,0,0,0,2,1,0.8,0.05,1,0.8,0.1,4.17,0,0,0.0,0.2,0,0,0,0,0,0,0,0.0,0,0,0,0,0,0,0,0,0,0,0,0,0,0,0,0,0,0,0,0,0,0.00,0,0,0,0,0,0.0,0.0,0.0,0.00,2,2,1,0,1,0,0,0,0.53,0.1,1.027,0,0,17.0,0,0,0,0,1,1,0,0,0,0,1,0,0.0,0.0
LF,Shoeless Joe Jackson,Shoeless Joe,Jackson,Youngstown Ironmen,6' 1',200 lbs,L,R,88,Cleveland Guardians,CLE,1915,2026,BBR,86372,Gold,Trade Deadliners - Baseball Reference 6  LF Joe Jackson  CLE  1915,0,N,0,127,122,74,95,188,98,72,77,86,220,138,144,73,99,178,77,69,Groundball,Spray,Spray,1,1,1,2,1,1,1,2,1,1,1,2,16,-,-,-,-,-,-,-,-,-,-,-,1,NEU,89-91,3/4,Normal,1,12,-,-,-,64,34,56,46,76,67,70,-,-,73,-,-,-,88,66,83,99,-,73,-,-,-,88,66,83,81,72,67,84,7,7,33,27,9,5,2,1,1,1,5,5,0,0,1,0,0,5,0,7.6,0.38,6,3.0,0.2,4.24,0,0,0.0,-0.0,0,0,0,0,0,0,0,0.0,0,0,0,0,0,0,0,0,0,0,0,0,0,0,0,0,0,0,0,0,0,0.00,0,0,0,0,0,0.0,0.0,0.0,0.00,7,7,8,0,8,0,0,0,1.14,-1.2,1.027,0,0,63.1,0,0,8,7,3,1,2,0,2,0,2,0,0.0,-0.1
LF,Shoeless Joe Jackson,Shoeless Joe,Jackson,Paso Robles Powerhouse,6' 1',200 lbs,L,R,88,Cleveland Guardians,CLE,1915,2026,BBR,86372,Gold,Trade Deadliners - Baseball Reference 6  LF Joe Jackson  CLE  1915,0,Y,5,137,132,81,103,202,106,79,84,93,236,149,155,80,107,191,77,69,Groundball,Spray,Spray,1,1,1,4,1,1,1,4,1,1,1,4,16,-,-,-,-,-,-,-,-,-,-,-,1,NEU,89-91,3/4,Normal,1,12,-,-,-,64,34,56,46,76,67,70,-,-,78,-,-,-,94,71,89,106,-,78,-,-,-,94,71,89,81,72,67,84,4,4,18,16,3,2,0,0,1,1,2,1,0,1,0,0,0,2,0,1.8,0.03,1,-0.4,-0.1,3.67,0,0,0.0,0.4,0,0,0,0,0,0,0,0.0,0,0,0,0,0,0,0,0,0,0,0,0,0,0,0,0,0,0,0,0,0,0.00,0,0,0,0,0,0.0,0.0,0.0,0.00,1,1,1,0,1,0,0,0,1.00,-0.8,.510,0,0,9.0,0,0,1,1,1,0,1,0,0,0,0,0,0.0,-0.0
LF,Shoeless Joe Jackson,Shoeless Joe,Jackson,Orlando Heatstrokes,6' 1',200 lbs,L,R,88,Cleveland Guardians,CLE,1915,2026,BBR,86372,Gold,Trade Deadliners - Baseball Reference 6  LF Joe Jackson  CLE  1915,0,N,0,127,122,74,95,188,98,72,77,86,220,138,144,73,99,178,77,69,Groundball,Spray,Spray,1,1,1,2,1,1,1,2,1,1,1,2,16,-,-,-,-,-,-,-,-,-,-,-,1,NEU,89-91,3/4,Normal,1,12,-,-,-,64,34,56,46,76,67,70,-,-,73,-,-,-,88,66,83,99,-,73,-,-,-,88,66,83,81,72,67,84,4,4,18,16,5,4,0,0,1,1,1,0,0,1,1,0,0,1,0,2.9,0.09,2,0.5,0.1,4.11,0,0,0.0,0.4,0,0,0,0,0,0,0,0.0,0,0,0,0,0,0,0,0,0,0,0,0,0,0,0,0,0,0,0,0,0,0.00,0,0,0,0,0,0.0,0.0,0.0,0.00,4,4,14,1,13,0,0,0,3.32,-0.0,1.027,0,0,38.0,0,0,11,11,3,2,0,0,2,0,1,0,0.0,0.1
LF,Shoeless Joe Jackson,Shoeless Joe,Jackson,Roaming Rascals BFF,6' 1',200 lbs,L,R,88,Cleveland Guardians,CLE,1915,2026,BBR,86372,Gold,Trade Deadliners - Baseball Reference 6  LF Joe Jackson  CLE  1915,0,Y,5,137,132,81,103,202,106,79,84,93,236,149,155,80,107,191,77,69,Groundball,Spray,Spray,1,1,1,4,1,1,1,4,1,1,1,4,16,-,-,-,-,-,-,-,-,-,-,-,1,NEU,89-91,3/4,Normal,1,12,-,-,-,64,34,56,46,76,67,70,-,-,78,-,-,-,94,71,89,106,-,78,-,-,-,94,71,89,81,72,67,84,10,9,38,35,10,8,2,0,0,3,2,3,0,0,0,0,0,4,0,4.4,-0.27,4,-0.3,0.1,3.76,0,0,0.0,0.4,0,0,0,0,0,0,0,0.0,0,0,0,0,0,0,0,0,0,0,0,0,0,0,0,0,0,0,0,0,0,0.00,0,0,0,0,0,0.0,0.0,0.0,0.00,4,3,22,2,20,0,0,0,7.07,0.1,1.028,0,0,28.0,0,0,8,8,1,1,1,0,0,0,0,0,0.0,0.2
LF,Shoeless Joe Jackson,Shoeless Joe,Jackson,Oysters Incognito,6' 1',200 lbs,L,R,88,Cleveland Guardians,CLE,1915,2026,BBR,86372,Gold,Trade Deadliners - Baseball Reference 6  LF Joe Jackson  CLE  1915,0,Y,5,137,132,81,103,202,106,79,84,93,236,149,155,80,107,191,77,69,Groundball,Spray,Spray,1,1,1,4,1,1,1,4,1,1,1,4,16,-,-,-,-,-,-,-,-,-,-,-,1,NEU,89-91,3/4,Normal,1,12,-,-,-,64,34,56,46,76,67,70,-,-,78,-,-,-,94,71,89,106,-,78,-,-,-,94,71,89,81,72,67,84,1,,1,1,0,0,0,0,0,0,0,0,0,0,0,0,0,0,0,0.0,-0.05,0,-0.3,-0.0,1.00,0,0,0.0,0.0,0,0,0,0,0,0,0,0.0,0,0,0,0,0,0,0,0,0,0,0,0,0,0,0,0,0,0,0,0,0,0.00,0,0,0,0,0,0.0,0.0,0.0,0.00,1,0,1,0,1,0,0,0,4.50,0.0,1.027,0,0,2.0,0,0,1,1,0,0,0,0,0,0,0,0,0.0,0.0
LF,Mack Jones,Mack,Jones,Arkham Horrors,6' 1',180 lbs,L,R,84,Montreal Expos,WSN,1969,1961-1979,,83797,Gold,Snapshot  LF Mack Jones  MON  1969,0,N,0,79,106,96,109,69,81,86,89,115,56,79,116,99,107,73,16,8,Line Drive,Pull,Pull,1,1,1,4,1,1,1,4,1,1,1,4,16,-,-,-,-,-,-,-,-,-,-,-,1,NEU,89-91,3/4,Normal,1,7,-,-,-,6,3,2,4,58,52,58,-,-,-,-,-,-,63,36,56,5,-,-,-,-,-,63,36,56,65,57,56,80,3,3,13,12,3,2,1,0,0,1,0,1,0,0,0,0,0,3,0,1.3,-0.15,1,-0.3,-0.0,3.92,0,0,0.0,0.0,0,0,0,0,0,0,0,0.0,0,0,0,0,0,0,0,0,0,0,0,0,0,0,0,0,0,0,0,0,0,0.00,0,0,0,0,0,0.0,0.0,0.0,0.00,3,3,7,0,7,0,0,0,2.52,-0.3,.899,0,0,25.0,0,0,6,5,0,0,2,2,1,0,1,0,0.0,0.0
LF,Al Kaline,Al,Kaline,Camjaveratyn O-Forge,6' 2',180 lbs,R,R,99,Detroit Tigers,DET,1961,1961-1979,HOF,85520,Diamond,60s Theme Week - Hall of Fame  RF Al Kaline  DET  1961,0,N,0,112,131,78,77,138,141,152,69,72,162,103,124,81,79,130,59,53,Groundball,Spray,Spray,1,1,1,5,1,1,1,5,1,1,1,5,16,-,-,-,-,-,-,-,-,-,-,-,1,NEU,89-91,3/4,Normal,1,15,-,-,-,61,58,61,53,113,99,63,-,-,-,-,53,-,133,122,122,111,-,-,-,53,-,133,122,122,112,58,116,113,7,7,29,25,8,4,4,0,0,4,6,3,0,0,0,1,0,1,0,5.6,-0.08,4,1.2,0.4,3.66,3,0,0.7,0.8,0,0,0,0,0,0,0,0.0,0,0,0,0,0,0,0,0,0,0,0,0,0,0,0,0,0,0,0,0,0,0.00,0,0,0,0,0,0.0,0.0,0.0,0.00,7,7,21,0,21,0,0,0,3.15,0.6,1.027,0,0,60.0,0,0,18,18,2,1,1,0,2,2,0,0,0.0,-0.1
LF,Hyun-soo Kim,Hyun-soo,Kim,Altoona Mountain Citys,6' 2',220 lbs,L,R,68,Baltimore Orioles,BAL,2009,2005-2014,WBC,84623,Bronze,World Baseball Classic  LF Hyun-soo Kim  KOR  2009,0,N,0,101,110,10,112,93,91,81,10,88,88,106,123,10,122,95,21,9,Line Drive,Pull,Pull,1,1,1,4,1,1,1,4,1,1,1,4,16,-,-,-,-,-,-,-,-,-,-,-,1,NEU,92-94,3/4,Normal,1,10,-,-,-,1,8,5,7,69,100,70,-,-,-,-,-,-,88,-,-,-,-,-,-,-,-,88,-,-,31,21,44,36,3,3,13,11,2,2,0,0,0,0,2,2,0,0,0,0,0,5,0,0.8,0.02,0,-0.8,-0.1,4.38,0,0,0.0,0.1,0,0,0,0,0,0,0,0.0,0,0,0,0,0,0,0,0,0,0,0,0,0,0,0,0,0,0,0,0,0,0.00,0,0,0,0,0,0.0,0.0,0.0,0.00,0,0,0,0,0,0,0,0,0.00,0.0,.000,0,0,0.0,0,0,0,0,0,0,0,0,0,0,0,0,0.0,0.0
LF,Carlos Lee,Carlos,Lee,Youngstown Ironmen,6' 2',265 lbs,R,R,92,Texas Rangers,TEX,2006,2005-2014,BBR,86349,Diamond,Trade Deadliners - Baseball Reference 6  LF Carlos Lee  TEX  2006,0,N,0,107,97,112,97,142,120,55,101,87,155,103,113,116,102,138,4,1,Normal,Normal,Normal,1,1,1,4,1,1,1,4,1,1,1,4,16,-,-,-,-,-,-,-,-,-,-,-,1,NEU,90-92,OTT,Normal,1,15,-,-,-,7,7,9,6,44,90,52,-,-,-,-,-,-,55,-,-,12,-,-,-,-,-,55,-,-,57,59,110,68,7,7,31,28,10,8,0,0,2,6,7,2,0,1,0,0,0,7,0,7.5,0.60,6,2.8,0.4,4.29,2,0,0.5,0.5,0,0,0,0,0,0,0,0.0,0,0,0,0,0,0,0,0,0,0,0,0,0,0,0,0,0,0,0,0,0,0.00,0,0,0,0,0,0.0,0.0,0.0,0.00,2,2,4,0,4,0,0,0,2.00,-0.1,1.027,0,0,18.0,0,0,4,4,0,0,1,0,0,0,0,0,0.0,0.0
LF,Carlos Lee,Carlos,Lee,Gastonia Peaches,6' 2',265 lbs,R,R,92,Texas Rangers,TEX,2006,2005-2014,BBR,86349,Diamond,Trade Deadliners - Baseball Reference 6  LF Carlos Lee  TEX  2006,0,Y,5,116,105,121,105,153,130,60,109,94,167,111,122,125,110,149,4,1,Normal,Normal,Normal,1,1,1,6,1,1,1,6,1,1,1,6,16,-,-,-,-,-,-,-,-,-,-,-,1,NEU,90-92,OTT,Normal,1,15,-,-,-,7,7,9,6,44,90,52,-,-,-,-,-,-,60,-,-,13,-,-,-,-,-,60,-,-,57,59,110,68,6,6,34,30,7,5,1,0,1,4,2,4,0,0,0,0,0,7,0,4.2,0.30,3,-0.2,0.1,3.94,2,0,0.5,0.1,0,0,0,0,0,0,0,0.0,0,0,0,0,0,0,0,0,0,0,0,0,0,0,0,0,0,0,0,0,0,0.00,0,0,0,0,0,0.0,0.0,0.0,0.00,0,0,0,0,0,0,0,0,0.00,0.0,.000,0,0,0.0,0,0,0,0,0,0,0,0,0,0,0,0,0.0,0.0
LF,Carlos Lee,Carlos,Lee,Grand Rapids Warriors,6' 2',265 lbs,R,R,92,Texas Rangers,TEX,2006,2005-2014,BBR,86349,Diamond,Trade Deadliners - Baseball Reference 6  LF Carlos Lee  TEX  2006,0,N,0,107,97,112,97,142,120,55,101,87,155,103,113,116,102,138,4,1,Normal,Normal,Normal,1,1,1,4,1,1,1,4,1,1,1,4,16,-,-,-,-,-,-,-,-,-,-,-,1,NEU,90-92,OTT,Normal,1,15,-,-,-,7,7,9,6,44,90,52,-,-,-,-,-,-,55,-,-,12,-,-,-,-,-,55,-,-,57,59,110,68,5,5,22,22,8,5,2,0,1,4,3,0,0,0,0,0,0,5,1,4.1,-0.15,4,1.6,0.1,3.73,0,0,0.0,0.0,0,0,0,0,0,0,0,0.0,0,0,0,0,0,0,0,0,0,0,0,0,0,0,0,0,0,0,0,0,0,0.00,0,0,0,0,0,0.0,0.0,0.0,0.00,5,5,11,0,11,0,0,0,2.30,-0.7,.941,0,0,43.0,0,0,10,10,3,1,0,0,1,0,2,0,0.0,-0.2
LF,Brandon Lowe,Brandon,Lowe,Kansas City Torrent - JW,5' 10',185 lbs,L,R,82,Tampa Bay Rays,TBD,2020,2015+,BBR,83746,Gold,Baseball Reference 7  2B Brandon Lowe  TB  2020,16 365,Y,5,94,92,132,132,74,91,81,155,119,80,97,97,124,136,73,32,76,Normal,Ex. Pull,Pull,1,1,1,4,1,1,1,4,1,1,4,4,16,-,-,-,-,-,-,-,-,-,-,-,1,NEU,91-93,3/4,Normal,1,1,-,-,-,67,79,62,92,69,100,30,-,-,-,91,-,-,85,-,68,136,-,-,91,-,-,85,-,68,73,22,86,88,9,9,35,31,2,1,1,0,0,1,3,4,0,0,0,0,0,7,0,0.7,-0.41,0,-5.1,-0.6,3.77,1,1,-0.3,-0.3,0,0,0,0,0,0,0,0.0,0,0,0,0,0,0,0,0,0,0,0,0,0,0,0,0,0,0,0,0,0,0.00,0,0,0,0,0,0.0,0.0,0.0,0.00,10,9,20,1,19,0,0,0,2.37,-0.5,1.026,0,0,76.0,0,0,18,17,1,0,1,0,4,1,6,0,0.0,-1.0
LF,Mickey Mantle,Mickey,Mantle,Normal Night Owls - HotL,5' 11',200 lbs,S,R,88,New York Yankees,NYY,1959,1946-1960,,86635,Gold,50s Theme Week - Historical All-Star  CF Mickey Mantle  NYY  1959,0,Y,5,108,85,145,179,68,74,90,119,127,84,124,83,154,198,59,41,34,Groundball,Spray,Spray,1,1,1,6,1,1,1,6,1,1,1,6,16,-,-,-,-,-,-,-,-,-,-,-,1,NEU,90-92,SIDE,Normal,1,25,-,-,-,7,2,9,10,95,120,87,-,-,-,-,-,-,132,111,127,8,-,-,-,-,-,132,111,127,98,58,112,109,3,3,18,15,4,3,1,0,0,0,2,2,0,1,0,0,0,3,0,2.5,-0.01,2,0.3,0.1,4.06,1,0,0.2,-0.1,0,0,0,0,0,0,0,0.0,0,0,0,0,0,0,0,0,0,0,0,0,0,0,0,0,0,0,0,0,0,0.00,0,0,0,0,0,0.0,0.0,0.0,0.00,3,3,10,0,10,0,0,0,2.70,0.2,1.027,0,0,33.1,0,0,9,9,1,1,0,0,0,0,2,0,0.0,-0.1
LF,Mickey Mantle,Mickey,Mantle,Providence Friars - HotL,5' 11',200 lbs,S,R,88,New York Yankees,NYY,1959,1946-1960,,86635,Gold,50s Theme Week - Historical All-Star  CF Mickey Mantle  NYY  1959,0,Y,5,108,85,145,179,68,74,90,119,127,84,124,83,154,198,59,41,34,Groundball,Spray,Spray,1,1,1,6,1,1,1,6,1,1,1,6,16,-,-,-,-,-,-,-,-,-,-,-,1,NEU,90-92,SIDE,Normal,1,25,-,-,-,7,2,9,10,95,120,87,-,-,-,-,-,-,132,111,127,8,-,-,-,-,-,132,111,127,98,58,112,109,9,9,42,40,15,11,1,0,3,11,6,1,0,1,0,0,0,13,0,10.3,0.29,9,4.3,0.7,4.19,0,0,0.0,0.3,0,0,0,0,0,0,0,0.0,0,0,0,0,0,0,0,0,0,0,0,0,0,0,0,0,0,0,0,0,0,0.00,0,0,0,0,0,0.0,0.0,0.0,0.00,9,9,29,1,27,1,1,0,2.99,1.3,1.024,0,0,84.1,0,0,18,18,6,5,2,2,3,2,3,0,0.0,0.3
LF,Minnie Minoso,Minnie,Minoso,Toronto Terns PCK,5' 10',175 lbs,R,R,90,Chicago White Sox,CHW,1957,1946-1960,,82738,Diamond,HOF 1 - Hardware Heroes  LF Minnie Minoso  CWS  1957,0,Y,5,106,120,72,130,118,122,127,29,136,88,103,118,80,127,132,8,2,Line Drive,Normal,Normal,1,1,1,1,1,1,1,1,1,1,1,1,16,-,-,-,-,-,-,-,-,-,-,-,1,NEU,89-91,OTT,Normal,1,16,-,-,-,69,64,71,64,79,73,60,-,-,-,-,71,-,97,75,88,129,-,-,-,71,-,97,75,88,67,70,71,109,4,4,18,16,2,1,0,0,1,4,2,2,0,0,0,0,0,7,0,1.2,-0.15,1,-1.1,-0.1,4.06,0,0,0.0,0.2,0,0,0,0,0,0,0,0.0,0,0,0,0,0,0,0,0,0,0,0,0,0,0,0,0,0,0,0,0,0,0.00,0,0,0,0,0,0.0,0.0,0.0,0.00,5,4,4,0,4,0,0,0,1.09,-0.2,1.027,0,0,33.0,0,0,3,3,1,1,1,0,2,0,1,0,0.0,-0.1
LF,Dale Murphy,Dale,Murphy,Normal Night Owls - HotL,6' 5',215 lbs,R,R,88,Atlanta Braves,ATL,1982,1980-1992,,86270,Gold,All-Star Week - Historical All-Star  CF Dale Murphy  ATL  1982,0,N,0,102,53,120,124,60,148,50,140,135,69,92,55,114,120,55,4,5,Flyball,Spray,Spray,1,1,1,1,1,1,1,1,1,1,1,1,16,-,-,-,-,-,-,-,-,-,-,-,1,NEU,90-92,3/4,Normal,1,7,-,-,-,71,45,55,54,106,52,48,-,-,100,-,-,-,112,102,100,109,-,100,-,-,-,112,102,100,61,74,81,102,4,1,9,7,1,1,0,0,0,0,1,2,0,0,0,0,0,2,0,0.5,-0.13,0,-0.5,0.0,4.56,0,0,0.0,0.3,0,0,0,0,0,0,0,0.0,0,0,0,0,0,0,0,0,0,0,0,0,0,0,0,0,0,0,0,0,0,0.00,0,0,0,0,0,0.0,0.0,0.0,0.00,2,1,13,2,11,0,1,0,8.16,0.3,1.040,0,0,14.1,0,0,6,6,2,2,0,0,0,0,0,0,0.0,-0.0
LF,Tyler O'Neill,Tyler,O'Neill,Northville Stallions,5' 11',200 lbs,R,R,98,St. Louis Cardinals,STL,2021,2015+,BBR,84672,Diamond,Opening Day HR Streak - Baseball Reference  LF Tyler O'Neill  STL  2021,0,N,0,129,79,132,71,71,119,98,133,103,78,132,72,131,58,69,4,3,Groundball,Ex. Pull,Pull,1,1,1,1,1,1,1,1,1,1,1,1,16,-,-,-,-,-,-,-,-,-,-,-,1,NEU,91-93,3/4,Normal,1,12,-,-,-,9,3,5,2,97,97,97,-,-,-,-,-,-,123,106,122,8,-,-,-,-,-,123,106,122,107,64,89,111,4,4,17,16,4,4,0,0,0,1,0,1,0,0,0,0,0,6,1,1.0,-0.18,1,-0.9,-0.1,3.82,0,0,0.0,0.0,0,0,0,0,0,0,0,0.0,0,0,0,0,0,0,0,0,0,0,0,0,0,0,0,0,0,0,0,0,0,0.00,0,0,0,0,0,0.0,0.0,0.0,0.00,4,4,6,0,6,0,0,0,1.50,-0.1,1.027,0,0,36.0,0,0,4,4,3,2,0,0,1,0,1,0,0.0,-0.2
LF,Tyler O'Neill,Tyler,O'Neill,Watertown Sword Guys TBD,5' 11',200 lbs,R,R,98,St. Louis Cardinals,STL,2021,2015+,BBR,84672,Diamond,Opening Day HR Streak - Baseball Reference  LF Tyler O'Neill  STL  2021,0,N,0,129,79,132,71,71,119,98,133,103,78,132,72,131,58,69,4,3,Groundball,Ex. Pull,Pull,1,1,1,1,1,1,1,1,1,1,1,1,16,-,-,-,-,-,-,-,-,-,-,-,1,NEU,91-93,3/4,Normal,1,12,-,-,-,9,3,5,2,97,97,97,-,-,-,-,-,-,123,106,122,8,-,-,-,-,-,123,106,122,107,64,89,111,5,2,10,10,4,3,0,1,0,2,1,0,0,0,0,0,0,2,0,2.4,-0.14,2,0.9,0.2,3.80,0,0,0.0,-0.0,0,0,0,0,0,0,0,0.0,0,0,0,0,0,0,0,0,0,0,0,0,0,0,0,0,0,0,0,0,0,0.00,0,0,0,0,0,0.0,0.0,0.0,0.00,6,2,8,1,7,0,0,0,3.13,0.5,1.015,0,0,23.0,0,0,4,4,2,2,1,1,0,0,0,0,0.0,0.1
LF,Andy Pafko,Andy,Pafko,Castroville Mashers - JW,6' 0',190 lbs,R,R,98,Chicago Cubs,CHC,1950,1946-1960,PTCS,86290,Diamond,PTCS 4 - Historical All-Star  CF Andy Pafko  CHC  1950,0,N,0,78,98,149,116,161,78,88,101,137,202,78,103,166,110,147,48,41,Normal,Normal,Normal,1,1,1,4,1,1,1,4,1,1,1,4,16,-,-,-,-,-,-,-,-,-,-,-,1,NEU,89-91,OTT,Normal,1,5,-,-,-,89,46,103,73,102,59,97,-,-,-,-,87,-,120,107,120,128,-,-,-,87,-,120,107,120,55,54,38,69,4,4,18,16,5,5,0,0,0,0,0,2,0,0,0,0,0,2,0,2.1,-0.08,2,0.1,0.0,4.44,0,0,0.0,-0.0,0,0,0,0,0,0,0,0.0,0,0,0,0,0,0,0,0,0,0,0,0,0,0,0,0,0,0,0,0,0,0.00,0,0,0,0,0,0.0,0.0,0.0,0.00,4,4,7,0,7,0,0,0,1.91,0.1,1.027,0,0,33.0,0,0,5,5,2,2,0,0,2,0,2,0,0.0,-0.3
LF,Tony Phillips,Tony,Phillips,Oslo Nordiques,5' 10',175 lbs,S,R,88,Detroit Tigers,DET,1993,1993-2004,ME,83845,Gold,Live Collection Reward - Super Utility  LF Tony Phillips  DET  1993,0,N,0,128,73,50,144,80,128,69,37,142,87,128,75,55,145,78,9,2,Groundball,Spray,Spray,1,1,1,7,1,1,1,7,1,1,1,7,16,-,-,-,-,-,-,-,-,-,-,-,1,GB,90-92,3/4,GB'er,1,19,-,-,-,89,68,70,91,91,95,67,-,-,-,99,80,79,110,91,101,135,-,-,99,80,79,110,91,101,67,60,63,79,2,,3,3,1,1,0,0,0,0,0,0,0,0,0,0,0,0,0,0.3,-0.03,0,-0.1,0.0,2.67,0,0,0.0,0.0,0,0,0,0,0,0,0,0.0,0,0,0,0,0,0,0,0,0,0,0,0,0,0,0,0,0,0,0,0,0,0.00,0,0,0,0,0,0.0,0.0,0.0,0.00,2,0,3,2,1,0,0,0,4.05,0.2,1.062,0,0,6.2,0,0,2,2,0,0,1,1,0,0,0,0,0.0,0.0
LF,Tony Phillips,Tony,Phillips,Lowlyworm's Apple Car,5' 10',175 lbs,S,R,88,Detroit Tigers,DET,1993,1993-2004,ME,83845,Gold,Live Collection Reward - Super Utility  LF Tony Phillips  DET  1993,0,N,0,128,73,50,144,80,128,69,37,142,87,128,75,55,145,78,9,2,Groundball,Spray,Spray,1,1,1,7,1,1,1,7,1,1,1,7,16,-,-,-,-,-,-,-,-,-,-,-,1,GB,90-92,3/4,GB'er,1,19,-,-,-,89,68,70,91,91,95,67,-,-,-,99,80,79,110,91,101,135,-,-,99,80,79,110,91,101,67,60,63,79,6,3,13,13,2,2,0,0,0,1,0,0,0,0,0,0,0,4,0,0.3,-0.11,0,-1.9,-0.2,3.38,0,0,0.0,0.0,0,0,0,0,0,0,0,0.0,0,0,0,0,0,0,0,0,0,0,0,0,0,0,0,0,0,0,0,0,0,0.00,0,0,0,0,0,0.0,0.0,0.0,0.00,6,3,6,3,3,0,0,0,1.74,-0.4,.898,0,0,31.0,0,0,7,6,0,0,0,0,0,0,0,0,0.0,0.0
LF,AJ Pollock,AJ,Pollock,Shakedown 1977 Microbus TTC - GH,6' 1',210 lbs,R,R,87,Arizona Diamondbacks,ARI,2015,2015+,PTCS,86699,Gold,PTCS 6 - Hardware Heroes  CF AJ Pollock  ARI  2015,0,N,0,139,132,87,93,126,143,120,96,84,132,138,136,85,97,124,64,91,Line Drive,Normal,Normal,1,1,1,2,1,1,1,2,1,1,1,2,16,-,-,-,-,-,-,-,-,-,-,-,1,NEU,90-92,3/4,Normal,1,3,-,-,-,3,2,1,3,112,92,47,-,-,-,-,-,-,127,115,-,-,-,-,-,-,-,127,115,-,103,108,117,96,9,7,29,27,6,3,2,1,0,2,2,2,0,0,0,0,0,2,2,2.2,-0.26,2,-0.8,-0.0,3.90,0,0,0.0,-0.1,0,0,0,0,0,0,0,0.0,0,0,0,0,0,0,0,0,0,0,0,0,0,0,0,0,0,0,0,0,0,0.00,0,0,0,0,0,0.0,0.0,0.0,0.00,9,7,12,0,12,0,0,0,1.83,-0.0,1.027,0,0,59.0,0,0,12,12,1,0,0,0,0,0,1,0,0.0,-0.2
LF,Wilson Redus,Wilson,Redus,seebal Saeki,5' 5',160 lbs,R,R,99,St. Louis Stars,SLS,1927,1921-1945,,84570,Diamond,Negro League Star  LF Wilson Redus  SLS  1927,0,N,0,105,118,124,54,100,108,123,122,51,96,104,117,125,55,103,48,50,Normal,Spray,Normal,1,1,19,5,1,1,19,5,1,1,19,5,16,-,-,-,-,-,-,-,-,-,-,-,1,NEU,89-91,3/4,Normal,1,20,53,53,53,57,61,32,62,74,76,59,-,-,-,57,-,-,86,63,77,107,-,-,57,-,-,86,63,77,58,39,64,53,5,5,20,17,6,4,1,0,1,5,3,3,0,0,0,0,0,1,0,4.9,0.69,4,2.1,0.1,3.45,0,0,0.0,-1.0,0,0,0,0,0,0,0,0.0,0,0,0,0,0,0,0,0,0,0,0,0,0,0,0,0,0,0,0,0,0,0.00,0,0,0,0,0,0.0,0.0,0.0,0.00,5,5,13,0,13,0,0,0,2.72,0.1,1.027,0,0,43.0,0,0,10,10,3,2,1,1,2,0,3,0,0.0,-0.7
LF,Wilson Redus,Wilson,Redus,New York Jackhammers,5' 5',160 lbs,R,R,99,St. Louis Stars,SLS,1927,1921-1945,,84570,Diamond,Negro League Star  LF Wilson Redus  SLS  1927,0,N,0,105,118,124,54,100,108,123,122,51,96,104,117,125,55,103,48,50,Normal,Spray,Normal,1,1,19,5,1,1,19,5,1,1,19,5,16,-,-,-,-,-,-,-,-,-,-,-,1,NEU,89-91,3/4,Normal,1,20,53,53,53,57,61,32,62,74,76,59,-,-,-,57,-,-,86,63,77,107,-,-,57,-,-,86,63,77,58,39,64,53,11,11,45,45,15,11,2,1,1,6,7,0,0,0,0,0,0,7,2,6.4,0.06,6,1.3,0.3,3.53,0,0,0.0,0.3,0,0,0,0,0,0,0,0.0,0,0,0,0,0,0,0,0,0,0,0,0,0,0,0,0,0,0,0,0,0,0.00,0,0,0,0,0,0.0,0.0,0.0,0.00,11,11,28,0,28,0,0,0,2.62,0.7,1.027,0,0,96.0,0,0,22,22,5,4,3,1,1,1,2,0,0.0,-0.1
LF,Wilson Redus,Wilson,Redus,Genericsville Generics,5' 5',160 lbs,R,R,99,St. Louis Stars,SLS,1927,1921-1945,,84570,Diamond,Negro League Star  LF Wilson Redus  SLS  1927,0,N,0,105,118,124,54,100,108,123,122,51,96,104,117,125,55,103,48,50,Normal,Spray,Normal,1,1,19,5,1,1,19,5,1,1,19,5,16,-,-,-,-,-,-,-,-,-,-,-,1,NEU,89-91,3/4,Normal,1,20,53,53,53,57,61,32,62,74,76,59,-,-,-,57,-,-,86,63,77,107,-,-,57,-,-,86,63,77,58,39,64,53,7,7,29,28,4,2,0,0,2,5,4,0,0,0,1,0,0,9,0,1.5,-0.16,0,-2.8,-0.3,4.31,0,0,0.0,0.1,0,0,0,0,0,0,0,0.0,0,0,0,0,0,0,0,0,0,0,0,0,0,0,0,0,0,0,0,0,0,0.00,0,0,0,0,0,0.0,0.0,0.0,0.00,7,7,16,0,13,3,0,0,1.87,-1.4,.890,0,0,62.2,0,0,13,12,3,1,0,0,2,0,3,0,0.0,0.5
LF,Wilson Redus,Wilson,Redus,Jeju City Foxes,5' 5',160 lbs,R,R,99,St. Louis Stars,SLS,1927,1921-1945,,84570,Diamond,Negro League Star  LF Wilson Redus  SLS  1927,0,N,0,105,118,124,54,100,108,123,122,51,96,104,117,125,55,103,48,50,Normal,Spray,Normal,1,1,19,5,1,1,19,5,1,1,19,5,16,-,-,-,-,-,-,-,-,-,-,-,1,NEU,89-91,3/4,Normal,1,20,53,53,53,57,61,32,62,74,76,59,-,-,-,57,-,-,86,63,77,107,-,-,57,-,-,86,63,77,58,39,64,53,5,5,21,19,4,4,0,0,0,1,3,2,0,0,0,0,0,6,1,1.1,-0.19,1,-1.4,-0.2,3.00,0,0,0.0,-1.2,0,0,0,0,0,0,0,0.0,0,0,0,0,0,0,0,0,0,0,0,0,0,0,0,0,0,0,0,0,0,0.00,0,0,0,0,0,0.0,0.0,0.0,0.00,0,0,0,0,0,0,0,0,0.00,0.0,.000,0,0,0.0,0,0,0,0,0,0,0,0,0,0,0,0,0.0,0.0
LF,Bip Roberts,Bip,Roberts,Wilson Horns,5' 7',165 lbs,S,R,86,Cincinnati Reds,CIN,1992,1980-1992,,86795,Gold,T4 Ep. 9 - Baseball Reference 8  LF Bip Roberts  CIN  1992,0,N,0,152,118,46,135,124,121,61,70,109,114,162,144,35,144,128,10,28,Line Drive,Normal,Normal,1,1,1,1,1,1,1,1,1,1,1,1,16,-,-,-,-,-,-,-,-,-,-,-,1,NEU,89-91,3/4,Normal,1,22,-,-,-,69,92,49,53,61,119,39,-,-,-,76,64,-,77,47,-,131,-,-,76,64,-,77,47,-,89,97,102,92,3,3,13,11,2,0,1,0,1,1,2,2,0,0,0,0,0,1,0,2.0,-0.08,2,0.5,0.1,2.77,0,0,0.0,0.2,0,0,0,0,0,0,0,0.0,0,0,0,0,0,0,0,0,0,0,0,0,0,0,0,0,0,0,0,0,0,0.00,0,0,0,0,0,0.0,0.0,0.0,0.00,0,0,0,0,0,0,0,0,0.00,0.0,.000,0,0,0.0,0,0,0,0,0,0,0,0,0,0,0,0,0.0,0.0
LF,Bip Roberts,Bip,Roberts,Lowlyworm's Apple Car,5' 7',165 lbs,S,R,86,Cincinnati Reds,CIN,1992,1980-1992,,86795,Gold,T4 Ep. 9 - Baseball Reference 8  LF Bip Roberts  CIN  1992,0,N,0,152,118,46,135,124,121,61,70,109,114,162,144,35,144,128,10,28,Line Drive,Normal,Normal,1,1,1,1,1,1,1,1,1,1,1,1,16,-,-,-,-,-,-,-,-,-,-,-,1,NEU,89-91,3/4,Normal,1,22,-,-,-,69,92,49,53,61,119,39,-,-,-,76,64,-,77,47,-,131,-,-,76,64,-,77,47,-,89,97,102,92,8,8,35,33,11,6,4,0,1,1,3,2,0,0,0,0,0,7,0,7.1,0.04,6,2.2,0.3,3.63,1,0,0.2,-0.4,0,0,0,0,0,0,0,0.0,0,0,0,0,0,0,0,0,0,0,0,0,0,0,0,0,0,0,0,0,0,0.00,0,0,0,0,0,0.0,0.0,0.0,0.00,4,4,17,10,7,0,3,0,4.50,-0.0,1.054,0,0,34.0,0,0,11,10,0,0,0,0,0,0,1,0,0.0,0.0
LF,Al Simmons,Al,Simmons,Chicago Rat Finks - HotL,5' 11',190 lbs,R,R,99,Philadelphia Athletics,OAK,1930,1921-1945,BBR,85942,Diamond,July Jewels - Baseball Reference 4  LF Al Simmons  PHA  1930,0,N,0,141,128,120,65,132,155,138,129,85,169,137,125,117,58,120,104,84,Normal,Normal,Normal,1,1,1,1,1,1,1,1,1,1,1,1,16,-,-,-,-,-,-,-,-,-,-,-,1,NEU,89-91,3/4,Normal,1,14,-,-,-,9,4,7,1,69,112,69,-,-,-,-,-,-,90,63,-,10,-,-,-,-,-,90,63,-,61,34,75,89,5,5,22,20,6,4,1,0,1,4,2,1,0,0,0,1,0,3,0,3.4,0.01,3,0.5,0.1,3.45,0,0,0.0,0.0,0,0,0,0,0,0,0,0.0,0,0,0,0,0,0,0,0,0,0,0,0,0,0,0,0,0,0,0,0,0,0.00,0,0,0,0,0,0.0,0.0,0.0,0.00,0,0,0,0,0,0,0,0,0.00,0.0,.000,0,0,0.0,0,0,0,0,0,0,0,0,0,0,0,0,0.0,0.0
LF,Al Simmons,Al,Simmons,Ogden Raptors - HotL,5' 11',190 lbs,R,R,99,Philadelphia Athletics,OAK,1930,1921-1945,BBR,85942,Diamond,July Jewels - Baseball Reference 4  LF Al Simmons  PHA  1930,0,N,0,141,128,120,65,132,155,138,129,85,169,137,125,117,58,120,104,84,Normal,Normal,Normal,1,1,1,1,1,1,1,1,1,1,1,1,16,-,-,-,-,-,-,-,-,-,-,-,1,NEU,89-91,3/4,Normal,1,14,-,-,-,9,4,7,1,69,112,69,-,-,-,-,-,-,90,63,-,10,-,-,-,-,-,90,63,-,61,34,75,89,8,8,37,35,8,4,1,1,2,3,5,2,0,0,0,0,0,7,3,3.3,-0.21,4,0.1,0.0,3.46,0,0,0.0,0.1,0,0,0,0,0,0,0,0.0,0,0,0,0,0,0,0,0,0,0,0,0,0,0,0,0,0,0,0,0,0,0.00,0,0,0,0,0,0.0,0.0,0.0,0.00,8,8,18,0,18,0,0,0,2.19,-0.7,.973,0,0,74.0,0,0,14,14,5,2,4,2,1,0,2,0,0.0,-0.3
LF,Al Simmons,Al,Simmons,Winnipeg Golden Knights,5' 11',190 lbs,R,R,99,Philadelphia Athletics,OAK,1930,1921-1945,BBR,85942,Diamond,July Jewels - Baseball Reference 4  LF Al Simmons  PHA  1930,0,N,0,141,128,120,65,132,155,138,129,85,169,137,125,117,58,120,104,84,Normal,Normal,Normal,1,1,1,1,1,1,1,1,1,1,1,1,16,-,-,-,-,-,-,-,-,-,-,-,1,NEU,89-91,3/4,Normal,1,14,-,-,-,9,4,7,1,69,112,69,-,-,-,-,-,-,90,63,-,10,-,-,-,-,-,90,63,-,61,34,75,89,11,11,52,49,13,8,5,0,0,6,8,3,0,0,0,0,0,8,0,5.8,-0.01,5,-0.8,0.0,3.60,0,0,0.0,0.3,0,0,0,0,0,0,0,0.0,0,0,0,0,0,0,0,0,0,0,0,0,0,0,0,0,0,0,0,0,0,0.00,0,0,0,0,0,0.0,0.0,0.0,0.00,0,0,0,0,0,0,0,0,0.00,0.0,.000,0,0,0.0,0,0,0,0,0,0,0,0,0,0,0,0,0.0,0.0
LF,Al Simmons,Al,Simmons,Watertown Sword Guys TBD,5' 11',190 lbs,R,R,99,Philadelphia Athletics,OAK,1930,1921-1945,BBR,85942,Diamond,July Jewels - Baseball Reference 4  LF Al Simmons  PHA  1930,0,N,0,141,128,120,65,132,155,138,129,85,169,137,125,117,58,120,104,84,Normal,Normal,Normal,1,1,1,1,1,1,1,1,1,1,1,1,16,-,-,-,-,-,-,-,-,-,-,-,1,NEU,89-91,3/4,Normal,1,14,-,-,-,9,4,7,1,69,112,69,-,-,-,-,-,-,90,63,-,10,-,-,-,-,-,90,63,-,61,34,75,89,4,2,12,11,6,3,1,0,2,3,4,1,0,0,0,0,0,1,0,7.7,0.27,5,4.0,0.4,4.08,0,0,0.0,0.2,0,0,0,0,0,0,0,0.0,0,0,0,0,0,0,0,0,0,0,0,0,0,0,0,0,0,0,0,0,0,0.00,0,0,0,0,0,0.0,0.0,0.0,0.00,4,2,6,1,5,0,0,0,2.70,-0.6,.854,0,0,20.0,0,0,4,4,1,0,1,0,3,1,0,0,0.0,0.3
LF,Al Simmons,Al,Simmons,Gamehendge Lizards - HotL,5' 11',190 lbs,R,R,99,Philadelphia Athletics,OAK,1930,1921-1945,BBR,85942,Diamond,July Jewels - Baseball Reference 4  LF Al Simmons  PHA  1930,0,N,0,141,128,120,65,132,155,138,129,85,169,137,125,117,58,120,104,84,Normal,Normal,Normal,1,1,1,1,1,1,1,1,1,1,1,1,16,-,-,-,-,-,-,-,-,-,-,-,1,NEU,89-91,3/4,Normal,1,14,-,-,-,9,4,7,1,69,112,69,-,-,-,-,-,-,90,63,-,10,-,-,-,-,-,90,63,-,61,34,75,89,3,3,12,11,3,2,1,0,0,3,1,1,0,0,0,0,0,0,1,1.1,0.10,1,-0.1,0.0,3.25,0,0,0.0,0.0,0,0,0,0,0,0,0,0.0,0,0,0,0,0,0,0,0,0,0,0,0,0,0,0,0,0,0,0,0,0,0.00,0,0,0,0,0,0.0,0.0,0.0,0.00,1,1,2,0,2,0,0,0,2.25,0.0,1.027,0,0,8.0,0,0,2,2,0,0,0,0,0,0,1,0,0.0,0.0
LF,Al Simmons,Al,Simmons,Freedom Grabbers - HotL,5' 11',190 lbs,R,R,99,Philadelphia Athletics,OAK,1930,1921-1945,BBR,85942,Diamond,July Jewels - Baseball Reference 4  LF Al Simmons  PHA  1930,0,Y,5,152,138,130,71,142,167,149,139,92,182,148,135,126,64,130,104,84,Normal,Normal,Normal,1,1,1,1,1,1,1,1,1,1,1,1,16,-,-,-,-,-,-,-,-,-,-,-,1,NEU,89-91,3/4,Normal,1,14,-,-,-,9,4,7,1,69,112,69,-,-,-,-,-,-,97,68,-,12,-,-,-,-,-,97,68,-,61,34,75,89,17,17,76,72,19,10,5,1,3,14,7,3,1,0,0,1,0,15,1,10.0,0.72,9,0.1,0.1,3.71,0,0,0.0,0.7,0,0,0,0,0,0,0,0.0,0,0,0,0,0,0,0,0,0,0,0,0,0,0,0,0,0,0,0,0,0,0.00,0,0,0,0,0,0.0,0.0,0.0,0.00,0,0,0,0,0,0,0,0,0.00,0.0,.000,0,0,0.0,0,0,0,0,0,0,0,0,0,0,0,0,0.0,0.0
LF,Al Simmons,Al,Simmons,Dry Creek Craw Daddies,5' 11',190 lbs,R,R,99,Philadelphia Athletics,OAK,1930,1921-1945,BBR,85942,Diamond,July Jewels - Baseball Reference 4  LF Al Simmons  PHA  1930,0,N,0,141,128,120,65,132,155,138,129,85,169,137,125,117,58,120,104,84,Normal,Normal,Normal,1,1,1,1,1,1,1,1,1,1,1,1,16,-,-,-,-,-,-,-,-,-,-,-,1,NEU,89-91,3/4,Normal,1,14,-,-,-,9,4,7,1,69,112,69,-,-,-,-,-,-,90,63,-,10,-,-,-,-,-,90,63,-,61,34,75,89,5,5,24,22,6,3,1,1,1,3,3,2,0,0,0,0,0,3,0,4.2,0.40,3,1.1,0.1,4.25,0,0,0.0,0.0,0,0,0,0,0,0,0,0.0,0,0,0,0,0,0,0,0,0,0,0,0,0,0,0,0,0,0,0,0,0,0.00,0,0,0,0,0,0.0,0.0,0.0,0.00,5,5,14,0,14,0,0,0,2.36,-0.2,1.027,0,0,53.1,0,0,10,10,6,4,1,0,1,0,1,0,0.0,0.0
LF,Al Simmons,Al,Simmons,Arcadia Wyverns,5' 11',190 lbs,R,R,99,Philadelphia Athletics,OAK,1930,1921-1945,BBR,85942,Diamond,July Jewels - Baseball Reference 4  LF Al Simmons  PHA  1930,0,N,0,141,128,120,65,132,155,138,129,85,169,137,125,117,58,120,104,84,Normal,Normal,Normal,1,1,1,1,1,1,1,1,1,1,1,1,16,-,-,-,-,-,-,-,-,-,-,-,1,NEU,89-91,3/4,Normal,1,14,-,-,-,9,4,7,1,69,112,69,-,-,-,-,-,-,90,63,-,10,-,-,-,-,-,90,63,-,61,34,75,89,4,4,16,16,4,2,1,0,1,1,4,0,0,0,0,0,0,3,0,2.0,-0.04,1,-0.0,0.0,3.38,0,0,0.0,0.2,0,0,0,0,0,0,0,0.0,0,0,0,0,0,0,0,0,0,0,0,0,0,0,0,0,0,0,0,0,0,0.00,0,0,0,0,0,0.0,0.0,0.0,0.00,4,4,11,0,10,1,0,0,2.65,-0.3,1.027,0,0,34.0,0,0,9,9,3,1,0,0,0,0,2,0,0.0,0.2
LF,Al Simmons,Al,Simmons,Looking Glass Loopers TBD,5' 11',190 lbs,R,R,99,Philadelphia Athletics,OAK,1930,1921-1945,BBR,85942,Diamond,July Jewels - Baseball Reference 4  LF Al Simmons  PHA  1930,0,N,0,141,128,120,65,132,155,138,129,85,169,137,125,117,58,120,104,84,Normal,Normal,Normal,1,1,1,1,1,1,1,1,1,1,1,1,16,-,-,-,-,-,-,-,-,-,-,-,1,NEU,89-91,3/4,Normal,1,14,-,-,-,9,4,7,1,69,112,69,-,-,-,-,-,-,90,63,-,10,-,-,-,-,-,90,63,-,61,34,75,89,2,1,8,8,1,0,1,0,0,1,0,0,0,0,0,0,0,0,0,0.2,-0.17,0,-1.1,-0.2,2.62,0,0,0.0,0.1,0,0,0,0,0,0,0,0.0,0,0,0,0,0,0,0,0,0,0,0,0,0,0,0,0,0,0,0,0,0,0.00,0,0,0,0,0,0.0,0.0,0.0,0.00,2,1,5,0,5,0,0,0,3.00,-0.9,.856,0,0,15.0,0,0,7,5,0,0,0,0,0,0,0,0,0.0,-0.2
LF,Al Simmons,Al,Simmons,Shartlesville ShihTzus - HotL,5' 11',190 lbs,R,R,99,Philadelphia Athletics,OAK,1930,1921-1945,BBR,85942,Diamond,July Jewels - Baseball Reference 4  LF Al Simmons  PHA  1930,0,Y,5,152,138,130,71,142,167,149,139,92,182,148,135,126,64,130,104,84,Normal,Normal,Normal,1,1,1,1,1,1,1,1,1,1,1,1,16,-,-,-,-,-,-,-,-,-,-,-,1,NEU,89-91,3/4,Normal,1,14,-,-,-,9,4,7,1,69,112,69,-,-,-,-,-,-,97,68,-,12,-,-,-,-,-,97,68,-,61,34,75,89,3,1,8,8,3,3,0,0,0,1,0,0,0,0,0,0,0,0,0,1.1,0.29,1,0.1,0.0,3.38,0,0,0.0,0.1,0,0,0,0,0,0,0,0.0,0,0,0,0,0,0,0,0,0,0,0,0,0,0,0,0,0,0,0,0,0,0.00,0,0,0,0,0,0.0,0.0,0.0,0.00,2,1,3,0,3,0,0,0,1.80,-0.1,1.027,0,0,15.0,0,0,2,2,2,1,0,0,0,0,1,0,0.0,0.1
LF,Al Simmons,Al,Simmons,Providence Friars - HotL,5' 11',190 lbs,R,R,99,Philadelphia Athletics,OAK,1930,1921-1945,BBR,85942,Diamond,July Jewels - Baseball Reference 4  LF Al Simmons  PHA  1930,0,N,0,141,128,120,65,132,155,138,129,85,169,137,125,117,58,120,104,84,Normal,Normal,Normal,1,1,1,1,1,1,1,1,1,1,1,1,16,-,-,-,-,-,-,-,-,-,-,-,1,NEU,89-91,3/4,Normal,1,14,-,-,-,9,4,7,1,69,112,69,-,-,-,-,-,-,90,63,-,10,-,-,-,-,-,90,63,-,61,34,75,89,9,9,41,36,13,8,4,1,0,3,9,5,0,0,0,0,0,7,0,8.9,0.27,8,3.5,0.5,3.85,0,0,0.0,0.1,0,0,0,0,0,0,0,0.0,0,0,0,0,0,0,0,0,0,0,0,0,0,0,0,0,0,0,0,0,0,0.00,0,0,0,0,0,0.0,0.0,0.0,0.00,8,8,18,1,17,0,0,0,2.27,-0.1,1.027,0,0,71.1,0,0,13,13,5,3,1,1,4,0,1,0,0.0,0.4
LF,Al Simmons,Al,Simmons,Kansas City Torrent - JW,5' 11',190 lbs,R,R,99,Philadelphia Athletics,OAK,1930,1921-1945,BBR,85942,Diamond,July Jewels - Baseball Reference 4  LF Al Simmons  PHA  1930,8 893,N,0,141,128,120,65,132,155,138,129,85,169,137,125,117,58,120,104,84,Normal,Normal,Normal,1,1,1,1,1,1,1,1,1,1,1,1,16,-,-,-,-,-,-,-,-,-,-,-,1,NEU,89-91,3/4,Normal,1,14,-,-,-,9,4,7,1,69,112,69,-,-,-,-,-,-,90,63,-,10,-,-,-,-,-,90,63,-,61,34,75,89,10,6,27,27,6,4,0,0,2,5,3,0,0,0,0,0,0,5,1,2.2,0.35,2,-0.8,-0.0,3.33,0,0,0.0,0.0,0,0,0,0,0,0,0,0.0,0,0,0,0,0,0,0,0,0,0,0,0,0,0,0,0,0,0,0,0,0,0.00,0,0,0,0,0,0.0,0.0,0.0,0.00,9,6,16,1,14,1,0,0,2.37,0.1,1.025,0,0,57.0,0,0,12,12,2,1,1,1,1,0,2,0,0.0,0.0
LF,Al Simmons,Al,Simmons,Herky Hyenas,5' 11',190 lbs,R,R,99,Philadelphia Athletics,OAK,1930,1921-1945,BBR,85942,Diamond,July Jewels - Baseball Reference 4  LF Al Simmons  PHA  1930,0,N,0,141,128,120,65,132,155,138,129,85,169,137,125,117,58,120,104,84,Normal,Normal,Normal,1,1,1,1,1,1,1,1,1,1,1,1,16,-,-,-,-,-,-,-,-,-,-,-,1,NEU,89-91,3/4,Normal,1,14,-,-,-,9,4,7,1,69,112,69,-,-,-,-,-,-,90,63,-,10,-,-,-,-,-,90,63,-,61,34,75,89,12,12,58,54,13,8,1,0,4,14,5,2,0,0,0,2,0,8,0,6.8,-0.31,6,-0.4,-0.0,3.62,1,1,-0.3,0.0,0,0,0,0,0,0,0,0.0,0,0,0,0,0,0,0,0,0,0,0,0,0,0,0,0,0,0,0,0,0,0.00,0,0,0,0,0,0.0,0.0,0.0,0.00,0,0,0,0,0,0,0,0,0.00,0.0,.000,0,0,0.0,0,0,0,0,0,0,0,0,0,0,0,0,0.0,0.0
LF,Al Simmons,Al,Simmons,False Hustle,5' 11',190 lbs,R,R,99,Philadelphia Athletics,OAK,1930,1921-1945,BBR,85942,Diamond,July Jewels - Baseball Reference 4  LF Al Simmons  PHA  1930,0,Y,5,152,138,130,71,142,167,149,139,92,182,148,135,126,64,130,104,84,Normal,Normal,Normal,1,1,1,1,1,1,1,1,1,1,1,1,16,-,-,-,-,-,-,-,-,-,-,-,1,NEU,89-91,3/4,Normal,1,14,-,-,-,9,4,7,1,69,112,69,-,-,-,-,-,-,97,68,-,12,-,-,-,-,-,97,68,-,61,34,75,89,3,3,13,11,3,2,1,0,0,3,0,1,0,0,0,1,0,3,0,1.5,0.06,1,-0.3,-0.1,2.85,0,0,0.0,0.0,0,0,0,0,0,0,0,0.0,0,0,0,0,0,0,0,0,0,0,0,0,0,0,0,0,0,0,0,0,0,0.00,0,0,0,0,0,0.0,0.0,0.0,0.00,3,3,4,1,3,0,0,0,1.44,-0.8,.770,0,0,25.0,0,0,3,3,2,0,0,0,0,0,1,0,0.0,-0.0
LF,Al Simmons,Al,Simmons,Sydney Whalers,5' 11',190 lbs,R,R,99,Philadelphia Athletics,OAK,1930,1921-1945,BBR,85942,Diamond,July Jewels - Baseball Reference 4  LF Al Simmons  PHA  1930,0,N,0,141,128,120,65,132,155,138,129,85,169,137,125,117,58,120,104,84,Normal,Normal,Normal,1,1,1,1,1,1,1,1,1,1,1,1,16,-,-,-,-,-,-,-,-,-,-,-,1,NEU,89-91,3/4,Normal,1,14,-,-,-,9,4,7,1,69,112,69,-,-,-,-,-,-,90,63,-,10,-,-,-,-,-,90,63,-,61,34,75,89,4,4,18,17,5,5,0,0,0,1,0,1,0,0,0,0,0,4,0,1.8,0.01,1,-0.5,-0.0,3.89,0,0,0.0,0.0,0,0,0,0,0,0,0,0.0,0,0,0,0,0,0,0,0,0,0,0,0,0,0,0,0,0,0,0,0,0,0.00,0,0,0,0,0,0.0,0.0,0.0,0.00,0,0,0,0,0,0,0,0,0.00,0.0,.000,0,0,0.0,0,0,0,0,0,0,0,0,0,0,0,0,0.0,0.0
LF,Al Simmons,Al,Simmons,NoseKerim Astea Kerim,5' 11',190 lbs,R,R,99,Philadelphia Athletics,OAK,1930,1921-1945,BBR,85942,Diamond,July Jewels - Baseball Reference 4  LF Al Simmons  PHA  1930,0,Y,5,152,138,130,71,142,167,149,139,92,182,148,135,126,64,130,104,84,Normal,Normal,Normal,1,1,1,1,1,1,1,1,1,1,1,1,16,-,-,-,-,-,-,-,-,-,-,-,1,NEU,89-91,3/4,Normal,1,14,-,-,-,9,4,7,1,69,112,69,-,-,-,-,-,-,97,68,-,12,-,-,-,-,-,97,68,-,61,34,75,89,23,23,100,92,26,13,4,2,7,25,13,4,0,2,0,2,0,17,2,17.4,1.23,17,5.3,0.5,3.59,1,0,0.2,-1.2,0,0,0,0,0,0,0,0.0,0,0,0,0,0,0,0,0,0,0,0,0,0,0,0,0,0,0,0,0,0,0.00,0,0,0,0,0,0.0,0.0,0.0,0.00,1,1,1,0,1,0,0,0,1.00,0.0,1.027,0,0,9.0,0,0,1,1,0,0,0,0,0,0,0,0,0.0,0.0
LF,Al Simmons,Al,Simmons,Waltham River Otters,5' 11',190 lbs,R,R,99,Philadelphia Athletics,OAK,1930,1921-1945,BBR,85942,Diamond,July Jewels - Baseball Reference 4  LF Al Simmons  PHA  1930,0,N,0,141,128,120,65,132,155,138,129,85,169,137,125,117,58,120,104,84,Normal,Normal,Normal,1,1,1,1,1,1,1,1,1,1,1,1,16,-,-,-,-,-,-,-,-,-,-,-,1,NEU,89-91,3/4,Normal,1,14,-,-,-,9,4,7,1,69,112,69,-,-,-,-,-,-,90,63,-,10,-,-,-,-,-,90,63,-,61,34,75,89,16,15,70,63,20,12,1,1,6,12,17,5,0,1,1,0,0,9,1,15.6,-0.05,14,6.3,0.8,3.44,1,0,0.2,1.1,0,0,0,0,0,0,0,0.0,0,0,0,0,0,0,0,0,0,0,0,0,0,0,0,0,0,0,0,0,0,0.00,0,0,0,0,0,0.0,0.0,0.0,0.00,15,15,24,1,23,0,0,0,1.60,-0.6,.945,0,0,135.1,0,0,17,16,5,4,5,3,2,0,3,0,0.0,-0.6
LF,Al Simmons,Al,Simmons,Zanesville Greys,5' 11',190 lbs,R,R,99,Philadelphia Athletics,OAK,1930,1921-1945,BBR,85942,Diamond,July Jewels - Baseball Reference 4  LF Al Simmons  PHA  1930,0,N,0,141,128,120,65,132,155,138,129,85,169,137,125,117,58,120,104,84,Normal,Normal,Normal,1,1,1,1,1,1,1,1,1,1,1,1,16,-,-,-,-,-,-,-,-,-,-,-,1,NEU,89-91,3/4,Normal,1,14,-,-,-,9,4,7,1,69,112,69,-,-,-,-,-,-,90,63,-,10,-,-,-,-,-,90,63,-,61,34,75,89,3,1,6,6,0,0,0,0,0,0,0,0,0,0,0,0,0,1,0,0.0,-0.26,0,-1.6,-0.2,3.50,0,0,0.0,0.0,0,0,0,0,0,0,0,0.0,0,0,0,0,0,0,0,0,0,0,0,0,0,0,0,0,0,0,0,0,0,0.00,0,0,0,0,0,0.0,0.0,0.0,0.00,2,1,2,0,2,0,0,0,2.00,-0.3,1.027,0,0,9.0,0,0,1,1,2,0,1,1,0,0,1,0,0.0,0.0
LF,Al Simmons,Al,Simmons,Charlotte Hellcats GH,5' 11',190 lbs,R,R,99,Philadelphia Athletics,OAK,1930,1921-1945,BBR,85942,Diamond,July Jewels - Baseball Reference 4  LF Al Simmons  PHA  1930,0,Y,5,152,138,130,71,142,167,149,139,92,182,148,135,126,64,130,104,84,Normal,Normal,Normal,1,1,1,1,1,1,1,1,1,1,1,1,16,-,-,-,-,-,-,-,-,-,-,-,1,NEU,89-91,3/4,Normal,1,14,-,-,-,9,4,7,1,69,112,69,-,-,-,-,-,-,97,68,-,12,-,-,-,-,-,97,68,-,61,34,75,89,17,17,95,85,48,21,15,7,5,41,35,9,0,0,0,1,0,12,1,55.5,1.00,40,28.7,3.1,4.18,2,1,-0.1,1.0,0,0,0,0,0,0,0,0.0,0,0,0,0,0,0,0,0,0,0,0,0,0,0,0,0,0,0,0,0,0,0.00,0,0,0,0,0,0.0,0.0,0.0,0.00,17,17,40,0,40,0,0,0,2.37,-0.6,1.027,0,0,152.0,0,0,37,35,5,4,4,0,4,0,6,1,0.0,-0.2
LF,Al Simmons,Al,Simmons,Summerglen Seraphs TBD,5' 11',190 lbs,R,R,99,Philadelphia Athletics,OAK,1930,1921-1945,BBR,85942,Diamond,July Jewels - Baseball Reference 4  LF Al Simmons  PHA  1930,0,N,0,141,128,120,65,132,155,138,129,85,169,137,125,117,58,120,104,84,Normal,Normal,Normal,1,1,1,1,1,1,1,1,1,1,1,1,16,-,-,-,-,-,-,-,-,-,-,-,1,NEU,89-91,3/4,Normal,1,14,-,-,-,9,4,7,1,69,112,69,-,-,-,-,-,-,90,63,-,10,-,-,-,-,-,90,63,-,61,34,75,89,4,4,18,17,3,1,1,0,1,3,2,1,0,0,0,0,0,2,1,0.8,-0.05,1,-0.7,-0.1,4.06,0,1,-0.5,0.0,0,0,0,0,0,0,0,0.0,0,0,0,0,0,0,0,0,0,0,0,0,0,0,0,0,0,0,0,0,0,0.00,0,0,0,0,0,0.0,0.0,0.0,0.00,4,4,6,0,6,0,0,0,1.56,-0.2,1.027,0,0,34.2,0,0,5,5,1,0,2,1,1,0,0,0,0.0,-0.0
LF,Al Simmons,Al,Simmons,Shibuya Shredders - GH,5' 11',190 lbs,R,R,99,Philadelphia Athletics,OAK,1930,1921-1945,BBR,85942,Diamond,July Jewels - Baseball Reference 4  LF Al Simmons  PHA  1930,0,N,0,141,128,120,65,132,155,138,129,85,169,137,125,117,58,120,104,84,Normal,Normal,Normal,1,1,1,1,1,1,1,1,1,1,1,1,16,-,-,-,-,-,-,-,-,-,-,-,1,NEU,89-91,3/4,Normal,1,14,-,-,-,9,4,7,1,69,112,69,-,-,-,-,-,-,90,63,-,10,-,-,-,-,-,90,63,-,61,34,75,89,15,15,65,60,17,10,3,1,3,10,8,5,0,0,0,0,0,7,0,10.9,0.14,10,2.6,0.5,4.06,0,0,0.0,0.6,0,0,0,0,0,0,0,0.0,0,0,0,0,0,0,0,0,0,0,0,0,0,0,0,0,0,0,0,0,0,0.00,0,0,0,0,0,0.0,0.0,0.0,0.00,15,15,24,1,22,1,0,0,1.55,0.0,1.027,0,0,133.2,0,0,16,16,7,6,1,0,5,0,3,0,0.0,0.4
LF,Al Simmons,Al,Simmons,Gastonia Peaches,5' 11',190 lbs,R,R,99,Philadelphia Athletics,OAK,1930,1921-1945,BBR,85942,Diamond,July Jewels - Baseball Reference 4  LF Al Simmons  PHA  1930,0,N,0,141,128,120,65,132,155,138,129,85,169,137,125,117,58,120,104,84,Normal,Normal,Normal,1,1,1,1,1,1,1,1,1,1,1,1,16,-,-,-,-,-,-,-,-,-,-,-,1,NEU,89-91,3/4,Normal,1,14,-,-,-,9,4,7,1,69,112,69,-,-,-,-,-,-,90,63,-,10,-,-,-,-,-,90,63,-,61,34,75,89,7,7,34,31,8,5,1,1,1,2,4,3,0,0,0,0,0,7,1,4.3,-0.04,4,0.5,0.2,3.53,0,0,0.0,0.1,0,0,0,0,0,0,0,0.0,0,0,0,0,0,0,0,0,0,0,0,0,0,0,0,0,0,0,0,0,0,0.00,0,0,0,0,0,0.0,0.0,0.0,0.00,7,7,17,3,14,0,1,0,2.28,-0.3,1.027,0,0,67.0,0,0,11,11,3,1,3,2,2,0,7,0,0.0,0.7
LF,Al Simmons,Al,Simmons,Houston Swangas,5' 11',190 lbs,R,R,99,Philadelphia Athletics,OAK,1930,1921-1945,BBR,85942,Diamond,July Jewels - Baseball Reference 4  LF Al Simmons  PHA  1930,0,N,0,141,128,120,65,132,155,138,129,85,169,137,125,117,58,120,104,84,Normal,Normal,Normal,1,1,1,1,1,1,1,1,1,1,1,1,16,-,-,-,-,-,-,-,-,-,-,-,1,NEU,89-91,3/4,Normal,1,14,-,-,-,9,4,7,1,69,112,69,-,-,-,-,-,-,90,63,-,10,-,-,-,-,-,90,63,-,61,34,75,89,10,10,46,43,10,7,1,1,1,3,4,2,0,0,1,0,0,6,0,4.4,-0.03,3,-1.7,-0.1,3.20,0,0,0.0,0.4,0,0,0,0,0,0,0,0.0,0,0,0,0,0,0,0,0,0,0,0,0,0,0,0,0,0,0,0,0,0,0.00,0,0,0,0,0,0.0,0.0,0.0,0.00,11,10,24,2,22,0,0,0,2.48,-0.8,.980,0,0,87.0,0,0,18,17,5,2,3,2,4,1,3,0,0.0,0.5
LF,Al Simmons,Al,Simmons,Rajasthan Rifles Rifles,5' 11',190 lbs,R,R,99,Philadelphia Athletics,OAK,1930,1921-1945,BBR,85942,Diamond,July Jewels - Baseball Reference 4  LF Al Simmons  PHA  1930,0,N,0,141,128,120,65,132,155,138,129,85,169,137,125,117,58,120,104,84,Normal,Normal,Normal,1,1,1,1,1,1,1,1,1,1,1,1,16,-,-,-,-,-,-,-,-,-,-,-,1,NEU,89-91,3/4,Normal,1,14,-,-,-,9,4,7,1,69,112,69,-,-,-,-,-,-,90,63,-,10,-,-,-,-,-,90,63,-,61,34,75,89,5,5,22,22,5,3,0,1,1,3,1,0,0,0,0,0,0,5,1,1.8,-0.11,2,-0.6,-0.0,3.27,0,0,0.0,0.2,0,0,0,0,0,0,0,0.0,0,0,0,0,0,0,0,0,0,0,0,0,0,0,0,0,0,0,0,0,0,0.00,0,0,0,0,0,0.0,0.0,0.0,0.00,0,0,0,0,0,0,0,0,0.00,0.0,.000,0,0,0.0,0,0,0,0,0,0,0,0,0,0,0,0,0.0,0.0
LF,Al Simmons,Al,Simmons,Roaming Rascals BFF,5' 11',190 lbs,R,R,99,Philadelphia Athletics,OAK,1930,1921-1945,BBR,85942,Diamond,July Jewels - Baseball Reference 4  LF Al Simmons  PHA  1930,0,Y,5,152,138,130,71,142,167,149,139,92,182,148,135,126,64,130,104,84,Normal,Normal,Normal,1,1,1,1,1,1,1,1,1,1,1,1,16,-,-,-,-,-,-,-,-,-,-,-,1,NEU,89-91,3/4,Normal,1,14,-,-,-,9,4,7,1,69,112,69,-,-,-,-,-,-,97,68,-,12,-,-,-,-,-,97,68,-,61,34,75,89,17,17,76,68,21,10,4,2,5,8,15,6,0,0,2,0,0,12,0,16.7,0.17,15,6.0,0.8,3.64,1,0,0.2,0.0,0,0,0,0,0,0,0,0.0,0,0,0,0,0,0,0,0,0,0,0,0,0,0,0,0,0,0,0,0,0,0.00,0,0,0,0,0,0.0,0.0,0.0,0.00,17,17,36,3,33,0,0,0,2.17,-0.6,1.027,0,0,149.0,0,0,29,28,5,5,4,0,7,0,5,0,0.0,0.7
LF,Al Simmons,Al,Simmons,AW Bees - GH,5' 11',190 lbs,R,R,99,Philadelphia Athletics,OAK,1930,1921-1945,BBR,85942,Diamond,July Jewels - Baseball Reference 4  LF Al Simmons  PHA  1930,0,N,0,141,128,120,65,132,155,138,129,85,169,137,125,117,58,120,104,84,Normal,Normal,Normal,1,1,1,1,1,1,1,1,1,1,1,1,16,-,-,-,-,-,-,-,-,-,-,-,1,NEU,89-91,3/4,Normal,1,14,-,-,-,9,4,7,1,69,112,69,-,-,-,-,-,-,90,63,-,10,-,-,-,-,-,90,63,-,61,34,75,89,9,6,28,28,8,4,0,3,1,5,4,0,0,0,0,0,0,5,0,4.9,0.17,4,1.2,0.1,3.75,0,0,0.0,-0.0,0,0,0,0,0,0,0,0.0,0,0,0,0,0,0,0,0,0,0,0,0,0,0,0,0,0,0,0,0,0,0.00,0,0,0,0,0,0.0,0.0,0.0,0.00,2,2,7,0,7,0,0,0,3.50,-0.1,1.020,0,0,18.0,0,0,6,6,0,0,1,1,4,0,1,0,0.0,-0.2
LF,Al Simmons,Al,Simmons,Grand Rapids Warriors,5' 11',190 lbs,R,R,99,Philadelphia Athletics,OAK,1930,1921-1945,BBR,85942,Diamond,July Jewels - Baseball Reference 4  LF Al Simmons  PHA  1930,0,N,0,141,128,120,65,132,155,138,129,85,169,137,125,117,58,120,104,84,Normal,Normal,Normal,1,1,1,1,1,1,1,1,1,1,1,1,16,-,-,-,-,-,-,-,-,-,-,-,1,NEU,89-91,3/4,Normal,1,14,-,-,-,9,4,7,1,69,112,69,-,-,-,-,-,-,90,63,-,10,-,-,-,-,-,90,63,-,61,34,75,89,5,2,13,13,6,5,0,1,0,0,2,0,0,0,0,0,0,2,0,3.7,0.13,3,1.6,0.1,3.54,0,0,0.0,0.1,0,0,0,0,0,0,0,0.0,0,0,0,0,0,0,0,0,0,0,0,0,0,0,0,0,0,0,0,0,0,0.00,0,0,0,0,0,0.0,0.0,0.0,0.00,2,2,3,0,3,0,0,0,1.69,-0.8,.760,0,0,16.0,0,0,2,2,3,1,0,0,1,0,1,0,0.0,0.0
LF,Al Simmons,Al,Simmons,Oysters Incognito,5' 11',190 lbs,R,R,99,Philadelphia Athletics,OAK,1930,1921-1945,BBR,85942,Diamond,July Jewels - Baseball Reference 4  LF Al Simmons  PHA  1930,0,Y,5,152,138,130,71,142,167,149,139,92,182,148,135,126,64,130,104,84,Normal,Normal,Normal,1,1,1,1,1,1,1,1,1,1,1,1,16,-,-,-,-,-,-,-,-,-,-,-,1,NEU,89-91,3/4,Normal,1,14,-,-,-,9,4,7,1,69,112,69,-,-,-,-,-,-,97,68,-,12,-,-,-,-,-,97,68,-,61,34,75,89,4,4,17,14,4,2,1,0,1,1,2,2,0,1,0,0,0,2,1,3.1,0.11,3,1.5,0.1,3.53,0,0,0.0,-0.1,0,0,0,0,0,0,0,0.0,0,0,0,0,0,0,0,0,0,0,0,0,0,0,0,0,0,0,0,0,0,0.00,0,0,0,0,0,0.0,0.0,0.0,0.00,4,4,12,0,12,0,0,0,3.34,-1.1,.880,0,0,32.1,0,0,11,9,3,3,0,0,3,0,0,0,0.0,0.0
LF,Lonnie Smith,Lonnie,Smith,Brookline Bees,5' 9',170 lbs,R,R,98,Atlanta Braves,ATL,1989,1980-1992,,86721,Diamond,Studs & Duds - Snapshot  LF Lonnie Smith  ATL  1989,0,N,0,149,112,106,146,80,147,120,100,155,90,150,110,108,143,77,12,17,Line Drive,Spray,Spray,1,1,1,5,1,1,1,5,1,1,1,5,16,-,-,-,-,-,-,-,-,-,-,-,1,NEU,89-91,3/4,Normal,1,10,-,-,-,2,5,6,2,114,123,35,-,-,-,-,-,-,133,-,-,-,-,-,-,-,-,133,-,-,98,74,89,91,3,3,14,13,4,2,1,0,1,3,2,1,0,0,0,0,0,4,1,2.4,0.10,2,1.1,0.2,4.86,0,0,0.0,0.0,0,0,0,0,0,0,0,0.0,0,0,0,0,0,0,0,0,0,0,0,0,0,0,0,0,0,0,0,0,0,0.00,0,0,0,0,0,0.0,0.0,0.0,0.00,3,3,8,0,8,0,0,0,2.88,0.4,1.174,0,0,25.0,0,0,5,5,2,1,3,2,1,0,0,0,0.0,-0.2
LF,Lonnie Smith,Lonnie,Smith,Herky Hyenas,5' 9',170 lbs,R,R,98,Atlanta Braves,ATL,1989,1980-1992,,86721,Diamond,Studs & Duds - Snapshot  LF Lonnie Smith  ATL  1989,0,N,0,149,112,106,146,80,147,120,100,155,90,150,110,108,143,77,12,17,Line Drive,Spray,Spray,1,1,1,5,1,1,1,5,1,1,1,5,16,-,-,-,-,-,-,-,-,-,-,-,1,NEU,89-91,3/4,Normal,1,10,-,-,-,2,5,6,2,114,123,35,-,-,-,-,-,-,133,-,-,-,-,-,-,-,-,133,-,-,98,74,89,91,12,12,60,55,17,14,2,0,1,5,9,5,0,0,0,0,0,9,1,8.5,0.59,8,1.2,0.5,3.92,2,0,0.5,1.3,0,0,0,0,0,0,0,0.0,0,0,0,0,0,0,0,0,0,0,0,0,0,0,0,0,0,0,0,0,0,0.00,0,0,0,0,0,0.0,0.0,0.0,0.00,12,12,30,0,30,0,0,0,2.25,1.0,1.027,0,0,120.0,0,0,24,24,3,3,3,1,2,2,6,0,0.0,-0.5
LF,Lonnie Smith,Lonnie,Smith,Sixes Tornadoes,5' 9',170 lbs,R,R,98,Atlanta Braves,ATL,1989,1980-1992,,86721,Diamond,Studs & Duds - Snapshot  LF Lonnie Smith  ATL  1989,0,N,0,149,112,106,146,80,147,120,100,155,90,150,110,108,143,77,12,17,Line Drive,Spray,Spray,1,1,1,5,1,1,1,5,1,1,1,5,16,-,-,-,-,-,-,-,-,-,-,-,1,NEU,89-91,3/4,Normal,1,10,-,-,-,2,5,6,2,114,123,35,-,-,-,-,-,-,133,-,-,-,-,-,-,-,-,133,-,-,98,74,89,91,3,3,14,14,3,0,2,0,1,2,1,0,0,0,0,0,0,4,0,1.7,-0.11,1,0.1,0.0,4.79,0,0,0.0,0.0,0,0,0,0,0,0,0,0.0,0,0,0,0,0,0,0,0,0,0,0,0,0,0,0,0,0,0,0,0,0,0.00,0,0,0,0,0,0.0,0.0,0.0,0.00,3,3,9,1,8,0,0,0,3.00,-0.2,1.027,0,0,27.0,0,0,7,7,1,1,2,0,1,0,2,0,0.0,-0.1
LF,Lonnie Smith,Lonnie,Smith,Sydney Whalers,5' 9',170 lbs,R,R,98,Atlanta Braves,ATL,1989,1980-1992,,86721,Diamond,Studs & Duds - Snapshot  LF Lonnie Smith  ATL  1989,0,N,0,149,112,106,146,80,147,120,100,155,90,150,110,108,143,77,12,17,Line Drive,Spray,Spray,1,1,1,5,1,1,1,5,1,1,1,5,16,-,-,-,-,-,-,-,-,-,-,-,1,NEU,89-91,3/4,Normal,1,10,-,-,-,2,5,6,2,114,123,35,-,-,-,-,-,-,133,-,-,-,-,-,-,-,-,133,-,-,98,74,89,91,4,4,18,17,3,3,0,0,0,2,0,1,0,0,0,0,0,3,0,0.7,-0.20,0,-1.9,-0.1,3.56,0,0,0.0,0.1,0,0,0,0,0,0,0,0.0,0,0,0,0,0,0,0,0,0,0,0,0,0,0,0,0,0,0,0,0,0,0.00,0,0,0,0,0,0.0,0.0,0.0,0.00,4,4,9,0,9,0,0,0,2.19,0.2,1.027,0,0,37.0,0,0,8,8,1,1,0,0,0,0,2,0,0.0,-0.2
LF,Lonnie Smith,Lonnie,Smith,Chicago Seals,5' 9',170 lbs,R,R,98,Atlanta Braves,ATL,1989,1980-1992,,86721,Diamond,Studs & Duds - Snapshot  LF Lonnie Smith  ATL  1989,0,Y,5,160,121,115,157,87,158,130,108,167,98,161,119,117,154,84,12,17,Line Drive,Spray,Spray,1,1,1,7,1,1,1,7,1,1,1,7,16,-,-,-,-,-,-,-,-,-,-,-,1,NEU,89-91,3/4,Normal,1,10,-,-,-,2,5,6,2,114,123,35,-,-,-,-,-,-,142,-,-,-,-,-,-,-,-,142,-,-,98,74,89,91,8,8,35,33,10,8,1,1,0,5,1,1,0,1,0,0,0,8,0,4.6,0.06,4,0.2,0.1,3.89,0,0,0.0,-0.0,0,0,0,0,0,0,0,0.0,0,0,0,0,0,0,0,0,0,0,0,0,0,0,0,0,0,0,0,0,0,0.00,0,0,0,0,0,0.0,0.0,0.0,0.00,8,8,18,0,18,0,0,0,2.20,0.5,1.027,0,0,73.2,0,0,16,16,1,1,1,1,1,0,1,0,0.0,-0.7
LF,Daulton Varsho,Daulton,Varsho,Altoona Mountain Citys,5' 8',205 lbs,L,R,63,Arizona Diamondbacks,ARI,2021,2015+,,83393,Bronze,Unsung Heroes  CF Daulton Varsho  ARI  2021,0,N,0,71,112,72,75,81,104,88,71,72,91,58,122,73,77,78,38,7,Line Drive,Pull,Pull,1,1,1,5,1,1,2,5,1,1,1,5,17,-,-,-,-,-,-,-,-,-,-,-,1,NEU,95-97,3/4,Normal,1,17,54,49,64,9,5,9,7,79,92,71,-,49,-,-,-,-,97,75,91,13,49,-,-,-,-,97,75,91,98,57,108,71,3,3,10,9,3,3,0,0,0,0,1,1,0,0,0,0,0,3,0,1.3,0.04,1,0.2,0.1,4.30,0,0,0.0,0.0,0,0,0,0,0,0,0,0.0,0,0,0,0,0,0,0,0,0,0,0,0,0,0,0,0,0,0,0,0,0,0.00,0,0,0,0,0,0.0,0.0,0.0,0.00,3,3,10,0,10,0,0,0,3.38,0.6,1.027,0,0,26.2,0,0,7,7,0,0,3,2,1,0,2,1,0.0,-0.4
CF,Jackie Bradley Jr.,Jackie,Bradley Jr.,Altoona Mountain Citys,5' 10',195 lbs,L,R,69,Boston Red Sox,BOS,2018,2015+,,83762,Bronze,Snapshot  CF Jackie Bradley Jr.  BOS  2018,0,N,0,83,105,65,82,69,77,81,44,55,47,85,116,69,89,74,6,6,Normal,Ex. Pull,Pull,1,1,1,2,1,1,1,2,1,1,1,2,16,17,17,-,-,-,-,-,-,-,-,-,3,NEU,92-94,3/4,Normal,1,2,-,-,-,5,7,6,2,110,83,114,-,-,-,-,-,-,-,125,141,5,-,-,-,-,-,-,125,141,84,52,113,91,3,3,13,13,5,5,0,0,0,1,0,0,0,0,0,0,0,2,0,1.9,-0.01,1,0.3,0.0,3.85,0,0,0.0,0.0,0,0,0,0,0,0,0,0.0,0,0,0,0,0,0,0,0,0,0,0,0,0,0,0,0,0,0,0,0,0,0.00,0,0,0,0,0,0.0,0.0,0.0,0.00,3,3,9,0,9,0,0,0,3.04,-0.7,.912,0,0,26.2,0,0,5,5,4,2,3,1,4,1,0,0,0.0,0.2
CF,Pop Corkhill,Pop,Corkhill,Arcadia Wyverns,5' 10',180 lbs,L,R,71,Cincinnati Red Stockings,CIN,1887,2026,UTIL,86582,Silver,FLF 21 & Co. - Super Utility  CF Pop Corkhill  CN2  1887,0,N,0,93,75,75,41,220,82,63,66,32,216,97,80,78,45,221,103,106,Normal,Normal,Normal,39,63,6,50,36,62,6,44,41,64,6,54,53,-,-,62,-,-,-,-,-,-,-,-,2,NEU,87-89,3/4,Normal,9,60,-,-,-,52,62,49,32,114,119,103,104,-,66,43,41,29,147,133,145,104,-,66,43,41,29,147,133,145,74,70,87,67,1,,1,1,0,0,0,0,0,0,0,0,0,0,0,0,0,0,0,0.0,-0.01,0,-0.3,-0.0,3.00,0,0,0.0,0.0,0,0,0,0,0,0,0,0.0,0,0,0,0,0,0,0,0,0,0,0,0,0,0,0,0,0,0,0,0,0,0.00,0,0,0,0,0,0.0,0.0,0.0,0.00,2,0,0,0,0,0,0,0,0.00,0.0,.000,0,0,3.0,0,0,0,0,0,0,0,0,0,0,0,0,0.0,-0.0
CF,Pop Corkhill,Pop,Corkhill,Wilson Horns,5' 10',180 lbs,L,R,71,Cincinnati Red Stockings,CIN,1887,2026,UTIL,86582,Silver,FLF 21 & Co. - Super Utility  CF Pop Corkhill  CN2  1887,0,N,0,93,75,75,41,220,82,63,66,32,216,97,80,78,45,221,103,106,Normal,Normal,Normal,39,63,6,50,36,62,6,44,41,64,6,54,53,-,-,62,-,-,-,-,-,-,-,-,2,NEU,87-89,3/4,Normal,9,60,-,-,-,52,62,49,32,114,119,103,104,-,66,43,41,29,147,133,145,104,-,66,43,41,29,147,133,145,74,70,87,67,3,3,12,10,2,2,0,0,0,0,0,1,0,0,1,0,0,0,0,0.7,-0.07,0,-1.1,-0.1,3.58,0,0,0.0,-0.0,0,0,0,0,0,0,0,0.0,0,0,0,0,0,0,0,0,0,0,0,0,0,0,0,0,0,0,0,0,0,0.00,0,0,0,0,0,0.0,0.0,0.0,0.00,3,3,8,0,8,0,0,0,2.67,0.0,1.014,0,0,27.0,0,0,6,6,3,2,0,0,0,0,2,0,0.0,-0.1
CF,Andre Dawson,Andre,Dawson,Summerglen Seraphs TBD,6' 3',195 lbs,R,R,77,Montreal Expos,WSN,1977,1961-1979,,85223,Silver,Young & Old 1 - Hardware Heroes  CF Andre Dawson  MON  1977,0,Y,5,101,98,107,64,86,121,92,123,57,100,97,100,104,66,81,12,2,Normal,Normal,Normal,1,1,1,6,1,1,1,6,1,1,1,6,16,-,-,-,-,-,-,-,-,-,-,-,1,NEU,90-92,3/4,Normal,1,17,-,-,-,6,1,6,10,98,94,71,-,-,-,-,-,-,126,108,117,5,-,-,-,-,-,126,108,117,109,80,98,103,1,1,4,4,2,1,0,0,1,1,1,0,0,0,0,0,0,1,0,2.5,-0.01,1,1.4,0.1,4.25,0,0,0.0,0.0,0,0,0,0,0,0,0,0.0,0,0,0,0,0,0,0,0,0,0,0,0,0,0,0,0,0,0,0,0,0,0.00,0,0,0,0,0,0.0,0.0,0.0,0.00,1,1,4,0,4,0,0,0,4.50,0.0,1.027,0,0,8.0,0,0,4,4,0,0,0,0,1,0,0,0,0.0,0.0
CF,Ian Desmond,Ian,Desmond,Roaming Rascals BFF,6' 3',215 lbs,R,R,64,Texas Rangers,TEX,2016,2015+,LE,86213,Bronze,Limited Edition/86  CF Ian Desmond  TEX  2016,0,N,0,93,74,97,76,65,84,75,108,96,71,97,74,95,69,63,49,44,Normal,Normal,Normal,1,1,1,1,1,1,1,1,1,1,1,1,17,-,-,-,-,19,-,-,-,-,-,-,2,EX FB,97-99,OTT,Normal,1,11,-,-,-,70,36,83,77,98,41,90,-,-,-,-,-,54,110,98,-,109,-,-,-,-,54,110,98,-,82,59,81,90,1,,1,0,0,0,0,0,0,0,0,1,0,0,0,0,0,0,0,0.0,0.00,0,0.3,0.0,5.00,0,0,0.0,0.0,0,0,0,0,0,0,0,0.0,0,0,0,0,0,0,0,0,0,0,0,0,0,0,0,0,0,0,0,0,0,0.00,0,0,0,0,0,0.0,0.0,0.0,0.00,2,0,1,0,1,0,0,0,4.50,-0.0,1.014,0,0,2.0,0,0,1,1,0,0,0,0,0,0,1,0,0.0,0.0
CF,Jacoby Ellsbury,Jacoby,Ellsbury,Winnipeg Brew Jays - HotL,6' 1',195 lbs,L,L,98,Boston Red Sox,BOS,2011,2005-2014,,86726,Diamond,Studs & Duds - Historical All-Star  CF Jacoby Ellsbury  BOS  2011,0,N,0,128,111,115,88,116,90,145,75,78,135,143,100,133,91,110,52,37,Line Drive,Normal,Normal,1,1,1,1,1,1,1,1,1,1,1,1,16,-,-,-,-,-,-,-,-,-,-,-,1,NEU,90-92,3/4,Normal,1,15,-,-,-,1,4,2,10,115,123,46,-,-,-,-,-,-,136,123,-,-,-,-,-,-,-,136,123,-,119,94,100,111,8,8,36,32,9,3,4,1,1,3,5,4,0,0,0,0,0,7,0,6.9,0.08,6,2.2,0.2,3.42,0,0,0.0,-0.9,0,0,0,0,0,0,0,0.0,0,0,0,0,0,0,0,0,0,0,0,0,0,0,0,0,0,0,0,0,0,0.00,0,0,0,0,0,0.0,0.0,0.0,0.00,8,8,12,0,12,0,0,0,1.49,0.1,1.027,0,0,72.1,0,0,12,12,0,0,0,0,1,0,3,0,0.0,-0.3
CF,Jacoby Ellsbury,Jacoby,Ellsbury,Brookline Bees,6' 1',195 lbs,L,L,98,Boston Red Sox,BOS,2011,2005-2014,,86726,Diamond,Studs & Duds - Historical All-Star  CF Jacoby Ellsbury  BOS  2011,0,N,0,128,111,115,88,116,90,145,75,78,135,143,100,133,91,110,52,37,Line Drive,Normal,Normal,1,1,1,1,1,1,1,1,1,1,1,1,16,-,-,-,-,-,-,-,-,-,-,-,1,NEU,90-92,3/4,Normal,1,15,-,-,-,1,4,2,10,115,123,46,-,-,-,-,-,-,136,123,-,-,-,-,-,-,-,136,123,-,119,94,100,111,3,3,12,12,3,2,1,0,0,2,1,0,0,0,0,0,0,4,0,1.0,-0.04,0,-0.6,-0.0,4.67,0,0,0.0,0.0,0,0,0,0,0,0,0,0.0,0,0,0,0,0,0,0,0,0,0,0,0,0,0,0,0,0,0,0,0,0,0.00,0,0,0,0,0,0.0,0.0,0.0,0.00,3,3,7,0,7,0,0,0,2.52,0.0,1.014,0,0,25.0,0,0,5,5,1,1,2,0,2,1,0,0,0.0,0.1
CF,Jacoby Ellsbury,Jacoby,Ellsbury,Shartlesville ShihTzus - HotL,6' 1',195 lbs,L,L,98,Boston Red Sox,BOS,2011,2005-2014,,86726,Diamond,Studs & Duds - Historical All-Star  CF Jacoby Ellsbury  BOS  2011,0,Y,5,138,120,124,96,125,98,156,82,85,145,154,108,143,99,119,52,37,Line Drive,Normal,Normal,1,1,1,1,1,1,1,1,1,1,1,1,16,-,-,-,-,-,-,-,-,-,-,-,1,NEU,90-92,3/4,Normal,1,15,-,-,-,1,4,2,10,115,123,46,-,-,-,-,-,-,146,132,-,-,-,-,-,-,-,146,132,-,119,94,100,111,4,3,15,12,5,4,1,0,0,1,3,3,0,0,0,0,0,1,0,3.6,0.03,3,1.8,0.2,4.47,0,0,0.0,-0.1,0,0,0,0,0,0,0,0.0,0,0,0,0,0,0,0,0,0,0,0,0,0,0,0,0,0,0,0,0,0,0.00,0,0,0,0,0,0.0,0.0,0.0,0.00,4,3,4,0,4,0,0,0,1.20,0.1,1.027,0,0,30.0,0,0,3,2,0,0,2,2,0,0,0,0,0.0,-0.3
CF,Jacoby Ellsbury,Jacoby,Ellsbury,Kansas City Torrent - JW,6' 1',195 lbs,L,L,98,Boston Red Sox,BOS,2011,2005-2014,,86726,Diamond,Studs & Duds - Historical All-Star  CF Jacoby Ellsbury  BOS  2011,15 697,N,0,128,111,115,88,116,90,145,75,78,135,143,100,133,91,110,52,37,Line Drive,Normal,Normal,1,1,1,1,1,1,1,1,1,1,1,1,16,-,-,-,-,-,-,-,-,-,-,-,1,NEU,90-92,3/4,Normal,1,15,-,-,-,1,4,2,10,115,123,46,-,-,-,-,-,-,136,123,-,-,-,-,-,-,-,136,123,-,119,94,100,111,10,8,34,33,10,6,1,0,3,9,5,1,0,0,0,0,0,4,0,6.6,0.43,6,2.1,0.4,4.24,0,0,0.0,0.5,0,0,0,0,0,0,0,0.0,0,0,0,0,0,0,0,0,0,0,0,0,0,0,0,0,0,0,0,0,0,0.00,0,0,0,0,0,0.0,0.0,0.0,0.00,10,8,21,0,21,0,0,0,2.59,0.2,1.014,0,0,73.0,0,0,17,17,4,3,2,1,2,0,0,0,0.0,0.4
CF,Jacoby Ellsbury,Jacoby,Ellsbury,Svendborg Sailors,6' 1',195 lbs,L,L,98,Boston Red Sox,BOS,2011,2005-2014,,86726,Diamond,Studs & Duds - Historical All-Star  CF Jacoby Ellsbury  BOS  2011,0,N,0,128,111,115,88,116,90,145,75,78,135,143,100,133,91,110,52,37,Line Drive,Normal,Normal,1,1,1,1,1,1,1,1,1,1,1,1,16,-,-,-,-,-,-,-,-,-,-,-,1,NEU,90-92,3/4,Normal,1,15,-,-,-,1,4,2,10,115,123,46,-,-,-,-,-,-,136,123,-,-,-,-,-,-,-,136,123,-,119,94,100,111,3,3,13,13,5,5,0,0,0,0,3,0,0,0,0,0,0,5,0,2.1,-0.02,1,0.3,0.1,4.23,1,0,0.2,0.5,0,0,0,0,0,0,0,0.0,0,0,0,0,0,0,0,0,0,0,0,0,0,0,0,0,0,0,0,0,0,0.00,0,0,0,0,0,0.0,0.0,0.0,0.00,3,3,9,0,9,0,0,0,3.12,0.1,1.014,0,0,26.0,0,0,8,8,1,1,0,0,1,0,0,0,0.0,-0.1
CF,Jacoby Ellsbury,Jacoby,Ellsbury,Sydney Whalers,6' 1',195 lbs,L,L,98,Boston Red Sox,BOS,2011,2005-2014,,86726,Diamond,Studs & Duds - Historical All-Star  CF Jacoby Ellsbury  BOS  2011,0,N,0,128,111,115,88,116,90,145,75,78,135,143,100,133,91,110,52,37,Line Drive,Normal,Normal,1,1,1,1,1,1,1,1,1,1,1,1,16,-,-,-,-,-,-,-,-,-,-,-,1,NEU,90-92,3/4,Normal,1,15,-,-,-,1,4,2,10,115,123,46,-,-,-,-,-,-,136,123,-,-,-,-,-,-,-,136,123,-,119,94,100,111,4,4,18,18,6,3,1,0,2,2,2,0,0,0,0,0,0,4,0,4.3,0.12,4,1.9,0.3,3.83,0,0,0.0,0.0,0,0,0,0,0,0,0,0.0,0,0,0,0,0,0,0,0,0,0,0,0,0,0,0,0,0,0,0,0,0,0.00,0,0,0,0,0,0.0,0.0,0.0,0.00,4,4,16,0,16,0,0,0,3.89,0.3,1.014,0,0,37.0,0,0,12,12,4,3,1,1,2,0,1,0,0.0,-0.2
CF,Jacoby Ellsbury,Jacoby,Ellsbury,Shakedown 1977 Microbus TTC - GH,6' 1',195 lbs,L,L,98,Boston Red Sox,BOS,2011,2005-2014,,86726,Diamond,Studs & Duds - Historical All-Star  CF Jacoby Ellsbury  BOS  2011,0,N,0,128,111,115,88,116,90,145,75,78,135,143,100,133,91,110,52,37,Line Drive,Normal,Normal,1,1,1,1,1,1,1,1,1,1,1,1,16,-,-,-,-,-,-,-,-,-,-,-,1,NEU,90-92,3/4,Normal,1,15,-,-,-,1,4,2,10,115,123,46,-,-,-,-,-,-,136,123,-,-,-,-,-,-,-,136,123,-,119,94,100,111,13,13,47,44,18,12,3,1,2,6,9,2,0,0,1,0,0,4,0,13.4,0.35,11,5.4,0.7,3.34,3,0,0.7,0.4,0,0,0,0,0,0,0,0.0,0,0,0,0,0,0,0,0,0,0,0,0,0,0,0,0,0,0,0,0,0,0.00,0,0,0,0,0,0.0,0.0,0.0,0.00,13,13,34,1,33,0,0,0,2.72,-0.6,1.014,0,0,112.2,0,0,30,28,6,4,2,1,3,0,3,0,0.0,-0.3
CF,Curtis Granderson,Curtis,Granderson,Chicago Rat Finks - HotL,6' 1',200 lbs,L,R,87,New York Yankees,NYA,2011,2005-2014,BBR,86596,Gold,FLF 21 & Co. - Baseball Reference 7  CF Curtis Granderson  NYY  2011,0,N,0,91,98,145,160,78,97,84,158,94,74,89,104,141,184,80,75,83,Flyball,Ex. Pull,Pull,1,1,1,7,1,1,1,7,1,1,1,7,16,-,-,-,-,-,-,-,-,-,-,-,1,GB,90-92,OTT,GB'er,1,17,-,-,-,5,10,7,4,81,113,116,-,-,-,-,-,-,113,89,117,9,-,-,-,-,-,113,89,117,106,83,89,113,5,3,18,16,2,2,0,0,0,1,1,2,0,0,0,0,0,8,0,0.6,-0.53,0,-2.1,-0.2,4.00,0,0,0.0,0.0,0,0,0,0,0,0,0,0.0,0,0,0,0,0,0,0,0,0,0,0,0,0,0,0,0,0,0,0,0,0,0.00,0,0,0,0,0,0.0,0.0,0.0,0.00,4,3,11,2,8,1,1,0,2.93,-0.8,.908,0,0,30.2,0,0,7,7,2,0,2,1,0,0,1,0,0.0,0.2
CF,Curtis Granderson,Curtis,Granderson,Winnipeg Brew Jays - HotL,6' 1',200 lbs,L,R,87,New York Yankees,NYA,2011,2005-2014,BBR,86596,Gold,FLF 21 & Co. - Baseball Reference 7  CF Curtis Granderson  NYY  2011,0,Y,5,99,106,156,172,85,105,91,170,102,81,97,113,152,198,87,75,83,Flyball,Ex. Pull,Pull,1,1,1,9,1,1,1,9,1,1,1,9,16,-,-,-,-,-,-,-,-,-,-,-,1,GB,90-92,OTT,GB'er,1,17,-,-,-,5,10,7,4,81,113,116,-,-,-,-,-,-,121,95,126,10,-,-,-,-,-,121,95,126,106,83,89,113,9,4,26,23,7,5,0,0,2,2,5,3,1,0,0,0,0,5,1,4.7,0.07,4,1.4,0.2,3.88,0,0,0.0,0.2,0,0,0,0,0,0,0,0.0,0,0,0,0,0,0,0,0,0,0,0,0,0,0,0,0,0,0,0,0,0,0.00,0,0,0,0,0,0.0,0.0,0.0,0.00,8,4,11,0,11,0,0,0,2.14,-0.0,1.020,0,0,46.1,0,0,9,9,2,1,1,1,2,0,2,0,0.0,-0.3
CF,Curtis Granderson,Curtis,Granderson,Ogden Raptors - HotL,6' 1',200 lbs,L,R,87,New York Yankees,NYA,2011,2005-2014,BBR,86596,Gold,FLF 21 & Co. - Baseball Reference 7  CF Curtis Granderson  NYY  2011,0,N,0,91,98,145,160,78,97,84,158,94,74,89,104,141,184,80,75,83,Flyball,Ex. Pull,Pull,1,1,1,7,1,1,1,7,1,1,1,7,16,-,-,-,-,-,-,-,-,-,-,-,1,GB,90-92,OTT,GB'er,1,17,-,-,-,5,10,7,4,81,113,116,-,-,-,-,-,-,113,89,117,9,-,-,-,-,-,113,89,117,106,83,89,113,2,,3,3,1,1,0,0,0,0,0,0,0,0,0,0,0,1,0,0.3,-0.05,0,-0.1,0.0,4.67,0,0,0.0,0.0,0,0,0,0,0,0,0,0.0,0,0,0,0,0,0,0,0,0,0,0,0,0,0,0,0,0,0,0,0,0,0.00,0,0,0,0,0,0.0,0.0,0.0,0.00,2,0,0,0,0,0,0,0,0.00,0.0,.000,0,0,4.0,0,0,0,0,0,0,0,0,0,0,0,0,0.0,0.0
CF,Curtis Granderson,Curtis,Granderson,Shartlesville ShihTzus - HotL,6' 1',200 lbs,L,R,87,New York Yankees,NYA,2011,2005-2014,BBR,86596,Gold,FLF 21 & Co. - Baseball Reference 7  CF Curtis Granderson  NYY  2011,0,Y,5,99,106,156,172,85,105,91,170,102,81,97,113,152,198,87,75,83,Flyball,Ex. Pull,Pull,1,1,1,9,1,1,1,9,1,1,1,9,16,-,-,-,-,-,-,-,-,-,-,-,1,GB,90-92,OTT,GB'er,1,17,-,-,-,5,10,7,4,81,113,116,-,-,-,-,-,-,121,95,126,10,-,-,-,-,-,121,95,126,106,83,89,113,4,4,21,17,8,5,1,1,1,2,3,4,0,0,0,0,0,1,0,8.6,0.64,7,4.5,0.5,4.00,0,0,0.0,0.2,0,0,0,0,0,0,0,0.0,0,0,0,0,0,0,0,0,0,0,0,0,0,0,0,0,0,0,0,0,0,0.00,0,0,0,0,0,0.0,0.0,0.0,0.00,4,4,16,0,15,1,0,0,3.21,0.1,1.020,0,0,42.0,0,0,13,13,1,1,3,1,0,0,1,0,0.0,-0.0
CF,Curtis Granderson,Curtis,Granderson,Sydney Whalers,6' 1',200 lbs,L,R,87,New York Yankees,NYA,2011,2005-2014,BBR,86596,Gold,FLF 21 & Co. - Baseball Reference 7  CF Curtis Granderson  NYY  2011,0,N,0,91,98,145,160,78,97,84,158,94,74,89,104,141,184,80,75,83,Flyball,Ex. Pull,Pull,1,1,1,7,1,1,1,7,1,1,1,7,16,-,-,-,-,-,-,-,-,-,-,-,1,GB,90-92,OTT,GB'er,1,17,-,-,-,5,10,7,4,81,113,116,-,-,-,-,-,-,113,89,117,9,-,-,-,-,-,113,89,117,106,83,89,113,1,,1,1,0,0,0,0,0,0,0,0,0,0,0,0,0,0,0,0.0,-0.07,0,-0.3,-0.0,2.00,0,0,0.0,0.0,0,0,0,0,0,0,0,0.0,0,0,0,0,0,0,0,0,0,0,0,0,0,0,0,0,0,0,0,0,0,0.00,0,0,0,0,0,0.0,0.0,0.0,0.00,0,0,0,0,0,0,0,0,0.00,0.0,.000,0,0,0.0,0,0,0,0,0,0,0,0,0,0,0,0,0.0,0.0
CF,Curtis Granderson,Curtis,Granderson,Summerglen Seraphs TBD,6' 1',200 lbs,L,R,87,New York Yankees,NYA,2011,2005-2014,BBR,86596,Gold,FLF 21 & Co. - Baseball Reference 7  CF Curtis Granderson  NYY  2011,0,N,0,91,98,145,160,78,97,84,158,94,74,89,104,141,184,80,75,83,Flyball,Ex. Pull,Pull,1,1,1,7,1,1,1,7,1,1,1,7,16,-,-,-,-,-,-,-,-,-,-,-,1,GB,90-92,OTT,GB'er,1,17,-,-,-,5,10,7,4,81,113,116,-,-,-,-,-,-,113,89,117,9,-,-,-,-,-,113,89,117,106,83,89,113,3,,3,3,0,0,0,0,0,0,0,0,0,0,0,0,0,0,0,0.0,-0.12,0,-0.8,-0.1,5.33,0,0,0.0,0.0,0,0,0,0,0,0,0,0.0,0,0,0,0,0,0,0,0,0,0,0,0,0,0,0,0,0,0,0,0,0,0.00,0,0,0,0,0,0.0,0.0,0.0,0.00,2,0,1,0,1,0,0,0,3.38,0.0,1.020,0,0,2.2,0,0,1,1,0,0,0,0,0,0,0,0,0.0,0.0
CF,Curtis Granderson,Curtis,Granderson,Paso Robles Powerhouse,6' 1',200 lbs,L,R,87,New York Yankees,NYA,2011,2005-2014,BBR,86596,Gold,FLF 21 & Co. - Baseball Reference 7  CF Curtis Granderson  NYY  2011,0,N,0,91,98,145,160,78,97,84,158,94,74,89,104,141,184,80,75,83,Flyball,Ex. Pull,Pull,1,1,1,7,1,1,1,7,1,1,1,7,16,-,-,-,-,-,-,-,-,-,-,-,1,GB,90-92,OTT,GB'er,1,17,-,-,-,5,10,7,4,81,113,116,-,-,-,-,-,-,113,89,117,9,-,-,-,-,-,113,89,117,106,83,89,113,12,12,55,48,9,8,0,0,1,4,8,7,0,0,0,0,0,9,0,4.2,0.29,3,-2.8,-0.1,4.36,1,0,0.2,0.1,0,0,0,0,0,0,0,0.0,0,0,0,0,0,0,0,0,0,0,0,0,0,0,0,0,0,0,0,0,0,0.00,0,0,0,0,0,0.0,0.0,0.0,0.00,12,12,22,1,21,0,0,0,1.90,-0.5,1.130,0,0,104.0,0,0,19,19,2,0,8,1,2,1,6,0,0.0,0.7
CF,Curtis Granderson,Curtis,Granderson,Shakedown 1977 Microbus TTC - GH,6' 1',200 lbs,L,R,87,New York Yankees,NYA,2011,2005-2014,BBR,86596,Gold,FLF 21 & Co. - Baseball Reference 7  CF Curtis Granderson  NYY  2011,0,Y,5,99,106,156,172,85,105,91,170,102,81,97,113,152,198,87,75,83,Flyball,Ex. Pull,Pull,1,1,1,9,1,1,1,9,1,1,1,9,16,-,-,-,-,-,-,-,-,-,-,-,1,GB,90-92,OTT,GB'er,1,17,-,-,-,5,10,7,4,81,113,116,-,-,-,-,-,-,121,95,126,10,-,-,-,-,-,121,95,126,106,83,89,113,6,,7,7,2,1,0,0,1,1,1,0,0,0,0,0,0,1,0,1.4,0.08,1,0.6,0.1,4.29,0,0,0.0,0.0,0,0,0,0,0,0,0,0.0,0,0,0,0,0,0,0,0,0,0,0,0,0,0,0,0,0,0,0,0,0,0.00,0,0,0,0,0,0.0,0.0,0.0,0.00,4,0,3,0,3,0,0,0,2.31,0.1,1.027,0,0,11.2,0,0,2,2,1,1,0,0,0,0,0,0,0.0,-0.0
CF,Shoeless Joe Jackson,Shoeless Joe,Jackson,Grand Rapids Warriors,6' 1',200 lbs,L,R,88,Cleveland Guardians,CLE,1915,2026,BBR,86372,Gold,Trade Deadliners - Baseball Reference 6  LF Joe Jackson  CLE  1915,0,N,0,127,122,74,95,188,98,72,77,86,220,138,144,73,99,178,77,69,Groundball,Spray,Spray,1,1,1,2,1,1,1,2,1,1,1,2,16,-,-,-,-,-,-,-,-,-,-,-,1,NEU,89-91,3/4,Normal,1,12,-,-,-,64,34,56,46,76,67,70,-,-,73,-,-,-,88,66,83,99,-,73,-,-,-,88,66,83,81,72,67,84,5,5,22,20,6,4,1,0,1,3,3,2,0,0,0,0,0,2,0,3.8,0.02,3,1.0,0.1,3.68,0,0,0.0,0.1,0,0,0,0,0,0,0,0.0,0,0,0,0,0,0,0,0,0,0,0,0,0,0,0,0,0,0,0,0,0,0.00,0,0,0,0,0,0.0,0.0,0.0,0.00,5,5,11,0,11,0,0,0,2.30,-0.7,1.016,0,0,43.0,0,0,10,10,2,1,3,0,2,0,1,0,0.0,-0.3
CF,Andruw Jones,Andruw,Jones,Winnipeg Brew Jays - HotL,6' 1',200 lbs,R,R,99,Atlanta Braves,ATL,2000,1993-2004,,86326,Diamond,HOF Week - Hardware Heroes  CF Andruw Jones  ATL  2000,0,N,0,107,92,128,76,100,131,61,95,129,94,100,102,141,58,103,4,2,Normal,Spray,Spray,1,1,1,1,1,1,1,1,1,1,1,1,16,-,-,-,-,-,-,-,-,-,-,-,1,NEU,89-91,3/4,Normal,1,5,-,-,-,8,8,1,8,125,124,121,-,-,-,-,-,-,-,152,158,12,-,-,-,-,-,-,152,158,94,62,95,112,9,9,35,31,14,11,0,0,3,3,4,3,0,1,0,0,0,5,0,12.4,0.76,10,6.2,0.8,3.77,0,0,0.0,-0.4,0,0,0,0,0,0,0,0.0,0,0,0,0,0,0,0,0,0,0,0,0,0,0,0,0,0,0,0,0,0,0.00,0,0,0,0,0,0.0,0.0,0.0,0.00,9,9,31,2,29,0,0,0,3.72,0.1,1.058,0,0,75.0,0,0,23,21,8,7,0,0,6,1,4,0,0.0,1.0
CF,Andruw Jones,Andruw,Jones,Ogden Raptors - HotL,6' 1',200 lbs,R,R,99,Atlanta Braves,ATL,2000,1993-2004,,86326,Diamond,HOF Week - Hardware Heroes  CF Andruw Jones  ATL  2000,0,N,0,107,92,128,76,100,131,61,95,129,94,100,102,141,58,103,4,2,Normal,Spray,Spray,1,1,1,1,1,1,1,1,1,1,1,1,16,-,-,-,-,-,-,-,-,-,-,-,1,NEU,89-91,3/4,Normal,1,5,-,-,-,8,8,1,8,125,124,121,-,-,-,-,-,-,-,152,158,12,-,-,-,-,-,-,152,158,94,62,95,112,9,9,34,32,6,4,2,0,0,2,2,2,0,0,0,0,0,7,0,2.0,-0.06,1,-2.7,-0.1,3.76,0,0,0.0,0.1,0,0,0,0,0,0,0,0.0,0,0,0,0,0,0,0,0,0,0,0,0,0,0,0,0,0,0,0,0,0,0.00,0,0,0,0,0,0.0,0.0,0.0,0.00,9,9,24,1,23,0,0,0,2.73,0.0,1.014,0,0,79.0,0,0,19,19,4,3,3,0,2,1,1,0,0.0,0.4
CF,Andruw Jones,Andruw,Jones,Winnipeg Golden Knights,6' 1',200 lbs,R,R,99,Atlanta Braves,ATL,2000,1993-2004,,86326,Diamond,HOF Week - Hardware Heroes  CF Andruw Jones  ATL  2000,0,N,0,107,92,128,76,100,131,61,95,129,94,100,102,141,58,103,4,2,Normal,Spray,Spray,1,1,1,1,1,1,1,1,1,1,1,1,16,-,-,-,-,-,-,-,-,-,-,-,1,NEU,89-91,3/4,Normal,1,5,-,-,-,8,8,1,8,125,124,121,-,-,-,-,-,-,-,152,158,12,-,-,-,-,-,-,152,158,94,62,95,112,11,11,46,41,12,11,0,0,1,7,9,4,0,1,0,0,0,9,1,5.5,0.74,6,0.6,0.3,4.26,1,1,-0.3,0.2,0,0,0,0,0,0,0,0.0,0,0,0,0,0,0,0,0,0,0,0,0,0,0,0,0,0,0,0,0,0,0.00,0,0,0,0,0,0.0,0.0,0.0,0.00,11,11,33,0,33,0,0,0,3.16,0.9,1.046,0,0,94.0,0,0,23,23,10,7,3,1,4,2,3,0,0.0,-0.3
CF,Andruw Jones,Andruw,Jones,Everett Aqua Sox,6' 1',200 lbs,R,R,99,Atlanta Braves,ATL,2000,1993-2004,,86326,Diamond,HOF Week - Hardware Heroes  CF Andruw Jones  ATL  2000,0,N,0,107,92,128,76,100,131,61,95,129,94,100,102,141,58,103,4,2,Normal,Spray,Spray,1,1,1,1,1,1,1,1,1,1,1,1,16,-,-,-,-,-,-,-,-,-,-,-,1,NEU,89-91,3/4,Normal,1,5,-,-,-,8,8,1,8,125,124,121,-,-,-,-,-,-,-,152,158,12,-,-,-,-,-,-,152,158,94,62,95,112,7,7,27,24,6,4,1,0,1,3,3,2,0,1,0,0,0,3,0,3.6,0.04,3,0.3,0.2,4.07,0,0,0.0,0.3,0,0,0,0,0,0,0,0.0,0,0,0,0,0,0,0,0,0,0,0,0,0,0,0,0,0,0,0,0,0,0.00,0,0,0,0,0,0.0,0.0,0.0,0.00,7,7,11,0,11,0,0,0,1.62,0.2,1.020,0,0,61.0,0,0,9,9,2,2,0,0,1,0,1,0,0.0,0.5
CF,Andruw Jones,Andruw,Jones,Camjaveratyn O-Forge,6' 1',200 lbs,R,R,99,Atlanta Braves,ATL,2000,1993-2004,,86326,Diamond,HOF Week - Hardware Heroes  CF Andruw Jones  ATL  2000,0,N,0,107,92,128,76,100,131,61,95,129,94,100,102,141,58,103,4,2,Normal,Spray,Spray,1,1,1,1,1,1,1,1,1,1,1,1,16,-,-,-,-,-,-,-,-,-,-,-,1,NEU,89-91,3/4,Normal,1,5,-,-,-,8,8,1,8,125,124,121,-,-,-,-,-,-,-,152,158,12,-,-,-,-,-,-,152,158,94,62,95,112,7,6,31,30,4,4,0,0,0,2,1,1,0,0,0,0,0,4,0,0.7,-0.33,0,-4.6,-0.3,3.74,0,0,0.0,0.0,0,0,0,0,0,0,0,0.0,0,0,0,0,0,0,0,0,0,0,0,0,0,0,0,0,0,0,0,0,0,0.00,0,0,0,0,0,0.0,0.0,0.0,0.00,6,6,16,1,15,0,0,0,2.77,0.3,1.014,0,0,52.0,0,0,9,9,7,6,0,0,2,0,4,0,0.0,-0.0
CF,Andruw Jones,Andruw,Jones,Chicago Gamblers - E6,6' 1',200 lbs,R,R,99,Atlanta Braves,ATL,2000,1993-2004,,86326,Diamond,HOF Week - Hardware Heroes  CF Andruw Jones  ATL  2000,0,Y,5,116,100,138,83,108,141,67,103,139,102,108,110,152,64,111,4,2,Normal,Spray,Spray,1,1,1,1,1,1,1,1,1,1,1,1,16,-,-,-,-,-,-,-,-,-,-,-,1,NEU,89-91,3/4,Normal,1,5,-,-,-,8,8,1,8,125,124,121,-,-,-,-,-,-,-,162,169,13,-,-,-,-,-,-,162,169,94,62,95,112,22,20,94,93,24,16,4,0,4,15,9,0,0,0,0,1,0,16,0,10.5,0.01,9,-2.0,0.5,3.50,1,0,0.2,0.1,0,0,0,0,0,0,0,0.0,0,0,0,0,0,0,0,0,0,0,0,0,0,0,0,0,0,0,0,0,0,0.00,0,0,0,0,0,0.0,0.0,0.0,0.00,22,20,69,2,67,0,1,0,3.05,3.3,1.061,0,0,203.1,0,0,46,46,7,7,18,11,9,3,11,0,0.0,-0.1
CF,Andruw Jones,Andruw,Jones,seebal Saeki,6' 1',200 lbs,R,R,99,Atlanta Braves,ATL,2000,1993-2004,,86326,Diamond,HOF Week - Hardware Heroes  CF Andruw Jones  ATL  2000,0,N,0,107,92,128,76,100,131,61,95,129,94,100,102,141,58,103,4,2,Normal,Spray,Spray,1,1,1,1,1,1,1,1,1,1,1,1,16,-,-,-,-,-,-,-,-,-,-,-,1,NEU,89-91,3/4,Normal,1,5,-,-,-,8,8,1,8,125,124,121,-,-,-,-,-,-,-,152,158,12,-,-,-,-,-,-,152,158,94,62,95,112,5,5,20,18,1,0,1,0,0,2,1,1,0,0,0,1,0,2,2,0.0,-0.36,-1,-3.6,-0.2,3.35,0,0,0.0,0.1,0,0,0,0,0,0,0,0.0,0,0,0,0,0,0,0,0,0,0,0,0,0,0,0,0,0,0,0,0,0,0.00,0,0,0,0,0,0.0,0.0,0.0,0.00,5,5,19,0,19,0,0,0,3.98,0.5,1.014,0,0,43.0,0,0,16,16,1,0,3,2,0,0,2,1,0.0,0.4
CF,Andruw Jones,Andruw,Jones,Freedom Grabbers - HotL,6' 1',200 lbs,R,R,99,Atlanta Braves,ATL,2000,1993-2004,,86326,Diamond,HOF Week - Hardware Heroes  CF Andruw Jones  ATL  2000,0,Y,5,116,100,138,83,108,141,67,103,139,102,108,110,152,64,111,4,2,Normal,Spray,Spray,1,1,1,1,1,1,1,1,1,1,1,1,16,-,-,-,-,-,-,-,-,-,-,-,1,NEU,89-91,3/4,Normal,1,5,-,-,-,8,8,1,8,125,124,121,-,-,-,-,-,-,-,162,169,13,-,-,-,-,-,-,162,169,94,62,95,112,17,16,66,63,13,10,1,0,2,5,10,3,0,0,0,0,0,8,0,4.7,-0.21,4,-3.8,-0.1,4.23,0,1,-0.5,1.1,0,0,0,0,0,0,0,0.0,0,0,0,0,0,0,0,0,0,0,0,0,0,0,0,0,0,0,0,0,0,0.00,0,0,0,0,0,0.0,0.0,0.0,0.00,16,16,40,1,38,1,0,0,2.49,-0.2,1.014,0,0,141.0,0,0,33,31,7,5,1,1,6,0,6,1,0.0,0.2
CF,Andruw Jones,Andruw,Jones,Looking Glass Loopers TBD,6' 1',200 lbs,R,R,99,Atlanta Braves,ATL,2000,1993-2004,,86326,Diamond,HOF Week - Hardware Heroes  CF Andruw Jones  ATL  2000,0,N,0,107,92,128,76,100,131,61,95,129,94,100,102,141,58,103,4,2,Normal,Spray,Spray,1,1,1,1,1,1,1,1,1,1,1,1,16,-,-,-,-,-,-,-,-,-,-,-,1,NEU,89-91,3/4,Normal,1,5,-,-,-,8,8,1,8,125,124,121,-,-,-,-,-,-,-,152,158,12,-,-,-,-,-,-,152,158,94,62,95,112,2,,2,0,0,0,0,0,0,0,0,2,0,0,0,0,0,0,0,0.0,0.12,0,0.6,0.1,6.50,0,0,0.0,-0.0,0,0,0,0,0,0,0,0.0,0,0,0,0,0,0,0,0,0,0,0,0,0,0,0,0,0,0,0,0,0,0.00,0,0,0,0,0,0.0,0.0,0.0,0.00,0,0,0,0,0,0,0,0,0.00,0.0,.000,0,0,0.0,0,0,0,0,0,0,0,0,0,0,0,0,0.0,0.0
CF,Andruw Jones,Andruw,Jones,Shartlesville ShihTzus - HotL,6' 1',200 lbs,R,R,99,Atlanta Braves,ATL,2000,1993-2004,,86326,Diamond,HOF Week - Hardware Heroes  CF Andruw Jones  ATL  2000,0,Y,5,116,100,138,83,108,141,67,103,139,102,108,110,152,64,111,4,2,Normal,Spray,Spray,1,1,1,1,1,1,1,1,1,1,1,1,16,-,-,-,-,-,-,-,-,-,-,-,1,NEU,89-91,3/4,Normal,1,5,-,-,-,8,8,1,8,125,124,121,-,-,-,-,-,-,-,162,169,13,-,-,-,-,-,-,162,169,94,62,95,112,4,4,18,15,3,0,2,0,1,4,1,1,0,0,0,2,0,6,0,2.1,-0.20,1,-0.4,-0.0,4.33,0,0,0.0,0.0,0,0,0,0,0,0,0,0.0,0,0,0,0,0,0,0,0,0,0,0,0,0,0,0,0,0,0,0,0,0,0.00,0,0,0,0,0,0.0,0.0,0.0,0.00,4,4,16,0,16,0,0,0,3.69,-0.4,1.014,0,0,39.0,0,0,13,13,6,3,1,0,0,0,1,0,0.0,-0.1
CF,Andruw Jones,Andruw,Jones,Normal Night Owls - HotL,6' 1',200 lbs,R,R,99,Atlanta Braves,ATL,2000,1993-2004,,86326,Diamond,HOF Week - Hardware Heroes  CF Andruw Jones  ATL  2000,0,N,0,107,92,128,76,100,131,61,95,129,94,100,102,141,58,103,4,2,Normal,Spray,Spray,1,1,1,1,1,1,1,1,1,1,1,1,16,-,-,-,-,-,-,-,-,-,-,-,1,NEU,89-91,3/4,Normal,1,5,-,-,-,8,8,1,8,125,124,121,-,-,-,-,-,-,-,152,158,12,-,-,-,-,-,-,152,158,94,62,95,112,4,4,20,19,2,2,0,0,0,1,0,1,0,0,0,0,0,3,1,0.2,-0.44,0,-3.2,-0.2,3.20,0,0,0.0,0.0,0,0,0,0,0,0,0,0.0,0,0,0,0,0,0,0,0,0,0,0,0,0,0,0,0,0,0,0,0,0,0.00,0,0,0,0,0,0.0,0.0,0.0,0.00,4,4,13,1,12,0,0,0,2.76,0.2,1.014,0,0,42.1,0,0,6,6,6,5,2,1,2,0,3,0,0.0,0.1
CF,Andruw Jones,Andruw,Jones,False Hustle,6' 1',200 lbs,R,R,99,Atlanta Braves,ATL,2000,1993-2004,,86326,Diamond,HOF Week - Hardware Heroes  CF Andruw Jones  ATL  2000,0,Y,5,116,100,138,83,108,141,67,103,139,102,108,110,152,64,111,4,2,Normal,Spray,Spray,1,1,1,1,1,1,1,1,1,1,1,1,16,-,-,-,-,-,-,-,-,-,-,-,1,NEU,89-91,3/4,Normal,1,5,-,-,-,8,8,1,8,125,124,121,-,-,-,-,-,-,-,162,169,13,-,-,-,-,-,-,162,169,94,62,95,112,3,3,11,11,3,1,1,0,1,3,1,0,0,0,0,0,0,4,1,1.3,0.07,1,0.6,0.1,3.55,0,0,0.0,0.0,0,0,0,0,0,0,0,0.0,0,0,0,0,0,0,0,0,0,0,0,0,0,0,0,0,0,0,0,0,0,0.00,0,0,0,0,0,0.0,0.0,0.0,0.00,3,3,7,0,7,0,0,0,2.52,0.1,1.183,0,0,25.0,0,0,5,5,3,2,1,0,1,0,0,0,0.0,-0.1
CF,Andruw Jones,Andruw,Jones,Cibao Aguilas,6' 1',200 lbs,R,R,99,Atlanta Braves,ATL,2000,1993-2004,,86326,Diamond,HOF Week - Hardware Heroes  CF Andruw Jones  ATL  2000,0,N,0,107,92,128,76,100,131,61,95,129,94,100,102,141,58,103,4,2,Normal,Spray,Spray,1,1,1,1,1,1,1,1,1,1,1,1,16,-,-,-,-,-,-,-,-,-,-,-,1,NEU,89-91,3/4,Normal,1,5,-,-,-,8,8,1,8,125,124,121,-,-,-,-,-,-,-,152,158,12,-,-,-,-,-,-,152,158,94,62,95,112,7,7,28,26,9,5,2,0,2,6,7,2,0,0,0,0,0,5,1,6.4,0.66,6,2.9,0.3,3.64,1,0,0.2,-0.2,0,0,0,0,0,0,0,0.0,0,0,0,0,0,0,0,0,0,0,0,0,0,0,0,0,0,0,0,0,0,0.00,0,0,0,0,0,0.0,0.0,0.0,0.00,7,7,14,0,14,0,0,0,2.01,-0.0,1.020,0,0,62.2,0,0,13,13,2,1,0,0,1,0,0,0,0.0,-0.0
CF,Andruw Jones,Andruw,Jones,NoseKerim Astea Kerim,6' 1',200 lbs,R,R,99,Atlanta Braves,ATL,2000,1993-2004,,86326,Diamond,HOF Week - Hardware Heroes  CF Andruw Jones  ATL  2000,0,N,0,107,92,128,76,100,131,61,95,129,94,100,102,141,58,103,4,2,Normal,Spray,Spray,1,1,1,1,1,1,1,1,1,1,1,1,16,-,-,-,-,-,-,-,-,-,-,-,1,NEU,89-91,3/4,Normal,1,5,-,-,-,8,8,1,8,125,124,121,-,-,-,-,-,-,-,152,158,12,-,-,-,-,-,-,152,158,94,62,95,112,22,22,94,89,29,19,6,0,4,10,13,5,0,0,0,0,0,21,1,17.3,-0.04,16,5.1,0.8,3.85,2,0,0.4,-0.6,0,0,0,0,0,0,0,0.0,0,0,0,0,0,0,0,0,0,0,0,0,0,0,0,0,0,0,0,0,0,0.00,0,0,0,0,0,0.0,0.0,0.0,0.00,22,22,69,2,67,0,0,0,3.15,-0.3,1.045,0,0,197.1,0,0,56,56,15,9,8,2,6,0,9,0,0.0,0.3
CF,Andruw Jones,Andruw,Jones,Houston Swangas,6' 1',200 lbs,R,R,79,Atlanta Braves,ATL,1998,1993-2004,CS,83826,Silver,Clubhouse - HOF Inductees  CF Andruw Jones  ATL  1998,0,N,0,90,93,87,117,87,92,90,84,130,77,90,95,88,113,90,37,32,Normal,Spray,Spray,1,1,1,3,1,1,1,3,1,1,2,3,16,-,-,-,-,-,-,-,-,-,-,-,1,NEU,90-92,3/4,Normal,1,15,-,-,-,5,10,2,4,120,67,122,-,-,-,-,-,-,-,139,151,7,-,-,-,-,-,-,139,151,106,80,98,117,5,,1,1,0,0,0,0,0,0,0,0,0,0,0,0,0,1,0,0.0,-0.05,0,-0.3,-0.0,4.00,0,0,0.0,0.0,0,0,0,0,0,0,0,0.0,0,0,0,0,0,0,0,0,0,0,0,0,0,0,0,0,0,0,0,0,0,0.00,0,0,0,0,0,0.0,0.0,0.0,0.00,6,0,2,0,2,0,0,0,1.80,0.1,1.017,0,0,10.0,0,0,1,1,1,1,0,0,0,0,1,0,0.0,0.0
CF,Andruw Jones,Andruw,Jones,Lowlyworm's Apple Car,6' 1',200 lbs,R,R,99,Atlanta Braves,ATL,2000,1993-2004,,86326,Diamond,HOF Week - Hardware Heroes  CF Andruw Jones  ATL  2000,0,N,0,107,92,128,76,100,131,61,95,129,94,100,102,141,58,103,4,2,Normal,Spray,Spray,1,1,1,1,1,1,1,1,1,1,1,1,16,-,-,-,-,-,-,-,-,-,-,-,1,NEU,89-91,3/4,Normal,1,5,-,-,-,8,8,1,8,125,124,121,-,-,-,-,-,-,-,152,158,12,-,-,-,-,-,-,152,158,94,62,95,112,8,6,26,23,7,7,0,0,0,1,3,1,0,2,0,0,0,5,1,2.9,-0.02,3,0.1,0.3,3.65,1,0,0.2,0.2,0,0,0,0,0,0,0,0.0,0,0,0,0,0,0,0,0,0,0,0,0,0,0,0,0,0,0,0,0,0,0.00,0,0,0,0,0,0.0,0.0,0.0,0.00,8,6,26,0,26,0,0,0,4.25,1.5,1.098,0,0,55.0,0,0,21,21,3,2,2,2,2,1,1,0,0.0,-0.1
CF,Andruw Jones,Andruw,Jones,Oysters Incognito,6' 1',200 lbs,R,R,99,Atlanta Braves,ATL,2000,1993-2004,,86326,Diamond,HOF Week - Hardware Heroes  CF Andruw Jones  ATL  2000,0,Y,5,116,100,138,83,108,141,67,103,139,102,108,110,152,64,111,4,2,Normal,Spray,Spray,1,1,1,1,1,1,1,1,1,1,1,1,16,-,-,-,-,-,-,-,-,-,-,-,1,NEU,89-91,3/4,Normal,1,5,-,-,-,8,8,1,8,125,124,121,-,-,-,-,-,-,-,162,169,13,-,-,-,-,-,-,162,169,94,62,95,112,4,4,18,18,5,4,1,0,0,1,3,0,0,0,0,0,0,5,0,1.7,-0.05,1,-0.7,-0.0,4.06,0,0,0.0,-0.0,0,0,0,0,0,0,0,0.0,0,0,0,0,0,0,0,0,0,0,0,0,0,0,0,0,0,0,0,0,0,0.00,0,0,0,0,0,0.0,0.0,0.0,0.00,4,4,8,1,7,0,0,0,2.10,-0.4,1.014,0,0,34.1,0,0,6,6,1,1,2,0,2,0,3,0,0.0,0.0
CF,Al Kaline,Al,Kaline,Chicago Rat Finks - HotL,6' 2',180 lbs,R,R,99,Detroit Tigers,DET,1961,1961-1979,HOF,85520,Diamond,60s Theme Week - Hall of Fame  RF Al Kaline  DET  1961,0,N,0,112,131,78,77,138,141,152,69,72,162,103,124,81,79,130,59,53,Groundball,Spray,Spray,1,1,1,5,1,1,1,5,1,1,1,5,16,-,-,-,-,-,-,-,-,-,-,-,1,NEU,89-91,3/4,Normal,1,15,-,-,-,61,58,61,53,113,99,63,-,-,-,-,53,-,133,122,122,111,-,-,-,53,-,133,122,122,112,58,116,113,3,3,12,11,2,2,0,0,0,0,1,0,0,0,1,0,0,3,0,0.4,-0.10,0,-1.7,-0.1,3.00,0,0,0.0,0.0,0,0,0,0,0,0,0,0.0,0,0,0,0,0,0,0,0,0,0,0,0,0,0,0,0,0,0,0,0,0,0.00,0,0,0,0,0,0.0,0.0,0.0,0.00,3,3,7,0,7,0,0,0,2.20,0.0,1.015,0,0,28.2,0,0,5,4,1,1,3,2,0,0,0,0,0.0,-0.1
CF,Al Kaline,Al,Kaline,Everett Aqua Sox,6' 2',180 lbs,R,R,99,Detroit Tigers,DET,1961,1961-1979,HOF,85520,Diamond,60s Theme Week - Hall of Fame  RF Al Kaline  DET  1961,0,N,0,112,131,78,77,138,141,152,69,72,162,103,124,81,79,130,59,53,Groundball,Spray,Spray,1,1,1,5,1,1,1,5,1,1,1,5,16,-,-,-,-,-,-,-,-,-,-,-,1,NEU,89-91,3/4,Normal,1,15,-,-,-,61,58,61,53,113,99,63,-,-,-,-,53,-,133,122,122,111,-,-,-,53,-,133,122,122,112,58,116,113,7,7,29,24,2,1,1,0,0,3,4,4,0,0,0,1,0,4,1,0.8,-0.13,0,-3.5,-0.3,4.86,0,0,0.0,0.3,0,0,0,0,0,0,0,0.0,0,0,0,0,0,0,0,0,0,0,0,0,0,0,0,0,0,0,0,0,0,0.00,0,0,0,0,0,0.0,0.0,0.0,0.00,7,7,21,0,20,1,0,0,3.21,0.5,1.026,0,0,56.0,0,0,14,14,6,5,2,1,0,0,1,0,0.0,-0.6
CF,Al Kaline,Al,Kaline,Genericsville Generics,6' 2',180 lbs,R,R,99,Detroit Tigers,DET,1961,1961-1979,HOF,85520,Diamond,60s Theme Week - Hall of Fame  RF Al Kaline  DET  1961,0,N,0,112,131,78,77,138,141,152,69,72,162,103,124,81,79,130,59,53,Groundball,Spray,Spray,1,1,1,5,1,1,1,5,1,1,1,5,16,-,-,-,-,-,-,-,-,-,-,-,1,NEU,89-91,3/4,Normal,1,15,-,-,-,61,58,61,53,113,99,63,-,-,-,-,53,-,133,122,122,111,-,-,-,53,-,133,122,122,112,58,116,113,7,7,31,28,6,4,1,0,1,3,5,1,0,1,1,0,0,4,1,2.7,0.44,2,-1.3,0.1,4.13,2,0,0.5,0.3,0,0,0,0,0,0,0,0.0,0,0,0,0,0,0,0,0,0,0,0,0,0,0,0,0,0,0,0,0,0,0.00,0,0,0,0,0,0.0,0.0,0.0,0.00,7,7,13,2,11,0,0,0,1.87,-0.2,1.014,0,0,62.2,0,0,8,7,5,4,0,0,1,0,5,0,0.0,0.3
CF,Kenny Lofton,Kenny,Lofton,Watertown Sword Guys TBD,6' 0',180 lbs,L,L,89,Atlanta Braves,ATL,1997,1993-2004,,85340,Gold,T4 Ep. 5 - Historical All-Star  CF Kenny Lofton  ATL  1997,0,Y,5,169,85,47,110,117,159,90,42,66,119,172,84,49,132,117,57,80,Groundball,Spray,Spray,1,1,1,6,1,1,1,6,1,1,1,6,16,-,-,-,-,-,-,-,-,-,-,-,1,NEU,89-91,3/4,Normal,1,20,-,-,-,4,6,2,2,117,96,57,-,-,-,-,-,-,-,135,-,-,-,-,-,-,-,-,135,-,122,85,89,119,6,5,19,18,2,1,1,0,0,0,1,0,0,0,1,0,0,6,0,0.4,-0.48,0,-3.2,-0.3,4.26,1,0,0.2,-0.9,0,0,0,0,0,0,0,0.0,0,0,0,0,0,0,0,0,0,0,0,0,0,0,0,0,0,0,0,0,0,0.00,0,0,0,0,0,0.0,0.0,0.0,0.00,6,5,13,1,12,0,0,0,2.72,0.3,1.014,0,0,43.0,0,0,8,8,3,1,2,2,1,1,4,0,0.0,-0.0
CF,Kenny Lofton,Kenny,Lofton,Dry Creek Craw Daddies,6' 0',180 lbs,L,L,89,Atlanta Braves,ATL,1997,1993-2004,,85340,Gold,T4 Ep. 5 - Historical All-Star  CF Kenny Lofton  ATL  1997,0,N,0,157,78,42,102,108,148,83,38,60,110,160,77,44,122,108,57,80,Groundball,Spray,Spray,1,1,1,4,1,1,1,4,1,1,1,4,16,-,-,-,-,-,-,-,-,-,-,-,1,NEU,89-91,3/4,Normal,1,20,-,-,-,4,6,2,2,117,96,57,-,-,-,-,-,-,-,126,-,-,-,-,-,-,-,-,126,-,122,85,89,119,3,3,15,13,1,1,0,0,0,1,2,2,0,0,0,0,0,6,0,0.3,-0.46,0,-2.0,-0.2,4.40,0,0,0.0,0.0,0,0,0,0,0,0,0,0.0,0,0,0,0,0,0,0,0,0,0,0,0,0,0,0,0,0,0,0,0,0,0.00,0,0,0,0,0,0.0,0.0,0.0,0.00,3,3,8,0,7,1,0,0,2.01,-0.1,1.014,0,0,31.1,0,0,7,7,0,0,1,0,0,0,3,0,0.0,-0.3
CF,Kenny Lofton,Kenny,Lofton,Waltham River Otters,6' 0',180 lbs,L,L,89,Atlanta Braves,ATL,1997,1993-2004,,85340,Gold,T4 Ep. 5 - Historical All-Star  CF Kenny Lofton  ATL  1997,0,N,0,157,78,42,102,108,148,83,38,60,110,160,77,44,122,108,57,80,Groundball,Spray,Spray,1,1,1,4,1,1,1,4,1,1,1,4,16,-,-,-,-,-,-,-,-,-,-,-,1,NEU,89-91,3/4,Normal,1,20,-,-,-,4,6,2,2,117,96,57,-,-,-,-,-,-,-,126,-,-,-,-,-,-,-,-,126,-,122,85,89,119,15,15,64,60,18,13,5,0,0,5,6,3,0,0,0,1,0,9,1,7.4,-0.30,7,-0.3,0.4,3.52,1,1,-0.3,0.4,0,0,0,0,0,0,0,0.0,0,0,0,0,0,0,0,0,0,0,0,0,0,0,0,0,0,0,0,0,0,0.00,0,0,0,0,0,0.0,0.0,0.0,0.00,15,15,55,0,55,0,0,0,3.69,2.1,1.052,0,0,134.0,0,0,45,44,8,8,4,1,2,1,2,1,0.0,-0.1
CF,Kenny Lofton,Kenny,Lofton,Orlando Heatstrokes,6' 0',180 lbs,L,L,89,Atlanta Braves,ATL,1997,1993-2004,,85340,Gold,T4 Ep. 5 - Historical All-Star  CF Kenny Lofton  ATL  1997,0,N,0,157,78,42,102,108,148,83,38,60,110,160,77,44,122,108,57,80,Groundball,Spray,Spray,1,1,1,4,1,1,1,4,1,1,1,4,16,-,-,-,-,-,-,-,-,-,-,-,1,NEU,89-91,3/4,Normal,1,20,-,-,-,4,6,2,2,117,96,57,-,-,-,-,-,-,-,126,-,-,-,-,-,-,-,-,126,-,122,85,89,119,5,5,21,19,4,2,1,0,1,4,2,2,0,0,0,0,0,2,0,2.4,0.41,2,-0.2,0.1,3.86,0,0,0.0,0.2,0,0,0,0,0,0,0,0.0,0,0,0,0,0,0,0,0,0,0,0,0,0,0,0,0,0,0,0,0,0,0.00,0,0,0,0,0,0.0,0.0,0.0,0.00,5,5,21,1,20,0,0,0,4.02,0.5,1.014,0,0,47.0,0,0,15,15,4,2,3,3,0,0,1,0,0.0,-0.4
CF,Mickey Mantle,Mickey,Mantle,Ogden Raptors - HotL,5' 11',200 lbs,S,R,88,New York Yankees,NYY,1959,1946-1960,,86635,Gold,50s Theme Week - Historical All-Star  CF Mickey Mantle  NYY  1959,0,Y,5,108,85,145,179,68,74,90,119,127,84,124,83,154,198,59,41,34,Groundball,Spray,Spray,1,1,1,6,1,1,1,6,1,1,1,6,16,-,-,-,-,-,-,-,-,-,-,-,1,NEU,90-92,SIDE,Normal,1,25,-,-,-,7,2,9,10,95,120,87,-,-,-,-,-,-,132,111,127,8,-,-,-,-,-,132,111,127,98,58,112,109,2,,3,3,1,1,0,0,0,0,0,0,0,0,0,0,0,2,0,0.3,-0.11,0,-0.1,0.0,3.33,0,0,0.0,0.0,0,0,0,0,0,0,0,0.0,0,0,0,0,0,0,0,0,0,0,0,0,0,0,0,0,0,0,0,0,0,0.00,0,0,0,0,0,0.0,0.0,0.0,0.00,2,0,0,0,0,0,0,0,0.00,0.0,.000,0,0,4.0,0,0,0,0,0,0,0,0,0,0,0,0,0.0,0.0
CF,Mickey Mantle,Mickey,Mantle,Everett Aqua Sox,5' 11',200 lbs,S,R,88,New York Yankees,NYY,1959,1946-1960,,86635,Gold,50s Theme Week - Historical All-Star  CF Mickey Mantle  NYY  1959,0,N,0,100,78,135,167,62,68,83,110,118,77,115,76,143,184,54,41,34,Groundball,Spray,Spray,1,1,1,4,1,1,1,4,1,1,1,4,16,-,-,-,-,-,-,-,-,-,-,-,1,NEU,90-92,SIDE,Normal,1,25,-,-,-,7,2,9,10,95,120,87,-,-,-,-,-,-,123,103,119,7,-,-,-,-,-,123,103,119,98,58,112,109,3,2,10,9,2,2,0,0,0,0,0,1,0,0,0,0,0,3,0,0.5,-0.09,0,-0.6,-0.1,3.70,0,1,-0.5,-0.1,0,0,0,0,0,0,0,0.0,0,0,0,0,0,0,0,0,0,0,0,0,0,0,0,0,0,0,0,0,0,0.00,0,0,0,0,0,0.0,0.0,0.0,0.00,2,1,4,0,4,0,0,0,3.27,-0.1,1.020,0,0,11.0,0,0,4,4,0,0,1,0,0,0,0,0,0.0,0.0
CF,Mickey Mantle,Mickey,Mantle,Texas Briskets,5' 11',200 lbs,S,R,88,New York Yankees,NYY,1959,1946-1960,,86635,Gold,50s Theme Week - Historical All-Star  CF Mickey Mantle  NYY  1959,0,N,0,100,78,135,167,62,68,83,110,118,77,115,76,143,184,54,41,34,Groundball,Spray,Spray,1,1,1,4,1,1,1,4,1,1,1,4,16,-,-,-,-,-,-,-,-,-,-,-,1,NEU,90-92,SIDE,Normal,1,25,-,-,-,7,2,9,10,95,120,87,-,-,-,-,-,-,123,103,119,7,-,-,-,-,-,123,103,119,98,58,112,109,1,,3,3,0,0,0,0,0,0,1,0,0,0,0,0,0,1,0,0.0,-0.21,0,-0.8,-0.1,5.33,0,0,0.0,0.0,0,0,0,0,0,0,0,0.0,0,0,0,0,0,0,0,0,0,0,0,0,0,0,0,0,0,0,0,0,0,0.00,0,0,0,0,0,0.0,0.0,0.0,0.00,1,0,2,0,2,0,0,0,3.60,0.0,1.027,0,0,5.0,0,0,2,2,0,0,0,0,0,0,1,0,0.0,0.0
CF,Mickey Mantle,Mickey,Mantle,Herky Hyenas,5' 11',200 lbs,S,R,88,New York Yankees,NYY,1959,1946-1960,,86635,Gold,50s Theme Week - Historical All-Star  CF Mickey Mantle  NYY  1959,0,N,0,100,78,135,167,62,68,83,110,118,77,115,76,143,184,54,41,34,Groundball,Spray,Spray,1,1,1,4,1,1,1,4,1,1,1,4,16,-,-,-,-,-,-,-,-,-,-,-,1,NEU,90-92,SIDE,Normal,1,25,-,-,-,7,2,9,10,95,120,87,-,-,-,-,-,-,123,103,119,7,-,-,-,-,-,123,103,119,98,58,112,109,5,2,15,13,3,3,0,0,0,0,2,2,0,0,0,0,0,3,0,1.3,0.00,1,-0.6,-0.0,4.07,1,0,0.2,0.2,0,0,0,0,0,0,0,0.0,0,0,0,0,0,0,0,0,0,0,0,0,0,0,0,0,0,0,0,0,0,0.00,0,0,0,0,0,0.0,0.0,0.0,0.00,3,2,4,0,4,0,0,0,1.40,-0.3,1.024,0,0,25.2,0,0,5,4,0,0,0,0,0,0,0,0,0.0,0.0
CF,Mickey Mantle,Mickey,Mantle,False Hustle,5' 11',200 lbs,S,R,88,New York Yankees,NYY,1959,1946-1960,,86635,Gold,50s Theme Week - Historical All-Star  CF Mickey Mantle  NYY  1959,0,N,0,100,78,135,167,62,68,83,110,118,77,115,76,143,184,54,41,34,Groundball,Spray,Spray,1,1,1,4,1,1,1,4,1,1,1,4,16,-,-,-,-,-,-,-,-,-,-,-,1,NEU,90-92,SIDE,Normal,1,25,-,-,-,7,2,9,10,95,120,87,-,-,-,-,-,-,123,103,119,7,-,-,-,-,-,123,103,119,98,58,112,109,3,3,13,12,1,1,0,0,0,0,1,1,0,0,0,0,0,6,0,0.3,-0.26,0,-2.1,-0.1,3.38,1,0,0.2,0.2,0,0,0,0,0,0,0,0.0,0,0,0,0,0,0,0,0,0,0,0,0,0,0,0,0,0,0,0,0,0,0.00,0,0,0,0,0,0.0,0.0,0.0,0.00,3,3,10,0,10,0,0,0,3.60,0.1,1.020,0,0,25.0,0,0,10,10,0,0,0,0,0,0,2,0,0.0,0.0
CF,Mickey Mantle,Mickey,Mantle,Cibao Aguilas,5' 11',200 lbs,S,R,88,New York Yankees,NYY,1959,1946-1960,,86635,Gold,50s Theme Week - Historical All-Star  CF Mickey Mantle  NYY  1959,0,N,0,100,78,135,167,62,68,83,110,118,77,115,76,143,184,54,41,34,Groundball,Spray,Spray,1,1,1,4,1,1,1,4,1,1,1,4,16,-,-,-,-,-,-,-,-,-,-,-,1,NEU,90-92,SIDE,Normal,1,25,-,-,-,7,2,9,10,95,120,87,-,-,-,-,-,-,123,103,119,7,-,-,-,-,-,123,103,119,98,58,112,109,6,6,25,24,5,4,0,0,1,3,1,1,0,0,0,0,0,8,0,1.7,-0.37,1,-1.4,-0.2,4.08,0,1,-0.5,0.0,0,0,0,0,0,0,0,0.0,0,0,0,0,0,0,0,0,0,0,0,0,0,0,0,0,0,0,0,0,0,0.00,0,0,0,0,0,0.0,0.0,0.0,0.00,6,6,8,1,7,0,0,0,1.34,-1.1,.899,0,0,53.2,0,0,5,5,4,1,3,1,0,0,0,0,0.0,0.4
CF,Mickey Mantle,Mickey,Mantle,NoseKerim Astea Kerim,5' 11',200 lbs,S,R,88,New York Yankees,NYY,1959,1946-1960,,86635,Gold,50s Theme Week - Historical All-Star  CF Mickey Mantle  NYY  1959,0,N,0,100,78,135,167,62,68,83,110,118,77,115,76,143,184,54,41,34,Groundball,Spray,Spray,1,1,1,4,1,1,1,4,1,1,1,4,16,-,-,-,-,-,-,-,-,-,-,-,1,NEU,90-92,SIDE,Normal,1,25,-,-,-,7,2,9,10,95,120,87,-,-,-,-,-,-,123,103,119,7,-,-,-,-,-,123,103,119,98,58,112,109,7,6,25,24,5,3,1,0,1,3,3,1,0,0,0,0,0,4,0,2.3,-0.04,1,-1.1,-0.0,3.12,1,0,0.2,0.3,0,0,0,0,0,0,0,0.0,0,0,0,0,0,0,0,0,0,0,0,0,0,0,0,0,0,0,0,0,0,0.00,0,0,0,0,0,0.0,0.0,0.0,0.00,7,6,15,0,15,0,0,0,2.31,-0.4,1.017,0,0,58.1,0,0,12,12,3,3,4,0,1,0,3,0,0.0,-0.2
CF,Mickey Mantle,Mickey,Mantle,Paso Robles Powerhouse,5' 11',200 lbs,S,R,88,New York Yankees,NYY,1959,1946-1960,,86635,Gold,50s Theme Week - Historical All-Star  CF Mickey Mantle  NYY  1959,0,N,0,100,78,135,167,62,68,83,110,118,77,115,76,143,184,54,41,34,Groundball,Spray,Spray,1,1,1,4,1,1,1,4,1,1,1,4,16,-,-,-,-,-,-,-,-,-,-,-,1,NEU,90-92,SIDE,Normal,1,25,-,-,-,7,2,9,10,95,120,87,-,-,-,-,-,-,123,103,119,7,-,-,-,-,-,123,103,119,98,58,112,109,11,11,47,42,7,4,1,1,1,6,6,5,0,0,0,0,0,14,1,3.0,-0.43,3,-2.4,-0.1,4.26,0,1,-0.5,0.2,0,0,0,0,0,0,0,0.0,0,0,0,0,0,0,0,0,0,0,0,0,0,0,0,0,0,0,0,0,0,0.00,0,0,0,0,0,0.0,0.0,0.0,0.00,11,11,25,1,23,1,1,0,2.23,-0.2,1.027,0,0,97.0,0,0,18,17,4,2,6,3,1,1,5,0,0.0,0.4
CF,Mickey Mantle,Mickey,Mantle,Gastonia Peaches,5' 11',200 lbs,S,R,88,New York Yankees,NYY,1959,1946-1960,,86635,Gold,50s Theme Week - Historical All-Star  CF Mickey Mantle  NYY  1959,0,N,0,100,78,135,167,62,68,83,110,118,77,115,76,143,184,54,41,34,Groundball,Spray,Spray,1,1,1,4,1,1,1,4,1,1,1,4,16,-,-,-,-,-,-,-,-,-,-,-,1,NEU,90-92,SIDE,Normal,1,25,-,-,-,7,2,9,10,95,120,87,-,-,-,-,-,-,123,103,119,7,-,-,-,-,-,123,103,119,98,58,112,109,7,1,9,8,2,2,0,0,0,2,1,1,0,0,0,0,0,2,0,0.8,0.36,0,-0.3,0.0,4.22,0,0,0.0,0.4,0,0,0,0,0,0,0,0.0,0,0,0,0,0,0,0,0,0,0,0,0,0,0,0,0,0,0,0,0,0,0.00,0,0,0,0,0,0.0,0.0,0.0,0.00,4,0,3,1,2,0,0,0,3.38,0.0,1.027,0,0,8.0,0,0,2,2,0,0,0,0,0,0,0,0,0.0,0.1
CF,Mickey Mantle,Mickey,Mantle,Montrose Cobblers,5' 11',200 lbs,S,R,88,New York Yankees,NYY,1959,1946-1960,,86635,Gold,50s Theme Week - Historical All-Star  CF Mickey Mantle  NYY  1959,0,N,0,100,78,135,167,62,68,83,110,118,77,115,76,143,184,54,41,34,Groundball,Spray,Spray,1,1,1,4,1,1,1,4,1,1,1,4,16,-,-,-,-,-,-,-,-,-,-,-,1,NEU,90-92,SIDE,Normal,1,25,-,-,-,7,2,9,10,95,120,87,-,-,-,-,-,-,123,103,119,7,-,-,-,-,-,123,103,119,98,58,112,109,9,9,38,33,10,7,1,0,2,7,6,4,0,1,0,0,0,14,0,6.9,0.36,7,2.5,0.3,3.89,1,1,-0.3,0.0,0,0,0,0,0,0,0,0.0,0,0,0,0,0,0,0,0,0,0,0,0,0,0,0,0,0,0,0,0,0,0.00,0,0,0,0,0,0.0,0.0,0.0,0.00,9,9,23,2,19,2,0,0,2.39,-0.4,.963,0,0,79.0,0,0,12,11,7,7,3,1,4,0,5,0,0.0,0.2
CF,Willie Mays,Willie,Mays,Winnipeg Brew Jays - HotL,5' 11',180 lbs,R,R,98,San Francisco Giants,SFG,1959,1946-1960,,86634,Diamond,50s Theme Week - Historical All-Star  CF Willie Mays  SF  1959,0,N,0,98,138,141,129,114,98,191,158,174,124,98,120,135,114,111,3,4,Normal,Normal,Normal,1,1,1,4,1,1,1,4,1,1,1,4,16,-,-,-,-,-,-,-,-,-,-,-,1,NEU,90-92,OTT,Normal,1,13,-,-,-,2,2,5,8,104,106,55,-,-,-,-,-,-,-,107,-,-,-,-,-,-,-,-,107,-,118,92,112,120,8,8,37,35,4,2,1,0,1,2,4,2,1,0,0,0,0,11,0,1.5,-0.06,0,-4.9,-0.3,4.19,2,0,0.5,0.3,0,0,0,0,0,0,0,0.0,0,0,0,0,0,0,0,0,0,0,0,0,0,0,0,0,0,0,0,0,0,0.00,0,0,0,0,0,0.0,0.0,0.0,0.00,8,8,23,0,22,1,0,0,2.70,-0.1,1.014,0,0,73.1,0,0,16,15,8,7,0,0,5,0,3,0,0.0,-0.3
CF,Willie Mays,Willie,Mays,Ogden Raptors - HotL,5' 11',180 lbs,R,R,98,San Francisco Giants,SFG,1959,1946-1960,,86634,Diamond,50s Theme Week - Historical All-Star  CF Willie Mays  SF  1959,0,N,0,98,138,141,129,114,98,191,158,174,124,98,120,135,114,111,3,4,Normal,Normal,Normal,1,1,1,4,1,1,1,4,1,1,1,4,16,-,-,-,-,-,-,-,-,-,-,-,1,NEU,90-92,OTT,Normal,1,13,-,-,-,2,2,5,8,104,106,55,-,-,-,-,-,-,-,107,-,-,-,-,-,-,-,-,107,-,118,92,112,120,9,9,40,34,6,4,1,0,1,6,4,5,0,0,0,1,0,7,0,3.5,-0.45,2,-1.9,-0.1,4.08,2,0,0.5,-0.1,0,0,0,0,0,0,0,0.0,0,0,0,0,0,0,0,0,0,0,0,0,0,0,0,0,0,0,0,0,0,0.00,0,0,0,0,0,0.0,0.0,0.0,0.00,0,0,0,0,0,0,0,0,0.00,0.0,.000,0,0,0.0,0,0,0,0,0,0,0,0,0,0,0,0,0.0,0.0
CF,Willie Mays,Willie,Mays,Brookline Bees,5' 11',180 lbs,R,R,98,San Francisco Giants,SFG,1959,1946-1960,,86634,Diamond,50s Theme Week - Historical All-Star  CF Willie Mays  SF  1959,0,N,0,98,138,141,129,114,98,191,158,174,124,98,120,135,114,111,3,4,Normal,Normal,Normal,1,1,1,4,1,1,1,4,1,1,1,4,16,-,-,-,-,-,-,-,-,-,-,-,1,NEU,90-92,OTT,Normal,1,13,-,-,-,2,2,5,8,104,106,55,-,-,-,-,-,-,-,107,-,-,-,-,-,-,-,-,107,-,118,92,112,120,3,3,14,12,2,2,0,0,0,1,1,1,0,0,0,1,0,2,0,0.6,-0.14,0,-1.6,-0.1,4.07,0,0,0.0,0.0,0,0,0,0,0,0,0,0.0,0,0,0,0,0,0,0,0,0,0,0,0,0,0,0,0,0,0,0,0,0,0.00,0,0,0,0,0,0.0,0.0,0.0,0.00,0,0,0,0,0,0,0,0,0.00,0.0,.000,0,0,0.0,0,0,0,0,0,0,0,0,0,0,0,0,0.0,0.0
CF,Willie Mays,Willie,Mays,Gamehendge Lizards - HotL,5' 11',180 lbs,R,R,98,San Francisco Giants,SFG,1959,1946-1960,,86634,Diamond,50s Theme Week - Historical All-Star  CF Willie Mays  SF  1959,0,Y,5,106,149,152,139,123,106,205,170,187,134,106,130,145,123,120,3,4,Normal,Normal,Normal,1,1,1,6,1,1,1,6,1,1,1,6,16,-,-,-,-,-,-,-,-,-,-,-,1,NEU,90-92,OTT,Normal,1,13,-,-,-,2,2,5,8,104,106,55,-,-,-,-,-,-,-,115,-,-,-,-,-,-,-,-,115,-,118,92,112,120,5,5,23,19,3,2,1,0,0,0,4,4,0,0,0,0,0,6,0,1.7,0.06,1,-1.2,-0.1,4.43,1,0,0.2,-0.3,0,0,0,0,0,0,0,0.0,0,0,0,0,0,0,0,0,0,0,0,0,0,0,0,0,0,0,0,0,0,0.00,0,0,0,0,0,0.0,0.0,0.0,0.00,2,2,4,0,4,0,0,0,2.12,-0.3,1.014,0,0,17.0,0,0,5,4,0,0,0,0,0,0,1,0,0.0,-0.1
CF,Willie Mays,Willie,Mays,Chicago Beans,5' 11',180 lbs,R,R,98,San Francisco Giants,SFG,1959,1946-1960,,86634,Diamond,50s Theme Week - Historical All-Star  CF Willie Mays  SF  1959,0,N,0,98,138,141,129,114,98,191,158,174,124,98,120,135,114,111,3,4,Normal,Normal,Normal,1,1,1,4,1,1,1,4,1,1,1,4,16,-,-,-,-,-,-,-,-,-,-,-,1,NEU,90-92,OTT,Normal,1,13,-,-,-,2,2,5,8,104,106,55,-,-,-,-,-,-,-,107,-,-,-,-,-,-,-,-,107,-,118,92,112,120,9,8,42,38,11,7,2,1,1,6,8,4,0,0,0,0,0,7,1,7.2,0.33,6,1.5,0.5,4.31,5,0,1.2,0.5,0,0,0,0,0,0,0,0.0,0,0,0,0,0,0,0,0,0,0,0,0,0,0,0,0,0,0,0,0,0,0.00,0,0,0,0,0,0.0,0.0,0.0,0.00,8,8,26,0,26,0,0,0,3.12,0.1,1.014,0,0,75.0,0,0,21,21,6,3,1,1,4,1,1,0,0.0,-0.2
CF,Willie Mays,Willie,Mays,Dry Creek Craw Daddies,5' 11',180 lbs,R,R,98,San Francisco Giants,SFG,1959,1946-1960,,86634,Diamond,50s Theme Week - Historical All-Star  CF Willie Mays  SF  1959,0,N,0,98,138,141,129,114,98,191,158,174,124,98,120,135,114,111,3,4,Normal,Normal,Normal,1,1,1,4,1,1,1,4,1,1,1,4,16,-,-,-,-,-,-,-,-,-,-,-,1,NEU,90-92,OTT,Normal,1,13,-,-,-,2,2,5,8,104,106,55,-,-,-,-,-,-,-,107,-,-,-,-,-,-,-,-,107,-,118,92,112,120,5,5,19,16,4,2,0,1,1,4,2,3,0,0,0,0,0,1,0,3.1,0.37,3,1.2,0.1,3.37,0,1,-0.5,0.1,0,0,0,0,0,0,0,0.0,0,0,0,0,0,0,0,0,0,0,0,0,0,0,0,0,0,0,0,0,0,0.00,0,0,0,0,0,0.0,0.0,0.0,0.00,2,2,4,0,4,0,0,0,2.12,0.1,1.014,0,0,17.0,0,0,2,2,2,2,1,0,0,0,0,0,0.0,0.2
CF,Willie Mays,Willie,Mays,Arcadia Wyverns,5' 11',180 lbs,R,R,98,San Francisco Giants,SFG,1959,1946-1960,,86634,Diamond,50s Theme Week - Historical All-Star  CF Willie Mays  SF  1959,0,N,0,98,138,141,129,114,98,191,158,174,124,98,120,135,114,111,3,4,Normal,Normal,Normal,1,1,1,4,1,1,1,4,1,1,1,4,16,-,-,-,-,-,-,-,-,-,-,-,1,NEU,90-92,OTT,Normal,1,13,-,-,-,2,2,5,8,104,106,55,-,-,-,-,-,-,-,107,-,-,-,-,-,-,-,-,107,-,118,92,112,120,4,4,18,17,3,2,0,0,1,1,1,1,0,0,0,0,0,3,0,1.4,0.13,1,-1.0,-0.0,3.89,0,0,0.0,-0.0,0,0,0,0,0,0,0,0.0,0,0,0,0,0,0,0,0,0,0,0,0,0,0,0,0,0,0,0,0,0,0.00,0,0,0,0,0,0.0,0.0,0.0,0.00,4,4,13,0,13,0,0,0,3.34,0.3,1.014,0,0,35.0,0,0,11,10,2,2,0,0,1,1,0,0,0.0,-0.2
CF,Willie Mays,Willie,Mays,Looking Glass Loopers TBD,5' 11',180 lbs,R,R,98,San Francisco Giants,SFG,1959,1946-1960,,86634,Diamond,50s Theme Week - Historical All-Star  CF Willie Mays  SF  1959,0,N,0,98,138,141,129,114,98,191,158,174,124,98,120,135,114,111,3,4,Normal,Normal,Normal,1,1,1,4,1,1,1,4,1,1,1,4,16,-,-,-,-,-,-,-,-,-,-,-,1,NEU,90-92,OTT,Normal,1,13,-,-,-,2,2,5,8,104,106,55,-,-,-,-,-,-,-,107,-,-,-,-,-,-,-,-,107,-,118,92,112,120,3,3,13,13,2,0,2,0,0,0,0,0,0,0,0,0,0,4,0,0.6,-0.33,0,-1.3,-0.1,3.85,0,0,0.0,-0.0,0,0,0,0,0,0,0,0.0,0,0,0,0,0,0,0,0,0,0,0,0,0,0,0,0,0,0,0,0,0,0.00,0,0,0,0,0,0.0,0.0,0.0,0.00,3,3,3,0,3,0,0,0,1.08,-0.3,1.014,0,0,25.0,0,0,2,2,2,1,1,0,0,0,0,0,0.0,-0.1
CF,Willie Mays,Willie,Mays,Shartlesville ShihTzus - HotL,5' 11',180 lbs,R,R,98,San Francisco Giants,SFG,1959,1946-1960,,86634,Diamond,50s Theme Week - Historical All-Star  CF Willie Mays  SF  1959,0,Y,5,106,149,152,139,123,106,205,170,187,134,106,130,145,123,120,3,4,Normal,Normal,Normal,1,1,1,6,1,1,1,6,1,1,1,6,16,-,-,-,-,-,-,-,-,-,-,-,1,NEU,90-92,OTT,Normal,1,13,-,-,-,2,2,5,8,104,106,55,-,-,-,-,-,-,-,115,-,-,-,-,-,-,-,-,115,-,118,92,112,120,4,4,22,21,2,0,2,0,0,3,1,1,0,0,0,0,0,3,0,0.6,-0.46,0,-3.1,-0.3,3.09,0,0,0.0,0.0,0,0,0,0,0,0,0,0.0,0,0,0,0,0,0,0,0,0,0,0,0,0,0,0,0,0,0,0,0,0,0.00,0,0,0,0,0,0.0,0.0,0.0,0.00,0,0,0,0,0,0,0,0,0.00,0.0,.000,0,0,0.0,0,0,0,0,0,0,0,0,0,0,0,0,0.0,0.0
CF,Willie Mays,Willie,Mays,Texas Briskets,5' 11',180 lbs,R,R,98,San Francisco Giants,SFG,1959,1946-1960,,86634,Diamond,50s Theme Week - Historical All-Star  CF Willie Mays  SF  1959,0,N,0,98,138,141,129,114,98,191,158,174,124,98,120,135,114,111,3,4,Normal,Normal,Normal,1,1,1,4,1,1,1,4,1,1,1,4,16,-,-,-,-,-,-,-,-,-,-,-,1,NEU,90-92,OTT,Normal,1,13,-,-,-,2,2,5,8,104,106,55,-,-,-,-,-,-,-,107,-,-,-,-,-,-,-,-,107,-,118,92,112,120,4,4,18,18,4,2,1,0,1,1,4,0,0,0,0,0,0,2,0,1.9,-0.03,1,-0.5,0.1,3.94,1,0,0.2,0.4,0,0,0,0,0,0,0,0.0,0,0,0,0,0,0,0,0,0,0,0,0,0,0,0,0,0,0,0,0,0,0.00,0,0,0,0,0,0.0,0.0,0.0,0.00,4,4,14,2,10,2,0,0,2.84,-0.3,.922,0,0,38.0,0,0,5,4,4,2,3,2,3,2,1,0,0.0,0.2
CF,Willie Mays,Willie,Mays,Providence Friars - HotL,5' 11',180 lbs,R,R,98,San Francisco Giants,SFG,1959,1946-1960,,86634,Diamond,50s Theme Week - Historical All-Star  CF Willie Mays  SF  1959,0,N,0,98,138,141,129,114,98,191,158,174,124,98,120,135,114,111,3,4,Normal,Normal,Normal,1,1,1,4,1,1,1,4,1,1,1,4,16,-,-,-,-,-,-,-,-,-,-,-,1,NEU,90-92,OTT,Normal,1,13,-,-,-,2,2,5,8,104,106,55,-,-,-,-,-,-,-,107,-,-,-,-,-,-,-,-,107,-,118,92,112,120,14,13,60,53,17,10,4,0,3,7,9,6,0,1,0,0,0,14,0,13.4,0.51,12,4.8,0.7,3.92,3,0,0.7,-0.0,0,0,0,0,0,0,0,0.0,0,0,0,0,0,0,0,0,0,0,0,0,0,0,0,0,0,0,0,0,0,0.00,0,0,0,0,0,0.0,0.0,0.0,0.00,6,6,13,0,13,0,0,0,2.15,0.3,1.014,0,0,54.1,0,0,8,8,4,4,2,0,2,1,5,0,0.0,-0.5
CF,Willie Mays,Willie,Mays,Great Lakes Man-of-War-HOTL,5' 11',180 lbs,R,R,98,San Francisco Giants,SFG,1959,1946-1960,,86634,Diamond,50s Theme Week - Historical All-Star  CF Willie Mays  SF  1959,0,N,0,98,138,141,129,114,98,191,158,174,124,98,120,135,114,111,3,4,Normal,Normal,Normal,1,1,1,4,1,1,1,4,1,1,1,4,16,-,-,-,-,-,-,-,-,-,-,-,1,NEU,90-92,OTT,Normal,1,13,-,-,-,2,2,5,8,104,106,55,-,-,-,-,-,-,-,107,-,-,-,-,-,-,-,-,107,-,118,92,112,120,7,7,31,24,4,3,0,0,1,3,3,7,3,0,0,0,0,3,3,2.2,-0.15,1,-1.9,-0.2,3.65,1,0,0.2,-0.0,0,0,0,0,0,0,0,0.0,0,0,0,0,0,0,0,0,0,0,0,0,0,0,0,0,0,0,0,0,0,0.00,0,0,0,0,0,0.0,0.0,0.0,0.00,7,7,23,0,22,1,0,0,3.25,-1.0,.929,0,0,61.0,0,0,14,14,10,6,4,2,2,0,1,0,0.0,-0.4
CF,Willie Mays,Willie,Mays,Kansas City Torrent - JW,5' 11',180 lbs,R,R,98,San Francisco Giants,SFG,1959,1946-1960,,86634,Diamond,50s Theme Week - Historical All-Star  CF Willie Mays  SF  1959,37 565,N,0,98,138,141,129,114,98,191,158,174,124,98,120,135,114,111,3,4,Normal,Normal,Normal,1,1,1,4,1,1,1,4,1,1,1,4,16,-,-,-,-,-,-,-,-,-,-,-,1,NEU,90-92,OTT,Normal,1,13,-,-,-,2,2,5,8,104,106,55,-,-,-,-,-,-,-,107,-,-,-,-,-,-,-,-,107,-,118,92,112,120,10,7,31,28,7,5,1,0,1,2,4,2,0,1,0,0,0,6,0,3.8,0.25,3,0.0,0.1,3.87,0,0,0.0,0.2,0,0,0,0,0,0,0,0.0,0,0,0,0,0,0,0,0,0,0,0,0,0,0,0,0,0,0,0,0,0,0.00,0,0,0,0,0,0.0,0.0,0.0,0.00,5,4,7,0,7,0,0,0,1.91,-0.1,1.014,0,0,33.0,0,0,6,6,1,1,1,0,1,0,1,0,0.0,-0.3
CF,Willie Mays,Willie,Mays,Herky Hyenas,5' 11',180 lbs,R,R,98,San Francisco Giants,SFG,1959,1946-1960,,86634,Diamond,50s Theme Week - Historical All-Star  CF Willie Mays  SF  1959,0,N,0,98,138,141,129,114,98,191,158,174,124,98,120,135,114,111,3,4,Normal,Normal,Normal,1,1,1,4,1,1,1,4,1,1,1,4,16,-,-,-,-,-,-,-,-,-,-,-,1,NEU,90-92,OTT,Normal,1,13,-,-,-,2,2,5,8,104,106,55,-,-,-,-,-,-,-,107,-,-,-,-,-,-,-,-,107,-,118,92,112,120,12,12,58,51,12,8,2,0,2,7,5,7,1,0,0,0,0,14,1,6.2,0.12,6,-0.4,-0.0,3.84,2,2,-0.6,0.1,0,0,0,0,0,0,0,0.0,0,0,0,0,0,0,0,0,0,0,0,0,0,0,0,0,0,0,0,0,0,0.00,0,0,0,0,0,0.0,0.0,0.0,0.00,12,12,22,0,22,0,0,0,1.65,-0.6,1.014,0,0,120.0,0,0,17,17,9,4,1,0,3,1,2,0,0.0,-0.9
CF,Willie Mays,Willie,Mays,Sixes Tornadoes,5' 11',180 lbs,R,R,98,San Francisco Giants,SFG,1959,1946-1960,,86634,Diamond,50s Theme Week - Historical All-Star  CF Willie Mays  SF  1959,0,N,0,98,138,141,129,114,98,191,158,174,124,98,120,135,114,111,3,4,Normal,Normal,Normal,1,1,1,4,1,1,1,4,1,1,1,4,16,-,-,-,-,-,-,-,-,-,-,-,1,NEU,90-92,OTT,Normal,1,13,-,-,-,2,2,5,8,104,106,55,-,-,-,-,-,-,-,107,-,-,-,-,-,-,-,-,107,-,118,92,112,120,3,3,14,14,2,1,1,0,0,0,1,0,0,0,0,0,0,6,0,0.5,-0.28,0,-1.9,-0.2,3.86,1,0,0.2,0.0,0,0,0,0,0,0,0,0.0,0,0,0,0,0,0,0,0,0,0,0,0,0,0,0,0,0,0,0,0,0,0.00,0,0,0,0,0,0.0,0.0,0.0,0.00,3,3,7,1,6,0,0,0,2.33,-0.8,1.014,0,0,27.0,0,0,5,5,3,1,2,0,2,0,1,0,0.0,-0.2
CF,Willie Mays,Willie,Mays,Cibao Aguilas,5' 11',180 lbs,R,R,98,San Francisco Giants,SFG,1959,1946-1960,,86634,Diamond,50s Theme Week - Historical All-Star  CF Willie Mays  SF  1959,0,N,0,98,138,141,129,114,98,191,158,174,124,98,120,135,114,111,3,4,Normal,Normal,Normal,1,1,1,4,1,1,1,4,1,1,1,4,16,-,-,-,-,-,-,-,-,-,-,-,1,NEU,90-92,OTT,Normal,1,13,-,-,-,2,2,5,8,104,106,55,-,-,-,-,-,-,-,107,-,-,-,-,-,-,-,-,107,-,118,92,112,120,7,7,30,29,9,7,1,0,1,5,4,1,0,0,0,0,0,6,1,4.1,-0.05,4,0.6,0.2,3.97,1,0,0.2,0.3,0,0,0,0,0,0,0,0.0,0,0,0,0,0,0,0,0,0,0,0,0,0,0,0,0,0,0,0,0,0,0.00,0,0,0,0,0,0.0,0.0,0.0,0.00,7,7,25,0,25,0,0,0,3.59,0.0,1.014,0,0,62.2,0,0,21,20,5,3,2,1,1,1,4,0,0.0,0.1
CF,Willie Mays,Willie,Mays,Globo Gym Purple Cobras - JW,5' 11',180 lbs,R,R,98,San Francisco Giants,SFG,1959,1946-1960,,86634,Diamond,50s Theme Week - Historical All-Star  CF Willie Mays  SF  1959,0,N,0,98,138,141,129,114,98,191,158,174,124,98,120,135,114,111,3,4,Normal,Normal,Normal,1,1,1,4,1,1,1,4,1,1,1,4,16,-,-,-,-,-,-,-,-,-,-,-,1,NEU,90-92,OTT,Normal,1,13,-,-,-,2,2,5,8,104,106,55,-,-,-,-,-,-,-,107,-,-,-,-,-,-,-,-,107,-,118,92,112,120,4,4,19,18,4,2,1,0,1,3,1,1,0,0,0,0,0,3,0,2.2,0.13,2,-0.2,-0.0,3.74,0,0,0.0,0.0,0,0,0,0,0,0,0,0.0,0,0,0,0,0,0,0,0,0,0,0,0,0,0,0,0,0,0,0,0,0,0.00,0,0,0,0,0,0.0,0.0,0.0,0.00,4,4,12,0,11,1,0,0,2.68,-0.3,1.014,0,0,37.0,0,0,8,8,3,2,2,1,4,0,2,0,0.0,-0.3
CF,Willie Mays,Willie,Mays,Chicago Seals,5' 11',180 lbs,R,R,98,San Francisco Giants,SFG,1959,1946-1960,,86634,Diamond,50s Theme Week - Historical All-Star  CF Willie Mays  SF  1959,0,N,0,98,138,141,129,114,98,191,158,174,124,98,120,135,114,111,3,4,Normal,Normal,Normal,1,1,1,4,1,1,1,4,1,1,1,4,16,-,-,-,-,-,-,-,-,-,-,-,1,NEU,90-92,OTT,Normal,1,13,-,-,-,2,2,5,8,104,106,55,-,-,-,-,-,-,-,107,-,-,-,-,-,-,-,-,107,-,118,92,112,120,8,8,36,33,6,4,2,0,0,1,3,3,0,0,0,0,0,10,1,2.1,-0.07,1,-2.7,-0.0,3.89,1,0,0.2,0.1,0,0,0,0,0,0,0,0.0,0,0,0,0,0,0,0,0,0,0,0,0,0,0,0,0,0,0,0,0,0,0.00,0,0,0,0,0,0.0,0.0,0.0,0.00,8,8,28,1,27,0,0,0,3.42,0.5,1.014,0,0,73.2,0,0,21,21,6,4,1,0,3,2,2,0,0.0,0.4
CF,Willie Mays,Willie,Mays,Zanesville Greys,5' 11',180 lbs,R,R,98,San Francisco Giants,SFG,1959,1946-1960,,86634,Diamond,50s Theme Week - Historical All-Star  CF Willie Mays  SF  1959,0,N,0,98,138,141,129,114,98,191,158,174,124,98,120,135,114,111,3,4,Normal,Normal,Normal,1,1,1,4,1,1,1,4,1,1,1,4,16,-,-,-,-,-,-,-,-,-,-,-,1,NEU,90-92,OTT,Normal,1,13,-,-,-,2,2,5,8,104,106,55,-,-,-,-,-,-,-,107,-,-,-,-,-,-,-,-,107,-,118,92,112,120,3,1,6,5,0,0,0,0,0,0,0,1,0,0,0,0,0,1,1,0.0,-0.20,0,-1.0,-0.1,4.17,0,0,0.0,0.0,0,0,0,0,0,0,0,0.0,0,0,0,0,0,0,0,0,0,0,0,0,0,0,0,0,0,0,0,0,0,0.00,0,0,0,0,0,0.0,0.0,0.0,0.00,1,1,4,0,4,0,0,0,4.50,0.1,1.014,0,0,8.0,0,0,4,4,0,0,0,0,0,0,0,0,0.0,-0.1
CF,Willie Mays,Willie,Mays,Castroville Mashers - JW,5' 11',180 lbs,R,R,98,San Francisco Giants,SFG,1959,1946-1960,,86634,Diamond,50s Theme Week - Historical All-Star  CF Willie Mays  SF  1959,0,Y,5,106,149,152,139,123,106,205,170,187,134,106,130,145,123,120,3,4,Normal,Normal,Normal,1,1,1,6,1,1,1,6,1,1,1,6,16,-,-,-,-,-,-,-,-,-,-,-,1,NEU,90-92,OTT,Normal,1,13,-,-,-,2,2,5,8,104,106,55,-,-,-,-,-,-,-,115,-,-,-,-,-,-,-,-,115,-,118,92,112,120,4,4,16,16,4,4,0,0,0,0,2,0,0,0,0,0,0,3,1,0.8,-0.09,0,-1.2,-0.2,3.44,1,0,0.2,0.3,0,0,0,0,0,0,0,0.0,0,0,0,0,0,0,0,0,0,0,0,0,0,0,0,0,0,0,0,0,0,0.00,0,0,0,0,0,0.0,0.0,0.0,0.00,4,4,12,0,11,1,0,0,2.91,-1.1,.929,0,0,34.0,0,0,11,9,2,2,2,0,0,0,5,0,0.0,-0.3
CF,Willie Mays,Willie,Mays,Summerglen Seraphs TBD,5' 11',180 lbs,R,R,98,San Francisco Giants,SFG,1959,1946-1960,,86634,Diamond,50s Theme Week - Historical All-Star  CF Willie Mays  SF  1959,0,N,0,98,138,141,129,114,98,191,158,174,124,98,120,135,114,111,3,4,Normal,Normal,Normal,1,1,1,4,1,1,1,4,1,1,1,4,16,-,-,-,-,-,-,-,-,-,-,-,1,NEU,90-92,OTT,Normal,1,13,-,-,-,2,2,5,8,104,106,55,-,-,-,-,-,-,-,107,-,-,-,-,-,-,-,-,107,-,118,92,112,120,5,5,19,16,4,0,3,0,1,2,4,3,0,0,0,0,0,4,1,3.4,-0.00,3,1.5,0.3,4.26,0,0,0.0,0.4,0,0,0,0,0,0,0,0.0,0,0,0,0,0,0,0,0,0,0,0,0,0,0,0,0,0,0,0,0,0,0.00,0,0,0,0,0,0.0,0.0,0.0,0.00,5,5,15,1,14,0,0,0,3.16,0.4,1.014,0,0,42.2,0,0,10,9,4,4,0,0,2,1,0,0,0.0,0.0
CF,Willie Mays,Willie,Mays,Shibuya Shredders - GH,5' 11',180 lbs,R,R,98,San Francisco Giants,SFG,1959,1946-1960,,86634,Diamond,50s Theme Week - Historical All-Star  CF Willie Mays  SF  1959,0,N,0,98,138,141,129,114,98,191,158,174,124,98,120,135,114,111,3,4,Normal,Normal,Normal,1,1,1,4,1,1,1,4,1,1,1,4,16,-,-,-,-,-,-,-,-,-,-,-,1,NEU,90-92,OTT,Normal,1,13,-,-,-,2,2,5,8,104,106,55,-,-,-,-,-,-,-,107,-,-,-,-,-,-,-,-,107,-,118,92,112,120,15,15,71,67,17,9,4,0,4,10,13,4,0,0,0,0,0,16,2,9.4,-0.08,9,1.2,0.3,3.87,2,0,0.5,0.2,0,0,0,0,0,0,0,0.0,0,0,0,0,0,0,0,0,0,0,0,0,0,0,0,0,0,0,0,0,0,0.00,0,0,0,0,0,0.0,0.0,0.0,0.00,15,15,41,0,41,0,0,0,2.72,-1.0,.990,0,0,135.2,0,0,33,32,8,5,6,1,9,3,8,0,0.0,-0.1
CF,Willie Mays,Willie,Mays,Paso Robles Powerhouse,5' 11',180 lbs,R,R,98,San Francisco Giants,SFG,1959,1946-1960,,86634,Diamond,50s Theme Week - Historical All-Star  CF Willie Mays  SF  1959,0,N,0,98,138,141,129,114,98,191,158,174,124,98,120,135,114,111,3,4,Normal,Normal,Normal,1,1,1,4,1,1,1,4,1,1,1,4,16,-,-,-,-,-,-,-,-,-,-,-,1,NEU,90-92,OTT,Normal,1,13,-,-,-,2,2,5,8,104,106,55,-,-,-,-,-,-,-,107,-,-,-,-,-,-,-,-,107,-,118,92,112,120,12,12,55,46,10,7,2,0,1,3,6,8,0,1,0,0,0,6,0,6.0,-0.17,6,-0.3,0.0,4.04,4,2,-0.1,0.2,0,0,0,0,0,0,0,0.0,0,0,0,0,0,0,0,0,0,0,0,0,0,0,0,0,0,0,0,0,0,0.00,0,0,0,0,0,0.0,0.0,0.0,0.00,12,12,28,2,25,1,0,0,2.31,-1.3,.939,0,0,105.0,0,0,21,19,3,3,7,2,3,1,7,0,0.0,-0.1
CF,Willie Mays,Willie,Mays,Gastonia Peaches,5' 11',180 lbs,R,R,98,San Francisco Giants,SFG,1959,1946-1960,,86634,Diamond,50s Theme Week - Historical All-Star  CF Willie Mays  SF  1959,0,N,0,98,138,141,129,114,98,191,158,174,124,98,120,135,114,111,3,4,Normal,Normal,Normal,1,1,1,4,1,1,1,4,1,1,1,4,16,-,-,-,-,-,-,-,-,-,-,-,1,NEU,90-92,OTT,Normal,1,13,-,-,-,2,2,5,8,104,106,55,-,-,-,-,-,-,-,107,-,-,-,-,-,-,-,-,107,-,118,92,112,120,7,7,39,33,11,7,3,0,1,5,6,5,0,0,0,1,0,8,0,7.9,0.22,7,2.6,0.4,4.08,1,0,0.2,0.2,0,0,0,0,0,0,0,0.0,0,0,0,0,0,0,0,0,0,0,0,0,0,0,0,0,0,0,0,0,0,0.00,0,0,0,0,0,0.0,0.0,0.0,0.00,7,7,18,1,17,0,0,0,2.16,-1.0,.958,0,0,75.0,0,0,13,12,6,4,3,1,3,0,3,0,0.0,0.4
CF,Willie Mays,Willie,Mays,Shakedown 1977 Microbus TTC - GH,5' 11',180 lbs,R,R,98,San Francisco Giants,SFG,1959,1946-1960,,86634,Diamond,50s Theme Week - Historical All-Star  CF Willie Mays  SF  1959,0,N,0,98,138,141,129,114,98,191,158,174,124,98,120,135,114,111,3,4,Normal,Normal,Normal,1,1,1,4,1,1,1,4,1,1,1,4,16,-,-,-,-,-,-,-,-,-,-,-,1,NEU,90-92,OTT,Normal,1,13,-,-,-,2,2,5,8,104,106,55,-,-,-,-,-,-,-,107,-,-,-,-,-,-,-,-,107,-,118,92,112,120,13,13,53,49,12,10,1,0,1,3,4,4,0,0,0,0,0,15,2,4.9,-0.07,4,-1.5,-0.0,4.40,3,0,0.7,0.3,0,0,0,0,0,0,0,0.0,0,0,0,0,0,0,0,0,0,0,0,0,0,0,0,0,0,0,0,0,0,0.00,0,0,0,0,0,0.0,0.0,0.0,0.00,0,0,0,0,0,0,0,0,0.00,0.0,.000,0,0,0.0,0,0,0,0,0,0,0,0,0,0,0,0,0.0,0.0
CF,Willie Mays,Willie,Mays,Houston Swangas,5' 11',180 lbs,R,R,98,San Francisco Giants,SFG,1959,1946-1960,,86634,Diamond,50s Theme Week - Historical All-Star  CF Willie Mays  SF  1959,0,N,0,98,138,141,129,114,98,191,158,174,124,98,120,135,114,111,3,4,Normal,Normal,Normal,1,1,1,4,1,1,1,4,1,1,1,4,16,-,-,-,-,-,-,-,-,-,-,-,1,NEU,90-92,OTT,Normal,1,13,-,-,-,2,2,5,8,104,106,55,-,-,-,-,-,-,-,107,-,-,-,-,-,-,-,-,107,-,118,92,112,120,10,10,45,41,6,4,2,0,0,2,2,4,1,0,0,0,0,7,1,1.4,-0.31,0,-5.0,-0.5,4.44,1,2,-0.8,-0.3,0,0,0,0,0,0,0,0.0,0,0,0,0,0,0,0,0,0,0,0,0,0,0,0,0,0,0,0,0,0,0.00,0,0,0,0,0,0.0,0.0,0.0,0.00,10,10,26,0,25,1,0,0,2.60,0.1,1.014,0,0,86.2,0,0,18,17,6,4,6,4,2,0,0,0,0.0,-0.5
CF,Willie Mays,Willie,Mays,Rajasthan Rifles Rifles,5' 11',180 lbs,R,R,98,San Francisco Giants,SFG,1959,1946-1960,,86634,Diamond,50s Theme Week - Historical All-Star  CF Willie Mays  SF  1959,0,N,0,98,138,141,129,114,98,191,158,174,124,98,120,135,114,111,3,4,Normal,Normal,Normal,1,1,1,4,1,1,1,4,1,1,1,4,16,-,-,-,-,-,-,-,-,-,-,-,1,NEU,90-92,OTT,Normal,1,13,-,-,-,2,2,5,8,104,106,55,-,-,-,-,-,-,-,107,-,-,-,-,-,-,-,-,107,-,118,92,112,120,5,5,22,18,7,4,1,0,2,4,4,3,1,0,0,1,0,2,0,7.1,0.35,5,2.7,0.4,3.68,1,0,0.2,0.2,0,0,0,0,0,0,0,0.0,0,0,0,0,0,0,0,0,0,0,0,0,0,0,0,0,0,0,0,0,0,0.00,0,0,0,0,0,0.0,0.0,0.0,0.00,5,5,17,0,17,0,0,0,3.19,-0.1,.958,0,0,48.0,0,0,13,13,4,3,1,1,1,0,4,0,0.0,0.0
CF,Willie Mays,Willie,Mays,Roaming Rascals BFF,5' 11',180 lbs,R,R,98,San Francisco Giants,SFG,1959,1946-1960,,86634,Diamond,50s Theme Week - Historical All-Star  CF Willie Mays  SF  1959,0,Y,5,106,149,152,139,123,106,205,170,187,134,106,130,145,123,120,3,4,Normal,Normal,Normal,1,1,1,6,1,1,1,6,1,1,1,6,16,-,-,-,-,-,-,-,-,-,-,-,1,NEU,90-92,OTT,Normal,1,13,-,-,-,2,2,5,8,104,106,55,-,-,-,-,-,-,-,115,-,-,-,-,-,-,-,-,115,-,118,92,112,120,16,16,66,61,19,11,5,0,3,12,7,4,0,0,0,1,0,7,1,11.2,0.42,11,3.3,0.5,4.05,1,1,-0.3,0.6,0,0,0,0,0,0,0,0.0,0,0,0,0,0,0,0,0,0,0,0,0,0,0,0,0,0,0,0,0,0,0.00,0,0,0,0,0,0.0,0.0,0.0,0.00,16,16,38,0,38,0,0,0,2.43,-0.1,1.014,0,0,141.0,0,0,29,29,10,7,4,2,5,0,9,0,0.0,-0.6
CF,Willie Mays,Willie,Mays,Numenor Faithful,5' 11',180 lbs,R,R,98,San Francisco Giants,SFG,1959,1946-1960,,86634,Diamond,50s Theme Week - Historical All-Star  CF Willie Mays  SF  1959,0,N,0,98,138,141,129,114,98,191,158,174,124,98,120,135,114,111,3,4,Normal,Normal,Normal,1,1,1,4,1,1,1,4,1,1,1,4,16,-,-,-,-,-,-,-,-,-,-,-,1,NEU,90-92,OTT,Normal,1,13,-,-,-,2,2,5,8,104,106,55,-,-,-,-,-,-,-,107,-,-,-,-,-,-,-,-,107,-,118,92,112,120,4,4,16,12,1,1,0,0,0,3,0,2,0,0,0,2,0,7,0,0.5,0.14,0,-2.3,-0.2,4.31,0,0,0.0,0.0,0,0,0,0,0,0,0,0.0,0,0,0,0,0,0,0,0,0,0,0,0,0,0,0,0,0,0,0,0,0,0.00,0,0,0,0,0,0.0,0.0,0.0,0.00,4,4,13,0,12,1,0,0,3.18,-0.3,.936,0,0,34.0,0,0,10,9,3,3,0,0,0,0,2,0,0.0,-0.0
CF,Willie Mays,Willie,Mays,AW Bees - GH,5' 11',180 lbs,R,R,98,San Francisco Giants,SFG,1959,1946-1960,,86634,Diamond,50s Theme Week - Historical All-Star  CF Willie Mays  SF  1959,0,N,0,98,138,141,129,114,98,191,158,174,124,98,120,135,114,111,3,4,Normal,Normal,Normal,1,1,1,4,1,1,1,4,1,1,1,4,16,-,-,-,-,-,-,-,-,-,-,-,1,NEU,90-92,OTT,Normal,1,13,-,-,-,2,2,5,8,104,106,55,-,-,-,-,-,-,-,107,-,-,-,-,-,-,-,-,107,-,118,92,112,120,18,18,83,76,20,11,4,0,5,11,13,6,0,1,0,0,0,15,1,12.5,0.78,12,2.9,0.5,3.81,1,1,-0.3,-0.0,0,0,0,0,0,0,0,0.0,0,0,0,0,0,0,0,0,0,0,0,0,0,0,0,0,0,0,0,0,0,0.00,0,0,0,0,0,0.0,0.0,0.0,0.00,18,18,46,0,46,0,0,0,2.54,0.4,1.014,0,0,163.0,0,0,37,36,8,6,5,3,4,1,9,0,0.0,-0.8
CF,Willie Mays,Willie,Mays,Oysters Incognito,5' 11',180 lbs,R,R,98,San Francisco Giants,SFG,1959,1946-1960,,86634,Diamond,50s Theme Week - Historical All-Star  CF Willie Mays  SF  1959,0,N,0,98,138,141,129,114,98,191,158,174,124,98,120,135,114,111,3,4,Normal,Normal,Normal,1,1,1,4,1,1,1,4,1,1,1,4,16,-,-,-,-,-,-,-,-,-,-,-,1,NEU,90-92,OTT,Normal,1,13,-,-,-,2,2,5,8,104,106,55,-,-,-,-,-,-,-,107,-,-,-,-,-,-,-,-,107,-,118,92,112,120,4,4,19,18,4,2,1,0,1,3,5,0,0,0,0,1,0,5,0,1.9,-0.21,1,-0.8,-0.1,3.84,1,0,0.2,-0.6,0,0,0,0,0,0,0,0.0,0,0,0,0,0,0,0,0,0,0,0,0,0,0,0,0,0,0,0,0,0,0.00,0,0,0,0,0,0.0,0.0,0.0,0.00,0,0,0,0,0,0,0,0,0.00,0.0,.000,0,0,0.0,0,0,0,0,0,0,0,0,0,0,0,0,0.0,0.0
CF,Andrew McCutchen,Andrew,McCutchen,Junk Wax Heroes,5' 10',190 lbs,R,R,83,Pittsburgh Pirates,PIT,2017,2015+,,85664,Gold,June Gems - Snapshot  CF Andrew McCutchen  PIT  2017,0,Y,5,90,76,91,116,99,111,89,124,151,107,84,73,82,106,97,4,1,Normal,Ex. Pull,Pull,1,1,1,1,1,1,1,1,1,1,1,1,16,-,-,-,-,-,-,-,-,-,-,-,1,NEU,91-93,3/4,Normal,1,17,-,-,-,1,5,3,3,90,101,74,-,-,-,-,-,-,-,98,112,-,-,-,-,-,-,-,98,112,103,61,79,89,5,3,18,13,4,3,1,0,0,2,3,4,0,0,0,1,0,6,0,2.9,-0.04,3,0.8,0.1,4.44,0,0,0.0,0.2,0,0,0,0,0,0,0,0.0,0,0,0,0,0,0,0,0,0,0,0,0,0,0,0,0,0,0,0,0,0,0.00,0,0,0,0,0,0.0,0.0,0.0,0.00,0,0,0,0,0,0,0,0,0.00,0.0,.000,0,0,0.0,0,0,0,0,0,0,0,0,0,0,0,0,0.0,0.0
CF,Willie McGee,Willie,McGee,Three Mile Island Atomic Isotopes,6' 1',175 lbs,S,R,79,St. Louis Cardinals,STL,1985,1980-1992,,85753,Silver,SwitchKnucklers - Hardware Heroes  CF Willie McGee  STL  1985,0,N,0,141,116,68,48,105,160,130,92,42,69,135,112,60,51,122,10,84,Line Drive,Spray,Spray,1,1,1,4,1,1,1,4,1,1,1,4,16,-,-,-,-,-,-,-,-,-,-,-,1,NEU,91-93,3/4,Normal,1,11,-,-,-,7,4,1,10,106,62,85,-,-,-,-,-,-,122,110,-,7,-,-,-,-,-,122,110,-,117,98,102,118,4,4,16,16,8,6,0,1,1,3,3,0,0,0,0,0,0,4,0,6.5,0.60,5,3.2,0.4,3.94,0,0,0.0,-0.5,0,0,0,0,0,0,0,0.0,0,0,0,0,0,0,0,0,0,0,0,0,0,0,0,0,0,0,0,0,0,0.00,0,0,0,0,0,0.0,0.0,0.0,0.00,4,4,14,0,14,0,0,0,3.71,0.9,1.092,0,0,34.0,0,0,9,9,4,3,1,0,2,2,1,0,0.0,-0.0
CF,Willie McGee,Willie,McGee,Herky Hyenas,6' 1',175 lbs,S,R,79,St. Louis Cardinals,STL,1985,1980-1992,,85753,Silver,SwitchKnucklers - Hardware Heroes  CF Willie McGee  STL  1985,0,N,0,141,116,68,48,105,160,130,92,42,69,135,112,60,51,122,10,84,Line Drive,Spray,Spray,1,1,1,4,1,1,1,4,1,1,1,4,16,-,-,-,-,-,-,-,-,-,-,-,1,NEU,91-93,3/4,Normal,1,11,-,-,-,7,4,1,10,106,62,85,-,-,-,-,-,-,122,110,-,7,-,-,-,-,-,122,110,-,117,98,102,118,1,1,4,4,1,1,0,0,0,0,0,0,0,0,0,0,0,2,0,0.4,-0.05,0,-0.3,-0.0,4.00,1,0,0.2,0.0,0,0,0,0,0,0,0,0.0,0,0,0,0,0,0,0,0,0,0,0,0,0,0,0,0,0,0,0,0,0,0.00,0,0,0,0,0,0.0,0.0,0.0,0.00,1,1,1,0,1,0,0,0,1.00,-0.2,1.014,0,0,9.0,0,0,1,1,0,0,0,0,2,0,0,0,0.0,0.0
CF,Willie McGee,Willie,McGee,Sixes Tornadoes,6' 1',175 lbs,S,R,79,St. Louis Cardinals,STL,1985,1980-1992,,85753,Silver,SwitchKnucklers - Hardware Heroes  CF Willie McGee  STL  1985,0,Y,5,152,125,74,53,114,172,140,100,47,75,145,121,66,56,132,10,84,Line Drive,Spray,Spray,1,1,1,6,1,1,1,6,1,1,1,6,16,-,-,-,-,-,-,-,-,-,-,-,1,NEU,91-93,3/4,Normal,1,11,-,-,-,7,4,1,10,106,62,85,-,-,-,-,-,-,130,118,-,9,-,-,-,-,-,130,118,-,117,98,102,118,2,,1,1,0,0,0,0,0,0,0,0,0,0,0,0,0,0,0,0.0,-0.05,0,-0.3,-0.0,2.00,0,0,0.0,0.0,0,0,0,0,0,0,0,0.0,0,0,0,0,0,0,0,0,0,0,0,0,0,0,0,0,0,0,0,0,0,0.00,0,0,0,0,0,0.0,0.0,0.0,0.00,0,0,0,0,0,0,0,0,0.00,0.0,.000,0,0,0.0,0,0,0,0,0,0,0,0,0,0,0,0,0.0,0.0
CF,Willie McGee,Willie,McGee,Waltham River Otters,6' 1',175 lbs,S,R,79,St. Louis Cardinals,STL,1985,1980-1992,,85753,Silver,SwitchKnucklers - Hardware Heroes  CF Willie McGee  STL  1985,0,N,0,141,116,68,48,105,160,130,92,42,69,135,112,60,51,122,10,84,Line Drive,Spray,Spray,1,1,1,4,1,1,1,4,1,1,1,4,16,-,-,-,-,-,-,-,-,-,-,-,1,NEU,91-93,3/4,Normal,1,11,-,-,-,7,4,1,10,106,62,85,-,-,-,-,-,-,122,110,-,7,-,-,-,-,-,122,110,-,117,98,102,118,12,6,28,27,8,5,1,1,1,2,5,1,0,0,0,0,0,7,0,4.6,-0.43,4,0.9,0.1,4.07,0,0,0.0,0.2,0,0,0,0,0,0,0,0.0,0,0,0,0,0,0,0,0,0,0,0,0,0,0,0,0,0,0,0,0,0,0.00,0,0,0,0,0,0.0,0.0,0.0,0.00,10,6,18,1,17,0,0,0,2.64,-0.5,1.018,0,0,61.1,0,0,16,15,1,1,4,1,1,0,4,0,0.0,-0.2
CF,Cedric Mullins,Cedric,Mullins,Everett Aqua Sox,5' 9',175 lbs,L,L,96,Baltimore Orioles,BAL,2021,2015+,BBR,86239,Diamond,Obscure All-Stars - Baseball Reference 5  CF Cedric Mullins  BAL  2021,0,Y,5,130,106,118,93,119,120,81,85,75,119,133,118,134,100,119,94,87,Groundball,Ex. Pull,Normal,1,1,1,7,1,1,1,7,1,1,1,7,17,-,-,-,-,-,-,-,-,-,-,-,1,NEU,93-95,OTT,Normal,1,17,-,-,-,6,10,7,5,111,52,69,-,-,-,-,-,-,-,122,-,15,-,-,-,-,-,-,122,-,107,107,112,109,8,7,32,30,9,5,3,0,1,2,6,2,0,0,0,0,0,8,1,4.4,-0.04,5,1.2,0.2,4.41,0,1,-0.5,0.8,0,0,0,0,0,0,0,0.0,0,0,0,0,0,0,0,0,0,0,0,0,0,0,0,0,0,0,0,0,0,0.00,0,0,0,0,0,0.0,0.0,0.0,0.00,7,7,15,0,15,0,0,0,2.21,-0.4,1.014,0,0,61.0,0,0,13,12,2,1,3,1,3,1,0,0,0.0,-0.0
CF,Cedric Mullins,Cedric,Mullins,Gamehendge Lizards - HotL,5' 9',175 lbs,L,L,96,Baltimore Orioles,BAL,2021,2015+,BBR,86239,Diamond,Obscure All-Stars - Baseball Reference 5  CF Cedric Mullins  BAL  2021,0,Y,5,130,106,118,93,119,120,81,85,75,119,133,118,134,100,119,94,87,Groundball,Ex. Pull,Normal,1,1,1,7,1,1,1,7,1,1,1,7,17,-,-,-,-,-,-,-,-,-,-,-,1,NEU,93-95,OTT,Normal,1,17,-,-,-,6,10,7,5,111,52,69,-,-,-,-,-,-,-,122,-,15,-,-,-,-,-,-,122,-,107,107,112,109,3,3,14,13,4,4,0,0,0,0,0,0,0,1,0,0,0,4,0,1.5,-0.10,1,-0.1,0.1,3.29,2,1,-0.0,0.0,0,0,0,0,0,0,0,0.0,0,0,0,0,0,0,0,0,0,0,0,0,0,0,0,0,0,0,0,0,0,0.00,0,0,0,0,0,0.0,0.0,0.0,0.00,3,3,6,0,6,0,0,0,2.08,0.6,1.014,0,0,26.0,0,0,2,2,1,1,1,1,4,2,1,0,0.0,-0.2
CF,Cedric Mullins,Cedric,Mullins,Providence Friars - HotL,5' 9',175 lbs,L,L,96,Baltimore Orioles,BAL,2021,2015+,BBR,86239,Diamond,Obscure All-Stars - Baseball Reference 5  CF Cedric Mullins  BAL  2021,0,Y,5,130,106,118,93,119,120,81,85,75,119,133,118,134,100,119,94,87,Groundball,Ex. Pull,Normal,1,1,1,7,1,1,1,7,1,1,1,7,17,-,-,-,-,-,-,-,-,-,-,-,1,NEU,93-95,OTT,Normal,1,17,-,-,-,6,10,7,5,111,52,69,-,-,-,-,-,-,-,122,-,15,-,-,-,-,-,-,122,-,107,107,112,109,10,9,45,41,13,10,1,1,1,5,8,2,1,1,0,1,0,4,0,7.3,0.30,6,0.8,0.3,3.42,1,0,0.2,0.4,0,0,0,0,0,0,0,0.0,0,0,0,0,0,0,0,0,0,0,0,0,0,0,0,0,0,0,0,0,0,0.00,0,0,0,0,0,0.0,0.0,0.0,0.00,9,9,20,0,19,1,0,0,2.05,0.5,1.014,0,0,83.1,0,0,12,12,6,5,2,1,3,1,4,0,0.0,-0.5
CF,Cedric Mullins,Cedric,Mullins,Lowlyworm's Apple Car,5' 9',175 lbs,L,L,96,Baltimore Orioles,BAL,2021,2015+,BBR,86239,Diamond,Obscure All-Stars - Baseball Reference 5  CF Cedric Mullins  BAL  2021,0,N,0,120,98,109,86,110,111,74,78,69,110,123,109,124,92,110,94,87,Groundball,Ex. Pull,Normal,1,1,1,5,1,1,1,5,1,1,1,5,17,-,-,-,-,-,-,-,-,-,-,-,1,NEU,93-95,OTT,Normal,1,17,-,-,-,6,10,7,5,111,52,69,-,-,-,-,-,-,-,114,-,13,-,-,-,-,-,-,114,-,107,107,112,109,5,3,10,9,1,1,0,0,0,0,0,0,0,1,0,0,0,3,0,0.3,-0.13,0,-1.3,-0.1,4.00,0,0,0.0,0.0,0,0,0,0,0,0,0,0.0,0,0,0,0,0,0,0,0,0,0,0,0,0,0,0,0,0,0,0,0,0,0.00,0,0,0,0,0,0.0,0.0,0.0,0.00,3,3,7,0,7,0,0,0,2.86,0.2,1.014,0,0,22.0,0,0,4,4,3,2,1,1,0,0,0,0,0.0,-0.1
CF,Dale Murphy,Dale,Murphy,Chicago Gamblers - E6,6' 5',215 lbs,R,R,88,Atlanta Braves,ATL,1982,1980-1992,,86270,Gold,All-Star Week - Historical All-Star  CF Dale Murphy  ATL  1982,0,Y,5,110,58,130,134,66,159,55,151,145,75,100,60,123,130,60,4,5,Flyball,Spray,Spray,1,1,1,1,1,1,1,1,1,1,1,1,16,-,-,-,-,-,-,-,-,-,-,-,1,NEU,90-92,3/4,Normal,1,7,-,-,-,71,45,55,54,106,52,48,-,-,108,-,-,-,120,109,107,117,-,108,-,-,-,120,109,107,61,74,81,102,23,8,51,44,8,6,0,0,2,7,6,7,0,0,0,0,0,10,2,3.7,-0.36,4,-1.5,-0.1,3.98,0,1,-0.5,0.2,0,0,0,0,0,0,0,0.0,0,0,0,0,0,0,0,0,0,0,0,0,0,0,0,0,0,0,0,0,0,0.00,0,0,0,0,0,0.0,0.0,0.0,0.00,26,8,69,1,67,1,6,0,5.09,0.0,.985,0,0,120.1,0,0,20,19,7,5,3,2,1,0,0,0,0.0,0.0
CF,Dale Murphy,Dale,Murphy,Toronto Terns PCK,6' 5',215 lbs,R,R,88,Atlanta Braves,ATL,1982,1980-1992,,86270,Gold,All-Star Week - Historical All-Star  CF Dale Murphy  ATL  1982,0,N,0,102,53,120,124,60,148,50,140,135,69,92,55,114,120,55,4,5,Flyball,Spray,Spray,1,1,1,1,1,1,1,1,1,1,1,1,16,-,-,-,-,-,-,-,-,-,-,-,1,NEU,90-92,3/4,Normal,1,7,-,-,-,71,45,55,54,106,52,48,-,-,100,-,-,-,112,102,100,109,-,100,-,-,-,112,102,100,61,74,81,102,2,,1,1,1,1,0,0,0,0,0,0,0,0,0,0,0,0,0,1.0,0.01,0,0.5,0.1,3.00,0,0,0.0,0.0,0,0,0,0,0,0,0,0.0,0,0,0,0,0,0,0,0,0,0,0,0,0,0,0,0,0,0,0,0,0,0.00,0,0,0,0,0,0.0,0.0,0.0,0.00,1,0,1,0,1,0,0,0,9.00,0.0,1.027,0,0,1.0,0,0,1,1,0,0,0,0,0,0,0,0,0.0,0.0
CF,Dale Murphy,Dale,Murphy,Charlotte Hellcats GH,6' 5',215 lbs,R,R,88,Atlanta Braves,ATL,1982,1980-1992,,86270,Gold,All-Star Week - Historical All-Star  CF Dale Murphy  ATL  1982,0,Y,5,110,58,130,134,66,159,55,151,145,75,100,60,123,130,60,4,5,Flyball,Spray,Spray,1,1,1,1,1,1,1,1,1,1,1,1,16,-,-,-,-,-,-,-,-,-,-,-,1,NEU,90-92,3/4,Normal,1,7,-,-,-,71,45,55,54,106,52,48,-,-,108,-,-,-,120,109,107,117,-,108,-,-,-,120,109,107,61,74,81,102,7,3,15,14,5,5,0,0,0,2,2,1,0,0,0,0,0,2,0,2.1,-0.02,2,0.3,0.1,3.93,0,0,0.0,0.3,0,0,0,0,0,0,0,0.0,0,0,0,0,0,0,0,0,0,0,0,0,0,0,0,0,0,0,0,0,0,0.00,0,0,0,0,0,0.0,0.0,0.0,0.00,7,3,15,2,13,0,1,0,4.09,0.1,1.044,0,0,33.0,0,0,3,3,0,0,0,0,0,0,1,0,0.0,-0.1
CF,Dale Murphy,Dale,Murphy,Oysters Incognito,6' 5',215 lbs,R,R,88,Atlanta Braves,ATL,1982,1980-1992,,86270,Gold,All-Star Week - Historical All-Star  CF Dale Murphy  ATL  1982,0,Y,5,110,58,130,134,66,159,55,151,145,75,100,60,123,130,60,4,5,Flyball,Spray,Spray,1,1,1,1,1,1,1,1,1,1,1,1,16,-,-,-,-,-,-,-,-,-,-,-,1,NEU,90-92,3/4,Normal,1,7,-,-,-,71,45,55,54,106,52,48,-,-,108,-,-,-,120,109,107,117,-,108,-,-,-,120,109,107,61,74,81,102,2,,2,2,1,1,0,0,0,0,0,0,0,0,0,0,0,0,0,0.5,0.00,0,0.2,0.0,3.00,0,0,0.0,0.0,0,0,0,0,0,0,0,0.0,0,0,0,0,0,0,0,0,0,0,0,0,0,0,0,0,0,0,0,0,0,0.00,0,0,0,0,0,0.0,0.0,0.0,0.00,0,0,0,0,0,0,0,0,0.00,0.0,.000,0,0,0.0,0,0,0,0,0,0,0,0,0,0,0,0,0.0,0.0
CF,Jon Nunnally,Jon,Nunnally,Youngstown Ironmen,5' 10',190 lbs,L,R,82,Cincinnati Reds,CIN,1997,1993-2004,BBR,86407,Gold,Trade Deadliners - Baseball Reference 6  CF Jon Nunnally  CIN  1997,0,N,0,125,97,110,114,57,123,122,77,82,50,125,92,125,128,60,40,11,Normal,Normal,Normal,1,1,1,4,1,1,1,4,1,1,1,4,16,-,-,-,-,-,-,-,-,-,-,-,1,NEU,90-92,3/4,Normal,1,14,-,-,-,9,6,9,9,95,44,56,-,-,-,-,-,-,100,87,91,14,-,-,-,-,-,100,87,91,75,61,75,81,8,7,34,30,5,2,3,0,0,3,3,3,0,0,0,1,0,8,0,2.2,-0.20,1,-2.6,-0.1,4.35,0,0,0.0,0.5,0,0,0,0,0,0,0,0.0,0,0,0,0,0,0,0,0,0,0,0,0,0,0,0,0,0,0,0,0,0,0.00,0,0,0,0,0,0.0,0.0,0.0,0.00,7,7,21,0,21,0,0,0,2.98,0.1,1.065,0,0,63.1,0,0,17,17,4,2,4,2,3,0,2,0,0.0,-0.1
CF,Alejandro Oms,Alejandro,Oms,Northville Stallions,5' 6',155 lbs,L,L,99,Cuban Stars East,CSE,1928,1921-1945,,84572,Diamond,Negro League Star  CF Alejandro Oms  CSE  1928,0,N,0,90,95,94,99,93,78,89,92,94,86,94,98,95,101,96,63,70,Normal,Normal,Normal,13,34,32,20,13,34,23,20,13,34,35,20,30,-,39,-,-,-,-,-,-,-,-,-,2,EX FB,92-94,3/4,Normal,52,41,-,-,-,53,22,47,20,88,71,69,84,-,-,-,-,-,102,84,95,84,-,-,-,-,-,102,84,95,73,65,77,63,4,4,12,11,5,4,0,0,1,1,1,1,0,0,0,0,0,1,0,4.1,0.02,3,2.0,0.3,4.08,0,0,0.0,-0.0,0,0,0,0,0,0,0,0.0,0,0,0,0,0,0,0,0,0,0,0,0,0,0,0,0,0,0,0,0,0,0.00,0,0,0,0,0,0.0,0.0,0.0,0.00,4,4,9,1,8,0,0,0,2.45,-0.4,.901,0,0,33.0,0,0,6,6,2,1,2,1,0,0,1,0,0.0,0.6
CF,Alejandro Oms,Alejandro,Oms,Dubuque Packers,5' 6',155 lbs,L,L,99,Cuban Stars East,CSE,1928,1921-1945,,84572,Diamond,Negro League Star  CF Alejandro Oms  CSE  1928,0,N,0,90,95,94,99,93,78,89,92,94,86,94,98,95,101,96,63,70,Normal,Normal,Normal,13,34,32,20,13,34,23,20,13,34,35,20,30,-,39,-,-,-,-,-,-,-,-,-,2,EX FB,92-94,3/4,Normal,52,41,-,-,-,53,22,47,20,88,71,69,84,-,-,-,-,-,102,84,95,84,-,-,-,-,-,102,84,95,73,65,77,63,8,8,31,26,2,1,0,0,1,2,1,3,0,0,2,0,0,7,1,0.9,-0.50,0,-4.0,-0.3,3.77,0,0,0.0,0.0,0,0,0,0,0,0,0,0.0,0,0,0,0,0,0,0,0,0,0,0,0,0,0,0,0,0,0,0,0,0,0.00,0,0,0,0,0,0.0,0.0,0.0,0.00,8,8,26,0,26,0,0,0,3.30,-0.2,.976,0,0,71.0,0,0,21,21,6,5,1,0,3,0,4,0,0.0,-0.4
CF,Alejandro Oms,Alejandro,Oms,Jeju City Foxes,5' 6',155 lbs,L,L,99,Cuban Stars East,CSE,1928,1921-1945,,84572,Diamond,Negro League Star  CF Alejandro Oms  CSE  1928,0,N,0,90,95,94,99,93,78,89,92,94,86,94,98,95,101,96,63,70,Normal,Normal,Normal,13,34,32,20,13,34,23,20,13,34,35,20,30,-,39,-,-,-,-,-,-,-,-,-,2,EX FB,92-94,3/4,Normal,52,41,-,-,-,53,22,47,20,88,71,69,84,-,-,-,-,-,102,84,95,84,-,-,-,-,-,102,84,95,73,65,77,63,5,5,19,17,3,1,0,0,2,3,3,2,0,0,0,0,0,4,0,2.5,0.16,2,0.3,0.0,3.74,0,0,0.0,-0.0,0,0,0,0,0,0,0,0.0,0,0,0,0,0,0,0,0,0,0,0,0,0,0,0,0,0,0,0,0,0,0.00,0,0,0,0,0,0.0,0.0,0.0,0.00,5,5,13,1,11,1,0,0,2.45,-0.5,.929,0,0,44.0,0,0,10,9,1,0,1,0,2,1,4,1,0.0,-0.1
CF,Amos Otis,Amos,Otis,Toronto Terns PCK,5' 11',165 lbs,R,R,95,Kansas City Royals,KCR,1978,1961-1979,,83700,Diamond,Snapshot  CF Amos Otis  KC  1978,0,Y,5,98,102,101,98,105,77,82,98,121,140,104,108,103,92,98,53,50,Normal,Normal,Normal,1,1,1,1,1,1,1,1,1,1,4,1,16,-,-,-,-,-,-,-,-,-,-,-,1,NEU,89-91,3/4,Normal,1,24,-,-,-,1,3,5,5,108,110,74,-,-,-,-,-,-,-,127,-,-,-,-,-,-,-,-,127,-,98,73,99,94,4,4,17,16,4,3,1,0,0,3,2,1,0,0,0,0,0,3,0,1.5,0.17,1,-0.6,-0.0,3.88,0,0,0.0,0.4,0,0,0,0,0,0,0,0.0,0,0,0,0,0,0,0,0,0,0,0,0,0,0,0,0,0,0,0,0,0,0.00,0,0,0,0,0,0.0,0.0,0.0,0.00,4,4,7,0,6,1,0,0,1.59,-0.7,1.014,0,0,34.0,0,0,4,4,5,2,0,0,2,0,3,0,0.0,-0.1
CF,Amos Otis,Amos,Otis,Junk Wax Heroes,5' 11',165 lbs,R,R,95,Kansas City Royals,KCR,1978,1961-1979,,83700,Diamond,Snapshot  CF Amos Otis  KC  1978,0,Y,5,98,102,101,98,105,77,82,98,121,140,104,108,103,92,98,53,50,Normal,Normal,Normal,1,1,1,1,1,1,1,1,1,1,4,1,16,-,-,-,-,-,-,-,-,-,-,-,1,NEU,89-91,3/4,Normal,1,24,-,-,-,1,3,5,5,108,110,74,-,-,-,-,-,-,-,127,-,-,-,-,-,-,-,-,127,-,98,73,99,94,6,6,31,24,2,1,1,0,0,2,2,7,0,0,0,0,0,4,1,1.1,-0.13,1,-2.3,-0.1,4.26,0,1,-0.5,0.0,0,0,0,0,0,0,0,0.0,0,0,0,0,0,0,0,0,0,0,0,0,0,0,0,0,0,0,0,0,0,0.00,0,0,0,0,0,0.0,0.0,0.0,0.00,6,6,22,0,21,1,0,0,3.38,0.6,1.014,0,0,56.0,0,0,15,15,5,4,2,2,2,0,2,0,0.0,-0.2
CF,Andy Pafko,Andy,Pafko,NoseKerim Astea Kerim,6' 0',190 lbs,R,R,98,Chicago Cubs,CHC,1950,1946-1960,PTCS,86290,Diamond,PTCS 4 - Historical All-Star  CF Andy Pafko  CHC  1950,0,N,0,78,98,149,116,161,78,88,101,137,202,78,103,166,110,147,48,41,Normal,Normal,Normal,1,1,1,4,1,1,1,4,1,1,1,4,16,-,-,-,-,-,-,-,-,-,-,-,1,NEU,89-91,OTT,Normal,1,5,-,-,-,89,46,103,73,102,59,97,-,-,-,-,87,-,120,107,120,128,-,-,-,87,-,120,107,120,55,54,38,69,22,22,92,82,21,14,2,2,3,13,13,8,0,1,0,1,0,8,2,11.8,0.53,12,1.1,0.4,3.52,0,0,0.0,0.4,0,0,0,0,0,0,0,0.0,0,0,0,0,0,0,0,0,0,0,0,0,0,0,0,0,0,0,0,0,0,0.00,0,0,0,0,0,0.0,0.0,0.0,0.00,23,22,46,29,13,4,0,0,1.89,-0.5,.951,0,0,200.1,0,0,36,32,10,7,2,1,4,3,2,0,0.0,0.0
CF,Andy Pafko,Andy,Pafko,Charlotte Hellcats GH,6' 0',190 lbs,R,R,98,Chicago Cubs,CHC,1950,1946-1960,PTCS,86290,Diamond,PTCS 4 - Historical All-Star  CF Andy Pafko  CHC  1950,0,N,0,78,98,149,116,161,78,88,101,137,202,78,103,166,110,147,48,41,Normal,Normal,Normal,1,1,1,4,1,1,1,4,1,1,1,4,16,-,-,-,-,-,-,-,-,-,-,-,1,NEU,89-91,OTT,Normal,1,5,-,-,-,89,46,103,73,102,59,97,-,-,-,-,87,-,120,107,120,128,-,-,-,87,-,120,107,120,55,54,38,69,17,17,99,84,34,29,2,0,3,28,32,13,0,0,0,2,0,8,1,22.5,0.38,21,9.9,1.4,4.21,0,1,-0.6,0.7,0,0,0,0,0,0,0,0.0,0,0,0,0,0,0,0,0,0,0,0,0,0,0,0,0,0,0,0,0,0,0.00,0,0,0,0,0,0.0,0.0,0.0,0.00,18,17,39,0,38,1,0,0,2.24,0.4,1.014,0,0,153.0,0,0,28,28,10,7,2,1,8,2,3,0,0.0,-0.4
CF,AJ Pollock,AJ,Pollock,Chicago Rat Finks - HotL,6' 1',210 lbs,R,R,87,Arizona Diamondbacks,ARI,2015,2015+,PTCS,86699,Gold,PTCS 6 - Hardware Heroes  CF AJ Pollock  ARI  2015,0,N,0,139,132,87,93,126,143,120,96,84,132,138,136,85,97,124,64,91,Line Drive,Normal,Normal,1,1,1,2,1,1,1,2,1,1,1,2,16,-,-,-,-,-,-,-,-,-,-,-,1,NEU,90-92,3/4,Normal,1,3,-,-,-,3,2,1,3,112,92,47,-,-,-,-,-,-,127,115,-,-,-,-,-,-,-,127,115,-,103,108,117,96,4,4,20,20,7,3,1,1,2,3,5,0,0,0,0,0,0,2,0,5.8,0.27,5,2.6,0.3,3.70,1,0,0.2,-0.4,0,0,0,0,0,0,0,0.0,0,0,0,0,0,0,0,0,0,0,0,0,0,0,0,0,0,0,0,0,0,0.00,0,0,0,0,0,0.0,0.0,0.0,0.00,5,4,8,0,8,0,0,0,1.89,-0.1,1.017,0,0,38.0,0,0,6,6,1,1,4,1,0,0,1,0,0.0,-0.3
CF,AJ Pollock,AJ,Pollock,Shibuya Shredders - GH,6' 1',210 lbs,R,R,87,Arizona Diamondbacks,ARI,2015,2015+,PTCS,86699,Gold,PTCS 6 - Hardware Heroes  CF AJ Pollock  ARI  2015,0,N,0,139,132,87,93,126,143,120,96,84,132,138,136,85,97,124,64,91,Line Drive,Normal,Normal,1,1,1,2,1,1,1,2,1,1,1,2,16,-,-,-,-,-,-,-,-,-,-,-,1,NEU,90-92,3/4,Normal,1,3,-,-,-,3,2,1,3,112,92,47,-,-,-,-,-,-,127,115,-,-,-,-,-,-,-,127,115,-,103,108,117,96,9,4,20,17,6,4,1,0,1,1,6,3,0,0,0,0,0,6,0,4.3,0.08,4,2.1,0.3,4.20,0,1,-0.5,0.8,0,0,0,0,0,0,0,0.0,0,0,0,0,0,0,0,0,0,0,0,0,0,0,0,0,0,0,0,0,0,0.00,0,0,0,0,0,0.0,0.0,0.0,0.00,6,4,4,0,4,0,0,0,0.92,-0.4,1.022,0,0,39.0,0,0,3,3,3,1,0,0,0,0,1,0,0.0,-0.0
CF,AJ Pollock,AJ,Pollock,Lowlyworm's Apple Car,6' 1',210 lbs,R,R,87,Arizona Diamondbacks,ARI,2015,2015+,PTCS,86699,Gold,PTCS 6 - Hardware Heroes  CF AJ Pollock  ARI  2015,0,N,0,139,132,87,93,126,143,120,96,84,132,138,136,85,97,124,64,91,Line Drive,Normal,Normal,1,1,1,2,1,1,1,2,1,1,1,2,16,-,-,-,-,-,-,-,-,-,-,-,1,NEU,90-92,3/4,Normal,1,3,-,-,-,3,2,1,3,112,92,47,-,-,-,-,-,-,127,115,-,-,-,-,-,-,-,127,115,-,103,108,117,96,8,8,35,30,5,4,1,0,0,0,3,4,0,0,1,0,0,5,0,1.9,-0.40,1,-2.9,-0.2,3.60,0,0,0.0,0.6,0,0,0,0,0,0,0,0.0,0,0,0,0,0,0,0,0,0,0,0,0,0,0,0,0,0,0,0,0,0,0.00,0,0,0,0,0,0.0,0.0,0.0,0.00,8,8,12,0,11,1,0,0,1.46,-0.5,1.027,0,0,68.0,0,0,11,11,1,0,2,0,1,0,1,0,0.0,-0.3
CF,Jimmy Ryan,Jimmy,Ryan,Winnipeg Golden Knights,5' 9',160 lbs,R,L,99,Chicago Colts,CHC,1888,2026,ME,83841,Diamond,Live Collection Reward - Snapshot  CF Jimmy Ryan  CHC  1888,0,N,0,96,114,100,83,98,118,126,111,87,91,91,110,98,82,102,6,5,Line Drive,Normal,Normal,37,55,40,84,37,51,55,94,37,57,35,81,57,-,-,-,52,61,-,-,-,-,-,-,3,NEU,87-89,3/4,Normal,11,54,-,-,-,8,3,10,1,78,69,82,-,-,-,-,-,-,93,72,91,8,-,-,-,-,-,93,72,91,89,86,95,90,11,11,49,45,17,14,1,2,0,5,4,3,0,1,0,0,0,13,0,9.6,0.12,9,3.4,0.4,4.04,1,1,-0.3,-0.0,0,0,0,0,0,0,0,0.0,0,0,0,0,0,0,0,0,0,0,0,0,0,0,0,0,0,0,0,0,0,0.00,0,0,0,0,0,0.0,0.0,0.0,0.00,13,11,24,0,24,0,0,0,2.16,0.1,1.027,0,0,100.0,0,0,23,22,2,1,0,0,2,0,4,1,0.0,-0.3
CF,Jimmy Ryan,Jimmy,Ryan,Dubuque Packers,5' 9',160 lbs,R,L,99,Chicago Colts,CHC,1888,2026,ME,83841,Diamond,Live Collection Reward - Snapshot  CF Jimmy Ryan  CHC  1888,0,N,0,96,114,100,83,98,118,126,111,87,91,91,110,98,82,102,6,5,Line Drive,Normal,Normal,37,55,40,84,37,51,55,94,37,57,35,81,57,-,-,-,52,61,-,-,-,-,-,-,3,NEU,87-89,3/4,Normal,11,54,-,-,-,8,3,10,1,78,69,82,-,-,-,-,-,-,93,72,91,8,-,-,-,-,-,93,72,91,89,86,95,90,8,8,35,31,6,5,1,0,0,0,2,3,0,1,0,0,0,10,0,2.3,-0.24,2,-2.1,-0.1,4.43,0,0,0.0,0.3,0,0,0,0,0,0,0,0.0,0,0,0,0,0,0,0,0,0,0,0,0,0,0,0,0,0,0,0,0,0,0.00,0,0,0,0,0,0.0,0.0,0.0,0.00,8,8,25,0,24,1,0,0,3.04,0.3,1.020,0,0,71.0,0,0,20,20,3,3,2,1,2,0,5,0,0.0,-0.2
CF,Jimmy Ryan,Jimmy,Ryan,New York Jackhammers,5' 9',160 lbs,R,L,99,Chicago Colts,CHC,1888,2026,ME,83841,Diamond,Live Collection Reward - Snapshot  CF Jimmy Ryan  CHC  1888,0,N,0,96,114,100,83,98,118,126,111,87,91,91,110,98,82,102,6,5,Line Drive,Normal,Normal,37,55,40,84,37,51,55,94,37,57,35,81,57,-,-,-,52,61,-,-,-,-,-,-,3,NEU,87-89,3/4,Normal,11,54,-,-,-,8,3,10,1,78,69,82,-,-,-,-,-,-,93,72,91,8,-,-,-,-,-,93,72,91,89,86,95,90,11,11,43,39,5,3,1,0,1,4,3,2,0,1,0,1,0,11,0,1.8,-0.25,0,-4.6,-0.4,4.02,1,1,-0.3,0.4,0,0,0,0,0,0,0,0.0,0,0,0,0,0,0,0,0,0,0,0,0,0,0,0,0,0,0,0,0,0,0.00,0,0,0,0,0,0.0,0.0,0.0,0.00,11,11,16,0,16,0,0,0,1.50,-0.8,.954,0,0,96.0,0,0,13,13,3,2,4,1,3,0,4,0,0.0,-0.2
CF,Chick Stahl,Chick,Stahl,Zanesville Greys,5' 10',160 lbs,L,L,93,Boston Beaneaters,ATL,1899,2026,,86583,Diamond,Young & Old 2 - Snapshot  RF Chick Stahl  BSN  1899,0,N,0,116,105,86,112,149,138,82,92,90,144,110,116,85,122,150,33,4,Line Drive,Pull,Pull,1,17,1,12,2,18,1,15,1,17,1,11,17,-,-,19,-,-,-,-,-,-,-,-,2,NEU,89-91,3/4,Normal,24,5,-,-,-,10,2,9,2,100,114,94,-,-,-,-,-,-,129,111,126,10,-,-,-,-,-,129,111,126,80,82,83,71,3,3,11,10,4,3,0,0,1,1,1,1,0,0,0,0,0,0,0,3.3,0.16,2,1.6,0.1,4.00,0,0,0.0,-0.1,0,0,0,0,0,0,0,0.0,0,0,0,0,0,0,0,0,0,0,0,0,0,0,0,0,0,0,0,0,0,0.00,0,0,0,0,0,0.0,0.0,0.0,0.00,2,2,6,0,6,0,0,0,3.00,-0.1,1.014,0,0,18.0,0,0,6,6,0,0,0,0,2,0,2,0,0.0,-0.2
CF,Clint Thomas,Clint,Thomas,Oslo Nordiques,5' 9',185 lbs,R,R,88,Philadelphia Hilldale Giants,PHG,1927,1921-1945,,84536,Gold,Negro League Star  CF Clint Thomas  PHG  1927,0,N,0,76,109,85,86,87,72,122,87,96,89,78,105,85,83,87,60,70,Normal,Normal,Spray,1,1,19,7,1,1,17,7,1,1,21,7,16,-,-,-,-,-,-,-,-,-,-,-,1,GB,90-92,OTT,GB'er,1,6,45,47,55,70,61,47,72,98,74,69,-,40,-,72,52,-,113,98,106,116,40,-,72,52,-,113,98,106,78,87,78,68,3,3,15,15,2,2,0,0,0,0,0,0,0,0,0,0,0,5,0,0.3,-0.26,0,-2.4,-0.2,4.07,0,0,0.0,0.0,0,0,0,0,0,0,0,0.0,0,0,0,0,0,0,0,0,0,0,0,0,0,0,0,0,0,0,0,0,0,0.00,0,0,0,0,0,0.0,0.0,0.0,0.00,3,3,12,0,10,2,0,0,2.84,-0.1,1.014,0,0,31.2,0,0,6,6,5,3,1,1,2,0,0,0,0.0,0.0
CF,Roy Thomas,Roy,Thomas,Zanesville Greys,5' 11',150 lbs,L,L,82,Philadelphia Phillies,PHI,1903,2026,BBR,86784,Gold,September Stars - Baseball Reference 8  CF Roy Thomas  PHI  1903,0,N,0,151,65,30,204,120,117,38,60,210,120,162,70,10,202,120,53,41,Groundball,Pull,Pull,1,1,1,5,1,1,1,5,1,1,1,5,-,-,-,16,-,17,-,-,-,-,-,-,2,NEU,90-92,OTT,Normal,1,7,-,-,-,3,1,6,6,105,75,89,-,-,-,-,-,-,-,112,-,-,-,-,-,-,-,-,112,-,68,56,74,75,2,2,8,8,2,2,0,0,0,0,0,0,0,0,0,0,0,2,1,0.2,-0.15,0,-0.6,-0.1,4.00,0,0,0.0,0.0,0,0,0,0,0,0,0,0.0,0,0,0,0,0,0,0,0,0,0,0,0,0,0,0,0,0,0,0,0,0,0.00,0,0,0,0,0,0.0,0.0,0.0,0.00,0,0,0,0,0,0,0,0,0.00,0.0,.000,0,0,0.0,0,0,0,0,0,0,0,0,0,0,0,0,0.0,0.0
CF,Bill Tuttle,Bill,Tuttle,Chicago Beans,6' 0',190 lbs,R,R,59,Kansas City Athletics,OAK,1959,1946-1960,CS,86649,Iron,Clubhouse - Unsung Heroes  CF Bill Tuttle  KC1  1959,0,N,0,89,71,46,105,133,78,77,58,110,117,93,70,43,104,138,43,26,Normal,Normal,Normal,1,1,1,4,1,1,1,4,1,1,1,4,16,17,17,-,-,-,-,-,-,-,-,-,3,NEU,89-91,OTT,Normal,1,10,-,-,-,86,55,95,48,110,81,121,-,-,-,-,82,-,-,126,-,128,-,-,-,82,-,-,126,-,71,60,65,79,5,1,6,6,0,0,0,0,0,0,1,0,0,0,0,0,0,1,0,0.0,-0.16,0,-1.6,-0.1,4.67,0,0,0.0,0.0,0,0,0,0,0,0,0,0.0,0,0,0,0,0,0,0,0,0,0,0,0,0,0,0,0,0,0,0,0,0,0.00,0,0,0,0,0,0.0,0.0,0.0,0.00,4,1,5,0,5,0,0,0,3.00,0.2,1.014,0,0,15.0,0,0,3,3,1,1,1,0,1,1,1,0,0.0,-0.2
CF,Alex Verdugo,Alex,Verdugo,Arkham Horrors,6' 0',210 lbs,L,L,70,Los Angeles Dodgers,LAD,2019,2015+,,83659,Silver,Snapshot  CF Alex Verdugo  LAD  2019,0,N,0,64,74,66,68,111,70,61,60,65,107,62,79,69,69,113,19,9,Normal,Normal,Normal,1,1,1,7,1,1,1,7,1,1,1,7,16,-,-,-,-,-,-,-,-,-,-,-,1,GB,91-93,3/4,GB'er,1,10,-,-,-,9,10,6,10,86,44,110,-,-,-,-,-,-,103,86,108,17,-,-,-,-,-,103,86,108,51,35,74,53,3,3,12,11,2,2,0,0,0,1,0,0,0,0,0,1,0,6,0,0.4,-0.30,0,-1.7,-0.2,4.00,0,0,0.0,-0.6,0,0,0,0,0,0,0,0.0,0,0,0,0,0,0,0,0,0,0,0,0,0,0,0,0,0,0,0,0,0,0.00,0,0,0,0,0,0.0,0.0,0.0,0.00,3,3,6,0,6,0,0,0,2.16,0.1,1.014,0,0,25.0,0,0,6,6,0,0,0,0,0,0,1,0,0.0,-0.1
RF,Jo Adell,Jo,Adell,Montrose Cobblers,6' 3',215 lbs,R,R,92,Los Angeles Angels,ANA,2026,2026,,84798,Diamond,3-Home Run Robbery Game  RF Jo Adell  LAA  2026,0,Y,5,89,66,128,97,81,103,70,135,101,86,85,65,127,96,80,5,9,Normal,Pull,Pull,1,1,1,7,1,1,1,7,1,1,1,7,17,-,-,-,-,-,-,-,-,-,-,-,1,NEU,94-96,OTT,Normal,1,2,-,-,-,8,4,5,6,115,100,60,-,-,-,-,-,-,-,-,131,10,-,-,-,-,-,-,-,131,40,22,76,41,9,9,33,32,6,4,0,0,2,3,2,1,0,0,0,0,0,8,1,2.2,-0.35,2,-1.8,-0.0,4.00,0,0,0.0,0.0,0,0,0,0,0,0,0,0.0,0,0,0,0,0,0,0,0,0,0,0,0,0,0,0,0,0,0,0,0,0,0.00,0,0,0,0,0,0.0,0.0,0.0,0.00,9,9,23,0,22,1,0,0,2.54,1.3,1.069,0,0,78.0,0,0,15,15,5,4,1,1,2,1,3,1,0.0,-0.3
RF,Felipe Alou,Felipe,Alou,Freedom Grabbers - HotL,6' 0',195 lbs,R,R,92,Atlanta Braves,ATL,1966,1961-1979,,85815,Diamond,Family Connections - Historical All-Star  1B Felipe Alou  ATL  1966,0,Y,5,114,118,126,40,153,114,115,117,67,164,114,119,130,29,150,49,36,Normal,Normal,Normal,1,1,1,9,1,1,1,9,1,1,1,9,16,-,-,-,-,-,-,-,-,-,-,-,1,GB,90-92,3/4,GB'er,1,3,-,-,-,54,35,71,81,92,77,110,-,-,75,-,-,-,125,105,128,105,-,75,-,-,-,125,105,128,66,41,38,105,16,16,62,60,22,12,6,4,0,9,10,0,0,0,1,1,0,8,1,12.5,0.74,11,4.0,0.5,3.58,0,0,0.0,0.5,0,0,0,0,0,0,0,0.0,0,0,0,0,0,0,0,0,0,0,0,0,0,0,0,0,0,0,0,0,0,0.00,0,0,0,0,0,0.0,0.0,0.0,0.00,16,16,46,1,42,3,0,0,2.74,-0.4,1.027,0,0,141.0,0,0,36,36,6,1,6,4,7,1,6,0,0.0,-0.8
RF,Garret Anderson,Garret,Anderson,Sydney Whalers,6' 3',190 lbs,L,L,99,Anaheim Angels,ANA,2003,1993-2004,ME,85074,Diamond,Celebrating GA - Hardware Heroes  LF Garret Anderson  ANA  2003,0,N,0,109,132,103,57,112,112,125,87,44,105,108,134,111,61,115,3,3,Normal,Pull,Pull,1,1,1,1,1,1,1,1,1,1,1,1,16,-,-,-,-,-,-,-,-,-,-,-,1,NEU,90-92,OTT,Normal,1,20,-,-,-,6,7,5,9,103,120,111,-,-,-,-,-,-,137,120,138,10,-,-,-,-,-,137,120,138,44,33,56,36,4,4,15,14,3,3,0,0,0,2,2,1,0,0,0,0,0,2,0,0.9,0.19,0,-1.1,-0.1,3.67,0,0,0.0,-0.6,0,0,0,0,0,0,0,0.0,0,0,0,0,0,0,0,0,0,0,0,0,0,0,0,0,0,0,0,0,0,0.00,0,0,0,0,0,0.0,0.0,0.0,0.00,4,4,6,1,5,0,0,0,1.54,0.1,1.020,0,0,35.0,0,0,3,3,1,0,2,2,0,0,1,0,0.0,0.6
RF,Garret Anderson,Garret,Anderson,Genericsville Generics,6' 3',190 lbs,L,L,99,Anaheim Angels,ANA,2003,1993-2004,ME,85074,Diamond,Celebrating GA - Hardware Heroes  LF Garret Anderson  ANA  2003,0,N,0,109,132,103,57,112,112,125,87,44,105,108,134,111,61,115,3,3,Normal,Pull,Pull,1,1,1,1,1,1,1,1,1,1,1,1,16,-,-,-,-,-,-,-,-,-,-,-,1,NEU,90-92,OTT,Normal,1,20,-,-,-,6,7,5,9,103,120,111,-,-,-,-,-,-,137,120,138,10,-,-,-,-,-,137,120,138,44,33,56,36,7,7,29,27,4,3,1,0,0,1,0,1,0,0,0,1,0,6,0,1.0,-0.27,0,-3.8,-0.3,3.93,0,0,0.0,0.0,0,0,0,0,0,0,0,0.0,0,0,0,0,0,0,0,0,0,0,0,0,0,0,0,0,0,0,0,0,0,0.00,0,0,0,0,0,0.0,0.0,0.0,0.00,7,7,16,0,16,0,0,0,2.30,0.0,1.020,0,0,62.2,0,0,12,12,3,2,3,1,2,1,3,0,0.0,0.3
RF,John Anderson,John,Anderson,Toronto Terns PCK,6' 2',215 lbs,S,R,97,Washington Senators,WHS,1898,2026,CS,85719,Diamond,Clubhouse - SwitchKnucklers - Snapshot  1B John Anderson  WAS  1898,0,N,0,117,158,105,53,141,109,145,105,61,160,120,162,105,50,135,16,5,Line Drive,Pull,Pull,1,1,1,7,1,1,1,7,1,1,1,7,16,-,-,-,-,-,-,-,-,-,-,-,1,GB,90-92,3/4,GB'er,1,18,-,-,-,40,43,50,39,68,63,75,-,-,72,-,-,-,80,56,77,88,-,72,-,-,-,80,56,77,76,67,93,75,4,4,17,17,4,3,1,0,0,0,4,0,0,0,0,0,0,1,0,1.2,-0.13,0,-1.2,-0.1,3.59,0,0,0.0,0.7,0,0,0,0,0,0,0,0.0,0,0,0,0,0,0,0,0,0,0,0,0,0,0,0,0,0,0,0,0,0,0.00,0,0,0,0,0,0.0,0.0,0.0,0.00,5,4,14,1,13,0,0,0,3.71,-0.2,.942,0,0,34.0,0,0,8,8,2,1,3,2,0,0,1,0,0.0,-0.4
RF,Mookie Betts,Mookie,Betts,Gamehendge Lizards - HotL,5' 9',180 lbs,R,R,98,Boston Red Sox,BOS,2016,2015+,BBR,86468,Diamond,Baseball Reference 7  RF Mookie Betts  BOS  2016,0,Y,5,108,151,100,77,147,56,149,132,66,156,130,151,92,82,143,64,57,Normal,Ex. Pull,Pull,1,1,1,1,1,1,1,1,1,1,1,1,16,-,-,-,-,-,-,-,-,-,-,-,1,NEU,91-93,3/4,Normal,1,15,-,-,-,84,43,92,69,117,117,113,-,-,-,87,-,-,-,149,162,130,-,-,87,-,-,-,149,162,86,78,112,116,5,5,21,18,6,3,2,0,1,4,4,2,0,1,0,0,0,4,0,5.0,0.13,4,2.2,0.3,3.52,0,0,0.0,0.5,0,0,0,0,0,0,0,0.0,0,0,0,0,0,0,0,0,0,0,0,0,0,0,0,0,0,0,0,0,0,0.00,0,0,0,0,0,0.0,0.0,0.0,0.00,5,5,2,0,2,0,0,0,0.42,-0.2,1.020,0,0,43.0,0,0,2,2,1,0,0,0,0,0,0,0,0.0,0.0
RF,Mookie Betts,Mookie,Betts,Chicago Gamblers - E6,5' 9',180 lbs,R,R,98,Boston Red Sox,BOS,2016,2015+,BBR,86468,Diamond,Baseball Reference 7  RF Mookie Betts  BOS  2016,0,Y,5,108,151,100,77,147,56,149,132,66,156,130,151,92,82,143,64,57,Normal,Ex. Pull,Pull,1,1,1,1,1,1,1,1,1,1,1,1,16,-,-,-,-,-,-,-,-,-,-,-,1,NEU,91-93,3/4,Normal,1,15,-,-,-,84,43,92,69,117,117,113,-,-,-,87,-,-,-,149,162,130,-,-,87,-,-,-,149,162,86,78,112,116,22,22,100,91,19,12,5,0,2,10,11,2,0,0,6,1,0,22,1,6.9,-0.77,4,-7.7,-0.5,3.69,1,0,0.2,0.3,0,0,0,0,0,0,0,0.0,0,0,0,0,0,0,0,0,0,0,0,0,0,0,0,0,0,0,0,0,0,0.00,0,0,0,0,0,0.0,0.0,0.0,0.00,22,22,40,1,39,0,0,0,1.74,-0.0,1.020,0,0,206.2,0,0,33,33,6,4,3,1,5,0,6,1,0.0,-0.3
RF,Mookie Betts,Mookie,Betts,Freedom Grabbers - HotL,5' 9',180 lbs,R,R,98,Boston Red Sox,BOS,2016,2015+,BBR,86468,Diamond,Baseball Reference 7  RF Mookie Betts  BOS  2016,0,Y,5,108,151,100,77,147,56,149,132,66,156,130,151,92,82,143,64,57,Normal,Ex. Pull,Pull,1,1,1,1,1,1,1,1,1,1,1,1,16,-,-,-,-,-,-,-,-,-,-,-,1,NEU,91-93,3/4,Normal,1,15,-,-,-,84,43,92,69,117,117,113,-,-,-,87,-,-,-,149,162,130,-,-,87,-,-,-,149,162,86,78,112,116,16,16,66,61,19,11,5,0,3,4,13,4,0,0,1,0,0,7,0,11.7,0.58,11,3.3,0.7,3.76,1,1,-0.3,0.3,0,0,0,0,0,0,0,0.0,0,0,0,0,0,0,0,0,0,0,0,0,0,0,0,0,0,0,0,0,0,0.00,0,0,0,0,0,0.0,0.0,0.0,0.00,16,16,44,3,40,1,0,0,2.71,1.1,.993,0,0,143.0,0,0,29,28,6,5,5,4,3,1,8,2,0.0,1.1
RF,Mookie Betts,Mookie,Betts,Arcadia Wyverns,5' 9',180 lbs,R,R,98,Boston Red Sox,BOS,2016,2015+,BBR,86468,Diamond,Baseball Reference 7  RF Mookie Betts  BOS  2016,0,N,0,100,140,92,71,136,51,138,122,60,145,120,140,85,75,133,64,57,Normal,Ex. Pull,Pull,1,1,1,1,1,1,1,1,1,1,1,1,16,-,-,-,-,-,-,-,-,-,-,-,1,NEU,91-93,3/4,Normal,1,15,-,-,-,84,43,92,69,117,117,113,-,-,-,81,-,-,-,139,151,122,-,-,81,-,-,-,139,151,86,78,112,116,4,4,16,14,3,2,1,0,0,2,2,2,0,0,0,0,0,4,0,1.4,0.01,1,-0.5,-0.1,3.75,0,0,0.0,-0.1,0,0,0,0,0,0,0,0.0,0,0,0,0,0,0,0,0,0,0,0,0,0,0,0,0,0,0,0,0,0,0.00,0,0,0,0,0,0.0,0.0,0.0,0.00,7,4,10,2,8,0,2,0,2.65,-0.4,1.025,0,0,34.0,0,0,6,6,2,1,4,1,0,0,4,0,0.0,0.0
RF,Mookie Betts,Mookie,Betts,Globo Gym Purple Cobras - JW,5' 9',180 lbs,R,R,98,Boston Red Sox,BOS,2016,2015+,BBR,86468,Diamond,Baseball Reference 7  RF Mookie Betts  BOS  2016,0,N,0,100,140,92,71,136,51,138,122,60,145,120,140,85,75,133,64,57,Normal,Ex. Pull,Pull,1,1,1,1,1,1,1,1,1,1,1,1,16,-,-,-,-,-,-,-,-,-,-,-,1,NEU,91-93,3/4,Normal,1,15,-,-,-,84,43,92,69,117,117,113,-,-,-,81,-,-,-,139,151,122,-,-,81,-,-,-,139,151,86,78,112,116,5,5,21,20,6,5,0,0,1,2,1,1,0,0,0,0,0,2,1,2.8,-0.06,2,0.4,0.1,3.24,1,0,0.2,0.0,0,0,0,0,0,0,0,0.0,0,0,0,0,0,0,0,0,0,0,0,0,0,0,0,0,0,0,0,0,0,0.00,0,0,0,0,0,0.0,0.0,0.0,0.00,5,5,14,0,13,1,0,0,2.54,0.6,1.104,0,0,46.0,0,0,10,10,3,3,0,0,2,0,1,0,0.0,-0.4
RF,Mookie Betts,Mookie,Betts,Zanesville Greys,5' 9',180 lbs,R,R,98,Boston Red Sox,BOS,2016,2015+,BBR,86468,Diamond,Baseball Reference 7  RF Mookie Betts  BOS  2016,0,N,0,100,140,92,71,136,51,138,122,60,145,120,140,85,75,133,64,57,Normal,Ex. Pull,Pull,1,1,1,1,1,1,1,1,1,1,1,1,16,-,-,-,-,-,-,-,-,-,-,-,1,NEU,91-93,3/4,Normal,1,15,-,-,-,84,43,92,69,117,117,113,-,-,-,81,-,-,-,139,151,122,-,-,81,-,-,-,139,151,86,78,112,116,3,3,11,10,4,3,1,0,0,0,1,1,0,0,0,0,0,1,0,2.4,-0.00,2,0.9,0.1,2.91,0,0,0.0,-0.0,0,0,0,0,0,0,0,0.0,0,0,0,0,0,0,0,0,0,0,0,0,0,0,0,0,0,0,0,0,0,0.00,0,0,0,0,0,0.0,0.0,0.0,0.00,3,3,7,0,7,0,0,0,2.42,0.2,1.020,0,0,26.0,0,0,6,6,0,0,1,1,1,0,0,0,0.0,-0.3
RF,Miguel Cabrera,Miguel,Cabrera,Youngstown Ironmen,6' 4',240 lbs,R,R,72,Florida Marlins,FLA,2004,1993-2004,PTCS,86603,Silver,PTCS 6 - Historical All-Star  RF Miguel Cabrera  FLO  2004,0,N,0,111,68,125,116,71,75,68,116,168,78,128,69,128,100,69,3,2,Flyball,Normal,Spray,1,1,1,2,1,1,1,2,1,1,1,2,16,-,-,-,-,-,-,-,-,-,-,-,1,NEU,91-93,OTT,Normal,1,16,-,-,-,61,64,71,54,63,38,97,-,-,-,-,61,-,74,-,78,115,-,-,-,61,-,74,-,78,43,16,55,54,7,7,32,31,9,8,0,0,1,6,5,0,0,0,0,1,0,9,0,3.5,0.13,3,-0.8,-0.1,4.28,0,0,0.0,0.1,0,0,0,0,0,0,0,0.0,0,0,0,0,0,0,0,0,0,0,0,0,0,0,0,0,0,0,0,0,0,0.00,0,0,0,0,0,0.0,0.0,0.0,0.00,7,7,9,0,9,0,0,0,1.28,-0.1,1.020,0,0,63.1,0,0,9,9,0,0,0,0,3,0,1,0,0.0,-0.7
RF,Shin-Soo Choo,Shin-Soo,Choo,Everett Aqua Sox,5' 11',215 lbs,L,L,94,Cleveland Guardians,CLE,2009,2005-2014,LE,86681,Diamond,Limited Edition/78  RF Shin-Soo Choo  CLE  2009,0,N,0,163,127,98,178,87,145,110,92,170,77,169,133,101,181,90,3,14,Line Drive,Pull,Spray,1,1,1,1,1,1,1,1,1,1,1,1,16,-,-,-,-,-,-,-,-,-,-,-,1,NEU,90-92,3/4,Normal,1,6,-,-,-,9,5,4,3,84,73,119,-,-,-,-,-,-,108,88,115,11,-,-,-,-,-,108,88,115,74,69,119,78,7,7,31,30,11,4,3,0,4,15,8,1,0,0,0,0,0,7,3,7.6,0.44,8,5.2,0.5,3.87,0,0,0.0,-0.0,0,0,0,0,0,0,0,0.0,0,0,0,0,0,0,0,0,0,0,0,0,0,0,0,0,0,0,0,0,0,0.00,0,0,0,0,0,0.0,0.0,0.0,0.00,2,1,2,0,2,0,0,0,2.25,0.1,1.020,0,0,8.0,0,0,1,1,1,1,0,0,0,0,1,0,0.0,-0.4
RF,Shin-Soo Choo,Shin-Soo,Choo,Brookline Bees,5' 11',215 lbs,L,L,94,Cleveland Guardians,CLE,2009,2005-2014,LE,86681,Diamond,Limited Edition/78  RF Shin-Soo Choo  CLE  2009,0,N,0,163,127,98,178,87,145,110,92,170,77,169,133,101,181,90,3,14,Line Drive,Pull,Spray,1,1,1,1,1,1,1,1,1,1,1,1,16,-,-,-,-,-,-,-,-,-,-,-,1,NEU,90-92,3/4,Normal,1,6,-,-,-,9,5,4,3,84,73,119,-,-,-,-,-,-,108,88,115,11,-,-,-,-,-,108,88,115,74,69,119,78,3,3,15,12,6,3,3,0,0,0,3,3,0,0,0,0,0,3,0,5.9,0.17,4,3.1,0.4,4.27,0,0,0.0,-0.1,0,0,0,0,0,0,0,0.0,0,0,0,0,0,0,0,0,0,0,0,0,0,0,0,0,0,0,0,0,0,0.00,0,0,0,0,0,0.0,0.0,0.0,0.00,3,3,10,0,10,0,0,0,3.46,0.2,1.020,0,0,26.0,0,0,7,7,3,3,1,0,0,0,0,0,0.0,-0.1
RF,Shin-Soo Choo,Shin-Soo,Choo,Watertown Sword Guys TBD,5' 11',215 lbs,L,L,94,Cleveland Guardians,CLE,2009,2005-2014,LE,86681,Diamond,Limited Edition/78  RF Shin-Soo Choo  CLE  2009,0,N,0,163,127,98,178,87,145,110,92,170,77,169,133,101,181,90,3,14,Line Drive,Pull,Spray,1,1,1,1,1,1,1,1,1,1,1,1,16,-,-,-,-,-,-,-,-,-,-,-,1,NEU,90-92,3/4,Normal,1,6,-,-,-,9,5,4,3,84,73,119,-,-,-,-,-,-,108,88,115,11,-,-,-,-,-,108,88,115,74,69,119,78,7,7,32,27,8,6,2,0,0,0,4,5,0,0,0,0,0,5,0,4.8,0.09,4,1.0,0.1,3.44,1,0,0.2,0.0,0,0,0,0,0,0,0,0.0,0,0,0,0,0,0,0,0,0,0,0,0,0,0,0,0,0,0,0,0,0,0.00,0,0,0,0,0,0.0,0.0,0.0,0.00,7,7,18,0,17,1,0,0,2.51,-0.4,1.020,0,0,61.0,0,0,13,13,4,3,4,1,2,0,3,0,0.0,-0.4
RF,Shin-Soo Choo,Shin-Soo,Choo,Chicago Beans,5' 11',215 lbs,L,L,94,Cleveland Guardians,CLE,2009,2005-2014,LE,86681,Diamond,Limited Edition/78  RF Shin-Soo Choo  CLE  2009,0,N,0,163,127,98,178,87,145,110,92,170,77,169,133,101,181,90,3,14,Line Drive,Pull,Spray,1,1,1,1,1,1,1,1,1,1,1,1,16,-,-,-,-,-,-,-,-,-,-,-,1,NEU,90-92,3/4,Normal,1,6,-,-,-,9,5,4,3,84,73,119,-,-,-,-,-,-,108,88,115,11,-,-,-,-,-,108,88,115,74,69,119,78,8,8,40,33,10,8,2,0,0,8,5,5,0,0,0,2,0,10,1,5.2,0.03,5,0.4,0.2,4.10,1,0,0.2,-0.2,0,0,0,0,0,0,0,0.0,0,0,0,0,0,0,0,0,0,0,0,0,0,0,0,0,0,0,0,0,0,0.00,0,0,0,0,0,0.0,0.0,0.0,0.00,8,8,17,1,16,0,0,0,1.96,0.4,1.020,0,0,78.0,0,0,10,10,6,5,1,1,0,0,5,0,0.0,0.1
RF,Shin-Soo Choo,Shin-Soo,Choo,Looking Glass Loopers TBD,5' 11',215 lbs,L,L,94,Cleveland Guardians,CLE,2009,2005-2014,LE,86681,Diamond,Limited Edition/78  RF Shin-Soo Choo  CLE  2009,0,N,0,163,127,98,178,87,145,110,92,170,77,169,133,101,181,90,3,14,Line Drive,Pull,Spray,1,1,1,1,1,1,1,1,1,1,1,1,16,-,-,-,-,-,-,-,-,-,-,-,1,NEU,90-92,3/4,Normal,1,6,-,-,-,9,5,4,3,84,73,119,-,-,-,-,-,-,108,88,115,11,-,-,-,-,-,108,88,115,74,69,119,78,3,3,9,8,1,1,0,0,0,0,1,1,0,0,0,0,0,3,0,0.3,-0.16,0,-1.0,-0.1,4.44,0,0,0.0,0.0,0,0,0,0,0,0,0,0.0,0,0,0,0,0,0,0,0,0,0,0,0,0,0,0,0,0,0,0,0,0,0.00,0,0,0,0,0,0.0,0.0,0.0,0.00,3,3,8,0,8,0,0,0,3.79,0.0,1.020,0,0,19.0,0,0,8,8,0,0,0,0,1,0,0,0,0.0,-0.1
RF,Shin-Soo Choo,Shin-Soo,Choo,Great Lakes Man-of-War-HOTL,5' 11',215 lbs,L,L,94,Cleveland Guardians,CLE,2009,2005-2014,LE,86681,Diamond,Limited Edition/78  RF Shin-Soo Choo  CLE  2009,0,N,0,163,127,98,178,87,145,110,92,170,77,169,133,101,181,90,3,14,Line Drive,Pull,Spray,1,1,1,1,1,1,1,1,1,1,1,1,16,-,-,-,-,-,-,-,-,-,-,-,1,NEU,90-92,3/4,Normal,1,6,-,-,-,9,5,4,3,84,73,119,-,-,-,-,-,-,108,88,115,11,-,-,-,-,-,108,88,115,74,69,119,78,5,4,19,15,4,3,1,0,0,3,2,3,0,0,1,0,0,4,1,2.2,0.10,2,-0.0,0.0,4.47,1,0,0.2,0.4,0,0,0,0,0,0,0,0.0,0,0,0,0,0,0,0,0,0,0,0,0,0,0,0,0,0,0,0,0,0,0.00,0,0,0,0,0,0.0,0.0,0.0,0.00,4,4,11,0,10,1,0,0,2.65,-0.8,.907,0,0,34.0,0,0,10,9,0,0,2,1,3,0,2,0,0.0,0.0
RF,Shin-Soo Choo,Shin-Soo,Choo,False Hustle,5' 11',215 lbs,L,L,94,Cleveland Guardians,CLE,2009,2005-2014,LE,86681,Diamond,Limited Edition/78  RF Shin-Soo Choo  CLE  2009,0,N,0,163,127,98,178,87,145,110,92,170,77,169,133,101,181,90,3,14,Line Drive,Pull,Spray,1,1,1,1,1,1,1,1,1,1,1,1,16,-,-,-,-,-,-,-,-,-,-,-,1,NEU,90-92,3/4,Normal,1,6,-,-,-,9,5,4,3,84,73,119,-,-,-,-,-,-,108,88,115,11,-,-,-,-,-,108,88,115,74,69,119,78,3,3,13,11,2,2,0,0,0,0,1,2,0,0,0,0,0,6,0,0.8,-0.13,0,-0.8,-0.0,4.31,0,0,0.0,0.4,0,0,0,0,0,0,0,0.0,0,0,0,0,0,0,0,0,0,0,0,0,0,0,0,0,0,0,0,0,0,0.00,0,0,0,0,0,0.0,0.0,0.0,0.00,0,0,0,0,0,0,0,0,0.00,0.0,.000,0,0,0.0,0,0,0,0,0,0,0,0,0,0,0,0,0.0,0.0
RF,Shin-Soo Choo,Shin-Soo,Choo,Globo Gym Purple Cobras - JW,5' 11',215 lbs,L,L,94,Cleveland Guardians,CLE,2009,2005-2014,LE,86681,Diamond,Limited Edition/78  RF Shin-Soo Choo  CLE  2009,0,N,0,163,127,98,178,87,145,110,92,170,77,169,133,101,181,90,3,14,Line Drive,Pull,Spray,1,1,1,1,1,1,1,1,1,1,1,1,16,-,-,-,-,-,-,-,-,-,-,-,1,NEU,90-92,3/4,Normal,1,6,-,-,-,9,5,4,3,84,73,119,-,-,-,-,-,-,108,88,115,11,-,-,-,-,-,108,88,115,74,69,119,78,4,4,19,16,2,2,0,0,0,0,1,3,0,0,0,0,0,5,1,0.6,-0.36,0,-1.8,-0.1,4.63,0,0,0.0,0.1,0,0,0,0,0,0,0,0.0,0,0,0,0,0,0,0,0,0,0,0,0,0,0,0,0,0,0,0,0,0,0.00,0,0,0,0,0,0.0,0.0,0.0,0.00,4,4,11,0,11,0,0,0,2.61,0.0,1.026,0,0,38.0,0,0,10,10,1,1,1,0,1,0,0,0,0.0,-0.0
RF,Shin-Soo Choo,Shin-Soo,Choo,NoseKerim Astea Kerim,5' 11',215 lbs,L,L,94,Cleveland Guardians,CLE,2009,2005-2014,LE,86681,Diamond,Limited Edition/78  RF Shin-Soo Choo  CLE  2009,0,N,0,163,127,98,178,87,145,110,92,170,77,169,133,101,181,90,3,14,Line Drive,Pull,Spray,1,1,1,1,1,1,1,1,1,1,1,1,16,-,-,-,-,-,-,-,-,-,-,-,1,NEU,90-92,3/4,Normal,1,6,-,-,-,9,5,4,3,84,73,119,-,-,-,-,-,-,108,88,115,11,-,-,-,-,-,108,88,115,74,69,119,78,24,22,106,95,31,23,4,1,3,17,16,10,0,0,0,1,0,22,1,18.5,1.32,18,5.4,1.0,4.03,5,2,0.1,0.8,0,0,0,0,0,0,0,0.0,0,0,0,0,0,0,0,0,0,0,0,0,0,0,0,0,0,0,0,0,0,0.00,0,0,0,0,0,0.0,0.0,0.0,0.00,23,22,52,2,50,0,1,0,2.27,0.0,1.020,0,0,206.1,0,0,42,41,8,6,5,1,5,1,3,1,0.0,1.2
RF,Shin-Soo Choo,Shin-Soo,Choo,Chicago Seals,5' 11',215 lbs,L,L,94,Cleveland Guardians,CLE,2009,2005-2014,LE,86681,Diamond,Limited Edition/78  RF Shin-Soo Choo  CLE  2009,0,N,0,163,127,98,178,87,145,110,92,170,77,169,133,101,181,90,3,14,Line Drive,Pull,Spray,1,1,1,1,1,1,1,1,1,1,1,1,16,-,-,-,-,-,-,-,-,-,-,-,1,NEU,90-92,3/4,Normal,1,6,-,-,-,9,5,4,3,84,73,119,-,-,-,-,-,-,108,88,115,11,-,-,-,-,-,108,88,115,74,69,119,78,5,4,19,17,2,2,0,0,0,0,2,2,0,0,0,0,0,4,0,0.5,-0.28,0,-2.3,-0.3,4.05,0,0,0.0,0.4,0,0,0,0,0,0,0,0.0,0,0,0,0,0,0,0,0,0,0,0,0,0,0,0,0,0,0,0,0,0,0.00,0,0,0,0,0,0.0,0.0,0.0,0.00,4,4,10,0,10,0,0,0,2.33,-1.7,1.020,0,0,38.2,0,0,11,10,5,0,1,0,0,0,2,0,0.0,0.1
RF,Shin-Soo Choo,Shin-Soo,Choo,Roaming Rascals BFF,5' 11',215 lbs,L,L,94,Cleveland Guardians,CLE,2009,2005-2014,LE,86681,Diamond,Limited Edition/78  RF Shin-Soo Choo  CLE  2009,0,N,0,163,127,98,178,87,145,110,92,170,77,169,133,101,181,90,3,14,Line Drive,Pull,Spray,1,1,1,1,1,1,1,1,1,1,1,1,16,-,-,-,-,-,-,-,-,-,-,-,1,NEU,90-92,3/4,Normal,1,6,-,-,-,9,5,4,3,84,73,119,-,-,-,-,-,-,108,88,115,11,-,-,-,-,-,108,88,115,74,69,119,78,16,16,67,61,15,8,4,1,2,7,7,4,0,1,0,1,0,17,0,8.3,-0.38,8,0.0,0.1,4.15,1,1,-0.3,0.1,0,0,0,0,0,0,0,0.0,0,0,0,0,0,0,0,0,0,0,0,0,0,0,0,0,0,0,0,0,0,0.00,0,0,0,0,0,0.0,0.0,0.0,0.00,16,16,30,2,28,0,1,0,1.90,-0.8,1.058,0,0,142.0,0,0,23,23,7,3,4,1,7,1,5,0,0.0,0.6
RF,Roy Cullenbine,Roy,Cullenbine,Chicago Rat Finks - HotL,6' 1',190 lbs,S,R,88,Detroit Tigers,DET,1946,1946-1960,CS,86775,Gold,Clubhouse - Baseball Reference 8  RF Roy Cullenbine  DET  1946,0,N,0,133,84,109,240,82,128,38,95,254,77,135,94,115,236,84,26,9,Groundball,Spray,Spray,1,1,1,1,1,1,1,1,1,1,1,1,16,-,-,-,-,-,-,-,-,-,-,-,1,NEU,91-93,OTT,Normal,1,13,-,-,-,67,43,51,34,48,71,118,-,-,78,-,-,-,69,-,78,104,-,78,-,-,-,69,-,78,28,12,72,51,5,5,25,22,4,3,0,0,1,2,2,3,0,0,0,0,0,7,2,1.7,0.05,2,-0.9,0.0,4.40,1,0,0.2,0.0,0,0,0,0,0,0,0,0.0,0,0,0,0,0,0,0,0,0,0,0,0,0,0,0,0,0,0,0,0,0,0.00,0,0,0,0,0,0.0,0.0,0.0,0.00,5,5,44,7,37,0,2,0,8.14,0.4,1.054,0,0,48.2,0,0,12,12,2,2,0,0,0,0,1,0,0.0,0.3
RF,Roy Cullenbine,Roy,Cullenbine,Freedom Grabbers - HotL,6' 1',190 lbs,S,R,88,Detroit Tigers,DET,1946,1946-1960,CS,86775,Gold,Clubhouse - Baseball Reference 8  RF Roy Cullenbine  DET  1946,0,N,0,133,84,109,240,82,128,38,95,254,77,135,94,115,236,84,26,9,Groundball,Spray,Spray,1,1,1,1,1,1,1,1,1,1,1,1,16,-,-,-,-,-,-,-,-,-,-,-,1,NEU,91-93,OTT,Normal,1,13,-,-,-,67,43,51,34,48,71,118,-,-,78,-,-,-,69,-,78,104,-,78,-,-,-,69,-,78,28,12,72,51,8,5,25,20,2,1,0,0,1,1,1,5,0,0,0,0,0,7,1,1.5,-0.26,1,-1.2,-0.1,4.16,0,0,0.0,0.0,0,0,0,0,0,0,0,0.0,0,0,0,0,0,0,0,0,0,0,0,0,0,0,0,0,0,0,0,0,0,0.00,0,0,0,0,0,0.0,0.0,0.0,0.00,4,4,10,0,10,0,0,0,2.50,-0.1,1.024,0,0,36.0,0,0,9,9,0,0,3,1,1,0,0,0,0.0,-0.1
RF,Roy Cullenbine,Roy,Cullenbine,Shartlesville ShihTzus - HotL,6' 1',190 lbs,S,R,88,Detroit Tigers,DET,1946,1946-1960,CS,86775,Gold,Clubhouse - Baseball Reference 8  RF Roy Cullenbine  DET  1946,0,N,0,133,84,109,240,82,128,38,95,254,77,135,94,115,236,84,26,9,Groundball,Spray,Spray,1,1,1,1,1,1,1,1,1,1,1,1,16,-,-,-,-,-,-,-,-,-,-,-,1,NEU,91-93,OTT,Normal,1,13,-,-,-,67,43,51,34,48,71,118,-,-,78,-,-,-,69,-,78,104,-,78,-,-,-,69,-,78,28,12,72,51,1,,1,1,0,0,0,0,0,0,0,0,0,0,0,0,0,0,0,0.0,-0.06,0,-0.3,-0.0,3.00,0,0,0.0,0.0,0,0,0,0,0,0,0,0.0,0,0,0,0,0,0,0,0,0,0,0,0,0,0,0,0,0,0,0,0,0,0.00,0,0,0,0,0,0.0,0.0,0.0,0.00,0,0,0,0,0,0,0,0,0.00,0.0,.000,0,0,0.0,0,0,0,0,0,0,0,0,0,0,0,0,0.0,0.0
RF,Roy Cullenbine,Roy,Cullenbine,Castroville Mashers - JW,6' 1',190 lbs,S,R,88,Detroit Tigers,DET,1946,1946-1960,CS,86775,Gold,Clubhouse - Baseball Reference 8  RF Roy Cullenbine  DET  1946,0,N,0,133,84,109,240,82,128,38,95,254,77,135,94,115,236,84,26,9,Groundball,Spray,Spray,1,1,1,1,1,1,1,1,1,1,1,1,16,-,-,-,-,-,-,-,-,-,-,-,1,NEU,91-93,OTT,Normal,1,13,-,-,-,67,43,51,34,48,71,118,-,-,78,-,-,-,69,-,78,104,-,78,-,-,-,69,-,78,28,12,72,51,3,3,13,12,2,1,0,0,1,1,2,1,0,0,0,0,0,3,0,1.2,-0.14,1,-0.4,-0.0,4.15,0,0,0.0,0.0,0,0,0,0,0,0,0,0.0,0,0,0,0,0,0,0,0,0,0,0,0,0,0,0,0,0,0,0,0,0,0.00,0,0,0,0,0,0.0,0.0,0.0,0.00,0,0,0,0,0,0,0,0,0.00,0.0,.000,0,0,0.0,0,0,0,0,0,0,0,0,0,0,0,0,0.0,0.0
RF,Matt Diaz,Matt,Diaz,Altoona Mountain Citys,6' 0',215 lbs,R,R,67,Atlanta Braves,ATL,2006,2005-2014,,83712,Bronze,Snapshot  LF Matt Diaz  ATL  2006,0,N,0,92,64,61,58,91,71,47,75,58,109,99,68,54,58,87,37,5,Groundball,Normal,Normal,1,1,1,1,1,1,1,1,1,1,2,1,16,-,-,-,-,-,-,-,-,-,-,-,1,NEU,91-93,OTT,Normal,1,24,-,-,-,2,5,9,5,92,44,58,-,-,-,-,-,-,97,-,89,-,-,-,-,-,-,97,-,89,61,61,64,44,3,3,12,12,1,1,0,0,0,0,0,0,0,0,0,0,0,5,0,0.1,-0.14,0,-2.4,-0.2,4.08,0,0,0.0,0.0,0,0,0,0,0,0,0,0.0,0,0,0,0,0,0,0,0,0,0,0,0,0,0,0,0,0,0,0,0,0,0.00,0,0,0,0,0,0.0,0.0,0.0,0.00,3,3,10,0,10,0,0,0,3.38,0.6,1.020,0,0,26.2,0,0,7,7,0,0,3,3,1,0,0,0,0.0,-0.0
RF,Steve Finley,Steve,Finley,Three Mile Island Atomic Isotopes,6' 2',175 lbs,L,L,89,Houston Astros,HOU,1991,1980-1992,,85356,Gold,Played Where? - Snapshot  CF Steve Finley  HOU  1991,0,Y,5,121,101,66,82,130,121,79,28,72,98,121,108,72,85,143,114,118,Groundball,Spray,Spray,1,1,1,1,1,1,1,1,1,1,1,1,-,-,-,16,-,17,-,-,-,-,-,-,2,NEU,90-92,3/4,Normal,1,10,-,-,-,9,9,7,3,101,97,107,-,-,-,-,-,-,-,120,139,18,-,-,-,-,-,-,120,139,116,106,114,109,4,4,17,16,2,1,0,1,0,0,1,1,0,0,0,0,0,2,0,0.8,-0.28,0,-1.8,-0.2,4.41,0,0,0.0,0.1,0,0,0,0,0,0,0,0.0,0,0,0,0,0,0,0,0,0,0,0,0,0,0,0,0,0,0,0,0,0,0.00,0,0,0,0,0,0.0,0.0,0.0,0.00,4,4,4,0,4,0,0,0,1.06,-0.3,1.020,0,0,34.0,0,0,3,3,1,1,2,0,1,0,2,0,0.0,-0.5
RF,Curtis Granderson,Curtis,Granderson,Normal Night Owls - HotL,6' 1',200 lbs,L,R,87,New York Yankees,NYA,2011,2005-2014,BBR,86596,Gold,FLF 21 & Co. - Baseball Reference 7  CF Curtis Granderson  NYY  2011,0,N,0,91,98,145,160,78,97,84,158,94,74,89,104,141,184,80,75,83,Flyball,Ex. Pull,Pull,1,1,1,7,1,1,1,7,1,1,1,7,16,-,-,-,-,-,-,-,-,-,-,-,1,GB,90-92,OTT,GB'er,1,17,-,-,-,5,10,7,4,81,113,116,-,-,-,-,-,-,113,89,117,9,-,-,-,-,-,113,89,117,106,83,89,113,3,3,14,11,2,1,1,0,0,0,0,3,1,0,0,0,0,3,0,1.3,-0.14,0,-0.7,-0.1,4.29,0,0,0.0,-0.4,0,0,0,0,0,0,0,0.0,0,0,0,0,0,0,0,0,0,0,0,0,0,0,0,0,0,0,0,0,0,0.00,0,0,0,0,0,0.0,0.0,0.0,0.00,3,3,9,0,9,0,0,0,2.67,-0.4,1.020,0,0,30.1,0,0,8,8,1,0,3,1,1,0,1,0,0.0,-0.1
RF,Curtis Granderson,Curtis,Granderson,Charlotte Hellcats GH,6' 1',200 lbs,L,R,87,New York Yankees,NYA,2011,2005-2014,BBR,86596,Gold,FLF 21 & Co. - Baseball Reference 7  CF Curtis Granderson  NYY  2011,0,Y,5,99,106,156,172,85,105,91,170,102,81,97,113,152,198,87,75,83,Flyball,Ex. Pull,Pull,1,1,1,9,1,1,1,9,1,1,1,9,16,-,-,-,-,-,-,-,-,-,-,-,1,GB,90-92,OTT,GB'er,1,17,-,-,-,5,10,7,4,81,113,116,-,-,-,-,-,-,121,95,126,10,-,-,-,-,-,121,95,126,106,83,89,113,14,13,77,65,28,17,2,2,7,27,21,11,0,1,0,0,0,9,0,29.5,1.05,24,15.6,1.7,4.25,3,2,-0.3,0.4,0,0,0,0,0,0,0,0.0,0,0,0,0,0,0,0,0,0,0,0,0,0,0,0,0,0,0,0,0,0,0.00,0,0,0,0,0,0.0,0.0,0.0,0.00,14,13,25,0,25,0,0,0,1.96,-0.1,1.020,0,0,115.0,0,0,22,22,2,2,4,1,2,0,5,0,0.0,-0.3
RF,Chick Hafey,Chick,Hafey,Rajasthan Rifles Rifles,6' 0',185 lbs,R,R,89,St. Louis Cardinals,STL,1928,1921-1945,BBR,85939,Gold,July Jewels - Baseball Reference 4  LF Chick Hafey  STL  1928,0,N,0,124,154,131,64,91,108,150,140,73,97,130,155,128,61,90,105,92,Normal,Normal,Normal,1,1,1,1,1,1,1,1,1,1,1,1,16,-,-,-,-,-,-,-,-,-,-,-,1,NEU,90-92,3/4,Normal,1,18,-,-,-,2,1,2,7,69,65,82,-,-,-,-,-,-,83,59,81,-,-,-,-,-,-,83,59,81,79,43,70,110,5,5,22,18,4,4,0,0,0,3,1,1,0,1,2,0,0,5,1,1.3,-0.16,1,-1.6,-0.2,3.32,0,0,0.0,0.0,0,0,0,0,0,0,0,0.0,0,0,0,0,0,0,0,0,0,0,0,0,0,0,0,0,0,0,0,0,0,0.00,0,0,0,0,0,0.0,0.0,0.0,0.00,6,5,12,0,12,0,0,0,2.30,-0.6,.942,0,0,47.0,0,0,11,11,1,1,1,0,3,0,2,0,0.0,-0.2
RF,Jeffrey Hammonds,Jeffrey,Hammonds,Watertown Sword Guys TBD,6' 0',195 lbs,R,R,87,Colorado Rockies,COL,2000,1993-2004,PTMS,86119,Gold,PTMS 2  RF Jeffrey Hammonds  COL  2000,0,N,0,146,75,121,99,89,152,81,138,122,101,144,74,115,94,86,60,49,Groundball,Spray,Spray,1,1,1,7,1,1,1,7,1,1,1,7,16,-,-,-,-,-,-,-,-,-,-,-,1,GB,89-91,3/4,GB'er,1,17,-,-,-,3,5,8,10,71,120,91,-,-,-,-,-,-,99,71,97,-,-,-,-,-,-,99,71,97,66,62,68,90,7,7,31,29,8,8,0,0,0,1,4,2,0,0,0,0,0,7,1,2.5,-0.12,2,-1.1,-0.1,4.10,0,0,0.0,-0.3,0,0,0,0,0,0,0,0.0,0,0,0,0,0,0,0,0,0,0,0,0,0,0,0,0,0,0,0,0,0,0.00,0,0,0,0,0,0.0,0.0,0.0,0.00,0,0,0,0,0,0,0,0,0.00,0.0,.000,0,0,0.0,0,0,0,0,0,0,0,0,0,0,0,0,0.0,0.0
RF,Jeffrey Hammonds,Jeffrey,Hammonds,Roaming Rascals BFF,6' 0',195 lbs,R,R,87,Colorado Rockies,COL,2000,1993-2004,PTMS,86119,Gold,PTMS 2  RF Jeffrey Hammonds  COL  2000,0,N,0,146,75,121,99,89,152,81,138,122,101,144,74,115,94,86,60,49,Groundball,Spray,Spray,1,1,1,7,1,1,1,7,1,1,1,7,16,-,-,-,-,-,-,-,-,-,-,-,1,GB,89-91,3/4,GB'er,1,17,-,-,-,3,5,8,10,71,120,91,-,-,-,-,-,-,99,71,97,-,-,-,-,-,-,99,71,97,66,62,68,90,12,12,54,50,12,11,0,0,1,6,6,2,0,1,0,1,0,14,1,4.2,0.09,3,-2.6,-0.3,3.78,0,0,0.0,0.3,0,0,0,0,0,0,0,0.0,0,0,0,0,0,0,0,0,0,0,0,0,0,0,0,0,0,0,0,0,0,0.00,0,0,0,0,0,0.0,0.0,0.0,0.00,3,3,1,0,1,0,0,0,0.33,-1.5,.507,0,0,27.0,0,0,1,1,3,0,2,0,1,0,0,0,0.0,0.0
RF,Shoeless Joe Jackson,Shoeless Joe,Jackson,Waltham River Otters,6' 1',200 lbs,L,R,88,Cleveland Guardians,CLE,1915,2026,BBR,86372,Gold,Trade Deadliners - Baseball Reference 6  LF Joe Jackson  CLE  1915,0,N,0,127,122,74,95,188,98,72,77,86,220,138,144,73,99,178,77,69,Groundball,Spray,Spray,1,1,1,2,1,1,1,2,1,1,1,2,16,-,-,-,-,-,-,-,-,-,-,-,1,NEU,89-91,3/4,Normal,1,12,-,-,-,64,34,56,46,76,67,70,-,-,73,-,-,-,88,66,83,99,-,73,-,-,-,88,66,83,81,72,67,84,15,15,65,63,21,17,2,1,1,7,7,1,0,0,0,1,0,6,0,9.7,0.28,8,1.1,0.2,3.57,0,0,0.0,0.1,0,0,0,0,0,0,0,0.0,0,0,0,0,0,0,0,0,0,0,0,0,0,0,0,0,0,0,0,0,0,0.00,0,0,0,0,0,0.0,0.0,0.0,0.00,15,15,60,3,56,1,2,0,3.95,-0.6,.955,0,0,134.1,0,0,36,35,4,3,8,5,4,0,5,0,0.0,0.4
RF,Shoeless Joe Jackson,Shoeless Joe,Jackson,Castroville Mashers - JW,6' 1',200 lbs,L,R,88,Cleveland Guardians,CLE,1915,2026,BBR,86372,Gold,Trade Deadliners - Baseball Reference 6  LF Joe Jackson  CLE  1915,0,N,0,127,122,74,95,188,98,72,77,86,220,138,144,73,99,178,77,69,Groundball,Spray,Spray,1,1,1,2,1,1,1,2,1,1,1,2,16,-,-,-,-,-,-,-,-,-,-,-,1,NEU,89-91,3/4,Normal,1,12,-,-,-,64,34,56,46,76,67,70,-,-,73,-,-,-,88,66,83,99,-,73,-,-,-,88,66,83,81,72,67,84,4,4,15,15,5,2,2,1,0,2,2,0,0,0,0,0,0,1,0,3.0,-0.03,2,0.9,0.1,3.53,0,0,0.0,0.0,0,0,0,0,0,0,0,0.0,0,0,0,0,0,0,0,0,0,0,0,0,0,0,0,0,0,0,0,0,0,0.00,0,0,0,0,0,0.0,0.0,0.0,0.00,4,4,13,1,12,0,0,0,3.55,-0.5,.942,0,0,33.0,0,0,9,9,4,2,1,0,1,1,1,0,0.0,0.3
RF,Jackie Jensen,Jackie,Jensen,Texas Briskets,5' 11',190 lbs,R,R,79,Boston Red Sox,BOS,1959,1946-1960,,86614,Silver,T4 Ep. 8 - Snapshot  RF Jackie Jensen  BOS  1959,0,N,0,65,78,112,146,97,87,50,131,150,94,56,85,106,145,99,9,3,Normal,Normal,Normal,1,1,1,1,1,1,1,1,1,1,1,1,16,-,-,-,-,-,-,-,-,-,-,-,1,NEU,90-92,3/4,Normal,1,21,-,-,-,2,9,6,9,108,74,103,-,-,-,-,-,-,-,118,131,-,-,-,-,-,-,-,118,131,48,65,81,79,2,1,5,5,1,1,0,0,0,0,0,0,0,0,0,0,0,2,0,0.2,-0.06,0,-0.6,-0.1,4.20,0,0,0.0,-0.0,0,0,0,0,0,0,0,0.0,0,0,0,0,0,0,0,0,0,0,0,0,0,0,0,0,0,0,0,0,0,0.00,0,0,0,0,0,0.0,0.0,0.0,0.00,1,1,1,0,1,0,0,0,1.00,0.0,1.020,0,0,9.0,0,0,1,1,0,0,0,0,0,0,0,0,0.0,-0.1
RF,Jackie Jensen,Jackie,Jensen,Normal Night Owls - HotL,5' 11',190 lbs,R,R,79,Boston Red Sox,BOS,1959,1946-1960,,86614,Silver,T4 Ep. 8 - Snapshot  RF Jackie Jensen  BOS  1959,0,N,0,65,78,112,146,97,87,50,131,150,94,56,85,106,145,99,9,3,Normal,Normal,Normal,1,1,1,1,1,1,1,1,1,1,1,1,16,-,-,-,-,-,-,-,-,-,-,-,1,NEU,90-92,3/4,Normal,1,21,-,-,-,2,9,6,9,108,74,103,-,-,-,-,-,-,-,118,131,-,-,-,-,-,-,-,118,131,48,65,81,79,2,1,5,4,3,2,1,0,0,1,1,1,0,0,0,0,0,0,0,3.4,0.33,2,1.8,0.2,4.60,0,0,0.0,0.1,0,0,0,0,0,0,0,0.0,0,0,0,0,0,0,0,0,0,0,0,0,0,0,0,0,0,0,0,0,0,0.00,0,0,0,0,0,0.0,0.0,0.0,0.00,2,1,1,0,1,0,0,0,0.75,-0.0,1.020,0,0,12.0,0,0,1,1,0,0,0,0,0,0,1,0,0.0,0.1
RF,Jackie Jensen,Jackie,Jensen,Great Lakes Man-of-War-HOTL,5' 11',190 lbs,R,R,79,Boston Red Sox,BOS,1959,1946-1960,,86614,Silver,T4 Ep. 8 - Snapshot  RF Jackie Jensen  BOS  1959,0,Y,5,71,85,121,157,105,94,55,141,161,102,62,92,115,156,107,9,3,Normal,Normal,Normal,1,1,1,1,1,1,1,1,1,1,1,1,16,-,-,-,-,-,-,-,-,-,-,-,1,NEU,90-92,3/4,Normal,1,21,-,-,-,2,9,6,9,108,74,103,-,-,-,-,-,-,-,127,140,-,-,-,-,-,-,-,127,140,48,65,81,79,4,3,12,10,1,1,0,0,0,1,1,2,0,0,0,0,0,3,0,0.4,-0.10,0,-1.2,-0.0,5.33,0,0,0.0,0.2,0,0,0,0,0,0,0,0.0,0,0,0,0,0,0,0,0,0,0,0,0,0,0,0,0,0,0,0,0,0,0.00,0,0,0,0,0,0.0,0.0,0.0,0.00,3,3,8,0,8,0,0,0,2.67,0.3,1.020,0,0,27.0,0,0,6,6,1,1,1,0,0,0,2,1,0.0,0.0
RF,Jackie Jensen,Jackie,Jensen,Paso Robles Powerhouse,5' 11',190 lbs,R,R,79,Boston Red Sox,BOS,1959,1946-1960,,86614,Silver,T4 Ep. 8 - Snapshot  RF Jackie Jensen  BOS  1959,0,Y,5,71,85,121,157,105,94,55,141,161,102,62,92,115,156,107,9,3,Normal,Normal,Normal,1,1,1,1,1,1,1,1,1,1,1,1,16,-,-,-,-,-,-,-,-,-,-,-,1,NEU,90-92,3/4,Normal,1,21,-,-,-,2,9,6,9,108,74,103,-,-,-,-,-,-,-,127,140,-,-,-,-,-,-,-,127,140,48,65,81,79,5,3,15,12,4,2,1,0,1,2,3,3,0,0,0,0,0,1,1,3.5,0.16,3,2.0,0.2,4.13,0,0,0.0,0.1,0,0,0,0,0,0,0,0.0,0,0,0,0,0,0,0,0,0,0,0,0,0,0,0,0,0,0,0,0,0,0.00,0,0,0,0,0,0.0,0.0,0.0,0.00,4,3,5,0,5,0,0,0,1.67,-0.3,1.016,0,0,27.0,0,0,5,5,1,0,0,0,1,0,1,0,0.0,-0.1
RF,Jackie Jensen,Jackie,Jensen,Rajasthan Rifles Rifles,5' 11',190 lbs,R,R,79,Boston Red Sox,BOS,1959,1946-1960,,86614,Silver,T4 Ep. 8 - Snapshot  RF Jackie Jensen  BOS  1959,0,N,0,65,78,112,146,97,87,50,131,150,94,56,85,106,145,99,9,3,Normal,Normal,Normal,1,1,1,1,1,1,1,1,1,1,1,1,16,-,-,-,-,-,-,-,-,-,-,-,1,NEU,90-92,3/4,Normal,1,21,-,-,-,2,9,6,9,108,74,103,-,-,-,-,-,-,-,118,131,-,-,-,-,-,-,-,118,131,48,65,81,79,2,,2,2,0,0,0,0,0,0,1,0,0,0,0,0,0,0,0,0.0,0.09,0,-0.5,-0.0,1.50,0,0,0.0,0.0,0,0,0,0,0,0,0,0.0,0,0,0,0,0,0,0,0,0,0,0,0,0,0,0,0,0,0,0,0,0,0.00,0,0,0,0,0,0.0,0.0,0.0,0.00,2,0,0,0,0,0,0,0,0.00,0.0,.000,0,0,4.0,0,0,0,0,0,0,0,0,0,0,0,0,0.0,0.0
RF,Roy Johnson,Roy,Johnson,New York Jackhammers,5' 9',175 lbs,L,R,92,Boston Red Sox,BOS,1933,1921-1945,,83820,Diamond,Snapshot  RF Roy Johnson  BOS  1933,0,Y,5,89,94,91,97,103,74,97,94,93,90,93,94,91,98,108,29,5,Normal,Normal,Normal,1,1,1,9,1,1,1,9,1,1,4,9,16,-,-,-,-,-,-,-,-,-,-,-,1,GB,89-91,OTT,GB'er,1,16,-,-,-,5,2,2,10,74,44,101,-,-,-,-,-,-,94,72,99,4,-,-,-,-,-,94,72,99,62,71,68,59,11,11,40,39,10,7,0,1,2,6,6,1,0,0,0,0,0,6,0,5.2,0.30,4,-0.1,0.1,4.03,1,0,0.2,0.4,0,0,0,0,0,0,0,0.0,0,0,0,0,0,0,0,0,0,0,0,0,0,0,0,0,0,0,0,0,0,0.00,0,0,0,0,0,0.0,0.0,0.0,0.00,11,11,30,1,29,0,0,0,2.81,-0.3,1.020,0,0,96.0,0,0,21,20,9,7,4,1,3,1,5,0,0.0,0.2
RF,Andruw Jones,Andruw,Jones,Providence Friars - HotL,6' 1',200 lbs,R,R,99,Atlanta Braves,ATL,2000,1993-2004,,86326,Diamond,HOF Week - Hardware Heroes  CF Andruw Jones  ATL  2000,0,Y,5,116,100,138,83,108,141,67,103,139,102,108,110,152,64,111,4,2,Normal,Spray,Spray,1,1,1,1,1,1,1,1,1,1,1,1,16,-,-,-,-,-,-,-,-,-,-,-,1,NEU,89-91,3/4,Normal,1,5,-,-,-,8,8,1,8,125,124,121,-,-,-,-,-,-,-,162,169,13,-,-,-,-,-,-,162,169,94,62,95,112,12,12,57,51,12,9,3,0,0,8,5,5,0,0,0,1,0,12,0,5.0,0.22,4,-2.3,-0.1,3.47,0,0,0.0,-0.6,0,0,0,0,0,0,0,0.0,0,0,0,0,0,0,0,0,0,0,0,0,0,0,0,0,0,0,0,0,0,0.00,0,0,0,0,0,0.0,0.0,0.0,0.00,12,12,23,0,23,0,0,0,1.86,1.1,1.069,0,0,111.1,0,0,17,17,2,2,3,2,4,1,8,1,0.0,-0.9
RF,Andruw Jones,Andruw,Jones,Herky Hyenas,6' 1',200 lbs,R,R,99,Atlanta Braves,ATL,2000,1993-2004,,86326,Diamond,HOF Week - Hardware Heroes  CF Andruw Jones  ATL  2000,0,N,0,107,92,128,76,100,131,61,95,129,94,100,102,141,58,103,4,2,Normal,Spray,Spray,1,1,1,1,1,1,1,1,1,1,1,1,16,-,-,-,-,-,-,-,-,-,-,-,1,NEU,89-91,3/4,Normal,1,5,-,-,-,8,8,1,8,125,124,121,-,-,-,-,-,-,-,152,158,12,-,-,-,-,-,-,152,158,94,62,95,112,12,12,49,46,6,2,2,0,2,4,5,3,0,0,0,0,0,11,1,2.4,-0.46,1,-4.2,-0.4,3.94,0,0,0.0,-0.6,0,0,0,0,0,0,0,0.0,0,0,0,0,0,0,0,0,0,0,0,0,0,0,0,0,0,0,0,0,0,0.00,0,0,0,0,0,0.0,0.0,0.0,0.00,12,12,24,1,23,0,0,0,1.92,-0.3,1.069,0,0,112.1,0,0,17,16,8,5,2,1,4,1,8,0,0.0,0.1
RF,Andruw Jones,Andruw,Jones,Shakedown 1977 Microbus TTC - GH,6' 1',200 lbs,R,R,99,Atlanta Braves,ATL,2000,1993-2004,,86326,Diamond,HOF Week - Hardware Heroes  CF Andruw Jones  ATL  2000,0,N,0,107,92,128,76,100,131,61,95,129,94,100,102,141,58,103,4,2,Normal,Spray,Spray,1,1,1,1,1,1,1,1,1,1,1,1,16,-,-,-,-,-,-,-,-,-,-,-,1,NEU,89-91,3/4,Normal,1,5,-,-,-,8,8,1,8,125,124,121,-,-,-,-,-,-,-,152,158,12,-,-,-,-,-,-,152,158,94,62,95,112,13,13,55,51,17,13,3,1,0,4,4,4,0,0,0,0,0,10,0,8.4,-0.19,8,1.9,0.2,4.02,0,1,-0.5,-0.0,0,0,0,0,0,0,0,0.0,0,0,0,0,0,0,0,0,0,0,0,0,0,0,0,0,0,0,0,0,0,0.00,0,0,0,0,0,0.0,0.0,0.0,0.00,14,13,31,0,31,0,0,0,2.39,-0.4,1.020,0,0,116.2,0,0,27,26,6,4,2,1,2,0,6,0,0.0,-0.1
RF,Al Kaline,Al,Kaline,Northville Stallions,6' 2',180 lbs,R,R,99,Detroit Tigers,DET,1961,1961-1979,HOF,85520,Diamond,60s Theme Week - Hall of Fame  RF Al Kaline  DET  1961,0,N,0,112,131,78,77,138,141,152,69,72,162,103,124,81,79,130,59,53,Groundball,Spray,Spray,1,1,1,5,1,1,1,5,1,1,1,5,16,-,-,-,-,-,-,-,-,-,-,-,1,NEU,89-91,3/4,Normal,1,15,-,-,-,61,58,61,53,113,99,63,-,-,-,-,53,-,133,122,122,111,-,-,-,53,-,133,122,122,112,58,116,113,4,4,16,15,3,2,1,0,0,0,1,1,0,0,0,0,0,2,1,0.8,-0.26,0,-1.1,-0.1,3.50,0,0,0.0,0.0,0,0,0,0,0,0,0,0.0,0,0,0,0,0,0,0,0,0,0,0,0,0,0,0,0,0,0,0,0,0,0.00,0,0,0,0,0,0.0,0.0,0.0,0.00,4,4,9,0,9,0,0,0,2.25,0.0,1.020,0,0,36.0,0,0,7,7,2,0,1,1,1,1,1,0,0.0,-0.0
RF,Al Kaline,Al,Kaline,Ogden Raptors - HotL,6' 2',180 lbs,R,R,99,Detroit Tigers,DET,1961,1961-1979,HOF,85520,Diamond,60s Theme Week - Hall of Fame  RF Al Kaline  DET  1961,0,N,0,112,131,78,77,138,141,152,69,72,162,103,124,81,79,130,59,53,Groundball,Spray,Spray,1,1,1,5,1,1,1,5,1,1,1,5,16,-,-,-,-,-,-,-,-,-,-,-,1,NEU,89-91,3/4,Normal,1,15,-,-,-,61,58,61,53,113,99,63,-,-,-,-,53,-,133,122,122,111,-,-,-,53,-,133,122,122,112,58,116,113,9,9,33,29,12,8,3,0,1,3,5,3,0,1,0,0,0,4,1,8.9,0.28,8,4.3,0.4,4.03,1,0,0.2,-0.2,0,0,0,0,0,0,0,0.0,0,0,0,0,0,0,0,0,0,0,0,0,0,0,0,0,0,0,0,0,0,0.00,0,0,0,0,0,0.0,0.0,0.0,0.00,9,9,23,2,20,1,0,0,2.51,-0.8,1.021,0,0,79.0,0,0,18,17,3,2,3,1,4,0,6,0,0.0,0.2
RF,Al Kaline,Al,Kaline,Svendborg Sailors,6' 2',180 lbs,R,R,99,Detroit Tigers,DET,1961,1961-1979,HOF,85520,Diamond,60s Theme Week - Hall of Fame  RF Al Kaline  DET  1961,0,N,0,112,131,78,77,138,141,152,69,72,162,103,124,81,79,130,59,53,Groundball,Spray,Spray,1,1,1,5,1,1,1,5,1,1,1,5,16,-,-,-,-,-,-,-,-,-,-,-,1,NEU,89-91,3/4,Normal,1,15,-,-,-,61,58,61,53,113,99,63,-,-,-,-,53,-,133,122,122,111,-,-,-,53,-,133,122,122,112,58,116,113,3,3,12,12,0,0,0,0,0,0,0,0,0,0,0,0,0,3,0,0.0,-0.40,-1,-3.1,-0.3,3.83,0,0,0.0,0.0,0,0,0,0,0,0,0,0.0,0,0,0,0,0,0,0,0,0,0,0,0,0,0,0,0,0,0,0,0,0,0.00,0,0,0,0,0,0.0,0.0,0.0,0.00,4,3,7,0,7,0,0,0,2.42,-0.1,1.020,0,0,26.0,0,0,6,6,1,1,0,0,3,0,0,0,0.0,-0.2
RF,Willie Keeler,Willie,Keeler,Wilson Horns,5' 4',140 lbs,L,L,77,Baltimore Orioles,NYA,1894,2026,,85878,Silver,T4 Ep. 3 - Snapshot  RF Willie Keeler  BLN  1894,0,N,0,139,84,53,41,205,133,78,43,31,191,141,86,57,45,210,4,14,Groundball,Normal,Normal,1,1,1,1,1,1,1,1,1,1,1,1,16,-,-,-,-,-,-,-,-,-,-,-,1,NEU,90-92,3/4,Normal,1,7,-,-,-,9,6,10,3,64,106,87,-,-,-,-,-,-,-,-,86,13,-,-,-,-,-,-,-,86,83,82,83,89,3,3,12,10,0,0,0,0,0,0,0,2,0,0,0,0,0,2,0,0.1,-0.26,0,-2.0,-0.2,4.25,0,0,0.0,-0.0,0,0,0,0,0,0,0,0.0,0,0,0,0,0,0,0,0,0,0,0,0,0,0,0,0,0,0,0,0,0,0.00,0,0,0,0,0,0.0,0.0,0.0,0.00,3,3,10,0,10,0,0,0,3.33,-0.0,1.020,0,0,27.0,0,0,9,9,1,0,1,1,1,0,0,0,0.0,-0.2
RF,Willie Keeler,Willie,Keeler,Montrose Cobblers,5' 4',140 lbs,L,L,77,Baltimore Orioles,NYA,1894,2026,,85878,Silver,T4 Ep. 3 - Snapshot  RF Willie Keeler  BLN  1894,0,N,0,139,84,53,41,205,133,78,43,31,191,141,86,57,45,210,4,14,Groundball,Normal,Normal,1,1,1,1,1,1,1,1,1,1,1,1,16,-,-,-,-,-,-,-,-,-,-,-,1,NEU,90-92,3/4,Normal,1,7,-,-,-,9,6,10,3,64,106,87,-,-,-,-,-,-,-,-,86,13,-,-,-,-,-,-,-,86,83,82,83,89,2,2,7,7,2,2,0,0,0,0,0,0,0,0,0,0,0,1,0,0.6,-0.01,0,-0.4,-0.0,4.86,0,0,0.0,0.0,0,0,0,0,0,0,0,0.0,0,0,0,0,0,0,0,0,0,0,0,0,0,0,0,0,0,0,0,0,0,0.00,0,0,0,0,0,0.0,0.0,0.0,0.00,0,0,0,0,0,0,0,0,0.00,0.0,.000,0,0,0.0,0,0,0,0,0,0,0,0,0,0,0,0,0.0,0.0
RF,Mickey Mantle,Mickey,Mantle,Houston Swangas,5' 11',200 lbs,S,R,88,New York Yankees,NYY,1959,1946-1960,,86635,Gold,50s Theme Week - Historical All-Star  CF Mickey Mantle  NYY  1959,0,N,0,100,78,135,167,62,68,83,110,118,77,115,76,143,184,54,41,34,Groundball,Spray,Spray,1,1,1,4,1,1,1,4,1,1,1,4,16,-,-,-,-,-,-,-,-,-,-,-,1,NEU,90-92,SIDE,Normal,1,25,-,-,-,7,2,9,10,95,120,87,-,-,-,-,-,-,123,103,119,7,-,-,-,-,-,123,103,119,98,58,112,109,9,8,40,39,9,6,1,0,2,3,7,1,0,0,0,0,0,13,0,3.9,-0.22,3,-1.1,0.1,4.03,2,1,-0.0,0.3,0,0,0,0,0,0,0,0.0,0,0,0,0,0,0,0,0,0,0,0,0,0,0,0,0,0,0,0,0,0,0.00,0,0,0,0,0,0.0,0.0,0.0,0.00,13,8,21,0,21,0,0,0,2.36,0.8,1.071,0,0,80.0,0,0,17,17,3,3,1,0,2,1,2,0,0.0,-0.3
RF,Hal McRae,Hal,McRae,Arkham Horrors,5' 11',180 lbs,R,R,88,Kansas City Royals,KCR,1976,1961-1979,,83990,Gold,Historical All-Star  LF Hal McRae  KC  1976,0,N,0,94,85,68,90,112,84,114,85,71,102,98,77,63,96,116,16,81,Groundball,Pull,Pull,1,1,1,3,1,1,1,3,1,1,2,3,16,-,-,-,-,-,-,-,-,-,-,-,1,NEU,89-91,SIDE,Normal,1,20,-,-,-,5,9,9,3,54,57,73,-,-,-,-,-,-,63,35,60,11,-,-,-,-,-,63,35,60,62,77,72,68,3,3,13,13,5,4,0,0,1,2,2,0,0,0,0,0,0,1,1,2.5,-0.09,2,1.2,0.2,2.31,0,0,0.0,-0.0,0,0,0,0,0,0,0,0.0,0,0,0,0,0,0,0,0,0,0,0,0,0,0,0,0,0,0,0,0,0,0.00,0,0,0,0,0,0.0,0.0,0.0,0.00,3,3,7,0,7,0,0,0,2.52,0.4,1.020,0,0,25.0,0,0,4,4,2,2,1,1,0,0,1,0,0.0,0.0
RF,Alejandro Oms,Alejandro,Oms,seebal Saeki,5' 6',155 lbs,L,L,99,Cuban Stars East,CSE,1928,1921-1945,,84572,Diamond,Negro League Star  CF Alejandro Oms  CSE  1928,0,N,0,90,95,94,99,93,78,89,92,94,86,94,98,95,101,96,63,70,Normal,Normal,Normal,13,34,32,20,13,34,23,20,13,34,35,20,30,-,39,-,-,-,-,-,-,-,-,-,2,EX FB,92-94,3/4,Normal,52,41,-,-,-,53,22,47,20,88,71,69,84,-,-,-,-,-,102,84,95,84,-,-,-,-,-,102,84,95,73,65,77,63,5,5,19,18,3,0,3,0,0,1,0,1,0,0,0,0,0,4,0,1.3,-0.17,1,-1.3,-0.1,3.42,0,0,0.0,0.0,0,0,0,0,0,0,0,0.0,0,0,0,0,0,0,0,0,0,0,0,0,0,0,0,0,0,0,0,0,0,0.00,0,0,0,0,0,0.0,0.0,0.0,0.00,5,5,12,0,11,1,0,0,2.30,0.2,1.020,0,0,43.0,0,0,9,9,2,2,0,0,1,0,1,0,0.0,-0.4
RF,Andy Pafko,Andy,Pafko,AW Bees - GH,6' 0',190 lbs,R,R,98,Chicago Cubs,CHC,1950,1946-1960,PTCS,86290,Diamond,PTCS 4 - Historical All-Star  CF Andy Pafko  CHC  1950,0,N,0,78,98,149,116,161,78,88,101,137,202,78,103,166,110,147,48,41,Normal,Normal,Normal,1,1,1,4,1,1,1,4,1,1,1,4,16,-,-,-,-,-,-,-,-,-,-,-,1,NEU,89-91,OTT,Normal,1,5,-,-,-,89,46,103,73,102,59,97,-,-,-,-,87,-,120,107,120,128,-,-,-,87,-,120,107,120,55,54,38,69,18,18,84,72,18,12,2,1,3,6,12,11,0,0,0,1,0,13,0,11.9,-0.12,11,1.6,0.4,3.99,0,0,0.0,1.3,0,0,0,0,0,0,0,0.0,0,0,0,0,0,0,0,0,0,0,0,0,0,0,0,0,0,0,0,0,0,0.00,0,0,0,0,0,0.0,0.0,0.0,0.00,19,18,38,3,33,2,0,0,1.99,-0.4,1.054,0,0,163.0,0,0,29,29,5,2,5,1,8,1,7,1,0.0,-0.1
RF,Manny Ramirez,Manny,Ramirez,Winnipeg Brew Jays - HotL,6' 0',215 lbs,R,R,99,Cleveland Guardians,CLE,1999,1993-2004,CS,86743,Diamond,Clubhouse - Baseball Reference 8  RF Manny Ramirez  CLE  1999,0,N,0,133,88,157,186,75,160,94,144,200,84,124,87,161,182,72,4,7,Normal,Normal,Normal,1,1,1,1,1,1,1,1,1,1,1,1,16,-,-,-,-,-,-,-,-,-,-,-,1,NEU,90-92,OTT,Normal,1,19,-,-,-,1,1,8,6,69,44,69,-,-,-,-,-,-,-,-,71,-,-,-,-,-,-,-,-,71,38,16,49,42,9,9,39,34,12,9,1,0,2,7,6,5,0,0,0,0,0,9,0,8.8,0.34,8,3.6,0.4,4.36,0,0,0.0,-0.1,0,0,0,0,0,0,0,0.0,0,0,0,0,0,0,0,0,0,0,0,0,0,0,0,0,0,0,0,0,0,0.00,0,0,0,0,0,0.0,0.0,0.0,0.00,0,0,0,0,0,0,0,0,0.00,0.0,.000,0,0,0.0,0,0,0,0,0,0,0,0,0,0,0,0,0.0,0.0
RF,Manny Ramirez,Manny,Ramirez,Chicago Gamblers - E6,6' 0',215 lbs,R,R,99,Cleveland Guardians,CLE,1999,1993-2004,CS,86743,Diamond,Clubhouse - Baseball Reference 8  RF Manny Ramirez  CLE  1999,0,N,0,133,88,157,186,75,160,94,144,200,84,124,87,161,182,72,4,7,Normal,Normal,Normal,1,1,1,1,1,1,1,1,1,1,1,1,16,-,-,-,-,-,-,-,-,-,-,-,1,NEU,90-92,OTT,Normal,1,19,-,-,-,1,1,8,6,69,44,69,-,-,-,-,-,-,-,-,71,-,-,-,-,-,-,-,-,71,38,16,49,42,22,22,101,94,23,16,4,0,3,13,8,7,1,0,0,0,0,34,1,10.8,0.77,10,-2.1,-0.0,4.43,0,0,0.0,0.8,0,0,0,0,0,0,0,0.0,0,0,0,0,0,0,0,0,0,0,0,0,0,0,0,0,0,0,0,0,0,0.00,0,0,0,0,0,0.0,0.0,0.0,0.00,0,0,0,0,0,0,0,0,0.00,0.0,.000,0,0,0.0,0,0,0,0,0,0,0,0,0,0,0,0,0.0,0.0
RF,Manny Ramirez,Manny,Ramirez,Chicago Beans,6' 0',215 lbs,R,R,99,Cleveland Guardians,CLE,1999,1993-2004,CS,86743,Diamond,Clubhouse - Baseball Reference 8  RF Manny Ramirez  CLE  1999,0,N,0,133,88,157,186,75,160,94,144,200,84,124,87,161,182,72,4,7,Normal,Normal,Normal,1,1,1,1,1,1,1,1,1,1,1,1,16,-,-,-,-,-,-,-,-,-,-,-,1,NEU,90-92,OTT,Normal,1,19,-,-,-,1,1,8,6,69,44,69,-,-,-,-,-,-,-,-,71,-,-,-,-,-,-,-,-,71,38,16,49,42,9,9,42,38,9,9,0,0,0,4,2,4,0,0,0,0,0,13,0,3.1,0.14,3,-2.1,-0.1,3.83,0,0,0.0,0.7,0,0,0,0,0,0,0,0.0,0,0,0,0,0,0,0,0,0,0,0,0,0,0,0,0,0,0,0,0,0,0.00,0,0,0,0,0,0.0,0.0,0.0,0.00,1,1,4,0,3,1,0,0,3.38,0.1,1.020,0,0,8.0,0,0,3,3,0,0,0,0,0,0,0,0,0.0,0.0
RF,Manny Ramirez,Manny,Ramirez,Sixes Tornadoes,6' 0',215 lbs,R,R,99,Cleveland Guardians,CLE,1999,1993-2004,CS,86743,Diamond,Clubhouse - Baseball Reference 8  RF Manny Ramirez  CLE  1999,0,N,0,133,88,157,186,75,160,94,144,200,84,124,87,161,182,72,4,7,Normal,Normal,Normal,1,1,1,1,1,1,1,1,1,1,1,1,16,-,-,-,-,-,-,-,-,-,-,-,1,NEU,90-92,OTT,Normal,1,19,-,-,-,1,1,8,6,69,44,69,-,-,-,-,-,-,-,-,71,-,-,-,-,-,-,-,-,71,38,16,49,42,3,3,13,13,2,1,1,0,0,0,0,0,0,0,0,0,0,4,0,0.5,-0.22,0,-1.6,-0.2,4.62,0,0,0.0,0.0,0,0,0,0,0,0,0,0.0,0,0,0,0,0,0,0,0,0,0,0,0,0,0,0,0,0,0,0,0,0,0.00,0,0,0,0,0,0.0,0.0,0.0,0.00,0,0,0,0,0,0,0,0,0.00,0.0,.000,0,0,0.0,0,0,0,0,0,0,0,0,0,0,0,0,0.0,0.0
RF,Manny Ramirez,Manny,Ramirez,Waltham River Otters,6' 0',215 lbs,R,R,99,Cleveland Guardians,CLE,1999,1993-2004,CS,86743,Diamond,Clubhouse - Baseball Reference 8  RF Manny Ramirez  CLE  1999,0,N,0,133,88,157,186,75,160,94,144,200,84,124,87,161,182,72,4,7,Normal,Normal,Normal,1,1,1,1,1,1,1,1,1,1,1,1,16,-,-,-,-,-,-,-,-,-,-,-,1,NEU,90-92,OTT,Normal,1,19,-,-,-,1,1,8,6,69,44,69,-,-,-,-,-,-,-,-,71,-,-,-,-,-,-,-,-,71,38,16,49,42,17,16,74,66,19,12,3,0,4,11,11,7,0,1,0,0,0,18,1,12.7,0.51,12,3.9,0.5,4.20,0,0,0.0,0.5,0,0,0,0,0,0,0,0.0,0,0,0,0,0,0,0,0,0,0,0,0,0,0,0,0,0,0,0,0,0,0.00,0,0,0,0,0,0.0,0.0,0.0,0.00,1,0,0,0,0,0,0,0,0.00,0.0,.000,0,0,1.0,0,0,0,0,0,0,0,0,0,0,0,0,0.0,0.0
RF,Manny Ramirez,Manny,Ramirez,Chicago Seals,6' 0',215 lbs,R,R,99,Cleveland Guardians,CLE,1999,1993-2004,CS,86743,Diamond,Clubhouse - Baseball Reference 8  RF Manny Ramirez  CLE  1999,0,N,0,133,88,157,186,75,160,94,144,200,84,124,87,161,182,72,4,7,Normal,Normal,Normal,1,1,1,1,1,1,1,1,1,1,1,1,16,-,-,-,-,-,-,-,-,-,-,-,1,NEU,90-92,OTT,Normal,1,19,-,-,-,1,1,8,6,69,44,69,-,-,-,-,-,-,-,-,71,-,-,-,-,-,-,-,-,71,38,16,49,42,8,8,35,33,8,5,2,0,1,4,3,2,0,0,0,0,0,9,0,3.9,0.00,3,-0.6,-0.1,4.14,0,0,0.0,0.0,0,0,0,0,0,0,0,0.0,0,0,0,0,0,0,0,0,0,0,0,0,0,0,0,0,0,0,0,0,0,0.00,0,0,0,0,0,0.0,0.0,0.0,0.00,4,4,9,1,7,1,0,0,2.06,-1.1,.874,0,0,35.0,0,0,8,7,0,0,2,0,2,0,2,0,0.0,-0.3
RF,Manny Ramirez,Manny,Ramirez,Charlotte Hellcats GH,6' 0',215 lbs,R,R,99,Cleveland Guardians,CLE,1999,1993-2004,CS,86743,Diamond,Clubhouse - Baseball Reference 8  RF Manny Ramirez  CLE  1999,0,N,0,133,88,157,186,75,160,94,144,200,84,124,87,161,182,72,4,7,Normal,Normal,Normal,1,1,1,1,1,1,1,1,1,1,1,1,16,-,-,-,-,-,-,-,-,-,-,-,1,NEU,90-92,OTT,Normal,1,19,-,-,-,1,1,8,6,69,44,69,-,-,-,-,-,-,-,-,71,-,-,-,-,-,-,-,-,71,38,16,49,42,18,17,102,87,36,21,9,1,5,30,33,12,0,1,0,2,0,15,1,31.1,0.43,27,15.2,1.8,4.08,2,1,-0.1,0.9,0,0,0,0,0,0,0,0.0,0,0,0,0,0,0,0,0,0,0,0,0,0,0,0,0,0,0,0,0,0,0.00,0,0,0,0,0,0.0,0.0,0.0,0.00,0,0,0,0,0,0,0,0,0.00,0.0,.000,0,0,0.0,0,0,0,0,0,0,0,0,0,0,0,0,0.0,0.0
RF,Manny Ramirez,Manny,Ramirez,Gastonia Peaches,6' 0',215 lbs,R,R,99,Cleveland Guardians,CLE,1999,1993-2004,CS,86743,Diamond,Clubhouse - Baseball Reference 8  RF Manny Ramirez  CLE  1999,0,N,0,133,88,157,186,75,160,94,144,200,84,124,87,161,182,72,4,7,Normal,Normal,Normal,1,1,1,1,1,1,1,1,1,1,1,1,16,-,-,-,-,-,-,-,-,-,-,-,1,NEU,90-92,OTT,Normal,1,19,-,-,-,1,1,8,6,69,44,69,-,-,-,-,-,-,-,-,71,-,-,-,-,-,-,-,-,71,38,16,49,42,7,7,36,33,6,4,0,0,2,5,2,2,0,1,0,0,0,12,1,2.8,-0.34,2,-1.4,-0.2,3.89,0,0,0.0,-0.0,0,0,0,0,0,0,0,0.0,0,0,0,0,0,0,0,0,0,0,0,0,0,0,0,0,0,0,0,0,0,0.00,0,0,0,0,0,0.0,0.0,0.0,0.00,7,7,15,0,15,0,0,0,1.80,-1.1,1.020,0,0,75.0,0,0,14,13,3,2,4,0,2,0,3,0,0.0,-0.4
RF,Wilson Redus,Wilson,Redus,Summerglen Seraphs TBD,5' 5',160 lbs,R,R,99,St. Louis Stars,SLS,1927,1921-1945,,84570,Diamond,Negro League Star  LF Wilson Redus  SLS  1927,0,Y,5,114,127,134,59,108,117,133,132,56,104,113,126,135,60,111,48,50,Normal,Spray,Normal,1,1,22,7,1,1,22,7,1,1,22,7,16,-,-,-,-,-,-,-,-,-,-,-,1,NEU,89-91,3/4,Normal,1,20,53,53,53,57,61,32,62,74,76,59,-,-,-,61,-,-,92,68,83,114,-,-,61,-,-,92,68,83,58,39,64,53,5,5,18,17,4,4,0,0,0,1,1,1,0,0,0,0,0,5,1,0.9,-0.13,0,-1.2,-0.0,3.72,0,0,0.0,0.2,0,0,0,0,0,0,0,0.0,0,0,0,0,0,0,0,0,0,0,0,0,0,0,0,0,0,0,0,0,0,0.00,0,0,0,0,0,0.0,0.0,0.0,0.00,7,5,11,0,11,0,0,0,2.32,0.5,1.020,0,0,42.2,0,0,9,9,1,1,0,0,1,1,1,0,0.0,-0.3
RF,Gene Richards,Gene,Richards,Three Mile Island Atomic Isotopes,6' 0',175 lbs,L,L,65,San Diego Padres,SDP,1980,1980-1992,,85533,Bronze,Memorial Day OnStream Builds - Snapshot  LF Gene Richards  SD  1980,0,N,0,92,85,30,77,98,85,75,1,75,92,95,88,36,78,101,102,99,Normal,Spray,Spray,1,1,1,3,1,1,1,3,1,1,1,3,16,-,-,-,-,-,-,-,-,-,-,-,1,NEU,89-91,3/4,Normal,1,18,-,-,-,9,6,10,3,82,64,116,-,-,-,-,-,-,104,-,110,13,-,-,-,-,-,104,-,110,106,109,113,109,2,,1,1,0,0,0,0,0,0,2,0,0,0,0,0,0,0,0,0.0,-0.08,0,-0.3,0.0,3.00,1,0,0.2,0.0,0,0,0,0,0,0,0,0.0,0,0,0,0,0,0,0,0,0,0,0,0,0,0,0,0,0,0,0,0,0,0.00,0,0,0,0,0,0.0,0.0,0.0,0.00,0,0,0,0,0,0,0,0,0.00,0.0,.000,0,0,0.0,0,0,0,0,0,0,0,0,0,0,0,0,0.0,0.0
RF,Jimmy Ryan,Jimmy,Ryan,Oslo Nordiques,5' 9',160 lbs,R,L,99,Chicago Colts,CHC,1888,2026,ME,83841,Diamond,Live Collection Reward - Snapshot  CF Jimmy Ryan  CHC  1888,0,N,0,96,114,100,83,98,118,126,111,87,91,91,110,98,82,102,6,5,Line Drive,Normal,Normal,37,55,40,84,37,51,55,94,37,57,35,81,57,-,-,-,52,61,-,-,-,-,-,-,3,NEU,87-89,3/4,Normal,11,54,-,-,-,8,3,10,1,78,69,82,-,-,-,-,-,-,93,72,91,8,-,-,-,-,-,93,72,91,89,86,95,90,3,3,16,14,1,1,0,0,0,0,3,2,0,0,0,0,0,3,1,0.2,-0.24,0,-2.3,-0.1,4.00,0,0,0.0,0.6,0,0,0,0,0,0,0,0.0,0,0,0,0,0,0,0,0,0,0,0,0,0,0,0,0,0,0,0,0,0,0.00,0,0,0,0,0,0.0,0.0,0.0,0.00,3,3,12,1,11,0,0,0,3.41,1.0,1.020,0,0,31.2,0,0,5,5,3,3,1,1,2,1,1,1,0.0,-0.4
RF,Jimmy Ryan,Jimmy,Ryan,Jeju City Foxes,5' 9',160 lbs,R,L,99,Chicago Colts,CHC,1888,2026,ME,83841,Diamond,Live Collection Reward - Snapshot  CF Jimmy Ryan  CHC  1888,0,N,0,96,114,100,83,98,118,126,111,87,91,91,110,98,82,102,6,5,Line Drive,Normal,Normal,37,55,40,84,37,51,55,94,37,57,35,81,57,-,-,-,52,61,-,-,-,-,-,-,3,NEU,87-89,3/4,Normal,11,54,-,-,-,8,3,10,1,78,69,82,-,-,-,-,-,-,93,72,91,8,-,-,-,-,-,93,72,91,89,86,95,90,5,5,21,20,6,2,3,0,1,3,3,0,0,0,0,1,0,7,0,3.6,0.01,3,0.7,0.2,3.76,0,0,0.0,0.5,0,0,0,0,0,0,0,0.0,0,0,0,0,0,0,0,0,0,0,0,0,0,0,0,0,0,0,0,0,0,0.00,0,0,0,0,0,0.0,0.0,0.0,0.00,5,5,7,0,6,1,0,0,1.23,0.1,1.020,0,0,44.0,0,0,4,4,1,1,0,0,4,1,3,0,0.0,-0.1
RF,Ruben Sierra,Ruben,Sierra,Numenor Faithful,6' 1',200 lbs,S,R,78,Texas Rangers,TEX,1989,1980-1992,,86274,Silver,All-Star Week - Historical All-Star  RF Ruben Sierra  TEX  1989,0,N,0,97,128,116,50,83,122,133,120,50,111,92,126,115,50,74,5,4,Line Drive,Pull,Pull,1,1,1,1,1,1,1,1,1,1,1,1,16,-,-,-,-,-,-,-,-,-,-,-,1,NEU,90-92,3/4,Normal,1,1,-,-,-,7,3,2,1,69,43,93,-,-,-,-,-,-,-,58,83,6,-,-,-,-,-,-,58,83,69,39,80,71,1,1,4,3,0,0,0,0,0,0,0,1,0,0,0,0,0,2,0,0.1,-0.07,0,-0.5,-0.0,5.25,0,0,0.0,0.0,0,0,0,0,0,0,0,0.0,0,0,0,0,0,0,0,0,0,0,0,0,0,0,0,0,0,0,0,0,0,0.00,0,0,0,0,0,0.0,0.0,0.0,0.00,0,0,0,0,0,0,0,0,0.00,0.0,.000,0,0,0.0,0,0,0,0,0,0,0,0,0,0,0,0,0.0,0.0
RF,Billy Southworth,Billy,Southworth,Winnipeg Golden Knights,5' 9',170 lbs,L,R,68,St. Louis Cardinals,STL,1926,1921-1945,,86379,Bronze,T4 Ep. 6 - Baseball Reference 6  RF Billy Southworth  STL  1926,0,N,0,76,84,96,51,201,42,71,81,5,232,84,88,102,61,191,60,52,Normal,Spray,Spray,1,1,1,3,1,1,1,3,1,1,1,3,16,-,-,-,-,-,-,-,-,-,-,-,1,NEU,90-92,OTT,Normal,1,3,-,-,-,9,8,7,2,98,72,44,-,-,-,-,-,-,107,93,93,14,-,-,-,-,-,107,93,93,69,69,74,77,5,,7,5,2,2,0,0,0,1,2,1,0,0,1,0,0,1,0,1.2,-0.17,1,0.2,0.1,4.14,0,0,0.0,0.2,0,0,0,0,0,0,0,0.0,0,0,0,0,0,0,0,0,0,0,0,0,0,0,0,0,0,0,0,0,0,0.00,0,0,0,0,0,0.0,0.0,0.0,0.00,4,0,1,0,1,0,0,0,0.90,0.0,1.027,0,0,10.0,0,0,1,1,0,0,0,0,0,0,0,0,0.0,0.0
RF,Billy Southworth,Billy,Southworth,Toronto Terns PCK,5' 9',170 lbs,L,R,68,St. Louis Cardinals,STL,1926,1921-1945,,86379,Bronze,T4 Ep. 6 - Baseball Reference 6  RF Billy Southworth  STL  1926,0,N,0,76,84,96,51,201,42,71,81,5,232,84,88,102,61,191,60,52,Normal,Spray,Spray,1,1,1,3,1,1,1,3,1,1,1,3,16,-,-,-,-,-,-,-,-,-,-,-,1,NEU,90-92,OTT,Normal,1,3,-,-,-,9,8,7,2,98,72,44,-,-,-,-,-,-,107,93,93,14,-,-,-,-,-,107,93,93,69,69,74,77,3,,5,4,1,0,1,0,0,0,0,0,0,1,0,0,0,1,0,0.9,0.00,0,0.3,0.1,4.40,0,0,0.0,0.0,0,0,0,0,0,0,0,0.0,0,0,0,0,0,0,0,0,0,0,0,0,0,0,0,0,0,0,0,0,0,0.00,0,0,0,0,0,0.0,0.0,0.0,0.00,2,0,4,0,4,0,0,0,6.00,0.1,1.022,0,0,6.0,0,0,4,4,0,0,0,0,0,0,0,0,0.0,0.0
RF,Billy Southworth,Billy,Southworth,Waltham River Otters,5' 9',170 lbs,L,R,68,St. Louis Cardinals,STL,1926,1921-1945,,86379,Bronze,T4 Ep. 6 - Baseball Reference 6  RF Billy Southworth  STL  1926,0,N,0,76,84,96,51,201,42,71,81,5,232,84,88,102,61,191,60,52,Normal,Spray,Spray,1,1,1,3,1,1,1,3,1,1,1,3,16,-,-,-,-,-,-,-,-,-,-,-,1,NEU,90-92,OTT,Normal,1,3,-,-,-,9,8,7,2,98,72,44,-,-,-,-,-,-,107,93,93,14,-,-,-,-,-,107,93,93,69,69,74,77,8,7,27,24,8,7,0,0,1,3,3,3,0,0,0,0,0,2,0,4.8,-0.10,4,1.5,0.1,4.11,0,0,0.0,-1.0,0,0,0,0,0,0,0,0.0,0,0,0,0,0,0,0,0,0,0,0,0,0,0,0,0,0,0,0,0,0,0.00,0,0,0,0,0,0.0,0.0,0.0,0.00,5,5,9,0,9,0,0,0,1.84,0.2,1.020,0,0,44.0,0,0,5,5,3,2,3,2,0,0,1,0,0.0,-0.0
RF,Billy Southworth,Billy,Southworth,Montrose Cobblers,5' 9',170 lbs,L,R,68,St. Louis Cardinals,STL,1926,1921-1945,,86379,Bronze,T4 Ep. 6 - Baseball Reference 6  RF Billy Southworth  STL  1926,0,N,0,76,84,96,51,201,42,71,81,5,232,84,88,102,61,191,60,52,Normal,Spray,Spray,1,1,1,3,1,1,1,3,1,1,1,3,16,-,-,-,-,-,-,-,-,-,-,-,1,NEU,90-92,OTT,Normal,1,3,-,-,-,9,8,7,2,98,72,44,-,-,-,-,-,-,107,93,93,14,-,-,-,-,-,107,93,93,69,69,74,77,5,2,10,9,0,0,0,0,0,0,1,1,0,0,0,0,0,1,0,0.0,-0.15,0,-2.0,-0.2,3.40,0,0,0.0,0.0,0,0,0,0,0,0,0,0.0,0,0,0,0,0,0,0,0,0,0,0,0,0,0,0,0,0,0,0,0,0,0.00,0,0,0,0,0,0.0,0.0,0.0,0.00,4,2,10,0,10,0,0,0,4.50,0.3,1.027,0,0,20.0,0,0,9,9,1,1,0,0,0,0,1,0,0.0,-0.1
RF,Chick Stahl,Chick,Stahl,Camjaveratyn O-Forge,5' 10',160 lbs,L,L,93,Boston Beaneaters,ATL,1899,2026,,86583,Diamond,Young & Old 2 - Snapshot  RF Chick Stahl  BSN  1899,0,N,0,116,105,86,112,149,138,82,92,90,144,110,116,85,122,150,33,4,Line Drive,Pull,Pull,1,17,1,12,2,18,1,15,1,17,1,11,17,-,-,19,-,-,-,-,-,-,-,-,2,NEU,89-91,3/4,Normal,24,5,-,-,-,10,2,9,2,100,114,94,-,-,-,-,-,-,129,111,126,10,-,-,-,-,-,129,111,126,80,82,83,71,8,7,33,29,7,5,1,0,1,7,3,3,0,0,0,1,0,5,1,3.4,0.26,3,-0.5,0.1,3.88,0,0,0.0,0.2,0,0,0,0,0,0,0,0.0,0,0,0,0,0,0,0,0,0,0,0,0,0,0,0,0,0,0,0,0,0,0.00,0,0,0,0,0,0.0,0.0,0.0,0.00,7,7,19,2,17,0,0,0,2.80,0.6,1.084,0,0,61.0,0,0,15,15,2,1,1,1,0,0,2,0,0.0,0.4
RF,Chick Stahl,Chick,Stahl,Texas Briskets,5' 10',160 lbs,L,L,93,Boston Beaneaters,ATL,1899,2026,,86583,Diamond,Young & Old 2 - Snapshot  RF Chick Stahl  BSN  1899,0,N,0,116,105,86,112,149,138,82,92,90,144,110,116,85,122,150,33,4,Line Drive,Pull,Pull,1,17,1,12,2,18,1,15,1,17,1,11,17,-,-,19,-,-,-,-,-,-,-,-,2,NEU,89-91,3/4,Normal,24,5,-,-,-,10,2,9,2,100,114,94,-,-,-,-,-,-,129,111,126,10,-,-,-,-,-,129,111,126,80,82,83,71,4,3,14,14,6,4,2,0,0,1,1,0,0,0,0,0,0,1,1,2.9,-0.07,3,1.3,0.2,4.07,0,0,0.0,0.1,0,0,0,0,0,0,0,0.0,0,0,0,0,0,0,0,0,0,0,0,0,0,0,0,0,0,0,0,0,0,0.00,0,0,0,0,0,0.0,0.0,0.0,0.00,3,3,7,0,7,0,0,0,2.17,-0.2,1.020,0,0,29.0,0,0,6,6,2,1,0,0,1,0,0,0,0.0,0.0
RF,Darryl Strawberry,Darryl,Strawberry,Kansas City Torrent - JW,6' 6',200 lbs,L,L,97,New York Mets,NYM,1987,1980-1992,,86273,Diamond,All-Star Week - Historical All-Star  RF Darryl Strawberry  NYM  1987,27 703,N,0,94,112,149,142,69,54,90,152,87,52,108,121,148,163,74,5,1,Flyball,Normal,Normal,1,1,1,5,1,1,1,5,1,1,1,5,16,-,-,-,-,-,-,-,-,-,-,-,1,NEU,90-92,3/4,Normal,1,22,-,-,-,9,1,10,5,69,59,61,-,-,-,-,-,-,-,-,70,9,-,-,-,-,-,-,-,70,85,90,96,103,11,10,38,36,5,4,1,0,0,1,3,2,0,0,0,0,0,11,0,1.3,-0.32,0,-4.8,-0.4,4.21,1,0,0.2,0.2,0,0,0,0,0,0,0,0.0,0,0,0,0,0,0,0,0,0,0,0,0,0,0,0,0,0,0,0,0,0,0.00,0,0,0,0,0,0.0,0.0,0.0,0.00,10,10,21,0,21,0,0,0,2.17,0.4,1.020,0,0,87.0,0,0,16,16,2,2,5,2,2,1,3,0,0.0,-0.9
RF,Darryl Strawberry,Darryl,Strawberry,Shibuya Shredders - GH,6' 6',200 lbs,L,L,97,New York Mets,NYM,1987,1980-1992,,86273,Diamond,All-Star Week - Historical All-Star  RF Darryl Strawberry  NYM  1987,0,Y,5,102,121,160,153,75,59,98,164,94,57,117,131,159,175,81,5,1,Flyball,Normal,Normal,1,1,1,7,1,1,1,7,1,1,1,7,16,-,-,-,-,-,-,-,-,-,-,-,1,NEU,90-92,3/4,Normal,1,22,-,-,-,9,1,10,5,69,59,61,-,-,-,-,-,-,-,-,76,10,-,-,-,-,-,-,-,76,85,90,96,103,12,10,39,35,11,6,3,0,2,6,6,3,0,0,0,1,0,6,0,7.1,0.10,7,2.4,0.3,4.03,0,1,-0.5,0.6,0,0,0,0,0,0,0,0.0,0,0,0,0,0,0,0,0,0,0,0,0,0,0,0,0,0,0,0,0,0,0.00,0,0,0,0,0,0.0,0.0,0.0,0.00,10,10,18,0,18,0,0,0,1.95,0.4,1.020,0,0,83.0,0,0,16,16,1,1,0,0,1,1,9,0,0.0,-0.2
RF,Darryl Strawberry,Darryl,Strawberry,Orlando Heatstrokes,6' 6',200 lbs,L,L,97,New York Mets,NYM,1987,1980-1992,,86273,Diamond,All-Star Week - Historical All-Star  RF Darryl Strawberry  NYM  1987,0,N,0,94,112,149,142,69,54,90,152,87,52,108,121,148,163,74,5,1,Flyball,Normal,Normal,1,1,1,5,1,1,1,5,1,1,1,5,16,-,-,-,-,-,-,-,-,-,-,-,1,NEU,90-92,3/4,Normal,1,22,-,-,-,9,1,10,5,69,59,61,-,-,-,-,-,-,-,-,70,9,-,-,-,-,-,-,-,70,85,90,96,103,5,5,21,19,5,2,1,0,2,3,3,2,0,0,0,0,0,5,0,4.3,-0.03,4,1.5,0.1,4.05,1,0,0.2,-0.0,0,0,0,0,0,0,0,0.0,0,0,0,0,0,0,0,0,0,0,0,0,0,0,0,0,0,0,0,0,0,0.00,0,0,0,0,0,0.0,0.0,0.0,0.00,5,5,9,0,9,0,0,0,1.76,-1.2,.918,0,0,46.0,0,0,8,8,4,1,1,0,0,0,4,0,0.0,-0.0
RF,Darryl Strawberry,Darryl,Strawberry,Grand Rapids Warriors,6' 6',200 lbs,L,L,97,New York Mets,NYM,1987,1980-1992,,86273,Diamond,All-Star Week - Historical All-Star  RF Darryl Strawberry  NYM  1987,0,N,0,94,112,149,142,69,54,90,152,87,52,108,121,148,163,74,5,1,Flyball,Normal,Normal,1,1,1,5,1,1,1,5,1,1,1,5,16,-,-,-,-,-,-,-,-,-,-,-,1,NEU,90-92,3/4,Normal,1,22,-,-,-,9,1,10,5,69,59,61,-,-,-,-,-,-,-,-,70,9,-,-,-,-,-,-,-,70,85,90,96,103,3,3,13,12,3,2,1,0,0,0,2,1,0,0,0,0,0,5,0,1.3,-0.01,1,-0.3,-0.0,4.62,0,0,0.0,0.5,0,0,0,0,0,0,0,0.0,0,0,0,0,0,0,0,0,0,0,0,0,0,0,0,0,0,0,0,0,0,0.00,0,0,0,0,0,0.0,0.0,0.0,0.00,3,3,1,0,1,0,0,0,0.33,-0.7,1.020,0,0,27.0,0,0,1,1,2,0,0,0,2,0,0,0,0.0,-0.1
RF,Danny Tartabull,Danny,Tartabull,Kansas City Torrent - JW,6' 1',205 lbs,R,R,87,Kansas City Royals,KCR,1991,1980-1992,,85776,Gold,Family Connections - Historical All-Star  RF Danny Tartabull  KC  1991,44 105,Y,5,154,137,152,114,48,133,113,143,159,55,161,145,155,102,46,4,13,Flyball,Normal,Normal,1,1,1,6,1,1,1,6,1,1,1,6,16,-,-,-,-,-,-,-,-,-,-,-,1,NEU,91-93,3/4,Normal,1,24,-,-,-,5,2,4,8,41,44,36,-,-,-,-,-,-,-,-,31,1,-,-,-,-,-,-,-,31,41,37,51,45,5,3,12,12,1,1,0,0,0,0,1,0,0,0,0,0,0,5,1,0.0,-0.27,0,-2.4,-0.2,3.67,0,0,0.0,0.0,0,0,0,0,0,0,0,0.0,0,0,0,0,0,0,0,0,0,0,0,0,0,0,0,0,0,0,0,0,0,0.00,0,0,0,0,0,0.0,0.0,0.0,0.00,1,0,1,0,1,0,0,0,9.00,0.0,1.020,0,0,1.0,0,0,1,1,0,0,0,0,0,0,0,0,0.0,0.0
RF,Danny Tartabull,Danny,Tartabull,Cibao Aguilas,6' 1',205 lbs,R,R,87,Kansas City Royals,KCR,1991,1980-1992,,85776,Gold,Family Connections - Historical All-Star  RF Danny Tartabull  KC  1991,0,Y,5,154,137,152,114,48,133,113,143,159,55,161,145,155,102,46,4,13,Flyball,Normal,Normal,1,1,1,6,1,1,1,6,1,1,1,6,16,-,-,-,-,-,-,-,-,-,-,-,1,NEU,91-93,3/4,Normal,1,24,-,-,-,5,2,4,8,41,44,36,-,-,-,-,-,-,-,-,31,1,-,-,-,-,-,-,-,31,41,37,51,45,7,7,28,27,6,3,1,0,2,3,5,1,0,0,0,0,0,11,0,3.3,0.36,3,-0.2,0.0,4.29,0,0,0.0,0.4,0,0,0,0,0,0,0,0.0,0,0,0,0,0,0,0,0,0,0,0,0,0,0,0,0,0,0,0,0,0,0.00,0,0,0,0,0,0.0,0.0,0.0,0.00,0,0,0,0,0,0,0,0,0.00,0.0,.000,0,0,0.0,0,0,0,0,0,0,0,0,0,0,0,0,0.0,0.0
RF,Danny Tartabull,Danny,Tartabull,Shibuya Shredders - GH,6' 1',205 lbs,R,R,87,Kansas City Royals,KCR,1991,1980-1992,,85776,Gold,Family Connections - Historical All-Star  RF Danny Tartabull  KC  1991,0,Y,5,154,137,152,114,48,133,113,143,159,55,161,145,155,102,46,4,13,Flyball,Normal,Normal,1,1,1,6,1,1,1,6,1,1,1,6,16,-,-,-,-,-,-,-,-,-,-,-,1,NEU,91-93,3/4,Normal,1,24,-,-,-,5,2,4,8,41,44,36,-,-,-,-,-,-,-,-,31,1,-,-,-,-,-,-,-,31,41,37,51,45,14,12,50,45,12,4,6,0,2,6,4,5,0,0,0,0,0,14,1,7.6,-0.22,8,2.3,-0.0,3.80,0,1,-0.5,-1.4,0,0,0,0,0,0,0,0.0,0,0,0,0,0,0,0,0,0,0,0,0,0,0,0,0,0,0,0,0,0,0.00,0,0,0,0,0,0.0,0.0,0.0,0.00,2,0,0,0,0,0,0,0,0.00,-1.0,.000,0,0,4.0,0,0,0,0,1,0,1,0,2,0,1,0,0.0,0.1
RF,Fernando Tatis Jr.,Fernando,Tatis Jr.,Dry Creek Craw Daddies,6' 3',185 lbs,R,R,95,San Diego Padres,SDP,2021,2015+,,85811,Diamond,Family Connections - Hardware Heroes  SS Fernando Tatis Jr.  SD  2021,0,Y,5,117,104,152,116,74,123,107,147,127,77,115,104,153,113,73,4,4,Normal,Ex. Pull,Pull,1,1,1,1,1,1,1,1,1,1,1,1,16,-,-,-,-,-,-,-,-,-,-,-,1,NEU,90-92,3/4,Normal,1,19,-,-,-,91,48,116,82,89,99,90,-,-,-,-,-,92,-,100,119,141,-,-,-,-,92,-,100,119,111,64,104,103,4,4,21,19,2,2,0,0,0,1,1,1,0,1,0,0,0,6,0,0.5,-0.69,0,-2.8,-0.3,4.14,0,0,0.0,0.0,0,0,0,0,0,0,0,0.0,0,0,0,0,0,0,0,0,0,0,0,0,0,0,0,0,0,0,0,0,0,0.00,0,0,0,0,0,0.0,0.0,0.0,0.00,5,4,13,1,12,0,0,0,2.60,-0.6,.941,0,0,45.0,0,0,11,10,0,0,3,1,3,1,1,0,0.0,0.1
RF,Fernando Tatis Jr.,Fernando,Tatis Jr.,Numenor Faithful,6' 3',185 lbs,R,R,95,San Diego Padres,SDP,2021,2015+,,85811,Diamond,Family Connections - Hardware Heroes  SS Fernando Tatis Jr.  SD  2021,0,N,0,108,96,141,107,68,114,99,136,118,71,106,96,142,104,67,4,4,Normal,Ex. Pull,Pull,1,1,1,1,1,1,1,1,1,1,1,1,16,-,-,-,-,-,-,-,-,-,-,-,1,NEU,90-92,3/4,Normal,1,19,-,-,-,91,48,116,82,89,99,90,-,-,-,-,-,86,-,93,111,132,-,-,-,-,86,-,93,111,111,64,104,103,4,4,15,12,0,0,0,0,0,1,1,3,0,0,0,0,0,3,0,0.2,-0.29,0,-2.2,-0.2,3.60,0,0,0.0,0.0,0,0,0,0,0,0,0,0.0,0,0,0,0,0,0,0,0,0,0,0,0,0,0,0,0,0,0,0,0,0,0.00,0,0,0,0,0,0.0,0.0,0.0,0.00,4,4,6,0,6,0,0,0,1.59,-0.5,.874,0,0,34.0,0,0,4,4,2,1,2,1,0,0,2,0,0.0,-0.2
RF,Fernando Tatis Jr.,Fernando,Tatis Jr.,Lowlyworm's Apple Car,6' 3',185 lbs,R,R,95,San Diego Padres,SDP,2021,2015+,,85811,Diamond,Family Connections - Hardware Heroes  SS Fernando Tatis Jr.  SD  2021,0,Y,5,117,104,152,116,74,123,107,147,127,77,115,104,153,113,73,4,4,Normal,Ex. Pull,Pull,1,1,1,1,1,1,1,1,1,1,1,1,16,-,-,-,-,-,-,-,-,-,-,-,1,NEU,90-92,3/4,Normal,1,19,-,-,-,91,48,116,82,89,99,90,-,-,-,-,-,92,-,100,119,141,-,-,-,-,92,-,100,119,111,64,104,103,8,8,32,30,5,2,1,0,2,4,6,2,0,0,0,0,0,6,0,2.9,-0.07,2,-1.4,-0.0,4.31,1,0,0.2,0.4,0,0,0,0,0,0,0,0.0,0,0,0,0,0,0,0,0,0,0,0,0,0,0,0,0,0,0,0,0,0,0.00,0,0,0,0,0,0.0,0.0,0.0,0.00,10,8,18,0,17,1,0,0,2.25,0.2,.960,0,0,68.0,0,0,13,12,3,3,3,2,0,0,1,0,0.0,-0.3
RF,Fernando Tatis Jr.,Fernando,Tatis Jr.,Oysters Incognito,6' 3',185 lbs,R,R,95,San Diego Padres,SDP,2021,2015+,,85811,Diamond,Family Connections - Hardware Heroes  SS Fernando Tatis Jr.  SD  2021,0,Y,5,117,104,152,116,74,123,107,147,127,77,115,104,153,113,73,4,4,Normal,Ex. Pull,Pull,1,1,1,1,1,1,1,1,1,1,1,1,16,-,-,-,-,-,-,-,-,-,-,-,1,NEU,90-92,3/4,Normal,1,19,-,-,-,91,48,116,82,89,99,90,-,-,-,-,-,92,-,100,119,141,-,-,-,-,92,-,100,119,111,64,104,103,4,4,18,17,8,8,0,0,0,1,3,1,0,0,0,0,0,6,0,4.1,-0.11,3,1.7,0.3,4.44,0,0,0.0,0.3,0,0,0,0,0,0,0,0.0,0,0,0,0,0,0,0,0,0,0,0,0,0,0,0,0,0,0,0,0,0,0.00,0,0,0,0,0,0.0,0.0,0.0,0.00,4,4,7,0,7,0,0,0,1.83,0.3,1.020,0,0,34.1,0,0,5,5,1,0,0,0,3,2,0,0,0.0,-0.2
RF,Fernando Tatis Jr.,Fernando,Tatis Jr.,Montrose Cobblers,6' 3',185 lbs,R,R,95,San Diego Padres,SDP,2021,2015+,,85811,Diamond,Family Connections - Hardware Heroes  SS Fernando Tatis Jr.  SD  2021,0,N,0,108,96,141,107,68,114,99,136,118,71,106,96,142,104,67,4,4,Normal,Ex. Pull,Pull,1,1,1,1,1,1,1,1,1,1,1,1,16,-,-,-,-,-,-,-,-,-,-,-,1,NEU,90-92,3/4,Normal,1,19,-,-,-,91,48,116,82,89,99,90,-,-,-,-,-,86,-,93,111,132,-,-,-,-,86,-,93,111,111,64,104,103,9,9,40,34,8,6,2,0,0,1,7,5,0,0,0,1,0,14,0,3.5,-0.15,3,-1.1,-0.0,4.45,0,1,-0.5,0.4,0,0,0,0,0,0,0,0.0,0,0,0,0,0,0,0,0,0,0,0,0,0,0,0,0,0,0,0,0,0,0.00,0,0,0,0,0,0.0,0.0,0.0,0.00,2,2,9,0,9,0,0,0,4.76,0.8,1.017,0,0,17.0,0,0,6,6,1,1,0,0,1,1,1,1,0.0,-0.2
RF,Andres Torres,Andres,Torres,Junk Wax Heroes,5' 10',195 lbs,S,R,92,San Francisco Giants,SFG,2010,2005-2014,,85530,Diamond,Memorial Day OnStream Builds - Unsung Heroes  CF Andres Torres  SF  2010,0,Y,5,117,151,86,110,85,71,117,74,113,91,138,162,90,109,83,56,8,Line Drive,Normal,Normal,1,1,1,9,1,1,1,9,1,1,1,9,16,-,-,-,-,-,-,-,-,-,-,-,1,GB,90-92,OTT,GB'er,1,2,-,-,-,10,3,9,6,112,123,70,-,-,-,-,-,-,148,132,137,14,-,-,-,-,-,148,132,137,96,83,87,112,6,6,29,24,4,3,0,0,1,2,5,4,0,0,0,1,0,5,0,2.4,-0.10,2,-1.4,-0.1,3.55,0,0,0.0,0.1,0,0,0,0,0,0,0,0.0,0,0,0,0,0,0,0,0,0,0,0,0,0,0,0,0,0,0,0,0,0,0.00,0,0,0,0,0,0.0,0.0,0.0,0.00,6,6,11,1,10,0,0,0,1.77,-0.4,1.020,0,0,56.0,0,0,8,8,4,2,0,0,1,0,3,0,0.0,0.4
RF,Honus Wagner,Honus,Wagner,Sixes Tornadoes,5' 11',200 lbs,R,R,99,Pittsburgh Pirates,PIT,1903,2026,UTIL,85540,Diamond,Memorial Day OnStream Builds - Super Utility  SS Honus Wagner  PIT  1903,0,N,0,120,118,89,79,165,102,120,100,72,178,127,117,86,81,161,78,57,Groundball,Normal,Normal,1,1,1,4,1,1,1,4,1,1,1,4,-,-,-,16,-,17,-,-,-,-,-,-,2,NEU,89-91,3/4,Normal,1,11,-,-,-,109,86,96,105,81,120,85,-,-,89,-,114,113,-,-,104,156,-,89,-,114,113,-,-,104,93,88,94,96,3,3,12,11,5,3,1,1,0,0,3,1,0,0,0,0,0,0,0,4.1,-0.06,3,2.0,0.2,3.58,0,0,0.0,-0.0,0,0,0,0,0,0,0,0.0,0,0,0,0,0,0,0,0,0,0,0,0,0,0,0,0,0,0,0,0,0,0.00,0,0,0,0,0,0.0,0.0,0.0,0.00,3,3,6,1,5,0,0,0,2.00,0.2,1.020,0,0,27.0,0,0,4,4,1,1,0,0,0,0,0,0,0.0,0.1
RF,Dixie Walker,Dixie,Walker,seebal Saeki,6' 1',175 lbs,L,R,89,Brooklyn Dodgers,LAD,1947,1946-1960,,83993,Gold,Historical All-Star  RF Dixie Walker  BRO  1947,0,N,0,76,76,69,112,126,67,93,60,91,108,80,70,73,121,132,53,1,Normal,Spray,Spray,1,1,1,1,1,1,1,1,1,1,2,1,16,-,-,-,-,-,-,-,-,-,-,-,1,NEU,90-92,OTT,Normal,1,2,-,-,-,7,1,5,8,54,44,54,-,-,-,-,-,-,56,29,49,6,-,-,-,-,-,56,29,49,34,21,67,36,2,,2,2,1,1,0,0,0,0,1,0,0,0,0,0,0,1,0,0.5,0.06,0,0.2,0.0,4.00,0,0,0.0,0.0,0,0,0,0,0,0,0,0.0,0,0,0,0,0,0,0,0,0,0,0,0,0,0,0,0,0,0,0,0,0,0.00,0,0,0,0,0,0.0,0.0,0.0,0.00,0,0,0,0,0,0,0,0,0.00,0.0,.000,0,0,0.0,0,0,0,0,0,0,0,0,0,0,0,0,0.0,0.0
RF,Dixie Walker,Dixie,Walker,Dubuque Packers,6' 1',175 lbs,L,R,89,Brooklyn Dodgers,LAD,1947,1946-1960,,83993,Gold,Historical All-Star  RF Dixie Walker  BRO  1947,0,N,0,76,76,69,112,126,67,93,60,91,108,80,70,73,121,132,53,1,Normal,Spray,Spray,1,1,1,1,1,1,1,1,1,1,2,1,16,-,-,-,-,-,-,-,-,-,-,-,1,NEU,90-92,OTT,Normal,1,2,-,-,-,7,1,5,8,54,44,54,-,-,-,-,-,-,56,29,49,6,-,-,-,-,-,56,29,49,34,21,67,36,1,,1,1,0,0,0,0,0,0,0,0,0,0,0,0,0,1,0,0.0,-0.05,0,-0.3,-0.0,6.00,0,0,0.0,0.0,0,0,0,0,0,0,0,0.0,0,0,0,0,0,0,0,0,0,0,0,0,0,0,0,0,0,0,0,0,0,0.00,0,0,0,0,0,0.0,0.0,0.0,0.00,1,0,0,0,0,0,0,0,0.00,0.0,.000,0,0,2.0,0,0,0,0,0,0,0,0,0,0,0,0,0.0,0.0
DH,Manny Ramirez,Manny,Ramirez,Summerglen Seraphs TBD,6' 0',215 lbs,R,R,99,Cleveland Guardians,CLE,1999,1993-2004,CS,86743,Diamond,Clubhouse - Baseball Reference 8  RF Manny Ramirez  CLE  1999,0,N,0,133,88,157,186,75,160,94,144,200,84,124,87,161,182,72,4,7,Normal,Normal,Normal,1,1,1,1,1,1,1,1,1,1,1,1,16,-,-,-,-,-,-,-,-,-,-,-,1,NEU,90-92,OTT,Normal,1,19,-,-,-,1,1,8,6,69,44,69,-,-,-,-,-,-,-,-,71,-,-,-,-,-,-,-,-,71,38,16,49,42,5,5,21,18,6,4,2,0,0,2,1,3,0,0,0,0,0,5,0,3.8,-0.03,3,1.2,0.2,4.43,0,0,0.0,0.2,0,0,0,0,0,0,0,0.0,0,0,0,0,0,0,0,0,0,0,0,0,0,0,0,0,0,0,0,0,0,0.00,0,0,0,0,0,0.0,0.0,0.0,0.00,0,0,0,0,0,0,0,0,0.00,0.0,.000,0,0,0.0,0,0,0,0,0,0,0,0,0,0,0,0,0.0,0.0
